value,tab,tab_label,cat01,cat01_label,cat02,cat02_label,area,area_label,time,time_label,unit
1639400,0020,農家数,100,実農家数,100,合計,00000,全国,2005000000,2005年,戸
40769,0020,農家数,100,実農家数,100,合計,00042,北海道,2005000000,2005年,戸
1598631,0020,農家数,100,実農家数,100,合計,50002,都府県,2005000000,2005年,戸
327350,0020,農家数,100,実農家数,100,合計,00043,東北,2005000000,2005年,戸
153846,0020,農家数,100,実農家数,100,合計,00049,北陸,2005000000,2005年,戸
342634,0020,農家数,100,実農家数,100,合計,53030,関東・東山,2005000000,2005年,戸
156879,0020,農家数,100,実農家数,100,合計,00046,北関東,2005000000,2005年,戸
119126,0020,農家数,100,実農家数,100,合計,00047,南関東,2005000000,2005年,戸
66629,0020,農家数,100,実農家数,100,合計,53033,東山,2005000000,2005年,戸
144828,0020,農家数,100,実農家数,100,合計,00050,東海,2005000000,2005年,戸
135762,0020,農家数,100,実農家数,100,合計,00051,近畿,2005000000,2005年,戸
153903,0020,農家数,100,実農家数,100,合計,00053,中国,2005000000,2005年,戸
48353,0020,農家数,100,実農家数,100,合計,56061,山陰,2005000000,2005年,戸
105550,0020,農家数,100,実農家数,100,合計,56062,山陽,2005000000,2005年,戸
86647,0020,農家数,100,実農家数,100,合計,00054,四国,2005000000,2005年,戸
238636,0020,農家数,100,実農家数,100,合計,00056,九州,2005000000,2005年,戸
170027,0020,農家数,100,実農家数,100,合計,58081,北九州,2005000000,2005年,戸
68609,0020,農家数,100,実農家数,100,合計,58082,南九州,2005000000,2005年,戸
15025,0020,農家数,100,実農家数,100,合計,00057,沖縄,2005000000,2005年,戸
40580,0020,農家数,100,実農家数,100,合計,02000,青森県,2005000000,2005年,戸
57047,0020,農家数,100,実農家数,100,合計,03000,岩手県,2005000000,2005年,戸
56781,0020,農家数,100,実農家数,100,合計,04000,宮城県,2005000000,2005年,戸
57562,0020,農家数,100,実農家数,100,合計,05000,秋田県,2005000000,2005年,戸
44061,0020,農家数,100,実農家数,100,合計,06000,山形県,2005000000,2005年,戸
71319,0020,農家数,100,実農家数,100,合計,07000,福島県,2005000000,2005年,戸
74692,0020,農家数,100,実農家数,100,合計,08000,茨城県,2005000000,2005年,戸
50568,0020,農家数,100,実農家数,100,合計,09000,栃木県,2005000000,2005年,戸
31619,0020,農家数,100,実農家数,100,合計,10000,群馬県,2005000000,2005年,戸
42181,0020,農家数,100,実農家数,100,合計,11000,埼玉県,2005000000,2005年,戸
58301,0020,農家数,100,実農家数,100,合計,12000,千葉県,2005000000,2005年,戸
6262,0020,農家数,100,実農家数,100,合計,13000,東京都,2005000000,2005年,戸
12382,0020,農家数,100,実農家数,100,合計,14000,神奈川県,2005000000,2005年,戸
77858,0020,農家数,100,実農家数,100,合計,15000,新潟県,2005000000,2005年,戸
30679,0020,農家数,100,実農家数,100,合計,16000,富山県,2005000000,2005年,戸
21180,0020,農家数,100,実農家数,100,合計,17000,石川県,2005000000,2005年,戸
24129,0020,農家数,100,実農家数,100,合計,18000,福井県,2005000000,2005年,戸
9027,0020,農家数,100,実農家数,100,合計,19000,山梨県,2005000000,2005年,戸
57602,0020,農家数,100,実農家数,100,合計,20000,長野県,2005000000,2005年,戸
32671,0020,農家数,100,実農家数,100,合計,21000,岐阜県,2005000000,2005年,戸
38242,0020,農家数,100,実農家数,100,合計,22000,静岡県,2005000000,2005年,戸
40603,0020,農家数,100,実農家数,100,合計,23000,愛知県,2005000000,2005年,戸
33312,0020,農家数,100,実農家数,100,合計,24000,三重県,2005000000,2005年,戸
29262,0020,農家数,100,実農家数,100,合計,25000,滋賀県,2005000000,2005年,戸
20538,0020,農家数,100,実農家数,100,合計,26000,京都府,2005000000,2005年,戸
8407,0020,農家数,100,実農家数,100,合計,27000,大阪府,2005000000,2005年,戸
51195,0020,農家数,100,実農家数,100,合計,28000,兵庫県,2005000000,2005年,戸
13261,0020,農家数,100,実農家数,100,合計,29000,奈良県,2005000000,2005年,戸
13099,0020,農家数,100,実農家数,100,合計,30000,和歌山県,2005000000,2005年,戸
22154,0020,農家数,100,実農家数,100,合計,31000,鳥取県,2005000000,2005年,戸
26199,0020,農家数,100,実農家数,100,合計,32000,島根県,2005000000,2005年,戸
44956,0020,農家数,100,実農家数,100,合計,33000,岡山県,2005000000,2005年,戸
33401,0020,農家数,100,実農家数,100,合計,34000,広島県,2005000000,2005年,戸
27193,0020,農家数,100,実農家数,100,合計,35000,山口県,2005000000,2005年,戸
19836,0020,農家数,100,実農家数,100,合計,36000,徳島県,2005000000,2005年,戸
27583,0020,農家数,100,実農家数,100,合計,37000,香川県,2005000000,2005年,戸
21996,0020,農家数,100,実農家数,100,合計,38000,愛媛県,2005000000,2005年,戸
17232,0020,農家数,100,実農家数,100,合計,39000,高知県,2005000000,2005年,戸
46215,0020,農家数,100,実農家数,100,合計,40000,福岡県,2005000000,2005年,戸
29006,0020,農家数,100,実農家数,100,合計,41000,佐賀県,2005000000,2005年,戸
22418,0020,農家数,100,実農家数,100,合計,42000,長崎県,2005000000,2005年,戸
43710,0020,農家数,100,実農家数,100,合計,43000,熊本県,2005000000,2005年,戸
28678,0020,農家数,100,実農家数,100,合計,44000,大分県,2005000000,2005年,戸
26758,0020,農家数,100,実農家数,100,合計,45000,宮崎県,2005000000,2005年,戸
41851,0020,農家数,100,実農家数,100,合計,46000,鹿児島県,2005000000,2005年,戸
380876,0020,農家数,100,実農家数,100,合計,60100,関東農政局,2005000000,2005年,戸
106586,0020,農家数,100,実農家数,100,合計,60110,東海農政局,2005000000,2005年,戸
240550,0020,農家数,100,実農家数,100,合計,60120,中国四国農政局,2005000000,2005年,戸
1614186,0020,農家数,100,実農家数,110,露地,00000,全国,2005000000,2005年,戸
39821,0020,農家数,100,実農家数,110,露地,00042,北海道,2005000000,2005年,戸
1574365,0020,農家数,100,実農家数,110,露地,50002,都府県,2005000000,2005年,戸
325979,0020,農家数,100,実農家数,110,露地,00043,東北,2005000000,2005年,戸
153678,0020,農家数,100,実農家数,110,露地,00049,北陸,2005000000,2005年,戸
337423,0020,農家数,100,実農家数,110,露地,53030,関東・東山,2005000000,2005年,戸
154397,0020,農家数,100,実農家数,110,露地,00046,北関東,2005000000,2005年,戸
117297,0020,農家数,100,実農家数,110,露地,00047,南関東,2005000000,2005年,戸
65729,0020,農家数,100,実農家数,110,露地,53033,東山,2005000000,2005年,戸
139147,0020,農家数,100,実農家数,110,露地,00050,東海,2005000000,2005年,戸
134075,0020,農家数,100,実農家数,110,露地,00051,近畿,2005000000,2005年,戸
152936,0020,農家数,100,実農家数,110,露地,00053,中国,2005000000,2005年,戸
48120,0020,農家数,100,実農家数,110,露地,56061,山陰,2005000000,2005年,戸
104816,0020,農家数,100,実農家数,110,露地,56062,山陽,2005000000,2005年,戸
83675,0020,農家数,100,実農家数,110,露地,00054,四国,2005000000,2005年,戸
233012,0020,農家数,100,実農家数,110,露地,00056,九州,2005000000,2005年,戸
166216,0020,農家数,100,実農家数,110,露地,58081,北九州,2005000000,2005年,戸
66796,0020,農家数,100,実農家数,110,露地,58082,南九州,2005000000,2005年,戸
14440,0020,農家数,100,実農家数,110,露地,00057,沖縄,2005000000,2005年,戸
40370,0020,農家数,100,実農家数,110,露地,02000,青森県,2005000000,2005年,戸
56507,0020,農家数,100,実農家数,110,露地,03000,岩手県,2005000000,2005年,戸
56602,0020,農家数,100,実農家数,110,露地,04000,宮城県,2005000000,2005年,戸
57514,0020,農家数,100,実農家数,110,露地,05000,秋田県,2005000000,2005年,戸
43940,0020,農家数,100,実農家数,110,露地,06000,山形県,2005000000,2005年,戸
71046,0020,農家数,100,実農家数,110,露地,07000,福島県,2005000000,2005年,戸
73480,0020,農家数,100,実農家数,110,露地,08000,茨城県,2005000000,2005年,戸
50223,0020,農家数,100,実農家数,110,露地,09000,栃木県,2005000000,2005年,戸
30694,0020,農家数,100,実農家数,110,露地,10000,群馬県,2005000000,2005年,戸
41657,0020,農家数,100,実農家数,110,露地,11000,埼玉県,2005000000,2005年,戸
57399,0020,農家数,100,実農家数,110,露地,12000,千葉県,2005000000,2005年,戸
6116,0020,農家数,100,実農家数,110,露地,13000,東京都,2005000000,2005年,戸
12125,0020,農家数,100,実農家数,110,露地,14000,神奈川県,2005000000,2005年,戸
77776,0020,農家数,100,実農家数,110,露地,15000,新潟県,2005000000,2005年,戸
30666,0020,農家数,100,実農家数,110,露地,16000,富山県,2005000000,2005年,戸
21133,0020,農家数,100,実農家数,110,露地,17000,石川県,2005000000,2005年,戸
24103,0020,農家数,100,実農家数,110,露地,18000,福井県,2005000000,2005年,戸
8793,0020,農家数,100,実農家数,110,露地,19000,山梨県,2005000000,2005年,戸
56936,0020,農家数,100,実農家数,110,露地,20000,長野県,2005000000,2005年,戸
32213,0020,農家数,100,実農家数,110,露地,21000,岐阜県,2005000000,2005年,戸
35696,0020,農家数,100,実農家数,110,露地,22000,静岡県,2005000000,2005年,戸
38073,0020,農家数,100,実農家数,110,露地,23000,愛知県,2005000000,2005年,戸
33165,0020,農家数,100,実農家数,110,露地,24000,三重県,2005000000,2005年,戸
29177,0020,農家数,100,実農家数,110,露地,25000,滋賀県,2005000000,2005年,戸
20433,0020,農家数,100,実農家数,110,露地,26000,京都府,2005000000,2005年,戸
8208,0020,農家数,100,実農家数,110,露地,27000,大阪府,2005000000,2005年,戸
50940,0020,農家数,100,実農家数,110,露地,28000,兵庫県,2005000000,2005年,戸
13122,0020,農家数,100,実農家数,110,露地,29000,奈良県,2005000000,2005年,戸
12195,0020,農家数,100,実農家数,110,露地,30000,和歌山県,2005000000,2005年,戸
22057,0020,農家数,100,実農家数,110,露地,31000,鳥取県,2005000000,2005年,戸
26063,0020,農家数,100,実農家数,110,露地,32000,島根県,2005000000,2005年,戸
44767,0020,農家数,100,実農家数,110,露地,33000,岡山県,2005000000,2005年,戸
33057,0020,農家数,100,実農家数,110,露地,34000,広島県,2005000000,2005年,戸
26992,0020,農家数,100,実農家数,110,露地,35000,山口県,2005000000,2005年,戸
19428,0020,農家数,100,実農家数,110,露地,36000,徳島県,2005000000,2005年,戸
27300,0020,農家数,100,実農家数,110,露地,37000,香川県,2005000000,2005年,戸
21645,0020,農家数,100,実農家数,110,露地,38000,愛媛県,2005000000,2005年,戸
15302,0020,農家数,100,実農家数,110,露地,39000,高知県,2005000000,2005年,戸
45054,0020,農家数,100,実農家数,110,露地,40000,福岡県,2005000000,2005年,戸
28664,0020,農家数,100,実農家数,110,露地,41000,佐賀県,2005000000,2005年,戸
21768,0020,農家数,100,実農家数,110,露地,42000,長崎県,2005000000,2005年,戸
42580,0020,農家数,100,実農家数,110,露地,43000,熊本県,2005000000,2005年,戸
28150,0020,農家数,100,実農家数,110,露地,44000,大分県,2005000000,2005年,戸
25851,0020,農家数,100,実農家数,110,露地,45000,宮崎県,2005000000,2005年,戸
40945,0020,農家数,100,実農家数,110,露地,46000,鹿児島県,2005000000,2005年,戸
373119,0020,農家数,100,実農家数,110,露地,60100,関東農政局,2005000000,2005年,戸
103451,0020,農家数,100,実農家数,110,露地,60110,東海農政局,2005000000,2005年,戸
236611,0020,農家数,100,実農家数,110,露地,60120,中国四国農政局,2005000000,2005年,戸
182034,0020,農家数,100,実農家数,120,施設,00000,全国,2005000000,2005年,戸
10252,0020,農家数,100,実農家数,120,施設,00042,北海道,2005000000,2005年,戸
171782,0020,農家数,100,実農家数,120,施設,50002,都府県,2005000000,2005年,戸
26962,0020,農家数,100,実農家数,120,施設,00043,東北,2005000000,2005年,戸
5016,0020,農家数,100,実農家数,120,施設,00049,北陸,2005000000,2005年,戸
42932,0020,農家数,100,実農家数,120,施設,53030,関東・東山,2005000000,2005年,戸
19570,0020,農家数,100,実農家数,120,施設,00046,北関東,2005000000,2005年,戸
16900,0020,農家数,100,実農家数,120,施設,00047,南関東,2005000000,2005年,戸
6462,0020,農家数,100,実農家数,120,施設,53033,東山,2005000000,2005年,戸
20378,0020,農家数,100,実農家数,120,施設,00050,東海,2005000000,2005年,戸
11360,0020,農家数,100,実農家数,120,施設,00051,近畿,2005000000,2005年,戸
11489,0020,農家数,100,実農家数,120,施設,00053,中国,2005000000,2005年,戸
4026,0020,農家数,100,実農家数,120,施設,56061,山陰,2005000000,2005年,戸
7463,0020,農家数,100,実農家数,120,施設,56062,山陽,2005000000,2005年,戸
13289,0020,農家数,100,実農家数,120,施設,00054,四国,2005000000,2005年,戸
38355,0020,農家数,100,実農家数,120,施設,00056,九州,2005000000,2005年,戸
29329,0020,農家数,100,実農家数,120,施設,58081,北九州,2005000000,2005年,戸
9026,0020,農家数,100,実農家数,120,施設,58082,南九州,2005000000,2005年,戸
2001,0020,農家数,100,実農家数,120,施設,00057,沖縄,2005000000,2005年,戸
3097,0020,農家数,100,実農家数,120,施設,02000,青森県,2005000000,2005年,戸
6294,0020,農家数,100,実農家数,120,施設,03000,岩手県,2005000000,2005年,戸
4793,0020,農家数,100,実農家数,120,施設,04000,宮城県,2005000000,2005年,戸
3062,0020,農家数,100,実農家数,120,施設,05000,秋田県,2005000000,2005年,戸
4059,0020,農家数,100,実農家数,120,施設,06000,山形県,2005000000,2005年,戸
5657,0020,農家数,100,実農家数,120,施設,07000,福島県,2005000000,2005年,戸
7178,0020,農家数,100,実農家数,120,施設,08000,茨城県,2005000000,2005年,戸
6332,0020,農家数,100,実農家数,120,施設,09000,栃木県,2005000000,2005年,戸
6060,0020,農家数,100,実農家数,120,施設,10000,群馬県,2005000000,2005年,戸
5407,0020,農家数,100,実農家数,120,施設,11000,埼玉県,2005000000,2005年,戸
7814,0020,農家数,100,実農家数,120,施設,12000,千葉県,2005000000,2005年,戸
1634,0020,農家数,100,実農家数,120,施設,13000,東京都,2005000000,2005年,戸
2045,0020,農家数,100,実農家数,120,施設,14000,神奈川県,2005000000,2005年,戸
2934,0020,農家数,100,実農家数,120,施設,15000,新潟県,2005000000,2005年,戸
422,0020,農家数,100,実農家数,120,施設,16000,富山県,2005000000,2005年,戸
841,0020,農家数,100,実農家数,120,施設,17000,石川県,2005000000,2005年,戸
819,0020,農家数,100,実農家数,120,施設,18000,福井県,2005000000,2005年,戸
899,0020,農家数,100,実農家数,120,施設,19000,山梨県,2005000000,2005年,戸
5563,0020,農家数,100,実農家数,120,施設,20000,長野県,2005000000,2005年,戸
2258,0020,農家数,100,実農家数,120,施設,21000,岐阜県,2005000000,2005年,戸
7666,0020,農家数,100,実農家数,120,施設,22000,静岡県,2005000000,2005年,戸
8966,0020,農家数,100,実農家数,120,施設,23000,愛知県,2005000000,2005年,戸
1488,0020,農家数,100,実農家数,120,施設,24000,三重県,2005000000,2005年,戸
1151,0020,農家数,100,実農家数,120,施設,25000,滋賀県,2005000000,2005年,戸
1978,0020,農家数,100,実農家数,120,施設,26000,京都府,2005000000,2005年,戸
1231,0020,農家数,100,実農家数,120,施設,27000,大阪府,2005000000,2005年,戸
2573,0020,農家数,100,実農家数,120,施設,28000,兵庫県,2005000000,2005年,戸
1640,0020,農家数,100,実農家数,120,施設,29000,奈良県,2005000000,2005年,戸
2787,0020,農家数,100,実農家数,120,施設,30000,和歌山県,2005000000,2005年,戸
1844,0020,農家数,100,実農家数,120,施設,31000,鳥取県,2005000000,2005年,戸
2182,0020,農家数,100,実農家数,120,施設,32000,島根県,2005000000,2005年,戸
2286,0020,農家数,100,実農家数,120,施設,33000,岡山県,2005000000,2005年,戸
2822,0020,農家数,100,実農家数,120,施設,34000,広島県,2005000000,2005年,戸
2355,0020,農家数,100,実農家数,120,施設,35000,山口県,2005000000,2005年,戸
2433,0020,農家数,100,実農家数,120,施設,36000,徳島県,2005000000,2005年,戸
2334,0020,農家数,100,実農家数,120,施設,37000,香川県,2005000000,2005年,戸
2370,0020,農家数,100,実農家数,120,施設,38000,愛媛県,2005000000,2005年,戸
6152,0020,農家数,100,実農家数,120,施設,39000,高知県,2005000000,2005年,戸
7159,0020,農家数,100,実農家数,120,施設,40000,福岡県,2005000000,2005年,戸
4078,0020,農家数,100,実農家数,120,施設,41000,佐賀県,2005000000,2005年,戸
4319,0020,農家数,100,実農家数,120,施設,42000,長崎県,2005000000,2005年,戸
10874,0020,農家数,100,実農家数,120,施設,43000,熊本県,2005000000,2005年,戸
2899,0020,農家数,100,実農家数,120,施設,44000,大分県,2005000000,2005年,戸
5182,0020,農家数,100,実農家数,120,施設,45000,宮崎県,2005000000,2005年,戸
3844,0020,農家数,100,実農家数,120,施設,46000,鹿児島県,2005000000,2005年,戸
50598,0020,農家数,100,実農家数,120,施設,60100,関東農政局,2005000000,2005年,戸
12712,0020,農家数,100,実農家数,120,施設,60110,東海農政局,2005000000,2005年,戸
24778,0020,農家数,100,実農家数,120,施設,60120,中国四国農政局,2005000000,2005年,戸
1403395,0020,農家数,120,稲,100,合計,00000,全国,2005000000,2005年,戸
19643,0020,農家数,120,稲,100,合計,00042,北海道,2005000000,2005年,戸
1383752,0020,農家数,120,稲,100,合計,50002,都府県,2005000000,2005年,戸
311865,0020,農家数,120,稲,100,合計,00043,東北,2005000000,2005年,戸
151047,0020,農家数,120,稲,100,合計,00049,北陸,2005000000,2005年,戸
276263,0020,農家数,120,稲,100,合計,53030,関東・東山,2005000000,2005年,戸
137694,0020,農家数,120,稲,100,合計,00046,北関東,2005000000,2005年,戸
83897,0020,農家数,120,稲,100,合計,00047,南関東,2005000000,2005年,戸
54672,0020,農家数,120,稲,100,合計,53033,東山,2005000000,2005年,戸
109632,0020,農家数,120,稲,100,合計,00050,東海,2005000000,2005年,戸
124329,0020,農家数,120,稲,100,合計,00051,近畿,2005000000,2005年,戸
143472,0020,農家数,120,稲,100,合計,00053,中国,2005000000,2005年,戸
45040,0020,農家数,120,稲,100,合計,56061,山陰,2005000000,2005年,戸
98432,0020,農家数,120,稲,100,合計,56062,山陽,2005000000,2005年,戸
72747,0020,農家数,120,稲,100,合計,00054,四国,2005000000,2005年,戸
194027,0020,農家数,120,稲,100,合計,00056,九州,2005000000,2005年,戸
150508,0020,農家数,120,稲,100,合計,58081,北九州,2005000000,2005年,戸
43519,0020,農家数,120,稲,100,合計,58082,南九州,2005000000,2005年,戸
370,0020,農家数,120,稲,100,合計,00057,沖縄,2005000000,2005年,戸
36845,0020,農家数,120,稲,100,合計,02000,青森県,2005000000,2005年,戸
52689,0020,農家数,120,稲,100,合計,03000,岩手県,2005000000,2005年,戸
55511,0020,農家数,120,稲,100,合計,04000,宮城県,2005000000,2005年,戸
56657,0020,農家数,120,稲,100,合計,05000,秋田県,2005000000,2005年,戸
42363,0020,農家数,120,稲,100,合計,06000,山形県,2005000000,2005年,戸
67800,0020,農家数,120,稲,100,合計,07000,福島県,2005000000,2005年,戸
67129,0020,農家数,120,稲,100,合計,08000,茨城県,2005000000,2005年,戸
48797,0020,農家数,120,稲,100,合計,09000,栃木県,2005000000,2005年,戸
21768,0020,農家数,120,稲,100,合計,10000,群馬県,2005000000,2005年,戸
31387,0020,農家数,120,稲,100,合計,11000,埼玉県,2005000000,2005年,戸
47350,0020,農家数,120,稲,100,合計,12000,千葉県,2005000000,2005年,戸
484,0020,農家数,120,稲,100,合計,13000,東京都,2005000000,2005年,戸
4676,0020,農家数,120,稲,100,合計,14000,神奈川県,2005000000,2005年,戸
76660,0020,農家数,120,稲,100,合計,15000,新潟県,2005000000,2005年,戸
30308,0020,農家数,120,稲,100,合計,16000,富山県,2005000000,2005年,戸
20552,0020,農家数,120,稲,100,合計,17000,石川県,2005000000,2005年,戸
23527,0020,農家数,120,稲,100,合計,18000,福井県,2005000000,2005年,戸
6555,0020,農家数,120,稲,100,合計,19000,山梨県,2005000000,2005年,戸
48117,0020,農家数,120,稲,100,合計,20000,長野県,2005000000,2005年,戸
29645,0020,農家数,120,稲,100,合計,21000,岐阜県,2005000000,2005年,戸
17984,0020,農家数,120,稲,100,合計,22000,静岡県,2005000000,2005年,戸
31172,0020,農家数,120,稲,100,合計,23000,愛知県,2005000000,2005年,戸
30831,0020,農家数,120,稲,100,合計,24000,三重県,2005000000,2005年,戸
28465,0020,農家数,120,稲,100,合計,25000,滋賀県,2005000000,2005年,戸
18498,0020,農家数,120,稲,100,合計,26000,京都府,2005000000,2005年,戸
6796,0020,農家数,120,稲,100,合計,27000,大阪府,2005000000,2005年,戸
48700,0020,農家数,120,稲,100,合計,28000,兵庫県,2005000000,2005年,戸
12343,0020,農家数,120,稲,100,合計,29000,奈良県,2005000000,2005年,戸
9527,0020,農家数,120,稲,100,合計,30000,和歌山県,2005000000,2005年,戸
20061,0020,農家数,120,稲,100,合計,31000,鳥取県,2005000000,2005年,戸
24979,0020,農家数,120,稲,100,合計,32000,島根県,2005000000,2005年,戸
42422,0020,農家数,120,稲,100,合計,33000,岡山県,2005000000,2005年,戸
30612,0020,農家数,120,稲,100,合計,34000,広島県,2005000000,2005年,戸
25398,0020,農家数,120,稲,100,合計,35000,山口県,2005000000,2005年,戸
15914,0020,農家数,120,稲,100,合計,36000,徳島県,2005000000,2005年,戸
25914,0020,農家数,120,稲,100,合計,37000,香川県,2005000000,2005年,戸
18543,0020,農家数,120,稲,100,合計,38000,愛媛県,2005000000,2005年,戸
12376,0020,農家数,120,稲,100,合計,39000,高知県,2005000000,2005年,戸
40901,0020,農家数,120,稲,100,合計,40000,福岡県,2005000000,2005年,戸
27200,0020,農家数,120,稲,100,合計,41000,佐賀県,2005000000,2005年,戸
17199,0020,農家数,120,稲,100,合計,42000,長崎県,2005000000,2005年,戸
39152,0020,農家数,120,稲,100,合計,43000,熊本県,2005000000,2005年,戸
26056,0020,農家数,120,稲,100,合計,44000,大分県,2005000000,2005年,戸
22407,0020,農家数,120,稲,100,合計,45000,宮崎県,2005000000,2005年,戸
21112,0020,農家数,120,稲,100,合計,46000,鹿児島県,2005000000,2005年,戸
294247,0020,農家数,120,稲,100,合計,60100,関東農政局,2005000000,2005年,戸
91648,0020,農家数,120,稲,100,合計,60110,東海農政局,2005000000,2005年,戸
216219,0020,農家数,120,稲,100,合計,60120,中国四国農政局,2005000000,2005年,戸
1403395,0020,農家数,120,稲,110,露地,00000,全国,2005000000,2005年,戸
19643,0020,農家数,120,稲,110,露地,00042,北海道,2005000000,2005年,戸
1383752,0020,農家数,120,稲,110,露地,50002,都府県,2005000000,2005年,戸
311865,0020,農家数,120,稲,110,露地,00043,東北,2005000000,2005年,戸
151047,0020,農家数,120,稲,110,露地,00049,北陸,2005000000,2005年,戸
276263,0020,農家数,120,稲,110,露地,53030,関東・東山,2005000000,2005年,戸
137694,0020,農家数,120,稲,110,露地,00046,北関東,2005000000,2005年,戸
83897,0020,農家数,120,稲,110,露地,00047,南関東,2005000000,2005年,戸
54672,0020,農家数,120,稲,110,露地,53033,東山,2005000000,2005年,戸
109632,0020,農家数,120,稲,110,露地,00050,東海,2005000000,2005年,戸
124329,0020,農家数,120,稲,110,露地,00051,近畿,2005000000,2005年,戸
143472,0020,農家数,120,稲,110,露地,00053,中国,2005000000,2005年,戸
45040,0020,農家数,120,稲,110,露地,56061,山陰,2005000000,2005年,戸
98432,0020,農家数,120,稲,110,露地,56062,山陽,2005000000,2005年,戸
72747,0020,農家数,120,稲,110,露地,00054,四国,2005000000,2005年,戸
194027,0020,農家数,120,稲,110,露地,00056,九州,2005000000,2005年,戸
150508,0020,農家数,120,稲,110,露地,58081,北九州,2005000000,2005年,戸
43519,0020,農家数,120,稲,110,露地,58082,南九州,2005000000,2005年,戸
370,0020,農家数,120,稲,110,露地,00057,沖縄,2005000000,2005年,戸
36845,0020,農家数,120,稲,110,露地,02000,青森県,2005000000,2005年,戸
52689,0020,農家数,120,稲,110,露地,03000,岩手県,2005000000,2005年,戸
55511,0020,農家数,120,稲,110,露地,04000,宮城県,2005000000,2005年,戸
56657,0020,農家数,120,稲,110,露地,05000,秋田県,2005000000,2005年,戸
42363,0020,農家数,120,稲,110,露地,06000,山形県,2005000000,2005年,戸
67800,0020,農家数,120,稲,110,露地,07000,福島県,2005000000,2005年,戸
67129,0020,農家数,120,稲,110,露地,08000,茨城県,2005000000,2005年,戸
48797,0020,農家数,120,稲,110,露地,09000,栃木県,2005000000,2005年,戸
21768,0020,農家数,120,稲,110,露地,10000,群馬県,2005000000,2005年,戸
31387,0020,農家数,120,稲,110,露地,11000,埼玉県,2005000000,2005年,戸
47350,0020,農家数,120,稲,110,露地,12000,千葉県,2005000000,2005年,戸
484,0020,農家数,120,稲,110,露地,13000,東京都,2005000000,2005年,戸
4676,0020,農家数,120,稲,110,露地,14000,神奈川県,2005000000,2005年,戸
76660,0020,農家数,120,稲,110,露地,15000,新潟県,2005000000,2005年,戸
30308,0020,農家数,120,稲,110,露地,16000,富山県,2005000000,2005年,戸
20552,0020,農家数,120,稲,110,露地,17000,石川県,2005000000,2005年,戸
23527,0020,農家数,120,稲,110,露地,18000,福井県,2005000000,2005年,戸
6555,0020,農家数,120,稲,110,露地,19000,山梨県,2005000000,2005年,戸
48117,0020,農家数,120,稲,110,露地,20000,長野県,2005000000,2005年,戸
29645,0020,農家数,120,稲,110,露地,21000,岐阜県,2005000000,2005年,戸
17984,0020,農家数,120,稲,110,露地,22000,静岡県,2005000000,2005年,戸
31172,0020,農家数,120,稲,110,露地,23000,愛知県,2005000000,2005年,戸
30831,0020,農家数,120,稲,110,露地,24000,三重県,2005000000,2005年,戸
28465,0020,農家数,120,稲,110,露地,25000,滋賀県,2005000000,2005年,戸
18498,0020,農家数,120,稲,110,露地,26000,京都府,2005000000,2005年,戸
6796,0020,農家数,120,稲,110,露地,27000,大阪府,2005000000,2005年,戸
48700,0020,農家数,120,稲,110,露地,28000,兵庫県,2005000000,2005年,戸
12343,0020,農家数,120,稲,110,露地,29000,奈良県,2005000000,2005年,戸
9527,0020,農家数,120,稲,110,露地,30000,和歌山県,2005000000,2005年,戸
20061,0020,農家数,120,稲,110,露地,31000,鳥取県,2005000000,2005年,戸
24979,0020,農家数,120,稲,110,露地,32000,島根県,2005000000,2005年,戸
42422,0020,農家数,120,稲,110,露地,33000,岡山県,2005000000,2005年,戸
30612,0020,農家数,120,稲,110,露地,34000,広島県,2005000000,2005年,戸
25398,0020,農家数,120,稲,110,露地,35000,山口県,2005000000,2005年,戸
15914,0020,農家数,120,稲,110,露地,36000,徳島県,2005000000,2005年,戸
25914,0020,農家数,120,稲,110,露地,37000,香川県,2005000000,2005年,戸
18543,0020,農家数,120,稲,110,露地,38000,愛媛県,2005000000,2005年,戸
12376,0020,農家数,120,稲,110,露地,39000,高知県,2005000000,2005年,戸
40901,0020,農家数,120,稲,110,露地,40000,福岡県,2005000000,2005年,戸
27200,0020,農家数,120,稲,110,露地,41000,佐賀県,2005000000,2005年,戸
17199,0020,農家数,120,稲,110,露地,42000,長崎県,2005000000,2005年,戸
39152,0020,農家数,120,稲,110,露地,43000,熊本県,2005000000,2005年,戸
26056,0020,農家数,120,稲,110,露地,44000,大分県,2005000000,2005年,戸
22407,0020,農家数,120,稲,110,露地,45000,宮崎県,2005000000,2005年,戸
21112,0020,農家数,120,稲,110,露地,46000,鹿児島県,2005000000,2005年,戸
294247,0020,農家数,120,稲,110,露地,60100,関東農政局,2005000000,2005年,戸
91648,0020,農家数,120,稲,110,露地,60110,東海農政局,2005000000,2005年,戸
216219,0020,農家数,120,稲,110,露地,60120,中国四国農政局,2005000000,2005年,戸
112826,0020,農家数,140,麦類,100,合計,00000,全国,2005000000,2005年,戸
18177,0020,農家数,140,麦類,100,合計,00042,北海道,2005000000,2005年,戸
94649,0020,農家数,140,麦類,100,合計,50002,都府県,2005000000,2005年,戸
5129,0020,農家数,140,麦類,100,合計,00043,東北,2005000000,2005年,戸
6485,0020,農家数,140,麦類,100,合計,00049,北陸,2005000000,2005年,戸
30978,0020,農家数,140,麦類,100,合計,53030,関東・東山,2005000000,2005年,戸
21619,0020,農家数,140,麦類,100,合計,00046,北関東,2005000000,2005年,戸
5990,0020,農家数,140,麦類,100,合計,00047,南関東,2005000000,2005年,戸
3369,0020,農家数,140,麦類,100,合計,53033,東山,2005000000,2005年,戸
7772,0020,農家数,140,麦類,100,合計,00050,東海,2005000000,2005年,戸
9417,0020,農家数,140,麦類,100,合計,00051,近畿,2005000000,2005年,戸
2622,0020,農家数,140,麦類,100,合計,00053,中国,2005000000,2005年,戸
343,0020,農家数,140,麦類,100,合計,56061,山陰,2005000000,2005年,戸
2279,0020,農家数,140,麦類,100,合計,56062,山陽,2005000000,2005年,戸
3828,0020,農家数,140,麦類,100,合計,00054,四国,2005000000,2005年,戸
28411,0020,農家数,140,麦類,100,合計,00056,九州,2005000000,2005年,戸
28140,0020,農家数,140,麦類,100,合計,58081,北九州,2005000000,2005年,戸
271,0020,農家数,140,麦類,100,合計,58082,南九州,2005000000,2005年,戸
7,0020,農家数,140,麦類,100,合計,00057,沖縄,2005000000,2005年,戸
1586,0020,農家数,140,麦類,100,合計,02000,青森県,2005000000,2005年,戸
2367,0020,農家数,140,麦類,100,合計,03000,岩手県,2005000000,2005年,戸
493,0020,農家数,140,麦類,100,合計,04000,宮城県,2005000000,2005年,戸
278,0020,農家数,140,麦類,100,合計,05000,秋田県,2005000000,2005年,戸
110,0020,農家数,140,麦類,100,合計,06000,山形県,2005000000,2005年,戸
295,0020,農家数,140,麦類,100,合計,07000,福島県,2005000000,2005年,戸
4716,0020,農家数,140,麦類,100,合計,08000,茨城県,2005000000,2005年,戸
9220,0020,農家数,140,麦類,100,合計,09000,栃木県,2005000000,2005年,戸
7683,0020,農家数,140,麦類,100,合計,10000,群馬県,2005000000,2005年,戸
5169,0020,農家数,140,麦類,100,合計,11000,埼玉県,2005000000,2005年,戸
514,0020,農家数,140,麦類,100,合計,12000,千葉県,2005000000,2005年,戸
138,0020,農家数,140,麦類,100,合計,13000,東京都,2005000000,2005年,戸
169,0020,農家数,140,麦類,100,合計,14000,神奈川県,2005000000,2005年,戸
331,0020,農家数,140,麦類,100,合計,15000,新潟県,2005000000,2005年,戸
876,0020,農家数,140,麦類,100,合計,16000,富山県,2005000000,2005年,戸
947,0020,農家数,140,麦類,100,合計,17000,石川県,2005000000,2005年,戸
4331,0020,農家数,140,麦類,100,合計,18000,福井県,2005000000,2005年,戸
199,0020,農家数,140,麦類,100,合計,19000,山梨県,2005000000,2005年,戸
3170,0020,農家数,140,麦類,100,合計,20000,長野県,2005000000,2005年,戸
778,0020,農家数,140,麦類,100,合計,21000,岐阜県,2005000000,2005年,戸
532,0020,農家数,140,麦類,100,合計,22000,静岡県,2005000000,2005年,戸
2457,0020,農家数,140,麦類,100,合計,23000,愛知県,2005000000,2005年,戸
4005,0020,農家数,140,麦類,100,合計,24000,三重県,2005000000,2005年,戸
7536,0020,農家数,140,麦類,100,合計,25000,滋賀県,2005000000,2005年,戸
566,0020,農家数,140,麦類,100,合計,26000,京都府,2005000000,2005年,戸
6,0020,農家数,140,麦類,100,合計,27000,大阪府,2005000000,2005年,戸
1071,0020,農家数,140,麦類,100,合計,28000,兵庫県,2005000000,2005年,戸
226,0020,農家数,140,麦類,100,合計,29000,奈良県,2005000000,2005年,戸
12,0020,農家数,140,麦類,100,合計,30000,和歌山県,2005000000,2005年,戸
104,0020,農家数,140,麦類,100,合計,31000,鳥取県,2005000000,2005年,戸
239,0020,農家数,140,麦類,100,合計,32000,島根県,2005000000,2005年,戸
1510,0020,農家数,140,麦類,100,合計,33000,岡山県,2005000000,2005年,戸
127,0020,農家数,140,麦類,100,合計,34000,広島県,2005000000,2005年,戸
642,0020,農家数,140,麦類,100,合計,35000,山口県,2005000000,2005年,戸
200,0020,農家数,140,麦類,100,合計,36000,徳島県,2005000000,2005年,戸
2347,0020,農家数,140,麦類,100,合計,37000,香川県,2005000000,2005年,戸
1252,0020,農家数,140,麦類,100,合計,38000,愛媛県,2005000000,2005年,戸
29,0020,農家数,140,麦類,100,合計,39000,高知県,2005000000,2005年,戸
10344,0020,農家数,140,麦類,100,合計,40000,福岡県,2005000000,2005年,戸
9628,0020,農家数,140,麦類,100,合計,41000,佐賀県,2005000000,2005年,戸
984,0020,農家数,140,麦類,100,合計,42000,長崎県,2005000000,2005年,戸
4116,0020,農家数,140,麦類,100,合計,43000,熊本県,2005000000,2005年,戸
3068,0020,農家数,140,麦類,100,合計,44000,大分県,2005000000,2005年,戸
114,0020,農家数,140,麦類,100,合計,45000,宮崎県,2005000000,2005年,戸
157,0020,農家数,140,麦類,100,合計,46000,鹿児島県,2005000000,2005年,戸
31510,0020,農家数,140,麦類,100,合計,60100,関東農政局,2005000000,2005年,戸
7240,0020,農家数,140,麦類,100,合計,60110,東海農政局,2005000000,2005年,戸
6450,0020,農家数,140,麦類,100,合計,60120,中国四国農政局,2005000000,2005年,戸
112826,0020,農家数,140,麦類,110,露地,00000,全国,2005000000,2005年,戸
18177,0020,農家数,140,麦類,110,露地,00042,北海道,2005000000,2005年,戸
94649,0020,農家数,140,麦類,110,露地,50002,都府県,2005000000,2005年,戸
5129,0020,農家数,140,麦類,110,露地,00043,東北,2005000000,2005年,戸
6485,0020,農家数,140,麦類,110,露地,00049,北陸,2005000000,2005年,戸
30978,0020,農家数,140,麦類,110,露地,53030,関東・東山,2005000000,2005年,戸
21619,0020,農家数,140,麦類,110,露地,00046,北関東,2005000000,2005年,戸
5990,0020,農家数,140,麦類,110,露地,00047,南関東,2005000000,2005年,戸
3369,0020,農家数,140,麦類,110,露地,53033,東山,2005000000,2005年,戸
7772,0020,農家数,140,麦類,110,露地,00050,東海,2005000000,2005年,戸
9417,0020,農家数,140,麦類,110,露地,00051,近畿,2005000000,2005年,戸
2622,0020,農家数,140,麦類,110,露地,00053,中国,2005000000,2005年,戸
343,0020,農家数,140,麦類,110,露地,56061,山陰,2005000000,2005年,戸
2279,0020,農家数,140,麦類,110,露地,56062,山陽,2005000000,2005年,戸
3828,0020,農家数,140,麦類,110,露地,00054,四国,2005000000,2005年,戸
28411,0020,農家数,140,麦類,110,露地,00056,九州,2005000000,2005年,戸
28140,0020,農家数,140,麦類,110,露地,58081,北九州,2005000000,2005年,戸
271,0020,農家数,140,麦類,110,露地,58082,南九州,2005000000,2005年,戸
7,0020,農家数,140,麦類,110,露地,00057,沖縄,2005000000,2005年,戸
1586,0020,農家数,140,麦類,110,露地,02000,青森県,2005000000,2005年,戸
2367,0020,農家数,140,麦類,110,露地,03000,岩手県,2005000000,2005年,戸
493,0020,農家数,140,麦類,110,露地,04000,宮城県,2005000000,2005年,戸
278,0020,農家数,140,麦類,110,露地,05000,秋田県,2005000000,2005年,戸
110,0020,農家数,140,麦類,110,露地,06000,山形県,2005000000,2005年,戸
295,0020,農家数,140,麦類,110,露地,07000,福島県,2005000000,2005年,戸
4716,0020,農家数,140,麦類,110,露地,08000,茨城県,2005000000,2005年,戸
9220,0020,農家数,140,麦類,110,露地,09000,栃木県,2005000000,2005年,戸
7683,0020,農家数,140,麦類,110,露地,10000,群馬県,2005000000,2005年,戸
5169,0020,農家数,140,麦類,110,露地,11000,埼玉県,2005000000,2005年,戸
514,0020,農家数,140,麦類,110,露地,12000,千葉県,2005000000,2005年,戸
138,0020,農家数,140,麦類,110,露地,13000,東京都,2005000000,2005年,戸
169,0020,農家数,140,麦類,110,露地,14000,神奈川県,2005000000,2005年,戸
331,0020,農家数,140,麦類,110,露地,15000,新潟県,2005000000,2005年,戸
876,0020,農家数,140,麦類,110,露地,16000,富山県,2005000000,2005年,戸
947,0020,農家数,140,麦類,110,露地,17000,石川県,2005000000,2005年,戸
4331,0020,農家数,140,麦類,110,露地,18000,福井県,2005000000,2005年,戸
199,0020,農家数,140,麦類,110,露地,19000,山梨県,2005000000,2005年,戸
3170,0020,農家数,140,麦類,110,露地,20000,長野県,2005000000,2005年,戸
778,0020,農家数,140,麦類,110,露地,21000,岐阜県,2005000000,2005年,戸
532,0020,農家数,140,麦類,110,露地,22000,静岡県,2005000000,2005年,戸
2457,0020,農家数,140,麦類,110,露地,23000,愛知県,2005000000,2005年,戸
4005,0020,農家数,140,麦類,110,露地,24000,三重県,2005000000,2005年,戸
7536,0020,農家数,140,麦類,110,露地,25000,滋賀県,2005000000,2005年,戸
566,0020,農家数,140,麦類,110,露地,26000,京都府,2005000000,2005年,戸
6,0020,農家数,140,麦類,110,露地,27000,大阪府,2005000000,2005年,戸
1071,0020,農家数,140,麦類,110,露地,28000,兵庫県,2005000000,2005年,戸
226,0020,農家数,140,麦類,110,露地,29000,奈良県,2005000000,2005年,戸
12,0020,農家数,140,麦類,110,露地,30000,和歌山県,2005000000,2005年,戸
104,0020,農家数,140,麦類,110,露地,31000,鳥取県,2005000000,2005年,戸
239,0020,農家数,140,麦類,110,露地,32000,島根県,2005000000,2005年,戸
1510,0020,農家数,140,麦類,110,露地,33000,岡山県,2005000000,2005年,戸
127,0020,農家数,140,麦類,110,露地,34000,広島県,2005000000,2005年,戸
642,0020,農家数,140,麦類,110,露地,35000,山口県,2005000000,2005年,戸
200,0020,農家数,140,麦類,110,露地,36000,徳島県,2005000000,2005年,戸
2347,0020,農家数,140,麦類,110,露地,37000,香川県,2005000000,2005年,戸
1252,0020,農家数,140,麦類,110,露地,38000,愛媛県,2005000000,2005年,戸
29,0020,農家数,140,麦類,110,露地,39000,高知県,2005000000,2005年,戸
10344,0020,農家数,140,麦類,110,露地,40000,福岡県,2005000000,2005年,戸
9628,0020,農家数,140,麦類,110,露地,41000,佐賀県,2005000000,2005年,戸
984,0020,農家数,140,麦類,110,露地,42000,長崎県,2005000000,2005年,戸
4116,0020,農家数,140,麦類,110,露地,43000,熊本県,2005000000,2005年,戸
3068,0020,農家数,140,麦類,110,露地,44000,大分県,2005000000,2005年,戸
114,0020,農家数,140,麦類,110,露地,45000,宮崎県,2005000000,2005年,戸
157,0020,農家数,140,麦類,110,露地,46000,鹿児島県,2005000000,2005年,戸
31510,0020,農家数,140,麦類,110,露地,60100,関東農政局,2005000000,2005年,戸
7240,0020,農家数,140,麦類,110,露地,60110,東海農政局,2005000000,2005年,戸
6450,0020,農家数,140,麦類,110,露地,60120,中国四国農政局,2005000000,2005年,戸
44504,0020,農家数,150,雑穀,100,合計,00000,全国,2005000000,2005年,戸
5616,0020,農家数,150,雑穀,100,合計,00042,北海道,2005000000,2005年,戸
38888,0020,農家数,150,雑穀,100,合計,50002,都府県,2005000000,2005年,戸
11786,0020,農家数,150,雑穀,100,合計,00043,東北,2005000000,2005年,戸
4183,0020,農家数,150,雑穀,100,合計,00049,北陸,2005000000,2005年,戸
11389,0020,農家数,150,雑穀,100,合計,53030,関東・東山,2005000000,2005年,戸
5208,0020,農家数,150,雑穀,100,合計,00046,北関東,2005000000,2005年,戸
1728,0020,農家数,150,雑穀,100,合計,00047,南関東,2005000000,2005年,戸
4453,0020,農家数,150,雑穀,100,合計,53033,東山,2005000000,2005年,戸
1390,0020,農家数,150,雑穀,100,合計,00050,東海,2005000000,2005年,戸
2389,0020,農家数,150,雑穀,100,合計,00051,近畿,2005000000,2005年,戸
3802,0020,農家数,150,雑穀,100,合計,00053,中国,2005000000,2005年,戸
1430,0020,農家数,150,雑穀,100,合計,56061,山陰,2005000000,2005年,戸
2372,0020,農家数,150,雑穀,100,合計,56062,山陽,2005000000,2005年,戸
1133,0020,農家数,150,雑穀,100,合計,00054,四国,2005000000,2005年,戸
2725,0020,農家数,150,雑穀,100,合計,00056,九州,2005000000,2005年,戸
1953,0020,農家数,150,雑穀,100,合計,58081,北九州,2005000000,2005年,戸
772,0020,農家数,150,雑穀,100,合計,58082,南九州,2005000000,2005年,戸
91,0020,農家数,150,雑穀,100,合計,00057,沖縄,2005000000,2005年,戸
1393,0020,農家数,150,雑穀,100,合計,02000,青森県,2005000000,2005年,戸
2062,0020,農家数,150,雑穀,100,合計,03000,岩手県,2005000000,2005年,戸
633,0020,農家数,150,雑穀,100,合計,04000,宮城県,2005000000,2005年,戸
1397,0020,農家数,150,雑穀,100,合計,05000,秋田県,2005000000,2005年,戸
2388,0020,農家数,150,雑穀,100,合計,06000,山形県,2005000000,2005年,戸
3913,0020,農家数,150,雑穀,100,合計,07000,福島県,2005000000,2005年,戸
2503,0020,農家数,150,雑穀,100,合計,08000,茨城県,2005000000,2005年,戸
2060,0020,農家数,150,雑穀,100,合計,09000,栃木県,2005000000,2005年,戸
645,0020,農家数,150,雑穀,100,合計,10000,群馬県,2005000000,2005年,戸
658,0020,農家数,150,雑穀,100,合計,11000,埼玉県,2005000000,2005年,戸
630,0020,農家数,150,雑穀,100,合計,12000,千葉県,2005000000,2005年,戸
169,0020,農家数,150,雑穀,100,合計,13000,東京都,2005000000,2005年,戸
271,0020,農家数,150,雑穀,100,合計,14000,神奈川県,2005000000,2005年,戸
1727,0020,農家数,150,雑穀,100,合計,15000,新潟県,2005000000,2005年,戸
483,0020,農家数,150,雑穀,100,合計,16000,富山県,2005000000,2005年,戸
477,0020,農家数,150,雑穀,100,合計,17000,石川県,2005000000,2005年,戸
1496,0020,農家数,150,雑穀,100,合計,18000,福井県,2005000000,2005年,戸
530,0020,農家数,150,雑穀,100,合計,19000,山梨県,2005000000,2005年,戸
3923,0020,農家数,150,雑穀,100,合計,20000,長野県,2005000000,2005年,戸
385,0020,農家数,150,雑穀,100,合計,21000,岐阜県,2005000000,2005年,戸
346,0020,農家数,150,雑穀,100,合計,22000,静岡県,2005000000,2005年,戸
359,0020,農家数,150,雑穀,100,合計,23000,愛知県,2005000000,2005年,戸
300,0020,農家数,150,雑穀,100,合計,24000,三重県,2005000000,2005年,戸
351,0020,農家数,150,雑穀,100,合計,25000,滋賀県,2005000000,2005年,戸
864,0020,農家数,150,雑穀,100,合計,26000,京都府,2005000000,2005年,戸
126,0020,農家数,150,雑穀,100,合計,27000,大阪府,2005000000,2005年,戸
834,0020,農家数,150,雑穀,100,合計,28000,兵庫県,2005000000,2005年,戸
144,0020,農家数,150,雑穀,100,合計,29000,奈良県,2005000000,2005年,戸
70,0020,農家数,150,雑穀,100,合計,30000,和歌山県,2005000000,2005年,戸
673,0020,農家数,150,雑穀,100,合計,31000,鳥取県,2005000000,2005年,戸
757,0020,農家数,150,雑穀,100,合計,32000,島根県,2005000000,2005年,戸
1095,0020,農家数,150,雑穀,100,合計,33000,岡山県,2005000000,2005年,戸
818,0020,農家数,150,雑穀,100,合計,34000,広島県,2005000000,2005年,戸
459,0020,農家数,150,雑穀,100,合計,35000,山口県,2005000000,2005年,戸
305,0020,農家数,150,雑穀,100,合計,36000,徳島県,2005000000,2005年,戸
333,0020,農家数,150,雑穀,100,合計,37000,香川県,2005000000,2005年,戸
328,0020,農家数,150,雑穀,100,合計,38000,愛媛県,2005000000,2005年,戸
167,0020,農家数,150,雑穀,100,合計,39000,高知県,2005000000,2005年,戸
391,0020,農家数,150,雑穀,100,合計,40000,福岡県,2005000000,2005年,戸
206,0020,農家数,150,雑穀,100,合計,41000,佐賀県,2005000000,2005年,戸
237,0020,農家数,150,雑穀,100,合計,42000,長崎県,2005000000,2005年,戸
778,0020,農家数,150,雑穀,100,合計,43000,熊本県,2005000000,2005年,戸
341,0020,農家数,150,雑穀,100,合計,44000,大分県,2005000000,2005年,戸
367,0020,農家数,150,雑穀,100,合計,45000,宮崎県,2005000000,2005年,戸
405,0020,農家数,150,雑穀,100,合計,46000,鹿児島県,2005000000,2005年,戸
11735,0020,農家数,150,雑穀,100,合計,60100,関東農政局,2005000000,2005年,戸
1044,0020,農家数,150,雑穀,100,合計,60110,東海農政局,2005000000,2005年,戸
4935,0020,農家数,150,雑穀,100,合計,60120,中国四国農政局,2005000000,2005年,戸
44504,0020,農家数,150,雑穀,110,露地,00000,全国,2005000000,2005年,戸
5616,0020,農家数,150,雑穀,110,露地,00042,北海道,2005000000,2005年,戸
38888,0020,農家数,150,雑穀,110,露地,50002,都府県,2005000000,2005年,戸
11786,0020,農家数,150,雑穀,110,露地,00043,東北,2005000000,2005年,戸
4183,0020,農家数,150,雑穀,110,露地,00049,北陸,2005000000,2005年,戸
11389,0020,農家数,150,雑穀,110,露地,53030,関東・東山,2005000000,2005年,戸
5208,0020,農家数,150,雑穀,110,露地,00046,北関東,2005000000,2005年,戸
1728,0020,農家数,150,雑穀,110,露地,00047,南関東,2005000000,2005年,戸
4453,0020,農家数,150,雑穀,110,露地,53033,東山,2005000000,2005年,戸
1390,0020,農家数,150,雑穀,110,露地,00050,東海,2005000000,2005年,戸
2389,0020,農家数,150,雑穀,110,露地,00051,近畿,2005000000,2005年,戸
3802,0020,農家数,150,雑穀,110,露地,00053,中国,2005000000,2005年,戸
1430,0020,農家数,150,雑穀,110,露地,56061,山陰,2005000000,2005年,戸
2372,0020,農家数,150,雑穀,110,露地,56062,山陽,2005000000,2005年,戸
1133,0020,農家数,150,雑穀,110,露地,00054,四国,2005000000,2005年,戸
2725,0020,農家数,150,雑穀,110,露地,00056,九州,2005000000,2005年,戸
1953,0020,農家数,150,雑穀,110,露地,58081,北九州,2005000000,2005年,戸
772,0020,農家数,150,雑穀,110,露地,58082,南九州,2005000000,2005年,戸
91,0020,農家数,150,雑穀,110,露地,00057,沖縄,2005000000,2005年,戸
1393,0020,農家数,150,雑穀,110,露地,02000,青森県,2005000000,2005年,戸
2062,0020,農家数,150,雑穀,110,露地,03000,岩手県,2005000000,2005年,戸
633,0020,農家数,150,雑穀,110,露地,04000,宮城県,2005000000,2005年,戸
1397,0020,農家数,150,雑穀,110,露地,05000,秋田県,2005000000,2005年,戸
2388,0020,農家数,150,雑穀,110,露地,06000,山形県,2005000000,2005年,戸
3913,0020,農家数,150,雑穀,110,露地,07000,福島県,2005000000,2005年,戸
2503,0020,農家数,150,雑穀,110,露地,08000,茨城県,2005000000,2005年,戸
2060,0020,農家数,150,雑穀,110,露地,09000,栃木県,2005000000,2005年,戸
645,0020,農家数,150,雑穀,110,露地,10000,群馬県,2005000000,2005年,戸
658,0020,農家数,150,雑穀,110,露地,11000,埼玉県,2005000000,2005年,戸
630,0020,農家数,150,雑穀,110,露地,12000,千葉県,2005000000,2005年,戸
169,0020,農家数,150,雑穀,110,露地,13000,東京都,2005000000,2005年,戸
271,0020,農家数,150,雑穀,110,露地,14000,神奈川県,2005000000,2005年,戸
1727,0020,農家数,150,雑穀,110,露地,15000,新潟県,2005000000,2005年,戸
483,0020,農家数,150,雑穀,110,露地,16000,富山県,2005000000,2005年,戸
477,0020,農家数,150,雑穀,110,露地,17000,石川県,2005000000,2005年,戸
1496,0020,農家数,150,雑穀,110,露地,18000,福井県,2005000000,2005年,戸
530,0020,農家数,150,雑穀,110,露地,19000,山梨県,2005000000,2005年,戸
3923,0020,農家数,150,雑穀,110,露地,20000,長野県,2005000000,2005年,戸
385,0020,農家数,150,雑穀,110,露地,21000,岐阜県,2005000000,2005年,戸
346,0020,農家数,150,雑穀,110,露地,22000,静岡県,2005000000,2005年,戸
359,0020,農家数,150,雑穀,110,露地,23000,愛知県,2005000000,2005年,戸
300,0020,農家数,150,雑穀,110,露地,24000,三重県,2005000000,2005年,戸
351,0020,農家数,150,雑穀,110,露地,25000,滋賀県,2005000000,2005年,戸
864,0020,農家数,150,雑穀,110,露地,26000,京都府,2005000000,2005年,戸
126,0020,農家数,150,雑穀,110,露地,27000,大阪府,2005000000,2005年,戸
834,0020,農家数,150,雑穀,110,露地,28000,兵庫県,2005000000,2005年,戸
144,0020,農家数,150,雑穀,110,露地,29000,奈良県,2005000000,2005年,戸
70,0020,農家数,150,雑穀,110,露地,30000,和歌山県,2005000000,2005年,戸
673,0020,農家数,150,雑穀,110,露地,31000,鳥取県,2005000000,2005年,戸
757,0020,農家数,150,雑穀,110,露地,32000,島根県,2005000000,2005年,戸
1095,0020,農家数,150,雑穀,110,露地,33000,岡山県,2005000000,2005年,戸
818,0020,農家数,150,雑穀,110,露地,34000,広島県,2005000000,2005年,戸
459,0020,農家数,150,雑穀,110,露地,35000,山口県,2005000000,2005年,戸
305,0020,農家数,150,雑穀,110,露地,36000,徳島県,2005000000,2005年,戸
333,0020,農家数,150,雑穀,110,露地,37000,香川県,2005000000,2005年,戸
328,0020,農家数,150,雑穀,110,露地,38000,愛媛県,2005000000,2005年,戸
167,0020,農家数,150,雑穀,110,露地,39000,高知県,2005000000,2005年,戸
391,0020,農家数,150,雑穀,110,露地,40000,福岡県,2005000000,2005年,戸
206,0020,農家数,150,雑穀,110,露地,41000,佐賀県,2005000000,2005年,戸
237,0020,農家数,150,雑穀,110,露地,42000,長崎県,2005000000,2005年,戸
778,0020,農家数,150,雑穀,110,露地,43000,熊本県,2005000000,2005年,戸
341,0020,農家数,150,雑穀,110,露地,44000,大分県,2005000000,2005年,戸
367,0020,農家数,150,雑穀,110,露地,45000,宮崎県,2005000000,2005年,戸
405,0020,農家数,150,雑穀,110,露地,46000,鹿児島県,2005000000,2005年,戸
11735,0020,農家数,150,雑穀,110,露地,60100,関東農政局,2005000000,2005年,戸
1044,0020,農家数,150,雑穀,110,露地,60110,東海農政局,2005000000,2005年,戸
4935,0020,農家数,150,雑穀,110,露地,60120,中国四国農政局,2005000000,2005年,戸
192834,0020,農家数,160,いも類,100,合計,00000,全国,2005000000,2005年,戸
12298,0020,農家数,160,いも類,100,合計,00042,北海道,2005000000,2005年,戸
180536,0020,農家数,160,いも類,100,合計,50002,都府県,2005000000,2005年,戸
27504,0020,農家数,160,いも類,100,合計,00043,東北,2005000000,2005年,戸
8559,0020,農家数,160,いも類,100,合計,00049,北陸,2005000000,2005年,戸
55731,0020,農家数,160,いも類,100,合計,53030,関東・東山,2005000000,2005年,戸
19231,0020,農家数,160,いも類,100,合計,00046,北関東,2005000000,2005年,戸
26906,0020,農家数,160,いも類,100,合計,00047,南関東,2005000000,2005年,戸
9594,0020,農家数,160,いも類,100,合計,53033,東山,2005000000,2005年,戸
15679,0020,農家数,160,いも類,100,合計,00050,東海,2005000000,2005年,戸
13117,0020,農家数,160,いも類,100,合計,00051,近畿,2005000000,2005年,戸
16893,0020,農家数,160,いも類,100,合計,00053,中国,2005000000,2005年,戸
5352,0020,農家数,160,いも類,100,合計,56061,山陰,2005000000,2005年,戸
11541,0020,農家数,160,いも類,100,合計,56062,山陽,2005000000,2005年,戸
8333,0020,農家数,160,いも類,100,合計,00054,四国,2005000000,2005年,戸
34153,0020,農家数,160,いも類,100,合計,00056,九州,2005000000,2005年,戸
15630,0020,農家数,160,いも類,100,合計,58081,北九州,2005000000,2005年,戸
18523,0020,農家数,160,いも類,100,合計,58082,南九州,2005000000,2005年,戸
567,0020,農家数,160,いも類,100,合計,00057,沖縄,2005000000,2005年,戸
2545,0020,農家数,160,いも類,100,合計,02000,青森県,2005000000,2005年,戸
3731,0020,農家数,160,いも類,100,合計,03000,岩手県,2005000000,2005年,戸
4293,0020,農家数,160,いも類,100,合計,04000,宮城県,2005000000,2005年,戸
3006,0020,農家数,160,いも類,100,合計,05000,秋田県,2005000000,2005年,戸
2973,0020,農家数,160,いも類,100,合計,06000,山形県,2005000000,2005年,戸
10956,0020,農家数,160,いも類,100,合計,07000,福島県,2005000000,2005年,戸
10511,0020,農家数,160,いも類,100,合計,08000,茨城県,2005000000,2005年,戸
3903,0020,農家数,160,いも類,100,合計,09000,栃木県,2005000000,2005年,戸
4817,0020,農家数,160,いも類,100,合計,10000,群馬県,2005000000,2005年,戸
6605,0020,農家数,160,いも類,100,合計,11000,埼玉県,2005000000,2005年,戸
10569,0020,農家数,160,いも類,100,合計,12000,千葉県,2005000000,2005年,戸
3474,0020,農家数,160,いも類,100,合計,13000,東京都,2005000000,2005年,戸
6258,0020,農家数,160,いも類,100,合計,14000,神奈川県,2005000000,2005年,戸
4554,0020,農家数,160,いも類,100,合計,15000,新潟県,2005000000,2005年,戸
1295,0020,農家数,160,いも類,100,合計,16000,富山県,2005000000,2005年,戸
1453,0020,農家数,160,いも類,100,合計,17000,石川県,2005000000,2005年,戸
1257,0020,農家数,160,いも類,100,合計,18000,福井県,2005000000,2005年,戸
1528,0020,農家数,160,いも類,100,合計,19000,山梨県,2005000000,2005年,戸
8066,0020,農家数,160,いも類,100,合計,20000,長野県,2005000000,2005年,戸
2433,0020,農家数,160,いも類,100,合計,21000,岐阜県,2005000000,2005年,戸
5842,0020,農家数,160,いも類,100,合計,22000,静岡県,2005000000,2005年,戸
5081,0020,農家数,160,いも類,100,合計,23000,愛知県,2005000000,2005年,戸
2323,0020,農家数,160,いも類,100,合計,24000,三重県,2005000000,2005年,戸
1220,0020,農家数,160,いも類,100,合計,25000,滋賀県,2005000000,2005年,戸
3150,0020,農家数,160,いも類,100,合計,26000,京都府,2005000000,2005年,戸
1577,0020,農家数,160,いも類,100,合計,27000,大阪府,2005000000,2005年,戸
4789,0020,農家数,160,いも類,100,合計,28000,兵庫県,2005000000,2005年,戸
1581,0020,農家数,160,いも類,100,合計,29000,奈良県,2005000000,2005年,戸
800,0020,農家数,160,いも類,100,合計,30000,和歌山県,2005000000,2005年,戸
2436,0020,農家数,160,いも類,100,合計,31000,鳥取県,2005000000,2005年,戸
2916,0020,農家数,160,いも類,100,合計,32000,島根県,2005000000,2005年,戸
4331,0020,農家数,160,いも類,100,合計,33000,岡山県,2005000000,2005年,戸
3514,0020,農家数,160,いも類,100,合計,34000,広島県,2005000000,2005年,戸
3696,0020,農家数,160,いも類,100,合計,35000,山口県,2005000000,2005年,戸
2207,0020,農家数,160,いも類,100,合計,36000,徳島県,2005000000,2005年,戸
1589,0020,農家数,160,いも類,100,合計,37000,香川県,2005000000,2005年,戸
3015,0020,農家数,160,いも類,100,合計,38000,愛媛県,2005000000,2005年,戸
1522,0020,農家数,160,いも類,100,合計,39000,高知県,2005000000,2005年,戸
3496,0020,農家数,160,いも類,100,合計,40000,福岡県,2005000000,2005年,戸
1592,0020,農家数,160,いも類,100,合計,41000,佐賀県,2005000000,2005年,戸
5833,0020,農家数,160,いも類,100,合計,42000,長崎県,2005000000,2005年,戸
3284,0020,農家数,160,いも類,100,合計,43000,熊本県,2005000000,2005年,戸
1425,0020,農家数,160,いも類,100,合計,44000,大分県,2005000000,2005年,戸
2757,0020,農家数,160,いも類,100,合計,45000,宮崎県,2005000000,2005年,戸
15766,0020,農家数,160,いも類,100,合計,46000,鹿児島県,2005000000,2005年,戸
61573,0020,農家数,160,いも類,100,合計,60100,関東農政局,2005000000,2005年,戸
9837,0020,農家数,160,いも類,100,合計,60110,東海農政局,2005000000,2005年,戸
25226,0020,農家数,160,いも類,100,合計,60120,中国四国農政局,2005000000,2005年,戸
192834,0020,農家数,160,いも類,110,露地,00000,全国,2005000000,2005年,戸
12298,0020,農家数,160,いも類,110,露地,00042,北海道,2005000000,2005年,戸
180536,0020,農家数,160,いも類,110,露地,50002,都府県,2005000000,2005年,戸
27504,0020,農家数,160,いも類,110,露地,00043,東北,2005000000,2005年,戸
8559,0020,農家数,160,いも類,110,露地,00049,北陸,2005000000,2005年,戸
55731,0020,農家数,160,いも類,110,露地,53030,関東・東山,2005000000,2005年,戸
19231,0020,農家数,160,いも類,110,露地,00046,北関東,2005000000,2005年,戸
26906,0020,農家数,160,いも類,110,露地,00047,南関東,2005000000,2005年,戸
9594,0020,農家数,160,いも類,110,露地,53033,東山,2005000000,2005年,戸
15679,0020,農家数,160,いも類,110,露地,00050,東海,2005000000,2005年,戸
13117,0020,農家数,160,いも類,110,露地,00051,近畿,2005000000,2005年,戸
16893,0020,農家数,160,いも類,110,露地,00053,中国,2005000000,2005年,戸
5352,0020,農家数,160,いも類,110,露地,56061,山陰,2005000000,2005年,戸
11541,0020,農家数,160,いも類,110,露地,56062,山陽,2005000000,2005年,戸
8333,0020,農家数,160,いも類,110,露地,00054,四国,2005000000,2005年,戸
34153,0020,農家数,160,いも類,110,露地,00056,九州,2005000000,2005年,戸
15630,0020,農家数,160,いも類,110,露地,58081,北九州,2005000000,2005年,戸
18523,0020,農家数,160,いも類,110,露地,58082,南九州,2005000000,2005年,戸
567,0020,農家数,160,いも類,110,露地,00057,沖縄,2005000000,2005年,戸
2545,0020,農家数,160,いも類,110,露地,02000,青森県,2005000000,2005年,戸
3731,0020,農家数,160,いも類,110,露地,03000,岩手県,2005000000,2005年,戸
4293,0020,農家数,160,いも類,110,露地,04000,宮城県,2005000000,2005年,戸
3006,0020,農家数,160,いも類,110,露地,05000,秋田県,2005000000,2005年,戸
2973,0020,農家数,160,いも類,110,露地,06000,山形県,2005000000,2005年,戸
10956,0020,農家数,160,いも類,110,露地,07000,福島県,2005000000,2005年,戸
10511,0020,農家数,160,いも類,110,露地,08000,茨城県,2005000000,2005年,戸
3903,0020,農家数,160,いも類,110,露地,09000,栃木県,2005000000,2005年,戸
4817,0020,農家数,160,いも類,110,露地,10000,群馬県,2005000000,2005年,戸
6605,0020,農家数,160,いも類,110,露地,11000,埼玉県,2005000000,2005年,戸
10569,0020,農家数,160,いも類,110,露地,12000,千葉県,2005000000,2005年,戸
3474,0020,農家数,160,いも類,110,露地,13000,東京都,2005000000,2005年,戸
6258,0020,農家数,160,いも類,110,露地,14000,神奈川県,2005000000,2005年,戸
4554,0020,農家数,160,いも類,110,露地,15000,新潟県,2005000000,2005年,戸
1295,0020,農家数,160,いも類,110,露地,16000,富山県,2005000000,2005年,戸
1453,0020,農家数,160,いも類,110,露地,17000,石川県,2005000000,2005年,戸
1257,0020,農家数,160,いも類,110,露地,18000,福井県,2005000000,2005年,戸
1528,0020,農家数,160,いも類,110,露地,19000,山梨県,2005000000,2005年,戸
8066,0020,農家数,160,いも類,110,露地,20000,長野県,2005000000,2005年,戸
2433,0020,農家数,160,いも類,110,露地,21000,岐阜県,2005000000,2005年,戸
5842,0020,農家数,160,いも類,110,露地,22000,静岡県,2005000000,2005年,戸
5081,0020,農家数,160,いも類,110,露地,23000,愛知県,2005000000,2005年,戸
2323,0020,農家数,160,いも類,110,露地,24000,三重県,2005000000,2005年,戸
1220,0020,農家数,160,いも類,110,露地,25000,滋賀県,2005000000,2005年,戸
3150,0020,農家数,160,いも類,110,露地,26000,京都府,2005000000,2005年,戸
1577,0020,農家数,160,いも類,110,露地,27000,大阪府,2005000000,2005年,戸
4789,0020,農家数,160,いも類,110,露地,28000,兵庫県,2005000000,2005年,戸
1581,0020,農家数,160,いも類,110,露地,29000,奈良県,2005000000,2005年,戸
800,0020,農家数,160,いも類,110,露地,30000,和歌山県,2005000000,2005年,戸
2436,0020,農家数,160,いも類,110,露地,31000,鳥取県,2005000000,2005年,戸
2916,0020,農家数,160,いも類,110,露地,32000,島根県,2005000000,2005年,戸
4331,0020,農家数,160,いも類,110,露地,33000,岡山県,2005000000,2005年,戸
3514,0020,農家数,160,いも類,110,露地,34000,広島県,2005000000,2005年,戸
3696,0020,農家数,160,いも類,110,露地,35000,山口県,2005000000,2005年,戸
2207,0020,農家数,160,いも類,110,露地,36000,徳島県,2005000000,2005年,戸
1589,0020,農家数,160,いも類,110,露地,37000,香川県,2005000000,2005年,戸
3015,0020,農家数,160,いも類,110,露地,38000,愛媛県,2005000000,2005年,戸
1522,0020,農家数,160,いも類,110,露地,39000,高知県,2005000000,2005年,戸
3496,0020,農家数,160,いも類,110,露地,40000,福岡県,2005000000,2005年,戸
1592,0020,農家数,160,いも類,110,露地,41000,佐賀県,2005000000,2005年,戸
5833,0020,農家数,160,いも類,110,露地,42000,長崎県,2005000000,2005年,戸
3284,0020,農家数,160,いも類,110,露地,43000,熊本県,2005000000,2005年,戸
1425,0020,農家数,160,いも類,110,露地,44000,大分県,2005000000,2005年,戸
2757,0020,農家数,160,いも類,110,露地,45000,宮崎県,2005000000,2005年,戸
15766,0020,農家数,160,いも類,110,露地,46000,鹿児島県,2005000000,2005年,戸
61573,0020,農家数,160,いも類,110,露地,60100,関東農政局,2005000000,2005年,戸
9837,0020,農家数,160,いも類,110,露地,60110,東海農政局,2005000000,2005年,戸
25226,0020,農家数,160,いも類,110,露地,60120,中国四国農政局,2005000000,2005年,戸
204827,0020,農家数,170,豆類,100,合計,00000,全国,2005000000,2005年,戸
17083,0020,農家数,170,豆類,100,合計,00042,北海道,2005000000,2005年,戸
187744,0020,農家数,170,豆類,100,合計,50002,都府県,2005000000,2005年,戸
44536,0020,農家数,170,豆類,100,合計,00043,東北,2005000000,2005年,戸
15275,0020,農家数,170,豆類,100,合計,00049,北陸,2005000000,2005年,戸
37354,0020,農家数,170,豆類,100,合計,53030,関東・東山,2005000000,2005年,戸
13917,0020,農家数,170,豆類,100,合計,00046,北関東,2005000000,2005年,戸
15230,0020,農家数,170,豆類,100,合計,00047,南関東,2005000000,2005年,戸
8207,0020,農家数,170,豆類,100,合計,53033,東山,2005000000,2005年,戸
11272,0020,農家数,170,豆類,100,合計,00050,東海,2005000000,2005年,戸
18753,0020,農家数,170,豆類,100,合計,00051,近畿,2005000000,2005年,戸
20858,0020,農家数,170,豆類,100,合計,00053,中国,2005000000,2005年,戸
6218,0020,農家数,170,豆類,100,合計,56061,山陰,2005000000,2005年,戸
14640,0020,農家数,170,豆類,100,合計,56062,山陽,2005000000,2005年,戸
5383,0020,農家数,170,豆類,100,合計,00054,四国,2005000000,2005年,戸
34278,0020,農家数,170,豆類,100,合計,00056,九州,2005000000,2005年,戸
31715,0020,農家数,170,豆類,100,合計,58081,北九州,2005000000,2005年,戸
2563,0020,農家数,170,豆類,100,合計,58082,南九州,2005000000,2005年,戸
35,0020,農家数,170,豆類,100,合計,00057,沖縄,2005000000,2005年,戸
4718,0020,農家数,170,豆類,100,合計,02000,青森県,2005000000,2005年,戸
7708,0020,農家数,170,豆類,100,合計,03000,岩手県,2005000000,2005年,戸
4973,0020,農家数,170,豆類,100,合計,04000,宮城県,2005000000,2005年,戸
9373,0020,農家数,170,豆類,100,合計,05000,秋田県,2005000000,2005年,戸
9840,0020,農家数,170,豆類,100,合計,06000,山形県,2005000000,2005年,戸
7924,0020,農家数,170,豆類,100,合計,07000,福島県,2005000000,2005年,戸
6370,0020,農家数,170,豆類,100,合計,08000,茨城県,2005000000,2005年,戸
5236,0020,農家数,170,豆類,100,合計,09000,栃木県,2005000000,2005年,戸
2311,0020,農家数,170,豆類,100,合計,10000,群馬県,2005000000,2005年,戸
2269,0020,農家数,170,豆類,100,合計,11000,埼玉県,2005000000,2005年,戸
9365,0020,農家数,170,豆類,100,合計,12000,千葉県,2005000000,2005年,戸
876,0020,農家数,170,豆類,100,合計,13000,東京都,2005000000,2005年,戸
2720,0020,農家数,170,豆類,100,合計,14000,神奈川県,2005000000,2005年,戸
8206,0020,農家数,170,豆類,100,合計,15000,新潟県,2005000000,2005年,戸
4097,0020,農家数,170,豆類,100,合計,16000,富山県,2005000000,2005年,戸
1622,0020,農家数,170,豆類,100,合計,17000,石川県,2005000000,2005年,戸
1350,0020,農家数,170,豆類,100,合計,18000,福井県,2005000000,2005年,戸
1104,0020,農家数,170,豆類,100,合計,19000,山梨県,2005000000,2005年,戸
7103,0020,農家数,170,豆類,100,合計,20000,長野県,2005000000,2005年,戸
2182,0020,農家数,170,豆類,100,合計,21000,岐阜県,2005000000,2005年,戸
2828,0020,農家数,170,豆類,100,合計,22000,静岡県,2005000000,2005年,戸
3633,0020,農家数,170,豆類,100,合計,23000,愛知県,2005000000,2005年,戸
2629,0020,農家数,170,豆類,100,合計,24000,三重県,2005000000,2005年,戸
4103,0020,農家数,170,豆類,100,合計,25000,滋賀県,2005000000,2005年,戸
4450,0020,農家数,170,豆類,100,合計,26000,京都府,2005000000,2005年,戸
887,0020,農家数,170,豆類,100,合計,27000,大阪府,2005000000,2005年,戸
7461,0020,農家数,170,豆類,100,合計,28000,兵庫県,2005000000,2005年,戸
980,0020,農家数,170,豆類,100,合計,29000,奈良県,2005000000,2005年,戸
872,0020,農家数,170,豆類,100,合計,30000,和歌山県,2005000000,2005年,戸
3450,0020,農家数,170,豆類,100,合計,31000,鳥取県,2005000000,2005年,戸
2768,0020,農家数,170,豆類,100,合計,32000,島根県,2005000000,2005年,戸
8909,0020,農家数,170,豆類,100,合計,33000,岡山県,2005000000,2005年,戸
2830,0020,農家数,170,豆類,100,合計,34000,広島県,2005000000,2005年,戸
2901,0020,農家数,170,豆類,100,合計,35000,山口県,2005000000,2005年,戸
1014,0020,農家数,170,豆類,100,合計,36000,徳島県,2005000000,2005年,戸
1629,0020,農家数,170,豆類,100,合計,37000,香川県,2005000000,2005年,戸
1967,0020,農家数,170,豆類,100,合計,38000,愛媛県,2005000000,2005年,戸
773,0020,農家数,170,豆類,100,合計,39000,高知県,2005000000,2005年,戸
9444,0020,農家数,170,豆類,100,合計,40000,福岡県,2005000000,2005年,戸
11595,0020,農家数,170,豆類,100,合計,41000,佐賀県,2005000000,2005年,戸
1921,0020,農家数,170,豆類,100,合計,42000,長崎県,2005000000,2005年,戸
5315,0020,農家数,170,豆類,100,合計,43000,熊本県,2005000000,2005年,戸
3440,0020,農家数,170,豆類,100,合計,44000,大分県,2005000000,2005年,戸
908,0020,農家数,170,豆類,100,合計,45000,宮崎県,2005000000,2005年,戸
1655,0020,農家数,170,豆類,100,合計,46000,鹿児島県,2005000000,2005年,戸
40182,0020,農家数,170,豆類,100,合計,60100,関東農政局,2005000000,2005年,戸
8444,0020,農家数,170,豆類,100,合計,60110,東海農政局,2005000000,2005年,戸
26241,0020,農家数,170,豆類,100,合計,60120,中国四国農政局,2005000000,2005年,戸
204827,0020,農家数,170,豆類,110,露地,00000,全国,2005000000,2005年,戸
17083,0020,農家数,170,豆類,110,露地,00042,北海道,2005000000,2005年,戸
187744,0020,農家数,170,豆類,110,露地,50002,都府県,2005000000,2005年,戸
44536,0020,農家数,170,豆類,110,露地,00043,東北,2005000000,2005年,戸
15275,0020,農家数,170,豆類,110,露地,00049,北陸,2005000000,2005年,戸
37354,0020,農家数,170,豆類,110,露地,53030,関東・東山,2005000000,2005年,戸
13917,0020,農家数,170,豆類,110,露地,00046,北関東,2005000000,2005年,戸
15230,0020,農家数,170,豆類,110,露地,00047,南関東,2005000000,2005年,戸
8207,0020,農家数,170,豆類,110,露地,53033,東山,2005000000,2005年,戸
11272,0020,農家数,170,豆類,110,露地,00050,東海,2005000000,2005年,戸
18753,0020,農家数,170,豆類,110,露地,00051,近畿,2005000000,2005年,戸
20858,0020,農家数,170,豆類,110,露地,00053,中国,2005000000,2005年,戸
6218,0020,農家数,170,豆類,110,露地,56061,山陰,2005000000,2005年,戸
14640,0020,農家数,170,豆類,110,露地,56062,山陽,2005000000,2005年,戸
5383,0020,農家数,170,豆類,110,露地,00054,四国,2005000000,2005年,戸
34278,0020,農家数,170,豆類,110,露地,00056,九州,2005000000,2005年,戸
31715,0020,農家数,170,豆類,110,露地,58081,北九州,2005000000,2005年,戸
2563,0020,農家数,170,豆類,110,露地,58082,南九州,2005000000,2005年,戸
35,0020,農家数,170,豆類,110,露地,00057,沖縄,2005000000,2005年,戸
4718,0020,農家数,170,豆類,110,露地,02000,青森県,2005000000,2005年,戸
7708,0020,農家数,170,豆類,110,露地,03000,岩手県,2005000000,2005年,戸
4973,0020,農家数,170,豆類,110,露地,04000,宮城県,2005000000,2005年,戸
9373,0020,農家数,170,豆類,110,露地,05000,秋田県,2005000000,2005年,戸
9840,0020,農家数,170,豆類,110,露地,06000,山形県,2005000000,2005年,戸
7924,0020,農家数,170,豆類,110,露地,07000,福島県,2005000000,2005年,戸
6370,0020,農家数,170,豆類,110,露地,08000,茨城県,2005000000,2005年,戸
5236,0020,農家数,170,豆類,110,露地,09000,栃木県,2005000000,2005年,戸
2311,0020,農家数,170,豆類,110,露地,10000,群馬県,2005000000,2005年,戸
2269,0020,農家数,170,豆類,110,露地,11000,埼玉県,2005000000,2005年,戸
9365,0020,農家数,170,豆類,110,露地,12000,千葉県,2005000000,2005年,戸
876,0020,農家数,170,豆類,110,露地,13000,東京都,2005000000,2005年,戸
2720,0020,農家数,170,豆類,110,露地,14000,神奈川県,2005000000,2005年,戸
8206,0020,農家数,170,豆類,110,露地,15000,新潟県,2005000000,2005年,戸
4097,0020,農家数,170,豆類,110,露地,16000,富山県,2005000000,2005年,戸
1622,0020,農家数,170,豆類,110,露地,17000,石川県,2005000000,2005年,戸
1350,0020,農家数,170,豆類,110,露地,18000,福井県,2005000000,2005年,戸
1104,0020,農家数,170,豆類,110,露地,19000,山梨県,2005000000,2005年,戸
7103,0020,農家数,170,豆類,110,露地,20000,長野県,2005000000,2005年,戸
2182,0020,農家数,170,豆類,110,露地,21000,岐阜県,2005000000,2005年,戸
2828,0020,農家数,170,豆類,110,露地,22000,静岡県,2005000000,2005年,戸
3633,0020,農家数,170,豆類,110,露地,23000,愛知県,2005000000,2005年,戸
2629,0020,農家数,170,豆類,110,露地,24000,三重県,2005000000,2005年,戸
4103,0020,農家数,170,豆類,110,露地,25000,滋賀県,2005000000,2005年,戸
4450,0020,農家数,170,豆類,110,露地,26000,京都府,2005000000,2005年,戸
887,0020,農家数,170,豆類,110,露地,27000,大阪府,2005000000,2005年,戸
7461,0020,農家数,170,豆類,110,露地,28000,兵庫県,2005000000,2005年,戸
980,0020,農家数,170,豆類,110,露地,29000,奈良県,2005000000,2005年,戸
872,0020,農家数,170,豆類,110,露地,30000,和歌山県,2005000000,2005年,戸
3450,0020,農家数,170,豆類,110,露地,31000,鳥取県,2005000000,2005年,戸
2768,0020,農家数,170,豆類,110,露地,32000,島根県,2005000000,2005年,戸
8909,0020,農家数,170,豆類,110,露地,33000,岡山県,2005000000,2005年,戸
2830,0020,農家数,170,豆類,110,露地,34000,広島県,2005000000,2005年,戸
2901,0020,農家数,170,豆類,110,露地,35000,山口県,2005000000,2005年,戸
1014,0020,農家数,170,豆類,110,露地,36000,徳島県,2005000000,2005年,戸
1629,0020,農家数,170,豆類,110,露地,37000,香川県,2005000000,2005年,戸
1967,0020,農家数,170,豆類,110,露地,38000,愛媛県,2005000000,2005年,戸
773,0020,農家数,170,豆類,110,露地,39000,高知県,2005000000,2005年,戸
9444,0020,農家数,170,豆類,110,露地,40000,福岡県,2005000000,2005年,戸
11595,0020,農家数,170,豆類,110,露地,41000,佐賀県,2005000000,2005年,戸
1921,0020,農家数,170,豆類,110,露地,42000,長崎県,2005000000,2005年,戸
5315,0020,農家数,170,豆類,110,露地,43000,熊本県,2005000000,2005年,戸
3440,0020,農家数,170,豆類,110,露地,44000,大分県,2005000000,2005年,戸
908,0020,農家数,170,豆類,110,露地,45000,宮崎県,2005000000,2005年,戸
1655,0020,農家数,170,豆類,110,露地,46000,鹿児島県,2005000000,2005年,戸
40182,0020,農家数,170,豆類,110,露地,60100,関東農政局,2005000000,2005年,戸
8444,0020,農家数,170,豆類,110,露地,60110,東海農政局,2005000000,2005年,戸
26241,0020,農家数,170,豆類,110,露地,60120,中国四国農政局,2005000000,2005年,戸
97900,0020,農家数,180,工芸農作物,100,合計,00000,全国,2005000000,2005年,戸
9944,0020,農家数,180,工芸農作物,100,合計,00042,北海道,2005000000,2005年,戸
87956,0020,農家数,180,工芸農作物,100,合計,50002,都府県,2005000000,2005年,戸
9887,0020,農家数,180,工芸農作物,100,合計,00043,東北,2005000000,2005年,戸
1462,0020,農家数,180,工芸農作物,100,合計,00049,北陸,2005000000,2005年,戸
9320,0020,農家数,180,工芸農作物,100,合計,53030,関東・東山,2005000000,2005年,戸
5301,0020,農家数,180,工芸農作物,100,合計,00046,北関東,2005000000,2005年,戸
2865,0020,農家数,180,工芸農作物,100,合計,00047,南関東,2005000000,2005年,戸
1154,0020,農家数,180,工芸農作物,100,合計,53033,東山,2005000000,2005年,戸
22685,0020,農家数,180,工芸農作物,100,合計,00050,東海,2005000000,2005年,戸
3383,0020,農家数,180,工芸農作物,100,合計,00051,近畿,2005000000,2005年,戸
3395,0020,農家数,180,工芸農作物,100,合計,00053,中国,2005000000,2005年,戸
1474,0020,農家数,180,工芸農作物,100,合計,56061,山陰,2005000000,2005年,戸
1921,0020,農家数,180,工芸農作物,100,合計,56062,山陽,2005000000,2005年,戸
3559,0020,農家数,180,工芸農作物,100,合計,00054,四国,2005000000,2005年,戸
22882,0020,農家数,180,工芸農作物,100,合計,00056,九州,2005000000,2005年,戸
8842,0020,農家数,180,工芸農作物,100,合計,58081,北九州,2005000000,2005年,戸
14040,0020,農家数,180,工芸農作物,100,合計,58082,南九州,2005000000,2005年,戸
11383,0020,農家数,180,工芸農作物,100,合計,00057,沖縄,2005000000,2005年,戸
1749,0020,農家数,180,工芸農作物,100,合計,02000,青森県,2005000000,2005年,戸
3306,0020,農家数,180,工芸農作物,100,合計,03000,岩手県,2005000000,2005年,戸
542,0020,農家数,180,工芸農作物,100,合計,04000,宮城県,2005000000,2005年,戸
1134,0020,農家数,180,工芸農作物,100,合計,05000,秋田県,2005000000,2005年,戸
730,0020,農家数,180,工芸農作物,100,合計,06000,山形県,2005000000,2005年,戸
2426,0020,農家数,180,工芸農作物,100,合計,07000,福島県,2005000000,2005年,戸
1550,0020,農家数,180,工芸農作物,100,合計,08000,茨城県,2005000000,2005年,戸
1202,0020,農家数,180,工芸農作物,100,合計,09000,栃木県,2005000000,2005年,戸
2549,0020,農家数,180,工芸農作物,100,合計,10000,群馬県,2005000000,2005年,戸
1435,0020,農家数,180,工芸農作物,100,合計,11000,埼玉県,2005000000,2005年,戸
439,0020,農家数,180,工芸農作物,100,合計,12000,千葉県,2005000000,2005年,戸
414,0020,農家数,180,工芸農作物,100,合計,13000,東京都,2005000000,2005年,戸
577,0020,農家数,180,工芸農作物,100,合計,14000,神奈川県,2005000000,2005年,戸
940,0020,農家数,180,工芸農作物,100,合計,15000,新潟県,2005000000,2005年,戸
181,0020,農家数,180,工芸農作物,100,合計,16000,富山県,2005000000,2005年,戸
242,0020,農家数,180,工芸農作物,100,合計,17000,石川県,2005000000,2005年,戸
99,0020,農家数,180,工芸農作物,100,合計,18000,福井県,2005000000,2005年,戸
268,0020,農家数,180,工芸農作物,100,合計,19000,山梨県,2005000000,2005年,戸
886,0020,農家数,180,工芸農作物,100,合計,20000,長野県,2005000000,2005年,戸
1379,0020,農家数,180,工芸農作物,100,合計,21000,岐阜県,2005000000,2005年,戸
17945,0020,農家数,180,工芸農作物,100,合計,22000,静岡県,2005000000,2005年,戸
896,0020,農家数,180,工芸農作物,100,合計,23000,愛知県,2005000000,2005年,戸
2465,0020,農家数,180,工芸農作物,100,合計,24000,三重県,2005000000,2005年,戸
482,0020,農家数,180,工芸農作物,100,合計,25000,滋賀県,2005000000,2005年,戸
1189,0020,農家数,180,工芸農作物,100,合計,26000,京都府,2005000000,2005年,戸
59,0020,農家数,180,工芸農作物,100,合計,27000,大阪府,2005000000,2005年,戸
501,0020,農家数,180,工芸農作物,100,合計,28000,兵庫県,2005000000,2005年,戸
533,0020,農家数,180,工芸農作物,100,合計,29000,奈良県,2005000000,2005年,戸
619,0020,農家数,180,工芸農作物,100,合計,30000,和歌山県,2005000000,2005年,戸
433,0020,農家数,180,工芸農作物,100,合計,31000,鳥取県,2005000000,2005年,戸
1041,0020,農家数,180,工芸農作物,100,合計,32000,島根県,2005000000,2005年,戸
918,0020,農家数,180,工芸農作物,100,合計,33000,岡山県,2005000000,2005年,戸
661,0020,農家数,180,工芸農作物,100,合計,34000,広島県,2005000000,2005年,戸
342,0020,農家数,180,工芸農作物,100,合計,35000,山口県,2005000000,2005年,戸
818,0020,農家数,180,工芸農作物,100,合計,36000,徳島県,2005000000,2005年,戸
537,0020,農家数,180,工芸農作物,100,合計,37000,香川県,2005000000,2005年,戸
837,0020,農家数,180,工芸農作物,100,合計,38000,愛媛県,2005000000,2005年,戸
1367,0020,農家数,180,工芸農作物,100,合計,39000,高知県,2005000000,2005年,戸
1846,0020,農家数,180,工芸農作物,100,合計,40000,福岡県,2005000000,2005年,戸
1294,0020,農家数,180,工芸農作物,100,合計,41000,佐賀県,2005000000,2005年,戸
1118,0020,農家数,180,工芸農作物,100,合計,42000,長崎県,2005000000,2005年,戸
3519,0020,農家数,180,工芸農作物,100,合計,43000,熊本県,2005000000,2005年,戸
1065,0020,農家数,180,工芸農作物,100,合計,44000,大分県,2005000000,2005年,戸
2045,0020,農家数,180,工芸農作物,100,合計,45000,宮崎県,2005000000,2005年,戸
11995,0020,農家数,180,工芸農作物,100,合計,46000,鹿児島県,2005000000,2005年,戸
27265,0020,農家数,180,工芸農作物,100,合計,60100,関東農政局,2005000000,2005年,戸
4740,0020,農家数,180,工芸農作物,100,合計,60110,東海農政局,2005000000,2005年,戸
6954,0020,農家数,180,工芸農作物,100,合計,60120,中国四国農政局,2005000000,2005年,戸
97900,0020,農家数,180,工芸農作物,110,露地,00000,全国,2005000000,2005年,戸
9944,0020,農家数,180,工芸農作物,110,露地,00042,北海道,2005000000,2005年,戸
87956,0020,農家数,180,工芸農作物,110,露地,50002,都府県,2005000000,2005年,戸
9887,0020,農家数,180,工芸農作物,110,露地,00043,東北,2005000000,2005年,戸
1462,0020,農家数,180,工芸農作物,110,露地,00049,北陸,2005000000,2005年,戸
9320,0020,農家数,180,工芸農作物,110,露地,53030,関東・東山,2005000000,2005年,戸
5301,0020,農家数,180,工芸農作物,110,露地,00046,北関東,2005000000,2005年,戸
2865,0020,農家数,180,工芸農作物,110,露地,00047,南関東,2005000000,2005年,戸
1154,0020,農家数,180,工芸農作物,110,露地,53033,東山,2005000000,2005年,戸
22685,0020,農家数,180,工芸農作物,110,露地,00050,東海,2005000000,2005年,戸
3383,0020,農家数,180,工芸農作物,110,露地,00051,近畿,2005000000,2005年,戸
3395,0020,農家数,180,工芸農作物,110,露地,00053,中国,2005000000,2005年,戸
1474,0020,農家数,180,工芸農作物,110,露地,56061,山陰,2005000000,2005年,戸
1921,0020,農家数,180,工芸農作物,110,露地,56062,山陽,2005000000,2005年,戸
3559,0020,農家数,180,工芸農作物,110,露地,00054,四国,2005000000,2005年,戸
22882,0020,農家数,180,工芸農作物,110,露地,00056,九州,2005000000,2005年,戸
8842,0020,農家数,180,工芸農作物,110,露地,58081,北九州,2005000000,2005年,戸
14040,0020,農家数,180,工芸農作物,110,露地,58082,南九州,2005000000,2005年,戸
11383,0020,農家数,180,工芸農作物,110,露地,00057,沖縄,2005000000,2005年,戸
1749,0020,農家数,180,工芸農作物,110,露地,02000,青森県,2005000000,2005年,戸
3306,0020,農家数,180,工芸農作物,110,露地,03000,岩手県,2005000000,2005年,戸
542,0020,農家数,180,工芸農作物,110,露地,04000,宮城県,2005000000,2005年,戸
1134,0020,農家数,180,工芸農作物,110,露地,05000,秋田県,2005000000,2005年,戸
730,0020,農家数,180,工芸農作物,110,露地,06000,山形県,2005000000,2005年,戸
2426,0020,農家数,180,工芸農作物,110,露地,07000,福島県,2005000000,2005年,戸
1550,0020,農家数,180,工芸農作物,110,露地,08000,茨城県,2005000000,2005年,戸
1202,0020,農家数,180,工芸農作物,110,露地,09000,栃木県,2005000000,2005年,戸
2549,0020,農家数,180,工芸農作物,110,露地,10000,群馬県,2005000000,2005年,戸
1435,0020,農家数,180,工芸農作物,110,露地,11000,埼玉県,2005000000,2005年,戸
439,0020,農家数,180,工芸農作物,110,露地,12000,千葉県,2005000000,2005年,戸
414,0020,農家数,180,工芸農作物,110,露地,13000,東京都,2005000000,2005年,戸
577,0020,農家数,180,工芸農作物,110,露地,14000,神奈川県,2005000000,2005年,戸
940,0020,農家数,180,工芸農作物,110,露地,15000,新潟県,2005000000,2005年,戸
181,0020,農家数,180,工芸農作物,110,露地,16000,富山県,2005000000,2005年,戸
242,0020,農家数,180,工芸農作物,110,露地,17000,石川県,2005000000,2005年,戸
99,0020,農家数,180,工芸農作物,110,露地,18000,福井県,2005000000,2005年,戸
268,0020,農家数,180,工芸農作物,110,露地,19000,山梨県,2005000000,2005年,戸
886,0020,農家数,180,工芸農作物,110,露地,20000,長野県,2005000000,2005年,戸
1379,0020,農家数,180,工芸農作物,110,露地,21000,岐阜県,2005000000,2005年,戸
17945,0020,農家数,180,工芸農作物,110,露地,22000,静岡県,2005000000,2005年,戸
896,0020,農家数,180,工芸農作物,110,露地,23000,愛知県,2005000000,2005年,戸
2465,0020,農家数,180,工芸農作物,110,露地,24000,三重県,2005000000,2005年,戸
482,0020,農家数,180,工芸農作物,110,露地,25000,滋賀県,2005000000,2005年,戸
1189,0020,農家数,180,工芸農作物,110,露地,26000,京都府,2005000000,2005年,戸
59,0020,農家数,180,工芸農作物,110,露地,27000,大阪府,2005000000,2005年,戸
501,0020,農家数,180,工芸農作物,110,露地,28000,兵庫県,2005000000,2005年,戸
533,0020,農家数,180,工芸農作物,110,露地,29000,奈良県,2005000000,2005年,戸
619,0020,農家数,180,工芸農作物,110,露地,30000,和歌山県,2005000000,2005年,戸
433,0020,農家数,180,工芸農作物,110,露地,31000,鳥取県,2005000000,2005年,戸
1041,0020,農家数,180,工芸農作物,110,露地,32000,島根県,2005000000,2005年,戸
918,0020,農家数,180,工芸農作物,110,露地,33000,岡山県,2005000000,2005年,戸
661,0020,農家数,180,工芸農作物,110,露地,34000,広島県,2005000000,2005年,戸
342,0020,農家数,180,工芸農作物,110,露地,35000,山口県,2005000000,2005年,戸
818,0020,農家数,180,工芸農作物,110,露地,36000,徳島県,2005000000,2005年,戸
537,0020,農家数,180,工芸農作物,110,露地,37000,香川県,2005000000,2005年,戸
837,0020,農家数,180,工芸農作物,110,露地,38000,愛媛県,2005000000,2005年,戸
1367,0020,農家数,180,工芸農作物,110,露地,39000,高知県,2005000000,2005年,戸
1846,0020,農家数,180,工芸農作物,110,露地,40000,福岡県,2005000000,2005年,戸
1294,0020,農家数,180,工芸農作物,110,露地,41000,佐賀県,2005000000,2005年,戸
1118,0020,農家数,180,工芸農作物,110,露地,42000,長崎県,2005000000,2005年,戸
3519,0020,農家数,180,工芸農作物,110,露地,43000,熊本県,2005000000,2005年,戸
1065,0020,農家数,180,工芸農作物,110,露地,44000,大分県,2005000000,2005年,戸
2045,0020,農家数,180,工芸農作物,110,露地,45000,宮崎県,2005000000,2005年,戸
11995,0020,農家数,180,工芸農作物,110,露地,46000,鹿児島県,2005000000,2005年,戸
27265,0020,農家数,180,工芸農作物,110,露地,60100,関東農政局,2005000000,2005年,戸
4740,0020,農家数,180,工芸農作物,110,露地,60110,東海農政局,2005000000,2005年,戸
6954,0020,農家数,180,工芸農作物,110,露地,60120,中国四国農政局,2005000000,2005年,戸
510586,0020,農家数,190,野菜類,100,合計,00000,全国,2005000000,2005年,戸
22607,0020,農家数,190,野菜類,100,合計,00042,北海道,2005000000,2005年,戸
487979,0020,農家数,190,野菜類,100,合計,50002,都府県,2005000000,2005年,戸
82190,0020,農家数,190,野菜類,100,合計,00043,東北,2005000000,2005年,戸
21908,0020,農家数,190,野菜類,100,合計,00049,北陸,2005000000,2005年,戸
137624,0020,農家数,190,野菜類,100,合計,53030,関東・東山,2005000000,2005年,戸
54166,0020,農家数,190,野菜類,100,合計,00046,北関東,2005000000,2005年,戸
56021,0020,農家数,190,野菜類,100,合計,00047,南関東,2005000000,2005年,戸
27437,0020,農家数,190,野菜類,100,合計,53033,東山,2005000000,2005年,戸
48809,0020,農家数,190,野菜類,100,合計,00050,東海,2005000000,2005年,戸
38992,0020,農家数,190,野菜類,100,合計,00051,近畿,2005000000,2005年,戸
39862,0020,農家数,190,野菜類,100,合計,00053,中国,2005000000,2005年,戸
13210,0020,農家数,190,野菜類,100,合計,56061,山陰,2005000000,2005年,戸
26652,0020,農家数,190,野菜類,100,合計,56062,山陽,2005000000,2005年,戸
35451,0020,農家数,190,野菜類,100,合計,00054,四国,2005000000,2005年,戸
79655,0020,農家数,190,野菜類,100,合計,00056,九州,2005000000,2005年,戸
57394,0020,農家数,190,野菜類,100,合計,58081,北九州,2005000000,2005年,戸
22261,0020,農家数,190,野菜類,100,合計,58082,南九州,2005000000,2005年,戸
3488,0020,農家数,190,野菜類,100,合計,00057,沖縄,2005000000,2005年,戸
12267,0020,農家数,190,野菜類,100,合計,02000,青森県,2005000000,2005年,戸
14428,0020,農家数,190,野菜類,100,合計,03000,岩手県,2005000000,2005年,戸
10799,0020,農家数,190,野菜類,100,合計,04000,宮城県,2005000000,2005年,戸
10632,0020,農家数,190,野菜類,100,合計,05000,秋田県,2005000000,2005年,戸
12460,0020,農家数,190,野菜類,100,合計,06000,山形県,2005000000,2005年,戸
21604,0020,農家数,190,野菜類,100,合計,07000,福島県,2005000000,2005年,戸
23770,0020,農家数,190,野菜類,100,合計,08000,茨城県,2005000000,2005年,戸
13124,0020,農家数,190,野菜類,100,合計,09000,栃木県,2005000000,2005年,戸
17272,0020,農家数,190,野菜類,100,合計,10000,群馬県,2005000000,2005年,戸
16219,0020,農家数,190,野菜類,100,合計,11000,埼玉県,2005000000,2005年,戸
25263,0020,農家数,190,野菜類,100,合計,12000,千葉県,2005000000,2005年,戸
5059,0020,農家数,190,野菜類,100,合計,13000,東京都,2005000000,2005年,戸
9480,0020,農家数,190,野菜類,100,合計,14000,神奈川県,2005000000,2005年,戸
11296,0020,農家数,190,野菜類,100,合計,15000,新潟県,2005000000,2005年,戸
3600,0020,農家数,190,野菜類,100,合計,16000,富山県,2005000000,2005年,戸
3374,0020,農家数,190,野菜類,100,合計,17000,石川県,2005000000,2005年,戸
3638,0020,農家数,190,野菜類,100,合計,18000,福井県,2005000000,2005年,戸
3962,0020,農家数,190,野菜類,100,合計,19000,山梨県,2005000000,2005年,戸
23475,0020,農家数,190,野菜類,100,合計,20000,長野県,2005000000,2005年,戸
7482,0020,農家数,190,野菜類,100,合計,21000,岐阜県,2005000000,2005年,戸
15168,0020,農家数,190,野菜類,100,合計,22000,静岡県,2005000000,2005年,戸
19681,0020,農家数,190,野菜類,100,合計,23000,愛知県,2005000000,2005年,戸
6478,0020,農家数,190,野菜類,100,合計,24000,三重県,2005000000,2005年,戸
3456,0020,農家数,190,野菜類,100,合計,25000,滋賀県,2005000000,2005年,戸
7854,0020,農家数,190,野菜類,100,合計,26000,京都府,2005000000,2005年,戸
4074,0020,農家数,190,野菜類,100,合計,27000,大阪府,2005000000,2005年,戸
13670,0020,農家数,190,野菜類,100,合計,28000,兵庫県,2005000000,2005年,戸
4202,0020,農家数,190,野菜類,100,合計,29000,奈良県,2005000000,2005年,戸
5736,0020,農家数,190,野菜類,100,合計,30000,和歌山県,2005000000,2005年,戸
6613,0020,農家数,190,野菜類,100,合計,31000,鳥取県,2005000000,2005年,戸
6597,0020,農家数,190,野菜類,100,合計,32000,島根県,2005000000,2005年,戸
9920,0020,農家数,190,野菜類,100,合計,33000,岡山県,2005000000,2005年,戸
7935,0020,農家数,190,野菜類,100,合計,34000,広島県,2005000000,2005年,戸
8797,0020,農家数,190,野菜類,100,合計,35000,山口県,2005000000,2005年,戸
8693,0020,農家数,190,野菜類,100,合計,36000,徳島県,2005000000,2005年,戸
7812,0020,農家数,190,野菜類,100,合計,37000,香川県,2005000000,2005年,戸
8955,0020,農家数,190,野菜類,100,合計,38000,愛媛県,2005000000,2005年,戸
9991,0020,農家数,190,野菜類,100,合計,39000,高知県,2005000000,2005年,戸
13604,0020,農家数,190,野菜類,100,合計,40000,福岡県,2005000000,2005年,戸
9599,0020,農家数,190,野菜類,100,合計,41000,佐賀県,2005000000,2005年,戸
10112,0020,農家数,190,野菜類,100,合計,42000,長崎県,2005000000,2005年,戸
17170,0020,農家数,190,野菜類,100,合計,43000,熊本県,2005000000,2005年,戸
6909,0020,農家数,190,野菜類,100,合計,44000,大分県,2005000000,2005年,戸
11024,0020,農家数,190,野菜類,100,合計,45000,宮崎県,2005000000,2005年,戸
11237,0020,農家数,190,野菜類,100,合計,46000,鹿児島県,2005000000,2005年,戸
152792,0020,農家数,190,野菜類,100,合計,60100,関東農政局,2005000000,2005年,戸
33641,0020,農家数,190,野菜類,100,合計,60110,東海農政局,2005000000,2005年,戸
75313,0020,農家数,190,野菜類,100,合計,60120,中国四国農政局,2005000000,2005年,戸
435013,0020,農家数,190,野菜類,110,露地,00000,全国,2005000000,2005年,戸
19042,0020,農家数,190,野菜類,110,露地,00042,北海道,2005000000,2005年,戸
415971,0020,農家数,190,野菜類,110,露地,50002,都府県,2005000000,2005年,戸
72908,0020,農家数,190,野菜類,110,露地,00043,東北,2005000000,2005年,戸
20755,0020,農家数,190,野菜類,110,露地,00049,北陸,2005000000,2005年,戸
122044,0020,農家数,190,野菜類,110,露地,53030,関東・東山,2005000000,2005年,戸
44088,0020,農家数,190,野菜類,110,露地,00046,北関東,2005000000,2005年,戸
51792,0020,農家数,190,野菜類,110,露地,00047,南関東,2005000000,2005年,戸
26164,0020,農家数,190,野菜類,110,露地,53033,東山,2005000000,2005年,戸
40438,0020,農家数,190,野菜類,110,露地,00050,東海,2005000000,2005年,戸
35349,0020,農家数,190,野菜類,110,露地,00051,近畿,2005000000,2005年,戸
36307,0020,農家数,190,野菜類,110,露地,00053,中国,2005000000,2005年,戸
12075,0020,農家数,190,野菜類,110,露地,56061,山陰,2005000000,2005年,戸
24232,0020,農家数,190,野菜類,110,露地,56062,山陽,2005000000,2005年,戸
28287,0020,農家数,190,野菜類,110,露地,00054,四国,2005000000,2005年,戸
57093,0020,農家数,190,野菜類,110,露地,00056,九州,2005000000,2005年,戸
39571,0020,農家数,190,野菜類,110,露地,58081,北九州,2005000000,2005年,戸
17522,0020,農家数,190,野菜類,110,露地,58082,南九州,2005000000,2005年,戸
2790,0020,農家数,190,野菜類,110,露地,00057,沖縄,2005000000,2005年,戸
11160,0020,農家数,190,野菜類,110,露地,02000,青森県,2005000000,2005年,戸
12061,0020,農家数,190,野菜類,110,露地,03000,岩手県,2005000000,2005年,戸
8729,0020,農家数,190,野菜類,110,露地,04000,宮城県,2005000000,2005年,戸
9621,0020,農家数,190,野菜類,110,露地,05000,秋田県,2005000000,2005年,戸
11593,0020,農家数,190,野菜類,110,露地,06000,山形県,2005000000,2005年,戸
19744,0020,農家数,190,野菜類,110,露地,07000,福島県,2005000000,2005年,戸
19972,0020,農家数,190,野菜類,110,露地,08000,茨城県,2005000000,2005年,戸
9352,0020,農家数,190,野菜類,110,露地,09000,栃木県,2005000000,2005年,戸
14764,0020,農家数,190,野菜類,110,露地,10000,群馬県,2005000000,2005年,戸
14507,0020,農家数,190,野菜類,110,露地,11000,埼玉県,2005000000,2005年,戸
23069,0020,農家数,190,野菜類,110,露地,12000,千葉県,2005000000,2005年,戸
4982,0020,農家数,190,野菜類,110,露地,13000,東京都,2005000000,2005年,戸
9234,0020,農家数,190,野菜類,110,露地,14000,神奈川県,2005000000,2005年,戸
10760,0020,農家数,190,野菜類,110,露地,15000,新潟県,2005000000,2005年,戸
3518,0020,農家数,190,野菜類,110,露地,16000,富山県,2005000000,2005年,戸
3112,0020,農家数,190,野菜類,110,露地,17000,石川県,2005000000,2005年,戸
3365,0020,農家数,190,野菜類,110,露地,18000,福井県,2005000000,2005年,戸
3685,0020,農家数,190,野菜類,110,露地,19000,山梨県,2005000000,2005年,戸
22479,0020,農家数,190,野菜類,110,露地,20000,長野県,2005000000,2005年,戸
6297,0020,農家数,190,野菜類,110,露地,21000,岐阜県,2005000000,2005年,戸
11352,0020,農家数,190,野菜類,110,露地,22000,静岡県,2005000000,2005年,戸
17006,0020,農家数,190,野菜類,110,露地,23000,愛知県,2005000000,2005年,戸
5783,0020,農家数,190,野菜類,110,露地,24000,三重県,2005000000,2005年,戸
2990,0020,農家数,190,野菜類,110,露地,25000,滋賀県,2005000000,2005年,戸
7200,0020,農家数,190,野菜類,110,露地,26000,京都府,2005000000,2005年,戸
3763,0020,農家数,190,野菜類,110,露地,27000,大阪府,2005000000,2005年,戸
13125,0020,農家数,190,野菜類,110,露地,28000,兵庫県,2005000000,2005年,戸
3515,0020,農家数,190,野菜類,110,露地,29000,奈良県,2005000000,2005年,戸
4756,0020,農家数,190,野菜類,110,露地,30000,和歌山県,2005000000,2005年,戸
6129,0020,農家数,190,野菜類,110,露地,31000,鳥取県,2005000000,2005年,戸
5946,0020,農家数,190,野菜類,110,露地,32000,島根県,2005000000,2005年,戸
9098,0020,農家数,190,野菜類,110,露地,33000,岡山県,2005000000,2005年,戸
7156,0020,農家数,190,野菜類,110,露地,34000,広島県,2005000000,2005年,戸
7978,0020,農家数,190,野菜類,110,露地,35000,山口県,2005000000,2005年,戸
7639,0020,農家数,190,野菜類,110,露地,36000,徳島県,2005000000,2005年,戸
6929,0020,農家数,190,野菜類,110,露地,37000,香川県,2005000000,2005年,戸
7989,0020,農家数,190,野菜類,110,露地,38000,愛媛県,2005000000,2005年,戸
5730,0020,農家数,190,野菜類,110,露地,39000,高知県,2005000000,2005年,戸
9821,0020,農家数,190,野菜類,110,露地,40000,福岡県,2005000000,2005年,戸
6907,0020,農家数,190,野菜類,110,露地,41000,佐賀県,2005000000,2005年,戸
7861,0020,農家数,190,野菜類,110,露地,42000,長崎県,2005000000,2005年,戸
9566,0020,農家数,190,野菜類,110,露地,43000,熊本県,2005000000,2005年,戸
5416,0020,農家数,190,野菜類,110,露地,44000,大分県,2005000000,2005年,戸
7912,0020,農家数,190,野菜類,110,露地,45000,宮崎県,2005000000,2005年,戸
9610,0020,農家数,190,野菜類,110,露地,46000,鹿児島県,2005000000,2005年,戸
133396,0020,農家数,190,野菜類,110,露地,60100,関東農政局,2005000000,2005年,戸
29086,0020,農家数,190,野菜類,110,露地,60110,東海農政局,2005000000,2005年,戸
64594,0020,農家数,190,野菜類,110,露地,60120,中国四国農政局,2005000000,2005年,戸
146101,0020,農家数,190,野菜類,120,施設,00000,全国,2005000000,2005年,戸
8742,0020,農家数,190,野菜類,120,施設,00042,北海道,2005000000,2005年,戸
137359,0020,農家数,190,野菜類,120,施設,50002,都府県,2005000000,2005年,戸
22973,0020,農家数,190,野菜類,120,施設,00043,東北,2005000000,2005年,戸
3642,0020,農家数,190,野菜類,120,施設,00049,北陸,2005000000,2005年,戸
33958,0020,農家数,190,野菜類,120,施設,53030,関東・東山,2005000000,2005年,戸
17590,0020,農家数,190,野菜類,120,施設,00046,北関東,2005000000,2005年,戸
12521,0020,農家数,190,野菜類,120,施設,00047,南関東,2005000000,2005年,戸
3847,0020,農家数,190,野菜類,120,施設,53033,東山,2005000000,2005年,戸
14038,0020,農家数,190,野菜類,120,施設,00050,東海,2005000000,2005年,戸
8846,0020,農家数,190,野菜類,120,施設,00051,近畿,2005000000,2005年,戸
9283,0020,農家数,190,野菜類,120,施設,00053,中国,2005000000,2005年,戸
3366,0020,農家数,190,野菜類,120,施設,56061,山陰,2005000000,2005年,戸
5917,0020,農家数,190,野菜類,120,施設,56062,山陽,2005000000,2005年,戸
10978,0020,農家数,190,野菜類,120,施設,00054,四国,2005000000,2005年,戸
32322,0020,農家数,190,野菜類,120,施設,00056,九州,2005000000,2005年,戸
25063,0020,農家数,190,野菜類,120,施設,58081,北九州,2005000000,2005年,戸
7259,0020,農家数,190,野菜類,120,施設,58082,南九州,2005000000,2005年,戸
1319,0020,農家数,190,野菜類,120,施設,00057,沖縄,2005000000,2005年,戸
2705,0020,農家数,190,野菜類,120,施設,02000,青森県,2005000000,2005年,戸
5441,0020,農家数,190,野菜類,120,施設,03000,岩手県,2005000000,2005年,戸
4191,0020,農家数,190,野菜類,120,施設,04000,宮城県,2005000000,2005年,戸
2533,0020,農家数,190,野菜類,120,施設,05000,秋田県,2005000000,2005年,戸
3258,0020,農家数,190,野菜類,120,施設,06000,山形県,2005000000,2005年,戸
4845,0020,農家数,190,野菜類,120,施設,07000,福島県,2005000000,2005年,戸
6519,0020,農家数,190,野菜類,120,施設,08000,茨城県,2005000000,2005年,戸
5657,0020,農家数,190,野菜類,120,施設,09000,栃木県,2005000000,2005年,戸
5414,0020,農家数,190,野菜類,120,施設,10000,群馬県,2005000000,2005年,戸
4125,0020,農家数,190,野菜類,120,施設,11000,埼玉県,2005000000,2005年,戸
5945,0020,農家数,190,野菜類,120,施設,12000,千葉県,2005000000,2005年,戸
1094,0020,農家数,190,野菜類,120,施設,13000,東京都,2005000000,2005年,戸
1357,0020,農家数,190,野菜類,120,施設,14000,神奈川県,2005000000,2005年,戸
2035,0020,農家数,190,野菜類,120,施設,15000,新潟県,2005000000,2005年,戸
242,0020,農家数,190,野菜類,120,施設,16000,富山県,2005000000,2005年,戸
671,0020,農家数,190,野菜類,120,施設,17000,石川県,2005000000,2005年,戸
694,0020,農家数,190,野菜類,120,施設,18000,福井県,2005000000,2005年,戸
616,0020,農家数,190,野菜類,120,施設,19000,山梨県,2005000000,2005年,戸
3231,0020,農家数,190,野菜類,120,施設,20000,長野県,2005000000,2005年,戸
1868,0020,農家数,190,野菜類,120,施設,21000,岐阜県,2005000000,2005年,戸
5664,0020,農家数,190,野菜類,120,施設,22000,静岡県,2005000000,2005年,戸
5363,0020,農家数,190,野菜類,120,施設,23000,愛知県,2005000000,2005年,戸
1143,0020,農家数,190,野菜類,120,施設,24000,三重県,2005000000,2005年,戸
997,0020,農家数,190,野菜類,120,施設,25000,滋賀県,2005000000,2005年,戸
1710,0020,農家数,190,野菜類,120,施設,26000,京都府,2005000000,2005年,戸
1021,0020,農家数,190,野菜類,120,施設,27000,大阪府,2005000000,2005年,戸
1880,0020,農家数,190,野菜類,120,施設,28000,兵庫県,2005000000,2005年,戸
1357,0020,農家数,190,野菜類,120,施設,29000,奈良県,2005000000,2005年,戸
1881,0020,農家数,190,野菜類,120,施設,30000,和歌山県,2005000000,2005年,戸
1559,0020,農家数,190,野菜類,120,施設,31000,鳥取県,2005000000,2005年,戸
1807,0020,農家数,190,野菜類,120,施設,32000,島根県,2005000000,2005年,戸
1748,0020,農家数,190,野菜類,120,施設,33000,岡山県,2005000000,2005年,戸
2249,0020,農家数,190,野菜類,120,施設,34000,広島県,2005000000,2005年,戸
1920,0020,農家数,190,野菜類,120,施設,35000,山口県,2005000000,2005年,戸
1877,0020,農家数,190,野菜類,120,施設,36000,徳島県,2005000000,2005年,戸
1636,0020,農家数,190,野菜類,120,施設,37000,香川県,2005000000,2005年,戸
1950,0020,農家数,190,野菜類,120,施設,38000,愛媛県,2005000000,2005年,戸
5515,0020,農家数,190,野菜類,120,施設,39000,高知県,2005000000,2005年,戸
5478,0020,農家数,190,野菜類,120,施設,40000,福岡県,2005000000,2005年,戸
3678,0020,農家数,190,野菜類,120,施設,41000,佐賀県,2005000000,2005年,戸
3834,0020,農家数,190,野菜類,120,施設,42000,長崎県,2005000000,2005年,戸
9743,0020,農家数,190,野菜類,120,施設,43000,熊本県,2005000000,2005年,戸
2330,0020,農家数,190,野菜類,120,施設,44000,大分県,2005000000,2005年,戸
4536,0020,農家数,190,野菜類,120,施設,45000,宮崎県,2005000000,2005年,戸
2723,0020,農家数,190,野菜類,120,施設,46000,鹿児島県,2005000000,2005年,戸
39622,0020,農家数,190,野菜類,120,施設,60100,関東農政局,2005000000,2005年,戸
8374,0020,農家数,190,野菜類,120,施設,60110,東海農政局,2005000000,2005年,戸
20261,0020,農家数,190,野菜類,120,施設,60120,中国四国農政局,2005000000,2005年,戸
81129,0020,農家数,200,花き類・花木,100,合計,00000,全国,2005000000,2005年,戸
2089,0020,農家数,200,花き類・花木,100,合計,00042,北海道,2005000000,2005年,戸
79040,0020,農家数,200,花き類・花木,100,合計,50002,都府県,2005000000,2005年,戸
10357,0020,農家数,200,花き類・花木,100,合計,00043,東北,2005000000,2005年,戸
3535,0020,農家数,200,花き類・花木,100,合計,00049,北陸,2005000000,2005年,戸
20192,0020,農家数,200,花き類・花木,100,合計,53030,関東・東山,2005000000,2005年,戸
4647,0020,農家数,200,花き類・花木,100,合計,00046,北関東,2005000000,2005年,戸
10248,0020,農家数,200,花き類・花木,100,合計,00047,南関東,2005000000,2005年,戸
5297,0020,農家数,200,花き類・花木,100,合計,53033,東山,2005000000,2005年,戸
11981,0020,農家数,200,花き類・花木,100,合計,00050,東海,2005000000,2005年,戸
7385,0020,農家数,200,花き類・花木,100,合計,00051,近畿,2005000000,2005年,戸
6961,0020,農家数,200,花き類・花木,100,合計,00053,中国,2005000000,2005年,戸
2372,0020,農家数,200,花き類・花木,100,合計,56061,山陰,2005000000,2005年,戸
4589,0020,農家数,200,花き類・花木,100,合計,56062,山陽,2005000000,2005年,戸
5280,0020,農家数,200,花き類・花木,100,合計,00054,四国,2005000000,2005年,戸
11694,0020,農家数,200,花き類・花木,100,合計,00056,九州,2005000000,2005年,戸
8564,0020,農家数,200,花き類・花木,100,合計,58081,北九州,2005000000,2005年,戸
3130,0020,農家数,200,花き類・花木,100,合計,58082,南九州,2005000000,2005年,戸
1655,0020,農家数,200,花き類・花木,100,合計,00057,沖縄,2005000000,2005年,戸
978,0020,農家数,200,花き類・花木,100,合計,02000,青森県,2005000000,2005年,戸
2988,0020,農家数,200,花き類・花木,100,合計,03000,岩手県,2005000000,2005年,戸
1113,0020,農家数,200,花き類・花木,100,合計,04000,宮城県,2005000000,2005年,戸
1206,0020,農家数,200,花き類・花木,100,合計,05000,秋田県,2005000000,2005年,戸
1811,0020,農家数,200,花き類・花木,100,合計,06000,山形県,2005000000,2005年,戸
2261,0020,農家数,200,花き類・花木,100,合計,07000,福島県,2005000000,2005年,戸
1802,0020,農家数,200,花き類・花木,100,合計,08000,茨城県,2005000000,2005年,戸
1496,0020,農家数,200,花き類・花木,100,合計,09000,栃木県,2005000000,2005年,戸
1349,0020,農家数,200,花き類・花木,100,合計,10000,群馬県,2005000000,2005年,戸
3025,0020,農家数,200,花き類・花木,100,合計,11000,埼玉県,2005000000,2005年,戸
4181,0020,農家数,200,花き類・花木,100,合計,12000,千葉県,2005000000,2005年,戸
1554,0020,農家数,200,花き類・花木,100,合計,13000,東京都,2005000000,2005年,戸
1488,0020,農家数,200,花き類・花木,100,合計,14000,神奈川県,2005000000,2005年,戸
2042,0020,農家数,200,花き類・花木,100,合計,15000,新潟県,2005000000,2005年,戸
538,0020,農家数,200,花き類・花木,100,合計,16000,富山県,2005000000,2005年,戸
426,0020,農家数,200,花き類・花木,100,合計,17000,石川県,2005000000,2005年,戸
529,0020,農家数,200,花き類・花木,100,合計,18000,福井県,2005000000,2005年,戸
459,0020,農家数,200,花き類・花木,100,合計,19000,山梨県,2005000000,2005年,戸
4838,0020,農家数,200,花き類・花木,100,合計,20000,長野県,2005000000,2005年,戸
1138,0020,農家数,200,花き類・花木,100,合計,21000,岐阜県,2005000000,2005年,戸
4031,0020,農家数,200,花き類・花木,100,合計,22000,静岡県,2005000000,2005年,戸
5508,0020,農家数,200,花き類・花木,100,合計,23000,愛知県,2005000000,2005年,戸
1304,0020,農家数,200,花き類・花木,100,合計,24000,三重県,2005000000,2005年,戸
601,0020,農家数,200,花き類・花木,100,合計,25000,滋賀県,2005000000,2005年,戸
970,0020,農家数,200,花き類・花木,100,合計,26000,京都府,2005000000,2005年,戸
802,0020,農家数,200,花き類・花木,100,合計,27000,大阪府,2005000000,2005年,戸
2253,0020,農家数,200,花き類・花木,100,合計,28000,兵庫県,2005000000,2005年,戸
856,0020,農家数,200,花き類・花木,100,合計,29000,奈良県,2005000000,2005年,戸
1903,0020,農家数,200,花き類・花木,100,合計,30000,和歌山県,2005000000,2005年,戸
1226,0020,農家数,200,花き類・花木,100,合計,31000,鳥取県,2005000000,2005年,戸
1146,0020,農家数,200,花き類・花木,100,合計,32000,島根県,2005000000,2005年,戸
1634,0020,農家数,200,花き類・花木,100,合計,33000,岡山県,2005000000,2005年,戸
1590,0020,農家数,200,花き類・花木,100,合計,34000,広島県,2005000000,2005年,戸
1365,0020,農家数,200,花き類・花木,100,合計,35000,山口県,2005000000,2005年,戸
1200,0020,農家数,200,花き類・花木,100,合計,36000,徳島県,2005000000,2005年,戸
1564,0020,農家数,200,花き類・花木,100,合計,37000,香川県,2005000000,2005年,戸
1223,0020,農家数,200,花き類・花木,100,合計,38000,愛媛県,2005000000,2005年,戸
1293,0020,農家数,200,花き類・花木,100,合計,39000,高知県,2005000000,2005年,戸
3471,0020,農家数,200,花き類・花木,100,合計,40000,福岡県,2005000000,2005年,戸
771,0020,農家数,200,花き類・花木,100,合計,41000,佐賀県,2005000000,2005年,戸
1190,0020,農家数,200,花き類・花木,100,合計,42000,長崎県,2005000000,2005年,戸
2031,0020,農家数,200,花き類・花木,100,合計,43000,熊本県,2005000000,2005年,戸
1101,0020,農家数,200,花き類・花木,100,合計,44000,大分県,2005000000,2005年,戸
1041,0020,農家数,200,花き類・花木,100,合計,45000,宮崎県,2005000000,2005年,戸
2089,0020,農家数,200,花き類・花木,100,合計,46000,鹿児島県,2005000000,2005年,戸
24223,0020,農家数,200,花き類・花木,100,合計,60100,関東農政局,2005000000,2005年,戸
7950,0020,農家数,200,花き類・花木,100,合計,60110,東海農政局,2005000000,2005年,戸
12241,0020,農家数,200,花き類・花木,100,合計,60120,中国四国農政局,2005000000,2005年,戸
57866,0020,農家数,200,花き類・花木,110,露地,00000,全国,2005000000,2005年,戸
885,0020,農家数,200,花き類・花木,110,露地,00042,北海道,2005000000,2005年,戸
56981,0020,農家数,200,花き類・花木,110,露地,50002,都府県,2005000000,2005年,戸
7390,0020,農家数,200,花き類・花木,110,露地,00043,東北,2005000000,2005年,戸
2957,0020,農家数,200,花き類・花木,110,露地,00049,北陸,2005000000,2005年,戸
15152,0020,農家数,200,花き類・花木,110,露地,53030,関東・東山,2005000000,2005年,戸
3419,0020,農家数,200,花き類・花木,110,露地,00046,北関東,2005000000,2005年,戸
7947,0020,農家数,200,花き類・花木,110,露地,00047,南関東,2005000000,2005年,戸
3786,0020,農家数,200,花き類・花木,110,露地,53033,東山,2005000000,2005年,戸
7407,0020,農家数,200,花き類・花木,110,露地,00050,東海,2005000000,2005年,戸
5847,0020,農家数,200,花き類・花木,110,露地,00051,近畿,2005000000,2005年,戸
5645,0020,農家数,200,花き類・花木,110,露地,00053,中国,2005000000,2005年,戸
1884,0020,農家数,200,花き類・花木,110,露地,56061,山陰,2005000000,2005年,戸
3761,0020,農家数,200,花き類・花木,110,露地,56062,山陽,2005000000,2005年,戸
3678,0020,農家数,200,花き類・花木,110,露地,00054,四国,2005000000,2005年,戸
7494,0020,農家数,200,花き類・花木,110,露地,00056,九州,2005000000,2005年,戸
5562,0020,農家数,200,花き類・花木,110,露地,58081,北九州,2005000000,2005年,戸
1932,0020,農家数,200,花き類・花木,110,露地,58082,南九州,2005000000,2005年,戸
1411,0020,農家数,200,花き類・花木,110,露地,00057,沖縄,2005000000,2005年,戸
636,0020,農家数,200,花き類・花木,110,露地,02000,青森県,2005000000,2005年,戸
2548,0020,農家数,200,花き類・花木,110,露地,03000,岩手県,2005000000,2005年,戸
670,0020,農家数,200,花き類・花木,110,露地,04000,宮城県,2005000000,2005年,戸
827,0020,農家数,200,花き類・花木,110,露地,05000,秋田県,2005000000,2005年,戸
899,0020,農家数,200,花き類・花木,110,露地,06000,山形県,2005000000,2005年,戸
1810,0020,農家数,200,花き類・花木,110,露地,07000,福島県,2005000000,2005年,戸
1403,0020,農家数,200,花き類・花木,110,露地,08000,茨城県,2005000000,2005年,戸
1002,0020,農家数,200,花き類・花木,110,露地,09000,栃木県,2005000000,2005年,戸
1014,0020,農家数,200,花き類・花木,110,露地,10000,群馬県,2005000000,2005年,戸
2406,0020,農家数,200,花き類・花木,110,露地,11000,埼玉県,2005000000,2005年,戸
3023,0020,農家数,200,花き類・花木,110,露地,12000,千葉県,2005000000,2005年,戸
1382,0020,農家数,200,花き類・花木,110,露地,13000,東京都,2005000000,2005年,戸
1136,0020,農家数,200,花き類・花木,110,露地,14000,神奈川県,2005000000,2005年,戸
1623,0020,農家数,200,花き類・花木,110,露地,15000,新潟県,2005000000,2005年,戸
492,0020,農家数,200,花き類・花木,110,露地,16000,富山県,2005000000,2005年,戸
357,0020,農家数,200,花き類・花木,110,露地,17000,石川県,2005000000,2005年,戸
485,0020,農家数,200,花き類・花木,110,露地,18000,福井県,2005000000,2005年,戸
271,0020,農家数,200,花き類・花木,110,露地,19000,山梨県,2005000000,2005年,戸
3515,0020,農家数,200,花き類・花木,110,露地,20000,長野県,2005000000,2005年,戸
885,0020,農家数,200,花き類・花木,110,露地,21000,岐阜県,2005000000,2005年,戸
2724,0020,農家数,200,花き類・花木,110,露地,22000,静岡県,2005000000,2005年,戸
2694,0020,農家数,200,花き類・花木,110,露地,23000,愛知県,2005000000,2005年,戸
1104,0020,農家数,200,花き類・花木,110,露地,24000,三重県,2005000000,2005年,戸
496,0020,農家数,200,花き類・花木,110,露地,25000,滋賀県,2005000000,2005年,戸
838,0020,農家数,200,花き類・花木,110,露地,26000,京都府,2005000000,2005年,戸
722,0020,農家数,200,花き類・花木,110,露地,27000,大阪府,2005000000,2005年,戸
1942,0020,農家数,200,花き類・花木,110,露地,28000,兵庫県,2005000000,2005年,戸
751,0020,農家数,200,花き類・花木,110,露地,29000,奈良県,2005000000,2005年,戸
1098,0020,農家数,200,花き類・花木,110,露地,30000,和歌山県,2005000000,2005年,戸
946,0020,農家数,200,花き類・花木,110,露地,31000,鳥取県,2005000000,2005年,戸
938,0020,農家数,200,花き類・花木,110,露地,32000,島根県,2005000000,2005年,戸
1333,0020,農家数,200,花き類・花木,110,露地,33000,岡山県,2005000000,2005年,戸
1322,0020,農家数,200,花き類・花木,110,露地,34000,広島県,2005000000,2005年,戸
1106,0020,農家数,200,花き類・花木,110,露地,35000,山口県,2005000000,2005年,戸
836,0020,農家数,200,花き類・花木,110,露地,36000,徳島県,2005000000,2005年,戸
1249,0020,農家数,200,花き類・花木,110,露地,37000,香川県,2005000000,2005年,戸
926,0020,農家数,200,花き類・花木,110,露地,38000,愛媛県,2005000000,2005年,戸
667,0020,農家数,200,花き類・花木,110,露地,39000,高知県,2005000000,2005年,戸
2386,0020,農家数,200,花き類・花木,110,露地,40000,福岡県,2005000000,2005年,戸
518,0020,農家数,200,花き類・花木,110,露地,41000,佐賀県,2005000000,2005年,戸
860,0020,農家数,200,花き類・花木,110,露地,42000,長崎県,2005000000,2005年,戸
1095,0020,農家数,200,花き類・花木,110,露地,43000,熊本県,2005000000,2005年,戸
703,0020,農家数,200,花き類・花木,110,露地,44000,大分県,2005000000,2005年,戸
498,0020,農家数,200,花き類・花木,110,露地,45000,宮崎県,2005000000,2005年,戸
1434,0020,農家数,200,花き類・花木,110,露地,46000,鹿児島県,2005000000,2005年,戸
17876,0020,農家数,200,花き類・花木,110,露地,60100,関東農政局,2005000000,2005年,戸
4683,0020,農家数,200,花き類・花木,110,露地,60110,東海農政局,2005000000,2005年,戸
9323,0020,農家数,200,花き類・花木,110,露地,60120,中国四国農政局,2005000000,2005年,戸
37995,0020,農家数,200,花き類・花木,120,施設,00000,全国,2005000000,2005年,戸
1697,0020,農家数,200,花き類・花木,120,施設,00042,北海道,2005000000,2005年,戸
36298,0020,農家数,200,花き類・花木,120,施設,50002,都府県,2005000000,2005年,戸
4932,0020,農家数,200,花き類・花木,120,施設,00043,東北,2005000000,2005年,戸
1324,0020,農家数,200,花き類・花木,120,施設,00049,北陸,2005000000,2005年,戸
8832,0020,農家数,200,花き類・花木,120,施設,53030,関東・東山,2005000000,2005年,戸
1958,0020,農家数,200,花き類・花木,120,施設,00046,北関東,2005000000,2005年,戸
4259,0020,農家数,200,花き類・花木,120,施設,00047,南関東,2005000000,2005年,戸
2615,0020,農家数,200,花き類・花木,120,施設,53033,東山,2005000000,2005年,戸
6498,0020,農家数,200,花き類・花木,120,施設,00050,東海,2005000000,2005年,戸
2670,0020,農家数,200,花き類・花木,120,施設,00051,近畿,2005000000,2005年,戸
2548,0020,農家数,200,花き類・花木,120,施設,00053,中国,2005000000,2005年,戸
871,0020,農家数,200,花き類・花木,120,施設,56061,山陰,2005000000,2005年,戸
1677,0020,農家数,200,花き類・花木,120,施設,56062,山陽,2005000000,2005年,戸
2410,0020,農家数,200,花き類・花木,120,施設,00054,四国,2005000000,2005年,戸
6397,0020,農家数,200,花き類・花木,120,施設,00056,九州,2005000000,2005年,戸
4580,0020,農家数,200,花き類・花木,120,施設,58081,北九州,2005000000,2005年,戸
1817,0020,農家数,200,花き類・花木,120,施設,58082,南九州,2005000000,2005年,戸
687,0020,農家数,200,花き類・花木,120,施設,00057,沖縄,2005000000,2005年,戸
503,0020,農家数,200,花き類・花木,120,施設,02000,青森県,2005000000,2005年,戸
1028,0020,農家数,200,花き類・花木,120,施設,03000,岩手県,2005000000,2005年,戸
681,0020,農家数,200,花き類・花木,120,施設,04000,宮城県,2005000000,2005年,戸
665,0020,農家数,200,花き類・花木,120,施設,05000,秋田県,2005000000,2005年,戸
1185,0020,農家数,200,花き類・花木,120,施設,06000,山形県,2005000000,2005年,戸
870,0020,農家数,200,花き類・花木,120,施設,07000,福島県,2005000000,2005年,戸
669,0020,農家数,200,花き類・花木,120,施設,08000,茨城県,2005000000,2005年,戸
670,0020,農家数,200,花き類・花木,120,施設,09000,栃木県,2005000000,2005年,戸
619,0020,農家数,200,花き類・花木,120,施設,10000,群馬県,2005000000,2005年,戸
1227,0020,農家数,200,花き類・花木,120,施設,11000,埼玉県,2005000000,2005年,戸
1914,0020,農家数,200,花き類・花木,120,施設,12000,千葉県,2005000000,2005年,戸
507,0020,農家数,200,花き類・花木,120,施設,13000,東京都,2005000000,2005年,戸
611,0020,農家数,200,花き類・花木,120,施設,14000,神奈川県,2005000000,2005年,戸
896,0020,農家数,200,花き類・花木,120,施設,15000,新潟県,2005000000,2005年,戸
142,0020,農家数,200,花き類・花木,120,施設,16000,富山県,2005000000,2005年,戸
137,0020,農家数,200,花き類・花木,120,施設,17000,石川県,2005000000,2005年,戸
149,0020,農家数,200,花き類・花木,120,施設,18000,福井県,2005000000,2005年,戸
273,0020,農家数,200,花き類・花木,120,施設,19000,山梨県,2005000000,2005年,戸
2342,0020,農家数,200,花き類・花木,120,施設,20000,長野県,2005000000,2005年,戸
383,0020,農家数,200,花き類・花木,120,施設,21000,岐阜県,2005000000,2005年,戸
2040,0020,農家数,200,花き類・花木,120,施設,22000,静岡県,2005000000,2005年,戸
3737,0020,農家数,200,花き類・花木,120,施設,23000,愛知県,2005000000,2005年,戸
338,0020,農家数,200,花き類・花木,120,施設,24000,三重県,2005000000,2005年,戸
184,0020,農家数,200,花き類・花木,120,施設,25000,滋賀県,2005000000,2005年,戸
244,0020,農家数,200,花き類・花木,120,施設,26000,京都府,2005000000,2005年,戸
210,0020,農家数,200,花き類・花木,120,施設,27000,大阪府,2005000000,2005年,戸
684,0020,農家数,200,花き類・花木,120,施設,28000,兵庫県,2005000000,2005年,戸
251,0020,農家数,200,花き類・花木,120,施設,29000,奈良県,2005000000,2005年,戸
1097,0020,農家数,200,花き類・花木,120,施設,30000,和歌山県,2005000000,2005年,戸
442,0020,農家数,200,花き類・花木,120,施設,31000,鳥取県,2005000000,2005年,戸
429,0020,農家数,200,花き類・花木,120,施設,32000,島根県,2005000000,2005年,戸
542,0020,農家数,200,花き類・花木,120,施設,33000,岡山県,2005000000,2005年,戸
618,0020,農家数,200,花き類・花木,120,施設,34000,広島県,2005000000,2005年,戸
517,0020,農家数,200,花き類・花木,120,施設,35000,山口県,2005000000,2005年,戸
523,0020,農家数,200,花き類・花木,120,施設,36000,徳島県,2005000000,2005年,戸
675,0020,農家数,200,花き類・花木,120,施設,37000,香川県,2005000000,2005年,戸
437,0020,農家数,200,花き類・花木,120,施設,38000,愛媛県,2005000000,2005年,戸
775,0020,農家数,200,花き類・花木,120,施設,39000,高知県,2005000000,2005年,戸
1720,0020,農家数,200,花き類・花木,120,施設,40000,福岡県,2005000000,2005年,戸
409,0020,農家数,200,花き類・花木,120,施設,41000,佐賀県,2005000000,2005年,戸
545,0020,農家数,200,花き類・花木,120,施設,42000,長崎県,2005000000,2005年,戸
1296,0020,農家数,200,花き類・花木,120,施設,43000,熊本県,2005000000,2005年,戸
610,0020,農家数,200,花き類・花木,120,施設,44000,大分県,2005000000,2005年,戸
700,0020,農家数,200,花き類・花木,120,施設,45000,宮崎県,2005000000,2005年,戸
1117,0020,農家数,200,花き類・花木,120,施設,46000,鹿児島県,2005000000,2005年,戸
10872,0020,農家数,200,花き類・花木,120,施設,60100,関東農政局,2005000000,2005年,戸
4458,0020,農家数,200,花き類・花木,120,施設,60110,東海農政局,2005000000,2005年,戸
4958,0020,農家数,200,花き類・花木,120,施設,60120,中国四国農政局,2005000000,2005年,戸
22550,0020,農家数,210,種苗・苗木類,100,合計,00000,全国,2005000000,2005年,戸
811,0020,農家数,210,種苗・苗木類,100,合計,00042,北海道,2005000000,2005年,戸
21739,0020,農家数,210,種苗・苗木類,100,合計,50002,都府県,2005000000,2005年,戸
3177,0020,農家数,210,種苗・苗木類,100,合計,00043,東北,2005000000,2005年,戸
1200,0020,農家数,210,種苗・苗木類,100,合計,00049,北陸,2005000000,2005年,戸
5914,0020,農家数,210,種苗・苗木類,100,合計,53030,関東・東山,2005000000,2005年,戸
1573,0020,農家数,210,種苗・苗木類,100,合計,00046,北関東,2005000000,2005年,戸
3121,0020,農家数,210,種苗・苗木類,100,合計,00047,南関東,2005000000,2005年,戸
1220,0020,農家数,210,種苗・苗木類,100,合計,53033,東山,2005000000,2005年,戸
2830,0020,農家数,210,種苗・苗木類,100,合計,00050,東海,2005000000,2005年,戸
2099,0020,農家数,210,種苗・苗木類,100,合計,00051,近畿,2005000000,2005年,戸
1885,0020,農家数,210,種苗・苗木類,100,合計,00053,中国,2005000000,2005年,戸
719,0020,農家数,210,種苗・苗木類,100,合計,56061,山陰,2005000000,2005年,戸
1166,0020,農家数,210,種苗・苗木類,100,合計,56062,山陽,2005000000,2005年,戸
1346,0020,農家数,210,種苗・苗木類,100,合計,00054,四国,2005000000,2005年,戸
3170,0020,農家数,210,種苗・苗木類,100,合計,00056,九州,2005000000,2005年,戸
2400,0020,農家数,210,種苗・苗木類,100,合計,58081,北九州,2005000000,2005年,戸
770,0020,農家数,210,種苗・苗木類,100,合計,58082,南九州,2005000000,2005年,戸
118,0020,農家数,210,種苗・苗木類,100,合計,00057,沖縄,2005000000,2005年,戸
423,0020,農家数,210,種苗・苗木類,100,合計,02000,青森県,2005000000,2005年,戸
716,0020,農家数,210,種苗・苗木類,100,合計,03000,岩手県,2005000000,2005年,戸
498,0020,農家数,210,種苗・苗木類,100,合計,04000,宮城県,2005000000,2005年,戸
386,0020,農家数,210,種苗・苗木類,100,合計,05000,秋田県,2005000000,2005年,戸
531,0020,農家数,210,種苗・苗木類,100,合計,06000,山形県,2005000000,2005年,戸
623,0020,農家数,210,種苗・苗木類,100,合計,07000,福島県,2005000000,2005年,戸
665,0020,農家数,210,種苗・苗木類,100,合計,08000,茨城県,2005000000,2005年,戸
391,0020,農家数,210,種苗・苗木類,100,合計,09000,栃木県,2005000000,2005年,戸
517,0020,農家数,210,種苗・苗木類,100,合計,10000,群馬県,2005000000,2005年,戸
934,0020,農家数,210,種苗・苗木類,100,合計,11000,埼玉県,2005000000,2005年,戸
780,0020,農家数,210,種苗・苗木類,100,合計,12000,千葉県,2005000000,2005年,戸
739,0020,農家数,210,種苗・苗木類,100,合計,13000,東京都,2005000000,2005年,戸
668,0020,農家数,210,種苗・苗木類,100,合計,14000,神奈川県,2005000000,2005年,戸
647,0020,農家数,210,種苗・苗木類,100,合計,15000,新潟県,2005000000,2005年,戸
180,0020,農家数,210,種苗・苗木類,100,合計,16000,富山県,2005000000,2005年,戸
234,0020,農家数,210,種苗・苗木類,100,合計,17000,石川県,2005000000,2005年,戸
139,0020,農家数,210,種苗・苗木類,100,合計,18000,福井県,2005000000,2005年,戸
194,0020,農家数,210,種苗・苗木類,100,合計,19000,山梨県,2005000000,2005年,戸
1026,0020,農家数,210,種苗・苗木類,100,合計,20000,長野県,2005000000,2005年,戸
358,0020,農家数,210,種苗・苗木類,100,合計,21000,岐阜県,2005000000,2005年,戸
737,0020,農家数,210,種苗・苗木類,100,合計,22000,静岡県,2005000000,2005年,戸
1404,0020,農家数,210,種苗・苗木類,100,合計,23000,愛知県,2005000000,2005年,戸
331,0020,農家数,210,種苗・苗木類,100,合計,24000,三重県,2005000000,2005年,戸
173,0020,農家数,210,種苗・苗木類,100,合計,25000,滋賀県,2005000000,2005年,戸
396,0020,農家数,210,種苗・苗木類,100,合計,26000,京都府,2005000000,2005年,戸
250,0020,農家数,210,種苗・苗木類,100,合計,27000,大阪府,2005000000,2005年,戸
766,0020,農家数,210,種苗・苗木類,100,合計,28000,兵庫県,2005000000,2005年,戸
221,0020,農家数,210,種苗・苗木類,100,合計,29000,奈良県,2005000000,2005年,戸
293,0020,農家数,210,種苗・苗木類,100,合計,30000,和歌山県,2005000000,2005年,戸
321,0020,農家数,210,種苗・苗木類,100,合計,31000,鳥取県,2005000000,2005年,戸
398,0020,農家数,210,種苗・苗木類,100,合計,32000,島根県,2005000000,2005年,戸
384,0020,農家数,210,種苗・苗木類,100,合計,33000,岡山県,2005000000,2005年,戸
380,0020,農家数,210,種苗・苗木類,100,合計,34000,広島県,2005000000,2005年,戸
402,0020,農家数,210,種苗・苗木類,100,合計,35000,山口県,2005000000,2005年,戸
315,0020,農家数,210,種苗・苗木類,100,合計,36000,徳島県,2005000000,2005年,戸
396,0020,農家数,210,種苗・苗木類,100,合計,37000,香川県,2005000000,2005年,戸
353,0020,農家数,210,種苗・苗木類,100,合計,38000,愛媛県,2005000000,2005年,戸
282,0020,農家数,210,種苗・苗木類,100,合計,39000,高知県,2005000000,2005年,戸
769,0020,農家数,210,種苗・苗木類,100,合計,40000,福岡県,2005000000,2005年,戸
307,0020,農家数,210,種苗・苗木類,100,合計,41000,佐賀県,2005000000,2005年,戸
380,0020,農家数,210,種苗・苗木類,100,合計,42000,長崎県,2005000000,2005年,戸
707,0020,農家数,210,種苗・苗木類,100,合計,43000,熊本県,2005000000,2005年,戸
237,0020,農家数,210,種苗・苗木類,100,合計,44000,大分県,2005000000,2005年,戸
349,0020,農家数,210,種苗・苗木類,100,合計,45000,宮崎県,2005000000,2005年,戸
421,0020,農家数,210,種苗・苗木類,100,合計,46000,鹿児島県,2005000000,2005年,戸
6651,0020,農家数,210,種苗・苗木類,100,合計,60100,関東農政局,2005000000,2005年,戸
2093,0020,農家数,210,種苗・苗木類,100,合計,60110,東海農政局,2005000000,2005年,戸
3231,0020,農家数,210,種苗・苗木類,100,合計,60120,中国四国農政局,2005000000,2005年,戸
15332,0020,農家数,210,種苗・苗木類,110,露地,00000,全国,2005000000,2005年,戸
357,0020,農家数,210,種苗・苗木類,110,露地,00042,北海道,2005000000,2005年,戸
14975,0020,農家数,210,種苗・苗木類,110,露地,50002,都府県,2005000000,2005年,戸
1701,0020,農家数,210,種苗・苗木類,110,露地,00043,東北,2005000000,2005年,戸
624,0020,農家数,210,種苗・苗木類,110,露地,00049,北陸,2005000000,2005年,戸
4214,0020,農家数,210,種苗・苗木類,110,露地,53030,関東・東山,2005000000,2005年,戸
1124,0020,農家数,210,種苗・苗木類,110,露地,00046,北関東,2005000000,2005年,戸
2381,0020,農家数,210,種苗・苗木類,110,露地,00047,南関東,2005000000,2005年,戸
709,0020,農家数,210,種苗・苗木類,110,露地,53033,東山,2005000000,2005年,戸
2130,0020,農家数,210,種苗・苗木類,110,露地,00050,東海,2005000000,2005年,戸
1606,0020,農家数,210,種苗・苗木類,110,露地,00051,近畿,2005000000,2005年,戸
1338,0020,農家数,210,種苗・苗木類,110,露地,00053,中国,2005000000,2005年,戸
466,0020,農家数,210,種苗・苗木類,110,露地,56061,山陰,2005000000,2005年,戸
872,0020,農家数,210,種苗・苗木類,110,露地,56062,山陽,2005000000,2005年,戸
1015,0020,農家数,210,種苗・苗木類,110,露地,00054,四国,2005000000,2005年,戸
2265,0020,農家数,210,種苗・苗木類,110,露地,00056,九州,2005000000,2005年,戸
1777,0020,農家数,210,種苗・苗木類,110,露地,58081,北九州,2005000000,2005年,戸
488,0020,農家数,210,種苗・苗木類,110,露地,58082,南九州,2005000000,2005年,戸
82,0020,農家数,210,種苗・苗木類,110,露地,00057,沖縄,2005000000,2005年,戸
264,0020,農家数,210,種苗・苗木類,110,露地,02000,青森県,2005000000,2005年,戸
383,0020,農家数,210,種苗・苗木類,110,露地,03000,岩手県,2005000000,2005年,戸
252,0020,農家数,210,種苗・苗木類,110,露地,04000,宮城県,2005000000,2005年,戸
207,0020,農家数,210,種苗・苗木類,110,露地,05000,秋田県,2005000000,2005年,戸
235,0020,農家数,210,種苗・苗木類,110,露地,06000,山形県,2005000000,2005年,戸
360,0020,農家数,210,種苗・苗木類,110,露地,07000,福島県,2005000000,2005年,戸
506,0020,農家数,210,種苗・苗木類,110,露地,08000,茨城県,2005000000,2005年,戸
275,0020,農家数,210,種苗・苗木類,110,露地,09000,栃木県,2005000000,2005年,戸
343,0020,農家数,210,種苗・苗木類,110,露地,10000,群馬県,2005000000,2005年,戸
768,0020,農家数,210,種苗・苗木類,110,露地,11000,埼玉県,2005000000,2005年,戸
526,0020,農家数,210,種苗・苗木類,110,露地,12000,千葉県,2005000000,2005年,戸
593,0020,農家数,210,種苗・苗木類,110,露地,13000,東京都,2005000000,2005年,戸
494,0020,農家数,210,種苗・苗木類,110,露地,14000,神奈川県,2005000000,2005年,戸
335,0020,農家数,210,種苗・苗木類,110,露地,15000,新潟県,2005000000,2005年,戸
99,0020,農家数,210,種苗・苗木類,110,露地,16000,富山県,2005000000,2005年,戸
90,0020,農家数,210,種苗・苗木類,110,露地,17000,石川県,2005000000,2005年,戸
100,0020,農家数,210,種苗・苗木類,110,露地,18000,福井県,2005000000,2005年,戸
142,0020,農家数,210,種苗・苗木類,110,露地,19000,山梨県,2005000000,2005年,戸
567,0020,農家数,210,種苗・苗木類,110,露地,20000,長野県,2005000000,2005年,戸
251,0020,農家数,210,種苗・苗木類,110,露地,21000,岐阜県,2005000000,2005年,戸
489,0020,農家数,210,種苗・苗木類,110,露地,22000,静岡県,2005000000,2005年,戸
1124,0020,農家数,210,種苗・苗木類,110,露地,23000,愛知県,2005000000,2005年,戸
266,0020,農家数,210,種苗・苗木類,110,露地,24000,三重県,2005000000,2005年,戸
114,0020,農家数,210,種苗・苗木類,110,露地,25000,滋賀県,2005000000,2005年,戸
253,0020,農家数,210,種苗・苗木類,110,露地,26000,京都府,2005000000,2005年,戸
222,0020,農家数,210,種苗・苗木類,110,露地,27000,大阪府,2005000000,2005年,戸
618,0020,農家数,210,種苗・苗木類,110,露地,28000,兵庫県,2005000000,2005年,戸
164,0020,農家数,210,種苗・苗木類,110,露地,29000,奈良県,2005000000,2005年,戸
235,0020,農家数,210,種苗・苗木類,110,露地,30000,和歌山県,2005000000,2005年,戸
214,0020,農家数,210,種苗・苗木類,110,露地,31000,鳥取県,2005000000,2005年,戸
252,0020,農家数,210,種苗・苗木類,110,露地,32000,島根県,2005000000,2005年,戸
304,0020,農家数,210,種苗・苗木類,110,露地,33000,岡山県,2005000000,2005年,戸
263,0020,農家数,210,種苗・苗木類,110,露地,34000,広島県,2005000000,2005年,戸
305,0020,農家数,210,種苗・苗木類,110,露地,35000,山口県,2005000000,2005年,戸
227,0020,農家数,210,種苗・苗木類,110,露地,36000,徳島県,2005000000,2005年,戸
327,0020,農家数,210,種苗・苗木類,110,露地,37000,香川県,2005000000,2005年,戸
292,0020,農家数,210,種苗・苗木類,110,露地,38000,愛媛県,2005000000,2005年,戸
169,0020,農家数,210,種苗・苗木類,110,露地,39000,高知県,2005000000,2005年,戸
630,0020,農家数,210,種苗・苗木類,110,露地,40000,福岡県,2005000000,2005年,戸
222,0020,農家数,210,種苗・苗木類,110,露地,41000,佐賀県,2005000000,2005年,戸
312,0020,農家数,210,種苗・苗木類,110,露地,42000,長崎県,2005000000,2005年,戸
431,0020,農家数,210,種苗・苗木類,110,露地,43000,熊本県,2005000000,2005年,戸
182,0020,農家数,210,種苗・苗木類,110,露地,44000,大分県,2005000000,2005年,戸
191,0020,農家数,210,種苗・苗木類,110,露地,45000,宮崎県,2005000000,2005年,戸
297,0020,農家数,210,種苗・苗木類,110,露地,46000,鹿児島県,2005000000,2005年,戸
4703,0020,農家数,210,種苗・苗木類,110,露地,60100,関東農政局,2005000000,2005年,戸
1641,0020,農家数,210,種苗・苗木類,110,露地,60110,東海農政局,2005000000,2005年,戸
2353,0020,農家数,210,種苗・苗木類,110,露地,60120,中国四国農政局,2005000000,2005年,戸
8979,0020,農家数,210,種苗・苗木類,120,施設,00000,全国,2005000000,2005年,戸
499,0020,農家数,210,種苗・苗木類,120,施設,00042,北海道,2005000000,2005年,戸
8480,0020,農家数,210,種苗・苗木類,120,施設,50002,都府県,2005000000,2005年,戸
1703,0020,農家数,210,種苗・苗木類,120,施設,00043,東北,2005000000,2005年,戸
660,0020,農家数,210,種苗・苗木類,120,施設,00049,北陸,2005000000,2005年,戸
2181,0020,農家数,210,種苗・苗木類,120,施設,53030,関東・東山,2005000000,2005年,戸
573,0020,農家数,210,種苗・苗木類,120,施設,00046,北関東,2005000000,2005年,戸
1033,0020,農家数,210,種苗・苗木類,120,施設,00047,南関東,2005000000,2005年,戸
575,0020,農家数,210,種苗・苗木類,120,施設,53033,東山,2005000000,2005年,戸
934,0020,農家数,210,種苗・苗木類,120,施設,00050,東海,2005000000,2005年,戸
685,0020,農家数,210,種苗・苗木類,120,施設,00051,近畿,2005000000,2005年,戸
717,0020,農家数,210,種苗・苗木類,120,施設,00053,中国,2005000000,2005年,戸
322,0020,農家数,210,種苗・苗木類,120,施設,56061,山陰,2005000000,2005年,戸
395,0020,農家数,210,種苗・苗木類,120,施設,56062,山陽,2005000000,2005年,戸
428,0020,農家数,210,種苗・苗木類,120,施設,00054,四国,2005000000,2005年,戸
1126,0020,農家数,210,種苗・苗木類,120,施設,00056,九州,2005000000,2005年,戸
790,0020,農家数,210,種苗・苗木類,120,施設,58081,北九州,2005000000,2005年,戸
336,0020,農家数,210,種苗・苗木類,120,施設,58082,南九州,2005000000,2005年,戸
46,0020,農家数,210,種苗・苗木類,120,施設,00057,沖縄,2005000000,2005年,戸
180,0020,農家数,210,種苗・苗木類,120,施設,02000,青森県,2005000000,2005年,戸
391,0020,農家数,210,種苗・苗木類,120,施設,03000,岩手県,2005000000,2005年,戸
287,0020,農家数,210,種苗・苗木類,120,施設,04000,宮城県,2005000000,2005年,戸
204,0020,農家数,210,種苗・苗木類,120,施設,05000,秋田県,2005000000,2005年,戸
323,0020,農家数,210,種苗・苗木類,120,施設,06000,山形県,2005000000,2005年,戸
318,0020,農家数,210,種苗・苗木類,120,施設,07000,福島県,2005000000,2005年,戸
206,0020,農家数,210,種苗・苗木類,120,施設,08000,茨城県,2005000000,2005年,戸
144,0020,農家数,210,種苗・苗木類,120,施設,09000,栃木県,2005000000,2005年,戸
223,0020,農家数,210,種苗・苗木類,120,施設,10000,群馬県,2005000000,2005年,戸
232,0020,農家数,210,種苗・苗木類,120,施設,11000,埼玉県,2005000000,2005年,戸
321,0020,農家数,210,種苗・苗木類,120,施設,12000,千葉県,2005000000,2005年,戸
235,0020,農家数,210,種苗・苗木類,120,施設,13000,東京都,2005000000,2005年,戸
245,0020,農家数,210,種苗・苗木類,120,施設,14000,神奈川県,2005000000,2005年,戸
365,0020,農家数,210,種苗・苗木類,120,施設,15000,新潟県,2005000000,2005年,戸
93,0020,農家数,210,種苗・苗木類,120,施設,16000,富山県,2005000000,2005年,戸
154,0020,農家数,210,種苗・苗木類,120,施設,17000,石川県,2005000000,2005年,戸
48,0020,農家数,210,種苗・苗木類,120,施設,18000,福井県,2005000000,2005年,戸
59,0020,農家数,210,種苗・苗木類,120,施設,19000,山梨県,2005000000,2005年,戸
516,0020,農家数,210,種苗・苗木類,120,施設,20000,長野県,2005000000,2005年,戸
128,0020,農家数,210,種苗・苗木類,120,施設,21000,岐阜県,2005000000,2005年,戸
297,0020,農家数,210,種苗・苗木類,120,施設,22000,静岡県,2005000000,2005年,戸
419,0020,農家数,210,種苗・苗木類,120,施設,23000,愛知県,2005000000,2005年,戸
90,0020,農家数,210,種苗・苗木類,120,施設,24000,三重県,2005000000,2005年,戸
81,0020,農家数,210,種苗・苗木類,120,施設,25000,滋賀県,2005000000,2005年,戸
178,0020,農家数,210,種苗・苗木類,120,施設,26000,京都府,2005000000,2005年,戸
50,0020,農家数,210,種苗・苗木類,120,施設,27000,大阪府,2005000000,2005年,戸
210,0020,農家数,210,種苗・苗木類,120,施設,28000,兵庫県,2005000000,2005年,戸
82,0020,農家数,210,種苗・苗木類,120,施設,29000,奈良県,2005000000,2005年,戸
84,0020,農家数,210,種苗・苗木類,120,施設,30000,和歌山県,2005000000,2005年,戸
143,0020,農家数,210,種苗・苗木類,120,施設,31000,鳥取県,2005000000,2005年,戸
179,0020,農家数,210,種苗・苗木類,120,施設,32000,島根県,2005000000,2005年,戸
111,0020,農家数,210,種苗・苗木類,120,施設,33000,岡山県,2005000000,2005年,戸
152,0020,農家数,210,種苗・苗木類,120,施設,34000,広島県,2005000000,2005年,戸
132,0020,農家数,210,種苗・苗木類,120,施設,35000,山口県,2005000000,2005年,戸
106,0020,農家数,210,種苗・苗木類,120,施設,36000,徳島県,2005000000,2005年,戸
104,0020,農家数,210,種苗・苗木類,120,施設,37000,香川県,2005000000,2005年,戸
91,0020,農家数,210,種苗・苗木類,120,施設,38000,愛媛県,2005000000,2005年,戸
127,0020,農家数,210,種苗・苗木類,120,施設,39000,高知県,2005000000,2005年,戸
204,0020,農家数,210,種苗・苗木類,120,施設,40000,福岡県,2005000000,2005年,戸
102,0020,農家数,210,種苗・苗木類,120,施設,41000,佐賀県,2005000000,2005年,戸
88,0020,農家数,210,種苗・苗木類,120,施設,42000,長崎県,2005000000,2005年,戸
325,0020,農家数,210,種苗・苗木類,120,施設,43000,熊本県,2005000000,2005年,戸
71,0020,農家数,210,種苗・苗木類,120,施設,44000,大分県,2005000000,2005年,戸
182,0020,農家数,210,種苗・苗木類,120,施設,45000,宮崎県,2005000000,2005年,戸
154,0020,農家数,210,種苗・苗木類,120,施設,46000,鹿児島県,2005000000,2005年,戸
2478,0020,農家数,210,種苗・苗木類,120,施設,60100,関東農政局,2005000000,2005年,戸
637,0020,農家数,210,種苗・苗木類,120,施設,60110,東海農政局,2005000000,2005年,戸
1145,0020,農家数,210,種苗・苗木類,120,施設,60120,中国四国農政局,2005000000,2005年,戸
31732,0020,農家数,220,その他の作物,100,合計,00000,全国,2005000000,2005年,戸
3858,0020,農家数,220,その他の作物,100,合計,00042,北海道,2005000000,2005年,戸
27874,0020,農家数,220,その他の作物,100,合計,50002,都府県,2005000000,2005年,戸
3872,0020,農家数,220,その他の作物,100,合計,00043,東北,2005000000,2005年,戸
1881,0020,農家数,220,その他の作物,100,合計,00049,北陸,2005000000,2005年,戸
6980,0020,農家数,220,その他の作物,100,合計,53030,関東・東山,2005000000,2005年,戸
3915,0020,農家数,220,その他の作物,100,合計,00046,北関東,2005000000,2005年,戸
2143,0020,農家数,220,その他の作物,100,合計,00047,南関東,2005000000,2005年,戸
922,0020,農家数,220,その他の作物,100,合計,53033,東山,2005000000,2005年,戸
3682,0020,農家数,220,その他の作物,100,合計,00050,東海,2005000000,2005年,戸
2175,0020,農家数,220,その他の作物,100,合計,00051,近畿,2005000000,2005年,戸
3122,0020,農家数,220,その他の作物,100,合計,00053,中国,2005000000,2005年,戸
1622,0020,農家数,220,その他の作物,100,合計,56061,山陰,2005000000,2005年,戸
1500,0020,農家数,220,その他の作物,100,合計,56062,山陽,2005000000,2005年,戸
1361,0020,農家数,220,その他の作物,100,合計,00054,四国,2005000000,2005年,戸
4703,0020,農家数,220,その他の作物,100,合計,00056,九州,2005000000,2005年,戸
3201,0020,農家数,220,その他の作物,100,合計,58081,北九州,2005000000,2005年,戸
1502,0020,農家数,220,その他の作物,100,合計,58082,南九州,2005000000,2005年,戸
98,0020,農家数,220,その他の作物,100,合計,00057,沖縄,2005000000,2005年,戸
617,0020,農家数,220,その他の作物,100,合計,02000,青森県,2005000000,2005年,戸
872,0020,農家数,220,その他の作物,100,合計,03000,岩手県,2005000000,2005年,戸
579,0020,農家数,220,その他の作物,100,合計,04000,宮城県,2005000000,2005年,戸
636,0020,農家数,220,その他の作物,100,合計,05000,秋田県,2005000000,2005年,戸
573,0020,農家数,220,その他の作物,100,合計,06000,山形県,2005000000,2005年,戸
595,0020,農家数,220,その他の作物,100,合計,07000,福島県,2005000000,2005年,戸
2696,0020,農家数,220,その他の作物,100,合計,08000,茨城県,2005000000,2005年,戸
547,0020,農家数,220,その他の作物,100,合計,09000,栃木県,2005000000,2005年,戸
672,0020,農家数,220,その他の作物,100,合計,10000,群馬県,2005000000,2005年,戸
648,0020,農家数,220,その他の作物,100,合計,11000,埼玉県,2005000000,2005年,戸
781,0020,農家数,220,その他の作物,100,合計,12000,千葉県,2005000000,2005年,戸
328,0020,農家数,220,その他の作物,100,合計,13000,東京都,2005000000,2005年,戸
386,0020,農家数,220,その他の作物,100,合計,14000,神奈川県,2005000000,2005年,戸
579,0020,農家数,220,その他の作物,100,合計,15000,新潟県,2005000000,2005年,戸
1024,0020,農家数,220,その他の作物,100,合計,16000,富山県,2005000000,2005年,戸
148,0020,農家数,220,その他の作物,100,合計,17000,石川県,2005000000,2005年,戸
130,0020,農家数,220,その他の作物,100,合計,18000,福井県,2005000000,2005年,戸
110,0020,農家数,220,その他の作物,100,合計,19000,山梨県,2005000000,2005年,戸
812,0020,農家数,220,その他の作物,100,合計,20000,長野県,2005000000,2005年,戸
1888,0020,農家数,220,その他の作物,100,合計,21000,岐阜県,2005000000,2005年,戸
732,0020,農家数,220,その他の作物,100,合計,22000,静岡県,2005000000,2005年,戸
640,0020,農家数,220,その他の作物,100,合計,23000,愛知県,2005000000,2005年,戸
422,0020,農家数,220,その他の作物,100,合計,24000,三重県,2005000000,2005年,戸
363,0020,農家数,220,その他の作物,100,合計,25000,滋賀県,2005000000,2005年,戸
414,0020,農家数,220,その他の作物,100,合計,26000,京都府,2005000000,2005年,戸
142,0020,農家数,220,その他の作物,100,合計,27000,大阪府,2005000000,2005年,戸
1007,0020,農家数,220,その他の作物,100,合計,28000,兵庫県,2005000000,2005年,戸
113,0020,農家数,220,その他の作物,100,合計,29000,奈良県,2005000000,2005年,戸
136,0020,農家数,220,その他の作物,100,合計,30000,和歌山県,2005000000,2005年,戸
1258,0020,農家数,220,その他の作物,100,合計,31000,鳥取県,2005000000,2005年,戸
364,0020,農家数,220,その他の作物,100,合計,32000,島根県,2005000000,2005年,戸
549,0020,農家数,220,その他の作物,100,合計,33000,岡山県,2005000000,2005年,戸
474,0020,農家数,220,その他の作物,100,合計,34000,広島県,2005000000,2005年,戸
477,0020,農家数,220,その他の作物,100,合計,35000,山口県,2005000000,2005年,戸
322,0020,農家数,220,その他の作物,100,合計,36000,徳島県,2005000000,2005年,戸
436,0020,農家数,220,その他の作物,100,合計,37000,香川県,2005000000,2005年,戸
354,0020,農家数,220,その他の作物,100,合計,38000,愛媛県,2005000000,2005年,戸
249,0020,農家数,220,その他の作物,100,合計,39000,高知県,2005000000,2005年,戸
648,0020,農家数,220,その他の作物,100,合計,40000,福岡県,2005000000,2005年,戸
277,0020,農家数,220,その他の作物,100,合計,41000,佐賀県,2005000000,2005年,戸
407,0020,農家数,220,その他の作物,100,合計,42000,長崎県,2005000000,2005年,戸
1390,0020,農家数,220,その他の作物,100,合計,43000,熊本県,2005000000,2005年,戸
479,0020,農家数,220,その他の作物,100,合計,44000,大分県,2005000000,2005年,戸
791,0020,農家数,220,その他の作物,100,合計,45000,宮崎県,2005000000,2005年,戸
711,0020,農家数,220,その他の作物,100,合計,46000,鹿児島県,2005000000,2005年,戸
7712,0020,農家数,220,その他の作物,100,合計,60100,関東農政局,2005000000,2005年,戸
2950,0020,農家数,220,その他の作物,100,合計,60110,東海農政局,2005000000,2005年,戸
4483,0020,農家数,220,その他の作物,100,合計,60120,中国四国農政局,2005000000,2005年,戸
30435,0020,農家数,220,その他の作物,110,露地,00000,全国,2005000000,2005年,戸
3796,0020,農家数,220,その他の作物,110,露地,00042,北海道,2005000000,2005年,戸
26639,0020,農家数,220,その他の作物,110,露地,50002,都府県,2005000000,2005年,戸
3671,0020,農家数,220,その他の作物,110,露地,00043,東北,2005000000,2005年,戸
1821,0020,農家数,220,その他の作物,110,露地,00049,北陸,2005000000,2005年,戸
6710,0020,農家数,220,その他の作物,110,露地,53030,関東・東山,2005000000,2005年,戸
3804,0020,農家数,220,その他の作物,110,露地,00046,北関東,2005000000,2005年,戸
2050,0020,農家数,220,その他の作物,110,露地,00047,南関東,2005000000,2005年,戸
856,0020,農家数,220,その他の作物,110,露地,53033,東山,2005000000,2005年,戸
3497,0020,農家数,220,その他の作物,110,露地,00050,東海,2005000000,2005年,戸
2055,0020,農家数,220,その他の作物,110,露地,00051,近畿,2005000000,2005年,戸
3000,0020,農家数,220,その他の作物,110,露地,00053,中国,2005000000,2005年,戸
1568,0020,農家数,220,その他の作物,110,露地,56061,山陰,2005000000,2005年,戸
1432,0020,農家数,220,その他の作物,110,露地,56062,山陽,2005000000,2005年,戸
1263,0020,農家数,220,その他の作物,110,露地,00054,四国,2005000000,2005年,戸
4534,0020,農家数,220,その他の作物,110,露地,00056,九州,2005000000,2005年,戸
3085,0020,農家数,220,その他の作物,110,露地,58081,北九州,2005000000,2005年,戸
1449,0020,農家数,220,その他の作物,110,露地,58082,南九州,2005000000,2005年,戸
88,0020,農家数,220,その他の作物,110,露地,00057,沖縄,2005000000,2005年,戸
597,0020,農家数,220,その他の作物,110,露地,02000,青森県,2005000000,2005年,戸
827,0020,農家数,220,その他の作物,110,露地,03000,岩手県,2005000000,2005年,戸
549,0020,農家数,220,その他の作物,110,露地,04000,宮城県,2005000000,2005年,戸
620,0020,農家数,220,その他の作物,110,露地,05000,秋田県,2005000000,2005年,戸
535,0020,農家数,220,その他の作物,110,露地,06000,山形県,2005000000,2005年,戸
543,0020,農家数,220,その他の作物,110,露地,07000,福島県,2005000000,2005年,戸
2659,0020,農家数,220,その他の作物,110,露地,08000,茨城県,2005000000,2005年,戸
507,0020,農家数,220,その他の作物,110,露地,09000,栃木県,2005000000,2005年,戸
638,0020,農家数,220,その他の作物,110,露地,10000,群馬県,2005000000,2005年,戸
620,0020,農家数,220,その他の作物,110,露地,11000,埼玉県,2005000000,2005年,戸
742,0020,農家数,220,その他の作物,110,露地,12000,千葉県,2005000000,2005年,戸
322,0020,農家数,220,その他の作物,110,露地,13000,東京都,2005000000,2005年,戸
366,0020,農家数,220,その他の作物,110,露地,14000,神奈川県,2005000000,2005年,戸
549,0020,農家数,220,その他の作物,110,露地,15000,新潟県,2005000000,2005年,戸
1021,0020,農家数,220,その他の作物,110,露地,16000,富山県,2005000000,2005年,戸
136,0020,農家数,220,その他の作物,110,露地,17000,石川県,2005000000,2005年,戸
115,0020,農家数,220,その他の作物,110,露地,18000,福井県,2005000000,2005年,戸
106,0020,農家数,220,その他の作物,110,露地,19000,山梨県,2005000000,2005年,戸
750,0020,農家数,220,その他の作物,110,露地,20000,長野県,2005000000,2005年,戸
1872,0020,農家数,220,その他の作物,110,露地,21000,岐阜県,2005000000,2005年,戸
660,0020,農家数,220,その他の作物,110,露地,22000,静岡県,2005000000,2005年,戸
556,0020,農家数,220,その他の作物,110,露地,23000,愛知県,2005000000,2005年,戸
409,0020,農家数,220,その他の作物,110,露地,24000,三重県,2005000000,2005年,戸
346,0020,農家数,220,その他の作物,110,露地,25000,滋賀県,2005000000,2005年,戸
375,0020,農家数,220,その他の作物,110,露地,26000,京都府,2005000000,2005年,戸
128,0020,農家数,220,その他の作物,110,露地,27000,大阪府,2005000000,2005年,戸
981,0020,農家数,220,その他の作物,110,露地,28000,兵庫県,2005000000,2005年,戸
108,0020,農家数,220,その他の作物,110,露地,29000,奈良県,2005000000,2005年,戸
117,0020,農家数,220,その他の作物,110,露地,30000,和歌山県,2005000000,2005年,戸
1242,0020,農家数,220,その他の作物,110,露地,31000,鳥取県,2005000000,2005年,戸
326,0020,農家数,220,その他の作物,110,露地,32000,島根県,2005000000,2005年,戸
517,0020,農家数,220,その他の作物,110,露地,33000,岡山県,2005000000,2005年,戸
454,0020,農家数,220,その他の作物,110,露地,34000,広島県,2005000000,2005年,戸
461,0020,農家数,220,その他の作物,110,露地,35000,山口県,2005000000,2005年,戸
298,0020,農家数,220,その他の作物,110,露地,36000,徳島県,2005000000,2005年,戸
422,0020,農家数,220,その他の作物,110,露地,37000,香川県,2005000000,2005年,戸
326,0020,農家数,220,その他の作物,110,露地,38000,愛媛県,2005000000,2005年,戸
217,0020,農家数,220,その他の作物,110,露地,39000,高知県,2005000000,2005年,戸
621,0020,農家数,220,その他の作物,110,露地,40000,福岡県,2005000000,2005年,戸
256,0020,農家数,220,その他の作物,110,露地,41000,佐賀県,2005000000,2005年,戸
393,0020,農家数,220,その他の作物,110,露地,42000,長崎県,2005000000,2005年,戸
1346,0020,農家数,220,その他の作物,110,露地,43000,熊本県,2005000000,2005年,戸
469,0020,農家数,220,その他の作物,110,露地,44000,大分県,2005000000,2005年,戸
754,0020,農家数,220,その他の作物,110,露地,45000,宮崎県,2005000000,2005年,戸
695,0020,農家数,220,その他の作物,110,露地,46000,鹿児島県,2005000000,2005年,戸
7370,0020,農家数,220,その他の作物,110,露地,60100,関東農政局,2005000000,2005年,戸
2837,0020,農家数,220,その他の作物,110,露地,60110,東海農政局,2005000000,2005年,戸
4263,0020,農家数,220,その他の作物,110,露地,60120,中国四国農政局,2005000000,2005年,戸
1908,0020,農家数,220,その他の作物,120,施設,00000,全国,2005000000,2005年,戸
103,0020,農家数,220,その他の作物,120,施設,00042,北海道,2005000000,2005年,戸
1805,0020,農家数,220,その他の作物,120,施設,50002,都府県,2005000000,2005年,戸
287,0020,農家数,220,その他の作物,120,施設,00043,東北,2005000000,2005年,戸
82,0020,農家数,220,その他の作物,120,施設,00049,北陸,2005000000,2005年,戸
433,0020,農家数,220,その他の作物,120,施設,53030,関東・東山,2005000000,2005年,戸
180,0020,農家数,220,その他の作物,120,施設,00046,北関東,2005000000,2005年,戸
167,0020,農家数,220,その他の作物,120,施設,00047,南関東,2005000000,2005年,戸
86,0020,農家数,220,その他の作物,120,施設,53033,東山,2005000000,2005年,戸
255,0020,農家数,220,その他の作物,120,施設,00050,東海,2005000000,2005年,戸
177,0020,農家数,220,その他の作物,120,施設,00051,近畿,2005000000,2005年,戸
201,0020,農家数,220,その他の作物,120,施設,00053,中国,2005000000,2005年,戸
79,0020,農家数,220,その他の作物,120,施設,56061,山陰,2005000000,2005年,戸
122,0020,農家数,220,その他の作物,120,施設,56062,山陽,2005000000,2005年,戸
132,0020,農家数,220,その他の作物,120,施設,00054,四国,2005000000,2005年,戸
223,0020,農家数,220,その他の作物,120,施設,00056,九州,2005000000,2005年,戸
149,0020,農家数,220,その他の作物,120,施設,58081,北九州,2005000000,2005年,戸
74,0020,農家数,220,その他の作物,120,施設,58082,南九州,2005000000,2005年,戸
15,0020,農家数,220,その他の作物,120,施設,00057,沖縄,2005000000,2005年,戸
29,0020,農家数,220,その他の作物,120,施設,02000,青森県,2005000000,2005年,戸
57,0020,農家数,220,その他の作物,120,施設,03000,岩手県,2005000000,2005年,戸
48,0020,農家数,220,その他の作物,120,施設,04000,宮城県,2005000000,2005年,戸
23,0020,農家数,220,その他の作物,120,施設,05000,秋田県,2005000000,2005年,戸
65,0020,農家数,220,その他の作物,120,施設,06000,山形県,2005000000,2005年,戸
65,0020,農家数,220,その他の作物,120,施設,07000,福島県,2005000000,2005年,戸
63,0020,農家数,220,その他の作物,120,施設,08000,茨城県,2005000000,2005年,戸
57,0020,農家数,220,その他の作物,120,施設,09000,栃木県,2005000000,2005年,戸
60,0020,農家数,220,その他の作物,120,施設,10000,群馬県,2005000000,2005年,戸
53,0020,農家数,220,その他の作物,120,施設,11000,埼玉県,2005000000,2005年,戸
57,0020,農家数,220,その他の作物,120,施設,12000,千葉県,2005000000,2005年,戸
28,0020,農家数,220,その他の作物,120,施設,13000,東京都,2005000000,2005年,戸
29,0020,農家数,220,その他の作物,120,施設,14000,神奈川県,2005000000,2005年,戸
45,0020,農家数,220,その他の作物,120,施設,15000,新潟県,2005000000,2005年,戸
3,0020,農家数,220,その他の作物,120,施設,16000,富山県,2005000000,2005年,戸
16,0020,農家数,220,その他の作物,120,施設,17000,石川県,2005000000,2005年,戸
18,0020,農家数,220,その他の作物,120,施設,18000,福井県,2005000000,2005年,戸
5,0020,農家数,220,その他の作物,120,施設,19000,山梨県,2005000000,2005年,戸
81,0020,農家数,220,その他の作物,120,施設,20000,長野県,2005000000,2005年,戸
22,0020,農家数,220,その他の作物,120,施設,21000,岐阜県,2005000000,2005年,戸
99,0020,農家数,220,その他の作物,120,施設,22000,静岡県,2005000000,2005年,戸
116,0020,農家数,220,その他の作物,120,施設,23000,愛知県,2005000000,2005年,戸
18,0020,農家数,220,その他の作物,120,施設,24000,三重県,2005000000,2005年,戸
21,0020,農家数,220,その他の作物,120,施設,25000,滋賀県,2005000000,2005年,戸
52,0020,農家数,220,その他の作物,120,施設,26000,京都府,2005000000,2005年,戸
19,0020,農家数,220,その他の作物,120,施設,27000,大阪府,2005000000,2005年,戸
47,0020,農家数,220,その他の作物,120,施設,28000,兵庫県,2005000000,2005年,戸
15,0020,農家数,220,その他の作物,120,施設,29000,奈良県,2005000000,2005年,戸
23,0020,農家数,220,その他の作物,120,施設,30000,和歌山県,2005000000,2005年,戸
29,0020,農家数,220,その他の作物,120,施設,31000,鳥取県,2005000000,2005年,戸
50,0020,農家数,220,その他の作物,120,施設,32000,島根県,2005000000,2005年,戸
45,0020,農家数,220,その他の作物,120,施設,33000,岡山県,2005000000,2005年,戸
44,0020,農家数,220,その他の作物,120,施設,34000,広島県,2005000000,2005年,戸
33,0020,農家数,220,その他の作物,120,施設,35000,山口県,2005000000,2005年,戸
33,0020,農家数,220,その他の作物,120,施設,36000,徳島県,2005000000,2005年,戸
23,0020,農家数,220,その他の作物,120,施設,37000,香川県,2005000000,2005年,戸
36,0020,農家数,220,その他の作物,120,施設,38000,愛媛県,2005000000,2005年,戸
40,0020,農家数,220,その他の作物,120,施設,39000,高知県,2005000000,2005年,戸
33,0020,農家数,220,その他の作物,120,施設,40000,福岡県,2005000000,2005年,戸
22,0020,農家数,220,その他の作物,120,施設,41000,佐賀県,2005000000,2005年,戸
23,0020,農家数,220,その他の作物,120,施設,42000,長崎県,2005000000,2005年,戸
55,0020,農家数,220,その他の作物,120,施設,43000,熊本県,2005000000,2005年,戸
16,0020,農家数,220,その他の作物,120,施設,44000,大分県,2005000000,2005年,戸
46,0020,農家数,220,その他の作物,120,施設,45000,宮崎県,2005000000,2005年,戸
28,0020,農家数,220,その他の作物,120,施設,46000,鹿児島県,2005000000,2005年,戸
532,0020,農家数,220,その他の作物,120,施設,60100,関東農政局,2005000000,2005年,戸
156,0020,農家数,220,その他の作物,120,施設,60110,東海農政局,2005000000,2005年,戸
333,0020,農家数,220,その他の作物,120,施設,60120,中国四国農政局,2005000000,2005年,戸
2305893,0050,面積,110,計,100,合計,00000,全国,2005000000,2005年,ha
485865,0050,面積,110,計,100,合計,00042,北海道,2005000000,2005年,ha
1820028,0050,面積,110,計,100,合計,50002,都府県,2005000000,2005年,ha
463009,0050,面積,110,計,100,合計,00043,東北,2005000000,2005年,ha
205521,0050,面積,110,計,100,合計,00049,北陸,2005000000,2005年,ha
413468,0050,面積,110,計,100,合計,53030,関東・東山,2005000000,2005年,ha
228323,0050,面積,110,計,100,合計,00046,北関東,2005000000,2005年,ha
139292,0050,面積,110,計,100,合計,00047,南関東,2005000000,2005年,ha
45853,0050,面積,110,計,100,合計,53033,東山,2005000000,2005年,ha
126218,0050,面積,110,計,100,合計,00050,東海,2005000000,2005年,ha
107477,0050,面積,110,計,100,合計,00051,近畿,2005000000,2005年,ha
111999,0050,面積,110,計,100,合計,00053,中国,2005000000,2005年,ha
34723,0050,面積,110,計,100,合計,56061,山陰,2005000000,2005年,ha
77276,0050,面積,110,計,100,合計,56062,山陽,2005000000,2005年,ha
62045,0050,面積,110,計,100,合計,00054,四国,2005000000,2005年,ha
314663,0050,面積,110,計,100,合計,00056,九州,2005000000,2005年,ha
236539,0050,面積,110,計,100,合計,58081,北九州,2005000000,2005年,ha
78124,0050,面積,110,計,100,合計,58082,南九州,2005000000,2005年,ha
15627,0050,面積,110,計,100,合計,00057,沖縄,2005000000,2005年,ha
67225,0050,面積,110,計,100,合計,02000,青森県,2005000000,2005年,ha
63917,0050,面積,110,計,100,合計,03000,岩手県,2005000000,2005年,ha
76831,0050,面積,110,計,100,合計,04000,宮城県,2005000000,2005年,ha
95795,0050,面積,110,計,100,合計,05000,秋田県,2005000000,2005年,ha
77410,0050,面積,110,計,100,合計,06000,山形県,2005000000,2005年,ha
81832,0050,面積,110,計,100,合計,07000,福島県,2005000000,2005年,ha
103289,0050,面積,110,計,100,合計,08000,茨城県,2005000000,2005年,ha
84884,0050,面積,110,計,100,合計,09000,栃木県,2005000000,2005年,ha
40150,0050,面積,110,計,100,合計,10000,群馬県,2005000000,2005年,ha
45016,0050,面積,110,計,100,合計,11000,埼玉県,2005000000,2005年,ha
80490,0050,面積,110,計,100,合計,12000,千葉県,2005000000,2005年,ha
4534,0050,面積,110,計,100,合計,13000,東京都,2005000000,2005年,ha
9252,0050,面積,110,計,100,合計,14000,神奈川県,2005000000,2005年,ha
114506,0050,面積,110,計,100,合計,15000,新潟県,2005000000,2005年,ha
36718,0050,面積,110,計,100,合計,16000,富山県,2005000000,2005年,ha
26236,0050,面積,110,計,100,合計,17000,石川県,2005000000,2005年,ha
28062,0050,面積,110,計,100,合計,18000,福井県,2005000000,2005年,ha
4038,0050,面積,110,計,100,合計,19000,山梨県,2005000000,2005年,ha
41815,0050,面積,110,計,100,合計,20000,長野県,2005000000,2005年,ha
19703,0050,面積,110,計,100,合計,21000,岐阜県,2005000000,2005年,ha
34199,0050,面積,110,計,100,合計,22000,静岡県,2005000000,2005年,ha
38911,0050,面積,110,計,100,合計,23000,愛知県,2005000000,2005年,ha
33405,0050,面積,110,計,100,合計,24000,三重県,2005000000,2005年,ha
37000,0050,面積,110,計,100,合計,25000,滋賀県,2005000000,2005年,ha
15350,0050,面積,110,計,100,合計,26000,京都府,2005000000,2005年,ha
4647,0050,面積,110,計,100,合計,27000,大阪府,2005000000,2005年,ha
35523,0050,面積,110,計,100,合計,28000,兵庫県,2005000000,2005年,ha
8328,0050,面積,110,計,100,合計,29000,奈良県,2005000000,2005年,ha
6629,0050,面積,110,計,100,合計,30000,和歌山県,2005000000,2005年,ha
16516,0050,面積,110,計,100,合計,31000,鳥取県,2005000000,2005年,ha
18206,0050,面積,110,計,100,合計,32000,島根県,2005000000,2005年,ha
33258,0050,面積,110,計,100,合計,33000,岡山県,2005000000,2005年,ha
21193,0050,面積,110,計,100,合計,34000,広島県,2005000000,2005年,ha
22825,0050,面積,110,計,100,合計,35000,山口県,2005000000,2005年,ha
16685,0050,面積,110,計,100,合計,36000,徳島県,2005000000,2005年,ha
17108,0050,面積,110,計,100,合計,37000,香川県,2005000000,2005年,ha
15019,0050,面積,110,計,100,合計,38000,愛媛県,2005000000,2005年,ha
13233,0050,面積,110,計,100,合計,39000,高知県,2005000000,2005年,ha
66572,0050,面積,110,計,100,合計,40000,福岡県,2005000000,2005年,ha
59254,0050,面積,110,計,100,合計,41000,佐賀県,2005000000,2005年,ha
21394,0050,面積,110,計,100,合計,42000,長崎県,2005000000,2005年,ha
60414,0050,面積,110,計,100,合計,43000,熊本県,2005000000,2005年,ha
28905,0050,面積,110,計,100,合計,44000,大分県,2005000000,2005年,ha
28036,0050,面積,110,計,100,合計,45000,宮崎県,2005000000,2005年,ha
50088,0050,面積,110,計,100,合計,46000,鹿児島県,2005000000,2005年,ha
447667,0050,面積,110,計,100,合計,60100,関東農政局,2005000000,2005年,ha
92018,0050,面積,110,計,100,合計,60110,東海農政局,2005000000,2005年,ha
174044,0050,面積,110,計,100,合計,60120,中国四国農政局,2005000000,2005年,ha
2258218,0050,面積,110,計,110,露地,00000,全国,2005000000,2005年,ha
482679,0050,面積,110,計,110,露地,00042,北海道,2005000000,2005年,ha
1775539,0050,面積,110,計,110,露地,50002,都府県,2005000000,2005年,ha
458855,0050,面積,110,計,110,露地,00043,東北,2005000000,2005年,ha
204646,0050,面積,110,計,110,露地,00049,北陸,2005000000,2005年,ha
400574,0050,面積,110,計,110,露地,53030,関東・東山,2005000000,2005年,ha
220635,0050,面積,110,計,110,露地,00046,北関東,2005000000,2005年,ha
134921,0050,面積,110,計,110,露地,00047,南関東,2005000000,2005年,ha
45018,0050,面積,110,計,110,露地,53033,東山,2005000000,2005年,ha
120225,0050,面積,110,計,110,露地,00050,東海,2005000000,2005年,ha
105168,0050,面積,110,計,110,露地,00051,近畿,2005000000,2005年,ha
110437,0050,面積,110,計,110,露地,00053,中国,2005000000,2005年,ha
34033,0050,面積,110,計,110,露地,56061,山陰,2005000000,2005年,ha
76405,0050,面積,110,計,110,露地,56062,山陽,2005000000,2005年,ha
59042,0050,面積,110,計,110,露地,00054,四国,2005000000,2005年,ha
301512,0050,面積,110,計,110,露地,00056,九州,2005000000,2005年,ha
226125,0050,面積,110,計,110,露地,58081,北九州,2005000000,2005年,ha
75387,0050,面積,110,計,110,露地,58082,南九州,2005000000,2005年,ha
15080,0050,面積,110,計,110,露地,00057,沖縄,2005000000,2005年,ha
66812,0050,面積,110,計,110,露地,02000,青森県,2005000000,2005年,ha
63024,0050,面積,110,計,110,露地,03000,岩手県,2005000000,2005年,ha
75996,0050,面積,110,計,110,露地,04000,宮城県,2005000000,2005年,ha
95442,0050,面積,110,計,110,露地,05000,秋田県,2005000000,2005年,ha
76640,0050,面積,110,計,110,露地,06000,山形県,2005000000,2005年,ha
80940,0050,面積,110,計,110,露地,07000,福島県,2005000000,2005年,ha
99312,0050,面積,110,計,110,露地,08000,茨城県,2005000000,2005年,ha
82982,0050,面積,110,計,110,露地,09000,栃木県,2005000000,2005年,ha
38340,0050,面積,110,計,110,露地,10000,群馬県,2005000000,2005年,ha
43735,0050,面積,110,計,110,露地,11000,埼玉県,2005000000,2005年,ha
77964,0050,面積,110,計,110,露地,12000,千葉県,2005000000,2005年,ha
4315,0050,面積,110,計,110,露地,13000,東京都,2005000000,2005年,ha
8906,0050,面積,110,計,110,露地,14000,神奈川県,2005000000,2005年,ha
114071,0050,面積,110,計,110,露地,15000,新潟県,2005000000,2005年,ha
36658,0050,面積,110,計,110,露地,16000,富山県,2005000000,2005年,ha
26051,0050,面積,110,計,110,露地,17000,石川県,2005000000,2005年,ha
27866,0050,面積,110,計,110,露地,18000,福井県,2005000000,2005年,ha
3879,0050,面積,110,計,110,露地,19000,山梨県,2005000000,2005年,ha
41139,0050,面積,110,計,110,露地,20000,長野県,2005000000,2005年,ha
19174,0050,面積,110,計,110,露地,21000,岐阜県,2005000000,2005年,ha
32320,0050,面積,110,計,110,露地,22000,静岡県,2005000000,2005年,ha
35586,0050,面積,110,計,110,露地,23000,愛知県,2005000000,2005年,ha
33145,0050,面積,110,計,110,露地,24000,三重県,2005000000,2005年,ha
36724,0050,面積,110,計,110,露地,25000,滋賀県,2005000000,2005年,ha
15091,0050,面積,110,計,110,露地,26000,京都府,2005000000,2005年,ha
4283,0050,面積,110,計,110,露地,27000,大阪府,2005000000,2005年,ha
34981,0050,面積,110,計,110,露地,28000,兵庫県,2005000000,2005年,ha
7993,0050,面積,110,計,110,露地,29000,奈良県,2005000000,2005年,ha
6096,0050,面積,110,計,110,露地,30000,和歌山県,2005000000,2005年,ha
16121,0050,面積,110,計,110,露地,31000,鳥取県,2005000000,2005年,ha
17912,0050,面積,110,計,110,露地,32000,島根県,2005000000,2005年,ha
33011,0050,面積,110,計,110,露地,33000,岡山県,2005000000,2005年,ha
20841,0050,面積,110,計,110,露地,34000,広島県,2005000000,2005年,ha
22552,0050,面積,110,計,110,露地,35000,山口県,2005000000,2005年,ha
16229,0050,面積,110,計,110,露地,36000,徳島県,2005000000,2005年,ha
16761,0050,面積,110,計,110,露地,37000,香川県,2005000000,2005年,ha
14691,0050,面積,110,計,110,露地,38000,愛媛県,2005000000,2005年,ha
11361,0050,面積,110,計,110,露地,39000,高知県,2005000000,2005年,ha
64333,0050,面積,110,計,110,露地,40000,福岡県,2005000000,2005年,ha
58267,0050,面積,110,計,110,露地,41000,佐賀県,2005000000,2005年,ha
20289,0050,面積,110,計,110,露地,42000,長崎県,2005000000,2005年,ha
54914,0050,面積,110,計,110,露地,43000,熊本県,2005000000,2005年,ha
28322,0050,面積,110,計,110,露地,44000,大分県,2005000000,2005年,ha
26280,0050,面積,110,計,110,露地,45000,宮崎県,2005000000,2005年,ha
49107,0050,面積,110,計,110,露地,46000,鹿児島県,2005000000,2005年,ha
432894,0050,面積,110,計,110,露地,60100,関東農政局,2005000000,2005年,ha
87905,0050,面積,110,計,110,露地,60110,東海農政局,2005000000,2005年,ha
169479,0050,面積,110,計,110,露地,60120,中国四国農政局,2005000000,2005年,ha
1350878,0050,面積,120,稲,100,合計,00000,全国,2005000000,2005年,ha
116583,0050,面積,120,稲,100,合計,00042,北海道,2005000000,2005年,ha
1234295,0050,面積,120,稲,100,合計,50002,都府県,2005000000,2005年,ha
387672,0050,面積,120,稲,100,合計,00043,東北,2005000000,2005年,ha
179821,0050,面積,120,稲,100,合計,00049,北陸,2005000000,2005年,ha
240302,0050,面積,120,稲,100,合計,53030,関東・東山,2005000000,2005年,ha
133975,0050,面積,120,稲,100,合計,00046,北関東,2005000000,2005年,ha
80770,0050,面積,120,稲,100,合計,00047,南関東,2005000000,2005年,ha
25557,0050,面積,120,稲,100,合計,53033,東山,2005000000,2005年,ha
68721,0050,面積,120,稲,100,合計,00050,東海,2005000000,2005年,ha
78682,0050,面積,120,稲,100,合計,00051,近畿,2005000000,2005年,ha
89882,0050,面積,120,稲,100,合計,00053,中国,2005000000,2005年,ha
26433,0050,面積,120,稲,100,合計,56061,山陰,2005000000,2005年,ha
63449,0050,面積,120,稲,100,合計,56062,山陽,2005000000,2005年,ha
40351,0050,面積,120,稲,100,合計,00054,四国,2005000000,2005年,ha
148168,0050,面積,120,稲,100,合計,00056,九州,2005000000,2005年,ha
122726,0050,面積,120,稲,100,合計,58081,北九州,2005000000,2005年,ha
25442,0050,面積,120,稲,100,合計,58082,南九州,2005000000,2005年,ha
695,0050,面積,120,稲,100,合計,00057,沖縄,2005000000,2005年,ha
46624,0050,面積,120,稲,100,合計,02000,青森県,2005000000,2005年,ha
50965,0050,面積,120,稲,100,合計,03000,岩手県,2005000000,2005年,ha
70657,0050,面積,120,稲,100,合計,04000,宮城県,2005000000,2005年,ha
84313,0050,面積,120,稲,100,合計,05000,秋田県,2005000000,2005年,ha
64737,0050,面積,120,稲,100,合計,06000,山形県,2005000000,2005年,ha
70377,0050,面積,120,稲,100,合計,07000,福島県,2005000000,2005年,ha
61168,0050,面積,120,稲,100,合計,08000,茨城県,2005000000,2005年,ha
59360,0050,面積,120,稲,100,合計,09000,栃木県,2005000000,2005年,ha
13447,0050,面積,120,稲,100,合計,10000,群馬県,2005000000,2005年,ha
26544,0050,面積,120,稲,100,合計,11000,埼玉県,2005000000,2005年,ha
52211,0050,面積,120,稲,100,合計,12000,千葉県,2005000000,2005年,ha
164,0050,面積,120,稲,100,合計,13000,東京都,2005000000,2005年,ha
1850,0050,面積,120,稲,100,合計,14000,神奈川県,2005000000,2005年,ha
103389,0050,面積,120,稲,100,合計,15000,新潟県,2005000000,2005年,ha
31736,0050,面積,120,稲,100,合計,16000,富山県,2005000000,2005年,ha
21866,0050,面積,120,稲,100,合計,17000,石川県,2005000000,2005年,ha
22831,0050,面積,120,稲,100,合計,18000,福井県,2005000000,2005年,ha
2549,0050,面積,120,稲,100,合計,19000,山梨県,2005000000,2005年,ha
23008,0050,面積,120,稲,100,合計,20000,長野県,2005000000,2005年,ha
14869,0050,面積,120,稲,100,合計,21000,岐阜県,2005000000,2005年,ha
10891,0050,面積,120,稲,100,合計,22000,静岡県,2005000000,2005年,ha
18925,0050,面積,120,稲,100,合計,23000,愛知県,2005000000,2005年,ha
24037,0050,面積,120,稲,100,合計,24000,三重県,2005000000,2005年,ha
27803,0050,面積,120,稲,100,合計,25000,滋賀県,2005000000,2005年,ha
10825,0050,面積,120,稲,100,合計,26000,京都府,2005000000,2005年,ha
2786,0050,面積,120,稲,100,合計,27000,大阪府,2005000000,2005年,ha
26923,0050,面積,120,稲,100,合計,28000,兵庫県,2005000000,2005年,ha
6003,0050,面積,120,稲,100,合計,29000,奈良県,2005000000,2005年,ha
4342,0050,面積,120,稲,100,合計,30000,和歌山県,2005000000,2005年,ha
10801,0050,面積,120,稲,100,合計,31000,鳥取県,2005000000,2005年,ha
15632,0050,面積,120,稲,100,合計,32000,島根県,2005000000,2005年,ha
26160,0050,面積,120,稲,100,合計,33000,岡山県,2005000000,2005年,ha
18296,0050,面積,120,稲,100,合計,34000,広島県,2005000000,2005年,ha
18993,0050,面積,120,稲,100,合計,35000,山口県,2005000000,2005年,ha
10006,0050,面積,120,稲,100,合計,36000,徳島県,2005000000,2005年,ha
11703,0050,面積,120,稲,100,合計,37000,香川県,2005000000,2005年,ha
10331,0050,面積,120,稲,100,合計,38000,愛媛県,2005000000,2005年,ha
8312,0050,面積,120,稲,100,合計,39000,高知県,2005000000,2005年,ha
33778,0050,面積,120,稲,100,合計,40000,福岡県,2005000000,2005年,ha
26734,0050,面積,120,稲,100,合計,41000,佐賀県,2005000000,2005年,ha
9279,0050,面積,120,稲,100,合計,42000,長崎県,2005000000,2005年,ha
33870,0050,面積,120,稲,100,合計,43000,熊本県,2005000000,2005年,ha
19065,0050,面積,120,稲,100,合計,44000,大分県,2005000000,2005年,ha
13526,0050,面積,120,稲,100,合計,45000,宮崎県,2005000000,2005年,ha
11916,0050,面積,120,稲,100,合計,46000,鹿児島県,2005000000,2005年,ha
251192,0050,面積,120,稲,100,合計,60100,関東農政局,2005000000,2005年,ha
57831,0050,面積,120,稲,100,合計,60110,東海農政局,2005000000,2005年,ha
130233,0050,面積,120,稲,100,合計,60120,中国四国農政局,2005000000,2005年,ha
1350878,0050,面積,120,稲,110,露地,00000,全国,2005000000,2005年,ha
116583,0050,面積,120,稲,110,露地,00042,北海道,2005000000,2005年,ha
1234295,0050,面積,120,稲,110,露地,50002,都府県,2005000000,2005年,ha
387672,0050,面積,120,稲,110,露地,00043,東北,2005000000,2005年,ha
179821,0050,面積,120,稲,110,露地,00049,北陸,2005000000,2005年,ha
240302,0050,面積,120,稲,110,露地,53030,関東・東山,2005000000,2005年,ha
133975,0050,面積,120,稲,110,露地,00046,北関東,2005000000,2005年,ha
80770,0050,面積,120,稲,110,露地,00047,南関東,2005000000,2005年,ha
25557,0050,面積,120,稲,110,露地,53033,東山,2005000000,2005年,ha
68721,0050,面積,120,稲,110,露地,00050,東海,2005000000,2005年,ha
78682,0050,面積,120,稲,110,露地,00051,近畿,2005000000,2005年,ha
89882,0050,面積,120,稲,110,露地,00053,中国,2005000000,2005年,ha
26433,0050,面積,120,稲,110,露地,56061,山陰,2005000000,2005年,ha
63449,0050,面積,120,稲,110,露地,56062,山陽,2005000000,2005年,ha
40351,0050,面積,120,稲,110,露地,00054,四国,2005000000,2005年,ha
148168,0050,面積,120,稲,110,露地,00056,九州,2005000000,2005年,ha
122726,0050,面積,120,稲,110,露地,58081,北九州,2005000000,2005年,ha
25442,0050,面積,120,稲,110,露地,58082,南九州,2005000000,2005年,ha
695,0050,面積,120,稲,110,露地,00057,沖縄,2005000000,2005年,ha
46624,0050,面積,120,稲,110,露地,02000,青森県,2005000000,2005年,ha
50965,0050,面積,120,稲,110,露地,03000,岩手県,2005000000,2005年,ha
70657,0050,面積,120,稲,110,露地,04000,宮城県,2005000000,2005年,ha
84313,0050,面積,120,稲,110,露地,05000,秋田県,2005000000,2005年,ha
64737,0050,面積,120,稲,110,露地,06000,山形県,2005000000,2005年,ha
70377,0050,面積,120,稲,110,露地,07000,福島県,2005000000,2005年,ha
61168,0050,面積,120,稲,110,露地,08000,茨城県,2005000000,2005年,ha
59360,0050,面積,120,稲,110,露地,09000,栃木県,2005000000,2005年,ha
13447,0050,面積,120,稲,110,露地,10000,群馬県,2005000000,2005年,ha
26544,0050,面積,120,稲,110,露地,11000,埼玉県,2005000000,2005年,ha
52211,0050,面積,120,稲,110,露地,12000,千葉県,2005000000,2005年,ha
164,0050,面積,120,稲,110,露地,13000,東京都,2005000000,2005年,ha
1850,0050,面積,120,稲,110,露地,14000,神奈川県,2005000000,2005年,ha
103389,0050,面積,120,稲,110,露地,15000,新潟県,2005000000,2005年,ha
31736,0050,面積,120,稲,110,露地,16000,富山県,2005000000,2005年,ha
21866,0050,面積,120,稲,110,露地,17000,石川県,2005000000,2005年,ha
22831,0050,面積,120,稲,110,露地,18000,福井県,2005000000,2005年,ha
2549,0050,面積,120,稲,110,露地,19000,山梨県,2005000000,2005年,ha
23008,0050,面積,120,稲,110,露地,20000,長野県,2005000000,2005年,ha
14869,0050,面積,120,稲,110,露地,21000,岐阜県,2005000000,2005年,ha
10891,0050,面積,120,稲,110,露地,22000,静岡県,2005000000,2005年,ha
18925,0050,面積,120,稲,110,露地,23000,愛知県,2005000000,2005年,ha
24037,0050,面積,120,稲,110,露地,24000,三重県,2005000000,2005年,ha
27803,0050,面積,120,稲,110,露地,25000,滋賀県,2005000000,2005年,ha
10825,0050,面積,120,稲,110,露地,26000,京都府,2005000000,2005年,ha
2786,0050,面積,120,稲,110,露地,27000,大阪府,2005000000,2005年,ha
26923,0050,面積,120,稲,110,露地,28000,兵庫県,2005000000,2005年,ha
6003,0050,面積,120,稲,110,露地,29000,奈良県,2005000000,2005年,ha
4342,0050,面積,120,稲,110,露地,30000,和歌山県,2005000000,2005年,ha
10801,0050,面積,120,稲,110,露地,31000,鳥取県,2005000000,2005年,ha
15632,0050,面積,120,稲,110,露地,32000,島根県,2005000000,2005年,ha
26160,0050,面積,120,稲,110,露地,33000,岡山県,2005000000,2005年,ha
18296,0050,面積,120,稲,110,露地,34000,広島県,2005000000,2005年,ha
18993,0050,面積,120,稲,110,露地,35000,山口県,2005000000,2005年,ha
10006,0050,面積,120,稲,110,露地,36000,徳島県,2005000000,2005年,ha
11703,0050,面積,120,稲,110,露地,37000,香川県,2005000000,2005年,ha
10331,0050,面積,120,稲,110,露地,38000,愛媛県,2005000000,2005年,ha
8312,0050,面積,120,稲,110,露地,39000,高知県,2005000000,2005年,ha
33778,0050,面積,120,稲,110,露地,40000,福岡県,2005000000,2005年,ha
26734,0050,面積,120,稲,110,露地,41000,佐賀県,2005000000,2005年,ha
9279,0050,面積,120,稲,110,露地,42000,長崎県,2005000000,2005年,ha
33870,0050,面積,120,稲,110,露地,43000,熊本県,2005000000,2005年,ha
19065,0050,面積,120,稲,110,露地,44000,大分県,2005000000,2005年,ha
13526,0050,面積,120,稲,110,露地,45000,宮崎県,2005000000,2005年,ha
11916,0050,面積,120,稲,110,露地,46000,鹿児島県,2005000000,2005年,ha
251192,0050,面積,120,稲,110,露地,60100,関東農政局,2005000000,2005年,ha
57831,0050,面積,120,稲,110,露地,60110,東海農政局,2005000000,2005年,ha
130233,0050,面積,120,稲,110,露地,60120,中国四国農政局,2005000000,2005年,ha
223403,0050,面積,140,麦類,100,合計,00000,全国,2005000000,2005年,ha
111937,0050,面積,140,麦類,100,合計,00042,北海道,2005000000,2005年,ha
111466,0050,面積,140,麦類,100,合計,50002,都府県,2005000000,2005年,ha
4876,0050,面積,140,麦類,100,合計,00043,東北,2005000000,2005年,ha
4635,0050,面積,140,麦類,100,合計,00049,北陸,2005000000,2005年,ha
34806,0050,面積,140,麦類,100,合計,53030,関東・東山,2005000000,2005年,ha
27188,0050,面積,140,麦類,100,合計,00046,北関東,2005000000,2005年,ha
6082,0050,面積,140,麦類,100,合計,00047,南関東,2005000000,2005年,ha
1536,0050,面積,140,麦類,100,合計,53033,東山,2005000000,2005年,ha
7567,0050,面積,140,麦類,100,合計,00050,東海,2005000000,2005年,ha
5814,0050,面積,140,麦類,100,合計,00051,近畿,2005000000,2005年,ha
3029,0050,面積,140,麦類,100,合計,00053,中国,2005000000,2005年,ha
240,0050,面積,140,麦類,100,合計,56061,山陰,2005000000,2005年,ha
2789,0050,面積,140,麦類,100,合計,56062,山陽,2005000000,2005年,ha
3182,0050,面積,140,麦類,100,合計,00054,四国,2005000000,2005年,ha
47555,0050,面積,140,麦類,100,合計,00056,九州,2005000000,2005年,ha
47397,0050,面積,140,麦類,100,合計,58081,北九州,2005000000,2005年,ha
159,0050,面積,140,麦類,100,合計,58082,南九州,2005000000,2005年,ha
1,0050,面積,140,麦類,100,合計,00057,沖縄,2005000000,2005年,ha
2105,0050,面積,140,麦類,100,合計,02000,青森県,2005000000,2005年,ha
1707,0050,面積,140,麦類,100,合計,03000,岩手県,2005000000,2005年,ha
440,0050,面積,140,麦類,100,合計,04000,宮城県,2005000000,2005年,ha
282,0050,面積,140,麦類,100,合計,05000,秋田県,2005000000,2005年,ha
73,0050,面積,140,麦類,100,合計,06000,山形県,2005000000,2005年,ha
269,0050,面積,140,麦類,100,合計,07000,福島県,2005000000,2005年,ha
6892,0050,面積,140,麦類,100,合計,08000,茨城県,2005000000,2005年,ha
12523,0050,面積,140,麦類,100,合計,09000,栃木県,2005000000,2005年,ha
7773,0050,面積,140,麦類,100,合計,10000,群馬県,2005000000,2005年,ha
5664,0050,面積,140,麦類,100,合計,11000,埼玉県,2005000000,2005年,ha
364,0050,面積,140,麦類,100,合計,12000,千葉県,2005000000,2005年,ha
19,0050,面積,140,麦類,100,合計,13000,東京都,2005000000,2005年,ha
35,0050,面積,140,麦類,100,合計,14000,神奈川県,2005000000,2005年,ha
270,0050,面積,140,麦類,100,合計,15000,新潟県,2005000000,2005年,ha
631,0050,面積,140,麦類,100,合計,16000,富山県,2005000000,2005年,ha
1083,0050,面積,140,麦類,100,合計,17000,石川県,2005000000,2005年,ha
2652,0050,面積,140,麦類,100,合計,18000,福井県,2005000000,2005年,ha
44,0050,面積,140,麦類,100,合計,19000,山梨県,2005000000,2005年,ha
1491,0050,面積,140,麦類,100,合計,20000,長野県,2005000000,2005年,ha
567,0050,面積,140,麦類,100,合計,21000,岐阜県,2005000000,2005年,ha
720,0050,面積,140,麦類,100,合計,22000,静岡県,2005000000,2005年,ha
2836,0050,面積,140,麦類,100,合計,23000,愛知県,2005000000,2005年,ha
3444,0050,面積,140,麦類,100,合計,24000,三重県,2005000000,2005年,ha
4991,0050,面積,140,麦類,100,合計,25000,滋賀県,2005000000,2005年,ha
194,0050,面積,140,麦類,100,合計,26000,京都府,2005000000,2005年,ha
1,0050,面積,140,麦類,100,合計,27000,大阪府,2005000000,2005年,ha
555,0050,面積,140,麦類,100,合計,28000,兵庫県,2005000000,2005年,ha
72,0050,面積,140,麦類,100,合計,29000,奈良県,2005000000,2005年,ha
1,0050,面積,140,麦類,100,合計,30000,和歌山県,2005000000,2005年,ha
62,0050,面積,140,麦類,100,合計,31000,鳥取県,2005000000,2005年,ha
178,0050,面積,140,麦類,100,合計,32000,島根県,2005000000,2005年,ha
2129,0050,面積,140,麦類,100,合計,33000,岡山県,2005000000,2005年,ha
30,0050,面積,140,麦類,100,合計,34000,広島県,2005000000,2005年,ha
630,0050,面積,140,麦類,100,合計,35000,山口県,2005000000,2005年,ha
92,0050,面積,140,麦類,100,合計,36000,徳島県,2005000000,2005年,ha
1746,0050,面積,140,麦類,100,合計,37000,香川県,2005000000,2005年,ha
1334,0050,面積,140,麦類,100,合計,38000,愛媛県,2005000000,2005年,ha
10,0050,面積,140,麦類,100,合計,39000,高知県,2005000000,2005年,ha
17186,0050,面積,140,麦類,100,合計,40000,福岡県,2005000000,2005年,ha
19818,0050,面積,140,麦類,100,合計,41000,佐賀県,2005000000,2005年,ha
1574,0050,面積,140,麦類,100,合計,42000,長崎県,2005000000,2005年,ha
5405,0050,面積,140,麦類,100,合計,43000,熊本県,2005000000,2005年,ha
3414,0050,面積,140,麦類,100,合計,44000,大分県,2005000000,2005年,ha
31,0050,面積,140,麦類,100,合計,45000,宮崎県,2005000000,2005年,ha
128,0050,面積,140,麦類,100,合計,46000,鹿児島県,2005000000,2005年,ha
35526,0050,面積,140,麦類,100,合計,60100,関東農政局,2005000000,2005年,ha
6847,0050,面積,140,麦類,100,合計,60110,東海農政局,2005000000,2005年,ha
6211,0050,面積,140,麦類,100,合計,60120,中国四国農政局,2005000000,2005年,ha
223403,0050,面積,140,麦類,110,露地,00000,全国,2005000000,2005年,ha
111937,0050,面積,140,麦類,110,露地,00042,北海道,2005000000,2005年,ha
111466,0050,面積,140,麦類,110,露地,50002,都府県,2005000000,2005年,ha
4876,0050,面積,140,麦類,110,露地,00043,東北,2005000000,2005年,ha
4635,0050,面積,140,麦類,110,露地,00049,北陸,2005000000,2005年,ha
34806,0050,面積,140,麦類,110,露地,53030,関東・東山,2005000000,2005年,ha
27188,0050,面積,140,麦類,110,露地,00046,北関東,2005000000,2005年,ha
6082,0050,面積,140,麦類,110,露地,00047,南関東,2005000000,2005年,ha
1536,0050,面積,140,麦類,110,露地,53033,東山,2005000000,2005年,ha
7567,0050,面積,140,麦類,110,露地,00050,東海,2005000000,2005年,ha
5814,0050,面積,140,麦類,110,露地,00051,近畿,2005000000,2005年,ha
3029,0050,面積,140,麦類,110,露地,00053,中国,2005000000,2005年,ha
240,0050,面積,140,麦類,110,露地,56061,山陰,2005000000,2005年,ha
2789,0050,面積,140,麦類,110,露地,56062,山陽,2005000000,2005年,ha
3182,0050,面積,140,麦類,110,露地,00054,四国,2005000000,2005年,ha
47555,0050,面積,140,麦類,110,露地,00056,九州,2005000000,2005年,ha
47397,0050,面積,140,麦類,110,露地,58081,北九州,2005000000,2005年,ha
159,0050,面積,140,麦類,110,露地,58082,南九州,2005000000,2005年,ha
1,0050,面積,140,麦類,110,露地,00057,沖縄,2005000000,2005年,ha
2105,0050,面積,140,麦類,110,露地,02000,青森県,2005000000,2005年,ha
1707,0050,面積,140,麦類,110,露地,03000,岩手県,2005000000,2005年,ha
440,0050,面積,140,麦類,110,露地,04000,宮城県,2005000000,2005年,ha
282,0050,面積,140,麦類,110,露地,05000,秋田県,2005000000,2005年,ha
73,0050,面積,140,麦類,110,露地,06000,山形県,2005000000,2005年,ha
269,0050,面積,140,麦類,110,露地,07000,福島県,2005000000,2005年,ha
6892,0050,面積,140,麦類,110,露地,08000,茨城県,2005000000,2005年,ha
12523,0050,面積,140,麦類,110,露地,09000,栃木県,2005000000,2005年,ha
7773,0050,面積,140,麦類,110,露地,10000,群馬県,2005000000,2005年,ha
5664,0050,面積,140,麦類,110,露地,11000,埼玉県,2005000000,2005年,ha
364,0050,面積,140,麦類,110,露地,12000,千葉県,2005000000,2005年,ha
19,0050,面積,140,麦類,110,露地,13000,東京都,2005000000,2005年,ha
35,0050,面積,140,麦類,110,露地,14000,神奈川県,2005000000,2005年,ha
270,0050,面積,140,麦類,110,露地,15000,新潟県,2005000000,2005年,ha
631,0050,面積,140,麦類,110,露地,16000,富山県,2005000000,2005年,ha
1083,0050,面積,140,麦類,110,露地,17000,石川県,2005000000,2005年,ha
2652,0050,面積,140,麦類,110,露地,18000,福井県,2005000000,2005年,ha
44,0050,面積,140,麦類,110,露地,19000,山梨県,2005000000,2005年,ha
1491,0050,面積,140,麦類,110,露地,20000,長野県,2005000000,2005年,ha
567,0050,面積,140,麦類,110,露地,21000,岐阜県,2005000000,2005年,ha
720,0050,面積,140,麦類,110,露地,22000,静岡県,2005000000,2005年,ha
2836,0050,面積,140,麦類,110,露地,23000,愛知県,2005000000,2005年,ha
3444,0050,面積,140,麦類,110,露地,24000,三重県,2005000000,2005年,ha
4991,0050,面積,140,麦類,110,露地,25000,滋賀県,2005000000,2005年,ha
194,0050,面積,140,麦類,110,露地,26000,京都府,2005000000,2005年,ha
1,0050,面積,140,麦類,110,露地,27000,大阪府,2005000000,2005年,ha
555,0050,面積,140,麦類,110,露地,28000,兵庫県,2005000000,2005年,ha
72,0050,面積,140,麦類,110,露地,29000,奈良県,2005000000,2005年,ha
1,0050,面積,140,麦類,110,露地,30000,和歌山県,2005000000,2005年,ha
62,0050,面積,140,麦類,110,露地,31000,鳥取県,2005000000,2005年,ha
178,0050,面積,140,麦類,110,露地,32000,島根県,2005000000,2005年,ha
2129,0050,面積,140,麦類,110,露地,33000,岡山県,2005000000,2005年,ha
30,0050,面積,140,麦類,110,露地,34000,広島県,2005000000,2005年,ha
630,0050,面積,140,麦類,110,露地,35000,山口県,2005000000,2005年,ha
92,0050,面積,140,麦類,110,露地,36000,徳島県,2005000000,2005年,ha
1746,0050,面積,140,麦類,110,露地,37000,香川県,2005000000,2005年,ha
1334,0050,面積,140,麦類,110,露地,38000,愛媛県,2005000000,2005年,ha
10,0050,面積,140,麦類,110,露地,39000,高知県,2005000000,2005年,ha
17186,0050,面積,140,麦類,110,露地,40000,福岡県,2005000000,2005年,ha
19818,0050,面積,140,麦類,110,露地,41000,佐賀県,2005000000,2005年,ha
1574,0050,面積,140,麦類,110,露地,42000,長崎県,2005000000,2005年,ha
5405,0050,面積,140,麦類,110,露地,43000,熊本県,2005000000,2005年,ha
3414,0050,面積,140,麦類,110,露地,44000,大分県,2005000000,2005年,ha
31,0050,面積,140,麦類,110,露地,45000,宮崎県,2005000000,2005年,ha
128,0050,面積,140,麦類,110,露地,46000,鹿児島県,2005000000,2005年,ha
35526,0050,面積,140,麦類,110,露地,60100,関東農政局,2005000000,2005年,ha
6847,0050,面積,140,麦類,110,露地,60110,東海農政局,2005000000,2005年,ha
6211,0050,面積,140,麦類,110,露地,60120,中国四国農政局,2005000000,2005年,ha
29316,0050,面積,150,雑穀,100,合計,00000,全国,2005000000,2005年,ha
15241,0050,面積,150,雑穀,100,合計,00042,北海道,2005000000,2005年,ha
14075,0050,面積,150,雑穀,100,合計,50002,都府県,2005000000,2005年,ha
5722,0050,面積,150,雑穀,100,合計,00043,東北,2005000000,2005年,ha
1604,0050,面積,150,雑穀,100,合計,00049,北陸,2005000000,2005年,ha
3960,0050,面積,150,雑穀,100,合計,53030,関東・東山,2005000000,2005年,ha
2372,0050,面積,150,雑穀,100,合計,00046,北関東,2005000000,2005年,ha
357,0050,面積,150,雑穀,100,合計,00047,南関東,2005000000,2005年,ha
1231,0050,面積,150,雑穀,100,合計,53033,東山,2005000000,2005年,ha
305,0050,面積,150,雑穀,100,合計,00050,東海,2005000000,2005年,ha
467,0050,面積,150,雑穀,100,合計,00051,近畿,2005000000,2005年,ha
794,0050,面積,150,雑穀,100,合計,00053,中国,2005000000,2005年,ha
339,0050,面積,150,雑穀,100,合計,56061,山陰,2005000000,2005年,ha
455,0050,面積,150,雑穀,100,合計,56062,山陽,2005000000,2005年,ha
184,0050,面積,150,雑穀,100,合計,00054,四国,2005000000,2005年,ha
997,0050,面積,150,雑穀,100,合計,00056,九州,2005000000,2005年,ha
681,0050,面積,150,雑穀,100,合計,58081,北九州,2005000000,2005年,ha
317,0050,面積,150,雑穀,100,合計,58082,南九州,2005000000,2005年,ha
43,0050,面積,150,雑穀,100,合計,00057,沖縄,2005000000,2005年,ha
923,0050,面積,150,雑穀,100,合計,02000,青森県,2005000000,2005年,ha
657,0050,面積,150,雑穀,100,合計,03000,岩手県,2005000000,2005年,ha
295,0050,面積,150,雑穀,100,合計,04000,宮城県,2005000000,2005年,ha
646,0050,面積,150,雑穀,100,合計,05000,秋田県,2005000000,2005年,ha
1301,0050,面積,150,雑穀,100,合計,06000,山形県,2005000000,2005年,ha
1899,0050,面積,150,雑穀,100,合計,07000,福島県,2005000000,2005年,ha
1222,0050,面積,150,雑穀,100,合計,08000,茨城県,2005000000,2005年,ha
980,0050,面積,150,雑穀,100,合計,09000,栃木県,2005000000,2005年,ha
170,0050,面積,150,雑穀,100,合計,10000,群馬県,2005000000,2005年,ha
154,0050,面積,150,雑穀,100,合計,11000,埼玉県,2005000000,2005年,ha
153,0050,面積,150,雑穀,100,合計,12000,千葉県,2005000000,2005年,ha
21,0050,面積,150,雑穀,100,合計,13000,東京都,2005000000,2005年,ha
29,0050,面積,150,雑穀,100,合計,14000,神奈川県,2005000000,2005年,ha
565,0050,面積,150,雑穀,100,合計,15000,新潟県,2005000000,2005年,ha
122,0050,面積,150,雑穀,100,合計,16000,富山県,2005000000,2005年,ha
170,0050,面積,150,雑穀,100,合計,17000,石川県,2005000000,2005年,ha
747,0050,面積,150,雑穀,100,合計,18000,福井県,2005000000,2005年,ha
115,0050,面積,150,雑穀,100,合計,19000,山梨県,2005000000,2005年,ha
1116,0050,面積,150,雑穀,100,合計,20000,長野県,2005000000,2005年,ha
68,0050,面積,150,雑穀,100,合計,21000,岐阜県,2005000000,2005年,ha
52,0050,面積,150,雑穀,100,合計,22000,静岡県,2005000000,2005年,ha
80,0050,面積,150,雑穀,100,合計,23000,愛知県,2005000000,2005年,ha
105,0050,面積,150,雑穀,100,合計,24000,三重県,2005000000,2005年,ha
100,0050,面積,150,雑穀,100,合計,25000,滋賀県,2005000000,2005年,ha
141,0050,面積,150,雑穀,100,合計,26000,京都府,2005000000,2005年,ha
14,0050,面積,150,雑穀,100,合計,27000,大阪府,2005000000,2005年,ha
187,0050,面積,150,雑穀,100,合計,28000,兵庫県,2005000000,2005年,ha
17,0050,面積,150,雑穀,100,合計,29000,奈良県,2005000000,2005年,ha
7,0050,面積,150,雑穀,100,合計,30000,和歌山県,2005000000,2005年,ha
191,0050,面積,150,雑穀,100,合計,31000,鳥取県,2005000000,2005年,ha
148,0050,面積,150,雑穀,100,合計,32000,島根県,2005000000,2005年,ha
199,0050,面積,150,雑穀,100,合計,33000,岡山県,2005000000,2005年,ha
166,0050,面積,150,雑穀,100,合計,34000,広島県,2005000000,2005年,ha
91,0050,面積,150,雑穀,100,合計,35000,山口県,2005000000,2005年,ha
61,0050,面積,150,雑穀,100,合計,36000,徳島県,2005000000,2005年,ha
44,0050,面積,150,雑穀,100,合計,37000,香川県,2005000000,2005年,ha
51,0050,面積,150,雑穀,100,合計,38000,愛媛県,2005000000,2005年,ha
28,0050,面積,150,雑穀,100,合計,39000,高知県,2005000000,2005年,ha
157,0050,面積,150,雑穀,100,合計,40000,福岡県,2005000000,2005年,ha
49,0050,面積,150,雑穀,100,合計,41000,佐賀県,2005000000,2005年,ha
47,0050,面積,150,雑穀,100,合計,42000,長崎県,2005000000,2005年,ha
307,0050,面積,150,雑穀,100,合計,43000,熊本県,2005000000,2005年,ha
120,0050,面積,150,雑穀,100,合計,44000,大分県,2005000000,2005年,ha
138,0050,面積,150,雑穀,100,合計,45000,宮崎県,2005000000,2005年,ha
179,0050,面積,150,雑穀,100,合計,46000,鹿児島県,2005000000,2005年,ha
4012,0050,面積,150,雑穀,100,合計,60100,関東農政局,2005000000,2005年,ha
253,0050,面積,150,雑穀,100,合計,60110,東海農政局,2005000000,2005年,ha
978,0050,面積,150,雑穀,100,合計,60120,中国四国農政局,2005000000,2005年,ha
29316,0050,面積,150,雑穀,110,露地,00000,全国,2005000000,2005年,ha
15241,0050,面積,150,雑穀,110,露地,00042,北海道,2005000000,2005年,ha
14075,0050,面積,150,雑穀,110,露地,50002,都府県,2005000000,2005年,ha
5722,0050,面積,150,雑穀,110,露地,00043,東北,2005000000,2005年,ha
1604,0050,面積,150,雑穀,110,露地,00049,北陸,2005000000,2005年,ha
3960,0050,面積,150,雑穀,110,露地,53030,関東・東山,2005000000,2005年,ha
2372,0050,面積,150,雑穀,110,露地,00046,北関東,2005000000,2005年,ha
357,0050,面積,150,雑穀,110,露地,00047,南関東,2005000000,2005年,ha
1231,0050,面積,150,雑穀,110,露地,53033,東山,2005000000,2005年,ha
305,0050,面積,150,雑穀,110,露地,00050,東海,2005000000,2005年,ha
467,0050,面積,150,雑穀,110,露地,00051,近畿,2005000000,2005年,ha
794,0050,面積,150,雑穀,110,露地,00053,中国,2005000000,2005年,ha
339,0050,面積,150,雑穀,110,露地,56061,山陰,2005000000,2005年,ha
455,0050,面積,150,雑穀,110,露地,56062,山陽,2005000000,2005年,ha
184,0050,面積,150,雑穀,110,露地,00054,四国,2005000000,2005年,ha
997,0050,面積,150,雑穀,110,露地,00056,九州,2005000000,2005年,ha
681,0050,面積,150,雑穀,110,露地,58081,北九州,2005000000,2005年,ha
317,0050,面積,150,雑穀,110,露地,58082,南九州,2005000000,2005年,ha
43,0050,面積,150,雑穀,110,露地,00057,沖縄,2005000000,2005年,ha
923,0050,面積,150,雑穀,110,露地,02000,青森県,2005000000,2005年,ha
657,0050,面積,150,雑穀,110,露地,03000,岩手県,2005000000,2005年,ha
295,0050,面積,150,雑穀,110,露地,04000,宮城県,2005000000,2005年,ha
646,0050,面積,150,雑穀,110,露地,05000,秋田県,2005000000,2005年,ha
1301,0050,面積,150,雑穀,110,露地,06000,山形県,2005000000,2005年,ha
1899,0050,面積,150,雑穀,110,露地,07000,福島県,2005000000,2005年,ha
1222,0050,面積,150,雑穀,110,露地,08000,茨城県,2005000000,2005年,ha
980,0050,面積,150,雑穀,110,露地,09000,栃木県,2005000000,2005年,ha
170,0050,面積,150,雑穀,110,露地,10000,群馬県,2005000000,2005年,ha
154,0050,面積,150,雑穀,110,露地,11000,埼玉県,2005000000,2005年,ha
153,0050,面積,150,雑穀,110,露地,12000,千葉県,2005000000,2005年,ha
21,0050,面積,150,雑穀,110,露地,13000,東京都,2005000000,2005年,ha
29,0050,面積,150,雑穀,110,露地,14000,神奈川県,2005000000,2005年,ha
565,0050,面積,150,雑穀,110,露地,15000,新潟県,2005000000,2005年,ha
122,0050,面積,150,雑穀,110,露地,16000,富山県,2005000000,2005年,ha
170,0050,面積,150,雑穀,110,露地,17000,石川県,2005000000,2005年,ha
747,0050,面積,150,雑穀,110,露地,18000,福井県,2005000000,2005年,ha
115,0050,面積,150,雑穀,110,露地,19000,山梨県,2005000000,2005年,ha
1116,0050,面積,150,雑穀,110,露地,20000,長野県,2005000000,2005年,ha
68,0050,面積,150,雑穀,110,露地,21000,岐阜県,2005000000,2005年,ha
52,0050,面積,150,雑穀,110,露地,22000,静岡県,2005000000,2005年,ha
80,0050,面積,150,雑穀,110,露地,23000,愛知県,2005000000,2005年,ha
105,0050,面積,150,雑穀,110,露地,24000,三重県,2005000000,2005年,ha
100,0050,面積,150,雑穀,110,露地,25000,滋賀県,2005000000,2005年,ha
141,0050,面積,150,雑穀,110,露地,26000,京都府,2005000000,2005年,ha
14,0050,面積,150,雑穀,110,露地,27000,大阪府,2005000000,2005年,ha
187,0050,面積,150,雑穀,110,露地,28000,兵庫県,2005000000,2005年,ha
17,0050,面積,150,雑穀,110,露地,29000,奈良県,2005000000,2005年,ha
7,0050,面積,150,雑穀,110,露地,30000,和歌山県,2005000000,2005年,ha
191,0050,面積,150,雑穀,110,露地,31000,鳥取県,2005000000,2005年,ha
148,0050,面積,150,雑穀,110,露地,32000,島根県,2005000000,2005年,ha
199,0050,面積,150,雑穀,110,露地,33000,岡山県,2005000000,2005年,ha
166,0050,面積,150,雑穀,110,露地,34000,広島県,2005000000,2005年,ha
91,0050,面積,150,雑穀,110,露地,35000,山口県,2005000000,2005年,ha
61,0050,面積,150,雑穀,110,露地,36000,徳島県,2005000000,2005年,ha
44,0050,面積,150,雑穀,110,露地,37000,香川県,2005000000,2005年,ha
51,0050,面積,150,雑穀,110,露地,38000,愛媛県,2005000000,2005年,ha
28,0050,面積,150,雑穀,110,露地,39000,高知県,2005000000,2005年,ha
157,0050,面積,150,雑穀,110,露地,40000,福岡県,2005000000,2005年,ha
49,0050,面積,150,雑穀,110,露地,41000,佐賀県,2005000000,2005年,ha
47,0050,面積,150,雑穀,110,露地,42000,長崎県,2005000000,2005年,ha
307,0050,面積,150,雑穀,110,露地,43000,熊本県,2005000000,2005年,ha
120,0050,面積,150,雑穀,110,露地,44000,大分県,2005000000,2005年,ha
138,0050,面積,150,雑穀,110,露地,45000,宮崎県,2005000000,2005年,ha
179,0050,面積,150,雑穀,110,露地,46000,鹿児島県,2005000000,2005年,ha
4012,0050,面積,150,雑穀,110,露地,60100,関東農政局,2005000000,2005年,ha
253,0050,面積,150,雑穀,110,露地,60110,東海農政局,2005000000,2005年,ha
978,0050,面積,150,雑穀,110,露地,60120,中国四国農政局,2005000000,2005年,ha
88385,0050,面積,160,いも類,100,合計,00000,全国,2005000000,2005年,ha
51889,0050,面積,160,いも類,100,合計,00042,北海道,2005000000,2005年,ha
36496,0050,面積,160,いも類,100,合計,50002,都府県,2005000000,2005年,ha
1577,0050,面積,160,いも類,100,合計,00043,東北,2005000000,2005年,ha
510,0050,面積,160,いも類,100,合計,00049,北陸,2005000000,2005年,ha
10851,0050,面積,160,いも類,100,合計,53030,関東・東山,2005000000,2005年,ha
6018,0050,面積,160,いも類,100,合計,00046,北関東,2005000000,2005年,ha
4546,0050,面積,160,いも類,100,合計,00047,南関東,2005000000,2005年,ha
286,0050,面積,160,いも類,100,合計,53033,東山,2005000000,2005年,ha
1175,0050,面積,160,いも類,100,合計,00050,東海,2005000000,2005年,ha
478,0050,面積,160,いも類,100,合計,00051,近畿,2005000000,2005年,ha
630,0050,面積,160,いも類,100,合計,00053,中国,2005000000,2005年,ha
180,0050,面積,160,いも類,100,合計,56061,山陰,2005000000,2005年,ha
451,0050,面積,160,いも類,100,合計,56062,山陽,2005000000,2005年,ha
1527,0050,面積,160,いも類,100,合計,00054,四国,2005000000,2005年,ha
19569,0050,面積,160,いも類,100,合計,00056,九州,2005000000,2005年,ha
4585,0050,面積,160,いも類,100,合計,58081,北九州,2005000000,2005年,ha
14984,0050,面積,160,いも類,100,合計,58082,南九州,2005000000,2005年,ha
179,0050,面積,160,いも類,100,合計,00057,沖縄,2005000000,2005年,ha
731,0050,面積,160,いも類,100,合計,02000,青森県,2005000000,2005年,ha
107,0050,面積,160,いも類,100,合計,03000,岩手県,2005000000,2005年,ha
139,0050,面積,160,いも類,100,合計,04000,宮城県,2005000000,2005年,ha
111,0050,面積,160,いも類,100,合計,05000,秋田県,2005000000,2005年,ha
88,0050,面積,160,いも類,100,合計,06000,山形県,2005000000,2005年,ha
402,0050,面積,160,いも類,100,合計,07000,福島県,2005000000,2005年,ha
5567,0050,面積,160,いも類,100,合計,08000,茨城県,2005000000,2005年,ha
159,0050,面積,160,いも類,100,合計,09000,栃木県,2005000000,2005年,ha
292,0050,面積,160,いも類,100,合計,10000,群馬県,2005000000,2005年,ha
381,0050,面積,160,いも類,100,合計,11000,埼玉県,2005000000,2005年,ha
3491,0050,面積,160,いも類,100,合計,12000,千葉県,2005000000,2005年,ha
229,0050,面積,160,いも類,100,合計,13000,東京都,2005000000,2005年,ha
446,0050,面積,160,いも類,100,合計,14000,神奈川県,2005000000,2005年,ha
166,0050,面積,160,いも類,100,合計,15000,新潟県,2005000000,2005年,ha
68,0050,面積,160,いも類,100,合計,16000,富山県,2005000000,2005年,ha
189,0050,面積,160,いも類,100,合計,17000,石川県,2005000000,2005年,ha
86,0050,面積,160,いも類,100,合計,18000,福井県,2005000000,2005年,ha
51,0050,面積,160,いも類,100,合計,19000,山梨県,2005000000,2005年,ha
235,0050,面積,160,いも類,100,合計,20000,長野県,2005000000,2005年,ha
80,0050,面積,160,いも類,100,合計,21000,岐阜県,2005000000,2005年,ha
707,0050,面積,160,いも類,100,合計,22000,静岡県,2005000000,2005年,ha
267,0050,面積,160,いも類,100,合計,23000,愛知県,2005000000,2005年,ha
121,0050,面積,160,いも類,100,合計,24000,三重県,2005000000,2005年,ha
42,0050,面積,160,いも類,100,合計,25000,滋賀県,2005000000,2005年,ha
131,0050,面積,160,いも類,100,合計,26000,京都府,2005000000,2005年,ha
60,0050,面積,160,いも類,100,合計,27000,大阪府,2005000000,2005年,ha
163,0050,面積,160,いも類,100,合計,28000,兵庫県,2005000000,2005年,ha
47,0050,面積,160,いも類,100,合計,29000,奈良県,2005000000,2005年,ha
35,0050,面積,160,いも類,100,合計,30000,和歌山県,2005000000,2005年,ha
94,0050,面積,160,いも類,100,合計,31000,鳥取県,2005000000,2005年,ha
86,0050,面積,160,いも類,100,合計,32000,島根県,2005000000,2005年,ha
165,0050,面積,160,いも類,100,合計,33000,岡山県,2005000000,2005年,ha
175,0050,面積,160,いも類,100,合計,34000,広島県,2005000000,2005年,ha
110,0050,面積,160,いも類,100,合計,35000,山口県,2005000000,2005年,ha
1021,0050,面積,160,いも類,100,合計,36000,徳島県,2005000000,2005年,ha
100,0050,面積,160,いも類,100,合計,37000,香川県,2005000000,2005年,ha
137,0050,面積,160,いも類,100,合計,38000,愛媛県,2005000000,2005年,ha
270,0050,面積,160,いも類,100,合計,39000,高知県,2005000000,2005年,ha
140,0050,面積,160,いも類,100,合計,40000,福岡県,2005000000,2005年,ha
107,0050,面積,160,いも類,100,合計,41000,佐賀県,2005000000,2005年,ha
3034,0050,面積,160,いも類,100,合計,42000,長崎県,2005000000,2005年,ha
1148,0050,面積,160,いも類,100,合計,43000,熊本県,2005000000,2005年,ha
156,0050,面積,160,いも類,100,合計,44000,大分県,2005000000,2005年,ha
2338,0050,面積,160,いも類,100,合計,45000,宮崎県,2005000000,2005年,ha
12646,0050,面積,160,いも類,100,合計,46000,鹿児島県,2005000000,2005年,ha
11558,0050,面積,160,いも類,100,合計,60100,関東農政局,2005000000,2005年,ha
467,0050,面積,160,いも類,100,合計,60110,東海農政局,2005000000,2005年,ha
2157,0050,面積,160,いも類,100,合計,60120,中国四国農政局,2005000000,2005年,ha
88385,0050,面積,160,いも類,110,露地,00000,全国,2005000000,2005年,ha
51889,0050,面積,160,いも類,110,露地,00042,北海道,2005000000,2005年,ha
36496,0050,面積,160,いも類,110,露地,50002,都府県,2005000000,2005年,ha
1577,0050,面積,160,いも類,110,露地,00043,東北,2005000000,2005年,ha
510,0050,面積,160,いも類,110,露地,00049,北陸,2005000000,2005年,ha
10851,0050,面積,160,いも類,110,露地,53030,関東・東山,2005000000,2005年,ha
6018,0050,面積,160,いも類,110,露地,00046,北関東,2005000000,2005年,ha
4546,0050,面積,160,いも類,110,露地,00047,南関東,2005000000,2005年,ha
286,0050,面積,160,いも類,110,露地,53033,東山,2005000000,2005年,ha
1175,0050,面積,160,いも類,110,露地,00050,東海,2005000000,2005年,ha
478,0050,面積,160,いも類,110,露地,00051,近畿,2005000000,2005年,ha
630,0050,面積,160,いも類,110,露地,00053,中国,2005000000,2005年,ha
180,0050,面積,160,いも類,110,露地,56061,山陰,2005000000,2005年,ha
451,0050,面積,160,いも類,110,露地,56062,山陽,2005000000,2005年,ha
1527,0050,面積,160,いも類,110,露地,00054,四国,2005000000,2005年,ha
19569,0050,面積,160,いも類,110,露地,00056,九州,2005000000,2005年,ha
4585,0050,面積,160,いも類,110,露地,58081,北九州,2005000000,2005年,ha
14984,0050,面積,160,いも類,110,露地,58082,南九州,2005000000,2005年,ha
179,0050,面積,160,いも類,110,露地,00057,沖縄,2005000000,2005年,ha
731,0050,面積,160,いも類,110,露地,02000,青森県,2005000000,2005年,ha
107,0050,面積,160,いも類,110,露地,03000,岩手県,2005000000,2005年,ha
139,0050,面積,160,いも類,110,露地,04000,宮城県,2005000000,2005年,ha
111,0050,面積,160,いも類,110,露地,05000,秋田県,2005000000,2005年,ha
88,0050,面積,160,いも類,110,露地,06000,山形県,2005000000,2005年,ha
402,0050,面積,160,いも類,110,露地,07000,福島県,2005000000,2005年,ha
5567,0050,面積,160,いも類,110,露地,08000,茨城県,2005000000,2005年,ha
159,0050,面積,160,いも類,110,露地,09000,栃木県,2005000000,2005年,ha
292,0050,面積,160,いも類,110,露地,10000,群馬県,2005000000,2005年,ha
381,0050,面積,160,いも類,110,露地,11000,埼玉県,2005000000,2005年,ha
3491,0050,面積,160,いも類,110,露地,12000,千葉県,2005000000,2005年,ha
229,0050,面積,160,いも類,110,露地,13000,東京都,2005000000,2005年,ha
446,0050,面積,160,いも類,110,露地,14000,神奈川県,2005000000,2005年,ha
166,0050,面積,160,いも類,110,露地,15000,新潟県,2005000000,2005年,ha
68,0050,面積,160,いも類,110,露地,16000,富山県,2005000000,2005年,ha
189,0050,面積,160,いも類,110,露地,17000,石川県,2005000000,2005年,ha
86,0050,面積,160,いも類,110,露地,18000,福井県,2005000000,2005年,ha
51,0050,面積,160,いも類,110,露地,19000,山梨県,2005000000,2005年,ha
235,0050,面積,160,いも類,110,露地,20000,長野県,2005000000,2005年,ha
80,0050,面積,160,いも類,110,露地,21000,岐阜県,2005000000,2005年,ha
707,0050,面積,160,いも類,110,露地,22000,静岡県,2005000000,2005年,ha
267,0050,面積,160,いも類,110,露地,23000,愛知県,2005000000,2005年,ha
121,0050,面積,160,いも類,110,露地,24000,三重県,2005000000,2005年,ha
42,0050,面積,160,いも類,110,露地,25000,滋賀県,2005000000,2005年,ha
131,0050,面積,160,いも類,110,露地,26000,京都府,2005000000,2005年,ha
60,0050,面積,160,いも類,110,露地,27000,大阪府,2005000000,2005年,ha
163,0050,面積,160,いも類,110,露地,28000,兵庫県,2005000000,2005年,ha
47,0050,面積,160,いも類,110,露地,29000,奈良県,2005000000,2005年,ha
35,0050,面積,160,いも類,110,露地,30000,和歌山県,2005000000,2005年,ha
94,0050,面積,160,いも類,110,露地,31000,鳥取県,2005000000,2005年,ha
86,0050,面積,160,いも類,110,露地,32000,島根県,2005000000,2005年,ha
165,0050,面積,160,いも類,110,露地,33000,岡山県,2005000000,2005年,ha
175,0050,面積,160,いも類,110,露地,34000,広島県,2005000000,2005年,ha
110,0050,面積,160,いも類,110,露地,35000,山口県,2005000000,2005年,ha
1021,0050,面積,160,いも類,110,露地,36000,徳島県,2005000000,2005年,ha
100,0050,面積,160,いも類,110,露地,37000,香川県,2005000000,2005年,ha
137,0050,面積,160,いも類,110,露地,38000,愛媛県,2005000000,2005年,ha
270,0050,面積,160,いも類,110,露地,39000,高知県,2005000000,2005年,ha
140,0050,面積,160,いも類,110,露地,40000,福岡県,2005000000,2005年,ha
107,0050,面積,160,いも類,110,露地,41000,佐賀県,2005000000,2005年,ha
3034,0050,面積,160,いも類,110,露地,42000,長崎県,2005000000,2005年,ha
1148,0050,面積,160,いも類,110,露地,43000,熊本県,2005000000,2005年,ha
156,0050,面積,160,いも類,110,露地,44000,大分県,2005000000,2005年,ha
2338,0050,面積,160,いも類,110,露地,45000,宮崎県,2005000000,2005年,ha
12646,0050,面積,160,いも類,110,露地,46000,鹿児島県,2005000000,2005年,ha
11558,0050,面積,160,いも類,110,露地,60100,関東農政局,2005000000,2005年,ha
467,0050,面積,160,いも類,110,露地,60110,東海農政局,2005000000,2005年,ha
2157,0050,面積,160,いも類,110,露地,60120,中国四国農政局,2005000000,2005年,ha
123702,0050,面積,170,豆類,100,合計,00000,全国,2005000000,2005年,ha
56812,0050,面積,170,豆類,100,合計,00042,北海道,2005000000,2005年,ha
66891,0050,面積,170,豆類,100,合計,50002,都府県,2005000000,2005年,ha
18009,0050,面積,170,豆類,100,合計,00043,東北,2005000000,2005年,ha
7744,0050,面積,170,豆類,100,合計,00049,北陸,2005000000,2005年,ha
11812,0050,面積,170,豆類,100,合計,53030,関東・東山,2005000000,2005年,ha
7962,0050,面積,170,豆類,100,合計,00046,北関東,2005000000,2005年,ha
2804,0050,面積,170,豆類,100,合計,00047,南関東,2005000000,2005年,ha
1046,0050,面積,170,豆類,100,合計,53033,東山,2005000000,2005年,ha
3866,0050,面積,170,豆類,100,合計,00050,東海,2005000000,2005年,ha
4415,0050,面積,170,豆類,100,合計,00051,近畿,2005000000,2005年,ha
3232,0050,面積,170,豆類,100,合計,00053,中国,2005000000,2005年,ha
1005,0050,面積,170,豆類,100,合計,56061,山陰,2005000000,2005年,ha
2227,0050,面積,170,豆類,100,合計,56062,山陽,2005000000,2005年,ha
628,0050,面積,170,豆類,100,合計,00054,四国,2005000000,2005年,ha
17182,0050,面積,170,豆類,100,合計,00056,九州,2005000000,2005年,ha
16682,0050,面積,170,豆類,100,合計,58081,北九州,2005000000,2005年,ha
500,0050,面積,170,豆類,100,合計,58082,南九州,2005000000,2005年,ha
3,0050,面積,170,豆類,100,合計,00057,沖縄,2005000000,2005年,ha
2420,0050,面積,170,豆類,100,合計,02000,青森県,2005000000,2005年,ha
1885,0050,面積,170,豆類,100,合計,03000,岩手県,2005000000,2005年,ha
1634,0050,面積,170,豆類,100,合計,04000,宮城県,2005000000,2005年,ha
5819,0050,面積,170,豆類,100,合計,05000,秋田県,2005000000,2005年,ha
5345,0050,面積,170,豆類,100,合計,06000,山形県,2005000000,2005年,ha
906,0050,面積,170,豆類,100,合計,07000,福島県,2005000000,2005年,ha
3037,0050,面積,170,豆類,100,合計,08000,茨城県,2005000000,2005年,ha
4542,0050,面積,170,豆類,100,合計,09000,栃木県,2005000000,2005年,ha
383,0050,面積,170,豆類,100,合計,10000,群馬県,2005000000,2005年,ha
277,0050,面積,170,豆類,100,合計,11000,埼玉県,2005000000,2005年,ha
2307,0050,面積,170,豆類,100,合計,12000,千葉県,2005000000,2005年,ha
45,0050,面積,170,豆類,100,合計,13000,東京都,2005000000,2005年,ha
176,0050,面積,170,豆類,100,合計,14000,神奈川県,2005000000,2005年,ha
3350,0050,面積,170,豆類,100,合計,15000,新潟県,2005000000,2005年,ha
2820,0050,面積,170,豆類,100,合計,16000,富山県,2005000000,2005年,ha
1014,0050,面積,170,豆類,100,合計,17000,石川県,2005000000,2005年,ha
560,0050,面積,170,豆類,100,合計,18000,福井県,2005000000,2005年,ha
93,0050,面積,170,豆類,100,合計,19000,山梨県,2005000000,2005年,ha
953,0050,面積,170,豆類,100,合計,20000,長野県,2005000000,2005年,ha
362,0050,面積,170,豆類,100,合計,21000,岐阜県,2005000000,2005年,ha
336,0050,面積,170,豆類,100,合計,22000,静岡県,2005000000,2005年,ha
1819,0050,面積,170,豆類,100,合計,23000,愛知県,2005000000,2005年,ha
1349,0050,面積,170,豆類,100,合計,24000,三重県,2005000000,2005年,ha
2449,0050,面積,170,豆類,100,合計,25000,滋賀県,2005000000,2005年,ha
505,0050,面積,170,豆類,100,合計,26000,京都府,2005000000,2005年,ha
41,0050,面積,170,豆類,100,合計,27000,大阪府,2005000000,2005年,ha
1300,0050,面積,170,豆類,100,合計,28000,兵庫県,2005000000,2005年,ha
48,0050,面積,170,豆類,100,合計,29000,奈良県,2005000000,2005年,ha
72,0050,面積,170,豆類,100,合計,30000,和歌山県,2005000000,2005年,ha
688,0050,面積,170,豆類,100,合計,31000,鳥取県,2005000000,2005年,ha
317,0050,面積,170,豆類,100,合計,32000,島根県,2005000000,2005年,ha
1474,0050,面積,170,豆類,100,合計,33000,岡山県,2005000000,2005年,ha
293,0050,面積,170,豆類,100,合計,34000,広島県,2005000000,2005年,ha
459,0050,面積,170,豆類,100,合計,35000,山口県,2005000000,2005年,ha
111,0050,面積,170,豆類,100,合計,36000,徳島県,2005000000,2005年,ha
148,0050,面積,170,豆類,100,合計,37000,香川県,2005000000,2005年,ha
234,0050,面積,170,豆類,100,合計,38000,愛媛県,2005000000,2005年,ha
135,0050,面積,170,豆類,100,合計,39000,高知県,2005000000,2005年,ha
5858,0050,面積,170,豆類,100,合計,40000,福岡県,2005000000,2005年,ha
6973,0050,面積,170,豆類,100,合計,41000,佐賀県,2005000000,2005年,ha
362,0050,面積,170,豆類,100,合計,42000,長崎県,2005000000,2005年,ha
2039,0050,面積,170,豆類,100,合計,43000,熊本県,2005000000,2005年,ha
1449,0050,面積,170,豆類,100,合計,44000,大分県,2005000000,2005年,ha
174,0050,面積,170,豆類,100,合計,45000,宮崎県,2005000000,2005年,ha
326,0050,面積,170,豆類,100,合計,46000,鹿児島県,2005000000,2005年,ha
12149,0050,面積,170,豆類,100,合計,60100,関東農政局,2005000000,2005年,ha
3529,0050,面積,170,豆類,100,合計,60110,東海農政局,2005000000,2005年,ha
3860,0050,面積,170,豆類,100,合計,60120,中国四国農政局,2005000000,2005年,ha
123702,0050,面積,170,豆類,110,露地,00000,全国,2005000000,2005年,ha
56812,0050,面積,170,豆類,110,露地,00042,北海道,2005000000,2005年,ha
66891,0050,面積,170,豆類,110,露地,50002,都府県,2005000000,2005年,ha
18009,0050,面積,170,豆類,110,露地,00043,東北,2005000000,2005年,ha
7744,0050,面積,170,豆類,110,露地,00049,北陸,2005000000,2005年,ha
11812,0050,面積,170,豆類,110,露地,53030,関東・東山,2005000000,2005年,ha
7962,0050,面積,170,豆類,110,露地,00046,北関東,2005000000,2005年,ha
2804,0050,面積,170,豆類,110,露地,00047,南関東,2005000000,2005年,ha
1046,0050,面積,170,豆類,110,露地,53033,東山,2005000000,2005年,ha
3866,0050,面積,170,豆類,110,露地,00050,東海,2005000000,2005年,ha
4415,0050,面積,170,豆類,110,露地,00051,近畿,2005000000,2005年,ha
3232,0050,面積,170,豆類,110,露地,00053,中国,2005000000,2005年,ha
1005,0050,面積,170,豆類,110,露地,56061,山陰,2005000000,2005年,ha
2227,0050,面積,170,豆類,110,露地,56062,山陽,2005000000,2005年,ha
628,0050,面積,170,豆類,110,露地,00054,四国,2005000000,2005年,ha
17182,0050,面積,170,豆類,110,露地,00056,九州,2005000000,2005年,ha
16682,0050,面積,170,豆類,110,露地,58081,北九州,2005000000,2005年,ha
500,0050,面積,170,豆類,110,露地,58082,南九州,2005000000,2005年,ha
3,0050,面積,170,豆類,110,露地,00057,沖縄,2005000000,2005年,ha
2420,0050,面積,170,豆類,110,露地,02000,青森県,2005000000,2005年,ha
1885,0050,面積,170,豆類,110,露地,03000,岩手県,2005000000,2005年,ha
1634,0050,面積,170,豆類,110,露地,04000,宮城県,2005000000,2005年,ha
5819,0050,面積,170,豆類,110,露地,05000,秋田県,2005000000,2005年,ha
5345,0050,面積,170,豆類,110,露地,06000,山形県,2005000000,2005年,ha
906,0050,面積,170,豆類,110,露地,07000,福島県,2005000000,2005年,ha
3037,0050,面積,170,豆類,110,露地,08000,茨城県,2005000000,2005年,ha
4542,0050,面積,170,豆類,110,露地,09000,栃木県,2005000000,2005年,ha
383,0050,面積,170,豆類,110,露地,10000,群馬県,2005000000,2005年,ha
277,0050,面積,170,豆類,110,露地,11000,埼玉県,2005000000,2005年,ha
2307,0050,面積,170,豆類,110,露地,12000,千葉県,2005000000,2005年,ha
45,0050,面積,170,豆類,110,露地,13000,東京都,2005000000,2005年,ha
176,0050,面積,170,豆類,110,露地,14000,神奈川県,2005000000,2005年,ha
3350,0050,面積,170,豆類,110,露地,15000,新潟県,2005000000,2005年,ha
2820,0050,面積,170,豆類,110,露地,16000,富山県,2005000000,2005年,ha
1014,0050,面積,170,豆類,110,露地,17000,石川県,2005000000,2005年,ha
560,0050,面積,170,豆類,110,露地,18000,福井県,2005000000,2005年,ha
93,0050,面積,170,豆類,110,露地,19000,山梨県,2005000000,2005年,ha
953,0050,面積,170,豆類,110,露地,20000,長野県,2005000000,2005年,ha
362,0050,面積,170,豆類,110,露地,21000,岐阜県,2005000000,2005年,ha
336,0050,面積,170,豆類,110,露地,22000,静岡県,2005000000,2005年,ha
1819,0050,面積,170,豆類,110,露地,23000,愛知県,2005000000,2005年,ha
1349,0050,面積,170,豆類,110,露地,24000,三重県,2005000000,2005年,ha
2449,0050,面積,170,豆類,110,露地,25000,滋賀県,2005000000,2005年,ha
505,0050,面積,170,豆類,110,露地,26000,京都府,2005000000,2005年,ha
41,0050,面積,170,豆類,110,露地,27000,大阪府,2005000000,2005年,ha
1300,0050,面積,170,豆類,110,露地,28000,兵庫県,2005000000,2005年,ha
48,0050,面積,170,豆類,110,露地,29000,奈良県,2005000000,2005年,ha
72,0050,面積,170,豆類,110,露地,30000,和歌山県,2005000000,2005年,ha
688,0050,面積,170,豆類,110,露地,31000,鳥取県,2005000000,2005年,ha
317,0050,面積,170,豆類,110,露地,32000,島根県,2005000000,2005年,ha
1474,0050,面積,170,豆類,110,露地,33000,岡山県,2005000000,2005年,ha
293,0050,面積,170,豆類,110,露地,34000,広島県,2005000000,2005年,ha
459,0050,面積,170,豆類,110,露地,35000,山口県,2005000000,2005年,ha
111,0050,面積,170,豆類,110,露地,36000,徳島県,2005000000,2005年,ha
148,0050,面積,170,豆類,110,露地,37000,香川県,2005000000,2005年,ha
234,0050,面積,170,豆類,110,露地,38000,愛媛県,2005000000,2005年,ha
135,0050,面積,170,豆類,110,露地,39000,高知県,2005000000,2005年,ha
5858,0050,面積,170,豆類,110,露地,40000,福岡県,2005000000,2005年,ha
6973,0050,面積,170,豆類,110,露地,41000,佐賀県,2005000000,2005年,ha
362,0050,面積,170,豆類,110,露地,42000,長崎県,2005000000,2005年,ha
2039,0050,面積,170,豆類,110,露地,43000,熊本県,2005000000,2005年,ha
1449,0050,面積,170,豆類,110,露地,44000,大分県,2005000000,2005年,ha
174,0050,面積,170,豆類,110,露地,45000,宮崎県,2005000000,2005年,ha
326,0050,面積,170,豆類,110,露地,46000,鹿児島県,2005000000,2005年,ha
12149,0050,面積,170,豆類,110,露地,60100,関東農政局,2005000000,2005年,ha
3529,0050,面積,170,豆類,110,露地,60110,東海農政局,2005000000,2005年,ha
3860,0050,面積,170,豆類,110,露地,60120,中国四国農政局,2005000000,2005年,ha
146554,0050,面積,180,工芸農作物,100,合計,00000,全国,2005000000,2005年,ha
65138,0050,面積,180,工芸農作物,100,合計,00042,北海道,2005000000,2005年,ha
81416,0050,面積,180,工芸農作物,100,合計,50002,都府県,2005000000,2005年,ha
6654,0050,面積,180,工芸農作物,100,合計,00043,東北,2005000000,2005年,ha
1275,0050,面積,180,工芸農作物,100,合計,00049,北陸,2005000000,2005年,ha
6915,0050,面積,180,工芸農作物,100,合計,53030,関東・東山,2005000000,2005年,ha
4976,0050,面積,180,工芸農作物,100,合計,00046,北関東,2005000000,2005年,ha
1681,0050,面積,180,工芸農作物,100,合計,00047,南関東,2005000000,2005年,ha
259,0050,面積,180,工芸農作物,100,合計,53033,東山,2005000000,2005年,ha
17965,0050,面積,180,工芸農作物,100,合計,00050,東海,2005000000,2005年,ha
2379,0050,面積,180,工芸農作物,100,合計,00051,近畿,2005000000,2005年,ha
1193,0050,面積,180,工芸農作物,100,合計,00053,中国,2005000000,2005年,ha
574,0050,面積,180,工芸農作物,100,合計,56061,山陰,2005000000,2005年,ha
619,0050,面積,180,工芸農作物,100,合計,56062,山陽,2005000000,2005年,ha
1784,0050,面積,180,工芸農作物,100,合計,00054,四国,2005000000,2005年,ha
31128,0050,面積,180,工芸農作物,100,合計,00056,九州,2005000000,2005年,ha
9973,0050,面積,180,工芸農作物,100,合計,58081,北九州,2005000000,2005年,ha
21155,0050,面積,180,工芸農作物,100,合計,58082,南九州,2005000000,2005年,ha
12122,0050,面積,180,工芸農作物,100,合計,00057,沖縄,2005000000,2005年,ha
1739,0050,面積,180,工芸農作物,100,合計,02000,青森県,2005000000,2005年,ha
1988,0050,面積,180,工芸農作物,100,合計,03000,岩手県,2005000000,2005年,ha
204,0050,面積,180,工芸農作物,100,合計,04000,宮城県,2005000000,2005年,ha
747,0050,面積,180,工芸農作物,100,合計,05000,秋田県,2005000000,2005年,ha
360,0050,面積,180,工芸農作物,100,合計,06000,山形県,2005000000,2005年,ha
1615,0050,面積,180,工芸農作物,100,合計,07000,福島県,2005000000,2005年,ha
1314,0050,面積,180,工芸農作物,100,合計,08000,茨城県,2005000000,2005年,ha
534,0050,面積,180,工芸農作物,100,合計,09000,栃木県,2005000000,2005年,ha
3127,0050,面積,180,工芸農作物,100,合計,10000,群馬県,2005000000,2005年,ha
862,0050,面積,180,工芸農作物,100,合計,11000,埼玉県,2005000000,2005年,ha
461,0050,面積,180,工芸農作物,100,合計,12000,千葉県,2005000000,2005年,ha
235,0050,面積,180,工芸農作物,100,合計,13000,東京都,2005000000,2005年,ha
123,0050,面積,180,工芸農作物,100,合計,14000,神奈川県,2005000000,2005年,ha
897,0050,面積,180,工芸農作物,100,合計,15000,新潟県,2005000000,2005年,ha
37,0050,面積,180,工芸農作物,100,合計,16000,富山県,2005000000,2005年,ha
277,0050,面積,180,工芸農作物,100,合計,17000,石川県,2005000000,2005年,ha
64,0050,面積,180,工芸農作物,100,合計,18000,福井県,2005000000,2005年,ha
41,0050,面積,180,工芸農作物,100,合計,19000,山梨県,2005000000,2005年,ha
218,0050,面積,180,工芸農作物,100,合計,20000,長野県,2005000000,2005年,ha
425,0050,面積,180,工芸農作物,100,合計,21000,岐阜県,2005000000,2005年,ha
14873,0050,面積,180,工芸農作物,100,合計,22000,静岡県,2005000000,2005年,ha
599,0050,面積,180,工芸農作物,100,合計,23000,愛知県,2005000000,2005年,ha
2067,0050,面積,180,工芸農作物,100,合計,24000,三重県,2005000000,2005年,ha
353,0050,面積,180,工芸農作物,100,合計,25000,滋賀県,2005000000,2005年,ha
1183,0050,面積,180,工芸農作物,100,合計,26000,京都府,2005000000,2005年,ha
7,0050,面積,180,工芸農作物,100,合計,27000,大阪府,2005000000,2005年,ha
104,0050,面積,180,工芸農作物,100,合計,28000,兵庫県,2005000000,2005年,ha
612,0050,面積,180,工芸農作物,100,合計,29000,奈良県,2005000000,2005年,ha
121,0050,面積,180,工芸農作物,100,合計,30000,和歌山県,2005000000,2005年,ha
335,0050,面積,180,工芸農作物,100,合計,31000,鳥取県,2005000000,2005年,ha
238,0050,面積,180,工芸農作物,100,合計,32000,島根県,2005000000,2005年,ha
295,0050,面積,180,工芸農作物,100,合計,33000,岡山県,2005000000,2005年,ha
133,0050,面積,180,工芸農作物,100,合計,34000,広島県,2005000000,2005年,ha
191,0050,面積,180,工芸農作物,100,合計,35000,山口県,2005000000,2005年,ha
291,0050,面積,180,工芸農作物,100,合計,36000,徳島県,2005000000,2005年,ha
262,0050,面積,180,工芸農作物,100,合計,37000,香川県,2005000000,2005年,ha
498,0050,面積,180,工芸農作物,100,合計,38000,愛媛県,2005000000,2005年,ha
734,0050,面積,180,工芸農作物,100,合計,39000,高知県,2005000000,2005年,ha
1350,0050,面積,180,工芸農作物,100,合計,40000,福岡県,2005000000,2005年,ha
1339,0050,面積,180,工芸農作物,100,合計,41000,佐賀県,2005000000,2005年,ha
1638,0050,面積,180,工芸農作物,100,合計,42000,長崎県,2005000000,2005年,ha
4544,0050,面積,180,工芸農作物,100,合計,43000,熊本県,2005000000,2005年,ha
1101,0050,面積,180,工芸農作物,100,合計,44000,大分県,2005000000,2005年,ha
3522,0050,面積,180,工芸農作物,100,合計,45000,宮崎県,2005000000,2005年,ha
17632,0050,面積,180,工芸農作物,100,合計,46000,鹿児島県,2005000000,2005年,ha
21788,0050,面積,180,工芸農作物,100,合計,60100,関東農政局,2005000000,2005年,ha
3092,0050,面積,180,工芸農作物,100,合計,60110,東海農政局,2005000000,2005年,ha
2977,0050,面積,180,工芸農作物,100,合計,60120,中国四国農政局,2005000000,2005年,ha
146554,0050,面積,180,工芸農作物,110,露地,00000,全国,2005000000,2005年,ha
65138,0050,面積,180,工芸農作物,110,露地,00042,北海道,2005000000,2005年,ha
81416,0050,面積,180,工芸農作物,110,露地,50002,都府県,2005000000,2005年,ha
6654,0050,面積,180,工芸農作物,110,露地,00043,東北,2005000000,2005年,ha
1275,0050,面積,180,工芸農作物,110,露地,00049,北陸,2005000000,2005年,ha
6915,0050,面積,180,工芸農作物,110,露地,53030,関東・東山,2005000000,2005年,ha
4976,0050,面積,180,工芸農作物,110,露地,00046,北関東,2005000000,2005年,ha
1681,0050,面積,180,工芸農作物,110,露地,00047,南関東,2005000000,2005年,ha
259,0050,面積,180,工芸農作物,110,露地,53033,東山,2005000000,2005年,ha
17965,0050,面積,180,工芸農作物,110,露地,00050,東海,2005000000,2005年,ha
2379,0050,面積,180,工芸農作物,110,露地,00051,近畿,2005000000,2005年,ha
1193,0050,面積,180,工芸農作物,110,露地,00053,中国,2005000000,2005年,ha
574,0050,面積,180,工芸農作物,110,露地,56061,山陰,2005000000,2005年,ha
619,0050,面積,180,工芸農作物,110,露地,56062,山陽,2005000000,2005年,ha
1784,0050,面積,180,工芸農作物,110,露地,00054,四国,2005000000,2005年,ha
31128,0050,面積,180,工芸農作物,110,露地,00056,九州,2005000000,2005年,ha
9973,0050,面積,180,工芸農作物,110,露地,58081,北九州,2005000000,2005年,ha
21155,0050,面積,180,工芸農作物,110,露地,58082,南九州,2005000000,2005年,ha
12122,0050,面積,180,工芸農作物,110,露地,00057,沖縄,2005000000,2005年,ha
1739,0050,面積,180,工芸農作物,110,露地,02000,青森県,2005000000,2005年,ha
1988,0050,面積,180,工芸農作物,110,露地,03000,岩手県,2005000000,2005年,ha
204,0050,面積,180,工芸農作物,110,露地,04000,宮城県,2005000000,2005年,ha
747,0050,面積,180,工芸農作物,110,露地,05000,秋田県,2005000000,2005年,ha
360,0050,面積,180,工芸農作物,110,露地,06000,山形県,2005000000,2005年,ha
1615,0050,面積,180,工芸農作物,110,露地,07000,福島県,2005000000,2005年,ha
1314,0050,面積,180,工芸農作物,110,露地,08000,茨城県,2005000000,2005年,ha
534,0050,面積,180,工芸農作物,110,露地,09000,栃木県,2005000000,2005年,ha
3127,0050,面積,180,工芸農作物,110,露地,10000,群馬県,2005000000,2005年,ha
862,0050,面積,180,工芸農作物,110,露地,11000,埼玉県,2005000000,2005年,ha
461,0050,面積,180,工芸農作物,110,露地,12000,千葉県,2005000000,2005年,ha
235,0050,面積,180,工芸農作物,110,露地,13000,東京都,2005000000,2005年,ha
123,0050,面積,180,工芸農作物,110,露地,14000,神奈川県,2005000000,2005年,ha
897,0050,面積,180,工芸農作物,110,露地,15000,新潟県,2005000000,2005年,ha
37,0050,面積,180,工芸農作物,110,露地,16000,富山県,2005000000,2005年,ha
277,0050,面積,180,工芸農作物,110,露地,17000,石川県,2005000000,2005年,ha
64,0050,面積,180,工芸農作物,110,露地,18000,福井県,2005000000,2005年,ha
41,0050,面積,180,工芸農作物,110,露地,19000,山梨県,2005000000,2005年,ha
218,0050,面積,180,工芸農作物,110,露地,20000,長野県,2005000000,2005年,ha
425,0050,面積,180,工芸農作物,110,露地,21000,岐阜県,2005000000,2005年,ha
14873,0050,面積,180,工芸農作物,110,露地,22000,静岡県,2005000000,2005年,ha
599,0050,面積,180,工芸農作物,110,露地,23000,愛知県,2005000000,2005年,ha
2067,0050,面積,180,工芸農作物,110,露地,24000,三重県,2005000000,2005年,ha
353,0050,面積,180,工芸農作物,110,露地,25000,滋賀県,2005000000,2005年,ha
1183,0050,面積,180,工芸農作物,110,露地,26000,京都府,2005000000,2005年,ha
7,0050,面積,180,工芸農作物,110,露地,27000,大阪府,2005000000,2005年,ha
104,0050,面積,180,工芸農作物,110,露地,28000,兵庫県,2005000000,2005年,ha
612,0050,面積,180,工芸農作物,110,露地,29000,奈良県,2005000000,2005年,ha
121,0050,面積,180,工芸農作物,110,露地,30000,和歌山県,2005000000,2005年,ha
335,0050,面積,180,工芸農作物,110,露地,31000,鳥取県,2005000000,2005年,ha
238,0050,面積,180,工芸農作物,110,露地,32000,島根県,2005000000,2005年,ha
295,0050,面積,180,工芸農作物,110,露地,33000,岡山県,2005000000,2005年,ha
133,0050,面積,180,工芸農作物,110,露地,34000,広島県,2005000000,2005年,ha
191,0050,面積,180,工芸農作物,110,露地,35000,山口県,2005000000,2005年,ha
291,0050,面積,180,工芸農作物,110,露地,36000,徳島県,2005000000,2005年,ha
262,0050,面積,180,工芸農作物,110,露地,37000,香川県,2005000000,2005年,ha
498,0050,面積,180,工芸農作物,110,露地,38000,愛媛県,2005000000,2005年,ha
734,0050,面積,180,工芸農作物,110,露地,39000,高知県,2005000000,2005年,ha
1350,0050,面積,180,工芸農作物,110,露地,40000,福岡県,2005000000,2005年,ha
1339,0050,面積,180,工芸農作物,110,露地,41000,佐賀県,2005000000,2005年,ha
1638,0050,面積,180,工芸農作物,110,露地,42000,長崎県,2005000000,2005年,ha
4544,0050,面積,180,工芸農作物,110,露地,43000,熊本県,2005000000,2005年,ha
1101,0050,面積,180,工芸農作物,110,露地,44000,大分県,2005000000,2005年,ha
3522,0050,面積,180,工芸農作物,110,露地,45000,宮崎県,2005000000,2005年,ha
17632,0050,面積,180,工芸農作物,110,露地,46000,鹿児島県,2005000000,2005年,ha
21788,0050,面積,180,工芸農作物,110,露地,60100,関東農政局,2005000000,2005年,ha
3092,0050,面積,180,工芸農作物,110,露地,60110,東海農政局,2005000000,2005年,ha
2977,0050,面積,180,工芸農作物,110,露地,60120,中国四国農政局,2005000000,2005年,ha
270589,0050,面積,190,野菜類,100,合計,00000,全国,2005000000,2005年,ha
47514,0050,面積,190,野菜類,100,合計,00042,北海道,2005000000,2005年,ha
223075,0050,面積,190,野菜類,100,合計,50002,都府県,2005000000,2005年,ha
32397,0050,面積,190,野菜類,100,合計,00043,東北,2005000000,2005年,ha
7707,0050,面積,190,野菜類,100,合計,00049,北陸,2005000000,2005年,ha
88662,0050,面積,190,野菜類,100,合計,53030,関東・東山,2005000000,2005年,ha
38690,0050,面積,190,野菜類,100,合計,00046,北関東,2005000000,2005年,ha
36128,0050,面積,190,野菜類,100,合計,00047,南関東,2005000000,2005年,ha
13844,0050,面積,190,野菜類,100,合計,53033,東山,2005000000,2005年,ha
19796,0050,面積,190,野菜類,100,合計,00050,東海,2005000000,2005年,ha
11865,0050,面積,190,野菜類,100,合計,00051,近畿,2005000000,2005年,ha
9296,0050,面積,190,野菜類,100,合計,00053,中国,2005000000,2005年,ha
3687,0050,面積,190,野菜類,100,合計,56061,山陰,2005000000,2005年,ha
5608,0050,面積,190,野菜類,100,合計,56062,山陽,2005000000,2005年,ha
12046,0050,面積,190,野菜類,100,合計,00054,四国,2005000000,2005年,ha
39975,0050,面積,190,野菜類,100,合計,00056,九州,2005000000,2005年,ha
27837,0050,面積,190,野菜類,100,合計,58081,北九州,2005000000,2005年,ha
12139,0050,面積,190,野菜類,100,合計,58082,南九州,2005000000,2005年,ha
1331,0050,面積,190,野菜類,100,合計,00057,沖縄,2005000000,2005年,ha
11715,0050,面積,190,野菜類,100,合計,02000,青森県,2005000000,2005年,ha
4983,0050,面積,190,野菜類,100,合計,03000,岩手県,2005000000,2005年,ha
2855,0050,面積,190,野菜類,100,合計,04000,宮城県,2005000000,2005年,ha
3217,0050,面積,190,野菜類,100,合計,05000,秋田県,2005000000,2005年,ha
4646,0050,面積,190,野菜類,100,合計,06000,山形県,2005000000,2005年,ha
4981,0050,面積,190,野菜類,100,合計,07000,福島県,2005000000,2005年,ha
19939,0050,面積,190,野菜類,100,合計,08000,茨城県,2005000000,2005年,ha
5051,0050,面積,190,野菜類,100,合計,09000,栃木県,2005000000,2005年,ha
13700,0050,面積,190,野菜類,100,合計,10000,群馬県,2005000000,2005年,ha
8978,0050,面積,190,野菜類,100,合計,11000,埼玉県,2005000000,2005年,ha
18706,0050,面積,190,野菜類,100,合計,12000,千葉県,2005000000,2005年,ha
2794,0050,面積,190,野菜類,100,合計,13000,東京都,2005000000,2005年,ha
5649,0050,面積,190,野菜類,100,合計,14000,神奈川県,2005000000,2005年,ha
4740,0050,面積,190,野菜類,100,合計,15000,新潟県,2005000000,2005年,ha
613,0050,面積,190,野菜類,100,合計,16000,富山県,2005000000,2005年,ha
1472,0050,面積,190,野菜類,100,合計,17000,石川県,2005000000,2005年,ha
883,0050,面積,190,野菜類,100,合計,18000,福井県,2005000000,2005年,ha
1004,0050,面積,190,野菜類,100,合計,19000,山梨県,2005000000,2005年,ha
12840,0050,面積,190,野菜類,100,合計,20000,長野県,2005000000,2005年,ha
2551,0050,面積,190,野菜類,100,合計,21000,岐阜県,2005000000,2005年,ha
4821,0050,面積,190,野菜類,100,合計,22000,静岡県,2005000000,2005年,ha
11168,0050,面積,190,野菜類,100,合計,23000,愛知県,2005000000,2005年,ha
1256,0050,面積,190,野菜類,100,合計,24000,三重県,2005000000,2005年,ha
1014,0050,面積,190,野菜類,100,合計,25000,滋賀県,2005000000,2005年,ha
1951,0050,面積,190,野菜類,100,合計,26000,京都府,2005000000,2005年,ha
1334,0050,面積,190,野菜類,100,合計,27000,大阪府,2005000000,2005年,ha
5282,0050,面積,190,野菜類,100,合計,28000,兵庫県,2005000000,2005年,ha
875,0050,面積,190,野菜類,100,合計,29000,奈良県,2005000000,2005年,ha
1408,0050,面積,190,野菜類,100,合計,30000,和歌山県,2005000000,2005年,ha
2531,0050,面積,190,野菜類,100,合計,31000,鳥取県,2005000000,2005年,ha
1156,0050,面積,190,野菜類,100,合計,32000,島根県,2005000000,2005年,ha
2228,0050,面積,190,野菜類,100,合計,33000,岡山県,2005000000,2005年,ha
1585,0050,面積,190,野菜類,100,合計,34000,広島県,2005000000,2005年,ha
1796,0050,面積,190,野菜類,100,合計,35000,山口県,2005000000,2005年,ha
4548,0050,面積,190,野菜類,100,合計,36000,徳島県,2005000000,2005年,ha
2503,0050,面積,190,野菜類,100,合計,37000,香川県,2005000000,2005年,ha
1887,0050,面積,190,野菜類,100,合計,38000,愛媛県,2005000000,2005年,ha
3108,0050,面積,190,野菜類,100,合計,39000,高知県,2005000000,2005年,ha
5547,0050,面積,190,野菜類,100,合計,40000,福岡県,2005000000,2005年,ha
3837,0050,面積,190,野菜類,100,合計,41000,佐賀県,2005000000,2005年,ha
4845,0050,面積,190,野菜類,100,合計,42000,長崎県,2005000000,2005年,ha
10683,0050,面積,190,野菜類,100,合計,43000,熊本県,2005000000,2005年,ha
2925,0050,面積,190,野菜類,100,合計,44000,大分県,2005000000,2005年,ha
6990,0050,面積,190,野菜類,100,合計,45000,宮崎県,2005000000,2005年,ha
5149,0050,面積,190,野菜類,100,合計,46000,鹿児島県,2005000000,2005年,ha
93483,0050,面積,190,野菜類,100,合計,60100,関東農政局,2005000000,2005年,ha
14975,0050,面積,190,野菜類,100,合計,60110,東海農政局,2005000000,2005年,ha
21341,0050,面積,190,野菜類,100,合計,60120,中国四国農政局,2005000000,2005年,ha
232325,0050,面積,190,野菜類,110,露地,00000,全国,2005000000,2005年,ha
44825,0050,面積,190,野菜類,110,露地,00042,北海道,2005000000,2005年,ha
187500,0050,面積,190,野菜類,110,露地,50002,都府県,2005000000,2005年,ha
29009,0050,面積,190,野菜類,110,露地,00043,東北,2005000000,2005年,ha
7042,0050,面積,190,野菜類,110,露地,00049,北陸,2005000000,2005年,ha
77634,0050,面積,190,野菜類,110,露地,53030,関東・東山,2005000000,2005年,ha
31560,0050,面積,190,野菜類,110,露地,00046,北関東,2005000000,2005年,ha
32665,0050,面積,190,野菜類,110,露地,00047,南関東,2005000000,2005年,ha
13410,0050,面積,190,野菜類,110,露地,53033,東山,2005000000,2005年,ha
16200,0050,面積,190,野菜類,110,露地,00050,東海,2005000000,2005年,ha
10121,0050,面積,190,野菜類,110,露地,00051,近畿,2005000000,2005年,ha
8082,0050,面積,190,野菜類,110,露地,00053,中国,2005000000,2005年,ha
3122,0050,面積,190,野菜類,110,露地,56061,山陰,2005000000,2005年,ha
4960,0050,面積,190,野菜類,110,露地,56062,山陽,2005000000,2005年,ha
9602,0050,面積,190,野菜類,110,露地,00054,四国,2005000000,2005年,ha
28855,0050,面積,190,野菜類,110,露地,00056,九州,2005000000,2005年,ha
18849,0050,面積,190,野菜類,110,露地,58081,北九州,2005000000,2005年,ha
10006,0050,面積,190,野菜類,110,露地,58082,南九州,2005000000,2005年,ha
955,0050,面積,190,野菜類,110,露地,00057,沖縄,2005000000,2005年,ha
11375,0050,面積,190,野菜類,110,露地,02000,青森県,2005000000,2005年,ha
4192,0050,面積,190,野菜類,110,露地,03000,岩手県,2005000000,2005年,ha
2150,0050,面積,190,野菜類,110,露地,04000,宮城県,2005000000,2005年,ha
2955,0050,面積,190,野菜類,110,露地,05000,秋田県,2005000000,2005年,ha
4087,0050,面積,190,野菜類,110,露地,06000,山形県,2005000000,2005年,ha
4250,0050,面積,190,野菜類,110,露地,07000,福島県,2005000000,2005年,ha
16170,0050,面積,190,野菜類,110,露地,08000,茨城県,2005000000,2005年,ha
3347,0050,面積,190,野菜類,110,露地,09000,栃木県,2005000000,2005年,ha
12043,0050,面積,190,野菜類,110,露地,10000,群馬県,2005000000,2005年,ha
7969,0050,面積,190,野菜類,110,露地,11000,埼玉県,2005000000,2005年,ha
16649,0050,面積,190,野菜類,110,露地,12000,千葉県,2005000000,2005年,ha
2646,0050,面積,190,野菜類,110,露地,13000,東京都,2005000000,2005年,ha
5400,0050,面積,190,野菜類,110,露地,14000,神奈川県,2005000000,2005年,ha
4446,0050,面積,190,野菜類,110,露地,15000,新潟県,2005000000,2005年,ha
575,0050,面積,190,野菜類,110,露地,16000,富山県,2005000000,2005年,ha
1312,0050,面積,190,野菜類,110,露地,17000,石川県,2005000000,2005年,ha
708,0050,面積,190,野菜類,110,露地,18000,福井県,2005000000,2005年,ha
890,0050,面積,190,野菜類,110,露地,19000,山梨県,2005000000,2005年,ha
12520,0050,面積,190,野菜類,110,露地,20000,長野県,2005000000,2005年,ha
2101,0050,面積,190,野菜類,110,露地,21000,岐阜県,2005000000,2005年,ha
3388,0050,面積,190,野菜類,110,露地,22000,静岡県,2005000000,2005年,ha
9636,0050,面積,190,野菜類,110,露地,23000,愛知県,2005000000,2005年,ha
1075,0050,面積,190,野菜類,110,露地,24000,三重県,2005000000,2005年,ha
779,0050,面積,190,野菜類,110,露地,25000,滋賀県,2005000000,2005年,ha
1744,0050,面積,190,野菜類,110,露地,26000,京都府,2005000000,2005年,ha
1030,0050,面積,190,野菜類,110,露地,27000,大阪府,2005000000,2005年,ha
4866,0050,面積,190,野菜類,110,露地,28000,兵庫県,2005000000,2005年,ha
597,0050,面積,190,野菜類,110,露地,29000,奈良県,2005000000,2005年,ha
1105,0050,面積,190,野菜類,110,露地,30000,和歌山県,2005000000,2005年,ha
2201,0050,面積,190,野菜類,110,露地,31000,鳥取県,2005000000,2005年,ha
922,0050,面積,190,野菜類,110,露地,32000,島根県,2005000000,2005年,ha
2060,0050,面積,190,野菜類,110,露地,33000,岡山県,2005000000,2005年,ha
1314,0050,面積,190,野菜類,110,露地,34000,広島県,2005000000,2005年,ha
1585,0050,面積,190,野菜類,110,露地,35000,山口県,2005000000,2005年,ha
4215,0050,面積,190,野菜類,110,露地,36000,徳島県,2005000000,2005年,ha
2274,0050,面積,190,野菜類,110,露地,37000,香川県,2005000000,2005年,ha
1626,0050,面積,190,野菜類,110,露地,38000,愛媛県,2005000000,2005年,ha
1487,0050,面積,190,野菜類,110,露地,39000,高知県,2005000000,2005年,ha
3890,0050,面積,190,野菜類,110,露地,40000,福岡県,2005000000,2005年,ha
2986,0050,面積,190,野菜類,110,露地,41000,佐賀県,2005000000,2005年,ha
3887,0050,面積,190,野菜類,110,露地,42000,長崎県,2005000000,2005年,ha
5617,0050,面積,190,野菜類,110,露地,43000,熊本県,2005000000,2005年,ha
2469,0050,面積,190,野菜類,110,露地,44000,大分県,2005000000,2005年,ha
5489,0050,面積,190,野菜類,110,露地,45000,宮崎県,2005000000,2005年,ha
4516,0050,面積,190,野菜類,110,露地,46000,鹿児島県,2005000000,2005年,ha
81023,0050,面積,190,野菜類,110,露地,60100,関東農政局,2005000000,2005年,ha
12812,0050,面積,190,野菜類,110,露地,60110,東海農政局,2005000000,2005年,ha
17684,0050,面積,190,野菜類,110,露地,60120,中国四国農政局,2005000000,2005年,ha
30346,0050,面積,200,花き類・花木,100,合計,00000,全国,2005000000,2005年,ha
1021,0050,面積,200,花き類・花木,100,合計,00042,北海道,2005000000,2005年,ha
29325,0050,面積,200,花き類・花木,100,合計,50002,都府県,2005000000,2005年,ha
2625,0050,面積,200,花き類・花木,100,合計,00043,東北,2005000000,2005年,ha
1264,0050,面積,200,花き類・花木,100,合計,00049,北陸,2005000000,2005年,ha
9363,0050,面積,200,花き類・花木,100,合計,53030,関東・東山,2005000000,2005年,ha
3032,0050,面積,200,花き類・花木,100,合計,00046,北関東,2005000000,2005年,ha
5014,0050,面積,200,花き類・花木,100,合計,00047,南関東,2005000000,2005年,ha
1317,0050,面積,200,花き類・花木,100,合計,53033,東山,2005000000,2005年,ha
4830,0050,面積,200,花き類・花木,100,合計,00050,東海,2005000000,2005年,ha
1890,0050,面積,200,花き類・花木,100,合計,00051,近畿,2005000000,2005年,ha
1324,0050,面積,200,花き類・花木,100,合計,00053,中国,2005000000,2005年,ha
448,0050,面積,200,花き類・花木,100,合計,56061,山陰,2005000000,2005年,ha
877,0050,面積,200,花き類・花木,100,合計,56062,山陽,2005000000,2005年,ha
1493,0050,面積,200,花き類・花木,100,合計,00054,四国,2005000000,2005年,ha
5421,0050,面積,200,花き類・花木,100,合計,00056,九州,2005000000,2005年,ha
3583,0050,面積,200,花き類・花木,100,合計,58081,北九州,2005000000,2005年,ha
1838,0050,面積,200,花き類・花木,100,合計,58082,南九州,2005000000,2005年,ha
1115,0050,面積,200,花き類・花木,100,合計,00057,沖縄,2005000000,2005年,ha
211,0050,面積,200,花き類・花木,100,合計,02000,青森県,2005000000,2005年,ha
723,0050,面積,200,花き類・花木,100,合計,03000,岩手県,2005000000,2005年,ha
218,0050,面積,200,花き類・花木,100,合計,04000,宮城県,2005000000,2005年,ha
194,0050,面積,200,花き類・花木,100,合計,05000,秋田県,2005000000,2005年,ha
452,0050,面積,200,花き類・花木,100,合計,06000,山形県,2005000000,2005年,ha
827,0050,面積,200,花き類・花木,100,合計,07000,福島県,2005000000,2005年,ha
1434,0050,面積,200,花き類・花木,100,合計,08000,茨城県,2005000000,2005年,ha
989,0050,面積,200,花き類・花木,100,合計,09000,栃木県,2005000000,2005年,ha
609,0050,面積,200,花き類・花木,100,合計,10000,群馬県,2005000000,2005年,ha
1515,0050,面積,200,花き類・花木,100,合計,11000,埼玉県,2005000000,2005年,ha
2115,0050,面積,200,花き類・花木,100,合計,12000,千葉県,2005000000,2005年,ha
705,0050,面積,200,花き類・花木,100,合計,13000,東京都,2005000000,2005年,ha
679,0050,面積,200,花き類・花木,100,合計,14000,神奈川県,2005000000,2005年,ha
824,0050,面積,200,花き類・花木,100,合計,15000,新潟県,2005000000,2005年,ha
228,0050,面積,200,花き類・花木,100,合計,16000,富山県,2005000000,2005年,ha
74,0050,面積,200,花き類・花木,100,合計,17000,石川県,2005000000,2005年,ha
139,0050,面積,200,花き類・花木,100,合計,18000,福井県,2005000000,2005年,ha
84,0050,面積,200,花き類・花木,100,合計,19000,山梨県,2005000000,2005年,ha
1234,0050,面積,200,花き類・花木,100,合計,20000,長野県,2005000000,2005年,ha
238,0050,面積,200,花き類・花木,100,合計,21000,岐阜県,2005000000,2005年,ha
1315,0050,面積,200,花き類・花木,100,合計,22000,静岡県,2005000000,2005年,ha
2537,0050,面積,200,花き類・花木,100,合計,23000,愛知県,2005000000,2005年,ha
739,0050,面積,200,花き類・花木,100,合計,24000,三重県,2005000000,2005年,ha
76,0050,面積,200,花き類・花木,100,合計,25000,滋賀県,2005000000,2005年,ha
135,0050,面積,200,花き類・花木,100,合計,26000,京都府,2005000000,2005年,ha
310,0050,面積,200,花き類・花木,100,合計,27000,大阪府,2005000000,2005年,ha
494,0050,面積,200,花き類・花木,100,合計,28000,兵庫県,2005000000,2005年,ha
339,0050,面積,200,花き類・花木,100,合計,29000,奈良県,2005000000,2005年,ha
537,0050,面積,200,花き類・花木,100,合計,30000,和歌山県,2005000000,2005年,ha
217,0050,面積,200,花き類・花木,100,合計,31000,鳥取県,2005000000,2005年,ha
230,0050,面積,200,花き類・花木,100,合計,32000,島根県,2005000000,2005年,ha
264,0050,面積,200,花き類・花木,100,合計,33000,岡山県,2005000000,2005年,ha
266,0050,面積,200,花き類・花木,100,合計,34000,広島県,2005000000,2005年,ha
346,0050,面積,200,花き類・花木,100,合計,35000,山口県,2005000000,2005年,ha
355,0050,面積,200,花き類・花木,100,合計,36000,徳島県,2005000000,2005年,ha
365,0050,面積,200,花き類・花木,100,合計,37000,香川県,2005000000,2005年,ha
368,0050,面積,200,花き類・花木,100,合計,38000,愛媛県,2005000000,2005年,ha
405,0050,面積,200,花き類・花木,100,合計,39000,高知県,2005000000,2005年,ha
1832,0050,面積,200,花き類・花木,100,合計,40000,福岡県,2005000000,2005年,ha
213,0050,面積,200,花き類・花木,100,合計,41000,佐賀県,2005000000,2005年,ha
294,0050,面積,200,花き類・花木,100,合計,42000,長崎県,2005000000,2005年,ha
944,0050,面積,200,花き類・花木,100,合計,43000,熊本県,2005000000,2005年,ha
301,0050,面積,200,花き類・花木,100,合計,44000,大分県,2005000000,2005年,ha
460,0050,面積,200,花き類・花木,100,合計,45000,宮崎県,2005000000,2005年,ha
1378,0050,面積,200,花き類・花木,100,合計,46000,鹿児島県,2005000000,2005年,ha
10678,0050,面積,200,花き類・花木,100,合計,60100,関東農政局,2005000000,2005年,ha
3514,0050,面積,200,花き類・花木,100,合計,60110,東海農政局,2005000000,2005年,ha
2817,0050,面積,200,花き類・花木,100,合計,60120,中国四国農政局,2005000000,2005年,ha
21823,0050,面積,200,花き類・花木,110,露地,00000,全国,2005000000,2005年,ha
583,0050,面積,200,花き類・花木,110,露地,00042,北海道,2005000000,2005年,ha
21239,0050,面積,200,花き類・花木,110,露地,50002,都府県,2005000000,2005年,ha
1966,0050,面積,200,花き類・花木,110,露地,00043,東北,2005000000,2005年,ha
1098,0050,面積,200,花き類・花木,110,露地,00049,北陸,2005000000,2005年,ha
7706,0050,面積,200,花き類・花木,110,露地,53030,関東・東山,2005000000,2005年,ha
2579,0050,面積,200,花き類・花木,110,露地,00046,北関東,2005000000,2005年,ha
4181,0050,面積,200,花き類・花木,110,露地,00047,南関東,2005000000,2005年,ha
946,0050,面積,200,花き類・花木,110,露地,53033,東山,2005000000,2005年,ha
2553,0050,面積,200,花き類・花木,110,露地,00050,東海,2005000000,2005年,ha
1405,0050,面積,200,花き類・花木,110,露地,00051,近畿,2005000000,2005年,ha
1034,0050,面積,200,花き類・花木,110,露地,00053,中国,2005000000,2005年,ha
349,0050,面積,200,花き類・花木,110,露地,56061,山陰,2005000000,2005年,ha
685,0050,面積,200,花き類・花木,110,露地,56062,山陽,2005000000,2005年,ha
976,0050,面積,200,花き類・花木,110,露地,00054,四国,2005000000,2005年,ha
3550,0050,面積,200,花き類・花木,110,露地,00056,九州,2005000000,2005年,ha
2270,0050,面積,200,花き類・花木,110,露地,58081,北九州,2005000000,2005年,ha
1281,0050,面積,200,花き類・花木,110,露地,58082,南九州,2005000000,2005年,ha
951,0050,面積,200,花き類・花木,110,露地,00057,沖縄,2005000000,2005年,ha
150,0050,面積,200,花き類・花木,110,露地,02000,青森県,2005000000,2005年,ha
637,0050,面積,200,花き類・花木,110,露地,03000,岩手県,2005000000,2005年,ha
106,0050,面積,200,花き類・花木,110,露地,04000,宮城県,2005000000,2005年,ha
117,0050,面積,200,花き類・花木,110,露地,05000,秋田県,2005000000,2005年,ha
267,0050,面積,200,花き類・花木,110,露地,06000,山形県,2005000000,2005年,ha
689,0050,面積,200,花き類・花木,110,露地,07000,福島県,2005000000,2005年,ha
1280,0050,面積,200,花き類・花木,110,露地,08000,茨城県,2005000000,2005年,ha
816,0050,面積,200,花き類・花木,110,露地,09000,栃木県,2005000000,2005年,ha
483,0050,面積,200,花き類・花木,110,露地,10000,群馬県,2005000000,2005年,ha
1266,0050,面積,200,花き類・花木,110,露地,11000,埼玉県,2005000000,2005年,ha
1678,0050,面積,200,花き類・花木,110,露地,12000,千葉県,2005000000,2005年,ha
644,0050,面積,200,花き類・花木,110,露地,13000,東京都,2005000000,2005年,ha
594,0050,面積,200,花き類・花木,110,露地,14000,神奈川県,2005000000,2005年,ha
702,0050,面積,200,花き類・花木,110,露地,15000,新潟県,2005000000,2005年,ha
211,0050,面積,200,花き類・花木,110,露地,16000,富山県,2005000000,2005年,ha
60,0050,面積,200,花き類・花木,110,露地,17000,石川県,2005000000,2005年,ha
125,0050,面積,200,花き類・花木,110,露地,18000,福井県,2005000000,2005年,ha
44,0050,面積,200,花き類・花木,110,露地,19000,山梨県,2005000000,2005年,ha
902,0050,面積,200,花き類・花木,110,露地,20000,長野県,2005000000,2005年,ha
168,0050,面積,200,花き類・花木,110,露地,21000,岐阜県,2005000000,2005年,ha
904,0050,面積,200,花き類・花木,110,露地,22000,静岡県,2005000000,2005年,ha
812,0050,面積,200,花き類・花木,110,露地,23000,愛知県,2005000000,2005年,ha
670,0050,面積,200,花き類・花木,110,露地,24000,三重県,2005000000,2005年,ha
42,0050,面積,200,花き類・花木,110,露地,25000,滋賀県,2005000000,2005年,ha
105,0050,面積,200,花き類・花木,110,露地,26000,京都府,2005000000,2005年,ha
259,0050,面積,200,花き類・花木,110,露地,27000,大阪府,2005000000,2005年,ha
391,0050,面積,200,花き類・花木,110,露地,28000,兵庫県,2005000000,2005年,ha
295,0050,面積,200,花き類・花木,110,露地,29000,奈良県,2005000000,2005年,ha
314,0050,面積,200,花き類・花木,110,露地,30000,和歌山県,2005000000,2005年,ha
165,0050,面積,200,花き類・花木,110,露地,31000,鳥取県,2005000000,2005年,ha
184,0050,面積,200,花き類・花木,110,露地,32000,島根県,2005000000,2005年,ha
194,0050,面積,200,花き類・花木,110,露地,33000,岡山県,2005000000,2005年,ha
200,0050,面積,200,花き類・花木,110,露地,34000,広島県,2005000000,2005年,ha
291,0050,面積,200,花き類・花木,110,露地,35000,山口県,2005000000,2005年,ha
242,0050,面積,200,花き類・花木,110,露地,36000,徳島県,2005000000,2005年,ha
257,0050,面積,200,花き類・花木,110,露地,37000,香川県,2005000000,2005年,ha
310,0050,面積,200,花き類・花木,110,露地,38000,愛媛県,2005000000,2005年,ha
167,0050,面積,200,花き類・花木,110,露地,39000,高知県,2005000000,2005年,ha
1285,0050,面積,200,花き類・花木,110,露地,40000,福岡県,2005000000,2005年,ha
92,0050,面積,200,花き類・花木,110,露地,41000,佐賀県,2005000000,2005年,ha
156,0050,面積,200,花き類・花木,110,露地,42000,長崎県,2005000000,2005年,ha
553,0050,面積,200,花き類・花木,110,露地,43000,熊本県,2005000000,2005年,ha
184,0050,面積,200,花き類・花木,110,露地,44000,大分県,2005000000,2005年,ha
233,0050,面積,200,花き類・花木,110,露地,45000,宮崎県,2005000000,2005年,ha
1047,0050,面積,200,花き類・花木,110,露地,46000,鹿児島県,2005000000,2005年,ha
8610,0050,面積,200,花き類・花木,110,露地,60100,関東農政局,2005000000,2005年,ha
1649,0050,面積,200,花き類・花木,110,露地,60110,東海農政局,2005000000,2005年,ha
2010,0050,面積,200,花き類・花木,110,露地,60120,中国四国農政局,2005000000,2005年,ha
6079,0050,面積,210,種苗・苗木類,100,合計,00000,全国,2005000000,2005年,ha
583,0050,面積,210,種苗・苗木類,100,合計,00042,北海道,2005000000,2005年,ha
5496,0050,面積,210,種苗・苗木類,100,合計,50002,都府県,2005000000,2005年,ha
751,0050,面積,210,種苗・苗木類,100,合計,00043,東北,2005000000,2005年,ha
158,0050,面積,210,種苗・苗木類,100,合計,00049,北陸,2005000000,2005年,ha
1749,0050,面積,210,種苗・苗木類,100,合計,53030,関東・東山,2005000000,2005年,ha
672,0050,面積,210,種苗・苗木類,100,合計,00046,北関東,2005000000,2005年,ha
845,0050,面積,210,種苗・苗木類,100,合計,00047,南関東,2005000000,2005年,ha
232,0050,面積,210,種苗・苗木類,100,合計,53033,東山,2005000000,2005年,ha
690,0050,面積,210,種苗・苗木類,100,合計,00050,東海,2005000000,2005年,ha
442,0050,面積,210,種苗・苗木類,100,合計,00051,近畿,2005000000,2005年,ha
278,0050,面積,210,種苗・苗木類,100,合計,00053,中国,2005000000,2005年,ha
123,0050,面積,210,種苗・苗木類,100,合計,56061,山陰,2005000000,2005年,ha
155,0050,面積,210,種苗・苗木類,100,合計,56062,山陽,2005000000,2005年,ha
277,0050,面積,210,種苗・苗木類,100,合計,00054,四国,2005000000,2005年,ha
1116,0050,面積,210,種苗・苗木類,100,合計,00056,九州,2005000000,2005年,ha
830,0050,面積,210,種苗・苗木類,100,合計,58081,北九州,2005000000,2005年,ha
285,0050,面積,210,種苗・苗木類,100,合計,58082,南九州,2005000000,2005年,ha
36,0050,面積,210,種苗・苗木類,100,合計,00057,沖縄,2005000000,2005年,ha
111,0050,面積,210,種苗・苗木類,100,合計,02000,青森県,2005000000,2005年,ha
198,0050,面積,210,種苗・苗木類,100,合計,03000,岩手県,2005000000,2005年,ha
83,0050,面積,210,種苗・苗木類,100,合計,04000,宮城県,2005000000,2005年,ha
71,0050,面積,210,種苗・苗木類,100,合計,05000,秋田県,2005000000,2005年,ha
104,0050,面積,210,種苗・苗木類,100,合計,06000,山形県,2005000000,2005年,ha
185,0050,面積,210,種苗・苗木類,100,合計,07000,福島県,2005000000,2005年,ha
443,0050,面積,210,種苗・苗木類,100,合計,08000,茨城県,2005000000,2005年,ha
128,0050,面積,210,種苗・苗木類,100,合計,09000,栃木県,2005000000,2005年,ha
102,0050,面積,210,種苗・苗木類,100,合計,10000,群馬県,2005000000,2005年,ha
321,0050,面積,210,種苗・苗木類,100,合計,11000,埼玉県,2005000000,2005年,ha
188,0050,面積,210,種苗・苗木類,100,合計,12000,千葉県,2005000000,2005年,ha
213,0050,面積,210,種苗・苗木類,100,合計,13000,東京都,2005000000,2005年,ha
124,0050,面積,210,種苗・苗木類,100,合計,14000,神奈川県,2005000000,2005年,ha
100,0050,面積,210,種苗・苗木類,100,合計,15000,新潟県,2005000000,2005年,ha
16,0050,面積,210,種苗・苗木類,100,合計,16000,富山県,2005000000,2005年,ha
23,0050,面積,210,種苗・苗木類,100,合計,17000,石川県,2005000000,2005年,ha
18,0050,面積,210,種苗・苗木類,100,合計,18000,福井県,2005000000,2005年,ha
30,0050,面積,210,種苗・苗木類,100,合計,19000,山梨県,2005000000,2005年,ha
202,0050,面積,210,種苗・苗木類,100,合計,20000,長野県,2005000000,2005年,ha
54,0050,面積,210,種苗・苗木類,100,合計,21000,岐阜県,2005000000,2005年,ha
153,0050,面積,210,種苗・苗木類,100,合計,22000,静岡県,2005000000,2005年,ha
349,0050,面積,210,種苗・苗木類,100,合計,23000,愛知県,2005000000,2005年,ha
135,0050,面積,210,種苗・苗木類,100,合計,24000,三重県,2005000000,2005年,ha
14,0050,面積,210,種苗・苗木類,100,合計,25000,滋賀県,2005000000,2005年,ha
118,0050,面積,210,種苗・苗木類,100,合計,26000,京都府,2005000000,2005年,ha
43,0050,面積,210,種苗・苗木類,100,合計,27000,大阪府,2005000000,2005年,ha
160,0050,面積,210,種苗・苗木類,100,合計,28000,兵庫県,2005000000,2005年,ha
38,0050,面積,210,種苗・苗木類,100,合計,29000,奈良県,2005000000,2005年,ha
69,0050,面積,210,種苗・苗木類,100,合計,30000,和歌山県,2005000000,2005年,ha
65,0050,面積,210,種苗・苗木類,100,合計,31000,鳥取県,2005000000,2005年,ha
58,0050,面積,210,種苗・苗木類,100,合計,32000,島根県,2005000000,2005年,ha
56,0050,面積,210,種苗・苗木類,100,合計,33000,岡山県,2005000000,2005年,ha
49,0050,面積,210,種苗・苗木類,100,合計,34000,広島県,2005000000,2005年,ha
50,0050,面積,210,種苗・苗木類,100,合計,35000,山口県,2005000000,2005年,ha
55,0050,面積,210,種苗・苗木類,100,合計,36000,徳島県,2005000000,2005年,ha
119,0050,面積,210,種苗・苗木類,100,合計,37000,香川県,2005000000,2005年,ha
66,0050,面積,210,種苗・苗木類,100,合計,38000,愛媛県,2005000000,2005年,ha
37,0050,面積,210,種苗・苗木類,100,合計,39000,高知県,2005000000,2005年,ha
342,0050,面積,210,種苗・苗木類,100,合計,40000,福岡県,2005000000,2005年,ha
67,0050,面積,210,種苗・苗木類,100,合計,41000,佐賀県,2005000000,2005年,ha
75,0050,面積,210,種苗・苗木類,100,合計,42000,長崎県,2005000000,2005年,ha
300,0050,面積,210,種苗・苗木類,100,合計,43000,熊本県,2005000000,2005年,ha
46,0050,面積,210,種苗・苗木類,100,合計,44000,大分県,2005000000,2005年,ha
121,0050,面積,210,種苗・苗木類,100,合計,45000,宮崎県,2005000000,2005年,ha
165,0050,面積,210,種苗・苗木類,100,合計,46000,鹿児島県,2005000000,2005年,ha
1902,0050,面積,210,種苗・苗木類,100,合計,60100,関東農政局,2005000000,2005年,ha
537,0050,面積,210,種苗・苗木類,100,合計,60110,東海農政局,2005000000,2005年,ha
555,0050,面積,210,種苗・苗木類,100,合計,60120,中国四国農政局,2005000000,2005年,ha
5451,0050,面積,210,種苗・苗木類,110,露地,00000,全国,2005000000,2005年,ha
535,0050,面積,210,種苗・苗木類,110,露地,00042,北海道,2005000000,2005年,ha
4916,0050,面積,210,種苗・苗木類,110,露地,50002,都府県,2005000000,2005年,ha
665,0050,面積,210,種苗・苗木類,110,露地,00043,東北,2005000000,2005年,ha
122,0050,面積,210,種苗・苗木類,110,露地,00049,北陸,2005000000,2005年,ha
1610,0050,面積,210,種苗・苗木類,110,露地,53030,関東・東山,2005000000,2005年,ha
612,0050,面積,210,種苗・苗木類,110,露地,00046,北関東,2005000000,2005年,ha
791,0050,面積,210,種苗・苗木類,110,露地,00047,南関東,2005000000,2005年,ha
207,0050,面積,210,種苗・苗木類,110,露地,53033,東山,2005000000,2005年,ha
622,0050,面積,210,種苗・苗木類,110,露地,00050,東海,2005000000,2005年,ha
392,0050,面積,210,種苗・苗木類,110,露地,00051,近畿,2005000000,2005年,ha
232,0050,面積,210,種苗・苗木類,110,露地,00053,中国,2005000000,2005年,ha
100,0050,面積,210,種苗・苗木類,110,露地,56061,山陰,2005000000,2005年,ha
131,0050,面積,210,種苗・苗木類,110,露地,56062,山陽,2005000000,2005年,ha
250,0050,面積,210,種苗・苗木類,110,露地,00054,四国,2005000000,2005年,ha
992,0050,面積,210,種苗・苗木類,110,露地,00056,九州,2005000000,2005年,ha
744,0050,面積,210,種苗・苗木類,110,露地,58081,北九州,2005000000,2005年,ha
249,0050,面積,210,種苗・苗木類,110,露地,58082,南九州,2005000000,2005年,ha
31,0050,面積,210,種苗・苗木類,110,露地,00057,沖縄,2005000000,2005年,ha
102,0050,面積,210,種苗・苗木類,110,露地,02000,青森県,2005000000,2005年,ha
184,0050,面積,210,種苗・苗木類,110,露地,03000,岩手県,2005000000,2005年,ha
70,0050,面積,210,種苗・苗木類,110,露地,04000,宮城県,2005000000,2005年,ha
61,0050,面積,210,種苗・苗木類,110,露地,05000,秋田県,2005000000,2005年,ha
82,0050,面積,210,種苗・苗木類,110,露地,06000,山形県,2005000000,2005年,ha
167,0050,面積,210,種苗・苗木類,110,露地,07000,福島県,2005000000,2005年,ha
416,0050,面積,210,種苗・苗木類,110,露地,08000,茨城県,2005000000,2005年,ha
112,0050,面積,210,種苗・苗木類,110,露地,09000,栃木県,2005000000,2005年,ha
84,0050,面積,210,種苗・苗木類,110,露地,10000,群馬県,2005000000,2005年,ha
305,0050,面積,210,種苗・苗木類,110,露地,11000,埼玉県,2005000000,2005年,ha
165,0050,面積,210,種苗・苗木類,110,露地,12000,千葉県,2005000000,2005年,ha
206,0050,面積,210,種苗・苗木類,110,露地,13000,東京都,2005000000,2005年,ha
115,0050,面積,210,種苗・苗木類,110,露地,14000,神奈川県,2005000000,2005年,ha
81,0050,面積,210,種苗・苗木類,110,露地,15000,新潟県,2005000000,2005年,ha
11,0050,面積,210,種苗・苗木類,110,露地,16000,富山県,2005000000,2005年,ha
15,0050,面積,210,種苗・苗木類,110,露地,17000,石川県,2005000000,2005年,ha
14,0050,面積,210,種苗・苗木類,110,露地,18000,福井県,2005000000,2005年,ha
26,0050,面積,210,種苗・苗木類,110,露地,19000,山梨県,2005000000,2005年,ha
181,0050,面積,210,種苗・苗木類,110,露地,20000,長野県,2005000000,2005年,ha
47,0050,面積,210,種苗・苗木類,110,露地,21000,岐阜県,2005000000,2005年,ha
133,0050,面積,210,種苗・苗木類,110,露地,22000,静岡県,2005000000,2005年,ha
316,0050,面積,210,種苗・苗木類,110,露地,23000,愛知県,2005000000,2005年,ha
126,0050,面積,210,種苗・苗木類,110,露地,24000,三重県,2005000000,2005年,ha
10,0050,面積,210,種苗・苗木類,110,露地,25000,滋賀県,2005000000,2005年,ha
104,0050,面積,210,種苗・苗木類,110,露地,26000,京都府,2005000000,2005年,ha
41,0050,面積,210,種苗・苗木類,110,露地,27000,大阪府,2005000000,2005年,ha
146,0050,面積,210,種苗・苗木類,110,露地,28000,兵庫県,2005000000,2005年,ha
29,0050,面積,210,種苗・苗木類,110,露地,29000,奈良県,2005000000,2005年,ha
62,0050,面積,210,種苗・苗木類,110,露地,30000,和歌山県,2005000000,2005年,ha
54,0050,面積,210,種苗・苗木類,110,露地,31000,鳥取県,2005000000,2005年,ha
46,0050,面積,210,種苗・苗木類,110,露地,32000,島根県,2005000000,2005年,ha
49,0050,面積,210,種苗・苗木類,110,露地,33000,岡山県,2005000000,2005年,ha
38,0050,面積,210,種苗・苗木類,110,露地,34000,広島県,2005000000,2005年,ha
44,0050,面積,210,種苗・苗木類,110,露地,35000,山口県,2005000000,2005年,ha
49,0050,面積,210,種苗・苗木類,110,露地,36000,徳島県,2005000000,2005年,ha
111,0050,面積,210,種苗・苗木類,110,露地,37000,香川県,2005000000,2005年,ha
59,0050,面積,210,種苗・苗木類,110,露地,38000,愛媛県,2005000000,2005年,ha
30,0050,面積,210,種苗・苗木類,110,露地,39000,高知県,2005000000,2005年,ha
315,0050,面積,210,種苗・苗木類,110,露地,40000,福岡県,2005000000,2005年,ha
54,0050,面積,210,種苗・苗木類,110,露地,41000,佐賀県,2005000000,2005年,ha
68,0050,面積,210,種苗・苗木類,110,露地,42000,長崎県,2005000000,2005年,ha
267,0050,面積,210,種苗・苗木類,110,露地,43000,熊本県,2005000000,2005年,ha
39,0050,面積,210,種苗・苗木類,110,露地,44000,大分県,2005000000,2005年,ha
99,0050,面積,210,種苗・苗木類,110,露地,45000,宮崎県,2005000000,2005年,ha
149,0050,面積,210,種苗・苗木類,110,露地,46000,鹿児島県,2005000000,2005年,ha
1743,0050,面積,210,種苗・苗木類,110,露地,60100,関東農政局,2005000000,2005年,ha
489,0050,面積,210,種苗・苗木類,110,露地,60110,東海農政局,2005000000,2005年,ha
482,0050,面積,210,種苗・苗木類,110,露地,60120,中国四国農政局,2005000000,2005年,ha
36640,0050,面積,220,その他の作物,100,合計,00000,全国,2005000000,2005年,ha
19147,0050,面積,220,その他の作物,100,合計,00042,北海道,2005000000,2005年,ha
17493,0050,面積,220,その他の作物,100,合計,50002,都府県,2005000000,2005年,ha
2728,0050,面積,220,その他の作物,100,合計,00043,東北,2005000000,2005年,ha
802,0050,面積,220,その他の作物,100,合計,00049,北陸,2005000000,2005年,ha
5049,0050,面積,220,その他の作物,100,合計,53030,関東・東山,2005000000,2005年,ha
3438,0050,面積,220,その他の作物,100,合計,00046,北関東,2005000000,2005年,ha
1065,0050,面積,220,その他の作物,100,合計,00047,南関東,2005000000,2005年,ha
545,0050,面積,220,その他の作物,100,合計,53033,東山,2005000000,2005年,ha
1303,0050,面積,220,その他の作物,100,合計,00050,東海,2005000000,2005年,ha
1046,0050,面積,220,その他の作物,100,合計,00051,近畿,2005000000,2005年,ha
2340,0050,面積,220,その他の作物,100,合計,00053,中国,2005000000,2005年,ha
1695,0050,面積,220,その他の作物,100,合計,56061,山陰,2005000000,2005年,ha
646,0050,面積,220,その他の作物,100,合計,56062,山陽,2005000000,2005年,ha
573,0050,面積,220,その他の作物,100,合計,00054,四国,2005000000,2005年,ha
3551,0050,面積,220,その他の作物,100,合計,00056,九州,2005000000,2005年,ha
2246,0050,面積,220,その他の作物,100,合計,58081,北九州,2005000000,2005年,ha
1306,0050,面積,220,その他の作物,100,合計,58082,南九州,2005000000,2005年,ha
101,0050,面積,220,その他の作物,100,合計,00057,沖縄,2005000000,2005年,ha
646,0050,面積,220,その他の作物,100,合計,02000,青森県,2005000000,2005年,ha
704,0050,面積,220,その他の作物,100,合計,03000,岩手県,2005000000,2005年,ha
307,0050,面積,220,その他の作物,100,合計,04000,宮城県,2005000000,2005年,ha
395,0050,面積,220,その他の作物,100,合計,05000,秋田県,2005000000,2005年,ha
302,0050,面積,220,その他の作物,100,合計,06000,山形県,2005000000,2005年,ha
372,0050,面積,220,その他の作物,100,合計,07000,福島県,2005000000,2005年,ha
2273,0050,面積,220,その他の作物,100,合計,08000,茨城県,2005000000,2005年,ha
619,0050,面積,220,その他の作物,100,合計,09000,栃木県,2005000000,2005年,ha
547,0050,面積,220,その他の作物,100,合計,10000,群馬県,2005000000,2005年,ha
321,0050,面積,220,その他の作物,100,合計,11000,埼玉県,2005000000,2005年,ha
494,0050,面積,220,その他の作物,100,合計,12000,千葉県,2005000000,2005年,ha
109,0050,面積,220,その他の作物,100,合計,13000,東京都,2005000000,2005年,ha
142,0050,面積,220,その他の作物,100,合計,14000,神奈川県,2005000000,2005年,ha
207,0050,面積,220,その他の作物,100,合計,15000,新潟県,2005000000,2005年,ha
447,0050,面積,220,その他の作物,100,合計,16000,富山県,2005000000,2005年,ha
66,0050,面積,220,その他の作物,100,合計,17000,石川県,2005000000,2005年,ha
82,0050,面積,220,その他の作物,100,合計,18000,福井県,2005000000,2005年,ha
25,0050,面積,220,その他の作物,100,合計,19000,山梨県,2005000000,2005年,ha
520,0050,面積,220,その他の作物,100,合計,20000,長野県,2005000000,2005年,ha
490,0050,面積,220,その他の作物,100,合計,21000,岐阜県,2005000000,2005年,ha
331,0050,面積,220,その他の作物,100,合計,22000,静岡県,2005000000,2005年,ha
330,0050,面積,220,その他の作物,100,合計,23000,愛知県,2005000000,2005年,ha
153,0050,面積,220,その他の作物,100,合計,24000,三重県,2005000000,2005年,ha
157,0050,面積,220,その他の作物,100,合計,25000,滋賀県,2005000000,2005年,ha
168,0050,面積,220,その他の作物,100,合計,26000,京都府,2005000000,2005年,ha
50,0050,面積,220,その他の作物,100,合計,27000,大阪府,2005000000,2005年,ha
356,0050,面積,220,その他の作物,100,合計,28000,兵庫県,2005000000,2005年,ha
277,0050,面積,220,その他の作物,100,合計,29000,奈良県,2005000000,2005年,ha
38,0050,面積,220,その他の作物,100,合計,30000,和歌山県,2005000000,2005年,ha
1531,0050,面積,220,その他の作物,100,合計,31000,鳥取県,2005000000,2005年,ha
163,0050,面積,220,その他の作物,100,合計,32000,島根県,2005000000,2005年,ha
287,0050,面積,220,その他の作物,100,合計,33000,岡山県,2005000000,2005年,ha
200,0050,面積,220,その他の作物,100,合計,34000,広島県,2005000000,2005年,ha
158,0050,面積,220,その他の作物,100,合計,35000,山口県,2005000000,2005年,ha
145,0050,面積,220,その他の作物,100,合計,36000,徳島県,2005000000,2005年,ha
120,0050,面積,220,その他の作物,100,合計,37000,香川県,2005000000,2005年,ha
113,0050,面積,220,その他の作物,100,合計,38000,愛媛県,2005000000,2005年,ha
195,0050,面積,220,その他の作物,100,合計,39000,高知県,2005000000,2005年,ha
382,0050,面積,220,その他の作物,100,合計,40000,福岡県,2005000000,2005年,ha
117,0050,面積,220,その他の作物,100,合計,41000,佐賀県,2005000000,2005年,ha
247,0050,面積,220,その他の作物,100,合計,42000,長崎県,2005000000,2005年,ha
1174,0050,面積,220,その他の作物,100,合計,43000,熊本県,2005000000,2005年,ha
326,0050,面積,220,その他の作物,100,合計,44000,大分県,2005000000,2005年,ha
737,0050,面積,220,その他の作物,100,合計,45000,宮崎県,2005000000,2005年,ha
568,0050,面積,220,その他の作物,100,合計,46000,鹿児島県,2005000000,2005年,ha
5379,0050,面積,220,その他の作物,100,合計,60100,関東農政局,2005000000,2005年,ha
973,0050,面積,220,その他の作物,100,合計,60110,東海農政局,2005000000,2005年,ha
2913,0050,面積,220,その他の作物,100,合計,60120,中国四国農政局,2005000000,2005年,ha
36381,0050,面積,220,その他の作物,110,露地,00000,全国,2005000000,2005年,ha
19135,0050,面積,220,その他の作物,110,露地,00042,北海道,2005000000,2005年,ha
17246,0050,面積,220,その他の作物,110,露地,50002,都府県,2005000000,2005年,ha
2705,0050,面積,220,その他の作物,110,露地,00043,東北,2005000000,2005年,ha
795,0050,面積,220,その他の作物,110,露地,00049,北陸,2005000000,2005年,ha
4979,0050,面積,220,その他の作物,110,露地,53030,関東・東山,2005000000,2005年,ha
3394,0050,面積,220,その他の作物,110,露地,00046,北関東,2005000000,2005年,ha
1044,0050,面積,220,その他の作物,110,露地,00047,南関東,2005000000,2005年,ha
541,0050,面積,220,その他の作物,110,露地,53033,東山,2005000000,2005年,ha
1251,0050,面積,220,その他の作物,110,露地,00050,東海,2005000000,2005年,ha
1015,0050,面積,220,その他の作物,110,露地,00051,近畿,2005000000,2005年,ha
2329,0050,面積,220,その他の作物,110,露地,00053,中国,2005000000,2005年,ha
1691,0050,面積,220,その他の作物,110,露地,56061,山陰,2005000000,2005年,ha
638,0050,面積,220,その他の作物,110,露地,56062,山陽,2005000000,2005年,ha
559,0050,面積,220,その他の作物,110,露地,00054,四国,2005000000,2005年,ha
3515,0050,面積,220,その他の作物,110,露地,00056,九州,2005000000,2005年,ha
2220,0050,面積,220,その他の作物,110,露地,58081,北九州,2005000000,2005年,ha
1295,0050,面積,220,その他の作物,110,露地,58082,南九州,2005000000,2005年,ha
100,0050,面積,220,その他の作物,110,露地,00057,沖縄,2005000000,2005年,ha
644,0050,面積,220,その他の作物,110,露地,02000,青森県,2005000000,2005年,ha
701,0050,面積,220,その他の作物,110,露地,03000,岩手県,2005000000,2005年,ha
303,0050,面積,220,その他の作物,110,露地,04000,宮城県,2005000000,2005年,ha
392,0050,面積,220,その他の作物,110,露地,05000,秋田県,2005000000,2005年,ha
299,0050,面積,220,その他の作物,110,露地,06000,山形県,2005000000,2005年,ha
367,0050,面積,220,その他の作物,110,露地,07000,福島県,2005000000,2005年,ha
2246,0050,面積,220,その他の作物,110,露地,08000,茨城県,2005000000,2005年,ha
609,0050,面積,220,その他の作物,110,露地,09000,栃木県,2005000000,2005年,ha
539,0050,面積,220,その他の作物,110,露地,10000,群馬県,2005000000,2005年,ha
313,0050,面積,220,その他の作物,110,露地,11000,埼玉県,2005000000,2005年,ha
486,0050,面積,220,その他の作物,110,露地,12000,千葉県,2005000000,2005年,ha
106,0050,面積,220,その他の作物,110,露地,13000,東京都,2005000000,2005年,ha
140,0050,面積,220,その他の作物,110,露地,14000,神奈川県,2005000000,2005年,ha
205,0050,面積,220,その他の作物,110,露地,15000,新潟県,2005000000,2005年,ha
447,0050,面積,220,その他の作物,110,露地,16000,富山県,2005000000,2005年,ha
63,0050,面積,220,その他の作物,110,露地,17000,石川県,2005000000,2005年,ha
79,0050,面積,220,その他の作物,110,露地,18000,福井県,2005000000,2005年,ha
25,0050,面積,220,その他の作物,110,露地,19000,山梨県,2005000000,2005年,ha
516,0050,面積,220,その他の作物,110,露地,20000,長野県,2005000000,2005年,ha
489,0050,面積,220,その他の作物,110,露地,21000,岐阜県,2005000000,2005年,ha
315,0050,面積,220,その他の作物,110,露地,22000,静岡県,2005000000,2005年,ha
295,0050,面積,220,その他の作物,110,露地,23000,愛知県,2005000000,2005年,ha
151,0050,面積,220,その他の作物,110,露地,24000,三重県,2005000000,2005年,ha
156,0050,面積,220,その他の作物,110,露地,25000,滋賀県,2005000000,2005年,ha
160,0050,面積,220,その他の作物,110,露地,26000,京都府,2005000000,2005年,ha
43,0050,面積,220,その他の作物,110,露地,27000,大阪府,2005000000,2005年,ha
348,0050,面積,220,その他の作物,110,露地,28000,兵庫県,2005000000,2005年,ha
273,0050,面積,220,その他の作物,110,露地,29000,奈良県,2005000000,2005年,ha
35,0050,面積,220,その他の作物,110,露地,30000,和歌山県,2005000000,2005年,ha
1530,0050,面積,220,その他の作物,110,露地,31000,鳥取県,2005000000,2005年,ha
161,0050,面積,220,その他の作物,110,露地,32000,島根県,2005000000,2005年,ha
285,0050,面積,220,その他の作物,110,露地,33000,岡山県,2005000000,2005年,ha
196,0050,面積,220,その他の作物,110,露地,34000,広島県,2005000000,2005年,ha
157,0050,面積,220,その他の作物,110,露地,35000,山口県,2005000000,2005年,ha
142,0050,面積,220,その他の作物,110,露地,36000,徳島県,2005000000,2005年,ha
118,0050,面積,220,その他の作物,110,露地,37000,香川県,2005000000,2005年,ha
110,0050,面積,220,その他の作物,110,露地,38000,愛媛県,2005000000,2005年,ha
189,0050,面積,220,その他の作物,110,露地,39000,高知県,2005000000,2005年,ha
373,0050,面積,220,その他の作物,110,露地,40000,福岡県,2005000000,2005年,ha
114,0050,面積,220,その他の作物,110,露地,41000,佐賀県,2005000000,2005年,ha
245,0050,面積,220,その他の作物,110,露地,42000,長崎県,2005000000,2005年,ha
1164,0050,面積,220,その他の作物,110,露地,43000,熊本県,2005000000,2005年,ha
324,0050,面積,220,その他の作物,110,露地,44000,大分県,2005000000,2005年,ha
730,0050,面積,220,その他の作物,110,露地,45000,宮崎県,2005000000,2005年,ha
565,0050,面積,220,その他の作物,110,露地,46000,鹿児島県,2005000000,2005年,ha
5294,0050,面積,220,その他の作物,110,露地,60100,関東農政局,2005000000,2005年,ha
936,0050,面積,220,その他の作物,110,露地,60110,東海農政局,2005000000,2005年,ha
2887,0050,面積,220,その他の作物,110,露地,60120,中国四国農政局,2005000000,2005年,ha
4767489,0053,面積,110,計,120,施設,00000,全国,2005000000,2005年,a
318636,0053,面積,110,計,120,施設,00042,北海道,2005000000,2005年,a
4448853,0053,面積,110,計,120,施設,50002,都府県,2005000000,2005年,a
415429,0053,面積,110,計,120,施設,00043,東北,2005000000,2005年,a
87545,0053,面積,110,計,120,施設,00049,北陸,2005000000,2005年,a
1289405,0053,面積,110,計,120,施設,53030,関東・東山,2005000000,2005年,a
768841,0053,面積,110,計,120,施設,00046,北関東,2005000000,2005年,a
437109,0053,面積,110,計,120,施設,00047,南関東,2005000000,2005年,a
83454,0053,面積,110,計,120,施設,53033,東山,2005000000,2005年,a
599269,0053,面積,110,計,120,施設,00050,東海,2005000000,2005年,a
230924,0053,面積,110,計,120,施設,00051,近畿,2005000000,2005年,a
156153,0053,面積,110,計,120,施設,00053,中国,2005000000,2005年,a
69009,0053,面積,110,計,120,施設,56061,山陰,2005000000,2005年,a
87144,0053,面積,110,計,120,施設,56062,山陽,2005000000,2005年,a
300322,0053,面積,110,計,120,施設,00054,四国,2005000000,2005年,a
1315084,0053,面積,110,計,120,施設,00056,九州,2005000000,2005年,a
1041360,0053,面積,110,計,120,施設,58081,北九州,2005000000,2005年,a
273724,0053,面積,110,計,120,施設,58082,南九州,2005000000,2005年,a
54723,0053,面積,110,計,120,施設,00057,沖縄,2005000000,2005年,a
41271,0053,面積,110,計,120,施設,02000,青森県,2005000000,2005年,a
89329,0053,面積,110,計,120,施設,03000,岩手県,2005000000,2005年,a
83503,0053,面積,110,計,120,施設,04000,宮城県,2005000000,2005年,a
35233,0053,面積,110,計,120,施設,05000,秋田県,2005000000,2005年,a
76922,0053,面積,110,計,120,施設,06000,山形県,2005000000,2005年,a
89172,0053,面積,110,計,120,施設,07000,福島県,2005000000,2005年,a
397634,0053,面積,110,計,120,施設,08000,茨城県,2005000000,2005年,a
190207,0053,面積,110,計,120,施設,09000,栃木県,2005000000,2005年,a
181000,0053,面積,110,計,120,施設,10000,群馬県,2005000000,2005年,a
128095,0053,面積,110,計,120,施設,11000,埼玉県,2005000000,2005年,a
252566,0053,面積,110,計,120,施設,12000,千葉県,2005000000,2005年,a
21887,0053,面積,110,計,120,施設,13000,東京都,2005000000,2005年,a
34562,0053,面積,110,計,120,施設,14000,神奈川県,2005000000,2005年,a
43540,0053,面積,110,計,120,施設,15000,新潟県,2005000000,2005年,a
5986,0053,面積,110,計,120,施設,16000,富山県,2005000000,2005年,a
18469,0053,面積,110,計,120,施設,17000,石川県,2005000000,2005年,a
19551,0053,面積,110,計,120,施設,18000,福井県,2005000000,2005年,a
15857,0053,面積,110,計,120,施設,19000,山梨県,2005000000,2005年,a
67598,0053,面積,110,計,120,施設,20000,長野県,2005000000,2005年,a
52890,0053,面積,110,計,120,施設,21000,岐阜県,2005000000,2005年,a
187920,0053,面積,110,計,120,施設,22000,静岡県,2005000000,2005年,a
332483,0053,面積,110,計,120,施設,23000,愛知県,2005000000,2005年,a
25975,0053,面積,110,計,120,施設,24000,三重県,2005000000,2005年,a
27571,0053,面積,110,計,120,施設,25000,滋賀県,2005000000,2005年,a
25917,0053,面積,110,計,120,施設,26000,京都府,2005000000,2005年,a
36358,0053,面積,110,計,120,施設,27000,大阪府,2005000000,2005年,a
54185,0053,面積,110,計,120,施設,28000,兵庫県,2005000000,2005年,a
33550,0053,面積,110,計,120,施設,29000,奈良県,2005000000,2005年,a
53343,0053,面積,110,計,120,施設,30000,和歌山県,2005000000,2005年,a
39548,0053,面積,110,計,120,施設,31000,鳥取県,2005000000,2005年,a
29462,0053,面積,110,計,120,施設,32000,島根県,2005000000,2005年,a
24665,0053,面積,110,計,120,施設,33000,岡山県,2005000000,2005年,a
35169,0053,面積,110,計,120,施設,34000,広島県,2005000000,2005年,a
27310,0053,面積,110,計,120,施設,35000,山口県,2005000000,2005年,a
45584,0053,面積,110,計,120,施設,36000,徳島県,2005000000,2005年,a
34712,0053,面積,110,計,120,施設,37000,香川県,2005000000,2005年,a
32836,0053,面積,110,計,120,施設,38000,愛媛県,2005000000,2005年,a
187190,0053,面積,110,計,120,施設,39000,高知県,2005000000,2005年,a
223962,0053,面積,110,計,120,施設,40000,福岡県,2005000000,2005年,a
98657,0053,面積,110,計,120,施設,41000,佐賀県,2005000000,2005年,a
110527,0053,面積,110,計,120,施設,42000,長崎県,2005000000,2005年,a
549989,0053,面積,110,計,120,施設,43000,熊本県,2005000000,2005年,a
58226,0053,面積,110,計,120,施設,44000,大分県,2005000000,2005年,a
175606,0053,面積,110,計,120,施設,45000,宮崎県,2005000000,2005年,a
98118,0053,面積,110,計,120,施設,46000,鹿児島県,2005000000,2005年,a
1477325,0053,面積,110,計,120,施設,60100,関東農政局,2005000000,2005年,a
411349,0053,面積,110,計,120,施設,60110,東海農政局,2005000000,2005年,a
456475,0053,面積,110,計,120,施設,60120,中国四国農政局,2005000000,2005年,a
3826377,0053,面積,190,野菜類,120,施設,00000,全国,2005000000,2005年,a
268868,0053,面積,190,野菜類,120,施設,00042,北海道,2005000000,2005年,a
3557508,0053,面積,190,野菜類,120,施設,50002,都府県,2005000000,2005年,a
338823,0053,面積,190,野菜類,120,施設,00043,東北,2005000000,2005年,a
66585,0053,面積,190,野菜類,120,施設,00049,北陸,2005000000,2005年,a
1102747,0053,面積,190,野菜類,120,施設,53030,関東・東山,2005000000,2005年,a
713034,0053,面積,190,野菜類,120,施設,00046,北関東,2005000000,2005年,a
346324,0053,面積,190,野菜類,120,施設,00047,南関東,2005000000,2005年,a
43388,0053,面積,190,野菜類,120,施設,53033,東山,2005000000,2005年,a
359554,0053,面積,190,野菜類,120,施設,00050,東海,2005000000,2005年,a
174354,0053,面積,190,野菜類,120,施設,00051,近畿,2005000000,2005年,a
121349,0053,面積,190,野菜類,120,施設,00053,中国,2005000000,2005年,a
56497,0053,面積,190,野菜類,120,施設,56061,山陰,2005000000,2005年,a
64852,0053,面積,190,野菜類,120,施設,56062,山陽,2005000000,2005年,a
244403,0053,面積,190,野菜類,120,施設,00054,四国,2005000000,2005年,a
1112090,0053,面積,190,野菜類,120,施設,00056,九州,2005000000,2005年,a
898791,0053,面積,190,野菜類,120,施設,58081,北九州,2005000000,2005年,a
213299,0053,面積,190,野菜類,120,施設,58082,南九州,2005000000,2005年,a
37604,0053,面積,190,野菜類,120,施設,00057,沖縄,2005000000,2005年,a
33983,0053,面積,190,野菜類,120,施設,02000,青森県,2005000000,2005年,a
79114,0053,面積,190,野菜類,120,施設,03000,岩手県,2005000000,2005年,a
70557,0053,面積,190,野菜類,120,施設,04000,宮城県,2005000000,2005年,a
26269,0053,面積,190,野菜類,120,施設,05000,秋田県,2005000000,2005年,a
55848,0053,面積,190,野菜類,120,施設,06000,山形県,2005000000,2005年,a
73052,0053,面積,190,野菜類,120,施設,07000,福島県,2005000000,2005年,a
376941,0053,面積,190,野菜類,120,施設,08000,茨城県,2005000000,2005年,a
170337,0053,面積,190,野菜類,120,施設,09000,栃木県,2005000000,2005年,a
165756,0053,面積,190,野菜類,120,施設,10000,群馬県,2005000000,2005年,a
100871,0053,面積,190,野菜類,120,施設,11000,埼玉県,2005000000,2005年,a
205671,0053,面積,190,野菜類,120,施設,12000,千葉県,2005000000,2005年,a
14800,0053,面積,190,野菜類,120,施設,13000,東京都,2005000000,2005年,a
24983,0053,面積,190,野菜類,120,施設,14000,神奈川県,2005000000,2005年,a
29355,0053,面積,190,野菜類,120,施設,15000,新潟県,2005000000,2005年,a
3735,0053,面積,190,野菜類,120,施設,16000,富山県,2005000000,2005年,a
15980,0053,面積,190,野菜類,120,施設,17000,石川県,2005000000,2005年,a
17514,0053,面積,190,野菜類,120,施設,18000,福井県,2005000000,2005年,a
11351,0053,面積,190,野菜類,120,施設,19000,山梨県,2005000000,2005年,a
32038,0053,面積,190,野菜類,120,施設,20000,長野県,2005000000,2005年,a
45054,0053,面積,190,野菜類,120,施設,21000,岐阜県,2005000000,2005年,a
143270,0053,面積,190,野菜類,120,施設,22000,静岡県,2005000000,2005年,a
153172,0053,面積,190,野菜類,120,施設,23000,愛知県,2005000000,2005年,a
18057,0053,面積,190,野菜類,120,施設,24000,三重県,2005000000,2005年,a
23491,0053,面積,190,野菜類,120,施設,25000,滋賀県,2005000000,2005年,a
20712,0053,面積,190,野菜類,120,施設,26000,京都府,2005000000,2005年,a
30452,0053,面積,190,野菜類,120,施設,27000,大阪府,2005000000,2005年,a
41669,0053,面積,190,野菜類,120,施設,28000,兵庫県,2005000000,2005年,a
27806,0053,面積,190,野菜類,120,施設,29000,奈良県,2005000000,2005年,a
30224,0053,面積,190,野菜類,120,施設,30000,和歌山県,2005000000,2005年,a
33055,0053,面積,190,野菜類,120,施設,31000,鳥取県,2005000000,2005年,a
23442,0053,面積,190,野菜類,120,施設,32000,島根県,2005000000,2005年,a
16777,0053,面積,190,野菜類,120,施設,33000,岡山県,2005000000,2005年,a
27024,0053,面積,190,野菜類,120,施設,34000,広島県,2005000000,2005年,a
21051,0053,面積,190,野菜類,120,施設,35000,山口県,2005000000,2005年,a
33363,0053,面積,190,野菜類,120,施設,36000,徳島県,2005000000,2005年,a
22905,0053,面積,190,野菜類,120,施設,37000,香川県,2005000000,2005年,a
26041,0053,面積,190,野菜類,120,施設,38000,愛媛県,2005000000,2005年,a
162095,0053,面積,190,野菜類,120,施設,39000,高知県,2005000000,2005年,a
165731,0053,面積,190,野菜類,120,施設,40000,福岡県,2005000000,2005年,a
85063,0053,面積,190,野菜類,120,施設,41000,佐賀県,2005000000,2005年,a
95811,0053,面積,190,野菜類,120,施設,42000,長崎県,2005000000,2005年,a
506581,0053,面積,190,野菜類,120,施設,43000,熊本県,2005000000,2005年,a
45604,0053,面積,190,野菜類,120,施設,44000,大分県,2005000000,2005年,a
150032,0053,面積,190,野菜類,120,施設,45000,宮崎県,2005000000,2005年,a
63267,0053,面積,190,野菜類,120,施設,46000,鹿児島県,2005000000,2005年,a
1246018,0053,面積,190,野菜類,120,施設,60100,関東農政局,2005000000,2005年,a
216283,0053,面積,190,野菜類,120,施設,60110,東海農政局,2005000000,2005年,a
365753,0053,面積,190,野菜類,120,施設,60120,中国四国農政局,2005000000,2005年,a
852343,0053,面積,200,花き類・花木,120,施設,00000,全国,2005000000,2005年,a
43762,0053,面積,200,花き類・花木,120,施設,00042,北海道,2005000000,2005年,a
808581,0053,面積,200,花き類・花木,120,施設,50002,都府県,2005000000,2005年,a
65825,0053,面積,200,花き類・花木,120,施設,00043,東北,2005000000,2005年,a
16622,0053,面積,200,花き類・花木,120,施設,00049,北陸,2005000000,2005年,a
165702,0053,面積,200,花き類・花木,120,施設,53030,関東・東山,2005000000,2005年,a
45369,0053,面積,200,花き類・花木,120,施設,00046,北関東,2005000000,2005年,a
83250,0053,面積,200,花き類・花木,120,施設,00047,南関東,2005000000,2005年,a
37083,0053,面積,200,花き類・花木,120,施設,53033,東山,2005000000,2005年,a
227679,0053,面積,200,花き類・花木,120,施設,00050,東海,2005000000,2005年,a
48527,0053,面積,200,花き類・花木,120,施設,00051,近畿,2005000000,2005年,a
29010,0053,面積,200,花き類・花木,120,施設,00053,中国,2005000000,2005年,a
9868,0053,面積,200,花き類・花木,120,施設,56061,山陰,2005000000,2005年,a
19142,0053,面積,200,花き類・花木,120,施設,56062,山陽,2005000000,2005年,a
51721,0053,面積,200,花き類・花木,120,施設,00054,四国,2005000000,2005年,a
187006,0053,面積,200,花き類・花木,120,施設,00056,九州,2005000000,2005年,a
131295,0053,面積,200,花き類・花木,120,施設,58081,北九州,2005000000,2005年,a
55712,0053,面積,200,花き類・花木,120,施設,58082,南九州,2005000000,2005年,a
16490,0053,面積,200,花き類・花木,120,施設,00057,沖縄,2005000000,2005年,a
6146,0053,面積,200,花き類・花木,120,施設,02000,青森県,2005000000,2005年,a
8534,0053,面積,200,花き類・花木,120,施設,03000,岩手県,2005000000,2005年,a
11216,0053,面積,200,花き類・花木,120,施設,04000,宮城県,2005000000,2005年,a
7719,0053,面積,200,花き類・花木,120,施設,05000,秋田県,2005000000,2005年,a
18444,0053,面積,200,花き類・花木,120,施設,06000,山形県,2005000000,2005年,a
13767,0053,面積,200,花き類・花木,120,施設,07000,福島県,2005000000,2005年,a
15450,0053,面積,200,花き類・花木,120,施設,08000,茨城県,2005000000,2005年,a
17279,0053,面積,200,花き類・花木,120,施設,09000,栃木県,2005000000,2005年,a
12640,0053,面積,200,花き類・花木,120,施設,10000,群馬県,2005000000,2005年,a
24892,0053,面積,200,花き類・花木,120,施設,11000,埼玉県,2005000000,2005年,a
43730,0053,面積,200,花き類・花木,120,施設,12000,千葉県,2005000000,2005年,a
6145,0053,面積,200,花き類・花木,120,施設,13000,東京都,2005000000,2005年,a
8483,0053,面積,200,花き類・花木,120,施設,14000,神奈川県,2005000000,2005年,a
12167,0053,面積,200,花き類・花木,120,施設,15000,新潟県,2005000000,2005年,a
1694,0053,面積,200,花き類・花木,120,施設,16000,富山県,2005000000,2005年,a
1377,0053,面積,200,花き類・花木,120,施設,17000,石川県,2005000000,2005年,a
1383,0053,面積,200,花き類・花木,120,施設,18000,福井県,2005000000,2005年,a
3973,0053,面積,200,花き類・花木,120,施設,19000,山梨県,2005000000,2005年,a
33110,0053,面積,200,花き類・花木,120,施設,20000,長野県,2005000000,2005年,a
7040,0053,面積,200,花き類・花木,120,施設,21000,岐阜県,2005000000,2005年,a
41158,0053,面積,200,花き類・花木,120,施設,22000,静岡県,2005000000,2005年,a
172548,0053,面積,200,花き類・花木,120,施設,23000,愛知県,2005000000,2005年,a
6932,0053,面積,200,花き類・花木,120,施設,24000,三重県,2005000000,2005年,a
3428,0053,面積,200,花き類・花木,120,施設,25000,滋賀県,2005000000,2005年,a
2994,0053,面積,200,花き類・花木,120,施設,26000,京都府,2005000000,2005年,a
5054,0053,面積,200,花き類・花木,120,施設,27000,大阪府,2005000000,2005年,a
10331,0053,面積,200,花き類・花木,120,施設,28000,兵庫県,2005000000,2005年,a
4481,0053,面積,200,花き類・花木,120,施設,29000,奈良県,2005000000,2005年,a
22240,0053,面積,200,花き類・花木,120,施設,30000,和歌山県,2005000000,2005年,a
5233,0053,面積,200,花き類・花木,120,施設,31000,鳥取県,2005000000,2005年,a
4635,0053,面積,200,花き類・花木,120,施設,32000,島根県,2005000000,2005年,a
6963,0053,面積,200,花き類・花木,120,施設,33000,岡山県,2005000000,2005年,a
6670,0053,面積,200,花き類・花木,120,施設,34000,広島県,2005000000,2005年,a
5509,0053,面積,200,花き類・花木,120,施設,35000,山口県,2005000000,2005年,a
11357,0053,面積,200,花き類・花木,120,施設,36000,徳島県,2005000000,2005年,a
10828,0053,面積,200,花き類・花木,120,施設,37000,香川県,2005000000,2005年,a
5787,0053,面積,200,花き類・花木,120,施設,38000,愛媛県,2005000000,2005年,a
23748,0053,面積,200,花き類・花木,120,施設,39000,高知県,2005000000,2005年,a
54670,0053,面積,200,花き類・花木,120,施設,40000,福岡県,2005000000,2005年,a
12064,0053,面積,200,花き類・花木,120,施設,41000,佐賀県,2005000000,2005年,a
13786,0053,面積,200,花き類・花木,120,施設,42000,長崎県,2005000000,2005年,a
39015,0053,面積,200,花き類・花木,120,施設,43000,熊本県,2005000000,2005年,a
11760,0053,面積,200,花き類・花木,120,施設,44000,大分県,2005000000,2005年,a
22672,0053,面積,200,花き類・花木,120,施設,45000,宮崎県,2005000000,2005年,a
33040,0053,面積,200,花き類・花木,120,施設,46000,鹿児島県,2005000000,2005年,a
206860,0053,面積,200,花き類・花木,120,施設,60100,関東農政局,2005000000,2005年,a
186521,0053,面積,200,花き類・花木,120,施設,60110,東海農政局,2005000000,2005年,a
80731,0053,面積,200,花き類・花木,120,施設,60120,中国四国農政局,2005000000,2005年,a
62837,0053,面積,210,種苗・苗木類,120,施設,00000,全国,2005000000,2005年,a
4756,0053,面積,210,種苗・苗木類,120,施設,00042,北海道,2005000000,2005年,a
58081,0053,面積,210,種苗・苗木類,120,施設,50002,都府県,2005000000,2005年,a
8557,0053,面積,210,種苗・苗木類,120,施設,00043,東北,2005000000,2005年,a
3576,0053,面積,210,種苗・苗木類,120,施設,00049,北陸,2005000000,2005年,a
13939,0053,面積,210,種苗・苗木類,120,施設,53030,関東・東山,2005000000,2005年,a
5976,0053,面積,210,種苗・苗木類,120,施設,00046,北関東,2005000000,2005年,a
5442,0053,面積,210,種苗・苗木類,120,施設,00047,南関東,2005000000,2005年,a
2521,0053,面積,210,種苗・苗木類,120,施設,53033,東山,2005000000,2005年,a
6798,0053,面積,210,種苗・苗木類,120,施設,00050,東海,2005000000,2005年,a
4979,0053,面積,210,種苗・苗木類,120,施設,00051,近畿,2005000000,2005年,a
4614,0053,面積,210,種苗・苗木類,120,施設,00053,中国,2005000000,2005年,a
2254,0053,面積,210,種苗・苗木類,120,施設,56061,山陰,2005000000,2005年,a
2361,0053,面積,210,種苗・苗木類,120,施設,56062,山陽,2005000000,2005年,a
2765,0053,面積,210,種苗・苗木類,120,施設,00054,四国,2005000000,2005年,a
12345,0053,面積,210,種苗・苗木類,120,施設,00056,九州,2005000000,2005年,a
8685,0053,面積,210,種苗・苗木類,120,施設,58081,北九州,2005000000,2005年,a
3660,0053,面積,210,種苗・苗木類,120,施設,58082,南九州,2005000000,2005年,a
509,0053,面積,210,種苗・苗木類,120,施設,00057,沖縄,2005000000,2005年,a
902,0053,面積,210,種苗・苗木類,120,施設,02000,青森県,2005000000,2005年,a
1391,0053,面積,210,種苗・苗木類,120,施設,03000,岩手県,2005000000,2005年,a
1274,0053,面積,210,種苗・苗木類,120,施設,04000,宮城県,2005000000,2005年,a
948,0053,面積,210,種苗・苗木類,120,施設,05000,秋田県,2005000000,2005年,a
2258,0053,面積,210,種苗・苗木類,120,施設,06000,山形県,2005000000,2005年,a
1785,0053,面積,210,種苗・苗木類,120,施設,07000,福島県,2005000000,2005年,a
2620,0053,面積,210,種苗・苗木類,120,施設,08000,茨城県,2005000000,2005年,a
1568,0053,面積,210,種苗・苗木類,120,施設,09000,栃木県,2005000000,2005年,a
1787,0053,面積,210,種苗・苗木類,120,施設,10000,群馬県,2005000000,2005年,a
1548,0053,面積,210,種苗・苗木類,120,施設,11000,埼玉県,2005000000,2005年,a
2332,0053,面積,210,種苗・苗木類,120,施設,12000,千葉県,2005000000,2005年,a
671,0053,面積,210,種苗・苗木類,120,施設,13000,東京都,2005000000,2005年,a
892,0053,面積,210,種苗・苗木類,120,施設,14000,神奈川県,2005000000,2005年,a
1816,0053,面積,210,種苗・苗木類,120,施設,15000,新潟県,2005000000,2005年,a
554,0053,面積,210,種苗・苗木類,120,施設,16000,富山県,2005000000,2005年,a
815,0053,面積,210,種苗・苗木類,120,施設,17000,石川県,2005000000,2005年,a
390,0053,面積,210,種苗・苗木類,120,施設,18000,福井県,2005000000,2005年,a
464,0053,面積,210,種苗・苗木類,120,施設,19000,山梨県,2005000000,2005年,a
2057,0053,面積,210,種苗・苗木類,120,施設,20000,長野県,2005000000,2005年,a
694,0053,面積,210,種苗・苗木類,120,施設,21000,岐阜県,2005000000,2005年,a
1960,0053,面積,210,種苗・苗木類,120,施設,22000,静岡県,2005000000,2005年,a
3294,0053,面積,210,種苗・苗木類,120,施設,23000,愛知県,2005000000,2005年,a
850,0053,面積,210,種苗・苗木類,120,施設,24000,三重県,2005000000,2005年,a
471,0053,面積,210,種苗・苗木類,120,施設,25000,滋賀県,2005000000,2005年,a
1384,0053,面積,210,種苗・苗木類,120,施設,26000,京都府,2005000000,2005年,a
206,0053,面積,210,種苗・苗木類,120,施設,27000,大阪府,2005000000,2005年,a
1373,0053,面積,210,種苗・苗木類,120,施設,28000,兵庫県,2005000000,2005年,a
892,0053,面積,210,種苗・苗木類,120,施設,29000,奈良県,2005000000,2005年,a
652,0053,面積,210,種苗・苗木類,120,施設,30000,和歌山県,2005000000,2005年,a
1092,0053,面積,210,種苗・苗木類,120,施設,31000,鳥取県,2005000000,2005年,a
1162,0053,面積,210,種苗・苗木類,120,施設,32000,島根県,2005000000,2005年,a
708,0053,面積,210,種苗・苗木類,120,施設,33000,岡山県,2005000000,2005年,a
1071,0053,面積,210,種苗・苗木類,120,施設,34000,広島県,2005000000,2005年,a
583,0053,面積,210,種苗・苗木類,120,施設,35000,山口県,2005000000,2005年,a
584,0053,面積,210,種苗・苗木類,120,施設,36000,徳島県,2005000000,2005年,a
764,0053,面積,210,種苗・苗木類,120,施設,37000,香川県,2005000000,2005年,a
706,0053,面積,210,種苗・苗木類,120,施設,38000,愛媛県,2005000000,2005年,a
711,0053,面積,210,種苗・苗木類,120,施設,39000,高知県,2005000000,2005年,a
2680,0053,面積,210,種苗・苗木類,120,施設,40000,福岡県,2005000000,2005年,a
1245,0053,面積,210,種苗・苗木類,120,施設,41000,佐賀県,2005000000,2005年,a
729,0053,面積,210,種苗・苗木類,120,施設,42000,長崎県,2005000000,2005年,a
3361,0053,面積,210,種苗・苗木類,120,施設,43000,熊本県,2005000000,2005年,a
670,0053,面積,210,種苗・苗木類,120,施設,44000,大分県,2005000000,2005年,a
2139,0053,面積,210,種苗・苗木類,120,施設,45000,宮崎県,2005000000,2005年,a
1521,0053,面積,210,種苗・苗木類,120,施設,46000,鹿児島県,2005000000,2005年,a
15899,0053,面積,210,種苗・苗木類,120,施設,60100,関東農政局,2005000000,2005年,a
4838,0053,面積,210,種苗・苗木類,120,施設,60110,東海農政局,2005000000,2005年,a
7379,0053,面積,210,種苗・苗木類,120,施設,60120,中国四国農政局,2005000000,2005年,a
25933,0053,面積,220,その他の作物,120,施設,00000,全国,2005000000,2005年,a
1249,0053,面積,220,その他の作物,120,施設,00042,北海道,2005000000,2005年,a
24683,0053,面積,220,その他の作物,120,施設,50002,都府県,2005000000,2005年,a
2225,0053,面積,220,その他の作物,120,施設,00043,東北,2005000000,2005年,a
763,0053,面積,220,その他の作物,120,施設,00049,北陸,2005000000,2005年,a
7017,0053,面積,220,その他の作物,120,施設,53030,関東・東山,2005000000,2005年,a
4462,0053,面積,220,その他の作物,120,施設,00046,北関東,2005000000,2005年,a
2093,0053,面積,220,その他の作物,120,施設,00047,南関東,2005000000,2005年,a
462,0053,面積,220,その他の作物,120,施設,53033,東山,2005000000,2005年,a
5238,0053,面積,220,その他の作物,120,施設,00050,東海,2005000000,2005年,a
3063,0053,面積,220,その他の作物,120,施設,00051,近畿,2005000000,2005年,a
1180,0053,面積,220,その他の作物,120,施設,00053,中国,2005000000,2005年,a
390,0053,面積,220,その他の作物,120,施設,56061,山陰,2005000000,2005年,a
789,0053,面積,220,その他の作物,120,施設,56062,山陽,2005000000,2005年,a
1433,0053,面積,220,その他の作物,120,施設,00054,四国,2005000000,2005年,a
3643,0053,面積,220,その他の作物,120,施設,00056,九州,2005000000,2005年,a
2590,0053,面積,220,その他の作物,120,施設,58081,北九州,2005000000,2005年,a
1053,0053,面積,220,その他の作物,120,施設,58082,南九州,2005000000,2005年,a
121,0053,面積,220,その他の作物,120,施設,00057,沖縄,2005000000,2005年,a
241,0053,面積,220,その他の作物,120,施設,02000,青森県,2005000000,2005年,a
290,0053,面積,220,その他の作物,120,施設,03000,岩手県,2005000000,2005年,a
457,0053,面積,220,その他の作物,120,施設,04000,宮城県,2005000000,2005年,a
297,0053,面積,220,その他の作物,120,施設,05000,秋田県,2005000000,2005年,a
372,0053,面積,220,その他の作物,120,施設,06000,山形県,2005000000,2005年,a
569,0053,面積,220,その他の作物,120,施設,07000,福島県,2005000000,2005年,a
2623,0053,面積,220,その他の作物,120,施設,08000,茨城県,2005000000,2005年,a
1022,0053,面積,220,その他の作物,120,施設,09000,栃木県,2005000000,2005年,a
817,0053,面積,220,その他の作物,120,施設,10000,群馬県,2005000000,2005年,a
784,0053,面積,220,その他の作物,120,施設,11000,埼玉県,2005000000,2005年,a
833,0053,面積,220,その他の作物,120,施設,12000,千葉県,2005000000,2005年,a
271,0053,面積,220,その他の作物,120,施設,13000,東京都,2005000000,2005年,a
205,0053,面積,220,その他の作物,120,施設,14000,神奈川県,2005000000,2005年,a
201,0053,面積,220,その他の作物,120,施設,15000,新潟県,2005000000,2005年,a
2,0053,面積,220,その他の作物,120,施設,16000,富山県,2005000000,2005年,a
296,0053,面積,220,その他の作物,120,施設,17000,石川県,2005000000,2005年,a
263,0053,面積,220,その他の作物,120,施設,18000,福井県,2005000000,2005年,a
69,0053,面積,220,その他の作物,120,施設,19000,山梨県,2005000000,2005年,a
393,0053,面積,220,その他の作物,120,施設,20000,長野県,2005000000,2005年,a
103,0053,面積,220,その他の作物,120,施設,21000,岐阜県,2005000000,2005年,a
1531,0053,面積,220,その他の作物,120,施設,22000,静岡県,2005000000,2005年,a
3469,0053,面積,220,その他の作物,120,施設,23000,愛知県,2005000000,2005年,a
136,0053,面積,220,その他の作物,120,施設,24000,三重県,2005000000,2005年,a
181,0053,面積,220,その他の作物,120,施設,25000,滋賀県,2005000000,2005年,a
826,0053,面積,220,その他の作物,120,施設,26000,京都府,2005000000,2005年,a
648,0053,面積,220,その他の作物,120,施設,27000,大阪府,2005000000,2005年,a
811,0053,面積,220,その他の作物,120,施設,28000,兵庫県,2005000000,2005年,a
371,0053,面積,220,その他の作物,120,施設,29000,奈良県,2005000000,2005年,a
227,0053,面積,220,その他の作物,120,施設,30000,和歌山県,2005000000,2005年,a
167,0053,面積,220,その他の作物,120,施設,31000,鳥取県,2005000000,2005年,a
223,0053,面積,220,その他の作物,120,施設,32000,島根県,2005000000,2005年,a
218,0053,面積,220,その他の作物,120,施設,33000,岡山県,2005000000,2005年,a
403,0053,面積,220,その他の作物,120,施設,34000,広島県,2005000000,2005年,a
168,0053,面積,220,その他の作物,120,施設,35000,山口県,2005000000,2005年,a
281,0053,面積,220,その他の作物,120,施設,36000,徳島県,2005000000,2005年,a
215,0053,面積,220,その他の作物,120,施設,37000,香川県,2005000000,2005年,a
301,0053,面積,220,その他の作物,120,施設,38000,愛媛県,2005000000,2005年,a
636,0053,面積,220,その他の作物,120,施設,39000,高知県,2005000000,2005年,a
881,0053,面積,220,その他の作物,120,施設,40000,福岡県,2005000000,2005年,a
285,0053,面積,220,その他の作物,120,施設,41000,佐賀県,2005000000,2005年,a
201,0053,面積,220,その他の作物,120,施設,42000,長崎県,2005000000,2005年,a
1032,0053,面積,220,その他の作物,120,施設,43000,熊本県,2005000000,2005年,a
191,0053,面積,220,その他の作物,120,施設,44000,大分県,2005000000,2005年,a
763,0053,面積,220,その他の作物,120,施設,45000,宮崎県,2005000000,2005年,a
290,0053,面積,220,その他の作物,120,施設,46000,鹿児島県,2005000000,2005年,a
8548,0053,面積,220,その他の作物,120,施設,60100,関東農政局,2005000000,2005年,a
3707,0053,面積,220,その他の作物,120,施設,60110,東海農政局,2005000000,2005年,a
2613,0053,面積,220,その他の作物,120,施設,60120,中国四国農政局,2005000000,2005年,a
