value,tab,tab_label,area,area_label,unit
115196,360,漁業経営体数,10010,全国,経営体
14780,360,漁業経営体数,10020,北海道,経営体
9115,360,漁業経営体数,10060,北海道太平洋北区,経営体
1663,360,漁業経営体数,10070,根室支庁,経営体
381,360,漁業経営体数,10090,羅臼町,経営体
31,360,漁業経営体数,10110,標津町,経営体
422,360,漁業経営体数,10130,別海町,経営体
829,360,漁業経営体数,10160,根室市,経営体
1532,360,漁業経営体数,10240,釧路支庁,経営体
528,360,漁業経営体数,10260,浜中町,経営体
473,360,漁業経営体数,10290,厚岸町,経営体
223,360,漁業経営体数,10310,釧路町,経営体
189,360,漁業経営体数,10330,釧路市,経営体
119,360,漁業経営体数,10370,白糠町,経営体
282,360,漁業経営体数,10430,十勝支庁,経営体
28,360,漁業経営体数,10450,浦幌町,経営体
30,360,漁業経営体数,10470,豊頃町,経営体
36,360,漁業経営体数,10490,大樹町,経営体
188,360,漁業経営体数,10510,広尾町,経営体
1401,360,漁業経営体数,10690,日高支庁,経営体
650,360,漁業経営体数,10710,えりも町,経営体
240,360,漁業経営体数,10740,様似町,経営体
226,360,漁業経営体数,10770,浦河町,経営体
208,360,漁業経営体数,10800,新ひだか町,経営体
18,360,漁業経営体数,10830,新冠町,経営体
59,360,漁業経営体数,10850,日高町,経営体
647,360,漁業経営体数,10890,胆振支庁,経営体
29,360,漁業経営体数,10910,むかわ町,経営体
13,360,漁業経営体数,10930,厚真町,経営体
63,360,漁業経営体数,10950,苫小牧市,経営体
205,360,漁業経営体数,10970,白老町,経営体
48,360,漁業経営体数,11000,登別市,経営体
59,360,漁業経営体数,11020,室蘭市,経営体
106,360,漁業経営体数,11040,伊達市,経営体
46,360,漁業経営体数,11070,洞爺湖町,経営体
78,360,漁業経営体数,11090,豊浦町,経営体
3590,360,漁業経営体数,11140,渡島支庁,経営体
101,360,漁業経営体数,11160,長万部町,経営体
322,360,漁業経営体数,11180,八雲町,経営体
437,360,漁業経営体数,11210,森町,経営体
350,360,漁業経営体数,11240,鹿部町,経営体
1908,360,漁業経営体数,11260,函館市,経営体
123,360,漁業経営体数,11460,北斗市,経営体
45,360,漁業経営体数,11510,木古内町,経営体
92,360,漁業経営体数,11530,知内町,経営体
212,360,漁業経営体数,11550,福島町,経営体
5665,360,漁業経営体数,11630,北海道日本海北区,経営体
2027,360,漁業経営体数,11640,宗谷支庁,経営体
342,360,漁業経営体数,11660,枝幸町,経営体
39,360,漁業経営体数,11680,浜頓別町,経営体
39,360,漁業経営体数,11700,猿払村,経営体
461,360,漁業経営体数,11720,稚内市,経営体
16,360,漁業経営体数,11750,豊富町,経営体
313,360,漁業経営体数,11770,利尻町,経営体
369,360,漁業経営体数,11800,利尻富士町,経営体
448,360,漁業経営体数,11830,礼文町,経営体
949,360,漁業経営体数,11880,網走支庁,経営体
61,360,漁業経営体数,11900,斜里町,経営体
-,360,漁業経営体数,11920,小清水町,経営体
86,360,漁業経営体数,11940,網走市,経営体
140,360,漁業経営体数,11960,北見市,経営体
100,360,漁業経営体数,11980,佐呂間町,経営体
212,360,漁業経営体数,12000,湧別町,経営体
93,360,漁業経営体数,12020,紋別市,経営体
98,360,漁業経営体数,12040,興部町,経営体
159,360,漁業経営体数,12060,雄武町,経営体
534,360,漁業経営体数,12190,留萌支庁,経営体
-,360,漁業経営体数,12210,幌延町,経営体
25,360,漁業経営体数,12230,天塩町,経営体
18,360,漁業経営体数,12250,遠別町,経営体
29,360,漁業経営体数,12270,初山別村,経営体
164,360,漁業経営体数,12290,羽幌町,経営体
67,360,漁業経営体数,12330,苫前町,経営体
45,360,漁業経営体数,12350,小平町,経営体
35,360,漁業経営体数,12370,留萌市,経営体
151,360,漁業経営体数,12390,増毛町,経営体
143,360,漁業経営体数,12410,石狩支庁,経営体
143,360,漁業経営体数,12430,石狩市,経営体
912,360,漁業経営体数,12550,後志支庁,経営体
153,360,漁業経営体数,12570,小樽市,経営体
79,360,漁業経営体数,12590,余市町,経営体
76,360,漁業経営体数,12610,古平町,経営体
201,360,漁業経営体数,12630,積丹町,経営体
65,360,漁業経営体数,12660,神恵内村,経営体
59,360,漁業経営体数,12680,泊村,経営体
-,360,漁業経営体数,12710,共和町,経営体
54,360,漁業経営体数,12730,岩内町,経営体
8,360,漁業経営体数,12750,蘭越町,経営体
119,360,漁業経営体数,12770,寿都町,経営体
98,360,漁業経営体数,12790,島牧村,経営体
679,360,漁業経営体数,12920,檜山支庁,経営体
240,360,漁業経営体数,12940,せたな町,経営体
93,360,漁業経営体数,12990,乙部町,経営体
179,360,漁業経営体数,13010,奥尻町,経営体
86,360,漁業経営体数,13030,江差町,経営体
81,360,漁業経営体数,13050,上ノ国町,経営体
421,360,漁業経営体数,13100,渡島支庁,経営体
92,360,漁業経営体数,13110,八雲町,経営体
329,360,漁業経営体数,13130,松前町,経営体
5146,360,漁業経営体数,13700,青森県,経営体
2503,360,漁業経営体数,13710,太平洋北区,経営体
217,360,漁業経営体数,13730,佐井村,経営体
578,360,漁業経営体数,13750,大間町,経営体
253,360,漁業経営体数,13780,風間浦村,経営体
201,360,漁業経営体数,13820,むつ市,経営体
825,360,漁業経営体数,13850,東通村,経営体
95,360,漁業経営体数,13930,六ヶ所村,経営体
49,360,漁業経営体数,13970,三沢市,経営体
37,360,漁業経営体数,13990,おいらせ町,経営体
199,360,漁業経営体数,14010,八戸市,経営体
49,360,漁業経営体数,14050,階上町,経営体
2643,360,漁業経営体数,14070,日本海北区,経営体
234,360,漁業経営体数,14090,むつ市,経営体
105,360,漁業経営体数,14130,横浜町,経営体
111,360,漁業経営体数,14150,野辺地町,経営体
607,360,漁業経営体数,14170,平内町,経営体
205,360,漁業経営体数,14210,青森市,経営体
66,360,漁業経営体数,14260,蓬田村,経営体
360,360,漁業経営体数,14280,外ヶ浜町,経営体
141,360,漁業経営体数,14330,今別町,経営体
246,360,漁業経営体数,14360,中泊町,経営体
19,360,漁業経営体数,14390,五所川原市,経営体
41,360,漁業経営体数,14420,つがる市,経営体
75,360,漁業経営体数,14450,鰺ヶ沢町,経営体
433,360,漁業経営体数,14480,深浦町,経営体
5313,360,漁業経営体数,14740,岩手県,経営体
645,360,漁業経営体数,14760,洋野町,経営体
145,360,漁業経営体数,14850,久慈市,経営体
115,360,漁業経営体数,14880,野田村,経営体
169,360,漁業経営体数,14900,普代村,経営体
122,360,漁業経営体数,14920,田野畑村,経営体
130,360,漁業経営体数,14950,岩泉町,経営体
1025,360,漁業経営体数,14980,宮古市,経営体
544,360,漁業経営体数,15020,山田町,経営体
225,360,漁業経営体数,15090,大槌町,経営体
827,360,漁業経営体数,15120,釜石市,経営体
877,360,漁業経営体数,15190,大船渡市,経営体
489,360,漁業経営体数,15270,陸前高田市,経営体
4006,360,漁業経営体数,15580,宮城県,経営体
784,360,漁業経営体数,15600,気仙沼市,経営体
151,360,漁業経営体数,15670,本吉町,経営体
628,360,漁業経営体数,15700,南三陸町,経営体
1297,360,漁業経営体数,15740,石巻市,経営体
390,360,漁業経営体数,15970,女川町,経営体
208,360,漁業経営体数,16010,東松島市,経営体
104,360,漁業経営体数,16060,松島町,経営体
17,360,漁業経営体数,16080,利府町,経営体
127,360,漁業経営体数,16100,塩竈市,経営体
4,360,漁業経営体数,16140,多賀城市,経営体
183,360,漁業経営体数,16160,七ヶ浜町,経営体
17,360,漁業経営体数,16240,仙台市,経営体
31,360,漁業経営体数,16260,名取市,経営体
-,360,漁業経営体数,16280,岩沼市,経営体
36,360,漁業経営体数,16300,亘理町,経営体
29,360,漁業経営体数,16320,山元町,経営体
966,360,漁業経営体数,16550,秋田県,経営体
90,360,漁業経営体数,16570,八峰町,経営体
42,360,漁業経営体数,16610,能代市,経営体
36,360,漁業経営体数,16630,三種町,経営体
492,360,漁業経営体数,16650,男鹿市,経営体
39,360,漁業経営体数,16730,潟上市,経営体
52,360,漁業経営体数,16750,秋田市,経営体
64,360,漁業経営体数,16780,由利本荘市,経営体
151,360,漁業経営体数,16820,にかほ市,経営体
416,360,漁業経営体数,17040,山形県,経営体
45,360,漁業経営体数,17060,遊佐町,経営体
145,360,漁業経営体数,17080,酒田市,経営体
226,360,漁業経営体数,17110,鶴岡市,経営体
743,360,漁業経営体数,17500,福島県,経営体
42,360,漁業経営体数,17520,新地町,経営体
325,360,漁業経営体数,17540,相馬市,経営体
56,360,漁業経営体数,17580,南相馬市,経営体
74,360,漁業経営体数,17620,浪江町,経営体
-,360,漁業経営体数,17640,双葉町,経営体
2,360,漁業経営体数,17660,大熊町,経営体
8,360,漁業経営体数,17680,富岡町,経営体
1,360,漁業経営体数,17700,楢葉町,経営体
-,360,漁業経営体数,17720,広野町,経営体
235,360,漁業経営体数,17740,いわき市,経営体
479,360,漁業経営体数,18350,茨城県,経営体
80,360,漁業経営体数,18370,北茨城市,経営体
1,360,漁業経営体数,18400,高萩市,経営体
124,360,漁業経営体数,18420,日立市,経営体
-,360,漁業経営体数,18480,東海村,経営体
60,360,漁業経営体数,18500,ひたちなか市,経営体
100,360,漁業経営体数,18540,大洗町,経営体
15,360,漁業経営体数,18560,鉾田市,経営体
50,360,漁業経営体数,18600,鹿嶋市,経営体
49,360,漁業経営体数,18620,神栖市,経営体
3118,360,漁業経営体数,20460,千葉県,経営体
140,360,漁業経営体数,20480,銚子市,経営体
34,360,漁業経営体数,20500,旭市,経営体
41,360,漁業経営体数,20530,匝瑳市,経営体
6,360,漁業経営体数,20560,横芝光町,経営体
9,360,漁業経営体数,20590,山武市,経営体
2,360,漁業経営体数,20620,九十九里町,経営体
-,360,漁業経営体数,20640,大網白里町,経営体
10,360,漁業経営体数,20660,白子町,経営体
2,360,漁業経営体数,20680,長生村,経営体
1,360,漁業経営体数,20700,一宮町,経営体
79,360,漁業経営体数,20720,いすみ市,経営体
70,360,漁業経営体数,20750,御宿町,経営体
407,360,漁業経営体数,20780,勝浦市,経営体
290,360,漁業経営体数,20870,鴨川市,経営体
498,360,漁業経営体数,20920,南房総市,経営体
118,360,漁業経営体数,20990,館山市,経営体
114,360,漁業経営体数,21050,鋸南町,経営体
530,360,漁業経営体数,21080,富津市,経営体
-,360,漁業経営体数,21130,君津市,経営体
574,360,漁業経営体数,21150,木更津市,経営体
1,360,漁業経営体数,21220,袖ヶ浦市,経営体
-,360,漁業経営体数,21240,市原市,経営体
-,360,漁業経営体数,21260,千葉市,経営体
18,360,漁業経営体数,21280,習志野市,経営体
81,360,漁業経営体数,21300,船橋市,経営体
80,360,漁業経営体数,21320,市川市,経営体
13,360,漁業経営体数,21350,浦安市,経営体
669,360,漁業経営体数,21670,東京都,経営体
33,360,漁業経営体数,21690,江戸川区,経営体
5,360,漁業経営体数,21710,葛飾区,経営体
12,360,漁業経営体数,21730,江東区,経営体
5,360,漁業経営体数,21750,墨田区,経営体
10,360,漁業経営体数,21770,中央区,経営体
9,360,漁業経営体数,21790,台東区,経営体
19,360,漁業経営体数,21810,港区,経営体
6,360,漁業経営体数,21830,品川区,経営体
49,360,漁業経営体数,21850,大田区,経営体
-,360,漁業経営体数,21870,千代田区,経営体
108,360,漁業経営体数,21890,大島町,経営体
18,360,漁業経営体数,21950,利島村,経営体
78,360,漁業経営体数,21970,新島村,経営体
97,360,漁業経営体数,22010,神津島村,経営体
48,360,漁業経営体数,22030,三宅村,経営体
7,360,漁業経営体数,22090,御蔵島村,経営体
112,360,漁業経営体数,22110,八丈町,経営体
8,360,漁業経営体数,22160,青ヶ島村,経営体
45,360,漁業経営体数,22180,小笠原村,経営体
1243,360,漁業経営体数,22650,神奈川県,経営体
2,360,漁業経営体数,22670,川崎市,経営体
174,360,漁業経営体数,22690,横浜市,経営体
410,360,漁業経営体数,22750,横須賀市,経営体
401,360,漁業経営体数,22840,三浦市,経営体
40,360,漁業経営体数,22970,葉山町,経営体
15,360,漁業経営体数,22990,逗子市,経営体
40,360,漁業経営体数,23010,鎌倉市,経営体
22,360,漁業経営体数,23040,藤沢市,経営体
19,360,漁業経営体数,23070,茅ヶ崎市,経営体
10,360,漁業経営体数,23090,平塚市,経営体
17,360,漁業経営体数,23110,大磯町,経営体
3,360,漁業経営体数,23130,二宮町,経営体
43,360,漁業経営体数,23150,小田原市,経営体
40,360,漁業経営体数,23180,真鶴町,経営体
7,360,漁業経営体数,23210,湯河原町,経営体
2284,360,漁業経営体数,23420,新潟県,経営体
51,360,漁業経営体数,23440,粟島浦村,経営体
209,360,漁業経営体数,23460,村上市,経営体
66,360,漁業経営体数,23510,胎内市,経営体
31,360,漁業経営体数,23530,新発田市,経営体
57,360,漁業経営体数,23550,聖籠町,経営体
246,360,漁業経営体数,23570,新潟市,経営体
27,360,漁業経営体数,23640,長岡市,経営体
27,360,漁業経営体数,23660,出雲崎町,経営体
50,360,漁業経営体数,23680,柏崎市,経営体
97,360,漁業経営体数,23710,上越市,経営体
114,360,漁業経営体数,23760,糸魚川市,経営体
1309,360,漁業経営体数,23840,佐渡市,経営体
384,360,漁業経営体数,24320,富山県,経営体
59,360,漁業経営体数,24340,朝日町,経営体
25,360,漁業経営体数,24360,入善町,経営体
26,360,漁業経営体数,24400,黒部市,経営体
46,360,漁業経営体数,24430,魚津市,経営体
11,360,漁業経営体数,24460,滑川市,経営体
40,360,漁業経営体数,24480,富山市,経営体
45,360,漁業経営体数,24520,射水市,経営体
35,360,漁業経営体数,24550,高岡市,経営体
97,360,漁業経営体数,24570,氷見市,経営体
2189,360,漁業経営体数,24700,石川県,経営体
394,360,漁業経営体数,24720,七尾市,経営体
99,360,漁業経営体数,24810,穴水町,経営体
352,360,漁業経営体数,24850,能登町,経営体
308,360,漁業経営体数,24900,珠洲市,経営体
415,360,漁業経営体数,24960,輪島市,経営体
300,360,漁業経営体数,24990,志賀町,経営体
47,360,漁業経営体数,25040,羽咋市,経営体
27,360,漁業経営体数,25070,宝達志水町,経営体
25,360,漁業経営体数,25100,かほく市,経営体
23,360,漁業経営体数,25140,内灘町,経営体
31,360,漁業経営体数,25160,金沢市,経営体
42,360,漁業経営体数,25180,白山市,経営体
4,360,漁業経営体数,25210,能美市,経営体
32,360,漁業経営体数,25230,小松市,経営体
90,360,漁業経営体数,25250,加賀市,経営体
1220,360,漁業経営体数,25330,福井県,経営体
27,360,漁業経営体数,25350,あわら市,経営体
175,360,漁業経営体数,25370,坂井市,経営体
114,360,漁業経営体数,25390,福井市,経営体
163,360,漁業経営体数,25420,越前町,経営体
43,360,漁業経営体数,25440,南越前町,経営体
109,360,漁業経営体数,25460,敦賀市,経営体
164,360,漁業経営体数,25480,美浜町,経営体
115,360,漁業経営体数,25510,若狭町,経営体
157,360,漁業経営体数,25530,小浜市,経営体
77,360,漁業経営体数,25550,おおい町,経営体
76,360,漁業経営体数,25570,高浜町,経営体
2956,360,漁業経営体数,27230,静岡県,経営体
89,360,漁業経営体数,27250,熱海市,経営体
129,360,漁業経営体数,27290,伊東市,経営体
76,360,漁業経営体数,27340,東伊豆町,経営体
31,360,漁業経営体数,27370,河津町,経営体
186,360,漁業経営体数,27390,下田市,経営体
183,360,漁業経営体数,27440,南伊豆町,経営体
74,360,漁業経営体数,27490,松崎町,経営体
175,360,漁業経営体数,27510,西伊豆町,経営体
60,360,漁業経営体数,27550,伊豆市,経営体
259,360,漁業経営体数,27570,沼津市,経営体
72,360,漁業経営体数,27630,富士市,経営体
141,360,漁業経営体数,27650,静岡市,経営体
57,360,漁業経営体数,27690,由比町,経営体
89,360,漁業経営体数,27710,焼津市,経営体
20,360,漁業経営体数,27730,大井川町,経営体
35,360,漁業経営体数,27750,吉田町,経営体
118,360,漁業経営体数,27770,牧之原市,経営体
147,360,漁業経営体数,27810,御前崎市,経営体
25,360,漁業経営体数,27840,掛川市,経営体
2,360,漁業経営体数,27870,袋井市,経営体
112,360,漁業経営体数,27890,磐田市,経営体
701,360,漁業経営体数,27930,浜松市,経営体
71,360,漁業経営体数,28000,湖西市,経営体
104,360,漁業経営体数,28020,新居町,経営体
2530,360,漁業経営体数,28220,愛知県,経営体
499,360,漁業経営体数,28240,田原市,経営体
15,360,漁業経営体数,28370,豊橋市,経営体
-,360,漁業経営体数,28400,豊川市,経営体
81,360,漁業経営体数,28420,蒲郡市,経営体
98,360,漁業経営体数,28470,幡豆町,経営体
79,360,漁業経営体数,28500,吉良町,経営体
459,360,漁業経営体数,28530,一色町,経営体
52,360,漁業経営体数,28590,西尾市,経営体
47,360,漁業経営体数,28610,碧南市,経営体
-,360,漁業経営体数,28630,高浜市,経営体
1,360,漁業経営体数,28650,刈谷市,経営体
-,360,漁業経営体数,28670,東浦町,経営体
-,360,漁業経営体数,28690,半田市,経営体
-,360,漁業経営体数,28710,武豊町,経営体
117,360,漁業経営体数,28730,美浜町,経営体
893,360,漁業経営体数,28760,南知多町,経営体
189,360,漁業経営体数,28850,常滑市,経営体
-,360,漁業経営体数,28900,知多市,経営体
-,360,漁業経営体数,28920,東海市,経営体
-,360,漁業経営体数,28940,名古屋市,経営体
-,360,漁業経営体数,28970,飛島村,経営体
-,360,漁業経営体数,28990,弥富市,経営体
5155,360,漁業経営体数,29410,三重県,経営体
15,360,漁業経営体数,29430,木曽岬町,経営体
166,360,漁業経営体数,29450,桑名市,経営体
46,360,漁業経営体数,29500,川越町,経営体
68,360,漁業経営体数,29520,四日市市,経営体
107,360,漁業経営体数,29580,鈴鹿市,経営体
122,360,漁業経営体数,29630,津市,経営体
214,360,漁業経営体数,29700,松阪市,経営体
101,360,漁業経営体数,29780,明和町,経営体
292,360,漁業経営体数,29810,伊勢市,経営体
957,360,漁業経営体数,29930,鳥羽市,経営体
1427,360,漁業経営体数,30100,志摩市,経営体
780,360,漁業経営体数,30380,南伊勢町,経営体
89,360,漁業経営体数,30560,大紀町,経営体
352,360,漁業経営体数,30580,紀北町,経営体
262,360,漁業経営体数,30680,尾鷲市,経営体
106,360,漁業経営体数,30790,熊野市,経営体
9,360,漁業経営体数,30860,御浜町,経営体
42,360,漁業経営体数,30880,紀宝町,経営体
935,360,漁業経営体数,31310,京都府,経営体
269,360,漁業経営体数,31330,舞鶴市,経営体
193,360,漁業経営体数,31410,宮津市,経営体
-,360,漁業経営体数,31470,与謝野町,経営体
119,360,漁業経営体数,31490,伊根町,経営体
354,360,漁業経営体数,31560,京丹後市,経営体
668,360,漁業経営体数,31890,大阪府,経営体
67,360,漁業経営体数,31910,大阪市,経営体
78,360,漁業経営体数,31980,堺市,経営体
20,360,漁業経営体数,32010,高石市,経営体
15,360,漁業経営体数,32030,泉大津市,経営体
12,360,漁業経営体数,32050,忠岡町,経営体
92,360,漁業経営体数,32070,岸和田市,経営体
1,360,漁業経営体数,32100,貝塚市,経営体
76,360,漁業経営体数,32120,泉佐野市,経営体
29,360,漁業経営体数,32140,田尻町,経営体
76,360,漁業経営体数,32160,泉南市,経営体
78,360,漁業経営体数,32190,阪南市,経営体
124,360,漁業経営体数,32230,岬町,経営体
3713,360,漁業経営体数,32600,兵庫県,経営体
441,360,漁業経営体数,32610,日本海西区,経営体
121,360,漁業経営体数,32630,豊岡市,経営体
189,360,漁業経営体数,32660,香美町,経営体
131,360,漁業経営体数,32690,新温泉町,経営体
3272,360,漁業経営体数,32730,瀬戸内海区,経営体
-,360,漁業経営体数,32750,尼崎市,経営体
-,360,漁業経営体数,32770,西宮市,経営体
1,360,漁業経営体数,32790,芦屋市,経営体
209,360,漁業経営体数,32810,神戸市,経営体
588,360,漁業経営体数,32910,明石市,経営体
22,360,漁業経営体数,32990,播磨町,経営体
32,360,漁業経営体数,33010,加古川市,経営体
103,360,漁業経営体数,33040,高砂市,経営体
612,360,漁業経営体数,33090,姫路市,経営体
95,360,漁業経営体数,33220,たつの市,経営体
36,360,漁業経営体数,33260,相生市,経営体
66,360,漁業経営体数,33280,赤穂市,経営体
724,360,漁業経営体数,33320,淡路市,経営体
363,360,漁業経営体数,33490,洲本市,経営体
421,360,漁業経営体数,33550,南あわじ市,経営体
2513,360,漁業経営体数,34290,和歌山県,経営体
1576,360,漁業経営体数,34300,太平洋南区,経営体
62,360,漁業経営体数,34320,美浜町,経営体
159,360,漁業経営体数,34350,御坊市,経営体
78,360,漁業経営体数,34370,印南町,経営体
109,360,漁業経営体数,34390,みなべ町,経営体
175,360,漁業経営体数,34410,田辺市,経営体
135,360,漁業経営体数,34450,白浜町,経営体
103,360,漁業経営体数,34490,すさみ町,経営体
423,360,漁業経営体数,34510,串本町,経営体
203,360,漁業経営体数,34600,那智勝浦町,経営体
73,360,漁業経営体数,34650,太地町,経営体
56,360,漁業経営体数,34670,新宮市,経営体
937,360,漁業経営体数,34700,瀬戸内海区,経営体
273,360,漁業経営体数,34720,和歌山市,経営体
108,360,漁業経営体数,34810,海南市,経営体
244,360,漁業経営体数,34870,有田市,経営体
65,360,漁業経営体数,34920,湯浅町,経営体
35,360,漁業経営体数,34960,広川町,経営体
134,360,漁業経営体数,34980,由良町,経営体
78,360,漁業経営体数,35040,日高町,経営体
818,360,漁業経営体数,35190,鳥取県,経営体
172,360,漁業経営体数,35210,岩美町,経営体
169,360,漁業経営体数,35260,鳥取市,経営体
56,360,漁業経営体数,35330,湯梨浜町,経営体
15,360,漁業経営体数,35360,北栄町,経営体
61,360,漁業経営体数,35390,琴浦町,経営体
108,360,漁業経営体数,35420,大山町,経営体
145,360,漁業経営体数,35460,米子市,経営体
22,360,漁業経営体数,35490,日吉津村,経営体
70,360,漁業経営体数,35510,境港市,経営体
2343,360,漁業経営体数,35650,島根県,経営体
14,360,漁業経営体数,35670,安来市,経営体
3,360,漁業経営体数,35700,東出雲町,経営体
675,360,漁業経営体数,35720,松江市,経営体
317,360,漁業経営体数,35870,出雲市,経営体
271,360,漁業経営体数,35960,大田市,経営体
23,360,漁業経営体数,36070,江津市,経営体
193,360,漁業経営体数,36100,浜田市,経営体
116,360,漁業経営体数,36170,益田市,経営体
409,360,漁業経営体数,36200,隠岐の島町,経営体
110,360,漁業経営体数,36290,海士町,経営体
146,360,漁業経営体数,36340,西ノ島町,経営体
66,360,漁業経営体数,36370,知夫村,経営体
1547,360,漁業経営体数,36490,岡山県,経営体
120,360,漁業経営体数,36510,備前市,経営体
179,360,漁業経営体数,36560,瀬戸内市,経営体
172,360,漁業経営体数,36590,岡山市,経営体
135,360,漁業経営体数,36650,玉野市,経営体
667,360,漁業経営体数,36690,倉敷市,経営体
73,360,漁業経営体数,36770,浅口市,経営体
201,360,漁業経営体数,36790,笠岡市,経営体
2943,360,漁業経営体数,37070,広島県,経営体
367,360,漁業経営体数,37090,福山市,経営体
411,360,漁業経営体数,37190,尾道市,経営体
69,360,漁業経営体数,37290,三原市,経営体
37,360,漁業経営体数,37330,竹原市,経営体
55,360,漁業経営体数,37370,東広島市,経営体
48,360,漁業経営体数,37400,大崎上島町,経営体
864,360,漁業経営体数,37440,呉市,経営体
369,360,漁業経営体数,37600,江田島市,経営体
35,360,漁業経営体数,37720,坂町,経営体
4,360,漁業経営体数,37740,海田町,経営体
424,360,漁業経営体数,37760,広島市,経営体
168,360,漁業経営体数,37830,廿日市市,経営体
92,360,漁業経営体数,37870,大竹市,経営体
4553,360,漁業経営体数,38010,山口県,経営体
2297,360,漁業経営体数,38020,東シナ海区,経営体
719,360,漁業経営体数,38040,萩市,経営体
110,360,漁業経営体数,38200,阿武町,経営体
779,360,漁業経営体数,38240,長門市,経営体
689,360,漁業経営体数,38400,下関市,経営体
2256,360,漁業経営体数,38630,瀬戸内海区,経営体
414,360,漁業経営体数,38650,周防大島町,経営体
-,360,漁業経営体数,38730,和木町,経営体
268,360,漁業経営体数,38750,岩国市,経営体
141,360,漁業経営体数,38820,柳井市,経営体
208,360,漁業経営体数,38890,上関町,経営体
44,360,漁業経営体数,38940,平生町,経営体
31,360,漁業経営体数,38960,田布施町,経営体
68,360,漁業経営体数,38990,光市,経営体
39,360,漁業経営体数,39020,下松市,経営体
215,360,漁業経営体数,39040,周南市,経営体
197,360,漁業経営体数,39120,防府市,経営体
125,360,漁業経営体数,39230,山口市,経営体
358,360,漁業経営体数,39310,宇部市,経営体
91,360,漁業経営体数,39380,山陽小野田市,経営体
57,360,漁業経営体数,39430,下関市,経営体
1863,360,漁業経営体数,39530,徳島県,経営体
734,360,漁業経営体数,39540,太平洋南区,経営体
321,360,漁業経営体数,39560,美波町,経営体
215,360,漁業経営体数,39640,牟岐町,経営体
198,360,漁業経営体数,39660,海陽町,経営体
1129,360,漁業経営体数,39700,瀬戸内海区,経営体
435,360,漁業経営体数,39720,鳴門市,経営体
47,360,漁業経営体数,39800,松茂町,経営体
115,360,漁業経営体数,39820,徳島市,経営体
132,360,漁業経営体数,39860,小松島市,経営体
400,360,漁業経営体数,39890,阿南市,経営体
1887,360,漁業経営体数,40150,香川県,経営体
164,360,漁業経営体数,40170,東かがわ市,経営体
177,360,漁業経営体数,40210,さぬき市,経営体
115,360,漁業経営体数,40270,小豆島町,経営体
185,360,漁業経営体数,40300,土庄町,経営体
431,360,漁業経営体数,40380,高松市,経営体
50,360,漁業経営体数,40480,直島町,経営体
208,360,漁業経営体数,40500,坂出市,経営体
18,360,漁業経営体数,40550,宇多津町,経営体
146,360,漁業経営体数,40570,丸亀市,経営体
104,360,漁業経営体数,40620,多度津町,経営体
138,360,漁業経営体数,40670,三豊市,経営体
151,360,漁業経営体数,40760,観音寺市,経営体
5009,360,漁業経営体数,40880,愛媛県,経営体
2079,360,漁業経営体数,40890,太平洋南区,経営体
150,360,漁業経営体数,40910,八幡浜市,経営体
211,360,漁業経営体数,40940,西予市,経営体
1239,360,漁業経営体数,40970,宇和島市,経営体
479,360,漁業経営体数,41090,愛南町,経営体
2930,360,漁業経営体数,41180,瀬戸内海区,経営体
162,360,漁業経営体数,41200,四国中央市,経営体
123,360,漁業経営体数,41250,新居浜市,経営体
233,360,漁業経営体数,41310,西条市,経営体
122,360,漁業経営体数,41390,上島町,経営体
867,360,漁業経営体数,41440,今治市,経営体
685,360,漁業経営体数,41600,松山市,経営体
20,360,漁業経営体数,41780,松前町,経営体
153,360,漁業経営体数,41800,伊予市,経営体
110,360,漁業経営体数,41840,大洲市,経営体
58,360,漁業経営体数,41870,八幡浜市,経営体
397,360,漁業経営体数,41900,伊方町,経営体
2761,360,漁業経営体数,42060,高知県,経営体
94,360,漁業経営体数,42080,東洋町,経営体
340,360,漁業経営体数,42110,室戸市,経営体
53,360,漁業経営体数,42200,奈半利町,経営体
18,360,漁業経営体数,42230,田野町,経営体
25,360,漁業経営体数,42250,安田町,経営体
47,360,漁業経営体数,42270,安芸市,経営体
7,360,漁業経営体数,42330,芸西村,経営体
118,360,漁業経営体数,42350,香南市,経営体
45,360,漁業経営体数,42400,南国市,経営体
70,360,漁業経営体数,42450,高知市,経営体
114,360,漁業経営体数,42500,土佐市,経営体
370,360,漁業経営体数,42540,須崎市,経営体
142,360,漁業経営体数,42610,中土佐町,経営体
73,360,漁業経営体数,42650,四万十町,経営体
253,360,漁業経営体数,42680,黒潮町,経営体
112,360,漁業経営体数,42740,四万十市,経営体
472,360,漁業経営体数,42760,土佐清水市,経営体
195,360,漁業経営体数,42850,大月町,経営体
213,360,漁業経営体数,42980,宿毛市,経営体
3173,360,漁業経営体数,43240,福岡県,経営体
2726,360,漁業経営体数,43250,東シナ海区,経営体
320,360,漁業経営体数,43270,北九州市,経営体
67,360,漁業経営体数,43410,芦屋町,経営体
34,360,漁業経営体数,43440,岡垣町,経営体
308,360,漁業経営体数,43460,宗像市,経営体
41,360,漁業経営体数,43510,福津市,経営体
-,360,漁業経営体数,43540,古賀市,経営体
69,360,漁業経営体数,43560,新宮町,経営体
442,360,漁業経営体数,43590,福岡市,経営体
223,360,漁業経営体数,43770,志摩町,経営体
28,360,漁業経営体数,43830,前原市,経営体
72,360,漁業経営体数,43850,二丈町,経営体
-,360,漁業経営体数,43880,久留米市,経営体
114,360,漁業経営体数,43920,大川市,経営体
822,360,漁業経営体数,43980,柳川市,経営体
48,360,漁業経営体数,44080,みやま市,経営体
138,360,漁業経営体数,44110,大牟田市,経営体
447,360,漁業経営体数,44140,瀬戸内海区,経営体
144,360,漁業経営体数,44160,北九州市,経営体
33,360,漁業経営体数,44230,苅田町,経営体
147,360,漁業経営体数,44250,行橋市,経営体
14,360,漁業経営体数,44300,築上町,経営体
66,360,漁業経営体数,44330,豊前市,経営体
43,360,漁業経営体数,44370,吉富町,経営体
2123,360,漁業経営体数,44850,佐賀県,経営体
808,360,漁業経営体数,44870,唐津市,経営体
64,360,漁業経営体数,45120,玄海町,経営体
33,360,漁業経営体数,45150,伊万里市,経営体
7,360,漁業経営体数,45170,神埼市,経営体
563,360,漁業経営体数,45190,佐賀市,経営体
105,360,漁業経営体数,45280,小城市,経営体
-,360,漁業経営体数,45300,江北町,経営体
142,360,漁業経営体数,45320,白石町,経営体
1,360,漁業経営体数,45360,嬉野市,経営体
213,360,漁業経営体数,45380,鹿島市,経営体
187,360,漁業経営体数,45430,太良町,経営体
8849,360,漁業経営体数,45570,長崎県,経営体
1704,360,漁業経営体数,45590,対馬市,経営体
919,360,漁業経営体数,45890,壱岐市,経営体
267,360,漁業経営体数,45950,松浦市,経営体
786,360,漁業経営体数,46000,平戸市,経営体
67,360,漁業経営体数,46140,鹿町町,経営体
625,360,漁業経営体数,46160,佐世保市,経営体
198,360,漁業経営体数,46240,小値賀町,経営体
53,360,漁業経営体数,46260,川棚町,経営体
40,360,漁業経営体数,46280,東彼杵町,経営体
135,360,漁業経営体数,46300,大村市,経営体
271,360,漁業経営体数,46340,諫早市,経営体
32,360,漁業経営体数,46450,長与町,経営体
43,360,漁業経営体数,46470,時津町,経営体
714,360,漁業経営体数,46490,長崎市,経営体
554,360,漁業経営体数,46680,西海市,経営体
231,360,漁業経営体数,46750,雲仙市,経営体
416,360,漁業経営体数,46850,南島原市,経営体
257,360,漁業経営体数,46930,島原市,経営体
677,360,漁業経営体数,46970,新上五島町,経営体
860,360,漁業経営体数,47140,五島市,経営体
4314,360,漁業経営体数,47350,熊本県,経営体
171,360,漁業経営体数,47370,荒尾市,経営体
25,360,漁業経営体数,47400,長洲町,経営体
452,360,漁業経営体数,47420,玉名市,経営体
629,360,漁業経営体数,47490,熊本市,経営体
231,360,漁業経営体数,47590,宇土市,経営体
159,360,漁業経営体数,47630,宇城市,経営体
18,360,漁業経営体数,47720,氷川町,経営体
252,360,漁業経営体数,47740,八代市,経営体
112,360,漁業経営体数,47820,芦北町,経営体
41,360,漁業経営体数,47850,津奈木町,経営体
107,360,漁業経営体数,47870,水俣市,経営体
609,360,漁業経営体数,47890,上天草市,経営体
1379,360,漁業経営体数,48010,天草市,経営体
129,360,漁業経営体数,48250,苓北町,経営体
2983,360,漁業経営体数,48650,大分県,経営体
1639,360,漁業経営体数,48660,太平洋南区,経営体
328,360,漁業経営体数,48680,大分市,経営体
176,360,漁業経営体数,48700,臼杵市,経営体
451,360,漁業経営体数,48720,津久見市,経営体
684,360,漁業経営体数,48750,佐伯市,経営体
1344,360,漁業経営体数,48860,瀬戸内海区,経営体
129,360,漁業経営体数,48880,中津市,経営体
183,360,漁業経営体数,48900,宇佐市,経営体
62,360,漁業経営体数,48950,豊後高田市,経営体
324,360,漁業経営体数,48990,国東市,経営体
161,360,漁業経営体数,49050,姫島村,経営体
216,360,漁業経営体数,49070,杵築市,経営体
83,360,漁業経営体数,49090,日出町,経営体
62,360,漁業経営体数,49120,別府市,経営体
124,360,漁業経営体数,49140,大分市,経営体
1402,360,漁業経営体数,49240,宮崎県,経営体
293,360,漁業経営体数,49260,延岡市,経営体
93,360,漁業経営体数,49320,門川町,経営体
162,360,漁業経営体数,49350,日向市,経営体
56,360,漁業経営体数,49380,都農町,経営体
171,360,漁業経営体数,49400,川南町,経営体
8,360,漁業経営体数,49420,高鍋町,経営体
17,360,漁業経営体数,49440,新富町,経営体
199,360,漁業経営体数,49460,宮崎市,経営体
120,360,漁業経営体数,49510,日南市,経営体
98,360,漁業経営体数,49550,南郷町,経営体
185,360,漁業経営体数,49590,串間市,経営体
4401,360,漁業経営体数,49840,鹿児島県,経営体
101,360,漁業経営体数,49860,出水市,経営体
445,360,漁業経営体数,49890,長島町,経営体
263,360,漁業経営体数,49920,阿久根市,経営体
296,360,漁業経営体数,49960,薩摩川内市,経営体
208,360,漁業経営体数,50040,いちき串木野市,経営体
82,360,漁業経営体数,50090,日置市,経営体
242,360,漁業経営体数,50140,南さつま市,経営体
49,360,漁業経営体数,50230,枕崎市,経営体
39,360,漁業経営体数,50250,南九州市,経営体
132,360,漁業経営体数,50280,指宿市,経営体
322,360,漁業経営体数,50330,鹿児島市,経営体
55,360,漁業経営体数,50390,姶良町,経営体
59,360,漁業経営体数,50410,加治木町,経営体
135,360,漁業経営体数,50430,霧島市,経営体
185,360,漁業経営体数,50470,垂水市,経営体
61,360,漁業経営体数,50500,鹿屋市,経営体
15,360,漁業経営体数,50520,錦江町,経営体
166,360,漁業経営体数,50540,南大隅町,経営体
108,360,漁業経営体数,50580,肝付町,経営体
26,360,漁業経営体数,50630,東串良町,経営体
10,360,漁業経営体数,50650,大崎町,経営体
54,360,漁業経営体数,50670,志布志市,経営体
24,360,漁業経営体数,50700,三島村,経営体
29,360,漁業経営体数,50720,十島村,経営体
270,360,漁業経営体数,50740,西之表市,経営体
63,360,漁業経営体数,50760,中種子町,経営体
44,360,漁業経営体数,50780,南種子町,経営体
100,360,漁業経営体数,50800,屋久島町,経営体
158,360,漁業経営体数,50830,奄美市,経営体
71,360,漁業経営体数,50870,龍郷町,経営体
84,360,漁業経営体数,50890,大和村,経営体
36,360,漁業経営体数,50910,宇検村,経営体
79,360,漁業経営体数,50930,瀬戸内町,経営体
31,360,漁業経営体数,50950,喜界町,経営体
59,360,漁業経営体数,50970,徳之島町,経営体
34,360,漁業経営体数,50990,天城町,経営体
63,360,漁業経営体数,51010,伊仙町,経営体
27,360,漁業経営体数,51030,和泊町,経営体
16,360,漁業経営体数,51050,知名町,経営体
160,360,漁業経営体数,51070,与論町,経営体
2801,360,漁業経営体数,51170,沖縄県,経営体
53,360,漁業経営体数,51190,国頭村,経営体
6,360,漁業経営体数,51210,大宜味村,経営体
27,360,漁業経営体数,51230,東村,経営体
110,360,漁業経営体数,51250,名護市,経営体
54,360,漁業経営体数,51270,今帰仁村,経営体
49,360,漁業経営体数,51290,本部町,経営体
99,360,漁業経営体数,51310,恩納村,経営体
57,360,漁業経営体数,51330,宜野座村,経営体
46,360,漁業経営体数,51350,金武町,経営体
64,360,漁業経営体数,51370,伊江村,経営体
60,360,漁業経営体数,51390,伊是名村,経営体
70,360,漁業経営体数,51410,伊平屋村,経営体
316,360,漁業経営体数,51430,うるま市,経営体
84,360,漁業経営体数,51480,沖縄市,経営体
51,360,漁業経営体数,51500,読谷村,経営体
8,360,漁業経営体数,51520,嘉手納町,経営体
28,360,漁業経営体数,51540,北谷町,経営体
32,360,漁業経営体数,51560,北中城村,経営体
33,360,漁業経営体数,51580,中城村,経営体
25,360,漁業経営体数,51600,西原町,経営体
46,360,漁業経営体数,51620,宜野湾市,経営体
45,360,漁業経営体数,51640,浦添市,経営体
112,360,漁業経営体数,51660,那覇市,経営体
45,360,漁業経営体数,51680,豊見城市,経営体
103,360,漁業経営体数,51700,糸満市,経営体
36,360,漁業経営体数,51720,八重瀬町,経営体
142,360,漁業経営体数,51740,南城市,経営体
23,360,漁業経営体数,51780,与那原町,経営体
131,360,漁業経営体数,51800,久米島町,経営体
55,360,漁業経営体数,51820,座間味村,経営体
24,360,漁業経営体数,51840,渡嘉敷村,経営体
61,360,漁業経営体数,51860,渡名喜村,経営体
26,360,漁業経営体数,51880,粟国村,経営体
27,360,漁業経営体数,51900,南大東村,経営体
14,360,漁業経営体数,51920,北大東村,経営体
320,360,漁業経営体数,51940,宮古島市,経営体
7,360,漁業経営体数,52000,多良間村,経営体
228,360,漁業経営体数,52020,石垣市,経営体
54,360,漁業経営体数,52040,竹富町,経営体
30,360,漁業経営体数,52060,与那国町,経営体
5327,370,無動力漁船隻数,10010,全国,隻
280,370,無動力漁船隻数,10020,北海道,隻
113,370,無動力漁船隻数,10060,北海道太平洋北区,隻
42,370,無動力漁船隻数,10070,根室支庁,隻
31,370,無動力漁船隻数,10090,羅臼町,隻
5,370,無動力漁船隻数,10110,標津町,隻
3,370,無動力漁船隻数,10130,別海町,隻
3,370,無動力漁船隻数,10160,根室市,隻
19,370,無動力漁船隻数,10240,釧路支庁,隻
6,370,無動力漁船隻数,10260,浜中町,隻
8,370,無動力漁船隻数,10290,厚岸町,隻
2,370,無動力漁船隻数,10310,釧路町,隻
3,370,無動力漁船隻数,10330,釧路市,隻
-,370,無動力漁船隻数,10370,白糠町,隻
-,370,無動力漁船隻数,10430,十勝支庁,隻
-,370,無動力漁船隻数,10450,浦幌町,隻
-,370,無動力漁船隻数,10470,豊頃町,隻
-,370,無動力漁船隻数,10490,大樹町,隻
-,370,無動力漁船隻数,10510,広尾町,隻
15,370,無動力漁船隻数,10690,日高支庁,隻
13,370,無動力漁船隻数,10710,えりも町,隻
1,370,無動力漁船隻数,10740,様似町,隻
1,370,無動力漁船隻数,10770,浦河町,隻
-,370,無動力漁船隻数,10800,新ひだか町,隻
-,370,無動力漁船隻数,10830,新冠町,隻
-,370,無動力漁船隻数,10850,日高町,隻
9,370,無動力漁船隻数,10890,胆振支庁,隻
-,370,無動力漁船隻数,10910,むかわ町,隻
-,370,無動力漁船隻数,10930,厚真町,隻
-,370,無動力漁船隻数,10950,苫小牧市,隻
2,370,無動力漁船隻数,10970,白老町,隻
-,370,無動力漁船隻数,11000,登別市,隻
3,370,無動力漁船隻数,11020,室蘭市,隻
4,370,無動力漁船隻数,11040,伊達市,隻
-,370,無動力漁船隻数,11070,洞爺湖町,隻
-,370,無動力漁船隻数,11090,豊浦町,隻
28,370,無動力漁船隻数,11140,渡島支庁,隻
-,370,無動力漁船隻数,11160,長万部町,隻
-,370,無動力漁船隻数,11180,八雲町,隻
1,370,無動力漁船隻数,11210,森町,隻
1,370,無動力漁船隻数,11240,鹿部町,隻
13,370,無動力漁船隻数,11260,函館市,隻
3,370,無動力漁船隻数,11460,北斗市,隻
3,370,無動力漁船隻数,11510,木古内町,隻
7,370,無動力漁船隻数,11530,知内町,隻
-,370,無動力漁船隻数,11550,福島町,隻
167,370,無動力漁船隻数,11630,北海道日本海北区,隻
73,370,無動力漁船隻数,11640,宗谷支庁,隻
1,370,無動力漁船隻数,11660,枝幸町,隻
-,370,無動力漁船隻数,11680,浜頓別町,隻
-,370,無動力漁船隻数,11700,猿払村,隻
15,370,無動力漁船隻数,11720,稚内市,隻
1,370,無動力漁船隻数,11750,豊富町,隻
13,370,無動力漁船隻数,11770,利尻町,隻
13,370,無動力漁船隻数,11800,利尻富士町,隻
30,370,無動力漁船隻数,11830,礼文町,隻
11,370,無動力漁船隻数,11880,網走支庁,隻
-,370,無動力漁船隻数,11900,斜里町,隻
-,370,無動力漁船隻数,11920,小清水町,隻
3,370,無動力漁船隻数,11940,網走市,隻
-,370,無動力漁船隻数,11960,北見市,隻
-,370,無動力漁船隻数,11980,佐呂間町,隻
5,370,無動力漁船隻数,12000,湧別町,隻
-,370,無動力漁船隻数,12020,紋別市,隻
2,370,無動力漁船隻数,12040,興部町,隻
1,370,無動力漁船隻数,12060,雄武町,隻
8,370,無動力漁船隻数,12190,留萌支庁,隻
-,370,無動力漁船隻数,12210,幌延町,隻
-,370,無動力漁船隻数,12230,天塩町,隻
-,370,無動力漁船隻数,12250,遠別町,隻
-,370,無動力漁船隻数,12270,初山別村,隻
4,370,無動力漁船隻数,12290,羽幌町,隻
-,370,無動力漁船隻数,12330,苫前町,隻
1,370,無動力漁船隻数,12350,小平町,隻
-,370,無動力漁船隻数,12370,留萌市,隻
3,370,無動力漁船隻数,12390,増毛町,隻
1,370,無動力漁船隻数,12410,石狩支庁,隻
1,370,無動力漁船隻数,12430,石狩市,隻
21,370,無動力漁船隻数,12550,後志支庁,隻
4,370,無動力漁船隻数,12570,小樽市,隻
4,370,無動力漁船隻数,12590,余市町,隻
-,370,無動力漁船隻数,12610,古平町,隻
1,370,無動力漁船隻数,12630,積丹町,隻
2,370,無動力漁船隻数,12660,神恵内村,隻
4,370,無動力漁船隻数,12680,泊村,隻
-,370,無動力漁船隻数,12710,共和町,隻
1,370,無動力漁船隻数,12730,岩内町,隻
-,370,無動力漁船隻数,12750,蘭越町,隻
-,370,無動力漁船隻数,12770,寿都町,隻
5,370,無動力漁船隻数,12790,島牧村,隻
28,370,無動力漁船隻数,12920,檜山支庁,隻
5,370,無動力漁船隻数,12940,せたな町,隻
2,370,無動力漁船隻数,12990,乙部町,隻
10,370,無動力漁船隻数,13010,奥尻町,隻
4,370,無動力漁船隻数,13030,江差町,隻
7,370,無動力漁船隻数,13050,上ノ国町,隻
25,370,無動力漁船隻数,13100,渡島支庁,隻
-,370,無動力漁船隻数,13110,八雲町,隻
25,370,無動力漁船隻数,13130,松前町,隻
103,370,無動力漁船隻数,13700,青森県,隻
77,370,無動力漁船隻数,13710,太平洋北区,隻
4,370,無動力漁船隻数,13730,佐井村,隻
2,370,無動力漁船隻数,13750,大間町,隻
-,370,無動力漁船隻数,13780,風間浦村,隻
6,370,無動力漁船隻数,13820,むつ市,隻
51,370,無動力漁船隻数,13850,東通村,隻
1,370,無動力漁船隻数,13930,六ヶ所村,隻
2,370,無動力漁船隻数,13970,三沢市,隻
6,370,無動力漁船隻数,13990,おいらせ町,隻
5,370,無動力漁船隻数,14010,八戸市,隻
-,370,無動力漁船隻数,14050,階上町,隻
26,370,無動力漁船隻数,14070,日本海北区,隻
1,370,無動力漁船隻数,14090,むつ市,隻
-,370,無動力漁船隻数,14130,横浜町,隻
-,370,無動力漁船隻数,14150,野辺地町,隻
9,370,無動力漁船隻数,14170,平内町,隻
2,370,無動力漁船隻数,14210,青森市,隻
-,370,無動力漁船隻数,14260,蓬田村,隻
3,370,無動力漁船隻数,14280,外ヶ浜町,隻
3,370,無動力漁船隻数,14330,今別町,隻
3,370,無動力漁船隻数,14360,中泊町,隻
1,370,無動力漁船隻数,14390,五所川原市,隻
-,370,無動力漁船隻数,14420,つがる市,隻
-,370,無動力漁船隻数,14450,鰺ヶ沢町,隻
4,370,無動力漁船隻数,14480,深浦町,隻
163,370,無動力漁船隻数,14740,岩手県,隻
1,370,無動力漁船隻数,14760,洋野町,隻
4,370,無動力漁船隻数,14850,久慈市,隻
13,370,無動力漁船隻数,14880,野田村,隻
9,370,無動力漁船隻数,14900,普代村,隻
1,370,無動力漁船隻数,14920,田野畑村,隻
2,370,無動力漁船隻数,14950,岩泉町,隻
39,370,無動力漁船隻数,14980,宮古市,隻
29,370,無動力漁船隻数,15020,山田町,隻
9,370,無動力漁船隻数,15090,大槌町,隻
9,370,無動力漁船隻数,15120,釜石市,隻
25,370,無動力漁船隻数,15190,大船渡市,隻
22,370,無動力漁船隻数,15270,陸前高田市,隻
122,370,無動力漁船隻数,15580,宮城県,隻
31,370,無動力漁船隻数,15600,気仙沼市,隻
2,370,無動力漁船隻数,15670,本吉町,隻
21,370,無動力漁船隻数,15700,南三陸町,隻
21,370,無動力漁船隻数,15740,石巻市,隻
7,370,無動力漁船隻数,15970,女川町,隻
19,370,無動力漁船隻数,16010,東松島市,隻
-,370,無動力漁船隻数,16060,松島町,隻
-,370,無動力漁船隻数,16080,利府町,隻
6,370,無動力漁船隻数,16100,塩竈市,隻
-,370,無動力漁船隻数,16140,多賀城市,隻
14,370,無動力漁船隻数,16160,七ヶ浜町,隻
1,370,無動力漁船隻数,16240,仙台市,隻
-,370,無動力漁船隻数,16260,名取市,隻
-,370,無動力漁船隻数,16280,岩沼市,隻
-,370,無動力漁船隻数,16300,亘理町,隻
-,370,無動力漁船隻数,16320,山元町,隻
18,370,無動力漁船隻数,16550,秋田県,隻
2,370,無動力漁船隻数,16570,八峰町,隻
2,370,無動力漁船隻数,16610,能代市,隻
-,370,無動力漁船隻数,16630,三種町,隻
10,370,無動力漁船隻数,16650,男鹿市,隻
2,370,無動力漁船隻数,16730,潟上市,隻
1,370,無動力漁船隻数,16750,秋田市,隻
1,370,無動力漁船隻数,16780,由利本荘市,隻
-,370,無動力漁船隻数,16820,にかほ市,隻
6,370,無動力漁船隻数,17040,山形県,隻
2,370,無動力漁船隻数,17060,遊佐町,隻
4,370,無動力漁船隻数,17080,酒田市,隻
-,370,無動力漁船隻数,17110,鶴岡市,隻
13,370,無動力漁船隻数,17500,福島県,隻
-,370,無動力漁船隻数,17520,新地町,隻
8,370,無動力漁船隻数,17540,相馬市,隻
-,370,無動力漁船隻数,17580,南相馬市,隻
2,370,無動力漁船隻数,17620,浪江町,隻
-,370,無動力漁船隻数,17640,双葉町,隻
x,370,無動力漁船隻数,17660,大熊町,隻
-,370,無動力漁船隻数,17680,富岡町,隻
x,370,無動力漁船隻数,17700,楢葉町,隻
-,370,無動力漁船隻数,17720,広野町,隻
3,370,無動力漁船隻数,17740,いわき市,隻
1,370,無動力漁船隻数,18350,茨城県,隻
-,370,無動力漁船隻数,18370,北茨城市,隻
x,370,無動力漁船隻数,18400,高萩市,隻
-,370,無動力漁船隻数,18420,日立市,隻
-,370,無動力漁船隻数,18480,東海村,隻
1,370,無動力漁船隻数,18500,ひたちなか市,隻
-,370,無動力漁船隻数,18540,大洗町,隻
x,370,無動力漁船隻数,18560,鉾田市,隻
-,370,無動力漁船隻数,18600,鹿嶋市,隻
-,370,無動力漁船隻数,18620,神栖市,隻
46,370,無動力漁船隻数,20460,千葉県,隻
-,370,無動力漁船隻数,20480,銚子市,隻
-,370,無動力漁船隻数,20500,旭市,隻
-,370,無動力漁船隻数,20530,匝瑳市,隻
-,370,無動力漁船隻数,20560,横芝光町,隻
-,370,無動力漁船隻数,20590,山武市,隻
x,370,無動力漁船隻数,20620,九十九里町,隻
-,370,無動力漁船隻数,20640,大網白里町,隻
-,370,無動力漁船隻数,20660,白子町,隻
x,370,無動力漁船隻数,20680,長生村,隻
x,370,無動力漁船隻数,20700,一宮町,隻
-,370,無動力漁船隻数,20720,いすみ市,隻
-,370,無動力漁船隻数,20750,御宿町,隻
2,370,無動力漁船隻数,20780,勝浦市,隻
2,370,無動力漁船隻数,20870,鴨川市,隻
8,370,無動力漁船隻数,20920,南房総市,隻
3,370,無動力漁船隻数,20990,館山市,隻
2,370,無動力漁船隻数,21050,鋸南町,隻
23,370,無動力漁船隻数,21080,富津市,隻
-,370,無動力漁船隻数,21130,君津市,隻
6,370,無動力漁船隻数,21150,木更津市,隻
x,370,無動力漁船隻数,21220,袖ヶ浦市,隻
-,370,無動力漁船隻数,21240,市原市,隻
-,370,無動力漁船隻数,21260,千葉市,隻
-,370,無動力漁船隻数,21280,習志野市,隻
-,370,無動力漁船隻数,21300,船橋市,隻
-,370,無動力漁船隻数,21320,市川市,隻
-,370,無動力漁船隻数,21350,浦安市,隻
6,370,無動力漁船隻数,21670,東京都,隻
1,370,無動力漁船隻数,21690,江戸川区,隻
2,370,無動力漁船隻数,21710,葛飾区,隻
-,370,無動力漁船隻数,21730,江東区,隻
-,370,無動力漁船隻数,21750,墨田区,隻
-,370,無動力漁船隻数,21770,中央区,隻
-,370,無動力漁船隻数,21790,台東区,隻
-,370,無動力漁船隻数,21810,港区,隻
-,370,無動力漁船隻数,21830,品川区,隻
3,370,無動力漁船隻数,21850,大田区,隻
-,370,無動力漁船隻数,21870,千代田区,隻
-,370,無動力漁船隻数,21890,大島町,隻
-,370,無動力漁船隻数,21950,利島村,隻
-,370,無動力漁船隻数,21970,新島村,隻
-,370,無動力漁船隻数,22010,神津島村,隻
-,370,無動力漁船隻数,22030,三宅村,隻
-,370,無動力漁船隻数,22090,御蔵島村,隻
-,370,無動力漁船隻数,22110,八丈町,隻
-,370,無動力漁船隻数,22160,青ヶ島村,隻
-,370,無動力漁船隻数,22180,小笠原村,隻
43,370,無動力漁船隻数,22650,神奈川県,隻
x,370,無動力漁船隻数,22670,川崎市,隻
-,370,無動力漁船隻数,22690,横浜市,隻
10,370,無動力漁船隻数,22750,横須賀市,隻
19,370,無動力漁船隻数,22840,三浦市,隻
1,370,無動力漁船隻数,22970,葉山町,隻
-,370,無動力漁船隻数,22990,逗子市,隻
-,370,無動力漁船隻数,23010,鎌倉市,隻
-,370,無動力漁船隻数,23040,藤沢市,隻
-,370,無動力漁船隻数,23070,茅ヶ崎市,隻
-,370,無動力漁船隻数,23090,平塚市,隻
3,370,無動力漁船隻数,23110,大磯町,隻
x,370,無動力漁船隻数,23130,二宮町,隻
2,370,無動力漁船隻数,23150,小田原市,隻
4,370,無動力漁船隻数,23180,真鶴町,隻
-,370,無動力漁船隻数,23210,湯河原町,隻
51,370,無動力漁船隻数,23420,新潟県,隻
-,370,無動力漁船隻数,23440,粟島浦村,隻
3,370,無動力漁船隻数,23460,村上市,隻
1,370,無動力漁船隻数,23510,胎内市,隻
-,370,無動力漁船隻数,23530,新発田市,隻
-,370,無動力漁船隻数,23550,聖籠町,隻
-,370,無動力漁船隻数,23570,新潟市,隻
1,370,無動力漁船隻数,23640,長岡市,隻
-,370,無動力漁船隻数,23660,出雲崎町,隻
1,370,無動力漁船隻数,23680,柏崎市,隻
-,370,無動力漁船隻数,23710,上越市,隻
4,370,無動力漁船隻数,23760,糸魚川市,隻
41,370,無動力漁船隻数,23840,佐渡市,隻
60,370,無動力漁船隻数,24320,富山県,隻
3,370,無動力漁船隻数,24340,朝日町,隻
-,370,無動力漁船隻数,24360,入善町,隻
3,370,無動力漁船隻数,24400,黒部市,隻
7,370,無動力漁船隻数,24430,魚津市,隻
-,370,無動力漁船隻数,24460,滑川市,隻
12,370,無動力漁船隻数,24480,富山市,隻
13,370,無動力漁船隻数,24520,射水市,隻
-,370,無動力漁船隻数,24550,高岡市,隻
22,370,無動力漁船隻数,24570,氷見市,隻
90,370,無動力漁船隻数,24700,石川県,隻
54,370,無動力漁船隻数,24720,七尾市,隻
2,370,無動力漁船隻数,24810,穴水町,隻
13,370,無動力漁船隻数,24850,能登町,隻
8,370,無動力漁船隻数,24900,珠洲市,隻
13,370,無動力漁船隻数,24960,輪島市,隻
-,370,無動力漁船隻数,24990,志賀町,隻
-,370,無動力漁船隻数,25040,羽咋市,隻
-,370,無動力漁船隻数,25070,宝達志水町,隻
-,370,無動力漁船隻数,25100,かほく市,隻
-,370,無動力漁船隻数,25140,内灘町,隻
-,370,無動力漁船隻数,25160,金沢市,隻
-,370,無動力漁船隻数,25180,白山市,隻
-,370,無動力漁船隻数,25210,能美市,隻
-,370,無動力漁船隻数,25230,小松市,隻
-,370,無動力漁船隻数,25250,加賀市,隻
32,370,無動力漁船隻数,25330,福井県,隻
-,370,無動力漁船隻数,25350,あわら市,隻
4,370,無動力漁船隻数,25370,坂井市,隻
1,370,無動力漁船隻数,25390,福井市,隻
8,370,無動力漁船隻数,25420,越前町,隻
-,370,無動力漁船隻数,25440,南越前町,隻
5,370,無動力漁船隻数,25460,敦賀市,隻
4,370,無動力漁船隻数,25480,美浜町,隻
-,370,無動力漁船隻数,25510,若狭町,隻
2,370,無動力漁船隻数,25530,小浜市,隻
1,370,無動力漁船隻数,25550,おおい町,隻
7,370,無動力漁船隻数,25570,高浜町,隻
49,370,無動力漁船隻数,27230,静岡県,隻
-,370,無動力漁船隻数,27250,熱海市,隻
6,370,無動力漁船隻数,27290,伊東市,隻
1,370,無動力漁船隻数,27340,東伊豆町,隻
-,370,無動力漁船隻数,27370,河津町,隻
-,370,無動力漁船隻数,27390,下田市,隻
1,370,無動力漁船隻数,27440,南伊豆町,隻
2,370,無動力漁船隻数,27490,松崎町,隻
1,370,無動力漁船隻数,27510,西伊豆町,隻
5,370,無動力漁船隻数,27550,伊豆市,隻
10,370,無動力漁船隻数,27570,沼津市,隻
-,370,無動力漁船隻数,27630,富士市,隻
1,370,無動力漁船隻数,27650,静岡市,隻
1,370,無動力漁船隻数,27690,由比町,隻
2,370,無動力漁船隻数,27710,焼津市,隻
x,370,無動力漁船隻数,27730,大井川町,隻
-,370,無動力漁船隻数,27750,吉田町,隻
-,370,無動力漁船隻数,27770,牧之原市,隻
-,370,無動力漁船隻数,27810,御前崎市,隻
-,370,無動力漁船隻数,27840,掛川市,隻
x,370,無動力漁船隻数,27870,袋井市,隻
-,370,無動力漁船隻数,27890,磐田市,隻
8,370,無動力漁船隻数,27930,浜松市,隻
-,370,無動力漁船隻数,28000,湖西市,隻
11,370,無動力漁船隻数,28020,新居町,隻
17,370,無動力漁船隻数,28220,愛知県,隻
-,370,無動力漁船隻数,28240,田原市,隻
x,370,無動力漁船隻数,28370,豊橋市,隻
-,370,無動力漁船隻数,28400,豊川市,隻
3,370,無動力漁船隻数,28420,蒲郡市,隻
2,370,無動力漁船隻数,28470,幡豆町,隻
-,370,無動力漁船隻数,28500,吉良町,隻
-,370,無動力漁船隻数,28530,一色町,隻
1,370,無動力漁船隻数,28590,西尾市,隻
-,370,無動力漁船隻数,28610,碧南市,隻
-,370,無動力漁船隻数,28630,高浜市,隻
x,370,無動力漁船隻数,28650,刈谷市,隻
-,370,無動力漁船隻数,28670,東浦町,隻
-,370,無動力漁船隻数,28690,半田市,隻
-,370,無動力漁船隻数,28710,武豊町,隻
5,370,無動力漁船隻数,28730,美浜町,隻
5,370,無動力漁船隻数,28760,南知多町,隻
-,370,無動力漁船隻数,28850,常滑市,隻
-,370,無動力漁船隻数,28900,知多市,隻
-,370,無動力漁船隻数,28920,東海市,隻
-,370,無動力漁船隻数,28940,名古屋市,隻
-,370,無動力漁船隻数,28970,飛島村,隻
-,370,無動力漁船隻数,28990,弥富市,隻
177,370,無動力漁船隻数,29410,三重県,隻
4,370,無動力漁船隻数,29430,木曽岬町,隻
6,370,無動力漁船隻数,29450,桑名市,隻
2,370,無動力漁船隻数,29500,川越町,隻
-,370,無動力漁船隻数,29520,四日市市,隻
1,370,無動力漁船隻数,29580,鈴鹿市,隻
1,370,無動力漁船隻数,29630,津市,隻
3,370,無動力漁船隻数,29700,松阪市,隻
1,370,無動力漁船隻数,29780,明和町,隻
2,370,無動力漁船隻数,29810,伊勢市,隻
16,370,無動力漁船隻数,29930,鳥羽市,隻
58,370,無動力漁船隻数,30100,志摩市,隻
41,370,無動力漁船隻数,30380,南伊勢町,隻
2,370,無動力漁船隻数,30560,大紀町,隻
21,370,無動力漁船隻数,30580,紀北町,隻
13,370,無動力漁船隻数,30680,尾鷲市,隻
6,370,無動力漁船隻数,30790,熊野市,隻
-,370,無動力漁船隻数,30860,御浜町,隻
-,370,無動力漁船隻数,30880,紀宝町,隻
30,370,無動力漁船隻数,31310,京都府,隻
4,370,無動力漁船隻数,31330,舞鶴市,隻
13,370,無動力漁船隻数,31410,宮津市,隻
-,370,無動力漁船隻数,31470,与謝野町,隻
6,370,無動力漁船隻数,31490,伊根町,隻
7,370,無動力漁船隻数,31560,京丹後市,隻
1,370,無動力漁船隻数,31890,大阪府,隻
1,370,無動力漁船隻数,31910,大阪市,隻
-,370,無動力漁船隻数,31980,堺市,隻
-,370,無動力漁船隻数,32010,高石市,隻
-,370,無動力漁船隻数,32030,泉大津市,隻
x,370,無動力漁船隻数,32050,忠岡町,隻
-,370,無動力漁船隻数,32070,岸和田市,隻
x,370,無動力漁船隻数,32100,貝塚市,隻
-,370,無動力漁船隻数,32120,泉佐野市,隻
-,370,無動力漁船隻数,32140,田尻町,隻
-,370,無動力漁船隻数,32160,泉南市,隻
-,370,無動力漁船隻数,32190,阪南市,隻
-,370,無動力漁船隻数,32230,岬町,隻
76,370,無動力漁船隻数,32600,兵庫県,隻
1,370,無動力漁船隻数,32610,日本海西区,隻
1,370,無動力漁船隻数,32630,豊岡市,隻
-,370,無動力漁船隻数,32660,香美町,隻
-,370,無動力漁船隻数,32690,新温泉町,隻
75,370,無動力漁船隻数,32730,瀬戸内海区,隻
-,370,無動力漁船隻数,32750,尼崎市,隻
-,370,無動力漁船隻数,32770,西宮市,隻
x,370,無動力漁船隻数,32790,芦屋市,隻
-,370,無動力漁船隻数,32810,神戸市,隻
19,370,無動力漁船隻数,32910,明石市,隻
x,370,無動力漁船隻数,32990,播磨町,隻
9,370,無動力漁船隻数,33010,加古川市,隻
-,370,無動力漁船隻数,33040,高砂市,隻
1,370,無動力漁船隻数,33090,姫路市,隻
2,370,無動力漁船隻数,33220,たつの市,隻
-,370,無動力漁船隻数,33260,相生市,隻
-,370,無動力漁船隻数,33280,赤穂市,隻
42,370,無動力漁船隻数,33320,淡路市,隻
1,370,無動力漁船隻数,33490,洲本市,隻
-,370,無動力漁船隻数,33550,南あわじ市,隻
63,370,無動力漁船隻数,34290,和歌山県,隻
55,370,無動力漁船隻数,34300,太平洋南区,隻
6,370,無動力漁船隻数,34320,美浜町,隻
1,370,無動力漁船隻数,34350,御坊市,隻
-,370,無動力漁船隻数,34370,印南町,隻
8,370,無動力漁船隻数,34390,みなべ町,隻
13,370,無動力漁船隻数,34410,田辺市,隻
1,370,無動力漁船隻数,34450,白浜町,隻
-,370,無動力漁船隻数,34490,すさみ町,隻
24,370,無動力漁船隻数,34510,串本町,隻
-,370,無動力漁船隻数,34600,那智勝浦町,隻
2,370,無動力漁船隻数,34650,太地町,隻
-,370,無動力漁船隻数,34670,新宮市,隻
8,370,無動力漁船隻数,34700,瀬戸内海区,隻
-,370,無動力漁船隻数,34720,和歌山市,隻
-,370,無動力漁船隻数,34810,海南市,隻
-,370,無動力漁船隻数,34870,有田市,隻
-,370,無動力漁船隻数,34920,湯浅町,隻
-,370,無動力漁船隻数,34960,広川町,隻
6,370,無動力漁船隻数,34980,由良町,隻
2,370,無動力漁船隻数,35040,日高町,隻
8,370,無動力漁船隻数,35190,鳥取県,隻
-,370,無動力漁船隻数,35210,岩美町,隻
-,370,無動力漁船隻数,35260,鳥取市,隻
1,370,無動力漁船隻数,35330,湯梨浜町,隻
1,370,無動力漁船隻数,35360,北栄町,隻
2,370,無動力漁船隻数,35390,琴浦町,隻
-,370,無動力漁船隻数,35420,大山町,隻
4,370,無動力漁船隻数,35460,米子市,隻
-,370,無動力漁船隻数,35490,日吉津村,隻
-,370,無動力漁船隻数,35510,境港市,隻
29,370,無動力漁船隻数,35650,島根県,隻
1,370,無動力漁船隻数,35670,安来市,隻
-,370,無動力漁船隻数,35700,東出雲町,隻
12,370,無動力漁船隻数,35720,松江市,隻
1,370,無動力漁船隻数,35870,出雲市,隻
-,370,無動力漁船隻数,35960,大田市,隻
-,370,無動力漁船隻数,36070,江津市,隻
3,370,無動力漁船隻数,36100,浜田市,隻
3,370,無動力漁船隻数,36170,益田市,隻
5,370,無動力漁船隻数,36200,隠岐の島町,隻
3,370,無動力漁船隻数,36290,海士町,隻
1,370,無動力漁船隻数,36340,西ノ島町,隻
-,370,無動力漁船隻数,36370,知夫村,隻
36,370,無動力漁船隻数,36490,岡山県,隻
8,370,無動力漁船隻数,36510,備前市,隻
6,370,無動力漁船隻数,36560,瀬戸内市,隻
3,370,無動力漁船隻数,36590,岡山市,隻
-,370,無動力漁船隻数,36650,玉野市,隻
19,370,無動力漁船隻数,36690,倉敷市,隻
-,370,無動力漁船隻数,36770,浅口市,隻
-,370,無動力漁船隻数,36790,笠岡市,隻
20,370,無動力漁船隻数,37070,広島県,隻
6,370,無動力漁船隻数,37090,福山市,隻
2,370,無動力漁船隻数,37190,尾道市,隻
-,370,無動力漁船隻数,37290,三原市,隻
-,370,無動力漁船隻数,37330,竹原市,隻
-,370,無動力漁船隻数,37370,東広島市,隻
-,370,無動力漁船隻数,37400,大崎上島町,隻
4,370,無動力漁船隻数,37440,呉市,隻
-,370,無動力漁船隻数,37600,江田島市,隻
1,370,無動力漁船隻数,37720,坂町,隻
-,370,無動力漁船隻数,37740,海田町,隻
4,370,無動力漁船隻数,37760,広島市,隻
3,370,無動力漁船隻数,37830,廿日市市,隻
-,370,無動力漁船隻数,37870,大竹市,隻
55,370,無動力漁船隻数,38010,山口県,隻
23,370,無動力漁船隻数,38020,東シナ海区,隻
14,370,無動力漁船隻数,38040,萩市,隻
2,370,無動力漁船隻数,38200,阿武町,隻
1,370,無動力漁船隻数,38240,長門市,隻
6,370,無動力漁船隻数,38400,下関市,隻
32,370,無動力漁船隻数,38630,瀬戸内海区,隻
7,370,無動力漁船隻数,38650,周防大島町,隻
-,370,無動力漁船隻数,38730,和木町,隻
3,370,無動力漁船隻数,38750,岩国市,隻
1,370,無動力漁船隻数,38820,柳井市,隻
7,370,無動力漁船隻数,38890,上関町,隻
5,370,無動力漁船隻数,38940,平生町,隻
2,370,無動力漁船隻数,38960,田布施町,隻
-,370,無動力漁船隻数,38990,光市,隻
-,370,無動力漁船隻数,39020,下松市,隻
1,370,無動力漁船隻数,39040,周南市,隻
4,370,無動力漁船隻数,39120,防府市,隻
-,370,無動力漁船隻数,39230,山口市,隻
-,370,無動力漁船隻数,39310,宇部市,隻
2,370,無動力漁船隻数,39380,山陽小野田市,隻
-,370,無動力漁船隻数,39430,下関市,隻
45,370,無動力漁船隻数,39530,徳島県,隻
27,370,無動力漁船隻数,39540,太平洋南区,隻
3,370,無動力漁船隻数,39560,美波町,隻
2,370,無動力漁船隻数,39640,牟岐町,隻
22,370,無動力漁船隻数,39660,海陽町,隻
18,370,無動力漁船隻数,39700,瀬戸内海区,隻
8,370,無動力漁船隻数,39720,鳴門市,隻
2,370,無動力漁船隻数,39800,松茂町,隻
3,370,無動力漁船隻数,39820,徳島市,隻
-,370,無動力漁船隻数,39860,小松島市,隻
5,370,無動力漁船隻数,39890,阿南市,隻
50,370,無動力漁船隻数,40150,香川県,隻
-,370,無動力漁船隻数,40170,東かがわ市,隻
-,370,無動力漁船隻数,40210,さぬき市,隻
1,370,無動力漁船隻数,40270,小豆島町,隻
1,370,無動力漁船隻数,40300,土庄町,隻
42,370,無動力漁船隻数,40380,高松市,隻
4,370,無動力漁船隻数,40480,直島町,隻
1,370,無動力漁船隻数,40500,坂出市,隻
-,370,無動力漁船隻数,40550,宇多津町,隻
-,370,無動力漁船隻数,40570,丸亀市,隻
-,370,無動力漁船隻数,40620,多度津町,隻
1,370,無動力漁船隻数,40670,三豊市,隻
-,370,無動力漁船隻数,40760,観音寺市,隻
95,370,無動力漁船隻数,40880,愛媛県,隻
29,370,無動力漁船隻数,40890,太平洋南区,隻
1,370,無動力漁船隻数,40910,八幡浜市,隻
3,370,無動力漁船隻数,40940,西予市,隻
16,370,無動力漁船隻数,40970,宇和島市,隻
9,370,無動力漁船隻数,41090,愛南町,隻
66,370,無動力漁船隻数,41180,瀬戸内海区,隻
-,370,無動力漁船隻数,41200,四国中央市,隻
-,370,無動力漁船隻数,41250,新居浜市,隻
32,370,無動力漁船隻数,41310,西条市,隻
-,370,無動力漁船隻数,41390,上島町,隻
8,370,無動力漁船隻数,41440,今治市,隻
15,370,無動力漁船隻数,41600,松山市,隻
-,370,無動力漁船隻数,41780,松前町,隻
-,370,無動力漁船隻数,41800,伊予市,隻
-,370,無動力漁船隻数,41840,大洲市,隻
3,370,無動力漁船隻数,41870,八幡浜市,隻
8,370,無動力漁船隻数,41900,伊方町,隻
56,370,無動力漁船隻数,42060,高知県,隻
1,370,無動力漁船隻数,42080,東洋町,隻
3,370,無動力漁船隻数,42110,室戸市,隻
3,370,無動力漁船隻数,42200,奈半利町,隻
-,370,無動力漁船隻数,42230,田野町,隻
1,370,無動力漁船隻数,42250,安田町,隻
-,370,無動力漁船隻数,42270,安芸市,隻
-,370,無動力漁船隻数,42330,芸西村,隻
1,370,無動力漁船隻数,42350,香南市,隻
-,370,無動力漁船隻数,42400,南国市,隻
1,370,無動力漁船隻数,42450,高知市,隻
1,370,無動力漁船隻数,42500,土佐市,隻
25,370,無動力漁船隻数,42540,須崎市,隻
-,370,無動力漁船隻数,42610,中土佐町,隻
-,370,無動力漁船隻数,42650,四万十町,隻
3,370,無動力漁船隻数,42680,黒潮町,隻
4,370,無動力漁船隻数,42740,四万十市,隻
5,370,無動力漁船隻数,42760,土佐清水市,隻
6,370,無動力漁船隻数,42850,大月町,隻
2,370,無動力漁船隻数,42980,宿毛市,隻
595,370,無動力漁船隻数,43240,福岡県,隻
563,370,無動力漁船隻数,43250,東シナ海区,隻
-,370,無動力漁船隻数,43270,北九州市,隻
-,370,無動力漁船隻数,43410,芦屋町,隻
-,370,無動力漁船隻数,43440,岡垣町,隻
-,370,無動力漁船隻数,43460,宗像市,隻
-,370,無動力漁船隻数,43510,福津市,隻
-,370,無動力漁船隻数,43540,古賀市,隻
-,370,無動力漁船隻数,43560,新宮町,隻
1,370,無動力漁船隻数,43590,福岡市,隻
-,370,無動力漁船隻数,43770,志摩町,隻
-,370,無動力漁船隻数,43830,前原市,隻
2,370,無動力漁船隻数,43850,二丈町,隻
-,370,無動力漁船隻数,43880,久留米市,隻
207,370,無動力漁船隻数,43920,大川市,隻
295,370,無動力漁船隻数,43980,柳川市,隻
17,370,無動力漁船隻数,44080,みやま市,隻
41,370,無動力漁船隻数,44110,大牟田市,隻
32,370,無動力漁船隻数,44140,瀬戸内海区,隻
9,370,無動力漁船隻数,44160,北九州市,隻
1,370,無動力漁船隻数,44230,苅田町,隻
10,370,無動力漁船隻数,44250,行橋市,隻
8,370,無動力漁船隻数,44300,築上町,隻
4,370,無動力漁船隻数,44330,豊前市,隻
-,370,無動力漁船隻数,44370,吉富町,隻
2066,370,無動力漁船隻数,44850,佐賀県,隻
15,370,無動力漁船隻数,44870,唐津市,隻
8,370,無動力漁船隻数,45120,玄海町,隻
-,370,無動力漁船隻数,45150,伊万里市,隻
x,370,無動力漁船隻数,45170,神埼市,隻
1512,370,無動力漁船隻数,45190,佐賀市,隻
217,370,無動力漁船隻数,45280,小城市,隻
-,370,無動力漁船隻数,45300,江北町,隻
51,370,無動力漁船隻数,45320,白石町,隻
x,370,無動力漁船隻数,45360,嬉野市,隻
231,370,無動力漁船隻数,45380,鹿島市,隻
17,370,無動力漁船隻数,45430,太良町,隻
177,370,無動力漁船隻数,45570,長崎県,隻
25,370,無動力漁船隻数,45590,対馬市,隻
5,370,無動力漁船隻数,45890,壱岐市,隻
12,370,無動力漁船隻数,45950,松浦市,隻
20,370,無動力漁船隻数,46000,平戸市,隻
2,370,無動力漁船隻数,46140,鹿町町,隻
7,370,無動力漁船隻数,46160,佐世保市,隻
1,370,無動力漁船隻数,46240,小値賀町,隻
-,370,無動力漁船隻数,46260,川棚町,隻
-,370,無動力漁船隻数,46280,東彼杵町,隻
1,370,無動力漁船隻数,46300,大村市,隻
8,370,無動力漁船隻数,46340,諫早市,隻
-,370,無動力漁船隻数,46450,長与町,隻
-,370,無動力漁船隻数,46470,時津町,隻
8,370,無動力漁船隻数,46490,長崎市,隻
30,370,無動力漁船隻数,46680,西海市,隻
2,370,無動力漁船隻数,46750,雲仙市,隻
1,370,無動力漁船隻数,46850,南島原市,隻
9,370,無動力漁船隻数,46930,島原市,隻
22,370,無動力漁船隻数,46970,新上五島町,隻
24,370,無動力漁船隻数,47140,五島市,隻
433,370,無動力漁船隻数,47350,熊本県,隻
19,370,無動力漁船隻数,47370,荒尾市,隻
-,370,無動力漁船隻数,47400,長洲町,隻
45,370,無動力漁船隻数,47420,玉名市,隻
214,370,無動力漁船隻数,47490,熊本市,隻
11,370,無動力漁船隻数,47590,宇土市,隻
36,370,無動力漁船隻数,47630,宇城市,隻
-,370,無動力漁船隻数,47720,氷川町,隻
9,370,無動力漁船隻数,47740,八代市,隻
3,370,無動力漁船隻数,47820,芦北町,隻
-,370,無動力漁船隻数,47850,津奈木町,隻
5,370,無動力漁船隻数,47870,水俣市,隻
38,370,無動力漁船隻数,47890,上天草市,隻
50,370,無動力漁船隻数,48010,天草市,隻
3,370,無動力漁船隻数,48250,苓北町,隻
74,370,無動力漁船隻数,48650,大分県,隻
19,370,無動力漁船隻数,48660,太平洋南区,隻
-,370,無動力漁船隻数,48680,大分市,隻
1,370,無動力漁船隻数,48700,臼杵市,隻
8,370,無動力漁船隻数,48720,津久見市,隻
10,370,無動力漁船隻数,48750,佐伯市,隻
55,370,無動力漁船隻数,48860,瀬戸内海区,隻
18,370,無動力漁船隻数,48880,中津市,隻
14,370,無動力漁船隻数,48900,宇佐市,隻
13,370,無動力漁船隻数,48950,豊後高田市,隻
1,370,無動力漁船隻数,48990,国東市,隻
-,370,無動力漁船隻数,49050,姫島村,隻
6,370,無動力漁船隻数,49070,杵築市,隻
-,370,無動力漁船隻数,49090,日出町,隻
1,370,無動力漁船隻数,49120,別府市,隻
2,370,無動力漁船隻数,49140,大分市,隻
10,370,無動力漁船隻数,49240,宮崎県,隻
5,370,無動力漁船隻数,49260,延岡市,隻
-,370,無動力漁船隻数,49320,門川町,隻
4,370,無動力漁船隻数,49350,日向市,隻
-,370,無動力漁船隻数,49380,都農町,隻
-,370,無動力漁船隻数,49400,川南町,隻
-,370,無動力漁船隻数,49420,高鍋町,隻
-,370,無動力漁船隻数,49440,新富町,隻
-,370,無動力漁船隻数,49460,宮崎市,隻
-,370,無動力漁船隻数,49510,日南市,隻
1,370,無動力漁船隻数,49550,南郷町,隻
-,370,無動力漁船隻数,49590,串間市,隻
106,370,無動力漁船隻数,49840,鹿児島県,隻
-,370,無動力漁船隻数,49860,出水市,隻
13,370,無動力漁船隻数,49890,長島町,隻
3,370,無動力漁船隻数,49920,阿久根市,隻
10,370,無動力漁船隻数,49960,薩摩川内市,隻
-,370,無動力漁船隻数,50040,いちき串木野市,隻
3,370,無動力漁船隻数,50090,日置市,隻
13,370,無動力漁船隻数,50140,南さつま市,隻
1,370,無動力漁船隻数,50230,枕崎市,隻
-,370,無動力漁船隻数,50250,南九州市,隻
1,370,無動力漁船隻数,50280,指宿市,隻
3,370,無動力漁船隻数,50330,鹿児島市,隻
-,370,無動力漁船隻数,50390,姶良町,隻
1,370,無動力漁船隻数,50410,加治木町,隻
1,370,無動力漁船隻数,50430,霧島市,隻
1,370,無動力漁船隻数,50470,垂水市,隻
-,370,無動力漁船隻数,50500,鹿屋市,隻
-,370,無動力漁船隻数,50520,錦江町,隻
4,370,無動力漁船隻数,50540,南大隅町,隻
20,370,無動力漁船隻数,50580,肝付町,隻
3,370,無動力漁船隻数,50630,東串良町,隻
-,370,無動力漁船隻数,50650,大崎町,隻
-,370,無動力漁船隻数,50670,志布志市,隻
-,370,無動力漁船隻数,50700,三島村,隻
-,370,無動力漁船隻数,50720,十島村,隻
-,370,無動力漁船隻数,50740,西之表市,隻
-,370,無動力漁船隻数,50760,中種子町,隻
-,370,無動力漁船隻数,50780,南種子町,隻
-,370,無動力漁船隻数,50800,屋久島町,隻
1,370,無動力漁船隻数,50830,奄美市,隻
3,370,無動力漁船隻数,50870,龍郷町,隻
3,370,無動力漁船隻数,50890,大和村,隻
1,370,無動力漁船隻数,50910,宇検村,隻
15,370,無動力漁船隻数,50930,瀬戸内町,隻
1,370,無動力漁船隻数,50950,喜界町,隻
1,370,無動力漁船隻数,50970,徳之島町,隻
-,370,無動力漁船隻数,50990,天城町,隻
-,370,無動力漁船隻数,51010,伊仙町,隻
1,370,無動力漁船隻数,51030,和泊町,隻
-,370,無動力漁船隻数,51050,知名町,隻
3,370,無動力漁船隻数,51070,与論町,隻
25,370,無動力漁船隻数,51170,沖縄県,隻
1,370,無動力漁船隻数,51190,国頭村,隻
-,370,無動力漁船隻数,51210,大宜味村,隻
-,370,無動力漁船隻数,51230,東村,隻
5,370,無動力漁船隻数,51250,名護市,隻
1,370,無動力漁船隻数,51270,今帰仁村,隻
-,370,無動力漁船隻数,51290,本部町,隻
1,370,無動力漁船隻数,51310,恩納村,隻
-,370,無動力漁船隻数,51330,宜野座村,隻
2,370,無動力漁船隻数,51350,金武町,隻
1,370,無動力漁船隻数,51370,伊江村,隻
-,370,無動力漁船隻数,51390,伊是名村,隻
-,370,無動力漁船隻数,51410,伊平屋村,隻
-,370,無動力漁船隻数,51430,うるま市,隻
-,370,無動力漁船隻数,51480,沖縄市,隻
-,370,無動力漁船隻数,51500,読谷村,隻
-,370,無動力漁船隻数,51520,嘉手納町,隻
-,370,無動力漁船隻数,51540,北谷町,隻
1,370,無動力漁船隻数,51560,北中城村,隻
1,370,無動力漁船隻数,51580,中城村,隻
-,370,無動力漁船隻数,51600,西原町,隻
-,370,無動力漁船隻数,51620,宜野湾市,隻
2,370,無動力漁船隻数,51640,浦添市,隻
4,370,無動力漁船隻数,51660,那覇市,隻
-,370,無動力漁船隻数,51680,豊見城市,隻
-,370,無動力漁船隻数,51700,糸満市,隻
-,370,無動力漁船隻数,51720,八重瀬町,隻
-,370,無動力漁船隻数,51740,南城市,隻
-,370,無動力漁船隻数,51780,与那原町,隻
2,370,無動力漁船隻数,51800,久米島町,隻
-,370,無動力漁船隻数,51820,座間味村,隻
-,370,無動力漁船隻数,51840,渡嘉敷村,隻
-,370,無動力漁船隻数,51860,渡名喜村,隻
-,370,無動力漁船隻数,51880,粟国村,隻
-,370,無動力漁船隻数,51900,南大東村,隻
-,370,無動力漁船隻数,51920,北大東村,隻
3,370,無動力漁船隻数,51940,宮古島市,隻
-,370,無動力漁船隻数,52000,多良間村,隻
-,370,無動力漁船隻数,52020,石垣市,隻
1,370,無動力漁船隻数,52040,竹富町,隻
-,370,無動力漁船隻数,52060,与那国町,隻
81076,380,船外機付漁船隻数,10010,全国,隻
16727,380,船外機付漁船隻数,10020,北海道,隻
10017,380,船外機付漁船隻数,10060,北海道太平洋北区,隻
2560,380,船外機付漁船隻数,10070,根室支庁,隻
657,380,船外機付漁船隻数,10090,羅臼町,隻
74,380,船外機付漁船隻数,10110,標津町,隻
630,380,船外機付漁船隻数,10130,別海町,隻
1199,380,船外機付漁船隻数,10160,根室市,隻
1896,380,船外機付漁船隻数,10240,釧路支庁,隻
705,380,船外機付漁船隻数,10260,浜中町,隻
727,380,船外機付漁船隻数,10290,厚岸町,隻
248,380,船外機付漁船隻数,10310,釧路町,隻
163,380,船外機付漁船隻数,10330,釧路市,隻
53,380,船外機付漁船隻数,10370,白糠町,隻
171,380,船外機付漁船隻数,10430,十勝支庁,隻
10,380,船外機付漁船隻数,10450,浦幌町,隻
12,380,船外機付漁船隻数,10470,豊頃町,隻
8,380,船外機付漁船隻数,10490,大樹町,隻
141,380,船外機付漁船隻数,10510,広尾町,隻
1438,380,船外機付漁船隻数,10690,日高支庁,隻
749,380,船外機付漁船隻数,10710,えりも町,隻
233,380,船外機付漁船隻数,10740,様似町,隻
179,380,船外機付漁船隻数,10770,浦河町,隻
214,380,船外機付漁船隻数,10800,新ひだか町,隻
30,380,船外機付漁船隻数,10830,新冠町,隻
33,380,船外機付漁船隻数,10850,日高町,隻
431,380,船外機付漁船隻数,10890,胆振支庁,隻
20,380,船外機付漁船隻数,10910,むかわ町,隻
1,380,船外機付漁船隻数,10930,厚真町,隻
-,380,船外機付漁船隻数,10950,苫小牧市,隻
61,380,船外機付漁船隻数,10970,白老町,隻
24,380,船外機付漁船隻数,11000,登別市,隻
115,380,船外機付漁船隻数,11020,室蘭市,隻
123,380,船外機付漁船隻数,11040,伊達市,隻
27,380,船外機付漁船隻数,11070,洞爺湖町,隻
60,380,船外機付漁船隻数,11090,豊浦町,隻
3521,380,船外機付漁船隻数,11140,渡島支庁,隻
21,380,船外機付漁船隻数,11160,長万部町,隻
222,380,船外機付漁船隻数,11180,八雲町,隻
159,380,船外機付漁船隻数,11210,森町,隻
231,380,船外機付漁船隻数,11240,鹿部町,隻
2258,380,船外機付漁船隻数,11260,函館市,隻
232,380,船外機付漁船隻数,11460,北斗市,隻
48,380,船外機付漁船隻数,11510,木古内町,隻
66,380,船外機付漁船隻数,11530,知内町,隻
284,380,船外機付漁船隻数,11550,福島町,隻
6710,380,船外機付漁船隻数,11630,北海道日本海北区,隻
2845,380,船外機付漁船隻数,11640,宗谷支庁,隻
338,380,船外機付漁船隻数,11660,枝幸町,隻
23,380,船外機付漁船隻数,11680,浜頓別町,隻
37,380,船外機付漁船隻数,11700,猿払村,隻
985,380,船外機付漁船隻数,11720,稚内市,隻
10,380,船外機付漁船隻数,11750,豊富町,隻
382,380,船外機付漁船隻数,11770,利尻町,隻
459,380,船外機付漁船隻数,11800,利尻富士町,隻
611,380,船外機付漁船隻数,11830,礼文町,隻
931,380,船外機付漁船隻数,11880,網走支庁,隻
82,380,船外機付漁船隻数,11900,斜里町,隻
-,380,船外機付漁船隻数,11920,小清水町,隻
113,380,船外機付漁船隻数,11940,網走市,隻
82,380,船外機付漁船隻数,11960,北見市,隻
75,380,船外機付漁船隻数,11980,佐呂間町,隻
164,380,船外機付漁船隻数,12000,湧別町,隻
52,380,船外機付漁船隻数,12020,紋別市,隻
74,380,船外機付漁船隻数,12040,興部町,隻
289,380,船外機付漁船隻数,12060,雄武町,隻
403,380,船外機付漁船隻数,12190,留萌支庁,隻
-,380,船外機付漁船隻数,12210,幌延町,隻
25,380,船外機付漁船隻数,12230,天塩町,隻
4,380,船外機付漁船隻数,12250,遠別町,隻
7,380,船外機付漁船隻数,12270,初山別村,隻
149,380,船外機付漁船隻数,12290,羽幌町,隻
47,380,船外機付漁船隻数,12330,苫前町,隻
29,380,船外機付漁船隻数,12350,小平町,隻
7,380,船外機付漁船隻数,12370,留萌市,隻
135,380,船外機付漁船隻数,12390,増毛町,隻
241,380,船外機付漁船隻数,12410,石狩支庁,隻
241,380,船外機付漁船隻数,12430,石狩市,隻
1002,380,船外機付漁船隻数,12550,後志支庁,隻
237,380,船外機付漁船隻数,12570,小樽市,隻
97,380,船外機付漁船隻数,12590,余市町,隻
52,380,船外機付漁船隻数,12610,古平町,隻
251,380,船外機付漁船隻数,12630,積丹町,隻
75,380,船外機付漁船隻数,12660,神恵内村,隻
49,380,船外機付漁船隻数,12680,泊村,隻
-,380,船外機付漁船隻数,12710,共和町,隻
20,380,船外機付漁船隻数,12730,岩内町,隻
12,380,船外機付漁船隻数,12750,蘭越町,隻
119,380,船外機付漁船隻数,12770,寿都町,隻
90,380,船外機付漁船隻数,12790,島牧村,隻
840,380,船外機付漁船隻数,12920,檜山支庁,隻
319,380,船外機付漁船隻数,12940,せたな町,隻
125,380,船外機付漁船隻数,12990,乙部町,隻
231,380,船外機付漁船隻数,13010,奥尻町,隻
64,380,船外機付漁船隻数,13030,江差町,隻
101,380,船外機付漁船隻数,13050,上ノ国町,隻
448,380,船外機付漁船隻数,13100,渡島支庁,隻
35,380,船外機付漁船隻数,13110,八雲町,隻
413,380,船外機付漁船隻数,13130,松前町,隻
3102,380,船外機付漁船隻数,13700,青森県,隻
1584,380,船外機付漁船隻数,13710,太平洋北区,隻
343,380,船外機付漁船隻数,13730,佐井村,隻
298,380,船外機付漁船隻数,13750,大間町,隻
311,380,船外機付漁船隻数,13780,風間浦村,隻
161,380,船外機付漁船隻数,13820,むつ市,隻
339,380,船外機付漁船隻数,13850,東通村,隻
4,380,船外機付漁船隻数,13930,六ヶ所村,隻
4,380,船外機付漁船隻数,13970,三沢市,隻
6,380,船外機付漁船隻数,13990,おいらせ町,隻
83,380,船外機付漁船隻数,14010,八戸市,隻
35,380,船外機付漁船隻数,14050,階上町,隻
1518,380,船外機付漁船隻数,14070,日本海北区,隻
98,380,船外機付漁船隻数,14090,むつ市,隻
30,380,船外機付漁船隻数,14130,横浜町,隻
14,380,船外機付漁船隻数,14150,野辺地町,隻
306,380,船外機付漁船隻数,14170,平内町,隻
64,380,船外機付漁船隻数,14210,青森市,隻
22,380,船外機付漁船隻数,14260,蓬田村,隻
221,380,船外機付漁船隻数,14280,外ヶ浜町,隻
166,380,船外機付漁船隻数,14330,今別町,隻
111,380,船外機付漁船隻数,14360,中泊町,隻
15,380,船外機付漁船隻数,14390,五所川原市,隻
34,380,船外機付漁船隻数,14420,つがる市,隻
37,380,船外機付漁船隻数,14450,鰺ヶ沢町,隻
400,380,船外機付漁船隻数,14480,深浦町,隻
6663,380,船外機付漁船隻数,14740,岩手県,隻
243,380,船外機付漁船隻数,14760,洋野町,隻
127,380,船外機付漁船隻数,14850,久慈市,隻
134,380,船外機付漁船隻数,14880,野田村,隻
272,380,船外機付漁船隻数,14900,普代村,隻
224,380,船外機付漁船隻数,14920,田野畑村,隻
189,380,船外機付漁船隻数,14950,岩泉町,隻
1744,380,船外機付漁船隻数,14980,宮古市,隻
681,380,船外機付漁船隻数,15020,山田町,隻
296,380,船外機付漁船隻数,15090,大槌町,隻
1101,380,船外機付漁船隻数,15120,釜石市,隻
1071,380,船外機付漁船隻数,15190,大船渡市,隻
581,380,船外機付漁船隻数,15270,陸前高田市,隻
5822,380,船外機付漁船隻数,15580,宮城県,隻
986,380,船外機付漁船隻数,15600,気仙沼市,隻
166,380,船外機付漁船隻数,15670,本吉町,隻
916,380,船外機付漁船隻数,15700,南三陸町,隻
1721,380,船外機付漁船隻数,15740,石巻市,隻
538,380,船外機付漁船隻数,15970,女川町,隻
638,380,船外機付漁船隻数,16010,東松島市,隻
148,380,船外機付漁船隻数,16060,松島町,隻
47,380,船外機付漁船隻数,16080,利府町,隻
275,380,船外機付漁船隻数,16100,塩竈市,隻
11,380,船外機付漁船隻数,16140,多賀城市,隻
332,380,船外機付漁船隻数,16160,七ヶ浜町,隻
10,380,船外機付漁船隻数,16240,仙台市,隻
1,380,船外機付漁船隻数,16260,名取市,隻
-,380,船外機付漁船隻数,16280,岩沼市,隻
31,380,船外機付漁船隻数,16300,亘理町,隻
2,380,船外機付漁船隻数,16320,山元町,隻
773,380,船外機付漁船隻数,16550,秋田県,隻
60,380,船外機付漁船隻数,16570,八峰町,隻
44,380,船外機付漁船隻数,16610,能代市,隻
31,380,船外機付漁船隻数,16630,三種町,隻
440,380,船外機付漁船隻数,16650,男鹿市,隻
4,380,船外機付漁船隻数,16730,潟上市,隻
35,380,船外機付漁船隻数,16750,秋田市,隻
43,380,船外機付漁船隻数,16780,由利本荘市,隻
116,380,船外機付漁船隻数,16820,にかほ市,隻
290,380,船外機付漁船隻数,17040,山形県,隻
22,380,船外機付漁船隻数,17060,遊佐町,隻
46,380,船外機付漁船隻数,17080,酒田市,隻
222,380,船外機付漁船隻数,17110,鶴岡市,隻
237,380,船外機付漁船隻数,17500,福島県,隻
-,380,船外機付漁船隻数,17520,新地町,隻
139,380,船外機付漁船隻数,17540,相馬市,隻
2,380,船外機付漁船隻数,17580,南相馬市,隻
-,380,船外機付漁船隻数,17620,浪江町,隻
-,380,船外機付漁船隻数,17640,双葉町,隻
x,380,船外機付漁船隻数,17660,大熊町,隻
-,380,船外機付漁船隻数,17680,富岡町,隻
x,380,船外機付漁船隻数,17700,楢葉町,隻
-,380,船外機付漁船隻数,17720,広野町,隻
96,380,船外機付漁船隻数,17740,いわき市,隻
102,380,船外機付漁船隻数,18350,茨城県,隻
18,380,船外機付漁船隻数,18370,北茨城市,隻
x,380,船外機付漁船隻数,18400,高萩市,隻
48,380,船外機付漁船隻数,18420,日立市,隻
-,380,船外機付漁船隻数,18480,東海村,隻
12,380,船外機付漁船隻数,18500,ひたちなか市,隻
19,380,船外機付漁船隻数,18540,大洗町,隻
x,380,船外機付漁船隻数,18560,鉾田市,隻
-,380,船外機付漁船隻数,18600,鹿嶋市,隻
3,380,船外機付漁船隻数,18620,神栖市,隻
3257,380,船外機付漁船隻数,20460,千葉県,隻
22,380,船外機付漁船隻数,20480,銚子市,隻
3,380,船外機付漁船隻数,20500,旭市,隻
3,380,船外機付漁船隻数,20530,匝瑳市,隻
-,380,船外機付漁船隻数,20560,横芝光町,隻
-,380,船外機付漁船隻数,20590,山武市,隻
x,380,船外機付漁船隻数,20620,九十九里町,隻
-,380,船外機付漁船隻数,20640,大網白里町,隻
-,380,船外機付漁船隻数,20660,白子町,隻
x,380,船外機付漁船隻数,20680,長生村,隻
x,380,船外機付漁船隻数,20700,一宮町,隻
23,380,船外機付漁船隻数,20720,いすみ市,隻
48,380,船外機付漁船隻数,20750,御宿町,隻
331,380,船外機付漁船隻数,20780,勝浦市,隻
254,380,船外機付漁船隻数,20870,鴨川市,隻
341,380,船外機付漁船隻数,20920,南房総市,隻
95,380,船外機付漁船隻数,20990,館山市,隻
85,380,船外機付漁船隻数,21050,鋸南町,隻
961,380,船外機付漁船隻数,21080,富津市,隻
-,380,船外機付漁船隻数,21130,君津市,隻
930,380,船外機付漁船隻数,21150,木更津市,隻
x,380,船外機付漁船隻数,21220,袖ヶ浦市,隻
-,380,船外機付漁船隻数,21240,市原市,隻
-,380,船外機付漁船隻数,21260,千葉市,隻
11,380,船外機付漁船隻数,21280,習志野市,隻
51,380,船外機付漁船隻数,21300,船橋市,隻
94,380,船外機付漁船隻数,21320,市川市,隻
2,380,船外機付漁船隻数,21350,浦安市,隻
170,380,船外機付漁船隻数,21670,東京都,隻
15,380,船外機付漁船隻数,21690,江戸川区,隻
7,380,船外機付漁船隻数,21710,葛飾区,隻
-,380,船外機付漁船隻数,21730,江東区,隻
-,380,船外機付漁船隻数,21750,墨田区,隻
25,380,船外機付漁船隻数,21770,中央区,隻
2,380,船外機付漁船隻数,21790,台東区,隻
4,380,船外機付漁船隻数,21810,港区,隻
-,380,船外機付漁船隻数,21830,品川区,隻
5,380,船外機付漁船隻数,21850,大田区,隻
-,380,船外機付漁船隻数,21870,千代田区,隻
68,380,船外機付漁船隻数,21890,大島町,隻
-,380,船外機付漁船隻数,21950,利島村,隻
14,380,船外機付漁船隻数,21970,新島村,隻
5,380,船外機付漁船隻数,22010,神津島村,隻
14,380,船外機付漁船隻数,22030,三宅村,隻
-,380,船外機付漁船隻数,22090,御蔵島村,隻
10,380,船外機付漁船隻数,22110,八丈町,隻
-,380,船外機付漁船隻数,22160,青ヶ島村,隻
1,380,船外機付漁船隻数,22180,小笠原村,隻
1148,380,船外機付漁船隻数,22650,神奈川県,隻
x,380,船外機付漁船隻数,22670,川崎市,隻
67,380,船外機付漁船隻数,22690,横浜市,隻
518,380,船外機付漁船隻数,22750,横須賀市,隻
373,380,船外機付漁船隻数,22840,三浦市,隻
52,380,船外機付漁船隻数,22970,葉山町,隻
6,380,船外機付漁船隻数,22990,逗子市,隻
70,380,船外機付漁船隻数,23010,鎌倉市,隻
14,380,船外機付漁船隻数,23040,藤沢市,隻
11,380,船外機付漁船隻数,23070,茅ヶ崎市,隻
1,380,船外機付漁船隻数,23090,平塚市,隻
9,380,船外機付漁船隻数,23110,大磯町,隻
x,380,船外機付漁船隻数,23130,二宮町,隻
10,380,船外機付漁船隻数,23150,小田原市,隻
12,380,船外機付漁船隻数,23180,真鶴町,隻
1,380,船外機付漁船隻数,23210,湯河原町,隻
2167,380,船外機付漁船隻数,23420,新潟県,隻
41,380,船外機付漁船隻数,23440,粟島浦村,隻
131,380,船外機付漁船隻数,23460,村上市,隻
63,380,船外機付漁船隻数,23510,胎内市,隻
28,380,船外機付漁船隻数,23530,新発田市,隻
45,380,船外機付漁船隻数,23550,聖籠町,隻
211,380,船外機付漁船隻数,23570,新潟市,隻
31,380,船外機付漁船隻数,23640,長岡市,隻
64,380,船外機付漁船隻数,23660,出雲崎町,隻
51,380,船外機付漁船隻数,23680,柏崎市,隻
57,380,船外機付漁船隻数,23710,上越市,隻
57,380,船外機付漁船隻数,23760,糸魚川市,隻
1388,380,船外機付漁船隻数,23840,佐渡市,隻
177,380,船外機付漁船隻数,24320,富山県,隻
48,380,船外機付漁船隻数,24340,朝日町,隻
12,380,船外機付漁船隻数,24360,入善町,隻
6,380,船外機付漁船隻数,24400,黒部市,隻
1,380,船外機付漁船隻数,24430,魚津市,隻
5,380,船外機付漁船隻数,24460,滑川市,隻
4,380,船外機付漁船隻数,24480,富山市,隻
3,380,船外機付漁船隻数,24520,射水市,隻
27,380,船外機付漁船隻数,24550,高岡市,隻
71,380,船外機付漁船隻数,24570,氷見市,隻
1389,380,船外機付漁船隻数,24700,石川県,隻
304,380,船外機付漁船隻数,24720,七尾市,隻
59,380,船外機付漁船隻数,24810,穴水町,隻
195,380,船外機付漁船隻数,24850,能登町,隻
240,380,船外機付漁船隻数,24900,珠洲市,隻
266,380,船外機付漁船隻数,24960,輪島市,隻
229,380,船外機付漁船隻数,24990,志賀町,隻
14,380,船外機付漁船隻数,25040,羽咋市,隻
15,380,船外機付漁船隻数,25070,宝達志水町,隻
13,380,船外機付漁船隻数,25100,かほく市,隻
6,380,船外機付漁船隻数,25140,内灘町,隻
3,380,船外機付漁船隻数,25160,金沢市,隻
7,380,船外機付漁船隻数,25180,白山市,隻
-,380,船外機付漁船隻数,25210,能美市,隻
1,380,船外機付漁船隻数,25230,小松市,隻
37,380,船外機付漁船隻数,25250,加賀市,隻
691,380,船外機付漁船隻数,25330,福井県,隻
24,380,船外機付漁船隻数,25350,あわら市,隻
70,380,船外機付漁船隻数,25370,坂井市,隻
62,380,船外機付漁船隻数,25390,福井市,隻
80,380,船外機付漁船隻数,25420,越前町,隻
20,380,船外機付漁船隻数,25440,南越前町,隻
39,380,船外機付漁船隻数,25460,敦賀市,隻
77,380,船外機付漁船隻数,25480,美浜町,隻
149,380,船外機付漁船隻数,25510,若狭町,隻
126,380,船外機付漁船隻数,25530,小浜市,隻
18,380,船外機付漁船隻数,25550,おおい町,隻
26,380,船外機付漁船隻数,25570,高浜町,隻
1176,380,船外機付漁船隻数,27230,静岡県,隻
61,380,船外機付漁船隻数,27250,熱海市,隻
30,380,船外機付漁船隻数,27290,伊東市,隻
14,380,船外機付漁船隻数,27340,東伊豆町,隻
17,380,船外機付漁船隻数,27370,河津町,隻
74,380,船外機付漁船隻数,27390,下田市,隻
90,380,船外機付漁船隻数,27440,南伊豆町,隻
22,380,船外機付漁船隻数,27490,松崎町,隻
67,380,船外機付漁船隻数,27510,西伊豆町,隻
54,380,船外機付漁船隻数,27550,伊豆市,隻
58,380,船外機付漁船隻数,27570,沼津市,隻
1,380,船外機付漁船隻数,27630,富士市,隻
8,380,船外機付漁船隻数,27650,静岡市,隻
1,380,船外機付漁船隻数,27690,由比町,隻
5,380,船外機付漁船隻数,27710,焼津市,隻
x,380,船外機付漁船隻数,27730,大井川町,隻
3,380,船外機付漁船隻数,27750,吉田町,隻
52,380,船外機付漁船隻数,27770,牧之原市,隻
11,380,船外機付漁船隻数,27810,御前崎市,隻
-,380,船外機付漁船隻数,27840,掛川市,隻
x,380,船外機付漁船隻数,27870,袋井市,隻
4,380,船外機付漁船隻数,27890,磐田市,隻
517,380,船外機付漁船隻数,27930,浜松市,隻
33,380,船外機付漁船隻数,28000,湖西市,隻
53,380,船外機付漁船隻数,28020,新居町,隻
2621,380,船外機付漁船隻数,28220,愛知県,隻
507,380,船外機付漁船隻数,28240,田原市,隻
x,380,船外機付漁船隻数,28370,豊橋市,隻
-,380,船外機付漁船隻数,28400,豊川市,隻
40,380,船外機付漁船隻数,28420,蒲郡市,隻
79,380,船外機付漁船隻数,28470,幡豆町,隻
108,380,船外機付漁船隻数,28500,吉良町,隻
484,380,船外機付漁船隻数,28530,一色町,隻
106,380,船外機付漁船隻数,28590,西尾市,隻
43,380,船外機付漁船隻数,28610,碧南市,隻
-,380,船外機付漁船隻数,28630,高浜市,隻
x,380,船外機付漁船隻数,28650,刈谷市,隻
-,380,船外機付漁船隻数,28670,東浦町,隻
-,380,船外機付漁船隻数,28690,半田市,隻
-,380,船外機付漁船隻数,28710,武豊町,隻
318,380,船外機付漁船隻数,28730,美浜町,隻
536,380,船外機付漁船隻数,28760,南知多町,隻
382,380,船外機付漁船隻数,28850,常滑市,隻
-,380,船外機付漁船隻数,28900,知多市,隻
-,380,船外機付漁船隻数,28920,東海市,隻
-,380,船外機付漁船隻数,28940,名古屋市,隻
-,380,船外機付漁船隻数,28970,飛島村,隻
-,380,船外機付漁船隻数,28990,弥富市,隻
5065,380,船外機付漁船隻数,29410,三重県,隻
24,380,船外機付漁船隻数,29430,木曽岬町,隻
152,380,船外機付漁船隻数,29450,桑名市,隻
49,380,船外機付漁船隻数,29500,川越町,隻
17,380,船外機付漁船隻数,29520,四日市市,隻
276,380,船外機付漁船隻数,29580,鈴鹿市,隻
88,380,船外機付漁船隻数,29630,津市,隻
306,380,船外機付漁船隻数,29700,松阪市,隻
171,380,船外機付漁船隻数,29780,明和町,隻
398,380,船外機付漁船隻数,29810,伊勢市,隻
823,380,船外機付漁船隻数,29930,鳥羽市,隻
2054,380,船外機付漁船隻数,30100,志摩市,隻
396,380,船外機付漁船隻数,30380,南伊勢町,隻
4,380,船外機付漁船隻数,30560,大紀町,隻
146,380,船外機付漁船隻数,30580,紀北町,隻
102,380,船外機付漁船隻数,30680,尾鷲市,隻
39,380,船外機付漁船隻数,30790,熊野市,隻
-,380,船外機付漁船隻数,30860,御浜町,隻
20,380,船外機付漁船隻数,30880,紀宝町,隻
765,380,船外機付漁船隻数,31310,京都府,隻
224,380,船外機付漁船隻数,31330,舞鶴市,隻
141,380,船外機付漁船隻数,31410,宮津市,隻
-,380,船外機付漁船隻数,31470,与謝野町,隻
87,380,船外機付漁船隻数,31490,伊根町,隻
313,380,船外機付漁船隻数,31560,京丹後市,隻
128,380,船外機付漁船隻数,31890,大阪府,隻
11,380,船外機付漁船隻数,31910,大阪市,隻
7,380,船外機付漁船隻数,31980,堺市,隻
13,380,船外機付漁船隻数,32010,高石市,隻
2,380,船外機付漁船隻数,32030,泉大津市,隻
x,380,船外機付漁船隻数,32050,忠岡町,隻
-,380,船外機付漁船隻数,32070,岸和田市,隻
x,380,船外機付漁船隻数,32100,貝塚市,隻
-,380,船外機付漁船隻数,32120,泉佐野市,隻
9,380,船外機付漁船隻数,32140,田尻町,隻
40,380,船外機付漁船隻数,32160,泉南市,隻
16,380,船外機付漁船隻数,32190,阪南市,隻
30,380,船外機付漁船隻数,32230,岬町,隻
1300,380,船外機付漁船隻数,32600,兵庫県,隻
250,380,船外機付漁船隻数,32610,日本海西区,隻
61,380,船外機付漁船隻数,32630,豊岡市,隻
91,380,船外機付漁船隻数,32660,香美町,隻
98,380,船外機付漁船隻数,32690,新温泉町,隻
1050,380,船外機付漁船隻数,32730,瀬戸内海区,隻
-,380,船外機付漁船隻数,32750,尼崎市,隻
-,380,船外機付漁船隻数,32770,西宮市,隻
x,380,船外機付漁船隻数,32790,芦屋市,隻
66,380,船外機付漁船隻数,32810,神戸市,隻
140,380,船外機付漁船隻数,32910,明石市,隻
x,380,船外機付漁船隻数,32990,播磨町,隻
12,380,船外機付漁船隻数,33010,加古川市,隻
12,380,船外機付漁船隻数,33040,高砂市,隻
194,380,船外機付漁船隻数,33090,姫路市,隻
20,380,船外機付漁船隻数,33220,たつの市,隻
14,380,船外機付漁船隻数,33260,相生市,隻
91,380,船外機付漁船隻数,33280,赤穂市,隻
284,380,船外機付漁船隻数,33320,淡路市,隻
93,380,船外機付漁船隻数,33490,洲本市,隻
124,380,船外機付漁船隻数,33550,南あわじ市,隻
798,380,船外機付漁船隻数,34290,和歌山県,隻
572,380,船外機付漁船隻数,34300,太平洋南区,隻
1,380,船外機付漁船隻数,34320,美浜町,隻
56,380,船外機付漁船隻数,34350,御坊市,隻
56,380,船外機付漁船隻数,34370,印南町,隻
29,380,船外機付漁船隻数,34390,みなべ町,隻
87,380,船外機付漁船隻数,34410,田辺市,隻
43,380,船外機付漁船隻数,34450,白浜町,隻
8,380,船外機付漁船隻数,34490,すさみ町,隻
151,380,船外機付漁船隻数,34510,串本町,隻
85,380,船外機付漁船隻数,34600,那智勝浦町,隻
39,380,船外機付漁船隻数,34650,太地町,隻
17,380,船外機付漁船隻数,34670,新宮市,隻
226,380,船外機付漁船隻数,34700,瀬戸内海区,隻
27,380,船外機付漁船隻数,34720,和歌山市,隻
41,380,船外機付漁船隻数,34810,海南市,隻
53,380,船外機付漁船隻数,34870,有田市,隻
10,380,船外機付漁船隻数,34920,湯浅町,隻
16,380,船外機付漁船隻数,34960,広川町,隻
32,380,船外機付漁船隻数,34980,由良町,隻
47,380,船外機付漁船隻数,35040,日高町,隻
382,380,船外機付漁船隻数,35190,鳥取県,隻
110,380,船外機付漁船隻数,35210,岩美町,隻
88,380,船外機付漁船隻数,35260,鳥取市,隻
25,380,船外機付漁船隻数,35330,湯梨浜町,隻
14,380,船外機付漁船隻数,35360,北栄町,隻
26,380,船外機付漁船隻数,35390,琴浦町,隻
24,380,船外機付漁船隻数,35420,大山町,隻
63,380,船外機付漁船隻数,35460,米子市,隻
18,380,船外機付漁船隻数,35490,日吉津村,隻
14,380,船外機付漁船隻数,35510,境港市,隻
1365,380,船外機付漁船隻数,35650,島根県,隻
7,380,船外機付漁船隻数,35670,安来市,隻
3,380,船外機付漁船隻数,35700,東出雲町,隻
558,380,船外機付漁船隻数,35720,松江市,隻
192,380,船外機付漁船隻数,35870,出雲市,隻
108,380,船外機付漁船隻数,35960,大田市,隻
6,380,船外機付漁船隻数,36070,江津市,隻
65,380,船外機付漁船隻数,36100,浜田市,隻
79,380,船外機付漁船隻数,36170,益田市,隻
249,380,船外機付漁船隻数,36200,隠岐の島町,隻
32,380,船外機付漁船隻数,36290,海士町,隻
22,380,船外機付漁船隻数,36340,西ノ島町,隻
44,380,船外機付漁船隻数,36370,知夫村,隻
924,380,船外機付漁船隻数,36490,岡山県,隻
58,380,船外機付漁船隻数,36510,備前市,隻
113,380,船外機付漁船隻数,36560,瀬戸内市,隻
289,380,船外機付漁船隻数,36590,岡山市,隻
176,380,船外機付漁船隻数,36650,玉野市,隻
219,380,船外機付漁船隻数,36690,倉敷市,隻
21,380,船外機付漁船隻数,36770,浅口市,隻
48,380,船外機付漁船隻数,36790,笠岡市,隻
1057,380,船外機付漁船隻数,37070,広島県,隻
226,380,船外機付漁船隻数,37090,福山市,隻
114,380,船外機付漁船隻数,37190,尾道市,隻
5,380,船外機付漁船隻数,37290,三原市,隻
8,380,船外機付漁船隻数,37330,竹原市,隻
85,380,船外機付漁船隻数,37370,東広島市,隻
10,380,船外機付漁船隻数,37400,大崎上島町,隻
229,380,船外機付漁船隻数,37440,呉市,隻
59,380,船外機付漁船隻数,37600,江田島市,隻
20,380,船外機付漁船隻数,37720,坂町,隻
3,380,船外機付漁船隻数,37740,海田町,隻
183,380,船外機付漁船隻数,37760,広島市,隻
97,380,船外機付漁船隻数,37830,廿日市市,隻
18,380,船外機付漁船隻数,37870,大竹市,隻
1243,380,船外機付漁船隻数,38010,山口県,隻
718,380,船外機付漁船隻数,38020,東シナ海区,隻
111,380,船外機付漁船隻数,38040,萩市,隻
56,380,船外機付漁船隻数,38200,阿武町,隻
259,380,船外機付漁船隻数,38240,長門市,隻
292,380,船外機付漁船隻数,38400,下関市,隻
525,380,船外機付漁船隻数,38630,瀬戸内海区,隻
37,380,船外機付漁船隻数,38650,周防大島町,隻
-,380,船外機付漁船隻数,38730,和木町,隻
124,380,船外機付漁船隻数,38750,岩国市,隻
8,380,船外機付漁船隻数,38820,柳井市,隻
15,380,船外機付漁船隻数,38890,上関町,隻
2,380,船外機付漁船隻数,38940,平生町,隻
5,380,船外機付漁船隻数,38960,田布施町,隻
-,380,船外機付漁船隻数,38990,光市,隻
7,380,船外機付漁船隻数,39020,下松市,隻
15,380,船外機付漁船隻数,39040,周南市,隻
72,380,船外機付漁船隻数,39120,防府市,隻
41,380,船外機付漁船隻数,39230,山口市,隻
123,380,船外機付漁船隻数,39310,宇部市,隻
51,380,船外機付漁船隻数,39380,山陽小野田市,隻
25,380,船外機付漁船隻数,39430,下関市,隻
1525,380,船外機付漁船隻数,39530,徳島県,隻
527,380,船外機付漁船隻数,39540,太平洋南区,隻
253,380,船外機付漁船隻数,39560,美波町,隻
140,380,船外機付漁船隻数,39640,牟岐町,隻
134,380,船外機付漁船隻数,39660,海陽町,隻
998,380,船外機付漁船隻数,39700,瀬戸内海区,隻
455,380,船外機付漁船隻数,39720,鳴門市,隻
69,380,船外機付漁船隻数,39800,松茂町,隻
116,380,船外機付漁船隻数,39820,徳島市,隻
100,380,船外機付漁船隻数,39860,小松島市,隻
258,380,船外機付漁船隻数,39890,阿南市,隻
1365,380,船外機付漁船隻数,40150,香川県,隻
140,380,船外機付漁船隻数,40170,東かがわ市,隻
315,380,船外機付漁船隻数,40210,さぬき市,隻
115,380,船外機付漁船隻数,40270,小豆島町,隻
255,380,船外機付漁船隻数,40300,土庄町,隻
205,380,船外機付漁船隻数,40380,高松市,隻
71,380,船外機付漁船隻数,40480,直島町,隻
77,380,船外機付漁船隻数,40500,坂出市,隻
10,380,船外機付漁船隻数,40550,宇多津町,隻
3,380,船外機付漁船隻数,40570,丸亀市,隻
25,380,船外機付漁船隻数,40620,多度津町,隻
103,380,船外機付漁船隻数,40670,三豊市,隻
46,380,船外機付漁船隻数,40760,観音寺市,隻
2477,380,船外機付漁船隻数,40880,愛媛県,隻
1759,380,船外機付漁船隻数,40890,太平洋南区,隻
90,380,船外機付漁船隻数,40910,八幡浜市,隻
131,380,船外機付漁船隻数,40940,西予市,隻
1207,380,船外機付漁船隻数,40970,宇和島市,隻
331,380,船外機付漁船隻数,41090,愛南町,隻
718,380,船外機付漁船隻数,41180,瀬戸内海区,隻
41,380,船外機付漁船隻数,41200,四国中央市,隻
9,380,船外機付漁船隻数,41250,新居浜市,隻
169,380,船外機付漁船隻数,41310,西条市,隻
41,380,船外機付漁船隻数,41390,上島町,隻
140,380,船外機付漁船隻数,41440,今治市,隻
194,380,船外機付漁船隻数,41600,松山市,隻
-,380,船外機付漁船隻数,41780,松前町,隻
-,380,船外機付漁船隻数,41800,伊予市,隻
2,380,船外機付漁船隻数,41840,大洲市,隻
5,380,船外機付漁船隻数,41870,八幡浜市,隻
117,380,船外機付漁船隻数,41900,伊方町,隻
1209,380,船外機付漁船隻数,42060,高知県,隻
22,380,船外機付漁船隻数,42080,東洋町,隻
39,380,船外機付漁船隻数,42110,室戸市,隻
6,380,船外機付漁船隻数,42200,奈半利町,隻
2,380,船外機付漁船隻数,42230,田野町,隻
6,380,船外機付漁船隻数,42250,安田町,隻
2,380,船外機付漁船隻数,42270,安芸市,隻
3,380,船外機付漁船隻数,42330,芸西村,隻
27,380,船外機付漁船隻数,42350,香南市,隻
15,380,船外機付漁船隻数,42400,南国市,隻
18,380,船外機付漁船隻数,42450,高知市,隻
74,380,船外機付漁船隻数,42500,土佐市,隻
235,380,船外機付漁船隻数,42540,須崎市,隻
44,380,船外機付漁船隻数,42610,中土佐町,隻
34,380,船外機付漁船隻数,42650,四万十町,隻
156,380,船外機付漁船隻数,42680,黒潮町,隻
53,380,船外機付漁船隻数,42740,四万十市,隻
112,380,船外機付漁船隻数,42760,土佐清水市,隻
176,380,船外機付漁船隻数,42850,大月町,隻
185,380,船外機付漁船隻数,42980,宿毛市,隻
1691,380,船外機付漁船隻数,43240,福岡県,隻
1386,380,船外機付漁船隻数,43250,東シナ海区,隻
27,380,船外機付漁船隻数,43270,北九州市,隻
11,380,船外機付漁船隻数,43410,芦屋町,隻
7,380,船外機付漁船隻数,43440,岡垣町,隻
41,380,船外機付漁船隻数,43460,宗像市,隻
5,380,船外機付漁船隻数,43510,福津市,隻
-,380,船外機付漁船隻数,43540,古賀市,隻
33,380,船外機付漁船隻数,43560,新宮町,隻
118,380,船外機付漁船隻数,43590,福岡市,隻
54,380,船外機付漁船隻数,43770,志摩町,隻
12,380,船外機付漁船隻数,43830,前原市,隻
41,380,船外機付漁船隻数,43850,二丈町,隻
-,380,船外機付漁船隻数,43880,久留米市,隻
128,380,船外機付漁船隻数,43920,大川市,隻
744,380,船外機付漁船隻数,43980,柳川市,隻
58,380,船外機付漁船隻数,44080,みやま市,隻
107,380,船外機付漁船隻数,44110,大牟田市,隻
305,380,船外機付漁船隻数,44140,瀬戸内海区,隻
95,380,船外機付漁船隻数,44160,北九州市,隻
30,380,船外機付漁船隻数,44230,苅田町,隻
86,380,船外機付漁船隻数,44250,行橋市,隻
30,380,船外機付漁船隻数,44300,築上町,隻
30,380,船外機付漁船隻数,44330,豊前市,隻
34,380,船外機付漁船隻数,44370,吉富町,隻
1834,380,船外機付漁船隻数,44850,佐賀県,隻
219,380,船外機付漁船隻数,44870,唐津市,隻
24,380,船外機付漁船隻数,45120,玄海町,隻
13,380,船外機付漁船隻数,45150,伊万里市,隻
x,380,船外機付漁船隻数,45170,神埼市,隻
776,380,船外機付漁船隻数,45190,佐賀市,隻
157,380,船外機付漁船隻数,45280,小城市,隻
-,380,船外機付漁船隻数,45300,江北町,隻
174,380,船外機付漁船隻数,45320,白石町,隻
x,380,船外機付漁船隻数,45360,嬉野市,隻
317,380,船外機付漁船隻数,45380,鹿島市,隻
141,380,船外機付漁船隻数,45430,太良町,隻
4753,380,船外機付漁船隻数,45570,長崎県,隻
1125,380,船外機付漁船隻数,45590,対馬市,隻
198,380,船外機付漁船隻数,45890,壱岐市,隻
100,380,船外機付漁船隻数,45950,松浦市,隻
360,380,船外機付漁船隻数,46000,平戸市,隻
84,380,船外機付漁船隻数,46140,鹿町町,隻
330,380,船外機付漁船隻数,46160,佐世保市,隻
77,380,船外機付漁船隻数,46240,小値賀町,隻
40,380,船外機付漁船隻数,46260,川棚町,隻
42,380,船外機付漁船隻数,46280,東彼杵町,隻
158,380,船外機付漁船隻数,46300,大村市,隻
149,380,船外機付漁船隻数,46340,諫早市,隻
31,380,船外機付漁船隻数,46450,長与町,隻
59,380,船外機付漁船隻数,46470,時津町,隻
367,380,船外機付漁船隻数,46490,長崎市,隻
379,380,船外機付漁船隻数,46680,西海市,隻
158,380,船外機付漁船隻数,46750,雲仙市,隻
130,380,船外機付漁船隻数,46850,南島原市,隻
126,380,船外機付漁船隻数,46930,島原市,隻
479,380,船外機付漁船隻数,46970,新上五島町,隻
361,380,船外機付漁船隻数,47140,五島市,隻
2580,380,船外機付漁船隻数,47350,熊本県,隻
51,380,船外機付漁船隻数,47370,荒尾市,隻
33,380,船外機付漁船隻数,47400,長洲町,隻
273,380,船外機付漁船隻数,47420,玉名市,隻
844,380,船外機付漁船隻数,47490,熊本市,隻
305,380,船外機付漁船隻数,47590,宇土市,隻
105,380,船外機付漁船隻数,47630,宇城市,隻
18,380,船外機付漁船隻数,47720,氷川町,隻
193,380,船外機付漁船隻数,47740,八代市,隻
31,380,船外機付漁船隻数,47820,芦北町,隻
15,380,船外機付漁船隻数,47850,津奈木町,隻
52,380,船外機付漁船隻数,47870,水俣市,隻
179,380,船外機付漁船隻数,47890,上天草市,隻
391,380,船外機付漁船隻数,48010,天草市,隻
90,380,船外機付漁船隻数,48250,苓北町,隻
1096,380,船外機付漁船隻数,48650,大分県,隻
616,380,船外機付漁船隻数,48660,太平洋南区,隻
14,380,船外機付漁船隻数,48680,大分市,隻
91,380,船外機付漁船隻数,48700,臼杵市,隻
180,380,船外機付漁船隻数,48720,津久見市,隻
331,380,船外機付漁船隻数,48750,佐伯市,隻
480,380,船外機付漁船隻数,48860,瀬戸内海区,隻
70,380,船外機付漁船隻数,48880,中津市,隻
53,380,船外機付漁船隻数,48900,宇佐市,隻
29,380,船外機付漁船隻数,48950,豊後高田市,隻
114,380,船外機付漁船隻数,48990,国東市,隻
44,380,船外機付漁船隻数,49050,姫島村,隻
113,380,船外機付漁船隻数,49070,杵築市,隻
33,380,船外機付漁船隻数,49090,日出町,隻
5,380,船外機付漁船隻数,49120,別府市,隻
19,380,船外機付漁船隻数,49140,大分市,隻
308,380,船外機付漁船隻数,49240,宮崎県,隻
78,380,船外機付漁船隻数,49260,延岡市,隻
29,380,船外機付漁船隻数,49320,門川町,隻
18,380,船外機付漁船隻数,49350,日向市,隻
20,380,船外機付漁船隻数,49380,都農町,隻
7,380,船外機付漁船隻数,49400,川南町,隻
2,380,船外機付漁船隻数,49420,高鍋町,隻
1,380,船外機付漁船隻数,49440,新富町,隻
12,380,船外機付漁船隻数,49460,宮崎市,隻
39,380,船外機付漁船隻数,49510,日南市,隻
12,380,船外機付漁船隻数,49550,南郷町,隻
90,380,船外機付漁船隻数,49590,串間市,隻
1779,380,船外機付漁船隻数,49840,鹿児島県,隻
58,380,船外機付漁船隻数,49860,出水市,隻
238,380,船外機付漁船隻数,49890,長島町,隻
114,380,船外機付漁船隻数,49920,阿久根市,隻
79,380,船外機付漁船隻数,49960,薩摩川内市,隻
25,380,船外機付漁船隻数,50040,いちき串木野市,隻
17,380,船外機付漁船隻数,50090,日置市,隻
129,380,船外機付漁船隻数,50140,南さつま市,隻
14,380,船外機付漁船隻数,50230,枕崎市,隻
18,380,船外機付漁船隻数,50250,南九州市,隻
50,380,船外機付漁船隻数,50280,指宿市,隻
120,380,船外機付漁船隻数,50330,鹿児島市,隻
35,380,船外機付漁船隻数,50390,姶良町,隻
40,380,船外機付漁船隻数,50410,加治木町,隻
100,380,船外機付漁船隻数,50430,霧島市,隻
105,380,船外機付漁船隻数,50470,垂水市,隻
18,380,船外機付漁船隻数,50500,鹿屋市,隻
1,380,船外機付漁船隻数,50520,錦江町,隻
117,380,船外機付漁船隻数,50540,南大隅町,隻
35,380,船外機付漁船隻数,50580,肝付町,隻
12,380,船外機付漁船隻数,50630,東串良町,隻
1,380,船外機付漁船隻数,50650,大崎町,隻
5,380,船外機付漁船隻数,50670,志布志市,隻
4,380,船外機付漁船隻数,50700,三島村,隻
1,380,船外機付漁船隻数,50720,十島村,隻
46,380,船外機付漁船隻数,50740,西之表市,隻
27,380,船外機付漁船隻数,50760,中種子町,隻
27,380,船外機付漁船隻数,50780,南種子町,隻
10,380,船外機付漁船隻数,50800,屋久島町,隻
72,380,船外機付漁船隻数,50830,奄美市,隻
60,380,船外機付漁船隻数,50870,龍郷町,隻
40,380,船外機付漁船隻数,50890,大和村,隻
26,380,船外機付漁船隻数,50910,宇検村,隻
49,380,船外機付漁船隻数,50930,瀬戸内町,隻
8,380,船外機付漁船隻数,50950,喜界町,隻
4,380,船外機付漁船隻数,50970,徳之島町,隻
7,380,船外機付漁船隻数,50990,天城町,隻
13,380,船外機付漁船隻数,51010,伊仙町,隻
5,380,船外機付漁船隻数,51030,和泊町,隻
3,380,船外機付漁船隻数,51050,知名町,隻
46,380,船外機付漁船隻数,51070,与論町,隻
920,380,船外機付漁船隻数,51170,沖縄県,隻
20,380,船外機付漁船隻数,51190,国頭村,隻
5,380,船外機付漁船隻数,51210,大宜味村,隻
16,380,船外機付漁船隻数,51230,東村,隻
58,380,船外機付漁船隻数,51250,名護市,隻
20,380,船外機付漁船隻数,51270,今帰仁村,隻
18,380,船外機付漁船隻数,51290,本部町,隻
105,380,船外機付漁船隻数,51310,恩納村,隻
38,380,船外機付漁船隻数,51330,宜野座村,隻
8,380,船外機付漁船隻数,51350,金武町,隻
6,380,船外機付漁船隻数,51370,伊江村,隻
14,380,船外機付漁船隻数,51390,伊是名村,隻
51,380,船外機付漁船隻数,51410,伊平屋村,隻
86,380,船外機付漁船隻数,51430,うるま市,隻
24,380,船外機付漁船隻数,51480,沖縄市,隻
22,380,船外機付漁船隻数,51500,読谷村,隻
-,380,船外機付漁船隻数,51520,嘉手納町,隻
14,380,船外機付漁船隻数,51540,北谷町,隻
33,380,船外機付漁船隻数,51560,北中城村,隻
6,380,船外機付漁船隻数,51580,中城村,隻
15,380,船外機付漁船隻数,51600,西原町,隻
12,380,船外機付漁船隻数,51620,宜野湾市,隻
3,380,船外機付漁船隻数,51640,浦添市,隻
7,380,船外機付漁船隻数,51660,那覇市,隻
14,380,船外機付漁船隻数,51680,豊見城市,隻
7,380,船外機付漁船隻数,51700,糸満市,隻
2,380,船外機付漁船隻数,51720,八重瀬町,隻
29,380,船外機付漁船隻数,51740,南城市,隻
-,380,船外機付漁船隻数,51780,与那原町,隻
53,380,船外機付漁船隻数,51800,久米島町,隻
11,380,船外機付漁船隻数,51820,座間味村,隻
1,380,船外機付漁船隻数,51840,渡嘉敷村,隻
36,380,船外機付漁船隻数,51860,渡名喜村,隻
2,380,船外機付漁船隻数,51880,粟国村,隻
14,380,船外機付漁船隻数,51900,南大東村,隻
6,380,船外機付漁船隻数,51920,北大東村,隻
78,380,船外機付漁船隻数,51940,宮古島市,隻
1,380,船外機付漁船隻数,52000,多良間村,隻
52,380,船外機付漁船隻数,52020,石垣市,隻
33,380,船外機付漁船隻数,52040,竹富町,隻
-,380,船外機付漁船隻数,52060,与那国町,隻
99062,390,動力漁船隻数,10010,全国,隻
8228,390,動力漁船隻数,10020,北海道,隻
4640,390,動力漁船隻数,10060,北海道太平洋北区,隻
820,390,動力漁船隻数,10070,根室支庁,隻
256,390,動力漁船隻数,10090,羅臼町,隻
97,390,動力漁船隻数,10110,標津町,隻
126,390,動力漁船隻数,10130,別海町,隻
341,390,動力漁船隻数,10160,根室市,隻
539,390,動力漁船隻数,10240,釧路支庁,隻
138,390,動力漁船隻数,10260,浜中町,隻
115,390,動力漁船隻数,10290,厚岸町,隻
56,390,動力漁船隻数,10310,釧路町,隻
115,390,動力漁船隻数,10330,釧路市,隻
115,390,動力漁船隻数,10370,白糠町,隻
216,390,動力漁船隻数,10430,十勝支庁,隻
30,390,動力漁船隻数,10450,浦幌町,隻
34,390,動力漁船隻数,10470,豊頃町,隻
47,390,動力漁船隻数,10490,大樹町,隻
105,390,動力漁船隻数,10510,広尾町,隻
404,390,動力漁船隻数,10690,日高支庁,隻
115,390,動力漁船隻数,10710,えりも町,隻
70,390,動力漁船隻数,10740,様似町,隻
51,390,動力漁船隻数,10770,浦河町,隻
92,390,動力漁船隻数,10800,新ひだか町,隻
18,390,動力漁船隻数,10830,新冠町,隻
58,390,動力漁船隻数,10850,日高町,隻
676,390,動力漁船隻数,10890,胆振支庁,隻
30,390,動力漁船隻数,10910,むかわ町,隻
12,390,動力漁船隻数,10930,厚真町,隻
74,390,動力漁船隻数,10950,苫小牧市,隻
241,390,動力漁船隻数,10970,白老町,隻
70,390,動力漁船隻数,11000,登別市,隻
62,390,動力漁船隻数,11020,室蘭市,隻
76,390,動力漁船隻数,11040,伊達市,隻
47,390,動力漁船隻数,11070,洞爺湖町,隻
64,390,動力漁船隻数,11090,豊浦町,隻
1985,390,動力漁船隻数,11140,渡島支庁,隻
99,390,動力漁船隻数,11160,長万部町,隻
281,390,動力漁船隻数,11180,八雲町,隻
450,390,動力漁船隻数,11210,森町,隻
301,390,動力漁船隻数,11240,鹿部町,隻
591,390,動力漁船隻数,11260,函館市,隻
38,390,動力漁船隻数,11460,北斗市,隻
40,390,動力漁船隻数,11510,木古内町,隻
92,390,動力漁船隻数,11530,知内町,隻
93,390,動力漁船隻数,11550,福島町,隻
3588,390,動力漁船隻数,11630,北海道日本海北区,隻
961,390,動力漁船隻数,11640,宗谷支庁,隻
237,390,動力漁船隻数,11660,枝幸町,隻
37,390,動力漁船隻数,11680,浜頓別町,隻
101,390,動力漁船隻数,11700,猿払村,隻
304,390,動力漁船隻数,11720,稚内市,隻
17,390,動力漁船隻数,11750,豊富町,隻
44,390,動力漁船隻数,11770,利尻町,隻
73,390,動力漁船隻数,11800,利尻富士町,隻
148,390,動力漁船隻数,11830,礼文町,隻
983,390,動力漁船隻数,11880,網走支庁,隻
78,390,動力漁船隻数,11900,斜里町,隻
-,390,動力漁船隻数,11920,小清水町,隻
77,390,動力漁船隻数,11940,網走市,隻
205,390,動力漁船隻数,11960,北見市,隻
113,390,動力漁船隻数,11980,佐呂間町,隻
234,390,動力漁船隻数,12000,湧別町,隻
113,390,動力漁船隻数,12020,紋別市,隻
83,390,動力漁船隻数,12040,興部町,隻
80,390,動力漁船隻数,12060,雄武町,隻
421,390,動力漁船隻数,12190,留萌支庁,隻
-,390,動力漁船隻数,12210,幌延町,隻
33,390,動力漁船隻数,12230,天塩町,隻
20,390,動力漁船隻数,12250,遠別町,隻
31,390,動力漁船隻数,12270,初山別村,隻
131,390,動力漁船隻数,12290,羽幌町,隻
50,390,動力漁船隻数,12330,苫前町,隻
43,390,動力漁船隻数,12350,小平町,隻
29,390,動力漁船隻数,12370,留萌市,隻
84,390,動力漁船隻数,12390,増毛町,隻
83,390,動力漁船隻数,12410,石狩支庁,隻
83,390,動力漁船隻数,12430,石狩市,隻
515,390,動力漁船隻数,12550,後志支庁,隻
54,390,動力漁船隻数,12570,小樽市,隻
48,390,動力漁船隻数,12590,余市町,隻
48,390,動力漁船隻数,12610,古平町,隻
107,390,動力漁船隻数,12630,積丹町,隻
34,390,動力漁船隻数,12660,神恵内村,隻
31,390,動力漁船隻数,12680,泊村,隻
-,390,動力漁船隻数,12710,共和町,隻
45,390,動力漁船隻数,12730,岩内町,隻
2,390,動力漁船隻数,12750,蘭越町,隻
73,390,動力漁船隻数,12770,寿都町,隻
73,390,動力漁船隻数,12790,島牧村,隻
431,390,動力漁船隻数,12920,檜山支庁,隻
141,390,動力漁船隻数,12940,せたな町,隻
49,390,動力漁船隻数,12990,乙部町,隻
79,390,動力漁船隻数,13010,奥尻町,隻
78,390,動力漁船隻数,13030,江差町,隻
84,390,動力漁船隻数,13050,上ノ国町,隻
194,390,動力漁船隻数,13100,渡島支庁,隻
40,390,動力漁船隻数,13110,八雲町,隻
154,390,動力漁船隻数,13130,松前町,隻
3638,390,動力漁船隻数,13700,青森県,隻
1450,390,動力漁船隻数,13710,太平洋北区,隻
105,390,動力漁船隻数,13730,佐井村,隻
429,390,動力漁船隻数,13750,大間町,隻
88,390,動力漁船隻数,13780,風間浦村,隻
141,390,動力漁船隻数,13820,むつ市,隻
276,390,動力漁船隻数,13850,東通村,隻
97,390,動力漁船隻数,13930,六ヶ所村,隻
56,390,動力漁船隻数,13970,三沢市,隻
35,390,動力漁船隻数,13990,おいらせ町,隻
190,390,動力漁船隻数,14010,八戸市,隻
33,390,動力漁船隻数,14050,階上町,隻
2188,390,動力漁船隻数,14070,日本海北区,隻
201,390,動力漁船隻数,14090,むつ市,隻
98,390,動力漁船隻数,14130,横浜町,隻
104,390,動力漁船隻数,14150,野辺地町,隻
560,390,動力漁船隻数,14170,平内町,隻
177,390,動力漁船隻数,14210,青森市,隻
53,390,動力漁船隻数,14260,蓬田村,隻
302,390,動力漁船隻数,14280,外ヶ浜町,隻
85,390,動力漁船隻数,14330,今別町,隻
193,390,動力漁船隻数,14360,中泊町,隻
12,390,動力漁船隻数,14390,五所川原市,隻
17,390,動力漁船隻数,14420,つがる市,隻
65,390,動力漁船隻数,14450,鰺ヶ沢町,隻
321,390,動力漁船隻数,14480,深浦町,隻
2138,390,動力漁船隻数,14740,岩手県,隻
88,390,動力漁船隻数,14760,洋野町,隻
99,390,動力漁船隻数,14850,久慈市,隻
44,390,動力漁船隻数,14880,野田村,隻
144,390,動力漁船隻数,14900,普代村,隻
66,390,動力漁船隻数,14920,田野畑村,隻
28,390,動力漁船隻数,14950,岩泉町,隻
170,390,動力漁船隻数,14980,宮古市,隻
464,390,動力漁船隻数,15020,山田町,隻
99,390,動力漁船隻数,15090,大槌町,隻
200,390,動力漁船隻数,15120,釜石市,隻
514,390,動力漁船隻数,15190,大船渡市,隻
222,390,動力漁船隻数,15270,陸前高田市,隻
2229,390,動力漁船隻数,15580,宮城県,隻
426,390,動力漁船隻数,15600,気仙沼市,隻
92,390,動力漁船隻数,15670,本吉町,隻
391,390,動力漁船隻数,15700,南三陸町,隻
690,390,動力漁船隻数,15740,石巻市,隻
312,390,動力漁船隻数,15970,女川町,隻
90,390,動力漁船隻数,16010,東松島市,隻
23,390,動力漁船隻数,16060,松島町,隻
5,390,動力漁船隻数,16080,利府町,隻
35,390,動力漁船隻数,16100,塩竈市,隻
-,390,動力漁船隻数,16140,多賀城市,隻
51,390,動力漁船隻数,16160,七ヶ浜町,隻
19,390,動力漁船隻数,16240,仙台市,隻
30,390,動力漁船隻数,16260,名取市,隻
-,390,動力漁船隻数,16280,岩沼市,隻
35,390,動力漁船隻数,16300,亘理町,隻
30,390,動力漁船隻数,16320,山元町,隻
543,390,動力漁船隻数,16550,秋田県,隻
55,390,動力漁船隻数,16570,八峰町,隻
27,390,動力漁船隻数,16610,能代市,隻
9,390,動力漁船隻数,16630,三種町,隻
246,390,動力漁船隻数,16650,男鹿市,隻
43,390,動力漁船隻数,16730,潟上市,隻
26,390,動力漁船隻数,16750,秋田市,隻
35,390,動力漁船隻数,16780,由利本荘市,隻
102,390,動力漁船隻数,16820,にかほ市,隻
313,390,動力漁船隻数,17040,山形県,隻
26,390,動力漁船隻数,17060,遊佐町,隻
163,390,動力漁船隻数,17080,酒田市,隻
124,390,動力漁船隻数,17110,鶴岡市,隻
615,390,動力漁船隻数,17500,福島県,隻
43,390,動力漁船隻数,17520,新地町,隻
244,390,動力漁船隻数,17540,相馬市,隻
63,390,動力漁船隻数,17580,南相馬市,隻
71,390,動力漁船隻数,17620,浪江町,隻
-,390,動力漁船隻数,17640,双葉町,隻
x,390,動力漁船隻数,17660,大熊町,隻
11,390,動力漁船隻数,17680,富岡町,隻
x,390,動力漁船隻数,17700,楢葉町,隻
-,390,動力漁船隻数,17720,広野町,隻
181,390,動力漁船隻数,17740,いわき市,隻
517,390,動力漁船隻数,18350,茨城県,隻
97,390,動力漁船隻数,18370,北茨城市,隻
x,390,動力漁船隻数,18400,高萩市,隻
107,390,動力漁船隻数,18420,日立市,隻
-,390,動力漁船隻数,18480,東海村,隻
57,390,動力漁船隻数,18500,ひたちなか市,隻
89,390,動力漁船隻数,18540,大洗町,隻
x,390,動力漁船隻数,18560,鉾田市,隻
60,390,動力漁船隻数,18600,鹿嶋市,隻
91,390,動力漁船隻数,18620,神栖市,隻
1781,390,動力漁船隻数,20460,千葉県,隻
150,390,動力漁船隻数,20480,銚子市,隻
57,390,動力漁船隻数,20500,旭市,隻
61,390,動力漁船隻数,20530,匝瑳市,隻
6,390,動力漁船隻数,20560,横芝光町,隻
8,390,動力漁船隻数,20590,山武市,隻
x,390,動力漁船隻数,20620,九十九里町,隻
-,390,動力漁船隻数,20640,大網白里町,隻
17,390,動力漁船隻数,20660,白子町,隻
x,390,動力漁船隻数,20680,長生村,隻
x,390,動力漁船隻数,20700,一宮町,隻
64,390,動力漁船隻数,20720,いすみ市,隻
49,390,動力漁船隻数,20750,御宿町,隻
229,390,動力漁船隻数,20780,勝浦市,隻
194,390,動力漁船隻数,20870,鴨川市,隻
157,390,動力漁船隻数,20920,南房総市,隻
77,390,動力漁船隻数,20990,館山市,隻
62,390,動力漁船隻数,21050,鋸南町,隻
333,390,動力漁船隻数,21080,富津市,隻
-,390,動力漁船隻数,21130,君津市,隻
105,390,動力漁船隻数,21150,木更津市,隻
x,390,動力漁船隻数,21220,袖ヶ浦市,隻
-,390,動力漁船隻数,21240,市原市,隻
-,390,動力漁船隻数,21260,千葉市,隻
15,390,動力漁船隻数,21280,習志野市,隻
96,390,動力漁船隻数,21300,船橋市,隻
68,390,動力漁船隻数,21320,市川市,隻
11,390,動力漁船隻数,21350,浦安市,隻
604,390,動力漁船隻数,21670,東京都,隻
39,390,動力漁船隻数,21690,江戸川区,隻
4,390,動力漁船隻数,21710,葛飾区,隻
15,390,動力漁船隻数,21730,江東区,隻
5,390,動力漁船隻数,21750,墨田区,隻
35,390,動力漁船隻数,21770,中央区,隻
10,390,動力漁船隻数,21790,台東区,隻
27,390,動力漁船隻数,21810,港区,隻
8,390,動力漁船隻数,21830,品川区,隻
34,390,動力漁船隻数,21850,大田区,隻
-,390,動力漁船隻数,21870,千代田区,隻
43,390,動力漁船隻数,21890,大島町,隻
9,390,動力漁船隻数,21950,利島村,隻
77,390,動力漁船隻数,21970,新島村,隻
102,390,動力漁船隻数,22010,神津島村,隻
35,390,動力漁船隻数,22030,三宅村,隻
7,390,動力漁船隻数,22090,御蔵島村,隻
98,390,動力漁船隻数,22110,八丈町,隻
8,390,動力漁船隻数,22160,青ヶ島村,隻
48,390,動力漁船隻数,22180,小笠原村,隻
1051,390,動力漁船隻数,22650,神奈川県,隻
x,390,動力漁船隻数,22670,川崎市,隻
183,390,動力漁船隻数,22690,横浜市,隻
343,390,動力漁船隻数,22750,横須賀市,隻
250,390,動力漁船隻数,22840,三浦市,隻
24,390,動力漁船隻数,22970,葉山町,隻
24,390,動力漁船隻数,22990,逗子市,隻
15,390,動力漁船隻数,23010,鎌倉市,隻
28,390,動力漁船隻数,23040,藤沢市,隻
32,390,動力漁船隻数,23070,茅ヶ崎市,隻
11,390,動力漁船隻数,23090,平塚市,隻
21,390,動力漁船隻数,23110,大磯町,隻
x,390,動力漁船隻数,23130,二宮町,隻
58,390,動力漁船隻数,23150,小田原市,隻
50,390,動力漁船隻数,23180,真鶴町,隻
9,390,動力漁船隻数,23210,湯河原町,隻
945,390,動力漁船隻数,23420,新潟県,隻
39,390,動力漁船隻数,23440,粟島浦村,隻
113,390,動力漁船隻数,23460,村上市,隻
7,390,動力漁船隻数,23510,胎内市,隻
19,390,動力漁船隻数,23530,新発田市,隻
32,390,動力漁船隻数,23550,聖籠町,隻
138,390,動力漁船隻数,23570,新潟市,隻
17,390,動力漁船隻数,23640,長岡市,隻
10,390,動力漁船隻数,23660,出雲崎町,隻
23,390,動力漁船隻数,23680,柏崎市,隻
43,390,動力漁船隻数,23710,上越市,隻
101,390,動力漁船隻数,23760,糸魚川市,隻
403,390,動力漁船隻数,23840,佐渡市,隻
418,390,動力漁船隻数,24320,富山県,隻
13,390,動力漁船隻数,24340,朝日町,隻
25,390,動力漁船隻数,24360,入善町,隻
23,390,動力漁船隻数,24400,黒部市,隻
67,390,動力漁船隻数,24430,魚津市,隻
13,390,動力漁船隻数,24460,滑川市,隻
53,390,動力漁船隻数,24480,富山市,隻
86,390,動力漁船隻数,24520,射水市,隻
21,390,動力漁船隻数,24550,高岡市,隻
117,390,動力漁船隻数,24570,氷見市,隻
1551,390,動力漁船隻数,24700,石川県,隻
320,390,動力漁船隻数,24720,七尾市,隻
59,390,動力漁船隻数,24810,穴水町,隻
252,390,動力漁船隻数,24850,能登町,隻
178,390,動力漁船隻数,24900,珠洲市,隻
290,390,動力漁船隻数,24960,輪島市,隻
161,390,動力漁船隻数,24990,志賀町,隻
42,390,動力漁船隻数,25040,羽咋市,隻
21,390,動力漁船隻数,25070,宝達志水町,隻
20,390,動力漁船隻数,25100,かほく市,隻
22,390,動力漁船隻数,25140,内灘町,隻
34,390,動力漁船隻数,25160,金沢市,隻
36,390,動力漁船隻数,25180,白山市,隻
4,390,動力漁船隻数,25210,能美市,隻
32,390,動力漁船隻数,25230,小松市,隻
80,390,動力漁船隻数,25250,加賀市,隻
1099,390,動力漁船隻数,25330,福井県,隻
8,390,動力漁船隻数,25350,あわら市,隻
47,390,動力漁船隻数,25370,坂井市,隻
73,390,動力漁船隻数,25390,福井市,隻
142,390,動力漁船隻数,25420,越前町,隻
36,390,動力漁船隻数,25440,南越前町,隻
150,390,動力漁船隻数,25460,敦賀市,隻
177,390,動力漁船隻数,25480,美浜町,隻
98,390,動力漁船隻数,25510,若狭町,隻
162,390,動力漁船隻数,25530,小浜市,隻
109,390,動力漁船隻数,25550,おおい町,隻
97,390,動力漁船隻数,25570,高浜町,隻
2588,390,動力漁船隻数,27230,静岡県,隻
64,390,動力漁船隻数,27250,熱海市,隻
145,390,動力漁船隻数,27290,伊東市,隻
62,390,動力漁船隻数,27340,東伊豆町,隻
23,390,動力漁船隻数,27370,河津町,隻
171,390,動力漁船隻数,27390,下田市,隻
112,390,動力漁船隻数,27440,南伊豆町,隻
59,390,動力漁船隻数,27490,松崎町,隻
138,390,動力漁船隻数,27510,西伊豆町,隻
26,390,動力漁船隻数,27550,伊豆市,隻
323,390,動力漁船隻数,27570,沼津市,隻
71,390,動力漁船隻数,27630,富士市,隻
196,390,動力漁船隻数,27650,静岡市,隻
79,390,動力漁船隻数,27690,由比町,隻
130,390,動力漁船隻数,27710,焼津市,隻
x,390,動力漁船隻数,27730,大井川町,隻
78,390,動力漁船隻数,27750,吉田町,隻
110,390,動力漁船隻数,27770,牧之原市,隻
131,390,動力漁船隻数,27810,御前崎市,隻
7,390,動力漁船隻数,27840,掛川市,隻
x,390,動力漁船隻数,27870,袋井市,隻
70,390,動力漁船隻数,27890,磐田市,隻
336,390,動力漁船隻数,27930,浜松市,隻
85,390,動力漁船隻数,28000,湖西市,隻
121,390,動力漁船隻数,28020,新居町,隻
1788,390,動力漁船隻数,28220,愛知県,隻
137,390,動力漁船隻数,28240,田原市,隻
x,390,動力漁船隻数,28370,豊橋市,隻
-,390,動力漁船隻数,28400,豊川市,隻
72,390,動力漁船隻数,28420,蒲郡市,隻
56,390,動力漁船隻数,28470,幡豆町,隻
12,390,動力漁船隻数,28500,吉良町,隻
209,390,動力漁船隻数,28530,一色町,隻
12,390,動力漁船隻数,28590,西尾市,隻
85,390,動力漁船隻数,28610,碧南市,隻
-,390,動力漁船隻数,28630,高浜市,隻
x,390,動力漁船隻数,28650,刈谷市,隻
-,390,動力漁船隻数,28670,東浦町,隻
-,390,動力漁船隻数,28690,半田市,隻
-,390,動力漁船隻数,28710,武豊町,隻
19,390,動力漁船隻数,28730,美浜町,隻
1028,390,動力漁船隻数,28760,南知多町,隻
157,390,動力漁船隻数,28850,常滑市,隻
-,390,動力漁船隻数,28900,知多市,隻
-,390,動力漁船隻数,28920,東海市,隻
-,390,動力漁船隻数,28940,名古屋市,隻
-,390,動力漁船隻数,28970,飛島村,隻
-,390,動力漁船隻数,28990,弥富市,隻
5033,390,動力漁船隻数,29410,三重県,隻
11,390,動力漁船隻数,29430,木曽岬町,隻
119,390,動力漁船隻数,29450,桑名市,隻
4,390,動力漁船隻数,29500,川越町,隻
106,390,動力漁船隻数,29520,四日市市,隻
122,390,動力漁船隻数,29580,鈴鹿市,隻
114,390,動力漁船隻数,29630,津市,隻
54,390,動力漁船隻数,29700,松阪市,隻
63,390,動力漁船隻数,29780,明和町,隻
106,390,動力漁船隻数,29810,伊勢市,隻
1082,390,動力漁船隻数,29930,鳥羽市,隻
1219,390,動力漁船隻数,30100,志摩市,隻
1041,390,動力漁船隻数,30380,南伊勢町,隻
115,390,動力漁船隻数,30560,大紀町,隻
394,390,動力漁船隻数,30580,紀北町,隻
310,390,動力漁船隻数,30680,尾鷲市,隻
127,390,動力漁船隻数,30790,熊野市,隻
13,390,動力漁船隻数,30860,御浜町,隻
33,390,動力漁船隻数,30880,紀宝町,隻
640,390,動力漁船隻数,31310,京都府,隻
224,390,動力漁船隻数,31330,舞鶴市,隻
144,390,動力漁船隻数,31410,宮津市,隻
-,390,動力漁船隻数,31470,与謝野町,隻
88,390,動力漁船隻数,31490,伊根町,隻
184,390,動力漁船隻数,31560,京丹後市,隻
855,390,動力漁船隻数,31890,大阪府,隻
81,390,動力漁船隻数,31910,大阪市,隻
81,390,動力漁船隻数,31980,堺市,隻
25,390,動力漁船隻数,32010,高石市,隻
16,390,動力漁船隻数,32030,泉大津市,隻
x,390,動力漁船隻数,32050,忠岡町,隻
174,390,動力漁船隻数,32070,岸和田市,隻
x,390,動力漁船隻数,32100,貝塚市,隻
82,390,動力漁船隻数,32120,泉佐野市,隻
28,390,動力漁船隻数,32140,田尻町,隻
77,390,動力漁船隻数,32160,泉南市,隻
97,390,動力漁船隻数,32190,阪南市,隻
176,390,動力漁船隻数,32230,岬町,隻
4980,390,動力漁船隻数,32600,兵庫県,隻
326,390,動力漁船隻数,32610,日本海西区,隻
86,390,動力漁船隻数,32630,豊岡市,隻
134,390,動力漁船隻数,32660,香美町,隻
106,390,動力漁船隻数,32690,新温泉町,隻
4654,390,動力漁船隻数,32730,瀬戸内海区,隻
-,390,動力漁船隻数,32750,尼崎市,隻
-,390,動力漁船隻数,32770,西宮市,隻
x,390,動力漁船隻数,32790,芦屋市,隻
266,390,動力漁船隻数,32810,神戸市,隻
864,390,動力漁船隻数,32910,明石市,隻
x,390,動力漁船隻数,32990,播磨町,隻
41,390,動力漁船隻数,33010,加古川市,隻
122,390,動力漁船隻数,33040,高砂市,隻
918,390,動力漁船隻数,33090,姫路市,隻
137,390,動力漁船隻数,33220,たつの市,隻
79,390,動力漁船隻数,33260,相生市,隻
68,390,動力漁船隻数,33280,赤穂市,隻
1170,390,動力漁船隻数,33320,淡路市,隻
379,390,動力漁船隻数,33490,洲本市,隻
578,390,動力漁船隻数,33550,南あわじ市,隻
2711,390,動力漁船隻数,34290,和歌山県,隻
1594,390,動力漁船隻数,34300,太平洋南区,隻
68,390,動力漁船隻数,34320,美浜町,隻
144,390,動力漁船隻数,34350,御坊市,隻
52,390,動力漁船隻数,34370,印南町,隻
135,390,動力漁船隻数,34390,みなべ町,隻
214,390,動力漁船隻数,34410,田辺市,隻
121,390,動力漁船隻数,34450,白浜町,隻
105,390,動力漁船隻数,34490,すさみ町,隻
433,390,動力漁船隻数,34510,串本町,隻
199,390,動力漁船隻数,34600,那智勝浦町,隻
70,390,動力漁船隻数,34650,太地町,隻
53,390,動力漁船隻数,34670,新宮市,隻
1117,390,動力漁船隻数,34700,瀬戸内海区,隻
304,390,動力漁船隻数,34720,和歌山市,隻
103,390,動力漁船隻数,34810,海南市,隻
294,390,動力漁船隻数,34870,有田市,隻
114,390,動力漁船隻数,34920,湯浅町,隻
54,390,動力漁船隻数,34960,広川町,隻
155,390,動力漁船隻数,34980,由良町,隻
93,390,動力漁船隻数,35040,日高町,隻
553,390,動力漁船隻数,35190,鳥取県,隻
83,390,動力漁船隻数,35210,岩美町,隻
129,390,動力漁船隻数,35260,鳥取市,隻
35,390,動力漁船隻数,35330,湯梨浜町,隻
5,390,動力漁船隻数,35360,北栄町,隻
48,390,動力漁船隻数,35390,琴浦町,隻
60,390,動力漁船隻数,35420,大山町,隻
91,390,動力漁船隻数,35460,米子市,隻
3,390,動力漁船隻数,35490,日吉津村,隻
99,390,動力漁船隻数,35510,境港市,隻
1846,390,動力漁船隻数,35650,島根県,隻
8,390,動力漁船隻数,35670,安来市,隻
-,390,動力漁船隻数,35700,東出雲町,隻
372,390,動力漁船隻数,35720,松江市,隻
213,390,動力漁船隻数,35870,出雲市,隻
230,390,動力漁船隻数,35960,大田市,隻
25,390,動力漁船隻数,36070,江津市,隻
178,390,動力漁船隻数,36100,浜田市,隻
93,390,動力漁船隻数,36170,益田市,隻
361,390,動力漁船隻数,36200,隠岐の島町,隻
135,390,動力漁船隻数,36290,海士町,隻
177,390,動力漁船隻数,36340,西ノ島町,隻
54,390,動力漁船隻数,36370,知夫村,隻
1790,390,動力漁船隻数,36490,岡山県,隻
234,390,動力漁船隻数,36510,備前市,隻
351,390,動力漁船隻数,36560,瀬戸内市,隻
144,390,動力漁船隻数,36590,岡山市,隻
159,390,動力漁船隻数,36650,玉野市,隻
601,390,動力漁船隻数,36690,倉敷市,隻
84,390,動力漁船隻数,36770,浅口市,隻
217,390,動力漁船隻数,36790,笠岡市,隻
3257,390,動力漁船隻数,37070,広島県,隻
397,390,動力漁船隻数,37090,福山市,隻
325,390,動力漁船隻数,37190,尾道市,隻
68,390,動力漁船隻数,37290,三原市,隻
40,390,動力漁船隻数,37330,竹原市,隻
49,390,動力漁船隻数,37370,東広島市,隻
59,390,動力漁船隻数,37400,大崎上島町,隻
942,390,動力漁船隻数,37440,呉市,隻
568,390,動力漁船隻数,37600,江田島市,隻
44,390,動力漁船隻数,37720,坂町,隻
4,390,動力漁船隻数,37740,海田町,隻
465,390,動力漁船隻数,37760,広島市,隻
160,390,動力漁船隻数,37830,廿日市市,隻
136,390,動力漁船隻数,37870,大竹市,隻
4683,390,動力漁船隻数,38010,山口県,隻
2239,390,動力漁船隻数,38020,東シナ海区,隻
740,390,動力漁船隻数,38040,萩市,隻
98,390,動力漁船隻数,38200,阿武町,隻
734,390,動力漁船隻数,38240,長門市,隻
667,390,動力漁船隻数,38400,下関市,隻
2444,390,動力漁船隻数,38630,瀬戸内海区,隻
493,390,動力漁船隻数,38650,周防大島町,隻
-,390,動力漁船隻数,38730,和木町,隻
240,390,動力漁船隻数,38750,岩国市,隻
152,390,動力漁船隻数,38820,柳井市,隻
215,390,動力漁船隻数,38890,上関町,隻
59,390,動力漁船隻数,38940,平生町,隻
32,390,動力漁船隻数,38960,田布施町,隻
85,390,動力漁船隻数,38990,光市,隻
47,390,動力漁船隻数,39020,下松市,隻
248,390,動力漁船隻数,39040,周南市,隻
208,390,動力漁船隻数,39120,防府市,隻
136,390,動力漁船隻数,39230,山口市,隻
397,390,動力漁船隻数,39310,宇部市,隻
80,390,動力漁船隻数,39380,山陽小野田市,隻
52,390,動力漁船隻数,39430,下関市,隻
1882,390,動力漁船隻数,39530,徳島県,隻
725,390,動力漁船隻数,39540,太平洋南区,隻
274,390,動力漁船隻数,39560,美波町,隻
224,390,動力漁船隻数,39640,牟岐町,隻
227,390,動力漁船隻数,39660,海陽町,隻
1157,390,動力漁船隻数,39700,瀬戸内海区,隻
333,390,動力漁船隻数,39720,鳴門市,隻
75,390,動力漁船隻数,39800,松茂町,隻
107,390,動力漁船隻数,39820,徳島市,隻
161,390,動力漁船隻数,39860,小松島市,隻
481,390,動力漁船隻数,39890,阿南市,隻
2452,390,動力漁船隻数,40150,香川県,隻
248,390,動力漁船隻数,40170,東かがわ市,隻
222,390,動力漁船隻数,40210,さぬき市,隻
157,390,動力漁船隻数,40270,小豆島町,隻
226,390,動力漁船隻数,40300,土庄町,隻
537,390,動力漁船隻数,40380,高松市,隻
116,390,動力漁船隻数,40480,直島町,隻
219,390,動力漁船隻数,40500,坂出市,隻
25,390,動力漁船隻数,40550,宇多津町,隻
192,390,動力漁船隻数,40570,丸亀市,隻
127,390,動力漁船隻数,40620,多度津町,隻
191,390,動力漁船隻数,40670,三豊市,隻
192,390,動力漁船隻数,40760,観音寺市,隻
5544,390,動力漁船隻数,40880,愛媛県,隻
2515,390,動力漁船隻数,40890,太平洋南区,隻
150,390,動力漁船隻数,40910,八幡浜市,隻
260,390,動力漁船隻数,40940,西予市,隻
1522,390,動力漁船隻数,40970,宇和島市,隻
583,390,動力漁船隻数,41090,愛南町,隻
3029,390,動力漁船隻数,41180,瀬戸内海区,隻
224,390,動力漁船隻数,41200,四国中央市,隻
149,390,動力漁船隻数,41250,新居浜市,隻
151,390,動力漁船隻数,41310,西条市,隻
121,390,動力漁船隻数,41390,上島町,隻
888,390,動力漁船隻数,41440,今治市,隻
675,390,動力漁船隻数,41600,松山市,隻
32,390,動力漁船隻数,41780,松前町,隻
188,390,動力漁船隻数,41800,伊予市,隻
112,390,動力漁船隻数,41840,大洲市,隻
76,390,動力漁船隻数,41870,八幡浜市,隻
413,390,動力漁船隻数,41900,伊方町,隻
2871,390,動力漁船隻数,42060,高知県,隻
101,390,動力漁船隻数,42080,東洋町,隻
339,390,動力漁船隻数,42110,室戸市,隻
56,390,動力漁船隻数,42200,奈半利町,隻
18,390,動力漁船隻数,42230,田野町,隻
29,390,動力漁船隻数,42250,安田町,隻
73,390,動力漁船隻数,42270,安芸市,隻
22,390,動力漁船隻数,42330,芸西村,隻
141,390,動力漁船隻数,42350,香南市,隻
38,390,動力漁船隻数,42400,南国市,隻
76,390,動力漁船隻数,42450,高知市,隻
91,390,動力漁船隻数,42500,土佐市,隻
460,390,動力漁船隻数,42540,須崎市,隻
136,390,動力漁船隻数,42610,中土佐町,隻
68,390,動力漁船隻数,42650,四万十町,隻
211,390,動力漁船隻数,42680,黒潮町,隻
102,390,動力漁船隻数,42740,四万十市,隻
462,390,動力漁船隻数,42760,土佐清水市,隻
183,390,動力漁船隻数,42850,大月町,隻
265,390,動力漁船隻数,42980,宿毛市,隻
3494,390,動力漁船隻数,43240,福岡県,隻
3110,390,動力漁船隻数,43250,東シナ海区,隻
354,390,動力漁船隻数,43270,北九州市,隻
72,390,動力漁船隻数,43410,芦屋町,隻
44,390,動力漁船隻数,43440,岡垣町,隻
437,390,動力漁船隻数,43460,宗像市,隻
52,390,動力漁船隻数,43510,福津市,隻
-,390,動力漁船隻数,43540,古賀市,隻
69,390,動力漁船隻数,43560,新宮町,隻
527,390,動力漁船隻数,43590,福岡市,隻
288,390,動力漁船隻数,43770,志摩町,隻
16,390,動力漁船隻数,43830,前原市,隻
92,390,動力漁船隻数,43850,二丈町,隻
-,390,動力漁船隻数,43880,久留米市,隻
141,390,動力漁船隻数,43920,大川市,隻
854,390,動力漁船隻数,43980,柳川市,隻
48,390,動力漁船隻数,44080,みやま市,隻
116,390,動力漁船隻数,44110,大牟田市,隻
384,390,動力漁船隻数,44140,瀬戸内海区,隻
129,390,動力漁船隻数,44160,北九州市,隻
51,390,動力漁船隻数,44230,苅田町,隻
104,390,動力漁船隻数,44250,行橋市,隻
16,390,動力漁船隻数,44300,築上町,隻
67,390,動力漁船隻数,44330,豊前市,隻
17,390,動力漁船隻数,44370,吉富町,隻
2596,390,動力漁船隻数,44850,佐賀県,隻
936,390,動力漁船隻数,44870,唐津市,隻
104,390,動力漁船隻数,45120,玄海町,隻
47,390,動力漁船隻数,45150,伊万里市,隻
x,390,動力漁船隻数,45170,神埼市,隻
685,390,動力漁船隻数,45190,佐賀市,隻
176,390,動力漁船隻数,45280,小城市,隻
-,390,動力漁船隻数,45300,江北町,隻
196,390,動力漁船隻数,45320,白石町,隻
x,390,動力漁船隻数,45360,嬉野市,隻
232,390,動力漁船隻数,45380,鹿島市,隻
207,390,動力漁船隻数,45430,太良町,隻
8909,390,動力漁船隻数,45570,長崎県,隻
1663,390,動力漁船隻数,45590,対馬市,隻
979,390,動力漁船隻数,45890,壱岐市,隻
356,390,動力漁船隻数,45950,松浦市,隻
843,390,動力漁船隻数,46000,平戸市,隻
120,390,動力漁船隻数,46140,鹿町町,隻
813,390,動力漁船隻数,46160,佐世保市,隻
208,390,動力漁船隻数,46240,小値賀町,隻
50,390,動力漁船隻数,46260,川棚町,隻
29,390,動力漁船隻数,46280,東彼杵町,隻
111,390,動力漁船隻数,46300,大村市,隻
176,390,動力漁船隻数,46340,諫早市,隻
2,390,動力漁船隻数,46450,長与町,隻
37,390,動力漁船隻数,46470,時津町,隻
685,390,動力漁船隻数,46490,長崎市,隻
444,390,動力漁船隻数,46680,西海市,隻
289,390,動力漁船隻数,46750,雲仙市,隻
462,390,動力漁船隻数,46850,南島原市,隻
234,390,動力漁船隻数,46930,島原市,隻
543,390,動力漁船隻数,46970,新上五島町,隻
865,390,動力漁船隻数,47140,五島市,隻
3473,390,動力漁船隻数,47350,熊本県,隻
29,390,動力漁船隻数,47370,荒尾市,隻
16,390,動力漁船隻数,47400,長洲町,隻
57,390,動力漁船隻数,47420,玉名市,隻
326,390,動力漁船隻数,47490,熊本市,隻
33,390,動力漁船隻数,47590,宇土市,隻
128,390,動力漁船隻数,47630,宇城市,隻
12,390,動力漁船隻数,47720,氷川町,隻
149,390,動力漁船隻数,47740,八代市,隻
128,390,動力漁船隻数,47820,芦北町,隻
75,390,動力漁船隻数,47850,津奈木町,隻
102,390,動力漁船隻数,47870,水俣市,隻
679,390,動力漁船隻数,47890,上天草市,隻
1642,390,動力漁船隻数,48010,天草市,隻
97,390,動力漁船隻数,48250,苓北町,隻
3115,390,動力漁船隻数,48650,大分県,隻
1870,390,動力漁船隻数,48660,太平洋南区,隻
329,390,動力漁船隻数,48680,大分市,隻
195,390,動力漁船隻数,48700,臼杵市,隻
401,390,動力漁船隻数,48720,津久見市,隻
945,390,動力漁船隻数,48750,佐伯市,隻
1245,390,動力漁船隻数,48860,瀬戸内海区,隻
95,390,動力漁船隻数,48880,中津市,隻
132,390,動力漁船隻数,48900,宇佐市,隻
53,390,動力漁船隻数,48950,豊後高田市,隻
322,390,動力漁船隻数,48990,国東市,隻
163,390,動力漁船隻数,49050,姫島村,隻
183,390,動力漁船隻数,49070,杵築市,隻
97,390,動力漁船隻数,49090,日出町,隻
77,390,動力漁船隻数,49120,別府市,隻
123,390,動力漁船隻数,49140,大分市,隻
1681,390,動力漁船隻数,49240,宮崎県,隻
481,390,動力漁船隻数,49260,延岡市,隻
115,390,動力漁船隻数,49320,門川町,隻
179,390,動力漁船隻数,49350,日向市,隻
56,390,動力漁船隻数,49380,都農町,隻
169,390,動力漁船隻数,49400,川南町,隻
4,390,動力漁船隻数,49420,高鍋町,隻
18,390,動力漁船隻数,49440,新富町,隻
211,390,動力漁船隻数,49460,宮崎市,隻
127,390,動力漁船隻数,49510,日南市,隻
106,390,動力漁船隻数,49550,南郷町,隻
215,390,動力漁船隻数,49590,串間市,隻
4561,390,動力漁船隻数,49840,鹿児島県,隻
95,390,動力漁船隻数,49860,出水市,隻
745,390,動力漁船隻数,49890,長島町,隻
232,390,動力漁船隻数,49920,阿久根市,隻
317,390,動力漁船隻数,49960,薩摩川内市,隻
237,390,動力漁船隻数,50040,いちき串木野市,隻
78,390,動力漁船隻数,50090,日置市,隻
200,390,動力漁船隻数,50140,南さつま市,隻
40,390,動力漁船隻数,50230,枕崎市,隻
35,390,動力漁船隻数,50250,南九州市,隻
148,390,動力漁船隻数,50280,指宿市,隻
411,390,動力漁船隻数,50330,鹿児島市,隻
28,390,動力漁船隻数,50390,姶良町,隻
22,390,動力漁船隻数,50410,加治木町,隻
94,390,動力漁船隻数,50430,霧島市,隻
379,390,動力漁船隻数,50470,垂水市,隻
84,390,動力漁船隻数,50500,鹿屋市,隻
28,390,動力漁船隻数,50520,錦江町,隻
142,390,動力漁船隻数,50540,南大隅町,隻
135,390,動力漁船隻数,50580,肝付町,隻
28,390,動力漁船隻数,50630,東串良町,隻
31,390,動力漁船隻数,50650,大崎町,隻
63,390,動力漁船隻数,50670,志布志市,隻
21,390,動力漁船隻数,50700,三島村,隻
29,390,動力漁船隻数,50720,十島村,隻
194,390,動力漁船隻数,50740,西之表市,隻
41,390,動力漁船隻数,50760,中種子町,隻
43,390,動力漁船隻数,50780,南種子町,隻
98,390,動力漁船隻数,50800,屋久島町,隻
100,390,動力漁船隻数,50830,奄美市,隻
22,390,動力漁船隻数,50870,龍郷町,隻
26,390,動力漁船隻数,50890,大和村,隻
44,390,動力漁船隻数,50910,宇検村,隻
94,390,動力漁船隻数,50930,瀬戸内町,隻
29,390,動力漁船隻数,50950,喜界町,隻
40,390,動力漁船隻数,50970,徳之島町,隻
27,390,動力漁船隻数,50990,天城町,隻
41,390,動力漁船隻数,51010,伊仙町,隻
27,390,動力漁船隻数,51030,和泊町,隻
7,390,動力漁船隻数,51050,知名町,隻
106,390,動力漁船隻数,51070,与論町,隻
2090,390,動力漁船隻数,51170,沖縄県,隻
38,390,動力漁船隻数,51190,国頭村,隻
1,390,動力漁船隻数,51210,大宜味村,隻
13,390,動力漁船隻数,51230,東村,隻
68,390,動力漁船隻数,51250,名護市,隻
36,390,動力漁船隻数,51270,今帰仁村,隻
45,390,動力漁船隻数,51290,本部町,隻
32,390,動力漁船隻数,51310,恩納村,隻
19,390,動力漁船隻数,51330,宜野座村,隻
31,390,動力漁船隻数,51350,金武町,隻
54,390,動力漁船隻数,51370,伊江村,隻
38,390,動力漁船隻数,51390,伊是名村,隻
24,390,動力漁船隻数,51410,伊平屋村,隻
276,390,動力漁船隻数,51430,うるま市,隻
68,390,動力漁船隻数,51480,沖縄市,隻
24,390,動力漁船隻数,51500,読谷村,隻
8,390,動力漁船隻数,51520,嘉手納町,隻
17,390,動力漁船隻数,51540,北谷町,隻
9,390,動力漁船隻数,51560,北中城村,隻
29,390,動力漁船隻数,51580,中城村,隻
15,390,動力漁船隻数,51600,西原町,隻
29,390,動力漁船隻数,51620,宜野湾市,隻
37,390,動力漁船隻数,51640,浦添市,隻
107,390,動力漁船隻数,51660,那覇市,隻
39,390,動力漁船隻数,51680,豊見城市,隻
98,390,動力漁船隻数,51700,糸満市,隻
32,390,動力漁船隻数,51720,八重瀬町,隻
126,390,動力漁船隻数,51740,南城市,隻
23,390,動力漁船隻数,51780,与那原町,隻
95,390,動力漁船隻数,51800,久米島町,隻
47,390,動力漁船隻数,51820,座間味村,隻
23,390,動力漁船隻数,51840,渡嘉敷村,隻
25,390,動力漁船隻数,51860,渡名喜村,隻
25,390,動力漁船隻数,51880,粟国村,隻
13,390,動力漁船隻数,51900,南大東村,隻
8,390,動力漁船隻数,51920,北大東村,隻
241,390,動力漁船隻数,51940,宮古島市,隻
5,390,動力漁船隻数,52000,多良間村,隻
206,390,動力漁船隻数,52020,石垣市,隻
37,390,動力漁船隻数,52040,竹富町,隻
29,390,動力漁船隻数,52060,与那国町,隻
731433.5,400,動力漁船トン数,10010,全国,t
77520.7,400,動力漁船トン数,10020,北海道,t
43435.7,400,動力漁船トン数,10060,北海道太平洋北区,t
9861.0,400,動力漁船トン数,10070,根室支庁,t
2813.9,400,動力漁船トン数,10090,羅臼町,t
840.1,400,動力漁船トン数,10110,標津町,t
1158.3,400,動力漁船トン数,10130,別海町,t
5048.7,400,動力漁船トン数,10160,根室市,t
9129.6,400,動力漁船トン数,10240,釧路支庁,t
756.8,400,動力漁船トン数,10260,浜中町,t
1477.4,400,動力漁船トン数,10290,厚岸町,t
419.4,400,動力漁船トン数,10310,釧路町,t
4971.6,400,動力漁船トン数,10330,釧路市,t
1504.4,400,動力漁船トン数,10370,白糠町,t
2328.3,400,動力漁船トン数,10430,十勝支庁,t
250.6,400,動力漁船トン数,10450,浦幌町,t
279.5,400,動力漁船トン数,10470,豊頃町,t
367.6,400,動力漁船トン数,10490,大樹町,t
1430.6,400,動力漁船トン数,10510,広尾町,t
3725.7,400,動力漁船トン数,10690,日高支庁,t
1076.0,400,動力漁船トン数,10710,えりも町,t
848.5,400,動力漁船トン数,10740,様似町,t
689.8,400,動力漁船トン数,10770,浦河町,t
612.3,400,動力漁船トン数,10800,新ひだか町,t
124.5,400,動力漁船トン数,10830,新冠町,t
374.6,400,動力漁船トン数,10850,日高町,t
5108.8,400,動力漁船トン数,10890,胆振支庁,t
153.0,400,動力漁船トン数,10910,むかわ町,t
61.9,400,動力漁船トン数,10930,厚真町,t
484.8,400,動力漁船トン数,10950,苫小牧市,t
1729.6,400,動力漁船トン数,10970,白老町,t
387.7,400,動力漁船トン数,11000,登別市,t
1180.8,400,動力漁船トン数,11020,室蘭市,t
431.3,400,動力漁船トン数,11040,伊達市,t
385.3,400,動力漁船トン数,11070,洞爺湖町,t
294.4,400,動力漁船トン数,11090,豊浦町,t
13282.3,400,動力漁船トン数,11140,渡島支庁,t
536.2,400,動力漁船トン数,11160,長万部町,t
1737.2,400,動力漁船トン数,11180,八雲町,t
3086.2,400,動力漁船トン数,11210,森町,t
1614.5,400,動力漁船トン数,11240,鹿部町,t
4543.4,400,動力漁船トン数,11260,函館市,t
137.8,400,動力漁船トン数,11460,北斗市,t
133.0,400,動力漁船トン数,11510,木古内町,t
727.7,400,動力漁船トン数,11530,知内町,t
766.3,400,動力漁船トン数,11550,福島町,t
34085.0,400,動力漁船トン数,11630,北海道日本海北区,t
10707.5,400,動力漁船トン数,11640,宗谷支庁,t
2839.3,400,動力漁船トン数,11660,枝幸町,t
446.5,400,動力漁船トン数,11680,浜頓別町,t
1244.8,400,動力漁船トン数,11700,猿払村,t
4622.6,400,動力漁船トン数,11720,稚内市,t
105.7,400,動力漁船トン数,11750,豊富町,t
229.2,400,動力漁船トン数,11770,利尻町,t
396.0,400,動力漁船トン数,11800,利尻富士町,t
823.4,400,動力漁船トン数,11830,礼文町,t
9562.1,400,動力漁船トン数,11880,網走支庁,t
1090.2,400,動力漁船トン数,11900,斜里町,t
-,400,動力漁船トン数,11920,小清水町,t
1474.1,400,動力漁船トン数,11940,網走市,t
1202.4,400,動力漁船トン数,11960,北見市,t
476.4,400,動力漁船トン数,11980,佐呂間町,t
1281.2,400,動力漁船トン数,12000,湧別町,t
2157.3,400,動力漁船トン数,12020,紋別市,t
818.9,400,動力漁船トン数,12040,興部町,t
1061.6,400,動力漁船トン数,12060,雄武町,t
3386.8,400,動力漁船トン数,12190,留萌支庁,t
-,400,動力漁船トン数,12210,幌延町,t
266.1,400,動力漁船トン数,12230,天塩町,t
152.7,400,動力漁船トン数,12250,遠別町,t
148.7,400,動力漁船トン数,12270,初山別村,t
1185.0,400,動力漁船トン数,12290,羽幌町,t
407.2,400,動力漁船トン数,12330,苫前町,t
282.9,400,動力漁船トン数,12350,小平町,t
248.7,400,動力漁船トン数,12370,留萌市,t
695.5,400,動力漁船トン数,12390,増毛町,t
481.5,400,動力漁船トン数,12410,石狩支庁,t
481.5,400,動力漁船トン数,12430,石狩市,t
5387.3,400,動力漁船トン数,12550,後志支庁,t
1735.8,400,動力漁船トン数,12570,小樽市,t
394.7,400,動力漁船トン数,12590,余市町,t
530.4,400,動力漁船トン数,12610,古平町,t
742.9,400,動力漁船トン数,12630,積丹町,t
175.0,400,動力漁船トン数,12660,神恵内村,t
263.3,400,動力漁船トン数,12680,泊村,t
-,400,動力漁船トン数,12710,共和町,t
663.5,400,動力漁船トン数,12730,岩内町,t
14.0,400,動力漁船トン数,12750,蘭越町,t
409.5,400,動力漁船トン数,12770,寿都町,t
458.2,400,動力漁船トン数,12790,島牧村,t
3015.4,400,動力漁船トン数,12920,檜山支庁,t
1073.4,400,動力漁船トン数,12940,せたな町,t
631.9,400,動力漁船トン数,12990,乙部町,t
423.3,400,動力漁船トン数,13010,奥尻町,t
555.8,400,動力漁船トン数,13030,江差町,t
331.0,400,動力漁船トン数,13050,上ノ国町,t
1544.4,400,動力漁船トン数,13100,渡島支庁,t
266.7,400,動力漁船トン数,13110,八雲町,t
1277.7,400,動力漁船トン数,13130,松前町,t
35831.4,400,動力漁船トン数,13700,青森県,t
25315.1,400,動力漁船トン数,13710,太平洋北区,t
428.8,400,動力漁船トン数,13730,佐井村,t
1922.4,400,動力漁船トン数,13750,大間町,t
413.3,400,動力漁船トン数,13780,風間浦村,t
2690.6,400,動力漁船トン数,13820,むつ市,t
1703.6,400,動力漁船トン数,13850,東通村,t
933.8,400,動力漁船トン数,13930,六ヶ所村,t
355.2,400,動力漁船トン数,13970,三沢市,t
260.5,400,動力漁船トン数,13990,おいらせ町,t
16352.6,400,動力漁船トン数,14010,八戸市,t
254.3,400,動力漁船トン数,14050,階上町,t
10516.3,400,動力漁船トン数,14070,日本海北区,t
891.2,400,動力漁船トン数,14090,むつ市,t
422.8,400,動力漁船トン数,14130,横浜町,t
383.4,400,動力漁船トン数,14150,野辺地町,t
2447.8,400,動力漁船トン数,14170,平内町,t
738.6,400,動力漁船トン数,14210,青森市,t
213.8,400,動力漁船トン数,14260,蓬田村,t
1093.0,400,動力漁船トン数,14280,外ヶ浜町,t
255.8,400,動力漁船トン数,14330,今別町,t
1332.0,400,動力漁船トン数,14360,中泊町,t
56.3,400,動力漁船トン数,14390,五所川原市,t
68.3,400,動力漁船トン数,14420,つがる市,t
427.0,400,動力漁船トン数,14450,鰺ヶ沢町,t
2186.3,400,動力漁船トン数,14480,深浦町,t
19057.3,400,動力漁船トン数,14740,岩手県,t
408.8,400,動力漁船トン数,14760,洋野町,t
525.2,400,動力漁船トン数,14850,久慈市,t
156.1,400,動力漁船トン数,14880,野田村,t
574.7,400,動力漁船トン数,14900,普代村,t
262.6,400,動力漁船トン数,14920,田野畑村,t
197.6,400,動力漁船トン数,14950,岩泉町,t
5438.0,400,動力漁船トン数,14980,宮古市,t
1955.7,400,動力漁船トン数,15020,山田町,t
567.7,400,動力漁船トン数,15090,大槌町,t
6098.1,400,動力漁船トン数,15120,釜石市,t
2083.3,400,動力漁船トン数,15190,大船渡市,t
789.5,400,動力漁船トン数,15270,陸前高田市,t
46726.8,400,動力漁船トン数,15580,宮城県,t
23902.7,400,動力漁船トン数,15600,気仙沼市,t
364.1,400,動力漁船トン数,15670,本吉町,t
1991.1,400,動力漁船トン数,15700,南三陸町,t
10073.0,400,動力漁船トン数,15740,石巻市,t
2765.9,400,動力漁船トン数,15970,女川町,t
286.9,400,動力漁船トン数,16010,東松島市,t
62.2,400,動力漁船トン数,16060,松島町,t
12.7,400,動力漁船トン数,16080,利府町,t
5321.2,400,動力漁船トン数,16100,塩竈市,t
-,400,動力漁船トン数,16140,多賀城市,t
258.9,400,動力漁船トン数,16160,七ヶ浜町,t
1188.7,400,動力漁船トン数,16240,仙台市,t
162.2,400,動力漁船トン数,16260,名取市,t
-,400,動力漁船トン数,16280,岩沼市,t
206.7,400,動力漁船トン数,16300,亘理町,t
130.5,400,動力漁船トン数,16320,山元町,t
2779.6,400,動力漁船トン数,16550,秋田県,t
415.0,400,動力漁船トン数,16570,八峰町,t
92.1,400,動力漁船トン数,16610,能代市,t
40.2,400,動力漁船トン数,16630,三種町,t
1206.7,400,動力漁船トン数,16650,男鹿市,t
194.7,400,動力漁船トン数,16730,潟上市,t
85.1,400,動力漁船トン数,16750,秋田市,t
130.4,400,動力漁船トン数,16780,由利本荘市,t
615.4,400,動力漁船トン数,16820,にかほ市,t
1774.1,400,動力漁船トン数,17040,山形県,t
109.5,400,動力漁船トン数,17060,遊佐町,t
787.1,400,動力漁船トン数,17080,酒田市,t
877.5,400,動力漁船トン数,17110,鶴岡市,t
11563.8,400,動力漁船トン数,17500,福島県,t
226.5,400,動力漁船トン数,17520,新地町,t
1743.8,400,動力漁船トン数,17540,相馬市,t
317.7,400,動力漁船トン数,17580,南相馬市,t
311.8,400,動力漁船トン数,17620,浪江町,t
-,400,動力漁船トン数,17640,双葉町,t
x,400,動力漁船トン数,17660,大熊町,t
76.1,400,動力漁船トン数,17680,富岡町,t
x,400,動力漁船トン数,17700,楢葉町,t
-,400,動力漁船トン数,17720,広野町,t
8876.1,400,動力漁船トン数,17740,いわき市,t
11727.2,400,動力漁船トン数,18350,茨城県,t
3051.0,400,動力漁船トン数,18370,北茨城市,t
x,400,動力漁船トン数,18400,高萩市,t
1616.1,400,動力漁船トン数,18420,日立市,t
-,400,動力漁船トン数,18480,東海村,t
653.3,400,動力漁船トン数,18500,ひたちなか市,t
433.3,400,動力漁船トン数,18540,大洗町,t
x,400,動力漁船トン数,18560,鉾田市,t
413.4,400,動力漁船トン数,18600,鹿嶋市,t
5486.0,400,動力漁船トン数,18620,神栖市,t
12532.0,400,動力漁船トン数,20460,千葉県,t
3465.0,400,動力漁船トン数,20480,銚子市,t
510.4,400,動力漁船トン数,20500,旭市,t
541.9,400,動力漁船トン数,20530,匝瑳市,t
34.6,400,動力漁船トン数,20560,横芝光町,t
51.8,400,動力漁船トン数,20590,山武市,t
x,400,動力漁船トン数,20620,九十九里町,t
-,400,動力漁船トン数,20640,大網白里町,t
203.9,400,動力漁船トン数,20660,白子町,t
x,400,動力漁船トン数,20680,長生村,t
x,400,動力漁船トン数,20700,一宮町,t
497.4,400,動力漁船トン数,20720,いすみ市,t
277.0,400,動力漁船トン数,20750,御宿町,t
1132.3,400,動力漁船トン数,20780,勝浦市,t
1297.5,400,動力漁船トン数,20870,鴨川市,t
647.5,400,動力漁船トン数,20920,南房総市,t
421.1,400,動力漁船トン数,20990,館山市,t
266.9,400,動力漁船トン数,21050,鋸南町,t
1761.2,400,動力漁船トン数,21080,富津市,t
-,400,動力漁船トン数,21130,君津市,t
290.6,400,動力漁船トン数,21150,木更津市,t
x,400,動力漁船トン数,21220,袖ヶ浦市,t
-,400,動力漁船トン数,21240,市原市,t
-,400,動力漁船トン数,21260,千葉市,t
71.2,400,動力漁船トン数,21280,習志野市,t
531.9,400,動力漁船トン数,21300,船橋市,t
234.8,400,動力漁船トン数,21320,市川市,t
43.2,400,動力漁船トン数,21350,浦安市,t
16938.4,400,動力漁船トン数,21670,東京都,t
185.1,400,動力漁船トン数,21690,江戸川区,t
12.4,400,動力漁船トン数,21710,葛飾区,t
57.2,400,動力漁船トン数,21730,江東区,t
27.9,400,動力漁船トン数,21750,墨田区,t
11577.2,400,動力漁船トン数,21770,中央区,t
37.5,400,動力漁船トン数,21790,台東区,t
1850.4,400,動力漁船トン数,21810,港区,t
214.6,400,動力漁船トン数,21830,品川区,t
115.3,400,動力漁船トン数,21850,大田区,t
-,400,動力漁船トン数,21870,千代田区,t
203.0,400,動力漁船トン数,21890,大島町,t
33.1,400,動力漁船トン数,21950,利島村,t
444.6,400,動力漁船トン数,21970,新島村,t
764.2,400,動力漁船トン数,22010,神津島村,t
290.0,400,動力漁船トン数,22030,三宅村,t
8.1,400,動力漁船トン数,22090,御蔵島村,t
755.9,400,動力漁船トン数,22110,八丈町,t
31.4,400,動力漁船トン数,22160,青ヶ島村,t
330.5,400,動力漁船トン数,22180,小笠原村,t
14919.2,400,動力漁船トン数,22650,神奈川県,t
x,400,動力漁船トン数,22670,川崎市,t
921.9,400,動力漁船トン数,22690,横浜市,t
1688.0,400,動力漁船トン数,22750,横須賀市,t
10627.6,400,動力漁船トン数,22840,三浦市,t
134.9,400,動力漁船トン数,22970,葉山町,t
26.9,400,動力漁船トン数,22990,逗子市,t
49.8,400,動力漁船トン数,23010,鎌倉市,t
158.2,400,動力漁船トン数,23040,藤沢市,t
286.8,400,動力漁船トン数,23070,茅ヶ崎市,t
132.3,400,動力漁船トン数,23090,平塚市,t
152.9,400,動力漁船トン数,23110,大磯町,t
x,400,動力漁船トン数,23130,二宮町,t
431.3,400,動力漁船トン数,23150,小田原市,t
227.9,400,動力漁船トン数,23180,真鶴町,t
64.2,400,動力漁船トン数,23210,湯河原町,t
5913.9,400,動力漁船トン数,23420,新潟県,t
138.1,400,動力漁船トン数,23440,粟島浦村,t
699.5,400,動力漁船トン数,23460,村上市,t
11.6,400,動力漁船トン数,23510,胎内市,t
28.9,400,動力漁船トン数,23530,新発田市,t
103.3,400,動力漁船トン数,23550,聖籠町,t
1754.7,400,動力漁船トン数,23570,新潟市,t
71.3,400,動力漁船トン数,23640,長岡市,t
79.8,400,動力漁船トン数,23660,出雲崎町,t
69.3,400,動力漁船トン数,23680,柏崎市,t
168.0,400,動力漁船トン数,23710,上越市,t
566.7,400,動力漁船トン数,23760,糸魚川市,t
2222.7,400,動力漁船トン数,23840,佐渡市,t
10291.6,400,動力漁船トン数,24320,富山県,t
66.4,400,動力漁船トン数,24340,朝日町,t
3227.8,400,動力漁船トン数,24360,入善町,t
331.0,400,動力漁船トン数,24400,黒部市,t
1652.2,400,動力漁船トン数,24430,魚津市,t
105.6,400,動力漁船トン数,24460,滑川市,t
360.0,400,動力漁船トン数,24480,富山市,t
665.7,400,動力漁船トン数,24520,射水市,t
3045.2,400,動力漁船トン数,24550,高岡市,t
837.7,400,動力漁船トン数,24570,氷見市,t
13085.6,400,動力漁船トン数,24700,石川県,t
1140.8,400,動力漁船トン数,24720,七尾市,t
143.3,400,動力漁船トン数,24810,穴水町,t
5121.8,400,動力漁船トン数,24850,能登町,t
1653.9,400,動力漁船トン数,24900,珠洲市,t
2578.8,400,動力漁船トン数,24960,輪島市,t
866.7,400,動力漁船トン数,24990,志賀町,t
142.7,400,動力漁船トン数,25040,羽咋市,t
63.9,400,動力漁船トン数,25070,宝達志水町,t
166.4,400,動力漁船トン数,25100,かほく市,t
71.6,400,動力漁船トン数,25140,内灘町,t
470.9,400,動力漁船トン数,25160,金沢市,t
104.3,400,動力漁船トン数,25180,白山市,t
8.4,400,動力漁船トン数,25210,能美市,t
122.4,400,動力漁船トン数,25230,小松市,t
429.7,400,動力漁船トン数,25250,加賀市,t
6373.5,400,動力漁船トン数,25330,福井県,t
8.9,400,動力漁船トン数,25350,あわら市,t
695.1,400,動力漁船トン数,25370,坂井市,t
462.6,400,動力漁船トン数,25390,福井市,t
2123.5,400,動力漁船トン数,25420,越前町,t
181.4,400,動力漁船トン数,25440,南越前町,t
486.5,400,動力漁船トン数,25460,敦賀市,t
658.7,400,動力漁船トン数,25480,美浜町,t
406.2,400,動力漁船トン数,25510,若狭町,t
575.1,400,動力漁船トン数,25530,小浜市,t
414.6,400,動力漁船トン数,25550,おおい町,t
360.9,400,動力漁船トン数,25570,高浜町,t
35574.2,400,動力漁船トン数,27230,静岡県,t
235.2,400,動力漁船トン数,27250,熱海市,t
846.8,400,動力漁船トン数,27290,伊東市,t
281.2,400,動力漁船トン数,27340,東伊豆町,t
78.0,400,動力漁船トン数,27370,河津町,t
1211.4,400,動力漁船トン数,27390,下田市,t
326.1,400,動力漁船トン数,27440,南伊豆町,t
85.6,400,動力漁船トン数,27490,松崎町,t
433.4,400,動力漁船トン数,27510,西伊豆町,t
105.6,400,動力漁船トン数,27550,伊豆市,t
5989.1,400,動力漁船トン数,27570,沼津市,t
321.6,400,動力漁船トン数,27630,富士市,t
2855.3,400,動力漁船トン数,27650,静岡市,t
485.8,400,動力漁船トン数,27690,由比町,t
13593.9,400,動力漁船トン数,27710,焼津市,t
x,400,動力漁船トン数,27730,大井川町,t
592.5,400,動力漁船トン数,27750,吉田町,t
839.4,400,動力漁船トン数,27770,牧之原市,t
3004.4,400,動力漁船トン数,27810,御前崎市,t
19.0,400,動力漁船トン数,27840,掛川市,t
x,400,動力漁船トン数,27870,袋井市,t
547.1,400,動力漁船トン数,27890,磐田市,t
1517.8,400,動力漁船トン数,27930,浜松市,t
139.7,400,動力漁船トン数,28000,湖西市,t
377.7,400,動力漁船トン数,28020,新居町,t
11824.4,400,動力漁船トン数,28220,愛知県,t
541.3,400,動力漁船トン数,28240,田原市,t
x,400,動力漁船トン数,28370,豊橋市,t
-,400,動力漁船トン数,28400,豊川市,t
606.3,400,動力漁船トン数,28420,蒲郡市,t
437.6,400,動力漁船トン数,28470,幡豆町,t
89.5,400,動力漁船トン数,28500,吉良町,t
1264.1,400,動力漁船トン数,28530,一色町,t
51.0,400,動力漁船トン数,28590,西尾市,t
981.3,400,動力漁船トン数,28610,碧南市,t
-,400,動力漁船トン数,28630,高浜市,t
x,400,動力漁船トン数,28650,刈谷市,t
-,400,動力漁船トン数,28670,東浦町,t
-,400,動力漁船トン数,28690,半田市,t
-,400,動力漁船トン数,28710,武豊町,t
91.7,400,動力漁船トン数,28730,美浜町,t
7129.8,400,動力漁船トン数,28760,南知多町,t
628.8,400,動力漁船トン数,28850,常滑市,t
-,400,動力漁船トン数,28900,知多市,t
-,400,動力漁船トン数,28920,東海市,t
-,400,動力漁船トン数,28940,名古屋市,t
-,400,動力漁船トン数,28970,飛島村,t
-,400,動力漁船トン数,28990,弥富市,t
31804.3,400,動力漁船トン数,29410,三重県,t
39.9,400,動力漁船トン数,29430,木曽岬町,t
442.3,400,動力漁船トン数,29450,桑名市,t
11.2,400,動力漁船トン数,29500,川越町,t
844.2,400,動力漁船トン数,29520,四日市市,t
1021.6,400,動力漁船トン数,29580,鈴鹿市,t
888.1,400,動力漁船トン数,29630,津市,t
220.9,400,動力漁船トン数,29700,松阪市,t
415.9,400,動力漁船トン数,29780,明和町,t
1670.2,400,動力漁船トン数,29810,伊勢市,t
4625.3,400,動力漁船トン数,29930,鳥羽市,t
4677.6,400,動力漁船トン数,30100,志摩市,t
7409.5,400,動力漁船トン数,30380,南伊勢町,t
594.3,400,動力漁船トン数,30560,大紀町,t
2314.0,400,動力漁船トン数,30580,紀北町,t
5836.5,400,動力漁船トン数,30680,尾鷲市,t
580.0,400,動力漁船トン数,30790,熊野市,t
79.4,400,動力漁船トン数,30860,御浜町,t
133.4,400,動力漁船トン数,30880,紀宝町,t
2615.0,400,動力漁船トン数,31310,京都府,t
834.6,400,動力漁船トン数,31330,舞鶴市,t
501.5,400,動力漁船トン数,31410,宮津市,t
-,400,動力漁船トン数,31470,与謝野町,t
419.7,400,動力漁船トン数,31490,伊根町,t
859.2,400,動力漁船トン数,31560,京丹後市,t
5280.3,400,動力漁船トン数,31890,大阪府,t
276.9,400,動力漁船トン数,31910,大阪市,t
290.2,400,動力漁船トン数,31980,堺市,t
119.4,400,動力漁船トン数,32010,高石市,t
71.7,400,動力漁船トン数,32030,泉大津市,t
x,400,動力漁船トン数,32050,忠岡町,t
1643.9,400,動力漁船トン数,32070,岸和田市,t
x,400,動力漁船トン数,32100,貝塚市,t
750.8,400,動力漁船トン数,32120,泉佐野市,t
108.5,400,動力漁船トン数,32140,田尻町,t
433.0,400,動力漁船トン数,32160,泉南市,t
578.4,400,動力漁船トン数,32190,阪南市,t
865.9,400,動力漁船トン数,32230,岬町,t
27246.6,400,動力漁船トン数,32600,兵庫県,t
5119.6,400,動力漁船トン数,32610,日本海西区,t
1436.6,400,動力漁船トン数,32630,豊岡市,t
1928.7,400,動力漁船トン数,32660,香美町,t
1754.3,400,動力漁船トン数,32690,新温泉町,t
22127.0,400,動力漁船トン数,32730,瀬戸内海区,t
-,400,動力漁船トン数,32750,尼崎市,t
-,400,動力漁船トン数,32770,西宮市,t
x,400,動力漁船トン数,32790,芦屋市,t
1729.7,400,動力漁船トン数,32810,神戸市,t
4595.5,400,動力漁船トン数,32910,明石市,t
x,400,動力漁船トン数,32990,播磨町,t
145.1,400,動力漁船トン数,33010,加古川市,t
469.2,400,動力漁船トン数,33040,高砂市,t
4555.1,400,動力漁船トン数,33090,姫路市,t
600.5,400,動力漁船トン数,33220,たつの市,t
371.2,400,動力漁船トン数,33260,相生市,t
260.2,400,動力漁船トン数,33280,赤穂市,t
5880.9,400,動力漁船トン数,33320,淡路市,t
1249.4,400,動力漁船トン数,33490,洲本市,t
2140.4,400,動力漁船トン数,33550,南あわじ市,t
14166.7,400,動力漁船トン数,34290,和歌山県,t
7557.7,400,動力漁船トン数,34300,太平洋南区,t
259.0,400,動力漁船トン数,34320,美浜町,t
552.6,400,動力漁船トン数,34350,御坊市,t
301.3,400,動力漁船トン数,34370,印南町,t
832.7,400,動力漁船トン数,34390,みなべ町,t
1253.0,400,動力漁船トン数,34410,田辺市,t
533.2,400,動力漁船トン数,34450,白浜町,t
655.7,400,動力漁船トン数,34490,すさみ町,t
1925.3,400,動力漁船トン数,34510,串本町,t
771.6,400,動力漁船トン数,34600,那智勝浦町,t
228.0,400,動力漁船トン数,34650,太地町,t
245.3,400,動力漁船トン数,34670,新宮市,t
6609.0,400,動力漁船トン数,34700,瀬戸内海区,t
1379.3,400,動力漁船トン数,34720,和歌山市,t
511.4,400,動力漁船トン数,34810,海南市,t
2374.1,400,動力漁船トン数,34870,有田市,t
763.1,400,動力漁船トン数,34920,湯浅町,t
325.1,400,動力漁船トン数,34960,広川町,t
598.5,400,動力漁船トン数,34980,由良町,t
657.5,400,動力漁船トン数,35040,日高町,t
9242.2,400,動力漁船トン数,35190,鳥取県,t
2199.7,400,動力漁船トン数,35210,岩美町,t
1007.6,400,動力漁船トン数,35260,鳥取市,t
126.4,400,動力漁船トン数,35330,湯梨浜町,t
10.7,400,動力漁船トン数,35360,北栄町,t
230.4,400,動力漁船トン数,35390,琴浦町,t
208.8,400,動力漁船トン数,35420,大山町,t
277.7,400,動力漁船トン数,35460,米子市,t
8.7,400,動力漁船トン数,35490,日吉津村,t
5172.2,400,動力漁船トン数,35510,境港市,t
11254.1,400,動力漁船トン数,35650,島根県,t
8.8,400,動力漁船トン数,35670,安来市,t
-,400,動力漁船トン数,35700,東出雲町,t
2073.8,400,動力漁船トン数,35720,松江市,t
624.7,400,動力漁船トン数,35870,出雲市,t
1261.1,400,動力漁船トン数,35960,大田市,t
109.8,400,動力漁船トン数,36070,江津市,t
1941.1,400,動力漁船トン数,36100,浜田市,t
362.9,400,動力漁船トン数,36170,益田市,t
2798.4,400,動力漁船トン数,36200,隠岐の島町,t
369.5,400,動力漁船トン数,36290,海士町,t
1555.9,400,動力漁船トン数,36340,西ノ島町,t
148.1,400,動力漁船トン数,36370,知夫村,t
6013.5,400,動力漁船トン数,36490,岡山県,t
963.9,400,動力漁船トン数,36510,備前市,t
1148.0,400,動力漁船トン数,36560,瀬戸内市,t
429.6,400,動力漁船トン数,36590,岡山市,t
446.3,400,動力漁船トン数,36650,玉野市,t
1943.6,400,動力漁船トン数,36690,倉敷市,t
368.3,400,動力漁船トン数,36770,浅口市,t
713.8,400,動力漁船トン数,36790,笠岡市,t
15568.9,400,動力漁船トン数,37070,広島県,t
1790.4,400,動力漁船トン数,37090,福山市,t
952.9,400,動力漁船トン数,37190,尾道市,t
160.7,400,動力漁船トン数,37290,三原市,t
134.2,400,動力漁船トン数,37330,竹原市,t
388.0,400,動力漁船トン数,37370,東広島市,t
165.4,400,動力漁船トン数,37400,大崎上島町,t
4074.5,400,動力漁船トン数,37440,呉市,t
3102.6,400,動力漁船トン数,37600,江田島市,t
445.6,400,動力漁船トン数,37720,坂町,t
50.5,400,動力漁船トン数,37740,海田町,t
2177.0,400,動力漁船トン数,37760,広島市,t
1280.2,400,動力漁船トン数,37830,廿日市市,t
846.9,400,動力漁船トン数,37870,大竹市,t
18164.6,400,動力漁船トン数,38010,山口県,t
11180.2,400,動力漁船トン数,38020,東シナ海区,t
4083.7,400,動力漁船トン数,38040,萩市,t
368.9,400,動力漁船トン数,38200,阿武町,t
3786.3,400,動力漁船トン数,38240,長門市,t
2941.3,400,動力漁船トン数,38400,下関市,t
6984.4,400,動力漁船トン数,38630,瀬戸内海区,t
1223.3,400,動力漁船トン数,38650,周防大島町,t
-,400,動力漁船トン数,38730,和木町,t
488.9,400,動力漁船トン数,38750,岩国市,t
387.8,400,動力漁船トン数,38820,柳井市,t
576.6,400,動力漁船トン数,38890,上関町,t
179.6,400,動力漁船トン数,38940,平生町,t
77.2,400,動力漁船トン数,38960,田布施町,t
275.7,400,動力漁船トン数,38990,光市,t
110.5,400,動力漁船トン数,39020,下松市,t
705.5,400,動力漁船トン数,39040,周南市,t
609.0,400,動力漁船トン数,39120,防府市,t
384.3,400,動力漁船トン数,39230,山口市,t
1597.5,400,動力漁船トン数,39310,宇部市,t
285.6,400,動力漁船トン数,39380,山陽小野田市,t
82.9,400,動力漁船トン数,39430,下関市,t
9293.3,400,動力漁船トン数,39530,徳島県,t
2765.2,400,動力漁船トン数,39540,太平洋南区,t
978.3,400,動力漁船トン数,39560,美波町,t
542.9,400,動力漁船トン数,39640,牟岐町,t
1244.0,400,動力漁船トン数,39660,海陽町,t
6528.1,400,動力漁船トン数,39700,瀬戸内海区,t
1160.3,400,動力漁船トン数,39720,鳴門市,t
289.3,400,動力漁船トン数,39800,松茂町,t
1000.4,400,動力漁船トン数,39820,徳島市,t
1672.9,400,動力漁船トン数,39860,小松島市,t
2405.2,400,動力漁船トン数,39890,阿南市,t
10883.1,400,動力漁船トン数,40150,香川県,t
950.7,400,動力漁船トン数,40170,東かがわ市,t
724.1,400,動力漁船トン数,40210,さぬき市,t
464.4,400,動力漁船トン数,40270,小豆島町,t
805.4,400,動力漁船トン数,40300,土庄町,t
2924.0,400,動力漁船トン数,40380,高松市,t
685.1,400,動力漁船トン数,40480,直島町,t
845.5,400,動力漁船トン数,40500,坂出市,t
130.9,400,動力漁船トン数,40550,宇多津町,t
698.9,400,動力漁船トン数,40570,丸亀市,t
613.5,400,動力漁船トン数,40620,多度津町,t
695.9,400,動力漁船トン数,40670,三豊市,t
1344.7,400,動力漁船トン数,40760,観音寺市,t
25745.6,400,動力漁船トン数,40880,愛媛県,t
15325.0,400,動力漁船トン数,40890,太平洋南区,t
1037.7,400,動力漁船トン数,40910,八幡浜市,t
1294.0,400,動力漁船トン数,40940,西予市,t
7063.7,400,動力漁船トン数,40970,宇和島市,t
5929.6,400,動力漁船トン数,41090,愛南町,t
10420.6,400,動力漁船トン数,41180,瀬戸内海区,t
1128.1,400,動力漁船トン数,41200,四国中央市,t
598.0,400,動力漁船トン数,41250,新居浜市,t
591.5,400,動力漁船トン数,41310,西条市,t
353.4,400,動力漁船トン数,41390,上島町,t
2795.7,400,動力漁船トン数,41440,今治市,t
1839.7,400,動力漁船トン数,41600,松山市,t
152.3,400,動力漁船トン数,41780,松前町,t
859.9,400,動力漁船トン数,41800,伊予市,t
394.0,400,動力漁船トン数,41840,大洲市,t
238.4,400,動力漁船トン数,41870,八幡浜市,t
1469.6,400,動力漁船トン数,41900,伊方町,t
22599.6,400,動力漁船トン数,42060,高知県,t
737.8,400,動力漁船トン数,42080,東洋町,t
6490.6,400,動力漁船トン数,42110,室戸市,t
544.4,400,動力漁船トン数,42200,奈半利町,t
85.9,400,動力漁船トン数,42230,田野町,t
154.0,400,動力漁船トン数,42250,安田町,t
370.8,400,動力漁船トン数,42270,安芸市,t
111.4,400,動力漁船トン数,42330,芸西村,t
625.9,400,動力漁船トン数,42350,香南市,t
201.5,400,動力漁船トン数,42400,南国市,t
686.8,400,動力漁船トン数,42450,高知市,t
1967.2,400,動力漁船トン数,42500,土佐市,t
1713.6,400,動力漁船トン数,42540,須崎市,t
774.5,400,動力漁船トン数,42610,中土佐町,t
199.2,400,動力漁船トン数,42650,四万十町,t
2608.3,400,動力漁船トン数,42680,黒潮町,t
246.0,400,動力漁船トン数,42740,四万十市,t
2378.4,400,動力漁船トン数,42760,土佐清水市,t
1173.4,400,動力漁船トン数,42850,大月町,t
1529.9,400,動力漁船トン数,42980,宿毛市,t
18107.2,400,動力漁船トン数,43240,福岡県,t
16778.8,400,動力漁船トン数,43250,東シナ海区,t
1394.8,400,動力漁船トン数,43270,北九州市,t
442.9,400,動力漁船トン数,43410,芦屋町,t
172.8,400,動力漁船トン数,43440,岡垣町,t
2780.6,400,動力漁船トン数,43460,宗像市,t
228.9,400,動力漁船トン数,43510,福津市,t
-,400,動力漁船トン数,43540,古賀市,t
274.3,400,動力漁船トン数,43560,新宮町,t
4251.0,400,動力漁船トン数,43590,福岡市,t
1512.1,400,動力漁船トン数,43770,志摩町,t
75.9,400,動力漁船トン数,43830,前原市,t
522.0,400,動力漁船トン数,43850,二丈町,t
-,400,動力漁船トン数,43880,久留米市,t
572.1,400,動力漁船トン数,43920,大川市,t
3889.8,400,動力漁船トン数,43980,柳川市,t
208.1,400,動力漁船トン数,44080,みやま市,t
453.5,400,動力漁船トン数,44110,大牟田市,t
1328.4,400,動力漁船トン数,44140,瀬戸内海区,t
444.1,400,動力漁船トン数,44160,北九州市,t
176.5,400,動力漁船トン数,44230,苅田町,t
368.4,400,動力漁船トン数,44250,行橋市,t
33.2,400,動力漁船トン数,44300,築上町,t
254.9,400,動力漁船トン数,44330,豊前市,t
51.3,400,動力漁船トン数,44370,吉富町,t
11253.5,400,動力漁船トン数,44850,佐賀県,t
4141.8,400,動力漁船トン数,44870,唐津市,t
352.9,400,動力漁船トン数,45120,玄海町,t
202.3,400,動力漁船トン数,45150,伊万里市,t
x,400,動力漁船トン数,45170,神埼市,t
3123.9,400,動力漁船トン数,45190,佐賀市,t
776.0,400,動力漁船トン数,45280,小城市,t
-,400,動力漁船トン数,45300,江北町,t
776.0,400,動力漁船トン数,45320,白石町,t
x,400,動力漁船トン数,45360,嬉野市,t
1013.2,400,動力漁船トン数,45380,鹿島市,t
810.7,400,動力漁船トン数,45430,太良町,t
59033.9,400,動力漁船トン数,45570,長崎県,t
8848.5,400,動力漁船トン数,45590,対馬市,t
4726.1,400,動力漁船トン数,45890,壱岐市,t
1969.6,400,動力漁船トン数,45950,松浦市,t
9499.6,400,動力漁船トン数,46000,平戸市,t
743.8,400,動力漁船トン数,46140,鹿町町,t
5313.8,400,動力漁船トン数,46160,佐世保市,t
1104.9,400,動力漁船トン数,46240,小値賀町,t
124.3,400,動力漁船トン数,46260,川棚町,t
57.1,400,動力漁船トン数,46280,東彼杵町,t
276.9,400,動力漁船トン数,46300,大村市,t
616.3,400,動力漁船トン数,46340,諫早市,t
3.3,400,動力漁船トン数,46450,長与町,t
84.5,400,動力漁船トン数,46470,時津町,t
6018.2,400,動力漁船トン数,46490,長崎市,t
1681.4,400,動力漁船トン数,46680,西海市,t
1479.8,400,動力漁船トン数,46750,雲仙市,t
1403.8,400,動力漁船トン数,46850,南島原市,t
883.9,400,動力漁船トン数,46930,島原市,t
8736.5,400,動力漁船トン数,46970,新上五島町,t
5461.6,400,動力漁船トン数,47140,五島市,t
13679.7,400,動力漁船トン数,47350,熊本県,t
87.1,400,動力漁船トン数,47370,荒尾市,t
64.5,400,動力漁船トン数,47400,長洲町,t
221.5,400,動力漁船トン数,47420,玉名市,t
1436.0,400,動力漁船トン数,47490,熊本市,t
132.5,400,動力漁船トン数,47590,宇土市,t
301.8,400,動力漁船トン数,47630,宇城市,t
40.0,400,動力漁船トン数,47720,氷川町,t
332.4,400,動力漁船トン数,47740,八代市,t
586.7,400,動力漁船トン数,47820,芦北町,t
289.2,400,動力漁船トン数,47850,津奈木町,t
296.6,400,動力漁船トン数,47870,水俣市,t
2558.5,400,動力漁船トン数,47890,上天草市,t
7035.6,400,動力漁船トン数,48010,天草市,t
297.3,400,動力漁船トン数,48250,苓北町,t
15634.6,400,動力漁船トン数,48650,大分県,t
10969.8,400,動力漁船トン数,48660,太平洋南区,t
875.8,400,動力漁船トン数,48680,大分市,t
762.4,400,動力漁船トン数,48700,臼杵市,t
3261.6,400,動力漁船トン数,48720,津久見市,t
6070.0,400,動力漁船トン数,48750,佐伯市,t
4664.8,400,動力漁船トン数,48860,瀬戸内海区,t
291.3,400,動力漁船トン数,48880,中津市,t
442.0,400,動力漁船トン数,48900,宇佐市,t
193.3,400,動力漁船トン数,48950,豊後高田市,t
1164.5,400,動力漁船トン数,48990,国東市,t
692.1,400,動力漁船トン数,49050,姫島村,t
909.2,400,動力漁船トン数,49070,杵築市,t
402.8,400,動力漁船トン数,49090,日出町,t
236.6,400,動力漁船トン数,49120,別府市,t
333.0,400,動力漁船トン数,49140,大分市,t
15602.0,400,動力漁船トン数,49240,宮崎県,t
3351.4,400,動力漁船トン数,49260,延岡市,t
553.5,400,動力漁船トン数,49320,門川町,t
1197.4,400,動力漁船トン数,49350,日向市,t
232.9,400,動力漁船トン数,49380,都農町,t
1108.0,400,動力漁船トン数,49400,川南町,t
14.6,400,動力漁船トン数,49420,高鍋町,t
85.7,400,動力漁船トン数,49440,新富町,t
1174.7,400,動力漁船トン数,49460,宮崎市,t
1484.0,400,動力漁船トン数,49510,日南市,t
5414.4,400,動力漁船トン数,49550,南郷町,t
985.4,400,動力漁船トン数,49590,串間市,t
45689.5,400,動力漁船トン数,49840,鹿児島県,t
324.8,400,動力漁船トン数,49860,出水市,t
3628.6,400,動力漁船トン数,49890,長島町,t
1076.6,400,動力漁船トン数,49920,阿久根市,t
1394.1,400,動力漁船トン数,49960,薩摩川内市,t
22508.4,400,動力漁船トン数,50040,いちき串木野市,t
324.9,400,動力漁船トン数,50090,日置市,t
1060.9,400,動力漁船トン数,50140,南さつま市,t
2167.0,400,動力漁船トン数,50230,枕崎市,t
218.6,400,動力漁船トン数,50250,南九州市,t
828.0,400,動力漁船トン数,50280,指宿市,t
2373.5,400,動力漁船トン数,50330,鹿児島市,t
70.5,400,動力漁船トン数,50390,姶良町,t
46.9,400,動力漁船トン数,50410,加治木町,t
340.3,400,動力漁船トン数,50430,霧島市,t
2844.3,400,動力漁船トン数,50470,垂水市,t
545.4,400,動力漁船トン数,50500,鹿屋市,t
166.0,400,動力漁船トン数,50520,錦江町,t
840.7,400,動力漁船トン数,50540,南大隅町,t
894.8,400,動力漁船トン数,50580,肝付町,t
92.5,400,動力漁船トン数,50630,東串良町,t
168.4,400,動力漁船トン数,50650,大崎町,t
250.4,400,動力漁船トン数,50670,志布志市,t
45.2,400,動力漁船トン数,50700,三島村,t
81.1,400,動力漁船トン数,50720,十島村,t
676.0,400,動力漁船トン数,50740,西之表市,t
176.8,400,動力漁船トン数,50760,中種子町,t
200.5,400,動力漁船トン数,50780,南種子町,t
518.0,400,動力漁船トン数,50800,屋久島町,t
413.9,400,動力漁船トン数,50830,奄美市,t
66.8,400,動力漁船トン数,50870,龍郷町,t
65.0,400,動力漁船トン数,50890,大和村,t
190.5,400,動力漁船トン数,50910,宇検村,t
327.1,400,動力漁船トン数,50930,瀬戸内町,t
105.5,400,動力漁船トン数,50950,喜界町,t
112.6,400,動力漁船トン数,50970,徳之島町,t
82.3,400,動力漁船トン数,50990,天城町,t
72.5,400,動力漁船トン数,51010,伊仙町,t
84.0,400,動力漁船トン数,51030,和泊町,t
21.0,400,動力漁船トン数,51050,知名町,t
285.1,400,動力漁船トン数,51070,与論町,t
8121.6,400,動力漁船トン数,51170,沖縄県,t
180.7,400,動力漁船トン数,51190,国頭村,t
2.5,400,動力漁船トン数,51210,大宜味村,t
59.5,400,動力漁船トン数,51230,東村,t
328.9,400,動力漁船トン数,51250,名護市,t
76.8,400,動力漁船トン数,51270,今帰仁村,t
211.2,400,動力漁船トン数,51290,本部町,t
107.1,400,動力漁船トン数,51310,恩納村,t
84.6,400,動力漁船トン数,51330,宜野座村,t
105.4,400,動力漁船トン数,51350,金武町,t
260.3,400,動力漁船トン数,51370,伊江村,t
70.0,400,動力漁船トン数,51390,伊是名村,t
62.7,400,動力漁船トン数,51410,伊平屋村,t
769.3,400,動力漁船トン数,51430,うるま市,t
346.0,400,動力漁船トン数,51480,沖縄市,t
133.5,400,動力漁船トン数,51500,読谷村,t
18.6,400,動力漁船トン数,51520,嘉手納町,t
110.0,400,動力漁船トン数,51540,北谷町,t
31.7,400,動力漁船トン数,51560,北中城村,t
84.6,400,動力漁船トン数,51580,中城村,t
83.0,400,動力漁船トン数,51600,西原町,t
219.5,400,動力漁船トン数,51620,宜野湾市,t
225.9,400,動力漁船トン数,51640,浦添市,t
978.7,400,動力漁船トン数,51660,那覇市,t
233.1,400,動力漁船トン数,51680,豊見城市,t
441.8,400,動力漁船トン数,51700,糸満市,t
106.5,400,動力漁船トン数,51720,八重瀬町,t
476.7,400,動力漁船トン数,51740,南城市,t
152.4,400,動力漁船トン数,51780,与那原町,t
330.5,400,動力漁船トン数,51800,久米島町,t
140.9,400,動力漁船トン数,51820,座間味村,t
69.4,400,動力漁船トン数,51840,渡嘉敷村,t
56.0,400,動力漁船トン数,51860,渡名喜村,t
54.1,400,動力漁船トン数,51880,粟国村,t
47.0,400,動力漁船トン数,51900,南大東村,t
11.6,400,動力漁船トン数,51920,北大東村,t
691.7,400,動力漁船トン数,51940,宮古島市,t
6.7,400,動力漁船トン数,52000,多良間村,t
577.9,400,動力漁船トン数,52020,石垣市,t
92.7,400,動力漁船トン数,52040,竹富町,t
82.1,400,動力漁船トン数,52060,与那国町,t
