value,tab,tab_label,cat01,cat01_label,area,area_label,unit
115196,150,経営体数,11,計(実数),10010,全国,経営体
14780,150,経営体数,11,計(実数),10020,北海道,経営体
9115,150,経営体数,11,計(実数),10060,北海道太平洋北区,経営体
1663,150,経営体数,11,計(実数),10070,根室支庁,経営体
381,150,経営体数,11,計(実数),10090,羅臼町,経営体
31,150,経営体数,11,計(実数),10110,標津町,経営体
422,150,経営体数,11,計(実数),10130,別海町,経営体
829,150,経営体数,11,計(実数),10160,根室市,経営体
1532,150,経営体数,11,計(実数),10240,釧路支庁,経営体
528,150,経営体数,11,計(実数),10260,浜中町,経営体
473,150,経営体数,11,計(実数),10290,厚岸町,経営体
223,150,経営体数,11,計(実数),10310,釧路町,経営体
189,150,経営体数,11,計(実数),10330,釧路市,経営体
119,150,経営体数,11,計(実数),10370,白糠町,経営体
282,150,経営体数,11,計(実数),10430,十勝支庁,経営体
28,150,経営体数,11,計(実数),10450,浦幌町,経営体
30,150,経営体数,11,計(実数),10470,豊頃町,経営体
36,150,経営体数,11,計(実数),10490,大樹町,経営体
188,150,経営体数,11,計(実数),10510,広尾町,経営体
1401,150,経営体数,11,計(実数),10690,日高支庁,経営体
650,150,経営体数,11,計(実数),10710,えりも町,経営体
240,150,経営体数,11,計(実数),10740,様似町,経営体
226,150,経営体数,11,計(実数),10770,浦河町,経営体
208,150,経営体数,11,計(実数),10800,新ひだか町,経営体
18,150,経営体数,11,計(実数),10830,新冠町,経営体
59,150,経営体数,11,計(実数),10850,日高町,経営体
647,150,経営体数,11,計(実数),10890,胆振支庁,経営体
29,150,経営体数,11,計(実数),10910,むかわ町,経営体
13,150,経営体数,11,計(実数),10930,厚真町,経営体
63,150,経営体数,11,計(実数),10950,苫小牧市,経営体
205,150,経営体数,11,計(実数),10970,白老町,経営体
48,150,経営体数,11,計(実数),11000,登別市,経営体
59,150,経営体数,11,計(実数),11020,室蘭市,経営体
106,150,経営体数,11,計(実数),11040,伊達市,経営体
46,150,経営体数,11,計(実数),11070,洞爺湖町,経営体
78,150,経営体数,11,計(実数),11090,豊浦町,経営体
3590,150,経営体数,11,計(実数),11140,渡島支庁,経営体
101,150,経営体数,11,計(実数),11160,長万部町,経営体
322,150,経営体数,11,計(実数),11180,八雲町,経営体
437,150,経営体数,11,計(実数),11210,森町,経営体
350,150,経営体数,11,計(実数),11240,鹿部町,経営体
1908,150,経営体数,11,計(実数),11260,函館市,経営体
123,150,経営体数,11,計(実数),11460,北斗市,経営体
45,150,経営体数,11,計(実数),11510,木古内町,経営体
92,150,経営体数,11,計(実数),11530,知内町,経営体
212,150,経営体数,11,計(実数),11550,福島町,経営体
5665,150,経営体数,11,計(実数),11630,北海道日本海北区,経営体
2027,150,経営体数,11,計(実数),11640,宗谷支庁,経営体
342,150,経営体数,11,計(実数),11660,枝幸町,経営体
39,150,経営体数,11,計(実数),11680,浜頓別町,経営体
39,150,経営体数,11,計(実数),11700,猿払村,経営体
461,150,経営体数,11,計(実数),11720,稚内市,経営体
16,150,経営体数,11,計(実数),11750,豊富町,経営体
313,150,経営体数,11,計(実数),11770,利尻町,経営体
369,150,経営体数,11,計(実数),11800,利尻富士町,経営体
448,150,経営体数,11,計(実数),11830,礼文町,経営体
949,150,経営体数,11,計(実数),11880,網走支庁,経営体
61,150,経営体数,11,計(実数),11900,斜里町,経営体
-,150,経営体数,11,計(実数),11920,小清水町,経営体
86,150,経営体数,11,計(実数),11940,網走市,経営体
140,150,経営体数,11,計(実数),11960,北見市,経営体
100,150,経営体数,11,計(実数),11980,佐呂間町,経営体
212,150,経営体数,11,計(実数),12000,湧別町,経営体
93,150,経営体数,11,計(実数),12020,紋別市,経営体
98,150,経営体数,11,計(実数),12040,興部町,経営体
159,150,経営体数,11,計(実数),12060,雄武町,経営体
534,150,経営体数,11,計(実数),12190,留萌支庁,経営体
-,150,経営体数,11,計(実数),12210,幌延町,経営体
25,150,経営体数,11,計(実数),12230,天塩町,経営体
18,150,経営体数,11,計(実数),12250,遠別町,経営体
29,150,経営体数,11,計(実数),12270,初山別村,経営体
164,150,経営体数,11,計(実数),12290,羽幌町,経営体
67,150,経営体数,11,計(実数),12330,苫前町,経営体
45,150,経営体数,11,計(実数),12350,小平町,経営体
35,150,経営体数,11,計(実数),12370,留萌市,経営体
151,150,経営体数,11,計(実数),12390,増毛町,経営体
143,150,経営体数,11,計(実数),12410,石狩支庁,経営体
143,150,経営体数,11,計(実数),12430,石狩市,経営体
912,150,経営体数,11,計(実数),12550,後志支庁,経営体
153,150,経営体数,11,計(実数),12570,小樽市,経営体
79,150,経営体数,11,計(実数),12590,余市町,経営体
76,150,経営体数,11,計(実数),12610,古平町,経営体
201,150,経営体数,11,計(実数),12630,積丹町,経営体
65,150,経営体数,11,計(実数),12660,神恵内村,経営体
59,150,経営体数,11,計(実数),12680,泊村,経営体
-,150,経営体数,11,計(実数),12710,共和町,経営体
54,150,経営体数,11,計(実数),12730,岩内町,経営体
8,150,経営体数,11,計(実数),12750,蘭越町,経営体
119,150,経営体数,11,計(実数),12770,寿都町,経営体
98,150,経営体数,11,計(実数),12790,島牧村,経営体
679,150,経営体数,11,計(実数),12920,檜山支庁,経営体
240,150,経営体数,11,計(実数),12940,せたな町,経営体
93,150,経営体数,11,計(実数),12990,乙部町,経営体
179,150,経営体数,11,計(実数),13010,奥尻町,経営体
86,150,経営体数,11,計(実数),13030,江差町,経営体
81,150,経営体数,11,計(実数),13050,上ノ国町,経営体
421,150,経営体数,11,計(実数),13100,渡島支庁,経営体
92,150,経営体数,11,計(実数),13110,八雲町,経営体
329,150,経営体数,11,計(実数),13130,松前町,経営体
5146,150,経営体数,11,計(実数),13700,青森県,経営体
2503,150,経営体数,11,計(実数),13710,太平洋北区,経営体
217,150,経営体数,11,計(実数),13730,佐井村,経営体
578,150,経営体数,11,計(実数),13750,大間町,経営体
253,150,経営体数,11,計(実数),13780,風間浦村,経営体
201,150,経営体数,11,計(実数),13820,むつ市,経営体
825,150,経営体数,11,計(実数),13850,東通村,経営体
95,150,経営体数,11,計(実数),13930,六ヶ所村,経営体
49,150,経営体数,11,計(実数),13970,三沢市,経営体
37,150,経営体数,11,計(実数),13990,おいらせ町,経営体
199,150,経営体数,11,計(実数),14010,八戸市,経営体
49,150,経営体数,11,計(実数),14050,階上町,経営体
2643,150,経営体数,11,計(実数),14070,日本海北区,経営体
234,150,経営体数,11,計(実数),14090,むつ市,経営体
105,150,経営体数,11,計(実数),14130,横浜町,経営体
111,150,経営体数,11,計(実数),14150,野辺地町,経営体
607,150,経営体数,11,計(実数),14170,平内町,経営体
205,150,経営体数,11,計(実数),14210,青森市,経営体
66,150,経営体数,11,計(実数),14260,蓬田村,経営体
360,150,経営体数,11,計(実数),14280,外ヶ浜町,経営体
141,150,経営体数,11,計(実数),14330,今別町,経営体
246,150,経営体数,11,計(実数),14360,中泊町,経営体
19,150,経営体数,11,計(実数),14390,五所川原市,経営体
41,150,経営体数,11,計(実数),14420,つがる市,経営体
75,150,経営体数,11,計(実数),14450,鰺ヶ沢町,経営体
433,150,経営体数,11,計(実数),14480,深浦町,経営体
5313,150,経営体数,11,計(実数),14740,岩手県,経営体
645,150,経営体数,11,計(実数),14760,洋野町,経営体
145,150,経営体数,11,計(実数),14850,久慈市,経営体
115,150,経営体数,11,計(実数),14880,野田村,経営体
169,150,経営体数,11,計(実数),14900,普代村,経営体
122,150,経営体数,11,計(実数),14920,田野畑村,経営体
130,150,経営体数,11,計(実数),14950,岩泉町,経営体
1025,150,経営体数,11,計(実数),14980,宮古市,経営体
544,150,経営体数,11,計(実数),15020,山田町,経営体
225,150,経営体数,11,計(実数),15090,大槌町,経営体
827,150,経営体数,11,計(実数),15120,釜石市,経営体
877,150,経営体数,11,計(実数),15190,大船渡市,経営体
489,150,経営体数,11,計(実数),15270,陸前高田市,経営体
4006,150,経営体数,11,計(実数),15580,宮城県,経営体
784,150,経営体数,11,計(実数),15600,気仙沼市,経営体
151,150,経営体数,11,計(実数),15670,本吉町,経営体
628,150,経営体数,11,計(実数),15700,南三陸町,経営体
1297,150,経営体数,11,計(実数),15740,石巻市,経営体
390,150,経営体数,11,計(実数),15970,女川町,経営体
208,150,経営体数,11,計(実数),16010,東松島市,経営体
104,150,経営体数,11,計(実数),16060,松島町,経営体
17,150,経営体数,11,計(実数),16080,利府町,経営体
127,150,経営体数,11,計(実数),16100,塩竈市,経営体
4,150,経営体数,11,計(実数),16140,多賀城市,経営体
183,150,経営体数,11,計(実数),16160,七ヶ浜町,経営体
17,150,経営体数,11,計(実数),16240,仙台市,経営体
31,150,経営体数,11,計(実数),16260,名取市,経営体
-,150,経営体数,11,計(実数),16280,岩沼市,経営体
36,150,経営体数,11,計(実数),16300,亘理町,経営体
29,150,経営体数,11,計(実数),16320,山元町,経営体
966,150,経営体数,11,計(実数),16550,秋田県,経営体
90,150,経営体数,11,計(実数),16570,八峰町,経営体
42,150,経営体数,11,計(実数),16610,能代市,経営体
36,150,経営体数,11,計(実数),16630,三種町,経営体
492,150,経営体数,11,計(実数),16650,男鹿市,経営体
39,150,経営体数,11,計(実数),16730,潟上市,経営体
52,150,経営体数,11,計(実数),16750,秋田市,経営体
64,150,経営体数,11,計(実数),16780,由利本荘市,経営体
151,150,経営体数,11,計(実数),16820,にかほ市,経営体
416,150,経営体数,11,計(実数),17040,山形県,経営体
45,150,経営体数,11,計(実数),17060,遊佐町,経営体
145,150,経営体数,11,計(実数),17080,酒田市,経営体
226,150,経営体数,11,計(実数),17110,鶴岡市,経営体
743,150,経営体数,11,計(実数),17500,福島県,経営体
42,150,経営体数,11,計(実数),17520,新地町,経営体
325,150,経営体数,11,計(実数),17540,相馬市,経営体
56,150,経営体数,11,計(実数),17580,南相馬市,経営体
74,150,経営体数,11,計(実数),17620,浪江町,経営体
-,150,経営体数,11,計(実数),17640,双葉町,経営体
2,150,経営体数,11,計(実数),17660,大熊町,経営体
8,150,経営体数,11,計(実数),17680,富岡町,経営体
1,150,経営体数,11,計(実数),17700,楢葉町,経営体
-,150,経営体数,11,計(実数),17720,広野町,経営体
235,150,経営体数,11,計(実数),17740,いわき市,経営体
479,150,経営体数,11,計(実数),18350,茨城県,経営体
80,150,経営体数,11,計(実数),18370,北茨城市,経営体
1,150,経営体数,11,計(実数),18400,高萩市,経営体
124,150,経営体数,11,計(実数),18420,日立市,経営体
-,150,経営体数,11,計(実数),18480,東海村,経営体
60,150,経営体数,11,計(実数),18500,ひたちなか市,経営体
100,150,経営体数,11,計(実数),18540,大洗町,経営体
15,150,経営体数,11,計(実数),18560,鉾田市,経営体
50,150,経営体数,11,計(実数),18600,鹿嶋市,経営体
49,150,経営体数,11,計(実数),18620,神栖市,経営体
3118,150,経営体数,11,計(実数),20460,千葉県,経営体
140,150,経営体数,11,計(実数),20480,銚子市,経営体
34,150,経営体数,11,計(実数),20500,旭市,経営体
41,150,経営体数,11,計(実数),20530,匝瑳市,経営体
6,150,経営体数,11,計(実数),20560,横芝光町,経営体
9,150,経営体数,11,計(実数),20590,山武市,経営体
2,150,経営体数,11,計(実数),20620,九十九里町,経営体
-,150,経営体数,11,計(実数),20640,大網白里町,経営体
10,150,経営体数,11,計(実数),20660,白子町,経営体
2,150,経営体数,11,計(実数),20680,長生村,経営体
1,150,経営体数,11,計(実数),20700,一宮町,経営体
79,150,経営体数,11,計(実数),20720,いすみ市,経営体
70,150,経営体数,11,計(実数),20750,御宿町,経営体
407,150,経営体数,11,計(実数),20780,勝浦市,経営体
290,150,経営体数,11,計(実数),20870,鴨川市,経営体
498,150,経営体数,11,計(実数),20920,南房総市,経営体
118,150,経営体数,11,計(実数),20990,館山市,経営体
114,150,経営体数,11,計(実数),21050,鋸南町,経営体
530,150,経営体数,11,計(実数),21080,富津市,経営体
-,150,経営体数,11,計(実数),21130,君津市,経営体
574,150,経営体数,11,計(実数),21150,木更津市,経営体
1,150,経営体数,11,計(実数),21220,袖ヶ浦市,経営体
-,150,経営体数,11,計(実数),21240,市原市,経営体
-,150,経営体数,11,計(実数),21260,千葉市,経営体
18,150,経営体数,11,計(実数),21280,習志野市,経営体
81,150,経営体数,11,計(実数),21300,船橋市,経営体
80,150,経営体数,11,計(実数),21320,市川市,経営体
13,150,経営体数,11,計(実数),21350,浦安市,経営体
669,150,経営体数,11,計(実数),21670,東京都,経営体
33,150,経営体数,11,計(実数),21690,江戸川区,経営体
5,150,経営体数,11,計(実数),21710,葛飾区,経営体
12,150,経営体数,11,計(実数),21730,江東区,経営体
5,150,経営体数,11,計(実数),21750,墨田区,経営体
10,150,経営体数,11,計(実数),21770,中央区,経営体
9,150,経営体数,11,計(実数),21790,台東区,経営体
19,150,経営体数,11,計(実数),21810,港区,経営体
6,150,経営体数,11,計(実数),21830,品川区,経営体
49,150,経営体数,11,計(実数),21850,大田区,経営体
-,150,経営体数,11,計(実数),21870,千代田区,経営体
108,150,経営体数,11,計(実数),21890,大島町,経営体
18,150,経営体数,11,計(実数),21950,利島村,経営体
78,150,経営体数,11,計(実数),21970,新島村,経営体
97,150,経営体数,11,計(実数),22010,神津島村,経営体
48,150,経営体数,11,計(実数),22030,三宅村,経営体
7,150,経営体数,11,計(実数),22090,御蔵島村,経営体
112,150,経営体数,11,計(実数),22110,八丈町,経営体
8,150,経営体数,11,計(実数),22160,青ヶ島村,経営体
45,150,経営体数,11,計(実数),22180,小笠原村,経営体
1243,150,経営体数,11,計(実数),22650,神奈川県,経営体
2,150,経営体数,11,計(実数),22670,川崎市,経営体
174,150,経営体数,11,計(実数),22690,横浜市,経営体
410,150,経営体数,11,計(実数),22750,横須賀市,経営体
401,150,経営体数,11,計(実数),22840,三浦市,経営体
40,150,経営体数,11,計(実数),22970,葉山町,経営体
15,150,経営体数,11,計(実数),22990,逗子市,経営体
40,150,経営体数,11,計(実数),23010,鎌倉市,経営体
22,150,経営体数,11,計(実数),23040,藤沢市,経営体
19,150,経営体数,11,計(実数),23070,茅ヶ崎市,経営体
10,150,経営体数,11,計(実数),23090,平塚市,経営体
17,150,経営体数,11,計(実数),23110,大磯町,経営体
3,150,経営体数,11,計(実数),23130,二宮町,経営体
43,150,経営体数,11,計(実数),23150,小田原市,経営体
40,150,経営体数,11,計(実数),23180,真鶴町,経営体
7,150,経営体数,11,計(実数),23210,湯河原町,経営体
2284,150,経営体数,11,計(実数),23420,新潟県,経営体
51,150,経営体数,11,計(実数),23440,粟島浦村,経営体
209,150,経営体数,11,計(実数),23460,村上市,経営体
66,150,経営体数,11,計(実数),23510,胎内市,経営体
31,150,経営体数,11,計(実数),23530,新発田市,経営体
57,150,経営体数,11,計(実数),23550,聖籠町,経営体
246,150,経営体数,11,計(実数),23570,新潟市,経営体
27,150,経営体数,11,計(実数),23640,長岡市,経営体
27,150,経営体数,11,計(実数),23660,出雲崎町,経営体
50,150,経営体数,11,計(実数),23680,柏崎市,経営体
97,150,経営体数,11,計(実数),23710,上越市,経営体
114,150,経営体数,11,計(実数),23760,糸魚川市,経営体
1309,150,経営体数,11,計(実数),23840,佐渡市,経営体
384,150,経営体数,11,計(実数),24320,富山県,経営体
59,150,経営体数,11,計(実数),24340,朝日町,経営体
25,150,経営体数,11,計(実数),24360,入善町,経営体
26,150,経営体数,11,計(実数),24400,黒部市,経営体
46,150,経営体数,11,計(実数),24430,魚津市,経営体
11,150,経営体数,11,計(実数),24460,滑川市,経営体
40,150,経営体数,11,計(実数),24480,富山市,経営体
45,150,経営体数,11,計(実数),24520,射水市,経営体
35,150,経営体数,11,計(実数),24550,高岡市,経営体
97,150,経営体数,11,計(実数),24570,氷見市,経営体
2189,150,経営体数,11,計(実数),24700,石川県,経営体
394,150,経営体数,11,計(実数),24720,七尾市,経営体
99,150,経営体数,11,計(実数),24810,穴水町,経営体
352,150,経営体数,11,計(実数),24850,能登町,経営体
308,150,経営体数,11,計(実数),24900,珠洲市,経営体
415,150,経営体数,11,計(実数),24960,輪島市,経営体
300,150,経営体数,11,計(実数),24990,志賀町,経営体
47,150,経営体数,11,計(実数),25040,羽咋市,経営体
27,150,経営体数,11,計(実数),25070,宝達志水町,経営体
25,150,経営体数,11,計(実数),25100,かほく市,経営体
23,150,経営体数,11,計(実数),25140,内灘町,経営体
31,150,経営体数,11,計(実数),25160,金沢市,経営体
42,150,経営体数,11,計(実数),25180,白山市,経営体
4,150,経営体数,11,計(実数),25210,能美市,経営体
32,150,経営体数,11,計(実数),25230,小松市,経営体
90,150,経営体数,11,計(実数),25250,加賀市,経営体
1220,150,経営体数,11,計(実数),25330,福井県,経営体
27,150,経営体数,11,計(実数),25350,あわら市,経営体
175,150,経営体数,11,計(実数),25370,坂井市,経営体
114,150,経営体数,11,計(実数),25390,福井市,経営体
163,150,経営体数,11,計(実数),25420,越前町,経営体
43,150,経営体数,11,計(実数),25440,南越前町,経営体
109,150,経営体数,11,計(実数),25460,敦賀市,経営体
164,150,経営体数,11,計(実数),25480,美浜町,経営体
115,150,経営体数,11,計(実数),25510,若狭町,経営体
157,150,経営体数,11,計(実数),25530,小浜市,経営体
77,150,経営体数,11,計(実数),25550,おおい町,経営体
76,150,経営体数,11,計(実数),25570,高浜町,経営体
2956,150,経営体数,11,計(実数),27230,静岡県,経営体
89,150,経営体数,11,計(実数),27250,熱海市,経営体
129,150,経営体数,11,計(実数),27290,伊東市,経営体
76,150,経営体数,11,計(実数),27340,東伊豆町,経営体
31,150,経営体数,11,計(実数),27370,河津町,経営体
186,150,経営体数,11,計(実数),27390,下田市,経営体
183,150,経営体数,11,計(実数),27440,南伊豆町,経営体
74,150,経営体数,11,計(実数),27490,松崎町,経営体
175,150,経営体数,11,計(実数),27510,西伊豆町,経営体
60,150,経営体数,11,計(実数),27550,伊豆市,経営体
259,150,経営体数,11,計(実数),27570,沼津市,経営体
72,150,経営体数,11,計(実数),27630,富士市,経営体
141,150,経営体数,11,計(実数),27650,静岡市,経営体
57,150,経営体数,11,計(実数),27690,由比町,経営体
89,150,経営体数,11,計(実数),27710,焼津市,経営体
20,150,経営体数,11,計(実数),27730,大井川町,経営体
35,150,経営体数,11,計(実数),27750,吉田町,経営体
118,150,経営体数,11,計(実数),27770,牧之原市,経営体
147,150,経営体数,11,計(実数),27810,御前崎市,経営体
25,150,経営体数,11,計(実数),27840,掛川市,経営体
2,150,経営体数,11,計(実数),27870,袋井市,経営体
112,150,経営体数,11,計(実数),27890,磐田市,経営体
701,150,経営体数,11,計(実数),27930,浜松市,経営体
71,150,経営体数,11,計(実数),28000,湖西市,経営体
104,150,経営体数,11,計(実数),28020,新居町,経営体
2530,150,経営体数,11,計(実数),28220,愛知県,経営体
499,150,経営体数,11,計(実数),28240,田原市,経営体
15,150,経営体数,11,計(実数),28370,豊橋市,経営体
-,150,経営体数,11,計(実数),28400,豊川市,経営体
81,150,経営体数,11,計(実数),28420,蒲郡市,経営体
98,150,経営体数,11,計(実数),28470,幡豆町,経営体
79,150,経営体数,11,計(実数),28500,吉良町,経営体
459,150,経営体数,11,計(実数),28530,一色町,経営体
52,150,経営体数,11,計(実数),28590,西尾市,経営体
47,150,経営体数,11,計(実数),28610,碧南市,経営体
-,150,経営体数,11,計(実数),28630,高浜市,経営体
1,150,経営体数,11,計(実数),28650,刈谷市,経営体
-,150,経営体数,11,計(実数),28670,東浦町,経営体
-,150,経営体数,11,計(実数),28690,半田市,経営体
-,150,経営体数,11,計(実数),28710,武豊町,経営体
117,150,経営体数,11,計(実数),28730,美浜町,経営体
893,150,経営体数,11,計(実数),28760,南知多町,経営体
189,150,経営体数,11,計(実数),28850,常滑市,経営体
-,150,経営体数,11,計(実数),28900,知多市,経営体
-,150,経営体数,11,計(実数),28920,東海市,経営体
-,150,経営体数,11,計(実数),28940,名古屋市,経営体
-,150,経営体数,11,計(実数),28970,飛島村,経営体
-,150,経営体数,11,計(実数),28990,弥富市,経営体
5155,150,経営体数,11,計(実数),29410,三重県,経営体
15,150,経営体数,11,計(実数),29430,木曽岬町,経営体
166,150,経営体数,11,計(実数),29450,桑名市,経営体
46,150,経営体数,11,計(実数),29500,川越町,経営体
68,150,経営体数,11,計(実数),29520,四日市市,経営体
107,150,経営体数,11,計(実数),29580,鈴鹿市,経営体
122,150,経営体数,11,計(実数),29630,津市,経営体
214,150,経営体数,11,計(実数),29700,松阪市,経営体
101,150,経営体数,11,計(実数),29780,明和町,経営体
292,150,経営体数,11,計(実数),29810,伊勢市,経営体
957,150,経営体数,11,計(実数),29930,鳥羽市,経営体
1427,150,経営体数,11,計(実数),30100,志摩市,経営体
780,150,経営体数,11,計(実数),30380,南伊勢町,経営体
89,150,経営体数,11,計(実数),30560,大紀町,経営体
352,150,経営体数,11,計(実数),30580,紀北町,経営体
262,150,経営体数,11,計(実数),30680,尾鷲市,経営体
106,150,経営体数,11,計(実数),30790,熊野市,経営体
9,150,経営体数,11,計(実数),30860,御浜町,経営体
42,150,経営体数,11,計(実数),30880,紀宝町,経営体
935,150,経営体数,11,計(実数),31310,京都府,経営体
269,150,経営体数,11,計(実数),31330,舞鶴市,経営体
193,150,経営体数,11,計(実数),31410,宮津市,経営体
-,150,経営体数,11,計(実数),31470,与謝野町,経営体
119,150,経営体数,11,計(実数),31490,伊根町,経営体
354,150,経営体数,11,計(実数),31560,京丹後市,経営体
668,150,経営体数,11,計(実数),31890,大阪府,経営体
67,150,経営体数,11,計(実数),31910,大阪市,経営体
78,150,経営体数,11,計(実数),31980,堺市,経営体
20,150,経営体数,11,計(実数),32010,高石市,経営体
15,150,経営体数,11,計(実数),32030,泉大津市,経営体
12,150,経営体数,11,計(実数),32050,忠岡町,経営体
92,150,経営体数,11,計(実数),32070,岸和田市,経営体
1,150,経営体数,11,計(実数),32100,貝塚市,経営体
76,150,経営体数,11,計(実数),32120,泉佐野市,経営体
29,150,経営体数,11,計(実数),32140,田尻町,経営体
76,150,経営体数,11,計(実数),32160,泉南市,経営体
78,150,経営体数,11,計(実数),32190,阪南市,経営体
124,150,経営体数,11,計(実数),32230,岬町,経営体
3713,150,経営体数,11,計(実数),32600,兵庫県,経営体
441,150,経営体数,11,計(実数),32610,日本海西区,経営体
121,150,経営体数,11,計(実数),32630,豊岡市,経営体
189,150,経営体数,11,計(実数),32660,香美町,経営体
131,150,経営体数,11,計(実数),32690,新温泉町,経営体
3272,150,経営体数,11,計(実数),32730,瀬戸内海区,経営体
-,150,経営体数,11,計(実数),32750,尼崎市,経営体
-,150,経営体数,11,計(実数),32770,西宮市,経営体
1,150,経営体数,11,計(実数),32790,芦屋市,経営体
209,150,経営体数,11,計(実数),32810,神戸市,経営体
588,150,経営体数,11,計(実数),32910,明石市,経営体
22,150,経営体数,11,計(実数),32990,播磨町,経営体
32,150,経営体数,11,計(実数),33010,加古川市,経営体
103,150,経営体数,11,計(実数),33040,高砂市,経営体
612,150,経営体数,11,計(実数),33090,姫路市,経営体
95,150,経営体数,11,計(実数),33220,たつの市,経営体
36,150,経営体数,11,計(実数),33260,相生市,経営体
66,150,経営体数,11,計(実数),33280,赤穂市,経営体
724,150,経営体数,11,計(実数),33320,淡路市,経営体
363,150,経営体数,11,計(実数),33490,洲本市,経営体
421,150,経営体数,11,計(実数),33550,南あわじ市,経営体
2513,150,経営体数,11,計(実数),34290,和歌山県,経営体
1576,150,経営体数,11,計(実数),34300,太平洋南区,経営体
62,150,経営体数,11,計(実数),34320,美浜町,経営体
159,150,経営体数,11,計(実数),34350,御坊市,経営体
78,150,経営体数,11,計(実数),34370,印南町,経営体
109,150,経営体数,11,計(実数),34390,みなべ町,経営体
175,150,経営体数,11,計(実数),34410,田辺市,経営体
135,150,経営体数,11,計(実数),34450,白浜町,経営体
103,150,経営体数,11,計(実数),34490,すさみ町,経営体
423,150,経営体数,11,計(実数),34510,串本町,経営体
203,150,経営体数,11,計(実数),34600,那智勝浦町,経営体
73,150,経営体数,11,計(実数),34650,太地町,経営体
56,150,経営体数,11,計(実数),34670,新宮市,経営体
937,150,経営体数,11,計(実数),34700,瀬戸内海区,経営体
273,150,経営体数,11,計(実数),34720,和歌山市,経営体
108,150,経営体数,11,計(実数),34810,海南市,経営体
244,150,経営体数,11,計(実数),34870,有田市,経営体
65,150,経営体数,11,計(実数),34920,湯浅町,経営体
35,150,経営体数,11,計(実数),34960,広川町,経営体
134,150,経営体数,11,計(実数),34980,由良町,経営体
78,150,経営体数,11,計(実数),35040,日高町,経営体
818,150,経営体数,11,計(実数),35190,鳥取県,経営体
172,150,経営体数,11,計(実数),35210,岩美町,経営体
169,150,経営体数,11,計(実数),35260,鳥取市,経営体
56,150,経営体数,11,計(実数),35330,湯梨浜町,経営体
15,150,経営体数,11,計(実数),35360,北栄町,経営体
61,150,経営体数,11,計(実数),35390,琴浦町,経営体
108,150,経営体数,11,計(実数),35420,大山町,経営体
145,150,経営体数,11,計(実数),35460,米子市,経営体
22,150,経営体数,11,計(実数),35490,日吉津村,経営体
70,150,経営体数,11,計(実数),35510,境港市,経営体
2343,150,経営体数,11,計(実数),35650,島根県,経営体
14,150,経営体数,11,計(実数),35670,安来市,経営体
3,150,経営体数,11,計(実数),35700,東出雲町,経営体
675,150,経営体数,11,計(実数),35720,松江市,経営体
317,150,経営体数,11,計(実数),35870,出雲市,経営体
271,150,経営体数,11,計(実数),35960,大田市,経営体
23,150,経営体数,11,計(実数),36070,江津市,経営体
193,150,経営体数,11,計(実数),36100,浜田市,経営体
116,150,経営体数,11,計(実数),36170,益田市,経営体
409,150,経営体数,11,計(実数),36200,隠岐の島町,経営体
110,150,経営体数,11,計(実数),36290,海士町,経営体
146,150,経営体数,11,計(実数),36340,西ノ島町,経営体
66,150,経営体数,11,計(実数),36370,知夫村,経営体
1547,150,経営体数,11,計(実数),36490,岡山県,経営体
120,150,経営体数,11,計(実数),36510,備前市,経営体
179,150,経営体数,11,計(実数),36560,瀬戸内市,経営体
172,150,経営体数,11,計(実数),36590,岡山市,経営体
135,150,経営体数,11,計(実数),36650,玉野市,経営体
667,150,経営体数,11,計(実数),36690,倉敷市,経営体
73,150,経営体数,11,計(実数),36770,浅口市,経営体
201,150,経営体数,11,計(実数),36790,笠岡市,経営体
2943,150,経営体数,11,計(実数),37070,広島県,経営体
367,150,経営体数,11,計(実数),37090,福山市,経営体
411,150,経営体数,11,計(実数),37190,尾道市,経営体
69,150,経営体数,11,計(実数),37290,三原市,経営体
37,150,経営体数,11,計(実数),37330,竹原市,経営体
55,150,経営体数,11,計(実数),37370,東広島市,経営体
48,150,経営体数,11,計(実数),37400,大崎上島町,経営体
864,150,経営体数,11,計(実数),37440,呉市,経営体
369,150,経営体数,11,計(実数),37600,江田島市,経営体
35,150,経営体数,11,計(実数),37720,坂町,経営体
4,150,経営体数,11,計(実数),37740,海田町,経営体
424,150,経営体数,11,計(実数),37760,広島市,経営体
168,150,経営体数,11,計(実数),37830,廿日市市,経営体
92,150,経営体数,11,計(実数),37870,大竹市,経営体
4553,150,経営体数,11,計(実数),38010,山口県,経営体
2297,150,経営体数,11,計(実数),38020,東シナ海区,経営体
719,150,経営体数,11,計(実数),38040,萩市,経営体
110,150,経営体数,11,計(実数),38200,阿武町,経営体
779,150,経営体数,11,計(実数),38240,長門市,経営体
689,150,経営体数,11,計(実数),38400,下関市,経営体
2256,150,経営体数,11,計(実数),38630,瀬戸内海区,経営体
414,150,経営体数,11,計(実数),38650,周防大島町,経営体
-,150,経営体数,11,計(実数),38730,和木町,経営体
268,150,経営体数,11,計(実数),38750,岩国市,経営体
141,150,経営体数,11,計(実数),38820,柳井市,経営体
208,150,経営体数,11,計(実数),38890,上関町,経営体
44,150,経営体数,11,計(実数),38940,平生町,経営体
31,150,経営体数,11,計(実数),38960,田布施町,経営体
68,150,経営体数,11,計(実数),38990,光市,経営体
39,150,経営体数,11,計(実数),39020,下松市,経営体
215,150,経営体数,11,計(実数),39040,周南市,経営体
197,150,経営体数,11,計(実数),39120,防府市,経営体
125,150,経営体数,11,計(実数),39230,山口市,経営体
358,150,経営体数,11,計(実数),39310,宇部市,経営体
91,150,経営体数,11,計(実数),39380,山陽小野田市,経営体
57,150,経営体数,11,計(実数),39430,下関市,経営体
1863,150,経営体数,11,計(実数),39530,徳島県,経営体
734,150,経営体数,11,計(実数),39540,太平洋南区,経営体
321,150,経営体数,11,計(実数),39560,美波町,経営体
215,150,経営体数,11,計(実数),39640,牟岐町,経営体
198,150,経営体数,11,計(実数),39660,海陽町,経営体
1129,150,経営体数,11,計(実数),39700,瀬戸内海区,経営体
435,150,経営体数,11,計(実数),39720,鳴門市,経営体
47,150,経営体数,11,計(実数),39800,松茂町,経営体
115,150,経営体数,11,計(実数),39820,徳島市,経営体
132,150,経営体数,11,計(実数),39860,小松島市,経営体
400,150,経営体数,11,計(実数),39890,阿南市,経営体
1887,150,経営体数,11,計(実数),40150,香川県,経営体
164,150,経営体数,11,計(実数),40170,東かがわ市,経営体
177,150,経営体数,11,計(実数),40210,さぬき市,経営体
115,150,経営体数,11,計(実数),40270,小豆島町,経営体
185,150,経営体数,11,計(実数),40300,土庄町,経営体
431,150,経営体数,11,計(実数),40380,高松市,経営体
50,150,経営体数,11,計(実数),40480,直島町,経営体
208,150,経営体数,11,計(実数),40500,坂出市,経営体
18,150,経営体数,11,計(実数),40550,宇多津町,経営体
146,150,経営体数,11,計(実数),40570,丸亀市,経営体
104,150,経営体数,11,計(実数),40620,多度津町,経営体
138,150,経営体数,11,計(実数),40670,三豊市,経営体
151,150,経営体数,11,計(実数),40760,観音寺市,経営体
5009,150,経営体数,11,計(実数),40880,愛媛県,経営体
2079,150,経営体数,11,計(実数),40890,太平洋南区,経営体
150,150,経営体数,11,計(実数),40910,八幡浜市,経営体
211,150,経営体数,11,計(実数),40940,西予市,経営体
1239,150,経営体数,11,計(実数),40970,宇和島市,経営体
479,150,経営体数,11,計(実数),41090,愛南町,経営体
2930,150,経営体数,11,計(実数),41180,瀬戸内海区,経営体
162,150,経営体数,11,計(実数),41200,四国中央市,経営体
123,150,経営体数,11,計(実数),41250,新居浜市,経営体
233,150,経営体数,11,計(実数),41310,西条市,経営体
122,150,経営体数,11,計(実数),41390,上島町,経営体
867,150,経営体数,11,計(実数),41440,今治市,経営体
685,150,経営体数,11,計(実数),41600,松山市,経営体
20,150,経営体数,11,計(実数),41780,松前町,経営体
153,150,経営体数,11,計(実数),41800,伊予市,経営体
110,150,経営体数,11,計(実数),41840,大洲市,経営体
58,150,経営体数,11,計(実数),41870,八幡浜市,経営体
397,150,経営体数,11,計(実数),41900,伊方町,経営体
2761,150,経営体数,11,計(実数),42060,高知県,経営体
94,150,経営体数,11,計(実数),42080,東洋町,経営体
340,150,経営体数,11,計(実数),42110,室戸市,経営体
53,150,経営体数,11,計(実数),42200,奈半利町,経営体
18,150,経営体数,11,計(実数),42230,田野町,経営体
25,150,経営体数,11,計(実数),42250,安田町,経営体
47,150,経営体数,11,計(実数),42270,安芸市,経営体
7,150,経営体数,11,計(実数),42330,芸西村,経営体
118,150,経営体数,11,計(実数),42350,香南市,経営体
45,150,経営体数,11,計(実数),42400,南国市,経営体
70,150,経営体数,11,計(実数),42450,高知市,経営体
114,150,経営体数,11,計(実数),42500,土佐市,経営体
370,150,経営体数,11,計(実数),42540,須崎市,経営体
142,150,経営体数,11,計(実数),42610,中土佐町,経営体
73,150,経営体数,11,計(実数),42650,四万十町,経営体
253,150,経営体数,11,計(実数),42680,黒潮町,経営体
112,150,経営体数,11,計(実数),42740,四万十市,経営体
472,150,経営体数,11,計(実数),42760,土佐清水市,経営体
195,150,経営体数,11,計(実数),42850,大月町,経営体
213,150,経営体数,11,計(実数),42980,宿毛市,経営体
3173,150,経営体数,11,計(実数),43240,福岡県,経営体
2726,150,経営体数,11,計(実数),43250,東シナ海区,経営体
320,150,経営体数,11,計(実数),43270,北九州市,経営体
67,150,経営体数,11,計(実数),43410,芦屋町,経営体
34,150,経営体数,11,計(実数),43440,岡垣町,経営体
308,150,経営体数,11,計(実数),43460,宗像市,経営体
41,150,経営体数,11,計(実数),43510,福津市,経営体
-,150,経営体数,11,計(実数),43540,古賀市,経営体
69,150,経営体数,11,計(実数),43560,新宮町,経営体
442,150,経営体数,11,計(実数),43590,福岡市,経営体
223,150,経営体数,11,計(実数),43770,志摩町,経営体
28,150,経営体数,11,計(実数),43830,前原市,経営体
72,150,経営体数,11,計(実数),43850,二丈町,経営体
-,150,経営体数,11,計(実数),43880,久留米市,経営体
114,150,経営体数,11,計(実数),43920,大川市,経営体
822,150,経営体数,11,計(実数),43980,柳川市,経営体
48,150,経営体数,11,計(実数),44080,みやま市,経営体
138,150,経営体数,11,計(実数),44110,大牟田市,経営体
447,150,経営体数,11,計(実数),44140,瀬戸内海区,経営体
144,150,経営体数,11,計(実数),44160,北九州市,経営体
33,150,経営体数,11,計(実数),44230,苅田町,経営体
147,150,経営体数,11,計(実数),44250,行橋市,経営体
14,150,経営体数,11,計(実数),44300,築上町,経営体
66,150,経営体数,11,計(実数),44330,豊前市,経営体
43,150,経営体数,11,計(実数),44370,吉富町,経営体
2123,150,経営体数,11,計(実数),44850,佐賀県,経営体
808,150,経営体数,11,計(実数),44870,唐津市,経営体
64,150,経営体数,11,計(実数),45120,玄海町,経営体
33,150,経営体数,11,計(実数),45150,伊万里市,経営体
7,150,経営体数,11,計(実数),45170,神埼市,経営体
563,150,経営体数,11,計(実数),45190,佐賀市,経営体
105,150,経営体数,11,計(実数),45280,小城市,経営体
-,150,経営体数,11,計(実数),45300,江北町,経営体
142,150,経営体数,11,計(実数),45320,白石町,経営体
1,150,経営体数,11,計(実数),45360,嬉野市,経営体
213,150,経営体数,11,計(実数),45380,鹿島市,経営体
187,150,経営体数,11,計(実数),45430,太良町,経営体
8849,150,経営体数,11,計(実数),45570,長崎県,経営体
1704,150,経営体数,11,計(実数),45590,対馬市,経営体
919,150,経営体数,11,計(実数),45890,壱岐市,経営体
267,150,経営体数,11,計(実数),45950,松浦市,経営体
786,150,経営体数,11,計(実数),46000,平戸市,経営体
67,150,経営体数,11,計(実数),46140,鹿町町,経営体
625,150,経営体数,11,計(実数),46160,佐世保市,経営体
198,150,経営体数,11,計(実数),46240,小値賀町,経営体
53,150,経営体数,11,計(実数),46260,川棚町,経営体
40,150,経営体数,11,計(実数),46280,東彼杵町,経営体
135,150,経営体数,11,計(実数),46300,大村市,経営体
271,150,経営体数,11,計(実数),46340,諫早市,経営体
32,150,経営体数,11,計(実数),46450,長与町,経営体
43,150,経営体数,11,計(実数),46470,時津町,経営体
714,150,経営体数,11,計(実数),46490,長崎市,経営体
554,150,経営体数,11,計(実数),46680,西海市,経営体
231,150,経営体数,11,計(実数),46750,雲仙市,経営体
416,150,経営体数,11,計(実数),46850,南島原市,経営体
257,150,経営体数,11,計(実数),46930,島原市,経営体
677,150,経営体数,11,計(実数),46970,新上五島町,経営体
860,150,経営体数,11,計(実数),47140,五島市,経営体
4314,150,経営体数,11,計(実数),47350,熊本県,経営体
171,150,経営体数,11,計(実数),47370,荒尾市,経営体
25,150,経営体数,11,計(実数),47400,長洲町,経営体
452,150,経営体数,11,計(実数),47420,玉名市,経営体
629,150,経営体数,11,計(実数),47490,熊本市,経営体
231,150,経営体数,11,計(実数),47590,宇土市,経営体
159,150,経営体数,11,計(実数),47630,宇城市,経営体
18,150,経営体数,11,計(実数),47720,氷川町,経営体
252,150,経営体数,11,計(実数),47740,八代市,経営体
112,150,経営体数,11,計(実数),47820,芦北町,経営体
41,150,経営体数,11,計(実数),47850,津奈木町,経営体
107,150,経営体数,11,計(実数),47870,水俣市,経営体
609,150,経営体数,11,計(実数),47890,上天草市,経営体
1379,150,経営体数,11,計(実数),48010,天草市,経営体
129,150,経営体数,11,計(実数),48250,苓北町,経営体
2983,150,経営体数,11,計(実数),48650,大分県,経営体
1639,150,経営体数,11,計(実数),48660,太平洋南区,経営体
328,150,経営体数,11,計(実数),48680,大分市,経営体
176,150,経営体数,11,計(実数),48700,臼杵市,経営体
451,150,経営体数,11,計(実数),48720,津久見市,経営体
684,150,経営体数,11,計(実数),48750,佐伯市,経営体
1344,150,経営体数,11,計(実数),48860,瀬戸内海区,経営体
129,150,経営体数,11,計(実数),48880,中津市,経営体
183,150,経営体数,11,計(実数),48900,宇佐市,経営体
62,150,経営体数,11,計(実数),48950,豊後高田市,経営体
324,150,経営体数,11,計(実数),48990,国東市,経営体
161,150,経営体数,11,計(実数),49050,姫島村,経営体
216,150,経営体数,11,計(実数),49070,杵築市,経営体
83,150,経営体数,11,計(実数),49090,日出町,経営体
62,150,経営体数,11,計(実数),49120,別府市,経営体
124,150,経営体数,11,計(実数),49140,大分市,経営体
1402,150,経営体数,11,計(実数),49240,宮崎県,経営体
293,150,経営体数,11,計(実数),49260,延岡市,経営体
93,150,経営体数,11,計(実数),49320,門川町,経営体
162,150,経営体数,11,計(実数),49350,日向市,経営体
56,150,経営体数,11,計(実数),49380,都農町,経営体
171,150,経営体数,11,計(実数),49400,川南町,経営体
8,150,経営体数,11,計(実数),49420,高鍋町,経営体
17,150,経営体数,11,計(実数),49440,新富町,経営体
199,150,経営体数,11,計(実数),49460,宮崎市,経営体
120,150,経営体数,11,計(実数),49510,日南市,経営体
98,150,経営体数,11,計(実数),49550,南郷町,経営体
185,150,経営体数,11,計(実数),49590,串間市,経営体
4401,150,経営体数,11,計(実数),49840,鹿児島県,経営体
101,150,経営体数,11,計(実数),49860,出水市,経営体
445,150,経営体数,11,計(実数),49890,長島町,経営体
263,150,経営体数,11,計(実数),49920,阿久根市,経営体
296,150,経営体数,11,計(実数),49960,薩摩川内市,経営体
208,150,経営体数,11,計(実数),50040,いちき串木野市,経営体
82,150,経営体数,11,計(実数),50090,日置市,経営体
242,150,経営体数,11,計(実数),50140,南さつま市,経営体
49,150,経営体数,11,計(実数),50230,枕崎市,経営体
39,150,経営体数,11,計(実数),50250,南九州市,経営体
132,150,経営体数,11,計(実数),50280,指宿市,経営体
322,150,経営体数,11,計(実数),50330,鹿児島市,経営体
55,150,経営体数,11,計(実数),50390,姶良町,経営体
59,150,経営体数,11,計(実数),50410,加治木町,経営体
135,150,経営体数,11,計(実数),50430,霧島市,経営体
185,150,経営体数,11,計(実数),50470,垂水市,経営体
61,150,経営体数,11,計(実数),50500,鹿屋市,経営体
15,150,経営体数,11,計(実数),50520,錦江町,経営体
166,150,経営体数,11,計(実数),50540,南大隅町,経営体
108,150,経営体数,11,計(実数),50580,肝付町,経営体
26,150,経営体数,11,計(実数),50630,東串良町,経営体
10,150,経営体数,11,計(実数),50650,大崎町,経営体
54,150,経営体数,11,計(実数),50670,志布志市,経営体
24,150,経営体数,11,計(実数),50700,三島村,経営体
29,150,経営体数,11,計(実数),50720,十島村,経営体
270,150,経営体数,11,計(実数),50740,西之表市,経営体
63,150,経営体数,11,計(実数),50760,中種子町,経営体
44,150,経営体数,11,計(実数),50780,南種子町,経営体
100,150,経営体数,11,計(実数),50800,屋久島町,経営体
158,150,経営体数,11,計(実数),50830,奄美市,経営体
71,150,経営体数,11,計(実数),50870,龍郷町,経営体
84,150,経営体数,11,計(実数),50890,大和村,経営体
36,150,経営体数,11,計(実数),50910,宇検村,経営体
79,150,経営体数,11,計(実数),50930,瀬戸内町,経営体
31,150,経営体数,11,計(実数),50950,喜界町,経営体
59,150,経営体数,11,計(実数),50970,徳之島町,経営体
34,150,経営体数,11,計(実数),50990,天城町,経営体
63,150,経営体数,11,計(実数),51010,伊仙町,経営体
27,150,経営体数,11,計(実数),51030,和泊町,経営体
16,150,経営体数,11,計(実数),51050,知名町,経営体
160,150,経営体数,11,計(実数),51070,与論町,経営体
2801,150,経営体数,11,計(実数),51170,沖縄県,経営体
53,150,経営体数,11,計(実数),51190,国頭村,経営体
6,150,経営体数,11,計(実数),51210,大宜味村,経営体
27,150,経営体数,11,計(実数),51230,東村,経営体
110,150,経営体数,11,計(実数),51250,名護市,経営体
54,150,経営体数,11,計(実数),51270,今帰仁村,経営体
49,150,経営体数,11,計(実数),51290,本部町,経営体
99,150,経営体数,11,計(実数),51310,恩納村,経営体
57,150,経営体数,11,計(実数),51330,宜野座村,経営体
46,150,経営体数,11,計(実数),51350,金武町,経営体
64,150,経営体数,11,計(実数),51370,伊江村,経営体
60,150,経営体数,11,計(実数),51390,伊是名村,経営体
70,150,経営体数,11,計(実数),51410,伊平屋村,経営体
316,150,経営体数,11,計(実数),51430,うるま市,経営体
84,150,経営体数,11,計(実数),51480,沖縄市,経営体
51,150,経営体数,11,計(実数),51500,読谷村,経営体
8,150,経営体数,11,計(実数),51520,嘉手納町,経営体
28,150,経営体数,11,計(実数),51540,北谷町,経営体
32,150,経営体数,11,計(実数),51560,北中城村,経営体
33,150,経営体数,11,計(実数),51580,中城村,経営体
25,150,経営体数,11,計(実数),51600,西原町,経営体
46,150,経営体数,11,計(実数),51620,宜野湾市,経営体
45,150,経営体数,11,計(実数),51640,浦添市,経営体
112,150,経営体数,11,計(実数),51660,那覇市,経営体
45,150,経営体数,11,計(実数),51680,豊見城市,経営体
103,150,経営体数,11,計(実数),51700,糸満市,経営体
36,150,経営体数,11,計(実数),51720,八重瀬町,経営体
142,150,経営体数,11,計(実数),51740,南城市,経営体
23,150,経営体数,11,計(実数),51780,与那原町,経営体
131,150,経営体数,11,計(実数),51800,久米島町,経営体
55,150,経営体数,11,計(実数),51820,座間味村,経営体
24,150,経営体数,11,計(実数),51840,渡嘉敷村,経営体
61,150,経営体数,11,計(実数),51860,渡名喜村,経営体
26,150,経営体数,11,計(実数),51880,粟国村,経営体
27,150,経営体数,11,計(実数),51900,南大東村,経営体
14,150,経営体数,11,計(実数),51920,北大東村,経営体
320,150,経営体数,11,計(実数),51940,宮古島市,経営体
7,150,経営体数,11,計(実数),52000,多良間村,経営体
228,150,経営体数,11,計(実数),52020,石垣市,経営体
54,150,経営体数,11,計(実数),52040,竹富町,経営体
30,150,経営体数,11,計(実数),52060,与那国町,経営体
87791,150,経営体数,12,漁協の市場又は荷さばき所,10010,全国,経営体
14463,150,経営体数,12,漁協の市場又は荷さばき所,10020,北海道,経営体
8897,150,経営体数,12,漁協の市場又は荷さばき所,10060,北海道太平洋北区,経営体
1636,150,経営体数,12,漁協の市場又は荷さばき所,10070,根室支庁,経営体
380,150,経営体数,12,漁協の市場又は荷さばき所,10090,羅臼町,経営体
31,150,経営体数,12,漁協の市場又は荷さばき所,10110,標津町,経営体
422,150,経営体数,12,漁協の市場又は荷さばき所,10130,別海町,経営体
803,150,経営体数,12,漁協の市場又は荷さばき所,10160,根室市,経営体
1506,150,経営体数,12,漁協の市場又は荷さばき所,10240,釧路支庁,経営体
527,150,経営体数,12,漁協の市場又は荷さばき所,10260,浜中町,経営体
469,150,経営体数,12,漁協の市場又は荷さばき所,10290,厚岸町,経営体
210,150,経営体数,12,漁協の市場又は荷さばき所,10310,釧路町,経営体
181,150,経営体数,12,漁協の市場又は荷さばき所,10330,釧路市,経営体
119,150,経営体数,12,漁協の市場又は荷さばき所,10370,白糠町,経営体
282,150,経営体数,12,漁協の市場又は荷さばき所,10430,十勝支庁,経営体
28,150,経営体数,12,漁協の市場又は荷さばき所,10450,浦幌町,経営体
30,150,経営体数,12,漁協の市場又は荷さばき所,10470,豊頃町,経営体
36,150,経営体数,12,漁協の市場又は荷さばき所,10490,大樹町,経営体
188,150,経営体数,12,漁協の市場又は荷さばき所,10510,広尾町,経営体
1401,150,経営体数,12,漁協の市場又は荷さばき所,10690,日高支庁,経営体
650,150,経営体数,12,漁協の市場又は荷さばき所,10710,えりも町,経営体
240,150,経営体数,12,漁協の市場又は荷さばき所,10740,様似町,経営体
226,150,経営体数,12,漁協の市場又は荷さばき所,10770,浦河町,経営体
208,150,経営体数,12,漁協の市場又は荷さばき所,10800,新ひだか町,経営体
18,150,経営体数,12,漁協の市場又は荷さばき所,10830,新冠町,経営体
59,150,経営体数,12,漁協の市場又は荷さばき所,10850,日高町,経営体
616,150,経営体数,12,漁協の市場又は荷さばき所,10890,胆振支庁,経営体
29,150,経営体数,12,漁協の市場又は荷さばき所,10910,むかわ町,経営体
13,150,経営体数,12,漁協の市場又は荷さばき所,10930,厚真町,経営体
63,150,経営体数,12,漁協の市場又は荷さばき所,10950,苫小牧市,経営体
202,150,経営体数,12,漁協の市場又は荷さばき所,10970,白老町,経営体
48,150,経営体数,12,漁協の市場又は荷さばき所,11000,登別市,経営体
37,150,経営体数,12,漁協の市場又は荷さばき所,11020,室蘭市,経営体
100,150,経営体数,12,漁協の市場又は荷さばき所,11040,伊達市,経営体
46,150,経営体数,12,漁協の市場又は荷さばき所,11070,洞爺湖町,経営体
78,150,経営体数,12,漁協の市場又は荷さばき所,11090,豊浦町,経営体
3456,150,経営体数,12,漁協の市場又は荷さばき所,11140,渡島支庁,経営体
100,150,経営体数,12,漁協の市場又は荷さばき所,11160,長万部町,経営体
321,150,経営体数,12,漁協の市場又は荷さばき所,11180,八雲町,経営体
433,150,経営体数,12,漁協の市場又は荷さばき所,11210,森町,経営体
348,150,経営体数,12,漁協の市場又は荷さばき所,11240,鹿部町,経営体
1796,150,経営体数,12,漁協の市場又は荷さばき所,11260,函館市,経営体
111,150,経営体数,12,漁協の市場又は荷さばき所,11460,北斗市,経営体
45,150,経営体数,12,漁協の市場又は荷さばき所,11510,木古内町,経営体
90,150,経営体数,12,漁協の市場又は荷さばき所,11530,知内町,経営体
212,150,経営体数,12,漁協の市場又は荷さばき所,11550,福島町,経営体
5566,150,経営体数,12,漁協の市場又は荷さばき所,11630,北海道日本海北区,経営体
2021,150,経営体数,12,漁協の市場又は荷さばき所,11640,宗谷支庁,経営体
342,150,経営体数,12,漁協の市場又は荷さばき所,11660,枝幸町,経営体
37,150,経営体数,12,漁協の市場又は荷さばき所,11680,浜頓別町,経営体
39,150,経営体数,12,漁協の市場又は荷さばき所,11700,猿払村,経営体
460,150,経営体数,12,漁協の市場又は荷さばき所,11720,稚内市,経営体
14,150,経営体数,12,漁協の市場又は荷さばき所,11750,豊富町,経営体
312,150,経営体数,12,漁協の市場又は荷さばき所,11770,利尻町,経営体
369,150,経営体数,12,漁協の市場又は荷さばき所,11800,利尻富士町,経営体
448,150,経営体数,12,漁協の市場又は荷さばき所,11830,礼文町,経営体
943,150,経営体数,12,漁協の市場又は荷さばき所,11880,網走支庁,経営体
61,150,経営体数,12,漁協の市場又は荷さばき所,11900,斜里町,経営体
-,150,経営体数,12,漁協の市場又は荷さばき所,11920,小清水町,経営体
86,150,経営体数,12,漁協の市場又は荷さばき所,11940,網走市,経営体
140,150,経営体数,12,漁協の市場又は荷さばき所,11960,北見市,経営体
100,150,経営体数,12,漁協の市場又は荷さばき所,11980,佐呂間町,経営体
211,150,経営体数,12,漁協の市場又は荷さばき所,12000,湧別町,経営体
92,150,経営体数,12,漁協の市場又は荷さばき所,12020,紋別市,経営体
98,150,経営体数,12,漁協の市場又は荷さばき所,12040,興部町,経営体
155,150,経営体数,12,漁協の市場又は荷さばき所,12060,雄武町,経営体
528,150,経営体数,12,漁協の市場又は荷さばき所,12190,留萌支庁,経営体
-,150,経営体数,12,漁協の市場又は荷さばき所,12210,幌延町,経営体
25,150,経営体数,12,漁協の市場又は荷さばき所,12230,天塩町,経営体
18,150,経営体数,12,漁協の市場又は荷さばき所,12250,遠別町,経営体
29,150,経営体数,12,漁協の市場又は荷さばき所,12270,初山別村,経営体
160,150,経営体数,12,漁協の市場又は荷さばき所,12290,羽幌町,経営体
67,150,経営体数,12,漁協の市場又は荷さばき所,12330,苫前町,経営体
45,150,経営体数,12,漁協の市場又は荷さばき所,12350,小平町,経営体
34,150,経営体数,12,漁協の市場又は荷さばき所,12370,留萌市,経営体
150,150,経営体数,12,漁協の市場又は荷さばき所,12390,増毛町,経営体
92,150,経営体数,12,漁協の市場又は荷さばき所,12410,石狩支庁,経営体
92,150,経営体数,12,漁協の市場又は荷さばき所,12430,石狩市,経営体
892,150,経営体数,12,漁協の市場又は荷さばき所,12550,後志支庁,経営体
149,150,経営体数,12,漁協の市場又は荷さばき所,12570,小樽市,経営体
79,150,経営体数,12,漁協の市場又は荷さばき所,12590,余市町,経営体
76,150,経営体数,12,漁協の市場又は荷さばき所,12610,古平町,経営体
195,150,経営体数,12,漁協の市場又は荷さばき所,12630,積丹町,経営体
59,150,経営体数,12,漁協の市場又は荷さばき所,12660,神恵内村,経営体
59,150,経営体数,12,漁協の市場又は荷さばき所,12680,泊村,経営体
-,150,経営体数,12,漁協の市場又は荷さばき所,12710,共和町,経営体
54,150,経営体数,12,漁協の市場又は荷さばき所,12730,岩内町,経営体
8,150,経営体数,12,漁協の市場又は荷さばき所,12750,蘭越町,経営体
116,150,経営体数,12,漁協の市場又は荷さばき所,12770,寿都町,経営体
97,150,経営体数,12,漁協の市場又は荷さばき所,12790,島牧村,経営体
675,150,経営体数,12,漁協の市場又は荷さばき所,12920,檜山支庁,経営体
237,150,経営体数,12,漁協の市場又は荷さばき所,12940,せたな町,経営体
93,150,経営体数,12,漁協の市場又は荷さばき所,12990,乙部町,経営体
179,150,経営体数,12,漁協の市場又は荷さばき所,13010,奥尻町,経営体
85,150,経営体数,12,漁協の市場又は荷さばき所,13030,江差町,経営体
81,150,経営体数,12,漁協の市場又は荷さばき所,13050,上ノ国町,経営体
415,150,経営体数,12,漁協の市場又は荷さばき所,13100,渡島支庁,経営体
91,150,経営体数,12,漁協の市場又は荷さばき所,13110,八雲町,経営体
324,150,経営体数,12,漁協の市場又は荷さばき所,13130,松前町,経営体
4756,150,経営体数,12,漁協の市場又は荷さばき所,13700,青森県,経営体
2261,150,経営体数,12,漁協の市場又は荷さばき所,13710,太平洋北区,経営体
216,150,経営体数,12,漁協の市場又は荷さばき所,13730,佐井村,経営体
578,150,経営体数,12,漁協の市場又は荷さばき所,13750,大間町,経営体
252,150,経営体数,12,漁協の市場又は荷さばき所,13780,風間浦村,経営体
195,150,経営体数,12,漁協の市場又は荷さばき所,13820,むつ市,経営体
768,150,経営体数,12,漁協の市場又は荷さばき所,13850,東通村,経営体
88,150,経営体数,12,漁協の市場又は荷さばき所,13930,六ヶ所村,経営体
49,150,経営体数,12,漁協の市場又は荷さばき所,13970,三沢市,経営体
7,150,経営体数,12,漁協の市場又は荷さばき所,13990,おいらせ町,経営体
65,150,経営体数,12,漁協の市場又は荷さばき所,14010,八戸市,経営体
43,150,経営体数,12,漁協の市場又は荷さばき所,14050,階上町,経営体
2495,150,経営体数,12,漁協の市場又は荷さばき所,14070,日本海北区,経営体
221,150,経営体数,12,漁協の市場又は荷さばき所,14090,むつ市,経営体
105,150,経営体数,12,漁協の市場又は荷さばき所,14130,横浜町,経営体
111,150,経営体数,12,漁協の市場又は荷さばき所,14150,野辺地町,経営体
591,150,経営体数,12,漁協の市場又は荷さばき所,14170,平内町,経営体
161,150,経営体数,12,漁協の市場又は荷さばき所,14210,青森市,経営体
55,150,経営体数,12,漁協の市場又は荷さばき所,14260,蓬田村,経営体
301,150,経営体数,12,漁協の市場又は荷さばき所,14280,外ヶ浜町,経営体
141,150,経営体数,12,漁協の市場又は荷さばき所,14330,今別町,経営体
246,150,経営体数,12,漁協の市場又は荷さばき所,14360,中泊町,経営体
16,150,経営体数,12,漁協の市場又は荷さばき所,14390,五所川原市,経営体
41,150,経営体数,12,漁協の市場又は荷さばき所,14420,つがる市,経営体
75,150,経営体数,12,漁協の市場又は荷さばき所,14450,鰺ヶ沢町,経営体
431,150,経営体数,12,漁協の市場又は荷さばき所,14480,深浦町,経営体
5209,150,経営体数,12,漁協の市場又は荷さばき所,14740,岩手県,経営体
639,150,経営体数,12,漁協の市場又は荷さばき所,14760,洋野町,経営体
144,150,経営体数,12,漁協の市場又は荷さばき所,14850,久慈市,経営体
113,150,経営体数,12,漁協の市場又は荷さばき所,14880,野田村,経営体
166,150,経営体数,12,漁協の市場又は荷さばき所,14900,普代村,経営体
122,150,経営体数,12,漁協の市場又は荷さばき所,14920,田野畑村,経営体
118,150,経営体数,12,漁協の市場又は荷さばき所,14950,岩泉町,経営体
1025,150,経営体数,12,漁協の市場又は荷さばき所,14980,宮古市,経営体
522,150,経営体数,12,漁協の市場又は荷さばき所,15020,山田町,経営体
218,150,経営体数,12,漁協の市場又は荷さばき所,15090,大槌町,経営体
809,150,経営体数,12,漁協の市場又は荷さばき所,15120,釜石市,経営体
858,150,経営体数,12,漁協の市場又は荷さばき所,15190,大船渡市,経営体
475,150,経営体数,12,漁協の市場又は荷さばき所,15270,陸前高田市,経営体
3587,150,経営体数,12,漁協の市場又は荷さばき所,15580,宮城県,経営体
743,150,経営体数,12,漁協の市場又は荷さばき所,15600,気仙沼市,経営体
151,150,経営体数,12,漁協の市場又は荷さばき所,15670,本吉町,経営体
607,150,経営体数,12,漁協の市場又は荷さばき所,15700,南三陸町,経営体
1096,150,経営体数,12,漁協の市場又は荷さばき所,15740,石巻市,経営体
320,150,経営体数,12,漁協の市場又は荷さばき所,15970,女川町,経営体
189,150,経営体数,12,漁協の市場又は荷さばき所,16010,東松島市,経営体
100,150,経営体数,12,漁協の市場又は荷さばき所,16060,松島町,経営体
12,150,経営体数,12,漁協の市場又は荷さばき所,16080,利府町,経営体
107,150,経営体数,12,漁協の市場又は荷さばき所,16100,塩竈市,経営体
3,150,経営体数,12,漁協の市場又は荷さばき所,16140,多賀城市,経営体
161,150,経営体数,12,漁協の市場又は荷さばき所,16160,七ヶ浜町,経営体
6,150,経営体数,12,漁協の市場又は荷さばき所,16240,仙台市,経営体
30,150,経営体数,12,漁協の市場又は荷さばき所,16260,名取市,経営体
-,150,経営体数,12,漁協の市場又は荷さばき所,16280,岩沼市,経営体
34,150,経営体数,12,漁協の市場又は荷さばき所,16300,亘理町,経営体
28,150,経営体数,12,漁協の市場又は荷さばき所,16320,山元町,経営体
874,150,経営体数,12,漁協の市場又は荷さばき所,16550,秋田県,経営体
89,150,経営体数,12,漁協の市場又は荷さばき所,16570,八峰町,経営体
26,150,経営体数,12,漁協の市場又は荷さばき所,16610,能代市,経営体
3,150,経営体数,12,漁協の市場又は荷さばき所,16630,三種町,経営体
470,150,経営体数,12,漁協の市場又は荷さばき所,16650,男鹿市,経営体
39,150,経営体数,12,漁協の市場又は荷さばき所,16730,潟上市,経営体
40,150,経営体数,12,漁協の市場又は荷さばき所,16750,秋田市,経営体
57,150,経営体数,12,漁協の市場又は荷さばき所,16780,由利本荘市,経営体
150,150,経営体数,12,漁協の市場又は荷さばき所,16820,にかほ市,経営体
394,150,経営体数,12,漁協の市場又は荷さばき所,17040,山形県,経営体
29,150,経営体数,12,漁協の市場又は荷さばき所,17060,遊佐町,経営体
142,150,経営体数,12,漁協の市場又は荷さばき所,17080,酒田市,経営体
223,150,経営体数,12,漁協の市場又は荷さばき所,17110,鶴岡市,経営体
707,150,経営体数,12,漁協の市場又は荷さばき所,17500,福島県,経営体
42,150,経営体数,12,漁協の市場又は荷さばき所,17520,新地町,経営体
318,150,経営体数,12,漁協の市場又は荷さばき所,17540,相馬市,経営体
56,150,経営体数,12,漁協の市場又は荷さばき所,17580,南相馬市,経営体
73,150,経営体数,12,漁協の市場又は荷さばき所,17620,浪江町,経営体
-,150,経営体数,12,漁協の市場又は荷さばき所,17640,双葉町,経営体
x,150,経営体数,12,漁協の市場又は荷さばき所,17660,大熊町,経営体
8,150,経営体数,12,漁協の市場又は荷さばき所,17680,富岡町,経営体
x,150,経営体数,12,漁協の市場又は荷さばき所,17700,楢葉町,経営体
-,150,経営体数,12,漁協の市場又は荷さばき所,17720,広野町,経営体
209,150,経営体数,12,漁協の市場又は荷さばき所,17740,いわき市,経営体
471,150,経営体数,12,漁協の市場又は荷さばき所,18350,茨城県,経営体
80,150,経営体数,12,漁協の市場又は荷さばき所,18370,北茨城市,経営体
x,150,経営体数,12,漁協の市場又は荷さばき所,18400,高萩市,経営体
123,150,経営体数,12,漁協の市場又は荷さばき所,18420,日立市,経営体
-,150,経営体数,12,漁協の市場又は荷さばき所,18480,東海村,経営体
59,150,経営体数,12,漁協の市場又は荷さばき所,18500,ひたちなか市,経営体
99,150,経営体数,12,漁協の市場又は荷さばき所,18540,大洗町,経営体
x,150,経営体数,12,漁協の市場又は荷さばき所,18560,鉾田市,経営体
49,150,経営体数,12,漁協の市場又は荷さばき所,18600,鹿嶋市,経営体
45,150,経営体数,12,漁協の市場又は荷さばき所,18620,神栖市,経営体
2587,150,経営体数,12,漁協の市場又は荷さばき所,20460,千葉県,経営体
115,150,経営体数,12,漁協の市場又は荷さばき所,20480,銚子市,経営体
34,150,経営体数,12,漁協の市場又は荷さばき所,20500,旭市,経営体
40,150,経営体数,12,漁協の市場又は荷さばき所,20530,匝瑳市,経営体
6,150,経営体数,12,漁協の市場又は荷さばき所,20560,横芝光町,経営体
5,150,経営体数,12,漁協の市場又は荷さばき所,20590,山武市,経営体
x,150,経営体数,12,漁協の市場又は荷さばき所,20620,九十九里町,経営体
-,150,経営体数,12,漁協の市場又は荷さばき所,20640,大網白里町,経営体
10,150,経営体数,12,漁協の市場又は荷さばき所,20660,白子町,経営体
x,150,経営体数,12,漁協の市場又は荷さばき所,20680,長生村,経営体
x,150,経営体数,12,漁協の市場又は荷さばき所,20700,一宮町,経営体
79,150,経営体数,12,漁協の市場又は荷さばき所,20720,いすみ市,経営体
70,150,経営体数,12,漁協の市場又は荷さばき所,20750,御宿町,経営体
407,150,経営体数,12,漁協の市場又は荷さばき所,20780,勝浦市,経営体
288,150,経営体数,12,漁協の市場又は荷さばき所,20870,鴨川市,経営体
493,150,経営体数,12,漁協の市場又は荷さばき所,20920,南房総市,経営体
66,150,経営体数,12,漁協の市場又は荷さばき所,20990,館山市,経営体
114,150,経営体数,12,漁協の市場又は荷さばき所,21050,鋸南町,経営体
393,150,経営体数,12,漁協の市場又は荷さばき所,21080,富津市,経営体
-,150,経営体数,12,漁協の市場又は荷さばき所,21130,君津市,経営体
399,150,経営体数,12,漁協の市場又は荷さばき所,21150,木更津市,経営体
x,150,経営体数,12,漁協の市場又は荷さばき所,21220,袖ヶ浦市,経営体
-,150,経営体数,12,漁協の市場又は荷さばき所,21240,市原市,経営体
-,150,経営体数,12,漁協の市場又は荷さばき所,21260,千葉市,経営体
1,150,経営体数,12,漁協の市場又は荷さばき所,21280,習志野市,経営体
16,150,経営体数,12,漁協の市場又は荷さばき所,21300,船橋市,経営体
45,150,経営体数,12,漁協の市場又は荷さばき所,21320,市川市,経営体
4,150,経営体数,12,漁協の市場又は荷さばき所,21350,浦安市,経営体
531,150,経営体数,12,漁協の市場又は荷さばき所,21670,東京都,経営体
6,150,経営体数,12,漁協の市場又は荷さばき所,21690,江戸川区,経営体
-,150,経営体数,12,漁協の市場又は荷さばき所,21710,葛飾区,経営体
3,150,経営体数,12,漁協の市場又は荷さばき所,21730,江東区,経営体
-,150,経営体数,12,漁協の市場又は荷さばき所,21750,墨田区,経営体
4,150,経営体数,12,漁協の市場又は荷さばき所,21770,中央区,経営体
-,150,経営体数,12,漁協の市場又は荷さばき所,21790,台東区,経営体
11,150,経営体数,12,漁協の市場又は荷さばき所,21810,港区,経営体
6,150,経営体数,12,漁協の市場又は荷さばき所,21830,品川区,経営体
6,150,経営体数,12,漁協の市場又は荷さばき所,21850,大田区,経営体
-,150,経営体数,12,漁協の市場又は荷さばき所,21870,千代田区,経営体
94,150,経営体数,12,漁協の市場又は荷さばき所,21890,大島町,経営体
18,150,経営体数,12,漁協の市場又は荷さばき所,21950,利島村,経営体
76,150,経営体数,12,漁協の市場又は荷さばき所,21970,新島村,経営体
97,150,経営体数,12,漁協の市場又は荷さばき所,22010,神津島村,経営体
48,150,経営体数,12,漁協の市場又は荷さばき所,22030,三宅村,経営体
7,150,経営体数,12,漁協の市場又は荷さばき所,22090,御蔵島村,経営体
111,150,経営体数,12,漁協の市場又は荷さばき所,22110,八丈町,経営体
-,150,経営体数,12,漁協の市場又は荷さばき所,22160,青ヶ島村,経営体
44,150,経営体数,12,漁協の市場又は荷さばき所,22180,小笠原村,経営体
818,150,経営体数,12,漁協の市場又は荷さばき所,22650,神奈川県,経営体
x,150,経営体数,12,漁協の市場又は荷さばき所,22670,川崎市,経営体
98,150,経営体数,12,漁協の市場又は荷さばき所,22690,横浜市,経営体
383,150,経営体数,12,漁協の市場又は荷さばき所,22750,横須賀市,経営体
254,150,経営体数,12,漁協の市場又は荷さばき所,22840,三浦市,経営体
2,150,経営体数,12,漁協の市場又は荷さばき所,22970,葉山町,経営体
14,150,経営体数,12,漁協の市場又は荷さばき所,22990,逗子市,経営体
4,150,経営体数,12,漁協の市場又は荷さばき所,23010,鎌倉市,経営体
1,150,経営体数,12,漁協の市場又は荷さばき所,23040,藤沢市,経営体
1,150,経営体数,12,漁協の市場又は荷さばき所,23070,茅ヶ崎市,経営体
-,150,経営体数,12,漁協の市場又は荷さばき所,23090,平塚市,経営体
17,150,経営体数,12,漁協の市場又は荷さばき所,23110,大磯町,経営体
x,150,経営体数,12,漁協の市場又は荷さばき所,23130,二宮町,経営体
7,150,経営体数,12,漁協の市場又は荷さばき所,23150,小田原市,経営体
33,150,経営体数,12,漁協の市場又は荷さばき所,23180,真鶴町,経営体
4,150,経営体数,12,漁協の市場又は荷さばき所,23210,湯河原町,経営体
1754,150,経営体数,12,漁協の市場又は荷さばき所,23420,新潟県,経営体
51,150,経営体数,12,漁協の市場又は荷さばき所,23440,粟島浦村,経営体
205,150,経営体数,12,漁協の市場又は荷さばき所,23460,村上市,経営体
24,150,経営体数,12,漁協の市場又は荷さばき所,23510,胎内市,経営体
20,150,経営体数,12,漁協の市場又は荷さばき所,23530,新発田市,経営体
32,150,経営体数,12,漁協の市場又は荷さばき所,23550,聖籠町,経営体
174,150,経営体数,12,漁協の市場又は荷さばき所,23570,新潟市,経営体
27,150,経営体数,12,漁協の市場又は荷さばき所,23640,長岡市,経営体
27,150,経営体数,12,漁協の市場又は荷さばき所,23660,出雲崎町,経営体
21,150,経営体数,12,漁協の市場又は荷さばき所,23680,柏崎市,経営体
14,150,経営体数,12,漁協の市場又は荷さばき所,23710,上越市,経営体
93,150,経営体数,12,漁協の市場又は荷さばき所,23760,糸魚川市,経営体
1066,150,経営体数,12,漁協の市場又は荷さばき所,23840,佐渡市,経営体
363,150,経営体数,12,漁協の市場又は荷さばき所,24320,富山県,経営体
55,150,経営体数,12,漁協の市場又は荷さばき所,24340,朝日町,経営体
19,150,経営体数,12,漁協の市場又は荷さばき所,24360,入善町,経営体
21,150,経営体数,12,漁協の市場又は荷さばき所,24400,黒部市,経営体
44,150,経営体数,12,漁協の市場又は荷さばき所,24430,魚津市,経営体
11,150,経営体数,12,漁協の市場又は荷さばき所,24460,滑川市,経営体
40,150,経営体数,12,漁協の市場又は荷さばき所,24480,富山市,経営体
44,150,経営体数,12,漁協の市場又は荷さばき所,24520,射水市,経営体
33,150,経営体数,12,漁協の市場又は荷さばき所,24550,高岡市,経営体
96,150,経営体数,12,漁協の市場又は荷さばき所,24570,氷見市,経営体
1563,150,経営体数,12,漁協の市場又は荷さばき所,24700,石川県,経営体
168,150,経営体数,12,漁協の市場又は荷さばき所,24720,七尾市,経営体
36,150,経営体数,12,漁協の市場又は荷さばき所,24810,穴水町,経営体
331,150,経営体数,12,漁協の市場又は荷さばき所,24850,能登町,経営体
308,150,経営体数,12,漁協の市場又は荷さばき所,24900,珠洲市,経営体
282,150,経営体数,12,漁協の市場又は荷さばき所,24960,輪島市,経営体
226,150,経営体数,12,漁協の市場又は荷さばき所,24990,志賀町,経営体
9,150,経営体数,12,漁協の市場又は荷さばき所,25040,羽咋市,経営体
15,150,経営体数,12,漁協の市場又は荷さばき所,25070,宝達志水町,経営体
22,150,経営体数,12,漁協の市場又は荷さばき所,25100,かほく市,経営体
22,150,経営体数,12,漁協の市場又は荷さばき所,25140,内灘町,経営体
31,150,経営体数,12,漁協の市場又は荷さばき所,25160,金沢市,経営体
32,150,経営体数,12,漁協の市場又は荷さばき所,25180,白山市,経営体
1,150,経営体数,12,漁協の市場又は荷さばき所,25210,能美市,経営体
-,150,経営体数,12,漁協の市場又は荷さばき所,25230,小松市,経営体
80,150,経営体数,12,漁協の市場又は荷さばき所,25250,加賀市,経営体
958,150,経営体数,12,漁協の市場又は荷さばき所,25330,福井県,経営体
-,150,経営体数,12,漁協の市場又は荷さばき所,25350,あわら市,経営体
101,150,経営体数,12,漁協の市場又は荷さばき所,25370,坂井市,経営体
81,150,経営体数,12,漁協の市場又は荷さばき所,25390,福井市,経営体
155,150,経営体数,12,漁協の市場又は荷さばき所,25420,越前町,経営体
42,150,経営体数,12,漁協の市場又は荷さばき所,25440,南越前町,経営体
109,150,経営体数,12,漁協の市場又は荷さばき所,25460,敦賀市,経営体
133,150,経営体数,12,漁協の市場又は荷さばき所,25480,美浜町,経営体
75,150,経営体数,12,漁協の市場又は荷さばき所,25510,若狭町,経営体
122,150,経営体数,12,漁協の市場又は荷さばき所,25530,小浜市,経営体
70,150,経営体数,12,漁協の市場又は荷さばき所,25550,おおい町,経営体
70,150,経営体数,12,漁協の市場又は荷さばき所,25570,高浜町,経営体
2402,150,経営体数,12,漁協の市場又は荷さばき所,27230,静岡県,経営体
75,150,経営体数,12,漁協の市場又は荷さばき所,27250,熱海市,経営体
120,150,経営体数,12,漁協の市場又は荷さばき所,27290,伊東市,経営体
75,150,経営体数,12,漁協の市場又は荷さばき所,27340,東伊豆町,経営体
24,150,経営体数,12,漁協の市場又は荷さばき所,27370,河津町,経営体
185,150,経営体数,12,漁協の市場又は荷さばき所,27390,下田市,経営体
183,150,経営体数,12,漁協の市場又は荷さばき所,27440,南伊豆町,経営体
50,150,経営体数,12,漁協の市場又は荷さばき所,27490,松崎町,経営体
150,150,経営体数,12,漁協の市場又は荷さばき所,27510,西伊豆町,経営体
47,150,経営体数,12,漁協の市場又は荷さばき所,27550,伊豆市,経営体
60,150,経営体数,12,漁協の市場又は荷さばき所,27570,沼津市,経営体
25,150,経営体数,12,漁協の市場又は荷さばき所,27630,富士市,経営体
85,150,経営体数,12,漁協の市場又は荷さばき所,27650,静岡市,経営体
53,150,経営体数,12,漁協の市場又は荷さばき所,27690,由比町,経営体
84,150,経営体数,12,漁協の市場又は荷さばき所,27710,焼津市,経営体
x,150,経営体数,12,漁協の市場又は荷さばき所,27730,大井川町,経営体
27,150,経営体数,12,漁協の市場又は荷さばき所,27750,吉田町,経営体
116,150,経営体数,12,漁協の市場又は荷さばき所,27770,牧之原市,経営体
109,150,経営体数,12,漁協の市場又は荷さばき所,27810,御前崎市,経営体
24,150,経営体数,12,漁協の市場又は荷さばき所,27840,掛川市,経営体
x,150,経営体数,12,漁協の市場又は荷さばき所,27870,袋井市,経営体
107,150,経営体数,12,漁協の市場又は荷さばき所,27890,磐田市,経営体
633,150,経営体数,12,漁協の市場又は荷さばき所,27930,浜松市,経営体
64,150,経営体数,12,漁協の市場又は荷さばき所,28000,湖西市,経営体
85,150,経営体数,12,漁協の市場又は荷さばき所,28020,新居町,経営体
1702,150,経営体数,12,漁協の市場又は荷さばき所,28220,愛知県,経営体
112,150,経営体数,12,漁協の市場又は荷さばき所,28240,田原市,経営体
x,150,経営体数,12,漁協の市場又は荷さばき所,28370,豊橋市,経営体
-,150,経営体数,12,漁協の市場又は荷さばき所,28400,豊川市,経営体
72,150,経営体数,12,漁協の市場又は荷さばき所,28420,蒲郡市,経営体
98,150,経営体数,12,漁協の市場又は荷さばき所,28470,幡豆町,経営体
30,150,経営体数,12,漁協の市場又は荷さばき所,28500,吉良町,経営体
307,150,経営体数,12,漁協の市場又は荷さばき所,28530,一色町,経営体
22,150,経営体数,12,漁協の市場又は荷さばき所,28590,西尾市,経営体
15,150,経営体数,12,漁協の市場又は荷さばき所,28610,碧南市,経営体
-,150,経営体数,12,漁協の市場又は荷さばき所,28630,高浜市,経営体
x,150,経営体数,12,漁協の市場又は荷さばき所,28650,刈谷市,経営体
-,150,経営体数,12,漁協の市場又は荷さばき所,28670,東浦町,経営体
-,150,経営体数,12,漁協の市場又は荷さばき所,28690,半田市,経営体
-,150,経営体数,12,漁協の市場又は荷さばき所,28710,武豊町,経営体
105,150,経営体数,12,漁協の市場又は荷さばき所,28730,美浜町,経営体
814,150,経営体数,12,漁協の市場又は荷さばき所,28760,南知多町,経営体
126,150,経営体数,12,漁協の市場又は荷さばき所,28850,常滑市,経営体
-,150,経営体数,12,漁協の市場又は荷さばき所,28900,知多市,経営体
-,150,経営体数,12,漁協の市場又は荷さばき所,28920,東海市,経営体
-,150,経営体数,12,漁協の市場又は荷さばき所,28940,名古屋市,経営体
-,150,経営体数,12,漁協の市場又は荷さばき所,28970,飛島村,経営体
-,150,経営体数,12,漁協の市場又は荷さばき所,28990,弥富市,経営体
4435,150,経営体数,12,漁協の市場又は荷さばき所,29410,三重県,経営体
7,150,経営体数,12,漁協の市場又は荷さばき所,29430,木曽岬町,経営体
158,150,経営体数,12,漁協の市場又は荷さばき所,29450,桑名市,経営体
14,150,経営体数,12,漁協の市場又は荷さばき所,29500,川越町,経営体
42,150,経営体数,12,漁協の市場又は荷さばき所,29520,四日市市,経営体
101,150,経営体数,12,漁協の市場又は荷さばき所,29580,鈴鹿市,経営体
94,150,経営体数,12,漁協の市場又は荷さばき所,29630,津市,経営体
191,150,経営体数,12,漁協の市場又は荷さばき所,29700,松阪市,経営体
92,150,経営体数,12,漁協の市場又は荷さばき所,29780,明和町,経営体
262,150,経営体数,12,漁協の市場又は荷さばき所,29810,伊勢市,経営体
832,150,経営体数,12,漁協の市場又は荷さばき所,29930,鳥羽市,経営体
1236,150,経営体数,12,漁協の市場又は荷さばき所,30100,志摩市,経営体
608,150,経営体数,12,漁協の市場又は荷さばき所,30380,南伊勢町,経営体
85,150,経営体数,12,漁協の市場又は荷さばき所,30560,大紀町,経営体
321,150,経営体数,12,漁協の市場又は荷さばき所,30580,紀北町,経営体
243,150,経営体数,12,漁協の市場又は荷さばき所,30680,尾鷲市,経営体
100,150,経営体数,12,漁協の市場又は荷さばき所,30790,熊野市,経営体
9,150,経営体数,12,漁協の市場又は荷さばき所,30860,御浜町,経営体
40,150,経営体数,12,漁協の市場又は荷さばき所,30880,紀宝町,経営体
674,150,経営体数,12,漁協の市場又は荷さばき所,31310,京都府,経営体
213,150,経営体数,12,漁協の市場又は荷さばき所,31330,舞鶴市,経営体
138,150,経営体数,12,漁協の市場又は荷さばき所,31410,宮津市,経営体
-,150,経営体数,12,漁協の市場又は荷さばき所,31470,与謝野町,経営体
118,150,経営体数,12,漁協の市場又は荷さばき所,31490,伊根町,経営体
205,150,経営体数,12,漁協の市場又は荷さばき所,31560,京丹後市,経営体
241,150,経営体数,12,漁協の市場又は荷さばき所,31890,大阪府,経営体
14,150,経営体数,12,漁協の市場又は荷さばき所,31910,大阪市,経営体
18,150,経営体数,12,漁協の市場又は荷さばき所,31980,堺市,経営体
1,150,経営体数,12,漁協の市場又は荷さばき所,32010,高石市,経営体
2,150,経営体数,12,漁協の市場又は荷さばき所,32030,泉大津市,経営体
x,150,経営体数,12,漁協の市場又は荷さばき所,32050,忠岡町,経営体
29,150,経営体数,12,漁協の市場又は荷さばき所,32070,岸和田市,経営体
x,150,経営体数,12,漁協の市場又は荷さばき所,32100,貝塚市,経営体
53,150,経営体数,12,漁協の市場又は荷さばき所,32120,泉佐野市,経営体
-,150,経営体数,12,漁協の市場又は荷さばき所,32140,田尻町,経営体
37,150,経営体数,12,漁協の市場又は荷さばき所,32160,泉南市,経営体
48,150,経営体数,12,漁協の市場又は荷さばき所,32190,阪南市,経営体
38,150,経営体数,12,漁協の市場又は荷さばき所,32230,岬町,経営体
2800,150,経営体数,12,漁協の市場又は荷さばき所,32600,兵庫県,経営体
438,150,経営体数,12,漁協の市場又は荷さばき所,32610,日本海西区,経営体
121,150,経営体数,12,漁協の市場又は荷さばき所,32630,豊岡市,経営体
188,150,経営体数,12,漁協の市場又は荷さばき所,32660,香美町,経営体
129,150,経営体数,12,漁協の市場又は荷さばき所,32690,新温泉町,経営体
2362,150,経営体数,12,漁協の市場又は荷さばき所,32730,瀬戸内海区,経営体
-,150,経営体数,12,漁協の市場又は荷さばき所,32750,尼崎市,経営体
-,150,経営体数,12,漁協の市場又は荷さばき所,32770,西宮市,経営体
x,150,経営体数,12,漁協の市場又は荷さばき所,32790,芦屋市,経営体
206,150,経営体数,12,漁協の市場又は荷さばき所,32810,神戸市,経営体
466,150,経営体数,12,漁協の市場又は荷さばき所,32910,明石市,経営体
x,150,経営体数,12,漁協の市場又は荷さばき所,32990,播磨町,経営体
3,150,経営体数,12,漁協の市場又は荷さばき所,33010,加古川市,経営体
32,150,経営体数,12,漁協の市場又は荷さばき所,33040,高砂市,経営体
219,150,経営体数,12,漁協の市場又は荷さばき所,33090,姫路市,経営体
82,150,経営体数,12,漁協の市場又は荷さばき所,33220,たつの市,経営体
2,150,経営体数,12,漁協の市場又は荷さばき所,33260,相生市,経営体
11,150,経営体数,12,漁協の市場又は荷さばき所,33280,赤穂市,経営体
613,150,経営体数,12,漁協の市場又は荷さばき所,33320,淡路市,経営体
305,150,経営体数,12,漁協の市場又は荷さばき所,33490,洲本市,経営体
402,150,経営体数,12,漁協の市場又は荷さばき所,33550,南あわじ市,経営体
1954,150,経営体数,12,漁協の市場又は荷さばき所,34290,和歌山県,経営体
1458,150,経営体数,12,漁協の市場又は荷さばき所,34300,太平洋南区,経営体
57,150,経営体数,12,漁協の市場又は荷さばき所,34320,美浜町,経営体
141,150,経営体数,12,漁協の市場又は荷さばき所,34350,御坊市,経営体
78,150,経営体数,12,漁協の市場又は荷さばき所,34370,印南町,経営体
109,150,経営体数,12,漁協の市場又は荷さばき所,34390,みなべ町,経営体
139,150,経営体数,12,漁協の市場又は荷さばき所,34410,田辺市,経営体
132,150,経営体数,12,漁協の市場又は荷さばき所,34450,白浜町,経営体
103,150,経営体数,12,漁協の市場又は荷さばき所,34490,すさみ町,経営体
397,150,経営体数,12,漁協の市場又は荷さばき所,34510,串本町,経営体
192,150,経営体数,12,漁協の市場又は荷さばき所,34600,那智勝浦町,経営体
71,150,経営体数,12,漁協の市場又は荷さばき所,34650,太地町,経営体
39,150,経営体数,12,漁協の市場又は荷さばき所,34670,新宮市,経営体
496,150,経営体数,12,漁協の市場又は荷さばき所,34700,瀬戸内海区,経営体
187,150,経営体数,12,漁協の市場又は荷さばき所,34720,和歌山市,経営体
18,150,経営体数,12,漁協の市場又は荷さばき所,34810,海南市,経営体
150,150,経営体数,12,漁協の市場又は荷さばき所,34870,有田市,経営体
53,150,経営体数,12,漁協の市場又は荷さばき所,34920,湯浅町,経営体
3,150,経営体数,12,漁協の市場又は荷さばき所,34960,広川町,経営体
13,150,経営体数,12,漁協の市場又は荷さばき所,34980,由良町,経営体
72,150,経営体数,12,漁協の市場又は荷さばき所,35040,日高町,経営体
674,150,経営体数,12,漁協の市場又は荷さばき所,35190,鳥取県,経営体
152,150,経営体数,12,漁協の市場又は荷さばき所,35210,岩美町,経営体
158,150,経営体数,12,漁協の市場又は荷さばき所,35260,鳥取市,経営体
42,150,経営体数,12,漁協の市場又は荷さばき所,35330,湯梨浜町,経営体
8,150,経営体数,12,漁協の市場又は荷さばき所,35360,北栄町,経営体
60,150,経営体数,12,漁協の市場又は荷さばき所,35390,琴浦町,経営体
69,150,経営体数,12,漁協の市場又は荷さばき所,35420,大山町,経営体
123,150,経営体数,12,漁協の市場又は荷さばき所,35460,米子市,経営体
12,150,経営体数,12,漁協の市場又は荷さばき所,35490,日吉津村,経営体
50,150,経営体数,12,漁協の市場又は荷さばき所,35510,境港市,経営体
2179,150,経営体数,12,漁協の市場又は荷さばき所,35650,島根県,経営体
5,150,経営体数,12,漁協の市場又は荷さばき所,35670,安来市,経営体
-,150,経営体数,12,漁協の市場又は荷さばき所,35700,東出雲町,経営体
568,150,経営体数,12,漁協の市場又は荷さばき所,35720,松江市,経営体
306,150,経営体数,12,漁協の市場又は荷さばき所,35870,出雲市,経営体
271,150,経営体数,12,漁協の市場又は荷さばき所,35960,大田市,経営体
23,150,経営体数,12,漁協の市場又は荷さばき所,36070,江津市,経営体
193,150,経営体数,12,漁協の市場又は荷さばき所,36100,浜田市,経営体
115,150,経営体数,12,漁協の市場又は荷さばき所,36170,益田市,経営体
384,150,経営体数,12,漁協の市場又は荷さばき所,36200,隠岐の島町,経営体
104,150,経営体数,12,漁協の市場又は荷さばき所,36290,海士町,経営体
144,150,経営体数,12,漁協の市場又は荷さばき所,36340,西ノ島町,経営体
66,150,経営体数,12,漁協の市場又は荷さばき所,36370,知夫村,経営体
837,150,経営体数,12,漁協の市場又は荷さばき所,36490,岡山県,経営体
120,150,経営体数,12,漁協の市場又は荷さばき所,36510,備前市,経営体
174,150,経営体数,12,漁協の市場又は荷さばき所,36560,瀬戸内市,経営体
44,150,経営体数,12,漁協の市場又は荷さばき所,36590,岡山市,経営体
78,150,経営体数,12,漁協の市場又は荷さばき所,36650,玉野市,経営体
290,150,経営体数,12,漁協の市場又は荷さばき所,36690,倉敷市,経営体
73,150,経営体数,12,漁協の市場又は荷さばき所,36770,浅口市,経営体
58,150,経営体数,12,漁協の市場又は荷さばき所,36790,笠岡市,経営体
455,150,経営体数,12,漁協の市場又は荷さばき所,37070,広島県,経営体
127,150,経営体数,12,漁協の市場又は荷さばき所,37090,福山市,経営体
64,150,経営体数,12,漁協の市場又は荷さばき所,37190,尾道市,経営体
1,150,経営体数,12,漁協の市場又は荷さばき所,37290,三原市,経営体
28,150,経営体数,12,漁協の市場又は荷さばき所,37330,竹原市,経営体
-,150,経営体数,12,漁協の市場又は荷さばき所,37370,東広島市,経営体
-,150,経営体数,12,漁協の市場又は荷さばき所,37400,大崎上島町,経営体
118,150,経営体数,12,漁協の市場又は荷さばき所,37440,呉市,経営体
7,150,経営体数,12,漁協の市場又は荷さばき所,37600,江田島市,経営体
3,150,経営体数,12,漁協の市場又は荷さばき所,37720,坂町,経営体
-,150,経営体数,12,漁協の市場又は荷さばき所,37740,海田町,経営体
20,150,経営体数,12,漁協の市場又は荷さばき所,37760,広島市,経営体
68,150,経営体数,12,漁協の市場又は荷さばき所,37830,廿日市市,経営体
19,150,経営体数,12,漁協の市場又は荷さばき所,37870,大竹市,経営体
2951,150,経営体数,12,漁協の市場又は荷さばき所,38010,山口県,経営体
1801,150,経営体数,12,漁協の市場又は荷さばき所,38020,東シナ海区,経営体
692,150,経営体数,12,漁協の市場又は荷さばき所,38040,萩市,経営体
109,150,経営体数,12,漁協の市場又は荷さばき所,38200,阿武町,経営体
765,150,経営体数,12,漁協の市場又は荷さばき所,38240,長門市,経営体
235,150,経営体数,12,漁協の市場又は荷さばき所,38400,下関市,経営体
1150,150,経営体数,12,漁協の市場又は荷さばき所,38630,瀬戸内海区,経営体
135,150,経営体数,12,漁協の市場又は荷さばき所,38650,周防大島町,経営体
-,150,経営体数,12,漁協の市場又は荷さばき所,38730,和木町,経営体
65,150,経営体数,12,漁協の市場又は荷さばき所,38750,岩国市,経営体
28,150,経営体数,12,漁協の市場又は荷さばき所,38820,柳井市,経営体
86,150,経営体数,12,漁協の市場又は荷さばき所,38890,上関町,経営体
38,150,経営体数,12,漁協の市場又は荷さばき所,38940,平生町,経営体
10,150,経営体数,12,漁協の市場又は荷さばき所,38960,田布施町,経営体
68,150,経営体数,12,漁協の市場又は荷さばき所,38990,光市,経営体
38,150,経営体数,12,漁協の市場又は荷さばき所,39020,下松市,経営体
211,150,経営体数,12,漁協の市場又は荷さばき所,39040,周南市,経営体
131,150,経営体数,12,漁協の市場又は荷さばき所,39120,防府市,経営体
100,150,経営体数,12,漁協の市場又は荷さばき所,39230,山口市,経営体
148,150,経営体数,12,漁協の市場又は荷さばき所,39310,宇部市,経営体
61,150,経営体数,12,漁協の市場又は荷さばき所,39380,山陽小野田市,経営体
31,150,経営体数,12,漁協の市場又は荷さばき所,39430,下関市,経営体
1236,150,経営体数,12,漁協の市場又は荷さばき所,39530,徳島県,経営体
725,150,経営体数,12,漁協の市場又は荷さばき所,39540,太平洋南区,経営体
321,150,経営体数,12,漁協の市場又は荷さばき所,39560,美波町,経営体
213,150,経営体数,12,漁協の市場又は荷さばき所,39640,牟岐町,経営体
191,150,経営体数,12,漁協の市場又は荷さばき所,39660,海陽町,経営体
511,150,経営体数,12,漁協の市場又は荷さばき所,39700,瀬戸内海区,経営体
145,150,経営体数,12,漁協の市場又は荷さばき所,39720,鳴門市,経営体
5,150,経営体数,12,漁協の市場又は荷さばき所,39800,松茂町,経営体
58,150,経営体数,12,漁協の市場又は荷さばき所,39820,徳島市,経営体
29,150,経営体数,12,漁協の市場又は荷さばき所,39860,小松島市,経営体
274,150,経営体数,12,漁協の市場又は荷さばき所,39890,阿南市,経営体
681,150,経営体数,12,漁協の市場又は荷さばき所,40150,香川県,経営体
130,150,経営体数,12,漁協の市場又は荷さばき所,40170,東かがわ市,経営体
96,150,経営体数,12,漁協の市場又は荷さばき所,40210,さぬき市,経営体
37,150,経営体数,12,漁協の市場又は荷さばき所,40270,小豆島町,経営体
27,150,経営体数,12,漁協の市場又は荷さばき所,40300,土庄町,経営体
139,150,経営体数,12,漁協の市場又は荷さばき所,40380,高松市,経営体
21,150,経営体数,12,漁協の市場又は荷さばき所,40480,直島町,経営体
28,150,経営体数,12,漁協の市場又は荷さばき所,40500,坂出市,経営体
2,150,経営体数,12,漁協の市場又は荷さばき所,40550,宇多津町,経営体
9,150,経営体数,12,漁協の市場又は荷さばき所,40570,丸亀市,経営体
3,150,経営体数,12,漁協の市場又は荷さばき所,40620,多度津町,経営体
40,150,経営体数,12,漁協の市場又は荷さばき所,40670,三豊市,経営体
149,150,経営体数,12,漁協の市場又は荷さばき所,40760,観音寺市,経営体
3190,150,経営体数,12,漁協の市場又は荷さばき所,40880,愛媛県,経営体
1480,150,経営体数,12,漁協の市場又は荷さばき所,40890,太平洋南区,経営体
141,150,経営体数,12,漁協の市場又は荷さばき所,40910,八幡浜市,経営体
123,150,経営体数,12,漁協の市場又は荷さばき所,40940,西予市,経営体
848,150,経営体数,12,漁協の市場又は荷さばき所,40970,宇和島市,経営体
368,150,経営体数,12,漁協の市場又は荷さばき所,41090,愛南町,経営体
1710,150,経営体数,12,漁協の市場又は荷さばき所,41180,瀬戸内海区,経営体
162,150,経営体数,12,漁協の市場又は荷さばき所,41200,四国中央市,経営体
122,150,経営体数,12,漁協の市場又は荷さばき所,41250,新居浜市,経営体
182,150,経営体数,12,漁協の市場又は荷さばき所,41310,西条市,経営体
37,150,経営体数,12,漁協の市場又は荷さばき所,41390,上島町,経営体
302,150,経営体数,12,漁協の市場又は荷さばき所,41440,今治市,経営体
234,150,経営体数,12,漁協の市場又は荷さばき所,41600,松山市,経営体
7,150,経営体数,12,漁協の市場又は荷さばき所,41780,松前町,経営体
145,150,経営体数,12,漁協の市場又は荷さばき所,41800,伊予市,経営体
106,150,経営体数,12,漁協の市場又は荷さばき所,41840,大洲市,経営体
43,150,経営体数,12,漁協の市場又は荷さばき所,41870,八幡浜市,経営体
370,150,経営体数,12,漁協の市場又は荷さばき所,41900,伊方町,経営体
2152,150,経営体数,12,漁協の市場又は荷さばき所,42060,高知県,経営体
80,150,経営体数,12,漁協の市場又は荷さばき所,42080,東洋町,経営体
268,150,経営体数,12,漁協の市場又は荷さばき所,42110,室戸市,経営体
50,150,経営体数,12,漁協の市場又は荷さばき所,42200,奈半利町,経営体
18,150,経営体数,12,漁協の市場又は荷さばき所,42230,田野町,経営体
24,150,経営体数,12,漁協の市場又は荷さばき所,42250,安田町,経営体
41,150,経営体数,12,漁協の市場又は荷さばき所,42270,安芸市,経営体
7,150,経営体数,12,漁協の市場又は荷さばき所,42330,芸西村,経営体
59,150,経営体数,12,漁協の市場又は荷さばき所,42350,香南市,経営体
8,150,経営体数,12,漁協の市場又は荷さばき所,42400,南国市,経営体
62,150,経営体数,12,漁協の市場又は荷さばき所,42450,高知市,経営体
82,150,経営体数,12,漁協の市場又は荷さばき所,42500,土佐市,経営体
223,150,経営体数,12,漁協の市場又は荷さばき所,42540,須崎市,経営体
139,150,経営体数,12,漁協の市場又は荷さばき所,42610,中土佐町,経営体
73,150,経営体数,12,漁協の市場又は荷さばき所,42650,四万十町,経営体
217,150,経営体数,12,漁協の市場又は荷さばき所,42680,黒潮町,経営体
70,150,経営体数,12,漁協の市場又は荷さばき所,42740,四万十市,経営体
458,150,経営体数,12,漁協の市場又は荷さばき所,42760,土佐清水市,経営体
131,150,経営体数,12,漁協の市場又は荷さばき所,42850,大月町,経営体
142,150,経営体数,12,漁協の市場又は荷さばき所,42980,宿毛市,経営体
1112,150,経営体数,12,漁協の市場又は荷さばき所,43240,福岡県,経営体
1023,150,経営体数,12,漁協の市場又は荷さばき所,43250,東シナ海区,経営体
-,150,経営体数,12,漁協の市場又は荷さばき所,43270,北九州市,経営体
-,150,経営体数,12,漁協の市場又は荷さばき所,43410,芦屋町,経営体
34,150,経営体数,12,漁協の市場又は荷さばき所,43440,岡垣町,経営体
29,150,経営体数,12,漁協の市場又は荷さばき所,43460,宗像市,経営体
11,150,経営体数,12,漁協の市場又は荷さばき所,43510,福津市,経営体
-,150,経営体数,12,漁協の市場又は荷さばき所,43540,古賀市,経営体
-,150,経営体数,12,漁協の市場又は荷さばき所,43560,新宮町,経営体
133,150,経営体数,12,漁協の市場又は荷さばき所,43590,福岡市,経営体
-,150,経営体数,12,漁協の市場又は荷さばき所,43770,志摩町,経営体
-,150,経営体数,12,漁協の市場又は荷さばき所,43830,前原市,経営体
-,150,経営体数,12,漁協の市場又は荷さばき所,43850,二丈町,経営体
-,150,経営体数,12,漁協の市場又は荷さばき所,43880,久留米市,経営体
92,150,経営体数,12,漁協の市場又は荷さばき所,43920,大川市,経営体
619,150,経営体数,12,漁協の市場又は荷さばき所,43980,柳川市,経営体
47,150,経営体数,12,漁協の市場又は荷さばき所,44080,みやま市,経営体
58,150,経営体数,12,漁協の市場又は荷さばき所,44110,大牟田市,経営体
89,150,経営体数,12,漁協の市場又は荷さばき所,44140,瀬戸内海区,経営体
54,150,経営体数,12,漁協の市場又は荷さばき所,44160,北九州市,経営体
33,150,経営体数,12,漁協の市場又は荷さばき所,44230,苅田町,経営体
-,150,経営体数,12,漁協の市場又は荷さばき所,44250,行橋市,経営体
1,150,経営体数,12,漁協の市場又は荷さばき所,44300,築上町,経営体
1,150,経営体数,12,漁協の市場又は荷さばき所,44330,豊前市,経営体
-,150,経営体数,12,漁協の市場又は荷さばき所,44370,吉富町,経営体
1187,150,経営体数,12,漁協の市場又は荷さばき所,44850,佐賀県,経営体
239,150,経営体数,12,漁協の市場又は荷さばき所,44870,唐津市,経営体
27,150,経営体数,12,漁協の市場又は荷さばき所,45120,玄海町,経営体
18,150,経営体数,12,漁協の市場又は荷さばき所,45150,伊万里市,経営体
x,150,経営体数,12,漁協の市場又は荷さばき所,45170,神埼市,経営体
454,150,経営体数,12,漁協の市場又は荷さばき所,45190,佐賀市,経営体
104,150,経営体数,12,漁協の市場又は荷さばき所,45280,小城市,経営体
-,150,経営体数,12,漁協の市場又は荷さばき所,45300,江北町,経営体
116,150,経営体数,12,漁協の市場又は荷さばき所,45320,白石町,経営体
x,150,経営体数,12,漁協の市場又は荷さばき所,45360,嬉野市,経営体
168,150,経営体数,12,漁協の市場又は荷さばき所,45380,鹿島市,経営体
53,150,経営体数,12,漁協の市場又は荷さばき所,45430,太良町,経営体
6406,150,経営体数,12,漁協の市場又は荷さばき所,45570,長崎県,経営体
1382,150,経営体数,12,漁協の市場又は荷さばき所,45590,対馬市,経営体
894,150,経営体数,12,漁協の市場又は荷さばき所,45890,壱岐市,経営体
154,150,経営体数,12,漁協の市場又は荷さばき所,45950,松浦市,経営体
590,150,経営体数,12,漁協の市場又は荷さばき所,46000,平戸市,経営体
45,150,経営体数,12,漁協の市場又は荷さばき所,46140,鹿町町,経営体
246,150,経営体数,12,漁協の市場又は荷さばき所,46160,佐世保市,経営体
194,150,経営体数,12,漁協の市場又は荷さばき所,46240,小値賀町,経営体
13,150,経営体数,12,漁協の市場又は荷さばき所,46260,川棚町,経営体
15,150,経営体数,12,漁協の市場又は荷さばき所,46280,東彼杵町,経営体
58,150,経営体数,12,漁協の市場又は荷さばき所,46300,大村市,経営体
169,150,経営体数,12,漁協の市場又は荷さばき所,46340,諫早市,経営体
13,150,経営体数,12,漁協の市場又は荷さばき所,46450,長与町,経営体
36,150,経営体数,12,漁協の市場又は荷さばき所,46470,時津町,経営体
466,150,経営体数,12,漁協の市場又は荷さばき所,46490,長崎市,経営体
336,150,経営体数,12,漁協の市場又は荷さばき所,46680,西海市,経営体
135,150,経営体数,12,漁協の市場又は荷さばき所,46750,雲仙市,経営体
371,150,経営体数,12,漁協の市場又は荷さばき所,46850,南島原市,経営体
91,150,経営体数,12,漁協の市場又は荷さばき所,46930,島原市,経営体
489,150,経営体数,12,漁協の市場又は荷さばき所,46970,新上五島町,経営体
709,150,経営体数,12,漁協の市場又は荷さばき所,47140,五島市,経営体
3375,150,経営体数,12,漁協の市場又は荷さばき所,47350,熊本県,経営体
167,150,経営体数,12,漁協の市場又は荷さばき所,47370,荒尾市,経営体
17,150,経営体数,12,漁協の市場又は荷さばき所,47400,長洲町,経営体
425,150,経営体数,12,漁協の市場又は荷さばき所,47420,玉名市,経営体
579,150,経営体数,12,漁協の市場又は荷さばき所,47490,熊本市,経営体
190,150,経営体数,12,漁協の市場又は荷さばき所,47590,宇土市,経営体
81,150,経営体数,12,漁協の市場又は荷さばき所,47630,宇城市,経営体
12,150,経営体数,12,漁協の市場又は荷さばき所,47720,氷川町,経営体
103,150,経営体数,12,漁協の市場又は荷さばき所,47740,八代市,経営体
96,150,経営体数,12,漁協の市場又は荷さばき所,47820,芦北町,経営体
32,150,経営体数,12,漁協の市場又は荷さばき所,47850,津奈木町,経営体
-,150,経営体数,12,漁協の市場又は荷さばき所,47870,水俣市,経営体
462,150,経営体数,12,漁協の市場又は荷さばき所,47890,上天草市,経営体
1085,150,経営体数,12,漁協の市場又は荷さばき所,48010,天草市,経営体
126,150,経営体数,12,漁協の市場又は荷さばき所,48250,苓北町,経営体
1608,150,経営体数,12,漁協の市場又は荷さばき所,48650,大分県,経営体
1207,150,経営体数,12,漁協の市場又は荷さばき所,48660,太平洋南区,経営体
308,150,経営体数,12,漁協の市場又は荷さばき所,48680,大分市,経営体
135,150,経営体数,12,漁協の市場又は荷さばき所,48700,臼杵市,経営体
366,150,経営体数,12,漁協の市場又は荷さばき所,48720,津久見市,経営体
398,150,経営体数,12,漁協の市場又は荷さばき所,48750,佐伯市,経営体
401,150,経営体数,12,漁協の市場又は荷さばき所,48860,瀬戸内海区,経営体
27,150,経営体数,12,漁協の市場又は荷さばき所,48880,中津市,経営体
94,150,経営体数,12,漁協の市場又は荷さばき所,48900,宇佐市,経営体
14,150,経営体数,12,漁協の市場又は荷さばき所,48950,豊後高田市,経営体
145,150,経営体数,12,漁協の市場又は荷さばき所,48990,国東市,経営体
16,150,経営体数,12,漁協の市場又は荷さばき所,49050,姫島村,経営体
8,150,経営体数,12,漁協の市場又は荷さばき所,49070,杵築市,経営体
73,150,経営体数,12,漁協の市場又は荷さばき所,49090,日出町,経営体
1,150,経営体数,12,漁協の市場又は荷さばき所,49120,別府市,経営体
23,150,経営体数,12,漁協の市場又は荷さばき所,49140,大分市,経営体
1135,150,経営体数,12,漁協の市場又は荷さばき所,49240,宮崎県,経営体
192,150,経営体数,12,漁協の市場又は荷さばき所,49260,延岡市,経営体
92,150,経営体数,12,漁協の市場又は荷さばき所,49320,門川町,経営体
154,150,経営体数,12,漁協の市場又は荷さばき所,49350,日向市,経営体
53,150,経営体数,12,漁協の市場又は荷さばき所,49380,都農町,経営体
168,150,経営体数,12,漁協の市場又は荷さばき所,49400,川南町,経営体
4,150,経営体数,12,漁協の市場又は荷さばき所,49420,高鍋町,経営体
9,150,経営体数,12,漁協の市場又は荷さばき所,49440,新富町,経営体
85,150,経営体数,12,漁協の市場又は荷さばき所,49460,宮崎市,経営体
108,150,経営体数,12,漁協の市場又は荷さばき所,49510,日南市,経営体
91,150,経営体数,12,漁協の市場又は荷さばき所,49550,南郷町,経営体
179,150,経営体数,12,漁協の市場又は荷さばき所,49590,串間市,経営体
3193,150,経営体数,12,漁協の市場又は荷さばき所,49840,鹿児島県,経営体
101,150,経営体数,12,漁協の市場又は荷さばき所,49860,出水市,経営体
408,150,経営体数,12,漁協の市場又は荷さばき所,49890,長島町,経営体
241,150,経営体数,12,漁協の市場又は荷さばき所,49920,阿久根市,経営体
263,150,経営体数,12,漁協の市場又は荷さばき所,49960,薩摩川内市,経営体
187,150,経営体数,12,漁協の市場又は荷さばき所,50040,いちき串木野市,経営体
81,150,経営体数,12,漁協の市場又は荷さばき所,50090,日置市,経営体
197,150,経営体数,12,漁協の市場又は荷さばき所,50140,南さつま市,経営体
49,150,経営体数,12,漁協の市場又は荷さばき所,50230,枕崎市,経営体
37,150,経営体数,12,漁協の市場又は荷さばき所,50250,南九州市,経営体
89,150,経営体数,12,漁協の市場又は荷さばき所,50280,指宿市,経営体
28,150,経営体数,12,漁協の市場又は荷さばき所,50330,鹿児島市,経営体
8,150,経営体数,12,漁協の市場又は荷さばき所,50390,姶良町,経営体
14,150,経営体数,12,漁協の市場又は荷さばき所,50410,加治木町,経営体
-,150,経営体数,12,漁協の市場又は荷さばき所,50430,霧島市,経営体
59,150,経営体数,12,漁協の市場又は荷さばき所,50470,垂水市,経営体
41,150,経営体数,12,漁協の市場又は荷さばき所,50500,鹿屋市,経営体
11,150,経営体数,12,漁協の市場又は荷さばき所,50520,錦江町,経営体
162,150,経営体数,12,漁協の市場又は荷さばき所,50540,南大隅町,経営体
106,150,経営体数,12,漁協の市場又は荷さばき所,50580,肝付町,経営体
25,150,経営体数,12,漁協の市場又は荷さばき所,50630,東串良町,経営体
8,150,経営体数,12,漁協の市場又は荷さばき所,50650,大崎町,経営体
53,150,経営体数,12,漁協の市場又は荷さばき所,50670,志布志市,経営体
11,150,経営体数,12,漁協の市場又は荷さばき所,50700,三島村,経営体
12,150,経営体数,12,漁協の市場又は荷さばき所,50720,十島村,経営体
268,150,経営体数,12,漁協の市場又は荷さばき所,50740,西之表市,経営体
60,150,経営体数,12,漁協の市場又は荷さばき所,50760,中種子町,経営体
44,150,経営体数,12,漁協の市場又は荷さばき所,50780,南種子町,経営体
97,150,経営体数,12,漁協の市場又は荷さばき所,50800,屋久島町,経営体
99,150,経営体数,12,漁協の市場又は荷さばき所,50830,奄美市,経営体
27,150,経営体数,12,漁協の市場又は荷さばき所,50870,龍郷町,経営体
3,150,経営体数,12,漁協の市場又は荷さばき所,50890,大和村,経営体
10,150,経営体数,12,漁協の市場又は荷さばき所,50910,宇検村,経営体
62,150,経営体数,12,漁協の市場又は荷さばき所,50930,瀬戸内町,経営体
27,150,経営体数,12,漁協の市場又は荷さばき所,50950,喜界町,経営体
44,150,経営体数,12,漁協の市場又は荷さばき所,50970,徳之島町,経営体
28,150,経営体数,12,漁協の市場又は荷さばき所,50990,天城町,経営体
31,150,経営体数,12,漁協の市場又は荷さばき所,51010,伊仙町,経営体
27,150,経営体数,12,漁協の市場又は荷さばき所,51030,和泊町,経営体
16,150,経営体数,12,漁協の市場又は荷さばき所,51050,知名町,経営体
159,150,経営体数,12,漁協の市場又は荷さばき所,51070,与論町,経営体
2177,150,経営体数,12,漁協の市場又は荷さばき所,51170,沖縄県,経営体
53,150,経営体数,12,漁協の市場又は荷さばき所,51190,国頭村,経営体
5,150,経営体数,12,漁協の市場又は荷さばき所,51210,大宜味村,経営体
27,150,経営体数,12,漁協の市場又は荷さばき所,51230,東村,経営体
85,150,経営体数,12,漁協の市場又は荷さばき所,51250,名護市,経営体
51,150,経営体数,12,漁協の市場又は荷さばき所,51270,今帰仁村,経営体
26,150,経営体数,12,漁協の市場又は荷さばき所,51290,本部町,経営体
99,150,経営体数,12,漁協の市場又は荷さばき所,51310,恩納村,経営体
49,150,経営体数,12,漁協の市場又は荷さばき所,51330,宜野座村,経営体
28,150,経営体数,12,漁協の市場又は荷さばき所,51350,金武町,経営体
44,150,経営体数,12,漁協の市場又は荷さばき所,51370,伊江村,経営体
45,150,経営体数,12,漁協の市場又は荷さばき所,51390,伊是名村,経営体
52,150,経営体数,12,漁協の市場又は荷さばき所,51410,伊平屋村,経営体
261,150,経営体数,12,漁協の市場又は荷さばき所,51430,うるま市,経営体
77,150,経営体数,12,漁協の市場又は荷さばき所,51480,沖縄市,経営体
51,150,経営体数,12,漁協の市場又は荷さばき所,51500,読谷村,経営体
8,150,経営体数,12,漁協の市場又は荷さばき所,51520,嘉手納町,経営体
28,150,経営体数,12,漁協の市場又は荷さばき所,51540,北谷町,経営体
31,150,経営体数,12,漁協の市場又は荷さばき所,51560,北中城村,経営体
33,150,経営体数,12,漁協の市場又は荷さばき所,51580,中城村,経営体
17,150,経営体数,12,漁協の市場又は荷さばき所,51600,西原町,経営体
40,150,経営体数,12,漁協の市場又は荷さばき所,51620,宜野湾市,経営体
35,150,経営体数,12,漁協の市場又は荷さばき所,51640,浦添市,経営体
98,150,経営体数,12,漁協の市場又は荷さばき所,51660,那覇市,経営体
27,150,経営体数,12,漁協の市場又は荷さばき所,51680,豊見城市,経営体
89,150,経営体数,12,漁協の市場又は荷さばき所,51700,糸満市,経営体
35,150,経営体数,12,漁協の市場又は荷さばき所,51720,八重瀬町,経営体
110,150,経営体数,12,漁協の市場又は荷さばき所,51740,南城市,経営体
23,150,経営体数,12,漁協の市場又は荷さばき所,51780,与那原町,経営体
124,150,経営体数,12,漁協の市場又は荷さばき所,51800,久米島町,経営体
36,150,経営体数,12,漁協の市場又は荷さばき所,51820,座間味村,経営体
24,150,経営体数,12,漁協の市場又は荷さばき所,51840,渡嘉敷村,経営体
1,150,経営体数,12,漁協の市場又は荷さばき所,51860,渡名喜村,経営体
-,150,経営体数,12,漁協の市場又は荷さばき所,51880,粟国村,経営体
24,150,経営体数,12,漁協の市場又は荷さばき所,51900,南大東村,経営体
14,150,経営体数,12,漁協の市場又は荷さばき所,51920,北大東村,経営体
189,150,経営体数,12,漁協の市場又は荷さばき所,51940,宮古島市,経営体
-,150,経営体数,12,漁協の市場又は荷さばき所,52000,多良間村,経営体
183,150,経営体数,12,漁協の市場又は荷さばき所,52020,石垣市,経営体
27,150,経営体数,12,漁協の市場又は荷さばき所,52040,竹富町,経営体
28,150,経営体数,12,漁協の市場又は荷さばき所,52060,与那国町,経営体
21369,150,経営体数,13,漁協以外の卸売市場,10010,全国,経営体
680,150,経営体数,13,漁協以外の卸売市場,10020,北海道,経営体
504,150,経営体数,13,漁協以外の卸売市場,10060,北海道太平洋北区,経営体
53,150,経営体数,13,漁協以外の卸売市場,10070,根室支庁,経営体
3,150,経営体数,13,漁協以外の卸売市場,10090,羅臼町,経営体
-,150,経営体数,13,漁協以外の卸売市場,10110,標津町,経営体
1,150,経営体数,13,漁協以外の卸売市場,10130,別海町,経営体
49,150,経営体数,13,漁協以外の卸売市場,10160,根室市,経営体
62,150,経営体数,13,漁協以外の卸売市場,10240,釧路支庁,経営体
8,150,経営体数,13,漁協以外の卸売市場,10260,浜中町,経営体
14,150,経営体数,13,漁協以外の卸売市場,10290,厚岸町,経営体
25,150,経営体数,13,漁協以外の卸売市場,10310,釧路町,経営体
15,150,経営体数,13,漁協以外の卸売市場,10330,釧路市,経営体
-,150,経営体数,13,漁協以外の卸売市場,10370,白糠町,経営体
3,150,経営体数,13,漁協以外の卸売市場,10430,十勝支庁,経営体
-,150,経営体数,13,漁協以外の卸売市場,10450,浦幌町,経営体
-,150,経営体数,13,漁協以外の卸売市場,10470,豊頃町,経営体
-,150,経営体数,13,漁協以外の卸売市場,10490,大樹町,経営体
3,150,経営体数,13,漁協以外の卸売市場,10510,広尾町,経営体
5,150,経営体数,13,漁協以外の卸売市場,10690,日高支庁,経営体
-,150,経営体数,13,漁協以外の卸売市場,10710,えりも町,経営体
1,150,経営体数,13,漁協以外の卸売市場,10740,様似町,経営体
-,150,経営体数,13,漁協以外の卸売市場,10770,浦河町,経営体
-,150,経営体数,13,漁協以外の卸売市場,10800,新ひだか町,経営体
-,150,経営体数,13,漁協以外の卸売市場,10830,新冠町,経営体
4,150,経営体数,13,漁協以外の卸売市場,10850,日高町,経営体
136,150,経営体数,13,漁協以外の卸売市場,10890,胆振支庁,経営体
-,150,経営体数,13,漁協以外の卸売市場,10910,むかわ町,経営体
-,150,経営体数,13,漁協以外の卸売市場,10930,厚真町,経営体
-,150,経営体数,13,漁協以外の卸売市場,10950,苫小牧市,経営体
42,150,経営体数,13,漁協以外の卸売市場,10970,白老町,経営体
39,150,経営体数,13,漁協以外の卸売市場,11000,登別市,経営体
35,150,経営体数,13,漁協以外の卸売市場,11020,室蘭市,経営体
20,150,経営体数,13,漁協以外の卸売市場,11040,伊達市,経営体
-,150,経営体数,13,漁協以外の卸売市場,11070,洞爺湖町,経営体
-,150,経営体数,13,漁協以外の卸売市場,11090,豊浦町,経営体
245,150,経営体数,13,漁協以外の卸売市場,11140,渡島支庁,経営体
-,150,経営体数,13,漁協以外の卸売市場,11160,長万部町,経営体
2,150,経営体数,13,漁協以外の卸売市場,11180,八雲町,経営体
8,150,経営体数,13,漁協以外の卸売市場,11210,森町,経営体
2,150,経営体数,13,漁協以外の卸売市場,11240,鹿部町,経営体
218,150,経営体数,13,漁協以外の卸売市場,11260,函館市,経営体
11,150,経営体数,13,漁協以外の卸売市場,11460,北斗市,経営体
1,150,経営体数,13,漁協以外の卸売市場,11510,木古内町,経営体
1,150,経営体数,13,漁協以外の卸売市場,11530,知内町,経営体
2,150,経営体数,13,漁協以外の卸売市場,11550,福島町,経営体
176,150,経営体数,13,漁協以外の卸売市場,11630,北海道日本海北区,経営体
10,150,経営体数,13,漁協以外の卸売市場,11640,宗谷支庁,経営体
-,150,経営体数,13,漁協以外の卸売市場,11660,枝幸町,経営体
-,150,経営体数,13,漁協以外の卸売市場,11680,浜頓別町,経営体
-,150,経営体数,13,漁協以外の卸売市場,11700,猿払村,経営体
1,150,経営体数,13,漁協以外の卸売市場,11720,稚内市,経営体
9,150,経営体数,13,漁協以外の卸売市場,11750,豊富町,経営体
-,150,経営体数,13,漁協以外の卸売市場,11770,利尻町,経営体
-,150,経営体数,13,漁協以外の卸売市場,11800,利尻富士町,経営体
-,150,経営体数,13,漁協以外の卸売市場,11830,礼文町,経営体
38,150,経営体数,13,漁協以外の卸売市場,11880,網走支庁,経営体
-,150,経営体数,13,漁協以外の卸売市場,11900,斜里町,経営体
-,150,経営体数,13,漁協以外の卸売市場,11920,小清水町,経営体
1,150,経営体数,13,漁協以外の卸売市場,11940,網走市,経営体
-,150,経営体数,13,漁協以外の卸売市場,11960,北見市,経営体
-,150,経営体数,13,漁協以外の卸売市場,11980,佐呂間町,経営体
-,150,経営体数,13,漁協以外の卸売市場,12000,湧別町,経営体
2,150,経営体数,13,漁協以外の卸売市場,12020,紋別市,経営体
-,150,経営体数,13,漁協以外の卸売市場,12040,興部町,経営体
35,150,経営体数,13,漁協以外の卸売市場,12060,雄武町,経営体
18,150,経営体数,13,漁協以外の卸売市場,12190,留萌支庁,経営体
-,150,経営体数,13,漁協以外の卸売市場,12210,幌延町,経営体
1,150,経営体数,13,漁協以外の卸売市場,12230,天塩町,経営体
11,150,経営体数,13,漁協以外の卸売市場,12250,遠別町,経営体
-,150,経営体数,13,漁協以外の卸売市場,12270,初山別村,経営体
2,150,経営体数,13,漁協以外の卸売市場,12290,羽幌町,経営体
-,150,経営体数,13,漁協以外の卸売市場,12330,苫前町,経営体
-,150,経営体数,13,漁協以外の卸売市場,12350,小平町,経営体
3,150,経営体数,13,漁協以外の卸売市場,12370,留萌市,経営体
1,150,経営体数,13,漁協以外の卸売市場,12390,増毛町,経営体
46,150,経営体数,13,漁協以外の卸売市場,12410,石狩支庁,経営体
46,150,経営体数,13,漁協以外の卸売市場,12430,石狩市,経営体
41,150,経営体数,13,漁協以外の卸売市場,12550,後志支庁,経営体
5,150,経営体数,13,漁協以外の卸売市場,12570,小樽市,経営体
1,150,経営体数,13,漁協以外の卸売市場,12590,余市町,経営体
7,150,経営体数,13,漁協以外の卸売市場,12610,古平町,経営体
3,150,経営体数,13,漁協以外の卸売市場,12630,積丹町,経営体
8,150,経営体数,13,漁協以外の卸売市場,12660,神恵内村,経営体
7,150,経営体数,13,漁協以外の卸売市場,12680,泊村,経営体
-,150,経営体数,13,漁協以外の卸売市場,12710,共和町,経営体
1,150,経営体数,13,漁協以外の卸売市場,12730,岩内町,経営体
-,150,経営体数,13,漁協以外の卸売市場,12750,蘭越町,経営体
2,150,経営体数,13,漁協以外の卸売市場,12770,寿都町,経営体
7,150,経営体数,13,漁協以外の卸売市場,12790,島牧村,経営体
8,150,経営体数,13,漁協以外の卸売市場,12920,檜山支庁,経営体
3,150,経営体数,13,漁協以外の卸売市場,12940,せたな町,経営体
2,150,経営体数,13,漁協以外の卸売市場,12990,乙部町,経営体
2,150,経営体数,13,漁協以外の卸売市場,13010,奥尻町,経営体
1,150,経営体数,13,漁協以外の卸売市場,13030,江差町,経営体
-,150,経営体数,13,漁協以外の卸売市場,13050,上ノ国町,経営体
15,150,経営体数,13,漁協以外の卸売市場,13100,渡島支庁,経営体
1,150,経営体数,13,漁協以外の卸売市場,13110,八雲町,経営体
14,150,経営体数,13,漁協以外の卸売市場,13130,松前町,経営体
426,150,経営体数,13,漁協以外の卸売市場,13700,青森県,経営体
233,150,経営体数,13,漁協以外の卸売市場,13710,太平洋北区,経営体
4,150,経営体数,13,漁協以外の卸売市場,13730,佐井村,経営体
10,150,経営体数,13,漁協以外の卸売市場,13750,大間町,経営体
9,150,経営体数,13,漁協以外の卸売市場,13780,風間浦村,経営体
19,150,経営体数,13,漁協以外の卸売市場,13820,むつ市,経営体
6,150,経営体数,13,漁協以外の卸売市場,13850,東通村,経営体
9,150,経営体数,13,漁協以外の卸売市場,13930,六ヶ所村,経営体
-,150,経営体数,13,漁協以外の卸売市場,13970,三沢市,経営体
29,150,経営体数,13,漁協以外の卸売市場,13990,おいらせ町,経営体
139,150,経営体数,13,漁協以外の卸売市場,14010,八戸市,経営体
8,150,経営体数,13,漁協以外の卸売市場,14050,階上町,経営体
193,150,経営体数,13,漁協以外の卸売市場,14070,日本海北区,経営体
22,150,経営体数,13,漁協以外の卸売市場,14090,むつ市,経営体
4,150,経営体数,13,漁協以外の卸売市場,14130,横浜町,経営体
-,150,経営体数,13,漁協以外の卸売市場,14150,野辺地町,経営体
10,150,経営体数,13,漁協以外の卸売市場,14170,平内町,経営体
39,150,経営体数,13,漁協以外の卸売市場,14210,青森市,経営体
1,150,経営体数,13,漁協以外の卸売市場,14260,蓬田村,経営体
109,150,経営体数,13,漁協以外の卸売市場,14280,外ヶ浜町,経営体
1,150,経営体数,13,漁協以外の卸売市場,14330,今別町,経営体
2,150,経営体数,13,漁協以外の卸売市場,14360,中泊町,経営体
-,150,経営体数,13,漁協以外の卸売市場,14390,五所川原市,経営体
-,150,経営体数,13,漁協以外の卸売市場,14420,つがる市,経営体
-,150,経営体数,13,漁協以外の卸売市場,14450,鰺ヶ沢町,経営体
5,150,経営体数,13,漁協以外の卸売市場,14480,深浦町,経営体
618,150,経営体数,13,漁協以外の卸売市場,14740,岩手県,経営体
8,150,経営体数,13,漁協以外の卸売市場,14760,洋野町,経営体
2,150,経営体数,13,漁協以外の卸売市場,14850,久慈市,経営体
2,150,経営体数,13,漁協以外の卸売市場,14880,野田村,経営体
4,150,経営体数,13,漁協以外の卸売市場,14900,普代村,経営体
4,150,経営体数,13,漁協以外の卸売市場,14920,田野畑村,経営体
22,150,経営体数,13,漁協以外の卸売市場,14950,岩泉町,経営体
45,150,経営体数,13,漁協以外の卸売市場,14980,宮古市,経営体
87,150,経営体数,13,漁協以外の卸売市場,15020,山田町,経営体
14,150,経営体数,13,漁協以外の卸売市場,15090,大槌町,経営体
66,150,経営体数,13,漁協以外の卸売市場,15120,釜石市,経営体
268,150,経営体数,13,漁協以外の卸売市場,15190,大船渡市,経営体
96,150,経営体数,13,漁協以外の卸売市場,15270,陸前高田市,経営体
562,150,経営体数,13,漁協以外の卸売市場,15580,宮城県,経営体
48,150,経営体数,13,漁協以外の卸売市場,15600,気仙沼市,経営体
9,150,経営体数,13,漁協以外の卸売市場,15670,本吉町,経営体
34,150,経営体数,13,漁協以外の卸売市場,15700,南三陸町,経営体
301,150,経営体数,13,漁協以外の卸売市場,15740,石巻市,経営体
76,150,経営体数,13,漁協以外の卸売市場,15970,女川町,経営体
25,150,経営体数,13,漁協以外の卸売市場,16010,東松島市,経営体
1,150,経営体数,13,漁協以外の卸売市場,16060,松島町,経営体
1,150,経営体数,13,漁協以外の卸売市場,16080,利府町,経営体
27,150,経営体数,13,漁協以外の卸売市場,16100,塩竈市,経営体
-,150,経営体数,13,漁協以外の卸売市場,16140,多賀城市,経営体
14,150,経営体数,13,漁協以外の卸売市場,16160,七ヶ浜町,経営体
10,150,経営体数,13,漁協以外の卸売市場,16240,仙台市,経営体
2,150,経営体数,13,漁協以外の卸売市場,16260,名取市,経営体
-,150,経営体数,13,漁協以外の卸売市場,16280,岩沼市,経営体
4,150,経営体数,13,漁協以外の卸売市場,16300,亘理町,経営体
10,150,経営体数,13,漁協以外の卸売市場,16320,山元町,経営体
20,150,経営体数,13,漁協以外の卸売市場,16550,秋田県,経営体
-,150,経営体数,13,漁協以外の卸売市場,16570,八峰町,経営体
9,150,経営体数,13,漁協以外の卸売市場,16610,能代市,経営体
1,150,経営体数,13,漁協以外の卸売市場,16630,三種町,経営体
-,150,経営体数,13,漁協以外の卸売市場,16650,男鹿市,経営体
-,150,経営体数,13,漁協以外の卸売市場,16730,潟上市,経営体
8,150,経営体数,13,漁協以外の卸売市場,16750,秋田市,経営体
1,150,経営体数,13,漁協以外の卸売市場,16780,由利本荘市,経営体
1,150,経営体数,13,漁協以外の卸売市場,16820,にかほ市,経営体
11,150,経営体数,13,漁協以外の卸売市場,17040,山形県,経営体
1,150,経営体数,13,漁協以外の卸売市場,17060,遊佐町,経営体
5,150,経営体数,13,漁協以外の卸売市場,17080,酒田市,経営体
5,150,経営体数,13,漁協以外の卸売市場,17110,鶴岡市,経営体
24,150,経営体数,13,漁協以外の卸売市場,17500,福島県,経営体
-,150,経営体数,13,漁協以外の卸売市場,17520,新地町,経営体
3,150,経営体数,13,漁協以外の卸売市場,17540,相馬市,経営体
-,150,経営体数,13,漁協以外の卸売市場,17580,南相馬市,経営体
-,150,経営体数,13,漁協以外の卸売市場,17620,浪江町,経営体
-,150,経営体数,13,漁協以外の卸売市場,17640,双葉町,経営体
x,150,経営体数,13,漁協以外の卸売市場,17660,大熊町,経営体
-,150,経営体数,13,漁協以外の卸売市場,17680,富岡町,経営体
x,150,経営体数,13,漁協以外の卸売市場,17700,楢葉町,経営体
-,150,経営体数,13,漁協以外の卸売市場,17720,広野町,経営体
20,150,経営体数,13,漁協以外の卸売市場,17740,いわき市,経営体
54,150,経営体数,13,漁協以外の卸売市場,18350,茨城県,経営体
18,150,経営体数,13,漁協以外の卸売市場,18370,北茨城市,経営体
x,150,経営体数,13,漁協以外の卸売市場,18400,高萩市,経営体
2,150,経営体数,13,漁協以外の卸売市場,18420,日立市,経営体
-,150,経営体数,13,漁協以外の卸売市場,18480,東海村,経営体
2,150,経営体数,13,漁協以外の卸売市場,18500,ひたちなか市,経営体
2,150,経営体数,13,漁協以外の卸売市場,18540,大洗町,経営体
x,150,経営体数,13,漁協以外の卸売市場,18560,鉾田市,経営体
11,150,経営体数,13,漁協以外の卸売市場,18600,鹿嶋市,経営体
12,150,経営体数,13,漁協以外の卸売市場,18620,神栖市,経営体
62,150,経営体数,13,漁協以外の卸売市場,20460,千葉県,経営体
2,150,経営体数,13,漁協以外の卸売市場,20480,銚子市,経営体
-,150,経営体数,13,漁協以外の卸売市場,20500,旭市,経営体
1,150,経営体数,13,漁協以外の卸売市場,20530,匝瑳市,経営体
-,150,経営体数,13,漁協以外の卸売市場,20560,横芝光町,経営体
1,150,経営体数,13,漁協以外の卸売市場,20590,山武市,経営体
x,150,経営体数,13,漁協以外の卸売市場,20620,九十九里町,経営体
-,150,経営体数,13,漁協以外の卸売市場,20640,大網白里町,経営体
-,150,経営体数,13,漁協以外の卸売市場,20660,白子町,経営体
x,150,経営体数,13,漁協以外の卸売市場,20680,長生村,経営体
x,150,経営体数,13,漁協以外の卸売市場,20700,一宮町,経営体
-,150,経営体数,13,漁協以外の卸売市場,20720,いすみ市,経営体
-,150,経営体数,13,漁協以外の卸売市場,20750,御宿町,経営体
-,150,経営体数,13,漁協以外の卸売市場,20780,勝浦市,経営体
1,150,経営体数,13,漁協以外の卸売市場,20870,鴨川市,経営体
5,150,経営体数,13,漁協以外の卸売市場,20920,南房総市,経営体
4,150,経営体数,13,漁協以外の卸売市場,20990,館山市,経営体
-,150,経営体数,13,漁協以外の卸売市場,21050,鋸南町,経営体
13,150,経営体数,13,漁協以外の卸売市場,21080,富津市,経営体
-,150,経営体数,13,漁協以外の卸売市場,21130,君津市,経営体
22,150,経営体数,13,漁協以外の卸売市場,21150,木更津市,経営体
x,150,経営体数,13,漁協以外の卸売市場,21220,袖ヶ浦市,経営体
-,150,経営体数,13,漁協以外の卸売市場,21240,市原市,経営体
-,150,経営体数,13,漁協以外の卸売市場,21260,千葉市,経営体
5,150,経営体数,13,漁協以外の卸売市場,21280,習志野市,経営体
3,150,経営体数,13,漁協以外の卸売市場,21300,船橋市,経営体
5,150,経営体数,13,漁協以外の卸売市場,21320,市川市,経営体
-,150,経営体数,13,漁協以外の卸売市場,21350,浦安市,経営体
104,150,経営体数,13,漁協以外の卸売市場,21670,東京都,経営体
8,150,経営体数,13,漁協以外の卸売市場,21690,江戸川区,経営体
-,150,経営体数,13,漁協以外の卸売市場,21710,葛飾区,経営体
9,150,経営体数,13,漁協以外の卸売市場,21730,江東区,経営体
-,150,経営体数,13,漁協以外の卸売市場,21750,墨田区,経営体
5,150,経営体数,13,漁協以外の卸売市場,21770,中央区,経営体
-,150,経営体数,13,漁協以外の卸売市場,21790,台東区,経営体
6,150,経営体数,13,漁協以外の卸売市場,21810,港区,経営体
4,150,経営体数,13,漁協以外の卸売市場,21830,品川区,経営体
-,150,経営体数,13,漁協以外の卸売市場,21850,大田区,経営体
-,150,経営体数,13,漁協以外の卸売市場,21870,千代田区,経営体
9,150,経営体数,13,漁協以外の卸売市場,21890,大島町,経営体
-,150,経営体数,13,漁協以外の卸売市場,21950,利島村,経営体
31,150,経営体数,13,漁協以外の卸売市場,21970,新島村,経営体
8,150,経営体数,13,漁協以外の卸売市場,22010,神津島村,経営体
8,150,経営体数,13,漁協以外の卸売市場,22030,三宅村,経営体
-,150,経営体数,13,漁協以外の卸売市場,22090,御蔵島村,経営体
-,150,経営体数,13,漁協以外の卸売市場,22110,八丈町,経営体
1,150,経営体数,13,漁協以外の卸売市場,22160,青ヶ島村,経営体
15,150,経営体数,13,漁協以外の卸売市場,22180,小笠原村,経営体
209,150,経営体数,13,漁協以外の卸売市場,22650,神奈川県,経営体
x,150,経営体数,13,漁協以外の卸売市場,22670,川崎市,経営体
69,150,経営体数,13,漁協以外の卸売市場,22690,横浜市,経営体
5,150,経営体数,13,漁協以外の卸売市場,22750,横須賀市,経営体
25,150,経営体数,13,漁協以外の卸売市場,22840,三浦市,経営体
2,150,経営体数,13,漁協以外の卸売市場,22970,葉山町,経営体
-,150,経営体数,13,漁協以外の卸売市場,22990,逗子市,経営体
14,150,経営体数,13,漁協以外の卸売市場,23010,鎌倉市,経営体
10,150,経営体数,13,漁協以外の卸売市場,23040,藤沢市,経営体
11,150,経営体数,13,漁協以外の卸売市場,23070,茅ヶ崎市,経営体
9,150,経営体数,13,漁協以外の卸売市場,23090,平塚市,経営体
11,150,経営体数,13,漁協以外の卸売市場,23110,大磯町,経営体
x,150,経営体数,13,漁協以外の卸売市場,23130,二宮町,経営体
42,150,経営体数,13,漁協以外の卸売市場,23150,小田原市,経営体
6,150,経営体数,13,漁協以外の卸売市場,23180,真鶴町,経営体
3,150,経営体数,13,漁協以外の卸売市場,23210,湯河原町,経営体
316,150,経営体数,13,漁協以外の卸売市場,23420,新潟県,経営体
-,150,経営体数,13,漁協以外の卸売市場,23440,粟島浦村,経営体
2,150,経営体数,13,漁協以外の卸売市場,23460,村上市,経営体
15,150,経営体数,13,漁協以外の卸売市場,23510,胎内市,経営体
28,150,経営体数,13,漁協以外の卸売市場,23530,新発田市,経営体
33,150,経営体数,13,漁協以外の卸売市場,23550,聖籠町,経営体
-,150,経営体数,13,漁協以外の卸売市場,23570,新潟市,経営体
-,150,経営体数,13,漁協以外の卸売市場,23640,長岡市,経営体
-,150,経営体数,13,漁協以外の卸売市場,23660,出雲崎町,経営体
27,150,経営体数,13,漁協以外の卸売市場,23680,柏崎市,経営体
69,150,経営体数,13,漁協以外の卸売市場,23710,上越市,経営体
18,150,経営体数,13,漁協以外の卸売市場,23760,糸魚川市,経営体
124,150,経営体数,13,漁協以外の卸売市場,23840,佐渡市,経営体
21,150,経営体数,13,漁協以外の卸売市場,24320,富山県,経営体
3,150,経営体数,13,漁協以外の卸売市場,24340,朝日町,経営体
4,150,経営体数,13,漁協以外の卸売市場,24360,入善町,経営体
9,150,経営体数,13,漁協以外の卸売市場,24400,黒部市,経営体
1,150,経営体数,13,漁協以外の卸売市場,24430,魚津市,経営体
3,150,経営体数,13,漁協以外の卸売市場,24460,滑川市,経営体
-,150,経営体数,13,漁協以外の卸売市場,24480,富山市,経営体
1,150,経営体数,13,漁協以外の卸売市場,24520,射水市,経営体
-,150,経営体数,13,漁協以外の卸売市場,24550,高岡市,経営体
-,150,経営体数,13,漁協以外の卸売市場,24570,氷見市,経営体
411,150,経営体数,13,漁協以外の卸売市場,24700,石川県,経営体
179,150,経営体数,13,漁協以外の卸売市場,24720,七尾市,経営体
8,150,経営体数,13,漁協以外の卸売市場,24810,穴水町,経営体
17,150,経営体数,13,漁協以外の卸売市場,24850,能登町,経営体
10,150,経営体数,13,漁協以外の卸売市場,24900,珠洲市,経営体
16,150,経営体数,13,漁協以外の卸売市場,24960,輪島市,経営体
79,150,経営体数,13,漁協以外の卸売市場,24990,志賀町,経営体
44,150,経営体数,13,漁協以外の卸売市場,25040,羽咋市,経営体
11,150,経営体数,13,漁協以外の卸売市場,25070,宝達志水町,経営体
-,150,経営体数,13,漁協以外の卸売市場,25100,かほく市,経営体
1,150,経営体数,13,漁協以外の卸売市場,25140,内灘町,経営体
-,150,経営体数,13,漁協以外の卸売市場,25160,金沢市,経営体
13,150,経営体数,13,漁協以外の卸売市場,25180,白山市,経営体
1,150,経営体数,13,漁協以外の卸売市場,25210,能美市,経営体
27,150,経営体数,13,漁協以外の卸売市場,25230,小松市,経営体
5,150,経営体数,13,漁協以外の卸売市場,25250,加賀市,経営体
126,150,経営体数,13,漁協以外の卸売市場,25330,福井県,経営体
3,150,経営体数,13,漁協以外の卸売市場,25350,あわら市,経営体
9,150,経営体数,13,漁協以外の卸売市場,25370,坂井市,経営体
17,150,経営体数,13,漁協以外の卸売市場,25390,福井市,経営体
3,150,経営体数,13,漁協以外の卸売市場,25420,越前町,経営体
1,150,経営体数,13,漁協以外の卸売市場,25440,南越前町,経営体
-,150,経営体数,13,漁協以外の卸売市場,25460,敦賀市,経営体
14,150,経営体数,13,漁協以外の卸売市場,25480,美浜町,経営体
20,150,経営体数,13,漁協以外の卸売市場,25510,若狭町,経営体
37,150,経営体数,13,漁協以外の卸売市場,25530,小浜市,経営体
21,150,経営体数,13,漁協以外の卸売市場,25550,おおい町,経営体
1,150,経営体数,13,漁協以外の卸売市場,25570,高浜町,経営体
451,150,経営体数,13,漁協以外の卸売市場,27230,静岡県,経営体
45,150,経営体数,13,漁協以外の卸売市場,27250,熱海市,経営体
24,150,経営体数,13,漁協以外の卸売市場,27290,伊東市,経営体
1,150,経営体数,13,漁協以外の卸売市場,27340,東伊豆町,経営体
3,150,経営体数,13,漁協以外の卸売市場,27370,河津町,経営体
1,150,経営体数,13,漁協以外の卸売市場,27390,下田市,経営体
1,150,経営体数,13,漁協以外の卸売市場,27440,南伊豆町,経営体
2,150,経営体数,13,漁協以外の卸売市場,27490,松崎町,経営体
5,150,経営体数,13,漁協以外の卸売市場,27510,西伊豆町,経営体
11,150,経営体数,13,漁協以外の卸売市場,27550,伊豆市,経営体
188,150,経営体数,13,漁協以外の卸売市場,27570,沼津市,経営体
10,150,経営体数,13,漁協以外の卸売市場,27630,富士市,経営体
34,150,経営体数,13,漁協以外の卸売市場,27650,静岡市,経営体
3,150,経営体数,13,漁協以外の卸売市場,27690,由比町,経営体
3,150,経営体数,13,漁協以外の卸売市場,27710,焼津市,経営体
x,150,経営体数,13,漁協以外の卸売市場,27730,大井川町,経営体
7,150,経営体数,13,漁協以外の卸売市場,27750,吉田町,経営体
2,150,経営体数,13,漁協以外の卸売市場,27770,牧之原市,経営体
7,150,経営体数,13,漁協以外の卸売市場,27810,御前崎市,経営体
3,150,経営体数,13,漁協以外の卸売市場,27840,掛川市,経営体
x,150,経営体数,13,漁協以外の卸売市場,27870,袋井市,経営体
9,150,経営体数,13,漁協以外の卸売市場,27890,磐田市,経営体
70,150,経営体数,13,漁協以外の卸売市場,27930,浜松市,経営体
4,150,経営体数,13,漁協以外の卸売市場,28000,湖西市,経営体
15,150,経営体数,13,漁協以外の卸売市場,28020,新居町,経営体
225,150,経営体数,13,漁協以外の卸売市場,28220,愛知県,経営体
52,150,経営体数,13,漁協以外の卸売市場,28240,田原市,経営体
x,150,経営体数,13,漁協以外の卸売市場,28370,豊橋市,経営体
-,150,経営体数,13,漁協以外の卸売市場,28400,豊川市,経営体
1,150,経営体数,13,漁協以外の卸売市場,28420,蒲郡市,経営体
4,150,経営体数,13,漁協以外の卸売市場,28470,幡豆町,経営体
-,150,経営体数,13,漁協以外の卸売市場,28500,吉良町,経営体
2,150,経営体数,13,漁協以外の卸売市場,28530,一色町,経営体
2,150,経営体数,13,漁協以外の卸売市場,28590,西尾市,経営体
39,150,経営体数,13,漁協以外の卸売市場,28610,碧南市,経営体
-,150,経営体数,13,漁協以外の卸売市場,28630,高浜市,経営体
x,150,経営体数,13,漁協以外の卸売市場,28650,刈谷市,経営体
-,150,経営体数,13,漁協以外の卸売市場,28670,東浦町,経営体
-,150,経営体数,13,漁協以外の卸売市場,28690,半田市,経営体
-,150,経営体数,13,漁協以外の卸売市場,28710,武豊町,経営体
24,150,経営体数,13,漁協以外の卸売市場,28730,美浜町,経営体
49,150,経営体数,13,漁協以外の卸売市場,28760,南知多町,経営体
52,150,経営体数,13,漁協以外の卸売市場,28850,常滑市,経営体
-,150,経営体数,13,漁協以外の卸売市場,28900,知多市,経営体
-,150,経営体数,13,漁協以外の卸売市場,28920,東海市,経営体
-,150,経営体数,13,漁協以外の卸売市場,28940,名古屋市,経営体
-,150,経営体数,13,漁協以外の卸売市場,28970,飛島村,経営体
-,150,経営体数,13,漁協以外の卸売市場,28990,弥富市,経営体
451,150,経営体数,13,漁協以外の卸売市場,29410,三重県,経営体
-,150,経営体数,13,漁協以外の卸売市場,29430,木曽岬町,経営体
3,150,経営体数,13,漁協以外の卸売市場,29450,桑名市,経営体
10,150,経営体数,13,漁協以外の卸売市場,29500,川越町,経営体
14,150,経営体数,13,漁協以外の卸売市場,29520,四日市市,経営体
38,150,経営体数,13,漁協以外の卸売市場,29580,鈴鹿市,経営体
17,150,経営体数,13,漁協以外の卸売市場,29630,津市,経営体
37,150,経営体数,13,漁協以外の卸売市場,29700,松阪市,経営体
27,150,経営体数,13,漁協以外の卸売市場,29780,明和町,経営体
13,150,経営体数,13,漁協以外の卸売市場,29810,伊勢市,経営体
177,150,経営体数,13,漁協以外の卸売市場,29930,鳥羽市,経営体
57,150,経営体数,13,漁協以外の卸売市場,30100,志摩市,経営体
25,150,経営体数,13,漁協以外の卸売市場,30380,南伊勢町,経営体
5,150,経営体数,13,漁協以外の卸売市場,30560,大紀町,経営体
3,150,経営体数,13,漁協以外の卸売市場,30580,紀北町,経営体
11,150,経営体数,13,漁協以外の卸売市場,30680,尾鷲市,経営体
8,150,経営体数,13,漁協以外の卸売市場,30790,熊野市,経営体
1,150,経営体数,13,漁協以外の卸売市場,30860,御浜町,経営体
5,150,経営体数,13,漁協以外の卸売市場,30880,紀宝町,経営体
179,150,経営体数,13,漁協以外の卸売市場,31310,京都府,経営体
44,150,経営体数,13,漁協以外の卸売市場,31330,舞鶴市,経営体
43,150,経営体数,13,漁協以外の卸売市場,31410,宮津市,経営体
-,150,経営体数,13,漁協以外の卸売市場,31470,与謝野町,経営体
2,150,経営体数,13,漁協以外の卸売市場,31490,伊根町,経営体
90,150,経営体数,13,漁協以外の卸売市場,31560,京丹後市,経営体
247,150,経営体数,13,漁協以外の卸売市場,31890,大阪府,経営体
9,150,経営体数,13,漁協以外の卸売市場,31910,大阪市,経営体
20,150,経営体数,13,漁協以外の卸売市場,31980,堺市,経営体
13,150,経営体数,13,漁協以外の卸売市場,32010,高石市,経営体
1,150,経営体数,13,漁協以外の卸売市場,32030,泉大津市,経営体
x,150,経営体数,13,漁協以外の卸売市場,32050,忠岡町,経営体
45,150,経営体数,13,漁協以外の卸売市場,32070,岸和田市,経営体
x,150,経営体数,13,漁協以外の卸売市場,32100,貝塚市,経営体
6,150,経営体数,13,漁協以外の卸売市場,32120,泉佐野市,経営体
10,150,経営体数,13,漁協以外の卸売市場,32140,田尻町,経営体
41,150,経営体数,13,漁協以外の卸売市場,32160,泉南市,経営体
52,150,経営体数,13,漁協以外の卸売市場,32190,阪南市,経営体
43,150,経営体数,13,漁協以外の卸売市場,32230,岬町,経営体
777,150,経営体数,13,漁協以外の卸売市場,32600,兵庫県,経営体
9,150,経営体数,13,漁協以外の卸売市場,32610,日本海西区,経営体
-,150,経営体数,13,漁協以外の卸売市場,32630,豊岡市,経営体
4,150,経営体数,13,漁協以外の卸売市場,32660,香美町,経営体
5,150,経営体数,13,漁協以外の卸売市場,32690,新温泉町,経営体
768,150,経営体数,13,漁協以外の卸売市場,32730,瀬戸内海区,経営体
-,150,経営体数,13,漁協以外の卸売市場,32750,尼崎市,経営体
-,150,経営体数,13,漁協以外の卸売市場,32770,西宮市,経営体
x,150,経営体数,13,漁協以外の卸売市場,32790,芦屋市,経営体
7,150,経営体数,13,漁協以外の卸売市場,32810,神戸市,経営体
126,150,経営体数,13,漁協以外の卸売市場,32910,明石市,経営体
x,150,経営体数,13,漁協以外の卸売市場,32990,播磨町,経営体
8,150,経営体数,13,漁協以外の卸売市場,33010,加古川市,経営体
53,150,経営体数,13,漁協以外の卸売市場,33040,高砂市,経営体
332,150,経営体数,13,漁協以外の卸売市場,33090,姫路市,経営体
19,150,経営体数,13,漁協以外の卸売市場,33220,たつの市,経営体
5,150,経営体数,13,漁協以外の卸売市場,33260,相生市,経営体
35,150,経営体数,13,漁協以外の卸売市場,33280,赤穂市,経営体
150,150,経営体数,13,漁協以外の卸売市場,33320,淡路市,経営体
19,150,経営体数,13,漁協以外の卸売市場,33490,洲本市,経営体
13,150,経営体数,13,漁協以外の卸売市場,33550,南あわじ市,経営体
264,150,経営体数,13,漁協以外の卸売市場,34290,和歌山県,経営体
54,150,経営体数,13,漁協以外の卸売市場,34300,太平洋南区,経営体
1,150,経営体数,13,漁協以外の卸売市場,34320,美浜町,経営体
7,150,経営体数,13,漁協以外の卸売市場,34350,御坊市,経営体
-,150,経営体数,13,漁協以外の卸売市場,34370,印南町,経営体
-,150,経営体数,13,漁協以外の卸売市場,34390,みなべ町,経営体
7,150,経営体数,13,漁協以外の卸売市場,34410,田辺市,経営体
2,150,経営体数,13,漁協以外の卸売市場,34450,白浜町,経営体
-,150,経営体数,13,漁協以外の卸売市場,34490,すさみ町,経営体
7,150,経営体数,13,漁協以外の卸売市場,34510,串本町,経営体
22,150,経営体数,13,漁協以外の卸売市場,34600,那智勝浦町,経営体
-,150,経営体数,13,漁協以外の卸売市場,34650,太地町,経営体
8,150,経営体数,13,漁協以外の卸売市場,34670,新宮市,経営体
210,150,経営体数,13,漁協以外の卸売市場,34700,瀬戸内海区,経営体
67,150,経営体数,13,漁協以外の卸売市場,34720,和歌山市,経営体
60,150,経営体数,13,漁協以外の卸売市場,34810,海南市,経営体
44,150,経営体数,13,漁協以外の卸売市場,34870,有田市,経営体
11,150,経営体数,13,漁協以外の卸売市場,34920,湯浅町,経営体
17,150,経営体数,13,漁協以外の卸売市場,34960,広川町,経営体
8,150,経営体数,13,漁協以外の卸売市場,34980,由良町,経営体
3,150,経営体数,13,漁協以外の卸売市場,35040,日高町,経営体
169,150,経営体数,13,漁協以外の卸売市場,35190,鳥取県,経営体
16,150,経営体数,13,漁協以外の卸売市場,35210,岩美町,経営体
-,150,経営体数,13,漁協以外の卸売市場,35260,鳥取市,経営体
10,150,経営体数,13,漁協以外の卸売市場,35330,湯梨浜町,経営体
3,150,経営体数,13,漁協以外の卸売市場,35360,北栄町,経営体
2,150,経営体数,13,漁協以外の卸売市場,35390,琴浦町,経営体
56,150,経営体数,13,漁協以外の卸売市場,35420,大山町,経営体
60,150,経営体数,13,漁協以外の卸売市場,35460,米子市,経営体
2,150,経営体数,13,漁協以外の卸売市場,35490,日吉津村,経営体
20,150,経営体数,13,漁協以外の卸売市場,35510,境港市,経営体
131,150,経営体数,13,漁協以外の卸売市場,35650,島根県,経営体
7,150,経営体数,13,漁協以外の卸売市場,35670,安来市,経営体
3,150,経営体数,13,漁協以外の卸売市場,35700,東出雲町,経営体
103,150,経営体数,13,漁協以外の卸売市場,35720,松江市,経営体
7,150,経営体数,13,漁協以外の卸売市場,35870,出雲市,経営体
-,150,経営体数,13,漁協以外の卸売市場,35960,大田市,経営体
-,150,経営体数,13,漁協以外の卸売市場,36070,江津市,経営体
-,150,経営体数,13,漁協以外の卸売市場,36100,浜田市,経営体
-,150,経営体数,13,漁協以外の卸売市場,36170,益田市,経営体
4,150,経営体数,13,漁協以外の卸売市場,36200,隠岐の島町,経営体
7,150,経営体数,13,漁協以外の卸売市場,36290,海士町,経営体
-,150,経営体数,13,漁協以外の卸売市場,36340,西ノ島町,経営体
-,150,経営体数,13,漁協以外の卸売市場,36370,知夫村,経営体
358,150,経営体数,13,漁協以外の卸売市場,36490,岡山県,経営体
-,150,経営体数,13,漁協以外の卸売市場,36510,備前市,経営体
5,150,経営体数,13,漁協以外の卸売市場,36560,瀬戸内市,経営体
61,150,経営体数,13,漁協以外の卸売市場,36590,岡山市,経営体
47,150,経営体数,13,漁協以外の卸売市場,36650,玉野市,経営体
111,150,経営体数,13,漁協以外の卸売市場,36690,倉敷市,経営体
6,150,経営体数,13,漁協以外の卸売市場,36770,浅口市,経営体
128,150,経営体数,13,漁協以外の卸売市場,36790,笠岡市,経営体
1129,150,経営体数,13,漁協以外の卸売市場,37070,広島県,経営体
117,150,経営体数,13,漁協以外の卸売市場,37090,福山市,経営体
156,150,経営体数,13,漁協以外の卸売市場,37190,尾道市,経営体
26,150,経営体数,13,漁協以外の卸売市場,37290,三原市,経営体
9,150,経営体数,13,漁協以外の卸売市場,37330,竹原市,経営体
11,150,経営体数,13,漁協以外の卸売市場,37370,東広島市,経営体
5,150,経営体数,13,漁協以外の卸売市場,37400,大崎上島町,経営体
381,150,経営体数,13,漁協以外の卸売市場,37440,呉市,経営体
237,150,経営体数,13,漁協以外の卸売市場,37600,江田島市,経営体
13,150,経営体数,13,漁協以外の卸売市場,37720,坂町,経営体
-,150,経営体数,13,漁協以外の卸売市場,37740,海田町,経営体
85,150,経営体数,13,漁協以外の卸売市場,37760,広島市,経営体
50,150,経営体数,13,漁協以外の卸売市場,37830,廿日市市,経営体
39,150,経営体数,13,漁協以外の卸売市場,37870,大竹市,経営体
1763,150,経営体数,13,漁協以外の卸売市場,38010,山口県,経営体
613,150,経営体数,13,漁協以外の卸売市場,38020,東シナ海区,経営体
39,150,経営体数,13,漁協以外の卸売市場,38040,萩市,経営体
4,150,経営体数,13,漁協以外の卸売市場,38200,阿武町,経営体
36,150,経営体数,13,漁協以外の卸売市場,38240,長門市,経営体
534,150,経営体数,13,漁協以外の卸売市場,38400,下関市,経営体
1150,150,経営体数,13,漁協以外の卸売市場,38630,瀬戸内海区,経営体
253,150,経営体数,13,漁協以外の卸売市場,38650,周防大島町,経営体
-,150,経営体数,13,漁協以外の卸売市場,38730,和木町,経営体
94,150,経営体数,13,漁協以外の卸売市場,38750,岩国市,経営体
79,150,経営体数,13,漁協以外の卸売市場,38820,柳井市,経営体
119,150,経営体数,13,漁協以外の卸売市場,38890,上関町,経営体
7,150,経営体数,13,漁協以外の卸売市場,38940,平生町,経営体
20,150,経営体数,13,漁協以外の卸売市場,38960,田布施町,経営体
-,150,経営体数,13,漁協以外の卸売市場,38990,光市,経営体
-,150,経営体数,13,漁協以外の卸売市場,39020,下松市,経営体
59,150,経営体数,13,漁協以外の卸売市場,39040,周南市,経営体
105,150,経営体数,13,漁協以外の卸売市場,39120,防府市,経営体
24,150,経営体数,13,漁協以外の卸売市場,39230,山口市,経営体
302,150,経営体数,13,漁協以外の卸売市場,39310,宇部市,経営体
58,150,経営体数,13,漁協以外の卸売市場,39380,山陽小野田市,経営体
30,150,経営体数,13,漁協以外の卸売市場,39430,下関市,経営体
474,150,経営体数,13,漁協以外の卸売市場,39530,徳島県,経営体
25,150,経営体数,13,漁協以外の卸売市場,39540,太平洋南区,経営体
8,150,経営体数,13,漁協以外の卸売市場,39560,美波町,経営体
6,150,経営体数,13,漁協以外の卸売市場,39640,牟岐町,経営体
11,150,経営体数,13,漁協以外の卸売市場,39660,海陽町,経営体
449,150,経営体数,13,漁協以外の卸売市場,39700,瀬戸内海区,経営体
108,150,経営体数,13,漁協以外の卸売市場,39720,鳴門市,経営体
38,150,経営体数,13,漁協以外の卸売市場,39800,松茂町,経営体
83,150,経営体数,13,漁協以外の卸売市場,39820,徳島市,経営体
92,150,経営体数,13,漁協以外の卸売市場,39860,小松島市,経営体
128,150,経営体数,13,漁協以外の卸売市場,39890,阿南市,経営体
1103,150,経営体数,13,漁協以外の卸売市場,40150,香川県,経営体
39,150,経営体数,13,漁協以外の卸売市場,40170,東かがわ市,経営体
139,150,経営体数,13,漁協以外の卸売市場,40210,さぬき市,経営体
83,150,経営体数,13,漁協以外の卸売市場,40270,小豆島町,経営体
89,150,経営体数,13,漁協以外の卸売市場,40300,土庄町,経営体
240,150,経営体数,13,漁協以外の卸売市場,40380,高松市,経営体
31,150,経営体数,13,漁協以外の卸売市場,40480,直島町,経営体
145,150,経営体数,13,漁協以外の卸売市場,40500,坂出市,経営体
16,150,経営体数,13,漁協以外の卸売市場,40550,宇多津町,経営体
135,150,経営体数,13,漁協以外の卸売市場,40570,丸亀市,経営体
83,150,経営体数,13,漁協以外の卸売市場,40620,多度津町,経営体
103,150,経営体数,13,漁協以外の卸売市場,40670,三豊市,経営体
-,150,経営体数,13,漁協以外の卸売市場,40760,観音寺市,経営体
894,150,経営体数,13,漁協以外の卸売市場,40880,愛媛県,経営体
375,150,経営体数,13,漁協以外の卸売市場,40890,太平洋南区,経営体
12,150,経営体数,13,漁協以外の卸売市場,40910,八幡浜市,経営体
99,150,経営体数,13,漁協以外の卸売市場,40940,西予市,経営体
254,150,経営体数,13,漁協以外の卸売市場,40970,宇和島市,経営体
10,150,経営体数,13,漁協以外の卸売市場,41090,愛南町,経営体
519,150,経営体数,13,漁協以外の卸売市場,41180,瀬戸内海区,経営体
22,150,経営体数,13,漁協以外の卸売市場,41200,四国中央市,経営体
7,150,経営体数,13,漁協以外の卸売市場,41250,新居浜市,経営体
40,150,経営体数,13,漁協以外の卸売市場,41310,西条市,経営体
16,150,経営体数,13,漁協以外の卸売市場,41390,上島町,経営体
169,150,経営体数,13,漁協以外の卸売市場,41440,今治市,経営体
208,150,経営体数,13,漁協以外の卸売市場,41600,松山市,経営体
13,150,経営体数,13,漁協以外の卸売市場,41780,松前町,経営体
1,150,経営体数,13,漁協以外の卸売市場,41800,伊予市,経営体
-,150,経営体数,13,漁協以外の卸売市場,41840,大洲市,経営体
16,150,経営体数,13,漁協以外の卸売市場,41870,八幡浜市,経営体
27,150,経営体数,13,漁協以外の卸売市場,41900,伊方町,経営体
283,150,経営体数,13,漁協以外の卸売市場,42060,高知県,経営体
3,150,経営体数,13,漁協以外の卸売市場,42080,東洋町,経営体
71,150,経営体数,13,漁協以外の卸売市場,42110,室戸市,経営体
1,150,経営体数,13,漁協以外の卸売市場,42200,奈半利町,経営体
-,150,経営体数,13,漁協以外の卸売市場,42230,田野町,経営体
-,150,経営体数,13,漁協以外の卸売市場,42250,安田町,経営体
-,150,経営体数,13,漁協以外の卸売市場,42270,安芸市,経営体
-,150,経営体数,13,漁協以外の卸売市場,42330,芸西村,経営体
2,150,経営体数,13,漁協以外の卸売市場,42350,香南市,経営体
4,150,経営体数,13,漁協以外の卸売市場,42400,南国市,経営体
5,150,経営体数,13,漁協以外の卸売市場,42450,高知市,経営体
9,150,経営体数,13,漁協以外の卸売市場,42500,土佐市,経営体
59,150,経営体数,13,漁協以外の卸売市場,42540,須崎市,経営体
4,150,経営体数,13,漁協以外の卸売市場,42610,中土佐町,経営体
-,150,経営体数,13,漁協以外の卸売市場,42650,四万十町,経営体
69,150,経営体数,13,漁協以外の卸売市場,42680,黒潮町,経営体
9,150,経営体数,13,漁協以外の卸売市場,42740,四万十市,経営体
6,150,経営体数,13,漁協以外の卸売市場,42760,土佐清水市,経営体
25,150,経営体数,13,漁協以外の卸売市場,42850,大月町,経営体
16,150,経営体数,13,漁協以外の卸売市場,42980,宿毛市,経営体
2024,150,経営体数,13,漁協以外の卸売市場,43240,福岡県,経営体
1689,150,経営体数,13,漁協以外の卸売市場,43250,東シナ海区,経営体
289,150,経営体数,13,漁協以外の卸売市場,43270,北九州市,経営体
65,150,経営体数,13,漁協以外の卸売市場,43410,芦屋町,経営体
-,150,経営体数,13,漁協以外の卸売市場,43440,岡垣町,経営体
299,150,経営体数,13,漁協以外の卸売市場,43460,宗像市,経営体
40,150,経営体数,13,漁協以外の卸売市場,43510,福津市,経営体
-,150,経営体数,13,漁協以外の卸売市場,43540,古賀市,経営体
68,150,経営体数,13,漁協以外の卸売市場,43560,新宮町,経営体
401,150,経営体数,13,漁協以外の卸売市場,43590,福岡市,経営体
203,150,経営体数,13,漁協以外の卸売市場,43770,志摩町,経営体
27,150,経営体数,13,漁協以外の卸売市場,43830,前原市,経営体
65,150,経営体数,13,漁協以外の卸売市場,43850,二丈町,経営体
-,150,経営体数,13,漁協以外の卸売市場,43880,久留米市,経営体
20,150,経営体数,13,漁協以外の卸売市場,43920,大川市,経営体
139,150,経営体数,13,漁協以外の卸売市場,43980,柳川市,経営体
-,150,経営体数,13,漁協以外の卸売市場,44080,みやま市,経営体
73,150,経営体数,13,漁協以外の卸売市場,44110,大牟田市,経営体
335,150,経営体数,13,漁協以外の卸売市場,44140,瀬戸内海区,経営体
86,150,経営体数,13,漁協以外の卸売市場,44160,北九州市,経営体
15,150,経営体数,13,漁協以外の卸売市場,44230,苅田町,経営体
141,150,経営体数,13,漁協以外の卸売市場,44250,行橋市,経営体
10,150,経営体数,13,漁協以外の卸売市場,44300,築上町,経営体
52,150,経営体数,13,漁協以外の卸売市場,44330,豊前市,経営体
31,150,経営体数,13,漁協以外の卸売市場,44370,吉富町,経営体
931,150,経営体数,13,漁協以外の卸売市場,44850,佐賀県,経営体
609,150,経営体数,13,漁協以外の卸売市場,44870,唐津市,経営体
31,150,経営体数,13,漁協以外の卸売市場,45120,玄海町,経営体
14,150,経営体数,13,漁協以外の卸売市場,45150,伊万里市,経営体
x,150,経営体数,13,漁協以外の卸売市場,45170,神埼市,経営体
152,150,経営体数,13,漁協以外の卸売市場,45190,佐賀市,経営体
3,150,経営体数,13,漁協以外の卸売市場,45280,小城市,経営体
-,150,経営体数,13,漁協以外の卸売市場,45300,江北町,経営体
25,150,経営体数,13,漁協以外の卸売市場,45320,白石町,経営体
x,150,経営体数,13,漁協以外の卸売市場,45360,嬉野市,経営体
12,150,経営体数,13,漁協以外の卸売市場,45380,鹿島市,経営体
85,150,経営体数,13,漁協以外の卸売市場,45430,太良町,経営体
2366,150,経営体数,13,漁協以外の卸売市場,45570,長崎県,経営体
309,150,経営体数,13,漁協以外の卸売市場,45590,対馬市,経営体
116,150,経営体数,13,漁協以外の卸売市場,45890,壱岐市,経営体
115,150,経営体数,13,漁協以外の卸売市場,45950,松浦市,経営体
297,150,経営体数,13,漁協以外の卸売市場,46000,平戸市,経営体
18,150,経営体数,13,漁協以外の卸売市場,46140,鹿町町,経営体
332,150,経営体数,13,漁協以外の卸売市場,46160,佐世保市,経営体
29,150,経営体数,13,漁協以外の卸売市場,46240,小値賀町,経営体
34,150,経営体数,13,漁協以外の卸売市場,46260,川棚町,経営体
4,150,経営体数,13,漁協以外の卸売市場,46280,東彼杵町,経営体
62,150,経営体数,13,漁協以外の卸売市場,46300,大村市,経営体
8,150,経営体数,13,漁協以外の卸売市場,46340,諫早市,経営体
5,150,経営体数,13,漁協以外の卸売市場,46450,長与町,経営体
10,150,経営体数,13,漁協以外の卸売市場,46470,時津町,経営体
284,150,経営体数,13,漁協以外の卸売市場,46490,長崎市,経営体
100,150,経営体数,13,漁協以外の卸売市場,46680,西海市,経営体
77,150,経営体数,13,漁協以外の卸売市場,46750,雲仙市,経営体
83,150,経営体数,13,漁協以外の卸売市場,46850,南島原市,経営体
143,150,経営体数,13,漁協以外の卸売市場,46930,島原市,経営体
137,150,経営体数,13,漁協以外の卸売市場,46970,新上五島町,経営体
203,150,経営体数,13,漁協以外の卸売市場,47140,五島市,経営体
667,150,経営体数,13,漁協以外の卸売市場,47350,熊本県,経営体
21,150,経営体数,13,漁協以外の卸売市場,47370,荒尾市,経営体
7,150,経営体数,13,漁協以外の卸売市場,47400,長洲町,経営体
30,150,経営体数,13,漁協以外の卸売市場,47420,玉名市,経営体
3,150,経営体数,13,漁協以外の卸売市場,47490,熊本市,経営体
16,150,経営体数,13,漁協以外の卸売市場,47590,宇土市,経営体
30,150,経営体数,13,漁協以外の卸売市場,47630,宇城市,経営体
10,150,経営体数,13,漁協以外の卸売市場,47720,氷川町,経営体
69,150,経営体数,13,漁協以外の卸売市場,47740,八代市,経営体
18,150,経営体数,13,漁協以外の卸売市場,47820,芦北町,経営体
7,150,経営体数,13,漁協以外の卸売市場,47850,津奈木町,経営体
94,150,経営体数,13,漁協以外の卸売市場,47870,水俣市,経営体
153,150,経営体数,13,漁協以外の卸売市場,47890,上天草市,経営体
200,150,経営体数,13,漁協以外の卸売市場,48010,天草市,経営体
9,150,経営体数,13,漁協以外の卸売市場,48250,苓北町,経営体
1189,150,経営体数,13,漁協以外の卸売市場,48650,大分県,経営体
399,150,経営体数,13,漁協以外の卸売市場,48660,太平洋南区,経営体
16,150,経営体数,13,漁協以外の卸売市場,48680,大分市,経営体
112,150,経営体数,13,漁協以外の卸売市場,48700,臼杵市,経営体
24,150,経営体数,13,漁協以外の卸売市場,48720,津久見市,経営体
247,150,経営体数,13,漁協以外の卸売市場,48750,佐伯市,経営体
790,150,経営体数,13,漁協以外の卸売市場,48860,瀬戸内海区,経営体
93,150,経営体数,13,漁協以外の卸売市場,48880,中津市,経営体
53,150,経営体数,13,漁協以外の卸売市場,48900,宇佐市,経営体
41,150,経営体数,13,漁協以外の卸売市場,48950,豊後高田市,経営体
234,150,経営体数,13,漁協以外の卸売市場,48990,国東市,経営体
20,150,経営体数,13,漁協以外の卸売市場,49050,姫島村,経営体
166,150,経営体数,13,漁協以外の卸売市場,49070,杵築市,経営体
32,150,経営体数,13,漁協以外の卸売市場,49090,日出町,経営体
54,150,経営体数,13,漁協以外の卸売市場,49120,別府市,経営体
97,150,経営体数,13,漁協以外の卸売市場,49140,大分市,経営体
501,150,経営体数,13,漁協以外の卸売市場,49240,宮崎県,経営体
195,150,経営体数,13,漁協以外の卸売市場,49260,延岡市,経営体
2,150,経営体数,13,漁協以外の卸売市場,49320,門川町,経営体
55,150,経営体数,13,漁協以外の卸売市場,49350,日向市,経営体
9,150,経営体数,13,漁協以外の卸売市場,49380,都農町,経営体
43,150,経営体数,13,漁協以外の卸売市場,49400,川南町,経営体
-,150,経営体数,13,漁協以外の卸売市場,49420,高鍋町,経営体
8,150,経営体数,13,漁協以外の卸売市場,49440,新富町,経営体
104,150,経営体数,13,漁協以外の卸売市場,49460,宮崎市,経営体
46,150,経営体数,13,漁協以外の卸売市場,49510,日南市,経営体
13,150,経営体数,13,漁協以外の卸売市場,49550,南郷町,経営体
26,150,経営体数,13,漁協以外の卸売市場,49590,串間市,経営体
926,150,経営体数,13,漁協以外の卸売市場,49840,鹿児島県,経営体
2,150,経営体数,13,漁協以外の卸売市場,49860,出水市,経営体
31,150,経営体数,13,漁協以外の卸売市場,49890,長島町,経営体
34,150,経営体数,13,漁協以外の卸売市場,49920,阿久根市,経営体
105,150,経営体数,13,漁協以外の卸売市場,49960,薩摩川内市,経営体
7,150,経営体数,13,漁協以外の卸売市場,50040,いちき串木野市,経営体
11,150,経営体数,13,漁協以外の卸売市場,50090,日置市,経営体
30,150,経営体数,13,漁協以外の卸売市場,50140,南さつま市,経営体
-,150,経営体数,13,漁協以外の卸売市場,50230,枕崎市,経営体
1,150,経営体数,13,漁協以外の卸売市場,50250,南九州市,経営体
78,150,経営体数,13,漁協以外の卸売市場,50280,指宿市,経営体
241,150,経営体数,13,漁協以外の卸売市場,50330,鹿児島市,経営体
5,150,経営体数,13,漁協以外の卸売市場,50390,姶良町,経営体
4,150,経営体数,13,漁協以外の卸売市場,50410,加治木町,経営体
80,150,経営体数,13,漁協以外の卸売市場,50430,霧島市,経営体
117,150,経営体数,13,漁協以外の卸売市場,50470,垂水市,経営体
20,150,経営体数,13,漁協以外の卸売市場,50500,鹿屋市,経営体
3,150,経営体数,13,漁協以外の卸売市場,50520,錦江町,経営体
25,150,経営体数,13,漁協以外の卸売市場,50540,南大隅町,経営体
22,150,経営体数,13,漁協以外の卸売市場,50580,肝付町,経営体
1,150,経営体数,13,漁協以外の卸売市場,50630,東串良町,経営体
3,150,経営体数,13,漁協以外の卸売市場,50650,大崎町,経営体
1,150,経営体数,13,漁協以外の卸売市場,50670,志布志市,経営体
-,150,経営体数,13,漁協以外の卸売市場,50700,三島村,経営体
7,150,経営体数,13,漁協以外の卸売市場,50720,十島村,経営体
4,150,経営体数,13,漁協以外の卸売市場,50740,西之表市,経営体
3,150,経営体数,13,漁協以外の卸売市場,50760,中種子町,経営体
1,150,経営体数,13,漁協以外の卸売市場,50780,南種子町,経営体
14,150,経営体数,13,漁協以外の卸売市場,50800,屋久島町,経営体
15,150,経営体数,13,漁協以外の卸売市場,50830,奄美市,経営体
1,150,経営体数,13,漁協以外の卸売市場,50870,龍郷町,経営体
1,150,経営体数,13,漁協以外の卸売市場,50890,大和村,経営体
5,150,経営体数,13,漁協以外の卸売市場,50910,宇検村,経営体
7,150,経営体数,13,漁協以外の卸売市場,50930,瀬戸内町,経営体
3,150,経営体数,13,漁協以外の卸売市場,50950,喜界町,経営体
1,150,経営体数,13,漁協以外の卸売市場,50970,徳之島町,経営体
1,150,経営体数,13,漁協以外の卸売市場,50990,天城町,経営体
-,150,経営体数,13,漁協以外の卸売市場,51010,伊仙町,経営体
22,150,経営体数,13,漁協以外の卸売市場,51030,和泊町,経営体
4,150,経営体数,13,漁協以外の卸売市場,51050,知名町,経営体
16,150,経営体数,13,漁協以外の卸売市場,51070,与論町,経営体
223,150,経営体数,13,漁協以外の卸売市場,51170,沖縄県,経営体
-,150,経営体数,13,漁協以外の卸売市場,51190,国頭村,経営体
1,150,経営体数,13,漁協以外の卸売市場,51210,大宜味村,経営体
4,150,経営体数,13,漁協以外の卸売市場,51230,東村,経営体
14,150,経営体数,13,漁協以外の卸売市場,51250,名護市,経営体
-,150,経営体数,13,漁協以外の卸売市場,51270,今帰仁村,経営体
8,150,経営体数,13,漁協以外の卸売市場,51290,本部町,経営体
-,150,経営体数,13,漁協以外の卸売市場,51310,恩納村,経営体
1,150,経営体数,13,漁協以外の卸売市場,51330,宜野座村,経営体
-,150,経営体数,13,漁協以外の卸売市場,51350,金武町,経営体
3,150,経営体数,13,漁協以外の卸売市場,51370,伊江村,経営体
2,150,経営体数,13,漁協以外の卸売市場,51390,伊是名村,経営体
1,150,経営体数,13,漁協以外の卸売市場,51410,伊平屋村,経営体
3,150,経営体数,13,漁協以外の卸売市場,51430,うるま市,経営体
1,150,経営体数,13,漁協以外の卸売市場,51480,沖縄市,経営体
-,150,経営体数,13,漁協以外の卸売市場,51500,読谷村,経営体
-,150,経営体数,13,漁協以外の卸売市場,51520,嘉手納町,経営体
1,150,経営体数,13,漁協以外の卸売市場,51540,北谷町,経営体
-,150,経営体数,13,漁協以外の卸売市場,51560,北中城村,経営体
-,150,経営体数,13,漁協以外の卸売市場,51580,中城村,経営体
3,150,経営体数,13,漁協以外の卸売市場,51600,西原町,経営体
4,150,経営体数,13,漁協以外の卸売市場,51620,宜野湾市,経営体
4,150,経営体数,13,漁協以外の卸売市場,51640,浦添市,経営体
15,150,経営体数,13,漁協以外の卸売市場,51660,那覇市,経営体
2,150,経営体数,13,漁協以外の卸売市場,51680,豊見城市,経営体
6,150,経営体数,13,漁協以外の卸売市場,51700,糸満市,経営体
1,150,経営体数,13,漁協以外の卸売市場,51720,八重瀬町,経営体
3,150,経営体数,13,漁協以外の卸売市場,51740,南城市,経営体
-,150,経営体数,13,漁協以外の卸売市場,51780,与那原町,経営体
14,150,経営体数,13,漁協以外の卸売市場,51800,久米島町,経営体
5,150,経営体数,13,漁協以外の卸売市場,51820,座間味村,経営体
1,150,経営体数,13,漁協以外の卸売市場,51840,渡嘉敷村,経営体
43,150,経営体数,13,漁協以外の卸売市場,51860,渡名喜村,経営体
-,150,経営体数,13,漁協以外の卸売市場,51880,粟国村,経営体
2,150,経営体数,13,漁協以外の卸売市場,51900,南大東村,経営体
-,150,経営体数,13,漁協以外の卸売市場,51920,北大東村,経営体
4,150,経営体数,13,漁協以外の卸売市場,51940,宮古島市,経営体
-,150,経営体数,13,漁協以外の卸売市場,52000,多良間村,経営体
56,150,経営体数,13,漁協以外の卸売市場,52020,石垣市,経営体
1,150,経営体数,13,漁協以外の卸売市場,52040,竹富町,経営体
20,150,経営体数,13,漁協以外の卸売市場,52060,与那国町,経営体
10172,150,経営体数,14,流通業者・加工業者,10010,全国,経営体
197,150,経営体数,14,流通業者・加工業者,10020,北海道,経営体
130,150,経営体数,14,流通業者・加工業者,10060,北海道太平洋北区,経営体
30,150,経営体数,14,流通業者・加工業者,10070,根室支庁,経営体
6,150,経営体数,14,流通業者・加工業者,10090,羅臼町,経営体
-,150,経営体数,14,流通業者・加工業者,10110,標津町,経営体
1,150,経営体数,14,流通業者・加工業者,10130,別海町,経営体
23,150,経営体数,14,流通業者・加工業者,10160,根室市,経営体
45,150,経営体数,14,流通業者・加工業者,10240,釧路支庁,経営体
24,150,経営体数,14,流通業者・加工業者,10260,浜中町,経営体
12,150,経営体数,14,流通業者・加工業者,10290,厚岸町,経営体
6,150,経営体数,14,流通業者・加工業者,10310,釧路町,経営体
1,150,経営体数,14,流通業者・加工業者,10330,釧路市,経営体
2,150,経営体数,14,流通業者・加工業者,10370,白糠町,経営体
-,150,経営体数,14,流通業者・加工業者,10430,十勝支庁,経営体
-,150,経営体数,14,流通業者・加工業者,10450,浦幌町,経営体
-,150,経営体数,14,流通業者・加工業者,10470,豊頃町,経営体
-,150,経営体数,14,流通業者・加工業者,10490,大樹町,経営体
-,150,経営体数,14,流通業者・加工業者,10510,広尾町,経営体
2,150,経営体数,14,流通業者・加工業者,10690,日高支庁,経営体
-,150,経営体数,14,流通業者・加工業者,10710,えりも町,経営体
-,150,経営体数,14,流通業者・加工業者,10740,様似町,経営体
2,150,経営体数,14,流通業者・加工業者,10770,浦河町,経営体
-,150,経営体数,14,流通業者・加工業者,10800,新ひだか町,経営体
-,150,経営体数,14,流通業者・加工業者,10830,新冠町,経営体
-,150,経営体数,14,流通業者・加工業者,10850,日高町,経営体
14,150,経営体数,14,流通業者・加工業者,10890,胆振支庁,経営体
9,150,経営体数,14,流通業者・加工業者,10910,むかわ町,経営体
-,150,経営体数,14,流通業者・加工業者,10930,厚真町,経営体
-,150,経営体数,14,流通業者・加工業者,10950,苫小牧市,経営体
1,150,経営体数,14,流通業者・加工業者,10970,白老町,経営体
-,150,経営体数,14,流通業者・加工業者,11000,登別市,経営体
-,150,経営体数,14,流通業者・加工業者,11020,室蘭市,経営体
4,150,経営体数,14,流通業者・加工業者,11040,伊達市,経営体
-,150,経営体数,14,流通業者・加工業者,11070,洞爺湖町,経営体
-,150,経営体数,14,流通業者・加工業者,11090,豊浦町,経営体
39,150,経営体数,14,流通業者・加工業者,11140,渡島支庁,経営体
1,150,経営体数,14,流通業者・加工業者,11160,長万部町,経営体
-,150,経営体数,14,流通業者・加工業者,11180,八雲町,経営体
30,150,経営体数,14,流通業者・加工業者,11210,森町,経営体
-,150,経営体数,14,流通業者・加工業者,11240,鹿部町,経営体
5,150,経営体数,14,流通業者・加工業者,11260,函館市,経営体
2,150,経営体数,14,流通業者・加工業者,11460,北斗市,経営体
1,150,経営体数,14,流通業者・加工業者,11510,木古内町,経営体
-,150,経営体数,14,流通業者・加工業者,11530,知内町,経営体
-,150,経営体数,14,流通業者・加工業者,11550,福島町,経営体
67,150,経営体数,14,流通業者・加工業者,11630,北海道日本海北区,経営体
19,150,経営体数,14,流通業者・加工業者,11640,宗谷支庁,経営体
2,150,経営体数,14,流通業者・加工業者,11660,枝幸町,経営体
4,150,経営体数,14,流通業者・加工業者,11680,浜頓別町,経営体
-,150,経営体数,14,流通業者・加工業者,11700,猿払村,経営体
2,150,経営体数,14,流通業者・加工業者,11720,稚内市,経営体
9,150,経営体数,14,流通業者・加工業者,11750,豊富町,経営体
-,150,経営体数,14,流通業者・加工業者,11770,利尻町,経営体
2,150,経営体数,14,流通業者・加工業者,11800,利尻富士町,経営体
-,150,経営体数,14,流通業者・加工業者,11830,礼文町,経営体
9,150,経営体数,14,流通業者・加工業者,11880,網走支庁,経営体
1,150,経営体数,14,流通業者・加工業者,11900,斜里町,経営体
-,150,経営体数,14,流通業者・加工業者,11920,小清水町,経営体
-,150,経営体数,14,流通業者・加工業者,11940,網走市,経営体
-,150,経営体数,14,流通業者・加工業者,11960,北見市,経営体
1,150,経営体数,14,流通業者・加工業者,11980,佐呂間町,経営体
-,150,経営体数,14,流通業者・加工業者,12000,湧別町,経営体
-,150,経営体数,14,流通業者・加工業者,12020,紋別市,経営体
-,150,経営体数,14,流通業者・加工業者,12040,興部町,経営体
7,150,経営体数,14,流通業者・加工業者,12060,雄武町,経営体
22,150,経営体数,14,流通業者・加工業者,12190,留萌支庁,経営体
-,150,経営体数,14,流通業者・加工業者,12210,幌延町,経営体
-,150,経営体数,14,流通業者・加工業者,12230,天塩町,経営体
13,150,経営体数,14,流通業者・加工業者,12250,遠別町,経営体
-,150,経営体数,14,流通業者・加工業者,12270,初山別村,経営体
6,150,経営体数,14,流通業者・加工業者,12290,羽幌町,経営体
-,150,経営体数,14,流通業者・加工業者,12330,苫前町,経営体
-,150,経営体数,14,流通業者・加工業者,12350,小平町,経営体
-,150,経営体数,14,流通業者・加工業者,12370,留萌市,経営体
3,150,経営体数,14,流通業者・加工業者,12390,増毛町,経営体
4,150,経営体数,14,流通業者・加工業者,12410,石狩支庁,経営体
4,150,経営体数,14,流通業者・加工業者,12430,石狩市,経営体
11,150,経営体数,14,流通業者・加工業者,12550,後志支庁,経営体
4,150,経営体数,14,流通業者・加工業者,12570,小樽市,経営体
-,150,経営体数,14,流通業者・加工業者,12590,余市町,経営体
-,150,経営体数,14,流通業者・加工業者,12610,古平町,経営体
-,150,経営体数,14,流通業者・加工業者,12630,積丹町,経営体
3,150,経営体数,14,流通業者・加工業者,12660,神恵内村,経営体
-,150,経営体数,14,流通業者・加工業者,12680,泊村,経営体
-,150,経営体数,14,流通業者・加工業者,12710,共和町,経営体
-,150,経営体数,14,流通業者・加工業者,12730,岩内町,経営体
-,150,経営体数,14,流通業者・加工業者,12750,蘭越町,経営体
2,150,経営体数,14,流通業者・加工業者,12770,寿都町,経営体
2,150,経営体数,14,流通業者・加工業者,12790,島牧村,経営体
2,150,経営体数,14,流通業者・加工業者,12920,檜山支庁,経営体
1,150,経営体数,14,流通業者・加工業者,12940,せたな町,経営体
-,150,経営体数,14,流通業者・加工業者,12990,乙部町,経営体
-,150,経営体数,14,流通業者・加工業者,13010,奥尻町,経営体
1,150,経営体数,14,流通業者・加工業者,13030,江差町,経営体
-,150,経営体数,14,流通業者・加工業者,13050,上ノ国町,経営体
-,150,経営体数,14,流通業者・加工業者,13100,渡島支庁,経営体
-,150,経営体数,14,流通業者・加工業者,13110,八雲町,経営体
-,150,経営体数,14,流通業者・加工業者,13130,松前町,経営体
145,150,経営体数,14,流通業者・加工業者,13700,青森県,経営体
42,150,経営体数,14,流通業者・加工業者,13710,太平洋北区,経営体
2,150,経営体数,14,流通業者・加工業者,13730,佐井村,経営体
16,150,経営体数,14,流通業者・加工業者,13750,大間町,経営体
1,150,経営体数,14,流通業者・加工業者,13780,風間浦村,経営体
2,150,経営体数,14,流通業者・加工業者,13820,むつ市,経営体
2,150,経営体数,14,流通業者・加工業者,13850,東通村,経営体
-,150,経営体数,14,流通業者・加工業者,13930,六ヶ所村,経営体
-,150,経営体数,14,流通業者・加工業者,13970,三沢市,経営体
-,150,経営体数,14,流通業者・加工業者,13990,おいらせ町,経営体
19,150,経営体数,14,流通業者・加工業者,14010,八戸市,経営体
-,150,経営体数,14,流通業者・加工業者,14050,階上町,経営体
103,150,経営体数,14,流通業者・加工業者,14070,日本海北区,経営体
12,150,経営体数,14,流通業者・加工業者,14090,むつ市,経営体
-,150,経営体数,14,流通業者・加工業者,14130,横浜町,経営体
-,150,経営体数,14,流通業者・加工業者,14150,野辺地町,経営体
26,150,経営体数,14,流通業者・加工業者,14170,平内町,経営体
33,150,経営体数,14,流通業者・加工業者,14210,青森市,経営体
1,150,経営体数,14,流通業者・加工業者,14260,蓬田村,経営体
29,150,経営体数,14,流通業者・加工業者,14280,外ヶ浜町,経営体
-,150,経営体数,14,流通業者・加工業者,14330,今別町,経営体
-,150,経営体数,14,流通業者・加工業者,14360,中泊町,経営体
-,150,経営体数,14,流通業者・加工業者,14390,五所川原市,経営体
-,150,経営体数,14,流通業者・加工業者,14420,つがる市,経営体
-,150,経営体数,14,流通業者・加工業者,14450,鰺ヶ沢町,経営体
2,150,経営体数,14,流通業者・加工業者,14480,深浦町,経営体
158,150,経営体数,14,流通業者・加工業者,14740,岩手県,経営体
55,150,経営体数,14,流通業者・加工業者,14760,洋野町,経営体
2,150,経営体数,14,流通業者・加工業者,14850,久慈市,経営体
1,150,経営体数,14,流通業者・加工業者,14880,野田村,経営体
6,150,経営体数,14,流通業者・加工業者,14900,普代村,経営体
1,150,経営体数,14,流通業者・加工業者,14920,田野畑村,経営体
-,150,経営体数,14,流通業者・加工業者,14950,岩泉町,経営体
20,150,経営体数,14,流通業者・加工業者,14980,宮古市,経営体
10,150,経営体数,14,流通業者・加工業者,15020,山田町,経営体
-,150,経営体数,14,流通業者・加工業者,15090,大槌町,経営体
13,150,経営体数,14,流通業者・加工業者,15120,釜石市,経営体
42,150,経営体数,14,流通業者・加工業者,15190,大船渡市,経営体
8,150,経営体数,14,流通業者・加工業者,15270,陸前高田市,経営体
534,150,経営体数,14,流通業者・加工業者,15580,宮城県,経営体
55,150,経営体数,14,流通業者・加工業者,15600,気仙沼市,経営体
5,150,経営体数,14,流通業者・加工業者,15670,本吉町,経営体
79,150,経営体数,14,流通業者・加工業者,15700,南三陸町,経営体
174,150,経営体数,14,流通業者・加工業者,15740,石巻市,経営体
180,150,経営体数,14,流通業者・加工業者,15970,女川町,経営体
5,150,経営体数,14,流通業者・加工業者,16010,東松島市,経営体
2,150,経営体数,14,流通業者・加工業者,16060,松島町,経営体
-,150,経営体数,14,流通業者・加工業者,16080,利府町,経営体
10,150,経営体数,14,流通業者・加工業者,16100,塩竈市,経営体
-,150,経営体数,14,流通業者・加工業者,16140,多賀城市,経営体
7,150,経営体数,14,流通業者・加工業者,16160,七ヶ浜町,経営体
2,150,経営体数,14,流通業者・加工業者,16240,仙台市,経営体
14,150,経営体数,14,流通業者・加工業者,16260,名取市,経営体
-,150,経営体数,14,流通業者・加工業者,16280,岩沼市,経営体
-,150,経営体数,14,流通業者・加工業者,16300,亘理町,経営体
1,150,経営体数,14,流通業者・加工業者,16320,山元町,経営体
17,150,経営体数,14,流通業者・加工業者,16550,秋田県,経営体
-,150,経営体数,14,流通業者・加工業者,16570,八峰町,経営体
7,150,経営体数,14,流通業者・加工業者,16610,能代市,経営体
2,150,経営体数,14,流通業者・加工業者,16630,三種町,経営体
2,150,経営体数,14,流通業者・加工業者,16650,男鹿市,経営体
-,150,経営体数,14,流通業者・加工業者,16730,潟上市,経営体
5,150,経営体数,14,流通業者・加工業者,16750,秋田市,経営体
-,150,経営体数,14,流通業者・加工業者,16780,由利本荘市,経営体
1,150,経営体数,14,流通業者・加工業者,16820,にかほ市,経営体
1,150,経営体数,14,流通業者・加工業者,17040,山形県,経営体
-,150,経営体数,14,流通業者・加工業者,17060,遊佐町,経営体
-,150,経営体数,14,流通業者・加工業者,17080,酒田市,経営体
1,150,経営体数,14,流通業者・加工業者,17110,鶴岡市,経営体
16,150,経営体数,14,流通業者・加工業者,17500,福島県,経営体
-,150,経営体数,14,流通業者・加工業者,17520,新地町,経営体
6,150,経営体数,14,流通業者・加工業者,17540,相馬市,経営体
-,150,経営体数,14,流通業者・加工業者,17580,南相馬市,経営体
-,150,経営体数,14,流通業者・加工業者,17620,浪江町,経営体
-,150,経営体数,14,流通業者・加工業者,17640,双葉町,経営体
x,150,経営体数,14,流通業者・加工業者,17660,大熊町,経営体
-,150,経営体数,14,流通業者・加工業者,17680,富岡町,経営体
x,150,経営体数,14,流通業者・加工業者,17700,楢葉町,経営体
-,150,経営体数,14,流通業者・加工業者,17720,広野町,経営体
8,150,経営体数,14,流通業者・加工業者,17740,いわき市,経営体
42,150,経営体数,14,流通業者・加工業者,18350,茨城県,経営体
1,150,経営体数,14,流通業者・加工業者,18370,北茨城市,経営体
x,150,経営体数,14,流通業者・加工業者,18400,高萩市,経営体
31,150,経営体数,14,流通業者・加工業者,18420,日立市,経営体
-,150,経営体数,14,流通業者・加工業者,18480,東海村,経営体
2,150,経営体数,14,流通業者・加工業者,18500,ひたちなか市,経営体
3,150,経営体数,14,流通業者・加工業者,18540,大洗町,経営体
x,150,経営体数,14,流通業者・加工業者,18560,鉾田市,経営体
-,150,経営体数,14,流通業者・加工業者,18600,鹿嶋市,経営体
5,150,経営体数,14,流通業者・加工業者,18620,神栖市,経営体
518,150,経営体数,14,流通業者・加工業者,20460,千葉県,経営体
18,150,経営体数,14,流通業者・加工業者,20480,銚子市,経営体
12,150,経営体数,14,流通業者・加工業者,20500,旭市,経営体
-,150,経営体数,14,流通業者・加工業者,20530,匝瑳市,経営体
-,150,経営体数,14,流通業者・加工業者,20560,横芝光町,経営体
-,150,経営体数,14,流通業者・加工業者,20590,山武市,経営体
x,150,経営体数,14,流通業者・加工業者,20620,九十九里町,経営体
-,150,経営体数,14,流通業者・加工業者,20640,大網白里町,経営体
8,150,経営体数,14,流通業者・加工業者,20660,白子町,経営体
x,150,経営体数,14,流通業者・加工業者,20680,長生村,経営体
x,150,経営体数,14,流通業者・加工業者,20700,一宮町,経営体
-,150,経営体数,14,流通業者・加工業者,20720,いすみ市,経営体
-,150,経営体数,14,流通業者・加工業者,20750,御宿町,経営体
-,150,経営体数,14,流通業者・加工業者,20780,勝浦市,経営体
-,150,経営体数,14,流通業者・加工業者,20870,鴨川市,経営体
4,150,経営体数,14,流通業者・加工業者,20920,南房総市,経営体
12,150,経営体数,14,流通業者・加工業者,20990,館山市,経営体
-,150,経営体数,14,流通業者・加工業者,21050,鋸南町,経営体
136,150,経営体数,14,流通業者・加工業者,21080,富津市,経営体
-,150,経営体数,14,流通業者・加工業者,21130,君津市,経営体
238,150,経営体数,14,流通業者・加工業者,21150,木更津市,経営体
x,150,経営体数,14,流通業者・加工業者,21220,袖ヶ浦市,経営体
-,150,経営体数,14,流通業者・加工業者,21240,市原市,経営体
-,150,経営体数,14,流通業者・加工業者,21260,千葉市,経営体
11,150,経営体数,14,流通業者・加工業者,21280,習志野市,経営体
59,150,経営体数,14,流通業者・加工業者,21300,船橋市,経営体
10,150,経営体数,14,流通業者・加工業者,21320,市川市,経営体
9,150,経営体数,14,流通業者・加工業者,21350,浦安市,経営体
47,150,経営体数,14,流通業者・加工業者,21670,東京都,経営体
2,150,経営体数,14,流通業者・加工業者,21690,江戸川区,経営体
1,150,経営体数,14,流通業者・加工業者,21710,葛飾区,経営体
10,150,経営体数,14,流通業者・加工業者,21730,江東区,経営体
-,150,経営体数,14,流通業者・加工業者,21750,墨田区,経営体
7,150,経営体数,14,流通業者・加工業者,21770,中央区,経営体
-,150,経営体数,14,流通業者・加工業者,21790,台東区,経営体
1,150,経営体数,14,流通業者・加工業者,21810,港区,経営体
-,150,経営体数,14,流通業者・加工業者,21830,品川区,経営体
-,150,経営体数,14,流通業者・加工業者,21850,大田区,経営体
-,150,経営体数,14,流通業者・加工業者,21870,千代田区,経営体
-,150,経営体数,14,流通業者・加工業者,21890,大島町,経営体
-,150,経営体数,14,流通業者・加工業者,21950,利島村,経営体
24,150,経営体数,14,流通業者・加工業者,21970,新島村,経営体
-,150,経営体数,14,流通業者・加工業者,22010,神津島村,経営体
1,150,経営体数,14,流通業者・加工業者,22030,三宅村,経営体
-,150,経営体数,14,流通業者・加工業者,22090,御蔵島村,経営体
1,150,経営体数,14,流通業者・加工業者,22110,八丈町,経営体
-,150,経営体数,14,流通業者・加工業者,22160,青ヶ島村,経営体
-,150,経営体数,14,流通業者・加工業者,22180,小笠原村,経営体
132,150,経営体数,14,流通業者・加工業者,22650,神奈川県,経営体
x,150,経営体数,14,流通業者・加工業者,22670,川崎市,経営体
21,150,経営体数,14,流通業者・加工業者,22690,横浜市,経営体
32,150,経営体数,14,流通業者・加工業者,22750,横須賀市,経営体
46,150,経営体数,14,流通業者・加工業者,22840,三浦市,経営体
4,150,経営体数,14,流通業者・加工業者,22970,葉山町,経営体
3,150,経営体数,14,流通業者・加工業者,22990,逗子市,経営体
15,150,経営体数,14,流通業者・加工業者,23010,鎌倉市,経営体
6,150,経営体数,14,流通業者・加工業者,23040,藤沢市,経営体
-,150,経営体数,14,流通業者・加工業者,23070,茅ヶ崎市,経営体
-,150,経営体数,14,流通業者・加工業者,23090,平塚市,経営体
1,150,経営体数,14,流通業者・加工業者,23110,大磯町,経営体
x,150,経営体数,14,流通業者・加工業者,23130,二宮町,経営体
-,150,経営体数,14,流通業者・加工業者,23150,小田原市,経営体
3,150,経営体数,14,流通業者・加工業者,23180,真鶴町,経営体
1,150,経営体数,14,流通業者・加工業者,23210,湯河原町,経営体
85,150,経営体数,14,流通業者・加工業者,23420,新潟県,経営体
-,150,経営体数,14,流通業者・加工業者,23440,粟島浦村,経営体
2,150,経営体数,14,流通業者・加工業者,23460,村上市,経営体
-,150,経営体数,14,流通業者・加工業者,23510,胎内市,経営体
-,150,経営体数,14,流通業者・加工業者,23530,新発田市,経営体
-,150,経営体数,14,流通業者・加工業者,23550,聖籠町,経営体
-,150,経営体数,14,流通業者・加工業者,23570,新潟市,経営体
-,150,経営体数,14,流通業者・加工業者,23640,長岡市,経営体
-,150,経営体数,14,流通業者・加工業者,23660,出雲崎町,経営体
2,150,経営体数,14,流通業者・加工業者,23680,柏崎市,経営体
-,150,経営体数,14,流通業者・加工業者,23710,上越市,経営体
1,150,経営体数,14,流通業者・加工業者,23760,糸魚川市,経営体
80,150,経営体数,14,流通業者・加工業者,23840,佐渡市,経営体
8,150,経営体数,14,流通業者・加工業者,24320,富山県,経営体
-,150,経営体数,14,流通業者・加工業者,24340,朝日町,経営体
2,150,経営体数,14,流通業者・加工業者,24360,入善町,経営体
-,150,経営体数,14,流通業者・加工業者,24400,黒部市,経営体
1,150,経営体数,14,流通業者・加工業者,24430,魚津市,経営体
-,150,経営体数,14,流通業者・加工業者,24460,滑川市,経営体
-,150,経営体数,14,流通業者・加工業者,24480,富山市,経営体
2,150,経営体数,14,流通業者・加工業者,24520,射水市,経営体
1,150,経営体数,14,流通業者・加工業者,24550,高岡市,経営体
2,150,経営体数,14,流通業者・加工業者,24570,氷見市,経営体
77,150,経営体数,14,流通業者・加工業者,24700,石川県,経営体
40,150,経営体数,14,流通業者・加工業者,24720,七尾市,経営体
12,150,経営体数,14,流通業者・加工業者,24810,穴水町,経営体
2,150,経営体数,14,流通業者・加工業者,24850,能登町,経営体
-,150,経営体数,14,流通業者・加工業者,24900,珠洲市,経営体
2,150,経営体数,14,流通業者・加工業者,24960,輪島市,経営体
14,150,経営体数,14,流通業者・加工業者,24990,志賀町,経営体
-,150,経営体数,14,流通業者・加工業者,25040,羽咋市,経営体
-,150,経営体数,14,流通業者・加工業者,25070,宝達志水町,経営体
-,150,経営体数,14,流通業者・加工業者,25100,かほく市,経営体
-,150,経営体数,14,流通業者・加工業者,25140,内灘町,経営体
-,150,経営体数,14,流通業者・加工業者,25160,金沢市,経営体
3,150,経営体数,14,流通業者・加工業者,25180,白山市,経営体
-,150,経営体数,14,流通業者・加工業者,25210,能美市,経営体
-,150,経営体数,14,流通業者・加工業者,25230,小松市,経営体
4,150,経営体数,14,流通業者・加工業者,25250,加賀市,経営体
42,150,経営体数,14,流通業者・加工業者,25330,福井県,経営体
2,150,経営体数,14,流通業者・加工業者,25350,あわら市,経営体
4,150,経営体数,14,流通業者・加工業者,25370,坂井市,経営体
-,150,経営体数,14,流通業者・加工業者,25390,福井市,経営体
2,150,経営体数,14,流通業者・加工業者,25420,越前町,経営体
-,150,経営体数,14,流通業者・加工業者,25440,南越前町,経営体
-,150,経営体数,14,流通業者・加工業者,25460,敦賀市,経営体
-,150,経営体数,14,流通業者・加工業者,25480,美浜町,経営体
-,150,経営体数,14,流通業者・加工業者,25510,若狭町,経営体
11,150,経営体数,14,流通業者・加工業者,25530,小浜市,経営体
21,150,経営体数,14,流通業者・加工業者,25550,おおい町,経営体
2,150,経営体数,14,流通業者・加工業者,25570,高浜町,経営体
108,150,経営体数,14,流通業者・加工業者,27230,静岡県,経営体
1,150,経営体数,14,流通業者・加工業者,27250,熱海市,経営体
1,150,経営体数,14,流通業者・加工業者,27290,伊東市,経営体
1,150,経営体数,14,流通業者・加工業者,27340,東伊豆町,経営体
1,150,経営体数,14,流通業者・加工業者,27370,河津町,経営体
2,150,経営体数,14,流通業者・加工業者,27390,下田市,経営体
-,150,経営体数,14,流通業者・加工業者,27440,南伊豆町,経営体
6,150,経営体数,14,流通業者・加工業者,27490,松崎町,経営体
-,150,経営体数,14,流通業者・加工業者,27510,西伊豆町,経営体
2,150,経営体数,14,流通業者・加工業者,27550,伊豆市,経営体
14,150,経営体数,14,流通業者・加工業者,27570,沼津市,経営体
1,150,経営体数,14,流通業者・加工業者,27630,富士市,経営体
19,150,経営体数,14,流通業者・加工業者,27650,静岡市,経営体
-,150,経営体数,14,流通業者・加工業者,27690,由比町,経営体
2,150,経営体数,14,流通業者・加工業者,27710,焼津市,経営体
x,150,経営体数,14,流通業者・加工業者,27730,大井川町,経営体
2,150,経営体数,14,流通業者・加工業者,27750,吉田町,経営体
1,150,経営体数,14,流通業者・加工業者,27770,牧之原市,経営体
-,150,経営体数,14,流通業者・加工業者,27810,御前崎市,経営体
3,150,経営体数,14,流通業者・加工業者,27840,掛川市,経営体
x,150,経営体数,14,流通業者・加工業者,27870,袋井市,経営体
2,150,経営体数,14,流通業者・加工業者,27890,磐田市,経営体
35,150,経営体数,14,流通業者・加工業者,27930,浜松市,経営体
7,150,経営体数,14,流通業者・加工業者,28000,湖西市,経営体
8,150,経営体数,14,流通業者・加工業者,28020,新居町,経営体
853,150,経営体数,14,流通業者・加工業者,28220,愛知県,経営体
333,150,経営体数,14,流通業者・加工業者,28240,田原市,経営体
x,150,経営体数,14,流通業者・加工業者,28370,豊橋市,経営体
-,150,経営体数,14,流通業者・加工業者,28400,豊川市,経営体
8,150,経営体数,14,流通業者・加工業者,28420,蒲郡市,経営体
4,150,経営体数,14,流通業者・加工業者,28470,幡豆町,経営体
57,150,経営体数,14,流通業者・加工業者,28500,吉良町,経営体
216,150,経営体数,14,流通業者・加工業者,28530,一色町,経営体
39,150,経営体数,14,流通業者・加工業者,28590,西尾市,経営体
5,150,経営体数,14,流通業者・加工業者,28610,碧南市,経営体
-,150,経営体数,14,流通業者・加工業者,28630,高浜市,経営体
x,150,経営体数,14,流通業者・加工業者,28650,刈谷市,経営体
-,150,経営体数,14,流通業者・加工業者,28670,東浦町,経営体
-,150,経営体数,14,流通業者・加工業者,28690,半田市,経営体
-,150,経営体数,14,流通業者・加工業者,28710,武豊町,経営体
16,150,経営体数,14,流通業者・加工業者,28730,美浜町,経営体
48,150,経営体数,14,流通業者・加工業者,28760,南知多町,経営体
127,150,経営体数,14,流通業者・加工業者,28850,常滑市,経営体
-,150,経営体数,14,流通業者・加工業者,28900,知多市,経営体
-,150,経営体数,14,流通業者・加工業者,28920,東海市,経営体
-,150,経営体数,14,流通業者・加工業者,28940,名古屋市,経営体
-,150,経営体数,14,流通業者・加工業者,28970,飛島村,経営体
-,150,経営体数,14,流通業者・加工業者,28990,弥富市,経営体
559,150,経営体数,14,流通業者・加工業者,29410,三重県,経営体
12,150,経営体数,14,流通業者・加工業者,29430,木曽岬町,経営体
8,150,経営体数,14,流通業者・加工業者,29450,桑名市,経営体
2,150,経営体数,14,流通業者・加工業者,29500,川越町,経営体
13,150,経営体数,14,流通業者・加工業者,29520,四日市市,経営体
6,150,経営体数,14,流通業者・加工業者,29580,鈴鹿市,経営体
22,150,経営体数,14,流通業者・加工業者,29630,津市,経営体
11,150,経営体数,14,流通業者・加工業者,29700,松阪市,経営体
4,150,経営体数,14,流通業者・加工業者,29780,明和町,経営体
10,150,経営体数,14,流通業者・加工業者,29810,伊勢市,経営体
159,150,経営体数,14,流通業者・加工業者,29930,鳥羽市,経営体
128,150,経営体数,14,流通業者・加工業者,30100,志摩市,経営体
111,150,経営体数,14,流通業者・加工業者,30380,南伊勢町,経営体
6,150,経営体数,14,流通業者・加工業者,30560,大紀町,経営体
40,150,経営体数,14,流通業者・加工業者,30580,紀北町,経営体
27,150,経営体数,14,流通業者・加工業者,30680,尾鷲市,経営体
-,150,経営体数,14,流通業者・加工業者,30790,熊野市,経営体
-,150,経営体数,14,流通業者・加工業者,30860,御浜町,経営体
-,150,経営体数,14,流通業者・加工業者,30880,紀宝町,経営体
9,150,経営体数,14,流通業者・加工業者,31310,京都府,経営体
4,150,経営体数,14,流通業者・加工業者,31330,舞鶴市,経営体
4,150,経営体数,14,流通業者・加工業者,31410,宮津市,経営体
-,150,経営体数,14,流通業者・加工業者,31470,与謝野町,経営体
1,150,経営体数,14,流通業者・加工業者,31490,伊根町,経営体
-,150,経営体数,14,流通業者・加工業者,31560,京丹後市,経営体
175,150,経営体数,14,流通業者・加工業者,31890,大阪府,経営体
3,150,経営体数,14,流通業者・加工業者,31910,大阪市,経営体
27,150,経営体数,14,流通業者・加工業者,31980,堺市,経営体
9,150,経営体数,14,流通業者・加工業者,32010,高石市,経営体
11,150,経営体数,14,流通業者・加工業者,32030,泉大津市,経営体
x,150,経営体数,14,流通業者・加工業者,32050,忠岡町,経営体
38,150,経営体数,14,流通業者・加工業者,32070,岸和田市,経営体
x,150,経営体数,14,流通業者・加工業者,32100,貝塚市,経営体
12,150,経営体数,14,流通業者・加工業者,32120,泉佐野市,経営体
1,150,経営体数,14,流通業者・加工業者,32140,田尻町,経営体
18,150,経営体数,14,流通業者・加工業者,32160,泉南市,経営体
13,150,経営体数,14,流通業者・加工業者,32190,阪南市,経営体
38,150,経営体数,14,流通業者・加工業者,32230,岬町,経営体
461,150,経営体数,14,流通業者・加工業者,32600,兵庫県,経営体
1,150,経営体数,14,流通業者・加工業者,32610,日本海西区,経営体
-,150,経営体数,14,流通業者・加工業者,32630,豊岡市,経営体
1,150,経営体数,14,流通業者・加工業者,32660,香美町,経営体
-,150,経営体数,14,流通業者・加工業者,32690,新温泉町,経営体
460,150,経営体数,14,流通業者・加工業者,32730,瀬戸内海区,経営体
-,150,経営体数,14,流通業者・加工業者,32750,尼崎市,経営体
-,150,経営体数,14,流通業者・加工業者,32770,西宮市,経営体
x,150,経営体数,14,流通業者・加工業者,32790,芦屋市,経営体
5,150,経営体数,14,流通業者・加工業者,32810,神戸市,経営体
49,150,経営体数,14,流通業者・加工業者,32910,明石市,経営体
x,150,経営体数,14,流通業者・加工業者,32990,播磨町,経営体
2,150,経営体数,14,流通業者・加工業者,33010,加古川市,経営体
25,150,経営体数,14,流通業者・加工業者,33040,高砂市,経営体
203,150,経営体数,14,流通業者・加工業者,33090,姫路市,経営体
11,150,経営体数,14,流通業者・加工業者,33220,たつの市,経営体
35,150,経営体数,14,流通業者・加工業者,33260,相生市,経営体
19,150,経営体数,14,流通業者・加工業者,33280,赤穂市,経営体
3,150,経営体数,14,流通業者・加工業者,33320,淡路市,経営体
73,150,経営体数,14,流通業者・加工業者,33490,洲本市,経営体
33,150,経営体数,14,流通業者・加工業者,33550,南あわじ市,経営体
174,150,経営体数,14,流通業者・加工業者,34290,和歌山県,経営体
55,150,経営体数,14,流通業者・加工業者,34300,太平洋南区,経営体
-,150,経営体数,14,流通業者・加工業者,34320,美浜町,経営体
16,150,経営体数,14,流通業者・加工業者,34350,御坊市,経営体
-,150,経営体数,14,流通業者・加工業者,34370,印南町,経営体
-,150,経営体数,14,流通業者・加工業者,34390,みなべ町,経営体
10,150,経営体数,14,流通業者・加工業者,34410,田辺市,経営体
-,150,経営体数,14,流通業者・加工業者,34450,白浜町,経営体
-,150,経営体数,14,流通業者・加工業者,34490,すさみ町,経営体
22,150,経営体数,14,流通業者・加工業者,34510,串本町,経営体
6,150,経営体数,14,流通業者・加工業者,34600,那智勝浦町,経営体
1,150,経営体数,14,流通業者・加工業者,34650,太地町,経営体
-,150,経営体数,14,流通業者・加工業者,34670,新宮市,経営体
119,150,経営体数,14,流通業者・加工業者,34700,瀬戸内海区,経営体
23,150,経営体数,14,流通業者・加工業者,34720,和歌山市,経営体
4,150,経営体数,14,流通業者・加工業者,34810,海南市,経営体
24,150,経営体数,14,流通業者・加工業者,34870,有田市,経営体
12,150,経営体数,14,流通業者・加工業者,34920,湯浅町,経営体
3,150,経営体数,14,流通業者・加工業者,34960,広川町,経営体
52,150,経営体数,14,流通業者・加工業者,34980,由良町,経営体
1,150,経営体数,14,流通業者・加工業者,35040,日高町,経営体
1,150,経営体数,14,流通業者・加工業者,35190,鳥取県,経営体
-,150,経営体数,14,流通業者・加工業者,35210,岩美町,経営体
1,150,経営体数,14,流通業者・加工業者,35260,鳥取市,経営体
-,150,経営体数,14,流通業者・加工業者,35330,湯梨浜町,経営体
-,150,経営体数,14,流通業者・加工業者,35360,北栄町,経営体
-,150,経営体数,14,流通業者・加工業者,35390,琴浦町,経営体
-,150,経営体数,14,流通業者・加工業者,35420,大山町,経営体
-,150,経営体数,14,流通業者・加工業者,35460,米子市,経営体
-,150,経営体数,14,流通業者・加工業者,35490,日吉津村,経営体
-,150,経営体数,14,流通業者・加工業者,35510,境港市,経営体
40,150,経営体数,14,流通業者・加工業者,35650,島根県,経営体
-,150,経営体数,14,流通業者・加工業者,35670,安来市,経営体
-,150,経営体数,14,流通業者・加工業者,35700,東出雲町,経営体
8,150,経営体数,14,流通業者・加工業者,35720,松江市,経営体
2,150,経営体数,14,流通業者・加工業者,35870,出雲市,経営体
8,150,経営体数,14,流通業者・加工業者,35960,大田市,経営体
-,150,経営体数,14,流通業者・加工業者,36070,江津市,経営体
2,150,経営体数,14,流通業者・加工業者,36100,浜田市,経営体
-,150,経営体数,14,流通業者・加工業者,36170,益田市,経営体
8,150,経営体数,14,流通業者・加工業者,36200,隠岐の島町,経営体
12,150,経営体数,14,流通業者・加工業者,36290,海士町,経営体
-,150,経営体数,14,流通業者・加工業者,36340,西ノ島町,経営体
-,150,経営体数,14,流通業者・加工業者,36370,知夫村,経営体
75,150,経営体数,14,流通業者・加工業者,36490,岡山県,経営体
7,150,経営体数,14,流通業者・加工業者,36510,備前市,経営体
12,150,経営体数,14,流通業者・加工業者,36560,瀬戸内市,経営体
15,150,経営体数,14,流通業者・加工業者,36590,岡山市,経営体
14,150,経営体数,14,流通業者・加工業者,36650,玉野市,経営体
11,150,経営体数,14,流通業者・加工業者,36690,倉敷市,経営体
9,150,経営体数,14,流通業者・加工業者,36770,浅口市,経営体
7,150,経営体数,14,流通業者・加工業者,36790,笠岡市,経営体
535,150,経営体数,14,流通業者・加工業者,37070,広島県,経営体
71,150,経営体数,14,流通業者・加工業者,37090,福山市,経営体
47,150,経営体数,14,流通業者・加工業者,37190,尾道市,経営体
11,150,経営体数,14,流通業者・加工業者,37290,三原市,経営体
2,150,経営体数,14,流通業者・加工業者,37330,竹原市,経営体
21,150,経営体数,14,流通業者・加工業者,37370,東広島市,経営体
-,150,経営体数,14,流通業者・加工業者,37400,大崎上島町,経営体
116,150,経営体数,14,流通業者・加工業者,37440,呉市,経営体
89,150,経営体数,14,流通業者・加工業者,37600,江田島市,経営体
15,150,経営体数,14,流通業者・加工業者,37720,坂町,経営体
3,150,経営体数,14,流通業者・加工業者,37740,海田町,経営体
75,150,経営体数,14,流通業者・加工業者,37760,広島市,経営体
61,150,経営体数,14,流通業者・加工業者,37830,廿日市市,経営体
24,150,経営体数,14,流通業者・加工業者,37870,大竹市,経営体
647,150,経営体数,14,流通業者・加工業者,38010,山口県,経営体
103,150,経営体数,14,流通業者・加工業者,38020,東シナ海区,経営体
9,150,経営体数,14,流通業者・加工業者,38040,萩市,経営体
-,150,経営体数,14,流通業者・加工業者,38200,阿武町,経営体
22,150,経営体数,14,流通業者・加工業者,38240,長門市,経営体
72,150,経営体数,14,流通業者・加工業者,38400,下関市,経営体
544,150,経営体数,14,流通業者・加工業者,38630,瀬戸内海区,経営体
28,150,経営体数,14,流通業者・加工業者,38650,周防大島町,経営体
-,150,経営体数,14,流通業者・加工業者,38730,和木町,経営体
5,150,経営体数,14,流通業者・加工業者,38750,岩国市,経営体
19,150,経営体数,14,流通業者・加工業者,38820,柳井市,経営体
32,150,経営体数,14,流通業者・加工業者,38890,上関町,経営体
3,150,経営体数,14,流通業者・加工業者,38940,平生町,経営体
5,150,経営体数,14,流通業者・加工業者,38960,田布施町,経営体
48,150,経営体数,14,流通業者・加工業者,38990,光市,経営体
4,150,経営体数,14,流通業者・加工業者,39020,下松市,経営体
49,150,経営体数,14,流通業者・加工業者,39040,周南市,経営体
38,150,経営体数,14,流通業者・加工業者,39120,防府市,経営体
75,150,経営体数,14,流通業者・加工業者,39230,山口市,経営体
228,150,経営体数,14,流通業者・加工業者,39310,宇部市,経営体
10,150,経営体数,14,流通業者・加工業者,39380,山陽小野田市,経営体
-,150,経営体数,14,流通業者・加工業者,39430,下関市,経営体
340,150,経営体数,14,流通業者・加工業者,39530,徳島県,経営体
6,150,経営体数,14,流通業者・加工業者,39540,太平洋南区,経営体
2,150,経営体数,14,流通業者・加工業者,39560,美波町,経営体
1,150,経営体数,14,流通業者・加工業者,39640,牟岐町,経営体
3,150,経営体数,14,流通業者・加工業者,39660,海陽町,経営体
334,150,経営体数,14,流通業者・加工業者,39700,瀬戸内海区,経営体
208,150,経営体数,14,流通業者・加工業者,39720,鳴門市,経営体
1,150,経営体数,14,流通業者・加工業者,39800,松茂町,経営体
24,150,経営体数,14,流通業者・加工業者,39820,徳島市,経営体
56,150,経営体数,14,流通業者・加工業者,39860,小松島市,経営体
45,150,経営体数,14,流通業者・加工業者,39890,阿南市,経営体
305,150,経営体数,14,流通業者・加工業者,40150,香川県,経営体
32,150,経営体数,14,流通業者・加工業者,40170,東かがわ市,経営体
25,150,経営体数,14,流通業者・加工業者,40210,さぬき市,経営体
9,150,経営体数,14,流通業者・加工業者,40270,小豆島町,経営体
67,150,経営体数,14,流通業者・加工業者,40300,土庄町,経営体
81,150,経営体数,14,流通業者・加工業者,40380,高松市,経営体
11,150,経営体数,14,流通業者・加工業者,40480,直島町,経営体
7,150,経営体数,14,流通業者・加工業者,40500,坂出市,経営体
-,150,経営体数,14,流通業者・加工業者,40550,宇多津町,経営体
2,150,経営体数,14,流通業者・加工業者,40570,丸亀市,経営体
47,150,経営体数,14,流通業者・加工業者,40620,多度津町,経営体
23,150,経営体数,14,流通業者・加工業者,40670,三豊市,経営体
1,150,経営体数,14,流通業者・加工業者,40760,観音寺市,経営体
761,150,経営体数,14,流通業者・加工業者,40880,愛媛県,経営体
301,150,経営体数,14,流通業者・加工業者,40890,太平洋南区,経営体
9,150,経営体数,14,流通業者・加工業者,40910,八幡浜市,経営体
38,150,経営体数,14,流通業者・加工業者,40940,西予市,経営体
211,150,経営体数,14,流通業者・加工業者,40970,宇和島市,経営体
43,150,経営体数,14,流通業者・加工業者,41090,愛南町,経営体
460,150,経営体数,14,流通業者・加工業者,41180,瀬戸内海区,経営体
5,150,経営体数,14,流通業者・加工業者,41200,四国中央市,経営体
3,150,経営体数,14,流通業者・加工業者,41250,新居浜市,経営体
6,150,経営体数,14,流通業者・加工業者,41310,西条市,経営体
3,150,経営体数,14,流通業者・加工業者,41390,上島町,経営体
236,150,経営体数,14,流通業者・加工業者,41440,今治市,経営体
180,150,経営体数,14,流通業者・加工業者,41600,松山市,経営体
6,150,経営体数,14,流通業者・加工業者,41780,松前町,経営体
5,150,経営体数,14,流通業者・加工業者,41800,伊予市,経営体
2,150,経営体数,14,流通業者・加工業者,41840,大洲市,経営体
2,150,経営体数,14,流通業者・加工業者,41870,八幡浜市,経営体
12,150,経営体数,14,流通業者・加工業者,41900,伊方町,経営体
370,150,経営体数,14,流通業者・加工業者,42060,高知県,経営体
2,150,経営体数,14,流通業者・加工業者,42080,東洋町,経営体
6,150,経営体数,14,流通業者・加工業者,42110,室戸市,経営体
3,150,経営体数,14,流通業者・加工業者,42200,奈半利町,経営体
-,150,経営体数,14,流通業者・加工業者,42230,田野町,経営体
1,150,経営体数,14,流通業者・加工業者,42250,安田町,経営体
2,150,経営体数,14,流通業者・加工業者,42270,安芸市,経営体
-,150,経営体数,14,流通業者・加工業者,42330,芸西村,経営体
19,150,経営体数,14,流通業者・加工業者,42350,香南市,経営体
23,150,経営体数,14,流通業者・加工業者,42400,南国市,経営体
6,150,経営体数,14,流通業者・加工業者,42450,高知市,経営体
14,150,経営体数,14,流通業者・加工業者,42500,土佐市,経営体
123,150,経営体数,14,流通業者・加工業者,42540,須崎市,経営体
10,150,経営体数,14,流通業者・加工業者,42610,中土佐町,経営体
-,150,経営体数,14,流通業者・加工業者,42650,四万十町,経営体
62,150,経営体数,14,流通業者・加工業者,42680,黒潮町,経営体
16,150,経営体数,14,流通業者・加工業者,42740,四万十市,経営体
5,150,経営体数,14,流通業者・加工業者,42760,土佐清水市,経営体
29,150,経営体数,14,流通業者・加工業者,42850,大月町,経営体
49,150,経営体数,14,流通業者・加工業者,42980,宿毛市,経営体
323,150,経営体数,14,流通業者・加工業者,43240,福岡県,経営体
220,150,経営体数,14,流通業者・加工業者,43250,東シナ海区,経営体
51,150,経営体数,14,流通業者・加工業者,43270,北九州市,経営体
10,150,経営体数,14,流通業者・加工業者,43410,芦屋町,経営体
-,150,経営体数,14,流通業者・加工業者,43440,岡垣町,経営体
90,150,経営体数,14,流通業者・加工業者,43460,宗像市,経営体
-,150,経営体数,14,流通業者・加工業者,43510,福津市,経営体
-,150,経営体数,14,流通業者・加工業者,43540,古賀市,経営体
-,150,経営体数,14,流通業者・加工業者,43560,新宮町,経営体
7,150,経営体数,14,流通業者・加工業者,43590,福岡市,経営体
1,150,経営体数,14,流通業者・加工業者,43770,志摩町,経営体
1,150,経営体数,14,流通業者・加工業者,43830,前原市,経営体
-,150,経営体数,14,流通業者・加工業者,43850,二丈町,経営体
-,150,経営体数,14,流通業者・加工業者,43880,久留米市,経営体
1,150,経営体数,14,流通業者・加工業者,43920,大川市,経営体
55,150,経営体数,14,流通業者・加工業者,43980,柳川市,経営体
-,150,経営体数,14,流通業者・加工業者,44080,みやま市,経営体
4,150,経営体数,14,流通業者・加工業者,44110,大牟田市,経営体
103,150,経営体数,14,流通業者・加工業者,44140,瀬戸内海区,経営体
33,150,経営体数,14,流通業者・加工業者,44160,北九州市,経営体
-,150,経営体数,14,流通業者・加工業者,44230,苅田町,経営体
13,150,経営体数,14,流通業者・加工業者,44250,行橋市,経営体
-,150,経営体数,14,流通業者・加工業者,44300,築上町,経営体
38,150,経営体数,14,流通業者・加工業者,44330,豊前市,経営体
19,150,経営体数,14,流通業者・加工業者,44370,吉富町,経営体
385,150,経営体数,14,流通業者・加工業者,44850,佐賀県,経営体
145,150,経営体数,14,流通業者・加工業者,44870,唐津市,経営体
26,150,経営体数,14,流通業者・加工業者,45120,玄海町,経営体
5,150,経営体数,14,流通業者・加工業者,45150,伊万里市,経営体
x,150,経営体数,14,流通業者・加工業者,45170,神埼市,経営体
43,150,経営体数,14,流通業者・加工業者,45190,佐賀市,経営体
1,150,経営体数,14,流通業者・加工業者,45280,小城市,経営体
-,150,経営体数,14,流通業者・加工業者,45300,江北町,経営体
29,150,経営体数,14,流通業者・加工業者,45320,白石町,経営体
x,150,経営体数,14,流通業者・加工業者,45360,嬉野市,経営体
55,150,経営体数,14,流通業者・加工業者,45380,鹿島市,経営体
81,150,経営体数,14,流通業者・加工業者,45430,太良町,経営体
617,150,経営体数,14,流通業者・加工業者,45570,長崎県,経営体
112,150,経営体数,14,流通業者・加工業者,45590,対馬市,経営体
26,150,経営体数,14,流通業者・加工業者,45890,壱岐市,経営体
23,150,経営体数,14,流通業者・加工業者,45950,松浦市,経営体
34,150,経営体数,14,流通業者・加工業者,46000,平戸市,経営体
12,150,経営体数,14,流通業者・加工業者,46140,鹿町町,経営体
36,150,経営体数,14,流通業者・加工業者,46160,佐世保市,経営体
5,150,経営体数,14,流通業者・加工業者,46240,小値賀町,経営体
1,150,経営体数,14,流通業者・加工業者,46260,川棚町,経営体
1,150,経営体数,14,流通業者・加工業者,46280,東彼杵町,経営体
20,150,経営体数,14,流通業者・加工業者,46300,大村市,経営体
58,150,経営体数,14,流通業者・加工業者,46340,諫早市,経営体
-,150,経営体数,14,流通業者・加工業者,46450,長与町,経営体
6,150,経営体数,14,流通業者・加工業者,46470,時津町,経営体
48,150,経営体数,14,流通業者・加工業者,46490,長崎市,経営体
22,150,経営体数,14,流通業者・加工業者,46680,西海市,経営体
34,150,経営体数,14,流通業者・加工業者,46750,雲仙市,経営体
25,150,経営体数,14,流通業者・加工業者,46850,南島原市,経営体
23,150,経営体数,14,流通業者・加工業者,46930,島原市,経営体
48,150,経営体数,14,流通業者・加工業者,46970,新上五島町,経営体
83,150,経営体数,14,流通業者・加工業者,47140,五島市,経営体
395,150,経営体数,14,流通業者・加工業者,47350,熊本県,経営体
1,150,経営体数,14,流通業者・加工業者,47370,荒尾市,経営体
-,150,経営体数,14,流通業者・加工業者,47400,長洲町,経営体
3,150,経営体数,14,流通業者・加工業者,47420,玉名市,経営体
152,150,経営体数,14,流通業者・加工業者,47490,熊本市,経営体
30,150,経営体数,14,流通業者・加工業者,47590,宇土市,経営体
5,150,経営体数,14,流通業者・加工業者,47630,宇城市,経営体
2,150,経営体数,14,流通業者・加工業者,47720,氷川町,経営体
31,150,経営体数,14,流通業者・加工業者,47740,八代市,経営体
10,150,経営体数,14,流通業者・加工業者,47820,芦北町,経営体
8,150,経営体数,14,流通業者・加工業者,47850,津奈木町,経営体
19,150,経営体数,14,流通業者・加工業者,47870,水俣市,経営体
37,150,経営体数,14,流通業者・加工業者,47890,上天草市,経営体
94,150,経営体数,14,流通業者・加工業者,48010,天草市,経営体
3,150,経営体数,14,流通業者・加工業者,48250,苓北町,経営体
473,150,経営体数,14,流通業者・加工業者,48650,大分県,経営体
137,150,経営体数,14,流通業者・加工業者,48660,太平洋南区,経営体
2,150,経営体数,14,流通業者・加工業者,48680,大分市,経営体
20,150,経営体数,14,流通業者・加工業者,48700,臼杵市,経営体
14,150,経営体数,14,流通業者・加工業者,48720,津久見市,経営体
101,150,経営体数,14,流通業者・加工業者,48750,佐伯市,経営体
336,150,経営体数,14,流通業者・加工業者,48860,瀬戸内海区,経営体
56,150,経営体数,14,流通業者・加工業者,48880,中津市,経営体
70,150,経営体数,14,流通業者・加工業者,48900,宇佐市,経営体
1,150,経営体数,14,流通業者・加工業者,48950,豊後高田市,経営体
34,150,経営体数,14,流通業者・加工業者,48990,国東市,経営体
135,150,経営体数,14,流通業者・加工業者,49050,姫島村,経営体
33,150,経営体数,14,流通業者・加工業者,49070,杵築市,経営体
4,150,経営体数,14,流通業者・加工業者,49090,日出町,経営体
3,150,経営体数,14,流通業者・加工業者,49120,別府市,経営体
-,150,経営体数,14,流通業者・加工業者,49140,大分市,経営体
76,150,経営体数,14,流通業者・加工業者,49240,宮崎県,経営体
51,150,経営体数,14,流通業者・加工業者,49260,延岡市,経営体
5,150,経営体数,14,流通業者・加工業者,49320,門川町,経営体
5,150,経営体数,14,流通業者・加工業者,49350,日向市,経営体
-,150,経営体数,14,流通業者・加工業者,49380,都農町,経営体
-,150,経営体数,14,流通業者・加工業者,49400,川南町,経営体
-,150,経営体数,14,流通業者・加工業者,49420,高鍋町,経営体
-,150,経営体数,14,流通業者・加工業者,49440,新富町,経営体
8,150,経営体数,14,流通業者・加工業者,49460,宮崎市,経営体
-,150,経営体数,14,流通業者・加工業者,49510,日南市,経営体
3,150,経営体数,14,流通業者・加工業者,49550,南郷町,経営体
4,150,経営体数,14,流通業者・加工業者,49590,串間市,経営体
146,150,経営体数,14,流通業者・加工業者,49840,鹿児島県,経営体
2,150,経営体数,14,流通業者・加工業者,49860,出水市,経営体
20,150,経営体数,14,流通業者・加工業者,49890,長島町,経営体
2,150,経営体数,14,流通業者・加工業者,49920,阿久根市,経営体
10,150,経営体数,14,流通業者・加工業者,49960,薩摩川内市,経営体
20,150,経営体数,14,流通業者・加工業者,50040,いちき串木野市,経営体
5,150,経営体数,14,流通業者・加工業者,50090,日置市,経営体
3,150,経営体数,14,流通業者・加工業者,50140,南さつま市,経営体
1,150,経営体数,14,流通業者・加工業者,50230,枕崎市,経営体
-,150,経営体数,14,流通業者・加工業者,50250,南九州市,経営体
2,150,経営体数,14,流通業者・加工業者,50280,指宿市,経営体
10,150,経営体数,14,流通業者・加工業者,50330,鹿児島市,経営体
2,150,経営体数,14,流通業者・加工業者,50390,姶良町,経営体
-,150,経営体数,14,流通業者・加工業者,50410,加治木町,経営体
3,150,経営体数,14,流通業者・加工業者,50430,霧島市,経営体
27,150,経営体数,14,流通業者・加工業者,50470,垂水市,経営体
3,150,経営体数,14,流通業者・加工業者,50500,鹿屋市,経営体
3,150,経営体数,14,流通業者・加工業者,50520,錦江町,経営体
6,150,経営体数,14,流通業者・加工業者,50540,南大隅町,経営体
2,150,経営体数,14,流通業者・加工業者,50580,肝付町,経営体
-,150,経営体数,14,流通業者・加工業者,50630,東串良町,経営体
-,150,経営体数,14,流通業者・加工業者,50650,大崎町,経営体
1,150,経営体数,14,流通業者・加工業者,50670,志布志市,経営体
-,150,経営体数,14,流通業者・加工業者,50700,三島村,経営体
-,150,経営体数,14,流通業者・加工業者,50720,十島村,経営体
-,150,経営体数,14,流通業者・加工業者,50740,西之表市,経営体
-,150,経営体数,14,流通業者・加工業者,50760,中種子町,経営体
-,150,経営体数,14,流通業者・加工業者,50780,南種子町,経営体
1,150,経営体数,14,流通業者・加工業者,50800,屋久島町,経営体
1,150,経営体数,14,流通業者・加工業者,50830,奄美市,経営体
1,150,経営体数,14,流通業者・加工業者,50870,龍郷町,経営体
-,150,経営体数,14,流通業者・加工業者,50890,大和村,経営体
1,150,経営体数,14,流通業者・加工業者,50910,宇検村,経営体
2,150,経営体数,14,流通業者・加工業者,50930,瀬戸内町,経営体
-,150,経営体数,14,流通業者・加工業者,50950,喜界町,経営体
-,150,経営体数,14,流通業者・加工業者,50970,徳之島町,経営体
2,150,経営体数,14,流通業者・加工業者,50990,天城町,経営体
-,150,経営体数,14,流通業者・加工業者,51010,伊仙町,経営体
1,150,経営体数,14,流通業者・加工業者,51030,和泊町,経営体
-,150,経営体数,14,流通業者・加工業者,51050,知名町,経営体
15,150,経営体数,14,流通業者・加工業者,51070,与論町,経営体
325,150,経営体数,14,流通業者・加工業者,51170,沖縄県,経営体
1,150,経営体数,14,流通業者・加工業者,51190,国頭村,経営体
-,150,経営体数,14,流通業者・加工業者,51210,大宜味村,経営体
2,150,経営体数,14,流通業者・加工業者,51230,東村,経営体
20,150,経営体数,14,流通業者・加工業者,51250,名護市,経営体
-,150,経営体数,14,流通業者・加工業者,51270,今帰仁村,経営体
1,150,経営体数,14,流通業者・加工業者,51290,本部町,経営体
-,150,経営体数,14,流通業者・加工業者,51310,恩納村,経営体
25,150,経営体数,14,流通業者・加工業者,51330,宜野座村,経営体
20,150,経営体数,14,流通業者・加工業者,51350,金武町,経営体
29,150,経営体数,14,流通業者・加工業者,51370,伊江村,経営体
4,150,経営体数,14,流通業者・加工業者,51390,伊是名村,経営体
1,150,経営体数,14,流通業者・加工業者,51410,伊平屋村,経営体
103,150,経営体数,14,流通業者・加工業者,51430,うるま市,経営体
8,150,経営体数,14,流通業者・加工業者,51480,沖縄市,経営体
2,150,経営体数,14,流通業者・加工業者,51500,読谷村,経営体
-,150,経営体数,14,流通業者・加工業者,51520,嘉手納町,経営体
-,150,経営体数,14,流通業者・加工業者,51540,北谷町,経営体
2,150,経営体数,14,流通業者・加工業者,51560,北中城村,経営体
2,150,経営体数,14,流通業者・加工業者,51580,中城村,経営体
-,150,経営体数,14,流通業者・加工業者,51600,西原町,経営体
5,150,経営体数,14,流通業者・加工業者,51620,宜野湾市,経営体
7,150,経営体数,14,流通業者・加工業者,51640,浦添市,経営体
8,150,経営体数,14,流通業者・加工業者,51660,那覇市,経営体
2,150,経営体数,14,流通業者・加工業者,51680,豊見城市,経営体
4,150,経営体数,14,流通業者・加工業者,51700,糸満市,経営体
-,150,経営体数,14,流通業者・加工業者,51720,八重瀬町,経営体
36,150,経営体数,14,流通業者・加工業者,51740,南城市,経営体
-,150,経営体数,14,流通業者・加工業者,51780,与那原町,経営体
6,150,経営体数,14,流通業者・加工業者,51800,久米島町,経営体
-,150,経営体数,14,流通業者・加工業者,51820,座間味村,経営体
-,150,経営体数,14,流通業者・加工業者,51840,渡嘉敷村,経営体
-,150,経営体数,14,流通業者・加工業者,51860,渡名喜村,経営体
-,150,経営体数,14,流通業者・加工業者,51880,粟国村,経営体
4,150,経営体数,14,流通業者・加工業者,51900,南大東村,経営体
-,150,経営体数,14,流通業者・加工業者,51920,北大東村,経営体
22,150,経営体数,14,流通業者・加工業者,51940,宮古島市,経営体
-,150,経営体数,14,流通業者・加工業者,52000,多良間村,経営体
11,150,経営体数,14,流通業者・加工業者,52020,石垣市,経営体
-,150,経営体数,14,流通業者・加工業者,52040,竹富町,経営体
-,150,経営体数,14,流通業者・加工業者,52060,与那国町,経営体
6262,150,経営体数,15,小売業者,10010,全国,経営体
91,150,経営体数,15,小売業者,10020,北海道,経営体
46,150,経営体数,15,小売業者,10060,北海道太平洋北区,経営体
7,150,経営体数,15,小売業者,10070,根室支庁,経営体
3,150,経営体数,15,小売業者,10090,羅臼町,経営体
-,150,経営体数,15,小売業者,10110,標津町,経営体
-,150,経営体数,15,小売業者,10130,別海町,経営体
4,150,経営体数,15,小売業者,10160,根室市,経営体
29,150,経営体数,15,小売業者,10240,釧路支庁,経営体
10,150,経営体数,15,小売業者,10260,浜中町,経営体
13,150,経営体数,15,小売業者,10290,厚岸町,経営体
6,150,経営体数,15,小売業者,10310,釧路町,経営体
-,150,経営体数,15,小売業者,10330,釧路市,経営体
-,150,経営体数,15,小売業者,10370,白糠町,経営体
-,150,経営体数,15,小売業者,10430,十勝支庁,経営体
-,150,経営体数,15,小売業者,10450,浦幌町,経営体
-,150,経営体数,15,小売業者,10470,豊頃町,経営体
-,150,経営体数,15,小売業者,10490,大樹町,経営体
-,150,経営体数,15,小売業者,10510,広尾町,経営体
2,150,経営体数,15,小売業者,10690,日高支庁,経営体
-,150,経営体数,15,小売業者,10710,えりも町,経営体
-,150,経営体数,15,小売業者,10740,様似町,経営体
2,150,経営体数,15,小売業者,10770,浦河町,経営体
-,150,経営体数,15,小売業者,10800,新ひだか町,経営体
-,150,経営体数,15,小売業者,10830,新冠町,経営体
-,150,経営体数,15,小売業者,10850,日高町,経営体
4,150,経営体数,15,小売業者,10890,胆振支庁,経営体
-,150,経営体数,15,小売業者,10910,むかわ町,経営体
-,150,経営体数,15,小売業者,10930,厚真町,経営体
-,150,経営体数,15,小売業者,10950,苫小牧市,経営体
1,150,経営体数,15,小売業者,10970,白老町,経営体
-,150,経営体数,15,小売業者,11000,登別市,経営体
1,150,経営体数,15,小売業者,11020,室蘭市,経営体
2,150,経営体数,15,小売業者,11040,伊達市,経営体
-,150,経営体数,15,小売業者,11070,洞爺湖町,経営体
-,150,経営体数,15,小売業者,11090,豊浦町,経営体
4,150,経営体数,15,小売業者,11140,渡島支庁,経営体
-,150,経営体数,15,小売業者,11160,長万部町,経営体
-,150,経営体数,15,小売業者,11180,八雲町,経営体
2,150,経営体数,15,小売業者,11210,森町,経営体
-,150,経営体数,15,小売業者,11240,鹿部町,経営体
1,150,経営体数,15,小売業者,11260,函館市,経営体
1,150,経営体数,15,小売業者,11460,北斗市,経営体
-,150,経営体数,15,小売業者,11510,木古内町,経営体
-,150,経営体数,15,小売業者,11530,知内町,経営体
-,150,経営体数,15,小売業者,11550,福島町,経営体
45,150,経営体数,15,小売業者,11630,北海道日本海北区,経営体
3,150,経営体数,15,小売業者,11640,宗谷支庁,経営体
-,150,経営体数,15,小売業者,11660,枝幸町,経営体
-,150,経営体数,15,小売業者,11680,浜頓別町,経営体
-,150,経営体数,15,小売業者,11700,猿払村,経営体
1,150,経営体数,15,小売業者,11720,稚内市,経営体
-,150,経営体数,15,小売業者,11750,豊富町,経営体
-,150,経営体数,15,小売業者,11770,利尻町,経営体
2,150,経営体数,15,小売業者,11800,利尻富士町,経営体
-,150,経営体数,15,小売業者,11830,礼文町,経営体
3,150,経営体数,15,小売業者,11880,網走支庁,経営体
-,150,経営体数,15,小売業者,11900,斜里町,経営体
-,150,経営体数,15,小売業者,11920,小清水町,経営体
1,150,経営体数,15,小売業者,11940,網走市,経営体
-,150,経営体数,15,小売業者,11960,北見市,経営体
-,150,経営体数,15,小売業者,11980,佐呂間町,経営体
1,150,経営体数,15,小売業者,12000,湧別町,経営体
-,150,経営体数,15,小売業者,12020,紋別市,経営体
-,150,経営体数,15,小売業者,12040,興部町,経営体
1,150,経営体数,15,小売業者,12060,雄武町,経営体
3,150,経営体数,15,小売業者,12190,留萌支庁,経営体
-,150,経営体数,15,小売業者,12210,幌延町,経営体
-,150,経営体数,15,小売業者,12230,天塩町,経営体
-,150,経営体数,15,小売業者,12250,遠別町,経営体
-,150,経営体数,15,小売業者,12270,初山別村,経営体
2,150,経営体数,15,小売業者,12290,羽幌町,経営体
-,150,経営体数,15,小売業者,12330,苫前町,経営体
-,150,経営体数,15,小売業者,12350,小平町,経営体
-,150,経営体数,15,小売業者,12370,留萌市,経営体
1,150,経営体数,15,小売業者,12390,増毛町,経営体
4,150,経営体数,15,小売業者,12410,石狩支庁,経営体
4,150,経営体数,15,小売業者,12430,石狩市,経営体
12,150,経営体数,15,小売業者,12550,後志支庁,経営体
1,150,経営体数,15,小売業者,12570,小樽市,経営体
-,150,経営体数,15,小売業者,12590,余市町,経営体
-,150,経営体数,15,小売業者,12610,古平町,経営体
1,150,経営体数,15,小売業者,12630,積丹町,経営体
5,150,経営体数,15,小売業者,12660,神恵内村,経営体
-,150,経営体数,15,小売業者,12680,泊村,経営体
-,150,経営体数,15,小売業者,12710,共和町,経営体
1,150,経営体数,15,小売業者,12730,岩内町,経営体
-,150,経営体数,15,小売業者,12750,蘭越町,経営体
3,150,経営体数,15,小売業者,12770,寿都町,経営体
1,150,経営体数,15,小売業者,12790,島牧村,経営体
4,150,経営体数,15,小売業者,12920,檜山支庁,経営体
2,150,経営体数,15,小売業者,12940,せたな町,経営体
2,150,経営体数,15,小売業者,12990,乙部町,経営体
-,150,経営体数,15,小売業者,13010,奥尻町,経営体
-,150,経営体数,15,小売業者,13030,江差町,経営体
-,150,経営体数,15,小売業者,13050,上ノ国町,経営体
16,150,経営体数,15,小売業者,13100,渡島支庁,経営体
8,150,経営体数,15,小売業者,13110,八雲町,経営体
8,150,経営体数,15,小売業者,13130,松前町,経営体
128,150,経営体数,15,小売業者,13700,青森県,経営体
34,150,経営体数,15,小売業者,13710,太平洋北区,経営体
-,150,経営体数,15,小売業者,13730,佐井村,経営体
13,150,経営体数,15,小売業者,13750,大間町,経営体
-,150,経営体数,15,小売業者,13780,風間浦村,経営体
4,150,経営体数,15,小売業者,13820,むつ市,経営体
8,150,経営体数,15,小売業者,13850,東通村,経営体
-,150,経営体数,15,小売業者,13930,六ヶ所村,経営体
-,150,経営体数,15,小売業者,13970,三沢市,経営体
-,150,経営体数,15,小売業者,13990,おいらせ町,経営体
7,150,経営体数,15,小売業者,14010,八戸市,経営体
2,150,経営体数,15,小売業者,14050,階上町,経営体
94,150,経営体数,15,小売業者,14070,日本海北区,経営体
5,150,経営体数,15,小売業者,14090,むつ市,経営体
-,150,経営体数,15,小売業者,14130,横浜町,経営体
-,150,経営体数,15,小売業者,14150,野辺地町,経営体
23,150,経営体数,15,小売業者,14170,平内町,経営体
20,150,経営体数,15,小売業者,14210,青森市,経営体
5,150,経営体数,15,小売業者,14260,蓬田村,経営体
21,150,経営体数,15,小売業者,14280,外ヶ浜町,経営体
1,150,経営体数,15,小売業者,14330,今別町,経営体
1,150,経営体数,15,小売業者,14360,中泊町,経営体
-,150,経営体数,15,小売業者,14390,五所川原市,経営体
-,150,経営体数,15,小売業者,14420,つがる市,経営体
-,150,経営体数,15,小売業者,14450,鰺ヶ沢町,経営体
18,150,経営体数,15,小売業者,14480,深浦町,経営体
91,150,経営体数,15,小売業者,14740,岩手県,経営体
5,150,経営体数,15,小売業者,14760,洋野町,経営体
1,150,経営体数,15,小売業者,14850,久慈市,経営体
1,150,経営体数,15,小売業者,14880,野田村,経営体
5,150,経営体数,15,小売業者,14900,普代村,経営体
4,150,経営体数,15,小売業者,14920,田野畑村,経営体
-,150,経営体数,15,小売業者,14950,岩泉町,経営体
13,150,経営体数,15,小売業者,14980,宮古市,経営体
22,150,経営体数,15,小売業者,15020,山田町,経営体
1,150,経営体数,15,小売業者,15090,大槌町,経営体
16,150,経営体数,15,小売業者,15120,釜石市,経営体
18,150,経営体数,15,小売業者,15190,大船渡市,経営体
5,150,経営体数,15,小売業者,15270,陸前高田市,経営体
200,150,経営体数,15,小売業者,15580,宮城県,経営体
68,150,経営体数,15,小売業者,15600,気仙沼市,経営体
-,150,経営体数,15,小売業者,15670,本吉町,経営体
26,150,経営体数,15,小売業者,15700,南三陸町,経営体
37,150,経営体数,15,小売業者,15740,石巻市,経営体
48,150,経営体数,15,小売業者,15970,女川町,経営体
4,150,経営体数,15,小売業者,16010,東松島市,経営体
7,150,経営体数,15,小売業者,16060,松島町,経営体
2,150,経営体数,15,小売業者,16080,利府町,経営体
2,150,経営体数,15,小売業者,16100,塩竈市,経営体
-,150,経営体数,15,小売業者,16140,多賀城市,経営体
5,150,経営体数,15,小売業者,16160,七ヶ浜町,経営体
1,150,経営体数,15,小売業者,16240,仙台市,経営体
-,150,経営体数,15,小売業者,16260,名取市,経営体
-,150,経営体数,15,小売業者,16280,岩沼市,経営体
-,150,経営体数,15,小売業者,16300,亘理町,経営体
-,150,経営体数,15,小売業者,16320,山元町,経営体
40,150,経営体数,15,小売業者,16550,秋田県,経営体
-,150,経営体数,15,小売業者,16570,八峰町,経営体
1,150,経営体数,15,小売業者,16610,能代市,経営体
-,150,経営体数,15,小売業者,16630,三種町,経営体
28,150,経営体数,15,小売業者,16650,男鹿市,経営体
-,150,経営体数,15,小売業者,16730,潟上市,経営体
6,150,経営体数,15,小売業者,16750,秋田市,経営体
4,150,経営体数,15,小売業者,16780,由利本荘市,経営体
1,150,経営体数,15,小売業者,16820,にかほ市,経営体
8,150,経営体数,15,小売業者,17040,山形県,経営体
3,150,経営体数,15,小売業者,17060,遊佐町,経営体
3,150,経営体数,15,小売業者,17080,酒田市,経営体
2,150,経営体数,15,小売業者,17110,鶴岡市,経営体
20,150,経営体数,15,小売業者,17500,福島県,経営体
-,150,経営体数,15,小売業者,17520,新地町,経営体
10,150,経営体数,15,小売業者,17540,相馬市,経営体
-,150,経営体数,15,小売業者,17580,南相馬市,経営体
-,150,経営体数,15,小売業者,17620,浪江町,経営体
-,150,経営体数,15,小売業者,17640,双葉町,経営体
x,150,経営体数,15,小売業者,17660,大熊町,経営体
-,150,経営体数,15,小売業者,17680,富岡町,経営体
x,150,経営体数,15,小売業者,17700,楢葉町,経営体
-,150,経営体数,15,小売業者,17720,広野町,経営体
9,150,経営体数,15,小売業者,17740,いわき市,経営体
10,150,経営体数,15,小売業者,18350,茨城県,経営体
-,150,経営体数,15,小売業者,18370,北茨城市,経営体
x,150,経営体数,15,小売業者,18400,高萩市,経営体
1,150,経営体数,15,小売業者,18420,日立市,経営体
-,150,経営体数,15,小売業者,18480,東海村,経営体
2,150,経営体数,15,小売業者,18500,ひたちなか市,経営体
-,150,経営体数,15,小売業者,18540,大洗町,経営体
x,150,経営体数,15,小売業者,18560,鉾田市,経営体
5,150,経営体数,15,小売業者,18600,鹿嶋市,経営体
2,150,経営体数,15,小売業者,18620,神栖市,経営体
201,150,経営体数,15,小売業者,20460,千葉県,経営体
11,150,経営体数,15,小売業者,20480,銚子市,経営体
5,150,経営体数,15,小売業者,20500,旭市,経営体
-,150,経営体数,15,小売業者,20530,匝瑳市,経営体
2,150,経営体数,15,小売業者,20560,横芝光町,経営体
7,150,経営体数,15,小売業者,20590,山武市,経営体
x,150,経営体数,15,小売業者,20620,九十九里町,経営体
-,150,経営体数,15,小売業者,20640,大網白里町,経営体
-,150,経営体数,15,小売業者,20660,白子町,経営体
x,150,経営体数,15,小売業者,20680,長生村,経営体
x,150,経営体数,15,小売業者,20700,一宮町,経営体
-,150,経営体数,15,小売業者,20720,いすみ市,経営体
-,150,経営体数,15,小売業者,20750,御宿町,経営体
-,150,経営体数,15,小売業者,20780,勝浦市,経営体
2,150,経営体数,15,小売業者,20870,鴨川市,経営体
7,150,経営体数,15,小売業者,20920,南房総市,経営体
25,150,経営体数,15,小売業者,20990,館山市,経営体
9,150,経営体数,15,小売業者,21050,鋸南町,経営体
43,150,経営体数,15,小売業者,21080,富津市,経営体
-,150,経営体数,15,小売業者,21130,君津市,経営体
70,150,経営体数,15,小売業者,21150,木更津市,経営体
x,150,経営体数,15,小売業者,21220,袖ヶ浦市,経営体
-,150,経営体数,15,小売業者,21240,市原市,経営体
-,150,経営体数,15,小売業者,21260,千葉市,経営体
-,150,経営体数,15,小売業者,21280,習志野市,経営体
2,150,経営体数,15,小売業者,21300,船橋市,経営体
16,150,経営体数,15,小売業者,21320,市川市,経営体
-,150,経営体数,15,小売業者,21350,浦安市,経営体
16,150,経営体数,15,小売業者,21670,東京都,経営体
8,150,経営体数,15,小売業者,21690,江戸川区,経営体
3,150,経営体数,15,小売業者,21710,葛飾区,経営体
-,150,経営体数,15,小売業者,21730,江東区,経営体
-,150,経営体数,15,小売業者,21750,墨田区,経営体
3,150,経営体数,15,小売業者,21770,中央区,経営体
-,150,経営体数,15,小売業者,21790,台東区,経営体
-,150,経営体数,15,小売業者,21810,港区,経営体
-,150,経営体数,15,小売業者,21830,品川区,経営体
-,150,経営体数,15,小売業者,21850,大田区,経営体
-,150,経営体数,15,小売業者,21870,千代田区,経営体
1,150,経営体数,15,小売業者,21890,大島町,経営体
-,150,経営体数,15,小売業者,21950,利島村,経営体
-,150,経営体数,15,小売業者,21970,新島村,経営体
1,150,経営体数,15,小売業者,22010,神津島村,経営体
-,150,経営体数,15,小売業者,22030,三宅村,経営体
-,150,経営体数,15,小売業者,22090,御蔵島村,経営体
-,150,経営体数,15,小売業者,22110,八丈町,経営体
-,150,経営体数,15,小売業者,22160,青ヶ島村,経営体
-,150,経営体数,15,小売業者,22180,小笠原村,経営体
196,150,経営体数,15,小売業者,22650,神奈川県,経営体
x,150,経営体数,15,小売業者,22670,川崎市,経営体
14,150,経営体数,15,小売業者,22690,横浜市,経営体
39,150,経営体数,15,小売業者,22750,横須賀市,経営体
90,150,経営体数,15,小売業者,22840,三浦市,経営体
17,150,経営体数,15,小売業者,22970,葉山町,経営体
2,150,経営体数,15,小売業者,22990,逗子市,経営体
10,150,経営体数,15,小売業者,23010,鎌倉市,経営体
3,150,経営体数,15,小売業者,23040,藤沢市,経営体
2,150,経営体数,15,小売業者,23070,茅ヶ崎市,経営体
4,150,経営体数,15,小売業者,23090,平塚市,経営体
2,150,経営体数,15,小売業者,23110,大磯町,経営体
x,150,経営体数,15,小売業者,23130,二宮町,経営体
2,150,経営体数,15,小売業者,23150,小田原市,経営体
11,150,経営体数,15,小売業者,23180,真鶴町,経営体
-,150,経営体数,15,小売業者,23210,湯河原町,経営体
93,150,経営体数,15,小売業者,23420,新潟県,経営体
-,150,経営体数,15,小売業者,23440,粟島浦村,経営体
3,150,経営体数,15,小売業者,23460,村上市,経営体
3,150,経営体数,15,小売業者,23510,胎内市,経営体
-,150,経営体数,15,小売業者,23530,新発田市,経営体
4,150,経営体数,15,小売業者,23550,聖籠町,経営体
3,150,経営体数,15,小売業者,23570,新潟市,経営体
-,150,経営体数,15,小売業者,23640,長岡市,経営体
-,150,経営体数,15,小売業者,23660,出雲崎町,経営体
2,150,経営体数,15,小売業者,23680,柏崎市,経営体
3,150,経営体数,15,小売業者,23710,上越市,経営体
12,150,経営体数,15,小売業者,23760,糸魚川市,経営体
63,150,経営体数,15,小売業者,23840,佐渡市,経営体
3,150,経営体数,15,小売業者,24320,富山県,経営体
-,150,経営体数,15,小売業者,24340,朝日町,経営体
-,150,経営体数,15,小売業者,24360,入善町,経営体
-,150,経営体数,15,小売業者,24400,黒部市,経営体
-,150,経営体数,15,小売業者,24430,魚津市,経営体
-,150,経営体数,15,小売業者,24460,滑川市,経営体
-,150,経営体数,15,小売業者,24480,富山市,経営体
2,150,経営体数,15,小売業者,24520,射水市,経営体
-,150,経営体数,15,小売業者,24550,高岡市,経営体
1,150,経営体数,15,小売業者,24570,氷見市,経営体
130,150,経営体数,15,小売業者,24700,石川県,経営体
49,150,経営体数,15,小売業者,24720,七尾市,経営体
43,150,経営体数,15,小売業者,24810,穴水町,経営体
-,150,経営体数,15,小売業者,24850,能登町,経営体
-,150,経営体数,15,小売業者,24900,珠洲市,経営体
20,150,経営体数,15,小売業者,24960,輪島市,経営体
15,150,経営体数,15,小売業者,24990,志賀町,経営体
-,150,経営体数,15,小売業者,25040,羽咋市,経営体
-,150,経営体数,15,小売業者,25070,宝達志水町,経営体
-,150,経営体数,15,小売業者,25100,かほく市,経営体
-,150,経営体数,15,小売業者,25140,内灘町,経営体
-,150,経営体数,15,小売業者,25160,金沢市,経営体
-,150,経営体数,15,小売業者,25180,白山市,経営体
-,150,経営体数,15,小売業者,25210,能美市,経営体
-,150,経営体数,15,小売業者,25230,小松市,経営体
3,150,経営体数,15,小売業者,25250,加賀市,経営体
75,150,経営体数,15,小売業者,25330,福井県,経営体
-,150,経営体数,15,小売業者,25350,あわら市,経営体
36,150,経営体数,15,小売業者,25370,坂井市,経営体
1,150,経営体数,15,小売業者,25390,福井市,経営体
15,150,経営体数,15,小売業者,25420,越前町,経営体
-,150,経営体数,15,小売業者,25440,南越前町,経営体
2,150,経営体数,15,小売業者,25460,敦賀市,経営体
-,150,経営体数,15,小売業者,25480,美浜町,経営体
12,150,経営体数,15,小売業者,25510,若狭町,経営体
2,150,経営体数,15,小売業者,25530,小浜市,経営体
4,150,経営体数,15,小売業者,25550,おおい町,経営体
3,150,経営体数,15,小売業者,25570,高浜町,経営体
146,150,経営体数,15,小売業者,27230,静岡県,経営体
2,150,経営体数,15,小売業者,27250,熱海市,経営体
4,150,経営体数,15,小売業者,27290,伊東市,経営体
-,150,経営体数,15,小売業者,27340,東伊豆町,経営体
7,150,経営体数,15,小売業者,27370,河津町,経営体
1,150,経営体数,15,小売業者,27390,下田市,経営体
15,150,経営体数,15,小売業者,27440,南伊豆町,経営体
2,150,経営体数,15,小売業者,27490,松崎町,経営体
42,150,経営体数,15,小売業者,27510,西伊豆町,経営体
15,150,経営体数,15,小売業者,27550,伊豆市,経営体
6,150,経営体数,15,小売業者,27570,沼津市,経営体
8,150,経営体数,15,小売業者,27630,富士市,経営体
16,150,経営体数,15,小売業者,27650,静岡市,経営体
-,150,経営体数,15,小売業者,27690,由比町,経営体
2,150,経営体数,15,小売業者,27710,焼津市,経営体
x,150,経営体数,15,小売業者,27730,大井川町,経営体
-,150,経営体数,15,小売業者,27750,吉田町,経営体
1,150,経営体数,15,小売業者,27770,牧之原市,経営体
2,150,経営体数,15,小売業者,27810,御前崎市,経営体
-,150,経営体数,15,小売業者,27840,掛川市,経営体
x,150,経営体数,15,小売業者,27870,袋井市,経営体
2,150,経営体数,15,小売業者,27890,磐田市,経営体
17,150,経営体数,15,小売業者,27930,浜松市,経営体
1,150,経営体数,15,小売業者,28000,湖西市,経営体
2,150,経営体数,15,小売業者,28020,新居町,経営体
205,150,経営体数,15,小売業者,28220,愛知県,経営体
77,150,経営体数,15,小売業者,28240,田原市,経営体
x,150,経営体数,15,小売業者,28370,豊橋市,経営体
-,150,経営体数,15,小売業者,28400,豊川市,経営体
-,150,経営体数,15,小売業者,28420,蒲郡市,経営体
5,150,経営体数,15,小売業者,28470,幡豆町,経営体
-,150,経営体数,15,小売業者,28500,吉良町,経営体
3,150,経営体数,15,小売業者,28530,一色町,経営体
3,150,経営体数,15,小売業者,28590,西尾市,経営体
-,150,経営体数,15,小売業者,28610,碧南市,経営体
-,150,経営体数,15,小売業者,28630,高浜市,経営体
x,150,経営体数,15,小売業者,28650,刈谷市,経営体
-,150,経営体数,15,小売業者,28670,東浦町,経営体
-,150,経営体数,15,小売業者,28690,半田市,経営体
-,150,経営体数,15,小売業者,28710,武豊町,経営体
7,150,経営体数,15,小売業者,28730,美浜町,経営体
103,150,経営体数,15,小売業者,28760,南知多町,経営体
6,150,経営体数,15,小売業者,28850,常滑市,経営体
-,150,経営体数,15,小売業者,28900,知多市,経営体
-,150,経営体数,15,小売業者,28920,東海市,経営体
-,150,経営体数,15,小売業者,28940,名古屋市,経営体
-,150,経営体数,15,小売業者,28970,飛島村,経営体
-,150,経営体数,15,小売業者,28990,弥富市,経営体
204,150,経営体数,15,小売業者,29410,三重県,経営体
-,150,経営体数,15,小売業者,29430,木曽岬町,経営体
-,150,経営体数,15,小売業者,29450,桑名市,経営体
10,150,経営体数,15,小売業者,29500,川越町,経営体
-,150,経営体数,15,小売業者,29520,四日市市,経営体
-,150,経営体数,15,小売業者,29580,鈴鹿市,経営体
4,150,経営体数,15,小売業者,29630,津市,経営体
4,150,経営体数,15,小売業者,29700,松阪市,経営体
1,150,経営体数,15,小売業者,29780,明和町,経営体
5,150,経営体数,15,小売業者,29810,伊勢市,経営体
54,150,経営体数,15,小売業者,29930,鳥羽市,経営体
28,150,経営体数,15,小売業者,30100,志摩市,経営体
62,150,経営体数,15,小売業者,30380,南伊勢町,経営体
2,150,経営体数,15,小売業者,30560,大紀町,経営体
14,150,経営体数,15,小売業者,30580,紀北町,経営体
15,150,経営体数,15,小売業者,30680,尾鷲市,経営体
4,150,経営体数,15,小売業者,30790,熊野市,経営体
-,150,経営体数,15,小売業者,30860,御浜町,経営体
1,150,経営体数,15,小売業者,30880,紀宝町,経営体
24,150,経営体数,15,小売業者,31310,京都府,経営体
2,150,経営体数,15,小売業者,31330,舞鶴市,経営体
7,150,経営体数,15,小売業者,31410,宮津市,経営体
-,150,経営体数,15,小売業者,31470,与謝野町,経営体
-,150,経営体数,15,小売業者,31490,伊根町,経営体
15,150,経営体数,15,小売業者,31560,京丹後市,経営体
104,150,経営体数,15,小売業者,31890,大阪府,経営体
21,150,経営体数,15,小売業者,31910,大阪市,経営体
4,150,経営体数,15,小売業者,31980,堺市,経営体
-,150,経営体数,15,小売業者,32010,高石市,経営体
3,150,経営体数,15,小売業者,32030,泉大津市,経営体
x,150,経営体数,15,小売業者,32050,忠岡町,経営体
13,150,経営体数,15,小売業者,32070,岸和田市,経営体
x,150,経営体数,15,小売業者,32100,貝塚市,経営体
5,150,経営体数,15,小売業者,32120,泉佐野市,経営体
16,150,経営体数,15,小売業者,32140,田尻町,経営体
20,150,経営体数,15,小売業者,32160,泉南市,経営体
6,150,経営体数,15,小売業者,32190,阪南市,経営体
14,150,経営体数,15,小売業者,32230,岬町,経営体
96,150,経営体数,15,小売業者,32600,兵庫県,経営体
1,150,経営体数,15,小売業者,32610,日本海西区,経営体
-,150,経営体数,15,小売業者,32630,豊岡市,経営体
-,150,経営体数,15,小売業者,32660,香美町,経営体
1,150,経営体数,15,小売業者,32690,新温泉町,経営体
95,150,経営体数,15,小売業者,32730,瀬戸内海区,経営体
-,150,経営体数,15,小売業者,32750,尼崎市,経営体
-,150,経営体数,15,小売業者,32770,西宮市,経営体
x,150,経営体数,15,小売業者,32790,芦屋市,経営体
-,150,経営体数,15,小売業者,32810,神戸市,経営体
19,150,経営体数,15,小売業者,32910,明石市,経営体
x,150,経営体数,15,小売業者,32990,播磨町,経営体
3,150,経営体数,15,小売業者,33010,加古川市,経営体
3,150,経営体数,15,小売業者,33040,高砂市,経営体
7,150,経営体数,15,小売業者,33090,姫路市,経営体
2,150,経営体数,15,小売業者,33220,たつの市,経営体
6,150,経営体数,15,小売業者,33260,相生市,経営体
4,150,経営体数,15,小売業者,33280,赤穂市,経営体
7,150,経営体数,15,小売業者,33320,淡路市,経営体
39,150,経営体数,15,小売業者,33490,洲本市,経営体
5,150,経営体数,15,小売業者,33550,南あわじ市,経営体
171,150,経営体数,15,小売業者,34290,和歌山県,経営体
31,150,経営体数,15,小売業者,34300,太平洋南区,経営体
1,150,経営体数,15,小売業者,34320,美浜町,経営体
11,150,経営体数,15,小売業者,34350,御坊市,経営体
-,150,経営体数,15,小売業者,34370,印南町,経営体
-,150,経営体数,15,小売業者,34390,みなべ町,経営体
6,150,経営体数,15,小売業者,34410,田辺市,経営体
3,150,経営体数,15,小売業者,34450,白浜町,経営体
-,150,経営体数,15,小売業者,34490,すさみ町,経営体
3,150,経営体数,15,小売業者,34510,串本町,経営体
3,150,経営体数,15,小売業者,34600,那智勝浦町,経営体
3,150,経営体数,15,小売業者,34650,太地町,経営体
1,150,経営体数,15,小売業者,34670,新宮市,経営体
140,150,経営体数,15,小売業者,34700,瀬戸内海区,経営体
19,150,経営体数,15,小売業者,34720,和歌山市,経営体
16,150,経営体数,15,小売業者,34810,海南市,経営体
19,150,経営体数,15,小売業者,34870,有田市,経営体
3,150,経営体数,15,小売業者,34920,湯浅町,経営体
14,150,経営体数,15,小売業者,34960,広川町,経営体
66,150,経営体数,15,小売業者,34980,由良町,経営体
3,150,経営体数,15,小売業者,35040,日高町,経営体
34,150,経営体数,15,小売業者,35190,鳥取県,経営体
-,150,経営体数,15,小売業者,35210,岩美町,経営体
-,150,経営体数,15,小売業者,35260,鳥取市,経営体
8,150,経営体数,15,小売業者,35330,湯梨浜町,経営体
-,150,経営体数,15,小売業者,35360,北栄町,経営体
-,150,経営体数,15,小売業者,35390,琴浦町,経営体
22,150,経営体数,15,小売業者,35420,大山町,経営体
4,150,経営体数,15,小売業者,35460,米子市,経営体
-,150,経営体数,15,小売業者,35490,日吉津村,経営体
-,150,経営体数,15,小売業者,35510,境港市,経営体
79,150,経営体数,15,小売業者,35650,島根県,経営体
1,150,経営体数,15,小売業者,35670,安来市,経営体
-,150,経営体数,15,小売業者,35700,東出雲町,経営体
42,150,経営体数,15,小売業者,35720,松江市,経営体
3,150,経営体数,15,小売業者,35870,出雲市,経営体
-,150,経営体数,15,小売業者,35960,大田市,経営体
-,150,経営体数,15,小売業者,36070,江津市,経営体
4,150,経営体数,15,小売業者,36100,浜田市,経営体
-,150,経営体数,15,小売業者,36170,益田市,経営体
15,150,経営体数,15,小売業者,36200,隠岐の島町,経営体
14,150,経営体数,15,小売業者,36290,海士町,経営体
-,150,経営体数,15,小売業者,36340,西ノ島町,経営体
-,150,経営体数,15,小売業者,36370,知夫村,経営体
108,150,経営体数,15,小売業者,36490,岡山県,経営体
-,150,経営体数,15,小売業者,36510,備前市,経営体
6,150,経営体数,15,小売業者,36560,瀬戸内市,経営体
17,150,経営体数,15,小売業者,36590,岡山市,経営体
11,150,経営体数,15,小売業者,36650,玉野市,経営体
10,150,経営体数,15,小売業者,36690,倉敷市,経営体
25,150,経営体数,15,小売業者,36770,浅口市,経営体
39,150,経営体数,15,小売業者,36790,笠岡市,経営体
334,150,経営体数,15,小売業者,37070,広島県,経営体
19,150,経営体数,15,小売業者,37090,福山市,経営体
31,150,経営体数,15,小売業者,37190,尾道市,経営体
8,150,経営体数,15,小売業者,37290,三原市,経営体
2,150,経営体数,15,小売業者,37330,竹原市,経営体
29,150,経営体数,15,小売業者,37370,東広島市,経営体
32,150,経営体数,15,小売業者,37400,大崎上島町,経営体
79,150,経営体数,15,小売業者,37440,呉市,経営体
43,150,経営体数,15,小売業者,37600,江田島市,経営体
2,150,経営体数,15,小売業者,37720,坂町,経営体
4,150,経営体数,15,小売業者,37740,海田町,経営体
42,150,経営体数,15,小売業者,37760,広島市,経営体
39,150,経営体数,15,小売業者,37830,廿日市市,経営体
4,150,経営体数,15,小売業者,37870,大竹市,経営体
217,150,経営体数,15,小売業者,38010,山口県,経営体
149,150,経営体数,15,小売業者,38020,東シナ海区,経営体
7,150,経営体数,15,小売業者,38040,萩市,経営体
1,150,経営体数,15,小売業者,38200,阿武町,経営体
22,150,経営体数,15,小売業者,38240,長門市,経営体
119,150,経営体数,15,小売業者,38400,下関市,経営体
68,150,経営体数,15,小売業者,38630,瀬戸内海区,経営体
11,150,経営体数,15,小売業者,38650,周防大島町,経営体
-,150,経営体数,15,小売業者,38730,和木町,経営体
13,150,経営体数,15,小売業者,38750,岩国市,経営体
3,150,経営体数,15,小売業者,38820,柳井市,経営体
8,150,経営体数,15,小売業者,38890,上関町,経営体
-,150,経営体数,15,小売業者,38940,平生町,経営体
2,150,経営体数,15,小売業者,38960,田布施町,経営体
-,150,経営体数,15,小売業者,38990,光市,経営体
-,150,経営体数,15,小売業者,39020,下松市,経営体
1,150,経営体数,15,小売業者,39040,周南市,経営体
5,150,経営体数,15,小売業者,39120,防府市,経営体
2,150,経営体数,15,小売業者,39230,山口市,経営体
5,150,経営体数,15,小売業者,39310,宇部市,経営体
13,150,経営体数,15,小売業者,39380,山陽小野田市,経営体
5,150,経営体数,15,小売業者,39430,下関市,経営体
107,150,経営体数,15,小売業者,39530,徳島県,経営体
2,150,経営体数,15,小売業者,39540,太平洋南区,経営体
1,150,経営体数,15,小売業者,39560,美波町,経営体
-,150,経営体数,15,小売業者,39640,牟岐町,経営体
1,150,経営体数,15,小売業者,39660,海陽町,経営体
105,150,経営体数,15,小売業者,39700,瀬戸内海区,経営体
64,150,経営体数,15,小売業者,39720,鳴門市,経営体
15,150,経営体数,15,小売業者,39800,松茂町,経営体
2,150,経営体数,15,小売業者,39820,徳島市,経営体
6,150,経営体数,15,小売業者,39860,小松島市,経営体
18,150,経営体数,15,小売業者,39890,阿南市,経営体
81,150,経営体数,15,小売業者,40150,香川県,経営体
15,150,経営体数,15,小売業者,40170,東かがわ市,経営体
7,150,経営体数,15,小売業者,40210,さぬき市,経営体
6,150,経営体数,15,小売業者,40270,小豆島町,経営体
1,150,経営体数,15,小売業者,40300,土庄町,経営体
25,150,経営体数,15,小売業者,40380,高松市,経営体
1,150,経営体数,15,小売業者,40480,直島町,経営体
3,150,経営体数,15,小売業者,40500,坂出市,経営体
-,150,経営体数,15,小売業者,40550,宇多津町,経営体
2,150,経営体数,15,小売業者,40570,丸亀市,経営体
13,150,経営体数,15,小売業者,40620,多度津町,経営体
7,150,経営体数,15,小売業者,40670,三豊市,経営体
1,150,経営体数,15,小売業者,40760,観音寺市,経営体
463,150,経営体数,15,小売業者,40880,愛媛県,経営体
80,150,経営体数,15,小売業者,40890,太平洋南区,経営体
5,150,経営体数,15,小売業者,40910,八幡浜市,経営体
10,150,経営体数,15,小売業者,40940,西予市,経営体
46,150,経営体数,15,小売業者,40970,宇和島市,経営体
19,150,経営体数,15,小売業者,41090,愛南町,経営体
383,150,経営体数,15,小売業者,41180,瀬戸内海区,経営体
2,150,経営体数,15,小売業者,41200,四国中央市,経営体
-,150,経営体数,15,小売業者,41250,新居浜市,経営体
6,150,経営体数,15,小売業者,41310,西条市,経営体
11,150,経営体数,15,小売業者,41390,上島町,経営体
112,150,経営体数,15,小売業者,41440,今治市,経営体
237,150,経営体数,15,小売業者,41600,松山市,経営体
-,150,経営体数,15,小売業者,41780,松前町,経営体
1,150,経営体数,15,小売業者,41800,伊予市,経営体
-,150,経営体数,15,小売業者,41840,大洲市,経営体
6,150,経営体数,15,小売業者,41870,八幡浜市,経営体
8,150,経営体数,15,小売業者,41900,伊方町,経営体
139,150,経営体数,15,小売業者,42060,高知県,経営体
3,150,経営体数,15,小売業者,42080,東洋町,経営体
4,150,経営体数,15,小売業者,42110,室戸市,経営体
-,150,経営体数,15,小売業者,42200,奈半利町,経営体
-,150,経営体数,15,小売業者,42230,田野町,経営体
-,150,経営体数,15,小売業者,42250,安田町,経営体
-,150,経営体数,15,小売業者,42270,安芸市,経営体
-,150,経営体数,15,小売業者,42330,芸西村,経営体
25,150,経営体数,15,小売業者,42350,香南市,経営体
-,150,経営体数,15,小売業者,42400,南国市,経営体
2,150,経営体数,15,小売業者,42450,高知市,経営体
15,150,経営体数,15,小売業者,42500,土佐市,経営体
17,150,経営体数,15,小売業者,42540,須崎市,経営体
14,150,経営体数,15,小売業者,42610,中土佐町,経営体
-,150,経営体数,15,小売業者,42650,四万十町,経営体
17,150,経営体数,15,小売業者,42680,黒潮町,経営体
6,150,経営体数,15,小売業者,42740,四万十市,経営体
1,150,経営体数,15,小売業者,42760,土佐清水市,経営体
20,150,経営体数,15,小売業者,42850,大月町,経営体
15,150,経営体数,15,小売業者,42980,宿毛市,経営体
257,150,経営体数,15,小売業者,43240,福岡県,経営体
191,150,経営体数,15,小売業者,43250,東シナ海区,経営体
46,150,経営体数,15,小売業者,43270,北九州市,経営体
38,150,経営体数,15,小売業者,43410,芦屋町,経営体
-,150,経営体数,15,小売業者,43440,岡垣町,経営体
4,150,経営体数,15,小売業者,43460,宗像市,経営体
-,150,経営体数,15,小売業者,43510,福津市,経営体
-,150,経営体数,15,小売業者,43540,古賀市,経営体
29,150,経営体数,15,小売業者,43560,新宮町,経営体
5,150,経営体数,15,小売業者,43590,福岡市,経営体
3,150,経営体数,15,小売業者,43770,志摩町,経営体
-,150,経営体数,15,小売業者,43830,前原市,経営体
5,150,経営体数,15,小売業者,43850,二丈町,経営体
-,150,経営体数,15,小売業者,43880,久留米市,経営体
-,150,経営体数,15,小売業者,43920,大川市,経営体
59,150,経営体数,15,小売業者,43980,柳川市,経営体
-,150,経営体数,15,小売業者,44080,みやま市,経営体
2,150,経営体数,15,小売業者,44110,大牟田市,経営体
66,150,経営体数,15,小売業者,44140,瀬戸内海区,経営体
46,150,経営体数,15,小売業者,44160,北九州市,経営体
-,150,経営体数,15,小売業者,44230,苅田町,経営体
1,150,経営体数,15,小売業者,44250,行橋市,経営体
10,150,経営体数,15,小売業者,44300,築上町,経営体
5,150,経営体数,15,小売業者,44330,豊前市,経営体
4,150,経営体数,15,小売業者,44370,吉富町,経営体
237,150,経営体数,15,小売業者,44850,佐賀県,経営体
152,150,経営体数,15,小売業者,44870,唐津市,経営体
9,150,経営体数,15,小売業者,45120,玄海町,経営体
6,150,経営体数,15,小売業者,45150,伊万里市,経営体
x,150,経営体数,15,小売業者,45170,神埼市,経営体
7,150,経営体数,15,小売業者,45190,佐賀市,経営体
1,150,経営体数,15,小売業者,45280,小城市,経営体
-,150,経営体数,15,小売業者,45300,江北町,経営体
1,150,経営体数,15,小売業者,45320,白石町,経営体
x,150,経営体数,15,小売業者,45360,嬉野市,経営体
30,150,経営体数,15,小売業者,45380,鹿島市,経営体
31,150,経営体数,15,小売業者,45430,太良町,経営体
741,150,経営体数,15,小売業者,45570,長崎県,経営体
144,150,経営体数,15,小売業者,45590,対馬市,経営体
16,150,経営体数,15,小売業者,45890,壱岐市,経営体
14,150,経営体数,15,小売業者,45950,松浦市,経営体
72,150,経営体数,15,小売業者,46000,平戸市,経営体
4,150,経営体数,15,小売業者,46140,鹿町町,経営体
120,150,経営体数,15,小売業者,46160,佐世保市,経営体
1,150,経営体数,15,小売業者,46240,小値賀町,経営体
5,150,経営体数,15,小売業者,46260,川棚町,経営体
2,150,経営体数,15,小売業者,46280,東彼杵町,経営体
-,150,経営体数,15,小売業者,46300,大村市,経営体
6,150,経営体数,15,小売業者,46340,諫早市,経営体
1,150,経営体数,15,小売業者,46450,長与町,経営体
-,150,経営体数,15,小売業者,46470,時津町,経営体
57,150,経営体数,15,小売業者,46490,長崎市,経営体
95,150,経営体数,15,小売業者,46680,西海市,経営体
84,150,経営体数,15,小売業者,46750,雲仙市,経営体
19,150,経営体数,15,小売業者,46850,南島原市,経営体
15,150,経営体数,15,小売業者,46930,島原市,経営体
36,150,経営体数,15,小売業者,46970,新上五島町,経営体
50,150,経営体数,15,小売業者,47140,五島市,経営体
367,150,経営体数,15,小売業者,47350,熊本県,経営体
5,150,経営体数,15,小売業者,47370,荒尾市,経営体
-,150,経営体数,15,小売業者,47400,長洲町,経営体
5,150,経営体数,15,小売業者,47420,玉名市,経営体
6,150,経営体数,15,小売業者,47490,熊本市,経営体
14,150,経営体数,15,小売業者,47590,宇土市,経営体
42,150,経営体数,15,小売業者,47630,宇城市,経営体
1,150,経営体数,15,小売業者,47720,氷川町,経営体
41,150,経営体数,15,小売業者,47740,八代市,経営体
2,150,経営体数,15,小売業者,47820,芦北町,経営体
1,150,経営体数,15,小売業者,47850,津奈木町,経営体
5,150,経営体数,15,小売業者,47870,水俣市,経営体
76,150,経営体数,15,小売業者,47890,上天草市,経営体
157,150,経営体数,15,小売業者,48010,天草市,経営体
12,150,経営体数,15,小売業者,48250,苓北町,経営体
305,150,経営体数,15,小売業者,48650,大分県,経営体
119,150,経営体数,15,小売業者,48660,太平洋南区,経営体
5,150,経営体数,15,小売業者,48680,大分市,経営体
6,150,経営体数,15,小売業者,48700,臼杵市,経営体
50,150,経営体数,15,小売業者,48720,津久見市,経営体
58,150,経営体数,15,小売業者,48750,佐伯市,経営体
186,150,経営体数,15,小売業者,48860,瀬戸内海区,経営体
12,150,経営体数,15,小売業者,48880,中津市,経営体
46,150,経営体数,15,小売業者,48900,宇佐市,経営体
6,150,経営体数,15,小売業者,48950,豊後高田市,経営体
92,150,経営体数,15,小売業者,48990,国東市,経営体
1,150,経営体数,15,小売業者,49050,姫島村,経営体
26,150,経営体数,15,小売業者,49070,杵築市,経営体
2,150,経営体数,15,小売業者,49090,日出町,経営体
-,150,経営体数,15,小売業者,49120,別府市,経営体
1,150,経営体数,15,小売業者,49140,大分市,経営体
60,150,経営体数,15,小売業者,49240,宮崎県,経営体
34,150,経営体数,15,小売業者,49260,延岡市,経営体
-,150,経営体数,15,小売業者,49320,門川町,経営体
-,150,経営体数,15,小売業者,49350,日向市,経営体
-,150,経営体数,15,小売業者,49380,都農町,経営体
2,150,経営体数,15,小売業者,49400,川南町,経営体
2,150,経営体数,15,小売業者,49420,高鍋町,経営体
15,150,経営体数,15,小売業者,49440,新富町,経営体
3,150,経営体数,15,小売業者,49460,宮崎市,経営体
1,150,経営体数,15,小売業者,49510,日南市,経営体
-,150,経営体数,15,小売業者,49550,南郷町,経営体
3,150,経営体数,15,小売業者,49590,串間市,経営体
159,150,経営体数,15,小売業者,49840,鹿児島県,経営体
-,150,経営体数,15,小売業者,49860,出水市,経営体
22,150,経営体数,15,小売業者,49890,長島町,経営体
3,150,経営体数,15,小売業者,49920,阿久根市,経営体
7,150,経営体数,15,小売業者,49960,薩摩川内市,経営体
1,150,経営体数,15,小売業者,50040,いちき串木野市,経営体
-,150,経営体数,15,小売業者,50090,日置市,経営体
10,150,経営体数,15,小売業者,50140,南さつま市,経営体
-,150,経営体数,15,小売業者,50230,枕崎市,経営体
1,150,経営体数,15,小売業者,50250,南九州市,経営体
1,150,経営体数,15,小売業者,50280,指宿市,経営体
6,150,経営体数,15,小売業者,50330,鹿児島市,経営体
2,150,経営体数,15,小売業者,50390,姶良町,経営体
1,150,経営体数,15,小売業者,50410,加治木町,経営体
6,150,経営体数,15,小売業者,50430,霧島市,経営体
3,150,経営体数,15,小売業者,50470,垂水市,経営体
1,150,経営体数,15,小売業者,50500,鹿屋市,経営体
-,150,経営体数,15,小売業者,50520,錦江町,経営体
6,150,経営体数,15,小売業者,50540,南大隅町,経営体
1,150,経営体数,15,小売業者,50580,肝付町,経営体
-,150,経営体数,15,小売業者,50630,東串良町,経営体
1,150,経営体数,15,小売業者,50650,大崎町,経営体
1,150,経営体数,15,小売業者,50670,志布志市,経営体
-,150,経営体数,15,小売業者,50700,三島村,経営体
1,150,経営体数,15,小売業者,50720,十島村,経営体
4,150,経営体数,15,小売業者,50740,西之表市,経営体
-,150,経営体数,15,小売業者,50760,中種子町,経営体
1,150,経営体数,15,小売業者,50780,南種子町,経営体
2,150,経営体数,15,小売業者,50800,屋久島町,経営体
5,150,経営体数,15,小売業者,50830,奄美市,経営体
3,150,経営体数,15,小売業者,50870,龍郷町,経営体
26,150,経営体数,15,小売業者,50890,大和村,経営体
-,150,経営体数,15,小売業者,50910,宇検村,経営体
4,150,経営体数,15,小売業者,50930,瀬戸内町,経営体
4,150,経営体数,15,小売業者,50950,喜界町,経営体
14,150,経営体数,15,小売業者,50970,徳之島町,経営体
3,150,経営体数,15,小売業者,50990,天城町,経営体
8,150,経営体数,15,小売業者,51010,伊仙町,経営体
2,150,経営体数,15,小売業者,51030,和泊町,経営体
-,150,経営体数,15,小売業者,51050,知名町,経営体
9,150,経営体数,15,小売業者,51070,与論町,経営体
322,150,経営体数,15,小売業者,51170,沖縄県,経営体
-,150,経営体数,15,小売業者,51190,国頭村,経営体
4,150,経営体数,15,小売業者,51210,大宜味村,経営体
1,150,経営体数,15,小売業者,51230,東村,経営体
22,150,経営体数,15,小売業者,51250,名護市,経営体
4,150,経営体数,15,小売業者,51270,今帰仁村,経営体
12,150,経営体数,15,小売業者,51290,本部町,経営体
1,150,経営体数,15,小売業者,51310,恩納村,経営体
2,150,経営体数,15,小売業者,51330,宜野座村,経営体
3,150,経営体数,15,小売業者,51350,金武町,経営体
3,150,経営体数,15,小売業者,51370,伊江村,経営体
27,150,経営体数,15,小売業者,51390,伊是名村,経営体
6,150,経営体数,15,小売業者,51410,伊平屋村,経営体
8,150,経営体数,15,小売業者,51430,うるま市,経営体
6,150,経営体数,15,小売業者,51480,沖縄市,経営体
-,150,経営体数,15,小売業者,51500,読谷村,経営体
-,150,経営体数,15,小売業者,51520,嘉手納町,経営体
4,150,経営体数,15,小売業者,51540,北谷町,経営体
2,150,経営体数,15,小売業者,51560,北中城村,経営体
-,150,経営体数,15,小売業者,51580,中城村,経営体
-,150,経営体数,15,小売業者,51600,西原町,経営体
1,150,経営体数,15,小売業者,51620,宜野湾市,経営体
2,150,経営体数,15,小売業者,51640,浦添市,経営体
7,150,経営体数,15,小売業者,51660,那覇市,経営体
8,150,経営体数,15,小売業者,51680,豊見城市,経営体
9,150,経営体数,15,小売業者,51700,糸満市,経営体
-,150,経営体数,15,小売業者,51720,八重瀬町,経営体
13,150,経営体数,15,小売業者,51740,南城市,経営体
-,150,経営体数,15,小売業者,51780,与那原町,経営体
14,150,経営体数,15,小売業者,51800,久米島町,経営体
1,150,経営体数,15,小売業者,51820,座間味村,経営体
-,150,経営体数,15,小売業者,51840,渡嘉敷村,経営体
12,150,経営体数,15,小売業者,51860,渡名喜村,経営体
1,150,経営体数,15,小売業者,51880,粟国村,経営体
21,150,経営体数,15,小売業者,51900,南大東村,経営体
-,150,経営体数,15,小売業者,51920,北大東村,経営体
83,150,経営体数,15,小売業者,51940,宮古島市,経営体
-,150,経営体数,15,小売業者,52000,多良間村,経営体
41,150,経営体数,15,小売業者,52020,石垣市,経営体
3,150,経営体数,15,小売業者,52040,竹富町,経営体
1,150,経営体数,15,小売業者,52060,与那国町,経営体
112,150,経営体数,16,生協,10010,全国,経営体
2,150,経営体数,16,生協,10020,北海道,経営体
-,150,経営体数,16,生協,10060,北海道太平洋北区,経営体
-,150,経営体数,16,生協,10070,根室支庁,経営体
-,150,経営体数,16,生協,10090,羅臼町,経営体
-,150,経営体数,16,生協,10110,標津町,経営体
-,150,経営体数,16,生協,10130,別海町,経営体
-,150,経営体数,16,生協,10160,根室市,経営体
-,150,経営体数,16,生協,10240,釧路支庁,経営体
-,150,経営体数,16,生協,10260,浜中町,経営体
-,150,経営体数,16,生協,10290,厚岸町,経営体
-,150,経営体数,16,生協,10310,釧路町,経営体
-,150,経営体数,16,生協,10330,釧路市,経営体
-,150,経営体数,16,生協,10370,白糠町,経営体
-,150,経営体数,16,生協,10430,十勝支庁,経営体
-,150,経営体数,16,生協,10450,浦幌町,経営体
-,150,経営体数,16,生協,10470,豊頃町,経営体
-,150,経営体数,16,生協,10490,大樹町,経営体
-,150,経営体数,16,生協,10510,広尾町,経営体
-,150,経営体数,16,生協,10690,日高支庁,経営体
-,150,経営体数,16,生協,10710,えりも町,経営体
-,150,経営体数,16,生協,10740,様似町,経営体
-,150,経営体数,16,生協,10770,浦河町,経営体
-,150,経営体数,16,生協,10800,新ひだか町,経営体
-,150,経営体数,16,生協,10830,新冠町,経営体
-,150,経営体数,16,生協,10850,日高町,経営体
-,150,経営体数,16,生協,10890,胆振支庁,経営体
-,150,経営体数,16,生協,10910,むかわ町,経営体
-,150,経営体数,16,生協,10930,厚真町,経営体
-,150,経営体数,16,生協,10950,苫小牧市,経営体
-,150,経営体数,16,生協,10970,白老町,経営体
-,150,経営体数,16,生協,11000,登別市,経営体
-,150,経営体数,16,生協,11020,室蘭市,経営体
-,150,経営体数,16,生協,11040,伊達市,経営体
-,150,経営体数,16,生協,11070,洞爺湖町,経営体
-,150,経営体数,16,生協,11090,豊浦町,経営体
-,150,経営体数,16,生協,11140,渡島支庁,経営体
-,150,経営体数,16,生協,11160,長万部町,経営体
-,150,経営体数,16,生協,11180,八雲町,経営体
-,150,経営体数,16,生協,11210,森町,経営体
-,150,経営体数,16,生協,11240,鹿部町,経営体
-,150,経営体数,16,生協,11260,函館市,経営体
-,150,経営体数,16,生協,11460,北斗市,経営体
-,150,経営体数,16,生協,11510,木古内町,経営体
-,150,経営体数,16,生協,11530,知内町,経営体
-,150,経営体数,16,生協,11550,福島町,経営体
2,150,経営体数,16,生協,11630,北海道日本海北区,経営体
-,150,経営体数,16,生協,11640,宗谷支庁,経営体
-,150,経営体数,16,生協,11660,枝幸町,経営体
-,150,経営体数,16,生協,11680,浜頓別町,経営体
-,150,経営体数,16,生協,11700,猿払村,経営体
-,150,経営体数,16,生協,11720,稚内市,経営体
-,150,経営体数,16,生協,11750,豊富町,経営体
-,150,経営体数,16,生協,11770,利尻町,経営体
-,150,経営体数,16,生協,11800,利尻富士町,経営体
-,150,経営体数,16,生協,11830,礼文町,経営体
1,150,経営体数,16,生協,11880,網走支庁,経営体
-,150,経営体数,16,生協,11900,斜里町,経営体
-,150,経営体数,16,生協,11920,小清水町,経営体
-,150,経営体数,16,生協,11940,網走市,経営体
-,150,経営体数,16,生協,11960,北見市,経営体
-,150,経営体数,16,生協,11980,佐呂間町,経営体
1,150,経営体数,16,生協,12000,湧別町,経営体
-,150,経営体数,16,生協,12020,紋別市,経営体
-,150,経営体数,16,生協,12040,興部町,経営体
-,150,経営体数,16,生協,12060,雄武町,経営体
1,150,経営体数,16,生協,12190,留萌支庁,経営体
-,150,経営体数,16,生協,12210,幌延町,経営体
-,150,経営体数,16,生協,12230,天塩町,経営体
-,150,経営体数,16,生協,12250,遠別町,経営体
-,150,経営体数,16,生協,12270,初山別村,経営体
1,150,経営体数,16,生協,12290,羽幌町,経営体
-,150,経営体数,16,生協,12330,苫前町,経営体
-,150,経営体数,16,生協,12350,小平町,経営体
-,150,経営体数,16,生協,12370,留萌市,経営体
-,150,経営体数,16,生協,12390,増毛町,経営体
-,150,経営体数,16,生協,12410,石狩支庁,経営体
-,150,経営体数,16,生協,12430,石狩市,経営体
-,150,経営体数,16,生協,12550,後志支庁,経営体
-,150,経営体数,16,生協,12570,小樽市,経営体
-,150,経営体数,16,生協,12590,余市町,経営体
-,150,経営体数,16,生協,12610,古平町,経営体
-,150,経営体数,16,生協,12630,積丹町,経営体
-,150,経営体数,16,生協,12660,神恵内村,経営体
-,150,経営体数,16,生協,12680,泊村,経営体
-,150,経営体数,16,生協,12710,共和町,経営体
-,150,経営体数,16,生協,12730,岩内町,経営体
-,150,経営体数,16,生協,12750,蘭越町,経営体
-,150,経営体数,16,生協,12770,寿都町,経営体
-,150,経営体数,16,生協,12790,島牧村,経営体
-,150,経営体数,16,生協,12920,檜山支庁,経営体
-,150,経営体数,16,生協,12940,せたな町,経営体
-,150,経営体数,16,生協,12990,乙部町,経営体
-,150,経営体数,16,生協,13010,奥尻町,経営体
-,150,経営体数,16,生協,13030,江差町,経営体
-,150,経営体数,16,生協,13050,上ノ国町,経営体
-,150,経営体数,16,生協,13100,渡島支庁,経営体
-,150,経営体数,16,生協,13110,八雲町,経営体
-,150,経営体数,16,生協,13130,松前町,経営体
-,150,経営体数,16,生協,13700,青森県,経営体
-,150,経営体数,16,生協,13710,太平洋北区,経営体
-,150,経営体数,16,生協,13730,佐井村,経営体
-,150,経営体数,16,生協,13750,大間町,経営体
-,150,経営体数,16,生協,13780,風間浦村,経営体
-,150,経営体数,16,生協,13820,むつ市,経営体
-,150,経営体数,16,生協,13850,東通村,経営体
-,150,経営体数,16,生協,13930,六ヶ所村,経営体
-,150,経営体数,16,生協,13970,三沢市,経営体
-,150,経営体数,16,生協,13990,おいらせ町,経営体
-,150,経営体数,16,生協,14010,八戸市,経営体
-,150,経営体数,16,生協,14050,階上町,経営体
-,150,経営体数,16,生協,14070,日本海北区,経営体
-,150,経営体数,16,生協,14090,むつ市,経営体
-,150,経営体数,16,生協,14130,横浜町,経営体
-,150,経営体数,16,生協,14150,野辺地町,経営体
-,150,経営体数,16,生協,14170,平内町,経営体
-,150,経営体数,16,生協,14210,青森市,経営体
-,150,経営体数,16,生協,14260,蓬田村,経営体
-,150,経営体数,16,生協,14280,外ヶ浜町,経営体
-,150,経営体数,16,生協,14330,今別町,経営体
-,150,経営体数,16,生協,14360,中泊町,経営体
-,150,経営体数,16,生協,14390,五所川原市,経営体
-,150,経営体数,16,生協,14420,つがる市,経営体
-,150,経営体数,16,生協,14450,鰺ヶ沢町,経営体
-,150,経営体数,16,生協,14480,深浦町,経営体
1,150,経営体数,16,生協,14740,岩手県,経営体
-,150,経営体数,16,生協,14760,洋野町,経営体
-,150,経営体数,16,生協,14850,久慈市,経営体
-,150,経営体数,16,生協,14880,野田村,経営体
-,150,経営体数,16,生協,14900,普代村,経営体
-,150,経営体数,16,生協,14920,田野畑村,経営体
-,150,経営体数,16,生協,14950,岩泉町,経営体
1,150,経営体数,16,生協,14980,宮古市,経営体
-,150,経営体数,16,生協,15020,山田町,経営体
-,150,経営体数,16,生協,15090,大槌町,経営体
-,150,経営体数,16,生協,15120,釜石市,経営体
-,150,経営体数,16,生協,15190,大船渡市,経営体
-,150,経営体数,16,生協,15270,陸前高田市,経営体
3,150,経営体数,16,生協,15580,宮城県,経営体
1,150,経営体数,16,生協,15600,気仙沼市,経営体
-,150,経営体数,16,生協,15670,本吉町,経営体
1,150,経営体数,16,生協,15700,南三陸町,経営体
1,150,経営体数,16,生協,15740,石巻市,経営体
-,150,経営体数,16,生協,15970,女川町,経営体
-,150,経営体数,16,生協,16010,東松島市,経営体
-,150,経営体数,16,生協,16060,松島町,経営体
-,150,経営体数,16,生協,16080,利府町,経営体
-,150,経営体数,16,生協,16100,塩竈市,経営体
-,150,経営体数,16,生協,16140,多賀城市,経営体
-,150,経営体数,16,生協,16160,七ヶ浜町,経営体
-,150,経営体数,16,生協,16240,仙台市,経営体
-,150,経営体数,16,生協,16260,名取市,経営体
-,150,経営体数,16,生協,16280,岩沼市,経営体
-,150,経営体数,16,生協,16300,亘理町,経営体
-,150,経営体数,16,生協,16320,山元町,経営体
-,150,経営体数,16,生協,16550,秋田県,経営体
-,150,経営体数,16,生協,16570,八峰町,経営体
-,150,経営体数,16,生協,16610,能代市,経営体
-,150,経営体数,16,生協,16630,三種町,経営体
-,150,経営体数,16,生協,16650,男鹿市,経営体
-,150,経営体数,16,生協,16730,潟上市,経営体
-,150,経営体数,16,生協,16750,秋田市,経営体
-,150,経営体数,16,生協,16780,由利本荘市,経営体
-,150,経営体数,16,生協,16820,にかほ市,経営体
-,150,経営体数,16,生協,17040,山形県,経営体
-,150,経営体数,16,生協,17060,遊佐町,経営体
-,150,経営体数,16,生協,17080,酒田市,経営体
-,150,経営体数,16,生協,17110,鶴岡市,経営体
-,150,経営体数,16,生協,17500,福島県,経営体
-,150,経営体数,16,生協,17520,新地町,経営体
-,150,経営体数,16,生協,17540,相馬市,経営体
-,150,経営体数,16,生協,17580,南相馬市,経営体
-,150,経営体数,16,生協,17620,浪江町,経営体
-,150,経営体数,16,生協,17640,双葉町,経営体
x,150,経営体数,16,生協,17660,大熊町,経営体
-,150,経営体数,16,生協,17680,富岡町,経営体
x,150,経営体数,16,生協,17700,楢葉町,経営体
-,150,経営体数,16,生協,17720,広野町,経営体
-,150,経営体数,16,生協,17740,いわき市,経営体
-,150,経営体数,16,生協,18350,茨城県,経営体
-,150,経営体数,16,生協,18370,北茨城市,経営体
x,150,経営体数,16,生協,18400,高萩市,経営体
-,150,経営体数,16,生協,18420,日立市,経営体
-,150,経営体数,16,生協,18480,東海村,経営体
-,150,経営体数,16,生協,18500,ひたちなか市,経営体
-,150,経営体数,16,生協,18540,大洗町,経営体
x,150,経営体数,16,生協,18560,鉾田市,経営体
-,150,経営体数,16,生協,18600,鹿嶋市,経営体
-,150,経営体数,16,生協,18620,神栖市,経営体
2,150,経営体数,16,生協,20460,千葉県,経営体
-,150,経営体数,16,生協,20480,銚子市,経営体
-,150,経営体数,16,生協,20500,旭市,経営体
-,150,経営体数,16,生協,20530,匝瑳市,経営体
-,150,経営体数,16,生協,20560,横芝光町,経営体
-,150,経営体数,16,生協,20590,山武市,経営体
x,150,経営体数,16,生協,20620,九十九里町,経営体
-,150,経営体数,16,生協,20640,大網白里町,経営体
-,150,経営体数,16,生協,20660,白子町,経営体
x,150,経営体数,16,生協,20680,長生村,経営体
x,150,経営体数,16,生協,20700,一宮町,経営体
-,150,経営体数,16,生協,20720,いすみ市,経営体
-,150,経営体数,16,生協,20750,御宿町,経営体
-,150,経営体数,16,生協,20780,勝浦市,経営体
-,150,経営体数,16,生協,20870,鴨川市,経営体
1,150,経営体数,16,生協,20920,南房総市,経営体
-,150,経営体数,16,生協,20990,館山市,経営体
-,150,経営体数,16,生協,21050,鋸南町,経営体
-,150,経営体数,16,生協,21080,富津市,経営体
-,150,経営体数,16,生協,21130,君津市,経営体
1,150,経営体数,16,生協,21150,木更津市,経営体
x,150,経営体数,16,生協,21220,袖ヶ浦市,経営体
-,150,経営体数,16,生協,21240,市原市,経営体
-,150,経営体数,16,生協,21260,千葉市,経営体
-,150,経営体数,16,生協,21280,習志野市,経営体
-,150,経営体数,16,生協,21300,船橋市,経営体
-,150,経営体数,16,生協,21320,市川市,経営体
-,150,経営体数,16,生協,21350,浦安市,経営体
1,150,経営体数,16,生協,21670,東京都,経営体
-,150,経営体数,16,生協,21690,江戸川区,経営体
-,150,経営体数,16,生協,21710,葛飾区,経営体
-,150,経営体数,16,生協,21730,江東区,経営体
-,150,経営体数,16,生協,21750,墨田区,経営体
-,150,経営体数,16,生協,21770,中央区,経営体
-,150,経営体数,16,生協,21790,台東区,経営体
-,150,経営体数,16,生協,21810,港区,経営体
-,150,経営体数,16,生協,21830,品川区,経営体
-,150,経営体数,16,生協,21850,大田区,経営体
-,150,経営体数,16,生協,21870,千代田区,経営体
-,150,経営体数,16,生協,21890,大島町,経営体
1,150,経営体数,16,生協,21950,利島村,経営体
-,150,経営体数,16,生協,21970,新島村,経営体
-,150,経営体数,16,生協,22010,神津島村,経営体
-,150,経営体数,16,生協,22030,三宅村,経営体
-,150,経営体数,16,生協,22090,御蔵島村,経営体
-,150,経営体数,16,生協,22110,八丈町,経営体
-,150,経営体数,16,生協,22160,青ヶ島村,経営体
-,150,経営体数,16,生協,22180,小笠原村,経営体
-,150,経営体数,16,生協,22650,神奈川県,経営体
x,150,経営体数,16,生協,22670,川崎市,経営体
-,150,経営体数,16,生協,22690,横浜市,経営体
-,150,経営体数,16,生協,22750,横須賀市,経営体
-,150,経営体数,16,生協,22840,三浦市,経営体
-,150,経営体数,16,生協,22970,葉山町,経営体
-,150,経営体数,16,生協,22990,逗子市,経営体
-,150,経営体数,16,生協,23010,鎌倉市,経営体
-,150,経営体数,16,生協,23040,藤沢市,経営体
-,150,経営体数,16,生協,23070,茅ヶ崎市,経営体
-,150,経営体数,16,生協,23090,平塚市,経営体
-,150,経営体数,16,生協,23110,大磯町,経営体
x,150,経営体数,16,生協,23130,二宮町,経営体
-,150,経営体数,16,生協,23150,小田原市,経営体
-,150,経営体数,16,生協,23180,真鶴町,経営体
-,150,経営体数,16,生協,23210,湯河原町,経営体
1,150,経営体数,16,生協,23420,新潟県,経営体
-,150,経営体数,16,生協,23440,粟島浦村,経営体
-,150,経営体数,16,生協,23460,村上市,経営体
-,150,経営体数,16,生協,23510,胎内市,経営体
-,150,経営体数,16,生協,23530,新発田市,経営体
-,150,経営体数,16,生協,23550,聖籠町,経営体
1,150,経営体数,16,生協,23570,新潟市,経営体
-,150,経営体数,16,生協,23640,長岡市,経営体
-,150,経営体数,16,生協,23660,出雲崎町,経営体
-,150,経営体数,16,生協,23680,柏崎市,経営体
-,150,経営体数,16,生協,23710,上越市,経営体
-,150,経営体数,16,生協,23760,糸魚川市,経営体
-,150,経営体数,16,生協,23840,佐渡市,経営体
-,150,経営体数,16,生協,24320,富山県,経営体
-,150,経営体数,16,生協,24340,朝日町,経営体
-,150,経営体数,16,生協,24360,入善町,経営体
-,150,経営体数,16,生協,24400,黒部市,経営体
-,150,経営体数,16,生協,24430,魚津市,経営体
-,150,経営体数,16,生協,24460,滑川市,経営体
-,150,経営体数,16,生協,24480,富山市,経営体
-,150,経営体数,16,生協,24520,射水市,経営体
-,150,経営体数,16,生協,24550,高岡市,経営体
-,150,経営体数,16,生協,24570,氷見市,経営体
-,150,経営体数,16,生協,24700,石川県,経営体
-,150,経営体数,16,生協,24720,七尾市,経営体
-,150,経営体数,16,生協,24810,穴水町,経営体
-,150,経営体数,16,生協,24850,能登町,経営体
-,150,経営体数,16,生協,24900,珠洲市,経営体
-,150,経営体数,16,生協,24960,輪島市,経営体
-,150,経営体数,16,生協,24990,志賀町,経営体
-,150,経営体数,16,生協,25040,羽咋市,経営体
-,150,経営体数,16,生協,25070,宝達志水町,経営体
-,150,経営体数,16,生協,25100,かほく市,経営体
-,150,経営体数,16,生協,25140,内灘町,経営体
-,150,経営体数,16,生協,25160,金沢市,経営体
-,150,経営体数,16,生協,25180,白山市,経営体
-,150,経営体数,16,生協,25210,能美市,経営体
-,150,経営体数,16,生協,25230,小松市,経営体
-,150,経営体数,16,生協,25250,加賀市,経営体
-,150,経営体数,16,生協,25330,福井県,経営体
-,150,経営体数,16,生協,25350,あわら市,経営体
-,150,経営体数,16,生協,25370,坂井市,経営体
-,150,経営体数,16,生協,25390,福井市,経営体
-,150,経営体数,16,生協,25420,越前町,経営体
-,150,経営体数,16,生協,25440,南越前町,経営体
-,150,経営体数,16,生協,25460,敦賀市,経営体
-,150,経営体数,16,生協,25480,美浜町,経営体
-,150,経営体数,16,生協,25510,若狭町,経営体
-,150,経営体数,16,生協,25530,小浜市,経営体
-,150,経営体数,16,生協,25550,おおい町,経営体
-,150,経営体数,16,生協,25570,高浜町,経営体
1,150,経営体数,16,生協,27230,静岡県,経営体
-,150,経営体数,16,生協,27250,熱海市,経営体
-,150,経営体数,16,生協,27290,伊東市,経営体
-,150,経営体数,16,生協,27340,東伊豆町,経営体
-,150,経営体数,16,生協,27370,河津町,経営体
-,150,経営体数,16,生協,27390,下田市,経営体
-,150,経営体数,16,生協,27440,南伊豆町,経営体
-,150,経営体数,16,生協,27490,松崎町,経営体
-,150,経営体数,16,生協,27510,西伊豆町,経営体
-,150,経営体数,16,生協,27550,伊豆市,経営体
-,150,経営体数,16,生協,27570,沼津市,経営体
-,150,経営体数,16,生協,27630,富士市,経営体
-,150,経営体数,16,生協,27650,静岡市,経営体
-,150,経営体数,16,生協,27690,由比町,経営体
-,150,経営体数,16,生協,27710,焼津市,経営体
x,150,経営体数,16,生協,27730,大井川町,経営体
-,150,経営体数,16,生協,27750,吉田町,経営体
-,150,経営体数,16,生協,27770,牧之原市,経営体
-,150,経営体数,16,生協,27810,御前崎市,経営体
-,150,経営体数,16,生協,27840,掛川市,経営体
x,150,経営体数,16,生協,27870,袋井市,経営体
-,150,経営体数,16,生協,27890,磐田市,経営体
-,150,経営体数,16,生協,27930,浜松市,経営体
-,150,経営体数,16,生協,28000,湖西市,経営体
1,150,経営体数,16,生協,28020,新居町,経営体
-,150,経営体数,16,生協,28220,愛知県,経営体
-,150,経営体数,16,生協,28240,田原市,経営体
x,150,経営体数,16,生協,28370,豊橋市,経営体
-,150,経営体数,16,生協,28400,豊川市,経営体
-,150,経営体数,16,生協,28420,蒲郡市,経営体
-,150,経営体数,16,生協,28470,幡豆町,経営体
-,150,経営体数,16,生協,28500,吉良町,経営体
-,150,経営体数,16,生協,28530,一色町,経営体
-,150,経営体数,16,生協,28590,西尾市,経営体
-,150,経営体数,16,生協,28610,碧南市,経営体
-,150,経営体数,16,生協,28630,高浜市,経営体
x,150,経営体数,16,生協,28650,刈谷市,経営体
-,150,経営体数,16,生協,28670,東浦町,経営体
-,150,経営体数,16,生協,28690,半田市,経営体
-,150,経営体数,16,生協,28710,武豊町,経営体
-,150,経営体数,16,生協,28730,美浜町,経営体
-,150,経営体数,16,生協,28760,南知多町,経営体
-,150,経営体数,16,生協,28850,常滑市,経営体
-,150,経営体数,16,生協,28900,知多市,経営体
-,150,経営体数,16,生協,28920,東海市,経営体
-,150,経営体数,16,生協,28940,名古屋市,経営体
-,150,経営体数,16,生協,28970,飛島村,経営体
-,150,経営体数,16,生協,28990,弥富市,経営体
5,150,経営体数,16,生協,29410,三重県,経営体
-,150,経営体数,16,生協,29430,木曽岬町,経営体
1,150,経営体数,16,生協,29450,桑名市,経営体
1,150,経営体数,16,生協,29500,川越町,経営体
-,150,経営体数,16,生協,29520,四日市市,経営体
-,150,経営体数,16,生協,29580,鈴鹿市,経営体
-,150,経営体数,16,生協,29630,津市,経営体
-,150,経営体数,16,生協,29700,松阪市,経営体
-,150,経営体数,16,生協,29780,明和町,経営体
-,150,経営体数,16,生協,29810,伊勢市,経営体
1,150,経営体数,16,生協,29930,鳥羽市,経営体
2,150,経営体数,16,生協,30100,志摩市,経営体
-,150,経営体数,16,生協,30380,南伊勢町,経営体
-,150,経営体数,16,生協,30560,大紀町,経営体
-,150,経営体数,16,生協,30580,紀北町,経営体
-,150,経営体数,16,生協,30680,尾鷲市,経営体
-,150,経営体数,16,生協,30790,熊野市,経営体
-,150,経営体数,16,生協,30860,御浜町,経営体
-,150,経営体数,16,生協,30880,紀宝町,経営体
1,150,経営体数,16,生協,31310,京都府,経営体
-,150,経営体数,16,生協,31330,舞鶴市,経営体
-,150,経営体数,16,生協,31410,宮津市,経営体
-,150,経営体数,16,生協,31470,与謝野町,経営体
1,150,経営体数,16,生協,31490,伊根町,経営体
-,150,経営体数,16,生協,31560,京丹後市,経営体
-,150,経営体数,16,生協,31890,大阪府,経営体
-,150,経営体数,16,生協,31910,大阪市,経営体
-,150,経営体数,16,生協,31980,堺市,経営体
-,150,経営体数,16,生協,32010,高石市,経営体
-,150,経営体数,16,生協,32030,泉大津市,経営体
x,150,経営体数,16,生協,32050,忠岡町,経営体
-,150,経営体数,16,生協,32070,岸和田市,経営体
x,150,経営体数,16,生協,32100,貝塚市,経営体
-,150,経営体数,16,生協,32120,泉佐野市,経営体
-,150,経営体数,16,生協,32140,田尻町,経営体
-,150,経営体数,16,生協,32160,泉南市,経営体
-,150,経営体数,16,生協,32190,阪南市,経営体
-,150,経営体数,16,生協,32230,岬町,経営体
1,150,経営体数,16,生協,32600,兵庫県,経営体
-,150,経営体数,16,生協,32610,日本海西区,経営体
-,150,経営体数,16,生協,32630,豊岡市,経営体
-,150,経営体数,16,生協,32660,香美町,経営体
-,150,経営体数,16,生協,32690,新温泉町,経営体
1,150,経営体数,16,生協,32730,瀬戸内海区,経営体
-,150,経営体数,16,生協,32750,尼崎市,経営体
-,150,経営体数,16,生協,32770,西宮市,経営体
x,150,経営体数,16,生協,32790,芦屋市,経営体
-,150,経営体数,16,生協,32810,神戸市,経営体
-,150,経営体数,16,生協,32910,明石市,経営体
x,150,経営体数,16,生協,32990,播磨町,経営体
-,150,経営体数,16,生協,33010,加古川市,経営体
1,150,経営体数,16,生協,33040,高砂市,経営体
-,150,経営体数,16,生協,33090,姫路市,経営体
-,150,経営体数,16,生協,33220,たつの市,経営体
-,150,経営体数,16,生協,33260,相生市,経営体
-,150,経営体数,16,生協,33280,赤穂市,経営体
-,150,経営体数,16,生協,33320,淡路市,経営体
-,150,経営体数,16,生協,33490,洲本市,経営体
-,150,経営体数,16,生協,33550,南あわじ市,経営体
1,150,経営体数,16,生協,34290,和歌山県,経営体
1,150,経営体数,16,生協,34300,太平洋南区,経営体
-,150,経営体数,16,生協,34320,美浜町,経営体
-,150,経営体数,16,生協,34350,御坊市,経営体
-,150,経営体数,16,生協,34370,印南町,経営体
-,150,経営体数,16,生協,34390,みなべ町,経営体
-,150,経営体数,16,生協,34410,田辺市,経営体
1,150,経営体数,16,生協,34450,白浜町,経営体
-,150,経営体数,16,生協,34490,すさみ町,経営体
-,150,経営体数,16,生協,34510,串本町,経営体
-,150,経営体数,16,生協,34600,那智勝浦町,経営体
-,150,経営体数,16,生協,34650,太地町,経営体
-,150,経営体数,16,生協,34670,新宮市,経営体
-,150,経営体数,16,生協,34700,瀬戸内海区,経営体
-,150,経営体数,16,生協,34720,和歌山市,経営体
-,150,経営体数,16,生協,34810,海南市,経営体
-,150,経営体数,16,生協,34870,有田市,経営体
-,150,経営体数,16,生協,34920,湯浅町,経営体
-,150,経営体数,16,生協,34960,広川町,経営体
-,150,経営体数,16,生協,34980,由良町,経営体
-,150,経営体数,16,生協,35040,日高町,経営体
-,150,経営体数,16,生協,35190,鳥取県,経営体
-,150,経営体数,16,生協,35210,岩美町,経営体
-,150,経営体数,16,生協,35260,鳥取市,経営体
-,150,経営体数,16,生協,35330,湯梨浜町,経営体
-,150,経営体数,16,生協,35360,北栄町,経営体
-,150,経営体数,16,生協,35390,琴浦町,経営体
-,150,経営体数,16,生協,35420,大山町,経営体
-,150,経営体数,16,生協,35460,米子市,経営体
-,150,経営体数,16,生協,35490,日吉津村,経営体
-,150,経営体数,16,生協,35510,境港市,経営体
-,150,経営体数,16,生協,35650,島根県,経営体
-,150,経営体数,16,生協,35670,安来市,経営体
-,150,経営体数,16,生協,35700,東出雲町,経営体
-,150,経営体数,16,生協,35720,松江市,経営体
-,150,経営体数,16,生協,35870,出雲市,経営体
-,150,経営体数,16,生協,35960,大田市,経営体
-,150,経営体数,16,生協,36070,江津市,経営体
-,150,経営体数,16,生協,36100,浜田市,経営体
-,150,経営体数,16,生協,36170,益田市,経営体
-,150,経営体数,16,生協,36200,隠岐の島町,経営体
-,150,経営体数,16,生協,36290,海士町,経営体
-,150,経営体数,16,生協,36340,西ノ島町,経営体
-,150,経営体数,16,生協,36370,知夫村,経営体
5,150,経営体数,16,生協,36490,岡山県,経営体
-,150,経営体数,16,生協,36510,備前市,経営体
-,150,経営体数,16,生協,36560,瀬戸内市,経営体
-,150,経営体数,16,生協,36590,岡山市,経営体
5,150,経営体数,16,生協,36650,玉野市,経営体
-,150,経営体数,16,生協,36690,倉敷市,経営体
-,150,経営体数,16,生協,36770,浅口市,経営体
-,150,経営体数,16,生協,36790,笠岡市,経営体
6,150,経営体数,16,生協,37070,広島県,経営体
-,150,経営体数,16,生協,37090,福山市,経営体
-,150,経営体数,16,生協,37190,尾道市,経営体
-,150,経営体数,16,生協,37290,三原市,経営体
-,150,経営体数,16,生協,37330,竹原市,経営体
-,150,経営体数,16,生協,37370,東広島市,経営体
1,150,経営体数,16,生協,37400,大崎上島町,経営体
1,150,経営体数,16,生協,37440,呉市,経営体
1,150,経営体数,16,生協,37600,江田島市,経営体
-,150,経営体数,16,生協,37720,坂町,経営体
-,150,経営体数,16,生協,37740,海田町,経営体
1,150,経営体数,16,生協,37760,広島市,経営体
2,150,経営体数,16,生協,37830,廿日市市,経営体
-,150,経営体数,16,生協,37870,大竹市,経営体
1,150,経営体数,16,生協,38010,山口県,経営体
1,150,経営体数,16,生協,38020,東シナ海区,経営体
-,150,経営体数,16,生協,38040,萩市,経営体
-,150,経営体数,16,生協,38200,阿武町,経営体
1,150,経営体数,16,生協,38240,長門市,経営体
-,150,経営体数,16,生協,38400,下関市,経営体
-,150,経営体数,16,生協,38630,瀬戸内海区,経営体
-,150,経営体数,16,生協,38650,周防大島町,経営体
-,150,経営体数,16,生協,38730,和木町,経営体
-,150,経営体数,16,生協,38750,岩国市,経営体
-,150,経営体数,16,生協,38820,柳井市,経営体
-,150,経営体数,16,生協,38890,上関町,経営体
-,150,経営体数,16,生協,38940,平生町,経営体
-,150,経営体数,16,生協,38960,田布施町,経営体
-,150,経営体数,16,生協,38990,光市,経営体
-,150,経営体数,16,生協,39020,下松市,経営体
-,150,経営体数,16,生協,39040,周南市,経営体
-,150,経営体数,16,生協,39120,防府市,経営体
-,150,経営体数,16,生協,39230,山口市,経営体
-,150,経営体数,16,生協,39310,宇部市,経営体
-,150,経営体数,16,生協,39380,山陽小野田市,経営体
-,150,経営体数,16,生協,39430,下関市,経営体
3,150,経営体数,16,生協,39530,徳島県,経営体
-,150,経営体数,16,生協,39540,太平洋南区,経営体
-,150,経営体数,16,生協,39560,美波町,経営体
-,150,経営体数,16,生協,39640,牟岐町,経営体
-,150,経営体数,16,生協,39660,海陽町,経営体
3,150,経営体数,16,生協,39700,瀬戸内海区,経営体
3,150,経営体数,16,生協,39720,鳴門市,経営体
-,150,経営体数,16,生協,39800,松茂町,経営体
-,150,経営体数,16,生協,39820,徳島市,経営体
-,150,経営体数,16,生協,39860,小松島市,経営体
-,150,経営体数,16,生協,39890,阿南市,経営体
1,150,経営体数,16,生協,40150,香川県,経営体
-,150,経営体数,16,生協,40170,東かがわ市,経営体
-,150,経営体数,16,生協,40210,さぬき市,経営体
-,150,経営体数,16,生協,40270,小豆島町,経営体
-,150,経営体数,16,生協,40300,土庄町,経営体
-,150,経営体数,16,生協,40380,高松市,経営体
-,150,経営体数,16,生協,40480,直島町,経営体
-,150,経営体数,16,生協,40500,坂出市,経営体
-,150,経営体数,16,生協,40550,宇多津町,経営体
-,150,経営体数,16,生協,40570,丸亀市,経営体
-,150,経営体数,16,生協,40620,多度津町,経営体
1,150,経営体数,16,生協,40670,三豊市,経営体
-,150,経営体数,16,生協,40760,観音寺市,経営体
49,150,経営体数,16,生協,40880,愛媛県,経営体
2,150,経営体数,16,生協,40890,太平洋南区,経営体
-,150,経営体数,16,生協,40910,八幡浜市,経営体
1,150,経営体数,16,生協,40940,西予市,経営体
-,150,経営体数,16,生協,40970,宇和島市,経営体
1,150,経営体数,16,生協,41090,愛南町,経営体
47,150,経営体数,16,生協,41180,瀬戸内海区,経営体
-,150,経営体数,16,生協,41200,四国中央市,経営体
-,150,経営体数,16,生協,41250,新居浜市,経営体
-,150,経営体数,16,生協,41310,西条市,経営体
1,150,経営体数,16,生協,41390,上島町,経営体
2,150,経営体数,16,生協,41440,今治市,経営体
44,150,経営体数,16,生協,41600,松山市,経営体
-,150,経営体数,16,生協,41780,松前町,経営体
-,150,経営体数,16,生協,41800,伊予市,経営体
-,150,経営体数,16,生協,41840,大洲市,経営体
-,150,経営体数,16,生協,41870,八幡浜市,経営体
-,150,経営体数,16,生協,41900,伊方町,経営体
2,150,経営体数,16,生協,42060,高知県,経営体
-,150,経営体数,16,生協,42080,東洋町,経営体
-,150,経営体数,16,生協,42110,室戸市,経営体
-,150,経営体数,16,生協,42200,奈半利町,経営体
-,150,経営体数,16,生協,42230,田野町,経営体
-,150,経営体数,16,生協,42250,安田町,経営体
-,150,経営体数,16,生協,42270,安芸市,経営体
-,150,経営体数,16,生協,42330,芸西村,経営体
-,150,経営体数,16,生協,42350,香南市,経営体
-,150,経営体数,16,生協,42400,南国市,経営体
-,150,経営体数,16,生協,42450,高知市,経営体
-,150,経営体数,16,生協,42500,土佐市,経営体
-,150,経営体数,16,生協,42540,須崎市,経営体
-,150,経営体数,16,生協,42610,中土佐町,経営体
-,150,経営体数,16,生協,42650,四万十町,経営体
1,150,経営体数,16,生協,42680,黒潮町,経営体
-,150,経営体数,16,生協,42740,四万十市,経営体
-,150,経営体数,16,生協,42760,土佐清水市,経営体
-,150,経営体数,16,生協,42850,大月町,経営体
1,150,経営体数,16,生協,42980,宿毛市,経営体
-,150,経営体数,16,生協,43240,福岡県,経営体
-,150,経営体数,16,生協,43250,東シナ海区,経営体
-,150,経営体数,16,生協,43270,北九州市,経営体
-,150,経営体数,16,生協,43410,芦屋町,経営体
-,150,経営体数,16,生協,43440,岡垣町,経営体
-,150,経営体数,16,生協,43460,宗像市,経営体
-,150,経営体数,16,生協,43510,福津市,経営体
-,150,経営体数,16,生協,43540,古賀市,経営体
-,150,経営体数,16,生協,43560,新宮町,経営体
-,150,経営体数,16,生協,43590,福岡市,経営体
-,150,経営体数,16,生協,43770,志摩町,経営体
-,150,経営体数,16,生協,43830,前原市,経営体
-,150,経営体数,16,生協,43850,二丈町,経営体
-,150,経営体数,16,生協,43880,久留米市,経営体
-,150,経営体数,16,生協,43920,大川市,経営体
-,150,経営体数,16,生協,43980,柳川市,経営体
-,150,経営体数,16,生協,44080,みやま市,経営体
-,150,経営体数,16,生協,44110,大牟田市,経営体
-,150,経営体数,16,生協,44140,瀬戸内海区,経営体
-,150,経営体数,16,生協,44160,北九州市,経営体
-,150,経営体数,16,生協,44230,苅田町,経営体
-,150,経営体数,16,生協,44250,行橋市,経営体
-,150,経営体数,16,生協,44300,築上町,経営体
-,150,経営体数,16,生協,44330,豊前市,経営体
-,150,経営体数,16,生協,44370,吉富町,経営体
-,150,経営体数,16,生協,44850,佐賀県,経営体
-,150,経営体数,16,生協,44870,唐津市,経営体
-,150,経営体数,16,生協,45120,玄海町,経営体
-,150,経営体数,16,生協,45150,伊万里市,経営体
x,150,経営体数,16,生協,45170,神埼市,経営体
-,150,経営体数,16,生協,45190,佐賀市,経営体
-,150,経営体数,16,生協,45280,小城市,経営体
-,150,経営体数,16,生協,45300,江北町,経営体
-,150,経営体数,16,生協,45320,白石町,経営体
x,150,経営体数,16,生協,45360,嬉野市,経営体
-,150,経営体数,16,生協,45380,鹿島市,経営体
-,150,経営体数,16,生協,45430,太良町,経営体
11,150,経営体数,16,生協,45570,長崎県,経営体
1,150,経営体数,16,生協,45590,対馬市,経営体
-,150,経営体数,16,生協,45890,壱岐市,経営体
2,150,経営体数,16,生協,45950,松浦市,経営体
1,150,経営体数,16,生協,46000,平戸市,経営体
-,150,経営体数,16,生協,46140,鹿町町,経営体
-,150,経営体数,16,生協,46160,佐世保市,経営体
-,150,経営体数,16,生協,46240,小値賀町,経営体
-,150,経営体数,16,生協,46260,川棚町,経営体
-,150,経営体数,16,生協,46280,東彼杵町,経営体
-,150,経営体数,16,生協,46300,大村市,経営体
-,150,経営体数,16,生協,46340,諫早市,経営体
-,150,経営体数,16,生協,46450,長与町,経営体
-,150,経営体数,16,生協,46470,時津町,経営体
-,150,経営体数,16,生協,46490,長崎市,経営体
-,150,経営体数,16,生協,46680,西海市,経営体
-,150,経営体数,16,生協,46750,雲仙市,経営体
-,150,経営体数,16,生協,46850,南島原市,経営体
7,150,経営体数,16,生協,46930,島原市,経営体
-,150,経営体数,16,生協,46970,新上五島町,経営体
-,150,経営体数,16,生協,47140,五島市,経営体
3,150,経営体数,16,生協,47350,熊本県,経営体
-,150,経営体数,16,生協,47370,荒尾市,経営体
-,150,経営体数,16,生協,47400,長洲町,経営体
-,150,経営体数,16,生協,47420,玉名市,経営体
-,150,経営体数,16,生協,47490,熊本市,経営体
-,150,経営体数,16,生協,47590,宇土市,経営体
-,150,経営体数,16,生協,47630,宇城市,経営体
-,150,経営体数,16,生協,47720,氷川町,経営体
-,150,経営体数,16,生協,47740,八代市,経営体
-,150,経営体数,16,生協,47820,芦北町,経営体
-,150,経営体数,16,生協,47850,津奈木町,経営体
1,150,経営体数,16,生協,47870,水俣市,経営体
-,150,経営体数,16,生協,47890,上天草市,経営体
2,150,経営体数,16,生協,48010,天草市,経営体
-,150,経営体数,16,生協,48250,苓北町,経営体
1,150,経営体数,16,生協,48650,大分県,経営体
1,150,経営体数,16,生協,48660,太平洋南区,経営体
-,150,経営体数,16,生協,48680,大分市,経営体
-,150,経営体数,16,生協,48700,臼杵市,経営体
-,150,経営体数,16,生協,48720,津久見市,経営体
1,150,経営体数,16,生協,48750,佐伯市,経営体
-,150,経営体数,16,生協,48860,瀬戸内海区,経営体
-,150,経営体数,16,生協,48880,中津市,経営体
-,150,経営体数,16,生協,48900,宇佐市,経営体
-,150,経営体数,16,生協,48950,豊後高田市,経営体
-,150,経営体数,16,生協,48990,国東市,経営体
-,150,経営体数,16,生協,49050,姫島村,経営体
-,150,経営体数,16,生協,49070,杵築市,経営体
-,150,経営体数,16,生協,49090,日出町,経営体
-,150,経営体数,16,生協,49120,別府市,経営体
-,150,経営体数,16,生協,49140,大分市,経営体
1,150,経営体数,16,生協,49240,宮崎県,経営体
1,150,経営体数,16,生協,49260,延岡市,経営体
-,150,経営体数,16,生協,49320,門川町,経営体
-,150,経営体数,16,生協,49350,日向市,経営体
-,150,経営体数,16,生協,49380,都農町,経営体
-,150,経営体数,16,生協,49400,川南町,経営体
-,150,経営体数,16,生協,49420,高鍋町,経営体
-,150,経営体数,16,生協,49440,新富町,経営体
-,150,経営体数,16,生協,49460,宮崎市,経営体
-,150,経営体数,16,生協,49510,日南市,経営体
-,150,経営体数,16,生協,49550,南郷町,経営体
-,150,経営体数,16,生協,49590,串間市,経営体
7,150,経営体数,16,生協,49840,鹿児島県,経営体
-,150,経営体数,16,生協,49860,出水市,経営体
-,150,経営体数,16,生協,49890,長島町,経営体
-,150,経営体数,16,生協,49920,阿久根市,経営体
-,150,経営体数,16,生協,49960,薩摩川内市,経営体
-,150,経営体数,16,生協,50040,いちき串木野市,経営体
-,150,経営体数,16,生協,50090,日置市,経営体
-,150,経営体数,16,生協,50140,南さつま市,経営体
-,150,経営体数,16,生協,50230,枕崎市,経営体
-,150,経営体数,16,生協,50250,南九州市,経営体
-,150,経営体数,16,生協,50280,指宿市,経営体
3,150,経営体数,16,生協,50330,鹿児島市,経営体
-,150,経営体数,16,生協,50390,姶良町,経営体
-,150,経営体数,16,生協,50410,加治木町,経営体
1,150,経営体数,16,生協,50430,霧島市,経営体
-,150,経営体数,16,生協,50470,垂水市,経営体
-,150,経営体数,16,生協,50500,鹿屋市,経営体
1,150,経営体数,16,生協,50520,錦江町,経営体
-,150,経営体数,16,生協,50540,南大隅町,経営体
-,150,経営体数,16,生協,50580,肝付町,経営体
-,150,経営体数,16,生協,50630,東串良町,経営体
-,150,経営体数,16,生協,50650,大崎町,経営体
-,150,経営体数,16,生協,50670,志布志市,経営体
-,150,経営体数,16,生協,50700,三島村,経営体
-,150,経営体数,16,生協,50720,十島村,経営体
1,150,経営体数,16,生協,50740,西之表市,経営体
-,150,経営体数,16,生協,50760,中種子町,経営体
-,150,経営体数,16,生協,50780,南種子町,経営体
-,150,経営体数,16,生協,50800,屋久島町,経営体
1,150,経営体数,16,生協,50830,奄美市,経営体
-,150,経営体数,16,生協,50870,龍郷町,経営体
-,150,経営体数,16,生協,50890,大和村,経営体
-,150,経営体数,16,生協,50910,宇検村,経営体
-,150,経営体数,16,生協,50930,瀬戸内町,経営体
-,150,経営体数,16,生協,50950,喜界町,経営体
-,150,経営体数,16,生協,50970,徳之島町,経営体
-,150,経営体数,16,生協,50990,天城町,経営体
-,150,経営体数,16,生協,51010,伊仙町,経営体
-,150,経営体数,16,生協,51030,和泊町,経営体
-,150,経営体数,16,生協,51050,知名町,経営体
-,150,経営体数,16,生協,51070,与論町,経営体
3,150,経営体数,16,生協,51170,沖縄県,経営体
-,150,経営体数,16,生協,51190,国頭村,経営体
-,150,経営体数,16,生協,51210,大宜味村,経営体
1,150,経営体数,16,生協,51230,東村,経営体
-,150,経営体数,16,生協,51250,名護市,経営体
-,150,経営体数,16,生協,51270,今帰仁村,経営体
1,150,経営体数,16,生協,51290,本部町,経営体
-,150,経営体数,16,生協,51310,恩納村,経営体
-,150,経営体数,16,生協,51330,宜野座村,経営体
-,150,経営体数,16,生協,51350,金武町,経営体
-,150,経営体数,16,生協,51370,伊江村,経営体
-,150,経営体数,16,生協,51390,伊是名村,経営体
1,150,経営体数,16,生協,51410,伊平屋村,経営体
-,150,経営体数,16,生協,51430,うるま市,経営体
-,150,経営体数,16,生協,51480,沖縄市,経営体
-,150,経営体数,16,生協,51500,読谷村,経営体
-,150,経営体数,16,生協,51520,嘉手納町,経営体
-,150,経営体数,16,生協,51540,北谷町,経営体
-,150,経営体数,16,生協,51560,北中城村,経営体
-,150,経営体数,16,生協,51580,中城村,経営体
-,150,経営体数,16,生協,51600,西原町,経営体
-,150,経営体数,16,生協,51620,宜野湾市,経営体
-,150,経営体数,16,生協,51640,浦添市,経営体
-,150,経営体数,16,生協,51660,那覇市,経営体
-,150,経営体数,16,生協,51680,豊見城市,経営体
-,150,経営体数,16,生協,51700,糸満市,経営体
-,150,経営体数,16,生協,51720,八重瀬町,経営体
-,150,経営体数,16,生協,51740,南城市,経営体
-,150,経営体数,16,生協,51780,与那原町,経営体
-,150,経営体数,16,生協,51800,久米島町,経営体
-,150,経営体数,16,生協,51820,座間味村,経営体
-,150,経営体数,16,生協,51840,渡嘉敷村,経営体
-,150,経営体数,16,生協,51860,渡名喜村,経営体
-,150,経営体数,16,生協,51880,粟国村,経営体
-,150,経営体数,16,生協,51900,南大東村,経営体
-,150,経営体数,16,生協,51920,北大東村,経営体
-,150,経営体数,16,生協,51940,宮古島市,経営体
-,150,経営体数,16,生協,52000,多良間村,経営体
-,150,経営体数,16,生協,52020,石垣市,経営体
-,150,経営体数,16,生協,52040,竹富町,経営体
-,150,経営体数,16,生協,52060,与那国町,経営体
2151,150,経営体数,17,直売所,10010,全国,経営体
73,150,経営体数,17,直売所,10020,北海道,経営体
17,150,経営体数,17,直売所,10060,北海道太平洋北区,経営体
3,150,経営体数,17,直売所,10070,根室支庁,経営体
1,150,経営体数,17,直売所,10090,羅臼町,経営体
-,150,経営体数,17,直売所,10110,標津町,経営体
-,150,経営体数,17,直売所,10130,別海町,経営体
2,150,経営体数,17,直売所,10160,根室市,経営体
5,150,経営体数,17,直売所,10240,釧路支庁,経営体
1,150,経営体数,17,直売所,10260,浜中町,経営体
2,150,経営体数,17,直売所,10290,厚岸町,経営体
2,150,経営体数,17,直売所,10310,釧路町,経営体
-,150,経営体数,17,直売所,10330,釧路市,経営体
-,150,経営体数,17,直売所,10370,白糠町,経営体
-,150,経営体数,17,直売所,10430,十勝支庁,経営体
-,150,経営体数,17,直売所,10450,浦幌町,経営体
-,150,経営体数,17,直売所,10470,豊頃町,経営体
-,150,経営体数,17,直売所,10490,大樹町,経営体
-,150,経営体数,17,直売所,10510,広尾町,経営体
-,150,経営体数,17,直売所,10690,日高支庁,経営体
-,150,経営体数,17,直売所,10710,えりも町,経営体
-,150,経営体数,17,直売所,10740,様似町,経営体
-,150,経営体数,17,直売所,10770,浦河町,経営体
-,150,経営体数,17,直売所,10800,新ひだか町,経営体
-,150,経営体数,17,直売所,10830,新冠町,経営体
-,150,経営体数,17,直売所,10850,日高町,経営体
6,150,経営体数,17,直売所,10890,胆振支庁,経営体
1,150,経営体数,17,直売所,10910,むかわ町,経営体
-,150,経営体数,17,直売所,10930,厚真町,経営体
-,150,経営体数,17,直売所,10950,苫小牧市,経営体
3,150,経営体数,17,直売所,10970,白老町,経営体
-,150,経営体数,17,直売所,11000,登別市,経営体
1,150,経営体数,17,直売所,11020,室蘭市,経営体
1,150,経営体数,17,直売所,11040,伊達市,経営体
-,150,経営体数,17,直売所,11070,洞爺湖町,経営体
-,150,経営体数,17,直売所,11090,豊浦町,経営体
3,150,経営体数,17,直売所,11140,渡島支庁,経営体
-,150,経営体数,17,直売所,11160,長万部町,経営体
-,150,経営体数,17,直売所,11180,八雲町,経営体
-,150,経営体数,17,直売所,11210,森町,経営体
-,150,経営体数,17,直売所,11240,鹿部町,経営体
1,150,経営体数,17,直売所,11260,函館市,経営体
2,150,経営体数,17,直売所,11460,北斗市,経営体
-,150,経営体数,17,直売所,11510,木古内町,経営体
-,150,経営体数,17,直売所,11530,知内町,経営体
-,150,経営体数,17,直売所,11550,福島町,経営体
56,150,経営体数,17,直売所,11630,北海道日本海北区,経営体
2,150,経営体数,17,直売所,11640,宗谷支庁,経営体
-,150,経営体数,17,直売所,11660,枝幸町,経営体
-,150,経営体数,17,直売所,11680,浜頓別町,経営体
-,150,経営体数,17,直売所,11700,猿払村,経営体
-,150,経営体数,17,直売所,11720,稚内市,経営体
-,150,経営体数,17,直売所,11750,豊富町,経営体
-,150,経営体数,17,直売所,11770,利尻町,経営体
2,150,経営体数,17,直売所,11800,利尻富士町,経営体
-,150,経営体数,17,直売所,11830,礼文町,経営体
4,150,経営体数,17,直売所,11880,網走支庁,経営体
-,150,経営体数,17,直売所,11900,斜里町,経営体
-,150,経営体数,17,直売所,11920,小清水町,経営体
-,150,経営体数,17,直売所,11940,網走市,経営体
-,150,経営体数,17,直売所,11960,北見市,経営体
-,150,経営体数,17,直売所,11980,佐呂間町,経営体
3,150,経営体数,17,直売所,12000,湧別町,経営体
-,150,経営体数,17,直売所,12020,紋別市,経営体
-,150,経営体数,17,直売所,12040,興部町,経営体
1,150,経営体数,17,直売所,12060,雄武町,経営体
4,150,経営体数,17,直売所,12190,留萌支庁,経営体
-,150,経営体数,17,直売所,12210,幌延町,経営体
-,150,経営体数,17,直売所,12230,天塩町,経営体
4,150,経営体数,17,直売所,12250,遠別町,経営体
-,150,経営体数,17,直売所,12270,初山別村,経営体
-,150,経営体数,17,直売所,12290,羽幌町,経営体
-,150,経営体数,17,直売所,12330,苫前町,経営体
-,150,経営体数,17,直売所,12350,小平町,経営体
-,150,経営体数,17,直売所,12370,留萌市,経営体
-,150,経営体数,17,直売所,12390,増毛町,経営体
28,150,経営体数,17,直売所,12410,石狩支庁,経営体
28,150,経営体数,17,直売所,12430,石狩市,経営体
12,150,経営体数,17,直売所,12550,後志支庁,経営体
-,150,経営体数,17,直売所,12570,小樽市,経営体
-,150,経営体数,17,直売所,12590,余市町,経営体
-,150,経営体数,17,直売所,12610,古平町,経営体
-,150,経営体数,17,直売所,12630,積丹町,経営体
1,150,経営体数,17,直売所,12660,神恵内村,経営体
-,150,経営体数,17,直売所,12680,泊村,経営体
-,150,経営体数,17,直売所,12710,共和町,経営体
-,150,経営体数,17,直売所,12730,岩内町,経営体
-,150,経営体数,17,直売所,12750,蘭越町,経営体
9,150,経営体数,17,直売所,12770,寿都町,経営体
2,150,経営体数,17,直売所,12790,島牧村,経営体
6,150,経営体数,17,直売所,12920,檜山支庁,経営体
5,150,経営体数,17,直売所,12940,せたな町,経営体
-,150,経営体数,17,直売所,12990,乙部町,経営体
1,150,経営体数,17,直売所,13010,奥尻町,経営体
-,150,経営体数,17,直売所,13030,江差町,経営体
-,150,経営体数,17,直売所,13050,上ノ国町,経営体
-,150,経営体数,17,直売所,13100,渡島支庁,経営体
-,150,経営体数,17,直売所,13110,八雲町,経営体
-,150,経営体数,17,直売所,13130,松前町,経営体
25,150,経営体数,17,直売所,13700,青森県,経営体
6,150,経営体数,17,直売所,13710,太平洋北区,経営体
1,150,経営体数,17,直売所,13730,佐井村,経営体
-,150,経営体数,17,直売所,13750,大間町,経営体
1,150,経営体数,17,直売所,13780,風間浦村,経営体
1,150,経営体数,17,直売所,13820,むつ市,経営体
1,150,経営体数,17,直売所,13850,東通村,経営体
-,150,経営体数,17,直売所,13930,六ヶ所村,経営体
-,150,経営体数,17,直売所,13970,三沢市,経営体
-,150,経営体数,17,直売所,13990,おいらせ町,経営体
1,150,経営体数,17,直売所,14010,八戸市,経営体
1,150,経営体数,17,直売所,14050,階上町,経営体
19,150,経営体数,17,直売所,14070,日本海北区,経営体
-,150,経営体数,17,直売所,14090,むつ市,経営体
-,150,経営体数,17,直売所,14130,横浜町,経営体
3,150,経営体数,17,直売所,14150,野辺地町,経営体
8,150,経営体数,17,直売所,14170,平内町,経営体
2,150,経営体数,17,直売所,14210,青森市,経営体
2,150,経営体数,17,直売所,14260,蓬田村,経営体
1,150,経営体数,17,直売所,14280,外ヶ浜町,経営体
-,150,経営体数,17,直売所,14330,今別町,経営体
1,150,経営体数,17,直売所,14360,中泊町,経営体
-,150,経営体数,17,直売所,14390,五所川原市,経営体
-,150,経営体数,17,直売所,14420,つがる市,経営体
-,150,経営体数,17,直売所,14450,鰺ヶ沢町,経営体
2,150,経営体数,17,直売所,14480,深浦町,経営体
30,150,経営体数,17,直売所,14740,岩手県,経営体
12,150,経営体数,17,直売所,14760,洋野町,経営体
1,150,経営体数,17,直売所,14850,久慈市,経営体
4,150,経営体数,17,直売所,14880,野田村,経営体
-,150,経営体数,17,直売所,14900,普代村,経営体
2,150,経営体数,17,直売所,14920,田野畑村,経営体
1,150,経営体数,17,直売所,14950,岩泉町,経営体
2,150,経営体数,17,直売所,14980,宮古市,経営体
1,150,経営体数,17,直売所,15020,山田町,経営体
-,150,経営体数,17,直売所,15090,大槌町,経営体
-,150,経営体数,17,直売所,15120,釜石市,経営体
5,150,経営体数,17,直売所,15190,大船渡市,経営体
2,150,経営体数,17,直売所,15270,陸前高田市,経営体
86,150,経営体数,17,直売所,15580,宮城県,経営体
9,150,経営体数,17,直売所,15600,気仙沼市,経営体
32,150,経営体数,17,直売所,15670,本吉町,経営体
-,150,経営体数,17,直売所,15700,南三陸町,経営体
8,150,経営体数,17,直売所,15740,石巻市,経営体
2,150,経営体数,17,直売所,15970,女川町,経営体
2,150,経営体数,17,直売所,16010,東松島市,経営体
16,150,経営体数,17,直売所,16060,松島町,経営体
5,150,経営体数,17,直売所,16080,利府町,経営体
8,150,経営体数,17,直売所,16100,塩竈市,経営体
-,150,経営体数,17,直売所,16140,多賀城市,経営体
1,150,経営体数,17,直売所,16160,七ヶ浜町,経営体
-,150,経営体数,17,直売所,16240,仙台市,経営体
-,150,経営体数,17,直売所,16260,名取市,経営体
-,150,経営体数,17,直売所,16280,岩沼市,経営体
3,150,経営体数,17,直売所,16300,亘理町,経営体
-,150,経営体数,17,直売所,16320,山元町,経営体
7,150,経営体数,17,直売所,16550,秋田県,経営体
1,150,経営体数,17,直売所,16570,八峰町,経営体
1,150,経営体数,17,直売所,16610,能代市,経営体
-,150,経営体数,17,直売所,16630,三種町,経営体
1,150,経営体数,17,直売所,16650,男鹿市,経営体
-,150,経営体数,17,直売所,16730,潟上市,経営体
-,150,経営体数,17,直売所,16750,秋田市,経営体
4,150,経営体数,17,直売所,16780,由利本荘市,経営体
-,150,経営体数,17,直売所,16820,にかほ市,経営体
1,150,経営体数,17,直売所,17040,山形県,経営体
1,150,経営体数,17,直売所,17060,遊佐町,経営体
-,150,経営体数,17,直売所,17080,酒田市,経営体
-,150,経営体数,17,直売所,17110,鶴岡市,経営体
5,150,経営体数,17,直売所,17500,福島県,経営体
-,150,経営体数,17,直売所,17520,新地町,経営体
-,150,経営体数,17,直売所,17540,相馬市,経営体
-,150,経営体数,17,直売所,17580,南相馬市,経営体
-,150,経営体数,17,直売所,17620,浪江町,経営体
-,150,経営体数,17,直売所,17640,双葉町,経営体
x,150,経営体数,17,直売所,17660,大熊町,経営体
-,150,経営体数,17,直売所,17680,富岡町,経営体
x,150,経営体数,17,直売所,17700,楢葉町,経営体
-,150,経営体数,17,直売所,17720,広野町,経営体
5,150,経営体数,17,直売所,17740,いわき市,経営体
-,150,経営体数,17,直売所,18350,茨城県,経営体
-,150,経営体数,17,直売所,18370,北茨城市,経営体
x,150,経営体数,17,直売所,18400,高萩市,経営体
-,150,経営体数,17,直売所,18420,日立市,経営体
-,150,経営体数,17,直売所,18480,東海村,経営体
-,150,経営体数,17,直売所,18500,ひたちなか市,経営体
-,150,経営体数,17,直売所,18540,大洗町,経営体
x,150,経営体数,17,直売所,18560,鉾田市,経営体
-,150,経営体数,17,直売所,18600,鹿嶋市,経営体
-,150,経営体数,17,直売所,18620,神栖市,経営体
12,150,経営体数,17,直売所,20460,千葉県,経営体
-,150,経営体数,17,直売所,20480,銚子市,経営体
-,150,経営体数,17,直売所,20500,旭市,経営体
-,150,経営体数,17,直売所,20530,匝瑳市,経営体
-,150,経営体数,17,直売所,20560,横芝光町,経営体
3,150,経営体数,17,直売所,20590,山武市,経営体
x,150,経営体数,17,直売所,20620,九十九里町,経営体
-,150,経営体数,17,直売所,20640,大網白里町,経営体
-,150,経営体数,17,直売所,20660,白子町,経営体
x,150,経営体数,17,直売所,20680,長生村,経営体
x,150,経営体数,17,直売所,20700,一宮町,経営体
-,150,経営体数,17,直売所,20720,いすみ市,経営体
-,150,経営体数,17,直売所,20750,御宿町,経営体
-,150,経営体数,17,直売所,20780,勝浦市,経営体
1,150,経営体数,17,直売所,20870,鴨川市,経営体
2,150,経営体数,17,直売所,20920,南房総市,経営体
3,150,経営体数,17,直売所,20990,館山市,経営体
1,150,経営体数,17,直売所,21050,鋸南町,経営体
-,150,経営体数,17,直売所,21080,富津市,経営体
-,150,経営体数,17,直売所,21130,君津市,経営体
2,150,経営体数,17,直売所,21150,木更津市,経営体
x,150,経営体数,17,直売所,21220,袖ヶ浦市,経営体
-,150,経営体数,17,直売所,21240,市原市,経営体
-,150,経営体数,17,直売所,21260,千葉市,経営体
-,150,経営体数,17,直売所,21280,習志野市,経営体
-,150,経営体数,17,直売所,21300,船橋市,経営体
-,150,経営体数,17,直売所,21320,市川市,経営体
-,150,経営体数,17,直売所,21350,浦安市,経営体
8,150,経営体数,17,直売所,21670,東京都,経営体
-,150,経営体数,17,直売所,21690,江戸川区,経営体
-,150,経営体数,17,直売所,21710,葛飾区,経営体
-,150,経営体数,17,直売所,21730,江東区,経営体
-,150,経営体数,17,直売所,21750,墨田区,経営体
-,150,経営体数,17,直売所,21770,中央区,経営体
-,150,経営体数,17,直売所,21790,台東区,経営体
-,150,経営体数,17,直売所,21810,港区,経営体
-,150,経営体数,17,直売所,21830,品川区,経営体
-,150,経営体数,17,直売所,21850,大田区,経営体
-,150,経営体数,17,直売所,21870,千代田区,経営体
7,150,経営体数,17,直売所,21890,大島町,経営体
-,150,経営体数,17,直売所,21950,利島村,経営体
-,150,経営体数,17,直売所,21970,新島村,経営体
-,150,経営体数,17,直売所,22010,神津島村,経営体
-,150,経営体数,17,直売所,22030,三宅村,経営体
-,150,経営体数,17,直売所,22090,御蔵島村,経営体
-,150,経営体数,17,直売所,22110,八丈町,経営体
-,150,経営体数,17,直売所,22160,青ヶ島村,経営体
1,150,経営体数,17,直売所,22180,小笠原村,経営体
18,150,経営体数,17,直売所,22650,神奈川県,経営体
x,150,経営体数,17,直売所,22670,川崎市,経営体
2,150,経営体数,17,直売所,22690,横浜市,経営体
4,150,経営体数,17,直売所,22750,横須賀市,経営体
-,150,経営体数,17,直売所,22840,三浦市,経営体
1,150,経営体数,17,直売所,22970,葉山町,経営体
-,150,経営体数,17,直売所,22990,逗子市,経営体
2,150,経営体数,17,直売所,23010,鎌倉市,経営体
1,150,経営体数,17,直売所,23040,藤沢市,経営体
1,150,経営体数,17,直売所,23070,茅ヶ崎市,経営体
1,150,経営体数,17,直売所,23090,平塚市,経営体
2,150,経営体数,17,直売所,23110,大磯町,経営体
x,150,経営体数,17,直売所,23130,二宮町,経営体
2,150,経営体数,17,直売所,23150,小田原市,経営体
2,150,経営体数,17,直売所,23180,真鶴町,経営体
-,150,経営体数,17,直売所,23210,湯河原町,経営体
22,150,経営体数,17,直売所,23420,新潟県,経営体
-,150,経営体数,17,直売所,23440,粟島浦村,経営体
2,150,経営体数,17,直売所,23460,村上市,経営体
-,150,経営体数,17,直売所,23510,胎内市,経営体
-,150,経営体数,17,直売所,23530,新発田市,経営体
-,150,経営体数,17,直売所,23550,聖籠町,経営体
6,150,経営体数,17,直売所,23570,新潟市,経営体
-,150,経営体数,17,直売所,23640,長岡市,経営体
-,150,経営体数,17,直売所,23660,出雲崎町,経営体
-,150,経営体数,17,直売所,23680,柏崎市,経営体
1,150,経営体数,17,直売所,23710,上越市,経営体
6,150,経営体数,17,直売所,23760,糸魚川市,経営体
7,150,経営体数,17,直売所,23840,佐渡市,経営体
4,150,経営体数,17,直売所,24320,富山県,経営体
-,150,経営体数,17,直売所,24340,朝日町,経営体
-,150,経営体数,17,直売所,24360,入善町,経営体
1,150,経営体数,17,直売所,24400,黒部市,経営体
2,150,経営体数,17,直売所,24430,魚津市,経営体
-,150,経営体数,17,直売所,24460,滑川市,経営体
-,150,経営体数,17,直売所,24480,富山市,経営体
1,150,経営体数,17,直売所,24520,射水市,経営体
-,150,経営体数,17,直売所,24550,高岡市,経営体
-,150,経営体数,17,直売所,24570,氷見市,経営体
28,150,経営体数,17,直売所,24700,石川県,経営体
14,150,経営体数,17,直売所,24720,七尾市,経営体
3,150,経営体数,17,直売所,24810,穴水町,経営体
-,150,経営体数,17,直売所,24850,能登町,経営体
1,150,経営体数,17,直売所,24900,珠洲市,経営体
2,150,経営体数,17,直売所,24960,輪島市,経営体
7,150,経営体数,17,直売所,24990,志賀町,経営体
-,150,経営体数,17,直売所,25040,羽咋市,経営体
-,150,経営体数,17,直売所,25070,宝達志水町,経営体
-,150,経営体数,17,直売所,25100,かほく市,経営体
-,150,経営体数,17,直売所,25140,内灘町,経営体
-,150,経営体数,17,直売所,25160,金沢市,経営体
1,150,経営体数,17,直売所,25180,白山市,経営体
-,150,経営体数,17,直売所,25210,能美市,経営体
-,150,経営体数,17,直売所,25230,小松市,経営体
-,150,経営体数,17,直売所,25250,加賀市,経営体
5,150,経営体数,17,直売所,25330,福井県,経営体
1,150,経営体数,17,直売所,25350,あわら市,経営体
1,150,経営体数,17,直売所,25370,坂井市,経営体
-,150,経営体数,17,直売所,25390,福井市,経営体
2,150,経営体数,17,直売所,25420,越前町,経営体
-,150,経営体数,17,直売所,25440,南越前町,経営体
-,150,経営体数,17,直売所,25460,敦賀市,経営体
-,150,経営体数,17,直売所,25480,美浜町,経営体
1,150,経営体数,17,直売所,25510,若狭町,経営体
-,150,経営体数,17,直売所,25530,小浜市,経営体
-,150,経営体数,17,直売所,25550,おおい町,経営体
-,150,経営体数,17,直売所,25570,高浜町,経営体
36,150,経営体数,17,直売所,27230,静岡県,経営体
-,150,経営体数,17,直売所,27250,熱海市,経営体
1,150,経営体数,17,直売所,27290,伊東市,経営体
-,150,経営体数,17,直売所,27340,東伊豆町,経営体
-,150,経営体数,17,直売所,27370,河津町,経営体
-,150,経営体数,17,直売所,27390,下田市,経営体
1,150,経営体数,17,直売所,27440,南伊豆町,経営体
2,150,経営体数,17,直売所,27490,松崎町,経営体
-,150,経営体数,17,直売所,27510,西伊豆町,経営体
1,150,経営体数,17,直売所,27550,伊豆市,経営体
23,150,経営体数,17,直売所,27570,沼津市,経営体
-,150,経営体数,17,直売所,27630,富士市,経営体
4,150,経営体数,17,直売所,27650,静岡市,経営体
-,150,経営体数,17,直売所,27690,由比町,経営体
-,150,経営体数,17,直売所,27710,焼津市,経営体
x,150,経営体数,17,直売所,27730,大井川町,経営体
2,150,経営体数,17,直売所,27750,吉田町,経営体
1,150,経営体数,17,直売所,27770,牧之原市,経営体
1,150,経営体数,17,直売所,27810,御前崎市,経営体
-,150,経営体数,17,直売所,27840,掛川市,経営体
x,150,経営体数,17,直売所,27870,袋井市,経営体
-,150,経営体数,17,直売所,27890,磐田市,経営体
-,150,経営体数,17,直売所,27930,浜松市,経営体
-,150,経営体数,17,直売所,28000,湖西市,経営体
-,150,経営体数,17,直売所,28020,新居町,経営体
6,150,経営体数,17,直売所,28220,愛知県,経営体
3,150,経営体数,17,直売所,28240,田原市,経営体
x,150,経営体数,17,直売所,28370,豊橋市,経営体
-,150,経営体数,17,直売所,28400,豊川市,経営体
-,150,経営体数,17,直売所,28420,蒲郡市,経営体
-,150,経営体数,17,直売所,28470,幡豆町,経営体
-,150,経営体数,17,直売所,28500,吉良町,経営体
-,150,経営体数,17,直売所,28530,一色町,経営体
-,150,経営体数,17,直売所,28590,西尾市,経営体
-,150,経営体数,17,直売所,28610,碧南市,経営体
-,150,経営体数,17,直売所,28630,高浜市,経営体
x,150,経営体数,17,直売所,28650,刈谷市,経営体
-,150,経営体数,17,直売所,28670,東浦町,経営体
-,150,経営体数,17,直売所,28690,半田市,経営体
-,150,経営体数,17,直売所,28710,武豊町,経営体
3,150,経営体数,17,直売所,28730,美浜町,経営体
-,150,経営体数,17,直売所,28760,南知多町,経営体
-,150,経営体数,17,直売所,28850,常滑市,経営体
-,150,経営体数,17,直売所,28900,知多市,経営体
-,150,経営体数,17,直売所,28920,東海市,経営体
-,150,経営体数,17,直売所,28940,名古屋市,経営体
-,150,経営体数,17,直売所,28970,飛島村,経営体
-,150,経営体数,17,直売所,28990,弥富市,経営体
55,150,経営体数,17,直売所,29410,三重県,経営体
-,150,経営体数,17,直売所,29430,木曽岬町,経営体
-,150,経営体数,17,直売所,29450,桑名市,経営体
3,150,経営体数,17,直売所,29500,川越町,経営体
-,150,経営体数,17,直売所,29520,四日市市,経営体
9,150,経営体数,17,直売所,29580,鈴鹿市,経営体
-,150,経営体数,17,直売所,29630,津市,経営体
2,150,経営体数,17,直売所,29700,松阪市,経営体
-,150,経営体数,17,直売所,29780,明和町,経営体
19,150,経営体数,17,直売所,29810,伊勢市,経営体
10,150,経営体数,17,直売所,29930,鳥羽市,経営体
4,150,経営体数,17,直売所,30100,志摩市,経営体
6,150,経営体数,17,直売所,30380,南伊勢町,経営体
-,150,経営体数,17,直売所,30560,大紀町,経営体
1,150,経営体数,17,直売所,30580,紀北町,経営体
-,150,経営体数,17,直売所,30680,尾鷲市,経営体
1,150,経営体数,17,直売所,30790,熊野市,経営体
-,150,経営体数,17,直売所,30860,御浜町,経営体
-,150,経営体数,17,直売所,30880,紀宝町,経営体
8,150,経営体数,17,直売所,31310,京都府,経営体
-,150,経営体数,17,直売所,31330,舞鶴市,経営体
1,150,経営体数,17,直売所,31410,宮津市,経営体
-,150,経営体数,17,直売所,31470,与謝野町,経営体
2,150,経営体数,17,直売所,31490,伊根町,経営体
5,150,経営体数,17,直売所,31560,京丹後市,経営体
29,150,経営体数,17,直売所,31890,大阪府,経営体
1,150,経営体数,17,直売所,31910,大阪市,経営体
5,150,経営体数,17,直売所,31980,堺市,経営体
-,150,経営体数,17,直売所,32010,高石市,経営体
-,150,経営体数,17,直売所,32030,泉大津市,経営体
x,150,経営体数,17,直売所,32050,忠岡町,経営体
-,150,経営体数,17,直売所,32070,岸和田市,経営体
x,150,経営体数,17,直売所,32100,貝塚市,経営体
-,150,経営体数,17,直売所,32120,泉佐野市,経営体
22,150,経営体数,17,直売所,32140,田尻町,経営体
1,150,経営体数,17,直売所,32160,泉南市,経営体
-,150,経営体数,17,直売所,32190,阪南市,経営体
-,150,経営体数,17,直売所,32230,岬町,経営体
42,150,経営体数,17,直売所,32600,兵庫県,経営体
-,150,経営体数,17,直売所,32610,日本海西区,経営体
-,150,経営体数,17,直売所,32630,豊岡市,経営体
-,150,経営体数,17,直売所,32660,香美町,経営体
-,150,経営体数,17,直売所,32690,新温泉町,経営体
42,150,経営体数,17,直売所,32730,瀬戸内海区,経営体
-,150,経営体数,17,直売所,32750,尼崎市,経営体
-,150,経営体数,17,直売所,32770,西宮市,経営体
x,150,経営体数,17,直売所,32790,芦屋市,経営体
-,150,経営体数,17,直売所,32810,神戸市,経営体
-,150,経営体数,17,直売所,32910,明石市,経営体
x,150,経営体数,17,直売所,32990,播磨町,経営体
-,150,経営体数,17,直売所,33010,加古川市,経営体
1,150,経営体数,17,直売所,33040,高砂市,経営体
16,150,経営体数,17,直売所,33090,姫路市,経営体
3,150,経営体数,17,直売所,33220,たつの市,経営体
1,150,経営体数,17,直売所,33260,相生市,経営体
14,150,経営体数,17,直売所,33280,赤穂市,経営体
-,150,経営体数,17,直売所,33320,淡路市,経営体
-,150,経営体数,17,直売所,33490,洲本市,経営体
7,150,経営体数,17,直売所,33550,南あわじ市,経営体
26,150,経営体数,17,直売所,34290,和歌山県,経営体
16,150,経営体数,17,直売所,34300,太平洋南区,経営体
-,150,経営体数,17,直売所,34320,美浜町,経営体
-,150,経営体数,17,直売所,34350,御坊市,経営体
-,150,経営体数,17,直売所,34370,印南町,経営体
-,150,経営体数,17,直売所,34390,みなべ町,経営体
7,150,経営体数,17,直売所,34410,田辺市,経営体
6,150,経営体数,17,直売所,34450,白浜町,経営体
-,150,経営体数,17,直売所,34490,すさみ町,経営体
-,150,経営体数,17,直売所,34510,串本町,経営体
2,150,経営体数,17,直売所,34600,那智勝浦町,経営体
1,150,経営体数,17,直売所,34650,太地町,経営体
-,150,経営体数,17,直売所,34670,新宮市,経営体
10,150,経営体数,17,直売所,34700,瀬戸内海区,経営体
1,150,経営体数,17,直売所,34720,和歌山市,経営体
-,150,経営体数,17,直売所,34810,海南市,経営体
1,150,経営体数,17,直売所,34870,有田市,経営体
-,150,経営体数,17,直売所,34920,湯浅町,経営体
-,150,経営体数,17,直売所,34960,広川町,経営体
-,150,経営体数,17,直売所,34980,由良町,経営体
8,150,経営体数,17,直売所,35040,日高町,経営体
15,150,経営体数,17,直売所,35190,鳥取県,経営体
-,150,経営体数,17,直売所,35210,岩美町,経営体
-,150,経営体数,17,直売所,35260,鳥取市,経営体
-,150,経営体数,17,直売所,35330,湯梨浜町,経営体
-,150,経営体数,17,直売所,35360,北栄町,経営体
-,150,経営体数,17,直売所,35390,琴浦町,経営体
-,150,経営体数,17,直売所,35420,大山町,経営体
2,150,経営体数,17,直売所,35460,米子市,経営体
12,150,経営体数,17,直売所,35490,日吉津村,経営体
1,150,経営体数,17,直売所,35510,境港市,経営体
51,150,経営体数,17,直売所,35650,島根県,経営体
-,150,経営体数,17,直売所,35670,安来市,経営体
-,150,経営体数,17,直売所,35700,東出雲町,経営体
3,150,経営体数,17,直売所,35720,松江市,経営体
1,150,経営体数,17,直売所,35870,出雲市,経営体
-,150,経営体数,17,直売所,35960,大田市,経営体
-,150,経営体数,17,直売所,36070,江津市,経営体
1,150,経営体数,17,直売所,36100,浜田市,経営体
-,150,経営体数,17,直売所,36170,益田市,経営体
1,150,経営体数,17,直売所,36200,隠岐の島町,経営体
45,150,経営体数,17,直売所,36290,海士町,経営体
-,150,経営体数,17,直売所,36340,西ノ島町,経営体
-,150,経営体数,17,直売所,36370,知夫村,経営体
21,150,経営体数,17,直売所,36490,岡山県,経営体
15,150,経営体数,17,直売所,36510,備前市,経営体
-,150,経営体数,17,直売所,36560,瀬戸内市,経営体
1,150,経営体数,17,直売所,36590,岡山市,経営体
-,150,経営体数,17,直売所,36650,玉野市,経営体
3,150,経営体数,17,直売所,36690,倉敷市,経営体
2,150,経営体数,17,直売所,36770,浅口市,経営体
-,150,経営体数,17,直売所,36790,笠岡市,経営体
61,150,経営体数,17,直売所,37070,広島県,経営体
1,150,経営体数,17,直売所,37090,福山市,経営体
4,150,経営体数,17,直売所,37190,尾道市,経営体
-,150,経営体数,17,直売所,37290,三原市,経営体
-,150,経営体数,17,直売所,37330,竹原市,経営体
-,150,経営体数,17,直売所,37370,東広島市,経営体
-,150,経営体数,17,直売所,37400,大崎上島町,経営体
33,150,経営体数,17,直売所,37440,呉市,経営体
2,150,経営体数,17,直売所,37600,江田島市,経営体
-,150,経営体数,17,直売所,37720,坂町,経営体
-,150,経営体数,17,直売所,37740,海田町,経営体
6,150,経営体数,17,直売所,37760,広島市,経営体
15,150,経営体数,17,直売所,37830,廿日市市,経営体
-,150,経営体数,17,直売所,37870,大竹市,経営体
123,150,経営体数,17,直売所,38010,山口県,経営体
56,150,経営体数,17,直売所,38020,東シナ海区,経営体
1,150,経営体数,17,直売所,38040,萩市,経営体
1,150,経営体数,17,直売所,38200,阿武町,経営体
1,150,経営体数,17,直売所,38240,長門市,経営体
53,150,経営体数,17,直売所,38400,下関市,経営体
67,150,経営体数,17,直売所,38630,瀬戸内海区,経営体
8,150,経営体数,17,直売所,38650,周防大島町,経営体
-,150,経営体数,17,直売所,38730,和木町,経営体
5,150,経営体数,17,直売所,38750,岩国市,経営体
16,150,経営体数,17,直売所,38820,柳井市,経営体
1,150,経営体数,17,直売所,38890,上関町,経営体
-,150,経営体数,17,直売所,38940,平生町,経営体
2,150,経営体数,17,直売所,38960,田布施町,経営体
-,150,経営体数,17,直売所,38990,光市,経営体
-,150,経営体数,17,直売所,39020,下松市,経営体
-,150,経営体数,17,直売所,39040,周南市,経営体
-,150,経営体数,17,直売所,39120,防府市,経営体
21,150,経営体数,17,直売所,39230,山口市,経営体
1,150,経営体数,17,直売所,39310,宇部市,経営体
11,150,経営体数,17,直売所,39380,山陽小野田市,経営体
2,150,経営体数,17,直売所,39430,下関市,経営体
15,150,経営体数,17,直売所,39530,徳島県,経営体
2,150,経営体数,17,直売所,39540,太平洋南区,経営体
-,150,経営体数,17,直売所,39560,美波町,経営体
-,150,経営体数,17,直売所,39640,牟岐町,経営体
2,150,経営体数,17,直売所,39660,海陽町,経営体
13,150,経営体数,17,直売所,39700,瀬戸内海区,経営体
3,150,経営体数,17,直売所,39720,鳴門市,経営体
-,150,経営体数,17,直売所,39800,松茂町,経営体
1,150,経営体数,17,直売所,39820,徳島市,経営体
1,150,経営体数,17,直売所,39860,小松島市,経営体
8,150,経営体数,17,直売所,39890,阿南市,経営体
21,150,経営体数,17,直売所,40150,香川県,経営体
2,150,経営体数,17,直売所,40170,東かがわ市,経営体
5,150,経営体数,17,直売所,40210,さぬき市,経営体
1,150,経営体数,17,直売所,40270,小豆島町,経営体
-,150,経営体数,17,直売所,40300,土庄町,経営体
2,150,経営体数,17,直売所,40380,高松市,経営体
-,150,経営体数,17,直売所,40480,直島町,経営体
1,150,経営体数,17,直売所,40500,坂出市,経営体
-,150,経営体数,17,直売所,40550,宇多津町,経営体
-,150,経営体数,17,直売所,40570,丸亀市,経営体
1,150,経営体数,17,直売所,40620,多度津町,経営体
7,150,経営体数,17,直売所,40670,三豊市,経営体
2,150,経営体数,17,直売所,40760,観音寺市,経営体
72,150,経営体数,17,直売所,40880,愛媛県,経営体
26,150,経営体数,17,直売所,40890,太平洋南区,経営体
-,150,経営体数,17,直売所,40910,八幡浜市,経営体
-,150,経営体数,17,直売所,40940,西予市,経営体
20,150,経営体数,17,直売所,40970,宇和島市,経営体
6,150,経営体数,17,直売所,41090,愛南町,経営体
46,150,経営体数,17,直売所,41180,瀬戸内海区,経営体
2,150,経営体数,17,直売所,41200,四国中央市,経営体
-,150,経営体数,17,直売所,41250,新居浜市,経営体
2,150,経営体数,17,直売所,41310,西条市,経営体
1,150,経営体数,17,直売所,41390,上島町,経営体
9,150,経営体数,17,直売所,41440,今治市,経営体
28,150,経営体数,17,直売所,41600,松山市,経営体
-,150,経営体数,17,直売所,41780,松前町,経営体
-,150,経営体数,17,直売所,41800,伊予市,経営体
-,150,経営体数,17,直売所,41840,大洲市,経営体
-,150,経営体数,17,直売所,41870,八幡浜市,経営体
4,150,経営体数,17,直売所,41900,伊方町,経営体
33,150,経営体数,17,直売所,42060,高知県,経営体
-,150,経営体数,17,直売所,42080,東洋町,経営体
-,150,経営体数,17,直売所,42110,室戸市,経営体
-,150,経営体数,17,直売所,42200,奈半利町,経営体
-,150,経営体数,17,直売所,42230,田野町,経営体
-,150,経営体数,17,直売所,42250,安田町,経営体
-,150,経営体数,17,直売所,42270,安芸市,経営体
-,150,経営体数,17,直売所,42330,芸西村,経営体
12,150,経営体数,17,直売所,42350,香南市,経営体
-,150,経営体数,17,直売所,42400,南国市,経営体
-,150,経営体数,17,直売所,42450,高知市,経営体
2,150,経営体数,17,直売所,42500,土佐市,経営体
2,150,経営体数,17,直売所,42540,須崎市,経営体
1,150,経営体数,17,直売所,42610,中土佐町,経営体
-,150,経営体数,17,直売所,42650,四万十町,経営体
2,150,経営体数,17,直売所,42680,黒潮町,経営体
-,150,経営体数,17,直売所,42740,四万十市,経営体
7,150,経営体数,17,直売所,42760,土佐清水市,経営体
1,150,経営体数,17,直売所,42850,大月町,経営体
6,150,経営体数,17,直売所,42980,宿毛市,経営体
353,150,経営体数,17,直売所,43240,福岡県,経営体
325,150,経営体数,17,直売所,43250,東シナ海区,経営体
55,150,経営体数,17,直売所,43270,北九州市,経営体
7,150,経営体数,17,直売所,43410,芦屋町,経営体
2,150,経営体数,17,直売所,43440,岡垣町,経営体
13,150,経営体数,17,直売所,43460,宗像市,経営体
17,150,経営体数,17,直売所,43510,福津市,経営体
-,150,経営体数,17,直売所,43540,古賀市,経営体
5,150,経営体数,17,直売所,43560,新宮町,経営体
8,150,経営体数,17,直売所,43590,福岡市,経営体
162,150,経営体数,17,直売所,43770,志摩町,経営体
3,150,経営体数,17,直売所,43830,前原市,経営体
53,150,経営体数,17,直売所,43850,二丈町,経営体
-,150,経営体数,17,直売所,43880,久留米市,経営体
-,150,経営体数,17,直売所,43920,大川市,経営体
-,150,経営体数,17,直売所,43980,柳川市,経営体
-,150,経営体数,17,直売所,44080,みやま市,経営体
-,150,経営体数,17,直売所,44110,大牟田市,経営体
28,150,経営体数,17,直売所,44140,瀬戸内海区,経営体
2,150,経営体数,17,直売所,44160,北九州市,経営体
-,150,経営体数,17,直売所,44230,苅田町,経営体
1,150,経営体数,17,直売所,44250,行橋市,経営体
-,150,経営体数,17,直売所,44300,築上町,経営体
23,150,経営体数,17,直売所,44330,豊前市,経営体
2,150,経営体数,17,直売所,44370,吉富町,経営体
70,150,経営体数,17,直売所,44850,佐賀県,経営体
15,150,経営体数,17,直売所,44870,唐津市,経営体
3,150,経営体数,17,直売所,45120,玄海町,経営体
2,150,経営体数,17,直売所,45150,伊万里市,経営体
x,150,経営体数,17,直売所,45170,神埼市,経営体
33,150,経営体数,17,直売所,45190,佐賀市,経営体
1,150,経営体数,17,直売所,45280,小城市,経営体
-,150,経営体数,17,直売所,45300,江北町,経営体
5,150,経営体数,17,直売所,45320,白石町,経営体
x,150,経営体数,17,直売所,45360,嬉野市,経営体
3,150,経営体数,17,直売所,45380,鹿島市,経営体
8,150,経営体数,17,直売所,45430,太良町,経営体
451,150,経営体数,17,直売所,45570,長崎県,経営体
3,150,経営体数,17,直売所,45590,対馬市,経営体
7,150,経営体数,17,直売所,45890,壱岐市,経営体
47,150,経営体数,17,直売所,45950,松浦市,経営体
9,150,経営体数,17,直売所,46000,平戸市,経営体
2,150,経営体数,17,直売所,46140,鹿町町,経営体
60,150,経営体数,17,直売所,46160,佐世保市,経営体
-,150,経営体数,17,直売所,46240,小値賀町,経営体
6,150,経営体数,17,直売所,46260,川棚町,経営体
13,150,経営体数,17,直売所,46280,東彼杵町,経営体
4,150,経営体数,17,直売所,46300,大村市,経営体
9,150,経営体数,17,直売所,46340,諫早市,経営体
17,150,経営体数,17,直売所,46450,長与町,経営体
16,150,経営体数,17,直売所,46470,時津町,経営体
109,150,経営体数,17,直売所,46490,長崎市,経営体
113,150,経営体数,17,直売所,46680,西海市,経営体
24,150,経営体数,17,直売所,46750,雲仙市,経営体
2,150,経営体数,17,直売所,46850,南島原市,経営体
2,150,経営体数,17,直売所,46930,島原市,経営体
5,150,経営体数,17,直売所,46970,新上五島町,経営体
3,150,経営体数,17,直売所,47140,五島市,経営体
92,150,経営体数,17,直売所,47350,熊本県,経営体
-,150,経営体数,17,直売所,47370,荒尾市,経営体
-,150,経営体数,17,直売所,47400,長洲町,経営体
1,150,経営体数,17,直売所,47420,玉名市,経営体
9,150,経営体数,17,直売所,47490,熊本市,経営体
11,150,経営体数,17,直売所,47590,宇土市,経営体
4,150,経営体数,17,直売所,47630,宇城市,経営体
5,150,経営体数,17,直売所,47720,氷川町,経営体
7,150,経営体数,17,直売所,47740,八代市,経営体
1,150,経営体数,17,直売所,47820,芦北町,経営体
1,150,経営体数,17,直売所,47850,津奈木町,経営体
1,150,経営体数,17,直売所,47870,水俣市,経営体
34,150,経営体数,17,直売所,47890,上天草市,経営体
18,150,経営体数,17,直売所,48010,天草市,経営体
-,150,経営体数,17,直売所,48250,苓北町,経営体
54,150,経営体数,17,直売所,48650,大分県,経営体
24,150,経営体数,17,直売所,48660,太平洋南区,経営体
-,150,経営体数,17,直売所,48680,大分市,経営体
-,150,経営体数,17,直売所,48700,臼杵市,経営体
4,150,経営体数,17,直売所,48720,津久見市,経営体
20,150,経営体数,17,直売所,48750,佐伯市,経営体
30,150,経営体数,17,直売所,48860,瀬戸内海区,経営体
1,150,経営体数,17,直売所,48880,中津市,経営体
3,150,経営体数,17,直売所,48900,宇佐市,経営体
4,150,経営体数,17,直売所,48950,豊後高田市,経営体
7,150,経営体数,17,直売所,48990,国東市,経営体
1,150,経営体数,17,直売所,49050,姫島村,経営体
13,150,経営体数,17,直売所,49070,杵築市,経営体
1,150,経営体数,17,直売所,49090,日出町,経営体
-,150,経営体数,17,直売所,49120,別府市,経営体
-,150,経営体数,17,直売所,49140,大分市,経営体
6,150,経営体数,17,直売所,49240,宮崎県,経営体
-,150,経営体数,17,直売所,49260,延岡市,経営体
1,150,経営体数,17,直売所,49320,門川町,経営体
-,150,経営体数,17,直売所,49350,日向市,経営体
-,150,経営体数,17,直売所,49380,都農町,経営体
-,150,経営体数,17,直売所,49400,川南町,経営体
-,150,経営体数,17,直売所,49420,高鍋町,経営体
2,150,経営体数,17,直売所,49440,新富町,経営体
2,150,経営体数,17,直売所,49460,宮崎市,経営体
-,150,経営体数,17,直売所,49510,日南市,経営体
-,150,経営体数,17,直売所,49550,南郷町,経営体
1,150,経営体数,17,直売所,49590,串間市,経営体
54,150,経営体数,17,直売所,49840,鹿児島県,経営体
1,150,経営体数,17,直売所,49860,出水市,経営体
3,150,経営体数,17,直売所,49890,長島町,経営体
-,150,経営体数,17,直売所,49920,阿久根市,経営体
2,150,経営体数,17,直売所,49960,薩摩川内市,経営体
2,150,経営体数,17,直売所,50040,いちき串木野市,経営体
-,150,経営体数,17,直売所,50090,日置市,経営体
-,150,経営体数,17,直売所,50140,南さつま市,経営体
-,150,経営体数,17,直売所,50230,枕崎市,経営体
-,150,経営体数,17,直売所,50250,南九州市,経営体
1,150,経営体数,17,直売所,50280,指宿市,経営体
4,150,経営体数,17,直売所,50330,鹿児島市,経営体
18,150,経営体数,17,直売所,50390,姶良町,経営体
1,150,経営体数,17,直売所,50410,加治木町,経営体
-,150,経営体数,17,直売所,50430,霧島市,経営体
4,150,経営体数,17,直売所,50470,垂水市,経営体
-,150,経営体数,17,直売所,50500,鹿屋市,経営体
2,150,経営体数,17,直売所,50520,錦江町,経営体
-,150,経営体数,17,直売所,50540,南大隅町,経営体
3,150,経営体数,17,直売所,50580,肝付町,経営体
-,150,経営体数,17,直売所,50630,東串良町,経営体
1,150,経営体数,17,直売所,50650,大崎町,経営体
-,150,経営体数,17,直売所,50670,志布志市,経営体
1,150,経営体数,17,直売所,50700,三島村,経営体
-,150,経営体数,17,直売所,50720,十島村,経営体
-,150,経営体数,17,直売所,50740,西之表市,経営体
-,150,経営体数,17,直売所,50760,中種子町,経営体
1,150,経営体数,17,直売所,50780,南種子町,経営体
1,150,経営体数,17,直売所,50800,屋久島町,経営体
-,150,経営体数,17,直売所,50830,奄美市,経営体
-,150,経営体数,17,直売所,50870,龍郷町,経営体
-,150,経営体数,17,直売所,50890,大和村,経営体
1,150,経営体数,17,直売所,50910,宇検村,経営体
1,150,経営体数,17,直売所,50930,瀬戸内町,経営体
-,150,経営体数,17,直売所,50950,喜界町,経営体
-,150,経営体数,17,直売所,50970,徳之島町,経営体
-,150,経営体数,17,直売所,50990,天城町,経営体
1,150,経営体数,17,直売所,51010,伊仙町,経営体
5,150,経営体数,17,直売所,51030,和泊町,経営体
1,150,経営体数,17,直売所,51050,知名町,経営体
-,150,経営体数,17,直売所,51070,与論町,経営体
133,150,経営体数,17,直売所,51170,沖縄県,経営体
-,150,経営体数,17,直売所,51190,国頭村,経営体
1,150,経営体数,17,直売所,51210,大宜味村,経営体
1,150,経営体数,17,直売所,51230,東村,経営体
6,150,経営体数,17,直売所,51250,名護市,経営体
2,150,経営体数,17,直売所,51270,今帰仁村,経営体
4,150,経営体数,17,直売所,51290,本部町,経営体
2,150,経営体数,17,直売所,51310,恩納村,経営体
-,150,経営体数,17,直売所,51330,宜野座村,経営体
-,150,経営体数,17,直売所,51350,金武町,経営体
1,150,経営体数,17,直売所,51370,伊江村,経営体
1,150,経営体数,17,直売所,51390,伊是名村,経営体
-,150,経営体数,17,直売所,51410,伊平屋村,経営体
42,150,経営体数,17,直売所,51430,うるま市,経営体
27,150,経営体数,17,直売所,51480,沖縄市,経営体
-,150,経営体数,17,直売所,51500,読谷村,経営体
-,150,経営体数,17,直売所,51520,嘉手納町,経営体
-,150,経営体数,17,直売所,51540,北谷町,経営体
-,150,経営体数,17,直売所,51560,北中城村,経営体
-,150,経営体数,17,直売所,51580,中城村,経営体
1,150,経営体数,17,直売所,51600,西原町,経営体
1,150,経営体数,17,直売所,51620,宜野湾市,経営体
-,150,経営体数,17,直売所,51640,浦添市,経営体
5,150,経営体数,17,直売所,51660,那覇市,経営体
2,150,経営体数,17,直売所,51680,豊見城市,経営体
2,150,経営体数,17,直売所,51700,糸満市,経営体
-,150,経営体数,17,直売所,51720,八重瀬町,経営体
3,150,経営体数,17,直売所,51740,南城市,経営体
-,150,経営体数,17,直売所,51780,与那原町,経営体
-,150,経営体数,17,直売所,51800,久米島町,経営体
1,150,経営体数,17,直売所,51820,座間味村,経営体
-,150,経営体数,17,直売所,51840,渡嘉敷村,経営体
-,150,経営体数,17,直売所,51860,渡名喜村,経営体
5,150,経営体数,17,直売所,51880,粟国村,経営体
-,150,経営体数,17,直売所,51900,南大東村,経営体
-,150,経営体数,17,直売所,51920,北大東村,経営体
18,150,経営体数,17,直売所,51940,宮古島市,経営体
-,150,経営体数,17,直売所,52000,多良間村,経営体
7,150,経営体数,17,直売所,52020,石垣市,経営体
1,150,経営体数,17,直売所,52040,竹富町,経営体
-,150,経営体数,17,直売所,52060,与那国町,経営体
13817,150,経営体数,18,自家販売,10010,全国,経営体
591,150,経営体数,18,自家販売,10020,北海道,経営体
229,150,経営体数,18,自家販売,10060,北海道太平洋北区,経営体
8,150,経営体数,18,自家販売,10070,根室支庁,経営体
6,150,経営体数,18,自家販売,10090,羅臼町,経営体
1,150,経営体数,18,自家販売,10110,標津町,経営体
-,150,経営体数,18,自家販売,10130,別海町,経営体
1,150,経営体数,18,自家販売,10160,根室市,経営体
97,150,経営体数,18,自家販売,10240,釧路支庁,経営体
15,150,経営体数,18,自家販売,10260,浜中町,経営体
45,150,経営体数,18,自家販売,10290,厚岸町,経営体
19,150,経営体数,18,自家販売,10310,釧路町,経営体
1,150,経営体数,18,自家販売,10330,釧路市,経営体
17,150,経営体数,18,自家販売,10370,白糠町,経営体
16,150,経営体数,18,自家販売,10430,十勝支庁,経営体
-,150,経営体数,18,自家販売,10450,浦幌町,経営体
-,150,経営体数,18,自家販売,10470,豊頃町,経営体
-,150,経営体数,18,自家販売,10490,大樹町,経営体
16,150,経営体数,18,自家販売,10510,広尾町,経営体
4,150,経営体数,18,自家販売,10690,日高支庁,経営体
-,150,経営体数,18,自家販売,10710,えりも町,経営体
-,150,経営体数,18,自家販売,10740,様似町,経営体
-,150,経営体数,18,自家販売,10770,浦河町,経営体
-,150,経営体数,18,自家販売,10800,新ひだか町,経営体
-,150,経営体数,18,自家販売,10830,新冠町,経営体
4,150,経営体数,18,自家販売,10850,日高町,経営体
31,150,経営体数,18,自家販売,10890,胆振支庁,経営体
1,150,経営体数,18,自家販売,10910,むかわ町,経営体
-,150,経営体数,18,自家販売,10930,厚真町,経営体
-,150,経営体数,18,自家販売,10950,苫小牧市,経営体
9,150,経営体数,18,自家販売,10970,白老町,経営体
-,150,経営体数,18,自家販売,11000,登別市,経営体
13,150,経営体数,18,自家販売,11020,室蘭市,経営体
8,150,経営体数,18,自家販売,11040,伊達市,経営体
-,150,経営体数,18,自家販売,11070,洞爺湖町,経営体
-,150,経営体数,18,自家販売,11090,豊浦町,経営体
73,150,経営体数,18,自家販売,11140,渡島支庁,経営体
-,150,経営体数,18,自家販売,11160,長万部町,経営体
5,150,経営体数,18,自家販売,11180,八雲町,経営体
5,150,経営体数,18,自家販売,11210,森町,経営体
-,150,経営体数,18,自家販売,11240,鹿部町,経営体
54,150,経営体数,18,自家販売,11260,函館市,経営体
7,150,経営体数,18,自家販売,11460,北斗市,経営体
-,150,経営体数,18,自家販売,11510,木古内町,経営体
1,150,経営体数,18,自家販売,11530,知内町,経営体
1,150,経営体数,18,自家販売,11550,福島町,経営体
362,150,経営体数,18,自家販売,11630,北海道日本海北区,経営体
21,150,経営体数,18,自家販売,11640,宗谷支庁,経営体
2,150,経営体数,18,自家販売,11660,枝幸町,経営体
-,150,経営体数,18,自家販売,11680,浜頓別町,経営体
-,150,経営体数,18,自家販売,11700,猿払村,経営体
-,150,経営体数,18,自家販売,11720,稚内市,経営体
-,150,経営体数,18,自家販売,11750,豊富町,経営体
2,150,経営体数,18,自家販売,11770,利尻町,経営体
15,150,経営体数,18,自家販売,11800,利尻富士町,経営体
2,150,経営体数,18,自家販売,11830,礼文町,経営体
12,150,経営体数,18,自家販売,11880,網走支庁,経営体
-,150,経営体数,18,自家販売,11900,斜里町,経営体
-,150,経営体数,18,自家販売,11920,小清水町,経営体
2,150,経営体数,18,自家販売,11940,網走市,経営体
-,150,経営体数,18,自家販売,11960,北見市,経営体
-,150,経営体数,18,自家販売,11980,佐呂間町,経営体
3,150,経営体数,18,自家販売,12000,湧別町,経営体
-,150,経営体数,18,自家販売,12020,紋別市,経営体
-,150,経営体数,18,自家販売,12040,興部町,経営体
7,150,経営体数,18,自家販売,12060,雄武町,経営体
8,150,経営体数,18,自家販売,12190,留萌支庁,経営体
-,150,経営体数,18,自家販売,12210,幌延町,経営体
1,150,経営体数,18,自家販売,12230,天塩町,経営体
4,150,経営体数,18,自家販売,12250,遠別町,経営体
-,150,経営体数,18,自家販売,12270,初山別村,経営体
1,150,経営体数,18,自家販売,12290,羽幌町,経営体
-,150,経営体数,18,自家販売,12330,苫前町,経営体
-,150,経営体数,18,自家販売,12350,小平町,経営体
-,150,経営体数,18,自家販売,12370,留萌市,経営体
2,150,経営体数,18,自家販売,12390,増毛町,経営体
28,150,経営体数,18,自家販売,12410,石狩支庁,経営体
28,150,経営体数,18,自家販売,12430,石狩市,経営体
177,150,経営体数,18,自家販売,12550,後志支庁,経営体
19,150,経営体数,18,自家販売,12570,小樽市,経営体
-,150,経営体数,18,自家販売,12590,余市町,経営体
10,150,経営体数,18,自家販売,12610,古平町,経営体
71,150,経営体数,18,自家販売,12630,積丹町,経営体
20,150,経営体数,18,自家販売,12660,神恵内村,経営体
7,150,経営体数,18,自家販売,12680,泊村,経営体
-,150,経営体数,18,自家販売,12710,共和町,経営体
2,150,経営体数,18,自家販売,12730,岩内町,経営体
-,150,経営体数,18,自家販売,12750,蘭越町,経営体
36,150,経営体数,18,自家販売,12770,寿都町,経営体
12,150,経営体数,18,自家販売,12790,島牧村,経営体
32,150,経営体数,18,自家販売,12920,檜山支庁,経営体
9,150,経営体数,18,自家販売,12940,せたな町,経営体
3,150,経営体数,18,自家販売,12990,乙部町,経営体
19,150,経営体数,18,自家販売,13010,奥尻町,経営体
-,150,経営体数,18,自家販売,13030,江差町,経営体
1,150,経営体数,18,自家販売,13050,上ノ国町,経営体
84,150,経営体数,18,自家販売,13100,渡島支庁,経営体
1,150,経営体数,18,自家販売,13110,八雲町,経営体
83,150,経営体数,18,自家販売,13130,松前町,経営体
895,150,経営体数,18,自家販売,13700,青森県,経営体
687,150,経営体数,18,自家販売,13710,太平洋北区,経営体
19,150,経営体数,18,自家販売,13730,佐井村,経営体
3,150,経営体数,18,自家販売,13750,大間町,経営体
-,150,経営体数,18,自家販売,13780,風間浦村,経営体
31,150,経営体数,18,自家販売,13820,むつ市,経営体
603,150,経営体数,18,自家販売,13850,東通村,経営体
20,150,経営体数,18,自家販売,13930,六ヶ所村,経営体
-,150,経営体数,18,自家販売,13970,三沢市,経営体
2,150,経営体数,18,自家販売,13990,おいらせ町,経営体
8,150,経営体数,18,自家販売,14010,八戸市,経営体
1,150,経営体数,18,自家販売,14050,階上町,経営体
208,150,経営体数,18,自家販売,14070,日本海北区,経営体
4,150,経営体数,18,自家販売,14090,むつ市,経営体
1,150,経営体数,18,自家販売,14130,横浜町,経営体
26,150,経営体数,18,自家販売,14150,野辺地町,経営体
30,150,経営体数,18,自家販売,14170,平内町,経営体
18,150,経営体数,18,自家販売,14210,青森市,経営体
59,150,経営体数,18,自家販売,14260,蓬田村,経営体
29,150,経営体数,18,自家販売,14280,外ヶ浜町,経営体
19,150,経営体数,18,自家販売,14330,今別町,経営体
4,150,経営体数,18,自家販売,14360,中泊町,経営体
5,150,経営体数,18,自家販売,14390,五所川原市,経営体
3,150,経営体数,18,自家販売,14420,つがる市,経営体
-,150,経営体数,18,自家販売,14450,鰺ヶ沢町,経営体
10,150,経営体数,18,自家販売,14480,深浦町,経営体
139,150,経営体数,18,自家販売,14740,岩手県,経営体
8,150,経営体数,18,自家販売,14760,洋野町,経営体
5,150,経営体数,18,自家販売,14850,久慈市,経営体
2,150,経営体数,18,自家販売,14880,野田村,経営体
10,150,経営体数,18,自家販売,14900,普代村,経営体
4,150,経営体数,18,自家販売,14920,田野畑村,経営体
3,150,経営体数,18,自家販売,14950,岩泉町,経営体
15,150,経営体数,18,自家販売,14980,宮古市,経営体
10,150,経営体数,18,自家販売,15020,山田町,経営体
15,150,経営体数,18,自家販売,15090,大槌町,経営体
27,150,経営体数,18,自家販売,15120,釜石市,経営体
21,150,経営体数,18,自家販売,15190,大船渡市,経営体
19,150,経営体数,18,自家販売,15270,陸前高田市,経営体
560,150,経営体数,18,自家販売,15580,宮城県,経営体
66,150,経営体数,18,自家販売,15600,気仙沼市,経営体
8,150,経営体数,18,自家販売,15670,本吉町,経営体
51,150,経営体数,18,自家販売,15700,南三陸町,経営体
234,150,経営体数,18,自家販売,15740,石巻市,経営体
12,150,経営体数,18,自家販売,15970,女川町,経営体
71,150,経営体数,18,自家販売,16010,東松島市,経営体
35,150,経営体数,18,自家販売,16060,松島町,経営体
2,150,経営体数,18,自家販売,16080,利府町,経営体
47,150,経営体数,18,自家販売,16100,塩竈市,経営体
1,150,経営体数,18,自家販売,16140,多賀城市,経営体
31,150,経営体数,18,自家販売,16160,七ヶ浜町,経営体
1,150,経営体数,18,自家販売,16240,仙台市,経営体
-,150,経営体数,18,自家販売,16260,名取市,経営体
-,150,経営体数,18,自家販売,16280,岩沼市,経営体
1,150,経営体数,18,自家販売,16300,亘理町,経営体
-,150,経営体数,18,自家販売,16320,山元町,経営体
123,150,経営体数,18,自家販売,16550,秋田県,経営体
1,150,経営体数,18,自家販売,16570,八峰町,経営体
9,150,経営体数,18,自家販売,16610,能代市,経営体
32,150,経営体数,18,自家販売,16630,三種町,経営体
48,150,経営体数,18,自家販売,16650,男鹿市,経営体
-,150,経営体数,18,自家販売,16730,潟上市,経営体
20,150,経営体数,18,自家販売,16750,秋田市,経営体
8,150,経営体数,18,自家販売,16780,由利本荘市,経営体
5,150,経営体数,18,自家販売,16820,にかほ市,経営体
42,150,経営体数,18,自家販売,17040,山形県,経営体
10,150,経営体数,18,自家販売,17060,遊佐町,経営体
24,150,経営体数,18,自家販売,17080,酒田市,経営体
8,150,経営体数,18,自家販売,17110,鶴岡市,経営体
50,150,経営体数,18,自家販売,17500,福島県,経営体
-,150,経営体数,18,自家販売,17520,新地町,経営体
4,150,経営体数,18,自家販売,17540,相馬市,経営体
-,150,経営体数,18,自家販売,17580,南相馬市,経営体
4,150,経営体数,18,自家販売,17620,浪江町,経営体
-,150,経営体数,18,自家販売,17640,双葉町,経営体
x,150,経営体数,18,自家販売,17660,大熊町,経営体
-,150,経営体数,18,自家販売,17680,富岡町,経営体
x,150,経営体数,18,自家販売,17700,楢葉町,経営体
-,150,経営体数,18,自家販売,17720,広野町,経営体
41,150,経営体数,18,自家販売,17740,いわき市,経営体
2,150,経営体数,18,自家販売,18350,茨城県,経営体
-,150,経営体数,18,自家販売,18370,北茨城市,経営体
x,150,経営体数,18,自家販売,18400,高萩市,経営体
1,150,経営体数,18,自家販売,18420,日立市,経営体
-,150,経営体数,18,自家販売,18480,東海村,経営体
-,150,経営体数,18,自家販売,18500,ひたちなか市,経営体
-,150,経営体数,18,自家販売,18540,大洗町,経営体
x,150,経営体数,18,自家販売,18560,鉾田市,経営体
-,150,経営体数,18,自家販売,18600,鹿嶋市,経営体
-,150,経営体数,18,自家販売,18620,神栖市,経営体
244,150,経営体数,18,自家販売,20460,千葉県,経営体
9,150,経営体数,18,自家販売,20480,銚子市,経営体
1,150,経営体数,18,自家販売,20500,旭市,経営体
-,150,経営体数,18,自家販売,20530,匝瑳市,経営体
-,150,経営体数,18,自家販売,20560,横芝光町,経営体
6,150,経営体数,18,自家販売,20590,山武市,経営体
x,150,経営体数,18,自家販売,20620,九十九里町,経営体
-,150,経営体数,18,自家販売,20640,大網白里町,経営体
-,150,経営体数,18,自家販売,20660,白子町,経営体
x,150,経営体数,18,自家販売,20680,長生村,経営体
x,150,経営体数,18,自家販売,20700,一宮町,経営体
-,150,経営体数,18,自家販売,20720,いすみ市,経営体
-,150,経営体数,18,自家販売,20750,御宿町,経営体
17,150,経営体数,18,自家販売,20780,勝浦市,経営体
6,150,経営体数,18,自家販売,20870,鴨川市,経営体
9,150,経営体数,18,自家販売,20920,南房総市,経営体
10,150,経営体数,18,自家販売,20990,館山市,経営体
14,150,経営体数,18,自家販売,21050,鋸南町,経営体
55,150,経営体数,18,自家販売,21080,富津市,経営体
-,150,経営体数,18,自家販売,21130,君津市,経営体
67,150,経営体数,18,自家販売,21150,木更津市,経営体
x,150,経営体数,18,自家販売,21220,袖ヶ浦市,経営体
-,150,経営体数,18,自家販売,21240,市原市,経営体
-,150,経営体数,18,自家販売,21260,千葉市,経営体
1,150,経営体数,18,自家販売,21280,習志野市,経営体
7,150,経営体数,18,自家販売,21300,船橋市,経営体
42,150,経営体数,18,自家販売,21320,市川市,経営体
-,150,経営体数,18,自家販売,21350,浦安市,経営体
121,150,経営体数,18,自家販売,21670,東京都,経営体
17,150,経営体数,18,自家販売,21690,江戸川区,経営体
3,150,経営体数,18,自家販売,21710,葛飾区,経営体
2,150,経営体数,18,自家販売,21730,江東区,経営体
5,150,経営体数,18,自家販売,21750,墨田区,経営体
3,150,経営体数,18,自家販売,21770,中央区,経営体
9,150,経営体数,18,自家販売,21790,台東区,経営体
9,150,経営体数,18,自家販売,21810,港区,経営体
2,150,経営体数,18,自家販売,21830,品川区,経営体
43,150,経営体数,18,自家販売,21850,大田区,経営体
-,150,経営体数,18,自家販売,21870,千代田区,経営体
3,150,経営体数,18,自家販売,21890,大島町,経営体
2,150,経営体数,18,自家販売,21950,利島村,経営体
13,150,経営体数,18,自家販売,21970,新島村,経営体
1,150,経営体数,18,自家販売,22010,神津島村,経営体
1,150,経営体数,18,自家販売,22030,三宅村,経営体
-,150,経営体数,18,自家販売,22090,御蔵島村,経営体
-,150,経営体数,18,自家販売,22110,八丈町,経営体
8,150,経営体数,18,自家販売,22160,青ヶ島村,経営体
-,150,経営体数,18,自家販売,22180,小笠原村,経営体
448,150,経営体数,18,自家販売,22650,神奈川県,経営体
x,150,経営体数,18,自家販売,22670,川崎市,経営体
58,150,経営体数,18,自家販売,22690,横浜市,経営体
173,150,経営体数,18,自家販売,22750,横須賀市,経営体
97,150,経営体数,18,自家販売,22840,三浦市,経営体
33,150,経営体数,18,自家販売,22970,葉山町,経営体
3,150,経営体数,18,自家販売,22990,逗子市,経営体
31,150,経営体数,18,自家販売,23010,鎌倉市,経営体
9,150,経営体数,18,自家販売,23040,藤沢市,経営体
13,150,経営体数,18,自家販売,23070,茅ヶ崎市,経営体
3,150,経営体数,18,自家販売,23090,平塚市,経営体
2,150,経営体数,18,自家販売,23110,大磯町,経営体
x,150,経営体数,18,自家販売,23130,二宮町,経営体
10,150,経営体数,18,自家販売,23150,小田原市,経営体
12,150,経営体数,18,自家販売,23180,真鶴町,経営体
-,150,経営体数,18,自家販売,23210,湯河原町,経営体
776,150,経営体数,18,自家販売,23420,新潟県,経営体
24,150,経営体数,18,自家販売,23440,粟島浦村,経営体
31,150,経営体数,18,自家販売,23460,村上市,経営体
63,150,経営体数,18,自家販売,23510,胎内市,経営体
24,150,経営体数,18,自家販売,23530,新発田市,経営体
20,150,経営体数,18,自家販売,23550,聖籠町,経営体
168,150,経営体数,18,自家販売,23570,新潟市,経営体
1,150,経営体数,18,自家販売,23640,長岡市,経営体
21,150,経営体数,18,自家販売,23660,出雲崎町,経営体
13,150,経営体数,18,自家販売,23680,柏崎市,経営体
13,150,経営体数,18,自家販売,23710,上越市,経営体
12,150,経営体数,18,自家販売,23760,糸魚川市,経営体
386,150,経営体数,18,自家販売,23840,佐渡市,経営体
9,150,経営体数,18,自家販売,24320,富山県,経営体
3,150,経営体数,18,自家販売,24340,朝日町,経営体
2,150,経営体数,18,自家販売,24360,入善町,経営体
-,150,経営体数,18,自家販売,24400,黒部市,経営体
1,150,経営体数,18,自家販売,24430,魚津市,経営体
-,150,経営体数,18,自家販売,24460,滑川市,経営体
-,150,経営体数,18,自家販売,24480,富山市,経営体
1,150,経営体数,18,自家販売,24520,射水市,経営体
1,150,経営体数,18,自家販売,24550,高岡市,経営体
1,150,経営体数,18,自家販売,24570,氷見市,経営体
327,150,経営体数,18,自家販売,24700,石川県,経営体
75,150,経営体数,18,自家販売,24720,七尾市,経営体
30,150,経営体数,18,自家販売,24810,穴水町,経営体
2,150,経営体数,18,自家販売,24850,能登町,経営体
26,150,経営体数,18,自家販売,24900,珠洲市,経営体
86,150,経営体数,18,自家販売,24960,輪島市,経営体
67,150,経営体数,18,自家販売,24990,志賀町,経営体
3,150,経営体数,18,自家販売,25040,羽咋市,経営体
-,150,経営体数,18,自家販売,25070,宝達志水町,経営体
3,150,経営体数,18,自家販売,25100,かほく市,経営体
-,150,経営体数,18,自家販売,25140,内灘町,経営体
-,150,経営体数,18,自家販売,25160,金沢市,経営体
11,150,経営体数,18,自家販売,25180,白山市,経営体
-,150,経営体数,18,自家販売,25210,能美市,経営体
9,150,経営体数,18,自家販売,25230,小松市,経営体
15,150,経営体数,18,自家販売,25250,加賀市,経営体
275,150,経営体数,18,自家販売,25330,福井県,経営体
3,150,経営体数,18,自家販売,25350,あわら市,経営体
47,150,経営体数,18,自家販売,25370,坂井市,経営体
21,150,経営体数,18,自家販売,25390,福井市,経営体
19,150,経営体数,18,自家販売,25420,越前町,経営体
1,150,経営体数,18,自家販売,25440,南越前町,経営体
5,150,経営体数,18,自家販売,25460,敦賀市,経営体
12,150,経営体数,18,自家販売,25480,美浜町,経営体
81,150,経営体数,18,自家販売,25510,若狭町,経営体
56,150,経営体数,18,自家販売,25530,小浜市,経営体
20,150,経営体数,18,自家販売,25550,おおい町,経営体
10,150,経営体数,18,自家販売,25570,高浜町,経営体
492,150,経営体数,18,自家販売,27230,静岡県,経営体
40,150,経営体数,18,自家販売,27250,熱海市,経営体
12,150,経営体数,18,自家販売,27290,伊東市,経営体
2,150,経営体数,18,自家販売,27340,東伊豆町,経営体
4,150,経営体数,18,自家販売,27370,河津町,経営体
44,150,経営体数,18,自家販売,27390,下田市,経営体
58,150,経営体数,18,自家販売,27440,南伊豆町,経営体
30,150,経営体数,18,自家販売,27490,松崎町,経営体
35,150,経営体数,18,自家販売,27510,西伊豆町,経営体
13,150,経営体数,18,自家販売,27550,伊豆市,経営体
109,150,経営体数,18,自家販売,27570,沼津市,経営体
40,150,経営体数,18,自家販売,27630,富士市,経営体
15,150,経営体数,18,自家販売,27650,静岡市,経営体
3,150,経営体数,18,自家販売,27690,由比町,経営体
2,150,経営体数,18,自家販売,27710,焼津市,経営体
x,150,経営体数,18,自家販売,27730,大井川町,経営体
5,150,経営体数,18,自家販売,27750,吉田町,経営体
20,150,経営体数,18,自家販売,27770,牧之原市,経営体
5,150,経営体数,18,自家販売,27810,御前崎市,経営体
4,150,経営体数,18,自家販売,27840,掛川市,経営体
x,150,経営体数,18,自家販売,27870,袋井市,経営体
1,150,経営体数,18,自家販売,27890,磐田市,経営体
31,150,経営体数,18,自家販売,27930,浜松市,経営体
-,150,経営体数,18,自家販売,28000,湖西市,経営体
19,150,経営体数,18,自家販売,28020,新居町,経営体
179,150,経営体数,18,自家販売,28220,愛知県,経営体
-,150,経営体数,18,自家販売,28240,田原市,経営体
x,150,経営体数,18,自家販売,28370,豊橋市,経営体
-,150,経営体数,18,自家販売,28400,豊川市,経営体
-,150,経営体数,18,自家販売,28420,蒲郡市,経営体
-,150,経営体数,18,自家販売,28470,幡豆町,経営体
-,150,経営体数,18,自家販売,28500,吉良町,経営体
7,150,経営体数,18,自家販売,28530,一色町,経営体
-,150,経営体数,18,自家販売,28590,西尾市,経営体
-,150,経営体数,18,自家販売,28610,碧南市,経営体
-,150,経営体数,18,自家販売,28630,高浜市,経営体
x,150,経営体数,18,自家販売,28650,刈谷市,経営体
-,150,経営体数,18,自家販売,28670,東浦町,経営体
-,150,経営体数,18,自家販売,28690,半田市,経営体
-,150,経営体数,18,自家販売,28710,武豊町,経営体
14,150,経営体数,18,自家販売,28730,美浜町,経営体
113,150,経営体数,18,自家販売,28760,南知多町,経営体
44,150,経営体数,18,自家販売,28850,常滑市,経営体
-,150,経営体数,18,自家販売,28900,知多市,経営体
-,150,経営体数,18,自家販売,28920,東海市,経営体
-,150,経営体数,18,自家販売,28940,名古屋市,経営体
-,150,経営体数,18,自家販売,28970,飛島村,経営体
-,150,経営体数,18,自家販売,28990,弥富市,経営体
383,150,経営体数,18,自家販売,29410,三重県,経営体
-,150,経営体数,18,自家販売,29430,木曽岬町,経営体
8,150,経営体数,18,自家販売,29450,桑名市,経営体
14,150,経営体数,18,自家販売,29500,川越町,経営体
4,150,経営体数,18,自家販売,29520,四日市市,経営体
10,150,経営体数,18,自家販売,29580,鈴鹿市,経営体
5,150,経営体数,18,自家販売,29630,津市,経営体
-,150,経営体数,18,自家販売,29700,松阪市,経営体
1,150,経営体数,18,自家販売,29780,明和町,経営体
11,150,経営体数,18,自家販売,29810,伊勢市,経営体
166,150,経営体数,18,自家販売,29930,鳥羽市,経営体
76,150,経営体数,18,自家販売,30100,志摩市,経営体
31,150,経営体数,18,自家販売,30380,南伊勢町,経営体
-,150,経営体数,18,自家販売,30560,大紀町,経営体
37,150,経営体数,18,自家販売,30580,紀北町,経営体
16,150,経営体数,18,自家販売,30680,尾鷲市,経営体
3,150,経営体数,18,自家販売,30790,熊野市,経営体
-,150,経営体数,18,自家販売,30860,御浜町,経営体
1,150,経営体数,18,自家販売,30880,紀宝町,経営体
335,150,経営体数,18,自家販売,31310,京都府,経営体
110,150,経営体数,18,自家販売,31330,舞鶴市,経営体
54,150,経営体数,18,自家販売,31410,宮津市,経営体
-,150,経営体数,18,自家販売,31470,与謝野町,経営体
13,150,経営体数,18,自家販売,31490,伊根町,経営体
158,150,経営体数,18,自家販売,31560,京丹後市,経営体
83,150,経営体数,18,自家販売,31890,大阪府,経営体
23,150,経営体数,18,自家販売,31910,大阪市,経営体
13,150,経営体数,18,自家販売,31980,堺市,経営体
-,150,経営体数,18,自家販売,32010,高石市,経営体
3,150,経営体数,18,自家販売,32030,泉大津市,経営体
x,150,経営体数,18,自家販売,32050,忠岡町,経営体
9,150,経営体数,18,自家販売,32070,岸和田市,経営体
x,150,経営体数,18,自家販売,32100,貝塚市,経営体
1,150,経営体数,18,自家販売,32120,泉佐野市,経営体
11,150,経営体数,18,自家販売,32140,田尻町,経営体
-,150,経営体数,18,自家販売,32160,泉南市,経営体
4,150,経営体数,18,自家販売,32190,阪南市,経営体
19,150,経営体数,18,自家販売,32230,岬町,経営体
316,150,経営体数,18,自家販売,32600,兵庫県,経営体
2,150,経営体数,18,自家販売,32610,日本海西区,経営体
-,150,経営体数,18,自家販売,32630,豊岡市,経営体
1,150,経営体数,18,自家販売,32660,香美町,経営体
1,150,経営体数,18,自家販売,32690,新温泉町,経営体
314,150,経営体数,18,自家販売,32730,瀬戸内海区,経営体
-,150,経営体数,18,自家販売,32750,尼崎市,経営体
-,150,経営体数,18,自家販売,32770,西宮市,経営体
x,150,経営体数,18,自家販売,32790,芦屋市,経営体
-,150,経営体数,18,自家販売,32810,神戸市,経営体
44,150,経営体数,18,自家販売,32910,明石市,経営体
x,150,経営体数,18,自家販売,32990,播磨町,経営体
18,150,経営体数,18,自家販売,33010,加古川市,経営体
15,150,経営体数,18,自家販売,33040,高砂市,経営体
137,150,経営体数,18,自家販売,33090,姫路市,経営体
2,150,経営体数,18,自家販売,33220,たつの市,経営体
12,150,経営体数,18,自家販売,33260,相生市,経営体
17,150,経営体数,18,自家販売,33280,赤穂市,経営体
11,150,経営体数,18,自家販売,33320,淡路市,経営体
27,150,経営体数,18,自家販売,33490,洲本市,経営体
24,150,経営体数,18,自家販売,33550,南あわじ市,経営体
127,150,経営体数,18,自家販売,34290,和歌山県,経営体
53,150,経営体数,18,自家販売,34300,太平洋南区,経営体
-,150,経営体数,18,自家販売,34320,美浜町,経営体
-,150,経営体数,18,自家販売,34350,御坊市,経営体
-,150,経営体数,18,自家販売,34370,印南町,経営体
-,150,経営体数,18,自家販売,34390,みなべ町,経営体
41,150,経営体数,18,自家販売,34410,田辺市,経営体
4,150,経営体数,18,自家販売,34450,白浜町,経営体
-,150,経営体数,18,自家販売,34490,すさみ町,経営体
3,150,経営体数,18,自家販売,34510,串本町,経営体
4,150,経営体数,18,自家販売,34600,那智勝浦町,経営体
-,150,経営体数,18,自家販売,34650,太地町,経営体
1,150,経営体数,18,自家販売,34670,新宮市,経営体
74,150,経営体数,18,自家販売,34700,瀬戸内海区,経営体
16,150,経営体数,18,自家販売,34720,和歌山市,経営体
12,150,経営体数,18,自家販売,34810,海南市,経営体
16,150,経営体数,18,自家販売,34870,有田市,経営体
11,150,経営体数,18,自家販売,34920,湯浅町,経営体
1,150,経営体数,18,自家販売,34960,広川町,経営体
11,150,経営体数,18,自家販売,34980,由良町,経営体
7,150,経営体数,18,自家販売,35040,日高町,経営体
40,150,経営体数,18,自家販売,35190,鳥取県,経営体
7,150,経営体数,18,自家販売,35210,岩美町,経営体
6,150,経営体数,18,自家販売,35260,鳥取市,経営体
2,150,経営体数,18,自家販売,35330,湯梨浜町,経営体
2,150,経営体数,18,自家販売,35360,北栄町,経営体
-,150,経営体数,18,自家販売,35390,琴浦町,経営体
18,150,経営体数,18,自家販売,35420,大山町,経営体
2,150,経営体数,18,自家販売,35460,米子市,経営体
2,150,経営体数,18,自家販売,35490,日吉津村,経営体
1,150,経営体数,18,自家販売,35510,境港市,経営体
338,150,経営体数,18,自家販売,35650,島根県,経営体
-,150,経営体数,18,自家販売,35670,安来市,経営体
-,150,経営体数,18,自家販売,35700,東出雲町,経営体
106,150,経営体数,18,自家販売,35720,松江市,経営体
46,150,経営体数,18,自家販売,35870,出雲市,経営体
7,150,経営体数,18,自家販売,35960,大田市,経営体
4,150,経営体数,18,自家販売,36070,江津市,経営体
9,150,経営体数,18,自家販売,36100,浜田市,経営体
-,150,経営体数,18,自家販売,36170,益田市,経営体
128,150,経営体数,18,自家販売,36200,隠岐の島町,経営体
31,150,経営体数,18,自家販売,36290,海士町,経営体
2,150,経営体数,18,自家販売,36340,西ノ島町,経営体
5,150,経営体数,18,自家販売,36370,知夫村,経営体
259,150,経営体数,18,自家販売,36490,岡山県,経営体
12,150,経営体数,18,自家販売,36510,備前市,経営体
29,150,経営体数,18,自家販売,36560,瀬戸内市,経営体
41,150,経営体数,18,自家販売,36590,岡山市,経営体
18,150,経営体数,18,自家販売,36650,玉野市,経営体
92,150,経営体数,18,自家販売,36690,倉敷市,経営体
14,150,経営体数,18,自家販売,36770,浅口市,経営体
53,150,経営体数,18,自家販売,36790,笠岡市,経営体
1103,150,経営体数,18,自家販売,37070,広島県,経営体
154,150,経営体数,18,自家販売,37090,福山市,経営体
115,150,経営体数,18,自家販売,37190,尾道市,経営体
20,150,経営体数,18,自家販売,37290,三原市,経営体
6,150,経営体数,18,自家販売,37330,竹原市,経営体
24,150,経営体数,18,自家販売,37370,東広島市,経営体
22,150,経営体数,18,自家販売,37400,大崎上島町,経営体
360,150,経営体数,18,自家販売,37440,呉市,経営体
135,150,経営体数,18,自家販売,37600,江田島市,経営体
7,150,経営体数,18,自家販売,37720,坂町,経営体
-,150,経営体数,18,自家販売,37740,海田町,経営体
194,150,経営体数,18,自家販売,37760,広島市,経営体
34,150,経営体数,18,自家販売,37830,廿日市市,経営体
32,150,経営体数,18,自家販売,37870,大竹市,経営体
482,150,経営体数,18,自家販売,38010,山口県,経営体
282,150,経営体数,18,自家販売,38020,東シナ海区,経営体
22,150,経営体数,18,自家販売,38040,萩市,経営体
46,150,経営体数,18,自家販売,38200,阿武町,経営体
39,150,経営体数,18,自家販売,38240,長門市,経営体
175,150,経営体数,18,自家販売,38400,下関市,経営体
200,150,経営体数,18,自家販売,38630,瀬戸内海区,経営体
51,150,経営体数,18,自家販売,38650,周防大島町,経営体
-,150,経営体数,18,自家販売,38730,和木町,経営体
25,150,経営体数,18,自家販売,38750,岩国市,経営体
27,150,経営体数,18,自家販売,38820,柳井市,経営体
12,150,経営体数,18,自家販売,38890,上関町,経営体
-,150,経営体数,18,自家販売,38940,平生町,経営体
2,150,経営体数,18,自家販売,38960,田布施町,経営体
-,150,経営体数,18,自家販売,38990,光市,経営体
1,150,経営体数,18,自家販売,39020,下松市,経営体
1,150,経営体数,18,自家販売,39040,周南市,経営体
17,150,経営体数,18,自家販売,39120,防府市,経営体
14,150,経営体数,18,自家販売,39230,山口市,経営体
37,150,経営体数,18,自家販売,39310,宇部市,経営体
6,150,経営体数,18,自家販売,39380,山陽小野田市,経営体
7,150,経営体数,18,自家販売,39430,下関市,経営体
188,150,経営体数,18,自家販売,39530,徳島県,経営体
42,150,経営体数,18,自家販売,39540,太平洋南区,経営体
8,150,経営体数,18,自家販売,39560,美波町,経営体
16,150,経営体数,18,自家販売,39640,牟岐町,経営体
18,150,経営体数,18,自家販売,39660,海陽町,経営体
146,150,経営体数,18,自家販売,39700,瀬戸内海区,経営体
89,150,経営体数,18,自家販売,39720,鳴門市,経営体
10,150,経営体数,18,自家販売,39800,松茂町,経営体
1,150,経営体数,18,自家販売,39820,徳島市,経営体
1,150,経営体数,18,自家販売,39860,小松島市,経営体
45,150,経営体数,18,自家販売,39890,阿南市,経営体
201,150,経営体数,18,自家販売,40150,香川県,経営体
12,150,経営体数,18,自家販売,40170,東かがわ市,経営体
9,150,経営体数,18,自家販売,40210,さぬき市,経営体
7,150,経営体数,18,自家販売,40270,小豆島町,経営体
33,150,経営体数,18,自家販売,40300,土庄町,経営体
28,150,経営体数,18,自家販売,40380,高松市,経営体
4,150,経営体数,18,自家販売,40480,直島町,経営体
49,150,経営体数,18,自家販売,40500,坂出市,経営体
1,150,経営体数,18,自家販売,40550,宇多津町,経営体
3,150,経営体数,18,自家販売,40570,丸亀市,経営体
12,150,経営体数,18,自家販売,40620,多度津町,経営体
16,150,経営体数,18,自家販売,40670,三豊市,経営体
27,150,経営体数,18,自家販売,40760,観音寺市,経営体
370,150,経営体数,18,自家販売,40880,愛媛県,経営体
77,150,経営体数,18,自家販売,40890,太平洋南区,経営体
4,150,経営体数,18,自家販売,40910,八幡浜市,経営体
4,150,経営体数,18,自家販売,40940,西予市,経営体
32,150,経営体数,18,自家販売,40970,宇和島市,経営体
37,150,経営体数,18,自家販売,41090,愛南町,経営体
293,150,経営体数,18,自家販売,41180,瀬戸内海区,経営体
27,150,経営体数,18,自家販売,41200,四国中央市,経営体
-,150,経営体数,18,自家販売,41250,新居浜市,経営体
45,150,経営体数,18,自家販売,41310,西条市,経営体
11,150,経営体数,18,自家販売,41390,上島町,経営体
124,150,経営体数,18,自家販売,41440,今治市,経営体
69,150,経営体数,18,自家販売,41600,松山市,経営体
3,150,経営体数,18,自家販売,41780,松前町,経営体
1,150,経営体数,18,自家販売,41800,伊予市,経営体
-,150,経営体数,18,自家販売,41840,大洲市,経営体
1,150,経営体数,18,自家販売,41870,八幡浜市,経営体
12,150,経営体数,18,自家販売,41900,伊方町,経営体
159,150,経営体数,18,自家販売,42060,高知県,経営体
2,150,経営体数,18,自家販売,42080,東洋町,経営体
-,150,経営体数,18,自家販売,42110,室戸市,経営体
-,150,経営体数,18,自家販売,42200,奈半利町,経営体
-,150,経営体数,18,自家販売,42230,田野町,経営体
-,150,経営体数,18,自家販売,42250,安田町,経営体
2,150,経営体数,18,自家販売,42270,安芸市,経営体
-,150,経営体数,18,自家販売,42330,芸西村,経営体
3,150,経営体数,18,自家販売,42350,香南市,経営体
4,150,経営体数,18,自家販売,42400,南国市,経営体
1,150,経営体数,18,自家販売,42450,高知市,経営体
4,150,経営体数,18,自家販売,42500,土佐市,経営体
20,150,経営体数,18,自家販売,42540,須崎市,経営体
17,150,経営体数,18,自家販売,42610,中土佐町,経営体
-,150,経営体数,18,自家販売,42650,四万十町,経営体
25,150,経営体数,18,自家販売,42680,黒潮町,経営体
29,150,経営体数,18,自家販売,42740,四万十市,経営体
12,150,経営体数,18,自家販売,42760,土佐清水市,経営体
33,150,経営体数,18,自家販売,42850,大月町,経営体
7,150,経営体数,18,自家販売,42980,宿毛市,経営体
565,150,経営体数,18,自家販売,43240,福岡県,経営体
379,150,経営体数,18,自家販売,43250,東シナ海区,経営体
80,150,経営体数,18,自家販売,43270,北九州市,経営体
38,150,経営体数,18,自家販売,43410,芦屋町,経営体
23,150,経営体数,18,自家販売,43440,岡垣町,経営体
8,150,経営体数,18,自家販売,43460,宗像市,経営体
30,150,経営体数,18,自家販売,43510,福津市,経営体
-,150,経営体数,18,自家販売,43540,古賀市,経営体
-,150,経営体数,18,自家販売,43560,新宮町,経営体
70,150,経営体数,18,自家販売,43590,福岡市,経営体
57,150,経営体数,18,自家販売,43770,志摩町,経営体
1,150,経営体数,18,自家販売,43830,前原市,経営体
26,150,経営体数,18,自家販売,43850,二丈町,経営体
-,150,経営体数,18,自家販売,43880,久留米市,経営体
4,150,経営体数,18,自家販売,43920,大川市,経営体
28,150,経営体数,18,自家販売,43980,柳川市,経営体
-,150,経営体数,18,自家販売,44080,みやま市,経営体
14,150,経営体数,18,自家販売,44110,大牟田市,経営体
186,150,経営体数,18,自家販売,44140,瀬戸内海区,経営体
92,150,経営体数,18,自家販売,44160,北九州市,経営体
13,150,経営体数,18,自家販売,44230,苅田町,経営体
46,150,経営体数,18,自家販売,44250,行橋市,経営体
5,150,経営体数,18,自家販売,44300,築上町,経営体
22,150,経営体数,18,自家販売,44330,豊前市,経営体
8,150,経営体数,18,自家販売,44370,吉富町,経営体
206,150,経営体数,18,自家販売,44850,佐賀県,経営体
142,150,経営体数,18,自家販売,44870,唐津市,経営体
17,150,経営体数,18,自家販売,45120,玄海町,経営体
9,150,経営体数,18,自家販売,45150,伊万里市,経営体
x,150,経営体数,18,自家販売,45170,神埼市,経営体
10,150,経営体数,18,自家販売,45190,佐賀市,経営体
-,150,経営体数,18,自家販売,45280,小城市,経営体
-,150,経営体数,18,自家販売,45300,江北町,経営体
1,150,経営体数,18,自家販売,45320,白石町,経営体
x,150,経営体数,18,自家販売,45360,嬉野市,経営体
9,150,経営体数,18,自家販売,45380,鹿島市,経営体
18,150,経営体数,18,自家販売,45430,太良町,経営体
1159,150,経営体数,18,自家販売,45570,長崎県,経営体
58,150,経営体数,18,自家販売,45590,対馬市,経営体
7,150,経営体数,18,自家販売,45890,壱岐市,経営体
13,150,経営体数,18,自家販売,45950,松浦市,経営体
78,150,経営体数,18,自家販売,46000,平戸市,経営体
7,150,経営体数,18,自家販売,46140,鹿町町,経営体
150,150,経営体数,18,自家販売,46160,佐世保市,経営体
1,150,経営体数,18,自家販売,46240,小値賀町,経営体
15,150,経営体数,18,自家販売,46260,川棚町,経営体
10,150,経営体数,18,自家販売,46280,東彼杵町,経営体
35,150,経営体数,18,自家販売,46300,大村市,経営体
68,150,経営体数,18,自家販売,46340,諫早市,経営体
23,150,経営体数,18,自家販売,46450,長与町,経営体
7,150,経営体数,18,自家販売,46470,時津町,経営体
204,150,経営体数,18,自家販売,46490,長崎市,経営体
158,150,経営体数,18,自家販売,46680,西海市,経営体
86,150,経営体数,18,自家販売,46750,雲仙市,経営体
38,150,経営体数,18,自家販売,46850,南島原市,経営体
19,150,経営体数,18,自家販売,46930,島原市,経営体
115,150,経営体数,18,自家販売,46970,新上五島町,経営体
67,150,経営体数,18,自家販売,47140,五島市,経営体
373,150,経営体数,18,自家販売,47350,熊本県,経営体
30,150,経営体数,18,自家販売,47370,荒尾市,経営体
-,150,経営体数,18,自家販売,47400,長洲町,経営体
-,150,経営体数,18,自家販売,47420,玉名市,経営体
11,150,経営体数,18,自家販売,47490,熊本市,経営体
14,150,経営体数,18,自家販売,47590,宇土市,経営体
8,150,経営体数,18,自家販売,47630,宇城市,経営体
2,150,経営体数,18,自家販売,47720,氷川町,経営体
93,150,経営体数,18,自家販売,47740,八代市,経営体
6,150,経営体数,18,自家販売,47820,芦北町,経営体
3,150,経営体数,18,自家販売,47850,津奈木町,経営体
10,150,経営体数,18,自家販売,47870,水俣市,経営体
51,150,経営体数,18,自家販売,47890,上天草市,経営体
124,150,経営体数,18,自家販売,48010,天草市,経営体
21,150,経営体数,18,自家販売,48250,苓北町,経営体
264,150,経営体数,18,自家販売,48650,大分県,経営体
134,150,経営体数,18,自家販売,48660,太平洋南区,経営体
6,150,経営体数,18,自家販売,48680,大分市,経営体
11,150,経営体数,18,自家販売,48700,臼杵市,経営体
50,150,経営体数,18,自家販売,48720,津久見市,経営体
67,150,経営体数,18,自家販売,48750,佐伯市,経営体
130,150,経営体数,18,自家販売,48860,瀬戸内海区,経営体
47,150,経営体数,18,自家販売,48880,中津市,経営体
33,150,経営体数,18,自家販売,48900,宇佐市,経営体
15,150,経営体数,18,自家販売,48950,豊後高田市,経営体
11,150,経営体数,18,自家販売,48990,国東市,経営体
3,150,経営体数,18,自家販売,49050,姫島村,経営体
6,150,経営体数,18,自家販売,49070,杵築市,経営体
1,150,経営体数,18,自家販売,49090,日出町,経営体
9,150,経営体数,18,自家販売,49120,別府市,経営体
5,150,経営体数,18,自家販売,49140,大分市,経営体
110,150,経営体数,18,自家販売,49240,宮崎県,経営体
35,150,経営体数,18,自家販売,49260,延岡市,経営体
3,150,経営体数,18,自家販売,49320,門川町,経営体
5,150,経営体数,18,自家販売,49350,日向市,経営体
-,150,経営体数,18,自家販売,49380,都農町,経営体
8,150,経営体数,18,自家販売,49400,川南町,経営体
5,150,経営体数,18,自家販売,49420,高鍋町,経営体
1,150,経営体数,18,自家販売,49440,新富町,経営体
8,150,経営体数,18,自家販売,49460,宮崎市,経営体
43,150,経営体数,18,自家販売,49510,日南市,経営体
-,150,経営体数,18,自家販売,49550,南郷町,経営体
2,150,経営体数,18,自家販売,49590,串間市,経営体
903,150,経営体数,18,自家販売,49840,鹿児島県,経営体
-,150,経営体数,18,自家販売,49860,出水市,経営体
30,150,経営体数,18,自家販売,49890,長島町,経営体
10,150,経営体数,18,自家販売,49920,阿久根市,経営体
57,150,経営体数,18,自家販売,49960,薩摩川内市,経営体
1,150,経営体数,18,自家販売,50040,いちき串木野市,経営体
4,150,経営体数,18,自家販売,50090,日置市,経営体
32,150,経営体数,18,自家販売,50140,南さつま市,経営体
2,150,経営体数,18,自家販売,50230,枕崎市,経営体
10,150,経営体数,18,自家販売,50250,南九州市,経営体
3,150,経営体数,18,自家販売,50280,指宿市,経営体
61,150,経営体数,18,自家販売,50330,鹿児島市,経営体
51,150,経営体数,18,自家販売,50390,姶良町,経営体
48,150,経営体数,18,自家販売,50410,加治木町,経営体
118,150,経営体数,18,自家販売,50430,霧島市,経営体
26,150,経営体数,18,自家販売,50470,垂水市,経営体
2,150,経営体数,18,自家販売,50500,鹿屋市,経営体
3,150,経営体数,18,自家販売,50520,錦江町,経営体
2,150,経営体数,18,自家販売,50540,南大隅町,経営体
32,150,経営体数,18,自家販売,50580,肝付町,経営体
2,150,経営体数,18,自家販売,50630,東串良町,経営体
2,150,経営体数,18,自家販売,50650,大崎町,経営体
1,150,経営体数,18,自家販売,50670,志布志市,経営体
20,150,経営体数,18,自家販売,50700,三島村,経営体
22,150,経営体数,18,自家販売,50720,十島村,経営体
6,150,経営体数,18,自家販売,50740,西之表市,経営体
6,150,経営体数,18,自家販売,50760,中種子町,経営体
23,150,経営体数,18,自家販売,50780,南種子町,経営体
11,150,経営体数,18,自家販売,50800,屋久島町,経営体
51,150,経営体数,18,自家販売,50830,奄美市,経営体
34,150,経営体数,18,自家販売,50870,龍郷町,経営体
53,150,経営体数,18,自家販売,50890,大和村,経営体
30,150,経営体数,18,自家販売,50910,宇検村,経営体
18,150,経営体数,18,自家販売,50930,瀬戸内町,経営体
3,150,経営体数,18,自家販売,50950,喜界町,経営体
11,150,経営体数,18,自家販売,50970,徳之島町,経営体
13,150,経営体数,18,自家販売,50990,天城町,経営体
58,150,経営体数,18,自家販売,51010,伊仙町,経営体
3,150,経営体数,18,自家販売,51030,和泊町,経営体
15,150,経営体数,18,自家販売,51050,知名町,経営体
29,150,経営体数,18,自家販売,51070,与論町,経営体
580,150,経営体数,18,自家販売,51170,沖縄県,経営体
2,150,経営体数,18,自家販売,51190,国頭村,経営体
1,150,経営体数,18,自家販売,51210,大宜味村,経営体
-,150,経営体数,18,自家販売,51230,東村,経営体
22,150,経営体数,18,自家販売,51250,名護市,経営体
3,150,経営体数,18,自家販売,51270,今帰仁村,経営体
21,150,経営体数,18,自家販売,51290,本部町,経営体
6,150,経営体数,18,自家販売,51310,恩納村,経営体
4,150,経営体数,18,自家販売,51330,宜野座村,経営体
1,150,経営体数,18,自家販売,51350,金武町,経営体
36,150,経営体数,18,自家販売,51370,伊江村,経営体
11,150,経営体数,18,自家販売,51390,伊是名村,経営体
25,150,経営体数,18,自家販売,51410,伊平屋村,経営体
70,150,経営体数,18,自家販売,51430,うるま市,経営体
8,150,経営体数,18,自家販売,51480,沖縄市,経営体
13,150,経営体数,18,自家販売,51500,読谷村,経営体
2,150,経営体数,18,自家販売,51520,嘉手納町,経営体
10,150,経営体数,18,自家販売,51540,北谷町,経営体
-,150,経営体数,18,自家販売,51560,北中城村,経営体
-,150,経営体数,18,自家販売,51580,中城村,経営体
6,150,経営体数,18,自家販売,51600,西原町,経営体
2,150,経営体数,18,自家販売,51620,宜野湾市,経営体
4,150,経営体数,18,自家販売,51640,浦添市,経営体
11,150,経営体数,18,自家販売,51660,那覇市,経営体
9,150,経営体数,18,自家販売,51680,豊見城市,経営体
6,150,経営体数,18,自家販売,51700,糸満市,経営体
1,150,経営体数,18,自家販売,51720,八重瀬町,経営体
30,150,経営体数,18,自家販売,51740,南城市,経営体
-,150,経営体数,18,自家販売,51780,与那原町,経営体
18,150,経営体数,18,自家販売,51800,久米島町,経営体
35,150,経営体数,18,自家販売,51820,座間味村,経営体
8,150,経営体数,18,自家販売,51840,渡嘉敷村,経営体
52,150,経営体数,18,自家販売,51860,渡名喜村,経営体
26,150,経営体数,18,自家販売,51880,粟国村,経営体
1,150,経営体数,18,自家販売,51900,南大東村,経営体
-,150,経営体数,18,自家販売,51920,北大東村,経営体
56,150,経営体数,18,自家販売,51940,宮古島市,経営体
5,150,経営体数,18,自家販売,52000,多良間村,経営体
37,150,経営体数,18,自家販売,52020,石垣市,経営体
30,150,経営体数,18,自家販売,52040,竹富町,経営体
8,150,経営体数,18,自家販売,52060,与那国町,経営体
5850,150,経営体数,19,その他,10010,全国,経営体
131,150,経営体数,19,その他,10020,北海道,経営体
72,150,経営体数,19,その他,10060,北海道太平洋北区,経営体
7,150,経営体数,19,その他,10070,根室支庁,経営体
1,150,経営体数,19,その他,10090,羅臼町,経営体
-,150,経営体数,19,その他,10110,標津町,経営体
-,150,経営体数,19,その他,10130,別海町,経営体
6,150,経営体数,19,その他,10160,根室市,経営体
31,150,経営体数,19,その他,10240,釧路支庁,経営体
13,150,経営体数,19,その他,10260,浜中町,経営体
5,150,経営体数,19,その他,10290,厚岸町,経営体
3,150,経営体数,19,その他,10310,釧路町,経営体
-,150,経営体数,19,その他,10330,釧路市,経営体
10,150,経営体数,19,その他,10370,白糠町,経営体
-,150,経営体数,19,その他,10430,十勝支庁,経営体
-,150,経営体数,19,その他,10450,浦幌町,経営体
-,150,経営体数,19,その他,10470,豊頃町,経営体
-,150,経営体数,19,その他,10490,大樹町,経営体
-,150,経営体数,19,その他,10510,広尾町,経営体
2,150,経営体数,19,その他,10690,日高支庁,経営体
-,150,経営体数,19,その他,10710,えりも町,経営体
-,150,経営体数,19,その他,10740,様似町,経営体
-,150,経営体数,19,その他,10770,浦河町,経営体
2,150,経営体数,19,その他,10800,新ひだか町,経営体
-,150,経営体数,19,その他,10830,新冠町,経営体
-,150,経営体数,19,その他,10850,日高町,経営体
4,150,経営体数,19,その他,10890,胆振支庁,経営体
2,150,経営体数,19,その他,10910,むかわ町,経営体
-,150,経営体数,19,その他,10930,厚真町,経営体
-,150,経営体数,19,その他,10950,苫小牧市,経営体
-,150,経営体数,19,その他,10970,白老町,経営体
-,150,経営体数,19,その他,11000,登別市,経営体
1,150,経営体数,19,その他,11020,室蘭市,経営体
1,150,経営体数,19,その他,11040,伊達市,経営体
-,150,経営体数,19,その他,11070,洞爺湖町,経営体
-,150,経営体数,19,その他,11090,豊浦町,経営体
28,150,経営体数,19,その他,11140,渡島支庁,経営体
-,150,経営体数,19,その他,11160,長万部町,経営体
2,150,経営体数,19,その他,11180,八雲町,経営体
22,150,経営体数,19,その他,11210,森町,経営体
-,150,経営体数,19,その他,11240,鹿部町,経営体
2,150,経営体数,19,その他,11260,函館市,経営体
1,150,経営体数,19,その他,11460,北斗市,経営体
-,150,経営体数,19,その他,11510,木古内町,経営体
1,150,経営体数,19,その他,11530,知内町,経営体
-,150,経営体数,19,その他,11550,福島町,経営体
59,150,経営体数,19,その他,11630,北海道日本海北区,経営体
17,150,経営体数,19,その他,11640,宗谷支庁,経営体
-,150,経営体数,19,その他,11660,枝幸町,経営体
-,150,経営体数,19,その他,11680,浜頓別町,経営体
-,150,経営体数,19,その他,11700,猿払村,経営体
-,150,経営体数,19,その他,11720,稚内市,経営体
-,150,経営体数,19,その他,11750,豊富町,経営体
11,150,経営体数,19,その他,11770,利尻町,経営体
6,150,経営体数,19,その他,11800,利尻富士町,経営体
-,150,経営体数,19,その他,11830,礼文町,経営体
7,150,経営体数,19,その他,11880,網走支庁,経営体
-,150,経営体数,19,その他,11900,斜里町,経営体
-,150,経営体数,19,その他,11920,小清水町,経営体
1,150,経営体数,19,その他,11940,網走市,経営体
-,150,経営体数,19,その他,11960,北見市,経営体
-,150,経営体数,19,その他,11980,佐呂間町,経営体
5,150,経営体数,19,その他,12000,湧別町,経営体
1,150,経営体数,19,その他,12020,紋別市,経営体
-,150,経営体数,19,その他,12040,興部町,経営体
-,150,経営体数,19,その他,12060,雄武町,経営体
10,150,経営体数,19,その他,12190,留萌支庁,経営体
-,150,経営体数,19,その他,12210,幌延町,経営体
-,150,経営体数,19,その他,12230,天塩町,経営体
4,150,経営体数,19,その他,12250,遠別町,経営体
-,150,経営体数,19,その他,12270,初山別村,経営体
6,150,経営体数,19,その他,12290,羽幌町,経営体
-,150,経営体数,19,その他,12330,苫前町,経営体
-,150,経営体数,19,その他,12350,小平町,経営体
-,150,経営体数,19,その他,12370,留萌市,経営体
-,150,経営体数,19,その他,12390,増毛町,経営体
5,150,経営体数,19,その他,12410,石狩支庁,経営体
5,150,経営体数,19,その他,12430,石狩市,経営体
13,150,経営体数,19,その他,12550,後志支庁,経営体
1,150,経営体数,19,その他,12570,小樽市,経営体
3,150,経営体数,19,その他,12590,余市町,経営体
-,150,経営体数,19,その他,12610,古平町,経営体
-,150,経営体数,19,その他,12630,積丹町,経営体
2,150,経営体数,19,その他,12660,神恵内村,経営体
1,150,経営体数,19,その他,12680,泊村,経営体
-,150,経営体数,19,その他,12710,共和町,経営体
-,150,経営体数,19,その他,12730,岩内町,経営体
-,150,経営体数,19,その他,12750,蘭越町,経営体
4,150,経営体数,19,その他,12770,寿都町,経営体
2,150,経営体数,19,その他,12790,島牧村,経営体
5,150,経営体数,19,その他,12920,檜山支庁,経営体
1,150,経営体数,19,その他,12940,せたな町,経営体
1,150,経営体数,19,その他,12990,乙部町,経営体
2,150,経営体数,19,その他,13010,奥尻町,経営体
-,150,経営体数,19,その他,13030,江差町,経営体
1,150,経営体数,19,その他,13050,上ノ国町,経営体
2,150,経営体数,19,その他,13100,渡島支庁,経営体
-,150,経営体数,19,その他,13110,八雲町,経営体
2,150,経営体数,19,その他,13130,松前町,経営体
77,150,経営体数,19,その他,13700,青森県,経営体
16,150,経営体数,19,その他,13710,太平洋北区,経営体
3,150,経営体数,19,その他,13730,佐井村,経営体
3,150,経営体数,19,その他,13750,大間町,経営体
1,150,経営体数,19,その他,13780,風間浦村,経営体
2,150,経営体数,19,その他,13820,むつ市,経営体
2,150,経営体数,19,その他,13850,東通村,経営体
2,150,経営体数,19,その他,13930,六ヶ所村,経営体
-,150,経営体数,19,その他,13970,三沢市,経営体
-,150,経営体数,19,その他,13990,おいらせ町,経営体
1,150,経営体数,19,その他,14010,八戸市,経営体
2,150,経営体数,19,その他,14050,階上町,経営体
61,150,経営体数,19,その他,14070,日本海北区,経営体
21,150,経営体数,19,その他,14090,むつ市,経営体
-,150,経営体数,19,その他,14130,横浜町,経営体
-,150,経営体数,19,その他,14150,野辺地町,経営体
1,150,経営体数,19,その他,14170,平内町,経営体
7,150,経営体数,19,その他,14210,青森市,経営体
19,150,経営体数,19,その他,14260,蓬田村,経営体
5,150,経営体数,19,その他,14280,外ヶ浜町,経営体
-,150,経営体数,19,その他,14330,今別町,経営体
3,150,経営体数,19,その他,14360,中泊町,経営体
2,150,経営体数,19,その他,14390,五所川原市,経営体
-,150,経営体数,19,その他,14420,つがる市,経営体
-,150,経営体数,19,その他,14450,鰺ヶ沢町,経営体
3,150,経営体数,19,その他,14480,深浦町,経営体
61,150,経営体数,19,その他,14740,岩手県,経営体
3,150,経営体数,19,その他,14760,洋野町,経営体
3,150,経営体数,19,その他,14850,久慈市,経営体
-,150,経営体数,19,その他,14880,野田村,経営体
4,150,経営体数,19,その他,14900,普代村,経営体
1,150,経営体数,19,その他,14920,田野畑村,経営体
-,150,経営体数,19,その他,14950,岩泉町,経営体
1,150,経営体数,19,その他,14980,宮古市,経営体
4,150,経営体数,19,その他,15020,山田町,経営体
14,150,経営体数,19,その他,15090,大槌町,経営体
11,150,経営体数,19,その他,15120,釜石市,経営体
7,150,経営体数,19,その他,15190,大船渡市,経営体
13,150,経営体数,19,その他,15270,陸前高田市,経営体
91,150,経営体数,19,その他,15580,宮城県,経営体
24,150,経営体数,19,その他,15600,気仙沼市,経営体
4,150,経営体数,19,その他,15670,本吉町,経営体
13,150,経営体数,19,その他,15700,南三陸町,経営体
26,150,経営体数,19,その他,15740,石巻市,経営体
9,150,経営体数,19,その他,15970,女川町,経営体
2,150,経営体数,19,その他,16010,東松島市,経営体
1,150,経営体数,19,その他,16060,松島町,経営体
4,150,経営体数,19,その他,16080,利府町,経営体
5,150,経営体数,19,その他,16100,塩竈市,経営体
-,150,経営体数,19,その他,16140,多賀城市,経営体
3,150,経営体数,19,その他,16160,七ヶ浜町,経営体
-,150,経営体数,19,その他,16240,仙台市,経営体
-,150,経営体数,19,その他,16260,名取市,経営体
-,150,経営体数,19,その他,16280,岩沼市,経営体
-,150,経営体数,19,その他,16300,亘理町,経営体
-,150,経営体数,19,その他,16320,山元町,経営体
32,150,経営体数,19,その他,16550,秋田県,経営体
1,150,経営体数,19,その他,16570,八峰町,経営体
7,150,経営体数,19,その他,16610,能代市,経営体
3,150,経営体数,19,その他,16630,三種町,経営体
13,150,経営体数,19,その他,16650,男鹿市,経営体
-,150,経営体数,19,その他,16730,潟上市,経営体
5,150,経営体数,19,その他,16750,秋田市,経営体
2,150,経営体数,19,その他,16780,由利本荘市,経営体
1,150,経営体数,19,その他,16820,にかほ市,経営体
16,150,経営体数,19,その他,17040,山形県,経営体
13,150,経営体数,19,その他,17060,遊佐町,経営体
-,150,経営体数,19,その他,17080,酒田市,経営体
3,150,経営体数,19,その他,17110,鶴岡市,経営体
6,150,経営体数,19,その他,17500,福島県,経営体
-,150,経営体数,19,その他,17520,新地町,経営体
2,150,経営体数,19,その他,17540,相馬市,経営体
-,150,経営体数,19,その他,17580,南相馬市,経営体
-,150,経営体数,19,その他,17620,浪江町,経営体
-,150,経営体数,19,その他,17640,双葉町,経営体
x,150,経営体数,19,その他,17660,大熊町,経営体
-,150,経営体数,19,その他,17680,富岡町,経営体
x,150,経営体数,19,その他,17700,楢葉町,経営体
-,150,経営体数,19,その他,17720,広野町,経営体
4,150,経営体数,19,その他,17740,いわき市,経営体
1,150,経営体数,19,その他,18350,茨城県,経営体
1,150,経営体数,19,その他,18370,北茨城市,経営体
x,150,経営体数,19,その他,18400,高萩市,経営体
-,150,経営体数,19,その他,18420,日立市,経営体
-,150,経営体数,19,その他,18480,東海村,経営体
-,150,経営体数,19,その他,18500,ひたちなか市,経営体
-,150,経営体数,19,その他,18540,大洗町,経営体
x,150,経営体数,19,その他,18560,鉾田市,経営体
-,150,経営体数,19,その他,18600,鹿嶋市,経営体
-,150,経営体数,19,その他,18620,神栖市,経営体
64,150,経営体数,19,その他,20460,千葉県,経営体
1,150,経営体数,19,その他,20480,銚子市,経営体
-,150,経営体数,19,その他,20500,旭市,経営体
-,150,経営体数,19,その他,20530,匝瑳市,経営体
-,150,経営体数,19,その他,20560,横芝光町,経営体
-,150,経営体数,19,その他,20590,山武市,経営体
x,150,経営体数,19,その他,20620,九十九里町,経営体
-,150,経営体数,19,その他,20640,大網白里町,経営体
-,150,経営体数,19,その他,20660,白子町,経営体
x,150,経営体数,19,その他,20680,長生村,経営体
x,150,経営体数,19,その他,20700,一宮町,経営体
-,150,経営体数,19,その他,20720,いすみ市,経営体
-,150,経営体数,19,その他,20750,御宿町,経営体
19,150,経営体数,19,その他,20780,勝浦市,経営体
-,150,経営体数,19,その他,20870,鴨川市,経営体
-,150,経営体数,19,その他,20920,南房総市,経営体
22,150,経営体数,19,その他,20990,館山市,経営体
-,150,経営体数,19,その他,21050,鋸南町,経営体
3,150,経営体数,19,その他,21080,富津市,経営体
-,150,経営体数,19,その他,21130,君津市,経営体
11,150,経営体数,19,その他,21150,木更津市,経営体
x,150,経営体数,19,その他,21220,袖ヶ浦市,経営体
-,150,経営体数,19,その他,21240,市原市,経営体
-,150,経営体数,19,その他,21260,千葉市,経営体
-,150,経営体数,19,その他,21280,習志野市,経営体
1,150,経営体数,19,その他,21300,船橋市,経営体
5,150,経営体数,19,その他,21320,市川市,経営体
-,150,経営体数,19,その他,21350,浦安市,経営体
9,150,経営体数,19,その他,21670,東京都,経営体
5,150,経営体数,19,その他,21690,江戸川区,経営体
-,150,経営体数,19,その他,21710,葛飾区,経営体
-,150,経営体数,19,その他,21730,江東区,経営体
-,150,経営体数,19,その他,21750,墨田区,経営体
1,150,経営体数,19,その他,21770,中央区,経営体
-,150,経営体数,19,その他,21790,台東区,経営体
-,150,経営体数,19,その他,21810,港区,経営体
-,150,経営体数,19,その他,21830,品川区,経営体
-,150,経営体数,19,その他,21850,大田区,経営体
-,150,経営体数,19,その他,21870,千代田区,経営体
2,150,経営体数,19,その他,21890,大島町,経営体
-,150,経営体数,19,その他,21950,利島村,経営体
-,150,経営体数,19,その他,21970,新島村,経営体
-,150,経営体数,19,その他,22010,神津島村,経営体
-,150,経営体数,19,その他,22030,三宅村,経営体
-,150,経営体数,19,その他,22090,御蔵島村,経営体
-,150,経営体数,19,その他,22110,八丈町,経営体
-,150,経営体数,19,その他,22160,青ヶ島村,経営体
1,150,経営体数,19,その他,22180,小笠原村,経営体
49,150,経営体数,19,その他,22650,神奈川県,経営体
x,150,経営体数,19,その他,22670,川崎市,経営体
-,150,経営体数,19,その他,22690,横浜市,経営体
12,150,経営体数,19,その他,22750,横須賀市,経営体
15,150,経営体数,19,その他,22840,三浦市,経営体
3,150,経営体数,19,その他,22970,葉山町,経営体
-,150,経営体数,19,その他,22990,逗子市,経営体
3,150,経営体数,19,その他,23010,鎌倉市,経営体
1,150,経営体数,19,その他,23040,藤沢市,経営体
-,150,経営体数,19,その他,23070,茅ヶ崎市,経営体
3,150,経営体数,19,その他,23090,平塚市,経営体
1,150,経営体数,19,その他,23110,大磯町,経営体
x,150,経営体数,19,その他,23130,二宮町,経営体
2,150,経営体数,19,その他,23150,小田原市,経営体
8,150,経営体数,19,その他,23180,真鶴町,経営体
-,150,経営体数,19,その他,23210,湯河原町,経営体
128,150,経営体数,19,その他,23420,新潟県,経営体
-,150,経営体数,19,その他,23440,粟島浦村,経営体
2,150,経営体数,19,その他,23460,村上市,経営体
-,150,経営体数,19,その他,23510,胎内市,経営体
-,150,経営体数,19,その他,23530,新発田市,経営体
6,150,経営体数,19,その他,23550,聖籠町,経営体
45,150,経営体数,19,その他,23570,新潟市,経営体
-,150,経営体数,19,その他,23640,長岡市,経営体
19,150,経営体数,19,その他,23660,出雲崎町,経営体
-,150,経営体数,19,その他,23680,柏崎市,経営体
16,150,経営体数,19,その他,23710,上越市,経営体
1,150,経営体数,19,その他,23760,糸魚川市,経営体
39,150,経営体数,19,その他,23840,佐渡市,経営体
3,150,経営体数,19,その他,24320,富山県,経営体
1,150,経営体数,19,その他,24340,朝日町,経営体
-,150,経営体数,19,その他,24360,入善町,経営体
-,150,経営体数,19,その他,24400,黒部市,経営体
2,150,経営体数,19,その他,24430,魚津市,経営体
-,150,経営体数,19,その他,24460,滑川市,経営体
-,150,経営体数,19,その他,24480,富山市,経営体
-,150,経営体数,19,その他,24520,射水市,経営体
-,150,経営体数,19,その他,24550,高岡市,経営体
-,150,経営体数,19,その他,24570,氷見市,経営体
231,150,経営体数,19,その他,24700,石川県,経営体
28,150,経営体数,19,その他,24720,七尾市,経営体
2,150,経営体数,19,その他,24810,穴水町,経営体
24,150,経営体数,19,その他,24850,能登町,経営体
11,150,経営体数,19,その他,24900,珠洲市,経営体
83,150,経営体数,19,その他,24960,輪島市,経営体
42,150,経営体数,19,その他,24990,志賀町,経営体
10,150,経営体数,19,その他,25040,羽咋市,経営体
7,150,経営体数,19,その他,25070,宝達志水町,経営体
4,150,経営体数,19,その他,25100,かほく市,経営体
-,150,経営体数,19,その他,25140,内灘町,経営体
-,150,経営体数,19,その他,25160,金沢市,経営体
4,150,経営体数,19,その他,25180,白山市,経営体
2,150,経営体数,19,その他,25210,能美市,経営体
5,150,経営体数,19,その他,25230,小松市,経営体
9,150,経営体数,19,その他,25250,加賀市,経営体
219,150,経営体数,19,その他,25330,福井県,経営体
23,150,経営体数,19,その他,25350,あわら市,経営体
46,150,経営体数,19,その他,25370,坂井市,経営体
10,150,経営体数,19,その他,25390,福井市,経営体
7,150,経営体数,19,その他,25420,越前町,経営体
-,150,経営体数,19,その他,25440,南越前町,経営体
33,150,経営体数,19,その他,25460,敦賀市,経営体
19,150,経営体数,19,その他,25480,美浜町,経営体
55,150,経営体数,19,その他,25510,若狭町,経営体
20,150,経営体数,19,その他,25530,小浜市,経営体
3,150,経営体数,19,その他,25550,おおい町,経営体
3,150,経営体数,19,その他,25570,高浜町,経営体
168,150,経営体数,19,その他,27230,静岡県,経営体
19,150,経営体数,19,その他,27250,熱海市,経営体
5,150,経営体数,19,その他,27290,伊東市,経営体
-,150,経営体数,19,その他,27340,東伊豆町,経営体
1,150,経営体数,19,その他,27370,河津町,経営体
21,150,経営体数,19,その他,27390,下田市,経営体
-,150,経営体数,19,その他,27440,南伊豆町,経営体
16,150,経営体数,19,その他,27490,松崎町,経営体
30,150,経営体数,19,その他,27510,西伊豆町,経営体
18,150,経営体数,19,その他,27550,伊豆市,経営体
-,150,経営体数,19,その他,27570,沼津市,経営体
7,150,経営体数,19,その他,27630,富士市,経営体
4,150,経営体数,19,その他,27650,静岡市,経営体
1,150,経営体数,19,その他,27690,由比町,経営体
1,150,経営体数,19,その他,27710,焼津市,経営体
x,150,経営体数,19,その他,27730,大井川町,経営体
-,150,経営体数,19,その他,27750,吉田町,経営体
-,150,経営体数,19,その他,27770,牧之原市,経営体
34,150,経営体数,19,その他,27810,御前崎市,経営体
-,150,経営体数,19,その他,27840,掛川市,経営体
x,150,経営体数,19,その他,27870,袋井市,経営体
2,150,経営体数,19,その他,27890,磐田市,経営体
6,150,経営体数,19,その他,27930,浜松市,経営体
1,150,経営体数,19,その他,28000,湖西市,経営体
2,150,経営体数,19,その他,28020,新居町,経営体
284,150,経営体数,19,その他,28220,愛知県,経営体
72,150,経営体数,19,その他,28240,田原市,経営体
x,150,経営体数,19,その他,28370,豊橋市,経営体
-,150,経営体数,19,その他,28400,豊川市,経営体
-,150,経営体数,19,その他,28420,蒲郡市,経営体
1,150,経営体数,19,その他,28470,幡豆町,経営体
-,150,経営体数,19,その他,28500,吉良町,経営体
4,150,経営体数,19,その他,28530,一色町,経営体
-,150,経営体数,19,その他,28590,西尾市,経営体
9,150,経営体数,19,その他,28610,碧南市,経営体
-,150,経営体数,19,その他,28630,高浜市,経営体
x,150,経営体数,19,その他,28650,刈谷市,経営体
-,150,経営体数,19,その他,28670,東浦町,経営体
-,150,経営体数,19,その他,28690,半田市,経営体
-,150,経営体数,19,その他,28710,武豊町,経営体
2,150,経営体数,19,その他,28730,美浜町,経営体
182,150,経営体数,19,その他,28760,南知多町,経営体
1,150,経営体数,19,その他,28850,常滑市,経営体
-,150,経営体数,19,その他,28900,知多市,経営体
-,150,経営体数,19,その他,28920,東海市,経営体
-,150,経営体数,19,その他,28940,名古屋市,経営体
-,150,経営体数,19,その他,28970,飛島村,経営体
-,150,経営体数,19,その他,28990,弥富市,経営体
263,150,経営体数,19,その他,29410,三重県,経営体
-,150,経営体数,19,その他,29430,木曽岬町,経営体
2,150,経営体数,19,その他,29450,桑名市,経営体
6,150,経営体数,19,その他,29500,川越町,経営体
-,150,経営体数,19,その他,29520,四日市市,経営体
1,150,経営体数,19,その他,29580,鈴鹿市,経営体
1,150,経営体数,19,その他,29630,津市,経営体
3,150,経営体数,19,その他,29700,松阪市,経営体
2,150,経営体数,19,その他,29780,明和町,経営体
13,150,経営体数,19,その他,29810,伊勢市,経営体
58,150,経営体数,19,その他,29930,鳥羽市,経営体
68,150,経営体数,19,その他,30100,志摩市,経営体
89,150,経営体数,19,その他,30380,南伊勢町,経営体
3,150,経営体数,19,その他,30560,大紀町,経営体
3,150,経営体数,19,その他,30580,紀北町,経営体
8,150,経営体数,19,その他,30680,尾鷲市,経営体
6,150,経営体数,19,その他,30790,熊野市,経営体
-,150,経営体数,19,その他,30860,御浜町,経営体
-,150,経営体数,19,その他,30880,紀宝町,経営体
95,150,経営体数,19,その他,31310,京都府,経営体
3,150,経営体数,19,その他,31330,舞鶴市,経営体
26,150,経営体数,19,その他,31410,宮津市,経営体
-,150,経営体数,19,その他,31470,与謝野町,経営体
7,150,経営体数,19,その他,31490,伊根町,経営体
59,150,経営体数,19,その他,31560,京丹後市,経営体
60,150,経営体数,19,その他,31890,大阪府,経営体
3,150,経営体数,19,その他,31910,大阪市,経営体
24,150,経営体数,19,その他,31980,堺市,経営体
1,150,経営体数,19,その他,32010,高石市,経営体
2,150,経営体数,19,その他,32030,泉大津市,経営体
x,150,経営体数,19,その他,32050,忠岡町,経営体
1,150,経営体数,19,その他,32070,岸和田市,経営体
x,150,経営体数,19,その他,32100,貝塚市,経営体
-,150,経営体数,19,その他,32120,泉佐野市,経営体
1,150,経営体数,19,その他,32140,田尻町,経営体
1,150,経営体数,19,その他,32160,泉南市,経営体
1,150,経営体数,19,その他,32190,阪南市,経営体
25,150,経営体数,19,その他,32230,岬町,経営体
178,150,経営体数,19,その他,32600,兵庫県,経営体
9,150,経営体数,19,その他,32610,日本海西区,経営体
1,150,経営体数,19,その他,32630,豊岡市,経営体
5,150,経営体数,19,その他,32660,香美町,経営体
3,150,経営体数,19,その他,32690,新温泉町,経営体
169,150,経営体数,19,その他,32730,瀬戸内海区,経営体
-,150,経営体数,19,その他,32750,尼崎市,経営体
-,150,経営体数,19,その他,32770,西宮市,経営体
x,150,経営体数,19,その他,32790,芦屋市,経営体
-,150,経営体数,19,その他,32810,神戸市,経営体
25,150,経営体数,19,その他,32910,明石市,経営体
x,150,経営体数,19,その他,32990,播磨町,経営体
7,150,経営体数,19,その他,33010,加古川市,経営体
45,150,経営体数,19,その他,33040,高砂市,経営体
49,150,経営体数,19,その他,33090,姫路市,経営体
-,150,経営体数,19,その他,33220,たつの市,経営体
-,150,経営体数,19,その他,33260,相生市,経営体
34,150,経営体数,19,その他,33280,赤穂市,経営体
-,150,経営体数,19,その他,33320,淡路市,経営体
1,150,経営体数,19,その他,33490,洲本市,経営体
8,150,経営体数,19,その他,33550,南あわじ市,経営体
101,150,経営体数,19,その他,34290,和歌山県,経営体
49,150,経営体数,19,その他,34300,太平洋南区,経営体
5,150,経営体数,19,その他,34320,美浜町,経営体
1,150,経営体数,19,その他,34350,御坊市,経営体
-,150,経営体数,19,その他,34370,印南町,経営体
-,150,経営体数,19,その他,34390,みなべ町,経営体
18,150,経営体数,19,その他,34410,田辺市,経営体
-,150,経営体数,19,その他,34450,白浜町,経営体
-,150,経営体数,19,その他,34490,すさみ町,経営体
12,150,経営体数,19,その他,34510,串本町,経営体
3,150,経営体数,19,その他,34600,那智勝浦町,経営体
-,150,経営体数,19,その他,34650,太地町,経営体
10,150,経営体数,19,その他,34670,新宮市,経営体
52,150,経営体数,19,その他,34700,瀬戸内海区,経営体
19,150,経営体数,19,その他,34720,和歌山市,経営体
11,150,経営体数,19,その他,34810,海南市,経営体
15,150,経営体数,19,その他,34870,有田市,経営体
1,150,経営体数,19,その他,34920,湯浅町,経営体
-,150,経営体数,19,その他,34960,広川町,経営体
3,150,経営体数,19,その他,34980,由良町,経営体
3,150,経営体数,19,その他,35040,日高町,経営体
56,150,経営体数,19,その他,35190,鳥取県,経営体
19,150,経営体数,19,その他,35210,岩美町,経営体
9,150,経営体数,19,その他,35260,鳥取市,経営体
3,150,経営体数,19,その他,35330,湯梨浜町,経営体
4,150,経営体数,19,その他,35360,北栄町,経営体
1,150,経営体数,19,その他,35390,琴浦町,経営体
3,150,経営体数,19,その他,35420,大山町,経営体
6,150,経営体数,19,その他,35460,米子市,経営体
5,150,経営体数,19,その他,35490,日吉津村,経営体
6,150,経営体数,19,その他,35510,境港市,経営体
78,150,経営体数,19,その他,35650,島根県,経営体
1,150,経営体数,19,その他,35670,安来市,経営体
-,150,経営体数,19,その他,35700,東出雲町,経営体
22,150,経営体数,19,その他,35720,松江市,経営体
4,150,経営体数,19,その他,35870,出雲市,経営体
-,150,経営体数,19,その他,35960,大田市,経営体
-,150,経営体数,19,その他,36070,江津市,経営体
-,150,経営体数,19,その他,36100,浜田市,経営体
2,150,経営体数,19,その他,36170,益田市,経営体
44,150,経営体数,19,その他,36200,隠岐の島町,経営体
4,150,経営体数,19,その他,36290,海士町,経営体
1,150,経営体数,19,その他,36340,西ノ島町,経営体
-,150,経営体数,19,その他,36370,知夫村,経営体
438,150,経営体数,19,その他,36490,岡山県,経営体
60,150,経営体数,19,その他,36510,備前市,経営体
-,150,経営体数,19,その他,36560,瀬戸内市,経営体
36,150,経営体数,19,その他,36590,岡山市,経営体
17,150,経営体数,19,その他,36650,玉野市,経営体
296,150,経営体数,19,その他,36690,倉敷市,経営体
1,150,経営体数,19,その他,36770,浅口市,経営体
28,150,経営体数,19,その他,36790,笠岡市,経営体
409,150,経営体数,19,その他,37070,広島県,経営体
30,150,経営体数,19,その他,37090,福山市,経営体
69,150,経営体数,19,その他,37190,尾道市,経営体
4,150,経営体数,19,その他,37290,三原市,経営体
2,150,経営体数,19,その他,37330,竹原市,経営体
4,150,経営体数,19,その他,37370,東広島市,経営体
4,150,経営体数,19,その他,37400,大崎上島町,経営体
54,150,経営体数,19,その他,37440,呉市,経営体
38,150,経営体数,19,その他,37600,江田島市,経営体
1,150,経営体数,19,その他,37720,坂町,経営体
1,150,経営体数,19,その他,37740,海田町,経営体
166,150,経営体数,19,その他,37760,広島市,経営体
9,150,経営体数,19,その他,37830,廿日市市,経営体
27,150,経営体数,19,その他,37870,大竹市,経営体
216,150,経営体数,19,その他,38010,山口県,経営体
79,150,経営体数,19,その他,38020,東シナ海区,経営体
10,150,経営体数,19,その他,38040,萩市,経営体
26,150,経営体数,19,その他,38200,阿武町,経営体
23,150,経営体数,19,その他,38240,長門市,経営体
20,150,経営体数,19,その他,38400,下関市,経営体
137,150,経営体数,19,その他,38630,瀬戸内海区,経営体
5,150,経営体数,19,その他,38650,周防大島町,経営体
-,150,経営体数,19,その他,38730,和木町,経営体
104,150,経営体数,19,その他,38750,岩国市,経営体
3,150,経営体数,19,その他,38820,柳井市,経営体
3,150,経営体数,19,その他,38890,上関町,経営体
-,150,経営体数,19,その他,38940,平生町,経営体
2,150,経営体数,19,その他,38960,田布施町,経営体
-,150,経営体数,19,その他,38990,光市,経営体
2,150,経営体数,19,その他,39020,下松市,経営体
2,150,経営体数,19,その他,39040,周南市,経営体
1,150,経営体数,19,その他,39120,防府市,経営体
7,150,経営体数,19,その他,39230,山口市,経営体
1,150,経営体数,19,その他,39310,宇部市,経営体
1,150,経営体数,19,その他,39380,山陽小野田市,経営体
6,150,経営体数,19,その他,39430,下関市,経営体
69,150,経営体数,19,その他,39530,徳島県,経営体
16,150,経営体数,19,その他,39540,太平洋南区,経営体
5,150,経営体数,19,その他,39560,美波町,経営体
4,150,経営体数,19,その他,39640,牟岐町,経営体
7,150,経営体数,19,その他,39660,海陽町,経営体
53,150,経営体数,19,その他,39700,瀬戸内海区,経営体
12,150,経営体数,19,その他,39720,鳴門市,経営体
-,150,経営体数,19,その他,39800,松茂町,経営体
1,150,経営体数,19,その他,39820,徳島市,経営体
7,150,経営体数,19,その他,39860,小松島市,経営体
33,150,経営体数,19,その他,39890,阿南市,経営体
112,150,経営体数,19,その他,40150,香川県,経営体
21,150,経営体数,19,その他,40170,東かがわ市,経営体
1,150,経営体数,19,その他,40210,さぬき市,経営体
10,150,経営体数,19,その他,40270,小豆島町,経営体
9,150,経営体数,19,その他,40300,土庄町,経営体
48,150,経営体数,19,その他,40380,高松市,経営体
-,150,経営体数,19,その他,40480,直島町,経営体
3,150,経営体数,19,その他,40500,坂出市,経営体
1,150,経営体数,19,その他,40550,宇多津町,経営体
-,150,経営体数,19,その他,40570,丸亀市,経営体
8,150,経営体数,19,その他,40620,多度津町,経営体
-,150,経営体数,19,その他,40670,三豊市,経営体
11,150,経営体数,19,その他,40760,観音寺市,経営体
439,150,経営体数,19,その他,40880,愛媛県,経営体
190,150,経営体数,19,その他,40890,太平洋南区,経営体
2,150,経営体数,19,その他,40910,八幡浜市,経営体
10,150,経営体数,19,その他,40940,西予市,経営体
53,150,経営体数,19,その他,40970,宇和島市,経営体
125,150,経営体数,19,その他,41090,愛南町,経営体
249,150,経営体数,19,その他,41180,瀬戸内海区,経営体
1,150,経営体数,19,その他,41200,四国中央市,経営体
-,150,経営体数,19,その他,41250,新居浜市,経営体
16,150,経営体数,19,その他,41310,西条市,経営体
55,150,経営体数,19,その他,41390,上島町,経営体
120,150,経営体数,19,その他,41440,今治市,経営体
38,150,経営体数,19,その他,41600,松山市,経営体
-,150,経営体数,19,その他,41780,松前町,経営体
1,150,経営体数,19,その他,41800,伊予市,経営体
12,150,経営体数,19,その他,41840,大洲市,経営体
-,150,経営体数,19,その他,41870,八幡浜市,経営体
6,150,経営体数,19,その他,41900,伊方町,経営体
160,150,経営体数,19,その他,42060,高知県,経営体
10,150,経営体数,19,その他,42080,東洋町,経営体
2,150,経営体数,19,その他,42110,室戸市,経営体
-,150,経営体数,19,その他,42200,奈半利町,経営体
-,150,経営体数,19,その他,42230,田野町,経営体
1,150,経営体数,19,その他,42250,安田町,経営体
3,150,経営体数,19,その他,42270,安芸市,経営体
-,150,経営体数,19,その他,42330,芸西村,経営体
25,150,経営体数,19,その他,42350,香南市,経営体
15,150,経営体数,19,その他,42400,南国市,経営体
2,150,経営体数,19,その他,42450,高知市,経営体
4,150,経営体数,19,その他,42500,土佐市,経営体
38,150,経営体数,19,その他,42540,須崎市,経営体
18,150,経営体数,19,その他,42610,中土佐町,経営体
-,150,経営体数,19,その他,42650,四万十町,経営体
-,150,経営体数,19,その他,42680,黒潮町,経営体
2,150,経営体数,19,その他,42740,四万十市,経営体
4,150,経営体数,19,その他,42760,土佐清水市,経営体
18,150,経営体数,19,その他,42850,大月町,経営体
18,150,経営体数,19,その他,42980,宿毛市,経営体
100,150,経営体数,19,その他,43240,福岡県,経営体
98,150,経営体数,19,その他,43250,東シナ海区,経営体
34,150,経営体数,19,その他,43270,北九州市,経営体
-,150,経営体数,19,その他,43410,芦屋町,経営体
-,150,経営体数,19,その他,43440,岡垣町,経営体
24,150,経営体数,19,その他,43460,宗像市,経営体
2,150,経営体数,19,その他,43510,福津市,経営体
-,150,経営体数,19,その他,43540,古賀市,経営体
2,150,経営体数,19,その他,43560,新宮町,経営体
8,150,経営体数,19,その他,43590,福岡市,経営体
3,150,経営体数,19,その他,43770,志摩町,経営体
-,150,経営体数,19,その他,43830,前原市,経営体
1,150,経営体数,19,その他,43850,二丈町,経営体
-,150,経営体数,19,その他,43880,久留米市,経営体
-,150,経営体数,19,その他,43920,大川市,経営体
16,150,経営体数,19,その他,43980,柳川市,経営体
1,150,経営体数,19,その他,44080,みやま市,経営体
7,150,経営体数,19,その他,44110,大牟田市,経営体
2,150,経営体数,19,その他,44140,瀬戸内海区,経営体
-,150,経営体数,19,その他,44160,北九州市,経営体
-,150,経営体数,19,その他,44230,苅田町,経営体
-,150,経営体数,19,その他,44250,行橋市,経営体
1,150,経営体数,19,その他,44300,築上町,経営体
1,150,経営体数,19,その他,44330,豊前市,経営体
-,150,経営体数,19,その他,44370,吉富町,経営体
182,150,経営体数,19,その他,44850,佐賀県,経営体
144,150,経営体数,19,その他,44870,唐津市,経営体
2,150,経営体数,19,その他,45120,玄海町,経営体
2,150,経営体数,19,その他,45150,伊万里市,経営体
x,150,経営体数,19,その他,45170,神埼市,経営体
8,150,経営体数,19,その他,45190,佐賀市,経営体
3,150,経営体数,19,その他,45280,小城市,経営体
-,150,経営体数,19,その他,45300,江北町,経営体
1,150,経営体数,19,その他,45320,白石町,経営体
x,150,経営体数,19,その他,45360,嬉野市,経営体
8,150,経営体数,19,その他,45380,鹿島市,経営体
14,150,経営体数,19,その他,45430,太良町,経営体
548,150,経営体数,19,その他,45570,長崎県,経営体
64,150,経営体数,19,その他,45590,対馬市,経営体
4,150,経営体数,19,その他,45890,壱岐市,経営体
12,150,経営体数,19,その他,45950,松浦市,経営体
15,150,経営体数,19,その他,46000,平戸市,経営体
17,150,経営体数,19,その他,46140,鹿町町,経営体
38,150,経営体数,19,その他,46160,佐世保市,経営体
1,150,経営体数,19,その他,46240,小値賀町,経営体
9,150,経営体数,19,その他,46260,川棚町,経営体
17,150,経営体数,19,その他,46280,東彼杵町,経営体
7,150,経営体数,19,その他,46300,大村市,経営体
14,150,経営体数,19,その他,46340,諫早市,経営体
10,150,経営体数,19,その他,46450,長与町,経営体
2,150,経営体数,19,その他,46470,時津町,経営体
64,150,経営体数,19,その他,46490,長崎市,経営体
80,150,経営体数,19,その他,46680,西海市,経営体
13,150,経営体数,19,その他,46750,雲仙市,経営体
8,150,経営体数,19,その他,46850,南島原市,経営体
24,150,経営体数,19,その他,46930,島原市,経営体
126,150,経営体数,19,その他,46970,新上五島町,経営体
23,150,経営体数,19,その他,47140,五島市,経営体
287,150,経営体数,19,その他,47350,熊本県,経営体
1,150,経営体数,19,その他,47370,荒尾市,経営体
1,150,経営体数,19,その他,47400,長洲町,経営体
5,150,経営体数,19,その他,47420,玉名市,経営体
64,150,経営体数,19,その他,47490,熊本市,経営体
1,150,経営体数,19,その他,47590,宇土市,経営体
-,150,経営体数,19,その他,47630,宇城市,経営体
-,150,経営体数,19,その他,47720,氷川町,経営体
24,150,経営体数,19,その他,47740,八代市,経営体
2,150,経営体数,19,その他,47820,芦北町,経営体
1,150,経営体数,19,その他,47850,津奈木町,経営体
3,150,経営体数,19,その他,47870,水俣市,経営体
26,150,経営体数,19,その他,47890,上天草市,経営体
155,150,経営体数,19,その他,48010,天草市,経営体
4,150,経営体数,19,その他,48250,苓北町,経営体
117,150,経営体数,19,その他,48650,大分県,経営体
73,150,経営体数,19,その他,48660,太平洋南区,経営体
4,150,経営体数,19,その他,48680,大分市,経営体
5,150,経営体数,19,その他,48700,臼杵市,経営体
31,150,経営体数,19,その他,48720,津久見市,経営体
33,150,経営体数,19,その他,48750,佐伯市,経営体
44,150,経営体数,19,その他,48860,瀬戸内海区,経営体
3,150,経営体数,19,その他,48880,中津市,経営体
10,150,経営体数,19,その他,48900,宇佐市,経営体
5,150,経営体数,19,その他,48950,豊後高田市,経営体
2,150,経営体数,19,その他,48990,国東市,経営体
2,150,経営体数,19,その他,49050,姫島村,経営体
5,150,経営体数,19,その他,49070,杵築市,経営体
3,150,経営体数,19,その他,49090,日出町,経営体
6,150,経営体数,19,その他,49120,別府市,経営体
8,150,経営体数,19,その他,49140,大分市,経営体
23,150,経営体数,19,その他,49240,宮崎県,経営体
11,150,経営体数,19,その他,49260,延岡市,経営体
-,150,経営体数,19,その他,49320,門川町,経営体
4,150,経営体数,19,その他,49350,日向市,経営体
-,150,経営体数,19,その他,49380,都農町,経営体
-,150,経営体数,19,その他,49400,川南町,経営体
-,150,経営体数,19,その他,49420,高鍋町,経営体
-,150,経営体数,19,その他,49440,新富町,経営体
3,150,経営体数,19,その他,49460,宮崎市,経営体
1,150,経営体数,19,その他,49510,日南市,経営体
-,150,経営体数,19,その他,49550,南郷町,経営体
4,150,経営体数,19,その他,49590,串間市,経営体
102,150,経営体数,19,その他,49840,鹿児島県,経営体
-,150,経営体数,19,その他,49860,出水市,経営体
1,150,経営体数,19,その他,49890,長島町,経営体
1,150,経営体数,19,その他,49920,阿久根市,経営体
-,150,経営体数,19,その他,49960,薩摩川内市,経営体
2,150,経営体数,19,その他,50040,いちき串木野市,経営体
-,150,経営体数,19,その他,50090,日置市,経営体
6,150,経営体数,19,その他,50140,南さつま市,経営体
-,150,経営体数,19,その他,50230,枕崎市,経営体
1,150,経営体数,19,その他,50250,南九州市,経営体
1,150,経営体数,19,その他,50280,指宿市,経営体
34,150,経営体数,19,その他,50330,鹿児島市,経営体
-,150,経営体数,19,その他,50390,姶良町,経営体
2,150,経営体数,19,その他,50410,加治木町,経営体
1,150,経営体数,19,その他,50430,霧島市,経営体
-,150,経営体数,19,その他,50470,垂水市,経営体
3,150,経営体数,19,その他,50500,鹿屋市,経営体
-,150,経営体数,19,その他,50520,錦江町,経営体
1,150,経営体数,19,その他,50540,南大隅町,経営体
-,150,経営体数,19,その他,50580,肝付町,経営体
-,150,経営体数,19,その他,50630,東串良町,経営体
-,150,経営体数,19,その他,50650,大崎町,経営体
-,150,経営体数,19,その他,50670,志布志市,経営体
4,150,経営体数,19,その他,50700,三島村,経営体
2,150,経営体数,19,その他,50720,十島村,経営体
-,150,経営体数,19,その他,50740,西之表市,経営体
-,150,経営体数,19,その他,50760,中種子町,経営体
-,150,経営体数,19,その他,50780,南種子町,経営体
-,150,経営体数,19,その他,50800,屋久島町,経営体
17,150,経営体数,19,その他,50830,奄美市,経営体
13,150,経営体数,19,その他,50870,龍郷町,経営体
6,150,経営体数,19,その他,50890,大和村,経営体
1,150,経営体数,19,その他,50910,宇検村,経営体
6,150,経営体数,19,その他,50930,瀬戸内町,経営体
-,150,経営体数,19,その他,50950,喜界町,経営体
-,150,経営体数,19,その他,50970,徳之島町,経営体
-,150,経営体数,19,その他,50990,天城町,経営体
-,150,経営体数,19,その他,51010,伊仙町,経営体
-,150,経営体数,19,その他,51030,和泊町,経営体
-,150,経営体数,19,その他,51050,知名町,経営体
-,150,経営体数,19,その他,51070,与論町,経営体
247,150,経営体数,19,その他,51170,沖縄県,経営体
-,150,経営体数,19,その他,51190,国頭村,経営体
-,150,経営体数,19,その他,51210,大宜味村,経営体
-,150,経営体数,19,その他,51230,東村,経営体
5,150,経営体数,19,その他,51250,名護市,経営体
-,150,経営体数,19,その他,51270,今帰仁村,経営体
8,150,経営体数,19,その他,51290,本部町,経営体
-,150,経営体数,19,その他,51310,恩納村,経営体
-,150,経営体数,19,その他,51330,宜野座村,経営体
-,150,経営体数,19,その他,51350,金武町,経営体
-,150,経営体数,19,その他,51370,伊江村,経営体
5,150,経営体数,19,その他,51390,伊是名村,経営体
39,150,経営体数,19,その他,51410,伊平屋村,経営体
4,150,経営体数,19,その他,51430,うるま市,経営体
10,150,経営体数,19,その他,51480,沖縄市,経営体
5,150,経営体数,19,その他,51500,読谷村,経営体
-,150,経営体数,19,その他,51520,嘉手納町,経営体
1,150,経営体数,19,その他,51540,北谷町,経営体
1,150,経営体数,19,その他,51560,北中城村,経営体
1,150,経営体数,19,その他,51580,中城村,経営体
5,150,経営体数,19,その他,51600,西原町,経営体
3,150,経営体数,19,その他,51620,宜野湾市,経営体
-,150,経営体数,19,その他,51640,浦添市,経営体
5,150,経営体数,19,その他,51660,那覇市,経営体
1,150,経営体数,19,その他,51680,豊見城市,経営体
-,150,経営体数,19,その他,51700,糸満市,経営体
-,150,経営体数,19,その他,51720,八重瀬町,経営体
3,150,経営体数,19,その他,51740,南城市,経営体
-,150,経営体数,19,その他,51780,与那原町,経営体
2,150,経営体数,19,その他,51800,久米島町,経営体
13,150,経営体数,19,その他,51820,座間味村,経営体
-,150,経営体数,19,その他,51840,渡嘉敷村,経営体
-,150,経営体数,19,その他,51860,渡名喜村,経営体
2,150,経営体数,19,その他,51880,粟国村,経営体
4,150,経営体数,19,その他,51900,南大東村,経営体
-,150,経営体数,19,その他,51920,北大東村,経営体
92,150,経営体数,19,その他,51940,宮古島市,経営体
2,150,経営体数,19,その他,52000,多良間村,経営体
26,150,経営体数,19,その他,52020,石垣市,経営体
10,150,経営体数,19,その他,52040,竹富町,経営体
-,150,経営体数,19,その他,52060,与那国町,経営体
