value,cat01,cat01_label,cat02,cat02_label,time,time_label
181389032,010010000,生産数量,350010100,　　抵抗器,2003000000,2003年
222307521,010010000,生産数量,350010100,　　抵抗器,2004000000,2004年
217329445,010010000,生産数量,350010100,　　抵抗器,2005000000,2005年
255319765,010010000,生産数量,350010100,　　抵抗器,2006000000,2006年
259506947,010010000,生産数量,350010100,　　抵抗器,2007000000,2007年
226707510,010010000,生産数量,350010100,　　抵抗器,2005100000,2005年度
258850822,010010000,生産数量,350010100,　　抵抗器,2006100000,2006年度
62386471,010010000,生産数量,350010100,　　抵抗器,2007000103,2007年1～3月期
64010154,010010000,生産数量,350010100,　　抵抗器,2007000406,2007年4～6月期
64077944,010010000,生産数量,350010100,　　抵抗器,2007000709,2007年7～9月期
69032378,010010000,生産数量,350010100,　　抵抗器,2007001012,2007年10～12月期
19853627,010010000,生産数量,350010100,　　抵抗器,2007000101,2007年1月
20818473,010010000,生産数量,350010100,　　抵抗器,2007000202,2007年2月
21714371,010010000,生産数量,350010100,　　抵抗器,2007000303,2007年3月
21538967,010010000,生産数量,350010100,　　抵抗器,2007000404,2007年4月
20545911,010010000,生産数量,350010100,　　抵抗器,2007000505,2007年5月
21925276,010010000,生産数量,350010100,　　抵抗器,2007000606,2007年6月
21405256,010010000,生産数量,350010100,　　抵抗器,2007000707,2007年7月
20811127,010010000,生産数量,350010100,　　抵抗器,2007000808,2007年8月
21861561,010010000,生産数量,350010100,　　抵抗器,2007000909,2007年9月
23682180,010010000,生産数量,350010100,　　抵抗器,2007001010,2007年10月
23612843,010010000,生産数量,350010100,　　抵抗器,2007001111,2007年11月
21737355,010010000,生産数量,350010100,　　抵抗器,2007001212,2007年12月
3132230,010010000,生産数量,350010110,　　　可変抵抗器,2003000000,2003年
3343131,010010000,生産数量,350010110,　　　可変抵抗器,2004000000,2004年
3056726,010010000,生産数量,350010110,　　　可変抵抗器,2005000000,2005年
3207989,010010000,生産数量,350010110,　　　可変抵抗器,2006000000,2006年
3116550,010010000,生産数量,350010110,　　　可変抵抗器,2007000000,2007年
3084257,010010000,生産数量,350010110,　　　可変抵抗器,2005100000,2005年度
3194890,010010000,生産数量,350010110,　　　可変抵抗器,2006100000,2006年度
732706,010010000,生産数量,350010110,　　　可変抵抗器,2007000103,2007年1～3月期
740150,010010000,生産数量,350010110,　　　可変抵抗器,2007000406,2007年4～6月期
805274,010010000,生産数量,350010110,　　　可変抵抗器,2007000709,2007年7～9月期
838420,010010000,生産数量,350010110,　　　可変抵抗器,2007001012,2007年10～12月期
241100,010010000,生産数量,350010110,　　　可変抵抗器,2007000101,2007年1月
243985,010010000,生産数量,350010110,　　　可変抵抗器,2007000202,2007年2月
247621,010010000,生産数量,350010110,　　　可変抵抗器,2007000303,2007年3月
238369,010010000,生産数量,350010110,　　　可変抵抗器,2007000404,2007年4月
243879,010010000,生産数量,350010110,　　　可変抵抗器,2007000505,2007年5月
257902,010010000,生産数量,350010110,　　　可変抵抗器,2007000606,2007年6月
271522,010010000,生産数量,350010110,　　　可変抵抗器,2007000707,2007年7月
270214,010010000,生産数量,350010110,　　　可変抵抗器,2007000808,2007年8月
263538,010010000,生産数量,350010110,　　　可変抵抗器,2007000909,2007年9月
291732,010010000,生産数量,350010110,　　　可変抵抗器,2007001010,2007年10月
283000,010010000,生産数量,350010110,　　　可変抵抗器,2007001111,2007年11月
263688,010010000,生産数量,350010110,　　　可変抵抗器,2007001212,2007年12月
2777990,010010000,生産数量,350010111,　　　　半固定抵抗器,2003000000,2003年
3042212,010010000,生産数量,350010111,　　　　半固定抵抗器,2004000000,2004年
2790679,010010000,生産数量,350010111,　　　　半固定抵抗器,2005000000,2005年
2901090,010010000,生産数量,350010111,　　　　半固定抵抗器,2006000000,2006年
2803349,010010000,生産数量,350010111,　　　　半固定抵抗器,2007000000,2007年
2808340,010010000,生産数量,350010111,　　　　半固定抵抗器,2005100000,2005年度
2886276,010010000,生産数量,350010111,　　　　半固定抵抗器,2006100000,2006年度
655477,010010000,生産数量,350010111,　　　　半固定抵抗器,2007000103,2007年1～3月期
663099,010010000,生産数量,350010111,　　　　半固定抵抗器,2007000406,2007年4～6月期
727863,010010000,生産数量,350010111,　　　　半固定抵抗器,2007000709,2007年7～9月期
756910,010010000,生産数量,350010111,　　　　半固定抵抗器,2007001012,2007年10～12月期
216343,010010000,生産数量,350010111,　　　　半固定抵抗器,2007000101,2007年1月
219180,010010000,生産数量,350010111,　　　　半固定抵抗器,2007000202,2007年2月
219954,010010000,生産数量,350010111,　　　　半固定抵抗器,2007000303,2007年3月
211700,010010000,生産数量,350010111,　　　　半固定抵抗器,2007000404,2007年4月
219017,010010000,生産数量,350010111,　　　　半固定抵抗器,2007000505,2007年5月
232382,010010000,生産数量,350010111,　　　　半固定抵抗器,2007000606,2007年6月
245581,010010000,生産数量,350010111,　　　　半固定抵抗器,2007000707,2007年7月
245294,010010000,生産数量,350010111,　　　　半固定抵抗器,2007000808,2007年8月
236988,010010000,生産数量,350010111,　　　　半固定抵抗器,2007000909,2007年9月
263654,010010000,生産数量,350010111,　　　　半固定抵抗器,2007001010,2007年10月
255691,010010000,生産数量,350010111,　　　　半固定抵抗器,2007001111,2007年11月
237565,010010000,生産数量,350010111,　　　　半固定抵抗器,2007001212,2007年12月
291355,010010000,生産数量,350010112,　　　　炭素系可変抵抗器(半固定を除く),2003000000,2003年
229799,010010000,生産数量,350010112,　　　　炭素系可変抵抗器(半固定を除く),2004000000,2004年
192990,010010000,生産数量,350010112,　　　　炭素系可変抵抗器(半固定を除く),2005000000,2005年
219539,010010000,生産数量,350010112,　　　　炭素系可変抵抗器(半固定を除く),2006000000,2006年
216334,010010000,生産数量,350010112,　　　　炭素系可変抵抗器(半固定を除く),2007000000,2007年
202703,010010000,生産数量,350010112,　　　　炭素系可変抵抗器(半固定を除く),2005100000,2005年度
217632,010010000,生産数量,350010112,　　　　炭素系可変抵抗器(半固定を除く),2006100000,2006年度
55270,010010000,生産数量,350010112,　　　　炭素系可変抵抗器(半固定を除く),2007000103,2007年1～3月期
52635,010010000,生産数量,350010112,　　　　炭素系可変抵抗器(半固定を除く),2007000406,2007年4～6月期
52521,010010000,生産数量,350010112,　　　　炭素系可変抵抗器(半固定を除く),2007000709,2007年7～9月期
55908,010010000,生産数量,350010112,　　　　炭素系可変抵抗器(半固定を除く),2007001012,2007年10～12月期
18197,010010000,生産数量,350010112,　　　　炭素系可変抵抗器(半固定を除く),2007000101,2007年1月
18131,010010000,生産数量,350010112,　　　　炭素系可変抵抗器(半固定を除く),2007000202,2007年2月
18942,010010000,生産数量,350010112,　　　　炭素系可変抵抗器(半固定を除く),2007000303,2007年3月
18213,010010000,生産数量,350010112,　　　　炭素系可変抵抗器(半固定を除く),2007000404,2007年4月
16624,010010000,生産数量,350010112,　　　　炭素系可変抵抗器(半固定を除く),2007000505,2007年5月
17798,010010000,生産数量,350010112,　　　　炭素系可変抵抗器(半固定を除く),2007000606,2007年6月
18192,010010000,生産数量,350010112,　　　　炭素系可変抵抗器(半固定を除く),2007000707,2007年7月
16469,010010000,生産数量,350010112,　　　　炭素系可変抵抗器(半固定を除く),2007000808,2007年8月
17860,010010000,生産数量,350010112,　　　　炭素系可変抵抗器(半固定を除く),2007000909,2007年9月
19249,010010000,生産数量,350010112,　　　　炭素系可変抵抗器(半固定を除く),2007001010,2007年10月
18632,010010000,生産数量,350010112,　　　　炭素系可変抵抗器(半固定を除く),2007001111,2007年11月
18027,010010000,生産数量,350010112,　　　　炭素系可変抵抗器(半固定を除く),2007001212,2007年12月
62885,010010000,生産数量,350010119,　　　　その他の可変抵抗器,2003000000,2003年
71120,010010000,生産数量,350010119,　　　　その他の可変抵抗器,2004000000,2004年
73057,010010000,生産数量,350010119,　　　　その他の可変抵抗器,2005000000,2005年
87360,010010000,生産数量,350010119,　　　　その他の可変抵抗器,2006000000,2006年
96867,010010000,生産数量,350010119,　　　　その他の可変抵抗器,2007000000,2007年
73214,010010000,生産数量,350010119,　　　　その他の可変抵抗器,2005100000,2005年度
90982,010010000,生産数量,350010119,　　　　その他の可変抵抗器,2006100000,2006年度
21959,010010000,生産数量,350010119,　　　　その他の可変抵抗器,2007000103,2007年1～3月期
24416,010010000,生産数量,350010119,　　　　その他の可変抵抗器,2007000406,2007年4～6月期
24890,010010000,生産数量,350010119,　　　　その他の可変抵抗器,2007000709,2007年7～9月期
25602,010010000,生産数量,350010119,　　　　その他の可変抵抗器,2007001012,2007年10～12月期
6560,010010000,生産数量,350010119,　　　　その他の可変抵抗器,2007000101,2007年1月
6674,010010000,生産数量,350010119,　　　　その他の可変抵抗器,2007000202,2007年2月
8725,010010000,生産数量,350010119,　　　　その他の可変抵抗器,2007000303,2007年3月
8456,010010000,生産数量,350010119,　　　　その他の可変抵抗器,2007000404,2007年4月
8238,010010000,生産数量,350010119,　　　　その他の可変抵抗器,2007000505,2007年5月
7722,010010000,生産数量,350010119,　　　　その他の可変抵抗器,2007000606,2007年6月
7749,010010000,生産数量,350010119,　　　　その他の可変抵抗器,2007000707,2007年7月
8451,010010000,生産数量,350010119,　　　　その他の可変抵抗器,2007000808,2007年8月
8690,010010000,生産数量,350010119,　　　　その他の可変抵抗器,2007000909,2007年9月
8829,010010000,生産数量,350010119,　　　　その他の可変抵抗器,2007001010,2007年10月
8677,010010000,生産数量,350010119,　　　　その他の可変抵抗器,2007001111,2007年11月
8096,010010000,生産数量,350010119,　　　　その他の可変抵抗器,2007001212,2007年12月
178256802,010010000,生産数量,350010130,　　　固定抵抗器,2003000000,2003年
218964390,010010000,生産数量,350010130,　　　固定抵抗器,2004000000,2004年
214272719,010010000,生産数量,350010130,　　　固定抵抗器,2005000000,2005年
252111776,010010000,生産数量,350010130,　　　固定抵抗器,2006000000,2006年
256390397,010010000,生産数量,350010130,　　　固定抵抗器,2007000000,2007年
223623253,010010000,生産数量,350010130,　　　固定抵抗器,2005100000,2005年度
255655932,010010000,生産数量,350010130,　　　固定抵抗器,2006100000,2006年度
61653765,010010000,生産数量,350010130,　　　固定抵抗器,2007000103,2007年1～3月期
63270004,010010000,生産数量,350010130,　　　固定抵抗器,2007000406,2007年4～6月期
63272670,010010000,生産数量,350010130,　　　固定抵抗器,2007000709,2007年7～9月期
68193958,010010000,生産数量,350010130,　　　固定抵抗器,2007001012,2007年10～12月期
19612527,010010000,生産数量,350010130,　　　固定抵抗器,2007000101,2007年1月
20574488,010010000,生産数量,350010130,　　　固定抵抗器,2007000202,2007年2月
21466750,010010000,生産数量,350010130,　　　固定抵抗器,2007000303,2007年3月
21300598,010010000,生産数量,350010130,　　　固定抵抗器,2007000404,2007年4月
20302032,010010000,生産数量,350010130,　　　固定抵抗器,2007000505,2007年5月
21667374,010010000,生産数量,350010130,　　　固定抵抗器,2007000606,2007年6月
21133734,010010000,生産数量,350010130,　　　固定抵抗器,2007000707,2007年7月
20540913,010010000,生産数量,350010130,　　　固定抵抗器,2007000808,2007年8月
21598023,010010000,生産数量,350010130,　　　固定抵抗器,2007000909,2007年9月
23390448,010010000,生産数量,350010130,　　　固定抵抗器,2007001010,2007年10月
23329843,010010000,生産数量,350010130,　　　固定抵抗器,2007001111,2007年11月
21473667,010010000,生産数量,350010130,　　　固定抵抗器,2007001212,2007年12月
2941197,010010000,生産数量,350010131,　　　　金属皮膜固定抵抗器（酸化金属を含む）,2003000000,2003年
2666587,010010000,生産数量,350010131,　　　　金属皮膜固定抵抗器（酸化金属を含む）,2004000000,2004年
2300688,010010000,生産数量,350010131,　　　　金属皮膜固定抵抗器（酸化金属を含む）,2005000000,2005年
2587409,010010000,生産数量,350010131,　　　　金属皮膜固定抵抗器（酸化金属を含む）,2006000000,2006年
2329313,010010000,生産数量,350010131,　　　　金属皮膜固定抵抗器（酸化金属を含む）,2007000000,2007年
2372768,010010000,生産数量,350010131,　　　　金属皮膜固定抵抗器（酸化金属を含む）,2005100000,2005年度
2519747,010010000,生産数量,350010131,　　　　金属皮膜固定抵抗器（酸化金属を含む）,2006100000,2006年度
594880,010010000,生産数量,350010131,　　　　金属皮膜固定抵抗器（酸化金属を含む）,2007000103,2007年1～3月期
582024,010010000,生産数量,350010131,　　　　金属皮膜固定抵抗器（酸化金属を含む）,2007000406,2007年4～6月期
568014,010010000,生産数量,350010131,　　　　金属皮膜固定抵抗器（酸化金属を含む）,2007000709,2007年7～9月期
584395,010010000,生産数量,350010131,　　　　金属皮膜固定抵抗器（酸化金属を含む）,2007001012,2007年10～12月期
200973,010010000,生産数量,350010131,　　　　金属皮膜固定抵抗器（酸化金属を含む）,2007000101,2007年1月
193561,010010000,生産数量,350010131,　　　　金属皮膜固定抵抗器（酸化金属を含む）,2007000202,2007年2月
200346,010010000,生産数量,350010131,　　　　金属皮膜固定抵抗器（酸化金属を含む）,2007000303,2007年3月
184886,010010000,生産数量,350010131,　　　　金属皮膜固定抵抗器（酸化金属を含む）,2007000404,2007年4月
194695,010010000,生産数量,350010131,　　　　金属皮膜固定抵抗器（酸化金属を含む）,2007000505,2007年5月
202443,010010000,生産数量,350010131,　　　　金属皮膜固定抵抗器（酸化金属を含む）,2007000606,2007年6月
200637,010010000,生産数量,350010131,　　　　金属皮膜固定抵抗器（酸化金属を含む）,2007000707,2007年7月
186433,010010000,生産数量,350010131,　　　　金属皮膜固定抵抗器（酸化金属を含む）,2007000808,2007年8月
180944,010010000,生産数量,350010131,　　　　金属皮膜固定抵抗器（酸化金属を含む）,2007000909,2007年9月
195349,010010000,生産数量,350010131,　　　　金属皮膜固定抵抗器（酸化金属を含む）,2007001010,2007年10月
199323,010010000,生産数量,350010131,　　　　金属皮膜固定抵抗器（酸化金属を含む）,2007001111,2007年11月
189723,010010000,生産数量,350010131,　　　　金属皮膜固定抵抗器（酸化金属を含む）,2007001212,2007年12月
175353,010010000,生産数量,350010132,　　　　巻線固定抵抗器,2003000000,2003年
129543,010010000,生産数量,350010132,　　　　巻線固定抵抗器,2004000000,2004年
99490,010010000,生産数量,350010132,　　　　巻線固定抵抗器,2005000000,2005年
92309,010010000,生産数量,350010132,　　　　巻線固定抵抗器,2006000000,2006年
78306,010010000,生産数量,350010132,　　　　巻線固定抵抗器,2007000000,2007年
103493,010010000,生産数量,350010132,　　　　巻線固定抵抗器,2005100000,2005年度
82671,010010000,生産数量,350010132,　　　　巻線固定抵抗器,2006100000,2006年度
19035,010010000,生産数量,350010132,　　　　巻線固定抵抗器,2007000103,2007年1～3月期
19346,010010000,生産数量,350010132,　　　　巻線固定抵抗器,2007000406,2007年4～6月期
20451,010010000,生産数量,350010132,　　　　巻線固定抵抗器,2007000709,2007年7～9月期
19474,010010000,生産数量,350010132,　　　　巻線固定抵抗器,2007001012,2007年10～12月期
5822,010010000,生産数量,350010132,　　　　巻線固定抵抗器,2007000101,2007年1月
6474,010010000,生産数量,350010132,　　　　巻線固定抵抗器,2007000202,2007年2月
6739,010010000,生産数量,350010132,　　　　巻線固定抵抗器,2007000303,2007年3月
6746,010010000,生産数量,350010132,　　　　巻線固定抵抗器,2007000404,2007年4月
6116,010010000,生産数量,350010132,　　　　巻線固定抵抗器,2007000505,2007年5月
6484,010010000,生産数量,350010132,　　　　巻線固定抵抗器,2007000606,2007年6月
7119,010010000,生産数量,350010132,　　　　巻線固定抵抗器,2007000707,2007年7月
6398,010010000,生産数量,350010132,　　　　巻線固定抵抗器,2007000808,2007年8月
6934,010010000,生産数量,350010132,　　　　巻線固定抵抗器,2007000909,2007年9月
6669,010010000,生産数量,350010132,　　　　巻線固定抵抗器,2007001010,2007年10月
6570,010010000,生産数量,350010132,　　　　巻線固定抵抗器,2007001111,2007年11月
6235,010010000,生産数量,350010132,　　　　巻線固定抵抗器,2007001212,2007年12月
10519525,010010000,生産数量,350010133,　　　　ネットワーク抵抗器,2003000000,2003年
10850856,010010000,生産数量,350010133,　　　　ネットワーク抵抗器,2004000000,2004年
12309290,010010000,生産数量,350010133,　　　　ネットワーク抵抗器,2005000000,2005年
13333129,010010000,生産数量,350010133,　　　　ネットワーク抵抗器,2006000000,2006年
16286101,010010000,生産数量,350010133,　　　　ネットワーク抵抗器,2007000000,2007年
12505865,010010000,生産数量,350010133,　　　　ネットワーク抵抗器,2005100000,2005年度
13899840,010010000,生産数量,350010133,　　　　ネットワーク抵抗器,2006100000,2006年度
3567702,010010000,生産数量,350010133,　　　　ネットワーク抵抗器,2007000103,2007年1～3月期
3863028,010010000,生産数量,350010133,　　　　ネットワーク抵抗器,2007000406,2007年4～6月期
4392965,010010000,生産数量,350010133,　　　　ネットワーク抵抗器,2007000709,2007年7～9月期
4462406,010010000,生産数量,350010133,　　　　ネットワーク抵抗器,2007001012,2007年10～12月期
1159769,010010000,生産数量,350010133,　　　　ネットワーク抵抗器,2007000101,2007年1月
1182478,010010000,生産数量,350010133,　　　　ネットワーク抵抗器,2007000202,2007年2月
1225455,010010000,生産数量,350010133,　　　　ネットワーク抵抗器,2007000303,2007年3月
1307824,010010000,生産数量,350010133,　　　　ネットワーク抵抗器,2007000404,2007年4月
1161511,010010000,生産数量,350010133,　　　　ネットワーク抵抗器,2007000505,2007年5月
1393693,010010000,生産数量,350010133,　　　　ネットワーク抵抗器,2007000606,2007年6月
1420483,010010000,生産数量,350010133,　　　　ネットワーク抵抗器,2007000707,2007年7月
1481360,010010000,生産数量,350010133,　　　　ネットワーク抵抗器,2007000808,2007年8月
1491122,010010000,生産数量,350010133,　　　　ネットワーク抵抗器,2007000909,2007年9月
1571788,010010000,生産数量,350010133,　　　　ネットワーク抵抗器,2007001010,2007年10月
1518050,010010000,生産数量,350010133,　　　　ネットワーク抵抗器,2007001111,2007年11月
1372568,010010000,生産数量,350010133,　　　　ネットワーク抵抗器,2007001212,2007年12月
158667297,010010000,生産数量,350010134,　　　　チップ抵抗器,2003000000,2003年
200249690,010010000,生産数量,350010134,　　　　チップ抵抗器,2004000000,2004年
194415875,010010000,生産数量,350010134,　　　　チップ抵抗器,2005000000,2005年
231084184,010010000,生産数量,350010134,　　　　チップ抵抗器,2006000000,2006年
233294256,010010000,生産数量,350010134,　　　　チップ抵抗器,2007000000,2007年
203353470,010010000,生産数量,350010134,　　　　チップ抵抗器,2005100000,2005年度
234353573,010010000,生産数量,350010134,　　　　チップ抵抗器,2006100000,2006年度
56428627,010010000,生産数量,350010134,　　　　チップ抵抗器,2007000103,2007年1～3月期
57706395,010010000,生産数量,350010134,　　　　チップ抵抗器,2007000406,2007年4～6月期
57140147,010010000,生産数量,350010134,　　　　チップ抵抗器,2007000709,2007年7～9月期
62019087,010010000,生産数量,350010134,　　　　チップ抵抗器,2007001012,2007年10～12月期
17905906,010010000,生産数量,350010134,　　　　チップ抵抗器,2007000101,2007年1月
18853737,010010000,生産数量,350010134,　　　　チップ抵抗器,2007000202,2007年2月
19668984,010010000,生産数量,350010134,　　　　チップ抵抗器,2007000303,2007年3月
19416627,010010000,生産数量,350010134,　　　　チップ抵抗器,2007000404,2007年4月
18598120,010010000,生産数量,350010134,　　　　チップ抵抗器,2007000505,2007年5月
19691648,010010000,生産数量,350010134,　　　　チップ抵抗器,2007000606,2007年6月
19125054,010010000,生産数量,350010134,　　　　チップ抵抗器,2007000707,2007年7月
18473573,010010000,生産数量,350010134,　　　　チップ抵抗器,2007000808,2007年8月
19541520,010010000,生産数量,350010134,　　　　チップ抵抗器,2007000909,2007年9月
21220583,010010000,生産数量,350010134,　　　　チップ抵抗器,2007001010,2007年10月
21245280,010010000,生産数量,350010134,　　　　チップ抵抗器,2007001111,2007年11月
19553224,010010000,生産数量,350010134,　　　　チップ抵抗器,2007001212,2007年12月
5953430,010010000,生産数量,350010139,　　　　その他の固定抵抗器,2003000000,2003年
5067714,010010000,生産数量,350010139,　　　　その他の固定抵抗器,2004000000,2004年
5147376,010010000,生産数量,350010139,　　　　その他の固定抵抗器,2005000000,2005年
5014745,010010000,生産数量,350010139,　　　　その他の固定抵抗器,2006000000,2006年
4402421,010010000,生産数量,350010139,　　　　その他の固定抵抗器,2007000000,2007年
5287657,010010000,生産数量,350010139,　　　　その他の固定抵抗器,2005100000,2005年度
4800101,010010000,生産数量,350010139,　　　　その他の固定抵抗器,2006100000,2006年度
1043521,010010000,生産数量,350010139,　　　　その他の固定抵抗器,2007000103,2007年1～3月期
1099211,010010000,生産数量,350010139,　　　　その他の固定抵抗器,2007000406,2007年4～6月期
1151093,010010000,生産数量,350010139,　　　　その他の固定抵抗器,2007000709,2007年7～9月期
1108596,010010000,生産数量,350010139,　　　　その他の固定抵抗器,2007001012,2007年10～12月期
340057,010010000,生産数量,350010139,　　　　その他の固定抵抗器,2007000101,2007年1月
338238,010010000,生産数量,350010139,　　　　その他の固定抵抗器,2007000202,2007年2月
365226,010010000,生産数量,350010139,　　　　その他の固定抵抗器,2007000303,2007年3月
384515,010010000,生産数量,350010139,　　　　その他の固定抵抗器,2007000404,2007年4月
341590,010010000,生産数量,350010139,　　　　その他の固定抵抗器,2007000505,2007年5月
373106,010010000,生産数量,350010139,　　　　その他の固定抵抗器,2007000606,2007年6月
380441,010010000,生産数量,350010139,　　　　その他の固定抵抗器,2007000707,2007年7月
393149,010010000,生産数量,350010139,　　　　その他の固定抵抗器,2007000808,2007年8月
377503,010010000,生産数量,350010139,　　　　その他の固定抵抗器,2007000909,2007年9月
396059,010010000,生産数量,350010139,　　　　その他の固定抵抗器,2007001010,2007年10月
360620,010010000,生産数量,350010139,　　　　その他の固定抵抗器,2007001111,2007年11月
351917,010010000,生産数量,350010139,　　　　その他の固定抵抗器,2007001212,2007年12月
358942230,010010000,生産数量,350010300,　　固定コンデンサ,2003000000,2003年
436144625,010010000,生産数量,350010300,　　固定コンデンサ,2004000000,2004年
491913675,010010000,生産数量,350010300,　　固定コンデンサ,2005000000,2005年
606214603,010010000,生産数量,350010300,　　固定コンデンサ,2006000000,2006年
705360201,010010000,生産数量,350010300,　　固定コンデンサ,2007000000,2007年
525915176,010010000,生産数量,350010300,　　固定コンデンサ,2005100000,2005年度
629337005,010010000,生産数量,350010300,　　固定コンデンサ,2006100000,2006年度
160591292,010010000,生産数量,350010300,　　固定コンデンサ,2007000103,2007年1～3月期
162965367,010010000,生産数量,350010300,　　固定コンデンサ,2007000406,2007年4～6月期
183963918,010010000,生産数量,350010300,　　固定コンデンサ,2007000709,2007年7～9月期
197839624,010010000,生産数量,350010300,　　固定コンデンサ,2007001012,2007年10～12月期
52565799,010010000,生産数量,350010300,　　固定コンデンサ,2007000101,2007年1月
51684548,010010000,生産数量,350010300,　　固定コンデンサ,2007000202,2007年2月
56340945,010010000,生産数量,350010300,　　固定コンデンサ,2007000303,2007年3月
53479139,010010000,生産数量,350010300,　　固定コンデンサ,2007000404,2007年4月
53421607,010010000,生産数量,350010300,　　固定コンデンサ,2007000505,2007年5月
56064621,010010000,生産数量,350010300,　　固定コンデンサ,2007000606,2007年6月
59575258,010010000,生産数量,350010300,　　固定コンデンサ,2007000707,2007年7月
60160044,010010000,生産数量,350010300,　　固定コンデンサ,2007000808,2007年8月
64228616,010010000,生産数量,350010300,　　固定コンデンサ,2007000909,2007年9月
70009718,010010000,生産数量,350010300,　　固定コンデンサ,2007001010,2007年10月
66623106,010010000,生産数量,350010300,　　固定コンデンサ,2007001111,2007年11月
61206800,010010000,生産数量,350010300,　　固定コンデンサ,2007001212,2007年12月
19460674,010010000,生産数量,350010310,　　　アルミ電解コンデンサ,2003000000,2003年
20885628,010010000,生産数量,350010310,　　　アルミ電解コンデンサ,2004000000,2004年
20193506,010010000,生産数量,350010310,　　　アルミ電解コンデンサ,2005000000,2005年
21306940,010010000,生産数量,350010310,　　　アルミ電解コンデンサ,2006000000,2006年
20256358,010010000,生産数量,350010310,　　　アルミ電解コンデンサ,2007000000,2007年
20538798,010010000,生産数量,350010310,　　　アルミ電解コンデンサ,2005100000,2005年度
20991721,010010000,生産数量,350010310,　　　アルミ電解コンデンサ,2006100000,2006年度
4829199,010010000,生産数量,350010310,　　　アルミ電解コンデンサ,2007000103,2007年1～3月期
4945822,010010000,生産数量,350010310,　　　アルミ電解コンデンサ,2007000406,2007年4～6月期
5260677,010010000,生産数量,350010310,　　　アルミ電解コンデンサ,2007000709,2007年7～9月期
5220660,010010000,生産数量,350010310,　　　アルミ電解コンデンサ,2007001012,2007年10～12月期
1575971,010010000,生産数量,350010310,　　　アルミ電解コンデンサ,2007000101,2007年1月
1612329,010010000,生産数量,350010310,　　　アルミ電解コンデンサ,2007000202,2007年2月
1640899,010010000,生産数量,350010310,　　　アルミ電解コンデンサ,2007000303,2007年3月
1634151,010010000,生産数量,350010310,　　　アルミ電解コンデンサ,2007000404,2007年4月
1616581,010010000,生産数量,350010310,　　　アルミ電解コンデンサ,2007000505,2007年5月
1695090,010010000,生産数量,350010310,　　　アルミ電解コンデンサ,2007000606,2007年6月
1822546,010010000,生産数量,350010310,　　　アルミ電解コンデンサ,2007000707,2007年7月
1693161,010010000,生産数量,350010310,　　　アルミ電解コンデンサ,2007000808,2007年8月
1744970,010010000,生産数量,350010310,　　　アルミ電解コンデンサ,2007000909,2007年9月
1836667,010010000,生産数量,350010310,　　　アルミ電解コンデンサ,2007001010,2007年10月
1741107,010010000,生産数量,350010310,　　　アルミ電解コンデンサ,2007001111,2007年11月
1642886,010010000,生産数量,350010310,　　　アルミ電解コンデンサ,2007001212,2007年12月
5314573,010010000,生産数量,350010320,　　　タンタル電解コンデンサ,2003000000,2003年
5513719,010010000,生産数量,350010320,　　　タンタル電解コンデンサ,2004000000,2004年
4892743,010010000,生産数量,350010320,　　　タンタル電解コンデンサ,2005000000,2005年
5411077,010010000,生産数量,350010320,　　　タンタル電解コンデンサ,2006000000,2006年
4699250,010010000,生産数量,350010320,　　　タンタル電解コンデンサ,2007000000,2007年
5077153,010010000,生産数量,350010320,　　　タンタル電解コンデンサ,2005100000,2005年度
5244031,010010000,生産数量,350010320,　　　タンタル電解コンデンサ,2006100000,2006年度
1217632,010010000,生産数量,350010320,　　　タンタル電解コンデンサ,2007000103,2007年1～3月期
1234506,010010000,生産数量,350010320,　　　タンタル電解コンデンサ,2007000406,2007年4～6月期
1116634,010010000,生産数量,350010320,　　　タンタル電解コンデンサ,2007000709,2007年7～9月期
1130478,010010000,生産数量,350010320,　　　タンタル電解コンデンサ,2007001012,2007年10～12月期
403032,010010000,生産数量,350010320,　　　タンタル電解コンデンサ,2007000101,2007年1月
400999,010010000,生産数量,350010320,　　　タンタル電解コンデンサ,2007000202,2007年2月
413601,010010000,生産数量,350010320,　　　タンタル電解コンデンサ,2007000303,2007年3月
403364,010010000,生産数量,350010320,　　　タンタル電解コンデンサ,2007000404,2007年4月
416399,010010000,生産数量,350010320,　　　タンタル電解コンデンサ,2007000505,2007年5月
414743,010010000,生産数量,350010320,　　　タンタル電解コンデンサ,2007000606,2007年6月
396008,010010000,生産数量,350010320,　　　タンタル電解コンデンサ,2007000707,2007年7月
350397,010010000,生産数量,350010320,　　　タンタル電解コンデンサ,2007000808,2007年8月
370229,010010000,生産数量,350010320,　　　タンタル電解コンデンサ,2007000909,2007年9月
399513,010010000,生産数量,350010320,　　　タンタル電解コンデンサ,2007001010,2007年10月
376676,010010000,生産数量,350010320,　　　タンタル電解コンデンサ,2007001111,2007年11月
354289,010010000,生産数量,350010320,　　　タンタル電解コンデンサ,2007001212,2007年12月
329774163,010010000,生産数量,350010330,　　　セラミックコンデンサ,2003000000,2003年
406164547,010010000,生産数量,350010330,　　　セラミックコンデンサ,2004000000,2004年
463925026,010010000,生産数量,350010330,　　　セラミックコンデンサ,2005000000,2005年
576789310,010010000,生産数量,350010330,　　　セラミックコンデンサ,2006000000,2006年
677840651,010010000,生産数量,350010330,　　　セラミックコンデンサ,2007000000,2007年
497420989,010010000,生産数量,350010330,　　　セラミックコンデンサ,2005100000,2005年度
600535849,010010000,生産数量,350010330,　　　セラミックコンデンサ,2006100000,2006年度
153966748,010010000,生産数量,350010330,　　　セラミックコンデンサ,2007000103,2007年1～3月期
156149790,010010000,生産数量,350010330,　　　セラミックコンデンサ,2007000406,2007年4～6月期
176930187,010010000,生産数量,350010330,　　　セラミックコンデンサ,2007000709,2007年7～9月期
190793926,010010000,生産数量,350010330,　　　セラミックコンデンサ,2007001012,2007年10～12月期
50406015,010010000,生産数量,350010330,　　　セラミックコンデンサ,2007000101,2007年1月
49482973,010010000,生産数量,350010330,　　　セラミックコンデンサ,2007000202,2007年2月
54077760,010010000,生産数量,350010330,　　　セラミックコンデンサ,2007000303,2007年3月
51229511,010010000,生産数量,350010330,　　　セラミックコンデンサ,2007000404,2007年4月
51183760,010010000,生産数量,350010330,　　　セラミックコンデンサ,2007000505,2007年5月
53736519,010010000,生産数量,350010330,　　　セラミックコンデンサ,2007000606,2007年6月
57123377,010010000,生産数量,350010330,　　　セラミックコンデンサ,2007000707,2007年7月
57913856,010010000,生産数量,350010330,　　　セラミックコンデンサ,2007000808,2007年8月
61892954,010010000,生産数量,350010330,　　　セラミックコンデンサ,2007000909,2007年9月
67532144,010010000,生産数量,350010330,　　　セラミックコンデンサ,2007001010,2007年10月
64275156,010010000,生産数量,350010330,　　　セラミックコンデンサ,2007001111,2007年11月
58986626,010010000,生産数量,350010330,　　　セラミックコンデンサ,2007001212,2007年12月
2586072,010010000,生産数量,350010340,　　　有機フィルムコンデンサ,2003000000,2003年
2363423,010010000,生産数量,350010340,　　　有機フィルムコンデンサ,2004000000,2004年
1856840,010010000,生産数量,350010340,　　　有機フィルムコンデンサ,2005000000,2005年
1730107,010010000,生産数量,350010340,　　　有機フィルムコンデンサ,2006000000,2006年
1525460,010010000,生産数量,350010340,　　　有機フィルムコンデンサ,2007000000,2007年
1857582,010010000,生産数量,350010340,　　　有機フィルムコンデンサ,2005100000,2005年度
1585249,010010000,生産数量,350010340,　　　有機フィルムコンデンサ,2006100000,2006年度
326405,010010000,生産数量,350010340,　　　有機フィルムコンデンサ,2007000103,2007年1～3月期
375350,010010000,生産数量,350010340,　　　有機フィルムコンデンサ,2007000406,2007年4～6月期
396372,010010000,生産数量,350010340,　　　有機フィルムコンデンサ,2007000709,2007年7～9月期
427333,010010000,生産数量,350010340,　　　有機フィルムコンデンサ,2007001012,2007年10～12月期
101076,010010000,生産数量,350010340,　　　有機フィルムコンデンサ,2007000101,2007年1月
105764,010010000,生産数量,350010340,　　　有機フィルムコンデンサ,2007000202,2007年2月
119565,010010000,生産数量,350010340,　　　有機フィルムコンデンサ,2007000303,2007年3月
122656,010010000,生産数量,350010340,　　　有機フィルムコンデンサ,2007000404,2007年4月
120397,010010000,生産数量,350010340,　　　有機フィルムコンデンサ,2007000505,2007年5月
132297,010010000,生産数量,350010340,　　　有機フィルムコンデンサ,2007000606,2007年6月
142868,010010000,生産数量,350010340,　　　有機フィルムコンデンサ,2007000707,2007年7月
119006,010010000,生産数量,350010340,　　　有機フィルムコンデンサ,2007000808,2007年8月
134498,010010000,生産数量,350010340,　　　有機フィルムコンデンサ,2007000909,2007年9月
151081,010010000,生産数量,350010340,　　　有機フィルムコンデンサ,2007001010,2007年10月
139338,010010000,生産数量,350010340,　　　有機フィルムコンデンサ,2007001111,2007年11月
136914,010010000,生産数量,350010340,　　　有機フィルムコンデンサ,2007001212,2007年12月
1167895,010010000,生産数量,350010350,　　　金属化有機フィルムコンデンサ,2003000000,2003年
1196246,010010000,生産数量,350010350,　　　金属化有機フィルムコンデンサ,2004000000,2004年
1025700,010010000,生産数量,350010350,　　　金属化有機フィルムコンデンサ,2005000000,2005年
958271,010010000,生産数量,350010350,　　　金属化有機フィルムコンデンサ,2006000000,2006年
875972,010010000,生産数量,350010350,　　　金属化有機フィルムコンデンサ,2007000000,2007年
1001009,010010000,生産数量,350010350,　　　金属化有機フィルムコンデンサ,2005100000,2005年度
934947,010010000,生産数量,350010350,　　　金属化有機フィルムコンデンサ,2006100000,2006年度
220773,010010000,生産数量,350010350,　　　金属化有機フィルムコンデンサ,2007000103,2007年1～3月期
218723,010010000,生産数量,350010350,　　　金属化有機フィルムコンデンサ,2007000406,2007年4～6月期
215082,010010000,生産数量,350010350,　　　金属化有機フィルムコンデンサ,2007000709,2007年7～9月期
221394,010010000,生産数量,350010350,　　　金属化有機フィルムコンデンサ,2007001012,2007年10～12月期
71299,010010000,生産数量,350010350,　　　金属化有機フィルムコンデンサ,2007000101,2007年1月
72627,010010000,生産数量,350010350,　　　金属化有機フィルムコンデンサ,2007000202,2007年2月
76847,010010000,生産数量,350010350,　　　金属化有機フィルムコンデンサ,2007000303,2007年3月
75713,010010000,生産数量,350010350,　　　金属化有機フィルムコンデンサ,2007000404,2007年4月
72467,010010000,生産数量,350010350,　　　金属化有機フィルムコンデンサ,2007000505,2007年5月
70543,010010000,生産数量,350010350,　　　金属化有機フィルムコンデンサ,2007000606,2007年6月
76181,010010000,生産数量,350010350,　　　金属化有機フィルムコンデンサ,2007000707,2007年7月
69597,010010000,生産数量,350010350,　　　金属化有機フィルムコンデンサ,2007000808,2007年8月
69304,010010000,生産数量,350010350,　　　金属化有機フィルムコンデンサ,2007000909,2007年9月
75035,010010000,生産数量,350010350,　　　金属化有機フィルムコンデンサ,2007001010,2007年10月
75867,010010000,生産数量,350010350,　　　金属化有機フィルムコンデンサ,2007001111,2007年11月
70492,010010000,生産数量,350010350,　　　金属化有機フィルムコンデンサ,2007001212,2007年12月
638853,010010000,生産数量,350010399,　　　その他の固定コンデンサ,2003000000,2003年
21062,010010000,生産数量,350010399,　　　その他の固定コンデンサ,2004000000,2004年
19860,010010000,生産数量,350010399,　　　その他の固定コンデンサ,2005000000,2005年
18898,010010000,生産数量,350010399,　　　その他の固定コンデンサ,2006000000,2006年
162510,010010000,生産数量,350010399,　　　その他の固定コンデンサ,2007000000,2007年
19645,010010000,生産数量,350010399,　　　その他の固定コンデンサ,2005100000,2005年度
45208,010010000,生産数量,350010399,　　　その他の固定コンデンサ,2006100000,2006年度
30535,010010000,生産数量,350010399,　　　その他の固定コンデンサ,2007000103,2007年1～3月期
41176,010010000,生産数量,350010399,　　　その他の固定コンデンサ,2007000406,2007年4～6月期
44966,010010000,生産数量,350010399,　　　その他の固定コンデンサ,2007000709,2007年7～9月期
45833,010010000,生産数量,350010399,　　　その他の固定コンデンサ,2007001012,2007年10～12月期
8406,010010000,生産数量,350010399,　　　その他の固定コンデンサ,2007000101,2007年1月
9856,010010000,生産数量,350010399,　　　その他の固定コンデンサ,2007000202,2007年2月
12273,010010000,生産数量,350010399,　　　その他の固定コンデンサ,2007000303,2007年3月
13744,010010000,生産数量,350010399,　　　その他の固定コンデンサ,2007000404,2007年4月
12003,010010000,生産数量,350010399,　　　その他の固定コンデンサ,2007000505,2007年5月
15429,010010000,生産数量,350010399,　　　その他の固定コンデンサ,2007000606,2007年6月
14278,010010000,生産数量,350010399,　　　その他の固定コンデンサ,2007000707,2007年7月
14027,010010000,生産数量,350010399,　　　その他の固定コンデンサ,2007000808,2007年8月
16661,010010000,生産数量,350010399,　　　その他の固定コンデンサ,2007000909,2007年9月
15278,010010000,生産数量,350010399,　　　その他の固定コンデンサ,2007001010,2007年10月
14962,010010000,生産数量,350010399,　　　その他の固定コンデンサ,2007001111,2007年11月
15593,010010000,生産数量,350010399,　　　その他の固定コンデンサ,2007001212,2007年12月
16276937,010010000,生産数量,350010500,　　トランス（コイルを含む）,2003000000,2003年
17801379,010010000,生産数量,350010500,　　トランス（コイルを含む）,2004000000,2004年
18968091,010010000,生産数量,350010500,　　トランス（コイルを含む）,2005000000,2005年
25014620,010010000,生産数量,350010500,　　トランス（コイルを含む）,2006000000,2006年
29150677,010010000,生産数量,350010500,　　トランス（コイルを含む）,2007000000,2007年
20906749,010010000,生産数量,350010500,　　トランス（コイルを含む）,2005100000,2005年度
25550729,010010000,生産数量,350010500,　　トランス（コイルを含む）,2006100000,2006年度
6483749,010010000,生産数量,350010500,　　トランス（コイルを含む）,2007000103,2007年1～3月期
7035997,010010000,生産数量,350010500,　　トランス（コイルを含む）,2007000406,2007年4～6月期
7456912,010010000,生産数量,350010500,　　トランス（コイルを含む）,2007000709,2007年7～9月期
8174019,010010000,生産数量,350010500,　　トランス（コイルを含む）,2007001012,2007年10～12月期
2136188,010010000,生産数量,350010500,　　トランス（コイルを含む）,2007000101,2007年1月
2104186,010010000,生産数量,350010500,　　トランス（コイルを含む）,2007000202,2007年2月
2243375,010010000,生産数量,350010500,　　トランス（コイルを含む）,2007000303,2007年3月
2247805,010010000,生産数量,350010500,　　トランス（コイルを含む）,2007000404,2007年4月
2388629,010010000,生産数量,350010500,　　トランス（コイルを含む）,2007000505,2007年5月
2399563,010010000,生産数量,350010500,　　トランス（コイルを含む）,2007000606,2007年6月
2440168,010010000,生産数量,350010500,　　トランス（コイルを含む）,2007000707,2007年7月
2495349,010010000,生産数量,350010500,　　トランス（コイルを含む）,2007000808,2007年8月
2521395,010010000,生産数量,350010500,　　トランス（コイルを含む）,2007000909,2007年9月
2642460,010010000,生産数量,350010500,　　トランス（コイルを含む）,2007001010,2007年10月
2908020,010010000,生産数量,350010500,　　トランス（コイルを含む）,2007001111,2007年11月
2623539,010010000,生産数量,350010500,　　トランス（コイルを含む）,2007001212,2007年12月
28954,010010000,生産数量,350010510,　　　鉄芯トランス,2003000000,2003年
21213,010010000,生産数量,350010510,　　　鉄芯トランス,2004000000,2004年
19786,010010000,生産数量,350010510,　　　鉄芯トランス,2005000000,2005年
18817,010010000,生産数量,350010510,　　　鉄芯トランス,2006000000,2006年
14721,010010000,生産数量,350010510,　　　鉄芯トランス,2007000000,2007年
19650,010010000,生産数量,350010510,　　　鉄芯トランス,2005100000,2005年度
18404,010010000,生産数量,350010510,　　　鉄芯トランス,2006100000,2006年度
4260,010010000,生産数量,350010510,　　　鉄芯トランス,2007000103,2007年1～3月期
3276,010010000,生産数量,350010510,　　　鉄芯トランス,2007000406,2007年4～6月期
3561,010010000,生産数量,350010510,　　　鉄芯トランス,2007000709,2007年7～9月期
3624,010010000,生産数量,350010510,　　　鉄芯トランス,2007001012,2007年10～12月期
1468,010010000,生産数量,350010510,　　　鉄芯トランス,2007000101,2007年1月
1411,010010000,生産数量,350010510,　　　鉄芯トランス,2007000202,2007年2月
1381,010010000,生産数量,350010510,　　　鉄芯トランス,2007000303,2007年3月
1063,010010000,生産数量,350010510,　　　鉄芯トランス,2007000404,2007年4月
1044,010010000,生産数量,350010510,　　　鉄芯トランス,2007000505,2007年5月
1169,010010000,生産数量,350010510,　　　鉄芯トランス,2007000606,2007年6月
1242,010010000,生産数量,350010510,　　　鉄芯トランス,2007000707,2007年7月
1235,010010000,生産数量,350010510,　　　鉄芯トランス,2007000808,2007年8月
1084,010010000,生産数量,350010510,　　　鉄芯トランス,2007000909,2007年9月
1305,010010000,生産数量,350010510,　　　鉄芯トランス,2007001010,2007年10月
1229,010010000,生産数量,350010510,　　　鉄芯トランス,2007001111,2007年11月
1090,010010000,生産数量,350010510,　　　鉄芯トランス,2007001212,2007年12月
141429,010010000,生産数量,350010520,　　　フェライトコアトランス（高周波電源回路用のもの）,2003000000,2003年
164291,010010000,生産数量,350010520,　　　フェライトコアトランス（高周波電源回路用のもの）,2004000000,2004年
151760,010010000,生産数量,350010520,　　　フェライトコアトランス（高周波電源回路用のもの）,2005000000,2005年
185998,010010000,生産数量,350010520,　　　フェライトコアトランス（高周波電源回路用のもの）,2006000000,2006年
129325,010010000,生産数量,350010520,　　　フェライトコアトランス（高周波電源回路用のもの）,2007000000,2007年
157870,010010000,生産数量,350010520,　　　フェライトコアトランス（高周波電源回路用のもの）,2005100000,2005年度
198800,010010000,生産数量,350010520,　　　フェライトコアトランス（高周波電源回路用のもの）,2006100000,2006年度
56683,010010000,生産数量,350010520,　　　フェライトコアトランス（高周波電源回路用のもの）,2007000103,2007年1～3月期
27787,010010000,生産数量,350010520,　　　フェライトコアトランス（高周波電源回路用のもの）,2007000406,2007年4～6月期
24196,010010000,生産数量,350010520,　　　フェライトコアトランス（高周波電源回路用のもの）,2007000709,2007年7～9月期
20659,010010000,生産数量,350010520,　　　フェライトコアトランス（高周波電源回路用のもの）,2007001012,2007年10～12月期
19367,010010000,生産数量,350010520,　　　フェライトコアトランス（高周波電源回路用のもの）,2007000101,2007年1月
17923,010010000,生産数量,350010520,　　　フェライトコアトランス（高周波電源回路用のもの）,2007000202,2007年2月
19393,010010000,生産数量,350010520,　　　フェライトコアトランス（高周波電源回路用のもの）,2007000303,2007年3月
8305,010010000,生産数量,350010520,　　　フェライトコアトランス（高周波電源回路用のもの）,2007000404,2007年4月
10585,010010000,生産数量,350010520,　　　フェライトコアトランス（高周波電源回路用のもの）,2007000505,2007年5月
8897,010010000,生産数量,350010520,　　　フェライトコアトランス（高周波電源回路用のもの）,2007000606,2007年6月
8758,010010000,生産数量,350010520,　　　フェライトコアトランス（高周波電源回路用のもの）,2007000707,2007年7月
7765,010010000,生産数量,350010520,　　　フェライトコアトランス（高周波電源回路用のもの）,2007000808,2007年8月
7673,010010000,生産数量,350010520,　　　フェライトコアトランス（高周波電源回路用のもの）,2007000909,2007年9月
6592,010010000,生産数量,350010520,　　　フェライトコアトランス（高周波電源回路用のもの）,2007001010,2007年10月
7185,010010000,生産数量,350010520,　　　フェライトコアトランス（高周波電源回路用のもの）,2007001111,2007年11月
6882,010010000,生産数量,350010520,　　　フェライトコアトランス（高周波電源回路用のもの）,2007001212,2007年12月
10344037,010010000,生産数量,350010530,　　　インダクタ,2003000000,2003年
17243377,010010000,生産数量,350010530,　　　インダクタ,2004000000,2004年
18546511,010010000,生産数量,350010530,　　　インダクタ,2005000000,2005年
24492955,010010000,生産数量,350010530,　　　インダクタ,2006000000,2006年
28720272,010010000,生産数量,350010530,　　　インダクタ,2007000000,2007年
20463138,010010000,生産数量,350010530,　　　インダクタ,2005100000,2005年度
25027253,010010000,生産数量,350010530,　　　インダクタ,2006100000,2006年度
6356928,010010000,生産数量,350010530,　　　インダクタ,2007000103,2007年1～3月期
6938439,010010000,生産数量,350010530,　　　インダクタ,2007000406,2007年4～6月期
7358904,010010000,生産数量,350010530,　　　インダクタ,2007000709,2007年7～9月期
8066001,010010000,生産数量,350010530,　　　インダクタ,2007001012,2007年10～12月期
2092286,010010000,生産数量,350010530,　　　インダクタ,2007000101,2007年1月
2065441,010010000,生産数量,350010530,　　　インダクタ,2007000202,2007年2月
2199201,010010000,生産数量,350010530,　　　インダクタ,2007000303,2007年3月
2220070,010010000,生産数量,350010530,　　　インダクタ,2007000404,2007年4月
2353816,010010000,生産数量,350010530,　　　インダクタ,2007000505,2007年5月
2364553,010010000,生産数量,350010530,　　　インダクタ,2007000606,2007年6月
2403001,010010000,生産数量,350010530,　　　インダクタ,2007000707,2007年7月
2464072,010010000,生産数量,350010530,　　　インダクタ,2007000808,2007年8月
2491831,010010000,生産数量,350010530,　　　インダクタ,2007000909,2007年9月
2604905,010010000,生産数量,350010530,　　　インダクタ,2007001010,2007年10月
2871276,010010000,生産数量,350010530,　　　インダクタ,2007001111,2007年11月
2589820,010010000,生産数量,350010530,　　　インダクタ,2007001212,2007年12月
5762517,010010000,生産数量,350010599,　　　その他のトランス,2003000000,2003年
372498,010010000,生産数量,350010599,　　　その他のトランス,2004000000,2004年
250034,010010000,生産数量,350010599,　　　その他のトランス,2005000000,2005年
316850,010010000,生産数量,350010599,　　　その他のトランス,2006000000,2006年
286359,010010000,生産数量,350010599,　　　その他のトランス,2007000000,2007年
266091,010010000,生産数量,350010599,　　　その他のトランス,2005100000,2005年度
306272,010010000,生産数量,350010599,　　　その他のトランス,2006100000,2006年度
65878,010010000,生産数量,350010599,　　　その他のトランス,2007000103,2007年1～3月期
66495,010010000,生産数量,350010599,　　　その他のトランス,2007000406,2007年4～6月期
70251,010010000,生産数量,350010599,　　　その他のトランス,2007000709,2007年7～9月期
83735,010010000,生産数量,350010599,　　　その他のトランス,2007001012,2007年10～12月期
23067,010010000,生産数量,350010599,　　　その他のトランス,2007000101,2007年1月
19411,010010000,生産数量,350010599,　　　その他のトランス,2007000202,2007年2月
23400,010010000,生産数量,350010599,　　　その他のトランス,2007000303,2007年3月
18367,010010000,生産数量,350010599,　　　その他のトランス,2007000404,2007年4月
23184,010010000,生産数量,350010599,　　　その他のトランス,2007000505,2007年5月
24944,010010000,生産数量,350010599,　　　その他のトランス,2007000606,2007年6月
27167,010010000,生産数量,350010599,　　　その他のトランス,2007000707,2007年7月
22277,010010000,生産数量,350010599,　　　その他のトランス,2007000808,2007年8月
20807,010010000,生産数量,350010599,　　　その他のトランス,2007000909,2007年9月
29658,010010000,生産数量,350010599,　　　その他のトランス,2007001010,2007年10月
28330,010010000,生産数量,350010599,　　　その他のトランス,2007001111,2007年11月
25747,010010000,生産数量,350010599,　　　その他のトランス,2007001212,2007年12月
937163,010010000,生産数量,350010710,　　　水晶振動子,2003000000,2003年
1130281,010010000,生産数量,350010710,　　　水晶振動子,2004000000,2004年
1922490,010010000,生産数量,350010710,　　　水晶振動子,2005000000,2005年
2260392,010010000,生産数量,350010710,　　　水晶振動子,2006000000,2006年
2680623,010010000,生産数量,350010710,　　　水晶振動子,2007000000,2007年
2003540,010010000,生産数量,350010710,　　　水晶振動子,2005100000,2005年度
2351629,010010000,生産数量,350010710,　　　水晶振動子,2006100000,2006年度
618170,010010000,生産数量,350010710,　　　水晶振動子,2007000103,2007年1～3月期
643663,010010000,生産数量,350010710,　　　水晶振動子,2007000406,2007年4～6月期
673082,010010000,生産数量,350010710,　　　水晶振動子,2007000709,2007年7～9月期
745708,010010000,生産数量,350010710,　　　水晶振動子,2007001012,2007年10～12月期
195933,010010000,生産数量,350010710,　　　水晶振動子,2007000101,2007年1月
203834,010010000,生産数量,350010710,　　　水晶振動子,2007000202,2007年2月
218403,010010000,生産数量,350010710,　　　水晶振動子,2007000303,2007年3月
218638,010010000,生産数量,350010710,　　　水晶振動子,2007000404,2007年4月
205039,010010000,生産数量,350010710,　　　水晶振動子,2007000505,2007年5月
219986,010010000,生産数量,350010710,　　　水晶振動子,2007000606,2007年6月
224285,010010000,生産数量,350010710,　　　水晶振動子,2007000707,2007年7月
219772,010010000,生産数量,350010710,　　　水晶振動子,2007000808,2007年8月
229025,010010000,生産数量,350010710,　　　水晶振動子,2007000909,2007年9月
250467,010010000,生産数量,350010710,　　　水晶振動子,2007001010,2007年10月
255477,010010000,生産数量,350010710,　　　水晶振動子,2007001111,2007年11月
239764,010010000,生産数量,350010710,　　　水晶振動子,2007001212,2007年12月
1561263,010010000,生産数量,350010720,　　　フィルタ,2003000000,2003年
2244286,010010000,生産数量,350010720,　　　フィルタ,2004000000,2004年
2654683,010010000,生産数量,350010720,　　　フィルタ,2005000000,2005年
3414490,010010000,生産数量,350010720,　　　フィルタ,2006000000,2006年
4596932,010010000,生産数量,350010720,　　　フィルタ,2007000000,2007年
2882869,010010000,生産数量,350010720,　　　フィルタ,2005100000,2005年度
3641736,010010000,生産数量,350010720,　　　フィルタ,2006100000,2006年度
984183,010010000,生産数量,350010720,　　　フィルタ,2007000103,2007年1～3月期
1006043,010010000,生産数量,350010720,　　　フィルタ,2007000406,2007年4～6月期
1195383,010010000,生産数量,350010720,　　　フィルタ,2007000709,2007年7～9月期
1411323,010010000,生産数量,350010720,　　　フィルタ,2007001012,2007年10～12月期
331546,010010000,生産数量,350010720,　　　フィルタ,2007000101,2007年1月
306799,010010000,生産数量,350010720,　　　フィルタ,2007000202,2007年2月
345838,010010000,生産数量,350010720,　　　フィルタ,2007000303,2007年3月
353801,010010000,生産数量,350010720,　　　フィルタ,2007000404,2007年4月
313837,010010000,生産数量,350010720,　　　フィルタ,2007000505,2007年5月
338405,010010000,生産数量,350010720,　　　フィルタ,2007000606,2007年6月
371723,010010000,生産数量,350010720,　　　フィルタ,2007000707,2007年7月
397420,010010000,生産数量,350010720,　　　フィルタ,2007000808,2007年8月
426240,010010000,生産数量,350010720,　　　フィルタ,2007000909,2007年9月
488353,010010000,生産数量,350010720,　　　フィルタ,2007001010,2007年10月
468093,010010000,生産数量,350010720,　　　フィルタ,2007001111,2007年11月
454877,010010000,生産数量,350010720,　　　フィルタ,2007001212,2007年12月
2407544,010010000,生産数量,350010730,　　　複合部品,2003000000,2003年
3002945,010010000,生産数量,350010730,　　　複合部品,2004000000,2004年
3509411,010010000,生産数量,350010730,　　　複合部品,2005000000,2005年
3911015,010010000,生産数量,350010730,　　　複合部品,2006000000,2006年
4569264,010010000,生産数量,350010730,　　　複合部品,2007000000,2007年
3637899,010010000,生産数量,350010730,　　　複合部品,2005100000,2005年度
3976687,010010000,生産数量,350010730,　　　複合部品,2006100000,2006年度
934950,010010000,生産数量,350010730,　　　複合部品,2007000103,2007年1～3月期
1064634,010010000,生産数量,350010730,　　　複合部品,2007000406,2007年4～6月期
1207170,010010000,生産数量,350010730,　　　複合部品,2007000709,2007年7～9月期
1362510,010010000,生産数量,350010730,　　　複合部品,2007001012,2007年10～12月期
301680,010010000,生産数量,350010730,　　　複合部品,2007000101,2007年1月
296636,010010000,生産数量,350010730,　　　複合部品,2007000202,2007年2月
336634,010010000,生産数量,350010730,　　　複合部品,2007000303,2007年3月
360255,010010000,生産数量,350010730,　　　複合部品,2007000404,2007年4月
344081,010010000,生産数量,350010730,　　　複合部品,2007000505,2007年5月
360298,010010000,生産数量,350010730,　　　複合部品,2007000606,2007年6月
380929,010010000,生産数量,350010730,　　　複合部品,2007000707,2007年7月
418885,010010000,生産数量,350010730,　　　複合部品,2007000808,2007年8月
407356,010010000,生産数量,350010730,　　　複合部品,2007000909,2007年9月
456518,010010000,生産数量,350010730,　　　複合部品,2007001010,2007年10月
461895,010010000,生産数量,350010730,　　　複合部品,2007001111,2007年11月
444097,010010000,生産数量,350010730,　　　複合部品,2007001212,2007年12月
6658996,010010000,生産数量,350020100,　　スイッチ(通信･電子装置用に限る),2003000000,2003年
7233305,010010000,生産数量,350020100,　　スイッチ(通信･電子装置用に限る),2004000000,2004年
7627478,010010000,生産数量,350020100,　　スイッチ(通信･電子装置用に限る),2005000000,2005年
8173384,010010000,生産数量,350020100,　　スイッチ(通信･電子装置用に限る),2006000000,2006年
8624657,010010000,生産数量,350020100,　　スイッチ(通信･電子装置用に限る),2007000000,2007年
7745101,010010000,生産数量,350020100,　　スイッチ(通信･電子装置用に限る),2005100000,2005年度
8274655,010010000,生産数量,350020100,　　スイッチ(通信･電子装置用に限る),2006100000,2006年度
1959671,010010000,生産数量,350020100,　　スイッチ(通信･電子装置用に限る),2007000103,2007年1～3月期
2092063,010010000,生産数量,350020100,　　スイッチ(通信･電子装置用に限る),2007000406,2007年4～6月期
2258561,010010000,生産数量,350020100,　　スイッチ(通信･電子装置用に限る),2007000709,2007年7～9月期
2314362,010010000,生産数量,350020100,　　スイッチ(通信･電子装置用に限る),2007001012,2007年10～12月期
643023,010010000,生産数量,350020100,　　スイッチ(通信･電子装置用に限る),2007000101,2007年1月
642967,010010000,生産数量,350020100,　　スイッチ(通信･電子装置用に限る),2007000202,2007年2月
673681,010010000,生産数量,350020100,　　スイッチ(通信･電子装置用に限る),2007000303,2007年3月
693958,010010000,生産数量,350020100,　　スイッチ(通信･電子装置用に限る),2007000404,2007年4月
674182,010010000,生産数量,350020100,　　スイッチ(通信･電子装置用に限る),2007000505,2007年5月
723923,010010000,生産数量,350020100,　　スイッチ(通信･電子装置用に限る),2007000606,2007年6月
762235,010010000,生産数量,350020100,　　スイッチ(通信･電子装置用に限る),2007000707,2007年7月
714962,010010000,生産数量,350020100,　　スイッチ(通信･電子装置用に限る),2007000808,2007年8月
781364,010010000,生産数量,350020100,　　スイッチ(通信･電子装置用に限る),2007000909,2007年9月
813050,010010000,生産数量,350020100,　　スイッチ(通信･電子装置用に限る),2007001010,2007年10月
765762,010010000,生産数量,350020100,　　スイッチ(通信･電子装置用に限る),2007001111,2007年11月
735550,010010000,生産数量,350020100,　　スイッチ(通信･電子装置用に限る),2007001212,2007年12月
131589,010010000,生産数量,350020110,　　　キーボードスイッチ,2003000000,2003年
183631,010010000,生産数量,350020110,　　　キーボードスイッチ,2004000000,2004年
198757,010010000,生産数量,350020110,　　　キーボードスイッチ,2005000000,2005年
161289,010010000,生産数量,350020110,　　　キーボードスイッチ,2006000000,2006年
125750,010010000,生産数量,350020110,　　　キーボードスイッチ,2007000000,2007年
190251,010010000,生産数量,350020110,　　　キーボードスイッチ,2005100000,2005年度
153083,010010000,生産数量,350020110,　　　キーボードスイッチ,2006100000,2006年度
30342,010010000,生産数量,350020110,　　　キーボードスイッチ,2007000103,2007年1～3月期
29978,010010000,生産数量,350020110,　　　キーボードスイッチ,2007000406,2007年4～6月期
30857,010010000,生産数量,350020110,　　　キーボードスイッチ,2007000709,2007年7～9月期
34573,010010000,生産数量,350020110,　　　キーボードスイッチ,2007001012,2007年10～12月期
9253,010010000,生産数量,350020110,　　　キーボードスイッチ,2007000101,2007年1月
9943,010010000,生産数量,350020110,　　　キーボードスイッチ,2007000202,2007年2月
11146,010010000,生産数量,350020110,　　　キーボードスイッチ,2007000303,2007年3月
11003,010010000,生産数量,350020110,　　　キーボードスイッチ,2007000404,2007年4月
8732,010010000,生産数量,350020110,　　　キーボードスイッチ,2007000505,2007年5月
10243,010010000,生産数量,350020110,　　　キーボードスイッチ,2007000606,2007年6月
12209,010010000,生産数量,350020110,　　　キーボードスイッチ,2007000707,2007年7月
9556,010010000,生産数量,350020110,　　　キーボードスイッチ,2007000808,2007年8月
9092,010010000,生産数量,350020110,　　　キーボードスイッチ,2007000909,2007年9月
10518,010010000,生産数量,350020110,　　　キーボードスイッチ,2007001010,2007年10月
12147,010010000,生産数量,350020110,　　　キーボードスイッチ,2007001111,2007年11月
11908,010010000,生産数量,350020110,　　　キーボードスイッチ,2007001212,2007年12月
6527407,010010000,生産数量,350020199,　　　その他のスイッチ,2003000000,2003年
7049674,010010000,生産数量,350020199,　　　その他のスイッチ,2004000000,2004年
7428721,010010000,生産数量,350020199,　　　その他のスイッチ,2005000000,2005年
8012095,010010000,生産数量,350020199,　　　その他のスイッチ,2006000000,2006年
8498907,010010000,生産数量,350020199,　　　その他のスイッチ,2007000000,2007年
7554850,010010000,生産数量,350020199,　　　その他のスイッチ,2005100000,2005年度
8121572,010010000,生産数量,350020199,　　　その他のスイッチ,2006100000,2006年度
1929329,010010000,生産数量,350020199,　　　その他のスイッチ,2007000103,2007年1～3月期
2062085,010010000,生産数量,350020199,　　　その他のスイッチ,2007000406,2007年4～6月期
2227704,010010000,生産数量,350020199,　　　その他のスイッチ,2007000709,2007年7～9月期
2279789,010010000,生産数量,350020199,　　　その他のスイッチ,2007001012,2007年10～12月期
633770,010010000,生産数量,350020199,　　　その他のスイッチ,2007000101,2007年1月
633024,010010000,生産数量,350020199,　　　その他のスイッチ,2007000202,2007年2月
662535,010010000,生産数量,350020199,　　　その他のスイッチ,2007000303,2007年3月
682955,010010000,生産数量,350020199,　　　その他のスイッチ,2007000404,2007年4月
665450,010010000,生産数量,350020199,　　　その他のスイッチ,2007000505,2007年5月
713680,010010000,生産数量,350020199,　　　その他のスイッチ,2007000606,2007年6月
750026,010010000,生産数量,350020199,　　　その他のスイッチ,2007000707,2007年7月
705406,010010000,生産数量,350020199,　　　その他のスイッチ,2007000808,2007年8月
772272,010010000,生産数量,350020199,　　　その他のスイッチ,2007000909,2007年9月
802532,010010000,生産数量,350020199,　　　その他のスイッチ,2007001010,2007年10月
753615,010010000,生産数量,350020199,　　　その他のスイッチ,2007001111,2007年11月
723642,010010000,生産数量,350020199,　　　その他のスイッチ,2007001212,2007年12月
16284628,010010000,生産数量,350020300,　　コネクタ,2003000000,2003年
17628410,010010000,生産数量,350020300,　　コネクタ,2004000000,2004年
23148777,010010000,生産数量,350020300,　　コネクタ,2005000000,2005年
27329096,010010000,生産数量,350020300,　　コネクタ,2006000000,2006年
28908937,010010000,生産数量,350020300,　　コネクタ,2007000000,2007年
23775777,010010000,生産数量,350020300,　　コネクタ,2005100000,2005年度
27688835,010010000,生産数量,350020300,　　コネクタ,2006100000,2006年度
6777212,010010000,生産数量,350020300,　　コネクタ,2007000103,2007年1～3月期
7084855,010010000,生産数量,350020300,　　コネクタ,2007000406,2007年4～6月期
7013652,010010000,生産数量,350020300,　　コネクタ,2007000709,2007年7～9月期
8033218,010010000,生産数量,350020300,　　コネクタ,2007001012,2007年10～12月期
2279152,010010000,生産数量,350020300,　　コネクタ,2007000101,2007年1月
2184384,010010000,生産数量,350020300,　　コネクタ,2007000202,2007年2月
2313676,010010000,生産数量,350020300,　　コネクタ,2007000303,2007年3月
2428245,010010000,生産数量,350020300,　　コネクタ,2007000404,2007年4月
2333884,010010000,生産数量,350020300,　　コネクタ,2007000505,2007年5月
2322726,010010000,生産数量,350020300,　　コネクタ,2007000606,2007年6月
2440550,010010000,生産数量,350020300,　　コネクタ,2007000707,2007年7月
2087264,010010000,生産数量,350020300,　　コネクタ,2007000808,2007年8月
2485838,010010000,生産数量,350020300,　　コネクタ,2007000909,2007年9月
2771983,010010000,生産数量,350020300,　　コネクタ,2007001010,2007年10月
2704892,010010000,生産数量,350020300,　　コネクタ,2007001111,2007年11月
2556343,010010000,生産数量,350020300,　　コネクタ,2007001212,2007年12月
359003,010010000,生産数量,350020310,　　　同軸コネクタ,2003000000,2003年
396810,010010000,生産数量,350020310,　　　同軸コネクタ,2004000000,2004年
379845,010010000,生産数量,350020310,　　　同軸コネクタ,2005000000,2005年
437563,010010000,生産数量,350020310,　　　同軸コネクタ,2006000000,2006年
599313,010010000,生産数量,350020310,　　　同軸コネクタ,2007000000,2007年
398430,010010000,生産数量,350020310,　　　同軸コネクタ,2005100000,2005年度
468127,010010000,生産数量,350020310,　　　同軸コネクタ,2006100000,2006年度
128980,010010000,生産数量,350020310,　　　同軸コネクタ,2007000103,2007年1～3月期
146231,010010000,生産数量,350020310,　　　同軸コネクタ,2007000406,2007年4～6月期
160830,010010000,生産数量,350020310,　　　同軸コネクタ,2007000709,2007年7～9月期
163272,010010000,生産数量,350020310,　　　同軸コネクタ,2007001012,2007年10～12月期
43026,010010000,生産数量,350020310,　　　同軸コネクタ,2007000101,2007年1月
38798,010010000,生産数量,350020310,　　　同軸コネクタ,2007000202,2007年2月
47156,010010000,生産数量,350020310,　　　同軸コネクタ,2007000303,2007年3月
47505,010010000,生産数量,350020310,　　　同軸コネクタ,2007000404,2007年4月
48179,010010000,生産数量,350020310,　　　同軸コネクタ,2007000505,2007年5月
50547,010010000,生産数量,350020310,　　　同軸コネクタ,2007000606,2007年6月
53718,010010000,生産数量,350020310,　　　同軸コネクタ,2007000707,2007年7月
51752,010010000,生産数量,350020310,　　　同軸コネクタ,2007000808,2007年8月
55360,010010000,生産数量,350020310,　　　同軸コネクタ,2007000909,2007年9月
59566,010010000,生産数量,350020310,　　　同軸コネクタ,2007001010,2007年10月
51043,010010000,生産数量,350020310,　　　同軸コネクタ,2007001111,2007年11月
52663,010010000,生産数量,350020310,　　　同軸コネクタ,2007001212,2007年12月
10733673,010010000,生産数量,350020320,　　　プリント基板用コネクタ,2003000000,2003年
11729065,010010000,生産数量,350020320,　　　プリント基板用コネクタ,2004000000,2004年
16358242,010010000,生産数量,350020320,　　　プリント基板用コネクタ,2005000000,2005年
19548784,010010000,生産数量,350020320,　　　プリント基板用コネクタ,2006000000,2006年
20611061,010010000,生産数量,350020320,　　　プリント基板用コネクタ,2007000000,2007年
16718613,010010000,生産数量,350020320,　　　プリント基板用コネクタ,2005100000,2005年度
19771252,010010000,生産数量,350020320,　　　プリント基板用コネクタ,2006100000,2006年度
4765325,010010000,生産数量,350020320,　　　プリント基板用コネクタ,2007000103,2007年1～3月期
5036191,010010000,生産数量,350020320,　　　プリント基板用コネクタ,2007000406,2007年4～6月期
5020249,010010000,生産数量,350020320,　　　プリント基板用コネクタ,2007000709,2007年7～9月期
5789296,010010000,生産数量,350020320,　　　プリント基板用コネクタ,2007001012,2007年10～12月期
1649353,010010000,生産数量,350020320,　　　プリント基板用コネクタ,2007000101,2007年1月
1544840,010010000,生産数量,350020320,　　　プリント基板用コネクタ,2007000202,2007年2月
1571132,010010000,生産数量,350020320,　　　プリント基板用コネクタ,2007000303,2007年3月
1735317,010010000,生産数量,350020320,　　　プリント基板用コネクタ,2007000404,2007年4月
1633547,010010000,生産数量,350020320,　　　プリント基板用コネクタ,2007000505,2007年5月
1667327,010010000,生産数量,350020320,　　　プリント基板用コネクタ,2007000606,2007年6月
1750045,010010000,生産数量,350020320,　　　プリント基板用コネクタ,2007000707,2007年7月
1482361,010010000,生産数量,350020320,　　　プリント基板用コネクタ,2007000808,2007年8月
1787843,010010000,生産数量,350020320,　　　プリント基板用コネクタ,2007000909,2007年9月
1992585,010010000,生産数量,350020320,　　　プリント基板用コネクタ,2007001010,2007年10月
1970617,010010000,生産数量,350020320,　　　プリント基板用コネクタ,2007001111,2007年11月
1826094,010010000,生産数量,350020320,　　　プリント基板用コネクタ,2007001212,2007年12月
35584,010010000,生産数量,350020330,　　　光コネクタ,2003000000,2003年
35571,010010000,生産数量,350020330,　　　光コネクタ,2004000000,2004年
40088,010010000,生産数量,350020330,　　　光コネクタ,2005000000,2005年
42426,010010000,生産数量,350020330,　　　光コネクタ,2006000000,2006年
40198,010010000,生産数量,350020330,　　　光コネクタ,2007000000,2007年
41953,010010000,生産数量,350020330,　　　光コネクタ,2005100000,2005年度
39553,010010000,生産数量,350020330,　　　光コネクタ,2006100000,2006年度
9371,010010000,生産数量,350020330,　　　光コネクタ,2007000103,2007年1～3月期
10554,010010000,生産数量,350020330,　　　光コネクタ,2007000406,2007年4～6月期
10646,010010000,生産数量,350020330,　　　光コネクタ,2007000709,2007年7～9月期
9627,010010000,生産数量,350020330,　　　光コネクタ,2007001012,2007年10～12月期
3085,010010000,生産数量,350020330,　　　光コネクタ,2007000101,2007年1月
3074,010010000,生産数量,350020330,　　　光コネクタ,2007000202,2007年2月
3212,010010000,生産数量,350020330,　　　光コネクタ,2007000303,2007年3月
3330,010010000,生産数量,350020330,　　　光コネクタ,2007000404,2007年4月
3910,010010000,生産数量,350020330,　　　光コネクタ,2007000505,2007年5月
3314,010010000,生産数量,350020330,　　　光コネクタ,2007000606,2007年6月
3995,010010000,生産数量,350020330,　　　光コネクタ,2007000707,2007年7月
3617,010010000,生産数量,350020330,　　　光コネクタ,2007000808,2007年8月
3034,010010000,生産数量,350020330,　　　光コネクタ,2007000909,2007年9月
3533,010010000,生産数量,350020330,　　　光コネクタ,2007001010,2007年10月
3157,010010000,生産数量,350020330,　　　光コネクタ,2007001111,2007年11月
2937,010010000,生産数量,350020330,　　　光コネクタ,2007001212,2007年12月
313133,010010000,生産数量,350020340,　　　丸形コネクタ,2003000000,2003年
378373,010010000,生産数量,350020340,　　　丸形コネクタ,2004000000,2004年
369285,010010000,生産数量,350020340,　　　丸形コネクタ,2005000000,2005年
423863,010010000,生産数量,350020340,　　　丸形コネクタ,2006000000,2006年
380352,010010000,生産数量,350020340,　　　丸形コネクタ,2007000000,2007年
363725,010010000,生産数量,350020340,　　　丸形コネクタ,2005100000,2005年度
448595,010010000,生産数量,350020340,　　　丸形コネクタ,2006100000,2006年度
108663,010010000,生産数量,350020340,　　　丸形コネクタ,2007000103,2007年1～3月期
81125,010010000,生産数量,350020340,　　　丸形コネクタ,2007000406,2007年4～6月期
84404,010010000,生産数量,350020340,　　　丸形コネクタ,2007000709,2007年7～9月期
106160,010010000,生産数量,350020340,　　　丸形コネクタ,2007001012,2007年10～12月期
39026,010010000,生産数量,350020340,　　　丸形コネクタ,2007000101,2007年1月
36184,010010000,生産数量,350020340,　　　丸形コネクタ,2007000202,2007年2月
33453,010010000,生産数量,350020340,　　　丸形コネクタ,2007000303,2007年3月
31653,010010000,生産数量,350020340,　　　丸形コネクタ,2007000404,2007年4月
24507,010010000,生産数量,350020340,　　　丸形コネクタ,2007000505,2007年5月
24965,010010000,生産数量,350020340,　　　丸形コネクタ,2007000606,2007年6月
26461,010010000,生産数量,350020340,　　　丸形コネクタ,2007000707,2007年7月
26404,010010000,生産数量,350020340,　　　丸形コネクタ,2007000808,2007年8月
31539,010010000,生産数量,350020340,　　　丸形コネクタ,2007000909,2007年9月
31725,010010000,生産数量,350020340,　　　丸形コネクタ,2007001010,2007年10月
36195,010010000,生産数量,350020340,　　　丸形コネクタ,2007001111,2007年11月
38240,010010000,生産数量,350020340,　　　丸形コネクタ,2007001212,2007年12月
472895,010010000,生産数量,350020350,　　　角形コネクタ,2003000000,2003年
485986,010010000,生産数量,350020350,　　　角形コネクタ,2004000000,2004年
1301577,010010000,生産数量,350020350,　　　角形コネクタ,2005000000,2005年
1511840,010010000,生産数量,350020350,　　　角形コネクタ,2006000000,2006年
1554478,010010000,生産数量,350020350,　　　角形コネクタ,2007000000,2007年
1329636,010010000,生産数量,350020350,　　　角形コネクタ,2005100000,2005年度
1540466,010010000,生産数量,350020350,　　　角形コネクタ,2006100000,2006年度
371377,010010000,生産数量,350020350,　　　角形コネクタ,2007000103,2007年1～3月期
386740,010010000,生産数量,350020350,　　　角形コネクタ,2007000406,2007年4～6月期
386743,010010000,生産数量,350020350,　　　角形コネクタ,2007000709,2007年7～9月期
409618,010010000,生産数量,350020350,　　　角形コネクタ,2007001012,2007年10～12月期
123568,010010000,生産数量,350020350,　　　角形コネクタ,2007000101,2007年1月
122464,010010000,生産数量,350020350,　　　角形コネクタ,2007000202,2007年2月
125345,010010000,生産数量,350020350,　　　角形コネクタ,2007000303,2007年3月
124798,010010000,生産数量,350020350,　　　角形コネクタ,2007000404,2007年4月
127030,010010000,生産数量,350020350,　　　角形コネクタ,2007000505,2007年5月
134912,010010000,生産数量,350020350,　　　角形コネクタ,2007000606,2007年6月
139852,010010000,生産数量,350020350,　　　角形コネクタ,2007000707,2007年7月
106278,010010000,生産数量,350020350,　　　角形コネクタ,2007000808,2007年8月
140613,010010000,生産数量,350020350,　　　角形コネクタ,2007000909,2007年9月
140868,010010000,生産数量,350020350,　　　角形コネクタ,2007001010,2007年10月
137533,010010000,生産数量,350020350,　　　角形コネクタ,2007001111,2007年11月
131217,010010000,生産数量,350020350,　　　角形コネクタ,2007001212,2007年12月
4370340,010010000,生産数量,350020399,　　　その他のコネクタ,2003000000,2003年
4602605,010010000,生産数量,350020399,　　　その他のコネクタ,2004000000,2004年
4699740,010010000,生産数量,350020399,　　　その他のコネクタ,2005000000,2005年
5364620,010010000,生産数量,350020399,　　　その他のコネクタ,2006000000,2006年
5723535,010010000,生産数量,350020399,　　　その他のコネクタ,2007000000,2007年
4923420,010010000,生産数量,350020399,　　　その他のコネクタ,2005100000,2005年度
5420842,010010000,生産数量,350020399,　　　その他のコネクタ,2006100000,2006年度
1393496,010010000,生産数量,350020399,　　　その他のコネクタ,2007000103,2007年1～3月期
1424014,010010000,生産数量,350020399,　　　その他のコネクタ,2007000406,2007年4～6月期
1350780,010010000,生産数量,350020399,　　　その他のコネクタ,2007000709,2007年7～9月期
1555245,010010000,生産数量,350020399,　　　その他のコネクタ,2007001012,2007年10～12月期
421094,010010000,生産数量,350020399,　　　その他のコネクタ,2007000101,2007年1月
439024,010010000,生産数量,350020399,　　　その他のコネクタ,2007000202,2007年2月
533378,010010000,生産数量,350020399,　　　その他のコネクタ,2007000303,2007年3月
485642,010010000,生産数量,350020399,　　　その他のコネクタ,2007000404,2007年4月
496711,010010000,生産数量,350020399,　　　その他のコネクタ,2007000505,2007年5月
441661,010010000,生産数量,350020399,　　　その他のコネクタ,2007000606,2007年6月
466479,010010000,生産数量,350020399,　　　その他のコネクタ,2007000707,2007年7月
416852,010010000,生産数量,350020399,　　　その他のコネクタ,2007000808,2007年8月
467449,010010000,生産数量,350020399,　　　その他のコネクタ,2007000909,2007年9月
543706,010010000,生産数量,350020399,　　　その他のコネクタ,2007001010,2007年10月
506347,010010000,生産数量,350020399,　　　その他のコネクタ,2007001111,2007年11月
505192,010010000,生産数量,350020399,　　　その他のコネクタ,2007001212,2007年12月
279821,010010000,生産数量,350020500,　　リレー（有線通信機器用に限る）,2003000000,2003年
353096,010010000,生産数量,350020500,　　リレー（有線通信機器用に限る）,2004000000,2004年
360870,010010000,生産数量,350020500,　　リレー（有線通信機器用に限る）,2005000000,2005年
421025,010010000,生産数量,350020500,　　リレー（有線通信機器用に限る）,2006000000,2006年
446617,010010000,生産数量,350020500,　　リレー（有線通信機器用に限る）,2007000000,2007年
371286,010010000,生産数量,350020500,　　リレー（有線通信機器用に限る）,2005100000,2005年度
432801,010010000,生産数量,350020500,　　リレー（有線通信機器用に限る）,2006100000,2006年度
110226,010010000,生産数量,350020500,　　リレー（有線通信機器用に限る）,2007000103,2007年1～3月期
111813,010010000,生産数量,350020500,　　リレー（有線通信機器用に限る）,2007000406,2007年4～6月期
109110,010010000,生産数量,350020500,　　リレー（有線通信機器用に限る）,2007000709,2007年7～9月期
115468,010010000,生産数量,350020500,　　リレー（有線通信機器用に限る）,2007001012,2007年10～12月期
36787,010010000,生産数量,350020500,　　リレー（有線通信機器用に限る）,2007000101,2007年1月
33927,010010000,生産数量,350020500,　　リレー（有線通信機器用に限る）,2007000202,2007年2月
39512,010010000,生産数量,350020500,　　リレー（有線通信機器用に限る）,2007000303,2007年3月
36887,010010000,生産数量,350020500,　　リレー（有線通信機器用に限る）,2007000404,2007年4月
36658,010010000,生産数量,350020500,　　リレー（有線通信機器用に限る）,2007000505,2007年5月
38268,010010000,生産数量,350020500,　　リレー（有線通信機器用に限る）,2007000606,2007年6月
38759,010010000,生産数量,350020500,　　リレー（有線通信機器用に限る）,2007000707,2007年7月
34305,010010000,生産数量,350020500,　　リレー（有線通信機器用に限る）,2007000808,2007年8月
36046,010010000,生産数量,350020500,　　リレー（有線通信機器用に限る）,2007000909,2007年9月
37548,010010000,生産数量,350020500,　　リレー（有線通信機器用に限る）,2007001010,2007年10月
39137,010010000,生産数量,350020500,　　リレー（有線通信機器用に限る）,2007001111,2007年11月
38783,010010000,生産数量,350020500,　　リレー（有線通信機器用に限る）,2007001212,2007年12月
25070.842,010010000,生産数量,350030000,　電子回路基板,2003000000,2003年
25767.404,010010000,生産数量,350030000,　電子回路基板,2004000000,2004年
24934.694,010010000,生産数量,350030000,　電子回路基板,2005000000,2005年
24932.994,010010000,生産数量,350030000,　電子回路基板,2006000000,2006年
25346.375,010010000,生産数量,350030000,　電子回路基板,2007000000,2007年
24971.103,010010000,生産数量,350030000,　電子回路基板,2005100000,2005年度
24703.717,010010000,生産数量,350030000,　電子回路基板,2006100000,2006年度
5968.128,010010000,生産数量,350030000,　電子回路基板,2007000103,2007年1～3月期
6270.454,010010000,生産数量,350030000,　電子回路基板,2007000406,2007年4～6月期
6423.93,010010000,生産数量,350030000,　電子回路基板,2007000709,2007年7～9月期
6683.863,010010000,生産数量,350030000,　電子回路基板,2007001012,2007年10～12月期
1953.817,010010000,生産数量,350030000,　電子回路基板,2007000101,2007年1月
1919.059,010010000,生産数量,350030000,　電子回路基板,2007000202,2007年2月
2095.252,010010000,生産数量,350030000,　電子回路基板,2007000303,2007年3月
2065.269,010010000,生産数量,350030000,　電子回路基板,2007000404,2007年4月
2045.418,010010000,生産数量,350030000,　電子回路基板,2007000505,2007年5月
2159.767,010010000,生産数量,350030000,　電子回路基板,2007000606,2007年6月
2218.878,010010000,生産数量,350030000,　電子回路基板,2007000707,2007年7月
2090.159,010010000,生産数量,350030000,　電子回路基板,2007000808,2007年8月
2114.893,010010000,生産数量,350030000,　電子回路基板,2007000909,2007年9月
2291.106,010010000,生産数量,350030000,　電子回路基板,2007001010,2007年10月
2286.013,010010000,生産数量,350030000,　電子回路基板,2007001111,2007年11月
2106.744,010010000,生産数量,350030000,　電子回路基板,2007001212,2007年12月
16945.575,010010000,生産数量,350030100,　　リジッドプリント配線板,2003000000,2003年
16760.847,010010000,生産数量,350030100,　　リジッドプリント配線板,2004000000,2004年
16525.733,010010000,生産数量,350030100,　　リジッドプリント配線板,2005000000,2005年
16661.407,010010000,生産数量,350030100,　　リジッドプリント配線板,2006000000,2006年
16645.241,010010000,生産数量,350030100,　　リジッドプリント配線板,2007000000,2007年
16585.621,010010000,生産数量,350030100,　　リジッドプリント配線板,2005100000,2005年度
16485.128,010010000,生産数量,350030100,　　リジッドプリント配線板,2006100000,2006年度
3963.533,010010000,生産数量,350030100,　　リジッドプリント配線板,2007000103,2007年1～3月期
4106.545,010010000,生産数量,350030100,　　リジッドプリント配線板,2007000406,2007年4～6月期
4191.671,010010000,生産数量,350030100,　　リジッドプリント配線板,2007000709,2007年7～9月期
4383.492,010010000,生産数量,350030100,　　リジッドプリント配線板,2007001012,2007年10～12月期
1281.647,010010000,生産数量,350030100,　　リジッドプリント配線板,2007000101,2007年1月
1297.334,010010000,生産数量,350030100,　　リジッドプリント配線板,2007000202,2007年2月
1384.552,010010000,生産数量,350030100,　　リジッドプリント配線板,2007000303,2007年3月
1350.887,010010000,生産数量,350030100,　　リジッドプリント配線板,2007000404,2007年4月
1332.63,010010000,生産数量,350030100,　　リジッドプリント配線板,2007000505,2007年5月
1423.028,010010000,生産数量,350030100,　　リジッドプリント配線板,2007000606,2007年6月
1465.026,010010000,生産数量,350030100,　　リジッドプリント配線板,2007000707,2007年7月
1339.839,010010000,生産数量,350030100,　　リジッドプリント配線板,2007000808,2007年8月
1386.806,010010000,生産数量,350030100,　　リジッドプリント配線板,2007000909,2007年9月
1523.199,010010000,生産数量,350030100,　　リジッドプリント配線板,2007001010,2007年10月
1499.145,010010000,生産数量,350030100,　　リジッドプリント配線板,2007001111,2007年11月
1361.148,010010000,生産数量,350030100,　　リジッドプリント配線板,2007001212,2007年12月
5483.126,010010000,生産数量,350030110,　　　片面プリント配線板,2003000000,2003年
4699.632,010010000,生産数量,350030110,　　　片面プリント配線板,2004000000,2004年
3486.232,010010000,生産数量,350030110,　　　片面プリント配線板,2005000000,2005年
3097.319,010010000,生産数量,350030110,　　　片面プリント配線板,2006000000,2006年
2935.729,010010000,生産数量,350030110,　　　片面プリント配線板,2007000000,2007年
3344.021,010010000,生産数量,350030110,　　　片面プリント配線板,2005100000,2005年度
3014.467,010010000,生産数量,350030110,　　　片面プリント配線板,2006100000,2006年度
700.684,010010000,生産数量,350030110,　　　片面プリント配線板,2007000103,2007年1～3月期
749.828,010010000,生産数量,350030110,　　　片面プリント配線板,2007000406,2007年4～6月期
746.406,010010000,生産数量,350030110,　　　片面プリント配線板,2007000709,2007年7～9月期
738.811,010010000,生産数量,350030110,　　　片面プリント配線板,2007001012,2007年10～12月期
218.76,010010000,生産数量,350030110,　　　片面プリント配線板,2007000101,2007年1月
241.954,010010000,生産数量,350030110,　　　片面プリント配線板,2007000202,2007年2月
239.97,010010000,生産数量,350030110,　　　片面プリント配線板,2007000303,2007年3月
240.227,010010000,生産数量,350030110,　　　片面プリント配線板,2007000404,2007年4月
244.007,010010000,生産数量,350030110,　　　片面プリント配線板,2007000505,2007年5月
265.594,010010000,生産数量,350030110,　　　片面プリント配線板,2007000606,2007年6月
264.557,010010000,生産数量,350030110,　　　片面プリント配線板,2007000707,2007年7月
236.437,010010000,生産数量,350030110,　　　片面プリント配線板,2007000808,2007年8月
245.412,010010000,生産数量,350030110,　　　片面プリント配線板,2007000909,2007年9月
269.025,010010000,生産数量,350030110,　　　片面プリント配線板,2007001010,2007年10月
246.714,010010000,生産数量,350030110,　　　片面プリント配線板,2007001111,2007年11月
223.072,010010000,生産数量,350030110,　　　片面プリント配線板,2007001212,2007年12月
5511.993,010010000,生産数量,350030120,　　　両面プリント配線板,2003000000,2003年
6106.28,010010000,生産数量,350030120,　　　両面プリント配線板,2004000000,2004年
7006.525,010010000,生産数量,350030120,　　　両面プリント配線板,2005000000,2005年
7149.399,010010000,生産数量,350030120,　　　両面プリント配線板,2006000000,2006年
7328.939,010010000,生産数量,350030120,　　　両面プリント配線板,2007000000,2007年
7062.24,010010000,生産数量,350030120,　　　両面プリント配線板,2005100000,2005年度
7141.141,010010000,生産数量,350030120,　　　両面プリント配線板,2006100000,2006年度
1767.803,010010000,生産数量,350030120,　　　両面プリント配線板,2007000103,2007年1～3月期
1818.436,010010000,生産数量,350030120,　　　両面プリント配線板,2007000406,2007年4～6月期
1827.751,010010000,生産数量,350030120,　　　両面プリント配線板,2007000709,2007年7～9月期
1914.949,010010000,生産数量,350030120,　　　両面プリント配線板,2007001012,2007年10～12月期
595.031,010010000,生産数量,350030120,　　　両面プリント配線板,2007000101,2007年1月
561.411,010010000,生産数量,350030120,　　　両面プリント配線板,2007000202,2007年2月
611.361,010010000,生産数量,350030120,　　　両面プリント配線板,2007000303,2007年3月
593.31,010010000,生産数量,350030120,　　　両面プリント配線板,2007000404,2007年4月
593.653,010010000,生産数量,350030120,　　　両面プリント配線板,2007000505,2007年5月
631.473,010010000,生産数量,350030120,　　　両面プリント配線板,2007000606,2007年6月
635.19,010010000,生産数量,350030120,　　　両面プリント配線板,2007000707,2007年7月
585.968,010010000,生産数量,350030120,　　　両面プリント配線板,2007000808,2007年8月
606.593,010010000,生産数量,350030120,　　　両面プリント配線板,2007000909,2007年9月
650.769,010010000,生産数量,350030120,　　　両面プリント配線板,2007001010,2007年10月
663.778,010010000,生産数量,350030120,　　　両面プリント配線板,2007001111,2007年11月
600.402,010010000,生産数量,350030120,　　　両面プリント配線板,2007001212,2007年12月
3241.635,010010000,生産数量,350030130,　　　多層プリント配線板（4層）,2003000000,2003年
3136.392,010010000,生産数量,350030130,　　　多層プリント配線板（4層）,2004000000,2004年
3098.007,010010000,生産数量,350030130,　　　多層プリント配線板（4層）,2005000000,2005年
3368.43,010010000,生産数量,350030130,　　　多層プリント配線板（4層）,2006000000,2006年
3071.333,010010000,生産数量,350030130,　　　多層プリント配線板（4層）,2007000000,2007年
3187.047,010010000,生産数量,350030130,　　　多層プリント配線板（4層）,2005100000,2005年度
3241.094,010010000,生産数量,350030130,　　　多層プリント配線板（4層）,2006100000,2006年度
722.85,010010000,生産数量,350030130,　　　多層プリント配線板（4層）,2007000103,2007年1～3月期
725.311,010010000,生産数量,350030130,　　　多層プリント配線板（4層）,2007000406,2007年4～6月期
785.243,010010000,生産数量,350030130,　　　多層プリント配線板（4層）,2007000709,2007年7～9月期
837.929,010010000,生産数量,350030130,　　　多層プリント配線板（4層）,2007001012,2007年10～12月期
234.991,010010000,生産数量,350030130,　　　多層プリント配線板（4層）,2007000101,2007年1月
237.053,010010000,生産数量,350030130,　　　多層プリント配線板（4層）,2007000202,2007年2月
250.806,010010000,生産数量,350030130,　　　多層プリント配線板（4層）,2007000303,2007年3月
245.521,010010000,生産数量,350030130,　　　多層プリント配線板（4層）,2007000404,2007年4月
236.411,010010000,生産数量,350030130,　　　多層プリント配線板（4層）,2007000505,2007年5月
243.379,010010000,生産数量,350030130,　　　多層プリント配線板（4層）,2007000606,2007年6月
268.476,010010000,生産数量,350030130,　　　多層プリント配線板（4層）,2007000707,2007年7月
251.801,010010000,生産数量,350030130,　　　多層プリント配線板（4層）,2007000808,2007年8月
264.966,010010000,生産数量,350030130,　　　多層プリント配線板（4層）,2007000909,2007年9月
290.85,010010000,生産数量,350030130,　　　多層プリント配線板（4層）,2007001010,2007年10月
288.14,010010000,生産数量,350030130,　　　多層プリント配線板（4層）,2007001111,2007年11月
258.939,010010000,生産数量,350030130,　　　多層プリント配線板（4層）,2007001212,2007年12月
1278.194,010010000,生産数量,350030140,　　　多層プリント配線板（6～8層）,2003000000,2003年
1305.49,010010000,生産数量,350030140,　　　多層プリント配線板（6～8層）,2004000000,2004年
1332.628,010010000,生産数量,350030140,　　　多層プリント配線板（6～8層）,2005000000,2005年
1389.221,010010000,生産数量,350030140,　　　多層プリント配線板（6～8層）,2006000000,2006年
1491.246,010010000,生産数量,350030140,　　　多層プリント配線板（6～8層）,2007000000,2007年
1356.434,010010000,生産数量,350030140,　　　多層プリント配線板（6～8層）,2005100000,2005年度
1391.451,010010000,生産数量,350030140,　　　多層プリント配線板（6～8層）,2006100000,2006年度
338.607,010010000,生産数量,350030140,　　　多層プリント配線板（6～8層）,2007000103,2007年1～3月期
360.232,010010000,生産数量,350030140,　　　多層プリント配線板（6～8層）,2007000406,2007年4～6月期
381.573,010010000,生産数量,350030140,　　　多層プリント配線板（6～8層）,2007000709,2007年7～9月期
410.834,010010000,生産数量,350030140,　　　多層プリント配線板（6～8層）,2007001012,2007年10～12月期
98.725,010010000,生産数量,350030140,　　　多層プリント配線板（6～8層）,2007000101,2007年1月
113.8,010010000,生産数量,350030140,　　　多層プリント配線板（6～8層）,2007000202,2007年2月
126.082,010010000,生産数量,350030140,　　　多層プリント配線板（6～8層）,2007000303,2007年3月
124.04,010010000,生産数量,350030140,　　　多層プリント配線板（6～8層）,2007000404,2007年4月
115.714,010010000,生産数量,350030140,　　　多層プリント配線板（6～8層）,2007000505,2007年5月
120.478,010010000,生産数量,350030140,　　　多層プリント配線板（6～8層）,2007000606,2007年6月
136.79,010010000,生産数量,350030140,　　　多層プリント配線板（6～8層）,2007000707,2007年7月
117.658,010010000,生産数量,350030140,　　　多層プリント配線板（6～8層）,2007000808,2007年8月
127.125,010010000,生産数量,350030140,　　　多層プリント配線板（6～8層）,2007000909,2007年9月
148.061,010010000,生産数量,350030140,　　　多層プリント配線板（6～8層）,2007001010,2007年10月
134.699,010010000,生産数量,350030140,　　　多層プリント配線板（6～8層）,2007001111,2007年11月
128.074,010010000,生産数量,350030140,　　　多層プリント配線板（6～8層）,2007001212,2007年12月
219.341,010010000,生産数量,350030150,　　　多層プリント配線板（10層以上）,2003000000,2003年
259.414,010010000,生産数量,350030150,　　　多層プリント配線板（10層以上）,2004000000,2004年
267.209,010010000,生産数量,350030150,　　　多層プリント配線板（10層以上）,2005000000,2005年
362.395,010010000,生産数量,350030150,　　　多層プリント配線板（10層以上）,2006000000,2006年
298.73,010010000,生産数量,350030150,　　　多層プリント配線板（10層以上）,2007000000,2007年
286.528,010010000,生産数量,350030150,　　　多層プリント配線板（10層以上）,2005100000,2005年度
353.449,010010000,生産数量,350030150,　　　多層プリント配線板（10層以上）,2006100000,2006年度
74.458,010010000,生産数量,350030150,　　　多層プリント配線板（10層以上）,2007000103,2007年1～3月期
73.426,010010000,生産数量,350030150,　　　多層プリント配線板（10層以上）,2007000406,2007年4～6月期
72.853,010010000,生産数量,350030150,　　　多層プリント配線板（10層以上）,2007000709,2007年7～9月期
77.993,010010000,生産数量,350030150,　　　多層プリント配線板（10層以上）,2007001012,2007年10～12月期
25.085,010010000,生産数量,350030150,　　　多層プリント配線板（10層以上）,2007000101,2007年1月
24.736,010010000,生産数量,350030150,　　　多層プリント配線板（10層以上）,2007000202,2007年2月
24.637,010010000,生産数量,350030150,　　　多層プリント配線板（10層以上）,2007000303,2007年3月
20.738,010010000,生産数量,350030150,　　　多層プリント配線板（10層以上）,2007000404,2007年4月
23.255,010010000,生産数量,350030150,　　　多層プリント配線板（10層以上）,2007000505,2007年5月
29.433,010010000,生産数量,350030150,　　　多層プリント配線板（10層以上）,2007000606,2007年6月
25.97,010010000,生産数量,350030150,　　　多層プリント配線板（10層以上）,2007000707,2007年7月
23.396,010010000,生産数量,350030150,　　　多層プリント配線板（10層以上）,2007000808,2007年8月
23.487,010010000,生産数量,350030150,　　　多層プリント配線板（10層以上）,2007000909,2007年9月
25.723,010010000,生産数量,350030150,　　　多層プリント配線板（10層以上）,2007001010,2007年10月
26.501,010010000,生産数量,350030150,　　　多層プリント配線板（10層以上）,2007001111,2007年11月
25.769,010010000,生産数量,350030150,　　　多層プリント配線板（10層以上）,2007001212,2007年12月
1211.286,010010000,生産数量,350030170,　　　ビルドアップ多層配線板,2003000000,2003年
1253.639,010010000,生産数量,350030170,　　　ビルドアップ多層配線板,2004000000,2004年
1335.132,010010000,生産数量,350030170,　　　ビルドアップ多層配線板,2005000000,2005年
1294.643,010010000,生産数量,350030170,　　　ビルドアップ多層配線板,2006000000,2006年
1519.264,010010000,生産数量,350030170,　　　ビルドアップ多層配線板,2007000000,2007年
1349.351,010010000,生産数量,350030170,　　　ビルドアップ多層配線板,2005100000,2005年度
1343.526,010010000,生産数量,350030170,　　　ビルドアップ多層配線板,2006100000,2006年度
359.131,010010000,生産数量,350030170,　　　ビルドアップ多層配線板,2007000103,2007年1～3月期
379.312,010010000,生産数量,350030170,　　　ビルドアップ多層配線板,2007000406,2007年4～6月期
377.845,010010000,生産数量,350030170,　　　ビルドアップ多層配線板,2007000709,2007年7～9月期
402.976,010010000,生産数量,350030170,　　　ビルドアップ多層配線板,2007001012,2007年10～12月期
109.055,010010000,生産数量,350030170,　　　ビルドアップ多層配線板,2007000101,2007年1月
118.38,010010000,生産数量,350030170,　　　ビルドアップ多層配線板,2007000202,2007年2月
131.696,010010000,生産数量,350030170,　　　ビルドアップ多層配線板,2007000303,2007年3月
127.051,010010000,生産数量,350030170,　　　ビルドアップ多層配線板,2007000404,2007年4月
119.59,010010000,生産数量,350030170,　　　ビルドアップ多層配線板,2007000505,2007年5月
132.671,010010000,生産数量,350030170,　　　ビルドアップ多層配線板,2007000606,2007年6月
134.043,010010000,生産数量,350030170,　　　ビルドアップ多層配線板,2007000707,2007年7月
124.579,010010000,生産数量,350030170,　　　ビルドアップ多層配線板,2007000808,2007年8月
119.223,010010000,生産数量,350030170,　　　ビルドアップ多層配線板,2007000909,2007年9月
138.771,010010000,生産数量,350030170,　　　ビルドアップ多層配線板,2007001010,2007年10月
139.313,010010000,生産数量,350030170,　　　ビルドアップ多層配線板,2007001111,2007年11月
124.892,010010000,生産数量,350030170,　　　ビルドアップ多層配線板,2007001212,2007年12月
6300.594,010010000,生産数量,350030300,　　フレキシブルプリント配線板,2003000000,2003年
6626.612,010010000,生産数量,350030300,　　フレキシブルプリント配線板,2004000000,2004年
5469.581,010010000,生産数量,350030300,　　フレキシブルプリント配線板,2005000000,2005年
5270.371,010010000,生産数量,350030300,　　フレキシブルプリント配線板,2006000000,2006年
5304.698,010010000,生産数量,350030300,　　フレキシブルプリント配線板,2007000000,2007年
5314.079,010010000,生産数量,350030300,　　フレキシブルプリント配線板,2005100000,2005年度
5202.018,010010000,生産数量,350030300,　　フレキシブルプリント配線板,2006100000,2006年度
1237.108,010010000,生産数量,350030300,　　フレキシブルプリント配線板,2007000103,2007年1～3月期
1298.312,010010000,生産数量,350030300,　　フレキシブルプリント配線板,2007000406,2007年4～6月期
1355.745,010010000,生産数量,350030300,　　フレキシブルプリント配線板,2007000709,2007年7～9月期
1413.533,010010000,生産数量,350030300,　　フレキシブルプリント配線板,2007001012,2007年10～12月期
400.189,010010000,生産数量,350030300,　　フレキシブルプリント配線板,2007000101,2007年1月
388.875,010010000,生産数量,350030300,　　フレキシブルプリント配線板,2007000202,2007年2月
448.044,010010000,生産数量,350030300,　　フレキシブルプリント配線板,2007000303,2007年3月
432.785,010010000,生産数量,350030300,　　フレキシブルプリント配線板,2007000404,2007年4月
431.674,010010000,生産数量,350030300,　　フレキシブルプリント配線板,2007000505,2007年5月
433.853,010010000,生産数量,350030300,　　フレキシブルプリント配線板,2007000606,2007年6月
468.949,010010000,生産数量,350030300,　　フレキシブルプリント配線板,2007000707,2007年7月
442.101,010010000,生産数量,350030300,　　フレキシブルプリント配線板,2007000808,2007年8月
444.695,010010000,生産数量,350030300,　　フレキシブルプリント配線板,2007000909,2007年9月
478.439,010010000,生産数量,350030300,　　フレキシブルプリント配線板,2007001010,2007年10月
490.086,010010000,生産数量,350030300,　　フレキシブルプリント配線板,2007001111,2007年11月
445.008,010010000,生産数量,350030300,　　フレキシブルプリント配線板,2007001212,2007年12月
3690.151,010010000,生産数量,350030310,　　　片面フレキシブル配線板,2003000000,2003年
3749.078,010010000,生産数量,350030310,　　　片面フレキシブル配線板,2004000000,2004年
2877.18,010010000,生産数量,350030310,　　　片面フレキシブル配線板,2005000000,2005年
2294.978,010010000,生産数量,350030310,　　　片面フレキシブル配線板,2006000000,2006年
2357.594,010010000,生産数量,350030310,　　　片面フレキシブル配線板,2007000000,2007年
2710.751,010010000,生産数量,350030310,　　　片面フレキシブル配線板,2005100000,2005年度
2231.932,010010000,生産数量,350030310,　　　片面フレキシブル配線板,2006100000,2006年度
565.523,010010000,生産数量,350030310,　　　片面フレキシブル配線板,2007000103,2007年1～3月期
574.187,010010000,生産数量,350030310,　　　片面フレキシブル配線板,2007000406,2007年4～6月期
612.04,010010000,生産数量,350030310,　　　片面フレキシブル配線板,2007000709,2007年7～9月期
605.844,010010000,生産数量,350030310,　　　片面フレキシブル配線板,2007001012,2007年10～12月期
170.09,010010000,生産数量,350030310,　　　片面フレキシブル配線板,2007000101,2007年1月
188.134,010010000,生産数量,350030310,　　　片面フレキシブル配線板,2007000202,2007年2月
207.299,010010000,生産数量,350030310,　　　片面フレキシブル配線板,2007000303,2007年3月
196.398,010010000,生産数量,350030310,　　　片面フレキシブル配線板,2007000404,2007年4月
186.346,010010000,生産数量,350030310,　　　片面フレキシブル配線板,2007000505,2007年5月
191.443,010010000,生産数量,350030310,　　　片面フレキシブル配線板,2007000606,2007年6月
204.641,010010000,生産数量,350030310,　　　片面フレキシブル配線板,2007000707,2007年7月
201.606,010010000,生産数量,350030310,　　　片面フレキシブル配線板,2007000808,2007年8月
205.793,010010000,生産数量,350030310,　　　片面フレキシブル配線板,2007000909,2007年9月
208.475,010010000,生産数量,350030310,　　　片面フレキシブル配線板,2007001010,2007年10月
204.647,010010000,生産数量,350030310,　　　片面フレキシブル配線板,2007001111,2007年11月
192.722,010010000,生産数量,350030310,　　　片面フレキシブル配線板,2007001212,2007年12月
2610.443,010010000,生産数量,350030320,　　　両面・多層フレキシブル配線板,2003000000,2003年
2877.534,010010000,生産数量,350030320,　　　両面・多層フレキシブル配線板,2004000000,2004年
2592.401,010010000,生産数量,350030320,　　　両面・多層フレキシブル配線板,2005000000,2005年
2975.393,010010000,生産数量,350030320,　　　両面・多層フレキシブル配線板,2006000000,2006年
2947.104,010010000,生産数量,350030320,　　　両面・多層フレキシブル配線板,2007000000,2007年
2603.328,010010000,生産数量,350030320,　　　両面・多層フレキシブル配線板,2005100000,2005年度
2970.086,010010000,生産数量,350030320,　　　両面・多層フレキシブル配線板,2006100000,2006年度
671.585,010010000,生産数量,350030320,　　　両面・多層フレキシブル配線板,2007000103,2007年1～3月期
724.125,010010000,生産数量,350030320,　　　両面・多層フレキシブル配線板,2007000406,2007年4～6月期
743.705,010010000,生産数量,350030320,　　　両面・多層フレキシブル配線板,2007000709,2007年7～9月期
807.689,010010000,生産数量,350030320,　　　両面・多層フレキシブル配線板,2007001012,2007年10～12月期
230.099,010010000,生産数量,350030320,　　　両面・多層フレキシブル配線板,2007000101,2007年1月
200.741,010010000,生産数量,350030320,　　　両面・多層フレキシブル配線板,2007000202,2007年2月
240.745,010010000,生産数量,350030320,　　　両面・多層フレキシブル配線板,2007000303,2007年3月
236.387,010010000,生産数量,350030320,　　　両面・多層フレキシブル配線板,2007000404,2007年4月
245.328,010010000,生産数量,350030320,　　　両面・多層フレキシブル配線板,2007000505,2007年5月
242.41,010010000,生産数量,350030320,　　　両面・多層フレキシブル配線板,2007000606,2007年6月
264.308,010010000,生産数量,350030320,　　　両面・多層フレキシブル配線板,2007000707,2007年7月
240.495,010010000,生産数量,350030320,　　　両面・多層フレキシブル配線板,2007000808,2007年8月
238.902,010010000,生産数量,350030320,　　　両面・多層フレキシブル配線板,2007000909,2007年9月
269.964,010010000,生産数量,350030320,　　　両面・多層フレキシブル配線板,2007001010,2007年10月
285.439,010010000,生産数量,350030320,　　　両面・多層フレキシブル配線板,2007001111,2007年11月
252.286,010010000,生産数量,350030320,　　　両面・多層フレキシブル配線板,2007001212,2007年12月
1807.44,010010000,生産数量,350030500,　　モジュール基板,2003000000,2003年
2343.504,010010000,生産数量,350030500,　　モジュール基板,2004000000,2004年
2909.553,010010000,生産数量,350030500,　　モジュール基板,2005000000,2005年
2973.215,010010000,生産数量,350030500,　　モジュール基板,2006000000,2006年
3372.339,010010000,生産数量,350030500,　　モジュール基板,2007000000,2007年
3041.548,010010000,生産数量,350030500,　　モジュール基板,2005100000,2005年度
2988.787,010010000,生産数量,350030500,　　モジュール基板,2006100000,2006年度
760.96,010010000,生産数量,350030500,　　モジュール基板,2007000103,2007年1～3月期
861.139,010010000,生産数量,350030500,　　モジュール基板,2007000406,2007年4～6月期
870.325,010010000,生産数量,350030500,　　モジュール基板,2007000709,2007年7～9月期
879.915,010010000,生産数量,350030500,　　モジュール基板,2007001012,2007年10～12月期
269.858,010010000,生産数量,350030500,　　モジュール基板,2007000101,2007年1月
230.646,010010000,生産数量,350030500,　　モジュール基板,2007000202,2007年2月
260.456,010010000,生産数量,350030500,　　モジュール基板,2007000303,2007年3月
279.753,010010000,生産数量,350030500,　　モジュール基板,2007000404,2007年4月
280.015,010010000,生産数量,350030500,　　モジュール基板,2007000505,2007年5月
301.371,010010000,生産数量,350030500,　　モジュール基板,2007000606,2007年6月
283.206,010010000,生産数量,350030500,　　モジュール基板,2007000707,2007年7月
306.214,010010000,生産数量,350030500,　　モジュール基板,2007000808,2007年8月
280.905,010010000,生産数量,350030500,　　モジュール基板,2007000909,2007年9月
286.869,010010000,生産数量,350030500,　　モジュール基板,2007001010,2007年10月
294.673,010010000,生産数量,350030500,　　モジュール基板,2007001111,2007年11月
298.373,010010000,生産数量,350030500,　　モジュール基板,2007001212,2007年12月
375.097,010010000,生産数量,350030510,　　　リジッド系モジュール基板,2003000000,2003年
455.331,010010000,生産数量,350030510,　　　リジッド系モジュール基板,2004000000,2004年
398.421,010010000,生産数量,350030510,　　　リジッド系モジュール基板,2005000000,2005年
529.935,010010000,生産数量,350030510,　　　リジッド系モジュール基板,2006000000,2006年
641.779,010010000,生産数量,350030510,　　　リジッド系モジュール基板,2007000000,2007年
415.123,010010000,生産数量,350030510,　　　リジッド系モジュール基板,2005100000,2005年度
571.456,010010000,生産数量,350030510,　　　リジッド系モジュール基板,2006100000,2006年度
154.746,010010000,生産数量,350030510,　　　リジッド系モジュール基板,2007000103,2007年1～3月期
149.234,010010000,生産数量,350030510,　　　リジッド系モジュール基板,2007000406,2007年4～6月期
162.791,010010000,生産数量,350030510,　　　リジッド系モジュール基板,2007000709,2007年7～9月期
175.008,010010000,生産数量,350030510,　　　リジッド系モジュール基板,2007001012,2007年10～12月期
49.409,010010000,生産数量,350030510,　　　リジッド系モジュール基板,2007000101,2007年1月
51.08,010010000,生産数量,350030510,　　　リジッド系モジュール基板,2007000202,2007年2月
54.257,010010000,生産数量,350030510,　　　リジッド系モジュール基板,2007000303,2007年3月
51.43,010010000,生産数量,350030510,　　　リジッド系モジュール基板,2007000404,2007年4月
52.105,010010000,生産数量,350030510,　　　リジッド系モジュール基板,2007000505,2007年5月
45.699,010010000,生産数量,350030510,　　　リジッド系モジュール基板,2007000606,2007年6月
51.044,010010000,生産数量,350030510,　　　リジッド系モジュール基板,2007000707,2007年7月
58.721,010010000,生産数量,350030510,　　　リジッド系モジュール基板,2007000808,2007年8月
53.026,010010000,生産数量,350030510,　　　リジッド系モジュール基板,2007000909,2007年9月
60.494,010010000,生産数量,350030510,　　　リジッド系モジュール基板,2007001010,2007年10月
61.302,010010000,生産数量,350030510,　　　リジッド系モジュール基板,2007001111,2007年11月
53.212,010010000,生産数量,350030510,　　　リジッド系モジュール基板,2007001212,2007年12月
1432.343,010010000,生産数量,350030599,　　　その他のモジュール基板,2003000000,2003年
1888.173,010010000,生産数量,350030599,　　　その他のモジュール基板,2004000000,2004年
2511.132,010010000,生産数量,350030599,　　　その他のモジュール基板,2005000000,2005年
2443.28,010010000,生産数量,350030599,　　　その他のモジュール基板,2006000000,2006年
2730.56,010010000,生産数量,350030599,　　　その他のモジュール基板,2007000000,2007年
2626.425,010010000,生産数量,350030599,　　　その他のモジュール基板,2005100000,2005年度
2417.331,010010000,生産数量,350030599,　　　その他のモジュール基板,2006100000,2006年度
606.214,010010000,生産数量,350030599,　　　その他のモジュール基板,2007000103,2007年1～3月期
711.905,010010000,生産数量,350030599,　　　その他のモジュール基板,2007000406,2007年4～6月期
707.534,010010000,生産数量,350030599,　　　その他のモジュール基板,2007000709,2007年7～9月期
704.907,010010000,生産数量,350030599,　　　その他のモジュール基板,2007001012,2007年10～12月期
220.449,010010000,生産数量,350030599,　　　その他のモジュール基板,2007000101,2007年1月
179.566,010010000,生産数量,350030599,　　　その他のモジュール基板,2007000202,2007年2月
206.199,010010000,生産数量,350030599,　　　その他のモジュール基板,2007000303,2007年3月
228.323,010010000,生産数量,350030599,　　　その他のモジュール基板,2007000404,2007年4月
227.91,010010000,生産数量,350030599,　　　その他のモジュール基板,2007000505,2007年5月
255.672,010010000,生産数量,350030599,　　　その他のモジュール基板,2007000606,2007年6月
232.162,010010000,生産数量,350030599,　　　その他のモジュール基板,2007000707,2007年7月
247.493,010010000,生産数量,350030599,　　　その他のモジュール基板,2007000808,2007年8月
227.879,010010000,生産数量,350030599,　　　その他のモジュール基板,2007000909,2007年9月
226.375,010010000,生産数量,350030599,　　　その他のモジュール基板,2007001010,2007年10月
233.371,010010000,生産数量,350030599,　　　その他のモジュール基板,2007001111,2007年11月
245.161,010010000,生産数量,350030599,　　　その他のモジュール基板,2007001212,2007年12月
17.233,010010000,生産数量,350030999,　　その他の電子回路基板,2003000000,2003年
36.441,010010000,生産数量,350030999,　　その他の電子回路基板,2004000000,2004年
29.827,010010000,生産数量,350030999,　　その他の電子回路基板,2005000000,2005年
28.001,010010000,生産数量,350030999,　　その他の電子回路基板,2006000000,2006年
24.097,010010000,生産数量,350030999,　　その他の電子回路基板,2007000000,2007年
29.855,010010000,生産数量,350030999,　　その他の電子回路基板,2005100000,2005年度
27.784,010010000,生産数量,350030999,　　その他の電子回路基板,2006100000,2006年度
6.527,010010000,生産数量,350030999,　　その他の電子回路基板,2007000103,2007年1～3月期
4.458,010010000,生産数量,350030999,　　その他の電子回路基板,2007000406,2007年4～6月期
6.189,010010000,生産数量,350030999,　　その他の電子回路基板,2007000709,2007年7～9月期
6.923,010010000,生産数量,350030999,　　その他の電子回路基板,2007001012,2007年10～12月期
2.123,010010000,生産数量,350030999,　　その他の電子回路基板,2007000101,2007年1月
2.204,010010000,生産数量,350030999,　　その他の電子回路基板,2007000202,2007年2月
2.2,010010000,生産数量,350030999,　　その他の電子回路基板,2007000303,2007年3月
1.844,010010000,生産数量,350030999,　　その他の電子回路基板,2007000404,2007年4月
1.099,010010000,生産数量,350030999,　　その他の電子回路基板,2007000505,2007年5月
1.515,010010000,生産数量,350030999,　　その他の電子回路基板,2007000606,2007年6月
1.697,010010000,生産数量,350030999,　　その他の電子回路基板,2007000707,2007年7月
2.005,010010000,生産数量,350030999,　　その他の電子回路基板,2007000808,2007年8月
2.487,010010000,生産数量,350030999,　　その他の電子回路基板,2007000909,2007年9月
2.599,010010000,生産数量,350030999,　　その他の電子回路基板,2007001010,2007年10月
2.109,010010000,生産数量,350030999,　　その他の電子回路基板,2007001111,2007年11月
2.215,010010000,生産数量,350030999,　　その他の電子回路基板,2007001212,2007年12月
123123,010010000,生産数量,350040100,　　音響部品（スピーカ・マイクロホン）,2003000000,2003年
77743,010010000,生産数量,350040100,　　音響部品（スピーカ・マイクロホン）,2004000000,2004年
75916,010010000,生産数量,350040100,　　音響部品（スピーカ・マイクロホン）,2005000000,2005年
60222,010010000,生産数量,350040100,　　音響部品（スピーカ・マイクロホン）,2006000000,2006年
78725,010010000,生産数量,350040100,　　音響部品（スピーカ・マイクロホン）,2007000000,2007年
69337,010010000,生産数量,350040100,　　音響部品（スピーカ・マイクロホン）,2005100000,2005年度
61434,010010000,生産数量,350040100,　　音響部品（スピーカ・マイクロホン）,2006100000,2006年度
16907,010010000,生産数量,350040100,　　音響部品（スピーカ・マイクロホン）,2007000103,2007年1～3月期
16154,010010000,生産数量,350040100,　　音響部品（スピーカ・マイクロホン）,2007000406,2007年4～6月期
21460,010010000,生産数量,350040100,　　音響部品（スピーカ・マイクロホン）,2007000709,2007年7～9月期
24204,010010000,生産数量,350040100,　　音響部品（スピーカ・マイクロホン）,2007001012,2007年10～12月期
5212,010010000,生産数量,350040100,　　音響部品（スピーカ・マイクロホン）,2007000101,2007年1月
5572,010010000,生産数量,350040100,　　音響部品（スピーカ・マイクロホン）,2007000202,2007年2月
6123,010010000,生産数量,350040100,　　音響部品（スピーカ・マイクロホン）,2007000303,2007年3月
5688,010010000,生産数量,350040100,　　音響部品（スピーカ・マイクロホン）,2007000404,2007年4月
5025,010010000,生産数量,350040100,　　音響部品（スピーカ・マイクロホン）,2007000505,2007年5月
5441,010010000,生産数量,350040100,　　音響部品（スピーカ・マイクロホン）,2007000606,2007年6月
6781,010010000,生産数量,350040100,　　音響部品（スピーカ・マイクロホン）,2007000707,2007年7月
7181,010010000,生産数量,350040100,　　音響部品（スピーカ・マイクロホン）,2007000808,2007年8月
7498,010010000,生産数量,350040100,　　音響部品（スピーカ・マイクロホン）,2007000909,2007年9月
7286,010010000,生産数量,350040100,　　音響部品（スピーカ・マイクロホン）,2007001010,2007年10月
8560,010010000,生産数量,350040100,　　音響部品（スピーカ・マイクロホン）,2007001111,2007年11月
8358,010010000,生産数量,350040100,　　音響部品（スピーカ・マイクロホン）,2007001212,2007年12月
222943,010010000,生産数量,350040300,　　磁気ヘッド,2003000000,2003年
162078,010010000,生産数量,350040300,　　磁気ヘッド,2004000000,2004年
132047,010010000,生産数量,350040300,　　磁気ヘッド,2005000000,2005年
98631,010010000,生産数量,350040300,　　磁気ヘッド,2006000000,2006年
19414,010010000,生産数量,350040300,　　磁気ヘッド,2007000000,2007年
130257,010010000,生産数量,350040300,　　磁気ヘッド,2005100000,2005年度
76795,010010000,生産数量,350040300,　　磁気ヘッド,2006100000,2006年度
10378,010010000,生産数量,350040300,　　磁気ヘッド,2007000103,2007年1～3月期
3570,010010000,生産数量,350040300,　　磁気ヘッド,2007000406,2007年4～6月期
3481,010010000,生産数量,350040300,　　磁気ヘッド,2007000709,2007年7～9月期
1985,010010000,生産数量,350040300,　　磁気ヘッド,2007001012,2007年10～12月期
4654,010010000,生産数量,350040300,　　磁気ヘッド,2007000101,2007年1月
2831,010010000,生産数量,350040300,　　磁気ヘッド,2007000202,2007年2月
2893,010010000,生産数量,350040300,　　磁気ヘッド,2007000303,2007年3月
1066,010010000,生産数量,350040300,　　磁気ヘッド,2007000404,2007年4月
1226,010010000,生産数量,350040300,　　磁気ヘッド,2007000505,2007年5月
1278,010010000,生産数量,350040300,　　磁気ヘッド,2007000606,2007年6月
1293,010010000,生産数量,350040300,　　磁気ヘッド,2007000707,2007年7月
1203,010010000,生産数量,350040300,　　磁気ヘッド,2007000808,2007年8月
985,010010000,生産数量,350040300,　　磁気ヘッド,2007000909,2007年9月
716,010010000,生産数量,350040300,　　磁気ヘッド,2007001010,2007年10月
600,010010000,生産数量,350040300,　　磁気ヘッド,2007001111,2007年11月
669,010010000,生産数量,350040300,　　磁気ヘッド,2007001212,2007年12月
827113,010010000,生産数量,350050010,　　磁気テープ,2003000000,2003年
729351,010010000,生産数量,350050010,　　磁気テープ,2004000000,2004年
686788,010010000,生産数量,350050010,　　磁気テープ,2005000000,2005年
546888,010010000,生産数量,350050010,　　磁気テープ,2006000000,2006年
473739,010010000,生産数量,350050010,　　磁気テープ,2007000000,2007年
653438,010010000,生産数量,350050010,　　磁気テープ,2005100000,2005年度
528054,010010000,生産数量,350050010,　　磁気テープ,2006100000,2006年度
112712,010010000,生産数量,350050010,　　磁気テープ,2007000103,2007年1～3月期
113858,010010000,生産数量,350050010,　　磁気テープ,2007000406,2007年4～6月期
117709,010010000,生産数量,350050010,　　磁気テープ,2007000709,2007年7～9月期
129460,010010000,生産数量,350050010,　　磁気テープ,2007001012,2007年10～12月期
38243,010010000,生産数量,350050010,　　磁気テープ,2007000101,2007年1月
39004,010010000,生産数量,350050010,　　磁気テープ,2007000202,2007年2月
35465,010010000,生産数量,350050010,　　磁気テープ,2007000303,2007年3月
36842,010010000,生産数量,350050010,　　磁気テープ,2007000404,2007年4月
39539,010010000,生産数量,350050010,　　磁気テープ,2007000505,2007年5月
37477,010010000,生産数量,350050010,　　磁気テープ,2007000606,2007年6月
37988,010010000,生産数量,350050010,　　磁気テープ,2007000707,2007年7月
39816,010010000,生産数量,350050010,　　磁気テープ,2007000808,2007年8月
39905,010010000,生産数量,350050010,　　磁気テープ,2007000909,2007年9月
43756,010010000,生産数量,350050010,　　磁気テープ,2007001010,2007年10月
45824,010010000,生産数量,350050010,　　磁気テープ,2007001111,2007年11月
39880,010010000,生産数量,350050010,　　磁気テープ,2007001212,2007年12月
682477,010010000,生産数量,350050011,　　　磁気録音・録画テープ,2003000000,2003年
543759,010010000,生産数量,350050011,　　　磁気録音・録画テープ,2004000000,2004年
465706,010010000,生産数量,350050011,　　　磁気録音・録画テープ,2005000000,2005年
329091,010010000,生産数量,350050011,　　　磁気録音・録画テープ,2006000000,2006年
242826,010010000,生産数量,350050011,　　　磁気録音・録画テープ,2007000000,2007年
431994,010010000,生産数量,350050011,　　　磁気録音・録画テープ,2005100000,2005年度
307830,010010000,生産数量,350050011,　　　磁気録音・録画テープ,2006100000,2006年度
59580,010010000,生産数量,350050011,　　　磁気録音・録画テープ,2007000103,2007年1～3月期
57175,010010000,生産数量,350050011,　　　磁気録音・録画テープ,2007000406,2007年4～6月期
60586,010010000,生産数量,350050011,　　　磁気録音・録画テープ,2007000709,2007年7～9月期
65485,010010000,生産数量,350050011,　　　磁気録音・録画テープ,2007001012,2007年10～12月期
21576,010010000,生産数量,350050011,　　　磁気録音・録画テープ,2007000101,2007年1月
21666,010010000,生産数量,350050011,　　　磁気録音・録画テープ,2007000202,2007年2月
16338,010010000,生産数量,350050011,　　　磁気録音・録画テープ,2007000303,2007年3月
19584,010010000,生産数量,350050011,　　　磁気録音・録画テープ,2007000404,2007年4月
19023,010010000,生産数量,350050011,　　　磁気録音・録画テープ,2007000505,2007年5月
18568,010010000,生産数量,350050011,　　　磁気録音・録画テープ,2007000606,2007年6月
19663,010010000,生産数量,350050011,　　　磁気録音・録画テープ,2007000707,2007年7月
20405,010010000,生産数量,350050011,　　　磁気録音・録画テープ,2007000808,2007年8月
20518,010010000,生産数量,350050011,　　　磁気録音・録画テープ,2007000909,2007年9月
21447,010010000,生産数量,350050011,　　　磁気録音・録画テープ,2007001010,2007年10月
24140,010010000,生産数量,350050011,　　　磁気録音・録画テープ,2007001111,2007年11月
19898,010010000,生産数量,350050011,　　　磁気録音・録画テープ,2007001212,2007年12月
144636,010010000,生産数量,350050019,　　　その他の磁気テープ,2003000000,2003年
185592,010010000,生産数量,350050019,　　　その他の磁気テープ,2004000000,2004年
221082,010010000,生産数量,350050019,　　　その他の磁気テープ,2005000000,2005年
217797,010010000,生産数量,350050019,　　　その他の磁気テープ,2006000000,2006年
230913,010010000,生産数量,350050019,　　　その他の磁気テープ,2007000000,2007年
221444,010010000,生産数量,350050019,　　　その他の磁気テープ,2005100000,2005年度
220224,010010000,生産数量,350050019,　　　その他の磁気テープ,2006100000,2006年度
53132,010010000,生産数量,350050019,　　　その他の磁気テープ,2007000103,2007年1～3月期
56683,010010000,生産数量,350050019,　　　その他の磁気テープ,2007000406,2007年4～6月期
57123,010010000,生産数量,350050019,　　　その他の磁気テープ,2007000709,2007年7～9月期
63975,010010000,生産数量,350050019,　　　その他の磁気テープ,2007001012,2007年10～12月期
16667,010010000,生産数量,350050019,　　　その他の磁気テープ,2007000101,2007年1月
17338,010010000,生産数量,350050019,　　　その他の磁気テープ,2007000202,2007年2月
19127,010010000,生産数量,350050019,　　　その他の磁気テープ,2007000303,2007年3月
17258,010010000,生産数量,350050019,　　　その他の磁気テープ,2007000404,2007年4月
20516,010010000,生産数量,350050019,　　　その他の磁気テープ,2007000505,2007年5月
18909,010010000,生産数量,350050019,　　　その他の磁気テープ,2007000606,2007年6月
18325,010010000,生産数量,350050019,　　　その他の磁気テープ,2007000707,2007年7月
19411,010010000,生産数量,350050019,　　　その他の磁気テープ,2007000808,2007年8月
19387,010010000,生産数量,350050019,　　　その他の磁気テープ,2007000909,2007年9月
22309,010010000,生産数量,350050019,　　　その他の磁気テープ,2007001010,2007年10月
21684,010010000,生産数量,350050019,　　　その他の磁気テープ,2007001111,2007年11月
19982,010010000,生産数量,350050019,　　　その他の磁気テープ,2007001212,2007年12月
1121561,010010000,生産数量,350050030,　　光ディスク,2003000000,2003年
1177870,010010000,生産数量,350050030,　　光ディスク,2004000000,2004年
1451916,010010000,生産数量,350050030,　　光ディスク,2005000000,2005年
1549277,010010000,生産数量,350050030,　　光ディスク,2006000000,2006年
1396998,010010000,生産数量,350050030,　　光ディスク,2007000000,2007年
1459526,010010000,生産数量,350050030,　　光ディスク,2005100000,2005年度
1544048,010010000,生産数量,350050030,　　光ディスク,2006100000,2006年度
347651,010010000,生産数量,350050030,　　光ディスク,2007000103,2007年1～3月期
341376,010010000,生産数量,350050030,　　光ディスク,2007000406,2007年4～6月期
355325,010010000,生産数量,350050030,　　光ディスク,2007000709,2007年7～9月期
352646,010010000,生産数量,350050030,　　光ディスク,2007001012,2007年10～12月期
117352,010010000,生産数量,350050030,　　光ディスク,2007000101,2007年1月
118376,010010000,生産数量,350050030,　　光ディスク,2007000202,2007年2月
111923,010010000,生産数量,350050030,　　光ディスク,2007000303,2007年3月
109759,010010000,生産数量,350050030,　　光ディスク,2007000404,2007年4月
115484,010010000,生産数量,350050030,　　光ディスク,2007000505,2007年5月
116133,010010000,生産数量,350050030,　　光ディスク,2007000606,2007年6月
118005,010010000,生産数量,350050030,　　光ディスク,2007000707,2007年7月
120426,010010000,生産数量,350050030,　　光ディスク,2007000808,2007年8月
116894,010010000,生産数量,350050030,　　光ディスク,2007000909,2007年9月
118977,010010000,生産数量,350050030,　　光ディスク,2007001010,2007年10月
113483,010010000,生産数量,350050030,　　光ディスク,2007001111,2007年11月
120186,010010000,生産数量,350050030,　　光ディスク,2007001212,2007年12月
70051,010010000,生産数量,350050050,　　スイッチング電源,2003000000,2003年
68596,010010000,生産数量,350050050,　　スイッチング電源,2004000000,2004年
62975,010010000,生産数量,350050050,　　スイッチング電源,2005000000,2005年
71070,010010000,生産数量,350050050,　　スイッチング電源,2006000000,2006年
75956,010010000,生産数量,350050050,　　スイッチング電源,2007000000,2007年
66526,010010000,生産数量,350050050,　　スイッチング電源,2005100000,2005年度
73220,010010000,生産数量,350050050,　　スイッチング電源,2006100000,2006年度
19385,010010000,生産数量,350050050,　　スイッチング電源,2007000103,2007年1～3月期
18254,010010000,生産数量,350050050,　　スイッチング電源,2007000406,2007年4～6月期
19331,010010000,生産数量,350050050,　　スイッチング電源,2007000709,2007年7～9月期
18986,010010000,生産数量,350050050,　　スイッチング電源,2007001012,2007年10～12月期
5994,010010000,生産数量,350050050,　　スイッチング電源,2007000101,2007年1月
6204,010010000,生産数量,350050050,　　スイッチング電源,2007000202,2007年2月
7187,010010000,生産数量,350050050,　　スイッチング電源,2007000303,2007年3月
6353,010010000,生産数量,350050050,　　スイッチング電源,2007000404,2007年4月
5546,010010000,生産数量,350050050,　　スイッチング電源,2007000505,2007年5月
6355,010010000,生産数量,350050050,　　スイッチング電源,2007000606,2007年6月
6508,010010000,生産数量,350050050,　　スイッチング電源,2007000707,2007年7月
6070,010010000,生産数量,350050050,　　スイッチング電源,2007000808,2007年8月
6753,010010000,生産数量,350050050,　　スイッチング電源,2007000909,2007年9月
6740,010010000,生産数量,350050050,　　スイッチング電源,2007001010,2007年10月
6567,010010000,生産数量,350050050,　　スイッチング電源,2007001111,2007年11月
5679,010010000,生産数量,350050050,　　スイッチング電源,2007001212,2007年12月
2654242,010040000,生産金額（百万円）,350000000,電子部品,2003000000,2003年
2664139,010040000,生産金額（百万円）,350000000,電子部品,2004000000,2004年
2683408,010040000,生産金額（百万円）,350000000,電子部品,2005000000,2005年
3040875,010040000,生産金額（百万円）,350000000,電子部品,2006000000,2006年
3158307,010040000,生産金額（百万円）,350000000,電子部品,2007000000,2007年
2771993,010040000,生産金額（百万円）,350000000,電子部品,2005100000,2005年度
3083263,010040000,生産金額（百万円）,350000000,電子部品,2006100000,2006年度
760449,010040000,生産金額（百万円）,350000000,電子部品,2007000103,2007年1～3月期
767222,010040000,生産金額（百万円）,350000000,電子部品,2007000406,2007年4～6月期
786176,010040000,生産金額（百万円）,350000000,電子部品,2007000709,2007年7～9月期
844460,010040000,生産金額（百万円）,350000000,電子部品,2007001012,2007年10～12月期
247563,010040000,生産金額（百万円）,350000000,電子部品,2007000101,2007年1月
246576,010040000,生産金額（百万円）,350000000,電子部品,2007000202,2007年2月
266310,010040000,生産金額（百万円）,350000000,電子部品,2007000303,2007年3月
258642,010040000,生産金額（百万円）,350000000,電子部品,2007000404,2007年4月
252646,010040000,生産金額（百万円）,350000000,電子部品,2007000505,2007年5月
255934,010040000,生産金額（百万円）,350000000,電子部品,2007000606,2007年6月
265754,010040000,生産金額（百万円）,350000000,電子部品,2007000707,2007年7月
256303,010040000,生産金額（百万円）,350000000,電子部品,2007000808,2007年8月
264119,010040000,生産金額（百万円）,350000000,電子部品,2007000909,2007年9月
293354,010040000,生産金額（百万円）,350000000,電子部品,2007001010,2007年10月
284803,010040000,生産金額（百万円）,350000000,電子部品,2007001111,2007年11月
266303,010040000,生産金額（百万円）,350000000,電子部品,2007001212,2007年12月
863374,010040000,生産金額（百万円）,350010000,　受動部品,2003000000,2003年
895065,010040000,生産金額（百万円）,350010000,　受動部品,2004000000,2004年
891464,010040000,生産金額（百万円）,350010000,　受動部品,2005000000,2005年
1039288,010040000,生産金額（百万円）,350010000,　受動部品,2006000000,2006年
1130477,010040000,生産金額（百万円）,350010000,　受動部品,2007000000,2007年
929804,010040000,生産金額（百万円）,350010000,　受動部品,2005100000,2005年度
1064518,010040000,生産金額（百万円）,350010000,　受動部品,2006100000,2006年度
270654,010040000,生産金額（百万円）,350010000,　受動部品,2007000103,2007年1～3月期
270821,010040000,生産金額（百万円）,350010000,　受動部品,2007000406,2007年4～6月期
286699,010040000,生産金額（百万円）,350010000,　受動部品,2007000709,2007年7～9月期
302303,010040000,生産金額（百万円）,350010000,　受動部品,2007001012,2007年10～12月期
88713,010040000,生産金額（百万円）,350010000,　受動部品,2007000101,2007年1月
87629,010040000,生産金額（百万円）,350010000,　受動部品,2007000202,2007年2月
94312,010040000,生産金額（百万円）,350010000,　受動部品,2007000303,2007年3月
91489,010040000,生産金額（百万円）,350010000,　受動部品,2007000404,2007年4月
88018,010040000,生産金額（百万円）,350010000,　受動部品,2007000505,2007年5月
91314,010040000,生産金額（百万円）,350010000,　受動部品,2007000606,2007年6月
96050,010040000,生産金額（百万円）,350010000,　受動部品,2007000707,2007年7月
94552,010040000,生産金額（百万円）,350010000,　受動部品,2007000808,2007年8月
96097,010040000,生産金額（百万円）,350010000,　受動部品,2007000909,2007年9月
105988,010040000,生産金額（百万円）,350010000,　受動部品,2007001010,2007年10月
101574,010040000,生産金額（百万円）,350010000,　受動部品,2007001111,2007年11月
94741,010040000,生産金額（百万円）,350010000,　受動部品,2007001212,2007年12月
129959,010040000,生産金額（百万円）,350010100,　　抵抗器,2003000000,2003年
126754,010040000,生産金額（百万円）,350010100,　　抵抗器,2004000000,2004年
122960,010040000,生産金額（百万円）,350010100,　　抵抗器,2005000000,2005年
136315,010040000,生産金額（百万円）,350010100,　　抵抗器,2006000000,2006年
135641,010040000,生産金額（百万円）,350010100,　　抵抗器,2007000000,2007年
127750,010040000,生産金額（百万円）,350010100,　　抵抗器,2005100000,2005年度
135996,010040000,生産金額（百万円）,350010100,　　抵抗器,2006100000,2006年度
33049,010040000,生産金額（百万円）,350010100,　　抵抗器,2007000103,2007年1～3月期
33264,010040000,生産金額（百万円）,350010100,　　抵抗器,2007000406,2007年4～6月期
34069,010040000,生産金額（百万円）,350010100,　　抵抗器,2007000709,2007年7～9月期
35259,010040000,生産金額（百万円）,350010100,　　抵抗器,2007001012,2007年10～12月期
10706,010040000,生産金額（百万円）,350010100,　　抵抗器,2007000101,2007年1月
10699,010040000,生産金額（百万円）,350010100,　　抵抗器,2007000202,2007年2月
11644,010040000,生産金額（百万円）,350010100,　　抵抗器,2007000303,2007年3月
11271,010040000,生産金額（百万円）,350010100,　　抵抗器,2007000404,2007年4月
10730,010040000,生産金額（百万円）,350010100,　　抵抗器,2007000505,2007年5月
11263,010040000,生産金額（百万円）,350010100,　　抵抗器,2007000606,2007年6月
11515,010040000,生産金額（百万円）,350010100,　　抵抗器,2007000707,2007年7月
11093,010040000,生産金額（百万円）,350010100,　　抵抗器,2007000808,2007年8月
11461,010040000,生産金額（百万円）,350010100,　　抵抗器,2007000909,2007年9月
12277,010040000,生産金額（百万円）,350010100,　　抵抗器,2007001010,2007年10月
11883,010040000,生産金額（百万円）,350010100,　　抵抗器,2007001111,2007年11月
11099,010040000,生産金額（百万円）,350010100,　　抵抗器,2007001212,2007年12月
49776,010040000,生産金額（百万円）,350010110,　　　可変抵抗器,2003000000,2003年
45584,010040000,生産金額（百万円）,350010110,　　　可変抵抗器,2004000000,2004年
42862,010040000,生産金額（百万円）,350010110,　　　可変抵抗器,2005000000,2005年
46645,010040000,生産金額（百万円）,350010110,　　　可変抵抗器,2006000000,2006年
46894,010040000,生産金額（百万円）,350010110,　　　可変抵抗器,2007000000,2007年
44204,010040000,生産金額（百万円）,350010110,　　　可変抵抗器,2005100000,2005年度
46794,010040000,生産金額（百万円）,350010110,　　　可変抵抗器,2006100000,2006年度
11606,010040000,生産金額（百万円）,350010110,　　　可変抵抗器,2007000103,2007年1～3月期
11922,010040000,生産金額（百万円）,350010110,　　　可変抵抗器,2007000406,2007年4～6月期
11580,010040000,生産金額（百万円）,350010110,　　　可変抵抗器,2007000709,2007年7～9月期
11786,010040000,生産金額（百万円）,350010110,　　　可変抵抗器,2007001012,2007年10～12月期
3724,010040000,生産金額（百万円）,350010110,　　　可変抵抗器,2007000101,2007年1月
3693,010040000,生産金額（百万円）,350010110,　　　可変抵抗器,2007000202,2007年2月
4189,010040000,生産金額（百万円）,350010110,　　　可変抵抗器,2007000303,2007年3月
4019,010040000,生産金額（百万円）,350010110,　　　可変抵抗器,2007000404,2007年4月
3948,010040000,生産金額（百万円）,350010110,　　　可変抵抗器,2007000505,2007年5月
3955,010040000,生産金額（百万円）,350010110,　　　可変抵抗器,2007000606,2007年6月
3945,010040000,生産金額（百万円）,350010110,　　　可変抵抗器,2007000707,2007年7月
3770,010040000,生産金額（百万円）,350010110,　　　可変抵抗器,2007000808,2007年8月
3865,010040000,生産金額（百万円）,350010110,　　　可変抵抗器,2007000909,2007年9月
4111,010040000,生産金額（百万円）,350010110,　　　可変抵抗器,2007001010,2007年10月
4070,010040000,生産金額（百万円）,350010110,　　　可変抵抗器,2007001111,2007年11月
3605,010040000,生産金額（百万円）,350010110,　　　可変抵抗器,2007001212,2007年12月
13834,010040000,生産金額（百万円）,350010111,　　　　半固定抵抗器,2003000000,2003年
13807,010040000,生産金額（百万円）,350010111,　　　　半固定抵抗器,2004000000,2004年
12073,010040000,生産金額（百万円）,350010111,　　　　半固定抵抗器,2005000000,2005年
12080,010040000,生産金額（百万円）,350010111,　　　　半固定抵抗器,2006000000,2006年
11564,010040000,生産金額（百万円）,350010111,　　　　半固定抵抗器,2007000000,2007年
12085,010040000,生産金額（百万円）,350010111,　　　　半固定抵抗器,2005100000,2005年度
11960,010040000,生産金額（百万円）,350010111,　　　　半固定抵抗器,2006100000,2006年度
2720,010040000,生産金額（百万円）,350010111,　　　　半固定抵抗器,2007000103,2007年1～3月期
2801,010040000,生産金額（百万円）,350010111,　　　　半固定抵抗器,2007000406,2007年4～6月期
2983,010040000,生産金額（百万円）,350010111,　　　　半固定抵抗器,2007000709,2007年7～9月期
3060,010040000,生産金額（百万円）,350010111,　　　　半固定抵抗器,2007001012,2007年10～12月期
919,010040000,生産金額（百万円）,350010111,　　　　半固定抵抗器,2007000101,2007年1月
905,010040000,生産金額（百万円）,350010111,　　　　半固定抵抗器,2007000202,2007年2月
896,010040000,生産金額（百万円）,350010111,　　　　半固定抵抗器,2007000303,2007年3月
922,010040000,生産金額（百万円）,350010111,　　　　半固定抵抗器,2007000404,2007年4月
925,010040000,生産金額（百万円）,350010111,　　　　半固定抵抗器,2007000505,2007年5月
954,010040000,生産金額（百万円）,350010111,　　　　半固定抵抗器,2007000606,2007年6月
981,010040000,生産金額（百万円）,350010111,　　　　半固定抵抗器,2007000707,2007年7月
1042,010040000,生産金額（百万円）,350010111,　　　　半固定抵抗器,2007000808,2007年8月
960,010040000,生産金額（百万円）,350010111,　　　　半固定抵抗器,2007000909,2007年9月
1062,010040000,生産金額（百万円）,350010111,　　　　半固定抵抗器,2007001010,2007年10月
1009,010040000,生産金額（百万円）,350010111,　　　　半固定抵抗器,2007001111,2007年11月
989,010040000,生産金額（百万円）,350010111,　　　　半固定抵抗器,2007001212,2007年12月
26711,010040000,生産金額（百万円）,350010112,　　　　炭素系可変抵抗器(半固定を除く),2003000000,2003年
22225,010040000,生産金額（百万円）,350010112,　　　　炭素系可変抵抗器(半固定を除く),2004000000,2004年
21908,010040000,生産金額（百万円）,350010112,　　　　炭素系可変抵抗器(半固定を除く),2005000000,2005年
23934,010040000,生産金額（百万円）,350010112,　　　　炭素系可変抵抗器(半固定を除く),2006000000,2006年
22658,010040000,生産金額（百万円）,350010112,　　　　炭素系可変抵抗器(半固定を除く),2007000000,2007年
23233,010040000,生産金額（百万円）,350010112,　　　　炭素系可変抵抗器(半固定を除く),2005100000,2005年度
23566,010040000,生産金額（百万円）,350010112,　　　　炭素系可変抵抗器(半固定を除く),2006100000,2006年度
5983,010040000,生産金額（百万円）,350010112,　　　　炭素系可変抵抗器(半固定を除く),2007000103,2007年1～3月期
5769,010040000,生産金額（百万円）,350010112,　　　　炭素系可変抵抗器(半固定を除く),2007000406,2007年4～6月期
5523,010040000,生産金額（百万円）,350010112,　　　　炭素系可変抵抗器(半固定を除く),2007000709,2007年7～9月期
5383,010040000,生産金額（百万円）,350010112,　　　　炭素系可変抵抗器(半固定を除く),2007001012,2007年10～12月期
1919,010040000,生産金額（百万円）,350010112,　　　　炭素系可変抵抗器(半固定を除く),2007000101,2007年1月
1943,010040000,生産金額（百万円）,350010112,　　　　炭素系可変抵抗器(半固定を除く),2007000202,2007年2月
2121,010040000,生産金額（百万円）,350010112,　　　　炭素系可変抵抗器(半固定を除く),2007000303,2007年3月
1927,010040000,生産金額（百万円）,350010112,　　　　炭素系可変抵抗器(半固定を除く),2007000404,2007年4月
1869,010040000,生産金額（百万円）,350010112,　　　　炭素系可変抵抗器(半固定を除く),2007000505,2007年5月
1973,010040000,生産金額（百万円）,350010112,　　　　炭素系可変抵抗器(半固定を除く),2007000606,2007年6月
1988,010040000,生産金額（百万円）,350010112,　　　　炭素系可変抵抗器(半固定を除く),2007000707,2007年7月
1716,010040000,生産金額（百万円）,350010112,　　　　炭素系可変抵抗器(半固定を除く),2007000808,2007年8月
1819,010040000,生産金額（百万円）,350010112,　　　　炭素系可変抵抗器(半固定を除く),2007000909,2007年9月
1877,010040000,生産金額（百万円）,350010112,　　　　炭素系可変抵抗器(半固定を除く),2007001010,2007年10月
1880,010040000,生産金額（百万円）,350010112,　　　　炭素系可変抵抗器(半固定を除く),2007001111,2007年11月
1626,010040000,生産金額（百万円）,350010112,　　　　炭素系可変抵抗器(半固定を除く),2007001212,2007年12月
9231,010040000,生産金額（百万円）,350010119,　　　　その他の可変抵抗器,2003000000,2003年
9552,010040000,生産金額（百万円）,350010119,　　　　その他の可変抵抗器,2004000000,2004年
8881,010040000,生産金額（百万円）,350010119,　　　　その他の可変抵抗器,2005000000,2005年
10631,010040000,生産金額（百万円）,350010119,　　　　その他の可変抵抗器,2006000000,2006年
12672,010040000,生産金額（百万円）,350010119,　　　　その他の可変抵抗器,2007000000,2007年
8886,010040000,生産金額（百万円）,350010119,　　　　その他の可変抵抗器,2005100000,2005年度
11268,010040000,生産金額（百万円）,350010119,　　　　その他の可変抵抗器,2006100000,2006年度
2903,010040000,生産金額（百万円）,350010119,　　　　その他の可変抵抗器,2007000103,2007年1～3月期
3352,010040000,生産金額（百万円）,350010119,　　　　その他の可変抵抗器,2007000406,2007年4～6月期
3074,010040000,生産金額（百万円）,350010119,　　　　その他の可変抵抗器,2007000709,2007年7～9月期
3343,010040000,生産金額（百万円）,350010119,　　　　その他の可変抵抗器,2007001012,2007年10～12月期
886,010040000,生産金額（百万円）,350010119,　　　　その他の可変抵抗器,2007000101,2007年1月
845,010040000,生産金額（百万円）,350010119,　　　　その他の可変抵抗器,2007000202,2007年2月
1172,010040000,生産金額（百万円）,350010119,　　　　その他の可変抵抗器,2007000303,2007年3月
1170,010040000,生産金額（百万円）,350010119,　　　　その他の可変抵抗器,2007000404,2007年4月
1154,010040000,生産金額（百万円）,350010119,　　　　その他の可変抵抗器,2007000505,2007年5月
1028,010040000,生産金額（百万円）,350010119,　　　　その他の可変抵抗器,2007000606,2007年6月
976,010040000,生産金額（百万円）,350010119,　　　　その他の可変抵抗器,2007000707,2007年7月
1012,010040000,生産金額（百万円）,350010119,　　　　その他の可変抵抗器,2007000808,2007年8月
1086,010040000,生産金額（百万円）,350010119,　　　　その他の可変抵抗器,2007000909,2007年9月
1172,010040000,生産金額（百万円）,350010119,　　　　その他の可変抵抗器,2007001010,2007年10月
1181,010040000,生産金額（百万円）,350010119,　　　　その他の可変抵抗器,2007001111,2007年11月
990,010040000,生産金額（百万円）,350010119,　　　　その他の可変抵抗器,2007001212,2007年12月
80183,010040000,生産金額（百万円）,350010130,　　　固定抵抗器,2003000000,2003年
81170,010040000,生産金額（百万円）,350010130,　　　固定抵抗器,2004000000,2004年
80098,010040000,生産金額（百万円）,350010130,　　　固定抵抗器,2005000000,2005年
89670,010040000,生産金額（百万円）,350010130,　　　固定抵抗器,2006000000,2006年
88747,010040000,生産金額（百万円）,350010130,　　　固定抵抗器,2007000000,2007年
83546,010040000,生産金額（百万円）,350010130,　　　固定抵抗器,2005100000,2005年度
89202,010040000,生産金額（百万円）,350010130,　　　固定抵抗器,2006100000,2006年度
21443,010040000,生産金額（百万円）,350010130,　　　固定抵抗器,2007000103,2007年1～3月期
21342,010040000,生産金額（百万円）,350010130,　　　固定抵抗器,2007000406,2007年4～6月期
22489,010040000,生産金額（百万円）,350010130,　　　固定抵抗器,2007000709,2007年7～9月期
23473,010040000,生産金額（百万円）,350010130,　　　固定抵抗器,2007001012,2007年10～12月期
6982,010040000,生産金額（百万円）,350010130,　　　固定抵抗器,2007000101,2007年1月
7006,010040000,生産金額（百万円）,350010130,　　　固定抵抗器,2007000202,2007年2月
7455,010040000,生産金額（百万円）,350010130,　　　固定抵抗器,2007000303,2007年3月
7252,010040000,生産金額（百万円）,350010130,　　　固定抵抗器,2007000404,2007年4月
6782,010040000,生産金額（百万円）,350010130,　　　固定抵抗器,2007000505,2007年5月
7308,010040000,生産金額（百万円）,350010130,　　　固定抵抗器,2007000606,2007年6月
7570,010040000,生産金額（百万円）,350010130,　　　固定抵抗器,2007000707,2007年7月
7323,010040000,生産金額（百万円）,350010130,　　　固定抵抗器,2007000808,2007年8月
7596,010040000,生産金額（百万円）,350010130,　　　固定抵抗器,2007000909,2007年9月
8166,010040000,生産金額（百万円）,350010130,　　　固定抵抗器,2007001010,2007年10月
7813,010040000,生産金額（百万円）,350010130,　　　固定抵抗器,2007001111,2007年11月
7494,010040000,生産金額（百万円）,350010130,　　　固定抵抗器,2007001212,2007年12月
7496,010040000,生産金額（百万円）,350010131,　　　　金属皮膜固定抵抗器（酸化金属を含む）,2003000000,2003年
6666,010040000,生産金額（百万円）,350010131,　　　　金属皮膜固定抵抗器（酸化金属を含む）,2004000000,2004年
5904,010040000,生産金額（百万円）,350010131,　　　　金属皮膜固定抵抗器（酸化金属を含む）,2005000000,2005年
5928,010040000,生産金額（百万円）,350010131,　　　　金属皮膜固定抵抗器（酸化金属を含む）,2006000000,2006年
5561,010040000,生産金額（百万円）,350010131,　　　　金属皮膜固定抵抗器（酸化金属を含む）,2007000000,2007年
5962,010040000,生産金額（百万円）,350010131,　　　　金属皮膜固定抵抗器（酸化金属を含む）,2005100000,2005年度
5748,010040000,生産金額（百万円）,350010131,　　　　金属皮膜固定抵抗器（酸化金属を含む）,2006100000,2006年度
1398,010040000,生産金額（百万円）,350010131,　　　　金属皮膜固定抵抗器（酸化金属を含む）,2007000103,2007年1～3月期
1454,010040000,生産金額（百万円）,350010131,　　　　金属皮膜固定抵抗器（酸化金属を含む）,2007000406,2007年4～6月期
1365,010040000,生産金額（百万円）,350010131,　　　　金属皮膜固定抵抗器（酸化金属を含む）,2007000709,2007年7～9月期
1344,010040000,生産金額（百万円）,350010131,　　　　金属皮膜固定抵抗器（酸化金属を含む）,2007001012,2007年10～12月期
460,010040000,生産金額（百万円）,350010131,　　　　金属皮膜固定抵抗器（酸化金属を含む）,2007000101,2007年1月
458,010040000,生産金額（百万円）,350010131,　　　　金属皮膜固定抵抗器（酸化金属を含む）,2007000202,2007年2月
480,010040000,生産金額（百万円）,350010131,　　　　金属皮膜固定抵抗器（酸化金属を含む）,2007000303,2007年3月
507,010040000,生産金額（百万円）,350010131,　　　　金属皮膜固定抵抗器（酸化金属を含む）,2007000404,2007年4月
442,010040000,生産金額（百万円）,350010131,　　　　金属皮膜固定抵抗器（酸化金属を含む）,2007000505,2007年5月
505,010040000,生産金額（百万円）,350010131,　　　　金属皮膜固定抵抗器（酸化金属を含む）,2007000606,2007年6月
500,010040000,生産金額（百万円）,350010131,　　　　金属皮膜固定抵抗器（酸化金属を含む）,2007000707,2007年7月
430,010040000,生産金額（百万円）,350010131,　　　　金属皮膜固定抵抗器（酸化金属を含む）,2007000808,2007年8月
435,010040000,生産金額（百万円）,350010131,　　　　金属皮膜固定抵抗器（酸化金属を含む）,2007000909,2007年9月
449,010040000,生産金額（百万円）,350010131,　　　　金属皮膜固定抵抗器（酸化金属を含む）,2007001010,2007年10月
460,010040000,生産金額（百万円）,350010131,　　　　金属皮膜固定抵抗器（酸化金属を含む）,2007001111,2007年11月
435,010040000,生産金額（百万円）,350010131,　　　　金属皮膜固定抵抗器（酸化金属を含む）,2007001212,2007年12月
8742,010040000,生産金額（百万円）,350010132,　　　　巻線固定抵抗器,2003000000,2003年
8574,010040000,生産金額（百万円）,350010132,　　　　巻線固定抵抗器,2004000000,2004年
7685,010040000,生産金額（百万円）,350010132,　　　　巻線固定抵抗器,2005000000,2005年
7809,010040000,生産金額（百万円）,350010132,　　　　巻線固定抵抗器,2006000000,2006年
7605,010040000,生産金額（百万円）,350010132,　　　　巻線固定抵抗器,2007000000,2007年
7771,010040000,生産金額（百万円）,350010132,　　　　巻線固定抵抗器,2005100000,2005年度
7699,010040000,生産金額（百万円）,350010132,　　　　巻線固定抵抗器,2006100000,2006年度
1842,010040000,生産金額（百万円）,350010132,　　　　巻線固定抵抗器,2007000103,2007年1～3月期
1863,010040000,生産金額（百万円）,350010132,　　　　巻線固定抵抗器,2007000406,2007年4～6月期
1913,010040000,生産金額（百万円）,350010132,　　　　巻線固定抵抗器,2007000709,2007年7～9月期
1987,010040000,生産金額（百万円）,350010132,　　　　巻線固定抵抗器,2007001012,2007年10～12月期
580,010040000,生産金額（百万円）,350010132,　　　　巻線固定抵抗器,2007000101,2007年1月
600,010040000,生産金額（百万円）,350010132,　　　　巻線固定抵抗器,2007000202,2007年2月
662,010040000,生産金額（百万円）,350010132,　　　　巻線固定抵抗器,2007000303,2007年3月
645,010040000,生産金額（百万円）,350010132,　　　　巻線固定抵抗器,2007000404,2007年4月
586,010040000,生産金額（百万円）,350010132,　　　　巻線固定抵抗器,2007000505,2007年5月
632,010040000,生産金額（百万円）,350010132,　　　　巻線固定抵抗器,2007000606,2007年6月
655,010040000,生産金額（百万円）,350010132,　　　　巻線固定抵抗器,2007000707,2007年7月
606,010040000,生産金額（百万円）,350010132,　　　　巻線固定抵抗器,2007000808,2007年8月
652,010040000,生産金額（百万円）,350010132,　　　　巻線固定抵抗器,2007000909,2007年9月
679,010040000,生産金額（百万円）,350010132,　　　　巻線固定抵抗器,2007001010,2007年10月
649,010040000,生産金額（百万円）,350010132,　　　　巻線固定抵抗器,2007001111,2007年11月
659,010040000,生産金額（百万円）,350010132,　　　　巻線固定抵抗器,2007001212,2007年12月
10855,010040000,生産金額（百万円）,350010133,　　　　ネットワーク抵抗器,2003000000,2003年
10185,010040000,生産金額（百万円）,350010133,　　　　ネットワーク抵抗器,2004000000,2004年
9880,010040000,生産金額（百万円）,350010133,　　　　ネットワーク抵抗器,2005000000,2005年
10180,010040000,生産金額（百万円）,350010133,　　　　ネットワーク抵抗器,2006000000,2006年
10533,010040000,生産金額（百万円）,350010133,　　　　ネットワーク抵抗器,2007000000,2007年
10024,010040000,生産金額（百万円）,350010133,　　　　ネットワーク抵抗器,2005100000,2005年度
10057,010040000,生産金額（百万円）,350010133,　　　　ネットワーク抵抗器,2006100000,2006年度
2457,010040000,生産金額（百万円）,350010133,　　　　ネットワーク抵抗器,2007000103,2007年1～3月期
2617,010040000,生産金額（百万円）,350010133,　　　　ネットワーク抵抗器,2007000406,2007年4～6月期
2705,010040000,生産金額（百万円）,350010133,　　　　ネットワーク抵抗器,2007000709,2007年7～9月期
2754,010040000,生産金額（百万円）,350010133,　　　　ネットワーク抵抗器,2007001012,2007年10～12月期
801,010040000,生産金額（百万円）,350010133,　　　　ネットワーク抵抗器,2007000101,2007年1月
812,010040000,生産金額（百万円）,350010133,　　　　ネットワーク抵抗器,2007000202,2007年2月
844,010040000,生産金額（百万円）,350010133,　　　　ネットワーク抵抗器,2007000303,2007年3月
860,010040000,生産金額（百万円）,350010133,　　　　ネットワーク抵抗器,2007000404,2007年4月
812,010040000,生産金額（百万円）,350010133,　　　　ネットワーク抵抗器,2007000505,2007年5月
945,010040000,生産金額（百万円）,350010133,　　　　ネットワーク抵抗器,2007000606,2007年6月
915,010040000,生産金額（百万円）,350010133,　　　　ネットワーク抵抗器,2007000707,2007年7月
897,010040000,生産金額（百万円）,350010133,　　　　ネットワーク抵抗器,2007000808,2007年8月
893,010040000,生産金額（百万円）,350010133,　　　　ネットワーク抵抗器,2007000909,2007年9月
951,010040000,生産金額（百万円）,350010133,　　　　ネットワーク抵抗器,2007001010,2007年10月
908,010040000,生産金額（百万円）,350010133,　　　　ネットワーク抵抗器,2007001111,2007年11月
895,010040000,生産金額（百万円）,350010133,　　　　ネットワーク抵抗器,2007001212,2007年12月
41422,010040000,生産金額（百万円）,350010134,　　　　チップ抵抗器,2003000000,2003年
45103,010040000,生産金額（百万円）,350010134,　　　　チップ抵抗器,2004000000,2004年
43492,010040000,生産金額（百万円）,350010134,　　　　チップ抵抗器,2005000000,2005年
50523,010040000,生産金額（百万円）,350010134,　　　　チップ抵抗器,2006000000,2006年
50694,010040000,生産金額（百万円）,350010134,　　　　チップ抵抗器,2007000000,2007年
45142,010040000,生産金額（百万円）,350010134,　　　　チップ抵抗器,2005100000,2005年度
51169,010040000,生産金額（百万円）,350010134,　　　　チップ抵抗器,2006100000,2006年度
12557,010040000,生産金額（百万円）,350010134,　　　　チップ抵抗器,2007000103,2007年1～3月期
11878,010040000,生産金額（百万円）,350010134,　　　　チップ抵抗器,2007000406,2007年4～6月期
12739,010040000,生産金額（百万円）,350010134,　　　　チップ抵抗器,2007000709,2007年7～9月期
13520,010040000,生産金額（百万円）,350010134,　　　　チップ抵抗器,2007001012,2007年10～12月期
4104,010040000,生産金額（百万円）,350010134,　　　　チップ抵抗器,2007000101,2007年1月
4112,010040000,生産金額（百万円）,350010134,　　　　チップ抵抗器,2007000202,2007年2月
4341,010040000,生産金額（百万円）,350010134,　　　　チップ抵抗器,2007000303,2007年3月
3979,010040000,生産金額（百万円）,350010134,　　　　チップ抵抗器,2007000404,2007年4月
3853,010040000,生産金額（百万円）,350010134,　　　　チップ抵抗器,2007000505,2007年5月
4046,010040000,生産金額（百万円）,350010134,　　　　チップ抵抗器,2007000606,2007年6月
4293,010040000,生産金額（百万円）,350010134,　　　　チップ抵抗器,2007000707,2007年7月
4085,010040000,生産金額（百万円）,350010134,　　　　チップ抵抗器,2007000808,2007年8月
4361,010040000,生産金額（百万円）,350010134,　　　　チップ抵抗器,2007000909,2007年9月
4723,010040000,生産金額（百万円）,350010134,　　　　チップ抵抗器,2007001010,2007年10月
4542,010040000,生産金額（百万円）,350010134,　　　　チップ抵抗器,2007001111,2007年11月
4255,010040000,生産金額（百万円）,350010134,　　　　チップ抵抗器,2007001212,2007年12月
11668,010040000,生産金額（百万円）,350010139,　　　　その他の固定抵抗器,2003000000,2003年
10642,010040000,生産金額（百万円）,350010139,　　　　その他の固定抵抗器,2004000000,2004年
13137,010040000,生産金額（百万円）,350010139,　　　　その他の固定抵抗器,2005000000,2005年
15230,010040000,生産金額（百万円）,350010139,　　　　その他の固定抵抗器,2006000000,2006年
14354,010040000,生産金額（百万円）,350010139,　　　　その他の固定抵抗器,2007000000,2007年
14647,010040000,生産金額（百万円）,350010139,　　　　その他の固定抵抗器,2005100000,2005年度
14529,010040000,生産金額（百万円）,350010139,　　　　その他の固定抵抗器,2006100000,2006年度
3189,010040000,生産金額（百万円）,350010139,　　　　その他の固定抵抗器,2007000103,2007年1～3月期
3530,010040000,生産金額（百万円）,350010139,　　　　その他の固定抵抗器,2007000406,2007年4～6月期
3767,010040000,生産金額（百万円）,350010139,　　　　その他の固定抵抗器,2007000709,2007年7～9月期
3868,010040000,生産金額（百万円）,350010139,　　　　その他の固定抵抗器,2007001012,2007年10～12月期
1037,010040000,生産金額（百万円）,350010139,　　　　その他の固定抵抗器,2007000101,2007年1月
1024,010040000,生産金額（百万円）,350010139,　　　　その他の固定抵抗器,2007000202,2007年2月
1128,010040000,生産金額（百万円）,350010139,　　　　その他の固定抵抗器,2007000303,2007年3月
1261,010040000,生産金額（百万円）,350010139,　　　　その他の固定抵抗器,2007000404,2007年4月
1089,010040000,生産金額（百万円）,350010139,　　　　その他の固定抵抗器,2007000505,2007年5月
1180,010040000,生産金額（百万円）,350010139,　　　　その他の固定抵抗器,2007000606,2007年6月
1207,010040000,生産金額（百万円）,350010139,　　　　その他の固定抵抗器,2007000707,2007年7月
1305,010040000,生産金額（百万円）,350010139,　　　　その他の固定抵抗器,2007000808,2007年8月
1255,010040000,生産金額（百万円）,350010139,　　　　その他の固定抵抗器,2007000909,2007年9月
1364,010040000,生産金額（百万円）,350010139,　　　　その他の固定抵抗器,2007001010,2007年10月
1254,010040000,生産金額（百万円）,350010139,　　　　その他の固定抵抗器,2007001111,2007年11月
1250,010040000,生産金額（百万円）,350010139,　　　　その他の固定抵抗器,2007001212,2007年12月
487497,010040000,生産金額（百万円）,350010300,　　固定コンデンサ,2003000000,2003年
516105,010040000,生産金額（百万円）,350010300,　　固定コンデンサ,2004000000,2004年
491376,010040000,生産金額（百万円）,350010300,　　固定コンデンサ,2005000000,2005年
577337,010040000,生産金額（百万円）,350010300,　　固定コンデンサ,2006000000,2006年
648856,010040000,生産金額（百万円）,350010300,　　固定コンデンサ,2007000000,2007年
508367,010040000,生産金額（百万円）,350010300,　　固定コンデンサ,2005100000,2005年度
595815,010040000,生産金額（百万円）,350010300,　　固定コンデンサ,2006100000,2006年度
153526,010040000,生産金額（百万円）,350010300,　　固定コンデンサ,2007000103,2007年1～3月期
155304,010040000,生産金額（百万円）,350010300,　　固定コンデンサ,2007000406,2007年4～6月期
166877,010040000,生産金額（百万円）,350010300,　　固定コンデンサ,2007000709,2007年7～9月期
173149,010040000,生産金額（百万円）,350010300,　　固定コンデンサ,2007001012,2007年10～12月期
49965,010040000,生産金額（百万円）,350010300,　　固定コンデンサ,2007000101,2007年1月
50020,010040000,生産金額（百万円）,350010300,　　固定コンデンサ,2007000202,2007年2月
53541,010040000,生産金額（百万円）,350010300,　　固定コンデンサ,2007000303,2007年3月
51226,010040000,生産金額（百万円）,350010300,　　固定コンデンサ,2007000404,2007年4月
51181,010040000,生産金額（百万円）,350010300,　　固定コンデンサ,2007000505,2007年5月
52897,010040000,生産金額（百万円）,350010300,　　固定コンデンサ,2007000606,2007年6月
55752,010040000,生産金額（百万円）,350010300,　　固定コンデンサ,2007000707,2007年7月
55381,010040000,生産金額（百万円）,350010300,　　固定コンデンサ,2007000808,2007年8月
55744,010040000,生産金額（百万円）,350010300,　　固定コンデンサ,2007000909,2007年9月
61788,010040000,生産金額（百万円）,350010300,　　固定コンデンサ,2007001010,2007年10月
57659,010040000,生産金額（百万円）,350010300,　　固定コンデンサ,2007001111,2007年11月
53702,010040000,生産金額（百万円）,350010300,　　固定コンデンサ,2007001212,2007年12月
150732,010040000,生産金額（百万円）,350010310,　　　アルミ電解コンデンサ,2003000000,2003年
167875,010040000,生産金額（百万円）,350010310,　　　アルミ電解コンデンサ,2004000000,2004年
159731,010040000,生産金額（百万円）,350010310,　　　アルミ電解コンデンサ,2005000000,2005年
186858,010040000,生産金額（百万円）,350010310,　　　アルミ電解コンデンサ,2006000000,2006年
191292,010040000,生産金額（百万円）,350010310,　　　アルミ電解コンデンサ,2007000000,2007年
164566,010040000,生産金額（百万円）,350010310,　　　アルミ電解コンデンサ,2005100000,2005年度
188533,010040000,生産金額（百万円）,350010310,　　　アルミ電解コンデンサ,2006100000,2006年度
45681,010040000,生産金額（百万円）,350010310,　　　アルミ電解コンデンサ,2007000103,2007年1～3月期
46338,010040000,生産金額（百万円）,350010310,　　　アルミ電解コンデンサ,2007000406,2007年4～6月期
48923,010040000,生産金額（百万円）,350010310,　　　アルミ電解コンデンサ,2007000709,2007年7～9月期
50350,010040000,生産金額（百万円）,350010310,　　　アルミ電解コンデンサ,2007001012,2007年10～12月期
15016,010040000,生産金額（百万円）,350010310,　　　アルミ電解コンデンサ,2007000101,2007年1月
15058,010040000,生産金額（百万円）,350010310,　　　アルミ電解コンデンサ,2007000202,2007年2月
15607,010040000,生産金額（百万円）,350010310,　　　アルミ電解コンデンサ,2007000303,2007年3月
15370,010040000,生産金額（百万円）,350010310,　　　アルミ電解コンデンサ,2007000404,2007年4月
15240,010040000,生産金額（百万円）,350010310,　　　アルミ電解コンデンサ,2007000505,2007年5月
15728,010040000,生産金額（百万円）,350010310,　　　アルミ電解コンデンサ,2007000606,2007年6月
16856,010040000,生産金額（百万円）,350010310,　　　アルミ電解コンデンサ,2007000707,2007年7月
15886,010040000,生産金額（百万円）,350010310,　　　アルミ電解コンデンサ,2007000808,2007年8月
16181,010040000,生産金額（百万円）,350010310,　　　アルミ電解コンデンサ,2007000909,2007年9月
17853,010040000,生産金額（百万円）,350010310,　　　アルミ電解コンデンサ,2007001010,2007年10月
16500,010040000,生産金額（百万円）,350010310,　　　アルミ電解コンデンサ,2007001111,2007年11月
15997,010040000,生産金額（百万円）,350010310,　　　アルミ電解コンデンサ,2007001212,2007年12月
51526,010040000,生産金額（百万円）,350010320,　　　タンタル電解コンデンサ,2003000000,2003年
51886,010040000,生産金額（百万円）,350010320,　　　タンタル電解コンデンサ,2004000000,2004年
44897,010040000,生産金額（百万円）,350010320,　　　タンタル電解コンデンサ,2005000000,2005年
47093,010040000,生産金額（百万円）,350010320,　　　タンタル電解コンデンサ,2006000000,2006年
45250,010040000,生産金額（百万円）,350010320,　　　タンタル電解コンデンサ,2007000000,2007年
45634,010040000,生産金額（百万円）,350010320,　　　タンタル電解コンデンサ,2005100000,2005年度
46167,010040000,生産金額（百万円）,350010320,　　　タンタル電解コンデンサ,2006100000,2006年度
11304,010040000,生産金額（百万円）,350010320,　　　タンタル電解コンデンサ,2007000103,2007年1～3月期
11315,010040000,生産金額（百万円）,350010320,　　　タンタル電解コンデンサ,2007000406,2007年4～6月期
11181,010040000,生産金額（百万円）,350010320,　　　タンタル電解コンデンサ,2007000709,2007年7～9月期
11450,010040000,生産金額（百万円）,350010320,　　　タンタル電解コンデンサ,2007001012,2007年10～12月期
3743,010040000,生産金額（百万円）,350010320,　　　タンタル電解コンデンサ,2007000101,2007年1月
3669,010040000,生産金額（百万円）,350010320,　　　タンタル電解コンデンサ,2007000202,2007年2月
3892,010040000,生産金額（百万円）,350010320,　　　タンタル電解コンデンサ,2007000303,2007年3月
3631,010040000,生産金額（百万円）,350010320,　　　タンタル電解コンデンサ,2007000404,2007年4月
3873,010040000,生産金額（百万円）,350010320,　　　タンタル電解コンデンサ,2007000505,2007年5月
3811,010040000,生産金額（百万円）,350010320,　　　タンタル電解コンデンサ,2007000606,2007年6月
3889,010040000,生産金額（百万円）,350010320,　　　タンタル電解コンデンサ,2007000707,2007年7月
3644,010040000,生産金額（百万円）,350010320,　　　タンタル電解コンデンサ,2007000808,2007年8月
3648,010040000,生産金額（百万円）,350010320,　　　タンタル電解コンデンサ,2007000909,2007年9月
4103,010040000,生産金額（百万円）,350010320,　　　タンタル電解コンデンサ,2007001010,2007年10月
3761,010040000,生産金額（百万円）,350010320,　　　タンタル電解コンデンサ,2007001111,2007年11月
3586,010040000,生産金額（百万円）,350010320,　　　タンタル電解コンデンサ,2007001212,2007年12月
233951,010040000,生産金額（百万円）,350010330,　　　セラミックコンデンサ,2003000000,2003年
262660,010040000,生産金額（百万円）,350010330,　　　セラミックコンデンサ,2004000000,2004年
257238,010040000,生産金額（百万円）,350010330,　　　セラミックコンデンサ,2005000000,2005年
313732,010040000,生産金額（百万円）,350010330,　　　セラミックコンデンサ,2006000000,2006年
373855,010040000,生産金額（百万円）,350010330,　　　セラミックコンデンサ,2007000000,2007年
268831,010040000,生産金額（百万円）,350010330,　　　セラミックコンデンサ,2005100000,2005年度
329850,010040000,生産金額（百万円）,350010330,　　　セラミックコンデンサ,2006100000,2006年度
87548,010040000,生産金額（百万円）,350010330,　　　セラミックコンデンサ,2007000103,2007年1～3月期
87925,010040000,生産金額（百万円）,350010330,　　　セラミックコンデンサ,2007000406,2007年4～6月期
97213,010040000,生産金額（百万円）,350010330,　　　セラミックコンデンサ,2007000709,2007年7～9月期
101169,010040000,生産金額（百万円）,350010330,　　　セラミックコンデンサ,2007001012,2007年10～12月期
28418,010040000,生産金額（百万円）,350010330,　　　セラミックコンデンサ,2007000101,2007年1月
28328,010040000,生産金額（百万円）,350010330,　　　セラミックコンデンサ,2007000202,2007年2月
30802,010040000,生産金額（百万円）,350010330,　　　セラミックコンデンサ,2007000303,2007年3月
28917,010040000,生産金額（百万円）,350010330,　　　セラミックコンデンサ,2007000404,2007年4月
28950,010040000,生産金額（百万円）,350010330,　　　セラミックコンデンサ,2007000505,2007年5月
30058,010040000,生産金額（百万円）,350010330,　　　セラミックコンデンサ,2007000606,2007年6月
31768,010040000,生産金額（百万円）,350010330,　　　セラミックコンデンサ,2007000707,2007年7月
32806,010040000,生産金額（百万円）,350010330,　　　セラミックコンデンサ,2007000808,2007年8月
32639,010040000,生産金額（百万円）,350010330,　　　セラミックコンデンサ,2007000909,2007年9月
36325,010040000,生産金額（百万円）,350010330,　　　セラミックコンデンサ,2007001010,2007年10月
33961,010040000,生産金額（百万円）,350010330,　　　セラミックコンデンサ,2007001111,2007年11月
30883,010040000,生産金額（百万円）,350010330,　　　セラミックコンデンサ,2007001212,2007年12月
10665,010040000,生産金額（百万円）,350010340,　　　有機フィルムコンデンサ,2003000000,2003年
10139,010040000,生産金額（百万円）,350010340,　　　有機フィルムコンデンサ,2004000000,2004年
8214,010040000,生産金額（百万円）,350010340,　　　有機フィルムコンデンサ,2005000000,2005年
7838,010040000,生産金額（百万円）,350010340,　　　有機フィルムコンデンサ,2006000000,2006年
7086,010040000,生産金額（百万円）,350010340,　　　有機フィルムコンデンサ,2007000000,2007年
8131,010040000,生産金額（百万円）,350010340,　　　有機フィルムコンデンサ,2005100000,2005年度
7356,010040000,生産金額（百万円）,350010340,　　　有機フィルムコンデンサ,2006100000,2006年度
1549,010040000,生産金額（百万円）,350010340,　　　有機フィルムコンデンサ,2007000103,2007年1～3月期
1851,010040000,生産金額（百万円）,350010340,　　　有機フィルムコンデンサ,2007000406,2007年4～6月期
1796,010040000,生産金額（百万円）,350010340,　　　有機フィルムコンデンサ,2007000709,2007年7～9月期
1890,010040000,生産金額（百万円）,350010340,　　　有機フィルムコンデンサ,2007001012,2007年10～12月期
467,010040000,生産金額（百万円）,350010340,　　　有機フィルムコンデンサ,2007000101,2007年1月
524,010040000,生産金額（百万円）,350010340,　　　有機フィルムコンデンサ,2007000202,2007年2月
558,010040000,生産金額（百万円）,350010340,　　　有機フィルムコンデンサ,2007000303,2007年3月
638,010040000,生産金額（百万円）,350010340,　　　有機フィルムコンデンサ,2007000404,2007年4月
598,010040000,生産金額（百万円）,350010340,　　　有機フィルムコンデンサ,2007000505,2007年5月
615,010040000,生産金額（百万円）,350010340,　　　有機フィルムコンデンサ,2007000606,2007年6月
634,010040000,生産金額（百万円）,350010340,　　　有機フィルムコンデンサ,2007000707,2007年7月
563,010040000,生産金額（百万円）,350010340,　　　有機フィルムコンデンサ,2007000808,2007年8月
599,010040000,生産金額（百万円）,350010340,　　　有機フィルムコンデンサ,2007000909,2007年9月
664,010040000,生産金額（百万円）,350010340,　　　有機フィルムコンデンサ,2007001010,2007年10月
627,010040000,生産金額（百万円）,350010340,　　　有機フィルムコンデンサ,2007001111,2007年11月
599,010040000,生産金額（百万円）,350010340,　　　有機フィルムコンデンサ,2007001212,2007年12月
22985,010040000,生産金額（百万円）,350010350,　　　金属化有機フィルムコンデンサ,2003000000,2003年
22124,010040000,生産金額（百万円）,350010350,　　　金属化有機フィルムコンデンサ,2004000000,2004年
19852,010040000,生産金額（百万円）,350010350,　　　金属化有機フィルムコンデンサ,2005000000,2005年
20539,010040000,生産金額（百万円）,350010350,　　　金属化有機フィルムコンデンサ,2006000000,2006年
21531,010040000,生産金額（百万円）,350010350,　　　金属化有機フィルムコンデンサ,2007000000,2007年
19714,010040000,生産金額（百万円）,350010350,　　　金属化有機フィルムコンデンサ,2005100000,2005年度
20679,010040000,生産金額（百万円）,350010350,　　　金属化有機フィルムコンデンサ,2006100000,2006年度
5149,010040000,生産金額（百万円）,350010350,　　　金属化有機フィルムコンデンサ,2007000103,2007年1～3月期
5415,010040000,生産金額（百万円）,350010350,　　　金属化有機フィルムコンデンサ,2007000406,2007年4～6月期
5294,010040000,生産金額（百万円）,350010350,　　　金属化有機フィルムコンデンサ,2007000709,2007年7～9月期
5673,010040000,生産金額（百万円）,350010350,　　　金属化有機フィルムコンデンサ,2007001012,2007年10～12月期
1672,010040000,生産金額（百万円）,350010350,　　　金属化有機フィルムコンデンサ,2007000101,2007年1月
1684,010040000,生産金額（百万円）,350010350,　　　金属化有機フィルムコンデンサ,2007000202,2007年2月
1793,010040000,生産金額（百万円）,350010350,　　　金属化有機フィルムコンデンサ,2007000303,2007年3月
1846,010040000,生産金額（百万円）,350010350,　　　金属化有機フィルムコンデンサ,2007000404,2007年4月
1766,010040000,生産金額（百万円）,350010350,　　　金属化有機フィルムコンデンサ,2007000505,2007年5月
1803,010040000,生産金額（百万円）,350010350,　　　金属化有機フィルムコンデンサ,2007000606,2007年6月
1826,010040000,生産金額（百万円）,350010350,　　　金属化有機フィルムコンデンサ,2007000707,2007年7月
1699,010040000,生産金額（百万円）,350010350,　　　金属化有機フィルムコンデンサ,2007000808,2007年8月
1769,010040000,生産金額（百万円）,350010350,　　　金属化有機フィルムコンデンサ,2007000909,2007年9月
1945,010040000,生産金額（百万円）,350010350,　　　金属化有機フィルムコンデンサ,2007001010,2007年10月
1932,010040000,生産金額（百万円）,350010350,　　　金属化有機フィルムコンデンサ,2007001111,2007年11月
1796,010040000,生産金額（百万円）,350010350,　　　金属化有機フィルムコンデンサ,2007001212,2007年12月
17638,010040000,生産金額（百万円）,350010399,　　　その他の固定コンデンサ,2003000000,2003年
1421,010040000,生産金額（百万円）,350010399,　　　その他の固定コンデンサ,2004000000,2004年
1444,010040000,生産金額（百万円）,350010399,　　　その他の固定コンデンサ,2005000000,2005年
1277,010040000,生産金額（百万円）,350010399,　　　その他の固定コンデンサ,2006000000,2006年
9842,010040000,生産金額（百万円）,350010399,　　　その他の固定コンデンサ,2007000000,2007年
1491,010040000,生産金額（百万円）,350010399,　　　その他の固定コンデンサ,2005100000,2005年度
3230,010040000,生産金額（百万円）,350010399,　　　その他の固定コンデンサ,2006100000,2006年度
2295,010040000,生産金額（百万円）,350010399,　　　その他の固定コンデンサ,2007000103,2007年1～3月期
2460,010040000,生産金額（百万円）,350010399,　　　その他の固定コンデンサ,2007000406,2007年4～6月期
2470,010040000,生産金額（百万円）,350010399,　　　その他の固定コンデンサ,2007000709,2007年7～9月期
2617,010040000,生産金額（百万円）,350010399,　　　その他の固定コンデンサ,2007001012,2007年10～12月期
649,010040000,生産金額（百万円）,350010399,　　　その他の固定コンデンサ,2007000101,2007年1月
757,010040000,生産金額（百万円）,350010399,　　　その他の固定コンデンサ,2007000202,2007年2月
889,010040000,生産金額（百万円）,350010399,　　　その他の固定コンデンサ,2007000303,2007年3月
824,010040000,生産金額（百万円）,350010399,　　　その他の固定コンデンサ,2007000404,2007年4月
754,010040000,生産金額（百万円）,350010399,　　　その他の固定コンデンサ,2007000505,2007年5月
882,010040000,生産金額（百万円）,350010399,　　　その他の固定コンデンサ,2007000606,2007年6月
779,010040000,生産金額（百万円）,350010399,　　　その他の固定コンデンサ,2007000707,2007年7月
783,010040000,生産金額（百万円）,350010399,　　　その他の固定コンデンサ,2007000808,2007年8月
908,010040000,生産金額（百万円）,350010399,　　　その他の固定コンデンサ,2007000909,2007年9月
898,010040000,生産金額（百万円）,350010399,　　　その他の固定コンデンサ,2007001010,2007年10月
878,010040000,生産金額（百万円）,350010399,　　　その他の固定コンデンサ,2007001111,2007年11月
841,010040000,生産金額（百万円）,350010399,　　　その他の固定コンデンサ,2007001212,2007年12月
79472,010040000,生産金額（百万円）,350010500,　　トランス（コイルを含む）,2003000000,2003年
63238,010040000,生産金額（百万円）,350010500,　　トランス（コイルを含む）,2004000000,2004年
53945,010040000,生産金額（百万円）,350010500,　　トランス（コイルを含む）,2005000000,2005年
57477,010040000,生産金額（百万円）,350010500,　　トランス（コイルを含む）,2006000000,2006年
58982,010040000,生産金額（百万円）,350010500,　　トランス（コイルを含む）,2007000000,2007年
54202,010040000,生産金額（百万円）,350010500,　　トランス（コイルを含む）,2005100000,2005年度
58451,010040000,生産金額（百万円）,350010500,　　トランス（コイルを含む）,2006100000,2006年度
14897,010040000,生産金額（百万円）,350010500,　　トランス（コイルを含む）,2007000103,2007年1～3月期
14232,010040000,生産金額（百万円）,350010500,　　トランス（コイルを含む）,2007000406,2007年4～6月期
14557,010040000,生産金額（百万円）,350010500,　　トランス（コイルを含む）,2007000709,2007年7～9月期
15296,010040000,生産金額（百万円）,350010500,　　トランス（コイルを含む）,2007001012,2007年10～12月期
4937,010040000,生産金額（百万円）,350010500,　　トランス（コイルを含む）,2007000101,2007年1月
4776,010040000,生産金額（百万円）,350010500,　　トランス（コイルを含む）,2007000202,2007年2月
5184,010040000,生産金額（百万円）,350010500,　　トランス（コイルを含む）,2007000303,2007年3月
4685,010040000,生産金額（百万円）,350010500,　　トランス（コイルを含む）,2007000404,2007年4月
4757,010040000,生産金額（百万円）,350010500,　　トランス（コイルを含む）,2007000505,2007年5月
4790,010040000,生産金額（百万円）,350010500,　　トランス（コイルを含む）,2007000606,2007年6月
4973,010040000,生産金額（百万円）,350010500,　　トランス（コイルを含む）,2007000707,2007年7月
4796,010040000,生産金額（百万円）,350010500,　　トランス（コイルを含む）,2007000808,2007年8月
4788,010040000,生産金額（百万円）,350010500,　　トランス（コイルを含む）,2007000909,2007年9月
5151,010040000,生産金額（百万円）,350010500,　　トランス（コイルを含む）,2007001010,2007年10月
5211,010040000,生産金額（百万円）,350010500,　　トランス（コイルを含む）,2007001111,2007年11月
4934,010040000,生産金額（百万円）,350010500,　　トランス（コイルを含む）,2007001212,2007年12月
15034,010040000,生産金額（百万円）,350010510,　　　鉄芯トランス,2003000000,2003年
7964,010040000,生産金額（百万円）,350010510,　　　鉄芯トランス,2004000000,2004年
6936,010040000,生産金額（百万円）,350010510,　　　鉄芯トランス,2005000000,2005年
6773,010040000,生産金額（百万円）,350010510,　　　鉄芯トランス,2006000000,2006年
6020,010040000,生産金額（百万円）,350010510,　　　鉄芯トランス,2007000000,2007年
6801,010040000,生産金額（百万円）,350010510,　　　鉄芯トランス,2005100000,2005年度
6613,010040000,生産金額（百万円）,350010510,　　　鉄芯トランス,2006100000,2006年度
1507,010040000,生産金額（百万円）,350010510,　　　鉄芯トランス,2007000103,2007年1～3月期
1399,010040000,生産金額（百万円）,350010510,　　　鉄芯トランス,2007000406,2007年4～6月期
1552,010040000,生産金額（百万円）,350010510,　　　鉄芯トランス,2007000709,2007年7～9月期
1562,010040000,生産金額（百万円）,350010510,　　　鉄芯トランス,2007001012,2007年10～12月期
519,010040000,生産金額（百万円）,350010510,　　　鉄芯トランス,2007000101,2007年1月
480,010040000,生産金額（百万円）,350010510,　　　鉄芯トランス,2007000202,2007年2月
508,010040000,生産金額（百万円）,350010510,　　　鉄芯トランス,2007000303,2007年3月
443,010040000,生産金額（百万円）,350010510,　　　鉄芯トランス,2007000404,2007年4月
476,010040000,生産金額（百万円）,350010510,　　　鉄芯トランス,2007000505,2007年5月
480,010040000,生産金額（百万円）,350010510,　　　鉄芯トランス,2007000606,2007年6月
554,010040000,生産金額（百万円）,350010510,　　　鉄芯トランス,2007000707,2007年7月
524,010040000,生産金額（百万円）,350010510,　　　鉄芯トランス,2007000808,2007年8月
474,010040000,生産金額（百万円）,350010510,　　　鉄芯トランス,2007000909,2007年9月
556,010040000,生産金額（百万円）,350010510,　　　鉄芯トランス,2007001010,2007年10月
531,010040000,生産金額（百万円）,350010510,　　　鉄芯トランス,2007001111,2007年11月
475,010040000,生産金額（百万円）,350010510,　　　鉄芯トランス,2007001212,2007年12月
9578,010040000,生産金額（百万円）,350010520,　　　フェライトコアトランス（高周波電源回路用のもの）,2003000000,2003年
9513,010040000,生産金額（百万円）,350010520,　　　フェライトコアトランス（高周波電源回路用のもの）,2004000000,2004年
8563,010040000,生産金額（百万円）,350010520,　　　フェライトコアトランス（高周波電源回路用のもの）,2005000000,2005年
9406,010040000,生産金額（百万円）,350010520,　　　フェライトコアトランス（高周波電源回路用のもの）,2006000000,2006年
6529,010040000,生産金額（百万円）,350010520,　　　フェライトコアトランス（高周波電源回路用のもの）,2007000000,2007年
8568,010040000,生産金額（百万円）,350010520,　　　フェライトコアトランス（高周波電源回路用のもの）,2005100000,2005年度
9730,010040000,生産金額（百万円）,350010520,　　　フェライトコアトランス（高周波電源回路用のもの）,2006100000,2006年度
2527,010040000,生産金額（百万円）,350010520,　　　フェライトコアトランス（高周波電源回路用のもの）,2007000103,2007年1～3月期
1497,010040000,生産金額（百万円）,350010520,　　　フェライトコアトランス（高周波電源回路用のもの）,2007000406,2007年4～6月期
1296,010040000,生産金額（百万円）,350010520,　　　フェライトコアトランス（高周波電源回路用のもの）,2007000709,2007年7～9月期
1209,010040000,生産金額（百万円）,350010520,　　　フェライトコアトランス（高周波電源回路用のもの）,2007001012,2007年10～12月期
873,010040000,生産金額（百万円）,350010520,　　　フェライトコアトランス（高周波電源回路用のもの）,2007000101,2007年1月
790,010040000,生産金額（百万円）,350010520,　　　フェライトコアトランス（高周波電源回路用のもの）,2007000202,2007年2月
864,010040000,生産金額（百万円）,350010520,　　　フェライトコアトランス（高周波電源回路用のもの）,2007000303,2007年3月
477,010040000,生産金額（百万円）,350010520,　　　フェライトコアトランス（高周波電源回路用のもの）,2007000404,2007年4月
530,010040000,生産金額（百万円）,350010520,　　　フェライトコアトランス（高周波電源回路用のもの）,2007000505,2007年5月
490,010040000,生産金額（百万円）,350010520,　　　フェライトコアトランス（高周波電源回路用のもの）,2007000606,2007年6月
441,010040000,生産金額（百万円）,350010520,　　　フェライトコアトランス（高周波電源回路用のもの）,2007000707,2007年7月
417,010040000,生産金額（百万円）,350010520,　　　フェライトコアトランス（高周波電源回路用のもの）,2007000808,2007年8月
438,010040000,生産金額（百万円）,350010520,　　　フェライトコアトランス（高周波電源回路用のもの）,2007000909,2007年9月
383,010040000,生産金額（百万円）,350010520,　　　フェライトコアトランス（高周波電源回路用のもの）,2007001010,2007年10月
422,010040000,生産金額（百万円）,350010520,　　　フェライトコアトランス（高周波電源回路用のもの）,2007001111,2007年11月
404,010040000,生産金額（百万円）,350010520,　　　フェライトコアトランス（高周波電源回路用のもの）,2007001212,2007年12月
24507,010040000,生産金額（百万円）,350010530,　　　インダクタ,2003000000,2003年
32185,010040000,生産金額（百万円）,350010530,　　　インダクタ,2004000000,2004年
28123,010040000,生産金額（百万円）,350010530,　　　インダクタ,2005000000,2005年
31603,010040000,生産金額（百万円）,350010530,　　　インダクタ,2006000000,2006年
38320,010040000,生産金額（百万円）,350010530,　　　インダクタ,2007000000,2007年
28906,010040000,生産金額（百万円）,350010530,　　　インダクタ,2005100000,2005年度
32617,010040000,生産金額（百万円）,350010530,　　　インダクタ,2006100000,2006年度
8657,010040000,生産金額（百万円）,350010530,　　　インダクタ,2007000103,2007年1～3月期
9583,010040000,生産金額（百万円）,350010530,　　　インダクタ,2007000406,2007年4～6月期
9751,010040000,生産金額（百万円）,350010530,　　　インダクタ,2007000709,2007年7～9月期
10329,010040000,生産金額（百万円）,350010530,　　　インダクタ,2007001012,2007年10～12月期
2792,010040000,生産金額（百万円）,350010530,　　　インダクタ,2007000101,2007年1月
2818,010040000,生産金額（百万円）,350010530,　　　インダクタ,2007000202,2007年2月
3047,010040000,生産金額（百万円）,350010530,　　　インダクタ,2007000303,2007年3月
3201,010040000,生産金額（百万円）,350010530,　　　インダクタ,2007000404,2007年4月
3176,010040000,生産金額（百万円）,350010530,　　　インダクタ,2007000505,2007年5月
3206,010040000,生産金額（百万円）,350010530,　　　インダクタ,2007000606,2007年6月
3232,010040000,生産金額（百万円）,350010530,　　　インダクタ,2007000707,2007年7月
3246,010040000,生産金額（百万円）,350010530,　　　インダクタ,2007000808,2007年8月
3273,010040000,生産金額（百万円）,350010530,　　　インダクタ,2007000909,2007年9月
3482,010040000,生産金額（百万円）,350010530,　　　インダクタ,2007001010,2007年10月
3495,010040000,生産金額（百万円）,350010530,　　　インダクタ,2007001111,2007年11月
3352,010040000,生産金額（百万円）,350010530,　　　インダクタ,2007001212,2007年12月
30353,010040000,生産金額（百万円）,350010599,　　　その他のトランス,2003000000,2003年
13576,010040000,生産金額（百万円）,350010599,　　　その他のトランス,2004000000,2004年
10323,010040000,生産金額（百万円）,350010599,　　　その他のトランス,2005000000,2005年
9695,010040000,生産金額（百万円）,350010599,　　　その他のトランス,2006000000,2006年
8113,010040000,生産金額（百万円）,350010599,　　　その他のトランス,2007000000,2007年
9927,010040000,生産金額（百万円）,350010599,　　　その他のトランス,2005100000,2005年度
9491,010040000,生産金額（百万円）,350010599,　　　その他のトランス,2006100000,2006年度
2206,010040000,生産金額（百万円）,350010599,　　　その他のトランス,2007000103,2007年1～3月期
1753,010040000,生産金額（百万円）,350010599,　　　その他のトランス,2007000406,2007年4～6月期
1958,010040000,生産金額（百万円）,350010599,　　　その他のトランス,2007000709,2007年7～9月期
2196,010040000,生産金額（百万円）,350010599,　　　その他のトランス,2007001012,2007年10～12月期
753,010040000,生産金額（百万円）,350010599,　　　その他のトランス,2007000101,2007年1月
688,010040000,生産金額（百万円）,350010599,　　　その他のトランス,2007000202,2007年2月
765,010040000,生産金額（百万円）,350010599,　　　その他のトランス,2007000303,2007年3月
564,010040000,生産金額（百万円）,350010599,　　　その他のトランス,2007000404,2007年4月
575,010040000,生産金額（百万円）,350010599,　　　その他のトランス,2007000505,2007年5月
614,010040000,生産金額（百万円）,350010599,　　　その他のトランス,2007000606,2007年6月
746,010040000,生産金額（百万円）,350010599,　　　その他のトランス,2007000707,2007年7月
609,010040000,生産金額（百万円）,350010599,　　　その他のトランス,2007000808,2007年8月
603,010040000,生産金額（百万円）,350010599,　　　その他のトランス,2007000909,2007年9月
730,010040000,生産金額（百万円）,350010599,　　　その他のトランス,2007001010,2007年10月
763,010040000,生産金額（百万円）,350010599,　　　その他のトランス,2007001111,2007年11月
703,010040000,生産金額（百万円）,350010599,　　　その他のトランス,2007001212,2007年12月
166446,010040000,生産金額（百万円）,350010700,　　機能部品,2003000000,2003年
188968,010040000,生産金額（百万円）,350010700,　　機能部品,2004000000,2004年
223183,010040000,生産金額（百万円）,350010700,　　機能部品,2005000000,2005年
268159,010040000,生産金額（百万円）,350010700,　　機能部品,2006000000,2006年
286998,010040000,生産金額（百万円）,350010700,　　機能部品,2007000000,2007年
239485,010040000,生産金額（百万円）,350010700,　　機能部品,2005100000,2005年度
274256,010040000,生産金額（百万円）,350010700,　　機能部品,2006100000,2006年度
69182,010040000,生産金額（百万円）,350010700,　　機能部品,2007000103,2007年1～3月期
68021,010040000,生産金額（百万円）,350010700,　　機能部品,2007000406,2007年4～6月期
71196,010040000,生産金額（百万円）,350010700,　　機能部品,2007000709,2007年7～9月期
78599,010040000,生産金額（百万円）,350010700,　　機能部品,2007001012,2007年10～12月期
23105,010040000,生産金額（百万円）,350010700,　　機能部品,2007000101,2007年1月
22134,010040000,生産金額（百万円）,350010700,　　機能部品,2007000202,2007年2月
23943,010040000,生産金額（百万円）,350010700,　　機能部品,2007000303,2007年3月
24307,010040000,生産金額（百万円）,350010700,　　機能部品,2007000404,2007年4月
21350,010040000,生産金額（百万円）,350010700,　　機能部品,2007000505,2007年5月
22364,010040000,生産金額（百万円）,350010700,　　機能部品,2007000606,2007年6月
23810,010040000,生産金額（百万円）,350010700,　　機能部品,2007000707,2007年7月
23282,010040000,生産金額（百万円）,350010700,　　機能部品,2007000808,2007年8月
24104,010040000,生産金額（百万円）,350010700,　　機能部品,2007000909,2007年9月
26772,010040000,生産金額（百万円）,350010700,　　機能部品,2007001010,2007年10月
26821,010040000,生産金額（百万円）,350010700,　　機能部品,2007001111,2007年11月
25006,010040000,生産金額（百万円）,350010700,　　機能部品,2007001212,2007年12月
45856,010040000,生産金額（百万円）,350010710,　　　水晶振動子,2003000000,2003年
50137,010040000,生産金額（百万円）,350010710,　　　水晶振動子,2004000000,2004年
62066,010040000,生産金額（百万円）,350010710,　　　水晶振動子,2005000000,2005年
71911,010040000,生産金額（百万円）,350010710,　　　水晶振動子,2006000000,2006年
84198,010040000,生産金額（百万円）,350010710,　　　水晶振動子,2007000000,2007年
64032,010040000,生産金額（百万円）,350010710,　　　水晶振動子,2005100000,2005年度
74556,010040000,生産金額（百万円）,350010710,　　　水晶振動子,2006100000,2006年度
19746,010040000,生産金額（百万円）,350010710,　　　水晶振動子,2007000103,2007年1～3月期
20486,010040000,生産金額（百万円）,350010710,　　　水晶振動子,2007000406,2007年4～6月期
21041,010040000,生産金額（百万円）,350010710,　　　水晶振動子,2007000709,2007年7～9月期
22925,010040000,生産金額（百万円）,350010710,　　　水晶振動子,2007001012,2007年10～12月期
6339,010040000,生産金額（百万円）,350010710,　　　水晶振動子,2007000101,2007年1月
6455,010040000,生産金額（百万円）,350010710,　　　水晶振動子,2007000202,2007年2月
6952,010040000,生産金額（百万円）,350010710,　　　水晶振動子,2007000303,2007年3月
6871,010040000,生産金額（百万円）,350010710,　　　水晶振動子,2007000404,2007年4月
6553,010040000,生産金額（百万円）,350010710,　　　水晶振動子,2007000505,2007年5月
7062,010040000,生産金額（百万円）,350010710,　　　水晶振動子,2007000606,2007年6月
6995,010040000,生産金額（百万円）,350010710,　　　水晶振動子,2007000707,2007年7月
6912,010040000,生産金額（百万円）,350010710,　　　水晶振動子,2007000808,2007年8月
7134,010040000,生産金額（百万円）,350010710,　　　水晶振動子,2007000909,2007年9月
7774,010040000,生産金額（百万円）,350010710,　　　水晶振動子,2007001010,2007年10月
7740,010040000,生産金額（百万円）,350010710,　　　水晶振動子,2007001111,2007年11月
7411,010040000,生産金額（百万円）,350010710,　　　水晶振動子,2007001212,2007年12月
46899,010040000,生産金額（百万円）,350010720,　　　フィルタ,2003000000,2003年
57578,010040000,生産金額（百万円）,350010720,　　　フィルタ,2004000000,2004年
55497,010040000,生産金額（百万円）,350010720,　　　フィルタ,2005000000,2005年
62160,010040000,生産金額（百万円）,350010720,　　　フィルタ,2006000000,2006年
74787,010040000,生産金額（百万円）,350010720,　　　フィルタ,2007000000,2007年
57774,010040000,生産金額（百万円）,350010720,　　　フィルタ,2005100000,2005年度
65636,010040000,生産金額（百万円）,350010720,　　　フィルタ,2006100000,2006年度
17647,010040000,生産金額（百万円）,350010720,　　　フィルタ,2007000103,2007年1～3月期
17159,010040000,生産金額（百万円）,350010720,　　　フィルタ,2007000406,2007年4～6月期
18964,010040000,生産金額（百万円）,350010720,　　　フィルタ,2007000709,2007年7～9月期
21017,010040000,生産金額（百万円）,350010720,　　　フィルタ,2007001012,2007年10～12月期
5945,010040000,生産金額（百万円）,350010720,　　　フィルタ,2007000101,2007年1月
5546,010040000,生産金額（百万円）,350010720,　　　フィルタ,2007000202,2007年2月
6156,010040000,生産金額（百万円）,350010720,　　　フィルタ,2007000303,2007年3月
6175,010040000,生産金額（百万円）,350010720,　　　フィルタ,2007000404,2007年4月
5304,010040000,生産金額（百万円）,350010720,　　　フィルタ,2007000505,2007年5月
5680,010040000,生産金額（百万円）,350010720,　　　フィルタ,2007000606,2007年6月
6263,010040000,生産金額（百万円）,350010720,　　　フィルタ,2007000707,2007年7月
6228,010040000,生産金額（百万円）,350010720,　　　フィルタ,2007000808,2007年8月
6473,010040000,生産金額（百万円）,350010720,　　　フィルタ,2007000909,2007年9月
7425,010040000,生産金額（百万円）,350010720,　　　フィルタ,2007001010,2007年10月
6985,010040000,生産金額（百万円）,350010720,　　　フィルタ,2007001111,2007年11月
6607,010040000,生産金額（百万円）,350010720,　　　フィルタ,2007001212,2007年12月
73691,010040000,生産金額（百万円）,350010730,　　　複合部品,2003000000,2003年
81253,010040000,生産金額（百万円）,350010730,　　　複合部品,2004000000,2004年
105620,010040000,生産金額（百万円）,350010730,　　　複合部品,2005000000,2005年
134088,010040000,生産金額（百万円）,350010730,　　　複合部品,2006000000,2006年
128013,010040000,生産金額（百万円）,350010730,　　　複合部品,2007000000,2007年
117679,010040000,生産金額（百万円）,350010730,　　　複合部品,2005100000,2005年度
134064,010040000,生産金額（百万円）,350010730,　　　複合部品,2006100000,2006年度
31789,010040000,生産金額（百万円）,350010730,　　　複合部品,2007000103,2007年1～3月期
30376,010040000,生産金額（百万円）,350010730,　　　複合部品,2007000406,2007年4～6月期
31191,010040000,生産金額（百万円）,350010730,　　　複合部品,2007000709,2007年7～9月期
34657,010040000,生産金額（百万円）,350010730,　　　複合部品,2007001012,2007年10～12月期
10821,010040000,生産金額（百万円）,350010730,　　　複合部品,2007000101,2007年1月
10133,010040000,生産金額（百万円）,350010730,　　　複合部品,2007000202,2007年2月
10835,010040000,生産金額（百万円）,350010730,　　　複合部品,2007000303,2007年3月
11261,010040000,生産金額（百万円）,350010730,　　　複合部品,2007000404,2007年4月
9493,010040000,生産金額（百万円）,350010730,　　　複合部品,2007000505,2007年5月
9622,010040000,生産金額（百万円）,350010730,　　　複合部品,2007000606,2007年6月
10552,010040000,生産金額（百万円）,350010730,　　　複合部品,2007000707,2007年7月
10142,010040000,生産金額（百万円）,350010730,　　　複合部品,2007000808,2007年8月
10497,010040000,生産金額（百万円）,350010730,　　　複合部品,2007000909,2007年9月
11573,010040000,生産金額（百万円）,350010730,　　　複合部品,2007001010,2007年10月
12096,010040000,生産金額（百万円）,350010730,　　　複合部品,2007001111,2007年11月
10988,010040000,生産金額（百万円）,350010730,　　　複合部品,2007001212,2007年12月
555087,010040000,生産金額（百万円）,350020000,　接続部品,2003000000,2003年
531023,010040000,生産金額（百万円）,350020000,　接続部品,2004000000,2004年
561347,010040000,生産金額（百万円）,350020000,　接続部品,2005000000,2005年
652067,010040000,生産金額（百万円）,350020000,　接続部品,2006000000,2006年
671861,010040000,生産金額（百万円）,350020000,　接続部品,2007000000,2007年
586214,010040000,生産金額（百万円）,350020000,　接続部品,2005100000,2005年度
650122,010040000,生産金額（百万円）,350020000,　接続部品,2006100000,2006年度
152450,010040000,生産金額（百万円）,350020000,　接続部品,2007000103,2007年1～3月期
164723,010040000,生産金額（百万円）,350020000,　接続部品,2007000406,2007年4～6月期
166934,010040000,生産金額（百万円）,350020000,　接続部品,2007000709,2007年7～9月期
187754,010040000,生産金額（百万円）,350020000,　接続部品,2007001012,2007年10～12月期
50529,010040000,生産金額（百万円）,350020000,　接続部品,2007000101,2007年1月
49530,010040000,生産金額（百万円）,350020000,　接続部品,2007000202,2007年2月
52391,010040000,生産金額（百万円）,350020000,　接続部品,2007000303,2007年3月
54912,010040000,生産金額（百万円）,350020000,　接続部品,2007000404,2007年4月
55658,010040000,生産金額（百万円）,350020000,　接続部品,2007000505,2007年5月
54153,010040000,生産金額（百万円）,350020000,　接続部品,2007000606,2007年6月
56232,010040000,生産金額（百万円）,350020000,　接続部品,2007000707,2007年7月
53056,010040000,生産金額（百万円）,350020000,　接続部品,2007000808,2007年8月
57646,010040000,生産金額（百万円）,350020000,　接続部品,2007000909,2007年9月
64468,010040000,生産金額（百万円）,350020000,　接続部品,2007001010,2007年10月
64113,010040000,生産金額（百万円）,350020000,　接続部品,2007001111,2007年11月
59173,010040000,生産金額（百万円）,350020000,　接続部品,2007001212,2007年12月
90186,010040000,生産金額（百万円）,350020100,　　スイッチ(通信･電子装置用に限る),2003000000,2003年
83454,010040000,生産金額（百万円）,350020100,　　スイッチ(通信･電子装置用に限る),2004000000,2004年
81061,010040000,生産金額（百万円）,350020100,　　スイッチ(通信･電子装置用に限る),2005000000,2005年
96307,010040000,生産金額（百万円）,350020100,　　スイッチ(通信･電子装置用に限る),2006000000,2006年
105119,010040000,生産金額（百万円）,350020100,　　スイッチ(通信･電子装置用に限る),2007000000,2007年
82579,010040000,生産金額（百万円）,350020100,　　スイッチ(通信･電子装置用に限る),2005100000,2005年度
98589,010040000,生産金額（百万円）,350020100,　　スイッチ(通信･電子装置用に限る),2006100000,2006年度
23233,010040000,生産金額（百万円）,350020100,　　スイッチ(通信･電子装置用に限る),2007000103,2007年1～3月期
26021,010040000,生産金額（百万円）,350020100,　　スイッチ(通信･電子装置用に限る),2007000406,2007年4～6月期
27277,010040000,生産金額（百万円）,350020100,　　スイッチ(通信･電子装置用に限る),2007000709,2007年7～9月期
28588,010040000,生産金額（百万円）,350020100,　　スイッチ(通信･電子装置用に限る),2007001012,2007年10～12月期
7293,010040000,生産金額（百万円）,350020100,　　スイッチ(通信･電子装置用に限る),2007000101,2007年1月
7707,010040000,生産金額（百万円）,350020100,　　スイッチ(通信･電子装置用に限る),2007000202,2007年2月
8233,010040000,生産金額（百万円）,350020100,　　スイッチ(通信･電子装置用に限る),2007000303,2007年3月
8673,010040000,生産金額（百万円）,350020100,　　スイッチ(通信･電子装置用に限る),2007000404,2007年4月
8353,010040000,生産金額（百万円）,350020100,　　スイッチ(通信･電子装置用に限る),2007000505,2007年5月
8995,010040000,生産金額（百万円）,350020100,　　スイッチ(通信･電子装置用に限る),2007000606,2007年6月
9331,010040000,生産金額（百万円）,350020100,　　スイッチ(通信･電子装置用に限る),2007000707,2007年7月
8733,010040000,生産金額（百万円）,350020100,　　スイッチ(通信･電子装置用に限る),2007000808,2007年8月
9213,010040000,生産金額（百万円）,350020100,　　スイッチ(通信･電子装置用に限る),2007000909,2007年9月
9744,010040000,生産金額（百万円）,350020100,　　スイッチ(通信･電子装置用に限る),2007001010,2007年10月
9702,010040000,生産金額（百万円）,350020100,　　スイッチ(通信･電子装置用に限る),2007001111,2007年11月
9142,010040000,生産金額（百万円）,350020100,　　スイッチ(通信･電子装置用に限る),2007001212,2007年12月
14184,010040000,生産金額（百万円）,350020110,　　　キーボードスイッチ,2003000000,2003年
12067,010040000,生産金額（百万円）,350020110,　　　キーボードスイッチ,2004000000,2004年
9311,010040000,生産金額（百万円）,350020110,　　　キーボードスイッチ,2005000000,2005年
10490,010040000,生産金額（百万円）,350020110,　　　キーボードスイッチ,2006000000,2006年
8611,010040000,生産金額（百万円）,350020110,　　　キーボードスイッチ,2007000000,2007年
8644,010040000,生産金額（百万円）,350020110,　　　キーボードスイッチ,2005100000,2005年度
10776,010040000,生産金額（百万円）,350020110,　　　キーボードスイッチ,2006100000,2006年度
2185,010040000,生産金額（百万円）,350020110,　　　キーボードスイッチ,2007000103,2007年1～3月期
2071,010040000,生産金額（百万円）,350020110,　　　キーボードスイッチ,2007000406,2007年4～6月期
2153,010040000,生産金額（百万円）,350020110,　　　キーボードスイッチ,2007000709,2007年7～9月期
2202,010040000,生産金額（百万円）,350020110,　　　キーボードスイッチ,2007001012,2007年10～12月期
652,010040000,生産金額（百万円）,350020110,　　　キーボードスイッチ,2007000101,2007年1月
668,010040000,生産金額（百万円）,350020110,　　　キーボードスイッチ,2007000202,2007年2月
865,010040000,生産金額（百万円）,350020110,　　　キーボードスイッチ,2007000303,2007年3月
752,010040000,生産金額（百万円）,350020110,　　　キーボードスイッチ,2007000404,2007年4月
594,010040000,生産金額（百万円）,350020110,　　　キーボードスイッチ,2007000505,2007年5月
725,010040000,生産金額（百万円）,350020110,　　　キーボードスイッチ,2007000606,2007年6月
738,010040000,生産金額（百万円）,350020110,　　　キーボードスイッチ,2007000707,2007年7月
657,010040000,生産金額（百万円）,350020110,　　　キーボードスイッチ,2007000808,2007年8月
758,010040000,生産金額（百万円）,350020110,　　　キーボードスイッチ,2007000909,2007年9月
767,010040000,生産金額（百万円）,350020110,　　　キーボードスイッチ,2007001010,2007年10月
754,010040000,生産金額（百万円）,350020110,　　　キーボードスイッチ,2007001111,2007年11月
681,010040000,生産金額（百万円）,350020110,　　　キーボードスイッチ,2007001212,2007年12月
76002,010040000,生産金額（百万円）,350020199,　　　その他のスイッチ,2003000000,2003年
71387,010040000,生産金額（百万円）,350020199,　　　その他のスイッチ,2004000000,2004年
71750,010040000,生産金額（百万円）,350020199,　　　その他のスイッチ,2005000000,2005年
85817,010040000,生産金額（百万円）,350020199,　　　その他のスイッチ,2006000000,2006年
96508,010040000,生産金額（百万円）,350020199,　　　その他のスイッチ,2007000000,2007年
73935,010040000,生産金額（百万円）,350020199,　　　その他のスイッチ,2005100000,2005年度
87813,010040000,生産金額（百万円）,350020199,　　　その他のスイッチ,2006100000,2006年度
21048,010040000,生産金額（百万円）,350020199,　　　その他のスイッチ,2007000103,2007年1～3月期
23950,010040000,生産金額（百万円）,350020199,　　　その他のスイッチ,2007000406,2007年4～6月期
25124,010040000,生産金額（百万円）,350020199,　　　その他のスイッチ,2007000709,2007年7～9月期
26386,010040000,生産金額（百万円）,350020199,　　　その他のスイッチ,2007001012,2007年10～12月期
6641,010040000,生産金額（百万円）,350020199,　　　その他のスイッチ,2007000101,2007年1月
7039,010040000,生産金額（百万円）,350020199,　　　その他のスイッチ,2007000202,2007年2月
7368,010040000,生産金額（百万円）,350020199,　　　その他のスイッチ,2007000303,2007年3月
7921,010040000,生産金額（百万円）,350020199,　　　その他のスイッチ,2007000404,2007年4月
7759,010040000,生産金額（百万円）,350020199,　　　その他のスイッチ,2007000505,2007年5月
8270,010040000,生産金額（百万円）,350020199,　　　その他のスイッチ,2007000606,2007年6月
8593,010040000,生産金額（百万円）,350020199,　　　その他のスイッチ,2007000707,2007年7月
8076,010040000,生産金額（百万円）,350020199,　　　その他のスイッチ,2007000808,2007年8月
8455,010040000,生産金額（百万円）,350020199,　　　その他のスイッチ,2007000909,2007年9月
8977,010040000,生産金額（百万円）,350020199,　　　その他のスイッチ,2007001010,2007年10月
8948,010040000,生産金額（百万円）,350020199,　　　その他のスイッチ,2007001111,2007年11月
8461,010040000,生産金額（百万円）,350020199,　　　その他のスイッチ,2007001212,2007年12月
448750,010040000,生産金額（百万円）,350020300,　　コネクタ,2003000000,2003年
429970,010040000,生産金額（百万円）,350020300,　　コネクタ,2004000000,2004年
463040,010040000,生産金額（百万円）,350020300,　　コネクタ,2005000000,2005年
536899,010040000,生産金額（百万円）,350020300,　　コネクタ,2006000000,2006年
547349,010040000,生産金額（百万円）,350020300,　　コネクタ,2007000000,2007年
486049,010040000,生産金額（百万円）,350020300,　　コネクタ,2005100000,2005年度
532444,010040000,生産金額（百万円）,350020300,　　コネクタ,2006100000,2006年度
124359,010040000,生産金額（百万円）,350020300,　　コネクタ,2007000103,2007年1～3月期
133853,010040000,生産金額（百万円）,350020300,　　コネクタ,2007000406,2007年4～6月期
134931,010040000,生産金額（百万円）,350020300,　　コネクタ,2007000709,2007年7～9月期
154206,010040000,生産金額（百万円）,350020300,　　コネクタ,2007001012,2007年10～12月期
41628,010040000,生産金額（百万円）,350020300,　　コネクタ,2007000101,2007年1月
40316,010040000,生産金額（百万円）,350020300,　　コネクタ,2007000202,2007年2月
42415,010040000,生産金額（百万円）,350020300,　　コネクタ,2007000303,2007年3月
44631,010040000,生産金額（百万円）,350020300,　　コネクタ,2007000404,2007年4月
45710,010040000,生産金額（百万円）,350020300,　　コネクタ,2007000505,2007年5月
43512,010040000,生産金額（百万円）,350020300,　　コネクタ,2007000606,2007年6月
45236,010040000,生産金額（百万円）,350020300,　　コネクタ,2007000707,2007年7月
42827,010040000,生産金額（百万円）,350020300,　　コネクタ,2007000808,2007年8月
46868,010040000,生産金額（百万円）,350020300,　　コネクタ,2007000909,2007年9月
53106,010040000,生産金額（百万円）,350020300,　　コネクタ,2007001010,2007年10月
52730,010040000,生産金額（百万円）,350020300,　　コネクタ,2007001111,2007年11月
48370,010040000,生産金額（百万円）,350020300,　　コネクタ,2007001212,2007年12月
25911,010040000,生産金額（百万円）,350020310,　　　同軸コネクタ,2003000000,2003年
22236,010040000,生産金額（百万円）,350020310,　　　同軸コネクタ,2004000000,2004年
21329,010040000,生産金額（百万円）,350020310,　　　同軸コネクタ,2005000000,2005年
26214,010040000,生産金額（百万円）,350020310,　　　同軸コネクタ,2006000000,2006年
29344,010040000,生産金額（百万円）,350020310,　　　同軸コネクタ,2007000000,2007年
22777,010040000,生産金額（百万円）,350020310,　　　同軸コネクタ,2005100000,2005年度
26115,010040000,生産金額（百万円）,350020310,　　　同軸コネクタ,2006100000,2006年度
6358,010040000,生産金額（百万円）,350020310,　　　同軸コネクタ,2007000103,2007年1～3月期
6899,010040000,生産金額（百万円）,350020310,　　　同軸コネクタ,2007000406,2007年4～6月期
7740,010040000,生産金額（百万円）,350020310,　　　同軸コネクタ,2007000709,2007年7～9月期
8347,010040000,生産金額（百万円）,350020310,　　　同軸コネクタ,2007001012,2007年10～12月期
2135,010040000,生産金額（百万円）,350020310,　　　同軸コネクタ,2007000101,2007年1月
2003,010040000,生産金額（百万円）,350020310,　　　同軸コネクタ,2007000202,2007年2月
2220,010040000,生産金額（百万円）,350020310,　　　同軸コネクタ,2007000303,2007年3月
2094,010040000,生産金額（百万円）,350020310,　　　同軸コネクタ,2007000404,2007年4月
2327,010040000,生産金額（百万円）,350020310,　　　同軸コネクタ,2007000505,2007年5月
2478,010040000,生産金額（百万円）,350020310,　　　同軸コネクタ,2007000606,2007年6月
2664,010040000,生産金額（百万円）,350020310,　　　同軸コネクタ,2007000707,2007年7月
2453,010040000,生産金額（百万円）,350020310,　　　同軸コネクタ,2007000808,2007年8月
2623,010040000,生産金額（百万円）,350020310,　　　同軸コネクタ,2007000909,2007年9月
2789,010040000,生産金額（百万円）,350020310,　　　同軸コネクタ,2007001010,2007年10月
2732,010040000,生産金額（百万円）,350020310,　　　同軸コネクタ,2007001111,2007年11月
2826,010040000,生産金額（百万円）,350020310,　　　同軸コネクタ,2007001212,2007年12月
223845,010040000,生産金額（百万円）,350020320,　　　プリント基板用コネクタ,2003000000,2003年
270971,010040000,生産金額（百万円）,350020320,　　　プリント基板用コネクタ,2004000000,2004年
321947,010040000,生産金額（百万円）,350020320,　　　プリント基板用コネクタ,2005000000,2005年
383634,010040000,生産金額（百万円）,350020320,　　　プリント基板用コネクタ,2006000000,2006年
386225,010040000,生産金額（百万円）,350020320,　　　プリント基板用コネクタ,2007000000,2007年
343973,010040000,生産金額（百万円）,350020320,　　　プリント基板用コネクタ,2005100000,2005年度
378228,010040000,生産金額（百万円）,350020320,　　　プリント基板用コネクタ,2006100000,2006年度
87104,010040000,生産金額（百万円）,350020320,　　　プリント基板用コネクタ,2007000103,2007年1～3月期
94681,010040000,生産金額（百万円）,350020320,　　　プリント基板用コネクタ,2007000406,2007年4～6月期
93734,010040000,生産金額（百万円）,350020320,　　　プリント基板用コネクタ,2007000709,2007年7～9月期
110706,010040000,生産金額（百万円）,350020320,　　　プリント基板用コネクタ,2007001012,2007年10～12月期
29485,010040000,生産金額（百万円）,350020320,　　　プリント基板用コネクタ,2007000101,2007年1月
28347,010040000,生産金額（百万円）,350020320,　　　プリント基板用コネクタ,2007000202,2007年2月
29272,010040000,生産金額（百万円）,350020320,　　　プリント基板用コネクタ,2007000303,2007年3月
32117,010040000,生産金額（百万円）,350020320,　　　プリント基板用コネクタ,2007000404,2007年4月
32634,010040000,生産金額（百万円）,350020320,　　　プリント基板用コネクタ,2007000505,2007年5月
29930,010040000,生産金額（百万円）,350020320,　　　プリント基板用コネクタ,2007000606,2007年6月
30943,010040000,生産金額（百万円）,350020320,　　　プリント基板用コネクタ,2007000707,2007年7月
29716,010040000,生産金額（百万円）,350020320,　　　プリント基板用コネクタ,2007000808,2007年8月
33075,010040000,生産金額（百万円）,350020320,　　　プリント基板用コネクタ,2007000909,2007年9月
38095,010040000,生産金額（百万円）,350020320,　　　プリント基板用コネクタ,2007001010,2007年10月
38009,010040000,生産金額（百万円）,350020320,　　　プリント基板用コネクタ,2007001111,2007年11月
34602,010040000,生産金額（百万円）,350020320,　　　プリント基板用コネクタ,2007001212,2007年12月
6558,010040000,生産金額（百万円）,350020330,　　　光コネクタ,2003000000,2003年
6248,010040000,生産金額（百万円）,350020330,　　　光コネクタ,2004000000,2004年
6381,010040000,生産金額（百万円）,350020330,　　　光コネクタ,2005000000,2005年
6497,010040000,生産金額（百万円）,350020330,　　　光コネクタ,2006000000,2006年
6408,010040000,生産金額（百万円）,350020330,　　　光コネクタ,2007000000,2007年
6267,010040000,生産金額（百万円）,350020330,　　　光コネクタ,2005100000,2005年度
6435,010040000,生産金額（百万円）,350020330,　　　光コネクタ,2006100000,2006年度
1598,010040000,生産金額（百万円）,350020330,　　　光コネクタ,2007000103,2007年1～3月期
1567,010040000,生産金額（百万円）,350020330,　　　光コネクタ,2007000406,2007年4～6月期
1635,010040000,生産金額（百万円）,350020330,　　　光コネクタ,2007000709,2007年7～9月期
1608,010040000,生産金額（百万円）,350020330,　　　光コネクタ,2007001012,2007年10～12月期
498,010040000,生産金額（百万円）,350020330,　　　光コネクタ,2007000101,2007年1月
539,010040000,生産金額（百万円）,350020330,　　　光コネクタ,2007000202,2007年2月
561,010040000,生産金額（百万円）,350020330,　　　光コネクタ,2007000303,2007年3月
497,010040000,生産金額（百万円）,350020330,　　　光コネクタ,2007000404,2007年4月
514,010040000,生産金額（百万円）,350020330,　　　光コネクタ,2007000505,2007年5月
556,010040000,生産金額（百万円）,350020330,　　　光コネクタ,2007000606,2007年6月
594,010040000,生産金額（百万円）,350020330,　　　光コネクタ,2007000707,2007年7月
560,010040000,生産金額（百万円）,350020330,　　　光コネクタ,2007000808,2007年8月
481,010040000,生産金額（百万円）,350020330,　　　光コネクタ,2007000909,2007年9月
551,010040000,生産金額（百万円）,350020330,　　　光コネクタ,2007001010,2007年10月
547,010040000,生産金額（百万円）,350020330,　　　光コネクタ,2007001111,2007年11月
510,010040000,生産金額（百万円）,350020330,　　　光コネクタ,2007001212,2007年12月
15442,010040000,生産金額（百万円）,350020340,　　　丸形コネクタ,2003000000,2003年
17487,010040000,生産金額（百万円）,350020340,　　　丸形コネクタ,2004000000,2004年
18230,010040000,生産金額（百万円）,350020340,　　　丸形コネクタ,2005000000,2005年
21593,010040000,生産金額（百万円）,350020340,　　　丸形コネクタ,2006000000,2006年
20197,010040000,生産金額（百万円）,350020340,　　　丸形コネクタ,2007000000,2007年
19933,010040000,生産金額（百万円）,350020340,　　　丸形コネクタ,2005100000,2005年度
20613,010040000,生産金額（百万円）,350020340,　　　丸形コネクタ,2006100000,2006年度
4675,010040000,生産金額（百万円）,350020340,　　　丸形コネクタ,2007000103,2007年1～3月期
5117,010040000,生産金額（百万円）,350020340,　　　丸形コネクタ,2007000406,2007年4～6月期
5042,010040000,生産金額（百万円）,350020340,　　　丸形コネクタ,2007000709,2007年7～9月期
5363,010040000,生産金額（百万円）,350020340,　　　丸形コネクタ,2007001012,2007年10～12月期
1514,010040000,生産金額（百万円）,350020340,　　　丸形コネクタ,2007000101,2007年1月
1509,010040000,生産金額（百万円）,350020340,　　　丸形コネクタ,2007000202,2007年2月
1652,010040000,生産金額（百万円）,350020340,　　　丸形コネクタ,2007000303,2007年3月
1527,010040000,生産金額（百万円）,350020340,　　　丸形コネクタ,2007000404,2007年4月
1699,010040000,生産金額（百万円）,350020340,　　　丸形コネクタ,2007000505,2007年5月
1891,010040000,生産金額（百万円）,350020340,　　　丸形コネクタ,2007000606,2007年6月
1798,010040000,生産金額（百万円）,350020340,　　　丸形コネクタ,2007000707,2007年7月
1617,010040000,生産金額（百万円）,350020340,　　　丸形コネクタ,2007000808,2007年8月
1627,010040000,生産金額（百万円）,350020340,　　　丸形コネクタ,2007000909,2007年9月
1801,010040000,生産金額（百万円）,350020340,　　　丸形コネクタ,2007001010,2007年10月
1857,010040000,生産金額（百万円）,350020340,　　　丸形コネクタ,2007001111,2007年11月
1705,010040000,生産金額（百万円）,350020340,　　　丸形コネクタ,2007001212,2007年12月
29020,010040000,生産金額（百万円）,350020350,　　　角形コネクタ,2003000000,2003年
33496,010040000,生産金額（百万円）,350020350,　　　角形コネクタ,2004000000,2004年
38275,010040000,生産金額（百万円）,350020350,　　　角形コネクタ,2005000000,2005年
41467,010040000,生産金額（百万円）,350020350,　　　角形コネクタ,2006000000,2006年
41507,010040000,生産金額（百万円）,350020350,　　　角形コネクタ,2007000000,2007年
38993,010040000,生産金額（百万円）,350020350,　　　角形コネクタ,2005100000,2005年度
41732,010040000,生産金額（百万円）,350020350,　　　角形コネクタ,2006100000,2006年度
10075,010040000,生産金額（百万円）,350020350,　　　角形コネクタ,2007000103,2007年1～3月期
10260,010040000,生産金額（百万円）,350020350,　　　角形コネクタ,2007000406,2007年4～6月期
10456,010040000,生産金額（百万円）,350020350,　　　角形コネクタ,2007000709,2007年7～9月期
10716,010040000,生産金額（百万円）,350020350,　　　角形コネクタ,2007001012,2007年10～12月期
3334,010040000,生産金額（百万円）,350020350,　　　角形コネクタ,2007000101,2007年1月
3183,010040000,生産金額（百万円）,350020350,　　　角形コネクタ,2007000202,2007年2月
3558,010040000,生産金額（百万円）,350020350,　　　角形コネクタ,2007000303,2007年3月
3413,010040000,生産金額（百万円）,350020350,　　　角形コネクタ,2007000404,2007年4月
3377,010040000,生産金額（百万円）,350020350,　　　角形コネクタ,2007000505,2007年5月
3470,010040000,生産金額（百万円）,350020350,　　　角形コネクタ,2007000606,2007年6月
3634,010040000,生産金額（百万円）,350020350,　　　角形コネクタ,2007000707,2007年7月
3245,010040000,生産金額（百万円）,350020350,　　　角形コネクタ,2007000808,2007年8月
3577,010040000,生産金額（百万円）,350020350,　　　角形コネクタ,2007000909,2007年9月
3629,010040000,生産金額（百万円）,350020350,　　　角形コネクタ,2007001010,2007年10月
3645,010040000,生産金額（百万円）,350020350,　　　角形コネクタ,2007001111,2007年11月
3442,010040000,生産金額（百万円）,350020350,　　　角形コネクタ,2007001212,2007年12月
147974,010040000,生産金額（百万円）,350020399,　　　その他のコネクタ,2003000000,2003年
79532,010040000,生産金額（百万円）,350020399,　　　その他のコネクタ,2004000000,2004年
56878,010040000,生産金額（百万円）,350020399,　　　その他のコネクタ,2005000000,2005年
57494,010040000,生産金額（百万円）,350020399,　　　その他のコネクタ,2006000000,2006年
63668,010040000,生産金額（百万円）,350020399,　　　その他のコネクタ,2007000000,2007年
54106,010040000,生産金額（百万円）,350020399,　　　その他のコネクタ,2005100000,2005年度
59321,010040000,生産金額（百万円）,350020399,　　　その他のコネクタ,2006100000,2006年度
14549,010040000,生産金額（百万円）,350020399,　　　その他のコネクタ,2007000103,2007年1～3月期
15329,010040000,生産金額（百万円）,350020399,　　　その他のコネクタ,2007000406,2007年4～6月期
16324,010040000,生産金額（百万円）,350020399,　　　その他のコネクタ,2007000709,2007年7～9月期
17466,010040000,生産金額（百万円）,350020399,　　　その他のコネクタ,2007001012,2007年10～12月期
4662,010040000,生産金額（百万円）,350020399,　　　その他のコネクタ,2007000101,2007年1月
4735,010040000,生産金額（百万円）,350020399,　　　その他のコネクタ,2007000202,2007年2月
5152,010040000,生産金額（百万円）,350020399,　　　その他のコネクタ,2007000303,2007年3月
4983,010040000,生産金額（百万円）,350020399,　　　その他のコネクタ,2007000404,2007年4月
5159,010040000,生産金額（百万円）,350020399,　　　その他のコネクタ,2007000505,2007年5月
5187,010040000,生産金額（百万円）,350020399,　　　その他のコネクタ,2007000606,2007年6月
5603,010040000,生産金額（百万円）,350020399,　　　その他のコネクタ,2007000707,2007年7月
5236,010040000,生産金額（百万円）,350020399,　　　その他のコネクタ,2007000808,2007年8月
5485,010040000,生産金額（百万円）,350020399,　　　その他のコネクタ,2007000909,2007年9月
6241,010040000,生産金額（百万円）,350020399,　　　その他のコネクタ,2007001010,2007年10月
5940,010040000,生産金額（百万円）,350020399,　　　その他のコネクタ,2007001111,2007年11月
5285,010040000,生産金額（百万円）,350020399,　　　その他のコネクタ,2007001212,2007年12月
15512,010040000,生産金額（百万円）,350020500,　　リレー（有線通信機器用に限る）,2003000000,2003年
17599,010040000,生産金額（百万円）,350020500,　　リレー（有線通信機器用に限る）,2004000000,2004年
17246,010040000,生産金額（百万円）,350020500,　　リレー（有線通信機器用に限る）,2005000000,2005年
18861,010040000,生産金額（百万円）,350020500,　　リレー（有線通信機器用に限る）,2006000000,2006年
19393,010040000,生産金額（百万円）,350020500,　　リレー（有線通信機器用に限る）,2007000000,2007年
17586,010040000,生産金額（百万円）,350020500,　　リレー（有線通信機器用に限る）,2005100000,2005年度
19089,010040000,生産金額（百万円）,350020500,　　リレー（有線通信機器用に限る）,2006100000,2006年度
4858,010040000,生産金額（百万円）,350020500,　　リレー（有線通信機器用に限る）,2007000103,2007年1～3月期
4849,010040000,生産金額（百万円）,350020500,　　リレー（有線通信機器用に限る）,2007000406,2007年4～6月期
4726,010040000,生産金額（百万円）,350020500,　　リレー（有線通信機器用に限る）,2007000709,2007年7～9月期
4960,010040000,生産金額（百万円）,350020500,　　リレー（有線通信機器用に限る）,2007001012,2007年10～12月期
1608,010040000,生産金額（百万円）,350020500,　　リレー（有線通信機器用に限る）,2007000101,2007年1月
1507,010040000,生産金額（百万円）,350020500,　　リレー（有線通信機器用に限る）,2007000202,2007年2月
1743,010040000,生産金額（百万円）,350020500,　　リレー（有線通信機器用に限る）,2007000303,2007年3月
1608,010040000,生産金額（百万円）,350020500,　　リレー（有線通信機器用に限る）,2007000404,2007年4月
1595,010040000,生産金額（百万円）,350020500,　　リレー（有線通信機器用に限る）,2007000505,2007年5月
1646,010040000,生産金額（百万円）,350020500,　　リレー（有線通信機器用に限る）,2007000606,2007年6月
1665,010040000,生産金額（百万円）,350020500,　　リレー（有線通信機器用に限る）,2007000707,2007年7月
1496,010040000,生産金額（百万円）,350020500,　　リレー（有線通信機器用に限る）,2007000808,2007年8月
1565,010040000,生産金額（百万円）,350020500,　　リレー（有線通信機器用に限る）,2007000909,2007年9月
1618,010040000,生産金額（百万円）,350020500,　　リレー（有線通信機器用に限る）,2007001010,2007年10月
1681,010040000,生産金額（百万円）,350020500,　　リレー（有線通信機器用に限る）,2007001111,2007年11月
1661,010040000,生産金額（百万円）,350020500,　　リレー（有線通信機器用に限る）,2007001212,2007年12月
787192,010040000,生産金額（百万円）,350030000,　電子回路基板,2003000000,2003年
818601,010040000,生産金額（百万円）,350030000,　電子回路基板,2004000000,2004年
833439,010040000,生産金額（百万円）,350030000,　電子回路基板,2005000000,2005年
962678,010040000,生産金額（百万円）,350030000,　電子回路基板,2006000000,2006年
1002386,010040000,生産金額（百万円）,350030000,　電子回路基板,2007000000,2007年
862491,010040000,生産金額（百万円）,350030000,　電子回路基板,2005100000,2005年度
988311,010040000,生産金額（百万円）,350030000,　電子回路基板,2006100000,2006年度
250864,010040000,生産金額（百万円）,350030000,　電子回路基板,2007000103,2007年1～3月期
245678,010040000,生産金額（百万円）,350030000,　電子回路基板,2007000406,2007年4～6月期
242605,010040000,生産金額（百万円）,350030000,　電子回路基板,2007000709,2007年7～9月期
263239,010040000,生産金額（百万円）,350030000,　電子回路基板,2007001012,2007年10～12月期
79874,010040000,生産金額（百万円）,350030000,　電子回路基板,2007000101,2007年1月
80961,010040000,生産金額（百万円）,350030000,　電子回路基板,2007000202,2007年2月
90029,010040000,生産金額（百万円）,350030000,　電子回路基板,2007000303,2007年3月
84445,010040000,生産金額（百万円）,350030000,　電子回路基板,2007000404,2007年4月
80484,010040000,生産金額（百万円）,350030000,　電子回路基板,2007000505,2007年5月
80749,010040000,生産金額（百万円）,350030000,　電子回路基板,2007000606,2007年6月
83536,010040000,生産金額（百万円）,350030000,　電子回路基板,2007000707,2007年7月
79447,010040000,生産金額（百万円）,350030000,　電子回路基板,2007000808,2007年8月
79622,010040000,生産金額（百万円）,350030000,　電子回路基板,2007000909,2007年9月
91713,010040000,生産金額（百万円）,350030000,　電子回路基板,2007001010,2007年10月
88211,010040000,生産金額（百万円）,350030000,　電子回路基板,2007001111,2007年11月
83315,010040000,生産金額（百万円）,350030000,　電子回路基板,2007001212,2007年12月
487461,010040000,生産金額（百万円）,350030100,　　リジッドプリント配線板,2003000000,2003年
497018,010040000,生産金額（百万円）,350030100,　　リジッドプリント配線板,2004000000,2004年
523897,010040000,生産金額（百万円）,350030100,　　リジッドプリント配線板,2005000000,2005年
608348,010040000,生産金額（百万円）,350030100,　　リジッドプリント配線板,2006000000,2006年
622923,010040000,生産金額（百万円）,350030100,　　リジッドプリント配線板,2007000000,2007年
544668,010040000,生産金額（百万円）,350030100,　　リジッドプリント配線板,2005100000,2005年度
621428,010040000,生産金額（百万円）,350030100,　　リジッドプリント配線板,2006100000,2006年度
155615,010040000,生産金額（百万円）,350030100,　　リジッドプリント配線板,2007000103,2007年1～3月期
151892,010040000,生産金額（百万円）,350030100,　　リジッドプリント配線板,2007000406,2007年4～6月期
147208,010040000,生産金額（百万円）,350030100,　　リジッドプリント配線板,2007000709,2007年7～9月期
168208,010040000,生産金額（百万円）,350030100,　　リジッドプリント配線板,2007001012,2007年10～12月期
49293,010040000,生産金額（百万円）,350030100,　　リジッドプリント配線板,2007000101,2007年1月
50701,010040000,生産金額（百万円）,350030100,　　リジッドプリント配線板,2007000202,2007年2月
55621,010040000,生産金額（百万円）,350030100,　　リジッドプリント配線板,2007000303,2007年3月
52454,010040000,生産金額（百万円）,350030100,　　リジッドプリント配線板,2007000404,2007年4月
48533,010040000,生産金額（百万円）,350030100,　　リジッドプリント配線板,2007000505,2007年5月
50905,010040000,生産金額（百万円）,350030100,　　リジッドプリント配線板,2007000606,2007年6月
51952,010040000,生産金額（百万円）,350030100,　　リジッドプリント配線板,2007000707,2007年7月
46278,010040000,生産金額（百万円）,350030100,　　リジッドプリント配線板,2007000808,2007年8月
48978,010040000,生産金額（百万円）,350030100,　　リジッドプリント配線板,2007000909,2007年9月
58167,010040000,生産金額（百万円）,350030100,　　リジッドプリント配線板,2007001010,2007年10月
56124,010040000,生産金額（百万円）,350030100,　　リジッドプリント配線板,2007001111,2007年11月
53917,010040000,生産金額（百万円）,350030100,　　リジッドプリント配線板,2007001212,2007年12月
23686,010040000,生産金額（百万円）,350030110,　　　片面プリント配線板,2003000000,2003年
23666,010040000,生産金額（百万円）,350030110,　　　片面プリント配線板,2004000000,2004年
17173,010040000,生産金額（百万円）,350030110,　　　片面プリント配線板,2005000000,2005年
14602,010040000,生産金額（百万円）,350030110,　　　片面プリント配線板,2006000000,2006年
15549,010040000,生産金額（百万円）,350030110,　　　片面プリント配線板,2007000000,2007年
16077,010040000,生産金額（百万円）,350030110,　　　片面プリント配線板,2005100000,2005年度
14712,010040000,生産金額（百万円）,350030110,　　　片面プリント配線板,2006100000,2006年度
3757,010040000,生産金額（百万円）,350030110,　　　片面プリント配線板,2007000103,2007年1～3月期
3922,010040000,生産金額（百万円）,350030110,　　　片面プリント配線板,2007000406,2007年4～6月期
3831,010040000,生産金額（百万円）,350030110,　　　片面プリント配線板,2007000709,2007年7～9月期
4039,010040000,生産金額（百万円）,350030110,　　　片面プリント配線板,2007001012,2007年10～12月期
1155,010040000,生産金額（百万円）,350030110,　　　片面プリント配線板,2007000101,2007年1月
1299,010040000,生産金額（百万円）,350030110,　　　片面プリント配線板,2007000202,2007年2月
1303,010040000,生産金額（百万円）,350030110,　　　片面プリント配線板,2007000303,2007年3月
1283,010040000,生産金額（百万円）,350030110,　　　片面プリント配線板,2007000404,2007年4月
1250,010040000,生産金額（百万円）,350030110,　　　片面プリント配線板,2007000505,2007年5月
1389,010040000,生産金額（百万円）,350030110,　　　片面プリント配線板,2007000606,2007年6月
1339,010040000,生産金額（百万円）,350030110,　　　片面プリント配線板,2007000707,2007年7月
1199,010040000,生産金額（百万円）,350030110,　　　片面プリント配線板,2007000808,2007年8月
1293,010040000,生産金額（百万円）,350030110,　　　片面プリント配線板,2007000909,2007年9月
1401,010040000,生産金額（百万円）,350030110,　　　片面プリント配線板,2007001010,2007年10月
1357,010040000,生産金額（百万円）,350030110,　　　片面プリント配線板,2007001111,2007年11月
1281,010040000,生産金額（百万円）,350030110,　　　片面プリント配線板,2007001212,2007年12月
108515,010040000,生産金額（百万円）,350030120,　　　両面プリント配線板,2003000000,2003年
120327,010040000,生産金額（百万円）,350030120,　　　両面プリント配線板,2004000000,2004年
133329,010040000,生産金額（百万円）,350030120,　　　両面プリント配線板,2005000000,2005年
145940,010040000,生産金額（百万円）,350030120,　　　両面プリント配線板,2006000000,2006年
149912,010040000,生産金額（百万円）,350030120,　　　両面プリント配線板,2007000000,2007年
136826,010040000,生産金額（百万円）,350030120,　　　両面プリント配線板,2005100000,2005年度
146701,010040000,生産金額（百万円）,350030120,　　　両面プリント配線板,2006100000,2006年度
36418,010040000,生産金額（百万円）,350030120,　　　両面プリント配線板,2007000103,2007年1～3月期
36479,010040000,生産金額（百万円）,350030120,　　　両面プリント配線板,2007000406,2007年4～6月期
38068,010040000,生産金額（百万円）,350030120,　　　両面プリント配線板,2007000709,2007年7～9月期
38947,010040000,生産金額（百万円）,350030120,　　　両面プリント配線板,2007001012,2007年10～12月期
11303,010040000,生産金額（百万円）,350030120,　　　両面プリント配線板,2007000101,2007年1月
11666,010040000,生産金額（百万円）,350030120,　　　両面プリント配線板,2007000202,2007年2月
13449,010040000,生産金額（百万円）,350030120,　　　両面プリント配線板,2007000303,2007年3月
11909,010040000,生産金額（百万円）,350030120,　　　両面プリント配線板,2007000404,2007年4月
11883,010040000,生産金額（百万円）,350030120,　　　両面プリント配線板,2007000505,2007年5月
12687,010040000,生産金額（百万円）,350030120,　　　両面プリント配線板,2007000606,2007年6月
13057,010040000,生産金額（百万円）,350030120,　　　両面プリント配線板,2007000707,2007年7月
12145,010040000,生産金額（百万円）,350030120,　　　両面プリント配線板,2007000808,2007年8月
12866,010040000,生産金額（百万円）,350030120,　　　両面プリント配線板,2007000909,2007年9月
13154,010040000,生産金額（百万円）,350030120,　　　両面プリント配線板,2007001010,2007年10月
13284,010040000,生産金額（百万円）,350030120,　　　両面プリント配線板,2007001111,2007年11月
12509,010040000,生産金額（百万円）,350030120,　　　両面プリント配線板,2007001212,2007年12月
116119,010040000,生産金額（百万円）,350030130,　　　多層プリント配線板（4層）,2003000000,2003年
105802,010040000,生産金額（百万円）,350030130,　　　多層プリント配線板（4層）,2004000000,2004年
108752,010040000,生産金額（百万円）,350030130,　　　多層プリント配線板（4層）,2005000000,2005年
120347,010040000,生産金額（百万円）,350030130,　　　多層プリント配線板（4層）,2006000000,2006年
109861,010040000,生産金額（百万円）,350030130,　　　多層プリント配線板（4層）,2007000000,2007年
112199,010040000,生産金額（百万円）,350030130,　　　多層プリント配線板（4層）,2005100000,2005年度
119538,010040000,生産金額（百万円）,350030130,　　　多層プリント配線板（4層）,2006100000,2006年度
27988,010040000,生産金額（百万円）,350030130,　　　多層プリント配線板（4層）,2007000103,2007年1～3月期
26291,010040000,生産金額（百万円）,350030130,　　　多層プリント配線板（4層）,2007000406,2007年4～6月期
25111,010040000,生産金額（百万円）,350030130,　　　多層プリント配線板（4層）,2007000709,2007年7～9月期
30471,010040000,生産金額（百万円）,350030130,　　　多層プリント配線板（4層）,2007001012,2007年10～12月期
9178,010040000,生産金額（百万円）,350030130,　　　多層プリント配線板（4層）,2007000101,2007年1月
8783,010040000,生産金額（百万円）,350030130,　　　多層プリント配線板（4層）,2007000202,2007年2月
10027,010040000,生産金額（百万円）,350030130,　　　多層プリント配線板（4層）,2007000303,2007年3月
9512,010040000,生産金額（百万円）,350030130,　　　多層プリント配線板（4層）,2007000404,2007年4月
8398,010040000,生産金額（百万円）,350030130,　　　多層プリント配線板（4層）,2007000505,2007年5月
8381,010040000,生産金額（百万円）,350030130,　　　多層プリント配線板（4層）,2007000606,2007年6月
8568,010040000,生産金額（百万円）,350030130,　　　多層プリント配線板（4層）,2007000707,2007年7月
7843,010040000,生産金額（百万円）,350030130,　　　多層プリント配線板（4層）,2007000808,2007年8月
8700,010040000,生産金額（百万円）,350030130,　　　多層プリント配線板（4層）,2007000909,2007年9月
11029,010040000,生産金額（百万円）,350030130,　　　多層プリント配線板（4層）,2007001010,2007年10月
9927,010040000,生産金額（百万円）,350030130,　　　多層プリント配線板（4層）,2007001111,2007年11月
9515,010040000,生産金額（百万円）,350030130,　　　多層プリント配線板（4層）,2007001212,2007年12月
99620,010040000,生産金額（百万円）,350030140,　　　多層プリント配線板（6～8層）,2003000000,2003年
101485,010040000,生産金額（百万円）,350030140,　　　多層プリント配線板（6～8層）,2004000000,2004年
108920,010040000,生産金額（百万円）,350030140,　　　多層プリント配線板（6～8層）,2005000000,2005年
133972,010040000,生産金額（百万円）,350030140,　　　多層プリント配線板（6～8層）,2006000000,2006年
137851,010040000,生産金額（百万円）,350030140,　　　多層プリント配線板（6～8層）,2007000000,2007年
113695,010040000,生産金額（百万円）,350030140,　　　多層プリント配線板（6～8層）,2005100000,2005年度
138620,010040000,生産金額（百万円）,350030140,　　　多層プリント配線板（6～8層）,2006100000,2006年度
34536,010040000,生産金額（百万円）,350030140,　　　多層プリント配線板（6～8層）,2007000103,2007年1～3月期
33105,010040000,生産金額（百万円）,350030140,　　　多層プリント配線板（6～8層）,2007000406,2007年4～6月期
31018,010040000,生産金額（百万円）,350030140,　　　多層プリント配線板（6～8層）,2007000709,2007年7～9月期
39192,010040000,生産金額（百万円）,350030140,　　　多層プリント配線板（6～8層）,2007001012,2007年10～12月期
10933,010040000,生産金額（百万円）,350030140,　　　多層プリント配線板（6～8層）,2007000101,2007年1月
11218,010040000,生産金額（百万円）,350030140,　　　多層プリント配線板（6～8層）,2007000202,2007年2月
12385,010040000,生産金額（百万円）,350030140,　　　多層プリント配線板（6～8層）,2007000303,2007年3月
11861,010040000,生産金額（百万円）,350030140,　　　多層プリント配線板（6～8層）,2007000404,2007年4月
10967,010040000,生産金額（百万円）,350030140,　　　多層プリント配線板（6～8層）,2007000505,2007年5月
10277,010040000,生産金額（百万円）,350030140,　　　多層プリント配線板（6～8層）,2007000606,2007年6月
11681,010040000,生産金額（百万円）,350030140,　　　多層プリント配線板（6～8層）,2007000707,2007年7月
9408,010040000,生産金額（百万円）,350030140,　　　多層プリント配線板（6～8層）,2007000808,2007年8月
9929,010040000,生産金額（百万円）,350030140,　　　多層プリント配線板（6～8層）,2007000909,2007年9月
14083,010040000,生産金額（百万円）,350030140,　　　多層プリント配線板（6～8層）,2007001010,2007年10月
12663,010040000,生産金額（百万円）,350030140,　　　多層プリント配線板（6～8層）,2007001111,2007年11月
12446,010040000,生産金額（百万円）,350030140,　　　多層プリント配線板（6～8層）,2007001212,2007年12月
30730,010040000,生産金額（百万円）,350030150,　　　多層プリント配線板（10層以上）,2003000000,2003年
41968,010040000,生産金額（百万円）,350030150,　　　多層プリント配線板（10層以上）,2004000000,2004年
44329,010040000,生産金額（百万円）,350030150,　　　多層プリント配線板（10層以上）,2005000000,2005年
60612,010040000,生産金額（百万円）,350030150,　　　多層プリント配線板（10層以上）,2006000000,2006年
53370,010040000,生産金額（百万円）,350030150,　　　多層プリント配線板（10層以上）,2007000000,2007年
48273,010040000,生産金額（百万円）,350030150,　　　多層プリント配線板（10層以上）,2005100000,2005年度
60103,010040000,生産金額（百万円）,350030150,　　　多層プリント配線板（10層以上）,2006100000,2006年度
13441,010040000,生産金額（百万円）,350030150,　　　多層プリント配線板（10層以上）,2007000103,2007年1～3月期
13611,010040000,生産金額（百万円）,350030150,　　　多層プリント配線板（10層以上）,2007000406,2007年4～6月期
12128,010040000,生産金額（百万円）,350030150,　　　多層プリント配線板（10層以上）,2007000709,2007年7～9月期
14190,010040000,生産金額（百万円）,350030150,　　　多層プリント配線板（10層以上）,2007001012,2007年10～12月期
4566,010040000,生産金額（百万円）,350030150,　　　多層プリント配線板（10層以上）,2007000101,2007年1月
4391,010040000,生産金額（百万円）,350030150,　　　多層プリント配線板（10層以上）,2007000202,2007年2月
4484,010040000,生産金額（百万円）,350030150,　　　多層プリント配線板（10層以上）,2007000303,2007年3月
4252,010040000,生産金額（百万円）,350030150,　　　多層プリント配線板（10層以上）,2007000404,2007年4月
4223,010040000,生産金額（百万円）,350030150,　　　多層プリント配線板（10層以上）,2007000505,2007年5月
5136,010040000,生産金額（百万円）,350030150,　　　多層プリント配線板（10層以上）,2007000606,2007年6月
4139,010040000,生産金額（百万円）,350030150,　　　多層プリント配線板（10層以上）,2007000707,2007年7月
3846,010040000,生産金額（百万円）,350030150,　　　多層プリント配線板（10層以上）,2007000808,2007年8月
4143,010040000,生産金額（百万円）,350030150,　　　多層プリント配線板（10層以上）,2007000909,2007年9月
4747,010040000,生産金額（百万円）,350030150,　　　多層プリント配線板（10層以上）,2007001010,2007年10月
4827,010040000,生産金額（百万円）,350030150,　　　多層プリント配線板（10層以上）,2007001111,2007年11月
4616,010040000,生産金額（百万円）,350030150,　　　多層プリント配線板（10層以上）,2007001212,2007年12月
108791,010040000,生産金額（百万円）,350030170,　　　ビルドアップ多層配線板,2003000000,2003年
103770,010040000,生産金額（百万円）,350030170,　　　ビルドアップ多層配線板,2004000000,2004年
111394,010040000,生産金額（百万円）,350030170,　　　ビルドアップ多層配線板,2005000000,2005年
132875,010040000,生産金額（百万円）,350030170,　　　ビルドアップ多層配線板,2006000000,2006年
156380,010040000,生産金額（百万円）,350030170,　　　ビルドアップ多層配線板,2007000000,2007年
117598,010040000,生産金額（百万円）,350030170,　　　ビルドアップ多層配線板,2005100000,2005年度
141754,010040000,生産金額（百万円）,350030170,　　　ビルドアップ多層配線板,2006100000,2006年度
39475,010040000,生産金額（百万円）,350030170,　　　ビルドアップ多層配線板,2007000103,2007年1～3月期
38484,010040000,生産金額（百万円）,350030170,　　　ビルドアップ多層配線板,2007000406,2007年4～6月期
37052,010040000,生産金額（百万円）,350030170,　　　ビルドアップ多層配線板,2007000709,2007年7～9月期
41369,010040000,生産金額（百万円）,350030170,　　　ビルドアップ多層配線板,2007001012,2007年10～12月期
12158,010040000,生産金額（百万円）,350030170,　　　ビルドアップ多層配線板,2007000101,2007年1月
13344,010040000,生産金額（百万円）,350030170,　　　ビルドアップ多層配線板,2007000202,2007年2月
13973,010040000,生産金額（百万円）,350030170,　　　ビルドアップ多層配線板,2007000303,2007年3月
13637,010040000,生産金額（百万円）,350030170,　　　ビルドアップ多層配線板,2007000404,2007年4月
11812,010040000,生産金額（百万円）,350030170,　　　ビルドアップ多層配線板,2007000505,2007年5月
13035,010040000,生産金額（百万円）,350030170,　　　ビルドアップ多層配線板,2007000606,2007年6月
13168,010040000,生産金額（百万円）,350030170,　　　ビルドアップ多層配線板,2007000707,2007年7月
11837,010040000,生産金額（百万円）,350030170,　　　ビルドアップ多層配線板,2007000808,2007年8月
12047,010040000,生産金額（百万円）,350030170,　　　ビルドアップ多層配線板,2007000909,2007年9月
13753,010040000,生産金額（百万円）,350030170,　　　ビルドアップ多層配線板,2007001010,2007年10月
14066,010040000,生産金額（百万円）,350030170,　　　ビルドアップ多層配線板,2007001111,2007年11月
13550,010040000,生産金額（百万円）,350030170,　　　ビルドアップ多層配線板,2007001212,2007年12月
156147,010040000,生産金額（百万円）,350030300,　　フレキシブルプリント配線板,2003000000,2003年
159919,010040000,生産金額（百万円）,350030300,　　フレキシブルプリント配線板,2004000000,2004年
136096,010040000,生産金額（百万円）,350030300,　　フレキシブルプリント配線板,2005000000,2005年
137294,010040000,生産金額（百万円）,350030300,　　フレキシブルプリント配線板,2006000000,2006年
141051,010040000,生産金額（百万円）,350030300,　　フレキシブルプリント配線板,2007000000,2007年
134250,010040000,生産金額（百万円）,350030300,　　フレキシブルプリント配線板,2005100000,2005年度
137549,010040000,生産金額（百万円）,350030300,　　フレキシブルプリント配線板,2006100000,2006年度
34157,010040000,生産金額（百万円）,350030300,　　フレキシブルプリント配線板,2007000103,2007年1～3月期
35715,010040000,生産金額（百万円）,350030300,　　フレキシブルプリント配線板,2007000406,2007年4～6月期
35550,010040000,生産金額（百万円）,350030300,　　フレキシブルプリント配線板,2007000709,2007年7～9月期
35629,010040000,生産金額（百万円）,350030300,　　フレキシブルプリント配線板,2007001012,2007年10～12月期
10647,010040000,生産金額（百万円）,350030300,　　フレキシブルプリント配線板,2007000101,2007年1月
11012,010040000,生産金額（百万円）,350030300,　　フレキシブルプリント配線板,2007000202,2007年2月
12498,010040000,生産金額（百万円）,350030300,　　フレキシブルプリント配線板,2007000303,2007年3月
11696,010040000,生産金額（百万円）,350030300,　　フレキシブルプリント配線板,2007000404,2007年4月
11976,010040000,生産金額（百万円）,350030300,　　フレキシブルプリント配線板,2007000505,2007年5月
12043,010040000,生産金額（百万円）,350030300,　　フレキシブルプリント配線板,2007000606,2007年6月
12462,010040000,生産金額（百万円）,350030300,　　フレキシブルプリント配線板,2007000707,2007年7月
11765,010040000,生産金額（百万円）,350030300,　　フレキシブルプリント配線板,2007000808,2007年8月
11323,010040000,生産金額（百万円）,350030300,　　フレキシブルプリント配線板,2007000909,2007年9月
12278,010040000,生産金額（百万円）,350030300,　　フレキシブルプリント配線板,2007001010,2007年10月
11911,010040000,生産金額（百万円）,350030300,　　フレキシブルプリント配線板,2007001111,2007年11月
11440,010040000,生産金額（百万円）,350030300,　　フレキシブルプリント配線板,2007001212,2007年12月
66183,010040000,生産金額（百万円）,350030310,　　　片面フレキシブル配線板,2003000000,2003年
66548,010040000,生産金額（百万円）,350030310,　　　片面フレキシブル配線板,2004000000,2004年
58156,010040000,生産金額（百万円）,350030310,　　　片面フレキシブル配線板,2005000000,2005年
53693,010040000,生産金額（百万円）,350030310,　　　片面フレキシブル配線板,2006000000,2006年
48610,010040000,生産金額（百万円）,350030310,　　　片面フレキシブル配線板,2007000000,2007年
56757,010040000,生産金額（百万円）,350030310,　　　片面フレキシブル配線板,2005100000,2005年度
52363,010040000,生産金額（百万円）,350030310,　　　片面フレキシブル配線板,2006100000,2006年度
12705,010040000,生産金額（百万円）,350030310,　　　片面フレキシブル配線板,2007000103,2007年1～3月期
12261,010040000,生産金額（百万円）,350030310,　　　片面フレキシブル配線板,2007000406,2007年4～6月期
12273,010040000,生産金額（百万円）,350030310,　　　片面フレキシブル配線板,2007000709,2007年7～9月期
11371,010040000,生産金額（百万円）,350030310,　　　片面フレキシブル配線板,2007001012,2007年10～12月期
4188,010040000,生産金額（百万円）,350030310,　　　片面フレキシブル配線板,2007000101,2007年1月
4171,010040000,生産金額（百万円）,350030310,　　　片面フレキシブル配線板,2007000202,2007年2月
4346,010040000,生産金額（百万円）,350030310,　　　片面フレキシブル配線板,2007000303,2007年3月
4080,010040000,生産金額（百万円）,350030310,　　　片面フレキシブル配線板,2007000404,2007年4月
4025,010040000,生産金額（百万円）,350030310,　　　片面フレキシブル配線板,2007000505,2007年5月
4156,010040000,生産金額（百万円）,350030310,　　　片面フレキシブル配線板,2007000606,2007年6月
4123,010040000,生産金額（百万円）,350030310,　　　片面フレキシブル配線板,2007000707,2007年7月
4080,010040000,生産金額（百万円）,350030310,　　　片面フレキシブル配線板,2007000808,2007年8月
4070,010040000,生産金額（百万円）,350030310,　　　片面フレキシブル配線板,2007000909,2007年9月
4070,010040000,生産金額（百万円）,350030310,　　　片面フレキシブル配線板,2007001010,2007年10月
3606,010040000,生産金額（百万円）,350030310,　　　片面フレキシブル配線板,2007001111,2007年11月
3695,010040000,生産金額（百万円）,350030310,　　　片面フレキシブル配線板,2007001212,2007年12月
89964,010040000,生産金額（百万円）,350030320,　　　両面・多層フレキシブル配線板,2003000000,2003年
93371,010040000,生産金額（百万円）,350030320,　　　両面・多層フレキシブル配線板,2004000000,2004年
77940,010040000,生産金額（百万円）,350030320,　　　両面・多層フレキシブル配線板,2005000000,2005年
83601,010040000,生産金額（百万円）,350030320,　　　両面・多層フレキシブル配線板,2006000000,2006年
92441,010040000,生産金額（百万円）,350030320,　　　両面・多層フレキシブル配線板,2007000000,2007年
77493,010040000,生産金額（百万円）,350030320,　　　両面・多層フレキシブル配線板,2005100000,2005年度
85186,010040000,生産金額（百万円）,350030320,　　　両面・多層フレキシブル配線板,2006100000,2006年度
21452,010040000,生産金額（百万円）,350030320,　　　両面・多層フレキシブル配線板,2007000103,2007年1～3月期
23454,010040000,生産金額（百万円）,350030320,　　　両面・多層フレキシブル配線板,2007000406,2007年4～6月期
23277,010040000,生産金額（百万円）,350030320,　　　両面・多層フレキシブル配線板,2007000709,2007年7～9月期
24258,010040000,生産金額（百万円）,350030320,　　　両面・多層フレキシブル配線板,2007001012,2007年10～12月期
6459,010040000,生産金額（百万円）,350030320,　　　両面・多層フレキシブル配線板,2007000101,2007年1月
6841,010040000,生産金額（百万円）,350030320,　　　両面・多層フレキシブル配線板,2007000202,2007年2月
8152,010040000,生産金額（百万円）,350030320,　　　両面・多層フレキシブル配線板,2007000303,2007年3月
7616,010040000,生産金額（百万円）,350030320,　　　両面・多層フレキシブル配線板,2007000404,2007年4月
7951,010040000,生産金額（百万円）,350030320,　　　両面・多層フレキシブル配線板,2007000505,2007年5月
7887,010040000,生産金額（百万円）,350030320,　　　両面・多層フレキシブル配線板,2007000606,2007年6月
8339,010040000,生産金額（百万円）,350030320,　　　両面・多層フレキシブル配線板,2007000707,2007年7月
7685,010040000,生産金額（百万円）,350030320,　　　両面・多層フレキシブル配線板,2007000808,2007年8月
7253,010040000,生産金額（百万円）,350030320,　　　両面・多層フレキシブル配線板,2007000909,2007年9月
8208,010040000,生産金額（百万円）,350030320,　　　両面・多層フレキシブル配線板,2007001010,2007年10月
8305,010040000,生産金額（百万円）,350030320,　　　両面・多層フレキシブル配線板,2007001111,2007年11月
7745,010040000,生産金額（百万円）,350030320,　　　両面・多層フレキシブル配線板,2007001212,2007年12月
141897,010040000,生産金額（百万円）,350030500,　　モジュール基板,2003000000,2003年
159079,010040000,生産金額（百万円）,350030500,　　モジュール基板,2004000000,2004年
171139,010040000,生産金額（百万円）,350030500,　　モジュール基板,2005000000,2005年
214983,010040000,生産金額（百万円）,350030500,　　モジュール基板,2006000000,2006年
236370,010040000,生産金額（百万円）,350030500,　　モジュール基板,2007000000,2007年
181260,010040000,生産金額（百万円）,350030500,　　モジュール基板,2005100000,2005年度
227373,010040000,生産金額（百万円）,350030500,　　モジュール基板,2006100000,2006年度
60629,010040000,生産金額（百万円）,350030500,　　モジュール基板,2007000103,2007年1～3月期
57610,010040000,生産金額（百万円）,350030500,　　モジュール基板,2007000406,2007年4～6月期
59319,010040000,生産金額（百万円）,350030500,　　モジュール基板,2007000709,2007年7～9月期
58812,010040000,生産金額（百万円）,350030500,　　モジュール基板,2007001012,2007年10～12月期
19785,010040000,生産金額（百万円）,350030500,　　モジュール基板,2007000101,2007年1月
19094,010040000,生産金額（百万円）,350030500,　　モジュール基板,2007000202,2007年2月
21750,010040000,生産金額（百万円）,350030500,　　モジュール基板,2007000303,2007年3月
20144,010040000,生産金額（百万円）,350030500,　　モジュール基板,2007000404,2007年4月
19842,010040000,生産金額（百万円）,350030500,　　モジュール基板,2007000505,2007年5月
17624,010040000,生産金額（百万円）,350030500,　　モジュール基板,2007000606,2007年6月
18958,010040000,生産金額（百万円）,350030500,　　モジュール基板,2007000707,2007年7月
21230,010040000,生産金額（百万円）,350030500,　　モジュール基板,2007000808,2007年8月
19131,010040000,生産金額（百万円）,350030500,　　モジュール基板,2007000909,2007年9月
21059,010040000,生産金額（百万円）,350030500,　　モジュール基板,2007001010,2007年10月
19976,010040000,生産金額（百万円）,350030500,　　モジュール基板,2007001111,2007年11月
17777,010040000,生産金額（百万円）,350030500,　　モジュール基板,2007001212,2007年12月
79514,010040000,生産金額（百万円）,350030510,　　　リジッド系モジュール基板,2003000000,2003年
87237,010040000,生産金額（百万円）,350030510,　　　リジッド系モジュール基板,2004000000,2004年
81936,010040000,生産金額（百万円）,350030510,　　　リジッド系モジュール基板,2005000000,2005年
128659,010040000,生産金額（百万円）,350030510,　　　リジッド系モジュール基板,2006000000,2006年
152701,010040000,生産金額（百万円）,350030510,　　　リジッド系モジュール基板,2007000000,2007年
88439,010040000,生産金額（百万円）,350030510,　　　リジッド系モジュール基板,2005100000,2005年度
143207,010040000,生産金額（百万円）,350030510,　　　リジッド系モジュール基板,2006100000,2006年度
40239,010040000,生産金額（百万円）,350030510,　　　リジッド系モジュール基板,2007000103,2007年1～3月期
35841,010040000,生産金額（百万円）,350030510,　　　リジッド系モジュール基板,2007000406,2007年4～6月期
38416,010040000,生産金額（百万円）,350030510,　　　リジッド系モジュール基板,2007000709,2007年7～9月期
38205,010040000,生産金額（百万円）,350030510,　　　リジッド系モジュール基板,2007001012,2007年10～12月期
12611,010040000,生産金額（百万円）,350030510,　　　リジッド系モジュール基板,2007000101,2007年1月
12773,010040000,生産金額（百万円）,350030510,　　　リジッド系モジュール基板,2007000202,2007年2月
14855,010040000,生産金額（百万円）,350030510,　　　リジッド系モジュール基板,2007000303,2007年3月
12776,010040000,生産金額（百万円）,350030510,　　　リジッド系モジュール基板,2007000404,2007年4月
12832,010040000,生産金額（百万円）,350030510,　　　リジッド系モジュール基板,2007000505,2007年5月
10233,010040000,生産金額（百万円）,350030510,　　　リジッド系モジュール基板,2007000606,2007年6月
12049,010040000,生産金額（百万円）,350030510,　　　リジッド系モジュール基板,2007000707,2007年7月
13993,010040000,生産金額（百万円）,350030510,　　　リジッド系モジュール基板,2007000808,2007年8月
12374,010040000,生産金額（百万円）,350030510,　　　リジッド系モジュール基板,2007000909,2007年9月
14049,010040000,生産金額（百万円）,350030510,　　　リジッド系モジュール基板,2007001010,2007年10月
13147,010040000,生産金額（百万円）,350030510,　　　リジッド系モジュール基板,2007001111,2007年11月
11009,010040000,生産金額（百万円）,350030510,　　　リジッド系モジュール基板,2007001212,2007年12月
62383,010040000,生産金額（百万円）,350030599,　　　その他のモジュール基板,2003000000,2003年
71842,010040000,生産金額（百万円）,350030599,　　　その他のモジュール基板,2004000000,2004年
89203,010040000,生産金額（百万円）,350030599,　　　その他のモジュール基板,2005000000,2005年
86324,010040000,生産金額（百万円）,350030599,　　　その他のモジュール基板,2006000000,2006年
83669,010040000,生産金額（百万円）,350030599,　　　その他のモジュール基板,2007000000,2007年
92821,010040000,生産金額（百万円）,350030599,　　　その他のモジュール基板,2005100000,2005年度
84166,010040000,生産金額（百万円）,350030599,　　　その他のモジュール基板,2006100000,2006年度
20390,010040000,生産金額（百万円）,350030599,　　　その他のモジュール基板,2007000103,2007年1～3月期
21769,010040000,生産金額（百万円）,350030599,　　　その他のモジュール基板,2007000406,2007年4～6月期
20903,010040000,生産金額（百万円）,350030599,　　　その他のモジュール基板,2007000709,2007年7～9月期
20607,010040000,生産金額（百万円）,350030599,　　　その他のモジュール基板,2007001012,2007年10～12月期
7174,010040000,生産金額（百万円）,350030599,　　　その他のモジュール基板,2007000101,2007年1月
6321,010040000,生産金額（百万円）,350030599,　　　その他のモジュール基板,2007000202,2007年2月
6895,010040000,生産金額（百万円）,350030599,　　　その他のモジュール基板,2007000303,2007年3月
7368,010040000,生産金額（百万円）,350030599,　　　その他のモジュール基板,2007000404,2007年4月
7010,010040000,生産金額（百万円）,350030599,　　　その他のモジュール基板,2007000505,2007年5月
7391,010040000,生産金額（百万円）,350030599,　　　その他のモジュール基板,2007000606,2007年6月
6909,010040000,生産金額（百万円）,350030599,　　　その他のモジュール基板,2007000707,2007年7月
7237,010040000,生産金額（百万円）,350030599,　　　その他のモジュール基板,2007000808,2007年8月
6757,010040000,生産金額（百万円）,350030599,　　　その他のモジュール基板,2007000909,2007年9月
7010,010040000,生産金額（百万円）,350030599,　　　その他のモジュール基板,2007001010,2007年10月
6829,010040000,生産金額（百万円）,350030599,　　　その他のモジュール基板,2007001111,2007年11月
6768,010040000,生産金額（百万円）,350030599,　　　その他のモジュール基板,2007001212,2007年12月
1687,010040000,生産金額（百万円）,350030999,　　その他の電子回路基板,2003000000,2003年
2585,010040000,生産金額（百万円）,350030999,　　その他の電子回路基板,2004000000,2004年
2307,010040000,生産金額（百万円）,350030999,　　その他の電子回路基板,2005000000,2005年
2053,010040000,生産金額（百万円）,350030999,　　その他の電子回路基板,2006000000,2006年
2042,010040000,生産金額（百万円）,350030999,　　その他の電子回路基板,2007000000,2007年
2313,010040000,生産金額（百万円）,350030999,　　その他の電子回路基板,2005100000,2005年度
1961,010040000,生産金額（百万円）,350030999,　　その他の電子回路基板,2006100000,2006年度
463,010040000,生産金額（百万円）,350030999,　　その他の電子回路基板,2007000103,2007年1～3月期
461,010040000,生産金額（百万円）,350030999,　　その他の電子回路基板,2007000406,2007年4～6月期
528,010040000,生産金額（百万円）,350030999,　　その他の電子回路基板,2007000709,2007年7～9月期
590,010040000,生産金額（百万円）,350030999,　　その他の電子回路基板,2007001012,2007年10～12月期
149,010040000,生産金額（百万円）,350030999,　　その他の電子回路基板,2007000101,2007年1月
154,010040000,生産金額（百万円）,350030999,　　その他の電子回路基板,2007000202,2007年2月
160,010040000,生産金額（百万円）,350030999,　　その他の電子回路基板,2007000303,2007年3月
151,010040000,生産金額（百万円）,350030999,　　その他の電子回路基板,2007000404,2007年4月
133,010040000,生産金額（百万円）,350030999,　　その他の電子回路基板,2007000505,2007年5月
177,010040000,生産金額（百万円）,350030999,　　その他の電子回路基板,2007000606,2007年6月
164,010040000,生産金額（百万円）,350030999,　　その他の電子回路基板,2007000707,2007年7月
174,010040000,生産金額（百万円）,350030999,　　その他の電子回路基板,2007000808,2007年8月
190,010040000,生産金額（百万円）,350030999,　　その他の電子回路基板,2007000909,2007年9月
209,010040000,生産金額（百万円）,350030999,　　その他の電子回路基板,2007001010,2007年10月
200,010040000,生産金額（百万円）,350030999,　　その他の電子回路基板,2007001111,2007年11月
181,010040000,生産金額（百万円）,350030999,　　その他の電子回路基板,2007001212,2007年12月
61050,010040000,生産金額（百万円）,350040000,　変換部品,2003000000,2003年
42013,010040000,生産金額（百万円）,350040000,　変換部品,2004000000,2004年
33719,010040000,生産金額（百万円）,350040000,　変換部品,2005000000,2005年
24767,010040000,生産金額（百万円）,350040000,　変換部品,2006000000,2006年
18000,010040000,生産金額（百万円）,350040000,　変換部品,2007000000,2007年
31242,010040000,生産金額（百万円）,350040000,　変換部品,2005100000,2005年度
22536,010040000,生産金額（百万円）,350040000,　変換部品,2006100000,2006年度
4927,010040000,生産金額（百万円）,350040000,　変換部品,2007000103,2007年1～3月期
4167,010040000,生産金額（百万円）,350040000,　変換部品,2007000406,2007年4～6月期
4402,010040000,生産金額（百万円）,350040000,　変換部品,2007000709,2007年7～9月期
4504,010040000,生産金額（百万円）,350040000,　変換部品,2007001012,2007年10～12月期
1654,010040000,生産金額（百万円）,350040000,　変換部品,2007000101,2007年1月
1599,010040000,生産金額（百万円）,350040000,　変換部品,2007000202,2007年2月
1674,010040000,生産金額（百万円）,350040000,　変換部品,2007000303,2007年3月
1411,010040000,生産金額（百万円）,350040000,　変換部品,2007000404,2007年4月
1401,010040000,生産金額（百万円）,350040000,　変換部品,2007000505,2007年5月
1355,010040000,生産金額（百万円）,350040000,　変換部品,2007000606,2007年6月
1454,010040000,生産金額（百万円）,350040000,　変換部品,2007000707,2007年7月
1418,010040000,生産金額（百万円）,350040000,　変換部品,2007000808,2007年8月
1530,010040000,生産金額（百万円）,350040000,　変換部品,2007000909,2007年9月
1550,010040000,生産金額（百万円）,350040000,　変換部品,2007001010,2007年10月
1457,010040000,生産金額（百万円）,350040000,　変換部品,2007001111,2007年11月
1497,010040000,生産金額（百万円）,350040000,　変換部品,2007001212,2007年12月
21157,010040000,生産金額（百万円）,350040100,　　音響部品（スピーカ・マイクロホン）,2003000000,2003年
17849,010040000,生産金額（百万円）,350040100,　　音響部品（スピーカ・マイクロホン）,2004000000,2004年
18590,010040000,生産金額（百万円）,350040100,　　音響部品（スピーカ・マイクロホン）,2005000000,2005年
16060,010040000,生産金額（百万円）,350040100,　　音響部品（スピーカ・マイクロホン）,2006000000,2006年
14138,010040000,生産金額（百万円）,350040100,　　音響部品（スピーカ・マイクロホン）,2007000000,2007年
18292,010040000,生産金額（百万円）,350040100,　　音響部品（スピーカ・マイクロホン）,2005100000,2005年度
15189,010040000,生産金額（百万円）,350040100,　　音響部品（スピーカ・マイクロホン）,2006100000,2006年度
3574,010040000,生産金額（百万円）,350040100,　　音響部品（スピーカ・マイクロホン）,2007000103,2007年1～3月期
3306,010040000,生産金額（百万円）,350040100,　　音響部品（スピーカ・マイクロホン）,2007000406,2007年4～6月期
3461,010040000,生産金額（百万円）,350040100,　　音響部品（スピーカ・マイクロホン）,2007000709,2007年7～9月期
3797,010040000,生産金額（百万円）,350040100,　　音響部品（スピーカ・マイクロホン）,2007001012,2007年10～12月期
1189,010040000,生産金額（百万円）,350040100,　　音響部品（スピーカ・マイクロホン）,2007000101,2007年1月
1177,010040000,生産金額（百万円）,350040100,　　音響部品（スピーカ・マイクロホン）,2007000202,2007年2月
1208,010040000,生産金額（百万円）,350040100,　　音響部品（スピーカ・マイクロホン）,2007000303,2007年3月
1153,010040000,生産金額（百万円）,350040100,　　音響部品（スピーカ・マイクロホン）,2007000404,2007年4月
1089,010040000,生産金額（百万円）,350040100,　　音響部品（スピーカ・マイクロホン）,2007000505,2007年5月
1064,010040000,生産金額（百万円）,350040100,　　音響部品（スピーカ・マイクロホン）,2007000606,2007年6月
1123,010040000,生産金額（百万円）,350040100,　　音響部品（スピーカ・マイクロホン）,2007000707,2007年7月
1115,010040000,生産金額（百万円）,350040100,　　音響部品（スピーカ・マイクロホン）,2007000808,2007年8月
1223,010040000,生産金額（百万円）,350040100,　　音響部品（スピーカ・マイクロホン）,2007000909,2007年9月
1311,010040000,生産金額（百万円）,350040100,　　音響部品（スピーカ・マイクロホン）,2007001010,2007年10月
1229,010040000,生産金額（百万円）,350040100,　　音響部品（スピーカ・マイクロホン）,2007001111,2007年11月
1257,010040000,生産金額（百万円）,350040100,　　音響部品（スピーカ・マイクロホン）,2007001212,2007年12月
39893,010040000,生産金額（百万円）,350040300,　　磁気ヘッド,2003000000,2003年
24164,010040000,生産金額（百万円）,350040300,　　磁気ヘッド,2004000000,2004年
15129,010040000,生産金額（百万円）,350040300,　　磁気ヘッド,2005000000,2005年
8707,010040000,生産金額（百万円）,350040300,　　磁気ヘッド,2006000000,2006年
3862,010040000,生産金額（百万円）,350040300,　　磁気ヘッド,2007000000,2007年
12950,010040000,生産金額（百万円）,350040300,　　磁気ヘッド,2005100000,2005年度
7347,010040000,生産金額（百万円）,350040300,　　磁気ヘッド,2006100000,2006年度
1353,010040000,生産金額（百万円）,350040300,　　磁気ヘッド,2007000103,2007年1～3月期
861,010040000,生産金額（百万円）,350040300,　　磁気ヘッド,2007000406,2007年4～6月期
941,010040000,生産金額（百万円）,350040300,　　磁気ヘッド,2007000709,2007年7～9月期
707,010040000,生産金額（百万円）,350040300,　　磁気ヘッド,2007001012,2007年10～12月期
465,010040000,生産金額（百万円）,350040300,　　磁気ヘッド,2007000101,2007年1月
422,010040000,生産金額（百万円）,350040300,　　磁気ヘッド,2007000202,2007年2月
466,010040000,生産金額（百万円）,350040300,　　磁気ヘッド,2007000303,2007年3月
258,010040000,生産金額（百万円）,350040300,　　磁気ヘッド,2007000404,2007年4月
312,010040000,生産金額（百万円）,350040300,　　磁気ヘッド,2007000505,2007年5月
291,010040000,生産金額（百万円）,350040300,　　磁気ヘッド,2007000606,2007年6月
331,010040000,生産金額（百万円）,350040300,　　磁気ヘッド,2007000707,2007年7月
303,010040000,生産金額（百万円）,350040300,　　磁気ヘッド,2007000808,2007年8月
307,010040000,生産金額（百万円）,350040300,　　磁気ヘッド,2007000909,2007年9月
239,010040000,生産金額（百万円）,350040300,　　磁気ヘッド,2007001010,2007年10月
228,010040000,生産金額（百万円）,350040300,　　磁気ヘッド,2007001111,2007年11月
240,010040000,生産金額（百万円）,350040300,　　磁気ヘッド,2007001212,2007年12月
247037,010040000,生産金額（百万円）,350050000,　メモリ部品,2003000000,2003年
226099,010040000,生産金額（百万円）,350050000,　メモリ部品,2004000000,2004年
217037,010040000,生産金額（百万円）,350050000,　メモリ部品,2005000000,2005年
217346,010040000,生産金額（百万円）,350050000,　メモリ部品,2006000000,2006年
198408,010040000,生産金額（百万円）,350050000,　メモリ部品,2007000000,2007年
215401,010040000,生産金額（百万円）,350050000,　メモリ部品,2005100000,2005年度
213020,010040000,生産金額（百万円）,350050000,　メモリ部品,2006100000,2006年度
46716,010040000,生産金額（百万円）,350050000,　メモリ部品,2007000103,2007年1～3月期
48842,010040000,生産金額（百万円）,350050000,　メモリ部品,2007000406,2007年4～6月期
50784,010040000,生産金額（百万円）,350050000,　メモリ部品,2007000709,2007年7～9月期
52066,010040000,生産金額（百万円）,350050000,　メモリ部品,2007001012,2007年10～12月期
15036,010040000,生産金額（百万円）,350050000,　メモリ部品,2007000101,2007年1月
16008,010040000,生産金額（百万円）,350050000,　メモリ部品,2007000202,2007年2月
15672,010040000,生産金額（百万円）,350050000,　メモリ部品,2007000303,2007年3月
15486,010040000,生産金額（百万円）,350050000,　メモリ部品,2007000404,2007年4月
16677,010040000,生産金額（百万円）,350050000,　メモリ部品,2007000505,2007年5月
16679,010040000,生産金額（百万円）,350050000,　メモリ部品,2007000606,2007年6月
16869,010040000,生産金額（百万円）,350050000,　メモリ部品,2007000707,2007年7月
16865,010040000,生産金額（百万円）,350050000,　メモリ部品,2007000808,2007年8月
17050,010040000,生産金額（百万円）,350050000,　メモリ部品,2007000909,2007年9月
18045,010040000,生産金額（百万円）,350050000,　メモリ部品,2007001010,2007年10月
17474,010040000,生産金額（百万円）,350050000,　メモリ部品,2007001111,2007年11月
16547,010040000,生産金額（百万円）,350050000,　メモリ部品,2007001212,2007年12月
177400,010040000,生産金額（百万円）,350050010,　　磁気テープ,2003000000,2003年
157074,010040000,生産金額（百万円）,350050010,　　磁気テープ,2004000000,2004年
148189,010040000,生産金額（百万円）,350050010,　　磁気テープ,2005000000,2005年
154033,010040000,生産金額（百万円）,350050010,　　磁気テープ,2006000000,2006年
149339,010040000,生産金額（百万円）,350050010,　　磁気テープ,2007000000,2007年
149888,010040000,生産金額（百万円）,350050010,　　磁気テープ,2005100000,2005年度
152519,010040000,生産金額（百万円）,350050010,　　磁気テープ,2006100000,2006年度
34168,010040000,生産金額（百万円）,350050010,　　磁気テープ,2007000103,2007年1～3月期
36849,010040000,生産金額（百万円）,350050010,　　磁気テープ,2007000406,2007年4～6月期
38424,010040000,生産金額（百万円）,350050010,　　磁気テープ,2007000709,2007年7～9月期
39898,010040000,生産金額（百万円）,350050010,　　磁気テープ,2007001012,2007年10～12月期
10786,010040000,生産金額（百万円）,350050010,　　磁気テープ,2007000101,2007年1月
11799,010040000,生産金額（百万円）,350050010,　　磁気テープ,2007000202,2007年2月
11583,010040000,生産金額（百万円）,350050010,　　磁気テープ,2007000303,2007年3月
11650,010040000,生産金額（百万円）,350050010,　　磁気テープ,2007000404,2007年4月
12643,010040000,生産金額（百万円）,350050010,　　磁気テープ,2007000505,2007年5月
12556,010040000,生産金額（百万円）,350050010,　　磁気テープ,2007000606,2007年6月
12594,010040000,生産金額（百万円）,350050010,　　磁気テープ,2007000707,2007年7月
12807,010040000,生産金額（百万円）,350050010,　　磁気テープ,2007000808,2007年8月
13023,010040000,生産金額（百万円）,350050010,　　磁気テープ,2007000909,2007年9月
13887,010040000,生産金額（百万円）,350050010,　　磁気テープ,2007001010,2007年10月
13499,010040000,生産金額（百万円）,350050010,　　磁気テープ,2007001111,2007年11月
12512,010040000,生産金額（百万円）,350050010,　　磁気テープ,2007001212,2007年12月
86332,010040000,生産金額（百万円）,350050011,　　　磁気録音・録画テープ,2003000000,2003年
74685,010040000,生産金額（百万円）,350050011,　　　磁気録音・録画テープ,2004000000,2004年
67778,010040000,生産金額（百万円）,350050011,　　　磁気録音・録画テープ,2005000000,2005年
66569,010040000,生産金額（百万円）,350050011,　　　磁気録音・録画テープ,2006000000,2006年
57037,010040000,生産金額（百万円）,350050011,　　　磁気録音・録画テープ,2007000000,2007年
67939,010040000,生産金額（百万円）,350050011,　　　磁気録音・録画テープ,2005100000,2005年度
65640,010040000,生産金額（百万円）,350050011,　　　磁気録音・録画テープ,2006100000,2006年度
14201,010040000,生産金額（百万円）,350050011,　　　磁気録音・録画テープ,2007000103,2007年1～3月期
13924,010040000,生産金額（百万円）,350050011,　　　磁気録音・録画テープ,2007000406,2007年4～6月期
14184,010040000,生産金額（百万円）,350050011,　　　磁気録音・録画テープ,2007000709,2007年7～9月期
14728,010040000,生産金額（百万円）,350050011,　　　磁気録音・録画テープ,2007001012,2007年10～12月期
4782,010040000,生産金額（百万円）,350050011,　　　磁気録音・録画テープ,2007000101,2007年1月
5126,010040000,生産金額（百万円）,350050011,　　　磁気録音・録画テープ,2007000202,2007年2月
4293,010040000,生産金額（百万円）,350050011,　　　磁気録音・録画テープ,2007000303,2007年3月
4762,010040000,生産金額（百万円）,350050011,　　　磁気録音・録画テープ,2007000404,2007年4月
4492,010040000,生産金額（百万円）,350050011,　　　磁気録音・録画テープ,2007000505,2007年5月
4670,010040000,生産金額（百万円）,350050011,　　　磁気録音・録画テープ,2007000606,2007年6月
4806,010040000,生産金額（百万円）,350050011,　　　磁気録音・録画テープ,2007000707,2007年7月
4569,010040000,生産金額（百万円）,350050011,　　　磁気録音・録画テープ,2007000808,2007年8月
4809,010040000,生産金額（百万円）,350050011,　　　磁気録音・録画テープ,2007000909,2007年9月
4995,010040000,生産金額（百万円）,350050011,　　　磁気録音・録画テープ,2007001010,2007年10月
5100,010040000,生産金額（百万円）,350050011,　　　磁気録音・録画テープ,2007001111,2007年11月
4633,010040000,生産金額（百万円）,350050011,　　　磁気録音・録画テープ,2007001212,2007年12月
91068,010040000,生産金額（百万円）,350050019,　　　その他の磁気テープ,2003000000,2003年
82389,010040000,生産金額（百万円）,350050019,　　　その他の磁気テープ,2004000000,2004年
80411,010040000,生産金額（百万円）,350050019,　　　その他の磁気テープ,2005000000,2005年
87464,010040000,生産金額（百万円）,350050019,　　　その他の磁気テープ,2006000000,2006年
92302,010040000,生産金額（百万円）,350050019,　　　その他の磁気テープ,2007000000,2007年
81949,010040000,生産金額（百万円）,350050019,　　　その他の磁気テープ,2005100000,2005年度
86879,010040000,生産金額（百万円）,350050019,　　　その他の磁気テープ,2006100000,2006年度
19967,010040000,生産金額（百万円）,350050019,　　　その他の磁気テープ,2007000103,2007年1～3月期
22925,010040000,生産金額（百万円）,350050019,　　　その他の磁気テープ,2007000406,2007年4～6月期
24240,010040000,生産金額（百万円）,350050019,　　　その他の磁気テープ,2007000709,2007年7～9月期
25170,010040000,生産金額（百万円）,350050019,　　　その他の磁気テープ,2007001012,2007年10～12月期
6004,010040000,生産金額（百万円）,350050019,　　　その他の磁気テープ,2007000101,2007年1月
6673,010040000,生産金額（百万円）,350050019,　　　その他の磁気テープ,2007000202,2007年2月
7290,010040000,生産金額（百万円）,350050019,　　　その他の磁気テープ,2007000303,2007年3月
6888,010040000,生産金額（百万円）,350050019,　　　その他の磁気テープ,2007000404,2007年4月
8151,010040000,生産金額（百万円）,350050019,　　　その他の磁気テープ,2007000505,2007年5月
7886,010040000,生産金額（百万円）,350050019,　　　その他の磁気テープ,2007000606,2007年6月
7788,010040000,生産金額（百万円）,350050019,　　　その他の磁気テープ,2007000707,2007年7月
8238,010040000,生産金額（百万円）,350050019,　　　その他の磁気テープ,2007000808,2007年8月
8214,010040000,生産金額（百万円）,350050019,　　　その他の磁気テープ,2007000909,2007年9月
8892,010040000,生産金額（百万円）,350050019,　　　その他の磁気テープ,2007001010,2007年10月
8399,010040000,生産金額（百万円）,350050019,　　　その他の磁気テープ,2007001111,2007年11月
7879,010040000,生産金額（百万円）,350050019,　　　その他の磁気テープ,2007001212,2007年12月
68003,010040000,生産金額（百万円）,350050030,　　光ディスク,2003000000,2003年
69025,010040000,生産金額（百万円）,350050030,　　光ディスク,2004000000,2004年
68848,010040000,生産金額（百万円）,350050030,　　光ディスク,2005000000,2005年
63313,010040000,生産金額（百万円）,350050030,　　光ディスク,2006000000,2006年
49069,010040000,生産金額（百万円）,350050030,　　光ディスク,2007000000,2007年
65513,010040000,生産金額（百万円）,350050030,　　光ディスク,2005100000,2005年度
60501,010040000,生産金額（百万円）,350050030,　　光ディスク,2006100000,2006年度
12548,010040000,生産金額（百万円）,350050030,　　光ディスク,2007000103,2007年1～3月期
11993,010040000,生産金額（百万円）,350050030,　　光ディスク,2007000406,2007年4～6月期
12360,010040000,生産金額（百万円）,350050030,　　光ディスク,2007000709,2007年7～9月期
12168,010040000,生産金額（百万円）,350050030,　　光ディスク,2007001012,2007年10～12月期
4250,010040000,生産金額（百万円）,350050030,　　光ディスク,2007000101,2007年1月
4209,010040000,生産金額（百万円）,350050030,　　光ディスク,2007000202,2007年2月
4089,010040000,生産金額（百万円）,350050030,　　光ディスク,2007000303,2007年3月
3836,010040000,生産金額（百万円）,350050030,　　光ディスク,2007000404,2007年4月
4034,010040000,生産金額（百万円）,350050030,　　光ディスク,2007000505,2007年5月
4123,010040000,生産金額（百万円）,350050030,　　光ディスク,2007000606,2007年6月
4275,010040000,生産金額（百万円）,350050030,　　光ディスク,2007000707,2007年7月
4058,010040000,生産金額（百万円）,350050030,　　光ディスク,2007000808,2007年8月
4027,010040000,生産金額（百万円）,350050030,　　光ディスク,2007000909,2007年9月
4158,010040000,生産金額（百万円）,350050030,　　光ディスク,2007001010,2007年10月
3975,010040000,生産金額（百万円）,350050030,　　光ディスク,2007001111,2007年11月
4035,010040000,生産金額（百万円）,350050030,　　光ディスク,2007001212,2007年12月
113973,010040000,生産金額（百万円）,350050050,　　スイッチング電源,2003000000,2003年
121136,010040000,生産金額（百万円）,350050050,　　スイッチング電源,2004000000,2004年
124310,010040000,生産金額（百万円）,350050050,　　スイッチング電源,2005000000,2005年
144729,010040000,生産金額（百万円）,350050050,　　スイッチング電源,2006000000,2006年
137175,010040000,生産金額（百万円）,350050050,　　スイッチング電源,2007000000,2007年
130428,010040000,生産金額（百万円）,350050050,　　スイッチング電源,2005100000,2005年度
144756,010040000,生産金額（百万円）,350050050,　　スイッチング電源,2006100000,2006年度
34838,010040000,生産金額（百万円）,350050050,　　スイッチング電源,2007000103,2007年1～3月期
32991,010040000,生産金額（百万円）,350050050,　　スイッチング電源,2007000406,2007年4～6月期
34752,010040000,生産金額（百万円）,350050050,　　スイッチング電源,2007000709,2007年7～9月期
34594,010040000,生産金額（百万円）,350050050,　　スイッチング電源,2007001012,2007年10～12月期
11757,010040000,生産金額（百万円）,350050050,　　スイッチング電源,2007000101,2007年1月
10849,010040000,生産金額（百万円）,350050050,　　スイッチング電源,2007000202,2007年2月
12232,010040000,生産金額（百万円）,350050050,　　スイッチング電源,2007000303,2007年3月
10899,010040000,生産金額（百万円）,350050050,　　スイッチング電源,2007000404,2007年4月
10408,010040000,生産金額（百万円）,350050050,　　スイッチング電源,2007000505,2007年5月
11684,010040000,生産金額（百万円）,350050050,　　スイッチング電源,2007000606,2007年6月
11613,010040000,生産金額（百万円）,350050050,　　スイッチング電源,2007000707,2007年7月
10965,010040000,生産金額（百万円）,350050050,　　スイッチング電源,2007000808,2007年8月
12174,010040000,生産金額（百万円）,350050050,　　スイッチング電源,2007000909,2007年9月
11590,010040000,生産金額（百万円）,350050050,　　スイッチング電源,2007001010,2007年10月
11974,010040000,生産金額（百万円）,350050050,　　スイッチング電源,2007001111,2007年11月
11030,010040000,生産金額（百万円）,350050050,　　スイッチング電源,2007001212,2007年12月
