value,cat01,cat01_label,cat02,cat02_label,time,time_label
31595,01000110,生産 数量 (千台),351700000,電子部品 スイッチング電源 (41),0024000000,平成24年
36194,01000110,生産 数量 (千台),351700000,電子部品 スイッチング電源 (41),0025000000,平成25年
38161,01000110,生産 数量 (千台),351700000,電子部品 スイッチング電源 (41),0026000000,平成26年
37596,01000110,生産 数量 (千台),351700000,電子部品 スイッチング電源 (41),0027000000,平成27年
38711,01000110,生産 数量 (千台),351700000,電子部品 スイッチング電源 (41),0028000000,平成28年
38504,01000110,生産 数量 (千台),351700000,電子部品 スイッチング電源 (41),0026010000,平成26年度
37554,01000110,生産 数量 (千台),351700000,電子部品 スイッチング電源 (41),0027010000,平成27年度
9498,01000110,生産 数量 (千台),351700000,電子部品 スイッチング電源 (41),0028000103,平成28年 1 ～ 3 月
9766,01000110,生産 数量 (千台),351700000,電子部品 スイッチング電源 (41),0028000406,平成28年 4 ～ 6 月
9952,01000110,生産 数量 (千台),351700000,電子部品 スイッチング電源 (41),0028000709,平成28年 7 ～ 9 月
9495,01000110,生産 数量 (千台),351700000,電子部品 スイッチング電源 (41),0028001012,平成28年 10 ～ 12 月
3034,01000110,生産 数量 (千台),351700000,電子部品 スイッチング電源 (41),0028000101,平成28年1月
3166,01000110,生産 数量 (千台),351700000,電子部品 スイッチング電源 (41),0028000202,平成28年2月
3298,01000110,生産 数量 (千台),351700000,電子部品 スイッチング電源 (41),0028000303,平成28年3月
3348,01000110,生産 数量 (千台),351700000,電子部品 スイッチング電源 (41),0028000404,平成28年4月
3039,01000110,生産 数量 (千台),351700000,電子部品 スイッチング電源 (41),0028000505,平成28年5月
3379,01000110,生産 数量 (千台),351700000,電子部品 スイッチング電源 (41),0028000606,平成28年6月
2887,01000110,生産 数量 (千台),351700000,電子部品 スイッチング電源 (41),0028000707,平成28年7月
3856,01000110,生産 数量 (千台),351700000,電子部品 スイッチング電源 (41),0028000808,平成28年8月
3209,01000110,生産 数量 (千台),351700000,電子部品 スイッチング電源 (41),0028000909,平成28年9月
3189,01000110,生産 数量 (千台),351700000,電子部品 スイッチング電源 (41),0028001010,平成28年10月
3214,01000110,生産 数量 (千台),351700000,電子部品 スイッチング電源 (41),0028001111,平成28年11月
3092,01000110,生産 数量 (千台),351700000,電子部品 スイッチング電源 (41),0028001212,平成28年12月
160622653,01000210,生産 数量 (千個),351110000,電子部品 受動部品 抵抗器 (1～6),0024000000,平成24年
136043092,01000210,生産 数量 (千個),351110000,電子部品 受動部品 抵抗器 (1～6),0025000000,平成25年
138338825,01000210,生産 数量 (千個),351110000,電子部品 受動部品 抵抗器 (1～6),0026000000,平成26年
134617547,01000210,生産 数量 (千個),351110000,電子部品 受動部品 抵抗器 (1～6),0027000000,平成27年
144971759,01000210,生産 数量 (千個),351110000,電子部品 受動部品 抵抗器 (1～6),0028000000,平成28年
139032815,01000210,生産 数量 (千個),351110000,電子部品 受動部品 抵抗器 (1～6),0026010000,平成26年度
134875752,01000210,生産 数量 (千個),351110000,電子部品 受動部品 抵抗器 (1～6),0027010000,平成27年度
34400243,01000210,生産 数量 (千個),351110000,電子部品 受動部品 抵抗器 (1～6),0028000103,平成28年 1 ～ 3 月
35092181,01000210,生産 数量 (千個),351110000,電子部品 受動部品 抵抗器 (1～6),0028000406,平成28年 4 ～ 6 月
37526875,01000210,生産 数量 (千個),351110000,電子部品 受動部品 抵抗器 (1～6),0028000709,平成28年 7 ～ 9 月
37952460,01000210,生産 数量 (千個),351110000,電子部品 受動部品 抵抗器 (1～6),0028001012,平成28年 10 ～ 12 月
10659304,01000210,生産 数量 (千個),351110000,電子部品 受動部品 抵抗器 (1～6),0028000101,平成28年1月
11592536,01000210,生産 数量 (千個),351110000,電子部品 受動部品 抵抗器 (1～6),0028000202,平成28年2月
12148403,01000210,生産 数量 (千個),351110000,電子部品 受動部品 抵抗器 (1～6),0028000303,平成28年3月
11891057,01000210,生産 数量 (千個),351110000,電子部品 受動部品 抵抗器 (1～6),0028000404,平成28年4月
10614483,01000210,生産 数量 (千個),351110000,電子部品 受動部品 抵抗器 (1～6),0028000505,平成28年5月
12586641,01000210,生産 数量 (千個),351110000,電子部品 受動部品 抵抗器 (1～6),0028000606,平成28年6月
12602303,01000210,生産 数量 (千個),351110000,電子部品 受動部品 抵抗器 (1～6),0028000707,平成28年7月
12287209,01000210,生産 数量 (千個),351110000,電子部品 受動部品 抵抗器 (1～6),0028000808,平成28年8月
12637363,01000210,生産 数量 (千個),351110000,電子部品 受動部品 抵抗器 (1～6),0028000909,平成28年9月
12639669,01000210,生産 数量 (千個),351110000,電子部品 受動部品 抵抗器 (1～6),0028001010,平成28年10月
12620081,01000210,生産 数量 (千個),351110000,電子部品 受動部品 抵抗器 (1～6),0028001111,平成28年11月
12692710,01000210,生産 数量 (千個),351110000,電子部品 受動部品 抵抗器 (1～6),0028001212,平成28年12月
1913645,01000210,生産 数量 (千個),351111000,電子部品 受動部品 抵抗器 可変抵抗器 (1～3),0024000000,平成24年
2090399,01000210,生産 数量 (千個),351111000,電子部品 受動部品 抵抗器 可変抵抗器 (1～3),0025000000,平成25年
1419501,01000210,生産 数量 (千個),351111000,電子部品 受動部品 抵抗器 可変抵抗器 (1～3),0026000000,平成26年
1311104,01000210,生産 数量 (千個),351111000,電子部品 受動部品 抵抗器 可変抵抗器 (1～3),0027000000,平成27年
1165310,01000210,生産 数量 (千個),351111000,電子部品 受動部品 抵抗器 可変抵抗器 (1～3),0028000000,平成28年
1432798,01000210,生産 数量 (千個),351111000,電子部品 受動部品 抵抗器 可変抵抗器 (1～3),0026010000,平成26年度
1305815,01000210,生産 数量 (千個),351111000,電子部品 受動部品 抵抗器 可変抵抗器 (1～3),0027010000,平成27年度
289194,01000210,生産 数量 (千個),351111000,電子部品 受動部品 抵抗器 可変抵抗器 (1～3),0028000103,平成28年 1 ～ 3 月
289385,01000210,生産 数量 (千個),351111000,電子部品 受動部品 抵抗器 可変抵抗器 (1～3),0028000406,平成28年 4 ～ 6 月
294812,01000210,生産 数量 (千個),351111000,電子部品 受動部品 抵抗器 可変抵抗器 (1～3),0028000709,平成28年 7 ～ 9 月
291919,01000210,生産 数量 (千個),351111000,電子部品 受動部品 抵抗器 可変抵抗器 (1～3),0028001012,平成28年 10 ～ 12 月
96005,01000210,生産 数量 (千個),351111000,電子部品 受動部品 抵抗器 可変抵抗器 (1～3),0028000101,平成28年1月
86438,01000210,生産 数量 (千個),351111000,電子部品 受動部品 抵抗器 可変抵抗器 (1～3),0028000202,平成28年2月
106751,01000210,生産 数量 (千個),351111000,電子部品 受動部品 抵抗器 可変抵抗器 (1～3),0028000303,平成28年3月
104233,01000210,生産 数量 (千個),351111000,電子部品 受動部品 抵抗器 可変抵抗器 (1～3),0028000404,平成28年4月
85905,01000210,生産 数量 (千個),351111000,電子部品 受動部品 抵抗器 可変抵抗器 (1～3),0028000505,平成28年5月
99247,01000210,生産 数量 (千個),351111000,電子部品 受動部品 抵抗器 可変抵抗器 (1～3),0028000606,平成28年6月
96506,01000210,生産 数量 (千個),351111000,電子部品 受動部品 抵抗器 可変抵抗器 (1～3),0028000707,平成28年7月
94983,01000210,生産 数量 (千個),351111000,電子部品 受動部品 抵抗器 可変抵抗器 (1～3),0028000808,平成28年8月
103323,01000210,生産 数量 (千個),351111000,電子部品 受動部品 抵抗器 可変抵抗器 (1～3),0028000909,平成28年9月
90985,01000210,生産 数量 (千個),351111000,電子部品 受動部品 抵抗器 可変抵抗器 (1～3),0028001010,平成28年10月
101013,01000210,生産 数量 (千個),351111000,電子部品 受動部品 抵抗器 可変抵抗器 (1～3),0028001111,平成28年11月
99921,01000210,生産 数量 (千個),351111000,電子部品 受動部品 抵抗器 可変抵抗器 (1～3),0028001212,平成28年12月
1576874,01000210,生産 数量 (千個),351111100,電子部品 受動部品 抵抗器 可変抵抗器 半固定抵抗器 (1),0024000000,平成24年
1556055,01000210,生産 数量 (千個),351111100,電子部品 受動部品 抵抗器 可変抵抗器 半固定抵抗器 (1),0025000000,平成25年
853190,01000210,生産 数量 (千個),351111100,電子部品 受動部品 抵抗器 可変抵抗器 半固定抵抗器 (1),0026000000,平成26年
712517,01000210,生産 数量 (千個),351111100,電子部品 受動部品 抵抗器 可変抵抗器 半固定抵抗器 (1),0027000000,平成27年
613794,01000210,生産 数量 (千個),351111100,電子部品 受動部品 抵抗器 可変抵抗器 半固定抵抗器 (1),0028000000,平成28年
845775,01000210,生産 数量 (千個),351111100,電子部品 受動部品 抵抗器 可変抵抗器 半固定抵抗器 (1),0026010000,平成26年度
686448,01000210,生産 数量 (千個),351111100,電子部品 受動部品 抵抗器 可変抵抗器 半固定抵抗器 (1),0027010000,平成27年度
156977,01000210,生産 数量 (千個),351111100,電子部品 受動部品 抵抗器 可変抵抗器 半固定抵抗器 (1),0028000103,平成28年 1 ～ 3 月
146971,01000210,生産 数量 (千個),351111100,電子部品 受動部品 抵抗器 可変抵抗器 半固定抵抗器 (1),0028000406,平成28年 4 ～ 6 月
155152,01000210,生産 数量 (千個),351111100,電子部品 受動部品 抵抗器 可変抵抗器 半固定抵抗器 (1),0028000709,平成28年 7 ～ 9 月
154694,01000210,生産 数量 (千個),351111100,電子部品 受動部品 抵抗器 可変抵抗器 半固定抵抗器 (1),0028001012,平成28年 10 ～ 12 月
52443,01000210,生産 数量 (千個),351111100,電子部品 受動部品 抵抗器 可変抵抗器 半固定抵抗器 (1),0028000101,平成28年1月
45719,01000210,生産 数量 (千個),351111100,電子部品 受動部品 抵抗器 可変抵抗器 半固定抵抗器 (1),0028000202,平成28年2月
58815,01000210,生産 数量 (千個),351111100,電子部品 受動部品 抵抗器 可変抵抗器 半固定抵抗器 (1),0028000303,平成28年3月
51228,01000210,生産 数量 (千個),351111100,電子部品 受動部品 抵抗器 可変抵抗器 半固定抵抗器 (1),0028000404,平成28年4月
43333,01000210,生産 数量 (千個),351111100,電子部品 受動部品 抵抗器 可変抵抗器 半固定抵抗器 (1),0028000505,平成28年5月
52410,01000210,生産 数量 (千個),351111100,電子部品 受動部品 抵抗器 可変抵抗器 半固定抵抗器 (1),0028000606,平成28年6月
50540,01000210,生産 数量 (千個),351111100,電子部品 受動部品 抵抗器 可変抵抗器 半固定抵抗器 (1),0028000707,平成28年7月
49818,01000210,生産 数量 (千個),351111100,電子部品 受動部品 抵抗器 可変抵抗器 半固定抵抗器 (1),0028000808,平成28年8月
54794,01000210,生産 数量 (千個),351111100,電子部品 受動部品 抵抗器 可変抵抗器 半固定抵抗器 (1),0028000909,平成28年9月
50895,01000210,生産 数量 (千個),351111100,電子部品 受動部品 抵抗器 可変抵抗器 半固定抵抗器 (1),0028001010,平成28年10月
52001,01000210,生産 数量 (千個),351111100,電子部品 受動部品 抵抗器 可変抵抗器 半固定抵抗器 (1),0028001111,平成28年11月
51798,01000210,生産 数量 (千個),351111100,電子部品 受動部品 抵抗器 可変抵抗器 半固定抵抗器 (1),0028001212,平成28年12月
276601,01000210,生産 数量 (千個),351111200,電子部品 受動部品 抵抗器 可変抵抗器 炭素系可変抵抗器(半固定を除く) (2),0024000000,平成24年
488050,01000210,生産 数量 (千個),351111200,電子部品 受動部品 抵抗器 可変抵抗器 炭素系可変抵抗器(半固定を除く) (2),0025000000,平成25年
526795,01000210,生産 数量 (千個),351111200,電子部品 受動部品 抵抗器 可変抵抗器 炭素系可変抵抗器(半固定を除く) (2),0026000000,平成26年
560639,01000210,生産 数量 (千個),351111200,電子部品 受動部品 抵抗器 可変抵抗器 炭素系可変抵抗器(半固定を除く) (2),0027000000,平成27年
514283,01000210,生産 数量 (千個),351111200,電子部品 受動部品 抵抗器 可変抵抗器 炭素系可変抵抗器(半固定を除く) (2),0028000000,平成28年
548057,01000210,生産 数量 (千個),351111200,電子部品 受動部品 抵抗器 可変抵抗器 炭素系可変抵抗器(半固定を除く) (2),0026010000,平成26年度
582125,01000210,生産 数量 (千個),351111200,電子部品 受動部品 抵抗器 可変抵抗器 炭素系可変抵抗器(半固定を除く) (2),0027010000,平成27年度
123060,01000210,生産 数量 (千個),351111200,電子部品 受動部品 抵抗器 可変抵抗器 炭素系可変抵抗器(半固定を除く) (2),0028000103,平成28年 1 ～ 3 月
132757,01000210,生産 数量 (千個),351111200,電子部品 受動部品 抵抗器 可変抵抗器 炭素系可変抵抗器(半固定を除く) (2),0028000406,平成28年 4 ～ 6 月
130299,01000210,生産 数量 (千個),351111200,電子部品 受動部品 抵抗器 可変抵抗器 炭素系可変抵抗器(半固定を除く) (2),0028000709,平成28年 7 ～ 9 月
128167,01000210,生産 数量 (千個),351111200,電子部品 受動部品 抵抗器 可変抵抗器 炭素系可変抵抗器(半固定を除く) (2),0028001012,平成28年 10 ～ 12 月
40659,01000210,生産 数量 (千個),351111200,電子部品 受動部品 抵抗器 可変抵抗器 炭素系可変抵抗器(半固定を除く) (2),0028000101,平成28年1月
37701,01000210,生産 数量 (千個),351111200,電子部品 受動部品 抵抗器 可変抵抗器 炭素系可変抵抗器(半固定を除く) (2),0028000202,平成28年2月
44700,01000210,生産 数量 (千個),351111200,電子部品 受動部品 抵抗器 可変抵抗器 炭素系可変抵抗器(半固定を除く) (2),0028000303,平成28年3月
49621,01000210,生産 数量 (千個),351111200,電子部品 受動部品 抵抗器 可変抵抗器 炭素系可変抵抗器(半固定を除く) (2),0028000404,平成28年4月
39786,01000210,生産 数量 (千個),351111200,電子部品 受動部品 抵抗器 可変抵抗器 炭素系可変抵抗器(半固定を除く) (2),0028000505,平成28年5月
43350,01000210,生産 数量 (千個),351111200,電子部品 受動部品 抵抗器 可変抵抗器 炭素系可変抵抗器(半固定を除く) (2),0028000606,平成28年6月
42633,01000210,生産 数量 (千個),351111200,電子部品 受動部品 抵抗器 可変抵抗器 炭素系可変抵抗器(半固定を除く) (2),0028000707,平成28年7月
42494,01000210,生産 数量 (千個),351111200,電子部品 受動部品 抵抗器 可変抵抗器 炭素系可変抵抗器(半固定を除く) (2),0028000808,平成28年8月
45172,01000210,生産 数量 (千個),351111200,電子部品 受動部品 抵抗器 可変抵抗器 炭素系可変抵抗器(半固定を除く) (2),0028000909,平成28年9月
37040,01000210,生産 数量 (千個),351111200,電子部品 受動部品 抵抗器 可変抵抗器 炭素系可変抵抗器(半固定を除く) (2),0028001010,平成28年10月
45824,01000210,生産 数量 (千個),351111200,電子部品 受動部品 抵抗器 可変抵抗器 炭素系可変抵抗器(半固定を除く) (2),0028001111,平成28年11月
45303,01000210,生産 数量 (千個),351111200,電子部品 受動部品 抵抗器 可変抵抗器 炭素系可変抵抗器(半固定を除く) (2),0028001212,平成28年12月
60170,01000210,生産 数量 (千個),351111300,電子部品 受動部品 抵抗器 可変抵抗器 その他の可変抵抗器 (3),0024000000,平成24年
46294,01000210,生産 数量 (千個),351111300,電子部品 受動部品 抵抗器 可変抵抗器 その他の可変抵抗器 (3),0025000000,平成25年
39516,01000210,生産 数量 (千個),351111300,電子部品 受動部品 抵抗器 可変抵抗器 その他の可変抵抗器 (3),0026000000,平成26年
37948,01000210,生産 数量 (千個),351111300,電子部品 受動部品 抵抗器 可変抵抗器 その他の可変抵抗器 (3),0027000000,平成27年
37233,01000210,生産 数量 (千個),351111300,電子部品 受動部品 抵抗器 可変抵抗器 その他の可変抵抗器 (3),0028000000,平成28年
38966,01000210,生産 数量 (千個),351111300,電子部品 受動部品 抵抗器 可変抵抗器 その他の可変抵抗器 (3),0026010000,平成26年度
37242,01000210,生産 数量 (千個),351111300,電子部品 受動部品 抵抗器 可変抵抗器 その他の可変抵抗器 (3),0027010000,平成27年度
9157,01000210,生産 数量 (千個),351111300,電子部品 受動部品 抵抗器 可変抵抗器 その他の可変抵抗器 (3),0028000103,平成28年 1 ～ 3 月
9657,01000210,生産 数量 (千個),351111300,電子部品 受動部品 抵抗器 可変抵抗器 その他の可変抵抗器 (3),0028000406,平成28年 4 ～ 6 月
9361,01000210,生産 数量 (千個),351111300,電子部品 受動部品 抵抗器 可変抵抗器 その他の可変抵抗器 (3),0028000709,平成28年 7 ～ 9 月
9058,01000210,生産 数量 (千個),351111300,電子部品 受動部品 抵抗器 可変抵抗器 その他の可変抵抗器 (3),0028001012,平成28年 10 ～ 12 月
2903,01000210,生産 数量 (千個),351111300,電子部品 受動部品 抵抗器 可変抵抗器 その他の可変抵抗器 (3),0028000101,平成28年1月
3018,01000210,生産 数量 (千個),351111300,電子部品 受動部品 抵抗器 可変抵抗器 その他の可変抵抗器 (3),0028000202,平成28年2月
3236,01000210,生産 数量 (千個),351111300,電子部品 受動部品 抵抗器 可変抵抗器 その他の可変抵抗器 (3),0028000303,平成28年3月
3384,01000210,生産 数量 (千個),351111300,電子部品 受動部品 抵抗器 可変抵抗器 その他の可変抵抗器 (3),0028000404,平成28年4月
2786,01000210,生産 数量 (千個),351111300,電子部品 受動部品 抵抗器 可変抵抗器 その他の可変抵抗器 (3),0028000505,平成28年5月
3487,01000210,生産 数量 (千個),351111300,電子部品 受動部品 抵抗器 可変抵抗器 その他の可変抵抗器 (3),0028000606,平成28年6月
3333,01000210,生産 数量 (千個),351111300,電子部品 受動部品 抵抗器 可変抵抗器 その他の可変抵抗器 (3),0028000707,平成28年7月
2671,01000210,生産 数量 (千個),351111300,電子部品 受動部品 抵抗器 可変抵抗器 その他の可変抵抗器 (3),0028000808,平成28年8月
3357,01000210,生産 数量 (千個),351111300,電子部品 受動部品 抵抗器 可変抵抗器 その他の可変抵抗器 (3),0028000909,平成28年9月
3050,01000210,生産 数量 (千個),351111300,電子部品 受動部品 抵抗器 可変抵抗器 その他の可変抵抗器 (3),0028001010,平成28年10月
3188,01000210,生産 数量 (千個),351111300,電子部品 受動部品 抵抗器 可変抵抗器 その他の可変抵抗器 (3),0028001111,平成28年11月
2820,01000210,生産 数量 (千個),351111300,電子部品 受動部品 抵抗器 可変抵抗器 その他の可変抵抗器 (3),0028001212,平成28年12月
158709008,01000210,生産 数量 (千個),351112000,電子部品 受動部品 抵抗器 固定抵抗器 (4～6),0024000000,平成24年
133952693,01000210,生産 数量 (千個),351112000,電子部品 受動部品 抵抗器 固定抵抗器 (4～6),0025000000,平成25年
136919324,01000210,生産 数量 (千個),351112000,電子部品 受動部品 抵抗器 固定抵抗器 (4～6),0026000000,平成26年
133306443,01000210,生産 数量 (千個),351112000,電子部品 受動部品 抵抗器 固定抵抗器 (4～6),0027000000,平成27年
143806449,01000210,生産 数量 (千個),351112000,電子部品 受動部品 抵抗器 固定抵抗器 (4～6),0028000000,平成28年
137600017,01000210,生産 数量 (千個),351112000,電子部品 受動部品 抵抗器 固定抵抗器 (4～6),0026010000,平成26年度
133569937,01000210,生産 数量 (千個),351112000,電子部品 受動部品 抵抗器 固定抵抗器 (4～6),0027010000,平成27年度
34111049,01000210,生産 数量 (千個),351112000,電子部品 受動部品 抵抗器 固定抵抗器 (4～6),0028000103,平成28年 1 ～ 3 月
34802796,01000210,生産 数量 (千個),351112000,電子部品 受動部品 抵抗器 固定抵抗器 (4～6),0028000406,平成28年 4 ～ 6 月
37232063,01000210,生産 数量 (千個),351112000,電子部品 受動部品 抵抗器 固定抵抗器 (4～6),0028000709,平成28年 7 ～ 9 月
37660541,01000210,生産 数量 (千個),351112000,電子部品 受動部品 抵抗器 固定抵抗器 (4～6),0028001012,平成28年 10 ～ 12 月
10563299,01000210,生産 数量 (千個),351112000,電子部品 受動部品 抵抗器 固定抵抗器 (4～6),0028000101,平成28年1月
11506098,01000210,生産 数量 (千個),351112000,電子部品 受動部品 抵抗器 固定抵抗器 (4～6),0028000202,平成28年2月
12041652,01000210,生産 数量 (千個),351112000,電子部品 受動部品 抵抗器 固定抵抗器 (4～6),0028000303,平成28年3月
11786824,01000210,生産 数量 (千個),351112000,電子部品 受動部品 抵抗器 固定抵抗器 (4～6),0028000404,平成28年4月
10528578,01000210,生産 数量 (千個),351112000,電子部品 受動部品 抵抗器 固定抵抗器 (4～6),0028000505,平成28年5月
12487394,01000210,生産 数量 (千個),351112000,電子部品 受動部品 抵抗器 固定抵抗器 (4～6),0028000606,平成28年6月
12505797,01000210,生産 数量 (千個),351112000,電子部品 受動部品 抵抗器 固定抵抗器 (4～6),0028000707,平成28年7月
12192226,01000210,生産 数量 (千個),351112000,電子部品 受動部品 抵抗器 固定抵抗器 (4～6),0028000808,平成28年8月
12534040,01000210,生産 数量 (千個),351112000,電子部品 受動部品 抵抗器 固定抵抗器 (4～6),0028000909,平成28年9月
12548684,01000210,生産 数量 (千個),351112000,電子部品 受動部品 抵抗器 固定抵抗器 (4～6),0028001010,平成28年10月
12519068,01000210,生産 数量 (千個),351112000,電子部品 受動部品 抵抗器 固定抵抗器 (4～6),0028001111,平成28年11月
12592789,01000210,生産 数量 (千個),351112000,電子部品 受動部品 抵抗器 固定抵抗器 (4～6),0028001212,平成28年12月
10301916,01000210,生産 数量 (千個),351112100,電子部品 受動部品 抵抗器 固定抵抗器 ネットワーク抵抗器 (4),0024000000,平成24年
9864800,01000210,生産 数量 (千個),351112100,電子部品 受動部品 抵抗器 固定抵抗器 ネットワーク抵抗器 (4),0025000000,平成25年
11363456,01000210,生産 数量 (千個),351112100,電子部品 受動部品 抵抗器 固定抵抗器 ネットワーク抵抗器 (4),0026000000,平成26年
9510886,01000210,生産 数量 (千個),351112100,電子部品 受動部品 抵抗器 固定抵抗器 ネットワーク抵抗器 (4),0027000000,平成27年
9522409,01000210,生産 数量 (千個),351112100,電子部品 受動部品 抵抗器 固定抵抗器 ネットワーク抵抗器 (4),0028000000,平成28年
11144701,01000210,生産 数量 (千個),351112100,電子部品 受動部品 抵抗器 固定抵抗器 ネットワーク抵抗器 (4),0026010000,平成26年度
9409907,01000210,生産 数量 (千個),351112100,電子部品 受動部品 抵抗器 固定抵抗器 ネットワーク抵抗器 (4),0027010000,平成27年度
2352805,01000210,生産 数量 (千個),351112100,電子部品 受動部品 抵抗器 固定抵抗器 ネットワーク抵抗器 (4),0028000103,平成28年 1 ～ 3 月
2385344,01000210,生産 数量 (千個),351112100,電子部品 受動部品 抵抗器 固定抵抗器 ネットワーク抵抗器 (4),0028000406,平成28年 4 ～ 6 月
2446990,01000210,生産 数量 (千個),351112100,電子部品 受動部品 抵抗器 固定抵抗器 ネットワーク抵抗器 (4),0028000709,平成28年 7 ～ 9 月
2337270,01000210,生産 数量 (千個),351112100,電子部品 受動部品 抵抗器 固定抵抗器 ネットワーク抵抗器 (4),0028001012,平成28年 10 ～ 12 月
721664,01000210,生産 数量 (千個),351112100,電子部品 受動部品 抵抗器 固定抵抗器 ネットワーク抵抗器 (4),0028000101,平成28年1月
827817,01000210,生産 数量 (千個),351112100,電子部品 受動部品 抵抗器 固定抵抗器 ネットワーク抵抗器 (4),0028000202,平成28年2月
803324,01000210,生産 数量 (千個),351112100,電子部品 受動部品 抵抗器 固定抵抗器 ネットワーク抵抗器 (4),0028000303,平成28年3月
764189,01000210,生産 数量 (千個),351112100,電子部品 受動部品 抵抗器 固定抵抗器 ネットワーク抵抗器 (4),0028000404,平成28年4月
732704,01000210,生産 数量 (千個),351112100,電子部品 受動部品 抵抗器 固定抵抗器 ネットワーク抵抗器 (4),0028000505,平成28年5月
888451,01000210,生産 数量 (千個),351112100,電子部品 受動部品 抵抗器 固定抵抗器 ネットワーク抵抗器 (4),0028000606,平成28年6月
820050,01000210,生産 数量 (千個),351112100,電子部品 受動部品 抵抗器 固定抵抗器 ネットワーク抵抗器 (4),0028000707,平成28年7月
807611,01000210,生産 数量 (千個),351112100,電子部品 受動部品 抵抗器 固定抵抗器 ネットワーク抵抗器 (4),0028000808,平成28年8月
819329,01000210,生産 数量 (千個),351112100,電子部品 受動部品 抵抗器 固定抵抗器 ネットワーク抵抗器 (4),0028000909,平成28年9月
739253,01000210,生産 数量 (千個),351112100,電子部品 受動部品 抵抗器 固定抵抗器 ネットワーク抵抗器 (4),0028001010,平成28年10月
815353,01000210,生産 数量 (千個),351112100,電子部品 受動部品 抵抗器 固定抵抗器 ネットワーク抵抗器 (4),0028001111,平成28年11月
782664,01000210,生産 数量 (千個),351112100,電子部品 受動部品 抵抗器 固定抵抗器 ネットワーク抵抗器 (4),0028001212,平成28年12月
141510934,01000210,生産 数量 (千個),351112200,電子部品 受動部品 抵抗器 固定抵抗器 チップ抵抗器 (5),0024000000,平成24年
117109988,01000210,生産 数量 (千個),351112200,電子部品 受動部品 抵抗器 固定抵抗器 チップ抵抗器 (5),0025000000,平成25年
118262930,01000210,生産 数量 (千個),351112200,電子部品 受動部品 抵抗器 固定抵抗器 チップ抵抗器 (5),0026000000,平成26年
116889617,01000210,生産 数量 (千個),351112200,電子部品 受動部品 抵抗器 固定抵抗器 チップ抵抗器 (5),0027000000,平成27年
125172032,01000210,生産 数量 (千個),351112200,電子部品 受動部品 抵抗器 固定抵抗器 チップ抵抗器 (5),0028000000,平成28年
119300340,01000210,生産 数量 (千個),351112200,電子部品 受動部品 抵抗器 固定抵抗器 チップ抵抗器 (5),0026010000,平成26年度
116647425,01000210,生産 数量 (千個),351112200,電子部品 受動部品 抵抗器 固定抵抗器 チップ抵抗器 (5),0027010000,平成27年度
29756315,01000210,生産 数量 (千個),351112200,電子部品 受動部品 抵抗器 固定抵抗器 チップ抵抗器 (5),0028000103,平成28年 1 ～ 3 月
30445794,01000210,生産 数量 (千個),351112200,電子部品 受動部品 抵抗器 固定抵抗器 チップ抵抗器 (5),0028000406,平成28年 4 ～ 6 月
32245549,01000210,生産 数量 (千個),351112200,電子部品 受動部品 抵抗器 固定抵抗器 チップ抵抗器 (5),0028000709,平成28年 7 ～ 9 月
32724374,01000210,生産 数量 (千個),351112200,電子部品 受動部品 抵抗器 固定抵抗器 チップ抵抗器 (5),0028001012,平成28年 10 ～ 12 月
9166010,01000210,生産 数量 (千個),351112200,電子部品 受動部品 抵抗器 固定抵抗器 チップ抵抗器 (5),0028000101,平成28年1月
10146498,01000210,生産 数量 (千個),351112200,電子部品 受動部品 抵抗器 固定抵抗器 チップ抵抗器 (5),0028000202,平成28年2月
10443807,01000210,生産 数量 (千個),351112200,電子部品 受動部品 抵抗器 固定抵抗器 チップ抵抗器 (5),0028000303,平成28年3月
10501535,01000210,生産 数量 (千個),351112200,電子部品 受動部品 抵抗器 固定抵抗器 チップ抵抗器 (5),0028000404,平成28年4月
9133887,01000210,生産 数量 (千個),351112200,電子部品 受動部品 抵抗器 固定抵抗器 チップ抵抗器 (5),0028000505,平成28年5月
10810372,01000210,生産 数量 (千個),351112200,電子部品 受動部品 抵抗器 固定抵抗器 チップ抵抗器 (5),0028000606,平成28年6月
10879204,01000210,生産 数量 (千個),351112200,電子部品 受動部品 抵抗器 固定抵抗器 チップ抵抗器 (5),0028000707,平成28年7月
10539650,01000210,生産 数量 (千個),351112200,電子部品 受動部品 抵抗器 固定抵抗器 チップ抵抗器 (5),0028000808,平成28年8月
10826695,01000210,生産 数量 (千個),351112200,電子部品 受動部品 抵抗器 固定抵抗器 チップ抵抗器 (5),0028000909,平成28年9月
11027191,01000210,生産 数量 (千個),351112200,電子部品 受動部品 抵抗器 固定抵抗器 チップ抵抗器 (5),0028001010,平成28年10月
10837820,01000210,生産 数量 (千個),351112200,電子部品 受動部品 抵抗器 固定抵抗器 チップ抵抗器 (5),0028001111,平成28年11月
10859363,01000210,生産 数量 (千個),351112200,電子部品 受動部品 抵抗器 固定抵抗器 チップ抵抗器 (5),0028001212,平成28年12月
6896158,01000210,生産 数量 (千個),351112300,電子部品 受動部品 抵抗器 固定抵抗器 その他の固定抵抗器 (6),0024000000,平成24年
6977905,01000210,生産 数量 (千個),351112300,電子部品 受動部品 抵抗器 固定抵抗器 その他の固定抵抗器 (6),0025000000,平成25年
7292938,01000210,生産 数量 (千個),351112300,電子部品 受動部品 抵抗器 固定抵抗器 その他の固定抵抗器 (6),0026000000,平成26年
6905940,01000210,生産 数量 (千個),351112300,電子部品 受動部品 抵抗器 固定抵抗器 その他の固定抵抗器 (6),0027000000,平成27年
9112008,01000210,生産 数量 (千個),351112300,電子部品 受動部品 抵抗器 固定抵抗器 その他の固定抵抗器 (6),0028000000,平成28年
7154976,01000210,生産 数量 (千個),351112300,電子部品 受動部品 抵抗器 固定抵抗器 その他の固定抵抗器 (6),0026010000,平成26年度
7512605,01000210,生産 数量 (千個),351112300,電子部品 受動部品 抵抗器 固定抵抗器 その他の固定抵抗器 (6),0027010000,平成27年度
2001929,01000210,生産 数量 (千個),351112300,電子部品 受動部品 抵抗器 固定抵抗器 その他の固定抵抗器 (6),0028000103,平成28年 1 ～ 3 月
1971658,01000210,生産 数量 (千個),351112300,電子部品 受動部品 抵抗器 固定抵抗器 その他の固定抵抗器 (6),0028000406,平成28年 4 ～ 6 月
2539524,01000210,生産 数量 (千個),351112300,電子部品 受動部品 抵抗器 固定抵抗器 その他の固定抵抗器 (6),0028000709,平成28年 7 ～ 9 月
2598897,01000210,生産 数量 (千個),351112300,電子部品 受動部品 抵抗器 固定抵抗器 その他の固定抵抗器 (6),0028001012,平成28年 10 ～ 12 月
675625,01000210,生産 数量 (千個),351112300,電子部品 受動部品 抵抗器 固定抵抗器 その他の固定抵抗器 (6),0028000101,平成28年1月
531783,01000210,生産 数量 (千個),351112300,電子部品 受動部品 抵抗器 固定抵抗器 その他の固定抵抗器 (6),0028000202,平成28年2月
794521,01000210,生産 数量 (千個),351112300,電子部品 受動部品 抵抗器 固定抵抗器 その他の固定抵抗器 (6),0028000303,平成28年3月
521100,01000210,生産 数量 (千個),351112300,電子部品 受動部品 抵抗器 固定抵抗器 その他の固定抵抗器 (6),0028000404,平成28年4月
661987,01000210,生産 数量 (千個),351112300,電子部品 受動部品 抵抗器 固定抵抗器 その他の固定抵抗器 (6),0028000505,平成28年5月
788571,01000210,生産 数量 (千個),351112300,電子部品 受動部品 抵抗器 固定抵抗器 その他の固定抵抗器 (6),0028000606,平成28年6月
806543,01000210,生産 数量 (千個),351112300,電子部品 受動部品 抵抗器 固定抵抗器 その他の固定抵抗器 (6),0028000707,平成28年7月
844965,01000210,生産 数量 (千個),351112300,電子部品 受動部品 抵抗器 固定抵抗器 その他の固定抵抗器 (6),0028000808,平成28年8月
888016,01000210,生産 数量 (千個),351112300,電子部品 受動部品 抵抗器 固定抵抗器 その他の固定抵抗器 (6),0028000909,平成28年9月
782240,01000210,生産 数量 (千個),351112300,電子部品 受動部品 抵抗器 固定抵抗器 その他の固定抵抗器 (6),0028001010,平成28年10月
865895,01000210,生産 数量 (千個),351112300,電子部品 受動部品 抵抗器 固定抵抗器 その他の固定抵抗器 (6),0028001111,平成28年11月
950762,01000210,生産 数量 (千個),351112300,電子部品 受動部品 抵抗器 固定抵抗器 その他の固定抵抗器 (6),0028001212,平成28年12月
780217553,01000210,生産 数量 (千個),351120000,電子部品 受動部品 固定コンデンサ (7～11),0024000000,平成24年
749209443,01000210,生産 数量 (千個),351120000,電子部品 受動部品 固定コンデンサ (7～11),0025000000,平成25年
813897052,01000210,生産 数量 (千個),351120000,電子部品 受動部品 固定コンデンサ (7～11),0026000000,平成26年
861622001,01000210,生産 数量 (千個),351120000,電子部品 受動部品 固定コンデンサ (7～11),0027000000,平成27年
944248360,01000210,生産 数量 (千個),351120000,電子部品 受動部品 固定コンデンサ (7～11),0028000000,平成28年
838735491,01000210,生産 数量 (千個),351120000,電子部品 受動部品 固定コンデンサ (7～11),0026010000,平成26年度
872566547,01000210,生産 数量 (千個),351120000,電子部品 受動部品 固定コンデンサ (7～11),0027010000,平成27年度
207502123,01000210,生産 数量 (千個),351120000,電子部品 受動部品 固定コンデンサ (7～11),0028000103,平成28年 1 ～ 3 月
218602510,01000210,生産 数量 (千個),351120000,電子部品 受動部品 固定コンデンサ (7～11),0028000406,平成28年 4 ～ 6 月
262431037,01000210,生産 数量 (千個),351120000,電子部品 受動部品 固定コンデンサ (7～11),0028000709,平成28年 7 ～ 9 月
255712690,01000210,生産 数量 (千個),351120000,電子部品 受動部品 固定コンデンサ (7～11),0028001012,平成28年 10 ～ 12 月
70349517,01000210,生産 数量 (千個),351120000,電子部品 受動部品 固定コンデンサ (7～11),0028000101,平成28年1月
63269082,01000210,生産 数量 (千個),351120000,電子部品 受動部品 固定コンデンサ (7～11),0028000202,平成28年2月
73883524,01000210,生産 数量 (千個),351120000,電子部品 受動部品 固定コンデンサ (7～11),0028000303,平成28年3月
76406697,01000210,生産 数量 (千個),351120000,電子部品 受動部品 固定コンデンサ (7～11),0028000404,平成28年4月
67553727,01000210,生産 数量 (千個),351120000,電子部品 受動部品 固定コンデンサ (7～11),0028000505,平成28年5月
74642086,01000210,生産 数量 (千個),351120000,電子部品 受動部品 固定コンデンサ (7～11),0028000606,平成28年6月
80080151,01000210,生産 数量 (千個),351120000,電子部品 受動部品 固定コンデンサ (7～11),0028000707,平成28年7月
88988594,01000210,生産 数量 (千個),351120000,電子部品 受動部品 固定コンデンサ (7～11),0028000808,平成28年8月
93362292,01000210,生産 数量 (千個),351120000,電子部品 受動部品 固定コンデンサ (7～11),0028000909,平成28年9月
86603353,01000210,生産 数量 (千個),351120000,電子部品 受動部品 固定コンデンサ (7～11),0028001010,平成28年10月
83505444,01000210,生産 数量 (千個),351120000,電子部品 受動部品 固定コンデンサ (7～11),0028001111,平成28年11月
85603893,01000210,生産 数量 (千個),351120000,電子部品 受動部品 固定コンデンサ (7～11),0028001212,平成28年12月
10885576,01000210,生産 数量 (千個),351121000,電子部品 受動部品 固定コンデンサ アルミ電解コンデンサ (7),0024000000,平成24年
10255585,01000210,生産 数量 (千個),351121000,電子部品 受動部品 固定コンデンサ アルミ電解コンデンサ (7),0025000000,平成25年
10637308,01000210,生産 数量 (千個),351121000,電子部品 受動部品 固定コンデンサ アルミ電解コンデンサ (7),0026000000,平成26年
10177127,01000210,生産 数量 (千個),351121000,電子部品 受動部品 固定コンデンサ アルミ電解コンデンサ (7),0027000000,平成27年
10974904,01000210,生産 数量 (千個),351121000,電子部品 受動部品 固定コンデンサ アルミ電解コンデンサ (7),0028000000,平成28年
10626524,01000210,生産 数量 (千個),351121000,電子部品 受動部品 固定コンデンサ アルミ電解コンデンサ (7),0026010000,平成26年度
10205676,01000210,生産 数量 (千個),351121000,電子部品 受動部品 固定コンデンサ アルミ電解コンデンサ (7),0027010000,平成27年度
2580075,01000210,生産 数量 (千個),351121000,電子部品 受動部品 固定コンデンサ アルミ電解コンデンサ (7),0028000103,平成28年 1 ～ 3 月
2674931,01000210,生産 数量 (千個),351121000,電子部品 受動部品 固定コンデンサ アルミ電解コンデンサ (7),0028000406,平成28年 4 ～ 6 月
2848840,01000210,生産 数量 (千個),351121000,電子部品 受動部品 固定コンデンサ アルミ電解コンデンサ (7),0028000709,平成28年 7 ～ 9 月
2871058,01000210,生産 数量 (千個),351121000,電子部品 受動部品 固定コンデンサ アルミ電解コンデンサ (7),0028001012,平成28年 10 ～ 12 月
802294,01000210,生産 数量 (千個),351121000,電子部品 受動部品 固定コンデンサ アルミ電解コンデンサ (7),0028000101,平成28年1月
860183,01000210,生産 数量 (千個),351121000,電子部品 受動部品 固定コンデンサ アルミ電解コンデンサ (7),0028000202,平成28年2月
917598,01000210,生産 数量 (千個),351121000,電子部品 受動部品 固定コンデンサ アルミ電解コンデンサ (7),0028000303,平成28年3月
881797,01000210,生産 数量 (千個),351121000,電子部品 受動部品 固定コンデンサ アルミ電解コンデンサ (7),0028000404,平成28年4月
861390,01000210,生産 数量 (千個),351121000,電子部品 受動部品 固定コンデンサ アルミ電解コンデンサ (7),0028000505,平成28年5月
931744,01000210,生産 数量 (千個),351121000,電子部品 受動部品 固定コンデンサ アルミ電解コンデンサ (7),0028000606,平成28年6月
937496,01000210,生産 数量 (千個),351121000,電子部品 受動部品 固定コンデンサ アルミ電解コンデンサ (7),0028000707,平成28年7月
930687,01000210,生産 数量 (千個),351121000,電子部品 受動部品 固定コンデンサ アルミ電解コンデンサ (7),0028000808,平成28年8月
980657,01000210,生産 数量 (千個),351121000,電子部品 受動部品 固定コンデンサ アルミ電解コンデンサ (7),0028000909,平成28年9月
980611,01000210,生産 数量 (千個),351121000,電子部品 受動部品 固定コンデンサ アルミ電解コンデンサ (7),0028001010,平成28年10月
972211,01000210,生産 数量 (千個),351121000,電子部品 受動部品 固定コンデンサ アルミ電解コンデンサ (7),0028001111,平成28年11月
918236,01000210,生産 数量 (千個),351121000,電子部品 受動部品 固定コンデンサ アルミ電解コンデンサ (7),0028001212,平成28年12月
2844317,01000210,生産 数量 (千個),351122000,電子部品 受動部品 固定コンデンサ タンタル電解コンデンサ (8),0024000000,平成24年
2076036,01000210,生産 数量 (千個),351122000,電子部品 受動部品 固定コンデンサ タンタル電解コンデンサ (8),0025000000,平成25年
1801148,01000210,生産 数量 (千個),351122000,電子部品 受動部品 固定コンデンサ タンタル電解コンデンサ (8),0026000000,平成26年
1641793,01000210,生産 数量 (千個),351122000,電子部品 受動部品 固定コンデンサ タンタル電解コンデンサ (8),0027000000,平成27年
1609807,01000210,生産 数量 (千個),351122000,電子部品 受動部品 固定コンデンサ タンタル電解コンデンサ (8),0028000000,平成28年
1757266,01000210,生産 数量 (千個),351122000,電子部品 受動部品 固定コンデンサ タンタル電解コンデンサ (8),0026010000,平成26年度
1606626,01000210,生産 数量 (千個),351122000,電子部品 受動部品 固定コンデンサ タンタル電解コンデンサ (8),0027010000,平成27年度
388083,01000210,生産 数量 (千個),351122000,電子部品 受動部品 固定コンデンサ タンタル電解コンデンサ (8),0028000103,平成28年 1 ～ 3 月
411693,01000210,生産 数量 (千個),351122000,電子部品 受動部品 固定コンデンサ タンタル電解コンデンサ (8),0028000406,平成28年 4 ～ 6 月
402312,01000210,生産 数量 (千個),351122000,電子部品 受動部品 固定コンデンサ タンタル電解コンデンサ (8),0028000709,平成28年 7 ～ 9 月
407719,01000210,生産 数量 (千個),351122000,電子部品 受動部品 固定コンデンサ タンタル電解コンデンサ (8),0028001012,平成28年 10 ～ 12 月
111800,01000210,生産 数量 (千個),351122000,電子部品 受動部品 固定コンデンサ タンタル電解コンデンサ (8),0028000101,平成28年1月
129628,01000210,生産 数量 (千個),351122000,電子部品 受動部品 固定コンデンサ タンタル電解コンデンサ (8),0028000202,平成28年2月
146655,01000210,生産 数量 (千個),351122000,電子部品 受動部品 固定コンデンサ タンタル電解コンデンサ (8),0028000303,平成28年3月
141809,01000210,生産 数量 (千個),351122000,電子部品 受動部品 固定コンデンサ タンタル電解コンデンサ (8),0028000404,平成28年4月
129333,01000210,生産 数量 (千個),351122000,電子部品 受動部品 固定コンデンサ タンタル電解コンデンサ (8),0028000505,平成28年5月
140551,01000210,生産 数量 (千個),351122000,電子部品 受動部品 固定コンデンサ タンタル電解コンデンサ (8),0028000606,平成28年6月
132520,01000210,生産 数量 (千個),351122000,電子部品 受動部品 固定コンデンサ タンタル電解コンデンサ (8),0028000707,平成28年7月
124395,01000210,生産 数量 (千個),351122000,電子部品 受動部品 固定コンデンサ タンタル電解コンデンサ (8),0028000808,平成28年8月
145397,01000210,生産 数量 (千個),351122000,電子部品 受動部品 固定コンデンサ タンタル電解コンデンサ (8),0028000909,平成28年9月
130319,01000210,生産 数量 (千個),351122000,電子部品 受動部品 固定コンデンサ タンタル電解コンデンサ (8),0028001010,平成28年10月
137188,01000210,生産 数量 (千個),351122000,電子部品 受動部品 固定コンデンサ タンタル電解コンデンサ (8),0028001111,平成28年11月
140212,01000210,生産 数量 (千個),351122000,電子部品 受動部品 固定コンデンサ タンタル電解コンデンサ (8),0028001212,平成28年12月
765501581,01000210,生産 数量 (千個),351123000,電子部品 受動部品 固定コンデンサ セラミックコンデンサ (9),0024000000,平成24年
736099521,01000210,生産 数量 (千個),351123000,電子部品 受動部品 固定コンデンサ セラミックコンデンサ (9),0025000000,平成25年
800731325,01000210,生産 数量 (千個),351123000,電子部品 受動部品 固定コンデンサ セラミックコンデンサ (9),0026000000,平成26年
849141096,01000210,生産 数量 (千個),351123000,電子部品 受動部品 固定コンデンサ セラミックコンデンサ (9),0027000000,平成27年
931029890,01000210,生産 数量 (千個),351123000,電子部品 受動部品 固定コンデンサ セラミックコンデンサ (9),0028000000,平成28年
825632204,01000210,生産 数量 (千個),351123000,電子部品 受動部品 固定コンデンサ セラミックコンデンサ (9),0026010000,平成26年度
860103928,01000210,生産 数量 (千個),351123000,電子部品 受動部品 固定コンデンサ セラミックコンデンサ (9),0027010000,平成27年度
204376845,01000210,生産 数量 (千個),351123000,電子部品 受動部品 固定コンデンサ セラミックコンデンサ (9),0028000103,平成28年 1 ～ 3 月
215357721,01000210,生産 数量 (千個),351123000,電子部品 受動部品 固定コンデンサ セラミックコンデンサ (9),0028000406,平成28年 4 ～ 6 月
259022650,01000210,生産 数量 (千個),351123000,電子部品 受動部品 固定コンデンサ セラミックコンデンサ (9),0028000709,平成28年 7 ～ 9 月
252272674,01000210,生産 数量 (千個),351123000,電子部品 受動部品 固定コンデンサ セラミックコンデンサ (9),0028001012,平成28年 10 ～ 12 月
69385499,01000210,生産 数量 (千個),351123000,電子部品 受動部品 固定コンデンサ セラミックコンデンサ (9),0028000101,平成28年1月
62227245,01000210,生産 数量 (千個),351123000,電子部品 受動部品 固定コンデンサ セラミックコンデンサ (9),0028000202,平成28年2月
72764101,01000210,生産 数量 (千個),351123000,電子部品 受動部品 固定コンデンサ セラミックコンデンサ (9),0028000303,平成28年3月
75330950,01000210,生産 数量 (千個),351123000,電子部品 受動部品 固定コンデンサ セラミックコンデンサ (9),0028000404,平成28年4月
66513172,01000210,生産 数量 (千個),351123000,電子部品 受動部品 固定コンデンサ セラミックコンデンサ (9),0028000505,平成28年5月
73513599,01000210,生産 数量 (千個),351123000,電子部品 受動部品 固定コンデンサ セラミックコンデンサ (9),0028000606,平成28年6月
78955938,01000210,生産 数量 (千個),351123000,電子部品 受動部品 固定コンデンサ セラミックコンデンサ (9),0028000707,平成28年7月
87882139,01000210,生産 数量 (千個),351123000,電子部品 受動部品 固定コンデンサ セラミックコンデンサ (9),0028000808,平成28年8月
92184573,01000210,生産 数量 (千個),351123000,電子部品 受動部品 固定コンデンサ セラミックコンデンサ (9),0028000909,平成28年9月
85440339,01000210,生産 数量 (千個),351123000,電子部品 受動部品 固定コンデンサ セラミックコンデンサ (9),0028001010,平成28年10月
82341051,01000210,生産 数量 (千個),351123000,電子部品 受動部品 固定コンデンサ セラミックコンデンサ (9),0028001111,平成28年11月
84491284,01000210,生産 数量 (千個),351123000,電子部品 受動部品 固定コンデンサ セラミックコンデンサ (9),0028001212,平成28年12月
518055,01000210,生産 数量 (千個),351124000,電子部品 受動部品 固定コンデンサ 金属化有機フィルムコンデンサ (10),0024000000,平成24年
409510,01000210,生産 数量 (千個),351124000,電子部品 受動部品 固定コンデンサ 金属化有機フィルムコンデンサ (10),0025000000,平成25年
375752,01000210,生産 数量 (千個),351124000,電子部品 受動部品 固定コンデンサ 金属化有機フィルムコンデンサ (10),0026000000,平成26年
336107,01000210,生産 数量 (千個),351124000,電子部品 受動部品 固定コンデンサ 金属化有機フィルムコンデンサ (10),0027000000,平成27年
340548,01000210,生産 数量 (千個),351124000,電子部品 受動部品 固定コンデンサ 金属化有機フィルムコンデンサ (10),0028000000,平成28年
366867,01000210,生産 数量 (千個),351124000,電子部品 受動部品 固定コンデンサ 金属化有機フィルムコンデンサ (10),0026010000,平成26年度
335819,01000210,生産 数量 (千個),351124000,電子部品 受動部品 固定コンデンサ 金属化有機フィルムコンデンサ (10),0027010000,平成27年度
84431,01000210,生産 数量 (千個),351124000,電子部品 受動部品 固定コンデンサ 金属化有機フィルムコンデンサ (10),0028000103,平成28年 1 ～ 3 月
85637,01000210,生産 数量 (千個),351124000,電子部品 受動部品 固定コンデンサ 金属化有機フィルムコンデンサ (10),0028000406,平成28年 4 ～ 6 月
82948,01000210,生産 数量 (千個),351124000,電子部品 受動部品 固定コンデンサ 金属化有機フィルムコンデンサ (10),0028000709,平成28年 7 ～ 9 月
87532,01000210,生産 数量 (千個),351124000,電子部品 受動部品 固定コンデンサ 金属化有機フィルムコンデンサ (10),0028001012,平成28年 10 ～ 12 月
27093,01000210,生産 数量 (千個),351124000,電子部品 受動部品 固定コンデンサ 金属化有機フィルムコンデンサ (10),0028000101,平成28年1月
28246,01000210,生産 数量 (千個),351124000,電子部品 受動部品 固定コンデンサ 金属化有機フィルムコンデンサ (10),0028000202,平成28年2月
29092,01000210,生産 数量 (千個),351124000,電子部品 受動部品 固定コンデンサ 金属化有機フィルムコンデンサ (10),0028000303,平成28年3月
27824,01000210,生産 数量 (千個),351124000,電子部品 受動部品 固定コンデンサ 金属化有機フィルムコンデンサ (10),0028000404,平成28年4月
27283,01000210,生産 数量 (千個),351124000,電子部品 受動部品 固定コンデンサ 金属化有機フィルムコンデンサ (10),0028000505,平成28年5月
30530,01000210,生産 数量 (千個),351124000,電子部品 受動部品 固定コンデンサ 金属化有機フィルムコンデンサ (10),0028000606,平成28年6月
28871,01000210,生産 数量 (千個),351124000,電子部品 受動部品 固定コンデンサ 金属化有機フィルムコンデンサ (10),0028000707,平成28年7月
27705,01000210,生産 数量 (千個),351124000,電子部品 受動部品 固定コンデンサ 金属化有機フィルムコンデンサ (10),0028000808,平成28年8月
26372,01000210,生産 数量 (千個),351124000,電子部品 受動部品 固定コンデンサ 金属化有機フィルムコンデンサ (10),0028000909,平成28年9月
28412,01000210,生産 数量 (千個),351124000,電子部品 受動部品 固定コンデンサ 金属化有機フィルムコンデンサ (10),0028001010,平成28年10月
29776,01000210,生産 数量 (千個),351124000,電子部品 受動部品 固定コンデンサ 金属化有機フィルムコンデンサ (10),0028001111,平成28年11月
29344,01000210,生産 数量 (千個),351124000,電子部品 受動部品 固定コンデンサ 金属化有機フィルムコンデンサ (10),0028001212,平成28年12月
468024,01000210,生産 数量 (千個),351125000,電子部品 受動部品 固定コンデンサ その他の固定コンデンサ (11),0024000000,平成24年
368791,01000210,生産 数量 (千個),351125000,電子部品 受動部品 固定コンデンサ その他の固定コンデンサ (11),0025000000,平成25年
351519,01000210,生産 数量 (千個),351125000,電子部品 受動部品 固定コンデンサ その他の固定コンデンサ (11),0026000000,平成26年
325878,01000210,生産 数量 (千個),351125000,電子部品 受動部品 固定コンデンサ その他の固定コンデンサ (11),0027000000,平成27年
293211,01000210,生産 数量 (千個),351125000,電子部品 受動部品 固定コンデンサ その他の固定コンデンサ (11),0028000000,平成28年
352630,01000210,生産 数量 (千個),351125000,電子部品 受動部品 固定コンデンサ その他の固定コンデンサ (11),0026010000,平成26年度
314498,01000210,生産 数量 (千個),351125000,電子部品 受動部品 固定コンデンサ その他の固定コンデンサ (11),0027010000,平成27年度
72689,01000210,生産 数量 (千個),351125000,電子部品 受動部品 固定コンデンサ その他の固定コンデンサ (11),0028000103,平成28年 1 ～ 3 月
72528,01000210,生産 数量 (千個),351125000,電子部品 受動部品 固定コンデンサ その他の固定コンデンサ (11),0028000406,平成28年 4 ～ 6 月
74287,01000210,生産 数量 (千個),351125000,電子部品 受動部品 固定コンデンサ その他の固定コンデンサ (11),0028000709,平成28年 7 ～ 9 月
73707,01000210,生産 数量 (千個),351125000,電子部品 受動部品 固定コンデンサ その他の固定コンデンサ (11),0028001012,平成28年 10 ～ 12 月
22831,01000210,生産 数量 (千個),351125000,電子部品 受動部品 固定コンデンサ その他の固定コンデンサ (11),0028000101,平成28年1月
23780,01000210,生産 数量 (千個),351125000,電子部品 受動部品 固定コンデンサ その他の固定コンデンサ (11),0028000202,平成28年2月
26078,01000210,生産 数量 (千個),351125000,電子部品 受動部品 固定コンデンサ その他の固定コンデンサ (11),0028000303,平成28年3月
24317,01000210,生産 数量 (千個),351125000,電子部品 受動部品 固定コンデンサ その他の固定コンデンサ (11),0028000404,平成28年4月
22549,01000210,生産 数量 (千個),351125000,電子部品 受動部品 固定コンデンサ その他の固定コンデンサ (11),0028000505,平成28年5月
25662,01000210,生産 数量 (千個),351125000,電子部品 受動部品 固定コンデンサ その他の固定コンデンサ (11),0028000606,平成28年6月
25326,01000210,生産 数量 (千個),351125000,電子部品 受動部品 固定コンデンサ その他の固定コンデンサ (11),0028000707,平成28年7月
23668,01000210,生産 数量 (千個),351125000,電子部品 受動部品 固定コンデンサ その他の固定コンデンサ (11),0028000808,平成28年8月
25293,01000210,生産 数量 (千個),351125000,電子部品 受動部品 固定コンデンサ その他の固定コンデンサ (11),0028000909,平成28年9月
23672,01000210,生産 数量 (千個),351125000,電子部品 受動部品 固定コンデンサ その他の固定コンデンサ (11),0028001010,平成28年10月
25218,01000210,生産 数量 (千個),351125000,電子部品 受動部品 固定コンデンサ その他の固定コンデンサ (11),0028001111,平成28年11月
24817,01000210,生産 数量 (千個),351125000,電子部品 受動部品 固定コンデンサ その他の固定コンデンサ (11),0028001212,平成28年12月
6697,01000210,生産 数量 (千個),351130000,電子部品 受動部品 トランス (12),0024000000,平成24年
7620,01000210,生産 数量 (千個),351130000,電子部品 受動部品 トランス (12),0025000000,平成25年
7322,01000210,生産 数量 (千個),351130000,電子部品 受動部品 トランス (12),0026000000,平成26年
23544,01000210,生産 数量 (千個),351130000,電子部品 受動部品 トランス (12),0027000000,平成27年
21980,01000210,生産 数量 (千個),351130000,電子部品 受動部品 トランス (12),0028000000,平成28年
11816,01000210,生産 数量 (千個),351130000,電子部品 受動部品 トランス (12),0026010000,平成26年度
23082,01000210,生産 数量 (千個),351130000,電子部品 受動部品 トランス (12),0027010000,平成27年度
5984,01000210,生産 数量 (千個),351130000,電子部品 受動部品 トランス (12),0028000103,平成28年 1 ～ 3 月
5411,01000210,生産 数量 (千個),351130000,電子部品 受動部品 トランス (12),0028000406,平成28年 4 ～ 6 月
5276,01000210,生産 数量 (千個),351130000,電子部品 受動部品 トランス (12),0028000709,平成28年 7 ～ 9 月
5309,01000210,生産 数量 (千個),351130000,電子部品 受動部品 トランス (12),0028001012,平成28年 10 ～ 12 月
2127,01000210,生産 数量 (千個),351130000,電子部品 受動部品 トランス (12),0028000101,平成28年1月
1800,01000210,生産 数量 (千個),351130000,電子部品 受動部品 トランス (12),0028000202,平成28年2月
2057,01000210,生産 数量 (千個),351130000,電子部品 受動部品 トランス (12),0028000303,平成28年3月
1771,01000210,生産 数量 (千個),351130000,電子部品 受動部品 トランス (12),0028000404,平成28年4月
1530,01000210,生産 数量 (千個),351130000,電子部品 受動部品 トランス (12),0028000505,平成28年5月
2110,01000210,生産 数量 (千個),351130000,電子部品 受動部品 トランス (12),0028000606,平成28年6月
1468,01000210,生産 数量 (千個),351130000,電子部品 受動部品 トランス (12),0028000707,平成28年7月
1776,01000210,生産 数量 (千個),351130000,電子部品 受動部品 トランス (12),0028000808,平成28年8月
2032,01000210,生産 数量 (千個),351130000,電子部品 受動部品 トランス (12),0028000909,平成28年9月
1693,01000210,生産 数量 (千個),351130000,電子部品 受動部品 トランス (12),0028001010,平成28年10月
1757,01000210,生産 数量 (千個),351130000,電子部品 受動部品 トランス (12),0028001111,平成28年11月
1859,01000210,生産 数量 (千個),351130000,電子部品 受動部品 トランス (12),0028001212,平成28年12月
48220890,01000210,生産 数量 (千個),351140000,電子部品 受動部品 インダクタ（コイルを含む） (13),0024000000,平成24年
57917107,01000210,生産 数量 (千個),351140000,電子部品 受動部品 インダクタ（コイルを含む） (13),0025000000,平成25年
79047196,01000210,生産 数量 (千個),351140000,電子部品 受動部品 インダクタ（コイルを含む） (13),0026000000,平成26年
111780539,01000210,生産 数量 (千個),351140000,電子部品 受動部品 インダクタ（コイルを含む） (13),0027000000,平成27年
108437706,01000210,生産 数量 (千個),351140000,電子部品 受動部品 インダクタ（コイルを含む） (13),0028000000,平成28年
89935562,01000210,生産 数量 (千個),351140000,電子部品 受動部品 インダクタ（コイルを含む） (13),0026010000,平成26年度
110454372,01000210,生産 数量 (千個),351140000,電子部品 受動部品 インダクタ（コイルを含む） (13),0027010000,平成27年度
23498085,01000210,生産 数量 (千個),351140000,電子部品 受動部品 インダクタ（コイルを含む） (13),0028000103,平成28年 1 ～ 3 月
25723124,01000210,生産 数量 (千個),351140000,電子部品 受動部品 インダクタ（コイルを含む） (13),0028000406,平成28年 4 ～ 6 月
29786472,01000210,生産 数量 (千個),351140000,電子部品 受動部品 インダクタ（コイルを含む） (13),0028000709,平成28年 7 ～ 9 月
29430025,01000210,生産 数量 (千個),351140000,電子部品 受動部品 インダクタ（コイルを含む） (13),0028001012,平成28年 10 ～ 12 月
7652552,01000210,生産 数量 (千個),351140000,電子部品 受動部品 インダクタ（コイルを含む） (13),0028000101,平成28年1月
7532643,01000210,生産 数量 (千個),351140000,電子部品 受動部品 インダクタ（コイルを含む） (13),0028000202,平成28年2月
8312890,01000210,生産 数量 (千個),351140000,電子部品 受動部品 インダクタ（コイルを含む） (13),0028000303,平成28年3月
8247344,01000210,生産 数量 (千個),351140000,電子部品 受動部品 インダクタ（コイルを含む） (13),0028000404,平成28年4月
8353335,01000210,生産 数量 (千個),351140000,電子部品 受動部品 インダクタ（コイルを含む） (13),0028000505,平成28年5月
9122445,01000210,生産 数量 (千個),351140000,電子部品 受動部品 インダクタ（コイルを含む） (13),0028000606,平成28年6月
9759281,01000210,生産 数量 (千個),351140000,電子部品 受動部品 インダクタ（コイルを含む） (13),0028000707,平成28年7月
9775908,01000210,生産 数量 (千個),351140000,電子部品 受動部品 インダクタ（コイルを含む） (13),0028000808,平成28年8月
10251283,01000210,生産 数量 (千個),351140000,電子部品 受動部品 インダクタ（コイルを含む） (13),0028000909,平成28年9月
10730445,01000210,生産 数量 (千個),351140000,電子部品 受動部品 インダクタ（コイルを含む） (13),0028001010,平成28年10月
9571377,01000210,生産 数量 (千個),351140000,電子部品 受動部品 インダクタ（コイルを含む） (13),0028001111,平成28年11月
9128203,01000210,生産 数量 (千個),351140000,電子部品 受動部品 インダクタ（コイルを含む） (13),0028001212,平成28年12月
2498358,01000210,生産 数量 (千個),351151000,電子部品 受動部品 機能部品 水晶振動子 (14),0024000000,平成24年
2200865,01000210,生産 数量 (千個),351151000,電子部品 受動部品 機能部品 水晶振動子 (14),0025000000,平成25年
2594649,01000210,生産 数量 (千個),351151000,電子部品 受動部品 機能部品 水晶振動子 (14),0026000000,平成26年
2924349,01000210,生産 数量 (千個),351151000,電子部品 受動部品 機能部品 水晶振動子 (14),0027000000,平成27年
2794134,01000210,生産 数量 (千個),351151000,電子部品 受動部品 機能部品 水晶振動子 (14),0028000000,平成28年
2817996,01000210,生産 数量 (千個),351151000,電子部品 受動部品 機能部品 水晶振動子 (14),0026010000,平成26年度
2775541,01000210,生産 数量 (千個),351151000,電子部品 受動部品 機能部品 水晶振動子 (14),0027010000,平成27年度
623962,01000210,生産 数量 (千個),351151000,電子部品 受動部品 機能部品 水晶振動子 (14),0028000103,平成28年 1 ～ 3 月
660427,01000210,生産 数量 (千個),351151000,電子部品 受動部品 機能部品 水晶振動子 (14),0028000406,平成28年 4 ～ 6 月
746264,01000210,生産 数量 (千個),351151000,電子部品 受動部品 機能部品 水晶振動子 (14),0028000709,平成28年 7 ～ 9 月
763481,01000210,生産 数量 (千個),351151000,電子部品 受動部品 機能部品 水晶振動子 (14),0028001012,平成28年 10 ～ 12 月
200615,01000210,生産 数量 (千個),351151000,電子部品 受動部品 機能部品 水晶振動子 (14),0028000101,平成28年1月
214352,01000210,生産 数量 (千個),351151000,電子部品 受動部品 機能部品 水晶振動子 (14),0028000202,平成28年2月
208995,01000210,生産 数量 (千個),351151000,電子部品 受動部品 機能部品 水晶振動子 (14),0028000303,平成28年3月
227874,01000210,生産 数量 (千個),351151000,電子部品 受動部品 機能部品 水晶振動子 (14),0028000404,平成28年4月
203198,01000210,生産 数量 (千個),351151000,電子部品 受動部品 機能部品 水晶振動子 (14),0028000505,平成28年5月
229355,01000210,生産 数量 (千個),351151000,電子部品 受動部品 機能部品 水晶振動子 (14),0028000606,平成28年6月
237902,01000210,生産 数量 (千個),351151000,電子部品 受動部品 機能部品 水晶振動子 (14),0028000707,平成28年7月
249379,01000210,生産 数量 (千個),351151000,電子部品 受動部品 機能部品 水晶振動子 (14),0028000808,平成28年8月
258983,01000210,生産 数量 (千個),351151000,電子部品 受動部品 機能部品 水晶振動子 (14),0028000909,平成28年9月
267490,01000210,生産 数量 (千個),351151000,電子部品 受動部品 機能部品 水晶振動子 (14),0028001010,平成28年10月
256275,01000210,生産 数量 (千個),351151000,電子部品 受動部品 機能部品 水晶振動子 (14),0028001111,平成28年11月
239716,01000210,生産 数量 (千個),351151000,電子部品 受動部品 機能部品 水晶振動子 (14),0028001212,平成28年12月
10134172,01000210,生産 数量 (千個),351152000,電子部品 受動部品 機能部品 フィルタ (15),0024000000,平成24年
9231784,01000210,生産 数量 (千個),351152000,電子部品 受動部品 機能部品 フィルタ (15),0025000000,平成25年
13351227,01000210,生産 数量 (千個),351152000,電子部品 受動部品 機能部品 フィルタ (15),0026000000,平成26年
18125191,01000210,生産 数量 (千個),351152000,電子部品 受動部品 機能部品 フィルタ (15),0027000000,平成27年
19254253,01000210,生産 数量 (千個),351152000,電子部品 受動部品 機能部品 フィルタ (15),0028000000,平成28年
14354211,01000210,生産 数量 (千個),351152000,電子部品 受動部品 機能部品 フィルタ (15),0026010000,平成26年度
18949821,01000210,生産 数量 (千個),351152000,電子部品 受動部品 機能部品 フィルタ (15),0027010000,平成27年度
4289405,01000210,生産 数量 (千個),351152000,電子部品 受動部品 機能部品 フィルタ (15),0028000103,平成28年 1 ～ 3 月
4757537,01000210,生産 数量 (千個),351152000,電子部品 受動部品 機能部品 フィルタ (15),0028000406,平成28年 4 ～ 6 月
5199210,01000210,生産 数量 (千個),351152000,電子部品 受動部品 機能部品 フィルタ (15),0028000709,平成28年 7 ～ 9 月
5008101,01000210,生産 数量 (千個),351152000,電子部品 受動部品 機能部品 フィルタ (15),0028001012,平成28年 10 ～ 12 月
1341254,01000210,生産 数量 (千個),351152000,電子部品 受動部品 機能部品 フィルタ (15),0028000101,平成28年1月
1403338,01000210,生産 数量 (千個),351152000,電子部品 受動部品 機能部品 フィルタ (15),0028000202,平成28年2月
1544813,01000210,生産 数量 (千個),351152000,電子部品 受動部品 機能部品 フィルタ (15),0028000303,平成28年3月
1583905,01000210,生産 数量 (千個),351152000,電子部品 受動部品 機能部品 フィルタ (15),0028000404,平成28年4月
1483759,01000210,生産 数量 (千個),351152000,電子部品 受動部品 機能部品 フィルタ (15),0028000505,平成28年5月
1689873,01000210,生産 数量 (千個),351152000,電子部品 受動部品 機能部品 フィルタ (15),0028000606,平成28年6月
1706506,01000210,生産 数量 (千個),351152000,電子部品 受動部品 機能部品 フィルタ (15),0028000707,平成28年7月
1680525,01000210,生産 数量 (千個),351152000,電子部品 受動部品 機能部品 フィルタ (15),0028000808,平成28年8月
1812179,01000210,生産 数量 (千個),351152000,電子部品 受動部品 機能部品 フィルタ (15),0028000909,平成28年9月
1803304,01000210,生産 数量 (千個),351152000,電子部品 受動部品 機能部品 フィルタ (15),0028001010,平成28年10月
1547414,01000210,生産 数量 (千個),351152000,電子部品 受動部品 機能部品 フィルタ (15),0028001111,平成28年11月
1657383,01000210,生産 数量 (千個),351152000,電子部品 受動部品 機能部品 フィルタ (15),0028001212,平成28年12月
3986623,01000210,生産 数量 (千個),351153000,電子部品 受動部品 機能部品 複合部品 (16),0024000000,平成24年
3924427,01000210,生産 数量 (千個),351153000,電子部品 受動部品 機能部品 複合部品 (16),0025000000,平成25年
5251200,01000210,生産 数量 (千個),351153000,電子部品 受動部品 機能部品 複合部品 (16),0026000000,平成26年
6412799,01000210,生産 数量 (千個),351153000,電子部品 受動部品 機能部品 複合部品 (16),0027000000,平成27年
6271466,01000210,生産 数量 (千個),351153000,電子部品 受動部品 機能部品 複合部品 (16),0028000000,平成28年
5688204,01000210,生産 数量 (千個),351153000,電子部品 受動部品 機能部品 複合部品 (16),0026010000,平成26年度
6302015,01000210,生産 数量 (千個),351153000,電子部品 受動部品 機能部品 複合部品 (16),0027010000,平成27年度
1341845,01000210,生産 数量 (千個),351153000,電子部品 受動部品 機能部品 複合部品 (16),0028000103,平成28年 1 ～ 3 月
1487373,01000210,生産 数量 (千個),351153000,電子部品 受動部品 機能部品 複合部品 (16),0028000406,平成28年 4 ～ 6 月
1754230,01000210,生産 数量 (千個),351153000,電子部品 受動部品 機能部品 複合部品 (16),0028000709,平成28年 7 ～ 9 月
1688018,01000210,生産 数量 (千個),351153000,電子部品 受動部品 機能部品 複合部品 (16),0028001012,平成28年 10 ～ 12 月
453889,01000210,生産 数量 (千個),351153000,電子部品 受動部品 機能部品 複合部品 (16),0028000101,平成28年1月
428350,01000210,生産 数量 (千個),351153000,電子部品 受動部品 機能部品 複合部品 (16),0028000202,平成28年2月
459606,01000210,生産 数量 (千個),351153000,電子部品 受動部品 機能部品 複合部品 (16),0028000303,平成28年3月
536738,01000210,生産 数量 (千個),351153000,電子部品 受動部品 機能部品 複合部品 (16),0028000404,平成28年4月
433031,01000210,生産 数量 (千個),351153000,電子部品 受動部品 機能部品 複合部品 (16),0028000505,平成28年5月
517604,01000210,生産 数量 (千個),351153000,電子部品 受動部品 機能部品 複合部品 (16),0028000606,平成28年6月
535395,01000210,生産 数量 (千個),351153000,電子部品 受動部品 機能部品 複合部品 (16),0028000707,平成28年7月
583407,01000210,生産 数量 (千個),351153000,電子部品 受動部品 機能部品 複合部品 (16),0028000808,平成28年8月
635428,01000210,生産 数量 (千個),351153000,電子部品 受動部品 機能部品 複合部品 (16),0028000909,平成28年9月
624795,01000210,生産 数量 (千個),351153000,電子部品 受動部品 機能部品 複合部品 (16),0028001010,平成28年10月
547372,01000210,生産 数量 (千個),351153000,電子部品 受動部品 機能部品 複合部品 (16),0028001111,平成28年11月
515851,01000210,生産 数量 (千個),351153000,電子部品 受動部品 機能部品 複合部品 (16),0028001212,平成28年12月
8303482,01000210,生産 数量 (千個),351210000,電子部品 接続部品 スイッチ(通信･電子装置用に限る) (17),0024000000,平成24年
9232133,01000210,生産 数量 (千個),351210000,電子部品 接続部品 スイッチ(通信･電子装置用に限る) (17),0025000000,平成25年
9884356,01000210,生産 数量 (千個),351210000,電子部品 接続部品 スイッチ(通信･電子装置用に限る) (17),0026000000,平成26年
10002087,01000210,生産 数量 (千個),351210000,電子部品 接続部品 スイッチ(通信･電子装置用に限る) (17),0027000000,平成27年
10901351,01000210,生産 数量 (千個),351210000,電子部品 接続部品 スイッチ(通信･電子装置用に限る) (17),0028000000,平成28年
10088499,01000210,生産 数量 (千個),351210000,電子部品 接続部品 スイッチ(通信･電子装置用に限る) (17),0026010000,平成26年度
10013948,01000210,生産 数量 (千個),351210000,電子部品 接続部品 スイッチ(通信･電子装置用に限る) (17),0027010000,平成27年度
2324765,01000210,生産 数量 (千個),351210000,電子部品 接続部品 スイッチ(通信･電子装置用に限る) (17),0028000103,平成28年 1 ～ 3 月
2559096,01000210,生産 数量 (千個),351210000,電子部品 接続部品 スイッチ(通信･電子装置用に限る) (17),0028000406,平成28年 4 ～ 6 月
2856365,01000210,生産 数量 (千個),351210000,電子部品 接続部品 スイッチ(通信･電子装置用に限る) (17),0028000709,平成28年 7 ～ 9 月
3161125,01000210,生産 数量 (千個),351210000,電子部品 接続部品 スイッチ(通信･電子装置用に限る) (17),0028001012,平成28年 10 ～ 12 月
730771,01000210,生産 数量 (千個),351210000,電子部品 接続部品 スイッチ(通信･電子装置用に限る) (17),0028000101,平成28年1月
736597,01000210,生産 数量 (千個),351210000,電子部品 接続部品 スイッチ(通信･電子装置用に限る) (17),0028000202,平成28年2月
857397,01000210,生産 数量 (千個),351210000,電子部品 接続部品 スイッチ(通信･電子装置用に限る) (17),0028000303,平成28年3月
891841,01000210,生産 数量 (千個),351210000,電子部品 接続部品 スイッチ(通信･電子装置用に限る) (17),0028000404,平成28年4月
768105,01000210,生産 数量 (千個),351210000,電子部品 接続部品 スイッチ(通信･電子装置用に限る) (17),0028000505,平成28年5月
899150,01000210,生産 数量 (千個),351210000,電子部品 接続部品 スイッチ(通信･電子装置用に限る) (17),0028000606,平成28年6月
906118,01000210,生産 数量 (千個),351210000,電子部品 接続部品 スイッチ(通信･電子装置用に限る) (17),0028000707,平成28年7月
927879,01000210,生産 数量 (千個),351210000,電子部品 接続部品 スイッチ(通信･電子装置用に限る) (17),0028000808,平成28年8月
1022368,01000210,生産 数量 (千個),351210000,電子部品 接続部品 スイッチ(通信･電子装置用に限る) (17),0028000909,平成28年9月
1064355,01000210,生産 数量 (千個),351210000,電子部品 接続部品 スイッチ(通信･電子装置用に限る) (17),0028001010,平成28年10月
1052408,01000210,生産 数量 (千個),351210000,電子部品 接続部品 スイッチ(通信･電子装置用に限る) (17),0028001111,平成28年11月
1044362,01000210,生産 数量 (千個),351210000,電子部品 接続部品 スイッチ(通信･電子装置用に限る) (17),0028001212,平成28年12月
30174114,01000210,生産 数量 (千個),351220000,電子部品 接続部品 コネクタ (18～22),0024000000,平成24年
30978940,01000210,生産 数量 (千個),351220000,電子部品 接続部品 コネクタ (18～22),0025000000,平成25年
28918119,01000210,生産 数量 (千個),351220000,電子部品 接続部品 コネクタ (18～22),0026000000,平成26年
29770205,01000210,生産 数量 (千個),351220000,電子部品 接続部品 コネクタ (18～22),0027000000,平成27年
31185045,01000210,生産 数量 (千個),351220000,電子部品 接続部品 コネクタ (18～22),0028000000,平成28年
29901105,01000210,生産 数量 (千個),351220000,電子部品 接続部品 コネクタ (18～22),0026010000,平成26年度
29235445,01000210,生産 数量 (千個),351220000,電子部品 接続部品 コネクタ (18～22),0027010000,平成27年度
6675021,01000210,生産 数量 (千個),351220000,電子部品 接続部品 コネクタ (18～22),0028000103,平成28年 1 ～ 3 月
7343498,01000210,生産 数量 (千個),351220000,電子部品 接続部品 コネクタ (18～22),0028000406,平成28年 4 ～ 6 月
8508105,01000210,生産 数量 (千個),351220000,電子部品 接続部品 コネクタ (18～22),0028000709,平成28年 7 ～ 9 月
8658421,01000210,生産 数量 (千個),351220000,電子部品 接続部品 コネクタ (18～22),0028001012,平成28年 10 ～ 12 月
2228576,01000210,生産 数量 (千個),351220000,電子部品 接続部品 コネクタ (18～22),0028000101,平成28年1月
2145970,01000210,生産 数量 (千個),351220000,電子部品 接続部品 コネクタ (18～22),0028000202,平成28年2月
2300475,01000210,生産 数量 (千個),351220000,電子部品 接続部品 コネクタ (18～22),0028000303,平成28年3月
2373300,01000210,生産 数量 (千個),351220000,電子部品 接続部品 コネクタ (18～22),0028000404,平成28年4月
2392600,01000210,生産 数量 (千個),351220000,電子部品 接続部品 コネクタ (18～22),0028000505,平成28年5月
2577598,01000210,生産 数量 (千個),351220000,電子部品 接続部品 コネクタ (18～22),0028000606,平成28年6月
2714974,01000210,生産 数量 (千個),351220000,電子部品 接続部品 コネクタ (18～22),0028000707,平成28年7月
2795770,01000210,生産 数量 (千個),351220000,電子部品 接続部品 コネクタ (18～22),0028000808,平成28年8月
2997361,01000210,生産 数量 (千個),351220000,電子部品 接続部品 コネクタ (18～22),0028000909,平成28年9月
2921263,01000210,生産 数量 (千個),351220000,電子部品 接続部品 コネクタ (18～22),0028001010,平成28年10月
2875617,01000210,生産 数量 (千個),351220000,電子部品 接続部品 コネクタ (18～22),0028001111,平成28年11月
2861541,01000210,生産 数量 (千個),351220000,電子部品 接続部品 コネクタ (18～22),0028001212,平成28年12月
190521,01000210,生産 数量 (千個),351221000,電子部品 接続部品 コネクタ 同軸コネクタ (18),0024000000,平成24年
2850307,01000210,生産 数量 (千個),351221000,電子部品 接続部品 コネクタ 同軸コネクタ (18),0025000000,平成25年
3007354,01000210,生産 数量 (千個),351221000,電子部品 接続部品 コネクタ 同軸コネクタ (18),0026000000,平成26年
3858544,01000210,生産 数量 (千個),351221000,電子部品 接続部品 コネクタ 同軸コネクタ (18),0027000000,平成27年
3244497,01000210,生産 数量 (千個),351221000,電子部品 接続部品 コネクタ 同軸コネクタ (18),0028000000,平成28年
3269927,01000210,生産 数量 (千個),351221000,電子部品 接続部品 コネクタ 同軸コネクタ (18),0026010000,平成26年度
3879793,01000210,生産 数量 (千個),351221000,電子部品 接続部品 コネクタ 同軸コネクタ (18),0027010000,平成27年度
779934,01000210,生産 数量 (千個),351221000,電子部品 接続部品 コネクタ 同軸コネクタ (18),0028000103,平成28年 1 ～ 3 月
822038,01000210,生産 数量 (千個),351221000,電子部品 接続部品 コネクタ 同軸コネクタ (18),0028000406,平成28年 4 ～ 6 月
850468,01000210,生産 数量 (千個),351221000,電子部品 接続部品 コネクタ 同軸コネクタ (18),0028000709,平成28年 7 ～ 9 月
792057,01000210,生産 数量 (千個),351221000,電子部品 接続部品 コネクタ 同軸コネクタ (18),0028001012,平成28年 10 ～ 12 月
315100,01000210,生産 数量 (千個),351221000,電子部品 接続部品 コネクタ 同軸コネクタ (18),0028000101,平成28年1月
211911,01000210,生産 数量 (千個),351221000,電子部品 接続部品 コネクタ 同軸コネクタ (18),0028000202,平成28年2月
252923,01000210,生産 数量 (千個),351221000,電子部品 接続部品 コネクタ 同軸コネクタ (18),0028000303,平成28年3月
298180,01000210,生産 数量 (千個),351221000,電子部品 接続部品 コネクタ 同軸コネクタ (18),0028000404,平成28年4月
259441,01000210,生産 数量 (千個),351221000,電子部品 接続部品 コネクタ 同軸コネクタ (18),0028000505,平成28年5月
264417,01000210,生産 数量 (千個),351221000,電子部品 接続部品 コネクタ 同軸コネクタ (18),0028000606,平成28年6月
287059,01000210,生産 数量 (千個),351221000,電子部品 接続部品 コネクタ 同軸コネクタ (18),0028000707,平成28年7月
250290,01000210,生産 数量 (千個),351221000,電子部品 接続部品 コネクタ 同軸コネクタ (18),0028000808,平成28年8月
313119,01000210,生産 数量 (千個),351221000,電子部品 接続部品 コネクタ 同軸コネクタ (18),0028000909,平成28年9月
257840,01000210,生産 数量 (千個),351221000,電子部品 接続部品 コネクタ 同軸コネクタ (18),0028001010,平成28年10月
242251,01000210,生産 数量 (千個),351221000,電子部品 接続部品 コネクタ 同軸コネクタ (18),0028001111,平成28年11月
291966,01000210,生産 数量 (千個),351221000,電子部品 接続部品 コネクタ 同軸コネクタ (18),0028001212,平成28年12月
18400553,01000210,生産 数量 (千個),351222000,電子部品 接続部品 コネクタ プリント基板用コネクタ (19),0024000000,平成24年
17998610,01000210,生産 数量 (千個),351222000,電子部品 接続部品 コネクタ プリント基板用コネクタ (19),0025000000,平成25年
15952854,01000210,生産 数量 (千個),351222000,電子部品 接続部品 コネクタ プリント基板用コネクタ (19),0026000000,平成26年
16762580,01000210,生産 数量 (千個),351222000,電子部品 接続部品 コネクタ プリント基板用コネクタ (19),0027000000,平成27年
17429434,01000210,生産 数量 (千個),351222000,電子部品 接続部品 コネクタ プリント基板用コネクタ (19),0028000000,平成28年
16561579,01000210,生産 数量 (千個),351222000,電子部品 接続部品 コネクタ プリント基板用コネクタ (19),0026010000,平成26年度
16495994,01000210,生産 数量 (千個),351222000,電子部品 接続部品 コネクタ プリント基板用コネクタ (19),0027010000,平成27年度
3763999,01000210,生産 数量 (千個),351222000,電子部品 接続部品 コネクタ プリント基板用コネクタ (19),0028000103,平成28年 1 ～ 3 月
4007004,01000210,生産 数量 (千個),351222000,電子部品 接続部品 コネクタ プリント基板用コネクタ (19),0028000406,平成28年 4 ～ 6 月
4718361,01000210,生産 数量 (千個),351222000,電子部品 接続部品 コネクタ プリント基板用コネクタ (19),0028000709,平成28年 7 ～ 9 月
4940070,01000210,生産 数量 (千個),351222000,電子部品 接続部品 コネクタ プリント基板用コネクタ (19),0028001012,平成28年 10 ～ 12 月
1284533,01000210,生産 数量 (千個),351222000,電子部品 接続部品 コネクタ プリント基板用コネクタ (19),0028000101,平成28年1月
1184057,01000210,生産 数量 (千個),351222000,電子部品 接続部品 コネクタ プリント基板用コネクタ (19),0028000202,平成28年2月
1295409,01000210,生産 数量 (千個),351222000,電子部品 接続部品 コネクタ プリント基板用コネクタ (19),0028000303,平成28年3月
1247543,01000210,生産 数量 (千個),351222000,電子部品 接続部品 コネクタ プリント基板用コネクタ (19),0028000404,平成28年4月
1313908,01000210,生産 数量 (千個),351222000,電子部品 接続部品 コネクタ プリント基板用コネクタ (19),0028000505,平成28年5月
1445553,01000210,生産 数量 (千個),351222000,電子部品 接続部品 コネクタ プリント基板用コネクタ (19),0028000606,平成28年6月
1509040,01000210,生産 数量 (千個),351222000,電子部品 接続部品 コネクタ プリント基板用コネクタ (19),0028000707,平成28年7月
1574164,01000210,生産 数量 (千個),351222000,電子部品 接続部品 コネクタ プリント基板用コネクタ (19),0028000808,平成28年8月
1635157,01000210,生産 数量 (千個),351222000,電子部品 接続部品 コネクタ プリント基板用コネクタ (19),0028000909,平成28年9月
1624518,01000210,生産 数量 (千個),351222000,電子部品 接続部品 コネクタ プリント基板用コネクタ (19),0028001010,平成28年10月
1689351,01000210,生産 数量 (千個),351222000,電子部品 接続部品 コネクタ プリント基板用コネクタ (19),0028001111,平成28年11月
1626201,01000210,生産 数量 (千個),351222000,電子部品 接続部品 コネクタ プリント基板用コネクタ (19),0028001212,平成28年12月
337392,01000210,生産 数量 (千個),351223000,電子部品 接続部品 コネクタ 丸形コネクタ (20),0024000000,平成24年
376433,01000210,生産 数量 (千個),351223000,電子部品 接続部品 コネクタ 丸形コネクタ (20),0025000000,平成25年
385851,01000210,生産 数量 (千個),351223000,電子部品 接続部品 コネクタ 丸形コネクタ (20),0026000000,平成26年
341139,01000210,生産 数量 (千個),351223000,電子部品 接続部品 コネクタ 丸形コネクタ (20),0027000000,平成27年
373755,01000210,生産 数量 (千個),351223000,電子部品 接続部品 コネクタ 丸形コネクタ (20),0028000000,平成28年
418664,01000210,生産 数量 (千個),351223000,電子部品 接続部品 コネクタ 丸形コネクタ (20),0026010000,平成26年度
316628,01000210,生産 数量 (千個),351223000,電子部品 接続部品 コネクタ 丸形コネクタ (20),0027010000,平成27年度
94442,01000210,生産 数量 (千個),351223000,電子部品 接続部品 コネクタ 丸形コネクタ (20),0028000103,平成28年 1 ～ 3 月
100737,01000210,生産 数量 (千個),351223000,電子部品 接続部品 コネクタ 丸形コネクタ (20),0028000406,平成28年 4 ～ 6 月
109225,01000210,生産 数量 (千個),351223000,電子部品 接続部品 コネクタ 丸形コネクタ (20),0028000709,平成28年 7 ～ 9 月
69351,01000210,生産 数量 (千個),351223000,電子部品 接続部品 コネクタ 丸形コネクタ (20),0028001012,平成28年 10 ～ 12 月
30599,01000210,生産 数量 (千個),351223000,電子部品 接続部品 コネクタ 丸形コネクタ (20),0028000101,平成28年1月
31338,01000210,生産 数量 (千個),351223000,電子部品 接続部品 コネクタ 丸形コネクタ (20),0028000202,平成28年2月
32505,01000210,生産 数量 (千個),351223000,電子部品 接続部品 コネクタ 丸形コネクタ (20),0028000303,平成28年3月
24645,01000210,生産 数量 (千個),351223000,電子部品 接続部品 コネクタ 丸形コネクタ (20),0028000404,平成28年4月
31851,01000210,生産 数量 (千個),351223000,電子部品 接続部品 コネクタ 丸形コネクタ (20),0028000505,平成28年5月
44241,01000210,生産 数量 (千個),351223000,電子部品 接続部品 コネクタ 丸形コネクタ (20),0028000606,平成28年6月
33937,01000210,生産 数量 (千個),351223000,電子部品 接続部品 コネクタ 丸形コネクタ (20),0028000707,平成28年7月
44137,01000210,生産 数量 (千個),351223000,電子部品 接続部品 コネクタ 丸形コネクタ (20),0028000808,平成28年8月
31151,01000210,生産 数量 (千個),351223000,電子部品 接続部品 コネクタ 丸形コネクタ (20),0028000909,平成28年9月
34687,01000210,生産 数量 (千個),351223000,電子部品 接続部品 コネクタ 丸形コネクタ (20),0028001010,平成28年10月
27107,01000210,生産 数量 (千個),351223000,電子部品 接続部品 コネクタ 丸形コネクタ (20),0028001111,平成28年11月
7557,01000210,生産 数量 (千個),351223000,電子部品 接続部品 コネクタ 丸形コネクタ (20),0028001212,平成28年12月
1183238,01000210,生産 数量 (千個),351224000,電子部品 接続部品 コネクタ 角形コネクタ (21),0024000000,平成24年
1034318,01000210,生産 数量 (千個),351224000,電子部品 接続部品 コネクタ 角形コネクタ (21),0025000000,平成25年
865722,01000210,生産 数量 (千個),351224000,電子部品 接続部品 コネクタ 角形コネクタ (21),0026000000,平成26年
745895,01000210,生産 数量 (千個),351224000,電子部品 接続部品 コネクタ 角形コネクタ (21),0027000000,平成27年
849217,01000210,生産 数量 (千個),351224000,電子部品 接続部品 コネクタ 角形コネクタ (21),0028000000,平成28年
800797,01000210,生産 数量 (千個),351224000,電子部品 接続部品 コネクタ 角形コネクタ (21),0026010000,平成26年度
746442,01000210,生産 数量 (千個),351224000,電子部品 接続部品 コネクタ 角形コネクタ (21),0027010000,平成27年度
187563,01000210,生産 数量 (千個),351224000,電子部品 接続部品 コネクタ 角形コネクタ (21),0028000103,平成28年 1 ～ 3 月
204056,01000210,生産 数量 (千個),351224000,電子部品 接続部品 コネクタ 角形コネクタ (21),0028000406,平成28年 4 ～ 6 月
225663,01000210,生産 数量 (千個),351224000,電子部品 接続部品 コネクタ 角形コネクタ (21),0028000709,平成28年 7 ～ 9 月
231935,01000210,生産 数量 (千個),351224000,電子部品 接続部品 コネクタ 角形コネクタ (21),0028001012,平成28年 10 ～ 12 月
58434,01000210,生産 数量 (千個),351224000,電子部品 接続部品 コネクタ 角形コネクタ (21),0028000101,平成28年1月
65566,01000210,生産 数量 (千個),351224000,電子部品 接続部品 コネクタ 角形コネクタ (21),0028000202,平成28年2月
63563,01000210,生産 数量 (千個),351224000,電子部品 接続部品 コネクタ 角形コネクタ (21),0028000303,平成28年3月
65969,01000210,生産 数量 (千個),351224000,電子部品 接続部品 コネクタ 角形コネクタ (21),0028000404,平成28年4月
61528,01000210,生産 数量 (千個),351224000,電子部品 接続部品 コネクタ 角形コネクタ (21),0028000505,平成28年5月
76559,01000210,生産 数量 (千個),351224000,電子部品 接続部品 コネクタ 角形コネクタ (21),0028000606,平成28年6月
72740,01000210,生産 数量 (千個),351224000,電子部品 接続部品 コネクタ 角形コネクタ (21),0028000707,平成28年7月
70949,01000210,生産 数量 (千個),351224000,電子部品 接続部品 コネクタ 角形コネクタ (21),0028000808,平成28年8月
81974,01000210,生産 数量 (千個),351224000,電子部品 接続部品 コネクタ 角形コネクタ (21),0028000909,平成28年9月
76377,01000210,生産 数量 (千個),351224000,電子部品 接続部品 コネクタ 角形コネクタ (21),0028001010,平成28年10月
73815,01000210,生産 数量 (千個),351224000,電子部品 接続部品 コネクタ 角形コネクタ (21),0028001111,平成28年11月
81743,01000210,生産 数量 (千個),351224000,電子部品 接続部品 コネクタ 角形コネクタ (21),0028001212,平成28年12月
9995981,01000210,生産 数量 (千個),351225000,電子部品 接続部品 コネクタ その他のコネクタ (22),0024000000,平成24年
8660049,01000210,生産 数量 (千個),351225000,電子部品 接続部品 コネクタ その他のコネクタ (22),0025000000,平成25年
8656926,01000210,生産 数量 (千個),351225000,電子部品 接続部品 コネクタ その他のコネクタ (22),0026000000,平成26年
8062047,01000210,生産 数量 (千個),351225000,電子部品 接続部品 コネクタ その他のコネクタ (22),0027000000,平成27年
9288142,01000210,生産 数量 (千個),351225000,電子部品 接続部品 コネクタ その他のコネクタ (22),0028000000,平成28年
8814272,01000210,生産 数量 (千個),351225000,電子部品 接続部品 コネクタ その他のコネクタ (22),0026010000,平成26年度
7796588,01000210,生産 数量 (千個),351225000,電子部品 接続部品 コネクタ その他のコネクタ (22),0027010000,平成27年度
1849083,01000210,生産 数量 (千個),351225000,電子部品 接続部品 コネクタ その他のコネクタ (22),0028000103,平成28年 1 ～ 3 月
2209663,01000210,生産 数量 (千個),351225000,電子部品 接続部品 コネクタ その他のコネクタ (22),0028000406,平成28年 4 ～ 6 月
2604388,01000210,生産 数量 (千個),351225000,電子部品 接続部品 コネクタ その他のコネクタ (22),0028000709,平成28年 7 ～ 9 月
2625008,01000210,生産 数量 (千個),351225000,電子部品 接続部品 コネクタ その他のコネクタ (22),0028001012,平成28年 10 ～ 12 月
539910,01000210,生産 数量 (千個),351225000,電子部品 接続部品 コネクタ その他のコネクタ (22),0028000101,平成28年1月
653098,01000210,生産 数量 (千個),351225000,電子部品 接続部品 コネクタ その他のコネクタ (22),0028000202,平成28年2月
656075,01000210,生産 数量 (千個),351225000,電子部品 接続部品 コネクタ その他のコネクタ (22),0028000303,平成28年3月
736963,01000210,生産 数量 (千個),351225000,電子部品 接続部品 コネクタ その他のコネクタ (22),0028000404,平成28年4月
725872,01000210,生産 数量 (千個),351225000,電子部品 接続部品 コネクタ その他のコネクタ (22),0028000505,平成28年5月
746828,01000210,生産 数量 (千個),351225000,電子部品 接続部品 コネクタ その他のコネクタ (22),0028000606,平成28年6月
812198,01000210,生産 数量 (千個),351225000,電子部品 接続部品 コネクタ その他のコネクタ (22),0028000707,平成28年7月
856230,01000210,生産 数量 (千個),351225000,電子部品 接続部品 コネクタ その他のコネクタ (22),0028000808,平成28年8月
935960,01000210,生産 数量 (千個),351225000,電子部品 接続部品 コネクタ その他のコネクタ (22),0028000909,平成28年9月
927841,01000210,生産 数量 (千個),351225000,電子部品 接続部品 コネクタ その他のコネクタ (22),0028001010,平成28年10月
843093,01000210,生産 数量 (千個),351225000,電子部品 接続部品 コネクタ その他のコネクタ (22),0028001111,平成28年11月
854074,01000210,生産 数量 (千個),351225000,電子部品 接続部品 コネクタ その他のコネクタ (22),0028001212,平成28年12月
485743,01000210,生産 数量 (千個),351230000,電子部品 接続部品 リレー（有線通信機器用に限る） (23),0024000000,平成24年
472769,01000210,生産 数量 (千個),351230000,電子部品 接続部品 リレー（有線通信機器用に限る） (23),0025000000,平成25年
522488,01000210,生産 数量 (千個),351230000,電子部品 接続部品 リレー（有線通信機器用に限る） (23),0026000000,平成26年
570861,01000210,生産 数量 (千個),351230000,電子部品 接続部品 リレー（有線通信機器用に限る） (23),0027000000,平成27年
593241,01000210,生産 数量 (千個),351230000,電子部品 接続部品 リレー（有線通信機器用に限る） (23),0028000000,平成28年
540198,01000210,生産 数量 (千個),351230000,電子部品 接続部品 リレー（有線通信機器用に限る） (23),0026010000,平成26年度
570669,01000210,生産 数量 (千個),351230000,電子部品 接続部品 リレー（有線通信機器用に限る） (23),0027010000,平成27年度
140964,01000210,生産 数量 (千個),351230000,電子部品 接続部品 リレー（有線通信機器用に限る） (23),0028000103,平成28年 1 ～ 3 月
147113,01000210,生産 数量 (千個),351230000,電子部品 接続部品 リレー（有線通信機器用に限る） (23),0028000406,平成28年 4 ～ 6 月
153983,01000210,生産 数量 (千個),351230000,電子部品 接続部品 リレー（有線通信機器用に限る） (23),0028000709,平成28年 7 ～ 9 月
151181,01000210,生産 数量 (千個),351230000,電子部品 接続部品 リレー（有線通信機器用に限る） (23),0028001012,平成28年 10 ～ 12 月
52633,01000210,生産 数量 (千個),351230000,電子部品 接続部品 リレー（有線通信機器用に限る） (23),0028000101,平成28年1月
39645,01000210,生産 数量 (千個),351230000,電子部品 接続部品 リレー（有線通信機器用に限る） (23),0028000202,平成28年2月
48686,01000210,生産 数量 (千個),351230000,電子部品 接続部品 リレー（有線通信機器用に限る） (23),0028000303,平成28年3月
49887,01000210,生産 数量 (千個),351230000,電子部品 接続部品 リレー（有線通信機器用に限る） (23),0028000404,平成28年4月
47668,01000210,生産 数量 (千個),351230000,電子部品 接続部品 リレー（有線通信機器用に限る） (23),0028000505,平成28年5月
49558,01000210,生産 数量 (千個),351230000,電子部品 接続部品 リレー（有線通信機器用に限る） (23),0028000606,平成28年6月
49547,01000210,生産 数量 (千個),351230000,電子部品 接続部品 リレー（有線通信機器用に限る） (23),0028000707,平成28年7月
51249,01000210,生産 数量 (千個),351230000,電子部品 接続部品 リレー（有線通信機器用に限る） (23),0028000808,平成28年8月
53187,01000210,生産 数量 (千個),351230000,電子部品 接続部品 リレー（有線通信機器用に限る） (23),0028000909,平成28年9月
48874,01000210,生産 数量 (千個),351230000,電子部品 接続部品 リレー（有線通信機器用に限る） (23),0028001010,平成28年10月
52056,01000210,生産 数量 (千個),351230000,電子部品 接続部品 リレー（有線通信機器用に限る） (23),0028001111,平成28年11月
50251,01000210,生産 数量 (千個),351230000,電子部品 接続部品 リレー（有線通信機器用に限る） (23),0028001212,平成28年12月
7961002,01000210,生産 数量 (千個),351400000,電子部品 電子回路実装基板 (34～35),0024000000,平成24年
6205850,01000210,生産 数量 (千個),351400000,電子部品 電子回路実装基板 (34～35),0025000000,平成25年
6572403,01000210,生産 数量 (千個),351400000,電子部品 電子回路実装基板 (34～35),0026000000,平成26年
6471812,01000210,生産 数量 (千個),351400000,電子部品 電子回路実装基板 (34～35),0027000000,平成27年
6741297,01000210,生産 数量 (千個),351400000,電子部品 電子回路実装基板 (34～35),0028000000,平成28年
6496581,01000210,生産 数量 (千個),351400000,電子部品 電子回路実装基板 (34～35),0026010000,平成26年度
6602570,01000210,生産 数量 (千個),351400000,電子部品 電子回路実装基板 (34～35),0027010000,平成27年度
1685633,01000210,生産 数量 (千個),351400000,電子部品 電子回路実装基板 (34～35),0028000103,平成28年 1 ～ 3 月
1718054,01000210,生産 数量 (千個),351400000,電子部品 電子回路実装基板 (34～35),0028000406,平成28年 4 ～ 6 月
1629051,01000210,生産 数量 (千個),351400000,電子部品 電子回路実装基板 (34～35),0028000709,平成28年 7 ～ 9 月
1708559,01000210,生産 数量 (千個),351400000,電子部品 電子回路実装基板 (34～35),0028001012,平成28年 10 ～ 12 月
517975,01000210,生産 数量 (千個),351400000,電子部品 電子回路実装基板 (34～35),0028000101,平成28年1月
567351,01000210,生産 数量 (千個),351400000,電子部品 電子回路実装基板 (34～35),0028000202,平成28年2月
600307,01000210,生産 数量 (千個),351400000,電子部品 電子回路実装基板 (34～35),0028000303,平成28年3月
582668,01000210,生産 数量 (千個),351400000,電子部品 電子回路実装基板 (34～35),0028000404,平成28年4月
544115,01000210,生産 数量 (千個),351400000,電子部品 電子回路実装基板 (34～35),0028000505,平成28年5月
591271,01000210,生産 数量 (千個),351400000,電子部品 電子回路実装基板 (34～35),0028000606,平成28年6月
592170,01000210,生産 数量 (千個),351400000,電子部品 電子回路実装基板 (34～35),0028000707,平成28年7月
508209,01000210,生産 数量 (千個),351400000,電子部品 電子回路実装基板 (34～35),0028000808,平成28年8月
528672,01000210,生産 数量 (千個),351400000,電子部品 電子回路実装基板 (34～35),0028000909,平成28年9月
550464,01000210,生産 数量 (千個),351400000,電子部品 電子回路実装基板 (34～35),0028001010,平成28年10月
584978,01000210,生産 数量 (千個),351400000,電子部品 電子回路実装基板 (34～35),0028001111,平成28年11月
573117,01000210,生産 数量 (千個),351400000,電子部品 電子回路実装基板 (34～35),0028001212,平成28年12月
7278152,01000210,生産 数量 (千個),351410000,電子部品 電子回路実装基板 プリント配線実装基板 (34),0024000000,平成24年
5565489,01000210,生産 数量 (千個),351410000,電子部品 電子回路実装基板 プリント配線実装基板 (34),0025000000,平成25年
6053260,01000210,生産 数量 (千個),351410000,電子部品 電子回路実装基板 プリント配線実装基板 (34),0026000000,平成26年
6017434,01000210,生産 数量 (千個),351410000,電子部品 電子回路実装基板 プリント配線実装基板 (34),0027000000,平成27年
6373703,01000210,生産 数量 (千個),351410000,電子部品 電子回路実装基板 プリント配線実装基板 (34),0028000000,平成28年
6001466,01000210,生産 数量 (千個),351410000,電子部品 電子回路実装基板 プリント配線実装基板 (34),0026010000,平成26年度
6144665,01000210,生産 数量 (千個),351410000,電子部品 電子回路実装基板 プリント配線実装基板 (34),0027010000,平成27年度
1564580,01000210,生産 数量 (千個),351410000,電子部品 電子回路実装基板 プリント配線実装基板 (34),0028000103,平成28年 1 ～ 3 月
1608208,01000210,生産 数量 (千個),351410000,電子部品 電子回路実装基板 プリント配線実装基板 (34),0028000406,平成28年 4 ～ 6 月
1542502,01000210,生産 数量 (千個),351410000,電子部品 電子回路実装基板 プリント配線実装基板 (34),0028000709,平成28年 7 ～ 9 月
1658413,01000210,生産 数量 (千個),351410000,電子部品 電子回路実装基板 プリント配線実装基板 (34),0028001012,平成28年 10 ～ 12 月
482349,01000210,生産 数量 (千個),351410000,電子部品 電子回路実装基板 プリント配線実装基板 (34),0028000101,平成28年1月
525866,01000210,生産 数量 (千個),351410000,電子部品 電子回路実装基板 プリント配線実装基板 (34),0028000202,平成28年2月
556365,01000210,生産 数量 (千個),351410000,電子部品 電子回路実装基板 プリント配線実装基板 (34),0028000303,平成28年3月
544388,01000210,生産 数量 (千個),351410000,電子部品 電子回路実装基板 プリント配線実装基板 (34),0028000404,平成28年4月
508319,01000210,生産 数量 (千個),351410000,電子部品 電子回路実装基板 プリント配線実装基板 (34),0028000505,平成28年5月
555501,01000210,生産 数量 (千個),351410000,電子部品 電子回路実装基板 プリント配線実装基板 (34),0028000606,平成28年6月
556904,01000210,生産 数量 (千個),351410000,電子部品 電子回路実装基板 プリント配線実装基板 (34),0028000707,平成28年7月
477499,01000210,生産 数量 (千個),351410000,電子部品 電子回路実装基板 プリント配線実装基板 (34),0028000808,平成28年8月
508099,01000210,生産 数量 (千個),351410000,電子部品 電子回路実装基板 プリント配線実装基板 (34),0028000909,平成28年9月
531748,01000210,生産 数量 (千個),351410000,電子部品 電子回路実装基板 プリント配線実装基板 (34),0028001010,平成28年10月
566770,01000210,生産 数量 (千個),351410000,電子部品 電子回路実装基板 プリント配線実装基板 (34),0028001111,平成28年11月
559895,01000210,生産 数量 (千個),351410000,電子部品 電子回路実装基板 プリント配線実装基板 (34),0028001212,平成28年12月
682850,01000210,生産 数量 (千個),351420000,電子部品 電子回路実装基板 モジュール実装基板 (35),0024000000,平成24年
640361,01000210,生産 数量 (千個),351420000,電子部品 電子回路実装基板 モジュール実装基板 (35),0025000000,平成25年
519143,01000210,生産 数量 (千個),351420000,電子部品 電子回路実装基板 モジュール実装基板 (35),0026000000,平成26年
454378,01000210,生産 数量 (千個),351420000,電子部品 電子回路実装基板 モジュール実装基板 (35),0027000000,平成27年
367594,01000210,生産 数量 (千個),351420000,電子部品 電子回路実装基板 モジュール実装基板 (35),0028000000,平成28年
495115,01000210,生産 数量 (千個),351420000,電子部品 電子回路実装基板 モジュール実装基板 (35),0026010000,平成26年度
457905,01000210,生産 数量 (千個),351420000,電子部品 電子回路実装基板 モジュール実装基板 (35),0027010000,平成27年度
121053,01000210,生産 数量 (千個),351420000,電子部品 電子回路実装基板 モジュール実装基板 (35),0028000103,平成28年 1 ～ 3 月
109846,01000210,生産 数量 (千個),351420000,電子部品 電子回路実装基板 モジュール実装基板 (35),0028000406,平成28年 4 ～ 6 月
86549,01000210,生産 数量 (千個),351420000,電子部品 電子回路実装基板 モジュール実装基板 (35),0028000709,平成28年 7 ～ 9 月
50146,01000210,生産 数量 (千個),351420000,電子部品 電子回路実装基板 モジュール実装基板 (35),0028001012,平成28年 10 ～ 12 月
35626,01000210,生産 数量 (千個),351420000,電子部品 電子回路実装基板 モジュール実装基板 (35),0028000101,平成28年1月
41485,01000210,生産 数量 (千個),351420000,電子部品 電子回路実装基板 モジュール実装基板 (35),0028000202,平成28年2月
43942,01000210,生産 数量 (千個),351420000,電子部品 電子回路実装基板 モジュール実装基板 (35),0028000303,平成28年3月
38280,01000210,生産 数量 (千個),351420000,電子部品 電子回路実装基板 モジュール実装基板 (35),0028000404,平成28年4月
35796,01000210,生産 数量 (千個),351420000,電子部品 電子回路実装基板 モジュール実装基板 (35),0028000505,平成28年5月
35770,01000210,生産 数量 (千個),351420000,電子部品 電子回路実装基板 モジュール実装基板 (35),0028000606,平成28年6月
35266,01000210,生産 数量 (千個),351420000,電子部品 電子回路実装基板 モジュール実装基板 (35),0028000707,平成28年7月
30710,01000210,生産 数量 (千個),351420000,電子部品 電子回路実装基板 モジュール実装基板 (35),0028000808,平成28年8月
20573,01000210,生産 数量 (千個),351420000,電子部品 電子回路実装基板 モジュール実装基板 (35),0028000909,平成28年9月
18716,01000210,生産 数量 (千個),351420000,電子部品 電子回路実装基板 モジュール実装基板 (35),0028001010,平成28年10月
18208,01000210,生産 数量 (千個),351420000,電子部品 電子回路実装基板 モジュール実装基板 (35),0028001111,平成28年11月
13222,01000210,生産 数量 (千個),351420000,電子部品 電子回路実装基板 モジュール実装基板 (35),0028001212,平成28年12月
25079,01000210,生産 数量 (千個),351510000,電子部品 変換部品 音響部品（スピーカ・マイクロホン） (36),0024000000,平成24年
170000,01000210,生産 数量 (千個),351510000,電子部品 変換部品 音響部品（スピーカ・マイクロホン） (36),0025000000,平成25年
165507,01000210,生産 数量 (千個),351510000,電子部品 変換部品 音響部品（スピーカ・マイクロホン） (36),0026000000,平成26年
130643,01000210,生産 数量 (千個),351510000,電子部品 変換部品 音響部品（スピーカ・マイクロホン） (36),0027000000,平成27年
138577,01000210,生産 数量 (千個),351510000,電子部品 変換部品 音響部品（スピーカ・マイクロホン） (36),0028000000,平成28年
162312,01000210,生産 数量 (千個),351510000,電子部品 変換部品 音響部品（スピーカ・マイクロホン） (36),0026010000,平成26年度
123983,01000210,生産 数量 (千個),351510000,電子部品 変換部品 音響部品（スピーカ・マイクロホン） (36),0027010000,平成27年度
26909,01000210,生産 数量 (千個),351510000,電子部品 変換部品 音響部品（スピーカ・マイクロホン） (36),0028000103,平成28年 1 ～ 3 月
33646,01000210,生産 数量 (千個),351510000,電子部品 変換部品 音響部品（スピーカ・マイクロホン） (36),0028000406,平成28年 4 ～ 6 月
39933,01000210,生産 数量 (千個),351510000,電子部品 変換部品 音響部品（スピーカ・マイクロホン） (36),0028000709,平成28年 7 ～ 9 月
38089,01000210,生産 数量 (千個),351510000,電子部品 変換部品 音響部品（スピーカ・マイクロホン） (36),0028001012,平成28年 10 ～ 12 月
8281,01000210,生産 数量 (千個),351510000,電子部品 変換部品 音響部品（スピーカ・マイクロホン） (36),0028000101,平成28年1月
9104,01000210,生産 数量 (千個),351510000,電子部品 変換部品 音響部品（スピーカ・マイクロホン） (36),0028000202,平成28年2月
9524,01000210,生産 数量 (千個),351510000,電子部品 変換部品 音響部品（スピーカ・マイクロホン） (36),0028000303,平成28年3月
10504,01000210,生産 数量 (千個),351510000,電子部品 変換部品 音響部品（スピーカ・マイクロホン） (36),0028000404,平成28年4月
10191,01000210,生産 数量 (千個),351510000,電子部品 変換部品 音響部品（スピーカ・マイクロホン） (36),0028000505,平成28年5月
12951,01000210,生産 数量 (千個),351510000,電子部品 変換部品 音響部品（スピーカ・マイクロホン） (36),0028000606,平成28年6月
13309,01000210,生産 数量 (千個),351510000,電子部品 変換部品 音響部品（スピーカ・マイクロホン） (36),0028000707,平成28年7月
13650,01000210,生産 数量 (千個),351510000,電子部品 変換部品 音響部品（スピーカ・マイクロホン） (36),0028000808,平成28年8月
12974,01000210,生産 数量 (千個),351510000,電子部品 変換部品 音響部品（スピーカ・マイクロホン） (36),0028000909,平成28年9月
14272,01000210,生産 数量 (千個),351510000,電子部品 変換部品 音響部品（スピーカ・マイクロホン） (36),0028001010,平成28年10月
12586,01000210,生産 数量 (千個),351510000,電子部品 変換部品 音響部品（スピーカ・マイクロホン） (36),0028001111,平成28年11月
11231,01000210,生産 数量 (千個),351510000,電子部品 変換部品 音響部品（スピーカ・マイクロホン） (36),0028001212,平成28年12月
567,01000210,生産 数量 (千個),351520000,電子部品 変換部品 磁気ヘッド (37),0024000000,平成24年
606,01000210,生産 数量 (千個),351520000,電子部品 変換部品 磁気ヘッド (37),0025000000,平成25年
X,01000210,生産 数量 (千個),351520000,電子部品 変換部品 磁気ヘッド (37),0026000000,平成26年
X,01000210,生産 数量 (千個),351520000,電子部品 変換部品 磁気ヘッド (37),0027000000,平成27年
X,01000210,生産 数量 (千個),351520000,電子部品 変換部品 磁気ヘッド (37),0028000000,平成28年
X,01000210,生産 数量 (千個),351520000,電子部品 変換部品 磁気ヘッド (37),0026010000,平成26年度
X,01000210,生産 数量 (千個),351520000,電子部品 変換部品 磁気ヘッド (37),0027010000,平成27年度
X,01000210,生産 数量 (千個),351520000,電子部品 変換部品 磁気ヘッド (37),0028000103,平成28年 1 ～ 3 月
X,01000210,生産 数量 (千個),351520000,電子部品 変換部品 磁気ヘッド (37),0028000406,平成28年 4 ～ 6 月
X,01000210,生産 数量 (千個),351520000,電子部品 変換部品 磁気ヘッド (37),0028000709,平成28年 7 ～ 9 月
X,01000210,生産 数量 (千個),351520000,電子部品 変換部品 磁気ヘッド (37),0028001012,平成28年 10 ～ 12 月
X,01000210,生産 数量 (千個),351520000,電子部品 変換部品 磁気ヘッド (37),0028000101,平成28年1月
X,01000210,生産 数量 (千個),351520000,電子部品 変換部品 磁気ヘッド (37),0028000202,平成28年2月
X,01000210,生産 数量 (千個),351520000,電子部品 変換部品 磁気ヘッド (37),0028000303,平成28年3月
X,01000210,生産 数量 (千個),351520000,電子部品 変換部品 磁気ヘッド (37),0028000404,平成28年4月
X,01000210,生産 数量 (千個),351520000,電子部品 変換部品 磁気ヘッド (37),0028000505,平成28年5月
X,01000210,生産 数量 (千個),351520000,電子部品 変換部品 磁気ヘッド (37),0028000606,平成28年6月
X,01000210,生産 数量 (千個),351520000,電子部品 変換部品 磁気ヘッド (37),0028000707,平成28年7月
X,01000210,生産 数量 (千個),351520000,電子部品 変換部品 磁気ヘッド (37),0028000808,平成28年8月
X,01000210,生産 数量 (千個),351520000,電子部品 変換部品 磁気ヘッド (37),0028000909,平成28年9月
X,01000210,生産 数量 (千個),351520000,電子部品 変換部品 磁気ヘッド (37),0028001010,平成28年10月
X,01000210,生産 数量 (千個),351520000,電子部品 変換部品 磁気ヘッド (37),0028001111,平成28年11月
X,01000210,生産 数量 (千個),351520000,電子部品 変換部品 磁気ヘッド (37),0028001212,平成28年12月
16797,01000800,生産 数量 (千平方m),351300000,電子部品 電子回路基板 (24～33),0024000000,平成24年
14134,01000800,生産 数量 (千平方m),351300000,電子部品 電子回路基板 (24～33),0025000000,平成25年
14598,01000800,生産 数量 (千平方m),351300000,電子部品 電子回路基板 (24～33),0026000000,平成26年
14844,01000800,生産 数量 (千平方m),351300000,電子部品 電子回路基板 (24～33),0027000000,平成27年
14211,01000800,生産 数量 (千平方m),351300000,電子部品 電子回路基板 (24～33),0028000000,平成28年
14705,01000800,生産 数量 (千平方m),351300000,電子部品 電子回路基板 (24～33),0026010000,平成26年度
14623,01000800,生産 数量 (千平方m),351300000,電子部品 電子回路基板 (24～33),0027010000,平成27年度
3348,01000800,生産 数量 (千平方m),351300000,電子部品 電子回路基板 (24～33),0028000103,平成28年 1 ～ 3 月
3368,01000800,生産 数量 (千平方m),351300000,電子部品 電子回路基板 (24～33),0028000406,平成28年 4 ～ 6 月
3644,01000800,生産 数量 (千平方m),351300000,電子部品 電子回路基板 (24～33),0028000709,平成28年 7 ～ 9 月
3852,01000800,生産 数量 (千平方m),351300000,電子部品 電子回路基板 (24～33),0028001012,平成28年 10 ～ 12 月
1073,01000800,生産 数量 (千平方m),351300000,電子部品 電子回路基板 (24～33),0028000101,平成28年1月
1113,01000800,生産 数量 (千平方m),351300000,電子部品 電子回路基板 (24～33),0028000202,平成28年2月
1163,01000800,生産 数量 (千平方m),351300000,電子部品 電子回路基板 (24～33),0028000303,平成28年3月
1098,01000800,生産 数量 (千平方m),351300000,電子部品 電子回路基板 (24～33),0028000404,平成28年4月
1059,01000800,生産 数量 (千平方m),351300000,電子部品 電子回路基板 (24～33),0028000505,平成28年5月
1211,01000800,生産 数量 (千平方m),351300000,電子部品 電子回路基板 (24～33),0028000606,平成28年6月
1198,01000800,生産 数量 (千平方m),351300000,電子部品 電子回路基板 (24～33),0028000707,平成28年7月
1168,01000800,生産 数量 (千平方m),351300000,電子部品 電子回路基板 (24～33),0028000808,平成28年8月
1279,01000800,生産 数量 (千平方m),351300000,電子部品 電子回路基板 (24～33),0028000909,平成28年9月
1293,01000800,生産 数量 (千平方m),351300000,電子部品 電子回路基板 (24～33),0028001010,平成28年10月
1313,01000800,生産 数量 (千平方m),351300000,電子部品 電子回路基板 (24～33),0028001111,平成28年11月
1245,01000800,生産 数量 (千平方m),351300000,電子部品 電子回路基板 (24～33),0028001212,平成28年12月
11434,01000800,生産 数量 (千平方m),351310000,電子部品 電子回路基板 リジッドプリント配線板 (24～29),0024000000,平成24年
10267,01000800,生産 数量 (千平方m),351310000,電子部品 電子回路基板 リジッドプリント配線板 (24～29),0025000000,平成25年
10694,01000800,生産 数量 (千平方m),351310000,電子部品 電子回路基板 リジッドプリント配線板 (24～29),0026000000,平成26年
10052,01000800,生産 数量 (千平方m),351310000,電子部品 電子回路基板 リジッドプリント配線板 (24～29),0027000000,平成27年
9785,01000800,生産 数量 (千平方m),351310000,電子部品 電子回路基板 リジッドプリント配線板 (24～29),0028000000,平成28年
10615,01000800,生産 数量 (千平方m),351310000,電子部品 電子回路基板 リジッドプリント配線板 (24～29),0026010000,平成26年度
9868,01000800,生産 数量 (千平方m),351310000,電子部品 電子回路基板 リジッドプリント配線板 (24～29),0027010000,平成27年度
2363,01000800,生産 数量 (千平方m),351310000,電子部品 電子回路基板 リジッドプリント配線板 (24～29),0028000103,平成28年 1 ～ 3 月
2334,01000800,生産 数量 (千平方m),351310000,電子部品 電子回路基板 リジッドプリント配線板 (24～29),0028000406,平成28年 4 ～ 6 月
2479,01000800,生産 数量 (千平方m),351310000,電子部品 電子回路基板 リジッドプリント配線板 (24～29),0028000709,平成28年 7 ～ 9 月
2608,01000800,生産 数量 (千平方m),351310000,電子部品 電子回路基板 リジッドプリント配線板 (24～29),0028001012,平成28年 10 ～ 12 月
760,01000800,生産 数量 (千平方m),351310000,電子部品 電子回路基板 リジッドプリント配線板 (24～29),0028000101,平成28年1月
788,01000800,生産 数量 (千平方m),351310000,電子部品 電子回路基板 リジッドプリント配線板 (24～29),0028000202,平成28年2月
816,01000800,生産 数量 (千平方m),351310000,電子部品 電子回路基板 リジッドプリント配線板 (24～29),0028000303,平成28年3月
752,01000800,生産 数量 (千平方m),351310000,電子部品 電子回路基板 リジッドプリント配線板 (24～29),0028000404,平成28年4月
743,01000800,生産 数量 (千平方m),351310000,電子部品 電子回路基板 リジッドプリント配線板 (24～29),0028000505,平成28年5月
839,01000800,生産 数量 (千平方m),351310000,電子部品 電子回路基板 リジッドプリント配線板 (24～29),0028000606,平成28年6月
829,01000800,生産 数量 (千平方m),351310000,電子部品 電子回路基板 リジッドプリント配線板 (24～29),0028000707,平成28年7月
787,01000800,生産 数量 (千平方m),351310000,電子部品 電子回路基板 リジッドプリント配線板 (24～29),0028000808,平成28年8月
863,01000800,生産 数量 (千平方m),351310000,電子部品 電子回路基板 リジッドプリント配線板 (24～29),0028000909,平成28年9月
868,01000800,生産 数量 (千平方m),351310000,電子部品 電子回路基板 リジッドプリント配線板 (24～29),0028001010,平成28年10月
899,01000800,生産 数量 (千平方m),351310000,電子部品 電子回路基板 リジッドプリント配線板 (24～29),0028001111,平成28年11月
842,01000800,生産 数量 (千平方m),351310000,電子部品 電子回路基板 リジッドプリント配線板 (24～29),0028001212,平成28年12月
1857,01000800,生産 数量 (千平方m),351311000,電子部品 電子回路基板 リジッドプリント配線板 片面プリント配線板 (24),0024000000,平成24年
1892,01000800,生産 数量 (千平方m),351311000,電子部品 電子回路基板 リジッドプリント配線板 片面プリント配線板 (24),0025000000,平成25年
1813,01000800,生産 数量 (千平方m),351311000,電子部品 電子回路基板 リジッドプリント配線板 片面プリント配線板 (24),0026000000,平成26年
1698,01000800,生産 数量 (千平方m),351311000,電子部品 電子回路基板 リジッドプリント配線板 片面プリント配線板 (24),0027000000,平成27年
1569,01000800,生産 数量 (千平方m),351311000,電子部品 電子回路基板 リジッドプリント配線板 片面プリント配線板 (24),0028000000,平成28年
1798,01000800,生産 数量 (千平方m),351311000,電子部品 電子回路基板 リジッドプリント配線板 片面プリント配線板 (24),0026010000,平成26年度
1644,01000800,生産 数量 (千平方m),351311000,電子部品 電子回路基板 リジッドプリント配線板 片面プリント配線板 (24),0027010000,平成27年度
385,01000800,生産 数量 (千平方m),351311000,電子部品 電子回路基板 リジッドプリント配線板 片面プリント配線板 (24),0028000103,平成28年 1 ～ 3 月
361,01000800,生産 数量 (千平方m),351311000,電子部品 電子回路基板 リジッドプリント配線板 片面プリント配線板 (24),0028000406,平成28年 4 ～ 6 月
387,01000800,生産 数量 (千平方m),351311000,電子部品 電子回路基板 リジッドプリント配線板 片面プリント配線板 (24),0028000709,平成28年 7 ～ 9 月
436,01000800,生産 数量 (千平方m),351311000,電子部品 電子回路基板 リジッドプリント配線板 片面プリント配線板 (24),0028001012,平成28年 10 ～ 12 月
125,01000800,生産 数量 (千平方m),351311000,電子部品 電子回路基板 リジッドプリント配線板 片面プリント配線板 (24),0028000101,平成28年1月
129,01000800,生産 数量 (千平方m),351311000,電子部品 電子回路基板 リジッドプリント配線板 片面プリント配線板 (24),0028000202,平成28年2月
131,01000800,生産 数量 (千平方m),351311000,電子部品 電子回路基板 リジッドプリント配線板 片面プリント配線板 (24),0028000303,平成28年3月
117,01000800,生産 数量 (千平方m),351311000,電子部品 電子回路基板 リジッドプリント配線板 片面プリント配線板 (24),0028000404,平成28年4月
118,01000800,生産 数量 (千平方m),351311000,電子部品 電子回路基板 リジッドプリント配線板 片面プリント配線板 (24),0028000505,平成28年5月
126,01000800,生産 数量 (千平方m),351311000,電子部品 電子回路基板 リジッドプリント配線板 片面プリント配線板 (24),0028000606,平成28年6月
123,01000800,生産 数量 (千平方m),351311000,電子部品 電子回路基板 リジッドプリント配線板 片面プリント配線板 (24),0028000707,平成28年7月
130,01000800,生産 数量 (千平方m),351311000,電子部品 電子回路基板 リジッドプリント配線板 片面プリント配線板 (24),0028000808,平成28年8月
134,01000800,生産 数量 (千平方m),351311000,電子部品 電子回路基板 リジッドプリント配線板 片面プリント配線板 (24),0028000909,平成28年9月
141,01000800,生産 数量 (千平方m),351311000,電子部品 電子回路基板 リジッドプリント配線板 片面プリント配線板 (24),0028001010,平成28年10月
148,01000800,生産 数量 (千平方m),351311000,電子部品 電子回路基板 リジッドプリント配線板 片面プリント配線板 (24),0028001111,平成28年11月
147,01000800,生産 数量 (千平方m),351311000,電子部品 電子回路基板 リジッドプリント配線板 片面プリント配線板 (24),0028001212,平成28年12月
4574,01000800,生産 数量 (千平方m),351312000,電子部品 電子回路基板 リジッドプリント配線板 両面プリント配線板 (25),0024000000,平成24年
4109,01000800,生産 数量 (千平方m),351312000,電子部品 電子回路基板 リジッドプリント配線板 両面プリント配線板 (25),0025000000,平成25年
4618,01000800,生産 数量 (千平方m),351312000,電子部品 電子回路基板 リジッドプリント配線板 両面プリント配線板 (25),0026000000,平成26年
4463,01000800,生産 数量 (千平方m),351312000,電子部品 電子回路基板 リジッドプリント配線板 両面プリント配線板 (25),0027000000,平成27年
4409,01000800,生産 数量 (千平方m),351312000,電子部品 電子回路基板 リジッドプリント配線板 両面プリント配線板 (25),0028000000,平成28年
4630,01000800,生産 数量 (千平方m),351312000,電子部品 電子回路基板 リジッドプリント配線板 両面プリント配線板 (25),0026010000,平成26年度
4382,01000800,生産 数量 (千平方m),351312000,電子部品 電子回路基板 リジッドプリント配線板 両面プリント配線板 (25),0027010000,平成27年度
1054,01000800,生産 数量 (千平方m),351312000,電子部品 電子回路基板 リジッドプリント配線板 両面プリント配線板 (25),0028000103,平成28年 1 ～ 3 月
1050,01000800,生産 数量 (千平方m),351312000,電子部品 電子回路基板 リジッドプリント配線板 両面プリント配線板 (25),0028000406,平成28年 4 ～ 6 月
1130,01000800,生産 数量 (千平方m),351312000,電子部品 電子回路基板 リジッドプリント配線板 両面プリント配線板 (25),0028000709,平成28年 7 ～ 9 月
1175,01000800,生産 数量 (千平方m),351312000,電子部品 電子回路基板 リジッドプリント配線板 両面プリント配線板 (25),0028001012,平成28年 10 ～ 12 月
339,01000800,生産 数量 (千平方m),351312000,電子部品 電子回路基板 リジッドプリント配線板 両面プリント配線板 (25),0028000101,平成28年1月
350,01000800,生産 数量 (千平方m),351312000,電子部品 電子回路基板 リジッドプリント配線板 両面プリント配線板 (25),0028000202,平成28年2月
365,01000800,生産 数量 (千平方m),351312000,電子部品 電子回路基板 リジッドプリント配線板 両面プリント配線板 (25),0028000303,平成28年3月
340,01000800,生産 数量 (千平方m),351312000,電子部品 電子回路基板 リジッドプリント配線板 両面プリント配線板 (25),0028000404,平成28年4月
327,01000800,生産 数量 (千平方m),351312000,電子部品 電子回路基板 リジッドプリント配線板 両面プリント配線板 (25),0028000505,平成28年5月
383,01000800,生産 数量 (千平方m),351312000,電子部品 電子回路基板 リジッドプリント配線板 両面プリント配線板 (25),0028000606,平成28年6月
377,01000800,生産 数量 (千平方m),351312000,電子部品 電子回路基板 リジッドプリント配線板 両面プリント配線板 (25),0028000707,平成28年7月
361,01000800,生産 数量 (千平方m),351312000,電子部品 電子回路基板 リジッドプリント配線板 両面プリント配線板 (25),0028000808,平成28年8月
392,01000800,生産 数量 (千平方m),351312000,電子部品 電子回路基板 リジッドプリント配線板 両面プリント配線板 (25),0028000909,平成28年9月
394,01000800,生産 数量 (千平方m),351312000,電子部品 電子回路基板 リジッドプリント配線板 両面プリント配線板 (25),0028001010,平成28年10月
411,01000800,生産 数量 (千平方m),351312000,電子部品 電子回路基板 リジッドプリント配線板 両面プリント配線板 (25),0028001111,平成28年11月
370,01000800,生産 数量 (千平方m),351312000,電子部品 電子回路基板 リジッドプリント配線板 両面プリント配線板 (25),0028001212,平成28年12月
2449,01000800,生産 数量 (千平方m),351313000,電子部品 電子回路基板 リジッドプリント配線板 多層プリント配線板（4層） (26),0024000000,平成24年
2259,01000800,生産 数量 (千平方m),351313000,電子部品 電子回路基板 リジッドプリント配線板 多層プリント配線板（4層） (26),0025000000,平成25年
2242,01000800,生産 数量 (千平方m),351313000,電子部品 電子回路基板 リジッドプリント配線板 多層プリント配線板（4層） (26),0026000000,平成26年
1998,01000800,生産 数量 (千平方m),351313000,電子部品 電子回路基板 リジッドプリント配線板 多層プリント配線板（4層） (26),0027000000,平成27年
1954,01000800,生産 数量 (千平方m),351313000,電子部品 電子回路基板 リジッドプリント配線板 多層プリント配線板（4層） (26),0028000000,平成28年
2193,01000800,生産 数量 (千平方m),351313000,電子部品 電子回路基板 リジッドプリント配線板 多層プリント配線板（4層） (26),0026010000,平成26年度
1969,01000800,生産 数量 (千平方m),351313000,電子部品 電子回路基板 リジッドプリント配線板 多層プリント配線板（4層） (26),0027010000,平成27年度
475,01000800,生産 数量 (千平方m),351313000,電子部品 電子回路基板 リジッドプリント配線板 多層プリント配線板（4層） (26),0028000103,平成28年 1 ～ 3 月
480,01000800,生産 数量 (千平方m),351313000,電子部品 電子回路基板 リジッドプリント配線板 多層プリント配線板（4層） (26),0028000406,平成28年 4 ～ 6 月
482,01000800,生産 数量 (千平方m),351313000,電子部品 電子回路基板 リジッドプリント配線板 多層プリント配線板（4層） (26),0028000709,平成28年 7 ～ 9 月
517,01000800,生産 数量 (千平方m),351313000,電子部品 電子回路基板 リジッドプリント配線板 多層プリント配線板（4層） (26),0028001012,平成28年 10 ～ 12 月
150,01000800,生産 数量 (千平方m),351313000,電子部品 電子回路基板 リジッドプリント配線板 多層プリント配線板（4層） (26),0028000101,平成28年1月
160,01000800,生産 数量 (千平方m),351313000,電子部品 電子回路基板 リジッドプリント配線板 多層プリント配線板（4層） (26),0028000202,平成28年2月
166,01000800,生産 数量 (千平方m),351313000,電子部品 電子回路基板 リジッドプリント配線板 多層プリント配線板（4層） (26),0028000303,平成28年3月
149,01000800,生産 数量 (千平方m),351313000,電子部品 電子回路基板 リジッドプリント配線板 多層プリント配線板（4層） (26),0028000404,平成28年4月
159,01000800,生産 数量 (千平方m),351313000,電子部品 電子回路基板 リジッドプリント配線板 多層プリント配線板（4層） (26),0028000505,平成28年5月
172,01000800,生産 数量 (千平方m),351313000,電子部品 電子回路基板 リジッドプリント配線板 多層プリント配線板（4層） (26),0028000606,平成28年6月
167,01000800,生産 数量 (千平方m),351313000,電子部品 電子回路基板 リジッドプリント配線板 多層プリント配線板（4層） (26),0028000707,平成28年7月
148,01000800,生産 数量 (千平方m),351313000,電子部品 電子回路基板 リジッドプリント配線板 多層プリント配線板（4層） (26),0028000808,平成28年8月
168,01000800,生産 数量 (千平方m),351313000,電子部品 電子回路基板 リジッドプリント配線板 多層プリント配線板（4層） (26),0028000909,平成28年9月
170,01000800,生産 数量 (千平方m),351313000,電子部品 電子回路基板 リジッドプリント配線板 多層プリント配線板（4層） (26),0028001010,平成28年10月
180,01000800,生産 数量 (千平方m),351313000,電子部品 電子回路基板 リジッドプリント配線板 多層プリント配線板（4層） (26),0028001111,平成28年11月
166,01000800,生産 数量 (千平方m),351313000,電子部品 電子回路基板 リジッドプリント配線板 多層プリント配線板（4層） (26),0028001212,平成28年12月
1141,01000800,生産 数量 (千平方m),351314000,電子部品 電子回路基板 リジッドプリント配線板 多層プリント配線板（6～8層） (27),0024000000,平成24年
919,01000800,生産 数量 (千平方m),351314000,電子部品 電子回路基板 リジッドプリント配線板 多層プリント配線板（6～8層） (27),0025000000,平成25年
890,01000800,生産 数量 (千平方m),351314000,電子部品 電子回路基板 リジッドプリント配線板 多層プリント配線板（6～8層） (27),0026000000,平成26年
830,01000800,生産 数量 (千平方m),351314000,電子部品 電子回路基板 リジッドプリント配線板 多層プリント配線板（6～8層） (27),0027000000,平成27年
860,01000800,生産 数量 (千平方m),351314000,電子部品 電子回路基板 リジッドプリント配線板 多層プリント配線板（6～8層） (27),0028000000,平成28年
861,01000800,生産 数量 (千平方m),351314000,電子部品 電子回路基板 リジッドプリント配線板 多層プリント配線板（6～8層） (27),0026010000,平成26年度
834,01000800,生産 数量 (千平方m),351314000,電子部品 電子回路基板 リジッドプリント配線板 多層プリント配線板（6～8層） (27),0027010000,平成27年度
199,01000800,生産 数量 (千平方m),351314000,電子部品 電子回路基板 リジッドプリント配線板 多層プリント配線板（6～8層） (27),0028000103,平成28年 1 ～ 3 月
197,01000800,生産 数量 (千平方m),351314000,電子部品 電子回路基板 リジッドプリント配線板 多層プリント配線板（6～8層） (27),0028000406,平成28年 4 ～ 6 月
230,01000800,生産 数量 (千平方m),351314000,電子部品 電子回路基板 リジッドプリント配線板 多層プリント配線板（6～8層） (27),0028000709,平成28年 7 ～ 9 月
234,01000800,生産 数量 (千平方m),351314000,電子部品 電子回路基板 リジッドプリント配線板 多層プリント配線板（6～8層） (27),0028001012,平成28年 10 ～ 12 月
67,01000800,生産 数量 (千平方m),351314000,電子部品 電子回路基板 リジッドプリント配線板 多層プリント配線板（6～8層） (27),0028000101,平成28年1月
65,01000800,生産 数量 (千平方m),351314000,電子部品 電子回路基板 リジッドプリント配線板 多層プリント配線板（6～8層） (27),0028000202,平成28年2月
68,01000800,生産 数量 (千平方m),351314000,電子部品 電子回路基板 リジッドプリント配線板 多層プリント配線板（6～8層） (27),0028000303,平成28年3月
62,01000800,生産 数量 (千平方m),351314000,電子部品 電子回路基板 リジッドプリント配線板 多層プリント配線板（6～8層） (27),0028000404,平成28年4月
61,01000800,生産 数量 (千平方m),351314000,電子部品 電子回路基板 リジッドプリント配線板 多層プリント配線板（6～8層） (27),0028000505,平成28年5月
74,01000800,生産 数量 (千平方m),351314000,電子部品 電子回路基板 リジッドプリント配線板 多層プリント配線板（6～8層） (27),0028000606,平成28年6月
77,01000800,生産 数量 (千平方m),351314000,電子部品 電子回路基板 リジッドプリント配線板 多層プリント配線板（6～8層） (27),0028000707,平成28年7月
70,01000800,生産 数量 (千平方m),351314000,電子部品 電子回路基板 リジッドプリント配線板 多層プリント配線板（6～8層） (27),0028000808,平成28年8月
83,01000800,生産 数量 (千平方m),351314000,電子部品 電子回路基板 リジッドプリント配線板 多層プリント配線板（6～8層） (27),0028000909,平成28年9月
79,01000800,生産 数量 (千平方m),351314000,電子部品 電子回路基板 リジッドプリント配線板 多層プリント配線板（6～8層） (27),0028001010,平成28年10月
75,01000800,生産 数量 (千平方m),351314000,電子部品 電子回路基板 リジッドプリント配線板 多層プリント配線板（6～8層） (27),0028001111,平成28年11月
80,01000800,生産 数量 (千平方m),351314000,電子部品 電子回路基板 リジッドプリント配線板 多層プリント配線板（6～8層） (27),0028001212,平成28年12月
159,01000800,生産 数量 (千平方m),351315000,電子部品 電子回路基板 リジッドプリント配線板 多層プリント配線板（10層以上） (28),0024000000,平成24年
156,01000800,生産 数量 (千平方m),351315000,電子部品 電子回路基板 リジッドプリント配線板 多層プリント配線板（10層以上） (28),0025000000,平成25年
127,01000800,生産 数量 (千平方m),351315000,電子部品 電子回路基板 リジッドプリント配線板 多層プリント配線板（10層以上） (28),0026000000,平成26年
114,01000800,生産 数量 (千平方m),351315000,電子部品 電子回路基板 リジッドプリント配線板 多層プリント配線板（10層以上） (28),0027000000,平成27年
109,01000800,生産 数量 (千平方m),351315000,電子部品 電子回路基板 リジッドプリント配線板 多層プリント配線板（10層以上） (28),0028000000,平成28年
125,01000800,生産 数量 (千平方m),351315000,電子部品 電子回路基板 リジッドプリント配線板 多層プリント配線板（10層以上） (28),0026010000,平成26年度
110,01000800,生産 数量 (千平方m),351315000,電子部品 電子回路基板 リジッドプリント配線板 多層プリント配線板（10層以上） (28),0027010000,平成27年度
26,01000800,生産 数量 (千平方m),351315000,電子部品 電子回路基板 リジッドプリント配線板 多層プリント配線板（10層以上） (28),0028000103,平成28年 1 ～ 3 月
25,01000800,生産 数量 (千平方m),351315000,電子部品 電子回路基板 リジッドプリント配線板 多層プリント配線板（10層以上） (28),0028000406,平成28年 4 ～ 6 月
29,01000800,生産 数量 (千平方m),351315000,電子部品 電子回路基板 リジッドプリント配線板 多層プリント配線板（10層以上） (28),0028000709,平成28年 7 ～ 9 月
28,01000800,生産 数量 (千平方m),351315000,電子部品 電子回路基板 リジッドプリント配線板 多層プリント配線板（10層以上） (28),0028001012,平成28年 10 ～ 12 月
8,01000800,生産 数量 (千平方m),351315000,電子部品 電子回路基板 リジッドプリント配線板 多層プリント配線板（10層以上） (28),0028000101,平成28年1月
9,01000800,生産 数量 (千平方m),351315000,電子部品 電子回路基板 リジッドプリント配線板 多層プリント配線板（10層以上） (28),0028000202,平成28年2月
9,01000800,生産 数量 (千平方m),351315000,電子部品 電子回路基板 リジッドプリント配線板 多層プリント配線板（10層以上） (28),0028000303,平成28年3月
8,01000800,生産 数量 (千平方m),351315000,電子部品 電子回路基板 リジッドプリント配線板 多層プリント配線板（10層以上） (28),0028000404,平成28年4月
8,01000800,生産 数量 (千平方m),351315000,電子部品 電子回路基板 リジッドプリント配線板 多層プリント配線板（10層以上） (28),0028000505,平成28年5月
10,01000800,生産 数量 (千平方m),351315000,電子部品 電子回路基板 リジッドプリント配線板 多層プリント配線板（10層以上） (28),0028000606,平成28年6月
10,01000800,生産 数量 (千平方m),351315000,電子部品 電子回路基板 リジッドプリント配線板 多層プリント配線板（10層以上） (28),0028000707,平成28年7月
9,01000800,生産 数量 (千平方m),351315000,電子部品 電子回路基板 リジッドプリント配線板 多層プリント配線板（10層以上） (28),0028000808,平成28年8月
10,01000800,生産 数量 (千平方m),351315000,電子部品 電子回路基板 リジッドプリント配線板 多層プリント配線板（10層以上） (28),0028000909,平成28年9月
10,01000800,生産 数量 (千平方m),351315000,電子部品 電子回路基板 リジッドプリント配線板 多層プリント配線板（10層以上） (28),0028001010,平成28年10月
10,01000800,生産 数量 (千平方m),351315000,電子部品 電子回路基板 リジッドプリント配線板 多層プリント配線板（10層以上） (28),0028001111,平成28年11月
8,01000800,生産 数量 (千平方m),351315000,電子部品 電子回路基板 リジッドプリント配線板 多層プリント配線板（10層以上） (28),0028001212,平成28年12月
1255,01000800,生産 数量 (千平方m),351316000,電子部品 電子回路基板 リジッドプリント配線板 ビルドアップ多層配線板 (29),0024000000,平成24年
932,01000800,生産 数量 (千平方m),351316000,電子部品 電子回路基板 リジッドプリント配線板 ビルドアップ多層配線板 (29),0025000000,平成25年
1004,01000800,生産 数量 (千平方m),351316000,電子部品 電子回路基板 リジッドプリント配線板 ビルドアップ多層配線板 (29),0026000000,平成26年
949,01000800,生産 数量 (千平方m),351316000,電子部品 電子回路基板 リジッドプリント配線板 ビルドアップ多層配線板 (29),0027000000,平成27年
884,01000800,生産 数量 (千平方m),351316000,電子部品 電子回路基板 リジッドプリント配線板 ビルドアップ多層配線板 (29),0028000000,平成28年
1009,01000800,生産 数量 (千平方m),351316000,電子部品 電子回路基板 リジッドプリント配線板 ビルドアップ多層配線板 (29),0026010000,平成26年度
929,01000800,生産 数量 (千平方m),351316000,電子部品 電子回路基板 リジッドプリント配線板 ビルドアップ多層配線板 (29),0027010000,平成27年度
223,01000800,生産 数量 (千平方m),351316000,電子部品 電子回路基板 リジッドプリント配線板 ビルドアップ多層配線板 (29),0028000103,平成28年 1 ～ 3 月
221,01000800,生産 数量 (千平方m),351316000,電子部品 電子回路基板 リジッドプリント配線板 ビルドアップ多層配線板 (29),0028000406,平成28年 4 ～ 6 月
221,01000800,生産 数量 (千平方m),351316000,電子部品 電子回路基板 リジッドプリント配線板 ビルドアップ多層配線板 (29),0028000709,平成28年 7 ～ 9 月
219,01000800,生産 数量 (千平方m),351316000,電子部品 電子回路基板 リジッドプリント配線板 ビルドアップ多層配線板 (29),0028001012,平成28年 10 ～ 12 月
71,01000800,生産 数量 (千平方m),351316000,電子部品 電子回路基板 リジッドプリント配線板 ビルドアップ多層配線板 (29),0028000101,平成28年1月
76,01000800,生産 数量 (千平方m),351316000,電子部品 電子回路基板 リジッドプリント配線板 ビルドアップ多層配線板 (29),0028000202,平成28年2月
77,01000800,生産 数量 (千平方m),351316000,電子部品 電子回路基板 リジッドプリント配線板 ビルドアップ多層配線板 (29),0028000303,平成28年3月
76,01000800,生産 数量 (千平方m),351316000,電子部品 電子回路基板 リジッドプリント配線板 ビルドアップ多層配線板 (29),0028000404,平成28年4月
69,01000800,生産 数量 (千平方m),351316000,電子部品 電子回路基板 リジッドプリント配線板 ビルドアップ多層配線板 (29),0028000505,平成28年5月
75,01000800,生産 数量 (千平方m),351316000,電子部品 電子回路基板 リジッドプリント配線板 ビルドアップ多層配線板 (29),0028000606,平成28年6月
76,01000800,生産 数量 (千平方m),351316000,電子部品 電子回路基板 リジッドプリント配線板 ビルドアップ多層配線板 (29),0028000707,平成28年7月
70,01000800,生産 数量 (千平方m),351316000,電子部品 電子回路基板 リジッドプリント配線板 ビルドアップ多層配線板 (29),0028000808,平成28年8月
75,01000800,生産 数量 (千平方m),351316000,電子部品 電子回路基板 リジッドプリント配線板 ビルドアップ多層配線板 (29),0028000909,平成28年9月
74,01000800,生産 数量 (千平方m),351316000,電子部品 電子回路基板 リジッドプリント配線板 ビルドアップ多層配線板 (29),0028001010,平成28年10月
75,01000800,生産 数量 (千平方m),351316000,電子部品 電子回路基板 リジッドプリント配線板 ビルドアップ多層配線板 (29),0028001111,平成28年11月
70,01000800,生産 数量 (千平方m),351316000,電子部品 電子回路基板 リジッドプリント配線板 ビルドアップ多層配線板 (29),0028001212,平成28年12月
4589,01000800,生産 数量 (千平方m),351320000,電子部品 電子回路基板 フレキシブルプリント配線板 (30～31),0024000000,平成24年
3288,01000800,生産 数量 (千平方m),351320000,電子部品 電子回路基板 フレキシブルプリント配線板 (30～31),0025000000,平成25年
3312,01000800,生産 数量 (千平方m),351320000,電子部品 電子回路基板 フレキシブルプリント配線板 (30～31),0026000000,平成26年
4108,01000800,生産 数量 (千平方m),351320000,電子部品 電子回路基板 フレキシブルプリント配線板 (30～31),0027000000,平成27年
3739,01000800,生産 数量 (千平方m),351320000,電子部品 電子回路基板 フレキシブルプリント配線板 (30～31),0028000000,平成28年
3472,01000800,生産 数量 (千平方m),351320000,電子部品 電子回路基板 フレキシブルプリント配線板 (30～31),0026010000,平成26年度
4079,01000800,生産 数量 (千平方m),351320000,電子部品 電子回路基板 フレキシブルプリント配線板 (30～31),0027010000,平成27年度
830,01000800,生産 数量 (千平方m),351320000,電子部品 電子回路基板 フレキシブルプリント配線板 (30～31),0028000103,平成28年 1 ～ 3 月
869,01000800,生産 数量 (千平方m),351320000,電子部品 電子回路基板 フレキシブルプリント配線板 (30～31),0028000406,平成28年 4 ～ 6 月
977,01000800,生産 数量 (千平方m),351320000,電子部品 電子回路基板 フレキシブルプリント配線板 (30～31),0028000709,平成28年 7 ～ 9 月
1064,01000800,生産 数量 (千平方m),351320000,電子部品 電子回路基板 フレキシブルプリント配線板 (30～31),0028001012,平成28年 10 ～ 12 月
262,01000800,生産 数量 (千平方m),351320000,電子部品 電子回路基板 フレキシブルプリント配線板 (30～31),0028000101,平成28年1月
274,01000800,生産 数量 (千平方m),351320000,電子部品 電子回路基板 フレキシブルプリント配線板 (30～31),0028000202,平成28年2月
294,01000800,生産 数量 (千平方m),351320000,電子部品 電子回路基板 フレキシブルプリント配線板 (30～31),0028000303,平成28年3月
292,01000800,生産 数量 (千平方m),351320000,電子部品 電子回路基板 フレキシブルプリント配線板 (30～31),0028000404,平成28年4月
262,01000800,生産 数量 (千平方m),351320000,電子部品 電子回路基板 フレキシブルプリント配線板 (30～31),0028000505,平成28年5月
316,01000800,生産 数量 (千平方m),351320000,電子部品 電子回路基板 フレキシブルプリント配線板 (30～31),0028000606,平成28年6月
314,01000800,生産 数量 (千平方m),351320000,電子部品 電子回路基板 フレキシブルプリント配線板 (30～31),0028000707,平成28年7月
314,01000800,生産 数量 (千平方m),351320000,電子部品 電子回路基板 フレキシブルプリント配線板 (30～31),0028000808,平成28年8月
348,01000800,生産 数量 (千平方m),351320000,電子部品 電子回路基板 フレキシブルプリント配線板 (30～31),0028000909,平成28年9月
363,01000800,生産 数量 (千平方m),351320000,電子部品 電子回路基板 フレキシブルプリント配線板 (30～31),0028001010,平成28年10月
354,01000800,生産 数量 (千平方m),351320000,電子部品 電子回路基板 フレキシブルプリント配線板 (30～31),0028001111,平成28年11月
346,01000800,生産 数量 (千平方m),351320000,電子部品 電子回路基板 フレキシブルプリント配線板 (30～31),0028001212,平成28年12月
1174,01000800,生産 数量 (千平方m),351321000,電子部品 電子回路基板 フレキシブルプリント配線板 片面フレキシブル配線板 (30),0024000000,平成24年
718,01000800,生産 数量 (千平方m),351321000,電子部品 電子回路基板 フレキシブルプリント配線板 片面フレキシブル配線板 (30),0025000000,平成25年
669,01000800,生産 数量 (千平方m),351321000,電子部品 電子回路基板 フレキシブルプリント配線板 片面フレキシブル配線板 (30),0026000000,平成26年
1297,01000800,生産 数量 (千平方m),351321000,電子部品 電子回路基板 フレキシブルプリント配線板 片面フレキシブル配線板 (30),0027000000,平成27年
1084,01000800,生産 数量 (千平方m),351321000,電子部品 電子回路基板 フレキシブルプリント配線板 片面フレキシブル配線板 (30),0028000000,平成28年
732,01000800,生産 数量 (千平方m),351321000,電子部品 電子回路基板 フレキシブルプリント配線板 片面フレキシブル配線板 (30),0026010000,平成26年度
1362,01000800,生産 数量 (千平方m),351321000,電子部品 電子回路基板 フレキシブルプリント配線板 片面フレキシブル配線板 (30),0027010000,平成27年度
273,01000800,生産 数量 (千平方m),351321000,電子部品 電子回路基板 フレキシブルプリント配線板 片面フレキシブル配線板 (30),0028000103,平成28年 1 ～ 3 月
261,01000800,生産 数量 (千平方m),351321000,電子部品 電子回路基板 フレキシブルプリント配線板 片面フレキシブル配線板 (30),0028000406,平成28年 4 ～ 6 月
288,01000800,生産 数量 (千平方m),351321000,電子部品 電子回路基板 フレキシブルプリント配線板 片面フレキシブル配線板 (30),0028000709,平成28年 7 ～ 9 月
262,01000800,生産 数量 (千平方m),351321000,電子部品 電子回路基板 フレキシブルプリント配線板 片面フレキシブル配線板 (30),0028001012,平成28年 10 ～ 12 月
79,01000800,生産 数量 (千平方m),351321000,電子部品 電子回路基板 フレキシブルプリント配線板 片面フレキシブル配線板 (30),0028000101,平成28年1月
108,01000800,生産 数量 (千平方m),351321000,電子部品 電子回路基板 フレキシブルプリント配線板 片面フレキシブル配線板 (30),0028000202,平成28年2月
85,01000800,生産 数量 (千平方m),351321000,電子部品 電子回路基板 フレキシブルプリント配線板 片面フレキシブル配線板 (30),0028000303,平成28年3月
76,01000800,生産 数量 (千平方m),351321000,電子部品 電子回路基板 フレキシブルプリント配線板 片面フレキシブル配線板 (30),0028000404,平成28年4月
78,01000800,生産 数量 (千平方m),351321000,電子部品 電子回路基板 フレキシブルプリント配線板 片面フレキシブル配線板 (30),0028000505,平成28年5月
108,01000800,生産 数量 (千平方m),351321000,電子部品 電子回路基板 フレキシブルプリント配線板 片面フレキシブル配線板 (30),0028000606,平成28年6月
99,01000800,生産 数量 (千平方m),351321000,電子部品 電子回路基板 フレキシブルプリント配線板 片面フレキシブル配線板 (30),0028000707,平成28年7月
97,01000800,生産 数量 (千平方m),351321000,電子部品 電子回路基板 フレキシブルプリント配線板 片面フレキシブル配線板 (30),0028000808,平成28年8月
92,01000800,生産 数量 (千平方m),351321000,電子部品 電子回路基板 フレキシブルプリント配線板 片面フレキシブル配線板 (30),0028000909,平成28年9月
93,01000800,生産 数量 (千平方m),351321000,電子部品 電子回路基板 フレキシブルプリント配線板 片面フレキシブル配線板 (30),0028001010,平成28年10月
89,01000800,生産 数量 (千平方m),351321000,電子部品 電子回路基板 フレキシブルプリント配線板 片面フレキシブル配線板 (30),0028001111,平成28年11月
80,01000800,生産 数量 (千平方m),351321000,電子部品 電子回路基板 フレキシブルプリント配線板 片面フレキシブル配線板 (30),0028001212,平成28年12月
3414,01000800,生産 数量 (千平方m),351322000,電子部品 電子回路基板 フレキシブルプリント配線板 両面・多層フレキシブル配線板 (31),0024000000,平成24年
2570,01000800,生産 数量 (千平方m),351322000,電子部品 電子回路基板 フレキシブルプリント配線板 両面・多層フレキシブル配線板 (31),0025000000,平成25年
2643,01000800,生産 数量 (千平方m),351322000,電子部品 電子回路基板 フレキシブルプリント配線板 両面・多層フレキシブル配線板 (31),0026000000,平成26年
2811,01000800,生産 数量 (千平方m),351322000,電子部品 電子回路基板 フレキシブルプリント配線板 両面・多層フレキシブル配線板 (31),0027000000,平成27年
2656,01000800,生産 数量 (千平方m),351322000,電子部品 電子回路基板 フレキシブルプリント配線板 両面・多層フレキシブル配線板 (31),0028000000,平成28年
2740,01000800,生産 数量 (千平方m),351322000,電子部品 電子回路基板 フレキシブルプリント配線板 両面・多層フレキシブル配線板 (31),0026010000,平成26年度
2716,01000800,生産 数量 (千平方m),351322000,電子部品 電子回路基板 フレキシブルプリント配線板 両面・多層フレキシブル配線板 (31),0027010000,平成27年度
557,01000800,生産 数量 (千平方m),351322000,電子部品 電子回路基板 フレキシブルプリント配線板 両面・多層フレキシブル配線板 (31),0028000103,平成28年 1 ～ 3 月
607,01000800,生産 数量 (千平方m),351322000,電子部品 電子回路基板 フレキシブルプリント配線板 両面・多層フレキシブル配線板 (31),0028000406,平成28年 4 ～ 6 月
689,01000800,生産 数量 (千平方m),351322000,電子部品 電子回路基板 フレキシブルプリント配線板 両面・多層フレキシブル配線板 (31),0028000709,平成28年 7 ～ 9 月
802,01000800,生産 数量 (千平方m),351322000,電子部品 電子回路基板 フレキシブルプリント配線板 両面・多層フレキシブル配線板 (31),0028001012,平成28年 10 ～ 12 月
182,01000800,生産 数量 (千平方m),351322000,電子部品 電子回路基板 フレキシブルプリント配線板 両面・多層フレキシブル配線板 (31),0028000101,平成28年1月
166,01000800,生産 数量 (千平方m),351322000,電子部品 電子回路基板 フレキシブルプリント配線板 両面・多層フレキシブル配線板 (31),0028000202,平成28年2月
209,01000800,生産 数量 (千平方m),351322000,電子部品 電子回路基板 フレキシブルプリント配線板 両面・多層フレキシブル配線板 (31),0028000303,平成28年3月
216,01000800,生産 数量 (千平方m),351322000,電子部品 電子回路基板 フレキシブルプリント配線板 両面・多層フレキシブル配線板 (31),0028000404,平成28年4月
184,01000800,生産 数量 (千平方m),351322000,電子部品 電子回路基板 フレキシブルプリント配線板 両面・多層フレキシブル配線板 (31),0028000505,平成28年5月
208,01000800,生産 数量 (千平方m),351322000,電子部品 電子回路基板 フレキシブルプリント配線板 両面・多層フレキシブル配線板 (31),0028000606,平成28年6月
215,01000800,生産 数量 (千平方m),351322000,電子部品 電子回路基板 フレキシブルプリント配線板 両面・多層フレキシブル配線板 (31),0028000707,平成28年7月
217,01000800,生産 数量 (千平方m),351322000,電子部品 電子回路基板 フレキシブルプリント配線板 両面・多層フレキシブル配線板 (31),0028000808,平成28年8月
257,01000800,生産 数量 (千平方m),351322000,電子部品 電子回路基板 フレキシブルプリント配線板 両面・多層フレキシブル配線板 (31),0028000909,平成28年9月
270,01000800,生産 数量 (千平方m),351322000,電子部品 電子回路基板 フレキシブルプリント配線板 両面・多層フレキシブル配線板 (31),0028001010,平成28年10月
266,01000800,生産 数量 (千平方m),351322000,電子部品 電子回路基板 フレキシブルプリント配線板 両面・多層フレキシブル配線板 (31),0028001111,平成28年11月
266,01000800,生産 数量 (千平方m),351322000,電子部品 電子回路基板 フレキシブルプリント配線板 両面・多層フレキシブル配線板 (31),0028001212,平成28年12月
774,01000800,生産 数量 (千平方m),351330000,電子部品 電子回路基板 モジュール基板 (32～33),0024000000,平成24年
578,01000800,生産 数量 (千平方m),351330000,電子部品 電子回路基板 モジュール基板 (32～33),0025000000,平成25年
592,01000800,生産 数量 (千平方m),351330000,電子部品 電子回路基板 モジュール基板 (32～33),0026000000,平成26年
683,01000800,生産 数量 (千平方m),351330000,電子部品 電子回路基板 モジュール基板 (32～33),0027000000,平成27年
687,01000800,生産 数量 (千平方m),351330000,電子部品 電子回路基板 モジュール基板 (32～33),0028000000,平成28年
618,01000800,生産 数量 (千平方m),351330000,電子部品 電子回路基板 モジュール基板 (32～33),0026010000,平成26年度
676,01000800,生産 数量 (千平方m),351330000,電子部品 電子回路基板 モジュール基板 (32～33),0027010000,平成27年度
155,01000800,生産 数量 (千平方m),351330000,電子部品 電子回路基板 モジュール基板 (32～33),0028000103,平成28年 1 ～ 3 月
164,01000800,生産 数量 (千平方m),351330000,電子部品 電子回路基板 モジュール基板 (32～33),0028000406,平成28年 4 ～ 6 月
189,01000800,生産 数量 (千平方m),351330000,電子部品 電子回路基板 モジュール基板 (32～33),0028000709,平成28年 7 ～ 9 月
179,01000800,生産 数量 (千平方m),351330000,電子部品 電子回路基板 モジュール基板 (32～33),0028001012,平成28年 10 ～ 12 月
51,01000800,生産 数量 (千平方m),351330000,電子部品 電子回路基板 モジュール基板 (32～33),0028000101,平成28年1月
51,01000800,生産 数量 (千平方m),351330000,電子部品 電子回路基板 モジュール基板 (32～33),0028000202,平成28年2月
53,01000800,生産 数量 (千平方m),351330000,電子部品 電子回路基板 モジュール基板 (32～33),0028000303,平成28年3月
54,01000800,生産 数量 (千平方m),351330000,電子部品 電子回路基板 モジュール基板 (32～33),0028000404,平成28年4月
54,01000800,生産 数量 (千平方m),351330000,電子部品 電子回路基板 モジュール基板 (32～33),0028000505,平成28年5月
56,01000800,生産 数量 (千平方m),351330000,電子部品 電子回路基板 モジュール基板 (32～33),0028000606,平成28年6月
55,01000800,生産 数量 (千平方m),351330000,電子部品 電子回路基板 モジュール基板 (32～33),0028000707,平成28年7月
66,01000800,生産 数量 (千平方m),351330000,電子部品 電子回路基板 モジュール基板 (32～33),0028000808,平成28年8月
68,01000800,生産 数量 (千平方m),351330000,電子部品 電子回路基板 モジュール基板 (32～33),0028000909,平成28年9月
62,01000800,生産 数量 (千平方m),351330000,電子部品 電子回路基板 モジュール基板 (32～33),0028001010,平成28年10月
61,01000800,生産 数量 (千平方m),351330000,電子部品 電子回路基板 モジュール基板 (32～33),0028001111,平成28年11月
57,01000800,生産 数量 (千平方m),351330000,電子部品 電子回路基板 モジュール基板 (32～33),0028001212,平成28年12月
491,01000800,生産 数量 (千平方m),351331000,電子部品 電子回路基板 モジュール基板 リジッド系モジュール基板 (32),0024000000,平成24年
423,01000800,生産 数量 (千平方m),351331000,電子部品 電子回路基板 モジュール基板 リジッド系モジュール基板 (32),0025000000,平成25年
438,01000800,生産 数量 (千平方m),351331000,電子部品 電子回路基板 モジュール基板 リジッド系モジュール基板 (32),0026000000,平成26年
486,01000800,生産 数量 (千平方m),351331000,電子部品 電子回路基板 モジュール基板 リジッド系モジュール基板 (32),0027000000,平成27年
471,01000800,生産 数量 (千平方m),351331000,電子部品 電子回路基板 モジュール基板 リジッド系モジュール基板 (32),0028000000,平成28年
449,01000800,生産 数量 (千平方m),351331000,電子部品 電子回路基板 モジュール基板 リジッド系モジュール基板 (32),0026010000,平成26年度
491,01000800,生産 数量 (千平方m),351331000,電子部品 電子回路基板 モジュール基板 リジッド系モジュール基板 (32),0027010000,平成27年度
116,01000800,生産 数量 (千平方m),351331000,電子部品 電子回路基板 モジュール基板 リジッド系モジュール基板 (32),0028000103,平成28年 1 ～ 3 月
113,01000800,生産 数量 (千平方m),351331000,電子部品 電子回路基板 モジュール基板 リジッド系モジュール基板 (32),0028000406,平成28年 4 ～ 6 月
128,01000800,生産 数量 (千平方m),351331000,電子部品 電子回路基板 モジュール基板 リジッド系モジュール基板 (32),0028000709,平成28年 7 ～ 9 月
115,01000800,生産 数量 (千平方m),351331000,電子部品 電子回路基板 モジュール基板 リジッド系モジュール基板 (32),0028001012,平成28年 10 ～ 12 月
39,01000800,生産 数量 (千平方m),351331000,電子部品 電子回路基板 モジュール基板 リジッド系モジュール基板 (32),0028000101,平成28年1月
38,01000800,生産 数量 (千平方m),351331000,電子部品 電子回路基板 モジュール基板 リジッド系モジュール基板 (32),0028000202,平成28年2月
40,01000800,生産 数量 (千平方m),351331000,電子部品 電子回路基板 モジュール基板 リジッド系モジュール基板 (32),0028000303,平成28年3月
39,01000800,生産 数量 (千平方m),351331000,電子部品 電子回路基板 モジュール基板 リジッド系モジュール基板 (32),0028000404,平成28年4月
36,01000800,生産 数量 (千平方m),351331000,電子部品 電子回路基板 モジュール基板 リジッド系モジュール基板 (32),0028000505,平成28年5月
38,01000800,生産 数量 (千平方m),351331000,電子部品 電子回路基板 モジュール基板 リジッド系モジュール基板 (32),0028000606,平成28年6月
40,01000800,生産 数量 (千平方m),351331000,電子部品 電子回路基板 モジュール基板 リジッド系モジュール基板 (32),0028000707,平成28年7月
44,01000800,生産 数量 (千平方m),351331000,電子部品 電子回路基板 モジュール基板 リジッド系モジュール基板 (32),0028000808,平成28年8月
44,01000800,生産 数量 (千平方m),351331000,電子部品 電子回路基板 モジュール基板 リジッド系モジュール基板 (32),0028000909,平成28年9月
39,01000800,生産 数量 (千平方m),351331000,電子部品 電子回路基板 モジュール基板 リジッド系モジュール基板 (32),0028001010,平成28年10月
39,01000800,生産 数量 (千平方m),351331000,電子部品 電子回路基板 モジュール基板 リジッド系モジュール基板 (32),0028001111,平成28年11月
37,01000800,生産 数量 (千平方m),351331000,電子部品 電子回路基板 モジュール基板 リジッド系モジュール基板 (32),0028001212,平成28年12月
283,01000800,生産 数量 (千平方m),351332000,電子部品 電子回路基板 モジュール基板 その他のモジュール基板 (33),0024000000,平成24年
155,01000800,生産 数量 (千平方m),351332000,電子部品 電子回路基板 モジュール基板 その他のモジュール基板 (33),0025000000,平成25年
155,01000800,生産 数量 (千平方m),351332000,電子部品 電子回路基板 モジュール基板 その他のモジュール基板 (33),0026000000,平成26年
198,01000800,生産 数量 (千平方m),351332000,電子部品 電子回路基板 モジュール基板 その他のモジュール基板 (33),0027000000,平成27年
216,01000800,生産 数量 (千平方m),351332000,電子部品 電子回路基板 モジュール基板 その他のモジュール基板 (33),0028000000,平成28年
169,01000800,生産 数量 (千平方m),351332000,電子部品 電子回路基板 モジュール基板 その他のモジュール基板 (33),0026010000,平成26年度
186,01000800,生産 数量 (千平方m),351332000,電子部品 電子回路基板 モジュール基板 その他のモジュール基板 (33),0027010000,平成27年度
38,01000800,生産 数量 (千平方m),351332000,電子部品 電子回路基板 モジュール基板 その他のモジュール基板 (33),0028000103,平成28年 1 ～ 3 月
52,01000800,生産 数量 (千平方m),351332000,電子部品 電子回路基板 モジュール基板 その他のモジュール基板 (33),0028000406,平成28年 4 ～ 6 月
61,01000800,生産 数量 (千平方m),351332000,電子部品 電子回路基板 モジュール基板 その他のモジュール基板 (33),0028000709,平成28年 7 ～ 9 月
65,01000800,生産 数量 (千平方m),351332000,電子部品 電子回路基板 モジュール基板 その他のモジュール基板 (33),0028001012,平成28年 10 ～ 12 月
12,01000800,生産 数量 (千平方m),351332000,電子部品 電子回路基板 モジュール基板 その他のモジュール基板 (33),0028000101,平成28年1月
13,01000800,生産 数量 (千平方m),351332000,電子部品 電子回路基板 モジュール基板 その他のモジュール基板 (33),0028000202,平成28年2月
13,01000800,生産 数量 (千平方m),351332000,電子部品 電子回路基板 モジュール基板 その他のモジュール基板 (33),0028000303,平成28年3月
15,01000800,生産 数量 (千平方m),351332000,電子部品 電子回路基板 モジュール基板 その他のモジュール基板 (33),0028000404,平成28年4月
18,01000800,生産 数量 (千平方m),351332000,電子部品 電子回路基板 モジュール基板 その他のモジュール基板 (33),0028000505,平成28年5月
18,01000800,生産 数量 (千平方m),351332000,電子部品 電子回路基板 モジュール基板 その他のモジュール基板 (33),0028000606,平成28年6月
15,01000800,生産 数量 (千平方m),351332000,電子部品 電子回路基板 モジュール基板 その他のモジュール基板 (33),0028000707,平成28年7月
22,01000800,生産 数量 (千平方m),351332000,電子部品 電子回路基板 モジュール基板 その他のモジュール基板 (33),0028000808,平成28年8月
24,01000800,生産 数量 (千平方m),351332000,電子部品 電子回路基板 モジュール基板 その他のモジュール基板 (33),0028000909,平成28年9月
23,01000800,生産 数量 (千平方m),351332000,電子部品 電子回路基板 モジュール基板 その他のモジュール基板 (33),0028001010,平成28年10月
22,01000800,生産 数量 (千平方m),351332000,電子部品 電子回路基板 モジュール基板 その他のモジュール基板 (33),0028001111,平成28年11月
20,01000800,生産 数量 (千平方m),351332000,電子部品 電子回路基板 モジュール基板 その他のモジュール基板 (33),0028001212,平成28年12月
389936,01000800,生産 数量 (千平方m),351610000,電子部品 メモリ部品 磁気テープ (38～39),0024000000,平成24年
311243,01000800,生産 数量 (千平方m),351610000,電子部品 メモリ部品 磁気テープ (38～39),0025000000,平成25年
296159,01000800,生産 数量 (千平方m),351610000,電子部品 メモリ部品 磁気テープ (38～39),0026000000,平成26年
270138,01000800,生産 数量 (千平方m),351610000,電子部品 メモリ部品 磁気テープ (38～39),0027000000,平成27年
247103,01000800,生産 数量 (千平方m),351610000,電子部品 メモリ部品 磁気テープ (38～39),0028000000,平成28年
299379,01000800,生産 数量 (千平方m),351610000,電子部品 メモリ部品 磁気テープ (38～39),0026010000,平成26年度
256829,01000800,生産 数量 (千平方m),351610000,電子部品 メモリ部品 磁気テープ (38～39),0027010000,平成27年度
58759,01000800,生産 数量 (千平方m),351610000,電子部品 メモリ部品 磁気テープ (38～39),0028000103,平成28年 1 ～ 3 月
60591,01000800,生産 数量 (千平方m),351610000,電子部品 メモリ部品 磁気テープ (38～39),0028000406,平成28年 4 ～ 6 月
60257,01000800,生産 数量 (千平方m),351610000,電子部品 メモリ部品 磁気テープ (38～39),0028000709,平成28年 7 ～ 9 月
67496,01000800,生産 数量 (千平方m),351610000,電子部品 メモリ部品 磁気テープ (38～39),0028001012,平成28年 10 ～ 12 月
15709,01000800,生産 数量 (千平方m),351610000,電子部品 メモリ部品 磁気テープ (38～39),0028000101,平成28年1月
21835,01000800,生産 数量 (千平方m),351610000,電子部品 メモリ部品 磁気テープ (38～39),0028000202,平成28年2月
21215,01000800,生産 数量 (千平方m),351610000,電子部品 メモリ部品 磁気テープ (38～39),0028000303,平成28年3月
19153,01000800,生産 数量 (千平方m),351610000,電子部品 メモリ部品 磁気テープ (38～39),0028000404,平成28年4月
19391,01000800,生産 数量 (千平方m),351610000,電子部品 メモリ部品 磁気テープ (38～39),0028000505,平成28年5月
22047,01000800,生産 数量 (千平方m),351610000,電子部品 メモリ部品 磁気テープ (38～39),0028000606,平成28年6月
19883,01000800,生産 数量 (千平方m),351610000,電子部品 メモリ部品 磁気テープ (38～39),0028000707,平成28年7月
19377,01000800,生産 数量 (千平方m),351610000,電子部品 メモリ部品 磁気テープ (38～39),0028000808,平成28年8月
20997,01000800,生産 数量 (千平方m),351610000,電子部品 メモリ部品 磁気テープ (38～39),0028000909,平成28年9月
20434,01000800,生産 数量 (千平方m),351610000,電子部品 メモリ部品 磁気テープ (38～39),0028001010,平成28年10月
24227,01000800,生産 数量 (千平方m),351610000,電子部品 メモリ部品 磁気テープ (38～39),0028001111,平成28年11月
22835,01000800,生産 数量 (千平方m),351610000,電子部品 メモリ部品 磁気テープ (38～39),0028001212,平成28年12月
171697,01000800,生産 数量 (千平方m),351611000,電子部品 メモリ部品 磁気テープ 磁気録音・録画テープ (38),0024000000,平成24年
137976,01000800,生産 数量 (千平方m),351611000,電子部品 メモリ部品 磁気テープ 磁気録音・録画テープ (38),0025000000,平成25年
132596,01000800,生産 数量 (千平方m),351611000,電子部品 メモリ部品 磁気テープ 磁気録音・録画テープ (38),0026000000,平成26年
26751,01000800,生産 数量 (千平方m),351611000,電子部品 メモリ部品 磁気テープ 磁気録音・録画テープ (38),0027000000,平成27年
17140,01000800,生産 数量 (千平方m),351611000,電子部品 メモリ部品 磁気テープ 磁気録音・録画テープ (38),0028000000,平成28年
103316,01000800,生産 数量 (千平方m),351611000,電子部品 メモリ部品 磁気テープ 磁気録音・録画テープ (38),0026010000,平成26年度
24201,01000800,生産 数量 (千平方m),351611000,電子部品 メモリ部品 磁気テープ 磁気録音・録画テープ (38),0027010000,平成27年度
4726,01000800,生産 数量 (千平方m),351611000,電子部品 メモリ部品 磁気テープ 磁気録音・録画テープ (38),0028000103,平成28年 1 ～ 3 月
3799,01000800,生産 数量 (千平方m),351611000,電子部品 メモリ部品 磁気テープ 磁気録音・録画テープ (38),0028000406,平成28年 4 ～ 6 月
3958,01000800,生産 数量 (千平方m),351611000,電子部品 メモリ部品 磁気テープ 磁気録音・録画テープ (38),0028000709,平成28年 7 ～ 9 月
4657,01000800,生産 数量 (千平方m),351611000,電子部品 メモリ部品 磁気テープ 磁気録音・録画テープ (38),0028001012,平成28年 10 ～ 12 月
1635,01000800,生産 数量 (千平方m),351611000,電子部品 メモリ部品 磁気テープ 磁気録音・録画テープ (38),0028000101,平成28年1月
1323,01000800,生産 数量 (千平方m),351611000,電子部品 メモリ部品 磁気テープ 磁気録音・録画テープ (38),0028000202,平成28年2月
1768,01000800,生産 数量 (千平方m),351611000,電子部品 メモリ部品 磁気テープ 磁気録音・録画テープ (38),0028000303,平成28年3月
1372,01000800,生産 数量 (千平方m),351611000,電子部品 メモリ部品 磁気テープ 磁気録音・録画テープ (38),0028000404,平成28年4月
987,01000800,生産 数量 (千平方m),351611000,電子部品 メモリ部品 磁気テープ 磁気録音・録画テープ (38),0028000505,平成28年5月
1440,01000800,生産 数量 (千平方m),351611000,電子部品 メモリ部品 磁気テープ 磁気録音・録画テープ (38),0028000606,平成28年6月
1283,01000800,生産 数量 (千平方m),351611000,電子部品 メモリ部品 磁気テープ 磁気録音・録画テープ (38),0028000707,平成28年7月
1386,01000800,生産 数量 (千平方m),351611000,電子部品 メモリ部品 磁気テープ 磁気録音・録画テープ (38),0028000808,平成28年8月
1289,01000800,生産 数量 (千平方m),351611000,電子部品 メモリ部品 磁気テープ 磁気録音・録画テープ (38),0028000909,平成28年9月
1607,01000800,生産 数量 (千平方m),351611000,電子部品 メモリ部品 磁気テープ 磁気録音・録画テープ (38),0028001010,平成28年10月
1583,01000800,生産 数量 (千平方m),351611000,電子部品 メモリ部品 磁気テープ 磁気録音・録画テープ (38),0028001111,平成28年11月
1467,01000800,生産 数量 (千平方m),351611000,電子部品 メモリ部品 磁気テープ 磁気録音・録画テープ (38),0028001212,平成28年12月
218239,01000800,生産 数量 (千平方m),351612000,電子部品 メモリ部品 磁気テープ その他の磁気テープ (39),0024000000,平成24年
173267,01000800,生産 数量 (千平方m),351612000,電子部品 メモリ部品 磁気テープ その他の磁気テープ (39),0025000000,平成25年
163563,01000800,生産 数量 (千平方m),351612000,電子部品 メモリ部品 磁気テープ その他の磁気テープ (39),0026000000,平成26年
243387,01000800,生産 数量 (千平方m),351612000,電子部品 メモリ部品 磁気テープ その他の磁気テープ (39),0027000000,平成27年
229963,01000800,生産 数量 (千平方m),351612000,電子部品 メモリ部品 磁気テープ その他の磁気テープ (39),0028000000,平成28年
196063,01000800,生産 数量 (千平方m),351612000,電子部品 メモリ部品 磁気テープ その他の磁気テープ (39),0026010000,平成26年度
232628,01000800,生産 数量 (千平方m),351612000,電子部品 メモリ部品 磁気テープ その他の磁気テープ (39),0027010000,平成27年度
54033,01000800,生産 数量 (千平方m),351612000,電子部品 メモリ部品 磁気テープ その他の磁気テープ (39),0028000103,平成28年 1 ～ 3 月
56792,01000800,生産 数量 (千平方m),351612000,電子部品 メモリ部品 磁気テープ その他の磁気テープ (39),0028000406,平成28年 4 ～ 6 月
56299,01000800,生産 数量 (千平方m),351612000,電子部品 メモリ部品 磁気テープ その他の磁気テープ (39),0028000709,平成28年 7 ～ 9 月
62839,01000800,生産 数量 (千平方m),351612000,電子部品 メモリ部品 磁気テープ その他の磁気テープ (39),0028001012,平成28年 10 ～ 12 月
14074,01000800,生産 数量 (千平方m),351612000,電子部品 メモリ部品 磁気テープ その他の磁気テープ (39),0028000101,平成28年1月
20512,01000800,生産 数量 (千平方m),351612000,電子部品 メモリ部品 磁気テープ その他の磁気テープ (39),0028000202,平成28年2月
19447,01000800,生産 数量 (千平方m),351612000,電子部品 メモリ部品 磁気テープ その他の磁気テープ (39),0028000303,平成28年3月
17781,01000800,生産 数量 (千平方m),351612000,電子部品 メモリ部品 磁気テープ その他の磁気テープ (39),0028000404,平成28年4月
18404,01000800,生産 数量 (千平方m),351612000,電子部品 メモリ部品 磁気テープ その他の磁気テープ (39),0028000505,平成28年5月
20607,01000800,生産 数量 (千平方m),351612000,電子部品 メモリ部品 磁気テープ その他の磁気テープ (39),0028000606,平成28年6月
18600,01000800,生産 数量 (千平方m),351612000,電子部品 メモリ部品 磁気テープ その他の磁気テープ (39),0028000707,平成28年7月
17991,01000800,生産 数量 (千平方m),351612000,電子部品 メモリ部品 磁気テープ その他の磁気テープ (39),0028000808,平成28年8月
19708,01000800,生産 数量 (千平方m),351612000,電子部品 メモリ部品 磁気テープ その他の磁気テープ (39),0028000909,平成28年9月
18827,01000800,生産 数量 (千平方m),351612000,電子部品 メモリ部品 磁気テープ その他の磁気テープ (39),0028001010,平成28年10月
22644,01000800,生産 数量 (千平方m),351612000,電子部品 メモリ部品 磁気テープ その他の磁気テープ (39),0028001111,平成28年11月
21368,01000800,生産 数量 (千平方m),351612000,電子部品 メモリ部品 磁気テープ その他の磁気テープ (39),0028001212,平成28年12月
616503,01000910,生産 数量 (千枚),351620000,電子部品 メモリ部品 光ディスク (40),0024000000,平成24年
471774,01000910,生産 数量 (千枚),351620000,電子部品 メモリ部品 光ディスク (40),0025000000,平成25年
412771,01000910,生産 数量 (千枚),351620000,電子部品 メモリ部品 光ディスク (40),0026000000,平成26年
357502,01000910,生産 数量 (千枚),351620000,電子部品 メモリ部品 光ディスク (40),0027000000,平成27年
X,01000910,生産 数量 (千枚),351620000,電子部品 メモリ部品 光ディスク (40),0028000000,平成28年
402011,01000910,生産 数量 (千枚),351620000,電子部品 メモリ部品 光ディスク (40),0026010000,平成26年度
X,01000910,生産 数量 (千枚),351620000,電子部品 メモリ部品 光ディスク (40),0027010000,平成27年度
X,01000910,生産 数量 (千枚),351620000,電子部品 メモリ部品 光ディスク (40),0028000103,平成28年 1 ～ 3 月
X,01000910,生産 数量 (千枚),351620000,電子部品 メモリ部品 光ディスク (40),0028000406,平成28年 4 ～ 6 月
X,01000910,生産 数量 (千枚),351620000,電子部品 メモリ部品 光ディスク (40),0028000709,平成28年 7 ～ 9 月
X,01000910,生産 数量 (千枚),351620000,電子部品 メモリ部品 光ディスク (40),0028001012,平成28年 10 ～ 12 月
X,01000910,生産 数量 (千枚),351620000,電子部品 メモリ部品 光ディスク (40),0028000101,平成28年1月
X,01000910,生産 数量 (千枚),351620000,電子部品 メモリ部品 光ディスク (40),0028000202,平成28年2月
X,01000910,生産 数量 (千枚),351620000,電子部品 メモリ部品 光ディスク (40),0028000303,平成28年3月
X,01000910,生産 数量 (千枚),351620000,電子部品 メモリ部品 光ディスク (40),0028000404,平成28年4月
X,01000910,生産 数量 (千枚),351620000,電子部品 メモリ部品 光ディスク (40),0028000505,平成28年5月
X,01000910,生産 数量 (千枚),351620000,電子部品 メモリ部品 光ディスク (40),0028000606,平成28年6月
X,01000910,生産 数量 (千枚),351620000,電子部品 メモリ部品 光ディスク (40),0028000707,平成28年7月
X,01000910,生産 数量 (千枚),351620000,電子部品 メモリ部品 光ディスク (40),0028000808,平成28年8月
X,01000910,生産 数量 (千枚),351620000,電子部品 メモリ部品 光ディスク (40),0028000909,平成28年9月
X,01000910,生産 数量 (千枚),351620000,電子部品 メモリ部品 光ディスク (40),0028001010,平成28年10月
X,01000910,生産 数量 (千枚),351620000,電子部品 メモリ部品 光ディスク (40),0028001111,平成28年11月
X,01000910,生産 数量 (千枚),351620000,電子部品 メモリ部品 光ディスク (40),0028001212,平成28年12月
2152283,01030100,生産 金額 (百万円),351000000,電子部品 (1～41),0024000000,平成24年
2040557,01030100,生産 金額 (百万円),351000000,電子部品 (1～41),0025000000,平成25年
2124931,01030100,生産 金額 (百万円),351000000,電子部品 (1～41),0026000000,平成26年
2374033,01030100,生産 金額 (百万円),351000000,電子部品 (1～41),0027000000,平成27年
2245440,01030100,生産 金額 (百万円),351000000,電子部品 (1～41),0028000000,平成28年
2191062,01030100,生産 金額 (百万円),351000000,電子部品 (1～41),0026010000,平成26年度
2363782,01030100,生産 金額 (百万円),351000000,電子部品 (1～41),0027010000,平成27年度
538208,01030100,生産 金額 (百万円),351000000,電子部品 (1～41),0028000103,平成28年 1 ～ 3 月
543846,01030100,生産 金額 (百万円),351000000,電子部品 (1～41),0028000406,平成28年 4 ～ 6 月
588393,01030100,生産 金額 (百万円),351000000,電子部品 (1～41),0028000709,平成28年 7 ～ 9 月
574993,01030100,生産 金額 (百万円),351000000,電子部品 (1～41),0028001012,平成28年 10 ～ 12 月
177582,01030100,生産 金額 (百万円),351000000,電子部品 (1～41),0028000101,平成28年1月
175438,01030100,生産 金額 (百万円),351000000,電子部品 (1～41),0028000202,平成28年2月
185188,01030100,生産 金額 (百万円),351000000,電子部品 (1～41),0028000303,平成28年3月
185320,01030100,生産 金額 (百万円),351000000,電子部品 (1～41),0028000404,平成28年4月
167589,01030100,生産 金額 (百万円),351000000,電子部品 (1～41),0028000505,平成28年5月
190937,01030100,生産 金額 (百万円),351000000,電子部品 (1～41),0028000606,平成28年6月
191446,01030100,生産 金額 (百万円),351000000,電子部品 (1～41),0028000707,平成28年7月
192881,01030100,生産 金額 (百万円),351000000,電子部品 (1～41),0028000808,平成28年8月
204066,01030100,生産 金額 (百万円),351000000,電子部品 (1～41),0028000909,平成28年9月
194081,01030100,生産 金額 (百万円),351000000,電子部品 (1～41),0028001010,平成28年10月
192233,01030100,生産 金額 (百万円),351000000,電子部品 (1～41),0028001111,平成28年11月
188679,01030100,生産 金額 (百万円),351000000,電子部品 (1～41),0028001212,平成28年12月
738297,01030100,生産 金額 (百万円),351100000,電子部品 受動部品 (1～16),0024000000,平成24年
773615,01030100,生産 金額 (百万円),351100000,電子部品 受動部品 (1～16),0025000000,平成25年
870809,01030100,生産 金額 (百万円),351100000,電子部品 受動部品 (1～16),0026000000,平成26年
1061221,01030100,生産 金額 (百万円),351100000,電子部品 受動部品 (1～16),0027000000,平成27年
1025102,01030100,生産 金額 (百万円),351100000,電子部品 受動部品 (1～16),0028000000,平成28年
915762,01030100,生産 金額 (百万円),351100000,電子部品 受動部品 (1～16),0026010000,平成26年度
1069159,01030100,生産 金額 (百万円),351100000,電子部品 受動部品 (1～16),0027010000,平成27年度
241266,01030100,生産 金額 (百万円),351100000,電子部品 受動部品 (1～16),0028000103,平成28年 1 ～ 3 月
248262,01030100,生産 金額 (百万円),351100000,電子部品 受動部品 (1～16),0028000406,平成28年 4 ～ 6 月
273876,01030100,生産 金額 (百万円),351100000,電子部品 受動部品 (1～16),0028000709,平成28年 7 ～ 9 月
261698,01030100,生産 金額 (百万円),351100000,電子部品 受動部品 (1～16),0028001012,平成28年 10 ～ 12 月
80860,01030100,生産 金額 (百万円),351100000,電子部品 受動部品 (1～16),0028000101,平成28年1月
77786,01030100,生産 金額 (百万円),351100000,電子部品 受動部品 (1～16),0028000202,平成28年2月
82620,01030100,生産 金額 (百万円),351100000,電子部品 受動部品 (1～16),0028000303,平成28年3月
87261,01030100,生産 金額 (百万円),351100000,電子部品 受動部品 (1～16),0028000404,平成28年4月
75082,01030100,生産 金額 (百万円),351100000,電子部品 受動部品 (1～16),0028000505,平成28年5月
85919,01030100,生産 金額 (百万円),351100000,電子部品 受動部品 (1～16),0028000606,平成28年6月
88443,01030100,生産 金額 (百万円),351100000,電子部品 受動部品 (1～16),0028000707,平成28年7月
90266,01030100,生産 金額 (百万円),351100000,電子部品 受動部品 (1～16),0028000808,平成28年8月
95167,01030100,生産 金額 (百万円),351100000,電子部品 受動部品 (1～16),0028000909,平成28年9月
89085,01030100,生産 金額 (百万円),351100000,電子部品 受動部品 (1～16),0028001010,平成28年10月
85849,01030100,生産 金額 (百万円),351100000,電子部品 受動部品 (1～16),0028001111,平成28年11月
86764,01030100,生産 金額 (百万円),351100000,電子部品 受動部品 (1～16),0028001212,平成28年12月
88854,01030100,生産 金額 (百万円),351110000,電子部品 受動部品 抵抗器 (1～6),0024000000,平成24年
89979,01030100,生産 金額 (百万円),351110000,電子部品 受動部品 抵抗器 (1～6),0025000000,平成25年
91263,01030100,生産 金額 (百万円),351110000,電子部品 受動部品 抵抗器 (1～6),0026000000,平成26年
90956,01030100,生産 金額 (百万円),351110000,電子部品 受動部品 抵抗器 (1～6),0027000000,平成27年
88745,01030100,生産 金額 (百万円),351110000,電子部品 受動部品 抵抗器 (1～6),0028000000,平成28年
92271,01030100,生産 金額 (百万円),351110000,電子部品 受動部品 抵抗器 (1～6),0026010000,平成26年度
89791,01030100,生産 金額 (百万円),351110000,電子部品 受動部品 抵抗器 (1～6),0027010000,平成27年度
21337,01030100,生産 金額 (百万円),351110000,電子部品 受動部品 抵抗器 (1～6),0028000103,平成28年 1 ～ 3 月
21853,01030100,生産 金額 (百万円),351110000,電子部品 受動部品 抵抗器 (1～6),0028000406,平成28年 4 ～ 6 月
22842,01030100,生産 金額 (百万円),351110000,電子部品 受動部品 抵抗器 (1～6),0028000709,平成28年 7 ～ 9 月
22713,01030100,生産 金額 (百万円),351110000,電子部品 受動部品 抵抗器 (1～6),0028001012,平成28年 10 ～ 12 月
6894,01030100,生産 金額 (百万円),351110000,電子部品 受動部品 抵抗器 (1～6),0028000101,平成28年1月
6881,01030100,生産 金額 (百万円),351110000,電子部品 受動部品 抵抗器 (1～6),0028000202,平成28年2月
7562,01030100,生産 金額 (百万円),351110000,電子部品 受動部品 抵抗器 (1～6),0028000303,平成28年3月
7189,01030100,生産 金額 (百万円),351110000,電子部品 受動部品 抵抗器 (1～6),0028000404,平成28年4月
6746,01030100,生産 金額 (百万円),351110000,電子部品 受動部品 抵抗器 (1～6),0028000505,平成28年5月
7918,01030100,生産 金額 (百万円),351110000,電子部品 受動部品 抵抗器 (1～6),0028000606,平成28年6月
7552,01030100,生産 金額 (百万円),351110000,電子部品 受動部品 抵抗器 (1～6),0028000707,平成28年7月
7337,01030100,生産 金額 (百万円),351110000,電子部品 受動部品 抵抗器 (1～6),0028000808,平成28年8月
7953,01030100,生産 金額 (百万円),351110000,電子部品 受動部品 抵抗器 (1～6),0028000909,平成28年9月
7421,01030100,生産 金額 (百万円),351110000,電子部品 受動部品 抵抗器 (1～6),0028001010,平成28年10月
7622,01030100,生産 金額 (百万円),351110000,電子部品 受動部品 抵抗器 (1～6),0028001111,平成28年11月
7670,01030100,生産 金額 (百万円),351110000,電子部品 受動部品 抵抗器 (1～6),0028001212,平成28年12月
29330,01030100,生産 金額 (百万円),351111000,電子部品 受動部品 抵抗器 可変抵抗器 (1～3),0024000000,平成24年
29110,01030100,生産 金額 (百万円),351111000,電子部品 受動部品 抵抗器 可変抵抗器 (1～3),0025000000,平成25年
27510,01030100,生産 金額 (百万円),351111000,電子部品 受動部品 抵抗器 可変抵抗器 (1～3),0026000000,平成26年
27238,01030100,生産 金額 (百万円),351111000,電子部品 受動部品 抵抗器 可変抵抗器 (1～3),0027000000,平成27年
24101,01030100,生産 金額 (百万円),351111000,電子部品 受動部品 抵抗器 可変抵抗器 (1～3),0028000000,平成28年
27753,01030100,生産 金額 (百万円),351111000,電子部品 受動部品 抵抗器 可変抵抗器 (1～3),0026010000,平成26年度
26530,01030100,生産 金額 (百万円),351111000,電子部品 受動部品 抵抗器 可変抵抗器 (1～3),0027010000,平成27年度
5947,01030100,生産 金額 (百万円),351111000,電子部品 受動部品 抵抗器 可変抵抗器 (1～3),0028000103,平成28年 1 ～ 3 月
5960,01030100,生産 金額 (百万円),351111000,電子部品 受動部品 抵抗器 可変抵抗器 (1～3),0028000406,平成28年 4 ～ 6 月
6136,01030100,生産 金額 (百万円),351111000,電子部品 受動部品 抵抗器 可変抵抗器 (1～3),0028000709,平成28年 7 ～ 9 月
6058,01030100,生産 金額 (百万円),351111000,電子部品 受動部品 抵抗器 可変抵抗器 (1～3),0028001012,平成28年 10 ～ 12 月
2014,01030100,生産 金額 (百万円),351111000,電子部品 受動部品 抵抗器 可変抵抗器 (1～3),0028000101,平成28年1月
1828,01030100,生産 金額 (百万円),351111000,電子部品 受動部品 抵抗器 可変抵抗器 (1～3),0028000202,平成28年2月
2105,01030100,生産 金額 (百万円),351111000,電子部品 受動部品 抵抗器 可変抵抗器 (1～3),0028000303,平成28年3月
1976,01030100,生産 金額 (百万円),351111000,電子部品 受動部品 抵抗器 可変抵抗器 (1～3),0028000404,平成28年4月
1859,01030100,生産 金額 (百万円),351111000,電子部品 受動部品 抵抗器 可変抵抗器 (1～3),0028000505,平成28年5月
2125,01030100,生産 金額 (百万円),351111000,電子部品 受動部品 抵抗器 可変抵抗器 (1～3),0028000606,平成28年6月
2061,01030100,生産 金額 (百万円),351111000,電子部品 受動部品 抵抗器 可変抵抗器 (1～3),0028000707,平成28年7月
1898,01030100,生産 金額 (百万円),351111000,電子部品 受動部品 抵抗器 可変抵抗器 (1～3),0028000808,平成28年8月
2177,01030100,生産 金額 (百万円),351111000,電子部品 受動部品 抵抗器 可変抵抗器 (1～3),0028000909,平成28年9月
2059,01030100,生産 金額 (百万円),351111000,電子部品 受動部品 抵抗器 可変抵抗器 (1～3),0028001010,平成28年10月
2033,01030100,生産 金額 (百万円),351111000,電子部品 受動部品 抵抗器 可変抵抗器 (1～3),0028001111,平成28年11月
1966,01030100,生産 金額 (百万円),351111000,電子部品 受動部品 抵抗器 可変抵抗器 (1～3),0028001212,平成28年12月
5373,01030100,生産 金額 (百万円),351111100,電子部品 受動部品 抵抗器 可変抵抗器 半固定抵抗器 (1),0024000000,平成24年
5024,01030100,生産 金額 (百万円),351111100,電子部品 受動部品 抵抗器 可変抵抗器 半固定抵抗器 (1),0025000000,平成25年
4630,01030100,生産 金額 (百万円),351111100,電子部品 受動部品 抵抗器 可変抵抗器 半固定抵抗器 (1),0026000000,平成26年
3835,01030100,生産 金額 (百万円),351111100,電子部品 受動部品 抵抗器 可変抵抗器 半固定抵抗器 (1),0027000000,平成27年
2231,01030100,生産 金額 (百万円),351111100,電子部品 受動部品 抵抗器 可変抵抗器 半固定抵抗器 (1),0028000000,平成28年
4695,01030100,生産 金額 (百万円),351111100,電子部品 受動部品 抵抗器 可変抵抗器 半固定抵抗器 (1),0026010000,平成26年度
3527,01030100,生産 金額 (百万円),351111100,電子部品 受動部品 抵抗器 可変抵抗器 半固定抵抗器 (1),0027010000,平成27年度
690,01030100,生産 金額 (百万円),351111100,電子部品 受動部品 抵抗器 可変抵抗器 半固定抵抗器 (1),0028000103,平成28年 1 ～ 3 月
500,01030100,生産 金額 (百万円),351111100,電子部品 受動部品 抵抗器 可変抵抗器 半固定抵抗器 (1),0028000406,平成28年 4 ～ 6 月
514,01030100,生産 金額 (百万円),351111100,電子部品 受動部品 抵抗器 可変抵抗器 半固定抵抗器 (1),0028000709,平成28年 7 ～ 9 月
527,01030100,生産 金額 (百万円),351111100,電子部品 受動部品 抵抗器 可変抵抗器 半固定抵抗器 (1),0028001012,平成28年 10 ～ 12 月
257,01030100,生産 金額 (百万円),351111100,電子部品 受動部品 抵抗器 可変抵抗器 半固定抵抗器 (1),0028000101,平成28年1月
187,01030100,生産 金額 (百万円),351111100,電子部品 受動部品 抵抗器 可変抵抗器 半固定抵抗器 (1),0028000202,平成28年2月
246,01030100,生産 金額 (百万円),351111100,電子部品 受動部品 抵抗器 可変抵抗器 半固定抵抗器 (1),0028000303,平成28年3月
177,01030100,生産 金額 (百万円),351111100,電子部品 受動部品 抵抗器 可変抵抗器 半固定抵抗器 (1),0028000404,平成28年4月
149,01030100,生産 金額 (百万円),351111100,電子部品 受動部品 抵抗器 可変抵抗器 半固定抵抗器 (1),0028000505,平成28年5月
174,01030100,生産 金額 (百万円),351111100,電子部品 受動部品 抵抗器 可変抵抗器 半固定抵抗器 (1),0028000606,平成28年6月
166,01030100,生産 金額 (百万円),351111100,電子部品 受動部品 抵抗器 可変抵抗器 半固定抵抗器 (1),0028000707,平成28年7月
166,01030100,生産 金額 (百万円),351111100,電子部品 受動部品 抵抗器 可変抵抗器 半固定抵抗器 (1),0028000808,平成28年8月
182,01030100,生産 金額 (百万円),351111100,電子部品 受動部品 抵抗器 可変抵抗器 半固定抵抗器 (1),0028000909,平成28年9月
177,01030100,生産 金額 (百万円),351111100,電子部品 受動部品 抵抗器 可変抵抗器 半固定抵抗器 (1),0028001010,平成28年10月
176,01030100,生産 金額 (百万円),351111100,電子部品 受動部品 抵抗器 可変抵抗器 半固定抵抗器 (1),0028001111,平成28年11月
174,01030100,生産 金額 (百万円),351111100,電子部品 受動部品 抵抗器 可変抵抗器 半固定抵抗器 (1),0028001212,平成28年12月
17329,01030100,生産 金額 (百万円),351111200,電子部品 受動部品 抵抗器 可変抵抗器 炭素系可変抵抗器(半固定を除く) (2),0024000000,平成24年
18714,01030100,生産 金額 (百万円),351111200,電子部品 受動部品 抵抗器 可変抵抗器 炭素系可変抵抗器(半固定を除く) (2),0025000000,平成25年
17734,01030100,生産 金額 (百万円),351111200,電子部品 受動部品 抵抗器 可変抵抗器 炭素系可変抵抗器(半固定を除く) (2),0026000000,平成26年
18387,01030100,生産 金額 (百万円),351111200,電子部品 受動部品 抵抗器 可変抵抗器 炭素系可変抵抗器(半固定を除く) (2),0027000000,平成27年
17487,01030100,生産 金額 (百万円),351111200,電子部品 受動部品 抵抗器 可変抵抗器 炭素系可変抵抗器(半固定を除く) (2),0028000000,平成28年
17880,01030100,生産 金額 (百万円),351111200,電子部品 受動部品 抵抗器 可変抵抗器 炭素系可変抵抗器(半固定を除く) (2),0026010000,平成26年度
18206,01030100,生産 金額 (百万円),351111200,電子部品 受動部品 抵抗器 可変抵抗器 炭素系可変抵抗器(半固定を除く) (2),0027010000,平成27年度
4152,01030100,生産 金額 (百万円),351111200,電子部品 受動部品 抵抗器 可変抵抗器 炭素系可変抵抗器(半固定を除く) (2),0028000103,平成28年 1 ～ 3 月
4358,01030100,生産 金額 (百万円),351111200,電子部品 受動部品 抵抗器 可変抵抗器 炭素系可変抵抗器(半固定を除く) (2),0028000406,平成28年 4 ～ 6 月
4517,01030100,生産 金額 (百万円),351111200,電子部品 受動部品 抵抗器 可変抵抗器 炭素系可変抵抗器(半固定を除く) (2),0028000709,平成28年 7 ～ 9 月
4460,01030100,生産 金額 (百万円),351111200,電子部品 受動部品 抵抗器 可変抵抗器 炭素系可変抵抗器(半固定を除く) (2),0028001012,平成28年 10 ～ 12 月
1398,01030100,生産 金額 (百万円),351111200,電子部品 受動部品 抵抗器 可変抵抗器 炭素系可変抵抗器(半固定を除く) (2),0028000101,平成28年1月
1281,01030100,生産 金額 (百万円),351111200,電子部品 受動部品 抵抗器 可変抵抗器 炭素系可変抵抗器(半固定を除く) (2),0028000202,平成28年2月
1473,01030100,生産 金額 (百万円),351111200,電子部品 受動部品 抵抗器 可変抵抗器 炭素系可変抵抗器(半固定を除く) (2),0028000303,平成28年3月
1439,01030100,生産 金額 (百万円),351111200,電子部品 受動部品 抵抗器 可変抵抗器 炭素系可変抵抗器(半固定を除く) (2),0028000404,平成28年4月
1378,01030100,生産 金額 (百万円),351111200,電子部品 受動部品 抵抗器 可変抵抗器 炭素系可変抵抗器(半固定を除く) (2),0028000505,平成28年5月
1541,01030100,生産 金額 (百万円),351111200,電子部品 受動部品 抵抗器 可変抵抗器 炭素系可変抵抗器(半固定を除く) (2),0028000606,平成28年6月
1521,01030100,生産 金額 (百万円),351111200,電子部品 受動部品 抵抗器 可変抵抗器 炭素系可変抵抗器(半固定を除く) (2),0028000707,平成28年7月
1392,01030100,生産 金額 (百万円),351111200,電子部品 受動部品 抵抗器 可変抵抗器 炭素系可変抵抗器(半固定を除く) (2),0028000808,平成28年8月
1604,01030100,生産 金額 (百万円),351111200,電子部品 受動部品 抵抗器 可変抵抗器 炭素系可変抵抗器(半固定を除く) (2),0028000909,平成28年9月
1526,01030100,生産 金額 (百万円),351111200,電子部品 受動部品 抵抗器 可変抵抗器 炭素系可変抵抗器(半固定を除く) (2),0028001010,平成28年10月
1494,01030100,生産 金額 (百万円),351111200,電子部品 受動部品 抵抗器 可変抵抗器 炭素系可変抵抗器(半固定を除く) (2),0028001111,平成28年11月
1440,01030100,生産 金額 (百万円),351111200,電子部品 受動部品 抵抗器 可変抵抗器 炭素系可変抵抗器(半固定を除く) (2),0028001212,平成28年12月
6628,01030100,生産 金額 (百万円),351111300,電子部品 受動部品 抵抗器 可変抵抗器 その他の可変抵抗器 (3),0024000000,平成24年
5372,01030100,生産 金額 (百万円),351111300,電子部品 受動部品 抵抗器 可変抵抗器 その他の可変抵抗器 (3),0025000000,平成25年
5146,01030100,生産 金額 (百万円),351111300,電子部品 受動部品 抵抗器 可変抵抗器 その他の可変抵抗器 (3),0026000000,平成26年
5016,01030100,生産 金額 (百万円),351111300,電子部品 受動部品 抵抗器 可変抵抗器 その他の可変抵抗器 (3),0027000000,平成27年
4383,01030100,生産 金額 (百万円),351111300,電子部品 受動部品 抵抗器 可変抵抗器 その他の可変抵抗器 (3),0028000000,平成28年
5178,01030100,生産 金額 (百万円),351111300,電子部品 受動部品 抵抗器 可変抵抗器 その他の可変抵抗器 (3),0026010000,平成26年度
4797,01030100,生産 金額 (百万円),351111300,電子部品 受動部品 抵抗器 可変抵抗器 その他の可変抵抗器 (3),0027010000,平成27年度
1105,01030100,生産 金額 (百万円),351111300,電子部品 受動部品 抵抗器 可変抵抗器 その他の可変抵抗器 (3),0028000103,平成28年 1 ～ 3 月
1102,01030100,生産 金額 (百万円),351111300,電子部品 受動部品 抵抗器 可変抵抗器 その他の可変抵抗器 (3),0028000406,平成28年 4 ～ 6 月
1105,01030100,生産 金額 (百万円),351111300,電子部品 受動部品 抵抗器 可変抵抗器 その他の可変抵抗器 (3),0028000709,平成28年 7 ～ 9 月
1071,01030100,生産 金額 (百万円),351111300,電子部品 受動部品 抵抗器 可変抵抗器 その他の可変抵抗器 (3),0028001012,平成28年 10 ～ 12 月
359,01030100,生産 金額 (百万円),351111300,電子部品 受動部品 抵抗器 可変抵抗器 その他の可変抵抗器 (3),0028000101,平成28年1月
360,01030100,生産 金額 (百万円),351111300,電子部品 受動部品 抵抗器 可変抵抗器 その他の可変抵抗器 (3),0028000202,平成28年2月
386,01030100,生産 金額 (百万円),351111300,電子部品 受動部品 抵抗器 可変抵抗器 その他の可変抵抗器 (3),0028000303,平成28年3月
360,01030100,生産 金額 (百万円),351111300,電子部品 受動部品 抵抗器 可変抵抗器 その他の可変抵抗器 (3),0028000404,平成28年4月
332,01030100,生産 金額 (百万円),351111300,電子部品 受動部品 抵抗器 可変抵抗器 その他の可変抵抗器 (3),0028000505,平成28年5月
410,01030100,生産 金額 (百万円),351111300,電子部品 受動部品 抵抗器 可変抵抗器 その他の可変抵抗器 (3),0028000606,平成28年6月
374,01030100,生産 金額 (百万円),351111300,電子部品 受動部品 抵抗器 可変抵抗器 その他の可変抵抗器 (3),0028000707,平成28年7月
340,01030100,生産 金額 (百万円),351111300,電子部品 受動部品 抵抗器 可変抵抗器 その他の可変抵抗器 (3),0028000808,平成28年8月
391,01030100,生産 金額 (百万円),351111300,電子部品 受動部品 抵抗器 可変抵抗器 その他の可変抵抗器 (3),0028000909,平成28年9月
356,01030100,生産 金額 (百万円),351111300,電子部品 受動部品 抵抗器 可変抵抗器 その他の可変抵抗器 (3),0028001010,平成28年10月
363,01030100,生産 金額 (百万円),351111300,電子部品 受動部品 抵抗器 可変抵抗器 その他の可変抵抗器 (3),0028001111,平成28年11月
352,01030100,生産 金額 (百万円),351111300,電子部品 受動部品 抵抗器 可変抵抗器 その他の可変抵抗器 (3),0028001212,平成28年12月
59524,01030100,生産 金額 (百万円),351112000,電子部品 受動部品 抵抗器 固定抵抗器 (4～6),0024000000,平成24年
60869,01030100,生産 金額 (百万円),351112000,電子部品 受動部品 抵抗器 固定抵抗器 (4～6),0025000000,平成25年
63753,01030100,生産 金額 (百万円),351112000,電子部品 受動部品 抵抗器 固定抵抗器 (4～6),0026000000,平成26年
63718,01030100,生産 金額 (百万円),351112000,電子部品 受動部品 抵抗器 固定抵抗器 (4～6),0027000000,平成27年
64644,01030100,生産 金額 (百万円),351112000,電子部品 受動部品 抵抗器 固定抵抗器 (4～6),0028000000,平成28年
64518,01030100,生産 金額 (百万円),351112000,電子部品 受動部品 抵抗器 固定抵抗器 (4～6),0026010000,平成26年度
63261,01030100,生産 金額 (百万円),351112000,電子部品 受動部品 抵抗器 固定抵抗器 (4～6),0027010000,平成27年度
15390,01030100,生産 金額 (百万円),351112000,電子部品 受動部品 抵抗器 固定抵抗器 (4～6),0028000103,平成28年 1 ～ 3 月
15893,01030100,生産 金額 (百万円),351112000,電子部品 受動部品 抵抗器 固定抵抗器 (4～6),0028000406,平成28年 4 ～ 6 月
16706,01030100,生産 金額 (百万円),351112000,電子部品 受動部品 抵抗器 固定抵抗器 (4～6),0028000709,平成28年 7 ～ 9 月
16655,01030100,生産 金額 (百万円),351112000,電子部品 受動部品 抵抗器 固定抵抗器 (4～6),0028001012,平成28年 10 ～ 12 月
4880,01030100,生産 金額 (百万円),351112000,電子部品 受動部品 抵抗器 固定抵抗器 (4～6),0028000101,平成28年1月
5053,01030100,生産 金額 (百万円),351112000,電子部品 受動部品 抵抗器 固定抵抗器 (4～6),0028000202,平成28年2月
5457,01030100,生産 金額 (百万円),351112000,電子部品 受動部品 抵抗器 固定抵抗器 (4～6),0028000303,平成28年3月
5213,01030100,生産 金額 (百万円),351112000,電子部品 受動部品 抵抗器 固定抵抗器 (4～6),0028000404,平成28年4月
4887,01030100,生産 金額 (百万円),351112000,電子部品 受動部品 抵抗器 固定抵抗器 (4～6),0028000505,平成28年5月
5793,01030100,生産 金額 (百万円),351112000,電子部品 受動部品 抵抗器 固定抵抗器 (4～6),0028000606,平成28年6月
5491,01030100,生産 金額 (百万円),351112000,電子部品 受動部品 抵抗器 固定抵抗器 (4～6),0028000707,平成28年7月
5439,01030100,生産 金額 (百万円),351112000,電子部品 受動部品 抵抗器 固定抵抗器 (4～6),0028000808,平成28年8月
5776,01030100,生産 金額 (百万円),351112000,電子部品 受動部品 抵抗器 固定抵抗器 (4～6),0028000909,平成28年9月
5362,01030100,生産 金額 (百万円),351112000,電子部品 受動部品 抵抗器 固定抵抗器 (4～6),0028001010,平成28年10月
5589,01030100,生産 金額 (百万円),351112000,電子部品 受動部品 抵抗器 固定抵抗器 (4～6),0028001111,平成28年11月
5704,01030100,生産 金額 (百万円),351112000,電子部品 受動部品 抵抗器 固定抵抗器 (4～6),0028001212,平成28年12月
6992,01030100,生産 金額 (百万円),351112100,電子部品 受動部品 抵抗器 固定抵抗器 ネットワーク抵抗器 (4),0024000000,平成24年
7226,01030100,生産 金額 (百万円),351112100,電子部品 受動部品 抵抗器 固定抵抗器 ネットワーク抵抗器 (4),0025000000,平成25年
8529,01030100,生産 金額 (百万円),351112100,電子部品 受動部品 抵抗器 固定抵抗器 ネットワーク抵抗器 (4),0026000000,平成26年
7658,01030100,生産 金額 (百万円),351112100,電子部品 受動部品 抵抗器 固定抵抗器 ネットワーク抵抗器 (4),0027000000,平成27年
7299,01030100,生産 金額 (百万円),351112100,電子部品 受動部品 抵抗器 固定抵抗器 ネットワーク抵抗器 (4),0028000000,平成28年
8584,01030100,生産 金額 (百万円),351112100,電子部品 受動部品 抵抗器 固定抵抗器 ネットワーク抵抗器 (4),0026010000,平成26年度
7424,01030100,生産 金額 (百万円),351112100,電子部品 受動部品 抵抗器 固定抵抗器 ネットワーク抵抗器 (4),0027010000,平成27年度
1758,01030100,生産 金額 (百万円),351112100,電子部品 受動部品 抵抗器 固定抵抗器 ネットワーク抵抗器 (4),0028000103,平成28年 1 ～ 3 月
1903,01030100,生産 金額 (百万円),351112100,電子部品 受動部品 抵抗器 固定抵抗器 ネットワーク抵抗器 (4),0028000406,平成28年 4 ～ 6 月
1900,01030100,生産 金額 (百万円),351112100,電子部品 受動部品 抵抗器 固定抵抗器 ネットワーク抵抗器 (4),0028000709,平成28年 7 ～ 9 月
1738,01030100,生産 金額 (百万円),351112100,電子部品 受動部品 抵抗器 固定抵抗器 ネットワーク抵抗器 (4),0028001012,平成28年 10 ～ 12 月
555,01030100,生産 金額 (百万円),351112100,電子部品 受動部品 抵抗器 固定抵抗器 ネットワーク抵抗器 (4),0028000101,平成28年1月
610,01030100,生産 金額 (百万円),351112100,電子部品 受動部品 抵抗器 固定抵抗器 ネットワーク抵抗器 (4),0028000202,平成28年2月
593,01030100,生産 金額 (百万円),351112100,電子部品 受動部品 抵抗器 固定抵抗器 ネットワーク抵抗器 (4),0028000303,平成28年3月
627,01030100,生産 金額 (百万円),351112100,電子部品 受動部品 抵抗器 固定抵抗器 ネットワーク抵抗器 (4),0028000404,平成28年4月
591,01030100,生産 金額 (百万円),351112100,電子部品 受動部品 抵抗器 固定抵抗器 ネットワーク抵抗器 (4),0028000505,平成28年5月
685,01030100,生産 金額 (百万円),351112100,電子部品 受動部品 抵抗器 固定抵抗器 ネットワーク抵抗器 (4),0028000606,平成28年6月
639,01030100,生産 金額 (百万円),351112100,電子部品 受動部品 抵抗器 固定抵抗器 ネットワーク抵抗器 (4),0028000707,平成28年7月
621,01030100,生産 金額 (百万円),351112100,電子部品 受動部品 抵抗器 固定抵抗器 ネットワーク抵抗器 (4),0028000808,平成28年8月
640,01030100,生産 金額 (百万円),351112100,電子部品 受動部品 抵抗器 固定抵抗器 ネットワーク抵抗器 (4),0028000909,平成28年9月
516,01030100,生産 金額 (百万円),351112100,電子部品 受動部品 抵抗器 固定抵抗器 ネットワーク抵抗器 (4),0028001010,平成28年10月
626,01030100,生産 金額 (百万円),351112100,電子部品 受動部品 抵抗器 固定抵抗器 ネットワーク抵抗器 (4),0028001111,平成28年11月
596,01030100,生産 金額 (百万円),351112100,電子部品 受動部品 抵抗器 固定抵抗器 ネットワーク抵抗器 (4),0028001212,平成28年12月
31983,01030100,生産 金額 (百万円),351112200,電子部品 受動部品 抵抗器 固定抵抗器 チップ抵抗器 (5),0024000000,平成24年
32363,01030100,生産 金額 (百万円),351112200,電子部品 受動部品 抵抗器 固定抵抗器 チップ抵抗器 (5),0025000000,平成25年
35014,01030100,生産 金額 (百万円),351112200,電子部品 受動部品 抵抗器 固定抵抗器 チップ抵抗器 (5),0026000000,平成26年
37177,01030100,生産 金額 (百万円),351112200,電子部品 受動部品 抵抗器 固定抵抗器 チップ抵抗器 (5),0027000000,平成27年
38490,01030100,生産 金額 (百万円),351112200,電子部品 受動部品 抵抗器 固定抵抗器 チップ抵抗器 (5),0028000000,平成28年
35791,01030100,生産 金額 (百万円),351112200,電子部品 受動部品 抵抗器 固定抵抗器 チップ抵抗器 (5),0026010000,平成26年度
37036,01030100,生産 金額 (百万円),351112200,電子部品 受動部品 抵抗器 固定抵抗器 チップ抵抗器 (5),0027010000,平成27年度
9062,01030100,生産 金額 (百万円),351112200,電子部品 受動部品 抵抗器 固定抵抗器 チップ抵抗器 (5),0028000103,平成28年 1 ～ 3 月
9527,01030100,生産 金額 (百万円),351112200,電子部品 受動部品 抵抗器 固定抵抗器 チップ抵抗器 (5),0028000406,平成28年 4 ～ 6 月
9966,01030100,生産 金額 (百万円),351112200,電子部品 受動部品 抵抗器 固定抵抗器 チップ抵抗器 (5),0028000709,平成28年 7 ～ 9 月
9935,01030100,生産 金額 (百万円),351112200,電子部品 受動部品 抵抗器 固定抵抗器 チップ抵抗器 (5),0028001012,平成28年 10 ～ 12 月
2805,01030100,生産 金額 (百万円),351112200,電子部品 受動部品 抵抗器 固定抵抗器 チップ抵抗器 (5),0028000101,平成28年1月
3083,01030100,生産 金額 (百万円),351112200,電子部品 受動部品 抵抗器 固定抵抗器 チップ抵抗器 (5),0028000202,平成28年2月
3174,01030100,生産 金額 (百万円),351112200,電子部品 受動部品 抵抗器 固定抵抗器 チップ抵抗器 (5),0028000303,平成28年3月
3180,01030100,生産 金額 (百万円),351112200,電子部品 受動部品 抵抗器 固定抵抗器 チップ抵抗器 (5),0028000404,平成28年4月
2867,01030100,生産 金額 (百万円),351112200,電子部品 受動部品 抵抗器 固定抵抗器 チップ抵抗器 (5),0028000505,平成28年5月
3480,01030100,生産 金額 (百万円),351112200,電子部品 受動部品 抵抗器 固定抵抗器 チップ抵抗器 (5),0028000606,平成28年6月
3233,01030100,生産 金額 (百万円),351112200,電子部品 受動部品 抵抗器 固定抵抗器 チップ抵抗器 (5),0028000707,平成28年7月
3245,01030100,生産 金額 (百万円),351112200,電子部品 受動部品 抵抗器 固定抵抗器 チップ抵抗器 (5),0028000808,平成28年8月
3488,01030100,生産 金額 (百万円),351112200,電子部品 受動部品 抵抗器 固定抵抗器 チップ抵抗器 (5),0028000909,平成28年9月
3279,01030100,生産 金額 (百万円),351112200,電子部品 受動部品 抵抗器 固定抵抗器 チップ抵抗器 (5),0028001010,平成28年10月
3286,01030100,生産 金額 (百万円),351112200,電子部品 受動部品 抵抗器 固定抵抗器 チップ抵抗器 (5),0028001111,平成28年11月
3370,01030100,生産 金額 (百万円),351112200,電子部品 受動部品 抵抗器 固定抵抗器 チップ抵抗器 (5),0028001212,平成28年12月
20549,01030100,生産 金額 (百万円),351112300,電子部品 受動部品 抵抗器 固定抵抗器 その他の固定抵抗器 (6),0024000000,平成24年
21280,01030100,生産 金額 (百万円),351112300,電子部品 受動部品 抵抗器 固定抵抗器 その他の固定抵抗器 (6),0025000000,平成25年
20210,01030100,生産 金額 (百万円),351112300,電子部品 受動部品 抵抗器 固定抵抗器 その他の固定抵抗器 (6),0026000000,平成26年
18883,01030100,生産 金額 (百万円),351112300,電子部品 受動部品 抵抗器 固定抵抗器 その他の固定抵抗器 (6),0027000000,平成27年
18855,01030100,生産 金額 (百万円),351112300,電子部品 受動部品 抵抗器 固定抵抗器 その他の固定抵抗器 (6),0028000000,平成28年
20143,01030100,生産 金額 (百万円),351112300,電子部品 受動部品 抵抗器 固定抵抗器 その他の固定抵抗器 (6),0026010000,平成26年度
18801,01030100,生産 金額 (百万円),351112300,電子部品 受動部品 抵抗器 固定抵抗器 その他の固定抵抗器 (6),0027010000,平成27年度
4570,01030100,生産 金額 (百万円),351112300,電子部品 受動部品 抵抗器 固定抵抗器 その他の固定抵抗器 (6),0028000103,平成28年 1 ～ 3 月
4463,01030100,生産 金額 (百万円),351112300,電子部品 受動部品 抵抗器 固定抵抗器 その他の固定抵抗器 (6),0028000406,平成28年 4 ～ 6 月
4840,01030100,生産 金額 (百万円),351112300,電子部品 受動部品 抵抗器 固定抵抗器 その他の固定抵抗器 (6),0028000709,平成28年 7 ～ 9 月
4982,01030100,生産 金額 (百万円),351112300,電子部品 受動部品 抵抗器 固定抵抗器 その他の固定抵抗器 (6),0028001012,平成28年 10 ～ 12 月
1520,01030100,生産 金額 (百万円),351112300,電子部品 受動部品 抵抗器 固定抵抗器 その他の固定抵抗器 (6),0028000101,平成28年1月
1360,01030100,生産 金額 (百万円),351112300,電子部品 受動部品 抵抗器 固定抵抗器 その他の固定抵抗器 (6),0028000202,平成28年2月
1690,01030100,生産 金額 (百万円),351112300,電子部品 受動部品 抵抗器 固定抵抗器 その他の固定抵抗器 (6),0028000303,平成28年3月
1406,01030100,生産 金額 (百万円),351112300,電子部品 受動部品 抵抗器 固定抵抗器 その他の固定抵抗器 (6),0028000404,平成28年4月
1429,01030100,生産 金額 (百万円),351112300,電子部品 受動部品 抵抗器 固定抵抗器 その他の固定抵抗器 (6),0028000505,平成28年5月
1628,01030100,生産 金額 (百万円),351112300,電子部品 受動部品 抵抗器 固定抵抗器 その他の固定抵抗器 (6),0028000606,平成28年6月
1619,01030100,生産 金額 (百万円),351112300,電子部品 受動部品 抵抗器 固定抵抗器 その他の固定抵抗器 (6),0028000707,平成28年7月
1573,01030100,生産 金額 (百万円),351112300,電子部品 受動部品 抵抗器 固定抵抗器 その他の固定抵抗器 (6),0028000808,平成28年8月
1648,01030100,生産 金額 (百万円),351112300,電子部品 受動部品 抵抗器 固定抵抗器 その他の固定抵抗器 (6),0028000909,平成28年9月
1567,01030100,生産 金額 (百万円),351112300,電子部品 受動部品 抵抗器 固定抵抗器 その他の固定抵抗器 (6),0028001010,平成28年10月
1677,01030100,生産 金額 (百万円),351112300,電子部品 受動部品 抵抗器 固定抵抗器 その他の固定抵抗器 (6),0028001111,平成28年11月
1738,01030100,生産 金額 (百万円),351112300,電子部品 受動部品 抵抗器 固定抵抗器 その他の固定抵抗器 (6),0028001212,平成28年12月
431475,01030100,生産 金額 (百万円),351120000,電子部品 受動部品 固定コンデンサ (7～11),0024000000,平成24年
443691,01030100,生産 金額 (百万円),351120000,電子部品 受動部品 固定コンデンサ (7～11),0025000000,平成25年
493019,01030100,生産 金額 (百万円),351120000,電子部品 受動部品 固定コンデンサ (7～11),0026000000,平成26年
557354,01030100,生産 金額 (百万円),351120000,電子部品 受動部品 固定コンデンサ (7～11),0027000000,平成27年
543804,01030100,生産 金額 (百万円),351120000,電子部品 受動部品 固定コンデンサ (7～11),0028000000,平成28年
520644,01030100,生産 金額 (百万円),351120000,電子部品 受動部品 固定コンデンサ (7～11),0026010000,平成26年度
553325,01030100,生産 金額 (百万円),351120000,電子部品 受動部品 固定コンデンサ (7～11),0027010000,平成27年度
128397,01030100,生産 金額 (百万円),351120000,電子部品 受動部品 固定コンデンサ (7～11),0028000103,平成28年 1 ～ 3 月
130227,01030100,生産 金額 (百万円),351120000,電子部品 受動部品 固定コンデンサ (7～11),0028000406,平成28年 4 ～ 6 月
145026,01030100,生産 金額 (百万円),351120000,電子部品 受動部品 固定コンデンサ (7～11),0028000709,平成28年 7 ～ 9 月
140154,01030100,生産 金額 (百万円),351120000,電子部品 受動部品 固定コンデンサ (7～11),0028001012,平成28年 10 ～ 12 月
42321,01030100,生産 金額 (百万円),351120000,電子部品 受動部品 固定コンデンサ (7～11),0028000101,平成28年1月
41611,01030100,生産 金額 (百万円),351120000,電子部品 受動部品 固定コンデンサ (7～11),0028000202,平成28年2月
44465,01030100,生産 金額 (百万円),351120000,電子部品 受動部品 固定コンデンサ (7～11),0028000303,平成28年3月
45438,01030100,生産 金額 (百万円),351120000,電子部品 受動部品 固定コンデンサ (7～11),0028000404,平成28年4月
40204,01030100,生産 金額 (百万円),351120000,電子部品 受動部品 固定コンデンサ (7～11),0028000505,平成28年5月
44585,01030100,生産 金額 (百万円),351120000,電子部品 受動部品 固定コンデンサ (7～11),0028000606,平成28年6月
46386,01030100,生産 金額 (百万円),351120000,電子部品 受動部品 固定コンデンサ (7～11),0028000707,平成28年7月
48469,01030100,生産 金額 (百万円),351120000,電子部品 受動部品 固定コンデンサ (7～11),0028000808,平成28年8月
50171,01030100,生産 金額 (百万円),351120000,電子部品 受動部品 固定コンデンサ (7～11),0028000909,平成28年9月
46804,01030100,生産 金額 (百万円),351120000,電子部品 受動部品 固定コンデンサ (7～11),0028001010,平成28年10月
45991,01030100,生産 金額 (百万円),351120000,電子部品 受動部品 固定コンデンサ (7～11),0028001111,平成28年11月
47359,01030100,生産 金額 (百万円),351120000,電子部品 受動部品 固定コンデンサ (7～11),0028001212,平成28年12月
109269,01030100,生産 金額 (百万円),351121000,電子部品 受動部品 固定コンデンサ アルミ電解コンデンサ (7),0024000000,平成24年
110156,01030100,生産 金額 (百万円),351121000,電子部品 受動部品 固定コンデンサ アルミ電解コンデンサ (7),0025000000,平成25年
121450,01030100,生産 金額 (百万円),351121000,電子部品 受動部品 固定コンデンサ アルミ電解コンデンサ (7),0026000000,平成26年
121345,01030100,生産 金額 (百万円),351121000,電子部品 受動部品 固定コンデンサ アルミ電解コンデンサ (7),0027000000,平成27年
129829,01030100,生産 金額 (百万円),351121000,電子部品 受動部品 固定コンデンサ アルミ電解コンデンサ (7),0028000000,平成28年
122913,01030100,生産 金額 (百万円),351121000,電子部品 受動部品 固定コンデンサ アルミ電解コンデンサ (7),0026010000,平成26年度
121731,01030100,生産 金額 (百万円),351121000,電子部品 受動部品 固定コンデンサ アルミ電解コンデンサ (7),0027010000,平成27年度
30514,01030100,生産 金額 (百万円),351121000,電子部品 受動部品 固定コンデンサ アルミ電解コンデンサ (7),0028000103,平成28年 1 ～ 3 月
32175,01030100,生産 金額 (百万円),351121000,電子部品 受動部品 固定コンデンサ アルミ電解コンデンサ (7),0028000406,平成28年 4 ～ 6 月
34024,01030100,生産 金額 (百万円),351121000,電子部品 受動部品 固定コンデンサ アルミ電解コンデンサ (7),0028000709,平成28年 7 ～ 9 月
33116,01030100,生産 金額 (百万円),351121000,電子部品 受動部品 固定コンデンサ アルミ電解コンデンサ (7),0028001012,平成28年 10 ～ 12 月
9425,01030100,生産 金額 (百万円),351121000,電子部品 受動部品 固定コンデンサ アルミ電解コンデンサ (7),0028000101,平成28年1月
10195,01030100,生産 金額 (百万円),351121000,電子部品 受動部品 固定コンデンサ アルミ電解コンデンサ (7),0028000202,平成28年2月
10894,01030100,生産 金額 (百万円),351121000,電子部品 受動部品 固定コンデンサ アルミ電解コンデンサ (7),0028000303,平成28年3月
10572,01030100,生産 金額 (百万円),351121000,電子部品 受動部品 固定コンデンサ アルミ電解コンデンサ (7),0028000404,平成28年4月
10331,01030100,生産 金額 (百万円),351121000,電子部品 受動部品 固定コンデンサ アルミ電解コンデンサ (7),0028000505,平成28年5月
11272,01030100,生産 金額 (百万円),351121000,電子部品 受動部品 固定コンデンサ アルミ電解コンデンサ (7),0028000606,平成28年6月
11385,01030100,生産 金額 (百万円),351121000,電子部品 受動部品 固定コンデンサ アルミ電解コンデンサ (7),0028000707,平成28年7月
11053,01030100,生産 金額 (百万円),351121000,電子部品 受動部品 固定コンデンサ アルミ電解コンデンサ (7),0028000808,平成28年8月
11586,01030100,生産 金額 (百万円),351121000,電子部品 受動部品 固定コンデンサ アルミ電解コンデンサ (7),0028000909,平成28年9月
11254,01030100,生産 金額 (百万円),351121000,電子部品 受動部品 固定コンデンサ アルミ電解コンデンサ (7),0028001010,平成28年10月
11186,01030100,生産 金額 (百万円),351121000,電子部品 受動部品 固定コンデンサ アルミ電解コンデンサ (7),0028001111,平成28年11月
10676,01030100,生産 金額 (百万円),351121000,電子部品 受動部品 固定コンデンサ アルミ電解コンデンサ (7),0028001212,平成28年12月
25057,01030100,生産 金額 (百万円),351122000,電子部品 受動部品 固定コンデンサ タンタル電解コンデンサ (8),0024000000,平成24年
19503,01030100,生産 金額 (百万円),351122000,電子部品 受動部品 固定コンデンサ タンタル電解コンデンサ (8),0025000000,平成25年
19014,01030100,生産 金額 (百万円),351122000,電子部品 受動部品 固定コンデンサ タンタル電解コンデンサ (8),0026000000,平成26年
18564,01030100,生産 金額 (百万円),351122000,電子部品 受動部品 固定コンデンサ タンタル電解コンデンサ (8),0027000000,平成27年
17759,01030100,生産 金額 (百万円),351122000,電子部品 受動部品 固定コンデンサ タンタル電解コンデンサ (8),0028000000,平成28年
19802,01030100,生産 金額 (百万円),351122000,電子部品 受動部品 固定コンデンサ タンタル電解コンデンサ (8),0026010000,平成26年度
17645,01030100,生産 金額 (百万円),351122000,電子部品 受動部品 固定コンデンサ タンタル電解コンデンサ (8),0027010000,平成27年度
4254,01030100,生産 金額 (百万円),351122000,電子部品 受動部品 固定コンデンサ タンタル電解コンデンサ (8),0028000103,平成28年 1 ～ 3 月
4590,01030100,生産 金額 (百万円),351122000,電子部品 受動部品 固定コンデンサ タンタル電解コンデンサ (8),0028000406,平成28年 4 ～ 6 月
4395,01030100,生産 金額 (百万円),351122000,電子部品 受動部品 固定コンデンサ タンタル電解コンデンサ (8),0028000709,平成28年 7 ～ 9 月
4520,01030100,生産 金額 (百万円),351122000,電子部品 受動部品 固定コンデンサ タンタル電解コンデンサ (8),0028001012,平成28年 10 ～ 12 月
1203,01030100,生産 金額 (百万円),351122000,電子部品 受動部品 固定コンデンサ タンタル電解コンデンサ (8),0028000101,平成28年1月
1454,01030100,生産 金額 (百万円),351122000,電子部品 受動部品 固定コンデンサ タンタル電解コンデンサ (8),0028000202,平成28年2月
1597,01030100,生産 金額 (百万円),351122000,電子部品 受動部品 固定コンデンサ タンタル電解コンデンサ (8),0028000303,平成28年3月
1464,01030100,生産 金額 (百万円),351122000,電子部品 受動部品 固定コンデンサ タンタル電解コンデンサ (8),0028000404,平成28年4月
1478,01030100,生産 金額 (百万円),351122000,電子部品 受動部品 固定コンデンサ タンタル電解コンデンサ (8),0028000505,平成28年5月
1648,01030100,生産 金額 (百万円),351122000,電子部品 受動部品 固定コンデンサ タンタル電解コンデンサ (8),0028000606,平成28年6月
1535,01030100,生産 金額 (百万円),351122000,電子部品 受動部品 固定コンデンサ タンタル電解コンデンサ (8),0028000707,平成28年7月
1335,01030100,生産 金額 (百万円),351122000,電子部品 受動部品 固定コンデンサ タンタル電解コンデンサ (8),0028000808,平成28年8月
1525,01030100,生産 金額 (百万円),351122000,電子部品 受動部品 固定コンデンサ タンタル電解コンデンサ (8),0028000909,平成28年9月
1404,01030100,生産 金額 (百万円),351122000,電子部品 受動部品 固定コンデンサ タンタル電解コンデンサ (8),0028001010,平成28年10月
1578,01030100,生産 金額 (百万円),351122000,電子部品 受動部品 固定コンデンサ タンタル電解コンデンサ (8),0028001111,平成28年11月
1538,01030100,生産 金額 (百万円),351122000,電子部品 受動部品 固定コンデンサ タンタル電解コンデンサ (8),0028001212,平成28年12月
265281,01030100,生産 金額 (百万円),351123000,電子部品 受動部品 固定コンデンサ セラミックコンデンサ (9),0024000000,平成24年
284109,01030100,生産 金額 (百万円),351123000,電子部品 受動部品 固定コンデンサ セラミックコンデンサ (9),0025000000,平成25年
322555,01030100,生産 金額 (百万円),351123000,電子部品 受動部品 固定コンデンサ セラミックコンデンサ (9),0026000000,平成26年
388830,01030100,生産 金額 (百万円),351123000,電子部品 受動部品 固定コンデンサ セラミックコンデンサ (9),0027000000,平成27年
365400,01030100,生産 金額 (百万円),351123000,電子部品 受動部品 固定コンデンサ セラミックコンデンサ (9),0028000000,平成28年
348191,01030100,生産 金額 (百万円),351123000,電子部品 受動部品 固定コンデンサ セラミックコンデンサ (9),0026010000,平成26年度
385156,01030100,生産 金額 (百万円),351123000,電子部品 受動部品 固定コンデンサ セラミックコンデンサ (9),0027010000,平成27年度
86083,01030100,生産 金額 (百万円),351123000,電子部品 受動部品 固定コンデンサ セラミックコンデンサ (9),0028000103,平成28年 1 ～ 3 月
86322,01030100,生産 金額 (百万円),351123000,電子部品 受動部品 固定コンデンサ セラミックコンデンサ (9),0028000406,平成28年 4 ～ 6 月
98789,01030100,生産 金額 (百万円),351123000,電子部品 受動部品 固定コンデンサ セラミックコンデンサ (9),0028000709,平成28年 7 ～ 9 月
94206,01030100,生産 金額 (百万円),351123000,電子部品 受動部品 固定コンデンサ セラミックコンデンサ (9),0028001012,平成28年 10 ～ 12 月
29289,01030100,生産 金額 (百万円),351123000,電子部品 受動部品 固定コンデンサ セラミックコンデンサ (9),0028000101,平成28年1月
27429,01030100,生産 金額 (百万円),351123000,電子部品 受動部品 固定コンデンサ セラミックコンデンサ (9),0028000202,平成28年2月
29365,01030100,生産 金額 (百万円),351123000,電子部品 受動部品 固定コンデンサ セラミックコンデンサ (9),0028000303,平成28年3月
30930,01030100,生産 金額 (百万円),351123000,電子部品 受動部品 固定コンデンサ セラミックコンデンサ (9),0028000404,平成28年4月
26216,01030100,生産 金額 (百万円),351123000,電子部品 受動部品 固定コンデンサ セラミックコンデンサ (9),0028000505,平成28年5月
29176,01030100,生産 金額 (百万円),351123000,電子部品 受動部品 固定コンデンサ セラミックコンデンサ (9),0028000606,平成28年6月
30875,01030100,生産 金額 (百万円),351123000,電子部品 受動部品 固定コンデンサ セラミックコンデンサ (9),0028000707,平成28年7月
33632,01030100,生産 金額 (百万円),351123000,電子部品 受動部品 固定コンデンサ セラミックコンデンサ (9),0028000808,平成28年8月
34282,01030100,生産 金額 (百万円),351123000,電子部品 受動部品 固定コンデンサ セラミックコンデンサ (9),0028000909,平成28年9月
31388,01030100,生産 金額 (百万円),351123000,電子部品 受動部品 固定コンデンサ セラミックコンデンサ (9),0028001010,平成28年10月
30428,01030100,生産 金額 (百万円),351123000,電子部品 受動部品 固定コンデンサ セラミックコンデンサ (9),0028001111,平成28年11月
32390,01030100,生産 金額 (百万円),351123000,電子部品 受動部品 固定コンデンサ セラミックコンデンサ (9),0028001212,平成28年12月
13156,01030100,生産 金額 (百万円),351124000,電子部品 受動部品 固定コンデンサ 金属化有機フィルムコンデンサ (10),0024000000,平成24年
12697,01030100,生産 金額 (百万円),351124000,電子部品 受動部品 固定コンデンサ 金属化有機フィルムコンデンサ (10),0025000000,平成25年
12503,01030100,生産 金額 (百万円),351124000,電子部品 受動部品 固定コンデンサ 金属化有機フィルムコンデンサ (10),0026000000,平成26年
11553,01030100,生産 金額 (百万円),351124000,電子部品 受動部品 固定コンデンサ 金属化有機フィルムコンデンサ (10),0027000000,平成27年
11853,01030100,生産 金額 (百万円),351124000,電子部品 受動部品 固定コンデンサ 金属化有機フィルムコンデンサ (10),0028000000,平成28年
12286,01030100,生産 金額 (百万円),351124000,電子部品 受動部品 固定コンデンサ 金属化有機フィルムコンデンサ (10),0026010000,平成26年度
11611,01030100,生産 金額 (百万円),351124000,電子部品 受動部品 固定コンデンサ 金属化有機フィルムコンデンサ (10),0027010000,平成27年度
2994,01030100,生産 金額 (百万円),351124000,電子部品 受動部品 固定コンデンサ 金属化有機フィルムコンデンサ (10),0028000103,平成28年 1 ～ 3 月
2862,01030100,生産 金額 (百万円),351124000,電子部品 受動部品 固定コンデンサ 金属化有機フィルムコンデンサ (10),0028000406,平成28年 4 ～ 6 月
2873,01030100,生産 金額 (百万円),351124000,電子部品 受動部品 固定コンデンサ 金属化有機フィルムコンデンサ (10),0028000709,平成28年 7 ～ 9 月
3124,01030100,生産 金額 (百万円),351124000,電子部品 受動部品 固定コンデンサ 金属化有機フィルムコンデンサ (10),0028001012,平成28年 10 ～ 12 月
939,01030100,生産 金額 (百万円),351124000,電子部品 受動部品 固定コンデンサ 金属化有機フィルムコンデンサ (10),0028000101,平成28年1月
988,01030100,生産 金額 (百万円),351124000,電子部品 受動部品 固定コンデンサ 金属化有機フィルムコンデンサ (10),0028000202,平成28年2月
1067,01030100,生産 金額 (百万円),351124000,電子部品 受動部品 固定コンデンサ 金属化有機フィルムコンデンサ (10),0028000303,平成28年3月
969,01030100,生産 金額 (百万円),351124000,電子部品 受動部品 固定コンデンサ 金属化有機フィルムコンデンサ (10),0028000404,平成28年4月
884,01030100,生産 金額 (百万円),351124000,電子部品 受動部品 固定コンデンサ 金属化有機フィルムコンデンサ (10),0028000505,平成28年5月
1009,01030100,生産 金額 (百万円),351124000,電子部品 受動部品 固定コンデンサ 金属化有機フィルムコンデンサ (10),0028000606,平成28年6月
961,01030100,生産 金額 (百万円),351124000,電子部品 受動部品 固定コンデンサ 金属化有機フィルムコンデンサ (10),0028000707,平成28年7月
916,01030100,生産 金額 (百万円),351124000,電子部品 受動部品 固定コンデンサ 金属化有機フィルムコンデンサ (10),0028000808,平成28年8月
996,01030100,生産 金額 (百万円),351124000,電子部品 受動部品 固定コンデンサ 金属化有機フィルムコンデンサ (10),0028000909,平成28年9月
1031,01030100,生産 金額 (百万円),351124000,電子部品 受動部品 固定コンデンサ 金属化有機フィルムコンデンサ (10),0028001010,平成28年10月
1067,01030100,生産 金額 (百万円),351124000,電子部品 受動部品 固定コンデンサ 金属化有機フィルムコンデンサ (10),0028001111,平成28年11月
1026,01030100,生産 金額 (百万円),351124000,電子部品 受動部品 固定コンデンサ 金属化有機フィルムコンデンサ (10),0028001212,平成28年12月
18712,01030100,生産 金額 (百万円),351125000,電子部品 受動部品 固定コンデンサ その他の固定コンデンサ (11),0024000000,平成24年
17226,01030100,生産 金額 (百万円),351125000,電子部品 受動部品 固定コンデンサ その他の固定コンデンサ (11),0025000000,平成25年
17497,01030100,生産 金額 (百万円),351125000,電子部品 受動部品 固定コンデンサ その他の固定コンデンサ (11),0026000000,平成26年
17062,01030100,生産 金額 (百万円),351125000,電子部品 受動部品 固定コンデンサ その他の固定コンデンサ (11),0027000000,平成27年
18963,01030100,生産 金額 (百万円),351125000,電子部品 受動部品 固定コンデンサ その他の固定コンデンサ (11),0028000000,平成28年
17452,01030100,生産 金額 (百万円),351125000,電子部品 受動部品 固定コンデンサ その他の固定コンデンサ (11),0026010000,平成26年度
17182,01030100,生産 金額 (百万円),351125000,電子部品 受動部品 固定コンデンサ その他の固定コンデンサ (11),0027010000,平成27年度
4552,01030100,生産 金額 (百万円),351125000,電子部品 受動部品 固定コンデンサ その他の固定コンデンサ (11),0028000103,平成28年 1 ～ 3 月
4278,01030100,生産 金額 (百万円),351125000,電子部品 受動部品 固定コンデンサ その他の固定コンデンサ (11),0028000406,平成28年 4 ～ 6 月
4945,01030100,生産 金額 (百万円),351125000,電子部品 受動部品 固定コンデンサ その他の固定コンデンサ (11),0028000709,平成28年 7 ～ 9 月
5188,01030100,生産 金額 (百万円),351125000,電子部品 受動部品 固定コンデンサ その他の固定コンデンサ (11),0028001012,平成28年 10 ～ 12 月
1465,01030100,生産 金額 (百万円),351125000,電子部品 受動部品 固定コンデンサ その他の固定コンデンサ (11),0028000101,平成28年1月
1545,01030100,生産 金額 (百万円),351125000,電子部品 受動部品 固定コンデンサ その他の固定コンデンサ (11),0028000202,平成28年2月
1542,01030100,生産 金額 (百万円),351125000,電子部品 受動部品 固定コンデンサ その他の固定コンデンサ (11),0028000303,平成28年3月
1503,01030100,生産 金額 (百万円),351125000,電子部品 受動部品 固定コンデンサ その他の固定コンデンサ (11),0028000404,平成28年4月
1295,01030100,生産 金額 (百万円),351125000,電子部品 受動部品 固定コンデンサ その他の固定コンデンサ (11),0028000505,平成28年5月
1480,01030100,生産 金額 (百万円),351125000,電子部品 受動部品 固定コンデンサ その他の固定コンデンサ (11),0028000606,平成28年6月
1630,01030100,生産 金額 (百万円),351125000,電子部品 受動部品 固定コンデンサ その他の固定コンデンサ (11),0028000707,平成28年7月
1533,01030100,生産 金額 (百万円),351125000,電子部品 受動部品 固定コンデンサ その他の固定コンデンサ (11),0028000808,平成28年8月
1782,01030100,生産 金額 (百万円),351125000,電子部品 受動部品 固定コンデンサ その他の固定コンデンサ (11),0028000909,平成28年9月
1727,01030100,生産 金額 (百万円),351125000,電子部品 受動部品 固定コンデンサ その他の固定コンデンサ (11),0028001010,平成28年10月
1732,01030100,生産 金額 (百万円),351125000,電子部品 受動部品 固定コンデンサ その他の固定コンデンサ (11),0028001111,平成28年11月
1729,01030100,生産 金額 (百万円),351125000,電子部品 受動部品 固定コンデンサ その他の固定コンデンサ (11),0028001212,平成28年12月
7122,01030100,生産 金額 (百万円),351130000,電子部品 受動部品 トランス (12),0024000000,平成24年
8330,01030100,生産 金額 (百万円),351130000,電子部品 受動部品 トランス (12),0025000000,平成25年
7379,01030100,生産 金額 (百万円),351130000,電子部品 受動部品 トランス (12),0026000000,平成26年
9205,01030100,生産 金額 (百万円),351130000,電子部品 受動部品 トランス (12),0027000000,平成27年
8748,01030100,生産 金額 (百万円),351130000,電子部品 受動部品 トランス (12),0028000000,平成28年
7872,01030100,生産 金額 (百万円),351130000,電子部品 受動部品 トランス (12),0026010000,平成26年度
9104,01030100,生産 金額 (百万円),351130000,電子部品 受動部品 トランス (12),0027010000,平成27年度
2405,01030100,生産 金額 (百万円),351130000,電子部品 受動部品 トランス (12),0028000103,平成28年 1 ～ 3 月
2066,01030100,生産 金額 (百万円),351130000,電子部品 受動部品 トランス (12),0028000406,平成28年 4 ～ 6 月
2107,01030100,生産 金額 (百万円),351130000,電子部品 受動部品 トランス (12),0028000709,平成28年 7 ～ 9 月
2170,01030100,生産 金額 (百万円),351130000,電子部品 受動部品 トランス (12),0028001012,平成28年 10 ～ 12 月
781,01030100,生産 金額 (百万円),351130000,電子部品 受動部品 トランス (12),0028000101,平成28年1月
764,01030100,生産 金額 (百万円),351130000,電子部品 受動部品 トランス (12),0028000202,平成28年2月
860,01030100,生産 金額 (百万円),351130000,電子部品 受動部品 トランス (12),0028000303,平成28年3月
728,01030100,生産 金額 (百万円),351130000,電子部品 受動部品 トランス (12),0028000404,平成28年4月
619,01030100,生産 金額 (百万円),351130000,電子部品 受動部品 トランス (12),0028000505,平成28年5月
719,01030100,生産 金額 (百万円),351130000,電子部品 受動部品 トランス (12),0028000606,平成28年6月
692,01030100,生産 金額 (百万円),351130000,電子部品 受動部品 トランス (12),0028000707,平成28年7月
632,01030100,生産 金額 (百万円),351130000,電子部品 受動部品 トランス (12),0028000808,平成28年8月
783,01030100,生産 金額 (百万円),351130000,電子部品 受動部品 トランス (12),0028000909,平成28年9月
708,01030100,生産 金額 (百万円),351130000,電子部品 受動部品 トランス (12),0028001010,平成28年10月
719,01030100,生産 金額 (百万円),351130000,電子部品 受動部品 トランス (12),0028001111,平成28年11月
743,01030100,生産 金額 (百万円),351130000,電子部品 受動部品 トランス (12),0028001212,平成28年12月
38698,01030100,生産 金額 (百万円),351140000,電子部品 受動部品 インダクタ（コイルを含む） (13),0024000000,平成24年
42763,01030100,生産 金額 (百万円),351140000,電子部品 受動部品 インダクタ（コイルを含む） (13),0025000000,平成25年
50431,01030100,生産 金額 (百万円),351140000,電子部品 受動部品 インダクタ（コイルを含む） (13),0026000000,平成26年
61986,01030100,生産 金額 (百万円),351140000,電子部品 受動部品 インダクタ（コイルを含む） (13),0027000000,平成27年
60903,01030100,生産 金額 (百万円),351140000,電子部品 受動部品 インダクタ（コイルを含む） (13),0028000000,平成28年
53814,01030100,生産 金額 (百万円),351140000,電子部品 受動部品 インダクタ（コイルを含む） (13),0026010000,平成26年度
61152,01030100,生産 金額 (百万円),351140000,電子部品 受動部品 インダクタ（コイルを含む） (13),0027010000,平成27年度
13065,01030100,生産 金額 (百万円),351140000,電子部品 受動部品 インダクタ（コイルを含む） (13),0028000103,平成28年 1 ～ 3 月
14305,01030100,生産 金額 (百万円),351140000,電子部品 受動部品 インダクタ（コイルを含む） (13),0028000406,平成28年 4 ～ 6 月
17469,01030100,生産 金額 (百万円),351140000,電子部品 受動部品 インダクタ（コイルを含む） (13),0028000709,平成28年 7 ～ 9 月
16064,01030100,生産 金額 (百万円),351140000,電子部品 受動部品 インダクタ（コイルを含む） (13),0028001012,平成28年 10 ～ 12 月
4209,01030100,生産 金額 (百万円),351140000,電子部品 受動部品 インダクタ（コイルを含む） (13),0028000101,平成28年1月
4149,01030100,生産 金額 (百万円),351140000,電子部品 受動部品 インダクタ（コイルを含む） (13),0028000202,平成28年2月
4707,01030100,生産 金額 (百万円),351140000,電子部品 受動部品 インダクタ（コイルを含む） (13),0028000303,平成28年3月
4636,01030100,生産 金額 (百万円),351140000,電子部品 受動部品 インダクタ（コイルを含む） (13),0028000404,平成28年4月
4367,01030100,生産 金額 (百万円),351140000,電子部品 受動部品 インダクタ（コイルを含む） (13),0028000505,平成28年5月
5302,01030100,生産 金額 (百万円),351140000,電子部品 受動部品 インダクタ（コイルを含む） (13),0028000606,平成28年6月
6019,01030100,生産 金額 (百万円),351140000,電子部品 受動部品 インダクタ（コイルを含む） (13),0028000707,平成28年7月
5579,01030100,生産 金額 (百万円),351140000,電子部品 受動部品 インダクタ（コイルを含む） (13),0028000808,平成28年8月
5871,01030100,生産 金額 (百万円),351140000,電子部品 受動部品 インダクタ（コイルを含む） (13),0028000909,平成28年9月
5647,01030100,生産 金額 (百万円),351140000,電子部品 受動部品 インダクタ（コイルを含む） (13),0028001010,平成28年10月
5294,01030100,生産 金額 (百万円),351140000,電子部品 受動部品 インダクタ（コイルを含む） (13),0028001111,平成28年11月
5123,01030100,生産 金額 (百万円),351140000,電子部品 受動部品 インダクタ（コイルを含む） (13),0028001212,平成28年12月
172148,01030100,生産 金額 (百万円),351150000,電子部品 受動部品 機能部品 (14～16),0024000000,平成24年
188852,01030100,生産 金額 (百万円),351150000,電子部品 受動部品 機能部品 (14～16),0025000000,平成25年
228717,01030100,生産 金額 (百万円),351150000,電子部品 受動部品 機能部品 (14～16),0026000000,平成26年
341720,01030100,生産 金額 (百万円),351150000,電子部品 受動部品 機能部品 (14～16),0027000000,平成27年
322902,01030100,生産 金額 (百万円),351150000,電子部品 受動部品 機能部品 (14～16),0028000000,平成28年
241161,01030100,生産 金額 (百万円),351150000,電子部品 受動部品 機能部品 (14～16),0026010000,平成26年度
355787,01030100,生産 金額 (百万円),351150000,電子部品 受動部品 機能部品 (14～16),0027010000,平成27年度
76062,01030100,生産 金額 (百万円),351150000,電子部品 受動部品 機能部品 (14～16),0028000103,平成28年 1 ～ 3 月
79811,01030100,生産 金額 (百万円),351150000,電子部品 受動部品 機能部品 (14～16),0028000406,平成28年 4 ～ 6 月
86432,01030100,生産 金額 (百万円),351150000,電子部品 受動部品 機能部品 (14～16),0028000709,平成28年 7 ～ 9 月
80597,01030100,生産 金額 (百万円),351150000,電子部品 受動部品 機能部品 (14～16),0028001012,平成28年 10 ～ 12 月
26655,01030100,生産 金額 (百万円),351150000,電子部品 受動部品 機能部品 (14～16),0028000101,平成28年1月
24381,01030100,生産 金額 (百万円),351150000,電子部品 受動部品 機能部品 (14～16),0028000202,平成28年2月
25026,01030100,生産 金額 (百万円),351150000,電子部品 受動部品 機能部品 (14～16),0028000303,平成28年3月
29270,01030100,生産 金額 (百万円),351150000,電子部品 受動部品 機能部品 (14～16),0028000404,平成28年4月
23146,01030100,生産 金額 (百万円),351150000,電子部品 受動部品 機能部品 (14～16),0028000505,平成28年5月
27395,01030100,生産 金額 (百万円),351150000,電子部品 受動部品 機能部品 (14～16),0028000606,平成28年6月
27794,01030100,生産 金額 (百万円),351150000,電子部品 受動部品 機能部品 (14～16),0028000707,平成28年7月
28249,01030100,生産 金額 (百万円),351150000,電子部品 受動部品 機能部品 (14～16),0028000808,平成28年8月
30389,01030100,生産 金額 (百万円),351150000,電子部品 受動部品 機能部品 (14～16),0028000909,平成28年9月
28505,01030100,生産 金額 (百万円),351150000,電子部品 受動部品 機能部品 (14～16),0028001010,平成28年10月
26223,01030100,生産 金額 (百万円),351150000,電子部品 受動部品 機能部品 (14～16),0028001111,平成28年11月
25869,01030100,生産 金額 (百万円),351150000,電子部品 受動部品 機能部品 (14～16),0028001212,平成28年12月
51114,01030100,生産 金額 (百万円),351151000,電子部品 受動部品 機能部品 水晶振動子 (14),0024000000,平成24年
41804,01030100,生産 金額 (百万円),351151000,電子部品 受動部品 機能部品 水晶振動子 (14),0025000000,平成25年
42939,01030100,生産 金額 (百万円),351151000,電子部品 受動部品 機能部品 水晶振動子 (14),0026000000,平成26年
41809,01030100,生産 金額 (百万円),351151000,電子部品 受動部品 機能部品 水晶振動子 (14),0027000000,平成27年
43602,01030100,生産 金額 (百万円),351151000,電子部品 受動部品 機能部品 水晶振動子 (14),0028000000,平成28年
43369,01030100,生産 金額 (百万円),351151000,電子部品 受動部品 機能部品 水晶振動子 (14),0026010000,平成26年度
41390,01030100,生産 金額 (百万円),351151000,電子部品 受動部品 機能部品 水晶振動子 (14),0027010000,平成27年度
10062,01030100,生産 金額 (百万円),351151000,電子部品 受動部品 機能部品 水晶振動子 (14),0028000103,平成28年 1 ～ 3 月
10112,01030100,生産 金額 (百万円),351151000,電子部品 受動部品 機能部品 水晶振動子 (14),0028000406,平成28年 4 ～ 6 月
11464,01030100,生産 金額 (百万円),351151000,電子部品 受動部品 機能部品 水晶振動子 (14),0028000709,平成28年 7 ～ 9 月
11964,01030100,生産 金額 (百万円),351151000,電子部品 受動部品 機能部品 水晶振動子 (14),0028001012,平成28年 10 ～ 12 月
3236,01030100,生産 金額 (百万円),351151000,電子部品 受動部品 機能部品 水晶振動子 (14),0028000101,平成28年1月
3462,01030100,生産 金額 (百万円),351151000,電子部品 受動部品 機能部品 水晶振動子 (14),0028000202,平成28年2月
3364,01030100,生産 金額 (百万円),351151000,電子部品 受動部品 機能部品 水晶振動子 (14),0028000303,平成28年3月
3400,01030100,生産 金額 (百万円),351151000,電子部品 受動部品 機能部品 水晶振動子 (14),0028000404,平成28年4月
3152,01030100,生産 金額 (百万円),351151000,電子部品 受動部品 機能部品 水晶振動子 (14),0028000505,平成28年5月
3560,01030100,生産 金額 (百万円),351151000,電子部品 受動部品 機能部品 水晶振動子 (14),0028000606,平成28年6月
3644,01030100,生産 金額 (百万円),351151000,電子部品 受動部品 機能部品 水晶振動子 (14),0028000707,平成28年7月
3824,01030100,生産 金額 (百万円),351151000,電子部品 受動部品 機能部品 水晶振動子 (14),0028000808,平成28年8月
3996,01030100,生産 金額 (百万円),351151000,電子部品 受動部品 機能部品 水晶振動子 (14),0028000909,平成28年9月
4141,01030100,生産 金額 (百万円),351151000,電子部品 受動部品 機能部品 水晶振動子 (14),0028001010,平成28年10月
4007,01030100,生産 金額 (百万円),351151000,電子部品 受動部品 機能部品 水晶振動子 (14),0028001111,平成28年11月
3816,01030100,生産 金額 (百万円),351151000,電子部品 受動部品 機能部品 水晶振動子 (14),0028001212,平成28年12月
61569,01030100,生産 金額 (百万円),351152000,電子部品 受動部品 機能部品 フィルタ (15),0024000000,平成24年
68104,01030100,生産 金額 (百万円),351152000,電子部品 受動部品 機能部品 フィルタ (15),0025000000,平成25年
99908,01030100,生産 金額 (百万円),351152000,電子部品 受動部品 機能部品 フィルタ (15),0026000000,平成26年
151289,01030100,生産 金額 (百万円),351152000,電子部品 受動部品 機能部品 フィルタ (15),0027000000,平成27年
162966,01030100,生産 金額 (百万円),351152000,電子部品 受動部品 機能部品 フィルタ (15),0028000000,平成28年
109299,01030100,生産 金額 (百万円),351152000,電子部品 受動部品 機能部品 フィルタ (15),0026010000,平成26年度
161094,01030100,生産 金額 (百万円),351152000,電子部品 受動部品 機能部品 フィルタ (15),0027010000,平成27年度
38463,01030100,生産 金額 (百万円),351152000,電子部品 受動部品 機能部品 フィルタ (15),0028000103,平成28年 1 ～ 3 月
41321,01030100,生産 金額 (百万円),351152000,電子部品 受動部品 機能部品 フィルタ (15),0028000406,平成28年 4 ～ 6 月
42625,01030100,生産 金額 (百万円),351152000,電子部品 受動部品 機能部品 フィルタ (15),0028000709,平成28年 7 ～ 9 月
40557,01030100,生産 金額 (百万円),351152000,電子部品 受動部品 機能部品 フィルタ (15),0028001012,平成28年 10 ～ 12 月
11881,01030100,生産 金額 (百万円),351152000,電子部品 受動部品 機能部品 フィルタ (15),0028000101,平成28年1月
12798,01030100,生産 金額 (百万円),351152000,電子部品 受動部品 機能部品 フィルタ (15),0028000202,平成28年2月
13784,01030100,生産 金額 (百万円),351152000,電子部品 受動部品 機能部品 フィルタ (15),0028000303,平成28年3月
14227,01030100,生産 金額 (百万円),351152000,電子部品 受動部品 機能部品 フィルタ (15),0028000404,平成28年4月
13157,01030100,生産 金額 (百万円),351152000,電子部品 受動部品 機能部品 フィルタ (15),0028000505,平成28年5月
13937,01030100,生産 金額 (百万円),351152000,電子部品 受動部品 機能部品 フィルタ (15),0028000606,平成28年6月
13736,01030100,生産 金額 (百万円),351152000,電子部品 受動部品 機能部品 フィルタ (15),0028000707,平成28年7月
14055,01030100,生産 金額 (百万円),351152000,電子部品 受動部品 機能部品 フィルタ (15),0028000808,平成28年8月
14834,01030100,生産 金額 (百万円),351152000,電子部品 受動部品 機能部品 フィルタ (15),0028000909,平成28年9月
14621,01030100,生産 金額 (百万円),351152000,電子部品 受動部品 機能部品 フィルタ (15),0028001010,平成28年10月
12733,01030100,生産 金額 (百万円),351152000,電子部品 受動部品 機能部品 フィルタ (15),0028001111,平成28年11月
13203,01030100,生産 金額 (百万円),351152000,電子部品 受動部品 機能部品 フィルタ (15),0028001212,平成28年12月
59465,01030100,生産 金額 (百万円),351153000,電子部品 受動部品 機能部品 複合部品 (16),0024000000,平成24年
78944,01030100,生産 金額 (百万円),351153000,電子部品 受動部品 機能部品 複合部品 (16),0025000000,平成25年
85870,01030100,生産 金額 (百万円),351153000,電子部品 受動部品 機能部品 複合部品 (16),0026000000,平成26年
148622,01030100,生産 金額 (百万円),351153000,電子部品 受動部品 機能部品 複合部品 (16),0027000000,平成27年
116334,01030100,生産 金額 (百万円),351153000,電子部品 受動部品 機能部品 複合部品 (16),0028000000,平成28年
88493,01030100,生産 金額 (百万円),351153000,電子部品 受動部品 機能部品 複合部品 (16),0026010000,平成26年度
153303,01030100,生産 金額 (百万円),351153000,電子部品 受動部品 機能部品 複合部品 (16),0027010000,平成27年度
27537,01030100,生産 金額 (百万円),351153000,電子部品 受動部品 機能部品 複合部品 (16),0028000103,平成28年 1 ～ 3 月
28378,01030100,生産 金額 (百万円),351153000,電子部品 受動部品 機能部品 複合部品 (16),0028000406,平成28年 4 ～ 6 月
32343,01030100,生産 金額 (百万円),351153000,電子部品 受動部品 機能部品 複合部品 (16),0028000709,平成28年 7 ～ 9 月
28076,01030100,生産 金額 (百万円),351153000,電子部品 受動部品 機能部品 複合部品 (16),0028001012,平成28年 10 ～ 12 月
11538,01030100,生産 金額 (百万円),351153000,電子部品 受動部品 機能部品 複合部品 (16),0028000101,平成28年1月
8121,01030100,生産 金額 (百万円),351153000,電子部品 受動部品 機能部品 複合部品 (16),0028000202,平成28年2月
7878,01030100,生産 金額 (百万円),351153000,電子部品 受動部品 機能部品 複合部品 (16),0028000303,平成28年3月
11643,01030100,生産 金額 (百万円),351153000,電子部品 受動部品 機能部品 複合部品 (16),0028000404,平成28年4月
6837,01030100,生産 金額 (百万円),351153000,電子部品 受動部品 機能部品 複合部品 (16),0028000505,平成28年5月
9898,01030100,生産 金額 (百万円),351153000,電子部品 受動部品 機能部品 複合部品 (16),0028000606,平成28年6月
10414,01030100,生産 金額 (百万円),351153000,電子部品 受動部品 機能部品 複合部品 (16),0028000707,平成28年7月
10370,01030100,生産 金額 (百万円),351153000,電子部品 受動部品 機能部品 複合部品 (16),0028000808,平成28年8月
11559,01030100,生産 金額 (百万円),351153000,電子部品 受動部品 機能部品 複合部品 (16),0028000909,平成28年9月
9743,01030100,生産 金額 (百万円),351153000,電子部品 受動部品 機能部品 複合部品 (16),0028001010,平成28年10月
9483,01030100,生産 金額 (百万円),351153000,電子部品 受動部品 機能部品 複合部品 (16),0028001111,平成28年11月
8850,01030100,生産 金額 (百万円),351153000,電子部品 受動部品 機能部品 複合部品 (16),0028001212,平成28年12月
552791,01030100,生産 金額 (百万円),351200000,電子部品 接続部品 (17～23),0024000000,平成24年
480351,01030100,生産 金額 (百万円),351200000,電子部品 接続部品 (17～23),0025000000,平成25年
466077,01030100,生産 金額 (百万円),351200000,電子部品 接続部品 (17～23),0026000000,平成26年
484134,01030100,生産 金額 (百万円),351200000,電子部品 接続部品 (17～23),0027000000,平成27年
466746,01030100,生産 金額 (百万円),351200000,電子部品 接続部品 (17～23),0028000000,平成28年
468069,01030100,生産 金額 (百万円),351200000,電子部品 接続部品 (17～23),0026010000,平成26年度
480328,01030100,生産 金額 (百万円),351200000,電子部品 接続部品 (17～23),0027010000,平成27年度
104126,01030100,生産 金額 (百万円),351200000,電子部品 接続部品 (17～23),0028000103,平成28年 1 ～ 3 月
115511,01030100,生産 金額 (百万円),351200000,電子部品 接続部品 (17～23),0028000406,平成28年 4 ～ 6 月
123832,01030100,生産 金額 (百万円),351200000,電子部品 接続部品 (17～23),0028000709,平成28年 7 ～ 9 月
123277,01030100,生産 金額 (百万円),351200000,電子部品 接続部品 (17～23),0028001012,平成28年 10 ～ 12 月
35033,01030100,生産 金額 (百万円),351200000,電子部品 接続部品 (17～23),0028000101,平成28年1月
33613,01030100,生産 金額 (百万円),351200000,電子部品 接続部品 (17～23),0028000202,平成28年2月
35480,01030100,生産 金額 (百万円),351200000,電子部品 接続部品 (17～23),0028000303,平成28年3月
37779,01030100,生産 金額 (百万円),351200000,電子部品 接続部品 (17～23),0028000404,平成28年4月
36451,01030100,生産 金額 (百万円),351200000,電子部品 接続部品 (17～23),0028000505,平成28年5月
41281,01030100,生産 金額 (百万円),351200000,電子部品 接続部品 (17～23),0028000606,平成28年6月
39822,01030100,生産 金額 (百万円),351200000,電子部品 接続部品 (17～23),0028000707,平成28年7月
40960,01030100,生産 金額 (百万円),351200000,電子部品 接続部品 (17～23),0028000808,平成28年8月
43050,01030100,生産 金額 (百万円),351200000,電子部品 接続部品 (17～23),0028000909,平成28年9月
41443,01030100,生産 金額 (百万円),351200000,電子部品 接続部品 (17～23),0028001010,平成28年10月
41895,01030100,生産 金額 (百万円),351200000,電子部品 接続部品 (17～23),0028001111,平成28年11月
39939,01030100,生産 金額 (百万円),351200000,電子部品 接続部品 (17～23),0028001212,平成28年12月
63130,01030100,生産 金額 (百万円),351210000,電子部品 接続部品 スイッチ(通信･電子装置用に限る) (17),0024000000,平成24年
59978,01030100,生産 金額 (百万円),351210000,電子部品 接続部品 スイッチ(通信･電子装置用に限る) (17),0025000000,平成25年
63145,01030100,生産 金額 (百万円),351210000,電子部品 接続部品 スイッチ(通信･電子装置用に限る) (17),0026000000,平成26年
76302,01030100,生産 金額 (百万円),351210000,電子部品 接続部品 スイッチ(通信･電子装置用に限る) (17),0027000000,平成27年
63569,01030100,生産 金額 (百万円),351210000,電子部品 接続部品 スイッチ(通信･電子装置用に限る) (17),0028000000,平成28年
65393,01030100,生産 金額 (百万円),351210000,電子部品 接続部品 スイッチ(通信･電子装置用に限る) (17),0026010000,平成26年度
75123,01030100,生産 金額 (百万円),351210000,電子部品 接続部品 スイッチ(通信･電子装置用に限る) (17),0027010000,平成27年度
15250,01030100,生産 金額 (百万円),351210000,電子部品 接続部品 スイッチ(通信･電子装置用に限る) (17),0028000103,平成28年 1 ～ 3 月
15555,01030100,生産 金額 (百万円),351210000,電子部品 接続部品 スイッチ(通信･電子装置用に限る) (17),0028000406,平成28年 4 ～ 6 月
15912,01030100,生産 金額 (百万円),351210000,電子部品 接続部品 スイッチ(通信･電子装置用に限る) (17),0028000709,平成28年 7 ～ 9 月
16852,01030100,生産 金額 (百万円),351210000,電子部品 接続部品 スイッチ(通信･電子装置用に限る) (17),0028001012,平成28年 10 ～ 12 月
5592,01030100,生産 金額 (百万円),351210000,電子部品 接続部品 スイッチ(通信･電子装置用に限る) (17),0028000101,平成28年1月
4509,01030100,生産 金額 (百万円),351210000,電子部品 接続部品 スイッチ(通信･電子装置用に限る) (17),0028000202,平成28年2月
5149,01030100,生産 金額 (百万円),351210000,電子部品 接続部品 スイッチ(通信･電子装置用に限る) (17),0028000303,平成28年3月
5408,01030100,生産 金額 (百万円),351210000,電子部品 接続部品 スイッチ(通信･電子装置用に限る) (17),0028000404,平成28年4月
4993,01030100,生産 金額 (百万円),351210000,電子部品 接続部品 スイッチ(通信･電子装置用に限る) (17),0028000505,平成28年5月
5154,01030100,生産 金額 (百万円),351210000,電子部品 接続部品 スイッチ(通信･電子装置用に限る) (17),0028000606,平成28年6月
5256,01030100,生産 金額 (百万円),351210000,電子部品 接続部品 スイッチ(通信･電子装置用に限る) (17),0028000707,平成28年7月
4975,01030100,生産 金額 (百万円),351210000,電子部品 接続部品 スイッチ(通信･電子装置用に限る) (17),0028000808,平成28年8月
5681,01030100,生産 金額 (百万円),351210000,電子部品 接続部品 スイッチ(通信･電子装置用に限る) (17),0028000909,平成28年9月
5768,01030100,生産 金額 (百万円),351210000,電子部品 接続部品 スイッチ(通信･電子装置用に限る) (17),0028001010,平成28年10月
5544,01030100,生産 金額 (百万円),351210000,電子部品 接続部品 スイッチ(通信･電子装置用に限る) (17),0028001111,平成28年11月
5540,01030100,生産 金額 (百万円),351210000,電子部品 接続部品 スイッチ(通信･電子装置用に限る) (17),0028001212,平成28年12月
470173,01030100,生産 金額 (百万円),351220000,電子部品 接続部品 コネクタ (18～22),0024000000,平成24年
399069,01030100,生産 金額 (百万円),351220000,電子部品 接続部品 コネクタ (18～22),0025000000,平成25年
379706,01030100,生産 金額 (百万円),351220000,電子部品 接続部品 コネクタ (18～22),0026000000,平成26年
380702,01030100,生産 金額 (百万円),351220000,電子部品 接続部品 コネクタ (18～22),0027000000,平成27年
376689,01030100,生産 金額 (百万円),351220000,電子部品 接続部品 コネクタ (18～22),0028000000,平成28年
378247,01030100,生産 金額 (百万円),351220000,電子部品 接続部品 コネクタ (18～22),0026010000,平成26年度
378192,01030100,生産 金額 (百万円),351220000,電子部品 接続部品 コネクタ (18～22),0027010000,平成27年度
82328,01030100,生産 金額 (百万円),351220000,電子部品 接続部品 コネクタ (18～22),0028000103,平成28年 1 ～ 3 月
93339,01030100,生産 金額 (百万円),351220000,電子部品 接続部品 コネクタ (18～22),0028000406,平成28年 4 ～ 6 月
101222,01030100,生産 金額 (百万円),351220000,電子部品 接続部品 コネクタ (18～22),0028000709,平成28年 7 ～ 9 月
99800,01030100,生産 金額 (百万円),351220000,電子部品 接続部品 コネクタ (18～22),0028001012,平成28年 10 ～ 12 月
26936,01030100,生産 金額 (百万円),351220000,電子部品 接続部品 コネクタ (18～22),0028000101,平成28年1月
27294,01030100,生産 金額 (百万円),351220000,電子部品 接続部品 コネクタ (18～22),0028000202,平成28年2月
28098,01030100,生産 金額 (百万円),351220000,電子部品 接続部品 コネクタ (18～22),0028000303,平成28年3月
30084,01030100,生産 金額 (百万円),351220000,電子部品 接続部品 コネクタ (18～22),0028000404,平成28年4月
29335,01030100,生産 金額 (百万円),351220000,電子部品 接続部品 コネクタ (18～22),0028000505,平成28年5月
33920,01030100,生産 金額 (百万円),351220000,電子部品 接続部品 コネクタ (18～22),0028000606,平成28年6月
32393,01030100,生産 金額 (百万円),351220000,電子部品 接続部品 コネクタ (18～22),0028000707,平成28年7月
33757,01030100,生産 金額 (百万円),351220000,電子部品 接続部品 コネクタ (18～22),0028000808,平成28年8月
35072,01030100,生産 金額 (百万円),351220000,電子部品 接続部品 コネクタ (18～22),0028000909,平成28年9月
33580,01030100,生産 金額 (百万円),351220000,電子部品 接続部品 コネクタ (18～22),0028001010,平成28年10月
34063,01030100,生産 金額 (百万円),351220000,電子部品 接続部品 コネクタ (18～22),0028001111,平成28年11月
32157,01030100,生産 金額 (百万円),351220000,電子部品 接続部品 コネクタ (18～22),0028001212,平成28年12月
12455,01030100,生産 金額 (百万円),351221000,電子部品 接続部品 コネクタ 同軸コネクタ (18),0024000000,平成24年
32249,01030100,生産 金額 (百万円),351221000,電子部品 接続部品 コネクタ 同軸コネクタ (18),0025000000,平成25年
33842,01030100,生産 金額 (百万円),351221000,電子部品 接続部品 コネクタ 同軸コネクタ (18),0026000000,平成26年
41441,01030100,生産 金額 (百万円),351221000,電子部品 接続部品 コネクタ 同軸コネクタ (18),0027000000,平成27年
29539,01030100,生産 金額 (百万円),351221000,電子部品 接続部品 コネクタ 同軸コネクタ (18),0028000000,平成28年
35854,01030100,生産 金額 (百万円),351221000,電子部品 接続部品 コネクタ 同軸コネクタ (18),0026010000,平成26年度
40976,01030100,生産 金額 (百万円),351221000,電子部品 接続部品 コネクタ 同軸コネクタ (18),0027010000,平成27年度
7703,01030100,生産 金額 (百万円),351221000,電子部品 接続部品 コネクタ 同軸コネクタ (18),0028000103,平成28年 1 ～ 3 月
7227,01030100,生産 金額 (百万円),351221000,電子部品 接続部品 コネクタ 同軸コネクタ (18),0028000406,平成28年 4 ～ 6 月
7489,01030100,生産 金額 (百万円),351221000,電子部品 接続部品 コネクタ 同軸コネクタ (18),0028000709,平成28年 7 ～ 9 月
7120,01030100,生産 金額 (百万円),351221000,電子部品 接続部品 コネクタ 同軸コネクタ (18),0028001012,平成28年 10 ～ 12 月
3151,01030100,生産 金額 (百万円),351221000,電子部品 接続部品 コネクタ 同軸コネクタ (18),0028000101,平成28年1月
2132,01030100,生産 金額 (百万円),351221000,電子部品 接続部品 コネクタ 同軸コネクタ (18),0028000202,平成28年2月
2420,01030100,生産 金額 (百万円),351221000,電子部品 接続部品 コネクタ 同軸コネクタ (18),0028000303,平成28年3月
2623,01030100,生産 金額 (百万円),351221000,電子部品 接続部品 コネクタ 同軸コネクタ (18),0028000404,平成28年4月
2095,01030100,生産 金額 (百万円),351221000,電子部品 接続部品 コネクタ 同軸コネクタ (18),0028000505,平成28年5月
2509,01030100,生産 金額 (百万円),351221000,電子部品 接続部品 コネクタ 同軸コネクタ (18),0028000606,平成28年6月
2375,01030100,生産 金額 (百万円),351221000,電子部品 接続部品 コネクタ 同軸コネクタ (18),0028000707,平成28年7月
2416,01030100,生産 金額 (百万円),351221000,電子部品 接続部品 コネクタ 同軸コネクタ (18),0028000808,平成28年8月
2698,01030100,生産 金額 (百万円),351221000,電子部品 接続部品 コネクタ 同軸コネクタ (18),0028000909,平成28年9月
2291,01030100,生産 金額 (百万円),351221000,電子部品 接続部品 コネクタ 同軸コネクタ (18),0028001010,平成28年10月
2387,01030100,生産 金額 (百万円),351221000,電子部品 接続部品 コネクタ 同軸コネクタ (18),0028001111,平成28年11月
2442,01030100,生産 金額 (百万円),351221000,電子部品 接続部品 コネクタ 同軸コネクタ (18),0028001212,平成28年12月
326552,01030100,生産 金額 (百万円),351222000,電子部品 接続部品 コネクタ プリント基板用コネクタ (19),0024000000,平成24年
264778,01030100,生産 金額 (百万円),351222000,電子部品 接続部品 コネクタ プリント基板用コネクタ (19),0025000000,平成25年
240907,01030100,生産 金額 (百万円),351222000,電子部品 接続部品 コネクタ プリント基板用コネクタ (19),0026000000,平成26年
244541,01030100,生産 金額 (百万円),351222000,電子部品 接続部品 コネクタ プリント基板用コネクタ (19),0027000000,平成27年
255098,01030100,生産 金額 (百万円),351222000,電子部品 接続部品 コネクタ プリント基板用コネクタ (19),0028000000,平成28年
239489,01030100,生産 金額 (百万円),351222000,電子部品 接続部品 コネクタ プリント基板用コネクタ (19),0026010000,平成26年度
245328,01030100,生産 金額 (百万円),351222000,電子部品 接続部品 コネクタ プリント基板用コネクタ (19),0027010000,平成27年度
53551,01030100,生産 金額 (百万円),351222000,電子部品 接続部品 コネクタ プリント基板用コネクタ (19),0028000103,平成28年 1 ～ 3 月
62564,01030100,生産 金額 (百万円),351222000,電子部品 接続部品 コネクタ プリント基板用コネクタ (19),0028000406,平成28年 4 ～ 6 月
70761,01030100,生産 金額 (百万円),351222000,電子部品 接続部品 コネクタ プリント基板用コネクタ (19),0028000709,平成28年 7 ～ 9 月
68222,01030100,生産 金額 (百万円),351222000,電子部品 接続部品 コネクタ プリント基板用コネクタ (19),0028001012,平成28年 10 ～ 12 月
16994,01030100,生産 金額 (百万円),351222000,電子部品 接続部品 コネクタ プリント基板用コネクタ (19),0028000101,平成28年1月
18207,01030100,生産 金額 (百万円),351222000,電子部品 接続部品 コネクタ プリント基板用コネクタ (19),0028000202,平成28年2月
18350,01030100,生産 金額 (百万円),351222000,電子部品 接続部品 コネクタ プリント基板用コネクタ (19),0028000303,平成28年3月
20104,01030100,生産 金額 (百万円),351222000,電子部品 接続部品 コネクタ プリント基板用コネクタ (19),0028000404,平成28年4月
19629,01030100,生産 金額 (百万円),351222000,電子部品 接続部品 コネクタ プリント基板用コネクタ (19),0028000505,平成28年5月
22831,01030100,生産 金額 (百万円),351222000,電子部品 接続部品 コネクタ プリント基板用コネクタ (19),0028000606,平成28年6月
22487,01030100,生産 金額 (百万円),351222000,電子部品 接続部品 コネクタ プリント基板用コネクタ (19),0028000707,平成28年7月
23780,01030100,生産 金額 (百万円),351222000,電子部品 接続部品 コネクタ プリント基板用コネクタ (19),0028000808,平成28年8月
24494,01030100,生産 金額 (百万円),351222000,電子部品 接続部品 コネクタ プリント基板用コネクタ (19),0028000909,平成28年9月
22703,01030100,生産 金額 (百万円),351222000,電子部品 接続部品 コネクタ プリント基板用コネクタ (19),0028001010,平成28年10月
23514,01030100,生産 金額 (百万円),351222000,電子部品 接続部品 コネクタ プリント基板用コネクタ (19),0028001111,平成28年11月
22005,01030100,生産 金額 (百万円),351222000,電子部品 接続部品 コネクタ プリント基板用コネクタ (19),0028001212,平成28年12月
17550,01030100,生産 金額 (百万円),351223000,電子部品 接続部品 コネクタ 丸形コネクタ (20),0024000000,平成24年
18712,01030100,生産 金額 (百万円),351223000,電子部品 接続部品 コネクタ 丸形コネクタ (20),0025000000,平成25年
22828,01030100,生産 金額 (百万円),351223000,電子部品 接続部品 コネクタ 丸形コネクタ (20),0026000000,平成26年
21682,01030100,生産 金額 (百万円),351223000,電子部品 接続部品 コネクタ 丸形コネクタ (20),0027000000,平成27年
21606,01030100,生産 金額 (百万円),351223000,電子部品 接続部品 コネクタ 丸形コネクタ (20),0028000000,平成28年
23110,01030100,生産 金額 (百万円),351223000,電子部品 接続部品 コネクタ 丸形コネクタ (20),0026010000,平成26年度
21151,01030100,生産 金額 (百万円),351223000,電子部品 接続部品 コネクタ 丸形コネクタ (20),0027010000,平成27年度
5254,01030100,生産 金額 (百万円),351223000,電子部品 接続部品 コネクタ 丸形コネクタ (20),0028000103,平成28年 1 ～ 3 月
5403,01030100,生産 金額 (百万円),351223000,電子部品 接続部品 コネクタ 丸形コネクタ (20),0028000406,平成28年 4 ～ 6 月
5522,01030100,生産 金額 (百万円),351223000,電子部品 接続部品 コネクタ 丸形コネクタ (20),0028000709,平成28年 7 ～ 9 月
5427,01030100,生産 金額 (百万円),351223000,電子部品 接続部品 コネクタ 丸形コネクタ (20),0028001012,平成28年 10 ～ 12 月
1673,01030100,生産 金額 (百万円),351223000,電子部品 接続部品 コネクタ 丸形コネクタ (20),0028000101,平成28年1月
1736,01030100,生産 金額 (百万円),351223000,電子部品 接続部品 コネクタ 丸形コネクタ (20),0028000202,平成28年2月
1845,01030100,生産 金額 (百万円),351223000,電子部品 接続部品 コネクタ 丸形コネクタ (20),0028000303,平成28年3月
1780,01030100,生産 金額 (百万円),351223000,電子部品 接続部品 コネクタ 丸形コネクタ (20),0028000404,平成28年4月
1677,01030100,生産 金額 (百万円),351223000,電子部品 接続部品 コネクタ 丸形コネクタ (20),0028000505,平成28年5月
1946,01030100,生産 金額 (百万円),351223000,電子部品 接続部品 コネクタ 丸形コネクタ (20),0028000606,平成28年6月
1884,01030100,生産 金額 (百万円),351223000,電子部品 接続部品 コネクタ 丸形コネクタ (20),0028000707,平成28年7月
1814,01030100,生産 金額 (百万円),351223000,電子部品 接続部品 コネクタ 丸形コネクタ (20),0028000808,平成28年8月
1824,01030100,生産 金額 (百万円),351223000,電子部品 接続部品 コネクタ 丸形コネクタ (20),0028000909,平成28年9月
1755,01030100,生産 金額 (百万円),351223000,電子部品 接続部品 コネクタ 丸形コネクタ (20),0028001010,平成28年10月
1866,01030100,生産 金額 (百万円),351223000,電子部品 接続部品 コネクタ 丸形コネクタ (20),0028001111,平成28年11月
1806,01030100,生産 金額 (百万円),351223000,電子部品 接続部品 コネクタ 丸形コネクタ (20),0028001212,平成28年12月
40411,01030100,生産 金額 (百万円),351224000,電子部品 接続部品 コネクタ 角形コネクタ (21),0024000000,平成24年
30729,01030100,生産 金額 (百万円),351224000,電子部品 接続部品 コネクタ 角形コネクタ (21),0025000000,平成25年
24270,01030100,生産 金額 (百万円),351224000,電子部品 接続部品 コネクタ 角形コネクタ (21),0026000000,平成26年
21061,01030100,生産 金額 (百万円),351224000,電子部品 接続部品 コネクタ 角形コネクタ (21),0027000000,平成27年
21116,01030100,生産 金額 (百万円),351224000,電子部品 接続部品 コネクタ 角形コネクタ (21),0028000000,平成28年
22934,01030100,生産 金額 (百万円),351224000,電子部品 接続部品 コネクタ 角形コネクタ (21),0026010000,平成26年度
20266,01030100,生産 金額 (百万円),351224000,電子部品 接続部品 コネクタ 角形コネクタ (21),0027010000,平成27年度
4480,01030100,生産 金額 (百万円),351224000,電子部品 接続部品 コネクタ 角形コネクタ (21),0028000103,平成28年 1 ～ 3 月
5661,01030100,生産 金額 (百万円),351224000,電子部品 接続部品 コネクタ 角形コネクタ (21),0028000406,平成28年 4 ～ 6 月
4896,01030100,生産 金額 (百万円),351224000,電子部品 接続部品 コネクタ 角形コネクタ (21),0028000709,平成28年 7 ～ 9 月
6079,01030100,生産 金額 (百万円),351224000,電子部品 接続部品 コネクタ 角形コネクタ (21),0028001012,平成28年 10 ～ 12 月
1234,01030100,生産 金額 (百万円),351224000,電子部品 接続部品 コネクタ 角形コネクタ (21),0028000101,平成28年1月
1623,01030100,生産 金額 (百万円),351224000,電子部品 接続部品 コネクタ 角形コネクタ (21),0028000202,平成28年2月
1623,01030100,生産 金額 (百万円),351224000,電子部品 接続部品 コネクタ 角形コネクタ (21),0028000303,平成28年3月
1783,01030100,生産 金額 (百万円),351224000,電子部品 接続部品 コネクタ 角形コネクタ (21),0028000404,平成28年4月
1396,01030100,生産 金額 (百万円),351224000,電子部品 接続部品 コネクタ 角形コネクタ (21),0028000505,平成28年5月
2482,01030100,生産 金額 (百万円),351224000,電子部品 接続部品 コネクタ 角形コネクタ (21),0028000606,平成28年6月
1620,01030100,生産 金額 (百万円),351224000,電子部品 接続部品 コネクタ 角形コネクタ (21),0028000707,平成28年7月
1573,01030100,生産 金額 (百万円),351224000,電子部品 接続部品 コネクタ 角形コネクタ (21),0028000808,平成28年8月
1703,01030100,生産 金額 (百万円),351224000,電子部品 接続部品 コネクタ 角形コネクタ (21),0028000909,平成28年9月
2481,01030100,生産 金額 (百万円),351224000,電子部品 接続部品 コネクタ 角形コネクタ (21),0028001010,平成28年10月
2015,01030100,生産 金額 (百万円),351224000,電子部品 接続部品 コネクタ 角形コネクタ (21),0028001111,平成28年11月
1583,01030100,生産 金額 (百万円),351224000,電子部品 接続部品 コネクタ 角形コネクタ (21),0028001212,平成28年12月
65911,01030100,生産 金額 (百万円),351225000,電子部品 接続部品 コネクタ その他のコネクタ (22),0024000000,平成24年
45075,01030100,生産 金額 (百万円),351225000,電子部品 接続部品 コネクタ その他のコネクタ (22),0025000000,平成25年
50429,01030100,生産 金額 (百万円),351225000,電子部品 接続部品 コネクタ その他のコネクタ (22),0026000000,平成26年
51977,01030100,生産 金額 (百万円),351225000,電子部品 接続部品 コネクタ その他のコネクタ (22),0027000000,平成27年
49330,01030100,生産 金額 (百万円),351225000,電子部品 接続部品 コネクタ その他のコネクタ (22),0028000000,平成28年
51517,01030100,生産 金額 (百万円),351225000,電子部品 接続部品 コネクタ その他のコネクタ (22),0026010000,平成26年度
50471,01030100,生産 金額 (百万円),351225000,電子部品 接続部品 コネクタ その他のコネクタ (22),0027010000,平成27年度
11340,01030100,生産 金額 (百万円),351225000,電子部品 接続部品 コネクタ その他のコネクタ (22),0028000103,平成28年 1 ～ 3 月
12484,01030100,生産 金額 (百万円),351225000,電子部品 接続部品 コネクタ その他のコネクタ (22),0028000406,平成28年 4 ～ 6 月
12554,01030100,生産 金額 (百万円),351225000,電子部品 接続部品 コネクタ その他のコネクタ (22),0028000709,平成28年 7 ～ 9 月
12952,01030100,生産 金額 (百万円),351225000,電子部品 接続部品 コネクタ その他のコネクタ (22),0028001012,平成28年 10 ～ 12 月
3884,01030100,生産 金額 (百万円),351225000,電子部品 接続部品 コネクタ その他のコネクタ (22),0028000101,平成28年1月
3596,01030100,生産 金額 (百万円),351225000,電子部品 接続部品 コネクタ その他のコネクタ (22),0028000202,平成28年2月
3860,01030100,生産 金額 (百万円),351225000,電子部品 接続部品 コネクタ その他のコネクタ (22),0028000303,平成28年3月
3794,01030100,生産 金額 (百万円),351225000,電子部品 接続部品 コネクタ その他のコネクタ (22),0028000404,平成28年4月
4538,01030100,生産 金額 (百万円),351225000,電子部品 接続部品 コネクタ その他のコネクタ (22),0028000505,平成28年5月
4152,01030100,生産 金額 (百万円),351225000,電子部品 接続部品 コネクタ その他のコネクタ (22),0028000606,平成28年6月
4027,01030100,生産 金額 (百万円),351225000,電子部品 接続部品 コネクタ その他のコネクタ (22),0028000707,平成28年7月
4174,01030100,生産 金額 (百万円),351225000,電子部品 接続部品 コネクタ その他のコネクタ (22),0028000808,平成28年8月
4353,01030100,生産 金額 (百万円),351225000,電子部品 接続部品 コネクタ その他のコネクタ (22),0028000909,平成28年9月
4350,01030100,生産 金額 (百万円),351225000,電子部品 接続部品 コネクタ その他のコネクタ (22),0028001010,平成28年10月
4281,01030100,生産 金額 (百万円),351225000,電子部品 接続部品 コネクタ その他のコネクタ (22),0028001111,平成28年11月
4321,01030100,生産 金額 (百万円),351225000,電子部品 接続部品 コネクタ その他のコネクタ (22),0028001212,平成28年12月
19488,01030100,生産 金額 (百万円),351230000,電子部品 接続部品 リレー（有線通信機器用に限る） (23),0024000000,平成24年
21304,01030100,生産 金額 (百万円),351230000,電子部品 接続部品 リレー（有線通信機器用に限る） (23),0025000000,平成25年
23226,01030100,生産 金額 (百万円),351230000,電子部品 接続部品 リレー（有線通信機器用に限る） (23),0026000000,平成26年
27130,01030100,生産 金額 (百万円),351230000,電子部品 接続部品 リレー（有線通信機器用に限る） (23),0027000000,平成27年
26488,01030100,生産 金額 (百万円),351230000,電子部品 接続部品 リレー（有線通信機器用に限る） (23),0028000000,平成28年
24429,01030100,生産 金額 (百万円),351230000,電子部品 接続部品 リレー（有線通信機器用に限る） (23),0026010000,平成26年度
27013,01030100,生産 金額 (百万円),351230000,電子部品 接続部品 リレー（有線通信機器用に限る） (23),0027010000,平成27年度
6548,01030100,生産 金額 (百万円),351230000,電子部品 接続部品 リレー（有線通信機器用に限る） (23),0028000103,平成28年 1 ～ 3 月
6617,01030100,生産 金額 (百万円),351230000,電子部品 接続部品 リレー（有線通信機器用に限る） (23),0028000406,平成28年 4 ～ 6 月
6698,01030100,生産 金額 (百万円),351230000,電子部品 接続部品 リレー（有線通信機器用に限る） (23),0028000709,平成28年 7 ～ 9 月
6625,01030100,生産 金額 (百万円),351230000,電子部品 接続部品 リレー（有線通信機器用に限る） (23),0028001012,平成28年 10 ～ 12 月
2505,01030100,生産 金額 (百万円),351230000,電子部品 接続部品 リレー（有線通信機器用に限る） (23),0028000101,平成28年1月
1810,01030100,生産 金額 (百万円),351230000,電子部品 接続部品 リレー（有線通信機器用に限る） (23),0028000202,平成28年2月
2233,01030100,生産 金額 (百万円),351230000,電子部品 接続部品 リレー（有線通信機器用に限る） (23),0028000303,平成28年3月
2287,01030100,生産 金額 (百万円),351230000,電子部品 接続部品 リレー（有線通信機器用に限る） (23),0028000404,平成28年4月
2123,01030100,生産 金額 (百万円),351230000,電子部品 接続部品 リレー（有線通信機器用に限る） (23),0028000505,平成28年5月
2207,01030100,生産 金額 (百万円),351230000,電子部品 接続部品 リレー（有線通信機器用に限る） (23),0028000606,平成28年6月
2173,01030100,生産 金額 (百万円),351230000,電子部品 接続部品 リレー（有線通信機器用に限る） (23),0028000707,平成28年7月
2228,01030100,生産 金額 (百万円),351230000,電子部品 接続部品 リレー（有線通信機器用に限る） (23),0028000808,平成28年8月
2297,01030100,生産 金額 (百万円),351230000,電子部品 接続部品 リレー（有線通信機器用に限る） (23),0028000909,平成28年9月
2095,01030100,生産 金額 (百万円),351230000,電子部品 接続部品 リレー（有線通信機器用に限る） (23),0028001010,平成28年10月
2288,01030100,生産 金額 (百万円),351230000,電子部品 接続部品 リレー（有線通信機器用に限る） (23),0028001111,平成28年11月
2242,01030100,生産 金額 (百万円),351230000,電子部品 接続部品 リレー（有線通信機器用に限る） (23),0028001212,平成28年12月
583794,01030100,生産 金額 (百万円),351300000,電子部品 電子回路基板 (24～33),0024000000,平成24年
496711,01030100,生産 金額 (百万円),351300000,電子部品 電子回路基板 (24～33),0025000000,平成25年
485318,01030100,生産 金額 (百万円),351300000,電子部品 電子回路基板 (24～33),0026000000,平成26年
514730,01030100,生産 金額 (百万円),351300000,電子部品 電子回路基板 (24～33),0027000000,平成27年
459274,01030100,生産 金額 (百万円),351300000,電子部品 電子回路基板 (24～33),0028000000,平成28年
495986,01030100,生産 金額 (百万円),351300000,電子部品 電子回路基板 (24～33),0026010000,平成26年度
506744,01030100,生産 金額 (百万円),351300000,電子部品 電子回路基板 (24～33),0027010000,平成27年度
116372,01030100,生産 金額 (百万円),351300000,電子部品 電子回路基板 (24～33),0028000103,平成28年 1 ～ 3 月
109806,01030100,生産 金額 (百万円),351300000,電子部品 電子回路基板 (24～33),0028000406,平成28年 4 ～ 6 月
119305,01030100,生産 金額 (百万円),351300000,電子部品 電子回路基板 (24～33),0028000709,平成28年 7 ～ 9 月
113791,01030100,生産 金額 (百万円),351300000,電子部品 電子回路基板 (24～33),0028001012,平成28年 10 ～ 12 月
37690,01030100,生産 金額 (百万円),351300000,電子部品 電子回路基板 (24～33),0028000101,平成28年1月
38753,01030100,生産 金額 (百万円),351300000,電子部品 電子回路基板 (24～33),0028000202,平成28年2月
39929,01030100,生産 金額 (百万円),351300000,電子部品 電子回路基板 (24～33),0028000303,平成28年3月
36965,01030100,生産 金額 (百万円),351300000,電子部品 電子回路基板 (24～33),0028000404,平成28年4月
33968,01030100,生産 金額 (百万円),351300000,電子部品 電子回路基板 (24～33),0028000505,平成28年5月
38873,01030100,生産 金額 (百万円),351300000,電子部品 電子回路基板 (24～33),0028000606,平成28年6月
39320,01030100,生産 金額 (百万円),351300000,電子部品 電子回路基板 (24～33),0028000707,平成28年7月
39187,01030100,生産 金額 (百万円),351300000,電子部品 電子回路基板 (24～33),0028000808,平成28年8月
40798,01030100,生産 金額 (百万円),351300000,電子部品 電子回路基板 (24～33),0028000909,平成28年9月
39088,01030100,生産 金額 (百万円),351300000,電子部品 電子回路基板 (24～33),0028001010,平成28年10月
38350,01030100,生産 金額 (百万円),351300000,電子部品 電子回路基板 (24～33),0028001111,平成28年11月
36353,01030100,生産 金額 (百万円),351300000,電子部品 電子回路基板 (24～33),0028001212,平成28年12月
370295,01030100,生産 金額 (百万円),351310000,電子部品 電子回路基板 リジッドプリント配線板 (24～29),0024000000,平成24年
331713,01030100,生産 金額 (百万円),351310000,電子部品 電子回路基板 リジッドプリント配線板 (24～29),0025000000,平成25年
318243,01030100,生産 金額 (百万円),351310000,電子部品 電子回路基板 リジッドプリント配線板 (24～29),0026000000,平成26年
312832,01030100,生産 金額 (百万円),351310000,電子部品 電子回路基板 リジッドプリント配線板 (24～29),0027000000,平成27年
296660,01030100,生産 金額 (百万円),351310000,電子部品 電子回路基板 リジッドプリント配線板 (24～29),0028000000,平成28年
319208,01030100,生産 金額 (百万円),351310000,電子部品 電子回路基板 リジッドプリント配線板 (24～29),0026010000,平成26年度
308242,01030100,生産 金額 (百万円),351310000,電子部品 電子回路基板 リジッドプリント配線板 (24～29),0027010000,平成27年度
74188,01030100,生産 金額 (百万円),351310000,電子部品 電子回路基板 リジッドプリント配線板 (24～29),0028000103,平成28年 1 ～ 3 月
71933,01030100,生産 金額 (百万円),351310000,電子部品 電子回路基板 リジッドプリント配線板 (24～29),0028000406,平成28年 4 ～ 6 月
75989,01030100,生産 金額 (百万円),351310000,電子部品 電子回路基板 リジッドプリント配線板 (24～29),0028000709,平成28年 7 ～ 9 月
74550,01030100,生産 金額 (百万円),351310000,電子部品 電子回路基板 リジッドプリント配線板 (24～29),0028001012,平成28年 10 ～ 12 月
23344,01030100,生産 金額 (百万円),351310000,電子部品 電子回路基板 リジッドプリント配線板 (24～29),0028000101,平成28年1月
24254,01030100,生産 金額 (百万円),351310000,電子部品 電子回路基板 リジッドプリント配線板 (24～29),0028000202,平成28年2月
26590,01030100,生産 金額 (百万円),351310000,電子部品 電子回路基板 リジッドプリント配線板 (24～29),0028000303,平成28年3月
23787,01030100,生産 金額 (百万円),351310000,電子部品 電子回路基板 リジッドプリント配線板 (24～29),0028000404,平成28年4月
21952,01030100,生産 金額 (百万円),351310000,電子部品 電子回路基板 リジッドプリント配線板 (24～29),0028000505,平成28年5月
26194,01030100,生産 金額 (百万円),351310000,電子部品 電子回路基板 リジッドプリント配線板 (24～29),0028000606,平成28年6月
25723,01030100,生産 金額 (百万円),351310000,電子部品 電子回路基板 リジッドプリント配線板 (24～29),0028000707,平成28年7月
23689,01030100,生産 金額 (百万円),351310000,電子部品 電子回路基板 リジッドプリント配線板 (24～29),0028000808,平成28年8月
26577,01030100,生産 金額 (百万円),351310000,電子部品 電子回路基板 リジッドプリント配線板 (24～29),0028000909,平成28年9月
25372,01030100,生産 金額 (百万円),351310000,電子部品 電子回路基板 リジッドプリント配線板 (24～29),0028001010,平成28年10月
25124,01030100,生産 金額 (百万円),351310000,電子部品 電子回路基板 リジッドプリント配線板 (24～29),0028001111,平成28年11月
24054,01030100,生産 金額 (百万円),351310000,電子部品 電子回路基板 リジッドプリント配線板 (24～29),0028001212,平成28年12月
9878,01030100,生産 金額 (百万円),351311000,電子部品 電子回路基板 リジッドプリント配線板 片面プリント配線板 (24),0024000000,平成24年
9467,01030100,生産 金額 (百万円),351311000,電子部品 電子回路基板 リジッドプリント配線板 片面プリント配線板 (24),0025000000,平成25年
9367,01030100,生産 金額 (百万円),351311000,電子部品 電子回路基板 リジッドプリント配線板 片面プリント配線板 (24),0026000000,平成26年
8851,01030100,生産 金額 (百万円),351311000,電子部品 電子回路基板 リジッドプリント配線板 片面プリント配線板 (24),0027000000,平成27年
8537,01030100,生産 金額 (百万円),351311000,電子部品 電子回路基板 リジッドプリント配線板 片面プリント配線板 (24),0028000000,平成28年
9198,01030100,生産 金額 (百万円),351311000,電子部品 電子回路基板 リジッドプリント配線板 片面プリント配線板 (24),0026010000,平成26年度
8713,01030100,生産 金額 (百万円),351311000,電子部品 電子回路基板 リジッドプリント配線板 片面プリント配線板 (24),0027010000,平成27年度
2090,01030100,生産 金額 (百万円),351311000,電子部品 電子回路基板 リジッドプリント配線板 片面プリント配線板 (24),0028000103,平成28年 1 ～ 3 月
2049,01030100,生産 金額 (百万円),351311000,電子部品 電子回路基板 リジッドプリント配線板 片面プリント配線板 (24),0028000406,平成28年 4 ～ 6 月
2120,01030100,生産 金額 (百万円),351311000,電子部品 電子回路基板 リジッドプリント配線板 片面プリント配線板 (24),0028000709,平成28年 7 ～ 9 月
2278,01030100,生産 金額 (百万円),351311000,電子部品 電子回路基板 リジッドプリント配線板 片面プリント配線板 (24),0028001012,平成28年 10 ～ 12 月
689,01030100,生産 金額 (百万円),351311000,電子部品 電子回路基板 リジッドプリント配線板 片面プリント配線板 (24),0028000101,平成28年1月
709,01030100,生産 金額 (百万円),351311000,電子部品 電子回路基板 リジッドプリント配線板 片面プリント配線板 (24),0028000202,平成28年2月
692,01030100,生産 金額 (百万円),351311000,電子部品 電子回路基板 リジッドプリント配線板 片面プリント配線板 (24),0028000303,平成28年3月
648,01030100,生産 金額 (百万円),351311000,電子部品 電子回路基板 リジッドプリント配線板 片面プリント配線板 (24),0028000404,平成28年4月
648,01030100,生産 金額 (百万円),351311000,電子部品 電子回路基板 リジッドプリント配線板 片面プリント配線板 (24),0028000505,平成28年5月
753,01030100,生産 金額 (百万円),351311000,電子部品 電子回路基板 リジッドプリント配線板 片面プリント配線板 (24),0028000606,平成28年6月
686,01030100,生産 金額 (百万円),351311000,電子部品 電子回路基板 リジッドプリント配線板 片面プリント配線板 (24),0028000707,平成28年7月
686,01030100,生産 金額 (百万円),351311000,電子部品 電子回路基板 リジッドプリント配線板 片面プリント配線板 (24),0028000808,平成28年8月
748,01030100,生産 金額 (百万円),351311000,電子部品 電子回路基板 リジッドプリント配線板 片面プリント配線板 (24),0028000909,平成28年9月
755,01030100,生産 金額 (百万円),351311000,電子部品 電子回路基板 リジッドプリント配線板 片面プリント配線板 (24),0028001010,平成28年10月
775,01030100,生産 金額 (百万円),351311000,電子部品 電子回路基板 リジッドプリント配線板 片面プリント配線板 (24),0028001111,平成28年11月
748,01030100,生産 金額 (百万円),351311000,電子部品 電子回路基板 リジッドプリント配線板 片面プリント配線板 (24),0028001212,平成28年12月
73156,01030100,生産 金額 (百万円),351312000,電子部品 電子回路基板 リジッドプリント配線板 両面プリント配線板 (25),0024000000,平成24年
67558,01030100,生産 金額 (百万円),351312000,電子部品 電子回路基板 リジッドプリント配線板 両面プリント配線板 (25),0025000000,平成25年
74372,01030100,生産 金額 (百万円),351312000,電子部品 電子回路基板 リジッドプリント配線板 両面プリント配線板 (25),0026000000,平成26年
69641,01030100,生産 金額 (百万円),351312000,電子部品 電子回路基板 リジッドプリント配線板 両面プリント配線板 (25),0027000000,平成27年
65429,01030100,生産 金額 (百万円),351312000,電子部品 電子回路基板 リジッドプリント配線板 両面プリント配線板 (25),0028000000,平成28年
74293,01030100,生産 金額 (百万円),351312000,電子部品 電子回路基板 リジッドプリント配線板 両面プリント配線板 (25),0026010000,平成26年度
67933,01030100,生産 金額 (百万円),351312000,電子部品 電子回路基板 リジッドプリント配線板 両面プリント配線板 (25),0027010000,平成27年度
15881,01030100,生産 金額 (百万円),351312000,電子部品 電子回路基板 リジッドプリント配線板 両面プリント配線板 (25),0028000103,平成28年 1 ～ 3 月
15990,01030100,生産 金額 (百万円),351312000,電子部品 電子回路基板 リジッドプリント配線板 両面プリント配線板 (25),0028000406,平成28年 4 ～ 6 月
16743,01030100,生産 金額 (百万円),351312000,電子部品 電子回路基板 リジッドプリント配線板 両面プリント配線板 (25),0028000709,平成28年 7 ～ 9 月
16815,01030100,生産 金額 (百万円),351312000,電子部品 電子回路基板 リジッドプリント配線板 両面プリント配線板 (25),0028001012,平成28年 10 ～ 12 月
5150,01030100,生産 金額 (百万円),351312000,電子部品 電子回路基板 リジッドプリント配線板 両面プリント配線板 (25),0028000101,平成28年1月
5210,01030100,生産 金額 (百万円),351312000,電子部品 電子回路基板 リジッドプリント配線板 両面プリント配線板 (25),0028000202,平成28年2月
5521,01030100,生産 金額 (百万円),351312000,電子部品 電子回路基板 リジッドプリント配線板 両面プリント配線板 (25),0028000303,平成28年3月
5157,01030100,生産 金額 (百万円),351312000,電子部品 電子回路基板 リジッドプリント配線板 両面プリント配線板 (25),0028000404,平成28年4月
5130,01030100,生産 金額 (百万円),351312000,電子部品 電子回路基板 リジッドプリント配線板 両面プリント配線板 (25),0028000505,平成28年5月
5703,01030100,生産 金額 (百万円),351312000,電子部品 電子回路基板 リジッドプリント配線板 両面プリント配線板 (25),0028000606,平成28年6月
5714,01030100,生産 金額 (百万円),351312000,電子部品 電子回路基板 リジッドプリント配線板 両面プリント配線板 (25),0028000707,平成28年7月
5354,01030100,生産 金額 (百万円),351312000,電子部品 電子回路基板 リジッドプリント配線板 両面プリント配線板 (25),0028000808,平成28年8月
5675,01030100,生産 金額 (百万円),351312000,電子部品 電子回路基板 リジッドプリント配線板 両面プリント配線板 (25),0028000909,平成28年9月
5571,01030100,生産 金額 (百万円),351312000,電子部品 電子回路基板 リジッドプリント配線板 両面プリント配線板 (25),0028001010,平成28年10月
5764,01030100,生産 金額 (百万円),351312000,電子部品 電子回路基板 リジッドプリント配線板 両面プリント配線板 (25),0028001111,平成28年11月
5480,01030100,生産 金額 (百万円),351312000,電子部品 電子回路基板 リジッドプリント配線板 両面プリント配線板 (25),0028001212,平成28年12月
60810,01030100,生産 金額 (百万円),351313000,電子部品 電子回路基板 リジッドプリント配線板 多層プリント配線板（4層） (26),0024000000,平成24年
56334,01030100,生産 金額 (百万円),351313000,電子部品 電子回路基板 リジッドプリント配線板 多層プリント配線板（4層） (26),0025000000,平成25年
56690,01030100,生産 金額 (百万円),351313000,電子部品 電子回路基板 リジッドプリント配線板 多層プリント配線板（4層） (26),0026000000,平成26年
52121,01030100,生産 金額 (百万円),351313000,電子部品 電子回路基板 リジッドプリント配線板 多層プリント配線板（4層） (26),0027000000,平成27年
50121,01030100,生産 金額 (百万円),351313000,電子部品 電子回路基板 リジッドプリント配線板 多層プリント配線板（4層） (26),0028000000,平成28年
56139,01030100,生産 金額 (百万円),351313000,電子部品 電子回路基板 リジッドプリント配線板 多層プリント配線板（4層） (26),0026010000,平成26年度
51276,01030100,生産 金額 (百万円),351313000,電子部品 電子回路基板 リジッドプリント配線板 多層プリント配線板（4層） (26),0027010000,平成27年度
12385,01030100,生産 金額 (百万円),351313000,電子部品 電子回路基板 リジッドプリント配線板 多層プリント配線板（4層） (26),0028000103,平成28年 1 ～ 3 月
12071,01030100,生産 金額 (百万円),351313000,電子部品 電子回路基板 リジッドプリント配線板 多層プリント配線板（4層） (26),0028000406,平成28年 4 ～ 6 月
13243,01030100,生産 金額 (百万円),351313000,電子部品 電子回路基板 リジッドプリント配線板 多層プリント配線板（4層） (26),0028000709,平成28年 7 ～ 9 月
12422,01030100,生産 金額 (百万円),351313000,電子部品 電子回路基板 リジッドプリント配線板 多層プリント配線板（4層） (26),0028001012,平成28年 10 ～ 12 月
3976,01030100,生産 金額 (百万円),351313000,電子部品 電子回路基板 リジッドプリント配線板 多層プリント配線板（4層） (26),0028000101,平成28年1月
4044,01030100,生産 金額 (百万円),351313000,電子部品 電子回路基板 リジッドプリント配線板 多層プリント配線板（4層） (26),0028000202,平成28年2月
4365,01030100,生産 金額 (百万円),351313000,電子部品 電子回路基板 リジッドプリント配線板 多層プリント配線板（4層） (26),0028000303,平成28年3月
3764,01030100,生産 金額 (百万円),351313000,電子部品 電子回路基板 リジッドプリント配線板 多層プリント配線板（4層） (26),0028000404,平成28年4月
3962,01030100,生産 金額 (百万円),351313000,電子部品 電子回路基板 リジッドプリント配線板 多層プリント配線板（4層） (26),0028000505,平成28年5月
4345,01030100,生産 金額 (百万円),351313000,電子部品 電子回路基板 リジッドプリント配線板 多層プリント配線板（4層） (26),0028000606,平成28年6月
4343,01030100,生産 金額 (百万円),351313000,電子部品 電子回路基板 リジッドプリント配線板 多層プリント配線板（4層） (26),0028000707,平成28年7月
4254,01030100,生産 金額 (百万円),351313000,電子部品 電子回路基板 リジッドプリント配線板 多層プリント配線板（4層） (26),0028000808,平成28年8月
4646,01030100,生産 金額 (百万円),351313000,電子部品 電子回路基板 リジッドプリント配線板 多層プリント配線板（4層） (26),0028000909,平成28年9月
4115,01030100,生産 金額 (百万円),351313000,電子部品 電子回路基板 リジッドプリント配線板 多層プリント配線板（4層） (26),0028001010,平成28年10月
4248,01030100,生産 金額 (百万円),351313000,電子部品 電子回路基板 リジッドプリント配線板 多層プリント配線板（4層） (26),0028001111,平成28年11月
4059,01030100,生産 金額 (百万円),351313000,電子部品 電子回路基板 リジッドプリント配線板 多層プリント配線板（4層） (26),0028001212,平成28年12月
79940,01030100,生産 金額 (百万円),351314000,電子部品 電子回路基板 リジッドプリント配線板 多層プリント配線板（6～8層） (27),0024000000,平成24年
65602,01030100,生産 金額 (百万円),351314000,電子部品 電子回路基板 リジッドプリント配線板 多層プリント配線板（6～8層） (27),0025000000,平成25年
62480,01030100,生産 金額 (百万円),351314000,電子部品 電子回路基板 リジッドプリント配線板 多層プリント配線板（6～8層） (27),0026000000,平成26年
63105,01030100,生産 金額 (百万円),351314000,電子部品 電子回路基板 リジッドプリント配線板 多層プリント配線板（6～8層） (27),0027000000,平成27年
60748,01030100,生産 金額 (百万円),351314000,電子部品 電子回路基板 リジッドプリント配線板 多層プリント配線板（6～8層） (27),0028000000,平成28年
61969,01030100,生産 金額 (百万円),351314000,電子部品 電子回路基板 リジッドプリント配線板 多層プリント配線板（6～8層） (27),0026010000,平成26年度
62254,01030100,生産 金額 (百万円),351314000,電子部品 電子回路基板 リジッドプリント配線板 多層プリント配線板（6～8層） (27),0027010000,平成27年度
15273,01030100,生産 金額 (百万円),351314000,電子部品 電子回路基板 リジッドプリント配線板 多層プリント配線板（6～8層） (27),0028000103,平成28年 1 ～ 3 月
14124,01030100,生産 金額 (百万円),351314000,電子部品 電子回路基板 リジッドプリント配線板 多層プリント配線板（6～8層） (27),0028000406,平成28年 4 ～ 6 月
15547,01030100,生産 金額 (百万円),351314000,電子部品 電子回路基板 リジッドプリント配線板 多層プリント配線板（6～8層） (27),0028000709,平成28年 7 ～ 9 月
15804,01030100,生産 金額 (百万円),351314000,電子部品 電子回路基板 リジッドプリント配線板 多層プリント配線板（6～8層） (27),0028001012,平成28年 10 ～ 12 月
4827,01030100,生産 金額 (百万円),351314000,電子部品 電子回路基板 リジッドプリント配線板 多層プリント配線板（6～8層） (27),0028000101,平成28年1月
4889,01030100,生産 金額 (百万円),351314000,電子部品 電子回路基板 リジッドプリント配線板 多層プリント配線板（6～8層） (27),0028000202,平成28年2月
5557,01030100,生産 金額 (百万円),351314000,電子部品 電子回路基板 リジッドプリント配線板 多層プリント配線板（6～8層） (27),0028000303,平成28年3月
4657,01030100,生産 金額 (百万円),351314000,電子部品 電子回路基板 リジッドプリント配線板 多層プリント配線板（6～8層） (27),0028000404,平成28年4月
4295,01030100,生産 金額 (百万円),351314000,電子部品 電子回路基板 リジッドプリント配線板 多層プリント配線板（6～8層） (27),0028000505,平成28年5月
5172,01030100,生産 金額 (百万円),351314000,電子部品 電子回路基板 リジッドプリント配線板 多層プリント配線板（6～8層） (27),0028000606,平成28年6月
5097,01030100,生産 金額 (百万円),351314000,電子部品 電子回路基板 リジッドプリント配線板 多層プリント配線板（6～8層） (27),0028000707,平成28年7月
4947,01030100,生産 金額 (百万円),351314000,電子部品 電子回路基板 リジッドプリント配線板 多層プリント配線板（6～8層） (27),0028000808,平成28年8月
5503,01030100,生産 金額 (百万円),351314000,電子部品 電子回路基板 リジッドプリント配線板 多層プリント配線板（6～8層） (27),0028000909,平成28年9月
5277,01030100,生産 金額 (百万円),351314000,電子部品 電子回路基板 リジッドプリント配線板 多層プリント配線板（6～8層） (27),0028001010,平成28年10月
5231,01030100,生産 金額 (百万円),351314000,電子部品 電子回路基板 リジッドプリント配線板 多層プリント配線板（6～8層） (27),0028001111,平成28年11月
5296,01030100,生産 金額 (百万円),351314000,電子部品 電子回路基板 リジッドプリント配線板 多層プリント配線板（6～8層） (27),0028001212,平成28年12月
25394,01030100,生産 金額 (百万円),351315000,電子部品 電子回路基板 リジッドプリント配線板 多層プリント配線板（10層以上） (28),0024000000,平成24年
24703,01030100,生産 金額 (百万円),351315000,電子部品 電子回路基板 リジッドプリント配線板 多層プリント配線板（10層以上） (28),0025000000,平成25年
18466,01030100,生産 金額 (百万円),351315000,電子部品 電子回路基板 リジッドプリント配線板 多層プリント配線板（10層以上） (28),0026000000,平成26年
18108,01030100,生産 金額 (百万円),351315000,電子部品 電子回路基板 リジッドプリント配線板 多層プリント配線板（10層以上） (28),0027000000,平成27年
17049,01030100,生産 金額 (百万円),351315000,電子部品 電子回路基板 リジッドプリント配線板 多層プリント配線板（10層以上） (28),0028000000,平成28年
18346,01030100,生産 金額 (百万円),351315000,電子部品 電子回路基板 リジッドプリント配線板 多層プリント配線板（10層以上） (28),0026010000,平成26年度
17376,01030100,生産 金額 (百万円),351315000,電子部品 電子回路基板 リジッドプリント配線板 多層プリント配線板（10層以上） (28),0027010000,平成27年度
3874,01030100,生産 金額 (百万円),351315000,電子部品 電子回路基板 リジッドプリント配線板 多層プリント配線板（10層以上） (28),0028000103,平成28年 1 ～ 3 月
4119,01030100,生産 金額 (百万円),351315000,電子部品 電子回路基板 リジッドプリント配線板 多層プリント配線板（10層以上） (28),0028000406,平成28年 4 ～ 6 月
4488,01030100,生産 金額 (百万円),351315000,電子部品 電子回路基板 リジッドプリント配線板 多層プリント配線板（10層以上） (28),0028000709,平成28年 7 ～ 9 月
4568,01030100,生産 金額 (百万円),351315000,電子部品 電子回路基板 リジッドプリント配線板 多層プリント配線板（10層以上） (28),0028001012,平成28年 10 ～ 12 月
1211,01030100,生産 金額 (百万円),351315000,電子部品 電子回路基板 リジッドプリント配線板 多層プリント配線板（10層以上） (28),0028000101,平成28年1月
1246,01030100,生産 金額 (百万円),351315000,電子部品 電子回路基板 リジッドプリント配線板 多層プリント配線板（10層以上） (28),0028000202,平成28年2月
1417,01030100,生産 金額 (百万円),351315000,電子部品 電子回路基板 リジッドプリント配線板 多層プリント配線板（10層以上） (28),0028000303,平成28年3月
1321,01030100,生産 金額 (百万円),351315000,電子部品 電子回路基板 リジッドプリント配線板 多層プリント配線板（10層以上） (28),0028000404,平成28年4月
1288,01030100,生産 金額 (百万円),351315000,電子部品 電子回路基板 リジッドプリント配線板 多層プリント配線板（10層以上） (28),0028000505,平成28年5月
1510,01030100,生産 金額 (百万円),351315000,電子部品 電子回路基板 リジッドプリント配線板 多層プリント配線板（10層以上） (28),0028000606,平成28年6月
1451,01030100,生産 金額 (百万円),351315000,電子部品 電子回路基板 リジッドプリント配線板 多層プリント配線板（10層以上） (28),0028000707,平成28年7月
1471,01030100,生産 金額 (百万円),351315000,電子部品 電子回路基板 リジッドプリント配線板 多層プリント配線板（10層以上） (28),0028000808,平成28年8月
1566,01030100,生産 金額 (百万円),351315000,電子部品 電子回路基板 リジッドプリント配線板 多層プリント配線板（10層以上） (28),0028000909,平成28年9月
1455,01030100,生産 金額 (百万円),351315000,電子部品 電子回路基板 リジッドプリント配線板 多層プリント配線板（10層以上） (28),0028001010,平成28年10月
1555,01030100,生産 金額 (百万円),351315000,電子部品 電子回路基板 リジッドプリント配線板 多層プリント配線板（10層以上） (28),0028001111,平成28年11月
1558,01030100,生産 金額 (百万円),351315000,電子部品 電子回路基板 リジッドプリント配線板 多層プリント配線板（10層以上） (28),0028001212,平成28年12月
121117,01030100,生産 金額 (百万円),351316000,電子部品 電子回路基板 リジッドプリント配線板 ビルドアップ多層配線板 (29),0024000000,平成24年
108049,01030100,生産 金額 (百万円),351316000,電子部品 電子回路基板 リジッドプリント配線板 ビルドアップ多層配線板 (29),0025000000,平成25年
96868,01030100,生産 金額 (百万円),351316000,電子部品 電子回路基板 リジッドプリント配線板 ビルドアップ多層配線板 (29),0026000000,平成26年
101006,01030100,生産 金額 (百万円),351316000,電子部品 電子回路基板 リジッドプリント配線板 ビルドアップ多層配線板 (29),0027000000,平成27年
94776,01030100,生産 金額 (百万円),351316000,電子部品 電子回路基板 リジッドプリント配線板 ビルドアップ多層配線板 (29),0028000000,平成28年
99263,01030100,生産 金額 (百万円),351316000,電子部品 電子回路基板 リジッドプリント配線板 ビルドアップ多層配線板 (29),0026010000,平成26年度
100690,01030100,生産 金額 (百万円),351316000,電子部品 電子回路基板 リジッドプリント配線板 ビルドアップ多層配線板 (29),0027010000,平成27年度
24685,01030100,生産 金額 (百万円),351316000,電子部品 電子回路基板 リジッドプリント配線板 ビルドアップ多層配線板 (29),0028000103,平成28年 1 ～ 3 月
23580,01030100,生産 金額 (百万円),351316000,電子部品 電子回路基板 リジッドプリント配線板 ビルドアップ多層配線板 (29),0028000406,平成28年 4 ～ 6 月
23848,01030100,生産 金額 (百万円),351316000,電子部品 電子回路基板 リジッドプリント配線板 ビルドアップ多層配線板 (29),0028000709,平成28年 7 ～ 9 月
22663,01030100,生産 金額 (百万円),351316000,電子部品 電子回路基板 リジッドプリント配線板 ビルドアップ多層配線板 (29),0028001012,平成28年 10 ～ 12 月
7491,01030100,生産 金額 (百万円),351316000,電子部品 電子回路基板 リジッドプリント配線板 ビルドアップ多層配線板 (29),0028000101,平成28年1月
8156,01030100,生産 金額 (百万円),351316000,電子部品 電子回路基板 リジッドプリント配線板 ビルドアップ多層配線板 (29),0028000202,平成28年2月
9038,01030100,生産 金額 (百万円),351316000,電子部品 電子回路基板 リジッドプリント配線板 ビルドアップ多層配線板 (29),0028000303,平成28年3月
8240,01030100,生産 金額 (百万円),351316000,電子部品 電子回路基板 リジッドプリント配線板 ビルドアップ多層配線板 (29),0028000404,平成28年4月
6629,01030100,生産 金額 (百万円),351316000,電子部品 電子回路基板 リジッドプリント配線板 ビルドアップ多層配線板 (29),0028000505,平成28年5月
8711,01030100,生産 金額 (百万円),351316000,電子部品 電子回路基板 リジッドプリント配線板 ビルドアップ多層配線板 (29),0028000606,平成28年6月
8432,01030100,生産 金額 (百万円),351316000,電子部品 電子回路基板 リジッドプリント配線板 ビルドアップ多層配線板 (29),0028000707,平成28年7月
6977,01030100,生産 金額 (百万円),351316000,電子部品 電子回路基板 リジッドプリント配線板 ビルドアップ多層配線板 (29),0028000808,平成28年8月
8439,01030100,生産 金額 (百万円),351316000,電子部品 電子回路基板 リジッドプリント配線板 ビルドアップ多層配線板 (29),0028000909,平成28年9月
8199,01030100,生産 金額 (百万円),351316000,電子部品 電子回路基板 リジッドプリント配線板 ビルドアップ多層配線板 (29),0028001010,平成28年10月
7551,01030100,生産 金額 (百万円),351316000,電子部品 電子回路基板 リジッドプリント配線板 ビルドアップ多層配線板 (29),0028001111,平成28年11月
6913,01030100,生産 金額 (百万円),351316000,電子部品 電子回路基板 リジッドプリント配線板 ビルドアップ多層配線板 (29),0028001212,平成28年12月
81466,01030100,生産 金額 (百万円),351320000,電子部品 電子回路基板 フレキシブルプリント配線板 (30～31),0024000000,平成24年
60556,01030100,生産 金額 (百万円),351320000,電子部品 電子回路基板 フレキシブルプリント配線板 (30～31),0025000000,平成25年
58744,01030100,生産 金額 (百万円),351320000,電子部品 電子回路基板 フレキシブルプリント配線板 (30～31),0026000000,平成26年
73828,01030100,生産 金額 (百万円),351320000,電子部品 電子回路基板 フレキシブルプリント配線板 (30～31),0027000000,平成27年
58851,01030100,生産 金額 (百万円),351320000,電子部品 電子回路基板 フレキシブルプリント配線板 (30～31),0028000000,平成28年
62091,01030100,生産 金額 (百万円),351320000,電子部品 電子回路基板 フレキシブルプリント配線板 (30～31),0026010000,平成26年度
70525,01030100,生産 金額 (百万円),351320000,電子部品 電子回路基板 フレキシブルプリント配線板 (30～31),0027010000,平成27年度
12693,01030100,生産 金額 (百万円),351320000,電子部品 電子回路基板 フレキシブルプリント配線板 (30～31),0028000103,平成28年 1 ～ 3 月
12034,01030100,生産 金額 (百万円),351320000,電子部品 電子回路基板 フレキシブルプリント配線板 (30～31),0028000406,平成28年 4 ～ 6 月
17579,01030100,生産 金額 (百万円),351320000,電子部品 電子回路基板 フレキシブルプリント配線板 (30～31),0028000709,平成28年 7 ～ 9 月
16545,01030100,生産 金額 (百万円),351320000,電子部品 電子回路基板 フレキシブルプリント配線板 (30～31),0028001012,平成28年 10 ～ 12 月
4308,01030100,生産 金額 (百万円),351320000,電子部品 電子回路基板 フレキシブルプリント配線板 (30～31),0028000101,平成28年1月
4879,01030100,生産 金額 (百万円),351320000,電子部品 電子回路基板 フレキシブルプリント配線板 (30～31),0028000202,平成28年2月
3506,01030100,生産 金額 (百万円),351320000,電子部品 電子回路基板 フレキシブルプリント配線板 (30～31),0028000303,平成28年3月
4101,01030100,生産 金額 (百万円),351320000,電子部品 電子回路基板 フレキシブルプリント配線板 (30～31),0028000404,平成28年4月
3813,01030100,生産 金額 (百万円),351320000,電子部品 電子回路基板 フレキシブルプリント配線板 (30～31),0028000505,平成28年5月
4120,01030100,生産 金額 (百万円),351320000,電子部品 電子回路基板 フレキシブルプリント配線板 (30～31),0028000606,平成28年6月
5003,01030100,生産 金額 (百万円),351320000,電子部品 電子回路基板 フレキシブルプリント配線板 (30～31),0028000707,平成28年7月
6616,01030100,生産 金額 (百万円),351320000,電子部品 電子回路基板 フレキシブルプリント配線板 (30～31),0028000808,平成28年8月
5960,01030100,生産 金額 (百万円),351320000,電子部品 電子回路基板 フレキシブルプリント配線板 (30～31),0028000909,平成28年9月
6095,01030100,生産 金額 (百万円),351320000,電子部品 電子回路基板 フレキシブルプリント配線板 (30～31),0028001010,平成28年10月
5582,01030100,生産 金額 (百万円),351320000,電子部品 電子回路基板 フレキシブルプリント配線板 (30～31),0028001111,平成28年11月
4868,01030100,生産 金額 (百万円),351320000,電子部品 電子回路基板 フレキシブルプリント配線板 (30～31),0028001212,平成28年12月
13133,01030100,生産 金額 (百万円),351321000,電子部品 電子回路基板 フレキシブルプリント配線板 片面フレキシブル配線板 (30),0024000000,平成24年
9687,01030100,生産 金額 (百万円),351321000,電子部品 電子回路基板 フレキシブルプリント配線板 片面フレキシブル配線板 (30),0025000000,平成25年
9907,01030100,生産 金額 (百万円),351321000,電子部品 電子回路基板 フレキシブルプリント配線板 片面フレキシブル配線板 (30),0026000000,平成26年
17483,01030100,生産 金額 (百万円),351321000,電子部品 電子回路基板 フレキシブルプリント配線板 片面フレキシブル配線板 (30),0027000000,平成27年
14528,01030100,生産 金額 (百万円),351321000,電子部品 電子回路基板 フレキシブルプリント配線板 片面フレキシブル配線板 (30),0028000000,平成28年
9714,01030100,生産 金額 (百万円),351321000,電子部品 電子回路基板 フレキシブルプリント配線板 片面フレキシブル配線板 (30),0026010000,平成26年度
19262,01030100,生産 金額 (百万円),351321000,電子部品 電子回路基板 フレキシブルプリント配線板 片面フレキシブル配線板 (30),0027010000,平成27年度
3958,01030100,生産 金額 (百万円),351321000,電子部品 電子回路基板 フレキシブルプリント配線板 片面フレキシブル配線板 (30),0028000103,平成28年 1 ～ 3 月
3823,01030100,生産 金額 (百万円),351321000,電子部品 電子回路基板 フレキシブルプリント配線板 片面フレキシブル配線板 (30),0028000406,平成28年 4 ～ 6 月
3346,01030100,生産 金額 (百万円),351321000,電子部品 電子回路基板 フレキシブルプリント配線板 片面フレキシブル配線板 (30),0028000709,平成28年 7 ～ 9 月
3401,01030100,生産 金額 (百万円),351321000,電子部品 電子回路基板 フレキシブルプリント配線板 片面フレキシブル配線板 (30),0028001012,平成28年 10 ～ 12 月
1295,01030100,生産 金額 (百万円),351321000,電子部品 電子回路基板 フレキシブルプリント配線板 片面フレキシブル配線板 (30),0028000101,平成28年1月
1544,01030100,生産 金額 (百万円),351321000,電子部品 電子回路基板 フレキシブルプリント配線板 片面フレキシブル配線板 (30),0028000202,平成28年2月
1119,01030100,生産 金額 (百万円),351321000,電子部品 電子回路基板 フレキシブルプリント配線板 片面フレキシブル配線板 (30),0028000303,平成28年3月
1080,01030100,生産 金額 (百万円),351321000,電子部品 電子回路基板 フレキシブルプリント配線板 片面フレキシブル配線板 (30),0028000404,平成28年4月
1177,01030100,生産 金額 (百万円),351321000,電子部品 電子回路基板 フレキシブルプリント配線板 片面フレキシブル配線板 (30),0028000505,平成28年5月
1566,01030100,生産 金額 (百万円),351321000,電子部品 電子回路基板 フレキシブルプリント配線板 片面フレキシブル配線板 (30),0028000606,平成28年6月
1192,01030100,生産 金額 (百万円),351321000,電子部品 電子回路基板 フレキシブルプリント配線板 片面フレキシブル配線板 (30),0028000707,平成28年7月
1021,01030100,生産 金額 (百万円),351321000,電子部品 電子回路基板 フレキシブルプリント配線板 片面フレキシブル配線板 (30),0028000808,平成28年8月
1133,01030100,生産 金額 (百万円),351321000,電子部品 電子回路基板 フレキシブルプリント配線板 片面フレキシブル配線板 (30),0028000909,平成28年9月
1213,01030100,生産 金額 (百万円),351321000,電子部品 電子回路基板 フレキシブルプリント配線板 片面フレキシブル配線板 (30),0028001010,平成28年10月
1216,01030100,生産 金額 (百万円),351321000,電子部品 電子回路基板 フレキシブルプリント配線板 片面フレキシブル配線板 (30),0028001111,平成28年11月
972,01030100,生産 金額 (百万円),351321000,電子部品 電子回路基板 フレキシブルプリント配線板 片面フレキシブル配線板 (30),0028001212,平成28年12月
68333,01030100,生産 金額 (百万円),351322000,電子部品 電子回路基板 フレキシブルプリント配線板 両面・多層フレキシブル配線板 (31),0024000000,平成24年
50869,01030100,生産 金額 (百万円),351322000,電子部品 電子回路基板 フレキシブルプリント配線板 両面・多層フレキシブル配線板 (31),0025000000,平成25年
48837,01030100,生産 金額 (百万円),351322000,電子部品 電子回路基板 フレキシブルプリント配線板 両面・多層フレキシブル配線板 (31),0026000000,平成26年
56345,01030100,生産 金額 (百万円),351322000,電子部品 電子回路基板 フレキシブルプリント配線板 両面・多層フレキシブル配線板 (31),0027000000,平成27年
44323,01030100,生産 金額 (百万円),351322000,電子部品 電子回路基板 フレキシブルプリント配線板 両面・多層フレキシブル配線板 (31),0028000000,平成28年
52377,01030100,生産 金額 (百万円),351322000,電子部品 電子回路基板 フレキシブルプリント配線板 両面・多層フレキシブル配線板 (31),0026010000,平成26年度
51263,01030100,生産 金額 (百万円),351322000,電子部品 電子回路基板 フレキシブルプリント配線板 両面・多層フレキシブル配線板 (31),0027010000,平成27年度
8735,01030100,生産 金額 (百万円),351322000,電子部品 電子回路基板 フレキシブルプリント配線板 両面・多層フレキシブル配線板 (31),0028000103,平成28年 1 ～ 3 月
8211,01030100,生産 金額 (百万円),351322000,電子部品 電子回路基板 フレキシブルプリント配線板 両面・多層フレキシブル配線板 (31),0028000406,平成28年 4 ～ 6 月
14233,01030100,生産 金額 (百万円),351322000,電子部品 電子回路基板 フレキシブルプリント配線板 両面・多層フレキシブル配線板 (31),0028000709,平成28年 7 ～ 9 月
13144,01030100,生産 金額 (百万円),351322000,電子部品 電子回路基板 フレキシブルプリント配線板 両面・多層フレキシブル配線板 (31),0028001012,平成28年 10 ～ 12 月
3013,01030100,生産 金額 (百万円),351322000,電子部品 電子回路基板 フレキシブルプリント配線板 両面・多層フレキシブル配線板 (31),0028000101,平成28年1月
3335,01030100,生産 金額 (百万円),351322000,電子部品 電子回路基板 フレキシブルプリント配線板 両面・多層フレキシブル配線板 (31),0028000202,平成28年2月
2387,01030100,生産 金額 (百万円),351322000,電子部品 電子回路基板 フレキシブルプリント配線板 両面・多層フレキシブル配線板 (31),0028000303,平成28年3月
3021,01030100,生産 金額 (百万円),351322000,電子部品 電子回路基板 フレキシブルプリント配線板 両面・多層フレキシブル配線板 (31),0028000404,平成28年4月
2636,01030100,生産 金額 (百万円),351322000,電子部品 電子回路基板 フレキシブルプリント配線板 両面・多層フレキシブル配線板 (31),0028000505,平成28年5月
2554,01030100,生産 金額 (百万円),351322000,電子部品 電子回路基板 フレキシブルプリント配線板 両面・多層フレキシブル配線板 (31),0028000606,平成28年6月
3811,01030100,生産 金額 (百万円),351322000,電子部品 電子回路基板 フレキシブルプリント配線板 両面・多層フレキシブル配線板 (31),0028000707,平成28年7月
5595,01030100,生産 金額 (百万円),351322000,電子部品 電子回路基板 フレキシブルプリント配線板 両面・多層フレキシブル配線板 (31),0028000808,平成28年8月
4827,01030100,生産 金額 (百万円),351322000,電子部品 電子回路基板 フレキシブルプリント配線板 両面・多層フレキシブル配線板 (31),0028000909,平成28年9月
4882,01030100,生産 金額 (百万円),351322000,電子部品 電子回路基板 フレキシブルプリント配線板 両面・多層フレキシブル配線板 (31),0028001010,平成28年10月
4366,01030100,生産 金額 (百万円),351322000,電子部品 電子回路基板 フレキシブルプリント配線板 両面・多層フレキシブル配線板 (31),0028001111,平成28年11月
3896,01030100,生産 金額 (百万円),351322000,電子部品 電子回路基板 フレキシブルプリント配線板 両面・多層フレキシブル配線板 (31),0028001212,平成28年12月
132033,01030100,生産 金額 (百万円),351330000,電子部品 電子回路基板 モジュール基板 (32～33),0024000000,平成24年
104442,01030100,生産 金額 (百万円),351330000,電子部品 電子回路基板 モジュール基板 (32～33),0025000000,平成25年
108331,01030100,生産 金額 (百万円),351330000,電子部品 電子回路基板 モジュール基板 (32～33),0026000000,平成26年
128070,01030100,生産 金額 (百万円),351330000,電子部品 電子回路基板 モジュール基板 (32～33),0027000000,平成27年
103763,01030100,生産 金額 (百万円),351330000,電子部品 電子回路基板 モジュール基板 (32～33),0028000000,平成28年
114687,01030100,生産 金額 (百万円),351330000,電子部品 電子回路基板 モジュール基板 (32～33),0026010000,平成26年度
127977,01030100,生産 金額 (百万円),351330000,電子部品 電子回路基板 モジュール基板 (32～33),0027010000,平成27年度
29491,01030100,生産 金額 (百万円),351330000,電子部品 電子回路基板 モジュール基板 (32～33),0028000103,平成28年 1 ～ 3 月
25839,01030100,生産 金額 (百万円),351330000,電子部品 電子回路基板 モジュール基板 (32～33),0028000406,平成28年 4 ～ 6 月
25737,01030100,生産 金額 (百万円),351330000,電子部品 電子回路基板 モジュール基板 (32～33),0028000709,平成28年 7 ～ 9 月
22696,01030100,生産 金額 (百万円),351330000,電子部品 電子回路基板 モジュール基板 (32～33),0028001012,平成28年 10 ～ 12 月
10038,01030100,生産 金額 (百万円),351330000,電子部品 電子回路基板 モジュール基板 (32～33),0028000101,平成28年1月
9620,01030100,生産 金額 (百万円),351330000,電子部品 電子回路基板 モジュール基板 (32～33),0028000202,平成28年2月
9833,01030100,生産 金額 (百万円),351330000,電子部品 電子回路基板 モジュール基板 (32～33),0028000303,平成28年3月
9077,01030100,生産 金額 (百万円),351330000,電子部品 電子回路基板 モジュール基板 (32～33),0028000404,平成28年4月
8203,01030100,生産 金額 (百万円),351330000,電子部品 電子回路基板 モジュール基板 (32～33),0028000505,平成28年5月
8559,01030100,生産 金額 (百万円),351330000,電子部品 電子回路基板 モジュール基板 (32～33),0028000606,平成28年6月
8594,01030100,生産 金額 (百万円),351330000,電子部品 電子回路基板 モジュール基板 (32～33),0028000707,平成28年7月
8882,01030100,生産 金額 (百万円),351330000,電子部品 電子回路基板 モジュール基板 (32～33),0028000808,平成28年8月
8261,01030100,生産 金額 (百万円),351330000,電子部品 電子回路基板 モジュール基板 (32～33),0028000909,平成28年9月
7621,01030100,生産 金額 (百万円),351330000,電子部品 電子回路基板 モジュール基板 (32～33),0028001010,平成28年10月
7644,01030100,生産 金額 (百万円),351330000,電子部品 電子回路基板 モジュール基板 (32～33),0028001111,平成28年11月
7431,01030100,生産 金額 (百万円),351330000,電子部品 電子回路基板 モジュール基板 (32～33),0028001212,平成28年12月
123445,01030100,生産 金額 (百万円),351331000,電子部品 電子回路基板 モジュール基板 リジッド系モジュール基板 (32),0024000000,平成24年
100942,01030100,生産 金額 (百万円),351331000,電子部品 電子回路基板 モジュール基板 リジッド系モジュール基板 (32),0025000000,平成25年
105471,01030100,生産 金額 (百万円),351331000,電子部品 電子回路基板 モジュール基板 リジッド系モジュール基板 (32),0026000000,平成26年
124089,01030100,生産 金額 (百万円),351331000,電子部品 電子回路基板 モジュール基板 リジッド系モジュール基板 (32),0027000000,平成27年
99266,01030100,生産 金額 (百万円),351331000,電子部品 電子回路基板 モジュール基板 リジッド系モジュール基板 (32),0028000000,平成28年
111501,01030100,生産 金額 (百万円),351331000,電子部品 電子回路基板 モジュール基板 リジッド系モジュール基板 (32),0026010000,平成26年度
124194,01030100,生産 金額 (百万円),351331000,電子部品 電子回路基板 モジュール基板 リジッド系モジュール基板 (32),0027010000,平成27年度
28640,01030100,生産 金額 (百万円),351331000,電子部品 電子回路基板 モジュール基板 リジッド系モジュール基板 (32),0028000103,平成28年 1 ～ 3 月
24726,01030100,生産 金額 (百万円),351331000,電子部品 電子回路基板 モジュール基板 リジッド系モジュール基板 (32),0028000406,平成28年 4 ～ 6 月
24468,01030100,生産 金額 (百万円),351331000,電子部品 電子回路基板 モジュール基板 リジッド系モジュール基板 (32),0028000709,平成28年 7 ～ 9 月
21432,01030100,生産 金額 (百万円),351331000,電子部品 電子回路基板 モジュール基板 リジッド系モジュール基板 (32),0028001012,平成28年 10 ～ 12 月
9752,01030100,生産 金額 (百万円),351331000,電子部品 電子回路基板 モジュール基板 リジッド系モジュール基板 (32),0028000101,平成28年1月
9330,01030100,生産 金額 (百万円),351331000,電子部品 電子回路基板 モジュール基板 リジッド系モジュール基板 (32),0028000202,平成28年2月
9558,01030100,生産 金額 (百万円),351331000,電子部品 電子回路基板 モジュール基板 リジッド系モジュール基板 (32),0028000303,平成28年3月
8742,01030100,生産 金額 (百万円),351331000,電子部品 電子回路基板 モジュール基板 リジッド系モジュール基板 (32),0028000404,平成28年4月
7834,01030100,生産 金額 (百万円),351331000,電子部品 電子回路基板 モジュール基板 リジッド系モジュール基板 (32),0028000505,平成28年5月
8150,01030100,生産 金額 (百万円),351331000,電子部品 電子回路基板 モジュール基板 リジッド系モジュール基板 (32),0028000606,平成28年6月
8248,01030100,生産 金額 (百万円),351331000,電子部品 電子回路基板 モジュール基板 リジッド系モジュール基板 (32),0028000707,平成28年7月
8439,01030100,生産 金額 (百万円),351331000,電子部品 電子回路基板 モジュール基板 リジッド系モジュール基板 (32),0028000808,平成28年8月
7781,01030100,生産 金額 (百万円),351331000,電子部品 電子回路基板 モジュール基板 リジッド系モジュール基板 (32),0028000909,平成28年9月
7218,01030100,生産 金額 (百万円),351331000,電子部品 電子回路基板 モジュール基板 リジッド系モジュール基板 (32),0028001010,平成28年10月
7209,01030100,生産 金額 (百万円),351331000,電子部品 電子回路基板 モジュール基板 リジッド系モジュール基板 (32),0028001111,平成28年11月
7005,01030100,生産 金額 (百万円),351331000,電子部品 電子回路基板 モジュール基板 リジッド系モジュール基板 (32),0028001212,平成28年12月
8588,01030100,生産 金額 (百万円),351332000,電子部品 電子回路基板 モジュール基板 その他のモジュール基板 (33),0024000000,平成24年
3500,01030100,生産 金額 (百万円),351332000,電子部品 電子回路基板 モジュール基板 その他のモジュール基板 (33),0025000000,平成25年
2860,01030100,生産 金額 (百万円),351332000,電子部品 電子回路基板 モジュール基板 その他のモジュール基板 (33),0026000000,平成26年
3981,01030100,生産 金額 (百万円),351332000,電子部品 電子回路基板 モジュール基板 その他のモジュール基板 (33),0027000000,平成27年
4497,01030100,生産 金額 (百万円),351332000,電子部品 電子回路基板 モジュール基板 その他のモジュール基板 (33),0028000000,平成28年
3186,01030100,生産 金額 (百万円),351332000,電子部品 電子回路基板 モジュール基板 その他のモジュール基板 (33),0026010000,平成26年度
3783,01030100,生産 金額 (百万円),351332000,電子部品 電子回路基板 モジュール基板 その他のモジュール基板 (33),0027010000,平成27年度
851,01030100,生産 金額 (百万円),351332000,電子部品 電子回路基板 モジュール基板 その他のモジュール基板 (33),0028000103,平成28年 1 ～ 3 月
1113,01030100,生産 金額 (百万円),351332000,電子部品 電子回路基板 モジュール基板 その他のモジュール基板 (33),0028000406,平成28年 4 ～ 6 月
1269,01030100,生産 金額 (百万円),351332000,電子部品 電子回路基板 モジュール基板 その他のモジュール基板 (33),0028000709,平成28年 7 ～ 9 月
1264,01030100,生産 金額 (百万円),351332000,電子部品 電子回路基板 モジュール基板 その他のモジュール基板 (33),0028001012,平成28年 10 ～ 12 月
286,01030100,生産 金額 (百万円),351332000,電子部品 電子回路基板 モジュール基板 その他のモジュール基板 (33),0028000101,平成28年1月
290,01030100,生産 金額 (百万円),351332000,電子部品 電子回路基板 モジュール基板 その他のモジュール基板 (33),0028000202,平成28年2月
275,01030100,生産 金額 (百万円),351332000,電子部品 電子回路基板 モジュール基板 その他のモジュール基板 (33),0028000303,平成28年3月
335,01030100,生産 金額 (百万円),351332000,電子部品 電子回路基板 モジュール基板 その他のモジュール基板 (33),0028000404,平成28年4月
369,01030100,生産 金額 (百万円),351332000,電子部品 電子回路基板 モジュール基板 その他のモジュール基板 (33),0028000505,平成28年5月
409,01030100,生産 金額 (百万円),351332000,電子部品 電子回路基板 モジュール基板 その他のモジュール基板 (33),0028000606,平成28年6月
346,01030100,生産 金額 (百万円),351332000,電子部品 電子回路基板 モジュール基板 その他のモジュール基板 (33),0028000707,平成28年7月
443,01030100,生産 金額 (百万円),351332000,電子部品 電子回路基板 モジュール基板 その他のモジュール基板 (33),0028000808,平成28年8月
480,01030100,生産 金額 (百万円),351332000,電子部品 電子回路基板 モジュール基板 その他のモジュール基板 (33),0028000909,平成28年9月
403,01030100,生産 金額 (百万円),351332000,電子部品 電子回路基板 モジュール基板 その他のモジュール基板 (33),0028001010,平成28年10月
435,01030100,生産 金額 (百万円),351332000,電子部品 電子回路基板 モジュール基板 その他のモジュール基板 (33),0028001111,平成28年11月
426,01030100,生産 金額 (百万円),351332000,電子部品 電子回路基板 モジュール基板 その他のモジュール基板 (33),0028001212,平成28年12月
113059,01030100,生産 金額 (百万円),351400000,電子部品 電子回路実装基板 (34～35),0024000000,平成24年
107307,01030100,生産 金額 (百万円),351400000,電子部品 電子回路実装基板 (34～35),0025000000,平成25年
113047,01030100,生産 金額 (百万円),351400000,電子部品 電子回路実装基板 (34～35),0026000000,平成26年
131096,01030100,生産 金額 (百万円),351400000,電子部品 電子回路実装基板 (34～35),0027000000,平成27年
129550,01030100,生産 金額 (百万円),351400000,電子部品 電子回路実装基板 (34～35),0028000000,平成28年
117389,01030100,生産 金額 (百万円),351400000,電子部品 電子回路実装基板 (34～35),0026010000,平成26年度
130789,01030100,生産 金額 (百万円),351400000,電子部品 電子回路実装基板 (34～35),0027010000,平成27年度
32094,01030100,生産 金額 (百万円),351400000,電子部品 電子回路実装基板 (34～35),0028000103,平成28年 1 ～ 3 月
31154,01030100,生産 金額 (百万円),351400000,電子部品 電子回路実装基板 (34～35),0028000406,平成28年 4 ～ 6 月
31530,01030100,生産 金額 (百万円),351400000,電子部品 電子回路実装基板 (34～35),0028000709,平成28年 7 ～ 9 月
34772,01030100,生産 金額 (百万円),351400000,電子部品 電子回路実装基板 (34～35),0028001012,平成28年 10 ～ 12 月
10368,01030100,生産 金額 (百万円),351400000,電子部品 電子回路実装基板 (34～35),0028000101,平成28年1月
10430,01030100,生産 金額 (百万円),351400000,電子部品 電子回路実装基板 (34～35),0028000202,平成28年2月
11296,01030100,生産 金額 (百万円),351400000,電子部品 電子回路実装基板 (34～35),0028000303,平成28年3月
10777,01030100,生産 金額 (百万円),351400000,電子部品 電子回路実装基板 (34～35),0028000404,平成28年4月
9529,01030100,生産 金額 (百万円),351400000,電子部品 電子回路実装基板 (34～35),0028000505,平成28年5月
10848,01030100,生産 金額 (百万円),351400000,電子部品 電子回路実装基板 (34～35),0028000606,平成28年6月
10594,01030100,生産 金額 (百万円),351400000,電子部品 電子回路実装基板 (34～35),0028000707,平成28年7月
10018,01030100,生産 金額 (百万円),351400000,電子部品 電子回路実装基板 (34～35),0028000808,平成28年8月
10918,01030100,生産 金額 (百万円),351400000,電子部品 電子回路実装基板 (34～35),0028000909,平成28年9月
11441,01030100,生産 金額 (百万円),351400000,電子部品 電子回路実装基板 (34～35),0028001010,平成28年10月
11816,01030100,生産 金額 (百万円),351400000,電子部品 電子回路実装基板 (34～35),0028001111,平成28年11月
11515,01030100,生産 金額 (百万円),351400000,電子部品 電子回路実装基板 (34～35),0028001212,平成28年12月
88776,01030100,生産 金額 (百万円),351410000,電子部品 電子回路実装基板 プリント配線実装基板 (34),0024000000,平成24年
83328,01030100,生産 金額 (百万円),351410000,電子部品 電子回路実装基板 プリント配線実装基板 (34),0025000000,平成25年
88952,01030100,生産 金額 (百万円),351410000,電子部品 電子回路実装基板 プリント配線実装基板 (34),0026000000,平成26年
107986,01030100,生産 金額 (百万円),351410000,電子部品 電子回路実装基板 プリント配線実装基板 (34),0027000000,平成27年
105693,01030100,生産 金額 (百万円),351410000,電子部品 電子回路実装基板 プリント配線実装基板 (34),0028000000,平成28年
93861,01030100,生産 金額 (百万円),351410000,電子部品 電子回路実装基板 プリント配線実装基板 (34),0026010000,平成26年度
107244,01030100,生産 金額 (百万円),351410000,電子部品 電子回路実装基板 プリント配線実装基板 (34),0027010000,平成27年度
25937,01030100,生産 金額 (百万円),351410000,電子部品 電子回路実装基板 プリント配線実装基板 (34),0028000103,平成28年 1 ～ 3 月
25372,01030100,生産 金額 (百万円),351410000,電子部品 電子回路実装基板 プリント配線実装基板 (34),0028000406,平成28年 4 ～ 6 月
25936,01030100,生産 金額 (百万円),351410000,電子部品 電子回路実装基板 プリント配線実装基板 (34),0028000709,平成28年 7 ～ 9 月
28448,01030100,生産 金額 (百万円),351410000,電子部品 電子回路実装基板 プリント配線実装基板 (34),0028001012,平成28年 10 ～ 12 月
8413,01030100,生産 金額 (百万円),351410000,電子部品 電子回路実装基板 プリント配線実装基板 (34),0028000101,平成28年1月
8249,01030100,生産 金額 (百万円),351410000,電子部品 電子回路実装基板 プリント配線実装基板 (34),0028000202,平成28年2月
9275,01030100,生産 金額 (百万円),351410000,電子部品 電子回路実装基板 プリント配線実装基板 (34),0028000303,平成28年3月
8751,01030100,生産 金額 (百万円),351410000,電子部品 電子回路実装基板 プリント配線実装基板 (34),0028000404,平成28年4月
7754,01030100,生産 金額 (百万円),351410000,電子部品 電子回路実装基板 プリント配線実装基板 (34),0028000505,平成28年5月
8867,01030100,生産 金額 (百万円),351410000,電子部品 電子回路実装基板 プリント配線実装基板 (34),0028000606,平成28年6月
8663,01030100,生産 金額 (百万円),351410000,電子部品 電子回路実装基板 プリント配線実装基板 (34),0028000707,平成28年7月
8227,01030100,生産 金額 (百万円),351410000,電子部品 電子回路実装基板 プリント配線実装基板 (34),0028000808,平成28年8月
9046,01030100,生産 金額 (百万円),351410000,電子部品 電子回路実装基板 プリント配線実装基板 (34),0028000909,平成28年9月
9342,01030100,生産 金額 (百万円),351410000,電子部品 電子回路実装基板 プリント配線実装基板 (34),0028001010,平成28年10月
9604,01030100,生産 金額 (百万円),351410000,電子部品 電子回路実装基板 プリント配線実装基板 (34),0028001111,平成28年11月
9502,01030100,生産 金額 (百万円),351410000,電子部品 電子回路実装基板 プリント配線実装基板 (34),0028001212,平成28年12月
24283,01030100,生産 金額 (百万円),351420000,電子部品 電子回路実装基板 モジュール実装基板 (35),0024000000,平成24年
23979,01030100,生産 金額 (百万円),351420000,電子部品 電子回路実装基板 モジュール実装基板 (35),0025000000,平成25年
24095,01030100,生産 金額 (百万円),351420000,電子部品 電子回路実装基板 モジュール実装基板 (35),0026000000,平成26年
23110,01030100,生産 金額 (百万円),351420000,電子部品 電子回路実装基板 モジュール実装基板 (35),0027000000,平成27年
23857,01030100,生産 金額 (百万円),351420000,電子部品 電子回路実装基板 モジュール実装基板 (35),0028000000,平成28年
23528,01030100,生産 金額 (百万円),351420000,電子部品 電子回路実装基板 モジュール実装基板 (35),0026010000,平成26年度
23545,01030100,生産 金額 (百万円),351420000,電子部品 電子回路実装基板 モジュール実装基板 (35),0027010000,平成27年度
6157,01030100,生産 金額 (百万円),351420000,電子部品 電子回路実装基板 モジュール実装基板 (35),0028000103,平成28年 1 ～ 3 月
5782,01030100,生産 金額 (百万円),351420000,電子部品 電子回路実装基板 モジュール実装基板 (35),0028000406,平成28年 4 ～ 6 月
5594,01030100,生産 金額 (百万円),351420000,電子部品 電子回路実装基板 モジュール実装基板 (35),0028000709,平成28年 7 ～ 9 月
6324,01030100,生産 金額 (百万円),351420000,電子部品 電子回路実装基板 モジュール実装基板 (35),0028001012,平成28年 10 ～ 12 月
1955,01030100,生産 金額 (百万円),351420000,電子部品 電子回路実装基板 モジュール実装基板 (35),0028000101,平成28年1月
2181,01030100,生産 金額 (百万円),351420000,電子部品 電子回路実装基板 モジュール実装基板 (35),0028000202,平成28年2月
2021,01030100,生産 金額 (百万円),351420000,電子部品 電子回路実装基板 モジュール実装基板 (35),0028000303,平成28年3月
2026,01030100,生産 金額 (百万円),351420000,電子部品 電子回路実装基板 モジュール実装基板 (35),0028000404,平成28年4月
1775,01030100,生産 金額 (百万円),351420000,電子部品 電子回路実装基板 モジュール実装基板 (35),0028000505,平成28年5月
1981,01030100,生産 金額 (百万円),351420000,電子部品 電子回路実装基板 モジュール実装基板 (35),0028000606,平成28年6月
1931,01030100,生産 金額 (百万円),351420000,電子部品 電子回路実装基板 モジュール実装基板 (35),0028000707,平成28年7月
1791,01030100,生産 金額 (百万円),351420000,電子部品 電子回路実装基板 モジュール実装基板 (35),0028000808,平成28年8月
1872,01030100,生産 金額 (百万円),351420000,電子部品 電子回路実装基板 モジュール実装基板 (35),0028000909,平成28年9月
2099,01030100,生産 金額 (百万円),351420000,電子部品 電子回路実装基板 モジュール実装基板 (35),0028001010,平成28年10月
2212,01030100,生産 金額 (百万円),351420000,電子部品 電子回路実装基板 モジュール実装基板 (35),0028001111,平成28年11月
2013,01030100,生産 金額 (百万円),351420000,電子部品 電子回路実装基板 モジュール実装基板 (35),0028001212,平成28年12月
7264,01030100,生産 金額 (百万円),351500000,電子部品 変換部品 (36～37),0024000000,平成24年
13278,01030100,生産 金額 (百万円),351500000,電子部品 変換部品 (36～37),0025000000,平成25年
13648,01030100,生産 金額 (百万円),351500000,電子部品 変換部品 (36～37),0026000000,平成26年
14819,01030100,生産 金額 (百万円),351500000,電子部品 変換部品 (36～37),0027000000,平成27年
X,01030100,生産 金額 (百万円),351500000,電子部品 変換部品 (36～37),0028000000,平成28年
13883,01030100,生産 金額 (百万円),351500000,電子部品 変換部品 (36～37),0026010000,平成26年度
X,01030100,生産 金額 (百万円),351500000,電子部品 変換部品 (36～37),0027010000,平成27年度
X,01030100,生産 金額 (百万円),351500000,電子部品 変換部品 (36～37),0028000103,平成28年 1 ～ 3 月
X,01030100,生産 金額 (百万円),351500000,電子部品 変換部品 (36～37),0028000406,平成28年 4 ～ 6 月
X,01030100,生産 金額 (百万円),351500000,電子部品 変換部品 (36～37),0028000709,平成28年 7 ～ 9 月
X,01030100,生産 金額 (百万円),351500000,電子部品 変換部品 (36～37),0028001012,平成28年 10 ～ 12 月
X,01030100,生産 金額 (百万円),351500000,電子部品 変換部品 (36～37),0028000101,平成28年1月
X,01030100,生産 金額 (百万円),351500000,電子部品 変換部品 (36～37),0028000202,平成28年2月
X,01030100,生産 金額 (百万円),351500000,電子部品 変換部品 (36～37),0028000303,平成28年3月
X,01030100,生産 金額 (百万円),351500000,電子部品 変換部品 (36～37),0028000404,平成28年4月
X,01030100,生産 金額 (百万円),351500000,電子部品 変換部品 (36～37),0028000505,平成28年5月
X,01030100,生産 金額 (百万円),351500000,電子部品 変換部品 (36～37),0028000606,平成28年6月
X,01030100,生産 金額 (百万円),351500000,電子部品 変換部品 (36～37),0028000707,平成28年7月
X,01030100,生産 金額 (百万円),351500000,電子部品 変換部品 (36～37),0028000808,平成28年8月
X,01030100,生産 金額 (百万円),351500000,電子部品 変換部品 (36～37),0028000909,平成28年9月
X,01030100,生産 金額 (百万円),351500000,電子部品 変換部品 (36～37),0028001010,平成28年10月
X,01030100,生産 金額 (百万円),351500000,電子部品 変換部品 (36～37),0028001111,平成28年11月
X,01030100,生産 金額 (百万円),351500000,電子部品 変換部品 (36～37),0028001212,平成28年12月
6410,01030100,生産 金額 (百万円),351510000,電子部品 変換部品 音響部品（スピーカ・マイクロホン） (36),0024000000,平成24年
12301,01030100,生産 金額 (百万円),351510000,電子部品 変換部品 音響部品（スピーカ・マイクロホン） (36),0025000000,平成25年
X,01030100,生産 金額 (百万円),351510000,電子部品 変換部品 音響部品（スピーカ・マイクロホン） (36),0026000000,平成26年
X,01030100,生産 金額 (百万円),351510000,電子部品 変換部品 音響部品（スピーカ・マイクロホン） (36),0027000000,平成27年
13449,01030100,生産 金額 (百万円),351510000,電子部品 変換部品 音響部品（スピーカ・マイクロホン） (36),0028000000,平成28年
X,01030100,生産 金額 (百万円),351510000,電子部品 変換部品 音響部品（スピーカ・マイクロホン） (36),0026010000,平成26年度
X,01030100,生産 金額 (百万円),351510000,電子部品 変換部品 音響部品（スピーカ・マイクロホン） (36),0027010000,平成27年度
3392,01030100,生産 金額 (百万円),351510000,電子部品 変換部品 音響部品（スピーカ・マイクロホン） (36),0028000103,平成28年 1 ～ 3 月
3301,01030100,生産 金額 (百万円),351510000,電子部品 変換部品 音響部品（スピーカ・マイクロホン） (36),0028000406,平成28年 4 ～ 6 月
3350,01030100,生産 金額 (百万円),351510000,電子部品 変換部品 音響部品（スピーカ・マイクロホン） (36),0028000709,平成28年 7 ～ 9 月
3406,01030100,生産 金額 (百万円),351510000,電子部品 変換部品 音響部品（スピーカ・マイクロホン） (36),0028001012,平成28年 10 ～ 12 月
1166,01030100,生産 金額 (百万円),351510000,電子部品 変換部品 音響部品（スピーカ・マイクロホン） (36),0028000101,平成28年1月
1183,01030100,生産 金額 (百万円),351510000,電子部品 変換部品 音響部品（スピーカ・マイクロホン） (36),0028000202,平成28年2月
1043,01030100,生産 金額 (百万円),351510000,電子部品 変換部品 音響部品（スピーカ・マイクロホン） (36),0028000303,平成28年3月
1143,01030100,生産 金額 (百万円),351510000,電子部品 変換部品 音響部品（スピーカ・マイクロホン） (36),0028000404,平成28年4月
1001,01030100,生産 金額 (百万円),351510000,電子部品 変換部品 音響部品（スピーカ・マイクロホン） (36),0028000505,平成28年5月
1157,01030100,生産 金額 (百万円),351510000,電子部品 変換部品 音響部品（スピーカ・マイクロホン） (36),0028000606,平成28年6月
1090,01030100,生産 金額 (百万円),351510000,電子部品 変換部品 音響部品（スピーカ・マイクロホン） (36),0028000707,平成28年7月
1099,01030100,生産 金額 (百万円),351510000,電子部品 変換部品 音響部品（スピーカ・マイクロホン） (36),0028000808,平成28年8月
1161,01030100,生産 金額 (百万円),351510000,電子部品 変換部品 音響部品（スピーカ・マイクロホン） (36),0028000909,平成28年9月
1121,01030100,生産 金額 (百万円),351510000,電子部品 変換部品 音響部品（スピーカ・マイクロホン） (36),0028001010,平成28年10月
1168,01030100,生産 金額 (百万円),351510000,電子部品 変換部品 音響部品（スピーカ・マイクロホン） (36),0028001111,平成28年11月
1117,01030100,生産 金額 (百万円),351510000,電子部品 変換部品 音響部品（スピーカ・マイクロホン） (36),0028001212,平成28年12月
854,01030100,生産 金額 (百万円),351520000,電子部品 変換部品 磁気ヘッド (37),0024000000,平成24年
977,01030100,生産 金額 (百万円),351520000,電子部品 変換部品 磁気ヘッド (37),0025000000,平成25年
X,01030100,生産 金額 (百万円),351520000,電子部品 変換部品 磁気ヘッド (37),0026000000,平成26年
X,01030100,生産 金額 (百万円),351520000,電子部品 変換部品 磁気ヘッド (37),0027000000,平成27年
X,01030100,生産 金額 (百万円),351520000,電子部品 変換部品 磁気ヘッド (37),0028000000,平成28年
X,01030100,生産 金額 (百万円),351520000,電子部品 変換部品 磁気ヘッド (37),0026010000,平成26年度
X,01030100,生産 金額 (百万円),351520000,電子部品 変換部品 磁気ヘッド (37),0027010000,平成27年度
X,01030100,生産 金額 (百万円),351520000,電子部品 変換部品 磁気ヘッド (37),0028000103,平成28年 1 ～ 3 月
X,01030100,生産 金額 (百万円),351520000,電子部品 変換部品 磁気ヘッド (37),0028000406,平成28年 4 ～ 6 月
X,01030100,生産 金額 (百万円),351520000,電子部品 変換部品 磁気ヘッド (37),0028000709,平成28年 7 ～ 9 月
X,01030100,生産 金額 (百万円),351520000,電子部品 変換部品 磁気ヘッド (37),0028001012,平成28年 10 ～ 12 月
X,01030100,生産 金額 (百万円),351520000,電子部品 変換部品 磁気ヘッド (37),0028000101,平成28年1月
X,01030100,生産 金額 (百万円),351520000,電子部品 変換部品 磁気ヘッド (37),0028000202,平成28年2月
X,01030100,生産 金額 (百万円),351520000,電子部品 変換部品 磁気ヘッド (37),0028000303,平成28年3月
X,01030100,生産 金額 (百万円),351520000,電子部品 変換部品 磁気ヘッド (37),0028000404,平成28年4月
X,01030100,生産 金額 (百万円),351520000,電子部品 変換部品 磁気ヘッド (37),0028000505,平成28年5月
X,01030100,生産 金額 (百万円),351520000,電子部品 変換部品 磁気ヘッド (37),0028000606,平成28年6月
X,01030100,生産 金額 (百万円),351520000,電子部品 変換部品 磁気ヘッド (37),0028000707,平成28年7月
X,01030100,生産 金額 (百万円),351520000,電子部品 変換部品 磁気ヘッド (37),0028000808,平成28年8月
X,01030100,生産 金額 (百万円),351520000,電子部品 変換部品 磁気ヘッド (37),0028000909,平成28年9月
X,01030100,生産 金額 (百万円),351520000,電子部品 変換部品 磁気ヘッド (37),0028001010,平成28年10月
X,01030100,生産 金額 (百万円),351520000,電子部品 変換部品 磁気ヘッド (37),0028001111,平成28年11月
X,01030100,生産 金額 (百万円),351520000,電子部品 変換部品 磁気ヘッド (37),0028001212,平成28年12月
87034,01030100,生産 金額 (百万円),351600000,電子部品 メモリ部品 (38～40),0024000000,平成24年
74861,01030100,生産 金額 (百万円),351600000,電子部品 メモリ部品 (38～40),0025000000,平成25年
70264,01030100,生産 金額 (百万円),351600000,電子部品 メモリ部品 (38～40),0026000000,平成26年
70495,01030100,生産 金額 (百万円),351600000,電子部品 メモリ部品 (38～40),0027000000,平成27年
X,01030100,生産 金額 (百万円),351600000,電子部品 メモリ部品 (38～40),0028000000,平成28年
72820,01030100,生産 金額 (百万円),351600000,電子部品 メモリ部品 (38～40),0026010000,平成26年度
X,01030100,生産 金額 (百万円),351600000,電子部品 メモリ部品 (38～40),0027010000,平成27年度
X,01030100,生産 金額 (百万円),351600000,電子部品 メモリ部品 (38～40),0028000103,平成28年 1 ～ 3 月
X,01030100,生産 金額 (百万円),351600000,電子部品 メモリ部品 (38～40),0028000406,平成28年 4 ～ 6 月
X,01030100,生産 金額 (百万円),351600000,電子部品 メモリ部品 (38～40),0028000709,平成28年 7 ～ 9 月
X,01030100,生産 金額 (百万円),351600000,電子部品 メモリ部品 (38～40),0028001012,平成28年 10 ～ 12 月
X,01030100,生産 金額 (百万円),351600000,電子部品 メモリ部品 (38～40),0028000101,平成28年1月
X,01030100,生産 金額 (百万円),351600000,電子部品 メモリ部品 (38～40),0028000202,平成28年2月
X,01030100,生産 金額 (百万円),351600000,電子部品 メモリ部品 (38～40),0028000303,平成28年3月
X,01030100,生産 金額 (百万円),351600000,電子部品 メモリ部品 (38～40),0028000404,平成28年4月
X,01030100,生産 金額 (百万円),351600000,電子部品 メモリ部品 (38～40),0028000505,平成28年5月
X,01030100,生産 金額 (百万円),351600000,電子部品 メモリ部品 (38～40),0028000606,平成28年6月
X,01030100,生産 金額 (百万円),351600000,電子部品 メモリ部品 (38～40),0028000707,平成28年7月
X,01030100,生産 金額 (百万円),351600000,電子部品 メモリ部品 (38～40),0028000808,平成28年8月
X,01030100,生産 金額 (百万円),351600000,電子部品 メモリ部品 (38～40),0028000909,平成28年9月
X,01030100,生産 金額 (百万円),351600000,電子部品 メモリ部品 (38～40),0028001010,平成28年10月
X,01030100,生産 金額 (百万円),351600000,電子部品 メモリ部品 (38～40),0028001111,平成28年11月
X,01030100,生産 金額 (百万円),351600000,電子部品 メモリ部品 (38～40),0028001212,平成28年12月
67467,01030100,生産 金額 (百万円),351610000,電子部品 メモリ部品 磁気テープ (38～39),0024000000,平成24年
56725,01030100,生産 金額 (百万円),351610000,電子部品 メモリ部品 磁気テープ (38～39),0025000000,平成25年
54175,01030100,生産 金額 (百万円),351610000,電子部品 メモリ部品 磁気テープ (38～39),0026000000,平成26年
55298,01030100,生産 金額 (百万円),351610000,電子部品 メモリ部品 磁気テープ (38～39),0027000000,平成27年
56160,01030100,生産 金額 (百万円),351610000,電子部品 メモリ部品 磁気テープ (38～39),0028000000,平成28年
57059,01030100,生産 金額 (百万円),351610000,電子部品 メモリ部品 磁気テープ (38～39),0026010000,平成26年度
55653,01030100,生産 金額 (百万円),351610000,電子部品 メモリ部品 磁気テープ (38～39),0027010000,平成27年度
15192,01030100,生産 金額 (百万円),351610000,電子部品 メモリ部品 磁気テープ (38～39),0028000103,平成28年 1 ～ 3 月
13164,01030100,生産 金額 (百万円),351610000,電子部品 メモリ部品 磁気テープ (38～39),0028000406,平成28年 4 ～ 6 月
13482,01030100,生産 金額 (百万円),351610000,電子部品 メモリ部品 磁気テープ (38～39),0028000709,平成28年 7 ～ 9 月
14322,01030100,生産 金額 (百万円),351610000,電子部品 メモリ部品 磁気テープ (38～39),0028001012,平成28年 10 ～ 12 月
4530,01030100,生産 金額 (百万円),351610000,電子部品 メモリ部品 磁気テープ (38～39),0028000101,平成28年1月
5000,01030100,生産 金額 (百万円),351610000,電子部品 メモリ部品 磁気テープ (38～39),0028000202,平成28年2月
5662,01030100,生産 金額 (百万円),351610000,電子部品 メモリ部品 磁気テープ (38～39),0028000303,平成28年3月
3948,01030100,生産 金額 (百万円),351610000,電子部品 メモリ部品 磁気テープ (38～39),0028000404,平成28年4月
4212,01030100,生産 金額 (百万円),351610000,電子部品 メモリ部品 磁気テープ (38～39),0028000505,平成28年5月
5004,01030100,生産 金額 (百万円),351610000,電子部品 メモリ部品 磁気テープ (38～39),0028000606,平成28年6月
4734,01030100,生産 金額 (百万円),351610000,電子部品 メモリ部品 磁気テープ (38～39),0028000707,平成28年7月
3886,01030100,生産 金額 (百万円),351610000,電子部品 メモリ部品 磁気テープ (38～39),0028000808,平成28年8月
4862,01030100,生産 金額 (百万円),351610000,電子部品 メモリ部品 磁気テープ (38～39),0028000909,平成28年9月
4084,01030100,生産 金額 (百万円),351610000,電子部品 メモリ部品 磁気テープ (38～39),0028001010,平成28年10月
5155,01030100,生産 金額 (百万円),351610000,電子部品 メモリ部品 磁気テープ (38～39),0028001111,平成28年11月
5083,01030100,生産 金額 (百万円),351610000,電子部品 メモリ部品 磁気テープ (38～39),0028001212,平成28年12月
20621,01030100,生産 金額 (百万円),351611000,電子部品 メモリ部品 磁気テープ 磁気録音・録画テープ (38),0024000000,平成24年
20810,01030100,生産 金額 (百万円),351611000,電子部品 メモリ部品 磁気テープ 磁気録音・録画テープ (38),0025000000,平成25年
21366,01030100,生産 金額 (百万円),351611000,電子部品 メモリ部品 磁気テープ 磁気録音・録画テープ (38),0026000000,平成26年
8049,01030100,生産 金額 (百万円),351611000,電子部品 メモリ部品 磁気テープ 磁気録音・録画テープ (38),0027000000,平成27年
6637,01030100,生産 金額 (百万円),351611000,電子部品 メモリ部品 磁気テープ 磁気録音・録画テープ (38),0028000000,平成28年
17839,01030100,生産 金額 (百万円),351611000,電子部品 メモリ部品 磁気テープ 磁気録音・録画テープ (38),0026010000,平成26年度
7673,01030100,生産 金額 (百万円),351611000,電子部品 メモリ部品 磁気テープ 磁気録音・録画テープ (38),0027010000,平成27年度
1556,01030100,生産 金額 (百万円),351611000,電子部品 メモリ部品 磁気テープ 磁気録音・録画テープ (38),0028000103,平成28年 1 ～ 3 月
1706,01030100,生産 金額 (百万円),351611000,電子部品 メモリ部品 磁気テープ 磁気録音・録画テープ (38),0028000406,平成28年 4 ～ 6 月
1759,01030100,生産 金額 (百万円),351611000,電子部品 メモリ部品 磁気テープ 磁気録音・録画テープ (38),0028000709,平成28年 7 ～ 9 月
1616,01030100,生産 金額 (百万円),351611000,電子部品 メモリ部品 磁気テープ 磁気録音・録画テープ (38),0028001012,平成28年 10 ～ 12 月
529,01030100,生産 金額 (百万円),351611000,電子部品 メモリ部品 磁気テープ 磁気録音・録画テープ (38),0028000101,平成28年1月
526,01030100,生産 金額 (百万円),351611000,電子部品 メモリ部品 磁気テープ 磁気録音・録画テープ (38),0028000202,平成28年2月
501,01030100,生産 金額 (百万円),351611000,電子部品 メモリ部品 磁気テープ 磁気録音・録画テープ (38),0028000303,平成28年3月
528,01030100,生産 金額 (百万円),351611000,電子部品 メモリ部品 磁気テープ 磁気録音・録画テープ (38),0028000404,平成28年4月
480,01030100,生産 金額 (百万円),351611000,電子部品 メモリ部品 磁気テープ 磁気録音・録画テープ (38),0028000505,平成28年5月
698,01030100,生産 金額 (百万円),351611000,電子部品 メモリ部品 磁気テープ 磁気録音・録画テープ (38),0028000606,平成28年6月
622,01030100,生産 金額 (百万円),351611000,電子部品 メモリ部品 磁気テープ 磁気録音・録画テープ (38),0028000707,平成28年7月
543,01030100,生産 金額 (百万円),351611000,電子部品 メモリ部品 磁気テープ 磁気録音・録画テープ (38),0028000808,平成28年8月
594,01030100,生産 金額 (百万円),351611000,電子部品 メモリ部品 磁気テープ 磁気録音・録画テープ (38),0028000909,平成28年9月
570,01030100,生産 金額 (百万円),351611000,電子部品 メモリ部品 磁気テープ 磁気録音・録画テープ (38),0028001010,平成28年10月
518,01030100,生産 金額 (百万円),351611000,電子部品 メモリ部品 磁気テープ 磁気録音・録画テープ (38),0028001111,平成28年11月
528,01030100,生産 金額 (百万円),351611000,電子部品 メモリ部品 磁気テープ 磁気録音・録画テープ (38),0028001212,平成28年12月
46846,01030100,生産 金額 (百万円),351612000,電子部品 メモリ部品 磁気テープ その他の磁気テープ (39),0024000000,平成24年
35915,01030100,生産 金額 (百万円),351612000,電子部品 メモリ部品 磁気テープ その他の磁気テープ (39),0025000000,平成25年
32809,01030100,生産 金額 (百万円),351612000,電子部品 メモリ部品 磁気テープ その他の磁気テープ (39),0026000000,平成26年
47249,01030100,生産 金額 (百万円),351612000,電子部品 メモリ部品 磁気テープ その他の磁気テープ (39),0027000000,平成27年
49523,01030100,生産 金額 (百万円),351612000,電子部品 メモリ部品 磁気テープ その他の磁気テープ (39),0028000000,平成28年
39220,01030100,生産 金額 (百万円),351612000,電子部品 メモリ部品 磁気テープ その他の磁気テープ (39),0026010000,平成26年度
47980,01030100,生産 金額 (百万円),351612000,電子部品 メモリ部品 磁気テープ その他の磁気テープ (39),0027010000,平成27年度
13636,01030100,生産 金額 (百万円),351612000,電子部品 メモリ部品 磁気テープ その他の磁気テープ (39),0028000103,平成28年 1 ～ 3 月
11458,01030100,生産 金額 (百万円),351612000,電子部品 メモリ部品 磁気テープ その他の磁気テープ (39),0028000406,平成28年 4 ～ 6 月
11723,01030100,生産 金額 (百万円),351612000,電子部品 メモリ部品 磁気テープ その他の磁気テープ (39),0028000709,平成28年 7 ～ 9 月
12706,01030100,生産 金額 (百万円),351612000,電子部品 メモリ部品 磁気テープ その他の磁気テープ (39),0028001012,平成28年 10 ～ 12 月
4001,01030100,生産 金額 (百万円),351612000,電子部品 メモリ部品 磁気テープ その他の磁気テープ (39),0028000101,平成28年1月
4474,01030100,生産 金額 (百万円),351612000,電子部品 メモリ部品 磁気テープ その他の磁気テープ (39),0028000202,平成28年2月
5161,01030100,生産 金額 (百万円),351612000,電子部品 メモリ部品 磁気テープ その他の磁気テープ (39),0028000303,平成28年3月
3420,01030100,生産 金額 (百万円),351612000,電子部品 メモリ部品 磁気テープ その他の磁気テープ (39),0028000404,平成28年4月
3732,01030100,生産 金額 (百万円),351612000,電子部品 メモリ部品 磁気テープ その他の磁気テープ (39),0028000505,平成28年5月
4306,01030100,生産 金額 (百万円),351612000,電子部品 メモリ部品 磁気テープ その他の磁気テープ (39),0028000606,平成28年6月
4112,01030100,生産 金額 (百万円),351612000,電子部品 メモリ部品 磁気テープ その他の磁気テープ (39),0028000707,平成28年7月
3343,01030100,生産 金額 (百万円),351612000,電子部品 メモリ部品 磁気テープ その他の磁気テープ (39),0028000808,平成28年8月
4268,01030100,生産 金額 (百万円),351612000,電子部品 メモリ部品 磁気テープ その他の磁気テープ (39),0028000909,平成28年9月
3514,01030100,生産 金額 (百万円),351612000,電子部品 メモリ部品 磁気テープ その他の磁気テープ (39),0028001010,平成28年10月
4637,01030100,生産 金額 (百万円),351612000,電子部品 メモリ部品 磁気テープ その他の磁気テープ (39),0028001111,平成28年11月
4555,01030100,生産 金額 (百万円),351612000,電子部品 メモリ部品 磁気テープ その他の磁気テープ (39),0028001212,平成28年12月
19567,01030100,生産 金額 (百万円),351620000,電子部品 メモリ部品 光ディスク (40),0024000000,平成24年
18136,01030100,生産 金額 (百万円),351620000,電子部品 メモリ部品 光ディスク (40),0025000000,平成25年
16089,01030100,生産 金額 (百万円),351620000,電子部品 メモリ部品 光ディスク (40),0026000000,平成26年
15197,01030100,生産 金額 (百万円),351620000,電子部品 メモリ部品 光ディスク (40),0027000000,平成27年
X,01030100,生産 金額 (百万円),351620000,電子部品 メモリ部品 光ディスク (40),0028000000,平成28年
15761,01030100,生産 金額 (百万円),351620000,電子部品 メモリ部品 光ディスク (40),0026010000,平成26年度
X,01030100,生産 金額 (百万円),351620000,電子部品 メモリ部品 光ディスク (40),0027010000,平成27年度
X,01030100,生産 金額 (百万円),351620000,電子部品 メモリ部品 光ディスク (40),0028000103,平成28年 1 ～ 3 月
X,01030100,生産 金額 (百万円),351620000,電子部品 メモリ部品 光ディスク (40),0028000406,平成28年 4 ～ 6 月
X,01030100,生産 金額 (百万円),351620000,電子部品 メモリ部品 光ディスク (40),0028000709,平成28年 7 ～ 9 月
X,01030100,生産 金額 (百万円),351620000,電子部品 メモリ部品 光ディスク (40),0028001012,平成28年 10 ～ 12 月
X,01030100,生産 金額 (百万円),351620000,電子部品 メモリ部品 光ディスク (40),0028000101,平成28年1月
X,01030100,生産 金額 (百万円),351620000,電子部品 メモリ部品 光ディスク (40),0028000202,平成28年2月
X,01030100,生産 金額 (百万円),351620000,電子部品 メモリ部品 光ディスク (40),0028000303,平成28年3月
X,01030100,生産 金額 (百万円),351620000,電子部品 メモリ部品 光ディスク (40),0028000404,平成28年4月
X,01030100,生産 金額 (百万円),351620000,電子部品 メモリ部品 光ディスク (40),0028000505,平成28年5月
X,01030100,生産 金額 (百万円),351620000,電子部品 メモリ部品 光ディスク (40),0028000606,平成28年6月
X,01030100,生産 金額 (百万円),351620000,電子部品 メモリ部品 光ディスク (40),0028000707,平成28年7月
X,01030100,生産 金額 (百万円),351620000,電子部品 メモリ部品 光ディスク (40),0028000808,平成28年8月
X,01030100,生産 金額 (百万円),351620000,電子部品 メモリ部品 光ディスク (40),0028000909,平成28年9月
X,01030100,生産 金額 (百万円),351620000,電子部品 メモリ部品 光ディスク (40),0028001010,平成28年10月
X,01030100,生産 金額 (百万円),351620000,電子部品 メモリ部品 光ディスク (40),0028001111,平成28年11月
X,01030100,生産 金額 (百万円),351620000,電子部品 メモリ部品 光ディスク (40),0028001212,平成28年12月
70044,01030100,生産 金額 (百万円),351700000,電子部品 スイッチング電源 (41),0024000000,平成24年
94434,01030100,生産 金額 (百万円),351700000,電子部品 スイッチング電源 (41),0025000000,平成25年
105768,01030100,生産 金額 (百万円),351700000,電子部品 スイッチング電源 (41),0026000000,平成26年
97538,01030100,生産 金額 (百万円),351700000,電子部品 スイッチング電源 (41),0027000000,平成27年
83039,01030100,生産 金額 (百万円),351700000,電子部品 スイッチング電源 (41),0028000000,平成28年
107153,01030100,生産 金額 (百万円),351700000,電子部品 スイッチング電源 (41),0026010000,平成26年度
92230,01030100,生産 金額 (百万円),351700000,電子部品 スイッチング電源 (41),0027010000,平成27年度
22838,01030100,生産 金額 (百万円),351700000,電子部品 スイッチング電源 (41),0028000103,平成28年 1 ～ 3 月
19613,01030100,生産 金額 (百万円),351700000,電子部品 スイッチング電源 (41),0028000406,平成28年 4 ～ 6 月
20171,01030100,生産 金額 (百万円),351700000,電子部品 スイッチング電源 (41),0028000709,平成28年 7 ～ 9 月
20417,01030100,生産 金額 (百万円),351700000,電子部品 スイッチング電源 (41),0028001012,平成28年 10 ～ 12 月
7091,01030100,生産 金額 (百万円),351700000,電子部品 スイッチング電源 (41),0028000101,平成28年1月
7764,01030100,生産 金額 (百万円),351700000,電子部品 スイッチング電源 (41),0028000202,平成28年2月
7983,01030100,生産 金額 (百万円),351700000,電子部品 スイッチング電源 (41),0028000303,平成28年3月
6449,01030100,生産 金額 (百万円),351700000,電子部品 スイッチング電源 (41),0028000404,平成28年4月
6453,01030100,生産 金額 (百万円),351700000,電子部品 スイッチング電源 (41),0028000505,平成28年5月
6711,01030100,生産 金額 (百万円),351700000,電子部品 スイッチング電源 (41),0028000606,平成28年6月
6364,01030100,生産 金額 (百万円),351700000,電子部品 スイッチング電源 (41),0028000707,平成28年7月
6648,01030100,生産 金額 (百万円),351700000,電子部品 スイッチング電源 (41),0028000808,平成28年8月
7159,01030100,生産 金額 (百万円),351700000,電子部品 スイッチング電源 (41),0028000909,平成28年9月
6899,01030100,生産 金額 (百万円),351700000,電子部品 スイッチング電源 (41),0028001010,平成28年10月
6958,01030100,生産 金額 (百万円),351700000,電子部品 スイッチング電源 (41),0028001111,平成28年11月
6560,01030100,生産 金額 (百万円),351700000,電子部品 スイッチング電源 (41),0028001212,平成28年12月
