value,cat01,cat01_label,cat02,cat02_label,time,time_label
827823,010005,生産,100000,合計 (t),0020000000,平成20年
722277,010005,生産,100000,合計 (t),0021000000,平成21年
892937,010005,生産,100000,合計 (t),0022000000,平成22年
833817,010005,生産,100000,合計 (t),0023000000,平成23年
908146,010005,生産,100000,合計 (t),0024000000,平成24年
898769,010005,生産,100000,合計 (t),0022010000,平成22年度
857454,010005,生産,100000,合計 (t),0023010000,平成23年度
239390,010005,生産,100000,合計 (t),0024000103,平成24年 1 ～ 3 月
232394,010005,生産,100000,合計 (t),0024000406,平成24年 4 ～ 6 月
202542,010005,生産,100000,合計 (t),0024000709,平成24年 7 ～ 9 月
233820,010005,生産,100000,合計 (t),0024001012,平成24年 10 ～ 12 月
82247,010005,生産,100000,合計 (t),0024000101,平成24年1月
73861,010005,生産,100000,合計 (t),0024000202,平成24年2月
83282,010005,生産,100000,合計 (t),0024000303,平成24年3月
74978,010005,生産,100000,合計 (t),0024000404,平成24年4月
78821,010005,生産,100000,合計 (t),0024000505,平成24年5月
78595,010005,生産,100000,合計 (t),0024000606,平成24年6月
73549,010005,生産,100000,合計 (t),0024000707,平成24年7月
68469,010005,生産,100000,合計 (t),0024000808,平成24年8月
60524,010005,生産,100000,合計 (t),0024000909,平成24年9月
81558,010005,生産,100000,合計 (t),0024001010,平成24年10月
72245,010005,生産,100000,合計 (t),0024001111,平成24年11月
80017,010005,生産,100000,合計 (t),0024001212,平成24年12月
431181,010005,生産,110000,フェロマンガン 計 (t),0020000000,平成20年
361375,010005,生産,110000,フェロマンガン 計 (t),0021000000,平成21年
453265,010005,生産,110000,フェロマンガン 計 (t),0022000000,平成22年
456798,010005,生産,110000,フェロマンガン 計 (t),0023000000,平成23年
436171,010005,生産,110000,フェロマンガン 計 (t),0024000000,平成24年
465797,010005,生産,110000,フェロマンガン 計 (t),0022010000,平成22年度
465922,010005,生産,110000,フェロマンガン 計 (t),0023010000,平成23年度
125541,010005,生産,110000,フェロマンガン 計 (t),0024000103,平成24年 1 ～ 3 月
113749,010005,生産,110000,フェロマンガン 計 (t),0024000406,平成24年 4 ～ 6 月
90615,010005,生産,110000,フェロマンガン 計 (t),0024000709,平成24年 7 ～ 9 月
106266,010005,生産,110000,フェロマンガン 計 (t),0024001012,平成24年 10 ～ 12 月
45981,010005,生産,110000,フェロマンガン 計 (t),0024000101,平成24年1月
37296,010005,生産,110000,フェロマンガン 計 (t),0024000202,平成24年2月
42264,010005,生産,110000,フェロマンガン 計 (t),0024000303,平成24年3月
33135,010005,生産,110000,フェロマンガン 計 (t),0024000404,平成24年4月
42673,010005,生産,110000,フェロマンガン 計 (t),0024000505,平成24年5月
37941,010005,生産,110000,フェロマンガン 計 (t),0024000606,平成24年6月
34093,010005,生産,110000,フェロマンガン 計 (t),0024000707,平成24年7月
32144,010005,生産,110000,フェロマンガン 計 (t),0024000808,平成24年8月
24378,010005,生産,110000,フェロマンガン 計 (t),0024000909,平成24年9月
38744,010005,生産,110000,フェロマンガン 計 (t),0024001010,平成24年10月
31804,010005,生産,110000,フェロマンガン 計 (t),0024001111,平成24年11月
35718,010005,生産,110000,フェロマンガン 計 (t),0024001212,平成24年12月
323500,010005,生産,110010,フェロマンガン 高炭素 (t),0020000000,平成20年
283220,010005,生産,110010,フェロマンガン 高炭素 (t),0021000000,平成21年
331840,010005,生産,110010,フェロマンガン 高炭素 (t),0022000000,平成22年
332683,010005,生産,110010,フェロマンガン 高炭素 (t),0023000000,平成23年
313563,010005,生産,110010,フェロマンガン 高炭素 (t),0024000000,平成24年
338813,010005,生産,110010,フェロマンガン 高炭素 (t),0022010000,平成22年度
342278,010005,生産,110010,フェロマンガン 高炭素 (t),0023010000,平成23年度
91690,010005,生産,110010,フェロマンガン 高炭素 (t),0024000103,平成24年 1 ～ 3 月
79636,010005,生産,110010,フェロマンガン 高炭素 (t),0024000406,平成24年 4 ～ 6 月
57731,010005,生産,110010,フェロマンガン 高炭素 (t),0024000709,平成24年 7 ～ 9 月
84506,010005,生産,110010,フェロマンガン 高炭素 (t),0024001012,平成24年 10 ～ 12 月
33812,010005,生産,110010,フェロマンガン 高炭素 (t),0024000101,平成24年1月
26699,010005,生産,110010,フェロマンガン 高炭素 (t),0024000202,平成24年2月
31179,010005,生産,110010,フェロマンガン 高炭素 (t),0024000303,平成24年3月
22372,010005,生産,110010,フェロマンガン 高炭素 (t),0024000404,平成24年4月
30595,010005,生産,110010,フェロマンガン 高炭素 (t),0024000505,平成24年5月
26669,010005,生産,110010,フェロマンガン 高炭素 (t),0024000606,平成24年6月
22625,010005,生産,110010,フェロマンガン 高炭素 (t),0024000707,平成24年7月
21335,010005,生産,110010,フェロマンガン 高炭素 (t),0024000808,平成24年8月
13771,010005,生産,110010,フェロマンガン 高炭素 (t),0024000909,平成24年9月
29798,010005,生産,110010,フェロマンガン 高炭素 (t),0024001010,平成24年10月
27208,010005,生産,110010,フェロマンガン 高炭素 (t),0024001111,平成24年11月
27500,010005,生産,110010,フェロマンガン 高炭素 (t),0024001212,平成24年12月
107681,010005,生産,110020,フェロマンガン 低炭素 (t),0020000000,平成20年
78155,010005,生産,110020,フェロマンガン 低炭素 (t),0021000000,平成21年
121425,010005,生産,110020,フェロマンガン 低炭素 (t),0022000000,平成22年
124115,010005,生産,110020,フェロマンガン 低炭素 (t),0023000000,平成23年
122608,010005,生産,110020,フェロマンガン 低炭素 (t),0024000000,平成24年
126984,010005,生産,110020,フェロマンガン 低炭素 (t),0022010000,平成22年度
123644,010005,生産,110020,フェロマンガン 低炭素 (t),0023010000,平成23年度
33851,010005,生産,110020,フェロマンガン 低炭素 (t),0024000103,平成24年 1 ～ 3 月
34113,010005,生産,110020,フェロマンガン 低炭素 (t),0024000406,平成24年 4 ～ 6 月
32884,010005,生産,110020,フェロマンガン 低炭素 (t),0024000709,平成24年 7 ～ 9 月
21760,010005,生産,110020,フェロマンガン 低炭素 (t),0024001012,平成24年 10 ～ 12 月
12169,010005,生産,110020,フェロマンガン 低炭素 (t),0024000101,平成24年1月
10597,010005,生産,110020,フェロマンガン 低炭素 (t),0024000202,平成24年2月
11085,010005,生産,110020,フェロマンガン 低炭素 (t),0024000303,平成24年3月
10763,010005,生産,110020,フェロマンガン 低炭素 (t),0024000404,平成24年4月
12078,010005,生産,110020,フェロマンガン 低炭素 (t),0024000505,平成24年5月
11272,010005,生産,110020,フェロマンガン 低炭素 (t),0024000606,平成24年6月
11468,010005,生産,110020,フェロマンガン 低炭素 (t),0024000707,平成24年7月
10809,010005,生産,110020,フェロマンガン 低炭素 (t),0024000808,平成24年8月
10607,010005,生産,110020,フェロマンガン 低炭素 (t),0024000909,平成24年9月
8946,010005,生産,110020,フェロマンガン 低炭素 (t),0024001010,平成24年10月
4596,010005,生産,110020,フェロマンガン 低炭素 (t),0024001111,平成24年11月
8218,010005,生産,110020,フェロマンガン 低炭素 (t),0024001212,平成24年12月
58884,010005,生産,120000,シリコマンガン (t),0020000000,平成20年
49205,010005,生産,120000,シリコマンガン (t),0021000000,平成21年
49865,010005,生産,120000,シリコマンガン (t),0022000000,平成22年
49798,010005,生産,120000,シリコマンガン (t),0023000000,平成23年
52287,010005,生産,120000,シリコマンガン (t),0024000000,平成24年
48904,010005,生産,120000,シリコマンガン (t),0022010000,平成22年度
53161,010005,生産,120000,シリコマンガン (t),0023010000,平成23年度
15315,010005,生産,120000,シリコマンガン (t),0024000103,平成24年 1 ～ 3 月
16116,010005,生産,120000,シリコマンガン (t),0024000406,平成24年 4 ～ 6 月
5950,010005,生産,120000,シリコマンガン (t),0024000709,平成24年 7 ～ 9 月
14906,010005,生産,120000,シリコマンガン (t),0024001012,平成24年 10 ～ 12 月
4920,010005,生産,120000,シリコマンガン (t),0024000101,平成24年1月
5816,010005,生産,120000,シリコマンガン (t),0024000202,平成24年2月
4579,010005,生産,120000,シリコマンガン (t),0024000303,平成24年3月
4958,010005,生産,120000,シリコマンガン (t),0024000404,平成24年4月
4677,010005,生産,120000,シリコマンガン (t),0024000505,平成24年5月
6481,010005,生産,120000,シリコマンガン (t),0024000606,平成24年6月
2052,010005,生産,120000,シリコマンガン (t),0024000707,平成24年7月
862,010005,生産,120000,シリコマンガン (t),0024000808,平成24年8月
3036,010005,生産,120000,シリコマンガン (t),0024000909,平成24年9月
5709,010005,生産,120000,シリコマンガン (t),0024001010,平成24年10月
3921,010005,生産,120000,シリコマンガン (t),0024001111,平成24年11月
5276,010005,生産,120000,シリコマンガン (t),0024001212,平成24年12月
-,010005,生産,130000,フェロシリコン (t),0020000000,平成20年
-,010005,生産,130000,フェロシリコン (t),0021000000,平成21年
-,010005,生産,130000,フェロシリコン (t),0022000000,平成22年
-,010005,生産,130000,フェロシリコン (t),0023000000,平成23年
-,010005,生産,130000,フェロシリコン (t),0024000000,平成24年
-,010005,生産,130000,フェロシリコン (t),0022010000,平成22年度
-,010005,生産,130000,フェロシリコン (t),0023010000,平成23年度
-,010005,生産,130000,フェロシリコン (t),0024000103,平成24年 1 ～ 3 月
-,010005,生産,130000,フェロシリコン (t),0024000406,平成24年 4 ～ 6 月
-,010005,生産,130000,フェロシリコン (t),0024000709,平成24年 7 ～ 9 月
-,010005,生産,130000,フェロシリコン (t),0024001012,平成24年 10 ～ 12 月
-,010005,生産,130000,フェロシリコン (t),0024000101,平成24年1月
-,010005,生産,130000,フェロシリコン (t),0024000202,平成24年2月
-,010005,生産,130000,フェロシリコン (t),0024000303,平成24年3月
-,010005,生産,130000,フェロシリコン (t),0024000404,平成24年4月
-,010005,生産,130000,フェロシリコン (t),0024000505,平成24年5月
-,010005,生産,130000,フェロシリコン (t),0024000606,平成24年6月
-,010005,生産,130000,フェロシリコン (t),0024000707,平成24年7月
-,010005,生産,130000,フェロシリコン (t),0024000808,平成24年8月
-,010005,生産,130000,フェロシリコン (t),0024000909,平成24年9月
-,010005,生産,130000,フェロシリコン (t),0024001010,平成24年10月
-,010005,生産,130000,フェロシリコン (t),0024001111,平成24年11月
-,010005,生産,130000,フェロシリコン (t),0024001212,平成24年12月
13888,010005,生産,140000,フェロクロム 計 (t),0020000000,平成20年
7698,010005,生産,140000,フェロクロム 計 (t),0021000000,平成21年
16208,010005,生産,140000,フェロクロム 計 (t),0022000000,平成22年
17217,010005,生産,140000,フェロクロム 計 (t),0023000000,平成23年
19392,010005,生産,140000,フェロクロム 計 (t),0024000000,平成24年
16302,010005,生産,140000,フェロクロム 計 (t),0022010000,平成22年度
17851,010005,生産,140000,フェロクロム 計 (t),0023010000,平成23年度
4960,010005,生産,140000,フェロクロム 計 (t),0024000103,平成24年 1 ～ 3 月
5237,010005,生産,140000,フェロクロム 計 (t),0024000406,平成24年 4 ～ 6 月
4744,010005,生産,140000,フェロクロム 計 (t),0024000709,平成24年 7 ～ 9 月
4451,010005,生産,140000,フェロクロム 計 (t),0024001012,平成24年 10 ～ 12 月
1612,010005,生産,140000,フェロクロム 計 (t),0024000101,平成24年1月
1443,010005,生産,140000,フェロクロム 計 (t),0024000202,平成24年2月
1905,010005,生産,140000,フェロクロム 計 (t),0024000303,平成24年3月
1833,010005,生産,140000,フェロクロム 計 (t),0024000404,平成24年4月
1554,010005,生産,140000,フェロクロム 計 (t),0024000505,平成24年5月
1850,010005,生産,140000,フェロクロム 計 (t),0024000606,平成24年6月
1691,010005,生産,140000,フェロクロム 計 (t),0024000707,平成24年7月
1508,010005,生産,140000,フェロクロム 計 (t),0024000808,平成24年8月
1545,010005,生産,140000,フェロクロム 計 (t),0024000909,平成24年9月
1769,010005,生産,140000,フェロクロム 計 (t),0024001010,平成24年10月
1247,010005,生産,140000,フェロクロム 計 (t),0024001111,平成24年11月
1435,010005,生産,140000,フェロクロム 計 (t),0024001212,平成24年12月
-,010005,生産,140010,フェロクロム 高炭素 (t),0020000000,平成20年
-,010005,生産,140010,フェロクロム 高炭素 (t),0021000000,平成21年
-,010005,生産,140010,フェロクロム 高炭素 (t),0022000000,平成22年
-,010005,生産,140010,フェロクロム 高炭素 (t),0023000000,平成23年
-,010005,生産,140010,フェロクロム 高炭素 (t),0024000000,平成24年
-,010005,生産,140010,フェロクロム 高炭素 (t),0022010000,平成22年度
-,010005,生産,140010,フェロクロム 高炭素 (t),0023010000,平成23年度
-,010005,生産,140010,フェロクロム 高炭素 (t),0024000103,平成24年 1 ～ 3 月
-,010005,生産,140010,フェロクロム 高炭素 (t),0024000406,平成24年 4 ～ 6 月
-,010005,生産,140010,フェロクロム 高炭素 (t),0024000709,平成24年 7 ～ 9 月
-,010005,生産,140010,フェロクロム 高炭素 (t),0024001012,平成24年 10 ～ 12 月
-,010005,生産,140010,フェロクロム 高炭素 (t),0024000101,平成24年1月
-,010005,生産,140010,フェロクロム 高炭素 (t),0024000202,平成24年2月
-,010005,生産,140010,フェロクロム 高炭素 (t),0024000303,平成24年3月
-,010005,生産,140010,フェロクロム 高炭素 (t),0024000404,平成24年4月
-,010005,生産,140010,フェロクロム 高炭素 (t),0024000505,平成24年5月
-,010005,生産,140010,フェロクロム 高炭素 (t),0024000606,平成24年6月
-,010005,生産,140010,フェロクロム 高炭素 (t),0024000707,平成24年7月
-,010005,生産,140010,フェロクロム 高炭素 (t),0024000808,平成24年8月
-,010005,生産,140010,フェロクロム 高炭素 (t),0024000909,平成24年9月
-,010005,生産,140010,フェロクロム 高炭素 (t),0024001010,平成24年10月
-,010005,生産,140010,フェロクロム 高炭素 (t),0024001111,平成24年11月
-,010005,生産,140010,フェロクロム 高炭素 (t),0024001212,平成24年12月
13888,010005,生産,140020,フェロクロム 低炭素 (t),0020000000,平成20年
7698,010005,生産,140020,フェロクロム 低炭素 (t),0021000000,平成21年
16208,010005,生産,140020,フェロクロム 低炭素 (t),0022000000,平成22年
17217,010005,生産,140020,フェロクロム 低炭素 (t),0023000000,平成23年
19392,010005,生産,140020,フェロクロム 低炭素 (t),0024000000,平成24年
16302,010005,生産,140020,フェロクロム 低炭素 (t),0022010000,平成22年度
17851,010005,生産,140020,フェロクロム 低炭素 (t),0023010000,平成23年度
4960,010005,生産,140020,フェロクロム 低炭素 (t),0024000103,平成24年 1 ～ 3 月
5237,010005,生産,140020,フェロクロム 低炭素 (t),0024000406,平成24年 4 ～ 6 月
4744,010005,生産,140020,フェロクロム 低炭素 (t),0024000709,平成24年 7 ～ 9 月
4451,010005,生産,140020,フェロクロム 低炭素 (t),0024001012,平成24年 10 ～ 12 月
1612,010005,生産,140020,フェロクロム 低炭素 (t),0024000101,平成24年1月
1443,010005,生産,140020,フェロクロム 低炭素 (t),0024000202,平成24年2月
1905,010005,生産,140020,フェロクロム 低炭素 (t),0024000303,平成24年3月
1833,010005,生産,140020,フェロクロム 低炭素 (t),0024000404,平成24年4月
1554,010005,生産,140020,フェロクロム 低炭素 (t),0024000505,平成24年5月
1850,010005,生産,140020,フェロクロム 低炭素 (t),0024000606,平成24年6月
1691,010005,生産,140020,フェロクロム 低炭素 (t),0024000707,平成24年7月
1508,010005,生産,140020,フェロクロム 低炭素 (t),0024000808,平成24年8月
1545,010005,生産,140020,フェロクロム 低炭素 (t),0024000909,平成24年9月
1769,010005,生産,140020,フェロクロム 低炭素 (t),0024001010,平成24年10月
1247,010005,生産,140020,フェロクロム 低炭素 (t),0024001111,平成24年11月
1435,010005,生産,140020,フェロクロム 低炭素 (t),0024001212,平成24年12月
301361,010005,生産,150000,フェロニッケル (t),0020000000,平成20年
284884,010005,生産,150000,フェロニッケル (t),0021000000,平成21年
348420,010005,生産,150000,フェロニッケル (t),0022000000,平成22年
279944,010005,生産,150000,フェロニッケル (t),0023000000,平成23年
371913,010005,生産,150000,フェロニッケル (t),0024000000,平成24年
339555,010005,生産,150000,フェロニッケル (t),0022010000,平成22年度
290929,010005,生産,150000,フェロニッケル (t),0023010000,平成23年度
85715,010005,生産,150000,フェロニッケル (t),0024000103,平成24年 1 ～ 3 月
89922,010005,生産,150000,フェロニッケル (t),0024000406,平成24年 4 ～ 6 月
96219,010005,生産,150000,フェロニッケル (t),0024000709,平成24年 7 ～ 9 月
100057,010005,生産,150000,フェロニッケル (t),0024001012,平成24年 10 ～ 12 月
27299,010005,生産,150000,フェロニッケル (t),0024000101,平成24年1月
26759,010005,生産,150000,フェロニッケル (t),0024000202,平成24年2月
31657,010005,生産,150000,フェロニッケル (t),0024000303,平成24年3月
32620,010005,生産,150000,フェロニッケル (t),0024000404,平成24年4月
27375,010005,生産,150000,フェロニッケル (t),0024000505,平成24年5月
29927,010005,生産,150000,フェロニッケル (t),0024000606,平成24年6月
34016,010005,生産,150000,フェロニッケル (t),0024000707,平成24年7月
32621,010005,生産,150000,フェロニッケル (t),0024000808,平成24年8月
29582,010005,生産,150000,フェロニッケル (t),0024000909,平成24年9月
32684,010005,生産,150000,フェロニッケル (t),0024001010,平成24年10月
32562,010005,生産,150000,フェロニッケル (t),0024001111,平成24年11月
34811,010005,生産,150000,フェロニッケル (t),0024001212,平成24年12月
-,010005,生産,160000,フェロタングステン (t),0020000000,平成20年
-,010005,生産,160000,フェロタングステン (t),0021000000,平成21年
-,010005,生産,160000,フェロタングステン (t),0022000000,平成22年
-,010005,生産,160000,フェロタングステン (t),0023000000,平成23年
-,010005,生産,160000,フェロタングステン (t),0024000000,平成24年
-,010005,生産,160000,フェロタングステン (t),0022010000,平成22年度
-,010005,生産,160000,フェロタングステン (t),0023010000,平成23年度
-,010005,生産,160000,フェロタングステン (t),0024000103,平成24年 1 ～ 3 月
-,010005,生産,160000,フェロタングステン (t),0024000406,平成24年 4 ～ 6 月
-,010005,生産,160000,フェロタングステン (t),0024000709,平成24年 7 ～ 9 月
-,010005,生産,160000,フェロタングステン (t),0024001012,平成24年 10 ～ 12 月
-,010005,生産,160000,フェロタングステン (t),0024000101,平成24年1月
-,010005,生産,160000,フェロタングステン (t),0024000202,平成24年2月
-,010005,生産,160000,フェロタングステン (t),0024000303,平成24年3月
-,010005,生産,160000,フェロタングステン (t),0024000404,平成24年4月
-,010005,生産,160000,フェロタングステン (t),0024000505,平成24年5月
-,010005,生産,160000,フェロタングステン (t),0024000606,平成24年6月
-,010005,生産,160000,フェロタングステン (t),0024000707,平成24年7月
-,010005,生産,160000,フェロタングステン (t),0024000808,平成24年8月
-,010005,生産,160000,フェロタングステン (t),0024000909,平成24年9月
-,010005,生産,160000,フェロタングステン (t),0024001010,平成24年10月
-,010005,生産,160000,フェロタングステン (t),0024001111,平成24年11月
-,010005,生産,160000,フェロタングステン (t),0024001212,平成24年12月
4554,010005,生産,170000,フェロモリブデン (t),0020000000,平成20年
3598,010005,生産,170000,フェロモリブデン (t),0021000000,平成21年
4615,010005,生産,170000,フェロモリブデン (t),0022000000,平成22年
5167,010005,生産,170000,フェロモリブデン (t),0023000000,平成23年
4616,010005,生産,170000,フェロモリブデン (t),0024000000,平成24年
5005,010005,生産,170000,フェロモリブデン (t),0022010000,平成22年度
5028,010005,生産,170000,フェロモリブデン (t),0023010000,平成23年度
1266,010005,生産,170000,フェロモリブデン (t),0024000103,平成24年 1 ～ 3 月
1131,010005,生産,170000,フェロモリブデン (t),0024000406,平成24年 4 ～ 6 月
1103,010005,生産,170000,フェロモリブデン (t),0024000709,平成24年 7 ～ 9 月
1116,010005,生産,170000,フェロモリブデン (t),0024001012,平成24年 10 ～ 12 月
366,010005,生産,170000,フェロモリブデン (t),0024000101,平成24年1月
462,010005,生産,170000,フェロモリブデン (t),0024000202,平成24年2月
438,010005,生産,170000,フェロモリブデン (t),0024000303,平成24年3月
426,010005,生産,170000,フェロモリブデン (t),0024000404,平成24年4月
357,010005,生産,170000,フェロモリブデン (t),0024000505,平成24年5月
348,010005,生産,170000,フェロモリブデン (t),0024000606,平成24年6月
473,010005,生産,170000,フェロモリブデン (t),0024000707,平成24年7月
280,010005,生産,170000,フェロモリブデン (t),0024000808,平成24年8月
350,010005,生産,170000,フェロモリブデン (t),0024000909,平成24年9月
460,010005,生産,170000,フェロモリブデン (t),0024001010,平成24年10月
320,010005,生産,170000,フェロモリブデン (t),0024001111,平成24年11月
336,010005,生産,170000,フェロモリブデン (t),0024001212,平成24年12月
3477,010005,生産,180000,フェロバナジウム (t),0020000000,平成20年
2560,010005,生産,180000,フェロバナジウム (t),0021000000,平成21年
4190,010005,生産,180000,フェロバナジウム (t),0022000000,平成22年
3980,010005,生産,180000,フェロバナジウム (t),0023000000,平成23年
4403,010005,生産,180000,フェロバナジウム (t),0024000000,平成24年
4082,010005,生産,180000,フェロバナジウム (t),0022010000,平成22年度
3981,010005,生産,180000,フェロバナジウム (t),0023010000,平成23年度
1036,010005,生産,180000,フェロバナジウム (t),0024000103,平成24年 1 ～ 3 月
1043,010005,生産,180000,フェロバナジウム (t),0024000406,平成24年 4 ～ 6 月
1187,010005,生産,180000,フェロバナジウム (t),0024000709,平成24年 7 ～ 9 月
1137,010005,生産,180000,フェロバナジウム (t),0024001012,平成24年 10 ～ 12 月
340,010005,生産,180000,フェロバナジウム (t),0024000101,平成24年1月
286,010005,生産,180000,フェロバナジウム (t),0024000202,平成24年2月
410,010005,生産,180000,フェロバナジウム (t),0024000303,平成24年3月
190,010005,生産,180000,フェロバナジウム (t),0024000404,平成24年4月
406,010005,生産,180000,フェロバナジウム (t),0024000505,平成24年5月
447,010005,生産,180000,フェロバナジウム (t),0024000606,平成24年6月
415,010005,生産,180000,フェロバナジウム (t),0024000707,平成24年7月
363,010005,生産,180000,フェロバナジウム (t),0024000808,平成24年8月
409,010005,生産,180000,フェロバナジウム (t),0024000909,平成24年9月
344,010005,生産,180000,フェロバナジウム (t),0024001010,平成24年10月
395,010005,生産,180000,フェロバナジウム (t),0024001111,平成24年11月
398,010005,生産,180000,フェロバナジウム (t),0024001212,平成24年12月
14478,010005,生産,190000,その他のフェロアロイ (t),0020000000,平成20年
12957,010005,生産,190000,その他のフェロアロイ (t),0021000000,平成21年
16374,010005,生産,190000,その他のフェロアロイ (t),0022000000,平成22年
20913,010005,生産,190000,その他のフェロアロイ (t),0023000000,平成23年
19364,010005,生産,190000,その他のフェロアロイ (t),0024000000,平成24年
19124,010005,生産,190000,その他のフェロアロイ (t),0022010000,平成22年度
20582,010005,生産,190000,その他のフェロアロイ (t),0023010000,平成23年度
5557,010005,生産,190000,その他のフェロアロイ (t),0024000103,平成24年 1 ～ 3 月
5196,010005,生産,190000,その他のフェロアロイ (t),0024000406,平成24年 4 ～ 6 月
2724,010005,生産,190000,その他のフェロアロイ (t),0024000709,平成24年 7 ～ 9 月
5887,010005,生産,190000,その他のフェロアロイ (t),0024001012,平成24年 10 ～ 12 月
1729,010005,生産,190000,その他のフェロアロイ (t),0024000101,平成24年1月
1799,010005,生産,190000,その他のフェロアロイ (t),0024000202,平成24年2月
2029,010005,生産,190000,その他のフェロアロイ (t),0024000303,平成24年3月
1816,010005,生産,190000,その他のフェロアロイ (t),0024000404,平成24年4月
1779,010005,生産,190000,その他のフェロアロイ (t),0024000505,平成24年5月
1601,010005,生産,190000,その他のフェロアロイ (t),0024000606,平成24年6月
809,010005,生産,190000,その他のフェロアロイ (t),0024000707,平成24年7月
691,010005,生産,190000,その他のフェロアロイ (t),0024000808,平成24年8月
1224,010005,生産,190000,その他のフェロアロイ (t),0024000909,平成24年9月
1848,010005,生産,190000,その他のフェロアロイ (t),0024001010,平成24年10月
1996,010005,生産,190000,その他のフェロアロイ (t),0024001111,平成24年11月
2043,010005,生産,190000,その他のフェロアロイ (t),0024001212,平成24年12月
257705,020005,受入,100000,合計 (t),0020000000,平成20年
124174,020005,受入,100000,合計 (t),0021000000,平成21年
204470,020005,受入,100000,合計 (t),0022000000,平成22年
186057,020005,受入,100000,合計 (t),0023000000,平成23年
214082,020005,受入,100000,合計 (t),0024000000,平成24年
208418,020005,受入,100000,合計 (t),0022010000,平成22年度
197426,020005,受入,100000,合計 (t),0023010000,平成23年度
53533,020005,受入,100000,合計 (t),0024000103,平成24年 1 ～ 3 月
44510,020005,受入,100000,合計 (t),0024000406,平成24年 4 ～ 6 月
63946,020005,受入,100000,合計 (t),0024000709,平成24年 7 ～ 9 月
52093,020005,受入,100000,合計 (t),0024001012,平成24年 10 ～ 12 月
15424,020005,受入,100000,合計 (t),0024000101,平成24年1月
19509,020005,受入,100000,合計 (t),0024000202,平成24年2月
18600,020005,受入,100000,合計 (t),0024000303,平成24年3月
17158,020005,受入,100000,合計 (t),0024000404,平成24年4月
9881,020005,受入,100000,合計 (t),0024000505,平成24年5月
17471,020005,受入,100000,合計 (t),0024000606,平成24年6月
24031,020005,受入,100000,合計 (t),0024000707,平成24年7月
17649,020005,受入,100000,合計 (t),0024000808,平成24年8月
22266,020005,受入,100000,合計 (t),0024000909,平成24年9月
11696,020005,受入,100000,合計 (t),0024001010,平成24年10月
20288,020005,受入,100000,合計 (t),0024001111,平成24年11月
20109,020005,受入,100000,合計 (t),0024001212,平成24年12月
191863,020005,受入,110000,フェロマンガン 計 (t),0020000000,平成20年
83627,020005,受入,110000,フェロマンガン 計 (t),0021000000,平成21年
144392,020005,受入,110000,フェロマンガン 計 (t),0022000000,平成22年
131351,020005,受入,110000,フェロマンガン 計 (t),0023000000,平成23年
161062,020005,受入,110000,フェロマンガン 計 (t),0024000000,平成24年
146211,020005,受入,110000,フェロマンガン 計 (t),0022010000,平成22年度
143755,020005,受入,110000,フェロマンガン 計 (t),0023010000,平成23年度
40703,020005,受入,110000,フェロマンガン 計 (t),0024000103,平成24年 1 ～ 3 月
31267,020005,受入,110000,フェロマンガン 計 (t),0024000406,平成24年 4 ～ 6 月
50870,020005,受入,110000,フェロマンガン 計 (t),0024000709,平成24年 7 ～ 9 月
38222,020005,受入,110000,フェロマンガン 計 (t),0024001012,平成24年 10 ～ 12 月
10572,020005,受入,110000,フェロマンガン 計 (t),0024000101,平成24年1月
15750,020005,受入,110000,フェロマンガン 計 (t),0024000202,平成24年2月
14381,020005,受入,110000,フェロマンガン 計 (t),0024000303,平成24年3月
12783,020005,受入,110000,フェロマンガン 計 (t),0024000404,平成24年4月
6301,020005,受入,110000,フェロマンガン 計 (t),0024000505,平成24年5月
12183,020005,受入,110000,フェロマンガン 計 (t),0024000606,平成24年6月
20139,020005,受入,110000,フェロマンガン 計 (t),0024000707,平成24年7月
12948,020005,受入,110000,フェロマンガン 計 (t),0024000808,平成24年8月
17783,020005,受入,110000,フェロマンガン 計 (t),0024000909,平成24年9月
8121,020005,受入,110000,フェロマンガン 計 (t),0024001010,平成24年10月
16605,020005,受入,110000,フェロマンガン 計 (t),0024001111,平成24年11月
13496,020005,受入,110000,フェロマンガン 計 (t),0024001212,平成24年12月
166711,020005,受入,110010,フェロマンガン 高炭素 (t),0020000000,平成20年
71609,020005,受入,110010,フェロマンガン 高炭素 (t),0021000000,平成21年
131764,020005,受入,110010,フェロマンガン 高炭素 (t),0022000000,平成22年
119225,020005,受入,110010,フェロマンガン 高炭素 (t),0023000000,平成23年
140869,020005,受入,110010,フェロマンガン 高炭素 (t),0024000000,平成24年
134089,020005,受入,110010,フェロマンガン 高炭素 (t),0022010000,平成22年度
131329,020005,受入,110010,フェロマンガン 高炭素 (t),0023010000,平成23年度
37694,020005,受入,110010,フェロマンガン 高炭素 (t),0024000103,平成24年 1 ～ 3 月
26887,020005,受入,110010,フェロマンガン 高炭素 (t),0024000406,平成24年 4 ～ 6 月
44159,020005,受入,110010,フェロマンガン 高炭素 (t),0024000709,平成24年 7 ～ 9 月
32129,020005,受入,110010,フェロマンガン 高炭素 (t),0024001012,平成24年 10 ～ 12 月
9544,020005,受入,110010,フェロマンガン 高炭素 (t),0024000101,平成24年1月
14760,020005,受入,110010,フェロマンガン 高炭素 (t),0024000202,平成24年2月
13390,020005,受入,110010,フェロマンガン 高炭素 (t),0024000303,平成24年3月
11668,020005,受入,110010,フェロマンガン 高炭素 (t),0024000404,平成24年4月
5265,020005,受入,110010,フェロマンガン 高炭素 (t),0024000505,平成24年5月
9954,020005,受入,110010,フェロマンガン 高炭素 (t),0024000606,平成24年6月
17319,020005,受入,110010,フェロマンガン 高炭素 (t),0024000707,平成24年7月
10582,020005,受入,110010,フェロマンガン 高炭素 (t),0024000808,平成24年8月
16258,020005,受入,110010,フェロマンガン 高炭素 (t),0024000909,平成24年9月
6103,020005,受入,110010,フェロマンガン 高炭素 (t),0024001010,平成24年10月
14803,020005,受入,110010,フェロマンガン 高炭素 (t),0024001111,平成24年11月
11223,020005,受入,110010,フェロマンガン 高炭素 (t),0024001212,平成24年12月
25152,020005,受入,110020,フェロマンガン 低炭素 (t),0020000000,平成20年
12018,020005,受入,110020,フェロマンガン 低炭素 (t),0021000000,平成21年
12628,020005,受入,110020,フェロマンガン 低炭素 (t),0022000000,平成22年
12126,020005,受入,110020,フェロマンガン 低炭素 (t),0023000000,平成23年
20193,020005,受入,110020,フェロマンガン 低炭素 (t),0024000000,平成24年
12122,020005,受入,110020,フェロマンガン 低炭素 (t),0022010000,平成22年度
12426,020005,受入,110020,フェロマンガン 低炭素 (t),0023010000,平成23年度
3009,020005,受入,110020,フェロマンガン 低炭素 (t),0024000103,平成24年 1 ～ 3 月
4380,020005,受入,110020,フェロマンガン 低炭素 (t),0024000406,平成24年 4 ～ 6 月
6711,020005,受入,110020,フェロマンガン 低炭素 (t),0024000709,平成24年 7 ～ 9 月
6093,020005,受入,110020,フェロマンガン 低炭素 (t),0024001012,平成24年 10 ～ 12 月
1028,020005,受入,110020,フェロマンガン 低炭素 (t),0024000101,平成24年1月
990,020005,受入,110020,フェロマンガン 低炭素 (t),0024000202,平成24年2月
991,020005,受入,110020,フェロマンガン 低炭素 (t),0024000303,平成24年3月
1115,020005,受入,110020,フェロマンガン 低炭素 (t),0024000404,平成24年4月
1036,020005,受入,110020,フェロマンガン 低炭素 (t),0024000505,平成24年5月
2229,020005,受入,110020,フェロマンガン 低炭素 (t),0024000606,平成24年6月
2820,020005,受入,110020,フェロマンガン 低炭素 (t),0024000707,平成24年7月
2366,020005,受入,110020,フェロマンガン 低炭素 (t),0024000808,平成24年8月
1525,020005,受入,110020,フェロマンガン 低炭素 (t),0024000909,平成24年9月
2018,020005,受入,110020,フェロマンガン 低炭素 (t),0024001010,平成24年10月
1802,020005,受入,110020,フェロマンガン 低炭素 (t),0024001111,平成24年11月
2273,020005,受入,110020,フェロマンガン 低炭素 (t),0024001212,平成24年12月
9092,020005,受入,120000,シリコマンガン (t),0020000000,平成20年
4485,020005,受入,120000,シリコマンガン (t),0021000000,平成21年
6790,020005,受入,120000,シリコマンガン (t),0022000000,平成22年
7690,020005,受入,120000,シリコマンガン (t),0023000000,平成23年
3842,020005,受入,120000,シリコマンガン (t),0024000000,平成24年
7763,020005,受入,120000,シリコマンガン (t),0022010000,平成22年度
7334,020005,受入,120000,シリコマンガン (t),0023010000,平成23年度
910,020005,受入,120000,シリコマンガン (t),0024000103,平成24年 1 ～ 3 月
552,020005,受入,120000,シリコマンガン (t),0024000406,平成24年 4 ～ 6 月
230,020005,受入,120000,シリコマンガン (t),0024000709,平成24年 7 ～ 9 月
2150,020005,受入,120000,シリコマンガン (t),0024001012,平成24年 10 ～ 12 月
293,020005,受入,120000,シリコマンガン (t),0024000101,平成24年1月
565,020005,受入,120000,シリコマンガン (t),0024000202,平成24年2月
52,020005,受入,120000,シリコマンガン (t),0024000303,平成24年3月
41,020005,受入,120000,シリコマンガン (t),0024000404,平成24年4月
82,020005,受入,120000,シリコマンガン (t),0024000505,平成24年5月
429,020005,受入,120000,シリコマンガン (t),0024000606,平成24年6月
137,020005,受入,120000,シリコマンガン (t),0024000707,平成24年7月
42,020005,受入,120000,シリコマンガン (t),0024000808,平成24年8月
51,020005,受入,120000,シリコマンガン (t),0024000909,平成24年9月
50,020005,受入,120000,シリコマンガン (t),0024001010,平成24年10月
547,020005,受入,120000,シリコマンガン (t),0024001111,平成24年11月
1553,020005,受入,120000,シリコマンガン (t),0024001212,平成24年12月
33454,020005,受入,130000,フェロシリコン (t),0020000000,平成20年
22085,020005,受入,130000,フェロシリコン (t),0021000000,平成21年
31172,020005,受入,130000,フェロシリコン (t),0022000000,平成22年
30149,020005,受入,130000,フェロシリコン (t),0023000000,平成23年
31442,020005,受入,130000,フェロシリコン (t),0024000000,平成24年
31577,020005,受入,130000,フェロシリコン (t),0022010000,平成22年度
30210,020005,受入,130000,フェロシリコン (t),0023010000,平成23年度
7422,020005,受入,130000,フェロシリコン (t),0024000103,平成24年 1 ～ 3 月
7684,020005,受入,130000,フェロシリコン (t),0024000406,平成24年 4 ～ 6 月
8418,020005,受入,130000,フェロシリコン (t),0024000709,平成24年 7 ～ 9 月
7918,020005,受入,130000,フェロシリコン (t),0024001012,平成24年 10 ～ 12 月
2325,020005,受入,130000,フェロシリコン (t),0024000101,平成24年1月
2344,020005,受入,130000,フェロシリコン (t),0024000202,平成24年2月
2753,020005,受入,130000,フェロシリコン (t),0024000303,平成24年3月
2858,020005,受入,130000,フェロシリコン (t),0024000404,平成24年4月
2543,020005,受入,130000,フェロシリコン (t),0024000505,平成24年5月
2283,020005,受入,130000,フェロシリコン (t),0024000606,平成24年6月
2779,020005,受入,130000,フェロシリコン (t),0024000707,平成24年7月
3102,020005,受入,130000,フェロシリコン (t),0024000808,平成24年8月
2537,020005,受入,130000,フェロシリコン (t),0024000909,平成24年9月
2426,020005,受入,130000,フェロシリコン (t),0024001010,平成24年10月
2318,020005,受入,130000,フェロシリコン (t),0024001111,平成24年11月
3174,020005,受入,130000,フェロシリコン (t),0024001212,平成24年12月
15468,020005,受入,140000,フェロクロム 計 (t),0020000000,平成20年
8728,020005,受入,140000,フェロクロム 計 (t),0021000000,平成21年
14212,020005,受入,140000,フェロクロム 計 (t),0022000000,平成22年
10203,020005,受入,140000,フェロクロム 計 (t),0023000000,平成23年
8501,020005,受入,140000,フェロクロム 計 (t),0024000000,平成24年
15092,020005,受入,140000,フェロクロム 計 (t),0022010000,平成22年度
8732,020005,受入,140000,フェロクロム 計 (t),0023010000,平成23年度
2231,020005,受入,140000,フェロクロム 計 (t),0024000103,平成24年 1 ～ 3 月
1919,020005,受入,140000,フェロクロム 計 (t),0024000406,平成24年 4 ～ 6 月
2222,020005,受入,140000,フェロクロム 計 (t),0024000709,平成24年 7 ～ 9 月
2129,020005,受入,140000,フェロクロム 計 (t),0024001012,平成24年 10 ～ 12 月
813,020005,受入,140000,フェロクロム 計 (t),0024000101,平成24年1月
684,020005,受入,140000,フェロクロム 計 (t),0024000202,平成24年2月
734,020005,受入,140000,フェロクロム 計 (t),0024000303,平成24年3月
697,020005,受入,140000,フェロクロム 計 (t),0024000404,平成24年4月
744,020005,受入,140000,フェロクロム 計 (t),0024000505,平成24年5月
478,020005,受入,140000,フェロクロム 計 (t),0024000606,平成24年6月
792,020005,受入,140000,フェロクロム 計 (t),0024000707,平成24年7月
730,020005,受入,140000,フェロクロム 計 (t),0024000808,平成24年8月
700,020005,受入,140000,フェロクロム 計 (t),0024000909,平成24年9月
915,020005,受入,140000,フェロクロム 計 (t),0024001010,平成24年10月
619,020005,受入,140000,フェロクロム 計 (t),0024001111,平成24年11月
595,020005,受入,140000,フェロクロム 計 (t),0024001212,平成24年12月
13386,020005,受入,140010,フェロクロム 高炭素 (t),0020000000,平成20年
7737,020005,受入,140010,フェロクロム 高炭素 (t),0021000000,平成21年
12744,020005,受入,140010,フェロクロム 高炭素 (t),0022000000,平成22年
8200,020005,受入,140010,フェロクロム 高炭素 (t),0023000000,平成23年
7055,020005,受入,140010,フェロクロム 高炭素 (t),0024000000,平成24年
13416,020005,受入,140010,フェロクロム 高炭素 (t),0022010000,平成22年度
6893,020005,受入,140010,フェロクロム 高炭素 (t),0023010000,平成23年度
1881,020005,受入,140010,フェロクロム 高炭素 (t),0024000103,平成24年 1 ～ 3 月
1642,020005,受入,140010,フェロクロム 高炭素 (t),0024000406,平成24年 4 ～ 6 月
1840,020005,受入,140010,フェロクロム 高炭素 (t),0024000709,平成24年 7 ～ 9 月
1692,020005,受入,140010,フェロクロム 高炭素 (t),0024001012,平成24年 10 ～ 12 月
707,020005,受入,140010,フェロクロム 高炭素 (t),0024000101,平成24年1月
567,020005,受入,140010,フェロクロム 高炭素 (t),0024000202,平成24年2月
607,020005,受入,140010,フェロクロム 高炭素 (t),0024000303,平成24年3月
564,020005,受入,140010,フェロクロム 高炭素 (t),0024000404,平成24年4月
669,020005,受入,140010,フェロクロム 高炭素 (t),0024000505,平成24年5月
409,020005,受入,140010,フェロクロム 高炭素 (t),0024000606,平成24年6月
686,020005,受入,140010,フェロクロム 高炭素 (t),0024000707,平成24年7月
602,020005,受入,140010,フェロクロム 高炭素 (t),0024000808,平成24年8月
552,020005,受入,140010,フェロクロム 高炭素 (t),0024000909,平成24年9月
751,020005,受入,140010,フェロクロム 高炭素 (t),0024001010,平成24年10月
496,020005,受入,140010,フェロクロム 高炭素 (t),0024001111,平成24年11月
445,020005,受入,140010,フェロクロム 高炭素 (t),0024001212,平成24年12月
2082,020005,受入,140020,フェロクロム 低炭素 (t),0020000000,平成20年
991,020005,受入,140020,フェロクロム 低炭素 (t),0021000000,平成21年
1468,020005,受入,140020,フェロクロム 低炭素 (t),0022000000,平成22年
2003,020005,受入,140020,フェロクロム 低炭素 (t),0023000000,平成23年
1446,020005,受入,140020,フェロクロム 低炭素 (t),0024000000,平成24年
1676,020005,受入,140020,フェロクロム 低炭素 (t),0022010000,平成22年度
1839,020005,受入,140020,フェロクロム 低炭素 (t),0023010000,平成23年度
350,020005,受入,140020,フェロクロム 低炭素 (t),0024000103,平成24年 1 ～ 3 月
277,020005,受入,140020,フェロクロム 低炭素 (t),0024000406,平成24年 4 ～ 6 月
382,020005,受入,140020,フェロクロム 低炭素 (t),0024000709,平成24年 7 ～ 9 月
437,020005,受入,140020,フェロクロム 低炭素 (t),0024001012,平成24年 10 ～ 12 月
106,020005,受入,140020,フェロクロム 低炭素 (t),0024000101,平成24年1月
117,020005,受入,140020,フェロクロム 低炭素 (t),0024000202,平成24年2月
127,020005,受入,140020,フェロクロム 低炭素 (t),0024000303,平成24年3月
133,020005,受入,140020,フェロクロム 低炭素 (t),0024000404,平成24年4月
75,020005,受入,140020,フェロクロム 低炭素 (t),0024000505,平成24年5月
69,020005,受入,140020,フェロクロム 低炭素 (t),0024000606,平成24年6月
106,020005,受入,140020,フェロクロム 低炭素 (t),0024000707,平成24年7月
128,020005,受入,140020,フェロクロム 低炭素 (t),0024000808,平成24年8月
148,020005,受入,140020,フェロクロム 低炭素 (t),0024000909,平成24年9月
164,020005,受入,140020,フェロクロム 低炭素 (t),0024001010,平成24年10月
123,020005,受入,140020,フェロクロム 低炭素 (t),0024001111,平成24年11月
150,020005,受入,140020,フェロクロム 低炭素 (t),0024001212,平成24年12月
684,020005,受入,150000,フェロニッケル (t),0020000000,平成20年
405,020005,受入,150000,フェロニッケル (t),0021000000,平成21年
849,020005,受入,150000,フェロニッケル (t),0022000000,平成22年
1238,020005,受入,150000,フェロニッケル (t),0023000000,平成23年
1031,020005,受入,150000,フェロニッケル (t),0024000000,平成24年
933,020005,受入,150000,フェロニッケル (t),0022010000,平成22年度
1235,020005,受入,150000,フェロニッケル (t),0023010000,平成23年度
216,020005,受入,150000,フェロニッケル (t),0024000103,平成24年 1 ～ 3 月
264,020005,受入,150000,フェロニッケル (t),0024000406,平成24年 4 ～ 6 月
288,020005,受入,150000,フェロニッケル (t),0024000709,平成24年 7 ～ 9 月
263,020005,受入,150000,フェロニッケル (t),0024001012,平成24年 10 ～ 12 月
69,020005,受入,150000,フェロニッケル (t),0024000101,平成24年1月
60,020005,受入,150000,フェロニッケル (t),0024000202,平成24年2月
87,020005,受入,150000,フェロニッケル (t),0024000303,平成24年3月
114,020005,受入,150000,フェロニッケル (t),0024000404,平成24年4月
105,020005,受入,150000,フェロニッケル (t),0024000505,平成24年5月
45,020005,受入,150000,フェロニッケル (t),0024000606,平成24年6月
86,020005,受入,150000,フェロニッケル (t),0024000707,平成24年7月
102,020005,受入,150000,フェロニッケル (t),0024000808,平成24年8月
100,020005,受入,150000,フェロニッケル (t),0024000909,平成24年9月
39,020005,受入,150000,フェロニッケル (t),0024001010,平成24年10月
78,020005,受入,150000,フェロニッケル (t),0024001111,平成24年11月
146,020005,受入,150000,フェロニッケル (t),0024001212,平成24年12月
-,020005,受入,160000,フェロタングステン (t),0020000000,平成20年
-,020005,受入,160000,フェロタングステン (t),0021000000,平成21年
-,020005,受入,160000,フェロタングステン (t),0022000000,平成22年
-,020005,受入,160000,フェロタングステン (t),0023000000,平成23年
-,020005,受入,160000,フェロタングステン (t),0024000000,平成24年
-,020005,受入,160000,フェロタングステン (t),0022010000,平成22年度
-,020005,受入,160000,フェロタングステン (t),0023010000,平成23年度
-,020005,受入,160000,フェロタングステン (t),0024000103,平成24年 1 ～ 3 月
-,020005,受入,160000,フェロタングステン (t),0024000406,平成24年 4 ～ 6 月
-,020005,受入,160000,フェロタングステン (t),0024000709,平成24年 7 ～ 9 月
-,020005,受入,160000,フェロタングステン (t),0024001012,平成24年 10 ～ 12 月
-,020005,受入,160000,フェロタングステン (t),0024000101,平成24年1月
-,020005,受入,160000,フェロタングステン (t),0024000202,平成24年2月
-,020005,受入,160000,フェロタングステン (t),0024000303,平成24年3月
-,020005,受入,160000,フェロタングステン (t),0024000404,平成24年4月
-,020005,受入,160000,フェロタングステン (t),0024000505,平成24年5月
-,020005,受入,160000,フェロタングステン (t),0024000606,平成24年6月
-,020005,受入,160000,フェロタングステン (t),0024000707,平成24年7月
-,020005,受入,160000,フェロタングステン (t),0024000808,平成24年8月
-,020005,受入,160000,フェロタングステン (t),0024000909,平成24年9月
-,020005,受入,160000,フェロタングステン (t),0024001010,平成24年10月
-,020005,受入,160000,フェロタングステン (t),0024001111,平成24年11月
-,020005,受入,160000,フェロタングステン (t),0024001212,平成24年12月
56,020005,受入,170000,フェロモリブデン (t),0020000000,平成20年
40,020005,受入,170000,フェロモリブデン (t),0021000000,平成21年
30,020005,受入,170000,フェロモリブデン (t),0022000000,平成22年
46,020005,受入,170000,フェロモリブデン (t),0023000000,平成23年
46,020005,受入,170000,フェロモリブデン (t),0024000000,平成24年
30,020005,受入,170000,フェロモリブデン (t),0022010000,平成22年度
49,020005,受入,170000,フェロモリブデン (t),0023010000,平成23年度
11,020005,受入,170000,フェロモリブデン (t),0024000103,平成24年 1 ～ 3 月
9,020005,受入,170000,フェロモリブデン (t),0024000406,平成24年 4 ～ 6 月
10,020005,受入,170000,フェロモリブデン (t),0024000709,平成24年 7 ～ 9 月
16,020005,受入,170000,フェロモリブデン (t),0024001012,平成24年 10 ～ 12 月
9,020005,受入,170000,フェロモリブデン (t),0024000101,平成24年1月
2,020005,受入,170000,フェロモリブデン (t),0024000202,平成24年2月
-,020005,受入,170000,フェロモリブデン (t),0024000303,平成24年3月
6,020005,受入,170000,フェロモリブデン (t),0024000404,平成24年4月
2,020005,受入,170000,フェロモリブデン (t),0024000505,平成24年5月
1,020005,受入,170000,フェロモリブデン (t),0024000606,平成24年6月
-,020005,受入,170000,フェロモリブデン (t),0024000707,平成24年7月
-,020005,受入,170000,フェロモリブデン (t),0024000808,平成24年8月
10,020005,受入,170000,フェロモリブデン (t),0024000909,平成24年9月
4,020005,受入,170000,フェロモリブデン (t),0024001010,平成24年10月
6,020005,受入,170000,フェロモリブデン (t),0024001111,平成24年11月
6,020005,受入,170000,フェロモリブデン (t),0024001212,平成24年12月
268,020005,受入,180000,フェロバナジウム (t),0020000000,平成20年
154,020005,受入,180000,フェロバナジウム (t),0021000000,平成21年
206,020005,受入,180000,フェロバナジウム (t),0022000000,平成22年
146,020005,受入,180000,フェロバナジウム (t),0023000000,平成23年
171,020005,受入,180000,フェロバナジウム (t),0024000000,平成24年
196,020005,受入,180000,フェロバナジウム (t),0022010000,平成22年度
166,020005,受入,180000,フェロバナジウム (t),0023010000,平成23年度
40,020005,受入,180000,フェロバナジウム (t),0024000103,平成24年 1 ～ 3 月
44,020005,受入,180000,フェロバナジウム (t),0024000406,平成24年 4 ～ 6 月
33,020005,受入,180000,フェロバナジウム (t),0024000709,平成24年 7 ～ 9 月
54,020005,受入,180000,フェロバナジウム (t),0024001012,平成24年 10 ～ 12 月
16,020005,受入,180000,フェロバナジウム (t),0024000101,平成24年1月
12,020005,受入,180000,フェロバナジウム (t),0024000202,平成24年2月
12,020005,受入,180000,フェロバナジウム (t),0024000303,平成24年3月
24,020005,受入,180000,フェロバナジウム (t),0024000404,平成24年4月
8,020005,受入,180000,フェロバナジウム (t),0024000505,平成24年5月
12,020005,受入,180000,フェロバナジウム (t),0024000606,平成24年6月
4,020005,受入,180000,フェロバナジウム (t),0024000707,平成24年7月
16,020005,受入,180000,フェロバナジウム (t),0024000808,平成24年8月
13,020005,受入,180000,フェロバナジウム (t),0024000909,平成24年9月
22,020005,受入,180000,フェロバナジウム (t),0024001010,平成24年10月
12,020005,受入,180000,フェロバナジウム (t),0024001111,平成24年11月
20,020005,受入,180000,フェロバナジウム (t),0024001212,平成24年12月
6820,020005,受入,190000,その他のフェロアロイ (t),0020000000,平成20年
4650,020005,受入,190000,その他のフェロアロイ (t),0021000000,平成21年
6819,020005,受入,190000,その他のフェロアロイ (t),0022000000,平成22年
5234,020005,受入,190000,その他のフェロアロイ (t),0023000000,平成23年
7987,020005,受入,190000,その他のフェロアロイ (t),0024000000,平成24年
6616,020005,受入,190000,その他のフェロアロイ (t),0022010000,平成22年度
5945,020005,受入,190000,その他のフェロアロイ (t),0023010000,平成23年度
2000,020005,受入,190000,その他のフェロアロイ (t),0024000103,平成24年 1 ～ 3 月
2771,020005,受入,190000,その他のフェロアロイ (t),0024000406,平成24年 4 ～ 6 月
1875,020005,受入,190000,その他のフェロアロイ (t),0024000709,平成24年 7 ～ 9 月
1341,020005,受入,190000,その他のフェロアロイ (t),0024001012,平成24年 10 ～ 12 月
1327,020005,受入,190000,その他のフェロアロイ (t),0024000101,平成24年1月
92,020005,受入,190000,その他のフェロアロイ (t),0024000202,平成24年2月
581,020005,受入,190000,その他のフェロアロイ (t),0024000303,平成24年3月
635,020005,受入,190000,その他のフェロアロイ (t),0024000404,平成24年4月
96,020005,受入,190000,その他のフェロアロイ (t),0024000505,平成24年5月
2040,020005,受入,190000,その他のフェロアロイ (t),0024000606,平成24年6月
94,020005,受入,190000,その他のフェロアロイ (t),0024000707,平成24年7月
709,020005,受入,190000,その他のフェロアロイ (t),0024000808,平成24年8月
1072,020005,受入,190000,その他のフェロアロイ (t),0024000909,平成24年9月
119,020005,受入,190000,その他のフェロアロイ (t),0024001010,平成24年10月
103,020005,受入,190000,その他のフェロアロイ (t),0024001111,平成24年11月
1119,020005,受入,190000,その他のフェロアロイ (t),0024001212,平成24年12月
296436,030002,消費,100000,合計 (t),0020000000,平成20年
212309,030002,消費,100000,合計 (t),0021000000,平成21年
296472,030002,消費,100000,合計 (t),0022000000,平成22年
301754,030002,消費,100000,合計 (t),0023000000,平成23年
300273,030002,消費,100000,合計 (t),0024000000,平成24年
306165,030002,消費,100000,合計 (t),0022010000,平成22年度
302767,030002,消費,100000,合計 (t),0023010000,平成23年度
80035,030002,消費,100000,合計 (t),0024000103,平成24年 1 ～ 3 月
78964,030002,消費,100000,合計 (t),0024000406,平成24年 4 ～ 6 月
79191,030002,消費,100000,合計 (t),0024000709,平成24年 7 ～ 9 月
62083,030002,消費,100000,合計 (t),0024001012,平成24年 10 ～ 12 月
28324,030002,消費,100000,合計 (t),0024000101,平成24年1月
24696,030002,消費,100000,合計 (t),0024000202,平成24年2月
27015,030002,消費,100000,合計 (t),0024000303,平成24年3月
26272,030002,消費,100000,合計 (t),0024000404,平成24年4月
26905,030002,消費,100000,合計 (t),0024000505,平成24年5月
25787,030002,消費,100000,合計 (t),0024000606,平成24年6月
27600,030002,消費,100000,合計 (t),0024000707,平成24年7月
26269,030002,消費,100000,合計 (t),0024000808,平成24年8月
25322,030002,消費,100000,合計 (t),0024000909,平成24年9月
24167,030002,消費,100000,合計 (t),0024001010,平成24年10月
15782,030002,消費,100000,合計 (t),0024001111,平成24年11月
22134,030002,消費,100000,合計 (t),0024001212,平成24年12月
206112,030002,消費,110000,フェロマンガン 計 (t),0020000000,平成20年
142356,030002,消費,110000,フェロマンガン 計 (t),0021000000,平成21年
200527,030002,消費,110000,フェロマンガン 計 (t),0022000000,平成22年
195492,030002,消費,110000,フェロマンガン 計 (t),0023000000,平成23年
197790,030002,消費,110000,フェロマンガン 計 (t),0024000000,平成24年
206965,030002,消費,110000,フェロマンガン 計 (t),0022010000,平成22年度
195821,030002,消費,110000,フェロマンガン 計 (t),0023010000,平成23年度
52377,030002,消費,110000,フェロマンガン 計 (t),0024000103,平成24年 1 ～ 3 月
52050,030002,消費,110000,フェロマンガン 計 (t),0024000406,平成24年 4 ～ 6 月
53896,030002,消費,110000,フェロマンガン 計 (t),0024000709,平成24年 7 ～ 9 月
39467,030002,消費,110000,フェロマンガン 計 (t),0024001012,平成24年 10 ～ 12 月
19175,030002,消費,110000,フェロマンガン 計 (t),0024000101,平成24年1月
15861,030002,消費,110000,フェロマンガン 計 (t),0024000202,平成24年2月
17341,030002,消費,110000,フェロマンガン 計 (t),0024000303,平成24年3月
16617,030002,消費,110000,フェロマンガン 計 (t),0024000404,平成24年4月
18292,030002,消費,110000,フェロマンガン 計 (t),0024000505,平成24年5月
17141,030002,消費,110000,フェロマンガン 計 (t),0024000606,平成24年6月
18654,030002,消費,110000,フェロマンガン 計 (t),0024000707,平成24年7月
17694,030002,消費,110000,フェロマンガン 計 (t),0024000808,平成24年8月
17548,030002,消費,110000,フェロマンガン 計 (t),0024000909,平成24年9月
16168,030002,消費,110000,フェロマンガン 計 (t),0024001010,平成24年10月
7986,030002,消費,110000,フェロマンガン 計 (t),0024001111,平成24年11月
15313,030002,消費,110000,フェロマンガン 計 (t),0024001212,平成24年12月
151308,030002,消費,110010,フェロマンガン 高炭素 (t),0020000000,平成20年
106218,030002,消費,110010,フェロマンガン 高炭素 (t),0021000000,平成21年
147592,030002,消費,110010,フェロマンガン 高炭素 (t),0022000000,平成22年
143206,030002,消費,110010,フェロマンガン 高炭素 (t),0023000000,平成23年
144552,030002,消費,110010,フェロマンガン 高炭素 (t),0024000000,平成24年
152713,030002,消費,110010,フェロマンガン 高炭素 (t),0022010000,平成22年度
143049,030002,消費,110010,フェロマンガン 高炭素 (t),0023010000,平成23年度
38287,030002,消費,110010,フェロマンガン 高炭素 (t),0024000103,平成24年 1 ～ 3 月
37809,030002,消費,110010,フェロマンガン 高炭素 (t),0024000406,平成24年 4 ～ 6 月
39162,030002,消費,110010,フェロマンガン 高炭素 (t),0024000709,平成24年 7 ～ 9 月
29294,030002,消費,110010,フェロマンガン 高炭素 (t),0024001012,平成24年 10 ～ 12 月
14040,030002,消費,110010,フェロマンガン 高炭素 (t),0024000101,平成24年1月
11579,030002,消費,110010,フェロマンガン 高炭素 (t),0024000202,平成24年2月
12668,030002,消費,110010,フェロマンガン 高炭素 (t),0024000303,平成24年3月
11915,030002,消費,110010,フェロマンガン 高炭素 (t),0024000404,平成24年4月
13303,030002,消費,110010,フェロマンガン 高炭素 (t),0024000505,平成24年5月
12591,030002,消費,110010,フェロマンガン 高炭素 (t),0024000606,平成24年6月
13419,030002,消費,110010,フェロマンガン 高炭素 (t),0024000707,平成24年7月
12940,030002,消費,110010,フェロマンガン 高炭素 (t),0024000808,平成24年8月
12803,030002,消費,110010,フェロマンガン 高炭素 (t),0024000909,平成24年9月
11977,030002,消費,110010,フェロマンガン 高炭素 (t),0024001010,平成24年10月
5959,030002,消費,110010,フェロマンガン 高炭素 (t),0024001111,平成24年11月
11358,030002,消費,110010,フェロマンガン 高炭素 (t),0024001212,平成24年12月
54804,030002,消費,110020,フェロマンガン 低炭素 (t),0020000000,平成20年
36138,030002,消費,110020,フェロマンガン 低炭素 (t),0021000000,平成21年
52935,030002,消費,110020,フェロマンガン 低炭素 (t),0022000000,平成22年
52286,030002,消費,110020,フェロマンガン 低炭素 (t),0023000000,平成23年
53238,030002,消費,110020,フェロマンガン 低炭素 (t),0024000000,平成24年
54252,030002,消費,110020,フェロマンガン 低炭素 (t),0022010000,平成22年度
52772,030002,消費,110020,フェロマンガン 低炭素 (t),0023010000,平成23年度
14090,030002,消費,110020,フェロマンガン 低炭素 (t),0024000103,平成24年 1 ～ 3 月
14241,030002,消費,110020,フェロマンガン 低炭素 (t),0024000406,平成24年 4 ～ 6 月
14734,030002,消費,110020,フェロマンガン 低炭素 (t),0024000709,平成24年 7 ～ 9 月
10173,030002,消費,110020,フェロマンガン 低炭素 (t),0024001012,平成24年 10 ～ 12 月
5135,030002,消費,110020,フェロマンガン 低炭素 (t),0024000101,平成24年1月
4282,030002,消費,110020,フェロマンガン 低炭素 (t),0024000202,平成24年2月
4673,030002,消費,110020,フェロマンガン 低炭素 (t),0024000303,平成24年3月
4702,030002,消費,110020,フェロマンガン 低炭素 (t),0024000404,平成24年4月
4989,030002,消費,110020,フェロマンガン 低炭素 (t),0024000505,平成24年5月
4550,030002,消費,110020,フェロマンガン 低炭素 (t),0024000606,平成24年6月
5235,030002,消費,110020,フェロマンガン 低炭素 (t),0024000707,平成24年7月
4754,030002,消費,110020,フェロマンガン 低炭素 (t),0024000808,平成24年8月
4745,030002,消費,110020,フェロマンガン 低炭素 (t),0024000909,平成24年9月
4191,030002,消費,110020,フェロマンガン 低炭素 (t),0024001010,平成24年10月
2027,030002,消費,110020,フェロマンガン 低炭素 (t),0024001111,平成24年11月
3955,030002,消費,110020,フェロマンガン 低炭素 (t),0024001212,平成24年12月
39816,030002,消費,120000,シリコマンガン (t),0020000000,平成20年
38721,030002,消費,120000,シリコマンガン (t),0021000000,平成21年
48777,030002,消費,120000,シリコマンガン (t),0022000000,平成22年
56961,030002,消費,120000,シリコマンガン (t),0023000000,平成23年
54845,030002,消費,120000,シリコマンガン (t),0024000000,平成24年
51286,030002,消費,120000,シリコマンガン (t),0022010000,平成22年度
57685,030002,消費,120000,シリコマンガン (t),0023010000,平成23年度
15770,030002,消費,120000,シリコマンガン (t),0024000103,平成24年 1 ～ 3 月
14779,030002,消費,120000,シリコマンガン (t),0024000406,平成24年 4 ～ 6 月
13135,030002,消費,120000,シリコマンガン (t),0024000709,平成24年 7 ～ 9 月
11161,030002,消費,120000,シリコマンガン (t),0024001012,平成24年 10 ～ 12 月
5380,030002,消費,120000,シリコマンガン (t),0024000101,平成24年1月
5100,030002,消費,120000,シリコマンガン (t),0024000202,平成24年2月
5290,030002,消費,120000,シリコマンガン (t),0024000303,平成24年3月
5131,030002,消費,120000,シリコマンガン (t),0024000404,平成24年4月
4665,030002,消費,120000,シリコマンガン (t),0024000505,平成24年5月
4983,030002,消費,120000,シリコマンガン (t),0024000606,平成24年6月
4628,030002,消費,120000,シリコマンガン (t),0024000707,平成24年7月
4553,030002,消費,120000,シリコマンガン (t),0024000808,平成24年8月
3954,030002,消費,120000,シリコマンガン (t),0024000909,平成24年9月
3948,030002,消費,120000,シリコマンガン (t),0024001010,平成24年10月
4289,030002,消費,120000,シリコマンガン (t),0024001111,平成24年11月
2924,030002,消費,120000,シリコマンガン (t),0024001212,平成24年12月
32246,030002,消費,130000,フェロシリコン (t),0020000000,平成20年
21192,030002,消費,130000,フェロシリコン (t),0021000000,平成21年
29973,030002,消費,130000,フェロシリコン (t),0022000000,平成22年
29212,030002,消費,130000,フェロシリコン (t),0023000000,平成23年
29575,030002,消費,130000,フェロシリコン (t),0024000000,平成24年
30504,030002,消費,130000,フェロシリコン (t),0022010000,平成22年度
28900,030002,消費,130000,フェロシリコン (t),0023010000,平成23年度
7202,030002,消費,130000,フェロシリコン (t),0024000103,平成24年 1 ～ 3 月
7504,030002,消費,130000,フェロシリコン (t),0024000406,平成24年 4 ～ 6 月
7490,030002,消費,130000,フェロシリコン (t),0024000709,平成24年 7 ～ 9 月
7379,030002,消費,130000,フェロシリコン (t),0024001012,平成24年 10 ～ 12 月
2174,030002,消費,130000,フェロシリコン (t),0024000101,平成24年1月
2324,030002,消費,130000,フェロシリコン (t),0024000202,平成24年2月
2704,030002,消費,130000,フェロシリコン (t),0024000303,平成24年3月
2420,030002,消費,130000,フェロシリコン (t),0024000404,平成24年4月
2732,030002,消費,130000,フェロシリコン (t),0024000505,平成24年5月
2352,030002,消費,130000,フェロシリコン (t),0024000606,平成24年6月
2644,030002,消費,130000,フェロシリコン (t),0024000707,平成24年7月
2527,030002,消費,130000,フェロシリコン (t),0024000808,平成24年8月
2319,030002,消費,130000,フェロシリコン (t),0024000909,平成24年9月
2433,030002,消費,130000,フェロシリコン (t),0024001010,平成24年10月
2296,030002,消費,130000,フェロシリコン (t),0024001111,平成24年11月
2650,030002,消費,130000,フェロシリコン (t),0024001212,平成24年12月
10864,030002,消費,140000,フェロクロム 計 (t),0020000000,平成20年
5443,030002,消費,140000,フェロクロム 計 (t),0021000000,平成21年
8757,030002,消費,140000,フェロクロム 計 (t),0022000000,平成22年
9925,030002,消費,140000,フェロクロム 計 (t),0023000000,平成23年
9663,030002,消費,140000,フェロクロム 計 (t),0024000000,平成24年
9144,030002,消費,140000,フェロクロム 計 (t),0022010000,平成22年度
10165,030002,消費,140000,フェロクロム 計 (t),0023010000,平成23年度
2636,030002,消費,140000,フェロクロム 計 (t),0024000103,平成24年 1 ～ 3 月
2307,030002,消費,140000,フェロクロム 計 (t),0024000406,平成24年 4 ～ 6 月
2504,030002,消費,140000,フェロクロム 計 (t),0024000709,平成24年 7 ～ 9 月
2216,030002,消費,140000,フェロクロム 計 (t),0024001012,平成24年 10 ～ 12 月
917,030002,消費,140000,フェロクロム 計 (t),0024000101,平成24年1月
803,030002,消費,140000,フェロクロム 計 (t),0024000202,平成24年2月
916,030002,消費,140000,フェロクロム 計 (t),0024000303,平成24年3月
862,030002,消費,140000,フェロクロム 計 (t),0024000404,平成24年4月
847,030002,消費,140000,フェロクロム 計 (t),0024000505,平成24年5月
598,030002,消費,140000,フェロクロム 計 (t),0024000606,平成24年6月
922,030002,消費,140000,フェロクロム 計 (t),0024000707,平成24年7月
772,030002,消費,140000,フェロクロム 計 (t),0024000808,平成24年8月
810,030002,消費,140000,フェロクロム 計 (t),0024000909,平成24年9月
962,030002,消費,140000,フェロクロム 計 (t),0024001010,平成24年10月
630,030002,消費,140000,フェロクロム 計 (t),0024001111,平成24年11月
624,030002,消費,140000,フェロクロム 計 (t),0024001212,平成24年12月
7285,030002,消費,140010,フェロクロム 高炭素 (t),0020000000,平成20年
3783,030002,消費,140010,フェロクロム 高炭素 (t),0021000000,平成21年
6686,030002,消費,140010,フェロクロム 高炭素 (t),0022000000,平成22年
6711,030002,消費,140010,フェロクロム 高炭素 (t),0023000000,平成23年
7043,030002,消費,140010,フェロクロム 高炭素 (t),0024000000,平成24年
6784,030002,消費,140010,フェロクロム 高炭素 (t),0022010000,平成22年度
6889,030002,消費,140010,フェロクロム 高炭素 (t),0023010000,平成23年度
1856,030002,消費,140010,フェロクロム 高炭素 (t),0024000103,平成24年 1 ～ 3 月
1642,030002,消費,140010,フェロクロム 高炭素 (t),0024000406,平成24年 4 ～ 6 月
1853,030002,消費,140010,フェロクロム 高炭素 (t),0024000709,平成24年 7 ～ 9 月
1692,030002,消費,140010,フェロクロム 高炭素 (t),0024001012,平成24年 10 ～ 12 月
707,030002,消費,140010,フェロクロム 高炭素 (t),0024000101,平成24年1月
567,030002,消費,140010,フェロクロム 高炭素 (t),0024000202,平成24年2月
582,030002,消費,140010,フェロクロム 高炭素 (t),0024000303,平成24年3月
564,030002,消費,140010,フェロクロム 高炭素 (t),0024000404,平成24年4月
669,030002,消費,140010,フェロクロム 高炭素 (t),0024000505,平成24年5月
409,030002,消費,140010,フェロクロム 高炭素 (t),0024000606,平成24年6月
686,030002,消費,140010,フェロクロム 高炭素 (t),0024000707,平成24年7月
602,030002,消費,140010,フェロクロム 高炭素 (t),0024000808,平成24年8月
565,030002,消費,140010,フェロクロム 高炭素 (t),0024000909,平成24年9月
751,030002,消費,140010,フェロクロム 高炭素 (t),0024001010,平成24年10月
496,030002,消費,140010,フェロクロム 高炭素 (t),0024001111,平成24年11月
445,030002,消費,140010,フェロクロム 高炭素 (t),0024001212,平成24年12月
3579,030002,消費,140020,フェロクロム 低炭素 (t),0020000000,平成20年
1660,030002,消費,140020,フェロクロム 低炭素 (t),0021000000,平成21年
2071,030002,消費,140020,フェロクロム 低炭素 (t),0022000000,平成22年
3214,030002,消費,140020,フェロクロム 低炭素 (t),0023000000,平成23年
2620,030002,消費,140020,フェロクロム 低炭素 (t),0024000000,平成24年
2360,030002,消費,140020,フェロクロム 低炭素 (t),0022010000,平成22年度
3276,030002,消費,140020,フェロクロム 低炭素 (t),0023010000,平成23年度
780,030002,消費,140020,フェロクロム 低炭素 (t),0024000103,平成24年 1 ～ 3 月
665,030002,消費,140020,フェロクロム 低炭素 (t),0024000406,平成24年 4 ～ 6 月
651,030002,消費,140020,フェロクロム 低炭素 (t),0024000709,平成24年 7 ～ 9 月
524,030002,消費,140020,フェロクロム 低炭素 (t),0024001012,平成24年 10 ～ 12 月
210,030002,消費,140020,フェロクロム 低炭素 (t),0024000101,平成24年1月
236,030002,消費,140020,フェロクロム 低炭素 (t),0024000202,平成24年2月
334,030002,消費,140020,フェロクロム 低炭素 (t),0024000303,平成24年3月
298,030002,消費,140020,フェロクロム 低炭素 (t),0024000404,平成24年4月
178,030002,消費,140020,フェロクロム 低炭素 (t),0024000505,平成24年5月
189,030002,消費,140020,フェロクロム 低炭素 (t),0024000606,平成24年6月
236,030002,消費,140020,フェロクロム 低炭素 (t),0024000707,平成24年7月
170,030002,消費,140020,フェロクロム 低炭素 (t),0024000808,平成24年8月
245,030002,消費,140020,フェロクロム 低炭素 (t),0024000909,平成24年9月
211,030002,消費,140020,フェロクロム 低炭素 (t),0024001010,平成24年10月
134,030002,消費,140020,フェロクロム 低炭素 (t),0024001111,平成24年11月
179,030002,消費,140020,フェロクロム 低炭素 (t),0024001212,平成24年12月
735,030002,消費,150000,フェロニッケル (t),0020000000,平成20年
424,030002,消費,150000,フェロニッケル (t),0021000000,平成21年
830,030002,消費,150000,フェロニッケル (t),0022000000,平成22年
3388,030002,消費,150000,フェロニッケル (t),0023000000,平成23年
944,030002,消費,150000,フェロニッケル (t),0024000000,平成24年
933,030002,消費,150000,フェロニッケル (t),0022010000,平成22年度
3396,030002,消費,150000,フェロニッケル (t),0023010000,平成23年度
253,030002,消費,150000,フェロニッケル (t),0024000103,平成24年 1 ～ 3 月
211,030002,消費,150000,フェロニッケル (t),0024000406,平成24年 4 ～ 6 月
240,030002,消費,150000,フェロニッケル (t),0024000709,平成24年 7 ～ 9 月
240,030002,消費,150000,フェロニッケル (t),0024001012,平成24年 10 ～ 12 月
78,030002,消費,150000,フェロニッケル (t),0024000101,平成24年1月
69,030002,消費,150000,フェロニッケル (t),0024000202,平成24年2月
106,030002,消費,150000,フェロニッケル (t),0024000303,平成24年3月
98,030002,消費,150000,フェロニッケル (t),0024000404,平成24年4月
35,030002,消費,150000,フェロニッケル (t),0024000505,平成24年5月
78,030002,消費,150000,フェロニッケル (t),0024000606,平成24年6月
100,030002,消費,150000,フェロニッケル (t),0024000707,平成24年7月
77,030002,消費,150000,フェロニッケル (t),0024000808,平成24年8月
63,030002,消費,150000,フェロニッケル (t),0024000909,平成24年9月
69,030002,消費,150000,フェロニッケル (t),0024001010,平成24年10月
101,030002,消費,150000,フェロニッケル (t),0024001111,平成24年11月
70,030002,消費,150000,フェロニッケル (t),0024001212,平成24年12月
-,030002,消費,160000,フェロタングステン (t),0020000000,平成20年
-,030002,消費,160000,フェロタングステン (t),0021000000,平成21年
-,030002,消費,160000,フェロタングステン (t),0022000000,平成22年
-,030002,消費,160000,フェロタングステン (t),0023000000,平成23年
-,030002,消費,160000,フェロタングステン (t),0024000000,平成24年
-,030002,消費,160000,フェロタングステン (t),0022010000,平成22年度
-,030002,消費,160000,フェロタングステン (t),0023010000,平成23年度
-,030002,消費,160000,フェロタングステン (t),0024000103,平成24年 1 ～ 3 月
-,030002,消費,160000,フェロタングステン (t),0024000406,平成24年 4 ～ 6 月
-,030002,消費,160000,フェロタングステン (t),0024000709,平成24年 7 ～ 9 月
-,030002,消費,160000,フェロタングステン (t),0024001012,平成24年 10 ～ 12 月
-,030002,消費,160000,フェロタングステン (t),0024000101,平成24年1月
-,030002,消費,160000,フェロタングステン (t),0024000202,平成24年2月
-,030002,消費,160000,フェロタングステン (t),0024000303,平成24年3月
-,030002,消費,160000,フェロタングステン (t),0024000404,平成24年4月
-,030002,消費,160000,フェロタングステン (t),0024000505,平成24年5月
-,030002,消費,160000,フェロタングステン (t),0024000606,平成24年6月
-,030002,消費,160000,フェロタングステン (t),0024000707,平成24年7月
-,030002,消費,160000,フェロタングステン (t),0024000808,平成24年8月
-,030002,消費,160000,フェロタングステン (t),0024000909,平成24年9月
-,030002,消費,160000,フェロタングステン (t),0024001010,平成24年10月
-,030002,消費,160000,フェロタングステン (t),0024001111,平成24年11月
-,030002,消費,160000,フェロタングステン (t),0024001212,平成24年12月
50,030002,消費,170000,フェロモリブデン (t),0020000000,平成20年
37,030002,消費,170000,フェロモリブデン (t),0021000000,平成21年
29,030002,消費,170000,フェロモリブデン (t),0022000000,平成22年
38,030002,消費,170000,フェロモリブデン (t),0023000000,平成23年
53,030002,消費,170000,フェロモリブデン (t),0024000000,平成24年
30,030002,消費,170000,フェロモリブデン (t),0022010000,平成22年度
47,030002,消費,170000,フェロモリブデン (t),0023010000,平成23年度
18,030002,消費,170000,フェロモリブデン (t),0024000103,平成24年 1 ～ 3 月
9,030002,消費,170000,フェロモリブデン (t),0024000406,平成24年 4 ～ 6 月
10,030002,消費,170000,フェロモリブデン (t),0024000709,平成24年 7 ～ 9 月
16,030002,消費,170000,フェロモリブデン (t),0024001012,平成24年 10 ～ 12 月
9,030002,消費,170000,フェロモリブデン (t),0024000101,平成24年1月
2,030002,消費,170000,フェロモリブデン (t),0024000202,平成24年2月
7,030002,消費,170000,フェロモリブデン (t),0024000303,平成24年3月
6,030002,消費,170000,フェロモリブデン (t),0024000404,平成24年4月
2,030002,消費,170000,フェロモリブデン (t),0024000505,平成24年5月
1,030002,消費,170000,フェロモリブデン (t),0024000606,平成24年6月
-,030002,消費,170000,フェロモリブデン (t),0024000707,平成24年7月
-,030002,消費,170000,フェロモリブデン (t),0024000808,平成24年8月
10,030002,消費,170000,フェロモリブデン (t),0024000909,平成24年9月
4,030002,消費,170000,フェロモリブデン (t),0024001010,平成24年10月
6,030002,消費,170000,フェロモリブデン (t),0024001111,平成24年11月
6,030002,消費,170000,フェロモリブデン (t),0024001212,平成24年12月
331,030002,消費,180000,フェロバナジウム (t),0020000000,平成20年
307,030002,消費,180000,フェロバナジウム (t),0021000000,平成21年
585,030002,消費,180000,フェロバナジウム (t),0022000000,平成22年
326,030002,消費,180000,フェロバナジウム (t),0023000000,平成23年
383,030002,消費,180000,フェロバナジウム (t),0024000000,平成24年
510,030002,消費,180000,フェロバナジウム (t),0022010000,平成22年度
334,030002,消費,180000,フェロバナジウム (t),0023010000,平成23年度
75,030002,消費,180000,フェロバナジウム (t),0024000103,平成24年 1 ～ 3 月
58,030002,消費,180000,フェロバナジウム (t),0024000406,平成24年 4 ～ 6 月
87,030002,消費,180000,フェロバナジウム (t),0024000709,平成24年 7 ～ 9 月
163,030002,消費,180000,フェロバナジウム (t),0024001012,平成24年 10 ～ 12 月
24,030002,消費,180000,フェロバナジウム (t),0024000101,平成24年1月
19,030002,消費,180000,フェロバナジウム (t),0024000202,平成24年2月
32,030002,消費,180000,フェロバナジウム (t),0024000303,平成24年3月
24,030002,消費,180000,フェロバナジウム (t),0024000404,平成24年4月
13,030002,消費,180000,フェロバナジウム (t),0024000505,平成24年5月
21,030002,消費,180000,フェロバナジウム (t),0024000606,平成24年6月
24,030002,消費,180000,フェロバナジウム (t),0024000707,平成24年7月
33,030002,消費,180000,フェロバナジウム (t),0024000808,平成24年8月
30,030002,消費,180000,フェロバナジウム (t),0024000909,平成24年9月
31,030002,消費,180000,フェロバナジウム (t),0024001010,平成24年10月
20,030002,消費,180000,フェロバナジウム (t),0024001111,平成24年11月
112,030002,消費,180000,フェロバナジウム (t),0024001212,平成24年12月
6282,030002,消費,190000,その他のフェロアロイ (t),0020000000,平成20年
3829,030002,消費,190000,その他のフェロアロイ (t),0021000000,平成21年
6994,030002,消費,190000,その他のフェロアロイ (t),0022000000,平成22年
6412,030002,消費,190000,その他のフェロアロイ (t),0023000000,平成23年
7020,030002,消費,190000,その他のフェロアロイ (t),0024000000,平成24年
6793,030002,消費,190000,その他のフェロアロイ (t),0022010000,平成22年度
6419,030002,消費,190000,その他のフェロアロイ (t),0023010000,平成23年度
1704,030002,消費,190000,その他のフェロアロイ (t),0024000103,平成24年 1 ～ 3 月
2046,030002,消費,190000,その他のフェロアロイ (t),0024000406,平成24年 4 ～ 6 月
1829,030002,消費,190000,その他のフェロアロイ (t),0024000709,平成24年 7 ～ 9 月
1441,030002,消費,190000,その他のフェロアロイ (t),0024001012,平成24年 10 ～ 12 月
567,030002,消費,190000,その他のフェロアロイ (t),0024000101,平成24年1月
518,030002,消費,190000,その他のフェロアロイ (t),0024000202,平成24年2月
619,030002,消費,190000,その他のフェロアロイ (t),0024000303,平成24年3月
1114,030002,消費,190000,その他のフェロアロイ (t),0024000404,平成24年4月
319,030002,消費,190000,その他のフェロアロイ (t),0024000505,平成24年5月
613,030002,消費,190000,その他のフェロアロイ (t),0024000606,平成24年6月
628,030002,消費,190000,その他のフェロアロイ (t),0024000707,平成24年7月
613,030002,消費,190000,その他のフェロアロイ (t),0024000808,平成24年8月
588,030002,消費,190000,その他のフェロアロイ (t),0024000909,平成24年9月
552,030002,消費,190000,その他のフェロアロイ (t),0024001010,平成24年10月
454,030002,消費,190000,その他のフェロアロイ (t),0024001111,平成24年11月
435,030002,消費,190000,その他のフェロアロイ (t),0024001212,平成24年12月
898170,040005,出荷 販売,100000,合計 (t),0020000000,平成20年
724209,040005,出荷 販売,100000,合計 (t),0021000000,平成21年
911621,040005,出荷 販売,100000,合計 (t),0022000000,平成22年
827039,040005,出荷 販売,100000,合計 (t),0023000000,平成23年
933194,040005,出荷 販売,100000,合計 (t),0024000000,平成24年
919766,040005,出荷 販売,100000,合計 (t),0022010000,平成22年度
830578,040005,出荷 販売,100000,合計 (t),0023010000,平成23年度
221837,040005,出荷 販売,100000,合計 (t),0024000103,平成24年 1 ～ 3 月
244248,040005,出荷 販売,100000,合計 (t),0024000406,平成24年 4 ～ 6 月
231891,040005,出荷 販売,100000,合計 (t),0024000709,平成24年 7 ～ 9 月
235218,040005,出荷 販売,100000,合計 (t),0024001012,平成24年 10 ～ 12 月
69182,040005,出荷 販売,100000,合計 (t),0024000101,平成24年1月
72805,040005,出荷 販売,100000,合計 (t),0024000202,平成24年2月
79850,040005,出荷 販売,100000,合計 (t),0024000303,平成24年3月
87244,040005,出荷 販売,100000,合計 (t),0024000404,平成24年4月
74731,040005,出荷 販売,100000,合計 (t),0024000505,平成24年5月
82273,040005,出荷 販売,100000,合計 (t),0024000606,平成24年6月
75037,040005,出荷 販売,100000,合計 (t),0024000707,平成24年7月
81094,040005,出荷 販売,100000,合計 (t),0024000808,平成24年8月
75760,040005,出荷 販売,100000,合計 (t),0024000909,平成24年9月
76955,040005,出荷 販売,100000,合計 (t),0024001010,平成24年10月
77975,040005,出荷 販売,100000,合計 (t),0024001111,平成24年11月
80288,040005,出荷 販売,100000,合計 (t),0024001212,平成24年12月
571618,040005,出荷 販売,110000,フェロマンガン 計 (t),0020000000,平成20年
402458,040005,出荷 販売,110000,フェロマンガン 計 (t),0021000000,平成21年
531411,040005,出荷 販売,110000,フェロマンガン 計 (t),0022000000,平成22年
529999,040005,出荷 販売,110000,フェロマンガン 計 (t),0023000000,平成23年
543946,040005,出荷 販売,110000,フェロマンガン 計 (t),0024000000,平成24年
542244,040005,出荷 販売,110000,フェロマンガン 計 (t),0022010000,平成22年度
526431,040005,出荷 販売,110000,フェロマンガン 計 (t),0023010000,平成23年度
129857,040005,出荷 販売,110000,フェロマンガン 計 (t),0024000103,平成24年 1 ～ 3 月
145947,040005,出荷 販売,110000,フェロマンガン 計 (t),0024000406,平成24年 4 ～ 6 月
135541,040005,出荷 販売,110000,フェロマンガン 計 (t),0024000709,平成24年 7 ～ 9 月
132601,040005,出荷 販売,110000,フェロマンガン 計 (t),0024001012,平成24年 10 ～ 12 月
43213,040005,出荷 販売,110000,フェロマンガン 計 (t),0024000101,平成24年1月
41647,040005,出荷 販売,110000,フェロマンガン 計 (t),0024000202,平成24年2月
44997,040005,出荷 販売,110000,フェロマンガン 計 (t),0024000303,平成24年3月
50148,040005,出荷 販売,110000,フェロマンガン 計 (t),0024000404,平成24年4月
47510,040005,出荷 販売,110000,フェロマンガン 計 (t),0024000505,平成24年5月
48289,040005,出荷 販売,110000,フェロマンガン 計 (t),0024000606,平成24年6月
45677,040005,出荷 販売,110000,フェロマンガン 計 (t),0024000707,平成24年7月
47769,040005,出荷 販売,110000,フェロマンガン 計 (t),0024000808,平成24年8月
42095,040005,出荷 販売,110000,フェロマンガン 計 (t),0024000909,平成24年9月
42911,040005,出荷 販売,110000,フェロマンガン 計 (t),0024001010,平成24年10月
43698,040005,出荷 販売,110000,フェロマンガン 計 (t),0024001111,平成24年11月
45992,040005,出荷 販売,110000,フェロマンガン 計 (t),0024001212,平成24年12月
451872,040005,出荷 販売,110010,フェロマンガン 高炭素 (t),0020000000,平成20年
319762,040005,出荷 販売,110010,フェロマンガン 高炭素 (t),0021000000,平成21年
412780,040005,出荷 販売,110010,フェロマンガン 高炭素 (t),0022000000,平成22年
410202,040005,出荷 販売,110010,フェロマンガン 高炭素 (t),0023000000,平成23年
415782,040005,出荷 販売,110010,フェロマンガン 高炭素 (t),0024000000,平成24年
423356,040005,出荷 販売,110010,フェロマンガン 高炭素 (t),0022010000,平成22年度
403033,040005,出荷 販売,110010,フェロマンガン 高炭素 (t),0023010000,平成23年度
99105,040005,出荷 販売,110010,フェロマンガン 高炭素 (t),0024000103,平成24年 1 ～ 3 月
111334,040005,出荷 販売,110010,フェロマンガン 高炭素 (t),0024000406,平成24年 4 ～ 6 月
104822,040005,出荷 販売,110010,フェロマンガン 高炭素 (t),0024000709,平成24年 7 ～ 9 月
100521,040005,出荷 販売,110010,フェロマンガン 高炭素 (t),0024001012,平成24年 10 ～ 12 月
33682,040005,出荷 販売,110010,フェロマンガン 高炭素 (t),0024000101,平成24年1月
31843,040005,出荷 販売,110010,フェロマンガン 高炭素 (t),0024000202,平成24年2月
33580,040005,出荷 販売,110010,フェロマンガン 高炭素 (t),0024000303,平成24年3月
37214,040005,出荷 販売,110010,フェロマンガン 高炭素 (t),0024000404,平成24年4月
36261,040005,出荷 販売,110010,フェロマンガン 高炭素 (t),0024000505,平成24年5月
37859,040005,出荷 販売,110010,フェロマンガン 高炭素 (t),0024000606,平成24年6月
35596,040005,出荷 販売,110010,フェロマンガン 高炭素 (t),0024000707,平成24年7月
36904,040005,出荷 販売,110010,フェロマンガン 高炭素 (t),0024000808,平成24年8月
32322,040005,出荷 販売,110010,フェロマンガン 高炭素 (t),0024000909,平成24年9月
31478,040005,出荷 販売,110010,フェロマンガン 高炭素 (t),0024001010,平成24年10月
33867,040005,出荷 販売,110010,フェロマンガン 高炭素 (t),0024001111,平成24年11月
35176,040005,出荷 販売,110010,フェロマンガン 高炭素 (t),0024001212,平成24年12月
119746,040005,出荷 販売,110020,フェロマンガン 低炭素 (t),0020000000,平成20年
82696,040005,出荷 販売,110020,フェロマンガン 低炭素 (t),0021000000,平成21年
118631,040005,出荷 販売,110020,フェロマンガン 低炭素 (t),0022000000,平成22年
119797,040005,出荷 販売,110020,フェロマンガン 低炭素 (t),0023000000,平成23年
128164,040005,出荷 販売,110020,フェロマンガン 低炭素 (t),0024000000,平成24年
118888,040005,出荷 販売,110020,フェロマンガン 低炭素 (t),0022010000,平成22年度
123398,040005,出荷 販売,110020,フェロマンガン 低炭素 (t),0023010000,平成23年度
30752,040005,出荷 販売,110020,フェロマンガン 低炭素 (t),0024000103,平成24年 1 ～ 3 月
34613,040005,出荷 販売,110020,フェロマンガン 低炭素 (t),0024000406,平成24年 4 ～ 6 月
30719,040005,出荷 販売,110020,フェロマンガン 低炭素 (t),0024000709,平成24年 7 ～ 9 月
32080,040005,出荷 販売,110020,フェロマンガン 低炭素 (t),0024001012,平成24年 10 ～ 12 月
9531,040005,出荷 販売,110020,フェロマンガン 低炭素 (t),0024000101,平成24年1月
9804,040005,出荷 販売,110020,フェロマンガン 低炭素 (t),0024000202,平成24年2月
11417,040005,出荷 販売,110020,フェロマンガン 低炭素 (t),0024000303,平成24年3月
12934,040005,出荷 販売,110020,フェロマンガン 低炭素 (t),0024000404,平成24年4月
11249,040005,出荷 販売,110020,フェロマンガン 低炭素 (t),0024000505,平成24年5月
10430,040005,出荷 販売,110020,フェロマンガン 低炭素 (t),0024000606,平成24年6月
10081,040005,出荷 販売,110020,フェロマンガン 低炭素 (t),0024000707,平成24年7月
10865,040005,出荷 販売,110020,フェロマンガン 低炭素 (t),0024000808,平成24年8月
9773,040005,出荷 販売,110020,フェロマンガン 低炭素 (t),0024000909,平成24年9月
11433,040005,出荷 販売,110020,フェロマンガン 低炭素 (t),0024001010,平成24年10月
9831,040005,出荷 販売,110020,フェロマンガン 低炭素 (t),0024001111,平成24年11月
10816,040005,出荷 販売,110020,フェロマンガン 低炭素 (t),0024001212,平成24年12月
39979,040005,出荷 販売,120000,シリコマンガン (t),0020000000,平成20年
31577,040005,出荷 販売,120000,シリコマンガン (t),0021000000,平成21年
27975,040005,出荷 販売,120000,シリコマンガン (t),0022000000,平成22年
22777,040005,出荷 販売,120000,シリコマンガン (t),0023000000,平成23年
22890,040005,出荷 販売,120000,シリコマンガン (t),0024000000,平成24年
27438,040005,出荷 販売,120000,シリコマンガン (t),0022010000,平成22年度
22878,040005,出荷 販売,120000,シリコマンガン (t),0023010000,平成23年度
6583,040005,出荷 販売,120000,シリコマンガン (t),0024000103,平成24年 1 ～ 3 月
6126,040005,出荷 販売,120000,シリコマンガン (t),0024000406,平成24年 4 ～ 6 月
4932,040005,出荷 販売,120000,シリコマンガン (t),0024000709,平成24年 7 ～ 9 月
5249,040005,出荷 販売,120000,シリコマンガン (t),0024001012,平成24年 10 ～ 12 月
2008,040005,出荷 販売,120000,シリコマンガン (t),0024000101,平成24年1月
2389,040005,出荷 販売,120000,シリコマンガン (t),0024000202,平成24年2月
2186,040005,出荷 販売,120000,シリコマンガン (t),0024000303,平成24年3月
2045,040005,出荷 販売,120000,シリコマンガン (t),0024000404,平成24年4月
1984,040005,出荷 販売,120000,シリコマンガン (t),0024000505,平成24年5月
2097,040005,出荷 販売,120000,シリコマンガン (t),0024000606,平成24年6月
1719,040005,出荷 販売,120000,シリコマンガン (t),0024000707,平成24年7月
1727,040005,出荷 販売,120000,シリコマンガン (t),0024000808,平成24年8月
1486,040005,出荷 販売,120000,シリコマンガン (t),0024000909,平成24年9月
1856,040005,出荷 販売,120000,シリコマンガン (t),0024001010,平成24年10月
1712,040005,出荷 販売,120000,シリコマンガン (t),0024001111,平成24年11月
1681,040005,出荷 販売,120000,シリコマンガン (t),0024001212,平成24年12月
965,040005,出荷 販売,130000,フェロシリコン (t),0020000000,平成20年
587,040005,出荷 販売,130000,フェロシリコン (t),0021000000,平成21年
923,040005,出荷 販売,130000,フェロシリコン (t),0022000000,平成22年
1063,040005,出荷 販売,130000,フェロシリコン (t),0023000000,平成23年
1049,040005,出荷 販売,130000,フェロシリコン (t),0024000000,平成24年
939,040005,出荷 販売,130000,フェロシリコン (t),0022010000,平成22年度
1141,040005,出荷 販売,130000,フェロシリコン (t),0023010000,平成23年度
295,040005,出荷 販売,130000,フェロシリコン (t),0024000103,平成24年 1 ～ 3 月
297,040005,出荷 販売,130000,フェロシリコン (t),0024000406,平成24年 4 ～ 6 月
256,040005,出荷 販売,130000,フェロシリコン (t),0024000709,平成24年 7 ～ 9 月
201,040005,出荷 販売,130000,フェロシリコン (t),0024001012,平成24年 10 ～ 12 月
95,040005,出荷 販売,130000,フェロシリコン (t),0024000101,平成24年1月
101,040005,出荷 販売,130000,フェロシリコン (t),0024000202,平成24年2月
99,040005,出荷 販売,130000,フェロシリコン (t),0024000303,平成24年3月
86,040005,出荷 販売,130000,フェロシリコン (t),0024000404,平成24年4月
101,040005,出荷 販売,130000,フェロシリコン (t),0024000505,平成24年5月
110,040005,出荷 販売,130000,フェロシリコン (t),0024000606,平成24年6月
95,040005,出荷 販売,130000,フェロシリコン (t),0024000707,平成24年7月
90,040005,出荷 販売,130000,フェロシリコン (t),0024000808,平成24年8月
71,040005,出荷 販売,130000,フェロシリコン (t),0024000909,平成24年9月
73,040005,出荷 販売,130000,フェロシリコン (t),0024001010,平成24年10月
81,040005,出荷 販売,130000,フェロシリコン (t),0024001111,平成24年11月
47,040005,出荷 販売,130000,フェロシリコン (t),0024001212,平成24年12月
20605,040005,出荷 販売,140000,フェロクロム 計 (t),0020000000,平成20年
12141,040005,出荷 販売,140000,フェロクロム 計 (t),0021000000,平成21年
23045,040005,出荷 販売,140000,フェロクロム 計 (t),0022000000,平成22年
19413,040005,出荷 販売,140000,フェロクロム 計 (t),0023000000,平成23年
17487,040005,出荷 販売,140000,フェロクロム 計 (t),0024000000,平成24年
23540,040005,出荷 販売,140000,フェロクロム 計 (t),0022010000,平成22年度
17557,040005,出荷 販売,140000,フェロクロム 計 (t),0023010000,平成23年度
4493,040005,出荷 販売,140000,フェロクロム 計 (t),0024000103,平成24年 1 ～ 3 月
4695,040005,出荷 販売,140000,フェロクロム 計 (t),0024000406,平成24年 4 ～ 6 月
3994,040005,出荷 販売,140000,フェロクロム 計 (t),0024000709,平成24年 7 ～ 9 月
4305,040005,出荷 販売,140000,フェロクロム 計 (t),0024001012,平成24年 10 ～ 12 月
1106,040005,出荷 販売,140000,フェロクロム 計 (t),0024000101,平成24年1月
1311,040005,出荷 販売,140000,フェロクロム 計 (t),0024000202,平成24年2月
2076,040005,出荷 販売,140000,フェロクロム 計 (t),0024000303,平成24年3月
1408,040005,出荷 販売,140000,フェロクロム 計 (t),0024000404,平成24年4月
1628,040005,出荷 販売,140000,フェロクロム 計 (t),0024000505,平成24年5月
1659,040005,出荷 販売,140000,フェロクロム 計 (t),0024000606,平成24年6月
1223,040005,出荷 販売,140000,フェロクロム 計 (t),0024000707,平成24年7月
1412,040005,出荷 販売,140000,フェロクロム 計 (t),0024000808,平成24年8月
1359,040005,出荷 販売,140000,フェロクロム 計 (t),0024000909,平成24年9月
1319,040005,出荷 販売,140000,フェロクロム 計 (t),0024001010,平成24年10月
1539,040005,出荷 販売,140000,フェロクロム 計 (t),0024001111,平成24年11月
1447,040005,出荷 販売,140000,フェロクロム 計 (t),0024001212,平成24年12月
7964,040005,出荷 販売,140010,フェロクロム 高炭素 (t),0020000000,平成20年
4580,040005,出荷 販売,140010,フェロクロム 高炭素 (t),0021000000,平成21年
7047,040005,出荷 販売,140010,フェロクロム 高炭素 (t),0022000000,平成22年
2803,040005,出荷 販売,140010,フェロクロム 高炭素 (t),0023000000,平成23年
275,040005,出荷 販売,140010,フェロクロム 高炭素 (t),0024000000,平成24年
6733,040005,出荷 販売,140010,フェロクロム 高炭素 (t),0022010000,平成22年度
1451,040005,出荷 販売,140010,フェロクロム 高炭素 (t),0023010000,平成23年度
230,040005,出荷 販売,140010,フェロクロム 高炭素 (t),0024000103,平成24年 1 ～ 3 月
5,040005,出荷 販売,140010,フェロクロム 高炭素 (t),0024000406,平成24年 4 ～ 6 月
29,040005,出荷 販売,140010,フェロクロム 高炭素 (t),0024000709,平成24年 7 ～ 9 月
11,040005,出荷 販売,140010,フェロクロム 高炭素 (t),0024001012,平成24年 10 ～ 12 月
19,040005,出荷 販売,140010,フェロクロム 高炭素 (t),0024000101,平成24年1月
86,040005,出荷 販売,140010,フェロクロム 高炭素 (t),0024000202,平成24年2月
125,040005,出荷 販売,140010,フェロクロム 高炭素 (t),0024000303,平成24年3月
-,040005,出荷 販売,140010,フェロクロム 高炭素 (t),0024000404,平成24年4月
-,040005,出荷 販売,140010,フェロクロム 高炭素 (t),0024000505,平成24年5月
5,040005,出荷 販売,140010,フェロクロム 高炭素 (t),0024000606,平成24年6月
9,040005,出荷 販売,140010,フェロクロム 高炭素 (t),0024000707,平成24年7月
10,040005,出荷 販売,140010,フェロクロム 高炭素 (t),0024000808,平成24年8月
10,040005,出荷 販売,140010,フェロクロム 高炭素 (t),0024000909,平成24年9月
11,040005,出荷 販売,140010,フェロクロム 高炭素 (t),0024001010,平成24年10月
-,040005,出荷 販売,140010,フェロクロム 高炭素 (t),0024001111,平成24年11月
-,040005,出荷 販売,140010,フェロクロム 高炭素 (t),0024001212,平成24年12月
12641,040005,出荷 販売,140020,フェロクロム 低炭素 (t),0020000000,平成20年
7561,040005,出荷 販売,140020,フェロクロム 低炭素 (t),0021000000,平成21年
15998,040005,出荷 販売,140020,フェロクロム 低炭素 (t),0022000000,平成22年
16610,040005,出荷 販売,140020,フェロクロム 低炭素 (t),0023000000,平成23年
17212,040005,出荷 販売,140020,フェロクロム 低炭素 (t),0024000000,平成24年
16807,040005,出荷 販売,140020,フェロクロム 低炭素 (t),0022010000,平成22年度
16106,040005,出荷 販売,140020,フェロクロム 低炭素 (t),0023010000,平成23年度
4263,040005,出荷 販売,140020,フェロクロム 低炭素 (t),0024000103,平成24年 1 ～ 3 月
4690,040005,出荷 販売,140020,フェロクロム 低炭素 (t),0024000406,平成24年 4 ～ 6 月
3965,040005,出荷 販売,140020,フェロクロム 低炭素 (t),0024000709,平成24年 7 ～ 9 月
4294,040005,出荷 販売,140020,フェロクロム 低炭素 (t),0024001012,平成24年 10 ～ 12 月
1087,040005,出荷 販売,140020,フェロクロム 低炭素 (t),0024000101,平成24年1月
1225,040005,出荷 販売,140020,フェロクロム 低炭素 (t),0024000202,平成24年2月
1951,040005,出荷 販売,140020,フェロクロム 低炭素 (t),0024000303,平成24年3月
1408,040005,出荷 販売,140020,フェロクロム 低炭素 (t),0024000404,平成24年4月
1628,040005,出荷 販売,140020,フェロクロム 低炭素 (t),0024000505,平成24年5月
1654,040005,出荷 販売,140020,フェロクロム 低炭素 (t),0024000606,平成24年6月
1214,040005,出荷 販売,140020,フェロクロム 低炭素 (t),0024000707,平成24年7月
1402,040005,出荷 販売,140020,フェロクロム 低炭素 (t),0024000808,平成24年8月
1349,040005,出荷 販売,140020,フェロクロム 低炭素 (t),0024000909,平成24年9月
1308,040005,出荷 販売,140020,フェロクロム 低炭素 (t),0024001010,平成24年10月
1539,040005,出荷 販売,140020,フェロクロム 低炭素 (t),0024001111,平成24年11月
1447,040005,出荷 販売,140020,フェロクロム 低炭素 (t),0024001212,平成24年12月
241634,040005,出荷 販売,150000,フェロニッケル (t),0020000000,平成20年
259802,040005,出荷 販売,150000,フェロニッケル (t),0021000000,平成21年
304496,040005,出荷 販売,150000,フェロニッケル (t),0022000000,平成22年
225158,040005,出荷 販売,150000,フェロニッケル (t),0023000000,平成23年
321038,040005,出荷 販売,150000,フェロニッケル (t),0024000000,平成24年
299856,040005,出荷 販売,150000,フェロニッケル (t),0022010000,平成22年度
236120,040005,出荷 販売,150000,フェロニッケル (t),0023010000,平成23年度
75747,040005,出荷 販売,150000,フェロニッケル (t),0024000103,平成24年 1 ～ 3 月
80210,040005,出荷 販売,150000,フェロニッケル (t),0024000406,平成24年 4 ～ 6 月
79589,040005,出荷 販売,150000,フェロニッケル (t),0024000709,平成24年 7 ～ 9 月
85492,040005,出荷 販売,150000,フェロニッケル (t),0024001012,平成24年 10 ～ 12 月
20988,040005,出荷 販売,150000,フェロニッケル (t),0024000101,平成24年1月
25821,040005,出荷 販売,150000,フェロニッケル (t),0024000202,平成24年2月
28938,040005,出荷 販売,150000,フェロニッケル (t),0024000303,平成24年3月
31438,040005,出荷 販売,150000,フェロニッケル (t),0024000404,平成24年4月
21194,040005,出荷 販売,150000,フェロニッケル (t),0024000505,平成24年5月
27578,040005,出荷 販売,150000,フェロニッケル (t),0024000606,平成24年6月
23812,040005,出荷 販売,150000,フェロニッケル (t),0024000707,平成24年7月
27362,040005,出荷 販売,150000,フェロニッケル (t),0024000808,平成24年8月
28415,040005,出荷 販売,150000,フェロニッケル (t),0024000909,平成24年9月
28118,040005,出荷 販売,150000,フェロニッケル (t),0024001010,平成24年10月
28723,040005,出荷 販売,150000,フェロニッケル (t),0024001111,平成24年11月
28651,040005,出荷 販売,150000,フェロニッケル (t),0024001212,平成24年12月
-,040005,出荷 販売,160000,フェロタングステン (t),0020000000,平成20年
-,040005,出荷 販売,160000,フェロタングステン (t),0021000000,平成21年
-,040005,出荷 販売,160000,フェロタングステン (t),0022000000,平成22年
-,040005,出荷 販売,160000,フェロタングステン (t),0023000000,平成23年
-,040005,出荷 販売,160000,フェロタングステン (t),0024000000,平成24年
-,040005,出荷 販売,160000,フェロタングステン (t),0022010000,平成22年度
-,040005,出荷 販売,160000,フェロタングステン (t),0023010000,平成23年度
-,040005,出荷 販売,160000,フェロタングステン (t),0024000103,平成24年 1 ～ 3 月
-,040005,出荷 販売,160000,フェロタングステン (t),0024000406,平成24年 4 ～ 6 月
-,040005,出荷 販売,160000,フェロタングステン (t),0024000709,平成24年 7 ～ 9 月
-,040005,出荷 販売,160000,フェロタングステン (t),0024001012,平成24年 10 ～ 12 月
-,040005,出荷 販売,160000,フェロタングステン (t),0024000101,平成24年1月
-,040005,出荷 販売,160000,フェロタングステン (t),0024000202,平成24年2月
-,040005,出荷 販売,160000,フェロタングステン (t),0024000303,平成24年3月
-,040005,出荷 販売,160000,フェロタングステン (t),0024000404,平成24年4月
-,040005,出荷 販売,160000,フェロタングステン (t),0024000505,平成24年5月
-,040005,出荷 販売,160000,フェロタングステン (t),0024000606,平成24年6月
-,040005,出荷 販売,160000,フェロタングステン (t),0024000707,平成24年7月
-,040005,出荷 販売,160000,フェロタングステン (t),0024000808,平成24年8月
-,040005,出荷 販売,160000,フェロタングステン (t),0024000909,平成24年9月
-,040005,出荷 販売,160000,フェロタングステン (t),0024001010,平成24年10月
-,040005,出荷 販売,160000,フェロタングステン (t),0024001111,平成24年11月
-,040005,出荷 販売,160000,フェロタングステン (t),0024001212,平成24年12月
4504,040005,出荷 販売,170000,フェロモリブデン (t),0020000000,平成20年
3536,040005,出荷 販売,170000,フェロモリブデン (t),0021000000,平成21年
4706,040005,出荷 販売,170000,フェロモリブデン (t),0022000000,平成22年
5088,040005,出荷 販売,170000,フェロモリブデン (t),0023000000,平成23年
4536,040005,出荷 販売,170000,フェロモリブデン (t),0024000000,平成24年
4941,040005,出荷 販売,170000,フェロモリブデン (t),0022010000,平成22年度
4992,040005,出荷 販売,170000,フェロモリブデン (t),0023010000,平成23年度
1222,040005,出荷 販売,170000,フェロモリブデン (t),0024000103,平成24年 1 ～ 3 月
1114,040005,出荷 販売,170000,フェロモリブデン (t),0024000406,平成24年 4 ～ 6 月
1121,040005,出荷 販売,170000,フェロモリブデン (t),0024000709,平成24年 7 ～ 9 月
1079,040005,出荷 販売,170000,フェロモリブデン (t),0024001012,平成24年 10 ～ 12 月
417,040005,出荷 販売,170000,フェロモリブデン (t),0024000101,平成24年1月
416,040005,出荷 販売,170000,フェロモリブデン (t),0024000202,平成24年2月
389,040005,出荷 販売,170000,フェロモリブデン (t),0024000303,平成24年3月
391,040005,出荷 販売,170000,フェロモリブデン (t),0024000404,平成24年4月
388,040005,出荷 販売,170000,フェロモリブデン (t),0024000505,平成24年5月
335,040005,出荷 販売,170000,フェロモリブデン (t),0024000606,平成24年6月
482,040005,出荷 販売,170000,フェロモリブデン (t),0024000707,平成24年7月
348,040005,出荷 販売,170000,フェロモリブデン (t),0024000808,平成24年8月
291,040005,出荷 販売,170000,フェロモリブデン (t),0024000909,平成24年9月
342,040005,出荷 販売,170000,フェロモリブデン (t),0024001010,平成24年10月
370,040005,出荷 販売,170000,フェロモリブデン (t),0024001111,平成24年11月
367,040005,出荷 販売,170000,フェロモリブデン (t),0024001212,平成24年12月
3197,040005,出荷 販売,180000,フェロバナジウム (t),0020000000,平成20年
2526,040005,出荷 販売,180000,フェロバナジウム (t),0021000000,平成21年
3307,040005,出荷 販売,180000,フェロバナジウム (t),0022000000,平成22年
3022,040005,出荷 販売,180000,フェロバナジウム (t),0023000000,平成23年
3940,040005,出荷 販売,180000,フェロバナジウム (t),0024000000,平成24年
3155,040005,出荷 販売,180000,フェロバナジウム (t),0022010000,平成22年度
3276,040005,出荷 販売,180000,フェロバナジウム (t),0023010000,平成23年度
952,040005,出荷 販売,180000,フェロバナジウム (t),0024000103,平成24年 1 ～ 3 月
1007,040005,出荷 販売,180000,フェロバナジウム (t),0024000406,平成24年 4 ～ 6 月
831,040005,出荷 販売,180000,フェロバナジウム (t),0024000709,平成24年 7 ～ 9 月
1150,040005,出荷 販売,180000,フェロバナジウム (t),0024001012,平成24年 10 ～ 12 月
298,040005,出荷 販売,180000,フェロバナジウム (t),0024000101,平成24年1月
326,040005,出荷 販売,180000,フェロバナジウム (t),0024000202,平成24年2月
328,040005,出荷 販売,180000,フェロバナジウム (t),0024000303,平成24年3月
356,040005,出荷 販売,180000,フェロバナジウム (t),0024000404,平成24年4月
352,040005,出荷 販売,180000,フェロバナジウム (t),0024000505,平成24年5月
299,040005,出荷 販売,180000,フェロバナジウム (t),0024000606,平成24年6月
294,040005,出荷 販売,180000,フェロバナジウム (t),0024000707,平成24年7月
280,040005,出荷 販売,180000,フェロバナジウム (t),0024000808,平成24年8月
257,040005,出荷 販売,180000,フェロバナジウム (t),0024000909,平成24年9月
361,040005,出荷 販売,180000,フェロバナジウム (t),0024001010,平成24年10月
383,040005,出荷 販売,180000,フェロバナジウム (t),0024001111,平成24年11月
406,040005,出荷 販売,180000,フェロバナジウム (t),0024001212,平成24年12月
15668,040005,出荷 販売,190000,その他のフェロアロイ (t),0020000000,平成20年
11582,040005,出荷 販売,190000,その他のフェロアロイ (t),0021000000,平成21年
15758,040005,出荷 販売,190000,その他のフェロアロイ (t),0022000000,平成22年
20519,040005,出荷 販売,190000,その他のフェロアロイ (t),0023000000,平成23年
18308,040005,出荷 販売,190000,その他のフェロアロイ (t),0024000000,平成24年
17653,040005,出荷 販売,190000,その他のフェロアロイ (t),0022010000,平成22年度
18183,040005,出荷 販売,190000,その他のフェロアロイ (t),0023010000,平成23年度
2688,040005,出荷 販売,190000,その他のフェロアロイ (t),0024000103,平成24年 1 ～ 3 月
4852,040005,出荷 販売,190000,その他のフェロアロイ (t),0024000406,平成24年 4 ～ 6 月
5627,040005,出荷 販売,190000,その他のフェロアロイ (t),0024000709,平成24年 7 ～ 9 月
5141,040005,出荷 販売,190000,その他のフェロアロイ (t),0024001012,平成24年 10 ～ 12 月
1057,040005,出荷 販売,190000,その他のフェロアロイ (t),0024000101,平成24年1月
794,040005,出荷 販売,190000,その他のフェロアロイ (t),0024000202,平成24年2月
837,040005,出荷 販売,190000,その他のフェロアロイ (t),0024000303,平成24年3月
1372,040005,出荷 販売,190000,その他のフェロアロイ (t),0024000404,平成24年4月
1574,040005,出荷 販売,190000,その他のフェロアロイ (t),0024000505,平成24年5月
1906,040005,出荷 販売,190000,その他のフェロアロイ (t),0024000606,平成24年6月
1735,040005,出荷 販売,190000,その他のフェロアロイ (t),0024000707,平成24年7月
2106,040005,出荷 販売,190000,その他のフェロアロイ (t),0024000808,平成24年8月
1786,040005,出荷 販売,190000,その他のフェロアロイ (t),0024000909,平成24年9月
1975,040005,出荷 販売,190000,その他のフェロアロイ (t),0024001010,平成24年10月
1469,040005,出荷 販売,190000,その他のフェロアロイ (t),0024001111,平成24年11月
1697,040005,出荷 販売,190000,その他のフェロアロイ (t),0024001212,平成24年12月
73397,040015,出荷 その他,100000,合計 (t),0020000000,平成20年
53996,040015,出荷 その他,100000,合計 (t),0021000000,平成21年
66044,040015,出荷 その他,100000,合計 (t),0022000000,平成22年
62900,040015,出荷 その他,100000,合計 (t),0023000000,平成23年
66845,040015,出荷 その他,100000,合計 (t),0024000000,平成24年
64172,040015,出荷 その他,100000,合計 (t),0022010000,平成22年度
67711,040015,出荷 その他,100000,合計 (t),0023010000,平成23年度
19191,040015,出荷 その他,100000,合計 (t),0024000103,平成24年 1 ～ 3 月
15921,040015,出荷 その他,100000,合計 (t),0024000406,平成24年 4 ～ 6 月
13099,040015,出荷 その他,100000,合計 (t),0024000709,平成24年 7 ～ 9 月
18634,040015,出荷 その他,100000,合計 (t),0024001012,平成24年 10 ～ 12 月
6450,040015,出荷 その他,100000,合計 (t),0024000101,平成24年1月
7723,040015,出荷 その他,100000,合計 (t),0024000202,平成24年2月
5018,040015,出荷 その他,100000,合計 (t),0024000303,平成24年3月
5249,040015,出荷 その他,100000,合計 (t),0024000404,平成24年4月
5490,040015,出荷 その他,100000,合計 (t),0024000505,平成24年5月
5182,040015,出荷 その他,100000,合計 (t),0024000606,平成24年6月
5539,040015,出荷 その他,100000,合計 (t),0024000707,平成24年7月
3904,040015,出荷 その他,100000,合計 (t),0024000808,平成24年8月
3656,040015,出荷 その他,100000,合計 (t),0024000909,平成24年9月
5915,040015,出荷 その他,100000,合計 (t),0024001010,平成24年10月
7036,040015,出荷 その他,100000,合計 (t),0024001111,平成24年11月
5683,040015,出荷 その他,100000,合計 (t),0024001212,平成24年12月
15993,040015,出荷 その他,110000,フェロマンガン 計 (t),0020000000,平成20年
9810,040015,出荷 その他,110000,フェロマンガン 計 (t),0021000000,平成21年
11546,040015,出荷 その他,110000,フェロマンガン 計 (t),0022000000,平成22年
11052,040015,出荷 その他,110000,フェロマンガン 計 (t),0023000000,平成23年
14110,040015,出荷 その他,110000,フェロマンガン 計 (t),0024000000,平成24年
11643,040015,出荷 その他,110000,フェロマンガン 計 (t),0022010000,平成22年度
13090,040015,出荷 その他,110000,フェロマンガン 計 (t),0023010000,平成23年度
4829,040015,出荷 その他,110000,フェロマンガン 計 (t),0024000103,平成24年 1 ～ 3 月
2800,040015,出荷 その他,110000,フェロマンガン 計 (t),0024000406,平成24年 4 ～ 6 月
3762,040015,出荷 その他,110000,フェロマンガン 計 (t),0024000709,平成24年 7 ～ 9 月
2719,040015,出荷 その他,110000,フェロマンガン 計 (t),0024001012,平成24年 10 ～ 12 月
2030,040015,出荷 その他,110000,フェロマンガン 計 (t),0024000101,平成24年1月
1967,040015,出荷 その他,110000,フェロマンガン 計 (t),0024000202,平成24年2月
832,040015,出荷 その他,110000,フェロマンガン 計 (t),0024000303,平成24年3月
886,040015,出荷 その他,110000,フェロマンガン 計 (t),0024000404,平成24年4月
969,040015,出荷 その他,110000,フェロマンガン 計 (t),0024000505,平成24年5月
945,040015,出荷 その他,110000,フェロマンガン 計 (t),0024000606,平成24年6月
1946,040015,出荷 その他,110000,フェロマンガン 計 (t),0024000707,平成24年7月
947,040015,出荷 その他,110000,フェロマンガン 計 (t),0024000808,平成24年8月
869,040015,出荷 その他,110000,フェロマンガン 計 (t),0024000909,平成24年9月
905,040015,出荷 その他,110000,フェロマンガン 計 (t),0024001010,平成24年10月
874,040015,出荷 その他,110000,フェロマンガン 計 (t),0024001111,平成24年11月
940,040015,出荷 その他,110000,フェロマンガン 計 (t),0024001212,平成24年12月
15993,040015,出荷 その他,110010,フェロマンガン 高炭素 (t),0020000000,平成20年
9790,040015,出荷 その他,110010,フェロマンガン 高炭素 (t),0021000000,平成21年
11526,040015,出荷 その他,110010,フェロマンガン 高炭素 (t),0022000000,平成22年
11050,040015,出荷 その他,110010,フェロマンガン 高炭素 (t),0023000000,平成23年
14110,040015,出荷 その他,110010,フェロマンガン 高炭素 (t),0024000000,平成24年
11643,040015,出荷 その他,110010,フェロマンガン 高炭素 (t),0022010000,平成22年度
13088,040015,出荷 その他,110010,フェロマンガン 高炭素 (t),0023010000,平成23年度
4829,040015,出荷 その他,110010,フェロマンガン 高炭素 (t),0024000103,平成24年 1 ～ 3 月
2800,040015,出荷 その他,110010,フェロマンガン 高炭素 (t),0024000406,平成24年 4 ～ 6 月
3762,040015,出荷 その他,110010,フェロマンガン 高炭素 (t),0024000709,平成24年 7 ～ 9 月
2719,040015,出荷 その他,110010,フェロマンガン 高炭素 (t),0024001012,平成24年 10 ～ 12 月
2030,040015,出荷 その他,110010,フェロマンガン 高炭素 (t),0024000101,平成24年1月
1967,040015,出荷 その他,110010,フェロマンガン 高炭素 (t),0024000202,平成24年2月
832,040015,出荷 その他,110010,フェロマンガン 高炭素 (t),0024000303,平成24年3月
886,040015,出荷 その他,110010,フェロマンガン 高炭素 (t),0024000404,平成24年4月
969,040015,出荷 その他,110010,フェロマンガン 高炭素 (t),0024000505,平成24年5月
945,040015,出荷 その他,110010,フェロマンガン 高炭素 (t),0024000606,平成24年6月
1946,040015,出荷 その他,110010,フェロマンガン 高炭素 (t),0024000707,平成24年7月
947,040015,出荷 その他,110010,フェロマンガン 高炭素 (t),0024000808,平成24年8月
869,040015,出荷 その他,110010,フェロマンガン 高炭素 (t),0024000909,平成24年9月
905,040015,出荷 その他,110010,フェロマンガン 高炭素 (t),0024001010,平成24年10月
874,040015,出荷 その他,110010,フェロマンガン 高炭素 (t),0024001111,平成24年11月
940,040015,出荷 その他,110010,フェロマンガン 高炭素 (t),0024001212,平成24年12月
-,040015,出荷 その他,110020,フェロマンガン 低炭素 (t),0020000000,平成20年
20,040015,出荷 その他,110020,フェロマンガン 低炭素 (t),0021000000,平成21年
20,040015,出荷 その他,110020,フェロマンガン 低炭素 (t),0022000000,平成22年
2,040015,出荷 その他,110020,フェロマンガン 低炭素 (t),0023000000,平成23年
-,040015,出荷 その他,110020,フェロマンガン 低炭素 (t),0024000000,平成24年
-,040015,出荷 その他,110020,フェロマンガン 低炭素 (t),0022010000,平成22年度
2,040015,出荷 その他,110020,フェロマンガン 低炭素 (t),0023010000,平成23年度
-,040015,出荷 その他,110020,フェロマンガン 低炭素 (t),0024000103,平成24年 1 ～ 3 月
-,040015,出荷 その他,110020,フェロマンガン 低炭素 (t),0024000406,平成24年 4 ～ 6 月
-,040015,出荷 その他,110020,フェロマンガン 低炭素 (t),0024000709,平成24年 7 ～ 9 月
-,040015,出荷 その他,110020,フェロマンガン 低炭素 (t),0024001012,平成24年 10 ～ 12 月
-,040015,出荷 その他,110020,フェロマンガン 低炭素 (t),0024000101,平成24年1月
-,040015,出荷 その他,110020,フェロマンガン 低炭素 (t),0024000202,平成24年2月
-,040015,出荷 その他,110020,フェロマンガン 低炭素 (t),0024000303,平成24年3月
-,040015,出荷 その他,110020,フェロマンガン 低炭素 (t),0024000404,平成24年4月
-,040015,出荷 その他,110020,フェロマンガン 低炭素 (t),0024000505,平成24年5月
-,040015,出荷 その他,110020,フェロマンガン 低炭素 (t),0024000606,平成24年6月
-,040015,出荷 その他,110020,フェロマンガン 低炭素 (t),0024000707,平成24年7月
-,040015,出荷 その他,110020,フェロマンガン 低炭素 (t),0024000808,平成24年8月
-,040015,出荷 その他,110020,フェロマンガン 低炭素 (t),0024000909,平成24年9月
-,040015,出荷 その他,110020,フェロマンガン 低炭素 (t),0024001010,平成24年10月
-,040015,出荷 その他,110020,フェロマンガン 低炭素 (t),0024001111,平成24年11月
-,040015,出荷 その他,110020,フェロマンガン 低炭素 (t),0024001212,平成24年12月
5350,040015,出荷 その他,120000,シリコマンガン (t),0020000000,平成20年
1138,040015,出荷 その他,120000,シリコマンガン (t),0021000000,平成21年
5418,040015,出荷 その他,120000,シリコマンガン (t),0022000000,平成22年
2612,040015,出荷 その他,120000,シリコマンガン (t),0023000000,平成23年
2999,040015,出荷 その他,120000,シリコマンガン (t),0024000000,平成24年
4636,040015,出荷 その他,120000,シリコマンガン (t),0022010000,平成22年度
3254,040015,出荷 その他,120000,シリコマンガン (t),0023010000,平成23年度
1094,040015,出荷 その他,120000,シリコマンガン (t),0024000103,平成24年 1 ～ 3 月
472,040015,出荷 その他,120000,シリコマンガン (t),0024000406,平成24年 4 ～ 6 月
1121,040015,出荷 その他,120000,シリコマンガン (t),0024000709,平成24年 7 ～ 9 月
312,040015,出荷 その他,120000,シリコマンガン (t),0024001012,平成24年 10 ～ 12 月
138,040015,出荷 その他,120000,シリコマンガン (t),0024000101,平成24年1月
814,040015,出荷 その他,120000,シリコマンガン (t),0024000202,平成24年2月
142,040015,出荷 その他,120000,シリコマンガン (t),0024000303,平成24年3月
173,040015,出荷 その他,120000,シリコマンガン (t),0024000404,平成24年4月
118,040015,出荷 その他,120000,シリコマンガン (t),0024000505,平成24年5月
181,040015,出荷 その他,120000,シリコマンガン (t),0024000606,平成24年6月
130,040015,出荷 その他,120000,シリコマンガン (t),0024000707,平成24年7月
171,040015,出荷 その他,120000,シリコマンガン (t),0024000808,平成24年8月
820,040015,出荷 その他,120000,シリコマンガン (t),0024000909,平成24年9月
185,040015,出荷 その他,120000,シリコマンガン (t),0024001010,平成24年10月
91,040015,出荷 その他,120000,シリコマンガン (t),0024001111,平成24年11月
36,040015,出荷 その他,120000,シリコマンガン (t),0024001212,平成24年12月
71,040015,出荷 その他,130000,フェロシリコン (t),0020000000,平成20年
139,040015,出荷 その他,130000,フェロシリコン (t),0021000000,平成21年
95,040015,出荷 その他,130000,フェロシリコン (t),0022000000,平成22年
80,040015,出荷 その他,130000,フェロシリコン (t),0023000000,平成23年
63,040015,出荷 その他,130000,フェロシリコン (t),0024000000,平成24年
90,040015,出荷 その他,130000,フェロシリコン (t),0022010000,平成22年度
84,040015,出荷 その他,130000,フェロシリコン (t),0023010000,平成23年度
15,040015,出荷 その他,130000,フェロシリコン (t),0024000103,平成24年 1 ～ 3 月
16,040015,出荷 その他,130000,フェロシリコン (t),0024000406,平成24年 4 ～ 6 月
16,040015,出荷 その他,130000,フェロシリコン (t),0024000709,平成24年 7 ～ 9 月
16,040015,出荷 その他,130000,フェロシリコン (t),0024001012,平成24年 10 ～ 12 月
8,040015,出荷 その他,130000,フェロシリコン (t),0024000101,平成24年1月
-,040015,出荷 その他,130000,フェロシリコン (t),0024000202,平成24年2月
7,040015,出荷 その他,130000,フェロシリコン (t),0024000303,平成24年3月
-,040015,出荷 その他,130000,フェロシリコン (t),0024000404,平成24年4月
8,040015,出荷 その他,130000,フェロシリコン (t),0024000505,平成24年5月
8,040015,出荷 その他,130000,フェロシリコン (t),0024000606,平成24年6月
8,040015,出荷 その他,130000,フェロシリコン (t),0024000707,平成24年7月
-,040015,出荷 その他,130000,フェロシリコン (t),0024000808,平成24年8月
8,040015,出荷 その他,130000,フェロシリコン (t),0024000909,平成24年9月
8,040015,出荷 その他,130000,フェロシリコン (t),0024001010,平成24年10月
8,040015,出荷 その他,130000,フェロシリコン (t),0024001111,平成24年11月
-,040015,出荷 その他,130000,フェロシリコン (t),0024001212,平成24年12月
-,040015,出荷 その他,140000,フェロクロム 計 (t),0020000000,平成20年
-,040015,出荷 その他,140000,フェロクロム 計 (t),0021000000,平成21年
-,040015,出荷 その他,140000,フェロクロム 計 (t),0022000000,平成22年
-,040015,出荷 その他,140000,フェロクロム 計 (t),0023000000,平成23年
-,040015,出荷 その他,140000,フェロクロム 計 (t),0024000000,平成24年
-,040015,出荷 その他,140000,フェロクロム 計 (t),0022010000,平成22年度
-,040015,出荷 その他,140000,フェロクロム 計 (t),0023010000,平成23年度
-,040015,出荷 その他,140000,フェロクロム 計 (t),0024000103,平成24年 1 ～ 3 月
-,040015,出荷 その他,140000,フェロクロム 計 (t),0024000406,平成24年 4 ～ 6 月
-,040015,出荷 その他,140000,フェロクロム 計 (t),0024000709,平成24年 7 ～ 9 月
-,040015,出荷 その他,140000,フェロクロム 計 (t),0024001012,平成24年 10 ～ 12 月
-,040015,出荷 その他,140000,フェロクロム 計 (t),0024000101,平成24年1月
-,040015,出荷 その他,140000,フェロクロム 計 (t),0024000202,平成24年2月
-,040015,出荷 その他,140000,フェロクロム 計 (t),0024000303,平成24年3月
-,040015,出荷 その他,140000,フェロクロム 計 (t),0024000404,平成24年4月
-,040015,出荷 その他,140000,フェロクロム 計 (t),0024000505,平成24年5月
-,040015,出荷 その他,140000,フェロクロム 計 (t),0024000606,平成24年6月
-,040015,出荷 その他,140000,フェロクロム 計 (t),0024000707,平成24年7月
-,040015,出荷 その他,140000,フェロクロム 計 (t),0024000808,平成24年8月
-,040015,出荷 その他,140000,フェロクロム 計 (t),0024000909,平成24年9月
-,040015,出荷 その他,140000,フェロクロム 計 (t),0024001010,平成24年10月
-,040015,出荷 その他,140000,フェロクロム 計 (t),0024001111,平成24年11月
-,040015,出荷 その他,140000,フェロクロム 計 (t),0024001212,平成24年12月
-,040015,出荷 その他,140010,フェロクロム 高炭素 (t),0020000000,平成20年
-,040015,出荷 その他,140010,フェロクロム 高炭素 (t),0021000000,平成21年
-,040015,出荷 その他,140010,フェロクロム 高炭素 (t),0022000000,平成22年
-,040015,出荷 その他,140010,フェロクロム 高炭素 (t),0023000000,平成23年
-,040015,出荷 その他,140010,フェロクロム 高炭素 (t),0024000000,平成24年
-,040015,出荷 その他,140010,フェロクロム 高炭素 (t),0022010000,平成22年度
-,040015,出荷 その他,140010,フェロクロム 高炭素 (t),0023010000,平成23年度
-,040015,出荷 その他,140010,フェロクロム 高炭素 (t),0024000103,平成24年 1 ～ 3 月
-,040015,出荷 その他,140010,フェロクロム 高炭素 (t),0024000406,平成24年 4 ～ 6 月
-,040015,出荷 その他,140010,フェロクロム 高炭素 (t),0024000709,平成24年 7 ～ 9 月
-,040015,出荷 その他,140010,フェロクロム 高炭素 (t),0024001012,平成24年 10 ～ 12 月
-,040015,出荷 その他,140010,フェロクロム 高炭素 (t),0024000101,平成24年1月
-,040015,出荷 その他,140010,フェロクロム 高炭素 (t),0024000202,平成24年2月
-,040015,出荷 その他,140010,フェロクロム 高炭素 (t),0024000303,平成24年3月
-,040015,出荷 その他,140010,フェロクロム 高炭素 (t),0024000404,平成24年4月
-,040015,出荷 その他,140010,フェロクロム 高炭素 (t),0024000505,平成24年5月
-,040015,出荷 その他,140010,フェロクロム 高炭素 (t),0024000606,平成24年6月
-,040015,出荷 その他,140010,フェロクロム 高炭素 (t),0024000707,平成24年7月
-,040015,出荷 その他,140010,フェロクロム 高炭素 (t),0024000808,平成24年8月
-,040015,出荷 その他,140010,フェロクロム 高炭素 (t),0024000909,平成24年9月
-,040015,出荷 その他,140010,フェロクロム 高炭素 (t),0024001010,平成24年10月
-,040015,出荷 その他,140010,フェロクロム 高炭素 (t),0024001111,平成24年11月
-,040015,出荷 その他,140010,フェロクロム 高炭素 (t),0024001212,平成24年12月
-,040015,出荷 その他,140020,フェロクロム 低炭素 (t),0020000000,平成20年
-,040015,出荷 その他,140020,フェロクロム 低炭素 (t),0021000000,平成21年
-,040015,出荷 その他,140020,フェロクロム 低炭素 (t),0022000000,平成22年
-,040015,出荷 その他,140020,フェロクロム 低炭素 (t),0023000000,平成23年
-,040015,出荷 その他,140020,フェロクロム 低炭素 (t),0024000000,平成24年
-,040015,出荷 その他,140020,フェロクロム 低炭素 (t),0022010000,平成22年度
-,040015,出荷 その他,140020,フェロクロム 低炭素 (t),0023010000,平成23年度
-,040015,出荷 その他,140020,フェロクロム 低炭素 (t),0024000103,平成24年 1 ～ 3 月
-,040015,出荷 その他,140020,フェロクロム 低炭素 (t),0024000406,平成24年 4 ～ 6 月
-,040015,出荷 その他,140020,フェロクロム 低炭素 (t),0024000709,平成24年 7 ～ 9 月
-,040015,出荷 その他,140020,フェロクロム 低炭素 (t),0024001012,平成24年 10 ～ 12 月
-,040015,出荷 その他,140020,フェロクロム 低炭素 (t),0024000101,平成24年1月
-,040015,出荷 その他,140020,フェロクロム 低炭素 (t),0024000202,平成24年2月
-,040015,出荷 その他,140020,フェロクロム 低炭素 (t),0024000303,平成24年3月
-,040015,出荷 その他,140020,フェロクロム 低炭素 (t),0024000404,平成24年4月
-,040015,出荷 その他,140020,フェロクロム 低炭素 (t),0024000505,平成24年5月
-,040015,出荷 その他,140020,フェロクロム 低炭素 (t),0024000606,平成24年6月
-,040015,出荷 その他,140020,フェロクロム 低炭素 (t),0024000707,平成24年7月
-,040015,出荷 その他,140020,フェロクロム 低炭素 (t),0024000808,平成24年8月
-,040015,出荷 その他,140020,フェロクロム 低炭素 (t),0024000909,平成24年9月
-,040015,出荷 その他,140020,フェロクロム 低炭素 (t),0024001010,平成24年10月
-,040015,出荷 その他,140020,フェロクロム 低炭素 (t),0024001111,平成24年11月
-,040015,出荷 その他,140020,フェロクロム 低炭素 (t),0024001212,平成24年12月
51965,040015,出荷 その他,150000,フェロニッケル (t),0020000000,平成20年
42899,040015,出荷 その他,150000,フェロニッケル (t),0021000000,平成21年
48974,040015,出荷 その他,150000,フェロニッケル (t),0022000000,平成22年
49139,040015,出荷 その他,150000,フェロニッケル (t),0023000000,平成23年
49661,040015,出荷 その他,150000,フェロニッケル (t),0024000000,平成24年
47784,040015,出荷 その他,150000,フェロニッケル (t),0022010000,平成22年度
51273,040015,出荷 その他,150000,フェロニッケル (t),0023010000,平成23年度
13252,040015,出荷 その他,150000,フェロニッケル (t),0024000103,平成24年 1 ～ 3 月
12627,040015,出荷 その他,150000,フェロニッケル (t),0024000406,平成24年 4 ～ 6 月
8200,040015,出荷 その他,150000,フェロニッケル (t),0024000709,平成24年 7 ～ 9 月
15582,040015,出荷 その他,150000,フェロニッケル (t),0024001012,平成24年 10 ～ 12 月
4274,040015,出荷 その他,150000,フェロニッケル (t),0024000101,平成24年1月
4942,040015,出荷 その他,150000,フェロニッケル (t),0024000202,平成24年2月
4036,040015,出荷 その他,150000,フェロニッケル (t),0024000303,平成24年3月
4190,040015,出荷 その他,150000,フェロニッケル (t),0024000404,平成24年4月
4389,040015,出荷 その他,150000,フェロニッケル (t),0024000505,平成24年5月
4048,040015,出荷 その他,150000,フェロニッケル (t),0024000606,平成24年6月
3455,040015,出荷 その他,150000,フェロニッケル (t),0024000707,平成24年7月
2786,040015,出荷 その他,150000,フェロニッケル (t),0024000808,平成24年8月
1959,040015,出荷 その他,150000,フェロニッケル (t),0024000909,平成24年9月
4814,040015,出荷 その他,150000,フェロニッケル (t),0024001010,平成24年10月
6061,040015,出荷 その他,150000,フェロニッケル (t),0024001111,平成24年11月
4707,040015,出荷 その他,150000,フェロニッケル (t),0024001212,平成24年12月
-,040015,出荷 その他,160000,フェロタングステン (t),0020000000,平成20年
-,040015,出荷 その他,160000,フェロタングステン (t),0021000000,平成21年
-,040015,出荷 その他,160000,フェロタングステン (t),0022000000,平成22年
-,040015,出荷 その他,160000,フェロタングステン (t),0023000000,平成23年
-,040015,出荷 その他,160000,フェロタングステン (t),0024000000,平成24年
-,040015,出荷 その他,160000,フェロタングステン (t),0022010000,平成22年度
-,040015,出荷 その他,160000,フェロタングステン (t),0023010000,平成23年度
-,040015,出荷 その他,160000,フェロタングステン (t),0024000103,平成24年 1 ～ 3 月
-,040015,出荷 その他,160000,フェロタングステン (t),0024000406,平成24年 4 ～ 6 月
-,040015,出荷 その他,160000,フェロタングステン (t),0024000709,平成24年 7 ～ 9 月
-,040015,出荷 その他,160000,フェロタングステン (t),0024001012,平成24年 10 ～ 12 月
-,040015,出荷 その他,160000,フェロタングステン (t),0024000101,平成24年1月
-,040015,出荷 その他,160000,フェロタングステン (t),0024000202,平成24年2月
-,040015,出荷 その他,160000,フェロタングステン (t),0024000303,平成24年3月
-,040015,出荷 その他,160000,フェロタングステン (t),0024000404,平成24年4月
-,040015,出荷 その他,160000,フェロタングステン (t),0024000505,平成24年5月
-,040015,出荷 その他,160000,フェロタングステン (t),0024000606,平成24年6月
-,040015,出荷 その他,160000,フェロタングステン (t),0024000707,平成24年7月
-,040015,出荷 その他,160000,フェロタングステン (t),0024000808,平成24年8月
-,040015,出荷 その他,160000,フェロタングステン (t),0024000909,平成24年9月
-,040015,出荷 その他,160000,フェロタングステン (t),0024001010,平成24年10月
-,040015,出荷 その他,160000,フェロタングステン (t),0024001111,平成24年11月
-,040015,出荷 その他,160000,フェロタングステン (t),0024001212,平成24年12月
-,040015,出荷 その他,170000,フェロモリブデン (t),0020000000,平成20年
-,040015,出荷 その他,170000,フェロモリブデン (t),0021000000,平成21年
-,040015,出荷 その他,170000,フェロモリブデン (t),0022000000,平成22年
-,040015,出荷 その他,170000,フェロモリブデン (t),0023000000,平成23年
-,040015,出荷 その他,170000,フェロモリブデン (t),0024000000,平成24年
-,040015,出荷 その他,170000,フェロモリブデン (t),0022010000,平成22年度
-,040015,出荷 その他,170000,フェロモリブデン (t),0023010000,平成23年度
-,040015,出荷 その他,170000,フェロモリブデン (t),0024000103,平成24年 1 ～ 3 月
-,040015,出荷 その他,170000,フェロモリブデン (t),0024000406,平成24年 4 ～ 6 月
-,040015,出荷 その他,170000,フェロモリブデン (t),0024000709,平成24年 7 ～ 9 月
-,040015,出荷 その他,170000,フェロモリブデン (t),0024001012,平成24年 10 ～ 12 月
-,040015,出荷 その他,170000,フェロモリブデン (t),0024000101,平成24年1月
-,040015,出荷 その他,170000,フェロモリブデン (t),0024000202,平成24年2月
-,040015,出荷 その他,170000,フェロモリブデン (t),0024000303,平成24年3月
-,040015,出荷 その他,170000,フェロモリブデン (t),0024000404,平成24年4月
-,040015,出荷 その他,170000,フェロモリブデン (t),0024000505,平成24年5月
-,040015,出荷 その他,170000,フェロモリブデン (t),0024000606,平成24年6月
-,040015,出荷 その他,170000,フェロモリブデン (t),0024000707,平成24年7月
-,040015,出荷 その他,170000,フェロモリブデン (t),0024000808,平成24年8月
-,040015,出荷 その他,170000,フェロモリブデン (t),0024000909,平成24年9月
-,040015,出荷 その他,170000,フェロモリブデン (t),0024001010,平成24年10月
-,040015,出荷 その他,170000,フェロモリブデン (t),0024001111,平成24年11月
-,040015,出荷 その他,170000,フェロモリブデン (t),0024001212,平成24年12月
-,040015,出荷 その他,180000,フェロバナジウム (t),0020000000,平成20年
5,040015,出荷 その他,180000,フェロバナジウム (t),0021000000,平成21年
-,040015,出荷 その他,180000,フェロバナジウム (t),0022000000,平成22年
-,040015,出荷 その他,180000,フェロバナジウム (t),0023000000,平成23年
-,040015,出荷 その他,180000,フェロバナジウム (t),0024000000,平成24年
-,040015,出荷 その他,180000,フェロバナジウム (t),0022010000,平成22年度
-,040015,出荷 その他,180000,フェロバナジウム (t),0023010000,平成23年度
-,040015,出荷 その他,180000,フェロバナジウム (t),0024000103,平成24年 1 ～ 3 月
-,040015,出荷 その他,180000,フェロバナジウム (t),0024000406,平成24年 4 ～ 6 月
-,040015,出荷 その他,180000,フェロバナジウム (t),0024000709,平成24年 7 ～ 9 月
-,040015,出荷 その他,180000,フェロバナジウム (t),0024001012,平成24年 10 ～ 12 月
-,040015,出荷 その他,180000,フェロバナジウム (t),0024000101,平成24年1月
-,040015,出荷 その他,180000,フェロバナジウム (t),0024000202,平成24年2月
-,040015,出荷 その他,180000,フェロバナジウム (t),0024000303,平成24年3月
-,040015,出荷 その他,180000,フェロバナジウム (t),0024000404,平成24年4月
-,040015,出荷 その他,180000,フェロバナジウム (t),0024000505,平成24年5月
-,040015,出荷 その他,180000,フェロバナジウム (t),0024000606,平成24年6月
-,040015,出荷 その他,180000,フェロバナジウム (t),0024000707,平成24年7月
-,040015,出荷 その他,180000,フェロバナジウム (t),0024000808,平成24年8月
-,040015,出荷 その他,180000,フェロバナジウム (t),0024000909,平成24年9月
-,040015,出荷 その他,180000,フェロバナジウム (t),0024001010,平成24年10月
-,040015,出荷 その他,180000,フェロバナジウム (t),0024001111,平成24年11月
-,040015,出荷 その他,180000,フェロバナジウム (t),0024001212,平成24年12月
18,040015,出荷 その他,190000,その他のフェロアロイ (t),0020000000,平成20年
5,040015,出荷 その他,190000,その他のフェロアロイ (t),0021000000,平成21年
11,040015,出荷 その他,190000,その他のフェロアロイ (t),0022000000,平成22年
17,040015,出荷 その他,190000,その他のフェロアロイ (t),0023000000,平成23年
12,040015,出荷 その他,190000,その他のフェロアロイ (t),0024000000,平成24年
19,040015,出荷 その他,190000,その他のフェロアロイ (t),0022010000,平成22年度
10,040015,出荷 その他,190000,その他のフェロアロイ (t),0023010000,平成23年度
1,040015,出荷 その他,190000,その他のフェロアロイ (t),0024000103,平成24年 1 ～ 3 月
6,040015,出荷 その他,190000,その他のフェロアロイ (t),0024000406,平成24年 4 ～ 6 月
-,040015,出荷 その他,190000,その他のフェロアロイ (t),0024000709,平成24年 7 ～ 9 月
5,040015,出荷 その他,190000,その他のフェロアロイ (t),0024001012,平成24年 10 ～ 12 月
-,040015,出荷 その他,190000,その他のフェロアロイ (t),0024000101,平成24年1月
-,040015,出荷 その他,190000,その他のフェロアロイ (t),0024000202,平成24年2月
1,040015,出荷 その他,190000,その他のフェロアロイ (t),0024000303,平成24年3月
-,040015,出荷 その他,190000,その他のフェロアロイ (t),0024000404,平成24年4月
6,040015,出荷 その他,190000,その他のフェロアロイ (t),0024000505,平成24年5月
-,040015,出荷 その他,190000,その他のフェロアロイ (t),0024000606,平成24年6月
-,040015,出荷 その他,190000,その他のフェロアロイ (t),0024000707,平成24年7月
-,040015,出荷 その他,190000,その他のフェロアロイ (t),0024000808,平成24年8月
-,040015,出荷 その他,190000,その他のフェロアロイ (t),0024000909,平成24年9月
3,040015,出荷 その他,190000,その他のフェロアロイ (t),0024001010,平成24年10月
2,040015,出荷 その他,190000,その他のフェロアロイ (t),0024001111,平成24年11月
-,040015,出荷 その他,190000,その他のフェロアロイ (t),0024001212,平成24年12月
149421,0510000,在庫,100000,合計 (t),0020000000,平成20年
134216,0510000,在庫,100000,合計 (t),0021000000,平成21年
141715,0510000,在庫,100000,合計 (t),0022000000,平成22年
157150,0510000,在庫,100000,合計 (t),0023000000,平成23年
164015,0510000,在庫,100000,合計 (t),0024000000,平成24年
137160,0510000,在庫,100000,合計 (t),0022010000,平成22年度
179653,0510000,在庫,100000,合計 (t),0023010000,平成23年度
179653,0510000,在庫,100000,合計 (t),0024000103,平成24年 1 ～ 3 月
168285,0510000,在庫,100000,合計 (t),0024000406,平成24年 4 ～ 6 月
157374,0510000,在庫,100000,合計 (t),0024000709,平成24年 7 ～ 9 月
164015,0510000,在庫,100000,合計 (t),0024001012,平成24年 10 ～ 12 月
169835,0510000,在庫,100000,合計 (t),0024000101,平成24年1月
174034,0510000,在庫,100000,合計 (t),0024000202,平成24年2月
179653,0510000,在庫,100000,合計 (t),0024000303,平成24年3月
168730,0510000,在庫,100000,合計 (t),0024000404,平成24年4月
168756,0510000,在庫,100000,合計 (t),0024000505,平成24年5月
168285,0510000,在庫,100000,合計 (t),0024000606,平成24年6月
174457,0510000,在庫,100000,合計 (t),0024000707,平成24年7月
165111,0510000,在庫,100000,合計 (t),0024000808,平成24年8月
157374,0510000,在庫,100000,合計 (t),0024000909,平成24年9月
158749,0510000,在庫,100000,合計 (t),0024001010,平成24年10月
157289,0510000,在庫,100000,合計 (t),0024001111,平成24年11月
164015,0510000,在庫,100000,合計 (t),0024001212,平成24年12月
76487,0510000,在庫,110000,フェロマンガン 計 (t),0020000000,平成20年
79451,0510000,在庫,110000,フェロマンガン 計 (t),0021000000,平成21年
93493,0510000,在庫,110000,フェロマンガン 計 (t),0022000000,平成22年
102015,0510000,在庫,110000,フェロマンガン 計 (t),0023000000,平成23年
100307,0510000,在庫,110000,フェロマンガン 計 (t),0024000000,平成24年
91878,0510000,在庫,110000,フェロマンガン 計 (t),0022010000,平成22年度
123442,0510000,在庫,110000,フェロマンガン 計 (t),0023010000,平成23年度
123442,0510000,在庫,110000,フェロマンガン 計 (t),0024000103,平成24年 1 ～ 3 月
110031,0510000,在庫,110000,フェロマンガン 計 (t),0024000406,平成24年 4 ～ 6 月
100032,0510000,在庫,110000,フェロマンガン 計 (t),0024000709,平成24年 7 ～ 9 月
100307,0510000,在庫,110000,フェロマンガン 計 (t),0024001012,平成24年 10 ～ 12 月
109972,0510000,在庫,110000,フェロマンガン 計 (t),0024000101,平成24年1月
116567,0510000,在庫,110000,フェロマンガン 計 (t),0024000202,平成24年2月
123442,0510000,在庫,110000,フェロマンガン 計 (t),0024000303,平成24年3月
114821,0510000,在庫,110000,フェロマンガン 計 (t),0024000404,平成24年4月
112407,0510000,在庫,110000,フェロマンガン 計 (t),0024000505,平成24年5月
110031,0510000,在庫,110000,フェロマンガン 計 (t),0024000606,平成24年6月
112791,0510000,在庫,110000,フェロマンガン 計 (t),0024000707,平成24年7月
105596,0510000,在庫,110000,フェロマンガン 計 (t),0024000808,平成24年8月
100032,0510000,在庫,110000,フェロマンガン 計 (t),0024000909,平成24年9月
100068,0510000,在庫,110000,フェロマンガン 計 (t),0024001010,平成24年10月
100365,0510000,在庫,110000,フェロマンガン 計 (t),0024001111,平成24年11月
100307,0510000,在庫,110000,フェロマンガン 計 (t),0024001212,平成24年12月
56605,0510000,在庫,110010,フェロマンガン 高炭素 (t),0020000000,平成20年
61312,0510000,在庫,110010,フェロマンガン 高炭素 (t),0021000000,平成21年
72768,0510000,在庫,110010,フェロマンガン 高炭素 (t),0022000000,平成22年
77823,0510000,在庫,110010,フェロマンガン 高炭素 (t),0023000000,平成23年
75118,0510000,在庫,110010,フェロマンガン 高炭素 (t),0024000000,平成24年
64707,0510000,在庫,110010,フェロマンガン 高炭素 (t),0022010000,平成22年度
96268,0510000,在庫,110010,フェロマンガン 高炭素 (t),0023010000,平成23年度
96268,0510000,在庫,110010,フェロマンガン 高炭素 (t),0024000103,平成24年 1 ～ 3 月
82282,0510000,在庫,110010,フェロマンガン 高炭素 (t),0024000406,平成24年 4 ～ 6 月
67178,0510000,在庫,110010,フェロマンガン 高炭素 (t),0024000709,平成24年 7 ～ 9 月
75118,0510000,在庫,110010,フェロマンガン 高炭素 (t),0024001012,平成24年 10 ～ 12 月
83275,0510000,在庫,110010,フェロマンガン 高炭素 (t),0024000101,平成24年1月
89013,0510000,在庫,110010,フェロマンガン 高炭素 (t),0024000202,平成24年2月
96268,0510000,在庫,110010,フェロマンガン 高炭素 (t),0024000303,平成24年3月
89950,0510000,在庫,110010,フェロマンガン 高炭素 (t),0024000404,平成24年4月
86622,0510000,在庫,110010,フェロマンガン 高炭素 (t),0024000505,平成24年5月
82282,0510000,在庫,110010,フェロマンガン 高炭素 (t),0024000606,平成24年6月
82281,0510000,在庫,110010,フェロマンガン 高炭素 (t),0024000707,平成24年7月
74003,0510000,在庫,110010,フェロマンガン 高炭素 (t),0024000808,平成24年8月
67178,0510000,在庫,110010,フェロマンガン 高炭素 (t),0024000909,平成24年9月
68860,0510000,在庫,110010,フェロマンガン 高炭素 (t),0024001010,平成24年10月
73601,0510000,在庫,110010,フェロマンガン 高炭素 (t),0024001111,平成24年11月
75118,0510000,在庫,110010,フェロマンガン 高炭素 (t),0024001212,平成24年12月
19882,0510000,在庫,110020,フェロマンガン 低炭素 (t),0020000000,平成20年
18139,0510000,在庫,110020,フェロマンガン 低炭素 (t),0021000000,平成21年
20725,0510000,在庫,110020,フェロマンガン 低炭素 (t),0022000000,平成22年
24192,0510000,在庫,110020,フェロマンガン 低炭素 (t),0023000000,平成23年
25189,0510000,在庫,110020,フェロマンガン 低炭素 (t),0024000000,平成24年
27171,0510000,在庫,110020,フェロマンガン 低炭素 (t),0022010000,平成22年度
27174,0510000,在庫,110020,フェロマンガン 低炭素 (t),0023010000,平成23年度
27174,0510000,在庫,110020,フェロマンガン 低炭素 (t),0024000103,平成24年 1 ～ 3 月
27749,0510000,在庫,110020,フェロマンガン 低炭素 (t),0024000406,平成24年 4 ～ 6 月
32854,0510000,在庫,110020,フェロマンガン 低炭素 (t),0024000709,平成24年 7 ～ 9 月
25189,0510000,在庫,110020,フェロマンガン 低炭素 (t),0024001012,平成24年 10 ～ 12 月
26697,0510000,在庫,110020,フェロマンガン 低炭素 (t),0024000101,平成24年1月
27554,0510000,在庫,110020,フェロマンガン 低炭素 (t),0024000202,平成24年2月
27174,0510000,在庫,110020,フェロマンガン 低炭素 (t),0024000303,平成24年3月
24871,0510000,在庫,110020,フェロマンガン 低炭素 (t),0024000404,平成24年4月
25785,0510000,在庫,110020,フェロマンガン 低炭素 (t),0024000505,平成24年5月
27749,0510000,在庫,110020,フェロマンガン 低炭素 (t),0024000606,平成24年6月
30510,0510000,在庫,110020,フェロマンガン 低炭素 (t),0024000707,平成24年7月
31593,0510000,在庫,110020,フェロマンガン 低炭素 (t),0024000808,平成24年8月
32854,0510000,在庫,110020,フェロマンガン 低炭素 (t),0024000909,平成24年9月
31208,0510000,在庫,110020,フェロマンガン 低炭素 (t),0024001010,平成24年10月
26764,0510000,在庫,110020,フェロマンガン 低炭素 (t),0024001111,平成24年11月
25189,0510000,在庫,110020,フェロマンガン 低炭素 (t),0024001212,平成24年12月
17889,0510000,在庫,120000,シリコマンガン (t),0020000000,平成20年
16593,0510000,在庫,120000,シリコマンガン (t),0021000000,平成21年
15952,0510000,在庫,120000,シリコマンガン (t),0022000000,平成22年
22461,0510000,在庫,120000,シリコマンガン (t),0023000000,平成23年
26238,0510000,在庫,120000,シリコマンガン (t),0024000000,平成24年
15105,0510000,在庫,120000,シリコマンガン (t),0022010000,平成22年度
23801,0510000,在庫,120000,シリコマンガン (t),0023010000,平成23年度
23801,0510000,在庫,120000,シリコマンガン (t),0024000103,平成24年 1 ～ 3 月
27610,0510000,在庫,120000,シリコマンガン (t),0024000406,平成24年 4 ～ 6 月
19761,0510000,在庫,120000,シリコマンガン (t),0024000709,平成24年 7 ～ 9 月
26238,0510000,在庫,120000,シリコマンガン (t),0024001012,平成24年 10 ～ 12 月
23300,0510000,在庫,120000,シリコマンガン (t),0024000101,平成24年1月
24414,0510000,在庫,120000,シリコマンガン (t),0024000202,平成24年2月
23801,0510000,在庫,120000,シリコマンガン (t),0024000303,平成24年3月
24048,0510000,在庫,120000,シリコマンガン (t),0024000404,平成24年4月
25124,0510000,在庫,120000,シリコマンガン (t),0024000505,平成24年5月
27610,0510000,在庫,120000,シリコマンガン (t),0024000606,平成24年6月
25305,0510000,在庫,120000,シリコマンガン (t),0024000707,平成24年7月
21447,0510000,在庫,120000,シリコマンガン (t),0024000808,平成24年8月
19761,0510000,在庫,120000,シリコマンガン (t),0024000909,平成24年9月
21553,0510000,在庫,120000,シリコマンガン (t),0024001010,平成24年10月
22303,0510000,在庫,120000,シリコマンガン (t),0024001111,平成24年11月
26238,0510000,在庫,120000,シリコマンガン (t),0024001212,平成24年12月
2005,0510000,在庫,130000,フェロシリコン (t),0020000000,平成20年
2118,0510000,在庫,130000,フェロシリコン (t),0021000000,平成21年
1966,0510000,在庫,130000,フェロシリコン (t),0022000000,平成22年
1617,0510000,在庫,130000,フェロシリコン (t),0023000000,平成23年
2182,0510000,在庫,130000,フェロシリコン (t),0024000000,平成24年
1363,0510000,在庫,130000,フェロシリコン (t),0022010000,平成22年度
1382,0510000,在庫,130000,フェロシリコン (t),0023010000,平成23年度
1382,0510000,在庫,130000,フェロシリコン (t),0024000103,平成24年 1 ～ 3 月
1249,0510000,在庫,130000,フェロシリコン (t),0024000406,平成24年 4 ～ 6 月
1859,0510000,在庫,130000,フェロシリコン (t),0024000709,平成24年 7 ～ 9 月
2182,0510000,在庫,130000,フェロシリコン (t),0024001012,平成24年 10 ～ 12 月
1665,0510000,在庫,130000,フェロシリコン (t),0024000101,平成24年1月
1584,0510000,在庫,130000,フェロシリコン (t),0024000202,平成24年2月
1382,0510000,在庫,130000,フェロシリコン (t),0024000303,平成24年3月
1734,0510000,在庫,130000,フェロシリコン (t),0024000404,平成24年4月
1436,0510000,在庫,130000,フェロシリコン (t),0024000505,平成24年5月
1249,0510000,在庫,130000,フェロシリコン (t),0024000606,平成24年6月
1281,0510000,在庫,130000,フェロシリコン (t),0024000707,平成24年7月
1766,0510000,在庫,130000,フェロシリコン (t),0024000808,平成24年8月
1859,0510000,在庫,130000,フェロシリコン (t),0024000909,平成24年9月
1771,0510000,在庫,130000,フェロシリコン (t),0024001010,平成24年10月
1704,0510000,在庫,130000,フェロシリコン (t),0024001111,平成24年11月
2182,0510000,在庫,130000,フェロシリコン (t),0024001212,平成24年12月
7502,0510000,在庫,140000,フェロクロム 計 (t),0020000000,平成20年
6311,0510000,在庫,140000,フェロクロム 計 (t),0021000000,平成21年
4945,0510000,在庫,140000,フェロクロム 計 (t),0022000000,平成22年
2532,0510000,在庫,140000,フェロクロム 計 (t),0023000000,平成23年
3271,0510000,在庫,140000,フェロクロム 計 (t),0024000000,平成24年
4023,0510000,在庫,140000,フェロクロム 計 (t),0022010000,平成22年度
2592,0510000,在庫,140000,フェロクロム 計 (t),0023010000,平成23年度
2592,0510000,在庫,140000,フェロクロム 計 (t),0024000103,平成24年 1 ～ 3 月
2746,0510000,在庫,140000,フェロクロム 計 (t),0024000406,平成24年 4 ～ 6 月
3212,0510000,在庫,140000,フェロクロム 計 (t),0024000709,平成24年 7 ～ 9 月
3271,0510000,在庫,140000,フェロクロム 計 (t),0024001012,平成24年 10 ～ 12 月
2933,0510000,在庫,140000,フェロクロム 計 (t),0024000101,平成24年1月
2946,0510000,在庫,140000,フェロクロム 計 (t),0024000202,平成24年2月
2592,0510000,在庫,140000,フェロクロム 計 (t),0024000303,平成24年3月
2852,0510000,在庫,140000,フェロクロム 計 (t),0024000404,平成24年4月
2675,0510000,在庫,140000,フェロクロム 計 (t),0024000505,平成24年5月
2746,0510000,在庫,140000,フェロクロム 計 (t),0024000606,平成24年6月
3084,0510000,在庫,140000,フェロクロム 計 (t),0024000707,平成24年7月
3136,0510000,在庫,140000,フェロクロム 計 (t),0024000808,平成24年8月
3212,0510000,在庫,140000,フェロクロム 計 (t),0024000909,平成24年9月
3615,0510000,在庫,140000,フェロクロム 計 (t),0024001010,平成24年10月
3312,0510000,在庫,140000,フェロクロム 計 (t),0024001111,平成24年11月
3271,0510000,在庫,140000,フェロクロム 計 (t),0024001212,平成24年12月
3241,0510000,在庫,140010,フェロクロム 高炭素 (t),0020000000,平成20年
2582,0510000,在庫,140010,フェロクロム 高炭素 (t),0021000000,平成21年
1609,0510000,在庫,140010,フェロクロム 高炭素 (t),0022000000,平成22年
290,0510000,在庫,140010,フェロクロム 高炭素 (t),0023000000,平成23年
25,0510000,在庫,140010,フェロクロム 高炭素 (t),0024000000,平成24年
1532,0510000,在庫,140010,フェロクロム 高炭素 (t),0022010000,平成22年度
83,0510000,在庫,140010,フェロクロム 高炭素 (t),0023010000,平成23年度
83,0510000,在庫,140010,フェロクロム 高炭素 (t),0024000103,平成24年 1 ～ 3 月
78,0510000,在庫,140010,フェロクロム 高炭素 (t),0024000406,平成24年 4 ～ 6 月
36,0510000,在庫,140010,フェロクロム 高炭素 (t),0024000709,平成24年 7 ～ 9 月
25,0510000,在庫,140010,フェロクロム 高炭素 (t),0024001012,平成24年 10 ～ 12 月
270,0510000,在庫,140010,フェロクロム 高炭素 (t),0024000101,平成24年1月
184,0510000,在庫,140010,フェロクロム 高炭素 (t),0024000202,平成24年2月
83,0510000,在庫,140010,フェロクロム 高炭素 (t),0024000303,平成24年3月
83,0510000,在庫,140010,フェロクロム 高炭素 (t),0024000404,平成24年4月
83,0510000,在庫,140010,フェロクロム 高炭素 (t),0024000505,平成24年5月
78,0510000,在庫,140010,フェロクロム 高炭素 (t),0024000606,平成24年6月
69,0510000,在庫,140010,フェロクロム 高炭素 (t),0024000707,平成24年7月
59,0510000,在庫,140010,フェロクロム 高炭素 (t),0024000808,平成24年8月
36,0510000,在庫,140010,フェロクロム 高炭素 (t),0024000909,平成24年9月
25,0510000,在庫,140010,フェロクロム 高炭素 (t),0024001010,平成24年10月
25,0510000,在庫,140010,フェロクロム 高炭素 (t),0024001111,平成24年11月
25,0510000,在庫,140010,フェロクロム 高炭素 (t),0024001212,平成24年12月
4261,0510000,在庫,140020,フェロクロム 低炭素 (t),0020000000,平成20年
3729,0510000,在庫,140020,フェロクロム 低炭素 (t),0021000000,平成21年
3336,0510000,在庫,140020,フェロクロム 低炭素 (t),0022000000,平成22年
2242,0510000,在庫,140020,フェロクロム 低炭素 (t),0023000000,平成23年
3246,0510000,在庫,140020,フェロクロム 低炭素 (t),0024000000,平成24年
2491,0510000,在庫,140020,フェロクロム 低炭素 (t),0022010000,平成22年度
2509,0510000,在庫,140020,フェロクロム 低炭素 (t),0023010000,平成23年度
2509,0510000,在庫,140020,フェロクロム 低炭素 (t),0024000103,平成24年 1 ～ 3 月
2668,0510000,在庫,140020,フェロクロム 低炭素 (t),0024000406,平成24年 4 ～ 6 月
3176,0510000,在庫,140020,フェロクロム 低炭素 (t),0024000709,平成24年 7 ～ 9 月
3246,0510000,在庫,140020,フェロクロム 低炭素 (t),0024001012,平成24年 10 ～ 12 月
2663,0510000,在庫,140020,フェロクロム 低炭素 (t),0024000101,平成24年1月
2762,0510000,在庫,140020,フェロクロム 低炭素 (t),0024000202,平成24年2月
2509,0510000,在庫,140020,フェロクロム 低炭素 (t),0024000303,平成24年3月
2769,0510000,在庫,140020,フェロクロム 低炭素 (t),0024000404,平成24年4月
2592,0510000,在庫,140020,フェロクロム 低炭素 (t),0024000505,平成24年5月
2668,0510000,在庫,140020,フェロクロム 低炭素 (t),0024000606,平成24年6月
3015,0510000,在庫,140020,フェロクロム 低炭素 (t),0024000707,平成24年7月
3077,0510000,在庫,140020,フェロクロム 低炭素 (t),0024000808,平成24年8月
3176,0510000,在庫,140020,フェロクロム 低炭素 (t),0024000909,平成24年9月
3590,0510000,在庫,140020,フェロクロム 低炭素 (t),0024001010,平成24年10月
3287,0510000,在庫,140020,フェロクロム 低炭素 (t),0024001111,平成24年11月
3246,0510000,在庫,140020,フェロクロム 低炭素 (t),0024001212,平成24年12月
38102,0510000,在庫,150000,フェロニッケル (t),0020000000,平成20年
20266,0510000,在庫,150000,フェロニッケル (t),0021000000,平成21年
15234,0510000,在庫,150000,フェロニッケル (t),0022000000,平成22年
18729,0510000,在庫,150000,フェロニッケル (t),0023000000,平成23年
20033,0510000,在庫,150000,フェロニッケル (t),0024000000,平成24年
14035,0510000,在庫,150000,フェロニッケル (t),0022010000,平成22年度
15409,0510000,在庫,150000,フェロニッケル (t),0023010000,平成23年度
15409,0510000,在庫,150000,フェロニッケル (t),0024000103,平成24年 1 ～ 3 月
12546,0510000,在庫,150000,フェロニッケル (t),0024000406,平成24年 4 ～ 6 月
21027,0510000,在庫,150000,フェロニッケル (t),0024000709,平成24年 7 ～ 9 月
20033,0510000,在庫,150000,フェロニッケル (t),0024001012,平成24年 10 ～ 12 月
20757,0510000,在庫,150000,フェロニッケル (t),0024000101,平成24年1月
16744,0510000,在庫,150000,フェロニッケル (t),0024000202,平成24年2月
15409,0510000,在庫,150000,フェロニッケル (t),0024000303,平成24年3月
12417,0510000,在庫,150000,フェロニッケル (t),0024000404,平成24年4月
14278,0510000,在庫,150000,フェロニッケル (t),0024000505,平成24年5月
12546,0510000,在庫,150000,フェロニッケル (t),0024000606,平成24年6月
19283,0510000,在庫,150000,フェロニッケル (t),0024000707,平成24年7月
21781,0510000,在庫,150000,フェロニッケル (t),0024000808,平成24年8月
21027,0510000,在庫,150000,フェロニッケル (t),0024000909,平成24年9月
20748,0510000,在庫,150000,フェロニッケル (t),0024001010,平成24年10月
18504,0510000,在庫,150000,フェロニッケル (t),0024001111,平成24年11月
20033,0510000,在庫,150000,フェロニッケル (t),0024001212,平成24年12月
-,0510000,在庫,160000,フェロタングステン (t),0020000000,平成20年
-,0510000,在庫,160000,フェロタングステン (t),0021000000,平成21年
-,0510000,在庫,160000,フェロタングステン (t),0022000000,平成22年
-,0510000,在庫,160000,フェロタングステン (t),0023000000,平成23年
-,0510000,在庫,160000,フェロタングステン (t),0024000000,平成24年
-,0510000,在庫,160000,フェロタングステン (t),0022010000,平成22年度
-,0510000,在庫,160000,フェロタングステン (t),0023010000,平成23年度
-,0510000,在庫,160000,フェロタングステン (t),0024000103,平成24年 1 ～ 3 月
-,0510000,在庫,160000,フェロタングステン (t),0024000406,平成24年 4 ～ 6 月
-,0510000,在庫,160000,フェロタングステン (t),0024000709,平成24年 7 ～ 9 月
-,0510000,在庫,160000,フェロタングステン (t),0024001012,平成24年 10 ～ 12 月
-,0510000,在庫,160000,フェロタングステン (t),0024000101,平成24年1月
-,0510000,在庫,160000,フェロタングステン (t),0024000202,平成24年2月
-,0510000,在庫,160000,フェロタングステン (t),0024000303,平成24年3月
-,0510000,在庫,160000,フェロタングステン (t),0024000404,平成24年4月
-,0510000,在庫,160000,フェロタングステン (t),0024000505,平成24年5月
-,0510000,在庫,160000,フェロタングステン (t),0024000606,平成24年6月
-,0510000,在庫,160000,フェロタングステン (t),0024000707,平成24年7月
-,0510000,在庫,160000,フェロタングステン (t),0024000808,平成24年8月
-,0510000,在庫,160000,フェロタングステン (t),0024000909,平成24年9月
-,0510000,在庫,160000,フェロタングステン (t),0024001010,平成24年10月
-,0510000,在庫,160000,フェロタングステン (t),0024001111,平成24年11月
-,0510000,在庫,160000,フェロタングステン (t),0024001212,平成24年12月
450,0510000,在庫,170000,フェロモリブデン (t),0020000000,平成20年
515,0510000,在庫,170000,フェロモリブデン (t),0021000000,平成21年
425,0510000,在庫,170000,フェロモリブデン (t),0022000000,平成22年
512,0510000,在庫,170000,フェロモリブデン (t),0023000000,平成23年
585,0510000,在庫,170000,フェロモリブデン (t),0024000000,平成24年
511,0510000,在庫,170000,フェロモリブデン (t),0022010000,平成22年度
549,0510000,在庫,170000,フェロモリブデン (t),0023010000,平成23年度
549,0510000,在庫,170000,フェロモリブデン (t),0024000103,平成24年 1 ～ 3 月
566,0510000,在庫,170000,フェロモリブデン (t),0024000406,平成24年 4 ～ 6 月
548,0510000,在庫,170000,フェロモリブデン (t),0024000709,平成24年 7 ～ 9 月
585,0510000,在庫,170000,フェロモリブデン (t),0024001012,平成24年 10 ～ 12 月
461,0510000,在庫,170000,フェロモリブデン (t),0024000101,平成24年1月
507,0510000,在庫,170000,フェロモリブデン (t),0024000202,平成24年2月
549,0510000,在庫,170000,フェロモリブデン (t),0024000303,平成24年3月
584,0510000,在庫,170000,フェロモリブデン (t),0024000404,平成24年4月
553,0510000,在庫,170000,フェロモリブデン (t),0024000505,平成24年5月
566,0510000,在庫,170000,フェロモリブデン (t),0024000606,平成24年6月
557,0510000,在庫,170000,フェロモリブデン (t),0024000707,平成24年7月
489,0510000,在庫,170000,フェロモリブデン (t),0024000808,平成24年8月
548,0510000,在庫,170000,フェロモリブデン (t),0024000909,平成24年9月
666,0510000,在庫,170000,フェロモリブデン (t),0024001010,平成24年10月
616,0510000,在庫,170000,フェロモリブデン (t),0024001111,平成24年11月
585,0510000,在庫,170000,フェロモリブデン (t),0024001212,平成24年12月
686,0510000,在庫,180000,フェロバナジウム (t),0020000000,平成20年
580,0510000,在庫,180000,フェロバナジウム (t),0021000000,平成21年
1084,0510000,在庫,180000,フェロバナジウム (t),0022000000,平成22年
1854,0510000,在庫,180000,フェロバナジウム (t),0023000000,平成23年
2105,0510000,在庫,180000,フェロバナジウム (t),0024000000,平成24年
1369,0510000,在庫,180000,フェロバナジウム (t),0022010000,平成22年度
1903,0510000,在庫,180000,フェロバナジウム (t),0023010000,平成23年度
1903,0510000,在庫,180000,フェロバナジウム (t),0024000103,平成24年 1 ～ 3 月
1925,0510000,在庫,180000,フェロバナジウム (t),0024000406,平成24年 4 ～ 6 月
2227,0510000,在庫,180000,フェロバナジウム (t),0024000709,平成24年 7 ～ 9 月
2105,0510000,在庫,180000,フェロバナジウム (t),0024001012,平成24年 10 ～ 12 月
1888,0510000,在庫,180000,フェロバナジウム (t),0024000101,平成24年1月
1841,0510000,在庫,180000,フェロバナジウム (t),0024000202,平成24年2月
1903,0510000,在庫,180000,フェロバナジウム (t),0024000303,平成24年3月
1737,0510000,在庫,180000,フェロバナジウム (t),0024000404,平成24年4月
1786,0510000,在庫,180000,フェロバナジウム (t),0024000505,平成24年5月
1925,0510000,在庫,180000,フェロバナジウム (t),0024000606,平成24年6月
2026,0510000,在庫,180000,フェロバナジウム (t),0024000707,平成24年7月
2092,0510000,在庫,180000,フェロバナジウム (t),0024000808,平成24年8月
2227,0510000,在庫,180000,フェロバナジウム (t),0024000909,平成24年9月
2201,0510000,在庫,180000,フェロバナジウム (t),0024001010,平成24年10月
2205,0510000,在庫,180000,フェロバナジウム (t),0024001111,平成24年11月
2105,0510000,在庫,180000,フェロバナジウム (t),0024001212,平成24年12月
6300,0510000,在庫,190000,その他のフェロアロイ (t),0020000000,平成20年
8382,0510000,在庫,190000,その他のフェロアロイ (t),0021000000,平成21年
8616,0510000,在庫,190000,その他のフェロアロイ (t),0022000000,平成22年
7430,0510000,在庫,190000,その他のフェロアロイ (t),0023000000,平成23年
9294,0510000,在庫,190000,その他のフェロアロイ (t),0024000000,平成24年
8876,0510000,在庫,190000,その他のフェロアロイ (t),0022010000,平成22年度
10575,0510000,在庫,190000,その他のフェロアロイ (t),0023010000,平成23年度
10575,0510000,在庫,190000,その他のフェロアロイ (t),0024000103,平成24年 1 ～ 3 月
11612,0510000,在庫,190000,その他のフェロアロイ (t),0024000406,平成24年 4 ～ 6 月
8708,0510000,在庫,190000,その他のフェロアロイ (t),0024000709,平成24年 7 ～ 9 月
9294,0510000,在庫,190000,その他のフェロアロイ (t),0024001012,平成24年 10 ～ 12 月
8859,0510000,在庫,190000,その他のフェロアロイ (t),0024000101,平成24年1月
9431,0510000,在庫,190000,その他のフェロアロイ (t),0024000202,平成24年2月
10575,0510000,在庫,190000,その他のフェロアロイ (t),0024000303,平成24年3月
10537,0510000,在庫,190000,その他のフェロアロイ (t),0024000404,平成24年4月
10497,0510000,在庫,190000,その他のフェロアロイ (t),0024000505,平成24年5月
11612,0510000,在庫,190000,その他のフェロアロイ (t),0024000606,平成24年6月
10130,0510000,在庫,190000,その他のフェロアロイ (t),0024000707,平成24年7月
8804,0510000,在庫,190000,その他のフェロアロイ (t),0024000808,平成24年8月
8708,0510000,在庫,190000,その他のフェロアロイ (t),0024000909,平成24年9月
8127,0510000,在庫,190000,その他のフェロアロイ (t),0024001010,平成24年10月
8280,0510000,在庫,190000,その他のフェロアロイ (t),0024001111,平成24年11月
9294,0510000,在庫,190000,その他のフェロアロイ (t),0024001212,平成24年12月
