value,cat01,cat01_label,cat02,cat02_label,time,time_label
40499,01000110,生産 数量 (千台),351510000,スイッチング電源 (41),0023000000,平成23年
31595,01000110,生産 数量 (千台),351510000,スイッチング電源 (41),0024000000,平成24年
36194,01000110,生産 数量 (千台),351510000,スイッチング電源 (41),0025000000,平成25年
38161,01000110,生産 数量 (千台),351510000,スイッチング電源 (41),0026000000,平成26年
37596,01000110,生産 数量 (千台),351510000,スイッチング電源 (41),0027000000,平成27年
37326,01000110,生産 数量 (千台),351510000,スイッチング電源 (41),0025010000,平成25年度
38504,01000110,生産 数量 (千台),351510000,スイッチング電源 (41),0026010000,平成26年度
9540,01000110,生産 数量 (千台),351510000,スイッチング電源 (41),0027000103,平成27年 1 ～ 3 月
9029,01000110,生産 数量 (千台),351510000,スイッチング電源 (41),0027000406,平成27年 4 ～ 6 月
9595,01000110,生産 数量 (千台),351510000,スイッチング電源 (41),0027000709,平成27年 7 ～ 9 月
9432,01000110,生産 数量 (千台),351510000,スイッチング電源 (41),0027001012,平成27年 10 ～ 12 月
2991,01000110,生産 数量 (千台),351510000,スイッチング電源 (41),0027000101,平成27年1月
3294,01000110,生産 数量 (千台),351510000,スイッチング電源 (41),0027000202,平成27年2月
3255,01000110,生産 数量 (千台),351510000,スイッチング電源 (41),0027000303,平成27年3月
2966,01000110,生産 数量 (千台),351510000,スイッチング電源 (41),0027000404,平成27年4月
2947,01000110,生産 数量 (千台),351510000,スイッチング電源 (41),0027000505,平成27年5月
3116,01000110,生産 数量 (千台),351510000,スイッチング電源 (41),0027000606,平成27年6月
3087,01000110,生産 数量 (千台),351510000,スイッチング電源 (41),0027000707,平成27年7月
3078,01000110,生産 数量 (千台),351510000,スイッチング電源 (41),0027000808,平成27年8月
3430,01000110,生産 数量 (千台),351510000,スイッチング電源 (41),0027000909,平成27年9月
3018,01000110,生産 数量 (千台),351510000,スイッチング電源 (41),0027001010,平成27年10月
3230,01000110,生産 数量 (千台),351510000,スイッチング電源 (41),0027001111,平成27年11月
3184,01000110,生産 数量 (千台),351510000,スイッチング電源 (41),0027001212,平成27年12月
178927584,01000210,生産 数量 (千個),351110000,受動部品 抵抗器 (1～6),0023000000,平成23年
160622653,01000210,生産 数量 (千個),351110000,受動部品 抵抗器 (1～6),0024000000,平成24年
136043092,01000210,生産 数量 (千個),351110000,受動部品 抵抗器 (1～6),0025000000,平成25年
138338825,01000210,生産 数量 (千個),351110000,受動部品 抵抗器 (1～6),0026000000,平成26年
134617547,01000210,生産 数量 (千個),351110000,受動部品 抵抗器 (1～6),0027000000,平成27年
139439886,01000210,生産 数量 (千個),351110000,受動部品 抵抗器 (1～6),0025010000,平成25年度
139032815,01000210,生産 数量 (千個),351110000,受動部品 抵抗器 (1～6),0026010000,平成26年度
34142038,01000210,生産 数量 (千個),351110000,受動部品 抵抗器 (1～6),0027000103,平成27年 1 ～ 3 月
33612333,01000210,生産 数量 (千個),351110000,受動部品 抵抗器 (1～6),0027000406,平成27年 4 ～ 6 月
32611539,01000210,生産 数量 (千個),351110000,受動部品 抵抗器 (1～6),0027000709,平成27年 7 ～ 9 月
34251637,01000210,生産 数量 (千個),351110000,受動部品 抵抗器 (1～6),0027001012,平成27年 10 ～ 12 月
11298725,01000210,生産 数量 (千個),351110000,受動部品 抵抗器 (1～6),0027000101,平成27年1月
11368174,01000210,生産 数量 (千個),351110000,受動部品 抵抗器 (1～6),0027000202,平成27年2月
11475139,01000210,生産 数量 (千個),351110000,受動部品 抵抗器 (1～6),0027000303,平成27年3月
11646698,01000210,生産 数量 (千個),351110000,受動部品 抵抗器 (1～6),0027000404,平成27年4月
10498182,01000210,生産 数量 (千個),351110000,受動部品 抵抗器 (1～6),0027000505,平成27年5月
11467453,01000210,生産 数量 (千個),351110000,受動部品 抵抗器 (1～6),0027000606,平成27年6月
11232474,01000210,生産 数量 (千個),351110000,受動部品 抵抗器 (1～6),0027000707,平成27年7月
10514006,01000210,生産 数量 (千個),351110000,受動部品 抵抗器 (1～6),0027000808,平成27年8月
10865059,01000210,生産 数量 (千個),351110000,受動部品 抵抗器 (1～6),0027000909,平成27年9月
11729672,01000210,生産 数量 (千個),351110000,受動部品 抵抗器 (1～6),0027001010,平成27年10月
11090155,01000210,生産 数量 (千個),351110000,受動部品 抵抗器 (1～6),0027001111,平成27年11月
11431810,01000210,生産 数量 (千個),351110000,受動部品 抵抗器 (1～6),0027001212,平成27年12月
2140001,01000210,生産 数量 (千個),351111000,受動部品 抵抗器 可変抵抗器 (1～3),0023000000,平成23年
1913645,01000210,生産 数量 (千個),351111000,受動部品 抵抗器 可変抵抗器 (1～3),0024000000,平成24年
2090399,01000210,生産 数量 (千個),351111000,受動部品 抵抗器 可変抵抗器 (1～3),0025000000,平成25年
1419501,01000210,生産 数量 (千個),351111000,受動部品 抵抗器 可変抵抗器 (1～3),0026000000,平成26年
1311104,01000210,生産 数量 (千個),351111000,受動部品 抵抗器 可変抵抗器 (1～3),0027000000,平成27年
1971223,01000210,生産 数量 (千個),351111000,受動部品 抵抗器 可変抵抗器 (1～3),0025010000,平成25年度
1432798,01000210,生産 数量 (千個),351111000,受動部品 抵抗器 可変抵抗器 (1～3),0026010000,平成26年度
294483,01000210,生産 数量 (千個),351111000,受動部品 抵抗器 可変抵抗器 (1～3),0027000103,平成27年 1 ～ 3 月
342863,01000210,生産 数量 (千個),351111000,受動部品 抵抗器 可変抵抗器 (1～3),0027000406,平成27年 4 ～ 6 月
331019,01000210,生産 数量 (千個),351111000,受動部品 抵抗器 可変抵抗器 (1～3),0027000709,平成27年 7 ～ 9 月
342739,01000210,生産 数量 (千個),351111000,受動部品 抵抗器 可変抵抗器 (1～3),0027001012,平成27年 10 ～ 12 月
108865,01000210,生産 数量 (千個),351111000,受動部品 抵抗器 可変抵抗器 (1～3),0027000101,平成27年1月
90177,01000210,生産 数量 (千個),351111000,受動部品 抵抗器 可変抵抗器 (1～3),0027000202,平成27年2月
95441,01000210,生産 数量 (千個),351111000,受動部品 抵抗器 可変抵抗器 (1～3),0027000303,平成27年3月
113545,01000210,生産 数量 (千個),351111000,受動部品 抵抗器 可変抵抗器 (1～3),0027000404,平成27年4月
113582,01000210,生産 数量 (千個),351111000,受動部品 抵抗器 可変抵抗器 (1～3),0027000505,平成27年5月
115736,01000210,生産 数量 (千個),351111000,受動部品 抵抗器 可変抵抗器 (1～3),0027000606,平成27年6月
118311,01000210,生産 数量 (千個),351111000,受動部品 抵抗器 可変抵抗器 (1～3),0027000707,平成27年7月
97847,01000210,生産 数量 (千個),351111000,受動部品 抵抗器 可変抵抗器 (1～3),0027000808,平成27年8月
114861,01000210,生産 数量 (千個),351111000,受動部品 抵抗器 可変抵抗器 (1～3),0027000909,平成27年9月
125667,01000210,生産 数量 (千個),351111000,受動部品 抵抗器 可変抵抗器 (1～3),0027001010,平成27年10月
105721,01000210,生産 数量 (千個),351111000,受動部品 抵抗器 可変抵抗器 (1～3),0027001111,平成27年11月
111351,01000210,生産 数量 (千個),351111000,受動部品 抵抗器 可変抵抗器 (1～3),0027001212,平成27年12月
1907089,01000210,生産 数量 (千個),351111100,受動部品 抵抗器 可変抵抗器 半固定抵抗器 (1),0023000000,平成23年
1576874,01000210,生産 数量 (千個),351111100,受動部品 抵抗器 可変抵抗器 半固定抵抗器 (1),0024000000,平成24年
1556055,01000210,生産 数量 (千個),351111100,受動部品 抵抗器 可変抵抗器 半固定抵抗器 (1),0025000000,平成25年
853190,01000210,生産 数量 (千個),351111100,受動部品 抵抗器 可変抵抗器 半固定抵抗器 (1),0026000000,平成26年
712517,01000210,生産 数量 (千個),351111100,受動部品 抵抗器 可変抵抗器 半固定抵抗器 (1),0027000000,平成27年
1415415,01000210,生産 数量 (千個),351111100,受動部品 抵抗器 可変抵抗器 半固定抵抗器 (1),0025010000,平成25年度
845775,01000210,生産 数量 (千個),351111100,受動部品 抵抗器 可変抵抗器 半固定抵抗器 (1),0026010000,平成26年度
183046,01000210,生産 数量 (千個),351111100,受動部品 抵抗器 可変抵抗器 半固定抵抗器 (1),0027000103,平成27年 1 ～ 3 月
184099,01000210,生産 数量 (千個),351111100,受動部品 抵抗器 可変抵抗器 半固定抵抗器 (1),0027000406,平成27年 4 ～ 6 月
170645,01000210,生産 数量 (千個),351111100,受動部品 抵抗器 可変抵抗器 半固定抵抗器 (1),0027000709,平成27年 7 ～ 9 月
174727,01000210,生産 数量 (千個),351111100,受動部品 抵抗器 可変抵抗器 半固定抵抗器 (1),0027001012,平成27年 10 ～ 12 月
62825,01000210,生産 数量 (千個),351111100,受動部品 抵抗器 可変抵抗器 半固定抵抗器 (1),0027000101,平成27年1月
58709,01000210,生産 数量 (千個),351111100,受動部品 抵抗器 可変抵抗器 半固定抵抗器 (1),0027000202,平成27年2月
61512,01000210,生産 数量 (千個),351111100,受動部品 抵抗器 可変抵抗器 半固定抵抗器 (1),0027000303,平成27年3月
62487,01000210,生産 数量 (千個),351111100,受動部品 抵抗器 可変抵抗器 半固定抵抗器 (1),0027000404,平成27年4月
59014,01000210,生産 数量 (千個),351111100,受動部品 抵抗器 可変抵抗器 半固定抵抗器 (1),0027000505,平成27年5月
62598,01000210,生産 数量 (千個),351111100,受動部品 抵抗器 可変抵抗器 半固定抵抗器 (1),0027000606,平成27年6月
60753,01000210,生産 数量 (千個),351111100,受動部品 抵抗器 可変抵抗器 半固定抵抗器 (1),0027000707,平成27年7月
51949,01000210,生産 数量 (千個),351111100,受動部品 抵抗器 可変抵抗器 半固定抵抗器 (1),0027000808,平成27年8月
57943,01000210,生産 数量 (千個),351111100,受動部品 抵抗器 可変抵抗器 半固定抵抗器 (1),0027000909,平成27年9月
59543,01000210,生産 数量 (千個),351111100,受動部品 抵抗器 可変抵抗器 半固定抵抗器 (1),0027001010,平成27年10月
55938,01000210,生産 数量 (千個),351111100,受動部品 抵抗器 可変抵抗器 半固定抵抗器 (1),0027001111,平成27年11月
59246,01000210,生産 数量 (千個),351111100,受動部品 抵抗器 可変抵抗器 半固定抵抗器 (1),0027001212,平成27年12月
173178,01000210,生産 数量 (千個),351111200,受動部品 抵抗器 可変抵抗器 炭素系可変抵抗器(半固定を除く) (2),0023000000,平成23年
276601,01000210,生産 数量 (千個),351111200,受動部品 抵抗器 可変抵抗器 炭素系可変抵抗器(半固定を除く) (2),0024000000,平成24年
488050,01000210,生産 数量 (千個),351111200,受動部品 抵抗器 可変抵抗器 炭素系可変抵抗器(半固定を除く) (2),0025000000,平成25年
526795,01000210,生産 数量 (千個),351111200,受動部品 抵抗器 可変抵抗器 炭素系可変抵抗器(半固定を除く) (2),0026000000,平成26年
560639,01000210,生産 数量 (千個),351111200,受動部品 抵抗器 可変抵抗器 炭素系可変抵抗器(半固定を除く) (2),0027000000,平成27年
512276,01000210,生産 数量 (千個),351111200,受動部品 抵抗器 可変抵抗器 炭素系可変抵抗器(半固定を除く) (2),0025010000,平成25年度
548057,01000210,生産 数量 (千個),351111200,受動部品 抵抗器 可変抵抗器 炭素系可変抵抗器(半固定を除く) (2),0026010000,平成26年度
101574,01000210,生産 数量 (千個),351111200,受動部品 抵抗器 可変抵抗器 炭素系可変抵抗器(半固定を除く) (2),0027000103,平成27年 1 ～ 3 月
149233,01000210,生産 数量 (千個),351111200,受動部品 抵抗器 可変抵抗器 炭素系可変抵抗器(半固定を除く) (2),0027000406,平成27年 4 ～ 6 月
151547,01000210,生産 数量 (千個),351111200,受動部品 抵抗器 可変抵抗器 炭素系可変抵抗器(半固定を除く) (2),0027000709,平成27年 7 ～ 9 月
158285,01000210,生産 数量 (千個),351111200,受動部品 抵抗器 可変抵抗器 炭素系可変抵抗器(半固定を除く) (2),0027001012,平成27年 10 ～ 12 月
42862,01000210,生産 数量 (千個),351111200,受動部品 抵抗器 可変抵抗器 炭素系可変抵抗器(半固定を除く) (2),0027000101,平成27年1月
28292,01000210,生産 数量 (千個),351111200,受動部品 抵抗器 可変抵抗器 炭素系可変抵抗器(半固定を除く) (2),0027000202,平成27年2月
30420,01000210,生産 数量 (千個),351111200,受動部品 抵抗器 可変抵抗器 炭素系可変抵抗器(半固定を除く) (2),0027000303,平成27年3月
47458,01000210,生産 数量 (千個),351111200,受動部品 抵抗器 可変抵抗器 炭素系可変抵抗器(半固定を除く) (2),0027000404,平成27年4月
51839,01000210,生産 数量 (千個),351111200,受動部品 抵抗器 可変抵抗器 炭素系可変抵抗器(半固定を除く) (2),0027000505,平成27年5月
49936,01000210,生産 数量 (千個),351111200,受動部品 抵抗器 可変抵抗器 炭素系可変抵抗器(半固定を除く) (2),0027000606,平成27年6月
54564,01000210,生産 数量 (千個),351111200,受動部品 抵抗器 可変抵抗器 炭素系可変抵抗器(半固定を除く) (2),0027000707,平成27年7月
43250,01000210,生産 数量 (千個),351111200,受動部品 抵抗器 可変抵抗器 炭素系可変抵抗器(半固定を除く) (2),0027000808,平成27年8月
53733,01000210,生産 数量 (千個),351111200,受動部品 抵抗器 可変抵抗器 炭素系可変抵抗器(半固定を除く) (2),0027000909,平成27年9月
62761,01000210,生産 数量 (千個),351111200,受動部品 抵抗器 可変抵抗器 炭素系可変抵抗器(半固定を除く) (2),0027001010,平成27年10月
46524,01000210,生産 数量 (千個),351111200,受動部品 抵抗器 可変抵抗器 炭素系可変抵抗器(半固定を除く) (2),0027001111,平成27年11月
49000,01000210,生産 数量 (千個),351111200,受動部品 抵抗器 可変抵抗器 炭素系可変抵抗器(半固定を除く) (2),0027001212,平成27年12月
59734,01000210,生産 数量 (千個),351111300,受動部品 抵抗器 可変抵抗器 その他の可変抵抗器 (3),0023000000,平成23年
60170,01000210,生産 数量 (千個),351111300,受動部品 抵抗器 可変抵抗器 その他の可変抵抗器 (3),0024000000,平成24年
46294,01000210,生産 数量 (千個),351111300,受動部品 抵抗器 可変抵抗器 その他の可変抵抗器 (3),0025000000,平成25年
39516,01000210,生産 数量 (千個),351111300,受動部品 抵抗器 可変抵抗器 その他の可変抵抗器 (3),0026000000,平成26年
37948,01000210,生産 数量 (千個),351111300,受動部品 抵抗器 可変抵抗器 その他の可変抵抗器 (3),0027000000,平成27年
43532,01000210,生産 数量 (千個),351111300,受動部品 抵抗器 可変抵抗器 その他の可変抵抗器 (3),0025010000,平成25年度
38966,01000210,生産 数量 (千個),351111300,受動部品 抵抗器 可変抵抗器 その他の可変抵抗器 (3),0026010000,平成26年度
9863,01000210,生産 数量 (千個),351111300,受動部品 抵抗器 可変抵抗器 その他の可変抵抗器 (3),0027000103,平成27年 1 ～ 3 月
9531,01000210,生産 数量 (千個),351111300,受動部品 抵抗器 可変抵抗器 その他の可変抵抗器 (3),0027000406,平成27年 4 ～ 6 月
8827,01000210,生産 数量 (千個),351111300,受動部品 抵抗器 可変抵抗器 その他の可変抵抗器 (3),0027000709,平成27年 7 ～ 9 月
9727,01000210,生産 数量 (千個),351111300,受動部品 抵抗器 可変抵抗器 その他の可変抵抗器 (3),0027001012,平成27年 10 ～ 12 月
3178,01000210,生産 数量 (千個),351111300,受動部品 抵抗器 可変抵抗器 その他の可変抵抗器 (3),0027000101,平成27年1月
3176,01000210,生産 数量 (千個),351111300,受動部品 抵抗器 可変抵抗器 その他の可変抵抗器 (3),0027000202,平成27年2月
3509,01000210,生産 数量 (千個),351111300,受動部品 抵抗器 可変抵抗器 その他の可変抵抗器 (3),0027000303,平成27年3月
3600,01000210,生産 数量 (千個),351111300,受動部品 抵抗器 可変抵抗器 その他の可変抵抗器 (3),0027000404,平成27年4月
2729,01000210,生産 数量 (千個),351111300,受動部品 抵抗器 可変抵抗器 その他の可変抵抗器 (3),0027000505,平成27年5月
3202,01000210,生産 数量 (千個),351111300,受動部品 抵抗器 可変抵抗器 その他の可変抵抗器 (3),0027000606,平成27年6月
2994,01000210,生産 数量 (千個),351111300,受動部品 抵抗器 可変抵抗器 その他の可変抵抗器 (3),0027000707,平成27年7月
2648,01000210,生産 数量 (千個),351111300,受動部品 抵抗器 可変抵抗器 その他の可変抵抗器 (3),0027000808,平成27年8月
3185,01000210,生産 数量 (千個),351111300,受動部品 抵抗器 可変抵抗器 その他の可変抵抗器 (3),0027000909,平成27年9月
3363,01000210,生産 数量 (千個),351111300,受動部品 抵抗器 可変抵抗器 その他の可変抵抗器 (3),0027001010,平成27年10月
3259,01000210,生産 数量 (千個),351111300,受動部品 抵抗器 可変抵抗器 その他の可変抵抗器 (3),0027001111,平成27年11月
3105,01000210,生産 数量 (千個),351111300,受動部品 抵抗器 可変抵抗器 その他の可変抵抗器 (3),0027001212,平成27年12月
176787583,01000210,生産 数量 (千個),351112000,受動部品 抵抗器 固定抵抗器 (4～6),0023000000,平成23年
158709008,01000210,生産 数量 (千個),351112000,受動部品 抵抗器 固定抵抗器 (4～6),0024000000,平成24年
133952693,01000210,生産 数量 (千個),351112000,受動部品 抵抗器 固定抵抗器 (4～6),0025000000,平成25年
136919324,01000210,生産 数量 (千個),351112000,受動部品 抵抗器 固定抵抗器 (4～6),0026000000,平成26年
133306443,01000210,生産 数量 (千個),351112000,受動部品 抵抗器 固定抵抗器 (4～6),0027000000,平成27年
137468663,01000210,生産 数量 (千個),351112000,受動部品 抵抗器 固定抵抗器 (4～6),0025010000,平成25年度
137600017,01000210,生産 数量 (千個),351112000,受動部品 抵抗器 固定抵抗器 (4～6),0026010000,平成26年度
33847555,01000210,生産 数量 (千個),351112000,受動部品 抵抗器 固定抵抗器 (4～6),0027000103,平成27年 1 ～ 3 月
33269470,01000210,生産 数量 (千個),351112000,受動部品 抵抗器 固定抵抗器 (4～6),0027000406,平成27年 4 ～ 6 月
32280520,01000210,生産 数量 (千個),351112000,受動部品 抵抗器 固定抵抗器 (4～6),0027000709,平成27年 7 ～ 9 月
33908898,01000210,生産 数量 (千個),351112000,受動部品 抵抗器 固定抵抗器 (4～6),0027001012,平成27年 10 ～ 12 月
11189860,01000210,生産 数量 (千個),351112000,受動部品 抵抗器 固定抵抗器 (4～6),0027000101,平成27年1月
11277997,01000210,生産 数量 (千個),351112000,受動部品 抵抗器 固定抵抗器 (4～6),0027000202,平成27年2月
11379698,01000210,生産 数量 (千個),351112000,受動部品 抵抗器 固定抵抗器 (4～6),0027000303,平成27年3月
11533153,01000210,生産 数量 (千個),351112000,受動部品 抵抗器 固定抵抗器 (4～6),0027000404,平成27年4月
10384600,01000210,生産 数量 (千個),351112000,受動部品 抵抗器 固定抵抗器 (4～6),0027000505,平成27年5月
11351717,01000210,生産 数量 (千個),351112000,受動部品 抵抗器 固定抵抗器 (4～6),0027000606,平成27年6月
11114163,01000210,生産 数量 (千個),351112000,受動部品 抵抗器 固定抵抗器 (4～6),0027000707,平成27年7月
10416159,01000210,生産 数量 (千個),351112000,受動部品 抵抗器 固定抵抗器 (4～6),0027000808,平成27年8月
10750198,01000210,生産 数量 (千個),351112000,受動部品 抵抗器 固定抵抗器 (4～6),0027000909,平成27年9月
11604005,01000210,生産 数量 (千個),351112000,受動部品 抵抗器 固定抵抗器 (4～6),0027001010,平成27年10月
10984434,01000210,生産 数量 (千個),351112000,受動部品 抵抗器 固定抵抗器 (4～6),0027001111,平成27年11月
11320459,01000210,生産 数量 (千個),351112000,受動部品 抵抗器 固定抵抗器 (4～6),0027001212,平成27年12月
11958295,01000210,生産 数量 (千個),351112010,受動部品 抵抗器 固定抵抗器 ネットワーク抵抗器 (4),0023000000,平成23年
10301916,01000210,生産 数量 (千個),351112010,受動部品 抵抗器 固定抵抗器 ネットワーク抵抗器 (4),0024000000,平成24年
9864800,01000210,生産 数量 (千個),351112010,受動部品 抵抗器 固定抵抗器 ネットワーク抵抗器 (4),0025000000,平成25年
11363456,01000210,生産 数量 (千個),351112010,受動部品 抵抗器 固定抵抗器 ネットワーク抵抗器 (4),0026000000,平成26年
9510886,01000210,生産 数量 (千個),351112010,受動部品 抵抗器 固定抵抗器 ネットワーク抵抗器 (4),0027000000,平成27年
10482553,01000210,生産 数量 (千個),351112010,受動部品 抵抗器 固定抵抗器 ネットワーク抵抗器 (4),0025010000,平成25年度
11144701,01000210,生産 数量 (千個),351112010,受動部品 抵抗器 固定抵抗器 ネットワーク抵抗器 (4),0026010000,平成26年度
2453784,01000210,生産 数量 (千個),351112010,受動部品 抵抗器 固定抵抗器 ネットワーク抵抗器 (4),0027000103,平成27年 1 ～ 3 月
2454807,01000210,生産 数量 (千個),351112010,受動部品 抵抗器 固定抵抗器 ネットワーク抵抗器 (4),0027000406,平成27年 4 ～ 6 月
2206578,01000210,生産 数量 (千個),351112010,受動部品 抵抗器 固定抵抗器 ネットワーク抵抗器 (4),0027000709,平成27年 7 ～ 9 月
2395717,01000210,生産 数量 (千個),351112010,受動部品 抵抗器 固定抵抗器 ネットワーク抵抗器 (4),0027001012,平成27年 10 ～ 12 月
823728,01000210,生産 数量 (千個),351112010,受動部品 抵抗器 固定抵抗器 ネットワーク抵抗器 (4),0027000101,平成27年1月
806851,01000210,生産 数量 (千個),351112010,受動部品 抵抗器 固定抵抗器 ネットワーク抵抗器 (4),0027000202,平成27年2月
823205,01000210,生産 数量 (千個),351112010,受動部品 抵抗器 固定抵抗器 ネットワーク抵抗器 (4),0027000303,平成27年3月
852713,01000210,生産 数量 (千個),351112010,受動部品 抵抗器 固定抵抗器 ネットワーク抵抗器 (4),0027000404,平成27年4月
815678,01000210,生産 数量 (千個),351112010,受動部品 抵抗器 固定抵抗器 ネットワーク抵抗器 (4),0027000505,平成27年5月
786416,01000210,生産 数量 (千個),351112010,受動部品 抵抗器 固定抵抗器 ネットワーク抵抗器 (4),0027000606,平成27年6月
763918,01000210,生産 数量 (千個),351112010,受動部品 抵抗器 固定抵抗器 ネットワーク抵抗器 (4),0027000707,平成27年7月
714591,01000210,生産 数量 (千個),351112010,受動部品 抵抗器 固定抵抗器 ネットワーク抵抗器 (4),0027000808,平成27年8月
728069,01000210,生産 数量 (千個),351112010,受動部品 抵抗器 固定抵抗器 ネットワーク抵抗器 (4),0027000909,平成27年9月
853463,01000210,生産 数量 (千個),351112010,受動部品 抵抗器 固定抵抗器 ネットワーク抵抗器 (4),0027001010,平成27年10月
738616,01000210,生産 数量 (千個),351112010,受動部品 抵抗器 固定抵抗器 ネットワーク抵抗器 (4),0027001111,平成27年11月
803638,01000210,生産 数量 (千個),351112010,受動部品 抵抗器 固定抵抗器 ネットワーク抵抗器 (4),0027001212,平成27年12月
158412181,01000210,生産 数量 (千個),351112020,受動部品 抵抗器 固定抵抗器 チップ抵抗器 (5),0023000000,平成23年
141510934,01000210,生産 数量 (千個),351112020,受動部品 抵抗器 固定抵抗器 チップ抵抗器 (5),0024000000,平成24年
117109988,01000210,生産 数量 (千個),351112020,受動部品 抵抗器 固定抵抗器 チップ抵抗器 (5),0025000000,平成25年
118262930,01000210,生産 数量 (千個),351112020,受動部品 抵抗器 固定抵抗器 チップ抵抗器 (5),0026000000,平成26年
116889617,01000210,生産 数量 (千個),351112020,受動部品 抵抗器 固定抵抗器 チップ抵抗器 (5),0027000000,平成27年
119930999,01000210,生産 数量 (千個),351112020,受動部品 抵抗器 固定抵抗器 チップ抵抗器 (5),0025010000,平成25年度
119300340,01000210,生産 数量 (千個),351112020,受動部品 抵抗器 固定抵抗器 チップ抵抗器 (5),0026010000,平成26年度
29998507,01000210,生産 数量 (千個),351112020,受動部品 抵抗器 固定抵抗器 チップ抵抗器 (5),0027000103,平成27年 1 ～ 3 月
28836553,01000210,生産 数量 (千個),351112020,受動部品 抵抗器 固定抵抗器 チップ抵抗器 (5),0027000406,平成27年 4 ～ 6 月
28270943,01000210,生産 数量 (千個),351112020,受動部品 抵抗器 固定抵抗器 チップ抵抗器 (5),0027000709,平成27年 7 ～ 9 月
29783614,01000210,生産 数量 (千個),351112020,受動部品 抵抗器 固定抵抗器 チップ抵抗器 (5),0027001012,平成27年 10 ～ 12 月
9888820,01000210,生産 数量 (千個),351112020,受動部品 抵抗器 固定抵抗器 チップ抵抗器 (5),0027000101,平成27年1月
9970012,01000210,生産 数量 (千個),351112020,受動部品 抵抗器 固定抵抗器 チップ抵抗器 (5),0027000202,平成27年2月
10139675,01000210,生産 数量 (千個),351112020,受動部品 抵抗器 固定抵抗器 チップ抵抗器 (5),0027000303,平成27年3月
10048599,01000210,生産 数量 (千個),351112020,受動部品 抵抗器 固定抵抗器 チップ抵抗器 (5),0027000404,平成27年4月
8907623,01000210,生産 数量 (千個),351112020,受動部品 抵抗器 固定抵抗器 チップ抵抗器 (5),0027000505,平成27年5月
9880331,01000210,生産 数量 (千個),351112020,受動部品 抵抗器 固定抵抗器 チップ抵抗器 (5),0027000606,平成27年6月
9751925,01000210,生産 数量 (千個),351112020,受動部品 抵抗器 固定抵抗器 チップ抵抗器 (5),0027000707,平成27年7月
9102518,01000210,生産 数量 (千個),351112020,受動部品 抵抗器 固定抵抗器 チップ抵抗器 (5),0027000808,平成27年8月
9416500,01000210,生産 数量 (千個),351112020,受動部品 抵抗器 固定抵抗器 チップ抵抗器 (5),0027000909,平成27年9月
10216701,01000210,生産 数量 (千個),351112020,受動部品 抵抗器 固定抵抗器 チップ抵抗器 (5),0027001010,平成27年10月
9679043,01000210,生産 数量 (千個),351112020,受動部品 抵抗器 固定抵抗器 チップ抵抗器 (5),0027001111,平成27年11月
9887870,01000210,生産 数量 (千個),351112020,受動部品 抵抗器 固定抵抗器 チップ抵抗器 (5),0027001212,平成27年12月
6417107,01000210,生産 数量 (千個),351112100,受動部品 抵抗器 固定抵抗器 その他の固定抵抗器 (6),0023000000,平成23年
6896158,01000210,生産 数量 (千個),351112100,受動部品 抵抗器 固定抵抗器 その他の固定抵抗器 (6),0024000000,平成24年
6977905,01000210,生産 数量 (千個),351112100,受動部品 抵抗器 固定抵抗器 その他の固定抵抗器 (6),0025000000,平成25年
7292938,01000210,生産 数量 (千個),351112100,受動部品 抵抗器 固定抵抗器 その他の固定抵抗器 (6),0026000000,平成26年
6905940,01000210,生産 数量 (千個),351112100,受動部品 抵抗器 固定抵抗器 その他の固定抵抗器 (6),0027000000,平成27年
7055111,01000210,生産 数量 (千個),351112100,受動部品 抵抗器 固定抵抗器 その他の固定抵抗器 (6),0025010000,平成25年度
7154976,01000210,生産 数量 (千個),351112100,受動部品 抵抗器 固定抵抗器 その他の固定抵抗器 (6),0026010000,平成26年度
1395264,01000210,生産 数量 (千個),351112100,受動部品 抵抗器 固定抵抗器 その他の固定抵抗器 (6),0027000103,平成27年 1 ～ 3 月
1978110,01000210,生産 数量 (千個),351112100,受動部品 抵抗器 固定抵抗器 その他の固定抵抗器 (6),0027000406,平成27年 4 ～ 6 月
1802999,01000210,生産 数量 (千個),351112100,受動部品 抵抗器 固定抵抗器 その他の固定抵抗器 (6),0027000709,平成27年 7 ～ 9 月
1729567,01000210,生産 数量 (千個),351112100,受動部品 抵抗器 固定抵抗器 その他の固定抵抗器 (6),0027001012,平成27年 10 ～ 12 月
477312,01000210,生産 数量 (千個),351112100,受動部品 抵抗器 固定抵抗器 その他の固定抵抗器 (6),0027000101,平成27年1月
501134,01000210,生産 数量 (千個),351112100,受動部品 抵抗器 固定抵抗器 その他の固定抵抗器 (6),0027000202,平成27年2月
416818,01000210,生産 数量 (千個),351112100,受動部品 抵抗器 固定抵抗器 その他の固定抵抗器 (6),0027000303,平成27年3月
631841,01000210,生産 数量 (千個),351112100,受動部品 抵抗器 固定抵抗器 その他の固定抵抗器 (6),0027000404,平成27年4月
661299,01000210,生産 数量 (千個),351112100,受動部品 抵抗器 固定抵抗器 その他の固定抵抗器 (6),0027000505,平成27年5月
684970,01000210,生産 数量 (千個),351112100,受動部品 抵抗器 固定抵抗器 その他の固定抵抗器 (6),0027000606,平成27年6月
598320,01000210,生産 数量 (千個),351112100,受動部品 抵抗器 固定抵抗器 その他の固定抵抗器 (6),0027000707,平成27年7月
599050,01000210,生産 数量 (千個),351112100,受動部品 抵抗器 固定抵抗器 その他の固定抵抗器 (6),0027000808,平成27年8月
605629,01000210,生産 数量 (千個),351112100,受動部品 抵抗器 固定抵抗器 その他の固定抵抗器 (6),0027000909,平成27年9月
533841,01000210,生産 数量 (千個),351112100,受動部品 抵抗器 固定抵抗器 その他の固定抵抗器 (6),0027001010,平成27年10月
566775,01000210,生産 数量 (千個),351112100,受動部品 抵抗器 固定抵抗器 その他の固定抵抗器 (6),0027001111,平成27年11月
628951,01000210,生産 数量 (千個),351112100,受動部品 抵抗器 固定抵抗器 その他の固定抵抗器 (6),0027001212,平成27年12月
752035919,01000210,生産 数量 (千個),351112200,受動部品 固定コンデンサ (7～11),0023000000,平成23年
780217553,01000210,生産 数量 (千個),351112200,受動部品 固定コンデンサ (7～11),0024000000,平成24年
749209443,01000210,生産 数量 (千個),351112200,受動部品 固定コンデンサ (7～11),0025000000,平成25年
813897052,01000210,生産 数量 (千個),351112200,受動部品 固定コンデンサ (7～11),0026000000,平成26年
861622001,01000210,生産 数量 (千個),351112200,受動部品 固定コンデンサ (7～11),0027000000,平成27年
749332984,01000210,生産 数量 (千個),351112200,受動部品 固定コンデンサ (7～11),0025010000,平成25年度
838735491,01000210,生産 数量 (千個),351112200,受動部品 固定コンデンサ (7～11),0026010000,平成26年度
196557577,01000210,生産 数量 (千個),351112200,受動部品 固定コンデンサ (7～11),0027000103,平成27年 1 ～ 3 月
211110923,01000210,生産 数量 (千個),351112200,受動部品 固定コンデンサ (7～11),0027000406,平成27年 4 ～ 6 月
235557382,01000210,生産 数量 (千個),351112200,受動部品 固定コンデンサ (7～11),0027000709,平成27年 7 ～ 9 月
218396119,01000210,生産 数量 (千個),351112200,受動部品 固定コンデンサ (7～11),0027001012,平成27年 10 ～ 12 月
74014394,01000210,生産 数量 (千個),351112200,受動部品 固定コンデンサ (7～11),0027000101,平成27年1月
58908126,01000210,生産 数量 (千個),351112200,受動部品 固定コンデンサ (7～11),0027000202,平成27年2月
63635057,01000210,生産 数量 (千個),351112200,受動部品 固定コンデンサ (7～11),0027000303,平成27年3月
76927446,01000210,生産 数量 (千個),351112200,受動部品 固定コンデンサ (7～11),0027000404,平成27年4月
64290031,01000210,生産 数量 (千個),351112200,受動部品 固定コンデンサ (7～11),0027000505,平成27年5月
69893446,01000210,生産 数量 (千個),351112200,受動部品 固定コンデンサ (7～11),0027000606,平成27年6月
76244732,01000210,生産 数量 (千個),351112200,受動部品 固定コンデンサ (7～11),0027000707,平成27年7月
74908951,01000210,生産 数量 (千個),351112200,受動部品 固定コンデンサ (7～11),0027000808,平成27年8月
84403699,01000210,生産 数量 (千個),351112200,受動部品 固定コンデンサ (7～11),0027000909,平成27年9月
80091572,01000210,生産 数量 (千個),351112200,受動部品 固定コンデンサ (7～11),0027001010,平成27年10月
69258932,01000210,生産 数量 (千個),351112200,受動部品 固定コンデンサ (7～11),0027001111,平成27年11月
69045615,01000210,生産 数量 (千個),351112200,受動部品 固定コンデンサ (7～11),0027001212,平成27年12月
13605076,01000210,生産 数量 (千個),351112300,受動部品 固定コンデンサ アルミ電解コンデンサ (7),0023000000,平成23年
10885576,01000210,生産 数量 (千個),351112300,受動部品 固定コンデンサ アルミ電解コンデンサ (7),0024000000,平成24年
10255585,01000210,生産 数量 (千個),351112300,受動部品 固定コンデンサ アルミ電解コンデンサ (7),0025000000,平成25年
10637308,01000210,生産 数量 (千個),351112300,受動部品 固定コンデンサ アルミ電解コンデンサ (7),0026000000,平成26年
10177127,01000210,生産 数量 (千個),351112300,受動部品 固定コンデンサ アルミ電解コンデンサ (7),0027000000,平成27年
10485012,01000210,生産 数量 (千個),351112300,受動部品 固定コンデンサ アルミ電解コンデンサ (7),0025010000,平成25年度
10626524,01000210,生産 数量 (千個),351112300,受動部品 固定コンデンサ アルミ電解コンデンサ (7),0026010000,平成26年度
2551526,01000210,生産 数量 (千個),351112300,受動部品 固定コンデンサ アルミ電解コンデンサ (7),0027000103,平成27年 1 ～ 3 月
2565153,01000210,生産 数量 (千個),351112300,受動部品 固定コンデンサ アルミ電解コンデンサ (7),0027000406,平成27年 4 ～ 6 月
2552275,01000210,生産 数量 (千個),351112300,受動部品 固定コンデンサ アルミ電解コンデンサ (7),0027000709,平成27年 7 ～ 9 月
2508173,01000210,生産 数量 (千個),351112300,受動部品 固定コンデンサ アルミ電解コンデンサ (7),0027001012,平成27年 10 ～ 12 月
810980,01000210,生産 数量 (千個),351112300,受動部品 固定コンデンサ アルミ電解コンデンサ (7),0027000101,平成27年1月
832158,01000210,生産 数量 (千個),351112300,受動部品 固定コンデンサ アルミ電解コンデンサ (7),0027000202,平成27年2月
908388,01000210,生産 数量 (千個),351112300,受動部品 固定コンデンサ アルミ電解コンデンサ (7),0027000303,平成27年3月
876921,01000210,生産 数量 (千個),351112300,受動部品 固定コンデンサ アルミ電解コンデンサ (7),0027000404,平成27年4月
803173,01000210,生産 数量 (千個),351112300,受動部品 固定コンデンサ アルミ電解コンデンサ (7),0027000505,平成27年5月
885059,01000210,生産 数量 (千個),351112300,受動部品 固定コンデンサ アルミ電解コンデンサ (7),0027000606,平成27年6月
902182,01000210,生産 数量 (千個),351112300,受動部品 固定コンデンサ アルミ電解コンデンサ (7),0027000707,平成27年7月
790300,01000210,生産 数量 (千個),351112300,受動部品 固定コンデンサ アルミ電解コンデンサ (7),0027000808,平成27年8月
859793,01000210,生産 数量 (千個),351112300,受動部品 固定コンデンサ アルミ電解コンデンサ (7),0027000909,平成27年9月
876112,01000210,生産 数量 (千個),351112300,受動部品 固定コンデンサ アルミ電解コンデンサ (7),0027001010,平成27年10月
822409,01000210,生産 数量 (千個),351112300,受動部品 固定コンデンサ アルミ電解コンデンサ (7),0027001111,平成27年11月
809652,01000210,生産 数量 (千個),351112300,受動部品 固定コンデンサ アルミ電解コンデンサ (7),0027001212,平成27年12月
2009966,01000210,生産 数量 (千個),351120000,受動部品 固定コンデンサ タンタル電解コンデンサ (8),0023000000,平成23年
2844317,01000210,生産 数量 (千個),351120000,受動部品 固定コンデンサ タンタル電解コンデンサ (8),0024000000,平成24年
2076036,01000210,生産 数量 (千個),351120000,受動部品 固定コンデンサ タンタル電解コンデンサ (8),0025000000,平成25年
1801148,01000210,生産 数量 (千個),351120000,受動部品 固定コンデンサ タンタル電解コンデンサ (8),0026000000,平成26年
1641793,01000210,生産 数量 (千個),351120000,受動部品 固定コンデンサ タンタル電解コンデンサ (8),0027000000,平成27年
2038297,01000210,生産 数量 (千個),351120000,受動部品 固定コンデンサ タンタル電解コンデンサ (8),0025010000,平成25年度
1757266,01000210,生産 数量 (千個),351120000,受動部品 固定コンデンサ タンタル電解コンデンサ (8),0026010000,平成26年度
423250,01000210,生産 数量 (千個),351120000,受動部品 固定コンデンサ タンタル電解コンデンサ (8),0027000103,平成27年 1 ～ 3 月
405296,01000210,生産 数量 (千個),351120000,受動部品 固定コンデンサ タンタル電解コンデンサ (8),0027000406,平成27年 4 ～ 6 月
426474,01000210,生産 数量 (千個),351120000,受動部品 固定コンデンサ タンタル電解コンデンサ (8),0027000709,平成27年 7 ～ 9 月
386773,01000210,生産 数量 (千個),351120000,受動部品 固定コンデンサ タンタル電解コンデンサ (8),0027001012,平成27年 10 ～ 12 月
145348,01000210,生産 数量 (千個),351120000,受動部品 固定コンデンサ タンタル電解コンデンサ (8),0027000101,平成27年1月
127073,01000210,生産 数量 (千個),351120000,受動部品 固定コンデンサ タンタル電解コンデンサ (8),0027000202,平成27年2月
150829,01000210,生産 数量 (千個),351120000,受動部品 固定コンデンサ タンタル電解コンデンサ (8),0027000303,平成27年3月
132148,01000210,生産 数量 (千個),351120000,受動部品 固定コンデンサ タンタル電解コンデンサ (8),0027000404,平成27年4月
128485,01000210,生産 数量 (千個),351120000,受動部品 固定コンデンサ タンタル電解コンデンサ (8),0027000505,平成27年5月
144663,01000210,生産 数量 (千個),351120000,受動部品 固定コンデンサ タンタル電解コンデンサ (8),0027000606,平成27年6月
145992,01000210,生産 数量 (千個),351120000,受動部品 固定コンデンサ タンタル電解コンデンサ (8),0027000707,平成27年7月
129301,01000210,生産 数量 (千個),351120000,受動部品 固定コンデンサ タンタル電解コンデンサ (8),0027000808,平成27年8月
151181,01000210,生産 数量 (千個),351120000,受動部品 固定コンデンサ タンタル電解コンデンサ (8),0027000909,平成27年9月
137299,01000210,生産 数量 (千個),351120000,受動部品 固定コンデンサ タンタル電解コンデンサ (8),0027001010,平成27年10月
125941,01000210,生産 数量 (千個),351120000,受動部品 固定コンデンサ タンタル電解コンデンサ (8),0027001111,平成27年11月
123533,01000210,生産 数量 (千個),351120000,受動部品 固定コンデンサ タンタル電解コンデンサ (8),0027001212,平成27年12月
735175917,01000210,生産 数量 (千個),351121000,受動部品 固定コンデンサ セラミックコンデンサ (9),0023000000,平成23年
765501581,01000210,生産 数量 (千個),351121000,受動部品 固定コンデンサ セラミックコンデンサ (9),0024000000,平成24年
736099521,01000210,生産 数量 (千個),351121000,受動部品 固定コンデンサ セラミックコンデンサ (9),0025000000,平成25年
800731325,01000210,生産 数量 (千個),351121000,受動部品 固定コンデンサ セラミックコンデンサ (9),0026000000,平成26年
849141096,01000210,生産 数量 (千個),351121000,受動部品 固定コンデンサ セラミックコンデンサ (9),0027000000,平成27年
736037856,01000210,生産 数量 (千個),351121000,受動部品 固定コンデンサ セラミックコンデンサ (9),0025010000,平成25年度
825632204,01000210,生産 数量 (千個),351121000,受動部品 固定コンデンサ セラミックコンデンサ (9),0026010000,平成26年度
193414013,01000210,生産 数量 (千個),351121000,受動部品 固定コンデンサ セラミックコンデンサ (9),0027000103,平成27年 1 ～ 3 月
207972230,01000210,生産 数量 (千個),351121000,受動部品 固定コンデンサ セラミックコンデンサ (9),0027000406,平成27年 4 ～ 6 月
232415796,01000210,生産 数量 (千個),351121000,受動部品 固定コンデンサ セラミックコンデンサ (9),0027000709,平成27年 7 ～ 9 月
215339057,01000210,生産 数量 (千個),351121000,受動部品 固定コンデンサ セラミックコンデンサ (9),0027001012,平成27年 10 ～ 12 月
73003665,01000210,生産 数量 (千個),351121000,受動部品 固定コンデンサ セラミックコンデンサ (9),0027000101,平成27年1月
57895575,01000210,生産 数量 (千個),351121000,受動部品 固定コンデンサ セラミックコンデンサ (9),0027000202,平成27年2月
62514773,01000210,生産 数量 (千個),351121000,受動部品 固定コンデンサ セラミックコンデンサ (9),0027000303,平成27年3月
75861197,01000210,生産 数量 (千個),351121000,受動部品 固定コンデンサ セラミックコンデンサ (9),0027000404,平成27年4月
63307147,01000210,生産 数量 (千個),351121000,受動部品 固定コンデンサ セラミックコンデンサ (9),0027000505,平成27年5月
68803886,01000210,生産 数量 (千個),351121000,受動部品 固定コンデンサ セラミックコンデンサ (9),0027000606,平成27年6月
75137246,01000210,生産 数量 (千個),351121000,受動部品 固定コンデンサ セラミックコンデンサ (9),0027000707,平成27年7月
73940101,01000210,生産 数量 (千個),351121000,受動部品 固定コンデンサ セラミックコンデンサ (9),0027000808,平成27年8月
83338449,01000210,生産 数量 (千個),351121000,受動部品 固定コンデンサ セラミックコンデンサ (9),0027000909,平成27年9月
79023605,01000210,生産 数量 (千個),351121000,受動部品 固定コンデンサ セラミックコンデンサ (9),0027001010,平成27年10月
68258337,01000210,生産 数量 (千個),351121000,受動部品 固定コンデンサ セラミックコンデンサ (9),0027001111,平成27年11月
68057115,01000210,生産 数量 (千個),351121000,受動部品 固定コンデンサ セラミックコンデンサ (9),0027001212,平成27年12月
627694,01000210,生産 数量 (千個),351122000,受動部品 固定コンデンサ 金属化有機フィルムコンデンサ (10),0023000000,平成23年
518055,01000210,生産 数量 (千個),351122000,受動部品 固定コンデンサ 金属化有機フィルムコンデンサ (10),0024000000,平成24年
409510,01000210,生産 数量 (千個),351122000,受動部品 固定コンデンサ 金属化有機フィルムコンデンサ (10),0025000000,平成25年
375752,01000210,生産 数量 (千個),351122000,受動部品 固定コンデンサ 金属化有機フィルムコンデンサ (10),0026000000,平成26年
336107,01000210,生産 数量 (千個),351122000,受動部品 固定コンデンサ 金属化有機フィルムコンデンサ (10),0027000000,平成27年
400985,01000210,生産 数量 (千個),351122000,受動部品 固定コンデンサ 金属化有機フィルムコンデンサ (10),0025010000,平成25年度
366867,01000210,生産 数量 (千個),351122000,受動部品 固定コンデンサ 金属化有機フィルムコンデンサ (10),0026010000,平成26年度
84719,01000210,生産 数量 (千個),351122000,受動部品 固定コンデンサ 金属化有機フィルムコンデンサ (10),0027000103,平成27年 1 ～ 3 月
81239,01000210,生産 数量 (千個),351122000,受動部品 固定コンデンサ 金属化有機フィルムコンデンサ (10),0027000406,平成27年 4 ～ 6 月
81734,01000210,生産 数量 (千個),351122000,受動部品 固定コンデンサ 金属化有機フィルムコンデンサ (10),0027000709,平成27年 7 ～ 9 月
88415,01000210,生産 数量 (千個),351122000,受動部品 固定コンデンサ 金属化有機フィルムコンデンサ (10),0027001012,平成27年 10 ～ 12 月
27772,01000210,生産 数量 (千個),351122000,受動部品 固定コンデンサ 金属化有機フィルムコンデンサ (10),0027000101,平成27年1月
26591,01000210,生産 数量 (千個),351122000,受動部品 固定コンデンサ 金属化有機フィルムコンデンサ (10),0027000202,平成27年2月
30356,01000210,生産 数量 (千個),351122000,受動部品 固定コンデンサ 金属化有機フィルムコンデンサ (10),0027000303,平成27年3月
27940,01000210,生産 数量 (千個),351122000,受動部品 固定コンデンサ 金属化有機フィルムコンデンサ (10),0027000404,平成27年4月
25439,01000210,生産 数量 (千個),351122000,受動部品 固定コンデンサ 金属化有機フィルムコンデンサ (10),0027000505,平成27年5月
27860,01000210,生産 数量 (千個),351122000,受動部品 固定コンデンサ 金属化有機フィルムコンデンサ (10),0027000606,平成27年6月
27927,01000210,生産 数量 (千個),351122000,受動部品 固定コンデンサ 金属化有機フィルムコンデンサ (10),0027000707,平成27年7月
25763,01000210,生産 数量 (千個),351122000,受動部品 固定コンデンサ 金属化有機フィルムコンデンサ (10),0027000808,平成27年8月
28044,01000210,生産 数量 (千個),351122000,受動部品 固定コンデンサ 金属化有機フィルムコンデンサ (10),0027000909,平成27年9月
28545,01000210,生産 数量 (千個),351122000,受動部品 固定コンデンサ 金属化有機フィルムコンデンサ (10),0027001010,平成27年10月
29855,01000210,生産 数量 (千個),351122000,受動部品 固定コンデンサ 金属化有機フィルムコンデンサ (10),0027001111,平成27年11月
30015,01000210,生産 数量 (千個),351122000,受動部品 固定コンデンサ 金属化有機フィルムコンデンサ (10),0027001212,平成27年12月
617266,01000210,生産 数量 (千個),351123000,受動部品 固定コンデンサ その他の固定コンデンサ (11),0023000000,平成23年
468024,01000210,生産 数量 (千個),351123000,受動部品 固定コンデンサ その他の固定コンデンサ (11),0024000000,平成24年
368791,01000210,生産 数量 (千個),351123000,受動部品 固定コンデンサ その他の固定コンデンサ (11),0025000000,平成25年
351519,01000210,生産 数量 (千個),351123000,受動部品 固定コンデンサ その他の固定コンデンサ (11),0026000000,平成26年
325878,01000210,生産 数量 (千個),351123000,受動部品 固定コンデンサ その他の固定コンデンサ (11),0027000000,平成27年
370834,01000210,生産 数量 (千個),351123000,受動部品 固定コンデンサ その他の固定コンデンサ (11),0025010000,平成25年度
352630,01000210,生産 数量 (千個),351123000,受動部品 固定コンデンサ その他の固定コンデンサ (11),0026010000,平成26年度
84069,01000210,生産 数量 (千個),351123000,受動部品 固定コンデンサ その他の固定コンデンサ (11),0027000103,平成27年 1 ～ 3 月
87005,01000210,生産 数量 (千個),351123000,受動部品 固定コンデンサ その他の固定コンデンサ (11),0027000406,平成27年 4 ～ 6 月
81103,01000210,生産 数量 (千個),351123000,受動部品 固定コンデンサ その他の固定コンデンサ (11),0027000709,平成27年 7 ～ 9 月
73701,01000210,生産 数量 (千個),351123000,受動部品 固定コンデンサ その他の固定コンデンサ (11),0027001012,平成27年 10 ～ 12 月
26629,01000210,生産 数量 (千個),351123000,受動部品 固定コンデンサ その他の固定コンデンサ (11),0027000101,平成27年1月
26729,01000210,生産 数量 (千個),351123000,受動部品 固定コンデンサ その他の固定コンデンサ (11),0027000202,平成27年2月
30711,01000210,生産 数量 (千個),351123000,受動部品 固定コンデンサ その他の固定コンデンサ (11),0027000303,平成27年3月
29240,01000210,生産 数量 (千個),351123000,受動部品 固定コンデンサ その他の固定コンデンサ (11),0027000404,平成27年4月
25787,01000210,生産 数量 (千個),351123000,受動部品 固定コンデンサ その他の固定コンデンサ (11),0027000505,平成27年5月
31978,01000210,生産 数量 (千個),351123000,受動部品 固定コンデンサ その他の固定コンデンサ (11),0027000606,平成27年6月
31385,01000210,生産 数量 (千個),351123000,受動部品 固定コンデンサ その他の固定コンデンサ (11),0027000707,平成27年7月
23486,01000210,生産 数量 (千個),351123000,受動部品 固定コンデンサ その他の固定コンデンサ (11),0027000808,平成27年8月
26232,01000210,生産 数量 (千個),351123000,受動部品 固定コンデンサ その他の固定コンデンサ (11),0027000909,平成27年9月
26011,01000210,生産 数量 (千個),351123000,受動部品 固定コンデンサ その他の固定コンデンサ (11),0027001010,平成27年10月
22390,01000210,生産 数量 (千個),351123000,受動部品 固定コンデンサ その他の固定コンデンサ (11),0027001111,平成27年11月
25300,01000210,生産 数量 (千個),351123000,受動部品 固定コンデンサ その他の固定コンデンサ (11),0027001212,平成27年12月
21505,01000210,生産 数量 (千個),351124000,受動部品 トランス (12),0023000000,平成23年
6697,01000210,生産 数量 (千個),351124000,受動部品 トランス (12),0024000000,平成24年
7620,01000210,生産 数量 (千個),351124000,受動部品 トランス (12),0025000000,平成25年
7322,01000210,生産 数量 (千個),351124000,受動部品 トランス (12),0026000000,平成26年
23544,01000210,生産 数量 (千個),351124000,受動部品 トランス (12),0027000000,平成27年
7694,01000210,生産 数量 (千個),351124000,受動部品 トランス (12),0025010000,平成25年度
11816,01000210,生産 数量 (千個),351124000,受動部品 トランス (12),0026010000,平成26年度
6446,01000210,生産 数量 (千個),351124000,受動部品 トランス (12),0027000103,平成27年 1 ～ 3 月
5614,01000210,生産 数量 (千個),351124000,受動部品 トランス (12),0027000406,平成27年 4 ～ 6 月
5514,01000210,生産 数量 (千個),351124000,受動部品 トランス (12),0027000709,平成27年 7 ～ 9 月
5970,01000210,生産 数量 (千個),351124000,受動部品 トランス (12),0027001012,平成27年 10 ～ 12 月
2425,01000210,生産 数量 (千個),351124000,受動部品 トランス (12),0027000101,平成27年1月
1960,01000210,生産 数量 (千個),351124000,受動部品 トランス (12),0027000202,平成27年2月
2061,01000210,生産 数量 (千個),351124000,受動部品 トランス (12),0027000303,平成27年3月
2126,01000210,生産 数量 (千個),351124000,受動部品 トランス (12),0027000404,平成27年4月
1622,01000210,生産 数量 (千個),351124000,受動部品 トランス (12),0027000505,平成27年5月
1866,01000210,生産 数量 (千個),351124000,受動部品 トランス (12),0027000606,平成27年6月
1989,01000210,生産 数量 (千個),351124000,受動部品 トランス (12),0027000707,平成27年7月
1617,01000210,生産 数量 (千個),351124000,受動部品 トランス (12),0027000808,平成27年8月
1908,01000210,生産 数量 (千個),351124000,受動部品 トランス (12),0027000909,平成27年9月
1984,01000210,生産 数量 (千個),351124000,受動部品 トランス (12),0027001010,平成27年10月
1932,01000210,生産 数量 (千個),351124000,受動部品 トランス (12),0027001111,平成27年11月
2054,01000210,生産 数量 (千個),351124000,受動部品 トランス (12),0027001212,平成27年12月
44269467,01000210,生産 数量 (千個),351125000,受動部品 トランス インダクタ（コイルを含む） (13),0023000000,平成23年
48220890,01000210,生産 数量 (千個),351125000,受動部品 トランス インダクタ（コイルを含む） (13),0024000000,平成24年
57917107,01000210,生産 数量 (千個),351125000,受動部品 トランス インダクタ（コイルを含む） (13),0025000000,平成25年
79047196,01000210,生産 数量 (千個),351125000,受動部品 トランス インダクタ（コイルを含む） (13),0026000000,平成26年
111780539,01000210,生産 数量 (千個),351125000,受動部品 トランス インダクタ（コイルを含む） (13),0027000000,平成27年
60773035,01000210,生産 数量 (千個),351125000,受動部品 トランス インダクタ（コイルを含む） (13),0025010000,平成25年度
89935562,01000210,生産 数量 (千個),351125000,受動部品 トランス インダクタ（コイルを含む） (13),0026010000,平成26年度
24824252,01000210,生産 数量 (千個),351125000,受動部品 トランス インダクタ（コイルを含む） (13),0027000103,平成27年 1 ～ 3 月
27067526,01000210,生産 数量 (千個),351125000,受動部品 トランス インダクタ（コイルを含む） (13),0027000406,平成27年 4 ～ 6 月
30263240,01000210,生産 数量 (千個),351125000,受動部品 トランス インダクタ（コイルを含む） (13),0027000709,平成27年 7 ～ 9 月
29625521,01000210,生産 数量 (千個),351125000,受動部品 トランス インダクタ（コイルを含む） (13),0027001012,平成27年 10 ～ 12 月
7640225,01000210,生産 数量 (千個),351125000,受動部品 トランス インダクタ（コイルを含む） (13),0027000101,平成27年1月
8108199,01000210,生産 数量 (千個),351125000,受動部品 トランス インダクタ（コイルを含む） (13),0027000202,平成27年2月
9075828,01000210,生産 数量 (千個),351125000,受動部品 トランス インダクタ（コイルを含む） (13),0027000303,平成27年3月
9527338,01000210,生産 数量 (千個),351125000,受動部品 トランス インダクタ（コイルを含む） (13),0027000404,平成27年4月
8089054,01000210,生産 数量 (千個),351125000,受動部品 トランス インダクタ（コイルを含む） (13),0027000505,平成27年5月
9451134,01000210,生産 数量 (千個),351125000,受動部品 トランス インダクタ（コイルを含む） (13),0027000606,平成27年6月
9843827,01000210,生産 数量 (千個),351125000,受動部品 トランス インダクタ（コイルを含む） (13),0027000707,平成27年7月
9784717,01000210,生産 数量 (千個),351125000,受動部品 トランス インダクタ（コイルを含む） (13),0027000808,平成27年8月
10634696,01000210,生産 数量 (千個),351125000,受動部品 トランス インダクタ（コイルを含む） (13),0027000909,平成27年9月
10868849,01000210,生産 数量 (千個),351125000,受動部品 トランス インダクタ（コイルを含む） (13),0027001010,平成27年10月
9952885,01000210,生産 数量 (千個),351125000,受動部品 トランス インダクタ（コイルを含む） (13),0027001111,平成27年11月
8803787,01000210,生産 数量 (千個),351125000,受動部品 トランス インダクタ（コイルを含む） (13),0027001212,平成27年12月
2604472,01000210,生産 数量 (千個),351130000,受動部品 機能部品 水晶振動子 (14),0023000000,平成23年
2498358,01000210,生産 数量 (千個),351130000,受動部品 機能部品 水晶振動子 (14),0024000000,平成24年
2200865,01000210,生産 数量 (千個),351130000,受動部品 機能部品 水晶振動子 (14),0025000000,平成25年
2594649,01000210,生産 数量 (千個),351130000,受動部品 機能部品 水晶振動子 (14),0026000000,平成26年
2924349,01000210,生産 数量 (千個),351130000,受動部品 機能部品 水晶振動子 (14),0027000000,平成27年
2244501,01000210,生産 数量 (千個),351130000,受動部品 機能部品 水晶振動子 (14),0025010000,平成25年度
2817996,01000210,生産 数量 (千個),351130000,受動部品 機能部品 水晶振動子 (14),0026010000,平成26年度
772770,01000210,生産 数量 (千個),351130000,受動部品 機能部品 水晶振動子 (14),0027000103,平成27年 1 ～ 3 月
749003,01000210,生産 数量 (千個),351130000,受動部品 機能部品 水晶振動子 (14),0027000406,平成27年 4 ～ 6 月
786252,01000210,生産 数量 (千個),351130000,受動部品 機能部品 水晶振動子 (14),0027000709,平成27年 7 ～ 9 月
616324,01000210,生産 数量 (千個),351130000,受動部品 機能部品 水晶振動子 (14),0027001012,平成27年 10 ～ 12 月
273919,01000210,生産 数量 (千個),351130000,受動部品 機能部品 水晶振動子 (14),0027000101,平成27年1月
234065,01000210,生産 数量 (千個),351130000,受動部品 機能部品 水晶振動子 (14),0027000202,平成27年2月
264786,01000210,生産 数量 (千個),351130000,受動部品 機能部品 水晶振動子 (14),0027000303,平成27年3月
253134,01000210,生産 数量 (千個),351130000,受動部品 機能部品 水晶振動子 (14),0027000404,平成27年4月
226696,01000210,生産 数量 (千個),351130000,受動部品 機能部品 水晶振動子 (14),0027000505,平成27年5月
269173,01000210,生産 数量 (千個),351130000,受動部品 機能部品 水晶振動子 (14),0027000606,平成27年6月
253708,01000210,生産 数量 (千個),351130000,受動部品 機能部品 水晶振動子 (14),0027000707,平成27年7月
249804,01000210,生産 数量 (千個),351130000,受動部品 機能部品 水晶振動子 (14),0027000808,平成27年8月
282740,01000210,生産 数量 (千個),351130000,受動部品 機能部品 水晶振動子 (14),0027000909,平成27年9月
203394,01000210,生産 数量 (千個),351130000,受動部品 機能部品 水晶振動子 (14),0027001010,平成27年10月
208398,01000210,生産 数量 (千個),351130000,受動部品 機能部品 水晶振動子 (14),0027001111,平成27年11月
204532,01000210,生産 数量 (千個),351130000,受動部品 機能部品 水晶振動子 (14),0027001212,平成27年12月
8379107,01000210,生産 数量 (千個),351130100,受動部品 機能部品 フィルタ (15),0023000000,平成23年
10134172,01000210,生産 数量 (千個),351130100,受動部品 機能部品 フィルタ (15),0024000000,平成24年
9231784,01000210,生産 数量 (千個),351130100,受動部品 機能部品 フィルタ (15),0025000000,平成25年
13351227,01000210,生産 数量 (千個),351130100,受動部品 機能部品 フィルタ (15),0026000000,平成26年
18125191,01000210,生産 数量 (千個),351130100,受動部品 機能部品 フィルタ (15),0027000000,平成27年
9453886,01000210,生産 数量 (千個),351130100,受動部品 機能部品 フィルタ (15),0025010000,平成25年度
14354211,01000210,生産 数量 (千個),351130100,受動部品 機能部品 フィルタ (15),0026010000,平成26年度
3464775,01000210,生産 数量 (千個),351130100,受動部品 機能部品 フィルタ (15),0027000103,平成27年 1 ～ 3 月
4518823,01000210,生産 数量 (千個),351130100,受動部品 機能部品 フィルタ (15),0027000406,平成27年 4 ～ 6 月
5151488,01000210,生産 数量 (千個),351130100,受動部品 機能部品 フィルタ (15),0027000709,平成27年 7 ～ 9 月
4990105,01000210,生産 数量 (千個),351130100,受動部品 機能部品 フィルタ (15),0027001012,平成27年 10 ～ 12 月
1191175,01000210,生産 数量 (千個),351130100,受動部品 機能部品 フィルタ (15),0027000101,平成27年1月
1024817,01000210,生産 数量 (千個),351130100,受動部品 機能部品 フィルタ (15),0027000202,平成27年2月
1248783,01000210,生産 数量 (千個),351130100,受動部品 機能部品 フィルタ (15),0027000303,平成27年3月
1613685,01000210,生産 数量 (千個),351130100,受動部品 機能部品 フィルタ (15),0027000404,平成27年4月
1286641,01000210,生産 数量 (千個),351130100,受動部品 機能部品 フィルタ (15),0027000505,平成27年5月
1618497,01000210,生産 数量 (千個),351130100,受動部品 機能部品 フィルタ (15),0027000606,平成27年6月
1730200,01000210,生産 数量 (千個),351130100,受動部品 機能部品 フィルタ (15),0027000707,平成27年7月
1645803,01000210,生産 数量 (千個),351130100,受動部品 機能部品 フィルタ (15),0027000808,平成27年8月
1775485,01000210,生産 数量 (千個),351130100,受動部品 機能部品 フィルタ (15),0027000909,平成27年9月
1768936,01000210,生産 数量 (千個),351130100,受動部品 機能部品 フィルタ (15),0027001010,平成27年10月
1726459,01000210,生産 数量 (千個),351130100,受動部品 機能部品 フィルタ (15),0027001111,平成27年11月
1494710,01000210,生産 数量 (千個),351130100,受動部品 機能部品 フィルタ (15),0027001212,平成27年12月
4052823,01000210,生産 数量 (千個),351130200,受動部品 機能部品 複合部品 (16),0023000000,平成23年
3986623,01000210,生産 数量 (千個),351130200,受動部品 機能部品 複合部品 (16),0024000000,平成24年
3924427,01000210,生産 数量 (千個),351130200,受動部品 機能部品 複合部品 (16),0025000000,平成25年
5251200,01000210,生産 数量 (千個),351130200,受動部品 機能部品 複合部品 (16),0026000000,平成26年
6412799,01000210,生産 数量 (千個),351130200,受動部品 機能部品 複合部品 (16),0027000000,平成27年
4181432,01000210,生産 数量 (千個),351130200,受動部品 機能部品 複合部品 (16),0025010000,平成25年度
5688204,01000210,生産 数量 (千個),351130200,受動部品 機能部品 複合部品 (16),0026010000,平成26年度
1452629,01000210,生産 数量 (千個),351130200,受動部品 機能部品 複合部品 (16),0027000103,平成27年 1 ～ 3 月
1618563,01000210,生産 数量 (千個),351130200,受動部品 機能部品 複合部品 (16),0027000406,平成27年 4 ～ 6 月
1715949,01000210,生産 数量 (千個),351130200,受動部品 機能部品 複合部品 (16),0027000709,平成27年 7 ～ 9 月
1625658,01000210,生産 数量 (千個),351130200,受動部品 機能部品 複合部品 (16),0027001012,平成27年 10 ～ 12 月
457104,01000210,生産 数量 (千個),351130200,受動部品 機能部品 複合部品 (16),0027000101,平成27年1月
458624,01000210,生産 数量 (千個),351130200,受動部品 機能部品 複合部品 (16),0027000202,平成27年2月
536901,01000210,生産 数量 (千個),351130200,受動部品 機能部品 複合部品 (16),0027000303,平成27年3月
610549,01000210,生産 数量 (千個),351130200,受動部品 機能部品 複合部品 (16),0027000404,平成27年4月
483496,01000210,生産 数量 (千個),351130200,受動部品 機能部品 複合部品 (16),0027000505,平成27年5月
524518,01000210,生産 数量 (千個),351130200,受動部品 機能部品 複合部品 (16),0027000606,平成27年6月
543092,01000210,生産 数量 (千個),351130200,受動部品 機能部品 複合部品 (16),0027000707,平成27年7月
548546,01000210,生産 数量 (千個),351130200,受動部品 機能部品 複合部品 (16),0027000808,平成27年8月
624311,01000210,生産 数量 (千個),351130200,受動部品 機能部品 複合部品 (16),0027000909,平成27年9月
611745,01000210,生産 数量 (千個),351130200,受動部品 機能部品 複合部品 (16),0027001010,平成27年10月
514573,01000210,生産 数量 (千個),351130200,受動部品 機能部品 複合部品 (16),0027001111,平成27年11月
499340,01000210,生産 数量 (千個),351130200,受動部品 機能部品 複合部品 (16),0027001212,平成27年12月
7824885,01000210,生産 数量 (千個),351140000,接続部品 スイッチ(通信･電子装置用に限る) (17),0023000000,平成23年
8303482,01000210,生産 数量 (千個),351140000,接続部品 スイッチ(通信･電子装置用に限る) (17),0024000000,平成24年
9232133,01000210,生産 数量 (千個),351140000,接続部品 スイッチ(通信･電子装置用に限る) (17),0025000000,平成25年
9884356,01000210,生産 数量 (千個),351140000,接続部品 スイッチ(通信･電子装置用に限る) (17),0026000000,平成26年
10002087,01000210,生産 数量 (千個),351140000,接続部品 スイッチ(通信･電子装置用に限る) (17),0027000000,平成27年
9413867,01000210,生産 数量 (千個),351140000,接続部品 スイッチ(通信･電子装置用に限る) (17),0025010000,平成25年度
10088499,01000210,生産 数量 (千個),351140000,接続部品 スイッチ(通信･電子装置用に限る) (17),0026010000,平成26年度
2312904,01000210,生産 数量 (千個),351140000,接続部品 スイッチ(通信･電子装置用に限る) (17),0027000103,平成27年 1 ～ 3 月
2518489,01000210,生産 数量 (千個),351140000,接続部品 スイッチ(通信･電子装置用に限る) (17),0027000406,平成27年 4 ～ 6 月
2498472,01000210,生産 数量 (千個),351140000,接続部品 スイッチ(通信･電子装置用に限る) (17),0027000709,平成27年 7 ～ 9 月
2672222,01000210,生産 数量 (千個),351140000,接続部品 スイッチ(通信･電子装置用に限る) (17),0027001012,平成27年 10 ～ 12 月
784348,01000210,生産 数量 (千個),351140000,接続部品 スイッチ(通信･電子装置用に限る) (17),0027000101,平成27年1月
715632,01000210,生産 数量 (千個),351140000,接続部品 スイッチ(通信･電子装置用に限る) (17),0027000202,平成27年2月
812924,01000210,生産 数量 (千個),351140000,接続部品 スイッチ(通信･電子装置用に限る) (17),0027000303,平成27年3月
845249,01000210,生産 数量 (千個),351140000,接続部品 スイッチ(通信･電子装置用に限る) (17),0027000404,平成27年4月
818031,01000210,生産 数量 (千個),351140000,接続部品 スイッチ(通信･電子装置用に限る) (17),0027000505,平成27年5月
855209,01000210,生産 数量 (千個),351140000,接続部品 スイッチ(通信･電子装置用に限る) (17),0027000606,平成27年6月
850628,01000210,生産 数量 (千個),351140000,接続部品 スイッチ(通信･電子装置用に限る) (17),0027000707,平成27年7月
785278,01000210,生産 数量 (千個),351140000,接続部品 スイッチ(通信･電子装置用に限る) (17),0027000808,平成27年8月
862566,01000210,生産 数量 (千個),351140000,接続部品 スイッチ(通信･電子装置用に限る) (17),0027000909,平成27年9月
971157,01000210,生産 数量 (千個),351140000,接続部品 スイッチ(通信･電子装置用に限る) (17),0027001010,平成27年10月
839571,01000210,生産 数量 (千個),351140000,接続部品 スイッチ(通信･電子装置用に限る) (17),0027001111,平成27年11月
861494,01000210,生産 数量 (千個),351140000,接続部品 スイッチ(通信･電子装置用に限る) (17),0027001212,平成27年12月
30653972,01000210,生産 数量 (千個),351150000,接続部品 コネクタ (18～22),0023000000,平成23年
30174114,01000210,生産 数量 (千個),351150000,接続部品 コネクタ (18～22),0024000000,平成24年
30978940,01000210,生産 数量 (千個),351150000,接続部品 コネクタ (18～22),0025000000,平成25年
28918119,01000210,生産 数量 (千個),351150000,接続部品 コネクタ (18～22),0026000000,平成26年
29770205,01000210,生産 数量 (千個),351150000,接続部品 コネクタ (18～22),0027000000,平成27年
30352310,01000210,生産 数量 (千個),351150000,接続部品 コネクタ (18～22),0025010000,平成25年度
29901105,01000210,生産 数量 (千個),351150000,接続部品 コネクタ (18～22),0026010000,平成26年度
7209781,01000210,生産 数量 (千個),351150000,接続部品 コネクタ (18～22),0027000103,平成27年 1 ～ 3 月
8027121,01000210,生産 数量 (千個),351150000,接続部品 コネクタ (18～22),0027000406,平成27年 4 ～ 6 月
7693305,01000210,生産 数量 (千個),351150000,接続部品 コネクタ (18～22),0027000709,平成27年 7 ～ 9 月
6839998,01000210,生産 数量 (千個),351150000,接続部品 コネクタ (18～22),0027001012,平成27年 10 ～ 12 月
2516264,01000210,生産 数量 (千個),351150000,接続部品 コネクタ (18～22),0027000101,平成27年1月
2081505,01000210,生産 数量 (千個),351150000,接続部品 コネクタ (18～22),0027000202,平成27年2月
2612012,01000210,生産 数量 (千個),351150000,接続部品 コネクタ (18～22),0027000303,平成27年3月
2662506,01000210,生産 数量 (千個),351150000,接続部品 コネクタ (18～22),0027000404,平成27年4月
2575299,01000210,生産 数量 (千個),351150000,接続部品 コネクタ (18～22),0027000505,平成27年5月
2789316,01000210,生産 数量 (千個),351150000,接続部品 コネクタ (18～22),0027000606,平成27年6月
2752613,01000210,生産 数量 (千個),351150000,接続部品 コネクタ (18～22),0027000707,平成27年7月
2356281,01000210,生産 数量 (千個),351150000,接続部品 コネクタ (18～22),0027000808,平成27年8月
2584411,01000210,生産 数量 (千個),351150000,接続部品 コネクタ (18～22),0027000909,平成27年9月
2449079,01000210,生産 数量 (千個),351150000,接続部品 コネクタ (18～22),0027001010,平成27年10月
2301124,01000210,生産 数量 (千個),351150000,接続部品 コネクタ (18～22),0027001111,平成27年11月
2089795,01000210,生産 数量 (千個),351150000,接続部品 コネクタ (18～22),0027001212,平成27年12月
322480,01000210,生産 数量 (千個),351151000,接続部品 コネクタ 同軸コネクタ (18),0023000000,平成23年
190521,01000210,生産 数量 (千個),351151000,接続部品 コネクタ 同軸コネクタ (18),0024000000,平成24年
2850307,01000210,生産 数量 (千個),351151000,接続部品 コネクタ 同軸コネクタ (18),0025000000,平成25年
3007354,01000210,生産 数量 (千個),351151000,接続部品 コネクタ 同軸コネクタ (18),0026000000,平成26年
3858544,01000210,生産 数量 (千個),351151000,接続部品 コネクタ 同軸コネクタ (18),0027000000,平成27年
2763202,01000210,生産 数量 (千個),351151000,接続部品 コネクタ 同軸コネクタ (18),0025010000,平成25年度
3269927,01000210,生産 数量 (千個),351151000,接続部品 コネクタ 同軸コネクタ (18),0026010000,平成26年度
758685,01000210,生産 数量 (千個),351151000,接続部品 コネクタ 同軸コネクタ (18),0027000103,平成27年 1 ～ 3 月
889508,01000210,生産 数量 (千個),351151000,接続部品 コネクタ 同軸コネクタ (18),0027000406,平成27年 4 ～ 6 月
1175305,01000210,生産 数量 (千個),351151000,接続部品 コネクタ 同軸コネクタ (18),0027000709,平成27年 7 ～ 9 月
1035046,01000210,生産 数量 (千個),351151000,接続部品 コネクタ 同軸コネクタ (18),0027001012,平成27年 10 ～ 12 月
265667,01000210,生産 数量 (千個),351151000,接続部品 コネクタ 同軸コネクタ (18),0027000101,平成27年1月
209350,01000210,生産 数量 (千個),351151000,接続部品 コネクタ 同軸コネクタ (18),0027000202,平成27年2月
283668,01000210,生産 数量 (千個),351151000,接続部品 コネクタ 同軸コネクタ (18),0027000303,平成27年3月
332490,01000210,生産 数量 (千個),351151000,接続部品 コネクタ 同軸コネクタ (18),0027000404,平成27年4月
269581,01000210,生産 数量 (千個),351151000,接続部品 コネクタ 同軸コネクタ (18),0027000505,平成27年5月
287437,01000210,生産 数量 (千個),351151000,接続部品 コネクタ 同軸コネクタ (18),0027000606,平成27年6月
366037,01000210,生産 数量 (千個),351151000,接続部品 コネクタ 同軸コネクタ (18),0027000707,平成27年7月
367298,01000210,生産 数量 (千個),351151000,接続部品 コネクタ 同軸コネクタ (18),0027000808,平成27年8月
441970,01000210,生産 数量 (千個),351151000,接続部品 コネクタ 同軸コネクタ (18),0027000909,平成27年9月
400430,01000210,生産 数量 (千個),351151000,接続部品 コネクタ 同軸コネクタ (18),0027001010,平成27年10月
383766,01000210,生産 数量 (千個),351151000,接続部品 コネクタ 同軸コネクタ (18),0027001111,平成27年11月
250850,01000210,生産 数量 (千個),351151000,接続部品 コネクタ 同軸コネクタ (18),0027001212,平成27年12月
18171933,01000210,生産 数量 (千個),351152000,接続部品 コネクタ プリント基板用コネクタ (19),0023000000,平成23年
18400553,01000210,生産 数量 (千個),351152000,接続部品 コネクタ プリント基板用コネクタ (19),0024000000,平成24年
17998610,01000210,生産 数量 (千個),351152000,接続部品 コネクタ プリント基板用コネクタ (19),0025000000,平成25年
15952854,01000210,生産 数量 (千個),351152000,接続部品 コネクタ プリント基板用コネクタ (19),0026000000,平成26年
16762580,01000210,生産 数量 (千個),351152000,接続部品 コネクタ プリント基板用コネクタ (19),0027000000,平成27年
17645876,01000210,生産 数量 (千個),351152000,接続部品 コネクタ プリント基板用コネクタ (19),0025010000,平成25年度
16561579,01000210,生産 数量 (千個),351152000,接続部品 コネクタ プリント基板用コネクタ (19),0026010000,平成26年度
4030585,01000210,生産 数量 (千個),351152000,接続部品 コネクタ プリント基板用コネクタ (19),0027000103,平成27年 1 ～ 3 月
4560002,01000210,生産 数量 (千個),351152000,接続部品 コネクタ プリント基板用コネクタ (19),0027000406,平成27年 4 ～ 6 月
4281635,01000210,生産 数量 (千個),351152000,接続部品 コネクタ プリント基板用コネクタ (19),0027000709,平成27年 7 ～ 9 月
3890358,01000210,生産 数量 (千個),351152000,接続部品 コネクタ プリント基板用コネクタ (19),0027001012,平成27年 10 ～ 12 月
1461738,01000210,生産 数量 (千個),351152000,接続部品 コネクタ プリント基板用コネクタ (19),0027000101,平成27年1月
1110447,01000210,生産 数量 (千個),351152000,接続部品 コネクタ プリント基板用コネクタ (19),0027000202,平成27年2月
1458400,01000210,生産 数量 (千個),351152000,接続部品 コネクタ プリント基板用コネクタ (19),0027000303,平成27年3月
1582723,01000210,生産 数量 (千個),351152000,接続部品 コネクタ プリント基板用コネクタ (19),0027000404,平成27年4月
1454453,01000210,生産 数量 (千個),351152000,接続部品 コネクタ プリント基板用コネクタ (19),0027000505,平成27年5月
1522826,01000210,生産 数量 (千個),351152000,接続部品 コネクタ プリント基板用コネクタ (19),0027000606,平成27年6月
1459679,01000210,生産 数量 (千個),351152000,接続部品 コネクタ プリント基板用コネクタ (19),0027000707,平成27年7月
1320992,01000210,生産 数量 (千個),351152000,接続部品 コネクタ プリント基板用コネクタ (19),0027000808,平成27年8月
1500964,01000210,生産 数量 (千個),351152000,接続部品 コネクタ プリント基板用コネクタ (19),0027000909,平成27年9月
1399729,01000210,生産 数量 (千個),351152000,接続部品 コネクタ プリント基板用コネクタ (19),0027001010,平成27年10月
1259559,01000210,生産 数量 (千個),351152000,接続部品 コネクタ プリント基板用コネクタ (19),0027001111,平成27年11月
1231070,01000210,生産 数量 (千個),351152000,接続部品 コネクタ プリント基板用コネクタ (19),0027001212,平成27年12月
399555,01000210,生産 数量 (千個),351153000,接続部品 コネクタ 丸形コネクタ (20),0023000000,平成23年
337392,01000210,生産 数量 (千個),351153000,接続部品 コネクタ 丸形コネクタ (20),0024000000,平成24年
376433,01000210,生産 数量 (千個),351153000,接続部品 コネクタ 丸形コネクタ (20),0025000000,平成25年
385851,01000210,生産 数量 (千個),351153000,接続部品 コネクタ 丸形コネクタ (20),0026000000,平成26年
341139,01000210,生産 数量 (千個),351153000,接続部品 コネクタ 丸形コネクタ (20),0027000000,平成27年
376294,01000210,生産 数量 (千個),351153000,接続部品 コネクタ 丸形コネクタ (20),0025010000,平成25年度
418664,01000210,生産 数量 (千個),351153000,接続部品 コネクタ 丸形コネクタ (20),0026010000,平成26年度
118953,01000210,生産 数量 (千個),351153000,接続部品 コネクタ 丸形コネクタ (20),0027000103,平成27年 1 ～ 3 月
69777,01000210,生産 数量 (千個),351153000,接続部品 コネクタ 丸形コネクタ (20),0027000406,平成27年 4 ～ 6 月
87692,01000210,生産 数量 (千個),351153000,接続部品 コネクタ 丸形コネクタ (20),0027000709,平成27年 7 ～ 9 月
64717,01000210,生産 数量 (千個),351153000,接続部品 コネクタ 丸形コネクタ (20),0027001012,平成27年 10 ～ 12 月
31827,01000210,生産 数量 (千個),351153000,接続部品 コネクタ 丸形コネクタ (20),0027000101,平成27年1月
45397,01000210,生産 数量 (千個),351153000,接続部品 コネクタ 丸形コネクタ (20),0027000202,平成27年2月
41729,01000210,生産 数量 (千個),351153000,接続部品 コネクタ 丸形コネクタ (20),0027000303,平成27年3月
10890,01000210,生産 数量 (千個),351153000,接続部品 コネクタ 丸形コネクタ (20),0027000404,平成27年4月
25054,01000210,生産 数量 (千個),351153000,接続部品 コネクタ 丸形コネクタ (20),0027000505,平成27年5月
33833,01000210,生産 数量 (千個),351153000,接続部品 コネクタ 丸形コネクタ (20),0027000606,平成27年6月
32222,01000210,生産 数量 (千個),351153000,接続部品 コネクタ 丸形コネクタ (20),0027000707,平成27年7月
32716,01000210,生産 数量 (千個),351153000,接続部品 コネクタ 丸形コネクタ (20),0027000808,平成27年8月
22754,01000210,生産 数量 (千個),351153000,接続部品 コネクタ 丸形コネクタ (20),0027000909,平成27年9月
24354,01000210,生産 数量 (千個),351153000,接続部品 コネクタ 丸形コネクタ (20),0027001010,平成27年10月
19608,01000210,生産 数量 (千個),351153000,接続部品 コネクタ 丸形コネクタ (20),0027001111,平成27年11月
20755,01000210,生産 数量 (千個),351153000,接続部品 コネクタ 丸形コネクタ (20),0027001212,平成27年12月
1190798,01000210,生産 数量 (千個),351200000,接続部品 コネクタ 角形コネクタ (21),0023000000,平成23年
1183238,01000210,生産 数量 (千個),351200000,接続部品 コネクタ 角形コネクタ (21),0024000000,平成24年
1034318,01000210,生産 数量 (千個),351200000,接続部品 コネクタ 角形コネクタ (21),0025000000,平成25年
865722,01000210,生産 数量 (千個),351200000,接続部品 コネクタ 角形コネクタ (21),0026000000,平成26年
745895,01000210,生産 数量 (千個),351200000,接続部品 コネクタ 角形コネクタ (21),0027000000,平成27年
1040609,01000210,生産 数量 (千個),351200000,接続部品 コネクタ 角形コネクタ (21),0025010000,平成25年度
800797,01000210,生産 数量 (千個),351200000,接続部品 コネクタ 角形コネクタ (21),0026010000,平成26年度
187016,01000210,生産 数量 (千個),351200000,接続部品 コネクタ 角形コネクタ (21),0027000103,平成27年 1 ～ 3 月
199894,01000210,生産 数量 (千個),351200000,接続部品 コネクタ 角形コネクタ (21),0027000406,平成27年 4 ～ 6 月
178910,01000210,生産 数量 (千個),351200000,接続部品 コネクタ 角形コネクタ (21),0027000709,平成27年 7 ～ 9 月
180075,01000210,生産 数量 (千個),351200000,接続部品 コネクタ 角形コネクタ (21),0027001012,平成27年 10 ～ 12 月
60189,01000210,生産 数量 (千個),351200000,接続部品 コネクタ 角形コネクタ (21),0027000101,平成27年1月
62346,01000210,生産 数量 (千個),351200000,接続部品 コネクタ 角形コネクタ (21),0027000202,平成27年2月
64481,01000210,生産 数量 (千個),351200000,接続部品 コネクタ 角形コネクタ (21),0027000303,平成27年3月
71264,01000210,生産 数量 (千個),351200000,接続部品 コネクタ 角形コネクタ (21),0027000404,平成27年4月
60098,01000210,生産 数量 (千個),351200000,接続部品 コネクタ 角形コネクタ (21),0027000505,平成27年5月
68532,01000210,生産 数量 (千個),351200000,接続部品 コネクタ 角形コネクタ (21),0027000606,平成27年6月
61620,01000210,生産 数量 (千個),351200000,接続部品 コネクタ 角形コネクタ (21),0027000707,平成27年7月
53239,01000210,生産 数量 (千個),351200000,接続部品 コネクタ 角形コネクタ (21),0027000808,平成27年8月
64051,01000210,生産 数量 (千個),351200000,接続部品 コネクタ 角形コネクタ (21),0027000909,平成27年9月
62396,01000210,生産 数量 (千個),351200000,接続部品 コネクタ 角形コネクタ (21),0027001010,平成27年10月
60314,01000210,生産 数量 (千個),351200000,接続部品 コネクタ 角形コネクタ (21),0027001111,平成27年11月
57365,01000210,生産 数量 (千個),351200000,接続部品 コネクタ 角形コネクタ (21),0027001212,平成27年12月
10498190,01000210,生産 数量 (千個),351210000,接続部品 コネクタ その他のコネクタ (22),0023000000,平成23年
9995981,01000210,生産 数量 (千個),351210000,接続部品 コネクタ その他のコネクタ (22),0024000000,平成24年
8660049,01000210,生産 数量 (千個),351210000,接続部品 コネクタ その他のコネクタ (22),0025000000,平成25年
8656926,01000210,生産 数量 (千個),351210000,接続部品 コネクタ その他のコネクタ (22),0026000000,平成26年
8062047,01000210,生産 数量 (千個),351210000,接続部品 コネクタ その他のコネクタ (22),0027000000,平成27年
8467542,01000210,生産 数量 (千個),351210000,接続部品 コネクタ その他のコネクタ (22),0025010000,平成25年度
8814272,01000210,生産 数量 (千個),351210000,接続部品 コネクタ その他のコネクタ (22),0026010000,平成26年度
2114542,01000210,生産 数量 (千個),351210000,接続部品 コネクタ その他のコネクタ (22),0027000103,平成27年 1 ～ 3 月
2307940,01000210,生産 数量 (千個),351210000,接続部品 コネクタ その他のコネクタ (22),0027000406,平成27年 4 ～ 6 月
1969763,01000210,生産 数量 (千個),351210000,接続部品 コネクタ その他のコネクタ (22),0027000709,平成27年 7 ～ 9 月
1669802,01000210,生産 数量 (千個),351210000,接続部品 コネクタ その他のコネクタ (22),0027001012,平成27年 10 ～ 12 月
696843,01000210,生産 数量 (千個),351210000,接続部品 コネクタ その他のコネクタ (22),0027000101,平成27年1月
653965,01000210,生産 数量 (千個),351210000,接続部品 コネクタ その他のコネクタ (22),0027000202,平成27年2月
763734,01000210,生産 数量 (千個),351210000,接続部品 コネクタ その他のコネクタ (22),0027000303,平成27年3月
665139,01000210,生産 数量 (千個),351210000,接続部品 コネクタ その他のコネクタ (22),0027000404,平成27年4月
766113,01000210,生産 数量 (千個),351210000,接続部品 コネクタ その他のコネクタ (22),0027000505,平成27年5月
876688,01000210,生産 数量 (千個),351210000,接続部品 コネクタ その他のコネクタ (22),0027000606,平成27年6月
833055,01000210,生産 数量 (千個),351210000,接続部品 コネクタ その他のコネクタ (22),0027000707,平成27年7月
582036,01000210,生産 数量 (千個),351210000,接続部品 コネクタ その他のコネクタ (22),0027000808,平成27年8月
554672,01000210,生産 数量 (千個),351210000,接続部品 コネクタ その他のコネクタ (22),0027000909,平成27年9月
562170,01000210,生産 数量 (千個),351210000,接続部品 コネクタ その他のコネクタ (22),0027001010,平成27年10月
577877,01000210,生産 数量 (千個),351210000,接続部品 コネクタ その他のコネクタ (22),0027001111,平成27年11月
529755,01000210,生産 数量 (千個),351210000,接続部品 コネクタ その他のコネクタ (22),0027001212,平成27年12月
478864,01000210,生産 数量 (千個),351211000,接続部品 リレー（有線通信機器用に限る） (23),0023000000,平成23年
485743,01000210,生産 数量 (千個),351211000,接続部品 リレー（有線通信機器用に限る） (23),0024000000,平成24年
472769,01000210,生産 数量 (千個),351211000,接続部品 リレー（有線通信機器用に限る） (23),0025000000,平成25年
522488,01000210,生産 数量 (千個),351211000,接続部品 リレー（有線通信機器用に限る） (23),0026000000,平成26年
570861,01000210,生産 数量 (千個),351211000,接続部品 リレー（有線通信機器用に限る） (23),0027000000,平成27年
490054,01000210,生産 数量 (千個),351211000,接続部品 リレー（有線通信機器用に限る） (23),0025010000,平成25年度
540198,01000210,生産 数量 (千個),351211000,接続部品 リレー（有線通信機器用に限る） (23),0026010000,平成26年度
141156,01000210,生産 数量 (千個),351211000,接続部品 リレー（有線通信機器用に限る） (23),0027000103,平成27年 1 ～ 3 月
141551,01000210,生産 数量 (千個),351211000,接続部品 リレー（有線通信機器用に限る） (23),0027000406,平成27年 4 ～ 6 月
148594,01000210,生産 数量 (千個),351211000,接続部品 リレー（有線通信機器用に限る） (23),0027000709,平成27年 7 ～ 9 月
139560,01000210,生産 数量 (千個),351211000,接続部品 リレー（有線通信機器用に限る） (23),0027001012,平成27年 10 ～ 12 月
49455,01000210,生産 数量 (千個),351211000,接続部品 リレー（有線通信機器用に限る） (23),0027000101,平成27年1月
43828,01000210,生産 数量 (千個),351211000,接続部品 リレー（有線通信機器用に限る） (23),0027000202,平成27年2月
47873,01000210,生産 数量 (千個),351211000,接続部品 リレー（有線通信機器用に限る） (23),0027000303,平成27年3月
48193,01000210,生産 数量 (千個),351211000,接続部品 リレー（有線通信機器用に限る） (23),0027000404,平成27年4月
44888,01000210,生産 数量 (千個),351211000,接続部品 リレー（有線通信機器用に限る） (23),0027000505,平成27年5月
48470,01000210,生産 数量 (千個),351211000,接続部品 リレー（有線通信機器用に限る） (23),0027000606,平成27年6月
51601,01000210,生産 数量 (千個),351211000,接続部品 リレー（有線通信機器用に限る） (23),0027000707,平成27年7月
47817,01000210,生産 数量 (千個),351211000,接続部品 リレー（有線通信機器用に限る） (23),0027000808,平成27年8月
49176,01000210,生産 数量 (千個),351211000,接続部品 リレー（有線通信機器用に限る） (23),0027000909,平成27年9月
47352,01000210,生産 数量 (千個),351211000,接続部品 リレー（有線通信機器用に限る） (23),0027001010,平成27年10月
48345,01000210,生産 数量 (千個),351211000,接続部品 リレー（有線通信機器用に限る） (23),0027001111,平成27年11月
43863,01000210,生産 数量 (千個),351211000,接続部品 リレー（有線通信機器用に限る） (23),0027001212,平成27年12月
…,01000210,生産 数量 (千個),351314000,電子回路実装基板(34～35),0023000000,平成23年
7961002,01000210,生産 数量 (千個),351314000,電子回路実装基板(34～35),0024000000,平成24年
6205850,01000210,生産 数量 (千個),351314000,電子回路実装基板(34～35),0025000000,平成25年
6572403,01000210,生産 数量 (千個),351314000,電子回路実装基板(34～35),0026000000,平成26年
6471812,01000210,生産 数量 (千個),351314000,電子回路実装基板(34～35),0027000000,平成27年
6358567,01000210,生産 数量 (千個),351314000,電子回路実装基板(34～35),0025010000,平成25年度
6496581,01000210,生産 数量 (千個),351314000,電子回路実装基板(34～35),0026010000,平成26年度
1554875,01000210,生産 数量 (千個),351314000,電子回路実装基板(34～35),0027000103,平成27年 1 ～ 3 月
1593507,01000210,生産 数量 (千個),351314000,電子回路実装基板(34～35),0027000406,平成27年 4 ～ 6 月
1662342,01000210,生産 数量 (千個),351314000,電子回路実装基板(34～35),0027000709,平成27年 7 ～ 9 月
1661088,01000210,生産 数量 (千個),351314000,電子回路実装基板(34～35),0027001012,平成27年 10 ～ 12 月
495430,01000210,生産 数量 (千個),351314000,電子回路実装基板(34～35),0027000101,平成27年1月
529341,01000210,生産 数量 (千個),351314000,電子回路実装基板(34～35),0027000202,平成27年2月
530104,01000210,生産 数量 (千個),351314000,電子回路実装基板(34～35),0027000303,平成27年3月
544211,01000210,生産 数量 (千個),351314000,電子回路実装基板(34～35),0027000404,平成27年4月
485246,01000210,生産 数量 (千個),351314000,電子回路実装基板(34～35),0027000505,平成27年5月
564050,01000210,生産 数量 (千個),351314000,電子回路実装基板(34～35),0027000606,平成27年6月
580541,01000210,生産 数量 (千個),351314000,電子回路実装基板(34～35),0027000707,平成27年7月
489765,01000210,生産 数量 (千個),351314000,電子回路実装基板(34～35),0027000808,平成27年8月
592036,01000210,生産 数量 (千個),351314000,電子回路実装基板(34～35),0027000909,平成27年9月
558752,01000210,生産 数量 (千個),351314000,電子回路実装基板(34～35),0027001010,平成27年10月
569234,01000210,生産 数量 (千個),351314000,電子回路実装基板(34～35),0027001111,平成27年11月
533102,01000210,生産 数量 (千個),351314000,電子回路実装基板(34～35),0027001212,平成27年12月
…,01000210,生産 数量 (千個),351315000,電子回路実装基板 プリント配線実装基板(34),0023000000,平成23年
7278152,01000210,生産 数量 (千個),351315000,電子回路実装基板 プリント配線実装基板(34),0024000000,平成24年
5565489,01000210,生産 数量 (千個),351315000,電子回路実装基板 プリント配線実装基板(34),0025000000,平成25年
6053260,01000210,生産 数量 (千個),351315000,電子回路実装基板 プリント配線実装基板(34),0026000000,平成26年
6017434,01000210,生産 数量 (千個),351315000,電子回路実装基板 プリント配線実装基板(34),0027000000,平成27年
5743957,01000210,生産 数量 (千個),351315000,電子回路実装基板 プリント配線実装基板(34),0025010000,平成25年度
6001466,01000210,生産 数量 (千個),351315000,電子回路実装基板 プリント配線実装基板(34),0026010000,平成26年度
1437349,01000210,生産 数量 (千個),351315000,電子回路実装基板 プリント配線実装基板(34),0027000103,平成27年 1 ～ 3 月
1480308,01000210,生産 数量 (千個),351315000,電子回路実装基板 プリント配線実装基板(34),0027000406,平成27年 4 ～ 6 月
1550842,01000210,生産 数量 (千個),351315000,電子回路実装基板 プリント配線実装基板(34),0027000709,平成27年 7 ～ 9 月
1548935,01000210,生産 数量 (千個),351315000,電子回路実装基板 プリント配線実装基板(34),0027001012,平成27年 10 ～ 12 月
454127,01000210,生産 数量 (千個),351315000,電子回路実装基板 プリント配線実装基板(34),0027000101,平成27年1月
491194,01000210,生産 数量 (千個),351315000,電子回路実装基板 プリント配線実装基板(34),0027000202,平成27年2月
492028,01000210,生産 数量 (千個),351315000,電子回路実装基板 プリント配線実装基板(34),0027000303,平成27年3月
509452,01000210,生産 数量 (千個),351315000,電子回路実装基板 プリント配線実装基板(34),0027000404,平成27年4月
450991,01000210,生産 数量 (千個),351315000,電子回路実装基板 プリント配線実装基板(34),0027000505,平成27年5月
519865,01000210,生産 数量 (千個),351315000,電子回路実装基板 プリント配線実装基板(34),0027000606,平成27年6月
539367,01000210,生産 数量 (千個),351315000,電子回路実装基板 プリント配線実装基板(34),0027000707,平成27年7月
455755,01000210,生産 数量 (千個),351315000,電子回路実装基板 プリント配線実装基板(34),0027000808,平成27年8月
555720,01000210,生産 数量 (千個),351315000,電子回路実装基板 プリント配線実装基板(34),0027000909,平成27年9月
521923,01000210,生産 数量 (千個),351315000,電子回路実装基板 プリント配線実装基板(34),0027001010,平成27年10月
530330,01000210,生産 数量 (千個),351315000,電子回路実装基板 プリント配線実装基板(34),0027001111,平成27年11月
496682,01000210,生産 数量 (千個),351315000,電子回路実装基板 プリント配線実装基板(34),0027001212,平成27年12月
…,01000210,生産 数量 (千個),351316000,電子回路実装基板 モジュール実装基板(35),0023000000,平成23年
682850,01000210,生産 数量 (千個),351316000,電子回路実装基板 モジュール実装基板(35),0024000000,平成24年
640361,01000210,生産 数量 (千個),351316000,電子回路実装基板 モジュール実装基板(35),0025000000,平成25年
519143,01000210,生産 数量 (千個),351316000,電子回路実装基板 モジュール実装基板(35),0026000000,平成26年
454378,01000210,生産 数量 (千個),351316000,電子回路実装基板 モジュール実装基板(35),0027000000,平成27年
614610,01000210,生産 数量 (千個),351316000,電子回路実装基板 モジュール実装基板(35),0025010000,平成25年度
495115,01000210,生産 数量 (千個),351316000,電子回路実装基板 モジュール実装基板(35),0026010000,平成26年度
117526,01000210,生産 数量 (千個),351316000,電子回路実装基板 モジュール実装基板(35),0027000103,平成27年 1 ～ 3 月
113199,01000210,生産 数量 (千個),351316000,電子回路実装基板 モジュール実装基板(35),0027000406,平成27年 4 ～ 6 月
111500,01000210,生産 数量 (千個),351316000,電子回路実装基板 モジュール実装基板(35),0027000709,平成27年 7 ～ 9 月
112153,01000210,生産 数量 (千個),351316000,電子回路実装基板 モジュール実装基板(35),0027001012,平成27年 10 ～ 12 月
41303,01000210,生産 数量 (千個),351316000,電子回路実装基板 モジュール実装基板(35),0027000101,平成27年1月
38147,01000210,生産 数量 (千個),351316000,電子回路実装基板 モジュール実装基板(35),0027000202,平成27年2月
38076,01000210,生産 数量 (千個),351316000,電子回路実装基板 モジュール実装基板(35),0027000303,平成27年3月
34759,01000210,生産 数量 (千個),351316000,電子回路実装基板 モジュール実装基板(35),0027000404,平成27年4月
34255,01000210,生産 数量 (千個),351316000,電子回路実装基板 モジュール実装基板(35),0027000505,平成27年5月
44185,01000210,生産 数量 (千個),351316000,電子回路実装基板 モジュール実装基板(35),0027000606,平成27年6月
41174,01000210,生産 数量 (千個),351316000,電子回路実装基板 モジュール実装基板(35),0027000707,平成27年7月
34010,01000210,生産 数量 (千個),351316000,電子回路実装基板 モジュール実装基板(35),0027000808,平成27年8月
36316,01000210,生産 数量 (千個),351316000,電子回路実装基板 モジュール実装基板(35),0027000909,平成27年9月
36829,01000210,生産 数量 (千個),351316000,電子回路実装基板 モジュール実装基板(35),0027001010,平成27年10月
38904,01000210,生産 数量 (千個),351316000,電子回路実装基板 モジュール実装基板(35),0027001111,平成27年11月
36420,01000210,生産 数量 (千個),351316000,電子回路実装基板 モジュール実装基板(35),0027001212,平成27年12月
30377,01000210,生産 数量 (千個),351321000,変換部品 音響部品（スピーカ・マイクロホン） (36),0023000000,平成23年
25079,01000210,生産 数量 (千個),351321000,変換部品 音響部品（スピーカ・マイクロホン） (36),0024000000,平成24年
170000,01000210,生産 数量 (千個),351321000,変換部品 音響部品（スピーカ・マイクロホン） (36),0025000000,平成25年
165507,01000210,生産 数量 (千個),351321000,変換部品 音響部品（スピーカ・マイクロホン） (36),0026000000,平成26年
130643,01000210,生産 数量 (千個),351321000,変換部品 音響部品（スピーカ・マイクロホン） (36),0027000000,平成27年
164748,01000210,生産 数量 (千個),351321000,変換部品 音響部品（スピーカ・マイクロホン） (36),0025010000,平成25年度
162312,01000210,生産 数量 (千個),351321000,変換部品 音響部品（スピーカ・マイクロホン） (36),0026010000,平成26年度
33569,01000210,生産 数量 (千個),351321000,変換部品 音響部品（スピーカ・マイクロホン） (36),0027000103,平成27年 1 ～ 3 月
33430,01000210,生産 数量 (千個),351321000,変換部品 音響部品（スピーカ・マイクロホン） (36),0027000406,平成27年 4 ～ 6 月
34894,01000210,生産 数量 (千個),351321000,変換部品 音響部品（スピーカ・マイクロホン） (36),0027000709,平成27年 7 ～ 9 月
28750,01000210,生産 数量 (千個),351321000,変換部品 音響部品（スピーカ・マイクロホン） (36),0027001012,平成27年 10 ～ 12 月
11680,01000210,生産 数量 (千個),351321000,変換部品 音響部品（スピーカ・マイクロホン） (36),0027000101,平成27年1月
11637,01000210,生産 数量 (千個),351321000,変換部品 音響部品（スピーカ・マイクロホン） (36),0027000202,平成27年2月
10252,01000210,生産 数量 (千個),351321000,変換部品 音響部品（スピーカ・マイクロホン） (36),0027000303,平成27年3月
12777,01000210,生産 数量 (千個),351321000,変換部品 音響部品（スピーカ・マイクロホン） (36),0027000404,平成27年4月
8877,01000210,生産 数量 (千個),351321000,変換部品 音響部品（スピーカ・マイクロホン） (36),0027000505,平成27年5月
11776,01000210,生産 数量 (千個),351321000,変換部品 音響部品（スピーカ・マイクロホン） (36),0027000606,平成27年6月
10910,01000210,生産 数量 (千個),351321000,変換部品 音響部品（スピーカ・マイクロホン） (36),0027000707,平成27年7月
11806,01000210,生産 数量 (千個),351321000,変換部品 音響部品（スピーカ・マイクロホン） (36),0027000808,平成27年8月
12178,01000210,生産 数量 (千個),351321000,変換部品 音響部品（スピーカ・マイクロホン） (36),0027000909,平成27年9月
9572,01000210,生産 数量 (千個),351321000,変換部品 音響部品（スピーカ・マイクロホン） (36),0027001010,平成27年10月
10164,01000210,生産 数量 (千個),351321000,変換部品 音響部品（スピーカ・マイクロホン） (36),0027001111,平成27年11月
9014,01000210,生産 数量 (千個),351321000,変換部品 音響部品（スピーカ・マイクロホン） (36),0027001212,平成27年12月
927,01000210,生産 数量 (千個),351322000,変換部品 磁気ヘッド (37),0023000000,平成23年
567,01000210,生産 数量 (千個),351322000,変換部品 磁気ヘッド (37),0024000000,平成24年
606,01000210,生産 数量 (千個),351322000,変換部品 磁気ヘッド (37),0025000000,平成25年
X,01000210,生産 数量 (千個),351322000,変換部品 磁気ヘッド (37),0026000000,平成26年
X,01000210,生産 数量 (千個),351322000,変換部品 磁気ヘッド (37),0027000000,平成27年
645,01000210,生産 数量 (千個),351322000,変換部品 磁気ヘッド (37),0025010000,平成25年度
X,01000210,生産 数量 (千個),351322000,変換部品 磁気ヘッド (37),0026010000,平成26年度
X,01000210,生産 数量 (千個),351322000,変換部品 磁気ヘッド (37),0027000103,平成27年 1 ～ 3 月
X,01000210,生産 数量 (千個),351322000,変換部品 磁気ヘッド (37),0027000406,平成27年 4 ～ 6 月
X,01000210,生産 数量 (千個),351322000,変換部品 磁気ヘッド (37),0027000709,平成27年 7 ～ 9 月
X,01000210,生産 数量 (千個),351322000,変換部品 磁気ヘッド (37),0027001012,平成27年 10 ～ 12 月
X,01000210,生産 数量 (千個),351322000,変換部品 磁気ヘッド (37),0027000101,平成27年1月
X,01000210,生産 数量 (千個),351322000,変換部品 磁気ヘッド (37),0027000202,平成27年2月
X,01000210,生産 数量 (千個),351322000,変換部品 磁気ヘッド (37),0027000303,平成27年3月
X,01000210,生産 数量 (千個),351322000,変換部品 磁気ヘッド (37),0027000404,平成27年4月
X,01000210,生産 数量 (千個),351322000,変換部品 磁気ヘッド (37),0027000505,平成27年5月
X,01000210,生産 数量 (千個),351322000,変換部品 磁気ヘッド (37),0027000606,平成27年6月
X,01000210,生産 数量 (千個),351322000,変換部品 磁気ヘッド (37),0027000707,平成27年7月
X,01000210,生産 数量 (千個),351322000,変換部品 磁気ヘッド (37),0027000808,平成27年8月
X,01000210,生産 数量 (千個),351322000,変換部品 磁気ヘッド (37),0027000909,平成27年9月
X,01000210,生産 数量 (千個),351322000,変換部品 磁気ヘッド (37),0027001010,平成27年10月
X,01000210,生産 数量 (千個),351322000,変換部品 磁気ヘッド (37),0027001111,平成27年11月
X,01000210,生産 数量 (千個),351322000,変換部品 磁気ヘッド (37),0027001212,平成27年12月
16855,01000800,生産 数量 (千平方m),351212000,電子回路基板 (24～33),0023000000,平成23年
16797,01000800,生産 数量 (千平方m),351212000,電子回路基板 (24～33),0024000000,平成24年
14134,01000800,生産 数量 (千平方m),351212000,電子回路基板 (24～33),0025000000,平成25年
14598,01000800,生産 数量 (千平方m),351212000,電子回路基板 (24～33),0026000000,平成26年
14844,01000800,生産 数量 (千平方m),351212000,電子回路基板 (24～33),0027000000,平成27年
14304,01000800,生産 数量 (千平方m),351212000,電子回路基板 (24～33),0025010000,平成25年度
14705,01000800,生産 数量 (千平方m),351212000,電子回路基板 (24～33),0026010000,平成26年度
3568,01000800,生産 数量 (千平方m),351212000,電子回路基板 (24～33),0027000103,平成27年 1 ～ 3 月
3631,01000800,生産 数量 (千平方m),351212000,電子回路基板 (24～33),0027000406,平成27年 4 ～ 6 月
3853,01000800,生産 数量 (千平方m),351212000,電子回路基板 (24～33),0027000709,平成27年 7 ～ 9 月
3792,01000800,生産 数量 (千平方m),351212000,電子回路基板 (24～33),0027001012,平成27年 10 ～ 12 月
1204,01000800,生産 数量 (千平方m),351212000,電子回路基板 (24～33),0027000101,平成27年1月
1159,01000800,生産 数量 (千平方m),351212000,電子回路基板 (24～33),0027000202,平成27年2月
1205,01000800,生産 数量 (千平方m),351212000,電子回路基板 (24～33),0027000303,平成27年3月
1204,01000800,生産 数量 (千平方m),351212000,電子回路基板 (24～33),0027000404,平成27年4月
1119,01000800,生産 数量 (千平方m),351212000,電子回路基板 (24～33),0027000505,平成27年5月
1308,01000800,生産 数量 (千平方m),351212000,電子回路基板 (24～33),0027000606,平成27年6月
1368,01000800,生産 数量 (千平方m),351212000,電子回路基板 (24～33),0027000707,平成27年7月
1168,01000800,生産 数量 (千平方m),351212000,電子回路基板 (24～33),0027000808,平成27年8月
1317,01000800,生産 数量 (千平方m),351212000,電子回路基板 (24～33),0027000909,平成27年9月
1336,01000800,生産 数量 (千平方m),351212000,電子回路基板 (24～33),0027001010,平成27年10月
1287,01000800,生産 数量 (千平方m),351212000,電子回路基板 (24～33),0027001111,平成27年11月
1170,01000800,生産 数量 (千平方m),351212000,電子回路基板 (24～33),0027001212,平成27年12月
11313,01000800,生産 数量 (千平方m),351220000,電子回路基板 リジッドプリント配線板 (24～29),0023000000,平成23年
11434,01000800,生産 数量 (千平方m),351220000,電子回路基板 リジッドプリント配線板 (24～29),0024000000,平成24年
10267,01000800,生産 数量 (千平方m),351220000,電子回路基板 リジッドプリント配線板 (24～29),0025000000,平成25年
10694,01000800,生産 数量 (千平方m),351220000,電子回路基板 リジッドプリント配線板 (24～29),0026000000,平成26年
10052,01000800,生産 数量 (千平方m),351220000,電子回路基板 リジッドプリント配線板 (24～29),0027000000,平成27年
10453,01000800,生産 数量 (千平方m),351220000,電子回路基板 リジッドプリント配線板 (24～29),0025010000,平成25年度
10615,01000800,生産 数量 (千平方m),351220000,電子回路基板 リジッドプリント配線板 (24～29),0026010000,平成26年度
2548,01000800,生産 数量 (千平方m),351220000,電子回路基板 リジッドプリント配線板 (24～29),0027000103,平成27年 1 ～ 3 月
2523,01000800,生産 数量 (千平方m),351220000,電子回路基板 リジッドプリント配線板 (24～29),0027000406,平成27年 4 ～ 6 月
2525,01000800,生産 数量 (千平方m),351220000,電子回路基板 リジッドプリント配線板 (24～29),0027000709,平成27年 7 ～ 9 月
2457,01000800,生産 数量 (千平方m),351220000,電子回路基板 リジッドプリント配線板 (24～29),0027001012,平成27年 10 ～ 12 月
849,01000800,生産 数量 (千平方m),351220000,電子回路基板 リジッドプリント配線板 (24～29),0027000101,平成27年1月
843,01000800,生産 数量 (千平方m),351220000,電子回路基板 リジッドプリント配線板 (24～29),0027000202,平成27年2月
855,01000800,生産 数量 (千平方m),351220000,電子回路基板 リジッドプリント配線板 (24～29),0027000303,平成27年3月
847,01000800,生産 数量 (千平方m),351220000,電子回路基板 リジッドプリント配線板 (24～29),0027000404,平成27年4月
776,01000800,生産 数量 (千平方m),351220000,電子回路基板 リジッドプリント配線板 (24～29),0027000505,平成27年5月
900,01000800,生産 数量 (千平方m),351220000,電子回路基板 リジッドプリント配線板 (24～29),0027000606,平成27年6月
929,01000800,生産 数量 (千平方m),351220000,電子回路基板 リジッドプリント配線板 (24～29),0027000707,平成27年7月
751,01000800,生産 数量 (千平方m),351220000,電子回路基板 リジッドプリント配線板 (24～29),0027000808,平成27年8月
845,01000800,生産 数量 (千平方m),351220000,電子回路基板 リジッドプリント配線板 (24～29),0027000909,平成27年9月
852,01000800,生産 数量 (千平方m),351220000,電子回路基板 リジッドプリント配線板 (24～29),0027001010,平成27年10月
820,01000800,生産 数量 (千平方m),351220000,電子回路基板 リジッドプリント配線板 (24～29),0027001111,平成27年11月
785,01000800,生産 数量 (千平方m),351220000,電子回路基板 リジッドプリント配線板 (24～29),0027001212,平成27年12月
1959,01000800,生産 数量 (千平方m),351221000,電子回路基板 リジッドプリント配線板 片面プリント配線板 (24),0023000000,平成23年
1857,01000800,生産 数量 (千平方m),351221000,電子回路基板 リジッドプリント配線板 片面プリント配線板 (24),0024000000,平成24年
1892,01000800,生産 数量 (千平方m),351221000,電子回路基板 リジッドプリント配線板 片面プリント配線板 (24),0025000000,平成25年
1813,01000800,生産 数量 (千平方m),351221000,電子回路基板 リジッドプリント配線板 片面プリント配線板 (24),0026000000,平成26年
1698,01000800,生産 数量 (千平方m),351221000,電子回路基板 リジッドプリント配線板 片面プリント配線板 (24),0027000000,平成27年
1899,01000800,生産 数量 (千平方m),351221000,電子回路基板 リジッドプリント配線板 片面プリント配線板 (24),0025010000,平成25年度
1798,01000800,生産 数量 (千平方m),351221000,電子回路基板 リジッドプリント配線板 片面プリント配線板 (24),0026010000,平成26年度
439,01000800,生産 数量 (千平方m),351221000,電子回路基板 リジッドプリント配線板 片面プリント配線板 (24),0027000103,平成27年 1 ～ 3 月
423,01000800,生産 数量 (千平方m),351221000,電子回路基板 リジッドプリント配線板 片面プリント配線板 (24),0027000406,平成27年 4 ～ 6 月
415,01000800,生産 数量 (千平方m),351221000,電子回路基板 リジッドプリント配線板 片面プリント配線板 (24),0027000709,平成27年 7 ～ 9 月
421,01000800,生産 数量 (千平方m),351221000,電子回路基板 リジッドプリント配線板 片面プリント配線板 (24),0027001012,平成27年 10 ～ 12 月
151,01000800,生産 数量 (千平方m),351221000,電子回路基板 リジッドプリント配線板 片面プリント配線板 (24),0027000101,平成27年1月
144,01000800,生産 数量 (千平方m),351221000,電子回路基板 リジッドプリント配線板 片面プリント配線板 (24),0027000202,平成27年2月
144,01000800,生産 数量 (千平方m),351221000,電子回路基板 リジッドプリント配線板 片面プリント配線板 (24),0027000303,平成27年3月
141,01000800,生産 数量 (千平方m),351221000,電子回路基板 リジッドプリント配線板 片面プリント配線板 (24),0027000404,平成27年4月
132,01000800,生産 数量 (千平方m),351221000,電子回路基板 リジッドプリント配線板 片面プリント配線板 (24),0027000505,平成27年5月
150,01000800,生産 数量 (千平方m),351221000,電子回路基板 リジッドプリント配線板 片面プリント配線板 (24),0027000606,平成27年6月
151,01000800,生産 数量 (千平方m),351221000,電子回路基板 リジッドプリント配線板 片面プリント配線板 (24),0027000707,平成27年7月
121,01000800,生産 数量 (千平方m),351221000,電子回路基板 リジッドプリント配線板 片面プリント配線板 (24),0027000808,平成27年8月
142,01000800,生産 数量 (千平方m),351221000,電子回路基板 リジッドプリント配線板 片面プリント配線板 (24),0027000909,平成27年9月
148,01000800,生産 数量 (千平方m),351221000,電子回路基板 リジッドプリント配線板 片面プリント配線板 (24),0027001010,平成27年10月
144,01000800,生産 数量 (千平方m),351221000,電子回路基板 リジッドプリント配線板 片面プリント配線板 (24),0027001111,平成27年11月
129,01000800,生産 数量 (千平方m),351221000,電子回路基板 リジッドプリント配線板 片面プリント配線板 (24),0027001212,平成27年12月
4584,01000800,生産 数量 (千平方m),351222000,電子回路基板 リジッドプリント配線板 両面プリント配線板 (25),0023000000,平成23年
4574,01000800,生産 数量 (千平方m),351222000,電子回路基板 リジッドプリント配線板 両面プリント配線板 (25),0024000000,平成24年
4109,01000800,生産 数量 (千平方m),351222000,電子回路基板 リジッドプリント配線板 両面プリント配線板 (25),0025000000,平成25年
4618,01000800,生産 数量 (千平方m),351222000,電子回路基板 リジッドプリント配線板 両面プリント配線板 (25),0026000000,平成26年
4463,01000800,生産 数量 (千平方m),351222000,電子回路基板 リジッドプリント配線板 両面プリント配線板 (25),0027000000,平成27年
4247,01000800,生産 数量 (千平方m),351222000,電子回路基板 リジッドプリント配線板 両面プリント配線板 (25),0025010000,平成25年度
4630,01000800,生産 数量 (千平方m),351222000,電子回路基板 リジッドプリント配線板 両面プリント配線板 (25),0026010000,平成26年度
1136,01000800,生産 数量 (千平方m),351222000,電子回路基板 リジッドプリント配線板 両面プリント配線板 (25),0027000103,平成27年 1 ～ 3 月
1096,01000800,生産 数量 (千平方m),351222000,電子回路基板 リジッドプリント配線板 両面プリント配線板 (25),0027000406,平成27年 4 ～ 6 月
1135,01000800,生産 数量 (千平方m),351222000,電子回路基板 リジッドプリント配線板 両面プリント配線板 (25),0027000709,平成27年 7 ～ 9 月
1096,01000800,生産 数量 (千平方m),351222000,電子回路基板 リジッドプリント配線板 両面プリント配線板 (25),0027001012,平成27年 10 ～ 12 月
376,01000800,生産 数量 (千平方m),351222000,電子回路基板 リジッドプリント配線板 両面プリント配線板 (25),0027000101,平成27年1月
374,01000800,生産 数量 (千平方m),351222000,電子回路基板 リジッドプリント配線板 両面プリント配線板 (25),0027000202,平成27年2月
386,01000800,生産 数量 (千平方m),351222000,電子回路基板 リジッドプリント配線板 両面プリント配線板 (25),0027000303,平成27年3月
372,01000800,生産 数量 (千平方m),351222000,電子回路基板 リジッドプリント配線板 両面プリント配線板 (25),0027000404,平成27年4月
333,01000800,生産 数量 (千平方m),351222000,電子回路基板 リジッドプリント配線板 両面プリント配線板 (25),0027000505,平成27年5月
391,01000800,生産 数量 (千平方m),351222000,電子回路基板 リジッドプリント配線板 両面プリント配線板 (25),0027000606,平成27年6月
417,01000800,生産 数量 (千平方m),351222000,電子回路基板 リジッドプリント配線板 両面プリント配線板 (25),0027000707,平成27年7月
341,01000800,生産 数量 (千平方m),351222000,電子回路基板 リジッドプリント配線板 両面プリント配線板 (25),0027000808,平成27年8月
377,01000800,生産 数量 (千平方m),351222000,電子回路基板 リジッドプリント配線板 両面プリント配線板 (25),0027000909,平成27年9月
379,01000800,生産 数量 (千平方m),351222000,電子回路基板 リジッドプリント配線板 両面プリント配線板 (25),0027001010,平成27年10月
365,01000800,生産 数量 (千平方m),351222000,電子回路基板 リジッドプリント配線板 両面プリント配線板 (25),0027001111,平成27年11月
353,01000800,生産 数量 (千平方m),351222000,電子回路基板 リジッドプリント配線板 両面プリント配線板 (25),0027001212,平成27年12月
2165,01000800,生産 数量 (千平方m),351223000,電子回路基板 リジッドプリント配線板 多層プリント配線板（4層） (26),0023000000,平成23年
2449,01000800,生産 数量 (千平方m),351223000,電子回路基板 リジッドプリント配線板 多層プリント配線板（4層） (26),0024000000,平成24年
2259,01000800,生産 数量 (千平方m),351223000,電子回路基板 リジッドプリント配線板 多層プリント配線板（4層） (26),0025000000,平成25年
2242,01000800,生産 数量 (千平方m),351223000,電子回路基板 リジッドプリント配線板 多層プリント配線板（4層） (26),0026000000,平成26年
1998,01000800,生産 数量 (千平方m),351223000,電子回路基板 リジッドプリント配線板 多層プリント配線板（4層） (26),0027000000,平成27年
2274,01000800,生産 数量 (千平方m),351223000,電子回路基板 リジッドプリント配線板 多層プリント配線板（4層） (26),0025010000,平成25年度
2193,01000800,生産 数量 (千平方m),351223000,電子回路基板 リジッドプリント配線板 多層プリント配線板（4層） (26),0026010000,平成26年度
504,01000800,生産 数量 (千平方m),351223000,電子回路基板 リジッドプリント配線板 多層プリント配線板（4層） (26),0027000103,平成27年 1 ～ 3 月
522,01000800,生産 数量 (千平方m),351223000,電子回路基板 リジッドプリント配線板 多層プリント配線板（4層） (26),0027000406,平成27年 4 ～ 6 月
490,01000800,生産 数量 (千平方m),351223000,電子回路基板 リジッドプリント配線板 多層プリント配線板（4層） (26),0027000709,平成27年 7 ～ 9 月
483,01000800,生産 数量 (千平方m),351223000,電子回路基板 リジッドプリント配線板 多層プリント配線板（4層） (26),0027001012,平成27年 10 ～ 12 月
168,01000800,生産 数量 (千平方m),351223000,電子回路基板 リジッドプリント配線板 多層プリント配線板（4層） (26),0027000101,平成27年1月
167,01000800,生産 数量 (千平方m),351223000,電子回路基板 リジッドプリント配線板 多層プリント配線板（4層） (26),0027000202,平成27年2月
169,01000800,生産 数量 (千平方m),351223000,電子回路基板 リジッドプリント配線板 多層プリント配線板（4層） (26),0027000303,平成27年3月
178,01000800,生産 数量 (千平方m),351223000,電子回路基板 リジッドプリント配線板 多層プリント配線板（4層） (26),0027000404,平成27年4月
162,01000800,生産 数量 (千平方m),351223000,電子回路基板 リジッドプリント配線板 多層プリント配線板（4層） (26),0027000505,平成27年5月
182,01000800,生産 数量 (千平方m),351223000,電子回路基板 リジッドプリント配線板 多層プリント配線板（4層） (26),0027000606,平成27年6月
184,01000800,生産 数量 (千平方m),351223000,電子回路基板 リジッドプリント配線板 多層プリント配線板（4層） (26),0027000707,平成27年7月
141,01000800,生産 数量 (千平方m),351223000,電子回路基板 リジッドプリント配線板 多層プリント配線板（4層） (26),0027000808,平成27年8月
165,01000800,生産 数量 (千平方m),351223000,電子回路基板 リジッドプリント配線板 多層プリント配線板（4層） (26),0027000909,平成27年9月
166,01000800,生産 数量 (千平方m),351223000,電子回路基板 リジッドプリント配線板 多層プリント配線板（4層） (26),0027001010,平成27年10月
162,01000800,生産 数量 (千平方m),351223000,電子回路基板 リジッドプリント配線板 多層プリント配線板（4層） (26),0027001111,平成27年11月
155,01000800,生産 数量 (千平方m),351223000,電子回路基板 リジッドプリント配線板 多層プリント配線板（4層） (26),0027001212,平成27年12月
1084,01000800,生産 数量 (千平方m),351224000,電子回路基板 リジッドプリント配線板 多層プリント配線板（6～8層） (27),0023000000,平成23年
1141,01000800,生産 数量 (千平方m),351224000,電子回路基板 リジッドプリント配線板 多層プリント配線板（6～8層） (27),0024000000,平成24年
919,01000800,生産 数量 (千平方m),351224000,電子回路基板 リジッドプリント配線板 多層プリント配線板（6～8層） (27),0025000000,平成25年
890,01000800,生産 数量 (千平方m),351224000,電子回路基板 リジッドプリント配線板 多層プリント配線板（6～8層） (27),0026000000,平成26年
830,01000800,生産 数量 (千平方m),351224000,電子回路基板 リジッドプリント配線板 多層プリント配線板（6～8層） (27),0027000000,平成27年
930,01000800,生産 数量 (千平方m),351224000,電子回路基板 リジッドプリント配線板 多層プリント配線板（6～8層） (27),0025010000,平成25年度
861,01000800,生産 数量 (千平方m),351224000,電子回路基板 リジッドプリント配線板 多層プリント配線板（6～8層） (27),0026010000,平成26年度
196,01000800,生産 数量 (千平方m),351224000,電子回路基板 リジッドプリント配線板 多層プリント配線板（6～8層） (27),0027000103,平成27年 1 ～ 3 月
217,01000800,生産 数量 (千平方m),351224000,電子回路基板 リジッドプリント配線板 多層プリント配線板（6～8層） (27),0027000406,平成27年 4 ～ 6 月
219,01000800,生産 数量 (千平方m),351224000,電子回路基板 リジッドプリント配線板 多層プリント配線板（6～8層） (27),0027000709,平成27年 7 ～ 9 月
199,01000800,生産 数量 (千平方m),351224000,電子回路基板 リジッドプリント配線板 多層プリント配線板（6～8層） (27),0027001012,平成27年 10 ～ 12 月
65,01000800,生産 数量 (千平方m),351224000,電子回路基板 リジッドプリント配線板 多層プリント配線板（6～8層） (27),0027000101,平成27年1月
64,01000800,生産 数量 (千平方m),351224000,電子回路基板 リジッドプリント配線板 多層プリント配線板（6～8層） (27),0027000202,平成27年2月
66,01000800,生産 数量 (千平方m),351224000,電子回路基板 リジッドプリント配線板 多層プリント配線板（6～8層） (27),0027000303,平成27年3月
66,01000800,生産 数量 (千平方m),351224000,電子回路基板 リジッドプリント配線板 多層プリント配線板（6～8層） (27),0027000404,平成27年4月
70,01000800,生産 数量 (千平方m),351224000,電子回路基板 リジッドプリント配線板 多層プリント配線板（6～8層） (27),0027000505,平成27年5月
80,01000800,生産 数量 (千平方m),351224000,電子回路基板 リジッドプリント配線板 多層プリント配線板（6～8層） (27),0027000606,平成27年6月
81,01000800,生産 数量 (千平方m),351224000,電子回路基板 リジッドプリント配線板 多層プリント配線板（6～8層） (27),0027000707,平成27年7月
67,01000800,生産 数量 (千平方m),351224000,電子回路基板 リジッドプリント配線板 多層プリント配線板（6～8層） (27),0027000808,平成27年8月
70,01000800,生産 数量 (千平方m),351224000,電子回路基板 リジッドプリント配線板 多層プリント配線板（6～8層） (27),0027000909,平成27年9月
66,01000800,生産 数量 (千平方m),351224000,電子回路基板 リジッドプリント配線板 多層プリント配線板（6～8層） (27),0027001010,平成27年10月
66,01000800,生産 数量 (千平方m),351224000,電子回路基板 リジッドプリント配線板 多層プリント配線板（6～8層） (27),0027001111,平成27年11月
66,01000800,生産 数量 (千平方m),351224000,電子回路基板 リジッドプリント配線板 多層プリント配線板（6～8層） (27),0027001212,平成27年12月
166,01000800,生産 数量 (千平方m),351225000,電子回路基板 リジッドプリント配線板 多層プリント配線板（10層以上） (28),0023000000,平成23年
159,01000800,生産 数量 (千平方m),351225000,電子回路基板 リジッドプリント配線板 多層プリント配線板（10層以上） (28),0024000000,平成24年
156,01000800,生産 数量 (千平方m),351225000,電子回路基板 リジッドプリント配線板 多層プリント配線板（10層以上） (28),0025000000,平成25年
127,01000800,生産 数量 (千平方m),351225000,電子回路基板 リジッドプリント配線板 多層プリント配線板（10層以上） (28),0026000000,平成26年
114,01000800,生産 数量 (千平方m),351225000,電子回路基板 リジッドプリント配線板 多層プリント配線板（10層以上） (28),0027000000,平成27年
151,01000800,生産 数量 (千平方m),351225000,電子回路基板 リジッドプリント配線板 多層プリント配線板（10層以上） (28),0025010000,平成25年度
125,01000800,生産 数量 (千平方m),351225000,電子回路基板 リジッドプリント配線板 多層プリント配線板（10層以上） (28),0026010000,平成26年度
29,01000800,生産 数量 (千平方m),351225000,電子回路基板 リジッドプリント配線板 多層プリント配線板（10層以上） (28),0027000103,平成27年 1 ～ 3 月
29,01000800,生産 数量 (千平方m),351225000,電子回路基板 リジッドプリント配線板 多層プリント配線板（10層以上） (28),0027000406,平成27年 4 ～ 6 月
30,01000800,生産 数量 (千平方m),351225000,電子回路基板 リジッドプリント配線板 多層プリント配線板（10層以上） (28),0027000709,平成27年 7 ～ 9 月
25,01000800,生産 数量 (千平方m),351225000,電子回路基板 リジッドプリント配線板 多層プリント配線板（10層以上） (28),0027001012,平成27年 10 ～ 12 月
10,01000800,生産 数量 (千平方m),351225000,電子回路基板 リジッドプリント配線板 多層プリント配線板（10層以上） (28),0027000101,平成27年1月
9,01000800,生産 数量 (千平方m),351225000,電子回路基板 リジッドプリント配線板 多層プリント配線板（10層以上） (28),0027000202,平成27年2月
10,01000800,生産 数量 (千平方m),351225000,電子回路基板 リジッドプリント配線板 多層プリント配線板（10層以上） (28),0027000303,平成27年3月
7,01000800,生産 数量 (千平方m),351225000,電子回路基板 リジッドプリント配線板 多層プリント配線板（10層以上） (28),0027000404,平成27年4月
10,01000800,生産 数量 (千平方m),351225000,電子回路基板 リジッドプリント配線板 多層プリント配線板（10層以上） (28),0027000505,平成27年5月
12,01000800,生産 数量 (千平方m),351225000,電子回路基板 リジッドプリント配線板 多層プリント配線板（10層以上） (28),0027000606,平成27年6月
12,01000800,生産 数量 (千平方m),351225000,電子回路基板 リジッドプリント配線板 多層プリント配線板（10層以上） (28),0027000707,平成27年7月
9,01000800,生産 数量 (千平方m),351225000,電子回路基板 リジッドプリント配線板 多層プリント配線板（10層以上） (28),0027000808,平成27年8月
10,01000800,生産 数量 (千平方m),351225000,電子回路基板 リジッドプリント配線板 多層プリント配線板（10層以上） (28),0027000909,平成27年9月
9,01000800,生産 数量 (千平方m),351225000,電子回路基板 リジッドプリント配線板 多層プリント配線板（10層以上） (28),0027001010,平成27年10月
8,01000800,生産 数量 (千平方m),351225000,電子回路基板 リジッドプリント配線板 多層プリント配線板（10層以上） (28),0027001111,平成27年11月
8,01000800,生産 数量 (千平方m),351225000,電子回路基板 リジッドプリント配線板 多層プリント配線板（10層以上） (28),0027001212,平成27年12月
1354,01000800,生産 数量 (千平方m),351226000,電子回路基板 リジッドプリント配線板 ビルドアップ多層配線板 (29),0023000000,平成23年
1255,01000800,生産 数量 (千平方m),351226000,電子回路基板 リジッドプリント配線板 ビルドアップ多層配線板 (29),0024000000,平成24年
932,01000800,生産 数量 (千平方m),351226000,電子回路基板 リジッドプリント配線板 ビルドアップ多層配線板 (29),0025000000,平成25年
1004,01000800,生産 数量 (千平方m),351226000,電子回路基板 リジッドプリント配線板 ビルドアップ多層配線板 (29),0026000000,平成26年
949,01000800,生産 数量 (千平方m),351226000,電子回路基板 リジッドプリント配線板 ビルドアップ多層配線板 (29),0027000000,平成27年
951,01000800,生産 数量 (千平方m),351226000,電子回路基板 リジッドプリント配線板 ビルドアップ多層配線板 (29),0025010000,平成25年度
1009,01000800,生産 数量 (千平方m),351226000,電子回路基板 リジッドプリント配線板 ビルドアップ多層配線板 (29),0026010000,平成26年度
243,01000800,生産 数量 (千平方m),351226000,電子回路基板 リジッドプリント配線板 ビルドアップ多層配線板 (29),0027000103,平成27年 1 ～ 3 月
236,01000800,生産 数量 (千平方m),351226000,電子回路基板 リジッドプリント配線板 ビルドアップ多層配線板 (29),0027000406,平成27年 4 ～ 6 月
237,01000800,生産 数量 (千平方m),351226000,電子回路基板 リジッドプリント配線板 ビルドアップ多層配線板 (29),0027000709,平成27年 7 ～ 9 月
233,01000800,生産 数量 (千平方m),351226000,電子回路基板 リジッドプリント配線板 ビルドアップ多層配線板 (29),0027001012,平成27年 10 ～ 12 月
80,01000800,生産 数量 (千平方m),351226000,電子回路基板 リジッドプリント配線板 ビルドアップ多層配線板 (29),0027000101,平成27年1月
84,01000800,生産 数量 (千平方m),351226000,電子回路基板 リジッドプリント配線板 ビルドアップ多層配線板 (29),0027000202,平成27年2月
79,01000800,生産 数量 (千平方m),351226000,電子回路基板 リジッドプリント配線板 ビルドアップ多層配線板 (29),0027000303,平成27年3月
82,01000800,生産 数量 (千平方m),351226000,電子回路基板 リジッドプリント配線板 ビルドアップ多層配線板 (29),0027000404,平成27年4月
69,01000800,生産 数量 (千平方m),351226000,電子回路基板 リジッドプリント配線板 ビルドアップ多層配線板 (29),0027000505,平成27年5月
85,01000800,生産 数量 (千平方m),351226000,電子回路基板 リジッドプリント配線板 ビルドアップ多層配線板 (29),0027000606,平成27年6月
84,01000800,生産 数量 (千平方m),351226000,電子回路基板 リジッドプリント配線板 ビルドアップ多層配線板 (29),0027000707,平成27年7月
73,01000800,生産 数量 (千平方m),351226000,電子回路基板 リジッドプリント配線板 ビルドアップ多層配線板 (29),0027000808,平成27年8月
80,01000800,生産 数量 (千平方m),351226000,電子回路基板 リジッドプリント配線板 ビルドアップ多層配線板 (29),0027000909,平成27年9月
83,01000800,生産 数量 (千平方m),351226000,電子回路基板 リジッドプリント配線板 ビルドアップ多層配線板 (29),0027001010,平成27年10月
76,01000800,生産 数量 (千平方m),351226000,電子回路基板 リジッドプリント配線板 ビルドアップ多層配線板 (29),0027001111,平成27年11月
74,01000800,生産 数量 (千平方m),351226000,電子回路基板 リジッドプリント配線板 ビルドアップ多層配線板 (29),0027001212,平成27年12月
4255,01000800,生産 数量 (千平方m),351230000,電子回路基板 フレキシブルプリント配線板 (30～31),0023000000,平成23年
4589,01000800,生産 数量 (千平方m),351230000,電子回路基板 フレキシブルプリント配線板 (30～31),0024000000,平成24年
3288,01000800,生産 数量 (千平方m),351230000,電子回路基板 フレキシブルプリント配線板 (30～31),0025000000,平成25年
3312,01000800,生産 数量 (千平方m),351230000,電子回路基板 フレキシブルプリント配線板 (30～31),0026000000,平成26年
4108,01000800,生産 数量 (千平方m),351230000,電子回路基板 フレキシブルプリント配線板 (30～31),0027000000,平成27年
3282,01000800,生産 数量 (千平方m),351230000,電子回路基板 フレキシブルプリント配線板 (30～31),0025010000,平成25年度
3472,01000800,生産 数量 (千平方m),351230000,電子回路基板 フレキシブルプリント配線板 (30～31),0026010000,平成26年度
859,01000800,生産 数量 (千平方m),351230000,電子回路基板 フレキシブルプリント配線板 (30～31),0027000103,平成27年 1 ～ 3 月
938,01000800,生産 数量 (千平方m),351230000,電子回路基板 フレキシブルプリント配線板 (30～31),0027000406,平成27年 4 ～ 6 月
1145,01000800,生産 数量 (千平方m),351230000,電子回路基板 フレキシブルプリント配線板 (30～31),0027000709,平成27年 7 ～ 9 月
1166,01000800,生産 数量 (千平方m),351230000,電子回路基板 フレキシブルプリント配線板 (30～31),0027001012,平成27年 10 ～ 12 月
303,01000800,生産 数量 (千平方m),351230000,電子回路基板 フレキシブルプリント配線板 (30～31),0027000101,平成27年1月
262,01000800,生産 数量 (千平方m),351230000,電子回路基板 フレキシブルプリント配線板 (30～31),0027000202,平成27年2月
294,01000800,生産 数量 (千平方m),351230000,電子回路基板 フレキシブルプリント配線板 (30～31),0027000303,平成27年3月
301,01000800,生産 数量 (千平方m),351230000,電子回路基板 フレキシブルプリント配線板 (30～31),0027000404,平成27年4月
288,01000800,生産 数量 (千平方m),351230000,電子回路基板 フレキシブルプリント配線板 (30～31),0027000505,平成27年5月
349,01000800,生産 数量 (千平方m),351230000,電子回路基板 フレキシブルプリント配線板 (30～31),0027000606,平成27年6月
379,01000800,生産 数量 (千平方m),351230000,電子回路基板 フレキシブルプリント配線板 (30～31),0027000707,平成27年7月
358,01000800,生産 数量 (千平方m),351230000,電子回路基板 フレキシブルプリント配線板 (30～31),0027000808,平成27年8月
408,01000800,生産 数量 (千平方m),351230000,電子回路基板 フレキシブルプリント配線板 (30～31),0027000909,平成27年9月
419,01000800,生産 数量 (千平方m),351230000,電子回路基板 フレキシブルプリント配線板 (30～31),0027001010,平成27年10月
413,01000800,生産 数量 (千平方m),351230000,電子回路基板 フレキシブルプリント配線板 (30～31),0027001111,平成27年11月
333,01000800,生産 数量 (千平方m),351230000,電子回路基板 フレキシブルプリント配線板 (30～31),0027001212,平成27年12月
1281,01000800,生産 数量 (千平方m),351300000,電子回路基板 フレキシブルプリント配線板 片面フレキシブル配線板 (30),0023000000,平成23年
1174,01000800,生産 数量 (千平方m),351300000,電子回路基板 フレキシブルプリント配線板 片面フレキシブル配線板 (30),0024000000,平成24年
718,01000800,生産 数量 (千平方m),351300000,電子回路基板 フレキシブルプリント配線板 片面フレキシブル配線板 (30),0025000000,平成25年
669,01000800,生産 数量 (千平方m),351300000,電子回路基板 フレキシブルプリント配線板 片面フレキシブル配線板 (30),0026000000,平成26年
1297,01000800,生産 数量 (千平方m),351300000,電子回路基板 フレキシブルプリント配線板 片面フレキシブル配線板 (30),0027000000,平成27年
673,01000800,生産 数量 (千平方m),351300000,電子回路基板 フレキシブルプリント配線板 片面フレキシブル配線板 (30),0025010000,平成25年度
732,01000800,生産 数量 (千平方m),351300000,電子回路基板 フレキシブルプリント配線板 片面フレキシブル配線板 (30),0026010000,平成26年度
208,01000800,生産 数量 (千平方m),351300000,電子回路基板 フレキシブルプリント配線板 片面フレキシブル配線板 (30),0027000103,平成27年 1 ～ 3 月
253,01000800,生産 数量 (千平方m),351300000,電子回路基板 フレキシブルプリント配線板 片面フレキシブル配線板 (30),0027000406,平成27年 4 ～ 6 月
440,01000800,生産 数量 (千平方m),351300000,電子回路基板 フレキシブルプリント配線板 片面フレキシブル配線板 (30),0027000709,平成27年 7 ～ 9 月
397,01000800,生産 数量 (千平方m),351300000,電子回路基板 フレキシブルプリント配線板 片面フレキシブル配線板 (30),0027001012,平成27年 10 ～ 12 月
65,01000800,生産 数量 (千平方m),351300000,電子回路基板 フレキシブルプリント配線板 片面フレキシブル配線板 (30),0027000101,平成27年1月
63,01000800,生産 数量 (千平方m),351300000,電子回路基板 フレキシブルプリント配線板 片面フレキシブル配線板 (30),0027000202,平成27年2月
79,01000800,生産 数量 (千平方m),351300000,電子回路基板 フレキシブルプリント配線板 片面フレキシブル配線板 (30),0027000303,平成27年3月
78,01000800,生産 数量 (千平方m),351300000,電子回路基板 フレキシブルプリント配線板 片面フレキシブル配線板 (30),0027000404,平成27年4月
72,01000800,生産 数量 (千平方m),351300000,電子回路基板 フレキシブルプリント配線板 片面フレキシブル配線板 (30),0027000505,平成27年5月
103,01000800,生産 数量 (千平方m),351300000,電子回路基板 フレキシブルプリント配線板 片面フレキシブル配線板 (30),0027000606,平成27年6月
139,01000800,生産 数量 (千平方m),351300000,電子回路基板 フレキシブルプリント配線板 片面フレキシブル配線板 (30),0027000707,平成27年7月
149,01000800,生産 数量 (千平方m),351300000,電子回路基板 フレキシブルプリント配線板 片面フレキシブル配線板 (30),0027000808,平成27年8月
152,01000800,生産 数量 (千平方m),351300000,電子回路基板 フレキシブルプリント配線板 片面フレキシブル配線板 (30),0027000909,平成27年9月
149,01000800,生産 数量 (千平方m),351300000,電子回路基板 フレキシブルプリント配線板 片面フレキシブル配線板 (30),0027001010,平成27年10月
137,01000800,生産 数量 (千平方m),351300000,電子回路基板 フレキシブルプリント配線板 片面フレキシブル配線板 (30),0027001111,平成27年11月
111,01000800,生産 数量 (千平方m),351300000,電子回路基板 フレキシブルプリント配線板 片面フレキシブル配線板 (30),0027001212,平成27年12月
2974,01000800,生産 数量 (千平方m),351310000,電子回路基板 フレキシブルプリント配線板 両面・多層フレキシブル配線板 (31),0023000000,平成23年
3414,01000800,生産 数量 (千平方m),351310000,電子回路基板 フレキシブルプリント配線板 両面・多層フレキシブル配線板 (31),0024000000,平成24年
2570,01000800,生産 数量 (千平方m),351310000,電子回路基板 フレキシブルプリント配線板 両面・多層フレキシブル配線板 (31),0025000000,平成25年
2643,01000800,生産 数量 (千平方m),351310000,電子回路基板 フレキシブルプリント配線板 両面・多層フレキシブル配線板 (31),0026000000,平成26年
2811,01000800,生産 数量 (千平方m),351310000,電子回路基板 フレキシブルプリント配線板 両面・多層フレキシブル配線板 (31),0027000000,平成27年
2608,01000800,生産 数量 (千平方m),351310000,電子回路基板 フレキシブルプリント配線板 両面・多層フレキシブル配線板 (31),0025010000,平成25年度
2740,01000800,生産 数量 (千平方m),351310000,電子回路基板 フレキシブルプリント配線板 両面・多層フレキシブル配線板 (31),0026010000,平成26年度
652,01000800,生産 数量 (千平方m),351310000,電子回路基板 フレキシブルプリント配線板 両面・多層フレキシブル配線板 (31),0027000103,平成27年 1 ～ 3 月
685,01000800,生産 数量 (千平方m),351310000,電子回路基板 フレキシブルプリント配線板 両面・多層フレキシブル配線板 (31),0027000406,平成27年 4 ～ 6 月
705,01000800,生産 数量 (千平方m),351310000,電子回路基板 フレキシブルプリント配線板 両面・多層フレキシブル配線板 (31),0027000709,平成27年 7 ～ 9 月
769,01000800,生産 数量 (千平方m),351310000,電子回路基板 フレキシブルプリント配線板 両面・多層フレキシブル配線板 (31),0027001012,平成27年 10 ～ 12 月
238,01000800,生産 数量 (千平方m),351310000,電子回路基板 フレキシブルプリント配線板 両面・多層フレキシブル配線板 (31),0027000101,平成27年1月
199,01000800,生産 数量 (千平方m),351310000,電子回路基板 フレキシブルプリント配線板 両面・多層フレキシブル配線板 (31),0027000202,平成27年2月
215,01000800,生産 数量 (千平方m),351310000,電子回路基板 フレキシブルプリント配線板 両面・多層フレキシブル配線板 (31),0027000303,平成27年3月
223,01000800,生産 数量 (千平方m),351310000,電子回路基板 フレキシブルプリント配線板 両面・多層フレキシブル配線板 (31),0027000404,平成27年4月
217,01000800,生産 数量 (千平方m),351310000,電子回路基板 フレキシブルプリント配線板 両面・多層フレキシブル配線板 (31),0027000505,平成27年5月
246,01000800,生産 数量 (千平方m),351310000,電子回路基板 フレキシブルプリント配線板 両面・多層フレキシブル配線板 (31),0027000606,平成27年6月
239,01000800,生産 数量 (千平方m),351310000,電子回路基板 フレキシブルプリント配線板 両面・多層フレキシブル配線板 (31),0027000707,平成27年7月
209,01000800,生産 数量 (千平方m),351310000,電子回路基板 フレキシブルプリント配線板 両面・多層フレキシブル配線板 (31),0027000808,平成27年8月
256,01000800,生産 数量 (千平方m),351310000,電子回路基板 フレキシブルプリント配線板 両面・多層フレキシブル配線板 (31),0027000909,平成27年9月
271,01000800,生産 数量 (千平方m),351310000,電子回路基板 フレキシブルプリント配線板 両面・多層フレキシブル配線板 (31),0027001010,平成27年10月
277,01000800,生産 数量 (千平方m),351310000,電子回路基板 フレキシブルプリント配線板 両面・多層フレキシブル配線板 (31),0027001111,平成27年11月
222,01000800,生産 数量 (千平方m),351310000,電子回路基板 フレキシブルプリント配線板 両面・多層フレキシブル配線板 (31),0027001212,平成27年12月
1287,01000800,生産 数量 (千平方m),351311000,電子回路基板 モジュール基板 (32～33),0023000000,平成23年
774,01000800,生産 数量 (千平方m),351311000,電子回路基板 モジュール基板 (32～33),0024000000,平成24年
578,01000800,生産 数量 (千平方m),351311000,電子回路基板 モジュール基板 (32～33),0025000000,平成25年
592,01000800,生産 数量 (千平方m),351311000,電子回路基板 モジュール基板 (32～33),0026000000,平成26年
683,01000800,生産 数量 (千平方m),351311000,電子回路基板 モジュール基板 (32～33),0027000000,平成27年
570,01000800,生産 数量 (千平方m),351311000,電子回路基板 モジュール基板 (32～33),0025010000,平成25年度
618,01000800,生産 数量 (千平方m),351311000,電子回路基板 モジュール基板 (32～33),0026010000,平成26年度
161,01000800,生産 数量 (千平方m),351311000,電子回路基板 モジュール基板 (32～33),0027000103,平成27年 1 ～ 3 月
170,01000800,生産 数量 (千平方m),351311000,電子回路基板 モジュール基板 (32～33),0027000406,平成27年 4 ～ 6 月
183,01000800,生産 数量 (千平方m),351311000,電子回路基板 モジュール基板 (32～33),0027000709,平成27年 7 ～ 9 月
169,01000800,生産 数量 (千平方m),351311000,電子回路基板 モジュール基板 (32～33),0027001012,平成27年 10 ～ 12 月
51,01000800,生産 数量 (千平方m),351311000,電子回路基板 モジュール基板 (32～33),0027000101,平成27年1月
53,01000800,生産 数量 (千平方m),351311000,電子回路基板 モジュール基板 (32～33),0027000202,平成27年2月
57,01000800,生産 数量 (千平方m),351311000,電子回路基板 モジュール基板 (32～33),0027000303,平成27年3月
57,01000800,生産 数量 (千平方m),351311000,電子回路基板 モジュール基板 (32～33),0027000404,平成27年4月
54,01000800,生産 数量 (千平方m),351311000,電子回路基板 モジュール基板 (32～33),0027000505,平成27年5月
59,01000800,生産 数量 (千平方m),351311000,電子回路基板 モジュール基板 (32～33),0027000606,平成27年6月
60,01000800,生産 数量 (千平方m),351311000,電子回路基板 モジュール基板 (32～33),0027000707,平成27年7月
59,01000800,生産 数量 (千平方m),351311000,電子回路基板 モジュール基板 (32～33),0027000808,平成27年8月
64,01000800,生産 数量 (千平方m),351311000,電子回路基板 モジュール基板 (32～33),0027000909,平成27年9月
64,01000800,生産 数量 (千平方m),351311000,電子回路基板 モジュール基板 (32～33),0027001010,平成27年10月
53,01000800,生産 数量 (千平方m),351311000,電子回路基板 モジュール基板 (32～33),0027001111,平成27年11月
52,01000800,生産 数量 (千平方m),351311000,電子回路基板 モジュール基板 (32～33),0027001212,平成27年12月
481,01000800,生産 数量 (千平方m),351312000,電子回路基板 モジュール基板 リジッド系モジュール基板 (32),0023000000,平成23年
491,01000800,生産 数量 (千平方m),351312000,電子回路基板 モジュール基板 リジッド系モジュール基板 (32),0024000000,平成24年
423,01000800,生産 数量 (千平方m),351312000,電子回路基板 モジュール基板 リジッド系モジュール基板 (32),0025000000,平成25年
438,01000800,生産 数量 (千平方m),351312000,電子回路基板 モジュール基板 リジッド系モジュール基板 (32),0026000000,平成26年
486,01000800,生産 数量 (千平方m),351312000,電子回路基板 モジュール基板 リジッド系モジュール基板 (32),0027000000,平成27年
428,01000800,生産 数量 (千平方m),351312000,電子回路基板 モジュール基板 リジッド系モジュール基板 (32),0025010000,平成25年度
449,01000800,生産 数量 (千平方m),351312000,電子回路基板 モジュール基板 リジッド系モジュール基板 (32),0026010000,平成26年度
111,01000800,生産 数量 (千平方m),351312000,電子回路基板 モジュール基板 リジッド系モジュール基板 (32),0027000103,平成27年 1 ～ 3 月
113,01000800,生産 数量 (千平方m),351312000,電子回路基板 モジュール基板 リジッド系モジュール基板 (32),0027000406,平成27年 4 ～ 6 月
135,01000800,生産 数量 (千平方m),351312000,電子回路基板 モジュール基板 リジッド系モジュール基板 (32),0027000709,平成27年 7 ～ 9 月
127,01000800,生産 数量 (千平方m),351312000,電子回路基板 モジュール基板 リジッド系モジュール基板 (32),0027001012,平成27年 10 ～ 12 月
37,01000800,生産 数量 (千平方m),351312000,電子回路基板 モジュール基板 リジッド系モジュール基板 (32),0027000101,平成27年1月
37,01000800,生産 数量 (千平方m),351312000,電子回路基板 モジュール基板 リジッド系モジュール基板 (32),0027000202,平成27年2月
37,01000800,生産 数量 (千平方m),351312000,電子回路基板 モジュール基板 リジッド系モジュール基板 (32),0027000303,平成27年3月
38,01000800,生産 数量 (千平方m),351312000,電子回路基板 モジュール基板 リジッド系モジュール基板 (32),0027000404,平成27年4月
35,01000800,生産 数量 (千平方m),351312000,電子回路基板 モジュール基板 リジッド系モジュール基板 (32),0027000505,平成27年5月
40,01000800,生産 数量 (千平方m),351312000,電子回路基板 モジュール基板 リジッド系モジュール基板 (32),0027000606,平成27年6月
42,01000800,生産 数量 (千平方m),351312000,電子回路基板 モジュール基板 リジッド系モジュール基板 (32),0027000707,平成27年7月
46,01000800,生産 数量 (千平方m),351312000,電子回路基板 モジュール基板 リジッド系モジュール基板 (32),0027000808,平成27年8月
47,01000800,生産 数量 (千平方m),351312000,電子回路基板 モジュール基板 リジッド系モジュール基板 (32),0027000909,平成27年9月
47,01000800,生産 数量 (千平方m),351312000,電子回路基板 モジュール基板 リジッド系モジュール基板 (32),0027001010,平成27年10月
39,01000800,生産 数量 (千平方m),351312000,電子回路基板 モジュール基板 リジッド系モジュール基板 (32),0027001111,平成27年11月
40,01000800,生産 数量 (千平方m),351312000,電子回路基板 モジュール基板 リジッド系モジュール基板 (32),0027001212,平成27年12月
806,01000800,生産 数量 (千平方m),351313000,電子回路基板 モジュール基板 その他のモジュール基板 (33),0023000000,平成23年
283,01000800,生産 数量 (千平方m),351313000,電子回路基板 モジュール基板 その他のモジュール基板 (33),0024000000,平成24年
155,01000800,生産 数量 (千平方m),351313000,電子回路基板 モジュール基板 その他のモジュール基板 (33),0025000000,平成25年
155,01000800,生産 数量 (千平方m),351313000,電子回路基板 モジュール基板 その他のモジュール基板 (33),0026000000,平成26年
198,01000800,生産 数量 (千平方m),351313000,電子回路基板 モジュール基板 その他のモジュール基板 (33),0027000000,平成27年
142,01000800,生産 数量 (千平方m),351313000,電子回路基板 モジュール基板 その他のモジュール基板 (33),0025010000,平成25年度
169,01000800,生産 数量 (千平方m),351313000,電子回路基板 モジュール基板 その他のモジュール基板 (33),0026010000,平成26年度
50,01000800,生産 数量 (千平方m),351313000,電子回路基板 モジュール基板 その他のモジュール基板 (33),0027000103,平成27年 1 ～ 3 月
57,01000800,生産 数量 (千平方m),351313000,電子回路基板 モジュール基板 その他のモジュール基板 (33),0027000406,平成27年 4 ～ 6 月
49,01000800,生産 数量 (千平方m),351313000,電子回路基板 モジュール基板 その他のモジュール基板 (33),0027000709,平成27年 7 ～ 9 月
42,01000800,生産 数量 (千平方m),351313000,電子回路基板 モジュール基板 その他のモジュール基板 (33),0027001012,平成27年 10 ～ 12 月
14,01000800,生産 数量 (千平方m),351313000,電子回路基板 モジュール基板 その他のモジュール基板 (33),0027000101,平成27年1月
16,01000800,生産 数量 (千平方m),351313000,電子回路基板 モジュール基板 その他のモジュール基板 (33),0027000202,平成27年2月
20,01000800,生産 数量 (千平方m),351313000,電子回路基板 モジュール基板 その他のモジュール基板 (33),0027000303,平成27年3月
19,01000800,生産 数量 (千平方m),351313000,電子回路基板 モジュール基板 その他のモジュール基板 (33),0027000404,平成27年4月
19,01000800,生産 数量 (千平方m),351313000,電子回路基板 モジュール基板 その他のモジュール基板 (33),0027000505,平成27年5月
19,01000800,生産 数量 (千平方m),351313000,電子回路基板 モジュール基板 その他のモジュール基板 (33),0027000606,平成27年6月
18,01000800,生産 数量 (千平方m),351313000,電子回路基板 モジュール基板 その他のモジュール基板 (33),0027000707,平成27年7月
14,01000800,生産 数量 (千平方m),351313000,電子回路基板 モジュール基板 その他のモジュール基板 (33),0027000808,平成27年8月
17,01000800,生産 数量 (千平方m),351313000,電子回路基板 モジュール基板 その他のモジュール基板 (33),0027000909,平成27年9月
17,01000800,生産 数量 (千平方m),351313000,電子回路基板 モジュール基板 その他のモジュール基板 (33),0027001010,平成27年10月
13,01000800,生産 数量 (千平方m),351313000,電子回路基板 モジュール基板 その他のモジュール基板 (33),0027001111,平成27年11月
12,01000800,生産 数量 (千平方m),351313000,電子回路基板 モジュール基板 その他のモジュール基板 (33),0027001212,平成27年12月
331110,01000800,生産 数量 (千平方m),351331000,メモリ部品 磁気テープ (38～39),0023000000,平成23年
389936,01000800,生産 数量 (千平方m),351331000,メモリ部品 磁気テープ (38～39),0024000000,平成24年
311243,01000800,生産 数量 (千平方m),351331000,メモリ部品 磁気テープ (38～39),0025000000,平成25年
296159,01000800,生産 数量 (千平方m),351331000,メモリ部品 磁気テープ (38～39),0026000000,平成26年
269644,01000800,生産 数量 (千平方m),351331000,メモリ部品 磁気テープ (38～39),0027000000,平成27年
291277,01000800,生産 数量 (千平方m),351331000,メモリ部品 磁気テープ (38～39),0025010000,平成25年度
298885,01000800,生産 数量 (千平方m),351331000,メモリ部品 磁気テープ (38～39),0026010000,平成26年度
71574,01000800,生産 数量 (千平方m),351331000,メモリ部品 磁気テープ (38～39),0027000103,平成27年 1 ～ 3 月
74379,01000800,生産 数量 (千平方m),351331000,メモリ部品 磁気テープ (38～39),0027000406,平成27年 4 ～ 6 月
65983,01000800,生産 数量 (千平方m),351331000,メモリ部品 磁気テープ (38～39),0027000709,平成27年 7 ～ 9 月
57708,01000800,生産 数量 (千平方m),351331000,メモリ部品 磁気テープ (38～39),0027001012,平成27年 10 ～ 12 月
24466,01000800,生産 数量 (千平方m),351331000,メモリ部品 磁気テープ (38～39),0027000101,平成27年1月
26472,01000800,生産 数量 (千平方m),351331000,メモリ部品 磁気テープ (38～39),0027000202,平成27年2月
20636,01000800,生産 数量 (千平方m),351331000,メモリ部品 磁気テープ (38～39),0027000303,平成27年3月
25997,01000800,生産 数量 (千平方m),351331000,メモリ部品 磁気テープ (38～39),0027000404,平成27年4月
21880,01000800,生産 数量 (千平方m),351331000,メモリ部品 磁気テープ (38～39),0027000505,平成27年5月
26502,01000800,生産 数量 (千平方m),351331000,メモリ部品 磁気テープ (38～39),0027000606,平成27年6月
26790,01000800,生産 数量 (千平方m),351331000,メモリ部品 磁気テープ (38～39),0027000707,平成27年7月
15741,01000800,生産 数量 (千平方m),351331000,メモリ部品 磁気テープ (38～39),0027000808,平成27年8月
23452,01000800,生産 数量 (千平方m),351331000,メモリ部品 磁気テープ (38～39),0027000909,平成27年9月
21891,01000800,生産 数量 (千平方m),351331000,メモリ部品 磁気テープ (38～39),0027001010,平成27年10月
20283,01000800,生産 数量 (千平方m),351331000,メモリ部品 磁気テープ (38～39),0027001111,平成27年11月
15534,01000800,生産 数量 (千平方m),351331000,メモリ部品 磁気テープ (38～39),0027001212,平成27年12月
124406,01000800,生産 数量 (千平方m),351332000,メモリ部品 磁気テープ 磁気録音・録画テープ (38),0023000000,平成23年
171697,01000800,生産 数量 (千平方m),351332000,メモリ部品 磁気テープ 磁気録音・録画テープ (38),0024000000,平成24年
137976,01000800,生産 数量 (千平方m),351332000,メモリ部品 磁気テープ 磁気録音・録画テープ (38),0025000000,平成25年
132596,01000800,生産 数量 (千平方m),351332000,メモリ部品 磁気テープ 磁気録音・録画テープ (38),0026000000,平成26年
115566,01000800,生産 数量 (千平方m),351332000,メモリ部品 磁気テープ 磁気録音・録画テープ (38),0027000000,平成27年
131182,01000800,生産 数量 (千平方m),351332000,メモリ部品 磁気テープ 磁気録音・録画テープ (38),0025010000,平成25年度
127251,01000800,生産 数量 (千平方m),351332000,メモリ部品 磁気テープ 磁気録音・録画テープ (38),0026010000,平成26年度
31211,01000800,生産 数量 (千平方m),351332000,メモリ部品 磁気テープ 磁気録音・録画テープ (38),0027000103,平成27年 1 ～ 3 月
31705,01000800,生産 数量 (千平方m),351332000,メモリ部品 磁気テープ 磁気録音・録画テープ (38),0027000406,平成27年 4 ～ 6 月
31041,01000800,生産 数量 (千平方m),351332000,メモリ部品 磁気テープ 磁気録音・録画テープ (38),0027000709,平成27年 7 ～ 9 月
21609,01000800,生産 数量 (千平方m),351332000,メモリ部品 磁気テープ 磁気録音・録画テープ (38),0027001012,平成27年 10 ～ 12 月
10396,01000800,生産 数量 (千平方m),351332000,メモリ部品 磁気テープ 磁気録音・録画テープ (38),0027000101,平成27年1月
11206,01000800,生産 数量 (千平方m),351332000,メモリ部品 磁気テープ 磁気録音・録画テープ (38),0027000202,平成27年2月
9609,01000800,生産 数量 (千平方m),351332000,メモリ部品 磁気テープ 磁気録音・録画テープ (38),0027000303,平成27年3月
11528,01000800,生産 数量 (千平方m),351332000,メモリ部品 磁気テープ 磁気録音・録画テープ (38),0027000404,平成27年4月
9416,01000800,生産 数量 (千平方m),351332000,メモリ部品 磁気テープ 磁気録音・録画テープ (38),0027000505,平成27年5月
10761,01000800,生産 数量 (千平方m),351332000,メモリ部品 磁気テープ 磁気録音・録画テープ (38),0027000606,平成27年6月
12728,01000800,生産 数量 (千平方m),351332000,メモリ部品 磁気テープ 磁気録音・録画テープ (38),0027000707,平成27年7月
7259,01000800,生産 数量 (千平方m),351332000,メモリ部品 磁気テープ 磁気録音・録画テープ (38),0027000808,平成27年8月
11054,01000800,生産 数量 (千平方m),351332000,メモリ部品 磁気テープ 磁気録音・録画テープ (38),0027000909,平成27年9月
9297,01000800,生産 数量 (千平方m),351332000,メモリ部品 磁気テープ 磁気録音・録画テープ (38),0027001010,平成27年10月
7523,01000800,生産 数量 (千平方m),351332000,メモリ部品 磁気テープ 磁気録音・録画テープ (38),0027001111,平成27年11月
4789,01000800,生産 数量 (千平方m),351332000,メモリ部品 磁気テープ 磁気録音・録画テープ (38),0027001212,平成27年12月
206704,01000800,生産 数量 (千平方m),351400000,メモリ部品 磁気テープ その他の磁気テープ (39),0023000000,平成23年
218239,01000800,生産 数量 (千平方m),351400000,メモリ部品 磁気テープ その他の磁気テープ (39),0024000000,平成24年
173267,01000800,生産 数量 (千平方m),351400000,メモリ部品 磁気テープ その他の磁気テープ (39),0025000000,平成25年
163563,01000800,生産 数量 (千平方m),351400000,メモリ部品 磁気テープ その他の磁気テープ (39),0026000000,平成26年
154078,01000800,生産 数量 (千平方m),351400000,メモリ部品 磁気テープ その他の磁気テープ (39),0027000000,平成27年
160095,01000800,生産 数量 (千平方m),351400000,メモリ部品 磁気テープ その他の磁気テープ (39),0025010000,平成25年度
171634,01000800,生産 数量 (千平方m),351400000,メモリ部品 磁気テープ その他の磁気テープ (39),0026010000,平成26年度
40363,01000800,生産 数量 (千平方m),351400000,メモリ部品 磁気テープ その他の磁気テープ (39),0027000103,平成27年 1 ～ 3 月
42674,01000800,生産 数量 (千平方m),351400000,メモリ部品 磁気テープ その他の磁気テープ (39),0027000406,平成27年 4 ～ 6 月
34942,01000800,生産 数量 (千平方m),351400000,メモリ部品 磁気テープ その他の磁気テープ (39),0027000709,平成27年 7 ～ 9 月
36099,01000800,生産 数量 (千平方m),351400000,メモリ部品 磁気テープ その他の磁気テープ (39),0027001012,平成27年 10 ～ 12 月
14070,01000800,生産 数量 (千平方m),351400000,メモリ部品 磁気テープ その他の磁気テープ (39),0027000101,平成27年1月
15266,01000800,生産 数量 (千平方m),351400000,メモリ部品 磁気テープ その他の磁気テープ (39),0027000202,平成27年2月
11027,01000800,生産 数量 (千平方m),351400000,メモリ部品 磁気テープ その他の磁気テープ (39),0027000303,平成27年3月
14469,01000800,生産 数量 (千平方m),351400000,メモリ部品 磁気テープ その他の磁気テープ (39),0027000404,平成27年4月
12464,01000800,生産 数量 (千平方m),351400000,メモリ部品 磁気テープ その他の磁気テープ (39),0027000505,平成27年5月
15741,01000800,生産 数量 (千平方m),351400000,メモリ部品 磁気テープ その他の磁気テープ (39),0027000606,平成27年6月
14062,01000800,生産 数量 (千平方m),351400000,メモリ部品 磁気テープ その他の磁気テープ (39),0027000707,平成27年7月
8482,01000800,生産 数量 (千平方m),351400000,メモリ部品 磁気テープ その他の磁気テープ (39),0027000808,平成27年8月
12398,01000800,生産 数量 (千平方m),351400000,メモリ部品 磁気テープ その他の磁気テープ (39),0027000909,平成27年9月
12594,01000800,生産 数量 (千平方m),351400000,メモリ部品 磁気テープ その他の磁気テープ (39),0027001010,平成27年10月
12760,01000800,生産 数量 (千平方m),351400000,メモリ部品 磁気テープ その他の磁気テープ (39),0027001111,平成27年11月
10745,01000800,生産 数量 (千平方m),351400000,メモリ部品 磁気テープ その他の磁気テープ (39),0027001212,平成27年12月
684924,01000910,生産 数量 (千枚),351500000,メモリ部品 光ディスク (40),0023000000,平成23年
616503,01000910,生産 数量 (千枚),351500000,メモリ部品 光ディスク (40),0024000000,平成24年
471774,01000910,生産 数量 (千枚),351500000,メモリ部品 光ディスク (40),0025000000,平成25年
412771,01000910,生産 数量 (千枚),351500000,メモリ部品 光ディスク (40),0026000000,平成26年
357502,01000910,生産 数量 (千枚),351500000,メモリ部品 光ディスク (40),0027000000,平成27年
445985,01000910,生産 数量 (千枚),351500000,メモリ部品 光ディスク (40),0025010000,平成25年度
402011,01000910,生産 数量 (千枚),351500000,メモリ部品 光ディスク (40),0026010000,平成26年度
96048,01000910,生産 数量 (千枚),351500000,メモリ部品 光ディスク (40),0027000103,平成27年 1 ～ 3 月
83687,01000910,生産 数量 (千枚),351500000,メモリ部品 光ディスク (40),0027000406,平成27年 4 ～ 6 月
83267,01000910,生産 数量 (千枚),351500000,メモリ部品 光ディスク (40),0027000709,平成27年 7 ～ 9 月
94500,01000910,生産 数量 (千枚),351500000,メモリ部品 光ディスク (40),0027001012,平成27年 10 ～ 12 月
27895,01000910,生産 数量 (千枚),351500000,メモリ部品 光ディスク (40),0027000101,平成27年1月
29841,01000910,生産 数量 (千枚),351500000,メモリ部品 光ディスク (40),0027000202,平成27年2月
38312,01000910,生産 数量 (千枚),351500000,メモリ部品 光ディスク (40),0027000303,平成27年3月
28412,01000910,生産 数量 (千枚),351500000,メモリ部品 光ディスク (40),0027000404,平成27年4月
27834,01000910,生産 数量 (千枚),351500000,メモリ部品 光ディスク (40),0027000505,平成27年5月
27441,01000910,生産 数量 (千枚),351500000,メモリ部品 光ディスク (40),0027000606,平成27年6月
26420,01000910,生産 数量 (千枚),351500000,メモリ部品 光ディスク (40),0027000707,平成27年7月
27709,01000910,生産 数量 (千枚),351500000,メモリ部品 光ディスク (40),0027000808,平成27年8月
29138,01000910,生産 数量 (千枚),351500000,メモリ部品 光ディスク (40),0027000909,平成27年9月
32494,01000910,生産 数量 (千枚),351500000,メモリ部品 光ディスク (40),0027001010,平成27年10月
31079,01000910,生産 数量 (千枚),351500000,メモリ部品 光ディスク (40),0027001111,平成27年11月
30927,01000910,生産 数量 (千枚),351500000,メモリ部品 光ディスク (40),0027001212,平成27年12月
2120655,01030100,生産 金額 (百万円),351000000,電子部品 (1～41),0023000000,平成23年
2152283,01030100,生産 金額 (百万円),351000000,電子部品 (1～41),0024000000,平成24年
2040557,01030100,生産 金額 (百万円),351000000,電子部品 (1～41),0025000000,平成25年
2124931,01030100,生産 金額 (百万円),351000000,電子部品 (1～41),0026000000,平成26年
2374033,01030100,生産 金額 (百万円),351000000,電子部品 (1～41),0027000000,平成27年
2061307,01030100,生産 金額 (百万円),351000000,電子部品 (1～41),0025010000,平成25年度
2191062,01030100,生産 金額 (百万円),351000000,電子部品 (1～41),0026010000,平成26年度
548459,01030100,生産 金額 (百万円),351000000,電子部品 (1～41),0027000103,平成27年 1 ～ 3 月
572808,01030100,生産 金額 (百万円),351000000,電子部品 (1～41),0027000406,平成27年 4 ～ 6 月
640422,01030100,生産 金額 (百万円),351000000,電子部品 (1～41),0027000709,平成27年 7 ～ 9 月
612344,01030100,生産 金額 (百万円),351000000,電子部品 (1～41),0027001012,平成27年 10 ～ 12 月
182473,01030100,生産 金額 (百万円),351000000,電子部品 (1～41),0027000101,平成27年1月
176910,01030100,生産 金額 (百万円),351000000,電子部品 (1～41),0027000202,平成27年2月
189076,01030100,生産 金額 (百万円),351000000,電子部品 (1～41),0027000303,平成27年3月
195811,01030100,生産 金額 (百万円),351000000,電子部品 (1～41),0027000404,平成27年4月
175439,01030100,生産 金額 (百万円),351000000,電子部品 (1～41),0027000505,平成27年5月
201558,01030100,生産 金額 (百万円),351000000,電子部品 (1～41),0027000606,平成27年6月
214568,01030100,生産 金額 (百万円),351000000,電子部品 (1～41),0027000707,平成27年7月
197099,01030100,生産 金額 (百万円),351000000,電子部品 (1～41),0027000808,平成27年8月
228755,01030100,生産 金額 (百万円),351000000,電子部品 (1～41),0027000909,平成27年9月
223364,01030100,生産 金額 (百万円),351000000,電子部品 (1～41),0027001010,平成27年10月
200495,01030100,生産 金額 (百万円),351000000,電子部品 (1～41),0027001111,平成27年11月
188485,01030100,生産 金額 (百万円),351000000,電子部品 (1～41),0027001212,平成27年12月
799489,01030100,生産 金額 (百万円),351100000,受動部品 (1～16),0023000000,平成23年
738297,01030100,生産 金額 (百万円),351100000,受動部品 (1～16),0024000000,平成24年
773615,01030100,生産 金額 (百万円),351100000,受動部品 (1～16),0025000000,平成25年
870809,01030100,生産 金額 (百万円),351100000,受動部品 (1～16),0026000000,平成26年
1061221,01030100,生産 金額 (百万円),351100000,受動部品 (1～16),0027000000,平成27年
794510,01030100,生産 金額 (百万円),351100000,受動部品 (1～16),0025010000,平成25年度
915762,01030100,生産 金額 (百万円),351100000,受動部品 (1～16),0026010000,平成26年度
233328,01030100,生産 金額 (百万円),351100000,受動部品 (1～16),0027000103,平成27年 1 ～ 3 月
245812,01030100,生産 金額 (百万円),351100000,受動部品 (1～16),0027000406,平成27年 4 ～ 6 月
297964,01030100,生産 金額 (百万円),351100000,受動部品 (1～16),0027000709,平成27年 7 ～ 9 月
284117,01030100,生産 金額 (百万円),351100000,受動部品 (1～16),0027001012,平成27年 10 ～ 12 月
77600,01030100,生産 金額 (百万円),351100000,受動部品 (1～16),0027000101,平成27年1月
73073,01030100,生産 金額 (百万円),351100000,受動部品 (1～16),0027000202,平成27年2月
82655,01030100,生産 金額 (百万円),351100000,受動部品 (1～16),0027000303,平成27年3月
86555,01030100,生産 金額 (百万円),351100000,受動部品 (1～16),0027000404,平成27年4月
74005,01030100,生産 金額 (百万円),351100000,受動部品 (1～16),0027000505,平成27年5月
85252,01030100,生産 金額 (百万円),351100000,受動部品 (1～16),0027000606,平成27年6月
95688,01030100,生産 金額 (百万円),351100000,受動部品 (1～16),0027000707,平成27年7月
91442,01030100,生産 金額 (百万円),351100000,受動部品 (1～16),0027000808,平成27年8月
110834,01030100,生産 金額 (百万円),351100000,受動部品 (1～16),0027000909,平成27年9月
107032,01030100,生産 金額 (百万円),351100000,受動部品 (1～16),0027001010,平成27年10月
92054,01030100,生産 金額 (百万円),351100000,受動部品 (1～16),0027001111,平成27年11月
85031,01030100,生産 金額 (百万円),351100000,受動部品 (1～16),0027001212,平成27年12月
94006,01030100,生産 金額 (百万円),351110000,受動部品 抵抗器 (1～6),0023000000,平成23年
88854,01030100,生産 金額 (百万円),351110000,受動部品 抵抗器 (1～6),0024000000,平成24年
89979,01030100,生産 金額 (百万円),351110000,受動部品 抵抗器 (1～6),0025000000,平成25年
91263,01030100,生産 金額 (百万円),351110000,受動部品 抵抗器 (1～6),0026000000,平成26年
90956,01030100,生産 金額 (百万円),351110000,受動部品 抵抗器 (1～6),0027000000,平成27年
92323,01030100,生産 金額 (百万円),351110000,受動部品 抵抗器 (1～6),0025010000,平成25年度
92271,01030100,生産 金額 (百万円),351110000,受動部品 抵抗器 (1～6),0026010000,平成26年度
22502,01030100,生産 金額 (百万円),351110000,受動部品 抵抗器 (1～6),0027000103,平成27年 1 ～ 3 月
23302,01030100,生産 金額 (百万円),351110000,受動部品 抵抗器 (1～6),0027000406,平成27年 4 ～ 6 月
22663,01030100,生産 金額 (百万円),351110000,受動部品 抵抗器 (1～6),0027000709,平成27年 7 ～ 9 月
22489,01030100,生産 金額 (百万円),351110000,受動部品 抵抗器 (1～6),0027001012,平成27年 10 ～ 12 月
7509,01030100,生産 金額 (百万円),351110000,受動部品 抵抗器 (1～6),0027000101,平成27年1月
7302,01030100,生産 金額 (百万円),351110000,受動部品 抵抗器 (1～6),0027000202,平成27年2月
7691,01030100,生産 金額 (百万円),351110000,受動部品 抵抗器 (1～6),0027000303,平成27年3月
7900,01030100,生産 金額 (百万円),351110000,受動部品 抵抗器 (1～6),0027000404,平成27年4月
7331,01030100,生産 金額 (百万円),351110000,受動部品 抵抗器 (1～6),0027000505,平成27年5月
8071,01030100,生産 金額 (百万円),351110000,受動部品 抵抗器 (1～6),0027000606,平成27年6月
8064,01030100,生産 金額 (百万円),351110000,受動部品 抵抗器 (1～6),0027000707,平成27年7月
6990,01030100,生産 金額 (百万円),351110000,受動部品 抵抗器 (1～6),0027000808,平成27年8月
7609,01030100,生産 金額 (百万円),351110000,受動部品 抵抗器 (1～6),0027000909,平成27年9月
7891,01030100,生産 金額 (百万円),351110000,受動部品 抵抗器 (1～6),0027001010,平成27年10月
7226,01030100,生産 金額 (百万円),351110000,受動部品 抵抗器 (1～6),0027001111,平成27年11月
7372,01030100,生産 金額 (百万円),351110000,受動部品 抵抗器 (1～6),0027001212,平成27年12月
26950,01030100,生産 金額 (百万円),351111000,受動部品 抵抗器 可変抵抗器 (1～3),0023000000,平成23年
29330,01030100,生産 金額 (百万円),351111000,受動部品 抵抗器 可変抵抗器 (1～3),0024000000,平成24年
29110,01030100,生産 金額 (百万円),351111000,受動部品 抵抗器 可変抵抗器 (1～3),0025000000,平成25年
27510,01030100,生産 金額 (百万円),351111000,受動部品 抵抗器 可変抵抗器 (1～3),0026000000,平成26年
27238,01030100,生産 金額 (百万円),351111000,受動部品 抵抗器 可変抵抗器 (1～3),0027000000,平成27年
29558,01030100,生産 金額 (百万円),351111000,受動部品 抵抗器 可変抵抗器 (1～3),0025010000,平成25年度
27753,01030100,生産 金額 (百万円),351111000,受動部品 抵抗器 可変抵抗器 (1～3),0026010000,平成26年度
6655,01030100,生産 金額 (百万円),351111000,受動部品 抵抗器 可変抵抗器 (1～3),0027000103,平成27年 1 ～ 3 月
6845,01030100,生産 金額 (百万円),351111000,受動部品 抵抗器 可変抵抗器 (1～3),0027000406,平成27年 4 ～ 6 月
6924,01030100,生産 金額 (百万円),351111000,受動部品 抵抗器 可変抵抗器 (1～3),0027000709,平成27年 7 ～ 9 月
6814,01030100,生産 金額 (百万円),351111000,受動部品 抵抗器 可変抵抗器 (1～3),0027001012,平成27年 10 ～ 12 月
2317,01030100,生産 金額 (百万円),351111000,受動部品 抵抗器 可変抵抗器 (1～3),0027000101,平成27年1月
2094,01030100,生産 金額 (百万円),351111000,受動部品 抵抗器 可変抵抗器 (1～3),0027000202,平成27年2月
2244,01030100,生産 金額 (百万円),351111000,受動部品 抵抗器 可変抵抗器 (1～3),0027000303,平成27年3月
2251,01030100,生産 金額 (百万円),351111000,受動部品 抵抗器 可変抵抗器 (1～3),0027000404,平成27年4月
2127,01030100,生産 金額 (百万円),351111000,受動部品 抵抗器 可変抵抗器 (1～3),0027000505,平成27年5月
2467,01030100,生産 金額 (百万円),351111000,受動部品 抵抗器 可変抵抗器 (1～3),0027000606,平成27年6月
2544,01030100,生産 金額 (百万円),351111000,受動部品 抵抗器 可変抵抗器 (1～3),0027000707,平成27年7月
2025,01030100,生産 金額 (百万円),351111000,受動部品 抵抗器 可変抵抗器 (1～3),0027000808,平成27年8月
2355,01030100,生産 金額 (百万円),351111000,受動部品 抵抗器 可変抵抗器 (1～3),0027000909,平成27年9月
2456,01030100,生産 金額 (百万円),351111000,受動部品 抵抗器 可変抵抗器 (1～3),0027001010,平成27年10月
2146,01030100,生産 金額 (百万円),351111000,受動部品 抵抗器 可変抵抗器 (1～3),0027001111,平成27年11月
2212,01030100,生産 金額 (百万円),351111000,受動部品 抵抗器 可変抵抗器 (1～3),0027001212,平成27年12月
6325,01030100,生産 金額 (百万円),351111100,受動部品 抵抗器 可変抵抗器 半固定抵抗器 (1),0023000000,平成23年
5373,01030100,生産 金額 (百万円),351111100,受動部品 抵抗器 可変抵抗器 半固定抵抗器 (1),0024000000,平成24年
5024,01030100,生産 金額 (百万円),351111100,受動部品 抵抗器 可変抵抗器 半固定抵抗器 (1),0025000000,平成25年
4630,01030100,生産 金額 (百万円),351111100,受動部品 抵抗器 可変抵抗器 半固定抵抗器 (1),0026000000,平成26年
3835,01030100,生産 金額 (百万円),351111100,受動部品 抵抗器 可変抵抗器 半固定抵抗器 (1),0027000000,平成27年
4942,01030100,生産 金額 (百万円),351111100,受動部品 抵抗器 可変抵抗器 半固定抵抗器 (1),0025010000,平成25年度
4695,01030100,生産 金額 (百万円),351111100,受動部品 抵抗器 可変抵抗器 半固定抵抗器 (1),0026010000,平成26年度
998,01030100,生産 金額 (百万円),351111100,受動部品 抵抗器 可変抵抗器 半固定抵抗器 (1),0027000103,平成27年 1 ～ 3 月
1009,01030100,生産 金額 (百万円),351111100,受動部品 抵抗器 可変抵抗器 半固定抵抗器 (1),0027000406,平成27年 4 ～ 6 月
915,01030100,生産 金額 (百万円),351111100,受動部品 抵抗器 可変抵抗器 半固定抵抗器 (1),0027000709,平成27年 7 ～ 9 月
913,01030100,生産 金額 (百万円),351111100,受動部品 抵抗器 可変抵抗器 半固定抵抗器 (1),0027001012,平成27年 10 ～ 12 月
381,01030100,生産 金額 (百万円),351111100,受動部品 抵抗器 可変抵抗器 半固定抵抗器 (1),0027000101,平成27年1月
325,01030100,生産 金額 (百万円),351111100,受動部品 抵抗器 可変抵抗器 半固定抵抗器 (1),0027000202,平成27年2月
292,01030100,生産 金額 (百万円),351111100,受動部品 抵抗器 可変抵抗器 半固定抵抗器 (1),0027000303,平成27年3月
339,01030100,生産 金額 (百万円),351111100,受動部品 抵抗器 可変抵抗器 半固定抵抗器 (1),0027000404,平成27年4月
325,01030100,生産 金額 (百万円),351111100,受動部品 抵抗器 可変抵抗器 半固定抵抗器 (1),0027000505,平成27年5月
345,01030100,生産 金額 (百万円),351111100,受動部品 抵抗器 可変抵抗器 半固定抵抗器 (1),0027000606,平成27年6月
328,01030100,生産 金額 (百万円),351111100,受動部品 抵抗器 可変抵抗器 半固定抵抗器 (1),0027000707,平成27年7月
275,01030100,生産 金額 (百万円),351111100,受動部品 抵抗器 可変抵抗器 半固定抵抗器 (1),0027000808,平成27年8月
312,01030100,生産 金額 (百万円),351111100,受動部品 抵抗器 可変抵抗器 半固定抵抗器 (1),0027000909,平成27年9月
314,01030100,生産 金額 (百万円),351111100,受動部品 抵抗器 可変抵抗器 半固定抵抗器 (1),0027001010,平成27年10月
284,01030100,生産 金額 (百万円),351111100,受動部品 抵抗器 可変抵抗器 半固定抵抗器 (1),0027001111,平成27年11月
315,01030100,生産 金額 (百万円),351111100,受動部品 抵抗器 可変抵抗器 半固定抵抗器 (1),0027001212,平成27年12月
11471,01030100,生産 金額 (百万円),351111200,受動部品 抵抗器 可変抵抗器 炭素系可変抵抗器(半固定を除く) (2),0023000000,平成23年
17329,01030100,生産 金額 (百万円),351111200,受動部品 抵抗器 可変抵抗器 炭素系可変抵抗器(半固定を除く) (2),0024000000,平成24年
18714,01030100,生産 金額 (百万円),351111200,受動部品 抵抗器 可変抵抗器 炭素系可変抵抗器(半固定を除く) (2),0025000000,平成25年
17734,01030100,生産 金額 (百万円),351111200,受動部品 抵抗器 可変抵抗器 炭素系可変抵抗器(半固定を除く) (2),0026000000,平成26年
18387,01030100,生産 金額 (百万円),351111200,受動部品 抵抗器 可変抵抗器 炭素系可変抵抗器(半固定を除く) (2),0027000000,平成27年
19388,01030100,生産 金額 (百万円),351111200,受動部品 抵抗器 可変抵抗器 炭素系可変抵抗器(半固定を除く) (2),0025010000,平成25年度
17880,01030100,生産 金額 (百万円),351111200,受動部品 抵抗器 可変抵抗器 炭素系可変抵抗器(半固定を除く) (2),0026010000,平成26年度
4333,01030100,生産 金額 (百万円),351111200,受動部品 抵抗器 可変抵抗器 炭素系可変抵抗器(半固定を除く) (2),0027000103,平成27年 1 ～ 3 月
4544,01030100,生産 金額 (百万円),351111200,受動部品 抵抗器 可変抵抗器 炭素系可変抵抗器(半固定を除く) (2),0027000406,平成27年 4 ～ 6 月
4816,01030100,生産 金額 (百万円),351111200,受動部品 抵抗器 可変抵抗器 炭素系可変抵抗器(半固定を除く) (2),0027000709,平成27年 7 ～ 9 月
4694,01030100,生産 金額 (百万円),351111200,受動部品 抵抗器 可変抵抗器 炭素系可変抵抗器(半固定を除く) (2),0027001012,平成27年 10 ～ 12 月
1510,01030100,生産 金額 (百万円),351111200,受動部品 抵抗器 可変抵抗器 炭素系可変抵抗器(半固定を除く) (2),0027000101,平成27年1月
1344,01030100,生産 金額 (百万円),351111200,受動部品 抵抗器 可変抵抗器 炭素系可変抵抗器(半固定を除く) (2),0027000202,平成27年2月
1479,01030100,生産 金額 (百万円),351111200,受動部品 抵抗器 可変抵抗器 炭素系可変抵抗器(半固定を除く) (2),0027000303,平成27年3月
1458,01030100,生産 金額 (百万円),351111200,受動部品 抵抗器 可変抵抗器 炭素系可変抵抗器(半固定を除く) (2),0027000404,平成27年4月
1417,01030100,生産 金額 (百万円),351111200,受動部品 抵抗器 可変抵抗器 炭素系可変抵抗器(半固定を除く) (2),0027000505,平成27年5月
1669,01030100,生産 金額 (百万円),351111200,受動部品 抵抗器 可変抵抗器 炭素系可変抵抗器(半固定を除く) (2),0027000606,平成27年6月
1794,01030100,生産 金額 (百万円),351111200,受動部品 抵抗器 可変抵抗器 炭素系可変抵抗器(半固定を除く) (2),0027000707,平成27年7月
1390,01030100,生産 金額 (百万円),351111200,受動部品 抵抗器 可変抵抗器 炭素系可変抵抗器(半固定を除く) (2),0027000808,平成27年8月
1632,01030100,生産 金額 (百万円),351111200,受動部品 抵抗器 可変抵抗器 炭素系可変抵抗器(半固定を除く) (2),0027000909,平成27年9月
1733,01030100,生産 金額 (百万円),351111200,受動部品 抵抗器 可変抵抗器 炭素系可変抵抗器(半固定を除く) (2),0027001010,平成27年10月
1465,01030100,生産 金額 (百万円),351111200,受動部品 抵抗器 可変抵抗器 炭素系可変抵抗器(半固定を除く) (2),0027001111,平成27年11月
1496,01030100,生産 金額 (百万円),351111200,受動部品 抵抗器 可変抵抗器 炭素系可変抵抗器(半固定を除く) (2),0027001212,平成27年12月
9154,01030100,生産 金額 (百万円),351111300,受動部品 抵抗器 可変抵抗器 その他の可変抵抗器 (3),0023000000,平成23年
6628,01030100,生産 金額 (百万円),351111300,受動部品 抵抗器 可変抵抗器 その他の可変抵抗器 (3),0024000000,平成24年
5372,01030100,生産 金額 (百万円),351111300,受動部品 抵抗器 可変抵抗器 その他の可変抵抗器 (3),0025000000,平成25年
5146,01030100,生産 金額 (百万円),351111300,受動部品 抵抗器 可変抵抗器 その他の可変抵抗器 (3),0026000000,平成26年
5016,01030100,生産 金額 (百万円),351111300,受動部品 抵抗器 可変抵抗器 その他の可変抵抗器 (3),0027000000,平成27年
5228,01030100,生産 金額 (百万円),351111300,受動部品 抵抗器 可変抵抗器 その他の可変抵抗器 (3),0025010000,平成25年度
5178,01030100,生産 金額 (百万円),351111300,受動部品 抵抗器 可変抵抗器 その他の可変抵抗器 (3),0026010000,平成26年度
1324,01030100,生産 金額 (百万円),351111300,受動部品 抵抗器 可変抵抗器 その他の可変抵抗器 (3),0027000103,平成27年 1 ～ 3 月
1292,01030100,生産 金額 (百万円),351111300,受動部品 抵抗器 可変抵抗器 その他の可変抵抗器 (3),0027000406,平成27年 4 ～ 6 月
1193,01030100,生産 金額 (百万円),351111300,受動部品 抵抗器 可変抵抗器 その他の可変抵抗器 (3),0027000709,平成27年 7 ～ 9 月
1207,01030100,生産 金額 (百万円),351111300,受動部品 抵抗器 可変抵抗器 その他の可変抵抗器 (3),0027001012,平成27年 10 ～ 12 月
426,01030100,生産 金額 (百万円),351111300,受動部品 抵抗器 可変抵抗器 その他の可変抵抗器 (3),0027000101,平成27年1月
425,01030100,生産 金額 (百万円),351111300,受動部品 抵抗器 可変抵抗器 その他の可変抵抗器 (3),0027000202,平成27年2月
473,01030100,生産 金額 (百万円),351111300,受動部品 抵抗器 可変抵抗器 その他の可変抵抗器 (3),0027000303,平成27年3月
454,01030100,生産 金額 (百万円),351111300,受動部品 抵抗器 可変抵抗器 その他の可変抵抗器 (3),0027000404,平成27年4月
385,01030100,生産 金額 (百万円),351111300,受動部品 抵抗器 可変抵抗器 その他の可変抵抗器 (3),0027000505,平成27年5月
453,01030100,生産 金額 (百万円),351111300,受動部品 抵抗器 可変抵抗器 その他の可変抵抗器 (3),0027000606,平成27年6月
422,01030100,生産 金額 (百万円),351111300,受動部品 抵抗器 可変抵抗器 その他の可変抵抗器 (3),0027000707,平成27年7月
360,01030100,生産 金額 (百万円),351111300,受動部品 抵抗器 可変抵抗器 その他の可変抵抗器 (3),0027000808,平成27年8月
411,01030100,生産 金額 (百万円),351111300,受動部品 抵抗器 可変抵抗器 その他の可変抵抗器 (3),0027000909,平成27年9月
409,01030100,生産 金額 (百万円),351111300,受動部品 抵抗器 可変抵抗器 その他の可変抵抗器 (3),0027001010,平成27年10月
397,01030100,生産 金額 (百万円),351111300,受動部品 抵抗器 可変抵抗器 その他の可変抵抗器 (3),0027001111,平成27年11月
401,01030100,生産 金額 (百万円),351111300,受動部品 抵抗器 可変抵抗器 その他の可変抵抗器 (3),0027001212,平成27年12月
67056,01030100,生産 金額 (百万円),351112000,受動部品 抵抗器 固定抵抗器 (4～6),0023000000,平成23年
59524,01030100,生産 金額 (百万円),351112000,受動部品 抵抗器 固定抵抗器 (4～6),0024000000,平成24年
60869,01030100,生産 金額 (百万円),351112000,受動部品 抵抗器 固定抵抗器 (4～6),0025000000,平成25年
63753,01030100,生産 金額 (百万円),351112000,受動部品 抵抗器 固定抵抗器 (4～6),0026000000,平成26年
63718,01030100,生産 金額 (百万円),351112000,受動部品 抵抗器 固定抵抗器 (4～6),0027000000,平成27年
62765,01030100,生産 金額 (百万円),351112000,受動部品 抵抗器 固定抵抗器 (4～6),0025010000,平成25年度
64518,01030100,生産 金額 (百万円),351112000,受動部品 抵抗器 固定抵抗器 (4～6),0026010000,平成26年度
15847,01030100,生産 金額 (百万円),351112000,受動部品 抵抗器 固定抵抗器 (4～6),0027000103,平成27年 1 ～ 3 月
16457,01030100,生産 金額 (百万円),351112000,受動部品 抵抗器 固定抵抗器 (4～6),0027000406,平成27年 4 ～ 6 月
15739,01030100,生産 金額 (百万円),351112000,受動部品 抵抗器 固定抵抗器 (4～6),0027000709,平成27年 7 ～ 9 月
15675,01030100,生産 金額 (百万円),351112000,受動部品 抵抗器 固定抵抗器 (4～6),0027001012,平成27年 10 ～ 12 月
5192,01030100,生産 金額 (百万円),351112000,受動部品 抵抗器 固定抵抗器 (4～6),0027000101,平成27年1月
5208,01030100,生産 金額 (百万円),351112000,受動部品 抵抗器 固定抵抗器 (4～6),0027000202,平成27年2月
5447,01030100,生産 金額 (百万円),351112000,受動部品 抵抗器 固定抵抗器 (4～6),0027000303,平成27年3月
5649,01030100,生産 金額 (百万円),351112000,受動部品 抵抗器 固定抵抗器 (4～6),0027000404,平成27年4月
5204,01030100,生産 金額 (百万円),351112000,受動部品 抵抗器 固定抵抗器 (4～6),0027000505,平成27年5月
5604,01030100,生産 金額 (百万円),351112000,受動部品 抵抗器 固定抵抗器 (4～6),0027000606,平成27年6月
5520,01030100,生産 金額 (百万円),351112000,受動部品 抵抗器 固定抵抗器 (4～6),0027000707,平成27年7月
4965,01030100,生産 金額 (百万円),351112000,受動部品 抵抗器 固定抵抗器 (4～6),0027000808,平成27年8月
5254,01030100,生産 金額 (百万円),351112000,受動部品 抵抗器 固定抵抗器 (4～6),0027000909,平成27年9月
5435,01030100,生産 金額 (百万円),351112000,受動部品 抵抗器 固定抵抗器 (4～6),0027001010,平成27年10月
5080,01030100,生産 金額 (百万円),351112000,受動部品 抵抗器 固定抵抗器 (4～6),0027001111,平成27年11月
5160,01030100,生産 金額 (百万円),351112000,受動部品 抵抗器 固定抵抗器 (4～6),0027001212,平成27年12月
8258,01030100,生産 金額 (百万円),351112010,受動部品 抵抗器 固定抵抗器 ネットワーク抵抗器 (4),0023000000,平成23年
6992,01030100,生産 金額 (百万円),351112010,受動部品 抵抗器 固定抵抗器 ネットワーク抵抗器 (4),0024000000,平成24年
7226,01030100,生産 金額 (百万円),351112010,受動部品 抵抗器 固定抵抗器 ネットワーク抵抗器 (4),0025000000,平成25年
8529,01030100,生産 金額 (百万円),351112010,受動部品 抵抗器 固定抵抗器 ネットワーク抵抗器 (4),0026000000,平成26年
7658,01030100,生産 金額 (百万円),351112010,受動部品 抵抗器 固定抵抗器 ネットワーク抵抗器 (4),0027000000,平成27年
7679,01030100,生産 金額 (百万円),351112010,受動部品 抵抗器 固定抵抗器 ネットワーク抵抗器 (4),0025010000,平成25年度
8584,01030100,生産 金額 (百万円),351112010,受動部品 抵抗器 固定抵抗器 ネットワーク抵抗器 (4),0026010000,平成26年度
1992,01030100,生産 金額 (百万円),351112010,受動部品 抵抗器 固定抵抗器 ネットワーク抵抗器 (4),0027000103,平成27年 1 ～ 3 月
2066,01030100,生産 金額 (百万円),351112010,受動部品 抵抗器 固定抵抗器 ネットワーク抵抗器 (4),0027000406,平成27年 4 ～ 6 月
1802,01030100,生産 金額 (百万円),351112010,受動部品 抵抗器 固定抵抗器 ネットワーク抵抗器 (4),0027000709,平成27年 7 ～ 9 月
1798,01030100,生産 金額 (百万円),351112010,受動部品 抵抗器 固定抵抗器 ネットワーク抵抗器 (4),0027001012,平成27年 10 ～ 12 月
643,01030100,生産 金額 (百万円),351112010,受動部品 抵抗器 固定抵抗器 ネットワーク抵抗器 (4),0027000101,平成27年1月
628,01030100,生産 金額 (百万円),351112010,受動部品 抵抗器 固定抵抗器 ネットワーク抵抗器 (4),0027000202,平成27年2月
721,01030100,生産 金額 (百万円),351112010,受動部品 抵抗器 固定抵抗器 ネットワーク抵抗器 (4),0027000303,平成27年3月
717,01030100,生産 金額 (百万円),351112010,受動部品 抵抗器 固定抵抗器 ネットワーク抵抗器 (4),0027000404,平成27年4月
684,01030100,生産 金額 (百万円),351112010,受動部品 抵抗器 固定抵抗器 ネットワーク抵抗器 (4),0027000505,平成27年5月
665,01030100,生産 金額 (百万円),351112010,受動部品 抵抗器 固定抵抗器 ネットワーク抵抗器 (4),0027000606,平成27年6月
645,01030100,生産 金額 (百万円),351112010,受動部品 抵抗器 固定抵抗器 ネットワーク抵抗器 (4),0027000707,平成27年7月
568,01030100,生産 金額 (百万円),351112010,受動部品 抵抗器 固定抵抗器 ネットワーク抵抗器 (4),0027000808,平成27年8月
589,01030100,生産 金額 (百万円),351112010,受動部品 抵抗器 固定抵抗器 ネットワーク抵抗器 (4),0027000909,平成27年9月
617,01030100,生産 金額 (百万円),351112010,受動部品 抵抗器 固定抵抗器 ネットワーク抵抗器 (4),0027001010,平成27年10月
558,01030100,生産 金額 (百万円),351112010,受動部品 抵抗器 固定抵抗器 ネットワーク抵抗器 (4),0027001111,平成27年11月
623,01030100,生産 金額 (百万円),351112010,受動部品 抵抗器 固定抵抗器 ネットワーク抵抗器 (4),0027001212,平成27年12月
35917,01030100,生産 金額 (百万円),351112020,受動部品 抵抗器 固定抵抗器 チップ抵抗器 (5),0023000000,平成23年
31983,01030100,生産 金額 (百万円),351112020,受動部品 抵抗器 固定抵抗器 チップ抵抗器 (5),0024000000,平成24年
32363,01030100,生産 金額 (百万円),351112020,受動部品 抵抗器 固定抵抗器 チップ抵抗器 (5),0025000000,平成25年
35014,01030100,生産 金額 (百万円),351112020,受動部品 抵抗器 固定抵抗器 チップ抵抗器 (5),0026000000,平成26年
37177,01030100,生産 金額 (百万円),351112020,受動部品 抵抗器 固定抵抗器 チップ抵抗器 (5),0027000000,平成27年
33859,01030100,生産 金額 (百万円),351112020,受動部品 抵抗器 固定抵抗器 チップ抵抗器 (5),0025010000,平成25年度
35791,01030100,生産 金額 (百万円),351112020,受動部品 抵抗器 固定抵抗器 チップ抵抗器 (5),0026010000,平成26年度
9203,01030100,生産 金額 (百万円),351112020,受動部品 抵抗器 固定抵抗器 チップ抵抗器 (5),0027000103,平成27年 1 ～ 3 月
9188,01030100,生産 金額 (百万円),351112020,受動部品 抵抗器 固定抵抗器 チップ抵抗器 (5),0027000406,平成27年 4 ～ 6 月
9400,01030100,生産 金額 (百万円),351112020,受動部品 抵抗器 固定抵抗器 チップ抵抗器 (5),0027000709,平成27年 7 ～ 9 月
9386,01030100,生産 金額 (百万円),351112020,受動部品 抵抗器 固定抵抗器 チップ抵抗器 (5),0027001012,平成27年 10 ～ 12 月
3016,01030100,生産 金額 (百万円),351112020,受動部品 抵抗器 固定抵抗器 チップ抵抗器 (5),0027000101,平成27年1月
3016,01030100,生産 金額 (百万円),351112020,受動部品 抵抗器 固定抵抗器 チップ抵抗器 (5),0027000202,平成27年2月
3171,01030100,生産 金額 (百万円),351112020,受動部品 抵抗器 固定抵抗器 チップ抵抗器 (5),0027000303,平成27年3月
3137,01030100,生産 金額 (百万円),351112020,受動部品 抵抗器 固定抵抗器 チップ抵抗器 (5),0027000404,平成27年4月
2868,01030100,生産 金額 (百万円),351112020,受動部品 抵抗器 固定抵抗器 チップ抵抗器 (5),0027000505,平成27年5月
3183,01030100,生産 金額 (百万円),351112020,受動部品 抵抗器 固定抵抗器 チップ抵抗器 (5),0027000606,平成27年6月
3269,01030100,生産 金額 (百万円),351112020,受動部品 抵抗器 固定抵抗器 チップ抵抗器 (5),0027000707,平成27年7月
3001,01030100,生産 金額 (百万円),351112020,受動部品 抵抗器 固定抵抗器 チップ抵抗器 (5),0027000808,平成27年8月
3130,01030100,生産 金額 (百万円),351112020,受動部品 抵抗器 固定抵抗器 チップ抵抗器 (5),0027000909,平成27年9月
3348,01030100,生産 金額 (百万円),351112020,受動部品 抵抗器 固定抵抗器 チップ抵抗器 (5),0027001010,平成27年10月
3063,01030100,生産 金額 (百万円),351112020,受動部品 抵抗器 固定抵抗器 チップ抵抗器 (5),0027001111,平成27年11月
2975,01030100,生産 金額 (百万円),351112020,受動部品 抵抗器 固定抵抗器 チップ抵抗器 (5),0027001212,平成27年12月
22881,01030100,生産 金額 (百万円),351112100,受動部品 抵抗器 固定抵抗器 その他の固定抵抗器 (6),0023000000,平成23年
20549,01030100,生産 金額 (百万円),351112100,受動部品 抵抗器 固定抵抗器 その他の固定抵抗器 (6),0024000000,平成24年
21280,01030100,生産 金額 (百万円),351112100,受動部品 抵抗器 固定抵抗器 その他の固定抵抗器 (6),0025000000,平成25年
20210,01030100,生産 金額 (百万円),351112100,受動部品 抵抗器 固定抵抗器 その他の固定抵抗器 (6),0026000000,平成26年
18883,01030100,生産 金額 (百万円),351112100,受動部品 抵抗器 固定抵抗器 その他の固定抵抗器 (6),0027000000,平成27年
21227,01030100,生産 金額 (百万円),351112100,受動部品 抵抗器 固定抵抗器 その他の固定抵抗器 (6),0025010000,平成25年度
20143,01030100,生産 金額 (百万円),351112100,受動部品 抵抗器 固定抵抗器 その他の固定抵抗器 (6),0026010000,平成26年度
4652,01030100,生産 金額 (百万円),351112100,受動部品 抵抗器 固定抵抗器 その他の固定抵抗器 (6),0027000103,平成27年 1 ～ 3 月
5203,01030100,生産 金額 (百万円),351112100,受動部品 抵抗器 固定抵抗器 その他の固定抵抗器 (6),0027000406,平成27年 4 ～ 6 月
4537,01030100,生産 金額 (百万円),351112100,受動部品 抵抗器 固定抵抗器 その他の固定抵抗器 (6),0027000709,平成27年 7 ～ 9 月
4491,01030100,生産 金額 (百万円),351112100,受動部品 抵抗器 固定抵抗器 その他の固定抵抗器 (6),0027001012,平成27年 10 ～ 12 月
1533,01030100,生産 金額 (百万円),351112100,受動部品 抵抗器 固定抵抗器 その他の固定抵抗器 (6),0027000101,平成27年1月
1564,01030100,生産 金額 (百万円),351112100,受動部品 抵抗器 固定抵抗器 その他の固定抵抗器 (6),0027000202,平成27年2月
1555,01030100,生産 金額 (百万円),351112100,受動部品 抵抗器 固定抵抗器 その他の固定抵抗器 (6),0027000303,平成27年3月
1795,01030100,生産 金額 (百万円),351112100,受動部品 抵抗器 固定抵抗器 その他の固定抵抗器 (6),0027000404,平成27年4月
1652,01030100,生産 金額 (百万円),351112100,受動部品 抵抗器 固定抵抗器 その他の固定抵抗器 (6),0027000505,平成27年5月
1756,01030100,生産 金額 (百万円),351112100,受動部品 抵抗器 固定抵抗器 その他の固定抵抗器 (6),0027000606,平成27年6月
1606,01030100,生産 金額 (百万円),351112100,受動部品 抵抗器 固定抵抗器 その他の固定抵抗器 (6),0027000707,平成27年7月
1396,01030100,生産 金額 (百万円),351112100,受動部品 抵抗器 固定抵抗器 その他の固定抵抗器 (6),0027000808,平成27年8月
1535,01030100,生産 金額 (百万円),351112100,受動部品 抵抗器 固定抵抗器 その他の固定抵抗器 (6),0027000909,平成27年9月
1470,01030100,生産 金額 (百万円),351112100,受動部品 抵抗器 固定抵抗器 その他の固定抵抗器 (6),0027001010,平成27年10月
1459,01030100,生産 金額 (百万円),351112100,受動部品 抵抗器 固定抵抗器 その他の固定抵抗器 (6),0027001111,平成27年11月
1562,01030100,生産 金額 (百万円),351112100,受動部品 抵抗器 固定抵抗器 その他の固定抵抗器 (6),0027001212,平成27年12月
473992,01030100,生産 金額 (百万円),351112200,受動部品 固定コンデンサ (7～11),0023000000,平成23年
431475,01030100,生産 金額 (百万円),351112200,受動部品 固定コンデンサ (7～11),0024000000,平成24年
443691,01030100,生産 金額 (百万円),351112200,受動部品 固定コンデンサ (7～11),0025000000,平成25年
493019,01030100,生産 金額 (百万円),351112200,受動部品 固定コンデンサ (7～11),0026000000,平成26年
557354,01030100,生産 金額 (百万円),351112200,受動部品 固定コンデンサ (7～11),0027000000,平成27年
448884,01030100,生産 金額 (百万円),351112200,受動部品 固定コンデンサ (7～11),0025010000,平成25年度
520644,01030100,生産 金額 (百万円),351112200,受動部品 固定コンデンサ (7～11),0026010000,平成26年度
132426,01030100,生産 金額 (百万円),351112200,受動部品 固定コンデンサ (7～11),0027000103,平成27年 1 ～ 3 月
135826,01030100,生産 金額 (百万円),351112200,受動部品 固定コンデンサ (7～11),0027000406,平成27年 4 ～ 6 月
147974,01030100,生産 金額 (百万円),351112200,受動部品 固定コンデンサ (7～11),0027000709,平成27年 7 ～ 9 月
141128,01030100,生産 金額 (百万円),351112200,受動部品 固定コンデンサ (7～11),0027001012,平成27年 10 ～ 12 月
44326,01030100,生産 金額 (百万円),351112200,受動部品 固定コンデンサ (7～11),0027000101,平成27年1月
40817,01030100,生産 金額 (百万円),351112200,受動部品 固定コンデンサ (7～11),0027000202,平成27年2月
47283,01030100,生産 金額 (百万円),351112200,受動部品 固定コンデンサ (7～11),0027000303,平成27年3月
47541,01030100,生産 金額 (百万円),351112200,受動部品 固定コンデンサ (7～11),0027000404,平成27年4月
41844,01030100,生産 金額 (百万円),351112200,受動部品 固定コンデンサ (7～11),0027000505,平成27年5月
46441,01030100,生産 金額 (百万円),351112200,受動部品 固定コンデンサ (7～11),0027000606,平成27年6月
49110,01030100,生産 金額 (百万円),351112200,受動部品 固定コンデンサ (7～11),0027000707,平成27年7月
46044,01030100,生産 金額 (百万円),351112200,受動部品 固定コンデンサ (7～11),0027000808,平成27年8月
52820,01030100,生産 金額 (百万円),351112200,受動部品 固定コンデンサ (7～11),0027000909,平成27年9月
51774,01030100,生産 金額 (百万円),351112200,受動部品 固定コンデンサ (7～11),0027001010,平成27年10月
45948,01030100,生産 金額 (百万円),351112200,受動部品 固定コンデンサ (7～11),0027001111,平成27年11月
43406,01030100,生産 金額 (百万円),351112200,受動部品 固定コンデンサ (7～11),0027001212,平成27年12月
152690,01030100,生産 金額 (百万円),351112300,受動部品 固定コンデンサ アルミ電解コンデンサ (7),0023000000,平成23年
109269,01030100,生産 金額 (百万円),351112300,受動部品 固定コンデンサ アルミ電解コンデンサ (7),0024000000,平成24年
110156,01030100,生産 金額 (百万円),351112300,受動部品 固定コンデンサ アルミ電解コンデンサ (7),0025000000,平成25年
121450,01030100,生産 金額 (百万円),351112300,受動部品 固定コンデンサ アルミ電解コンデンサ (7),0026000000,平成26年
121345,01030100,生産 金額 (百万円),351112300,受動部品 固定コンデンサ アルミ電解コンデンサ (7),0027000000,平成27年
114629,01030100,生産 金額 (百万円),351112300,受動部品 固定コンデンサ アルミ電解コンデンサ (7),0025010000,平成25年度
122913,01030100,生産 金額 (百万円),351112300,受動部品 固定コンデンサ アルミ電解コンデンサ (7),0026010000,平成26年度
30128,01030100,生産 金額 (百万円),351112300,受動部品 固定コンデンサ アルミ電解コンデンサ (7),0027000103,平成27年 1 ～ 3 月
31351,01030100,生産 金額 (百万円),351112300,受動部品 固定コンデンサ アルミ電解コンデンサ (7),0027000406,平成27年 4 ～ 6 月
30358,01030100,生産 金額 (百万円),351112300,受動部品 固定コンデンサ アルミ電解コンデンサ (7),0027000709,平成27年 7 ～ 9 月
29508,01030100,生産 金額 (百万円),351112300,受動部品 固定コンデンサ アルミ電解コンデンサ (7),0027001012,平成27年 10 ～ 12 月
9472,01030100,生産 金額 (百万円),351112300,受動部品 固定コンデンサ アルミ電解コンデンサ (7),0027000101,平成27年1月
9766,01030100,生産 金額 (百万円),351112300,受動部品 固定コンデンサ アルミ電解コンデンサ (7),0027000202,平成27年2月
10890,01030100,生産 金額 (百万円),351112300,受動部品 固定コンデンサ アルミ電解コンデンサ (7),0027000303,平成27年3月
10742,01030100,生産 金額 (百万円),351112300,受動部品 固定コンデンサ アルミ電解コンデンサ (7),0027000404,平成27年4月
9825,01030100,生産 金額 (百万円),351112300,受動部品 固定コンデンサ アルミ電解コンデンサ (7),0027000505,平成27年5月
10784,01030100,生産 金額 (百万円),351112300,受動部品 固定コンデンサ アルミ電解コンデンサ (7),0027000606,平成27年6月
10885,01030100,生産 金額 (百万円),351112300,受動部品 固定コンデンサ アルミ電解コンデンサ (7),0027000707,平成27年7月
9474,01030100,生産 金額 (百万円),351112300,受動部品 固定コンデンサ アルミ電解コンデンサ (7),0027000808,平成27年8月
9999,01030100,生産 金額 (百万円),351112300,受動部品 固定コンデンサ アルミ電解コンデンサ (7),0027000909,平成27年9月
10159,01030100,生産 金額 (百万円),351112300,受動部品 固定コンデンサ アルミ電解コンデンサ (7),0027001010,平成27年10月
9830,01030100,生産 金額 (百万円),351112300,受動部品 固定コンデンサ アルミ電解コンデンサ (7),0027001111,平成27年11月
9519,01030100,生産 金額 (百万円),351112300,受動部品 固定コンデンサ アルミ電解コンデンサ (7),0027001212,平成27年12月
22107,01030100,生産 金額 (百万円),351120000,受動部品 固定コンデンサ タンタル電解コンデンサ (8),0023000000,平成23年
25057,01030100,生産 金額 (百万円),351120000,受動部品 固定コンデンサ タンタル電解コンデンサ (8),0024000000,平成24年
19503,01030100,生産 金額 (百万円),351120000,受動部品 固定コンデンサ タンタル電解コンデンサ (8),0025000000,平成25年
19014,01030100,生産 金額 (百万円),351120000,受動部品 固定コンデンサ タンタル電解コンデンサ (8),0026000000,平成26年
18564,01030100,生産 金額 (百万円),351120000,受動部品 固定コンデンサ タンタル電解コンデンサ (8),0027000000,平成27年
19293,01030100,生産 金額 (百万円),351120000,受動部品 固定コンデンサ タンタル電解コンデンサ (8),0025010000,平成25年度
19802,01030100,生産 金額 (百万円),351120000,受動部品 固定コンデンサ タンタル電解コンデンサ (8),0026010000,平成26年度
5173,01030100,生産 金額 (百万円),351120000,受動部品 固定コンデンサ タンタル電解コンデンサ (8),0027000103,平成27年 1 ～ 3 月
4455,01030100,生産 金額 (百万円),351120000,受動部品 固定コンデンサ タンタル電解コンデンサ (8),0027000406,平成27年 4 ～ 6 月
4736,01030100,生産 金額 (百万円),351120000,受動部品 固定コンデンサ タンタル電解コンデンサ (8),0027000709,平成27年 7 ～ 9 月
4200,01030100,生産 金額 (百万円),351120000,受動部品 固定コンデンサ タンタル電解コンデンサ (8),0027001012,平成27年 10 ～ 12 月
1885,01030100,生産 金額 (百万円),351120000,受動部品 固定コンデンサ タンタル電解コンデンサ (8),0027000101,平成27年1月
1561,01030100,生産 金額 (百万円),351120000,受動部品 固定コンデンサ タンタル電解コンデンサ (8),0027000202,平成27年2月
1727,01030100,生産 金額 (百万円),351120000,受動部品 固定コンデンサ タンタル電解コンデンサ (8),0027000303,平成27年3月
1527,01030100,生産 金額 (百万円),351120000,受動部品 固定コンデンサ タンタル電解コンデンサ (8),0027000404,平成27年4月
1420,01030100,生産 金額 (百万円),351120000,受動部品 固定コンデンサ タンタル電解コンデンサ (8),0027000505,平成27年5月
1508,01030100,生産 金額 (百万円),351120000,受動部品 固定コンデンサ タンタル電解コンデンサ (8),0027000606,平成27年6月
1562,01030100,生産 金額 (百万円),351120000,受動部品 固定コンデンサ タンタル電解コンデンサ (8),0027000707,平成27年7月
1492,01030100,生産 金額 (百万円),351120000,受動部品 固定コンデンサ タンタル電解コンデンサ (8),0027000808,平成27年8月
1682,01030100,生産 金額 (百万円),351120000,受動部品 固定コンデンサ タンタル電解コンデンサ (8),0027000909,平成27年9月
1530,01030100,生産 金額 (百万円),351120000,受動部品 固定コンデンサ タンタル電解コンデンサ (8),0027001010,平成27年10月
1418,01030100,生産 金額 (百万円),351120000,受動部品 固定コンデンサ タンタル電解コンデンサ (8),0027001111,平成27年11月
1252,01030100,生産 金額 (百万円),351120000,受動部品 固定コンデンサ タンタル電解コンデンサ (8),0027001212,平成27年12月
275670,01030100,生産 金額 (百万円),351121000,受動部品 固定コンデンサ セラミックコンデンサ (9),0023000000,平成23年
265281,01030100,生産 金額 (百万円),351121000,受動部品 固定コンデンサ セラミックコンデンサ (9),0024000000,平成24年
284109,01030100,生産 金額 (百万円),351121000,受動部品 固定コンデンサ セラミックコンデンサ (9),0025000000,平成25年
322555,01030100,生産 金額 (百万円),351121000,受動部品 固定コンデンサ セラミックコンデンサ (9),0026000000,平成26年
388830,01030100,生産 金額 (百万円),351121000,受動部品 固定コンデンサ セラミックコンデンサ (9),0027000000,平成27年
284799,01030100,生産 金額 (百万円),351121000,受動部品 固定コンデンサ セラミックコンデンサ (9),0025010000,平成25年度
348191,01030100,生産 金額 (百万円),351121000,受動部品 固定コンデンサ セラミックコンデンサ (9),0026010000,平成26年度
89757,01030100,生産 金額 (百万円),351121000,受動部品 固定コンデンサ セラミックコンデンサ (9),0027000103,平成27年 1 ～ 3 月
93123,01030100,生産 金額 (百万円),351121000,受動部品 固定コンデンサ セラミックコンデンサ (9),0027000406,平成27年 4 ～ 6 月
106002,01030100,生産 金額 (百万円),351121000,受動部品 固定コンデンサ セラミックコンデンサ (9),0027000709,平成27年 7 ～ 9 月
99948,01030100,生産 金額 (百万円),351121000,受動部品 固定コンデンサ セラミックコンデンサ (9),0027001012,平成27年 10 ～ 12 月
30609,01030100,生産 金額 (百万円),351121000,受動部品 固定コンデンサ セラミックコンデンサ (9),0027000101,平成27年1月
27152,01030100,生産 金額 (百万円),351121000,受動部品 固定コンデンサ セラミックコンデンサ (9),0027000202,平成27年2月
31996,01030100,生産 金額 (百万円),351121000,受動部品 固定コンデンサ セラミックコンデンサ (9),0027000303,平成27年3月
32812,01030100,生産 金額 (百万円),351121000,受動部品 固定コンデンサ セラミックコンデンサ (9),0027000404,平成27年4月
28591,01030100,生産 金額 (百万円),351121000,受動部品 固定コンデンサ セラミックコンデンサ (9),0027000505,平成27年5月
31720,01030100,生産 金額 (百万円),351121000,受動部品 固定コンデンサ セラミックコンデンサ (9),0027000606,平成27年6月
34193,01030100,生産 金額 (百万円),351121000,受動部品 固定コンデンサ セラミックコンデンサ (9),0027000707,平成27年7月
33074,01030100,生産 金額 (百万円),351121000,受動部品 固定コンデンサ セラミックコンデンサ (9),0027000808,平成27年8月
38735,01030100,生産 金額 (百万円),351121000,受動部品 固定コンデンサ セラミックコンデンサ (9),0027000909,平成27年9月
37569,01030100,生産 金額 (百万円),351121000,受動部品 固定コンデンサ セラミックコンデンサ (9),0027001010,平成27年10月
32332,01030100,生産 金額 (百万円),351121000,受動部品 固定コンデンサ セラミックコンデンサ (9),0027001111,平成27年11月
30047,01030100,生産 金額 (百万円),351121000,受動部品 固定コンデンサ セラミックコンデンサ (9),0027001212,平成27年12月
14745,01030100,生産 金額 (百万円),351122000,受動部品 固定コンデンサ 金属化有機フィルムコンデンサ (10),0023000000,平成23年
13156,01030100,生産 金額 (百万円),351122000,受動部品 固定コンデンサ 金属化有機フィルムコンデンサ (10),0024000000,平成24年
12697,01030100,生産 金額 (百万円),351122000,受動部品 固定コンデンサ 金属化有機フィルムコンデンサ (10),0025000000,平成25年
12503,01030100,生産 金額 (百万円),351122000,受動部品 固定コンデンサ 金属化有機フィルムコンデンサ (10),0026000000,平成26年
11553,01030100,生産 金額 (百万円),351122000,受動部品 固定コンデンサ 金属化有機フィルムコンデンサ (10),0027000000,平成27年
12640,01030100,生産 金額 (百万円),351122000,受動部品 固定コンデンサ 金属化有機フィルムコンデンサ (10),0025010000,平成25年度
12286,01030100,生産 金額 (百万円),351122000,受動部品 固定コンデンサ 金属化有機フィルムコンデンサ (10),0026010000,平成26年度
2936,01030100,生産 金額 (百万円),351122000,受動部品 固定コンデンサ 金属化有機フィルムコンデンサ (10),0027000103,平成27年 1 ～ 3 月
2774,01030100,生産 金額 (百万円),351122000,受動部品 固定コンデンサ 金属化有機フィルムコンデンサ (10),0027000406,平成27年 4 ～ 6 月
2739,01030100,生産 金額 (百万円),351122000,受動部品 固定コンデンサ 金属化有機フィルムコンデンサ (10),0027000709,平成27年 7 ～ 9 月
3104,01030100,生産 金額 (百万円),351122000,受動部品 固定コンデンサ 金属化有機フィルムコンデンサ (10),0027001012,平成27年 10 ～ 12 月
935,01030100,生産 金額 (百万円),351122000,受動部品 固定コンデンサ 金属化有機フィルムコンデンサ (10),0027000101,平成27年1月
925,01030100,生産 金額 (百万円),351122000,受動部品 固定コンデンサ 金属化有機フィルムコンデンサ (10),0027000202,平成27年2月
1076,01030100,生産 金額 (百万円),351122000,受動部品 固定コンデンサ 金属化有機フィルムコンデンサ (10),0027000303,平成27年3月
956,01030100,生産 金額 (百万円),351122000,受動部品 固定コンデンサ 金属化有機フィルムコンデンサ (10),0027000404,平成27年4月
855,01030100,生産 金額 (百万円),351122000,受動部品 固定コンデンサ 金属化有機フィルムコンデンサ (10),0027000505,平成27年5月
963,01030100,生産 金額 (百万円),351122000,受動部品 固定コンデンサ 金属化有機フィルムコンデンサ (10),0027000606,平成27年6月
939,01030100,生産 金額 (百万円),351122000,受動部品 固定コンデンサ 金属化有機フィルムコンデンサ (10),0027000707,平成27年7月
834,01030100,生産 金額 (百万円),351122000,受動部品 固定コンデンサ 金属化有機フィルムコンデンサ (10),0027000808,平成27年8月
966,01030100,生産 金額 (百万円),351122000,受動部品 固定コンデンサ 金属化有機フィルムコンデンサ (10),0027000909,平成27年9月
1053,01030100,生産 金額 (百万円),351122000,受動部品 固定コンデンサ 金属化有機フィルムコンデンサ (10),0027001010,平成27年10月
1055,01030100,生産 金額 (百万円),351122000,受動部品 固定コンデンサ 金属化有機フィルムコンデンサ (10),0027001111,平成27年11月
996,01030100,生産 金額 (百万円),351122000,受動部品 固定コンデンサ 金属化有機フィルムコンデンサ (10),0027001212,平成27年12月
8780,01030100,生産 金額 (百万円),351123000,受動部品 固定コンデンサ その他の固定コンデンサ (11),0023000000,平成23年
18712,01030100,生産 金額 (百万円),351123000,受動部品 固定コンデンサ その他の固定コンデンサ (11),0024000000,平成24年
17226,01030100,生産 金額 (百万円),351123000,受動部品 固定コンデンサ その他の固定コンデンサ (11),0025000000,平成25年
17497,01030100,生産 金額 (百万円),351123000,受動部品 固定コンデンサ その他の固定コンデンサ (11),0026000000,平成26年
17062,01030100,生産 金額 (百万円),351123000,受動部品 固定コンデンサ その他の固定コンデンサ (11),0027000000,平成27年
17523,01030100,生産 金額 (百万円),351123000,受動部品 固定コンデンサ その他の固定コンデンサ (11),0025010000,平成25年度
17452,01030100,生産 金額 (百万円),351123000,受動部品 固定コンデンサ その他の固定コンデンサ (11),0026010000,平成26年度
4432,01030100,生産 金額 (百万円),351123000,受動部品 固定コンデンサ その他の固定コンデンサ (11),0027000103,平成27年 1 ～ 3 月
4123,01030100,生産 金額 (百万円),351123000,受動部品 固定コンデンサ その他の固定コンデンサ (11),0027000406,平成27年 4 ～ 6 月
4139,01030100,生産 金額 (百万円),351123000,受動部品 固定コンデンサ その他の固定コンデンサ (11),0027000709,平成27年 7 ～ 9 月
4368,01030100,生産 金額 (百万円),351123000,受動部品 固定コンデンサ その他の固定コンデンサ (11),0027001012,平成27年 10 ～ 12 月
1425,01030100,生産 金額 (百万円),351123000,受動部品 固定コンデンサ その他の固定コンデンサ (11),0027000101,平成27年1月
1413,01030100,生産 金額 (百万円),351123000,受動部品 固定コンデンサ その他の固定コンデンサ (11),0027000202,平成27年2月
1594,01030100,生産 金額 (百万円),351123000,受動部品 固定コンデンサ その他の固定コンデンサ (11),0027000303,平成27年3月
1504,01030100,生産 金額 (百万円),351123000,受動部品 固定コンデンサ その他の固定コンデンサ (11),0027000404,平成27年4月
1153,01030100,生産 金額 (百万円),351123000,受動部品 固定コンデンサ その他の固定コンデンサ (11),0027000505,平成27年5月
1466,01030100,生産 金額 (百万円),351123000,受動部品 固定コンデンサ その他の固定コンデンサ (11),0027000606,平成27年6月
1531,01030100,生産 金額 (百万円),351123000,受動部品 固定コンデンサ その他の固定コンデンサ (11),0027000707,平成27年7月
1170,01030100,生産 金額 (百万円),351123000,受動部品 固定コンデンサ その他の固定コンデンサ (11),0027000808,平成27年8月
1438,01030100,生産 金額 (百万円),351123000,受動部品 固定コンデンサ その他の固定コンデンサ (11),0027000909,平成27年9月
1463,01030100,生産 金額 (百万円),351123000,受動部品 固定コンデンサ その他の固定コンデンサ (11),0027001010,平成27年10月
1313,01030100,生産 金額 (百万円),351123000,受動部品 固定コンデンサ その他の固定コンデンサ (11),0027001111,平成27年11月
1592,01030100,生産 金額 (百万円),351123000,受動部品 固定コンデンサ その他の固定コンデンサ (11),0027001212,平成27年12月
15503,01030100,生産 金額 (百万円),351124000,受動部品 トランス (12),0023000000,平成23年
7122,01030100,生産 金額 (百万円),351124000,受動部品 トランス (12),0024000000,平成24年
8330,01030100,生産 金額 (百万円),351124000,受動部品 トランス (12),0025000000,平成25年
7379,01030100,生産 金額 (百万円),351124000,受動部品 トランス (12),0026000000,平成26年
9205,01030100,生産 金額 (百万円),351124000,受動部品 トランス (12),0027000000,平成27年
8250,01030100,生産 金額 (百万円),351124000,受動部品 トランス (12),0025010000,平成25年度
7872,01030100,生産 金額 (百万円),351124000,受動部品 トランス (12),0026010000,平成26年度
2506,01030100,生産 金額 (百万円),351124000,受動部品 トランス (12),0027000103,平成27年 1 ～ 3 月
2274,01030100,生産 金額 (百万円),351124000,受動部品 トランス (12),0027000406,平成27年 4 ～ 6 月
2068,01030100,生産 金額 (百万円),351124000,受動部品 トランス (12),0027000709,平成27年 7 ～ 9 月
2357,01030100,生産 金額 (百万円),351124000,受動部品 トランス (12),0027001012,平成27年 10 ～ 12 月
848,01030100,生産 金額 (百万円),351124000,受動部品 トランス (12),0027000101,平成27年1月
753,01030100,生産 金額 (百万円),351124000,受動部品 トランス (12),0027000202,平成27年2月
905,01030100,生産 金額 (百万円),351124000,受動部品 トランス (12),0027000303,平成27年3月
800,01030100,生産 金額 (百万円),351124000,受動部品 トランス (12),0027000404,平成27年4月
654,01030100,生産 金額 (百万円),351124000,受動部品 トランス (12),0027000505,平成27年5月
820,01030100,生産 金額 (百万円),351124000,受動部品 トランス (12),0027000606,平成27年6月
678,01030100,生産 金額 (百万円),351124000,受動部品 トランス (12),0027000707,平成27年7月
632,01030100,生産 金額 (百万円),351124000,受動部品 トランス (12),0027000808,平成27年8月
758,01030100,生産 金額 (百万円),351124000,受動部品 トランス (12),0027000909,平成27年9月
784,01030100,生産 金額 (百万円),351124000,受動部品 トランス (12),0027001010,平成27年10月
771,01030100,生産 金額 (百万円),351124000,受動部品 トランス (12),0027001111,平成27年11月
802,01030100,生産 金額 (百万円),351124000,受動部品 トランス (12),0027001212,平成27年12月
38632,01030100,生産 金額 (百万円),351125000,受動部品 トランス インダクタ（コイルを含む） (13),0023000000,平成23年
38698,01030100,生産 金額 (百万円),351125000,受動部品 トランス インダクタ（コイルを含む） (13),0024000000,平成24年
42763,01030100,生産 金額 (百万円),351125000,受動部品 トランス インダクタ（コイルを含む） (13),0025000000,平成25年
50431,01030100,生産 金額 (百万円),351125000,受動部品 トランス インダクタ（コイルを含む） (13),0026000000,平成26年
61986,01030100,生産 金額 (百万円),351125000,受動部品 トランス インダクタ（コイルを含む） (13),0027000000,平成27年
44498,01030100,生産 金額 (百万円),351125000,受動部品 トランス インダクタ（コイルを含む） (13),0025010000,平成25年度
53814,01030100,生産 金額 (百万円),351125000,受動部品 トランス インダクタ（コイルを含む） (13),0026010000,平成26年度
13899,01030100,生産 金額 (百万円),351125000,受動部品 トランス インダクタ（コイルを含む） (13),0027000103,平成27年 1 ～ 3 月
14333,01030100,生産 金額 (百万円),351125000,受動部品 トランス インダクタ（コイルを含む） (13),0027000406,平成27年 4 ～ 6 月
17416,01030100,生産 金額 (百万円),351125000,受動部品 トランス インダクタ（コイルを含む） (13),0027000709,平成27年 7 ～ 9 月
16338,01030100,生産 金額 (百万円),351125000,受動部品 トランス インダクタ（コイルを含む） (13),0027001012,平成27年 10 ～ 12 月
4483,01030100,生産 金額 (百万円),351125000,受動部品 トランス インダクタ（コイルを含む） (13),0027000101,平成27年1月
4471,01030100,生産 金額 (百万円),351125000,受動部品 トランス インダクタ（コイルを含む） (13),0027000202,平成27年2月
4945,01030100,生産 金額 (百万円),351125000,受動部品 トランス インダクタ（コイルを含む） (13),0027000303,平成27年3月
5182,01030100,生産 金額 (百万円),351125000,受動部品 トランス インダクタ（コイルを含む） (13),0027000404,平成27年4月
4280,01030100,生産 金額 (百万円),351125000,受動部品 トランス インダクタ（コイルを含む） (13),0027000505,平成27年5月
4871,01030100,生産 金額 (百万円),351125000,受動部品 トランス インダクタ（コイルを含む） (13),0027000606,平成27年6月
5476,01030100,生産 金額 (百万円),351125000,受動部品 トランス インダクタ（コイルを含む） (13),0027000707,平成27年7月
5638,01030100,生産 金額 (百万円),351125000,受動部品 トランス インダクタ（コイルを含む） (13),0027000808,平成27年8月
6302,01030100,生産 金額 (百万円),351125000,受動部品 トランス インダクタ（コイルを含む） (13),0027000909,平成27年9月
6333,01030100,生産 金額 (百万円),351125000,受動部品 トランス インダクタ（コイルを含む） (13),0027001010,平成27年10月
5585,01030100,生産 金額 (百万円),351125000,受動部品 トランス インダクタ（コイルを含む） (13),0027001111,平成27年11月
4420,01030100,生産 金額 (百万円),351125000,受動部品 トランス インダクタ（コイルを含む） (13),0027001212,平成27年12月
177356,01030100,生産 金額 (百万円),351126000,受動部品 機能部品 (14～16),0023000000,平成23年
172148,01030100,生産 金額 (百万円),351126000,受動部品 機能部品 (14～16),0024000000,平成24年
188852,01030100,生産 金額 (百万円),351126000,受動部品 機能部品 (14～16),0025000000,平成25年
228717,01030100,生産 金額 (百万円),351126000,受動部品 機能部品 (14～16),0026000000,平成26年
341720,01030100,生産 金額 (百万円),351126000,受動部品 機能部品 (14～16),0027000000,平成27年
200555,01030100,生産 金額 (百万円),351126000,受動部品 機能部品 (14～16),0025010000,平成25年度
241161,01030100,生産 金額 (百万円),351126000,受動部品 機能部品 (14～16),0026010000,平成26年度
61995,01030100,生産 金額 (百万円),351126000,受動部品 機能部品 (14～16),0027000103,平成27年 1 ～ 3 月
70077,01030100,生産 金額 (百万円),351126000,受動部品 機能部品 (14～16),0027000406,平成27年 4 ～ 6 月
107843,01030100,生産 金額 (百万円),351126000,受動部品 機能部品 (14～16),0027000709,平成27年 7 ～ 9 月
101805,01030100,生産 金額 (百万円),351126000,受動部品 機能部品 (14～16),0027001012,平成27年 10 ～ 12 月
20434,01030100,生産 金額 (百万円),351126000,受動部品 機能部品 (14～16),0027000101,平成27年1月
19730,01030100,生産 金額 (百万円),351126000,受動部品 機能部品 (14～16),0027000202,平成27年2月
21831,01030100,生産 金額 (百万円),351126000,受動部品 機能部品 (14～16),0027000303,平成27年3月
25132,01030100,生産 金額 (百万円),351126000,受動部品 機能部品 (14～16),0027000404,平成27年4月
19896,01030100,生産 金額 (百万円),351126000,受動部品 機能部品 (14～16),0027000505,平成27年5月
25049,01030100,生産 金額 (百万円),351126000,受動部品 機能部品 (14～16),0027000606,平成27年6月
32360,01030100,生産 金額 (百万円),351126000,受動部品 機能部品 (14～16),0027000707,平成27年7月
32138,01030100,生産 金額 (百万円),351126000,受動部品 機能部品 (14～16),0027000808,平成27年8月
43345,01030100,生産 金額 (百万円),351126000,受動部品 機能部品 (14～16),0027000909,平成27年9月
40250,01030100,生産 金額 (百万円),351126000,受動部品 機能部品 (14～16),0027001010,平成27年10月
32524,01030100,生産 金額 (百万円),351126000,受動部品 機能部品 (14～16),0027001111,平成27年11月
29031,01030100,生産 金額 (百万円),351126000,受動部品 機能部品 (14～16),0027001212,平成27年12月
61958,01030100,生産 金額 (百万円),351130000,受動部品 機能部品 水晶振動子 (14),0023000000,平成23年
51114,01030100,生産 金額 (百万円),351130000,受動部品 機能部品 水晶振動子 (14),0024000000,平成24年
41804,01030100,生産 金額 (百万円),351130000,受動部品 機能部品 水晶振動子 (14),0025000000,平成25年
42939,01030100,生産 金額 (百万円),351130000,受動部品 機能部品 水晶振動子 (14),0026000000,平成26年
41809,01030100,生産 金額 (百万円),351130000,受動部品 機能部品 水晶振動子 (14),0027000000,平成27年
42690,01030100,生産 金額 (百万円),351130000,受動部品 機能部品 水晶振動子 (14),0025010000,平成25年度
43369,01030100,生産 金額 (百万円),351130000,受動部品 機能部品 水晶振動子 (14),0026010000,平成26年度
10481,01030100,生産 金額 (百万円),351130000,受動部品 機能部品 水晶振動子 (14),0027000103,平成27年 1 ～ 3 月
10436,01030100,生産 金額 (百万円),351130000,受動部品 機能部品 水晶振動子 (14),0027000406,平成27年 4 ～ 6 月
10772,01030100,生産 金額 (百万円),351130000,受動部品 機能部品 水晶振動子 (14),0027000709,平成27年 7 ～ 9 月
10120,01030100,生産 金額 (百万円),351130000,受動部品 機能部品 水晶振動子 (14),0027001012,平成27年 10 ～ 12 月
3515,01030100,生産 金額 (百万円),351130000,受動部品 機能部品 水晶振動子 (14),0027000101,平成27年1月
3392,01030100,生産 金額 (百万円),351130000,受動部品 機能部品 水晶振動子 (14),0027000202,平成27年2月
3574,01030100,生産 金額 (百万円),351130000,受動部品 機能部品 水晶振動子 (14),0027000303,平成27年3月
3561,01030100,生産 金額 (百万円),351130000,受動部品 機能部品 水晶振動子 (14),0027000404,平成27年4月
3166,01030100,生産 金額 (百万円),351130000,受動部品 機能部品 水晶振動子 (14),0027000505,平成27年5月
3709,01030100,生産 金額 (百万円),351130000,受動部品 機能部品 水晶振動子 (14),0027000606,平成27年6月
3608,01030100,生産 金額 (百万円),351130000,受動部品 機能部品 水晶振動子 (14),0027000707,平成27年7月
3507,01030100,生産 金額 (百万円),351130000,受動部品 機能部品 水晶振動子 (14),0027000808,平成27年8月
3657,01030100,生産 金額 (百万円),351130000,受動部品 機能部品 水晶振動子 (14),0027000909,平成27年9月
3404,01030100,生産 金額 (百万円),351130000,受動部品 機能部品 水晶振動子 (14),0027001010,平成27年10月
3387,01030100,生産 金額 (百万円),351130000,受動部品 機能部品 水晶振動子 (14),0027001111,平成27年11月
3329,01030100,生産 金額 (百万円),351130000,受動部品 機能部品 水晶振動子 (14),0027001212,平成27年12月
59556,01030100,生産 金額 (百万円),351130100,受動部品 機能部品 フィルタ (15),0023000000,平成23年
61569,01030100,生産 金額 (百万円),351130100,受動部品 機能部品 フィルタ (15),0024000000,平成24年
68104,01030100,生産 金額 (百万円),351130100,受動部品 機能部品 フィルタ (15),0025000000,平成25年
99908,01030100,生産 金額 (百万円),351130100,受動部品 機能部品 フィルタ (15),0026000000,平成26年
151289,01030100,生産 金額 (百万円),351130100,受動部品 機能部品 フィルタ (15),0027000000,平成27年
72381,01030100,生産 金額 (百万円),351130100,受動部品 機能部品 フィルタ (15),0025010000,平成25年度
109299,01030100,生産 金額 (百万円),351130100,受動部品 機能部品 フィルタ (15),0026010000,平成26年度
28658,01030100,生産 金額 (百万円),351130100,受動部品 機能部品 フィルタ (15),0027000103,平成27年 1 ～ 3 月
37446,01030100,生産 金額 (百万円),351130100,受動部品 機能部品 フィルタ (15),0027000406,平成27年 4 ～ 6 月
42422,01030100,生産 金額 (百万円),351130100,受動部品 機能部品 フィルタ (15),0027000709,平成27年 7 ～ 9 月
42763,01030100,生産 金額 (百万円),351130100,受動部品 機能部品 フィルタ (15),0027001012,平成27年 10 ～ 12 月
9639,01030100,生産 金額 (百万円),351130100,受動部品 機能部品 フィルタ (15),0027000101,平成27年1月
8726,01030100,生産 金額 (百万円),351130100,受動部品 機能部品 フィルタ (15),0027000202,平成27年2月
10293,01030100,生産 金額 (百万円),351130100,受動部品 機能部品 フィルタ (15),0027000303,平成27年3月
13317,01030100,生産 金額 (百万円),351130100,受動部品 機能部品 フィルタ (15),0027000404,平成27年4月
10856,01030100,生産 金額 (百万円),351130100,受動部品 機能部品 フィルタ (15),0027000505,平成27年5月
13273,01030100,生産 金額 (百万円),351130100,受動部品 機能部品 フィルタ (15),0027000606,平成27年6月
14182,01030100,生産 金額 (百万円),351130100,受動部品 機能部品 フィルタ (15),0027000707,平成27年7月
13415,01030100,生産 金額 (百万円),351130100,受動部品 機能部品 フィルタ (15),0027000808,平成27年8月
14825,01030100,生産 金額 (百万円),351130100,受動部品 機能部品 フィルタ (15),0027000909,平成27年9月
15075,01030100,生産 金額 (百万円),351130100,受動部品 機能部品 フィルタ (15),0027001010,平成27年10月
14565,01030100,生産 金額 (百万円),351130100,受動部品 機能部品 フィルタ (15),0027001111,平成27年11月
13123,01030100,生産 金額 (百万円),351130100,受動部品 機能部品 フィルタ (15),0027001212,平成27年12月
55842,01030100,生産 金額 (百万円),351130200,受動部品 機能部品 複合部品 (16),0023000000,平成23年
59465,01030100,生産 金額 (百万円),351130200,受動部品 機能部品 複合部品 (16),0024000000,平成24年
78944,01030100,生産 金額 (百万円),351130200,受動部品 機能部品 複合部品 (16),0025000000,平成25年
85870,01030100,生産 金額 (百万円),351130200,受動部品 機能部品 複合部品 (16),0026000000,平成26年
148622,01030100,生産 金額 (百万円),351130200,受動部品 機能部品 複合部品 (16),0027000000,平成27年
85484,01030100,生産 金額 (百万円),351130200,受動部品 機能部品 複合部品 (16),0025010000,平成25年度
88493,01030100,生産 金額 (百万円),351130200,受動部品 機能部品 複合部品 (16),0026010000,平成26年度
22856,01030100,生産 金額 (百万円),351130200,受動部品 機能部品 複合部品 (16),0027000103,平成27年 1 ～ 3 月
22195,01030100,生産 金額 (百万円),351130200,受動部品 機能部品 複合部品 (16),0027000406,平成27年 4 ～ 6 月
54649,01030100,生産 金額 (百万円),351130200,受動部品 機能部品 複合部品 (16),0027000709,平成27年 7 ～ 9 月
48922,01030100,生産 金額 (百万円),351130200,受動部品 機能部品 複合部品 (16),0027001012,平成27年 10 ～ 12 月
7280,01030100,生産 金額 (百万円),351130200,受動部品 機能部品 複合部品 (16),0027000101,平成27年1月
7612,01030100,生産 金額 (百万円),351130200,受動部品 機能部品 複合部品 (16),0027000202,平成27年2月
7964,01030100,生産 金額 (百万円),351130200,受動部品 機能部品 複合部品 (16),0027000303,平成27年3月
8254,01030100,生産 金額 (百万円),351130200,受動部品 機能部品 複合部品 (16),0027000404,平成27年4月
5874,01030100,生産 金額 (百万円),351130200,受動部品 機能部品 複合部品 (16),0027000505,平成27年5月
8067,01030100,生産 金額 (百万円),351130200,受動部品 機能部品 複合部品 (16),0027000606,平成27年6月
14570,01030100,生産 金額 (百万円),351130200,受動部品 機能部品 複合部品 (16),0027000707,平成27年7月
15216,01030100,生産 金額 (百万円),351130200,受動部品 機能部品 複合部品 (16),0027000808,平成27年8月
24863,01030100,生産 金額 (百万円),351130200,受動部品 機能部品 複合部品 (16),0027000909,平成27年9月
21771,01030100,生産 金額 (百万円),351130200,受動部品 機能部品 複合部品 (16),0027001010,平成27年10月
14572,01030100,生産 金額 (百万円),351130200,受動部品 機能部品 複合部品 (16),0027001111,平成27年11月
12579,01030100,生産 金額 (百万円),351130200,受動部品 機能部品 複合部品 (16),0027001212,平成27年12月
519112,01030100,生産 金額 (百万円),351130300,接続部品 (17～24),0023000000,平成23年
552791,01030100,生産 金額 (百万円),351130300,接続部品 (17～24),0024000000,平成24年
480351,01030100,生産 金額 (百万円),351130300,接続部品 (17～24),0025000000,平成25年
466077,01030100,生産 金額 (百万円),351130300,接続部品 (17～24),0026000000,平成26年
484134,01030100,生産 金額 (百万円),351130300,接続部品 (17～24),0027000000,平成27年
476471,01030100,生産 金額 (百万円),351130300,接続部品 (17～24),0025010000,平成25年度
468069,01030100,生産 金額 (百万円),351130300,接続部品 (17～24),0026010000,平成26年度
107932,01030100,生産 金額 (百万円),351130300,接続部品 (17～24),0027000103,平成27年 1 ～ 3 月
126131,01030100,生産 金額 (百万円),351130300,接続部品 (17～24),0027000406,平成27年 4 ～ 6 月
129126,01030100,生産 金額 (百万円),351130300,接続部品 (17～24),0027000709,平成27年 7 ～ 9 月
120945,01030100,生産 金額 (百万円),351130300,接続部品 (17～24),0027001012,平成27年 10 ～ 12 月
37588,01030100,生産 金額 (百万円),351130300,接続部品 (17～24),0027000101,平成27年1月
34976,01030100,生産 金額 (百万円),351130300,接続部品 (17～24),0027000202,平成27年2月
35368,01030100,生産 金額 (百万円),351130300,接続部品 (17～24),0027000303,平成27年3月
41362,01030100,生産 金額 (百万円),351130300,接続部品 (17～24),0027000404,平成27年4月
39442,01030100,生産 金額 (百万円),351130300,接続部品 (17～24),0027000505,平成27年5月
45327,01030100,生産 金額 (百万円),351130300,接続部品 (17～24),0027000606,平成27年6月
44964,01030100,生産 金額 (百万円),351130300,接続部品 (17～24),0027000707,平成27年7月
40485,01030100,生産 金額 (百万円),351130300,接続部品 (17～24),0027000808,平成27年8月
43677,01030100,生産 金額 (百万円),351130300,接続部品 (17～24),0027000909,平成27年9月
42574,01030100,生産 金額 (百万円),351130300,接続部品 (17～24),0027001010,平成27年10月
40274,01030100,生産 金額 (百万円),351130300,接続部品 (17～24),0027001111,平成27年11月
38097,01030100,生産 金額 (百万円),351130300,接続部品 (17～24),0027001212,平成27年12月
58117,01030100,生産 金額 (百万円),351140000,接続部品 スイッチ(通信･電子装置用に限る) (17),0023000000,平成23年
63130,01030100,生産 金額 (百万円),351140000,接続部品 スイッチ(通信･電子装置用に限る) (17),0024000000,平成24年
59978,01030100,生産 金額 (百万円),351140000,接続部品 スイッチ(通信･電子装置用に限る) (17),0025000000,平成25年
63145,01030100,生産 金額 (百万円),351140000,接続部品 スイッチ(通信･電子装置用に限る) (17),0026000000,平成26年
76302,01030100,生産 金額 (百万円),351140000,接続部品 スイッチ(通信･電子装置用に限る) (17),0027000000,平成27年
60522,01030100,生産 金額 (百万円),351140000,接続部品 スイッチ(通信･電子装置用に限る) (17),0025010000,平成25年度
65393,01030100,生産 金額 (百万円),351140000,接続部品 スイッチ(通信･電子装置用に限る) (17),0026010000,平成26年度
16429,01030100,生産 金額 (百万円),351140000,接続部品 スイッチ(通信･電子装置用に限る) (17),0027000103,平成27年 1 ～ 3 月
20069,01030100,生産 金額 (百万円),351140000,接続部品 スイッチ(通信･電子装置用に限る) (17),0027000406,平成27年 4 ～ 6 月
21145,01030100,生産 金額 (百万円),351140000,接続部品 スイッチ(通信･電子装置用に限る) (17),0027000709,平成27年 7 ～ 9 月
18659,01030100,生産 金額 (百万円),351140000,接続部品 スイッチ(通信･電子装置用に限る) (17),0027001012,平成27年 10 ～ 12 月
5305,01030100,生産 金額 (百万円),351140000,接続部品 スイッチ(通信･電子装置用に限る) (17),0027000101,平成27年1月
5520,01030100,生産 金額 (百万円),351140000,接続部品 スイッチ(通信･電子装置用に限る) (17),0027000202,平成27年2月
5604,01030100,生産 金額 (百万円),351140000,接続部品 スイッチ(通信･電子装置用に限る) (17),0027000303,平成27年3月
6123,01030100,生産 金額 (百万円),351140000,接続部品 スイッチ(通信･電子装置用に限る) (17),0027000404,平成27年4月
6296,01030100,生産 金額 (百万円),351140000,接続部品 スイッチ(通信･電子装置用に限る) (17),0027000505,平成27年5月
7650,01030100,生産 金額 (百万円),351140000,接続部品 スイッチ(通信･電子装置用に限る) (17),0027000606,平成27年6月
7495,01030100,生産 金額 (百万円),351140000,接続部品 スイッチ(通信･電子装置用に限る) (17),0027000707,平成27年7月
6669,01030100,生産 金額 (百万円),351140000,接続部品 スイッチ(通信･電子装置用に限る) (17),0027000808,平成27年8月
6981,01030100,生産 金額 (百万円),351140000,接続部品 スイッチ(通信･電子装置用に限る) (17),0027000909,平成27年9月
6924,01030100,生産 金額 (百万円),351140000,接続部品 スイッチ(通信･電子装置用に限る) (17),0027001010,平成27年10月
6031,01030100,生産 金額 (百万円),351140000,接続部品 スイッチ(通信･電子装置用に限る) (17),0027001111,平成27年11月
5704,01030100,生産 金額 (百万円),351140000,接続部品 スイッチ(通信･電子装置用に限る) (17),0027001212,平成27年12月
442213,01030100,生産 金額 (百万円),351150000,接続部品 コネクタ (18～22),0023000000,平成23年
470173,01030100,生産 金額 (百万円),351150000,接続部品 コネクタ (18～22),0024000000,平成24年
399069,01030100,生産 金額 (百万円),351150000,接続部品 コネクタ (18～22),0025000000,平成25年
379706,01030100,生産 金額 (百万円),351150000,接続部品 コネクタ (18～22),0026000000,平成26年
380702,01030100,生産 金額 (百万円),351150000,接続部品 コネクタ (18～22),0027000000,平成27年
394222,01030100,生産 金額 (百万円),351150000,接続部品 コネクタ (18～22),0025010000,平成25年度
378247,01030100,生産 金額 (百万円),351150000,接続部品 コネクタ (18～22),0026010000,平成26年度
84838,01030100,生産 金額 (百万円),351150000,接続部品 コネクタ (18～22),0027000103,平成27年 1 ～ 3 月
99359,01030100,生産 金額 (百万円),351150000,接続部品 コネクタ (18～22),0027000406,平成27年 4 ～ 6 月
100822,01030100,生産 金額 (百万円),351150000,接続部品 コネクタ (18～22),0027000709,平成27年 7 ～ 9 月
95683,01030100,生産 金額 (百万円),351150000,接続部品 コネクタ (18～22),0027001012,平成27年 10 ～ 12 月
29936,01030100,生産 金額 (百万円),351150000,接続部品 コネクタ (18～22),0027000101,平成27年1月
27394,01030100,生産 金額 (百万円),351150000,接続部品 コネクタ (18～22),0027000202,平成27年2月
27508,01030100,生産 金額 (百万円),351150000,接続部品 コネクタ (18～22),0027000303,平成27年3月
32947,01030100,生産 金額 (百万円),351150000,接続部品 コネクタ (18～22),0027000404,平成27年4月
31035,01030100,生産 金額 (百万円),351150000,接続部品 コネクタ (18～22),0027000505,平成27年5月
35377,01030100,生産 金額 (百万円),351150000,接続部品 コネクタ (18～22),0027000606,平成27年6月
34980,01030100,生産 金額 (百万円),351150000,接続部品 コネクタ (18～22),0027000707,平成27年7月
31514,01030100,生産 金額 (百万円),351150000,接続部品 コネクタ (18～22),0027000808,平成27年8月
34328,01030100,生産 金額 (百万円),351150000,接続部品 コネクタ (18～22),0027000909,平成27年9月
33388,01030100,生産 金額 (百万円),351150000,接続部品 コネクタ (18～22),0027001010,平成27年10月
31999,01030100,生産 金額 (百万円),351150000,接続部品 コネクタ (18～22),0027001111,平成27年11月
30296,01030100,生産 金額 (百万円),351150000,接続部品 コネクタ (18～22),0027001212,平成27年12月
16073,01030100,生産 金額 (百万円),351151000,接続部品 コネクタ 同軸コネクタ (18),0023000000,平成23年
12455,01030100,生産 金額 (百万円),351151000,接続部品 コネクタ 同軸コネクタ (18),0024000000,平成24年
32249,01030100,生産 金額 (百万円),351151000,接続部品 コネクタ 同軸コネクタ (18),0025000000,平成25年
33842,01030100,生産 金額 (百万円),351151000,接続部品 コネクタ 同軸コネクタ (18),0026000000,平成26年
41441,01030100,生産 金額 (百万円),351151000,接続部品 コネクタ 同軸コネクタ (18),0027000000,平成27年
32011,01030100,生産 金額 (百万円),351151000,接続部品 コネクタ 同軸コネクタ (18),0025010000,平成25年度
35854,01030100,生産 金額 (百万円),351151000,接続部品 コネクタ 同軸コネクタ (18),0026010000,平成26年度
8168,01030100,生産 金額 (百万円),351151000,接続部品 コネクタ 同軸コネクタ (18),0027000103,平成27年 1 ～ 3 月
8927,01030100,生産 金額 (百万円),351151000,接続部品 コネクタ 同軸コネクタ (18),0027000406,平成27年 4 ～ 6 月
13356,01030100,生産 金額 (百万円),351151000,接続部品 コネクタ 同軸コネクタ (18),0027000709,平成27年 7 ～ 9 月
10990,01030100,生産 金額 (百万円),351151000,接続部品 コネクタ 同軸コネクタ (18),0027001012,平成27年 10 ～ 12 月
3053,01030100,生産 金額 (百万円),351151000,接続部品 コネクタ 同軸コネクタ (18),0027000101,平成27年1月
2269,01030100,生産 金額 (百万円),351151000,接続部品 コネクタ 同軸コネクタ (18),0027000202,平成27年2月
2846,01030100,生産 金額 (百万円),351151000,接続部品 コネクタ 同軸コネクタ (18),0027000303,平成27年3月
3230,01030100,生産 金額 (百万円),351151000,接続部品 コネクタ 同軸コネクタ (18),0027000404,平成27年4月
2855,01030100,生産 金額 (百万円),351151000,接続部品 コネクタ 同軸コネクタ (18),0027000505,平成27年5月
2842,01030100,生産 金額 (百万円),351151000,接続部品 コネクタ 同軸コネクタ (18),0027000606,平成27年6月
3951,01030100,生産 金額 (百万円),351151000,接続部品 コネクタ 同軸コネクタ (18),0027000707,平成27年7月
4080,01030100,生産 金額 (百万円),351151000,接続部品 コネクタ 同軸コネクタ (18),0027000808,平成27年8月
5325,01030100,生産 金額 (百万円),351151000,接続部品 コネクタ 同軸コネクタ (18),0027000909,平成27年9月
4581,01030100,生産 金額 (百万円),351151000,接続部品 コネクタ 同軸コネクタ (18),0027001010,平成27年10月
4039,01030100,生産 金額 (百万円),351151000,接続部品 コネクタ 同軸コネクタ (18),0027001111,平成27年11月
2370,01030100,生産 金額 (百万円),351151000,接続部品 コネクタ 同軸コネクタ (18),0027001212,平成27年12月
309071,01030100,生産 金額 (百万円),351152000,接続部品 コネクタ プリント基板用コネクタ (19),0023000000,平成23年
326552,01030100,生産 金額 (百万円),351152000,接続部品 コネクタ プリント基板用コネクタ (19),0024000000,平成24年
264778,01030100,生産 金額 (百万円),351152000,接続部品 コネクタ プリント基板用コネクタ (19),0025000000,平成25年
240907,01030100,生産 金額 (百万円),351152000,接続部品 コネクタ プリント基板用コネクタ (19),0026000000,平成26年
244541,01030100,生産 金額 (百万円),351152000,接続部品 コネクタ プリント基板用コネクタ (19),0027000000,平成27年
258255,01030100,生産 金額 (百万円),351152000,接続部品 コネクタ プリント基板用コネクタ (19),0025010000,平成25年度
239489,01030100,生産 金額 (百万円),351152000,接続部品 コネクタ プリント基板用コネクタ (19),0026010000,平成26年度
52764,01030100,生産 金額 (百万円),351152000,接続部品 コネクタ プリント基板用コネクタ (19),0027000103,平成27年 1 ～ 3 月
65293,01030100,生産 金額 (百万円),351152000,接続部品 コネクタ プリント基板用コネクタ (19),0027000406,平成27年 4 ～ 6 月
64126,01030100,生産 金額 (百万円),351152000,接続部品 コネクタ プリント基板用コネクタ (19),0027000709,平成27年 7 ～ 9 月
62358,01030100,生産 金額 (百万円),351152000,接続部品 コネクタ プリント基板用コネクタ (19),0027001012,平成27年 10 ～ 12 月
18759,01030100,生産 金額 (百万円),351152000,接続部品 コネクタ プリント基板用コネクタ (19),0027000101,平成27年1月
17474,01030100,生産 金額 (百万円),351152000,接続部品 コネクタ プリント基板用コネクタ (19),0027000202,平成27年2月
16531,01030100,生産 金額 (百万円),351152000,接続部品 コネクタ プリント基板用コネクタ (19),0027000303,平成27年3月
21536,01030100,生産 金額 (百万円),351152000,接続部品 コネクタ プリント基板用コネクタ (19),0027000404,平成27年4月
20471,01030100,生産 金額 (百万円),351152000,接続部品 コネクタ プリント基板用コネクタ (19),0027000505,平成27年5月
23286,01030100,生産 金額 (百万円),351152000,接続部品 コネクタ プリント基板用コネクタ (19),0027000606,平成27年6月
22791,01030100,生産 金額 (百万円),351152000,接続部品 コネクタ プリント基板用コネクタ (19),0027000707,平成27年7月
19952,01030100,生産 金額 (百万円),351152000,接続部品 コネクタ プリント基板用コネクタ (19),0027000808,平成27年8月
21383,01030100,生産 金額 (百万円),351152000,接続部品 コネクタ プリント基板用コネクタ (19),0027000909,平成27年9月
21166,01030100,生産 金額 (百万円),351152000,接続部品 コネクタ プリント基板用コネクタ (19),0027001010,平成27年10月
20570,01030100,生産 金額 (百万円),351152000,接続部品 コネクタ プリント基板用コネクタ (19),0027001111,平成27年11月
20622,01030100,生産 金額 (百万円),351152000,接続部品 コネクタ プリント基板用コネクタ (19),0027001212,平成27年12月
20228,01030100,生産 金額 (百万円),351153000,接続部品 コネクタ 丸形コネクタ (20),0023000000,平成23年
17550,01030100,生産 金額 (百万円),351153000,接続部品 コネクタ 丸形コネクタ (20),0024000000,平成24年
18712,01030100,生産 金額 (百万円),351153000,接続部品 コネクタ 丸形コネクタ (20),0025000000,平成25年
22828,01030100,生産 金額 (百万円),351153000,接続部品 コネクタ 丸形コネクタ (20),0026000000,平成26年
21682,01030100,生産 金額 (百万円),351153000,接続部品 コネクタ 丸形コネクタ (20),0027000000,平成27年
20239,01030100,生産 金額 (百万円),351153000,接続部品 コネクタ 丸形コネクタ (20),0025010000,平成25年度
23110,01030100,生産 金額 (百万円),351153000,接続部品 コネクタ 丸形コネクタ (20),0026010000,平成26年度
5785,01030100,生産 金額 (百万円),351153000,接続部品 コネクタ 丸形コネクタ (20),0027000103,平成27年 1 ～ 3 月
5726,01030100,生産 金額 (百万円),351153000,接続部品 コネクタ 丸形コネクタ (20),0027000406,平成27年 4 ～ 6 月
5251,01030100,生産 金額 (百万円),351153000,接続部品 コネクタ 丸形コネクタ (20),0027000709,平成27年 7 ～ 9 月
4920,01030100,生産 金額 (百万円),351153000,接続部品 コネクタ 丸形コネクタ (20),0027001012,平成27年 10 ～ 12 月
1903,01030100,生産 金額 (百万円),351153000,接続部品 コネクタ 丸形コネクタ (20),0027000101,平成27年1月
1817,01030100,生産 金額 (百万円),351153000,接続部品 コネクタ 丸形コネクタ (20),0027000202,平成27年2月
2065,01030100,生産 金額 (百万円),351153000,接続部品 コネクタ 丸形コネクタ (20),0027000303,平成27年3月
1865,01030100,生産 金額 (百万円),351153000,接続部品 コネクタ 丸形コネクタ (20),0027000404,平成27年4月
1822,01030100,生産 金額 (百万円),351153000,接続部品 コネクタ 丸形コネクタ (20),0027000505,平成27年5月
2039,01030100,生産 金額 (百万円),351153000,接続部品 コネクタ 丸形コネクタ (20),0027000606,平成27年6月
2002,01030100,生産 金額 (百万円),351153000,接続部品 コネクタ 丸形コネクタ (20),0027000707,平成27年7月
1585,01030100,生産 金額 (百万円),351153000,接続部品 コネクタ 丸形コネクタ (20),0027000808,平成27年8月
1664,01030100,生産 金額 (百万円),351153000,接続部品 コネクタ 丸形コネクタ (20),0027000909,平成27年9月
1709,01030100,生産 金額 (百万円),351153000,接続部品 コネクタ 丸形コネクタ (20),0027001010,平成27年10月
1654,01030100,生産 金額 (百万円),351153000,接続部品 コネクタ 丸形コネクタ (20),0027001111,平成27年11月
1557,01030100,生産 金額 (百万円),351153000,接続部品 コネクタ 丸形コネクタ (20),0027001212,平成27年12月
31338,01030100,生産 金額 (百万円),351200000,接続部品 コネクタ 角形コネクタ (21),0023000000,平成23年
40411,01030100,生産 金額 (百万円),351200000,接続部品 コネクタ 角形コネクタ (21),0024000000,平成24年
30729,01030100,生産 金額 (百万円),351200000,接続部品 コネクタ 角形コネクタ (21),0025000000,平成25年
24270,01030100,生産 金額 (百万円),351200000,接続部品 コネクタ 角形コネクタ (21),0026000000,平成26年
21061,01030100,生産 金額 (百万円),351200000,接続部品 コネクタ 角形コネクタ (21),0027000000,平成27年
28844,01030100,生産 金額 (百万円),351200000,接続部品 コネクタ 角形コネクタ (21),0025010000,平成25年度
22934,01030100,生産 金額 (百万円),351200000,接続部品 コネクタ 角形コネクタ (21),0026010000,平成26年度
5275,01030100,生産 金額 (百万円),351200000,接続部品 コネクタ 角形コネクタ (21),0027000103,平成27年 1 ～ 3 月
5756,01030100,生産 金額 (百万円),351200000,接続部品 コネクタ 角形コネクタ (21),0027000406,平成27年 4 ～ 6 月
4985,01030100,生産 金額 (百万円),351200000,接続部品 コネクタ 角形コネクタ (21),0027000709,平成27年 7 ～ 9 月
5045,01030100,生産 金額 (百万円),351200000,接続部品 コネクタ 角形コネクタ (21),0027001012,平成27年 10 ～ 12 月
1744,01030100,生産 金額 (百万円),351200000,接続部品 コネクタ 角形コネクタ (21),0027000101,平成27年1月
1700,01030100,生産 金額 (百万円),351200000,接続部品 コネクタ 角形コネクタ (21),0027000202,平成27年2月
1831,01030100,生産 金額 (百万円),351200000,接続部品 コネクタ 角形コネクタ (21),0027000303,平成27年3月
1845,01030100,生産 金額 (百万円),351200000,接続部品 コネクタ 角形コネクタ (21),0027000404,平成27年4月
1588,01030100,生産 金額 (百万円),351200000,接続部品 コネクタ 角形コネクタ (21),0027000505,平成27年5月
2323,01030100,生産 金額 (百万円),351200000,接続部品 コネクタ 角形コネクタ (21),0027000606,平成27年6月
1494,01030100,生産 金額 (百万円),351200000,接続部品 コネクタ 角形コネクタ (21),0027000707,平成27年7月
1768,01030100,生産 金額 (百万円),351200000,接続部品 コネクタ 角形コネクタ (21),0027000808,平成27年8月
1723,01030100,生産 金額 (百万円),351200000,接続部品 コネクタ 角形コネクタ (21),0027000909,平成27年9月
1542,01030100,生産 金額 (百万円),351200000,接続部品 コネクタ 角形コネクタ (21),0027001010,平成27年10月
1651,01030100,生産 金額 (百万円),351200000,接続部品 コネクタ 角形コネクタ (21),0027001111,平成27年11月
1852,01030100,生産 金額 (百万円),351200000,接続部品 コネクタ 角形コネクタ (21),0027001212,平成27年12月
57883,01030100,生産 金額 (百万円),351210000,接続部品 コネクタ その他のコネクタ (22),0023000000,平成23年
65911,01030100,生産 金額 (百万円),351210000,接続部品 コネクタ その他のコネクタ (22),0024000000,平成24年
45075,01030100,生産 金額 (百万円),351210000,接続部品 コネクタ その他のコネクタ (22),0025000000,平成25年
50429,01030100,生産 金額 (百万円),351210000,接続部品 コネクタ その他のコネクタ (22),0026000000,平成26年
51977,01030100,生産 金額 (百万円),351210000,接続部品 コネクタ その他のコネクタ (22),0027000000,平成27年
47001,01030100,生産 金額 (百万円),351210000,接続部品 コネクタ その他のコネクタ (22),0025010000,平成25年度
51517,01030100,生産 金額 (百万円),351210000,接続部品 コネクタ その他のコネクタ (22),0026010000,平成26年度
12846,01030100,生産 金額 (百万円),351210000,接続部品 コネクタ その他のコネクタ (22),0027000103,平成27年 1 ～ 3 月
13657,01030100,生産 金額 (百万円),351210000,接続部品 コネクタ その他のコネクタ (22),0027000406,平成27年 4 ～ 6 月
13104,01030100,生産 金額 (百万円),351210000,接続部品 コネクタ その他のコネクタ (22),0027000709,平成27年 7 ～ 9 月
12370,01030100,生産 金額 (百万円),351210000,接続部品 コネクタ その他のコネクタ (22),0027001012,平成27年 10 ～ 12 月
4477,01030100,生産 金額 (百万円),351210000,接続部品 コネクタ その他のコネクタ (22),0027000101,平成27年1月
4134,01030100,生産 金額 (百万円),351210000,接続部品 コネクタ その他のコネクタ (22),0027000202,平成27年2月
4235,01030100,生産 金額 (百万円),351210000,接続部品 コネクタ その他のコネクタ (22),0027000303,平成27年3月
4471,01030100,生産 金額 (百万円),351210000,接続部品 コネクタ その他のコネクタ (22),0027000404,平成27年4月
4299,01030100,生産 金額 (百万円),351210000,接続部品 コネクタ その他のコネクタ (22),0027000505,平成27年5月
4887,01030100,生産 金額 (百万円),351210000,接続部品 コネクタ その他のコネクタ (22),0027000606,平成27年6月
4742,01030100,生産 金額 (百万円),351210000,接続部品 コネクタ その他のコネクタ (22),0027000707,平成27年7月
4129,01030100,生産 金額 (百万円),351210000,接続部品 コネクタ その他のコネクタ (22),0027000808,平成27年8月
4233,01030100,生産 金額 (百万円),351210000,接続部品 コネクタ その他のコネクタ (22),0027000909,平成27年9月
4390,01030100,生産 金額 (百万円),351210000,接続部品 コネクタ その他のコネクタ (22),0027001010,平成27年10月
4085,01030100,生産 金額 (百万円),351210000,接続部品 コネクタ その他のコネクタ (22),0027001111,平成27年11月
3895,01030100,生産 金額 (百万円),351210000,接続部品 コネクタ その他のコネクタ (22),0027001212,平成27年12月
18782,01030100,生産 金額 (百万円),351211000,接続部品 リレー（有線通信機器用に限る） (23),0023000000,平成23年
19488,01030100,生産 金額 (百万円),351211000,接続部品 リレー（有線通信機器用に限る） (23),0024000000,平成24年
21304,01030100,生産 金額 (百万円),351211000,接続部品 リレー（有線通信機器用に限る） (23),0025000000,平成25年
23226,01030100,生産 金額 (百万円),351211000,接続部品 リレー（有線通信機器用に限る） (23),0026000000,平成26年
27130,01030100,生産 金額 (百万円),351211000,接続部品 リレー（有線通信機器用に限る） (23),0027000000,平成27年
21727,01030100,生産 金額 (百万円),351211000,接続部品 リレー（有線通信機器用に限る） (23),0025010000,平成25年度
24429,01030100,生産 金額 (百万円),351211000,接続部品 リレー（有線通信機器用に限る） (23),0026010000,平成26年度
6665,01030100,生産 金額 (百万円),351211000,接続部品 リレー（有線通信機器用に限る） (23),0027000103,平成27年 1 ～ 3 月
6703,01030100,生産 金額 (百万円),351211000,接続部品 リレー（有線通信機器用に限る） (23),0027000406,平成27年 4 ～ 6 月
7159,01030100,生産 金額 (百万円),351211000,接続部品 リレー（有線通信機器用に限る） (23),0027000709,平成27年 7 ～ 9 月
6603,01030100,生産 金額 (百万円),351211000,接続部品 リレー（有線通信機器用に限る） (23),0027001012,平成27年 10 ～ 12 月
2347,01030100,生産 金額 (百万円),351211000,接続部品 リレー（有線通信機器用に限る） (23),0027000101,平成27年1月
2062,01030100,生産 金額 (百万円),351211000,接続部品 リレー（有線通信機器用に限る） (23),0027000202,平成27年2月
2256,01030100,生産 金額 (百万円),351211000,接続部品 リレー（有線通信機器用に限る） (23),0027000303,平成27年3月
2292,01030100,生産 金額 (百万円),351211000,接続部品 リレー（有線通信機器用に限る） (23),0027000404,平成27年4月
2111,01030100,生産 金額 (百万円),351211000,接続部品 リレー（有線通信機器用に限る） (23),0027000505,平成27年5月
2300,01030100,生産 金額 (百万円),351211000,接続部品 リレー（有線通信機器用に限る） (23),0027000606,平成27年6月
2489,01030100,生産 金額 (百万円),351211000,接続部品 リレー（有線通信機器用に限る） (23),0027000707,平成27年7月
2302,01030100,生産 金額 (百万円),351211000,接続部品 リレー（有線通信機器用に限る） (23),0027000808,平成27年8月
2368,01030100,生産 金額 (百万円),351211000,接続部品 リレー（有線通信機器用に限る） (23),0027000909,平成27年9月
2262,01030100,生産 金額 (百万円),351211000,接続部品 リレー（有線通信機器用に限る） (23),0027001010,平成27年10月
2244,01030100,生産 金額 (百万円),351211000,接続部品 リレー（有線通信機器用に限る） (23),0027001111,平成27年11月
2097,01030100,生産 金額 (百万円),351211000,接続部品 リレー（有線通信機器用に限る） (23),0027001212,平成27年12月
608871,01030100,生産 金額 (百万円),351212000,電子回路基板 (24～33),0023000000,平成23年
583794,01030100,生産 金額 (百万円),351212000,電子回路基板 (24～33),0024000000,平成24年
496711,01030100,生産 金額 (百万円),351212000,電子回路基板 (24～33),0025000000,平成25年
485318,01030100,生産 金額 (百万円),351212000,電子回路基板 (24～33),0026000000,平成26年
514730,01030100,生産 金額 (百万円),351212000,電子回路基板 (24～33),0027000000,平成27年
496454,01030100,生産 金額 (百万円),351212000,電子回路基板 (24～33),0025010000,平成25年度
495986,01030100,生産 金額 (百万円),351212000,電子回路基板 (24～33),0026010000,平成26年度
124358,01030100,生産 金額 (百万円),351212000,電子回路基板 (24～33),0027000103,平成27年 1 ～ 3 月
124355,01030100,生産 金額 (百万円),351212000,電子回路基板 (24～33),0027000406,平成27年 4 ～ 6 月
136910,01030100,生産 金額 (百万円),351212000,電子回路基板 (24～33),0027000709,平成27年 7 ～ 9 月
129107,01030100,生産 金額 (百万円),351212000,電子回路基板 (24～33),0027001012,平成27年 10 ～ 12 月
41263,01030100,生産 金額 (百万円),351212000,電子回路基板 (24～33),0027000101,平成27年1月
40281,01030100,生産 金額 (百万円),351212000,電子回路基板 (24～33),0027000202,平成27年2月
42814,01030100,生産 金額 (百万円),351212000,電子回路基板 (24～33),0027000303,平成27年3月
41817,01030100,生産 金額 (百万円),351212000,電子回路基板 (24～33),0027000404,平成27年4月
38367,01030100,生産 金額 (百万円),351212000,電子回路基板 (24～33),0027000505,平成27年5月
44171,01030100,生産 金額 (百万円),351212000,電子回路基板 (24～33),0027000606,平成27年6月
46986,01030100,生産 金額 (百万円),351212000,電子回路基板 (24～33),0027000707,平成27年7月
42653,01030100,生産 金額 (百万円),351212000,電子回路基板 (24～33),0027000808,平成27年8月
47271,01030100,生産 金額 (百万円),351212000,電子回路基板 (24～33),0027000909,平成27年9月
47728,01030100,生産 金額 (百万円),351212000,電子回路基板 (24～33),0027001010,平成27年10月
42073,01030100,生産 金額 (百万円),351212000,電子回路基板 (24～33),0027001111,平成27年11月
39306,01030100,生産 金額 (百万円),351212000,電子回路基板 (24～33),0027001212,平成27年12月
392445,01030100,生産 金額 (百万円),351220000,電子回路基板 リジッドプリント配線板 (24～29),0023000000,平成23年
370295,01030100,生産 金額 (百万円),351220000,電子回路基板 リジッドプリント配線板 (24～29),0024000000,平成24年
331713,01030100,生産 金額 (百万円),351220000,電子回路基板 リジッドプリント配線板 (24～29),0025000000,平成25年
318243,01030100,生産 金額 (百万円),351220000,電子回路基板 リジッドプリント配線板 (24～29),0026000000,平成26年
312832,01030100,生産 金額 (百万円),351220000,電子回路基板 リジッドプリント配線板 (24～29),0027000000,平成27年
332929,01030100,生産 金額 (百万円),351220000,電子回路基板 リジッドプリント配線板 (24～29),0025010000,平成25年度
319208,01030100,生産 金額 (百万円),351220000,電子回路基板 リジッドプリント配線板 (24～29),0026010000,平成26年度
78778,01030100,生産 金額 (百万円),351220000,電子回路基板 リジッドプリント配線板 (24～29),0027000103,平成27年 1 ～ 3 月
79283,01030100,生産 金額 (百万円),351220000,電子回路基板 リジッドプリント配線板 (24～29),0027000406,平成27年 4 ～ 6 月
80298,01030100,生産 金額 (百万円),351220000,電子回路基板 リジッドプリント配線板 (24～29),0027000709,平成27年 7 ～ 9 月
74473,01030100,生産 金額 (百万円),351220000,電子回路基板 リジッドプリント配線板 (24～29),0027001012,平成27年 10 ～ 12 月
25452,01030100,生産 金額 (百万円),351220000,電子回路基板 リジッドプリント配線板 (24～29),0027000101,平成27年1月
25525,01030100,生産 金額 (百万円),351220000,電子回路基板 リジッドプリント配線板 (24～29),0027000202,平成27年2月
27801,01030100,生産 金額 (百万円),351220000,電子回路基板 リジッドプリント配線板 (24～29),0027000303,平成27年3月
26719,01030100,生産 金額 (百万円),351220000,電子回路基板 リジッドプリント配線板 (24～29),0027000404,平成27年4月
24284,01030100,生産 金額 (百万円),351220000,電子回路基板 リジッドプリント配線板 (24～29),0027000505,平成27年5月
28280,01030100,生産 金額 (百万円),351220000,電子回路基板 リジッドプリント配線板 (24～29),0027000606,平成27年6月
29352,01030100,生産 金額 (百万円),351220000,電子回路基板 リジッドプリント配線板 (24～29),0027000707,平成27年7月
24117,01030100,生産 金額 (百万円),351220000,電子回路基板 リジッドプリント配線板 (24～29),0027000808,平成27年8月
26829,01030100,生産 金額 (百万円),351220000,電子回路基板 リジッドプリント配線板 (24～29),0027000909,平成27年9月
26589,01030100,生産 金額 (百万円),351220000,電子回路基板 リジッドプリント配線板 (24～29),0027001010,平成27年10月
24150,01030100,生産 金額 (百万円),351220000,電子回路基板 リジッドプリント配線板 (24～29),0027001111,平成27年11月
23734,01030100,生産 金額 (百万円),351220000,電子回路基板 リジッドプリント配線板 (24～29),0027001212,平成27年12月
11319,01030100,生産 金額 (百万円),351221000,電子回路基板 リジッドプリント配線板 片面プリント配線板 (24),0023000000,平成23年
9878,01030100,生産 金額 (百万円),351221000,電子回路基板 リジッドプリント配線板 片面プリント配線板 (24),0024000000,平成24年
9467,01030100,生産 金額 (百万円),351221000,電子回路基板 リジッドプリント配線板 片面プリント配線板 (24),0025000000,平成25年
9367,01030100,生産 金額 (百万円),351221000,電子回路基板 リジッドプリント配線板 片面プリント配線板 (24),0026000000,平成26年
8851,01030100,生産 金額 (百万円),351221000,電子回路基板 リジッドプリント配線板 片面プリント配線板 (24),0027000000,平成27年
9605,01030100,生産 金額 (百万円),351221000,電子回路基板 リジッドプリント配線板 片面プリント配線板 (24),0025010000,平成25年度
9198,01030100,生産 金額 (百万円),351221000,電子回路基板 リジッドプリント配線板 片面プリント配線板 (24),0026010000,平成26年度
2228,01030100,生産 金額 (百万円),351221000,電子回路基板 リジッドプリント配線板 片面プリント配線板 (24),0027000103,平成27年 1 ～ 3 月
2135,01030100,生産 金額 (百万円),351221000,電子回路基板 リジッドプリント配線板 片面プリント配線板 (24),0027000406,平成27年 4 ～ 6 月
2248,01030100,生産 金額 (百万円),351221000,電子回路基板 リジッドプリント配線板 片面プリント配線板 (24),0027000709,平成27年 7 ～ 9 月
2240,01030100,生産 金額 (百万円),351221000,電子回路基板 リジッドプリント配線板 片面プリント配線板 (24),0027001012,平成27年 10 ～ 12 月
729,01030100,生産 金額 (百万円),351221000,電子回路基板 リジッドプリント配線板 片面プリント配線板 (24),0027000101,平成27年1月
729,01030100,生産 金額 (百万円),351221000,電子回路基板 リジッドプリント配線板 片面プリント配線板 (24),0027000202,平成27年2月
770,01030100,生産 金額 (百万円),351221000,電子回路基板 リジッドプリント配線板 片面プリント配線板 (24),0027000303,平成27年3月
705,01030100,生産 金額 (百万円),351221000,電子回路基板 リジッドプリント配線板 片面プリント配線板 (24),0027000404,平成27年4月
644,01030100,生産 金額 (百万円),351221000,電子回路基板 リジッドプリント配線板 片面プリント配線板 (24),0027000505,平成27年5月
786,01030100,生産 金額 (百万円),351221000,電子回路基板 リジッドプリント配線板 片面プリント配線板 (24),0027000606,平成27年6月
776,01030100,生産 金額 (百万円),351221000,電子回路基板 リジッドプリント配線板 片面プリント配線板 (24),0027000707,平成27年7月
687,01030100,生産 金額 (百万円),351221000,電子回路基板 リジッドプリント配線板 片面プリント配線板 (24),0027000808,平成27年8月
785,01030100,生産 金額 (百万円),351221000,電子回路基板 リジッドプリント配線板 片面プリント配線板 (24),0027000909,平成27年9月
790,01030100,生産 金額 (百万円),351221000,電子回路基板 リジッドプリント配線板 片面プリント配線板 (24),0027001010,平成27年10月
759,01030100,生産 金額 (百万円),351221000,電子回路基板 リジッドプリント配線板 片面プリント配線板 (24),0027001111,平成27年11月
691,01030100,生産 金額 (百万円),351221000,電子回路基板 リジッドプリント配線板 片面プリント配線板 (24),0027001212,平成27年12月
79147,01030100,生産 金額 (百万円),351222000,電子回路基板 リジッドプリント配線板 両面プリント配線板 (25),0023000000,平成23年
73156,01030100,生産 金額 (百万円),351222000,電子回路基板 リジッドプリント配線板 両面プリント配線板 (25),0024000000,平成24年
67558,01030100,生産 金額 (百万円),351222000,電子回路基板 リジッドプリント配線板 両面プリント配線板 (25),0025000000,平成25年
74372,01030100,生産 金額 (百万円),351222000,電子回路基板 リジッドプリント配線板 両面プリント配線板 (25),0026000000,平成26年
69641,01030100,生産 金額 (百万円),351222000,電子回路基板 リジッドプリント配線板 両面プリント配線板 (25),0027000000,平成27年
69364,01030100,生産 金額 (百万円),351222000,電子回路基板 リジッドプリント配線板 両面プリント配線板 (25),0025010000,平成25年度
74293,01030100,生産 金額 (百万円),351222000,電子回路基板 リジッドプリント配線板 両面プリント配線板 (25),0026010000,平成26年度
17589,01030100,生産 金額 (百万円),351222000,電子回路基板 リジッドプリント配線板 両面プリント配線板 (25),0027000103,平成27年 1 ～ 3 月
17568,01030100,生産 金額 (百万円),351222000,電子回路基板 リジッドプリント配線板 両面プリント配線板 (25),0027000406,平成27年 4 ～ 6 月
17821,01030100,生産 金額 (百万円),351222000,電子回路基板 リジッドプリント配線板 両面プリント配線板 (25),0027000709,平成27年 7 ～ 9 月
16663,01030100,生産 金額 (百万円),351222000,電子回路基板 リジッドプリント配線板 両面プリント配線板 (25),0027001012,平成27年 10 ～ 12 月
5775,01030100,生産 金額 (百万円),351222000,電子回路基板 リジッドプリント配線板 両面プリント配線板 (25),0027000101,平成27年1月
5727,01030100,生産 金額 (百万円),351222000,電子回路基板 リジッドプリント配線板 両面プリント配線板 (25),0027000202,平成27年2月
6087,01030100,生産 金額 (百万円),351222000,電子回路基板 リジッドプリント配線板 両面プリント配線板 (25),0027000303,平成27年3月
6030,01030100,生産 金額 (百万円),351222000,電子回路基板 リジッドプリント配線板 両面プリント配線板 (25),0027000404,平成27年4月
5361,01030100,生産 金額 (百万円),351222000,電子回路基板 リジッドプリント配線板 両面プリント配線板 (25),0027000505,平成27年5月
6177,01030100,生産 金額 (百万円),351222000,電子回路基板 リジッドプリント配線板 両面プリント配線板 (25),0027000606,平成27年6月
6419,01030100,生産 金額 (百万円),351222000,電子回路基板 リジッドプリント配線板 両面プリント配線板 (25),0027000707,平成27年7月
5406,01030100,生産 金額 (百万円),351222000,電子回路基板 リジッドプリント配線板 両面プリント配線板 (25),0027000808,平成27年8月
5996,01030100,生産 金額 (百万円),351222000,電子回路基板 リジッドプリント配線板 両面プリント配線板 (25),0027000909,平成27年9月
5876,01030100,生産 金額 (百万円),351222000,電子回路基板 リジッドプリント配線板 両面プリント配線板 (25),0027001010,平成27年10月
5489,01030100,生産 金額 (百万円),351222000,電子回路基板 リジッドプリント配線板 両面プリント配線板 (25),0027001111,平成27年11月
5298,01030100,生産 金額 (百万円),351222000,電子回路基板 リジッドプリント配線板 両面プリント配線板 (25),0027001212,平成27年12月
61178,01030100,生産 金額 (百万円),351223000,電子回路基板 リジッドプリント配線板 多層プリント配線板（4層） (26),0023000000,平成23年
60810,01030100,生産 金額 (百万円),351223000,電子回路基板 リジッドプリント配線板 多層プリント配線板（4層） (26),0024000000,平成24年
56334,01030100,生産 金額 (百万円),351223000,電子回路基板 リジッドプリント配線板 多層プリント配線板（4層） (26),0025000000,平成25年
56690,01030100,生産 金額 (百万円),351223000,電子回路基板 リジッドプリント配線板 多層プリント配線板（4層） (26),0026000000,平成26年
52121,01030100,生産 金額 (百万円),351223000,電子回路基板 リジッドプリント配線板 多層プリント配線板（4層） (26),0027000000,平成27年
57327,01030100,生産 金額 (百万円),351223000,電子回路基板 リジッドプリント配線板 多層プリント配線板（4層） (26),0025010000,平成25年度
56139,01030100,生産 金額 (百万円),351223000,電子回路基板 リジッドプリント配線板 多層プリント配線板（4層） (26),0026010000,平成26年度
13230,01030100,生産 金額 (百万円),351223000,電子回路基板 リジッドプリント配線板 多層プリント配線板（4層） (26),0027000103,平成27年 1 ～ 3 月
13317,01030100,生産 金額 (百万円),351223000,電子回路基板 リジッドプリント配線板 多層プリント配線板（4層） (26),0027000406,平成27年 4 ～ 6 月
13092,01030100,生産 金額 (百万円),351223000,電子回路基板 リジッドプリント配線板 多層プリント配線板（4層） (26),0027000709,平成27年 7 ～ 9 月
12482,01030100,生産 金額 (百万円),351223000,電子回路基板 リジッドプリント配線板 多層プリント配線板（4層） (26),0027001012,平成27年 10 ～ 12 月
4384,01030100,生産 金額 (百万円),351223000,電子回路基板 リジッドプリント配線板 多層プリント配線板（4層） (26),0027000101,平成27年1月
4258,01030100,生産 金額 (百万円),351223000,電子回路基板 リジッドプリント配線板 多層プリント配線板（4層） (26),0027000202,平成27年2月
4588,01030100,生産 金額 (百万円),351223000,電子回路基板 リジッドプリント配線板 多層プリント配線板（4層） (26),0027000303,平成27年3月
4581,01030100,生産 金額 (百万円),351223000,電子回路基板 リジッドプリント配線板 多層プリント配線板（4層） (26),0027000404,平成27年4月
4179,01030100,生産 金額 (百万円),351223000,電子回路基板 リジッドプリント配線板 多層プリント配線板（4層） (26),0027000505,平成27年5月
4557,01030100,生産 金額 (百万円),351223000,電子回路基板 リジッドプリント配線板 多層プリント配線板（4層） (26),0027000606,平成27年6月
4852,01030100,生産 金額 (百万円),351223000,電子回路基板 リジッドプリント配線板 多層プリント配線板（4層） (26),0027000707,平成27年7月
3826,01030100,生産 金額 (百万円),351223000,電子回路基板 リジッドプリント配線板 多層プリント配線板（4層） (26),0027000808,平成27年8月
4414,01030100,生産 金額 (百万円),351223000,電子回路基板 リジッドプリント配線板 多層プリント配線板（4層） (26),0027000909,平成27年9月
4372,01030100,生産 金額 (百万円),351223000,電子回路基板 リジッドプリント配線板 多層プリント配線板（4層） (26),0027001010,平成27年10月
4117,01030100,生産 金額 (百万円),351223000,電子回路基板 リジッドプリント配線板 多層プリント配線板（4層） (26),0027001111,平成27年11月
3993,01030100,生産 金額 (百万円),351223000,電子回路基板 リジッドプリント配線板 多層プリント配線板（4層） (26),0027001212,平成27年12月
83802,01030100,生産 金額 (百万円),351224000,電子回路基板 リジッドプリント配線板 多層プリント配線板（6～8層） (27),0023000000,平成23年
79940,01030100,生産 金額 (百万円),351224000,電子回路基板 リジッドプリント配線板 多層プリント配線板（6～8層） (27),0024000000,平成24年
65602,01030100,生産 金額 (百万円),351224000,電子回路基板 リジッドプリント配線板 多層プリント配線板（6～8層） (27),0025000000,平成25年
62480,01030100,生産 金額 (百万円),351224000,電子回路基板 リジッドプリント配線板 多層プリント配線板（6～8層） (27),0026000000,平成26年
63105,01030100,生産 金額 (百万円),351224000,電子回路基板 リジッドプリント配線板 多層プリント配線板（6～8層） (27),0027000000,平成27年
66924,01030100,生産 金額 (百万円),351224000,電子回路基板 リジッドプリント配線板 多層プリント配線板（6～8層） (27),0025010000,平成25年度
61969,01030100,生産 金額 (百万円),351224000,電子回路基板 リジッドプリント配線板 多層プリント配線板（6～8層） (27),0026010000,平成26年度
16124,01030100,生産 金額 (百万円),351224000,電子回路基板 リジッドプリント配線板 多層プリント配線板（6～8層） (27),0027000103,平成27年 1 ～ 3 月
15514,01030100,生産 金額 (百万円),351224000,電子回路基板 リジッドプリント配線板 多層プリント配線板（6～8層） (27),0027000406,平成27年 4 ～ 6 月
16065,01030100,生産 金額 (百万円),351224000,電子回路基板 リジッドプリント配線板 多層プリント配線板（6～8層） (27),0027000709,平成27年 7 ～ 9 月
15402,01030100,生産 金額 (百万円),351224000,電子回路基板 リジッドプリント配線板 多層プリント配線板（6～8層） (27),0027001012,平成27年 10 ～ 12 月
5300,01030100,生産 金額 (百万円),351224000,電子回路基板 リジッドプリント配線板 多層プリント配線板（6～8層） (27),0027000101,平成27年1月
5128,01030100,生産 金額 (百万円),351224000,電子回路基板 リジッドプリント配線板 多層プリント配線板（6～8層） (27),0027000202,平成27年2月
5696,01030100,生産 金額 (百万円),351224000,電子回路基板 リジッドプリント配線板 多層プリント配線板（6～8層） (27),0027000303,平成27年3月
5048,01030100,生産 金額 (百万円),351224000,電子回路基板 リジッドプリント配線板 多層プリント配線板（6～8層） (27),0027000404,平成27年4月
4746,01030100,生産 金額 (百万円),351224000,電子回路基板 リジッドプリント配線板 多層プリント配線板（6～8層） (27),0027000505,平成27年5月
5720,01030100,生産 金額 (百万円),351224000,電子回路基板 リジッドプリント配線板 多層プリント配線板（6～8層） (27),0027000606,平成27年6月
5744,01030100,生産 金額 (百万円),351224000,電子回路基板 リジッドプリント配線板 多層プリント配線板（6～8層） (27),0027000707,平成27年7月
4923,01030100,生産 金額 (百万円),351224000,電子回路基板 リジッドプリント配線板 多層プリント配線板（6～8層） (27),0027000808,平成27年8月
5398,01030100,生産 金額 (百万円),351224000,電子回路基板 リジッドプリント配線板 多層プリント配線板（6～8層） (27),0027000909,平成27年9月
5254,01030100,生産 金額 (百万円),351224000,電子回路基板 リジッドプリント配線板 多層プリント配線板（6～8層） (27),0027001010,平成27年10月
5072,01030100,生産 金額 (百万円),351224000,電子回路基板 リジッドプリント配線板 多層プリント配線板（6～8層） (27),0027001111,平成27年11月
5076,01030100,生産 金額 (百万円),351224000,電子回路基板 リジッドプリント配線板 多層プリント配線板（6～8層） (27),0027001212,平成27年12月
29107,01030100,生産 金額 (百万円),351225000,電子回路基板 リジッドプリント配線板 多層プリント配線板（10層以上） (28),0023000000,平成23年
25394,01030100,生産 金額 (百万円),351225000,電子回路基板 リジッドプリント配線板 多層プリント配線板（10層以上） (28),0024000000,平成24年
24703,01030100,生産 金額 (百万円),351225000,電子回路基板 リジッドプリント配線板 多層プリント配線板（10層以上） (28),0025000000,平成25年
18466,01030100,生産 金額 (百万円),351225000,電子回路基板 リジッドプリント配線板 多層プリント配線板（10層以上） (28),0026000000,平成26年
18108,01030100,生産 金額 (百万円),351225000,電子回路基板 リジッドプリント配線板 多層プリント配線板（10層以上） (28),0027000000,平成27年
23548,01030100,生産 金額 (百万円),351225000,電子回路基板 リジッドプリント配線板 多層プリント配線板（10層以上） (28),0025010000,平成25年度
18346,01030100,生産 金額 (百万円),351225000,電子回路基板 リジッドプリント配線板 多層プリント配線板（10層以上） (28),0026010000,平成26年度
4606,01030100,生産 金額 (百万円),351225000,電子回路基板 リジッドプリント配線板 多層プリント配線板（10層以上） (28),0027000103,平成27年 1 ～ 3 月
4882,01030100,生産 金額 (百万円),351225000,電子回路基板 リジッドプリント配線板 多層プリント配線板（10層以上） (28),0027000406,平成27年 4 ～ 6 月
4726,01030100,生産 金額 (百万円),351225000,電子回路基板 リジッドプリント配線板 多層プリント配線板（10層以上） (28),0027000709,平成27年 7 ～ 9 月
3894,01030100,生産 金額 (百万円),351225000,電子回路基板 リジッドプリント配線板 多層プリント配線板（10層以上） (28),0027001012,平成27年 10 ～ 12 月
1433,01030100,生産 金額 (百万円),351225000,電子回路基板 リジッドプリント配線板 多層プリント配線板（10層以上） (28),0027000101,平成27年1月
1466,01030100,生産 金額 (百万円),351225000,電子回路基板 リジッドプリント配線板 多層プリント配線板（10層以上） (28),0027000202,平成27年2月
1707,01030100,生産 金額 (百万円),351225000,電子回路基板 リジッドプリント配線板 多層プリント配線板（10層以上） (28),0027000303,平成27年3月
1372,01030100,生産 金額 (百万円),351225000,電子回路基板 リジッドプリント配線板 多層プリント配線板（10層以上） (28),0027000404,平成27年4月
1681,01030100,生産 金額 (百万円),351225000,電子回路基板 リジッドプリント配線板 多層プリント配線板（10層以上） (28),0027000505,平成27年5月
1829,01030100,生産 金額 (百万円),351225000,電子回路基板 リジッドプリント配線板 多層プリント配線板（10層以上） (28),0027000606,平成27年6月
1887,01030100,生産 金額 (百万円),351225000,電子回路基板 リジッドプリント配線板 多層プリント配線板（10層以上） (28),0027000707,平成27年7月
1331,01030100,生産 金額 (百万円),351225000,電子回路基板 リジッドプリント配線板 多層プリント配線板（10層以上） (28),0027000808,平成27年8月
1508,01030100,生産 金額 (百万円),351225000,電子回路基板 リジッドプリント配線板 多層プリント配線板（10層以上） (28),0027000909,平成27年9月
1396,01030100,生産 金額 (百万円),351225000,電子回路基板 リジッドプリント配線板 多層プリント配線板（10層以上） (28),0027001010,平成27年10月
1233,01030100,生産 金額 (百万円),351225000,電子回路基板 リジッドプリント配線板 多層プリント配線板（10層以上） (28),0027001111,平成27年11月
1265,01030100,生産 金額 (百万円),351225000,電子回路基板 リジッドプリント配線板 多層プリント配線板（10層以上） (28),0027001212,平成27年12月
127892,01030100,生産 金額 (百万円),351226000,電子回路基板 リジッドプリント配線板 ビルドアップ多層配線板 (29),0023000000,平成23年
121117,01030100,生産 金額 (百万円),351226000,電子回路基板 リジッドプリント配線板 ビルドアップ多層配線板 (29),0024000000,平成24年
108049,01030100,生産 金額 (百万円),351226000,電子回路基板 リジッドプリント配線板 ビルドアップ多層配線板 (29),0025000000,平成25年
96868,01030100,生産 金額 (百万円),351226000,電子回路基板 リジッドプリント配線板 ビルドアップ多層配線板 (29),0026000000,平成26年
101006,01030100,生産 金額 (百万円),351226000,電子回路基板 リジッドプリント配線板 ビルドアップ多層配線板 (29),0027000000,平成27年
106161,01030100,生産 金額 (百万円),351226000,電子回路基板 リジッドプリント配線板 ビルドアップ多層配線板 (29),0025010000,平成25年度
99263,01030100,生産 金額 (百万円),351226000,電子回路基板 リジッドプリント配線板 ビルドアップ多層配線板 (29),0026010000,平成26年度
25001,01030100,生産 金額 (百万円),351226000,電子回路基板 リジッドプリント配線板 ビルドアップ多層配線板 (29),0027000103,平成27年 1 ～ 3 月
25867,01030100,生産 金額 (百万円),351226000,電子回路基板 リジッドプリント配線板 ビルドアップ多層配線板 (29),0027000406,平成27年 4 ～ 6 月
26346,01030100,生産 金額 (百万円),351226000,電子回路基板 リジッドプリント配線板 ビルドアップ多層配線板 (29),0027000709,平成27年 7 ～ 9 月
23792,01030100,生産 金額 (百万円),351226000,電子回路基板 リジッドプリント配線板 ビルドアップ多層配線板 (29),0027001012,平成27年 10 ～ 12 月
7831,01030100,生産 金額 (百万円),351226000,電子回路基板 リジッドプリント配線板 ビルドアップ多層配線板 (29),0027000101,平成27年1月
8217,01030100,生産 金額 (百万円),351226000,電子回路基板 リジッドプリント配線板 ビルドアップ多層配線板 (29),0027000202,平成27年2月
8953,01030100,生産 金額 (百万円),351226000,電子回路基板 リジッドプリント配線板 ビルドアップ多層配線板 (29),0027000303,平成27年3月
8983,01030100,生産 金額 (百万円),351226000,電子回路基板 リジッドプリント配線板 ビルドアップ多層配線板 (29),0027000404,平成27年4月
7673,01030100,生産 金額 (百万円),351226000,電子回路基板 リジッドプリント配線板 ビルドアップ多層配線板 (29),0027000505,平成27年5月
9211,01030100,生産 金額 (百万円),351226000,電子回路基板 リジッドプリント配線板 ビルドアップ多層配線板 (29),0027000606,平成27年6月
9674,01030100,生産 金額 (百万円),351226000,電子回路基板 リジッドプリント配線板 ビルドアップ多層配線板 (29),0027000707,平成27年7月
7944,01030100,生産 金額 (百万円),351226000,電子回路基板 リジッドプリント配線板 ビルドアップ多層配線板 (29),0027000808,平成27年8月
8728,01030100,生産 金額 (百万円),351226000,電子回路基板 リジッドプリント配線板 ビルドアップ多層配線板 (29),0027000909,平成27年9月
8901,01030100,生産 金額 (百万円),351226000,電子回路基板 リジッドプリント配線板 ビルドアップ多層配線板 (29),0027001010,平成27年10月
7480,01030100,生産 金額 (百万円),351226000,電子回路基板 リジッドプリント配線板 ビルドアップ多層配線板 (29),0027001111,平成27年11月
7411,01030100,生産 金額 (百万円),351226000,電子回路基板 リジッドプリント配線板 ビルドアップ多層配線板 (29),0027001212,平成27年12月
78940,01030100,生産 金額 (百万円),351230000,電子回路基板 フレキシブルプリント配線板 (30～31),0023000000,平成23年
81466,01030100,生産 金額 (百万円),351230000,電子回路基板 フレキシブルプリント配線板 (30～31),0024000000,平成24年
60556,01030100,生産 金額 (百万円),351230000,電子回路基板 フレキシブルプリント配線板 (30～31),0025000000,平成25年
58744,01030100,生産 金額 (百万円),351230000,電子回路基板 フレキシブルプリント配線板 (30～31),0026000000,平成26年
73828,01030100,生産 金額 (百万円),351230000,電子回路基板 フレキシブルプリント配線板 (30～31),0027000000,平成27年
60295,01030100,生産 金額 (百万円),351230000,電子回路基板 フレキシブルプリント配線板 (30～31),0025010000,平成25年度
62091,01030100,生産 金額 (百万円),351230000,電子回路基板 フレキシブルプリント配線板 (30～31),0026010000,平成26年度
15996,01030100,生産 金額 (百万円),351230000,電子回路基板 フレキシブルプリント配線板 (30～31),0027000103,平成27年 1 ～ 3 月
15910,01030100,生産 金額 (百万円),351230000,電子回路基板 フレキシブルプリント配線板 (30～31),0027000406,平成27年 4 ～ 6 月
21056,01030100,生産 金額 (百万円),351230000,電子回路基板 フレキシブルプリント配線板 (30～31),0027000709,平成27年 7 ～ 9 月
20866,01030100,生産 金額 (百万円),351230000,電子回路基板 フレキシブルプリント配線板 (30～31),0027001012,平成27年 10 ～ 12 月
5936,01030100,生産 金額 (百万円),351230000,電子回路基板 フレキシブルプリント配線板 (30～31),0027000101,平成27年1月
5207,01030100,生産 金額 (百万円),351230000,電子回路基板 フレキシブルプリント配線板 (30～31),0027000202,平成27年2月
4853,01030100,生産 金額 (百万円),351230000,電子回路基板 フレキシブルプリント配線板 (30～31),0027000303,平成27年3月
5339,01030100,生産 金額 (百万円),351230000,電子回路基板 フレキシブルプリント配線板 (30～31),0027000404,平成27年4月
4946,01030100,生産 金額 (百万円),351230000,電子回路基板 フレキシブルプリント配線板 (30～31),0027000505,平成27年5月
5625,01030100,生産 金額 (百万円),351230000,電子回路基板 フレキシブルプリント配線板 (30～31),0027000606,平成27年6月
6721,01030100,生産 金額 (百万円),351230000,電子回路基板 フレキシブルプリント配線板 (30～31),0027000707,平成27年7月
6899,01030100,生産 金額 (百万円),351230000,電子回路基板 フレキシブルプリント配線板 (30～31),0027000808,平成27年8月
7436,01030100,生産 金額 (百万円),351230000,電子回路基板 フレキシブルプリント配線板 (30～31),0027000909,平成27年9月
8330,01030100,生産 金額 (百万円),351230000,電子回路基板 フレキシブルプリント配線板 (30～31),0027001010,平成27年10月
7730,01030100,生産 金額 (百万円),351230000,電子回路基板 フレキシブルプリント配線板 (30～31),0027001111,平成27年11月
4806,01030100,生産 金額 (百万円),351230000,電子回路基板 フレキシブルプリント配線板 (30～31),0027001212,平成27年12月
16766,01030100,生産 金額 (百万円),351300000,電子回路基板 フレキシブルプリント配線板 片面フレキシブル配線板 (30),0023000000,平成23年
13133,01030100,生産 金額 (百万円),351300000,電子回路基板 フレキシブルプリント配線板 片面フレキシブル配線板 (30),0024000000,平成24年
9687,01030100,生産 金額 (百万円),351300000,電子回路基板 フレキシブルプリント配線板 片面フレキシブル配線板 (30),0025000000,平成25年
9907,01030100,生産 金額 (百万円),351300000,電子回路基板 フレキシブルプリント配線板 片面フレキシブル配線板 (30),0026000000,平成26年
17483,01030100,生産 金額 (百万円),351300000,電子回路基板 フレキシブルプリント配線板 片面フレキシブル配線板 (30),0027000000,平成27年
9519,01030100,生産 金額 (百万円),351300000,電子回路基板 フレキシブルプリント配線板 片面フレキシブル配線板 (30),0025010000,平成25年度
9714,01030100,生産 金額 (百万円),351300000,電子回路基板 フレキシブルプリント配線板 片面フレキシブル配線板 (30),0026010000,平成26年度
2179,01030100,生産 金額 (百万円),351300000,電子回路基板 フレキシブルプリント配線板 片面フレキシブル配線板 (30),0027000103,平成27年 1 ～ 3 月
3077,01030100,生産 金額 (百万円),351300000,電子回路基板 フレキシブルプリント配線板 片面フレキシブル配線板 (30),0027000406,平成27年 4 ～ 6 月
7554,01030100,生産 金額 (百万円),351300000,電子回路基板 フレキシブルプリント配線板 片面フレキシブル配線板 (30),0027000709,平成27年 7 ～ 9 月
4673,01030100,生産 金額 (百万円),351300000,電子回路基板 フレキシブルプリント配線板 片面フレキシブル配線板 (30),0027001012,平成27年 10 ～ 12 月
689,01030100,生産 金額 (百万円),351300000,電子回路基板 フレキシブルプリント配線板 片面フレキシブル配線板 (30),0027000101,平成27年1月
737,01030100,生産 金額 (百万円),351300000,電子回路基板 フレキシブルプリント配線板 片面フレキシブル配線板 (30),0027000202,平成27年2月
753,01030100,生産 金額 (百万円),351300000,電子回路基板 フレキシブルプリント配線板 片面フレキシブル配線板 (30),0027000303,平成27年3月
918,01030100,生産 金額 (百万円),351300000,電子回路基板 フレキシブルプリント配線板 片面フレキシブル配線板 (30),0027000404,平成27年4月
757,01030100,生産 金額 (百万円),351300000,電子回路基板 フレキシブルプリント配線板 片面フレキシブル配線板 (30),0027000505,平成27年5月
1402,01030100,生産 金額 (百万円),351300000,電子回路基板 フレキシブルプリント配線板 片面フレキシブル配線板 (30),0027000606,平成27年6月
2445,01030100,生産 金額 (百万円),351300000,電子回路基板 フレキシブルプリント配線板 片面フレキシブル配線板 (30),0027000707,平成27年7月
3045,01030100,生産 金額 (百万円),351300000,電子回路基板 フレキシブルプリント配線板 片面フレキシブル配線板 (30),0027000808,平成27年8月
2064,01030100,生産 金額 (百万円),351300000,電子回路基板 フレキシブルプリント配線板 片面フレキシブル配線板 (30),0027000909,平成27年9月
1519,01030100,生産 金額 (百万円),351300000,電子回路基板 フレキシブルプリント配線板 片面フレキシブル配線板 (30),0027001010,平成27年10月
1252,01030100,生産 金額 (百万円),351300000,電子回路基板 フレキシブルプリント配線板 片面フレキシブル配線板 (30),0027001111,平成27年11月
1902,01030100,生産 金額 (百万円),351300000,電子回路基板 フレキシブルプリント配線板 片面フレキシブル配線板 (30),0027001212,平成27年12月
62174,01030100,生産 金額 (百万円),351310000,電子回路基板 フレキシブルプリント配線板 両面・多層フレキシブル配線板 (31),0023000000,平成23年
68333,01030100,生産 金額 (百万円),351310000,電子回路基板 フレキシブルプリント配線板 両面・多層フレキシブル配線板 (31),0024000000,平成24年
50869,01030100,生産 金額 (百万円),351310000,電子回路基板 フレキシブルプリント配線板 両面・多層フレキシブル配線板 (31),0025000000,平成25年
48837,01030100,生産 金額 (百万円),351310000,電子回路基板 フレキシブルプリント配線板 両面・多層フレキシブル配線板 (31),0026000000,平成26年
56345,01030100,生産 金額 (百万円),351310000,電子回路基板 フレキシブルプリント配線板 両面・多層フレキシブル配線板 (31),0027000000,平成27年
50776,01030100,生産 金額 (百万円),351310000,電子回路基板 フレキシブルプリント配線板 両面・多層フレキシブル配線板 (31),0025010000,平成25年度
52377,01030100,生産 金額 (百万円),351310000,電子回路基板 フレキシブルプリント配線板 両面・多層フレキシブル配線板 (31),0026010000,平成26年度
13817,01030100,生産 金額 (百万円),351310000,電子回路基板 フレキシブルプリント配線板 両面・多層フレキシブル配線板 (31),0027000103,平成27年 1 ～ 3 月
12833,01030100,生産 金額 (百万円),351310000,電子回路基板 フレキシブルプリント配線板 両面・多層フレキシブル配線板 (31),0027000406,平成27年 4 ～ 6 月
13502,01030100,生産 金額 (百万円),351310000,電子回路基板 フレキシブルプリント配線板 両面・多層フレキシブル配線板 (31),0027000709,平成27年 7 ～ 9 月
16193,01030100,生産 金額 (百万円),351310000,電子回路基板 フレキシブルプリント配線板 両面・多層フレキシブル配線板 (31),0027001012,平成27年 10 ～ 12 月
5247,01030100,生産 金額 (百万円),351310000,電子回路基板 フレキシブルプリント配線板 両面・多層フレキシブル配線板 (31),0027000101,平成27年1月
4470,01030100,生産 金額 (百万円),351310000,電子回路基板 フレキシブルプリント配線板 両面・多層フレキシブル配線板 (31),0027000202,平成27年2月
4100,01030100,生産 金額 (百万円),351310000,電子回路基板 フレキシブルプリント配線板 両面・多層フレキシブル配線板 (31),0027000303,平成27年3月
4421,01030100,生産 金額 (百万円),351310000,電子回路基板 フレキシブルプリント配線板 両面・多層フレキシブル配線板 (31),0027000404,平成27年4月
4189,01030100,生産 金額 (百万円),351310000,電子回路基板 フレキシブルプリント配線板 両面・多層フレキシブル配線板 (31),0027000505,平成27年5月
4223,01030100,生産 金額 (百万円),351310000,電子回路基板 フレキシブルプリント配線板 両面・多層フレキシブル配線板 (31),0027000606,平成27年6月
4276,01030100,生産 金額 (百万円),351310000,電子回路基板 フレキシブルプリント配線板 両面・多層フレキシブル配線板 (31),0027000707,平成27年7月
3854,01030100,生産 金額 (百万円),351310000,電子回路基板 フレキシブルプリント配線板 両面・多層フレキシブル配線板 (31),0027000808,平成27年8月
5372,01030100,生産 金額 (百万円),351310000,電子回路基板 フレキシブルプリント配線板 両面・多層フレキシブル配線板 (31),0027000909,平成27年9月
6811,01030100,生産 金額 (百万円),351310000,電子回路基板 フレキシブルプリント配線板 両面・多層フレキシブル配線板 (31),0027001010,平成27年10月
6478,01030100,生産 金額 (百万円),351310000,電子回路基板 フレキシブルプリント配線板 両面・多層フレキシブル配線板 (31),0027001111,平成27年11月
2904,01030100,生産 金額 (百万円),351310000,電子回路基板 フレキシブルプリント配線板 両面・多層フレキシブル配線板 (31),0027001212,平成27年12月
137486,01030100,生産 金額 (百万円),351311000,電子回路基板 モジュール基板 (32～33),0023000000,平成23年
132033,01030100,生産 金額 (百万円),351311000,電子回路基板 モジュール基板 (32～33),0024000000,平成24年
104442,01030100,生産 金額 (百万円),351311000,電子回路基板 モジュール基板 (32～33),0025000000,平成25年
108331,01030100,生産 金額 (百万円),351311000,電子回路基板 モジュール基板 (32～33),0026000000,平成26年
128070,01030100,生産 金額 (百万円),351311000,電子回路基板 モジュール基板 (32～33),0027000000,平成27年
103230,01030100,生産 金額 (百万円),351311000,電子回路基板 モジュール基板 (32～33),0025010000,平成25年度
114687,01030100,生産 金額 (百万円),351311000,電子回路基板 モジュール基板 (32～33),0026010000,平成26年度
29584,01030100,生産 金額 (百万円),351311000,電子回路基板 モジュール基板 (32～33),0027000103,平成27年 1 ～ 3 月
29162,01030100,生産 金額 (百万円),351311000,電子回路基板 モジュール基板 (32～33),0027000406,平成27年 4 ～ 6 月
35556,01030100,生産 金額 (百万円),351311000,電子回路基板 モジュール基板 (32～33),0027000709,平成27年 7 ～ 9 月
33768,01030100,生産 金額 (百万円),351311000,電子回路基板 モジュール基板 (32～33),0027001012,平成27年 10 ～ 12 月
9875,01030100,生産 金額 (百万円),351311000,電子回路基板 モジュール基板 (32～33),0027000101,平成27年1月
9549,01030100,生産 金額 (百万円),351311000,電子回路基板 モジュール基板 (32～33),0027000202,平成27年2月
10160,01030100,生産 金額 (百万円),351311000,電子回路基板 モジュール基板 (32～33),0027000303,平成27年3月
9759,01030100,生産 金額 (百万円),351311000,電子回路基板 モジュール基板 (32～33),0027000404,平成27年4月
9137,01030100,生産 金額 (百万円),351311000,電子回路基板 モジュール基板 (32～33),0027000505,平成27年5月
10266,01030100,生産 金額 (百万円),351311000,電子回路基板 モジュール基板 (32～33),0027000606,平成27年6月
10913,01030100,生産 金額 (百万円),351311000,電子回路基板 モジュール基板 (32～33),0027000707,平成27年7月
11637,01030100,生産 金額 (百万円),351311000,電子回路基板 モジュール基板 (32～33),0027000808,平成27年8月
13006,01030100,生産 金額 (百万円),351311000,電子回路基板 モジュール基板 (32～33),0027000909,平成27年9月
12809,01030100,生産 金額 (百万円),351311000,電子回路基板 モジュール基板 (32～33),0027001010,平成27年10月
10193,01030100,生産 金額 (百万円),351311000,電子回路基板 モジュール基板 (32～33),0027001111,平成27年11月
10766,01030100,生産 金額 (百万円),351311000,電子回路基板 モジュール基板 (32～33),0027001212,平成27年12月
123778,01030100,生産 金額 (百万円),351312000,電子回路基板 モジュール基板 リジッド系モジュール基板 (32),0023000000,平成23年
123445,01030100,生産 金額 (百万円),351312000,電子回路基板 モジュール基板 リジッド系モジュール基板 (32),0024000000,平成24年
100942,01030100,生産 金額 (百万円),351312000,電子回路基板 モジュール基板 リジッド系モジュール基板 (32),0025000000,平成25年
105471,01030100,生産 金額 (百万円),351312000,電子回路基板 モジュール基板 リジッド系モジュール基板 (32),0026000000,平成26年
124089,01030100,生産 金額 (百万円),351312000,電子回路基板 モジュール基板 リジッド系モジュール基板 (32),0027000000,平成27年
100190,01030100,生産 金額 (百万円),351312000,電子回路基板 モジュール基板 リジッド系モジュール基板 (32),0025010000,平成25年度
111501,01030100,生産 金額 (百万円),351312000,電子回路基板 モジュール基板 リジッド系モジュール基板 (32),0026010000,平成26年度
28535,01030100,生産 金額 (百万円),351312000,電子回路基板 モジュール基板 リジッド系モジュール基板 (32),0027000103,平成27年 1 ～ 3 月
28042,01030100,生産 金額 (百万円),351312000,電子回路基板 モジュール基板 リジッド系モジュール基板 (32),0027000406,平成27年 4 ～ 6 月
34605,01030100,生産 金額 (百万円),351312000,電子回路基板 モジュール基板 リジッド系モジュール基板 (32),0027000709,平成27年 7 ～ 9 月
32907,01030100,生産 金額 (百万円),351312000,電子回路基板 モジュール基板 リジッド系モジュール基板 (32),0027001012,平成27年 10 ～ 12 月
9531,01030100,生産 金額 (百万円),351312000,電子回路基板 モジュール基板 リジッド系モジュール基板 (32),0027000101,平成27年1月
9204,01030100,生産 金額 (百万円),351312000,電子回路基板 モジュール基板 リジッド系モジュール基板 (32),0027000202,平成27年2月
9800,01030100,生産 金額 (百万円),351312000,電子回路基板 モジュール基板 リジッド系モジュール基板 (32),0027000303,平成27年3月
9400,01030100,生産 金額 (百万円),351312000,電子回路基板 モジュール基板 リジッド系モジュール基板 (32),0027000404,平成27年4月
8764,01030100,生産 金額 (百万円),351312000,電子回路基板 モジュール基板 リジッド系モジュール基板 (32),0027000505,平成27年5月
9878,01030100,生産 金額 (百万円),351312000,電子回路基板 モジュール基板 リジッド系モジュール基板 (32),0027000606,平成27年6月
10552,01030100,生産 金額 (百万円),351312000,電子回路基板 モジュール基板 リジッド系モジュール基板 (32),0027000707,平成27年7月
11363,01030100,生産 金額 (百万円),351312000,電子回路基板 モジュール基板 リジッド系モジュール基板 (32),0027000808,平成27年8月
12690,01030100,生産 金額 (百万円),351312000,電子回路基板 モジュール基板 リジッド系モジュール基板 (32),0027000909,平成27年9月
12475,01030100,生産 金額 (百万円),351312000,電子回路基板 モジュール基板 リジッド系モジュール基板 (32),0027001010,平成27年10月
9927,01030100,生産 金額 (百万円),351312000,電子回路基板 モジュール基板 リジッド系モジュール基板 (32),0027001111,平成27年11月
10505,01030100,生産 金額 (百万円),351312000,電子回路基板 モジュール基板 リジッド系モジュール基板 (32),0027001212,平成27年12月
13708,01030100,生産 金額 (百万円),351313000,電子回路基板 モジュール基板 その他のモジュール基板 (33),0023000000,平成23年
8588,01030100,生産 金額 (百万円),351313000,電子回路基板 モジュール基板 その他のモジュール基板 (33),0024000000,平成24年
3500,01030100,生産 金額 (百万円),351313000,電子回路基板 モジュール基板 その他のモジュール基板 (33),0025000000,平成25年
2860,01030100,生産 金額 (百万円),351313000,電子回路基板 モジュール基板 その他のモジュール基板 (33),0026000000,平成26年
3981,01030100,生産 金額 (百万円),351313000,電子回路基板 モジュール基板 その他のモジュール基板 (33),0027000000,平成27年
3040,01030100,生産 金額 (百万円),351313000,電子回路基板 モジュール基板 その他のモジュール基板 (33),0025010000,平成25年度
3186,01030100,生産 金額 (百万円),351313000,電子回路基板 モジュール基板 その他のモジュール基板 (33),0026010000,平成26年度
1049,01030100,生産 金額 (百万円),351313000,電子回路基板 モジュール基板 その他のモジュール基板 (33),0027000103,平成27年 1 ～ 3 月
1120,01030100,生産 金額 (百万円),351313000,電子回路基板 モジュール基板 その他のモジュール基板 (33),0027000406,平成27年 4 ～ 6 月
951,01030100,生産 金額 (百万円),351313000,電子回路基板 モジュール基板 その他のモジュール基板 (33),0027000709,平成27年 7 ～ 9 月
861,01030100,生産 金額 (百万円),351313000,電子回路基板 モジュール基板 その他のモジュール基板 (33),0027001012,平成27年 10 ～ 12 月
344,01030100,生産 金額 (百万円),351313000,電子回路基板 モジュール基板 その他のモジュール基板 (33),0027000101,平成27年1月
345,01030100,生産 金額 (百万円),351313000,電子回路基板 モジュール基板 その他のモジュール基板 (33),0027000202,平成27年2月
360,01030100,生産 金額 (百万円),351313000,電子回路基板 モジュール基板 その他のモジュール基板 (33),0027000303,平成27年3月
359,01030100,生産 金額 (百万円),351313000,電子回路基板 モジュール基板 その他のモジュール基板 (33),0027000404,平成27年4月
373,01030100,生産 金額 (百万円),351313000,電子回路基板 モジュール基板 その他のモジュール基板 (33),0027000505,平成27年5月
388,01030100,生産 金額 (百万円),351313000,電子回路基板 モジュール基板 その他のモジュール基板 (33),0027000606,平成27年6月
361,01030100,生産 金額 (百万円),351313000,電子回路基板 モジュール基板 その他のモジュール基板 (33),0027000707,平成27年7月
274,01030100,生産 金額 (百万円),351313000,電子回路基板 モジュール基板 その他のモジュール基板 (33),0027000808,平成27年8月
316,01030100,生産 金額 (百万円),351313000,電子回路基板 モジュール基板 その他のモジュール基板 (33),0027000909,平成27年9月
334,01030100,生産 金額 (百万円),351313000,電子回路基板 モジュール基板 その他のモジュール基板 (33),0027001010,平成27年10月
266,01030100,生産 金額 (百万円),351313000,電子回路基板 モジュール基板 その他のモジュール基板 (33),0027001111,平成27年11月
261,01030100,生産 金額 (百万円),351313000,電子回路基板 モジュール基板 その他のモジュール基板 (33),0027001212,平成27年12月
…,01030100,生産 金額 (百万円),351314000,電子回路実装基板(34～35),0023000000,平成23年
113059,01030100,生産 金額 (百万円),351314000,電子回路実装基板(34～35),0024000000,平成24年
107307,01030100,生産 金額 (百万円),351314000,電子回路実装基板(34～35),0025000000,平成25年
113047,01030100,生産 金額 (百万円),351314000,電子回路実装基板(34～35),0026000000,平成26年
131096,01030100,生産 金額 (百万円),351314000,電子回路実装基板(34～35),0027000000,平成27年
109287,01030100,生産 金額 (百万円),351314000,電子回路実装基板(34～35),0025010000,平成25年度
117389,01030100,生産 金額 (百万円),351314000,電子回路実装基板(34～35),0026010000,平成26年度
32401,01030100,生産 金額 (百万円),351314000,電子回路実装基板(34～35),0027000103,平成27年 1 ～ 3 月
32651,01030100,生産 金額 (百万円),351314000,電子回路実装基板(34～35),0027000406,平成27年 4 ～ 6 月
32313,01030100,生産 金額 (百万円),351314000,電子回路実装基板(34～35),0027000709,平成27年 7 ～ 9 月
33731,01030100,生産 金額 (百万円),351314000,電子回路実装基板(34～35),0027001012,平成27年 10 ～ 12 月
10267,01030100,生産 金額 (百万円),351314000,電子回路実装基板(34～35),0027000101,平成27年1月
11045,01030100,生産 金額 (百万円),351314000,電子回路実装基板(34～35),0027000202,平成27年2月
11089,01030100,生産 金額 (百万円),351314000,電子回路実装基板(34～35),0027000303,平成27年3月
10965,01030100,生産 金額 (百万円),351314000,電子回路実装基板(34～35),0027000404,平成27年4月
10331,01030100,生産 金額 (百万円),351314000,電子回路実装基板(34～35),0027000505,平成27年5月
11355,01030100,生産 金額 (百万円),351314000,電子回路実装基板(34～35),0027000606,平成27年6月
11409,01030100,生産 金額 (百万円),351314000,電子回路実装基板(34～35),0027000707,平成27年7月
9377,01030100,生産 金額 (百万円),351314000,電子回路実装基板(34～35),0027000808,平成27年8月
11527,01030100,生産 金額 (百万円),351314000,電子回路実装基板(34～35),0027000909,平成27年9月
11745,01030100,生産 金額 (百万円),351314000,電子回路実装基板(34～35),0027001010,平成27年10月
11021,01030100,生産 金額 (百万円),351314000,電子回路実装基板(34～35),0027001111,平成27年11月
10965,01030100,生産 金額 (百万円),351314000,電子回路実装基板(34～35),0027001212,平成27年12月
…,01030100,生産 金額 (百万円),351315000,電子回路実装基板 プリント配線実装基板(34),0023000000,平成23年
88776,01030100,生産 金額 (百万円),351315000,電子回路実装基板 プリント配線実装基板(34),0024000000,平成24年
83328,01030100,生産 金額 (百万円),351315000,電子回路実装基板 プリント配線実装基板(34),0025000000,平成25年
88952,01030100,生産 金額 (百万円),351315000,電子回路実装基板 プリント配線実装基板(34),0026000000,平成26年
107986,01030100,生産 金額 (百万円),351315000,電子回路実装基板 プリント配線実装基板(34),0027000000,平成27年
85075,01030100,生産 金額 (百万円),351315000,電子回路実装基板 プリント配線実装基板(34),0025010000,平成25年度
93861,01030100,生産 金額 (百万円),351315000,電子回路実装基板 プリント配線実装基板(34),0026010000,平成26年度
26679,01030100,生産 金額 (百万円),351315000,電子回路実装基板 プリント配線実装基板(34),0027000103,平成27年 1 ～ 3 月
27342,01030100,生産 金額 (百万円),351315000,電子回路実装基板 プリント配線実装基板(34),0027000406,平成27年 4 ～ 6 月
26697,01030100,生産 金額 (百万円),351315000,電子回路実装基板 プリント配線実装基板(34),0027000709,平成27年 7 ～ 9 月
27268,01030100,生産 金額 (百万円),351315000,電子回路実装基板 プリント配線実装基板(34),0027001012,平成27年 10 ～ 12 月
8391,01030100,生産 金額 (百万円),351315000,電子回路実装基板 プリント配線実装基板(34),0027000101,平成27年1月
9124,01030100,生産 金額 (百万円),351315000,電子回路実装基板 プリント配線実装基板(34),0027000202,平成27年2月
9164,01030100,生産 金額 (百万円),351315000,電子回路実装基板 プリント配線実装基板(34),0027000303,平成27年3月
9170,01030100,生産 金額 (百万円),351315000,電子回路実装基板 プリント配線実装基板(34),0027000404,平成27年4月
8735,01030100,生産 金額 (百万円),351315000,電子回路実装基板 プリント配線実装基板(34),0027000505,平成27年5月
9437,01030100,生産 金額 (百万円),351315000,電子回路実装基板 プリント配線実装基板(34),0027000606,平成27年6月
9381,01030100,生産 金額 (百万円),351315000,電子回路実装基板 プリント配線実装基板(34),0027000707,平成27年7月
7751,01030100,生産 金額 (百万円),351315000,電子回路実装基板 プリント配線実装基板(34),0027000808,平成27年8月
9565,01030100,生産 金額 (百万円),351315000,電子回路実装基板 プリント配線実装基板(34),0027000909,平成27年9月
9471,01030100,生産 金額 (百万円),351315000,電子回路実装基板 プリント配線実装基板(34),0027001010,平成27年10月
8907,01030100,生産 金額 (百万円),351315000,電子回路実装基板 プリント配線実装基板(34),0027001111,平成27年11月
8890,01030100,生産 金額 (百万円),351315000,電子回路実装基板 プリント配線実装基板(34),0027001212,平成27年12月
…,01030100,生産 金額 (百万円),351316000,電子回路実装基板 モジュール実装基板(35),0023000000,平成23年
24283,01030100,生産 金額 (百万円),351316000,電子回路実装基板 モジュール実装基板(35),0024000000,平成24年
23979,01030100,生産 金額 (百万円),351316000,電子回路実装基板 モジュール実装基板(35),0025000000,平成25年
24095,01030100,生産 金額 (百万円),351316000,電子回路実装基板 モジュール実装基板(35),0026000000,平成26年
23110,01030100,生産 金額 (百万円),351316000,電子回路実装基板 モジュール実装基板(35),0027000000,平成27年
24212,01030100,生産 金額 (百万円),351316000,電子回路実装基板 モジュール実装基板(35),0025010000,平成25年度
23528,01030100,生産 金額 (百万円),351316000,電子回路実装基板 モジュール実装基板(35),0026010000,平成26年度
5722,01030100,生産 金額 (百万円),351316000,電子回路実装基板 モジュール実装基板(35),0027000103,平成27年 1 ～ 3 月
5309,01030100,生産 金額 (百万円),351316000,電子回路実装基板 モジュール実装基板(35),0027000406,平成27年 4 ～ 6 月
5616,01030100,生産 金額 (百万円),351316000,電子回路実装基板 モジュール実装基板(35),0027000709,平成27年 7 ～ 9 月
6463,01030100,生産 金額 (百万円),351316000,電子回路実装基板 モジュール実装基板(35),0027001012,平成27年 10 ～ 12 月
1876,01030100,生産 金額 (百万円),351316000,電子回路実装基板 モジュール実装基板(35),0027000101,平成27年1月
1921,01030100,生産 金額 (百万円),351316000,電子回路実装基板 モジュール実装基板(35),0027000202,平成27年2月
1925,01030100,生産 金額 (百万円),351316000,電子回路実装基板 モジュール実装基板(35),0027000303,平成27年3月
1795,01030100,生産 金額 (百万円),351316000,電子回路実装基板 モジュール実装基板(35),0027000404,平成27年4月
1596,01030100,生産 金額 (百万円),351316000,電子回路実装基板 モジュール実装基板(35),0027000505,平成27年5月
1918,01030100,生産 金額 (百万円),351316000,電子回路実装基板 モジュール実装基板(35),0027000606,平成27年6月
2028,01030100,生産 金額 (百万円),351316000,電子回路実装基板 モジュール実装基板(35),0027000707,平成27年7月
1626,01030100,生産 金額 (百万円),351316000,電子回路実装基板 モジュール実装基板(35),0027000808,平成27年8月
1962,01030100,生産 金額 (百万円),351316000,電子回路実装基板 モジュール実装基板(35),0027000909,平成27年9月
2274,01030100,生産 金額 (百万円),351316000,電子回路実装基板 モジュール実装基板(35),0027001010,平成27年10月
2114,01030100,生産 金額 (百万円),351316000,電子回路実装基板 モジュール実装基板(35),0027001111,平成27年11月
2075,01030100,生産 金額 (百万円),351316000,電子回路実装基板 モジュール実装基板(35),0027001212,平成27年12月
9861,01030100,生産 金額 (百万円),351320000,変換部品(36～37),0023000000,平成23年
7264,01030100,生産 金額 (百万円),351320000,変換部品(36～37),0024000000,平成24年
13278,01030100,生産 金額 (百万円),351320000,変換部品(36～37),0025000000,平成25年
13648,01030100,生産 金額 (百万円),351320000,変換部品(36～37),0026000000,平成26年
14819,01030100,生産 金額 (百万円),351320000,変換部品(36～37),0027000000,平成27年
13765,01030100,生産 金額 (百万円),351320000,変換部品(36～37),0025010000,平成25年度
13883,01030100,生産 金額 (百万円),351320000,変換部品(36～37),0026010000,平成26年度
3602,01030100,生産 金額 (百万円),351320000,変換部品(36～37),0027000103,平成27年 1 ～ 3 月
3315,01030100,生産 金額 (百万円),351320000,変換部品(36～37),0027000406,平成27年 4 ～ 6 月
3974,01030100,生産 金額 (百万円),351320000,変換部品(36～37),0027000709,平成27年 7 ～ 9 月
3928,01030100,生産 金額 (百万円),351320000,変換部品(36～37),0027001012,平成27年 10 ～ 12 月
1127,01030100,生産 金額 (百万円),351320000,変換部品(36～37),0027000101,平成27年1月
1289,01030100,生産 金額 (百万円),351320000,変換部品(36～37),0027000202,平成27年2月
1186,01030100,生産 金額 (百万円),351320000,変換部品(36～37),0027000303,平成27年3月
1169,01030100,生産 金額 (百万円),351320000,変換部品(36～37),0027000404,平成27年4月
1012,01030100,生産 金額 (百万円),351320000,変換部品(36～37),0027000505,平成27年5月
1134,01030100,生産 金額 (百万円),351320000,変換部品(36～37),0027000606,平成27年6月
1202,01030100,生産 金額 (百万円),351320000,変換部品(36～37),0027000707,平成27年7月
1251,01030100,生産 金額 (百万円),351320000,変換部品(36～37),0027000808,平成27年8月
1521,01030100,生産 金額 (百万円),351320000,変換部品(36～37),0027000909,平成27年9月
1213,01030100,生産 金額 (百万円),351320000,変換部品(36～37),0027001010,平成27年10月
1291,01030100,生産 金額 (百万円),351320000,変換部品(36～37),0027001111,平成27年11月
1424,01030100,生産 金額 (百万円),351320000,変換部品(36～37),0027001212,平成27年12月
8478,01030100,生産 金額 (百万円),351321000,変換部品 音響部品（スピーカ・マイクロホン） (36),0023000000,平成23年
6410,01030100,生産 金額 (百万円),351321000,変換部品 音響部品（スピーカ・マイクロホン） (36),0024000000,平成24年
12301,01030100,生産 金額 (百万円),351321000,変換部品 音響部品（スピーカ・マイクロホン） (36),0025000000,平成25年
X,01030100,生産 金額 (百万円),351321000,変換部品 音響部品（スピーカ・マイクロホン） (36),0026000000,平成26年
X,01030100,生産 金額 (百万円),351321000,変換部品 音響部品（スピーカ・マイクロホン） (36),0027000000,平成27年
12574,01030100,生産 金額 (百万円),351321000,変換部品 音響部品（スピーカ・マイクロホン） (36),0025010000,平成25年度
X,01030100,生産 金額 (百万円),351321000,変換部品 音響部品（スピーカ・マイクロホン） (36),0026010000,平成26年度
X,01030100,生産 金額 (百万円),351321000,変換部品 音響部品（スピーカ・マイクロホン） (36),0027000103,平成27年 1 ～ 3 月
X,01030100,生産 金額 (百万円),351321000,変換部品 音響部品（スピーカ・マイクロホン） (36),0027000406,平成27年 4 ～ 6 月
X,01030100,生産 金額 (百万円),351321000,変換部品 音響部品（スピーカ・マイクロホン） (36),0027000709,平成27年 7 ～ 9 月
X,01030100,生産 金額 (百万円),351321000,変換部品 音響部品（スピーカ・マイクロホン） (36),0027001012,平成27年 10 ～ 12 月
X,01030100,生産 金額 (百万円),351321000,変換部品 音響部品（スピーカ・マイクロホン） (36),0027000101,平成27年1月
X,01030100,生産 金額 (百万円),351321000,変換部品 音響部品（スピーカ・マイクロホン） (36),0027000202,平成27年2月
X,01030100,生産 金額 (百万円),351321000,変換部品 音響部品（スピーカ・マイクロホン） (36),0027000303,平成27年3月
X,01030100,生産 金額 (百万円),351321000,変換部品 音響部品（スピーカ・マイクロホン） (36),0027000404,平成27年4月
X,01030100,生産 金額 (百万円),351321000,変換部品 音響部品（スピーカ・マイクロホン） (36),0027000505,平成27年5月
X,01030100,生産 金額 (百万円),351321000,変換部品 音響部品（スピーカ・マイクロホン） (36),0027000606,平成27年6月
X,01030100,生産 金額 (百万円),351321000,変換部品 音響部品（スピーカ・マイクロホン） (36),0027000707,平成27年7月
X,01030100,生産 金額 (百万円),351321000,変換部品 音響部品（スピーカ・マイクロホン） (36),0027000808,平成27年8月
X,01030100,生産 金額 (百万円),351321000,変換部品 音響部品（スピーカ・マイクロホン） (36),0027000909,平成27年9月
X,01030100,生産 金額 (百万円),351321000,変換部品 音響部品（スピーカ・マイクロホン） (36),0027001010,平成27年10月
X,01030100,生産 金額 (百万円),351321000,変換部品 音響部品（スピーカ・マイクロホン） (36),0027001111,平成27年11月
X,01030100,生産 金額 (百万円),351321000,変換部品 音響部品（スピーカ・マイクロホン） (36),0027001212,平成27年12月
1383,01030100,生産 金額 (百万円),351322000,変換部品 磁気ヘッド (37),0023000000,平成23年
854,01030100,生産 金額 (百万円),351322000,変換部品 磁気ヘッド (37),0024000000,平成24年
977,01030100,生産 金額 (百万円),351322000,変換部品 磁気ヘッド (37),0025000000,平成25年
X,01030100,生産 金額 (百万円),351322000,変換部品 磁気ヘッド (37),0026000000,平成26年
X,01030100,生産 金額 (百万円),351322000,変換部品 磁気ヘッド (37),0027000000,平成27年
1191,01030100,生産 金額 (百万円),351322000,変換部品 磁気ヘッド (37),0025010000,平成25年度
X,01030100,生産 金額 (百万円),351322000,変換部品 磁気ヘッド (37),0026010000,平成26年度
X,01030100,生産 金額 (百万円),351322000,変換部品 磁気ヘッド (37),0027000103,平成27年 1 ～ 3 月
X,01030100,生産 金額 (百万円),351322000,変換部品 磁気ヘッド (37),0027000406,平成27年 4 ～ 6 月
X,01030100,生産 金額 (百万円),351322000,変換部品 磁気ヘッド (37),0027000709,平成27年 7 ～ 9 月
X,01030100,生産 金額 (百万円),351322000,変換部品 磁気ヘッド (37),0027001012,平成27年 10 ～ 12 月
X,01030100,生産 金額 (百万円),351322000,変換部品 磁気ヘッド (37),0027000101,平成27年1月
X,01030100,生産 金額 (百万円),351322000,変換部品 磁気ヘッド (37),0027000202,平成27年2月
X,01030100,生産 金額 (百万円),351322000,変換部品 磁気ヘッド (37),0027000303,平成27年3月
X,01030100,生産 金額 (百万円),351322000,変換部品 磁気ヘッド (37),0027000404,平成27年4月
X,01030100,生産 金額 (百万円),351322000,変換部品 磁気ヘッド (37),0027000505,平成27年5月
X,01030100,生産 金額 (百万円),351322000,変換部品 磁気ヘッド (37),0027000606,平成27年6月
X,01030100,生産 金額 (百万円),351322000,変換部品 磁気ヘッド (37),0027000707,平成27年7月
X,01030100,生産 金額 (百万円),351322000,変換部品 磁気ヘッド (37),0027000808,平成27年8月
X,01030100,生産 金額 (百万円),351322000,変換部品 磁気ヘッド (37),0027000909,平成27年9月
X,01030100,生産 金額 (百万円),351322000,変換部品 磁気ヘッド (37),0027001010,平成27年10月
X,01030100,生産 金額 (百万円),351322000,変換部品 磁気ヘッド (37),0027001111,平成27年11月
X,01030100,生産 金額 (百万円),351322000,変換部品 磁気ヘッド (37),0027001212,平成27年12月
100452,01030100,生産 金額 (百万円),351330000,メモリ部品 (38～40),0023000000,平成23年
87034,01030100,生産 金額 (百万円),351330000,メモリ部品 (38～40),0024000000,平成24年
74861,01030100,生産 金額 (百万円),351330000,メモリ部品 (38～40),0025000000,平成25年
70264,01030100,生産 金額 (百万円),351330000,メモリ部品 (38～40),0026000000,平成26年
70495,01030100,生産 金額 (百万円),351330000,メモリ部品 (38～40),0027000000,平成27年
72028,01030100,生産 金額 (百万円),351330000,メモリ部品 (38～40),0025010000,平成25年度
72820,01030100,生産 金額 (百万円),351330000,メモリ部品 (38～40),0026010000,平成26年度
18692,01030100,生産 金額 (百万円),351330000,メモリ部品 (38～40),0027000103,平成27年 1 ～ 3 月
17774,01030100,生産 金額 (百万円),351330000,メモリ部品 (38～40),0027000406,平成27年 4 ～ 6 月
16004,01030100,生産 金額 (百万円),351330000,メモリ部品 (38～40),0027000709,平成27年 7 ～ 9 月
18025,01030100,生産 金額 (百万円),351330000,メモリ部品 (38～40),0027001012,平成27年 10 ～ 12 月
6107,01030100,生産 金額 (百万円),351330000,メモリ部品 (38～40),0027000101,平成27年1月
6431,01030100,生産 金額 (百万円),351330000,メモリ部品 (38～40),0027000202,平成27年2月
6154,01030100,生産 金額 (百万円),351330000,メモリ部品 (38～40),0027000303,平成27年3月
6296,01030100,生産 金額 (百万円),351330000,メモリ部品 (38～40),0027000404,平成27年4月
5155,01030100,生産 金額 (百万円),351330000,メモリ部品 (38～40),0027000505,平成27年5月
6323,01030100,生産 金額 (百万円),351330000,メモリ部品 (38～40),0027000606,平成27年6月
6192,01030100,生産 金額 (百万円),351330000,メモリ部品 (38～40),0027000707,平成27年7月
4296,01030100,生産 金額 (百万円),351330000,メモリ部品 (38～40),0027000808,平成27年8月
5516,01030100,生産 金額 (百万円),351330000,メモリ部品 (38～40),0027000909,平成27年9月
5592,01030100,生産 金額 (百万円),351330000,メモリ部品 (38～40),0027001010,平成27年10月
6185,01030100,生産 金額 (百万円),351330000,メモリ部品 (38～40),0027001111,平成27年11月
6248,01030100,生産 金額 (百万円),351330000,メモリ部品 (38～40),0027001212,平成27年12月
79415,01030100,生産 金額 (百万円),351331000,メモリ部品 磁気テープ (38～39),0023000000,平成23年
67467,01030100,生産 金額 (百万円),351331000,メモリ部品 磁気テープ (38～39),0024000000,平成24年
56725,01030100,生産 金額 (百万円),351331000,メモリ部品 磁気テープ (38～39),0025000000,平成25年
54175,01030100,生産 金額 (百万円),351331000,メモリ部品 磁気テープ (38～39),0026000000,平成26年
55298,01030100,生産 金額 (百万円),351331000,メモリ部品 磁気テープ (38～39),0027000000,平成27年
55659,01030100,生産 金額 (百万円),351331000,メモリ部品 磁気テープ (38～39),0025010000,平成25年度
57059,01030100,生産 金額 (百万円),351331000,メモリ部品 磁気テープ (38～39),0026010000,平成26年度
14837,01030100,生産 金額 (百万円),351331000,メモリ部品 磁気テープ (38～39),0027000103,平成27年 1 ～ 3 月
14171,01030100,生産 金額 (百万円),351331000,メモリ部品 磁気テープ (38～39),0027000406,平成27年 4 ～ 6 月
12353,01030100,生産 金額 (百万円),351331000,メモリ部品 磁気テープ (38～39),0027000709,平成27年 7 ～ 9 月
13937,01030100,生産 金額 (百万円),351331000,メモリ部品 磁気テープ (38～39),0027001012,平成27年 10 ～ 12 月
4916,01030100,生産 金額 (百万円),351331000,メモリ部品 磁気テープ (38～39),0027000101,平成27年1月
5184,01030100,生産 金額 (百万円),351331000,メモリ部品 磁気テープ (38～39),0027000202,平成27年2月
4737,01030100,生産 金額 (百万円),351331000,メモリ部品 磁気テープ (38～39),0027000303,平成27年3月
5142,01030100,生産 金額 (百万円),351331000,メモリ部品 磁気テープ (38～39),0027000404,平成27年4月
3981,01030100,生産 金額 (百万円),351331000,メモリ部品 磁気テープ (38～39),0027000505,平成27年5月
5048,01030100,生産 金額 (百万円),351331000,メモリ部品 磁気テープ (38～39),0027000606,平成27年6月
4996,01030100,生産 金額 (百万円),351331000,メモリ部品 磁気テープ (38～39),0027000707,平成27年7月
3164,01030100,生産 金額 (百万円),351331000,メモリ部品 磁気テープ (38～39),0027000808,平成27年8月
4193,01030100,生産 金額 (百万円),351331000,メモリ部品 磁気テープ (38～39),0027000909,平成27年9月
4240,01030100,生産 金額 (百万円),351331000,メモリ部品 磁気テープ (38～39),0027001010,平成27年10月
4842,01030100,生産 金額 (百万円),351331000,メモリ部品 磁気テープ (38～39),0027001111,平成27年11月
4855,01030100,生産 金額 (百万円),351331000,メモリ部品 磁気テープ (38～39),0027001212,平成27年12月
27388,01030100,生産 金額 (百万円),351332000,メモリ部品 磁気テープ 磁気録音・録画テープ (38),0023000000,平成23年
20621,01030100,生産 金額 (百万円),351332000,メモリ部品 磁気テープ 磁気録音・録画テープ (38),0024000000,平成24年
20810,01030100,生産 金額 (百万円),351332000,メモリ部品 磁気テープ 磁気録音・録画テープ (38),0025000000,平成25年
21366,01030100,生産 金額 (百万円),351332000,メモリ部品 磁気テープ 磁気録音・録画テープ (38),0026000000,平成26年
16160,01030100,生産 金額 (百万円),351332000,メモリ部品 磁気テープ 磁気録音・録画テープ (38),0027000000,平成27年
22000,01030100,生産 金額 (百万円),351332000,メモリ部品 磁気テープ 磁気録音・録画テープ (38),0025010000,平成25年度
20334,01030100,生産 金額 (百万円),351332000,メモリ部品 磁気テープ 磁気録音・録画テープ (38),0026010000,平成26年度
4427,01030100,生産 金額 (百万円),351332000,メモリ部品 磁気テープ 磁気録音・録画テープ (38),0027000103,平成27年 1 ～ 3 月
3784,01030100,生産 金額 (百万円),351332000,メモリ部品 磁気テープ 磁気録音・録画テープ (38),0027000406,平成27年 4 ～ 6 月
3706,01030100,生産 金額 (百万円),351332000,メモリ部品 磁気テープ 磁気録音・録画テープ (38),0027000709,平成27年 7 ～ 9 月
4243,01030100,生産 金額 (百万円),351332000,メモリ部品 磁気テープ 磁気録音・録画テープ (38),0027001012,平成27年 10 ～ 12 月
1548,01030100,生産 金額 (百万円),351332000,メモリ部品 磁気テープ 磁気録音・録画テープ (38),0027000101,平成27年1月
1279,01030100,生産 金額 (百万円),351332000,メモリ部品 磁気テープ 磁気録音・録画テープ (38),0027000202,平成27年2月
1600,01030100,生産 金額 (百万円),351332000,メモリ部品 磁気テープ 磁気録音・録画テープ (38),0027000303,平成27年3月
1606,01030100,生産 金額 (百万円),351332000,メモリ部品 磁気テープ 磁気録音・録画テープ (38),0027000404,平成27年4月
889,01030100,生産 金額 (百万円),351332000,メモリ部品 磁気テープ 磁気録音・録画テープ (38),0027000505,平成27年5月
1289,01030100,生産 金額 (百万円),351332000,メモリ部品 磁気テープ 磁気録音・録画テープ (38),0027000606,平成27年6月
1552,01030100,生産 金額 (百万円),351332000,メモリ部品 磁気テープ 磁気録音・録画テープ (38),0027000707,平成27年7月
980,01030100,生産 金額 (百万円),351332000,メモリ部品 磁気テープ 磁気録音・録画テープ (38),0027000808,平成27年8月
1174,01030100,生産 金額 (百万円),351332000,メモリ部品 磁気テープ 磁気録音・録画テープ (38),0027000909,平成27年9月
1166,01030100,生産 金額 (百万円),351332000,メモリ部品 磁気テープ 磁気録音・録画テープ (38),0027001010,平成27年10月
1549,01030100,生産 金額 (百万円),351332000,メモリ部品 磁気テープ 磁気録音・録画テープ (38),0027001111,平成27年11月
1528,01030100,生産 金額 (百万円),351332000,メモリ部品 磁気テープ 磁気録音・録画テープ (38),0027001212,平成27年12月
52027,01030100,生産 金額 (百万円),351400000,メモリ部品 磁気テープ その他の磁気テープ (39),0023000000,平成23年
46846,01030100,生産 金額 (百万円),351400000,メモリ部品 磁気テープ その他の磁気テープ (39),0024000000,平成24年
35915,01030100,生産 金額 (百万円),351400000,メモリ部品 磁気テープ その他の磁気テープ (39),0025000000,平成25年
32809,01030100,生産 金額 (百万円),351400000,メモリ部品 磁気テープ その他の磁気テープ (39),0026000000,平成26年
39138,01030100,生産 金額 (百万円),351400000,メモリ部品 磁気テープ その他の磁気テープ (39),0027000000,平成27年
33659,01030100,生産 金額 (百万円),351400000,メモリ部品 磁気テープ その他の磁気テープ (39),0025010000,平成25年度
36725,01030100,生産 金額 (百万円),351400000,メモリ部品 磁気テープ その他の磁気テープ (39),0026010000,平成26年度
10410,01030100,生産 金額 (百万円),351400000,メモリ部品 磁気テープ その他の磁気テープ (39),0027000103,平成27年 1 ～ 3 月
10387,01030100,生産 金額 (百万円),351400000,メモリ部品 磁気テープ その他の磁気テープ (39),0027000406,平成27年 4 ～ 6 月
8647,01030100,生産 金額 (百万円),351400000,メモリ部品 磁気テープ その他の磁気テープ (39),0027000709,平成27年 7 ～ 9 月
9694,01030100,生産 金額 (百万円),351400000,メモリ部品 磁気テープ その他の磁気テープ (39),0027001012,平成27年 10 ～ 12 月
3368,01030100,生産 金額 (百万円),351400000,メモリ部品 磁気テープ その他の磁気テープ (39),0027000101,平成27年1月
3905,01030100,生産 金額 (百万円),351400000,メモリ部品 磁気テープ その他の磁気テープ (39),0027000202,平成27年2月
3137,01030100,生産 金額 (百万円),351400000,メモリ部品 磁気テープ その他の磁気テープ (39),0027000303,平成27年3月
3536,01030100,生産 金額 (百万円),351400000,メモリ部品 磁気テープ その他の磁気テープ (39),0027000404,平成27年4月
3092,01030100,生産 金額 (百万円),351400000,メモリ部品 磁気テープ その他の磁気テープ (39),0027000505,平成27年5月
3759,01030100,生産 金額 (百万円),351400000,メモリ部品 磁気テープ その他の磁気テープ (39),0027000606,平成27年6月
3444,01030100,生産 金額 (百万円),351400000,メモリ部品 磁気テープ その他の磁気テープ (39),0027000707,平成27年7月
2184,01030100,生産 金額 (百万円),351400000,メモリ部品 磁気テープ その他の磁気テープ (39),0027000808,平成27年8月
3019,01030100,生産 金額 (百万円),351400000,メモリ部品 磁気テープ その他の磁気テープ (39),0027000909,平成27年9月
3074,01030100,生産 金額 (百万円),351400000,メモリ部品 磁気テープ その他の磁気テープ (39),0027001010,平成27年10月
3293,01030100,生産 金額 (百万円),351400000,メモリ部品 磁気テープ その他の磁気テープ (39),0027001111,平成27年11月
3327,01030100,生産 金額 (百万円),351400000,メモリ部品 磁気テープ その他の磁気テープ (39),0027001212,平成27年12月
21037,01030100,生産 金額 (百万円),351500000,メモリ部品 光ディスク (40),0023000000,平成23年
19567,01030100,生産 金額 (百万円),351500000,メモリ部品 光ディスク (40),0024000000,平成24年
18136,01030100,生産 金額 (百万円),351500000,メモリ部品 光ディスク (40),0025000000,平成25年
16089,01030100,生産 金額 (百万円),351500000,メモリ部品 光ディスク (40),0026000000,平成26年
15197,01030100,生産 金額 (百万円),351500000,メモリ部品 光ディスク (40),0027000000,平成27年
16369,01030100,生産 金額 (百万円),351500000,メモリ部品 光ディスク (40),0025010000,平成25年度
15761,01030100,生産 金額 (百万円),351500000,メモリ部品 光ディスク (40),0026010000,平成26年度
3855,01030100,生産 金額 (百万円),351500000,メモリ部品 光ディスク (40),0027000103,平成27年 1 ～ 3 月
3603,01030100,生産 金額 (百万円),351500000,メモリ部品 光ディスク (40),0027000406,平成27年 4 ～ 6 月
3651,01030100,生産 金額 (百万円),351500000,メモリ部品 光ディスク (40),0027000709,平成27年 7 ～ 9 月
4088,01030100,生産 金額 (百万円),351500000,メモリ部品 光ディスク (40),0027001012,平成27年 10 ～ 12 月
1191,01030100,生産 金額 (百万円),351500000,メモリ部品 光ディスク (40),0027000101,平成27年1月
1247,01030100,生産 金額 (百万円),351500000,メモリ部品 光ディスク (40),0027000202,平成27年2月
1417,01030100,生産 金額 (百万円),351500000,メモリ部品 光ディスク (40),0027000303,平成27年3月
1154,01030100,生産 金額 (百万円),351500000,メモリ部品 光ディスク (40),0027000404,平成27年4月
1174,01030100,生産 金額 (百万円),351500000,メモリ部品 光ディスク (40),0027000505,平成27年5月
1275,01030100,生産 金額 (百万円),351500000,メモリ部品 光ディスク (40),0027000606,平成27年6月
1196,01030100,生産 金額 (百万円),351500000,メモリ部品 光ディスク (40),0027000707,平成27年7月
1132,01030100,生産 金額 (百万円),351500000,メモリ部品 光ディスク (40),0027000808,平成27年8月
1323,01030100,生産 金額 (百万円),351500000,メモリ部品 光ディスク (40),0027000909,平成27年9月
1352,01030100,生産 金額 (百万円),351500000,メモリ部品 光ディスク (40),0027001010,平成27年10月
1343,01030100,生産 金額 (百万円),351500000,メモリ部品 光ディスク (40),0027001111,平成27年11月
1393,01030100,生産 金額 (百万円),351500000,メモリ部品 光ディスク (40),0027001212,平成27年12月
82870,01030100,生産 金額 (百万円),351510000,スイッチング電源 (41),0023000000,平成23年
70044,01030100,生産 金額 (百万円),351510000,スイッチング電源 (41),0024000000,平成24年
94434,01030100,生産 金額 (百万円),351510000,スイッチング電源 (41),0025000000,平成25年
105768,01030100,生産 金額 (百万円),351510000,スイッチング電源 (41),0026000000,平成26年
97538,01030100,生産 金額 (百万円),351510000,スイッチング電源 (41),0027000000,平成27年
98792,01030100,生産 金額 (百万円),351510000,スイッチング電源 (41),0025010000,平成25年度
107153,01030100,生産 金額 (百万円),351510000,スイッチング電源 (41),0026010000,平成26年度
28146,01030100,生産 金額 (百万円),351510000,スイッチング電源 (41),0027000103,平成27年 1 ～ 3 月
22770,01030100,生産 金額 (百万円),351510000,スイッチング電源 (41),0027000406,平成27年 4 ～ 6 月
24131,01030100,生産 金額 (百万円),351510000,スイッチング電源 (41),0027000709,平成27年 7 ～ 9 月
22491,01030100,生産 金額 (百万円),351510000,スイッチング電源 (41),0027001012,平成27年 10 ～ 12 月
8521,01030100,生産 金額 (百万円),351510000,スイッチング電源 (41),0027000101,平成27年1月
9815,01030100,生産 金額 (百万円),351510000,スイッチング電源 (41),0027000202,平成27年2月
9810,01030100,生産 金額 (百万円),351510000,スイッチング電源 (41),0027000303,平成27年3月
7647,01030100,生産 金額 (百万円),351510000,スイッチング電源 (41),0027000404,平成27年4月
7127,01030100,生産 金額 (百万円),351510000,スイッチング電源 (41),0027000505,平成27年5月
7996,01030100,生産 金額 (百万円),351510000,スイッチング電源 (41),0027000606,平成27年6月
8127,01030100,生産 金額 (百万円),351510000,スイッチング電源 (41),0027000707,平成27年7月
7595,01030100,生産 金額 (百万円),351510000,スイッチング電源 (41),0027000808,平成27年8月
8409,01030100,生産 金額 (百万円),351510000,スイッチング電源 (41),0027000909,平成27年9月
7480,01030100,生産 金額 (百万円),351510000,スイッチング電源 (41),0027001010,平成27年10月
7597,01030100,生産 金額 (百万円),351510000,スイッチング電源 (41),0027001111,平成27年11月
7414,01030100,生産 金額 (百万円),351510000,スイッチング電源 (41),0027001212,平成27年12月
