value,cat01,cat01_label,cat02,cat02_label,time,time_label
71070,01000110,生産 数量 (千台),351700000,スイッチング電源 (47),0018000000,平成18年
75956,01000110,生産 数量 (千台),351700000,スイッチング電源 (47),0019000000,平成19年
61126,01000110,生産 数量 (千台),351700000,スイッチング電源 (47),0020000000,平成20年
33453,01000110,生産 数量 (千台),351700000,スイッチング電源 (47),0021000000,平成21年
43340,01000110,生産 数量 (千台),351700000,スイッチング電源 (47),0022000000,平成22年
51825,01000110,生産 数量 (千台),351700000,スイッチング電源 (47),0020010000,平成20年度
36447,01000110,生産 数量 (千台),351700000,スイッチング電源 (47),0021010000,平成21年度
10376,01000110,生産 数量 (千台),351700000,スイッチング電源 (47),0022000103,平成22年 1 ～ 3 月
11120,01000110,生産 数量 (千台),351700000,スイッチング電源 (47),0022000406,平成22年 4 ～ 6 月
11388,01000110,生産 数量 (千台),351700000,スイッチング電源 (47),0022000709,平成22年 7 ～ 9 月
10456,01000110,生産 数量 (千台),351700000,スイッチング電源 (47),0022001012,平成22年 10 ～ 12 月
3349,01000110,生産 数量 (千台),351700000,スイッチング電源 (47),0022000101,平成22年1月
3363,01000110,生産 数量 (千台),351700000,スイッチング電源 (47),0022000202,平成22年2月
3664,01000110,生産 数量 (千台),351700000,スイッチング電源 (47),0022000303,平成22年3月
3390,01000110,生産 数量 (千台),351700000,スイッチング電源 (47),0022000404,平成22年4月
3635,01000110,生産 数量 (千台),351700000,スイッチング電源 (47),0022000505,平成22年5月
4095,01000110,生産 数量 (千台),351700000,スイッチング電源 (47),0022000606,平成22年6月
3945,01000110,生産 数量 (千台),351700000,スイッチング電源 (47),0022000707,平成22年7月
3610,01000110,生産 数量 (千台),351700000,スイッチング電源 (47),0022000808,平成22年8月
3833,01000110,生産 数量 (千台),351700000,スイッチング電源 (47),0022000909,平成22年9月
3606,01000110,生産 数量 (千台),351700000,スイッチング電源 (47),0022001010,平成22年10月
3511,01000110,生産 数量 (千台),351700000,スイッチング電源 (47),0022001111,平成22年11月
3339,01000110,生産 数量 (千台),351700000,スイッチング電源 (47),0022001212,平成22年12月
255319765,01000210,生産 数量 (千個),351110000,受動部品 抵抗器 (1～8),0018000000,平成18年
259506947,01000210,生産 数量 (千個),351110000,受動部品 抵抗器 (1～8),0019000000,平成19年
204782000,01000210,生産 数量 (千個),351110000,受動部品 抵抗器 (1～8),0020000000,平成20年
173193700,01000210,生産 数量 (千個),351110000,受動部品 抵抗器 (1～8),0021000000,平成21年
207305053,01000210,生産 数量 (千個),351110000,受動部品 抵抗器 (1～8),0022000000,平成22年
178351894,01000210,生産 数量 (千個),351110000,受動部品 抵抗器 (1～8),0020010000,平成20年度
192383106,01000210,生産 数量 (千個),351110000,受動部品 抵抗器 (1～8),0021010000,平成21年度
48437524,01000210,生産 数量 (千個),351110000,受動部品 抵抗器 (1～8),0022000103,平成22年 1 ～ 3 月
52198845,01000210,生産 数量 (千個),351110000,受動部品 抵抗器 (1～8),0022000406,平成22年 4 ～ 6 月
54318203,01000210,生産 数量 (千個),351110000,受動部品 抵抗器 (1～8),0022000709,平成22年 7 ～ 9 月
52350481,01000210,生産 数量 (千個),351110000,受動部品 抵抗器 (1～8),0022001012,平成22年 10 ～ 12 月
15415075,01000210,生産 数量 (千個),351110000,受動部品 抵抗器 (1～8),0022000101,平成22年1月
15905336,01000210,生産 数量 (千個),351110000,受動部品 抵抗器 (1～8),0022000202,平成22年2月
17117113,01000210,生産 数量 (千個),351110000,受動部品 抵抗器 (1～8),0022000303,平成22年3月
17720390,01000210,生産 数量 (千個),351110000,受動部品 抵抗器 (1～8),0022000404,平成22年4月
16253317,01000210,生産 数量 (千個),351110000,受動部品 抵抗器 (1～8),0022000505,平成22年5月
18225138,01000210,生産 数量 (千個),351110000,受動部品 抵抗器 (1～8),0022000606,平成22年6月
18719725,01000210,生産 数量 (千個),351110000,受動部品 抵抗器 (1～8),0022000707,平成22年7月
17254857,01000210,生産 数量 (千個),351110000,受動部品 抵抗器 (1～8),0022000808,平成22年8月
18343621,01000210,生産 数量 (千個),351110000,受動部品 抵抗器 (1～8),0022000909,平成22年9月
17771750,01000210,生産 数量 (千個),351110000,受動部品 抵抗器 (1～8),0022001010,平成22年10月
17281055,01000210,生産 数量 (千個),351110000,受動部品 抵抗器 (1～8),0022001111,平成22年11月
17297676,01000210,生産 数量 (千個),351110000,受動部品 抵抗器 (1～8),0022001212,平成22年12月
3207989,01000210,生産 数量 (千個),351111000,受動部品 抵抗器 可変抵抗器 (1～3),0018000000,平成18年
3116550,01000210,生産 数量 (千個),351111000,受動部品 抵抗器 可変抵抗器 (1～3),0019000000,平成19年
2837421,01000210,生産 数量 (千個),351111000,受動部品 抵抗器 可変抵抗器 (1～3),0020000000,平成20年
1730116,01000210,生産 数量 (千個),351111000,受動部品 抵抗器 可変抵抗器 (1～3),0021000000,平成21年
2245765,01000210,生産 数量 (千個),351111000,受動部品 抵抗器 可変抵抗器 (1～3),0022000000,平成22年
2332589,01000210,生産 数量 (千個),351111000,受動部品 抵抗器 可変抵抗器 (1～3),0020010000,平成20年度
1977282,01000210,生産 数量 (千個),351111000,受動部品 抵抗器 可変抵抗器 (1～3),0021010000,平成21年度
498869,01000210,生産 数量 (千個),351111000,受動部品 抵抗器 可変抵抗器 (1～3),0022000103,平成22年 1 ～ 3 月
578531,01000210,生産 数量 (千個),351111000,受動部品 抵抗器 可変抵抗器 (1～3),0022000406,平成22年 4 ～ 6 月
619174,01000210,生産 数量 (千個),351111000,受動部品 抵抗器 可変抵抗器 (1～3),0022000709,平成22年 7 ～ 9 月
549191,01000210,生産 数量 (千個),351111000,受動部品 抵抗器 可変抵抗器 (1～3),0022001012,平成22年 10 ～ 12 月
171032,01000210,生産 数量 (千個),351111000,受動部品 抵抗器 可変抵抗器 (1～3),0022000101,平成22年1月
149441,01000210,生産 数量 (千個),351111000,受動部品 抵抗器 可変抵抗器 (1～3),0022000202,平成22年2月
178396,01000210,生産 数量 (千個),351111000,受動部品 抵抗器 可変抵抗器 (1～3),0022000303,平成22年3月
185565,01000210,生産 数量 (千個),351111000,受動部品 抵抗器 可変抵抗器 (1～3),0022000404,平成22年4月
183551,01000210,生産 数量 (千個),351111000,受動部品 抵抗器 可変抵抗器 (1～3),0022000505,平成22年5月
209415,01000210,生産 数量 (千個),351111000,受動部品 抵抗器 可変抵抗器 (1～3),0022000606,平成22年6月
208384,01000210,生産 数量 (千個),351111000,受動部品 抵抗器 可変抵抗器 (1～3),0022000707,平成22年7月
205012,01000210,生産 数量 (千個),351111000,受動部品 抵抗器 可変抵抗器 (1～3),0022000808,平成22年8月
205778,01000210,生産 数量 (千個),351111000,受動部品 抵抗器 可変抵抗器 (1～3),0022000909,平成22年9月
176976,01000210,生産 数量 (千個),351111000,受動部品 抵抗器 可変抵抗器 (1～3),0022001010,平成22年10月
188571,01000210,生産 数量 (千個),351111000,受動部品 抵抗器 可変抵抗器 (1～3),0022001111,平成22年11月
183644,01000210,生産 数量 (千個),351111000,受動部品 抵抗器 可変抵抗器 (1～3),0022001212,平成22年12月
2901090,01000210,生産 数量 (千個),351111100,受動部品 抵抗器 可変抵抗器 半固定抵抗器 (1),0018000000,平成18年
2803349,01000210,生産 数量 (千個),351111100,受動部品 抵抗器 可変抵抗器 半固定抵抗器 (1),0019000000,平成19年
2577363,01000210,生産 数量 (千個),351111100,受動部品 抵抗器 可変抵抗器 半固定抵抗器 (1),0020000000,平成20年
1549551,01000210,生産 数量 (千個),351111100,受動部品 抵抗器 可変抵抗器 半固定抵抗器 (1),0021000000,平成21年
2062959,01000210,生産 数量 (千個),351111100,受動部品 抵抗器 可変抵抗器 半固定抵抗器 (1),0022000000,平成22年
2103192,01000210,生産 数量 (千個),351111100,受動部品 抵抗器 可変抵抗器 半固定抵抗器 (1),0020010000,平成20年度
1795605,01000210,生産 数量 (千個),351111100,受動部品 抵抗器 可変抵抗器 半固定抵抗器 (1),0021010000,平成21年度
457393,01000210,生産 数量 (千個),351111100,受動部品 抵抗器 可変抵抗器 半固定抵抗器 (1),0022000103,平成22年 1 ～ 3 月
533204,01000210,生産 数量 (千個),351111100,受動部品 抵抗器 可変抵抗器 半固定抵抗器 (1),0022000406,平成22年 4 ～ 6 月
574130,01000210,生産 数量 (千個),351111100,受動部品 抵抗器 可変抵抗器 半固定抵抗器 (1),0022000709,平成22年 7 ～ 9 月
498232,01000210,生産 数量 (千個),351111100,受動部品 抵抗器 可変抵抗器 半固定抵抗器 (1),0022001012,平成22年 10 ～ 12 月
158255,01000210,生産 数量 (千個),351111100,受動部品 抵抗器 可変抵抗器 半固定抵抗器 (1),0022000101,平成22年1月
135562,01000210,生産 数量 (千個),351111100,受動部品 抵抗器 可変抵抗器 半固定抵抗器 (1),0022000202,平成22年2月
163576,01000210,生産 数量 (千個),351111100,受動部品 抵抗器 可変抵抗器 半固定抵抗器 (1),0022000303,平成22年3月
170166,01000210,生産 数量 (千個),351111100,受動部品 抵抗器 可変抵抗器 半固定抵抗器 (1),0022000404,平成22年4月
170476,01000210,生産 数量 (千個),351111100,受動部品 抵抗器 可変抵抗器 半固定抵抗器 (1),0022000505,平成22年5月
192562,01000210,生産 数量 (千個),351111100,受動部品 抵抗器 可変抵抗器 半固定抵抗器 (1),0022000606,平成22年6月
192480,01000210,生産 数量 (千個),351111100,受動部品 抵抗器 可変抵抗器 半固定抵抗器 (1),0022000707,平成22年7月
190487,01000210,生産 数量 (千個),351111100,受動部品 抵抗器 可変抵抗器 半固定抵抗器 (1),0022000808,平成22年8月
191163,01000210,生産 数量 (千個),351111100,受動部品 抵抗器 可変抵抗器 半固定抵抗器 (1),0022000909,平成22年9月
161320,01000210,生産 数量 (千個),351111100,受動部品 抵抗器 可変抵抗器 半固定抵抗器 (1),0022001010,平成22年10月
171081,01000210,生産 数量 (千個),351111100,受動部品 抵抗器 可変抵抗器 半固定抵抗器 (1),0022001111,平成22年11月
165831,01000210,生産 数量 (千個),351111100,受動部品 抵抗器 可変抵抗器 半固定抵抗器 (1),0022001212,平成22年12月
219539,01000210,生産 数量 (千個),351111200,受動部品 抵抗器 可変抵抗器 炭素系可変抵抗器(半固定を除く) (2),0018000000,平成18年
216334,01000210,生産 数量 (千個),351111200,受動部品 抵抗器 可変抵抗器 炭素系可変抵抗器(半固定を除く) (2),0019000000,平成19年
186601,01000210,生産 数量 (千個),351111200,受動部品 抵抗器 可変抵抗器 炭素系可変抵抗器(半固定を除く) (2),0020000000,平成20年
134393,01000210,生産 数量 (千個),351111200,受動部品 抵抗器 可変抵抗器 炭素系可変抵抗器(半固定を除く) (2),0021000000,平成21年
123814,01000210,生産 数量 (千個),351111200,受動部品 抵抗器 可変抵抗器 炭素系可変抵抗器(半固定を除く) (2),0022000000,平成22年
167154,01000210,生産 数量 (千個),351111200,受動部品 抵抗器 可変抵抗器 炭素系可変抵抗器(半固定を除く) (2),0020010000,平成20年度
130323,01000210,生産 数量 (千個),351111200,受動部品 抵抗器 可変抵抗器 炭素系可変抵抗器(半固定を除く) (2),0021010000,平成21年度
27361,01000210,生産 数量 (千個),351111200,受動部品 抵抗器 可変抵抗器 炭素系可変抵抗器(半固定を除く) (2),0022000103,平成22年 1 ～ 3 月
30101,01000210,生産 数量 (千個),351111200,受動部品 抵抗器 可変抵抗器 炭素系可変抵抗器(半固定を除く) (2),0022000406,平成22年 4 ～ 6 月
30770,01000210,生産 数量 (千個),351111200,受動部品 抵抗器 可変抵抗器 炭素系可変抵抗器(半固定を除く) (2),0022000709,平成22年 7 ～ 9 月
35582,01000210,生産 数量 (千個),351111200,受動部品 抵抗器 可変抵抗器 炭素系可変抵抗器(半固定を除く) (2),0022001012,平成22年 10 ～ 12 月
8225,01000210,生産 数量 (千個),351111200,受動部品 抵抗器 可変抵抗器 炭素系可変抵抗器(半固定を除く) (2),0022000101,平成22年1月
9290,01000210,生産 数量 (千個),351111200,受動部品 抵抗器 可変抵抗器 炭素系可変抵抗器(半固定を除く) (2),0022000202,平成22年2月
9846,01000210,生産 数量 (千個),351111200,受動部品 抵抗器 可変抵抗器 炭素系可変抵抗器(半固定を除く) (2),0022000303,平成22年3月
9947,01000210,生産 数量 (千個),351111200,受動部品 抵抗器 可変抵抗器 炭素系可変抵抗器(半固定を除く) (2),0022000404,平成22年4月
8465,01000210,生産 数量 (千個),351111200,受動部品 抵抗器 可変抵抗器 炭素系可変抵抗器(半固定を除く) (2),0022000505,平成22年5月
11689,01000210,生産 数量 (千個),351111200,受動部品 抵抗器 可変抵抗器 炭素系可変抵抗器(半固定を除く) (2),0022000606,平成22年6月
11016,01000210,生産 数量 (千個),351111200,受動部品 抵抗器 可変抵抗器 炭素系可変抵抗器(半固定を除く) (2),0022000707,平成22年7月
10019,01000210,生産 数量 (千個),351111200,受動部品 抵抗器 可変抵抗器 炭素系可変抵抗器(半固定を除く) (2),0022000808,平成22年8月
9735,01000210,生産 数量 (千個),351111200,受動部品 抵抗器 可変抵抗器 炭素系可変抵抗器(半固定を除く) (2),0022000909,平成22年9月
10644,01000210,生産 数量 (千個),351111200,受動部品 抵抗器 可変抵抗器 炭素系可変抵抗器(半固定を除く) (2),0022001010,平成22年10月
12343,01000210,生産 数量 (千個),351111200,受動部品 抵抗器 可変抵抗器 炭素系可変抵抗器(半固定を除く) (2),0022001111,平成22年11月
12595,01000210,生産 数量 (千個),351111200,受動部品 抵抗器 可変抵抗器 炭素系可変抵抗器(半固定を除く) (2),0022001212,平成22年12月
87360,01000210,生産 数量 (千個),351111300,受動部品 抵抗器 可変抵抗器 その他の可変抵抗器 (3),0018000000,平成18年
96867,01000210,生産 数量 (千個),351111300,受動部品 抵抗器 可変抵抗器 その他の可変抵抗器 (3),0019000000,平成19年
73457,01000210,生産 数量 (千個),351111300,受動部品 抵抗器 可変抵抗器 その他の可変抵抗器 (3),0020000000,平成20年
46172,01000210,生産 数量 (千個),351111300,受動部品 抵抗器 可変抵抗器 その他の可変抵抗器 (3),0021000000,平成21年
58992,01000210,生産 数量 (千個),351111300,受動部品 抵抗器 可変抵抗器 その他の可変抵抗器 (3),0022000000,平成22年
62243,01000210,生産 数量 (千個),351111300,受動部品 抵抗器 可変抵抗器 その他の可変抵抗器 (3),0020010000,平成20年度
51354,01000210,生産 数量 (千個),351111300,受動部品 抵抗器 可変抵抗器 その他の可変抵抗器 (3),0021010000,平成21年度
14115,01000210,生産 数量 (千個),351111300,受動部品 抵抗器 可変抵抗器 その他の可変抵抗器 (3),0022000103,平成22年 1 ～ 3 月
15226,01000210,生産 数量 (千個),351111300,受動部品 抵抗器 可変抵抗器 その他の可変抵抗器 (3),0022000406,平成22年 4 ～ 6 月
14274,01000210,生産 数量 (千個),351111300,受動部品 抵抗器 可変抵抗器 その他の可変抵抗器 (3),0022000709,平成22年 7 ～ 9 月
15377,01000210,生産 数量 (千個),351111300,受動部品 抵抗器 可変抵抗器 その他の可変抵抗器 (3),0022001012,平成22年 10 ～ 12 月
4552,01000210,生産 数量 (千個),351111300,受動部品 抵抗器 可変抵抗器 その他の可変抵抗器 (3),0022000101,平成22年1月
4589,01000210,生産 数量 (千個),351111300,受動部品 抵抗器 可変抵抗器 その他の可変抵抗器 (3),0022000202,平成22年2月
4974,01000210,生産 数量 (千個),351111300,受動部品 抵抗器 可変抵抗器 その他の可変抵抗器 (3),0022000303,平成22年3月
5452,01000210,生産 数量 (千個),351111300,受動部品 抵抗器 可変抵抗器 その他の可変抵抗器 (3),0022000404,平成22年4月
4610,01000210,生産 数量 (千個),351111300,受動部品 抵抗器 可変抵抗器 その他の可変抵抗器 (3),0022000505,平成22年5月
5164,01000210,生産 数量 (千個),351111300,受動部品 抵抗器 可変抵抗器 その他の可変抵抗器 (3),0022000606,平成22年6月
4888,01000210,生産 数量 (千個),351111300,受動部品 抵抗器 可変抵抗器 その他の可変抵抗器 (3),0022000707,平成22年7月
4506,01000210,生産 数量 (千個),351111300,受動部品 抵抗器 可変抵抗器 その他の可変抵抗器 (3),0022000808,平成22年8月
4880,01000210,生産 数量 (千個),351111300,受動部品 抵抗器 可変抵抗器 その他の可変抵抗器 (3),0022000909,平成22年9月
5012,01000210,生産 数量 (千個),351111300,受動部品 抵抗器 可変抵抗器 その他の可変抵抗器 (3),0022001010,平成22年10月
5147,01000210,生産 数量 (千個),351111300,受動部品 抵抗器 可変抵抗器 その他の可変抵抗器 (3),0022001111,平成22年11月
5218,01000210,生産 数量 (千個),351111300,受動部品 抵抗器 可変抵抗器 その他の可変抵抗器 (3),0022001212,平成22年12月
252111776,01000210,生産 数量 (千個),351112000,受動部品 抵抗器 固定抵抗器 (4～8),0018000000,平成18年
256390397,01000210,生産 数量 (千個),351112000,受動部品 抵抗器 固定抵抗器 (4～8),0019000000,平成19年
201944579,01000210,生産 数量 (千個),351112000,受動部品 抵抗器 固定抵抗器 (4～8),0020000000,平成20年
171463584,01000210,生産 数量 (千個),351112000,受動部品 抵抗器 固定抵抗器 (4～8),0021000000,平成21年
205059288,01000210,生産 数量 (千個),351112000,受動部品 抵抗器 固定抵抗器 (4～8),0022000000,平成22年
176019305,01000210,生産 数量 (千個),351112000,受動部品 抵抗器 固定抵抗器 (4～8),0020010000,平成20年度
190405824,01000210,生産 数量 (千個),351112000,受動部品 抵抗器 固定抵抗器 (4～8),0021010000,平成21年度
47938655,01000210,生産 数量 (千個),351112000,受動部品 抵抗器 固定抵抗器 (4～8),0022000103,平成22年 1 ～ 3 月
51620314,01000210,生産 数量 (千個),351112000,受動部品 抵抗器 固定抵抗器 (4～8),0022000406,平成22年 4 ～ 6 月
53699029,01000210,生産 数量 (千個),351112000,受動部品 抵抗器 固定抵抗器 (4～8),0022000709,平成22年 7 ～ 9 月
51801290,01000210,生産 数量 (千個),351112000,受動部品 抵抗器 固定抵抗器 (4～8),0022001012,平成22年 10 ～ 12 月
15244043,01000210,生産 数量 (千個),351112000,受動部品 抵抗器 固定抵抗器 (4～8),0022000101,平成22年1月
15755895,01000210,生産 数量 (千個),351112000,受動部品 抵抗器 固定抵抗器 (4～8),0022000202,平成22年2月
16938717,01000210,生産 数量 (千個),351112000,受動部品 抵抗器 固定抵抗器 (4～8),0022000303,平成22年3月
17534825,01000210,生産 数量 (千個),351112000,受動部品 抵抗器 固定抵抗器 (4～8),0022000404,平成22年4月
16069766,01000210,生産 数量 (千個),351112000,受動部品 抵抗器 固定抵抗器 (4～8),0022000505,平成22年5月
18015723,01000210,生産 数量 (千個),351112000,受動部品 抵抗器 固定抵抗器 (4～8),0022000606,平成22年6月
18511341,01000210,生産 数量 (千個),351112000,受動部品 抵抗器 固定抵抗器 (4～8),0022000707,平成22年7月
17049845,01000210,生産 数量 (千個),351112000,受動部品 抵抗器 固定抵抗器 (4～8),0022000808,平成22年8月
18137843,01000210,生産 数量 (千個),351112000,受動部品 抵抗器 固定抵抗器 (4～8),0022000909,平成22年9月
17594774,01000210,生産 数量 (千個),351112000,受動部品 抵抗器 固定抵抗器 (4～8),0022001010,平成22年10月
17092484,01000210,生産 数量 (千個),351112000,受動部品 抵抗器 固定抵抗器 (4～8),0022001111,平成22年11月
17114032,01000210,生産 数量 (千個),351112000,受動部品 抵抗器 固定抵抗器 (4～8),0022001212,平成22年12月
2587409,01000210,生産 数量 (千個),351112010,受動部品 抵抗器 固定抵抗器 金属皮膜固定抵抗器（酸化金属を含む） (4),0018000000,平成18年
2329313,01000210,生産 数量 (千個),351112010,受動部品 抵抗器 固定抵抗器 金属皮膜固定抵抗器（酸化金属を含む） (4),0019000000,平成19年
2182296,01000210,生産 数量 (千個),351112010,受動部品 抵抗器 固定抵抗器 金属皮膜固定抵抗器（酸化金属を含む） (4),0020000000,平成20年
1730255,01000210,生産 数量 (千個),351112010,受動部品 抵抗器 固定抵抗器 金属皮膜固定抵抗器（酸化金属を含む） (4),0021000000,平成21年
2140111,01000210,生産 数量 (千個),351112010,受動部品 抵抗器 固定抵抗器 金属皮膜固定抵抗器（酸化金属を含む） (4),0022000000,平成22年
1943881,01000210,生産 数量 (千個),351112010,受動部品 抵抗器 固定抵抗器 金属皮膜固定抵抗器（酸化金属を含む） (4),0020010000,平成20年度
1893994,01000210,生産 数量 (千個),351112010,受動部品 抵抗器 固定抵抗器 金属皮膜固定抵抗器（酸化金属を含む） (4),0021010000,平成21年度
497074,01000210,生産 数量 (千個),351112010,受動部品 抵抗器 固定抵抗器 金属皮膜固定抵抗器（酸化金属を含む） (4),0022000103,平成22年 1 ～ 3 月
514717,01000210,生産 数量 (千個),351112010,受動部品 抵抗器 固定抵抗器 金属皮膜固定抵抗器（酸化金属を含む） (4),0022000406,平成22年 4 ～ 6 月
592971,01000210,生産 数量 (千個),351112010,受動部品 抵抗器 固定抵抗器 金属皮膜固定抵抗器（酸化金属を含む） (4),0022000709,平成22年 7 ～ 9 月
535349,01000210,生産 数量 (千個),351112010,受動部品 抵抗器 固定抵抗器 金属皮膜固定抵抗器（酸化金属を含む） (4),0022001012,平成22年 10 ～ 12 月
159738,01000210,生産 数量 (千個),351112010,受動部品 抵抗器 固定抵抗器 金属皮膜固定抵抗器（酸化金属を含む） (4),0022000101,平成22年1月
162424,01000210,生産 数量 (千個),351112010,受動部品 抵抗器 固定抵抗器 金属皮膜固定抵抗器（酸化金属を含む） (4),0022000202,平成22年2月
174912,01000210,生産 数量 (千個),351112010,受動部品 抵抗器 固定抵抗器 金属皮膜固定抵抗器（酸化金属を含む） (4),0022000303,平成22年3月
160601,01000210,生産 数量 (千個),351112010,受動部品 抵抗器 固定抵抗器 金属皮膜固定抵抗器（酸化金属を含む） (4),0022000404,平成22年4月
170330,01000210,生産 数量 (千個),351112010,受動部品 抵抗器 固定抵抗器 金属皮膜固定抵抗器（酸化金属を含む） (4),0022000505,平成22年5月
183786,01000210,生産 数量 (千個),351112010,受動部品 抵抗器 固定抵抗器 金属皮膜固定抵抗器（酸化金属を含む） (4),0022000606,平成22年6月
272388,01000210,生産 数量 (千個),351112010,受動部品 抵抗器 固定抵抗器 金属皮膜固定抵抗器（酸化金属を含む） (4),0022000707,平成22年7月
158825,01000210,生産 数量 (千個),351112010,受動部品 抵抗器 固定抵抗器 金属皮膜固定抵抗器（酸化金属を含む） (4),0022000808,平成22年8月
161758,01000210,生産 数量 (千個),351112010,受動部品 抵抗器 固定抵抗器 金属皮膜固定抵抗器（酸化金属を含む） (4),0022000909,平成22年9月
161214,01000210,生産 数量 (千個),351112010,受動部品 抵抗器 固定抵抗器 金属皮膜固定抵抗器（酸化金属を含む） (4),0022001010,平成22年10月
156638,01000210,生産 数量 (千個),351112010,受動部品 抵抗器 固定抵抗器 金属皮膜固定抵抗器（酸化金属を含む） (4),0022001111,平成22年11月
217497,01000210,生産 数量 (千個),351112010,受動部品 抵抗器 固定抵抗器 金属皮膜固定抵抗器（酸化金属を含む） (4),0022001212,平成22年12月
92309,01000210,生産 数量 (千個),351112020,受動部品 抵抗器 固定抵抗器 巻線固定抵抗器 (5),0018000000,平成18年
78306,01000210,生産 数量 (千個),351112020,受動部品 抵抗器 固定抵抗器 巻線固定抵抗器 (5),0019000000,平成19年
69115,01000210,生産 数量 (千個),351112020,受動部品 抵抗器 固定抵抗器 巻線固定抵抗器 (5),0020000000,平成20年
42288,01000210,生産 数量 (千個),351112020,受動部品 抵抗器 固定抵抗器 巻線固定抵抗器 (5),0021000000,平成21年
57115,01000210,生産 数量 (千個),351112020,受動部品 抵抗器 固定抵抗器 巻線固定抵抗器 (5),0022000000,平成22年
59011,01000210,生産 数量 (千個),351112020,受動部品 抵抗器 固定抵抗器 巻線固定抵抗器 (5),0020010000,平成20年度
47067,01000210,生産 数量 (千個),351112020,受動部品 抵抗器 固定抵抗器 巻線固定抵抗器 (5),0021010000,平成21年度
13519,01000210,生産 数量 (千個),351112020,受動部品 抵抗器 固定抵抗器 巻線固定抵抗器 (5),0022000103,平成22年 1 ～ 3 月
14242,01000210,生産 数量 (千個),351112020,受動部品 抵抗器 固定抵抗器 巻線固定抵抗器 (5),0022000406,平成22年 4 ～ 6 月
14860,01000210,生産 数量 (千個),351112020,受動部品 抵抗器 固定抵抗器 巻線固定抵抗器 (5),0022000709,平成22年 7 ～ 9 月
14494,01000210,生産 数量 (千個),351112020,受動部品 抵抗器 固定抵抗器 巻線固定抵抗器 (5),0022001012,平成22年 10 ～ 12 月
4129,01000210,生産 数量 (千個),351112020,受動部品 抵抗器 固定抵抗器 巻線固定抵抗器 (5),0022000101,平成22年1月
4360,01000210,生産 数量 (千個),351112020,受動部品 抵抗器 固定抵抗器 巻線固定抵抗器 (5),0022000202,平成22年2月
5030,01000210,生産 数量 (千個),351112020,受動部品 抵抗器 固定抵抗器 巻線固定抵抗器 (5),0022000303,平成22年3月
4720,01000210,生産 数量 (千個),351112020,受動部品 抵抗器 固定抵抗器 巻線固定抵抗器 (5),0022000404,平成22年4月
4285,01000210,生産 数量 (千個),351112020,受動部品 抵抗器 固定抵抗器 巻線固定抵抗器 (5),0022000505,平成22年5月
5237,01000210,生産 数量 (千個),351112020,受動部品 抵抗器 固定抵抗器 巻線固定抵抗器 (5),0022000606,平成22年6月
5197,01000210,生産 数量 (千個),351112020,受動部品 抵抗器 固定抵抗器 巻線固定抵抗器 (5),0022000707,平成22年7月
4323,01000210,生産 数量 (千個),351112020,受動部品 抵抗器 固定抵抗器 巻線固定抵抗器 (5),0022000808,平成22年8月
5340,01000210,生産 数量 (千個),351112020,受動部品 抵抗器 固定抵抗器 巻線固定抵抗器 (5),0022000909,平成22年9月
4817,01000210,生産 数量 (千個),351112020,受動部品 抵抗器 固定抵抗器 巻線固定抵抗器 (5),0022001010,平成22年10月
5076,01000210,生産 数量 (千個),351112020,受動部品 抵抗器 固定抵抗器 巻線固定抵抗器 (5),0022001111,平成22年11月
4601,01000210,生産 数量 (千個),351112020,受動部品 抵抗器 固定抵抗器 巻線固定抵抗器 (5),0022001212,平成22年12月
13333129,01000210,生産 数量 (千個),351112100,受動部品 抵抗器 固定抵抗器 ネットワーク抵抗器 (6),0018000000,平成18年
16286101,01000210,生産 数量 (千個),351112100,受動部品 抵抗器 固定抵抗器 ネットワーク抵抗器 (6),0019000000,平成19年
13934913,01000210,生産 数量 (千個),351112100,受動部品 抵抗器 固定抵抗器 ネットワーク抵抗器 (6),0020000000,平成20年
11382180,01000210,生産 数量 (千個),351112100,受動部品 抵抗器 固定抵抗器 ネットワーク抵抗器 (6),0021000000,平成21年
14589633,01000210,生産 数量 (千個),351112100,受動部品 抵抗器 固定抵抗器 ネットワーク抵抗器 (6),0022000000,平成22年
12165357,01000210,生産 数量 (千個),351112100,受動部品 抵抗器 固定抵抗器 ネットワーク抵抗器 (6),0020010000,平成20年度
12812504,01000210,生産 数量 (千個),351112100,受動部品 抵抗器 固定抵抗器 ネットワーク抵抗器 (6),0021010000,平成21年度
3344732,01000210,生産 数量 (千個),351112100,受動部品 抵抗器 固定抵抗器 ネットワーク抵抗器 (6),0022000103,平成22年 1 ～ 3 月
3617736,01000210,生産 数量 (千個),351112100,受動部品 抵抗器 固定抵抗器 ネットワーク抵抗器 (6),0022000406,平成22年 4 ～ 6 月
3854067,01000210,生産 数量 (千個),351112100,受動部品 抵抗器 固定抵抗器 ネットワーク抵抗器 (6),0022000709,平成22年 7 ～ 9 月
3773098,01000210,生産 数量 (千個),351112100,受動部品 抵抗器 固定抵抗器 ネットワーク抵抗器 (6),0022001012,平成22年 10 ～ 12 月
1141655,01000210,生産 数量 (千個),351112100,受動部品 抵抗器 固定抵抗器 ネットワーク抵抗器 (6),0022000101,平成22年1月
1071567,01000210,生産 数量 (千個),351112100,受動部品 抵抗器 固定抵抗器 ネットワーク抵抗器 (6),0022000202,平成22年2月
1131510,01000210,生産 数量 (千個),351112100,受動部品 抵抗器 固定抵抗器 ネットワーク抵抗器 (6),0022000303,平成22年3月
1194973,01000210,生産 数量 (千個),351112100,受動部品 抵抗器 固定抵抗器 ネットワーク抵抗器 (6),0022000404,平成22年4月
1158625,01000210,生産 数量 (千個),351112100,受動部品 抵抗器 固定抵抗器 ネットワーク抵抗器 (6),0022000505,平成22年5月
1264138,01000210,生産 数量 (千個),351112100,受動部品 抵抗器 固定抵抗器 ネットワーク抵抗器 (6),0022000606,平成22年6月
1326177,01000210,生産 数量 (千個),351112100,受動部品 抵抗器 固定抵抗器 ネットワーク抵抗器 (6),0022000707,平成22年7月
1259899,01000210,生産 数量 (千個),351112100,受動部品 抵抗器 固定抵抗器 ネットワーク抵抗器 (6),0022000808,平成22年8月
1267991,01000210,生産 数量 (千個),351112100,受動部品 抵抗器 固定抵抗器 ネットワーク抵抗器 (6),0022000909,平成22年9月
1280957,01000210,生産 数量 (千個),351112100,受動部品 抵抗器 固定抵抗器 ネットワーク抵抗器 (6),0022001010,平成22年10月
1225344,01000210,生産 数量 (千個),351112100,受動部品 抵抗器 固定抵抗器 ネットワーク抵抗器 (6),0022001111,平成22年11月
1266797,01000210,生産 数量 (千個),351112100,受動部品 抵抗器 固定抵抗器 ネットワーク抵抗器 (6),0022001212,平成22年12月
231084184,01000210,生産 数量 (千個),351112200,受動部品 抵抗器 固定抵抗器 チップ抵抗器 (7),0018000000,平成18年
233294256,01000210,生産 数量 (千個),351112200,受動部品 抵抗器 固定抵抗器 チップ抵抗器 (7),0019000000,平成19年
182025092,01000210,生産 数量 (千個),351112200,受動部品 抵抗器 固定抵抗器 チップ抵抗器 (7),0020000000,平成20年
155052826,01000210,生産 数量 (千個),351112200,受動部品 抵抗器 固定抵抗器 チップ抵抗器 (7),0021000000,平成21年
183170348,01000210,生産 数量 (千個),351112200,受動部品 抵抗器 固定抵抗器 チップ抵抗器 (7),0022000000,平成22年
158394412,01000210,生産 数量 (千個),351112200,受動部品 抵抗器 固定抵抗器 チップ抵抗器 (7),0020010000,平成20年度
171843298,01000210,生産 数量 (千個),351112200,受動部品 抵抗器 固定抵抗器 チップ抵抗器 (7),0021010000,平成21年度
42931044,01000210,生産 数量 (千個),351112200,受動部品 抵抗器 固定抵抗器 チップ抵抗器 (7),0022000103,平成22年 1 ～ 3 月
46243717,01000210,生産 数量 (千個),351112200,受動部品 抵抗器 固定抵抗器 チップ抵抗器 (7),0022000406,平成22年 4 ～ 6 月
47857092,01000210,生産 数量 (千個),351112200,受動部品 抵抗器 固定抵抗器 チップ抵抗器 (7),0022000709,平成22年 7 ～ 9 月
46138495,01000210,生産 数量 (千個),351112200,受動部品 抵抗器 固定抵抗器 チップ抵抗器 (7),0022001012,平成22年 10 ～ 12 月
13574162,01000210,生産 数量 (千個),351112200,受動部品 抵抗器 固定抵抗器 チップ抵抗器 (7),0022000101,平成22年1月
14140365,01000210,生産 数量 (千個),351112200,受動部品 抵抗器 固定抵抗器 チップ抵抗器 (7),0022000202,平成22年2月
15216517,01000210,生産 数量 (千個),351112200,受動部品 抵抗器 固定抵抗器 チップ抵抗器 (7),0022000303,平成22年3月
15731270,01000210,生産 数量 (千個),351112200,受動部品 抵抗器 固定抵抗器 チップ抵抗器 (7),0022000404,平成22年4月
14384907,01000210,生産 数量 (千個),351112200,受動部品 抵抗器 固定抵抗器 チップ抵抗器 (7),0022000505,平成22年5月
16127540,01000210,生産 数量 (千個),351112200,受動部品 抵抗器 固定抵抗器 チップ抵抗器 (7),0022000606,平成22年6月
16455129,01000210,生産 数量 (千個),351112200,受動部品 抵抗器 固定抵抗器 チップ抵抗器 (7),0022000707,平成22年7月
15189723,01000210,生産 数量 (千個),351112200,受動部品 抵抗器 固定抵抗器 チップ抵抗器 (7),0022000808,平成22年8月
16212240,01000210,生産 数量 (千個),351112200,受動部品 抵抗器 固定抵抗器 チップ抵抗器 (7),0022000909,平成22年9月
15690555,01000210,生産 数量 (千個),351112200,受動部品 抵抗器 固定抵抗器 チップ抵抗器 (7),0022001010,平成22年10月
15263820,01000210,生産 数量 (千個),351112200,受動部品 抵抗器 固定抵抗器 チップ抵抗器 (7),0022001111,平成22年11月
15184120,01000210,生産 数量 (千個),351112200,受動部品 抵抗器 固定抵抗器 チップ抵抗器 (7),0022001212,平成22年12月
5014745,01000210,生産 数量 (千個),351112300,受動部品 抵抗器 固定抵抗器 その他の固定抵抗器 (8),0018000000,平成18年
4402421,01000210,生産 数量 (千個),351112300,受動部品 抵抗器 固定抵抗器 その他の固定抵抗器 (8),0019000000,平成19年
3733163,01000210,生産 数量 (千個),351112300,受動部品 抵抗器 固定抵抗器 その他の固定抵抗器 (8),0020000000,平成20年
3256035,01000210,生産 数量 (千個),351112300,受動部品 抵抗器 固定抵抗器 その他の固定抵抗器 (8),0021000000,平成21年
5102081,01000210,生産 数量 (千個),351112300,受動部品 抵抗器 固定抵抗器 その他の固定抵抗器 (8),0022000000,平成22年
3456644,01000210,生産 数量 (千個),351112300,受動部品 抵抗器 固定抵抗器 その他の固定抵抗器 (8),0020010000,平成20年度
3808961,01000210,生産 数量 (千個),351112300,受動部品 抵抗器 固定抵抗器 その他の固定抵抗器 (8),0021010000,平成21年度
1152286,01000210,生産 数量 (千個),351112300,受動部品 抵抗器 固定抵抗器 その他の固定抵抗器 (8),0022000103,平成22年 1 ～ 3 月
1229902,01000210,生産 数量 (千個),351112300,受動部品 抵抗器 固定抵抗器 その他の固定抵抗器 (8),0022000406,平成22年 4 ～ 6 月
1380039,01000210,生産 数量 (千個),351112300,受動部品 抵抗器 固定抵抗器 その他の固定抵抗器 (8),0022000709,平成22年 7 ～ 9 月
1339854,01000210,生産 数量 (千個),351112300,受動部品 抵抗器 固定抵抗器 その他の固定抵抗器 (8),0022001012,平成22年 10 ～ 12 月
364359,01000210,生産 数量 (千個),351112300,受動部品 抵抗器 固定抵抗器 その他の固定抵抗器 (8),0022000101,平成22年1月
377179,01000210,生産 数量 (千個),351112300,受動部品 抵抗器 固定抵抗器 その他の固定抵抗器 (8),0022000202,平成22年2月
410748,01000210,生産 数量 (千個),351112300,受動部品 抵抗器 固定抵抗器 その他の固定抵抗器 (8),0022000303,平成22年3月
443261,01000210,生産 数量 (千個),351112300,受動部品 抵抗器 固定抵抗器 その他の固定抵抗器 (8),0022000404,平成22年4月
351619,01000210,生産 数量 (千個),351112300,受動部品 抵抗器 固定抵抗器 その他の固定抵抗器 (8),0022000505,平成22年5月
435022,01000210,生産 数量 (千個),351112300,受動部品 抵抗器 固定抵抗器 その他の固定抵抗器 (8),0022000606,平成22年6月
452450,01000210,生産 数量 (千個),351112300,受動部品 抵抗器 固定抵抗器 その他の固定抵抗器 (8),0022000707,平成22年7月
437075,01000210,生産 数量 (千個),351112300,受動部品 抵抗器 固定抵抗器 その他の固定抵抗器 (8),0022000808,平成22年8月
490514,01000210,生産 数量 (千個),351112300,受動部品 抵抗器 固定抵抗器 その他の固定抵抗器 (8),0022000909,平成22年9月
457231,01000210,生産 数量 (千個),351112300,受動部品 抵抗器 固定抵抗器 その他の固定抵抗器 (8),0022001010,平成22年10月
441606,01000210,生産 数量 (千個),351112300,受動部品 抵抗器 固定抵抗器 その他の固定抵抗器 (8),0022001111,平成22年11月
441017,01000210,生産 数量 (千個),351112300,受動部品 抵抗器 固定抵抗器 その他の固定抵抗器 (8),0022001212,平成22年12月
606214603,01000210,生産 数量 (千個),351120000,受動部品 固定コンデンサ (9～14),0018000000,平成18年
705360201,01000210,生産 数量 (千個),351120000,受動部品 固定コンデンサ (9～14),0019000000,平成19年
652103719,01000210,生産 数量 (千個),351120000,受動部品 固定コンデンサ (9～14),0020000000,平成20年
576619882,01000210,生産 数量 (千個),351120000,受動部品 固定コンデンサ (9～14),0021000000,平成21年
759020227,01000210,生産 数量 (千個),351120000,受動部品 固定コンデンサ (9～14),0022000000,平成22年
573094431,01000210,生産 数量 (千個),351120000,受動部品 固定コンデンサ (9～14),0020010000,平成20年度
659684533,01000210,生産 数量 (千個),351120000,受動部品 固定コンデンサ (9～14),0021010000,平成21年度
170567739,01000210,生産 数量 (千個),351120000,受動部品 固定コンデンサ (9～14),0022000103,平成22年 1 ～ 3 月
200332178,01000210,生産 数量 (千個),351120000,受動部品 固定コンデンサ (9～14),0022000406,平成22年 4 ～ 6 月
202624569,01000210,生産 数量 (千個),351120000,受動部品 固定コンデンサ (9～14),0022000709,平成22年 7 ～ 9 月
185495741,01000210,生産 数量 (千個),351120000,受動部品 固定コンデンサ (9～14),0022001012,平成22年 10 ～ 12 月
51506279,01000210,生産 数量 (千個),351120000,受動部品 固定コンデンサ (9～14),0022000101,平成22年1月
55876767,01000210,生産 数量 (千個),351120000,受動部品 固定コンデンサ (9～14),0022000202,平成22年2月
63184693,01000210,生産 数量 (千個),351120000,受動部品 固定コンデンサ (9～14),0022000303,平成22年3月
67372201,01000210,生産 数量 (千個),351120000,受動部品 固定コンデンサ (9～14),0022000404,平成22年4月
64396936,01000210,生産 数量 (千個),351120000,受動部品 固定コンデンサ (9～14),0022000505,平成22年5月
68563041,01000210,生産 数量 (千個),351120000,受動部品 固定コンデンサ (9～14),0022000606,平成22年6月
68826386,01000210,生産 数量 (千個),351120000,受動部品 固定コンデンサ (9～14),0022000707,平成22年7月
67374221,01000210,生産 数量 (千個),351120000,受動部品 固定コンデンサ (9～14),0022000808,平成22年8月
66423962,01000210,生産 数量 (千個),351120000,受動部品 固定コンデンサ (9～14),0022000909,平成22年9月
62337386,01000210,生産 数量 (千個),351120000,受動部品 固定コンデンサ (9～14),0022001010,平成22年10月
58023878,01000210,生産 数量 (千個),351120000,受動部品 固定コンデンサ (9～14),0022001111,平成22年11月
65134477,01000210,生産 数量 (千個),351120000,受動部品 固定コンデンサ (9～14),0022001212,平成22年12月
21306940,01000210,生産 数量 (千個),351121000,受動部品 固定コンデンサ アルミ電解コンデンサ (9),0018000000,平成18年
20256358,01000210,生産 数量 (千個),351121000,受動部品 固定コンデンサ アルミ電解コンデンサ (9),0019000000,平成19年
18175692,01000210,生産 数量 (千個),351121000,受動部品 固定コンデンサ アルミ電解コンデンサ (9),0020000000,平成20年
12744555,01000210,生産 数量 (千個),351121000,受動部品 固定コンデンサ アルミ電解コンデンサ (9),0021000000,平成21年
16534545,01000210,生産 数量 (千個),351121000,受動部品 固定コンデンサ アルミ電解コンデンサ (9),0022000000,平成22年
15306086,01000210,生産 数量 (千個),351121000,受動部品 固定コンデンサ アルミ電解コンデンサ (9),0020010000,平成20年度
14756506,01000210,生産 数量 (千個),351121000,受動部品 固定コンデンサ アルミ電解コンデンサ (9),0021010000,平成21年度
3889713,01000210,生産 数量 (千個),351121000,受動部品 固定コンデンサ アルミ電解コンデンサ (9),0022000103,平成22年 1 ～ 3 月
4304104,01000210,生産 数量 (千個),351121000,受動部品 固定コンデンサ アルミ電解コンデンサ (9),0022000406,平成22年 4 ～ 6 月
4438226,01000210,生産 数量 (千個),351121000,受動部品 固定コンデンサ アルミ電解コンデンサ (9),0022000709,平成22年 7 ～ 9 月
3902502,01000210,生産 数量 (千個),351121000,受動部品 固定コンデンサ アルミ電解コンデンサ (9),0022001012,平成22年 10 ～ 12 月
1213621,01000210,生産 数量 (千個),351121000,受動部品 固定コンデンサ アルミ電解コンデンサ (9),0022000101,平成22年1月
1249418,01000210,生産 数量 (千個),351121000,受動部品 固定コンデンサ アルミ電解コンデンサ (9),0022000202,平成22年2月
1426674,01000210,生産 数量 (千個),351121000,受動部品 固定コンデンサ アルミ電解コンデンサ (9),0022000303,平成22年3月
1426219,01000210,生産 数量 (千個),351121000,受動部品 固定コンデンサ アルミ電解コンデンサ (9),0022000404,平成22年4月
1410130,01000210,生産 数量 (千個),351121000,受動部品 固定コンデンサ アルミ電解コンデンサ (9),0022000505,平成22年5月
1467755,01000210,生産 数量 (千個),351121000,受動部品 固定コンデンサ アルミ電解コンデンサ (9),0022000606,平成22年6月
1537531,01000210,生産 数量 (千個),351121000,受動部品 固定コンデンサ アルミ電解コンデンサ (9),0022000707,平成22年7月
1453475,01000210,生産 数量 (千個),351121000,受動部品 固定コンデンサ アルミ電解コンデンサ (9),0022000808,平成22年8月
1447220,01000210,生産 数量 (千個),351121000,受動部品 固定コンデンサ アルミ電解コンデンサ (9),0022000909,平成22年9月
1369841,01000210,生産 数量 (千個),351121000,受動部品 固定コンデンサ アルミ電解コンデンサ (9),0022001010,平成22年10月
1314149,01000210,生産 数量 (千個),351121000,受動部品 固定コンデンサ アルミ電解コンデンサ (9),0022001111,平成22年11月
1218512,01000210,生産 数量 (千個),351121000,受動部品 固定コンデンサ アルミ電解コンデンサ (9),0022001212,平成22年12月
5411077,01000210,生産 数量 (千個),351122000,受動部品 固定コンデンサ タンタル電解コンデンサ (10),0018000000,平成18年
4699250,01000210,生産 数量 (千個),351122000,受動部品 固定コンデンサ タンタル電解コンデンサ (10),0019000000,平成19年
3805967,01000210,生産 数量 (千個),351122000,受動部品 固定コンデンサ タンタル電解コンデンサ (10),0020000000,平成20年
2325811,01000210,生産 数量 (千個),351122000,受動部品 固定コンデンサ タンタル電解コンデンサ (10),0021000000,平成21年
2505175,01000210,生産 数量 (千個),351122000,受動部品 固定コンデンサ タンタル電解コンデンサ (10),0022000000,平成22年
3225051,01000210,生産 数量 (千個),351122000,受動部品 固定コンデンサ タンタル電解コンデンサ (10),0020010000,平成20年度
2417962,01000210,生産 数量 (千個),351122000,受動部品 固定コンデンサ タンタル電解コンデンサ (10),0021010000,平成21年度
559280,01000210,生産 数量 (千個),351122000,受動部品 固定コンデンサ タンタル電解コンデンサ (10),0022000103,平成22年 1 ～ 3 月
648209,01000210,生産 数量 (千個),351122000,受動部品 固定コンデンサ タンタル電解コンデンサ (10),0022000406,平成22年 4 ～ 6 月
695736,01000210,生産 数量 (千個),351122000,受動部品 固定コンデンサ タンタル電解コンデンサ (10),0022000709,平成22年 7 ～ 9 月
601950,01000210,生産 数量 (千個),351122000,受動部品 固定コンデンサ タンタル電解コンデンサ (10),0022001012,平成22年 10 ～ 12 月
166918,01000210,生産 数量 (千個),351122000,受動部品 固定コンデンサ タンタル電解コンデンサ (10),0022000101,平成22年1月
179545,01000210,生産 数量 (千個),351122000,受動部品 固定コンデンサ タンタル電解コンデンサ (10),0022000202,平成22年2月
212817,01000210,生産 数量 (千個),351122000,受動部品 固定コンデンサ タンタル電解コンデンサ (10),0022000303,平成22年3月
216490,01000210,生産 数量 (千個),351122000,受動部品 固定コンデンサ タンタル電解コンデンサ (10),0022000404,平成22年4月
207427,01000210,生産 数量 (千個),351122000,受動部品 固定コンデンサ タンタル電解コンデンサ (10),0022000505,平成22年5月
224292,01000210,生産 数量 (千個),351122000,受動部品 固定コンデンサ タンタル電解コンデンサ (10),0022000606,平成22年6月
233944,01000210,生産 数量 (千個),351122000,受動部品 固定コンデンサ タンタル電解コンデンサ (10),0022000707,平成22年7月
226452,01000210,生産 数量 (千個),351122000,受動部品 固定コンデンサ タンタル電解コンデンサ (10),0022000808,平成22年8月
235340,01000210,生産 数量 (千個),351122000,受動部品 固定コンデンサ タンタル電解コンデンサ (10),0022000909,平成22年9月
218137,01000210,生産 数量 (千個),351122000,受動部品 固定コンデンサ タンタル電解コンデンサ (10),0022001010,平成22年10月
198487,01000210,生産 数量 (千個),351122000,受動部品 固定コンデンサ タンタル電解コンデンサ (10),0022001111,平成22年11月
185326,01000210,生産 数量 (千個),351122000,受動部品 固定コンデンサ タンタル電解コンデンサ (10),0022001212,平成22年12月
576789310,01000210,生産 数量 (千個),351123000,受動部品 固定コンデンサ セラミックコンデンサ (11),0018000000,平成18年
677840651,01000210,生産 数量 (千個),351123000,受動部品 固定コンデンサ セラミックコンデンサ (11),0019000000,平成19年
627766785,01000210,生産 数量 (千個),351123000,受動部品 固定コンデンサ セラミックコンデンサ (11),0020000000,平成20年
559987659,01000210,生産 数量 (千個),351123000,受動部品 固定コンデンサ セラミックコンデンサ (11),0021000000,平成21年
738336539,01000210,生産 数量 (千個),351123000,受動部品 固定コンデンサ セラミックコンデンサ (11),0022000000,平成22年
552502815,01000210,生産 数量 (千個),351123000,受動部品 固定コンデンサ セラミックコンデンサ (11),0020010000,平成20年度
640855870,01000210,生産 数量 (千個),351123000,受動部品 固定コンデンサ セラミックコンデンサ (11),0021010000,平成21年度
165709201,01000210,生産 数量 (千個),351123000,受動部品 固定コンデンサ セラミックコンデンサ (11),0022000103,平成22年 1 ～ 3 月
194959765,01000210,生産 数量 (千個),351123000,受動部品 固定コンデンサ セラミックコンデンサ (11),0022000406,平成22年 4 ～ 6 月
197074938,01000210,生産 数量 (千個),351123000,受動部品 固定コンデンサ セラミックコンデンサ (11),0022000709,平成22年 7 ～ 9 月
180592635,01000210,生産 数量 (千個),351123000,受動部品 固定コンデンサ セラミックコンデンサ (11),0022001012,平成22年 10 ～ 12 月
49995040,01000210,生産 数量 (千個),351123000,受動部品 固定コンデンサ セラミックコンデンサ (11),0022000101,平成22年1月
54318283,01000210,生産 数量 (千個),351123000,受動部品 固定コンデンサ セラミックコンデンサ (11),0022000202,平成22年2月
61395878,01000210,生産 数量 (千個),351123000,受動部品 固定コンデンサ セラミックコンデンサ (11),0022000303,平成22年3月
65587406,01000210,生産 数量 (千個),351123000,受動部品 固定コンデンサ セラミックコンデンサ (11),0022000404,平成22年4月
62651160,01000210,生産 数量 (千個),351123000,受動部品 固定コンデンサ セラミックコンデンサ (11),0022000505,平成22年5月
66721199,01000210,生産 数量 (千個),351123000,受動部品 固定コンデンサ セラミックコンデンサ (11),0022000606,平成22年6月
66907486,01000210,生産 数量 (千個),351123000,受動部品 固定コンデンサ セラミックコンデンサ (11),0022000707,平成22年7月
65566489,01000210,生産 数量 (千個),351123000,受動部品 固定コンデンサ セラミックコンデンサ (11),0022000808,平成22年8月
64600963,01000210,生産 数量 (千個),351123000,受動部品 固定コンデンサ セラミックコンデンサ (11),0022000909,平成22年9月
60612968,01000210,生産 数量 (千個),351123000,受動部品 固定コンデンサ セラミックコンデンサ (11),0022001010,平成22年10月
56380004,01000210,生産 数量 (千個),351123000,受動部品 固定コンデンサ セラミックコンデンサ (11),0022001111,平成22年11月
63599663,01000210,生産 数量 (千個),351123000,受動部品 固定コンデンサ セラミックコンデンサ (11),0022001212,平成22年12月
1730107,01000210,生産 数量 (千個),351124000,受動部品 固定コンデンサ 有機フィルムコンデンサ (12),0018000000,平成18年
1525460,01000210,生産 数量 (千個),351124000,受動部品 固定コンデンサ 有機フィルムコンデンサ (12),0019000000,平成19年
1418377,01000210,生産 数量 (千個),351124000,受動部品 固定コンデンサ 有機フィルムコンデンサ (12),0020000000,平成20年
1016129,01000210,生産 数量 (千個),351124000,受動部品 固定コンデンサ 有機フィルムコンデンサ (12),0021000000,平成21年
939525,01000210,生産 数量 (千個),351124000,受動部品 固定コンデンサ 有機フィルムコンデンサ (12),0022000000,平成22年
1261837,01000210,生産 数量 (千個),351124000,受動部品 固定コンデンサ 有機フィルムコンデンサ (12),0020010000,平成20年度
1025819,01000210,生産 数量 (千個),351124000,受動部品 固定コンデンサ 有機フィルムコンデンサ (12),0021010000,平成21年度
241037,01000210,生産 数量 (千個),351124000,受動部品 固定コンデンサ 有機フィルムコンデンサ (12),0022000103,平成22年 1 ～ 3 月
239968,01000210,生産 数量 (千個),351124000,受動部品 固定コンデンサ 有機フィルムコンデンサ (12),0022000406,平成22年 4 ～ 6 月
240929,01000210,生産 数量 (千個),351124000,受動部品 固定コンデンサ 有機フィルムコンデンサ (12),0022000709,平成22年 7 ～ 9 月
217591,01000210,生産 数量 (千個),351124000,受動部品 固定コンデンサ 有機フィルムコンデンサ (12),0022001012,平成22年 10 ～ 12 月
75093,01000210,生産 数量 (千個),351124000,受動部品 固定コンデンサ 有機フィルムコンデンサ (12),0022000101,平成22年1月
79847,01000210,生産 数量 (千個),351124000,受動部品 固定コンデンサ 有機フィルムコンデンサ (12),0022000202,平成22年2月
86097,01000210,生産 数量 (千個),351124000,受動部品 固定コンデンサ 有機フィルムコンデンサ (12),0022000303,平成22年3月
94124,01000210,生産 数量 (千個),351124000,受動部品 固定コンデンサ 有機フィルムコンデンサ (12),0022000404,平成22年4月
66547,01000210,生産 数量 (千個),351124000,受動部品 固定コンデンサ 有機フィルムコンデンサ (12),0022000505,平成22年5月
79297,01000210,生産 数量 (千個),351124000,受動部品 固定コンデンサ 有機フィルムコンデンサ (12),0022000606,平成22年6月
81480,01000210,生産 数量 (千個),351124000,受動部品 固定コンデンサ 有機フィルムコンデンサ (12),0022000707,平成22年7月
76918,01000210,生産 数量 (千個),351124000,受動部品 固定コンデンサ 有機フィルムコンデンサ (12),0022000808,平成22年8月
82531,01000210,生産 数量 (千個),351124000,受動部品 固定コンデンサ 有機フィルムコンデンサ (12),0022000909,平成22年9月
77919,01000210,生産 数量 (千個),351124000,受動部品 固定コンデンサ 有機フィルムコンデンサ (12),0022001010,平成22年10月
70767,01000210,生産 数量 (千個),351124000,受動部品 固定コンデンサ 有機フィルムコンデンサ (12),0022001111,平成22年11月
68905,01000210,生産 数量 (千個),351124000,受動部品 固定コンデンサ 有機フィルムコンデンサ (12),0022001212,平成22年12月
958271,01000210,生産 数量 (千個),351125000,受動部品 固定コンデンサ 金属化有機フィルムコンデンサ (13),0018000000,平成18年
875972,01000210,生産 数量 (千個),351125000,受動部品 固定コンデンサ 金属化有機フィルムコンデンサ (13),0019000000,平成19年
778247,01000210,生産 数量 (千個),351125000,受動部品 固定コンデンサ 金属化有機フィルムコンデンサ (13),0020000000,平成20年
545728,01000210,生産 数量 (千個),351125000,受動部品 固定コンデンサ 金属化有機フィルムコンデンサ (13),0021000000,平成21年
704443,01000210,生産 数量 (千個),351125000,受動部品 固定コンデンサ 金属化有機フィルムコンデンサ (13),0022000000,平成22年
658081,01000210,生産 数量 (千個),351125000,受動部品 固定コンデンサ 金属化有機フィルムコンデンサ (13),0020010000,平成20年度
628376,01000210,生産 数量 (千個),351125000,受動部品 固定コンデンサ 金属化有機フィルムコンデンサ (13),0021010000,平成21年度
168508,01000210,生産 数量 (千個),351125000,受動部品 固定コンデンサ 金属化有機フィルムコンデンサ (13),0022000103,平成22年 1 ～ 3 月
180132,01000210,生産 数量 (千個),351125000,受動部品 固定コンデンサ 金属化有機フィルムコンデンサ (13),0022000406,平成22年 4 ～ 6 月
174740,01000210,生産 数量 (千個),351125000,受動部品 固定コンデンサ 金属化有機フィルムコンデンサ (13),0022000709,平成22年 7 ～ 9 月
181063,01000210,生産 数量 (千個),351125000,受動部品 固定コンデンサ 金属化有機フィルムコンデンサ (13),0022001012,平成22年 10 ～ 12 月
55607,01000210,生産 数量 (千個),351125000,受動部品 固定コンデンサ 金属化有機フィルムコンデンサ (13),0022000101,平成22年1月
49674,01000210,生産 数量 (千個),351125000,受動部品 固定コンデンサ 金属化有機フィルムコンデンサ (13),0022000202,平成22年2月
63227,01000210,生産 数量 (千個),351125000,受動部品 固定コンデンサ 金属化有機フィルムコンデンサ (13),0022000303,平成22年3月
47962,01000210,生産 数量 (千個),351125000,受動部品 固定コンデンサ 金属化有機フィルムコンデンサ (13),0022000404,平成22年4月
61672,01000210,生産 数量 (千個),351125000,受動部品 固定コンデンサ 金属化有機フィルムコンデンサ (13),0022000505,平成22年5月
70498,01000210,生産 数量 (千個),351125000,受動部品 固定コンデンサ 金属化有機フィルムコンデンサ (13),0022000606,平成22年6月
65945,01000210,生産 数量 (千個),351125000,受動部品 固定コンデンサ 金属化有機フィルムコンデンサ (13),0022000707,平成22年7月
50887,01000210,生産 数量 (千個),351125000,受動部品 固定コンデンサ 金属化有機フィルムコンデンサ (13),0022000808,平成22年8月
57908,01000210,生産 数量 (千個),351125000,受動部品 固定コンデンサ 金属化有機フィルムコンデンサ (13),0022000909,平成22年9月
58521,01000210,生産 数量 (千個),351125000,受動部品 固定コンデンサ 金属化有機フィルムコンデンサ (13),0022001010,平成22年10月
60471,01000210,生産 数量 (千個),351125000,受動部品 固定コンデンサ 金属化有機フィルムコンデンサ (13),0022001111,平成22年11月
62071,01000210,生産 数量 (千個),351125000,受動部品 固定コンデンサ 金属化有機フィルムコンデンサ (13),0022001212,平成22年12月
18898,01000210,生産 数量 (千個),351126000,受動部品 固定コンデンサ その他の固定コンデンサ (14),0018000000,平成18年
162510,01000210,生産 数量 (千個),351126000,受動部品 固定コンデンサ その他の固定コンデンサ (14),0019000000,平成19年
×,01000210,生産 数量 (千個),351126000,受動部品 固定コンデンサ その他の固定コンデンサ (14),0020000000,平成20年
×,01000210,生産 数量 (千個),351126000,受動部品 固定コンデンサ その他の固定コンデンサ (14),0021000000,平成21年
×,01000210,生産 数量 (千個),351126000,受動部品 固定コンデンサ その他の固定コンデンサ (14),0022000000,平成22年
×,01000210,生産 数量 (千個),351126000,受動部品 固定コンデンサ その他の固定コンデンサ (14),0020010000,平成20年度
×,01000210,生産 数量 (千個),351126000,受動部品 固定コンデンサ その他の固定コンデンサ (14),0021010000,平成21年度
×,01000210,生産 数量 (千個),351126000,受動部品 固定コンデンサ その他の固定コンデンサ (14),0022000103,平成22年 1 ～ 3 月
×,01000210,生産 数量 (千個),351126000,受動部品 固定コンデンサ その他の固定コンデンサ (14),0022000406,平成22年 4 ～ 6 月
×,01000210,生産 数量 (千個),351126000,受動部品 固定コンデンサ その他の固定コンデンサ (14),0022000709,平成22年 7 ～ 9 月
×,01000210,生産 数量 (千個),351126000,受動部品 固定コンデンサ その他の固定コンデンサ (14),0022001012,平成22年 10 ～ 12 月
×,01000210,生産 数量 (千個),351126000,受動部品 固定コンデンサ その他の固定コンデンサ (14),0022000101,平成22年1月
×,01000210,生産 数量 (千個),351126000,受動部品 固定コンデンサ その他の固定コンデンサ (14),0022000202,平成22年2月
×,01000210,生産 数量 (千個),351126000,受動部品 固定コンデンサ その他の固定コンデンサ (14),0022000303,平成22年3月
×,01000210,生産 数量 (千個),351126000,受動部品 固定コンデンサ その他の固定コンデンサ (14),0022000404,平成22年4月
×,01000210,生産 数量 (千個),351126000,受動部品 固定コンデンサ その他の固定コンデンサ (14),0022000505,平成22年5月
×,01000210,生産 数量 (千個),351126000,受動部品 固定コンデンサ その他の固定コンデンサ (14),0022000606,平成22年6月
×,01000210,生産 数量 (千個),351126000,受動部品 固定コンデンサ その他の固定コンデンサ (14),0022000707,平成22年7月
×,01000210,生産 数量 (千個),351126000,受動部品 固定コンデンサ その他の固定コンデンサ (14),0022000808,平成22年8月
×,01000210,生産 数量 (千個),351126000,受動部品 固定コンデンサ その他の固定コンデンサ (14),0022000909,平成22年9月
×,01000210,生産 数量 (千個),351126000,受動部品 固定コンデンサ その他の固定コンデンサ (14),0022001010,平成22年10月
×,01000210,生産 数量 (千個),351126000,受動部品 固定コンデンサ その他の固定コンデンサ (14),0022001111,平成22年11月
×,01000210,生産 数量 (千個),351126000,受動部品 固定コンデンサ その他の固定コンデンサ (14),0022001212,平成22年12月
25014620,01000210,生産 数量 (千個),351130000,受動部品 トランス（コイルを含む） (15～18),0018000000,平成18年
29150677,01000210,生産 数量 (千個),351130000,受動部品 トランス（コイルを含む） (15～18),0019000000,平成19年
31129918,01000210,生産 数量 (千個),351130000,受動部品 トランス（コイルを含む） (15～18),0020000000,平成20年
26488006,01000210,生産 数量 (千個),351130000,受動部品 トランス（コイルを含む） (15～18),0021000000,平成21年
41903696,01000210,生産 数量 (千個),351130000,受動部品 トランス（コイルを含む） (15～18),0022000000,平成22年
26562284,01000210,生産 数量 (千個),351130000,受動部品 トランス（コイルを含む） (15～18),0020010000,平成20年度
31678031,01000210,生産 数量 (千個),351130000,受動部品 トランス（コイルを含む） (15～18),0021010000,平成21年度
8396764,01000210,生産 数量 (千個),351130000,受動部品 トランス（コイルを含む） (15～18),0022000103,平成22年 1 ～ 3 月
10670948,01000210,生産 数量 (千個),351130000,受動部品 トランス（コイルを含む） (15～18),0022000406,平成22年 4 ～ 6 月
11520705,01000210,生産 数量 (千個),351130000,受動部品 トランス（コイルを含む） (15～18),0022000709,平成22年 7 ～ 9 月
11315279,01000210,生産 数量 (千個),351130000,受動部品 トランス（コイルを含む） (15～18),0022001012,平成22年 10 ～ 12 月
2618508,01000210,生産 数量 (千個),351130000,受動部品 トランス（コイルを含む） (15～18),0022000101,平成22年1月
2678924,01000210,生産 数量 (千個),351130000,受動部品 トランス（コイルを含む） (15～18),0022000202,平成22年2月
3099332,01000210,生産 数量 (千個),351130000,受動部品 トランス（コイルを含む） (15～18),0022000303,平成22年3月
3435629,01000210,生産 数量 (千個),351130000,受動部品 トランス（コイルを含む） (15～18),0022000404,平成22年4月
3589715,01000210,生産 数量 (千個),351130000,受動部品 トランス（コイルを含む） (15～18),0022000505,平成22年5月
3645604,01000210,生産 数量 (千個),351130000,受動部品 トランス（コイルを含む） (15～18),0022000606,平成22年6月
3790028,01000210,生産 数量 (千個),351130000,受動部品 トランス（コイルを含む） (15～18),0022000707,平成22年7月
3811724,01000210,生産 数量 (千個),351130000,受動部品 トランス（コイルを含む） (15～18),0022000808,平成22年8月
3918953,01000210,生産 数量 (千個),351130000,受動部品 トランス（コイルを含む） (15～18),0022000909,平成22年9月
3844748,01000210,生産 数量 (千個),351130000,受動部品 トランス（コイルを含む） (15～18),0022001010,平成22年10月
3791076,01000210,生産 数量 (千個),351130000,受動部品 トランス（コイルを含む） (15～18),0022001111,平成22年11月
3679455,01000210,生産 数量 (千個),351130000,受動部品 トランス（コイルを含む） (15～18),0022001212,平成22年12月
18817,01000210,生産 数量 (千個),351130100,受動部品 トランス（コイルを含む） 鉄芯トランス(15),0018000000,平成18年
14721,01000210,生産 数量 (千個),351130100,受動部品 トランス（コイルを含む） 鉄芯トランス(15),0019000000,平成19年
11124,01000210,生産 数量 (千個),351130100,受動部品 トランス（コイルを含む） 鉄芯トランス(15),0020000000,平成20年
8966,01000210,生産 数量 (千個),351130100,受動部品 トランス（コイルを含む） 鉄芯トランス(15),0021000000,平成21年
8514,01000210,生産 数量 (千個),351130100,受動部品 トランス（コイルを含む） 鉄芯トランス(15),0022000000,平成22年
10419,01000210,生産 数量 (千個),351130100,受動部品 トランス（コイルを含む） 鉄芯トランス(15),0020010000,平成20年度
8786,01000210,生産 数量 (千個),351130100,受動部品 トランス（コイルを含む） 鉄芯トランス(15),0021010000,平成21年度
1830,01000210,生産 数量 (千個),351130100,受動部品 トランス（コイルを含む） 鉄芯トランス(15),0022000103,平成22年 1 ～ 3 月
2017,01000210,生産 数量 (千個),351130100,受動部品 トランス（コイルを含む） 鉄芯トランス(15),0022000406,平成22年 4 ～ 6 月
2284,01000210,生産 数量 (千個),351130100,受動部品 トランス（コイルを含む） 鉄芯トランス(15),0022000709,平成22年 7 ～ 9 月
2383,01000210,生産 数量 (千個),351130100,受動部品 トランス（コイルを含む） 鉄芯トランス(15),0022001012,平成22年 10 ～ 12 月
648,01000210,生産 数量 (千個),351130100,受動部品 トランス（コイルを含む） 鉄芯トランス(15),0022000101,平成22年1月
602,01000210,生産 数量 (千個),351130100,受動部品 トランス（コイルを含む） 鉄芯トランス(15),0022000202,平成22年2月
580,01000210,生産 数量 (千個),351130100,受動部品 トランス（コイルを含む） 鉄芯トランス(15),0022000303,平成22年3月
685,01000210,生産 数量 (千個),351130100,受動部品 トランス（コイルを含む） 鉄芯トランス(15),0022000404,平成22年4月
615,01000210,生産 数量 (千個),351130100,受動部品 トランス（コイルを含む） 鉄芯トランス(15),0022000505,平成22年5月
717,01000210,生産 数量 (千個),351130100,受動部品 トランス（コイルを含む） 鉄芯トランス(15),0022000606,平成22年6月
782,01000210,生産 数量 (千個),351130100,受動部品 トランス（コイルを含む） 鉄芯トランス(15),0022000707,平成22年7月
760,01000210,生産 数量 (千個),351130100,受動部品 トランス（コイルを含む） 鉄芯トランス(15),0022000808,平成22年8月
742,01000210,生産 数量 (千個),351130100,受動部品 トランス（コイルを含む） 鉄芯トランス(15),0022000909,平成22年9月
825,01000210,生産 数量 (千個),351130100,受動部品 トランス（コイルを含む） 鉄芯トランス(15),0022001010,平成22年10月
877,01000210,生産 数量 (千個),351130100,受動部品 トランス（コイルを含む） 鉄芯トランス(15),0022001111,平成22年11月
681,01000210,生産 数量 (千個),351130100,受動部品 トランス（コイルを含む） 鉄芯トランス(15),0022001212,平成22年12月
185998,01000210,生産 数量 (千個),351130200,受動部品 トランス（コイルを含む） フェライトコアトランス（高周波電源回路用のもの）(16),0018000000,平成18年
129325,01000210,生産 数量 (千個),351130200,受動部品 トランス（コイルを含む） フェライトコアトランス（高周波電源回路用のもの）(16),0019000000,平成19年
71554,01000210,生産 数量 (千個),351130200,受動部品 トランス（コイルを含む） フェライトコアトランス（高周波電源回路用のもの）(16),0020000000,平成20年
58703,01000210,生産 数量 (千個),351130200,受動部品 トランス（コイルを含む） フェライトコアトランス（高周波電源回路用のもの）(16),0021000000,平成21年
63636,01000210,生産 数量 (千個),351130200,受動部品 トランス（コイルを含む） フェライトコアトランス（高周波電源回路用のもの）(16),0022000000,平成22年
63226,01000210,生産 数量 (千個),351130200,受動部品 トランス（コイルを含む） フェライトコアトランス（高周波電源回路用のもの）(16),0020010000,平成20年度
65640,01000210,生産 数量 (千個),351130200,受動部品 トランス（コイルを含む） フェライトコアトランス（高周波電源回路用のもの）(16),0021010000,平成21年度
16296,01000210,生産 数量 (千個),351130200,受動部品 トランス（コイルを含む） フェライトコアトランス（高周波電源回路用のもの）(16),0022000103,平成22年 1 ～ 3 月
14456,01000210,生産 数量 (千個),351130200,受動部品 トランス（コイルを含む） フェライトコアトランス（高周波電源回路用のもの）(16),0022000406,平成22年 4 ～ 6 月
16000,01000210,生産 数量 (千個),351130200,受動部品 トランス（コイルを含む） フェライトコアトランス（高周波電源回路用のもの）(16),0022000709,平成22年 7 ～ 9 月
16884,01000210,生産 数量 (千個),351130200,受動部品 トランス（コイルを含む） フェライトコアトランス（高周波電源回路用のもの）(16),0022001012,平成22年 10 ～ 12 月
6452,01000210,生産 数量 (千個),351130200,受動部品 トランス（コイルを含む） フェライトコアトランス（高周波電源回路用のもの）(16),0022000101,平成22年1月
3349,01000210,生産 数量 (千個),351130200,受動部品 トランス（コイルを含む） フェライトコアトランス（高周波電源回路用のもの）(16),0022000202,平成22年2月
6495,01000210,生産 数量 (千個),351130200,受動部品 トランス（コイルを含む） フェライトコアトランス（高周波電源回路用のもの）(16),0022000303,平成22年3月
3921,01000210,生産 数量 (千個),351130200,受動部品 トランス（コイルを含む） フェライトコアトランス（高周波電源回路用のもの）(16),0022000404,平成22年4月
5438,01000210,生産 数量 (千個),351130200,受動部品 トランス（コイルを含む） フェライトコアトランス（高周波電源回路用のもの）(16),0022000505,平成22年5月
5097,01000210,生産 数量 (千個),351130200,受動部品 トランス（コイルを含む） フェライトコアトランス（高周波電源回路用のもの）(16),0022000606,平成22年6月
5803,01000210,生産 数量 (千個),351130200,受動部品 トランス（コイルを含む） フェライトコアトランス（高周波電源回路用のもの）(16),0022000707,平成22年7月
4902,01000210,生産 数量 (千個),351130200,受動部品 トランス（コイルを含む） フェライトコアトランス（高周波電源回路用のもの）(16),0022000808,平成22年8月
5295,01000210,生産 数量 (千個),351130200,受動部品 トランス（コイルを含む） フェライトコアトランス（高周波電源回路用のもの）(16),0022000909,平成22年9月
5023,01000210,生産 数量 (千個),351130200,受動部品 トランス（コイルを含む） フェライトコアトランス（高周波電源回路用のもの）(16),0022001010,平成22年10月
5955,01000210,生産 数量 (千個),351130200,受動部品 トランス（コイルを含む） フェライトコアトランス（高周波電源回路用のもの）(16),0022001111,平成22年11月
5906,01000210,生産 数量 (千個),351130200,受動部品 トランス（コイルを含む） フェライトコアトランス（高周波電源回路用のもの）(16),0022001212,平成22年12月
24492955,01000210,生産 数量 (千個),351130300,受動部品 トランス（コイルを含む） インダクタ (17),0018000000,平成18年
28720272,01000210,生産 数量 (千個),351130300,受動部品 トランス（コイルを含む） インダクタ (17),0019000000,平成19年
30989288,01000210,生産 数量 (千個),351130300,受動部品 トランス（コイルを含む） インダクタ (17),0020000000,平成20年
26392889,01000210,生産 数量 (千個),351130300,受動部品 トランス（コイルを含む） インダクタ (17),0021000000,平成21年
41822746,01000210,生産 数量 (千個),351130300,受動部品 トランス（コイルを含む） インダクタ (17),0022000000,平成22年
26438613,01000210,生産 数量 (千個),351130300,受動部品 トランス（コイルを含む） インダクタ (17),0020010000,平成20年度
31580369,01000210,生産 数量 (千個),351130300,受動部品 トランス（コイルを含む） インダクタ (17),0021010000,平成21年度
8376505,01000210,生産 数量 (千個),351130300,受動部品 トランス（コイルを含む） インダクタ (17),0022000103,平成22年 1 ～ 3 月
10652603,01000210,生産 数量 (千個),351130300,受動部品 トランス（コイルを含む） インダクタ (17),0022000406,平成22年 4 ～ 6 月
11499753,01000210,生産 数量 (千個),351130300,受動部品 トランス（コイルを含む） インダクタ (17),0022000709,平成22年 7 ～ 9 月
11293885,01000210,生産 数量 (千個),351130300,受動部品 トランス（コイルを含む） インダクタ (17),0022001012,平成22年 10 ～ 12 月
2610820,01000210,生産 数量 (千個),351130300,受動部品 トランス（コイルを含む） インダクタ (17),0022000101,平成22年1月
2674380,01000210,生産 数量 (千個),351130300,受動部品 トランス（コイルを含む） インダクタ (17),0022000202,平成22年2月
3091305,01000210,生産 数量 (千個),351130300,受動部品 トランス（コイルを含む） インダクタ (17),0022000303,平成22年3月
3430491,01000210,生産 数量 (千個),351130300,受動部品 トランス（コイルを含む） インダクタ (17),0022000404,平成22年4月
3583054,01000210,生産 数量 (千個),351130300,受動部品 トランス（コイルを含む） インダクタ (17),0022000505,平成22年5月
3639058,01000210,生産 数量 (千個),351130300,受動部品 トランス（コイルを含む） インダクタ (17),0022000606,平成22年6月
3782723,01000210,生産 数量 (千個),351130300,受動部品 トランス（コイルを含む） インダクタ (17),0022000707,平成22年7月
3805454,01000210,生産 数量 (千個),351130300,受動部品 トランス（コイルを含む） インダクタ (17),0022000808,平成22年8月
3911576,01000210,生産 数量 (千個),351130300,受動部品 トランス（コイルを含む） インダクタ (17),0022000909,平成22年9月
3838172,01000210,生産 数量 (千個),351130300,受動部品 トランス（コイルを含む） インダクタ (17),0022001010,平成22年10月
3783545,01000210,生産 数量 (千個),351130300,受動部品 トランス（コイルを含む） インダクタ (17),0022001111,平成22年11月
3672168,01000210,生産 数量 (千個),351130300,受動部品 トランス（コイルを含む） インダクタ (17),0022001212,平成22年12月
316850,01000210,生産 数量 (千個),351140000,受動部品 トランス（コイルを含む） その他のトランス (18),0018000000,平成18年
286359,01000210,生産 数量 (千個),351140000,受動部品 トランス（コイルを含む） その他のトランス (18),0019000000,平成19年
57952,01000210,生産 数量 (千個),351140000,受動部品 トランス（コイルを含む） その他のトランス (18),0020000000,平成20年
27448,01000210,生産 数量 (千個),351140000,受動部品 トランス（コイルを含む） その他のトランス (18),0021000000,平成21年
8800,01000210,生産 数量 (千個),351140000,受動部品 トランス（コイルを含む） その他のトランス (18),0022000000,平成22年
50026,01000210,生産 数量 (千個),351140000,受動部品 トランス（コイルを含む） その他のトランス (18),0020010000,平成20年度
23236,01000210,生産 数量 (千個),351140000,受動部品 トランス（コイルを含む） その他のトランス (18),0021010000,平成21年度
2133,01000210,生産 数量 (千個),351140000,受動部品 トランス（コイルを含む） その他のトランス (18),0022000103,平成22年 1 ～ 3 月
1872,01000210,生産 数量 (千個),351140000,受動部品 トランス（コイルを含む） その他のトランス (18),0022000406,平成22年 4 ～ 6 月
2668,01000210,生産 数量 (千個),351140000,受動部品 トランス（コイルを含む） その他のトランス (18),0022000709,平成22年 7 ～ 9 月
2127,01000210,生産 数量 (千個),351140000,受動部品 トランス（コイルを含む） その他のトランス (18),0022001012,平成22年 10 ～ 12 月
588,01000210,生産 数量 (千個),351140000,受動部品 トランス（コイルを含む） その他のトランス (18),0022000101,平成22年1月
593,01000210,生産 数量 (千個),351140000,受動部品 トランス（コイルを含む） その他のトランス (18),0022000202,平成22年2月
952,01000210,生産 数量 (千個),351140000,受動部品 トランス（コイルを含む） その他のトランス (18),0022000303,平成22年3月
532,01000210,生産 数量 (千個),351140000,受動部品 トランス（コイルを含む） その他のトランス (18),0022000404,平成22年4月
608,01000210,生産 数量 (千個),351140000,受動部品 トランス（コイルを含む） その他のトランス (18),0022000505,平成22年5月
732,01000210,生産 数量 (千個),351140000,受動部品 トランス（コイルを含む） その他のトランス (18),0022000606,平成22年6月
720,01000210,生産 数量 (千個),351140000,受動部品 トランス（コイルを含む） その他のトランス (18),0022000707,平成22年7月
608,01000210,生産 数量 (千個),351140000,受動部品 トランス（コイルを含む） その他のトランス (18),0022000808,平成22年8月
1340,01000210,生産 数量 (千個),351140000,受動部品 トランス（コイルを含む） その他のトランス (18),0022000909,平成22年9月
728,01000210,生産 数量 (千個),351140000,受動部品 トランス（コイルを含む） その他のトランス (18),0022001010,平成22年10月
699,01000210,生産 数量 (千個),351140000,受動部品 トランス（コイルを含む） その他のトランス (18),0022001111,平成22年11月
700,01000210,生産 数量 (千個),351140000,受動部品 トランス（コイルを含む） その他のトランス (18),0022001212,平成22年12月
2260392,01000210,生産 数量 (千個),351151000,受動部品 機能部品 水晶振動子 (19),0018000000,平成18年
2680623,01000210,生産 数量 (千個),351151000,受動部品 機能部品 水晶振動子 (19),0019000000,平成19年
2479945,01000210,生産 数量 (千個),351151000,受動部品 機能部品 水晶振動子 (19),0020000000,平成20年
1950430,01000210,生産 数量 (千個),351151000,受動部品 機能部品 水晶振動子 (19),0021000000,平成21年
2658210,01000210,生産 数量 (千個),351151000,受動部品 機能部品 水晶振動子 (19),0022000000,平成22年
2084322,01000210,生産 数量 (千個),351151000,受動部品 機能部品 水晶振動子 (19),0020010000,平成20年度
2296058,01000210,生産 数量 (千個),351151000,受動部品 機能部品 水晶振動子 (19),0021010000,平成21年度
618245,01000210,生産 数量 (千個),351151000,受動部品 機能部品 水晶振動子 (19),0022000103,平成22年 1 ～ 3 月
673874,01000210,生産 数量 (千個),351151000,受動部品 機能部品 水晶振動子 (19),0022000406,平成22年 4 ～ 6 月
715135,01000210,生産 数量 (千個),351151000,受動部品 機能部品 水晶振動子 (19),0022000709,平成22年 7 ～ 9 月
650956,01000210,生産 数量 (千個),351151000,受動部品 機能部品 水晶振動子 (19),0022001012,平成22年 10 ～ 12 月
196364,01000210,生産 数量 (千個),351151000,受動部品 機能部品 水晶振動子 (19),0022000101,平成22年1月
202179,01000210,生産 数量 (千個),351151000,受動部品 機能部品 水晶振動子 (19),0022000202,平成22年2月
219702,01000210,生産 数量 (千個),351151000,受動部品 機能部品 水晶振動子 (19),0022000303,平成22年3月
218410,01000210,生産 数量 (千個),351151000,受動部品 機能部品 水晶振動子 (19),0022000404,平成22年4月
220559,01000210,生産 数量 (千個),351151000,受動部品 機能部品 水晶振動子 (19),0022000505,平成22年5月
234905,01000210,生産 数量 (千個),351151000,受動部品 機能部品 水晶振動子 (19),0022000606,平成22年6月
241489,01000210,生産 数量 (千個),351151000,受動部品 機能部品 水晶振動子 (19),0022000707,平成22年7月
232926,01000210,生産 数量 (千個),351151000,受動部品 機能部品 水晶振動子 (19),0022000808,平成22年8月
240720,01000210,生産 数量 (千個),351151000,受動部品 機能部品 水晶振動子 (19),0022000909,平成22年9月
222733,01000210,生産 数量 (千個),351151000,受動部品 機能部品 水晶振動子 (19),0022001010,平成22年10月
219845,01000210,生産 数量 (千個),351151000,受動部品 機能部品 水晶振動子 (19),0022001111,平成22年11月
208378,01000210,生産 数量 (千個),351151000,受動部品 機能部品 水晶振動子 (19),0022001212,平成22年12月
3414490,01000210,生産 数量 (千個),351152000,受動部品 機能部品 フィルタ (20),0018000000,平成18年
4596932,01000210,生産 数量 (千個),351152000,受動部品 機能部品 フィルタ (20),0019000000,平成19年
4871699,01000210,生産 数量 (千個),351152000,受動部品 機能部品 フィルタ (20),0020000000,平成20年
5233179,01000210,生産 数量 (千個),351152000,受動部品 機能部品 フィルタ (20),0021000000,平成21年
7416152,01000210,生産 数量 (千個),351152000,受動部品 機能部品 フィルタ (20),0022000000,平成22年
4622696,01000210,生産 数量 (千個),351152000,受動部品 機能部品 フィルタ (20),0020010000,平成20年度
5878211,01000210,生産 数量 (千個),351152000,受動部品 機能部品 フィルタ (20),0021010000,平成21年度
1495201,01000210,生産 数量 (千個),351152000,受動部品 機能部品 フィルタ (20),0022000103,平成22年 1 ～ 3 月
1744211,01000210,生産 数量 (千個),351152000,受動部品 機能部品 フィルタ (20),0022000406,平成22年 4 ～ 6 月
2057372,01000210,生産 数量 (千個),351152000,受動部品 機能部品 フィルタ (20),0022000709,平成22年 7 ～ 9 月
2119368,01000210,生産 数量 (千個),351152000,受動部品 機能部品 フィルタ (20),0022001012,平成22年 10 ～ 12 月
463977,01000210,生産 数量 (千個),351152000,受動部品 機能部品 フィルタ (20),0022000101,平成22年1月
475580,01000210,生産 数量 (千個),351152000,受動部品 機能部品 フィルタ (20),0022000202,平成22年2月
555644,01000210,生産 数量 (千個),351152000,受動部品 機能部品 フィルタ (20),0022000303,平成22年3月
570584,01000210,生産 数量 (千個),351152000,受動部品 機能部品 フィルタ (20),0022000404,平成22年4月
544481,01000210,生産 数量 (千個),351152000,受動部品 機能部品 フィルタ (20),0022000505,平成22年5月
629146,01000210,生産 数量 (千個),351152000,受動部品 機能部品 フィルタ (20),0022000606,平成22年6月
686468,01000210,生産 数量 (千個),351152000,受動部品 機能部品 フィルタ (20),0022000707,平成22年7月
677060,01000210,生産 数量 (千個),351152000,受動部品 機能部品 フィルタ (20),0022000808,平成22年8月
693844,01000210,生産 数量 (千個),351152000,受動部品 機能部品 フィルタ (20),0022000909,平成22年9月
708322,01000210,生産 数量 (千個),351152000,受動部品 機能部品 フィルタ (20),0022001010,平成22年10月
716002,01000210,生産 数量 (千個),351152000,受動部品 機能部品 フィルタ (20),0022001111,平成22年11月
695044,01000210,生産 数量 (千個),351152000,受動部品 機能部品 フィルタ (20),0022001212,平成22年12月
3911015,01000210,生産 数量 (千個),351153000,受動部品 機能部品 複合部品 (21),0018000000,平成18年
4569264,01000210,生産 数量 (千個),351153000,受動部品 機能部品 複合部品 (21),0019000000,平成19年
4694475,01000210,生産 数量 (千個),351153000,受動部品 機能部品 複合部品 (21),0020000000,平成20年
3600708,01000210,生産 数量 (千個),351153000,受動部品 機能部品 複合部品 (21),0021000000,平成21年
4186514,01000210,生産 数量 (千個),351153000,受動部品 機能部品 複合部品 (21),0022000000,平成22年
4199482,01000210,生産 数量 (千個),351153000,受動部品 機能部品 複合部品 (21),0020010000,平成20年度
3908217,01000210,生産 数量 (千個),351153000,受動部品 機能部品 複合部品 (21),0021010000,平成21年度
909434,01000210,生産 数量 (千個),351153000,受動部品 機能部品 複合部品 (21),0022000103,平成22年 1 ～ 3 月
1036658,01000210,生産 数量 (千個),351153000,受動部品 機能部品 複合部品 (21),0022000406,平成22年 4 ～ 6 月
1170871,01000210,生産 数量 (千個),351153000,受動部品 機能部品 複合部品 (21),0022000709,平成22年 7 ～ 9 月
1069551,01000210,生産 数量 (千個),351153000,受動部品 機能部品 複合部品 (21),0022001012,平成22年 10 ～ 12 月
276125,01000210,生産 数量 (千個),351153000,受動部品 機能部品 複合部品 (21),0022000101,平成22年1月
290240,01000210,生産 数量 (千個),351153000,受動部品 機能部品 複合部品 (21),0022000202,平成22年2月
343069,01000210,生産 数量 (千個),351153000,受動部品 機能部品 複合部品 (21),0022000303,平成22年3月
369187,01000210,生産 数量 (千個),351153000,受動部品 機能部品 複合部品 (21),0022000404,平成22年4月
312045,01000210,生産 数量 (千個),351153000,受動部品 機能部品 複合部品 (21),0022000505,平成22年5月
355426,01000210,生産 数量 (千個),351153000,受動部品 機能部品 複合部品 (21),0022000606,平成22年6月
376478,01000210,生産 数量 (千個),351153000,受動部品 機能部品 複合部品 (21),0022000707,平成22年7月
401842,01000210,生産 数量 (千個),351153000,受動部品 機能部品 複合部品 (21),0022000808,平成22年8月
392551,01000210,生産 数量 (千個),351153000,受動部品 機能部品 複合部品 (21),0022000909,平成22年9月
358824,01000210,生産 数量 (千個),351153000,受動部品 機能部品 複合部品 (21),0022001010,平成22年10月
345565,01000210,生産 数量 (千個),351153000,受動部品 機能部品 複合部品 (21),0022001111,平成22年11月
365162,01000210,生産 数量 (千個),351153000,受動部品 機能部品 複合部品 (21),0022001212,平成22年12月
8173384,01000210,生産 数量 (千個),351210000,接続部品 スイッチ(通信･電子装置用に限る) (22～23),0018000000,平成18年
8624657,01000210,生産 数量 (千個),351210000,接続部品 スイッチ(通信･電子装置用に限る) (22～23),0019000000,平成19年
8074004,01000210,生産 数量 (千個),351210000,接続部品 スイッチ(通信･電子装置用に限る) (22～23),0020000000,平成20年
6297540,01000210,生産 数量 (千個),351210000,接続部品 スイッチ(通信･電子装置用に限る) (22～23),0021000000,平成21年
7803853,01000210,生産 数量 (千個),351210000,接続部品 スイッチ(通信･電子装置用に限る) (22～23),0022000000,平成22年
7098557,01000210,生産 数量 (千個),351210000,接続部品 スイッチ(通信･電子装置用に限る) (22～23),0020010000,平成20年度
7016033,01000210,生産 数量 (千個),351210000,接続部品 スイッチ(通信･電子装置用に限る) (22～23),0021010000,平成21年度
1753057,01000210,生産 数量 (千個),351210000,接続部品 スイッチ(通信･電子装置用に限る) (22～23),0022000103,平成22年 1 ～ 3 月
2027720,01000210,生産 数量 (千個),351210000,接続部品 スイッチ(通信･電子装置用に限る) (22～23),0022000406,平成22年 4 ～ 6 月
2128787,01000210,生産 数量 (千個),351210000,接続部品 スイッチ(通信･電子装置用に限る) (22～23),0022000709,平成22年 7 ～ 9 月
1894289,01000210,生産 数量 (千個),351210000,接続部品 スイッチ(通信･電子装置用に限る) (22～23),0022001012,平成22年 10 ～ 12 月
572316,01000210,生産 数量 (千個),351210000,接続部品 スイッチ(通信･電子装置用に限る) (22～23),0022000101,平成22年1月
549369,01000210,生産 数量 (千個),351210000,接続部品 スイッチ(通信･電子装置用に限る) (22～23),0022000202,平成22年2月
631372,01000210,生産 数量 (千個),351210000,接続部品 スイッチ(通信･電子装置用に限る) (22～23),0022000303,平成22年3月
670195,01000210,生産 数量 (千個),351210000,接続部品 スイッチ(通信･電子装置用に限る) (22～23),0022000404,平成22年4月
658808,01000210,生産 数量 (千個),351210000,接続部品 スイッチ(通信･電子装置用に限る) (22～23),0022000505,平成22年5月
698717,01000210,生産 数量 (千個),351210000,接続部品 スイッチ(通信･電子装置用に限る) (22～23),0022000606,平成22年6月
730595,01000210,生産 数量 (千個),351210000,接続部品 スイッチ(通信･電子装置用に限る) (22～23),0022000707,平成22年7月
664575,01000210,生産 数量 (千個),351210000,接続部品 スイッチ(通信･電子装置用に限る) (22～23),0022000808,平成22年8月
733617,01000210,生産 数量 (千個),351210000,接続部品 スイッチ(通信･電子装置用に限る) (22～23),0022000909,平成22年9月
644942,01000210,生産 数量 (千個),351210000,接続部品 スイッチ(通信･電子装置用に限る) (22～23),0022001010,平成22年10月
636107,01000210,生産 数量 (千個),351210000,接続部品 スイッチ(通信･電子装置用に限る) (22～23),0022001111,平成22年11月
613240,01000210,生産 数量 (千個),351210000,接続部品 スイッチ(通信･電子装置用に限る) (22～23),0022001212,平成22年12月
161289,01000210,生産 数量 (千個),351211000,接続部品 スイッチ(通信･電子装置用に限る) キーボードスイッチ (22),0018000000,平成18年
125750,01000210,生産 数量 (千個),351211000,接続部品 スイッチ(通信･電子装置用に限る) キーボードスイッチ (22),0019000000,平成19年
117660,01000210,生産 数量 (千個),351211000,接続部品 スイッチ(通信･電子装置用に限る) キーボードスイッチ (22),0020000000,平成20年
87038,01000210,生産 数量 (千個),351211000,接続部品 スイッチ(通信･電子装置用に限る) キーボードスイッチ (22),0021000000,平成21年
91868,01000210,生産 数量 (千個),351211000,接続部品 スイッチ(通信･電子装置用に限る) キーボードスイッチ (22),0022000000,平成22年
100361,01000210,生産 数量 (千個),351211000,接続部品 スイッチ(通信･電子装置用に限る) キーボードスイッチ (22),0020010000,平成20年度
88988,01000210,生産 数量 (千個),351211000,接続部品 スイッチ(通信･電子装置用に限る) キーボードスイッチ (22),0021010000,平成21年度
18589,01000210,生産 数量 (千個),351211000,接続部品 スイッチ(通信･電子装置用に限る) キーボードスイッチ (22),0022000103,平成22年 1 ～ 3 月
24927,01000210,生産 数量 (千個),351211000,接続部品 スイッチ(通信･電子装置用に限る) キーボードスイッチ (22),0022000406,平成22年 4 ～ 6 月
24095,01000210,生産 数量 (千個),351211000,接続部品 スイッチ(通信･電子装置用に限る) キーボードスイッチ (22),0022000709,平成22年 7 ～ 9 月
24257,01000210,生産 数量 (千個),351211000,接続部品 スイッチ(通信･電子装置用に限る) キーボードスイッチ (22),0022001012,平成22年 10 ～ 12 月
5911,01000210,生産 数量 (千個),351211000,接続部品 スイッチ(通信･電子装置用に限る) キーボードスイッチ (22),0022000101,平成22年1月
5889,01000210,生産 数量 (千個),351211000,接続部品 スイッチ(通信･電子装置用に限る) キーボードスイッチ (22),0022000202,平成22年2月
6789,01000210,生産 数量 (千個),351211000,接続部品 スイッチ(通信･電子装置用に限る) キーボードスイッチ (22),0022000303,平成22年3月
7993,01000210,生産 数量 (千個),351211000,接続部品 スイッチ(通信･電子装置用に限る) キーボードスイッチ (22),0022000404,平成22年4月
8250,01000210,生産 数量 (千個),351211000,接続部品 スイッチ(通信･電子装置用に限る) キーボードスイッチ (22),0022000505,平成22年5月
8684,01000210,生産 数量 (千個),351211000,接続部品 スイッチ(通信･電子装置用に限る) キーボードスイッチ (22),0022000606,平成22年6月
9642,01000210,生産 数量 (千個),351211000,接続部品 スイッチ(通信･電子装置用に限る) キーボードスイッチ (22),0022000707,平成22年7月
7211,01000210,生産 数量 (千個),351211000,接続部品 スイッチ(通信･電子装置用に限る) キーボードスイッチ (22),0022000808,平成22年8月
7242,01000210,生産 数量 (千個),351211000,接続部品 スイッチ(通信･電子装置用に限る) キーボードスイッチ (22),0022000909,平成22年9月
8244,01000210,生産 数量 (千個),351211000,接続部品 スイッチ(通信･電子装置用に限る) キーボードスイッチ (22),0022001010,平成22年10月
8008,01000210,生産 数量 (千個),351211000,接続部品 スイッチ(通信･電子装置用に限る) キーボードスイッチ (22),0022001111,平成22年11月
8005,01000210,生産 数量 (千個),351211000,接続部品 スイッチ(通信･電子装置用に限る) キーボードスイッチ (22),0022001212,平成22年12月
8012095,01000210,生産 数量 (千個),351212000,接続部品 スイッチ(通信･電子装置用に限る) その他のスイッチ (23),0018000000,平成18年
8498907,01000210,生産 数量 (千個),351212000,接続部品 スイッチ(通信･電子装置用に限る) その他のスイッチ (23),0019000000,平成19年
7956344,01000210,生産 数量 (千個),351212000,接続部品 スイッチ(通信･電子装置用に限る) その他のスイッチ (23),0020000000,平成20年
6210502,01000210,生産 数量 (千個),351212000,接続部品 スイッチ(通信･電子装置用に限る) その他のスイッチ (23),0021000000,平成21年
7711985,01000210,生産 数量 (千個),351212000,接続部品 スイッチ(通信･電子装置用に限る) その他のスイッチ (23),0022000000,平成22年
6998196,01000210,生産 数量 (千個),351212000,接続部品 スイッチ(通信･電子装置用に限る) その他のスイッチ (23),0020010000,平成20年度
6927045,01000210,生産 数量 (千個),351212000,接続部品 スイッチ(通信･電子装置用に限る) その他のスイッチ (23),0021010000,平成21年度
1734468,01000210,生産 数量 (千個),351212000,接続部品 スイッチ(通信･電子装置用に限る) その他のスイッチ (23),0022000103,平成22年 1 ～ 3 月
2002793,01000210,生産 数量 (千個),351212000,接続部品 スイッチ(通信･電子装置用に限る) その他のスイッチ (23),0022000406,平成22年 4 ～ 6 月
2104692,01000210,生産 数量 (千個),351212000,接続部品 スイッチ(通信･電子装置用に限る) その他のスイッチ (23),0022000709,平成22年 7 ～ 9 月
1870032,01000210,生産 数量 (千個),351212000,接続部品 スイッチ(通信･電子装置用に限る) その他のスイッチ (23),0022001012,平成22年 10 ～ 12 月
566405,01000210,生産 数量 (千個),351212000,接続部品 スイッチ(通信･電子装置用に限る) その他のスイッチ (23),0022000101,平成22年1月
543480,01000210,生産 数量 (千個),351212000,接続部品 スイッチ(通信･電子装置用に限る) その他のスイッチ (23),0022000202,平成22年2月
624583,01000210,生産 数量 (千個),351212000,接続部品 スイッチ(通信･電子装置用に限る) その他のスイッチ (23),0022000303,平成22年3月
662202,01000210,生産 数量 (千個),351212000,接続部品 スイッチ(通信･電子装置用に限る) その他のスイッチ (23),0022000404,平成22年4月
650558,01000210,生産 数量 (千個),351212000,接続部品 スイッチ(通信･電子装置用に限る) その他のスイッチ (23),0022000505,平成22年5月
690033,01000210,生産 数量 (千個),351212000,接続部品 スイッチ(通信･電子装置用に限る) その他のスイッチ (23),0022000606,平成22年6月
720953,01000210,生産 数量 (千個),351212000,接続部品 スイッチ(通信･電子装置用に限る) その他のスイッチ (23),0022000707,平成22年7月
657364,01000210,生産 数量 (千個),351212000,接続部品 スイッチ(通信･電子装置用に限る) その他のスイッチ (23),0022000808,平成22年8月
726375,01000210,生産 数量 (千個),351212000,接続部品 スイッチ(通信･電子装置用に限る) その他のスイッチ (23),0022000909,平成22年9月
636698,01000210,生産 数量 (千個),351212000,接続部品 スイッチ(通信･電子装置用に限る) その他のスイッチ (23),0022001010,平成22年10月
628099,01000210,生産 数量 (千個),351212000,接続部品 スイッチ(通信･電子装置用に限る) その他のスイッチ (23),0022001111,平成22年11月
605235,01000210,生産 数量 (千個),351212000,接続部品 スイッチ(通信･電子装置用に限る) その他のスイッチ (23),0022001212,平成22年12月
27329096,01000210,生産 数量 (千個),351220000,接続部品 コネクタ (24～29),0018000000,平成18年
28908937,01000210,生産 数量 (千個),351220000,接続部品 コネクタ (24～29),0019000000,平成19年
27026817,01000210,生産 数量 (千個),351220000,接続部品 コネクタ (24～29),0020000000,平成20年
24329351,01000210,生産 数量 (千個),351220000,接続部品 コネクタ (24～29),0021000000,平成21年
34420688,01000210,生産 数量 (千個),351220000,接続部品 コネクタ (24～29),0022000000,平成22年
23603860,01000210,生産 数量 (千個),351220000,接続部品 コネクタ (24～29),0020010000,平成20年度
28474960,01000210,生産 数量 (千個),351220000,接続部品 コネクタ (24～29),0021010000,平成21年度
7696912,01000210,生産 数量 (千個),351220000,接続部品 コネクタ (24～29),0022000103,平成22年 1 ～ 3 月
9196425,01000210,生産 数量 (千個),351220000,接続部品 コネクタ (24～29),0022000406,平成22年 4 ～ 6 月
9044222,01000210,生産 数量 (千個),351220000,接続部品 コネクタ (24～29),0022000709,平成22年 7 ～ 9 月
8483129,01000210,生産 数量 (千個),351220000,接続部品 コネクタ (24～29),0022001012,平成22年 10 ～ 12 月
2317601,01000210,生産 数量 (千個),351220000,接続部品 コネクタ (24～29),0022000101,平成22年1月
2496209,01000210,生産 数量 (千個),351220000,接続部品 コネクタ (24～29),0022000202,平成22年2月
2883102,01000210,生産 数量 (千個),351220000,接続部品 コネクタ (24～29),0022000303,平成22年3月
3131145,01000210,生産 数量 (千個),351220000,接続部品 コネクタ (24～29),0022000404,平成22年4月
2891519,01000210,生産 数量 (千個),351220000,接続部品 コネクタ (24～29),0022000505,平成22年5月
3173761,01000210,生産 数量 (千個),351220000,接続部品 コネクタ (24～29),0022000606,平成22年6月
3279064,01000210,生産 数量 (千個),351220000,接続部品 コネクタ (24～29),0022000707,平成22年7月
2879222,01000210,生産 数量 (千個),351220000,接続部品 コネクタ (24～29),0022000808,平成22年8月
2885936,01000210,生産 数量 (千個),351220000,接続部品 コネクタ (24～29),0022000909,平成22年9月
2775129,01000210,生産 数量 (千個),351220000,接続部品 コネクタ (24～29),0022001010,平成22年10月
2816207,01000210,生産 数量 (千個),351220000,接続部品 コネクタ (24～29),0022001111,平成22年11月
2891793,01000210,生産 数量 (千個),351220000,接続部品 コネクタ (24～29),0022001212,平成22年12月
437563,01000210,生産 数量 (千個),351221000,接続部品 コネクタ 同軸コネクタ (24),0018000000,平成18年
599313,01000210,生産 数量 (千個),351221000,接続部品 コネクタ 同軸コネクタ (24),0019000000,平成19年
604732,01000210,生産 数量 (千個),351221000,接続部品 コネクタ 同軸コネクタ (24),0020000000,平成20年
455493,01000210,生産 数量 (千個),351221000,接続部品 コネクタ 同軸コネクタ (24),0021000000,平成21年
485109,01000210,生産 数量 (千個),351221000,接続部品 コネクタ 同軸コネクタ (24),0022000000,平成22年
544516,01000210,生産 数量 (千個),351221000,接続部品 コネクタ 同軸コネクタ (24),0020010000,平成20年度
484777,01000210,生産 数量 (千個),351221000,接続部品 コネクタ 同軸コネクタ (24),0021010000,平成21年度
110784,01000210,生産 数量 (千個),351221000,接続部品 コネクタ 同軸コネクタ (24),0022000103,平成22年 1 ～ 3 月
121891,01000210,生産 数量 (千個),351221000,接続部品 コネクタ 同軸コネクタ (24),0022000406,平成22年 4 ～ 6 月
142741,01000210,生産 数量 (千個),351221000,接続部品 コネクタ 同軸コネクタ (24),0022000709,平成22年 7 ～ 9 月
109693,01000210,生産 数量 (千個),351221000,接続部品 コネクタ 同軸コネクタ (24),0022001012,平成22年 10 ～ 12 月
36856,01000210,生産 数量 (千個),351221000,接続部品 コネクタ 同軸コネクタ (24),0022000101,平成22年1月
34954,01000210,生産 数量 (千個),351221000,接続部品 コネクタ 同軸コネクタ (24),0022000202,平成22年2月
38974,01000210,生産 数量 (千個),351221000,接続部品 コネクタ 同軸コネクタ (24),0022000303,平成22年3月
36233,01000210,生産 数量 (千個),351221000,接続部品 コネクタ 同軸コネクタ (24),0022000404,平成22年4月
40546,01000210,生産 数量 (千個),351221000,接続部品 コネクタ 同軸コネクタ (24),0022000505,平成22年5月
45112,01000210,生産 数量 (千個),351221000,接続部品 コネクタ 同軸コネクタ (24),0022000606,平成22年6月
46148,01000210,生産 数量 (千個),351221000,接続部品 コネクタ 同軸コネクタ (24),0022000707,平成22年7月
50065,01000210,生産 数量 (千個),351221000,接続部品 コネクタ 同軸コネクタ (24),0022000808,平成22年8月
46528,01000210,生産 数量 (千個),351221000,接続部品 コネクタ 同軸コネクタ (24),0022000909,平成22年9月
35116,01000210,生産 数量 (千個),351221000,接続部品 コネクタ 同軸コネクタ (24),0022001010,平成22年10月
39265,01000210,生産 数量 (千個),351221000,接続部品 コネクタ 同軸コネクタ (24),0022001111,平成22年11月
35312,01000210,生産 数量 (千個),351221000,接続部品 コネクタ 同軸コネクタ (24),0022001212,平成22年12月
19548784,01000210,生産 数量 (千個),351222000,接続部品 コネクタ プリント基板用コネクタ (25),0018000000,平成18年
20611061,01000210,生産 数量 (千個),351222000,接続部品 コネクタ プリント基板用コネクタ (25),0019000000,平成19年
19161998,01000210,生産 数量 (千個),351222000,接続部品 コネクタ プリント基板用コネクタ (25),0020000000,平成20年
16549135,01000210,生産 数量 (千個),351222000,接続部品 コネクタ プリント基板用コネクタ (25),0021000000,平成21年
21737334,01000210,生産 数量 (千個),351222000,接続部品 コネクタ プリント基板用コネクタ (25),0022000000,平成22年
16750069,01000210,生産 数量 (千個),351222000,接続部品 コネクタ プリント基板用コネクタ (25),0020010000,平成20年度
18933644,01000210,生産 数量 (千個),351222000,接続部品 コネクタ プリント基板用コネクタ (25),0021010000,平成21年度
4970520,01000210,生産 数量 (千個),351222000,接続部品 コネクタ プリント基板用コネクタ (25),0022000103,平成22年 1 ～ 3 月
5700965,01000210,生産 数量 (千個),351222000,接続部品 コネクタ プリント基板用コネクタ (25),0022000406,平成22年 4 ～ 6 月
5731870,01000210,生産 数量 (千個),351222000,接続部品 コネクタ プリント基板用コネクタ (25),0022000709,平成22年 7 ～ 9 月
5333979,01000210,生産 数量 (千個),351222000,接続部品 コネクタ プリント基板用コネクタ (25),0022001012,平成22年 10 ～ 12 月
1527749,01000210,生産 数量 (千個),351222000,接続部品 コネクタ プリント基板用コネクタ (25),0022000101,平成22年1月
1595903,01000210,生産 数量 (千個),351222000,接続部品 コネクタ プリント基板用コネクタ (25),0022000202,平成22年2月
1846868,01000210,生産 数量 (千個),351222000,接続部品 コネクタ プリント基板用コネクタ (25),0022000303,平成22年3月
1903225,01000210,生産 数量 (千個),351222000,接続部品 コネクタ プリント基板用コネクタ (25),0022000404,平成22年4月
1778436,01000210,生産 数量 (千個),351222000,接続部品 コネクタ プリント基板用コネクタ (25),0022000505,平成22年5月
2019304,01000210,生産 数量 (千個),351222000,接続部品 コネクタ プリント基板用コネクタ (25),0022000606,平成22年6月
2086839,01000210,生産 数量 (千個),351222000,接続部品 コネクタ プリント基板用コネクタ (25),0022000707,平成22年7月
1898728,01000210,生産 数量 (千個),351222000,接続部品 コネクタ プリント基板用コネクタ (25),0022000808,平成22年8月
1746303,01000210,生産 数量 (千個),351222000,接続部品 コネクタ プリント基板用コネクタ (25),0022000909,平成22年9月
1745419,01000210,生産 数量 (千個),351222000,接続部品 コネクタ プリント基板用コネクタ (25),0022001010,平成22年10月
1682838,01000210,生産 数量 (千個),351222000,接続部品 コネクタ プリント基板用コネクタ (25),0022001111,平成22年11月
1905722,01000210,生産 数量 (千個),351222000,接続部品 コネクタ プリント基板用コネクタ (25),0022001212,平成22年12月
42426,01000210,生産 数量 (千個),351223000,接続部品 コネクタ 光コネクタ (26),0018000000,平成18年
40198,01000210,生産 数量 (千個),351223000,接続部品 コネクタ 光コネクタ (26),0019000000,平成19年
54513,01000210,生産 数量 (千個),351223000,接続部品 コネクタ 光コネクタ (26),0020000000,平成20年
63498,01000210,生産 数量 (千個),351223000,接続部品 コネクタ 光コネクタ (26),0021000000,平成21年
67974,01000210,生産 数量 (千個),351223000,接続部品 コネクタ 光コネクタ (26),0022000000,平成22年
55164,01000210,生産 数量 (千個),351223000,接続部品 コネクタ 光コネクタ (26),0020010000,平成20年度
65102,01000210,生産 数量 (千個),351223000,接続部品 コネクタ 光コネクタ (26),0021010000,平成21年度
14632,01000210,生産 数量 (千個),351223000,接続部品 コネクタ 光コネクタ (26),0022000103,平成22年 1 ～ 3 月
19877,01000210,生産 数量 (千個),351223000,接続部品 コネクタ 光コネクタ (26),0022000406,平成22年 4 ～ 6 月
16352,01000210,生産 数量 (千個),351223000,接続部品 コネクタ 光コネクタ (26),0022000709,平成22年 7 ～ 9 月
17113,01000210,生産 数量 (千個),351223000,接続部品 コネクタ 光コネクタ (26),0022001012,平成22年 10 ～ 12 月
4077,01000210,生産 数量 (千個),351223000,接続部品 コネクタ 光コネクタ (26),0022000101,平成22年1月
4270,01000210,生産 数量 (千個),351223000,接続部品 コネクタ 光コネクタ (26),0022000202,平成22年2月
6285,01000210,生産 数量 (千個),351223000,接続部品 コネクタ 光コネクタ (26),0022000303,平成22年3月
6777,01000210,生産 数量 (千個),351223000,接続部品 コネクタ 光コネクタ (26),0022000404,平成22年4月
7416,01000210,生産 数量 (千個),351223000,接続部品 コネクタ 光コネクタ (26),0022000505,平成22年5月
5684,01000210,生産 数量 (千個),351223000,接続部品 コネクタ 光コネクタ (26),0022000606,平成22年6月
6250,01000210,生産 数量 (千個),351223000,接続部品 コネクタ 光コネクタ (26),0022000707,平成22年7月
4542,01000210,生産 数量 (千個),351223000,接続部品 コネクタ 光コネクタ (26),0022000808,平成22年8月
5560,01000210,生産 数量 (千個),351223000,接続部品 コネクタ 光コネクタ (26),0022000909,平成22年9月
6302,01000210,生産 数量 (千個),351223000,接続部品 コネクタ 光コネクタ (26),0022001010,平成22年10月
6017,01000210,生産 数量 (千個),351223000,接続部品 コネクタ 光コネクタ (26),0022001111,平成22年11月
4794,01000210,生産 数量 (千個),351223000,接続部品 コネクタ 光コネクタ (26),0022001212,平成22年12月
423863,01000210,生産 数量 (千個),351224000,接続部品 コネクタ 丸形コネクタ (27),0018000000,平成18年
380352,01000210,生産 数量 (千個),351224000,接続部品 コネクタ 丸形コネクタ (27),0019000000,平成19年
351817,01000210,生産 数量 (千個),351224000,接続部品 コネクタ 丸形コネクタ (27),0020000000,平成20年
279908,01000210,生産 数量 (千個),351224000,接続部品 コネクタ 丸形コネクタ (27),0021000000,平成21年
417702,01000210,生産 数量 (千個),351224000,接続部品 コネクタ 丸形コネクタ (27),0022000000,平成22年
288921,01000210,生産 数量 (千個),351224000,接続部品 コネクタ 丸形コネクタ (27),0020010000,平成20年度
365365,01000210,生産 数量 (千個),351224000,接続部品 コネクタ 丸形コネクタ (27),0021010000,平成21年度
113619,01000210,生産 数量 (千個),351224000,接続部品 コネクタ 丸形コネクタ (27),0022000103,平成22年 1 ～ 3 月
90459,01000210,生産 数量 (千個),351224000,接続部品 コネクタ 丸形コネクタ (27),0022000406,平成22年 4 ～ 6 月
124633,01000210,生産 数量 (千個),351224000,接続部品 コネクタ 丸形コネクタ (27),0022000709,平成22年 7 ～ 9 月
88991,01000210,生産 数量 (千個),351224000,接続部品 コネクタ 丸形コネクタ (27),0022001012,平成22年 10 ～ 12 月
40724,01000210,生産 数量 (千個),351224000,接続部品 コネクタ 丸形コネクタ (27),0022000101,平成22年1月
38923,01000210,生産 数量 (千個),351224000,接続部品 コネクタ 丸形コネクタ (27),0022000202,平成22年2月
33972,01000210,生産 数量 (千個),351224000,接続部品 コネクタ 丸形コネクタ (27),0022000303,平成22年3月
33512,01000210,生産 数量 (千個),351224000,接続部品 コネクタ 丸形コネクタ (27),0022000404,平成22年4月
23703,01000210,生産 数量 (千個),351224000,接続部品 コネクタ 丸形コネクタ (27),0022000505,平成22年5月
33244,01000210,生産 数量 (千個),351224000,接続部品 コネクタ 丸形コネクタ (27),0022000606,平成22年6月
34047,01000210,生産 数量 (千個),351224000,接続部品 コネクタ 丸形コネクタ (27),0022000707,平成22年7月
40477,01000210,生産 数量 (千個),351224000,接続部品 コネクタ 丸形コネクタ (27),0022000808,平成22年8月
50109,01000210,生産 数量 (千個),351224000,接続部品 コネクタ 丸形コネクタ (27),0022000909,平成22年9月
25966,01000210,生産 数量 (千個),351224000,接続部品 コネクタ 丸形コネクタ (27),0022001010,平成22年10月
31645,01000210,生産 数量 (千個),351224000,接続部品 コネクタ 丸形コネクタ (27),0022001111,平成22年11月
31380,01000210,生産 数量 (千個),351224000,接続部品 コネクタ 丸形コネクタ (27),0022001212,平成22年12月
1511840,01000210,生産 数量 (千個),351225000,接続部品 コネクタ 角形コネクタ (28),0018000000,平成18年
1554478,01000210,生産 数量 (千個),351225000,接続部品 コネクタ 角形コネクタ (28),0019000000,平成19年
1381251,01000210,生産 数量 (千個),351225000,接続部品 コネクタ 角形コネクタ (28),0020000000,平成20年
915931,01000210,生産 数量 (千個),351225000,接続部品 コネクタ 角形コネクタ (28),0021000000,平成21年
1294124,01000210,生産 数量 (千個),351225000,接続部品 コネクタ 角形コネクタ (28),0022000000,平成22年
1179598,01000210,生産 数量 (千個),351225000,接続部品 コネクタ 角形コネクタ (28),0020010000,平成20年度
1070280,01000210,生産 数量 (千個),351225000,接続部品 コネクタ 角形コネクタ (28),0021010000,平成21年度
304375,01000210,生産 数量 (千個),351225000,接続部品 コネクタ 角形コネクタ (28),0022000103,平成22年 1 ～ 3 月
335258,01000210,生産 数量 (千個),351225000,接続部品 コネクタ 角形コネクタ (28),0022000406,平成22年 4 ～ 6 月
344015,01000210,生産 数量 (千個),351225000,接続部品 コネクタ 角形コネクタ (28),0022000709,平成22年 7 ～ 9 月
310476,01000210,生産 数量 (千個),351225000,接続部品 コネクタ 角形コネクタ (28),0022001012,平成22年 10 ～ 12 月
100462,01000210,生産 数量 (千個),351225000,接続部品 コネクタ 角形コネクタ (28),0022000101,平成22年1月
97053,01000210,生産 数量 (千個),351225000,接続部品 コネクタ 角形コネクタ (28),0022000202,平成22年2月
106860,01000210,生産 数量 (千個),351225000,接続部品 コネクタ 角形コネクタ (28),0022000303,平成22年3月
116139,01000210,生産 数量 (千個),351225000,接続部品 コネクタ 角形コネクタ (28),0022000404,平成22年4月
99308,01000210,生産 数量 (千個),351225000,接続部品 コネクタ 角形コネクタ (28),0022000505,平成22年5月
119811,01000210,生産 数量 (千個),351225000,接続部品 コネクタ 角形コネクタ (28),0022000606,平成22年6月
117773,01000210,生産 数量 (千個),351225000,接続部品 コネクタ 角形コネクタ (28),0022000707,平成22年7月
101677,01000210,生産 数量 (千個),351225000,接続部品 コネクタ 角形コネクタ (28),0022000808,平成22年8月
124565,01000210,生産 数量 (千個),351225000,接続部品 コネクタ 角形コネクタ (28),0022000909,平成22年9月
107523,01000210,生産 数量 (千個),351225000,接続部品 コネクタ 角形コネクタ (28),0022001010,平成22年10月
105692,01000210,生産 数量 (千個),351225000,接続部品 コネクタ 角形コネクタ (28),0022001111,平成22年11月
97261,01000210,生産 数量 (千個),351225000,接続部品 コネクタ 角形コネクタ (28),0022001212,平成22年12月
5364620,01000210,生産 数量 (千個),351226000,接続部品 コネクタ その他のコネクタ (29),0018000000,平成18年
5723535,01000210,生産 数量 (千個),351226000,接続部品 コネクタ その他のコネクタ (29),0019000000,平成19年
5472506,01000210,生産 数量 (千個),351226000,接続部品 コネクタ その他のコネクタ (29),0020000000,平成20年
6065386,01000210,生産 数量 (千個),351226000,接続部品 コネクタ その他のコネクタ (29),0021000000,平成21年
10418445,01000210,生産 数量 (千個),351226000,接続部品 コネクタ その他のコネクタ (29),0022000000,平成22年
4785592,01000210,生産 数量 (千個),351226000,接続部品 コネクタ その他のコネクタ (29),0020010000,平成20年度
7555792,01000210,生産 数量 (千個),351226000,接続部品 コネクタ その他のコネクタ (29),0021010000,平成21年度
2182982,01000210,生産 数量 (千個),351226000,接続部品 コネクタ その他のコネクタ (29),0022000103,平成22年 1 ～ 3 月
2927975,01000210,生産 数量 (千個),351226000,接続部品 コネクタ その他のコネクタ (29),0022000406,平成22年 4 ～ 6 月
2684611,01000210,生産 数量 (千個),351226000,接続部品 コネクタ その他のコネクタ (29),0022000709,平成22年 7 ～ 9 月
2622877,01000210,生産 数量 (千個),351226000,接続部品 コネクタ その他のコネクタ (29),0022001012,平成22年 10 ～ 12 月
607733,01000210,生産 数量 (千個),351226000,接続部品 コネクタ その他のコネクタ (29),0022000101,平成22年1月
725106,01000210,生産 数量 (千個),351226000,接続部品 コネクタ その他のコネクタ (29),0022000202,平成22年2月
850143,01000210,生産 数量 (千個),351226000,接続部品 コネクタ その他のコネクタ (29),0022000303,平成22年3月
1035259,01000210,生産 数量 (千個),351226000,接続部品 コネクタ その他のコネクタ (29),0022000404,平成22年4月
942110,01000210,生産 数量 (千個),351226000,接続部品 コネクタ その他のコネクタ (29),0022000505,平成22年5月
950606,01000210,生産 数量 (千個),351226000,接続部品 コネクタ その他のコネクタ (29),0022000606,平成22年6月
988007,01000210,生産 数量 (千個),351226000,接続部品 コネクタ その他のコネクタ (29),0022000707,平成22年7月
783733,01000210,生産 数量 (千個),351226000,接続部品 コネクタ その他のコネクタ (29),0022000808,平成22年8月
912871,01000210,生産 数量 (千個),351226000,接続部品 コネクタ その他のコネクタ (29),0022000909,平成22年9月
854803,01000210,生産 数量 (千個),351226000,接続部品 コネクタ その他のコネクタ (29),0022001010,平成22年10月
950750,01000210,生産 数量 (千個),351226000,接続部品 コネクタ その他のコネクタ (29),0022001111,平成22年11月
817324,01000210,生産 数量 (千個),351226000,接続部品 コネクタ その他のコネクタ (29),0022001212,平成22年12月
421025,01000210,生産 数量 (千個),351230000,接続部品 リレー（有線通信機器用に限る） (30),0018000000,平成18年
446617,01000210,生産 数量 (千個),351230000,接続部品 リレー（有線通信機器用に限る） (30),0019000000,平成19年
428399,01000210,生産 数量 (千個),351230000,接続部品 リレー（有線通信機器用に限る） (30),0020000000,平成20年
286033,01000210,生産 数量 (千個),351230000,接続部品 リレー（有線通信機器用に限る） (30),0021000000,平成21年
402623,01000210,生産 数量 (千個),351230000,接続部品 リレー（有線通信機器用に限る） (30),0022000000,平成22年
366231,01000210,生産 数量 (千個),351230000,接続部品 リレー（有線通信機器用に限る） (30),0020010000,平成20年度
337103,01000210,生産 数量 (千個),351230000,接続部品 リレー（有線通信機器用に限る） (30),0021010000,平成21年度
93901,01000210,生産 数量 (千個),351230000,接続部品 リレー（有線通信機器用に限る） (30),0022000103,平成22年 1 ～ 3 月
100390,01000210,生産 数量 (千個),351230000,接続部品 リレー（有線通信機器用に限る） (30),0022000406,平成22年 4 ～ 6 月
102425,01000210,生産 数量 (千個),351230000,接続部品 リレー（有線通信機器用に限る） (30),0022000709,平成22年 7 ～ 9 月
105907,01000210,生産 数量 (千個),351230000,接続部品 リレー（有線通信機器用に限る） (30),0022001012,平成22年 10 ～ 12 月
31980,01000210,生産 数量 (千個),351230000,接続部品 リレー（有線通信機器用に限る） (30),0022000101,平成22年1月
27594,01000210,生産 数量 (千個),351230000,接続部品 リレー（有線通信機器用に限る） (30),0022000202,平成22年2月
34327,01000210,生産 数量 (千個),351230000,接続部品 リレー（有線通信機器用に限る） (30),0022000303,平成22年3月
34668,01000210,生産 数量 (千個),351230000,接続部品 リレー（有線通信機器用に限る） (30),0022000404,平成22年4月
32946,01000210,生産 数量 (千個),351230000,接続部品 リレー（有線通信機器用に限る） (30),0022000505,平成22年5月
32776,01000210,生産 数量 (千個),351230000,接続部品 リレー（有線通信機器用に限る） (30),0022000606,平成22年6月
34417,01000210,生産 数量 (千個),351230000,接続部品 リレー（有線通信機器用に限る） (30),0022000707,平成22年7月
34208,01000210,生産 数量 (千個),351230000,接続部品 リレー（有線通信機器用に限る） (30),0022000808,平成22年8月
33800,01000210,生産 数量 (千個),351230000,接続部品 リレー（有線通信機器用に限る） (30),0022000909,平成22年9月
33540,01000210,生産 数量 (千個),351230000,接続部品 リレー（有線通信機器用に限る） (30),0022001010,平成22年10月
37196,01000210,生産 数量 (千個),351230000,接続部品 リレー（有線通信機器用に限る） (30),0022001111,平成22年11月
35171,01000210,生産 数量 (千個),351230000,接続部品 リレー（有線通信機器用に限る） (30),0022001212,平成22年12月
60222,01000210,生産 数量 (千個),351510000,変換部品 音響部品（スピーカ・マイクロホン） (42),0018000000,平成18年
78725,01000210,生産 数量 (千個),351510000,変換部品 音響部品（スピーカ・マイクロホン） (42),0019000000,平成19年
66073,01000210,生産 数量 (千個),351510000,変換部品 音響部品（スピーカ・マイクロホン） (42),0020000000,平成20年
26734,01000210,生産 数量 (千個),351510000,変換部品 音響部品（スピーカ・マイクロホン） (42),0021000000,平成21年
32639,01000210,生産 数量 (千個),351510000,変換部品 音響部品（スピーカ・マイクロホン） (42),0022000000,平成22年
52894,01000210,生産 数量 (千個),351510000,変換部品 音響部品（スピーカ・マイクロホン） (42),0020010000,平成20年度
28820,01000210,生産 数量 (千個),351510000,変換部品 音響部品（スピーカ・マイクロホン） (42),0021010000,平成21年度
8192,01000210,生産 数量 (千個),351510000,変換部品 音響部品（スピーカ・マイクロホン） (42),0022000103,平成22年 1 ～ 3 月
9257,01000210,生産 数量 (千個),351510000,変換部品 音響部品（スピーカ・マイクロホン） (42),0022000406,平成22年 4 ～ 6 月
7986,01000210,生産 数量 (千個),351510000,変換部品 音響部品（スピーカ・マイクロホン） (42),0022000709,平成22年 7 ～ 9 月
7204,01000210,生産 数量 (千個),351510000,変換部品 音響部品（スピーカ・マイクロホン） (42),0022001012,平成22年 10 ～ 12 月
2416,01000210,生産 数量 (千個),351510000,変換部品 音響部品（スピーカ・マイクロホン） (42),0022000101,平成22年1月
2953,01000210,生産 数量 (千個),351510000,変換部品 音響部品（スピーカ・マイクロホン） (42),0022000202,平成22年2月
2823,01000210,生産 数量 (千個),351510000,変換部品 音響部品（スピーカ・マイクロホン） (42),0022000303,平成22年3月
3345,01000210,生産 数量 (千個),351510000,変換部品 音響部品（スピーカ・マイクロホン） (42),0022000404,平成22年4月
2850,01000210,生産 数量 (千個),351510000,変換部品 音響部品（スピーカ・マイクロホン） (42),0022000505,平成22年5月
3062,01000210,生産 数量 (千個),351510000,変換部品 音響部品（スピーカ・マイクロホン） (42),0022000606,平成22年6月
2840,01000210,生産 数量 (千個),351510000,変換部品 音響部品（スピーカ・マイクロホン） (42),0022000707,平成22年7月
2398,01000210,生産 数量 (千個),351510000,変換部品 音響部品（スピーカ・マイクロホン） (42),0022000808,平成22年8月
2748,01000210,生産 数量 (千個),351510000,変換部品 音響部品（スピーカ・マイクロホン） (42),0022000909,平成22年9月
2326,01000210,生産 数量 (千個),351510000,変換部品 音響部品（スピーカ・マイクロホン） (42),0022001010,平成22年10月
2456,01000210,生産 数量 (千個),351510000,変換部品 音響部品（スピーカ・マイクロホン） (42),0022001111,平成22年11月
2422,01000210,生産 数量 (千個),351510000,変換部品 音響部品（スピーカ・マイクロホン） (42),0022001212,平成22年12月
98631,01000210,生産 数量 (千個),351520000,変換部品 磁気ヘッド (43),0018000000,平成18年
19414,01000210,生産 数量 (千個),351520000,変換部品 磁気ヘッド (43),0019000000,平成19年
5491,01000210,生産 数量 (千個),351520000,変換部品 磁気ヘッド (43),0020000000,平成20年
2187,01000210,生産 数量 (千個),351520000,変換部品 磁気ヘッド (43),0021000000,平成21年
2799,01000210,生産 数量 (千個),351520000,変換部品 磁気ヘッド (43),0022000000,平成22年
4155,01000210,生産 数量 (千個),351520000,変換部品 磁気ヘッド (43),0020010000,平成20年度
2574,01000210,生産 数量 (千個),351520000,変換部品 磁気ヘッド (43),0021010000,平成21年度
884,01000210,生産 数量 (千個),351520000,変換部品 磁気ヘッド (43),0022000103,平成22年 1 ～ 3 月
650,01000210,生産 数量 (千個),351520000,変換部品 磁気ヘッド (43),0022000406,平成22年 4 ～ 6 月
1038,01000210,生産 数量 (千個),351520000,変換部品 磁気ヘッド (43),0022000709,平成22年 7 ～ 9 月
227,01000210,生産 数量 (千個),351520000,変換部品 磁気ヘッド (43),0022001012,平成22年 10 ～ 12 月
154,01000210,生産 数量 (千個),351520000,変換部品 磁気ヘッド (43),0022000101,平成22年1月
158,01000210,生産 数量 (千個),351520000,変換部品 磁気ヘッド (43),0022000202,平成22年2月
572,01000210,生産 数量 (千個),351520000,変換部品 磁気ヘッド (43),0022000303,平成22年3月
275,01000210,生産 数量 (千個),351520000,変換部品 磁気ヘッド (43),0022000404,平成22年4月
120,01000210,生産 数量 (千個),351520000,変換部品 磁気ヘッド (43),0022000505,平成22年5月
255,01000210,生産 数量 (千個),351520000,変換部品 磁気ヘッド (43),0022000606,平成22年6月
289,01000210,生産 数量 (千個),351520000,変換部品 磁気ヘッド (43),0022000707,平成22年7月
105,01000210,生産 数量 (千個),351520000,変換部品 磁気ヘッド (43),0022000808,平成22年8月
644,01000210,生産 数量 (千個),351520000,変換部品 磁気ヘッド (43),0022000909,平成22年9月
85,01000210,生産 数量 (千個),351520000,変換部品 磁気ヘッド (43),0022001010,平成22年10月
70,01000210,生産 数量 (千個),351520000,変換部品 磁気ヘッド (43),0022001111,平成22年11月
72,01000210,生産 数量 (千個),351520000,変換部品 磁気ヘッド (43),0022001212,平成22年12月
24933,01000800,生産 数量 (千平方m),351300000,電子回路基板 (31～41),0018000000,平成18年
25346,01000800,生産 数量 (千平方m),351300000,電子回路基板 (31～41),0019000000,平成19年
23357,01000800,生産 数量 (千平方m),351300000,電子回路基板 (31～41),0020000000,平成20年
16429,01000800,生産 数量 (千平方m),351300000,電子回路基板 (31～41),0021000000,平成21年
18673,01000800,生産 数量 (千平方m),351300000,電子回路基板 (31～41),0022000000,平成22年
20196,01000800,生産 数量 (千平方m),351300000,電子回路基板 (31～41),0020010000,平成20年度
18043,01000800,生産 数量 (千平方m),351300000,電子回路基板 (31～41),0021010000,平成21年度
4559,01000800,生産 数量 (千平方m),351300000,電子回路基板 (31～41),0022000103,平成22年 1 ～ 3 月
4759,01000800,生産 数量 (千平方m),351300000,電子回路基板 (31～41),0022000406,平成22年 4 ～ 6 月
4679,01000800,生産 数量 (千平方m),351300000,電子回路基板 (31～41),0022000709,平成22年 7 ～ 9 月
4676,01000800,生産 数量 (千平方m),351300000,電子回路基板 (31～41),0022001012,平成22年 10 ～ 12 月
1491,01000800,生産 数量 (千平方m),351300000,電子回路基板 (31～41),0022000101,平成22年1月
1483,01000800,生産 数量 (千平方m),351300000,電子回路基板 (31～41),0022000202,平成22年2月
1586,01000800,生産 数量 (千平方m),351300000,電子回路基板 (31～41),0022000303,平成22年3月
1562,01000800,生産 数量 (千平方m),351300000,電子回路基板 (31～41),0022000404,平成22年4月
1521,01000800,生産 数量 (千平方m),351300000,電子回路基板 (31～41),0022000505,平成22年5月
1675,01000800,生産 数量 (千平方m),351300000,電子回路基板 (31～41),0022000606,平成22年6月
1665,01000800,生産 数量 (千平方m),351300000,電子回路基板 (31～41),0022000707,平成22年7月
1455,01000800,生産 数量 (千平方m),351300000,電子回路基板 (31～41),0022000808,平成22年8月
1559,01000800,生産 数量 (千平方m),351300000,電子回路基板 (31～41),0022000909,平成22年9月
1541,01000800,生産 数量 (千平方m),351300000,電子回路基板 (31～41),0022001010,平成22年10月
1598,01000800,生産 数量 (千平方m),351300000,電子回路基板 (31～41),0022001111,平成22年11月
1537,01000800,生産 数量 (千平方m),351300000,電子回路基板 (31～41),0022001212,平成22年12月
16661,01000800,生産 数量 (千平方m),351310000,電子回路基板 リジッドプリント配線板 (31～36),0018000000,平成18年
16645,01000800,生産 数量 (千平方m),351310000,電子回路基板 リジッドプリント配線板 (31～36),0019000000,平成19年
14902,01000800,生産 数量 (千平方m),351310000,電子回路基板 リジッドプリント配線板 (31～36),0020000000,平成20年
10683,01000800,生産 数量 (千平方m),351310000,電子回路基板 リジッドプリント配線板 (31～36),0021000000,平成21年
12528,01000800,生産 数量 (千平方m),351310000,電子回路基板 リジッドプリント配線板 (31～36),0022000000,平成22年
12955,01000800,生産 数量 (千平方m),351310000,電子回路基板 リジッドプリント配線板 (31～36),0020010000,平成20年度
11792,01000800,生産 数量 (千平方m),351310000,電子回路基板 リジッドプリント配線板 (31～36),0021010000,平成21年度
3107,01000800,生産 数量 (千平方m),351310000,電子回路基板 リジッドプリント配線板 (31～36),0022000103,平成22年 1 ～ 3 月
3137,01000800,生産 数量 (千平方m),351310000,電子回路基板 リジッドプリント配線板 (31～36),0022000406,平成22年 4 ～ 6 月
3184,01000800,生産 数量 (千平方m),351310000,電子回路基板 リジッドプリント配線板 (31～36),0022000709,平成22年 7 ～ 9 月
3099,01000800,生産 数量 (千平方m),351310000,電子回路基板 リジッドプリント配線板 (31～36),0022001012,平成22年 10 ～ 12 月
1013,01000800,生産 数量 (千平方m),351310000,電子回路基板 リジッドプリント配線板 (31～36),0022000101,平成22年1月
1016,01000800,生産 数量 (千平方m),351310000,電子回路基板 リジッドプリント配線板 (31～36),0022000202,平成22年2月
1078,01000800,生産 数量 (千平方m),351310000,電子回路基板 リジッドプリント配線板 (31～36),0022000303,平成22年3月
1046,01000800,生産 数量 (千平方m),351310000,電子回路基板 リジッドプリント配線板 (31～36),0022000404,平成22年4月
994,01000800,生産 数量 (千平方m),351310000,電子回路基板 リジッドプリント配線板 (31～36),0022000505,平成22年5月
1098,01000800,生産 数量 (千平方m),351310000,電子回路基板 リジッドプリント配線板 (31～36),0022000606,平成22年6月
1107,01000800,生産 数量 (千平方m),351310000,電子回路基板 リジッドプリント配線板 (31～36),0022000707,平成22年7月
1006,01000800,生産 数量 (千平方m),351310000,電子回路基板 リジッドプリント配線板 (31～36),0022000808,平成22年8月
1071,01000800,生産 数量 (千平方m),351310000,電子回路基板 リジッドプリント配線板 (31～36),0022000909,平成22年9月
1038,01000800,生産 数量 (千平方m),351310000,電子回路基板 リジッドプリント配線板 (31～36),0022001010,平成22年10月
1059,01000800,生産 数量 (千平方m),351310000,電子回路基板 リジッドプリント配線板 (31～36),0022001111,平成22年11月
1002,01000800,生産 数量 (千平方m),351310000,電子回路基板 リジッドプリント配線板 (31～36),0022001212,平成22年12月
3097,01000800,生産 数量 (千平方m),351311000,電子回路基板 リジッドプリント配線板 片面プリント配線板 (31),0018000000,平成18年
2936,01000800,生産 数量 (千平方m),351311000,電子回路基板 リジッドプリント配線板 片面プリント配線板 (31),0019000000,平成19年
2518,01000800,生産 数量 (千平方m),351311000,電子回路基板 リジッドプリント配線板 片面プリント配線板 (31),0020000000,平成20年
1863,01000800,生産 数量 (千平方m),351311000,電子回路基板 リジッドプリント配線板 片面プリント配線板 (31),0021000000,平成21年
1986,01000800,生産 数量 (千平方m),351311000,電子回路基板 リジッドプリント配線板 片面プリント配線板 (31),0022000000,平成22年
2242,01000800,生産 数量 (千平方m),351311000,電子回路基板 リジッドプリント配線板 片面プリント配線板 (31),0020010000,平成20年度
1984,01000800,生産 数量 (千平方m),351311000,電子回路基板 リジッドプリント配線板 片面プリント配線板 (31),0021010000,平成21年度
472,01000800,生産 数量 (千平方m),351311000,電子回路基板 リジッドプリント配線板 片面プリント配線板 (31),0022000103,平成22年 1 ～ 3 月
502,01000800,生産 数量 (千平方m),351311000,電子回路基板 リジッドプリント配線板 片面プリント配線板 (31),0022000406,平成22年 4 ～ 6 月
515,01000800,生産 数量 (千平方m),351311000,電子回路基板 リジッドプリント配線板 片面プリント配線板 (31),0022000709,平成22年 7 ～ 9 月
497,01000800,生産 数量 (千平方m),351311000,電子回路基板 リジッドプリント配線板 片面プリント配線板 (31),0022001012,平成22年 10 ～ 12 月
156,01000800,生産 数量 (千平方m),351311000,電子回路基板 リジッドプリント配線板 片面プリント配線板 (31),0022000101,平成22年1月
155,01000800,生産 数量 (千平方m),351311000,電子回路基板 リジッドプリント配線板 片面プリント配線板 (31),0022000202,平成22年2月
160,01000800,生産 数量 (千平方m),351311000,電子回路基板 リジッドプリント配線板 片面プリント配線板 (31),0022000303,平成22年3月
165,01000800,生産 数量 (千平方m),351311000,電子回路基板 リジッドプリント配線板 片面プリント配線板 (31),0022000404,平成22年4月
162,01000800,生産 数量 (千平方m),351311000,電子回路基板 リジッドプリント配線板 片面プリント配線板 (31),0022000505,平成22年5月
175,01000800,生産 数量 (千平方m),351311000,電子回路基板 リジッドプリント配線板 片面プリント配線板 (31),0022000606,平成22年6月
179,01000800,生産 数量 (千平方m),351311000,電子回路基板 リジッドプリント配線板 片面プリント配線板 (31),0022000707,平成22年7月
164,01000800,生産 数量 (千平方m),351311000,電子回路基板 リジッドプリント配線板 片面プリント配線板 (31),0022000808,平成22年8月
172,01000800,生産 数量 (千平方m),351311000,電子回路基板 リジッドプリント配線板 片面プリント配線板 (31),0022000909,平成22年9月
159,01000800,生産 数量 (千平方m),351311000,電子回路基板 リジッドプリント配線板 片面プリント配線板 (31),0022001010,平成22年10月
175,01000800,生産 数量 (千平方m),351311000,電子回路基板 リジッドプリント配線板 片面プリント配線板 (31),0022001111,平成22年11月
163,01000800,生産 数量 (千平方m),351311000,電子回路基板 リジッドプリント配線板 片面プリント配線板 (31),0022001212,平成22年12月
7149,01000800,生産 数量 (千平方m),351312000,電子回路基板 リジッドプリント配線板 両面プリント配線板 (32),0018000000,平成18年
7329,01000800,生産 数量 (千平方m),351312000,電子回路基板 リジッドプリント配線板 両面プリント配線板 (32),0019000000,平成19年
6460,01000800,生産 数量 (千平方m),351312000,電子回路基板 リジッドプリント配線板 両面プリント配線板 (32),0020000000,平成20年
4609,01000800,生産 数量 (千平方m),351312000,電子回路基板 リジッドプリント配線板 両面プリント配線板 (32),0021000000,平成21年
5040,01000800,生産 数量 (千平方m),351312000,電子回路基板 リジッドプリント配線板 両面プリント配線板 (32),0022000000,平成22年
5588,01000800,生産 数量 (千平方m),351312000,電子回路基板 リジッドプリント配線板 両面プリント配線板 (32),0020010000,平成20年度
5013,01000800,生産 数量 (千平方m),351312000,電子回路基板 リジッドプリント配線板 両面プリント配線板 (32),0021010000,平成21年度
1283,01000800,生産 数量 (千平方m),351312000,電子回路基板 リジッドプリント配線板 両面プリント配線板 (32),0022000103,平成22年 1 ～ 3 月
1285,01000800,生産 数量 (千平方m),351312000,電子回路基板 リジッドプリント配線板 両面プリント配線板 (32),0022000406,平成22年 4 ～ 6 月
1260,01000800,生産 数量 (千平方m),351312000,電子回路基板 リジッドプリント配線板 両面プリント配線板 (32),0022000709,平成22年 7 ～ 9 月
1212,01000800,生産 数量 (千平方m),351312000,電子回路基板 リジッドプリント配線板 両面プリント配線板 (32),0022001012,平成22年 10 ～ 12 月
426,01000800,生産 数量 (千平方m),351312000,電子回路基板 リジッドプリント配線板 両面プリント配線板 (32),0022000101,平成22年1月
412,01000800,生産 数量 (千平方m),351312000,電子回路基板 リジッドプリント配線板 両面プリント配線板 (32),0022000202,平成22年2月
446,01000800,生産 数量 (千平方m),351312000,電子回路基板 リジッドプリント配線板 両面プリント配線板 (32),0022000303,平成22年3月
425,01000800,生産 数量 (千平方m),351312000,電子回路基板 リジッドプリント配線板 両面プリント配線板 (32),0022000404,平成22年4月
400,01000800,生産 数量 (千平方m),351312000,電子回路基板 リジッドプリント配線板 両面プリント配線板 (32),0022000505,平成22年5月
460,01000800,生産 数量 (千平方m),351312000,電子回路基板 リジッドプリント配線板 両面プリント配線板 (32),0022000606,平成22年6月
450,01000800,生産 数量 (千平方m),351312000,電子回路基板 リジッドプリント配線板 両面プリント配線板 (32),0022000707,平成22年7月
390,01000800,生産 数量 (千平方m),351312000,電子回路基板 リジッドプリント配線板 両面プリント配線板 (32),0022000808,平成22年8月
420,01000800,生産 数量 (千平方m),351312000,電子回路基板 リジッドプリント配線板 両面プリント配線板 (32),0022000909,平成22年9月
414,01000800,生産 数量 (千平方m),351312000,電子回路基板 リジッドプリント配線板 両面プリント配線板 (32),0022001010,平成22年10月
403,01000800,生産 数量 (千平方m),351312000,電子回路基板 リジッドプリント配線板 両面プリント配線板 (32),0022001111,平成22年11月
395,01000800,生産 数量 (千平方m),351312000,電子回路基板 リジッドプリント配線板 両面プリント配線板 (32),0022001212,平成22年12月
3368,01000800,生産 数量 (千平方m),351313000,電子回路基板 リジッドプリント配線板 多層プリント配線板（4層） (33),0018000000,平成18年
3071,01000800,生産 数量 (千平方m),351313000,電子回路基板 リジッドプリント配線板 多層プリント配線板（4層） (33),0019000000,平成19年
2669,01000800,生産 数量 (千平方m),351313000,電子回路基板 リジッドプリント配線板 多層プリント配線板（4層） (33),0020000000,平成20年
1825,01000800,生産 数量 (千平方m),351313000,電子回路基板 リジッドプリント配線板 多層プリント配線板（4層） (33),0021000000,平成21年
2494,01000800,生産 数量 (千平方m),351313000,電子回路基板 リジッドプリント配線板 多層プリント配線板（4層） (33),0022000000,平成22年
2227,01000800,生産 数量 (千平方m),351313000,電子回路基板 リジッドプリント配線板 多層プリント配線板（4層） (33),0020010000,平成20年度
2137,01000800,生産 数量 (千平方m),351313000,電子回路基板 リジッドプリント配線板 多層プリント配線板（4層） (33),0021010000,平成21年度
631,01000800,生産 数量 (千平方m),351313000,電子回路基板 リジッドプリント配線板 多層プリント配線板（4層） (33),0022000103,平成22年 1 ～ 3 月
599,01000800,生産 数量 (千平方m),351313000,電子回路基板 リジッドプリント配線板 多層プリント配線板（4層） (33),0022000406,平成22年 4 ～ 6 月
639,01000800,生産 数量 (千平方m),351313000,電子回路基板 リジッドプリント配線板 多層プリント配線板（4層） (33),0022000709,平成22年 7 ～ 9 月
626,01000800,生産 数量 (千平方m),351313000,電子回路基板 リジッドプリント配線板 多層プリント配線板（4層） (33),0022001012,平成22年 10 ～ 12 月
203,01000800,生産 数量 (千平方m),351313000,電子回路基板 リジッドプリント配線板 多層プリント配線板（4層） (33),0022000101,平成22年1月
211,01000800,生産 数量 (千平方m),351313000,電子回路基板 リジッドプリント配線板 多層プリント配線板（4層） (33),0022000202,平成22年2月
217,01000800,生産 数量 (千平方m),351313000,電子回路基板 リジッドプリント配線板 多層プリント配線板（4層） (33),0022000303,平成22年3月
208,01000800,生産 数量 (千平方m),351313000,電子回路基板 リジッドプリント配線板 多層プリント配線板（4層） (33),0022000404,平成22年4月
191,01000800,生産 数量 (千平方m),351313000,電子回路基板 リジッドプリント配線板 多層プリント配線板（4層） (33),0022000505,平成22年5月
199,01000800,生産 数量 (千平方m),351313000,電子回路基板 リジッドプリント配線板 多層プリント配線板（4層） (33),0022000606,平成22年6月
212,01000800,生産 数量 (千平方m),351313000,電子回路基板 リジッドプリント配線板 多層プリント配線板（4層） (33),0022000707,平成22年7月
208,01000800,生産 数量 (千平方m),351313000,電子回路基板 リジッドプリント配線板 多層プリント配線板（4層） (33),0022000808,平成22年8月
218,01000800,生産 数量 (千平方m),351313000,電子回路基板 リジッドプリント配線板 多層プリント配線板（4層） (33),0022000909,平成22年9月
205,01000800,生産 数量 (千平方m),351313000,電子回路基板 リジッドプリント配線板 多層プリント配線板（4層） (33),0022001010,平成22年10月
220,01000800,生産 数量 (千平方m),351313000,電子回路基板 リジッドプリント配線板 多層プリント配線板（4層） (33),0022001111,平成22年11月
201,01000800,生産 数量 (千平方m),351313000,電子回路基板 リジッドプリント配線板 多層プリント配線板（4層） (33),0022001212,平成22年12月
1389,01000800,生産 数量 (千平方m),351314000,電子回路基板 リジッドプリント配線板 多層プリント配線板（6～8層） (34),0018000000,平成18年
1491,01000800,生産 数量 (千平方m),351314000,電子回路基板 リジッドプリント配線板 多層プリント配線板（6～8層） (34),0019000000,平成19年
1372,01000800,生産 数量 (千平方m),351314000,電子回路基板 リジッドプリント配線板 多層プリント配線板（6～8層） (34),0020000000,平成20年
925,01000800,生産 数量 (千平方m),351314000,電子回路基板 リジッドプリント配線板 多層プリント配線板（6～8層） (34),0021000000,平成21年
1277,01000800,生産 数量 (千平方m),351314000,電子回路基板 リジッドプリント配線板 多層プリント配線板（6～8層） (34),0022000000,平成22年
1196,01000800,生産 数量 (千平方m),351314000,電子回路基板 リジッドプリント配線板 多層プリント配線板（6～8層） (34),0020010000,平成20年度
1079,01000800,生産 数量 (千平方m),351314000,電子回路基板 リジッドプリント配線板 多層プリント配線板（6～8層） (34),0021010000,平成21年度
327,01000800,生産 数量 (千平方m),351314000,電子回路基板 リジッドプリント配線板 多層プリント配線板（6～8層） (34),0022000103,平成22年 1 ～ 3 月
313,01000800,生産 数量 (千平方m),351314000,電子回路基板 リジッドプリント配線板 多層プリント配線板（6～8層） (34),0022000406,平成22年 4 ～ 6 月
321,01000800,生産 数量 (千平方m),351314000,電子回路基板 リジッドプリント配線板 多層プリント配線板（6～8層） (34),0022000709,平成22年 7 ～ 9 月
315,01000800,生産 数量 (千平方m),351314000,電子回路基板 リジッドプリント配線板 多層プリント配線板（6～8層） (34),0022001012,平成22年 10 ～ 12 月
107,01000800,生産 数量 (千平方m),351314000,電子回路基板 リジッドプリント配線板 多層プリント配線板（6～8層） (34),0022000101,平成22年1月
110,01000800,生産 数量 (千平方m),351314000,電子回路基板 リジッドプリント配線板 多層プリント配線板（6～8層） (34),0022000202,平成22年2月
110,01000800,生産 数量 (千平方m),351314000,電子回路基板 リジッドプリント配線板 多層プリント配線板（6～8層） (34),0022000303,平成22年3月
103,01000800,生産 数量 (千平方m),351314000,電子回路基板 リジッドプリント配線板 多層プリント配線板（6～8層） (34),0022000404,平成22年4月
96,01000800,生産 数量 (千平方m),351314000,電子回路基板 リジッドプリント配線板 多層プリント配線板（6～8層） (34),0022000505,平成22年5月
114,01000800,生産 数量 (千平方m),351314000,電子回路基板 リジッドプリント配線板 多層プリント配線板（6～8層） (34),0022000606,平成22年6月
113,01000800,生産 数量 (千平方m),351314000,電子回路基板 リジッドプリント配線板 多層プリント配線板（6～8層） (34),0022000707,平成22年7月
99,01000800,生産 数量 (千平方m),351314000,電子回路基板 リジッドプリント配線板 多層プリント配線板（6～8層） (34),0022000808,平成22年8月
109,01000800,生産 数量 (千平方m),351314000,電子回路基板 リジッドプリント配線板 多層プリント配線板（6～8層） (34),0022000909,平成22年9月
110,01000800,生産 数量 (千平方m),351314000,電子回路基板 リジッドプリント配線板 多層プリント配線板（6～8層） (34),0022001010,平成22年10月
111,01000800,生産 数量 (千平方m),351314000,電子回路基板 リジッドプリント配線板 多層プリント配線板（6～8層） (34),0022001111,平成22年11月
94,01000800,生産 数量 (千平方m),351314000,電子回路基板 リジッドプリント配線板 多層プリント配線板（6～8層） (34),0022001212,平成22年12月
362,01000800,生産 数量 (千平方m),351315000,電子回路基板 リジッドプリント配線板 多層プリント配線板（10層以上） (35),0018000000,平成18年
299,01000800,生産 数量 (千平方m),351315000,電子回路基板 リジッドプリント配線板 多層プリント配線板（10層以上） (35),0019000000,平成19年
265,01000800,生産 数量 (千平方m),351315000,電子回路基板 リジッドプリント配線板 多層プリント配線板（10層以上） (35),0020000000,平成20年
174,01000800,生産 数量 (千平方m),351315000,電子回路基板 リジッドプリント配線板 多層プリント配線板（10層以上） (35),0021000000,平成21年
189,01000800,生産 数量 (千平方m),351315000,電子回路基板 リジッドプリント配線板 多層プリント配線板（10層以上） (35),0022000000,平成22年
225,01000800,生産 数量 (千平方m),351315000,電子回路基板 リジッドプリント配線板 多層プリント配線板（10層以上） (35),0020010000,平成20年度
181,01000800,生産 数量 (千平方m),351315000,電子回路基板 リジッドプリント配線板 多層プリント配線板（10層以上） (35),0021010000,平成21年度
47,01000800,生産 数量 (千平方m),351315000,電子回路基板 リジッドプリント配線板 多層プリント配線板（10層以上） (35),0022000103,平成22年 1 ～ 3 月
49,01000800,生産 数量 (千平方m),351315000,電子回路基板 リジッドプリント配線板 多層プリント配線板（10層以上） (35),0022000406,平成22年 4 ～ 6 月
50,01000800,生産 数量 (千平方m),351315000,電子回路基板 リジッドプリント配線板 多層プリント配線板（10層以上） (35),0022000709,平成22年 7 ～ 9 月
44,01000800,生産 数量 (千平方m),351315000,電子回路基板 リジッドプリント配線板 多層プリント配線板（10層以上） (35),0022001012,平成22年 10 ～ 12 月
15,01000800,生産 数量 (千平方m),351315000,電子回路基板 リジッドプリント配線板 多層プリント配線板（10層以上） (35),0022000101,平成22年1月
15,01000800,生産 数量 (千平方m),351315000,電子回路基板 リジッドプリント配線板 多層プリント配線板（10層以上） (35),0022000202,平成22年2月
17,01000800,生産 数量 (千平方m),351315000,電子回路基板 リジッドプリント配線板 多層プリント配線板（10層以上） (35),0022000303,平成22年3月
17,01000800,生産 数量 (千平方m),351315000,電子回路基板 リジッドプリント配線板 多層プリント配線板（10層以上） (35),0022000404,平成22年4月
17,01000800,生産 数量 (千平方m),351315000,電子回路基板 リジッドプリント配線板 多層プリント配線板（10層以上） (35),0022000505,平成22年5月
16,01000800,生産 数量 (千平方m),351315000,電子回路基板 リジッドプリント配線板 多層プリント配線板（10層以上） (35),0022000606,平成22年6月
17,01000800,生産 数量 (千平方m),351315000,電子回路基板 リジッドプリント配線板 多層プリント配線板（10層以上） (35),0022000707,平成22年7月
16,01000800,生産 数量 (千平方m),351315000,電子回路基板 リジッドプリント配線板 多層プリント配線板（10層以上） (35),0022000808,平成22年8月
17,01000800,生産 数量 (千平方m),351315000,電子回路基板 リジッドプリント配線板 多層プリント配線板（10層以上） (35),0022000909,平成22年9月
15,01000800,生産 数量 (千平方m),351315000,電子回路基板 リジッドプリント配線板 多層プリント配線板（10層以上） (35),0022001010,平成22年10月
15,01000800,生産 数量 (千平方m),351315000,電子回路基板 リジッドプリント配線板 多層プリント配線板（10層以上） (35),0022001111,平成22年11月
13,01000800,生産 数量 (千平方m),351315000,電子回路基板 リジッドプリント配線板 多層プリント配線板（10層以上） (35),0022001212,平成22年12月
1295,01000800,生産 数量 (千平方m),351316000,電子回路基板 リジッドプリント配線板 ビルドアップ多層配線板 (36),0018000000,平成18年
1519,01000800,生産 数量 (千平方m),351316000,電子回路基板 リジッドプリント配線板 ビルドアップ多層配線板 (36),0019000000,平成19年
1618,01000800,生産 数量 (千平方m),351316000,電子回路基板 リジッドプリント配線板 ビルドアップ多層配線板 (36),0020000000,平成20年
1287,01000800,生産 数量 (千平方m),351316000,電子回路基板 リジッドプリント配線板 ビルドアップ多層配線板 (36),0021000000,平成21年
1542,01000800,生産 数量 (千平方m),351316000,電子回路基板 リジッドプリント配線板 ビルドアップ多層配線板 (36),0022000000,平成22年
1477,01000800,生産 数量 (千平方m),351316000,電子回路基板 リジッドプリント配線板 ビルドアップ多層配線板 (36),0020010000,平成20年度
1399,01000800,生産 数量 (千平方m),351316000,電子回路基板 リジッドプリント配線板 ビルドアップ多層配線板 (36),0021010000,平成21年度
348,01000800,生産 数量 (千平方m),351316000,電子回路基板 リジッドプリント配線板 ビルドアップ多層配線板 (36),0022000103,平成22年 1 ～ 3 月
389,01000800,生産 数量 (千平方m),351316000,電子回路基板 リジッドプリント配線板 ビルドアップ多層配線板 (36),0022000406,平成22年 4 ～ 6 月
399,01000800,生産 数量 (千平方m),351316000,電子回路基板 リジッドプリント配線板 ビルドアップ多層配線板 (36),0022000709,平成22年 7 ～ 9 月
406,01000800,生産 数量 (千平方m),351316000,電子回路基板 リジッドプリント配線板 ビルドアップ多層配線板 (36),0022001012,平成22年 10 ～ 12 月
107,01000800,生産 数量 (千平方m),351316000,電子回路基板 リジッドプリント配線板 ビルドアップ多層配線板 (36),0022000101,平成22年1月
112,01000800,生産 数量 (千平方m),351316000,電子回路基板 リジッドプリント配線板 ビルドアップ多層配線板 (36),0022000202,平成22年2月
129,01000800,生産 数量 (千平方m),351316000,電子回路基板 リジッドプリント配線板 ビルドアップ多層配線板 (36),0022000303,平成22年3月
127,01000800,生産 数量 (千平方m),351316000,電子回路基板 リジッドプリント配線板 ビルドアップ多層配線板 (36),0022000404,平成22年4月
128,01000800,生産 数量 (千平方m),351316000,電子回路基板 リジッドプリント配線板 ビルドアップ多層配線板 (36),0022000505,平成22年5月
134,01000800,生産 数量 (千平方m),351316000,電子回路基板 リジッドプリント配線板 ビルドアップ多層配線板 (36),0022000606,平成22年6月
135,01000800,生産 数量 (千平方m),351316000,電子回路基板 リジッドプリント配線板 ビルドアップ多層配線板 (36),0022000707,平成22年7月
129,01000800,生産 数量 (千平方m),351316000,電子回路基板 リジッドプリント配線板 ビルドアップ多層配線板 (36),0022000808,平成22年8月
135,01000800,生産 数量 (千平方m),351316000,電子回路基板 リジッドプリント配線板 ビルドアップ多層配線板 (36),0022000909,平成22年9月
134,01000800,生産 数量 (千平方m),351316000,電子回路基板 リジッドプリント配線板 ビルドアップ多層配線板 (36),0022001010,平成22年10月
136,01000800,生産 数量 (千平方m),351316000,電子回路基板 リジッドプリント配線板 ビルドアップ多層配線板 (36),0022001111,平成22年11月
136,01000800,生産 数量 (千平方m),351316000,電子回路基板 リジッドプリント配線板 ビルドアップ多層配線板 (36),0022001212,平成22年12月
5270,01000800,生産 数量 (千平方m),351320000,電子回路基板 フレキシブルプリント配線板 (37～38),0018000000,平成18年
5305,01000800,生産 数量 (千平方m),351320000,電子回路基板 フレキシブルプリント配線板 (37～38),0019000000,平成19年
5115,01000800,生産 数量 (千平方m),351320000,電子回路基板 フレキシブルプリント配線板 (37～38),0020000000,平成20年
3528,01000800,生産 数量 (千平方m),351320000,電子回路基板 フレキシブルプリント配線板 (37～38),0021000000,平成21年
4041,01000800,生産 数量 (千平方m),351320000,電子回路基板 フレキシブルプリント配線板 (37～38),0022000000,平成22年
4377,01000800,生産 数量 (千平方m),351320000,電子回路基板 フレキシブルプリント配線板 (37～38),0020010000,平成20年度
3853,01000800,生産 数量 (千平方m),351320000,電子回路基板 フレキシブルプリント配線板 (37～38),0021010000,平成21年度
875,01000800,生産 数量 (千平方m),351320000,電子回路基板 フレキシブルプリント配線板 (37～38),0022000103,平成22年 1 ～ 3 月
1035,01000800,生産 数量 (千平方m),351320000,電子回路基板 フレキシブルプリント配線板 (37～38),0022000406,平成22年 4 ～ 6 月
1000,01000800,生産 数量 (千平方m),351320000,電子回路基板 フレキシブルプリント配線板 (37～38),0022000709,平成22年 7 ～ 9 月
1132,01000800,生産 数量 (千平方m),351320000,電子回路基板 フレキシブルプリント配線板 (37～38),0022001012,平成22年 10 ～ 12 月
271,01000800,生産 数量 (千平方m),351320000,電子回路基板 フレキシブルプリント配線板 (37～38),0022000101,平成22年1月
292,01000800,生産 数量 (千平方m),351320000,電子回路基板 フレキシブルプリント配線板 (37～38),0022000202,平成22年2月
311,01000800,生産 数量 (千平方m),351320000,電子回路基板 フレキシブルプリント配線板 (37～38),0022000303,平成22年3月
319,01000800,生産 数量 (千平方m),351320000,電子回路基板 フレキシブルプリント配線板 (37～38),0022000404,平成22年4月
333,01000800,生産 数量 (千平方m),351320000,電子回路基板 フレキシブルプリント配線板 (37～38),0022000505,平成22年5月
382,01000800,生産 数量 (千平方m),351320000,電子回路基板 フレキシブルプリント配線板 (37～38),0022000606,平成22年6月
363,01000800,生産 数量 (千平方m),351320000,電子回路基板 フレキシブルプリント配線板 (37～38),0022000707,平成22年7月
287,01000800,生産 数量 (千平方m),351320000,電子回路基板 フレキシブルプリント配線板 (37～38),0022000808,平成22年8月
350,01000800,生産 数量 (千平方m),351320000,電子回路基板 フレキシブルプリント配線板 (37～38),0022000909,平成22年9月
375,01000800,生産 数量 (千平方m),351320000,電子回路基板 フレキシブルプリント配線板 (37～38),0022001010,平成22年10月
386,01000800,生産 数量 (千平方m),351320000,電子回路基板 フレキシブルプリント配線板 (37～38),0022001111,平成22年11月
371,01000800,生産 数量 (千平方m),351320000,電子回路基板 フレキシブルプリント配線板 (37～38),0022001212,平成22年12月
2295,01000800,生産 数量 (千平方m),351321000,電子回路基板 フレキシブルプリント配線板 片面フレキシブル配線板 (37),0018000000,平成18年
2358,01000800,生産 数量 (千平方m),351321000,電子回路基板 フレキシブルプリント配線板 片面フレキシブル配線板 (37),0019000000,平成19年
1878,01000800,生産 数量 (千平方m),351321000,電子回路基板 フレキシブルプリント配線板 片面フレキシブル配線板 (37),0020000000,平成20年
1049,01000800,生産 数量 (千平方m),351321000,電子回路基板 フレキシブルプリント配線板 片面フレキシブル配線板 (37),0021000000,平成21年
1110,01000800,生産 数量 (千平方m),351321000,電子回路基板 フレキシブルプリント配線板 片面フレキシブル配線板 (37),0022000000,平成22年
1496,01000800,生産 数量 (千平方m),351321000,電子回路基板 フレキシブルプリント配線板 片面フレキシブル配線板 (37),0020010000,平成20年度
1142,01000800,生産 数量 (千平方m),351321000,電子回路基板 フレキシブルプリント配線板 片面フレキシブル配線板 (37),0021010000,平成21年度
259,01000800,生産 数量 (千平方m),351321000,電子回路基板 フレキシブルプリント配線板 片面フレキシブル配線板 (37),0022000103,平成22年 1 ～ 3 月
279,01000800,生産 数量 (千平方m),351321000,電子回路基板 フレキシブルプリント配線板 片面フレキシブル配線板 (37),0022000406,平成22年 4 ～ 6 月
238,01000800,生産 数量 (千平方m),351321000,電子回路基板 フレキシブルプリント配線板 片面フレキシブル配線板 (37),0022000709,平成22年 7 ～ 9 月
334,01000800,生産 数量 (千平方m),351321000,電子回路基板 フレキシブルプリント配線板 片面フレキシブル配線板 (37),0022001012,平成22年 10 ～ 12 月
85,01000800,生産 数量 (千平方m),351321000,電子回路基板 フレキシブルプリント配線板 片面フレキシブル配線板 (37),0022000101,平成22年1月
82,01000800,生産 数量 (千平方m),351321000,電子回路基板 フレキシブルプリント配線板 片面フレキシブル配線板 (37),0022000202,平成22年2月
93,01000800,生産 数量 (千平方m),351321000,電子回路基板 フレキシブルプリント配線板 片面フレキシブル配線板 (37),0022000303,平成22年3月
87,01000800,生産 数量 (千平方m),351321000,電子回路基板 フレキシブルプリント配線板 片面フレキシブル配線板 (37),0022000404,平成22年4月
89,01000800,生産 数量 (千平方m),351321000,電子回路基板 フレキシブルプリント配線板 片面フレキシブル配線板 (37),0022000505,平成22年5月
103,01000800,生産 数量 (千平方m),351321000,電子回路基板 フレキシブルプリント配線板 片面フレキシブル配線板 (37),0022000606,平成22年6月
87,01000800,生産 数量 (千平方m),351321000,電子回路基板 フレキシブルプリント配線板 片面フレキシブル配線板 (37),0022000707,平成22年7月
65,01000800,生産 数量 (千平方m),351321000,電子回路基板 フレキシブルプリント配線板 片面フレキシブル配線板 (37),0022000808,平成22年8月
86,01000800,生産 数量 (千平方m),351321000,電子回路基板 フレキシブルプリント配線板 片面フレキシブル配線板 (37),0022000909,平成22年9月
101,01000800,生産 数量 (千平方m),351321000,電子回路基板 フレキシブルプリント配線板 片面フレキシブル配線板 (37),0022001010,平成22年10月
116,01000800,生産 数量 (千平方m),351321000,電子回路基板 フレキシブルプリント配線板 片面フレキシブル配線板 (37),0022001111,平成22年11月
116,01000800,生産 数量 (千平方m),351321000,電子回路基板 フレキシブルプリント配線板 片面フレキシブル配線板 (37),0022001212,平成22年12月
2975,01000800,生産 数量 (千平方m),351322000,電子回路基板 フレキシブルプリント配線板 両面・多層フレキシブル配線板 (38),0018000000,平成18年
2947,01000800,生産 数量 (千平方m),351322000,電子回路基板 フレキシブルプリント配線板 両面・多層フレキシブル配線板 (38),0019000000,平成19年
3237,01000800,生産 数量 (千平方m),351322000,電子回路基板 フレキシブルプリント配線板 両面・多層フレキシブル配線板 (38),0020000000,平成20年
2479,01000800,生産 数量 (千平方m),351322000,電子回路基板 フレキシブルプリント配線板 両面・多層フレキシブル配線板 (38),0021000000,平成21年
2931,01000800,生産 数量 (千平方m),351322000,電子回路基板 フレキシブルプリント配線板 両面・多層フレキシブル配線板 (38),0022000000,平成22年
2880,01000800,生産 数量 (千平方m),351322000,電子回路基板 フレキシブルプリント配線板 両面・多層フレキシブル配線板 (38),0020010000,平成20年度
2711,01000800,生産 数量 (千平方m),351322000,電子回路基板 フレキシブルプリント配線板 両面・多層フレキシブル配線板 (38),0021010000,平成21年度
615,01000800,生産 数量 (千平方m),351322000,電子回路基板 フレキシブルプリント配線板 両面・多層フレキシブル配線板 (38),0022000103,平成22年 1 ～ 3 月
755,01000800,生産 数量 (千平方m),351322000,電子回路基板 フレキシブルプリント配線板 両面・多層フレキシブル配線板 (38),0022000406,平成22年 4 ～ 6 月
762,01000800,生産 数量 (千平方m),351322000,電子回路基板 フレキシブルプリント配線板 両面・多層フレキシブル配線板 (38),0022000709,平成22年 7 ～ 9 月
799,01000800,生産 数量 (千平方m),351322000,電子回路基板 フレキシブルプリント配線板 両面・多層フレキシブル配線板 (38),0022001012,平成22年 10 ～ 12 月
186,01000800,生産 数量 (千平方m),351322000,電子回路基板 フレキシブルプリント配線板 両面・多層フレキシブル配線板 (38),0022000101,平成22年1月
211,01000800,生産 数量 (千平方m),351322000,電子回路基板 フレキシブルプリント配線板 両面・多層フレキシブル配線板 (38),0022000202,平成22年2月
219,01000800,生産 数量 (千平方m),351322000,電子回路基板 フレキシブルプリント配線板 両面・多層フレキシブル配線板 (38),0022000303,平成22年3月
233,01000800,生産 数量 (千平方m),351322000,電子回路基板 フレキシブルプリント配線板 両面・多層フレキシブル配線板 (38),0022000404,平成22年4月
244,01000800,生産 数量 (千平方m),351322000,電子回路基板 フレキシブルプリント配線板 両面・多層フレキシブル配線板 (38),0022000505,平成22年5月
279,01000800,生産 数量 (千平方m),351322000,電子回路基板 フレキシブルプリント配線板 両面・多層フレキシブル配線板 (38),0022000606,平成22年6月
275,01000800,生産 数量 (千平方m),351322000,電子回路基板 フレキシブルプリント配線板 両面・多層フレキシブル配線板 (38),0022000707,平成22年7月
222,01000800,生産 数量 (千平方m),351322000,電子回路基板 フレキシブルプリント配線板 両面・多層フレキシブル配線板 (38),0022000808,平成22年8月
264,01000800,生産 数量 (千平方m),351322000,電子回路基板 フレキシブルプリント配線板 両面・多層フレキシブル配線板 (38),0022000909,平成22年9月
273,01000800,生産 数量 (千平方m),351322000,電子回路基板 フレキシブルプリント配線板 両面・多層フレキシブル配線板 (38),0022001010,平成22年10月
270,01000800,生産 数量 (千平方m),351322000,電子回路基板 フレキシブルプリント配線板 両面・多層フレキシブル配線板 (38),0022001111,平成22年11月
255,01000800,生産 数量 (千平方m),351322000,電子回路基板 フレキシブルプリント配線板 両面・多層フレキシブル配線板 (38),0022001212,平成22年12月
2973,01000800,生産 数量 (千平方m),351330000,電子回路基板 モジュール基板 (39～40),0018000000,平成18年
3372,01000800,生産 数量 (千平方m),351330000,電子回路基板 モジュール基板 (39～40),0019000000,平成19年
3335,01000800,生産 数量 (千平方m),351330000,電子回路基板 モジュール基板 (39～40),0020000000,平成20年
2208,01000800,生産 数量 (千平方m),351330000,電子回路基板 モジュール基板 (39～40),0021000000,平成21年
2085,01000800,生産 数量 (千平方m),351330000,電子回路基板 モジュール基板 (39～40),0022000000,平成22年
2861,01000800,生産 数量 (千平方m),351330000,電子回路基板 モジュール基板 (39～40),0020010000,平成20年度
2386,01000800,生産 数量 (千平方m),351330000,電子回路基板 モジュール基板 (39～40),0021010000,平成21年度
573,01000800,生産 数量 (千平方m),351330000,電子回路基板 モジュール基板 (39～40),0022000103,平成22年 1 ～ 3 月
583,01000800,生産 数量 (千平方m),351330000,電子回路基板 モジュール基板 (39～40),0022000406,平成22年 4 ～ 6 月
491,01000800,生産 数量 (千平方m),351330000,電子回路基板 モジュール基板 (39～40),0022000709,平成22年 7 ～ 9 月
438,01000800,生産 数量 (千平方m),351330000,電子回路基板 モジュール基板 (39～40),0022001012,平成22年 10 ～ 12 月
205,01000800,生産 数量 (千平方m),351330000,電子回路基板 モジュール基板 (39～40),0022000101,平成22年1月
174,01000800,生産 数量 (千平方m),351330000,電子回路基板 モジュール基板 (39～40),0022000202,平成22年2月
194,01000800,生産 数量 (千平方m),351330000,電子回路基板 モジュール基板 (39～40),0022000303,平成22年3月
196,01000800,生産 数量 (千平方m),351330000,電子回路基板 モジュール基板 (39～40),0022000404,平成22年4月
193,01000800,生産 数量 (千平方m),351330000,電子回路基板 モジュール基板 (39～40),0022000505,平成22年5月
194,01000800,生産 数量 (千平方m),351330000,電子回路基板 モジュール基板 (39～40),0022000606,平成22年6月
194,01000800,生産 数量 (千平方m),351330000,電子回路基板 モジュール基板 (39～40),0022000707,平成22年7月
161,01000800,生産 数量 (千平方m),351330000,電子回路基板 モジュール基板 (39～40),0022000808,平成22年8月
136,01000800,生産 数量 (千平方m),351330000,電子回路基板 モジュール基板 (39～40),0022000909,平成22年9月
126,01000800,生産 数量 (千平方m),351330000,電子回路基板 モジュール基板 (39～40),0022001010,平成22年10月
150,01000800,生産 数量 (千平方m),351330000,電子回路基板 モジュール基板 (39～40),0022001111,平成22年11月
162,01000800,生産 数量 (千平方m),351330000,電子回路基板 モジュール基板 (39～40),0022001212,平成22年12月
530,01000800,生産 数量 (千平方m),351331000,電子回路基板 モジュール基板 リジッド系モジュール基板 (39),0018000000,平成18年
642,01000800,生産 数量 (千平方m),351331000,電子回路基板 モジュール基板 リジッド系モジュール基板 (39),0019000000,平成19年
676,01000800,生産 数量 (千平方m),351331000,電子回路基板 モジュール基板 リジッド系モジュール基板 (39),0020000000,平成20年
532,01000800,生産 数量 (千平方m),351331000,電子回路基板 モジュール基板 リジッド系モジュール基板 (39),0021000000,平成21年
552,01000800,生産 数量 (千平方m),351331000,電子回路基板 モジュール基板 リジッド系モジュール基板 (39),0022000000,平成22年
602,01000800,生産 数量 (千平方m),351331000,電子回路基板 モジュール基板 リジッド系モジュール基板 (39),0020010000,平成20年度
583,01000800,生産 数量 (千平方m),351331000,電子回路基板 モジュール基板 リジッド系モジュール基板 (39),0021010000,平成21年度
140,01000800,生産 数量 (千平方m),351331000,電子回路基板 モジュール基板 リジッド系モジュール基板 (39),0022000103,平成22年 1 ～ 3 月
142,01000800,生産 数量 (千平方m),351331000,電子回路基板 モジュール基板 リジッド系モジュール基板 (39),0022000406,平成22年 4 ～ 6 月
136,01000800,生産 数量 (千平方m),351331000,電子回路基板 モジュール基板 リジッド系モジュール基板 (39),0022000709,平成22年 7 ～ 9 月
134,01000800,生産 数量 (千平方m),351331000,電子回路基板 モジュール基板 リジッド系モジュール基板 (39),0022001012,平成22年 10 ～ 12 月
50,01000800,生産 数量 (千平方m),351331000,電子回路基板 モジュール基板 リジッド系モジュール基板 (39),0022000101,平成22年1月
46,01000800,生産 数量 (千平方m),351331000,電子回路基板 モジュール基板 リジッド系モジュール基板 (39),0022000202,平成22年2月
44,01000800,生産 数量 (千平方m),351331000,電子回路基板 モジュール基板 リジッド系モジュール基板 (39),0022000303,平成22年3月
51,01000800,生産 数量 (千平方m),351331000,電子回路基板 モジュール基板 リジッド系モジュール基板 (39),0022000404,平成22年4月
46,01000800,生産 数量 (千平方m),351331000,電子回路基板 モジュール基板 リジッド系モジュール基板 (39),0022000505,平成22年5月
45,01000800,生産 数量 (千平方m),351331000,電子回路基板 モジュール基板 リジッド系モジュール基板 (39),0022000606,平成22年6月
47,01000800,生産 数量 (千平方m),351331000,電子回路基板 モジュール基板 リジッド系モジュール基板 (39),0022000707,平成22年7月
47,01000800,生産 数量 (千平方m),351331000,電子回路基板 モジュール基板 リジッド系モジュール基板 (39),0022000808,平成22年8月
42,01000800,生産 数量 (千平方m),351331000,電子回路基板 モジュール基板 リジッド系モジュール基板 (39),0022000909,平成22年9月
35,01000800,生産 数量 (千平方m),351331000,電子回路基板 モジュール基板 リジッド系モジュール基板 (39),0022001010,平成22年10月
46,01000800,生産 数量 (千平方m),351331000,電子回路基板 モジュール基板 リジッド系モジュール基板 (39),0022001111,平成22年11月
53,01000800,生産 数量 (千平方m),351331000,電子回路基板 モジュール基板 リジッド系モジュール基板 (39),0022001212,平成22年12月
2443,01000800,生産 数量 (千平方m),351332000,電子回路基板 モジュール基板 その他のモジュール基板 (40),0018000000,平成18年
2731,01000800,生産 数量 (千平方m),351332000,電子回路基板 モジュール基板 その他のモジュール基板 (40),0019000000,平成19年
2659,01000800,生産 数量 (千平方m),351332000,電子回路基板 モジュール基板 その他のモジュール基板 (40),0020000000,平成20年
1676,01000800,生産 数量 (千平方m),351332000,電子回路基板 モジュール基板 その他のモジュール基板 (40),0021000000,平成21年
1533,01000800,生産 数量 (千平方m),351332000,電子回路基板 モジュール基板 その他のモジュール基板 (40),0022000000,平成22年
2259,01000800,生産 数量 (千平方m),351332000,電子回路基板 モジュール基板 その他のモジュール基板 (40),0020010000,平成20年度
1803,01000800,生産 数量 (千平方m),351332000,電子回路基板 モジュール基板 その他のモジュール基板 (40),0021010000,平成21年度
433,01000800,生産 数量 (千平方m),351332000,電子回路基板 モジュール基板 その他のモジュール基板 (40),0022000103,平成22年 1 ～ 3 月
441,01000800,生産 数量 (千平方m),351332000,電子回路基板 モジュール基板 その他のモジュール基板 (40),0022000406,平成22年 4 ～ 6 月
354,01000800,生産 数量 (千平方m),351332000,電子回路基板 モジュール基板 その他のモジュール基板 (40),0022000709,平成22年 7 ～ 9 月
304,01000800,生産 数量 (千平方m),351332000,電子回路基板 モジュール基板 その他のモジュール基板 (40),0022001012,平成22年 10 ～ 12 月
155,01000800,生産 数量 (千平方m),351332000,電子回路基板 モジュール基板 その他のモジュール基板 (40),0022000101,平成22年1月
128,01000800,生産 数量 (千平方m),351332000,電子回路基板 モジュール基板 その他のモジュール基板 (40),0022000202,平成22年2月
151,01000800,生産 数量 (千平方m),351332000,電子回路基板 モジュール基板 その他のモジュール基板 (40),0022000303,平成22年3月
145,01000800,生産 数量 (千平方m),351332000,電子回路基板 モジュール基板 その他のモジュール基板 (40),0022000404,平成22年4月
147,01000800,生産 数量 (千平方m),351332000,電子回路基板 モジュール基板 その他のモジュール基板 (40),0022000505,平成22年5月
149,01000800,生産 数量 (千平方m),351332000,電子回路基板 モジュール基板 その他のモジュール基板 (40),0022000606,平成22年6月
147,01000800,生産 数量 (千平方m),351332000,電子回路基板 モジュール基板 その他のモジュール基板 (40),0022000707,平成22年7月
114,01000800,生産 数量 (千平方m),351332000,電子回路基板 モジュール基板 その他のモジュール基板 (40),0022000808,平成22年8月
93,01000800,生産 数量 (千平方m),351332000,電子回路基板 モジュール基板 その他のモジュール基板 (40),0022000909,平成22年9月
91,01000800,生産 数量 (千平方m),351332000,電子回路基板 モジュール基板 その他のモジュール基板 (40),0022001010,平成22年10月
104,01000800,生産 数量 (千平方m),351332000,電子回路基板 モジュール基板 その他のモジュール基板 (40),0022001111,平成22年11月
109,01000800,生産 数量 (千平方m),351332000,電子回路基板 モジュール基板 その他のモジュール基板 (40),0022001212,平成22年12月
28,01000800,生産 数量 (千平方m),351400000,その他の電子回路基板(41),0018000000,平成18年
24,01000800,生産 数量 (千平方m),351400000,その他の電子回路基板(41),0019000000,平成19年
5,01000800,生産 数量 (千平方m),351400000,その他の電子回路基板(41),0020000000,平成20年
10,01000800,生産 数量 (千平方m),351400000,その他の電子回路基板(41),0021000000,平成21年
19,01000800,生産 数量 (千平方m),351400000,その他の電子回路基板(41),0022000000,平成22年
4,01000800,生産 数量 (千平方m),351400000,その他の電子回路基板(41),0020010000,平成20年度
12,01000800,生産 数量 (千平方m),351400000,その他の電子回路基板(41),0021010000,平成21年度
4,01000800,生産 数量 (千平方m),351400000,その他の電子回路基板(41),0022000103,平成22年 1 ～ 3 月
4,01000800,生産 数量 (千平方m),351400000,その他の電子回路基板(41),0022000406,平成22年 4 ～ 6 月
5,01000800,生産 数量 (千平方m),351400000,その他の電子回路基板(41),0022000709,平成22年 7 ～ 9 月
6,01000800,生産 数量 (千平方m),351400000,その他の電子回路基板(41),0022001012,平成22年 10 ～ 12 月
1,01000800,生産 数量 (千平方m),351400000,その他の電子回路基板(41),0022000101,平成22年1月
1,01000800,生産 数量 (千平方m),351400000,その他の電子回路基板(41),0022000202,平成22年2月
2,01000800,生産 数量 (千平方m),351400000,その他の電子回路基板(41),0022000303,平成22年3月
2,01000800,生産 数量 (千平方m),351400000,その他の電子回路基板(41),0022000404,平成22年4月
1,01000800,生産 数量 (千平方m),351400000,その他の電子回路基板(41),0022000505,平成22年5月
2,01000800,生産 数量 (千平方m),351400000,その他の電子回路基板(41),0022000606,平成22年6月
2,01000800,生産 数量 (千平方m),351400000,その他の電子回路基板(41),0022000707,平成22年7月
1,01000800,生産 数量 (千平方m),351400000,その他の電子回路基板(41),0022000808,平成22年8月
2,01000800,生産 数量 (千平方m),351400000,その他の電子回路基板(41),0022000909,平成22年9月
2,01000800,生産 数量 (千平方m),351400000,その他の電子回路基板(41),0022001010,平成22年10月
2,01000800,生産 数量 (千平方m),351400000,その他の電子回路基板(41),0022001111,平成22年11月
2,01000800,生産 数量 (千平方m),351400000,その他の電子回路基板(41),0022001212,平成22年12月
546888,01000800,生産 数量 (千平方m),351610000,メモリ部品 磁気テープ (44～45),0018000000,平成18年
473739,01000800,生産 数量 (千平方m),351610000,メモリ部品 磁気テープ (44～45),0019000000,平成19年
467325,01000800,生産 数量 (千平方m),351610000,メモリ部品 磁気テープ (44～45),0020000000,平成20年
318464,01000800,生産 数量 (千平方m),351610000,メモリ部品 磁気テープ (44～45),0021000000,平成21年
353111,01000800,生産 数量 (千平方m),351610000,メモリ部品 磁気テープ (44～45),0022000000,平成22年
429005,01000800,生産 数量 (千平方m),351610000,メモリ部品 磁気テープ (44～45),0020010000,平成20年度
332841,01000800,生産 数量 (千平方m),351610000,メモリ部品 磁気テープ (44～45),0021010000,平成21年度
87437,01000800,生産 数量 (千平方m),351610000,メモリ部品 磁気テープ (44～45),0022000103,平成22年 1 ～ 3 月
93746,01000800,生産 数量 (千平方m),351610000,メモリ部品 磁気テープ (44～45),0022000406,平成22年 4 ～ 6 月
83052,01000800,生産 数量 (千平方m),351610000,メモリ部品 磁気テープ (44～45),0022000709,平成22年 7 ～ 9 月
88876,01000800,生産 数量 (千平方m),351610000,メモリ部品 磁気テープ (44～45),0022001012,平成22年 10 ～ 12 月
26534,01000800,生産 数量 (千平方m),351610000,メモリ部品 磁気テープ (44～45),0022000101,平成22年1月
28431,01000800,生産 数量 (千平方m),351610000,メモリ部品 磁気テープ (44～45),0022000202,平成22年2月
32472,01000800,生産 数量 (千平方m),351610000,メモリ部品 磁気テープ (44～45),0022000303,平成22年3月
31231,01000800,生産 数量 (千平方m),351610000,メモリ部品 磁気テープ (44～45),0022000404,平成22年4月
31286,01000800,生産 数量 (千平方m),351610000,メモリ部品 磁気テープ (44～45),0022000505,平成22年5月
31229,01000800,生産 数量 (千平方m),351610000,メモリ部品 磁気テープ (44～45),0022000606,平成22年6月
31764,01000800,生産 数量 (千平方m),351610000,メモリ部品 磁気テープ (44～45),0022000707,平成22年7月
23330,01000800,生産 数量 (千平方m),351610000,メモリ部品 磁気テープ (44～45),0022000808,平成22年8月
27958,01000800,生産 数量 (千平方m),351610000,メモリ部品 磁気テープ (44～45),0022000909,平成22年9月
28348,01000800,生産 数量 (千平方m),351610000,メモリ部品 磁気テープ (44～45),0022001010,平成22年10月
30225,01000800,生産 数量 (千平方m),351610000,メモリ部品 磁気テープ (44～45),0022001111,平成22年11月
30303,01000800,生産 数量 (千平方m),351610000,メモリ部品 磁気テープ (44～45),0022001212,平成22年12月
329091,01000800,生産 数量 (千平方m),351611000,メモリ部品 磁気テープ 磁気録音・録画テープ (44),0018000000,平成18年
242826,01000800,生産 数量 (千平方m),351611000,メモリ部品 磁気テープ 磁気録音・録画テープ (44),0019000000,平成19年
233116,01000800,生産 数量 (千平方m),351611000,メモリ部品 磁気テープ 磁気録音・録画テープ (44),0020000000,平成20年
153832,01000800,生産 数量 (千平方m),351611000,メモリ部品 磁気テープ 磁気録音・録画テープ (44),0021000000,平成21年
156451,01000800,生産 数量 (千平方m),351611000,メモリ部品 磁気テープ 磁気録音・録画テープ (44),0022000000,平成22年
210045,01000800,生産 数量 (千平方m),351611000,メモリ部品 磁気テープ 磁気録音・録画テープ (44),0020010000,平成20年度
161047,01000800,生産 数量 (千平方m),351611000,メモリ部品 磁気テープ 磁気録音・録画テープ (44),0021010000,平成21年度
38054,01000800,生産 数量 (千平方m),351611000,メモリ部品 磁気テープ 磁気録音・録画テープ (44),0022000103,平成22年 1 ～ 3 月
40160,01000800,生産 数量 (千平方m),351611000,メモリ部品 磁気テープ 磁気録音・録画テープ (44),0022000406,平成22年 4 ～ 6 月
38227,01000800,生産 数量 (千平方m),351611000,メモリ部品 磁気テープ 磁気録音・録画テープ (44),0022000709,平成22年 7 ～ 9 月
40010,01000800,生産 数量 (千平方m),351611000,メモリ部品 磁気テープ 磁気録音・録画テープ (44),0022001012,平成22年 10 ～ 12 月
12977,01000800,生産 数量 (千平方m),351611000,メモリ部品 磁気テープ 磁気録音・録画テープ (44),0022000101,平成22年1月
11804,01000800,生産 数量 (千平方m),351611000,メモリ部品 磁気テープ 磁気録音・録画テープ (44),0022000202,平成22年2月
13273,01000800,生産 数量 (千平方m),351611000,メモリ部品 磁気テープ 磁気録音・録画テープ (44),0022000303,平成22年3月
14524,01000800,生産 数量 (千平方m),351611000,メモリ部品 磁気テープ 磁気録音・録画テープ (44),0022000404,平成22年4月
12889,01000800,生産 数量 (千平方m),351611000,メモリ部品 磁気テープ 磁気録音・録画テープ (44),0022000505,平成22年5月
12747,01000800,生産 数量 (千平方m),351611000,メモリ部品 磁気テープ 磁気録音・録画テープ (44),0022000606,平成22年6月
14328,01000800,生産 数量 (千平方m),351611000,メモリ部品 磁気テープ 磁気録音・録画テープ (44),0022000707,平成22年7月
11054,01000800,生産 数量 (千平方m),351611000,メモリ部品 磁気テープ 磁気録音・録画テープ (44),0022000808,平成22年8月
12845,01000800,生産 数量 (千平方m),351611000,メモリ部品 磁気テープ 磁気録音・録画テープ (44),0022000909,平成22年9月
13541,01000800,生産 数量 (千平方m),351611000,メモリ部品 磁気テープ 磁気録音・録画テープ (44),0022001010,平成22年10月
12458,01000800,生産 数量 (千平方m),351611000,メモリ部品 磁気テープ 磁気録音・録画テープ (44),0022001111,平成22年11月
14011,01000800,生産 数量 (千平方m),351611000,メモリ部品 磁気テープ 磁気録音・録画テープ (44),0022001212,平成22年12月
217797,01000800,生産 数量 (千平方m),351612000,メモリ部品 磁気テープ その他の磁気テープ (45),0018000000,平成18年
230913,01000800,生産 数量 (千平方m),351612000,メモリ部品 磁気テープ その他の磁気テープ (45),0019000000,平成19年
234209,01000800,生産 数量 (千平方m),351612000,メモリ部品 磁気テープ その他の磁気テープ (45),0020000000,平成20年
164632,01000800,生産 数量 (千平方m),351612000,メモリ部品 磁気テープ その他の磁気テープ (45),0021000000,平成21年
196660,01000800,生産 数量 (千平方m),351612000,メモリ部品 磁気テープ その他の磁気テープ (45),0022000000,平成22年
218960,01000800,生産 数量 (千平方m),351612000,メモリ部品 磁気テープ その他の磁気テープ (45),0020010000,平成20年度
171794,01000800,生産 数量 (千平方m),351612000,メモリ部品 磁気テープ その他の磁気テープ (45),0021010000,平成21年度
49383,01000800,生産 数量 (千平方m),351612000,メモリ部品 磁気テープ その他の磁気テープ (45),0022000103,平成22年 1 ～ 3 月
53586,01000800,生産 数量 (千平方m),351612000,メモリ部品 磁気テープ その他の磁気テープ (45),0022000406,平成22年 4 ～ 6 月
44825,01000800,生産 数量 (千平方m),351612000,メモリ部品 磁気テープ その他の磁気テープ (45),0022000709,平成22年 7 ～ 9 月
48866,01000800,生産 数量 (千平方m),351612000,メモリ部品 磁気テープ その他の磁気テープ (45),0022001012,平成22年 10 ～ 12 月
13557,01000800,生産 数量 (千平方m),351612000,メモリ部品 磁気テープ その他の磁気テープ (45),0022000101,平成22年1月
16627,01000800,生産 数量 (千平方m),351612000,メモリ部品 磁気テープ その他の磁気テープ (45),0022000202,平成22年2月
19199,01000800,生産 数量 (千平方m),351612000,メモリ部品 磁気テープ その他の磁気テープ (45),0022000303,平成22年3月
16707,01000800,生産 数量 (千平方m),351612000,メモリ部品 磁気テープ その他の磁気テープ (45),0022000404,平成22年4月
18397,01000800,生産 数量 (千平方m),351612000,メモリ部品 磁気テープ その他の磁気テープ (45),0022000505,平成22年5月
18482,01000800,生産 数量 (千平方m),351612000,メモリ部品 磁気テープ その他の磁気テープ (45),0022000606,平成22年6月
17436,01000800,生産 数量 (千平方m),351612000,メモリ部品 磁気テープ その他の磁気テープ (45),0022000707,平成22年7月
12276,01000800,生産 数量 (千平方m),351612000,メモリ部品 磁気テープ その他の磁気テープ (45),0022000808,平成22年8月
15113,01000800,生産 数量 (千平方m),351612000,メモリ部品 磁気テープ その他の磁気テープ (45),0022000909,平成22年9月
14807,01000800,生産 数量 (千平方m),351612000,メモリ部品 磁気テープ その他の磁気テープ (45),0022001010,平成22年10月
17767,01000800,生産 数量 (千平方m),351612000,メモリ部品 磁気テープ その他の磁気テープ (45),0022001111,平成22年11月
16292,01000800,生産 数量 (千平方m),351612000,メモリ部品 磁気テープ その他の磁気テープ (45),0022001212,平成22年12月
1549277,01000910,生産 数量 (千枚),351620000,メモリ部品 光ディスク (46),0018000000,平成18年
1396998,01000910,生産 数量 (千枚),351620000,メモリ部品 光ディスク (46),0019000000,平成19年
1323390,01000910,生産 数量 (千枚),351620000,メモリ部品 光ディスク (46),0020000000,平成20年
1033595,01000910,生産 数量 (千枚),351620000,メモリ部品 光ディスク (46),0021000000,平成21年
740461,01000910,生産 数量 (千枚),351620000,メモリ部品 光ディスク (46),0022000000,平成22年
1170774,01000910,生産 数量 (千枚),351620000,メモリ部品 光ディスク (46),0020010000,平成20年度
1010168,01000910,生産 数量 (千枚),351620000,メモリ部品 光ディスク (46),0021010000,平成21年度
167002,01000910,生産 数量 (千枚),351620000,メモリ部品 光ディスク (46),0022000103,平成22年 1 ～ 3 月
201972,01000910,生産 数量 (千枚),351620000,メモリ部品 光ディスク (46),0022000406,平成22年 4 ～ 6 月
178075,01000910,生産 数量 (千枚),351620000,メモリ部品 光ディスク (46),0022000709,平成22年 7 ～ 9 月
193412,01000910,生産 数量 (千枚),351620000,メモリ部品 光ディスク (46),0022001012,平成22年 10 ～ 12 月
47227,01000910,生産 数量 (千枚),351620000,メモリ部品 光ディスク (46),0022000101,平成22年1月
56540,01000910,生産 数量 (千枚),351620000,メモリ部品 光ディスク (46),0022000202,平成22年2月
63235,01000910,生産 数量 (千枚),351620000,メモリ部品 光ディスク (46),0022000303,平成22年3月
71035,01000910,生産 数量 (千枚),351620000,メモリ部品 光ディスク (46),0022000404,平成22年4月
65506,01000910,生産 数量 (千枚),351620000,メモリ部品 光ディスク (46),0022000505,平成22年5月
65431,01000910,生産 数量 (千枚),351620000,メモリ部品 光ディスク (46),0022000606,平成22年6月
63224,01000910,生産 数量 (千枚),351620000,メモリ部品 光ディスク (46),0022000707,平成22年7月
53837,01000910,生産 数量 (千枚),351620000,メモリ部品 光ディスク (46),0022000808,平成22年8月
61014,01000910,生産 数量 (千枚),351620000,メモリ部品 光ディスク (46),0022000909,平成22年9月
61354,01000910,生産 数量 (千枚),351620000,メモリ部品 光ディスク (46),0022001010,平成22年10月
62298,01000910,生産 数量 (千枚),351620000,メモリ部品 光ディスク (46),0022001111,平成22年11月
69760,01000910,生産 数量 (千枚),351620000,メモリ部品 光ディスク (46),0022001212,平成22年12月
3040875,01030100,生産 金額 (百万円),351000000,電子部品 (1～47),0018000000,平成18年
3158307,01030100,生産 金額 (百万円),351000000,電子部品 (1～47),0019000000,平成19年
2793509,01030100,生産 金額 (百万円),351000000,電子部品 (1～47),0020000000,平成20年
1993769,01030100,生産 金額 (百万円),351000000,電子部品 (1～47),0021000000,平成21年
2388552,01030100,生産 金額 (百万円),351000000,電子部品 (1～47),0022000000,平成22年
2421089,01030100,生産 金額 (百万円),351000000,電子部品 (1～47),0020010000,平成20年度
2179145,01030100,生産 金額 (百万円),351000000,電子部品 (1～47),0021010000,平成21年度
562524,01030100,生産 金額 (百万円),351000000,電子部品 (1～47),0022000103,平成22年 1 ～ 3 月
609905,01030100,生産 金額 (百万円),351000000,電子部品 (1～47),0022000406,平成22年 4 ～ 6 月
626083,01030100,生産 金額 (百万円),351000000,電子部品 (1～47),0022000709,平成22年 7 ～ 9 月
590040,01030100,生産 金額 (百万円),351000000,電子部品 (1～47),0022001012,平成22年 10 ～ 12 月
175308,01030100,生産 金額 (百万円),351000000,電子部品 (1～47),0022000101,平成22年1月
182302,01030100,生産 金額 (百万円),351000000,電子部品 (1～47),0022000202,平成22年2月
204914,01030100,生産 金額 (百万円),351000000,電子部品 (1～47),0022000303,平成22年3月
205007,01030100,生産 金額 (百万円),351000000,電子部品 (1～47),0022000404,平成22年4月
195171,01030100,生産 金額 (百万円),351000000,電子部品 (1～47),0022000505,平成22年5月
209727,01030100,生産 金額 (百万円),351000000,電子部品 (1～47),0022000606,平成22年6月
212717,01030100,生産 金額 (百万円),351000000,電子部品 (1～47),0022000707,平成22年7月
203730,01030100,生産 金額 (百万円),351000000,電子部品 (1～47),0022000808,平成22年8月
209636,01030100,生産 金額 (百万円),351000000,電子部品 (1～47),0022000909,平成22年9月
198111,01030100,生産 金額 (百万円),351000000,電子部品 (1～47),0022001010,平成22年10月
197684,01030100,生産 金額 (百万円),351000000,電子部品 (1～47),0022001111,平成22年11月
194245,01030100,生産 金額 (百万円),351000000,電子部品 (1～47),0022001212,平成22年12月
1039288,01030100,生産 金額 (百万円),351100000,受動部品 (1～21),0018000000,平成18年
1130477,01030100,生産 金額 (百万円),351100000,受動部品 (1～21),0019000000,平成19年
964094,01030100,生産 金額 (百万円),351100000,受動部品 (1～21),0020000000,平成20年
704794,01030100,生産 金額 (百万円),351100000,受動部品 (1～21),0021000000,平成21年
892647,01030100,生産 金額 (百万円),351100000,受動部品 (1～21),0022000000,平成22年
829593,01030100,生産 金額 (百万円),351100000,受動部品 (1～21),0020010000,平成20年度
787246,01030100,生産 金額 (百万円),351100000,受動部品 (1～21),0021010000,平成21年度
205382,01030100,生産 金額 (百万円),351100000,受動部品 (1～21),0022000103,平成22年 1 ～ 3 月
228781,01030100,生産 金額 (百万円),351100000,受動部品 (1～21),0022000406,平成22年 4 ～ 6 月
238880,01030100,生産 金額 (百万円),351100000,受動部品 (1～21),0022000709,平成22年 7 ～ 9 月
219604,01030100,生産 金額 (百万円),351100000,受動部品 (1～21),0022001012,平成22年 10 ～ 12 月
63183,01030100,生産 金額 (百万円),351100000,受動部品 (1～21),0022000101,平成22年1月
66498,01030100,生産 金額 (百万円),351100000,受動部品 (1～21),0022000202,平成22年2月
75701,01030100,生産 金額 (百万円),351100000,受動部品 (1～21),0022000303,平成22年3月
76370,01030100,生産 金額 (百万円),351100000,受動部品 (1～21),0022000404,平成22年4月
72649,01030100,生産 金額 (百万円),351100000,受動部品 (1～21),0022000505,平成22年5月
79762,01030100,生産 金額 (百万円),351100000,受動部品 (1～21),0022000606,平成22年6月
80915,01030100,生産 金額 (百万円),351100000,受動部品 (1～21),0022000707,平成22年7月
78025,01030100,生産 金額 (百万円),351100000,受動部品 (1～21),0022000808,平成22年8月
79940,01030100,生産 金額 (百万円),351100000,受動部品 (1～21),0022000909,平成22年9月
75791,01030100,生産 金額 (百万円),351100000,受動部品 (1～21),0022001010,平成22年10月
72033,01030100,生産 金額 (百万円),351100000,受動部品 (1～21),0022001111,平成22年11月
71780,01030100,生産 金額 (百万円),351100000,受動部品 (1～21),0022001212,平成22年12月
136315,01030100,生産 金額 (百万円),351110000,受動部品 抵抗器 (1～8),0018000000,平成18年
135641,01030100,生産 金額 (百万円),351110000,受動部品 抵抗器 (1～8),0019000000,平成19年
118216,01030100,生産 金額 (百万円),351110000,受動部品 抵抗器 (1～8),0020000000,平成20年
76950,01030100,生産 金額 (百万円),351110000,受動部品 抵抗器 (1～8),0021000000,平成21年
99417,01030100,生産 金額 (百万円),351110000,受動部品 抵抗器 (1～8),0022000000,平成22年
101271,01030100,生産 金額 (百万円),351110000,受動部品 抵抗器 (1～8),0020010000,平成20年度
84760,01030100,生産 金額 (百万円),351110000,受動部品 抵抗器 (1～8),0021010000,平成21年度
22840,01030100,生産 金額 (百万円),351110000,受動部品 抵抗器 (1～8),0022000103,平成22年 1 ～ 3 月
25010,01030100,生産 金額 (百万円),351110000,受動部品 抵抗器 (1～8),0022000406,平成22年 4 ～ 6 月
26268,01030100,生産 金額 (百万円),351110000,受動部品 抵抗器 (1～8),0022000709,平成22年 7 ～ 9 月
25299,01030100,生産 金額 (百万円),351110000,受動部品 抵抗器 (1～8),0022001012,平成22年 10 ～ 12 月
7194,01030100,生産 金額 (百万円),351110000,受動部品 抵抗器 (1～8),0022000101,平成22年1月
7370,01030100,生産 金額 (百万円),351110000,受動部品 抵抗器 (1～8),0022000202,平成22年2月
8276,01030100,生産 金額 (百万円),351110000,受動部品 抵抗器 (1～8),0022000303,平成22年3月
8227,01030100,生産 金額 (百万円),351110000,受動部品 抵抗器 (1～8),0022000404,平成22年4月
7824,01030100,生産 金額 (百万円),351110000,受動部品 抵抗器 (1～8),0022000505,平成22年5月
8959,01030100,生産 金額 (百万円),351110000,受動部品 抵抗器 (1～8),0022000606,平成22年6月
9034,01030100,生産 金額 (百万円),351110000,受動部品 抵抗器 (1～8),0022000707,平成22年7月
8278,01030100,生産 金額 (百万円),351110000,受動部品 抵抗器 (1～8),0022000808,平成22年8月
8956,01030100,生産 金額 (百万円),351110000,受動部品 抵抗器 (1～8),0022000909,平成22年9月
8309,01030100,生産 金額 (百万円),351110000,受動部品 抵抗器 (1～8),0022001010,平成22年10月
8460,01030100,生産 金額 (百万円),351110000,受動部品 抵抗器 (1～8),0022001111,平成22年11月
8530,01030100,生産 金額 (百万円),351110000,受動部品 抵抗器 (1～8),0022001212,平成22年12月
46645,01030100,生産 金額 (百万円),351111000,受動部品 抵抗器 可変抵抗器 (1～3),0018000000,平成18年
46894,01030100,生産 金額 (百万円),351111000,受動部品 抵抗器 可変抵抗器 (1～3),0019000000,平成19年
39843,01030100,生産 金額 (百万円),351111000,受動部品 抵抗器 可変抵抗器 (1～3),0020000000,平成20年
21522,01030100,生産 金額 (百万円),351111000,受動部品 抵抗器 可変抵抗器 (1～3),0021000000,平成21年
26904,01030100,生産 金額 (百万円),351111000,受動部品 抵抗器 可変抵抗器 (1～3),0022000000,平成22年
33740,01030100,生産 金額 (百万円),351111000,受動部品 抵抗器 可変抵抗器 (1～3),0020010000,平成20年度
23180,01030100,生産 金額 (百万円),351111000,受動部品 抵抗器 可変抵抗器 (1～3),0021010000,平成21年度
6207,01030100,生産 金額 (百万円),351111000,受動部品 抵抗器 可変抵抗器 (1～3),0022000103,平成22年 1 ～ 3 月
6832,01030100,生産 金額 (百万円),351111000,受動部品 抵抗器 可変抵抗器 (1～3),0022000406,平成22年 4 ～ 6 月
7194,01030100,生産 金額 (百万円),351111000,受動部品 抵抗器 可変抵抗器 (1～3),0022000709,平成22年 7 ～ 9 月
6671,01030100,生産 金額 (百万円),351111000,受動部品 抵抗器 可変抵抗器 (1～3),0022001012,平成22年 10 ～ 12 月
1948,01030100,生産 金額 (百万円),351111000,受動部品 抵抗器 可変抵抗器 (1～3),0022000101,平成22年1月
1977,01030100,生産 金額 (百万円),351111000,受動部品 抵抗器 可変抵抗器 (1～3),0022000202,平成22年2月
2282,01030100,生産 金額 (百万円),351111000,受動部品 抵抗器 可変抵抗器 (1～3),0022000303,平成22年3月
2169,01030100,生産 金額 (百万円),351111000,受動部品 抵抗器 可変抵抗器 (1～3),0022000404,平成22年4月
2153,01030100,生産 金額 (百万円),351111000,受動部品 抵抗器 可変抵抗器 (1～3),0022000505,平成22年5月
2510,01030100,生産 金額 (百万円),351111000,受動部品 抵抗器 可変抵抗器 (1～3),0022000606,平成22年6月
2519,01030100,生産 金額 (百万円),351111000,受動部品 抵抗器 可変抵抗器 (1～3),0022000707,平成22年7月
2262,01030100,生産 金額 (百万円),351111000,受動部品 抵抗器 可変抵抗器 (1～3),0022000808,平成22年8月
2413,01030100,生産 金額 (百万円),351111000,受動部品 抵抗器 可変抵抗器 (1～3),0022000909,平成22年9月
2125,01030100,生産 金額 (百万円),351111000,受動部品 抵抗器 可変抵抗器 (1～3),0022001010,平成22年10月
2263,01030100,生産 金額 (百万円),351111000,受動部品 抵抗器 可変抵抗器 (1～3),0022001111,平成22年11月
2283,01030100,生産 金額 (百万円),351111000,受動部品 抵抗器 可変抵抗器 (1～3),0022001212,平成22年12月
12080,01030100,生産 金額 (百万円),351111100,受動部品 抵抗器 可変抵抗器 半固定抵抗器 (1),0018000000,平成18年
11564,01030100,生産 金額 (百万円),351111100,受動部品 抵抗器 可変抵抗器 半固定抵抗器 (1),0019000000,平成19年
10667,01030100,生産 金額 (百万円),351111100,受動部品 抵抗器 可変抵抗器 半固定抵抗器 (1),0020000000,平成20年
5934,01030100,生産 金額 (百万円),351111100,受動部品 抵抗器 可変抵抗器 半固定抵抗器 (1),0021000000,平成21年
9022,01030100,生産 金額 (百万円),351111100,受動部品 抵抗器 可変抵抗器 半固定抵抗器 (1),0022000000,平成22年
8816,01030100,生産 金額 (百万円),351111100,受動部品 抵抗器 可変抵抗器 半固定抵抗器 (1),0020010000,平成20年度
7111,01030100,生産 金額 (百万円),351111100,受動部品 抵抗器 可変抵抗器 半固定抵抗器 (1),0021010000,平成21年度
2198,01030100,生産 金額 (百万円),351111100,受動部品 抵抗器 可変抵抗器 半固定抵抗器 (1),0022000103,平成22年 1 ～ 3 月
2527,01030100,生産 金額 (百万円),351111100,受動部品 抵抗器 可変抵抗器 半固定抵抗器 (1),0022000406,平成22年 4 ～ 6 月
2435,01030100,生産 金額 (百万円),351111100,受動部品 抵抗器 可変抵抗器 半固定抵抗器 (1),0022000709,平成22年 7 ～ 9 月
1862,01030100,生産 金額 (百万円),351111100,受動部品 抵抗器 可変抵抗器 半固定抵抗器 (1),0022001012,平成22年 10 ～ 12 月
603,01030100,生産 金額 (百万円),351111100,受動部品 抵抗器 可変抵抗器 半固定抵抗器 (1),0022000101,平成22年1月
682,01030100,生産 金額 (百万円),351111100,受動部品 抵抗器 可変抵抗器 半固定抵抗器 (1),0022000202,平成22年2月
913,01030100,生産 金額 (百万円),351111100,受動部品 抵抗器 可変抵抗器 半固定抵抗器 (1),0022000303,平成22年3月
840,01030100,生産 金額 (百万円),351111100,受動部品 抵抗器 可変抵抗器 半固定抵抗器 (1),0022000404,平成22年4月
887,01030100,生産 金額 (百万円),351111100,受動部品 抵抗器 可変抵抗器 半固定抵抗器 (1),0022000505,平成22年5月
800,01030100,生産 金額 (百万円),351111100,受動部品 抵抗器 可変抵抗器 半固定抵抗器 (1),0022000606,平成22年6月
819,01030100,生産 金額 (百万円),351111100,受動部品 抵抗器 可変抵抗器 半固定抵抗器 (1),0022000707,平成22年7月
812,01030100,生産 金額 (百万円),351111100,受動部品 抵抗器 可変抵抗器 半固定抵抗器 (1),0022000808,平成22年8月
804,01030100,生産 金額 (百万円),351111100,受動部品 抵抗器 可変抵抗器 半固定抵抗器 (1),0022000909,平成22年9月
598,01030100,生産 金額 (百万円),351111100,受動部品 抵抗器 可変抵抗器 半固定抵抗器 (1),0022001010,平成22年10月
635,01030100,生産 金額 (百万円),351111100,受動部品 抵抗器 可変抵抗器 半固定抵抗器 (1),0022001111,平成22年11月
629,01030100,生産 金額 (百万円),351111100,受動部品 抵抗器 可変抵抗器 半固定抵抗器 (1),0022001212,平成22年12月
23934,01030100,生産 金額 (百万円),351111200,受動部品 抵抗器 可変抵抗器 炭素系可変抵抗器(半固定を除く) (2),0018000000,平成18年
22658,01030100,生産 金額 (百万円),351111200,受動部品 抵抗器 可変抵抗器 炭素系可変抵抗器(半固定を除く) (2),0019000000,平成19年
18766,01030100,生産 金額 (百万円),351111200,受動部品 抵抗器 可変抵抗器 炭素系可変抵抗器(半固定を除く) (2),0020000000,平成20年
10179,01030100,生産 金額 (百万円),351111200,受動部品 抵抗器 可変抵抗器 炭素系可変抵抗器(半固定を除く) (2),0021000000,平成21年
10106,01030100,生産 金額 (百万円),351111200,受動部品 抵抗器 可変抵抗器 炭素系可変抵抗器(半固定を除く) (2),0022000000,平成22年
15829,01030100,生産 金額 (百万円),351111200,受動部品 抵抗器 可変抵抗器 炭素系可変抵抗器(半固定を除く) (2),0020010000,平成20年度
10614,01030100,生産 金額 (百万円),351111200,受動部品 抵抗器 可変抵抗器 炭素系可変抵抗器(半固定を除く) (2),0021010000,平成21年度
2508,01030100,生産 金額 (百万円),351111200,受動部品 抵抗器 可変抵抗器 炭素系可変抵抗器(半固定を除く) (2),0022000103,平成22年 1 ～ 3 月
2478,01030100,生産 金額 (百万円),351111200,受動部品 抵抗器 可変抵抗器 炭素系可変抵抗器(半固定を除く) (2),0022000406,平成22年 4 ～ 6 月
2583,01030100,生産 金額 (百万円),351111200,受動部品 抵抗器 可変抵抗器 炭素系可変抵抗器(半固定を除く) (2),0022000709,平成22年 7 ～ 9 月
2537,01030100,生産 金額 (百万円),351111200,受動部品 抵抗器 可変抵抗器 炭素系可変抵抗器(半固定を除く) (2),0022001012,平成22年 10 ～ 12 月
881,01030100,生産 金額 (百万円),351111200,受動部品 抵抗器 可変抵抗器 炭素系可変抵抗器(半固定を除く) (2),0022000101,平成22年1月
813,01030100,生産 金額 (百万円),351111200,受動部品 抵抗器 可変抵抗器 炭素系可変抵抗器(半固定を除く) (2),0022000202,平成22年2月
814,01030100,生産 金額 (百万円),351111200,受動部品 抵抗器 可変抵抗器 炭素系可変抵抗器(半固定を除く) (2),0022000303,平成22年3月
806,01030100,生産 金額 (百万円),351111200,受動部品 抵抗器 可変抵抗器 炭素系可変抵抗器(半固定を除く) (2),0022000404,平成22年4月
727,01030100,生産 金額 (百万円),351111200,受動部品 抵抗器 可変抵抗器 炭素系可変抵抗器(半固定を除く) (2),0022000505,平成22年5月
945,01030100,生産 金額 (百万円),351111200,受動部品 抵抗器 可変抵抗器 炭素系可変抵抗器(半固定を除く) (2),0022000606,平成22年6月
928,01030100,生産 金額 (百万円),351111200,受動部品 抵抗器 可変抵抗器 炭素系可変抵抗器(半固定を除く) (2),0022000707,平成22年7月
773,01030100,生産 金額 (百万円),351111200,受動部品 抵抗器 可変抵抗器 炭素系可変抵抗器(半固定を除く) (2),0022000808,平成22年8月
882,01030100,生産 金額 (百万円),351111200,受動部品 抵抗器 可変抵抗器 炭素系可変抵抗器(半固定を除く) (2),0022000909,平成22年9月
807,01030100,生産 金額 (百万円),351111200,受動部品 抵抗器 可変抵抗器 炭素系可変抵抗器(半固定を除く) (2),0022001010,平成22年10月
866,01030100,生産 金額 (百万円),351111200,受動部品 抵抗器 可変抵抗器 炭素系可変抵抗器(半固定を除く) (2),0022001111,平成22年11月
864,01030100,生産 金額 (百万円),351111200,受動部品 抵抗器 可変抵抗器 炭素系可変抵抗器(半固定を除く) (2),0022001212,平成22年12月
10631,01030100,生産 金額 (百万円),351111300,受動部品 抵抗器 可変抵抗器 その他の可変抵抗器 (3),0018000000,平成18年
12672,01030100,生産 金額 (百万円),351111300,受動部品 抵抗器 可変抵抗器 その他の可変抵抗器 (3),0019000000,平成19年
10410,01030100,生産 金額 (百万円),351111300,受動部品 抵抗器 可変抵抗器 その他の可変抵抗器 (3),0020000000,平成20年
5409,01030100,生産 金額 (百万円),351111300,受動部品 抵抗器 可変抵抗器 その他の可変抵抗器 (3),0021000000,平成21年
7776,01030100,生産 金額 (百万円),351111300,受動部品 抵抗器 可変抵抗器 その他の可変抵抗器 (3),0022000000,平成22年
9095,01030100,生産 金額 (百万円),351111300,受動部品 抵抗器 可変抵抗器 その他の可変抵抗器 (3),0020010000,平成20年度
5455,01030100,生産 金額 (百万円),351111300,受動部品 抵抗器 可変抵抗器 その他の可変抵抗器 (3),0021010000,平成21年度
1501,01030100,生産 金額 (百万円),351111300,受動部品 抵抗器 可変抵抗器 その他の可変抵抗器 (3),0022000103,平成22年 1 ～ 3 月
1827,01030100,生産 金額 (百万円),351111300,受動部品 抵抗器 可変抵抗器 その他の可変抵抗器 (3),0022000406,平成22年 4 ～ 6 月
2176,01030100,生産 金額 (百万円),351111300,受動部品 抵抗器 可変抵抗器 その他の可変抵抗器 (3),0022000709,平成22年 7 ～ 9 月
2272,01030100,生産 金額 (百万円),351111300,受動部品 抵抗器 可変抵抗器 その他の可変抵抗器 (3),0022001012,平成22年 10 ～ 12 月
464,01030100,生産 金額 (百万円),351111300,受動部品 抵抗器 可変抵抗器 その他の可変抵抗器 (3),0022000101,平成22年1月
482,01030100,生産 金額 (百万円),351111300,受動部品 抵抗器 可変抵抗器 その他の可変抵抗器 (3),0022000202,平成22年2月
555,01030100,生産 金額 (百万円),351111300,受動部品 抵抗器 可変抵抗器 その他の可変抵抗器 (3),0022000303,平成22年3月
523,01030100,生産 金額 (百万円),351111300,受動部品 抵抗器 可変抵抗器 その他の可変抵抗器 (3),0022000404,平成22年4月
539,01030100,生産 金額 (百万円),351111300,受動部品 抵抗器 可変抵抗器 その他の可変抵抗器 (3),0022000505,平成22年5月
765,01030100,生産 金額 (百万円),351111300,受動部品 抵抗器 可変抵抗器 その他の可変抵抗器 (3),0022000606,平成22年6月
772,01030100,生産 金額 (百万円),351111300,受動部品 抵抗器 可変抵抗器 その他の可変抵抗器 (3),0022000707,平成22年7月
677,01030100,生産 金額 (百万円),351111300,受動部品 抵抗器 可変抵抗器 その他の可変抵抗器 (3),0022000808,平成22年8月
727,01030100,生産 金額 (百万円),351111300,受動部品 抵抗器 可変抵抗器 その他の可変抵抗器 (3),0022000909,平成22年9月
720,01030100,生産 金額 (百万円),351111300,受動部品 抵抗器 可変抵抗器 その他の可変抵抗器 (3),0022001010,平成22年10月
762,01030100,生産 金額 (百万円),351111300,受動部品 抵抗器 可変抵抗器 その他の可変抵抗器 (3),0022001111,平成22年11月
790,01030100,生産 金額 (百万円),351111300,受動部品 抵抗器 可変抵抗器 その他の可変抵抗器 (3),0022001212,平成22年12月
89670,01030100,生産 金額 (百万円),351112000,受動部品 抵抗器 固定抵抗器 (4～8),0018000000,平成18年
88747,01030100,生産 金額 (百万円),351112000,受動部品 抵抗器 固定抵抗器 (4～8),0019000000,平成19年
78373,01030100,生産 金額 (百万円),351112000,受動部品 抵抗器 固定抵抗器 (4～8),0020000000,平成20年
55428,01030100,生産 金額 (百万円),351112000,受動部品 抵抗器 固定抵抗器 (4～8),0021000000,平成21年
72513,01030100,生産 金額 (百万円),351112000,受動部品 抵抗器 固定抵抗器 (4～8),0022000000,平成22年
67531,01030100,生産 金額 (百万円),351112000,受動部品 抵抗器 固定抵抗器 (4～8),0020010000,平成20年度
61580,01030100,生産 金額 (百万円),351112000,受動部品 抵抗器 固定抵抗器 (4～8),0021010000,平成21年度
16633,01030100,生産 金額 (百万円),351112000,受動部品 抵抗器 固定抵抗器 (4～8),0022000103,平成22年 1 ～ 3 月
18178,01030100,生産 金額 (百万円),351112000,受動部品 抵抗器 固定抵抗器 (4～8),0022000406,平成22年 4 ～ 6 月
19074,01030100,生産 金額 (百万円),351112000,受動部品 抵抗器 固定抵抗器 (4～8),0022000709,平成22年 7 ～ 9 月
18628,01030100,生産 金額 (百万円),351112000,受動部品 抵抗器 固定抵抗器 (4～8),0022001012,平成22年 10 ～ 12 月
5246,01030100,生産 金額 (百万円),351112000,受動部品 抵抗器 固定抵抗器 (4～8),0022000101,平成22年1月
5393,01030100,生産 金額 (百万円),351112000,受動部品 抵抗器 固定抵抗器 (4～8),0022000202,平成22年2月
5994,01030100,生産 金額 (百万円),351112000,受動部品 抵抗器 固定抵抗器 (4～8),0022000303,平成22年3月
6058,01030100,生産 金額 (百万円),351112000,受動部品 抵抗器 固定抵抗器 (4～8),0022000404,平成22年4月
5671,01030100,生産 金額 (百万円),351112000,受動部品 抵抗器 固定抵抗器 (4～8),0022000505,平成22年5月
6449,01030100,生産 金額 (百万円),351112000,受動部品 抵抗器 固定抵抗器 (4～8),0022000606,平成22年6月
6515,01030100,生産 金額 (百万円),351112000,受動部品 抵抗器 固定抵抗器 (4～8),0022000707,平成22年7月
6016,01030100,生産 金額 (百万円),351112000,受動部品 抵抗器 固定抵抗器 (4～8),0022000808,平成22年8月
6543,01030100,生産 金額 (百万円),351112000,受動部品 抵抗器 固定抵抗器 (4～8),0022000909,平成22年9月
6184,01030100,生産 金額 (百万円),351112000,受動部品 抵抗器 固定抵抗器 (4～8),0022001010,平成22年10月
6197,01030100,生産 金額 (百万円),351112000,受動部品 抵抗器 固定抵抗器 (4～8),0022001111,平成22年11月
6247,01030100,生産 金額 (百万円),351112000,受動部品 抵抗器 固定抵抗器 (4～8),0022001212,平成22年12月
5928,01030100,生産 金額 (百万円),351112010,受動部品 抵抗器 固定抵抗器 金属皮膜固定抵抗器（酸化金属を含む） (4),0018000000,平成18年
5561,01030100,生産 金額 (百万円),351112010,受動部品 抵抗器 固定抵抗器 金属皮膜固定抵抗器（酸化金属を含む） (4),0019000000,平成19年
4837,01030100,生産 金額 (百万円),351112010,受動部品 抵抗器 固定抵抗器 金属皮膜固定抵抗器（酸化金属を含む） (4),0020000000,平成20年
3636,01030100,生産 金額 (百万円),351112010,受動部品 抵抗器 固定抵抗器 金属皮膜固定抵抗器（酸化金属を含む） (4),0021000000,平成21年
4521,01030100,生産 金額 (百万円),351112010,受動部品 抵抗器 固定抵抗器 金属皮膜固定抵抗器（酸化金属を含む） (4),0022000000,平成22年
4251,01030100,生産 金額 (百万円),351112010,受動部品 抵抗器 固定抵抗器 金属皮膜固定抵抗器（酸化金属を含む） (4),0020010000,平成20年度
3965,01030100,生産 金額 (百万円),351112010,受動部品 抵抗器 固定抵抗器 金属皮膜固定抵抗器（酸化金属を含む） (4),0021010000,平成21年度
1073,01030100,生産 金額 (百万円),351112010,受動部品 抵抗器 固定抵抗器 金属皮膜固定抵抗器（酸化金属を含む） (4),0022000103,平成22年 1 ～ 3 月
1176,01030100,生産 金額 (百万円),351112010,受動部品 抵抗器 固定抵抗器 金属皮膜固定抵抗器（酸化金属を含む） (4),0022000406,平成22年 4 ～ 6 月
1124,01030100,生産 金額 (百万円),351112010,受動部品 抵抗器 固定抵抗器 金属皮膜固定抵抗器（酸化金属を含む） (4),0022000709,平成22年 7 ～ 9 月
1148,01030100,生産 金額 (百万円),351112010,受動部品 抵抗器 固定抵抗器 金属皮膜固定抵抗器（酸化金属を含む） (4),0022001012,平成22年 10 ～ 12 月
333,01030100,生産 金額 (百万円),351112010,受動部品 抵抗器 固定抵抗器 金属皮膜固定抵抗器（酸化金属を含む） (4),0022000101,平成22年1月
348,01030100,生産 金額 (百万円),351112010,受動部品 抵抗器 固定抵抗器 金属皮膜固定抵抗器（酸化金属を含む） (4),0022000202,平成22年2月
392,01030100,生産 金額 (百万円),351112010,受動部品 抵抗器 固定抵抗器 金属皮膜固定抵抗器（酸化金属を含む） (4),0022000303,平成22年3月
394,01030100,生産 金額 (百万円),351112010,受動部品 抵抗器 固定抵抗器 金属皮膜固定抵抗器（酸化金属を含む） (4),0022000404,平成22年4月
385,01030100,生産 金額 (百万円),351112010,受動部品 抵抗器 固定抵抗器 金属皮膜固定抵抗器（酸化金属を含む） (4),0022000505,平成22年5月
397,01030100,生産 金額 (百万円),351112010,受動部品 抵抗器 固定抵抗器 金属皮膜固定抵抗器（酸化金属を含む） (4),0022000606,平成22年6月
385,01030100,生産 金額 (百万円),351112010,受動部品 抵抗器 固定抵抗器 金属皮膜固定抵抗器（酸化金属を含む） (4),0022000707,平成22年7月
383,01030100,生産 金額 (百万円),351112010,受動部品 抵抗器 固定抵抗器 金属皮膜固定抵抗器（酸化金属を含む） (4),0022000808,平成22年8月
356,01030100,生産 金額 (百万円),351112010,受動部品 抵抗器 固定抵抗器 金属皮膜固定抵抗器（酸化金属を含む） (4),0022000909,平成22年9月
366,01030100,生産 金額 (百万円),351112010,受動部品 抵抗器 固定抵抗器 金属皮膜固定抵抗器（酸化金属を含む） (4),0022001010,平成22年10月
390,01030100,生産 金額 (百万円),351112010,受動部品 抵抗器 固定抵抗器 金属皮膜固定抵抗器（酸化金属を含む） (4),0022001111,平成22年11月
392,01030100,生産 金額 (百万円),351112010,受動部品 抵抗器 固定抵抗器 金属皮膜固定抵抗器（酸化金属を含む） (4),0022001212,平成22年12月
7809,01030100,生産 金額 (百万円),351112020,受動部品 抵抗器 固定抵抗器 巻線固定抵抗器 (5),0018000000,平成18年
7605,01030100,生産 金額 (百万円),351112020,受動部品 抵抗器 固定抵抗器 巻線固定抵抗器 (5),0019000000,平成19年
7148,01030100,生産 金額 (百万円),351112020,受動部品 抵抗器 固定抵抗器 巻線固定抵抗器 (5),0020000000,平成20年
4003,01030100,生産 金額 (百万円),351112020,受動部品 抵抗器 固定抵抗器 巻線固定抵抗器 (5),0021000000,平成21年
5939,01030100,生産 金額 (百万円),351112020,受動部品 抵抗器 固定抵抗器 巻線固定抵抗器 (5),0022000000,平成22年
5977,01030100,生産 金額 (百万円),351112020,受動部品 抵抗器 固定抵抗器 巻線固定抵抗器 (5),0020010000,平成20年度
4615,01030100,生産 金額 (百万円),351112020,受動部品 抵抗器 固定抵抗器 巻線固定抵抗器 (5),0021010000,平成21年度
1410,01030100,生産 金額 (百万円),351112020,受動部品 抵抗器 固定抵抗器 巻線固定抵抗器 (5),0022000103,平成22年 1 ～ 3 月
1480,01030100,生産 金額 (百万円),351112020,受動部品 抵抗器 固定抵抗器 巻線固定抵抗器 (5),0022000406,平成22年 4 ～ 6 月
1527,01030100,生産 金額 (百万円),351112020,受動部品 抵抗器 固定抵抗器 巻線固定抵抗器 (5),0022000709,平成22年 7 ～ 9 月
1522,01030100,生産 金額 (百万円),351112020,受動部品 抵抗器 固定抵抗器 巻線固定抵抗器 (5),0022001012,平成22年 10 ～ 12 月
423,01030100,生産 金額 (百万円),351112020,受動部品 抵抗器 固定抵抗器 巻線固定抵抗器 (5),0022000101,平成22年1月
468,01030100,生産 金額 (百万円),351112020,受動部品 抵抗器 固定抵抗器 巻線固定抵抗器 (5),0022000202,平成22年2月
519,01030100,生産 金額 (百万円),351112020,受動部品 抵抗器 固定抵抗器 巻線固定抵抗器 (5),0022000303,平成22年3月
484,01030100,生産 金額 (百万円),351112020,受動部品 抵抗器 固定抵抗器 巻線固定抵抗器 (5),0022000404,平成22年4月
457,01030100,生産 金額 (百万円),351112020,受動部品 抵抗器 固定抵抗器 巻線固定抵抗器 (5),0022000505,平成22年5月
539,01030100,生産 金額 (百万円),351112020,受動部品 抵抗器 固定抵抗器 巻線固定抵抗器 (5),0022000606,平成22年6月
539,01030100,生産 金額 (百万円),351112020,受動部品 抵抗器 固定抵抗器 巻線固定抵抗器 (5),0022000707,平成22年7月
450,01030100,生産 金額 (百万円),351112020,受動部品 抵抗器 固定抵抗器 巻線固定抵抗器 (5),0022000808,平成22年8月
538,01030100,生産 金額 (百万円),351112020,受動部品 抵抗器 固定抵抗器 巻線固定抵抗器 (5),0022000909,平成22年9月
503,01030100,生産 金額 (百万円),351112020,受動部品 抵抗器 固定抵抗器 巻線固定抵抗器 (5),0022001010,平成22年10月
524,01030100,生産 金額 (百万円),351112020,受動部品 抵抗器 固定抵抗器 巻線固定抵抗器 (5),0022001111,平成22年11月
495,01030100,生産 金額 (百万円),351112020,受動部品 抵抗器 固定抵抗器 巻線固定抵抗器 (5),0022001212,平成22年12月
10180,01030100,生産 金額 (百万円),351112100,受動部品 抵抗器 固定抵抗器 ネットワーク抵抗器 (6),0018000000,平成18年
10533,01030100,生産 金額 (百万円),351112100,受動部品 抵抗器 固定抵抗器 ネットワーク抵抗器 (6),0019000000,平成19年
9265,01030100,生産 金額 (百万円),351112100,受動部品 抵抗器 固定抵抗器 ネットワーク抵抗器 (6),0020000000,平成20年
7112,01030100,生産 金額 (百万円),351112100,受動部品 抵抗器 固定抵抗器 ネットワーク抵抗器 (6),0021000000,平成21年
9504,01030100,生産 金額 (百万円),351112100,受動部品 抵抗器 固定抵抗器 ネットワーク抵抗器 (6),0022000000,平成22年
8105,01030100,生産 金額 (百万円),351112100,受動部品 抵抗器 固定抵抗器 ネットワーク抵抗器 (6),0020010000,平成20年度
7965,01030100,生産 金額 (百万円),351112100,受動部品 抵抗器 固定抵抗器 ネットワーク抵抗器 (6),0021010000,平成21年度
2212,01030100,生産 金額 (百万円),351112100,受動部品 抵抗器 固定抵抗器 ネットワーク抵抗器 (6),0022000103,平成22年 1 ～ 3 月
2455,01030100,生産 金額 (百万円),351112100,受動部品 抵抗器 固定抵抗器 ネットワーク抵抗器 (6),0022000406,平成22年 4 ～ 6 月
2516,01030100,生産 金額 (百万円),351112100,受動部品 抵抗器 固定抵抗器 ネットワーク抵抗器 (6),0022000709,平成22年 7 ～ 9 月
2321,01030100,生産 金額 (百万円),351112100,受動部品 抵抗器 固定抵抗器 ネットワーク抵抗器 (6),0022001012,平成22年 10 ～ 12 月
713,01030100,生産 金額 (百万円),351112100,受動部品 抵抗器 固定抵抗器 ネットワーク抵抗器 (6),0022000101,平成22年1月
712,01030100,生産 金額 (百万円),351112100,受動部品 抵抗器 固定抵抗器 ネットワーク抵抗器 (6),0022000202,平成22年2月
787,01030100,生産 金額 (百万円),351112100,受動部品 抵抗器 固定抵抗器 ネットワーク抵抗器 (6),0022000303,平成22年3月
809,01030100,生産 金額 (百万円),351112100,受動部品 抵抗器 固定抵抗器 ネットワーク抵抗器 (6),0022000404,平成22年4月
786,01030100,生産 金額 (百万円),351112100,受動部品 抵抗器 固定抵抗器 ネットワーク抵抗器 (6),0022000505,平成22年5月
860,01030100,生産 金額 (百万円),351112100,受動部品 抵抗器 固定抵抗器 ネットワーク抵抗器 (6),0022000606,平成22年6月
843,01030100,生産 金額 (百万円),351112100,受動部品 抵抗器 固定抵抗器 ネットワーク抵抗器 (6),0022000707,平成22年7月
845,01030100,生産 金額 (百万円),351112100,受動部品 抵抗器 固定抵抗器 ネットワーク抵抗器 (6),0022000808,平成22年8月
828,01030100,生産 金額 (百万円),351112100,受動部品 抵抗器 固定抵抗器 ネットワーク抵抗器 (6),0022000909,平成22年9月
774,01030100,生産 金額 (百万円),351112100,受動部品 抵抗器 固定抵抗器 ネットワーク抵抗器 (6),0022001010,平成22年10月
788,01030100,生産 金額 (百万円),351112100,受動部品 抵抗器 固定抵抗器 ネットワーク抵抗器 (6),0022001111,平成22年11月
759,01030100,生産 金額 (百万円),351112100,受動部品 抵抗器 固定抵抗器 ネットワーク抵抗器 (6),0022001212,平成22年12月
50523,01030100,生産 金額 (百万円),351112200,受動部品 抵抗器 固定抵抗器 チップ抵抗器 (7),0018000000,平成18年
50694,01030100,生産 金額 (百万円),351112200,受動部品 抵抗器 固定抵抗器 チップ抵抗器 (7),0019000000,平成19年
44108,01030100,生産 金額 (百万円),351112200,受動部品 抵抗器 固定抵抗器 チップ抵抗器 (7),0020000000,平成20年
30871,01030100,生産 金額 (百万円),351112200,受動部品 抵抗器 固定抵抗器 チップ抵抗器 (7),0021000000,平成21年
38381,01030100,生産 金額 (百万円),351112200,受動部品 抵抗器 固定抵抗器 チップ抵抗器 (7),0022000000,平成22年
37427,01030100,生産 金額 (百万円),351112200,受動部品 抵抗器 固定抵抗器 チップ抵抗器 (7),0020010000,平成20年度
34057,01030100,生産 金額 (百万円),351112200,受動部品 抵抗器 固定抵抗器 チップ抵抗器 (7),0021010000,平成21年度
8806,01030100,生産 金額 (百万円),351112200,受動部品 抵抗器 固定抵抗器 チップ抵抗器 (7),0022000103,平成22年 1 ～ 3 月
9601,01030100,生産 金額 (百万円),351112200,受動部品 抵抗器 固定抵抗器 チップ抵抗器 (7),0022000406,平成22年 4 ～ 6 月
10105,01030100,生産 金額 (百万円),351112200,受動部品 抵抗器 固定抵抗器 チップ抵抗器 (7),0022000709,平成22年 7 ～ 9 月
9869,01030100,生産 金額 (百万円),351112200,受動部品 抵抗器 固定抵抗器 チップ抵抗器 (7),0022001012,平成22年 10 ～ 12 月
2819,01030100,生産 金額 (百万円),351112200,受動部品 抵抗器 固定抵抗器 チップ抵抗器 (7),0022000101,平成22年1月
2849,01030100,生産 金額 (百万円),351112200,受動部品 抵抗器 固定抵抗器 チップ抵抗器 (7),0022000202,平成22年2月
3138,01030100,生産 金額 (百万円),351112200,受動部品 抵抗器 固定抵抗器 チップ抵抗器 (7),0022000303,平成22年3月
3183,01030100,生産 金額 (百万円),351112200,受動部品 抵抗器 固定抵抗器 チップ抵抗器 (7),0022000404,平成22年4月
3009,01030100,生産 金額 (百万円),351112200,受動部品 抵抗器 固定抵抗器 チップ抵抗器 (7),0022000505,平成22年5月
3409,01030100,生産 金額 (百万円),351112200,受動部品 抵抗器 固定抵抗器 チップ抵抗器 (7),0022000606,平成22年6月
3506,01030100,生産 金額 (百万円),351112200,受動部品 抵抗器 固定抵抗器 チップ抵抗器 (7),0022000707,平成22年7月
3126,01030100,生産 金額 (百万円),351112200,受動部品 抵抗器 固定抵抗器 チップ抵抗器 (7),0022000808,平成22年8月
3473,01030100,生産 金額 (百万円),351112200,受動部品 抵抗器 固定抵抗器 チップ抵抗器 (7),0022000909,平成22年9月
3306,01030100,生産 金額 (百万円),351112200,受動部品 抵抗器 固定抵抗器 チップ抵抗器 (7),0022001010,平成22年10月
3282,01030100,生産 金額 (百万円),351112200,受動部品 抵抗器 固定抵抗器 チップ抵抗器 (7),0022001111,平成22年11月
3281,01030100,生産 金額 (百万円),351112200,受動部品 抵抗器 固定抵抗器 チップ抵抗器 (7),0022001212,平成22年12月
15230,01030100,生産 金額 (百万円),351112300,受動部品 抵抗器 固定抵抗器 その他の固定抵抗器 (8),0018000000,平成18年
14354,01030100,生産 金額 (百万円),351112300,受動部品 抵抗器 固定抵抗器 その他の固定抵抗器 (8),0019000000,平成19年
13015,01030100,生産 金額 (百万円),351112300,受動部品 抵抗器 固定抵抗器 その他の固定抵抗器 (8),0020000000,平成20年
9806,01030100,生産 金額 (百万円),351112300,受動部品 抵抗器 固定抵抗器 その他の固定抵抗器 (8),0021000000,平成21年
14168,01030100,生産 金額 (百万円),351112300,受動部品 抵抗器 固定抵抗器 その他の固定抵抗器 (8),0022000000,平成22年
11771,01030100,生産 金額 (百万円),351112300,受動部品 抵抗器 固定抵抗器 その他の固定抵抗器 (8),0020010000,平成20年度
10978,01030100,生産 金額 (百万円),351112300,受動部品 抵抗器 固定抵抗器 その他の固定抵抗器 (8),0021010000,平成21年度
3132,01030100,生産 金額 (百万円),351112300,受動部品 抵抗器 固定抵抗器 その他の固定抵抗器 (8),0022000103,平成22年 1 ～ 3 月
3466,01030100,生産 金額 (百万円),351112300,受動部品 抵抗器 固定抵抗器 その他の固定抵抗器 (8),0022000406,平成22年 4 ～ 6 月
3802,01030100,生産 金額 (百万円),351112300,受動部品 抵抗器 固定抵抗器 その他の固定抵抗器 (8),0022000709,平成22年 7 ～ 9 月
3768,01030100,生産 金額 (百万円),351112300,受動部品 抵抗器 固定抵抗器 その他の固定抵抗器 (8),0022001012,平成22年 10 ～ 12 月
958,01030100,生産 金額 (百万円),351112300,受動部品 抵抗器 固定抵抗器 その他の固定抵抗器 (8),0022000101,平成22年1月
1016,01030100,生産 金額 (百万円),351112300,受動部品 抵抗器 固定抵抗器 その他の固定抵抗器 (8),0022000202,平成22年2月
1158,01030100,生産 金額 (百万円),351112300,受動部品 抵抗器 固定抵抗器 その他の固定抵抗器 (8),0022000303,平成22年3月
1188,01030100,生産 金額 (百万円),351112300,受動部品 抵抗器 固定抵抗器 その他の固定抵抗器 (8),0022000404,平成22年4月
1034,01030100,生産 金額 (百万円),351112300,受動部品 抵抗器 固定抵抗器 その他の固定抵抗器 (8),0022000505,平成22年5月
1244,01030100,生産 金額 (百万円),351112300,受動部品 抵抗器 固定抵抗器 その他の固定抵抗器 (8),0022000606,平成22年6月
1242,01030100,生産 金額 (百万円),351112300,受動部品 抵抗器 固定抵抗器 その他の固定抵抗器 (8),0022000707,平成22年7月
1212,01030100,生産 金額 (百万円),351112300,受動部品 抵抗器 固定抵抗器 その他の固定抵抗器 (8),0022000808,平成22年8月
1348,01030100,生産 金額 (百万円),351112300,受動部品 抵抗器 固定抵抗器 その他の固定抵抗器 (8),0022000909,平成22年9月
1235,01030100,生産 金額 (百万円),351112300,受動部品 抵抗器 固定抵抗器 その他の固定抵抗器 (8),0022001010,平成22年10月
1213,01030100,生産 金額 (百万円),351112300,受動部品 抵抗器 固定抵抗器 その他の固定抵抗器 (8),0022001111,平成22年11月
1320,01030100,生産 金額 (百万円),351112300,受動部品 抵抗器 固定抵抗器 その他の固定抵抗器 (8),0022001212,平成22年12月
577337,01030100,生産 金額 (百万円),351120000,受動部品 固定コンデンサ (9～14),0018000000,平成18年
648856,01030100,生産 金額 (百万円),351120000,受動部品 固定コンデンサ (9～14),0019000000,平成19年
554718,01030100,生産 金額 (百万円),351120000,受動部品 固定コンデンサ (9～14),0020000000,平成20年
396284,01030100,生産 金額 (百万円),351120000,受動部品 固定コンデンサ (9～14),0021000000,平成21年
528128,01030100,生産 金額 (百万円),351120000,受動部品 固定コンデンサ (9～14),0022000000,平成22年
470008,01030100,生産 金額 (百万円),351120000,受動部品 固定コンデンサ (9～14),0020010000,平成20年度
450065,01030100,生産 金額 (百万円),351120000,受動部品 固定コンデンサ (9～14),0021010000,平成21年度
119643,01030100,生産 金額 (百万円),351120000,受動部品 固定コンデンサ (9～14),0022000103,平成22年 1 ～ 3 月
135941,01030100,生産 金額 (百万円),351120000,受動部品 固定コンデンサ (9～14),0022000406,平成22年 4 ～ 6 月
142460,01030100,生産 金額 (百万円),351120000,受動部品 固定コンデンサ (9～14),0022000709,平成22年 7 ～ 9 月
130084,01030100,生産 金額 (百万円),351120000,受動部品 固定コンデンサ (9～14),0022001012,平成22年 10 ～ 12 月
36352,01030100,生産 金額 (百万円),351120000,受動部品 固定コンデンサ (9～14),0022000101,平成22年1月
39128,01030100,生産 金額 (百万円),351120000,受動部品 固定コンデンサ (9～14),0022000202,平成22年2月
44163,01030100,生産 金額 (百万円),351120000,受動部品 固定コンデンサ (9～14),0022000303,平成22年3月
45089,01030100,生産 金額 (百万円),351120000,受動部品 固定コンデンサ (9～14),0022000404,平成22年4月
43587,01030100,生産 金額 (百万円),351120000,受動部品 固定コンデンサ (9～14),0022000505,平成22年5月
47265,01030100,生産 金額 (百万円),351120000,受動部品 固定コンデンサ (9～14),0022000606,平成22年6月
47973,01030100,生産 金額 (百万円),351120000,受動部品 固定コンデンサ (9～14),0022000707,平成22年7月
46782,01030100,生産 金額 (百万円),351120000,受動部品 固定コンデンサ (9～14),0022000808,平成22年8月
47705,01030100,生産 金額 (百万円),351120000,受動部品 固定コンデンサ (9～14),0022000909,平成22年9月
45396,01030100,生産 金額 (百万円),351120000,受動部品 固定コンデンサ (9～14),0022001010,平成22年10月
42001,01030100,生産 金額 (百万円),351120000,受動部品 固定コンデンサ (9～14),0022001111,平成22年11月
42687,01030100,生産 金額 (百万円),351120000,受動部品 固定コンデンサ (9～14),0022001212,平成22年12月
186858,01030100,生産 金額 (百万円),351121000,受動部品 固定コンデンサ アルミ電解コンデンサ (9),0018000000,平成18年
191292,01030100,生産 金額 (百万円),351121000,受動部品 固定コンデンサ アルミ電解コンデンサ (9),0019000000,平成19年
174324,01030100,生産 金額 (百万円),351121000,受動部品 固定コンデンサ アルミ電解コンデンサ (9),0020000000,平成20年
123375,01030100,生産 金額 (百万円),351121000,受動部品 固定コンデンサ アルミ電解コンデンサ (9),0021000000,平成21年
171052,01030100,生産 金額 (百万円),351121000,受動部品 固定コンデンサ アルミ電解コンデンサ (9),0022000000,平成22年
148230,01030100,生産 金額 (百万円),351121000,受動部品 固定コンデンサ アルミ電解コンデンサ (9),0020010000,平成20年度
142968,01030100,生産 金額 (百万円),351121000,受動部品 固定コンデンサ アルミ電解コンデンサ (9),0021010000,平成21年度
38839,01030100,生産 金額 (百万円),351121000,受動部品 固定コンデンサ アルミ電解コンデンサ (9),0022000103,平成22年 1 ～ 3 月
43997,01030100,生産 金額 (百万円),351121000,受動部品 固定コンデンサ アルミ電解コンデンサ (9),0022000406,平成22年 4 ～ 6 月
45504,01030100,生産 金額 (百万円),351121000,受動部品 固定コンデンサ アルミ電解コンデンサ (9),0022000709,平成22年 7 ～ 9 月
42712,01030100,生産 金額 (百万円),351121000,受動部品 固定コンデンサ アルミ電解コンデンサ (9),0022001012,平成22年 10 ～ 12 月
12029,01030100,生産 金額 (百万円),351121000,受動部品 固定コンデンサ アルミ電解コンデンサ (9),0022000101,平成22年1月
12602,01030100,生産 金額 (百万円),351121000,受動部品 固定コンデンサ アルミ電解コンデンサ (9),0022000202,平成22年2月
14208,01030100,生産 金額 (百万円),351121000,受動部品 固定コンデンサ アルミ電解コンデンサ (9),0022000303,平成22年3月
14507,01030100,生産 金額 (百万円),351121000,受動部品 固定コンデンサ アルミ電解コンデンサ (9),0022000404,平成22年4月
14097,01030100,生産 金額 (百万円),351121000,受動部品 固定コンデンサ アルミ電解コンデンサ (9),0022000505,平成22年5月
15393,01030100,生産 金額 (百万円),351121000,受動部品 固定コンデンサ アルミ電解コンデンサ (9),0022000606,平成22年6月
15436,01030100,生産 金額 (百万円),351121000,受動部品 固定コンデンサ アルミ電解コンデンサ (9),0022000707,平成22年7月
14830,01030100,生産 金額 (百万円),351121000,受動部品 固定コンデンサ アルミ電解コンデンサ (9),0022000808,平成22年8月
15238,01030100,生産 金額 (百万円),351121000,受動部品 固定コンデンサ アルミ電解コンデンサ (9),0022000909,平成22年9月
14754,01030100,生産 金額 (百万円),351121000,受動部品 固定コンデンサ アルミ電解コンデンサ (9),0022001010,平成22年10月
14525,01030100,生産 金額 (百万円),351121000,受動部品 固定コンデンサ アルミ電解コンデンサ (9),0022001111,平成22年11月
13433,01030100,生産 金額 (百万円),351121000,受動部品 固定コンデンサ アルミ電解コンデンサ (9),0022001212,平成22年12月
47093,01030100,生産 金額 (百万円),351122000,受動部品 固定コンデンサ タンタル電解コンデンサ (10),0018000000,平成18年
45250,01030100,生産 金額 (百万円),351122000,受動部品 固定コンデンサ タンタル電解コンデンサ (10),0019000000,平成19年
38598,01030100,生産 金額 (百万円),351122000,受動部品 固定コンデンサ タンタル電解コンデンサ (10),0020000000,平成20年
24094,01030100,生産 金額 (百万円),351122000,受動部品 固定コンデンサ タンタル電解コンデンサ (10),0021000000,平成21年
27619,01030100,生産 金額 (百万円),351122000,受動部品 固定コンデンサ タンタル電解コンデンサ (10),0022000000,平成22年
33306,01030100,生産 金額 (百万円),351122000,受動部品 固定コンデンサ タンタル電解コンデンサ (10),0020010000,平成20年度
25453,01030100,生産 金額 (百万円),351122000,受動部品 固定コンデンサ タンタル電解コンデンサ (10),0021010000,平成21年度
6145,01030100,生産 金額 (百万円),351122000,受動部品 固定コンデンサ タンタル電解コンデンサ (10),0022000103,平成22年 1 ～ 3 月
7142,01030100,生産 金額 (百万円),351122000,受動部品 固定コンデンサ タンタル電解コンデンサ (10),0022000406,平成22年 4 ～ 6 月
7811,01030100,生産 金額 (百万円),351122000,受動部品 固定コンデンサ タンタル電解コンデンサ (10),0022000709,平成22年 7 ～ 9 月
6521,01030100,生産 金額 (百万円),351122000,受動部品 固定コンデンサ タンタル電解コンデンサ (10),0022001012,平成22年 10 ～ 12 月
1775,01030100,生産 金額 (百万円),351122000,受動部品 固定コンデンサ タンタル電解コンデンサ (10),0022000101,平成22年1月
1952,01030100,生産 金額 (百万円),351122000,受動部品 固定コンデンサ タンタル電解コンデンサ (10),0022000202,平成22年2月
2418,01030100,生産 金額 (百万円),351122000,受動部品 固定コンデンサ タンタル電解コンデンサ (10),0022000303,平成22年3月
2320,01030100,生産 金額 (百万円),351122000,受動部品 固定コンデンサ タンタル電解コンデンサ (10),0022000404,平成22年4月
2330,01030100,生産 金額 (百万円),351122000,受動部品 固定コンデンサ タンタル電解コンデンサ (10),0022000505,平成22年5月
2492,01030100,生産 金額 (百万円),351122000,受動部品 固定コンデンサ タンタル電解コンデンサ (10),0022000606,平成22年6月
2556,01030100,生産 金額 (百万円),351122000,受動部品 固定コンデンサ タンタル電解コンデンサ (10),0022000707,平成22年7月
2592,01030100,生産 金額 (百万円),351122000,受動部品 固定コンデンサ タンタル電解コンデンサ (10),0022000808,平成22年8月
2663,01030100,生産 金額 (百万円),351122000,受動部品 固定コンデンサ タンタル電解コンデンサ (10),0022000909,平成22年9月
2421,01030100,生産 金額 (百万円),351122000,受動部品 固定コンデンサ タンタル電解コンデンサ (10),0022001010,平成22年10月
2170,01030100,生産 金額 (百万円),351122000,受動部品 固定コンデンサ タンタル電解コンデンサ (10),0022001111,平成22年11月
1930,01030100,生産 金額 (百万円),351122000,受動部品 固定コンデンサ タンタル電解コンデンサ (10),0022001212,平成22年12月
313732,01030100,生産 金額 (百万円),351123000,受動部品 固定コンデンサ セラミックコンデンサ (11),0018000000,平成18年
373855,01030100,生産 金額 (百万円),351123000,受動部品 固定コンデンサ セラミックコンデンサ (11),0019000000,平成19年
305876,01030100,生産 金額 (百万円),351123000,受動部品 固定コンデンサ セラミックコンデンサ (11),0020000000,平成20年
225615,01030100,生産 金額 (百万円),351123000,受動部品 固定コンデンサ セラミックコンデンサ (11),0021000000,平成21年
302319,01030100,生産 金額 (百万円),351123000,受動部品 固定コンデンサ セラミックコンデンサ (11),0022000000,平成22年
257694,01030100,生産 金額 (百万円),351123000,受動部品 固定コンデンサ セラミックコンデンサ (11),0020010000,平成20年度
255802,01030100,生産 金額 (百万円),351123000,受動部品 固定コンデンサ セラミックコンデンサ (11),0021010000,平成21年度
67652,01030100,生産 金額 (百万円),351123000,受動部品 固定コンデンサ セラミックコンデンサ (11),0022000103,平成22年 1 ～ 3 月
78022,01030100,生産 金額 (百万円),351123000,受動部品 固定コンデンサ セラミックコンデンサ (11),0022000406,平成22年 4 ～ 6 月
82376,01030100,生産 金額 (百万円),351123000,受動部品 固定コンデンサ セラミックコンデンサ (11),0022000709,平成22年 7 ～ 9 月
74269,01030100,生産 金額 (百万円),351123000,受動部品 固定コンデンサ セラミックコンデンサ (11),0022001012,平成22年 10 ～ 12 月
20388,01030100,生産 金額 (百万円),351123000,受動部品 固定コンデンサ セラミックコンデンサ (11),0022000101,平成22年1月
22219,01030100,生産 金額 (百万円),351123000,受動部品 固定コンデンサ セラミックコンデンサ (11),0022000202,平成22年2月
25045,01030100,生産 金額 (百万円),351123000,受動部品 固定コンデンサ セラミックコンデンサ (11),0022000303,平成22年3月
25986,01030100,生産 金額 (百万円),351123000,受動部品 固定コンデンサ セラミックコンデンサ (11),0022000404,平成22年4月
25041,01030100,生産 金額 (百万円),351123000,受動部品 固定コンデンサ セラミックコンデンサ (11),0022000505,平成22年5月
26995,01030100,生産 金額 (百万円),351123000,受動部品 固定コンデンサ セラミックコンデンサ (11),0022000606,平成22年6月
27592,01030100,生産 金額 (百万円),351123000,受動部品 固定コンデンサ セラミックコンデンサ (11),0022000707,平成22年7月
27262,01030100,生産 金額 (百万円),351123000,受動部品 固定コンデンサ セラミックコンデンサ (11),0022000808,平成22年8月
27522,01030100,生産 金額 (百万円),351123000,受動部品 固定コンデンサ セラミックコンデンサ (11),0022000909,平成22年9月
26005,01030100,生産 金額 (百万円),351123000,受動部品 固定コンデンサ セラミックコンデンサ (11),0022001010,平成22年10月
23128,01030100,生産 金額 (百万円),351123000,受動部品 固定コンデンサ セラミックコンデンサ (11),0022001111,平成22年11月
25136,01030100,生産 金額 (百万円),351123000,受動部品 固定コンデンサ セラミックコンデンサ (11),0022001212,平成22年12月
7838,01030100,生産 金額 (百万円),351124000,受動部品 固定コンデンサ 有機フィルムコンデンサ (12),0018000000,平成18年
7086,01030100,生産 金額 (百万円),351124000,受動部品 固定コンデンサ 有機フィルムコンデンサ (12),0019000000,平成19年
6564,01030100,生産 金額 (百万円),351124000,受動部品 固定コンデンサ 有機フィルムコンデンサ (12),0020000000,平成20年
9376,01030100,生産 金額 (百万円),351124000,受動部品 固定コンデンサ 有機フィルムコンデンサ (12),0021000000,平成21年
10525,01030100,生産 金額 (百万円),351124000,受動部品 固定コンデンサ 有機フィルムコンデンサ (12),0022000000,平成22年
5902,01030100,生産 金額 (百万円),351124000,受動部品 固定コンデンサ 有機フィルムコンデンサ (12),0020010000,平成20年度
10082,01030100,生産 金額 (百万円),351124000,受動部品 固定コンデンサ 有機フィルムコンデンサ (12),0021010000,平成21年度
2805,01030100,生産 金額 (百万円),351124000,受動部品 固定コンデンサ 有機フィルムコンデンサ (12),0022000103,平成22年 1 ～ 3 月
2577,01030100,生産 金額 (百万円),351124000,受動部品 固定コンデンサ 有機フィルムコンデンサ (12),0022000406,平成22年 4 ～ 6 月
2642,01030100,生産 金額 (百万円),351124000,受動部品 固定コンデンサ 有機フィルムコンデンサ (12),0022000709,平成22年 7 ～ 9 月
2501,01030100,生産 金額 (百万円),351124000,受動部品 固定コンデンサ 有機フィルムコンデンサ (12),0022001012,平成22年 10 ～ 12 月
850,01030100,生産 金額 (百万円),351124000,受動部品 固定コンデンサ 有機フィルムコンデンサ (12),0022000101,平成22年1月
953,01030100,生産 金額 (百万円),351124000,受動部品 固定コンデンサ 有機フィルムコンデンサ (12),0022000202,平成22年2月
1002,01030100,生産 金額 (百万円),351124000,受動部品 固定コンデンサ 有機フィルムコンデンサ (12),0022000303,平成22年3月
924,01030100,生産 金額 (百万円),351124000,受動部品 固定コンデンサ 有機フィルムコンデンサ (12),0022000404,平成22年4月
776,01030100,生産 金額 (百万円),351124000,受動部品 固定コンデンサ 有機フィルムコンデンサ (12),0022000505,平成22年5月
877,01030100,生産 金額 (百万円),351124000,受動部品 固定コンデンサ 有機フィルムコンデンサ (12),0022000606,平成22年6月
909,01030100,生産 金額 (百万円),351124000,受動部品 固定コンデンサ 有機フィルムコンデンサ (12),0022000707,平成22年7月
840,01030100,生産 金額 (百万円),351124000,受動部品 固定コンデンサ 有機フィルムコンデンサ (12),0022000808,平成22年8月
893,01030100,生産 金額 (百万円),351124000,受動部品 固定コンデンサ 有機フィルムコンデンサ (12),0022000909,平成22年9月
880,01030100,生産 金額 (百万円),351124000,受動部品 固定コンデンサ 有機フィルムコンデンサ (12),0022001010,平成22年10月
805,01030100,生産 金額 (百万円),351124000,受動部品 固定コンデンサ 有機フィルムコンデンサ (12),0022001111,平成22年11月
816,01030100,生産 金額 (百万円),351124000,受動部品 固定コンデンサ 有機フィルムコンデンサ (12),0022001212,平成22年12月
20539,01030100,生産 金額 (百万円),351125000,受動部品 固定コンデンサ 金属化有機フィルムコンデンサ (13),0018000000,平成18年
21531,01030100,生産 金額 (百万円),351125000,受動部品 固定コンデンサ 金属化有機フィルムコンデンサ (13),0019000000,平成19年
20272,01030100,生産 金額 (百万円),351125000,受動部品 固定コンデンサ 金属化有機フィルムコンデンサ (13),0020000000,平成20年
13824,01030100,生産 金額 (百万円),351125000,受動部品 固定コンデンサ 金属化有機フィルムコンデンサ (13),0021000000,平成21年
16613,01030100,生産 金額 (百万円),351125000,受動部品 固定コンデンサ 金属化有機フィルムコンデンサ (13),0022000000,平成22年
17077,01030100,生産 金額 (百万円),351125000,受動部品 固定コンデンサ 金属化有機フィルムコンデンサ (13),0020010000,平成20年度
15760,01030100,生産 金額 (百万円),351125000,受動部品 固定コンデンサ 金属化有機フィルムコンデンサ (13),0021010000,平成21年度
4202,01030100,生産 金額 (百万円),351125000,受動部品 固定コンデンサ 金属化有機フィルムコンデンサ (13),0022000103,平成22年 1 ～ 3 月
4203,01030100,生産 金額 (百万円),351125000,受動部品 固定コンデンサ 金属化有機フィルムコンデンサ (13),0022000406,平成22年 4 ～ 6 月
4127,01030100,生産 金額 (百万円),351125000,受動部品 固定コンデンサ 金属化有機フィルムコンデンサ (13),0022000709,平成22年 7 ～ 9 月
4081,01030100,生産 金額 (百万円),351125000,受動部品 固定コンデンサ 金属化有機フィルムコンデンサ (13),0022001012,平成22年 10 ～ 12 月
1310,01030100,生産 金額 (百万円),351125000,受動部品 固定コンデンサ 金属化有機フィルムコンデンサ (13),0022000101,平成22年1月
1402,01030100,生産 金額 (百万円),351125000,受動部品 固定コンデンサ 金属化有機フィルムコンデンサ (13),0022000202,平成22年2月
1490,01030100,生産 金額 (百万円),351125000,受動部品 固定コンデンサ 金属化有機フィルムコンデンサ (13),0022000303,平成22年3月
1352,01030100,生産 金額 (百万円),351125000,受動部品 固定コンデンサ 金属化有機フィルムコンデンサ (13),0022000404,平成22年4月
1343,01030100,生産 金額 (百万円),351125000,受動部品 固定コンデンサ 金属化有機フィルムコンデンサ (13),0022000505,平成22年5月
1508,01030100,生産 金額 (百万円),351125000,受動部品 固定コンデンサ 金属化有機フィルムコンデンサ (13),0022000606,平成22年6月
1480,01030100,生産 金額 (百万円),351125000,受動部品 固定コンデンサ 金属化有機フィルムコンデンサ (13),0022000707,平成22年7月
1258,01030100,生産 金額 (百万円),351125000,受動部品 固定コンデンサ 金属化有機フィルムコンデンサ (13),0022000808,平成22年8月
1389,01030100,生産 金額 (百万円),351125000,受動部品 固定コンデンサ 金属化有機フィルムコンデンサ (13),0022000909,平成22年9月
1336,01030100,生産 金額 (百万円),351125000,受動部品 固定コンデンサ 金属化有機フィルムコンデンサ (13),0022001010,平成22年10月
1373,01030100,生産 金額 (百万円),351125000,受動部品 固定コンデンサ 金属化有機フィルムコンデンサ (13),0022001111,平成22年11月
1372,01030100,生産 金額 (百万円),351125000,受動部品 固定コンデンサ 金属化有機フィルムコンデンサ (13),0022001212,平成22年12月
1277,01030100,生産 金額 (百万円),351126000,受動部品 固定コンデンサ その他の固定コンデンサ (14),0018000000,平成18年
9842,01030100,生産 金額 (百万円),351126000,受動部品 固定コンデンサ その他の固定コンデンサ (14),0019000000,平成19年
×,01030100,生産 金額 (百万円),351126000,受動部品 固定コンデンサ その他の固定コンデンサ (14),0020000000,平成20年
×,01030100,生産 金額 (百万円),351126000,受動部品 固定コンデンサ その他の固定コンデンサ (14),0021000000,平成21年
×,01030100,生産 金額 (百万円),351126000,受動部品 固定コンデンサ その他の固定コンデンサ (14),0022000000,平成22年
×,01030100,生産 金額 (百万円),351126000,受動部品 固定コンデンサ その他の固定コンデンサ (14),0020010000,平成20年度
×,01030100,生産 金額 (百万円),351126000,受動部品 固定コンデンサ その他の固定コンデンサ (14),0021010000,平成21年度
×,01030100,生産 金額 (百万円),351126000,受動部品 固定コンデンサ その他の固定コンデンサ (14),0022000103,平成22年 1 ～ 3 月
×,01030100,生産 金額 (百万円),351126000,受動部品 固定コンデンサ その他の固定コンデンサ (14),0022000406,平成22年 4 ～ 6 月
×,01030100,生産 金額 (百万円),351126000,受動部品 固定コンデンサ その他の固定コンデンサ (14),0022000709,平成22年 7 ～ 9 月
×,01030100,生産 金額 (百万円),351126000,受動部品 固定コンデンサ その他の固定コンデンサ (14),0022001012,平成22年 10 ～ 12 月
×,01030100,生産 金額 (百万円),351126000,受動部品 固定コンデンサ その他の固定コンデンサ (14),0022000101,平成22年1月
×,01030100,生産 金額 (百万円),351126000,受動部品 固定コンデンサ その他の固定コンデンサ (14),0022000202,平成22年2月
×,01030100,生産 金額 (百万円),351126000,受動部品 固定コンデンサ その他の固定コンデンサ (14),0022000303,平成22年3月
×,01030100,生産 金額 (百万円),351126000,受動部品 固定コンデンサ その他の固定コンデンサ (14),0022000404,平成22年4月
×,01030100,生産 金額 (百万円),351126000,受動部品 固定コンデンサ その他の固定コンデンサ (14),0022000505,平成22年5月
×,01030100,生産 金額 (百万円),351126000,受動部品 固定コンデンサ その他の固定コンデンサ (14),0022000606,平成22年6月
×,01030100,生産 金額 (百万円),351126000,受動部品 固定コンデンサ その他の固定コンデンサ (14),0022000707,平成22年7月
×,01030100,生産 金額 (百万円),351126000,受動部品 固定コンデンサ その他の固定コンデンサ (14),0022000808,平成22年8月
×,01030100,生産 金額 (百万円),351126000,受動部品 固定コンデンサ その他の固定コンデンサ (14),0022000909,平成22年9月
×,01030100,生産 金額 (百万円),351126000,受動部品 固定コンデンサ その他の固定コンデンサ (14),0022001010,平成22年10月
×,01030100,生産 金額 (百万円),351126000,受動部品 固定コンデンサ その他の固定コンデンサ (14),0022001111,平成22年11月
×,01030100,生産 金額 (百万円),351126000,受動部品 固定コンデンサ その他の固定コンデンサ (14),0022001212,平成22年12月
57477,01030100,生産 金額 (百万円),351130000,受動部品 トランス（コイルを含む） (15～18),0018000000,平成18年
58982,01030100,生産 金額 (百万円),351130000,受動部品 トランス（コイルを含む） (15～18),0019000000,平成19年
51891,01030100,生産 金額 (百万円),351130000,受動部品 トランス（コイルを含む） (15～18),0020000000,平成20年
40388,01030100,生産 金額 (百万円),351130000,受動部品 トランス（コイルを含む） (15～18),0021000000,平成21年
57722,01030100,生産 金額 (百万円),351130000,受動部品 トランス（コイルを含む） (15～18),0022000000,平成22年
45974,01030100,生産 金額 (百万円),351130000,受動部品 トランス（コイルを含む） (15～18),0020010000,平成20年度
46266,01030100,生産 金額 (百万円),351130000,受動部品 トランス（コイルを含む） (15～18),0021010000,平成21年度
13374,01030100,生産 金額 (百万円),351130000,受動部品 トランス（コイルを含む） (15～18),0022000103,平成22年 1 ～ 3 月
14805,01030100,生産 金額 (百万円),351130000,受動部品 トランス（コイルを含む） (15～18),0022000406,平成22年 4 ～ 6 月
15545,01030100,生産 金額 (百万円),351130000,受動部品 トランス（コイルを含む） (15～18),0022000709,平成22年 7 ～ 9 月
13998,01030100,生産 金額 (百万円),351130000,受動部品 トランス（コイルを含む） (15～18),0022001012,平成22年 10 ～ 12 月
4128,01030100,生産 金額 (百万円),351130000,受動部品 トランス（コイルを含む） (15～18),0022000101,平成22年1月
4232,01030100,生産 金額 (百万円),351130000,受動部品 トランス（コイルを含む） (15～18),0022000202,平成22年2月
5014,01030100,生産 金額 (百万円),351130000,受動部品 トランス（コイルを含む） (15～18),0022000303,平成22年3月
4851,01030100,生産 金額 (百万円),351130000,受動部品 トランス（コイルを含む） (15～18),0022000404,平成22年4月
4769,01030100,生産 金額 (百万円),351130000,受動部品 トランス（コイルを含む） (15～18),0022000505,平成22年5月
5185,01030100,生産 金額 (百万円),351130000,受動部品 トランス（コイルを含む） (15～18),0022000606,平成22年6月
5215,01030100,生産 金額 (百万円),351130000,受動部品 トランス（コイルを含む） (15～18),0022000707,平成22年7月
4968,01030100,生産 金額 (百万円),351130000,受動部品 トランス（コイルを含む） (15～18),0022000808,平成22年8月
5362,01030100,生産 金額 (百万円),351130000,受動部品 トランス（コイルを含む） (15～18),0022000909,平成22年9月
4743,01030100,生産 金額 (百万円),351130000,受動部品 トランス（コイルを含む） (15～18),0022001010,平成22年10月
4644,01030100,生産 金額 (百万円),351130000,受動部品 トランス（コイルを含む） (15～18),0022001111,平成22年11月
4611,01030100,生産 金額 (百万円),351130000,受動部品 トランス（コイルを含む） (15～18),0022001212,平成22年12月
6773,01030100,生産 金額 (百万円),351130100,受動部品 トランス（コイルを含む） 鉄芯トランス(15),0018000000,平成18年
6020,01030100,生産 金額 (百万円),351130100,受動部品 トランス（コイルを含む） 鉄芯トランス(15),0019000000,平成19年
5388,01030100,生産 金額 (百万円),351130100,受動部品 トランス（コイルを含む） 鉄芯トランス(15),0020000000,平成20年
3965,01030100,生産 金額 (百万円),351130100,受動部品 トランス（コイルを含む） 鉄芯トランス(15),0021000000,平成21年
3833,01030100,生産 金額 (百万円),351130100,受動部品 トランス（コイルを含む） 鉄芯トランス(15),0022000000,平成22年
5140,01030100,生産 金額 (百万円),351130100,受動部品 トランス（コイルを含む） 鉄芯トランス(15),0020010000,平成20年度
3811,01030100,生産 金額 (百万円),351130100,受動部品 トランス（コイルを含む） 鉄芯トランス(15),0021010000,平成21年度
949,01030100,生産 金額 (百万円),351130100,受動部品 トランス（コイルを含む） 鉄芯トランス(15),0022000103,平成22年 1 ～ 3 月
938,01030100,生産 金額 (百万円),351130100,受動部品 トランス（コイルを含む） 鉄芯トランス(15),0022000406,平成22年 4 ～ 6 月
970,01030100,生産 金額 (百万円),351130100,受動部品 トランス（コイルを含む） 鉄芯トランス(15),0022000709,平成22年 7 ～ 9 月
976,01030100,生産 金額 (百万円),351130100,受動部品 トランス（コイルを含む） 鉄芯トランス(15),0022001012,平成22年 10 ～ 12 月
317,01030100,生産 金額 (百万円),351130100,受動部品 トランス（コイルを含む） 鉄芯トランス(15),0022000101,平成22年1月
283,01030100,生産 金額 (百万円),351130100,受動部品 トランス（コイルを含む） 鉄芯トランス(15),0022000202,平成22年2月
349,01030100,生産 金額 (百万円),351130100,受動部品 トランス（コイルを含む） 鉄芯トランス(15),0022000303,平成22年3月
315,01030100,生産 金額 (百万円),351130100,受動部品 トランス（コイルを含む） 鉄芯トランス(15),0022000404,平成22年4月
319,01030100,生産 金額 (百万円),351130100,受動部品 トランス（コイルを含む） 鉄芯トランス(15),0022000505,平成22年5月
304,01030100,生産 金額 (百万円),351130100,受動部品 トランス（コイルを含む） 鉄芯トランス(15),0022000606,平成22年6月
317,01030100,生産 金額 (百万円),351130100,受動部品 トランス（コイルを含む） 鉄芯トランス(15),0022000707,平成22年7月
302,01030100,生産 金額 (百万円),351130100,受動部品 トランス（コイルを含む） 鉄芯トランス(15),0022000808,平成22年8月
351,01030100,生産 金額 (百万円),351130100,受動部品 トランス（コイルを含む） 鉄芯トランス(15),0022000909,平成22年9月
318,01030100,生産 金額 (百万円),351130100,受動部品 トランス（コイルを含む） 鉄芯トランス(15),0022001010,平成22年10月
344,01030100,生産 金額 (百万円),351130100,受動部品 トランス（コイルを含む） 鉄芯トランス(15),0022001111,平成22年11月
314,01030100,生産 金額 (百万円),351130100,受動部品 トランス（コイルを含む） 鉄芯トランス(15),0022001212,平成22年12月
9406,01030100,生産 金額 (百万円),351130200,受動部品 トランス（コイルを含む） フェライトコアトランス（高周波電源回路用のもの）(16),0018000000,平成18年
6529,01030100,生産 金額 (百万円),351130200,受動部品 トランス（コイルを含む） フェライトコアトランス（高周波電源回路用のもの）(16),0019000000,平成19年
4096,01030100,生産 金額 (百万円),351130200,受動部品 トランス（コイルを含む） フェライトコアトランス（高周波電源回路用のもの）(16),0020000000,平成20年
3193,01030100,生産 金額 (百万円),351130200,受動部品 トランス（コイルを含む） フェライトコアトランス（高周波電源回路用のもの）(16),0021000000,平成21年
4028,01030100,生産 金額 (百万円),351130200,受動部品 トランス（コイルを含む） フェライトコアトランス（高周波電源回路用のもの）(16),0022000000,平成22年
3769,01030100,生産 金額 (百万円),351130200,受動部品 トランス（コイルを含む） フェライトコアトランス（高周波電源回路用のもの）(16),0020010000,平成20年度
3402,01030100,生産 金額 (百万円),351130200,受動部品 トランス（コイルを含む） フェライトコアトランス（高周波電源回路用のもの）(16),0021010000,平成21年度
932,01030100,生産 金額 (百万円),351130200,受動部品 トランス（コイルを含む） フェライトコアトランス（高周波電源回路用のもの）(16),0022000103,平成22年 1 ～ 3 月
989,01030100,生産 金額 (百万円),351130200,受動部品 トランス（コイルを含む） フェライトコアトランス（高周波電源回路用のもの）(16),0022000406,平成22年 4 ～ 6 月
1048,01030100,生産 金額 (百万円),351130200,受動部品 トランス（コイルを含む） フェライトコアトランス（高周波電源回路用のもの）(16),0022000709,平成22年 7 ～ 9 月
1059,01030100,生産 金額 (百万円),351130200,受動部品 トランス（コイルを含む） フェライトコアトランス（高周波電源回路用のもの）(16),0022001012,平成22年 10 ～ 12 月
315,01030100,生産 金額 (百万円),351130200,受動部品 トランス（コイルを含む） フェライトコアトランス（高周波電源回路用のもの）(16),0022000101,平成22年1月
278,01030100,生産 金額 (百万円),351130200,受動部品 トランス（コイルを含む） フェライトコアトランス（高周波電源回路用のもの）(16),0022000202,平成22年2月
339,01030100,生産 金額 (百万円),351130200,受動部品 トランス（コイルを含む） フェライトコアトランス（高周波電源回路用のもの）(16),0022000303,平成22年3月
291,01030100,生産 金額 (百万円),351130200,受動部品 トランス（コイルを含む） フェライトコアトランス（高周波電源回路用のもの）(16),0022000404,平成22年4月
320,01030100,生産 金額 (百万円),351130200,受動部品 トランス（コイルを含む） フェライトコアトランス（高周波電源回路用のもの）(16),0022000505,平成22年5月
378,01030100,生産 金額 (百万円),351130200,受動部品 トランス（コイルを含む） フェライトコアトランス（高周波電源回路用のもの）(16),0022000606,平成22年6月
367,01030100,生産 金額 (百万円),351130200,受動部品 トランス（コイルを含む） フェライトコアトランス（高周波電源回路用のもの）(16),0022000707,平成22年7月
333,01030100,生産 金額 (百万円),351130200,受動部品 トランス（コイルを含む） フェライトコアトランス（高周波電源回路用のもの）(16),0022000808,平成22年8月
348,01030100,生産 金額 (百万円),351130200,受動部品 トランス（コイルを含む） フェライトコアトランス（高周波電源回路用のもの）(16),0022000909,平成22年9月
351,01030100,生産 金額 (百万円),351130200,受動部品 トランス（コイルを含む） フェライトコアトランス（高周波電源回路用のもの）(16),0022001010,平成22年10月
348,01030100,生産 金額 (百万円),351130200,受動部品 トランス（コイルを含む） フェライトコアトランス（高周波電源回路用のもの）(16),0022001111,平成22年11月
360,01030100,生産 金額 (百万円),351130200,受動部品 トランス（コイルを含む） フェライトコアトランス（高周波電源回路用のもの）(16),0022001212,平成22年12月
31603,01030100,生産 金額 (百万円),351130300,受動部品 トランス（コイルを含む） インダクタ (17),0018000000,平成18年
38320,01030100,生産 金額 (百万円),351130300,受動部品 トランス（コイルを含む） インダクタ (17),0019000000,平成19年
36561,01030100,生産 金額 (百万円),351130300,受動部品 トランス（コイルを含む） インダクタ (17),0020000000,平成20年
26424,01030100,生産 金額 (百万円),351130300,受動部品 トランス（コイルを含む） インダクタ (17),0021000000,平成21年
41536,01030100,生産 金額 (百万円),351130300,受動部品 トランス（コイルを含む） インダクタ (17),0022000000,平成22年
31567,01030100,生産 金額 (百万円),351130300,受動部品 トランス（コイルを含む） インダクタ (17),0020010000,平成20年度
31446,01030100,生産 金額 (百万円),351130300,受動部品 トランス（コイルを含む） インダクタ (17),0021010000,平成21年度
9508,01030100,生産 金額 (百万円),351130300,受動部品 トランス（コイルを含む） インダクタ (17),0022000103,平成22年 1 ～ 3 月
10752,01030100,生産 金額 (百万円),351130300,受動部品 トランス（コイルを含む） インダクタ (17),0022000406,平成22年 4 ～ 6 月
11373,01030100,生産 金額 (百万円),351130300,受動部品 トランス（コイルを含む） インダクタ (17),0022000709,平成22年 7 ～ 9 月
9903,01030100,生産 金額 (百万円),351130300,受動部品 トランス（コイルを含む） インダクタ (17),0022001012,平成22年 10 ～ 12 月
2963,01030100,生産 金額 (百万円),351130300,受動部品 トランス（コイルを含む） インダクタ (17),0022000101,平成22年1月
3035,01030100,生産 金額 (百万円),351130300,受動部品 トランス（コイルを含む） インダクタ (17),0022000202,平成22年2月
3510,01030100,生産 金額 (百万円),351130300,受動部品 トランス（コイルを含む） インダクタ (17),0022000303,平成22年3月
3573,01030100,生産 金額 (百万円),351130300,受動部品 トランス（コイルを含む） インダクタ (17),0022000404,平成22年4月
3485,01030100,生産 金額 (百万円),351130300,受動部品 トランス（コイルを含む） インダクタ (17),0022000505,平成22年5月
3694,01030100,生産 金額 (百万円),351130300,受動部品 トランス（コイルを含む） インダクタ (17),0022000606,平成22年6月
3796,01030100,生産 金額 (百万円),351130300,受動部品 トランス（コイルを含む） インダクタ (17),0022000707,平成22年7月
3730,01030100,生産 金額 (百万円),351130300,受動部品 トランス（コイルを含む） インダクタ (17),0022000808,平成22年8月
3847,01030100,生産 金額 (百万円),351130300,受動部品 トランス（コイルを含む） インダクタ (17),0022000909,平成22年9月
3422,01030100,生産 金額 (百万円),351130300,受動部品 トランス（コイルを含む） インダクタ (17),0022001010,平成22年10月
3239,01030100,生産 金額 (百万円),351130300,受動部品 トランス（コイルを含む） インダクタ (17),0022001111,平成22年11月
3242,01030100,生産 金額 (百万円),351130300,受動部品 トランス（コイルを含む） インダクタ (17),0022001212,平成22年12月
9695,01030100,生産 金額 (百万円),351140000,受動部品 トランス（コイルを含む） その他のトランス (18),0018000000,平成18年
8113,01030100,生産 金額 (百万円),351140000,受動部品 トランス（コイルを含む） その他のトランス (18),0019000000,平成19年
5846,01030100,生産 金額 (百万円),351140000,受動部品 トランス（コイルを含む） その他のトランス (18),0020000000,平成20年
6806,01030100,生産 金額 (百万円),351140000,受動部品 トランス（コイルを含む） その他のトランス (18),0021000000,平成21年
8325,01030100,生産 金額 (百万円),351140000,受動部品 トランス（コイルを含む） その他のトランス (18),0022000000,平成22年
5498,01030100,生産 金額 (百万円),351140000,受動部品 トランス（コイルを含む） その他のトランス (18),0020010000,平成20年度
7607,01030100,生産 金額 (百万円),351140000,受動部品 トランス（コイルを含む） その他のトランス (18),0021010000,平成21年度
1985,01030100,生産 金額 (百万円),351140000,受動部品 トランス（コイルを含む） その他のトランス (18),0022000103,平成22年 1 ～ 3 月
2126,01030100,生産 金額 (百万円),351140000,受動部品 トランス（コイルを含む） その他のトランス (18),0022000406,平成22年 4 ～ 6 月
2154,01030100,生産 金額 (百万円),351140000,受動部品 トランス（コイルを含む） その他のトランス (18),0022000709,平成22年 7 ～ 9 月
2060,01030100,生産 金額 (百万円),351140000,受動部品 トランス（コイルを含む） その他のトランス (18),0022001012,平成22年 10 ～ 12 月
533,01030100,生産 金額 (百万円),351140000,受動部品 トランス（コイルを含む） その他のトランス (18),0022000101,平成22年1月
636,01030100,生産 金額 (百万円),351140000,受動部品 トランス（コイルを含む） その他のトランス (18),0022000202,平成22年2月
816,01030100,生産 金額 (百万円),351140000,受動部品 トランス（コイルを含む） その他のトランス (18),0022000303,平成22年3月
672,01030100,生産 金額 (百万円),351140000,受動部品 トランス（コイルを含む） その他のトランス (18),0022000404,平成22年4月
645,01030100,生産 金額 (百万円),351140000,受動部品 トランス（コイルを含む） その他のトランス (18),0022000505,平成22年5月
809,01030100,生産 金額 (百万円),351140000,受動部品 トランス（コイルを含む） その他のトランス (18),0022000606,平成22年6月
735,01030100,生産 金額 (百万円),351140000,受動部品 トランス（コイルを含む） その他のトランス (18),0022000707,平成22年7月
603,01030100,生産 金額 (百万円),351140000,受動部品 トランス（コイルを含む） その他のトランス (18),0022000808,平成22年8月
816,01030100,生産 金額 (百万円),351140000,受動部品 トランス（コイルを含む） その他のトランス (18),0022000909,平成22年9月
652,01030100,生産 金額 (百万円),351140000,受動部品 トランス（コイルを含む） その他のトランス (18),0022001010,平成22年10月
713,01030100,生産 金額 (百万円),351140000,受動部品 トランス（コイルを含む） その他のトランス (18),0022001111,平成22年11月
695,01030100,生産 金額 (百万円),351140000,受動部品 トランス（コイルを含む） その他のトランス (18),0022001212,平成22年12月
268159,01030100,生産 金額 (百万円),351150000,受動部品 機能部品 (19～21),0018000000,平成18年
286998,01030100,生産 金額 (百万円),351150000,受動部品 機能部品 (19～21),0019000000,平成19年
239269,01030100,生産 金額 (百万円),351150000,受動部品 機能部品 (19～21),0020000000,平成20年
191172,01030100,生産 金額 (百万円),351150000,受動部品 機能部品 (19～21),0021000000,平成21年
207380,01030100,生産 金額 (百万円),351150000,受動部品 機能部品 (19～21),0022000000,平成22年
212340,01030100,生産 金額 (百万円),351150000,受動部品 機能部品 (19～21),0020010000,平成20年度
206155,01030100,生産 金額 (百万円),351150000,受動部品 機能部品 (19～21),0021010000,平成21年度
49525,01030100,生産 金額 (百万円),351150000,受動部品 機能部品 (19～21),0022000103,平成22年 1 ～ 3 月
53025,01030100,生産 金額 (百万円),351150000,受動部品 機能部品 (19～21),0022000406,平成22年 4 ～ 6 月
54607,01030100,生産 金額 (百万円),351150000,受動部品 機能部品 (19～21),0022000709,平成22年 7 ～ 9 月
50223,01030100,生産 金額 (百万円),351150000,受動部品 機能部品 (19～21),0022001012,平成22年 10 ～ 12 月
15509,01030100,生産 金額 (百万円),351150000,受動部品 機能部品 (19～21),0022000101,平成22年1月
15768,01030100,生産 金額 (百万円),351150000,受動部品 機能部品 (19～21),0022000202,平成22年2月
18248,01030100,生産 金額 (百万円),351150000,受動部品 機能部品 (19～21),0022000303,平成22年3月
18203,01030100,生産 金額 (百万円),351150000,受動部品 機能部品 (19～21),0022000404,平成22年4月
16469,01030100,生産 金額 (百万円),351150000,受動部品 機能部品 (19～21),0022000505,平成22年5月
18353,01030100,生産 金額 (百万円),351150000,受動部品 機能部品 (19～21),0022000606,平成22年6月
18693,01030100,生産 金額 (百万円),351150000,受動部品 機能部品 (19～21),0022000707,平成22年7月
17997,01030100,生産 金額 (百万円),351150000,受動部品 機能部品 (19～21),0022000808,平成22年8月
17917,01030100,生産 金額 (百万円),351150000,受動部品 機能部品 (19～21),0022000909,平成22年9月
17343,01030100,生産 金額 (百万円),351150000,受動部品 機能部品 (19～21),0022001010,平成22年10月
16928,01030100,生産 金額 (百万円),351150000,受動部品 機能部品 (19～21),0022001111,平成22年11月
15952,01030100,生産 金額 (百万円),351150000,受動部品 機能部品 (19～21),0022001212,平成22年12月
71911,01030100,生産 金額 (百万円),351151000,受動部品 機能部品 水晶振動子 (19),0018000000,平成18年
84198,01030100,生産 金額 (百万円),351151000,受動部品 機能部品 水晶振動子 (19),0019000000,平成19年
72686,01030100,生産 金額 (百万円),351151000,受動部品 機能部品 水晶振動子 (19),0020000000,平成20年
54271,01030100,生産 金額 (百万円),351151000,受動部品 機能部品 水晶振動子 (19),0021000000,平成21年
66791,01030100,生産 金額 (百万円),351151000,受動部品 機能部品 水晶振動子 (19),0022000000,平成22年
62318,01030100,生産 金額 (百万円),351151000,受動部品 機能部品 水晶振動子 (19),0020010000,平成20年度
60497,01030100,生産 金額 (百万円),351151000,受動部品 機能部品 水晶振動子 (19),0021010000,平成21年度
15322,01030100,生産 金額 (百万円),351151000,受動部品 機能部品 水晶振動子 (19),0022000103,平成22年 1 ～ 3 月
16556,01030100,生産 金額 (百万円),351151000,受動部品 機能部品 水晶振動子 (19),0022000406,平成22年 4 ～ 6 月
17916,01030100,生産 金額 (百万円),351151000,受動部品 機能部品 水晶振動子 (19),0022000709,平成22年 7 ～ 9 月
16997,01030100,生産 金額 (百万円),351151000,受動部品 機能部品 水晶振動子 (19),0022001012,平成22年 10 ～ 12 月
4985,01030100,生産 金額 (百万円),351151000,受動部品 機能部品 水晶振動子 (19),0022000101,平成22年1月
4933,01030100,生産 金額 (百万円),351151000,受動部品 機能部品 水晶振動子 (19),0022000202,平成22年2月
5404,01030100,生産 金額 (百万円),351151000,受動部品 機能部品 水晶振動子 (19),0022000303,平成22年3月
5421,01030100,生産 金額 (百万円),351151000,受動部品 機能部品 水晶振動子 (19),0022000404,平成22年4月
5404,01030100,生産 金額 (百万円),351151000,受動部品 機能部品 水晶振動子 (19),0022000505,平成22年5月
5731,01030100,生産 金額 (百万円),351151000,受動部品 機能部品 水晶振動子 (19),0022000606,平成22年6月
5928,01030100,生産 金額 (百万円),351151000,受動部品 機能部品 水晶振動子 (19),0022000707,平成22年7月
5849,01030100,生産 金額 (百万円),351151000,受動部品 機能部品 水晶振動子 (19),0022000808,平成22年8月
6139,01030100,生産 金額 (百万円),351151000,受動部品 機能部品 水晶振動子 (19),0022000909,平成22年9月
5947,01030100,生産 金額 (百万円),351151000,受動部品 機能部品 水晶振動子 (19),0022001010,平成22年10月
5698,01030100,生産 金額 (百万円),351151000,受動部品 機能部品 水晶振動子 (19),0022001111,平成22年11月
5352,01030100,生産 金額 (百万円),351151000,受動部品 機能部品 水晶振動子 (19),0022001212,平成22年12月
62160,01030100,生産 金額 (百万円),351152000,受動部品 機能部品 フィルタ (20),0018000000,平成18年
74787,01030100,生産 金額 (百万円),351152000,受動部品 機能部品 フィルタ (20),0019000000,平成19年
65745,01030100,生産 金額 (百万円),351152000,受動部品 機能部品 フィルタ (20),0020000000,平成20年
59386,01030100,生産 金額 (百万円),351152000,受動部品 機能部品 フィルタ (20),0021000000,平成21年
68912,01030100,生産 金額 (百万円),351152000,受動部品 機能部品 フィルタ (20),0022000000,平成22年
60752,01030100,生産 金額 (百万円),351152000,受動部品 機能部品 フィルタ (20),0020010000,平成20年度
64094,01030100,生産 金額 (百万円),351152000,受動部品 機能部品 フィルタ (20),0021010000,平成21年度
15333,01030100,生産 金額 (百万円),351152000,受動部品 機能部品 フィルタ (20),0022000103,平成22年 1 ～ 3 月
17105,01030100,生産 金額 (百万円),351152000,受動部品 機能部品 フィルタ (20),0022000406,平成22年 4 ～ 6 月
18835,01030100,生産 金額 (百万円),351152000,受動部品 機能部品 フィルタ (20),0022000709,平成22年 7 ～ 9 月
17639,01030100,生産 金額 (百万円),351152000,受動部品 機能部品 フィルタ (20),0022001012,平成22年 10 ～ 12 月
4821,01030100,生産 金額 (百万円),351152000,受動部品 機能部品 フィルタ (20),0022000101,平成22年1月
4783,01030100,生産 金額 (百万円),351152000,受動部品 機能部品 フィルタ (20),0022000202,平成22年2月
5729,01030100,生産 金額 (百万円),351152000,受動部品 機能部品 フィルタ (20),0022000303,平成22年3月
5733,01030100,生産 金額 (百万円),351152000,受動部品 機能部品 フィルタ (20),0022000404,平成22年4月
5288,01030100,生産 金額 (百万円),351152000,受動部品 機能部品 フィルタ (20),0022000505,平成22年5月
6084,01030100,生産 金額 (百万円),351152000,受動部品 機能部品 フィルタ (20),0022000606,平成22年6月
6362,01030100,生産 金額 (百万円),351152000,受動部品 機能部品 フィルタ (20),0022000707,平成22年7月
6146,01030100,生産 金額 (百万円),351152000,受動部品 機能部品 フィルタ (20),0022000808,平成22年8月
6327,01030100,生産 金額 (百万円),351152000,受動部品 機能部品 フィルタ (20),0022000909,平成22年9月
6169,01030100,生産 金額 (百万円),351152000,受動部品 機能部品 フィルタ (20),0022001010,平成22年10月
5988,01030100,生産 金額 (百万円),351152000,受動部品 機能部品 フィルタ (20),0022001111,平成22年11月
5482,01030100,生産 金額 (百万円),351152000,受動部品 機能部品 フィルタ (20),0022001212,平成22年12月
134088,01030100,生産 金額 (百万円),351153000,受動部品 機能部品 複合部品 (21),0018000000,平成18年
128013,01030100,生産 金額 (百万円),351153000,受動部品 機能部品 複合部品 (21),0019000000,平成19年
100838,01030100,生産 金額 (百万円),351153000,受動部品 機能部品 複合部品 (21),0020000000,平成20年
77515,01030100,生産 金額 (百万円),351153000,受動部品 機能部品 複合部品 (21),0021000000,平成21年
71677,01030100,生産 金額 (百万円),351153000,受動部品 機能部品 複合部品 (21),0022000000,平成22年
89270,01030100,生産 金額 (百万円),351153000,受動部品 機能部品 複合部品 (21),0020010000,平成20年度
81564,01030100,生産 金額 (百万円),351153000,受動部品 機能部品 複合部品 (21),0021010000,平成21年度
18870,01030100,生産 金額 (百万円),351153000,受動部品 機能部品 複合部品 (21),0022000103,平成22年 1 ～ 3 月
19364,01030100,生産 金額 (百万円),351153000,受動部品 機能部品 複合部品 (21),0022000406,平成22年 4 ～ 6 月
17856,01030100,生産 金額 (百万円),351153000,受動部品 機能部品 複合部品 (21),0022000709,平成22年 7 ～ 9 月
15587,01030100,生産 金額 (百万円),351153000,受動部品 機能部品 複合部品 (21),0022001012,平成22年 10 ～ 12 月
5703,01030100,生産 金額 (百万円),351153000,受動部品 機能部品 複合部品 (21),0022000101,平成22年1月
6052,01030100,生産 金額 (百万円),351153000,受動部品 機能部品 複合部品 (21),0022000202,平成22年2月
7115,01030100,生産 金額 (百万円),351153000,受動部品 機能部品 複合部品 (21),0022000303,平成22年3月
7049,01030100,生産 金額 (百万円),351153000,受動部品 機能部品 複合部品 (21),0022000404,平成22年4月
5777,01030100,生産 金額 (百万円),351153000,受動部品 機能部品 複合部品 (21),0022000505,平成22年5月
6538,01030100,生産 金額 (百万円),351153000,受動部品 機能部品 複合部品 (21),0022000606,平成22年6月
6403,01030100,生産 金額 (百万円),351153000,受動部品 機能部品 複合部品 (21),0022000707,平成22年7月
6002,01030100,生産 金額 (百万円),351153000,受動部品 機能部品 複合部品 (21),0022000808,平成22年8月
5451,01030100,生産 金額 (百万円),351153000,受動部品 機能部品 複合部品 (21),0022000909,平成22年9月
5227,01030100,生産 金額 (百万円),351153000,受動部品 機能部品 複合部品 (21),0022001010,平成22年10月
5242,01030100,生産 金額 (百万円),351153000,受動部品 機能部品 複合部品 (21),0022001111,平成22年11月
5118,01030100,生産 金額 (百万円),351153000,受動部品 機能部品 複合部品 (21),0022001212,平成22年12月
652067,01030100,生産 金額 (百万円),351200000,接続部品 (22～30),0018000000,平成18年
671861,01030100,生産 金額 (百万円),351200000,接続部品 (22～30),0019000000,平成19年
622035,01030100,生産 金額 (百万円),351200000,接続部品 (22～30),0020000000,平成20年
463623,01030100,生産 金額 (百万円),351200000,接続部品 (22～30),0021000000,平成21年
564938,01030100,生産 金額 (百万円),351200000,接続部品 (22～30),0022000000,平成22年
544674,01030100,生産 金額 (百万円),351200000,接続部品 (22～30),0020010000,平成20年度
504310,01030100,生産 金額 (百万円),351200000,接続部品 (22～30),0021010000,平成21年度
127766,01030100,生産 金額 (百万円),351200000,接続部品 (22～30),0022000103,平成22年 1 ～ 3 月
145629,01030100,生産 金額 (百万円),351200000,接続部品 (22～30),0022000406,平成22年 4 ～ 6 月
151800,01030100,生産 金額 (百万円),351200000,接続部品 (22～30),0022000709,平成22年 7 ～ 9 月
139743,01030100,生産 金額 (百万円),351200000,接続部品 (22～30),0022001012,平成22年 10 ～ 12 月
39311,01030100,生産 金額 (百万円),351200000,接続部品 (22～30),0022000101,平成22年1月
41392,01030100,生産 金額 (百万円),351200000,接続部品 (22～30),0022000202,平成22年2月
47063,01030100,生産 金額 (百万円),351200000,接続部品 (22～30),0022000303,平成22年3月
50081,01030100,生産 金額 (百万円),351200000,接続部品 (22～30),0022000404,平成22年4月
46292,01030100,生産 金額 (百万円),351200000,接続部品 (22～30),0022000505,平成22年5月
49256,01030100,生産 金額 (百万円),351200000,接続部品 (22～30),0022000606,平成22年6月
50746,01030100,生産 金額 (百万円),351200000,接続部品 (22～30),0022000707,平成22年7月
49825,01030100,生産 金額 (百万円),351200000,接続部品 (22～30),0022000808,平成22年8月
51229,01030100,生産 金額 (百万円),351200000,接続部品 (22～30),0022000909,平成22年9月
48611,01030100,生産 金額 (百万円),351200000,接続部品 (22～30),0022001010,平成22年10月
46768,01030100,生産 金額 (百万円),351200000,接続部品 (22～30),0022001111,平成22年11月
44364,01030100,生産 金額 (百万円),351200000,接続部品 (22～30),0022001212,平成22年12月
96307,01030100,生産 金額 (百万円),351210000,接続部品 スイッチ(通信･電子装置用に限る) (22～23),0018000000,平成18年
105119,01030100,生産 金額 (百万円),351210000,接続部品 スイッチ(通信･電子装置用に限る) (22～23),0019000000,平成19年
100758,01030100,生産 金額 (百万円),351210000,接続部品 スイッチ(通信･電子装置用に限る) (22～23),0020000000,平成20年
72801,01030100,生産 金額 (百万円),351210000,接続部品 スイッチ(通信･電子装置用に限る) (22～23),0021000000,平成21年
71721,01030100,生産 金額 (百万円),351210000,接続部品 スイッチ(通信･電子装置用に限る) (22～23),0022000000,平成22年
90808,01030100,生産 金額 (百万円),351210000,接続部品 スイッチ(通信･電子装置用に限る) (22～23),0020010000,平成20年度
73457,01030100,生産 金額 (百万円),351210000,接続部品 スイッチ(通信･電子装置用に限る) (22～23),0021010000,平成21年度
16412,01030100,生産 金額 (百万円),351210000,接続部品 スイッチ(通信･電子装置用に限る) (22～23),0022000103,平成22年 1 ～ 3 月
18563,01030100,生産 金額 (百万円),351210000,接続部品 スイッチ(通信･電子装置用に限る) (22～23),0022000406,平成22年 4 ～ 6 月
19650,01030100,生産 金額 (百万円),351210000,接続部品 スイッチ(通信･電子装置用に限る) (22～23),0022000709,平成22年 7 ～ 9 月
17096,01030100,生産 金額 (百万円),351210000,接続部品 スイッチ(通信･電子装置用に限る) (22～23),0022001012,平成22年 10 ～ 12 月
5396,01030100,生産 金額 (百万円),351210000,接続部品 スイッチ(通信･電子装置用に限る) (22～23),0022000101,平成22年1月
5182,01030100,生産 金額 (百万円),351210000,接続部品 スイッチ(通信･電子装置用に限る) (22～23),0022000202,平成22年2月
5834,01030100,生産 金額 (百万円),351210000,接続部品 スイッチ(通信･電子装置用に限る) (22～23),0022000303,平成22年3月
6275,01030100,生産 金額 (百万円),351210000,接続部品 スイッチ(通信･電子装置用に限る) (22～23),0022000404,平成22年4月
5907,01030100,生産 金額 (百万円),351210000,接続部品 スイッチ(通信･電子装置用に限る) (22～23),0022000505,平成22年5月
6381,01030100,生産 金額 (百万円),351210000,接続部品 スイッチ(通信･電子装置用に限る) (22～23),0022000606,平成22年6月
6728,01030100,生産 金額 (百万円),351210000,接続部品 スイッチ(通信･電子装置用に限る) (22～23),0022000707,平成22年7月
6263,01030100,生産 金額 (百万円),351210000,接続部品 スイッチ(通信･電子装置用に限る) (22～23),0022000808,平成22年8月
6659,01030100,生産 金額 (百万円),351210000,接続部品 スイッチ(通信･電子装置用に限る) (22～23),0022000909,平成22年9月
5890,01030100,生産 金額 (百万円),351210000,接続部品 スイッチ(通信･電子装置用に限る) (22～23),0022001010,平成22年10月
5859,01030100,生産 金額 (百万円),351210000,接続部品 スイッチ(通信･電子装置用に限る) (22～23),0022001111,平成22年11月
5347,01030100,生産 金額 (百万円),351210000,接続部品 スイッチ(通信･電子装置用に限る) (22～23),0022001212,平成22年12月
10490,01030100,生産 金額 (百万円),351211000,接続部品 スイッチ(通信･電子装置用に限る) キーボードスイッチ (22),0018000000,平成18年
8611,01030100,生産 金額 (百万円),351211000,接続部品 スイッチ(通信･電子装置用に限る) キーボードスイッチ (22),0019000000,平成19年
7053,01030100,生産 金額 (百万円),351211000,接続部品 スイッチ(通信･電子装置用に限る) キーボードスイッチ (22),0020000000,平成20年
3407,01030100,生産 金額 (百万円),351211000,接続部品 スイッチ(通信･電子装置用に限る) キーボードスイッチ (22),0021000000,平成21年
2877,01030100,生産 金額 (百万円),351211000,接続部品 スイッチ(通信･電子装置用に限る) キーボードスイッチ (22),0022000000,平成22年
5657,01030100,生産 金額 (百万円),351211000,接続部品 スイッチ(通信･電子装置用に限る) キーボードスイッチ (22),0020010000,平成20年度
3399,01030100,生産 金額 (百万円),351211000,接続部品 スイッチ(通信･電子装置用に限る) キーボードスイッチ (22),0021010000,平成21年度
715,01030100,生産 金額 (百万円),351211000,接続部品 スイッチ(通信･電子装置用に限る) キーボードスイッチ (22),0022000103,平成22年 1 ～ 3 月
728,01030100,生産 金額 (百万円),351211000,接続部品 スイッチ(通信･電子装置用に限る) キーボードスイッチ (22),0022000406,平成22年 4 ～ 6 月
760,01030100,生産 金額 (百万円),351211000,接続部品 スイッチ(通信･電子装置用に限る) キーボードスイッチ (22),0022000709,平成22年 7 ～ 9 月
674,01030100,生産 金額 (百万円),351211000,接続部品 スイッチ(通信･電子装置用に限る) キーボードスイッチ (22),0022001012,平成22年 10 ～ 12 月
213,01030100,生産 金額 (百万円),351211000,接続部品 スイッチ(通信･電子装置用に限る) キーボードスイッチ (22),0022000101,平成22年1月
224,01030100,生産 金額 (百万円),351211000,接続部品 スイッチ(通信･電子装置用に限る) キーボードスイッチ (22),0022000202,平成22年2月
278,01030100,生産 金額 (百万円),351211000,接続部品 スイッチ(通信･電子装置用に限る) キーボードスイッチ (22),0022000303,平成22年3月
242,01030100,生産 金額 (百万円),351211000,接続部品 スイッチ(通信･電子装置用に限る) キーボードスイッチ (22),0022000404,平成22年4月
225,01030100,生産 金額 (百万円),351211000,接続部品 スイッチ(通信･電子装置用に限る) キーボードスイッチ (22),0022000505,平成22年5月
261,01030100,生産 金額 (百万円),351211000,接続部品 スイッチ(通信･電子装置用に限る) キーボードスイッチ (22),0022000606,平成22年6月
280,01030100,生産 金額 (百万円),351211000,接続部品 スイッチ(通信･電子装置用に限る) キーボードスイッチ (22),0022000707,平成22年7月
211,01030100,生産 金額 (百万円),351211000,接続部品 スイッチ(通信･電子装置用に限る) キーボードスイッチ (22),0022000808,平成22年8月
269,01030100,生産 金額 (百万円),351211000,接続部品 スイッチ(通信･電子装置用に限る) キーボードスイッチ (22),0022000909,平成22年9月
224,01030100,生産 金額 (百万円),351211000,接続部品 スイッチ(通信･電子装置用に限る) キーボードスイッチ (22),0022001010,平成22年10月
230,01030100,生産 金額 (百万円),351211000,接続部品 スイッチ(通信･電子装置用に限る) キーボードスイッチ (22),0022001111,平成22年11月
220,01030100,生産 金額 (百万円),351211000,接続部品 スイッチ(通信･電子装置用に限る) キーボードスイッチ (22),0022001212,平成22年12月
85817,01030100,生産 金額 (百万円),351212000,接続部品 スイッチ(通信･電子装置用に限る) その他のスイッチ (23),0018000000,平成18年
96508,01030100,生産 金額 (百万円),351212000,接続部品 スイッチ(通信･電子装置用に限る) その他のスイッチ (23),0019000000,平成19年
93705,01030100,生産 金額 (百万円),351212000,接続部品 スイッチ(通信･電子装置用に限る) その他のスイッチ (23),0020000000,平成20年
69394,01030100,生産 金額 (百万円),351212000,接続部品 スイッチ(通信･電子装置用に限る) その他のスイッチ (23),0021000000,平成21年
68844,01030100,生産 金額 (百万円),351212000,接続部品 スイッチ(通信･電子装置用に限る) その他のスイッチ (23),0022000000,平成22年
85151,01030100,生産 金額 (百万円),351212000,接続部品 スイッチ(通信･電子装置用に限る) その他のスイッチ (23),0020010000,平成20年度
70058,01030100,生産 金額 (百万円),351212000,接続部品 スイッチ(通信･電子装置用に限る) その他のスイッチ (23),0021010000,平成21年度
15697,01030100,生産 金額 (百万円),351212000,接続部品 スイッチ(通信･電子装置用に限る) その他のスイッチ (23),0022000103,平成22年 1 ～ 3 月
17835,01030100,生産 金額 (百万円),351212000,接続部品 スイッチ(通信･電子装置用に限る) その他のスイッチ (23),0022000406,平成22年 4 ～ 6 月
18890,01030100,生産 金額 (百万円),351212000,接続部品 スイッチ(通信･電子装置用に限る) その他のスイッチ (23),0022000709,平成22年 7 ～ 9 月
16422,01030100,生産 金額 (百万円),351212000,接続部品 スイッチ(通信･電子装置用に限る) その他のスイッチ (23),0022001012,平成22年 10 ～ 12 月
5183,01030100,生産 金額 (百万円),351212000,接続部品 スイッチ(通信･電子装置用に限る) その他のスイッチ (23),0022000101,平成22年1月
4958,01030100,生産 金額 (百万円),351212000,接続部品 スイッチ(通信･電子装置用に限る) その他のスイッチ (23),0022000202,平成22年2月
5556,01030100,生産 金額 (百万円),351212000,接続部品 スイッチ(通信･電子装置用に限る) その他のスイッチ (23),0022000303,平成22年3月
6033,01030100,生産 金額 (百万円),351212000,接続部品 スイッチ(通信･電子装置用に限る) その他のスイッチ (23),0022000404,平成22年4月
5682,01030100,生産 金額 (百万円),351212000,接続部品 スイッチ(通信･電子装置用に限る) その他のスイッチ (23),0022000505,平成22年5月
6120,01030100,生産 金額 (百万円),351212000,接続部品 スイッチ(通信･電子装置用に限る) その他のスイッチ (23),0022000606,平成22年6月
6448,01030100,生産 金額 (百万円),351212000,接続部品 スイッチ(通信･電子装置用に限る) その他のスイッチ (23),0022000707,平成22年7月
6052,01030100,生産 金額 (百万円),351212000,接続部品 スイッチ(通信･電子装置用に限る) その他のスイッチ (23),0022000808,平成22年8月
6390,01030100,生産 金額 (百万円),351212000,接続部品 スイッチ(通信･電子装置用に限る) その他のスイッチ (23),0022000909,平成22年9月
5666,01030100,生産 金額 (百万円),351212000,接続部品 スイッチ(通信･電子装置用に限る) その他のスイッチ (23),0022001010,平成22年10月
5629,01030100,生産 金額 (百万円),351212000,接続部品 スイッチ(通信･電子装置用に限る) その他のスイッチ (23),0022001111,平成22年11月
5127,01030100,生産 金額 (百万円),351212000,接続部品 スイッチ(通信･電子装置用に限る) その他のスイッチ (23),0022001212,平成22年12月
536899,01030100,生産 金額 (百万円),351220000,接続部品 コネクタ (24～29),0018000000,平成18年
547349,01030100,生産 金額 (百万円),351220000,接続部品 コネクタ (24～29),0019000000,平成19年
503273,01030100,生産 金額 (百万円),351220000,接続部品 コネクタ (24～29),0020000000,平成20年
379107,01030100,生産 金額 (百万円),351220000,接続部品 コネクタ (24～29),0021000000,平成21年
477500,01030100,生産 金額 (百万円),351220000,接続部品 コネクタ (24～29),0022000000,平成22年
438579,01030100,生産 金額 (百万円),351220000,接続部品 コネクタ (24～29),0020010000,平成20年度
417220,01030100,生産 金額 (百万円),351220000,接続部品 コネクタ (24～29),0021010000,平成21年度
107589,01030100,生産 金額 (百万円),351220000,接続部品 コネクタ (24～29),0022000103,平成22年 1 ～ 3 月
123161,01030100,生産 金額 (百万円),351220000,接続部品 コネクタ (24～29),0022000406,平成22年 4 ～ 6 月
128167,01030100,生産 金額 (百万円),351220000,接続部品 コネクタ (24～29),0022000709,平成22年 7 ～ 9 月
118583,01030100,生産 金額 (百万円),351220000,接続部品 コネクタ (24～29),0022001012,平成22年 10 ～ 12 月
32629,01030100,生産 金額 (百万円),351220000,接続部品 コネクタ (24～29),0022000101,平成22年1月
35095,01030100,生産 金額 (百万円),351220000,接続部品 コネクタ (24～29),0022000202,平成22年2月
39865,01030100,生産 金額 (百万円),351220000,接続部品 コネクタ (24～29),0022000303,平成22年3月
42447,01030100,生産 金額 (百万円),351220000,接続部品 コネクタ (24～29),0022000404,平成22年4月
39106,01030100,生産 金額 (百万円),351220000,接続部品 コネクタ (24～29),0022000505,平成22年5月
41608,01030100,生産 金額 (百万円),351220000,接続部品 コネクタ (24～29),0022000606,平成22年6月
42687,01030100,生産 金額 (百万円),351220000,接続部品 コネクタ (24～29),0022000707,平成22年7月
42219,01030100,生産 金額 (百万円),351220000,接続部品 コネクタ (24～29),0022000808,平成22年8月
43261,01030100,生産 金額 (百万円),351220000,接続部品 コネクタ (24～29),0022000909,平成22年9月
41422,01030100,生産 金額 (百万円),351220000,接続部品 コネクタ (24～29),0022001010,平成22年10月
39478,01030100,生産 金額 (百万円),351220000,接続部品 コネクタ (24～29),0022001111,平成22年11月
37683,01030100,生産 金額 (百万円),351220000,接続部品 コネクタ (24～29),0022001212,平成22年12月
26214,01030100,生産 金額 (百万円),351221000,接続部品 コネクタ 同軸コネクタ (24),0018000000,平成18年
29344,01030100,生産 金額 (百万円),351221000,接続部品 コネクタ 同軸コネクタ (24),0019000000,平成19年
29809,01030100,生産 金額 (百万円),351221000,接続部品 コネクタ 同軸コネクタ (24),0020000000,平成20年
19590,01030100,生産 金額 (百万円),351221000,接続部品 コネクタ 同軸コネクタ (24),0021000000,平成21年
20974,01030100,生産 金額 (百万円),351221000,接続部品 コネクタ 同軸コネクタ (24),0022000000,平成22年
26184,01030100,生産 金額 (百万円),351221000,接続部品 コネクタ 同軸コネクタ (24),0020010000,平成20年度
20451,01030100,生産 金額 (百万円),351221000,接続部品 コネクタ 同軸コネクタ (24),0021010000,平成21年度
5001,01030100,生産 金額 (百万円),351221000,接続部品 コネクタ 同軸コネクタ (24),0022000103,平成22年 1 ～ 3 月
5148,01030100,生産 金額 (百万円),351221000,接続部品 コネクタ 同軸コネクタ (24),0022000406,平成22年 4 ～ 6 月
5567,01030100,生産 金額 (百万円),351221000,接続部品 コネクタ 同軸コネクタ (24),0022000709,平成22年 7 ～ 9 月
5258,01030100,生産 金額 (百万円),351221000,接続部品 コネクタ 同軸コネクタ (24),0022001012,平成22年 10 ～ 12 月
1621,01030100,生産 金額 (百万円),351221000,接続部品 コネクタ 同軸コネクタ (24),0022000101,平成22年1月
1605,01030100,生産 金額 (百万円),351221000,接続部品 コネクタ 同軸コネクタ (24),0022000202,平成22年2月
1775,01030100,生産 金額 (百万円),351221000,接続部品 コネクタ 同軸コネクタ (24),0022000303,平成22年3月
1680,01030100,生産 金額 (百万円),351221000,接続部品 コネクタ 同軸コネクタ (24),0022000404,平成22年4月
1621,01030100,生産 金額 (百万円),351221000,接続部品 コネクタ 同軸コネクタ (24),0022000505,平成22年5月
1847,01030100,生産 金額 (百万円),351221000,接続部品 コネクタ 同軸コネクタ (24),0022000606,平成22年6月
1817,01030100,生産 金額 (百万円),351221000,接続部品 コネクタ 同軸コネクタ (24),0022000707,平成22年7月
1859,01030100,生産 金額 (百万円),351221000,接続部品 コネクタ 同軸コネクタ (24),0022000808,平成22年8月
1891,01030100,生産 金額 (百万円),351221000,接続部品 コネクタ 同軸コネクタ (24),0022000909,平成22年9月
1786,01030100,生産 金額 (百万円),351221000,接続部品 コネクタ 同軸コネクタ (24),0022001010,平成22年10月
1887,01030100,生産 金額 (百万円),351221000,接続部品 コネクタ 同軸コネクタ (24),0022001111,平成22年11月
1585,01030100,生産 金額 (百万円),351221000,接続部品 コネクタ 同軸コネクタ (24),0022001212,平成22年12月
383634,01030100,生産 金額 (百万円),351222000,接続部品 コネクタ プリント基板用コネクタ (25),0018000000,平成18年
386225,01030100,生産 金額 (百万円),351222000,接続部品 コネクタ プリント基板用コネクタ (25),0019000000,平成19年
353415,01030100,生産 金額 (百万円),351222000,接続部品 コネクタ プリント基板用コネクタ (25),0020000000,平成20年
274577,01030100,生産 金額 (百万円),351222000,接続部品 コネクタ プリント基板用コネクタ (25),0021000000,平成21年
343207,01030100,生産 金額 (百万円),351222000,接続部品 コネクタ プリント基板用コネクタ (25),0022000000,平成22年
308138,01030100,生産 金額 (百万円),351222000,接続部品 コネクタ プリント基板用コネクタ (25),0020010000,平成20年度
302218,01030100,生産 金額 (百万円),351222000,接続部品 コネクタ プリント基板用コネクタ (25),0021010000,平成21年度
77541,01030100,生産 金額 (百万円),351222000,接続部品 コネクタ プリント基板用コネクタ (25),0022000103,平成22年 1 ～ 3 月
88910,01030100,生産 金額 (百万円),351222000,接続部品 コネクタ プリント基板用コネクタ (25),0022000406,平成22年 4 ～ 6 月
92361,01030100,生産 金額 (百万円),351222000,接続部品 コネクタ プリント基板用コネクタ (25),0022000709,平成22年 7 ～ 9 月
84395,01030100,生産 金額 (百万円),351222000,接続部品 コネクタ プリント基板用コネクタ (25),0022001012,平成22年 10 ～ 12 月
23374,01030100,生産 金額 (百万円),351222000,接続部品 コネクタ プリント基板用コネクタ (25),0022000101,平成22年1月
25131,01030100,生産 金額 (百万円),351222000,接続部品 コネクタ プリント基板用コネクタ (25),0022000202,平成22年2月
29036,01030100,生産 金額 (百万円),351222000,接続部品 コネクタ プリント基板用コネクタ (25),0022000303,平成22年3月
30465,01030100,生産 金額 (百万円),351222000,接続部品 コネクタ プリント基板用コネクタ (25),0022000404,平成22年4月
28841,01030100,生産 金額 (百万円),351222000,接続部品 コネクタ プリント基板用コネクタ (25),0022000505,平成22年5月
29604,01030100,生産 金額 (百万円),351222000,接続部品 コネクタ プリント基板用コネクタ (25),0022000606,平成22年6月
30574,01030100,生産 金額 (百万円),351222000,接続部品 コネクタ プリント基板用コネクタ (25),0022000707,平成22年7月
30658,01030100,生産 金額 (百万円),351222000,接続部品 コネクタ プリント基板用コネクタ (25),0022000808,平成22年8月
31129,01030100,生産 金額 (百万円),351222000,接続部品 コネクタ プリント基板用コネクタ (25),0022000909,平成22年9月
29950,01030100,生産 金額 (百万円),351222000,接続部品 コネクタ プリント基板用コネクタ (25),0022001010,平成22年10月
27746,01030100,生産 金額 (百万円),351222000,接続部品 コネクタ プリント基板用コネクタ (25),0022001111,平成22年11月
26699,01030100,生産 金額 (百万円),351222000,接続部品 コネクタ プリント基板用コネクタ (25),0022001212,平成22年12月
6497,01030100,生産 金額 (百万円),351223000,接続部品 コネクタ 光コネクタ (26),0018000000,平成18年
6408,01030100,生産 金額 (百万円),351223000,接続部品 コネクタ 光コネクタ (26),0019000000,平成19年
7432,01030100,生産 金額 (百万円),351223000,接続部品 コネクタ 光コネクタ (26),0020000000,平成20年
6766,01030100,生産 金額 (百万円),351223000,接続部品 コネクタ 光コネクタ (26),0021000000,平成21年
7403,01030100,生産 金額 (百万円),351223000,接続部品 コネクタ 光コネクタ (26),0022000000,平成22年
7146,01030100,生産 金額 (百万円),351223000,接続部品 コネクタ 光コネクタ (26),0020010000,平成20年度
6974,01030100,生産 金額 (百万円),351223000,接続部品 コネクタ 光コネクタ (26),0021010000,平成21年度
1793,01030100,生産 金額 (百万円),351223000,接続部品 コネクタ 光コネクタ (26),0022000103,平成22年 1 ～ 3 月
1930,01030100,生産 金額 (百万円),351223000,接続部品 コネクタ 光コネクタ (26),0022000406,平成22年 4 ～ 6 月
1920,01030100,生産 金額 (百万円),351223000,接続部品 コネクタ 光コネクタ (26),0022000709,平成22年 7 ～ 9 月
1760,01030100,生産 金額 (百万円),351223000,接続部品 コネクタ 光コネクタ (26),0022001012,平成22年 10 ～ 12 月
572,01030100,生産 金額 (百万円),351223000,接続部品 コネクタ 光コネクタ (26),0022000101,平成22年1月
566,01030100,生産 金額 (百万円),351223000,接続部品 コネクタ 光コネクタ (26),0022000202,平成22年2月
655,01030100,生産 金額 (百万円),351223000,接続部品 コネクタ 光コネクタ (26),0022000303,平成22年3月
666,01030100,生産 金額 (百万円),351223000,接続部品 コネクタ 光コネクタ (26),0022000404,平成22年4月
671,01030100,生産 金額 (百万円),351223000,接続部品 コネクタ 光コネクタ (26),0022000505,平成22年5月
593,01030100,生産 金額 (百万円),351223000,接続部品 コネクタ 光コネクタ (26),0022000606,平成22年6月
668,01030100,生産 金額 (百万円),351223000,接続部品 コネクタ 光コネクタ (26),0022000707,平成22年7月
601,01030100,生産 金額 (百万円),351223000,接続部品 コネクタ 光コネクタ (26),0022000808,平成22年8月
651,01030100,生産 金額 (百万円),351223000,接続部品 コネクタ 光コネクタ (26),0022000909,平成22年9月
600,01030100,生産 金額 (百万円),351223000,接続部品 コネクタ 光コネクタ (26),0022001010,平成22年10月
611,01030100,生産 金額 (百万円),351223000,接続部品 コネクタ 光コネクタ (26),0022001111,平成22年11月
549,01030100,生産 金額 (百万円),351223000,接続部品 コネクタ 光コネクタ (26),0022001212,平成22年12月
21593,01030100,生産 金額 (百万円),351224000,接続部品 コネクタ 丸形コネクタ (27),0018000000,平成18年
20197,01030100,生産 金額 (百万円),351224000,接続部品 コネクタ 丸形コネクタ (27),0019000000,平成19年
19737,01030100,生産 金額 (百万円),351224000,接続部品 コネクタ 丸形コネクタ (27),0020000000,平成20年
10755,01030100,生産 金額 (百万円),351224000,接続部品 コネクタ 丸形コネクタ (27),0021000000,平成21年
20175,01030100,生産 金額 (百万円),351224000,接続部品 コネクタ 丸形コネクタ (27),0022000000,平成22年
16638,01030100,生産 金額 (百万円),351224000,接続部品 コネクタ 丸形コネクタ (27),0020010000,平成20年度
12747,01030100,生産 金額 (百万円),351224000,接続部品 コネクタ 丸形コネクタ (27),0021010000,平成21年度
4284,01030100,生産 金額 (百万円),351224000,接続部品 コネクタ 丸形コネクタ (27),0022000103,平成22年 1 ～ 3 月
5246,01030100,生産 金額 (百万円),351224000,接続部品 コネクタ 丸形コネクタ (27),0022000406,平成22年 4 ～ 6 月
5450,01030100,生産 金額 (百万円),351224000,接続部品 コネクタ 丸形コネクタ (27),0022000709,平成22年 7 ～ 9 月
5195,01030100,生産 金額 (百万円),351224000,接続部品 コネクタ 丸形コネクタ (27),0022001012,平成22年 10 ～ 12 月
1273,01030100,生産 金額 (百万円),351224000,接続部品 コネクタ 丸形コネクタ (27),0022000101,平成22年1月
1359,01030100,生産 金額 (百万円),351224000,接続部品 コネクタ 丸形コネクタ (27),0022000202,平成22年2月
1652,01030100,生産 金額 (百万円),351224000,接続部品 コネクタ 丸形コネクタ (27),0022000303,平成22年3月
1742,01030100,生産 金額 (百万円),351224000,接続部品 コネクタ 丸形コネクタ (27),0022000404,平成22年4月
1627,01030100,生産 金額 (百万円),351224000,接続部品 コネクタ 丸形コネクタ (27),0022000505,平成22年5月
1877,01030100,生産 金額 (百万円),351224000,接続部品 コネクタ 丸形コネクタ (27),0022000606,平成22年6月
1911,01030100,生産 金額 (百万円),351224000,接続部品 コネクタ 丸形コネクタ (27),0022000707,平成22年7月
1704,01030100,生産 金額 (百万円),351224000,接続部品 コネクタ 丸形コネクタ (27),0022000808,平成22年8月
1835,01030100,生産 金額 (百万円),351224000,接続部品 コネクタ 丸形コネクタ (27),0022000909,平成22年9月
1739,01030100,生産 金額 (百万円),351224000,接続部品 コネクタ 丸形コネクタ (27),0022001010,平成22年10月
1782,01030100,生産 金額 (百万円),351224000,接続部品 コネクタ 丸形コネクタ (27),0022001111,平成22年11月
1674,01030100,生産 金額 (百万円),351224000,接続部品 コネクタ 丸形コネクタ (27),0022001212,平成22年12月
41467,01030100,生産 金額 (百万円),351225000,接続部品 コネクタ 角形コネクタ (28),0018000000,平成18年
41507,01030100,生産 金額 (百万円),351225000,接続部品 コネクタ 角形コネクタ (28),0019000000,平成19年
35750,01030100,生産 金額 (百万円),351225000,接続部品 コネクタ 角形コネクタ (28),0020000000,平成20年
26602,01030100,生産 金額 (百万円),351225000,接続部品 コネクタ 角形コネクタ (28),0021000000,平成21年
37241,01030100,生産 金額 (百万円),351225000,接続部品 コネクタ 角形コネクタ (28),0022000000,平成22年
30582,01030100,生産 金額 (百万円),351225000,接続部品 コネクタ 角形コネクタ (28),0020010000,平成20年度
30534,01030100,生産 金額 (百万円),351225000,接続部品 コネクタ 角形コネクタ (28),0021010000,平成21年度
8323,01030100,生産 金額 (百万円),351225000,接続部品 コネクタ 角形コネクタ (28),0022000103,平成22年 1 ～ 3 月
10009,01030100,生産 金額 (百万円),351225000,接続部品 コネクタ 角形コネクタ (28),0022000406,平成22年 4 ～ 6 月
9788,01030100,生産 金額 (百万円),351225000,接続部品 コネクタ 角形コネクタ (28),0022000709,平成22年 7 ～ 9 月
9121,01030100,生産 金額 (百万円),351225000,接続部品 コネクタ 角形コネクタ (28),0022001012,平成22年 10 ～ 12 月
2441,01030100,生産 金額 (百万円),351225000,接続部品 コネクタ 角形コネクタ (28),0022000101,平成22年1月
2971,01030100,生産 金額 (百万円),351225000,接続部品 コネクタ 角形コネクタ (28),0022000202,平成22年2月
2911,01030100,生産 金額 (百万円),351225000,接続部品 コネクタ 角形コネクタ (28),0022000303,平成22年3月
3862,01030100,生産 金額 (百万円),351225000,接続部品 コネクタ 角形コネクタ (28),0022000404,平成22年4月
2615,01030100,生産 金額 (百万円),351225000,接続部品 コネクタ 角形コネクタ (28),0022000505,平成22年5月
3532,01030100,生産 金額 (百万円),351225000,接続部品 コネクタ 角形コネクタ (28),0022000606,平成22年6月
3272,01030100,生産 金額 (百万円),351225000,接続部品 コネクタ 角形コネクタ (28),0022000707,平成22年7月
3250,01030100,生産 金額 (百万円),351225000,接続部品 コネクタ 角形コネクタ (28),0022000808,平成22年8月
3266,01030100,生産 金額 (百万円),351225000,接続部品 コネクタ 角形コネクタ (28),0022000909,平成22年9月
2977,01030100,生産 金額 (百万円),351225000,接続部品 コネクタ 角形コネクタ (28),0022001010,平成22年10月
3262,01030100,生産 金額 (百万円),351225000,接続部品 コネクタ 角形コネクタ (28),0022001111,平成22年11月
2882,01030100,生産 金額 (百万円),351225000,接続部品 コネクタ 角形コネクタ (28),0022001212,平成22年12月
57494,01030100,生産 金額 (百万円),351226000,接続部品 コネクタ その他のコネクタ (29),0018000000,平成18年
63668,01030100,生産 金額 (百万円),351226000,接続部品 コネクタ その他のコネクタ (29),0019000000,平成19年
57130,01030100,生産 金額 (百万円),351226000,接続部品 コネクタ その他のコネクタ (29),0020000000,平成20年
40817,01030100,生産 金額 (百万円),351226000,接続部品 コネクタ その他のコネクタ (29),0021000000,平成21年
48500,01030100,生産 金額 (百万円),351226000,接続部品 コネクタ その他のコネクタ (29),0022000000,平成22年
49891,01030100,生産 金額 (百万円),351226000,接続部品 コネクタ その他のコネクタ (29),0020010000,平成20年度
44296,01030100,生産 金額 (百万円),351226000,接続部品 コネクタ その他のコネクタ (29),0021010000,平成21年度
10647,01030100,生産 金額 (百万円),351226000,接続部品 コネクタ その他のコネクタ (29),0022000103,平成22年 1 ～ 3 月
11918,01030100,生産 金額 (百万円),351226000,接続部品 コネクタ その他のコネクタ (29),0022000406,平成22年 4 ～ 6 月
13081,01030100,生産 金額 (百万円),351226000,接続部品 コネクタ その他のコネクタ (29),0022000709,平成22年 7 ～ 9 月
12854,01030100,生産 金額 (百万円),351226000,接続部品 コネクタ その他のコネクタ (29),0022001012,平成22年 10 ～ 12 月
3348,01030100,生産 金額 (百万円),351226000,接続部品 コネクタ その他のコネクタ (29),0022000101,平成22年1月
3463,01030100,生産 金額 (百万円),351226000,接続部品 コネクタ その他のコネクタ (29),0022000202,平成22年2月
3836,01030100,生産 金額 (百万円),351226000,接続部品 コネクタ その他のコネクタ (29),0022000303,平成22年3月
4032,01030100,生産 金額 (百万円),351226000,接続部品 コネクタ その他のコネクタ (29),0022000404,平成22年4月
3731,01030100,生産 金額 (百万円),351226000,接続部品 コネクタ その他のコネクタ (29),0022000505,平成22年5月
4155,01030100,生産 金額 (百万円),351226000,接続部品 コネクタ その他のコネクタ (29),0022000606,平成22年6月
4445,01030100,生産 金額 (百万円),351226000,接続部品 コネクタ その他のコネクタ (29),0022000707,平成22年7月
4147,01030100,生産 金額 (百万円),351226000,接続部品 コネクタ その他のコネクタ (29),0022000808,平成22年8月
4489,01030100,生産 金額 (百万円),351226000,接続部品 コネクタ その他のコネクタ (29),0022000909,平成22年9月
4370,01030100,生産 金額 (百万円),351226000,接続部品 コネクタ その他のコネクタ (29),0022001010,平成22年10月
4190,01030100,生産 金額 (百万円),351226000,接続部品 コネクタ その他のコネクタ (29),0022001111,平成22年11月
4294,01030100,生産 金額 (百万円),351226000,接続部品 コネクタ その他のコネクタ (29),0022001212,平成22年12月
18861,01030100,生産 金額 (百万円),351230000,接続部品 リレー（有線通信機器用に限る） (30),0018000000,平成18年
19393,01030100,生産 金額 (百万円),351230000,接続部品 リレー（有線通信機器用に限る） (30),0019000000,平成19年
18004,01030100,生産 金額 (百万円),351230000,接続部品 リレー（有線通信機器用に限る） (30),0020000000,平成20年
11715,01030100,生産 金額 (百万円),351230000,接続部品 リレー（有線通信機器用に限る） (30),0021000000,平成21年
15717,01030100,生産 金額 (百万円),351230000,接続部品 リレー（有線通信機器用に限る） (30),0022000000,平成22年
15287,01030100,生産 金額 (百万円),351230000,接続部品 リレー（有線通信機器用に限る） (30),0020010000,平成20年度
13633,01030100,生産 金額 (百万円),351230000,接続部品 リレー（有線通信機器用に限る） (30),0021010000,平成21年度
3765,01030100,生産 金額 (百万円),351230000,接続部品 リレー（有線通信機器用に限る） (30),0022000103,平成22年 1 ～ 3 月
3905,01030100,生産 金額 (百万円),351230000,接続部品 リレー（有線通信機器用に限る） (30),0022000406,平成22年 4 ～ 6 月
3983,01030100,生産 金額 (百万円),351230000,接続部品 リレー（有線通信機器用に限る） (30),0022000709,平成22年 7 ～ 9 月
4064,01030100,生産 金額 (百万円),351230000,接続部品 リレー（有線通信機器用に限る） (30),0022001012,平成22年 10 ～ 12 月
1286,01030100,生産 金額 (百万円),351230000,接続部品 リレー（有線通信機器用に限る） (30),0022000101,平成22年1月
1115,01030100,生産 金額 (百万円),351230000,接続部品 リレー（有線通信機器用に限る） (30),0022000202,平成22年2月
1364,01030100,生産 金額 (百万円),351230000,接続部品 リレー（有線通信機器用に限る） (30),0022000303,平成22年3月
1359,01030100,生産 金額 (百万円),351230000,接続部品 リレー（有線通信機器用に限る） (30),0022000404,平成22年4月
1279,01030100,生産 金額 (百万円),351230000,接続部品 リレー（有線通信機器用に限る） (30),0022000505,平成22年5月
1267,01030100,生産 金額 (百万円),351230000,接続部品 リレー（有線通信機器用に限る） (30),0022000606,平成22年6月
1331,01030100,生産 金額 (百万円),351230000,接続部品 リレー（有線通信機器用に限る） (30),0022000707,平成22年7月
1343,01030100,生産 金額 (百万円),351230000,接続部品 リレー（有線通信機器用に限る） (30),0022000808,平成22年8月
1309,01030100,生産 金額 (百万円),351230000,接続部品 リレー（有線通信機器用に限る） (30),0022000909,平成22年9月
1299,01030100,生産 金額 (百万円),351230000,接続部品 リレー（有線通信機器用に限る） (30),0022001010,平成22年10月
1431,01030100,生産 金額 (百万円),351230000,接続部品 リレー（有線通信機器用に限る） (30),0022001111,平成22年11月
1334,01030100,生産 金額 (百万円),351230000,接続部品 リレー（有線通信機器用に限る） (30),0022001212,平成22年12月
962678,01030100,生産 金額 (百万円),351300000,電子回路基板 (31～41),0018000000,平成18年
1002386,01030100,生産 金額 (百万円),351300000,電子回路基板 (31～41),0019000000,平成19年
895858,01030100,生産 金額 (百万円),351300000,電子回路基板 (31～41),0020000000,平成20年
626147,01030100,生産 金額 (百万円),351300000,電子回路基板 (31～41),0021000000,平成21年
723749,01030100,生産 金額 (百万円),351300000,電子回路基板 (31～41),0022000000,平成22年
771014,01030100,生産 金額 (百万円),351300000,電子回路基板 (31～41),0020010000,平成20年度
687247,01030100,生産 金額 (百万円),351300000,電子回路基板 (31～41),0021010000,平成21年度
178785,01030100,生産 金額 (百万円),351300000,電子回路基板 (31～41),0022000103,平成22年 1 ～ 3 月
182871,01030100,生産 金額 (百万円),351300000,電子回路基板 (31～41),0022000406,平成22年 4 ～ 6 月
183938,01030100,生産 金額 (百万円),351300000,電子回路基板 (31～41),0022000709,平成22年 7 ～ 9 月
178155,01030100,生産 金額 (百万円),351300000,電子回路基板 (31～41),0022001012,平成22年 10 ～ 12 月
57828,01030100,生産 金額 (百万円),351300000,電子回路基板 (31～41),0022000101,平成22年1月
57770,01030100,生産 金額 (百万円),351300000,電子回路基板 (31～41),0022000202,平成22年2月
63187,01030100,生産 金額 (百万円),351300000,電子回路基板 (31～41),0022000303,平成22年3月
61764,01030100,生産 金額 (百万円),351300000,電子回路基板 (31～41),0022000404,平成22年4月
58954,01030100,生産 金額 (百万円),351300000,電子回路基板 (31～41),0022000505,平成22年5月
62153,01030100,生産 金額 (百万円),351300000,電子回路基板 (31～41),0022000606,平成22年6月
62983,01030100,生産 金額 (百万円),351300000,電子回路基板 (31～41),0022000707,平成22年7月
59867,01030100,生産 金額 (百万円),351300000,電子回路基板 (31～41),0022000808,平成22年8月
61088,01030100,生産 金額 (百万円),351300000,電子回路基板 (31～41),0022000909,平成22年9月
56901,01030100,生産 金額 (百万円),351300000,電子回路基板 (31～41),0022001010,平成22年10月
60774,01030100,生産 金額 (百万円),351300000,電子回路基板 (31～41),0022001111,平成22年11月
60480,01030100,生産 金額 (百万円),351300000,電子回路基板 (31～41),0022001212,平成22年12月
608348,01030100,生産 金額 (百万円),351310000,電子回路基板 リジッドプリント配線板 (31～36),0018000000,平成18年
622923,01030100,生産 金額 (百万円),351310000,電子回路基板 リジッドプリント配線板 (31～36),0019000000,平成19年
559337,01030100,生産 金額 (百万円),351310000,電子回路基板 リジッドプリント配線板 (31～36),0020000000,平成20年
397756,01030100,生産 金額 (百万円),351310000,電子回路基板 リジッドプリント配線板 (31～36),0021000000,平成21年
461574,01030100,生産 金額 (百万円),351310000,電子回路基板 リジッドプリント配線板 (31～36),0022000000,平成22年
483912,01030100,生産 金額 (百万円),351310000,電子回路基板 リジッドプリント配線板 (31～36),0020010000,平成20年度
435717,01030100,生産 金額 (百万円),351310000,電子回路基板 リジッドプリント配線板 (31～36),0021010000,平成21年度
114946,01030100,生産 金額 (百万円),351310000,電子回路基板 リジッドプリント配線板 (31～36),0022000103,平成22年 1 ～ 3 月
115086,01030100,生産 金額 (百万円),351310000,電子回路基板 リジッドプリント配線板 (31～36),0022000406,平成22年 4 ～ 6 月
117478,01030100,生産 金額 (百万円),351310000,電子回路基板 リジッドプリント配線板 (31～36),0022000709,平成22年 7 ～ 9 月
114064,01030100,生産 金額 (百万円),351310000,電子回路基板 リジッドプリント配線板 (31～36),0022001012,平成22年 10 ～ 12 月
36186,01030100,生産 金額 (百万円),351310000,電子回路基板 リジッドプリント配線板 (31～36),0022000101,平成22年1月
37281,01030100,生産 金額 (百万円),351310000,電子回路基板 リジッドプリント配線板 (31～36),0022000202,平成22年2月
41479,01030100,生産 金額 (百万円),351310000,電子回路基板 リジッドプリント配線板 (31～36),0022000303,平成22年3月
38793,01030100,生産 金額 (百万円),351310000,電子回路基板 リジッドプリント配線板 (31～36),0022000404,平成22年4月
36316,01030100,生産 金額 (百万円),351310000,電子回路基板 リジッドプリント配線板 (31～36),0022000505,平成22年5月
39977,01030100,生産 金額 (百万円),351310000,電子回路基板 リジッドプリント配線板 (31～36),0022000606,平成22年6月
40018,01030100,生産 金額 (百万円),351310000,電子回路基板 リジッドプリント配線板 (31～36),0022000707,平成22年7月
37458,01030100,生産 金額 (百万円),351310000,電子回路基板 リジッドプリント配線板 (31～36),0022000808,平成22年8月
40002,01030100,生産 金額 (百万円),351310000,電子回路基板 リジッドプリント配線板 (31～36),0022000909,平成22年9月
38967,01030100,生産 金額 (百万円),351310000,電子回路基板 リジッドプリント配線板 (31～36),0022001010,平成22年10月
38139,01030100,生産 金額 (百万円),351310000,電子回路基板 リジッドプリント配線板 (31～36),0022001111,平成22年11月
36958,01030100,生産 金額 (百万円),351310000,電子回路基板 リジッドプリント配線板 (31～36),0022001212,平成22年12月
14602,01030100,生産 金額 (百万円),351311000,電子回路基板 リジッドプリント配線板 片面プリント配線板 (31),0018000000,平成18年
15549,01030100,生産 金額 (百万円),351311000,電子回路基板 リジッドプリント配線板 片面プリント配線板 (31),0019000000,平成19年
14464,01030100,生産 金額 (百万円),351311000,電子回路基板 リジッドプリント配線板 片面プリント配線板 (31),0020000000,平成20年
10212,01030100,生産 金額 (百万円),351311000,電子回路基板 リジッドプリント配線板 片面プリント配線板 (31),0021000000,平成21年
10564,01030100,生産 金額 (百万円),351311000,電子回路基板 リジッドプリント配線板 片面プリント配線板 (31),0022000000,平成22年
12691,01030100,生産 金額 (百万円),351311000,電子回路基板 リジッドプリント配線板 片面プリント配線板 (31),0020010000,平成20年度
10962,01030100,生産 金額 (百万円),351311000,電子回路基板 リジッドプリント配線板 片面プリント配線板 (31),0021010000,平成21年度
2588,01030100,生産 金額 (百万円),351311000,電子回路基板 リジッドプリント配線板 片面プリント配線板 (31),0022000103,平成22年 1 ～ 3 月
2715,01030100,生産 金額 (百万円),351311000,電子回路基板 リジッドプリント配線板 片面プリント配線板 (31),0022000406,平成22年 4 ～ 6 月
2677,01030100,生産 金額 (百万円),351311000,電子回路基板 リジッドプリント配線板 片面プリント配線板 (31),0022000709,平成22年 7 ～ 9 月
2584,01030100,生産 金額 (百万円),351311000,電子回路基板 リジッドプリント配線板 片面プリント配線板 (31),0022001012,平成22年 10 ～ 12 月
851,01030100,生産 金額 (百万円),351311000,電子回路基板 リジッドプリント配線板 片面プリント配線板 (31),0022000101,平成22年1月
850,01030100,生産 金額 (百万円),351311000,電子回路基板 リジッドプリント配線板 片面プリント配線板 (31),0022000202,平成22年2月
887,01030100,生産 金額 (百万円),351311000,電子回路基板 リジッドプリント配線板 片面プリント配線板 (31),0022000303,平成22年3月
872,01030100,生産 金額 (百万円),351311000,電子回路基板 リジッドプリント配線板 片面プリント配線板 (31),0022000404,平成22年4月
877,01030100,生産 金額 (百万円),351311000,電子回路基板 リジッドプリント配線板 片面プリント配線板 (31),0022000505,平成22年5月
966,01030100,生産 金額 (百万円),351311000,電子回路基板 リジッドプリント配線板 片面プリント配線板 (31),0022000606,平成22年6月
951,01030100,生産 金額 (百万円),351311000,電子回路基板 リジッドプリント配線板 片面プリント配線板 (31),0022000707,平成22年7月
841,01030100,生産 金額 (百万円),351311000,電子回路基板 リジッドプリント配線板 片面プリント配線板 (31),0022000808,平成22年8月
885,01030100,生産 金額 (百万円),351311000,電子回路基板 リジッドプリント配線板 片面プリント配線板 (31),0022000909,平成22年9月
826,01030100,生産 金額 (百万円),351311000,電子回路基板 リジッドプリント配線板 片面プリント配線板 (31),0022001010,平成22年10月
880,01030100,生産 金額 (百万円),351311000,電子回路基板 リジッドプリント配線板 片面プリント配線板 (31),0022001111,平成22年11月
878,01030100,生産 金額 (百万円),351311000,電子回路基板 リジッドプリント配線板 片面プリント配線板 (31),0022001212,平成22年12月
145940,01030100,生産 金額 (百万円),351312000,電子回路基板 リジッドプリント配線板 両面プリント配線板 (32),0018000000,平成18年
149912,01030100,生産 金額 (百万円),351312000,電子回路基板 リジッドプリント配線板 両面プリント配線板 (32),0019000000,平成19年
131415,01030100,生産 金額 (百万円),351312000,電子回路基板 リジッドプリント配線板 両面プリント配線板 (32),0020000000,平成20年
88778,01030100,生産 金額 (百万円),351312000,電子回路基板 リジッドプリント配線板 両面プリント配線板 (32),0021000000,平成21年
90251,01030100,生産 金額 (百万円),351312000,電子回路基板 リジッドプリント配線板 両面プリント配線板 (32),0022000000,平成22年
112866,01030100,生産 金額 (百万円),351312000,電子回路基板 リジッドプリント配線板 両面プリント配線板 (32),0020010000,平成20年度
94065,01030100,生産 金額 (百万円),351312000,電子回路基板 リジッドプリント配線板 両面プリント配線板 (32),0021010000,平成21年度
23045,01030100,生産 金額 (百万円),351312000,電子回路基板 リジッドプリント配線板 両面プリント配線板 (32),0022000103,平成22年 1 ～ 3 月
22888,01030100,生産 金額 (百万円),351312000,電子回路基板 リジッドプリント配線板 両面プリント配線板 (32),0022000406,平成22年 4 ～ 6 月
23068,01030100,生産 金額 (百万円),351312000,電子回路基板 リジッドプリント配線板 両面プリント配線板 (32),0022000709,平成22年 7 ～ 9 月
21250,01030100,生産 金額 (百万円),351312000,電子回路基板 リジッドプリント配線板 両面プリント配線板 (32),0022001012,平成22年 10 ～ 12 月
7622,01030100,生産 金額 (百万円),351312000,電子回路基板 リジッドプリント配線板 両面プリント配線板 (32),0022000101,平成22年1月
7246,01030100,生産 金額 (百万円),351312000,電子回路基板 リジッドプリント配線板 両面プリント配線板 (32),0022000202,平成22年2月
8177,01030100,生産 金額 (百万円),351312000,電子回路基板 リジッドプリント配線板 両面プリント配線板 (32),0022000303,平成22年3月
7586,01030100,生産 金額 (百万円),351312000,電子回路基板 リジッドプリント配線板 両面プリント配線板 (32),0022000404,平成22年4月
7167,01030100,生産 金額 (百万円),351312000,電子回路基板 リジッドプリント配線板 両面プリント配線板 (32),0022000505,平成22年5月
8135,01030100,生産 金額 (百万円),351312000,電子回路基板 リジッドプリント配線板 両面プリント配線板 (32),0022000606,平成22年6月
7784,01030100,生産 金額 (百万円),351312000,電子回路基板 リジッドプリント配線板 両面プリント配線板 (32),0022000707,平成22年7月
7248,01030100,生産 金額 (百万円),351312000,電子回路基板 リジッドプリント配線板 両面プリント配線板 (32),0022000808,平成22年8月
8036,01030100,生産 金額 (百万円),351312000,電子回路基板 リジッドプリント配線板 両面プリント配線板 (32),0022000909,平成22年9月
7239,01030100,生産 金額 (百万円),351312000,電子回路基板 リジッドプリント配線板 両面プリント配線板 (32),0022001010,平成22年10月
7081,01030100,生産 金額 (百万円),351312000,電子回路基板 リジッドプリント配線板 両面プリント配線板 (32),0022001111,平成22年11月
6930,01030100,生産 金額 (百万円),351312000,電子回路基板 リジッドプリント配線板 両面プリント配線板 (32),0022001212,平成22年12月
120347,01030100,生産 金額 (百万円),351313000,電子回路基板 リジッドプリント配線板 多層プリント配線板（4層） (33),0018000000,平成18年
109861,01030100,生産 金額 (百万円),351313000,電子回路基板 リジッドプリント配線板 多層プリント配線板（4層） (33),0019000000,平成19年
93919,01030100,生産 金額 (百万円),351313000,電子回路基板 リジッドプリント配線板 多層プリント配線板（4層） (33),0020000000,平成20年
62897,01030100,生産 金額 (百万円),351313000,電子回路基板 リジッドプリント配線板 多層プリント配線板（4層） (33),0021000000,平成21年
73493,01030100,生産 金額 (百万円),351313000,電子回路基板 リジッドプリント配線板 多層プリント配線板（4層） (33),0022000000,平成22年
79558,01030100,生産 金額 (百万円),351313000,電子回路基板 リジッドプリント配線板 多層プリント配線板（4層） (33),0020010000,平成20年度
69789,01030100,生産 金額 (百万円),351313000,電子回路基板 リジッドプリント配線板 多層プリント配線板（4層） (33),0021010000,平成21年度
19315,01030100,生産 金額 (百万円),351313000,電子回路基板 リジッドプリント配線板 多層プリント配線板（4層） (33),0022000103,平成22年 1 ～ 3 月
18074,01030100,生産 金額 (百万円),351313000,電子回路基板 リジッドプリント配線板 多層プリント配線板（4層） (33),0022000406,平成22年 4 ～ 6 月
18306,01030100,生産 金額 (百万円),351313000,電子回路基板 リジッドプリント配線板 多層プリント配線板（4層） (33),0022000709,平成22年 7 ～ 9 月
17798,01030100,生産 金額 (百万円),351313000,電子回路基板 リジッドプリント配線板 多層プリント配線板（4層） (33),0022001012,平成22年 10 ～ 12 月
6098,01030100,生産 金額 (百万円),351313000,電子回路基板 リジッドプリント配線板 多層プリント配線板（4層） (33),0022000101,平成22年1月
6374,01030100,生産 金額 (百万円),351313000,電子回路基板 リジッドプリント配線板 多層プリント配線板（4層） (33),0022000202,平成22年2月
6843,01030100,生産 金額 (百万円),351313000,電子回路基板 リジッドプリント配線板 多層プリント配線板（4層） (33),0022000303,平成22年3月
6265,01030100,生産 金額 (百万円),351313000,電子回路基板 リジッドプリント配線板 多層プリント配線板（4層） (33),0022000404,平成22年4月
5756,01030100,生産 金額 (百万円),351313000,電子回路基板 リジッドプリント配線板 多層プリント配線板（4層） (33),0022000505,平成22年5月
6053,01030100,生産 金額 (百万円),351313000,電子回路基板 リジッドプリント配線板 多層プリント配線板（4層） (33),0022000606,平成22年6月
6169,01030100,生産 金額 (百万円),351313000,電子回路基板 リジッドプリント配線板 多層プリント配線板（4層） (33),0022000707,平成22年7月
6093,01030100,生産 金額 (百万円),351313000,電子回路基板 リジッドプリント配線板 多層プリント配線板（4層） (33),0022000808,平成22年8月
6044,01030100,生産 金額 (百万円),351313000,電子回路基板 リジッドプリント配線板 多層プリント配線板（4層） (33),0022000909,平成22年9月
5958,01030100,生産 金額 (百万円),351313000,電子回路基板 リジッドプリント配線板 多層プリント配線板（4層） (33),0022001010,平成22年10月
6090,01030100,生産 金額 (百万円),351313000,電子回路基板 リジッドプリント配線板 多層プリント配線板（4層） (33),0022001111,平成22年11月
5750,01030100,生産 金額 (百万円),351313000,電子回路基板 リジッドプリント配線板 多層プリント配線板（4層） (33),0022001212,平成22年12月
133972,01030100,生産 金額 (百万円),351314000,電子回路基板 リジッドプリント配線板 多層プリント配線板（6～8層） (34),0018000000,平成18年
137851,01030100,生産 金額 (百万円),351314000,電子回路基板 リジッドプリント配線板 多層プリント配線板（6～8層） (34),0019000000,平成19年
124687,01030100,生産 金額 (百万円),351314000,電子回路基板 リジッドプリント配線板 多層プリント配線板（6～8層） (34),0020000000,平成20年
87284,01030100,生産 金額 (百万円),351314000,電子回路基板 リジッドプリント配線板 多層プリント配線板（6～8層） (34),0021000000,平成21年
96887,01030100,生産 金額 (百万円),351314000,電子回路基板 リジッドプリント配線板 多層プリント配線板（6～8層） (34),0022000000,平成22年
108918,01030100,生産 金額 (百万円),351314000,電子回路基板 リジッドプリント配線板 多層プリント配線板（6～8層） (34),0020010000,平成20年度
95197,01030100,生産 金額 (百万円),351314000,電子回路基板 リジッドプリント配線板 多層プリント配線板（6～8層） (34),0021010000,平成21年度
26019,01030100,生産 金額 (百万円),351314000,電子回路基板 リジッドプリント配線板 多層プリント配線板（6～8層） (34),0022000103,平成22年 1 ～ 3 月
24046,01030100,生産 金額 (百万円),351314000,電子回路基板 リジッドプリント配線板 多層プリント配線板（6～8層） (34),0022000406,平成22年 4 ～ 6 月
23901,01030100,生産 金額 (百万円),351314000,電子回路基板 リジッドプリント配線板 多層プリント配線板（6～8層） (34),0022000709,平成22年 7 ～ 9 月
22921,01030100,生産 金額 (百万円),351314000,電子回路基板 リジッドプリント配線板 多層プリント配線板（6～8層） (34),0022001012,平成22年 10 ～ 12 月
8187,01030100,生産 金額 (百万円),351314000,電子回路基板 リジッドプリント配線板 多層プリント配線板（6～8層） (34),0022000101,平成22年1月
8419,01030100,生産 金額 (百万円),351314000,電子回路基板 リジッドプリント配線板 多層プリント配線板（6～8層） (34),0022000202,平成22年2月
9413,01030100,生産 金額 (百万円),351314000,電子回路基板 リジッドプリント配線板 多層プリント配線板（6～8層） (34),0022000303,平成22年3月
8070,01030100,生産 金額 (百万円),351314000,電子回路基板 リジッドプリント配線板 多層プリント配線板（6～8層） (34),0022000404,平成22年4月
7375,01030100,生産 金額 (百万円),351314000,電子回路基板 リジッドプリント配線板 多層プリント配線板（6～8層） (34),0022000505,平成22年5月
8601,01030100,生産 金額 (百万円),351314000,電子回路基板 リジッドプリント配線板 多層プリント配線板（6～8層） (34),0022000606,平成22年6月
8326,01030100,生産 金額 (百万円),351314000,電子回路基板 リジッドプリント配線板 多層プリント配線板（6～8層） (34),0022000707,平成22年7月
7580,01030100,生産 金額 (百万円),351314000,電子回路基板 リジッドプリント配線板 多層プリント配線板（6～8層） (34),0022000808,平成22年8月
7995,01030100,生産 金額 (百万円),351314000,電子回路基板 リジッドプリント配線板 多層プリント配線板（6～8層） (34),0022000909,平成22年9月
7798,01030100,生産 金額 (百万円),351314000,電子回路基板 リジッドプリント配線板 多層プリント配線板（6～8層） (34),0022001010,平成22年10月
7971,01030100,生産 金額 (百万円),351314000,電子回路基板 リジッドプリント配線板 多層プリント配線板（6～8層） (34),0022001111,平成22年11月
7152,01030100,生産 金額 (百万円),351314000,電子回路基板 リジッドプリント配線板 多層プリント配線板（6～8層） (34),0022001212,平成22年12月
60612,01030100,生産 金額 (百万円),351315000,電子回路基板 リジッドプリント配線板 多層プリント配線板（10層以上） (35),0018000000,平成18年
53370,01030100,生産 金額 (百万円),351315000,電子回路基板 リジッドプリント配線板 多層プリント配線板（10層以上） (35),0019000000,平成19年
46127,01030100,生産 金額 (百万円),351315000,電子回路基板 リジッドプリント配線板 多層プリント配線板（10層以上） (35),0020000000,平成20年
29737,01030100,生産 金額 (百万円),351315000,電子回路基板 リジッドプリント配線板 多層プリント配線板（10層以上） (35),0021000000,平成21年
32301,01030100,生産 金額 (百万円),351315000,電子回路基板 リジッドプリント配線板 多層プリント配線板（10層以上） (35),0022000000,平成22年
39793,01030100,生産 金額 (百万円),351315000,電子回路基板 リジッドプリント配線板 多層プリント配線板（10層以上） (35),0020010000,平成20年度
30962,01030100,生産 金額 (百万円),351315000,電子回路基板 リジッドプリント配線板 多層プリント配線板（10層以上） (35),0021010000,平成21年度
7972,01030100,生産 金額 (百万円),351315000,電子回路基板 リジッドプリント配線板 多層プリント配線板（10層以上） (35),0022000103,平成22年 1 ～ 3 月
8209,01030100,生産 金額 (百万円),351315000,電子回路基板 リジッドプリント配線板 多層プリント配線板（10層以上） (35),0022000406,平成22年 4 ～ 6 月
8566,01030100,生産 金額 (百万円),351315000,電子回路基板 リジッドプリント配線板 多層プリント配線板（10層以上） (35),0022000709,平成22年 7 ～ 9 月
7554,01030100,生産 金額 (百万円),351315000,電子回路基板 リジッドプリント配線板 多層プリント配線板（10層以上） (35),0022001012,平成22年 10 ～ 12 月
2509,01030100,生産 金額 (百万円),351315000,電子回路基板 リジッドプリント配線板 多層プリント配線板（10層以上） (35),0022000101,平成22年1月
2420,01030100,生産 金額 (百万円),351315000,電子回路基板 リジッドプリント配線板 多層プリント配線板（10層以上） (35),0022000202,平成22年2月
3043,01030100,生産 金額 (百万円),351315000,電子回路基板 リジッドプリント配線板 多層プリント配線板（10層以上） (35),0022000303,平成22年3月
2808,01030100,生産 金額 (百万円),351315000,電子回路基板 リジッドプリント配線板 多層プリント配線板（10層以上） (35),0022000404,平成22年4月
2641,01030100,生産 金額 (百万円),351315000,電子回路基板 リジッドプリント配線板 多層プリント配線板（10層以上） (35),0022000505,平成22年5月
2760,01030100,生産 金額 (百万円),351315000,電子回路基板 リジッドプリント配線板 多層プリント配線板（10層以上） (35),0022000606,平成22年6月
2895,01030100,生産 金額 (百万円),351315000,電子回路基板 リジッドプリント配線板 多層プリント配線板（10層以上） (35),0022000707,平成22年7月
2692,01030100,生産 金額 (百万円),351315000,電子回路基板 リジッドプリント配線板 多層プリント配線板（10層以上） (35),0022000808,平成22年8月
2979,01030100,生産 金額 (百万円),351315000,電子回路基板 リジッドプリント配線板 多層プリント配線板（10層以上） (35),0022000909,平成22年9月
2590,01030100,生産 金額 (百万円),351315000,電子回路基板 リジッドプリント配線板 多層プリント配線板（10層以上） (35),0022001010,平成22年10月
2618,01030100,生産 金額 (百万円),351315000,電子回路基板 リジッドプリント配線板 多層プリント配線板（10層以上） (35),0022001111,平成22年11月
2346,01030100,生産 金額 (百万円),351315000,電子回路基板 リジッドプリント配線板 多層プリント配線板（10層以上） (35),0022001212,平成22年12月
132875,01030100,生産 金額 (百万円),351316000,電子回路基板 リジッドプリント配線板 ビルドアップ多層配線板 (36),0018000000,平成18年
156380,01030100,生産 金額 (百万円),351316000,電子回路基板 リジッドプリント配線板 ビルドアップ多層配線板 (36),0019000000,平成19年
148725,01030100,生産 金額 (百万円),351316000,電子回路基板 リジッドプリント配線板 ビルドアップ多層配線板 (36),0020000000,平成20年
118848,01030100,生産 金額 (百万円),351316000,電子回路基板 リジッドプリント配線板 ビルドアップ多層配線板 (36),0021000000,平成21年
158078,01030100,生産 金額 (百万円),351316000,電子回路基板 リジッドプリント配線板 ビルドアップ多層配線板 (36),0022000000,平成22年
130086,01030100,生産 金額 (百万円),351316000,電子回路基板 リジッドプリント配線板 ビルドアップ多層配線板 (36),0020010000,平成20年度
134742,01030100,生産 金額 (百万円),351316000,電子回路基板 リジッドプリント配線板 ビルドアップ多層配線板 (36),0021010000,平成21年度
36007,01030100,生産 金額 (百万円),351316000,電子回路基板 リジッドプリント配線板 ビルドアップ多層配線板 (36),0022000103,平成22年 1 ～ 3 月
39154,01030100,生産 金額 (百万円),351316000,電子回路基板 リジッドプリント配線板 ビルドアップ多層配線板 (36),0022000406,平成22年 4 ～ 6 月
40960,01030100,生産 金額 (百万円),351316000,電子回路基板 リジッドプリント配線板 ビルドアップ多層配線板 (36),0022000709,平成22年 7 ～ 9 月
41957,01030100,生産 金額 (百万円),351316000,電子回路基板 リジッドプリント配線板 ビルドアップ多層配線板 (36),0022001012,平成22年 10 ～ 12 月
10919,01030100,生産 金額 (百万円),351316000,電子回路基板 リジッドプリント配線板 ビルドアップ多層配線板 (36),0022000101,平成22年1月
11972,01030100,生産 金額 (百万円),351316000,電子回路基板 リジッドプリント配線板 ビルドアップ多層配線板 (36),0022000202,平成22年2月
13116,01030100,生産 金額 (百万円),351316000,電子回路基板 リジッドプリント配線板 ビルドアップ多層配線板 (36),0022000303,平成22年3月
13192,01030100,生産 金額 (百万円),351316000,電子回路基板 リジッドプリント配線板 ビルドアップ多層配線板 (36),0022000404,平成22年4月
12500,01030100,生産 金額 (百万円),351316000,電子回路基板 リジッドプリント配線板 ビルドアップ多層配線板 (36),0022000505,平成22年5月
13462,01030100,生産 金額 (百万円),351316000,電子回路基板 リジッドプリント配線板 ビルドアップ多層配線板 (36),0022000606,平成22年6月
13893,01030100,生産 金額 (百万円),351316000,電子回路基板 リジッドプリント配線板 ビルドアップ多層配線板 (36),0022000707,平成22年7月
13004,01030100,生産 金額 (百万円),351316000,電子回路基板 リジッドプリント配線板 ビルドアップ多層配線板 (36),0022000808,平成22年8月
14063,01030100,生産 金額 (百万円),351316000,電子回路基板 リジッドプリント配線板 ビルドアップ多層配線板 (36),0022000909,平成22年9月
14556,01030100,生産 金額 (百万円),351316000,電子回路基板 リジッドプリント配線板 ビルドアップ多層配線板 (36),0022001010,平成22年10月
13499,01030100,生産 金額 (百万円),351316000,電子回路基板 リジッドプリント配線板 ビルドアップ多層配線板 (36),0022001111,平成22年11月
13902,01030100,生産 金額 (百万円),351316000,電子回路基板 リジッドプリント配線板 ビルドアップ多層配線板 (36),0022001212,平成22年12月
137294,01030100,生産 金額 (百万円),351320000,電子回路基板 フレキシブルプリント配線板 (37～38),0018000000,平成18年
141051,01030100,生産 金額 (百万円),351320000,電子回路基板 フレキシブルプリント配線板 (37～38),0019000000,平成19年
124618,01030100,生産 金額 (百万円),351320000,電子回路基板 フレキシブルプリント配線板 (37～38),0020000000,平成20年
84503,01030100,生産 金額 (百万円),351320000,電子回路基板 フレキシブルプリント配線板 (37～38),0021000000,平成21年
90080,01030100,生産 金額 (百万円),351320000,電子回路基板 フレキシブルプリント配線板 (37～38),0022000000,平成22年
108696,01030100,生産 金額 (百万円),351320000,電子回路基板 フレキシブルプリント配線板 (37～38),0020010000,平成20年度
89040,01030100,生産 金額 (百万円),351320000,電子回路基板 フレキシブルプリント配線板 (37～38),0021010000,平成21年度
20996,01030100,生産 金額 (百万円),351320000,電子回路基板 フレキシブルプリント配線板 (37～38),0022000103,平成22年 1 ～ 3 月
23128,01030100,生産 金額 (百万円),351320000,電子回路基板 フレキシブルプリント配線板 (37～38),0022000406,平成22年 4 ～ 6 月
23292,01030100,生産 金額 (百万円),351320000,電子回路基板 フレキシブルプリント配線板 (37～38),0022000709,平成22年 7 ～ 9 月
22664,01030100,生産 金額 (百万円),351320000,電子回路基板 フレキシブルプリント配線板 (37～38),0022001012,平成22年 10 ～ 12 月
6632,01030100,生産 金額 (百万円),351320000,電子回路基板 フレキシブルプリント配線板 (37～38),0022000101,平成22年1月
6767,01030100,生産 金額 (百万円),351320000,電子回路基板 フレキシブルプリント配線板 (37～38),0022000202,平成22年2月
7597,01030100,生産 金額 (百万円),351320000,電子回路基板 フレキシブルプリント配線板 (37～38),0022000303,平成22年3月
7721,01030100,生産 金額 (百万円),351320000,電子回路基板 フレキシブルプリント配線板 (37～38),0022000404,平成22年4月
7737,01030100,生産 金額 (百万円),351320000,電子回路基板 フレキシブルプリント配線板 (37～38),0022000505,平成22年5月
7670,01030100,生産 金額 (百万円),351320000,電子回路基板 フレキシブルプリント配線板 (37～38),0022000606,平成22年6月
8414,01030100,生産 金額 (百万円),351320000,電子回路基板 フレキシブルプリント配線板 (37～38),0022000707,平成22年7月
7134,01030100,生産 金額 (百万円),351320000,電子回路基板 フレキシブルプリント配線板 (37～38),0022000808,平成22年8月
7744,01030100,生産 金額 (百万円),351320000,電子回路基板 フレキシブルプリント配線板 (37～38),0022000909,平成22年9月
7719,01030100,生産 金額 (百万円),351320000,電子回路基板 フレキシブルプリント配線板 (37～38),0022001010,平成22年10月
7705,01030100,生産 金額 (百万円),351320000,電子回路基板 フレキシブルプリント配線板 (37～38),0022001111,平成22年11月
7240,01030100,生産 金額 (百万円),351320000,電子回路基板 フレキシブルプリント配線板 (37～38),0022001212,平成22年12月
53693,01030100,生産 金額 (百万円),351321000,電子回路基板 フレキシブルプリント配線板 片面フレキシブル配線板 (37),0018000000,平成18年
48610,01030100,生産 金額 (百万円),351321000,電子回路基板 フレキシブルプリント配線板 片面フレキシブル配線板 (37),0019000000,平成19年
35634,01030100,生産 金額 (百万円),351321000,電子回路基板 フレキシブルプリント配線板 片面フレキシブル配線板 (37),0020000000,平成20年
19568,01030100,生産 金額 (百万円),351321000,電子回路基板 フレキシブルプリント配線板 片面フレキシブル配線板 (37),0021000000,平成21年
20505,01030100,生産 金額 (百万円),351321000,電子回路基板 フレキシブルプリント配線板 片面フレキシブル配線板 (37),0022000000,平成22年
29365,01030100,生産 金額 (百万円),351321000,電子回路基板 フレキシブルプリント配線板 片面フレキシブル配線板 (37),0020010000,平成20年度
20635,01030100,生産 金額 (百万円),351321000,電子回路基板 フレキシブルプリント配線板 片面フレキシブル配線板 (37),0021010000,平成21年度
5063,01030100,生産 金額 (百万円),351321000,電子回路基板 フレキシブルプリント配線板 片面フレキシブル配線板 (37),0022000103,平成22年 1 ～ 3 月
5332,01030100,生産 金額 (百万円),351321000,電子回路基板 フレキシブルプリント配線板 片面フレキシブル配線板 (37),0022000406,平成22年 4 ～ 6 月
5150,01030100,生産 金額 (百万円),351321000,電子回路基板 フレキシブルプリント配線板 片面フレキシブル配線板 (37),0022000709,平成22年 7 ～ 9 月
4960,01030100,生産 金額 (百万円),351321000,電子回路基板 フレキシブルプリント配線板 片面フレキシブル配線板 (37),0022001012,平成22年 10 ～ 12 月
1560,01030100,生産 金額 (百万円),351321000,電子回路基板 フレキシブルプリント配線板 片面フレキシブル配線板 (37),0022000101,平成22年1月
1644,01030100,生産 金額 (百万円),351321000,電子回路基板 フレキシブルプリント配線板 片面フレキシブル配線板 (37),0022000202,平成22年2月
1859,01030100,生産 金額 (百万円),351321000,電子回路基板 フレキシブルプリント配線板 片面フレキシブル配線板 (37),0022000303,平成22年3月
1858,01030100,生産 金額 (百万円),351321000,電子回路基板 フレキシブルプリント配線板 片面フレキシブル配線板 (37),0022000404,平成22年4月
1753,01030100,生産 金額 (百万円),351321000,電子回路基板 フレキシブルプリント配線板 片面フレキシブル配線板 (37),0022000505,平成22年5月
1721,01030100,生産 金額 (百万円),351321000,電子回路基板 フレキシブルプリント配線板 片面フレキシブル配線板 (37),0022000606,平成22年6月
1771,01030100,生産 金額 (百万円),351321000,電子回路基板 フレキシブルプリント配線板 片面フレキシブル配線板 (37),0022000707,平成22年7月
1647,01030100,生産 金額 (百万円),351321000,電子回路基板 フレキシブルプリント配線板 片面フレキシブル配線板 (37),0022000808,平成22年8月
1732,01030100,生産 金額 (百万円),351321000,電子回路基板 フレキシブルプリント配線板 片面フレキシブル配線板 (37),0022000909,平成22年9月
1695,01030100,生産 金額 (百万円),351321000,電子回路基板 フレキシブルプリント配線板 片面フレキシブル配線板 (37),0022001010,平成22年10月
1771,01030100,生産 金額 (百万円),351321000,電子回路基板 フレキシブルプリント配線板 片面フレキシブル配線板 (37),0022001111,平成22年11月
1494,01030100,生産 金額 (百万円),351321000,電子回路基板 フレキシブルプリント配線板 片面フレキシブル配線板 (37),0022001212,平成22年12月
83601,01030100,生産 金額 (百万円),351322000,電子回路基板 フレキシブルプリント配線板 両面・多層フレキシブル配線板 (38),0018000000,平成18年
92441,01030100,生産 金額 (百万円),351322000,電子回路基板 フレキシブルプリント配線板 両面・多層フレキシブル配線板 (38),0019000000,平成19年
88984,01030100,生産 金額 (百万円),351322000,電子回路基板 フレキシブルプリント配線板 両面・多層フレキシブル配線板 (38),0020000000,平成20年
64935,01030100,生産 金額 (百万円),351322000,電子回路基板 フレキシブルプリント配線板 両面・多層フレキシブル配線板 (38),0021000000,平成21年
69575,01030100,生産 金額 (百万円),351322000,電子回路基板 フレキシブルプリント配線板 両面・多層フレキシブル配線板 (38),0022000000,平成22年
79331,01030100,生産 金額 (百万円),351322000,電子回路基板 フレキシブルプリント配線板 両面・多層フレキシブル配線板 (38),0020010000,平成20年度
68405,01030100,生産 金額 (百万円),351322000,電子回路基板 フレキシブルプリント配線板 両面・多層フレキシブル配線板 (38),0021010000,平成21年度
15933,01030100,生産 金額 (百万円),351322000,電子回路基板 フレキシブルプリント配線板 両面・多層フレキシブル配線板 (38),0022000103,平成22年 1 ～ 3 月
17796,01030100,生産 金額 (百万円),351322000,電子回路基板 フレキシブルプリント配線板 両面・多層フレキシブル配線板 (38),0022000406,平成22年 4 ～ 6 月
18142,01030100,生産 金額 (百万円),351322000,電子回路基板 フレキシブルプリント配線板 両面・多層フレキシブル配線板 (38),0022000709,平成22年 7 ～ 9 月
17704,01030100,生産 金額 (百万円),351322000,電子回路基板 フレキシブルプリント配線板 両面・多層フレキシブル配線板 (38),0022001012,平成22年 10 ～ 12 月
5072,01030100,生産 金額 (百万円),351322000,電子回路基板 フレキシブルプリント配線板 両面・多層フレキシブル配線板 (38),0022000101,平成22年1月
5123,01030100,生産 金額 (百万円),351322000,電子回路基板 フレキシブルプリント配線板 両面・多層フレキシブル配線板 (38),0022000202,平成22年2月
5738,01030100,生産 金額 (百万円),351322000,電子回路基板 フレキシブルプリント配線板 両面・多層フレキシブル配線板 (38),0022000303,平成22年3月
5863,01030100,生産 金額 (百万円),351322000,電子回路基板 フレキシブルプリント配線板 両面・多層フレキシブル配線板 (38),0022000404,平成22年4月
5984,01030100,生産 金額 (百万円),351322000,電子回路基板 フレキシブルプリント配線板 両面・多層フレキシブル配線板 (38),0022000505,平成22年5月
5949,01030100,生産 金額 (百万円),351322000,電子回路基板 フレキシブルプリント配線板 両面・多層フレキシブル配線板 (38),0022000606,平成22年6月
6643,01030100,生産 金額 (百万円),351322000,電子回路基板 フレキシブルプリント配線板 両面・多層フレキシブル配線板 (38),0022000707,平成22年7月
5487,01030100,生産 金額 (百万円),351322000,電子回路基板 フレキシブルプリント配線板 両面・多層フレキシブル配線板 (38),0022000808,平成22年8月
6012,01030100,生産 金額 (百万円),351322000,電子回路基板 フレキシブルプリント配線板 両面・多層フレキシブル配線板 (38),0022000909,平成22年9月
6024,01030100,生産 金額 (百万円),351322000,電子回路基板 フレキシブルプリント配線板 両面・多層フレキシブル配線板 (38),0022001010,平成22年10月
5934,01030100,生産 金額 (百万円),351322000,電子回路基板 フレキシブルプリント配線板 両面・多層フレキシブル配線板 (38),0022001111,平成22年11月
5746,01030100,生産 金額 (百万円),351322000,電子回路基板 フレキシブルプリント配線板 両面・多層フレキシブル配線板 (38),0022001212,平成22年12月
214983,01030100,生産 金額 (百万円),351330000,電子回路基板 モジュール基板 (39～40),0018000000,平成18年
236370,01030100,生産 金額 (百万円),351330000,電子回路基板 モジュール基板 (39～40),0019000000,平成19年
211208,01030100,生産 金額 (百万円),351330000,電子回路基板 モジュール基板 (39～40),0020000000,平成20年
141479,01030100,生産 金額 (百万円),351330000,電子回路基板 モジュール基板 (39～40),0021000000,平成21年
168419,01030100,生産 金額 (百万円),351330000,電子回路基板 モジュール基板 (39～40),0022000000,平成22年
177430,01030100,生産 金額 (百万円),351330000,電子回路基板 モジュール基板 (39～40),0020010000,平成20年度
159844,01030100,生産 金額 (百万円),351330000,電子回路基板 モジュール基板 (39～40),0021010000,平成21年度
42019,01030100,生産 金額 (百万円),351330000,電子回路基板 モジュール基板 (39～40),0022000103,平成22年 1 ～ 3 月
43769,01030100,生産 金額 (百万円),351330000,電子回路基板 モジュール基板 (39～40),0022000406,平成22年 4 ～ 6 月
42219,01030100,生産 金額 (百万円),351330000,電子回路基板 モジュール基板 (39～40),0022000709,平成22年 7 ～ 9 月
40412,01030100,生産 金額 (百万円),351330000,電子回路基板 モジュール基板 (39～40),0022001012,平成22年 10 ～ 12 月
14747,01030100,生産 金額 (百万円),351330000,電子回路基板 モジュール基板 (39～40),0022000101,平成22年1月
13463,01030100,生産 金額 (百万円),351330000,電子回路基板 モジュール基板 (39～40),0022000202,平成22年2月
13809,01030100,生産 金額 (百万円),351330000,電子回路基板 モジュール基板 (39～40),0022000303,平成22年3月
14936,01030100,生産 金額 (百万円),351330000,電子回路基板 モジュール基板 (39～40),0022000404,平成22年4月
14621,01030100,生産 金額 (百万円),351330000,電子回路基板 モジュール基板 (39～40),0022000505,平成22年5月
14212,01030100,生産 金額 (百万円),351330000,電子回路基板 モジュール基板 (39～40),0022000606,平成22年6月
14239,01030100,生産 金額 (百万円),351330000,電子回路基板 モジュール基板 (39～40),0022000707,平成22年7月
14980,01030100,生産 金額 (百万円),351330000,電子回路基板 モジュール基板 (39～40),0022000808,平成22年8月
13000,01030100,生産 金額 (百万円),351330000,電子回路基板 モジュール基板 (39～40),0022000909,平成22年9月
9886,01030100,生産 金額 (百万円),351330000,電子回路基板 モジュール基板 (39～40),0022001010,平成22年10月
14596,01030100,生産 金額 (百万円),351330000,電子回路基板 モジュール基板 (39～40),0022001111,平成22年11月
15930,01030100,生産 金額 (百万円),351330000,電子回路基板 モジュール基板 (39～40),0022001212,平成22年12月
128659,01030100,生産 金額 (百万円),351331000,電子回路基板 モジュール基板 リジッド系モジュール基板 (39),0018000000,平成18年
152701,01030100,生産 金額 (百万円),351331000,電子回路基板 モジュール基板 リジッド系モジュール基板 (39),0019000000,平成19年
139546,01030100,生産 金額 (百万円),351331000,電子回路基板 モジュール基板 リジッド系モジュール基板 (39),0020000000,平成20年
107033,01030100,生産 金額 (百万円),351331000,電子回路基板 モジュール基板 リジッド系モジュール基板 (39),0021000000,平成21年
141605,01030100,生産 金額 (百万円),351331000,電子回路基板 モジュール基板 リジッド系モジュール基板 (39),0022000000,平成22年
118377,01030100,生産 金額 (百万円),351331000,電子回路基板 モジュール基板 リジッド系モジュール基板 (39),0020010000,平成20年度
125595,01030100,生産 金額 (百万円),351331000,電子回路基板 モジュール基板 リジッド系モジュール基板 (39),0021010000,平成21年度
34461,01030100,生産 金額 (百万円),351331000,電子回路基板 モジュール基板 リジッド系モジュール基板 (39),0022000103,平成22年 1 ～ 3 月
36350,01030100,生産 金額 (百万円),351331000,電子回路基板 モジュール基板 リジッド系モジュール基板 (39),0022000406,平成22年 4 ～ 6 月
35696,01030100,生産 金額 (百万円),351331000,電子回路基板 モジュール基板 リジッド系モジュール基板 (39),0022000709,平成22年 7 ～ 9 月
35098,01030100,生産 金額 (百万円),351331000,電子回路基板 モジュール基板 リジッド系モジュール基板 (39),0022001012,平成22年 10 ～ 12 月
12208,01030100,生産 金額 (百万円),351331000,電子回路基板 モジュール基板 リジッド系モジュール基板 (39),0022000101,平成22年1月
10938,01030100,生産 金額 (百万円),351331000,電子回路基板 モジュール基板 リジッド系モジュール基板 (39),0022000202,平成22年2月
11315,01030100,生産 金額 (百万円),351331000,電子回路基板 モジュール基板 リジッド系モジュール基板 (39),0022000303,平成22年3月
12528,01030100,生産 金額 (百万円),351331000,電子回路基板 モジュール基板 リジッド系モジュール基板 (39),0022000404,平成22年4月
12089,01030100,生産 金額 (百万円),351331000,電子回路基板 モジュール基板 リジッド系モジュール基板 (39),0022000505,平成22年5月
11733,01030100,生産 金額 (百万円),351331000,電子回路基板 モジュール基板 リジッド系モジュール基板 (39),0022000606,平成22年6月
11745,01030100,生産 金額 (百万円),351331000,電子回路基板 モジュール基板 リジッド系モジュール基板 (39),0022000707,平成22年7月
12764,01030100,生産 金額 (百万円),351331000,電子回路基板 モジュール基板 リジッド系モジュール基板 (39),0022000808,平成22年8月
11187,01030100,生産 金額 (百万円),351331000,電子回路基板 モジュール基板 リジッド系モジュール基板 (39),0022000909,平成22年9月
8196,01030100,生産 金額 (百万円),351331000,電子回路基板 モジュール基板 リジッド系モジュール基板 (39),0022001010,平成22年10月
12752,01030100,生産 金額 (百万円),351331000,電子回路基板 モジュール基板 リジッド系モジュール基板 (39),0022001111,平成22年11月
14150,01030100,生産 金額 (百万円),351331000,電子回路基板 モジュール基板 リジッド系モジュール基板 (39),0022001212,平成22年12月
86324,01030100,生産 金額 (百万円),351332000,電子回路基板 モジュール基板 その他のモジュール基板 (40),0018000000,平成18年
83669,01030100,生産 金額 (百万円),351332000,電子回路基板 モジュール基板 その他のモジュール基板 (40),0019000000,平成19年
71662,01030100,生産 金額 (百万円),351332000,電子回路基板 モジュール基板 その他のモジュール基板 (40),0020000000,平成20年
34446,01030100,生産 金額 (百万円),351332000,電子回路基板 モジュール基板 その他のモジュール基板 (40),0021000000,平成21年
26814,01030100,生産 金額 (百万円),351332000,電子回路基板 モジュール基板 その他のモジュール基板 (40),0022000000,平成22年
59053,01030100,生産 金額 (百万円),351332000,電子回路基板 モジュール基板 その他のモジュール基板 (40),0020010000,平成20年度
34249,01030100,生産 金額 (百万円),351332000,電子回路基板 モジュール基板 その他のモジュール基板 (40),0021010000,平成21年度
7558,01030100,生産 金額 (百万円),351332000,電子回路基板 モジュール基板 その他のモジュール基板 (40),0022000103,平成22年 1 ～ 3 月
7419,01030100,生産 金額 (百万円),351332000,電子回路基板 モジュール基板 その他のモジュール基板 (40),0022000406,平成22年 4 ～ 6 月
6523,01030100,生産 金額 (百万円),351332000,電子回路基板 モジュール基板 その他のモジュール基板 (40),0022000709,平成22年 7 ～ 9 月
5314,01030100,生産 金額 (百万円),351332000,電子回路基板 モジュール基板 その他のモジュール基板 (40),0022001012,平成22年 10 ～ 12 月
2539,01030100,生産 金額 (百万円),351332000,電子回路基板 モジュール基板 その他のモジュール基板 (40),0022000101,平成22年1月
2525,01030100,生産 金額 (百万円),351332000,電子回路基板 モジュール基板 その他のモジュール基板 (40),0022000202,平成22年2月
2494,01030100,生産 金額 (百万円),351332000,電子回路基板 モジュール基板 その他のモジュール基板 (40),0022000303,平成22年3月
2408,01030100,生産 金額 (百万円),351332000,電子回路基板 モジュール基板 その他のモジュール基板 (40),0022000404,平成22年4月
2532,01030100,生産 金額 (百万円),351332000,電子回路基板 モジュール基板 その他のモジュール基板 (40),0022000505,平成22年5月
2479,01030100,生産 金額 (百万円),351332000,電子回路基板 モジュール基板 その他のモジュール基板 (40),0022000606,平成22年6月
2494,01030100,生産 金額 (百万円),351332000,電子回路基板 モジュール基板 その他のモジュール基板 (40),0022000707,平成22年7月
2216,01030100,生産 金額 (百万円),351332000,電子回路基板 モジュール基板 その他のモジュール基板 (40),0022000808,平成22年8月
1813,01030100,生産 金額 (百万円),351332000,電子回路基板 モジュール基板 その他のモジュール基板 (40),0022000909,平成22年9月
1690,01030100,生産 金額 (百万円),351332000,電子回路基板 モジュール基板 その他のモジュール基板 (40),0022001010,平成22年10月
1844,01030100,生産 金額 (百万円),351332000,電子回路基板 モジュール基板 その他のモジュール基板 (40),0022001111,平成22年11月
1780,01030100,生産 金額 (百万円),351332000,電子回路基板 モジュール基板 その他のモジュール基板 (40),0022001212,平成22年12月
2053,01030100,生産 金額 (百万円),351400000,その他の電子回路基板(41),0018000000,平成18年
2042,01030100,生産 金額 (百万円),351400000,その他の電子回路基板(41),0019000000,平成19年
695,01030100,生産 金額 (百万円),351400000,その他の電子回路基板(41),0020000000,平成20年
2409,01030100,生産 金額 (百万円),351400000,その他の電子回路基板(41),0021000000,平成21年
3676,01030100,生産 金額 (百万円),351400000,その他の電子回路基板(41),0022000000,平成22年
976,01030100,生産 金額 (百万円),351400000,その他の電子回路基板(41),0020010000,平成20年度
2646,01030100,生産 金額 (百万円),351400000,その他の電子回路基板(41),0021010000,平成21年度
824,01030100,生産 金額 (百万円),351400000,その他の電子回路基板(41),0022000103,平成22年 1 ～ 3 月
888,01030100,生産 金額 (百万円),351400000,その他の電子回路基板(41),0022000406,平成22年 4 ～ 6 月
949,01030100,生産 金額 (百万円),351400000,その他の電子回路基板(41),0022000709,平成22年 7 ～ 9 月
1015,01030100,生産 金額 (百万円),351400000,その他の電子回路基板(41),0022001012,平成22年 10 ～ 12 月
263,01030100,生産 金額 (百万円),351400000,その他の電子回路基板(41),0022000101,平成22年1月
259,01030100,生産 金額 (百万円),351400000,その他の電子回路基板(41),0022000202,平成22年2月
302,01030100,生産 金額 (百万円),351400000,その他の電子回路基板(41),0022000303,平成22年3月
314,01030100,生産 金額 (百万円),351400000,その他の電子回路基板(41),0022000404,平成22年4月
280,01030100,生産 金額 (百万円),351400000,その他の電子回路基板(41),0022000505,平成22年5月
294,01030100,生産 金額 (百万円),351400000,その他の電子回路基板(41),0022000606,平成22年6月
312,01030100,生産 金額 (百万円),351400000,その他の電子回路基板(41),0022000707,平成22年7月
295,01030100,生産 金額 (百万円),351400000,その他の電子回路基板(41),0022000808,平成22年8月
342,01030100,生産 金額 (百万円),351400000,その他の電子回路基板(41),0022000909,平成22年9月
329,01030100,生産 金額 (百万円),351400000,その他の電子回路基板(41),0022001010,平成22年10月
334,01030100,生産 金額 (百万円),351400000,その他の電子回路基板(41),0022001111,平成22年11月
352,01030100,生産 金額 (百万円),351400000,その他の電子回路基板(41),0022001212,平成22年12月
24767,01030100,生産 金額 (百万円),351500000,変換部品 (42～43),0018000000,平成18年
18000,01030100,生産 金額 (百万円),351500000,変換部品 (42～43),0019000000,平成19年
15908,01030100,生産 金額 (百万円),351500000,変換部品 (42～43),0020000000,平成20年
10260,01030100,生産 金額 (百万円),351500000,変換部品 (42～43),0021000000,平成21年
11073,01030100,生産 金額 (百万円),351500000,変換部品 (42～43),0022000000,平成22年
14132,01030100,生産 金額 (百万円),351500000,変換部品 (42～43),0020010000,平成20年度
10582,01030100,生産 金額 (百万円),351500000,変換部品 (42～43),0021010000,平成21年度
2783,01030100,生産 金額 (百万円),351500000,変換部品 (42～43),0022000103,平成22年 1 ～ 3 月
2799,01030100,生産 金額 (百万円),351500000,変換部品 (42～43),0022000406,平成22年 4 ～ 6 月
2829,01030100,生産 金額 (百万円),351500000,変換部品 (42～43),0022000709,平成22年 7 ～ 9 月
2662,01030100,生産 金額 (百万円),351500000,変換部品 (42～43),0022001012,平成22年 10 ～ 12 月
789,01030100,生産 金額 (百万円),351500000,変換部品 (42～43),0022000101,平成22年1月
930,01030100,生産 金額 (百万円),351500000,変換部品 (42～43),0022000202,平成22年2月
1064,01030100,生産 金額 (百万円),351500000,変換部品 (42～43),0022000303,平成22年3月
914,01030100,生産 金額 (百万円),351500000,変換部品 (42～43),0022000404,平成22年4月
867,01030100,生産 金額 (百万円),351500000,変換部品 (42～43),0022000505,平成22年5月
1018,01030100,生産 金額 (百万円),351500000,変換部品 (42～43),0022000606,平成22年6月
1017,01030100,生産 金額 (百万円),351500000,変換部品 (42～43),0022000707,平成22年7月
820,01030100,生産 金額 (百万円),351500000,変換部品 (42～43),0022000808,平成22年8月
992,01030100,生産 金額 (百万円),351500000,変換部品 (42～43),0022000909,平成22年9月
907,01030100,生産 金額 (百万円),351500000,変換部品 (42～43),0022001010,平成22年10月
866,01030100,生産 金額 (百万円),351500000,変換部品 (42～43),0022001111,平成22年11月
889,01030100,生産 金額 (百万円),351500000,変換部品 (42～43),0022001212,平成22年12月
16060,01030100,生産 金額 (百万円),351510000,変換部品 音響部品（スピーカ・マイクロホン） (42),0018000000,平成18年
14138,01030100,生産 金額 (百万円),351510000,変換部品 音響部品（スピーカ・マイクロホン） (42),0019000000,平成19年
13175,01030100,生産 金額 (百万円),351510000,変換部品 音響部品（スピーカ・マイクロホン） (42),0020000000,平成20年
8254,01030100,生産 金額 (百万円),351510000,変換部品 音響部品（スピーカ・マイクロホン） (42),0021000000,平成21年
8822,01030100,生産 金額 (百万円),351510000,変換部品 音響部品（スピーカ・マイクロホン） (42),0022000000,平成22年
11604,01030100,生産 金額 (百万円),351510000,変換部品 音響部品（スピーカ・マイクロホン） (42),0020010000,平成20年度
8533,01030100,生産 金額 (百万円),351510000,変換部品 音響部品（スピーカ・マイクロホン） (42),0021010000,平成21年度
2228,01030100,生産 金額 (百万円),351510000,変換部品 音響部品（スピーカ・マイクロホン） (42),0022000103,平成22年 1 ～ 3 月
2136,01030100,生産 金額 (百万円),351510000,変換部品 音響部品（スピーカ・マイクロホン） (42),0022000406,平成22年 4 ～ 6 月
2191,01030100,生産 金額 (百万円),351510000,変換部品 音響部品（スピーカ・マイクロホン） (42),0022000709,平成22年 7 ～ 9 月
2267,01030100,生産 金額 (百万円),351510000,変換部品 音響部品（スピーカ・マイクロホン） (42),0022001012,平成22年 10 ～ 12 月
679,01030100,生産 金額 (百万円),351510000,変換部品 音響部品（スピーカ・マイクロホン） (42),0022000101,平成22年1月
779,01030100,生産 金額 (百万円),351510000,変換部品 音響部品（スピーカ・マイクロホン） (42),0022000202,平成22年2月
770,01030100,生産 金額 (百万円),351510000,変換部品 音響部品（スピーカ・マイクロホン） (42),0022000303,平成22年3月
691,01030100,生産 金額 (百万円),351510000,変換部品 音響部品（スピーカ・マイクロホン） (42),0022000404,平成22年4月
680,01030100,生産 金額 (百万円),351510000,変換部品 音響部品（スピーカ・マイクロホン） (42),0022000505,平成22年5月
765,01030100,生産 金額 (百万円),351510000,変換部品 音響部品（スピーカ・マイクロホン） (42),0022000606,平成22年6月
759,01030100,生産 金額 (百万円),351510000,変換部品 音響部品（スピーカ・マイクロホン） (42),0022000707,平成22年7月
690,01030100,生産 金額 (百万円),351510000,変換部品 音響部品（スピーカ・マイクロホン） (42),0022000808,平成22年8月
742,01030100,生産 金額 (百万円),351510000,変換部品 音響部品（スピーカ・マイクロホン） (42),0022000909,平成22年9月
765,01030100,生産 金額 (百万円),351510000,変換部品 音響部品（スピーカ・マイクロホン） (42),0022001010,平成22年10月
735,01030100,生産 金額 (百万円),351510000,変換部品 音響部品（スピーカ・マイクロホン） (42),0022001111,平成22年11月
767,01030100,生産 金額 (百万円),351510000,変換部品 音響部品（スピーカ・マイクロホン） (42),0022001212,平成22年12月
8707,01030100,生産 金額 (百万円),351520000,変換部品 磁気ヘッド (43),0018000000,平成18年
3862,01030100,生産 金額 (百万円),351520000,変換部品 磁気ヘッド (43),0019000000,平成19年
2733,01030100,生産 金額 (百万円),351520000,変換部品 磁気ヘッド (43),0020000000,平成20年
2006,01030100,生産 金額 (百万円),351520000,変換部品 磁気ヘッド (43),0021000000,平成21年
2251,01030100,生産 金額 (百万円),351520000,変換部品 磁気ヘッド (43),0022000000,平成22年
2528,01030100,生産 金額 (百万円),351520000,変換部品 磁気ヘッド (43),0020010000,平成20年度
2049,01030100,生産 金額 (百万円),351520000,変換部品 磁気ヘッド (43),0021010000,平成21年度
555,01030100,生産 金額 (百万円),351520000,変換部品 磁気ヘッド (43),0022000103,平成22年 1 ～ 3 月
663,01030100,生産 金額 (百万円),351520000,変換部品 磁気ヘッド (43),0022000406,平成22年 4 ～ 6 月
638,01030100,生産 金額 (百万円),351520000,変換部品 磁気ヘッド (43),0022000709,平成22年 7 ～ 9 月
395,01030100,生産 金額 (百万円),351520000,変換部品 磁気ヘッド (43),0022001012,平成22年 10 ～ 12 月
110,01030100,生産 金額 (百万円),351520000,変換部品 磁気ヘッド (43),0022000101,平成22年1月
151,01030100,生産 金額 (百万円),351520000,変換部品 磁気ヘッド (43),0022000202,平成22年2月
294,01030100,生産 金額 (百万円),351520000,変換部品 磁気ヘッド (43),0022000303,平成22年3月
223,01030100,生産 金額 (百万円),351520000,変換部品 磁気ヘッド (43),0022000404,平成22年4月
187,01030100,生産 金額 (百万円),351520000,変換部品 磁気ヘッド (43),0022000505,平成22年5月
253,01030100,生産 金額 (百万円),351520000,変換部品 磁気ヘッド (43),0022000606,平成22年6月
258,01030100,生産 金額 (百万円),351520000,変換部品 磁気ヘッド (43),0022000707,平成22年7月
130,01030100,生産 金額 (百万円),351520000,変換部品 磁気ヘッド (43),0022000808,平成22年8月
250,01030100,生産 金額 (百万円),351520000,変換部品 磁気ヘッド (43),0022000909,平成22年9月
142,01030100,生産 金額 (百万円),351520000,変換部品 磁気ヘッド (43),0022001010,平成22年10月
131,01030100,生産 金額 (百万円),351520000,変換部品 磁気ヘッド (43),0022001111,平成22年11月
122,01030100,生産 金額 (百万円),351520000,変換部品 磁気ヘッド (43),0022001212,平成22年12月
217346,01030100,生産 金額 (百万円),351600000,メモリ部品 (44～46),0018000000,平成18年
198408,01030100,生産 金額 (百万円),351600000,メモリ部品 (44～46),0019000000,平成19年
183001,01030100,生産 金額 (百万円),351600000,メモリ部品 (44～46),0020000000,平成20年
113648,01030100,生産 金額 (百万円),351600000,メモリ部品 (44～46),0021000000,平成21年
108658,01030100,生産 金額 (百万円),351600000,メモリ部品 (44～46),0022000000,平成22年
161588,01030100,生産 金額 (百万円),351600000,メモリ部品 (44～46),0020010000,平成20年度
112002,01030100,生産 金額 (百万円),351600000,メモリ部品 (44～46),0021010000,平成21年度
25962,01030100,生産 金額 (百万円),351600000,メモリ部品 (44～46),0022000103,平成22年 1 ～ 3 月
29154,01030100,生産 金額 (百万円),351600000,メモリ部品 (44～46),0022000406,平成22年 4 ～ 6 月
25786,01030100,生産 金額 (百万円),351600000,メモリ部品 (44～46),0022000709,平成22年 7 ～ 9 月
27756,01030100,生産 金額 (百万円),351600000,メモリ部品 (44～46),0022001012,平成22年 10 ～ 12 月
7469,01030100,生産 金額 (百万円),351600000,メモリ部品 (44～46),0022000101,平成22年1月
8618,01030100,生産 金額 (百万円),351600000,メモリ部品 (44～46),0022000202,平成22年2月
9875,01030100,生産 金額 (百万円),351600000,メモリ部品 (44～46),0022000303,平成22年3月
9736,01030100,生産 金額 (百万円),351600000,メモリ部品 (44～46),0022000404,平成22年4月
9512,01030100,生産 金額 (百万円),351600000,メモリ部品 (44～46),0022000505,平成22年5月
9906,01030100,生産 金額 (百万円),351600000,メモリ部品 (44～46),0022000606,平成22年6月
9457,01030100,生産 金額 (百万円),351600000,メモリ部品 (44～46),0022000707,平成22年7月
7678,01030100,生産 金額 (百万円),351600000,メモリ部品 (44～46),0022000808,平成22年8月
8651,01030100,生産 金額 (百万円),351600000,メモリ部品 (44～46),0022000909,平成22年9月
8657,01030100,生産 金額 (百万円),351600000,メモリ部品 (44～46),0022001010,平成22年10月
9575,01030100,生産 金額 (百万円),351600000,メモリ部品 (44～46),0022001111,平成22年11月
9524,01030100,生産 金額 (百万円),351600000,メモリ部品 (44～46),0022001212,平成22年12月
154033,01030100,生産 金額 (百万円),351610000,メモリ部品 磁気テープ (44～45),0018000000,平成18年
149339,01030100,生産 金額 (百万円),351610000,メモリ部品 磁気テープ (44～45),0019000000,平成19年
137211,01030100,生産 金額 (百万円),351610000,メモリ部品 磁気テープ (44～45),0020000000,平成20年
79865,01030100,生産 金額 (百万円),351610000,メモリ部品 磁気テープ (44～45),0021000000,平成21年
82914,01030100,生産 金額 (百万円),351610000,メモリ部品 磁気テープ (44～45),0022000000,平成22年
121687,01030100,生産 金額 (百万円),351610000,メモリ部品 磁気テープ (44～45),0020010000,平成20年度
78198,01030100,生産 金額 (百万円),351610000,メモリ部品 磁気テープ (44～45),0021010000,平成21年度
19453,01030100,生産 金額 (百万円),351610000,メモリ部品 磁気テープ (44～45),0022000103,平成22年 1 ～ 3 月
22434,01030100,生産 金額 (百万円),351610000,メモリ部品 磁気テープ (44～45),0022000406,平成22年 4 ～ 6 月
19995,01030100,生産 金額 (百万円),351610000,メモリ部品 磁気テープ (44～45),0022000709,平成22年 7 ～ 9 月
21032,01030100,生産 金額 (百万円),351610000,メモリ部品 磁気テープ (44～45),0022001012,平成22年 10 ～ 12 月
5500,01030100,生産 金額 (百万円),351610000,メモリ部品 磁気テープ (44～45),0022000101,平成22年1月
6423,01030100,生産 金額 (百万円),351610000,メモリ部品 磁気テープ (44～45),0022000202,平成22年2月
7530,01030100,生産 金額 (百万円),351610000,メモリ部品 磁気テープ (44～45),0022000303,平成22年3月
7472,01030100,生産 金額 (百万円),351610000,メモリ部品 磁気テープ (44～45),0022000404,平成22年4月
7281,01030100,生産 金額 (百万円),351610000,メモリ部品 磁気テープ (44～45),0022000505,平成22年5月
7681,01030100,生産 金額 (百万円),351610000,メモリ部品 磁気テープ (44～45),0022000606,平成22年6月
7373,01030100,生産 金額 (百万円),351610000,メモリ部品 磁気テープ (44～45),0022000707,平成22年7月
5835,01030100,生産 金額 (百万円),351610000,メモリ部品 磁気テープ (44～45),0022000808,平成22年8月
6787,01030100,生産 金額 (百万円),351610000,メモリ部品 磁気テープ (44～45),0022000909,平成22年9月
6529,01030100,生産 金額 (百万円),351610000,メモリ部品 磁気テープ (44～45),0022001010,平成22年10月
7208,01030100,生産 金額 (百万円),351610000,メモリ部品 磁気テープ (44～45),0022001111,平成22年11月
7295,01030100,生産 金額 (百万円),351610000,メモリ部品 磁気テープ (44～45),0022001212,平成22年12月
66569,01030100,生産 金額 (百万円),351611000,メモリ部品 磁気テープ 磁気録音・録画テープ (44),0018000000,平成18年
57037,01030100,生産 金額 (百万円),351611000,メモリ部品 磁気テープ 磁気録音・録画テープ (44),0019000000,平成19年
51401,01030100,生産 金額 (百万円),351611000,メモリ部品 磁気テープ 磁気録音・録画テープ (44),0020000000,平成20年
32967,01030100,生産 金額 (百万円),351611000,メモリ部品 磁気テープ 磁気録音・録画テープ (44),0021000000,平成21年
34427,01030100,生産 金額 (百万円),351611000,メモリ部品 磁気テープ 磁気録音・録画テープ (44),0022000000,平成22年
45694,01030100,生産 金額 (百万円),351611000,メモリ部品 磁気テープ 磁気録音・録画テープ (44),0020010000,平成20年度
33930,01030100,生産 金額 (百万円),351611000,メモリ部品 磁気テープ 磁気録音・録画テープ (44),0021010000,平成21年度
8036,01030100,生産 金額 (百万円),351611000,メモリ部品 磁気テープ 磁気録音・録画テープ (44),0022000103,平成22年 1 ～ 3 月
8754,01030100,生産 金額 (百万円),351611000,メモリ部品 磁気テープ 磁気録音・録画テープ (44),0022000406,平成22年 4 ～ 6 月
8694,01030100,生産 金額 (百万円),351611000,メモリ部品 磁気テープ 磁気録音・録画テープ (44),0022000709,平成22年 7 ～ 9 月
8943,01030100,生産 金額 (百万円),351611000,メモリ部品 磁気テープ 磁気録音・録画テープ (44),0022001012,平成22年 10 ～ 12 月
2442,01030100,生産 金額 (百万円),351611000,メモリ部品 磁気テープ 磁気録音・録画テープ (44),0022000101,平成22年1月
2687,01030100,生産 金額 (百万円),351611000,メモリ部品 磁気テープ 磁気録音・録画テープ (44),0022000202,平成22年2月
2907,01030100,生産 金額 (百万円),351611000,メモリ部品 磁気テープ 磁気録音・録画テープ (44),0022000303,平成22年3月
2970,01030100,生産 金額 (百万円),351611000,メモリ部品 磁気テープ 磁気録音・録画テープ (44),0022000404,平成22年4月
2803,01030100,生産 金額 (百万円),351611000,メモリ部品 磁気テープ 磁気録音・録画テープ (44),0022000505,平成22年5月
2981,01030100,生産 金額 (百万円),351611000,メモリ部品 磁気テープ 磁気録音・録画テープ (44),0022000606,平成22年6月
3019,01030100,生産 金額 (百万円),351611000,メモリ部品 磁気テープ 磁気録音・録画テープ (44),0022000707,平成22年7月
2683,01030100,生産 金額 (百万円),351611000,メモリ部品 磁気テープ 磁気録音・録画テープ (44),0022000808,平成22年8月
2992,01030100,生産 金額 (百万円),351611000,メモリ部品 磁気テープ 磁気録音・録画テープ (44),0022000909,平成22年9月
2869,01030100,生産 金額 (百万円),351611000,メモリ部品 磁気テープ 磁気録音・録画テープ (44),0022001010,平成22年10月
3025,01030100,生産 金額 (百万円),351611000,メモリ部品 磁気テープ 磁気録音・録画テープ (44),0022001111,平成22年11月
3049,01030100,生産 金額 (百万円),351611000,メモリ部品 磁気テープ 磁気録音・録画テープ (44),0022001212,平成22年12月
87464,01030100,生産 金額 (百万円),351612000,メモリ部品 磁気テープ その他の磁気テープ (45),0018000000,平成18年
92302,01030100,生産 金額 (百万円),351612000,メモリ部品 磁気テープ その他の磁気テープ (45),0019000000,平成19年
85810,01030100,生産 金額 (百万円),351612000,メモリ部品 磁気テープ その他の磁気テープ (45),0020000000,平成20年
46898,01030100,生産 金額 (百万円),351612000,メモリ部品 磁気テープ その他の磁気テープ (45),0021000000,平成21年
48487,01030100,生産 金額 (百万円),351612000,メモリ部品 磁気テープ その他の磁気テープ (45),0022000000,平成22年
75993,01030100,生産 金額 (百万円),351612000,メモリ部品 磁気テープ その他の磁気テープ (45),0020010000,平成20年度
44268,01030100,生産 金額 (百万円),351612000,メモリ部品 磁気テープ その他の磁気テープ (45),0021010000,平成21年度
11417,01030100,生産 金額 (百万円),351612000,メモリ部品 磁気テープ その他の磁気テープ (45),0022000103,平成22年 1 ～ 3 月
13680,01030100,生産 金額 (百万円),351612000,メモリ部品 磁気テープ その他の磁気テープ (45),0022000406,平成22年 4 ～ 6 月
11301,01030100,生産 金額 (百万円),351612000,メモリ部品 磁気テープ その他の磁気テープ (45),0022000709,平成22年 7 ～ 9 月
12089,01030100,生産 金額 (百万円),351612000,メモリ部品 磁気テープ その他の磁気テープ (45),0022001012,平成22年 10 ～ 12 月
3058,01030100,生産 金額 (百万円),351612000,メモリ部品 磁気テープ その他の磁気テープ (45),0022000101,平成22年1月
3736,01030100,生産 金額 (百万円),351612000,メモリ部品 磁気テープ その他の磁気テープ (45),0022000202,平成22年2月
4623,01030100,生産 金額 (百万円),351612000,メモリ部品 磁気テープ その他の磁気テープ (45),0022000303,平成22年3月
4502,01030100,生産 金額 (百万円),351612000,メモリ部品 磁気テープ その他の磁気テープ (45),0022000404,平成22年4月
4478,01030100,生産 金額 (百万円),351612000,メモリ部品 磁気テープ その他の磁気テープ (45),0022000505,平成22年5月
4700,01030100,生産 金額 (百万円),351612000,メモリ部品 磁気テープ その他の磁気テープ (45),0022000606,平成22年6月
4354,01030100,生産 金額 (百万円),351612000,メモリ部品 磁気テープ その他の磁気テープ (45),0022000707,平成22年7月
3152,01030100,生産 金額 (百万円),351612000,メモリ部品 磁気テープ その他の磁気テープ (45),0022000808,平成22年8月
3795,01030100,生産 金額 (百万円),351612000,メモリ部品 磁気テープ その他の磁気テープ (45),0022000909,平成22年9月
3660,01030100,生産 金額 (百万円),351612000,メモリ部品 磁気テープ その他の磁気テープ (45),0022001010,平成22年10月
4183,01030100,生産 金額 (百万円),351612000,メモリ部品 磁気テープ その他の磁気テープ (45),0022001111,平成22年11月
4246,01030100,生産 金額 (百万円),351612000,メモリ部品 磁気テープ その他の磁気テープ (45),0022001212,平成22年12月
63313,01030100,生産 金額 (百万円),351620000,メモリ部品 光ディスク (46),0018000000,平成18年
49069,01030100,生産 金額 (百万円),351620000,メモリ部品 光ディスク (46),0019000000,平成19年
45790,01030100,生産 金額 (百万円),351620000,メモリ部品 光ディスク (46),0020000000,平成20年
33783,01030100,生産 金額 (百万円),351620000,メモリ部品 光ディスク (46),0021000000,平成21年
25744,01030100,生産 金額 (百万円),351620000,メモリ部品 光ディスク (46),0022000000,平成22年
39901,01030100,生産 金額 (百万円),351620000,メモリ部品 光ディスク (46),0020010000,平成20年度
33804,01030100,生産 金額 (百万円),351620000,メモリ部品 光ディスク (46),0021010000,平成21年度
6509,01030100,生産 金額 (百万円),351620000,メモリ部品 光ディスク (46),0022000103,平成22年 1 ～ 3 月
6720,01030100,生産 金額 (百万円),351620000,メモリ部品 光ディスク (46),0022000406,平成22年 4 ～ 6 月
5791,01030100,生産 金額 (百万円),351620000,メモリ部品 光ディスク (46),0022000709,平成22年 7 ～ 9 月
6724,01030100,生産 金額 (百万円),351620000,メモリ部品 光ディスク (46),0022001012,平成22年 10 ～ 12 月
1969,01030100,生産 金額 (百万円),351620000,メモリ部品 光ディスク (46),0022000101,平成22年1月
2195,01030100,生産 金額 (百万円),351620000,メモリ部品 光ディスク (46),0022000202,平成22年2月
2345,01030100,生産 金額 (百万円),351620000,メモリ部品 光ディスク (46),0022000303,平成22年3月
2264,01030100,生産 金額 (百万円),351620000,メモリ部品 光ディスク (46),0022000404,平成22年4月
2231,01030100,生産 金額 (百万円),351620000,メモリ部品 光ディスク (46),0022000505,平成22年5月
2225,01030100,生産 金額 (百万円),351620000,メモリ部品 光ディスク (46),0022000606,平成22年6月
2084,01030100,生産 金額 (百万円),351620000,メモリ部品 光ディスク (46),0022000707,平成22年7月
1843,01030100,生産 金額 (百万円),351620000,メモリ部品 光ディスク (46),0022000808,平成22年8月
1864,01030100,生産 金額 (百万円),351620000,メモリ部品 光ディスク (46),0022000909,平成22年9月
2128,01030100,生産 金額 (百万円),351620000,メモリ部品 光ディスク (46),0022001010,平成22年10月
2367,01030100,生産 金額 (百万円),351620000,メモリ部品 光ディスク (46),0022001111,平成22年11月
2229,01030100,生産 金額 (百万円),351620000,メモリ部品 光ディスク (46),0022001212,平成22年12月
144729,01030100,生産 金額 (百万円),351700000,スイッチング電源 (47),0018000000,平成18年
137175,01030100,生産 金額 (百万円),351700000,スイッチング電源 (47),0019000000,平成19年
112613,01030100,生産 金額 (百万円),351700000,スイッチング電源 (47),0020000000,平成20年
75297,01030100,生産 金額 (百万円),351700000,スイッチング電源 (47),0021000000,平成21年
87487,01030100,生産 金額 (百万円),351700000,スイッチング電源 (47),0022000000,平成22年
100088,01030100,生産 金額 (百万円),351700000,スイッチング電源 (47),0020010000,平成20年度
77758,01030100,生産 金額 (百万円),351700000,スイッチング電源 (47),0021010000,平成21年度
21846,01030100,生産 金額 (百万円),351700000,スイッチング電源 (47),0022000103,平成22年 1 ～ 3 月
20671,01030100,生産 金額 (百万円),351700000,スイッチング電源 (47),0022000406,平成22年 4 ～ 6 月
22850,01030100,生産 金額 (百万円),351700000,スイッチング電源 (47),0022000709,平成22年 7 ～ 9 月
22120,01030100,生産 金額 (百万円),351700000,スイッチング電源 (47),0022001012,平成22年 10 ～ 12 月
6728,01030100,生産 金額 (百万円),351700000,スイッチング電源 (47),0022000101,平成22年1月
7094,01030100,生産 金額 (百万円),351700000,スイッチング電源 (47),0022000202,平成22年2月
8024,01030100,生産 金額 (百万円),351700000,スイッチング電源 (47),0022000303,平成22年3月
6142,01030100,生産 金額 (百万円),351700000,スイッチング電源 (47),0022000404,平成22年4月
6897,01030100,生産 金額 (百万円),351700000,スイッチング電源 (47),0022000505,平成22年5月
7632,01030100,生産 金額 (百万円),351700000,スイッチング電源 (47),0022000606,平成22年6月
7599,01030100,生産 金額 (百万円),351700000,スイッチング電源 (47),0022000707,平成22年7月
7515,01030100,生産 金額 (百万円),351700000,スイッチング電源 (47),0022000808,平成22年8月
7736,01030100,生産 金額 (百万円),351700000,スイッチング電源 (47),0022000909,平成22年9月
7244,01030100,生産 金額 (百万円),351700000,スイッチング電源 (47),0022001010,平成22年10月
7668,01030100,生産 金額 (百万円),351700000,スイッチング電源 (47),0022001111,平成22年11月
7208,01030100,生産 金額 (百万円),351700000,スイッチング電源 (47),0022001212,平成22年12月
