value,cat01,cat01_label,cat02,cat02_label,cat03,cat03_label,area,area_label,time,time_label,unit
49954,1,全世帯,001,平均,001,集計世帯数,00000,全国,1984000000,1984年,世帯
18685,1,全世帯,001,平均,001,集計世帯数,00415,3大都市圏平均,1984000000,1984年,世帯
815909,1,全世帯,001,平均,002,世帯数分布（抽出率調整）,00000,全国,1984000000,1984年,世帯
374093,1,全世帯,001,平均,002,世帯数分布（抽出率調整）,00415,3大都市圏平均,1984000000,1984年,世帯
10000,1,全世帯,001,平均,003,（１万分比）,00000,全国,1984000000,1984年,
10000,1,全世帯,001,平均,003,（１万分比）,00415,3大都市圏平均,1984000000,1984年,
3.85,1,全世帯,001,平均,004,世帯人員（人）,00000,全国,1984000000,1984年,人
3.77,1,全世帯,001,平均,004,世帯人員（人）,00415,3大都市圏平均,1984000000,1984年,人
1.7,1,全世帯,001,平均,005,有業人員（人）,00000,全国,1984000000,1984年,人
1.57,1,全世帯,001,平均,005,有業人員（人）,00415,3大都市圏平均,1984000000,1984年,人
46.4,1,全世帯,001,平均,006,世帯主の年齢（歳）,00000,全国,1984000000,1984年,歳
45.4,1,全世帯,001,平均,006,世帯主の年齢（歳）,00415,3大都市圏平均,1984000000,1984年,歳
74.3,1,全世帯,001,平均,007,持家率（％）,00000,全国,1984000000,1984年,％
69.4,1,全世帯,001,平均,007,持家率（％）,00415,3大都市圏平均,1984000000,1984年,％
5.3,1,全世帯,001,平均,008,居住室数（室）,00000,全国,1984000000,1984年,室
4.9,1,全世帯,001,平均,008,居住室数（室）,00415,3大都市圏平均,1984000000,1984年,室
26.7,1,全世帯,001,平均,009,家賃・地代を支払っている世帯割合（％）,00000,全国,1984000000,1984年,％
32.3,1,全世帯,001,平均,009,家賃・地代を支払っている世帯割合（％）,00415,3大都市圏平均,1984000000,1984年,％
5475,1,全世帯,001,平均,010,年間収入（千円）,00000,全国,1984000000,1984年,千円
5906,1,全世帯,001,平均,010,年間収入（千円）,00415,3大都市圏平均,1984000000,1984年,千円
264408,1,全世帯,001,平均,011,消費支出,00000,全国,1984000000,1984年,円
284418,1,全世帯,001,平均,011,消費支出,00415,3大都市圏平均,1984000000,1984年,円
75306,1,全世帯,001,平均,012,食料,00000,全国,1984000000,1984年,円
82960,1,全世帯,001,平均,012,食料,00415,3大都市圏平均,1984000000,1984年,円
9218,1,全世帯,001,平均,013,穀類,00000,全国,1984000000,1984年,円
10225,1,全世帯,001,平均,013,穀類,00415,3大都市圏平均,1984000000,1984年,円
5662,1,全世帯,001,平均,014,米類,00000,全国,1984000000,1984年,円
6132,1,全世帯,001,平均,014,米類,00415,3大都市圏平均,1984000000,1984年,円
1987,1,全世帯,001,平均,015,パン,00000,全国,1984000000,1984年,円
2377,1,全世帯,001,平均,015,パン,00415,3大都市圏平均,1984000000,1984年,円
1275,1,全世帯,001,平均,016,めん類,00000,全国,1984000000,1984年,円
1388,1,全世帯,001,平均,016,めん類,00415,3大都市圏平均,1984000000,1984年,円
293,1,全世帯,001,平均,017,穀粉・その他,00000,全国,1984000000,1984年,円
328,1,全世帯,001,平均,017,穀粉・その他,00415,3大都市圏平均,1984000000,1984年,円
11007,1,全世帯,001,平均,018,魚介類,00000,全国,1984000000,1984年,円
11144,1,全世帯,001,平均,018,魚介類,00415,3大都市圏平均,1984000000,1984年,円
7315,1,全世帯,001,平均,019,生鮮魚介,00000,全国,1984000000,1984年,円
7353,1,全世帯,001,平均,019,生鮮魚介,00415,3大都市圏平均,1984000000,1984年,円
2280,1,全世帯,001,平均,020,塩干魚介,00000,全国,1984000000,1984年,円
2339,1,全世帯,001,平均,020,塩干魚介,00415,3大都市圏平均,1984000000,1984年,円
884,1,全世帯,001,平均,021,魚肉練製品,00000,全国,1984000000,1984年,円
907,1,全世帯,001,平均,021,魚肉練製品,00415,3大都市圏平均,1984000000,1984年,円
528,1,全世帯,001,平均,022,他の魚介加工品,00000,全国,1984000000,1984年,円
545,1,全世帯,001,平均,022,他の魚介加工品,00415,3大都市圏平均,1984000000,1984年,円
8538,1,全世帯,001,平均,023,肉類,00000,全国,1984000000,1984年,円
9798,1,全世帯,001,平均,023,肉類,00415,3大都市圏平均,1984000000,1984年,円
7226,1,全世帯,001,平均,024,生鮮肉,00000,全国,1984000000,1984年,円
8220,1,全世帯,001,平均,024,生鮮肉,00415,3大都市圏平均,1984000000,1984年,円
1312,1,全世帯,001,平均,025,加工肉,00000,全国,1984000000,1984年,円
1579,1,全世帯,001,平均,025,加工肉,00415,3大都市圏平均,1984000000,1984年,円
3940,1,全世帯,001,平均,026,乳卵類,00000,全国,1984000000,1984年,円
4159,1,全世帯,001,平均,026,乳卵類,00415,3大都市圏平均,1984000000,1984年,円
2045,1,全世帯,001,平均,027,牛乳,00000,全国,1984000000,1984年,円
2095,1,全世帯,001,平均,027,牛乳,00415,3大都市圏平均,1984000000,1984年,円
614,1,全世帯,001,平均,028,乳製品,00000,全国,1984000000,1984年,円
731,1,全世帯,001,平均,028,乳製品,00415,3大都市圏平均,1984000000,1984年,円
1281,1,全世帯,001,平均,029,卵,00000,全国,1984000000,1984年,円
1333,1,全世帯,001,平均,029,卵,00415,3大都市圏平均,1984000000,1984年,円
9092,1,全世帯,001,平均,030,野菜・海草,00000,全国,1984000000,1984年,円
10282,1,全世帯,001,平均,030,野菜・海草,00415,3大都市圏平均,1984000000,1984年,円
6117,1,全世帯,001,平均,031,生鮮野菜,00000,全国,1984000000,1984年,円
7096,1,全世帯,001,平均,031,生鮮野菜,00415,3大都市圏平均,1984000000,1984年,円
727,1,全世帯,001,平均,032,乾物・海草,00000,全国,1984000000,1984年,円
777,1,全世帯,001,平均,032,乾物・海草,00415,3大都市圏平均,1984000000,1984年,円
1064,1,全世帯,001,平均,033,大豆加工品,00000,全国,1984000000,1984年,円
1100,1,全世帯,001,平均,033,大豆加工品,00415,3大都市圏平均,1984000000,1984年,円
1184,1,全世帯,001,平均,034,他の野菜・海草加工品,00000,全国,1984000000,1984年,円
1309,1,全世帯,001,平均,034,他の野菜・海草加工品,00415,3大都市圏平均,1984000000,1984年,円
4527,1,全世帯,001,平均,035,果物,00000,全国,1984000000,1984年,円
4759,1,全世帯,001,平均,035,果物,00415,3大都市圏平均,1984000000,1984年,円
4449,1,全世帯,001,平均,036,生鮮果物,00000,全国,1984000000,1984年,円
4677,1,全世帯,001,平均,036,生鮮果物,00415,3大都市圏平均,1984000000,1984年,円
78,1,全世帯,001,平均,037,果物加工品,00000,全国,1984000000,1984年,円
82,1,全世帯,001,平均,037,果物加工品,00415,3大都市圏平均,1984000000,1984年,円
3041,1,全世帯,001,平均,038,油脂・調味料,00000,全国,1984000000,1984年,円
3099,1,全世帯,001,平均,038,油脂・調味料,00415,3大都市圏平均,1984000000,1984年,円
470,1,全世帯,001,平均,039,油脂,00000,全国,1984000000,1984年,円
479,1,全世帯,001,平均,039,油脂,00415,3大都市圏平均,1984000000,1984年,円
2571,1,全世帯,001,平均,040,調味料,00000,全国,1984000000,1984年,円
2621,1,全世帯,001,平均,040,調味料,00415,3大都市圏平均,1984000000,1984年,円
5271,1,全世帯,001,平均,041,菓子類,00000,全国,1984000000,1984年,円
5592,1,全世帯,001,平均,041,菓子類,00415,3大都市圏平均,1984000000,1984年,円
3443,1,全世帯,001,平均,042,調理食品,00000,全国,1984000000,1984年,円
4059,1,全世帯,001,平均,042,調理食品,00415,3大都市圏平均,1984000000,1984年,円
822,1,全世帯,001,平均,043,主食的調理食品,00000,全国,1984000000,1984年,円
1005,1,全世帯,001,平均,043,主食的調理食品,00415,3大都市圏平均,1984000000,1984年,円
2621,1,全世帯,001,平均,044,他の調理食品,00000,全国,1984000000,1984年,円
3054,1,全世帯,001,平均,044,他の調理食品,00415,3大都市圏平均,1984000000,1984年,円
2393,1,全世帯,001,平均,045,飲料,00000,全国,1984000000,1984年,円
2556,1,全世帯,001,平均,045,飲料,00415,3大都市圏平均,1984000000,1984年,円
437,1,全世帯,001,平均,046,茶類,00000,全国,1984000000,1984年,円
502,1,全世帯,001,平均,046,茶類,00415,3大都市圏平均,1984000000,1984年,円
496,1,全世帯,001,平均,047,コーヒー・ココア,00000,全国,1984000000,1984年,円
561,1,全世帯,001,平均,047,コーヒー・ココア,00415,3大都市圏平均,1984000000,1984年,円
1459,1,全世帯,001,平均,048,他の飲料,00000,全国,1984000000,1984年,円
1493,1,全世帯,001,平均,048,他の飲料,00415,3大都市圏平均,1984000000,1984年,円
3506,1,全世帯,001,平均,049,酒類,00000,全国,1984000000,1984年,円
3768,1,全世帯,001,平均,049,酒類,00415,3大都市圏平均,1984000000,1984年,円
11331,1,全世帯,001,平均,050,外食,00000,全国,1984000000,1984年,円
13519,1,全世帯,001,平均,050,外食,00415,3大都市圏平均,1984000000,1984年,円
9566,1,全世帯,001,平均,051,一般外食,00000,全国,1984000000,1984年,円
11867,1,全世帯,001,平均,051,一般外食,00415,3大都市圏平均,1984000000,1984年,円
1766,1,全世帯,001,平均,052,学校給食,00000,全国,1984000000,1984年,円
1651,1,全世帯,001,平均,052,学校給食,00415,3大都市圏平均,1984000000,1984年,円
12001,1,全世帯,001,平均,053,住居,00000,全国,1984000000,1984年,円
14525,1,全世帯,001,平均,053,住居,00415,3大都市圏平均,1984000000,1984年,円
6631,1,全世帯,001,平均,054,家賃・地代,00000,全国,1984000000,1984年,円
9523,1,全世帯,001,平均,054,家賃・地代,00415,3大都市圏平均,1984000000,1984年,円
5371,1,全世帯,001,平均,055,設備修繕・維持,00000,全国,1984000000,1984年,円
5002,1,全世帯,001,平均,055,設備修繕・維持,00415,3大都市圏平均,1984000000,1984年,円
934,1,全世帯,001,平均,056,設備材料,00000,全国,1984000000,1984年,円
845,1,全世帯,001,平均,056,設備材料,00415,3大都市圏平均,1984000000,1984年,円
4437,1,全世帯,001,平均,057,工事その他のサービス,00000,全国,1984000000,1984年,円
4157,1,全世帯,001,平均,057,工事その他のサービス,00415,3大都市圏平均,1984000000,1984年,円
15954,1,全世帯,001,平均,058,光熱・水道,00000,全国,1984000000,1984年,円
16724,1,全世帯,001,平均,058,光熱・水道,00415,3大都市圏平均,1984000000,1984年,円
7404,1,全世帯,001,平均,059,電気代,00000,全国,1984000000,1984年,円
7596,1,全世帯,001,平均,059,電気代,00415,3大都市圏平均,1984000000,1984年,円
4331,1,全世帯,001,平均,060,ガス代,00000,全国,1984000000,1984年,円
4941,1,全世帯,001,平均,060,ガス代,00415,3大都市圏平均,1984000000,1984年,円
1350,1,全世帯,001,平均,061,他の光熱,00000,全国,1984000000,1984年,円
681,1,全世帯,001,平均,061,他の光熱,00415,3大都市圏平均,1984000000,1984年,円
2869,1,全世帯,001,平均,062,水道料,00000,全国,1984000000,1984年,円
3506,1,全世帯,001,平均,062,水道料,00415,3大都市圏平均,1984000000,1984年,円
11301,1,全世帯,001,平均,063,家具・家事用品,00000,全国,1984000000,1984年,円
11653,1,全世帯,001,平均,063,家具・家事用品,00415,3大都市圏平均,1984000000,1984年,円
4053,1,全世帯,001,平均,064,家庭用耐久財,00000,全国,1984000000,1984年,円
4207,1,全世帯,001,平均,064,家庭用耐久財,00415,3大都市圏平均,1984000000,1984年,円
1669,1,全世帯,001,平均,065,家事用耐久財,00000,全国,1984000000,1984年,円
1611,1,全世帯,001,平均,065,家事用耐久財,00415,3大都市圏平均,1984000000,1984年,円
1164,1,全世帯,001,平均,066,冷暖房用器具,00000,全国,1984000000,1984年,円
1247,1,全世帯,001,平均,066,冷暖房用器具,00415,3大都市圏平均,1984000000,1984年,円
1220,1,全世帯,001,平均,067,一般家具,00000,全国,1984000000,1984年,円
1349,1,全世帯,001,平均,067,一般家具,00415,3大都市圏平均,1984000000,1984年,円
972,1,全世帯,001,平均,068,室内装備品,00000,全国,1984000000,1984年,円
1007,1,全世帯,001,平均,068,室内装備品,00415,3大都市圏平均,1984000000,1984年,円
1521,1,全世帯,001,平均,069,寝具類,00000,全国,1984000000,1984年,円
1535,1,全世帯,001,平均,069,寝具類,00415,3大都市圏平均,1984000000,1984年,円
2077,1,全世帯,001,平均,070,家事雑貨,00000,全国,1984000000,1984年,円
2228,1,全世帯,001,平均,070,家事雑貨,00415,3大都市圏平均,1984000000,1984年,円
1795,1,全世帯,001,平均,071,家事用消耗品,00000,全国,1984000000,1984年,円
1928,1,全世帯,001,平均,071,家事用消耗品,00415,3大都市圏平均,1984000000,1984年,円
882,1,全世帯,001,平均,072,家事サービス,00000,全国,1984000000,1984年,円
748,1,全世帯,001,平均,072,家事サービス,00415,3大都市圏平均,1984000000,1984年,円
18172,1,全世帯,001,平均,073,被服及び履物,00000,全国,1984000000,1984年,円
19689,1,全世帯,001,平均,073,被服及び履物,00415,3大都市圏平均,1984000000,1984年,円
1627,1,全世帯,001,平均,074,和服,00000,全国,1984000000,1984年,円
1323,1,全世帯,001,平均,074,和服,00415,3大都市圏平均,1984000000,1984年,円
6686,1,全世帯,001,平均,075,洋服,00000,全国,1984000000,1984年,円
7534,1,全世帯,001,平均,075,洋服,00415,3大都市圏平均,1984000000,1984年,円
2423,1,全世帯,001,平均,076,男子洋服,00000,全国,1984000000,1984年,円
2770,1,全世帯,001,平均,076,男子洋服,00415,3大都市圏平均,1984000000,1984年,円
3372,1,全世帯,001,平均,077,婦人洋服,00000,全国,1984000000,1984年,円
3825,1,全世帯,001,平均,077,婦人洋服,00415,3大都市圏平均,1984000000,1984年,円
891,1,全世帯,001,平均,078,子供洋服,00000,全国,1984000000,1984年,円
939,1,全世帯,001,平均,078,子供洋服,00415,3大都市圏平均,1984000000,1984年,円
2908,1,全世帯,001,平均,079,シャツ・セーター類,00000,全国,1984000000,1984年,円
3224,1,全世帯,001,平均,079,シャツ・セーター類,00415,3大都市圏平均,1984000000,1984年,円
1051,1,全世帯,001,平均,080,男子シャツ・セーター類,00000,全国,1984000000,1984年,円
1163,1,全世帯,001,平均,080,男子シャツ・セーター類,00415,3大都市圏平均,1984000000,1984年,円
1532,1,全世帯,001,平均,081,婦人シャツ・セーター類,00000,全国,1984000000,1984年,円
1713,1,全世帯,001,平均,081,婦人シャツ・セーター類,00415,3大都市圏平均,1984000000,1984年,円
325,1,全世帯,001,平均,082,子供シャツ・セーター類,00000,全国,1984000000,1984年,円
348,1,全世帯,001,平均,082,子供シャツ・セーター類,00415,3大都市圏平均,1984000000,1984年,円
1549,1,全世帯,001,平均,083,下着類,00000,全国,1984000000,1984年,円
1577,1,全世帯,001,平均,083,下着類,00415,3大都市圏平均,1984000000,1984年,円
620,1,全世帯,001,平均,084,男子下着類,00000,全国,1984000000,1984年,円
626,1,全世帯,001,平均,084,男子下着類,00415,3大都市圏平均,1984000000,1984年,円
652,1,全世帯,001,平均,085,婦人下着類,00000,全国,1984000000,1984年,円
669,1,全世帯,001,平均,085,婦人下着類,00415,3大都市圏平均,1984000000,1984年,円
277,1,全世帯,001,平均,086,子供下着類,00000,全国,1984000000,1984年,円
282,1,全世帯,001,平均,086,子供下着類,00415,3大都市圏平均,1984000000,1984年,円
958,1,全世帯,001,平均,087,生地・糸類,00000,全国,1984000000,1984年,円
1122,1,全世帯,001,平均,087,生地・糸類,00415,3大都市圏平均,1984000000,1984年,円
1157,1,全世帯,001,平均,088,他の被服,00000,全国,1984000000,1984年,円
1227,1,全世帯,001,平均,088,他の被服,00415,3大都市圏平均,1984000000,1984年,円
1873,1,全世帯,001,平均,089,履物類,00000,全国,1984000000,1984年,円
2050,1,全世帯,001,平均,089,履物類,00415,3大都市圏平均,1984000000,1984年,円
1414,1,全世帯,001,平均,090,被服関連サービス,00000,全国,1984000000,1984年,円
1631,1,全世帯,001,平均,090,被服関連サービス,00415,3大都市圏平均,1984000000,1984年,円
6818,1,全世帯,001,平均,091,保健医療,00000,全国,1984000000,1984年,円
7329,1,全世帯,001,平均,091,保健医療,00415,3大都市圏平均,1984000000,1984年,円
1485,1,全世帯,001,平均,092,医薬品,00000,全国,1984000000,1984年,円
1511,1,全世帯,001,平均,092,医薬品,00415,3大都市圏平均,1984000000,1984年,円
1254,1,全世帯,001,平均,093,保健医療用品・器具,00000,全国,1984000000,1984年,円
1334,1,全世帯,001,平均,093,保健医療用品・器具,00415,3大都市圏平均,1984000000,1984年,円
4079,1,全世帯,001,平均,094,保健医療サービス,00000,全国,1984000000,1984年,円
4484,1,全世帯,001,平均,094,保健医療サービス,00415,3大都市圏平均,1984000000,1984年,円
26537,1,全世帯,001,平均,095,交通通信,00000,全国,1984000000,1984年,円
26609,1,全世帯,001,平均,095,交通通信,00415,3大都市圏平均,1984000000,1984年,円
5459,1,全世帯,001,平均,096,交通,00000,全国,1984000000,1984年,円
6947,1,全世帯,001,平均,096,交通,00415,3大都市圏平均,1984000000,1984年,円
14929,1,全世帯,001,平均,097,自動車等関係費,00000,全国,1984000000,1984年,円
13140,1,全世帯,001,平均,097,自動車等関係費,00415,3大都市圏平均,1984000000,1984年,円
4169,1,全世帯,001,平均,098,自動車,00000,全国,1984000000,1984年,円
3704,1,全世帯,001,平均,098,自動車,00415,3大都市圏平均,1984000000,1984年,円
207,1,全世帯,001,平均,099,自転車,00000,全国,1984000000,1984年,円
254,1,全世帯,001,平均,099,自転車,00415,3大都市圏平均,1984000000,1984年,円
10554,1,全世帯,001,平均,100,自動車等維持,00000,全国,1984000000,1984年,円
9182,1,全世帯,001,平均,100,自動車等維持,00415,3大都市圏平均,1984000000,1984年,円
6149,1,全世帯,001,平均,101,通信,00000,全国,1984000000,1984年,円
6522,1,全世帯,001,平均,101,通信,00415,3大都市圏平均,1984000000,1984年,円
10369,1,全世帯,001,平均,102,教育,00000,全国,1984000000,1984年,円
13560,1,全世帯,001,平均,102,教育,00415,3大都市圏平均,1984000000,1984年,円
8232,1,全世帯,001,平均,103,授業料等,00000,全国,1984000000,1984年,円
10554,1,全世帯,001,平均,103,授業料等,00415,3大都市圏平均,1984000000,1984年,円
370,1,全世帯,001,平均,104,教科書・学習参考書,00000,全国,1984000000,1984年,円
420,1,全世帯,001,平均,104,教科書・学習参考書,00415,3大都市圏平均,1984000000,1984年,円
1767,1,全世帯,001,平均,105,補習教育,00000,全国,1984000000,1984年,円
2586,1,全世帯,001,平均,105,補習教育,00415,3大都市圏平均,1984000000,1984年,円
22332,1,全世帯,001,平均,106,教養娯楽,00000,全国,1984000000,1984年,円
24745,1,全世帯,001,平均,106,教養娯楽,00415,3大都市圏平均,1984000000,1984年,円
2235,1,全世帯,001,平均,107,教養娯楽用耐久財,00000,全国,1984000000,1984年,円
2314,1,全世帯,001,平均,107,教養娯楽用耐久財,00415,3大都市圏平均,1984000000,1984年,円
4494,1,全世帯,001,平均,108,教養娯楽用品,00000,全国,1984000000,1984年,円
4853,1,全世帯,001,平均,108,教養娯楽用品,00415,3大都市圏平均,1984000000,1984年,円
3819,1,全世帯,001,平均,109,書籍・他の印刷物,00000,全国,1984000000,1984年,円
4204,1,全世帯,001,平均,109,書籍・他の印刷物,00415,3大都市圏平均,1984000000,1984年,円
11784,1,全世帯,001,平均,110,教養娯楽サービス,00000,全国,1984000000,1984年,円
13375,1,全世帯,001,平均,110,教養娯楽サービス,00415,3大都市圏平均,1984000000,1984年,円
466,1,全世帯,001,平均,111,宿泊料,00000,全国,1984000000,1984年,円
522,1,全世帯,001,平均,111,宿泊料,00415,3大都市圏平均,1984000000,1984年,円
3467,1,全世帯,001,平均,112,パック旅行,00000,全国,1984000000,1984年,円
3402,1,全世帯,001,平均,112,パック旅行,00415,3大都市圏平均,1984000000,1984年,円
3783,1,全世帯,001,平均,113,月謝類,00000,全国,1984000000,1984年,円
4802,1,全世帯,001,平均,113,月謝類,00415,3大都市圏平均,1984000000,1984年,円
4068,1,全世帯,001,平均,114,他の教養娯楽サービス,00000,全国,1984000000,1984年,円
4649,1,全世帯,001,平均,114,他の教養娯楽サービス,00415,3大都市圏平均,1984000000,1984年,円
65618,1,全世帯,001,平均,115,その他の消費支出,00000,全国,1984000000,1984年,円
66623,1,全世帯,001,平均,115,その他の消費支出,00415,3大都市圏平均,1984000000,1984年,円
15728,1,全世帯,001,平均,116,諸雑費,00000,全国,1984000000,1984年,円
15727,1,全世帯,001,平均,116,諸雑費,00415,3大都市圏平均,1984000000,1984年,円
2595,1,全世帯,001,平均,117,理美容サービス,00000,全国,1984000000,1984年,円
2745,1,全世帯,001,平均,117,理美容サービス,00415,3大都市圏平均,1984000000,1984年,円
2680,1,全世帯,001,平均,118,理美容用品,00000,全国,1984000000,1984年,円
2775,1,全世帯,001,平均,118,理美容用品,00415,3大都市圏平均,1984000000,1984年,円
1537,1,全世帯,001,平均,119,身の回り用品,00000,全国,1984000000,1984年,円
1852,1,全世帯,001,平均,119,身の回り用品,00415,3大都市圏平均,1984000000,1984年,円
1885,1,全世帯,001,平均,120,たばこ,00000,全国,1984000000,1984年,円
1754,1,全世帯,001,平均,120,たばこ,00415,3大都市圏平均,1984000000,1984年,円
7032,1,全世帯,001,平均,121,（「諸雑費」のその他）,00000,全国,1984000000,1984年,円
6600,1,全世帯,001,平均,121,（「諸雑費」のその他）,00415,3大都市圏平均,1984000000,1984年,円
20909,1,全世帯,001,平均,122,こづかい（使途不明）,00000,全国,1984000000,1984年,円
25968,1,全世帯,001,平均,122,こづかい（使途不明）,00415,3大都市圏平均,1984000000,1984年,円
22650,1,全世帯,001,平均,123,交際費,00000,全国,1984000000,1984年,円
21526,1,全世帯,001,平均,123,交際費,00415,3大都市圏平均,1984000000,1984年,円
5007,1,全世帯,001,平均,124,（「交際費」の食料）,00000,全国,1984000000,1984年,円
4871,1,全世帯,001,平均,124,（「交際費」の食料）,00415,3大都市圏平均,1984000000,1984年,円
665,1,全世帯,001,平均,125,家具・家事用品（「交際費」の家具・家事用品）,00000,全国,1984000000,1984年,円
692,1,全世帯,001,平均,125,家具・家事用品（「交際費」の家具・家事用品）,00415,3大都市圏平均,1984000000,1984年,円
957,1,全世帯,001,平均,126,被服及び履物（「交際費」の被服及び履物）,00000,全国,1984000000,1984年,円
963,1,全世帯,001,平均,126,被服及び履物（「交際費」の被服及び履物）,00415,3大都市圏平均,1984000000,1984年,円
491,1,全世帯,001,平均,127,（「交際費」の教養娯楽）,00000,全国,1984000000,1984年,円
533,1,全世帯,001,平均,127,（「交際費」の教養娯楽）,00415,3大都市圏平均,1984000000,1984年,円
425,1,全世帯,001,平均,128,他の物品サービス,00000,全国,1984000000,1984年,円
474,1,全世帯,001,平均,128,他の物品サービス,00415,3大都市圏平均,1984000000,1984年,円
11614,1,全世帯,001,平均,129,贈与金,00000,全国,1984000000,1984年,円
10320,1,全世帯,001,平均,129,贈与金,00415,3大都市圏平均,1984000000,1984年,円
3490,1,全世帯,001,平均,130,他の交際費,00000,全国,1984000000,1984年,円
3673,1,全世帯,001,平均,130,他の交際費,00415,3大都市圏平均,1984000000,1984年,円
6331,1,全世帯,001,平均,131,（「その他の消費支出」の仕送り金）,00000,全国,1984000000,1984年,円
3402,1,全世帯,001,平均,131,（「その他の消費支出」の仕送り金）,00415,3大都市圏平均,1984000000,1984年,円
19098,1,全世帯,001,平均,132,（再掲）教育関係費,00000,全国,1984000000,1984年,円
19357,1,全世帯,001,平均,132,（再掲）教育関係費,00415,3大都市圏平均,1984000000,1984年,円
25669,1,全世帯,001,平均,133,（再掲）教養娯楽関係費,00000,全国,1984000000,1984年,円
28748,1,全世帯,001,平均,133,（再掲）教養娯楽関係費,00415,3大都市圏平均,1984000000,1984年,円
2388,1,全世帯,001,平均,134,（「教養娯楽関係費」の耐久財）,00000,全国,1984000000,1984年,円
2431,1,全世帯,001,平均,134,（「教養娯楽関係費」の耐久財）,00415,3大都市圏平均,1984000000,1984年,円
3765,1,全世帯,001,平均,135,読書,00000,全国,1984000000,1984年,円
4175,1,全世帯,001,平均,135,読書,00415,3大都市圏平均,1984000000,1984年,円
1354,1,全世帯,001,平均,136,聴視・観覧,00000,全国,1984000000,1984年,円
1494,1,全世帯,001,平均,136,聴視・観覧,00415,3大都市圏平均,1984000000,1984年,円
6669,1,全世帯,001,平均,137,旅行,00000,全国,1984000000,1984年,円
7325,1,全世帯,001,平均,137,旅行,00415,3大都市圏平均,1984000000,1984年,円
2099,1,全世帯,001,平均,138,スポーツ,00000,全国,1984000000,1984年,円
2371,1,全世帯,001,平均,138,スポーツ,00415,3大都市圏平均,1984000000,1984年,円
3361,1,全世帯,001,平均,139,（「教養娯楽関係費」の月謝）,00000,全国,1984000000,1984年,円
4359,1,全世帯,001,平均,139,（「教養娯楽関係費」の月謝）,00415,3大都市圏平均,1984000000,1984年,円
1850,1,全世帯,001,平均,140,会費・つきあい費,00000,全国,1984000000,1984年,円
2021,1,全世帯,001,平均,140,会費・つきあい費,00415,3大都市圏平均,1984000000,1984年,円
4181,1,全世帯,001,平均,141,他の教養娯楽,00000,全国,1984000000,1984年,円
4572,1,全世帯,001,平均,141,他の教養娯楽,00415,3大都市圏平均,1984000000,1984年,円
23280,1,全世帯,001,平均,142,〔耐久財を除く教養娯楽関係費〕,00000,全国,1984000000,1984年,円
26317,1,全世帯,001,平均,142,〔耐久財を除く教養娯楽関係費〕,00415,3大都市圏平均,1984000000,1984年,円
222063,1,全世帯,001,平均,143,（（特掲）財・サービス区分の消費支出。「こづかい（使途不明）」，「贈与金」，「他の交際費」，「仕送り金」は含まれない。）,00000,全国,1984000000,1984年,円
241055,1,全世帯,001,平均,143,（（特掲）財・サービス区分の消費支出。「こづかい（使途不明）」，「贈与金」，「他の交際費」，「仕送り金」は含まれない。）,00415,3大都市圏平均,1984000000,1984年,円
143949,1,全世帯,001,平均,144,商品,00000,全国,1984000000,1984年,円
151089,1,全世帯,001,平均,144,商品,00415,3大都市圏平均,1984000000,1984年,円
12805,1,全世帯,001,平均,145,耐久財,00000,全国,1984000000,1984年,円
12754,1,全世帯,001,平均,145,耐久財,00415,3大都市圏平均,1984000000,1984年,円
28607,1,全世帯,001,平均,146,半耐久財,00000,全国,1984000000,1984年,円
30406,1,全世帯,001,平均,146,半耐久財,00415,3大都市圏平均,1984000000,1984年,円
102537,1,全世帯,001,平均,147,非耐久財,00000,全国,1984000000,1984年,円
107929,1,全世帯,001,平均,147,非耐久財,00415,3大都市圏平均,1984000000,1984年,円
78114,1,全世帯,001,平均,148,サービス,00000,全国,1984000000,1984年,円
89966,1,全世帯,001,平均,148,サービス,00415,3大都市圏平均,1984000000,1984年,円
80313,1,全世帯,001,平均,149,（財・サービス区分の食料）,00000,全国,1984000000,1984年,円
87832,1,全世帯,001,平均,149,（財・サービス区分の食料）,00415,3大都市圏平均,1984000000,1984年,円
67587,1,全世帯,001,平均,150,（財・サービス区分「食料」の非耐久財）,00000,全国,1984000000,1984年,円
72798,1,全世帯,001,平均,150,（財・サービス区分「食料」の非耐久財）,00415,3大都市圏平均,1984000000,1984年,円
12726,1,全世帯,001,平均,151,（財・サービス区分「食料」のサービス）,00000,全国,1984000000,1984年,円
15033,1,全世帯,001,平均,151,（財・サービス区分「食料」のサービス）,00415,3大都市圏平均,1984000000,1984年,円
12011,1,全世帯,001,平均,152,（財・サービス区分の住居）,00000,全国,1984000000,1984年,円
14528,1,全世帯,001,平均,152,（財・サービス区分の住居）,00415,3大都市圏平均,1984000000,1984年,円
547,1,全世帯,001,平均,153,（財・サービス区分「住居」の耐久財）,00000,全国,1984000000,1984年,円
575,1,全世帯,001,平均,153,（財・サービス区分「住居」の耐久財）,00415,3大都市圏平均,1984000000,1984年,円
392,1,全世帯,001,平均,154,（財・サービス区分「住居」の半耐久財）,00000,全国,1984000000,1984年,円
272,1,全世帯,001,平均,154,（財・サービス区分「住居」の半耐久財）,00415,3大都市圏平均,1984000000,1984年,円
11073,1,全世帯,001,平均,155,（財・サービス区分「住居」のサービス）,00000,全国,1984000000,1984年,円
13682,1,全世帯,001,平均,155,（財・サービス区分「住居」のサービス）,00415,3大都市圏平均,1984000000,1984年,円
15955,1,全世帯,001,平均,156,光熱・水道（非耐久財）（財・サービス区分の光熱・水道）,00000,全国,1984000000,1984年,円
16724,1,全世帯,001,平均,156,光熱・水道（非耐久財）（財・サービス区分の光熱・水道）,00415,3大都市圏平均,1984000000,1984年,円
11966,1,全世帯,001,平均,157,家具・家事用品（財・サービス区分の家具・家事用品）,00000,全国,1984000000,1984年,円
12345,1,全世帯,001,平均,157,家具・家事用品（財・サービス区分の家具・家事用品）,00415,3大都市圏平均,1984000000,1984年,円
5065,1,全世帯,001,平均,158,（財・サービス区分「家具・家事用品」の耐久財）,00000,全国,1984000000,1984年,円
5263,1,全世帯,001,平均,158,（財・サービス区分「家具・家事用品」の耐久財）,00415,3大都市圏平均,1984000000,1984年,円
4208,1,全世帯,001,平均,159,（財・サービス区分「家具・家事用品」の半耐久財）,00000,全国,1984000000,1984年,円
4391,1,全世帯,001,平均,159,（財・サービス区分「家具・家事用品」の半耐久財）,00415,3大都市圏平均,1984000000,1984年,円
1809,1,全世帯,001,平均,160,（財・サービス区分「家具・家事用品」の非耐久財）,00000,全国,1984000000,1984年,円
1941,1,全世帯,001,平均,160,（財・サービス区分「家具・家事用品」の非耐久財）,00415,3大都市圏平均,1984000000,1984年,円
883,1,全世帯,001,平均,161,（財・サービス区分「家具・家事用品」のサービス）,00000,全国,1984000000,1984年,円
749,1,全世帯,001,平均,161,（財・サービス区分「家具・家事用品」のサービス）,00415,3大都市圏平均,1984000000,1984年,円
19129,1,全世帯,001,平均,162,被服及び履物（財・サービス区分の被服及び履物）,00000,全国,1984000000,1984年,円
20652,1,全世帯,001,平均,162,被服及び履物（財・サービス区分の被服及び履物）,00415,3大都市圏平均,1984000000,1984年,円
17711,1,全世帯,001,平均,163,（財・サービス区分「被服及び履物」の半耐久財）,00000,全国,1984000000,1984年,円
19017,1,全世帯,001,平均,163,（財・サービス区分「被服及び履物」の半耐久財）,00415,3大都市圏平均,1984000000,1984年,円
1418,1,全世帯,001,平均,164,（財・サービス区分「被服及び履物」のサービス）,00000,全国,1984000000,1984年,円
1635,1,全世帯,001,平均,164,（財・サービス区分「被服及び履物」のサービス）,00415,3大都市圏平均,1984000000,1984年,円
6862,1,全世帯,001,平均,165,（財・サービス区分の保健医療）,00000,全国,1984000000,1984年,円
7374,1,全世帯,001,平均,165,（財・サービス区分の保健医療）,00415,3大都市圏平均,1984000000,1984年,円
521,1,全世帯,001,平均,166,（財・サービス区分「保健医療」の耐久財）,00000,全国,1984000000,1984年,円
596,1,全世帯,001,平均,166,（財・サービス区分「保健医療」の耐久財）,00415,3大都市圏平均,1984000000,1984年,円
297,1,全世帯,001,平均,167,（財・サービス区分「保健医療」の半耐久財）,00000,全国,1984000000,1984年,円
241,1,全世帯,001,平均,167,（財・サービス区分「保健医療」の半耐久財）,00415,3大都市圏平均,1984000000,1984年,円
1960,1,全世帯,001,平均,168,（財・サービス区分「保健医療」の非耐久財）,00000,全国,1984000000,1984年,円
2050,1,全世帯,001,平均,168,（財・サービス区分「保健医療」の非耐久財）,00415,3大都市圏平均,1984000000,1984年,円
4084,1,全世帯,001,平均,169,（財・サービス区分「保健医療」のサービス）,00000,全国,1984000000,1984年,円
4487,1,全世帯,001,平均,169,（財・サービス区分「保健医療」のサービス）,00415,3大都市圏平均,1984000000,1984年,円
26598,1,全世帯,001,平均,170,（財・サービス区分の交通通信）,00000,全国,1984000000,1984年,円
26668,1,全世帯,001,平均,170,（財・サービス区分の交通通信）,00415,3大都市圏平均,1984000000,1984年,円
4382,1,全世帯,001,平均,171,（財・サービス区分「交通通信」の耐久財）,00000,全国,1984000000,1984年,円
3963,1,全世帯,001,平均,171,（財・サービス区分「交通通信」の耐久財）,00415,3大都市圏平均,1984000000,1984年,円
402,1,全世帯,001,平均,172,（財・サービス区分「交通通信」の半耐久財）,00000,全国,1984000000,1984年,円
351,1,全世帯,001,平均,172,（財・サービス区分「交通通信」の半耐久財）,00415,3大都市圏平均,1984000000,1984年,円
5659,1,全世帯,001,平均,173,（財・サービス区分「交通通信」の非耐久財）,00000,全国,1984000000,1984年,円
4243,1,全世帯,001,平均,173,（財・サービス区分「交通通信」の非耐久財）,00415,3大都市圏平均,1984000000,1984年,円
16156,1,全世帯,001,平均,174,（財・サービス区分「交通通信」のサービス）,00000,全国,1984000000,1984年,円
18111,1,全世帯,001,平均,174,（財・サービス区分「交通通信」のサービス）,00415,3大都市圏平均,1984000000,1984年,円
10370,1,全世帯,001,平均,175,（財・サービス区分の教育）,00000,全国,1984000000,1984年,円
13561,1,全世帯,001,平均,175,（財・サービス区分の教育）,00415,3大都市圏平均,1984000000,1984年,円
371,1,全世帯,001,平均,176,（財・サービス区分「教育」の非耐久財）,00000,全国,1984000000,1984年,円
421,1,全世帯,001,平均,176,（財・サービス区分「教育」の非耐久財）,00415,3大都市圏平均,1984000000,1984年,円
9999,1,全世帯,001,平均,177,（財・サービス区分「教育」のサービス）,00000,全国,1984000000,1984年,円
13140,1,全世帯,001,平均,177,（財・サービス区分「教育」のサービス）,00415,3大都市圏平均,1984000000,1984年,円
22823,1,全世帯,001,平均,178,（財・サービス区分の教養娯楽）,00000,全国,1984000000,1984年,円
25278,1,全世帯,001,平均,178,（財・サービス区分の教養娯楽）,00415,3大都市圏平均,1984000000,1984年,円
2112,1,全世帯,001,平均,179,（財・サービス区分「教養娯楽」の耐久財）,00000,全国,1984000000,1984年,円
2173,1,全世帯,001,平均,179,（財・サービス区分「教養娯楽」の耐久財）,00415,3大都市圏平均,1984000000,1984年,円
3869,1,全世帯,001,平均,180,（財・サービス区分「教養娯楽」の半耐久財）,00000,全国,1984000000,1984年,円
4035,1,全世帯,001,平均,180,（財・サービス区分「教養娯楽」の半耐久財）,00415,3大都市圏平均,1984000000,1984年,円
4791,1,全世帯,001,平均,181,（財・サービス区分「教養娯楽」の非耐久財）,00000,全国,1984000000,1984年,円
5401,1,全世帯,001,平均,181,（財・サービス区分「教養娯楽」の非耐久財）,00415,3大都市圏平均,1984000000,1984年,円
12051,1,全世帯,001,平均,182,（財・サービス区分「教養娯楽」のサービス）,00000,全国,1984000000,1984年,円
13669,1,全世帯,001,平均,182,（財・サービス区分「教養娯楽」のサービス）,00415,3大都市圏平均,1984000000,1984年,円
16037,1,全世帯,001,平均,183,（財・サービス区分の諸雑費）,00000,全国,1984000000,1984年,円
16093,1,全世帯,001,平均,183,（財・サービス区分の諸雑費）,00415,3大都市圏平均,1984000000,1984年,円
179,1,全世帯,001,平均,184,（財・サービス区分「諸雑費」の耐久財）,00000,全国,1984000000,1984年,円
183,1,全世帯,001,平均,184,（財・サービス区分「諸雑費」の耐久財）,00415,3大都市圏平均,1984000000,1984年,円
1729,1,全世帯,001,平均,185,（財・サービス区分「諸雑費」の半耐久財）,00000,全国,1984000000,1984年,円
2100,1,全世帯,001,平均,185,（財・サービス区分「諸雑費」の半耐久財）,00415,3大都市圏平均,1984000000,1984年,円
4405,1,全世帯,001,平均,186,（財・サービス区分「諸雑費」の非耐久財）,00000,全国,1984000000,1984年,円
4350,1,全世帯,001,平均,186,（財・サービス区分「諸雑費」の非耐久財）,00415,3大都市圏平均,1984000000,1984年,円
9724,1,全世帯,001,平均,187,（財・サービス区分「諸雑費」のサービス）,00000,全国,1984000000,1984年,円
9460,1,全世帯,001,平均,187,（財・サービス区分「諸雑費」のサービス）,00415,3大都市圏平均,1984000000,1984年,円
75306,1,全世帯,001,平均,188,（（特掲）五大費目）,00000,全国,1984000000,1984年,円
82960,1,全世帯,001,平均,188,（（特掲）五大費目）,00415,3大都市圏平均,1984000000,1984年,円
22900,1,全世帯,001,平均,189,（（特掲）五大費目）,00000,全国,1984000000,1984年,円
26526,1,全世帯,001,平均,189,（（特掲）五大費目）,00415,3大都市圏平均,1984000000,1984年,円
13085,1,全世帯,001,平均,190,（（特掲）五大費目）,00000,全国,1984000000,1984年,円
13219,1,全世帯,001,平均,190,（（特掲）五大費目）,00415,3大都市圏平均,1984000000,1984年,円
20984,1,全世帯,001,平均,191,（（特掲）五大費目）,00000,全国,1984000000,1984年,円
22825,1,全世帯,001,平均,191,（（特掲）五大費目）,00415,3大都市圏平均,1984000000,1984年,円
132133,1,全世帯,001,平均,192,（（特掲）五大費目）,00000,全国,1984000000,1984年,円
138888,1,全世帯,001,平均,192,（（特掲）五大費目）,00415,3大都市圏平均,1984000000,1984年,円
15995,1,全世帯,001,平均,193,現物支出（総額）,00000,全国,1984000000,1984年,円
15009,1,全世帯,001,平均,193,現物支出（総額）,00415,3大都市圏平均,1984000000,1984年,円
2717,1,全世帯,001,平均,194,（現物支出の自家産物）,00000,全国,1984000000,1984年,円
902,1,全世帯,001,平均,194,（現物支出の自家産物）,00415,3大都市圏平均,1984000000,1984年,円
13278,1,全世帯,001,平均,195,（現物支出の自家産物以外）,00000,全国,1984000000,1984年,円
14107,1,全世帯,001,平均,195,（現物支出の自家産物以外）,00415,3大都市圏平均,1984000000,1984年,円
12045,1,全世帯,001,平均,196,（現物支出の食料）,00000,全国,1984000000,1984年,円
10263,1,全世帯,001,平均,196,（現物支出の食料）,00415,3大都市圏平均,1984000000,1984年,円
2546,1,全世帯,001,平均,197,（現物支出「食料」の自家産物）,00000,全国,1984000000,1984年,円
848,1,全世帯,001,平均,197,（現物支出「食料」の自家産物）,00415,3大都市圏平均,1984000000,1984年,円
9499,1,全世帯,001,平均,198,その他（受贈物等）（現物支出「食料」の自家産物以外）,00000,全国,1984000000,1984年,円
9415,1,全世帯,001,平均,198,その他（受贈物等）（現物支出「食料」の自家産物以外）,00415,3大都市圏平均,1984000000,1984年,円
29,1,全世帯,001,平均,199,（現物支出の住居）,00000,全国,1984000000,1984年,円
14,1,全世帯,001,平均,199,（現物支出の住居）,00415,3大都市圏平均,1984000000,1984年,円
42,1,全世帯,001,平均,200,（現物支出の光熱・水道）,00000,全国,1984000000,1984年,円
29,1,全世帯,001,平均,200,（現物支出の光熱・水道）,00415,3大都市圏平均,1984000000,1984年,円
1168,1,全世帯,001,平均,201,（現物支出の家具・家事用品）,00000,全国,1984000000,1984年,円
1341,1,全世帯,001,平均,201,（現物支出の家具・家事用品）,00415,3大都市圏平均,1984000000,1984年,円
1004,1,全世帯,001,平均,202,（現物支出の被服及び履物）,00000,全国,1984000000,1984年,円
1210,1,全世帯,001,平均,202,（現物支出の被服及び履物）,00415,3大都市圏平均,1984000000,1984年,円
68,1,全世帯,001,平均,203,（現物支出の保健医療）,00000,全国,1984000000,1984年,円
84,1,全世帯,001,平均,203,（現物支出の保健医療）,00415,3大都市圏平均,1984000000,1984年,円
381,1,全世帯,001,平均,204,（現物支出の交通通信）,00000,全国,1984000000,1984年,円
594,1,全世帯,001,平均,204,（現物支出の交通通信）,00415,3大都市圏平均,1984000000,1984年,円
1,1,全世帯,001,平均,205,（現物支出の教育）,00000,全国,1984000000,1984年,円
1,1,全世帯,001,平均,205,（現物支出の教育）,00415,3大都市圏平均,1984000000,1984年,円
545,1,全世帯,001,平均,206,（現物支出の教養娯楽）,00000,全国,1984000000,1984年,円
719,1,全世帯,001,平均,206,（現物支出の教養娯楽）,00415,3大都市圏平均,1984000000,1984年,円
713,1,全世帯,001,平均,207,（現物支出のその他の消費支出）,00000,全国,1984000000,1984年,円
753,1,全世帯,001,平均,207,（現物支出のその他の消費支出）,00415,3大都市圏平均,1984000000,1984年,円
163,1,全世帯,001,平均,208,（現物支出の交際費（自家産物の贈与））,00000,全国,1984000000,1984年,円
48,1,全世帯,001,平均,208,（現物支出の交際費（自家産物の贈与））,00415,3大都市圏平均,1984000000,1984年,円
28533,1,全世帯,001,平均,209,〔持家の帰属家賃〕,00000,全国,1984000000,1984年,円
33721,1,全世帯,001,平均,209,〔持家の帰属家賃〕,00415,3大都市圏平均,1984000000,1984年,円
28.5,1,全世帯,001,平均,210,エンゲル係数（％）,00000,全国,1984000000,1984年,％
29.2,1,全世帯,001,平均,210,エンゲル係数（％）,00415,3大都市圏平均,1984000000,1984年,％
6720,1,全世帯,001,平均,211,貯蓄現在高（千円）,00000,全国,1984000000,1984年,千円
7691,1,全世帯,001,平均,211,貯蓄現在高（千円）,00415,3大都市圏平均,1984000000,1984年,千円
530,1,全世帯,001,平均,212,通貨性預貯金（千円）,00000,全国,1984000000,1984年,千円
532,1,全世帯,001,平均,212,通貨性預貯金（千円）,00415,3大都市圏平均,1984000000,1984年,千円
3278,1,全世帯,001,平均,213,定期性預貯金（千円）,00000,全国,1984000000,1984年,千円
3555,1,全世帯,001,平均,213,定期性預貯金（千円）,00415,3大都市圏平均,1984000000,1984年,千円
1275,1,全世帯,001,平均,214,生命保険（千円）,00000,全国,1984000000,1984年,千円
1282,1,全世帯,001,平均,214,生命保険（千円）,00415,3大都市圏平均,1984000000,1984年,千円
1367,1,全世帯,001,平均,215,有価証券（千円）,00000,全国,1984000000,1984年,千円
1960,1,全世帯,001,平均,215,有価証券（千円）,00415,3大都市圏平均,1984000000,1984年,千円
2660,1,全世帯,001,平均,216,負債現在高（千円）,00000,全国,1984000000,1984年,千円
3094,1,全世帯,001,平均,216,負債現在高（千円）,00415,3大都市圏平均,1984000000,1984年,千円
2294,1,全世帯,001,平均,217,うち住宅・土地のため（千円）,00000,全国,1984000000,1984年,千円
2803,1,全世帯,001,平均,217,うち住宅・土地のため（千円）,00415,3大都市圏平均,1984000000,1984年,千円
55,1,全世帯,001,平均,218,負債保有率（％）,00000,全国,1984000000,1984年,％
51.5,1,全世帯,001,平均,218,負債保有率（％）,00415,3大都市圏平均,1984000000,1984年,％
35.2,1,全世帯,001,平均,219,うち住宅・土地のため（％）,00000,全国,1984000000,1984年,％
34.9,1,全世帯,001,平均,219,うち住宅・土地のため（％）,00415,3大都市圏平均,1984000000,1984年,％
5259,1,全世帯,002,第１階級,001,集計世帯数,00000,全国,1984000000,1984年,世帯
1850,1,全世帯,002,第１階級,001,集計世帯数,00415,3大都市圏平均,1984000000,1984年,世帯
81591,1,全世帯,002,第１階級,002,世帯数分布（抽出率調整）,00000,全国,1984000000,1984年,世帯
37409,1,全世帯,002,第１階級,002,世帯数分布（抽出率調整）,00415,3大都市圏平均,1984000000,1984年,世帯
1000,1,全世帯,002,第１階級,003,（１万分比）,00000,全国,1984000000,1984年,
1000,1,全世帯,002,第１階級,003,（１万分比）,00415,3大都市圏平均,1984000000,1984年,
2.96,1,全世帯,002,第１階級,004,世帯人員（人）,00000,全国,1984000000,1984年,人
2.98,1,全世帯,002,第１階級,004,世帯人員（人）,00415,3大都市圏平均,1984000000,1984年,人
1.17,1,全世帯,002,第１階級,005,有業人員（人）,00000,全国,1984000000,1984年,人
1.08,1,全世帯,002,第１階級,005,有業人員（人）,00415,3大都市圏平均,1984000000,1984年,人
51.9,1,全世帯,002,第１階級,006,世帯主の年齢（歳）,00000,全国,1984000000,1984年,歳
50.5,1,全世帯,002,第１階級,006,世帯主の年齢（歳）,00415,3大都市圏平均,1984000000,1984年,歳
64.6,1,全世帯,002,第１階級,007,持家率（％）,00000,全国,1984000000,1984年,％
52.3,1,全世帯,002,第１階級,007,持家率（％）,00415,3大都市圏平均,1984000000,1984年,％
4.5,1,全世帯,002,第１階級,008,居住室数（室）,00000,全国,1984000000,1984年,室
4,1,全世帯,002,第１階級,008,居住室数（室）,00415,3大都市圏平均,1984000000,1984年,室
36.1,1,全世帯,002,第１階級,009,家賃・地代を支払っている世帯割合（％）,00000,全国,1984000000,1984年,％
50.3,1,全世帯,002,第１階級,009,家賃・地代を支払っている世帯割合（％）,00415,3大都市圏平均,1984000000,1984年,％
1841,1,全世帯,002,第１階級,010,年間収入（千円）,00000,全国,1984000000,1984年,千円
2133,1,全世帯,002,第１階級,010,年間収入（千円）,00415,3大都市圏平均,1984000000,1984年,千円
150608,1,全世帯,002,第１階級,011,消費支出,00000,全国,1984000000,1984年,円
174292,1,全世帯,002,第１階級,011,消費支出,00415,3大都市圏平均,1984000000,1984年,円
49614,1,全世帯,002,第１階級,012,食料,00000,全国,1984000000,1984年,円
58036,1,全世帯,002,第１階級,012,食料,00415,3大都市圏平均,1984000000,1984年,円
7125,1,全世帯,002,第１階級,013,穀類,00000,全国,1984000000,1984年,円
8261,1,全世帯,002,第１階級,013,穀類,00415,3大都市圏平均,1984000000,1984年,円
4631,1,全世帯,002,第１階級,014,米類,00000,全国,1984000000,1984年,円
5147,1,全世帯,002,第１階級,014,米類,00415,3大都市圏平均,1984000000,1984年,円
1319,1,全世帯,002,第１階級,015,パン,00000,全国,1984000000,1984年,円
1768,1,全世帯,002,第１階級,015,パン,00415,3大都市圏平均,1984000000,1984年,円
947,1,全世帯,002,第１階級,016,めん類,00000,全国,1984000000,1984年,円
1092,1,全世帯,002,第１階級,016,めん類,00415,3大都市圏平均,1984000000,1984年,円
228,1,全世帯,002,第１階級,017,穀粉・その他,00000,全国,1984000000,1984年,円
253,1,全世帯,002,第１階級,017,穀粉・その他,00415,3大都市圏平均,1984000000,1984年,円
7852,1,全世帯,002,第１階級,018,魚介類,00000,全国,1984000000,1984年,円
8303,1,全世帯,002,第１階級,018,魚介類,00415,3大都市圏平均,1984000000,1984年,円
5164,1,全世帯,002,第１階級,019,生鮮魚介,00000,全国,1984000000,1984年,円
5375,1,全世帯,002,第１階級,019,生鮮魚介,00415,3大都市圏平均,1984000000,1984年,円
1657,1,全世帯,002,第１階級,020,塩干魚介,00000,全国,1984000000,1984年,円
1831,1,全世帯,002,第１階級,020,塩干魚介,00415,3大都市圏平均,1984000000,1984年,円
652,1,全世帯,002,第１階級,021,魚肉練製品,00000,全国,1984000000,1984年,円
698,1,全世帯,002,第１階級,021,魚肉練製品,00415,3大都市圏平均,1984000000,1984年,円
379,1,全世帯,002,第１階級,022,他の魚介加工品,00000,全国,1984000000,1984年,円
400,1,全世帯,002,第１階級,022,他の魚介加工品,00415,3大都市圏平均,1984000000,1984年,円
5174,1,全世帯,002,第１階級,023,肉類,00000,全国,1984000000,1984年,円
6250,1,全世帯,002,第１階級,023,肉類,00415,3大都市圏平均,1984000000,1984年,円
4461,1,全世帯,002,第１階級,024,生鮮肉,00000,全国,1984000000,1984年,円
5275,1,全世帯,002,第１階級,024,生鮮肉,00415,3大都市圏平均,1984000000,1984年,円
713,1,全世帯,002,第１階級,025,加工肉,00000,全国,1984000000,1984年,円
975,1,全世帯,002,第１階級,025,加工肉,00415,3大都市圏平均,1984000000,1984年,円
2723,1,全世帯,002,第１階級,026,乳卵類,00000,全国,1984000000,1984年,円
3043,1,全世帯,002,第１階級,026,乳卵類,00415,3大都市圏平均,1984000000,1984年,円
1359,1,全世帯,002,第１階級,027,牛乳,00000,全国,1984000000,1984年,円
1474,1,全世帯,002,第１階級,027,牛乳,00415,3大都市圏平均,1984000000,1984年,円
377,1,全世帯,002,第１階級,028,乳製品,00000,全国,1984000000,1984年,円
528,1,全世帯,002,第１階級,028,乳製品,00415,3大都市圏平均,1984000000,1984年,円
987,1,全世帯,002,第１階級,029,卵,00000,全国,1984000000,1984年,円
1041,1,全世帯,002,第１階級,029,卵,00415,3大都市圏平均,1984000000,1984年,円
6590,1,全世帯,002,第１階級,030,野菜・海草,00000,全国,1984000000,1984年,円
7944,1,全世帯,002,第１階級,030,野菜・海草,00415,3大都市圏平均,1984000000,1984年,円
4366,1,全世帯,002,第１階級,031,生鮮野菜,00000,全国,1984000000,1984年,円
5451,1,全世帯,002,第１階級,031,生鮮野菜,00415,3大都市圏平均,1984000000,1984年,円
558,1,全世帯,002,第１階級,032,乾物・海草,00000,全国,1984000000,1984年,円
629,1,全世帯,002,第１階級,032,乾物・海草,00415,3大都市圏平均,1984000000,1984年,円
834,1,全世帯,002,第１階級,033,大豆加工品,00000,全国,1984000000,1984年,円
880,1,全世帯,002,第１階級,033,大豆加工品,00415,3大都市圏平均,1984000000,1984年,円
833,1,全世帯,002,第１階級,034,他の野菜・海草加工品,00000,全国,1984000000,1984年,円
984,1,全世帯,002,第１階級,034,他の野菜・海草加工品,00415,3大都市圏平均,1984000000,1984年,円
3201,1,全世帯,002,第１階級,035,果物,00000,全国,1984000000,1984年,円
3487,1,全世帯,002,第１階級,035,果物,00415,3大都市圏平均,1984000000,1984年,円
3155,1,全世帯,002,第１階級,036,生鮮果物,00000,全国,1984000000,1984年,円
3441,1,全世帯,002,第１階級,036,生鮮果物,00415,3大都市圏平均,1984000000,1984年,円
46,1,全世帯,002,第１階級,037,果物加工品,00000,全国,1984000000,1984年,円
47,1,全世帯,002,第１階級,037,果物加工品,00415,3大都市圏平均,1984000000,1984年,円
2357,1,全世帯,002,第１階級,038,油脂・調味料,00000,全国,1984000000,1984年,円
2416,1,全世帯,002,第１階級,038,油脂・調味料,00415,3大都市圏平均,1984000000,1984年,円
355,1,全世帯,002,第１階級,039,油脂,00000,全国,1984000000,1984年,円
372,1,全世帯,002,第１階級,039,油脂,00415,3大都市圏平均,1984000000,1984年,円
2003,1,全世帯,002,第１階級,040,調味料,00000,全国,1984000000,1984年,円
2044,1,全世帯,002,第１階級,040,調味料,00415,3大都市圏平均,1984000000,1984年,円
3423,1,全世帯,002,第１階級,041,菓子類,00000,全国,1984000000,1984年,円
3894,1,全世帯,002,第１階級,041,菓子類,00415,3大都市圏平均,1984000000,1984年,円
2322,1,全世帯,002,第１階級,042,調理食品,00000,全国,1984000000,1984年,円
3268,1,全世帯,002,第１階級,042,調理食品,00415,3大都市圏平均,1984000000,1984年,円
571,1,全世帯,002,第１階級,043,主食的調理食品,00000,全国,1984000000,1984年,円
853,1,全世帯,002,第１階級,043,主食的調理食品,00415,3大都市圏平均,1984000000,1984年,円
1750,1,全世帯,002,第１階級,044,他の調理食品,00000,全国,1984000000,1984年,円
2415,1,全世帯,002,第１階級,044,他の調理食品,00415,3大都市圏平均,1984000000,1984年,円
1783,1,全世帯,002,第１階級,045,飲料,00000,全国,1984000000,1984年,円
1983,1,全世帯,002,第１階級,045,飲料,00415,3大都市圏平均,1984000000,1984年,円
357,1,全世帯,002,第１階級,046,茶類,00000,全国,1984000000,1984年,円
400,1,全世帯,002,第１階級,046,茶類,00415,3大都市圏平均,1984000000,1984年,円
359,1,全世帯,002,第１階級,047,コーヒー・ココア,00000,全国,1984000000,1984年,円
451,1,全世帯,002,第１階級,047,コーヒー・ココア,00415,3大都市圏平均,1984000000,1984年,円
1067,1,全世帯,002,第１階級,048,他の飲料,00000,全国,1984000000,1984年,円
1131,1,全世帯,002,第１階級,048,他の飲料,00415,3大都市圏平均,1984000000,1984年,円
2378,1,全世帯,002,第１階級,049,酒類,00000,全国,1984000000,1984年,円
2603,1,全世帯,002,第１階級,049,酒類,00415,3大都市圏平均,1984000000,1984年,円
4686,1,全世帯,002,第１階級,050,外食,00000,全国,1984000000,1984年,円
6584,1,全世帯,002,第１階級,050,外食,00415,3大都市圏平均,1984000000,1984年,円
3748,1,全世帯,002,第１階級,051,一般外食,00000,全国,1984000000,1984年,円
5806,1,全世帯,002,第１階級,051,一般外食,00415,3大都市圏平均,1984000000,1984年,円
938,1,全世帯,002,第１階級,052,学校給食,00000,全国,1984000000,1984年,円
778,1,全世帯,002,第１階級,052,学校給食,00415,3大都市圏平均,1984000000,1984年,円
10825,1,全世帯,002,第１階級,053,住居,00000,全国,1984000000,1984年,円
16885,1,全世帯,002,第１階級,053,住居,00415,3大都市圏平均,1984000000,1984年,円
7485,1,全世帯,002,第１階級,054,家賃・地代,00000,全国,1984000000,1984年,円
13110,1,全世帯,002,第１階級,054,家賃・地代,00415,3大都市圏平均,1984000000,1984年,円
3340,1,全世帯,002,第１階級,055,設備修繕・維持,00000,全国,1984000000,1984年,円
3775,1,全世帯,002,第１階級,055,設備修繕・維持,00415,3大都市圏平均,1984000000,1984年,円
697,1,全世帯,002,第１階級,056,設備材料,00000,全国,1984000000,1984年,円
612,1,全世帯,002,第１階級,056,設備材料,00415,3大都市圏平均,1984000000,1984年,円
2643,1,全世帯,002,第１階級,057,工事その他のサービス,00000,全国,1984000000,1984年,円
3163,1,全世帯,002,第１階級,057,工事その他のサービス,00415,3大都市圏平均,1984000000,1984年,円
11991,1,全世帯,002,第１階級,058,光熱・水道,00000,全国,1984000000,1984年,円
13047,1,全世帯,002,第１階級,058,光熱・水道,00415,3大都市圏平均,1984000000,1984年,円
5433,1,全世帯,002,第１階級,059,電気代,00000,全国,1984000000,1984年,円
5945,1,全世帯,002,第１階級,059,電気代,00415,3大都市圏平均,1984000000,1984年,円
3423,1,全世帯,002,第１階級,060,ガス代,00000,全国,1984000000,1984年,円
4093,1,全世帯,002,第１階級,060,ガス代,00415,3大都市圏平均,1984000000,1984年,円
1239,1,全世帯,002,第１階級,061,他の光熱,00000,全国,1984000000,1984年,円
544,1,全世帯,002,第１階級,061,他の光熱,00415,3大都市圏平均,1984000000,1984年,円
1896,1,全世帯,002,第１階級,062,水道料,00000,全国,1984000000,1984年,円
2465,1,全世帯,002,第１階級,062,水道料,00415,3大都市圏平均,1984000000,1984年,円
6616,1,全世帯,002,第１階級,063,家具・家事用品,00000,全国,1984000000,1984年,円
6620,1,全世帯,002,第１階級,063,家具・家事用品,00415,3大都市圏平均,1984000000,1984年,円
2105,1,全世帯,002,第１階級,064,家庭用耐久財,00000,全国,1984000000,1984年,円
1859,1,全世帯,002,第１階級,064,家庭用耐久財,00415,3大都市圏平均,1984000000,1984年,円
1038,1,全世帯,002,第１階級,065,家事用耐久財,00000,全国,1984000000,1984年,円
871,1,全世帯,002,第１階級,065,家事用耐久財,00415,3大都市圏平均,1984000000,1984年,円
592,1,全世帯,002,第１階級,066,冷暖房用器具,00000,全国,1984000000,1984年,円
574,1,全世帯,002,第１階級,066,冷暖房用器具,00415,3大都市圏平均,1984000000,1984年,円
476,1,全世帯,002,第１階級,067,一般家具,00000,全国,1984000000,1984年,円
414,1,全世帯,002,第１階級,067,一般家具,00415,3大都市圏平均,1984000000,1984年,円
509,1,全世帯,002,第１階級,068,室内装備品,00000,全国,1984000000,1984年,円
536,1,全世帯,002,第１階級,068,室内装備品,00415,3大都市圏平均,1984000000,1984年,円
893,1,全世帯,002,第１階級,069,寝具類,00000,全国,1984000000,1984年,円
1000,1,全世帯,002,第１階級,069,寝具類,00415,3大都市圏平均,1984000000,1984年,円
1229,1,全世帯,002,第１階級,070,家事雑貨,00000,全国,1984000000,1984年,円
1303,1,全世帯,002,第１階級,070,家事雑貨,00415,3大都市圏平均,1984000000,1984年,円
1300,1,全世帯,002,第１階級,071,家事用消耗品,00000,全国,1984000000,1984年,円
1457,1,全世帯,002,第１階級,071,家事用消耗品,00415,3大都市圏平均,1984000000,1984年,円
580,1,全世帯,002,第１階級,072,家事サービス,00000,全国,1984000000,1984年,円
465,1,全世帯,002,第１階級,072,家事サービス,00415,3大都市圏平均,1984000000,1984年,円
7918,1,全世帯,002,第１階級,073,被服及び履物,00000,全国,1984000000,1984年,円
9049,1,全世帯,002,第１階級,073,被服及び履物,00415,3大都市圏平均,1984000000,1984年,円
736,1,全世帯,002,第１階級,074,和服,00000,全国,1984000000,1984年,円
410,1,全世帯,002,第１階級,074,和服,00415,3大都市圏平均,1984000000,1984年,円
2654,1,全世帯,002,第１階級,075,洋服,00000,全国,1984000000,1984年,円
3189,1,全世帯,002,第１階級,075,洋服,00415,3大都市圏平均,1984000000,1984年,円
860,1,全世帯,002,第１階級,076,男子洋服,00000,全国,1984000000,1984年,円
1064,1,全世帯,002,第１階級,076,男子洋服,00415,3大都市圏平均,1984000000,1984年,円
1370,1,全世帯,002,第１階級,077,婦人洋服,00000,全国,1984000000,1984年,円
1629,1,全世帯,002,第１階級,077,婦人洋服,00415,3大都市圏平均,1984000000,1984年,円
424,1,全世帯,002,第１階級,078,子供洋服,00000,全国,1984000000,1984年,円
496,1,全世帯,002,第１階級,078,子供洋服,00415,3大都市圏平均,1984000000,1984年,円
1221,1,全世帯,002,第１階級,079,シャツ・セーター類,00000,全国,1984000000,1984年,円
1486,1,全世帯,002,第１階級,079,シャツ・セーター類,00415,3大都市圏平均,1984000000,1984年,円
421,1,全世帯,002,第１階級,080,男子シャツ・セーター類,00000,全国,1984000000,1984年,円
502,1,全世帯,002,第１階級,080,男子シャツ・セーター類,00415,3大都市圏平均,1984000000,1984年,円
659,1,全世帯,002,第１階級,081,婦人シャツ・セーター類,00000,全国,1984000000,1984年,円
822,1,全世帯,002,第１階級,081,婦人シャツ・セーター類,00415,3大都市圏平均,1984000000,1984年,円
142,1,全世帯,002,第１階級,082,子供シャツ・セーター類,00000,全国,1984000000,1984年,円
162,1,全世帯,002,第１階級,082,子供シャツ・セーター類,00415,3大都市圏平均,1984000000,1984年,円
875,1,全世帯,002,第１階級,083,下着類,00000,全国,1984000000,1984年,円
940,1,全世帯,002,第１階級,083,下着類,00415,3大都市圏平均,1984000000,1984年,円
381,1,全世帯,002,第１階級,084,男子下着類,00000,全国,1984000000,1984年,円
404,1,全世帯,002,第１階級,084,男子下着類,00415,3大都市圏平均,1984000000,1984年,円
354,1,全世帯,002,第１階級,085,婦人下着類,00000,全国,1984000000,1984年,円
375,1,全世帯,002,第１階級,085,婦人下着類,00415,3大都市圏平均,1984000000,1984年,円
140,1,全世帯,002,第１階級,086,子供下着類,00000,全国,1984000000,1984年,円
161,1,全世帯,002,第１階級,086,子供下着類,00415,3大都市圏平均,1984000000,1984年,円
375,1,全世帯,002,第１階級,087,生地・糸類,00000,全国,1984000000,1984年,円
533,1,全世帯,002,第１階級,087,生地・糸類,00415,3大都市圏平均,1984000000,1984年,円
593,1,全世帯,002,第１階級,088,他の被服,00000,全国,1984000000,1984年,円
692,1,全世帯,002,第１階級,088,他の被服,00415,3大都市圏平均,1984000000,1984年,円
921,1,全世帯,002,第１階級,089,履物類,00000,全国,1984000000,1984年,円
1086,1,全世帯,002,第１階級,089,履物類,00415,3大都市圏平均,1984000000,1984年,円
541,1,全世帯,002,第１階級,090,被服関連サービス,00000,全国,1984000000,1984年,円
713,1,全世帯,002,第１階級,090,被服関連サービス,00415,3大都市圏平均,1984000000,1984年,円
4931,1,全世帯,002,第１階級,091,保健医療,00000,全国,1984000000,1984年,円
5249,1,全世帯,002,第１階級,091,保健医療,00415,3大都市圏平均,1984000000,1984年,円
1126,1,全世帯,002,第１階級,092,医薬品,00000,全国,1984000000,1984年,円
1129,1,全世帯,002,第１階級,092,医薬品,00415,3大都市圏平均,1984000000,1984年,円
842,1,全世帯,002,第１階級,093,保健医療用品・器具,00000,全国,1984000000,1984年,円
935,1,全世帯,002,第１階級,093,保健医療用品・器具,00415,3大都市圏平均,1984000000,1984年,円
2962,1,全世帯,002,第１階級,094,保健医療サービス,00000,全国,1984000000,1984年,円
3185,1,全世帯,002,第１階級,094,保健医療サービス,00415,3大都市圏平均,1984000000,1984年,円
14019,1,全世帯,002,第１階級,095,交通通信,00000,全国,1984000000,1984年,円
14655,1,全世帯,002,第１階級,095,交通通信,00415,3大都市圏平均,1984000000,1984年,円
3058,1,全世帯,002,第１階級,096,交通,00000,全国,1984000000,1984年,円
4050,1,全世帯,002,第１階級,096,交通,00415,3大都市圏平均,1984000000,1984年,円
6418,1,全世帯,002,第１階級,097,自動車等関係費,00000,全国,1984000000,1984年,円
5719,1,全世帯,002,第１階級,097,自動車等関係費,00415,3大都市圏平均,1984000000,1984年,円
1042,1,全世帯,002,第１階級,098,自動車,00000,全国,1984000000,1984年,円
1064,1,全世帯,002,第１階級,098,自動車,00415,3大都市圏平均,1984000000,1984年,円
99,1,全世帯,002,第１階級,099,自転車,00000,全国,1984000000,1984年,円
104,1,全世帯,002,第１階級,099,自転車,00415,3大都市圏平均,1984000000,1984年,円
5277,1,全世帯,002,第１階級,100,自動車等維持,00000,全国,1984000000,1984年,円
4551,1,全世帯,002,第１階級,100,自動車等維持,00415,3大都市圏平均,1984000000,1984年,円
4543,1,全世帯,002,第１階級,101,通信,00000,全国,1984000000,1984年,円
4886,1,全世帯,002,第１階級,101,通信,00415,3大都市圏平均,1984000000,1984年,円
3598,1,全世帯,002,第１階級,102,教育,00000,全国,1984000000,1984年,円
4947,1,全世帯,002,第１階級,102,教育,00415,3大都市圏平均,1984000000,1984年,円
3117,1,全世帯,002,第１階級,103,授業料等,00000,全国,1984000000,1984年,円
4138,1,全世帯,002,第１階級,103,授業料等,00415,3大都市圏平均,1984000000,1984年,円
98,1,全世帯,002,第１階級,104,教科書・学習参考書,00000,全国,1984000000,1984年,円
119,1,全世帯,002,第１階級,104,教科書・学習参考書,00415,3大都市圏平均,1984000000,1984年,円
383,1,全世帯,002,第１階級,105,補習教育,00000,全国,1984000000,1984年,円
690,1,全世帯,002,第１階級,105,補習教育,00415,3大都市圏平均,1984000000,1984年,円
10655,1,全世帯,002,第１階級,106,教養娯楽,00000,全国,1984000000,1984年,円
12659,1,全世帯,002,第１階級,106,教養娯楽,00415,3大都市圏平均,1984000000,1984年,円
1007,1,全世帯,002,第１階級,107,教養娯楽用耐久財,00000,全国,1984000000,1984年,円
1034,1,全世帯,002,第１階級,107,教養娯楽用耐久財,00415,3大都市圏平均,1984000000,1984年,円
2252,1,全世帯,002,第１階級,108,教養娯楽用品,00000,全国,1984000000,1984年,円
2608,1,全世帯,002,第１階級,108,教養娯楽用品,00415,3大都市圏平均,1984000000,1984年,円
2469,1,全世帯,002,第１階級,109,書籍・他の印刷物,00000,全国,1984000000,1984年,円
2918,1,全世帯,002,第１階級,109,書籍・他の印刷物,00415,3大都市圏平均,1984000000,1984年,円
4928,1,全世帯,002,第１階級,110,教養娯楽サービス,00000,全国,1984000000,1984年,円
6099,1,全世帯,002,第１階級,110,教養娯楽サービス,00415,3大都市圏平均,1984000000,1984年,円
222,1,全世帯,002,第１階級,111,宿泊料,00000,全国,1984000000,1984年,円
281,1,全世帯,002,第１階級,111,宿泊料,00415,3大都市圏平均,1984000000,1984年,円
1740,1,全世帯,002,第１階級,112,パック旅行,00000,全国,1984000000,1984年,円
2023,1,全世帯,002,第１階級,112,パック旅行,00415,3大都市圏平均,1984000000,1984年,円
1084,1,全世帯,002,第１階級,113,月謝類,00000,全国,1984000000,1984年,円
1528,1,全世帯,002,第１階級,113,月謝類,00415,3大都市圏平均,1984000000,1984年,円
1881,1,全世帯,002,第１階級,114,他の教養娯楽サービス,00000,全国,1984000000,1984年,円
2268,1,全世帯,002,第１階級,114,他の教養娯楽サービス,00415,3大都市圏平均,1984000000,1984年,円
30442,1,全世帯,002,第１階級,115,その他の消費支出,00000,全国,1984000000,1984年,円
33146,1,全世帯,002,第１階級,115,その他の消費支出,00415,3大都市圏平均,1984000000,1984年,円
10015,1,全世帯,002,第１階級,116,諸雑費,00000,全国,1984000000,1984年,円
10873,1,全世帯,002,第１階級,116,諸雑費,00415,3大都市圏平均,1984000000,1984年,円
1884,1,全世帯,002,第１階級,117,理美容サービス,00000,全国,1984000000,1984年,円
2334,1,全世帯,002,第１階級,117,理美容サービス,00415,3大都市圏平均,1984000000,1984年,円
1419,1,全世帯,002,第１階級,118,理美容用品,00000,全国,1984000000,1984年,円
1536,1,全世帯,002,第１階級,118,理美容用品,00415,3大都市圏平均,1984000000,1984年,円
602,1,全世帯,002,第１階級,119,身の回り用品,00000,全国,1984000000,1984年,円
649,1,全世帯,002,第１階級,119,身の回り用品,00415,3大都市圏平均,1984000000,1984年,円
1883,1,全世帯,002,第１階級,120,たばこ,00000,全国,1984000000,1984年,円
1853,1,全世帯,002,第１階級,120,たばこ,00415,3大都市圏平均,1984000000,1984年,円
4226,1,全世帯,002,第１階級,121,（「諸雑費」のその他）,00000,全国,1984000000,1984年,円
4501,1,全世帯,002,第１階級,121,（「諸雑費」のその他）,00415,3大都市圏平均,1984000000,1984年,円
4817,1,全世帯,002,第１階級,122,こづかい（使途不明）,00000,全国,1984000000,1984年,円
7565,1,全世帯,002,第１階級,122,こづかい（使途不明）,00415,3大都市圏平均,1984000000,1984年,円
14225,1,全世帯,002,第１階級,123,交際費,00000,全国,1984000000,1984年,円
14013,1,全世帯,002,第１階級,123,交際費,00415,3大都市圏平均,1984000000,1984年,円
3160,1,全世帯,002,第１階級,124,（「交際費」の食料）,00000,全国,1984000000,1984年,円
3357,1,全世帯,002,第１階級,124,（「交際費」の食料）,00415,3大都市圏平均,1984000000,1984年,円
343,1,全世帯,002,第１階級,125,家具・家事用品（「交際費」の家具・家事用品）,00000,全国,1984000000,1984年,円
294,1,全世帯,002,第１階級,125,家具・家事用品（「交際費」の家具・家事用品）,00415,3大都市圏平均,1984000000,1984年,円
606,1,全世帯,002,第１階級,126,被服及び履物（「交際費」の被服及び履物）,00000,全国,1984000000,1984年,円
690,1,全世帯,002,第１階級,126,被服及び履物（「交際費」の被服及び履物）,00415,3大都市圏平均,1984000000,1984年,円
331,1,全世帯,002,第１階級,127,（「交際費」の教養娯楽）,00000,全国,1984000000,1984年,円
386,1,全世帯,002,第１階級,127,（「交際費」の教養娯楽）,00415,3大都市圏平均,1984000000,1984年,円
257,1,全世帯,002,第１階級,128,他の物品サービス,00000,全国,1984000000,1984年,円
255,1,全世帯,002,第１階級,128,他の物品サービス,00415,3大都市圏平均,1984000000,1984年,円
8652,1,全世帯,002,第１階級,129,贈与金,00000,全国,1984000000,1984年,円
8031,1,全世帯,002,第１階級,129,贈与金,00415,3大都市圏平均,1984000000,1984年,円
875,1,全世帯,002,第１階級,130,他の交際費,00000,全国,1984000000,1984年,円
999,1,全世帯,002,第１階級,130,他の交際費,00415,3大都市圏平均,1984000000,1984年,円
1386,1,全世帯,002,第１階級,131,（「その他の消費支出」の仕送り金）,00000,全国,1984000000,1984年,円
695,1,全世帯,002,第１階級,131,（「その他の消費支出」の仕送り金）,00415,3大都市圏平均,1984000000,1984年,円
6398,1,全世帯,002,第１階級,132,（再掲）教育関係費,00000,全国,1984000000,1984年,円
6884,1,全世帯,002,第１階級,132,（再掲）教育関係費,00415,3大都市圏平均,1984000000,1984年,円
12604,1,全世帯,002,第１階級,133,（再掲）教養娯楽関係費,00000,全国,1984000000,1984年,円
15452,1,全世帯,002,第１階級,133,（再掲）教養娯楽関係費,00415,3大都市圏平均,1984000000,1984年,円
1082,1,全世帯,002,第１階級,134,（「教養娯楽関係費」の耐久財）,00000,全国,1984000000,1984年,円
1098,1,全世帯,002,第１階級,134,（「教養娯楽関係費」の耐久財）,00415,3大都市圏平均,1984000000,1984年,円
2411,1,全世帯,002,第１階級,135,読書,00000,全国,1984000000,1984年,円
2929,1,全世帯,002,第１階級,135,読書,00415,3大都市圏平均,1984000000,1984年,円
996,1,全世帯,002,第１階級,136,聴視・観覧,00000,全国,1984000000,1984年,円
1097,1,全世帯,002,第１階級,136,聴視・観覧,00415,3大都市圏平均,1984000000,1984年,円
3871,1,全世帯,002,第１階級,137,旅行,00000,全国,1984000000,1984年,円
4925,1,全世帯,002,第１階級,137,旅行,00415,3大都市圏平均,1984000000,1984年,円
667,1,全世帯,002,第１階級,138,スポーツ,00000,全国,1984000000,1984年,円
803,1,全世帯,002,第１階級,138,スポーツ,00415,3大都市圏平均,1984000000,1984年,円
910,1,全世帯,002,第１階級,139,（「教養娯楽関係費」の月謝）,00000,全国,1984000000,1984年,円
1395,1,全世帯,002,第１階級,139,（「教養娯楽関係費」の月謝）,00415,3大都市圏平均,1984000000,1984年,円
401,1,全世帯,002,第１階級,140,会費・つきあい費,00000,全国,1984000000,1984年,円
483,1,全世帯,002,第１階級,140,会費・つきあい費,00415,3大都市圏平均,1984000000,1984年,円
2267,1,全世帯,002,第１階級,141,他の教養娯楽,00000,全国,1984000000,1984年,円
2721,1,全世帯,002,第１階級,141,他の教養娯楽,00415,3大都市圏平均,1984000000,1984年,円
11522,1,全世帯,002,第１階級,142,〔耐久財を除く教養娯楽関係費〕,00000,全国,1984000000,1984年,円
14354,1,全世帯,002,第１階級,142,〔耐久財を除く教養娯楽関係費〕,00415,3大都市圏平均,1984000000,1984年,円
134878,1,全世帯,002,第１階級,143,（（特掲）財・サービス区分の消費支出。「こづかい（使途不明）」，「贈与金」，「他の交際費」，「仕送り金」は含まれない。）,00000,全国,1984000000,1984年,円
157003,1,全世帯,002,第１階級,143,（（特掲）財・サービス区分の消費支出。「こづかい（使途不明）」，「贈与金」，「他の交際費」，「仕送り金」は含まれない。）,00415,3大都市圏平均,1984000000,1984年,円
90815,1,全世帯,002,第１階級,144,商品,00000,全国,1984000000,1984年,円
99734,1,全世帯,002,第１階級,144,商品,00415,3大都市圏平均,1984000000,1984年,円
5511,1,全世帯,002,第１階級,145,耐久財,00000,全国,1984000000,1984年,円
5300,1,全世帯,002,第１階級,145,耐久財,00415,3大都市圏平均,1984000000,1984年,円
13599,1,全世帯,002,第１階級,146,半耐久財,00000,全国,1984000000,1984年,円
14891,1,全世帯,002,第１階級,146,半耐久財,00415,3大都市圏平均,1984000000,1984年,円
71705,1,全世帯,002,第１階級,147,非耐久財,00000,全国,1984000000,1984年,円
79543,1,全世帯,002,第１階級,147,非耐久財,00415,3大都市圏平均,1984000000,1984年,円
44063,1,全世帯,002,第１階級,148,サービス,00000,全国,1984000000,1984年,円
57269,1,全世帯,002,第１階級,148,サービス,00415,3大都市圏平均,1984000000,1984年,円
52774,1,全世帯,002,第１階級,149,（財・サービス区分の食料）,00000,全国,1984000000,1984年,円
61393,1,全世帯,002,第１階級,149,（財・サービス区分の食料）,00415,3大都市圏平均,1984000000,1984年,円
47318,1,全世帯,002,第１階級,150,（財・サービス区分「食料」の非耐久財）,00000,全国,1984000000,1984年,円
53829,1,全世帯,002,第１階級,150,（財・サービス区分「食料」の非耐久財）,00415,3大都市圏平均,1984000000,1984年,円
5456,1,全世帯,002,第１階級,151,（財・サービス区分「食料」のサービス）,00000,全国,1984000000,1984年,円
7564,1,全世帯,002,第１階級,151,（財・サービス区分「食料」のサービス）,00415,3大都市圏平均,1984000000,1984年,円
10851,1,全世帯,002,第１階級,152,（財・サービス区分の住居）,00000,全国,1984000000,1984年,円
16885,1,全世帯,002,第１階級,152,（財・サービス区分の住居）,00415,3大都市圏平均,1984000000,1984年,円
377,1,全世帯,002,第１階級,153,（財・サービス区分「住居」の耐久財）,00000,全国,1984000000,1984年,円
384,1,全世帯,002,第１階級,153,（財・サービス区分「住居」の耐久財）,00415,3大都市圏平均,1984000000,1984年,円
347,1,全世帯,002,第１階級,154,（財・サービス区分「住居」の半耐久財）,00000,全国,1984000000,1984年,円
228,1,全世帯,002,第１階級,154,（財・サービス区分「住居」の半耐久財）,00415,3大都市圏平均,1984000000,1984年,円
10128,1,全世帯,002,第１階級,155,（財・サービス区分「住居」のサービス）,00000,全国,1984000000,1984年,円
16273,1,全世帯,002,第１階級,155,（財・サービス区分「住居」のサービス）,00415,3大都市圏平均,1984000000,1984年,円
11991,1,全世帯,002,第１階級,156,光熱・水道（非耐久財）（財・サービス区分の光熱・水道）,00000,全国,1984000000,1984年,円
13047,1,全世帯,002,第１階級,156,光熱・水道（非耐久財）（財・サービス区分の光熱・水道）,00415,3大都市圏平均,1984000000,1984年,円
6959,1,全世帯,002,第１階級,157,家具・家事用品（財・サービス区分の家具・家事用品）,00000,全国,1984000000,1984年,円
6913,1,全世帯,002,第１階級,157,家具・家事用品（財・サービス区分の家具・家事用品）,00415,3大都市圏平均,1984000000,1984年,円
2618,1,全世帯,002,第１階級,158,（財・サービス区分「家具・家事用品」の耐久財）,00000,全国,1984000000,1984年,円
2328,1,全世帯,002,第１階級,158,（財・サービス区分「家具・家事用品」の耐久財）,00415,3大都市圏平均,1984000000,1984年,円
2455,1,全世帯,002,第１階級,159,（財・サービス区分「家具・家事用品」の半耐久財）,00000,全国,1984000000,1984年,円
2658,1,全世帯,002,第１階級,159,（財・サービス区分「家具・家事用品」の半耐久財）,00415,3大都市圏平均,1984000000,1984年,円
1306,1,全世帯,002,第１階級,160,（財・サービス区分「家具・家事用品」の非耐久財）,00000,全国,1984000000,1984年,円
1462,1,全世帯,002,第１階級,160,（財・サービス区分「家具・家事用品」の非耐久財）,00415,3大都市圏平均,1984000000,1984年,円
581,1,全世帯,002,第１階級,161,（財・サービス区分「家具・家事用品」のサービス）,00000,全国,1984000000,1984年,円
465,1,全世帯,002,第１階級,161,（財・サービス区分「家具・家事用品」のサービス）,00415,3大都市圏平均,1984000000,1984年,円
8524,1,全世帯,002,第１階級,162,被服及び履物（財・サービス区分の被服及び履物）,00000,全国,1984000000,1984年,円
9739,1,全世帯,002,第１階級,162,被服及び履物（財・サービス区分の被服及び履物）,00415,3大都市圏平均,1984000000,1984年,円
7980,1,全世帯,002,第１階級,163,（財・サービス区分「被服及び履物」の半耐久財）,00000,全国,1984000000,1984年,円
9018,1,全世帯,002,第１階級,163,（財・サービス区分「被服及び履物」の半耐久財）,00415,3大都市圏平均,1984000000,1984年,円
545,1,全世帯,002,第１階級,164,（財・サービス区分「被服及び履物」のサービス）,00000,全国,1984000000,1984年,円
721,1,全世帯,002,第１階級,164,（財・サービス区分「被服及び履物」のサービス）,00415,3大都市圏平均,1984000000,1984年,円
4953,1,全世帯,002,第１階級,165,（財・サービス区分の保健医療）,00000,全国,1984000000,1984年,円
5264,1,全世帯,002,第１階級,165,（財・サービス区分の保健医療）,00415,3大都市圏平均,1984000000,1984年,円
294,1,全世帯,002,第１階級,166,（財・サービス区分「保健医療」の耐久財）,00000,全国,1984000000,1984年,円
352,1,全世帯,002,第１階級,166,（財・サービス区分「保健医療」の耐久財）,00415,3大都市圏平均,1984000000,1984年,円
256,1,全世帯,002,第１階級,167,（財・サービス区分「保健医療」の半耐久財）,00000,全国,1984000000,1984年,円
183,1,全世帯,002,第１階級,167,（財・サービス区分「保健医療」の半耐久財）,00415,3大都市圏平均,1984000000,1984年,円
1435,1,全世帯,002,第１階級,168,（財・サービス区分「保健医療」の非耐久財）,00000,全国,1984000000,1984年,円
1541,1,全世帯,002,第１階級,168,（財・サービス区分「保健医療」の非耐久財）,00415,3大都市圏平均,1984000000,1984年,円
2968,1,全世帯,002,第１階級,169,（財・サービス区分「保健医療」のサービス）,00000,全国,1984000000,1984年,円
3188,1,全世帯,002,第１階級,169,（財・サービス区分「保健医療」のサービス）,00415,3大都市圏平均,1984000000,1984年,円
14088,1,全世帯,002,第１階級,170,（財・サービス区分の交通通信）,00000,全国,1984000000,1984年,円
14707,1,全世帯,002,第１階級,170,（財・サービス区分の交通通信）,00415,3大都市圏平均,1984000000,1984年,円
1155,1,全世帯,002,第１階級,171,（財・サービス区分「交通通信」の耐久財）,00000,全国,1984000000,1984年,円
1174,1,全世帯,002,第１階級,171,（財・サービス区分「交通通信」の耐久財）,00415,3大都市圏平均,1984000000,1984年,円
206,1,全世帯,002,第１階級,172,（財・サービス区分「交通通信」の半耐久財）,00000,全国,1984000000,1984年,円
198,1,全世帯,002,第１階級,172,（財・サービス区分「交通通信」の半耐久財）,00415,3大都市圏平均,1984000000,1984年,円
3060,1,全世帯,002,第１階級,173,（財・サービス区分「交通通信」の非耐久財）,00000,全国,1984000000,1984年,円
2237,1,全世帯,002,第１階級,173,（財・サービス区分「交通通信」の非耐久財）,00415,3大都市圏平均,1984000000,1984年,円
9667,1,全世帯,002,第１階級,174,（財・サービス区分「交通通信」のサービス）,00000,全国,1984000000,1984年,円
11098,1,全世帯,002,第１階級,174,（財・サービス区分「交通通信」のサービス）,00415,3大都市圏平均,1984000000,1984年,円
3599,1,全世帯,002,第１階級,175,（財・サービス区分の教育）,00000,全国,1984000000,1984年,円
4948,1,全世帯,002,第１階級,175,（財・サービス区分の教育）,00415,3大都市圏平均,1984000000,1984年,円
99,1,全世帯,002,第１階級,176,（財・サービス区分「教育」の非耐久財）,00000,全国,1984000000,1984年,円
120,1,全世帯,002,第１階級,176,（財・サービス区分「教育」の非耐久財）,00415,3大都市圏平均,1984000000,1984年,円
3500,1,全世帯,002,第１階級,177,（財・サービス区分「教育」のサービス）,00000,全国,1984000000,1984年,円
4829,1,全世帯,002,第１階級,177,（財・サービス区分「教育」のサービス）,00415,3大都市圏平均,1984000000,1984年,円
10986,1,全世帯,002,第１階級,178,（財・サービス区分の教養娯楽）,00000,全国,1984000000,1984年,円
13046,1,全世帯,002,第１階級,178,（財・サービス区分の教養娯楽）,00415,3大都市圏平均,1984000000,1984年,円
957,1,全世帯,002,第１階級,179,（財・サービス区分「教養娯楽」の耐久財）,00000,全国,1984000000,1984年,円
970,1,全世帯,002,第１階級,179,（財・サービス区分「教養娯楽」の耐久財）,00415,3大都市圏平均,1984000000,1984年,円
1690,1,全世帯,002,第１階級,180,（財・サービス区分「教養娯楽」の半耐久財）,00000,全国,1984000000,1984年,円
1837,1,全世帯,002,第１階級,180,（財・サービス区分「教養娯楽」の半耐久財）,00415,3大都市圏平均,1984000000,1984年,円
3278,1,全世帯,002,第１階級,181,（財・サービス区分「教養娯楽」の非耐久財）,00000,全国,1984000000,1984年,円
3999,1,全世帯,002,第１階級,181,（財・サービス区分「教養娯楽」の非耐久財）,00415,3大都市圏平均,1984000000,1984年,円
5061,1,全世帯,002,第１階級,182,（財・サービス区分「教養娯楽」のサービス）,00000,全国,1984000000,1984年,円
6241,1,全世帯,002,第１階級,182,（財・サービス区分「教養娯楽」のサービス）,00415,3大都市圏平均,1984000000,1984年,円
10153,1,全世帯,002,第１階級,183,（財・サービス区分の諸雑費）,00000,全国,1984000000,1984年,円
11061,1,全世帯,002,第１階級,183,（財・サービス区分の諸雑費）,00415,3大都市圏平均,1984000000,1984年,円
111,1,全世帯,002,第１階級,184,（財・サービス区分「諸雑費」の耐久財）,00000,全国,1984000000,1984年,円
92,1,全世帯,002,第１階級,184,（財・サービス区分「諸雑費」の耐久財）,00415,3大都市圏平均,1984000000,1984年,円
666,1,全世帯,002,第１階級,185,（財・サービス区分「諸雑費」の半耐久財）,00000,全国,1984000000,1984年,円
769,1,全世帯,002,第１階級,185,（財・サービス区分「諸雑費」の半耐久財）,00415,3大都市圏平均,1984000000,1984年,円
3219,1,全世帯,002,第１階級,186,（財・サービス区分「諸雑費」の非耐久財）,00000,全国,1984000000,1984年,円
3308,1,全世帯,002,第１階級,186,（財・サービス区分「諸雑費」の非耐久財）,00415,3大都市圏平均,1984000000,1984年,円
6157,1,全世帯,002,第１階級,187,（財・サービス区分「諸雑費」のサービス）,00000,全国,1984000000,1984年,円
6892,1,全世帯,002,第１階級,187,（財・サービス区分「諸雑費」のサービス）,00415,3大都市圏平均,1984000000,1984年,円
49614,1,全世帯,002,第１階級,188,（（特掲）五大費目）,00000,全国,1984000000,1984年,円
58036,1,全世帯,002,第１階級,188,（（特掲）五大費目）,00415,3大都市圏平均,1984000000,1984年,円
17222,1,全世帯,002,第１階級,189,（（特掲）五大費目）,00000,全国,1984000000,1984年,円
23648,1,全世帯,002,第１階級,189,（（特掲）五大費目）,00415,3大都市圏平均,1984000000,1984年,円
10095,1,全世帯,002,第１階級,190,（（特掲）五大費目）,00000,全国,1984000000,1984年,円
10582,1,全世帯,002,第１階級,190,（（特掲）五大費目）,00415,3大都市圏平均,1984000000,1984年,円
9297,1,全世帯,002,第１階級,191,（（特掲）五大費目）,00000,全国,1984000000,1984年,円
10616,1,全世帯,002,第１階級,191,（（特掲）五大費目）,00415,3大都市圏平均,1984000000,1984年,円
64381,1,全世帯,002,第１階級,192,（（特掲）五大費目）,00000,全国,1984000000,1984年,円
71411,1,全世帯,002,第１階級,192,（（特掲）五大費目）,00415,3大都市圏平均,1984000000,1984年,円
11198,1,全世帯,002,第１階級,193,現物支出（総額）,00000,全国,1984000000,1984年,円
10289,1,全世帯,002,第１階級,193,現物支出（総額）,00415,3大都市圏平均,1984000000,1984年,円
2614,1,全世帯,002,第１階級,194,（現物支出の自家産物）,00000,全国,1984000000,1984年,円
713,1,全世帯,002,第１階級,194,（現物支出の自家産物）,00415,3大都市圏平均,1984000000,1984年,円
8584,1,全世帯,002,第１階級,195,（現物支出の自家産物以外）,00000,全国,1984000000,1984年,円
9577,1,全世帯,002,第１階級,195,（現物支出の自家産物以外）,00415,3大都市圏平均,1984000000,1984年,円
8986,1,全世帯,002,第１階級,196,（現物支出の食料）,00000,全国,1984000000,1984年,円
7241,1,全世帯,002,第１階級,196,（現物支出の食料）,00415,3大都市圏平均,1984000000,1984年,円
2445,1,全世帯,002,第１階級,197,（現物支出「食料」の自家産物）,00000,全国,1984000000,1984年,円
678,1,全世帯,002,第１階級,197,（現物支出「食料」の自家産物）,00415,3大都市圏平均,1984000000,1984年,円
6541,1,全世帯,002,第１階級,198,その他（受贈物等）（現物支出「食料」の自家産物以外）,00000,全国,1984000000,1984年,円
6563,1,全世帯,002,第１階級,198,その他（受贈物等）（現物支出「食料」の自家産物以外）,00415,3大都市圏平均,1984000000,1984年,円
18,1,全世帯,002,第１階級,199,（現物支出の住居）,00000,全国,1984000000,1984年,円
21,1,全世帯,002,第１階級,199,（現物支出の住居）,00415,3大都市圏平均,1984000000,1984年,円
43,1,全世帯,002,第１階級,200,（現物支出の光熱・水道）,00000,全国,1984000000,1984年,円
18,1,全世帯,002,第１階級,200,（現物支出の光熱・水道）,00415,3大都市圏平均,1984000000,1984年,円
664,1,全世帯,002,第１階級,201,（現物支出の家具・家事用品）,00000,全国,1984000000,1984年,円
983,1,全世帯,002,第１階級,201,（現物支出の家具・家事用品）,00415,3大都市圏平均,1984000000,1984年,円
590,1,全世帯,002,第１階級,202,（現物支出の被服及び履物）,00000,全国,1984000000,1984年,円
843,1,全世帯,002,第１階級,202,（現物支出の被服及び履物）,00415,3大都市圏平均,1984000000,1984年,円
52,1,全世帯,002,第１階級,203,（現物支出の保健医療）,00000,全国,1984000000,1984年,円
86,1,全世帯,002,第１階級,203,（現物支出の保健医療）,00415,3大都市圏平均,1984000000,1984年,円
84,1,全世帯,002,第１階級,204,（現物支出の交通通信）,00000,全国,1984000000,1984年,円
144,1,全世帯,002,第１階級,204,（現物支出の交通通信）,00415,3大都市圏平均,1984000000,1984年,円
0,1,全世帯,002,第１階級,205,（現物支出の教育）,00000,全国,1984000000,1984年,円
-,1,全世帯,002,第１階級,205,（現物支出の教育）,00415,3大都市圏平均,1984000000,1984年,円
296,1,全世帯,002,第１階級,206,（現物支出の教養娯楽）,00000,全国,1984000000,1984年,円
434,1,全世帯,002,第１階級,206,（現物支出の教養娯楽）,00415,3大都市圏平均,1984000000,1984年,円
465,1,全世帯,002,第１階級,207,（現物支出のその他の消費支出）,00000,全国,1984000000,1984年,円
520,1,全世帯,002,第１階級,207,（現物支出のその他の消費支出）,00415,3大都市圏平均,1984000000,1984年,円
159,1,全世帯,002,第１階級,208,（現物支出の交際費（自家産物の贈与））,00000,全国,1984000000,1984年,円
29,1,全世帯,002,第１階級,208,（現物支出の交際費（自家産物の贈与））,00415,3大都市圏平均,1984000000,1984年,円
19744,1,全世帯,002,第１階級,209,〔持家の帰属家賃〕,00000,全国,1984000000,1984年,円
21832,1,全世帯,002,第１階級,209,〔持家の帰属家賃〕,00415,3大都市圏平均,1984000000,1984年,円
32.9,1,全世帯,002,第１階級,210,エンゲル係数（％）,00000,全国,1984000000,1984年,％
33.3,1,全世帯,002,第１階級,210,エンゲル係数（％）,00415,3大都市圏平均,1984000000,1984年,％
3271,1,全世帯,002,第１階級,211,貯蓄現在高（千円）,00000,全国,1984000000,1984年,千円
4264,1,全世帯,002,第１階級,211,貯蓄現在高（千円）,00415,3大都市圏平均,1984000000,1984年,千円
397,1,全世帯,002,第１階級,212,通貨性預貯金（千円）,00000,全国,1984000000,1984年,千円
451,1,全世帯,002,第１階級,212,通貨性預貯金（千円）,00415,3大都市圏平均,1984000000,1984年,千円
1787,1,全世帯,002,第１階級,213,定期性預貯金（千円）,00000,全国,1984000000,1984年,千円
2225,1,全世帯,002,第１階級,213,定期性預貯金（千円）,00415,3大都市圏平均,1984000000,1984年,千円
644,1,全世帯,002,第１階級,214,生命保険（千円）,00000,全国,1984000000,1984年,千円
667,1,全世帯,002,第１階級,214,生命保険（千円）,00415,3大都市圏平均,1984000000,1984年,千円
415,1,全世帯,002,第１階級,215,有価証券（千円）,00000,全国,1984000000,1984年,千円
859,1,全世帯,002,第１階級,215,有価証券（千円）,00415,3大都市圏平均,1984000000,1984年,千円
710,1,全世帯,002,第１階級,216,負債現在高（千円）,00000,全国,1984000000,1984年,千円
614,1,全世帯,002,第１階級,216,負債現在高（千円）,00415,3大都市圏平均,1984000000,1984年,千円
460,1,全世帯,002,第１階級,217,うち住宅・土地のため（千円）,00000,全国,1984000000,1984年,千円
445,1,全世帯,002,第１階級,217,うち住宅・土地のため（千円）,00415,3大都市圏平均,1984000000,1984年,千円
34.9,1,全世帯,002,第１階級,218,負債保有率（％）,00000,全国,1984000000,1984年,％
25.9,1,全世帯,002,第１階級,218,負債保有率（％）,00415,3大都市圏平均,1984000000,1984年,％
11.9,1,全世帯,002,第１階級,219,うち住宅・土地のため（％）,00000,全国,1984000000,1984年,％
8.2,1,全世帯,002,第１階級,219,うち住宅・土地のため（％）,00415,3大都市圏平均,1984000000,1984年,％
5148,1,全世帯,003,第２階級,001,集計世帯数,00000,全国,1984000000,1984年,世帯
1900,1,全世帯,003,第２階級,001,集計世帯数,00415,3大都市圏平均,1984000000,1984年,世帯
81591,1,全世帯,003,第２階級,002,世帯数分布（抽出率調整）,00000,全国,1984000000,1984年,世帯
37409,1,全世帯,003,第２階級,002,世帯数分布（抽出率調整）,00415,3大都市圏平均,1984000000,1984年,世帯
1000,1,全世帯,003,第２階級,003,（１万分比）,00000,全国,1984000000,1984年,
1000,1,全世帯,003,第２階級,003,（１万分比）,00415,3大都市圏平均,1984000000,1984年,
3.43,1,全世帯,003,第２階級,004,世帯人員（人）,00000,全国,1984000000,1984年,人
3.38,1,全世帯,003,第２階級,004,世帯人員（人）,00415,3大都市圏平均,1984000000,1984年,人
1.38,1,全世帯,003,第２階級,005,有業人員（人）,00000,全国,1984000000,1984年,人
1.33,1,全世帯,003,第２階級,005,有業人員（人）,00415,3大都市圏平均,1984000000,1984年,人
44.7,1,全世帯,003,第２階級,006,世帯主の年齢（歳）,00000,全国,1984000000,1984年,歳
42.6,1,全世帯,003,第２階級,006,世帯主の年齢（歳）,00415,3大都市圏平均,1984000000,1984年,歳
59.6,1,全世帯,003,第２階級,007,持家率（％）,00000,全国,1984000000,1984年,％
50.7,1,全世帯,003,第２階級,007,持家率（％）,00415,3大都市圏平均,1984000000,1984年,％
4.6,1,全世帯,003,第２階級,008,居住室数（室）,00000,全国,1984000000,1984年,室
4.1,1,全世帯,003,第２階級,008,居住室数（室）,00415,3大都市圏平均,1984000000,1984年,室
40.6,1,全世帯,003,第２階級,009,家賃・地代を支払っている世帯割合（％）,00000,全国,1984000000,1984年,％
49.3,1,全世帯,003,第２階級,009,家賃・地代を支払っている世帯割合（％）,00415,3大都市圏平均,1984000000,1984年,％
2875,1,全世帯,003,第２階級,010,年間収入（千円）,00000,全国,1984000000,1984年,千円
3243,1,全世帯,003,第２階級,010,年間収入（千円）,00415,3大都市圏平均,1984000000,1984年,千円
190597,1,全世帯,003,第２階級,011,消費支出,00000,全国,1984000000,1984年,円
210036,1,全世帯,003,第２階級,011,消費支出,00415,3大都市圏平均,1984000000,1984年,円
59934,1,全世帯,003,第２階級,012,食料,00000,全国,1984000000,1984年,円
67616,1,全世帯,003,第２階級,012,食料,00415,3大都市圏平均,1984000000,1984年,円
7963,1,全世帯,003,第２階級,013,穀類,00000,全国,1984000000,1984年,円
8837,1,全世帯,003,第２階級,013,穀類,00415,3大都市圏平均,1984000000,1984年,円
4933,1,全世帯,003,第２階級,014,米類,00000,全国,1984000000,1984年,円
5293,1,全世帯,003,第２階級,014,米類,00415,3大都市圏平均,1984000000,1984年,円
1654,1,全世帯,003,第２階級,015,パン,00000,全国,1984000000,1984年,円
2008,1,全世帯,003,第２階級,015,パン,00415,3大都市圏平均,1984000000,1984年,円
1125,1,全世帯,003,第２階級,016,めん類,00000,全国,1984000000,1984年,円
1256,1,全世帯,003,第２階級,016,めん類,00415,3大都市圏平均,1984000000,1984年,円
251,1,全世帯,003,第２階級,017,穀粉・その他,00000,全国,1984000000,1984年,円
280,1,全世帯,003,第２階級,017,穀粉・その他,00415,3大都市圏平均,1984000000,1984年,円
8692,1,全世帯,003,第２階級,018,魚介類,00000,全国,1984000000,1984年,円
8793,1,全世帯,003,第２階級,018,魚介類,00415,3大都市圏平均,1984000000,1984年,円
5664,1,全世帯,003,第２階級,019,生鮮魚介,00000,全国,1984000000,1984年,円
5673,1,全世帯,003,第２階級,019,生鮮魚介,00415,3大都市圏平均,1984000000,1984年,円
1817,1,全世帯,003,第２階級,020,塩干魚介,00000,全国,1984000000,1984年,円
1893,1,全世帯,003,第２階級,020,塩干魚介,00415,3大都市圏平均,1984000000,1984年,円
790,1,全世帯,003,第２階級,021,魚肉練製品,00000,全国,1984000000,1984年,円
796,1,全世帯,003,第２階級,021,魚肉練製品,00415,3大都市圏平均,1984000000,1984年,円
422,1,全世帯,003,第２階級,022,他の魚介加工品,00000,全国,1984000000,1984年,円
430,1,全世帯,003,第２階級,022,他の魚介加工品,00415,3大都市圏平均,1984000000,1984年,円
6350,1,全世帯,003,第２階級,023,肉類,00000,全国,1984000000,1984年,円
7431,1,全世帯,003,第２階級,023,肉類,00415,3大都市圏平均,1984000000,1984年,円
5365,1,全世帯,003,第２階級,024,生鮮肉,00000,全国,1984000000,1984年,円
6213,1,全世帯,003,第２階級,024,生鮮肉,00415,3大都市圏平均,1984000000,1984年,円
985,1,全世帯,003,第２階級,025,加工肉,00000,全国,1984000000,1984年,円
1217,1,全世帯,003,第２階級,025,加工肉,00415,3大都市圏平均,1984000000,1984年,円
3423,1,全世帯,003,第２階級,026,乳卵類,00000,全国,1984000000,1984年,円
3609,1,全世帯,003,第２階級,026,乳卵類,00415,3大都市圏平均,1984000000,1984年,円
1746,1,全世帯,003,第２階級,027,牛乳,00000,全国,1984000000,1984年,円
1781,1,全世帯,003,第２階級,027,牛乳,00415,3大都市圏平均,1984000000,1984年,円
560,1,全世帯,003,第２階級,028,乳製品,00000,全国,1984000000,1984年,円
677,1,全世帯,003,第２階級,028,乳製品,00415,3大都市圏平均,1984000000,1984年,円
1116,1,全世帯,003,第２階級,029,卵,00000,全国,1984000000,1984年,円
1151,1,全世帯,003,第２階級,029,卵,00415,3大都市圏平均,1984000000,1984年,円
7387,1,全世帯,003,第２階級,030,野菜・海草,00000,全国,1984000000,1984年,円
8542,1,全世帯,003,第２階級,030,野菜・海草,00415,3大都市圏平均,1984000000,1984年,円
4850,1,全世帯,003,第２階級,031,生鮮野菜,00000,全国,1984000000,1984年,円
5822,1,全世帯,003,第２階級,031,生鮮野菜,00415,3大都市圏平均,1984000000,1984年,円
615,1,全世帯,003,第２階級,032,乾物・海草,00000,全国,1984000000,1984年,円
644,1,全世帯,003,第２階級,032,乾物・海草,00415,3大都市圏平均,1984000000,1984年,円
917,1,全世帯,003,第２階級,033,大豆加工品,00000,全国,1984000000,1984年,円
934,1,全世帯,003,第２階級,033,大豆加工品,00415,3大都市圏平均,1984000000,1984年,円
1005,1,全世帯,003,第２階級,034,他の野菜・海草加工品,00000,全国,1984000000,1984年,円
1141,1,全世帯,003,第２階級,034,他の野菜・海草加工品,00415,3大都市圏平均,1984000000,1984年,円
3607,1,全世帯,003,第２階級,035,果物,00000,全国,1984000000,1984年,円
3769,1,全世帯,003,第２階級,035,果物,00415,3大都市圏平均,1984000000,1984年,円
3543,1,全世帯,003,第２階級,036,生鮮果物,00000,全国,1984000000,1984年,円
3698,1,全世帯,003,第２階級,036,生鮮果物,00415,3大都市圏平均,1984000000,1984年,円
65,1,全世帯,003,第２階級,037,果物加工品,00000,全国,1984000000,1984年,円
71,1,全世帯,003,第２階級,037,果物加工品,00415,3大都市圏平均,1984000000,1984年,円
2664,1,全世帯,003,第２階級,038,油脂・調味料,00000,全国,1984000000,1984年,円
2663,1,全世帯,003,第２階級,038,油脂・調味料,00415,3大都市圏平均,1984000000,1984年,円
427,1,全世帯,003,第２階級,039,油脂,00000,全国,1984000000,1984年,円
420,1,全世帯,003,第２階級,039,油脂,00415,3大都市圏平均,1984000000,1984年,円
2238,1,全世帯,003,第２階級,040,調味料,00000,全国,1984000000,1984年,円
2243,1,全世帯,003,第２階級,040,調味料,00415,3大都市圏平均,1984000000,1984年,円
4420,1,全世帯,003,第２階級,041,菓子類,00000,全国,1984000000,1984年,円
4801,1,全世帯,003,第２階級,041,菓子類,00415,3大都市圏平均,1984000000,1984年,円
2963,1,全世帯,003,第２階級,042,調理食品,00000,全国,1984000000,1984年,円
3697,1,全世帯,003,第２階級,042,調理食品,00415,3大都市圏平均,1984000000,1984年,円
696,1,全世帯,003,第２階級,043,主食的調理食品,00000,全国,1984000000,1984年,円
883,1,全世帯,003,第２階級,043,主食的調理食品,00415,3大都市圏平均,1984000000,1984年,円
2267,1,全世帯,003,第２階級,044,他の調理食品,00000,全国,1984000000,1984年,円
2814,1,全世帯,003,第２階級,044,他の調理食品,00415,3大都市圏平均,1984000000,1984年,円
2123,1,全世帯,003,第２階級,045,飲料,00000,全国,1984000000,1984年,円
2312,1,全世帯,003,第２階級,045,飲料,00415,3大都市圏平均,1984000000,1984年,円
338,1,全世帯,003,第２階級,046,茶類,00000,全国,1984000000,1984年,円
424,1,全世帯,003,第２階級,046,茶類,00415,3大都市圏平均,1984000000,1984年,円
430,1,全世帯,003,第２階級,047,コーヒー・ココア,00000,全国,1984000000,1984年,円
491,1,全世帯,003,第２階級,047,コーヒー・ココア,00415,3大都市圏平均,1984000000,1984年,円
1355,1,全世帯,003,第２階級,048,他の飲料,00000,全国,1984000000,1984年,円
1398,1,全世帯,003,第２階級,048,他の飲料,00415,3大都市圏平均,1984000000,1984年,円
2834,1,全世帯,003,第２階級,049,酒類,00000,全国,1984000000,1984年,円
3103,1,全世帯,003,第２階級,049,酒類,00415,3大都市圏平均,1984000000,1984年,円
7508,1,全世帯,003,第２階級,050,外食,00000,全国,1984000000,1984年,円
10059,1,全世帯,003,第２階級,050,外食,00415,3大都市圏平均,1984000000,1984年,円
6203,1,全世帯,003,第２階級,051,一般外食,00000,全国,1984000000,1984年,円
8933,1,全世帯,003,第２階級,051,一般外食,00415,3大都市圏平均,1984000000,1984年,円
1305,1,全世帯,003,第２階級,052,学校給食,00000,全国,1984000000,1984年,円
1125,1,全世帯,003,第２階級,052,学校給食,00415,3大都市圏平均,1984000000,1984年,円
13378,1,全世帯,003,第２階級,053,住居,00000,全国,1984000000,1984年,円
17544,1,全世帯,003,第２階級,053,住居,00415,3大都市圏平均,1984000000,1984年,円
9543,1,全世帯,003,第２階級,054,家賃・地代,00000,全国,1984000000,1984年,円
14380,1,全世帯,003,第２階級,054,家賃・地代,00415,3大都市圏平均,1984000000,1984年,円
3836,1,全世帯,003,第２階級,055,設備修繕・維持,00000,全国,1984000000,1984年,円
3165,1,全世帯,003,第２階級,055,設備修繕・維持,00415,3大都市圏平均,1984000000,1984年,円
694,1,全世帯,003,第２階級,056,設備材料,00000,全国,1984000000,1984年,円
607,1,全世帯,003,第２階級,056,設備材料,00415,3大都市圏平均,1984000000,1984年,円
3141,1,全世帯,003,第２階級,057,工事その他のサービス,00000,全国,1984000000,1984年,円
2557,1,全世帯,003,第２階級,057,工事その他のサービス,00415,3大都市圏平均,1984000000,1984年,円
13380,1,全世帯,003,第２階級,058,光熱・水道,00000,全国,1984000000,1984年,円
14018,1,全世帯,003,第２階級,058,光熱・水道,00415,3大都市圏平均,1984000000,1984年,円
5991,1,全世帯,003,第２階級,059,電気代,00000,全国,1984000000,1984年,円
6172,1,全世帯,003,第２階級,059,電気代,00415,3大都市圏平均,1984000000,1984年,円
3858,1,全世帯,003,第２階級,060,ガス代,00000,全国,1984000000,1984年,円
4453,1,全世帯,003,第２階級,060,ガス代,00415,3大都市圏平均,1984000000,1984年,円
1174,1,全世帯,003,第２階級,061,他の光熱,00000,全国,1984000000,1984年,円
484,1,全世帯,003,第２階級,061,他の光熱,00415,3大都市圏平均,1984000000,1984年,円
2357,1,全世帯,003,第２階級,062,水道料,00000,全国,1984000000,1984年,円
2908,1,全世帯,003,第２階級,062,水道料,00415,3大都市圏平均,1984000000,1984年,円
8205,1,全世帯,003,第２階級,063,家具・家事用品,00000,全国,1984000000,1984年,円
9050,1,全世帯,003,第２階級,063,家具・家事用品,00415,3大都市圏平均,1984000000,1984年,円
2516,1,全世帯,003,第２階級,064,家庭用耐久財,00000,全国,1984000000,1984年,円
3003,1,全世帯,003,第２階級,064,家庭用耐久財,00415,3大都市圏平均,1984000000,1984年,円
1062,1,全世帯,003,第２階級,065,家事用耐久財,00000,全国,1984000000,1984年,円
1158,1,全世帯,003,第２階級,065,家事用耐久財,00415,3大都市圏平均,1984000000,1984年,円
894,1,全世帯,003,第２階級,066,冷暖房用器具,00000,全国,1984000000,1984年,円
1009,1,全世帯,003,第２階級,066,冷暖房用器具,00415,3大都市圏平均,1984000000,1984年,円
560,1,全世帯,003,第２階級,067,一般家具,00000,全国,1984000000,1984年,円
837,1,全世帯,003,第２階級,067,一般家具,00415,3大都市圏平均,1984000000,1984年,円
643,1,全世帯,003,第２階級,068,室内装備品,00000,全国,1984000000,1984年,円
659,1,全世帯,003,第２階級,068,室内装備品,00415,3大都市圏平均,1984000000,1984年,円
1242,1,全世帯,003,第２階級,069,寝具類,00000,全国,1984000000,1984年,円
1423,1,全世帯,003,第２階級,069,寝具類,00415,3大都市圏平均,1984000000,1984年,円
1576,1,全世帯,003,第２階級,070,家事雑貨,00000,全国,1984000000,1984年,円
1736,1,全世帯,003,第２階級,070,家事雑貨,00415,3大都市圏平均,1984000000,1984年,円
1585,1,全世帯,003,第２階級,071,家事用消耗品,00000,全国,1984000000,1984年,円
1707,1,全世帯,003,第２階級,071,家事用消耗品,00415,3大都市圏平均,1984000000,1984年,円
643,1,全世帯,003,第２階級,072,家事サービス,00000,全国,1984000000,1984年,円
521,1,全世帯,003,第２階級,072,家事サービス,00415,3大都市圏平均,1984000000,1984年,円
10546,1,全世帯,003,第２階級,073,被服及び履物,00000,全国,1984000000,1984年,円
11792,1,全世帯,003,第２階級,073,被服及び履物,00415,3大都市圏平均,1984000000,1984年,円
564,1,全世帯,003,第２階級,074,和服,00000,全国,1984000000,1984年,円
585,1,全世帯,003,第２階級,074,和服,00415,3大都市圏平均,1984000000,1984年,円
3690,1,全世帯,003,第２階級,075,洋服,00000,全国,1984000000,1984年,円
4222,1,全世帯,003,第２階級,075,洋服,00415,3大都市圏平均,1984000000,1984年,円
1240,1,全世帯,003,第２階級,076,男子洋服,00000,全国,1984000000,1984年,円
1387,1,全世帯,003,第２階級,076,男子洋服,00415,3大都市圏平均,1984000000,1984年,円
1690,1,全世帯,003,第２階級,077,婦人洋服,00000,全国,1984000000,1984年,円
1912,1,全世帯,003,第２階級,077,婦人洋服,00415,3大都市圏平均,1984000000,1984年,円
760,1,全世帯,003,第２階級,078,子供洋服,00000,全国,1984000000,1984年,円
923,1,全世帯,003,第２階級,078,子供洋服,00415,3大都市圏平均,1984000000,1984年,円
1671,1,全世帯,003,第２階級,079,シャツ・セーター類,00000,全国,1984000000,1984年,円
1903,1,全世帯,003,第２階級,079,シャツ・セーター類,00415,3大都市圏平均,1984000000,1984年,円
587,1,全世帯,003,第２階級,080,男子シャツ・セーター類,00000,全国,1984000000,1984年,円
659,1,全世帯,003,第２階級,080,男子シャツ・セーター類,00415,3大都市圏平均,1984000000,1984年,円
841,1,全世帯,003,第２階級,081,婦人シャツ・セーター類,00000,全国,1984000000,1984年,円
947,1,全世帯,003,第２階級,081,婦人シャツ・セーター類,00415,3大都市圏平均,1984000000,1984年,円
243,1,全世帯,003,第２階級,082,子供シャツ・セーター類,00000,全国,1984000000,1984年,円
297,1,全世帯,003,第２階級,082,子供シャツ・セーター類,00415,3大都市圏平均,1984000000,1984年,円
1119,1,全世帯,003,第２階級,083,下着類,00000,全国,1984000000,1984年,円
1211,1,全世帯,003,第２階級,083,下着類,00415,3大都市圏平均,1984000000,1984年,円
440,1,全世帯,003,第２階級,084,男子下着類,00000,全国,1984000000,1984年,円
458,1,全世帯,003,第２階級,084,男子下着類,00415,3大都市圏平均,1984000000,1984年,円
428,1,全世帯,003,第２階級,085,婦人下着類,00000,全国,1984000000,1984年,円
460,1,全世帯,003,第２階級,085,婦人下着類,00415,3大都市圏平均,1984000000,1984年,円
251,1,全世帯,003,第２階級,086,子供下着類,00000,全国,1984000000,1984年,円
293,1,全世帯,003,第２階級,086,子供下着類,00415,3大都市圏平均,1984000000,1984年,円
594,1,全世帯,003,第２階級,087,生地・糸類,00000,全国,1984000000,1984年,円
659,1,全世帯,003,第２階級,087,生地・糸類,00415,3大都市圏平均,1984000000,1984年,円
826,1,全世帯,003,第２階級,088,他の被服,00000,全国,1984000000,1984年,円
862,1,全世帯,003,第２階級,088,他の被服,00415,3大都市圏平均,1984000000,1984年,円
1300,1,全世帯,003,第２階級,089,履物類,00000,全国,1984000000,1984年,円
1449,1,全世帯,003,第２階級,089,履物類,00415,3大都市圏平均,1984000000,1984年,円
784,1,全世帯,003,第２階級,090,被服関連サービス,00000,全国,1984000000,1984年,円
900,1,全世帯,003,第２階級,090,被服関連サービス,00415,3大都市圏平均,1984000000,1984年,円
5929,1,全世帯,003,第２階級,091,保健医療,00000,全国,1984000000,1984年,円
6326,1,全世帯,003,第２階級,091,保健医療,00415,3大都市圏平均,1984000000,1984年,円
1267,1,全世帯,003,第２階級,092,医薬品,00000,全国,1984000000,1984年,円
1346,1,全世帯,003,第２階級,092,医薬品,00415,3大都市圏平均,1984000000,1984年,円
949,1,全世帯,003,第２階級,093,保健医療用品・器具,00000,全国,1984000000,1984年,円
1230,1,全世帯,003,第２階級,093,保健医療用品・器具,00415,3大都市圏平均,1984000000,1984年,円
3713,1,全世帯,003,第２階級,094,保健医療サービス,00000,全国,1984000000,1984年,円
3750,1,全世帯,003,第２階級,094,保健医療サービス,00415,3大都市圏平均,1984000000,1984年,円
20271,1,全世帯,003,第２階級,095,交通通信,00000,全国,1984000000,1984年,円
19603,1,全世帯,003,第２階級,095,交通通信,00415,3大都市圏平均,1984000000,1984年,円
3722,1,全世帯,003,第２階級,096,交通,00000,全国,1984000000,1984年,円
4692,1,全世帯,003,第２階級,096,交通,00415,3大都市圏平均,1984000000,1984年,円
11477,1,全世帯,003,第２階級,097,自動車等関係費,00000,全国,1984000000,1984年,円
9510,1,全世帯,003,第２階級,097,自動車等関係費,00415,3大都市圏平均,1984000000,1984年,円
3244,1,全世帯,003,第２階級,098,自動車,00000,全国,1984000000,1984年,円
2153,1,全世帯,003,第２階級,098,自動車,00415,3大都市圏平均,1984000000,1984年,円
111,1,全世帯,003,第２階級,099,自転車,00000,全国,1984000000,1984年,円
168,1,全世帯,003,第２階級,099,自転車,00415,3大都市圏平均,1984000000,1984年,円
8122,1,全世帯,003,第２階級,100,自動車等維持,00000,全国,1984000000,1984年,円
7188,1,全世帯,003,第２階級,100,自動車等維持,00415,3大都市圏平均,1984000000,1984年,円
5072,1,全世帯,003,第２階級,101,通信,00000,全国,1984000000,1984年,円
5401,1,全世帯,003,第２階級,101,通信,00415,3大都市圏平均,1984000000,1984年,円
5158,1,全世帯,003,第２階級,102,教育,00000,全国,1984000000,1984年,円
6157,1,全世帯,003,第２階級,102,教育,00415,3大都市圏平均,1984000000,1984年,円
4483,1,全世帯,003,第２階級,103,授業料等,00000,全国,1984000000,1984年,円
5304,1,全世帯,003,第２階級,103,授業料等,00415,3大都市圏平均,1984000000,1984年,円
166,1,全世帯,003,第２階級,104,教科書・学習参考書,00000,全国,1984000000,1984年,円
141,1,全世帯,003,第２階級,104,教科書・学習参考書,00415,3大都市圏平均,1984000000,1984年,円
509,1,全世帯,003,第２階級,105,補習教育,00000,全国,1984000000,1984年,円
712,1,全世帯,003,第２階級,105,補習教育,00415,3大都市圏平均,1984000000,1984年,円
14560,1,全世帯,003,第２階級,106,教養娯楽,00000,全国,1984000000,1984年,円
16726,1,全世帯,003,第２階級,106,教養娯楽,00415,3大都市圏平均,1984000000,1984年,円
1546,1,全世帯,003,第２階級,107,教養娯楽用耐久財,00000,全国,1984000000,1984年,円
1603,1,全世帯,003,第２階級,107,教養娯楽用耐久財,00415,3大都市圏平均,1984000000,1984年,円
3095,1,全世帯,003,第２階級,108,教養娯楽用品,00000,全国,1984000000,1984年,円
3309,1,全世帯,003,第２階級,108,教養娯楽用品,00415,3大都市圏平均,1984000000,1984年,円
3016,1,全世帯,003,第２階級,109,書籍・他の印刷物,00000,全国,1984000000,1984年,円
3448,1,全世帯,003,第２階級,109,書籍・他の印刷物,00415,3大都市圏平均,1984000000,1984年,円
6903,1,全世帯,003,第２階級,110,教養娯楽サービス,00000,全国,1984000000,1984年,円
8366,1,全世帯,003,第２階級,110,教養娯楽サービス,00415,3大都市圏平均,1984000000,1984年,円
304,1,全世帯,003,第２階級,111,宿泊料,00000,全国,1984000000,1984年,円
345,1,全世帯,003,第２階級,111,宿泊料,00415,3大都市圏平均,1984000000,1984年,円
2283,1,全世帯,003,第２階級,112,パック旅行,00000,全国,1984000000,1984年,円
2289,1,全世帯,003,第２階級,112,パック旅行,00415,3大都市圏平均,1984000000,1984年,円
1730,1,全世帯,003,第２階級,113,月謝類,00000,全国,1984000000,1984年,円
2629,1,全世帯,003,第２階級,113,月謝類,00415,3大都市圏平均,1984000000,1984年,円
2585,1,全世帯,003,第２階級,114,他の教養娯楽サービス,00000,全国,1984000000,1984年,円
3102,1,全世帯,003,第２階級,114,他の教養娯楽サービス,00415,3大都市圏平均,1984000000,1984年,円
39235,1,全世帯,003,第２階級,115,その他の消費支出,00000,全国,1984000000,1984年,円
41204,1,全世帯,003,第２階級,115,その他の消費支出,00415,3大都市圏平均,1984000000,1984年,円
11584,1,全世帯,003,第２階級,116,諸雑費,00000,全国,1984000000,1984年,円
10369,1,全世帯,003,第２階級,116,諸雑費,00415,3大都市圏平均,1984000000,1984年,円
2165,1,全世帯,003,第２階級,117,理美容サービス,00000,全国,1984000000,1984年,円
2230,1,全世帯,003,第２階級,117,理美容サービス,00415,3大都市圏平均,1984000000,1984年,円
1816,1,全世帯,003,第２階級,118,理美容用品,00000,全国,1984000000,1984年,円
2021,1,全世帯,003,第２階級,118,理美容用品,00415,3大都市圏平均,1984000000,1984年,円
705,1,全世帯,003,第２階級,119,身の回り用品,00000,全国,1984000000,1984年,円
760,1,全世帯,003,第２階級,119,身の回り用品,00415,3大都市圏平均,1984000000,1984年,円
1998,1,全世帯,003,第２階級,120,たばこ,00000,全国,1984000000,1984年,円
1850,1,全世帯,003,第２階級,120,たばこ,00415,3大都市圏平均,1984000000,1984年,円
4901,1,全世帯,003,第２階級,121,（「諸雑費」のその他）,00000,全国,1984000000,1984年,円
3508,1,全世帯,003,第２階級,121,（「諸雑費」のその他）,00415,3大都市圏平均,1984000000,1984年,円
9718,1,全世帯,003,第２階級,122,こづかい（使途不明）,00000,全国,1984000000,1984年,円
14585,1,全世帯,003,第２階級,122,こづかい（使途不明）,00415,3大都市圏平均,1984000000,1984年,円
15881,1,全世帯,003,第２階級,123,交際費,00000,全国,1984000000,1984年,円
14746,1,全世帯,003,第２階級,123,交際費,00415,3大都市圏平均,1984000000,1984年,円
3514,1,全世帯,003,第２階級,124,（「交際費」の食料）,00000,全国,1984000000,1984年,円
3368,1,全世帯,003,第２階級,124,（「交際費」の食料）,00415,3大都市圏平均,1984000000,1984年,円
466,1,全世帯,003,第２階級,125,家具・家事用品（「交際費」の家具・家事用品）,00000,全国,1984000000,1984年,円
488,1,全世帯,003,第２階級,125,家具・家事用品（「交際費」の家具・家事用品）,00415,3大都市圏平均,1984000000,1984年,円
784,1,全世帯,003,第２階級,126,被服及び履物（「交際費」の被服及び履物）,00000,全国,1984000000,1984年,円
847,1,全世帯,003,第２階級,126,被服及び履物（「交際費」の被服及び履物）,00415,3大都市圏平均,1984000000,1984年,円
352,1,全世帯,003,第２階級,127,（「交際費」の教養娯楽）,00000,全国,1984000000,1984年,円
367,1,全世帯,003,第２階級,127,（「交際費」の教養娯楽）,00415,3大都市圏平均,1984000000,1984年,円
258,1,全世帯,003,第２階級,128,他の物品サービス,00000,全国,1984000000,1984年,円
235,1,全世帯,003,第２階級,128,他の物品サービス,00415,3大都市圏平均,1984000000,1984年,円
8923,1,全世帯,003,第２階級,129,贈与金,00000,全国,1984000000,1984年,円
7460,1,全世帯,003,第２階級,129,贈与金,00415,3大都市圏平均,1984000000,1984年,円
1586,1,全世帯,003,第２階級,130,他の交際費,00000,全国,1984000000,1984年,円
1982,1,全世帯,003,第２階級,130,他の交際費,00415,3大都市圏平均,1984000000,1984年,円
2052,1,全世帯,003,第２階級,131,（「その他の消費支出」の仕送り金）,00000,全国,1984000000,1984年,円
1504,1,全世帯,003,第２階級,131,（「その他の消費支出」の仕送り金）,00415,3大都市圏平均,1984000000,1984年,円
9174,1,全世帯,003,第２階級,132,（再掲）教育関係費,00000,全国,1984000000,1984年,円
9082,1,全世帯,003,第２階級,132,（再掲）教育関係費,00415,3大都市圏平均,1984000000,1984年,円
16821,1,全世帯,003,第２階級,133,（再掲）教養娯楽関係費,00000,全国,1984000000,1984年,円
19492,1,全世帯,003,第２階級,133,（再掲）教養娯楽関係費,00415,3大都市圏平均,1984000000,1984年,円
1622,1,全世帯,003,第２階級,134,（「教養娯楽関係費」の耐久財）,00000,全国,1984000000,1984年,円
1641,1,全世帯,003,第２階級,134,（「教養娯楽関係費」の耐久財）,00415,3大都市圏平均,1984000000,1984年,円
2987,1,全世帯,003,第２階級,135,読書,00000,全国,1984000000,1984年,円
3422,1,全世帯,003,第２階級,135,読書,00415,3大都市圏平均,1984000000,1984年,円
1135,1,全世帯,003,第２階級,136,聴視・観覧,00000,全国,1984000000,1984年,円
1308,1,全世帯,003,第２階級,136,聴視・観覧,00415,3大都市圏平均,1984000000,1984年,円
4705,1,全世帯,003,第２階級,137,旅行,00000,全国,1984000000,1984年,円
5239,1,全世帯,003,第２階級,137,旅行,00415,3大都市圏平均,1984000000,1984年,円
1168,1,全世帯,003,第２階級,138,スポーツ,00000,全国,1984000000,1984年,円
1304,1,全世帯,003,第２階級,138,スポーツ,00415,3大都市圏平均,1984000000,1984年,円
1507,1,全世帯,003,第２階級,139,（「教養娯楽関係費」の月謝）,00000,全国,1984000000,1984年,円
2361,1,全世帯,003,第２階級,139,（「教養娯楽関係費」の月謝）,00415,3大都市圏平均,1984000000,1984年,円
806,1,全世帯,003,第２階級,140,会費・つきあい費,00000,全国,1984000000,1984年,円
1066,1,全世帯,003,第２階級,140,会費・つきあい費,00415,3大都市圏平均,1984000000,1984年,円
2892,1,全世帯,003,第２階級,141,他の教養娯楽,00000,全国,1984000000,1984年,円
3150,1,全世帯,003,第２階級,141,他の教養娯楽,00415,3大都市圏平均,1984000000,1984年,円
15199,1,全世帯,003,第２階級,142,〔耐久財を除く教養娯楽関係費〕,00000,全国,1984000000,1984年,円
17850,1,全世帯,003,第２階級,142,〔耐久財を除く教養娯楽関係費〕,00415,3大都市圏平均,1984000000,1984年,円
168319,1,全世帯,003,第２階級,143,（（特掲）財・サービス区分の消費支出。「こづかい（使途不明）」，「贈与金」，「他の交際費」，「仕送り金」は含まれない。）,00000,全国,1984000000,1984年,円
184506,1,全世帯,003,第２階級,143,（（特掲）財・サービス区分の消費支出。「こづかい（使途不明）」，「贈与金」，「他の交際費」，「仕送り金」は含まれない。）,00415,3大都市圏平均,1984000000,1984年,円
110839,1,全世帯,003,第２階級,144,商品,00000,全国,1984000000,1984年,円
117312,1,全世帯,003,第２階級,144,商品,00415,3大都市圏平均,1984000000,1984年,円
8752,1,全世帯,003,第２階級,145,耐久財,00000,全国,1984000000,1984年,円
8484,1,全世帯,003,第２階級,145,耐久財,00415,3大都市圏平均,1984000000,1984年,円
17935,1,全世帯,003,第２階級,146,半耐久財,00000,全国,1984000000,1984年,円
19402,1,全世帯,003,第２階級,146,半耐久財,00415,3大都市圏平均,1984000000,1984年,円
84152,1,全世帯,003,第２階級,147,非耐久財,00000,全国,1984000000,1984年,円
89426,1,全世帯,003,第２階級,147,非耐久財,00415,3大都市圏平均,1984000000,1984年,円
57480,1,全世帯,003,第２階級,148,サービス,00000,全国,1984000000,1984年,円
67194,1,全世帯,003,第２階級,148,サービス,00415,3大都市圏平均,1984000000,1984年,円
63448,1,全世帯,003,第２階級,149,（財・サービス区分の食料）,00000,全国,1984000000,1984年,円
70984,1,全世帯,003,第２階級,149,（財・サービス区分の食料）,00415,3大都市圏平均,1984000000,1984年,円
55037,1,全世帯,003,第２階級,150,（財・サービス区分「食料」の非耐久財）,00000,全国,1984000000,1984年,円
59911,1,全世帯,003,第２階級,150,（財・サービス区分「食料」の非耐久財）,00415,3大都市圏平均,1984000000,1984年,円
8411,1,全世帯,003,第２階級,151,（財・サービス区分「食料」のサービス）,00000,全国,1984000000,1984年,円
11072,1,全世帯,003,第２階級,151,（財・サービス区分「食料」のサービス）,00415,3大都市圏平均,1984000000,1984年,円
13378,1,全世帯,003,第２階級,152,（財・サービス区分の住居）,00000,全国,1984000000,1984年,円
17546,1,全世帯,003,第２階級,152,（財・サービス区分の住居）,00415,3大都市圏平均,1984000000,1984年,円
378,1,全世帯,003,第２階級,153,（財・サービス区分「住居」の耐久財）,00000,全国,1984000000,1984年,円
414,1,全世帯,003,第２階級,153,（財・サービス区分「住居」の耐久財）,00415,3大都市圏平均,1984000000,1984年,円
316,1,全世帯,003,第２階級,154,（財・サービス区分「住居」の半耐久財）,00000,全国,1984000000,1984年,円
196,1,全世帯,003,第２階級,154,（財・サービス区分「住居」の半耐久財）,00415,3大都市圏平均,1984000000,1984年,円
12684,1,全世帯,003,第２階級,155,（財・サービス区分「住居」のサービス）,00000,全国,1984000000,1984年,円
16937,1,全世帯,003,第２階級,155,（財・サービス区分「住居」のサービス）,00415,3大都市圏平均,1984000000,1984年,円
13381,1,全世帯,003,第２階級,156,光熱・水道（非耐久財）（財・サービス区分の光熱・水道）,00000,全国,1984000000,1984年,円
14018,1,全世帯,003,第２階級,156,光熱・水道（非耐久財）（財・サービス区分の光熱・水道）,00415,3大都市圏平均,1984000000,1984年,円
8670,1,全世帯,003,第２階級,157,家具・家事用品（財・サービス区分の家具・家事用品）,00000,全国,1984000000,1984年,円
9537,1,全世帯,003,第２階級,157,家具・家事用品（財・サービス区分の家具・家事用品）,00415,3大都市圏平均,1984000000,1984年,円
3149,1,全世帯,003,第２階級,158,（財・サービス区分「家具・家事用品」の耐久財）,00000,全国,1984000000,1984年,円
3687,1,全世帯,003,第２階級,158,（財・サービス区分「家具・家事用品」の耐久財）,00415,3大都市圏平均,1984000000,1984年,円
3278,1,全世帯,003,第２階級,159,（財・サービス区分「家具・家事用品」の半耐久財）,00000,全国,1984000000,1984年,円
3608,1,全世帯,003,第２階級,159,（財・サービス区分「家具・家事用品」の半耐久財）,00415,3大都市圏平均,1984000000,1984年,円
1598,1,全世帯,003,第２階級,160,（財・サービス区分「家具・家事用品」の非耐久財）,00000,全国,1984000000,1984年,円
1722,1,全世帯,003,第２階級,160,（財・サービス区分「家具・家事用品」の非耐久財）,00415,3大都市圏平均,1984000000,1984年,円
645,1,全世帯,003,第２階級,161,（財・サービス区分「家具・家事用品」のサービス）,00000,全国,1984000000,1984年,円
521,1,全世帯,003,第２階級,161,（財・サービス区分「家具・家事用品」のサービス）,00415,3大都市圏平均,1984000000,1984年,円
11331,1,全世帯,003,第２階級,162,被服及び履物（財・サービス区分の被服及び履物）,00000,全国,1984000000,1984年,円
12639,1,全世帯,003,第２階級,162,被服及び履物（財・サービス区分の被服及び履物）,00415,3大都市圏平均,1984000000,1984年,円
10542,1,全世帯,003,第２階級,163,（財・サービス区分「被服及び履物」の半耐久財）,00000,全国,1984000000,1984年,円
11731,1,全世帯,003,第２階級,163,（財・サービス区分「被服及び履物」の半耐久財）,00415,3大都市圏平均,1984000000,1984年,円
789,1,全世帯,003,第２階級,164,（財・サービス区分「被服及び履物」のサービス）,00000,全国,1984000000,1984年,円
908,1,全世帯,003,第２階級,164,（財・サービス区分「被服及び履物」のサービス）,00415,3大都市圏平均,1984000000,1984年,円
5945,1,全世帯,003,第２階級,165,（財・サービス区分の保健医療）,00000,全国,1984000000,1984年,円
6344,1,全世帯,003,第２階級,165,（財・サービス区分の保健医療）,00415,3大都市圏平均,1984000000,1984年,円
292,1,全世帯,003,第２階級,166,（財・サービス区分「保健医療」の耐久財）,00000,全国,1984000000,1984年,円
430,1,全世帯,003,第２階級,166,（財・サービス区分「保健医療」の耐久財）,00415,3大都市圏平均,1984000000,1984年,円
190,1,全世帯,003,第２階級,167,（財・サービス区分「保健医療」の半耐久財）,00000,全国,1984000000,1984年,円
141,1,全世帯,003,第２階級,167,（財・サービス区分「保健医療」の半耐久財）,00415,3大都市圏平均,1984000000,1984年,円
1749,1,全世帯,003,第２階級,168,（財・サービス区分「保健医療」の非耐久財）,00000,全国,1984000000,1984年,円
2022,1,全世帯,003,第２階級,168,（財・サービス区分「保健医療」の非耐久財）,00415,3大都市圏平均,1984000000,1984年,円
3714,1,全世帯,003,第２階級,169,（財・サービス区分「保健医療」のサービス）,00000,全国,1984000000,1984年,円
3752,1,全世帯,003,第２階級,169,（財・サービス区分「保健医療」のサービス）,00415,3大都市圏平均,1984000000,1984年,円
20333,1,全世帯,003,第２階級,170,（財・サービス区分の交通通信）,00000,全国,1984000000,1984年,円
19646,1,全世帯,003,第２階級,170,（財・サービス区分の交通通信）,00415,3大都市圏平均,1984000000,1984年,円
3366,1,全世帯,003,第２階級,171,（財・サービス区分「交通通信」の耐久財）,00000,全国,1984000000,1984年,円
2338,1,全世帯,003,第２階級,171,（財・サービス区分「交通通信」の耐久財）,00415,3大都市圏平均,1984000000,1984年,円
288,1,全世帯,003,第２階級,172,（財・サービス区分「交通通信」の半耐久財）,00000,全国,1984000000,1984年,円
247,1,全世帯,003,第２階級,172,（財・サービス区分「交通通信」の半耐久財）,00415,3大都市圏平均,1984000000,1984年,円
4618,1,全世帯,003,第２階級,173,（財・サービス区分「交通通信」の非耐久財）,00000,全国,1984000000,1984年,円
3452,1,全世帯,003,第２階級,173,（財・サービス区分「交通通信」の非耐久財）,00415,3大都市圏平均,1984000000,1984年,円
12062,1,全世帯,003,第２階級,174,（財・サービス区分「交通通信」のサービス）,00000,全国,1984000000,1984年,円
13609,1,全世帯,003,第２階級,174,（財・サービス区分「交通通信」のサービス）,00415,3大都市圏平均,1984000000,1984年,円
5159,1,全世帯,003,第２階級,175,（財・サービス区分の教育）,00000,全国,1984000000,1984年,円
6157,1,全世帯,003,第２階級,175,（財・サービス区分の教育）,00415,3大都市圏平均,1984000000,1984年,円
166,1,全世帯,003,第２階級,176,（財・サービス区分「教育」の非耐久財）,00000,全国,1984000000,1984年,円
141,1,全世帯,003,第２階級,176,（財・サービス区分「教育」の非耐久財）,00415,3大都市圏平均,1984000000,1984年,円
4992,1,全世帯,003,第２階級,177,（財・サービス区分「教育」のサービス）,00000,全国,1984000000,1984年,円
6017,1,全世帯,003,第２階級,177,（財・サービス区分「教育」のサービス）,00415,3大都市圏平均,1984000000,1984年,円
14912,1,全世帯,003,第２階級,178,（財・サービス区分の教養娯楽）,00000,全国,1984000000,1984年,円
17093,1,全世帯,003,第２階級,178,（財・サービス区分の教養娯楽）,00415,3大都市圏平均,1984000000,1984年,円
1468,1,全世帯,003,第２階級,179,（財・サービス区分「教養娯楽」の耐久財）,00000,全国,1984000000,1984年,円
1496,1,全世帯,003,第２階級,179,（財・サービス区分「教養娯楽」の耐久財）,00415,3大都市圏平均,1984000000,1984年,円
2482,1,全世帯,003,第２階級,180,（財・サービス区分「教養娯楽」の半耐久財）,00000,全国,1984000000,1984年,円
2569,1,全世帯,003,第２階級,180,（財・サービス区分「教養娯楽」の半耐久財）,00415,3大都市圏平均,1984000000,1984年,円
3904,1,全世帯,003,第２階級,181,（財・サービス区分「教養娯楽」の非耐久財）,00000,全国,1984000000,1984年,円
4447,1,全世帯,003,第２階級,181,（財・サービス区分「教養娯楽」の非耐久財）,00415,3大都市圏平均,1984000000,1984年,円
7059,1,全世帯,003,第２階級,182,（財・サービス区分「教養娯楽」のサービス）,00000,全国,1984000000,1984年,円
8581,1,全世帯,003,第２階級,182,（財・サービス区分「教養娯楽」のサービス）,00415,3大都市圏平均,1984000000,1984年,円
11762,1,全世帯,003,第２階級,183,（財・サービス区分の諸雑費）,00000,全国,1984000000,1984年,円
10541,1,全世帯,003,第２階級,183,（財・サービス区分の諸雑費）,00415,3大都市圏平均,1984000000,1984年,円
100,1,全世帯,003,第２階級,184,（財・サービス区分「諸雑費」の耐久財）,00000,全国,1984000000,1984年,円
120,1,全世帯,003,第２階級,184,（財・サービス区分「諸雑費」の耐久財）,00415,3大都市圏平均,1984000000,1984年,円
839,1,全世帯,003,第２階級,185,（財・サービス区分「諸雑費」の半耐久財）,00000,全国,1984000000,1984年,円
910,1,全世帯,003,第２階級,185,（財・サービス区分「諸雑費」の半耐久財）,00415,3大都市圏平均,1984000000,1984年,円
3700,1,全世帯,003,第２階級,186,（財・サービス区分「諸雑費」の非耐久財）,00000,全国,1984000000,1984年,円
3714,1,全世帯,003,第２階級,186,（財・サービス区分「諸雑費」の非耐久財）,00415,3大都市圏平均,1984000000,1984年,円
7124,1,全世帯,003,第２階級,187,（財・サービス区分「諸雑費」のサービス）,00000,全国,1984000000,1984年,円
5797,1,全世帯,003,第２階級,187,（財・サービス区分「諸雑費」のサービス）,00415,3大都市圏平均,1984000000,1984年,円
59934,1,全世帯,003,第２階級,188,（（特掲）五大費目）,00000,全国,1984000000,1984年,円
67616,1,全世帯,003,第２階級,188,（（特掲）五大費目）,00415,3大都市圏平均,1984000000,1984年,円
21416,1,全世帯,003,第２階級,189,（（特掲）五大費目）,00000,全国,1984000000,1984年,円
26805,1,全世帯,003,第２階級,189,（（特掲）五大費目）,00415,3大都市圏平均,1984000000,1984年,円
11023,1,全世帯,003,第２階級,190,（（特掲）五大費目）,00000,全国,1984000000,1984年,円
11110,1,全世帯,003,第２階級,190,（（特掲）五大費目）,00415,3大都市圏平均,1984000000,1984年,円
12369,1,全世帯,003,第２階級,191,（（特掲）五大費目）,00000,全国,1984000000,1984年,円
13872,1,全世帯,003,第２階級,191,（（特掲）五大費目）,00415,3大都市圏平均,1984000000,1984年,円
85854,1,全世帯,003,第２階級,192,（（特掲）五大費目）,00000,全国,1984000000,1984年,円
90634,1,全世帯,003,第２階級,192,（（特掲）五大費目）,00415,3大都市圏平均,1984000000,1984年,円
12512,1,全世帯,003,第２階級,193,現物支出（総額）,00000,全国,1984000000,1984年,円
11339,1,全世帯,003,第２階級,193,現物支出（総額）,00415,3大都市圏平均,1984000000,1984年,円
2268,1,全世帯,003,第２階級,194,（現物支出の自家産物）,00000,全国,1984000000,1984年,円
652,1,全世帯,003,第２階級,194,（現物支出の自家産物）,00415,3大都市圏平均,1984000000,1984年,円
10244,1,全世帯,003,第２階級,195,（現物支出の自家産物以外）,00000,全国,1984000000,1984年,円
10687,1,全世帯,003,第２階級,195,（現物支出の自家産物以外）,00415,3大都市圏平均,1984000000,1984年,円
9663,1,全世帯,003,第２階級,196,（現物支出の食料）,00000,全国,1984000000,1984年,円
7800,1,全世帯,003,第２階級,196,（現物支出の食料）,00415,3大都市圏平均,1984000000,1984年,円
2154,1,全世帯,003,第２階級,197,（現物支出「食料」の自家産物）,00000,全国,1984000000,1984年,円
632,1,全世帯,003,第２階級,197,（現物支出「食料」の自家産物）,00415,3大都市圏平均,1984000000,1984年,円
7510,1,全世帯,003,第２階級,198,その他（受贈物等）（現物支出「食料」の自家産物以外）,00000,全国,1984000000,1984年,円
7169,1,全世帯,003,第２階級,198,その他（受贈物等）（現物支出「食料」の自家産物以外）,00415,3大都市圏平均,1984000000,1984年,円
25,1,全世帯,003,第２階級,199,（現物支出の住居）,00000,全国,1984000000,1984年,円
16,1,全世帯,003,第２階級,199,（現物支出の住居）,00415,3大都市圏平均,1984000000,1984年,円
44,1,全世帯,003,第２階級,200,（現物支出の光熱・水道）,00000,全国,1984000000,1984年,円
24,1,全世帯,003,第２階級,200,（現物支出の光熱・水道）,00415,3大都市圏平均,1984000000,1984年,円
889,1,全世帯,003,第２階級,201,（現物支出の家具・家事用品）,00000,全国,1984000000,1984年,円
1045,1,全世帯,003,第２階級,201,（現物支出の家具・家事用品）,00415,3大都市圏平均,1984000000,1984年,円
813,1,全世帯,003,第２階級,202,（現物支出の被服及び履物）,00000,全国,1984000000,1984年,円
990,1,全世帯,003,第２階級,202,（現物支出の被服及び履物）,00415,3大都市圏平均,1984000000,1984年,円
63,1,全世帯,003,第２階級,203,（現物支出の保健医療）,00000,全国,1984000000,1984年,円
61,1,全世帯,003,第２階級,203,（現物支出の保健医療）,00415,3大都市圏平均,1984000000,1984年,円
174,1,全世帯,003,第２階級,204,（現物支出の交通通信）,00000,全国,1984000000,1984年,円
363,1,全世帯,003,第２階級,204,（現物支出の交通通信）,00415,3大都市圏平均,1984000000,1984年,円
-,1,全世帯,003,第２階級,205,（現物支出の教育）,00000,全国,1984000000,1984年,円
-,1,全世帯,003,第２階級,205,（現物支出の教育）,00415,3大都市圏平均,1984000000,1984年,円
400,1,全世帯,003,第２階級,206,（現物支出の教養娯楽）,00000,全国,1984000000,1984年,円
566,1,全世帯,003,第２階級,206,（現物支出の教養娯楽）,00415,3大都市圏平均,1984000000,1984年,円
440,1,全世帯,003,第２階級,207,（現物支出のその他の消費支出）,00000,全国,1984000000,1984年,円
473,1,全世帯,003,第２階級,207,（現物支出のその他の消費支出）,00415,3大都市圏平均,1984000000,1984年,円
106,1,全世帯,003,第２階級,208,（現物支出の交際費（自家産物の贈与））,00000,全国,1984000000,1984年,円
15,1,全世帯,003,第２階級,208,（現物支出の交際費（自家産物の贈与））,00415,3大都市圏平均,1984000000,1984年,円
19643,1,全世帯,003,第２階級,209,〔持家の帰属家賃〕,00000,全国,1984000000,1984年,円
22576,1,全世帯,003,第２階級,209,〔持家の帰属家賃〕,00415,3大都市圏平均,1984000000,1984年,円
31.4,1,全世帯,003,第２階級,210,エンゲル係数（％）,00000,全国,1984000000,1984年,％
32.2,1,全世帯,003,第２階級,210,エンゲル係数（％）,00415,3大都市圏平均,1984000000,1984年,％
3792,1,全世帯,003,第２階級,211,貯蓄現在高（千円）,00000,全国,1984000000,1984年,千円
4147,1,全世帯,003,第２階級,211,貯蓄現在高（千円）,00415,3大都市圏平均,1984000000,1984年,千円
404,1,全世帯,003,第２階級,212,通貨性預貯金（千円）,00000,全国,1984000000,1984年,千円
386,1,全世帯,003,第２階級,212,通貨性預貯金（千円）,00415,3大都市圏平均,1984000000,1984年,千円
1958,1,全世帯,003,第２階級,213,定期性預貯金（千円）,00000,全国,1984000000,1984年,千円
2064,1,全世帯,003,第２階級,213,定期性預貯金（千円）,00415,3大都市圏平均,1984000000,1984年,千円
819,1,全世帯,003,第２階級,214,生命保険（千円）,00000,全国,1984000000,1984年,千円
826,1,全世帯,003,第２階級,214,生命保険（千円）,00415,3大都市圏平均,1984000000,1984年,千円
543,1,全世帯,003,第２階級,215,有価証券（千円）,00000,全国,1984000000,1984年,千円
766,1,全世帯,003,第２階級,215,有価証券（千円）,00415,3大都市圏平均,1984000000,1984年,千円
1104,1,全世帯,003,第２階級,216,負債現在高（千円）,00000,全国,1984000000,1984年,千円
1259,1,全世帯,003,第２階級,216,負債現在高（千円）,00415,3大都市圏平均,1984000000,1984年,千円
804,1,全世帯,003,第２階級,217,うち住宅・土地のため（千円）,00000,全国,1984000000,1984年,千円
1072,1,全世帯,003,第２階級,217,うち住宅・土地のため（千円）,00415,3大都市圏平均,1984000000,1984年,千円
45.5,1,全世帯,003,第２階級,218,負債保有率（％）,00000,全国,1984000000,1984年,％
41.6,1,全世帯,003,第２階級,218,負債保有率（％）,00415,3大都市圏平均,1984000000,1984年,％
17.9,1,全世帯,003,第２階級,219,うち住宅・土地のため（％）,00000,全国,1984000000,1984年,％
17.1,1,全世帯,003,第２階級,219,うち住宅・土地のため（％）,00415,3大都市圏平均,1984000000,1984年,％
5049,1,全世帯,004,第３階級,001,集計世帯数,00000,全国,1984000000,1984年,世帯
1848,1,全世帯,004,第３階級,001,集計世帯数,00415,3大都市圏平均,1984000000,1984年,世帯
81591,1,全世帯,004,第３階級,002,世帯数分布（抽出率調整）,00000,全国,1984000000,1984年,世帯
37409,1,全世帯,004,第３階級,002,世帯数分布（抽出率調整）,00415,3大都市圏平均,1984000000,1984年,世帯
1000,1,全世帯,004,第３階級,003,（１万分比）,00000,全国,1984000000,1984年,
1000,1,全世帯,004,第３階級,003,（１万分比）,00415,3大都市圏平均,1984000000,1984年,
3.65,1,全世帯,004,第３階級,004,世帯人員（人）,00000,全国,1984000000,1984年,人
3.62,1,全世帯,004,第３階級,004,世帯人員（人）,00415,3大都市圏平均,1984000000,1984年,人
1.49,1,全世帯,004,第３階級,005,有業人員（人）,00000,全国,1984000000,1984年,人
1.38,1,全世帯,004,第３階級,005,有業人員（人）,00415,3大都市圏平均,1984000000,1984年,人
43.1,1,全世帯,004,第３階級,006,世帯主の年齢（歳）,00000,全国,1984000000,1984年,歳
41.6,1,全世帯,004,第３階級,006,世帯主の年齢（歳）,00415,3大都市圏平均,1984000000,1984年,歳
61.7,1,全世帯,004,第３階級,007,持家率（％）,00000,全国,1984000000,1984年,％
54,1,全世帯,004,第３階級,007,持家率（％）,00415,3大都市圏平均,1984000000,1984年,％
4.7,1,全世帯,004,第３階級,008,居住室数（室）,00000,全国,1984000000,1984年,室
4.2,1,全世帯,004,第３階級,008,居住室数（室）,00415,3大都市圏平均,1984000000,1984年,室
38.7,1,全世帯,004,第３階級,009,家賃・地代を支払っている世帯割合（％）,00000,全国,1984000000,1984年,％
46.6,1,全世帯,004,第３階級,009,家賃・地代を支払っている世帯割合（％）,00415,3大都市圏平均,1984000000,1984年,％
3511,1,全世帯,004,第３階級,010,年間収入（千円）,00000,全国,1984000000,1984年,千円
3863,1,全世帯,004,第３階級,010,年間収入（千円）,00415,3大都市圏平均,1984000000,1984年,千円
210288,1,全世帯,004,第３階級,011,消費支出,00000,全国,1984000000,1984年,円
230935,1,全世帯,004,第３階級,011,消費支出,00415,3大都市圏平均,1984000000,1984年,円
65799,1,全世帯,004,第３階級,012,食料,00000,全国,1984000000,1984年,円
73992,1,全世帯,004,第３階級,012,食料,00415,3大都市圏平均,1984000000,1984年,円
8398,1,全世帯,004,第３階級,013,穀類,00000,全国,1984000000,1984年,円
9503,1,全世帯,004,第３階級,013,穀類,00415,3大都市圏平均,1984000000,1984年,円
5074,1,全世帯,004,第３階級,014,米類,00000,全国,1984000000,1984年,円
5612,1,全世帯,004,第３階級,014,米類,00415,3大都市圏平均,1984000000,1984年,円
1820,1,全世帯,004,第３階級,015,パン,00000,全国,1984000000,1984年,円
2237,1,全世帯,004,第３階級,015,パン,00415,3大都市圏平均,1984000000,1984年,円
1248,1,全世帯,004,第３階級,016,めん類,00000,全国,1984000000,1984年,円
1372,1,全世帯,004,第３階級,016,めん類,00415,3大都市圏平均,1984000000,1984年,円
256,1,全世帯,004,第３階級,017,穀粉・その他,00000,全国,1984000000,1984年,円
282,1,全世帯,004,第３階級,017,穀粉・その他,00415,3大都市圏平均,1984000000,1984年,円
9283,1,全世帯,004,第３階級,018,魚介類,00000,全国,1984000000,1984年,円
9505,1,全世帯,004,第３階級,018,魚介類,00415,3大都市圏平均,1984000000,1984年,円
6075,1,全世帯,004,第３階級,019,生鮮魚介,00000,全国,1984000000,1984年,円
6186,1,全世帯,004,第３階級,019,生鮮魚介,00415,3大都市圏平均,1984000000,1984年,円
1938,1,全世帯,004,第３階級,020,塩干魚介,00000,全国,1984000000,1984年,円
2024,1,全世帯,004,第３階級,020,塩干魚介,00415,3大都市圏平均,1984000000,1984年,円
824,1,全世帯,004,第３階級,021,魚肉練製品,00000,全国,1984000000,1984年,円
833,1,全世帯,004,第３階級,021,魚肉練製品,00415,3大都市圏平均,1984000000,1984年,円
446,1,全世帯,004,第３階級,022,他の魚介加工品,00000,全国,1984000000,1984年,円
462,1,全世帯,004,第３階級,022,他の魚介加工品,00415,3大都市圏平均,1984000000,1984年,円
7152,1,全世帯,004,第３階級,023,肉類,00000,全国,1984000000,1984年,円
8290,1,全世帯,004,第３階級,023,肉類,00415,3大都市圏平均,1984000000,1984年,円
6036,1,全世帯,004,第３階級,024,生鮮肉,00000,全国,1984000000,1984年,円
6891,1,全世帯,004,第３階級,024,生鮮肉,00415,3大都市圏平均,1984000000,1984年,円
1116,1,全世帯,004,第３階級,025,加工肉,00000,全国,1984000000,1984年,円
1399,1,全世帯,004,第３階級,025,加工肉,00415,3大都市圏平均,1984000000,1984年,円
3651,1,全世帯,004,第３階級,026,乳卵類,00000,全国,1984000000,1984年,円
3963,1,全世帯,004,第３階級,026,乳卵類,00415,3大都市圏平均,1984000000,1984年,円
1871,1,全世帯,004,第３階級,027,牛乳,00000,全国,1984000000,1984年,円
1969,1,全世帯,004,第３階級,027,牛乳,00415,3大都市圏平均,1984000000,1984年,円
597,1,全世帯,004,第３階級,028,乳製品,00000,全国,1984000000,1984年,円
754,1,全世帯,004,第３階級,028,乳製品,00415,3大都市圏平均,1984000000,1984年,円
1183,1,全世帯,004,第３階級,029,卵,00000,全国,1984000000,1984年,円
1240,1,全世帯,004,第３階級,029,卵,00415,3大都市圏平均,1984000000,1984年,円
7874,1,全世帯,004,第３階級,030,野菜・海草,00000,全国,1984000000,1984年,円
9035,1,全世帯,004,第３階級,030,野菜・海草,00415,3大都市圏平均,1984000000,1984年,円
5248,1,全世帯,004,第３階級,031,生鮮野菜,00000,全国,1984000000,1984年,円
6158,1,全世帯,004,第３階級,031,生鮮野菜,00415,3大都市圏平均,1984000000,1984年,円
628,1,全世帯,004,第３階級,032,乾物・海草,00000,全国,1984000000,1984年,円
694,1,全世帯,004,第３階級,032,乾物・海草,00415,3大都市圏平均,1984000000,1984年,円
947,1,全世帯,004,第３階級,033,大豆加工品,00000,全国,1984000000,1984年,円
994,1,全世帯,004,第３階級,033,大豆加工品,00415,3大都市圏平均,1984000000,1984年,円
1051,1,全世帯,004,第３階級,034,他の野菜・海草加工品,00000,全国,1984000000,1984年,円
1190,1,全世帯,004,第３階級,034,他の野菜・海草加工品,00415,3大都市圏平均,1984000000,1984年,円
3768,1,全世帯,004,第３階級,035,果物,00000,全国,1984000000,1984年,円
4082,1,全世帯,004,第３階級,035,果物,00415,3大都市圏平均,1984000000,1984年,円
3698,1,全世帯,004,第３階級,036,生鮮果物,00000,全国,1984000000,1984年,円
4013,1,全世帯,004,第３階級,036,生鮮果物,00415,3大都市圏平均,1984000000,1984年,円
70,1,全世帯,004,第３階級,037,果物加工品,00000,全国,1984000000,1984年,円
69,1,全世帯,004,第３階級,037,果物加工品,00415,3大都市圏平均,1984000000,1984年,円
2791,1,全世帯,004,第３階級,038,油脂・調味料,00000,全国,1984000000,1984年,円
2865,1,全世帯,004,第３階級,038,油脂・調味料,00415,3大都市圏平均,1984000000,1984年,円
449,1,全世帯,004,第３階級,039,油脂,00000,全国,1984000000,1984年,円
465,1,全世帯,004,第３階級,039,油脂,00415,3大都市圏平均,1984000000,1984年,円
2341,1,全世帯,004,第３階級,040,調味料,00000,全国,1984000000,1984年,円
2400,1,全世帯,004,第３階級,040,調味料,00415,3大都市圏平均,1984000000,1984年,円
4895,1,全世帯,004,第３階級,041,菓子類,00000,全国,1984000000,1984年,円
5257,1,全世帯,004,第３階級,041,菓子類,00415,3大都市圏平均,1984000000,1984年,円
3229,1,全世帯,004,第３階級,042,調理食品,00000,全国,1984000000,1984年,円
3794,1,全世帯,004,第３階級,042,調理食品,00415,3大都市圏平均,1984000000,1984年,円
770,1,全世帯,004,第３階級,043,主食的調理食品,00000,全国,1984000000,1984年,円
997,1,全世帯,004,第３階級,043,主食的調理食品,00415,3大都市圏平均,1984000000,1984年,円
2459,1,全世帯,004,第３階級,044,他の調理食品,00000,全国,1984000000,1984年,円
2796,1,全世帯,004,第３階級,044,他の調理食品,00415,3大都市圏平均,1984000000,1984年,円
2279,1,全世帯,004,第３階級,045,飲料,00000,全国,1984000000,1984年,円
2468,1,全世帯,004,第３階級,045,飲料,00415,3大都市圏平均,1984000000,1984年,円
366,1,全世帯,004,第３階級,046,茶類,00000,全国,1984000000,1984年,円
440,1,全世帯,004,第３階級,046,茶類,00415,3大都市圏平均,1984000000,1984年,円
457,1,全世帯,004,第３階級,047,コーヒー・ココア,00000,全国,1984000000,1984年,円
535,1,全世帯,004,第３階級,047,コーヒー・ココア,00415,3大都市圏平均,1984000000,1984年,円
1455,1,全世帯,004,第３階級,048,他の飲料,00000,全国,1984000000,1984年,円
1493,1,全世帯,004,第３階級,048,他の飲料,00415,3大都市圏平均,1984000000,1984年,円
3240,1,全世帯,004,第３階級,049,酒類,00000,全国,1984000000,1984年,円
3615,1,全世帯,004,第３階級,049,酒類,00415,3大都市圏平均,1984000000,1984年,円
9239,1,全世帯,004,第３階級,050,外食,00000,全国,1984000000,1984年,円
11615,1,全世帯,004,第３階級,050,外食,00415,3大都市圏平均,1984000000,1984年,円
7620,1,全世帯,004,第３階級,051,一般外食,00000,全国,1984000000,1984年,円
9929,1,全世帯,004,第３階級,051,一般外食,00415,3大都市圏平均,1984000000,1984年,円
1619,1,全世帯,004,第３階級,052,学校給食,00000,全国,1984000000,1984年,円
1686,1,全世帯,004,第３階級,052,学校給食,00415,3大都市圏平均,1984000000,1984年,円
13206,1,全世帯,004,第３階級,053,住居,00000,全国,1984000000,1984年,円
16667,1,全世帯,004,第３階級,053,住居,00415,3大都市圏平均,1984000000,1984年,円
9542,1,全世帯,004,第３階級,054,家賃・地代,00000,全国,1984000000,1984年,円
13523,1,全世帯,004,第３階級,054,家賃・地代,00415,3大都市圏平均,1984000000,1984年,円
3664,1,全世帯,004,第３階級,055,設備修繕・維持,00000,全国,1984000000,1984年,円
3144,1,全世帯,004,第３階級,055,設備修繕・維持,00415,3大都市圏平均,1984000000,1984年,円
813,1,全世帯,004,第３階級,056,設備材料,00000,全国,1984000000,1984年,円
965,1,全世帯,004,第３階級,056,設備材料,00415,3大都市圏平均,1984000000,1984年,円
2851,1,全世帯,004,第３階級,057,工事その他のサービス,00000,全国,1984000000,1984年,円
2179,1,全世帯,004,第３階級,057,工事その他のサービス,00415,3大都市圏平均,1984000000,1984年,円
14023,1,全世帯,004,第３階級,058,光熱・水道,00000,全国,1984000000,1984年,円
14673,1,全世帯,004,第３階級,058,光熱・水道,00415,3大都市圏平均,1984000000,1984年,円
6235,1,全世帯,004,第３階級,059,電気代,00000,全国,1984000000,1984年,円
6342,1,全世帯,004,第３階級,059,電気代,00415,3大都市圏平均,1984000000,1984年,円
4146,1,全世帯,004,第３階級,060,ガス代,00000,全国,1984000000,1984年,円
4652,1,全世帯,004,第３階級,060,ガス代,00415,3大都市圏平均,1984000000,1984年,円
1160,1,全世帯,004,第３階級,061,他の光熱,00000,全国,1984000000,1984年,円
543,1,全世帯,004,第３階級,061,他の光熱,00415,3大都市圏平均,1984000000,1984年,円
2481,1,全世帯,004,第３階級,062,水道料,00000,全国,1984000000,1984年,円
3136,1,全世帯,004,第３階級,062,水道料,00415,3大都市圏平均,1984000000,1984年,円
9091,1,全世帯,004,第３階級,063,家具・家事用品,00000,全国,1984000000,1984年,円
9114,1,全世帯,004,第３階級,063,家具・家事用品,00415,3大都市圏平均,1984000000,1984年,円
3058,1,全世帯,004,第３階級,064,家庭用耐久財,00000,全国,1984000000,1984年,円
3024,1,全世帯,004,第３階級,064,家庭用耐久財,00415,3大都市圏平均,1984000000,1984年,円
1466,1,全世帯,004,第３階級,065,家事用耐久財,00000,全国,1984000000,1984年,円
1271,1,全世帯,004,第３階級,065,家事用耐久財,00415,3大都市圏平均,1984000000,1984年,円
905,1,全世帯,004,第３階級,066,冷暖房用器具,00000,全国,1984000000,1984年,円
1000,1,全世帯,004,第３階級,066,冷暖房用器具,00415,3大都市圏平均,1984000000,1984年,円
687,1,全世帯,004,第３階級,067,一般家具,00000,全国,1984000000,1984年,円
753,1,全世帯,004,第３階級,067,一般家具,00415,3大都市圏平均,1984000000,1984年,円
694,1,全世帯,004,第３階級,068,室内装備品,00000,全国,1984000000,1984年,円
638,1,全世帯,004,第３階級,068,室内装備品,00415,3大都市圏平均,1984000000,1984年,円
1189,1,全世帯,004,第３階級,069,寝具類,00000,全国,1984000000,1984年,円
1119,1,全世帯,004,第３階級,069,寝具類,00415,3大都市圏平均,1984000000,1984年,円
1775,1,全世帯,004,第３階級,070,家事雑貨,00000,全国,1984000000,1984年,円
1913,1,全世帯,004,第３階級,070,家事雑貨,00415,3大都市圏平均,1984000000,1984年,円
1669,1,全世帯,004,第３階級,071,家事用消耗品,00000,全国,1984000000,1984年,円
1836,1,全世帯,004,第３階級,071,家事用消耗品,00415,3大都市圏平均,1984000000,1984年,円
706,1,全世帯,004,第３階級,072,家事サービス,00000,全国,1984000000,1984年,円
584,1,全世帯,004,第３階級,072,家事サービス,00415,3大都市圏平均,1984000000,1984年,円
12298,1,全世帯,004,第３階級,073,被服及び履物,00000,全国,1984000000,1984年,円
13378,1,全世帯,004,第３階級,073,被服及び履物,00415,3大都市圏平均,1984000000,1984年,円
792,1,全世帯,004,第３階級,074,和服,00000,全国,1984000000,1984年,円
451,1,全世帯,004,第３階級,074,和服,00415,3大都市圏平均,1984000000,1984年,円
4345,1,全世帯,004,第３階級,075,洋服,00000,全国,1984000000,1984年,円
4850,1,全世帯,004,第３階級,075,洋服,00415,3大都市圏平均,1984000000,1984年,円
1449,1,全世帯,004,第３階級,076,男子洋服,00000,全国,1984000000,1984年,円
1730,1,全世帯,004,第３階級,076,男子洋服,00415,3大都市圏平均,1984000000,1984年,円
1944,1,全世帯,004,第３階級,077,婦人洋服,00000,全国,1984000000,1984年,円
2061,1,全世帯,004,第３階級,077,婦人洋服,00415,3大都市圏平均,1984000000,1984年,円
951,1,全世帯,004,第３階級,078,子供洋服,00000,全国,1984000000,1984年,円
1059,1,全世帯,004,第３階級,078,子供洋服,00415,3大都市圏平均,1984000000,1984年,円
1938,1,全世帯,004,第３階級,079,シャツ・セーター類,00000,全国,1984000000,1984年,円
2155,1,全世帯,004,第３階級,079,シャツ・セーター類,00415,3大都市圏平均,1984000000,1984年,円
743,1,全世帯,004,第３階級,080,男子シャツ・セーター類,00000,全国,1984000000,1984年,円
800,1,全世帯,004,第３階級,080,男子シャツ・セーター類,00415,3大都市圏平均,1984000000,1984年,円
887,1,全世帯,004,第３階級,081,婦人シャツ・セーター類,00000,全国,1984000000,1984年,円
976,1,全世帯,004,第３階級,081,婦人シャツ・セーター類,00415,3大都市圏平均,1984000000,1984年,円
308,1,全世帯,004,第３階級,082,子供シャツ・セーター類,00000,全国,1984000000,1984年,円
379,1,全世帯,004,第３階級,082,子供シャツ・セーター類,00415,3大都市圏平均,1984000000,1984年,円
1264,1,全世帯,004,第３階級,083,下着類,00000,全国,1984000000,1984年,円
1312,1,全世帯,004,第３階級,083,下着類,00415,3大都市圏平均,1984000000,1984年,円
485,1,全世帯,004,第３階級,084,男子下着類,00000,全国,1984000000,1984年,円
467,1,全世帯,004,第３階級,084,男子下着類,00415,3大都市圏平均,1984000000,1984年,円
466,1,全世帯,004,第３階級,085,婦人下着類,00000,全国,1984000000,1984年,円
495,1,全世帯,004,第３階級,085,婦人下着類,00415,3大都市圏平均,1984000000,1984年,円
314,1,全世帯,004,第３階級,086,子供下着類,00000,全国,1984000000,1984年,円
349,1,全世帯,004,第３階級,086,子供下着類,00415,3大都市圏平均,1984000000,1984年,円
623,1,全世帯,004,第３階級,087,生地・糸類,00000,全国,1984000000,1984年,円
836,1,全世帯,004,第３階級,087,生地・糸類,00415,3大都市圏平均,1984000000,1984年,円
940,1,全世帯,004,第３階級,088,他の被服,00000,全国,1984000000,1984年,円
1038,1,全世帯,004,第３階級,088,他の被服,00415,3大都市圏平均,1984000000,1984年,円
1478,1,全世帯,004,第３階級,089,履物類,00000,全国,1984000000,1984年,円
1609,1,全世帯,004,第３階級,089,履物類,00415,3大都市圏平均,1984000000,1984年,円
919,1,全世帯,004,第３階級,090,被服関連サービス,00000,全国,1984000000,1984年,円
1127,1,全世帯,004,第３階級,090,被服関連サービス,00415,3大都市圏平均,1984000000,1984年,円
6223,1,全世帯,004,第３階級,091,保健医療,00000,全国,1984000000,1984年,円
6665,1,全世帯,004,第３階級,091,保健医療,00415,3大都市圏平均,1984000000,1984年,円
1259,1,全世帯,004,第３階級,092,医薬品,00000,全国,1984000000,1984年,円
1189,1,全世帯,004,第３階級,092,医薬品,00415,3大都市圏平均,1984000000,1984年,円
1154,1,全世帯,004,第３階級,093,保健医療用品・器具,00000,全国,1984000000,1984年,円
1148,1,全世帯,004,第３階級,093,保健医療用品・器具,00415,3大都市圏平均,1984000000,1984年,円
3810,1,全世帯,004,第３階級,094,保健医療サービス,00000,全国,1984000000,1984年,円
4329,1,全世帯,004,第３階級,094,保健医療サービス,00415,3大都市圏平均,1984000000,1984年,円
21074,1,全世帯,004,第３階級,095,交通通信,00000,全国,1984000000,1984年,円
22399,1,全世帯,004,第３階級,095,交通通信,00415,3大都市圏平均,1984000000,1984年,円
3896,1,全世帯,004,第３階級,096,交通,00000,全国,1984000000,1984年,円
4976,1,全世帯,004,第３階級,096,交通,00415,3大都市圏平均,1984000000,1984年,円
11953,1,全世帯,004,第３階級,097,自動車等関係費,00000,全国,1984000000,1984年,円
11737,1,全世帯,004,第３階級,097,自動車等関係費,00415,3大都市圏平均,1984000000,1984年,円
2220,1,全世帯,004,第３階級,098,自動車,00000,全国,1984000000,1984年,円
3074,1,全世帯,004,第３階級,098,自動車,00415,3大都市圏平均,1984000000,1984年,円
184,1,全世帯,004,第３階級,099,自転車,00000,全国,1984000000,1984年,円
188,1,全世帯,004,第３階級,099,自転車,00415,3大都市圏平均,1984000000,1984年,円
9549,1,全世帯,004,第３階級,100,自動車等維持,00000,全国,1984000000,1984年,円
8475,1,全世帯,004,第３階級,100,自動車等維持,00415,3大都市圏平均,1984000000,1984年,円
5225,1,全世帯,004,第３階級,101,通信,00000,全国,1984000000,1984年,円
5687,1,全世帯,004,第３階級,101,通信,00415,3大都市圏平均,1984000000,1984年,円
6913,1,全世帯,004,第３階級,102,教育,00000,全国,1984000000,1984年,円
8955,1,全世帯,004,第３階級,102,教育,00415,3大都市圏平均,1984000000,1984年,円
5818,1,全世帯,004,第３階級,103,授業料等,00000,全国,1984000000,1984年,円
7084,1,全世帯,004,第３階級,103,授業料等,00415,3大都市圏平均,1984000000,1984年,円
235,1,全世帯,004,第３階級,104,教科書・学習参考書,00000,全国,1984000000,1984年,円
296,1,全世帯,004,第３階級,104,教科書・学習参考書,00415,3大都市圏平均,1984000000,1984年,円
861,1,全世帯,004,第３階級,105,補習教育,00000,全国,1984000000,1984年,円
1574,1,全世帯,004,第３階級,105,補習教育,00415,3大都市圏平均,1984000000,1984年,円
16780,1,全世帯,004,第３階級,106,教養娯楽,00000,全国,1984000000,1984年,円
18200,1,全世帯,004,第３階級,106,教養娯楽,00415,3大都市圏平均,1984000000,1984年,円
1680,1,全世帯,004,第３階級,107,教養娯楽用耐久財,00000,全国,1984000000,1984年,円
1327,1,全世帯,004,第３階級,107,教養娯楽用耐久財,00415,3大都市圏平均,1984000000,1984年,円
3618,1,全世帯,004,第３階級,108,教養娯楽用品,00000,全国,1984000000,1984年,円
4195,1,全世帯,004,第３階級,108,教養娯楽用品,00415,3大都市圏平均,1984000000,1984年,円
3337,1,全世帯,004,第３階級,109,書籍・他の印刷物,00000,全国,1984000000,1984年,円
3593,1,全世帯,004,第３階級,109,書籍・他の印刷物,00415,3大都市圏平均,1984000000,1984年,円
8146,1,全世帯,004,第３階級,110,教養娯楽サービス,00000,全国,1984000000,1984年,円
9085,1,全世帯,004,第３階級,110,教養娯楽サービス,00415,3大都市圏平均,1984000000,1984年,円
271,1,全世帯,004,第３階級,111,宿泊料,00000,全国,1984000000,1984年,円
360,1,全世帯,004,第３階級,111,宿泊料,00415,3大都市圏平均,1984000000,1984年,円
2292,1,全世帯,004,第３階級,112,パック旅行,00000,全国,1984000000,1984年,円
1958,1,全世帯,004,第３階級,112,パック旅行,00415,3大都市圏平均,1984000000,1984年,円
2556,1,全世帯,004,第３階級,113,月謝類,00000,全国,1984000000,1984年,円
3425,1,全世帯,004,第３階級,113,月謝類,00415,3大都市圏平均,1984000000,1984年,円
3027,1,全世帯,004,第３階級,114,他の教養娯楽サービス,00000,全国,1984000000,1984年,円
3342,1,全世帯,004,第３階級,114,他の教養娯楽サービス,00415,3大都市圏平均,1984000000,1984年,円
44881,1,全世帯,004,第３階級,115,その他の消費支出,00000,全国,1984000000,1984年,円
46891,1,全世帯,004,第３階級,115,その他の消費支出,00415,3大都市圏平均,1984000000,1984年,円
11579,1,全世帯,004,第３階級,116,諸雑費,00000,全国,1984000000,1984年,円
11644,1,全世帯,004,第３階級,116,諸雑費,00415,3大都市圏平均,1984000000,1984年,円
2142,1,全世帯,004,第３階級,117,理美容サービス,00000,全国,1984000000,1984年,円
2309,1,全世帯,004,第３階級,117,理美容サービス,00415,3大都市圏平均,1984000000,1984年,円
2121,1,全世帯,004,第３階級,118,理美容用品,00000,全国,1984000000,1984年,円
2223,1,全世帯,004,第３階級,118,理美容用品,00415,3大都市圏平均,1984000000,1984年,円
819,1,全世帯,004,第３階級,119,身の回り用品,00000,全国,1984000000,1984年,円
916,1,全世帯,004,第３階級,119,身の回り用品,00415,3大都市圏平均,1984000000,1984年,円
1899,1,全世帯,004,第３階級,120,たばこ,00000,全国,1984000000,1984年,円
1812,1,全世帯,004,第３階級,120,たばこ,00415,3大都市圏平均,1984000000,1984年,円
4597,1,全世帯,004,第３階級,121,（「諸雑費」のその他）,00000,全国,1984000000,1984年,円
4383,1,全世帯,004,第３階級,121,（「諸雑費」のその他）,00415,3大都市圏平均,1984000000,1984年,円
13571,1,全世帯,004,第３階級,122,こづかい（使途不明）,00000,全国,1984000000,1984年,円
17878,1,全世帯,004,第３階級,122,こづかい（使途不明）,00415,3大都市圏平均,1984000000,1984年,円
17204,1,全世帯,004,第３階級,123,交際費,00000,全国,1984000000,1984年,円
15904,1,全世帯,004,第３階級,123,交際費,00415,3大都市圏平均,1984000000,1984年,円
3796,1,全世帯,004,第３階級,124,（「交際費」の食料）,00000,全国,1984000000,1984年,円
3593,1,全世帯,004,第３階級,124,（「交際費」の食料）,00415,3大都市圏平均,1984000000,1984年,円
487,1,全世帯,004,第３階級,125,家具・家事用品（「交際費」の家具・家事用品）,00000,全国,1984000000,1984年,円
449,1,全世帯,004,第３階級,125,家具・家事用品（「交際費」の家具・家事用品）,00415,3大都市圏平均,1984000000,1984年,円
784,1,全世帯,004,第３階級,126,被服及び履物（「交際費」の被服及び履物）,00000,全国,1984000000,1984年,円
774,1,全世帯,004,第３階級,126,被服及び履物（「交際費」の被服及び履物）,00415,3大都市圏平均,1984000000,1984年,円
366,1,全世帯,004,第３階級,127,（「交際費」の教養娯楽）,00000,全国,1984000000,1984年,円
385,1,全世帯,004,第３階級,127,（「交際費」の教養娯楽）,00415,3大都市圏平均,1984000000,1984年,円
263,1,全世帯,004,第３階級,128,他の物品サービス,00000,全国,1984000000,1984年,円
255,1,全世帯,004,第３階級,128,他の物品サービス,00415,3大都市圏平均,1984000000,1984年,円
9223,1,全世帯,004,第３階級,129,贈与金,00000,全国,1984000000,1984年,円
7744,1,全世帯,004,第３階級,129,贈与金,00415,3大都市圏平均,1984000000,1984年,円
2284,1,全世帯,004,第３階級,130,他の交際費,00000,全国,1984000000,1984年,円
2703,1,全世帯,004,第３階級,130,他の交際費,00415,3大都市圏平均,1984000000,1984年,円
2527,1,全世帯,004,第３階級,131,（「その他の消費支出」の仕送り金）,00000,全国,1984000000,1984年,円
1465,1,全世帯,004,第３階級,131,（「その他の消費支出」の仕送り金）,00415,3大都市圏平均,1984000000,1984年,円
11478,1,全世帯,004,第３階級,132,（再掲）教育関係費,00000,全国,1984000000,1984年,円
12786,1,全世帯,004,第３階級,132,（再掲）教育関係費,00415,3大都市圏平均,1984000000,1984年,円
19051,1,全世帯,004,第３階級,133,（再掲）教養娯楽関係費,00000,全国,1984000000,1984年,円
20820,1,全世帯,004,第３階級,133,（再掲）教養娯楽関係費,00415,3大都市圏平均,1984000000,1984年,円
1725,1,全世帯,004,第３階級,134,（「教養娯楽関係費」の耐久財）,00000,全国,1984000000,1984年,円
1276,1,全世帯,004,第３階級,134,（「教養娯楽関係費」の耐久財）,00415,3大都市圏平均,1984000000,1984年,円
3274,1,全世帯,004,第３階級,135,読書,00000,全国,1984000000,1984年,円
3590,1,全世帯,004,第３階級,135,読書,00415,3大都市圏平均,1984000000,1984年,円
1241,1,全世帯,004,第３階級,136,聴視・観覧,00000,全国,1984000000,1984年,円
1321,1,全世帯,004,第３階級,136,聴視・観覧,00415,3大都市圏平均,1984000000,1984年,円
4670,1,全世帯,004,第３階級,137,旅行,00000,全国,1984000000,1984年,円
4903,1,全世帯,004,第３階級,137,旅行,00415,3大都市圏平均,1984000000,1984年,円
1482,1,全世帯,004,第３階級,138,スポーツ,00000,全国,1984000000,1984年,円
1500,1,全世帯,004,第３階級,138,スポーツ,00415,3大都市圏平均,1984000000,1984年,円
2232,1,全世帯,004,第３階級,139,（「教養娯楽関係費」の月謝）,00000,全国,1984000000,1984年,円
2985,1,全世帯,004,第３階級,139,（「教養娯楽関係費」の月謝）,00415,3大都市圏平均,1984000000,1984年,円
1123,1,全世帯,004,第３階級,140,会費・つきあい費,00000,全国,1984000000,1984年,円
1246,1,全世帯,004,第３階級,140,会費・つきあい費,00415,3大都市圏平均,1984000000,1984年,円
3303,1,全世帯,004,第３階級,141,他の教養娯楽,00000,全国,1984000000,1984年,円
3999,1,全世帯,004,第３階級,141,他の教養娯楽,00415,3大都市圏平均,1984000000,1984年,円
17326,1,全世帯,004,第３階級,142,〔耐久財を除く教養娯楽関係費〕,00000,全国,1984000000,1984年,円
19544,1,全世帯,004,第３階級,142,〔耐久財を除く教養娯楽関係費〕,00415,3大都市圏平均,1984000000,1984年,円
182682,1,全世帯,004,第３階級,143,（（特掲）財・サービス区分の消費支出。「こづかい（使途不明）」，「贈与金」，「他の交際費」，「仕送り金」は含まれない。）,00000,全国,1984000000,1984年,円
201144,1,全世帯,004,第３階級,143,（（特掲）財・サービス区分の消費支出。「こづかい（使途不明）」，「贈与金」，「他の交際費」，「仕送り金」は含まれない。）,00415,3大都市圏平均,1984000000,1984年,円
119579,1,全世帯,004,第３階級,144,商品,00000,全国,1984000000,1984年,円
127187,1,全世帯,004,第３階級,144,商品,00415,3大都市圏平均,1984000000,1984年,円
8799,1,全世帯,004,第３階級,145,耐久財,00000,全国,1984000000,1984年,円
9289,1,全世帯,004,第３階級,145,耐久財,00415,3大都市圏平均,1984000000,1984年,円
20512,1,全世帯,004,第３階級,146,半耐久財,00000,全国,1984000000,1984年,円
21716,1,全世帯,004,第３階級,146,半耐久財,00415,3大都市圏平均,1984000000,1984年,円
90268,1,全世帯,004,第３階級,147,非耐久財,00000,全国,1984000000,1984年,円
96182,1,全世帯,004,第３階級,147,非耐久財,00415,3大都市圏平均,1984000000,1984年,円
63103,1,全世帯,004,第３階級,148,サービス,00000,全国,1984000000,1984年,円
73957,1,全世帯,004,第３階級,148,サービス,00415,3大都市圏平均,1984000000,1984年,円
69594,1,全世帯,004,第３階級,149,（財・サービス区分の食料）,00000,全国,1984000000,1984年,円
77585,1,全世帯,004,第３階級,149,（財・サービス区分の食料）,00415,3大都市圏平均,1984000000,1984年,円
59332,1,全世帯,004,第３階級,150,（財・サービス区分「食料」の非耐久財）,00000,全国,1984000000,1984年,円
64907,1,全世帯,004,第３階級,150,（財・サービス区分「食料」の非耐久財）,00415,3大都市圏平均,1984000000,1984年,円
10262,1,全世帯,004,第３階級,151,（財・サービス区分「食料」のサービス）,00000,全国,1984000000,1984年,円
12679,1,全世帯,004,第３階級,151,（財・サービス区分「食料」のサービス）,00415,3大都市圏平均,1984000000,1984年,円
13211,1,全世帯,004,第３階級,152,（財・サービス区分の住居）,00000,全国,1984000000,1984年,円
16668,1,全世帯,004,第３階級,152,（財・サービス区分の住居）,00415,3大都市圏平均,1984000000,1984年,円
472,1,全世帯,004,第３階級,153,（財・サービス区分「住居」の耐久財）,00000,全国,1984000000,1984年,円
731,1,全世帯,004,第３階級,153,（財・サービス区分「住居」の耐久財）,00415,3大都市圏平均,1984000000,1984年,円
345,1,全世帯,004,第３階級,154,（財・サービス区分「住居」の半耐久財）,00000,全国,1984000000,1984年,円
234,1,全世帯,004,第３階級,154,（財・サービス区分「住居」の半耐久財）,00415,3大都市圏平均,1984000000,1984年,円
12394,1,全世帯,004,第３階級,155,（財・サービス区分「住居」のサービス）,00000,全国,1984000000,1984年,円
15702,1,全世帯,004,第３階級,155,（財・サービス区分「住居」のサービス）,00415,3大都市圏平均,1984000000,1984年,円
14024,1,全世帯,004,第３階級,156,光熱・水道（非耐久財）（財・サービス区分の光熱・水道）,00000,全国,1984000000,1984年,円
14673,1,全世帯,004,第３階級,156,光熱・水道（非耐久財）（財・サービス区分の光熱・水道）,00415,3大都市圏平均,1984000000,1984年,円
9578,1,全世帯,004,第３階級,157,家具・家事用品（財・サービス区分の家具・家事用品）,00000,全国,1984000000,1984年,円
9563,1,全世帯,004,第３階級,157,家具・家事用品（財・サービス区分の家具・家事用品）,00415,3大都市圏平均,1984000000,1984年,円
3805,1,全世帯,004,第３階級,158,（財・サービス区分「家具・家事用品」の耐久財）,00000,全国,1984000000,1984年,円
3670,1,全世帯,004,第３階級,158,（財・サービス区分「家具・家事用品」の耐久財）,00415,3大都市圏平均,1984000000,1984年,円
3385,1,全世帯,004,第３階級,159,（財・サービス区分「家具・家事用品」の半耐久財）,00000,全国,1984000000,1984年,円
3461,1,全世帯,004,第３階級,159,（財・サービス区分「家具・家事用品」の半耐久財）,00415,3大都市圏平均,1984000000,1984年,円
1682,1,全世帯,004,第３階級,160,（財・サービス区分「家具・家事用品」の非耐久財）,00000,全国,1984000000,1984年,円
1848,1,全世帯,004,第３階級,160,（財・サービス区分「家具・家事用品」の非耐久財）,00415,3大都市圏平均,1984000000,1984年,円
706,1,全世帯,004,第３階級,161,（財・サービス区分「家具・家事用品」のサービス）,00000,全国,1984000000,1984年,円
585,1,全世帯,004,第３階級,161,（財・サービス区分「家具・家事用品」のサービス）,00415,3大都市圏平均,1984000000,1984年,円
13082,1,全世帯,004,第３階級,162,被服及び履物（財・サービス区分の被服及び履物）,00000,全国,1984000000,1984年,円
14152,1,全世帯,004,第３階級,162,被服及び履物（財・サービス区分の被服及び履物）,00415,3大都市圏平均,1984000000,1984年,円
12156,1,全世帯,004,第３階級,163,（財・サービス区分「被服及び履物」の半耐久財）,00000,全国,1984000000,1984年,円
13025,1,全世帯,004,第３階級,163,（財・サービス区分「被服及び履物」の半耐久財）,00415,3大都市圏平均,1984000000,1984年,円
926,1,全世帯,004,第３階級,164,（財・サービス区分「被服及び履物」のサービス）,00000,全国,1984000000,1984年,円
1127,1,全世帯,004,第３階級,164,（財・サービス区分「被服及び履物」のサービス）,00415,3大都市圏平均,1984000000,1984年,円
6251,1,全世帯,004,第３階級,165,（財・サービス区分の保健医療）,00000,全国,1984000000,1984年,円
6720,1,全世帯,004,第３階級,165,（財・サービス区分の保健医療）,00415,3大都市圏平均,1984000000,1984年,円
373,1,全世帯,004,第３階級,166,（財・サービス区分「保健医療」の耐久財）,00000,全国,1984000000,1984年,円
332,1,全世帯,004,第３階級,166,（財・サービス区分「保健医療」の耐久財）,00415,3大都市圏平均,1984000000,1984年,円
242,1,全世帯,004,第３階級,167,（財・サービス区分「保健医療」の半耐久財）,00000,全国,1984000000,1984年,円
252,1,全世帯,004,第３階級,167,（財・サービス区分「保健医療」の半耐久財）,00415,3大都市圏平均,1984000000,1984年,円
1822,1,全世帯,004,第３階級,168,（財・サービス区分「保健医療」の非耐久財）,00000,全国,1984000000,1984年,円
1798,1,全世帯,004,第３階級,168,（財・サービス区分「保健医療」の非耐久財）,00415,3大都市圏平均,1984000000,1984年,円
3814,1,全世帯,004,第３階級,169,（財・サービス区分「保健医療」のサービス）,00000,全国,1984000000,1984年,円
4338,1,全世帯,004,第３階級,169,（財・サービス区分「保健医療」のサービス）,00415,3大都市圏平均,1984000000,1984年,円
21116,1,全世帯,004,第３階級,170,（財・サービス区分の交通通信）,00000,全国,1984000000,1984年,円
22430,1,全世帯,004,第３階級,170,（財・サービス区分の交通通信）,00415,3大都市圏平均,1984000000,1984年,円
2415,1,全世帯,004,第３階級,171,（財・サービス区分「交通通信」の耐久財）,00000,全国,1984000000,1984年,円
3262,1,全世帯,004,第３階級,171,（財・サービス区分「交通通信」の耐久財）,00415,3大都市圏平均,1984000000,1984年,円
350,1,全世帯,004,第３階級,172,（財・サービス区分「交通通信」の半耐久財）,00000,全国,1984000000,1984年,円
331,1,全世帯,004,第３階級,172,（財・サービス区分「交通通信」の半耐久財）,00415,3大都市圏平均,1984000000,1984年,円
5180,1,全世帯,004,第３階級,173,（財・サービス区分「交通通信」の非耐久財）,00000,全国,1984000000,1984年,円
4039,1,全世帯,004,第３階級,173,（財・サービス区分「交通通信」の非耐久財）,00415,3大都市圏平均,1984000000,1984年,円
13172,1,全世帯,004,第３階級,174,（財・サービス区分「交通通信」のサービス）,00000,全国,1984000000,1984年,円
14799,1,全世帯,004,第３階級,174,（財・サービス区分「交通通信」のサービス）,00415,3大都市圏平均,1984000000,1984年,円
6914,1,全世帯,004,第３階級,175,（財・サービス区分の教育）,00000,全国,1984000000,1984年,円
8955,1,全世帯,004,第３階級,175,（財・サービス区分の教育）,00415,3大都市圏平均,1984000000,1984年,円
235,1,全世帯,004,第３階級,176,（財・サービス区分「教育」の非耐久財）,00000,全国,1984000000,1984年,円
296,1,全世帯,004,第３階級,176,（財・サービス区分「教育」の非耐久財）,00415,3大都市圏平均,1984000000,1984年,円
6679,1,全世帯,004,第３階級,177,（財・サービス区分「教育」のサービス）,00000,全国,1984000000,1984年,円
8659,1,全世帯,004,第３階級,177,（財・サービス区分「教育」のサービス）,00415,3大都市圏平均,1984000000,1984年,円
17146,1,全世帯,004,第３階級,178,（財・サービス区分の教養娯楽）,00000,全国,1984000000,1984年,円
18585,1,全世帯,004,第３階級,178,（財・サービス区分の教養娯楽）,00415,3大都市圏平均,1984000000,1984年,円
1588,1,全世帯,004,第３階級,179,（財・サービス区分「教養娯楽」の耐久財）,00000,全国,1984000000,1984年,円
1190,1,全世帯,004,第３階級,179,（財・サービス区分「教養娯楽」の耐久財）,00415,3大都市圏平均,1984000000,1984年,円
3089,1,全世帯,004,第３階級,180,（財・サービス区分「教養娯楽」の半耐久財）,00000,全国,1984000000,1984年,円
3340,1,全世帯,004,第３階級,180,（財・サービス区分「教養娯楽」の半耐久財）,00415,3大都市圏平均,1984000000,1984年,円
4128,1,全世帯,004,第３階級,181,（財・サービス区分「教養娯楽」の非耐久財）,00000,全国,1984000000,1984年,円
4751,1,全世帯,004,第３階級,181,（財・サービス区分「教養娯楽」の非耐久財）,00415,3大都市圏平均,1984000000,1984年,円
8342,1,全世帯,004,第３階級,182,（財・サービス区分「教養娯楽」のサービス）,00000,全国,1984000000,1984年,円
9304,1,全世帯,004,第３階級,182,（財・サービス区分「教養娯楽」のサービス）,00415,3大都市圏平均,1984000000,1984年,円
11765,1,全世帯,004,第３階級,183,（財・サービス区分の諸雑費）,00000,全国,1984000000,1984年,円
11812,1,全世帯,004,第３階級,183,（財・サービス区分の諸雑費）,00415,3大都市圏平均,1984000000,1984年,円
147,1,全世帯,004,第３階級,184,（財・サービス区分「諸雑費」の耐久財）,00000,全国,1984000000,1984年,円
104,1,全世帯,004,第３階級,184,（財・サービス区分「諸雑費」の耐久財）,00415,3大都市圏平均,1984000000,1984年,円
945,1,全世帯,004,第３階級,185,（財・サービス区分「諸雑費」の半耐久財）,00000,全国,1984000000,1984年,円
1073,1,全世帯,004,第３階級,185,（財・サービス区分「諸雑費」の半耐久財）,00415,3大都市圏平均,1984000000,1984年,円
3864,1,全世帯,004,第３階級,186,（財・サービス区分「諸雑費」の非耐久財）,00000,全国,1984000000,1984年,円
3870,1,全世帯,004,第３階級,186,（財・サービス区分「諸雑費」の非耐久財）,00415,3大都市圏平均,1984000000,1984年,円
6809,1,全世帯,004,第３階級,187,（財・サービス区分「諸雑費」のサービス）,00000,全国,1984000000,1984年,円
6764,1,全世帯,004,第３階級,187,（財・サービス区分「諸雑費」のサービス）,00415,3大都市圏平均,1984000000,1984年,円
65799,1,全世帯,004,第３階級,188,（（特掲）五大費目）,00000,全国,1984000000,1984年,円
73992,1,全世帯,004,第３階級,188,（（特掲）五大費目）,00415,3大都市圏平均,1984000000,1984年,円
22122,1,全世帯,004,第３階級,189,（（特掲）五大費目）,00000,全国,1984000000,1984年,円
26313,1,全世帯,004,第３階級,189,（（特掲）五大費目）,00415,3大都市圏平均,1984000000,1984年,円
11541,1,全世帯,004,第３階級,190,（（特掲）五大費目）,00000,全国,1984000000,1984年,円
11537,1,全世帯,004,第３階級,190,（（特掲）五大費目）,00415,3大都市圏平均,1984000000,1984年,円
14142,1,全世帯,004,第３階級,191,（（特掲）五大費目）,00000,全国,1984000000,1984年,円
15274,1,全世帯,004,第３階級,191,（（特掲）五大費目）,00415,3大都市圏平均,1984000000,1984年,円
96684,1,全世帯,004,第３階級,192,（（特掲）五大費目）,00000,全国,1984000000,1984年,円
103819,1,全世帯,004,第３階級,192,（（特掲）五大費目）,00415,3大都市圏平均,1984000000,1984年,円
13402,1,全世帯,004,第３階級,193,現物支出（総額）,00000,全国,1984000000,1984年,円
11600,1,全世帯,004,第３階級,193,現物支出（総額）,00415,3大都市圏平均,1984000000,1984年,円
2211,1,全世帯,004,第３階級,194,（現物支出の自家産物）,00000,全国,1984000000,1984年,円
632,1,全世帯,004,第３階級,194,（現物支出の自家産物）,00415,3大都市圏平均,1984000000,1984年,円
11191,1,全世帯,004,第３階級,195,（現物支出の自家産物以外）,00000,全国,1984000000,1984年,円
10968,1,全世帯,004,第３階級,195,（現物支出の自家産物以外）,00415,3大都市圏平均,1984000000,1984年,円
10144,1,全世帯,004,第３階級,196,（現物支出の食料）,00000,全国,1984000000,1984年,円
8081,1,全世帯,004,第３階級,196,（現物支出の食料）,00415,3大都市圏平均,1984000000,1984年,円
2083,1,全世帯,004,第３階級,197,（現物支出「食料」の自家産物）,00000,全国,1984000000,1984年,円
602,1,全世帯,004,第３階級,197,（現物支出「食料」の自家産物）,00415,3大都市圏平均,1984000000,1984年,円
8061,1,全世帯,004,第３階級,198,その他（受贈物等）（現物支出「食料」の自家産物以外）,00000,全国,1984000000,1984年,円
7479,1,全世帯,004,第３階級,198,その他（受贈物等）（現物支出「食料」の自家産物以外）,00415,3大都市圏平均,1984000000,1984年,円
24,1,全世帯,004,第３階級,199,（現物支出の住居）,00000,全国,1984000000,1984年,円
10,1,全世帯,004,第３階級,199,（現物支出の住居）,00415,3大都市圏平均,1984000000,1984年,円
52,1,全世帯,004,第３階級,200,（現物支出の光熱・水道）,00000,全国,1984000000,1984年,円
21,1,全世帯,004,第３階級,200,（現物支出の光熱・水道）,00415,3大都市圏平均,1984000000,1984年,円
916,1,全世帯,004,第３階級,201,（現物支出の家具・家事用品）,00000,全国,1984000000,1984年,円
1085,1,全世帯,004,第３階級,201,（現物支出の家具・家事用品）,00415,3大都市圏平均,1984000000,1984年,円
985,1,全世帯,004,第３階級,202,（現物支出の被服及び履物）,00000,全国,1984000000,1984年,円
920,1,全世帯,004,第３階級,202,（現物支出の被服及び履物）,00415,3大都市圏平均,1984000000,1984年,円
52,1,全世帯,004,第３階級,203,（現物支出の保健医療）,00000,全国,1984000000,1984年,円
66,1,全世帯,004,第３階級,203,（現物支出の保健医療）,00415,3大都市圏平均,1984000000,1984年,円
266,1,全世帯,004,第３階級,204,（現物支出の交通通信）,00000,全国,1984000000,1984年,円
406,1,全世帯,004,第３階級,204,（現物支出の交通通信）,00415,3大都市圏平均,1984000000,1984年,円
0,1,全世帯,004,第３階級,205,（現物支出の教育）,00000,全国,1984000000,1984年,円
-,1,全世帯,004,第３階級,205,（現物支出の教育）,00415,3大都市圏平均,1984000000,1984年,円
436,1,全世帯,004,第３階級,206,（現物支出の教養娯楽）,00000,全国,1984000000,1984年,円
494,1,全世帯,004,第３階級,206,（現物支出の教養娯楽）,00415,3大都市圏平均,1984000000,1984年,円
526,1,全世帯,004,第３階級,207,（現物支出のその他の消費支出）,00000,全国,1984000000,1984年,円
517,1,全世帯,004,第３階級,207,（現物支出のその他の消費支出）,00415,3大都市圏平均,1984000000,1984年,円
122,1,全世帯,004,第３階級,208,（現物支出の交際費（自家産物の贈与））,00000,全国,1984000000,1984年,円
26,1,全世帯,004,第３階級,208,（現物支出の交際費（自家産物の贈与））,00415,3大都市圏平均,1984000000,1984年,円
21765,1,全世帯,004,第３階級,209,〔持家の帰属家賃〕,00000,全国,1984000000,1984年,円
24372,1,全世帯,004,第３階級,209,〔持家の帰属家賃〕,00415,3大都市圏平均,1984000000,1984年,円
31.3,1,全世帯,004,第３階級,210,エンゲル係数（％）,00000,全国,1984000000,1984年,％
32,1,全世帯,004,第３階級,210,エンゲル係数（％）,00415,3大都市圏平均,1984000000,1984年,％
4185,1,全世帯,004,第３階級,211,貯蓄現在高（千円）,00000,全国,1984000000,1984年,千円
4569,1,全世帯,004,第３階級,211,貯蓄現在高（千円）,00415,3大都市圏平均,1984000000,1984年,千円
403,1,全世帯,004,第３階級,212,通貨性預貯金（千円）,00000,全国,1984000000,1984年,千円
390,1,全世帯,004,第３階級,212,通貨性預貯金（千円）,00415,3大都市圏平均,1984000000,1984年,千円
2138,1,全世帯,004,第３階級,213,定期性預貯金（千円）,00000,全国,1984000000,1984年,千円
2183,1,全世帯,004,第３階級,213,定期性預貯金（千円）,00415,3大都市圏平均,1984000000,1984年,千円
937,1,全世帯,004,第３階級,214,生命保険（千円）,00000,全国,1984000000,1984年,千円
956,1,全世帯,004,第３階級,214,生命保険（千円）,00415,3大都市圏平均,1984000000,1984年,千円
610,1,全世帯,004,第３階級,215,有価証券（千円）,00000,全国,1984000000,1984年,千円
874,1,全世帯,004,第３階級,215,有価証券（千円）,00415,3大都市圏平均,1984000000,1984年,千円
1636,1,全世帯,004,第３階級,216,負債現在高（千円）,00000,全国,1984000000,1984年,千円
1958,1,全世帯,004,第３階級,216,負債現在高（千円）,00415,3大都市圏平均,1984000000,1984年,千円
1320,1,全世帯,004,第３階級,217,うち住宅・土地のため（千円）,00000,全国,1984000000,1984年,千円
1666,1,全世帯,004,第３階級,217,うち住宅・土地のため（千円）,00415,3大都市圏平均,1984000000,1984年,千円
52.5,1,全世帯,004,第３階級,218,負債保有率（％）,00000,全国,1984000000,1984年,％
46.3,1,全世帯,004,第３階級,218,負債保有率（％）,00415,3大都市圏平均,1984000000,1984年,％
24.6,1,全世帯,004,第３階級,219,うち住宅・土地のため（％）,00000,全国,1984000000,1984年,％
22.7,1,全世帯,004,第３階級,219,うち住宅・土地のため（％）,00415,3大都市圏平均,1984000000,1984年,％
4966,1,全世帯,005,第４階級,001,集計世帯数,00000,全国,1984000000,1984年,世帯
1860,1,全世帯,005,第４階級,001,集計世帯数,00415,3大都市圏平均,1984000000,1984年,世帯
81591,1,全世帯,005,第４階級,002,世帯数分布（抽出率調整）,00000,全国,1984000000,1984年,世帯
37409,1,全世帯,005,第４階級,002,世帯数分布（抽出率調整）,00415,3大都市圏平均,1984000000,1984年,世帯
1000,1,全世帯,005,第４階級,003,（１万分比）,00000,全国,1984000000,1984年,
1000,1,全世帯,005,第４階級,003,（１万分比）,00415,3大都市圏平均,1984000000,1984年,
3.81,1,全世帯,005,第４階級,004,世帯人員（人）,00000,全国,1984000000,1984年,人
3.78,1,全世帯,005,第４階級,004,世帯人員（人）,00415,3大都市圏平均,1984000000,1984年,人
1.57,1,全世帯,005,第４階級,005,有業人員（人）,00000,全国,1984000000,1984年,人
1.45,1,全世帯,005,第４階級,005,有業人員（人）,00415,3大都市圏平均,1984000000,1984年,人
42.9,1,全世帯,005,第４階級,006,世帯主の年齢（歳）,00000,全国,1984000000,1984年,歳
41.3,1,全世帯,005,第４階級,006,世帯主の年齢（歳）,00415,3大都市圏平均,1984000000,1984年,歳
63.7,1,全世帯,005,第４階級,007,持家率（％）,00000,全国,1984000000,1984年,％
58.9,1,全世帯,005,第４階級,007,持家率（％）,00415,3大都市圏平均,1984000000,1984年,％
4.8,1,全世帯,005,第４階級,008,居住室数（室）,00000,全国,1984000000,1984年,室
4.4,1,全世帯,005,第４階級,008,居住室数（室）,00415,3大都市圏平均,1984000000,1984年,室
36.5,1,全世帯,005,第４階級,009,家賃・地代を支払っている世帯割合（％）,00000,全国,1984000000,1984年,％
41.3,1,全世帯,005,第４階級,009,家賃・地代を支払っている世帯割合（％）,00415,3大都市圏平均,1984000000,1984年,％
4055,1,全世帯,005,第４階級,010,年間収入（千円）,00000,全国,1984000000,1984年,千円
4388,1,全世帯,005,第４階級,010,年間収入（千円）,00415,3大都市圏平均,1984000000,1984年,千円
227743,1,全世帯,005,第４階級,011,消費支出,00000,全国,1984000000,1984年,円
248361,1,全世帯,005,第４階級,011,消費支出,00415,3大都市圏平均,1984000000,1984年,円
70852,1,全世帯,005,第４階級,012,食料,00000,全国,1984000000,1984年,円
77964,1,全世帯,005,第４階級,012,食料,00415,3大都市圏平均,1984000000,1984年,円
8822,1,全世帯,005,第４階級,013,穀類,00000,全国,1984000000,1984年,円
9660,1,全世帯,005,第４階級,013,穀類,00415,3大都市圏平均,1984000000,1984年,円
5273,1,全世帯,005,第４階級,014,米類,00000,全国,1984000000,1984年,円
5552,1,全世帯,005,第４階級,014,米類,00415,3大都市圏平均,1984000000,1984年,円
1957,1,全世帯,005,第４階級,015,パン,00000,全国,1984000000,1984年,円
2350,1,全世帯,005,第４階級,015,パン,00415,3大都市圏平均,1984000000,1984年,円
1320,1,全世帯,005,第４階級,016,めん類,00000,全国,1984000000,1984年,円
1439,1,全世帯,005,第４階級,016,めん類,00415,3大都市圏平均,1984000000,1984年,円
272,1,全世帯,005,第４階級,017,穀粉・その他,00000,全国,1984000000,1984年,円
320,1,全世帯,005,第４階級,017,穀粉・その他,00415,3大都市圏平均,1984000000,1984年,円
10062,1,全世帯,005,第４階級,018,魚介類,00000,全国,1984000000,1984年,円
10032,1,全世帯,005,第４階級,018,魚介類,00415,3大都市圏平均,1984000000,1984年,円
6548,1,全世帯,005,第４階級,019,生鮮魚介,00000,全国,1984000000,1984年,円
6476,1,全世帯,005,第４階級,019,生鮮魚介,00415,3大都市圏平均,1984000000,1984年,円
2137,1,全世帯,005,第４階級,020,塩干魚介,00000,全国,1984000000,1984年,円
2114,1,全世帯,005,第４階級,020,塩干魚介,00415,3大都市圏平均,1984000000,1984年,円
882,1,全世帯,005,第４階級,021,魚肉練製品,00000,全国,1984000000,1984年,円
938,1,全世帯,005,第４階級,021,魚肉練製品,00415,3大都市圏平均,1984000000,1984年,円
495,1,全世帯,005,第４階級,022,他の魚介加工品,00000,全国,1984000000,1984年,円
503,1,全世帯,005,第４階級,022,他の魚介加工品,00415,3大都市圏平均,1984000000,1984年,円
7851,1,全世帯,005,第４階級,023,肉類,00000,全国,1984000000,1984年,円
9021,1,全世帯,005,第４階級,023,肉類,00415,3大都市圏平均,1984000000,1984年,円
6573,1,全世帯,005,第４階級,024,生鮮肉,00000,全国,1984000000,1984年,円
7460,1,全世帯,005,第４階級,024,生鮮肉,00415,3大都市圏平均,1984000000,1984年,円
1278,1,全世帯,005,第４階級,025,加工肉,00000,全国,1984000000,1984年,円
1560,1,全世帯,005,第４階級,025,加工肉,00415,3大都市圏平均,1984000000,1984年,円
3894,1,全世帯,005,第４階級,026,乳卵類,00000,全国,1984000000,1984年,円
4216,1,全世帯,005,第４階級,026,乳卵類,00415,3大都市圏平均,1984000000,1984年,円
1997,1,全世帯,005,第４階級,027,牛乳,00000,全国,1984000000,1984年,円
2123,1,全世帯,005,第４階級,027,牛乳,00415,3大都市圏平均,1984000000,1984年,円
652,1,全世帯,005,第４階級,028,乳製品,00000,全国,1984000000,1984年,円
763,1,全世帯,005,第４階級,028,乳製品,00415,3大都市圏平均,1984000000,1984年,円
1244,1,全世帯,005,第４階級,029,卵,00000,全国,1984000000,1984年,円
1329,1,全世帯,005,第４階級,029,卵,00415,3大都市圏平均,1984000000,1984年,円
8400,1,全世帯,005,第４階級,030,野菜・海草,00000,全国,1984000000,1984年,円
9494,1,全世帯,005,第４階級,030,野菜・海草,00415,3大都市圏平均,1984000000,1984年,円
5560,1,全世帯,005,第４階級,031,生鮮野菜,00000,全国,1984000000,1984年,円
6394,1,全世帯,005,第４階級,031,生鮮野菜,00415,3大都市圏平均,1984000000,1984年,円
686,1,全世帯,005,第４階級,032,乾物・海草,00000,全国,1984000000,1984年,円
746,1,全世帯,005,第４階級,032,乾物・海草,00415,3大都市圏平均,1984000000,1984年,円
999,1,全世帯,005,第４階級,033,大豆加工品,00000,全国,1984000000,1984年,円
1066,1,全世帯,005,第４階級,033,大豆加工品,00415,3大都市圏平均,1984000000,1984年,円
1156,1,全世帯,005,第４階級,034,他の野菜・海草加工品,00000,全国,1984000000,1984年,円
1288,1,全世帯,005,第４階級,034,他の野菜・海草加工品,00415,3大都市圏平均,1984000000,1984年,円
4151,1,全世帯,005,第４階級,035,果物,00000,全国,1984000000,1984年,円
4316,1,全世帯,005,第４階級,035,果物,00415,3大都市圏平均,1984000000,1984年,円
4076,1,全世帯,005,第４階級,036,生鮮果物,00000,全国,1984000000,1984年,円
4237,1,全世帯,005,第４階級,036,生鮮果物,00415,3大都市圏平均,1984000000,1984年,円
75,1,全世帯,005,第４階級,037,果物加工品,00000,全国,1984000000,1984年,円
79,1,全世帯,005,第４階級,037,果物加工品,00415,3大都市圏平均,1984000000,1984年,円
2945,1,全世帯,005,第４階級,038,油脂・調味料,00000,全国,1984000000,1984年,円
3088,1,全世帯,005,第４階級,038,油脂・調味料,00415,3大都市圏平均,1984000000,1984年,円
475,1,全世帯,005,第４階級,039,油脂,00000,全国,1984000000,1984年,円
506,1,全世帯,005,第４階級,039,油脂,00415,3大都市圏平均,1984000000,1984年,円
2470,1,全世帯,005,第４階級,040,調味料,00000,全国,1984000000,1984年,円
2582,1,全世帯,005,第４階級,040,調味料,00415,3大都市圏平均,1984000000,1984年,円
5213,1,全世帯,005,第４階級,041,菓子類,00000,全国,1984000000,1984年,円
5605,1,全世帯,005,第４階級,041,菓子類,00415,3大都市圏平均,1984000000,1984年,円
3305,1,全世帯,005,第４階級,042,調理食品,00000,全国,1984000000,1984年,円
4074,1,全世帯,005,第４階級,042,調理食品,00415,3大都市圏平均,1984000000,1984年,円
805,1,全世帯,005,第４階級,043,主食的調理食品,00000,全国,1984000000,1984年,円
918,1,全世帯,005,第４階級,043,主食的調理食品,00415,3大都市圏平均,1984000000,1984年,円
2500,1,全世帯,005,第４階級,044,他の調理食品,00000,全国,1984000000,1984年,円
3156,1,全世帯,005,第４階級,044,他の調理食品,00415,3大都市圏平均,1984000000,1984年,円
2374,1,全世帯,005,第４階級,045,飲料,00000,全国,1984000000,1984年,円
2548,1,全世帯,005,第４階級,045,飲料,00415,3大都市圏平均,1984000000,1984年,円
380,1,全世帯,005,第４階級,046,茶類,00000,全国,1984000000,1984年,円
417,1,全世帯,005,第４階級,046,茶類,00415,3大都市圏平均,1984000000,1984年,円
493,1,全世帯,005,第４階級,047,コーヒー・ココア,00000,全国,1984000000,1984年,円
565,1,全世帯,005,第４階級,047,コーヒー・ココア,00415,3大都市圏平均,1984000000,1984年,円
1502,1,全世帯,005,第４階級,048,他の飲料,00000,全国,1984000000,1984年,円
1566,1,全世帯,005,第４階級,048,他の飲料,00415,3大都市圏平均,1984000000,1984年,円
3448,1,全世帯,005,第４階級,049,酒類,00000,全国,1984000000,1984年,円
3787,1,全世帯,005,第４階級,049,酒類,00415,3大都市圏平均,1984000000,1984年,円
10387,1,全世帯,005,第４階級,050,外食,00000,全国,1984000000,1984年,円
12123,1,全世帯,005,第４階級,050,外食,00415,3大都市圏平均,1984000000,1984年,円
8377,1,全世帯,005,第４階級,051,一般外食,00000,全国,1984000000,1984年,円
10157,1,全世帯,005,第４階級,051,一般外食,00415,3大都市圏平均,1984000000,1984年,円
2010,1,全世帯,005,第４階級,052,学校給食,00000,全国,1984000000,1984年,円
1966,1,全世帯,005,第４階級,052,学校給食,00415,3大都市圏平均,1984000000,1984年,円
13631,1,全世帯,005,第４階級,053,住居,00000,全国,1984000000,1984年,円
16663,1,全世帯,005,第４階級,053,住居,00415,3大都市圏平均,1984000000,1984年,円
9387,1,全世帯,005,第４階級,054,家賃・地代,00000,全国,1984000000,1984年,円
13298,1,全世帯,005,第４階級,054,家賃・地代,00415,3大都市圏平均,1984000000,1984年,円
4244,1,全世帯,005,第４階級,055,設備修繕・維持,00000,全国,1984000000,1984年,円
3365,1,全世帯,005,第４階級,055,設備修繕・維持,00415,3大都市圏平均,1984000000,1984年,円
895,1,全世帯,005,第４階級,056,設備材料,00000,全国,1984000000,1984年,円
786,1,全世帯,005,第４階級,056,設備材料,00415,3大都市圏平均,1984000000,1984年,円
3349,1,全世帯,005,第４階級,057,工事その他のサービス,00000,全国,1984000000,1984年,円
2579,1,全世帯,005,第４階級,057,工事その他のサービス,00415,3大都市圏平均,1984000000,1984年,円
14629,1,全世帯,005,第４階級,058,光熱・水道,00000,全国,1984000000,1984年,円
15417,1,全世帯,005,第４階級,058,光熱・水道,00415,3大都市圏平均,1984000000,1984年,円
6538,1,全世帯,005,第４階級,059,電気代,00000,全国,1984000000,1984年,円
6908,1,全世帯,005,第４階級,059,電気代,00415,3大都市圏平均,1984000000,1984年,円
4173,1,全世帯,005,第４階級,060,ガス代,00000,全国,1984000000,1984年,円
4657,1,全世帯,005,第４階級,060,ガス代,00415,3大都市圏平均,1984000000,1984年,円
1226,1,全世帯,005,第４階級,061,他の光熱,00000,全国,1984000000,1984年,円
558,1,全世帯,005,第４階級,061,他の光熱,00415,3大都市圏平均,1984000000,1984年,円
2692,1,全世帯,005,第４階級,062,水道料,00000,全国,1984000000,1984年,円
3294,1,全世帯,005,第４階級,062,水道料,00415,3大都市圏平均,1984000000,1984年,円
9407,1,全世帯,005,第４階級,063,家具・家事用品,00000,全国,1984000000,1984年,円
9934,1,全世帯,005,第４階級,063,家具・家事用品,00415,3大都市圏平均,1984000000,1984年,円
3181,1,全世帯,005,第４階級,064,家庭用耐久財,00000,全国,1984000000,1984年,円
3291,1,全世帯,005,第４階級,064,家庭用耐久財,00415,3大都市圏平均,1984000000,1984年,円
1590,1,全世帯,005,第４階級,065,家事用耐久財,00000,全国,1984000000,1984年,円
1851,1,全世帯,005,第４階級,065,家事用耐久財,00415,3大都市圏平均,1984000000,1984年,円
951,1,全世帯,005,第４階級,066,冷暖房用器具,00000,全国,1984000000,1984年,円
904,1,全世帯,005,第４階級,066,冷暖房用器具,00415,3大都市圏平均,1984000000,1984年,円
640,1,全世帯,005,第４階級,067,一般家具,00000,全国,1984000000,1984年,円
536,1,全世帯,005,第４階級,067,一般家具,00415,3大都市圏平均,1984000000,1984年,円
796,1,全世帯,005,第４階級,068,室内装備品,00000,全国,1984000000,1984年,円
792,1,全世帯,005,第４階級,068,室内装備品,00415,3大都市圏平均,1984000000,1984年,円
1076,1,全世帯,005,第４階級,069,寝具類,00000,全国,1984000000,1984年,円
1317,1,全世帯,005,第４階級,069,寝具類,00415,3大都市圏平均,1984000000,1984年,円
1830,1,全世帯,005,第４階級,070,家事雑貨,00000,全国,1984000000,1984年,円
2014,1,全世帯,005,第４階級,070,家事雑貨,00415,3大都市圏平均,1984000000,1984年,円
1790,1,全世帯,005,第４階級,071,家事用消耗品,00000,全国,1984000000,1984年,円
1965,1,全世帯,005,第４階級,071,家事用消耗品,00415,3大都市圏平均,1984000000,1984年,円
734,1,全世帯,005,第４階級,072,家事サービス,00000,全国,1984000000,1984年,円
554,1,全世帯,005,第４階級,072,家事サービス,00415,3大都市圏平均,1984000000,1984年,円
13776,1,全世帯,005,第４階級,073,被服及び履物,00000,全国,1984000000,1984年,円
15315,1,全世帯,005,第４階級,073,被服及び履物,00415,3大都市圏平均,1984000000,1984年,円
709,1,全世帯,005,第４階級,074,和服,00000,全国,1984000000,1984年,円
612,1,全世帯,005,第４階級,074,和服,00415,3大都市圏平均,1984000000,1984年,円
4938,1,全世帯,005,第４階級,075,洋服,00000,全国,1984000000,1984年,円
5920,1,全世帯,005,第４階級,075,洋服,00415,3大都市圏平均,1984000000,1984年,円
1738,1,全世帯,005,第４階級,076,男子洋服,00000,全国,1984000000,1984年,円
2233,1,全世帯,005,第４階級,076,男子洋服,00415,3大都市圏平均,1984000000,1984年,円
2207,1,全世帯,005,第４階級,077,婦人洋服,00000,全国,1984000000,1984年,円
2514,1,全世帯,005,第４階級,077,婦人洋服,00415,3大都市圏平均,1984000000,1984年,円
993,1,全世帯,005,第４階級,078,子供洋服,00000,全国,1984000000,1984年,円
1173,1,全世帯,005,第４階級,078,子供洋服,00415,3大都市圏平均,1984000000,1984年,円
2193,1,全世帯,005,第４階級,079,シャツ・セーター類,00000,全国,1984000000,1984年,円
2456,1,全世帯,005,第４階級,079,シャツ・セーター類,00415,3大都市圏平均,1984000000,1984年,円
770,1,全世帯,005,第４階級,080,男子シャツ・セーター類,00000,全国,1984000000,1984年,円
881,1,全世帯,005,第４階級,080,男子シャツ・セーター類,00415,3大都市圏平均,1984000000,1984年,円
1066,1,全世帯,005,第４階級,081,婦人シャツ・セーター類,00000,全国,1984000000,1984年,円
1164,1,全世帯,005,第４階級,081,婦人シャツ・セーター類,00415,3大都市圏平均,1984000000,1984年,円
358,1,全世帯,005,第４階級,082,子供シャツ・セーター類,00000,全国,1984000000,1984年,円
411,1,全世帯,005,第４階級,082,子供シャツ・セーター類,00415,3大都市圏平均,1984000000,1984年,円
1382,1,全世帯,005,第４階級,083,下着類,00000,全国,1984000000,1984年,円
1398,1,全世帯,005,第４階級,083,下着類,00415,3大都市圏平均,1984000000,1984年,円
509,1,全世帯,005,第４階級,084,男子下着類,00000,全国,1984000000,1984年,円
534,1,全世帯,005,第４階級,084,男子下着類,00415,3大都市圏平均,1984000000,1984年,円
533,1,全世帯,005,第４階級,085,婦人下着類,00000,全国,1984000000,1984年,円
516,1,全世帯,005,第４階級,085,婦人下着類,00415,3大都市圏平均,1984000000,1984年,円
340,1,全世帯,005,第４階級,086,子供下着類,00000,全国,1984000000,1984年,円
348,1,全世帯,005,第４階級,086,子供下着類,00415,3大都市圏平均,1984000000,1984年,円
791,1,全世帯,005,第４階級,087,生地・糸類,00000,全国,1984000000,1984年,円
809,1,全世帯,005,第４階級,087,生地・糸類,00415,3大都市圏平均,1984000000,1984年,円
1098,1,全世帯,005,第４階級,088,他の被服,00000,全国,1984000000,1984年,円
1138,1,全世帯,005,第４階級,088,他の被服,00415,3大都市圏平均,1984000000,1984年,円
1650,1,全世帯,005,第４階級,089,履物類,00000,全国,1984000000,1984年,円
1820,1,全世帯,005,第４階級,089,履物類,00415,3大都市圏平均,1984000000,1984年,円
1016,1,全世帯,005,第４階級,090,被服関連サービス,00000,全国,1984000000,1984年,円
1161,1,全世帯,005,第４階級,090,被服関連サービス,00415,3大都市圏平均,1984000000,1984年,円
6251,1,全世帯,005,第４階級,091,保健医療,00000,全国,1984000000,1984年,円
6519,1,全世帯,005,第４階級,091,保健医療,00415,3大都市圏平均,1984000000,1984年,円
1219,1,全世帯,005,第４階級,092,医薬品,00000,全国,1984000000,1984年,円
1175,1,全世帯,005,第４階級,092,医薬品,00415,3大都市圏平均,1984000000,1984年,円
1110,1,全世帯,005,第４階級,093,保健医療用品・器具,00000,全国,1984000000,1984年,円
1120,1,全世帯,005,第４階級,093,保健医療用品・器具,00415,3大都市圏平均,1984000000,1984年,円
3921,1,全世帯,005,第４階級,094,保健医療サービス,00000,全国,1984000000,1984年,円
4225,1,全世帯,005,第４階級,094,保健医療サービス,00415,3大都市圏平均,1984000000,1984年,円
23619,1,全世帯,005,第４階級,095,交通通信,00000,全国,1984000000,1984年,円
23504,1,全世帯,005,第４階級,095,交通通信,00415,3大都市圏平均,1984000000,1984年,円
4174,1,全世帯,005,第４階級,096,交通,00000,全国,1984000000,1984年,円
5404,1,全世帯,005,第４階級,096,交通,00415,3大都市圏平均,1984000000,1984年,円
13987,1,全世帯,005,第４階級,097,自動車等関係費,00000,全国,1984000000,1984年,円
12480,1,全世帯,005,第４階級,097,自動車等関係費,00415,3大都市圏平均,1984000000,1984年,円
3641,1,全世帯,005,第４階級,098,自動車,00000,全国,1984000000,1984年,円
3748,1,全世帯,005,第４階級,098,自動車,00415,3大都市圏平均,1984000000,1984年,円
193,1,全世帯,005,第４階級,099,自転車,00000,全国,1984000000,1984年,円
257,1,全世帯,005,第４階級,099,自転車,00415,3大都市圏平均,1984000000,1984年,円
10153,1,全世帯,005,第４階級,100,自動車等維持,00000,全国,1984000000,1984年,円
8475,1,全世帯,005,第４階級,100,自動車等維持,00415,3大都市圏平均,1984000000,1984年,円
5458,1,全世帯,005,第４階級,101,通信,00000,全国,1984000000,1984年,円
5621,1,全世帯,005,第４階級,101,通信,00415,3大都市圏平均,1984000000,1984年,円
8004,1,全世帯,005,第４階級,102,教育,00000,全国,1984000000,1984年,円
10459,1,全世帯,005,第４階級,102,教育,00415,3大都市圏平均,1984000000,1984年,円
6651,1,全世帯,005,第４階級,103,授業料等,00000,全国,1984000000,1984年,円
8627,1,全世帯,005,第４階級,103,授業料等,00415,3大都市圏平均,1984000000,1984年,円
320,1,全世帯,005,第４階級,104,教科書・学習参考書,00000,全国,1984000000,1984年,円
315,1,全世帯,005,第４階級,104,教科書・学習参考書,00415,3大都市圏平均,1984000000,1984年,円
1033,1,全世帯,005,第４階級,105,補習教育,00000,全国,1984000000,1984年,円
1517,1,全世帯,005,第４階級,105,補習教育,00415,3大都市圏平均,1984000000,1984年,円
18611,1,全世帯,005,第４階級,106,教養娯楽,00000,全国,1984000000,1984年,円
21795,1,全世帯,005,第４階級,106,教養娯楽,00415,3大都市圏平均,1984000000,1984年,円
2050,1,全世帯,005,第４階級,107,教養娯楽用耐久財,00000,全国,1984000000,1984年,円
2566,1,全世帯,005,第４階級,107,教養娯楽用耐久財,00415,3大都市圏平均,1984000000,1984年,円
3905,1,全世帯,005,第４階級,108,教養娯楽用品,00000,全国,1984000000,1984年,円
4313,1,全世帯,005,第４階級,108,教養娯楽用品,00415,3大都市圏平均,1984000000,1984年,円
3473,1,全世帯,005,第４階級,109,書籍・他の印刷物,00000,全国,1984000000,1984年,円
3849,1,全世帯,005,第４階級,109,書籍・他の印刷物,00415,3大都市圏平均,1984000000,1984年,円
9182,1,全世帯,005,第４階級,110,教養娯楽サービス,00000,全国,1984000000,1984年,円
11067,1,全世帯,005,第４階級,110,教養娯楽サービス,00415,3大都市圏平均,1984000000,1984年,円
373,1,全世帯,005,第４階級,111,宿泊料,00000,全国,1984000000,1984年,円
307,1,全世帯,005,第４階級,111,宿泊料,00415,3大都市圏平均,1984000000,1984年,円
2329,1,全世帯,005,第４階級,112,パック旅行,00000,全国,1984000000,1984年,円
2373,1,全世帯,005,第４階級,112,パック旅行,00415,3大都市圏平均,1984000000,1984年,円
3211,1,全世帯,005,第４階級,113,月謝類,00000,全国,1984000000,1984年,円
4608,1,全世帯,005,第４階級,113,月謝類,00415,3大都市圏平均,1984000000,1984年,円
3270,1,全世帯,005,第４階級,114,他の教養娯楽サービス,00000,全国,1984000000,1984年,円
3779,1,全世帯,005,第４階級,114,他の教養娯楽サービス,00415,3大都市圏平均,1984000000,1984年,円
48963,1,全世帯,005,第４階級,115,その他の消費支出,00000,全国,1984000000,1984年,円
50791,1,全世帯,005,第４階級,115,その他の消費支出,00415,3大都市圏平均,1984000000,1984年,円
12430,1,全世帯,005,第４階級,116,諸雑費,00000,全国,1984000000,1984年,円
11723,1,全世帯,005,第４階級,116,諸雑費,00415,3大都市圏平均,1984000000,1984年,円
2285,1,全世帯,005,第４階級,117,理美容サービス,00000,全国,1984000000,1984年,円
2430,1,全世帯,005,第４階級,117,理美容サービス,00415,3大都市圏平均,1984000000,1984年,円
2290,1,全世帯,005,第４階級,118,理美容用品,00000,全国,1984000000,1984年,円
2310,1,全世帯,005,第４階級,118,理美容用品,00415,3大都市圏平均,1984000000,1984年,円
892,1,全世帯,005,第４階級,119,身の回り用品,00000,全国,1984000000,1984年,円
1100,1,全世帯,005,第４階級,119,身の回り用品,00415,3大都市圏平均,1984000000,1984年,円
1870,1,全世帯,005,第４階級,120,たばこ,00000,全国,1984000000,1984年,円
1647,1,全世帯,005,第４階級,120,たばこ,00415,3大都市圏平均,1984000000,1984年,円
5094,1,全世帯,005,第４階級,121,（「諸雑費」のその他）,00000,全国,1984000000,1984年,円
4237,1,全世帯,005,第４階級,121,（「諸雑費」のその他）,00415,3大都市圏平均,1984000000,1984年,円
15482,1,全世帯,005,第４階級,122,こづかい（使途不明）,00000,全国,1984000000,1984年,円
20351,1,全世帯,005,第４階級,122,こづかい（使途不明）,00415,3大都市圏平均,1984000000,1984年,円
18152,1,全世帯,005,第４階級,123,交際費,00000,全国,1984000000,1984年,円
17072,1,全世帯,005,第４階級,123,交際費,00415,3大都市圏平均,1984000000,1984年,円
3963,1,全世帯,005,第４階級,124,（「交際費」の食料）,00000,全国,1984000000,1984年,円
3807,1,全世帯,005,第４階級,124,（「交際費」の食料）,00415,3大都市圏平均,1984000000,1984年,円
464,1,全世帯,005,第４階級,125,家具・家事用品（「交際費」の家具・家事用品）,00000,全国,1984000000,1984年,円
526,1,全世帯,005,第４階級,125,家具・家事用品（「交際費」の家具・家事用品）,00415,3大都市圏平均,1984000000,1984年,円
793,1,全世帯,005,第４階級,126,被服及び履物（「交際費」の被服及び履物）,00000,全国,1984000000,1984年,円
680,1,全世帯,005,第４階級,126,被服及び履物（「交際費」の被服及び履物）,00415,3大都市圏平均,1984000000,1984年,円
388,1,全世帯,005,第４階級,127,（「交際費」の教養娯楽）,00000,全国,1984000000,1984年,円
389,1,全世帯,005,第４階級,127,（「交際費」の教養娯楽）,00415,3大都市圏平均,1984000000,1984年,円
316,1,全世帯,005,第４階級,128,他の物品サービス,00000,全国,1984000000,1984年,円
374,1,全世帯,005,第４階級,128,他の物品サービス,00415,3大都市圏平均,1984000000,1984年,円
9228,1,全世帯,005,第４階級,129,贈与金,00000,全国,1984000000,1984年,円
7857,1,全世帯,005,第４階級,129,贈与金,00415,3大都市圏平均,1984000000,1984年,円
3001,1,全世帯,005,第４階級,130,他の交際費,00000,全国,1984000000,1984年,円
3438,1,全世帯,005,第４階級,130,他の交際費,00415,3大都市圏平均,1984000000,1984年,円
2898,1,全世帯,005,第４階級,131,（「その他の消費支出」の仕送り金）,00000,全国,1984000000,1984年,円
1645,1,全世帯,005,第４階級,131,（「その他の消費支出」の仕送り金）,00415,3大都市圏平均,1984000000,1984年,円
13666,1,全世帯,005,第４階級,132,（再掲）教育関係費,00000,全国,1984000000,1984年,円
14799,1,全世帯,005,第４階級,132,（再掲）教育関係費,00415,3大都市圏平均,1984000000,1984年,円
21005,1,全世帯,005,第４階級,133,（再掲）教養娯楽関係費,00000,全国,1984000000,1984年,円
24610,1,全世帯,005,第４階級,133,（再掲）教養娯楽関係費,00415,3大都市圏平均,1984000000,1984年,円
2107,1,全世帯,005,第４階級,134,（「教養娯楽関係費」の耐久財）,00000,全国,1984000000,1984年,円
2571,1,全世帯,005,第４階級,134,（「教養娯楽関係費」の耐久財）,00415,3大都市圏平均,1984000000,1984年,円
3449,1,全世帯,005,第４階級,135,読書,00000,全国,1984000000,1984年,円
3812,1,全世帯,005,第４階級,135,読書,00415,3大都市圏平均,1984000000,1984年,円
1268,1,全世帯,005,第４階級,136,聴視・観覧,00000,全国,1984000000,1984年,円
1366,1,全世帯,005,第４階級,136,聴視・観覧,00415,3大都市圏平均,1984000000,1984年,円
4845,1,全世帯,005,第４階級,137,旅行,00000,全国,1984000000,1984年,円
5332,1,全世帯,005,第４階級,137,旅行,00415,3大都市圏平均,1984000000,1984年,円
1674,1,全世帯,005,第４階級,138,スポーツ,00000,全国,1984000000,1984年,円
1814,1,全世帯,005,第４階級,138,スポーツ,00415,3大都市圏平均,1984000000,1984年,円
2862,1,全世帯,005,第４階級,139,（「教養娯楽関係費」の月謝）,00000,全国,1984000000,1984年,円
4213,1,全世帯,005,第４階級,139,（「教養娯楽関係費」の月謝）,00415,3大都市圏平均,1984000000,1984年,円
1334,1,全世帯,005,第４階級,140,会費・つきあい費,00000,全国,1984000000,1984年,円
1541,1,全世帯,005,第４階級,140,会費・つきあい費,00415,3大都市圏平均,1984000000,1984年,円
3466,1,全世帯,005,第４階級,141,他の教養娯楽,00000,全国,1984000000,1984年,円
3963,1,全世帯,005,第４階級,141,他の教養娯楽,00415,3大都市圏平均,1984000000,1984年,円
18898,1,全世帯,005,第４階級,142,〔耐久財を除く教養娯楽関係費〕,00000,全国,1984000000,1984年,円
22039,1,全世帯,005,第４階級,142,〔耐久財を除く教養娯楽関係費〕,00415,3大都市圏平均,1984000000,1984年,円
197134,1,全世帯,005,第４階級,143,（（特掲）財・サービス区分の消費支出。「こづかい（使途不明）」，「贈与金」，「他の交際費」，「仕送り金」は含まれない。）,00000,全国,1984000000,1984年,円
215070,1,全世帯,005,第４階級,143,（（特掲）財・サービス区分の消費支出。「こづかい（使途不明）」，「贈与金」，「他の交際費」，「仕送り金」は含まれない。）,00415,3大都市圏平均,1984000000,1984年,円
128887,1,全世帯,005,第４階級,144,商品,00000,全国,1984000000,1984年,円
136542,1,全世帯,005,第４階級,144,商品,00415,3大都市圏平均,1984000000,1984年,円
10744,1,全世帯,005,第４階級,145,耐久財,00000,全国,1984000000,1984年,円
11464,1,全世帯,005,第４階級,145,耐久財,00415,3大都市圏平均,1984000000,1984年,円
22368,1,全世帯,005,第４階級,146,半耐久財,00000,全国,1984000000,1984年,円
24386,1,全世帯,005,第４階級,146,半耐久財,00415,3大都市圏平均,1984000000,1984年,円
95775,1,全世帯,005,第４階級,147,非耐久財,00000,全国,1984000000,1984年,円
100693,1,全世帯,005,第４階級,147,非耐久財,00415,3大都市圏平均,1984000000,1984年,円
68247,1,全世帯,005,第４階級,148,サービス,00000,全国,1984000000,1984年,円
78528,1,全世帯,005,第４階級,148,サービス,00415,3大都市圏平均,1984000000,1984年,円
74815,1,全世帯,005,第４階級,149,（財・サービス区分の食料）,00000,全国,1984000000,1984年,円
81771,1,全世帯,005,第４階級,149,（財・サービス区分の食料）,00415,3大都市圏平均,1984000000,1984年,円
63422,1,全世帯,005,第４階級,150,（財・サービス区分「食料」の非耐久財）,00000,全国,1984000000,1984年,円
68542,1,全世帯,005,第４階級,150,（財・サービス区分「食料」の非耐久財）,00415,3大都市圏平均,1984000000,1984年,円
11393,1,全世帯,005,第４階級,151,（財・サービス区分「食料」のサービス）,00000,全国,1984000000,1984年,円
13229,1,全世帯,005,第４階級,151,（財・サービス区分「食料」のサービス）,00415,3大都市圏平均,1984000000,1984年,円
13632,1,全世帯,005,第４階級,152,（財・サービス区分の住居）,00000,全国,1984000000,1984年,円
16664,1,全世帯,005,第４階級,152,（財・サービス区分の住居）,00415,3大都市圏平均,1984000000,1984年,円
576,1,全世帯,005,第４階級,153,（財・サービス区分「住居」の耐久財）,00000,全国,1984000000,1984年,円
515,1,全世帯,005,第４階級,153,（財・サービス区分「住居」の耐久財）,00415,3大都市圏平均,1984000000,1984年,円
320,1,全世帯,005,第４階級,154,（財・サービス区分「住居」の半耐久財）,00000,全国,1984000000,1984年,円
271,1,全世帯,005,第４階級,154,（財・サービス区分「住居」の半耐久財）,00415,3大都市圏平均,1984000000,1984年,円
12735,1,全世帯,005,第４階級,155,（財・サービス区分「住居」のサービス）,00000,全国,1984000000,1984年,円
15878,1,全世帯,005,第４階級,155,（財・サービス区分「住居」のサービス）,00415,3大都市圏平均,1984000000,1984年,円
14629,1,全世帯,005,第４階級,156,光熱・水道（非耐久財）（財・サービス区分の光熱・水道）,00000,全国,1984000000,1984年,円
15417,1,全世帯,005,第４階級,156,光熱・水道（非耐久財）（財・サービス区分の光熱・水道）,00415,3大都市圏平均,1984000000,1984年,円
9870,1,全世帯,005,第４階級,157,家具・家事用品（財・サービス区分の家具・家事用品）,00000,全国,1984000000,1984年,円
10460,1,全世帯,005,第４階級,157,家具・家事用品（財・サービス区分の家具・家事用品）,00415,3大都市圏平均,1984000000,1984年,円
3926,1,全世帯,005,第４階級,158,（財・サービス区分「家具・家事用品」の耐久財）,00000,全国,1984000000,1984年,円
4012,1,全世帯,005,第４階級,158,（財・サービス区分「家具・家事用品」の耐久財）,00415,3大都市圏平均,1984000000,1984年,円
3409,1,全世帯,005,第４階級,159,（財・サービス区分「家具・家事用品」の半耐久財）,00000,全国,1984000000,1984年,円
3918,1,全世帯,005,第４階級,159,（財・サービス区分「家具・家事用品」の半耐久財）,00415,3大都市圏平均,1984000000,1984年,円
1801,1,全世帯,005,第４階級,160,（財・サービス区分「家具・家事用品」の非耐久財）,00000,全国,1984000000,1984年,円
1976,1,全世帯,005,第４階級,160,（財・サービス区分「家具・家事用品」の非耐久財）,00415,3大都市圏平均,1984000000,1984年,円
734,1,全世帯,005,第４階級,161,（財・サービス区分「家具・家事用品」のサービス）,00000,全国,1984000000,1984年,円
554,1,全世帯,005,第４階級,161,（財・サービス区分「家具・家事用品」のサービス）,00415,3大都市圏平均,1984000000,1984年,円
14569,1,全世帯,005,第４階級,162,被服及び履物（財・サービス区分の被服及び履物）,00000,全国,1984000000,1984年,円
15995,1,全世帯,005,第４階級,162,被服及び履物（財・サービス区分の被服及び履物）,00415,3大都市圏平均,1984000000,1984年,円
13553,1,全世帯,005,第４階級,163,（財・サービス区分「被服及び履物」の半耐久財）,00000,全国,1984000000,1984年,円
14833,1,全世帯,005,第４階級,163,（財・サービス区分「被服及び履物」の半耐久財）,00415,3大都市圏平均,1984000000,1984年,円
1016,1,全世帯,005,第４階級,164,（財・サービス区分「被服及び履物」のサービス）,00000,全国,1984000000,1984年,円
1162,1,全世帯,005,第４階級,164,（財・サービス区分「被服及び履物」のサービス）,00415,3大都市圏平均,1984000000,1984年,円
6296,1,全世帯,005,第４階級,165,（財・サービス区分の保健医療）,00000,全国,1984000000,1984年,円
6548,1,全世帯,005,第４階級,165,（財・サービス区分の保健医療）,00415,3大都市圏平均,1984000000,1984年,円
322,1,全世帯,005,第４階級,166,（財・サービス区分「保健医療」の耐久財）,00000,全国,1984000000,1984年,円
332,1,全世帯,005,第４階級,166,（財・サービス区分「保健医療」の耐久財）,00415,3大都市圏平均,1984000000,1984年,円
315,1,全世帯,005,第４階級,167,（財・サービス区分「保健医療」の半耐久財）,00000,全国,1984000000,1984年,円
215,1,全世帯,005,第４階級,167,（財・サービス区分「保健医療」の半耐久財）,00415,3大都市圏平均,1984000000,1984年,円
1733,1,全世帯,005,第４階級,168,（財・サービス区分「保健医療」の非耐久財）,00000,全国,1984000000,1984年,円
1776,1,全世帯,005,第４階級,168,（財・サービス区分「保健医療」の非耐久財）,00415,3大都市圏平均,1984000000,1984年,円
3925,1,全世帯,005,第４階級,169,（財・サービス区分「保健医療」のサービス）,00000,全国,1984000000,1984年,円
4226,1,全世帯,005,第４階級,169,（財・サービス区分「保健医療」のサービス）,00415,3大都市圏平均,1984000000,1984年,円
23668,1,全世帯,005,第４階級,170,（財・サービス区分の交通通信）,00000,全国,1984000000,1984年,円
23547,1,全世帯,005,第４階級,170,（財・サービス区分の交通通信）,00415,3大都市圏平均,1984000000,1984年,円
3835,1,全世帯,005,第４階級,171,（財・サービス区分「交通通信」の耐久財）,00000,全国,1984000000,1984年,円
4005,1,全世帯,005,第４階級,171,（財・サービス区分「交通通信」の耐久財）,00415,3大都市圏平均,1984000000,1984年,円
410,1,全世帯,005,第４階級,172,（財・サービス区分「交通通信」の半耐久財）,00000,全国,1984000000,1984年,円
330,1,全世帯,005,第４階級,172,（財・サービス区分「交通通信」の半耐久財）,00415,3大都市圏平均,1984000000,1984年,円
5492,1,全世帯,005,第４階級,173,（財・サービス区分「交通通信」の非耐久財）,00000,全国,1984000000,1984年,円
3891,1,全世帯,005,第４階級,173,（財・サービス区分「交通通信」の非耐久財）,00415,3大都市圏平均,1984000000,1984年,円
13931,1,全世帯,005,第４階級,174,（財・サービス区分「交通通信」のサービス）,00000,全国,1984000000,1984年,円
15321,1,全世帯,005,第４階級,174,（財・サービス区分「交通通信」のサービス）,00415,3大都市圏平均,1984000000,1984年,円
8005,1,全世帯,005,第４階級,175,（財・サービス区分の教育）,00000,全国,1984000000,1984年,円
10460,1,全世帯,005,第４階級,175,（財・サービス区分の教育）,00415,3大都市圏平均,1984000000,1984年,円
321,1,全世帯,005,第４階級,176,（財・サービス区分「教育」の非耐久財）,00000,全国,1984000000,1984年,円
317,1,全世帯,005,第４階級,176,（財・サービス区分「教育」の非耐久財）,00415,3大都市圏平均,1984000000,1984年,円
7684,1,全世帯,005,第４階級,177,（財・サービス区分「教育」のサービス）,00000,全国,1984000000,1984年,円
10144,1,全世帯,005,第４階級,177,（財・サービス区分「教育」のサービス）,00415,3大都市圏平均,1984000000,1984年,円
18999,1,全世帯,005,第４階級,178,（財・サービス区分の教養娯楽）,00000,全国,1984000000,1984年,円
22184,1,全世帯,005,第４階級,178,（財・サービス区分の教養娯楽）,00415,3大都市圏平均,1984000000,1984年,円
1948,1,全世帯,005,第４階級,179,（財・サービス区分「教養娯楽」の耐久財）,00000,全国,1984000000,1984年,円
2460,1,全世帯,005,第４階級,179,（財・サービス区分「教養娯楽」の耐久財）,00415,3大都市圏平均,1984000000,1984年,円
3291,1,全世帯,005,第４階級,180,（財・サービス区分「教養娯楽」の半耐久財）,00000,全国,1984000000,1984年,円
3480,1,全世帯,005,第４階級,180,（財・サービス区分「教養娯楽」の半耐久財）,00415,3大都市圏平均,1984000000,1984年,円
4383,1,全世帯,005,第４階級,181,（財・サービス区分「教養娯楽」の非耐久財）,00000,全国,1984000000,1984年,円
4995,1,全世帯,005,第４階級,181,（財・サービス区分「教養娯楽」の非耐久財）,00415,3大都市圏平均,1984000000,1984年,円
9378,1,全世帯,005,第４階級,182,（財・サービス区分「教養娯楽」のサービス）,00000,全国,1984000000,1984年,円
11249,1,全世帯,005,第４階級,182,（財・サービス区分「教養娯楽」のサービス）,00415,3大都市圏平均,1984000000,1984年,円
12651,1,全世帯,005,第４階級,183,（財・サービス区分の諸雑費）,00000,全国,1984000000,1984年,円
12023,1,全世帯,005,第４階級,183,（財・サービス区分の諸雑費）,00415,3大都市圏平均,1984000000,1984年,円
138,1,全世帯,005,第４階級,184,（財・サービス区分「諸雑費」の耐久財）,00000,全国,1984000000,1984年,円
140,1,全世帯,005,第４階級,184,（財・サービス区分「諸雑費」の耐久財）,00415,3大都市圏平均,1984000000,1984年,円
1070,1,全世帯,005,第４階級,185,（財・サービス区分「諸雑費」の半耐久財）,00000,全国,1984000000,1984年,円
1340,1,全世帯,005,第４階級,185,（財・サービス区分「諸雑費」の半耐久財）,00415,3大都市圏平均,1984000000,1984年,円
3993,1,全世帯,005,第４階級,186,（財・サービス区分「諸雑費」の非耐久財）,00000,全国,1984000000,1984年,円
3779,1,全世帯,005,第４階級,186,（財・サービス区分「諸雑費」の非耐久財）,00415,3大都市圏平均,1984000000,1984年,円
7450,1,全世帯,005,第４階級,187,（財・サービス区分「諸雑費」のサービス）,00000,全国,1984000000,1984年,円
6764,1,全世帯,005,第４階級,187,（財・サービス区分「諸雑費」のサービス）,00415,3大都市圏平均,1984000000,1984年,円
70852,1,全世帯,005,第４階級,188,（（特掲）五大費目）,00000,全国,1984000000,1984年,円
77964,1,全世帯,005,第４階級,188,（（特掲）五大費目）,00415,3大都市圏平均,1984000000,1984年,円
23183,1,全世帯,005,第４階級,189,（（特掲）五大費目）,00000,全国,1984000000,1984年,円
27402,1,全世帯,005,第４階級,189,（（特掲）五大費目）,00415,3大都市圏平均,1984000000,1984年,円
11937,1,全世帯,005,第４階級,190,（（特掲）五大費目）,00000,全国,1984000000,1984年,円
12123,1,全世帯,005,第４階級,190,（（特掲）五大費目）,00415,3大都市圏平均,1984000000,1984年,円
15583,1,全世帯,005,第４階級,191,（（特掲）五大費目）,00000,全国,1984000000,1984年,円
17602,1,全世帯,005,第４階級,191,（（特掲）五大費目）,00415,3大都市圏平均,1984000000,1984年,円
106188,1,全世帯,005,第４階級,192,（（特掲）五大費目）,00000,全国,1984000000,1984年,円
113270,1,全世帯,005,第４階級,192,（（特掲）五大費目）,00415,3大都市圏平均,1984000000,1984年,円
13889,1,全世帯,005,第４階級,193,現物支出（総額）,00000,全国,1984000000,1984年,円
13546,1,全世帯,005,第４階級,193,現物支出（総額）,00415,3大都市圏平均,1984000000,1984年,円
2377,1,全世帯,005,第４階級,194,（現物支出の自家産物）,00000,全国,1984000000,1984年,円
821,1,全世帯,005,第４階級,194,（現物支出の自家産物）,00415,3大都市圏平均,1984000000,1984年,円
11512,1,全世帯,005,第４階級,195,（現物支出の自家産物以外）,00000,全国,1984000000,1984年,円
12725,1,全世帯,005,第４階級,195,（現物支出の自家産物以外）,00415,3大都市圏平均,1984000000,1984年,円
10587,1,全世帯,005,第４階級,196,（現物支出の食料）,00000,全国,1984000000,1984年,円
8873,1,全世帯,005,第４階級,196,（現物支出の食料）,00415,3大都市圏平均,1984000000,1984年,円
2234,1,全世帯,005,第４階級,197,（現物支出「食料」の自家産物）,00000,全国,1984000000,1984年,円
774,1,全世帯,005,第４階級,197,（現物支出「食料」の自家産物）,00415,3大都市圏平均,1984000000,1984年,円
8353,1,全世帯,005,第４階級,198,その他（受贈物等）（現物支出「食料」の自家産物以外）,00000,全国,1984000000,1984年,円
8099,1,全世帯,005,第４階級,198,その他（受贈物等）（現物支出「食料」の自家産物以外）,00415,3大都市圏平均,1984000000,1984年,円
23,1,全世帯,005,第４階級,199,（現物支出の住居）,00000,全国,1984000000,1984年,円
28,1,全世帯,005,第４階級,199,（現物支出の住居）,00415,3大都市圏平均,1984000000,1984年,円
45,1,全世帯,005,第４階級,200,（現物支出の光熱・水道）,00000,全国,1984000000,1984年,円
26,1,全世帯,005,第４階級,200,（現物支出の光熱・水道）,00415,3大都市圏平均,1984000000,1984年,円
908,1,全世帯,005,第４階級,201,（現物支出の家具・家事用品）,00000,全国,1984000000,1984年,円
1189,1,全世帯,005,第４階級,201,（現物支出の家具・家事用品）,00415,3大都市圏平均,1984000000,1984年,円
853,1,全世帯,005,第４階級,202,（現物支出の被服及び履物）,00000,全国,1984000000,1984年,円
1797,1,全世帯,005,第４階級,202,（現物支出の被服及び履物）,00415,3大都市圏平均,1984000000,1984年,円
76,1,全世帯,005,第４階級,203,（現物支出の保健医療）,00000,全国,1984000000,1984年,円
80,1,全世帯,005,第４階級,203,（現物支出の保健医療）,00415,3大都市圏平均,1984000000,1984年,円
297,1,全世帯,005,第４階級,204,（現物支出の交通通信）,00000,全国,1984000000,1984年,円
465,1,全世帯,005,第４階級,204,（現物支出の交通通信）,00415,3大都市圏平均,1984000000,1984年,円
0,1,全世帯,005,第４階級,205,（現物支出の教育）,00000,全国,1984000000,1984年,円
-,1,全世帯,005,第４階級,205,（現物支出の教育）,00415,3大都市圏平均,1984000000,1984年,円
515,1,全世帯,005,第４階級,206,（現物支出の教養娯楽）,00000,全国,1984000000,1984年,円
537,1,全世帯,005,第４階級,206,（現物支出の教養娯楽）,00415,3大都市圏平均,1984000000,1984年,円
586,1,全世帯,005,第４階級,207,（現物支出のその他の消費支出）,00000,全国,1984000000,1984年,円
550,1,全世帯,005,第４階級,207,（現物支出のその他の消費支出）,00415,3大都市圏平均,1984000000,1984年,円
136,1,全世帯,005,第４階級,208,（現物支出の交際費（自家産物の贈与））,00000,全国,1984000000,1984年,円
40,1,全世帯,005,第４階級,208,（現物支出の交際費（自家産物の贈与））,00415,3大都市圏平均,1984000000,1984年,円
23232,1,全世帯,005,第４階級,209,〔持家の帰属家賃〕,00000,全国,1984000000,1984年,円
27233,1,全世帯,005,第４階級,209,〔持家の帰属家賃〕,00415,3大都市圏平均,1984000000,1984年,円
31.1,1,全世帯,005,第４階級,210,エンゲル係数（％）,00000,全国,1984000000,1984年,％
31.4,1,全世帯,005,第４階級,210,エンゲル係数（％）,00415,3大都市圏平均,1984000000,1984年,％
4569,1,全世帯,005,第４階級,211,貯蓄現在高（千円）,00000,全国,1984000000,1984年,千円
5298,1,全世帯,005,第４階級,211,貯蓄現在高（千円）,00415,3大都市圏平均,1984000000,1984年,千円
413,1,全世帯,005,第４階級,212,通貨性預貯金（千円）,00000,全国,1984000000,1984年,千円
383,1,全世帯,005,第４階級,212,通貨性預貯金（千円）,00415,3大都市圏平均,1984000000,1984年,千円
2306,1,全世帯,005,第４階級,213,定期性預貯金（千円）,00000,全国,1984000000,1984年,千円
2561,1,全世帯,005,第４階級,213,定期性預貯金（千円）,00415,3大都市圏平均,1984000000,1984年,千円
1024,1,全世帯,005,第４階級,214,生命保険（千円）,00000,全国,1984000000,1984年,千円
1067,1,全世帯,005,第４階級,214,生命保険（千円）,00415,3大都市圏平均,1984000000,1984年,千円
663,1,全世帯,005,第４階級,215,有価証券（千円）,00000,全国,1984000000,1984年,千円
1041,1,全世帯,005,第４階級,215,有価証券（千円）,00415,3大都市圏平均,1984000000,1984年,千円
2002,1,全世帯,005,第４階級,216,負債現在高（千円）,00000,全国,1984000000,1984年,千円
2362,1,全世帯,005,第４階級,216,負債現在高（千円）,00415,3大都市圏平均,1984000000,1984年,千円
1695,1,全世帯,005,第４階級,217,うち住宅・土地のため（千円）,00000,全国,1984000000,1984年,千円
2151,1,全世帯,005,第４階級,217,うち住宅・土地のため（千円）,00415,3大都市圏平均,1984000000,1984年,千円
53.4,1,全世帯,005,第４階級,218,負債保有率（％）,00000,全国,1984000000,1984年,％
49,1,全世帯,005,第４階級,218,負債保有率（％）,00415,3大都市圏平均,1984000000,1984年,％
29.1,1,全世帯,005,第４階級,219,うち住宅・土地のため（％）,00000,全国,1984000000,1984年,％
29.3,1,全世帯,005,第４階級,219,うち住宅・土地のため（％）,00415,3大都市圏平均,1984000000,1984年,％
4954,1,全世帯,006,第５階級,001,集計世帯数,00000,全国,1984000000,1984年,世帯
1857,1,全世帯,006,第５階級,001,集計世帯数,00415,3大都市圏平均,1984000000,1984年,世帯
81591,1,全世帯,006,第５階級,002,世帯数分布（抽出率調整）,00000,全国,1984000000,1984年,世帯
37409,1,全世帯,006,第５階級,002,世帯数分布（抽出率調整）,00415,3大都市圏平均,1984000000,1984年,世帯
1000,1,全世帯,006,第５階級,003,（１万分比）,00000,全国,1984000000,1984年,
1000,1,全世帯,006,第５階級,003,（１万分比）,00415,3大都市圏平均,1984000000,1984年,
3.95,1,全世帯,006,第５階級,004,世帯人員（人）,00000,全国,1984000000,1984年,人
3.83,1,全世帯,006,第５階級,004,世帯人員（人）,00415,3大都市圏平均,1984000000,1984年,人
1.64,1,全世帯,006,第５階級,005,有業人員（人）,00000,全国,1984000000,1984年,人
1.53,1,全世帯,006,第５階級,005,有業人員（人）,00415,3大都市圏平均,1984000000,1984年,人
43.5,1,全世帯,006,第５階級,006,世帯主の年齢（歳）,00000,全国,1984000000,1984年,歳
42.7,1,全世帯,006,第５階級,006,世帯主の年齢（歳）,00415,3大都市圏平均,1984000000,1984年,歳
70.5,1,全世帯,006,第５階級,007,持家率（％）,00000,全国,1984000000,1984年,％
66.1,1,全世帯,006,第５階級,007,持家率（％）,00415,3大都市圏平均,1984000000,1984年,％
5.1,1,全世帯,006,第５階級,008,居住室数（室）,00000,全国,1984000000,1984年,室
4.6,1,全世帯,006,第５階級,008,居住室数（室）,00415,3大都市圏平均,1984000000,1984年,室
29.8,1,全世帯,006,第５階級,009,家賃・地代を支払っている世帯割合（％）,00000,全国,1984000000,1984年,％
35.4,1,全世帯,006,第５階級,009,家賃・地代を支払っている世帯割合（％）,00415,3大都市圏平均,1984000000,1984年,％
4583,1,全世帯,006,第５階級,010,年間収入（千円）,00000,全国,1984000000,1984年,千円
4906,1,全世帯,006,第５階級,010,年間収入（千円）,00415,3大都市圏平均,1984000000,1984年,千円
244735,1,全世帯,006,第５階級,011,消費支出,00000,全国,1984000000,1984年,円
259828,1,全世帯,006,第５階級,011,消費支出,00415,3大都市圏平均,1984000000,1984年,円
74809,1,全世帯,006,第５階級,012,食料,00000,全国,1984000000,1984年,円
81358,1,全世帯,006,第５階級,012,食料,00415,3大都市圏平均,1984000000,1984年,円
9249,1,全世帯,006,第５階級,013,穀類,00000,全国,1984000000,1984年,円
10264,1,全世帯,006,第５階級,013,穀類,00415,3大都市圏平均,1984000000,1984年,円
5568,1,全世帯,006,第５階級,014,米類,00000,全国,1984000000,1984年,円
6084,1,全世帯,006,第５階級,014,米類,00415,3大都市圏平均,1984000000,1984年,円
2054,1,全世帯,006,第５階級,015,パン,00000,全国,1984000000,1984年,円
2403,1,全世帯,006,第５階級,015,パン,00415,3大都市圏平均,1984000000,1984年,円
1337,1,全世帯,006,第５階級,016,めん類,00000,全国,1984000000,1984年,円
1448,1,全世帯,006,第５階級,016,めん類,00415,3大都市圏平均,1984000000,1984年,円
289,1,全世帯,006,第５階級,017,穀粉・その他,00000,全国,1984000000,1984年,円
329,1,全世帯,006,第５階級,017,穀粉・その他,00415,3大都市圏平均,1984000000,1984年,円
10508,1,全世帯,006,第５階級,018,魚介類,00000,全国,1984000000,1984年,円
10635,1,全世帯,006,第５階級,018,魚介類,00415,3大都市圏平均,1984000000,1984年,円
6883,1,全世帯,006,第５階級,019,生鮮魚介,00000,全国,1984000000,1984年,円
6915,1,全世帯,006,第５階級,019,生鮮魚介,00415,3大都市圏平均,1984000000,1984年,円
2212,1,全世帯,006,第５階級,020,塩干魚介,00000,全国,1984000000,1984年,円
2278,1,全世帯,006,第５階級,020,塩干魚介,00415,3大都市圏平均,1984000000,1984年,円
899,1,全世帯,006,第５階級,021,魚肉練製品,00000,全国,1984000000,1984年,円
904,1,全世帯,006,第５階級,021,魚肉練製品,00415,3大都市圏平均,1984000000,1984年,円
515,1,全世帯,006,第５階級,022,他の魚介加工品,00000,全国,1984000000,1984年,円
538,1,全世帯,006,第５階級,022,他の魚介加工品,00415,3大都市圏平均,1984000000,1984年,円
8336,1,全世帯,006,第５階級,023,肉類,00000,全国,1984000000,1984年,円
9356,1,全世帯,006,第５階級,023,肉類,00415,3大都市圏平均,1984000000,1984年,円
6979,1,全世帯,006,第５階級,024,生鮮肉,00000,全国,1984000000,1984年,円
7784,1,全世帯,006,第５階級,024,生鮮肉,00415,3大都市圏平均,1984000000,1984年,円
1357,1,全世帯,006,第５階級,025,加工肉,00000,全国,1984000000,1984年,円
1572,1,全世帯,006,第５階級,025,加工肉,00415,3大都市圏平均,1984000000,1984年,円
4047,1,全世帯,006,第５階級,026,乳卵類,00000,全国,1984000000,1984年,円
4201,1,全世帯,006,第５階級,026,乳卵類,00415,3大都市圏平均,1984000000,1984年,円
2117,1,全世帯,006,第５階級,027,牛乳,00000,全国,1984000000,1984年,円
2108,1,全世帯,006,第５階級,027,牛乳,00415,3大都市圏平均,1984000000,1984年,円
617,1,全世帯,006,第５階級,028,乳製品,00000,全国,1984000000,1984年,円
768,1,全世帯,006,第５階級,028,乳製品,00415,3大都市圏平均,1984000000,1984年,円
1313,1,全世帯,006,第５階級,029,卵,00000,全国,1984000000,1984年,円
1325,1,全世帯,006,第５階級,029,卵,00415,3大都市圏平均,1984000000,1984年,円
8845,1,全世帯,006,第５階級,030,野菜・海草,00000,全国,1984000000,1984年,円
9914,1,全世帯,006,第５階級,030,野菜・海草,00415,3大都市圏平均,1984000000,1984年,円
5873,1,全世帯,006,第５階級,031,生鮮野菜,00000,全国,1984000000,1984年,円
6802,1,全世帯,006,第５階級,031,生鮮野菜,00415,3大都市圏平均,1984000000,1984年,円
724,1,全世帯,006,第５階級,032,乾物・海草,00000,全国,1984000000,1984年,円
777,1,全世帯,006,第５階級,032,乾物・海草,00415,3大都市圏平均,1984000000,1984年,円
1051,1,全世帯,006,第５階級,033,大豆加工品,00000,全国,1984000000,1984年,円
1057,1,全世帯,006,第５階級,033,大豆加工品,00415,3大都市圏平均,1984000000,1984年,円
1196,1,全世帯,006,第５階級,034,他の野菜・海草加工品,00000,全国,1984000000,1984年,円
1277,1,全世帯,006,第５階級,034,他の野菜・海草加工品,00415,3大都市圏平均,1984000000,1984年,円
4326,1,全世帯,006,第５階級,035,果物,00000,全国,1984000000,1984年,円
4610,1,全世帯,006,第５階級,035,果物,00415,3大都市圏平均,1984000000,1984年,円
4251,1,全世帯,006,第５階級,036,生鮮果物,00000,全国,1984000000,1984年,円
4527,1,全世帯,006,第５階級,036,生鮮果物,00415,3大都市圏平均,1984000000,1984年,円
75,1,全世帯,006,第５階級,037,果物加工品,00000,全国,1984000000,1984年,円
83,1,全世帯,006,第５階級,037,果物加工品,00415,3大都市圏平均,1984000000,1984年,円
3091,1,全世帯,006,第５階級,038,油脂・調味料,00000,全国,1984000000,1984年,円
3126,1,全世帯,006,第５階級,038,油脂・調味料,00415,3大都市圏平均,1984000000,1984年,円
496,1,全世帯,006,第５階級,039,油脂,00000,全国,1984000000,1984年,円
497,1,全世帯,006,第５階級,039,油脂,00415,3大都市圏平均,1984000000,1984年,円
2595,1,全世帯,006,第５階級,040,調味料,00000,全国,1984000000,1984年,円
2628,1,全世帯,006,第５階級,040,調味料,00415,3大都市圏平均,1984000000,1984年,円
5532,1,全世帯,006,第５階級,041,菓子類,00000,全国,1984000000,1984年,円
5723,1,全世帯,006,第５階級,041,菓子類,00415,3大都市圏平均,1984000000,1984年,円
3579,1,全世帯,006,第５階級,042,調理食品,00000,全国,1984000000,1984年,円
4009,1,全世帯,006,第５階級,042,調理食品,00415,3大都市圏平均,1984000000,1984年,円
840,1,全世帯,006,第５階級,043,主食的調理食品,00000,全国,1984000000,1984年,円
1042,1,全世帯,006,第５階級,043,主食的調理食品,00415,3大都市圏平均,1984000000,1984年,円
2739,1,全世帯,006,第５階級,044,他の調理食品,00000,全国,1984000000,1984年,円
2967,1,全世帯,006,第５階級,044,他の調理食品,00415,3大都市圏平均,1984000000,1984年,円
2435,1,全世帯,006,第５階級,045,飲料,00000,全国,1984000000,1984年,円
2620,1,全世帯,006,第５階級,045,飲料,00415,3大都市圏平均,1984000000,1984年,円
403,1,全世帯,006,第５階級,046,茶類,00000,全国,1984000000,1984年,円
452,1,全世帯,006,第５階級,046,茶類,00415,3大都市圏平均,1984000000,1984年,円
511,1,全世帯,006,第５階級,047,コーヒー・ココア,00000,全国,1984000000,1984年,円
573,1,全世帯,006,第５階級,047,コーヒー・ココア,00415,3大都市圏平均,1984000000,1984年,円
1521,1,全世帯,006,第５階級,048,他の飲料,00000,全国,1984000000,1984年,円
1595,1,全世帯,006,第５階級,048,他の飲料,00415,3大都市圏平均,1984000000,1984年,円
3693,1,全世帯,006,第５階級,049,酒類,00000,全国,1984000000,1984年,円
3918,1,全世帯,006,第５階級,049,酒類,00415,3大都市圏平均,1984000000,1984年,円
11168,1,全世帯,006,第５階級,050,外食,00000,全国,1984000000,1984年,円
12982,1,全世帯,006,第５階級,050,外食,00415,3大都市圏平均,1984000000,1984年,円
8958,1,全世帯,006,第５階級,051,一般外食,00000,全国,1984000000,1984年,円
10966,1,全世帯,006,第５階級,051,一般外食,00415,3大都市圏平均,1984000000,1984年,円
2209,1,全世帯,006,第５階級,052,学校給食,00000,全国,1984000000,1984年,円
2016,1,全世帯,006,第５階級,052,学校給食,00415,3大都市圏平均,1984000000,1984年,円
12005,1,全世帯,006,第５階級,053,住居,00000,全国,1984000000,1984年,円
13953,1,全世帯,006,第５階級,053,住居,00415,3大都市圏平均,1984000000,1984年,円
7852,1,全世帯,006,第５階級,054,家賃・地代,00000,全国,1984000000,1984年,円
10311,1,全世帯,006,第５階級,054,家賃・地代,00415,3大都市圏平均,1984000000,1984年,円
4153,1,全世帯,006,第５階級,055,設備修繕・維持,00000,全国,1984000000,1984年,円
3642,1,全世帯,006,第５階級,055,設備修繕・維持,00415,3大都市圏平均,1984000000,1984年,円
858,1,全世帯,006,第５階級,056,設備材料,00000,全国,1984000000,1984年,円
657,1,全世帯,006,第５階級,056,設備材料,00415,3大都市圏平均,1984000000,1984年,円
3294,1,全世帯,006,第５階級,057,工事その他のサービス,00000,全国,1984000000,1984年,円
2986,1,全世帯,006,第５階級,057,工事その他のサービス,00415,3大都市圏平均,1984000000,1984年,円
15416,1,全世帯,006,第５階級,058,光熱・水道,00000,全国,1984000000,1984年,円
15951,1,全世帯,006,第５階級,058,光熱・水道,00415,3大都市圏平均,1984000000,1984年,円
7106,1,全世帯,006,第５階級,059,電気代,00000,全国,1984000000,1984年,円
7181,1,全世帯,006,第５階級,059,電気代,00415,3大都市圏平均,1984000000,1984年,円
4273,1,全世帯,006,第５階級,060,ガス代,00000,全国,1984000000,1984年,円
4785,1,全世帯,006,第５階級,060,ガス代,00415,3大都市圏平均,1984000000,1984年,円
1219,1,全世帯,006,第５階級,061,他の光熱,00000,全国,1984000000,1984年,円
602,1,全世帯,006,第５階級,061,他の光熱,00415,3大都市圏平均,1984000000,1984年,円
2818,1,全世帯,006,第５階級,062,水道料,00000,全国,1984000000,1984年,円
3382,1,全世帯,006,第５階級,062,水道料,00415,3大都市圏平均,1984000000,1984年,円
10540,1,全世帯,006,第５階級,063,家具・家事用品,00000,全国,1984000000,1984年,円
10842,1,全世帯,006,第５階級,063,家具・家事用品,00415,3大都市圏平均,1984000000,1984年,円
3741,1,全世帯,006,第５階級,064,家庭用耐久財,00000,全国,1984000000,1984年,円
4166,1,全世帯,006,第５階級,064,家庭用耐久財,00415,3大都市圏平均,1984000000,1984年,円
1700,1,全世帯,006,第５階級,065,家事用耐久財,00000,全国,1984000000,1984年,円
1581,1,全世帯,006,第５階級,065,家事用耐久財,00415,3大都市圏平均,1984000000,1984年,円
1035,1,全世帯,006,第５階級,066,冷暖房用器具,00000,全国,1984000000,1984年,円
1268,1,全世帯,006,第５階級,066,冷暖房用器具,00415,3大都市圏平均,1984000000,1984年,円
1005,1,全世帯,006,第５階級,067,一般家具,00000,全国,1984000000,1984年,円
1316,1,全世帯,006,第５階級,067,一般家具,00415,3大都市圏平均,1984000000,1984年,円
740,1,全世帯,006,第５階級,068,室内装備品,00000,全国,1984000000,1984年,円
788,1,全世帯,006,第５階級,068,室内装備品,00415,3大都市圏平均,1984000000,1984年,円
1410,1,全世帯,006,第５階級,069,寝具類,00000,全国,1984000000,1984年,円
1303,1,全世帯,006,第５階級,069,寝具類,00415,3大都市圏平均,1984000000,1984年,円
1991,1,全世帯,006,第５階級,070,家事雑貨,00000,全国,1984000000,1984年,円
1995,1,全世帯,006,第５階級,070,家事雑貨,00415,3大都市圏平均,1984000000,1984年,円
1857,1,全世帯,006,第５階級,071,家事用消耗品,00000,全国,1984000000,1984年,円
1946,1,全世帯,006,第５階級,071,家事用消耗品,00415,3大都市圏平均,1984000000,1984年,円
801,1,全世帯,006,第５階級,072,家事サービス,00000,全国,1984000000,1984年,円
644,1,全世帯,006,第５階級,072,家事サービス,00415,3大都市圏平均,1984000000,1984年,円
15486,1,全世帯,006,第５階級,073,被服及び履物,00000,全国,1984000000,1984年,円
16744,1,全世帯,006,第５階級,073,被服及び履物,00415,3大都市圏平均,1984000000,1984年,円
998,1,全世帯,006,第５階級,074,和服,00000,全国,1984000000,1984年,円
963,1,全世帯,006,第５階級,074,和服,00415,3大都市圏平均,1984000000,1984年,円
5692,1,全世帯,006,第５階級,075,洋服,00000,全国,1984000000,1984年,円
6391,1,全世帯,006,第５階級,075,洋服,00415,3大都市圏平均,1984000000,1984年,円
1993,1,全世帯,006,第５階級,076,男子洋服,00000,全国,1984000000,1984年,円
2268,1,全世帯,006,第５階級,076,男子洋服,00415,3大都市圏平均,1984000000,1984年,円
2631,1,全世帯,006,第５階級,077,婦人洋服,00000,全国,1984000000,1984年,円
2965,1,全世帯,006,第５階級,077,婦人洋服,00415,3大都市圏平均,1984000000,1984年,円
1068,1,全世帯,006,第５階級,078,子供洋服,00000,全国,1984000000,1984年,円
1158,1,全世帯,006,第５階級,078,子供洋服,00415,3大都市圏平均,1984000000,1984年,円
2453,1,全世帯,006,第５階級,079,シャツ・セーター類,00000,全国,1984000000,1984年,円
2710,1,全世帯,006,第５階級,079,シャツ・セーター類,00415,3大都市圏平均,1984000000,1984年,円
894,1,全世帯,006,第５階級,080,男子シャツ・セーター類,00000,全国,1984000000,1984年,円
952,1,全世帯,006,第５階級,080,男子シャツ・セーター類,00415,3大都市圏平均,1984000000,1984年,円
1172,1,全世帯,006,第５階級,081,婦人シャツ・セーター類,00000,全国,1984000000,1984年,円
1348,1,全世帯,006,第５階級,081,婦人シャツ・セーター類,00415,3大都市圏平均,1984000000,1984年,円
387,1,全世帯,006,第５階級,082,子供シャツ・セーター類,00000,全国,1984000000,1984年,円
410,1,全世帯,006,第５階級,082,子供シャツ・セーター類,00415,3大都市圏平均,1984000000,1984年,円
1479,1,全世帯,006,第５階級,083,下着類,00000,全国,1984000000,1984年,円
1489,1,全世帯,006,第５階級,083,下着類,00415,3大都市圏平均,1984000000,1984年,円
567,1,全世帯,006,第５階級,084,男子下着類,00000,全国,1984000000,1984年,円
550,1,全世帯,006,第５階級,084,男子下着類,00415,3大都市圏平均,1984000000,1984年,円
575,1,全世帯,006,第５階級,085,婦人下着類,00000,全国,1984000000,1984年,円
590,1,全世帯,006,第５階級,085,婦人下着類,00415,3大都市圏平均,1984000000,1984年,円
337,1,全世帯,006,第５階級,086,子供下着類,00000,全国,1984000000,1984年,円
349,1,全世帯,006,第５階級,086,子供下着類,00415,3大都市圏平均,1984000000,1984年,円
785,1,全世帯,006,第５階級,087,生地・糸類,00000,全国,1984000000,1984年,円
830,1,全世帯,006,第５階級,087,生地・糸類,00415,3大都市圏平均,1984000000,1984年,円
1113,1,全世帯,006,第５階級,088,他の被服,00000,全国,1984000000,1984年,円
1166,1,全世帯,006,第５階級,088,他の被服,00415,3大都市圏平均,1984000000,1984年,円
1823,1,全世帯,006,第５階級,089,履物類,00000,全国,1984000000,1984年,円
1950,1,全世帯,006,第５階級,089,履物類,00415,3大都市圏平均,1984000000,1984年,円
1143,1,全世帯,006,第５階級,090,被服関連サービス,00000,全国,1984000000,1984年,円
1245,1,全世帯,006,第５階級,090,被服関連サービス,00415,3大都市圏平均,1984000000,1984年,円
6430,1,全世帯,006,第５階級,091,保健医療,00000,全国,1984000000,1984年,円
6580,1,全世帯,006,第５階級,091,保健医療,00415,3大都市圏平均,1984000000,1984年,円
1356,1,全世帯,006,第５階級,092,医薬品,00000,全国,1984000000,1984年,円
1333,1,全世帯,006,第５階級,092,医薬品,00415,3大都市圏平均,1984000000,1984年,円
1146,1,全世帯,006,第５階級,093,保健医療用品・器具,00000,全国,1984000000,1984年,円
1108,1,全世帯,006,第５階級,093,保健医療用品・器具,00415,3大都市圏平均,1984000000,1984年,円
3928,1,全世帯,006,第５階級,094,保健医療サービス,00000,全国,1984000000,1984年,円
4140,1,全世帯,006,第５階級,094,保健医療サービス,00415,3大都市圏平均,1984000000,1984年,円
24517,1,全世帯,006,第５階級,095,交通通信,00000,全国,1984000000,1984年,円
24238,1,全世帯,006,第５階級,095,交通通信,00415,3大都市圏平均,1984000000,1984年,円
4752,1,全世帯,006,第５階級,096,交通,00000,全国,1984000000,1984年,円
6178,1,全世帯,006,第５階級,096,交通,00415,3大都市圏平均,1984000000,1984年,円
14059,1,全世帯,006,第５階級,097,自動車等関係費,00000,全国,1984000000,1984年,円
12076,1,全世帯,006,第５階級,097,自動車等関係費,00415,3大都市圏平均,1984000000,1984年,円
3585,1,全世帯,006,第５階級,098,自動車,00000,全国,1984000000,1984年,円
3498,1,全世帯,006,第５階級,098,自動車,00415,3大都市圏平均,1984000000,1984年,円
185,1,全世帯,006,第５階級,099,自転車,00000,全国,1984000000,1984年,円
234,1,全世帯,006,第５階級,099,自転車,00415,3大都市圏平均,1984000000,1984年,円
10289,1,全世帯,006,第５階級,100,自動車等維持,00000,全国,1984000000,1984年,円
8343,1,全世帯,006,第５階級,100,自動車等維持,00415,3大都市圏平均,1984000000,1984年,円
5707,1,全世帯,006,第５階級,101,通信,00000,全国,1984000000,1984年,円
5984,1,全世帯,006,第５階級,101,通信,00415,3大都市圏平均,1984000000,1984年,円
9541,1,全世帯,006,第５階級,102,教育,00000,全国,1984000000,1984年,円
11645,1,全世帯,006,第５階級,102,教育,00415,3大都市圏平均,1984000000,1984年,円
7807,1,全世帯,006,第５階級,103,授業料等,00000,全国,1984000000,1984年,円
8927,1,全世帯,006,第５階級,103,授業料等,00415,3大都市圏平均,1984000000,1984年,円
362,1,全世帯,006,第５階級,104,教科書・学習参考書,00000,全国,1984000000,1984年,円
462,1,全世帯,006,第５階級,104,教科書・学習参考書,00415,3大都市圏平均,1984000000,1984年,円
1372,1,全世帯,006,第５階級,105,補習教育,00000,全国,1984000000,1984年,円
2256,1,全世帯,006,第５階級,105,補習教育,00415,3大都市圏平均,1984000000,1984年,円
20921,1,全世帯,006,第５階級,106,教養娯楽,00000,全国,1984000000,1984年,円
22762,1,全世帯,006,第５階級,106,教養娯楽,00415,3大都市圏平均,1984000000,1984年,円
1984,1,全世帯,006,第５階級,107,教養娯楽用耐久財,00000,全国,1984000000,1984年,円
2036,1,全世帯,006,第５階級,107,教養娯楽用耐久財,00415,3大都市圏平均,1984000000,1984年,円
4298,1,全世帯,006,第５階級,108,教養娯楽用品,00000,全国,1984000000,1984年,円
4387,1,全世帯,006,第５階級,108,教養娯楽用品,00415,3大都市圏平均,1984000000,1984年,円
3648,1,全世帯,006,第５階級,109,書籍・他の印刷物,00000,全国,1984000000,1984年,円
3939,1,全世帯,006,第５階級,109,書籍・他の印刷物,00415,3大都市圏平均,1984000000,1984年,円
10991,1,全世帯,006,第５階級,110,教養娯楽サービス,00000,全国,1984000000,1984年,円
12401,1,全世帯,006,第５階級,110,教養娯楽サービス,00415,3大都市圏平均,1984000000,1984年,円
344,1,全世帯,006,第５階級,111,宿泊料,00000,全国,1984000000,1984年,円
323,1,全世帯,006,第５階級,111,宿泊料,00415,3大都市圏平均,1984000000,1984年,円
2814,1,全世帯,006,第５階級,112,パック旅行,00000,全国,1984000000,1984年,円
2971,1,全世帯,006,第５階級,112,パック旅行,00415,3大都市圏平均,1984000000,1984年,円
4111,1,全世帯,006,第５階級,113,月謝類,00000,全国,1984000000,1984年,円
4839,1,全世帯,006,第５階級,113,月謝類,00415,3大都市圏平均,1984000000,1984年,円
3723,1,全世帯,006,第５階級,114,他の教養娯楽サービス,00000,全国,1984000000,1984年,円
4268,1,全世帯,006,第５階級,114,他の教養娯楽サービス,00415,3大都市圏平均,1984000000,1984年,円
55070,1,全世帯,006,第５階級,115,その他の消費支出,00000,全国,1984000000,1984年,円
55755,1,全世帯,006,第５階級,115,その他の消費支出,00415,3大都市圏平均,1984000000,1984年,円
13496,1,全世帯,006,第５階級,116,諸雑費,00000,全国,1984000000,1984年,円
12481,1,全世帯,006,第５階級,116,諸雑費,00415,3大都市圏平均,1984000000,1984年,円
2415,1,全世帯,006,第５階級,117,理美容サービス,00000,全国,1984000000,1984年,円
2457,1,全世帯,006,第５階級,117,理美容サービス,00415,3大都市圏平均,1984000000,1984年,円
2522,1,全世帯,006,第５階級,118,理美容用品,00000,全国,1984000000,1984年,円
2674,1,全世帯,006,第５階級,118,理美容用品,00415,3大都市圏平均,1984000000,1984年,円
1144,1,全世帯,006,第５階級,119,身の回り用品,00000,全国,1984000000,1984年,円
1310,1,全世帯,006,第５階級,119,身の回り用品,00415,3大都市圏平均,1984000000,1984年,円
1843,1,全世帯,006,第５階級,120,たばこ,00000,全国,1984000000,1984年,円
1755,1,全世帯,006,第５階級,120,たばこ,00415,3大都市圏平均,1984000000,1984年,円
5573,1,全世帯,006,第５階級,121,（「諸雑費」のその他）,00000,全国,1984000000,1984年,円
4285,1,全世帯,006,第５階級,121,（「諸雑費」のその他）,00415,3大都市圏平均,1984000000,1984年,円
18369,1,全世帯,006,第５階級,122,こづかい（使途不明）,00000,全国,1984000000,1984年,円
23048,1,全世帯,006,第５階級,122,こづかい（使途不明）,00415,3大都市圏平均,1984000000,1984年,円
19665,1,全世帯,006,第５階級,123,交際費,00000,全国,1984000000,1984年,円
17591,1,全世帯,006,第５階級,123,交際費,00415,3大都市圏平均,1984000000,1984年,円
4431,1,全世帯,006,第５階級,124,（「交際費」の食料）,00000,全国,1984000000,1984年,円
4014,1,全世帯,006,第５階級,124,（「交際費」の食料）,00415,3大都市圏平均,1984000000,1984年,円
606,1,全世帯,006,第５階級,125,家具・家事用品（「交際費」の家具・家事用品）,00000,全国,1984000000,1984年,円
502,1,全世帯,006,第５階級,125,家具・家事用品（「交際費」の家具・家事用品）,00415,3大都市圏平均,1984000000,1984年,円
742,1,全世帯,006,第５階級,126,被服及び履物（「交際費」の被服及び履物）,00000,全国,1984000000,1984年,円
735,1,全世帯,006,第５階級,126,被服及び履物（「交際費」の被服及び履物）,00415,3大都市圏平均,1984000000,1984年,円
389,1,全世帯,006,第５階級,127,（「交際費」の教養娯楽）,00000,全国,1984000000,1984年,円
379,1,全世帯,006,第５階級,127,（「交際費」の教養娯楽）,00415,3大都市圏平均,1984000000,1984年,円
378,1,全世帯,006,第５階級,128,他の物品サービス,00000,全国,1984000000,1984年,円
236,1,全世帯,006,第５階級,128,他の物品サービス,00415,3大都市圏平均,1984000000,1984年,円
9746,1,全世帯,006,第５階級,129,贈与金,00000,全国,1984000000,1984年,円
8078,1,全世帯,006,第５階級,129,贈与金,00415,3大都市圏平均,1984000000,1984年,円
3373,1,全世帯,006,第５階級,130,他の交際費,00000,全国,1984000000,1984年,円
3648,1,全世帯,006,第５階級,130,他の交際費,00415,3大都市圏平均,1984000000,1984年,円
3540,1,全世帯,006,第５階級,131,（「その他の消費支出」の仕送り金）,00000,全国,1984000000,1984年,円
2635,1,全世帯,006,第５階級,131,（「その他の消費支出」の仕送り金）,00415,3大都市圏平均,1984000000,1984年,円
16053,1,全世帯,006,第５階級,132,（再掲）教育関係費,00000,全国,1984000000,1984年,円
16721,1,全世帯,006,第５階級,132,（再掲）教育関係費,00415,3大都市圏平均,1984000000,1984年,円
23494,1,全世帯,006,第５階級,133,（再掲）教養娯楽関係費,00000,全国,1984000000,1984年,円
26107,1,全世帯,006,第５階級,133,（再掲）教養娯楽関係費,00415,3大都市圏平均,1984000000,1984年,円
2019,1,全世帯,006,第５階級,134,（「教養娯楽関係費」の耐久財）,00000,全国,1984000000,1984年,円
2023,1,全世帯,006,第５階級,134,（「教養娯楽関係費」の耐久財）,00415,3大都市圏平均,1984000000,1984年,円
3590,1,全世帯,006,第５階級,135,読書,00000,全国,1984000000,1984年,円
3971,1,全世帯,006,第５階級,135,読書,00415,3大都市圏平均,1984000000,1984年,円
1326,1,全世帯,006,第５階級,136,聴視・観覧,00000,全国,1984000000,1984年,円
1456,1,全世帯,006,第５階級,136,聴視・観覧,00415,3大都市圏平均,1984000000,1984年,円
5471,1,全世帯,006,第５階級,137,旅行,00000,全国,1984000000,1984年,円
6281,1,全世帯,006,第５階級,137,旅行,00415,3大都市圏平均,1984000000,1984年,円
1884,1,全世帯,006,第５階級,138,スポーツ,00000,全国,1984000000,1984年,円
2078,1,全世帯,006,第５階級,138,スポーツ,00415,3大都市圏平均,1984000000,1984年,円
3757,1,全世帯,006,第５階級,139,（「教養娯楽関係費」の月謝）,00000,全国,1984000000,1984年,円
4417,1,全世帯,006,第５階級,139,（「教養娯楽関係費」の月謝）,00415,3大都市圏平均,1984000000,1984年,円
1559,1,全世帯,006,第５階級,140,会費・つきあい費,00000,全国,1984000000,1984年,円
1741,1,全世帯,006,第５階級,140,会費・つきあい費,00415,3大都市圏平均,1984000000,1984年,円
3889,1,全世帯,006,第５階級,141,他の教養娯楽,00000,全国,1984000000,1984年,円
4139,1,全世帯,006,第５階級,141,他の教養娯楽,00415,3大都市圏平均,1984000000,1984年,円
21474,1,全世帯,006,第５階級,142,〔耐久財を除く教養娯楽関係費〕,00000,全国,1984000000,1984年,円
24084,1,全世帯,006,第５階級,142,〔耐久財を除く教養娯楽関係費〕,00415,3大都市圏平均,1984000000,1984年,円
209707,1,全世帯,006,第５階級,143,（（特掲）財・サービス区分の消費支出。「こづかい（使途不明）」，「贈与金」，「他の交際費」，「仕送り金」は含まれない。）,00000,全国,1984000000,1984年,円
222419,1,全世帯,006,第５階級,143,（（特掲）財・サービス区分の消費支出。「こづかい（使途不明）」，「贈与金」，「他の交際費」，「仕送り金」は含まれない。）,00415,3大都市圏平均,1984000000,1984年,円
136831,1,全世帯,006,第５階級,144,商品,00000,全国,1984000000,1984年,円
141743,1,全世帯,006,第５階級,144,商品,00415,3大都市圏平均,1984000000,1984年,円
11159,1,全世帯,006,第５階級,145,耐久財,00000,全国,1984000000,1984年,円
11465,1,全世帯,006,第５階級,145,耐久財,00415,3大都市圏平均,1984000000,1984年,円
24996,1,全世帯,006,第５階級,146,半耐久財,00000,全国,1984000000,1984年,円
25737,1,全世帯,006,第５階級,146,半耐久財,00415,3大都市圏平均,1984000000,1984年,円
100677,1,全世帯,006,第５階級,147,非耐久財,00000,全国,1984000000,1984年,円
104541,1,全世帯,006,第５階級,147,非耐久財,00415,3大都市圏平均,1984000000,1984年,円
72876,1,全世帯,006,第５階級,148,サービス,00000,全国,1984000000,1984年,円
80676,1,全世帯,006,第５階級,148,サービス,00415,3大都市圏平均,1984000000,1984年,円
79240,1,全世帯,006,第５階級,149,（財・サービス区分の食料）,00000,全国,1984000000,1984年,円
85372,1,全世帯,006,第５階級,149,（財・サービス区分の食料）,00415,3大都市圏平均,1984000000,1984年,円
66832,1,全世帯,006,第５階級,150,（財・サービス区分「食料」の非耐久財）,00000,全国,1984000000,1984年,円
71177,1,全世帯,006,第５階級,150,（財・サービス区分「食料」の非耐久財）,00415,3大都市圏平均,1984000000,1984年,円
12408,1,全世帯,006,第５階級,151,（財・サービス区分「食料」のサービス）,00000,全国,1984000000,1984年,円
14194,1,全世帯,006,第５階級,151,（財・サービス区分「食料」のサービス）,00415,3大都市圏平均,1984000000,1984年,円
12028,1,全世帯,006,第５階級,152,（財・サービス区分の住居）,00000,全国,1984000000,1984年,円
13954,1,全世帯,006,第５階級,152,（財・サービス区分の住居）,00415,3大都市圏平均,1984000000,1984年,円
496,1,全世帯,006,第５階級,153,（財・サービス区分「住居」の耐久財）,00000,全国,1984000000,1984年,円
406,1,全世帯,006,第５階級,153,（財・サービス区分「住居」の耐久財）,00415,3大都市圏平均,1984000000,1984年,円
373,1,全世帯,006,第５階級,154,（財・サービス区分「住居」の半耐久財）,00000,全国,1984000000,1984年,円
251,1,全世帯,006,第５階級,154,（財・サービス区分「住居」の半耐久財）,00415,3大都市圏平均,1984000000,1984年,円
11159,1,全世帯,006,第５階級,155,（財・サービス区分「住居」のサービス）,00000,全国,1984000000,1984年,円
13297,1,全世帯,006,第５階級,155,（財・サービス区分「住居」のサービス）,00415,3大都市圏平均,1984000000,1984年,円
15416,1,全世帯,006,第５階級,156,光熱・水道（非耐久財）（財・サービス区分の光熱・水道）,00000,全国,1984000000,1984年,円
15951,1,全世帯,006,第５階級,156,光熱・水道（非耐久財）（財・サービス区分の光熱・水道）,00415,3大都市圏平均,1984000000,1984年,円
11146,1,全世帯,006,第５階級,157,家具・家事用品（財・サービス区分の家具・家事用品）,00000,全国,1984000000,1984年,円
11344,1,全世帯,006,第５階級,157,家具・家事用品（財・サービス区分の家具・家事用品）,00415,3大都市圏平均,1984000000,1984年,円
4482,1,全世帯,006,第５階級,158,（財・サービス区分「家具・家事用品」の耐久財）,00000,全国,1984000000,1984年,円
4860,1,全世帯,006,第５階級,158,（財・サービス区分「家具・家事用品」の耐久財）,00415,3大都市圏平均,1984000000,1984年,円
3993,1,全世帯,006,第５階級,159,（財・サービス区分「家具・家事用品」の半耐久財）,00000,全国,1984000000,1984年,円
3882,1,全世帯,006,第５階級,159,（財・サービス区分「家具・家事用品」の半耐久財）,00415,3大都市圏平均,1984000000,1984年,円
1870,1,全世帯,006,第５階級,160,（財・サービス区分「家具・家事用品」の非耐久財）,00000,全国,1984000000,1984年,円
1958,1,全世帯,006,第５階級,160,（財・サービス区分「家具・家事用品」の非耐久財）,00415,3大都市圏平均,1984000000,1984年,円
802,1,全世帯,006,第５階級,161,（財・サービス区分「家具・家事用品」のサービス）,00000,全国,1984000000,1984年,円
644,1,全世帯,006,第５階級,161,（財・サービス区分「家具・家事用品」のサービス）,00415,3大都市圏平均,1984000000,1984年,円
16229,1,全世帯,006,第５階級,162,被服及び履物（財・サービス区分の被服及び履物）,00000,全国,1984000000,1984年,円
17479,1,全世帯,006,第５階級,162,被服及び履物（財・サービス区分の被服及び履物）,00415,3大都市圏平均,1984000000,1984年,円
15083,1,全世帯,006,第５階級,163,（財・サービス区分「被服及び履物」の半耐久財）,00000,全国,1984000000,1984年,円
16225,1,全世帯,006,第５階級,163,（財・サービス区分「被服及び履物」の半耐久財）,00415,3大都市圏平均,1984000000,1984年,円
1146,1,全世帯,006,第５階級,164,（財・サービス区分「被服及び履物」のサービス）,00000,全国,1984000000,1984年,円
1253,1,全世帯,006,第５階級,164,（財・サービス区分「被服及び履物」のサービス）,00415,3大都市圏平均,1984000000,1984年,円
6483,1,全世帯,006,第５階級,165,（財・サービス区分の保健医療）,00000,全国,1984000000,1984年,円
6639,1,全世帯,006,第５階級,165,（財・サービス区分の保健医療）,00415,3大都市圏平均,1984000000,1984年,円
405,1,全世帯,006,第５階級,166,（財・サービス区分「保健医療」の耐久財）,00000,全国,1984000000,1984年,円
444,1,全世帯,006,第５階級,166,（財・サービス区分「保健医療」の耐久財）,00415,3大都市圏平均,1984000000,1984年,円
274,1,全世帯,006,第５階級,167,（財・サービス区分「保健医療」の半耐久財）,00000,全国,1984000000,1984年,円
172,1,全世帯,006,第５階級,167,（財・サービス区分「保健医療」の半耐久財）,00415,3大都市圏平均,1984000000,1984年,円
1875,1,全世帯,006,第５階級,168,（財・サービス区分「保健医療」の非耐久財）,00000,全国,1984000000,1984年,円
1879,1,全世帯,006,第５階級,168,（財・サービス区分「保健医療」の非耐久財）,00415,3大都市圏平均,1984000000,1984年,円
3930,1,全世帯,006,第５階級,169,（財・サービス区分「保健医療」のサービス）,00000,全国,1984000000,1984年,円
4144,1,全世帯,006,第５階級,169,（財・サービス区分「保健医療」のサービス）,00415,3大都市圏平均,1984000000,1984年,円
24556,1,全世帯,006,第５階級,170,（財・サービス区分の交通通信）,00000,全国,1984000000,1984年,円
24264,1,全世帯,006,第５階級,170,（財・サービス区分の交通通信）,00415,3大都市圏平均,1984000000,1984年,円
3770,1,全世帯,006,第５階級,171,（財・サービス区分「交通通信」の耐久財）,00000,全国,1984000000,1984年,円
3733,1,全世帯,006,第５階級,171,（財・サービス区分「交通通信」の耐久財）,00415,3大都市圏平均,1984000000,1984年,円
336,1,全世帯,006,第５階級,172,（財・サービス区分「交通通信」の半耐久財）,00000,全国,1984000000,1984年,円
308,1,全世帯,006,第５階級,172,（財・サービス区分「交通通信」の半耐久財）,00415,3大都市圏平均,1984000000,1984年,円
5489,1,全世帯,006,第５階級,173,（財・サービス区分「交通通信」の非耐久財）,00000,全国,1984000000,1984年,円
3753,1,全世帯,006,第５階級,173,（財・サービス区分「交通通信」の非耐久財）,00415,3大都市圏平均,1984000000,1984年,円
14962,1,全世帯,006,第５階級,174,（財・サービス区分「交通通信」のサービス）,00000,全国,1984000000,1984年,円
16470,1,全世帯,006,第５階級,174,（財・サービス区分「交通通信」のサービス）,00415,3大都市圏平均,1984000000,1984年,円
9542,1,全世帯,006,第５階級,175,（財・サービス区分の教育）,00000,全国,1984000000,1984年,円
11645,1,全世帯,006,第５階級,175,（財・サービス区分の教育）,00415,3大都市圏平均,1984000000,1984年,円
363,1,全世帯,006,第５階級,176,（財・サービス区分「教育」の非耐久財）,00000,全国,1984000000,1984年,円
462,1,全世帯,006,第５階級,176,（財・サービス区分「教育」の非耐久財）,00415,3大都市圏平均,1984000000,1984年,円
9179,1,全世帯,006,第５階級,177,（財・サービス区分「教育」のサービス）,00000,全国,1984000000,1984年,円
11183,1,全世帯,006,第５階級,177,（財・サービス区分「教育」のサービス）,00415,3大都市圏平均,1984000000,1984年,円
21311,1,全世帯,006,第５階級,178,（財・サービス区分の教養娯楽）,00000,全国,1984000000,1984年,円
23141,1,全世帯,006,第５階級,178,（財・サービス区分の教養娯楽）,00415,3大都市圏平均,1984000000,1984年,円
1859,1,全世帯,006,第５階級,179,（財・サービス区分「教養娯楽」の耐久財）,00000,全国,1984000000,1984年,円
1888,1,全世帯,006,第５階級,179,（財・サービス区分「教養娯楽」の耐久財）,00415,3大都市圏平均,1984000000,1984年,円
3608,1,全世帯,006,第５階級,180,（財・サービス区分「教養娯楽」の半耐久財）,00000,全国,1984000000,1984年,円
3499,1,全世帯,006,第５階級,180,（財・サービス区分「教養娯楽」の半耐久財）,00415,3大都市圏平均,1984000000,1984年,円
4638,1,全世帯,006,第５階級,181,（財・サービス区分「教養娯楽」の非耐久財）,00000,全国,1984000000,1984年,円
5140,1,全世帯,006,第５階級,181,（財・サービス区分「教養娯楽」の非耐久財）,00415,3大都市圏平均,1984000000,1984年,円
11206,1,全世帯,006,第５階級,182,（財・サービス区分「教養娯楽」のサービス）,00000,全国,1984000000,1984年,円
12614,1,全世帯,006,第５階級,182,（財・サービス区分「教養娯楽」のサービス）,00415,3大都市圏平均,1984000000,1984年,円
13757,1,全世帯,006,第５階級,183,（財・サービス区分の諸雑費）,00000,全国,1984000000,1984年,円
12632,1,全世帯,006,第５階級,183,（財・サービス区分の諸雑費）,00415,3大都市圏平均,1984000000,1984年,円
147,1,全世帯,006,第５階級,184,（財・サービス区分「諸雑費」の耐久財）,00000,全国,1984000000,1984年,円
134,1,全世帯,006,第５階級,184,（財・サービス区分「諸雑費」の耐久財）,00415,3大都市圏平均,1984000000,1984年,円
1330,1,全世帯,006,第５階級,185,（財・サービス区分「諸雑費」の半耐久財）,00000,全国,1984000000,1984年,円
1399,1,全世帯,006,第５階級,185,（財・サービス区分「諸雑費」の半耐久財）,00415,3大都市圏平均,1984000000,1984年,円
4195,1,全世帯,006,第５階級,186,（財・サービス区分「諸雑費」の非耐久財）,00000,全国,1984000000,1984年,円
4220,1,全世帯,006,第５階級,186,（財・サービス区分「諸雑費」の非耐久財）,00415,3大都市圏平均,1984000000,1984年,円
8084,1,全世帯,006,第５階級,187,（財・サービス区分「諸雑費」のサービス）,00000,全国,1984000000,1984年,円
6878,1,全世帯,006,第５階級,187,（財・サービス区分「諸雑費」のサービス）,00415,3大都市圏平均,1984000000,1984年,円
74809,1,全世帯,006,第５階級,188,（（特掲）五大費目）,00000,全国,1984000000,1984年,円
81358,1,全世帯,006,第５階級,188,（（特掲）五大費目）,00415,3大都市圏平均,1984000000,1984年,円
22278,1,全世帯,006,第５階級,189,（（特掲）五大費目）,00000,全国,1984000000,1984年,円
25366,1,全世帯,006,第５階級,189,（（特掲）五大費目）,00415,3大都市圏平均,1984000000,1984年,円
12598,1,全世帯,006,第５階級,190,（（特掲）五大費目）,00000,全国,1984000000,1984年,円
12568,1,全世帯,006,第５階級,190,（（特掲）五大費目）,00415,3大都市圏平均,1984000000,1984年,円
17857,1,全世帯,006,第５階級,191,（（特掲）五大費目）,00000,全国,1984000000,1984年,円
19232,1,全世帯,006,第５階級,191,（（特掲）五大費目）,00415,3大都市圏平均,1984000000,1984年,円
117194,1,全世帯,006,第５階級,192,（（特掲）五大費目）,00000,全国,1984000000,1984年,円
121304,1,全世帯,006,第５階級,192,（（特掲）五大費目）,00415,3大都市圏平均,1984000000,1984年,円
15134,1,全世帯,006,第５階級,193,現物支出（総額）,00000,全国,1984000000,1984年,円
14094,1,全世帯,006,第５階級,193,現物支出（総額）,00415,3大都市圏平均,1984000000,1984年,円
2470,1,全世帯,006,第５階級,194,（現物支出の自家産物）,00000,全国,1984000000,1984年,円
636,1,全世帯,006,第５階級,194,（現物支出の自家産物）,00415,3大都市圏平均,1984000000,1984年,円
12665,1,全世帯,006,第５階級,195,（現物支出の自家産物以外）,00000,全国,1984000000,1984年,円
13458,1,全世帯,006,第５階級,195,（現物支出の自家産物以外）,00415,3大都市圏平均,1984000000,1984年,円
11320,1,全世帯,006,第５階級,196,（現物支出の食料）,00000,全国,1984000000,1984年,円
9368,1,全世帯,006,第５階級,196,（現物支出の食料）,00415,3大都市圏平均,1984000000,1984年,円
2330,1,全世帯,006,第５階級,197,（現物支出「食料」の自家産物）,00000,全国,1984000000,1984年,円
609,1,全世帯,006,第５階級,197,（現物支出「食料」の自家産物）,00415,3大都市圏平均,1984000000,1984年,円
8990,1,全世帯,006,第５階級,198,その他（受贈物等）（現物支出「食料」の自家産物以外）,00000,全国,1984000000,1984年,円
8759,1,全世帯,006,第５階級,198,その他（受贈物等）（現物支出「食料」の自家産物以外）,00415,3大都市圏平均,1984000000,1984年,円
41,1,全世帯,006,第５階級,199,（現物支出の住居）,00000,全国,1984000000,1984年,円
7,1,全世帯,006,第５階級,199,（現物支出の住居）,00415,3大都市圏平均,1984000000,1984年,円
31,1,全世帯,006,第５階級,200,（現物支出の光熱・水道）,00000,全国,1984000000,1984年,円
11,1,全世帯,006,第５階級,200,（現物支出の光熱・水道）,00415,3大都市圏平均,1984000000,1984年,円
1115,1,全世帯,006,第５階級,201,（現物支出の家具・家事用品）,00000,全国,1984000000,1984年,円
1479,1,全世帯,006,第５階級,201,（現物支出の家具・家事用品）,00415,3大都市圏平均,1984000000,1984年,円
1222,1,全世帯,006,第５階級,202,（現物支出の被服及び履物）,00000,全国,1984000000,1984年,円
1267,1,全世帯,006,第５階級,202,（現物支出の被服及び履物）,00415,3大都市圏平均,1984000000,1984年,円
67,1,全世帯,006,第５階級,203,（現物支出の保健医療）,00000,全国,1984000000,1984年,円
88,1,全世帯,006,第５階級,203,（現物支出の保健医療）,00415,3大都市圏平均,1984000000,1984年,円
305,1,全世帯,006,第５階級,204,（現物支出の交通通信）,00000,全国,1984000000,1984年,円
689,1,全世帯,006,第５階級,204,（現物支出の交通通信）,00415,3大都市圏平均,1984000000,1984年,円
0,1,全世帯,006,第５階級,205,（現物支出の教育）,00000,全国,1984000000,1984年,円
0,1,全世帯,006,第５階級,205,（現物支出の教育）,00415,3大都市圏平均,1984000000,1984年,円
477,1,全世帯,006,第５階級,206,（現物支出の教養娯楽）,00000,全国,1984000000,1984年,円
624,1,全世帯,006,第５階級,206,（現物支出の教養娯楽）,00415,3大都市圏平均,1984000000,1984年,円
554,1,全世帯,006,第５階級,207,（現物支出のその他の消費支出）,00000,全国,1984000000,1984年,円
562,1,全世帯,006,第５階級,207,（現物支出のその他の消費支出）,00415,3大都市圏平均,1984000000,1984年,円
134,1,全世帯,006,第５階級,208,（現物支出の交際費（自家産物の贈与））,00000,全国,1984000000,1984年,円
23,1,全世帯,006,第５階級,208,（現物支出の交際費（自家産物の贈与））,00415,3大都市圏平均,1984000000,1984年,円
27016,1,全世帯,006,第５階級,209,〔持家の帰属家賃〕,00000,全国,1984000000,1984年,円
31278,1,全世帯,006,第５階級,209,〔持家の帰属家賃〕,00415,3大都市圏平均,1984000000,1984年,円
30.6,1,全世帯,006,第５階級,210,エンゲル係数（％）,00000,全国,1984000000,1984年,％
31.3,1,全世帯,006,第５階級,210,エンゲル係数（％）,00415,3大都市圏平均,1984000000,1984年,％
5218,1,全世帯,006,第５階級,211,貯蓄現在高（千円）,00000,全国,1984000000,1984年,千円
5655,1,全世帯,006,第５階級,211,貯蓄現在高（千円）,00415,3大都市圏平均,1984000000,1984年,千円
418,1,全世帯,006,第５階級,212,通貨性預貯金（千円）,00000,全国,1984000000,1984年,千円
448,1,全世帯,006,第５階級,212,通貨性預貯金（千円）,00415,3大都市圏平均,1984000000,1984年,千円
2570,1,全世帯,006,第５階級,213,定期性預貯金（千円）,00000,全国,1984000000,1984年,千円
2693,1,全世帯,006,第５階級,213,定期性預貯金（千円）,00415,3大都市圏平均,1984000000,1984年,千円
1162,1,全世帯,006,第５階級,214,生命保険（千円）,00000,全国,1984000000,1984年,千円
1134,1,全世帯,006,第５階級,214,生命保険（千円）,00415,3大都市圏平均,1984000000,1984年,千円
842,1,全世帯,006,第５階級,215,有価証券（千円）,00000,全国,1984000000,1984年,千円
1061,1,全世帯,006,第５階級,215,有価証券（千円）,00415,3大都市圏平均,1984000000,1984年,千円
2463,1,全世帯,006,第５階級,216,負債現在高（千円）,00000,全国,1984000000,1984年,千円
2850,1,全世帯,006,第５階級,216,負債現在高（千円）,00415,3大都市圏平均,1984000000,1984年,千円
2161,1,全世帯,006,第５階級,217,うち住宅・土地のため（千円）,00000,全国,1984000000,1984年,千円
2582,1,全世帯,006,第５階級,217,うち住宅・土地のため（千円）,00415,3大都市圏平均,1984000000,1984年,千円
55.5,1,全世帯,006,第５階級,218,負債保有率（％）,00000,全国,1984000000,1984年,％
53.5,1,全世帯,006,第５階級,218,負債保有率（％）,00415,3大都市圏平均,1984000000,1984年,％
35.4,1,全世帯,006,第５階級,219,うち住宅・土地のため（％）,00000,全国,1984000000,1984年,％
35.9,1,全世帯,006,第５階級,219,うち住宅・土地のため（％）,00415,3大都市圏平均,1984000000,1984年,％
4909,1,全世帯,007,第６階級,001,集計世帯数,00000,全国,1984000000,1984年,世帯
1901,1,全世帯,007,第６階級,001,集計世帯数,00415,3大都市圏平均,1984000000,1984年,世帯
81591,1,全世帯,007,第６階級,002,世帯数分布（抽出率調整）,00000,全国,1984000000,1984年,世帯
37409,1,全世帯,007,第６階級,002,世帯数分布（抽出率調整）,00415,3大都市圏平均,1984000000,1984年,世帯
1000,1,全世帯,007,第６階級,003,（１万分比）,00000,全国,1984000000,1984年,
1000,1,全世帯,007,第６階級,003,（１万分比）,00415,3大都市圏平均,1984000000,1984年,
3.99,1,全世帯,007,第６階級,004,世帯人員（人）,00000,全国,1984000000,1984年,人
3.91,1,全世帯,007,第６階級,004,世帯人員（人）,00415,3大都市圏平均,1984000000,1984年,人
1.74,1,全世帯,007,第６階級,005,有業人員（人）,00000,全国,1984000000,1984年,人
1.61,1,全世帯,007,第６階級,005,有業人員（人）,00415,3大都市圏平均,1984000000,1984年,人
44.7,1,全世帯,007,第６階級,006,世帯主の年齢（歳）,00000,全国,1984000000,1984年,歳
43.5,1,全世帯,007,第６階級,006,世帯主の年齢（歳）,00415,3大都市圏平均,1984000000,1984年,歳
75.6,1,全世帯,007,第６階級,007,持家率（％）,00000,全国,1984000000,1984年,％
72.2,1,全世帯,007,第６階級,007,持家率（％）,00415,3大都市圏平均,1984000000,1984年,％
5.3,1,全世帯,007,第６階級,008,居住室数（室）,00000,全国,1984000000,1984年,室
4.8,1,全世帯,007,第６階級,008,居住室数（室）,00415,3大都市圏平均,1984000000,1984年,室
25,1,全世帯,007,第６階級,009,家賃・地代を支払っている世帯割合（％）,00000,全国,1984000000,1984年,％
28.9,1,全世帯,007,第６階級,009,家賃・地代を支払っている世帯割合（％）,00415,3大都市圏平均,1984000000,1984年,％
5141,1,全世帯,007,第６階級,010,年間収入（千円）,00000,全国,1984000000,1984年,千円
5477,1,全世帯,007,第６階級,010,年間収入（千円）,00415,3大都市圏平均,1984000000,1984年,千円
259336,1,全世帯,007,第６階級,011,消費支出,00000,全国,1984000000,1984年,円
275485,1,全世帯,007,第６階級,011,消費支出,00415,3大都市圏平均,1984000000,1984年,円
77197,1,全世帯,007,第６階級,012,食料,00000,全国,1984000000,1984年,円
84524,1,全世帯,007,第６階級,012,食料,00415,3大都市圏平均,1984000000,1984年,円
9576,1,全世帯,007,第６階級,013,穀類,00000,全国,1984000000,1984年,円
10578,1,全世帯,007,第６階級,013,穀類,00415,3大都市圏平均,1984000000,1984年,円
5821,1,全世帯,007,第６階級,014,米類,00000,全国,1984000000,1984年,円
6209,1,全世帯,007,第６階級,014,米類,00415,3大都市圏平均,1984000000,1984年,円
2106,1,全世帯,007,第６階級,015,パン,00000,全国,1984000000,1984年,円
2565,1,全世帯,007,第６階級,015,パン,00415,3大都市圏平均,1984000000,1984年,円
1346,1,全世帯,007,第６階級,016,めん類,00000,全国,1984000000,1984年,円
1473,1,全世帯,007,第６階級,016,めん類,00415,3大都市圏平均,1984000000,1984年,円
303,1,全世帯,007,第６階級,017,穀粉・その他,00000,全国,1984000000,1984年,円
332,1,全世帯,007,第６階級,017,穀粉・その他,00415,3大都市圏平均,1984000000,1984年,円
11078,1,全世帯,007,第６階級,018,魚介類,00000,全国,1984000000,1984年,円
11160,1,全世帯,007,第６階級,018,魚介類,00415,3大都市圏平均,1984000000,1984年,円
7278,1,全世帯,007,第６階級,019,生鮮魚介,00000,全国,1984000000,1984年,円
7254,1,全世帯,007,第６階級,019,生鮮魚介,00415,3大都市圏平均,1984000000,1984年,円
2325,1,全世帯,007,第６階級,020,塩干魚介,00000,全国,1984000000,1984年,円
2359,1,全世帯,007,第６階級,020,塩干魚介,00415,3大都市圏平均,1984000000,1984年,円
931,1,全世帯,007,第６階級,021,魚肉練製品,00000,全国,1984000000,1984年,円
987,1,全世帯,007,第６階級,021,魚肉練製品,00415,3大都市圏平均,1984000000,1984年,円
544,1,全世帯,007,第６階級,022,他の魚介加工品,00000,全国,1984000000,1984年,円
560,1,全世帯,007,第６階級,022,他の魚介加工品,00415,3大都市圏平均,1984000000,1984年,円
8710,1,全世帯,007,第６階級,023,肉類,00000,全国,1984000000,1984年,円
9584,1,全世帯,007,第６階級,023,肉類,00415,3大都市圏平均,1984000000,1984年,円
7320,1,全世帯,007,第６階級,024,生鮮肉,00000,全国,1984000000,1984年,円
7961,1,全世帯,007,第６階級,024,生鮮肉,00415,3大都市圏平均,1984000000,1984年,円
1390,1,全世帯,007,第６階級,025,加工肉,00000,全国,1984000000,1984年,円
1623,1,全世帯,007,第６階級,025,加工肉,00415,3大都市圏平均,1984000000,1984年,円
4049,1,全世帯,007,第６階級,026,乳卵類,00000,全国,1984000000,1984年,円
4244,1,全世帯,007,第６階級,026,乳卵類,00415,3大都市圏平均,1984000000,1984年,円
2105,1,全世帯,007,第６階級,027,牛乳,00000,全国,1984000000,1984年,円
2164,1,全世帯,007,第６階級,027,牛乳,00415,3大都市圏平均,1984000000,1984年,円
637,1,全世帯,007,第６階級,028,乳製品,00000,全国,1984000000,1984年,円
716,1,全世帯,007,第６階級,028,乳製品,00415,3大都市圏平均,1984000000,1984年,円
1307,1,全世帯,007,第６階級,029,卵,00000,全国,1984000000,1984年,円
1364,1,全世帯,007,第６階級,029,卵,00415,3大都市圏平均,1984000000,1984年,円
9178,1,全世帯,007,第６階級,030,野菜・海草,00000,全国,1984000000,1984年,円
10222,1,全世帯,007,第６階級,030,野菜・海草,00415,3大都市圏平均,1984000000,1984年,円
6119,1,全世帯,007,第６階級,031,生鮮野菜,00000,全国,1984000000,1984年,円
6953,1,全世帯,007,第６階級,031,生鮮野菜,00415,3大都市圏平均,1984000000,1984年,円
752,1,全世帯,007,第６階級,032,乾物・海草,00000,全国,1984000000,1984年,円
809,1,全世帯,007,第６階級,032,乾物・海草,00415,3大都市圏平均,1984000000,1984年,円
1088,1,全世帯,007,第６階級,033,大豆加工品,00000,全国,1984000000,1984年,円
1122,1,全世帯,007,第６階級,033,大豆加工品,00415,3大都市圏平均,1984000000,1984年,円
1219,1,全世帯,007,第６階級,034,他の野菜・海草加工品,00000,全国,1984000000,1984年,円
1337,1,全世帯,007,第６階級,034,他の野菜・海草加工品,00415,3大都市圏平均,1984000000,1984年,円
4614,1,全世帯,007,第６階級,035,果物,00000,全国,1984000000,1984年,円
4756,1,全世帯,007,第６階級,035,果物,00415,3大都市圏平均,1984000000,1984年,円
4530,1,全世帯,007,第６階級,036,生鮮果物,00000,全国,1984000000,1984年,円
4668,1,全世帯,007,第６階級,036,生鮮果物,00415,3大都市圏平均,1984000000,1984年,円
84,1,全世帯,007,第６階級,037,果物加工品,00000,全国,1984000000,1984年,円
87,1,全世帯,007,第６階級,037,果物加工品,00415,3大都市圏平均,1984000000,1984年,円
3142,1,全世帯,007,第６階級,038,油脂・調味料,00000,全国,1984000000,1984年,円
3215,1,全世帯,007,第６階級,038,油脂・調味料,00415,3大都市圏平均,1984000000,1984年,円
511,1,全世帯,007,第６階級,039,油脂,00000,全国,1984000000,1984年,円
523,1,全世帯,007,第６階級,039,油脂,00415,3大都市圏平均,1984000000,1984年,円
2631,1,全世帯,007,第６階級,040,調味料,00000,全国,1984000000,1984年,円
2692,1,全世帯,007,第６階級,040,調味料,00415,3大都市圏平均,1984000000,1984年,円
5556,1,全世帯,007,第６階級,041,菓子類,00000,全国,1984000000,1984年,円
5948,1,全世帯,007,第６階級,041,菓子類,00415,3大都市圏平均,1984000000,1984年,円
3517,1,全世帯,007,第６階級,042,調理食品,00000,全国,1984000000,1984年,円
4309,1,全世帯,007,第６階級,042,調理食品,00415,3大都市圏平均,1984000000,1984年,円
824,1,全世帯,007,第６階級,043,主食的調理食品,00000,全国,1984000000,1984年,円
997,1,全世帯,007,第６階級,043,主食的調理食品,00415,3大都市圏平均,1984000000,1984年,円
2693,1,全世帯,007,第６階級,044,他の調理食品,00000,全国,1984000000,1984年,円
3312,1,全世帯,007,第６階級,044,他の調理食品,00415,3大都市圏平均,1984000000,1984年,円
2439,1,全世帯,007,第６階級,045,飲料,00000,全国,1984000000,1984年,円
2593,1,全世帯,007,第６階級,045,飲料,00415,3大都市圏平均,1984000000,1984年,円
402,1,全世帯,007,第６階級,046,茶類,00000,全国,1984000000,1984年,円
465,1,全世帯,007,第６階級,046,茶類,00415,3大都市圏平均,1984000000,1984年,円
519,1,全世帯,007,第６階級,047,コーヒー・ココア,00000,全国,1984000000,1984年,円
603,1,全世帯,007,第６階級,047,コーヒー・ココア,00415,3大都市圏平均,1984000000,1984年,円
1518,1,全世帯,007,第６階級,048,他の飲料,00000,全国,1984000000,1984年,円
1524,1,全世帯,007,第６階級,048,他の飲料,00415,3大都市圏平均,1984000000,1984年,円
3619,1,全世帯,007,第６階級,049,酒類,00000,全国,1984000000,1984年,円
3913,1,全世帯,007,第６階級,049,酒類,00415,3大都市圏平均,1984000000,1984年,円
11718,1,全世帯,007,第６階級,050,外食,00000,全国,1984000000,1984年,円
14003,1,全世帯,007,第６階級,050,外食,00415,3大都市圏平均,1984000000,1984年,円
9493,1,全世帯,007,第６階級,051,一般外食,00000,全国,1984000000,1984年,円
11781,1,全世帯,007,第６階級,051,一般外食,00415,3大都市圏平均,1984000000,1984年,円
2225,1,全世帯,007,第６階級,052,学校給食,00000,全国,1984000000,1984年,円
2222,1,全世帯,007,第６階級,052,学校給食,00415,3大都市圏平均,1984000000,1984年,円
11218,1,全世帯,007,第６階級,053,住居,00000,全国,1984000000,1984年,円
12896,1,全世帯,007,第６階級,053,住居,00415,3大都市圏平均,1984000000,1984年,円
6376,1,全世帯,007,第６階級,054,家賃・地代,00000,全国,1984000000,1984年,円
8607,1,全世帯,007,第６階級,054,家賃・地代,00415,3大都市圏平均,1984000000,1984年,円
4842,1,全世帯,007,第６階級,055,設備修繕・維持,00000,全国,1984000000,1984年,円
4289,1,全世帯,007,第６階級,055,設備修繕・維持,00415,3大都市圏平均,1984000000,1984年,円
852,1,全世帯,007,第６階級,056,設備材料,00000,全国,1984000000,1984年,円
659,1,全世帯,007,第６階級,056,設備材料,00415,3大都市圏平均,1984000000,1984年,円
3990,1,全世帯,007,第６階級,057,工事その他のサービス,00000,全国,1984000000,1984年,円
3630,1,全世帯,007,第６階級,057,工事その他のサービス,00415,3大都市圏平均,1984000000,1984年,円
15729,1,全世帯,007,第６階級,058,光熱・水道,00000,全国,1984000000,1984年,円
16619,1,全世帯,007,第６階級,058,光熱・水道,00415,3大都市圏平均,1984000000,1984年,円
7166,1,全世帯,007,第６階級,059,電気代,00000,全国,1984000000,1984年,円
7464,1,全世帯,007,第６階級,059,電気代,00415,3大都市圏平均,1984000000,1984年,円
4358,1,全世帯,007,第６階級,060,ガス代,00000,全国,1984000000,1984年,円
4971,1,全世帯,007,第６階級,060,ガス代,00415,3大都市圏平均,1984000000,1984年,円
1309,1,全世帯,007,第６階級,061,他の光熱,00000,全国,1984000000,1984年,円
691,1,全世帯,007,第６階級,061,他の光熱,00415,3大都市圏平均,1984000000,1984年,円
2896,1,全世帯,007,第６階級,062,水道料,00000,全国,1984000000,1984年,円
3493,1,全世帯,007,第６階級,062,水道料,00415,3大都市圏平均,1984000000,1984年,円
11091,1,全世帯,007,第６階級,063,家具・家事用品,00000,全国,1984000000,1984年,円
10933,1,全世帯,007,第６階級,063,家具・家事用品,00415,3大都市圏平均,1984000000,1984年,円
4021,1,全世帯,007,第６階級,064,家庭用耐久財,00000,全国,1984000000,1984年,円
3958,1,全世帯,007,第６階級,064,家庭用耐久財,00415,3大都市圏平均,1984000000,1984年,円
1607,1,全世帯,007,第６階級,065,家事用耐久財,00000,全国,1984000000,1984年,円
1532,1,全世帯,007,第６階級,065,家事用耐久財,00415,3大都市圏平均,1984000000,1984年,円
1287,1,全世帯,007,第６階級,066,冷暖房用器具,00000,全国,1984000000,1984年,円
1189,1,全世帯,007,第６階級,066,冷暖房用器具,00415,3大都市圏平均,1984000000,1984年,円
1127,1,全世帯,007,第６階級,067,一般家具,00000,全国,1984000000,1984年,円
1237,1,全世帯,007,第６階級,067,一般家具,00415,3大都市圏平均,1984000000,1984年,円
898,1,全世帯,007,第６階級,068,室内装備品,00000,全国,1984000000,1984年,円
873,1,全世帯,007,第６階級,068,室内装備品,00415,3大都市圏平均,1984000000,1984年,円
1464,1,全世帯,007,第６階級,069,寝具類,00000,全国,1984000000,1984年,円
1146,1,全世帯,007,第６階級,069,寝具類,00415,3大都市圏平均,1984000000,1984年,円
2027,1,全世帯,007,第６階級,070,家事雑貨,00000,全国,1984000000,1984年,円
2236,1,全世帯,007,第６階級,070,家事雑貨,00415,3大都市圏平均,1984000000,1984年,円
1841,1,全世帯,007,第６階級,071,家事用消耗品,00000,全国,1984000000,1984年,円
2019,1,全世帯,007,第６階級,071,家事用消耗品,00415,3大都市圏平均,1984000000,1984年,円
840,1,全世帯,007,第６階級,072,家事サービス,00000,全国,1984000000,1984年,円
701,1,全世帯,007,第６階級,072,家事サービス,00415,3大都市圏平均,1984000000,1984年,円
16904,1,全世帯,007,第６階級,073,被服及び履物,00000,全国,1984000000,1984年,円
17910,1,全世帯,007,第６階級,073,被服及び履物,00415,3大都市圏平均,1984000000,1984年,円
1305,1,全世帯,007,第６階級,074,和服,00000,全国,1984000000,1984年,円
1028,1,全世帯,007,第６階級,074,和服,00415,3大都市圏平均,1984000000,1984年,円
6045,1,全世帯,007,第６階級,075,洋服,00000,全国,1984000000,1984年,円
6573,1,全世帯,007,第６階級,075,洋服,00415,3大都市圏平均,1984000000,1984年,円
2194,1,全世帯,007,第６階級,076,男子洋服,00000,全国,1984000000,1984年,円
2320,1,全世帯,007,第６階級,076,男子洋服,00415,3大都市圏平均,1984000000,1984年,円
2857,1,全世帯,007,第６階級,077,婦人洋服,00000,全国,1984000000,1984年,円
3266,1,全世帯,007,第６階級,077,婦人洋服,00415,3大都市圏平均,1984000000,1984年,円
995,1,全世帯,007,第６階級,078,子供洋服,00000,全国,1984000000,1984年,円
988,1,全世帯,007,第６階級,078,子供洋服,00415,3大都市圏平均,1984000000,1984年,円
2818,1,全世帯,007,第６階級,079,シャツ・セーター類,00000,全国,1984000000,1984年,円
3010,1,全世帯,007,第６階級,079,シャツ・セーター類,00415,3大都市圏平均,1984000000,1984年,円
996,1,全世帯,007,第６階級,080,男子シャツ・セーター類,00000,全国,1984000000,1984年,円
1103,1,全世帯,007,第６階級,080,男子シャツ・セーター類,00415,3大都市圏平均,1984000000,1984年,円
1442,1,全世帯,007,第６階級,081,婦人シャツ・セーター類,00000,全国,1984000000,1984年,円
1507,1,全世帯,007,第６階級,081,婦人シャツ・セーター類,00415,3大都市圏平均,1984000000,1984年,円
380,1,全世帯,007,第６階級,082,子供シャツ・セーター類,00000,全国,1984000000,1984年,円
400,1,全世帯,007,第６階級,082,子供シャツ・セーター類,00415,3大都市圏平均,1984000000,1984年,円
1575,1,全世帯,007,第６階級,083,下着類,00000,全国,1984000000,1984年,円
1576,1,全世帯,007,第６階級,083,下着類,00415,3大都市圏平均,1984000000,1984年,円
612,1,全世帯,007,第６階級,084,男子下着類,00000,全国,1984000000,1984年,円
602,1,全世帯,007,第６階級,084,男子下着類,00415,3大都市圏平均,1984000000,1984年,円
655,1,全世帯,007,第６階級,085,婦人下着類,00000,全国,1984000000,1984年,円
656,1,全世帯,007,第６階級,085,婦人下着類,00415,3大都市圏平均,1984000000,1984年,円
307,1,全世帯,007,第６階級,086,子供下着類,00000,全国,1984000000,1984年,円
318,1,全世帯,007,第６階級,086,子供下着類,00415,3大都市圏平均,1984000000,1984年,円
815,1,全世帯,007,第６階級,087,生地・糸類,00000,全国,1984000000,1984年,円
873,1,全世帯,007,第６階級,087,生地・糸類,00415,3大都市圏平均,1984000000,1984年,円
1182,1,全世帯,007,第６階級,088,他の被服,00000,全国,1984000000,1984年,円
1244,1,全世帯,007,第６階級,088,他の被服,00415,3大都市圏平均,1984000000,1984年,円
1909,1,全世帯,007,第６階級,089,履物類,00000,全国,1984000000,1984年,円
2138,1,全世帯,007,第６階級,089,履物類,00415,3大都市圏平均,1984000000,1984年,円
1255,1,全世帯,007,第６階級,090,被服関連サービス,00000,全国,1984000000,1984年,円
1468,1,全世帯,007,第６階級,090,被服関連サービス,00415,3大都市圏平均,1984000000,1984年,円
6670,1,全世帯,007,第６階級,091,保健医療,00000,全国,1984000000,1984年,円
7264,1,全世帯,007,第６階級,091,保健医療,00415,3大都市圏平均,1984000000,1984年,円
1411,1,全世帯,007,第６階級,092,医薬品,00000,全国,1984000000,1984年,円
1477,1,全世帯,007,第６階級,092,医薬品,00415,3大都市圏平均,1984000000,1984年,円
1162,1,全世帯,007,第６階級,093,保健医療用品・器具,00000,全国,1984000000,1984年,円
1243,1,全世帯,007,第６階級,093,保健医療用品・器具,00415,3大都市圏平均,1984000000,1984年,円
4096,1,全世帯,007,第６階級,094,保健医療サービス,00000,全国,1984000000,1984年,円
4544,1,全世帯,007,第６階級,094,保健医療サービス,00415,3大都市圏平均,1984000000,1984年,円
25863,1,全世帯,007,第６階級,095,交通通信,00000,全国,1984000000,1984年,円
26362,1,全世帯,007,第６階級,095,交通通信,00415,3大都市圏平均,1984000000,1984年,円
5212,1,全世帯,007,第６階級,096,交通,00000,全国,1984000000,1984年,円
6906,1,全世帯,007,第６階級,096,交通,00415,3大都市圏平均,1984000000,1984年,円
14705,1,全世帯,007,第６階級,097,自動車等関係費,00000,全国,1984000000,1984年,円
13229,1,全世帯,007,第６階級,097,自動車等関係費,00415,3大都市圏平均,1984000000,1984年,円
3692,1,全世帯,007,第６階級,098,自動車,00000,全国,1984000000,1984年,円
3237,1,全世帯,007,第６階級,098,自動車,00415,3大都市圏平均,1984000000,1984年,円
236,1,全世帯,007,第６階級,099,自転車,00000,全国,1984000000,1984年,円
301,1,全世帯,007,第６階級,099,自転車,00415,3大都市圏平均,1984000000,1984年,円
10777,1,全世帯,007,第６階級,100,自動車等維持,00000,全国,1984000000,1984年,円
9691,1,全世帯,007,第６階級,100,自動車等維持,00415,3大都市圏平均,1984000000,1984年,円
5947,1,全世帯,007,第６階級,101,通信,00000,全国,1984000000,1984年,円
6226,1,全世帯,007,第６階級,101,通信,00415,3大都市圏平均,1984000000,1984年,円
10580,1,全世帯,007,第６階級,102,教育,00000,全国,1984000000,1984年,円
12467,1,全世帯,007,第６階級,102,教育,00415,3大都市圏平均,1984000000,1984年,円
8177,1,全世帯,007,第６階級,103,授業料等,00000,全国,1984000000,1984年,円
9047,1,全世帯,007,第６階級,103,授業料等,00415,3大都市圏平均,1984000000,1984年,円
416,1,全世帯,007,第６階級,104,教科書・学習参考書,00000,全国,1984000000,1984年,円
522,1,全世帯,007,第６階級,104,教科書・学習参考書,00415,3大都市圏平均,1984000000,1984年,円
1987,1,全世帯,007,第６階級,105,補習教育,00000,全国,1984000000,1984年,円
2897,1,全世帯,007,第６階級,105,補習教育,00415,3大都市圏平均,1984000000,1984年,円
22203,1,全世帯,007,第６階級,106,教養娯楽,00000,全国,1984000000,1984年,円
24607,1,全世帯,007,第６階級,106,教養娯楽,00415,3大都市圏平均,1984000000,1984年,円
2218,1,全世帯,007,第６階級,107,教養娯楽用耐久財,00000,全国,1984000000,1984年,円
2365,1,全世帯,007,第６階級,107,教養娯楽用耐久財,00415,3大都市圏平均,1984000000,1984年,円
4593,1,全世帯,007,第６階級,108,教養娯楽用品,00000,全国,1984000000,1984年,円
5117,1,全世帯,007,第６階級,108,教養娯楽用品,00415,3大都市圏平均,1984000000,1984年,円
3812,1,全世帯,007,第６階級,109,書籍・他の印刷物,00000,全国,1984000000,1984年,円
4161,1,全世帯,007,第６階級,109,書籍・他の印刷物,00415,3大都市圏平均,1984000000,1984年,円
11581,1,全世帯,007,第６階級,110,教養娯楽サービス,00000,全国,1984000000,1984年,円
12963,1,全世帯,007,第６階級,110,教養娯楽サービス,00415,3大都市圏平均,1984000000,1984年,円
396,1,全世帯,007,第６階級,111,宿泊料,00000,全国,1984000000,1984年,円
494,1,全世帯,007,第６階級,111,宿泊料,00415,3大都市圏平均,1984000000,1984年,円
3018,1,全世帯,007,第６階級,112,パック旅行,00000,全国,1984000000,1984年,円
2494,1,全世帯,007,第６階級,112,パック旅行,00415,3大都市圏平均,1984000000,1984年,円
4193,1,全世帯,007,第６階級,113,月謝類,00000,全国,1984000000,1984年,円
5577,1,全世帯,007,第６階級,113,月謝類,00415,3大都市圏平均,1984000000,1984年,円
3973,1,全世帯,007,第６階級,114,他の教養娯楽サービス,00000,全国,1984000000,1984年,円
4398,1,全世帯,007,第６階級,114,他の教養娯楽サービス,00415,3大都市圏平均,1984000000,1984年,円
61881,1,全世帯,007,第６階級,115,その他の消費支出,00000,全国,1984000000,1984年,円
61903,1,全世帯,007,第６階級,115,その他の消費支出,00415,3大都市圏平均,1984000000,1984年,円
14082,1,全世帯,007,第６階級,116,諸雑費,00000,全国,1984000000,1984年,円
13810,1,全世帯,007,第６階級,116,諸雑費,00415,3大都市圏平均,1984000000,1984年,円
2579,1,全世帯,007,第６階級,117,理美容サービス,00000,全国,1984000000,1984年,円
2663,1,全世帯,007,第６階級,117,理美容サービス,00415,3大都市圏平均,1984000000,1984年,円
2689,1,全世帯,007,第６階級,118,理美容用品,00000,全国,1984000000,1984年,円
2847,1,全世帯,007,第６階級,118,理美容用品,00415,3大都市圏平均,1984000000,1984年,円
1212,1,全世帯,007,第６階級,119,身の回り用品,00000,全国,1984000000,1984年,円
1471,1,全世帯,007,第６階級,119,身の回り用品,00415,3大都市圏平均,1984000000,1984年,円
1843,1,全世帯,007,第６階級,120,たばこ,00000,全国,1984000000,1984年,円
1653,1,全世帯,007,第６階級,120,たばこ,00415,3大都市圏平均,1984000000,1984年,円
5759,1,全世帯,007,第６階級,121,（「諸雑費」のその他）,00000,全国,1984000000,1984年,円
5176,1,全世帯,007,第６階級,121,（「諸雑費」のその他）,00415,3大都市圏平均,1984000000,1984年,円
21169,1,全世帯,007,第６階級,122,こづかい（使途不明）,00000,全国,1984000000,1984年,円
25599,1,全世帯,007,第６階級,122,こづかい（使途不明）,00415,3大都市圏平均,1984000000,1984年,円
21262,1,全世帯,007,第６階級,123,交際費,00000,全国,1984000000,1984年,円
20230,1,全世帯,007,第６階級,123,交際費,00415,3大都市圏平均,1984000000,1984年,円
4626,1,全世帯,007,第６階級,124,（「交際費」の食料）,00000,全国,1984000000,1984年,円
4355,1,全世帯,007,第６階級,124,（「交際費」の食料）,00415,3大都市圏平均,1984000000,1984年,円
566,1,全世帯,007,第６階級,125,家具・家事用品（「交際費」の家具・家事用品）,00000,全国,1984000000,1984年,円
593,1,全世帯,007,第６階級,125,家具・家事用品（「交際費」の家具・家事用品）,00415,3大都市圏平均,1984000000,1984年,円
801,1,全世帯,007,第６階級,126,被服及び履物（「交際費」の被服及び履物）,00000,全国,1984000000,1984年,円
782,1,全世帯,007,第６階級,126,被服及び履物（「交際費」の被服及び履物）,00415,3大都市圏平均,1984000000,1984年,円
404,1,全世帯,007,第６階級,127,（「交際費」の教養娯楽）,00000,全国,1984000000,1984年,円
474,1,全世帯,007,第６階級,127,（「交際費」の教養娯楽）,00415,3大都市圏平均,1984000000,1984年,円
326,1,全世帯,007,第６階級,128,他の物品サービス,00000,全国,1984000000,1984年,円
442,1,全世帯,007,第６階級,128,他の物品サービス,00415,3大都市圏平均,1984000000,1984年,円
10612,1,全世帯,007,第６階級,129,贈与金,00000,全国,1984000000,1984年,円
9298,1,全世帯,007,第６階級,129,贈与金,00415,3大都市圏平均,1984000000,1984年,円
3928,1,全世帯,007,第６階級,130,他の交際費,00000,全国,1984000000,1984年,円
4287,1,全世帯,007,第６階級,130,他の交際費,00415,3大都市圏平均,1984000000,1984年,円
5367,1,全世帯,007,第６階級,131,（「その他の消費支出」の仕送り金）,00000,全国,1984000000,1984年,円
2264,1,全世帯,007,第６階級,131,（「その他の消費支出」の仕送り金）,00415,3大都市圏平均,1984000000,1984年,円
18689,1,全世帯,007,第６階級,132,（再掲）教育関係費,00000,全国,1984000000,1984年,円
17604,1,全世帯,007,第６階級,132,（再掲）教育関係費,00415,3大都市圏平均,1984000000,1984年,円
25135,1,全世帯,007,第６階級,133,（再掲）教養娯楽関係費,00000,全国,1984000000,1984年,円
28274,1,全世帯,007,第６階級,133,（再掲）教養娯楽関係費,00415,3大都市圏平均,1984000000,1984年,円
2269,1,全世帯,007,第６階級,134,（「教養娯楽関係費」の耐久財）,00000,全国,1984000000,1984年,円
2413,1,全世帯,007,第６階級,134,（「教養娯楽関係費」の耐久財）,00415,3大都市圏平均,1984000000,1984年,円
3794,1,全世帯,007,第６階級,135,読書,00000,全国,1984000000,1984年,円
4073,1,全世帯,007,第６階級,135,読書,00415,3大都市圏平均,1984000000,1984年,円
1401,1,全世帯,007,第６階級,136,聴視・観覧,00000,全国,1984000000,1984年,円
1582,1,全世帯,007,第６階級,136,聴視・観覧,00415,3大都市圏平均,1984000000,1984年,円
5956,1,全世帯,007,第６階級,137,旅行,00000,全国,1984000000,1984年,円
6247,1,全世帯,007,第６階級,137,旅行,00415,3大都市圏平均,1984000000,1984年,円
2078,1,全世帯,007,第６階級,138,スポーツ,00000,全国,1984000000,1984年,円
2331,1,全世帯,007,第６階級,138,スポーツ,00415,3大都市圏平均,1984000000,1984年,円
3689,1,全世帯,007,第６階級,139,（「教養娯楽関係費」の月謝）,00000,全国,1984000000,1984年,円
5069,1,全世帯,007,第６階級,139,（「教養娯楽関係費」の月謝）,00415,3大都市圏平均,1984000000,1984年,円
1825,1,全世帯,007,第６階級,140,会費・つきあい費,00000,全国,1984000000,1984年,円
2002,1,全世帯,007,第６階級,140,会費・つきあい費,00415,3大都市圏平均,1984000000,1984年,円
4123,1,全世帯,007,第６階級,141,他の教養娯楽,00000,全国,1984000000,1984年,円
4558,1,全世帯,007,第６階級,141,他の教養娯楽,00415,3大都市圏平均,1984000000,1984年,円
22866,1,全世帯,007,第６階級,142,〔耐久財を除く教養娯楽関係費〕,00000,全国,1984000000,1984年,円
25862,1,全世帯,007,第６階級,142,〔耐久財を除く教養娯楽関係費〕,00415,3大都市圏平均,1984000000,1984年,円
218261,1,全世帯,007,第６階級,143,（（特掲）財・サービス区分の消費支出。「こづかい（使途不明）」，「贈与金」，「他の交際費」，「仕送り金」は含まれない。）,00000,全国,1984000000,1984年,円
234037,1,全世帯,007,第６階級,143,（（特掲）財・サービス区分の消費支出。「こづかい（使途不明）」，「贈与金」，「他の交際費」，「仕送り金」は含まれない。）,00415,3大都市圏平均,1984000000,1984年,円
142565,1,全世帯,007,第６階級,144,商品,00000,全国,1984000000,1984年,円
148801,1,全世帯,007,第６階級,144,商品,00415,3大都市圏平均,1984000000,1984年,円
11961,1,全世帯,007,第６階級,145,耐久財,00000,全国,1984000000,1984年,円
11686,1,全世帯,007,第６階級,145,耐久財,00415,3大都市圏平均,1984000000,1984年,円
26779,1,全世帯,007,第６階級,146,半耐久財,00000,全国,1984000000,1984年,円
27908,1,全世帯,007,第６階級,146,半耐久財,00415,3大都市圏平均,1984000000,1984年,円
103826,1,全世帯,007,第６階級,147,非耐久財,00000,全国,1984000000,1984年,円
109208,1,全世帯,007,第６階級,147,非耐久財,00415,3大都市圏平均,1984000000,1984年,円
75696,1,全世帯,007,第６階級,148,サービス,00000,全国,1984000000,1984年,円
85236,1,全世帯,007,第６階級,148,サービス,00415,3大都市圏平均,1984000000,1984年,円
81822,1,全世帯,007,第６階級,149,（財・サービス区分の食料）,00000,全国,1984000000,1984年,円
88880,1,全世帯,007,第６階級,149,（財・サービス区分の食料）,00415,3大都市圏平均,1984000000,1984年,円
68894,1,全世帯,007,第６階級,150,（財・サービス区分「食料」の非耐久財）,00000,全国,1984000000,1984年,円
73720,1,全世帯,007,第６階級,150,（財・サービス区分「食料」の非耐久財）,00415,3大都市圏平均,1984000000,1984年,円
12929,1,全世帯,007,第６階級,151,（財・サービス区分「食料」のサービス）,00000,全国,1984000000,1984年,円
15160,1,全世帯,007,第６階級,151,（財・サービス区分「食料」のサービス）,00415,3大都市圏平均,1984000000,1984年,円
11221,1,全世帯,007,第６階級,152,（財・サービス区分の住居）,00000,全国,1984000000,1984年,円
12896,1,全世帯,007,第６階級,152,（財・サービス区分の住居）,00415,3大都市圏平均,1984000000,1984年,円
416,1,全世帯,007,第６階級,153,（財・サービス区分「住居」の耐久財）,00000,全国,1984000000,1984年,円
384,1,全世帯,007,第６階級,153,（財・サービス区分「住居」の耐久財）,00415,3大都市圏平均,1984000000,1984年,円
436,1,全世帯,007,第６階級,154,（財・サービス区分「住居」の半耐久財）,00000,全国,1984000000,1984年,円
275,1,全世帯,007,第６階級,154,（財・サービス区分「住居」の半耐久財）,00415,3大都市圏平均,1984000000,1984年,円
10369,1,全世帯,007,第６階級,155,（財・サービス区分「住居」のサービス）,00000,全国,1984000000,1984年,円
12237,1,全世帯,007,第６階級,155,（財・サービス区分「住居」のサービス）,00415,3大都市圏平均,1984000000,1984年,円
15730,1,全世帯,007,第６階級,156,光熱・水道（非耐久財）（財・サービス区分の光熱・水道）,00000,全国,1984000000,1984年,円
16619,1,全世帯,007,第６階級,156,光熱・水道（非耐久財）（財・サービス区分の光熱・水道）,00415,3大都市圏平均,1984000000,1984年,円
11657,1,全世帯,007,第６階級,157,家具・家事用品（財・サービス区分の家具・家事用品）,00000,全国,1984000000,1984年,円
11526,1,全世帯,007,第６階級,157,家具・家事用品（財・サービス区分の家具・家事用品）,00415,3大都市圏平均,1984000000,1984年,円
4925,1,全世帯,007,第６階級,158,（財・サービス区分「家具・家事用品」の耐久財）,00000,全国,1984000000,1984年,円
4897,1,全世帯,007,第６階級,158,（財・サービス区分「家具・家事用品」の耐久財）,00415,3大都市圏平均,1984000000,1984年,円
4031,1,全世帯,007,第６階級,159,（財・サービス区分「家具・家事用品」の半耐久財）,00000,全国,1984000000,1984年,円
3890,1,全世帯,007,第６階級,159,（財・サービス区分「家具・家事用品」の半耐久財）,00415,3大都市圏平均,1984000000,1984年,円
1860,1,全世帯,007,第６階級,160,（財・サービス区分「家具・家事用品」の非耐久財）,00000,全国,1984000000,1984年,円
2036,1,全世帯,007,第６階級,160,（財・サービス区分「家具・家事用品」の非耐久財）,00415,3大都市圏平均,1984000000,1984年,円
841,1,全世帯,007,第６階級,161,（財・サービス区分「家具・家事用品」のサービス）,00000,全国,1984000000,1984年,円
702,1,全世帯,007,第６階級,161,（財・サービス区分「家具・家事用品」のサービス）,00415,3大都市圏平均,1984000000,1984年,円
17705,1,全世帯,007,第６階級,162,被服及び履物（財・サービス区分の被服及び履物）,00000,全国,1984000000,1984年,円
18692,1,全世帯,007,第６階級,162,被服及び履物（財・サービス区分の被服及び履物）,00415,3大都市圏平均,1984000000,1984年,円
16443,1,全世帯,007,第６階級,163,（財・サービス区分「被服及び履物」の半耐久財）,00000,全国,1984000000,1984年,円
17220,1,全世帯,007,第６階級,163,（財・サービス区分「被服及び履物」の半耐久財）,00415,3大都市圏平均,1984000000,1984年,円
1262,1,全世帯,007,第６階級,164,（財・サービス区分「被服及び履物」のサービス）,00000,全国,1984000000,1984年,円
1472,1,全世帯,007,第６階級,164,（財・サービス区分「被服及び履物」のサービス）,00415,3大都市圏平均,1984000000,1984年,円
6725,1,全世帯,007,第６階級,165,（財・サービス区分の保健医療）,00000,全国,1984000000,1984年,円
7310,1,全世帯,007,第６階級,165,（財・サービス区分の保健医療）,00415,3大都市圏平均,1984000000,1984年,円
468,1,全世帯,007,第６階級,166,（財・サービス区分「保健医療」の耐久財）,00000,全国,1984000000,1984年,円
536,1,全世帯,007,第６階級,166,（財・サービス区分「保健医療」の耐久財）,00415,3大都市圏平均,1984000000,1984年,円
267,1,全世帯,007,第６階級,167,（財・サービス区分「保健医療」の半耐久財）,00000,全国,1984000000,1984年,円
222,1,全世帯,007,第６階級,167,（財・サービス区分「保健医療」の半耐久財）,00415,3大都市圏平均,1984000000,1984年,円
1872,1,全世帯,007,第６階級,168,（財・サービス区分「保健医療」の非耐久財）,00000,全国,1984000000,1984年,円
2008,1,全世帯,007,第６階級,168,（財・サービス区分「保健医療」の非耐久財）,00415,3大都市圏平均,1984000000,1984年,円
4118,1,全世帯,007,第６階級,169,（財・サービス区分「保健医療」のサービス）,00000,全国,1984000000,1984年,円
4545,1,全世帯,007,第６階級,169,（財・サービス区分「保健医療」のサービス）,00415,3大都市圏平均,1984000000,1984年,円
25902,1,全世帯,007,第６階級,170,（財・サービス区分の交通通信）,00000,全国,1984000000,1984年,円
26408,1,全世帯,007,第６階級,170,（財・サービス区分の交通通信）,00415,3大都市圏平均,1984000000,1984年,円
3933,1,全世帯,007,第６階級,171,（財・サービス区分「交通通信」の耐久財）,00000,全国,1984000000,1984年,円
3540,1,全世帯,007,第６階級,171,（財・サービス区分「交通通信」の耐久財）,00415,3大都市圏平均,1984000000,1984年,円
393,1,全世帯,007,第６階級,172,（財・サービス区分「交通通信」の半耐久財）,00000,全国,1984000000,1984年,円
298,1,全世帯,007,第６階級,172,（財・サービス区分「交通通信」の半耐久財）,00415,3大都市圏平均,1984000000,1984年,円
5857,1,全世帯,007,第６階級,173,（財・サービス区分「交通通信」の非耐久財）,00000,全国,1984000000,1984年,円
4589,1,全世帯,007,第６階級,173,（財・サービス区分「交通通信」の非耐久財）,00415,3大都市圏平均,1984000000,1984年,円
15720,1,全世帯,007,第６階級,174,（財・サービス区分「交通通信」のサービス）,00000,全国,1984000000,1984年,円
17982,1,全世帯,007,第６階級,174,（財・サービス区分「交通通信」のサービス）,00415,3大都市圏平均,1984000000,1984年,円
10580,1,全世帯,007,第６階級,175,（財・サービス区分の教育）,00000,全国,1984000000,1984年,円
12467,1,全世帯,007,第６階級,175,（財・サービス区分の教育）,00415,3大都市圏平均,1984000000,1984年,円
416,1,全世帯,007,第６階級,176,（財・サービス区分「教育」の非耐久財）,00000,全国,1984000000,1984年,円
522,1,全世帯,007,第６階級,176,（財・サービス区分「教育」の非耐久財）,00415,3大都市圏平均,1984000000,1984年,円
10164,1,全世帯,007,第６階級,177,（財・サービス区分「教育」のサービス）,00000,全国,1984000000,1984年,円
11945,1,全世帯,007,第６階級,177,（財・サービス区分「教育」のサービス）,00415,3大都市圏平均,1984000000,1984年,円
22607,1,全世帯,007,第６階級,178,（財・サービス区分の教養娯楽）,00000,全国,1984000000,1984年,円
25080,1,全世帯,007,第６階級,178,（財・サービス区分の教養娯楽）,00415,3大都市圏平均,1984000000,1984年,円
2070,1,全世帯,007,第６階級,179,（財・サービス区分「教養娯楽」の耐久財）,00000,全国,1984000000,1984年,円
2197,1,全世帯,007,第６階級,179,（財・サービス区分「教養娯楽」の耐久財）,00415,3大都市圏平均,1984000000,1984年,円
3868,1,全世帯,007,第６階級,180,（財・サービス区分「教養娯楽」の半耐久財）,00000,全国,1984000000,1984年,円
4200,1,全世帯,007,第６階級,180,（財・サービス区分「教養娯楽」の半耐久財）,00415,3大都市圏平均,1984000000,1984年,円
4817,1,全世帯,007,第６階級,181,（財・サービス区分「教養娯楽」の非耐久財）,00000,全国,1984000000,1984年,円
5400,1,全世帯,007,第６階級,181,（財・サービス区分「教養娯楽」の非耐久財）,00415,3大都市圏平均,1984000000,1984年,円
11853,1,全世帯,007,第６階級,182,（財・サービス区分「教養娯楽」のサービス）,00000,全国,1984000000,1984年,円
13283,1,全世帯,007,第６階級,182,（財・サービス区分「教養娯楽」のサービス）,00415,3大都市圏平均,1984000000,1984年,円
14311,1,全世帯,007,第６階級,183,（財・サービス区分の諸雑費）,00000,全国,1984000000,1984年,円
14159,1,全世帯,007,第６階級,183,（財・サービス区分の諸雑費）,00415,3大都市圏平均,1984000000,1984年,円
150,1,全世帯,007,第６階級,184,（財・サービス区分「諸雑費」の耐久財）,00000,全国,1984000000,1984年,円
132,1,全世帯,007,第６階級,184,（財・サービス区分「諸雑費」の耐久財）,00415,3大都市圏平均,1984000000,1984年,円
1341,1,全世帯,007,第６階級,185,（財・サービス区分「諸雑費」の半耐久財）,00000,全国,1984000000,1984年,円
1803,1,全世帯,007,第６階級,185,（財・サービス区分「諸雑費」の半耐久財）,00415,3大都市圏平均,1984000000,1984年,円
4380,1,全世帯,007,第６階級,186,（財・サービス区分「諸雑費」の非耐久財）,00000,全国,1984000000,1984年,円
4314,1,全世帯,007,第６階級,186,（財・サービス区分「諸雑費」の非耐久財）,00415,3大都市圏平均,1984000000,1984年,円
8440,1,全世帯,007,第６階級,187,（財・サービス区分「諸雑費」のサービス）,00000,全国,1984000000,1984年,円
7910,1,全世帯,007,第６階級,187,（財・サービス区分「諸雑費」のサービス）,00415,3大都市圏平均,1984000000,1984年,円
77197,1,全世帯,007,第６階級,188,（（特掲）五大費目）,00000,全国,1984000000,1984年,円
84524,1,全世帯,007,第６階級,188,（（特掲）五大費目）,00415,3大都市圏平均,1984000000,1984年,円
22136,1,全世帯,007,第６階級,189,（（特掲）五大費目）,00000,全国,1984000000,1984年,円
24611,1,全世帯,007,第６階級,189,（（特掲）五大費目）,00415,3大都市圏平均,1984000000,1984年,円
12833,1,全世帯,007,第６階級,190,（（特掲）五大費目）,00000,全国,1984000000,1984年,円
13126,1,全世帯,007,第６階級,190,（（特掲）五大費目）,00415,3大都市圏平均,1984000000,1984年,円
19364,1,全世帯,007,第６階級,191,（（特掲）五大費目）,00000,全国,1984000000,1984年,円
20378,1,全世帯,007,第６階級,191,（（特掲）五大費目）,00415,3大都市圏平均,1984000000,1984年,円
127807,1,全世帯,007,第６階級,192,（（特掲）五大費目）,00000,全国,1984000000,1984年,円
132845,1,全世帯,007,第６階級,192,（（特掲）五大費目）,00415,3大都市圏平均,1984000000,1984年,円
15769,1,全世帯,007,第６階級,193,現物支出（総額）,00000,全国,1984000000,1984年,円
14280,1,全世帯,007,第６階級,193,現物支出（総額）,00415,3大都市圏平均,1984000000,1984年,円
2640,1,全世帯,007,第６階級,194,（現物支出の自家産物）,00000,全国,1984000000,1984年,円
902,1,全世帯,007,第６階級,194,（現物支出の自家産物）,00415,3大都市圏平均,1984000000,1984年,円
13129,1,全世帯,007,第６階級,195,（現物支出の自家産物以外）,00000,全国,1984000000,1984年,円
13378,1,全世帯,007,第６階級,195,（現物支出の自家産物以外）,00415,3大都市圏平均,1984000000,1984年,円
11794,1,全世帯,007,第６階級,196,（現物支出の食料）,00000,全国,1984000000,1984年,円
9974,1,全世帯,007,第６階級,196,（現物支出の食料）,00415,3大都市圏平均,1984000000,1984年,円
2452,1,全世帯,007,第６階級,197,（現物支出「食料」の自家産物）,00000,全国,1984000000,1984年,円
845,1,全世帯,007,第６階級,197,（現物支出「食料」の自家産物）,00415,3大都市圏平均,1984000000,1984年,円
9343,1,全世帯,007,第６階級,198,その他（受贈物等）（現物支出「食料」の自家産物以外）,00000,全国,1984000000,1984年,円
9129,1,全世帯,007,第６階級,198,その他（受贈物等）（現物支出「食料」の自家産物以外）,00415,3大都市圏平均,1984000000,1984年,円
45,1,全世帯,007,第６階級,199,（現物支出の住居）,00000,全国,1984000000,1984年,円
29,1,全世帯,007,第６階級,199,（現物支出の住居）,00415,3大都市圏平均,1984000000,1984年,円
17,1,全世帯,007,第６階級,200,（現物支出の光熱・水道）,00000,全国,1984000000,1984年,円
8,1,全世帯,007,第６階級,200,（現物支出の光熱・水道）,00415,3大都市圏平均,1984000000,1984年,円
1267,1,全世帯,007,第６階級,201,（現物支出の家具・家事用品）,00000,全国,1984000000,1984年,円
1187,1,全世帯,007,第６階級,201,（現物支出の家具・家事用品）,00415,3大都市圏平均,1984000000,1984年,円
999,1,全世帯,007,第６階級,202,（現物支出の被服及び履物）,00000,全国,1984000000,1984年,円
1178,1,全世帯,007,第６階級,202,（現物支出の被服及び履物）,00415,3大都市圏平均,1984000000,1984年,円
66,1,全世帯,007,第６階級,203,（現物支出の保健医療）,00000,全国,1984000000,1984年,円
77,1,全世帯,007,第６階級,203,（現物支出の保健医療）,00415,3大都市圏平均,1984000000,1984年,円
424,1,全世帯,007,第６階級,204,（現物支出の交通通信）,00000,全国,1984000000,1984年,円
459,1,全世帯,007,第６階級,204,（現物支出の交通通信）,00415,3大都市圏平均,1984000000,1984年,円
0,1,全世帯,007,第６階級,205,（現物支出の教育）,00000,全国,1984000000,1984年,円
4,1,全世帯,007,第６階級,205,（現物支出の教育）,00415,3大都市圏平均,1984000000,1984年,円
498,1,全世帯,007,第６階級,206,（現物支出の教養娯楽）,00000,全国,1984000000,1984年,円
651,1,全世帯,007,第６階級,206,（現物支出の教養娯楽）,00415,3大都市圏平均,1984000000,1984年,円
658,1,全世帯,007,第６階級,207,（現物支出のその他の消費支出）,00000,全国,1984000000,1984年,円
713,1,全世帯,007,第６階級,207,（現物支出のその他の消費支出）,00415,3大都市圏平均,1984000000,1984年,円
182,1,全世帯,007,第６階級,208,（現物支出の交際費（自家産物の贈与））,00000,全国,1984000000,1984年,円
49,1,全世帯,007,第６階級,208,（現物支出の交際費（自家産物の贈与））,00415,3大都市圏平均,1984000000,1984年,円
28558,1,全世帯,007,第６階級,209,〔持家の帰属家賃〕,00000,全国,1984000000,1984年,円
34669,1,全世帯,007,第６階級,209,〔持家の帰属家賃〕,00415,3大都市圏平均,1984000000,1984年,円
29.8,1,全世帯,007,第６階級,210,エンゲル係数（％）,00000,全国,1984000000,1984年,％
30.7,1,全世帯,007,第６階級,210,エンゲル係数（％）,00415,3大都市圏平均,1984000000,1984年,％
5734,1,全世帯,007,第６階級,211,貯蓄現在高（千円）,00000,全国,1984000000,1984年,千円
6267,1,全世帯,007,第６階級,211,貯蓄現在高（千円）,00415,3大都市圏平均,1984000000,1984年,千円
487,1,全世帯,007,第６階級,212,通貨性預貯金（千円）,00000,全国,1984000000,1984年,千円
421,1,全世帯,007,第６階級,212,通貨性預貯金（千円）,00415,3大都市圏平均,1984000000,1984年,千円
2824,1,全世帯,007,第６階級,213,定期性預貯金（千円）,00000,全国,1984000000,1984年,千円
2938,1,全世帯,007,第６階級,213,定期性預貯金（千円）,00415,3大都市圏平均,1984000000,1984年,千円
1233,1,全世帯,007,第６階級,214,生命保険（千円）,00000,全国,1984000000,1984年,千円
1199,1,全世帯,007,第６階級,214,生命保険（千円）,00415,3大都市圏平均,1984000000,1984年,千円
915,1,全世帯,007,第６階級,215,有価証券（千円）,00000,全国,1984000000,1984年,千円
1338,1,全世帯,007,第６階級,215,有価証券（千円）,00415,3大都市圏平均,1984000000,1984年,千円
2808,1,全世帯,007,第６階級,216,負債現在高（千円）,00000,全国,1984000000,1984年,千円
3380,1,全世帯,007,第６階級,216,負債現在高（千円）,00415,3大都市圏平均,1984000000,1984年,千円
2452,1,全世帯,007,第６階級,217,うち住宅・土地のため（千円）,00000,全国,1984000000,1984年,千円
3144,1,全世帯,007,第６階級,217,うち住宅・土地のため（千円）,00415,3大都市圏平均,1984000000,1984年,千円
59.6,1,全世帯,007,第６階級,218,負債保有率（％）,00000,全国,1984000000,1984年,％
56.9,1,全世帯,007,第６階級,218,負債保有率（％）,00415,3大都市圏平均,1984000000,1984年,％
40.4,1,全世帯,007,第６階級,219,うち住宅・土地のため（％）,00000,全国,1984000000,1984年,％
40.2,1,全世帯,007,第６階級,219,うち住宅・土地のため（％）,00415,3大都市圏平均,1984000000,1984年,％
4941,1,全世帯,008,第７階級,001,集計世帯数,00000,全国,1984000000,1984年,世帯
1899,1,全世帯,008,第７階級,001,集計世帯数,00415,3大都市圏平均,1984000000,1984年,世帯
81591,1,全世帯,008,第７階級,002,世帯数分布（抽出率調整）,00000,全国,1984000000,1984年,世帯
37409,1,全世帯,008,第７階級,002,世帯数分布（抽出率調整）,00415,3大都市圏平均,1984000000,1984年,世帯
1000,1,全世帯,008,第７階級,003,（１万分比）,00000,全国,1984000000,1984年,
1000,1,全世帯,008,第７階級,003,（１万分比）,00415,3大都市圏平均,1984000000,1984年,
4.05,1,全世帯,008,第７階級,004,世帯人員（人）,00000,全国,1984000000,1984年,人
3.9,1,全世帯,008,第７階級,004,世帯人員（人）,00415,3大都市圏平均,1984000000,1984年,人
1.82,1,全世帯,008,第７階級,005,有業人員（人）,00000,全国,1984000000,1984年,人
1.67,1,全世帯,008,第７階級,005,有業人員（人）,00415,3大都市圏平均,1984000000,1984年,人
45.8,1,全世帯,008,第７階級,006,世帯主の年齢（歳）,00000,全国,1984000000,1984年,歳
45.1,1,全世帯,008,第７階級,006,世帯主の年齢（歳）,00415,3大都市圏平均,1984000000,1984年,歳
80.6,1,全世帯,008,第７階級,007,持家率（％）,00000,全国,1984000000,1984年,％
77.7,1,全世帯,008,第７階級,007,持家率（％）,00415,3大都市圏平均,1984000000,1984年,％
5.5,1,全世帯,008,第７階級,008,居住室数（室）,00000,全国,1984000000,1984年,室
5,1,全世帯,008,第７階級,008,居住室数（室）,00415,3大都市圏平均,1984000000,1984年,室
20.5,1,全世帯,008,第７階級,009,家賃・地代を支払っている世帯割合（％）,00000,全国,1984000000,1984年,％
24.3,1,全世帯,008,第７階級,009,家賃・地代を支払っている世帯割合（％）,00415,3大都市圏平均,1984000000,1984年,％
5816,1,全世帯,008,第７階級,010,年間収入（千円）,00000,全国,1984000000,1984年,千円
6179,1,全世帯,008,第７階級,010,年間収入（千円）,00415,3大都市圏平均,1984000000,1984年,千円
280316,1,全世帯,008,第７階級,011,消費支出,00000,全国,1984000000,1984年,円
294066,1,全世帯,008,第７階級,011,消費支出,00415,3大都市圏平均,1984000000,1984年,円
80842,1,全世帯,008,第７階級,012,食料,00000,全国,1984000000,1984年,円
87083,1,全世帯,008,第７階級,012,食料,00415,3大都市圏平均,1984000000,1984年,円
9839,1,全世帯,008,第７階級,013,穀類,00000,全国,1984000000,1984年,円
10769,1,全世帯,008,第７階級,013,穀類,00415,3大都市圏平均,1984000000,1984年,円
6000,1,全世帯,008,第７階級,014,米類,00000,全国,1984000000,1984年,円
6526,1,全世帯,008,第７階級,014,米類,00415,3大都市圏平均,1984000000,1984年,円
2173,1,全世帯,008,第７階級,015,パン,00000,全国,1984000000,1984年,円
2462,1,全世帯,008,第７階級,015,パン,00415,3大都市圏平均,1984000000,1984年,円
1356,1,全世帯,008,第７階級,016,めん類,00000,全国,1984000000,1984年,円
1441,1,全世帯,008,第７階級,016,めん類,00415,3大都市圏平均,1984000000,1984年,円
310,1,全世帯,008,第７階級,017,穀粉・その他,00000,全国,1984000000,1984年,円
340,1,全世帯,008,第７階級,017,穀粉・その他,00415,3大都市圏平均,1984000000,1984年,円
11728,1,全世帯,008,第７階級,018,魚介類,00000,全国,1984000000,1984年,円
11503,1,全世帯,008,第７階級,018,魚介類,00415,3大都市圏平均,1984000000,1984年,円
7779,1,全世帯,008,第７階級,019,生鮮魚介,00000,全国,1984000000,1984年,円
7586,1,全世帯,008,第７階級,019,生鮮魚介,00415,3大都市圏平均,1984000000,1984年,円
2420,1,全世帯,008,第７階級,020,塩干魚介,00000,全国,1984000000,1984年,円
2391,1,全世帯,008,第７階級,020,塩干魚介,00415,3大都市圏平均,1984000000,1984年,円
951,1,全世帯,008,第７階級,021,魚肉練製品,00000,全国,1984000000,1984年,円
959,1,全世帯,008,第７階級,021,魚肉練製品,00415,3大都市圏平均,1984000000,1984年,円
579,1,全世帯,008,第７階級,022,他の魚介加工品,00000,全国,1984000000,1984年,円
568,1,全世帯,008,第７階級,022,他の魚介加工品,00415,3大都市圏平均,1984000000,1984年,円
9162,1,全世帯,008,第７階級,023,肉類,00000,全国,1984000000,1984年,円
10418,1,全世帯,008,第７階級,023,肉類,00415,3大都市圏平均,1984000000,1984年,円
7726,1,全世帯,008,第７階級,024,生鮮肉,00000,全国,1984000000,1984年,円
8704,1,全世帯,008,第７階級,024,生鮮肉,00415,3大都市圏平均,1984000000,1984年,円
1436,1,全世帯,008,第７階級,025,加工肉,00000,全国,1984000000,1984年,円
1714,1,全世帯,008,第７階級,025,加工肉,00415,3大都市圏平均,1984000000,1984年,円
4141,1,全世帯,008,第７階級,026,乳卵類,00000,全国,1984000000,1984年,円
4273,1,全世帯,008,第７階級,026,乳卵類,00415,3大都市圏平均,1984000000,1984年,円
2188,1,全世帯,008,第７階級,027,牛乳,00000,全国,1984000000,1984年,円
2168,1,全世帯,008,第７階級,027,牛乳,00415,3大都市圏平均,1984000000,1984年,円
612,1,全世帯,008,第７階級,028,乳製品,00000,全国,1984000000,1984年,円
705,1,全世帯,008,第７階級,028,乳製品,00415,3大都市圏平均,1984000000,1984年,円
1342,1,全世帯,008,第７階級,029,卵,00000,全国,1984000000,1984年,円
1400,1,全世帯,008,第７階級,029,卵,00415,3大都市圏平均,1984000000,1984年,円
9628,1,全世帯,008,第７階級,030,野菜・海草,00000,全国,1984000000,1984年,円
10751,1,全世帯,008,第７階級,030,野菜・海草,00415,3大都市圏平均,1984000000,1984年,円
6471,1,全世帯,008,第７階級,031,生鮮野菜,00000,全国,1984000000,1984年,円
7413,1,全世帯,008,第７階級,031,生鮮野菜,00415,3大都市圏平均,1984000000,1984年,円
782,1,全世帯,008,第７階級,032,乾物・海草,00000,全国,1984000000,1984年,円
824,1,全世帯,008,第７階級,032,乾物・海草,00415,3大都市圏平均,1984000000,1984年,円
1111,1,全世帯,008,第７階級,033,大豆加工品,00000,全国,1984000000,1984年,円
1159,1,全世帯,008,第７階級,033,大豆加工品,00415,3大都市圏平均,1984000000,1984年,円
1265,1,全世帯,008,第７階級,034,他の野菜・海草加工品,00000,全国,1984000000,1984年,円
1355,1,全世帯,008,第７階級,034,他の野菜・海草加工品,00415,3大都市圏平均,1984000000,1984年,円
4834,1,全世帯,008,第７階級,035,果物,00000,全国,1984000000,1984年,円
5085,1,全世帯,008,第７階級,035,果物,00415,3大都市圏平均,1984000000,1984年,円
4753,1,全世帯,008,第７階級,036,生鮮果物,00000,全国,1984000000,1984年,円
5003,1,全世帯,008,第７階級,036,生鮮果物,00415,3大都市圏平均,1984000000,1984年,円
82,1,全世帯,008,第７階級,037,果物加工品,00000,全国,1984000000,1984年,円
82,1,全世帯,008,第７階級,037,果物加工品,00415,3大都市圏平均,1984000000,1984年,円
3232,1,全世帯,008,第７階級,038,油脂・調味料,00000,全国,1984000000,1984年,円
3261,1,全世帯,008,第７階級,038,油脂・調味料,00415,3大都市圏平均,1984000000,1984年,円
497,1,全世帯,008,第７階級,039,油脂,00000,全国,1984000000,1984年,円
512,1,全世帯,008,第７階級,039,油脂,00415,3大都市圏平均,1984000000,1984年,円
2736,1,全世帯,008,第７階級,040,調味料,00000,全国,1984000000,1984年,円
2749,1,全世帯,008,第７階級,040,調味料,00415,3大都市圏平均,1984000000,1984年,円
5671,1,全世帯,008,第７階級,041,菓子類,00000,全国,1984000000,1984年,円
5695,1,全世帯,008,第７階級,041,菓子類,00415,3大都市圏平均,1984000000,1984年,円
3707,1,全世帯,008,第７階級,042,調理食品,00000,全国,1984000000,1984年,円
4151,1,全世帯,008,第７階級,042,調理食品,00415,3大都市圏平均,1984000000,1984年,円
886,1,全世帯,008,第７階級,043,主食的調理食品,00000,全国,1984000000,1984年,円
1014,1,全世帯,008,第７階級,043,主食的調理食品,00415,3大都市圏平均,1984000000,1984年,円
2820,1,全世帯,008,第７階級,044,他の調理食品,00000,全国,1984000000,1984年,円
3137,1,全世帯,008,第７階級,044,他の調理食品,00415,3大都市圏平均,1984000000,1984年,円
2460,1,全世帯,008,第７階級,045,飲料,00000,全国,1984000000,1984年,円
2572,1,全世帯,008,第７階級,045,飲料,00415,3大都市圏平均,1984000000,1984年,円
443,1,全世帯,008,第７階級,046,茶類,00000,全国,1984000000,1984年,円
517,1,全世帯,008,第７階級,046,茶類,00415,3大都市圏平均,1984000000,1984年,円
543,1,全世帯,008,第７階級,047,コーヒー・ココア,00000,全国,1984000000,1984年,円
597,1,全世帯,008,第７階級,047,コーヒー・ココア,00415,3大都市圏平均,1984000000,1984年,円
1475,1,全世帯,008,第７階級,048,他の飲料,00000,全国,1984000000,1984年,円
1458,1,全世帯,008,第７階級,048,他の飲料,00415,3大都市圏平均,1984000000,1984年,円
3791,1,全世帯,008,第７階級,049,酒類,00000,全国,1984000000,1984年,円
3996,1,全世帯,008,第７階級,049,酒類,00415,3大都市圏平均,1984000000,1984年,円
12646,1,全世帯,008,第７階級,050,外食,00000,全国,1984000000,1984年,円
14609,1,全世帯,008,第７階級,050,外食,00415,3大都市圏平均,1984000000,1984年,円
10493,1,全世帯,008,第７階級,051,一般外食,00000,全国,1984000000,1984年,円
12647,1,全世帯,008,第７階級,051,一般外食,00415,3大都市圏平均,1984000000,1984年,円
2153,1,全世帯,008,第７階級,052,学校給食,00000,全国,1984000000,1984年,円
1963,1,全世帯,008,第７階級,052,学校給食,00415,3大都市圏平均,1984000000,1984年,円
10796,1,全世帯,008,第７階級,053,住居,00000,全国,1984000000,1984年,円
12860,1,全世帯,008,第７階級,053,住居,00415,3大都市圏平均,1984000000,1984年,円
5406,1,全世帯,008,第７階級,054,家賃・地代,00000,全国,1984000000,1984年,円
7570,1,全世帯,008,第７階級,054,家賃・地代,00415,3大都市圏平均,1984000000,1984年,円
5390,1,全世帯,008,第７階級,055,設備修繕・維持,00000,全国,1984000000,1984年,円
5290,1,全世帯,008,第７階級,055,設備修繕・維持,00415,3大都市圏平均,1984000000,1984年,円
1031,1,全世帯,008,第７階級,056,設備材料,00000,全国,1984000000,1984年,円
921,1,全世帯,008,第７階級,056,設備材料,00415,3大都市圏平均,1984000000,1984年,円
4359,1,全世帯,008,第７階級,057,工事その他のサービス,00000,全国,1984000000,1984年,円
4368,1,全世帯,008,第７階級,057,工事その他のサービス,00415,3大都市圏平均,1984000000,1984年,円
16673,1,全世帯,008,第７階級,058,光熱・水道,00000,全国,1984000000,1984年,円
17055,1,全世帯,008,第７階級,058,光熱・水道,00415,3大都市圏平均,1984000000,1984年,円
7711,1,全世帯,008,第７階級,059,電気代,00000,全国,1984000000,1984年,円
7578,1,全世帯,008,第７階級,059,電気代,00415,3大都市圏平均,1984000000,1984年,円
4467,1,全世帯,008,第７階級,060,ガス代,00000,全国,1984000000,1984年,円
5171,1,全世帯,008,第７階級,060,ガス代,00415,3大都市圏平均,1984000000,1984年,円
1447,1,全世帯,008,第７階級,061,他の光熱,00000,全国,1984000000,1984年,円
692,1,全世帯,008,第７階級,061,他の光熱,00415,3大都市圏平均,1984000000,1984年,円
3048,1,全世帯,008,第７階級,062,水道料,00000,全国,1984000000,1984年,円
3614,1,全世帯,008,第７階級,062,水道料,00415,3大都市圏平均,1984000000,1984年,円
12241,1,全世帯,008,第７階級,063,家具・家事用品,00000,全国,1984000000,1984年,円
11671,1,全世帯,008,第７階級,063,家具・家事用品,00415,3大都市圏平均,1984000000,1984年,円
4616,1,全世帯,008,第７階級,064,家庭用耐久財,00000,全国,1984000000,1984年,円
4206,1,全世帯,008,第７階級,064,家庭用耐久財,00415,3大都市圏平均,1984000000,1984年,円
1718,1,全世帯,008,第７階級,065,家事用耐久財,00000,全国,1984000000,1984年,円
1464,1,全世帯,008,第７階級,065,家事用耐久財,00415,3大都市圏平均,1984000000,1984年,円
1231,1,全世帯,008,第７階級,066,冷暖房用器具,00000,全国,1984000000,1984年,円
1253,1,全世帯,008,第７階級,066,冷暖房用器具,00415,3大都市圏平均,1984000000,1984年,円
1667,1,全世帯,008,第７階級,067,一般家具,00000,全国,1984000000,1984年,円
1489,1,全世帯,008,第７階級,067,一般家具,00415,3大都市圏平均,1984000000,1984年,円
924,1,全世帯,008,第７階級,068,室内装備品,00000,全国,1984000000,1984年,円
917,1,全世帯,008,第７階級,068,室内装備品,00415,3大都市圏平均,1984000000,1984年,円
1662,1,全世帯,008,第７階級,069,寝具類,00000,全国,1984000000,1984年,円
1400,1,全世帯,008,第７階級,069,寝具類,00415,3大都市圏平均,1984000000,1984年,円
2256,1,全世帯,008,第７階級,070,家事雑貨,00000,全国,1984000000,1984年,円
2432,1,全世帯,008,第７階級,070,家事雑貨,00415,3大都市圏平均,1984000000,1984年,円
1899,1,全世帯,008,第７階級,071,家事用消耗品,00000,全国,1984000000,1984年,円
1991,1,全世帯,008,第７階級,071,家事用消耗品,00415,3大都市圏平均,1984000000,1984年,円
884,1,全世帯,008,第７階級,072,家事サービス,00000,全国,1984000000,1984年,円
725,1,全世帯,008,第７階級,072,家事サービス,00415,3大都市圏平均,1984000000,1984年,円
19114,1,全世帯,008,第７階級,073,被服及び履物,00000,全国,1984000000,1984年,円
20015,1,全世帯,008,第７階級,073,被服及び履物,00415,3大都市圏平均,1984000000,1984年,円
1563,1,全世帯,008,第７階級,074,和服,00000,全国,1984000000,1984年,円
1180,1,全世帯,008,第７階級,074,和服,00415,3大都市圏平均,1984000000,1984年,円
7034,1,全世帯,008,第７階級,075,洋服,00000,全国,1984000000,1984年,円
7516,1,全世帯,008,第７階級,075,洋服,00415,3大都市圏平均,1984000000,1984年,円
2597,1,全世帯,008,第７階級,076,男子洋服,00000,全国,1984000000,1984年,円
2764,1,全世帯,008,第７階級,076,男子洋服,00415,3大都市圏平均,1984000000,1984年,円
3526,1,全世帯,008,第７階級,077,婦人洋服,00000,全国,1984000000,1984年,円
3875,1,全世帯,008,第７階級,077,婦人洋服,00415,3大都市圏平均,1984000000,1984年,円
912,1,全世帯,008,第７階級,078,子供洋服,00000,全国,1984000000,1984年,円
876,1,全世帯,008,第７階級,078,子供洋服,00415,3大都市圏平均,1984000000,1984年,円
3118,1,全世帯,008,第７階級,079,シャツ・セーター類,00000,全国,1984000000,1984年,円
3547,1,全世帯,008,第７階級,079,シャツ・セーター類,00415,3大都市圏平均,1984000000,1984年,円
1151,1,全世帯,008,第７階級,080,男子シャツ・セーター類,00000,全国,1984000000,1984年,円
1244,1,全世帯,008,第７階級,080,男子シャツ・セーター類,00415,3大都市圏平均,1984000000,1984年,円
1627,1,全世帯,008,第７階級,081,婦人シャツ・セーター類,00000,全国,1984000000,1984年,円
1948,1,全世帯,008,第７階級,081,婦人シャツ・セーター類,00415,3大都市圏平均,1984000000,1984年,円
340,1,全世帯,008,第７階級,082,子供シャツ・セーター類,00000,全国,1984000000,1984年,円
356,1,全世帯,008,第７階級,082,子供シャツ・セーター類,00415,3大都市圏平均,1984000000,1984年,円
1655,1,全世帯,008,第７階級,083,下着類,00000,全国,1984000000,1984年,円
1639,1,全世帯,008,第７階級,083,下着類,00415,3大都市圏平均,1984000000,1984年,円
671,1,全世帯,008,第７階級,084,男子下着類,00000,全国,1984000000,1984年,円
676,1,全世帯,008,第７階級,084,男子下着類,00415,3大都市圏平均,1984000000,1984年,円
705,1,全世帯,008,第７階級,085,婦人下着類,00000,全国,1984000000,1984年,円
707,1,全世帯,008,第７階級,085,婦人下着類,00415,3大都市圏平均,1984000000,1984年,円
279,1,全世帯,008,第７階級,086,子供下着類,00000,全国,1984000000,1984年,円
256,1,全世帯,008,第７階級,086,子供下着類,00415,3大都市圏平均,1984000000,1984年,円
965,1,全世帯,008,第７階級,087,生地・糸類,00000,全国,1984000000,1984年,円
1042,1,全世帯,008,第７階級,087,生地・糸類,00415,3大都市圏平均,1984000000,1984年,円
1226,1,全世帯,008,第７階級,088,他の被服,00000,全国,1984000000,1984年,円
1297,1,全世帯,008,第７階級,088,他の被服,00415,3大都市圏平均,1984000000,1984年,円
2039,1,全世帯,008,第７階級,089,履物類,00000,全国,1984000000,1984年,円
2162,1,全世帯,008,第７階級,089,履物類,00415,3大都市圏平均,1984000000,1984年,円
1514,1,全世帯,008,第７階級,090,被服関連サービス,00000,全国,1984000000,1984年,円
1632,1,全世帯,008,第７階級,090,被服関連サービス,00415,3大都市圏平均,1984000000,1984年,円
6771,1,全世帯,008,第７階級,091,保健医療,00000,全国,1984000000,1984年,円
6863,1,全世帯,008,第７階級,091,保健医療,00415,3大都市圏平均,1984000000,1984年,円
1534,1,全世帯,008,第７階級,092,医薬品,00000,全国,1984000000,1984年,円
1426,1,全世帯,008,第７階級,092,医薬品,00415,3大都市圏平均,1984000000,1984年,円
1185,1,全世帯,008,第７階級,093,保健医療用品・器具,00000,全国,1984000000,1984年,円
1280,1,全世帯,008,第７階級,093,保健医療用品・器具,00415,3大都市圏平均,1984000000,1984年,円
4052,1,全世帯,008,第７階級,094,保健医療サービス,00000,全国,1984000000,1984年,円
4157,1,全世帯,008,第７階級,094,保健医療サービス,00415,3大都市圏平均,1984000000,1984年,円
27607,1,全世帯,008,第７階級,095,交通通信,00000,全国,1984000000,1984年,円
26456,1,全世帯,008,第７階級,095,交通通信,00415,3大都市圏平均,1984000000,1984年,円
5967,1,全世帯,008,第７階級,096,交通,00000,全国,1984000000,1984年,円
7367,1,全世帯,008,第７階級,096,交通,00415,3大都市圏平均,1984000000,1984年,円
15396,1,全世帯,008,第７階級,097,自動車等関係費,00000,全国,1984000000,1984年,円
12426,1,全世帯,008,第７階級,097,自動車等関係費,00415,3大都市圏平均,1984000000,1984年,円
3836,1,全世帯,008,第７階級,098,自動車,00000,全国,1984000000,1984年,円
2270,1,全世帯,008,第７階級,098,自動車,00415,3大都市圏平均,1984000000,1984年,円
264,1,全世帯,008,第７階級,099,自転車,00000,全国,1984000000,1984年,円
333,1,全世帯,008,第７階級,099,自転車,00415,3大都市圏平均,1984000000,1984年,円
11296,1,全世帯,008,第７階級,100,自動車等維持,00000,全国,1984000000,1984年,円
9823,1,全世帯,008,第７階級,100,自動車等維持,00415,3大都市圏平均,1984000000,1984年,円
6243,1,全世帯,008,第７階級,101,通信,00000,全国,1984000000,1984年,円
6663,1,全世帯,008,第７階級,101,通信,00415,3大都市圏平均,1984000000,1984年,円
11799,1,全世帯,008,第７階級,102,教育,00000,全国,1984000000,1984年,円
15217,1,全世帯,008,第７階級,102,教育,00415,3大都市圏平均,1984000000,1984年,円
9017,1,全世帯,008,第７階級,103,授業料等,00000,全国,1984000000,1984年,円
11503,1,全世帯,008,第７階級,103,授業料等,00415,3大都市圏平均,1984000000,1984年,円
532,1,全世帯,008,第７階級,104,教科書・学習参考書,00000,全国,1984000000,1984年,円
548,1,全世帯,008,第７階級,104,教科書・学習参考書,00415,3大都市圏平均,1984000000,1984年,円
2250,1,全世帯,008,第７階級,105,補習教育,00000,全国,1984000000,1984年,円
3166,1,全世帯,008,第７階級,105,補習教育,00415,3大都市圏平均,1984000000,1984年,円
24078,1,全世帯,008,第７階級,106,教養娯楽,00000,全国,1984000000,1984年,円
25696,1,全世帯,008,第７階級,106,教養娯楽,00415,3大都市圏平均,1984000000,1984年,円
2410,1,全世帯,008,第７階級,107,教養娯楽用耐久財,00000,全国,1984000000,1984年,円
2086,1,全世帯,008,第７階級,107,教養娯楽用耐久財,00415,3大都市圏平均,1984000000,1984年,円
4840,1,全世帯,008,第７階級,108,教養娯楽用品,00000,全国,1984000000,1984年,円
5135,1,全世帯,008,第７階級,108,教養娯楽用品,00415,3大都市圏平均,1984000000,1984年,円
4010,1,全世帯,008,第７階級,109,書籍・他の印刷物,00000,全国,1984000000,1984年,円
4357,1,全世帯,008,第７階級,109,書籍・他の印刷物,00415,3大都市圏平均,1984000000,1984年,円
12819,1,全世帯,008,第７階級,110,教養娯楽サービス,00000,全国,1984000000,1984年,円
14118,1,全世帯,008,第７階級,110,教養娯楽サービス,00415,3大都市圏平均,1984000000,1984年,円
460,1,全世帯,008,第７階級,111,宿泊料,00000,全国,1984000000,1984年,円
418,1,全世帯,008,第７階級,111,宿泊料,00415,3大都市圏平均,1984000000,1984年,円
3349,1,全世帯,008,第７階級,112,パック旅行,00000,全国,1984000000,1984年,円
3025,1,全世帯,008,第７階級,112,パック旅行,00415,3大都市圏平均,1984000000,1984年,円
4665,1,全世帯,008,第７階級,113,月謝類,00000,全国,1984000000,1984年,円
5667,1,全世帯,008,第７階級,113,月謝類,00415,3大都市圏平均,1984000000,1984年,円
4346,1,全世帯,008,第７階級,114,他の教養娯楽サービス,00000,全国,1984000000,1984年,円
5009,1,全世帯,008,第７階級,114,他の教養娯楽サービス,00415,3大都市圏平均,1984000000,1984年,円
70396,1,全世帯,008,第７階級,115,その他の消費支出,00000,全国,1984000000,1984年,円
71151,1,全世帯,008,第７階級,115,その他の消費支出,00415,3大都市圏平均,1984000000,1984年,円
15949,1,全世帯,008,第７階級,116,諸雑費,00000,全国,1984000000,1984年,円
16149,1,全世帯,008,第７階級,116,諸雑費,00415,3大都市圏平均,1984000000,1984年,円
2668,1,全世帯,008,第７階級,117,理美容サービス,00000,全国,1984000000,1984年,円
2818,1,全世帯,008,第７階級,117,理美容サービス,00415,3大都市圏平均,1984000000,1984年,円
2975,1,全世帯,008,第７階級,118,理美容用品,00000,全国,1984000000,1984年,円
2980,1,全世帯,008,第７階級,118,理美容用品,00415,3大都市圏平均,1984000000,1984年,円
1483,1,全世帯,008,第７階級,119,身の回り用品,00000,全国,1984000000,1984年,円
1662,1,全世帯,008,第７階級,119,身の回り用品,00415,3大都市圏平均,1984000000,1984年,円
1781,1,全世帯,008,第７階級,120,たばこ,00000,全国,1984000000,1984年,円
1617,1,全世帯,008,第７階級,120,たばこ,00415,3大都市圏平均,1984000000,1984年,円
7042,1,全世帯,008,第７階級,121,（「諸雑費」のその他）,00000,全国,1984000000,1984年,円
7072,1,全世帯,008,第７階級,121,（「諸雑費」のその他）,00415,3大都市圏平均,1984000000,1984年,円
23894,1,全世帯,008,第７階級,122,こづかい（使途不明）,00000,全国,1984000000,1984年,円
29832,1,全世帯,008,第７階級,122,こづかい（使途不明）,00415,3大都市圏平均,1984000000,1984年,円
23760,1,全世帯,008,第７階級,123,交際費,00000,全国,1984000000,1984年,円
22421,1,全世帯,008,第７階級,123,交際費,00415,3大都市圏平均,1984000000,1984年,円
4982,1,全世帯,008,第７階級,124,（「交際費」の食料）,00000,全国,1984000000,1984年,円
4938,1,全世帯,008,第７階級,124,（「交際費」の食料）,00415,3大都市圏平均,1984000000,1984年,円
617,1,全世帯,008,第７階級,125,家具・家事用品（「交際費」の家具・家事用品）,00000,全国,1984000000,1984年,円
710,1,全世帯,008,第７階級,125,家具・家事用品（「交際費」の家具・家事用品）,00415,3大都市圏平均,1984000000,1984年,円
874,1,全世帯,008,第７階級,126,被服及び履物（「交際費」の被服及び履物）,00000,全国,1984000000,1984年,円
865,1,全世帯,008,第７階級,126,被服及び履物（「交際費」の被服及び履物）,00415,3大都市圏平均,1984000000,1984年,円
496,1,全世帯,008,第７階級,127,（「交際費」の教養娯楽）,00000,全国,1984000000,1984年,円
521,1,全世帯,008,第７階級,127,（「交際費」の教養娯楽）,00415,3大都市圏平均,1984000000,1984年,円
408,1,全世帯,008,第７階級,128,他の物品サービス,00000,全国,1984000000,1984年,円
369,1,全世帯,008,第７階級,128,他の物品サービス,00415,3大都市圏平均,1984000000,1984年,円
11971,1,全世帯,008,第７階級,129,贈与金,00000,全国,1984000000,1984年,円
10461,1,全世帯,008,第７階級,129,贈与金,00415,3大都市圏平均,1984000000,1984年,円
4412,1,全世帯,008,第７階級,130,他の交際費,00000,全国,1984000000,1984年,円
4558,1,全世帯,008,第７階級,130,他の交際費,00415,3大都市圏平均,1984000000,1984年,円
6793,1,全世帯,008,第７階級,131,（「その他の消費支出」の仕送り金）,00000,全国,1984000000,1984年,円
2749,1,全世帯,008,第７階級,131,（「その他の消費支出」の仕送り金）,00415,3大都市圏平均,1984000000,1984年,円
21395,1,全世帯,008,第７階級,132,（再掲）教育関係費,00000,全国,1984000000,1984年,円
21164,1,全世帯,008,第７階級,132,（再掲）教育関係費,00415,3大都市圏平均,1984000000,1984年,円
27588,1,全世帯,008,第７階級,133,（再掲）教養娯楽関係費,00000,全国,1984000000,1984年,円
29693,1,全世帯,008,第７階級,133,（再掲）教養娯楽関係費,00415,3大都市圏平均,1984000000,1984年,円
2535,1,全世帯,008,第７階級,134,（「教養娯楽関係費」の耐久財）,00000,全国,1984000000,1984年,円
2186,1,全世帯,008,第７階級,134,（「教養娯楽関係費」の耐久財）,00415,3大都市圏平均,1984000000,1984年,円
3917,1,全世帯,008,第７階級,135,読書,00000,全国,1984000000,1984年,円
4298,1,全世帯,008,第７階級,135,読書,00415,3大都市圏平均,1984000000,1984年,円
1412,1,全世帯,008,第７階級,136,聴視・観覧,00000,全国,1984000000,1984年,円
1584,1,全世帯,008,第７階級,136,聴視・観覧,00415,3大都市圏平均,1984000000,1984年,円
6722,1,全世帯,008,第７階級,137,旅行,00000,全国,1984000000,1984年,円
6828,1,全世帯,008,第７階級,137,旅行,00415,3大都市圏平均,1984000000,1984年,円
2330,1,全世帯,008,第７階級,138,スポーツ,00000,全国,1984000000,1984年,円
2834,1,全世帯,008,第７階級,138,スポーツ,00415,3大都市圏平均,1984000000,1984年,円
4062,1,全世帯,008,第７階級,139,（「教養娯楽関係費」の月謝）,00000,全国,1984000000,1984年,円
5165,1,全世帯,008,第７階級,139,（「教養娯楽関係費」の月謝）,00415,3大都市圏平均,1984000000,1984年,円
2277,1,全世帯,008,第７階級,140,会費・つきあい費,00000,全国,1984000000,1984年,円
2242,1,全世帯,008,第７階級,140,会費・つきあい費,00415,3大都市圏平均,1984000000,1984年,円
4333,1,全世帯,008,第７階級,141,他の教養娯楽,00000,全国,1984000000,1984年,円
4557,1,全世帯,008,第７階級,141,他の教養娯楽,00415,3大都市圏平均,1984000000,1984年,円
25053,1,全世帯,008,第７階級,142,〔耐久財を除く教養娯楽関係費〕,00000,全国,1984000000,1984年,円
27507,1,全世帯,008,第７階級,142,〔耐久財を除く教養娯楽関係費〕,00415,3大都市圏平均,1984000000,1984年,円
233246,1,全世帯,008,第７階級,143,（（特掲）財・サービス区分の消費支出。「こづかい（使途不明）」，「贈与金」，「他の交際費」，「仕送り金」は含まれない。）,00000,全国,1984000000,1984年,円
246466,1,全世帯,008,第７階級,143,（（特掲）財・サービス区分の消費支出。「こづかい（使途不明）」，「贈与金」，「他の交際費」，「仕送り金」は含まれない。）,00415,3大都市圏平均,1984000000,1984年,円
151687,1,全世帯,008,第７階級,144,商品,00000,全国,1984000000,1984年,円
153977,1,全世帯,008,第７階級,144,商品,00415,3大都市圏平均,1984000000,1984年,円
13284,1,全世帯,008,第７階級,145,耐久財,00000,全国,1984000000,1984年,円
11272,1,全世帯,008,第７階級,145,耐久財,00415,3大都市圏平均,1984000000,1984年,円
29871,1,全世帯,008,第７階級,146,半耐久財,00000,全国,1984000000,1984年,円
30523,1,全世帯,008,第７階級,146,半耐久財,00415,3大都市圏平均,1984000000,1984年,円
108531,1,全世帯,008,第７階級,147,非耐久財,00000,全国,1984000000,1984年,円
112181,1,全世帯,008,第７階級,147,非耐久財,00415,3大都市圏平均,1984000000,1984年,円
81559,1,全世帯,008,第７階級,148,サービス,00000,全国,1984000000,1984年,円
92490,1,全世帯,008,第７階級,148,サービス,00415,3大都市圏平均,1984000000,1984年,円
85824,1,全世帯,008,第７階級,149,（財・サービス区分の食料）,00000,全国,1984000000,1984年,円
92021,1,全世帯,008,第７階級,149,（財・サービス区分の食料）,00415,3大都市圏平均,1984000000,1984年,円
71932,1,全世帯,008,第７階級,150,（財・サービス区分「食料」の非耐久財）,00000,全国,1984000000,1984年,円
76061,1,全世帯,008,第７階級,150,（財・サービス区分「食料」の非耐久財）,00415,3大都市圏平均,1984000000,1984年,円
13891,1,全世帯,008,第７階級,151,（財・サービス区分「食料」のサービス）,00000,全国,1984000000,1984年,円
15960,1,全世帯,008,第７階級,151,（財・サービス区分「食料」のサービス）,00415,3大都市圏平均,1984000000,1984年,円
10813,1,全世帯,008,第７階級,152,（財・サービス区分の住居）,00000,全国,1984000000,1984年,円
12867,1,全世帯,008,第７階級,152,（財・サービス区分の住居）,00415,3大都市圏平均,1984000000,1984年,円
594,1,全世帯,008,第７階級,153,（財・サービス区分「住居」の耐久財）,00000,全国,1984000000,1984年,円
661,1,全世帯,008,第７階級,153,（財・サービス区分「住居」の耐久財）,00415,3大都市圏平均,1984000000,1984年,円
437,1,全世帯,008,第７階級,154,（財・サービス区分「住居」の半耐久財）,00000,全国,1984000000,1984年,円
263,1,全世帯,008,第７階級,154,（財・サービス区分「住居」の半耐久財）,00415,3大都市圏平均,1984000000,1984年,円
9782,1,全世帯,008,第７階級,155,（財・サービス区分「住居」のサービス）,00000,全国,1984000000,1984年,円
11942,1,全世帯,008,第７階級,155,（財・サービス区分「住居」のサービス）,00415,3大都市圏平均,1984000000,1984年,円
16675,1,全世帯,008,第７階級,156,光熱・水道（非耐久財）（財・サービス区分の光熱・水道）,00000,全国,1984000000,1984年,円
17055,1,全世帯,008,第７階級,156,光熱・水道（非耐久財）（財・サービス区分の光熱・水道）,00415,3大都市圏平均,1984000000,1984年,円
12858,1,全世帯,008,第７階級,157,家具・家事用品（財・サービス区分の家具・家事用品）,00000,全国,1984000000,1984年,円
12381,1,全世帯,008,第７階級,157,家具・家事用品（財・サービス区分の家具・家事用品）,00415,3大都市圏平均,1984000000,1984年,円
5562,1,全世帯,008,第７階級,158,（財・サービス区分「家具・家事用品」の耐久財）,00000,全国,1984000000,1984年,円
5110,1,全世帯,008,第７階級,158,（財・サービス区分「家具・家事用品」の耐久財）,00415,3大都市圏平均,1984000000,1984年,円
4495,1,全世帯,008,第７階級,159,（財・サービス区分「家具・家事用品」の半耐久財）,00000,全国,1984000000,1984年,円
4538,1,全世帯,008,第７階級,159,（財・サービス区分「家具・家事用品」の半耐久財）,00415,3大都市圏平均,1984000000,1984年,円
1917,1,全世帯,008,第７階級,160,（財・サービス区分「家具・家事用品」の非耐久財）,00000,全国,1984000000,1984年,円
2007,1,全世帯,008,第７階級,160,（財・サービス区分「家具・家事用品」の非耐久財）,00415,3大都市圏平均,1984000000,1984年,円
884,1,全世帯,008,第７階級,161,（財・サービス区分「家具・家事用品」のサービス）,00000,全国,1984000000,1984年,円
725,1,全世帯,008,第７階級,161,（財・サービス区分「家具・家事用品」のサービス）,00415,3大都市圏平均,1984000000,1984年,円
19988,1,全世帯,008,第７階級,162,被服及び履物（財・サービス区分の被服及び履物）,00000,全国,1984000000,1984年,円
20879,1,全世帯,008,第７階級,162,被服及び履物（財・サービス区分の被服及び履物）,00415,3大都市圏平均,1984000000,1984年,円
18472,1,全世帯,008,第７階級,163,（財・サービス区分「被服及び履物」の半耐久財）,00000,全国,1984000000,1984年,円
19245,1,全世帯,008,第７階級,163,（財・サービス区分「被服及び履物」の半耐久財）,00415,3大都市圏平均,1984000000,1984年,円
1516,1,全世帯,008,第７階級,164,（財・サービス区分「被服及び履物」のサービス）,00000,全国,1984000000,1984年,円
1634,1,全世帯,008,第７階級,164,（財・サービス区分「被服及び履物」のサービス）,00415,3大都市圏平均,1984000000,1984年,円
6814,1,全世帯,008,第７階級,165,（財・サービス区分の保健医療）,00000,全国,1984000000,1984年,円
6929,1,全世帯,008,第７階級,165,（財・サービス区分の保健医療）,00415,3大都市圏平均,1984000000,1984年,円
531,1,全世帯,008,第７階級,166,（財・サービス区分「保健医療」の耐久財）,00000,全国,1984000000,1984年,円
640,1,全世帯,008,第７階級,166,（財・サービス区分「保健医療」の耐久財）,00415,3大都市圏平均,1984000000,1984年,円
243,1,全世帯,008,第７階級,167,（財・サービス区分「保健医療」の半耐久財）,00000,全国,1984000000,1984年,円
198,1,全世帯,008,第７階級,167,（財・サービス区分「保健医療」の半耐久財）,00415,3大都市圏平均,1984000000,1984年,円
1987,1,全世帯,008,第７階級,168,（財・サービス区分「保健医療」の非耐久財）,00000,全国,1984000000,1984年,円
1929,1,全世帯,008,第７階級,168,（財・サービス区分「保健医療」の非耐久財）,00415,3大都市圏平均,1984000000,1984年,円
4054,1,全世帯,008,第７階級,169,（財・サービス区分「保健医療」のサービス）,00000,全国,1984000000,1984年,円
4161,1,全世帯,008,第７階級,169,（財・サービス区分「保健医療」のサービス）,00415,3大都市圏平均,1984000000,1984年,円
27662,1,全世帯,008,第７階級,170,（財・サービス区分の交通通信）,00000,全国,1984000000,1984年,円
26520,1,全世帯,008,第７階級,170,（財・サービス区分の交通通信）,00415,3大都市圏平均,1984000000,1984年,円
4101,1,全世帯,008,第７階級,171,（財・サービス区分「交通通信」の耐久財）,00000,全国,1984000000,1984年,円
2603,1,全世帯,008,第７階級,171,（財・サービス区分「交通通信」の耐久財）,00415,3大都市圏平均,1984000000,1984年,円
452,1,全世帯,008,第７階級,172,（財・サービス区分「交通通信」の半耐久財）,00000,全国,1984000000,1984年,円
318,1,全世帯,008,第７階級,172,（財・サービス区分「交通通信」の半耐久財）,00415,3大都市圏平均,1984000000,1984年,円
5867,1,全世帯,008,第７階級,173,（財・サービス区分「交通通信」の非耐久財）,00000,全国,1984000000,1984年,円
4574,1,全世帯,008,第７階級,173,（財・サービス区分「交通通信」の非耐久財）,00415,3大都市圏平均,1984000000,1984年,円
17242,1,全世帯,008,第７階級,174,（財・サービス区分「交通通信」のサービス）,00000,全国,1984000000,1984年,円
19026,1,全世帯,008,第７階級,174,（財・サービス区分「交通通信」のサービス）,00415,3大都市圏平均,1984000000,1984年,円
11800,1,全世帯,008,第７階級,175,（財・サービス区分の教育）,00000,全国,1984000000,1984年,円
15217,1,全世帯,008,第７階級,175,（財・サービス区分の教育）,00415,3大都市圏平均,1984000000,1984年,円
532,1,全世帯,008,第７階級,176,（財・サービス区分「教育」の非耐久財）,00000,全国,1984000000,1984年,円
548,1,全世帯,008,第７階級,176,（財・サービス区分「教育」の非耐久財）,00415,3大都市圏平均,1984000000,1984年,円
11267,1,全世帯,008,第７階級,177,（財・サービス区分「教育」のサービス）,00000,全国,1984000000,1984年,円
14669,1,全世帯,008,第７階級,177,（財・サービス区分「教育」のサービス）,00415,3大都市圏平均,1984000000,1984年,円
24574,1,全世帯,008,第７階級,178,（財・サービス区分の教養娯楽）,00000,全国,1984000000,1984年,円
26218,1,全世帯,008,第７階級,178,（財・サービス区分の教養娯楽）,00415,3大都市圏平均,1984000000,1984年,円
2292,1,全世帯,008,第７階級,179,（財・サービス区分「教養娯楽」の耐久財）,00000,全国,1984000000,1984年,円
1996,1,全世帯,008,第７階級,179,（財・サービス区分「教養娯楽」の耐久財）,00415,3大都市圏平均,1984000000,1984年,円
4124,1,全世帯,008,第７階級,180,（財・サービス区分「教養娯楽」の半耐久財）,00000,全国,1984000000,1984年,円
4258,1,全世帯,008,第７階級,180,（財・サービス区分「教養娯楽」の半耐久財）,00415,3大都市圏平均,1984000000,1984年,円
5042,1,全世帯,008,第７階級,181,（財・サービス区分「教養娯楽」の非耐久財）,00000,全国,1984000000,1984年,円
5600,1,全世帯,008,第７階級,181,（財・サービス区分「教養娯楽」の非耐久財）,00415,3大都市圏平均,1984000000,1984年,円
13116,1,全世帯,008,第７階級,182,（財・サービス区分「教養娯楽」のサービス）,00000,全国,1984000000,1984年,円
14364,1,全世帯,008,第７階級,182,（財・サービス区分「教養娯楽」のサービス）,00415,3大都市圏平均,1984000000,1984年,円
16239,1,全世帯,008,第７階級,183,（財・サービス区分の諸雑費）,00000,全国,1984000000,1984年,円
16379,1,全世帯,008,第７階級,183,（財・サービス区分の諸雑費）,00415,3大都市圏平均,1984000000,1984年,円
204,1,全世帯,008,第７階級,184,（財・サービス区分「諸雑費」の耐久財）,00000,全国,1984000000,1984年,円
261,1,全世帯,008,第７階級,184,（財・サービス区分「諸雑費」の耐久財）,00415,3大都市圏平均,1984000000,1984年,円
1649,1,全世帯,008,第７階級,185,（財・サービス区分「諸雑費」の半耐久財）,00000,全国,1984000000,1984年,円
1702,1,全世帯,008,第７階級,185,（財・サービス区分「諸雑費」の半耐久財）,00415,3大都市圏平均,1984000000,1984年,円
4580,1,全世帯,008,第７階級,186,（財・サービス区分「諸雑費」の非耐久財）,00000,全国,1984000000,1984年,円
4407,1,全世帯,008,第７階級,186,（財・サービス区分「諸雑費」の非耐久財）,00415,3大都市圏平均,1984000000,1984年,円
9806,1,全世帯,008,第７階級,187,（財・サービス区分「諸雑費」のサービス）,00000,全国,1984000000,1984年,円
10009,1,全世帯,008,第７階級,187,（財・サービス区分「諸雑費」のサービス）,00415,3大都市圏平均,1984000000,1984年,円
80842,1,全世帯,008,第７階級,188,（（特掲）五大費目）,00000,全国,1984000000,1984年,円
87083,1,全世帯,008,第７階級,188,（（特掲）五大費目）,00415,3大都市圏平均,1984000000,1984年,円
22774,1,全世帯,008,第７階級,189,（（特掲）五大費目）,00000,全国,1984000000,1984年,円
25394,1,全世帯,008,第７階級,189,（（特掲）五大費目）,00415,3大都市圏平均,1984000000,1984年,円
13624,1,全世帯,008,第７階級,190,（（特掲）五大費目）,00000,全国,1984000000,1984年,円
13441,1,全世帯,008,第７階級,190,（（特掲）五大費目）,00415,3大都市圏平均,1984000000,1984年,円
21994,1,全世帯,008,第７階級,191,（（特掲）五大費目）,00000,全国,1984000000,1984年,円
22771,1,全世帯,008,第７階級,191,（（特掲）五大費目）,00415,3大都市圏平均,1984000000,1984年,円
141081,1,全世帯,008,第７階級,192,（（特掲）五大費目）,00000,全国,1984000000,1984年,円
145377,1,全世帯,008,第７階級,192,（（特掲）五大費目）,00415,3大都市圏平均,1984000000,1984年,円
16099,1,全世帯,008,第７階級,193,現物支出（総額）,00000,全国,1984000000,1984年,円
15073,1,全世帯,008,第７階級,193,現物支出（総額）,00415,3大都市圏平均,1984000000,1984年,円
2752,1,全世帯,008,第７階級,194,（現物支出の自家産物）,00000,全国,1984000000,1984年,円
841,1,全世帯,008,第７階級,194,（現物支出の自家産物）,00415,3大都市圏平均,1984000000,1984年,円
13347,1,全世帯,008,第７階級,195,（現物支出の自家産物以外）,00000,全国,1984000000,1984年,円
14231,1,全世帯,008,第７階級,195,（現物支出の自家産物以外）,00415,3大都市圏平均,1984000000,1984年,円
12246,1,全世帯,008,第７階級,196,（現物支出の食料）,00000,全国,1984000000,1984年,円
10239,1,全世帯,008,第７階級,196,（現物支出の食料）,00415,3大都市圏平均,1984000000,1984年,円
2552,1,全世帯,008,第７階級,197,（現物支出「食料」の自家産物）,00000,全国,1984000000,1984年,円
805,1,全世帯,008,第７階級,197,（現物支出「食料」の自家産物）,00415,3大都市圏平均,1984000000,1984年,円
9694,1,全世帯,008,第７階級,198,その他（受贈物等）（現物支出「食料」の自家産物以外）,00000,全国,1984000000,1984年,円
9434,1,全世帯,008,第７階級,198,その他（受贈物等）（現物支出「食料」の自家産物以外）,00415,3大都市圏平均,1984000000,1984年,円
34,1,全世帯,008,第７階級,199,（現物支出の住居）,00000,全国,1984000000,1984年,円
9,1,全世帯,008,第７階級,199,（現物支出の住居）,00415,3大都市圏平均,1984000000,1984年,円
30,1,全世帯,008,第７階級,200,（現物支出の光熱・水道）,00000,全国,1984000000,1984年,円
23,1,全世帯,008,第７階級,200,（現物支出の光熱・水道）,00415,3大都市圏平均,1984000000,1984年,円
1111,1,全世帯,008,第７階級,201,（現物支出の家具・家事用品）,00000,全国,1984000000,1984年,円
1286,1,全世帯,008,第７階級,201,（現物支出の家具・家事用品）,00415,3大都市圏平均,1984000000,1984年,円
991,1,全世帯,008,第７階級,202,（現物支出の被服及び履物）,00000,全国,1984000000,1984年,円
1278,1,全世帯,008,第７階級,202,（現物支出の被服及び履物）,00415,3大都市圏平均,1984000000,1984年,円
59,1,全世帯,008,第７階級,203,（現物支出の保健医療）,00000,全国,1984000000,1984年,円
100,1,全世帯,008,第７階級,203,（現物支出の保健医療）,00415,3大都市圏平均,1984000000,1984年,円
404,1,全世帯,008,第７階級,204,（現物支出の交通通信）,00000,全国,1984000000,1984年,円
589,1,全世帯,008,第７階級,204,（現物支出の交通通信）,00415,3大都市圏平均,1984000000,1984年,円
5,1,全世帯,008,第７階級,205,（現物支出の教育）,00000,全国,1984000000,1984年,円
7,1,全世帯,008,第７階級,205,（現物支出の教育）,00415,3大都市圏平均,1984000000,1984年,円
513,1,全世帯,008,第７階級,206,（現物支出の教養娯楽）,00000,全国,1984000000,1984年,円
742,1,全世帯,008,第７階級,206,（現物支出の教養娯楽）,00415,3大都市圏平均,1984000000,1984年,円
705,1,全世帯,008,第７階級,207,（現物支出のその他の消費支出）,00000,全国,1984000000,1984年,円
801,1,全世帯,008,第７階級,207,（現物支出のその他の消費支出）,00415,3大都市圏平均,1984000000,1984年,円
192,1,全世帯,008,第７階級,208,（現物支出の交際費（自家産物の贈与））,00000,全国,1984000000,1984年,円
31,1,全世帯,008,第７階級,208,（現物支出の交際費（自家産物の贈与））,00415,3大都市圏平均,1984000000,1984年,円
31763,1,全世帯,008,第７階級,209,〔持家の帰属家賃〕,00000,全国,1984000000,1984年,円
37697,1,全世帯,008,第７階級,209,〔持家の帰属家賃〕,00415,3大都市圏平均,1984000000,1984年,円
28.8,1,全世帯,008,第７階級,210,エンゲル係数（％）,00000,全国,1984000000,1984年,％
29.6,1,全世帯,008,第７階級,210,エンゲル係数（％）,00415,3大都市圏平均,1984000000,1984年,％
6545,1,全世帯,008,第７階級,211,貯蓄現在高（千円）,00000,全国,1984000000,1984年,千円
7364,1,全世帯,008,第７階級,211,貯蓄現在高（千円）,00415,3大都市圏平均,1984000000,1984年,千円
499,1,全世帯,008,第７階級,212,通貨性預貯金（千円）,00000,全国,1984000000,1984年,千円
497,1,全世帯,008,第７階級,212,通貨性預貯金（千円）,00415,3大都市圏平均,1984000000,1984年,千円
3171,1,全世帯,008,第７階級,213,定期性預貯金（千円）,00000,全国,1984000000,1984年,千円
3378,1,全世帯,008,第７階級,213,定期性預貯金（千円）,00415,3大都市圏平均,1984000000,1984年,千円
1334,1,全世帯,008,第７階級,214,生命保険（千円）,00000,全国,1984000000,1984年,千円
1341,1,全世帯,008,第７階級,214,生命保険（千円）,00415,3大都市圏平均,1984000000,1984年,千円
1207,1,全世帯,008,第７階級,215,有価証券（千円）,00000,全国,1984000000,1984年,千円
1711,1,全世帯,008,第７階級,215,有価証券（千円）,00415,3大都市圏平均,1984000000,1984年,千円
3241,1,全世帯,008,第７階級,216,負債現在高（千円）,00000,全国,1984000000,1984年,千円
3726,1,全世帯,008,第７階級,216,負債現在高（千円）,00415,3大都市圏平均,1984000000,1984年,千円
2906,1,全世帯,008,第７階級,217,うち住宅・土地のため（千円）,00000,全国,1984000000,1984年,千円
3435,1,全世帯,008,第７階級,217,うち住宅・土地のため（千円）,00415,3大都市圏平均,1984000000,1984年,千円
59.6,1,全世帯,008,第７階級,218,負債保有率（％）,00000,全国,1984000000,1984年,％
58,1,全世帯,008,第７階級,218,負債保有率（％）,00415,3大都市圏平均,1984000000,1984年,％
43.7,1,全世帯,008,第７階級,219,うち住宅・土地のため（％）,00000,全国,1984000000,1984年,％
43.9,1,全世帯,008,第７階級,219,うち住宅・土地のため（％）,00415,3大都市圏平均,1984000000,1984年,％
4981,1,全世帯,009,第８階級,001,集計世帯数,00000,全国,1984000000,1984年,世帯
1895,1,全世帯,009,第８階級,001,集計世帯数,00415,3大都市圏平均,1984000000,1984年,世帯
81591,1,全世帯,009,第８階級,002,世帯数分布（抽出率調整）,00000,全国,1984000000,1984年,世帯
37409,1,全世帯,009,第８階級,002,世帯数分布（抽出率調整）,00415,3大都市圏平均,1984000000,1984年,世帯
1000,1,全世帯,009,第８階級,003,（１万分比）,00000,全国,1984000000,1984年,
1000,1,全世帯,009,第８階級,003,（１万分比）,00415,3大都市圏平均,1984000000,1984年,
4.11,1,全世帯,009,第８階級,004,世帯人員（人）,00000,全国,1984000000,1984年,人
3.99,1,全世帯,009,第８階級,004,世帯人員（人）,00415,3大都市圏平均,1984000000,1984年,人
1.93,1,全世帯,009,第８階級,005,有業人員（人）,00000,全国,1984000000,1984年,人
1.78,1,全世帯,009,第８階級,005,有業人員（人）,00415,3大都市圏平均,1984000000,1984年,人
47.2,1,全世帯,009,第８階級,006,世帯主の年齢（歳）,00000,全国,1984000000,1984年,歳
46.8,1,全世帯,009,第８階級,006,世帯主の年齢（歳）,00415,3大都市圏平均,1984000000,1984年,歳
85,1,全世帯,009,第８階級,007,持家率（％）,00000,全国,1984000000,1984年,％
82.6,1,全世帯,009,第８階級,007,持家率（％）,00415,3大都市圏平均,1984000000,1984年,％
5.9,1,全世帯,009,第８階級,008,居住室数（室）,00000,全国,1984000000,1984年,室
5.3,1,全世帯,009,第８階級,008,居住室数（室）,00415,3大都市圏平均,1984000000,1984年,室
16.8,1,全世帯,009,第８階級,009,家賃・地代を支払っている世帯割合（％）,00000,全国,1984000000,1984年,％
19.5,1,全世帯,009,第８階級,009,家賃・地代を支払っている世帯割合（％）,00415,3大都市圏平均,1984000000,1984年,％
6700,1,全世帯,009,第８階級,010,年間収入（千円）,00000,全国,1984000000,1984年,千円
7145,1,全世帯,009,第８階級,010,年間収入（千円）,00415,3大都市圏平均,1984000000,1984年,千円
306432,1,全世帯,009,第８階級,011,消費支出,00000,全国,1984000000,1984年,円
326127,1,全世帯,009,第８階級,011,消費支出,00415,3大都市圏平均,1984000000,1984年,円
83997,1,全世帯,009,第８階級,012,食料,00000,全国,1984000000,1984年,円
92280,1,全世帯,009,第８階級,012,食料,00415,3大都市圏平均,1984000000,1984年,円
10024,1,全世帯,009,第８階級,013,穀類,00000,全国,1984000000,1984年,円
11238,1,全世帯,009,第８階級,013,穀類,00415,3大都市圏平均,1984000000,1984年,円
6197,1,全世帯,009,第８階級,014,米類,00000,全国,1984000000,1984年,円
6859,1,全世帯,009,第８階級,014,米類,00415,3大都市圏平均,1984000000,1984年,円
2176,1,全世帯,009,第８階級,015,パン,00000,全国,1984000000,1984年,円
2557,1,全世帯,009,第８階級,015,パン,00415,3大都市圏平均,1984000000,1984年,円
1333,1,全世帯,009,第８階級,016,めん類,00000,全国,1984000000,1984年,円
1470,1,全世帯,009,第８階級,016,めん類,00415,3大都市圏平均,1984000000,1984年,円
318,1,全世帯,009,第８階級,017,穀粉・その他,00000,全国,1984000000,1984年,円
352,1,全世帯,009,第８階級,017,穀粉・その他,00415,3大都市圏平均,1984000000,1984年,円
12413,1,全世帯,009,第８階級,018,魚介類,00000,全国,1984000000,1984年,円
12700,1,全世帯,009,第８階級,018,魚介類,00415,3大都市圏平均,1984000000,1984年,円
8269,1,全世帯,009,第８階級,019,生鮮魚介,00000,全国,1984000000,1984年,円
8442,1,全世帯,009,第８階級,019,生鮮魚介,00415,3大都市圏平均,1984000000,1984年,円
2585,1,全世帯,009,第８階級,020,塩干魚介,00000,全国,1984000000,1984年,円
2638,1,全世帯,009,第８階級,020,塩干魚介,00415,3大都市圏平均,1984000000,1984年,円
962,1,全世帯,009,第８階級,021,魚肉練製品,00000,全国,1984000000,1984年,円
997,1,全世帯,009,第８階級,021,魚肉練製品,00415,3大都市圏平均,1984000000,1984年,円
597,1,全世帯,009,第８階級,022,他の魚介加工品,00000,全国,1984000000,1984年,円
623,1,全世帯,009,第８階級,022,他の魚介加工品,00415,3大都市圏平均,1984000000,1984年,円
9763,1,全世帯,009,第８階級,023,肉類,00000,全国,1984000000,1984年,円
11376,1,全世帯,009,第８階級,023,肉類,00415,3大都市圏平均,1984000000,1984年,円
8250,1,全世帯,009,第８階級,024,生鮮肉,00000,全国,1984000000,1984年,円
9552,1,全世帯,009,第８階級,024,生鮮肉,00415,3大都市圏平均,1984000000,1984年,円
1513,1,全世帯,009,第８階級,025,加工肉,00000,全国,1984000000,1984年,円
1825,1,全世帯,009,第８階級,025,加工肉,00415,3大都市圏平均,1984000000,1984年,円
4262,1,全世帯,009,第８階級,026,乳卵類,00000,全国,1984000000,1984年,円
4391,1,全世帯,009,第８階級,026,乳卵類,00415,3大都市圏平均,1984000000,1984年,円
2209,1,全世帯,009,第８階級,027,牛乳,00000,全国,1984000000,1984年,円
2218,1,全世帯,009,第８階級,027,牛乳,00415,3大都市圏平均,1984000000,1984年,円
655,1,全世帯,009,第８階級,028,乳製品,00000,全国,1984000000,1984年,円
724,1,全世帯,009,第８階級,028,乳製品,00415,3大都市圏平均,1984000000,1984年,円
1398,1,全世帯,009,第８階級,029,卵,00000,全国,1984000000,1984年,円
1449,1,全世帯,009,第８階級,029,卵,00415,3大都市圏平均,1984000000,1984年,円
10068,1,全世帯,009,第８階級,030,野菜・海草,00000,全国,1984000000,1984年,円
11411,1,全世帯,009,第８階級,030,野菜・海草,00415,3大都市圏平均,1984000000,1984年,円
6781,1,全世帯,009,第８階級,031,生鮮野菜,00000,全国,1984000000,1984年,円
7899,1,全世帯,009,第８階級,031,生鮮野菜,00415,3大都市圏平均,1984000000,1984年,円
794,1,全世帯,009,第８階級,032,乾物・海草,00000,全国,1984000000,1984年,円
864,1,全世帯,009,第８階級,032,乾物・海草,00415,3大都市圏平均,1984000000,1984年,円
1186,1,全世帯,009,第８階級,033,大豆加工品,00000,全国,1984000000,1984年,円
1205,1,全世帯,009,第８階級,033,大豆加工品,00415,3大都市圏平均,1984000000,1984年,円
1306,1,全世帯,009,第８階級,034,他の野菜・海草加工品,00000,全国,1984000000,1984年,円
1442,1,全世帯,009,第８階級,034,他の野菜・海草加工品,00415,3大都市圏平均,1984000000,1984年,円
5121,1,全世帯,009,第８階級,035,果物,00000,全国,1984000000,1984年,円
5261,1,全世帯,009,第８階級,035,果物,00415,3大都市圏平均,1984000000,1984年,円
5034,1,全世帯,009,第８階級,036,生鮮果物,00000,全国,1984000000,1984年,円
5161,1,全世帯,009,第８階級,036,生鮮果物,00415,3大都市圏平均,1984000000,1984年,円
87,1,全世帯,009,第８階級,037,果物加工品,00000,全国,1984000000,1984年,円
100,1,全世帯,009,第８階級,037,果物加工品,00415,3大都市圏平均,1984000000,1984年,円
3237,1,全世帯,009,第８階級,038,油脂・調味料,00000,全国,1984000000,1984年,円
3375,1,全世帯,009,第８階級,038,油脂・調味料,00415,3大都市圏平均,1984000000,1984年,円
505,1,全世帯,009,第８階級,039,油脂,00000,全国,1984000000,1984年,円
520,1,全世帯,009,第８階級,039,油脂,00415,3大都市圏平均,1984000000,1984年,円
2732,1,全世帯,009,第８階級,040,調味料,00000,全国,1984000000,1984年,円
2855,1,全世帯,009,第８階級,040,調味料,00415,3大都市圏平均,1984000000,1984年,円
5707,1,全世帯,009,第８階級,041,菓子類,00000,全国,1984000000,1984年,円
6059,1,全世帯,009,第８階級,041,菓子類,00415,3大都市圏平均,1984000000,1984年,円
3648,1,全世帯,009,第８階級,042,調理食品,00000,全国,1984000000,1984年,円
4244,1,全世帯,009,第８階級,042,調理食品,00415,3大都市圏平均,1984000000,1984年,円
867,1,全世帯,009,第８階級,043,主食的調理食品,00000,全国,1984000000,1984年,円
1100,1,全世帯,009,第８階級,043,主食的調理食品,00415,3大都市圏平均,1984000000,1984年,円
2782,1,全世帯,009,第８階級,044,他の調理食品,00000,全国,1984000000,1984年,円
3144,1,全世帯,009,第８階級,044,他の調理食品,00415,3大都市圏平均,1984000000,1984年,円
2529,1,全世帯,009,第８階級,045,飲料,00000,全国,1984000000,1984年,円
2672,1,全世帯,009,第８階級,045,飲料,00415,3大都市圏平均,1984000000,1984年,円
489,1,全世帯,009,第８階級,046,茶類,00000,全国,1984000000,1984年,円
536,1,全世帯,009,第８階級,046,茶類,00415,3大都市圏平均,1984000000,1984年,円
528,1,全世帯,009,第８階級,047,コーヒー・ココア,00000,全国,1984000000,1984年,円
585,1,全世帯,009,第８階級,047,コーヒー・ココア,00415,3大都市圏平均,1984000000,1984年,円
1512,1,全世帯,009,第８階級,048,他の飲料,00000,全国,1984000000,1984年,円
1551,1,全世帯,009,第８階級,048,他の飲料,00415,3大都市圏平均,1984000000,1984年,円
3867,1,全世帯,009,第８階級,049,酒類,00000,全国,1984000000,1984年,円
4183,1,全世帯,009,第８階級,049,酒類,00415,3大都市圏平均,1984000000,1984年,円
13356,1,全世帯,009,第８階級,050,外食,00000,全国,1984000000,1984年,円
15371,1,全世帯,009,第８階級,050,外食,00415,3大都市圏平均,1984000000,1984年,円
11365,1,全世帯,009,第８階級,051,一般外食,00000,全国,1984000000,1984年,円
13582,1,全世帯,009,第８階級,051,一般外食,00415,3大都市圏平均,1984000000,1984年,円
1992,1,全世帯,009,第８階級,052,学校給食,00000,全国,1984000000,1984年,円
1789,1,全世帯,009,第８階級,052,学校給食,00415,3大都市圏平均,1984000000,1984年,円
10866,1,全世帯,009,第８階級,053,住居,00000,全国,1984000000,1984年,円
11827,1,全世帯,009,第８階級,053,住居,00415,3大都市圏平均,1984000000,1984年,円
4543,1,全世帯,009,第８階級,054,家賃・地代,00000,全国,1984000000,1984年,円
5963,1,全世帯,009,第８階級,054,家賃・地代,00415,3大都市圏平均,1984000000,1984年,円
6323,1,全世帯,009,第８階級,055,設備修繕・維持,00000,全国,1984000000,1984年,円
5864,1,全世帯,009,第８階級,055,設備修繕・維持,00415,3大都市圏平均,1984000000,1984年,円
1100,1,全世帯,009,第８階級,056,設備材料,00000,全国,1984000000,1984年,円
1112,1,全世帯,009,第８階級,056,設備材料,00415,3大都市圏平均,1984000000,1984年,円
5223,1,全世帯,009,第８階級,057,工事その他のサービス,00000,全国,1984000000,1984年,円
4752,1,全世帯,009,第８階級,057,工事その他のサービス,00415,3大都市圏平均,1984000000,1984年,円
17508,1,全世帯,009,第８階級,058,光熱・水道,00000,全国,1984000000,1984年,円
18286,1,全世帯,009,第８階級,058,光熱・水道,00415,3大都市圏平均,1984000000,1984年,円
8136,1,全世帯,009,第８階級,059,電気代,00000,全国,1984000000,1984年,円
8366,1,全世帯,009,第８階級,059,電気代,00415,3大都市圏平均,1984000000,1984年,円
4642,1,全世帯,009,第８階級,060,ガス代,00000,全国,1984000000,1984年,円
5167,1,全世帯,009,第８階級,060,ガス代,00415,3大都市圏平均,1984000000,1984年,円
1530,1,全世帯,009,第８階級,061,他の光熱,00000,全国,1984000000,1984年,円
821,1,全世帯,009,第８階級,061,他の光熱,00415,3大都市圏平均,1984000000,1984年,円
3199,1,全世帯,009,第８階級,062,水道料,00000,全国,1984000000,1984年,円
3933,1,全世帯,009,第８階級,062,水道料,00415,3大都市圏平均,1984000000,1984年,円
12798,1,全世帯,009,第８階級,063,家具・家事用品,00000,全国,1984000000,1984年,円
13214,1,全世帯,009,第８階級,063,家具・家事用品,00415,3大都市圏平均,1984000000,1984年,円
4751,1,全世帯,009,第８階級,064,家庭用耐久財,00000,全国,1984000000,1984年,円
4768,1,全世帯,009,第８階級,064,家庭用耐久財,00415,3大都市圏平均,1984000000,1984年,円
1939,1,全世帯,009,第８階級,065,家事用耐久財,00000,全国,1984000000,1984年,円
1667,1,全世帯,009,第８階級,065,家事用耐久財,00415,3大都市圏平均,1984000000,1984年,円
1353,1,全世帯,009,第８階級,066,冷暖房用器具,00000,全国,1984000000,1984年,円
1371,1,全世帯,009,第８階級,066,冷暖房用器具,00415,3大都市圏平均,1984000000,1984年,円
1458,1,全世帯,009,第８階級,067,一般家具,00000,全国,1984000000,1984年,円
1729,1,全世帯,009,第８階級,067,一般家具,00415,3大都市圏平均,1984000000,1984年,円
1233,1,全世帯,009,第８階級,068,室内装備品,00000,全国,1984000000,1984年,円
1407,1,全世帯,009,第８階級,068,室内装備品,00415,3大都市圏平均,1984000000,1984年,円
1569,1,全世帯,009,第８階級,069,寝具類,00000,全国,1984000000,1984年,円
1688,1,全世帯,009,第８階級,069,寝具類,00415,3大都市圏平均,1984000000,1984年,円
2332,1,全世帯,009,第８階級,070,家事雑貨,00000,全国,1984000000,1984年,円
2447,1,全世帯,009,第８階級,070,家事雑貨,00415,3大都市圏平均,1984000000,1984年,円
1926,1,全世帯,009,第８階級,071,家事用消耗品,00000,全国,1984000000,1984年,円
2100,1,全世帯,009,第８階級,071,家事用消耗品,00415,3大都市圏平均,1984000000,1984年,円
987,1,全世帯,009,第８階級,072,家事サービス,00000,全国,1984000000,1984年,円
805,1,全世帯,009,第８階級,072,家事サービス,00415,3大都市圏平均,1984000000,1984年,円
21088,1,全世帯,009,第８階級,073,被服及び履物,00000,全国,1984000000,1984年,円
22948,1,全世帯,009,第８階級,073,被服及び履物,00415,3大都市圏平均,1984000000,1984年,円
1687,1,全世帯,009,第８階級,074,和服,00000,全国,1984000000,1984年,円
1393,1,全世帯,009,第８階級,074,和服,00415,3大都市圏平均,1984000000,1984年,円
7793,1,全世帯,009,第８階級,075,洋服,00000,全国,1984000000,1984年,円
8635,1,全世帯,009,第８階級,075,洋服,00415,3大都市圏平均,1984000000,1984年,円
2829,1,全世帯,009,第８階級,076,男子洋服,00000,全国,1984000000,1984年,円
3082,1,全世帯,009,第８階級,076,男子洋服,00415,3大都市圏平均,1984000000,1984年,円
4044,1,全世帯,009,第８階級,077,婦人洋服,00000,全国,1984000000,1984年,円
4642,1,全世帯,009,第８階級,077,婦人洋服,00415,3大都市圏平均,1984000000,1984年,円
920,1,全世帯,009,第８階級,078,子供洋服,00000,全国,1984000000,1984年,円
911,1,全世帯,009,第８階級,078,子供洋服,00415,3大都市圏平均,1984000000,1984年,円
3629,1,全世帯,009,第８階級,079,シャツ・セーター類,00000,全国,1984000000,1984年,円
3891,1,全世帯,009,第８階級,079,シャツ・セーター類,00415,3大都市圏平均,1984000000,1984年,円
1316,1,全世帯,009,第８階級,080,男子シャツ・セーター類,00000,全国,1984000000,1984年,円
1472,1,全世帯,009,第８階級,080,男子シャツ・セーター類,00415,3大都市圏平均,1984000000,1984年,円
1942,1,全世帯,009,第８階級,081,婦人シャツ・セーター類,00000,全国,1984000000,1984年,円
2050,1,全世帯,009,第８階級,081,婦人シャツ・セーター類,00415,3大都市圏平均,1984000000,1984年,円
371,1,全世帯,009,第８階級,082,子供シャツ・セーター類,00000,全国,1984000000,1984年,円
369,1,全世帯,009,第８階級,082,子供シャツ・セーター類,00415,3大都市圏平均,1984000000,1984年,円
1749,1,全世帯,009,第８階級,083,下着類,00000,全国,1984000000,1984年,円
1799,1,全世帯,009,第８階級,083,下着類,00415,3大都市圏平均,1984000000,1984年,円
707,1,全世帯,009,第８階級,084,男子下着類,00000,全国,1984000000,1984年,円
707,1,全世帯,009,第８階級,084,男子下着類,00415,3大都市圏平均,1984000000,1984年,円
755,1,全世帯,009,第８階級,085,婦人下着類,00000,全国,1984000000,1984年,円
819,1,全世帯,009,第８階級,085,婦人下着類,00415,3大都市圏平均,1984000000,1984年,円
286,1,全世帯,009,第８階級,086,子供下着類,00000,全国,1984000000,1984年,円
274,1,全世帯,009,第８階級,086,子供下着類,00415,3大都市圏平均,1984000000,1984年,円
1064,1,全世帯,009,第８階級,087,生地・糸類,00000,全国,1984000000,1984年,円
1436,1,全世帯,009,第８階級,087,生地・糸類,00415,3大都市圏平均,1984000000,1984年,円
1339,1,全世帯,009,第８階級,088,他の被服,00000,全国,1984000000,1984年,円
1402,1,全世帯,009,第８階級,088,他の被服,00415,3大都市圏平均,1984000000,1984年,円
2183,1,全世帯,009,第８階級,089,履物類,00000,全国,1984000000,1984年,円
2432,1,全世帯,009,第８階級,089,履物類,00415,3大都市圏平均,1984000000,1984年,円
1645,1,全世帯,009,第８階級,090,被服関連サービス,00000,全国,1984000000,1984年,円
1960,1,全世帯,009,第８階級,090,被服関連サービス,00415,3大都市圏平均,1984000000,1984年,円
6977,1,全世帯,009,第８階級,091,保健医療,00000,全国,1984000000,1984年,円
7510,1,全世帯,009,第８階級,091,保健医療,00415,3大都市圏平均,1984000000,1984年,円
1521,1,全世帯,009,第８階級,092,医薬品,00000,全国,1984000000,1984年,円
1751,1,全世帯,009,第８階級,092,医薬品,00415,3大都市圏平均,1984000000,1984年,円
1465,1,全世帯,009,第８階級,093,保健医療用品・器具,00000,全国,1984000000,1984年,円
1422,1,全世帯,009,第８階級,093,保健医療用品・器具,00415,3大都市圏平均,1984000000,1984年,円
3991,1,全世帯,009,第８階級,094,保健医療サービス,00000,全国,1984000000,1984年,円
4337,1,全世帯,009,第８階級,094,保健医療サービス,00415,3大都市圏平均,1984000000,1984年,円
29909,1,全世帯,009,第８階級,095,交通通信,00000,全国,1984000000,1984年,円
30452,1,全世帯,009,第８階級,095,交通通信,00415,3大都市圏平均,1984000000,1984年,円
6586,1,全世帯,009,第８階級,096,交通,00000,全国,1984000000,1984年,円
8585,1,全世帯,009,第８階級,096,交通,00415,3大都市圏平均,1984000000,1984年,円
16474,1,全世帯,009,第８階級,097,自動車等関係費,00000,全国,1984000000,1984年,円
14694,1,全世帯,009,第８階級,097,自動車等関係費,00415,3大都市圏平均,1984000000,1984年,円
4248,1,全世帯,009,第８階級,098,自動車,00000,全国,1984000000,1984年,円
3895,1,全世帯,009,第８階級,098,自動車,00415,3大都市圏平均,1984000000,1984年,円
204,1,全世帯,009,第８階級,099,自転車,00000,全国,1984000000,1984年,円
261,1,全世帯,009,第８階級,099,自転車,00415,3大都市圏平均,1984000000,1984年,円
12021,1,全世帯,009,第８階級,100,自動車等維持,00000,全国,1984000000,1984年,円
10537,1,全世帯,009,第８階級,100,自動車等維持,00415,3大都市圏平均,1984000000,1984年,円
6849,1,全世帯,009,第８階級,101,通信,00000,全国,1984000000,1984年,円
7173,1,全世帯,009,第８階級,101,通信,00415,3大都市圏平均,1984000000,1984年,円
13707,1,全世帯,009,第８階級,102,教育,00000,全国,1984000000,1984年,円
19645,1,全世帯,009,第８階級,102,教育,00415,3大都市圏平均,1984000000,1984年,円
10638,1,全世帯,009,第８階級,103,授業料等,00000,全国,1984000000,1984年,円
15127,1,全世帯,009,第８階級,103,授業料等,00415,3大都市圏平均,1984000000,1984年,円
499,1,全世帯,009,第８階級,104,教科書・学習参考書,00000,全国,1984000000,1984年,円
582,1,全世帯,009,第８階級,104,教科書・学習参考書,00415,3大都市圏平均,1984000000,1984年,円
2570,1,全世帯,009,第８階級,105,補習教育,00000,全国,1984000000,1984年,円
3936,1,全世帯,009,第８階級,105,補習教育,00415,3大都市圏平均,1984000000,1984年,円
26477,1,全世帯,009,第８階級,106,教養娯楽,00000,全国,1984000000,1984年,円
29049,1,全世帯,009,第８階級,106,教養娯楽,00415,3大都市圏平均,1984000000,1984年,円
2588,1,全世帯,009,第８階級,107,教養娯楽用耐久財,00000,全国,1984000000,1984年,円
2688,1,全世帯,009,第８階級,107,教養娯楽用耐久財,00415,3大都市圏平均,1984000000,1984年,円
5285,1,全世帯,009,第８階級,108,教養娯楽用品,00000,全国,1984000000,1984年,円
5695,1,全世帯,009,第８階級,108,教養娯楽用品,00415,3大都市圏平均,1984000000,1984年,円
4226,1,全世帯,009,第８階級,109,書籍・他の印刷物,00000,全国,1984000000,1984年,円
4563,1,全世帯,009,第８階級,109,書籍・他の印刷物,00415,3大都市圏平均,1984000000,1984年,円
14377,1,全世帯,009,第８階級,110,教養娯楽サービス,00000,全国,1984000000,1984年,円
16102,1,全世帯,009,第８階級,110,教養娯楽サービス,00415,3大都市圏平均,1984000000,1984年,円
484,1,全世帯,009,第８階級,111,宿泊料,00000,全国,1984000000,1984年,円
554,1,全世帯,009,第８階級,111,宿泊料,00415,3大都市圏平均,1984000000,1984年,円
4228,1,全世帯,009,第８階級,112,パック旅行,00000,全国,1984000000,1984年,円
4101,1,全世帯,009,第８階級,112,パック旅行,00415,3大都市圏平均,1984000000,1984年,円
5072,1,全世帯,009,第８階級,113,月謝類,00000,全国,1984000000,1984年,円
6397,1,全世帯,009,第８階級,113,月謝類,00415,3大都市圏平均,1984000000,1984年,円
4593,1,全世帯,009,第８階級,114,他の教養娯楽サービス,00000,全国,1984000000,1984年,円
5050,1,全世帯,009,第８階級,114,他の教養娯楽サービス,00415,3大都市圏平均,1984000000,1984年,円
83106,1,全世帯,009,第８階級,115,その他の消費支出,00000,全国,1984000000,1984年,円
80917,1,全世帯,009,第８階級,115,その他の消費支出,00415,3大都市圏平均,1984000000,1984年,円
18278,1,全世帯,009,第８階級,116,諸雑費,00000,全国,1984000000,1984年,円
17211,1,全世帯,009,第８階級,116,諸雑費,00415,3大都市圏平均,1984000000,1984年,円
2840,1,全世帯,009,第８階級,117,理美容サービス,00000,全国,1984000000,1984年,円
2948,1,全世帯,009,第８階級,117,理美容サービス,00415,3大都市圏平均,1984000000,1984年,円
3090,1,全世帯,009,第８階級,118,理美容用品,00000,全国,1984000000,1984年,円
3174,1,全世帯,009,第８階級,118,理美容用品,00415,3大都市圏平均,1984000000,1984年,円
1707,1,全世帯,009,第８階級,119,身の回り用品,00000,全国,1984000000,1984年,円
2611,1,全世帯,009,第８階級,119,身の回り用品,00415,3大都市圏平均,1984000000,1984年,円
1767,1,全世帯,009,第８階級,120,たばこ,00000,全国,1984000000,1984年,円
1728,1,全世帯,009,第８階級,120,たばこ,00415,3大都市圏平均,1984000000,1984年,円
8874,1,全世帯,009,第８階級,121,（「諸雑費」のその他）,00000,全国,1984000000,1984年,円
6750,1,全世帯,009,第８階級,121,（「諸雑費」のその他）,00415,3大都市圏平均,1984000000,1984年,円
28047,1,全世帯,009,第８階級,122,こづかい（使途不明）,00000,全国,1984000000,1984年,円
34379,1,全世帯,009,第８階級,122,こづかい（使途不明）,00415,3大都市圏平均,1984000000,1984年,円
26929,1,全世帯,009,第８階級,123,交際費,00000,全国,1984000000,1984年,円
25254,1,全世帯,009,第８階級,123,交際費,00415,3大都市圏平均,1984000000,1984年,円
5906,1,全世帯,009,第８階級,124,（「交際費」の食料）,00000,全国,1984000000,1984年,円
5339,1,全世帯,009,第８階級,124,（「交際費」の食料）,00415,3大都市圏平均,1984000000,1984年,円
864,1,全世帯,009,第８階級,125,家具・家事用品（「交際費」の家具・家事用品）,00000,全国,1984000000,1984年,円
873,1,全世帯,009,第８階級,125,家具・家事用品（「交際費」の家具・家事用品）,00415,3大都市圏平均,1984000000,1984年,円
1007,1,全世帯,009,第８階級,126,被服及び履物（「交際費」の被服及び履物）,00000,全国,1984000000,1984年,円
927,1,全世帯,009,第８階級,126,被服及び履物（「交際費」の被服及び履物）,00415,3大都市圏平均,1984000000,1984年,円
565,1,全世帯,009,第８階級,127,（「交際費」の教養娯楽）,00000,全国,1984000000,1984年,円
648,1,全世帯,009,第８階級,127,（「交際費」の教養娯楽）,00415,3大都市圏平均,1984000000,1984年,円
442,1,全世帯,009,第８階級,128,他の物品サービス,00000,全国,1984000000,1984年,円
471,1,全世帯,009,第８階級,128,他の物品サービス,00415,3大都市圏平均,1984000000,1984年,円
13335,1,全世帯,009,第８階級,129,贈与金,00000,全国,1984000000,1984年,円
11805,1,全世帯,009,第８階級,129,贈与金,00415,3大都市圏平均,1984000000,1984年,円
4811,1,全世帯,009,第８階級,130,他の交際費,00000,全国,1984000000,1984年,円
5191,1,全世帯,009,第８階級,130,他の交際費,00415,3大都市圏平均,1984000000,1984年,円
9851,1,全世帯,009,第８階級,131,（「その他の消費支出」の仕送り金）,00000,全国,1984000000,1984年,円
4073,1,全世帯,009,第８階級,131,（「その他の消費支出」の仕送り金）,00415,3大都市圏平均,1984000000,1984年,円
26666,1,全世帯,009,第８階級,132,（再掲）教育関係費,00000,全国,1984000000,1984年,円
26606,1,全世帯,009,第８階級,132,（再掲）教育関係費,00415,3大都市圏平均,1984000000,1984年,円
30320,1,全世帯,009,第８階級,133,（再掲）教養娯楽関係費,00000,全国,1984000000,1984年,円
33893,1,全世帯,009,第８階級,133,（再掲）教養娯楽関係費,00415,3大都市圏平均,1984000000,1984年,円
2824,1,全世帯,009,第８階級,134,（「教養娯楽関係費」の耐久財）,00000,全国,1984000000,1984年,円
2881,1,全世帯,009,第８階級,134,（「教養娯楽関係費」の耐久財）,00415,3大都市圏平均,1984000000,1984年,円
4167,1,全世帯,009,第８階級,135,読書,00000,全国,1984000000,1984年,円
4556,1,全世帯,009,第８階級,135,読書,00415,3大都市圏平均,1984000000,1984年,円
1445,1,全世帯,009,第８階級,136,聴視・観覧,00000,全国,1984000000,1984年,円
1610,1,全世帯,009,第８階級,136,聴視・観覧,00415,3大都市圏平均,1984000000,1984年,円
7808,1,全世帯,009,第８階級,137,旅行,00000,全国,1984000000,1984年,円
8669,1,全世帯,009,第８階級,137,旅行,00415,3大都市圏平均,1984000000,1984年,円
2470,1,全世帯,009,第８階級,138,スポーツ,00000,全国,1984000000,1984年,円
2536,1,全世帯,009,第８階級,138,スポーツ,00415,3大都市圏平均,1984000000,1984年,円
4324,1,全世帯,009,第８階級,139,（「教養娯楽関係費」の月謝）,00000,全国,1984000000,1984年,円
5583,1,全世帯,009,第８階級,139,（「教養娯楽関係費」の月謝）,00415,3大都市圏平均,1984000000,1984年,円
2474,1,全世帯,009,第８階級,140,会費・つきあい費,00000,全国,1984000000,1984年,円
2699,1,全世帯,009,第８階級,140,会費・つきあい費,00415,3大都市圏平均,1984000000,1984年,円
4809,1,全世帯,009,第８階級,141,他の教養娯楽,00000,全国,1984000000,1984年,円
5358,1,全世帯,009,第８階級,141,他の教養娯楽,00415,3大都市圏平均,1984000000,1984年,円
27497,1,全世帯,009,第８階級,142,〔耐久財を除く教養娯楽関係費〕,00000,全国,1984000000,1984年,円
31012,1,全世帯,009,第８階級,142,〔耐久財を除く教養娯楽関係費〕,00415,3大都市圏平均,1984000000,1984年,円
250387,1,全世帯,009,第８階級,143,（（特掲）財・サービス区分の消費支出。「こづかい（使途不明）」，「贈与金」，「他の交際費」，「仕送り金」は含まれない。）,00000,全国,1984000000,1984年,円
270680,1,全世帯,009,第８階級,143,（（特掲）財・サービス区分の消費支出。「こづかい（使途不明）」，「贈与金」，「他の交際費」，「仕送り金」は含まれない。）,00415,3大都市圏平均,1984000000,1984年,円
160684,1,全世帯,009,第８階級,144,商品,00000,全国,1984000000,1984年,円
169100,1,全世帯,009,第８階級,144,商品,00415,3大都市圏平均,1984000000,1984年,円
14492,1,全世帯,009,第８階級,145,耐久財,00000,全国,1984000000,1984年,円
14539,1,全世帯,009,第８階級,145,耐久財,00415,3大都市圏平均,1984000000,1984年,円
32863,1,全世帯,009,第８階級,146,半耐久財,00000,全国,1984000000,1984年,円
35474,1,全世帯,009,第８階級,146,半耐久財,00415,3大都市圏平均,1984000000,1984年,円
113329,1,全世帯,009,第８階級,147,非耐久財,00000,全国,1984000000,1984年,円
119087,1,全世帯,009,第８階級,147,非耐久財,00415,3大都市圏平均,1984000000,1984年,円
89703,1,全世帯,009,第８階級,148,サービス,00000,全国,1984000000,1984年,円
101580,1,全世帯,009,第８階級,148,サービス,00415,3大都市圏平均,1984000000,1984年,円
89902,1,全世帯,009,第８階級,149,（財・サービス区分の食料）,00000,全国,1984000000,1984年,円
97619,1,全世帯,009,第８階級,149,（財・サービス区分の食料）,00415,3大都市圏平均,1984000000,1984年,円
74931,1,全世帯,009,第８階級,150,（財・サービス区分「食料」の非耐久財）,00000,全国,1984000000,1984年,円
80635,1,全世帯,009,第８階級,150,（財・サービス区分「食料」の非耐久財）,00415,3大都市圏平均,1984000000,1984年,円
14972,1,全世帯,009,第８階級,151,（財・サービス区分「食料」のサービス）,00000,全国,1984000000,1984年,円
16985,1,全世帯,009,第８階級,151,（財・サービス区分「食料」のサービス）,00415,3大都市圏平均,1984000000,1984年,円
10868,1,全世帯,009,第８階級,152,（財・サービス区分の住居）,00000,全国,1984000000,1984年,円
11846,1,全世帯,009,第８階級,152,（財・サービス区分の住居）,00415,3大都市圏平均,1984000000,1984年,円
715,1,全世帯,009,第８階級,153,（財・サービス区分「住居」の耐久財）,00000,全国,1984000000,1984年,円
797,1,全世帯,009,第８階級,153,（財・サービス区分「住居」の耐久財）,00415,3大都市圏平均,1984000000,1984年,円
387,1,全世帯,009,第８階級,154,（財・サービス区分「住居」の半耐久財）,00000,全国,1984000000,1984年,円
317,1,全世帯,009,第８階級,154,（財・サービス区分「住居」の半耐久財）,00415,3大都市圏平均,1984000000,1984年,円
9766,1,全世帯,009,第８階級,155,（財・サービス区分「住居」のサービス）,00000,全国,1984000000,1984年,円
10732,1,全世帯,009,第８階級,155,（財・サービス区分「住居」のサービス）,00415,3大都市圏平均,1984000000,1984年,円
17509,1,全世帯,009,第８階級,156,光熱・水道（非耐久財）（財・サービス区分の光熱・水道）,00000,全国,1984000000,1984年,円
18286,1,全世帯,009,第８階級,156,光熱・水道（非耐久財）（財・サービス区分の光熱・水道）,00415,3大都市圏平均,1984000000,1984年,円
13661,1,全世帯,009,第８階級,157,家具・家事用品（財・サービス区分の家具・家事用品）,00000,全国,1984000000,1984年,円
14087,1,全世帯,009,第８階級,157,家具・家事用品（財・サービス区分の家具・家事用品）,00415,3大都市圏平均,1984000000,1984年,円
5963,1,全世帯,009,第８階級,158,（財・サービス区分「家具・家事用品」の耐久財）,00000,全国,1984000000,1984年,円
6181,1,全世帯,009,第８階級,158,（財・サービス区分「家具・家事用品」の耐久財）,00415,3大都市圏平均,1984000000,1984年,円
4773,1,全世帯,009,第８階級,159,（財・サービス区分「家具・家事用品」の半耐久財）,00000,全国,1984000000,1984年,円
4982,1,全世帯,009,第８階級,159,（財・サービス区分「家具・家事用品」の半耐久財）,00415,3大都市圏平均,1984000000,1984年,円
1938,1,全世帯,009,第８階級,160,（財・サービス区分「家具・家事用品」の非耐久財）,00000,全国,1984000000,1984年,円
2110,1,全世帯,009,第８階級,160,（財・サービス区分「家具・家事用品」の非耐久財）,00415,3大都市圏平均,1984000000,1984年,円
987,1,全世帯,009,第８階級,161,（財・サービス区分「家具・家事用品」のサービス）,00000,全国,1984000000,1984年,円
814,1,全世帯,009,第８階級,161,（財・サービス区分「家具・家事用品」のサービス）,00415,3大都市圏平均,1984000000,1984年,円
22095,1,全世帯,009,第８階級,162,被服及び履物（財・サービス区分の被服及び履物）,00000,全国,1984000000,1984年,円
23874,1,全世帯,009,第８階級,162,被服及び履物（財・サービス区分の被服及び履物）,00415,3大都市圏平均,1984000000,1984年,円
20448,1,全世帯,009,第８階級,163,（財・サービス区分「被服及び履物」の半耐久財）,00000,全国,1984000000,1984年,円
21914,1,全世帯,009,第８階級,163,（財・サービス区分「被服及び履物」の半耐久財）,00415,3大都市圏平均,1984000000,1984年,円
1646,1,全世帯,009,第８階級,164,（財・サービス区分「被服及び履物」のサービス）,00000,全国,1984000000,1984年,円
1960,1,全世帯,009,第８階級,164,（財・サービス区分「被服及び履物」のサービス）,00415,3大都市圏平均,1984000000,1984年,円
7042,1,全世帯,009,第８階級,165,（財・サービス区分の保健医療）,00000,全国,1984000000,1984年,円
7550,1,全世帯,009,第８階級,165,（財・サービス区分の保健医療）,00415,3大都市圏平均,1984000000,1984年,円
745,1,全世帯,009,第８階級,166,（財・サービス区分「保健医療」の耐久財）,00000,全国,1984000000,1984年,円
771,1,全世帯,009,第８階級,166,（財・サービス区分「保健医療」の耐久財）,00415,3大都市圏平均,1984000000,1984年,円
335,1,全世帯,009,第８階級,167,（財・サービス区分「保健医療」の半耐久財）,00000,全国,1984000000,1984年,円
228,1,全世帯,009,第８階級,167,（財・サービス区分「保健医療」の半耐久財）,00415,3大都市圏平均,1984000000,1984年,円
1967,1,全世帯,009,第８階級,168,（財・サービス区分「保健医療」の非耐久財）,00000,全国,1984000000,1984年,円
2213,1,全世帯,009,第８階級,168,（財・サービス区分「保健医療」の非耐久財）,00415,3大都市圏平均,1984000000,1984年,円
3996,1,全世帯,009,第８階級,169,（財・サービス区分「保健医療」のサービス）,00000,全国,1984000000,1984年,円
4339,1,全世帯,009,第８階級,169,（財・サービス区分「保健医療」のサービス）,00415,3大都市圏平均,1984000000,1984年,円
29963,1,全世帯,009,第８階級,170,（財・サービス区分の交通通信）,00000,全国,1984000000,1984年,円
30515,1,全世帯,009,第８階級,170,（財・サービス区分の交通通信）,00415,3大都市圏平均,1984000000,1984年,円
4459,1,全世帯,009,第８階級,171,（財・サービス区分「交通通信」の耐久財）,00000,全国,1984000000,1984年,円
4168,1,全世帯,009,第８階級,171,（財・サービス区分「交通通信」の耐久財）,00415,3大都市圏平均,1984000000,1984年,円
433,1,全世帯,009,第８階級,172,（財・サービス区分「交通通信」の半耐久財）,00000,全国,1984000000,1984年,円
481,1,全世帯,009,第８階級,172,（財・サービス区分「交通通信」の半耐久財）,00415,3大都市圏平均,1984000000,1984年,円
6488,1,全世帯,009,第８階級,173,（財・サービス区分「交通通信」の非耐久財）,00000,全国,1984000000,1984年,円
4583,1,全世帯,009,第８階級,173,（財・サービス区分「交通通信」の非耐久財）,00415,3大都市圏平均,1984000000,1984年,円
18583,1,全世帯,009,第８階級,174,（財・サービス区分「交通通信」のサービス）,00000,全国,1984000000,1984年,円
21283,1,全世帯,009,第８階級,174,（財・サービス区分「交通通信」のサービス）,00415,3大都市圏平均,1984000000,1984年,円
13709,1,全世帯,009,第８階級,175,（財・サービス区分の教育）,00000,全国,1984000000,1984年,円
19648,1,全世帯,009,第８階級,175,（財・サービス区分の教育）,00415,3大都市圏平均,1984000000,1984年,円
501,1,全世帯,009,第８階級,176,（財・サービス区分「教育」の非耐久財）,00000,全国,1984000000,1984年,円
585,1,全世帯,009,第８階級,176,（財・サービス区分「教育」の非耐久財）,00415,3大都市圏平均,1984000000,1984年,円
13208,1,全世帯,009,第８階級,177,（財・サービス区分「教育」のサービス）,00000,全国,1984000000,1984年,円
19063,1,全世帯,009,第８階級,177,（財・サービス区分「教育」のサービス）,00415,3大都市圏平均,1984000000,1984年,円
27042,1,全世帯,009,第８階級,178,（財・サービス区分の教養娯楽）,00000,全国,1984000000,1984年,円
29697,1,全世帯,009,第８階級,178,（財・サービス区分の教養娯楽）,00415,3大都市圏平均,1984000000,1984年,円
2418,1,全世帯,009,第８階級,179,（財・サービス区分「教養娯楽」の耐久財）,00000,全国,1984000000,1984年,円
2469,1,全世帯,009,第８階級,179,（財・サービス区分「教養娯楽」の耐久財）,00415,3大都市圏平均,1984000000,1984年,円
4586,1,全世帯,009,第８階級,180,（財・サービス区分「教養娯楽」の半耐久財）,00000,全国,1984000000,1984年,円
4698,1,全世帯,009,第８階級,180,（財・サービス区分「教養娯楽」の半耐久財）,00415,3大都市圏平均,1984000000,1984年,円
5327,1,全世帯,009,第８階級,181,（財・サービス区分「教養娯楽」の非耐久財）,00000,全国,1984000000,1984年,円
5967,1,全世帯,009,第８階級,181,（財・サービス区分「教養娯楽」の非耐久財）,00415,3大都市圏平均,1984000000,1984年,円
14710,1,全世帯,009,第８階級,182,（財・サービス区分「教養娯楽」のサービス）,00000,全国,1984000000,1984年,円
16562,1,全世帯,009,第８階級,182,（財・サービス区分「教養娯楽」のサービス）,00415,3大都市圏平均,1984000000,1984年,円
18597,1,全世帯,009,第８階級,183,（財・サービス区分の諸雑費）,00000,全国,1984000000,1984年,円
17557,1,全世帯,009,第８階級,183,（財・サービス区分の諸雑費）,00415,3大都市圏平均,1984000000,1984年,円
193,1,全世帯,009,第８階級,184,（財・サービス区分「諸雑費」の耐久財）,00000,全国,1984000000,1984年,円
154,1,全世帯,009,第８階級,184,（財・サービス区分「諸雑費」の耐久財）,00415,3大都市圏平均,1984000000,1984年,円
1900,1,全世帯,009,第８階級,185,（財・サービス区分「諸雑費」の半耐久財）,00000,全国,1984000000,1984年,円
2853,1,全世帯,009,第８階級,185,（財・サービス区分「諸雑費」の半耐久財）,00415,3大都市圏平均,1984000000,1984年,円
4670,1,全世帯,009,第８階級,186,（財・サービス区分「諸雑費」の非耐久財）,00000,全国,1984000000,1984年,円
4708,1,全世帯,009,第８階級,186,（財・サービス区分「諸雑費」の非耐久財）,00415,3大都市圏平均,1984000000,1984年,円
11834,1,全世帯,009,第８階級,187,（財・サービス区分「諸雑費」のサービス）,00000,全国,1984000000,1984年,円
9842,1,全世帯,009,第８階級,187,（財・サービス区分「諸雑費」のサービス）,00415,3大都市圏平均,1984000000,1984年,円
83997,1,全世帯,009,第８階級,188,（（特掲）五大費目）,00000,全国,1984000000,1984年,円
92280,1,全世帯,009,第８階級,188,（（特掲）五大費目）,00415,3大都市圏平均,1984000000,1984年,円
23439,1,全世帯,009,第８階級,189,（（特掲）五大費目）,00000,全国,1984000000,1984年,円
25381,1,全世帯,009,第８階級,189,（（特掲）五大費目）,00415,3大都市圏平均,1984000000,1984年,円
14309,1,全世帯,009,第８階級,190,（（特掲）五大費目）,00000,全国,1984000000,1984年,円
14353,1,全世帯,009,第８階級,190,（（特掲）五大費目）,00415,3大都市圏平均,1984000000,1984年,円
24114,1,全世帯,009,第８階級,191,（（特掲）五大費目）,00000,全国,1984000000,1984年,円
26995,1,全世帯,009,第８階級,191,（（特掲）五大費目）,00415,3大都市圏平均,1984000000,1984年,円
160573,1,全世帯,009,第８階級,192,（（特掲）五大費目）,00000,全国,1984000000,1984年,円
167118,1,全世帯,009,第８階級,192,（（特掲）五大費目）,00415,3大都市圏平均,1984000000,1984年,円
17718,1,全世帯,009,第８階級,193,現物支出（総額）,00000,全国,1984000000,1984年,円
16208,1,全世帯,009,第８階級,193,現物支出（総額）,00415,3大都市圏平均,1984000000,1984年,円
3283,1,全世帯,009,第８階級,194,（現物支出の自家産物）,00000,全国,1984000000,1984年,円
1168,1,全世帯,009,第８階級,194,（現物支出の自家産物）,00415,3大都市圏平均,1984000000,1984年,円
14436,1,全世帯,009,第８階級,195,（現物支出の自家産物以外）,00000,全国,1984000000,1984年,円
15039,1,全世帯,009,第８階級,195,（現物支出の自家産物以外）,00415,3大都市圏平均,1984000000,1984年,円
13318,1,全世帯,009,第８階級,196,（現物支出の食料）,00000,全国,1984000000,1984年,円
10912,1,全世帯,009,第８階級,196,（現物支出の食料）,00415,3大都市圏平均,1984000000,1984年,円
3093,1,全世帯,009,第８階級,197,（現物支出「食料」の自家産物）,00000,全国,1984000000,1984年,円
1092,1,全世帯,009,第８階級,197,（現物支出「食料」の自家産物）,00415,3大都市圏平均,1984000000,1984年,円
10226,1,全世帯,009,第８階級,198,その他（受贈物等）（現物支出「食料」の自家産物以外）,00000,全国,1984000000,1984年,円
9820,1,全世帯,009,第８階級,198,その他（受贈物等）（現物支出「食料」の自家産物以外）,00415,3大都市圏平均,1984000000,1984年,円
38,1,全世帯,009,第８階級,199,（現物支出の住居）,00000,全国,1984000000,1984年,円
14,1,全世帯,009,第８階級,199,（現物支出の住居）,00415,3大都市圏平均,1984000000,1984年,円
38,1,全世帯,009,第８階級,200,（現物支出の光熱・水道）,00000,全国,1984000000,1984年,円
40,1,全世帯,009,第８階級,200,（現物支出の光熱・水道）,00415,3大都市圏平均,1984000000,1984年,円
1323,1,全世帯,009,第８階級,201,（現物支出の家具・家事用品）,00000,全国,1984000000,1984年,円
1380,1,全世帯,009,第８階級,201,（現物支出の家具・家事用品）,00415,3大都市圏平均,1984000000,1984年,円
1030,1,全世帯,009,第８階級,202,（現物支出の被服及び履物）,00000,全国,1984000000,1984年,円
1094,1,全世帯,009,第８階級,202,（現物支出の被服及び履物）,00415,3大都市圏平均,1984000000,1984年,円
70,1,全世帯,009,第８階級,203,（現物支出の保健医療）,00000,全国,1984000000,1984年,円
75,1,全世帯,009,第８階級,203,（現物支出の保健医療）,00415,3大都市圏平均,1984000000,1984年,円
397,1,全世帯,009,第８階級,204,（現物支出の交通通信）,00000,全国,1984000000,1984年,円
641,1,全世帯,009,第８階級,204,（現物支出の交通通信）,00415,3大都市圏平均,1984000000,1984年,円
1,1,全世帯,009,第８階級,205,（現物支出の教育）,00000,全国,1984000000,1984年,円
1,1,全世帯,009,第８階級,205,（現物支出の教育）,00415,3大都市圏平均,1984000000,1984年,円
665,1,全世帯,009,第８階級,206,（現物支出の教養娯楽）,00000,全国,1984000000,1984年,円
1031,1,全世帯,009,第８階級,206,（現物支出の教養娯楽）,00415,3大都市圏平均,1984000000,1984年,円
838,1,全世帯,009,第８階級,207,（現物支出のその他の消費支出）,00000,全国,1984000000,1984年,円
1022,1,全世帯,009,第８階級,207,（現物支出のその他の消費支出）,00415,3大都市圏平均,1984000000,1984年,円
178,1,全世帯,009,第８階級,208,（現物支出の交際費（自家産物の贈与））,00000,全国,1984000000,1984年,円
69,1,全世帯,009,第８階級,208,（現物支出の交際費（自家産物の贈与））,00415,3大都市圏平均,1984000000,1984年,円
33986,1,全世帯,009,第８階級,209,〔持家の帰属家賃〕,00000,全国,1984000000,1984年,円
41303,1,全世帯,009,第８階級,209,〔持家の帰属家賃〕,00415,3大都市圏平均,1984000000,1984年,円
27.4,1,全世帯,009,第８階級,210,エンゲル係数（％）,00000,全国,1984000000,1984年,％
28.3,1,全世帯,009,第８階級,210,エンゲル係数（％）,00415,3大都市圏平均,1984000000,1984年,％
7606,1,全世帯,009,第８階級,211,貯蓄現在高（千円）,00000,全国,1984000000,1984年,千円
8368,1,全世帯,009,第８階級,211,貯蓄現在高（千円）,00415,3大都市圏平均,1984000000,1984年,千円
556,1,全世帯,009,第８階級,212,通貨性預貯金（千円）,00000,全国,1984000000,1984年,千円
529,1,全世帯,009,第８階級,212,通貨性預貯金（千円）,00415,3大都市圏平均,1984000000,1984年,千円
3701,1,全世帯,009,第８階級,213,定期性預貯金（千円）,00000,全国,1984000000,1984年,千円
3691,1,全世帯,009,第８階級,213,定期性預貯金（千円）,00415,3大都市圏平均,1984000000,1984年,千円
1429,1,全世帯,009,第８階級,214,生命保険（千円）,00000,全国,1984000000,1984年,千円
1423,1,全世帯,009,第８階級,214,生命保険（千円）,00415,3大都市圏平均,1984000000,1984年,千円
1517,1,全世帯,009,第８階級,215,有価証券（千円）,00000,全国,1984000000,1984年,千円
2252,1,全世帯,009,第８階級,215,有価証券（千円）,00415,3大都市圏平均,1984000000,1984年,千円
3416,1,全世帯,009,第８階級,216,負債現在高（千円）,00000,全国,1984000000,1984年,千円
4058,1,全世帯,009,第８階級,216,負債現在高（千円）,00415,3大都市圏平均,1984000000,1984年,千円
3030,1,全世帯,009,第８階級,217,うち住宅・土地のため（千円）,00000,全国,1984000000,1984年,千円
3809,1,全世帯,009,第８階級,217,うち住宅・土地のため（千円）,00415,3大都市圏平均,1984000000,1984年,千円
61.5,1,全世帯,009,第８階級,218,負債保有率（％）,00000,全国,1984000000,1984年,％
59.2,1,全世帯,009,第８階級,218,負債保有率（％）,00415,3大都市圏平均,1984000000,1984年,％
46.3,1,全世帯,009,第８階級,219,うち住宅・土地のため（％）,00000,全国,1984000000,1984年,％
48.2,1,全世帯,009,第８階級,219,うち住宅・土地のため（％）,00415,3大都市圏平均,1984000000,1984年,％
4963,1,全世帯,010,第９階級,001,集計世帯数,00000,全国,1984000000,1984年,世帯
1860,1,全世帯,010,第９階級,001,集計世帯数,00415,3大都市圏平均,1984000000,1984年,世帯
81591,1,全世帯,010,第９階級,002,世帯数分布（抽出率調整）,00000,全国,1984000000,1984年,世帯
37409,1,全世帯,010,第９階級,002,世帯数分布（抽出率調整）,00415,3大都市圏平均,1984000000,1984年,世帯
1000,1,全世帯,010,第９階級,003,（１万分比）,00000,全国,1984000000,1984年,
1000,1,全世帯,010,第９階級,003,（１万分比）,00415,3大都市圏平均,1984000000,1984年,
4.26,1,全世帯,010,第９階級,004,世帯人員（人）,00000,全国,1984000000,1984年,人
4.13,1,全世帯,010,第９階級,004,世帯人員（人）,00415,3大都市圏平均,1984000000,1984年,人
2.07,1,全世帯,010,第９階級,005,有業人員（人）,00000,全国,1984000000,1984年,人
1.86,1,全世帯,010,第９階級,005,有業人員（人）,00415,3大都市圏平均,1984000000,1984年,人
48.6,1,全世帯,010,第９階級,006,世帯主の年齢（歳）,00000,全国,1984000000,1984年,歳
48.4,1,全世帯,010,第９階級,006,世帯主の年齢（歳）,00415,3大都市圏平均,1984000000,1984年,歳
89,1,全世帯,010,第９階級,007,持家率（％）,00000,全国,1984000000,1984年,％
88.3,1,全世帯,010,第９階級,007,持家率（％）,00415,3大都市圏平均,1984000000,1984年,％
6.2,1,全世帯,010,第９階級,008,居住室数（室）,00000,全国,1984000000,1984年,室
5.8,1,全世帯,010,第９階級,008,居住室数（室）,00415,3大都市圏平均,1984000000,1984年,室
13.2,1,全世帯,010,第９階級,009,家賃・地代を支払っている世帯割合（％）,00000,全国,1984000000,1984年,％
14.8,1,全世帯,010,第９階級,009,家賃・地代を支払っている世帯割合（％）,00415,3大都市圏平均,1984000000,1984年,％
8030,1,全世帯,010,第９階級,010,年間収入（千円）,00000,全国,1984000000,1984年,千円
8582,1,全世帯,010,第９階級,010,年間収入（千円）,00415,3大都市圏平均,1984000000,1984年,千円
347875,1,全世帯,010,第９階級,011,消費支出,00000,全国,1984000000,1984年,円
367691,1,全世帯,010,第９階級,011,消費支出,00415,3大都市圏平均,1984000000,1984年,円
89552,1,全世帯,010,第９階級,012,食料,00000,全国,1984000000,1984年,円
98408,1,全世帯,010,第９階級,012,食料,00415,3大都市圏平均,1984000000,1984年,円
10445,1,全世帯,010,第９階級,013,穀類,00000,全国,1984000000,1984年,円
11531,1,全世帯,010,第９階級,013,穀類,00415,3大都市圏平均,1984000000,1984年,円
6509,1,全世帯,010,第９階級,014,米類,00000,全国,1984000000,1984年,円
7043,1,全世帯,010,第９階級,014,米類,00415,3大都市圏平均,1984000000,1984年,円
2236,1,全世帯,010,第９階級,015,パン,00000,全国,1984000000,1984年,円
2664,1,全世帯,010,第９階級,015,パン,00415,3大都市圏平均,1984000000,1984年,円
1362,1,全世帯,010,第９階級,016,めん類,00000,全国,1984000000,1984年,円
1441,1,全世帯,010,第９階級,016,めん類,00415,3大都市圏平均,1984000000,1984年,円
338,1,全世帯,010,第９階級,017,穀粉・その他,00000,全国,1984000000,1984年,円
383,1,全世帯,010,第９階級,017,穀粉・その他,00415,3大都市圏平均,1984000000,1984年,円
13209,1,全世帯,010,第９階級,018,魚介類,00000,全国,1984000000,1984年,円
13304,1,全世帯,010,第９階級,018,魚介類,00415,3大都市圏平均,1984000000,1984年,円
8894,1,全世帯,010,第９階級,019,生鮮魚介,00000,全国,1984000000,1984年,円
8947,1,全世帯,010,第９階級,019,生鮮魚介,00415,3大都市圏平均,1984000000,1984年,円
2723,1,全世帯,010,第９階級,020,塩干魚介,00000,全国,1984000000,1984年,円
2760,1,全世帯,010,第９階級,020,塩干魚介,00415,3大都市圏平均,1984000000,1984年,円
969,1,全世帯,010,第９階級,021,魚肉練製品,00000,全国,1984000000,1984年,円
962,1,全世帯,010,第９階級,021,魚肉練製品,00415,3大都市圏平均,1984000000,1984年,円
623,1,全世帯,010,第９階級,022,他の魚介加工品,00000,全国,1984000000,1984年,円
636,1,全世帯,010,第９階級,022,他の魚介加工品,00415,3大都市圏平均,1984000000,1984年,円
10511,1,全世帯,010,第９階級,023,肉類,00000,全国,1984000000,1984年,円
12254,1,全世帯,010,第９階級,023,肉類,00415,3大都市圏平均,1984000000,1984年,円
8931,1,全世帯,010,第９階級,024,生鮮肉,00000,全国,1984000000,1984年,円
10380,1,全世帯,010,第９階級,024,生鮮肉,00415,3大都市圏平均,1984000000,1984年,円
1580,1,全世帯,010,第９階級,025,加工肉,00000,全国,1984000000,1984年,円
1873,1,全世帯,010,第９階級,025,加工肉,00415,3大都市圏平均,1984000000,1984年,円
4442,1,全世帯,010,第９階級,026,乳卵類,00000,全国,1984000000,1984年,円
4707,1,全世帯,010,第９階級,026,乳卵類,00415,3大都市圏平均,1984000000,1984年,円
2352,1,全世帯,010,第９階級,027,牛乳,00000,全国,1984000000,1984年,円
2418,1,全世帯,010,第９階級,027,牛乳,00415,3大都市圏平均,1984000000,1984年,円
660,1,全世帯,010,第９階級,028,乳製品,00000,全国,1984000000,1984年,円
777,1,全世帯,010,第９階級,028,乳製品,00415,3大都市圏平均,1984000000,1984年,円
1430,1,全世帯,010,第９階級,029,卵,00000,全国,1984000000,1984年,円
1513,1,全世帯,010,第９階級,029,卵,00415,3大都市圏平均,1984000000,1984年,円
10783,1,全世帯,010,第９階級,030,野菜・海草,00000,全国,1984000000,1984年,円
12141,1,全世帯,010,第９階級,030,野菜・海草,00415,3大都市圏平均,1984000000,1984年,円
7348,1,全世帯,010,第９階級,031,生鮮野菜,00000,全国,1984000000,1984年,円
8478,1,全世帯,010,第９階級,031,生鮮野菜,00415,3大都市圏平均,1984000000,1984年,円
852,1,全世帯,010,第９階級,032,乾物・海草,00000,全国,1984000000,1984年,円
898,1,全世帯,010,第９階級,032,乾物・海草,00415,3大都市圏平均,1984000000,1984年,円
1223,1,全世帯,010,第９階級,033,大豆加工品,00000,全国,1984000000,1984年,円
1268,1,全世帯,010,第９階級,033,大豆加工品,00415,3大都市圏平均,1984000000,1984年,円
1361,1,全世帯,010,第９階級,034,他の野菜・海草加工品,00000,全国,1984000000,1984年,円
1497,1,全世帯,010,第９階級,034,他の野菜・海草加工品,00415,3大都市圏平均,1984000000,1984年,円
5473,1,全世帯,010,第９階級,035,果物,00000,全国,1984000000,1984年,円
5850,1,全世帯,010,第９階級,035,果物,00415,3大都市圏平均,1984000000,1984年,円
5380,1,全世帯,010,第９階級,036,生鮮果物,00000,全国,1984000000,1984年,円
5750,1,全世帯,010,第９階級,036,生鮮果物,00415,3大都市圏平均,1984000000,1984年,円
93,1,全世帯,010,第９階級,037,果物加工品,00000,全国,1984000000,1984年,円
100,1,全世帯,010,第９階級,037,果物加工品,00415,3大都市圏平均,1984000000,1984年,円
3440,1,全世帯,010,第９階級,038,油脂・調味料,00000,全国,1984000000,1984年,円
3439,1,全世帯,010,第９階級,038,油脂・調味料,00415,3大都市圏平均,1984000000,1984年,円
510,1,全世帯,010,第９階級,039,油脂,00000,全国,1984000000,1984年,円
498,1,全世帯,010,第９階級,039,油脂,00415,3大都市圏平均,1984000000,1984年,円
2930,1,全世帯,010,第９階級,040,調味料,00000,全国,1984000000,1984年,円
2941,1,全世帯,010,第９階級,040,調味料,00415,3大都市圏平均,1984000000,1984年,円
5952,1,全世帯,010,第９階級,041,菓子類,00000,全国,1984000000,1984年,円
6260,1,全世帯,010,第９階級,041,菓子類,00415,3大都市圏平均,1984000000,1984年,円
3932,1,全世帯,010,第９階級,042,調理食品,00000,全国,1984000000,1984年,円
4322,1,全世帯,010,第９階級,042,調理食品,00415,3大都市圏平均,1984000000,1984年,円
910,1,全世帯,010,第９階級,043,主食的調理食品,00000,全国,1984000000,1984年,円
1063,1,全世帯,010,第９階級,043,主食的調理食品,00415,3大都市圏平均,1984000000,1984年,円
3022,1,全世帯,010,第９階級,044,他の調理食品,00000,全国,1984000000,1984年,円
3259,1,全世帯,010,第９階級,044,他の調理食品,00415,3大都市圏平均,1984000000,1984年,円
2649,1,全世帯,010,第９階級,045,飲料,00000,全国,1984000000,1984年,円
2803,1,全世帯,010,第９階級,045,飲料,00415,3大都市圏平均,1984000000,1984年,円
532,1,全世帯,010,第９階級,046,茶類,00000,全国,1984000000,1984年,円
630,1,全世帯,010,第９階級,046,茶類,00415,3大都市圏平均,1984000000,1984年,円
561,1,全世帯,010,第９階級,047,コーヒー・ココア,00000,全国,1984000000,1984年,円
598,1,全世帯,010,第９階級,047,コーヒー・ココア,00415,3大都市圏平均,1984000000,1984年,円
1556,1,全世帯,010,第９階級,048,他の飲料,00000,全国,1984000000,1984年,円
1575,1,全世帯,010,第９階級,048,他の飲料,00415,3大都市圏平均,1984000000,1984年,円
3960,1,全世帯,010,第９階級,049,酒類,00000,全国,1984000000,1984年,円
4293,1,全世帯,010,第９階級,049,酒類,00415,3大都市圏平均,1984000000,1984年,円
14757,1,全世帯,010,第９階級,050,外食,00000,全国,1984000000,1984年,円
17504,1,全世帯,010,第９階級,050,外食,00415,3大都市圏平均,1984000000,1984年,円
12956,1,全世帯,010,第９階級,051,一般外食,00000,全国,1984000000,1984年,円
15770,1,全世帯,010,第９階級,051,一般外食,00415,3大都市圏平均,1984000000,1984年,円
1800,1,全世帯,010,第９階級,052,学校給食,00000,全国,1984000000,1984年,円
1734,1,全世帯,010,第９階級,052,学校給食,00415,3大都市圏平均,1984000000,1984年,円
10886,1,全世帯,010,第９階級,053,住居,00000,全国,1984000000,1984年,円
11208,1,全世帯,010,第９階級,053,住居,00415,3大都市圏平均,1984000000,1984年,円
3250,1,全世帯,010,第９階級,054,家賃・地代,00000,全国,1984000000,1984年,円
4110,1,全世帯,010,第９階級,054,家賃・地代,00415,3大都市圏平均,1984000000,1984年,円
7636,1,全世帯,010,第９階級,055,設備修繕・維持,00000,全国,1984000000,1984年,円
7098,1,全世帯,010,第９階級,055,設備修繕・維持,00415,3大都市圏平均,1984000000,1984年,円
1145,1,全世帯,010,第９階級,056,設備材料,00000,全国,1984000000,1984年,円
815,1,全世帯,010,第９階級,056,設備材料,00415,3大都市圏平均,1984000000,1984年,円
6492,1,全世帯,010,第９階級,057,工事その他のサービス,00000,全国,1984000000,1984年,円
6283,1,全世帯,010,第９階級,057,工事その他のサービス,00415,3大都市圏平均,1984000000,1984年,円
18768,1,全世帯,010,第９階級,058,光熱・水道,00000,全国,1984000000,1984年,円
19797,1,全世帯,010,第９階級,058,光熱・水道,00415,3大都市圏平均,1984000000,1984年,円
9015,1,全世帯,010,第９階級,059,電気代,00000,全国,1984000000,1984年,円
9214,1,全世帯,010,第９階級,059,電気代,00415,3大都市圏平均,1984000000,1984年,円
4769,1,全世帯,010,第９階級,060,ガス代,00000,全国,1984000000,1984年,円
5494,1,全世帯,010,第９階級,060,ガス代,00415,3大都市圏平均,1984000000,1984年,円
1634,1,全世帯,010,第９階級,061,他の光熱,00000,全国,1984000000,1984年,円
882,1,全世帯,010,第９階級,061,他の光熱,00415,3大都市圏平均,1984000000,1984年,円
3350,1,全世帯,010,第９階級,062,水道料,00000,全国,1984000000,1984年,円
4207,1,全世帯,010,第９階級,062,水道料,00415,3大都市圏平均,1984000000,1984年,円
14566,1,全世帯,010,第９階級,063,家具・家事用品,00000,全国,1984000000,1984年,円
15316,1,全世帯,010,第９階級,063,家具・家事用品,00415,3大都市圏平均,1984000000,1984年,円
5288,1,全世帯,010,第９階級,064,家庭用耐久財,00000,全国,1984000000,1984年,円
5835,1,全世帯,010,第９階級,064,家庭用耐久財,00415,3大都市圏平均,1984000000,1984年,円
1936,1,全世帯,010,第９階級,065,家事用耐久財,00000,全国,1984000000,1984年,円
2181,1,全世帯,010,第９階級,065,家事用耐久財,00415,3大都市圏平均,1984000000,1984年,円
1448,1,全世帯,010,第９階級,066,冷暖房用器具,00000,全国,1984000000,1984年,円
1652,1,全世帯,010,第９階級,066,冷暖房用器具,00415,3大都市圏平均,1984000000,1984年,円
1905,1,全世帯,010,第９階級,067,一般家具,00000,全国,1984000000,1984年,円
2002,1,全世帯,010,第９階級,067,一般家具,00415,3大都市圏平均,1984000000,1984年,円
1288,1,全世帯,010,第９階級,068,室内装備品,00000,全国,1984000000,1984年,円
1491,1,全世帯,010,第９階級,068,室内装備品,00415,3大都市圏平均,1984000000,1984年,円
2212,1,全世帯,010,第９階級,069,寝具類,00000,全国,1984000000,1984年,円
2128,1,全世帯,010,第９階級,069,寝具類,00415,3大都市圏平均,1984000000,1984年,円
2573,1,全世帯,010,第９階級,070,家事雑貨,00000,全国,1984000000,1984年,円
2664,1,全世帯,010,第９階級,070,家事雑貨,00415,3大都市圏平均,1984000000,1984年,円
1994,1,全世帯,010,第９階級,071,家事用消耗品,00000,全国,1984000000,1984年,円
2069,1,全世帯,010,第９階級,071,家事用消耗品,00415,3大都市圏平均,1984000000,1984年,円
1211,1,全世帯,010,第９階級,072,家事サービス,00000,全国,1984000000,1984年,円
1129,1,全世帯,010,第９階級,072,家事サービス,00415,3大都市圏平均,1984000000,1984年,円
25893,1,全世帯,010,第９階級,073,被服及び履物,00000,全国,1984000000,1984年,円
27794,1,全世帯,010,第９階級,073,被服及び履物,00415,3大都市圏平均,1984000000,1984年,円
2426,1,全世帯,010,第９階級,074,和服,00000,全国,1984000000,1984年,円
2059,1,全世帯,010,第９階級,074,和服,00415,3大都市圏平均,1984000000,1984年,円
9846,1,全世帯,010,第９階級,075,洋服,00000,全国,1984000000,1984年,円
11035,1,全世帯,010,第９階級,075,洋服,00415,3大都市圏平均,1984000000,1984年,円
3755,1,全世帯,010,第９階級,076,男子洋服,00000,全国,1984000000,1984年,円
4256,1,全世帯,010,第９階級,076,男子洋服,00415,3大都市圏平均,1984000000,1984年,円
5132,1,全世帯,010,第９階級,077,婦人洋服,00000,全国,1984000000,1984年,円
5823,1,全世帯,010,第９階級,077,婦人洋服,00415,3大都市圏平均,1984000000,1984年,円
959,1,全世帯,010,第９階級,078,子供洋服,00000,全国,1984000000,1984年,円
955,1,全世帯,010,第９階級,078,子供洋服,00415,3大都市圏平均,1984000000,1984年,円
4174,1,全世帯,010,第９階級,079,シャツ・セーター類,00000,全国,1984000000,1984年,円
4650,1,全世帯,010,第９階級,079,シャツ・セーター類,00415,3大都市圏平均,1984000000,1984年,円
1533,1,全世帯,010,第９階級,080,男子シャツ・セーター類,00000,全国,1984000000,1984年,円
1678,1,全世帯,010,第９階級,080,男子シャツ・セーター類,00415,3大都市圏平均,1984000000,1984年,円
2286,1,全世帯,010,第９階級,081,婦人シャツ・セーター類,00000,全国,1984000000,1984年,円
2647,1,全世帯,010,第９階級,081,婦人シャツ・セーター類,00415,3大都市圏平均,1984000000,1984年,円
355,1,全世帯,010,第９階級,082,子供シャツ・セーター類,00000,全国,1984000000,1984年,円
325,1,全世帯,010,第９階級,082,子供シャツ・セーター類,00415,3大都市圏平均,1984000000,1984年,円
1985,1,全世帯,010,第９階級,083,下着類,00000,全国,1984000000,1984年,円
1967,1,全世帯,010,第９階級,083,下着類,00415,3大都市圏平均,1984000000,1984年,円
821,1,全世帯,010,第９階級,084,男子下着類,00000,全国,1984000000,1984年,円
828,1,全世帯,010,第９階級,084,男子下着類,00415,3大都市圏平均,1984000000,1984年,円
891,1,全世帯,010,第９階級,085,婦人下着類,00000,全国,1984000000,1984年,円
887,1,全世帯,010,第９階級,085,婦人下着類,00415,3大都市圏平均,1984000000,1984年,円
273,1,全世帯,010,第９階級,086,子供下着類,00000,全国,1984000000,1984年,円
252,1,全世帯,010,第９階級,086,子供下着類,00415,3大都市圏平均,1984000000,1984年,円
1427,1,全世帯,010,第９階級,087,生地・糸類,00000,全国,1984000000,1984年,円
1500,1,全世帯,010,第９階級,087,生地・糸類,00415,3大都市圏平均,1984000000,1984年,円
1452,1,全世帯,010,第９階級,088,他の被服,00000,全国,1984000000,1984年,円
1524,1,全世帯,010,第９階級,088,他の被服,00415,3大都市圏平均,1984000000,1984年,円
2425,1,全世帯,010,第９階級,089,履物類,00000,全国,1984000000,1984年,円
2690,1,全世帯,010,第９階級,089,履物類,00415,3大都市圏平均,1984000000,1984年,円
2159,1,全世帯,010,第９階級,090,被服関連サービス,00000,全国,1984000000,1984年,円
2369,1,全世帯,010,第９階級,090,被服関連サービス,00415,3大都市圏平均,1984000000,1984年,円
7901,1,全世帯,010,第９階級,091,保健医療,00000,全国,1984000000,1984年,円
8505,1,全世帯,010,第９階級,091,保健医療,00415,3大都市圏平均,1984000000,1984年,円
1874,1,全世帯,010,第９階級,092,医薬品,00000,全国,1984000000,1984年,円
1918,1,全世帯,010,第９階級,092,医薬品,00415,3大都市圏平均,1984000000,1984年,円
1502,1,全世帯,010,第９階級,093,保健医療用品・器具,00000,全国,1984000000,1984年,円
1619,1,全世帯,010,第９階級,093,保健医療用品・器具,00415,3大都市圏平均,1984000000,1984年,円
4525,1,全世帯,010,第９階級,094,保健医療サービス,00000,全国,1984000000,1984年,円
4968,1,全世帯,010,第９階級,094,保健医療サービス,00415,3大都市圏平均,1984000000,1984年,円
35993,1,全世帯,010,第９階級,095,交通通信,00000,全国,1984000000,1984年,円
34696,1,全世帯,010,第９階級,095,交通通信,00415,3大都市圏平均,1984000000,1984年,円
7494,1,全世帯,010,第９階級,096,交通,00000,全国,1984000000,1984年,円
9097,1,全世帯,010,第９階級,096,交通,00415,3大都市圏平均,1984000000,1984年,円
21027,1,全世帯,010,第９階級,097,自動車等関係費,00000,全国,1984000000,1984年,円
17490,1,全世帯,010,第９階級,097,自動車等関係費,00415,3大都市圏平均,1984000000,1984年,円
7103,1,全世帯,010,第９階級,098,自動車,00000,全国,1984000000,1984年,円
5424,1,全世帯,010,第９階級,098,自動車,00415,3大都市圏平均,1984000000,1984年,円
263,1,全世帯,010,第９階級,099,自転車,00000,全国,1984000000,1984年,円
249,1,全世帯,010,第９階級,099,自転車,00415,3大都市圏平均,1984000000,1984年,円
13661,1,全世帯,010,第９階級,100,自動車等維持,00000,全国,1984000000,1984年,円
11818,1,全世帯,010,第９階級,100,自動車等維持,00415,3大都市圏平均,1984000000,1984年,円
7473,1,全世帯,010,第９階級,101,通信,00000,全国,1984000000,1984年,円
8108,1,全世帯,010,第９階級,101,通信,00415,3大都市圏平均,1984000000,1984年,円
15380,1,全世帯,010,第９階級,102,教育,00000,全国,1984000000,1984年,円
20224,1,全世帯,010,第９階級,102,教育,00415,3大都市圏平均,1984000000,1984年,円
11664,1,全世帯,010,第９階級,103,授業料等,00000,全国,1984000000,1984年,円
15318,1,全世帯,010,第９階級,103,授業料等,00415,3大都市圏平均,1984000000,1984年,円
586,1,全世帯,010,第９階級,104,教科書・学習参考書,00000,全国,1984000000,1984年,円
645,1,全世帯,010,第９階級,104,教科書・学習参考書,00415,3大都市圏平均,1984000000,1984年,円
3130,1,全世帯,010,第９階級,105,補習教育,00000,全国,1984000000,1984年,円
4261,1,全世帯,010,第９階級,105,補習教育,00415,3大都市圏平均,1984000000,1984年,円
31144,1,全世帯,010,第９階級,106,教養娯楽,00000,全国,1984000000,1984年,円
34874,1,全世帯,010,第９階級,106,教養娯楽,00415,3大都市圏平均,1984000000,1984年,円
2921,1,全世帯,010,第９階級,107,教養娯楽用耐久財,00000,全国,1984000000,1984年,円
3390,1,全世帯,010,第９階級,107,教養娯楽用耐久財,00415,3大都市圏平均,1984000000,1984年,円
5882,1,全世帯,010,第９階級,108,教養娯楽用品,00000,全国,1984000000,1984年,円
6116,1,全世帯,010,第９階級,108,教養娯楽用品,00415,3大都市圏平均,1984000000,1984年,円
4743,1,全世帯,010,第９階級,109,書籍・他の印刷物,00000,全国,1984000000,1984年,円
5386,1,全世帯,010,第９階級,109,書籍・他の印刷物,00415,3大都市圏平均,1984000000,1984年,円
17598,1,全世帯,010,第９階級,110,教養娯楽サービス,00000,全国,1984000000,1984年,円
19982,1,全世帯,010,第９階級,110,教養娯楽サービス,00415,3大都市圏平均,1984000000,1984年,円
730,1,全世帯,010,第９階級,111,宿泊料,00000,全国,1984000000,1984年,円
744,1,全世帯,010,第９階級,111,宿泊料,00415,3大都市圏平均,1984000000,1984年,円
5780,1,全世帯,010,第９階級,112,パック旅行,00000,全国,1984000000,1984年,円
6256,1,全世帯,010,第９階級,112,パック旅行,00415,3大都市圏平均,1984000000,1984年,円
5397,1,全世帯,010,第９階級,113,月謝類,00000,全国,1984000000,1984年,円
6382,1,全世帯,010,第９階級,113,月謝類,00415,3大都市圏平均,1984000000,1984年,円
5691,1,全世帯,010,第９階級,114,他の教養娯楽サービス,00000,全国,1984000000,1984年,円
6600,1,全世帯,010,第９階級,114,他の教養娯楽サービス,00415,3大都市圏平均,1984000000,1984年,円
97792,1,全世帯,010,第９階級,115,その他の消費支出,00000,全国,1984000000,1984年,円
96870,1,全世帯,010,第９階級,115,その他の消費支出,00415,3大都市圏平均,1984000000,1984年,円
22147,1,全世帯,010,第９階級,116,諸雑費,00000,全国,1984000000,1984年,円
24102,1,全世帯,010,第９階級,116,諸雑費,00415,3大都市圏平均,1984000000,1984年,円
3143,1,全世帯,010,第９階級,117,理美容サービス,00000,全国,1984000000,1984年,円
3255,1,全世帯,010,第９階級,117,理美容サービス,00415,3大都市圏平均,1984000000,1984年,円
3639,1,全世帯,010,第９階級,118,理美容用品,00000,全国,1984000000,1984年,円
3776,1,全世帯,010,第９階級,118,理美容用品,00415,3大都市圏平均,1984000000,1984年,円
2470,1,全世帯,010,第９階級,119,身の回り用品,00000,全国,1984000000,1984年,円
2634,1,全世帯,010,第９階級,119,身の回り用品,00415,3大都市圏平均,1984000000,1984年,円
1921,1,全世帯,010,第９階級,120,たばこ,00000,全国,1984000000,1984年,円
1891,1,全世帯,010,第９階級,120,たばこ,00415,3大都市圏平均,1984000000,1984年,円
10974,1,全世帯,010,第９階級,121,（「諸雑費」のその他）,00000,全国,1984000000,1984年,円
12545,1,全世帯,010,第９階級,121,（「諸雑費」のその他）,00415,3大都市圏平均,1984000000,1984年,円
33290,1,全世帯,010,第９階級,122,こづかい（使途不明）,00000,全国,1984000000,1984年,円
38345,1,全世帯,010,第９階級,122,こづかい（使途不明）,00415,3大都市圏平均,1984000000,1984年,円
30318,1,全世帯,010,第９階級,123,交際費,00000,全国,1984000000,1984年,円
28768,1,全世帯,010,第９階級,123,交際費,00415,3大都市圏平均,1984000000,1984年,円
6557,1,全世帯,010,第９階級,124,（「交際費」の食料）,00000,全国,1984000000,1984年,円
6740,1,全世帯,010,第９階級,124,（「交際費」の食料）,00415,3大都市圏平均,1984000000,1984年,円
953,1,全世帯,010,第９階級,125,家具・家事用品（「交際費」の家具・家事用品）,00000,全国,1984000000,1984年,円
1126,1,全世帯,010,第９階級,125,家具・家事用品（「交際費」の家具・家事用品）,00415,3大都市圏平均,1984000000,1984年,円
1231,1,全世帯,010,第９階級,126,被服及び履物（「交際費」の被服及び履物）,00000,全国,1984000000,1984年,円
1420,1,全世帯,010,第９階級,126,被服及び履物（「交際費」の被服及び履物）,00415,3大都市圏平均,1984000000,1984年,円
670,1,全世帯,010,第９階級,127,（「交際費」の教養娯楽）,00000,全国,1984000000,1984年,円
732,1,全世帯,010,第９階級,127,（「交際費」の教養娯楽）,00415,3大都市圏平均,1984000000,1984年,円
630,1,全世帯,010,第９階級,128,他の物品サービス,00000,全国,1984000000,1984年,円
892,1,全世帯,010,第９階級,128,他の物品サービス,00415,3大都市圏平均,1984000000,1984年,円
15015,1,全世帯,010,第９階級,129,贈与金,00000,全国,1984000000,1984年,円
13108,1,全世帯,010,第９階級,129,贈与金,00415,3大都市圏平均,1984000000,1984年,円
5263,1,全世帯,010,第９階級,130,他の交際費,00000,全国,1984000000,1984年,円
4751,1,全世帯,010,第９階級,130,他の交際費,00415,3大都市圏平均,1984000000,1984年,円
12037,1,全世帯,010,第９階級,131,（「その他の消費支出」の仕送り金）,00000,全国,1984000000,1984年,円
5655,1,全世帯,010,第９階級,131,（「その他の消費支出」の仕送り金）,00415,3大都市圏平均,1984000000,1984年,円
30063,1,全世帯,010,第９階級,132,（再掲）教育関係費,00000,全国,1984000000,1984年,円
29079,1,全世帯,010,第９階級,132,（再掲）教育関係費,00415,3大都市圏平均,1984000000,1984年,円
35974,1,全世帯,010,第９階級,133,（再掲）教養娯楽関係費,00000,全国,1984000000,1984年,円
40102,1,全世帯,010,第９階級,133,（再掲）教養娯楽関係費,00415,3大都市圏平均,1984000000,1984年,円
3156,1,全世帯,010,第９階級,134,（「教養娯楽関係費」の耐久財）,00000,全国,1984000000,1984年,円
3645,1,全世帯,010,第９階級,134,（「教養娯楽関係費」の耐久財）,00415,3大都市圏平均,1984000000,1984年,円
4704,1,全世帯,010,第９階級,135,読書,00000,全国,1984000000,1984年,円
5319,1,全世帯,010,第９階級,135,読書,00415,3大都市圏平均,1984000000,1984年,円
1549,1,全世帯,010,第９階級,136,聴視・観覧,00000,全国,1984000000,1984年,円
1726,1,全世帯,010,第９階級,136,聴視・観覧,00415,3大都市圏平均,1984000000,1984年,円
10015,1,全世帯,010,第９階級,137,旅行,00000,全国,1984000000,1984年,円
11074,1,全世帯,010,第９階級,137,旅行,00415,3大都市圏平均,1984000000,1984年,円
3043,1,全世帯,010,第９階級,138,スポーツ,00000,全国,1984000000,1984年,円
3499,1,全世帯,010,第９階級,138,スポーツ,00415,3大都市圏平均,1984000000,1984年,円
4896,1,全世帯,010,第９階級,139,（「教養娯楽関係費」の月謝）,00000,全国,1984000000,1984年,円
5953,1,全世帯,010,第９階級,139,（「教養娯楽関係費」の月謝）,00415,3大都市圏平均,1984000000,1984年,円
2961,1,全世帯,010,第９階級,140,会費・つきあい費,00000,全国,1984000000,1984年,円
2959,1,全世帯,010,第９階級,140,会費・つきあい費,00415,3大都市圏平均,1984000000,1984年,円
5651,1,全世帯,010,第９階級,141,他の教養娯楽,00000,全国,1984000000,1984年,円
5929,1,全世帯,010,第９階級,141,他の教養娯楽,00415,3大都市圏平均,1984000000,1984年,円
32818,1,全世帯,010,第９階級,142,〔耐久財を除く教養娯楽関係費〕,00000,全国,1984000000,1984年,円
36457,1,全世帯,010,第９階級,142,〔耐久財を除く教養娯楽関係費〕,00415,3大都市圏平均,1984000000,1984年,円
282270,1,全世帯,010,第９階級,143,（（特掲）財・サービス区分の消費支出。「こづかい（使途不明）」，「贈与金」，「他の交際費」，「仕送り金」は含まれない。）,00000,全国,1984000000,1984年,円
305832,1,全世帯,010,第９階級,143,（（特掲）財・サービス区分の消費支出。「こづかい（使途不明）」，「贈与金」，「他の交際費」，「仕送り金」は含まれない。）,00415,3大都市圏平均,1984000000,1984年,円
179941,1,全世帯,010,第９階級,144,商品,00000,全国,1984000000,1984年,円
187968,1,全世帯,010,第９階級,144,商品,00415,3大都市圏平均,1984000000,1984年,円
18414,1,全世帯,010,第９階級,145,耐久財,00000,全国,1984000000,1984年,円
18082,1,全世帯,010,第９階級,145,耐久財,00415,3大都市圏平均,1984000000,1984年,円
40046,1,全世帯,010,第９階級,146,半耐久財,00000,全国,1984000000,1984年,円
42445,1,全世帯,010,第９階級,146,半耐久財,00415,3大都市圏平均,1984000000,1984年,円
121481,1,全世帯,010,第９階級,147,非耐久財,00000,全国,1984000000,1984年,円
127441,1,全世帯,010,第９階級,147,非耐久財,00415,3大都市圏平均,1984000000,1984年,円
102330,1,全世帯,010,第９階級,148,サービス,00000,全国,1984000000,1984年,円
117864,1,全世帯,010,第９階級,148,サービス,00415,3大都市圏平均,1984000000,1984年,円
96109,1,全世帯,010,第９階級,149,（財・サービス区分の食料）,00000,全国,1984000000,1984年,円
105148,1,全世帯,010,第９階級,149,（財・サービス区分の食料）,00415,3大都市圏平均,1984000000,1984年,円
79434,1,全世帯,010,第９階級,150,（財・サービス区分「食料」の非耐久財）,00000,全国,1984000000,1984年,円
85289,1,全世帯,010,第９階級,150,（財・サービス区分「食料」の非耐久財）,00415,3大都市圏平均,1984000000,1984年,円
16675,1,全世帯,010,第９階級,151,（財・サービス区分「食料」のサービス）,00000,全国,1984000000,1984年,円
19859,1,全世帯,010,第９階級,151,（財・サービス区分「食料」のサービス）,00415,3大都市圏平均,1984000000,1984年,円
10903,1,全世帯,010,第９階級,152,（財・サービス区分の住居）,00000,全国,1984000000,1984年,円
11209,1,全世帯,010,第９階級,152,（財・サービス区分の住居）,00415,3大都市圏平均,1984000000,1984年,円
626,1,全世帯,010,第９階級,153,（財・サービス区分「住居」の耐久財）,00000,全国,1984000000,1984年,円
475,1,全世帯,010,第９階級,153,（財・サービス区分「住居」の耐久財）,00415,3大都市圏平均,1984000000,1984年,円
521,1,全世帯,010,第９階級,154,（財・サービス区分「住居」の半耐久財）,00000,全国,1984000000,1984年,円
341,1,全世帯,010,第９階級,154,（財・サービス区分「住居」の半耐久財）,00415,3大都市圏平均,1984000000,1984年,円
9756,1,全世帯,010,第９階級,155,（財・サービス区分「住居」のサービス）,00000,全国,1984000000,1984年,円
10393,1,全世帯,010,第９階級,155,（財・サービス区分「住居」のサービス）,00415,3大都市圏平均,1984000000,1984年,円
18770,1,全世帯,010,第９階級,156,光熱・水道（非耐久財）（財・サービス区分の光熱・水道）,00000,全国,1984000000,1984年,円
19797,1,全世帯,010,第９階級,156,光熱・水道（非耐久財）（財・サービス区分の光熱・水道）,00415,3大都市圏平均,1984000000,1984年,円
15519,1,全世帯,010,第９階級,157,家具・家事用品（財・サービス区分の家具・家事用品）,00000,全国,1984000000,1984年,円
16443,1,全世帯,010,第９階級,157,家具・家事用品（財・サービス区分の家具・家事用品）,00415,3大都市圏平均,1984000000,1984年,円
6736,1,全世帯,010,第９階級,158,（財・サービス区分「家具・家事用品」の耐久財）,00000,全国,1984000000,1984年,円
7597,1,全世帯,010,第９階級,158,（財・サービス区分「家具・家事用品」の耐久財）,00415,3大都市圏平均,1984000000,1984年,円
5558,1,全世帯,010,第９階級,159,（財・サービス区分「家具・家事用品」の半耐久財）,00000,全国,1984000000,1984年,円
5636,1,全世帯,010,第９階級,159,（財・サービス区分「家具・家事用品」の半耐久財）,00415,3大都市圏平均,1984000000,1984年,円
2009,1,全世帯,010,第９階級,160,（財・サービス区分「家具・家事用品」の非耐久財）,00000,全国,1984000000,1984年,円
2080,1,全世帯,010,第９階級,160,（財・サービス区分「家具・家事用品」の非耐久財）,00415,3大都市圏平均,1984000000,1984年,円
1215,1,全世帯,010,第９階級,161,（財・サービス区分「家具・家事用品」のサービス）,00000,全国,1984000000,1984年,円
1129,1,全世帯,010,第９階級,161,（財・サービス区分「家具・家事用品」のサービス）,00415,3大都市圏平均,1984000000,1984年,円
27124,1,全世帯,010,第９階級,162,被服及び履物（財・サービス区分の被服及び履物）,00000,全国,1984000000,1984年,円
29214,1,全世帯,010,第９階級,162,被服及び履物（財・サービス区分の被服及び履物）,00415,3大都市圏平均,1984000000,1984年,円
24959,1,全世帯,010,第９階級,163,（財・サービス区分「被服及び履物」の半耐久財）,00000,全国,1984000000,1984年,円
26841,1,全世帯,010,第９階級,163,（財・サービス区分「被服及び履物」の半耐久財）,00415,3大都市圏平均,1984000000,1984年,円
2165,1,全世帯,010,第９階級,164,（財・サービス区分「被服及び履物」のサービス）,00000,全国,1984000000,1984年,円
2373,1,全世帯,010,第９階級,164,（財・サービス区分「被服及び履物」のサービス）,00415,3大都市圏平均,1984000000,1984年,円
7938,1,全世帯,010,第９階級,165,（財・サービス区分の保健医療）,00000,全国,1984000000,1984年,円
8531,1,全世帯,010,第９階級,165,（財・サービス区分の保健医療）,00415,3大都市圏平均,1984000000,1984年,円
692,1,全世帯,010,第９階級,166,（財・サービス区分「保健医療」の耐久財）,00000,全国,1984000000,1984年,円
840,1,全世帯,010,第９階級,166,（財・サービス区分「保健医療」の耐久財）,00415,3大都市圏平均,1984000000,1984年,円
368,1,全世帯,010,第９階級,167,（財・サービス区分「保健医療」の半耐久財）,00000,全国,1984000000,1984年,円
310,1,全世帯,010,第９階級,167,（財・サービス区分「保健医療」の半耐久財）,00415,3大都市圏平均,1984000000,1984年,円
2348,1,全世帯,010,第９階級,168,（財・サービス区分「保健医療」の非耐久財）,00000,全国,1984000000,1984年,円
2411,1,全世帯,010,第９階級,168,（財・サービス区分「保健医療」の非耐久財）,00415,3大都市圏平均,1984000000,1984年,円
4529,1,全世帯,010,第９階級,169,（財・サービス区分「保健医療」のサービス）,00000,全国,1984000000,1984年,円
4970,1,全世帯,010,第９階級,169,（財・サービス区分「保健医療」のサービス）,00415,3大都市圏平均,1984000000,1984年,円
36096,1,全世帯,010,第９階級,170,（財・サービス区分の交通通信）,00000,全国,1984000000,1984年,円
34798,1,全世帯,010,第９階級,170,（財・サービス区分の交通通信）,00415,3大都市圏平均,1984000000,1984年,円
7373,1,全世帯,010,第９階級,171,（財・サービス区分「交通通信」の耐久財）,00000,全国,1984000000,1984年,円
5680,1,全世帯,010,第９階級,171,（財・サービス区分「交通通信」の耐久財）,00415,3大都市圏平均,1984000000,1984年,円
574,1,全世帯,010,第９階級,172,（財・サービス区分「交通通信」の半耐久財）,00000,全国,1984000000,1984年,円
530,1,全世帯,010,第９階級,172,（財・サービス区分「交通通信」の半耐久財）,00415,3大都市圏平均,1984000000,1984年,円
7196,1,全世帯,010,第９階級,173,（財・サービス区分「交通通信」の非耐久財）,00000,全国,1984000000,1984年,円
5397,1,全世帯,010,第９階級,173,（財・サービス区分「交通通信」の非耐久財）,00415,3大都市圏平均,1984000000,1984年,円
20954,1,全世帯,010,第９階級,174,（財・サービス区分「交通通信」のサービス）,00000,全国,1984000000,1984年,円
23192,1,全世帯,010,第９階級,174,（財・サービス区分「交通通信」のサービス）,00415,3大都市圏平均,1984000000,1984年,円
15380,1,全世帯,010,第９階級,175,（財・サービス区分の教育）,00000,全国,1984000000,1984年,円
20225,1,全世帯,010,第９階級,175,（財・サービス区分の教育）,00415,3大都市圏平均,1984000000,1984年,円
586,1,全世帯,010,第９階級,176,（財・サービス区分「教育」の非耐久財）,00000,全国,1984000000,1984年,円
646,1,全世帯,010,第９階級,176,（財・サービス区分「教育」の非耐久財）,00415,3大都市圏平均,1984000000,1984年,円
14794,1,全世帯,010,第９階級,177,（財・サービス区分「教育」のサービス）,00000,全国,1984000000,1984年,円
19579,1,全世帯,010,第９階級,177,（財・サービス区分「教育」のサービス）,00415,3大都市圏平均,1984000000,1984年,円
31814,1,全世帯,010,第９階級,178,（財・サービス区分の教養娯楽）,00000,全国,1984000000,1984年,円
35606,1,全世帯,010,第９階級,178,（財・サービス区分の教養娯楽）,00415,3大都市圏平均,1984000000,1984年,円
2754,1,全世帯,010,第９階級,179,（財・サービス区分「教養娯楽」の耐久財）,00000,全国,1984000000,1984年,円
3222,1,全世帯,010,第９階級,179,（財・サービス区分「教養娯楽」の耐久財）,00415,3大都市圏平均,1984000000,1984年,円
5303,1,全世帯,010,第９階級,180,（財・サービス区分「教養娯楽」の半耐久財）,00000,全国,1984000000,1984年,円
5652,1,全世帯,010,第９階級,180,（財・サービス区分「教養娯楽」の半耐久財）,00415,3大都市圏平均,1984000000,1984年,円
5764,1,全世帯,010,第９階級,181,（財・サービス区分「教養娯楽」の非耐久財）,00000,全国,1984000000,1984年,円
6349,1,全世帯,010,第９階級,181,（財・サービス区分「教養娯楽」の非耐久財）,00415,3大都市圏平均,1984000000,1984年,円
17993,1,全世帯,010,第９階級,182,（財・サービス区分「教養娯楽」のサービス）,00000,全国,1984000000,1984年,円
20383,1,全世帯,010,第９階級,182,（財・サービス区分「教養娯楽」のサービス）,00415,3大都市圏平均,1984000000,1984年,円
22617,1,全世帯,010,第９階級,183,（財・サービス区分の諸雑費）,00000,全国,1984000000,1984年,円
24862,1,全世帯,010,第９階級,183,（財・サービス区分の諸雑費）,00415,3大都市圏平均,1984000000,1984年,円
233,1,全世帯,010,第９階級,184,（財・サービス区分「諸雑費」の耐久財）,00000,全国,1984000000,1984年,円
268,1,全世帯,010,第９階級,184,（財・サービス区分「諸雑費」の耐久財）,00415,3大都市圏平均,1984000000,1984年,円
2762,1,全世帯,010,第９階級,185,（財・サービス区分「諸雑費」の半耐久財）,00000,全国,1984000000,1984年,円
3134,1,全世帯,010,第９階級,185,（財・サービス区分「諸雑費」の半耐久財）,00415,3大都市圏平均,1984000000,1984年,円
5373,1,全世帯,010,第９階級,186,（財・サービス区分「諸雑費」の非耐久財）,00000,全国,1984000000,1984年,円
5473,1,全世帯,010,第９階級,186,（財・サービス区分「諸雑費」の非耐久財）,00415,3大都市圏平均,1984000000,1984年,円
14249,1,全世帯,010,第９階級,187,（財・サービス区分「諸雑費」のサービス）,00000,全国,1984000000,1984年,円
15987,1,全世帯,010,第９階級,187,（財・サービス区分「諸雑費」のサービス）,00415,3大都市圏平均,1984000000,1984年,円
89552,1,全世帯,010,第９階級,188,（（特掲）五大費目）,00000,全国,1984000000,1984年,円
98408,1,全世帯,010,第９階級,188,（（特掲）五大費目）,00415,3大都市圏平均,1984000000,1984年,円
24170,1,全世帯,010,第９階級,189,（（特掲）五大費目）,00000,全国,1984000000,1984年,円
26184,1,全世帯,010,第９階級,189,（（特掲）五大費目）,00415,3大都市圏平均,1984000000,1984年,円
15418,1,全世帯,010,第９階級,190,（（特掲）五大費目）,00000,全国,1984000000,1984年,円
15590,1,全世帯,010,第９階級,190,（（特掲）五大費目）,00415,3大都市圏平均,1984000000,1984年,円
30217,1,全世帯,010,第９階級,191,（（特掲）五大費目）,00000,全国,1984000000,1984年,円
32143,1,全世帯,010,第９階級,191,（（特掲）五大費目）,00415,3大都市圏平均,1984000000,1984年,円
188518,1,全世帯,010,第９階級,192,（（特掲）五大費目）,00000,全国,1984000000,1984年,円
195366,1,全世帯,010,第９階級,192,（（特掲）五大費目）,00415,3大都市圏平均,1984000000,1984年,円
20007,1,全世帯,010,第９階級,193,現物支出（総額）,00000,全国,1984000000,1984年,円
18989,1,全世帯,010,第９階級,193,現物支出（総額）,00415,3大都市圏平均,1984000000,1984年,円
3451,1,全世帯,010,第９階級,194,（現物支出の自家産物）,00000,全国,1984000000,1984年,円
1302,1,全世帯,010,第９階級,194,（現物支出の自家産物）,00415,3大都市圏平均,1984000000,1984年,円
16555,1,全世帯,010,第９階級,195,（現物支出の自家産物以外）,00000,全国,1984000000,1984年,円
17687,1,全世帯,010,第９階級,195,（現物支出の自家産物以外）,00415,3大都市圏平均,1984000000,1984年,円
14688,1,全世帯,010,第９階級,196,（現物支出の食料）,00000,全国,1984000000,1984年,円
13337,1,全世帯,010,第９階級,196,（現物支出の食料）,00415,3大都市圏平均,1984000000,1984年,円
3215,1,全世帯,010,第９階級,197,（現物支出「食料」の自家産物）,00000,全国,1984000000,1984年,円
1202,1,全世帯,010,第９階級,197,（現物支出「食料」の自家産物）,00415,3大都市圏平均,1984000000,1984年,円
11473,1,全世帯,010,第９階級,198,その他（受贈物等）（現物支出「食料」の自家産物以外）,00000,全国,1984000000,1984年,円
12136,1,全世帯,010,第９階級,198,その他（受贈物等）（現物支出「食料」の自家産物以外）,00415,3大都市圏平均,1984000000,1984年,円
31,1,全世帯,010,第９階級,199,（現物支出の住居）,00000,全国,1984000000,1984年,円
11,1,全世帯,010,第９階級,199,（現物支出の住居）,00415,3大都市圏平均,1984000000,1984年,円
63,1,全世帯,010,第９階級,200,（現物支出の光熱・水道）,00000,全国,1984000000,1984年,円
35,1,全世帯,010,第９階級,200,（現物支出の光熱・水道）,00415,3大都市圏平均,1984000000,1984年,円
1613,1,全世帯,010,第９階級,201,（現物支出の家具・家事用品）,00000,全国,1984000000,1984年,円
1676,1,全世帯,010,第９階級,201,（現物支出の家具・家事用品）,00415,3大都市圏平均,1984000000,1984年,円
1151,1,全世帯,010,第９階級,202,（現物支出の被服及び履物）,00000,全国,1984000000,1984年,円
1194,1,全世帯,010,第９階級,202,（現物支出の被服及び履物）,00415,3大都市圏平均,1984000000,1984年,円
72,1,全世帯,010,第９階級,203,（現物支出の保健医療）,00000,全国,1984000000,1984年,円
117,1,全世帯,010,第９階級,203,（現物支出の保健医療）,00415,3大都市圏平均,1984000000,1984年,円
582,1,全世帯,010,第９階級,204,（現物支出の交通通信）,00000,全国,1984000000,1984年,円
974,1,全世帯,010,第９階級,204,（現物支出の交通通信）,00415,3大都市圏平均,1984000000,1984年,円
0,1,全世帯,010,第９階級,205,（現物支出の教育）,00000,全国,1984000000,1984年,円
0,1,全世帯,010,第９階級,205,（現物支出の教育）,00415,3大都市圏平均,1984000000,1984年,円
682,1,全世帯,010,第９階級,206,（現物支出の教養娯楽）,00000,全国,1984000000,1984年,円
772,1,全世帯,010,第９階級,206,（現物支出の教養娯楽）,00415,3大都市圏平均,1984000000,1984年,円
1123,1,全世帯,010,第９階級,207,（現物支出のその他の消費支出）,00000,全国,1984000000,1984年,円
871,1,全世帯,010,第９階級,207,（現物支出のその他の消費支出）,00415,3大都市圏平均,1984000000,1984年,円
229,1,全世帯,010,第９階級,208,（現物支出の交際費（自家産物の贈与））,00000,全国,1984000000,1984年,円
94,1,全世帯,010,第９階級,208,（現物支出の交際費（自家産物の贈与））,00415,3大都市圏平均,1984000000,1984年,円
37394,1,全世帯,010,第９階級,209,〔持家の帰属家賃〕,00000,全国,1984000000,1984年,円
46037,1,全世帯,010,第９階級,209,〔持家の帰属家賃〕,00415,3大都市圏平均,1984000000,1984年,円
25.7,1,全世帯,010,第９階級,210,エンゲル係数（％）,00000,全国,1984000000,1984年,％
26.8,1,全世帯,010,第９階級,210,エンゲル係数（％）,00415,3大都市圏平均,1984000000,1984年,％
9567,1,全世帯,010,第９階級,211,貯蓄現在高（千円）,00000,全国,1984000000,1984年,千円
11365,1,全世帯,010,第９階級,211,貯蓄現在高（千円）,00415,3大都市圏平均,1984000000,1984年,千円
639,1,全世帯,010,第９階級,212,通貨性預貯金（千円）,00000,全国,1984000000,1984年,千円
666,1,全世帯,010,第９階級,212,通貨性預貯金（千円）,00415,3大都市圏平均,1984000000,1984年,千円
4563,1,全世帯,010,第９階級,213,定期性預貯金（千円）,00000,全国,1984000000,1984年,千円
5023,1,全世帯,010,第９階級,213,定期性預貯金（千円）,00415,3大都市圏平均,1984000000,1984年,千円
1698,1,全世帯,010,第９階級,214,生命保険（千円）,00000,全国,1984000000,1984年,千円
1773,1,全世帯,010,第９階級,214,生命保険（千円）,00415,3大都市圏平均,1984000000,1984年,千円
2197,1,全世帯,010,第９階級,215,有価証券（千円）,00000,全国,1984000000,1984年,千円
3293,1,全世帯,010,第９階級,215,有価証券（千円）,00415,3大都市圏平均,1984000000,1984年,千円
3956,1,全世帯,010,第９階級,216,負債現在高（千円）,00000,全国,1984000000,1984年,千円
4900,1,全世帯,010,第９階級,216,負債現在高（千円）,00415,3大都市圏平均,1984000000,1984年,千円
3554,1,全世帯,010,第９階級,217,うち住宅・土地のため（千円）,00000,全国,1984000000,1984年,千円
4510,1,全世帯,010,第９階級,217,うち住宅・土地のため（千円）,00415,3大都市圏平均,1984000000,1984年,千円
64.9,1,全世帯,010,第９階級,218,負債保有率（％）,00000,全国,1984000000,1984年,％
63.4,1,全世帯,010,第９階級,218,負債保有率（％）,00415,3大都市圏平均,1984000000,1984年,％
51.5,1,全世帯,010,第９階級,219,うち住宅・土地のため（％）,00000,全国,1984000000,1984年,％
53,1,全世帯,010,第９階級,219,うち住宅・土地のため（％）,00415,3大都市圏平均,1984000000,1984年,％
4784,1,全世帯,011,第１０階級,001,集計世帯数,00000,全国,1984000000,1984年,世帯
1816,1,全世帯,011,第１０階級,001,集計世帯数,00415,3大都市圏平均,1984000000,1984年,世帯
81591,1,全世帯,011,第１０階級,002,世帯数分布（抽出率調整）,00000,全国,1984000000,1984年,世帯
37409,1,全世帯,011,第１０階級,002,世帯数分布（抽出率調整）,00415,3大都市圏平均,1984000000,1984年,世帯
1000,1,全世帯,011,第１０階級,003,（１万分比）,00000,全国,1984000000,1984年,
1000,1,全世帯,011,第１０階級,003,（１万分比）,00415,3大都市圏平均,1984000000,1984年,
4.32,1,全世帯,011,第１０階級,004,世帯人員（人）,00000,全国,1984000000,1984年,人
4.21,1,全世帯,011,第１０階級,004,世帯人員（人）,00415,3大都市圏平均,1984000000,1984年,人
2.21,1,全世帯,011,第１０階級,005,有業人員（人）,00000,全国,1984000000,1984年,人
2.04,1,全世帯,011,第１０階級,005,有業人員（人）,00415,3大都市圏平均,1984000000,1984年,人
51.5,1,全世帯,011,第１０階級,006,世帯主の年齢（歳）,00000,全国,1984000000,1984年,歳
51.6,1,全世帯,011,第１０階級,006,世帯主の年齢（歳）,00415,3大都市圏平均,1984000000,1984年,歳
92.3,1,全世帯,011,第１０階級,007,持家率（％）,00000,全国,1984000000,1984年,％
91.5,1,全世帯,011,第１０階級,007,持家率（％）,00415,3大都市圏平均,1984000000,1984年,％
6.8,1,全世帯,011,第１０階級,008,居住室数（室）,00000,全国,1984000000,1984年,室
6.5,1,全世帯,011,第１０階級,008,居住室数（室）,00415,3大都市圏平均,1984000000,1984年,室
10.1,1,全世帯,011,第１０階級,009,家賃・地代を支払っている世帯割合（％）,00000,全国,1984000000,1984年,％
12.1,1,全世帯,011,第１０階級,009,家賃・地代を支払っている世帯割合（％）,00415,3大都市圏平均,1984000000,1984年,％
12203,1,全世帯,011,第１０階級,010,年間収入（千円）,00000,全国,1984000000,1984年,千円
13149,1,全世帯,011,第１０階級,010,年間収入（千円）,00415,3大都市圏平均,1984000000,1984年,千円
426145,1,全世帯,011,第１０階級,011,消費支出,00000,全国,1984000000,1984年,円
457358,1,全世帯,011,第１０階級,011,消費支出,00415,3大都市圏平均,1984000000,1984年,円
100463,1,全世帯,011,第１０階級,012,食料,00000,全国,1984000000,1984年,円
108342,1,全世帯,011,第１０階級,012,食料,00415,3大都市圏平均,1984000000,1984年,円
10738,1,全世帯,011,第１０階級,013,穀類,00000,全国,1984000000,1984年,円
11608,1,全世帯,011,第１０階級,013,穀類,00415,3大都市圏平均,1984000000,1984年,円
6618,1,全世帯,011,第１０階級,014,米類,00000,全国,1984000000,1984年,円
6993,1,全世帯,011,第１０階級,014,米類,00415,3大都市圏平均,1984000000,1984年,円
2377,1,全世帯,011,第１０階級,015,パン,00000,全国,1984000000,1984年,円
2757,1,全世帯,011,第１０階級,015,パン,00415,3大都市圏平均,1984000000,1984年,円
1376,1,全世帯,011,第１０階級,016,めん類,00000,全国,1984000000,1984年,円
1452,1,全世帯,011,第１０階級,016,めん類,00415,3大都市圏平均,1984000000,1984年,円
367,1,全世帯,011,第１０階級,017,穀粉・その他,00000,全国,1984000000,1984年,円
405,1,全世帯,011,第１０階級,017,穀粉・その他,00415,3大都市圏平均,1984000000,1984年,円
15243,1,全世帯,011,第１０階級,018,魚介類,00000,全国,1984000000,1984年,円
15507,1,全世帯,011,第１０階級,018,魚介類,00415,3大都市圏平均,1984000000,1984年,円
10597,1,全世帯,011,第１０階級,019,生鮮魚介,00000,全国,1984000000,1984年,円
10680,1,全世帯,011,第１０階級,019,生鮮魚介,00415,3大都市圏平均,1984000000,1984年,円
2985,1,全世帯,011,第１０階級,020,塩干魚介,00000,全国,1984000000,1984年,円
3101,1,全世帯,011,第１０階級,020,塩干魚介,00415,3大都市圏平均,1984000000,1984年,円
980,1,全世帯,011,第１０階級,021,魚肉練製品,00000,全国,1984000000,1984年,円
992,1,全世帯,011,第１０階級,021,魚肉練製品,00415,3大都市圏平均,1984000000,1984年,円
682,1,全世帯,011,第１０階級,022,他の魚介加工品,00000,全国,1984000000,1984年,円
734,1,全世帯,011,第１０階級,022,他の魚介加工品,00415,3大都市圏平均,1984000000,1984年,円
12369,1,全世帯,011,第１０階級,023,肉類,00000,全国,1984000000,1984年,円
14006,1,全世帯,011,第１０階級,023,肉類,00415,3大都市圏平均,1984000000,1984年,円
10622,1,全世帯,011,第１０階級,024,生鮮肉,00000,全国,1984000000,1984年,円
11978,1,全世帯,011,第１０階級,024,生鮮肉,00415,3大都市圏平均,1984000000,1984年,円
1747,1,全世帯,011,第１０階級,025,加工肉,00000,全国,1984000000,1984年,円
2027,1,全世帯,011,第１０階級,025,加工肉,00415,3大都市圏平均,1984000000,1984年,円
4772,1,全世帯,011,第１０階級,026,乳卵類,00000,全国,1984000000,1984年,円
4941,1,全世帯,011,第１０階級,026,乳卵類,00415,3大都市圏平均,1984000000,1984年,円
2507,1,全世帯,011,第１０階級,027,牛乳,00000,全国,1984000000,1984年,円
2523,1,全世帯,011,第１０階級,027,牛乳,00415,3大都市圏平均,1984000000,1984年,円
773,1,全世帯,011,第１０階級,028,乳製品,00000,全国,1984000000,1984年,円
895,1,全世帯,011,第１０階級,028,乳製品,00415,3大都市圏平均,1984000000,1984年,円
1492,1,全世帯,011,第１０階級,029,卵,00000,全国,1984000000,1984年,円
1523,1,全世帯,011,第１０階級,029,卵,00415,3大都市圏平均,1984000000,1984年,円
12163,1,全世帯,011,第１０階級,030,野菜・海草,00000,全国,1984000000,1984年,円
13363,1,全世帯,011,第１０階級,030,野菜・海草,00415,3大都市圏平均,1984000000,1984年,円
8549,1,全世帯,011,第１０階級,031,生鮮野菜,00000,全国,1984000000,1984年,円
9590,1,全世帯,011,第１０階級,031,生鮮野菜,00415,3大都市圏平均,1984000000,1984年,円
878,1,全世帯,011,第１０階級,032,乾物・海草,00000,全国,1984000000,1984年,円
883,1,全世帯,011,第１０階級,032,乾物・海草,00415,3大都市圏平均,1984000000,1984年,円
1285,1,全世帯,011,第１０階級,033,大豆加工品,00000,全国,1984000000,1984年,円
1317,1,全世帯,011,第１０階級,033,大豆加工品,00415,3大都市圏平均,1984000000,1984年,円
1451,1,全世帯,011,第１０階級,034,他の野菜・海草加工品,00000,全国,1984000000,1984年,円
1573,1,全世帯,011,第１０階級,034,他の野菜・海草加工品,00415,3大都市圏平均,1984000000,1984年,円
6172,1,全世帯,011,第１０階級,035,果物,00000,全国,1984000000,1984年,円
6378,1,全世帯,011,第１０階級,035,果物,00415,3大都市圏平均,1984000000,1984年,円
6070,1,全世帯,011,第１０階級,036,生鮮果物,00000,全国,1984000000,1984年,円
6273,1,全世帯,011,第１０階級,036,生鮮果物,00415,3大都市圏平均,1984000000,1984年,円
102,1,全世帯,011,第１０階級,037,果物加工品,00000,全国,1984000000,1984年,円
105,1,全世帯,011,第１０階級,037,果物加工品,00415,3大都市圏平均,1984000000,1984年,円
3507,1,全世帯,011,第１０階級,038,油脂・調味料,00000,全国,1984000000,1984年,円
3544,1,全世帯,011,第１０階級,038,油脂・調味料,00415,3大都市圏平均,1984000000,1984年,円
473,1,全世帯,011,第１０階級,039,油脂,00000,全国,1984000000,1984年,円
472,1,全世帯,011,第１０階級,039,油脂,00415,3大都市圏平均,1984000000,1984年,円
3034,1,全世帯,011,第１０階級,040,調味料,00000,全国,1984000000,1984年,円
3072,1,全世帯,011,第１０階級,040,調味料,00415,3大都市圏平均,1984000000,1984年,円
6343,1,全世帯,011,第１０階級,041,菓子類,00000,全国,1984000000,1984年,円
6677,1,全世帯,011,第１０階級,041,菓子類,00415,3大都市圏平均,1984000000,1984年,円
4225,1,全世帯,011,第１０階級,042,調理食品,00000,全国,1984000000,1984年,円
4724,1,全世帯,011,第１０階級,042,調理食品,00415,3大都市圏平均,1984000000,1984年,円
1046,1,全世帯,011,第１０階級,043,主食的調理食品,00000,全国,1984000000,1984年,円
1188,1,全世帯,011,第１０階級,043,主食的調理食品,00415,3大都市圏平均,1984000000,1984年,円
3179,1,全世帯,011,第１０階級,044,他の調理食品,00000,全国,1984000000,1984年,円
3536,1,全世帯,011,第１０階級,044,他の調理食品,00415,3大都市圏平均,1984000000,1984年,円
2854,1,全世帯,011,第１０階級,045,飲料,00000,全国,1984000000,1984年,円
2990,1,全世帯,011,第１０階級,045,飲料,00415,3大都市圏平均,1984000000,1984年,円
657,1,全世帯,011,第１０階級,046,茶類,00000,全国,1984000000,1984年,円
740,1,全世帯,011,第１０階級,046,茶類,00415,3大都市圏平均,1984000000,1984年,円
563,1,全世帯,011,第１０階級,047,コーヒー・ココア,00000,全国,1984000000,1984年,円
606,1,全世帯,011,第１０階級,047,コーヒー・ココア,00415,3大都市圏平均,1984000000,1984年,円
1634,1,全世帯,011,第１０階級,048,他の飲料,00000,全国,1984000000,1984年,円
1643,1,全世帯,011,第１０階級,048,他の飲料,00415,3大都市圏平均,1984000000,1984年,円
4226,1,全世帯,011,第１０階級,049,酒類,00000,全国,1984000000,1984年,円
4268,1,全世帯,011,第１０階級,049,酒類,00415,3大都市圏平均,1984000000,1984年,円
17849,1,全世帯,011,第１０階級,050,外食,00000,全国,1984000000,1984年,円
20336,1,全世帯,011,第１０階級,050,外食,00415,3大都市圏平均,1984000000,1984年,円
16444,1,全世帯,011,第１０階級,051,一般外食,00000,全国,1984000000,1984年,円
19100,1,全世帯,011,第１０階級,051,一般外食,00415,3大都市圏平均,1984000000,1984年,円
1405,1,全世帯,011,第１０階級,052,学校給食,00000,全国,1984000000,1984年,円
1236,1,全世帯,011,第１０階級,052,学校給食,00415,3大都市圏平均,1984000000,1984年,円
13204,1,全世帯,011,第１０階級,053,住居,00000,全国,1984000000,1984年,円
14745,1,全世帯,011,第１０階級,053,住居,00415,3大都市圏平均,1984000000,1984年,円
2926,1,全世帯,011,第１０階級,054,家賃・地代,00000,全国,1984000000,1984年,円
4353,1,全世帯,011,第１０階級,054,家賃・地代,00415,3大都市圏平均,1984000000,1984年,円
10278,1,全世帯,011,第１０階級,055,設備修繕・維持,00000,全国,1984000000,1984年,円
10392,1,全世帯,011,第１０階級,055,設備修繕・維持,00415,3大都市圏平均,1984000000,1984年,円
1252,1,全世帯,011,第１０階級,056,設備材料,00000,全国,1984000000,1984年,円
1320,1,全世帯,011,第１０階級,056,設備材料,00415,3大都市圏平均,1984000000,1984年,円
9026,1,全世帯,011,第１０階級,057,工事その他のサービス,00000,全国,1984000000,1984年,円
9072,1,全世帯,011,第１０階級,057,工事その他のサービス,00415,3大都市圏平均,1984000000,1984年,円
21428,1,全世帯,011,第１０階級,058,光熱・水道,00000,全国,1984000000,1984年,円
22382,1,全世帯,011,第１０階級,058,光熱・水道,00415,3大都市圏平均,1984000000,1984年,円
10704,1,全世帯,011,第１０階級,059,電気代,00000,全国,1984000000,1984年,円
10790,1,全世帯,011,第１０階級,059,電気代,00415,3大都市圏平均,1984000000,1984年,円
5202,1,全世帯,011,第１０階級,060,ガス代,00000,全国,1984000000,1984年,円
5969,1,全世帯,011,第１０階級,060,ガス代,00415,3大都市圏平均,1984000000,1984年,円
1565,1,全世帯,011,第１０階級,061,他の光熱,00000,全国,1984000000,1984年,円
997,1,全世帯,011,第１０階級,061,他の光熱,00415,3大都市圏平均,1984000000,1984年,円
3956,1,全世帯,011,第１０階級,062,水道料,00000,全国,1984000000,1984年,円
4626,1,全世帯,011,第１０階級,062,水道料,00415,3大都市圏平均,1984000000,1984年,円
18452,1,全世帯,011,第１０階級,063,家具・家事用品,00000,全国,1984000000,1984年,円
19839,1,全世帯,011,第１０階級,063,家具・家事用品,00415,3大都市圏平均,1984000000,1984年,円
7251,1,全世帯,011,第１０階級,064,家庭用耐久財,00000,全国,1984000000,1984年,円
7961,1,全世帯,011,第１０階級,064,家庭用耐久財,00415,3大都市圏平均,1984000000,1984年,円
2630,1,全世帯,011,第１０階級,065,家事用耐久財,00000,全国,1984000000,1984年,円
2531,1,全世帯,011,第１０階級,065,家事用耐久財,00415,3大都市圏平均,1984000000,1984年,円
1944,1,全世帯,011,第１０階級,066,冷暖房用器具,00000,全国,1984000000,1984年,円
2252,1,全世帯,011,第１０階級,066,冷暖房用器具,00415,3大都市圏平均,1984000000,1984年,円
2677,1,全世帯,011,第１０階級,067,一般家具,00000,全国,1984000000,1984年,円
3178,1,全世帯,011,第１０階級,067,一般家具,00415,3大都市圏平均,1984000000,1984年,円
1999,1,全世帯,011,第１０階級,068,室内装備品,00000,全国,1984000000,1984年,円
1968,1,全世帯,011,第１０階級,068,室内装備品,00415,3大都市圏平均,1984000000,1984年,円
2495,1,全世帯,011,第１０階級,069,寝具類,00000,全国,1984000000,1984年,円
2826,1,全世帯,011,第１０階級,069,寝具類,00415,3大都市圏平均,1984000000,1984年,円
3185,1,全世帯,011,第１０階級,070,家事雑貨,00000,全国,1984000000,1984年,円
3544,1,全世帯,011,第１０階級,070,家事雑貨,00415,3大都市圏平均,1984000000,1984年,円
2089,1,全世帯,011,第１０階級,071,家事用消耗品,00000,全国,1984000000,1984年,円
2191,1,全世帯,011,第１０階級,071,家事用消耗品,00415,3大都市圏平均,1984000000,1984年,円
1433,1,全世帯,011,第１０階級,072,家事サービス,00000,全国,1984000000,1984年,円
1348,1,全世帯,011,第１０階級,072,家事サービス,00415,3大都市圏平均,1984000000,1984年,円
38692,1,全世帯,011,第１０階級,073,被服及び履物,00000,全国,1984000000,1984年,円
41943,1,全世帯,011,第１０階級,073,被服及び履物,00415,3大都市圏平均,1984000000,1984年,円
5494,1,全世帯,011,第１０階級,074,和服,00000,全国,1984000000,1984年,円
4552,1,全世帯,011,第１０階級,074,和服,00415,3大都市圏平均,1984000000,1984年,円
14826,1,全世帯,011,第１０階級,075,洋服,00000,全国,1984000000,1984年,円
17009,1,全世帯,011,第１０階級,075,洋服,00415,3大都市圏平均,1984000000,1984年,円
5575,1,全世帯,011,第１０階級,076,男子洋服,00000,全国,1984000000,1984年,円
6593,1,全世帯,011,第１０階級,076,男子洋服,00415,3大都市圏平均,1984000000,1984年,円
8323,1,全世帯,011,第１０階級,077,婦人洋服,00000,全国,1984000000,1984年,円
9561,1,全世帯,011,第１０階級,077,婦人洋服,00415,3大都市圏平均,1984000000,1984年,円
928,1,全世帯,011,第１０階級,078,子供洋服,00000,全国,1984000000,1984年,円
855,1,全世帯,011,第１０階級,078,子供洋服,00415,3大都市圏平均,1984000000,1984年,円
5862,1,全世帯,011,第１０階級,079,シャツ・セーター類,00000,全国,1984000000,1984年,円
6436,1,全世帯,011,第１０階級,079,シャツ・セーター類,00415,3大都市圏平均,1984000000,1984年,円
2100,1,全世帯,011,第１０階級,080,男子シャツ・セーター類,00000,全国,1984000000,1984年,円
2341,1,全世帯,011,第１０階級,080,男子シャツ・セーター類,00415,3大都市圏平均,1984000000,1984年,円
3395,1,全世帯,011,第１０階級,081,婦人シャツ・セーター類,00000,全国,1984000000,1984年,円
3723,1,全世帯,011,第１０階級,081,婦人シャツ・セーター類,00415,3大都市圏平均,1984000000,1984年,円
367,1,全世帯,011,第１０階級,082,子供シャツ・セーター類,00000,全国,1984000000,1984年,円
372,1,全世帯,011,第１０階級,082,子供シャツ・セーター類,00415,3大都市圏平均,1984000000,1984年,円
2412,1,全世帯,011,第１０階級,083,下着類,00000,全国,1984000000,1984年,円
2439,1,全世帯,011,第１０階級,083,下着類,00415,3大都市圏平均,1984000000,1984年,円
1009,1,全世帯,011,第１０階級,084,男子下着類,00000,全国,1984000000,1984年,円
1032,1,全世帯,011,第１０階級,084,男子下着類,00415,3大都市圏平均,1984000000,1984年,円
1158,1,全世帯,011,第１０階級,085,婦人下着類,00000,全国,1984000000,1984年,円
1187,1,全世帯,011,第１０階級,085,婦人下着類,00415,3大都市圏平均,1984000000,1984年,円
246,1,全世帯,011,第１０階級,086,子供下着類,00000,全国,1984000000,1984年,円
219,1,全世帯,011,第１０階級,086,子供下着類,00415,3大都市圏平均,1984000000,1984年,円
2138,1,全世帯,011,第１０階級,087,生地・糸類,00000,全国,1984000000,1984年,円
2701,1,全世帯,011,第１０階級,087,生地・糸類,00415,3大都市圏平均,1984000000,1984年,円
1798,1,全世帯,011,第１０階級,088,他の被服,00000,全国,1984000000,1984年,円
1904,1,全世帯,011,第１０階級,088,他の被服,00415,3大都市圏平均,1984000000,1984年,円
3003,1,全世帯,011,第１０階級,089,履物類,00000,全国,1984000000,1984年,円
3169,1,全世帯,011,第１０階級,089,履物類,00415,3大都市圏平均,1984000000,1984年,円
3160,1,全世帯,011,第１０階級,090,被服関連サービス,00000,全国,1984000000,1984年,円
3732,1,全世帯,011,第１０階級,090,被服関連サービス,00415,3大都市圏平均,1984000000,1984年,円
10099,1,全世帯,011,第１０階級,091,保健医療,00000,全国,1984000000,1984年,円
11807,1,全世帯,011,第１０階級,091,保健医療,00415,3大都市圏平均,1984000000,1984年,円
2286,1,全世帯,011,第１０階級,092,医薬品,00000,全国,1984000000,1984年,円
2365,1,全世帯,011,第１０階級,092,医薬品,00415,3大都市圏平均,1984000000,1984年,円
2025,1,全世帯,011,第１０階級,093,保健医療用品・器具,00000,全国,1984000000,1984年,円
2232,1,全世帯,011,第１０階級,093,保健医療用品・器具,00415,3大都市圏平均,1984000000,1984年,円
5788,1,全世帯,011,第１０階級,094,保健医療サービス,00000,全国,1984000000,1984年,円
7210,1,全世帯,011,第１０階級,094,保健医療サービス,00415,3大都市圏平均,1984000000,1984年,円
42496,1,全世帯,011,第１０階級,095,交通通信,00000,全国,1984000000,1984年,円
43727,1,全世帯,011,第１０階級,095,交通通信,00415,3大都市圏平均,1984000000,1984年,円
9728,1,全世帯,011,第１０階級,096,交通,00000,全国,1984000000,1984年,円
12213,1,全世帯,011,第１０階級,096,交通,00415,3大都市圏平均,1984000000,1984年,円
23799,1,全世帯,011,第１０階級,097,自動車等関係費,00000,全国,1984000000,1984年,円
22043,1,全世帯,011,第１０階級,097,自動車等関係費,00415,3大都市圏平均,1984000000,1984年,円
9079,1,全世帯,011,第１０階級,098,自動車,00000,全国,1984000000,1984年,円
8677,1,全世帯,011,第１０階級,098,自動車,00415,3大都市圏平均,1984000000,1984年,円
328,1,全世帯,011,第１０階級,099,自転車,00000,全国,1984000000,1984年,円
447,1,全世帯,011,第１０階級,099,自転車,00415,3大都市圏平均,1984000000,1984年,円
14392,1,全世帯,011,第１０階級,100,自動車等維持,00000,全国,1984000000,1984年,円
12919,1,全世帯,011,第１０階級,100,自動車等維持,00415,3大都市圏平均,1984000000,1984年,円
8969,1,全世帯,011,第１０階級,101,通信,00000,全国,1984000000,1984年,円
9471,1,全世帯,011,第１０階級,101,通信,00415,3大都市圏平均,1984000000,1984年,円
19009,1,全世帯,011,第１０階級,102,教育,00000,全国,1984000000,1984年,円
25887,1,全世帯,011,第１０階級,102,教育,00415,3大都市圏平均,1984000000,1984年,円
14946,1,全世帯,011,第１０階級,103,授業料等,00000,全国,1984000000,1984年,円
20469,1,全世帯,011,第１０階級,103,授業料等,00415,3大都市圏平均,1984000000,1984年,円
486,1,全世帯,011,第１０階級,104,教科書・学習参考書,00000,全国,1984000000,1984年,円
572,1,全世帯,011,第１０階級,104,教科書・学習参考書,00415,3大都市圏平均,1984000000,1984年,円
3577,1,全世帯,011,第１０階級,105,補習教育,00000,全国,1984000000,1984年,円
4846,1,全世帯,011,第１０階級,105,補習教育,00415,3大都市圏平均,1984000000,1984年,円
37887,1,全世帯,011,第１０階級,106,教養娯楽,00000,全国,1984000000,1984年,円
41084,1,全世帯,011,第１０階級,106,教養娯楽,00415,3大都市圏平均,1984000000,1984年,円
3950,1,全世帯,011,第１０階級,107,教養娯楽用耐久財,00000,全国,1984000000,1984年,円
4044,1,全世帯,011,第１０階級,107,教養娯楽用耐久財,00415,3大都市圏平均,1984000000,1984年,円
7169,1,全世帯,011,第１０階級,108,教養娯楽用品,00000,全国,1984000000,1984年,円
7651,1,全世帯,011,第１０階級,108,教養娯楽用品,00415,3大都市圏平均,1984000000,1984年,円
5455,1,全世帯,011,第１０階級,109,書籍・他の印刷物,00000,全国,1984000000,1984年,円
5827,1,全世帯,011,第１０階級,109,書籍・他の印刷物,00415,3大都市圏平均,1984000000,1984年,円
21313,1,全世帯,011,第１０階級,110,教養娯楽サービス,00000,全国,1984000000,1984年,円
23563,1,全世帯,011,第１０階級,110,教養娯楽サービス,00415,3大都市圏平均,1984000000,1984年,円
1071,1,全世帯,011,第１０階級,111,宿泊料,00000,全国,1984000000,1984年,円
1394,1,全世帯,011,第１０階級,111,宿泊料,00415,3大都市圏平均,1984000000,1984年,円
6836,1,全世帯,011,第１０階級,112,パック旅行,00000,全国,1984000000,1984年,円
6529,1,全世帯,011,第１０階級,112,パック旅行,00415,3大都市圏平均,1984000000,1984年,円
5813,1,全世帯,011,第１０階級,113,月謝類,00000,全国,1984000000,1984年,円
6965,1,全世帯,011,第１０階級,113,月謝類,00415,3大都市圏平均,1984000000,1984年,円
7593,1,全世帯,011,第１０階級,114,他の教養娯楽サービス,00000,全国,1984000000,1984年,円
8674,1,全世帯,011,第１０階級,114,他の教養娯楽サービス,00415,3大都市圏平均,1984000000,1984年,円
124418,1,全世帯,011,第１０階級,115,その他の消費支出,00000,全国,1984000000,1984年,円
127603,1,全世帯,011,第１０階級,115,その他の消費支出,00415,3大都市圏平均,1984000000,1984年,円
27719,1,全世帯,011,第１０階級,116,諸雑費,00000,全国,1984000000,1984年,円
28908,1,全世帯,011,第１０階級,116,諸雑費,00415,3大都市圏平均,1984000000,1984年,円
3826,1,全世帯,011,第１０階級,117,理美容サービス,00000,全国,1984000000,1984年,円
4008,1,全世帯,011,第１０階級,117,理美容サービス,00415,3大都市圏平均,1984000000,1984年,円
4238,1,全世帯,011,第１０階級,118,理美容用品,00000,全国,1984000000,1984年,円
4213,1,全世帯,011,第１０階級,118,理美容用品,00415,3大都市圏平均,1984000000,1984年,円
4336,1,全世帯,011,第１０階級,119,身の回り用品,00000,全国,1984000000,1984年,円
5406,1,全世帯,011,第１０階級,119,身の回り用品,00415,3大都市圏平均,1984000000,1984年,円
2040,1,全世帯,011,第１０階級,120,たばこ,00000,全国,1984000000,1984年,円
1737,1,全世帯,011,第１０階級,120,たばこ,00415,3大都市圏平均,1984000000,1984年,円
13278,1,全世帯,011,第１０階級,121,（「諸雑費」のその他）,00000,全国,1984000000,1984年,円
13544,1,全世帯,011,第１０階級,121,（「諸雑費」のその他）,00415,3大都市圏平均,1984000000,1984年,円
40732,1,全世帯,011,第１０階級,122,こづかい（使途不明）,00000,全国,1984000000,1984年,円
48096,1,全世帯,011,第１０階級,122,こづかい（使途不明）,00415,3大都市圏平均,1984000000,1984年,円
39108,1,全世帯,011,第１０階級,123,交際費,00000,全国,1984000000,1984年,円
39264,1,全世帯,011,第１０階級,123,交際費,00415,3大都市圏平均,1984000000,1984年,円
9139,1,全世帯,011,第１０階級,124,（「交際費」の食料）,00000,全国,1984000000,1984年,円
9203,1,全世帯,011,第１０階級,124,（「交際費」の食料）,00415,3大都市圏平均,1984000000,1984年,円
1286,1,全世帯,011,第１０階級,125,家具・家事用品（「交際費」の家具・家事用品）,00000,全国,1984000000,1984年,円
1357,1,全世帯,011,第１０階級,125,家具・家事用品（「交際費」の家具・家事用品）,00415,3大都市圏平均,1984000000,1984年,円
1950,1,全世帯,011,第１０階級,126,被服及び履物（「交際費」の被服及び履物）,00000,全国,1984000000,1984年,円
1914,1,全世帯,011,第１０階級,126,被服及び履物（「交際費」の被服及び履物）,00415,3大都市圏平均,1984000000,1984年,円
951,1,全世帯,011,第１０階級,127,（「交際費」の教養娯楽）,00000,全国,1984000000,1984年,円
1046,1,全世帯,011,第１０階級,127,（「交際費」の教養娯楽）,00415,3大都市圏平均,1984000000,1984年,円
977,1,全世帯,011,第１０階級,128,他の物品サービス,00000,全国,1984000000,1984年,円
1215,1,全世帯,011,第１０階級,128,他の物品サービス,00415,3大都市圏平均,1984000000,1984年,円
19434,1,全世帯,011,第１０階級,129,贈与金,00000,全国,1984000000,1984年,円
19361,1,全世帯,011,第１０階級,129,贈与金,00415,3大都市圏平均,1984000000,1984年,円
5371,1,全世帯,011,第１０階級,130,他の交際費,00000,全国,1984000000,1984年,円
5168,1,全世帯,011,第１０階級,130,他の交際費,00415,3大都市圏平均,1984000000,1984年,円
16859,1,全世帯,011,第１０階級,131,（「その他の消費支出」の仕送り金）,00000,全国,1984000000,1984年,円
11335,1,全世帯,011,第１０階級,131,（「その他の消費支出」の仕送り金）,00415,3大都市圏平均,1984000000,1984年,円
37398,1,全世帯,011,第１０階級,132,（再掲）教育関係費,00000,全国,1984000000,1984年,円
38846,1,全世帯,011,第１０階級,132,（再掲）教育関係費,00415,3大都市圏平均,1984000000,1984年,円
44692,1,全世帯,011,第１０階級,133,（再掲）教養娯楽関係費,00000,全国,1984000000,1984年,円
49033,1,全世帯,011,第１０階級,133,（再掲）教養娯楽関係費,00415,3大都市圏平均,1984000000,1984年,円
4544,1,全世帯,011,第１０階級,134,（「教養娯楽関係費」の耐久財）,00000,全国,1984000000,1984年,円
4573,1,全世帯,011,第１０階級,134,（「教養娯楽関係費」の耐久財）,00415,3大都市圏平均,1984000000,1984年,円
5361,1,全世帯,011,第１０階級,135,読書,00000,全国,1984000000,1984年,円
5780,1,全世帯,011,第１０階級,135,読書,00415,3大都市圏平均,1984000000,1984年,円
1763,1,全世帯,011,第１０階級,136,聴視・観覧,00000,全国,1984000000,1984年,円
1893,1,全世帯,011,第１０階級,136,聴視・観覧,00415,3大都市圏平均,1984000000,1984年,円
12631,1,全世帯,011,第１０階級,137,旅行,00000,全国,1984000000,1984年,円
13750,1,全世帯,011,第１０階級,137,旅行,00415,3大都市圏平均,1984000000,1984年,円
4197,1,全世帯,011,第１０階級,138,スポーツ,00000,全国,1984000000,1984年,円
5010,1,全世帯,011,第１０階級,138,スポーツ,00415,3大都市圏平均,1984000000,1984年,円
5373,1,全世帯,011,第１０階級,139,（「教養娯楽関係費」の月謝）,00000,全国,1984000000,1984年,円
6450,1,全世帯,011,第１０階級,139,（「教養娯楽関係費」の月謝）,00415,3大都市圏平均,1984000000,1984年,円
3740,1,全世帯,011,第１０階級,140,会費・つきあい費,00000,全国,1984000000,1984年,円
4232,1,全世帯,011,第１０階級,140,会費・つきあい費,00415,3大都市圏平均,1984000000,1984年,円
7081,1,全世帯,011,第１０階級,141,他の教養娯楽,00000,全国,1984000000,1984年,円
7345,1,全世帯,011,第１０階級,141,他の教養娯楽,00415,3大都市圏平均,1984000000,1984年,円
40147,1,全世帯,011,第１０階級,142,〔耐久財を除く教養娯楽関係費〕,00000,全国,1984000000,1984年,円
44459,1,全世帯,011,第１０階級,142,〔耐久財を除く教養娯楽関係費〕,00415,3大都市圏平均,1984000000,1984年,円
343748,1,全世帯,011,第１０階級,143,（（特掲）財・サービス区分の消費支出。「こづかい（使途不明）」，「贈与金」，「他の交際費」，「仕送り金」は含まれない。）,00000,全国,1984000000,1984年,円
373398,1,全世帯,011,第１０階級,143,（（特掲）財・サービス区分の消費支出。「こづかい（使途不明）」，「贈与金」，「他の交際費」，「仕送り金」は含まれない。）,00415,3大都市圏平均,1984000000,1984年,円
217660,1,全世帯,011,第１０階級,144,商品,00000,全国,1984000000,1984年,円
228526,1,全世帯,011,第１０階級,144,商品,00415,3大都市圏平均,1984000000,1984年,円
24938,1,全世帯,011,第１０階級,145,耐久財,00000,全国,1984000000,1984年,円
25956,1,全世帯,011,第１０階級,145,耐久財,00415,3大都市圏平均,1984000000,1984年,円
57099,1,全世帯,011,第１０階級,146,半耐久財,00000,全国,1984000000,1984年,円
61580,1,全世帯,011,第１０階級,146,半耐久財,00415,3大都市圏平均,1984000000,1984年,円
135624,1,全世帯,011,第１０階級,147,非耐久財,00000,全国,1984000000,1984年,円
140990,1,全世帯,011,第１０階級,147,非耐久財,00415,3大都市圏平均,1984000000,1984年,円
126088,1,全世帯,011,第１０階級,148,サービス,00000,全国,1984000000,1984年,円
144872,1,全世帯,011,第１０階級,148,サービス,00415,3大都市圏平均,1984000000,1984年,円
109602,1,全世帯,011,第１０階級,149,（財・サービス区分の食料）,00000,全国,1984000000,1984年,円
117545,1,全世帯,011,第１０階級,149,（財・サービス区分の食料）,00415,3大都市圏平均,1984000000,1984年,円
88734,1,全世帯,011,第１０階級,150,（財・サービス区分「食料」の非耐久財）,00000,全国,1984000000,1984年,円
93913,1,全世帯,011,第１０階級,150,（財・サービス区分「食料」の非耐久財）,00415,3大都市圏平均,1984000000,1984年,円
20868,1,全世帯,011,第１０階級,151,（財・サービス区分「食料」のサービス）,00000,全国,1984000000,1984年,円
23632,1,全世帯,011,第１０階級,151,（財・サービス区分「食料」のサービス）,00415,3大都市圏平均,1984000000,1984年,円
13209,1,全世帯,011,第１０階級,152,（財・サービス区分の住居）,00000,全国,1984000000,1984年,円
14746,1,全世帯,011,第１０階級,152,（財・サービス区分の住居）,00415,3大都市圏平均,1984000000,1984年,円
819,1,全世帯,011,第１０階級,153,（財・サービス区分「住居」の耐久財）,00000,全国,1984000000,1984年,円
982,1,全世帯,011,第１０階級,153,（財・サービス区分「住居」の耐久財）,00415,3大都市圏平均,1984000000,1984年,円
434,1,全世帯,011,第１０階級,154,（財・サービス区分「住居」の半耐久財）,00000,全国,1984000000,1984年,円
339,1,全世帯,011,第１０階級,154,（財・サービス区分「住居」の半耐久財）,00415,3大都市圏平均,1984000000,1984年,円
11955,1,全世帯,011,第１０階級,155,（財・サービス区分「住居」のサービス）,00000,全国,1984000000,1984年,円
13425,1,全世帯,011,第１０階級,155,（財・サービス区分「住居」のサービス）,00415,3大都市圏平均,1984000000,1984年,円
21428,1,全世帯,011,第１０階級,156,光熱・水道（非耐久財）（財・サービス区分の光熱・水道）,00000,全国,1984000000,1984年,円
22382,1,全世帯,011,第１０階級,156,光熱・水道（非耐久財）（財・サービス区分の光熱・水道）,00415,3大都市圏平均,1984000000,1984年,円
19737,1,全世帯,011,第１０階級,157,家具・家事用品（財・サービス区分の家具・家事用品）,00000,全国,1984000000,1984年,円
21196,1,全世帯,011,第１０階級,157,家具・家事用品（財・サービス区分の家具・家事用品）,00415,3大都市圏平均,1984000000,1984年,円
9487,1,全世帯,011,第１０階級,158,（財・サービス区分「家具・家事用品」の耐久財）,00000,全国,1984000000,1984年,円
10291,1,全世帯,011,第１０階級,158,（財・サービス区分「家具・家事用品」の耐久財）,00415,3大都市圏平均,1984000000,1984年,円
6703,1,全世帯,011,第１０階級,159,（財・サービス区分「家具・家事用品」の半耐久財）,00000,全国,1984000000,1984年,円
7339,1,全世帯,011,第１０階級,159,（財・サービス区分「家具・家事用品」の半耐久財）,00415,3大都市圏平均,1984000000,1984年,円
2112,1,全世帯,011,第１０階級,160,（財・サービス区分「家具・家事用品」の非耐久財）,00000,全国,1984000000,1984年,円
2213,1,全世帯,011,第１０階級,160,（財・サービス区分「家具・家事用品」の非耐久財）,00415,3大都市圏平均,1984000000,1984年,円
1436,1,全世帯,011,第１０階級,161,（財・サービス区分「家具・家事用品」のサービス）,00000,全国,1984000000,1984年,円
1352,1,全世帯,011,第１０階級,161,（財・サービス区分「家具・家事用品」のサービス）,00415,3大都市圏平均,1984000000,1984年,円
40642,1,全世帯,011,第１０階級,162,被服及び履物（財・サービス区分の被服及び履物）,00000,全国,1984000000,1984年,円
43856,1,全世帯,011,第１０階級,162,被服及び履物（財・サービス区分の被服及び履物）,00415,3大都市圏平均,1984000000,1984年,円
37472,1,全世帯,011,第１０階級,163,（財・サービス区分「被服及び履物」の半耐久財）,00000,全国,1984000000,1984年,円
40113,1,全世帯,011,第１０階級,163,（財・サービス区分「被服及び履物」の半耐久財）,00415,3大都市圏平均,1984000000,1984年,円
3169,1,全世帯,011,第１０階級,164,（財・サービス区分「被服及び履物」のサービス）,00000,全国,1984000000,1984年,円
3744,1,全世帯,011,第１０階級,164,（財・サービス区分「被服及び履物」のサービス）,00415,3大都市圏平均,1984000000,1984年,円
10172,1,全世帯,011,第１０階級,165,（財・サービス区分の保健医療）,00000,全国,1984000000,1984年,円
11900,1,全世帯,011,第１０階級,165,（財・サービス区分の保健医療）,00415,3大都市圏平均,1984000000,1984年,円
1089,1,全世帯,011,第１０階級,166,（財・サービス区分「保健医療」の耐久財）,00000,全国,1984000000,1984年,円
1279,1,全世帯,011,第１０階級,166,（財・サービス区分「保健医療」の耐久財）,00415,3大都市圏平均,1984000000,1984年,円
480,1,全世帯,011,第１０階級,167,（財・サービス区分「保健医療」の半耐久財）,00000,全国,1984000000,1984年,円
490,1,全世帯,011,第１０階級,167,（財・サービス区分「保健医療」の半耐久財）,00415,3大都市圏平均,1984000000,1984年,円
2811,1,全世帯,011,第１０階級,168,（財・サービス区分「保健医療」の非耐久財）,00000,全国,1984000000,1984年,円
2919,1,全世帯,011,第１０階級,168,（財・サービス区分「保健医療」の非耐久財）,00415,3大都市圏平均,1984000000,1984年,円
5792,1,全世帯,011,第１０階級,169,（財・サービス区分「保健医療」のサービス）,00000,全国,1984000000,1984年,円
7212,1,全世帯,011,第１０階級,169,（財・サービス区分「保健医療」のサービス）,00415,3大都市圏平均,1984000000,1984年,円
42598,1,全世帯,011,第１０階級,170,（財・サービス区分の交通通信）,00000,全国,1984000000,1984年,円
43845,1,全世帯,011,第１０階級,170,（財・サービス区分の交通通信）,00415,3大都市圏平均,1984000000,1984年,円
9413,1,全世帯,011,第１０階級,171,（財・サービス区分「交通通信」の耐久財）,00000,全国,1984000000,1984年,円
9131,1,全世帯,011,第１０階級,171,（財・サービス区分「交通通信」の耐久財）,00415,3大都市圏平均,1984000000,1984年,円
579,1,全世帯,011,第１０階級,172,（財・サービス区分「交通通信」の半耐久財）,00000,全国,1984000000,1984年,円
468,1,全世帯,011,第１０階級,172,（財・サービス区分「交通通信」の半耐久財）,00415,3大都市圏平均,1984000000,1984年,円
7344,1,全世帯,011,第１０階級,173,（財・サービス区分「交通通信」の非耐久財）,00000,全国,1984000000,1984年,円
5919,1,全世帯,011,第１０階級,173,（財・サービス区分「交通通信」の非耐久財）,00415,3大都市圏平均,1984000000,1984年,円
25263,1,全世帯,011,第１０階級,174,（財・サービス区分「交通通信」のサービス）,00000,全国,1984000000,1984年,円
28328,1,全世帯,011,第１０階級,174,（財・サービス区分「交通通信」のサービス）,00415,3大都市圏平均,1984000000,1984年,円
19010,1,全世帯,011,第１０階級,175,（財・サービス区分の教育）,00000,全国,1984000000,1984年,円
25890,1,全世帯,011,第１０階級,175,（財・サービス区分の教育）,00415,3大都市圏平均,1984000000,1984年,円
487,1,全世帯,011,第１０階級,176,（財・サービス区分「教育」の非耐久財）,00000,全国,1984000000,1984年,円
575,1,全世帯,011,第１０階級,176,（財・サービス区分「教育」の非耐久財）,00415,3大都市圏平均,1984000000,1984年,円
18523,1,全世帯,011,第１０階級,177,（財・サービス区分「教育」のサービス）,00000,全国,1984000000,1984年,円
25315,1,全世帯,011,第１０階級,177,（財・サービス区分「教育」のサービス）,00415,3大都市圏平均,1984000000,1984年,円
38838,1,全世帯,011,第１０階級,178,（財・サービス区分の教養娯楽）,00000,全国,1984000000,1984年,円
42130,1,全世帯,011,第１０階級,178,（財・サービス区分の教養娯楽）,00415,3大都市圏平均,1984000000,1984年,円
3763,1,全世帯,011,第１０階級,179,（財・サービス区分「教養娯楽」の耐久財）,00000,全国,1984000000,1984年,円
3846,1,全世帯,011,第１０階級,179,（財・サービス区分「教養娯楽」の耐久財）,00415,3大都市圏平均,1984000000,1984年,円
6648,1,全世帯,011,第１０階級,180,（財・サービス区分「教養娯楽」の半耐久財）,00000,全国,1984000000,1984年,円
6816,1,全世帯,011,第１０階級,180,（財・サービス区分「教養娯楽」の半耐久財）,00415,3大都市圏平均,1984000000,1984年,円
6634,1,全世帯,011,第１０階級,181,（財・サービス区分「教養娯楽」の非耐久財）,00000,全国,1984000000,1984年,円
7362,1,全世帯,011,第１０階級,181,（財・サービス区分「教養娯楽」の非耐久財）,00415,3大都市圏平均,1984000000,1984年,円
21792,1,全世帯,011,第１０階級,182,（財・サービス区分「教養娯楽」のサービス）,00000,全国,1984000000,1984年,円
24107,1,全世帯,011,第１０階級,182,（財・サービス区分「教養娯楽」のサービス）,00415,3大都市圏平均,1984000000,1984年,円
28513,1,全世帯,011,第１０階級,183,（財・サービス区分の諸雑費）,00000,全国,1984000000,1984年,円
29908,1,全世帯,011,第１０階級,183,（財・サービス区分の諸雑費）,00415,3大都市圏平均,1984000000,1984年,円
366,1,全世帯,011,第１０階級,184,（財・サービス区分「諸雑費」の耐久財）,00000,全国,1984000000,1984年,円
427,1,全世帯,011,第１０階級,184,（財・サービス区分「諸雑費」の耐久財）,00415,3大都市圏平均,1984000000,1984年,円
4783,1,全世帯,011,第１０階級,185,（財・サービス区分「諸雑費」の半耐久財）,00000,全国,1984000000,1984年,円
6016,1,全世帯,011,第１０階級,185,（財・サービス区分「諸雑費」の半耐久財）,00415,3大都市圏平均,1984000000,1984年,円
6074,1,全世帯,011,第１０階級,186,（財・サービス区分「諸雑費」の非耐久財）,00000,全国,1984000000,1984年,円
5707,1,全世帯,011,第１０階級,186,（財・サービス区分「諸雑費」の非耐久財）,00415,3大都市圏平均,1984000000,1984年,円
17290,1,全世帯,011,第１０階級,187,（財・サービス区分「諸雑費」のサービス）,00000,全国,1984000000,1984年,円
17758,1,全世帯,011,第１０階級,187,（財・サービス区分「諸雑費」のサービス）,00415,3大都市圏平均,1984000000,1984年,円
100463,1,全世帯,011,第１０階級,188,（（特掲）五大費目）,00000,全国,1984000000,1984年,円
108342,1,全世帯,011,第１０階級,188,（（特掲）五大費目）,00415,3大都市圏平均,1984000000,1984年,円
30257,1,全世帯,011,第１０階級,189,（（特掲）五大費目）,00000,全国,1984000000,1984年,円
34161,1,全世帯,011,第１０階級,189,（（特掲）五大費目）,00415,3大都市圏平均,1984000000,1984年,円
17471,1,全世帯,011,第１０階級,190,（（特掲）五大費目）,00000,全国,1984000000,1984年,円
17756,1,全世帯,011,第１０階級,190,（（特掲）五大費目）,00415,3大都市圏平均,1984000000,1984年,円
44906,1,全世帯,011,第１０階級,191,（（特掲）五大費目）,00000,全国,1984000000,1984年,円
49367,1,全世帯,011,第１０階級,191,（（特掲）五大費目）,00415,3大都市圏平均,1984000000,1984年,円
233048,1,全世帯,011,第１０階級,192,（（特掲）五大費目）,00000,全国,1984000000,1984年,円
247732,1,全世帯,011,第１０階級,192,（（特掲）五大費目）,00415,3大都市圏平均,1984000000,1984年,円
24221,1,全世帯,011,第１０階級,193,現物支出（総額）,00000,全国,1984000000,1984年,円
24674,1,全世帯,011,第１０階級,193,現物支出（総額）,00415,3大都市圏平均,1984000000,1984年,円
3105,1,全世帯,011,第１０階級,194,（現物支出の自家産物）,00000,全国,1984000000,1984年,円
1354,1,全世帯,011,第１０階級,194,（現物支出の自家産物）,00415,3大都市圏平均,1984000000,1984年,円
21116,1,全世帯,011,第１０階級,195,（現物支出の自家産物以外）,00000,全国,1984000000,1984年,円
23320,1,全世帯,011,第１０階級,195,（現物支出の自家産物以外）,00415,3大都市圏平均,1984000000,1984年,円
17706,1,全世帯,011,第１０階級,196,（現物支出の食料）,00000,全国,1984000000,1984年,円
16809,1,全世帯,011,第１０階級,196,（現物支出の食料）,00415,3大都市圏平均,1984000000,1984年,円
2902,1,全世帯,011,第１０階級,197,（現物支出「食料」の自家産物）,00000,全国,1984000000,1984年,円
1243,1,全世帯,011,第１０階級,197,（現物支出「食料」の自家産物）,00415,3大都市圏平均,1984000000,1984年,円
14804,1,全世帯,011,第１０階級,198,その他（受贈物等）（現物支出「食料」の自家産物以外）,00000,全国,1984000000,1984年,円
15566,1,全世帯,011,第１０階級,198,その他（受贈物等）（現物支出「食料」の自家産物以外）,00415,3大都市圏平均,1984000000,1984年,円
8,1,全世帯,011,第１０階級,199,（現物支出の住居）,00000,全国,1984000000,1984年,円
1,1,全世帯,011,第１０階級,199,（現物支出の住居）,00415,3大都市圏平均,1984000000,1984年,円
55,1,全世帯,011,第１０階級,200,（現物支出の光熱・水道）,00000,全国,1984000000,1984年,円
82,1,全世帯,011,第１０階級,200,（現物支出の光熱・水道）,00415,3大都市圏平均,1984000000,1984年,円
1870,1,全世帯,011,第１０階級,201,（現物支出の家具・家事用品）,00000,全国,1984000000,1984年,円
2098,1,全世帯,011,第１０階級,201,（現物支出の家具・家事用品）,00415,3大都市圏平均,1984000000,1984年,円
1402,1,全世帯,011,第１０階級,202,（現物支出の被服及び履物）,00000,全国,1984000000,1984年,円
1542,1,全世帯,011,第１０階級,202,（現物支出の被服及び履物）,00415,3大都市圏平均,1984000000,1984年,円
99,1,全世帯,011,第１０階級,203,（現物支出の保健医療）,00000,全国,1984000000,1984年,円
91,1,全世帯,011,第１０階級,203,（現物支出の保健医療）,00415,3大都市圏平均,1984000000,1984年,円
878,1,全世帯,011,第１０階級,204,（現物支出の交通通信）,00000,全国,1984000000,1984年,円
1205,1,全世帯,011,第１０階級,204,（現物支出の交通通信）,00415,3大都市圏平均,1984000000,1984年,円
0,1,全世帯,011,第１０階級,205,（現物支出の教育）,00000,全国,1984000000,1984年,円
1,1,全世帯,011,第１０階級,205,（現物支出の教育）,00415,3大都市圏平均,1984000000,1984年,円
970,1,全世帯,011,第１０階級,206,（現物支出の教養娯楽）,00000,全国,1984000000,1984年,円
1343,1,全世帯,011,第１０階級,206,（現物支出の教養娯楽）,00415,3大都市圏平均,1984000000,1984年,円
1233,1,全世帯,011,第１０階級,207,（現物支出のその他の消費支出）,00000,全国,1984000000,1984年,円
1503,1,全世帯,011,第１０階級,207,（現物支出のその他の消費支出）,00415,3大都市圏平均,1984000000,1984年,円
189,1,全世帯,011,第１０階級,208,（現物支出の交際費（自家産物の贈与））,00000,全国,1984000000,1984年,円
99,1,全世帯,011,第１０階級,208,（現物支出の交際費（自家産物の贈与））,00415,3大都市圏平均,1984000000,1984年,円
42228,1,全世帯,011,第１０階級,209,〔持家の帰属家賃〕,00000,全国,1984000000,1984年,円
50215,1,全世帯,011,第１０階級,209,〔持家の帰属家賃〕,00415,3大都市圏平均,1984000000,1984年,円
23.6,1,全世帯,011,第１０階級,210,エンゲル係数（％）,00000,全国,1984000000,1984年,％
23.7,1,全世帯,011,第１０階級,210,エンゲル係数（％）,00415,3大都市圏平均,1984000000,1984年,％
16594,1,全世帯,011,第１０階級,211,貯蓄現在高（千円）,00000,全国,1984000000,1984年,千円
19281,1,全世帯,011,第１０階級,211,貯蓄現在高（千円）,00415,3大都市圏平均,1984000000,1984年,千円
1075,1,全世帯,011,第１０階級,212,通貨性預貯金（千円）,00000,全国,1984000000,1984年,千円
1138,1,全世帯,011,第１０階級,212,通貨性預貯金（千円）,00415,3大都市圏平均,1984000000,1984年,千円
7704,1,全世帯,011,第１０階級,213,定期性預貯金（千円）,00000,全国,1984000000,1984年,千円
8655,1,全世帯,011,第１０階級,213,定期性預貯金（千円）,00415,3大都市圏平均,1984000000,1984年,千円
2452,1,全世帯,011,第１０階級,214,生命保険（千円）,00000,全国,1984000000,1984年,千円
2399,1,全世帯,011,第１０階級,214,生命保険（千円）,00415,3大都市圏平均,1984000000,1984年,千円
4720,1,全世帯,011,第１０階級,215,有価証券（千円）,00000,全国,1984000000,1984年,千円
6279,1,全世帯,011,第１０階級,215,有価証券（千円）,00415,3大都市圏平均,1984000000,1984年,千円
5233,1,全世帯,011,第１０階級,216,負債現在高（千円）,00000,全国,1984000000,1984年,千円
5719,1,全世帯,011,第１０階級,216,負債現在高（千円）,00415,3大都市圏平均,1984000000,1984年,千円
4532,1,全世帯,011,第１０階級,217,うち住宅・土地のため（千円）,00000,全国,1984000000,1984年,千円
5109,1,全世帯,011,第１０階級,217,うち住宅・土地のため（千円）,00415,3大都市圏平均,1984000000,1984年,千円
62.8,1,全世帯,011,第１０階級,218,負債保有率（％）,00000,全国,1984000000,1984年,％
60.8,1,全世帯,011,第１０階級,218,負債保有率（％）,00415,3大都市圏平均,1984000000,1984年,％
51.1,1,全世帯,011,第１０階級,219,うち住宅・土地のため（％）,00000,全国,1984000000,1984年,％
50.7,1,全世帯,011,第１０階級,219,うち住宅・土地のため（％）,00415,3大都市圏平均,1984000000,1984年,％
