value,cat01,cat01_label,cat02,cat02_label,cat03,cat03_label,area,area_label,time,time_label,unit
117060396,00700,全域,000,男女総数,000,総数,00000,全国,1980000000,1980年,人
89187409,00700,全域,000,男女総数,000,総数,00001,全国市部,1980000000,1980年,人
27872987,00700,全域,000,男女総数,000,総数,00002,全国郡部,1980000000,1980年,人
5575989,00700,全域,000,男女総数,000,総数,01000,北海道,1980000000,1980年,人
1523907,00700,全域,000,男女総数,000,総数,02000,青森県,1980000000,1980年,人
1421927,00700,全域,000,男女総数,000,総数,03000,岩手県,1980000000,1980年,人
2082320,00700,全域,000,男女総数,000,総数,04000,宮城県,1980000000,1980年,人
1256745,00700,全域,000,男女総数,000,総数,05000,秋田県,1980000000,1980年,人
1251917,00700,全域,000,男女総数,000,総数,06000,山形県,1980000000,1980年,人
2035272,00700,全域,000,男女総数,000,総数,07000,福島県,1980000000,1980年,人
2558007,00700,全域,000,男女総数,000,総数,08000,茨城県,1980000000,1980年,人
1792201,00700,全域,000,男女総数,000,総数,09000,栃木県,1980000000,1980年,人
1848562,00700,全域,000,男女総数,000,総数,10000,群馬県,1980000000,1980年,人
5420480,00700,全域,000,男女総数,000,総数,11000,埼玉県,1980000000,1980年,人
4735424,00700,全域,000,男女総数,000,総数,12000,千葉県,1980000000,1980年,人
11618281,00700,全域,000,男女総数,000,総数,13000,東京都,1980000000,1980年,人
6924348,00700,全域,000,男女総数,000,総数,14000,神奈川県,1980000000,1980年,人
2451357,00700,全域,000,男女総数,000,総数,15000,新潟県,1980000000,1980年,人
1103459,00700,全域,000,男女総数,000,総数,16000,富山県,1980000000,1980年,人
1119304,00700,全域,000,男女総数,000,総数,17000,石川県,1980000000,1980年,人
794354,00700,全域,000,男女総数,000,総数,18000,福井県,1980000000,1980年,人
804256,00700,全域,000,男女総数,000,総数,19000,山梨県,1980000000,1980年,人
2083934,00700,全域,000,男女総数,000,総数,20000,長野県,1980000000,1980年,人
1960107,00700,全域,000,男女総数,000,総数,21000,岐阜県,1980000000,1980年,人
3446804,00700,全域,000,男女総数,000,総数,22000,静岡県,1980000000,1980年,人
6221638,00700,全域,000,男女総数,000,総数,23000,愛知県,1980000000,1980年,人
1686936,00700,全域,000,男女総数,000,総数,24000,三重県,1980000000,1980年,人
1079898,00700,全域,000,男女総数,000,総数,25000,滋賀県,1980000000,1980年,人
2527330,00700,全域,000,男女総数,000,総数,26000,京都府,1980000000,1980年,人
8473446,00700,全域,000,男女総数,000,総数,27000,大阪府,1980000000,1980年,人
5144892,00700,全域,000,男女総数,000,総数,28000,兵庫県,1980000000,1980年,人
1209365,00700,全域,000,男女総数,000,総数,29000,奈良県,1980000000,1980年,人
1087012,00700,全域,000,男女総数,000,総数,30000,和歌山県,1980000000,1980年,人
604221,00700,全域,000,男女総数,000,総数,31000,鳥取県,1980000000,1980年,人
784795,00700,全域,000,男女総数,000,総数,32000,島根県,1980000000,1980年,人
1871023,00700,全域,000,男女総数,000,総数,33000,岡山県,1980000000,1980年,人
2739161,00700,全域,000,男女総数,000,総数,34000,広島県,1980000000,1980年,人
1587079,00700,全域,000,男女総数,000,総数,35000,山口県,1980000000,1980年,人
825261,00700,全域,000,男女総数,000,総数,36000,徳島県,1980000000,1980年,人
999864,00700,全域,000,男女総数,000,総数,37000,香川県,1980000000,1980年,人
1506637,00700,全域,000,男女総数,000,総数,38000,愛媛県,1980000000,1980年,人
831275,00700,全域,000,男女総数,000,総数,39000,高知県,1980000000,1980年,人
4553461,00700,全域,000,男女総数,000,総数,40000,福岡県,1980000000,1980年,人
865574,00700,全域,000,男女総数,000,総数,41000,佐賀県,1980000000,1980年,人
1590564,00700,全域,000,男女総数,000,総数,42000,長崎県,1980000000,1980年,人
1790327,00700,全域,000,男女総数,000,総数,43000,熊本県,1980000000,1980年,人
1228913,00700,全域,000,男女総数,000,総数,44000,大分県,1980000000,1980年,人
1151587,00700,全域,000,男女総数,000,総数,45000,宮崎県,1980000000,1980年,人
1784623,00700,全域,000,男女総数,000,総数,46000,鹿児島県,1980000000,1980年,人
1106559,00700,全域,000,男女総数,000,総数,47000,沖縄県,1980000000,1980年,人
1586504,00700,全域,000,男女総数,001,０歳,00000,全国,1980000000,1980年,人
1221911,00700,全域,000,男女総数,001,０歳,00001,全国市部,1980000000,1980年,人
364593,00700,全域,000,男女総数,001,０歳,00002,全国郡部,1980000000,1980年,人
76183,00700,全域,000,男女総数,001,０歳,01000,北海道,1980000000,1980年,人
21416,00700,全域,000,男女総数,001,０歳,02000,青森県,1980000000,1980年,人
19328,00700,全域,000,男女総数,001,０歳,03000,岩手県,1980000000,1980年,人
30995,00700,全域,000,男女総数,001,０歳,04000,宮城県,1980000000,1980年,人
16369,00700,全域,000,男女総数,001,０歳,05000,秋田県,1980000000,1980年,人
16776,00700,全域,000,男女総数,001,０歳,06000,山形県,1980000000,1980年,人
29445,00700,全域,000,男女総数,001,０歳,07000,福島県,1980000000,1980年,人
36460,00700,全域,000,男女総数,001,０歳,08000,茨城県,1980000000,1980年,人
26242,00700,全域,000,男女総数,001,０歳,09000,栃木県,1980000000,1980年,人
25210,00700,全域,000,男女総数,001,０歳,10000,群馬県,1980000000,1980年,人
76623,00700,全域,000,男女総数,001,０歳,11000,埼玉県,1980000000,1980年,人
67078,00700,全域,000,男女総数,001,０歳,12000,千葉県,1980000000,1980年,人
138218,00700,全域,000,男女総数,001,０歳,13000,東京都,1980000000,1980年,人
95322,00700,全域,000,男女総数,001,０歳,14000,神奈川県,1980000000,1980年,人
33126,00700,全域,000,男女総数,001,０歳,15000,新潟県,1980000000,1980年,人
13697,00700,全域,000,男女総数,001,０歳,16000,富山県,1980000000,1980年,人
15285,00700,全域,000,男女総数,001,０歳,17000,石川県,1980000000,1980年,人
10852,00700,全域,000,男女総数,001,０歳,18000,福井県,1980000000,1980年,人
10096,00700,全域,000,男女総数,001,０歳,19000,山梨県,1980000000,1980年,人
27285,00700,全域,000,男女総数,001,０歳,20000,長野県,1980000000,1980年,人
25968,00700,全域,000,男女総数,001,０歳,21000,岐阜県,1980000000,1980年,人
48073,00700,全域,000,男女総数,001,０歳,22000,静岡県,1980000000,1980年,人
88156,00700,全域,000,男女総数,001,０歳,23000,愛知県,1980000000,1980年,人
21455,00700,全域,000,男女総数,001,０歳,24000,三重県,1980000000,1980年,人
16200,00700,全域,000,男女総数,001,０歳,25000,滋賀県,1980000000,1980年,人
32721,00700,全域,000,男女総数,001,０歳,26000,京都府,1980000000,1980年,人
112907,00700,全域,000,男女総数,001,０歳,27000,大阪府,1980000000,1980年,人
70033,00700,全域,000,男女総数,001,０歳,28000,兵庫県,1980000000,1980年,人
15998,00700,全域,000,男女総数,001,０歳,29000,奈良県,1980000000,1980年,人
13630,00700,全域,000,男女総数,001,０歳,30000,和歌山県,1980000000,1980年,人
8289,00700,全域,000,男女総数,001,０歳,31000,鳥取県,1980000000,1980年,人
10029,00700,全域,000,男女総数,001,０歳,32000,島根県,1980000000,1980年,人
24426,00700,全域,000,男女総数,001,０歳,33000,岡山県,1980000000,1980年,人
37512,00700,全域,000,男女総数,001,０歳,34000,広島県,1980000000,1980年,人
20046,00700,全域,000,男女総数,001,０歳,35000,山口県,1980000000,1980年,人
10429,00700,全域,000,男女総数,001,０歳,36000,徳島県,1980000000,1980年,人
13084,00700,全域,000,男女総数,001,０歳,37000,香川県,1980000000,1980年,人
19665,00700,全域,000,男女総数,001,０歳,38000,愛媛県,1980000000,1980年,人
9592,00700,全域,000,男女総数,001,０歳,39000,高知県,1980000000,1980年,人
64967,00700,全域,000,男女総数,001,０歳,40000,福岡県,1980000000,1980年,人
12601,00700,全域,000,男女総数,001,０歳,41000,佐賀県,1980000000,1980年,人
22369,00700,全域,000,男女総数,001,０歳,42000,長崎県,1980000000,1980年,人
24365,00700,全域,000,男女総数,001,０歳,43000,熊本県,1980000000,1980年,人
16377,00700,全域,000,男女総数,001,０歳,44000,大分県,1980000000,1980年,人
17148,00700,全域,000,男女総数,001,０歳,45000,宮崎県,1980000000,1980年,人
24398,00700,全域,000,男女総数,001,０歳,46000,鹿児島県,1980000000,1980年,人
20060,00700,全域,000,男女総数,001,０歳,47000,沖縄県,1980000000,1980年,人
1636235,00700,全域,000,男女総数,002,１歳,00000,全国,1980000000,1980年,人
1258384,00700,全域,000,男女総数,002,１歳,00001,全国市部,1980000000,1980年,人
377851,00700,全域,000,男女総数,002,１歳,00002,全国郡部,1980000000,1980年,人
78858,00700,全域,000,男女総数,002,１歳,01000,北海道,1980000000,1980年,人
21833,00700,全域,000,男女総数,002,１歳,02000,青森県,1980000000,1980年,人
19789,00700,全域,000,男女総数,002,１歳,03000,岩手県,1980000000,1980年,人
31578,00700,全域,000,男女総数,002,１歳,04000,宮城県,1980000000,1980年,人
16842,00700,全域,000,男女総数,002,１歳,05000,秋田県,1980000000,1980年,人
17113,00700,全域,000,男女総数,002,１歳,06000,山形県,1980000000,1980年,人
29822,00700,全域,000,男女総数,002,１歳,07000,福島県,1980000000,1980年,人
37815,00700,全域,000,男女総数,002,１歳,08000,茨城県,1980000000,1980年,人
26917,00700,全域,000,男女総数,002,１歳,09000,栃木県,1980000000,1980年,人
26523,00700,全域,000,男女総数,002,１歳,10000,群馬県,1980000000,1980年,人
82180,00700,全域,000,男女総数,002,１歳,11000,埼玉県,1980000000,1980年,人
71945,00700,全域,000,男女総数,002,１歳,12000,千葉県,1980000000,1980年,人
139093,00700,全域,000,男女総数,002,１歳,13000,東京都,1980000000,1980年,人
99271,00700,全域,000,男女総数,002,１歳,14000,神奈川県,1980000000,1980年,人
33993,00700,全域,000,男女総数,002,１歳,15000,新潟県,1980000000,1980年,人
14411,00700,全域,000,男女総数,002,１歳,16000,富山県,1980000000,1980年,人
15924,00700,全域,000,男女総数,002,１歳,17000,石川県,1980000000,1980年,人
10974,00700,全域,000,男女総数,002,１歳,18000,福井県,1980000000,1980年,人
10473,00700,全域,000,男女総数,002,１歳,19000,山梨県,1980000000,1980年,人
28110,00700,全域,000,男女総数,002,１歳,20000,長野県,1980000000,1980年,人
27208,00700,全域,000,男女総数,002,１歳,21000,岐阜県,1980000000,1980年,人
49760,00700,全域,000,男女総数,002,１歳,22000,静岡県,1980000000,1980年,人
91283,00700,全域,000,男女総数,002,１歳,23000,愛知県,1980000000,1980年,人
22210,00700,全域,000,男女総数,002,１歳,24000,三重県,1980000000,1980年,人
16539,00700,全域,000,男女総数,002,１歳,25000,滋賀県,1980000000,1980年,人
33947,00700,全域,000,男女総数,002,１歳,26000,京都府,1980000000,1980年,人
116394,00700,全域,000,男女総数,002,１歳,27000,大阪府,1980000000,1980年,人
71792,00700,全域,000,男女総数,002,１歳,28000,兵庫県,1980000000,1980年,人
16485,00700,全域,000,男女総数,002,１歳,29000,奈良県,1980000000,1980年,人
13678,00700,全域,000,男女総数,002,１歳,30000,和歌山県,1980000000,1980年,人
8255,00700,全域,000,男女総数,002,１歳,31000,鳥取県,1980000000,1980年,人
10145,00700,全域,000,男女総数,002,１歳,32000,島根県,1980000000,1980年,人
24878,00700,全域,000,男女総数,002,１歳,33000,岡山県,1980000000,1980年,人
37893,00700,全域,000,男女総数,002,１歳,34000,広島県,1980000000,1980年,人
20703,00700,全域,000,男女総数,002,１歳,35000,山口県,1980000000,1980年,人
10689,00700,全域,000,男女総数,002,１歳,36000,徳島県,1980000000,1980年,人
13464,00700,全域,000,男女総数,002,１歳,37000,香川県,1980000000,1980年,人
20137,00700,全域,000,男女総数,002,１歳,38000,愛媛県,1980000000,1980年,人
10404,00700,全域,000,男女総数,002,１歳,39000,高知県,1980000000,1980年,人
66519,00700,全域,000,男女総数,002,１歳,40000,福岡県,1980000000,1980年,人
12795,00700,全域,000,男女総数,002,１歳,41000,佐賀県,1980000000,1980年,人
23377,00700,全域,000,男女総数,002,１歳,42000,長崎県,1980000000,1980年,人
24740,00700,全域,000,男女総数,002,１歳,43000,熊本県,1980000000,1980年,人
16864,00700,全域,000,男女総数,002,１歳,44000,大分県,1980000000,1980年,人
17581,00700,全域,000,男女総数,002,１歳,45000,宮崎県,1980000000,1980年,人
24836,00700,全域,000,男女総数,002,１歳,46000,鹿児島県,1980000000,1980年,人
20195,00700,全域,000,男女総数,002,１歳,47000,沖縄県,1980000000,1980年,人
1706055,00700,全域,000,男女総数,003,２歳,00000,全国,1980000000,1980年,人
1310089,00700,全域,000,男女総数,003,２歳,00001,全国市部,1980000000,1980年,人
395966,00700,全域,000,男女総数,003,２歳,00002,全国郡部,1980000000,1980年,人
82288,00700,全域,000,男女総数,003,２歳,01000,北海道,1980000000,1980年,人
22394,00700,全域,000,男女総数,003,２歳,02000,青森県,1980000000,1980年,人
20814,00700,全域,000,男女総数,003,２歳,03000,岩手県,1980000000,1980年,人
31923,00700,全域,000,男女総数,003,２歳,04000,宮城県,1980000000,1980年,人
17189,00700,全域,000,男女総数,003,２歳,05000,秋田県,1980000000,1980年,人
17597,00700,全域,000,男女総数,003,２歳,06000,山形県,1980000000,1980年,人
30726,00700,全域,000,男女総数,003,２歳,07000,福島県,1980000000,1980年,人
40094,00700,全域,000,男女総数,003,２歳,08000,茨城県,1980000000,1980年,人
27620,00700,全域,000,男女総数,003,２歳,09000,栃木県,1980000000,1980年,人
27690,00700,全域,000,男女総数,003,２歳,10000,群馬県,1980000000,1980年,人
87538,00700,全域,000,男女総数,003,２歳,11000,埼玉県,1980000000,1980年,人
75437,00700,全域,000,男女総数,003,２歳,12000,千葉県,1980000000,1980年,人
143455,00700,全域,000,男女総数,003,２歳,13000,東京都,1980000000,1980年,人
103166,00700,全域,000,男女総数,003,２歳,14000,神奈川県,1980000000,1980年,人
35487,00700,全域,000,男女総数,003,２歳,15000,新潟県,1980000000,1980年,人
15307,00700,全域,000,男女総数,003,２歳,16000,富山県,1980000000,1980年,人
16624,00700,全域,000,男女総数,003,２歳,17000,石川県,1980000000,1980年,人
11437,00700,全域,000,男女総数,003,２歳,18000,福井県,1980000000,1980年,人
11077,00700,全域,000,男女総数,003,２歳,19000,山梨県,1980000000,1980年,人
30088,00700,全域,000,男女総数,003,２歳,20000,長野県,1980000000,1980年,人
28727,00700,全域,000,男女総数,003,２歳,21000,岐阜県,1980000000,1980年,人
52229,00700,全域,000,男女総数,003,２歳,22000,静岡県,1980000000,1980年,人
95351,00700,全域,000,男女総数,003,２歳,23000,愛知県,1980000000,1980年,人
23299,00700,全域,000,男女総数,003,２歳,24000,三重県,1980000000,1980年,人
17732,00700,全域,000,男女総数,003,２歳,25000,滋賀県,1980000000,1980年,人
36054,00700,全域,000,男女総数,003,２歳,26000,京都府,1980000000,1980年,人
122380,00700,全域,000,男女総数,003,２歳,27000,大阪府,1980000000,1980年,人
75164,00700,全域,000,男女総数,003,２歳,28000,兵庫県,1980000000,1980年,人
17996,00700,全域,000,男女総数,003,２歳,29000,奈良県,1980000000,1980年,人
14813,00700,全域,000,男女総数,003,２歳,30000,和歌山県,1980000000,1980年,人
8551,00700,全域,000,男女総数,003,２歳,31000,鳥取県,1980000000,1980年,人
10612,00700,全域,000,男女総数,003,２歳,32000,島根県,1980000000,1980年,人
26243,00700,全域,000,男女総数,003,２歳,33000,岡山県,1980000000,1980年,人
40409,00700,全域,000,男女総数,003,２歳,34000,広島県,1980000000,1980年,人
21385,00700,全域,000,男女総数,003,２歳,35000,山口県,1980000000,1980年,人
10946,00700,全域,000,男女総数,003,２歳,36000,徳島県,1980000000,1980年,人
13985,00700,全域,000,男女総数,003,２歳,37000,香川県,1980000000,1980年,人
21179,00700,全域,000,男女総数,003,２歳,38000,愛媛県,1980000000,1980年,人
10866,00700,全域,000,男女総数,003,２歳,39000,高知県,1980000000,1980年,人
67999,00700,全域,000,男女総数,003,２歳,40000,福岡県,1980000000,1980年,人
12658,00700,全域,000,男女総数,003,２歳,41000,佐賀県,1980000000,1980年,人
23514,00700,全域,000,男女総数,003,２歳,42000,長崎県,1980000000,1980年,人
25063,00700,全域,000,男女総数,003,２歳,43000,熊本県,1980000000,1980年,人
17502,00700,全域,000,男女総数,003,２歳,44000,大分県,1980000000,1980年,人
17809,00700,全域,000,男女総数,003,２歳,45000,宮崎県,1980000000,1980年,人
25238,00700,全域,000,男女総数,003,２歳,46000,鹿児島県,1980000000,1980年,人
20400,00700,全域,000,男女総数,003,２歳,47000,沖縄県,1980000000,1980年,人
1749163,00700,全域,000,男女総数,004,３歳,00000,全国,1980000000,1980年,人
1341603,00700,全域,000,男女総数,004,３歳,00001,全国市部,1980000000,1980年,人
407560,00700,全域,000,男女総数,004,３歳,00002,全国郡部,1980000000,1980年,人
83023,00700,全域,000,男女総数,004,３歳,01000,北海道,1980000000,1980年,人
22930,00700,全域,000,男女総数,004,３歳,02000,青森県,1980000000,1980年,人
20952,00700,全域,000,男女総数,004,３歳,03000,岩手県,1980000000,1980年,人
32415,00700,全域,000,男女総数,004,３歳,04000,宮城県,1980000000,1980年,人
17237,00700,全域,000,男女総数,004,３歳,05000,秋田県,1980000000,1980年,人
17606,00700,全域,000,男女総数,004,３歳,06000,山形県,1980000000,1980年,人
31287,00700,全域,000,男女総数,004,３歳,07000,福島県,1980000000,1980年,人
40650,00700,全域,000,男女総数,004,３歳,08000,茨城県,1980000000,1980年,人
28693,00700,全域,000,男女総数,004,３歳,09000,栃木県,1980000000,1980年,人
28250,00700,全域,000,男女総数,004,３歳,10000,群馬県,1980000000,1980年,人
90463,00700,全域,000,男女総数,004,３歳,11000,埼玉県,1980000000,1980年,人
77708,00700,全域,000,男女総数,004,３歳,12000,千葉県,1980000000,1980年,人
143600,00700,全域,000,男女総数,004,３歳,13000,東京都,1980000000,1980年,人
107129,00700,全域,000,男女総数,004,３歳,14000,神奈川県,1980000000,1980年,人
36461,00700,全域,000,男女総数,004,３歳,15000,新潟県,1980000000,1980年,人
16005,00700,全域,000,男女総数,004,３歳,16000,富山県,1980000000,1980年,人
17293,00700,全域,000,男女総数,004,３歳,17000,石川県,1980000000,1980年,人
11705,00700,全域,000,男女総数,004,３歳,18000,福井県,1980000000,1980年,人
11361,00700,全域,000,男女総数,004,３歳,19000,山梨県,1980000000,1980年,人
30254,00700,全域,000,男女総数,004,３歳,20000,長野県,1980000000,1980年,人
29376,00700,全域,000,男女総数,004,３歳,21000,岐阜県,1980000000,1980年,人
53146,00700,全域,000,男女総数,004,３歳,22000,静岡県,1980000000,1980年,人
98380,00700,全域,000,男女総数,004,３歳,23000,愛知県,1980000000,1980年,人
24218,00700,全域,000,男女総数,004,３歳,24000,三重県,1980000000,1980年,人
17826,00700,全域,000,男女総数,004,３歳,25000,滋賀県,1980000000,1980年,人
36639,00700,全域,000,男女総数,004,３歳,26000,京都府,1980000000,1980年,人
126716,00700,全域,000,男女総数,004,３歳,27000,大阪府,1980000000,1980年,人
77972,00700,全域,000,男女総数,004,３歳,28000,兵庫県,1980000000,1980年,人
18485,00700,全域,000,男女総数,004,３歳,29000,奈良県,1980000000,1980年,人
14906,00700,全域,000,男女総数,004,３歳,30000,和歌山県,1980000000,1980年,人
8755,00700,全域,000,男女総数,004,３歳,31000,鳥取県,1980000000,1980年,人
10972,00700,全域,000,男女総数,004,３歳,32000,島根県,1980000000,1980年,人
27228,00700,全域,000,男女総数,004,３歳,33000,岡山県,1980000000,1980年,人
41468,00700,全域,000,男女総数,004,３歳,34000,広島県,1980000000,1980年,人
22767,00700,全域,000,男女総数,004,３歳,35000,山口県,1980000000,1980年,人
11099,00700,全域,000,男女総数,004,３歳,36000,徳島県,1980000000,1980年,人
14752,00700,全域,000,男女総数,004,３歳,37000,香川県,1980000000,1980年,人
22059,00700,全域,000,男女総数,004,３歳,38000,愛媛県,1980000000,1980年,人
11412,00700,全域,000,男女総数,004,３歳,39000,高知県,1980000000,1980年,人
68978,00700,全域,000,男女総数,004,３歳,40000,福岡県,1980000000,1980年,人
13164,00700,全域,000,男女総数,004,３歳,41000,佐賀県,1980000000,1980年,人
24042,00700,全域,000,男女総数,004,３歳,42000,長崎県,1980000000,1980年,人
25733,00700,全域,000,男女総数,004,３歳,43000,熊本県,1980000000,1980年,人
18091,00700,全域,000,男女総数,004,３歳,44000,大分県,1980000000,1980年,人
18566,00700,全域,000,男女総数,004,３歳,45000,宮崎県,1980000000,1980年,人
25678,00700,全域,000,男女総数,004,３歳,46000,鹿児島県,1980000000,1980年,人
21713,00700,全域,000,男女総数,004,３歳,47000,沖縄県,1980000000,1980年,人
1837459,00700,全域,000,男女総数,005,４歳,00000,全国,1980000000,1980年,人
1411366,00700,全域,000,男女総数,005,４歳,00001,全国市部,1980000000,1980年,人
426093,00700,全域,000,男女総数,005,４歳,00002,全国郡部,1980000000,1980年,人
87146,00700,全域,000,男女総数,005,４歳,01000,北海道,1980000000,1980年,人
23598,00700,全域,000,男女総数,005,４歳,02000,青森県,1980000000,1980年,人
21888,00700,全域,000,男女総数,005,４歳,03000,岩手県,1980000000,1980年,人
33226,00700,全域,000,男女総数,005,４歳,04000,宮城県,1980000000,1980年,人
17965,00700,全域,000,男女総数,005,４歳,05000,秋田県,1980000000,1980年,人
18030,00700,全域,000,男女総数,005,４歳,06000,山形県,1980000000,1980年,人
32115,00700,全域,000,男女総数,005,４歳,07000,福島県,1980000000,1980年,人
42452,00700,全域,000,男女総数,005,４歳,08000,茨城県,1980000000,1980年,人
29803,00700,全域,000,男女総数,005,４歳,09000,栃木県,1980000000,1980年,人
30068,00700,全域,000,男女総数,005,４歳,10000,群馬県,1980000000,1980年,人
97207,00700,全域,000,男女総数,005,４歳,11000,埼玉県,1980000000,1980年,人
82636,00700,全域,000,男女総数,005,４歳,12000,千葉県,1980000000,1980年,人
150864,00700,全域,000,男女総数,005,４歳,13000,東京都,1980000000,1980年,人
112390,00700,全域,000,男女総数,005,４歳,14000,神奈川県,1980000000,1980年,人
37902,00700,全域,000,男女総数,005,４歳,15000,新潟県,1980000000,1980年,人
17032,00700,全域,000,男女総数,005,４歳,16000,富山県,1980000000,1980年,人
18340,00700,全域,000,男女総数,005,４歳,17000,石川県,1980000000,1980年,人
12390,00700,全域,000,男女総数,005,４歳,18000,福井県,1980000000,1980年,人
12021,00700,全域,000,男女総数,005,４歳,19000,山梨県,1980000000,1980年,人
31806,00700,全域,000,男女総数,005,４歳,20000,長野県,1980000000,1980年,人
31409,00700,全域,000,男女総数,005,４歳,21000,岐阜県,1980000000,1980年,人
56391,00700,全域,000,男女総数,005,４歳,22000,静岡県,1980000000,1980年,人
103747,00700,全域,000,男女総数,005,４歳,23000,愛知県,1980000000,1980年,人
25736,00700,全域,000,男女総数,005,４歳,24000,三重県,1980000000,1980年,人
18497,00700,全域,000,男女総数,005,４歳,25000,滋賀県,1980000000,1980年,人
38920,00700,全域,000,男女総数,005,４歳,26000,京都府,1980000000,1980年,人
134135,00700,全域,000,男女総数,005,４歳,27000,大阪府,1980000000,1980年,人
81496,00700,全域,000,男女総数,005,４歳,28000,兵庫県,1980000000,1980年,人
19509,00700,全域,000,男女総数,005,４歳,29000,奈良県,1980000000,1980年,人
16033,00700,全域,000,男女総数,005,４歳,30000,和歌山県,1980000000,1980年,人
9034,00700,全域,000,男女総数,005,４歳,31000,鳥取県,1980000000,1980年,人
11329,00700,全域,000,男女総数,005,４歳,32000,島根県,1980000000,1980年,人
29131,00700,全域,000,男女総数,005,４歳,33000,岡山県,1980000000,1980年,人
44321,00700,全域,000,男女総数,005,４歳,34000,広島県,1980000000,1980年,人
23669,00700,全域,000,男女総数,005,４歳,35000,山口県,1980000000,1980年,人
11792,00700,全域,000,男女総数,005,４歳,36000,徳島県,1980000000,1980年,人
15431,00700,全域,000,男女総数,005,４歳,37000,香川県,1980000000,1980年,人
22987,00700,全域,000,男女総数,005,４歳,38000,愛媛県,1980000000,1980年,人
12047,00700,全域,000,男女総数,005,４歳,39000,高知県,1980000000,1980年,人
71747,00700,全域,000,男女総数,005,４歳,40000,福岡県,1980000000,1980年,人
13323,00700,全域,000,男女総数,005,４歳,41000,佐賀県,1980000000,1980年,人
25077,00700,全域,000,男女総数,005,４歳,42000,長崎県,1980000000,1980年,人
26646,00700,全域,000,男女総数,005,４歳,43000,熊本県,1980000000,1980年,人
19067,00700,全域,000,男女総数,005,４歳,44000,大分県,1980000000,1980年,人
19116,00700,全域,000,男女総数,005,４歳,45000,宮崎県,1980000000,1980年,人
26112,00700,全域,000,男女総数,005,４歳,46000,鹿児島県,1980000000,1980年,人
21878,00700,全域,000,男女総数,005,４歳,47000,沖縄県,1980000000,1980年,人
1927082,00700,全域,000,男女総数,006,５歳,00000,全国,1980000000,1980年,人
1482914,00700,全域,000,男女総数,006,５歳,00001,全国市部,1980000000,1980年,人
444168,00700,全域,000,男女総数,006,５歳,00002,全国郡部,1980000000,1980年,人
91705,00700,全域,000,男女総数,006,５歳,01000,北海道,1980000000,1980年,人
24607,00700,全域,000,男女総数,006,５歳,02000,青森県,1980000000,1980年,人
22662,00700,全域,000,男女総数,006,５歳,03000,岩手県,1980000000,1980年,人
33778,00700,全域,000,男女総数,006,５歳,04000,宮城県,1980000000,1980年,人
18040,00700,全域,000,男女総数,006,５歳,05000,秋田県,1980000000,1980年,人
18081,00700,全域,000,男女総数,006,５歳,06000,山形県,1980000000,1980年,人
32776,00700,全域,000,男女総数,006,５歳,07000,福島県,1980000000,1980年,人
44796,00700,全域,000,男女総数,006,５歳,08000,茨城県,1980000000,1980年,人
30993,00700,全域,000,男女総数,006,５歳,09000,栃木県,1980000000,1980年,人
30792,00700,全域,000,男女総数,006,５歳,10000,群馬県,1980000000,1980年,人
103776,00700,全域,000,男女総数,006,５歳,11000,埼玉県,1980000000,1980年,人
86898,00700,全域,000,男女総数,006,５歳,12000,千葉県,1980000000,1980年,人
159789,00700,全域,000,男女総数,006,５歳,13000,東京都,1980000000,1980年,人
118682,00700,全域,000,男女総数,006,５歳,14000,神奈川県,1980000000,1980年,人
38371,00700,全域,000,男女総数,006,５歳,15000,新潟県,1980000000,1980年,人
17947,00700,全域,000,男女総数,006,５歳,16000,富山県,1980000000,1980年,人
19335,00700,全域,000,男女総数,006,５歳,17000,石川県,1980000000,1980年,人
12874,00700,全域,000,男女総数,006,５歳,18000,福井県,1980000000,1980年,人
12359,00700,全域,000,男女総数,006,５歳,19000,山梨県,1980000000,1980年,人
33172,00700,全域,000,男女総数,006,５歳,20000,長野県,1980000000,1980年,人
33167,00700,全域,000,男女総数,006,５歳,21000,岐阜県,1980000000,1980年,人
58980,00700,全域,000,男女総数,006,５歳,22000,静岡県,1980000000,1980年,人
110102,00700,全域,000,男女総数,006,５歳,23000,愛知県,1980000000,1980年,人
27068,00700,全域,000,男女総数,006,５歳,24000,三重県,1980000000,1980年,人
19413,00700,全域,000,男女総数,006,５歳,25000,滋賀県,1980000000,1980年,人
40871,00700,全域,000,男女総数,006,５歳,26000,京都府,1980000000,1980年,人
142789,00700,全域,000,男女総数,006,５歳,27000,大阪府,1980000000,1980年,人
86653,00700,全域,000,男女総数,006,５歳,28000,兵庫県,1980000000,1980年,人
20591,00700,全域,000,男女総数,006,５歳,29000,奈良県,1980000000,1980年,人
16867,00700,全域,000,男女総数,006,５歳,30000,和歌山県,1980000000,1980年,人
9271,00700,全域,000,男女総数,006,５歳,31000,鳥取県,1980000000,1980年,人
11793,00700,全域,000,男女総数,006,５歳,32000,島根県,1980000000,1980年,人
30788,00700,全域,000,男女総数,006,５歳,33000,岡山県,1980000000,1980年,人
46856,00700,全域,000,男女総数,006,５歳,34000,広島県,1980000000,1980年,人
24943,00700,全域,000,男女総数,006,５歳,35000,山口県,1980000000,1980年,人
12414,00700,全域,000,男女総数,006,５歳,36000,徳島県,1980000000,1980年,人
16266,00700,全域,000,男女総数,006,５歳,37000,香川県,1980000000,1980年,人
24255,00700,全域,000,男女総数,006,５歳,38000,愛媛県,1980000000,1980年,人
12280,00700,全域,000,男女総数,006,５歳,39000,高知県,1980000000,1980年,人
74041,00700,全域,000,男女総数,006,５歳,40000,福岡県,1980000000,1980年,人
13933,00700,全域,000,男女総数,006,５歳,41000,佐賀県,1980000000,1980年,人
26377,00700,全域,000,男女総数,006,５歳,42000,長崎県,1980000000,1980年,人
27390,00700,全域,000,男女総数,006,５歳,43000,熊本県,1980000000,1980年,人
19327,00700,全域,000,男女総数,006,５歳,44000,大分県,1980000000,1980年,人
19366,00700,全域,000,男女総数,006,５歳,45000,宮崎県,1980000000,1980年,人
26960,00700,全域,000,男女総数,006,５歳,46000,鹿児島県,1980000000,1980年,人
22888,00700,全域,000,男女総数,006,５歳,47000,沖縄県,1980000000,1980年,人
2033501,00700,全域,000,男女総数,007,６歳,00000,全国,1980000000,1980年,人
1569796,00700,全域,000,男女総数,007,６歳,00001,全国市部,1980000000,1980年,人
463705,00700,全域,000,男女総数,007,６歳,00002,全国郡部,1980000000,1980年,人
94706,00700,全域,000,男女総数,007,６歳,01000,北海道,1980000000,1980年,人
25614,00700,全域,000,男女総数,007,６歳,02000,青森県,1980000000,1980年,人
23064,00700,全域,000,男女総数,007,６歳,03000,岩手県,1980000000,1980年,人
35111,00700,全域,000,男女総数,007,６歳,04000,宮城県,1980000000,1980年,人
18410,00700,全域,000,男女総数,007,６歳,05000,秋田県,1980000000,1980年,人
18577,00700,全域,000,男女総数,007,６歳,06000,山形県,1980000000,1980年,人
33688,00700,全域,000,男女総数,007,６歳,07000,福島県,1980000000,1980年,人
47111,00700,全域,000,男女総数,007,６歳,08000,茨城県,1980000000,1980年,人
32544,00700,全域,000,男女総数,007,６歳,09000,栃木県,1980000000,1980年,人
33115,00700,全域,000,男女総数,007,６歳,10000,群馬県,1980000000,1980年,人
111805,00700,全域,000,男女総数,007,６歳,11000,埼玉県,1980000000,1980年,人
92520,00700,全域,000,男女総数,007,６歳,12000,千葉県,1980000000,1980年,人
172337,00700,全域,000,男女総数,007,６歳,13000,東京都,1980000000,1980年,人
126888,00700,全域,000,男女総数,007,６歳,14000,神奈川県,1980000000,1980年,人
39416,00700,全域,000,男女総数,007,６歳,15000,新潟県,1980000000,1980年,人
18886,00700,全域,000,男女総数,007,６歳,16000,富山県,1980000000,1980年,人
20184,00700,全域,000,男女総数,007,６歳,17000,石川県,1980000000,1980年,人
13363,00700,全域,000,男女総数,007,６歳,18000,福井県,1980000000,1980年,人
12786,00700,全域,000,男女総数,007,６歳,19000,山梨県,1980000000,1980年,人
34683,00700,全域,000,男女総数,007,６歳,20000,長野県,1980000000,1980年,人
35197,00700,全域,000,男女総数,007,６歳,21000,岐阜県,1980000000,1980年,人
61465,00700,全域,000,男女総数,007,６歳,22000,静岡県,1980000000,1980年,人
116991,00700,全域,000,男女総数,007,６歳,23000,愛知県,1980000000,1980年,人
28532,00700,全域,000,男女総数,007,６歳,24000,三重県,1980000000,1980年,人
20025,00700,全域,000,男女総数,007,６歳,25000,滋賀県,1980000000,1980年,人
43335,00700,全域,000,男女総数,007,６歳,26000,京都府,1980000000,1980年,人
154299,00700,全域,000,男女総数,007,６歳,27000,大阪府,1980000000,1980年,人
91630,00700,全域,000,男女総数,007,６歳,28000,兵庫県,1980000000,1980年,人
22184,00700,全域,000,男女総数,007,６歳,29000,奈良県,1980000000,1980年,人
18095,00700,全域,000,男女総数,007,６歳,30000,和歌山県,1980000000,1980年,人
9688,00700,全域,000,男女総数,007,６歳,31000,鳥取県,1980000000,1980年,人
12339,00700,全域,000,男女総数,007,６歳,32000,島根県,1980000000,1980年,人
32019,00700,全域,000,男女総数,007,６歳,33000,岡山県,1980000000,1980年,人
49318,00700,全域,000,男女総数,007,６歳,34000,広島県,1980000000,1980年,人
26149,00700,全域,000,男女総数,007,６歳,35000,山口県,1980000000,1980年,人
12809,00700,全域,000,男女総数,007,６歳,36000,徳島県,1980000000,1980年,人
16873,00700,全域,000,男女総数,007,６歳,37000,香川県,1980000000,1980年,人
25324,00700,全域,000,男女総数,007,６歳,38000,愛媛県,1980000000,1980年,人
12977,00700,全域,000,男女総数,007,６歳,39000,高知県,1980000000,1980年,人
77206,00700,全域,000,男女総数,007,６歳,40000,福岡県,1980000000,1980年,人
14335,00700,全域,000,男女総数,007,６歳,41000,佐賀県,1980000000,1980年,人
27362,00700,全域,000,男女総数,007,６歳,42000,長崎県,1980000000,1980年,人
28045,00700,全域,000,男女総数,007,６歳,43000,熊本県,1980000000,1980年,人
19993,00700,全域,000,男女総数,007,６歳,44000,大分県,1980000000,1980年,人
20168,00700,全域,000,男女総数,007,６歳,45000,宮崎県,1980000000,1980年,人
28217,00700,全域,000,男女総数,007,６歳,46000,鹿児島県,1980000000,1980年,人
24118,00700,全域,000,男女総数,007,６歳,47000,沖縄県,1980000000,1980年,人
2067213,00700,全域,000,男女総数,008,７歳,00000,全国,1980000000,1980年,人
1600691,00700,全域,000,男女総数,008,７歳,00001,全国市部,1980000000,1980年,人
466522,00700,全域,000,男女総数,008,７歳,00002,全国郡部,1980000000,1980年,人
94864,00700,全域,000,男女総数,008,７歳,01000,北海道,1980000000,1980年,人
26199,00700,全域,000,男女総数,008,７歳,02000,青森県,1980000000,1980年,人
23235,00700,全域,000,男女総数,008,７歳,03000,岩手県,1980000000,1980年,人
34864,00700,全域,000,男女総数,008,７歳,04000,宮城県,1980000000,1980年,人
18335,00700,全域,000,男女総数,008,７歳,05000,秋田県,1980000000,1980年,人
18444,00700,全域,000,男女総数,008,７歳,06000,山形県,1980000000,1980年,人
33290,00700,全域,000,男女総数,008,７歳,07000,福島県,1980000000,1980年,人
47787,00700,全域,000,男女総数,008,７歳,08000,茨城県,1980000000,1980年,人
32664,00700,全域,000,男女総数,008,７歳,09000,栃木県,1980000000,1980年,人
33476,00700,全域,000,男女総数,008,７歳,10000,群馬県,1980000000,1980年,人
115455,00700,全域,000,男女総数,008,７歳,11000,埼玉県,1980000000,1980年,人
95130,00700,全域,000,男女総数,008,７歳,12000,千葉県,1980000000,1980年,人
179471,00700,全域,000,男女総数,008,７歳,13000,東京都,1980000000,1980年,人
131587,00700,全域,000,男女総数,008,７歳,14000,神奈川県,1980000000,1980年,人
39537,00700,全域,000,男女総数,008,７歳,15000,新潟県,1980000000,1980年,人
19131,00700,全域,000,男女総数,008,７歳,16000,富山県,1980000000,1980年,人
20581,00700,全域,000,男女総数,008,７歳,17000,石川県,1980000000,1980年,人
13760,00700,全域,000,男女総数,008,７歳,18000,福井県,1980000000,1980年,人
13069,00700,全域,000,男女総数,008,７歳,19000,山梨県,1980000000,1980年,人
34082,00700,全域,000,男女総数,008,７歳,20000,長野県,1980000000,1980年,人
35808,00700,全域,000,男女総数,008,７歳,21000,岐阜県,1980000000,1980年,人
62828,00700,全域,000,男女総数,008,７歳,22000,静岡県,1980000000,1980年,人
119384,00700,全域,000,男女総数,008,７歳,23000,愛知県,1980000000,1980年,人
29424,00700,全域,000,男女総数,008,７歳,24000,三重県,1980000000,1980年,人
19935,00700,全域,000,男女総数,008,７歳,25000,滋賀県,1980000000,1980年,人
44117,00700,全域,000,男女総数,008,７歳,26000,京都府,1980000000,1980年,人
158073,00700,全域,000,男女総数,008,７歳,27000,大阪府,1980000000,1980年,人
93882,00700,全域,000,男女総数,008,７歳,28000,兵庫県,1980000000,1980年,人
22609,00700,全域,000,男女総数,008,７歳,29000,奈良県,1980000000,1980年,人
18357,00700,全域,000,男女総数,008,７歳,30000,和歌山県,1980000000,1980年,人
9505,00700,全域,000,男女総数,008,７歳,31000,鳥取県,1980000000,1980年,人
12402,00700,全域,000,男女総数,008,７歳,32000,島根県,1980000000,1980年,人
32248,00700,全域,000,男女総数,008,７歳,33000,岡山県,1980000000,1980年,人
49844,00700,全域,000,男女総数,008,７歳,34000,広島県,1980000000,1980年,人
26760,00700,全域,000,男女総数,008,７歳,35000,山口県,1980000000,1980年,人
12737,00700,全域,000,男女総数,008,７歳,36000,徳島県,1980000000,1980年,人
16984,00700,全域,000,男女総数,008,７歳,37000,香川県,1980000000,1980年,人
25421,00700,全域,000,男女総数,008,７歳,38000,愛媛県,1980000000,1980年,人
13194,00700,全域,000,男女総数,008,７歳,39000,高知県,1980000000,1980年,人
77117,00700,全域,000,男女総数,008,７歳,40000,福岡県,1980000000,1980年,人
14287,00700,全域,000,男女総数,008,７歳,41000,佐賀県,1980000000,1980年,人
27582,00700,全域,000,男女総数,008,７歳,42000,長崎県,1980000000,1980年,人
27972,00700,全域,000,男女総数,008,７歳,43000,熊本県,1980000000,1980年,人
20342,00700,全域,000,男女総数,008,７歳,44000,大分県,1980000000,1980年,人
19717,00700,全域,000,男女総数,008,７歳,45000,宮崎県,1980000000,1980年,人
28078,00700,全域,000,男女総数,008,７歳,46000,鹿児島県,1980000000,1980年,人
23645,00700,全域,000,男女総数,008,７歳,47000,沖縄県,1980000000,1980年,人
2025049,00700,全域,000,男女総数,009,８歳,00000,全国,1980000000,1980年,人
1569759,00700,全域,000,男女総数,009,８歳,00001,全国市部,1980000000,1980年,人
455290,00700,全域,000,男女総数,009,８歳,00002,全国郡部,1980000000,1980年,人
93103,00700,全域,000,男女総数,009,８歳,01000,北海道,1980000000,1980年,人
25902,00700,全域,000,男女総数,009,８歳,02000,青森県,1980000000,1980年,人
22473,00700,全域,000,男女総数,009,８歳,03000,岩手県,1980000000,1980年,人
33097,00700,全域,000,男女総数,009,８歳,04000,宮城県,1980000000,1980年,人
17953,00700,全域,000,男女総数,009,８歳,05000,秋田県,1980000000,1980年,人
18073,00700,全域,000,男女総数,009,８歳,06000,山形県,1980000000,1980年,人
32074,00700,全域,000,男女総数,009,８歳,07000,福島県,1980000000,1980年,人
46253,00700,全域,000,男女総数,009,８歳,08000,茨城県,1980000000,1980年,人
31616,00700,全域,000,男女総数,009,８歳,09000,栃木県,1980000000,1980年,人
32941,00700,全域,000,男女総数,009,８歳,10000,群馬県,1980000000,1980年,人
113260,00700,全域,000,男女総数,009,８歳,11000,埼玉県,1980000000,1980年,人
93572,00700,全域,000,男女総数,009,８歳,12000,千葉県,1980000000,1980年,人
177369,00700,全域,000,男女総数,009,８歳,13000,東京都,1980000000,1980年,人
129007,00700,全域,000,男女総数,009,８歳,14000,神奈川県,1980000000,1980年,人
38098,00700,全域,000,男女総数,009,８歳,15000,新潟県,1980000000,1980年,人
19044,00700,全域,000,男女総数,009,８歳,16000,富山県,1980000000,1980年,人
19936,00700,全域,000,男女総数,009,８歳,17000,石川県,1980000000,1980年,人
13435,00700,全域,000,男女総数,009,８歳,18000,福井県,1980000000,1980年,人
13061,00700,全域,000,男女総数,009,８歳,19000,山梨県,1980000000,1980年,人
33328,00700,全域,000,男女総数,009,８歳,20000,長野県,1980000000,1980年,人
34859,00700,全域,000,男女総数,009,８歳,21000,岐阜県,1980000000,1980年,人
61051,00700,全域,000,男女総数,009,８歳,22000,静岡県,1980000000,1980年,人
117872,00700,全域,000,男女総数,009,８歳,23000,愛知県,1980000000,1980年,人
28981,00700,全域,000,男女総数,009,８歳,24000,三重県,1980000000,1980年,人
19639,00700,全域,000,男女総数,009,８歳,25000,滋賀県,1980000000,1980年,人
43274,00700,全域,000,男女総数,009,８歳,26000,京都府,1980000000,1980年,人
157677,00700,全域,000,男女総数,009,８歳,27000,大阪府,1980000000,1980年,人
91867,00700,全域,000,男女総数,009,８歳,28000,兵庫県,1980000000,1980年,人
21995,00700,全域,000,男女総数,009,８歳,29000,奈良県,1980000000,1980年,人
17998,00700,全域,000,男女総数,009,８歳,30000,和歌山県,1980000000,1980年,人
9448,00700,全域,000,男女総数,009,８歳,31000,鳥取県,1980000000,1980年,人
11868,00700,全域,000,男女総数,009,８歳,32000,島根県,1980000000,1980年,人
31684,00700,全域,000,男女総数,009,８歳,33000,岡山県,1980000000,1980年,人
48342,00700,全域,000,男女総数,009,８歳,34000,広島県,1980000000,1980年,人
26298,00700,全域,000,男女総数,009,８歳,35000,山口県,1980000000,1980年,人
12493,00700,全域,000,男女総数,009,８歳,36000,徳島県,1980000000,1980年,人
16454,00700,全域,000,男女総数,009,８歳,37000,香川県,1980000000,1980年,人
24881,00700,全域,000,男女総数,009,８歳,38000,愛媛県,1980000000,1980年,人
12992,00700,全域,000,男女総数,009,８歳,39000,高知県,1980000000,1980年,人
75196,00700,全域,000,男女総数,009,８歳,40000,福岡県,1980000000,1980年,人
13744,00700,全域,000,男女総数,009,８歳,41000,佐賀県,1980000000,1980年,人
26950,00700,全域,000,男女総数,009,８歳,42000,長崎県,1980000000,1980年,人
27189,00700,全域,000,男女総数,009,８歳,43000,熊本県,1980000000,1980年,人
19748,00700,全域,000,男女総数,009,８歳,44000,大分県,1980000000,1980年,人
18988,00700,全域,000,男女総数,009,８歳,45000,宮崎県,1980000000,1980年,人
27367,00700,全域,000,男女総数,009,８歳,46000,鹿児島県,1980000000,1980年,人
22599,00700,全域,000,男女総数,009,８歳,47000,沖縄県,1980000000,1980年,人
1979189,00700,全域,000,男女総数,010,９歳,00000,全国,1980000000,1980年,人
1532897,00700,全域,000,男女総数,010,９歳,00001,全国市部,1980000000,1980年,人
446292,00700,全域,000,男女総数,010,９歳,00002,全国郡部,1980000000,1980年,人
90899,00700,全域,000,男女総数,010,９歳,01000,北海道,1980000000,1980年,人
25729,00700,全域,000,男女総数,010,９歳,02000,青森県,1980000000,1980年,人
21699,00700,全域,000,男女総数,010,９歳,03000,岩手県,1980000000,1980年,人
32976,00700,全域,000,男女総数,010,９歳,04000,宮城県,1980000000,1980年,人
17552,00700,全域,000,男女総数,010,９歳,05000,秋田県,1980000000,1980年,人
17458,00700,全域,000,男女総数,010,９歳,06000,山形県,1980000000,1980年,人
31380,00700,全域,000,男女総数,010,９歳,07000,福島県,1980000000,1980年,人
45566,00700,全域,000,男女総数,010,９歳,08000,茨城県,1980000000,1980年,人
30733,00700,全域,000,男女総数,010,９歳,09000,栃木県,1980000000,1980年,人
31597,00700,全域,000,男女総数,010,９歳,10000,群馬県,1980000000,1980年,人
109605,00700,全域,000,男女総数,010,９歳,11000,埼玉県,1980000000,1980年,人
91617,00700,全域,000,男女総数,010,９歳,12000,千葉県,1980000000,1980年,人
176069,00700,全域,000,男女総数,010,９歳,13000,東京都,1980000000,1980年,人
127007,00700,全域,000,男女総数,010,９歳,14000,神奈川県,1980000000,1980年,人
37647,00700,全域,000,男女総数,010,９歳,15000,新潟県,1980000000,1980年,人
18094,00700,全域,000,男女総数,010,９歳,16000,富山県,1980000000,1980年,人
19202,00700,全域,000,男女総数,010,９歳,17000,石川県,1980000000,1980年,人
12676,00700,全域,000,男女総数,010,９歳,18000,福井県,1980000000,1980年,人
12990,00700,全域,000,男女総数,010,９歳,19000,山梨県,1980000000,1980年,人
32875,00700,全域,000,男女総数,010,９歳,20000,長野県,1980000000,1980年,人
34564,00700,全域,000,男女総数,010,９歳,21000,岐阜県,1980000000,1980年,人
60241,00700,全域,000,男女総数,010,９歳,22000,静岡県,1980000000,1980年,人
115316,00700,全域,000,男女総数,010,９歳,23000,愛知県,1980000000,1980年,人
27917,00700,全域,000,男女総数,010,９歳,24000,三重県,1980000000,1980年,人
18854,00700,全域,000,男女総数,010,９歳,25000,滋賀県,1980000000,1980年,人
41781,00700,全域,000,男女総数,010,９歳,26000,京都府,1980000000,1980年,人
155115,00700,全域,000,男女総数,010,９歳,27000,大阪府,1980000000,1980年,人
89311,00700,全域,000,男女総数,010,９歳,28000,兵庫県,1980000000,1980年,人
21353,00700,全域,000,男女総数,010,９歳,29000,奈良県,1980000000,1980年,人
17795,00700,全域,000,男女総数,010,９歳,30000,和歌山県,1980000000,1980年,人
8920,00700,全域,000,男女総数,010,９歳,31000,鳥取県,1980000000,1980年,人
11252,00700,全域,000,男女総数,010,９歳,32000,島根県,1980000000,1980年,人
30728,00700,全域,000,男女総数,010,９歳,33000,岡山県,1980000000,1980年,人
46632,00700,全域,000,男女総数,010,９歳,34000,広島県,1980000000,1980年,人
25574,00700,全域,000,男女総数,010,９歳,35000,山口県,1980000000,1980年,人
12401,00700,全域,000,男女総数,010,９歳,36000,徳島県,1980000000,1980年,人
15600,00700,全域,000,男女総数,010,９歳,37000,香川県,1980000000,1980年,人
24148,00700,全域,000,男女総数,010,９歳,38000,愛媛県,1980000000,1980年,人
12397,00700,全域,000,男女総数,010,９歳,39000,高知県,1980000000,1980年,人
72983,00700,全域,000,男女総数,010,９歳,40000,福岡県,1980000000,1980年,人
13521,00700,全域,000,男女総数,010,９歳,41000,佐賀県,1980000000,1980年,人
26711,00700,全域,000,男女総数,010,９歳,42000,長崎県,1980000000,1980年,人
26251,00700,全域,000,男女総数,010,９歳,43000,熊本県,1980000000,1980年,人
19159,00700,全域,000,男女総数,010,９歳,44000,大分県,1980000000,1980年,人
18373,00700,全域,000,男女総数,010,９歳,45000,宮崎県,1980000000,1980年,人
26678,00700,全域,000,男女総数,010,９歳,46000,鹿児島県,1980000000,1980年,人
22243,00700,全域,000,男女総数,010,９歳,47000,沖縄県,1980000000,1980年,人
1921118,00700,全域,000,男女総数,011,１０歳,00000,全国,1980000000,1980年,人
1483110,00700,全域,000,男女総数,011,１０歳,00001,全国市部,1980000000,1980年,人
438008,00700,全域,000,男女総数,011,１０歳,00002,全国郡部,1980000000,1980年,人
88623,00700,全域,000,男女総数,011,１０歳,01000,北海道,1980000000,1980年,人
26108,00700,全域,000,男女総数,011,１０歳,02000,青森県,1980000000,1980年,人
22287,00700,全域,000,男女総数,011,１０歳,03000,岩手県,1980000000,1980年,人
31914,00700,全域,000,男女総数,011,１０歳,04000,宮城県,1980000000,1980年,人
17794,00700,全域,000,男女総数,011,１０歳,05000,秋田県,1980000000,1980年,人
17527,00700,全域,000,男女総数,011,１０歳,06000,山形県,1980000000,1980年,人
30977,00700,全域,000,男女総数,011,１０歳,07000,福島県,1980000000,1980年,人
43468,00700,全域,000,男女総数,011,１０歳,08000,茨城県,1980000000,1980年,人
29206,00700,全域,000,男女総数,011,１０歳,09000,栃木県,1980000000,1980年,人
30602,00700,全域,000,男女総数,011,１０歳,10000,群馬県,1980000000,1980年,人
105050,00700,全域,000,男女総数,011,１０歳,11000,埼玉県,1980000000,1980年,人
86999,00700,全域,000,男女総数,011,１０歳,12000,千葉県,1980000000,1980年,人
171209,00700,全域,000,男女総数,011,１０歳,13000,東京都,1980000000,1980年,人
121738,00700,全域,000,男女総数,011,１０歳,14000,神奈川県,1980000000,1980年,人
37044,00700,全域,000,男女総数,011,１０歳,15000,新潟県,1980000000,1980年,人
17359,00700,全域,000,男女総数,011,１０歳,16000,富山県,1980000000,1980年,人
18331,00700,全域,000,男女総数,011,１０歳,17000,石川県,1980000000,1980年,人
12390,00700,全域,000,男女総数,011,１０歳,18000,福井県,1980000000,1980年,人
12966,00700,全域,000,男女総数,011,１０歳,19000,山梨県,1980000000,1980年,人
32257,00700,全域,000,男女総数,011,１０歳,20000,長野県,1980000000,1980年,人
33467,00700,全域,000,男女総数,011,１０歳,21000,岐阜県,1980000000,1980年,人
57689,00700,全域,000,男女総数,011,１０歳,22000,静岡県,1980000000,1980年,人
109871,00700,全域,000,男女総数,011,１０歳,23000,愛知県,1980000000,1980年,人
27406,00700,全域,000,男女総数,011,１０歳,24000,三重県,1980000000,1980年,人
17814,00700,全域,000,男女総数,011,１０歳,25000,滋賀県,1980000000,1980年,人
40380,00700,全域,000,男女総数,011,１０歳,26000,京都府,1980000000,1980年,人
150735,00700,全域,000,男女総数,011,１０歳,27000,大阪府,1980000000,1980年,人
86772,00700,全域,000,男女総数,011,１０歳,28000,兵庫県,1980000000,1980年,人
21080,00700,全域,000,男女総数,011,１０歳,29000,奈良県,1980000000,1980年,人
17664,00700,全域,000,男女総数,011,１０歳,30000,和歌山県,1980000000,1980年,人
8502,00700,全域,000,男女総数,011,１０歳,31000,鳥取県,1980000000,1980年,人
11257,00700,全域,000,男女総数,011,１０歳,32000,島根県,1980000000,1980年,人
29482,00700,全域,000,男女総数,011,１０歳,33000,岡山県,1980000000,1980年,人
44809,00700,全域,000,男女総数,011,１０歳,34000,広島県,1980000000,1980年,人
24877,00700,全域,000,男女総数,011,１０歳,35000,山口県,1980000000,1980年,人
12108,00700,全域,000,男女総数,011,１０歳,36000,徳島県,1980000000,1980年,人
15300,00700,全域,000,男女総数,011,１０歳,37000,香川県,1980000000,1980年,人
23470,00700,全域,000,男女総数,011,１０歳,38000,愛媛県,1980000000,1980年,人
12152,00700,全域,000,男女総数,011,１０歳,39000,高知県,1980000000,1980年,人
70962,00700,全域,000,男女総数,011,１０歳,40000,福岡県,1980000000,1980年,人
13357,00700,全域,000,男女総数,011,１０歳,41000,佐賀県,1980000000,1980年,人
26489,00700,全域,000,男女総数,011,１０歳,42000,長崎県,1980000000,1980年,人
26334,00700,全域,000,男女総数,011,１０歳,43000,熊本県,1980000000,1980年,人
18611,00700,全域,000,男女総数,011,１０歳,44000,大分県,1980000000,1980年,人
18083,00700,全域,000,男女総数,011,１０歳,45000,宮崎県,1980000000,1980年,人
26744,00700,全域,000,男女総数,011,１０歳,46000,鹿児島県,1980000000,1980年,人
21854,00700,全域,000,男女総数,011,１０歳,47000,沖縄県,1980000000,1980年,人
1890500,00700,全域,000,男女総数,012,１１歳,00000,全国,1980000000,1980年,人
1456411,00700,全域,000,男女総数,012,１１歳,00001,全国市部,1980000000,1980年,人
434089,00700,全域,000,男女総数,012,１１歳,00002,全国郡部,1980000000,1980年,人
88159,00700,全域,000,男女総数,012,１１歳,01000,北海道,1980000000,1980年,人
25870,00700,全域,000,男女総数,012,１１歳,02000,青森県,1980000000,1980年,人
22688,00700,全域,000,男女総数,012,１１歳,03000,岩手県,1980000000,1980年,人
31092,00700,全域,000,男女総数,012,１１歳,04000,宮城県,1980000000,1980年,人
17843,00700,全域,000,男女総数,012,１１歳,05000,秋田県,1980000000,1980年,人
17261,00700,全域,000,男女総数,012,１１歳,06000,山形県,1980000000,1980年,人
30408,00700,全域,000,男女総数,012,１１歳,07000,福島県,1980000000,1980年,人
42108,00700,全域,000,男女総数,012,１１歳,08000,茨城県,1980000000,1980年,人
28666,00700,全域,000,男女総数,012,１１歳,09000,栃木県,1980000000,1980年,人
29875,00700,全域,000,男女総数,012,１１歳,10000,群馬県,1980000000,1980年,人
101360,00700,全域,000,男女総数,012,１１歳,11000,埼玉県,1980000000,1980年,人
84274,00700,全域,000,男女総数,012,１１歳,12000,千葉県,1980000000,1980年,人
170808,00700,全域,000,男女総数,012,１１歳,13000,東京都,1980000000,1980年,人
118333,00700,全域,000,男女総数,012,１１歳,14000,神奈川県,1980000000,1980年,人
37860,00700,全域,000,男女総数,012,１１歳,15000,新潟県,1980000000,1980年,人
17283,00700,全域,000,男女総数,012,１１歳,16000,富山県,1980000000,1980年,人
17290,00700,全域,000,男女総数,012,１１歳,17000,石川県,1980000000,1980年,人
12011,00700,全域,000,男女総数,012,１１歳,18000,福井県,1980000000,1980年,人
13085,00700,全域,000,男女総数,012,１１歳,19000,山梨県,1980000000,1980年,人
32027,00700,全域,000,男女総数,012,１１歳,20000,長野県,1980000000,1980年,人
32669,00700,全域,000,男女総数,012,１１歳,21000,岐阜県,1980000000,1980年,人
57076,00700,全域,000,男女総数,012,１１歳,22000,静岡県,1980000000,1980年,人
106748,00700,全域,000,男女総数,012,１１歳,23000,愛知県,1980000000,1980年,人
26861,00700,全域,000,男女総数,012,１１歳,24000,三重県,1980000000,1980年,人
17402,00700,全域,000,男女総数,012,１１歳,25000,滋賀県,1980000000,1980年,人
39431,00700,全域,000,男女総数,012,１１歳,26000,京都府,1980000000,1980年,人
147186,00700,全域,000,男女総数,012,１１歳,27000,大阪府,1980000000,1980年,人
84668,00700,全域,000,男女総数,012,１１歳,28000,兵庫県,1980000000,1980年,人
20212,00700,全域,000,男女総数,012,１１歳,29000,奈良県,1980000000,1980年,人
17192,00700,全域,000,男女総数,012,１１歳,30000,和歌山県,1980000000,1980年,人
8530,00700,全域,000,男女総数,012,１１歳,31000,鳥取県,1980000000,1980年,人
11157,00700,全域,000,男女総数,012,１１歳,32000,島根県,1980000000,1980年,人
28766,00700,全域,000,男女総数,012,１１歳,33000,岡山県,1980000000,1980年,人
43844,00700,全域,000,男女総数,012,１１歳,34000,広島県,1980000000,1980年,人
24726,00700,全域,000,男女総数,012,１１歳,35000,山口県,1980000000,1980年,人
11834,00700,全域,000,男女総数,012,１１歳,36000,徳島県,1980000000,1980年,人
14699,00700,全域,000,男女総数,012,１１歳,37000,香川県,1980000000,1980年,人
23308,00700,全域,000,男女総数,012,１１歳,38000,愛媛県,1980000000,1980年,人
11722,00700,全域,000,男女総数,012,１１歳,39000,高知県,1980000000,1980年,人
70126,00700,全域,000,男女総数,012,１１歳,40000,福岡県,1980000000,1980年,人
13700,00700,全域,000,男女総数,012,１１歳,41000,佐賀県,1980000000,1980年,人
27353,00700,全域,000,男女総数,012,１１歳,42000,長崎県,1980000000,1980年,人
26651,00700,全域,000,男女総数,012,１１歳,43000,熊本県,1980000000,1980年,人
19105,00700,全域,000,男女総数,012,１１歳,44000,大分県,1980000000,1980年,人
18011,00700,全域,000,男女総数,012,１１歳,45000,宮崎県,1980000000,1980年,人
27149,00700,全域,000,男女総数,012,１１歳,46000,鹿児島県,1980000000,1980年,人
22073,00700,全域,000,男女総数,012,１１歳,47000,沖縄県,1980000000,1980年,人
1848293,00700,全域,000,男女総数,013,１２歳,00000,全国,1980000000,1980年,人
1414990,00700,全域,000,男女総数,013,１２歳,00001,全国市部,1980000000,1980年,人
433303,00700,全域,000,男女総数,013,１２歳,00002,全国郡部,1980000000,1980年,人
87310,00700,全域,000,男女総数,013,１２歳,01000,北海道,1980000000,1980年,人
26396,00700,全域,000,男女総数,013,１２歳,02000,青森県,1980000000,1980年,人
23021,00700,全域,000,男女総数,013,１２歳,03000,岩手県,1980000000,1980年,人
30959,00700,全域,000,男女総数,013,１２歳,04000,宮城県,1980000000,1980年,人
18170,00700,全域,000,男女総数,013,１２歳,05000,秋田県,1980000000,1980年,人
17447,00700,全域,000,男女総数,013,１２歳,06000,山形県,1980000000,1980年,人
30868,00700,全域,000,男女総数,013,１２歳,07000,福島県,1980000000,1980年,人
41298,00700,全域,000,男女総数,013,１２歳,08000,茨城県,1980000000,1980年,人
27708,00700,全域,000,男女総数,013,１２歳,09000,栃木県,1980000000,1980年,人
29615,00700,全域,000,男女総数,013,１２歳,10000,群馬県,1980000000,1980年,人
96277,00700,全域,000,男女総数,013,１２歳,11000,埼玉県,1980000000,1980年,人
80570,00700,全域,000,男女総数,013,１２歳,12000,千葉県,1980000000,1980年,人
166207,00700,全域,000,男女総数,013,１２歳,13000,東京都,1980000000,1980年,人
113135,00700,全域,000,男女総数,013,１２歳,14000,神奈川県,1980000000,1980年,人
37689,00700,全域,000,男女総数,013,１２歳,15000,新潟県,1980000000,1980年,人
16487,00700,全域,000,男女総数,013,１２歳,16000,富山県,1980000000,1980年,人
17078,00700,全域,000,男女総数,013,１２歳,17000,石川県,1980000000,1980年,人
12291,00700,全域,000,男女総数,013,１２歳,18000,福井県,1980000000,1980年,人
12954,00700,全域,000,男女総数,013,１２歳,19000,山梨県,1980000000,1980年,人
31336,00700,全域,000,男女総数,013,１２歳,20000,長野県,1980000000,1980年,人
32495,00700,全域,000,男女総数,013,１２歳,21000,岐阜県,1980000000,1980年,人
55527,00700,全域,000,男女総数,013,１２歳,22000,静岡県,1980000000,1980年,人
104212,00700,全域,000,男女総数,013,１２歳,23000,愛知県,1980000000,1980年,人
26899,00700,全域,000,男女総数,013,１２歳,24000,三重県,1980000000,1980年,人
16884,00700,全域,000,男女総数,013,１２歳,25000,滋賀県,1980000000,1980年,人
38003,00700,全域,000,男女総数,013,１２歳,26000,京都府,1980000000,1980年,人
141928,00700,全域,000,男女総数,013,１２歳,27000,大阪府,1980000000,1980年,人
82108,00700,全域,000,男女総数,013,１２歳,28000,兵庫県,1980000000,1980年,人
19611,00700,全域,000,男女総数,013,１２歳,29000,奈良県,1980000000,1980年,人
17041,00700,全域,000,男女総数,013,１２歳,30000,和歌山県,1980000000,1980年,人
8337,00700,全域,000,男女総数,013,１２歳,31000,鳥取県,1980000000,1980年,人
11172,00700,全域,000,男女総数,013,１２歳,32000,島根県,1980000000,1980年,人
27580,00700,全域,000,男女総数,013,１２歳,33000,岡山県,1980000000,1980年,人
42334,00700,全域,000,男女総数,013,１２歳,34000,広島県,1980000000,1980年,人
24079,00700,全域,000,男女総数,013,１２歳,35000,山口県,1980000000,1980年,人
11790,00700,全域,000,男女総数,013,１２歳,36000,徳島県,1980000000,1980年,人
14384,00700,全域,000,男女総数,013,１２歳,37000,香川県,1980000000,1980年,人
23483,00700,全域,000,男女総数,013,１２歳,38000,愛媛県,1980000000,1980年,人
11377,00700,全域,000,男女総数,013,１２歳,39000,高知県,1980000000,1980年,人
68587,00700,全域,000,男女総数,013,１２歳,40000,福岡県,1980000000,1980年,人
13678,00700,全域,000,男女総数,013,１２歳,41000,佐賀県,1980000000,1980年,人
26989,00700,全域,000,男女総数,013,１２歳,42000,長崎県,1980000000,1980年,人
26787,00700,全域,000,男女総数,013,１２歳,43000,熊本県,1980000000,1980年,人
18642,00700,全域,000,男女総数,013,１２歳,44000,大分県,1980000000,1980年,人
17972,00700,全域,000,男女総数,013,１２歳,45000,宮崎県,1980000000,1980年,人
27711,00700,全域,000,男女総数,013,１２歳,46000,鹿児島県,1980000000,1980年,人
21867,00700,全域,000,男女総数,013,１２歳,47000,沖縄県,1980000000,1980年,人
1854487,00700,全域,000,男女総数,014,１３歳,00000,全国,1980000000,1980年,人
1412283,00700,全域,000,男女総数,014,１３歳,00001,全国市部,1980000000,1980年,人
442204,00700,全域,000,男女総数,014,１３歳,00002,全国郡部,1980000000,1980年,人
90078,00700,全域,000,男女総数,014,１３歳,01000,北海道,1980000000,1980年,人
26352,00700,全域,000,男女総数,014,１３歳,02000,青森県,1980000000,1980年,人
23203,00700,全域,000,男女総数,014,１３歳,03000,岩手県,1980000000,1980年,人
31692,00700,全域,000,男女総数,014,１３歳,04000,宮城県,1980000000,1980年,人
18794,00700,全域,000,男女総数,014,１３歳,05000,秋田県,1980000000,1980年,人
18391,00700,全域,000,男女総数,014,１３歳,06000,山形県,1980000000,1980年,人
32040,00700,全域,000,男女総数,014,１３歳,07000,福島県,1980000000,1980年,人
41364,00700,全域,000,男女総数,014,１３歳,08000,茨城県,1980000000,1980年,人
28067,00700,全域,000,男女総数,014,１３歳,09000,栃木県,1980000000,1980年,人
29930,00700,全域,000,男女総数,014,１３歳,10000,群馬県,1980000000,1980年,人
95881,00700,全域,000,男女総数,014,１３歳,11000,埼玉県,1980000000,1980年,人
79161,00700,全域,000,男女総数,014,１３歳,12000,千葉県,1980000000,1980年,人
167832,00700,全域,000,男女総数,014,１３歳,13000,東京都,1980000000,1980年,人
112036,00700,全域,000,男女総数,014,１３歳,14000,神奈川県,1980000000,1980年,人
39287,00700,全域,000,男女総数,014,１３歳,15000,新潟県,1980000000,1980年,人
16726,00700,全域,000,男女総数,014,１３歳,16000,富山県,1980000000,1980年,人
17346,00700,全域,000,男女総数,014,１３歳,17000,石川県,1980000000,1980年,人
12494,00700,全域,000,男女総数,014,１３歳,18000,福井県,1980000000,1980年,人
13179,00700,全域,000,男女総数,014,１３歳,19000,山梨県,1980000000,1980年,人
31930,00700,全域,000,男女総数,014,１３歳,20000,長野県,1980000000,1980年,人
32182,00700,全域,000,男女総数,014,１３歳,21000,岐阜県,1980000000,1980年,人
56191,00700,全域,000,男女総数,014,１３歳,22000,静岡県,1980000000,1980年,人
100872,00700,全域,000,男女総数,014,１３歳,23000,愛知県,1980000000,1980年,人
26326,00700,全域,000,男女総数,014,１３歳,24000,三重県,1980000000,1980年,人
16531,00700,全域,000,男女総数,014,１３歳,25000,滋賀県,1980000000,1980年,人
37242,00700,全域,000,男女総数,014,１３歳,26000,京都府,1980000000,1980年,人
138754,00700,全域,000,男女総数,014,１３歳,27000,大阪府,1980000000,1980年,人
80814,00700,全域,000,男女総数,014,１３歳,28000,兵庫県,1980000000,1980年,人
19118,00700,全域,000,男女総数,014,１３歳,29000,奈良県,1980000000,1980年,人
17083,00700,全域,000,男女総数,014,１３歳,30000,和歌山県,1980000000,1980年,人
8842,00700,全域,000,男女総数,014,１３歳,31000,鳥取県,1980000000,1980年,人
11812,00700,全域,000,男女総数,014,１３歳,32000,島根県,1980000000,1980年,人
27447,00700,全域,000,男女総数,014,１３歳,33000,岡山県,1980000000,1980年,人
41649,00700,全域,000,男女総数,014,１３歳,34000,広島県,1980000000,1980年,人
24422,00700,全域,000,男女総数,014,１３歳,35000,山口県,1980000000,1980年,人
12413,00700,全域,000,男女総数,014,１３歳,36000,徳島県,1980000000,1980年,人
14424,00700,全域,000,男女総数,014,１３歳,37000,香川県,1980000000,1980年,人
23263,00700,全域,000,男女総数,014,１３歳,38000,愛媛県,1980000000,1980年,人
11605,00700,全域,000,男女総数,014,１３歳,39000,高知県,1980000000,1980年,人
68611,00700,全域,000,男女総数,014,１３歳,40000,福岡県,1980000000,1980年,人
13744,00700,全域,000,男女総数,014,１３歳,41000,佐賀県,1980000000,1980年,人
27928,00700,全域,000,男女総数,014,１３歳,42000,長崎県,1980000000,1980年,人
28668,00700,全域,000,男女総数,014,１３歳,43000,熊本県,1980000000,1980年,人
19488,00700,全域,000,男女総数,014,１３歳,44000,大分県,1980000000,1980年,人
18354,00700,全域,000,男女総数,014,１３歳,45000,宮崎県,1980000000,1980年,人
29404,00700,全域,000,男女総数,014,１３歳,46000,鹿児島県,1980000000,1980年,人
21517,00700,全域,000,男女総数,014,１３歳,47000,沖縄県,1980000000,1980年,人
1445230,00700,全域,000,男女総数,015,１４歳,00000,全国,1980000000,1980年,人
1101572,00700,全域,000,男女総数,015,１４歳,00001,全国市部,1980000000,1980年,人
343658,00700,全域,000,男女総数,015,１４歳,00002,全国郡部,1980000000,1980年,人
71379,00700,全域,000,男女総数,015,１４歳,01000,北海道,1980000000,1980年,人
21506,00700,全域,000,男女総数,015,１４歳,02000,青森県,1980000000,1980年,人
18911,00700,全域,000,男女総数,015,１４歳,03000,岩手県,1980000000,1980年,人
24932,00700,全域,000,男女総数,015,１４歳,04000,宮城県,1980000000,1980年,人
14784,00700,全域,000,男女総数,015,１４歳,05000,秋田県,1980000000,1980年,人
14323,00700,全域,000,男女総数,015,１４歳,06000,山形県,1980000000,1980年,人
25944,00700,全域,000,男女総数,015,１４歳,07000,福島県,1980000000,1980年,人
31244,00700,全域,000,男女総数,015,１４歳,08000,茨城県,1980000000,1980年,人
21760,00700,全域,000,男女総数,015,１４歳,09000,栃木県,1980000000,1980年,人
21864,00700,全域,000,男女総数,015,１４歳,10000,群馬県,1980000000,1980年,人
71941,00700,全域,000,男女総数,015,１４歳,11000,埼玉県,1980000000,1980年,人
59369,00700,全域,000,男女総数,015,１４歳,12000,千葉県,1980000000,1980年,人
137366,00700,全域,000,男女総数,015,１４歳,13000,東京都,1980000000,1980年,人
87372,00700,全域,000,男女総数,015,１４歳,14000,神奈川県,1980000000,1980年,人
30200,00700,全域,000,男女総数,015,１４歳,15000,新潟県,1980000000,1980年,人
12526,00700,全域,000,男女総数,015,１４歳,16000,富山県,1980000000,1980年,人
13219,00700,全域,000,男女総数,015,１４歳,17000,石川県,1980000000,1980年,人
8844,00700,全域,000,男女総数,015,１４歳,18000,福井県,1980000000,1980年,人
10689,00700,全域,000,男女総数,015,１４歳,19000,山梨県,1980000000,1980年,人
25380,00700,全域,000,男女総数,015,１４歳,20000,長野県,1980000000,1980年,人
23653,00700,全域,000,男女総数,015,１４歳,21000,岐阜県,1980000000,1980年,人
42169,00700,全域,000,男女総数,015,１４歳,22000,静岡県,1980000000,1980年,人
77074,00700,全域,000,男女総数,015,１４歳,23000,愛知県,1980000000,1980年,人
19637,00700,全域,000,男女総数,015,１４歳,24000,三重県,1980000000,1980年,人
12446,00700,全域,000,男女総数,015,１４歳,25000,滋賀県,1980000000,1980年,人
29233,00700,全域,000,男女総数,015,１４歳,26000,京都府,1980000000,1980年,人
108495,00700,全域,000,男女総数,015,１４歳,27000,大阪府,1980000000,1980年,人
63608,00700,全域,000,男女総数,015,１４歳,28000,兵庫県,1980000000,1980年,人
14260,00700,全域,000,男女総数,015,１４歳,29000,奈良県,1980000000,1980年,人
12825,00700,全域,000,男女総数,015,１４歳,30000,和歌山県,1980000000,1980年,人
6704,00700,全域,000,男女総数,015,１４歳,31000,鳥取県,1980000000,1980年,人
9171,00700,全域,000,男女総数,015,１４歳,32000,島根県,1980000000,1980年,人
21606,00700,全域,000,男女総数,015,１４歳,33000,岡山県,1980000000,1980年,人
31923,00700,全域,000,男女総数,015,１４歳,34000,広島県,1980000000,1980年,人
18006,00700,全域,000,男女総数,015,１４歳,35000,山口県,1980000000,1980年,人
9341,00700,全域,000,男女総数,015,１４歳,36000,徳島県,1980000000,1980年,人
10544,00700,全域,000,男女総数,015,１４歳,37000,香川県,1980000000,1980年,人
17682,00700,全域,000,男女総数,015,１４歳,38000,愛媛県,1980000000,1980年,人
8632,00700,全域,000,男女総数,015,１４歳,39000,高知県,1980000000,1980年,人
54743,00700,全域,000,男女総数,015,１４歳,40000,福岡県,1980000000,1980年,人
11780,00700,全域,000,男女総数,015,１４歳,41000,佐賀県,1980000000,1980年,人
23080,00700,全域,000,男女総数,015,１４歳,42000,長崎県,1980000000,1980年,人
23193,00700,全域,000,男女総数,015,１４歳,43000,熊本県,1980000000,1980年,人
14074,00700,全域,000,男女総数,015,１４歳,44000,大分県,1980000000,1980年,人
14514,00700,全域,000,男女総数,015,１４歳,45000,宮崎県,1980000000,1980年,人
24941,00700,全域,000,男女総数,015,１４歳,46000,鹿児島県,1980000000,1980年,人
18343,00700,全域,000,男女総数,015,１４歳,47000,沖縄県,1980000000,1980年,人
1794958,00700,全域,000,男女総数,016,１５歳,00000,全国,1980000000,1980年,人
1363630,00700,全域,000,男女総数,016,１５歳,00001,全国市部,1980000000,1980年,人
431328,00700,全域,000,男女総数,016,１５歳,00002,全国郡部,1980000000,1980年,人
87159,00700,全域,000,男女総数,016,１５歳,01000,北海道,1980000000,1980年,人
26362,00700,全域,000,男女総数,016,１５歳,02000,青森県,1980000000,1980年,人
23341,00700,全域,000,男女総数,016,１５歳,03000,岩手県,1980000000,1980年,人
30520,00700,全域,000,男女総数,016,１５歳,04000,宮城県,1980000000,1980年,人
19103,00700,全域,000,男女総数,016,１５歳,05000,秋田県,1980000000,1980年,人
18476,00700,全域,000,男女総数,016,１５歳,06000,山形県,1980000000,1980年,人
32536,00700,全域,000,男女総数,016,１５歳,07000,福島県,1980000000,1980年,人
38961,00700,全域,000,男女総数,016,１５歳,08000,茨城県,1980000000,1980年,人
27027,00700,全域,000,男女総数,016,１５歳,09000,栃木県,1980000000,1980年,人
28442,00700,全域,000,男女総数,016,１５歳,10000,群馬県,1980000000,1980年,人
85795,00700,全域,000,男女総数,016,１５歳,11000,埼玉県,1980000000,1980年,人
72530,00700,全域,000,男女総数,016,１５歳,12000,千葉県,1980000000,1980年,人
163386,00700,全域,000,男女総数,016,１５歳,13000,東京都,1980000000,1980年,人
103664,00700,全域,000,男女総数,016,１５歳,14000,神奈川県,1980000000,1980年,人
38325,00700,全域,000,男女総数,016,１５歳,15000,新潟県,1980000000,1980年,人
15973,00700,全域,000,男女総数,016,１５歳,16000,富山県,1980000000,1980年,人
16640,00700,全域,000,男女総数,016,１５歳,17000,石川県,1980000000,1980年,人
12506,00700,全域,000,男女総数,016,１５歳,18000,福井県,1980000000,1980年,人
12914,00700,全域,000,男女総数,016,１５歳,19000,山梨県,1980000000,1980年,人
31265,00700,全域,000,男女総数,016,１５歳,20000,長野県,1980000000,1980年,人
32421,00700,全域,000,男女総数,016,１５歳,21000,岐阜県,1980000000,1980年,人
55114,00700,全域,000,男女総数,016,１５歳,22000,静岡県,1980000000,1980年,人
99615,00700,全域,000,男女総数,016,１５歳,23000,愛知県,1980000000,1980年,人
27732,00700,全域,000,男女総数,016,１５歳,24000,三重県,1980000000,1980年,人
16157,00700,全域,000,男女総数,016,１５歳,25000,滋賀県,1980000000,1980年,人
36069,00700,全域,000,男女総数,016,１５歳,26000,京都府,1980000000,1980年,人
133583,00700,全域,000,男女総数,016,１５歳,27000,大阪府,1980000000,1980年,人
78018,00700,全域,000,男女総数,016,１５歳,28000,兵庫県,1980000000,1980年,人
18556,00700,全域,000,男女総数,016,１５歳,29000,奈良県,1980000000,1980年,人
17318,00700,全域,000,男女総数,016,１５歳,30000,和歌山県,1980000000,1980年,人
8740,00700,全域,000,男女総数,016,１５歳,31000,鳥取県,1980000000,1980年,人
11465,00700,全域,000,男女総数,016,１５歳,32000,島根県,1980000000,1980年,人
27600,00700,全域,000,男女総数,016,１５歳,33000,岡山県,1980000000,1980年,人
39781,00700,全域,000,男女総数,016,１５歳,34000,広島県,1980000000,1980年,人
23417,00700,全域,000,男女総数,016,１５歳,35000,山口県,1980000000,1980年,人
12689,00700,全域,000,男女総数,016,１５歳,36000,徳島県,1980000000,1980年,人
14506,00700,全域,000,男女総数,016,１５歳,37000,香川県,1980000000,1980年,人
24265,00700,全域,000,男女総数,016,１５歳,38000,愛媛県,1980000000,1980年,人
11708,00700,全域,000,男女総数,016,１５歳,39000,高知県,1980000000,1980年,人
65006,00700,全域,000,男女総数,016,１５歳,40000,福岡県,1980000000,1980年,人
13751,00700,全域,000,男女総数,016,１５歳,41000,佐賀県,1980000000,1980年,人
27267,00700,全域,000,男女総数,016,１５歳,42000,長崎県,1980000000,1980年,人
28244,00700,全域,000,男女総数,016,１５歳,43000,熊本県,1980000000,1980年,人
18936,00700,全域,000,男女総数,016,１５歳,44000,大分県,1980000000,1980年,人
18152,00700,全域,000,男女総数,016,１５歳,45000,宮崎県,1980000000,1980年,人
29127,00700,全域,000,男女総数,016,１５歳,46000,鹿児島県,1980000000,1980年,人
20796,00700,全域,000,男女総数,016,１５歳,47000,沖縄県,1980000000,1980年,人
1682121,00700,全域,000,男女総数,017,１６歳,00000,全国,1980000000,1980年,人
1274878,00700,全域,000,男女総数,017,１６歳,00001,全国市部,1980000000,1980年,人
407243,00700,全域,000,男女総数,017,１６歳,00002,全国郡部,1980000000,1980年,人
83541,00700,全域,000,男女総数,017,１６歳,01000,北海道,1980000000,1980年,人
25520,00700,全域,000,男女総数,017,１６歳,02000,青森県,1980000000,1980年,人
22698,00700,全域,000,男女総数,017,１６歳,03000,岩手県,1980000000,1980年,人
29454,00700,全域,000,男女総数,017,１６歳,04000,宮城県,1980000000,1980年,人
19091,00700,全域,000,男女総数,017,１６歳,05000,秋田県,1980000000,1980年,人
18406,00700,全域,000,男女総数,017,１６歳,06000,山形県,1980000000,1980年,人
31590,00700,全域,000,男女総数,017,１６歳,07000,福島県,1980000000,1980年,人
36510,00700,全域,000,男女総数,017,１６歳,08000,茨城県,1980000000,1980年,人
25500,00700,全域,000,男女総数,017,１６歳,09000,栃木県,1980000000,1980年,人
26761,00700,全域,000,男女総数,017,１６歳,10000,群馬県,1980000000,1980年,人
76887,00700,全域,000,男女総数,017,１６歳,11000,埼玉県,1980000000,1980年,人
65702,00700,全域,000,男女総数,017,１６歳,12000,千葉県,1980000000,1980年,人
152465,00700,全域,000,男女総数,017,１６歳,13000,東京都,1980000000,1980年,人
93575,00700,全域,000,男女総数,017,１６歳,14000,神奈川県,1980000000,1980年,人
36028,00700,全域,000,男女総数,017,１６歳,15000,新潟県,1980000000,1980年,人
15451,00700,全域,000,男女総数,017,１６歳,16000,富山県,1980000000,1980年,人
15754,00700,全域,000,男女総数,017,１６歳,17000,石川県,1980000000,1980年,人
11735,00700,全域,000,男女総数,017,１６歳,18000,福井県,1980000000,1980年,人
12848,00700,全域,000,男女総数,017,１６歳,19000,山梨県,1980000000,1980年,人
29432,00700,全域,000,男女総数,017,１６歳,20000,長野県,1980000000,1980年,人
30059,00700,全域,000,男女総数,017,１６歳,21000,岐阜県,1980000000,1980年,人
50955,00700,全域,000,男女総数,017,１６歳,22000,静岡県,1980000000,1980年,人
91238,00700,全域,000,男女総数,017,１６歳,23000,愛知県,1980000000,1980年,人
26190,00700,全域,000,男女総数,017,１６歳,24000,三重県,1980000000,1980年,人
14974,00700,全域,000,男女総数,017,１６歳,25000,滋賀県,1980000000,1980年,人
33205,00700,全域,000,男女総数,017,１６歳,26000,京都府,1980000000,1980年,人
121599,00700,全域,000,男女総数,017,１６歳,27000,大阪府,1980000000,1980年,人
72457,00700,全域,000,男女総数,017,１６歳,28000,兵庫県,1980000000,1980年,人
17377,00700,全域,000,男女総数,017,１６歳,29000,奈良県,1980000000,1980年,人
16253,00700,全域,000,男女総数,017,１６歳,30000,和歌山県,1980000000,1980年,人
8690,00700,全域,000,男女総数,017,１６歳,31000,鳥取県,1980000000,1980年,人
11463,00700,全域,000,男女総数,017,１６歳,32000,島根県,1980000000,1980年,人
26740,00700,全域,000,男女総数,017,１６歳,33000,岡山県,1980000000,1980年,人
36694,00700,全域,000,男女総数,017,１６歳,34000,広島県,1980000000,1980年,人
22131,00700,全域,000,男女総数,017,１６歳,35000,山口県,1980000000,1980年,人
11943,00700,全域,000,男女総数,017,１６歳,36000,徳島県,1980000000,1980年,人
13763,00700,全域,000,男女総数,017,１６歳,37000,香川県,1980000000,1980年,人
22574,00700,全域,000,男女総数,017,１６歳,38000,愛媛県,1980000000,1980年,人
11260,00700,全域,000,男女総数,017,１６歳,39000,高知県,1980000000,1980年,人
61036,00700,全域,000,男女総数,017,１６歳,40000,福岡県,1980000000,1980年,人
13303,00700,全域,000,男女総数,017,１６歳,41000,佐賀県,1980000000,1980年,人
25986,00700,全域,000,男女総数,017,１６歳,42000,長崎県,1980000000,1980年,人
27401,00700,全域,000,男女総数,017,１６歳,43000,熊本県,1980000000,1980年,人
18203,00700,全域,000,男女総数,017,１６歳,44000,大分県,1980000000,1980年,人
17590,00700,全域,000,男女総数,017,１６歳,45000,宮崎県,1980000000,1980年,人
29513,00700,全域,000,男女総数,017,１６歳,46000,鹿児島県,1980000000,1980年,人
20576,00700,全域,000,男女総数,017,１６歳,47000,沖縄県,1980000000,1980年,人
1638131,00700,全域,000,男女総数,018,１７歳,00000,全国,1980000000,1980年,人
1234275,00700,全域,000,男女総数,018,１７歳,00001,全国市部,1980000000,1980年,人
403856,00700,全域,000,男女総数,018,１７歳,00002,全国郡部,1980000000,1980年,人
82607,00700,全域,000,男女総数,018,１７歳,01000,北海道,1980000000,1980年,人
24556,00700,全域,000,男女総数,018,１７歳,02000,青森県,1980000000,1980年,人
22526,00700,全域,000,男女総数,018,１７歳,03000,岩手県,1980000000,1980年,人
29157,00700,全域,000,男女総数,018,１７歳,04000,宮城県,1980000000,1980年,人
19249,00700,全域,000,男女総数,018,１７歳,05000,秋田県,1980000000,1980年,人
18418,00700,全域,000,男女総数,018,１７歳,06000,山形県,1980000000,1980年,人
32023,00700,全域,000,男女総数,018,１７歳,07000,福島県,1980000000,1980年,人
35392,00700,全域,000,男女総数,018,１７歳,08000,茨城県,1980000000,1980年,人
25299,00700,全域,000,男女総数,018,１７歳,09000,栃木県,1980000000,1980年,人
25396,00700,全域,000,男女総数,018,１７歳,10000,群馬県,1980000000,1980年,人
71492,00700,全域,000,男女総数,018,１７歳,11000,埼玉県,1980000000,1980年,人
61939,00700,全域,000,男女総数,018,１７歳,12000,千葉県,1980000000,1980年,人
146355,00700,全域,000,男女総数,018,１７歳,13000,東京都,1980000000,1980年,人
88526,00700,全域,000,男女総数,018,１７歳,14000,神奈川県,1980000000,1980年,人
35647,00700,全域,000,男女総数,018,１７歳,15000,新潟県,1980000000,1980年,人
15393,00700,全域,000,男女総数,018,１７歳,16000,富山県,1980000000,1980年,人
15632,00700,全域,000,男女総数,018,１７歳,17000,石川県,1980000000,1980年,人
11823,00700,全域,000,男女総数,018,１７歳,18000,福井県,1980000000,1980年,人
12503,00700,全域,000,男女総数,018,１７歳,19000,山梨県,1980000000,1980年,人
29611,00700,全域,000,男女総数,018,１７歳,20000,長野県,1980000000,1980年,人
29762,00700,全域,000,男女総数,018,１７歳,21000,岐阜県,1980000000,1980年,人
49708,00700,全域,000,男女総数,018,１７歳,22000,静岡県,1980000000,1980年,人
88895,00700,全域,000,男女総数,018,１７歳,23000,愛知県,1980000000,1980年,人
25449,00700,全域,000,男女総数,018,１７歳,24000,三重県,1980000000,1980年,人
14655,00700,全域,000,男女総数,018,１７歳,25000,滋賀県,1980000000,1980年,人
31879,00700,全域,000,男女総数,018,１７歳,26000,京都府,1980000000,1980年,人
116954,00700,全域,000,男女総数,018,１７歳,27000,大阪府,1980000000,1980年,人
70566,00700,全域,000,男女総数,018,１７歳,28000,兵庫県,1980000000,1980年,人
16445,00700,全域,000,男女総数,018,１７歳,29000,奈良県,1980000000,1980年,人
15742,00700,全域,000,男女総数,018,１７歳,30000,和歌山県,1980000000,1980年,人
8690,00700,全域,000,男女総数,018,１７歳,31000,鳥取県,1980000000,1980年,人
11319,00700,全域,000,男女総数,018,１７歳,32000,島根県,1980000000,1980年,人
25429,00700,全域,000,男女総数,018,１７歳,33000,岡山県,1980000000,1980年,人
35794,00700,全域,000,男女総数,018,１７歳,34000,広島県,1980000000,1980年,人
21938,00700,全域,000,男女総数,018,１７歳,35000,山口県,1980000000,1980年,人
11715,00700,全域,000,男女総数,018,１７歳,36000,徳島県,1980000000,1980年,人
12819,00700,全域,000,男女総数,018,１７歳,37000,香川県,1980000000,1980年,人
22158,00700,全域,000,男女総数,018,１７歳,38000,愛媛県,1980000000,1980年,人
11368,00700,全域,000,男女総数,018,１７歳,39000,高知県,1980000000,1980年,人
60246,00700,全域,000,男女総数,018,１７歳,40000,福岡県,1980000000,1980年,人
13245,00700,全域,000,男女総数,018,１７歳,41000,佐賀県,1980000000,1980年,人
26413,00700,全域,000,男女総数,018,１７歳,42000,長崎県,1980000000,1980年,人
27227,00700,全域,000,男女総数,018,１７歳,43000,熊本県,1980000000,1980年,人
18322,00700,全域,000,男女総数,018,１７歳,44000,大分県,1980000000,1980年,人
17484,00700,全域,000,男女総数,018,１７歳,45000,宮崎県,1980000000,1980年,人
29635,00700,全域,000,男女総数,018,１７歳,46000,鹿児島県,1980000000,1980年,人
20730,00700,全域,000,男女総数,018,１７歳,47000,沖縄県,1980000000,1980年,人
1589821,00700,全域,000,男女総数,019,１８歳,00000,全国,1980000000,1980年,人
1257302,00700,全域,000,男女総数,019,１８歳,00001,全国市部,1980000000,1980年,人
332519,00700,全域,000,男女総数,019,１８歳,00002,全国郡部,1980000000,1980年,人
79304,00700,全域,000,男女総数,019,１８歳,01000,北海道,1980000000,1980年,人
21801,00700,全域,000,男女総数,019,１８歳,02000,青森県,1980000000,1980年,人
18392,00700,全域,000,男女総数,019,１８歳,03000,岩手県,1980000000,1980年,人
31178,00700,全域,000,男女総数,019,１８歳,04000,宮城県,1980000000,1980年,人
15809,00700,全域,000,男女総数,019,１８歳,05000,秋田県,1980000000,1980年,人
15779,00700,全域,000,男女総数,019,１８歳,06000,山形県,1980000000,1980年,人
26982,00700,全域,000,男女総数,019,１８歳,07000,福島県,1980000000,1980年,人
32027,00700,全域,000,男女総数,019,１８歳,08000,茨城県,1980000000,1980年,人
21777,00700,全域,000,男女総数,019,１８歳,09000,栃木県,1980000000,1980年,人
22698,00700,全域,000,男女総数,019,１８歳,10000,群馬県,1980000000,1980年,人
71658,00700,全域,000,男女総数,019,１８歳,11000,埼玉県,1980000000,1980年,人
60263,00700,全域,000,男女総数,019,１８歳,12000,千葉県,1980000000,1980年,人
182868,00700,全域,000,男女総数,019,１８歳,13000,東京都,1980000000,1980年,人
98013,00700,全域,000,男女総数,019,１８歳,14000,神奈川県,1980000000,1980年,人
28762,00700,全域,000,男女総数,019,１８歳,15000,新潟県,1980000000,1980年,人
12690,00700,全域,000,男女総数,019,１８歳,16000,富山県,1980000000,1980年,人
14230,00700,全域,000,男女総数,019,１８歳,17000,石川県,1980000000,1980年,人
9519,00700,全域,000,男女総数,019,１８歳,18000,福井県,1980000000,1980年,人
10712,00700,全域,000,男女総数,019,１８歳,19000,山梨県,1980000000,1980年,人
24105,00700,全域,000,男女総数,019,１８歳,20000,長野県,1980000000,1980年,人
26634,00700,全域,000,男女総数,019,１８歳,21000,岐阜県,1980000000,1980年,人
43312,00700,全域,000,男女総数,019,１８歳,22000,静岡県,1980000000,1980年,人
93451,00700,全域,000,男女総数,019,１８歳,23000,愛知県,1980000000,1980年,人
21627,00700,全域,000,男女総数,019,１８歳,24000,三重県,1980000000,1980年,人
14122,00700,全域,000,男女総数,019,１８歳,25000,滋賀県,1980000000,1980年,人
37440,00700,全域,000,男女総数,019,１８歳,26000,京都府,1980000000,1980年,人
125261,00700,全域,000,男女総数,019,１８歳,27000,大阪府,1980000000,1980年,人
68617,00700,全域,000,男女総数,019,１８歳,28000,兵庫県,1980000000,1980年,人
16923,00700,全域,000,男女総数,019,１８歳,29000,奈良県,1980000000,1980年,人
13161,00700,全域,000,男女総数,019,１８歳,30000,和歌山県,1980000000,1980年,人
7405,00700,全域,000,男女総数,019,１８歳,31000,鳥取県,1980000000,1980年,人
8466,00700,全域,000,男女総数,019,１８歳,32000,島根県,1980000000,1980年,人
23534,00700,全域,000,男女総数,019,１８歳,33000,岡山県,1980000000,1980年,人
33968,00700,全域,000,男女総数,019,１８歳,34000,広島県,1980000000,1980年,人
18293,00700,全域,000,男女総数,019,１８歳,35000,山口県,1980000000,1980年,人
10035,00700,全域,000,男女総数,019,１８歳,36000,徳島県,1980000000,1980年,人
11779,00700,全域,000,男女総数,019,１８歳,37000,香川県,1980000000,1980年,人
17977,00700,全域,000,男女総数,019,１８歳,38000,愛媛県,1980000000,1980年,人
9004,00700,全域,000,男女総数,019,１８歳,39000,高知県,1980000000,1980年,人
64471,00700,全域,000,男女総数,019,１８歳,40000,福岡県,1980000000,1980年,人
11829,00700,全域,000,男女総数,019,１８歳,41000,佐賀県,1980000000,1980年,人
20887,00700,全域,000,男女総数,019,１８歳,42000,長崎県,1980000000,1980年,人
24745,00700,全域,000,男女総数,019,１８歳,43000,熊本県,1980000000,1980年,人
14864,00700,全域,000,男女総数,019,１８歳,44000,大分県,1980000000,1980年,人
13521,00700,全域,000,男女総数,019,１８歳,45000,宮崎県,1980000000,1980年,人
22311,00700,全域,000,男女総数,019,１８歳,46000,鹿児島県,1980000000,1980年,人
17617,00700,全域,000,男女総数,019,１８歳,47000,沖縄県,1980000000,1980年,人
1567214,00700,全域,000,男女総数,020,１９歳,00000,全国,1980000000,1980年,人
1297165,00700,全域,000,男女総数,020,１９歳,00001,全国市部,1980000000,1980年,人
270049,00700,全域,000,男女総数,020,１９歳,00002,全国郡部,1980000000,1980年,人
77489,00700,全域,000,男女総数,020,１９歳,01000,北海道,1980000000,1980年,人
18653,00700,全域,000,男女総数,020,１９歳,02000,青森県,1980000000,1980年,人
14152,00700,全域,000,男女総数,020,１９歳,03000,岩手県,1980000000,1980年,人
32780,00700,全域,000,男女総数,020,１９歳,04000,宮城県,1980000000,1980年,人
12564,00700,全域,000,男女総数,020,１９歳,05000,秋田県,1980000000,1980年,人
12837,00700,全域,000,男女総数,020,１９歳,06000,山形県,1980000000,1980年,人
22359,00700,全域,000,男女総数,020,１９歳,07000,福島県,1980000000,1980年,人
29825,00700,全域,000,男女総数,020,１９歳,08000,茨城県,1980000000,1980年,人
19628,00700,全域,000,男女総数,020,１９歳,09000,栃木県,1980000000,1980年,人
19911,00700,全域,000,男女総数,020,１９歳,10000,群馬県,1980000000,1980年,人
74349,00700,全域,000,男女総数,020,１９歳,11000,埼玉県,1980000000,1980年,人
61001,00700,全域,000,男女総数,020,１９歳,12000,千葉県,1980000000,1980年,人
231087,00700,全域,000,男女総数,020,１９歳,13000,東京都,1980000000,1980年,人
108213,00700,全域,000,男女総数,020,１９歳,14000,神奈川県,1980000000,1980年,人
23504,00700,全域,000,男女総数,020,１９歳,15000,新潟県,1980000000,1980年,人
10878,00700,全域,000,男女総数,020,１９歳,16000,富山県,1980000000,1980年,人
13585,00700,全域,000,男女総数,020,１９歳,17000,石川県,1980000000,1980年,人
8140,00700,全域,000,男女総数,020,１９歳,18000,福井県,1980000000,1980年,人
9522,00700,全域,000,男女総数,020,１９歳,19000,山梨県,1980000000,1980年,人
18971,00700,全域,000,男女総数,020,１９歳,20000,長野県,1980000000,1980年,人
24521,00700,全域,000,男女総数,020,１９歳,21000,岐阜県,1980000000,1980年,人
37107,00700,全域,000,男女総数,020,１９歳,22000,静岡県,1980000000,1980年,人
97551,00700,全域,000,男女総数,020,１９歳,23000,愛知県,1980000000,1980年,人
18569,00700,全域,000,男女総数,020,１９歳,24000,三重県,1980000000,1980年,人
13166,00700,全域,000,男女総数,020,１９歳,25000,滋賀県,1980000000,1980年,人
43422,00700,全域,000,男女総数,020,１９歳,26000,京都府,1980000000,1980年,人
129193,00700,全域,000,男女総数,020,１９歳,27000,大阪府,1980000000,1980年,人
65574,00700,全域,000,男女総数,020,１９歳,28000,兵庫県,1980000000,1980年,人
16522,00700,全域,000,男女総数,020,１９歳,29000,奈良県,1980000000,1980年,人
10654,00700,全域,000,男女総数,020,１９歳,30000,和歌山県,1980000000,1980年,人
5878,00700,全域,000,男女総数,020,１９歳,31000,鳥取県,1980000000,1980年,人
5984,00700,全域,000,男女総数,020,１９歳,32000,島根県,1980000000,1980年,人
20319,00700,全域,000,男女総数,020,１９歳,33000,岡山県,1980000000,1980年,人
31132,00700,全域,000,男女総数,020,１９歳,34000,広島県,1980000000,1980年,人
15323,00700,全域,000,男女総数,020,１９歳,35000,山口県,1980000000,1980年,人
8751,00700,全域,000,男女総数,020,１９歳,36000,徳島県,1980000000,1980年,人
9707,00700,全域,000,男女総数,020,１９歳,37000,香川県,1980000000,1980年,人
14188,00700,全域,000,男女総数,020,１９歳,38000,愛媛県,1980000000,1980年,人
7542,00700,全域,000,男女総数,020,１９歳,39000,高知県,1980000000,1980年,人
68913,00700,全域,000,男女総数,020,１９歳,40000,福岡県,1980000000,1980年,人
10006,00700,全域,000,男女総数,020,１９歳,41000,佐賀県,1980000000,1980年,人
16897,00700,全域,000,男女総数,020,１９歳,42000,長崎県,1980000000,1980年,人
21975,00700,全域,000,男女総数,020,１９歳,43000,熊本県,1980000000,1980年,人
11911,00700,全域,000,男女総数,020,１９歳,44000,大分県,1980000000,1980年,人
10839,00700,全域,000,男女総数,020,１９歳,45000,宮崎県,1980000000,1980年,人
17201,00700,全域,000,男女総数,020,１９歳,46000,鹿児島県,1980000000,1980年,人
14921,00700,全域,000,男女総数,020,１９歳,47000,沖縄県,1980000000,1980年,人
1574724,00700,全域,000,男女総数,021,２０歳,00000,全国,1980000000,1980年,人
1296021,00700,全域,000,男女総数,021,２０歳,00001,全国市部,1980000000,1980年,人
278703,00700,全域,000,男女総数,021,２０歳,00002,全国郡部,1980000000,1980年,人
76302,00700,全域,000,男女総数,021,２０歳,01000,北海道,1980000000,1980年,人
19288,00700,全域,000,男女総数,021,２０歳,02000,青森県,1980000000,1980年,人
14705,00700,全域,000,男女総数,021,２０歳,03000,岩手県,1980000000,1980年,人
31953,00700,全域,000,男女総数,021,２０歳,04000,宮城県,1980000000,1980年,人
13348,00700,全域,000,男女総数,021,２０歳,05000,秋田県,1980000000,1980年,人
13321,00700,全域,000,男女総数,021,２０歳,06000,山形県,1980000000,1980年,人
23165,00700,全域,000,男女総数,021,２０歳,07000,福島県,1980000000,1980年,人
30532,00700,全域,000,男女総数,021,２０歳,08000,茨城県,1980000000,1980年,人
20237,00700,全域,000,男女総数,021,２０歳,09000,栃木県,1980000000,1980年,人
19369,00700,全域,000,男女総数,021,２０歳,10000,群馬県,1980000000,1980年,人
72173,00700,全域,000,男女総数,021,２０歳,11000,埼玉県,1980000000,1980年,人
60729,00700,全域,000,男女総数,021,２０歳,12000,千葉県,1980000000,1980年,人
242822,00700,全域,000,男女総数,021,２０歳,13000,東京都,1980000000,1980年,人
106799,00700,全域,000,男女総数,021,２０歳,14000,神奈川県,1980000000,1980年,人
24376,00700,全域,000,男女総数,021,２０歳,15000,新潟県,1980000000,1980年,人
10983,00700,全域,000,男女総数,021,２０歳,16000,富山県,1980000000,1980年,人
13738,00700,全域,000,男女総数,021,２０歳,17000,石川県,1980000000,1980年,人
8497,00700,全域,000,男女総数,021,２０歳,18000,福井県,1980000000,1980年,人
9308,00700,全域,000,男女総数,021,２０歳,19000,山梨県,1980000000,1980年,人
19185,00700,全域,000,男女総数,021,２０歳,20000,長野県,1980000000,1980年,人
23897,00700,全域,000,男女総数,021,２０歳,21000,岐阜県,1980000000,1980年,人
37503,00700,全域,000,男女総数,021,２０歳,22000,静岡県,1980000000,1980年,人
93877,00700,全域,000,男女総数,021,２０歳,23000,愛知県,1980000000,1980年,人
18507,00700,全域,000,男女総数,021,２０歳,24000,三重県,1980000000,1980年,人
13059,00700,全域,000,男女総数,021,２０歳,25000,滋賀県,1980000000,1980年,人
44072,00700,全域,000,男女総数,021,２０歳,26000,京都府,1980000000,1980年,人
125624,00700,全域,000,男女総数,021,２０歳,27000,大阪府,1980000000,1980年,人
65475,00700,全域,000,男女総数,021,２０歳,28000,兵庫県,1980000000,1980年,人
16092,00700,全域,000,男女総数,021,２０歳,29000,奈良県,1980000000,1980年,人
11160,00700,全域,000,男女総数,021,２０歳,30000,和歌山県,1980000000,1980年,人
5942,00700,全域,000,男女総数,021,２０歳,31000,鳥取県,1980000000,1980年,人
6282,00700,全域,000,男女総数,021,２０歳,32000,島根県,1980000000,1980年,人
20247,00700,全域,000,男女総数,021,２０歳,33000,岡山県,1980000000,1980年,人
30864,00700,全域,000,男女総数,021,２０歳,34000,広島県,1980000000,1980年,人
15670,00700,全域,000,男女総数,021,２０歳,35000,山口県,1980000000,1980年,人
8796,00700,全域,000,男女総数,021,２０歳,36000,徳島県,1980000000,1980年,人
9787,00700,全域,000,男女総数,021,２０歳,37000,香川県,1980000000,1980年,人
15236,00700,全域,000,男女総数,021,２０歳,38000,愛媛県,1980000000,1980年,人
8053,00700,全域,000,男女総数,021,２０歳,39000,高知県,1980000000,1980年,人
67028,00700,全域,000,男女総数,021,２０歳,40000,福岡県,1980000000,1980年,人
10390,00700,全域,000,男女総数,021,２０歳,41000,佐賀県,1980000000,1980年,人
17888,00700,全域,000,男女総数,021,２０歳,42000,長崎県,1980000000,1980年,人
21767,00700,全域,000,男女総数,021,２０歳,43000,熊本県,1980000000,1980年,人
12436,00700,全域,000,男女総数,021,２０歳,44000,大分県,1980000000,1980年,人
11834,00700,全域,000,男女総数,021,２０歳,45000,宮崎県,1980000000,1980年,人
17989,00700,全域,000,男女総数,021,２０歳,46000,鹿児島県,1980000000,1980年,人
14419,00700,全域,000,男女総数,021,２０歳,47000,沖縄県,1980000000,1980年,人
1602101,00700,全域,000,男女総数,022,２１歳,00000,全国,1980000000,1980年,人
1301173,00700,全域,000,男女総数,022,２１歳,00001,全国市部,1980000000,1980年,人
300928,00700,全域,000,男女総数,022,２１歳,00002,全国郡部,1980000000,1980年,人
75857,00700,全域,000,男女総数,022,２１歳,01000,北海道,1980000000,1980年,人
20244,00700,全域,000,男女総数,022,２１歳,02000,青森県,1980000000,1980年,人
16009,00700,全域,000,男女総数,022,２１歳,03000,岩手県,1980000000,1980年,人
31766,00700,全域,000,男女総数,022,２１歳,04000,宮城県,1980000000,1980年,人
14189,00700,全域,000,男女総数,022,２１歳,05000,秋田県,1980000000,1980年,人
14047,00700,全域,000,男女総数,022,２１歳,06000,山形県,1980000000,1980年,人
24269,00700,全域,000,男女総数,022,２１歳,07000,福島県,1980000000,1980年,人
31526,00700,全域,000,男女総数,022,２１歳,08000,茨城県,1980000000,1980年,人
21573,00700,全域,000,男女総数,022,２１歳,09000,栃木県,1980000000,1980年,人
20666,00700,全域,000,男女総数,022,２１歳,10000,群馬県,1980000000,1980年,人
70024,00700,全域,000,男女総数,022,２１歳,11000,埼玉県,1980000000,1980年,人
60069,00700,全域,000,男女総数,022,２１歳,12000,千葉県,1980000000,1980年,人
243539,00700,全域,000,男女総数,022,２１歳,13000,東京都,1980000000,1980年,人
105123,00700,全域,000,男女総数,022,２１歳,14000,神奈川県,1980000000,1980年,人
26023,00700,全域,000,男女総数,022,２１歳,15000,新潟県,1980000000,1980年,人
11270,00700,全域,000,男女総数,022,２１歳,16000,富山県,1980000000,1980年,人
14073,00700,全域,000,男女総数,022,２１歳,17000,石川県,1980000000,1980年,人
9206,00700,全域,000,男女総数,022,２１歳,18000,福井県,1980000000,1980年,人
9650,00700,全域,000,男女総数,022,２１歳,19000,山梨県,1980000000,1980年,人
20700,00700,全域,000,男女総数,022,２１歳,20000,長野県,1980000000,1980年,人
23716,00700,全域,000,男女総数,022,２１歳,21000,岐阜県,1980000000,1980年,人
39658,00700,全域,000,男女総数,022,２１歳,22000,静岡県,1980000000,1980年,人
92690,00700,全域,000,男女総数,022,２１歳,23000,愛知県,1980000000,1980年,人
19267,00700,全域,000,男女総数,022,２１歳,24000,三重県,1980000000,1980年,人
13532,00700,全域,000,男女総数,022,２１歳,25000,滋賀県,1980000000,1980年,人
43741,00700,全域,000,男女総数,022,２１歳,26000,京都府,1980000000,1980年,人
123633,00700,全域,000,男女総数,022,２１歳,27000,大阪府,1980000000,1980年,人
66468,00700,全域,000,男女総数,022,２１歳,28000,兵庫県,1980000000,1980年,人
15946,00700,全域,000,男女総数,022,２１歳,29000,奈良県,1980000000,1980年,人
11759,00700,全域,000,男女総数,022,２１歳,30000,和歌山県,1980000000,1980年,人
6487,00700,全域,000,男女総数,022,２１歳,31000,鳥取県,1980000000,1980年,人
7107,00700,全域,000,男女総数,022,２１歳,32000,島根県,1980000000,1980年,人
21705,00700,全域,000,男女総数,022,２１歳,33000,岡山県,1980000000,1980年,人
31880,00700,全域,000,男女総数,022,２１歳,34000,広島県,1980000000,1980年,人
16914,00700,全域,000,男女総数,022,２１歳,35000,山口県,1980000000,1980年,人
9329,00700,全域,000,男女総数,022,２１歳,36000,徳島県,1980000000,1980年,人
10824,00700,全域,000,男女総数,022,２１歳,37000,香川県,1980000000,1980年,人
16347,00700,全域,000,男女総数,022,２１歳,38000,愛媛県,1980000000,1980年,人
8847,00700,全域,000,男女総数,022,２１歳,39000,高知県,1980000000,1980年,人
68545,00700,全域,000,男女総数,022,２１歳,40000,福岡県,1980000000,1980年,人
10750,00700,全域,000,男女総数,022,２１歳,41000,佐賀県,1980000000,1980年,人
18229,00700,全域,000,男女総数,022,２１歳,42000,長崎県,1980000000,1980年,人
22929,00700,全域,000,男女総数,022,２１歳,43000,熊本県,1980000000,1980年,人
13747,00700,全域,000,男女総数,022,２１歳,44000,大分県,1980000000,1980年,人
13059,00700,全域,000,男女総数,022,２１歳,45000,宮崎県,1980000000,1980年,人
19612,00700,全域,000,男女総数,022,２１歳,46000,鹿児島県,1980000000,1980年,人
15557,00700,全域,000,男女総数,022,２１歳,47000,沖縄県,1980000000,1980年,人
1557947,00700,全域,000,男女総数,023,２２歳,00000,全国,1980000000,1980年,人
1247518,00700,全域,000,男女総数,023,２２歳,00001,全国市部,1980000000,1980年,人
310429,00700,全域,000,男女総数,023,２２歳,00002,全国郡部,1980000000,1980年,人
73284,00700,全域,000,男女総数,023,２２歳,01000,北海道,1980000000,1980年,人
19886,00700,全域,000,男女総数,023,２２歳,02000,青森県,1980000000,1980年,人
16686,00700,全域,000,男女総数,023,２２歳,03000,岩手県,1980000000,1980年,人
30750,00700,全域,000,男女総数,023,２２歳,04000,宮城県,1980000000,1980年,人
14536,00700,全域,000,男女総数,023,２２歳,05000,秋田県,1980000000,1980年,人
14614,00700,全域,000,男女総数,023,２２歳,06000,山形県,1980000000,1980年,人
24717,00700,全域,000,男女総数,023,２２歳,07000,福島県,1980000000,1980年,人
30872,00700,全域,000,男女総数,023,２２歳,08000,茨城県,1980000000,1980年,人
22095,00700,全域,000,男女総数,023,２２歳,09000,栃木県,1980000000,1980年,人
20881,00700,全域,000,男女総数,023,２２歳,10000,群馬県,1980000000,1980年,人
66499,00700,全域,000,男女総数,023,２２歳,11000,埼玉県,1980000000,1980年,人
57696,00700,全域,000,男女総数,023,２２歳,12000,千葉県,1980000000,1980年,人
225902,00700,全域,000,男女総数,023,２２歳,13000,東京都,1980000000,1980年,人
98991,00700,全域,000,男女総数,023,２２歳,14000,神奈川県,1980000000,1980年,人
27022,00700,全域,000,男女総数,023,２２歳,15000,新潟県,1980000000,1980年,人
11481,00700,全域,000,男女総数,023,２２歳,16000,富山県,1980000000,1980年,人
14171,00700,全域,000,男女総数,023,２２歳,17000,石川県,1980000000,1980年,人
9156,00700,全域,000,男女総数,023,２２歳,18000,福井県,1980000000,1980年,人
9657,00700,全域,000,男女総数,023,２２歳,19000,山梨県,1980000000,1980年,人
21466,00700,全域,000,男女総数,023,２２歳,20000,長野県,1980000000,1980年,人
23259,00700,全域,000,男女総数,023,２２歳,21000,岐阜県,1980000000,1980年,人
41307,00700,全域,000,男女総数,023,２２歳,22000,静岡県,1980000000,1980年,人
86633,00700,全域,000,男女総数,023,２２歳,23000,愛知県,1980000000,1980年,人
19449,00700,全域,000,男女総数,023,２２歳,24000,三重県,1980000000,1980年,人
13406,00700,全域,000,男女総数,023,２２歳,25000,滋賀県,1980000000,1980年,人
39199,00700,全域,000,男女総数,023,２２歳,26000,京都府,1980000000,1980年,人
118315,00700,全域,000,男女総数,023,２２歳,27000,大阪府,1980000000,1980年,人
64376,00700,全域,000,男女総数,023,２２歳,28000,兵庫県,1980000000,1980年,人
15291,00700,全域,000,男女総数,023,２２歳,29000,奈良県,1980000000,1980年,人
11861,00700,全域,000,男女総数,023,２２歳,30000,和歌山県,1980000000,1980年,人
6582,00700,全域,000,男女総数,023,２２歳,31000,鳥取県,1980000000,1980年,人
7474,00700,全域,000,男女総数,023,２２歳,32000,島根県,1980000000,1980年,人
21503,00700,全域,000,男女総数,023,２２歳,33000,岡山県,1980000000,1980年,人
32494,00700,全域,000,男女総数,023,２２歳,34000,広島県,1980000000,1980年,人
17282,00700,全域,000,男女総数,023,２２歳,35000,山口県,1980000000,1980年,人
9614,00700,全域,000,男女総数,023,２２歳,36000,徳島県,1980000000,1980年,人
10880,00700,全域,000,男女総数,023,２２歳,37000,香川県,1980000000,1980年,人
17128,00700,全域,000,男女総数,023,２２歳,38000,愛媛県,1980000000,1980年,人
8545,00700,全域,000,男女総数,023,２２歳,39000,高知県,1980000000,1980年,人
65062,00700,全域,000,男女総数,023,２２歳,40000,福岡県,1980000000,1980年,人
10941,00700,全域,000,男女総数,023,２２歳,41000,佐賀県,1980000000,1980年,人
19328,00700,全域,000,男女総数,023,２２歳,42000,長崎県,1980000000,1980年,人
22885,00700,全域,000,男女総数,023,２２歳,43000,熊本県,1980000000,1980年,人
14057,00700,全域,000,男女総数,023,２２歳,44000,大分県,1980000000,1980年,人
13649,00700,全域,000,男女総数,023,２２歳,45000,宮崎県,1980000000,1980年,人
20824,00700,全域,000,男女総数,023,２２歳,46000,鹿児島県,1980000000,1980年,人
16241,00700,全域,000,男女総数,023,２２歳,47000,沖縄県,1980000000,1980年,人
1512204,00700,全域,000,男女総数,024,２３歳,00000,全国,1980000000,1980年,人
1193327,00700,全域,000,男女総数,024,２３歳,00001,全国市部,1980000000,1980年,人
318877,00700,全域,000,男女総数,024,２３歳,00002,全国郡部,1980000000,1980年,人
74017,00700,全域,000,男女総数,024,２３歳,01000,北海道,1980000000,1980年,人
19791,00700,全域,000,男女総数,024,２３歳,02000,青森県,1980000000,1980年,人
16823,00700,全域,000,男女総数,024,２３歳,03000,岩手県,1980000000,1980年,人
29951,00700,全域,000,男女総数,024,２３歳,04000,宮城県,1980000000,1980年,人
15713,00700,全域,000,男女総数,024,２３歳,05000,秋田県,1980000000,1980年,人
15046,00700,全域,000,男女総数,024,２３歳,06000,山形県,1980000000,1980年,人
25629,00700,全域,000,男女総数,024,２３歳,07000,福島県,1980000000,1980年,人
32521,00700,全域,000,男女総数,024,２３歳,08000,茨城県,1980000000,1980年,人
23126,00700,全域,000,男女総数,024,２３歳,09000,栃木県,1980000000,1980年,人
21968,00700,全域,000,男女総数,024,２３歳,10000,群馬県,1980000000,1980年,人
64691,00700,全域,000,男女総数,024,２３歳,11000,埼玉県,1980000000,1980年,人
57219,00700,全域,000,男女総数,024,２３歳,12000,千葉県,1980000000,1980年,人
202860,00700,全域,000,男女総数,024,２３歳,13000,東京都,1980000000,1980年,人
93159,00700,全域,000,男女総数,024,２３歳,14000,神奈川県,1980000000,1980年,人
28337,00700,全域,000,男女総数,024,２３歳,15000,新潟県,1980000000,1980年,人
11882,00700,全域,000,男女総数,024,２３歳,16000,富山県,1980000000,1980年,人
13419,00700,全域,000,男女総数,024,２３歳,17000,石川県,1980000000,1980年,人
9070,00700,全域,000,男女総数,024,２３歳,18000,福井県,1980000000,1980年,人
9379,00700,全域,000,男女総数,024,２３歳,19000,山梨県,1980000000,1980年,人
22154,00700,全域,000,男女総数,024,２３歳,20000,長野県,1980000000,1980年,人
22808,00700,全域,000,男女総数,024,２３歳,21000,岐阜県,1980000000,1980年,人
42716,00700,全域,000,男女総数,024,２３歳,22000,静岡県,1980000000,1980年,人
82311,00700,全域,000,男女総数,024,２３歳,23000,愛知県,1980000000,1980年,人
19160,00700,全域,000,男女総数,024,２３歳,24000,三重県,1980000000,1980年,人
13146,00700,全域,000,男女総数,024,２３歳,25000,滋賀県,1980000000,1980年,人
34217,00700,全域,000,男女総数,024,２３歳,26000,京都府,1980000000,1980年,人
109264,00700,全域,000,男女総数,024,２３歳,27000,大阪府,1980000000,1980年,人
62108,00700,全域,000,男女総数,024,２３歳,28000,兵庫県,1980000000,1980年,人
14060,00700,全域,000,男女総数,024,２３歳,29000,奈良県,1980000000,1980年,人
11820,00700,全域,000,男女総数,024,２３歳,30000,和歌山県,1980000000,1980年,人
7326,00700,全域,000,男女総数,024,２３歳,31000,鳥取県,1980000000,1980年,人
8071,00700,全域,000,男女総数,024,２３歳,32000,島根県,1980000000,1980年,人
21738,00700,全域,000,男女総数,024,２３歳,33000,岡山県,1980000000,1980年,人
32500,00700,全域,000,男女総数,024,２３歳,34000,広島県,1980000000,1980年,人
17153,00700,全域,000,男女総数,024,２３歳,35000,山口県,1980000000,1980年,人
9534,00700,全域,000,男女総数,024,２３歳,36000,徳島県,1980000000,1980年,人
11104,00700,全域,000,男女総数,024,２３歳,37000,香川県,1980000000,1980年,人
17488,00700,全域,000,男女総数,024,２３歳,38000,愛媛県,1980000000,1980年,人
9087,00700,全域,000,男女総数,024,２３歳,39000,高知県,1980000000,1980年,人
60431,00700,全域,000,男女総数,024,２３歳,40000,福岡県,1980000000,1980年,人
10657,00700,全域,000,男女総数,024,２３歳,41000,佐賀県,1980000000,1980年,人
19030,00700,全域,000,男女総数,024,２３歳,42000,長崎県,1980000000,1980年,人
22487,00700,全域,000,男女総数,024,２３歳,43000,熊本県,1980000000,1980年,人
13912,00700,全域,000,男女総数,024,２３歳,44000,大分県,1980000000,1980年,人
14847,00700,全域,000,男女総数,024,２３歳,45000,宮崎県,1980000000,1980年,人
22205,00700,全域,000,男女総数,024,２３歳,46000,鹿児島県,1980000000,1980年,人
16269,00700,全域,000,男女総数,024,２３歳,47000,沖縄県,1980000000,1980年,人
1594050,00700,全域,000,男女総数,025,２４歳,00000,全国,1980000000,1980年,人
1249677,00700,全域,000,男女総数,025,２４歳,00001,全国市部,1980000000,1980年,人
344373,00700,全域,000,男女総数,025,２４歳,00002,全国郡部,1980000000,1980年,人
77360,00700,全域,000,男女総数,025,２４歳,01000,北海道,1980000000,1980年,人
20723,00700,全域,000,男女総数,025,２４歳,02000,青森県,1980000000,1980年,人
18283,00700,全域,000,男女総数,025,２４歳,03000,岩手県,1980000000,1980年,人
31230,00700,全域,000,男女総数,025,２４歳,04000,宮城県,1980000000,1980年,人
16055,00700,全域,000,男女総数,025,２４歳,05000,秋田県,1980000000,1980年,人
16327,00700,全域,000,男女総数,025,２４歳,06000,山形県,1980000000,1980年,人
27780,00700,全域,000,男女総数,025,２４歳,07000,福島県,1980000000,1980年,人
35309,00700,全域,000,男女総数,025,２４歳,08000,茨城県,1980000000,1980年,人
25243,00700,全域,000,男女総数,025,２４歳,09000,栃木県,1980000000,1980年,人
24064,00700,全域,000,男女総数,025,２４歳,10000,群馬県,1980000000,1980年,人
67948,00700,全域,000,男女総数,025,２４歳,11000,埼玉県,1980000000,1980年,人
61224,00700,全域,000,男女総数,025,２４歳,12000,千葉県,1980000000,1980年,人
198167,00700,全域,000,男女総数,025,２４歳,13000,東京都,1980000000,1980年,人
97009,00700,全域,000,男女総数,025,２４歳,14000,神奈川県,1980000000,1980年,人
30537,00700,全域,000,男女総数,025,２４歳,15000,新潟県,1980000000,1980年,人
12724,00700,全域,000,男女総数,025,２４歳,16000,富山県,1980000000,1980年,人
13843,00700,全域,000,男女総数,025,２４歳,17000,石川県,1980000000,1980年,人
9861,00700,全域,000,男女総数,025,２４歳,18000,福井県,1980000000,1980年,人
10226,00700,全域,000,男女総数,025,２４歳,19000,山梨県,1980000000,1980年,人
24597,00700,全域,000,男女総数,025,２４歳,20000,長野県,1980000000,1980年,人
24174,00700,全域,000,男女総数,025,２４歳,21000,岐阜県,1980000000,1980年,人
45974,00700,全域,000,男女総数,025,２４歳,22000,静岡県,1980000000,1980年,人
86618,00700,全域,000,男女総数,025,２４歳,23000,愛知県,1980000000,1980年,人
20535,00700,全域,000,男女総数,025,２４歳,24000,三重県,1980000000,1980年,人
14102,00700,全域,000,男女総数,025,２４歳,25000,滋賀県,1980000000,1980年,人
33608,00700,全域,000,男女総数,025,２４歳,26000,京都府,1980000000,1980年,人
114326,00700,全域,000,男女総数,025,２４歳,27000,大阪府,1980000000,1980年,人
66302,00700,全域,000,男女総数,025,２４歳,28000,兵庫県,1980000000,1980年,人
15184,00700,全域,000,男女総数,025,２４歳,29000,奈良県,1980000000,1980年,人
12898,00700,全域,000,男女総数,025,２４歳,30000,和歌山県,1980000000,1980年,人
7814,00700,全域,000,男女総数,025,２４歳,31000,鳥取県,1980000000,1980年,人
8877,00700,全域,000,男女総数,025,２４歳,32000,島根県,1980000000,1980年,人
23587,00700,全域,000,男女総数,025,２４歳,33000,岡山県,1980000000,1980年,人
35095,00700,全域,000,男女総数,025,２４歳,34000,広島県,1980000000,1980年,人
19372,00700,全域,000,男女総数,025,２４歳,35000,山口県,1980000000,1980年,人
10648,00700,全域,000,男女総数,025,２４歳,36000,徳島県,1980000000,1980年,人
12398,00700,全域,000,男女総数,025,２４歳,37000,香川県,1980000000,1980年,人
18833,00700,全域,000,男女総数,025,２４歳,38000,愛媛県,1980000000,1980年,人
9674,00700,全域,000,男女総数,025,２４歳,39000,高知県,1980000000,1980年,人
64388,00700,全域,000,男女総数,025,２４歳,40000,福岡県,1980000000,1980年,人
11782,00700,全域,000,男女総数,025,２４歳,41000,佐賀県,1980000000,1980年,人
21316,00700,全域,000,男女総数,025,２４歳,42000,長崎県,1980000000,1980年,人
24621,00700,全域,000,男女総数,025,２４歳,43000,熊本県,1980000000,1980年,人
15600,00700,全域,000,男女総数,025,２４歳,44000,大分県,1980000000,1980年,人
16084,00700,全域,000,男女総数,025,２４歳,45000,宮崎県,1980000000,1980年,人
23791,00700,全域,000,男女総数,025,２４歳,46000,鹿児島県,1980000000,1980年,人
17939,00700,全域,000,男女総数,025,２４歳,47000,沖縄県,1980000000,1980年,人
1663062,00700,全域,000,男女総数,026,２５歳,00000,全国,1980000000,1980年,人
1300772,00700,全域,000,男女総数,026,２５歳,00001,全国市部,1980000000,1980年,人
362290,00700,全域,000,男女総数,026,２５歳,00002,全国郡部,1980000000,1980年,人
81499,00700,全域,000,男女総数,026,２５歳,01000,北海道,1980000000,1980年,人
22167,00700,全域,000,男女総数,026,２５歳,02000,青森県,1980000000,1980年,人
19745,00700,全域,000,男女総数,026,２５歳,03000,岩手県,1980000000,1980年,人
32422,00700,全域,000,男女総数,026,２５歳,04000,宮城県,1980000000,1980年,人
17852,00700,全域,000,男女総数,026,２５歳,05000,秋田県,1980000000,1980年,人
17151,00700,全域,000,男女総数,026,２５歳,06000,山形県,1980000000,1980年,人
29297,00700,全域,000,男女総数,026,２５歳,07000,福島県,1980000000,1980年,人
37288,00700,全域,000,男女総数,026,２５歳,08000,茨城県,1980000000,1980年,人
27124,00700,全域,000,男女総数,026,２５歳,09000,栃木県,1980000000,1980年,人
26156,00700,全域,000,男女総数,026,２５歳,10000,群馬県,1980000000,1980年,人
73665,00700,全域,000,男女総数,026,２５歳,11000,埼玉県,1980000000,1980年,人
66030,00700,全域,000,男女総数,026,２５歳,12000,千葉県,1980000000,1980年,人
198802,00700,全域,000,男女総数,026,２５歳,13000,東京都,1980000000,1980年,人
101956,00700,全域,000,男女総数,026,２５歳,14000,神奈川県,1980000000,1980年,人
33930,00700,全域,000,男女総数,026,２５歳,15000,新潟県,1980000000,1980年,人
14058,00700,全域,000,男女総数,026,２５歳,16000,富山県,1980000000,1980年,人
14980,00700,全域,000,男女総数,026,２５歳,17000,石川県,1980000000,1980年,人
10616,00700,全域,000,男女総数,026,２５歳,18000,福井県,1980000000,1980年,人
10399,00700,全域,000,男女総数,026,２５歳,19000,山梨県,1980000000,1980年,人
26171,00700,全域,000,男女総数,026,２５歳,20000,長野県,1980000000,1980年,人
25251,00700,全域,000,男女総数,026,２５歳,21000,岐阜県,1980000000,1980年,人
48346,00700,全域,000,男女総数,026,２５歳,22000,静岡県,1980000000,1980年,人
89466,00700,全域,000,男女総数,026,２５歳,23000,愛知県,1980000000,1980年,人
21393,00700,全域,000,男女総数,026,２５歳,24000,三重県,1980000000,1980年,人
14968,00700,全域,000,男女総数,026,２５歳,25000,滋賀県,1980000000,1980年,人
33930,00700,全域,000,男女総数,026,２５歳,26000,京都府,1980000000,1980年,人
118216,00700,全域,000,男女総数,026,２５歳,27000,大阪府,1980000000,1980年,人
69442,00700,全域,000,男女総数,026,２５歳,28000,兵庫県,1980000000,1980年,人
15645,00700,全域,000,男女総数,026,２５歳,29000,奈良県,1980000000,1980年,人
13283,00700,全域,000,男女総数,026,２５歳,30000,和歌山県,1980000000,1980年,人
8154,00700,全域,000,男女総数,026,２５歳,31000,鳥取県,1980000000,1980年,人
9144,00700,全域,000,男女総数,026,２５歳,32000,島根県,1980000000,1980年,人
23482,00700,全域,000,男女総数,026,２５歳,33000,岡山県,1980000000,1980年,人
36047,00700,全域,000,男女総数,026,２５歳,34000,広島県,1980000000,1980年,人
19426,00700,全域,000,男女総数,026,２５歳,35000,山口県,1980000000,1980年,人
11305,00700,全域,000,男女総数,026,２５歳,36000,徳島県,1980000000,1980年,人
12853,00700,全域,000,男女総数,026,２５歳,37000,香川県,1980000000,1980年,人
19277,00700,全域,000,男女総数,026,２５歳,38000,愛媛県,1980000000,1980年,人
10331,00700,全域,000,男女総数,026,２５歳,39000,高知県,1980000000,1980年,人
66375,00700,全域,000,男女総数,026,２５歳,40000,福岡県,1980000000,1980年,人
12355,00700,全域,000,男女総数,026,２５歳,41000,佐賀県,1980000000,1980年,人
22183,00700,全域,000,男女総数,026,２５歳,42000,長崎県,1980000000,1980年,人
25234,00700,全域,000,男女総数,026,２５歳,43000,熊本県,1980000000,1980年,人
16134,00700,全域,000,男女総数,026,２５歳,44000,大分県,1980000000,1980年,人
16526,00700,全域,000,男女総数,026,２５歳,45000,宮崎県,1980000000,1980年,人
24363,00700,全域,000,男女総数,026,２５歳,46000,鹿児島県,1980000000,1980年,人
18625,00700,全域,000,男女総数,026,２５歳,47000,沖縄県,1980000000,1980年,人
1666386,00700,全域,000,男女総数,027,２６歳,00000,全国,1980000000,1980年,人
1303341,00700,全域,000,男女総数,027,２６歳,00001,全国市部,1980000000,1980年,人
363045,00700,全域,000,男女総数,027,２６歳,00002,全国郡部,1980000000,1980年,人
85243,00700,全域,000,男女総数,027,２６歳,01000,北海道,1980000000,1980年,人
22601,00700,全域,000,男女総数,027,２６歳,02000,青森県,1980000000,1980年,人
19956,00700,全域,000,男女総数,027,２６歳,03000,岩手県,1980000000,1980年,人
31865,00700,全域,000,男女総数,027,２６歳,04000,宮城県,1980000000,1980年,人
18057,00700,全域,000,男女総数,027,２６歳,05000,秋田県,1980000000,1980年,人
17116,00700,全域,000,男女総数,027,２６歳,06000,山形県,1980000000,1980年,人
29577,00700,全域,000,男女総数,027,２６歳,07000,福島県,1980000000,1980年,人
37386,00700,全域,000,男女総数,027,２６歳,08000,茨城県,1980000000,1980年,人
27208,00700,全域,000,男女総数,027,２６歳,09000,栃木県,1980000000,1980年,人
25623,00700,全域,000,男女総数,027,２６歳,10000,群馬県,1980000000,1980年,人
74267,00700,全域,000,男女総数,027,２６歳,11000,埼玉県,1980000000,1980年,人
66986,00700,全域,000,男女総数,027,２６歳,12000,千葉県,1980000000,1980年,人
192359,00700,全域,000,男女総数,027,２６歳,13000,東京都,1980000000,1980年,人
102584,00700,全域,000,男女総数,027,２６歳,14000,神奈川県,1980000000,1980年,人
33602,00700,全域,000,男女総数,027,２６歳,15000,新潟県,1980000000,1980年,人
13712,00700,全域,000,男女総数,027,２６歳,16000,富山県,1980000000,1980年,人
15129,00700,全域,000,男女総数,027,２６歳,17000,石川県,1980000000,1980年,人
10191,00700,全域,000,男女総数,027,２６歳,18000,福井県,1980000000,1980年,人
10654,00700,全域,000,男女総数,027,２６歳,19000,山梨県,1980000000,1980年,人
25705,00700,全域,000,男女総数,027,２６歳,20000,長野県,1980000000,1980年,人
25468,00700,全域,000,男女総数,027,２６歳,21000,岐阜県,1980000000,1980年,人
48227,00700,全域,000,男女総数,027,２６歳,22000,静岡県,1980000000,1980年,人
88646,00700,全域,000,男女総数,027,２６歳,23000,愛知県,1980000000,1980年,人
21279,00700,全域,000,男女総数,027,２６歳,24000,三重県,1980000000,1980年,人
14519,00700,全域,000,男女総数,027,２６歳,25000,滋賀県,1980000000,1980年,人
33283,00700,全域,000,男女総数,027,２６歳,26000,京都府,1980000000,1980年,人
119852,00700,全域,000,男女総数,027,２６歳,27000,大阪府,1980000000,1980年,人
69901,00700,全域,000,男女総数,027,２６歳,28000,兵庫県,1980000000,1980年,人
15834,00700,全域,000,男女総数,027,２６歳,29000,奈良県,1980000000,1980年,人
13266,00700,全域,000,男女総数,027,２６歳,30000,和歌山県,1980000000,1980年,人
8158,00700,全域,000,男女総数,027,２６歳,31000,鳥取県,1980000000,1980年,人
9491,00700,全域,000,男女総数,027,２６歳,32000,島根県,1980000000,1980年,人
23276,00700,全域,000,男女総数,027,２６歳,33000,岡山県,1980000000,1980年,人
36730,00700,全域,000,男女総数,027,２６歳,34000,広島県,1980000000,1980年,人
19859,00700,全域,000,男女総数,027,２６歳,35000,山口県,1980000000,1980年,人
11037,00700,全域,000,男女総数,027,２６歳,36000,徳島県,1980000000,1980年,人
12337,00700,全域,000,男女総数,027,２６歳,37000,香川県,1980000000,1980年,人
19217,00700,全域,000,男女総数,027,２６歳,38000,愛媛県,1980000000,1980年,人
10335,00700,全域,000,男女総数,027,２６歳,39000,高知県,1980000000,1980年,人
67263,00700,全域,000,男女総数,027,２６歳,40000,福岡県,1980000000,1980年,人
12326,00700,全域,000,男女総数,027,２６歳,41000,佐賀県,1980000000,1980年,人
22980,00700,全域,000,男女総数,027,２６歳,42000,長崎県,1980000000,1980年,人
25307,00700,全域,000,男女総数,027,２６歳,43000,熊本県,1980000000,1980年,人
15921,00700,全域,000,男女総数,027,２６歳,44000,大分県,1980000000,1980年,人
17024,00700,全域,000,男女総数,027,２６歳,45000,宮崎県,1980000000,1980年,人
25327,00700,全域,000,男女総数,027,２６歳,46000,鹿児島県,1980000000,1980年,人
19702,00700,全域,000,男女総数,027,２６歳,47000,沖縄県,1980000000,1980年,人
1787518,00700,全域,000,男女総数,028,２７歳,00000,全国,1980000000,1980年,人
1399484,00700,全域,000,男女総数,028,２７歳,00001,全国市部,1980000000,1980年,人
388034,00700,全域,000,男女総数,028,２７歳,00002,全国郡部,1980000000,1980年,人
92139,00700,全域,000,男女総数,028,２７歳,01000,北海道,1980000000,1980年,人
24063,00700,全域,000,男女総数,028,２７歳,02000,青森県,1980000000,1980年,人
21027,00700,全域,000,男女総数,028,２７歳,03000,岩手県,1980000000,1980年,人
34121,00700,全域,000,男女総数,028,２７歳,04000,宮城県,1980000000,1980年,人
18919,00700,全域,000,男女総数,028,２７歳,05000,秋田県,1980000000,1980年,人
18587,00700,全域,000,男女総数,028,２７歳,06000,山形県,1980000000,1980年,人
31077,00700,全域,000,男女総数,028,２７歳,07000,福島県,1980000000,1980年,人
39983,00700,全域,000,男女総数,028,２７歳,08000,茨城県,1980000000,1980年,人
28992,00700,全域,000,男女総数,028,２７歳,09000,栃木県,1980000000,1980年,人
27325,00700,全域,000,男女総数,028,２７歳,10000,群馬県,1980000000,1980年,人
82368,00700,全域,000,男女総数,028,２７歳,11000,埼玉県,1980000000,1980年,人
73659,00700,全域,000,男女総数,028,２７歳,12000,千葉県,1980000000,1980年,人
198485,00700,全域,000,男女総数,028,２７歳,13000,東京都,1980000000,1980年,人
110045,00700,全域,000,男女総数,028,２７歳,14000,神奈川県,1980000000,1980年,人
35931,00700,全域,000,男女総数,028,２７歳,15000,新潟県,1980000000,1980年,人
15002,00700,全域,000,男女総数,028,２７歳,16000,富山県,1980000000,1980年,人
15551,00700,全域,000,男女総数,028,２７歳,17000,石川県,1980000000,1980年,人
11038,00700,全域,000,男女総数,028,２７歳,18000,福井県,1980000000,1980年,人
11168,00700,全域,000,男女総数,028,２７歳,19000,山梨県,1980000000,1980年,人
27179,00700,全域,000,男女総数,028,２７歳,20000,長野県,1980000000,1980年,人
27451,00700,全域,000,男女総数,028,２７歳,21000,岐阜県,1980000000,1980年,人
52521,00700,全域,000,男女総数,028,２７歳,22000,静岡県,1980000000,1980年,人
96051,00700,全域,000,男女総数,028,２７歳,23000,愛知県,1980000000,1980年,人
23272,00700,全域,000,男女総数,028,２７歳,24000,三重県,1980000000,1980年,人
16131,00700,全域,000,男女総数,028,２７歳,25000,滋賀県,1980000000,1980年,人
35553,00700,全域,000,男女総数,028,２７歳,26000,京都府,1980000000,1980年,人
129789,00700,全域,000,男女総数,028,２７歳,27000,大阪府,1980000000,1980年,人
76237,00700,全域,000,男女総数,028,２７歳,28000,兵庫県,1980000000,1980年,人
17395,00700,全域,000,男女総数,028,２７歳,29000,奈良県,1980000000,1980年,人
14401,00700,全域,000,男女総数,028,２７歳,30000,和歌山県,1980000000,1980年,人
8765,00700,全域,000,男女総数,028,２７歳,31000,鳥取県,1980000000,1980年,人
10086,00700,全域,000,男女総数,028,２７歳,32000,島根県,1980000000,1980年,人
25594,00700,全域,000,男女総数,028,２７歳,33000,岡山県,1980000000,1980年,人
40501,00700,全域,000,男女総数,028,２７歳,34000,広島県,1980000000,1980年,人
21571,00700,全域,000,男女総数,028,２７歳,35000,山口県,1980000000,1980年,人
12018,00700,全域,000,男女総数,028,２７歳,36000,徳島県,1980000000,1980年,人
14287,00700,全域,000,男女総数,028,２７歳,37000,香川県,1980000000,1980年,人
21188,00700,全域,000,男女総数,028,２７歳,38000,愛媛県,1980000000,1980年,人
11290,00700,全域,000,男女総数,028,２７歳,39000,高知県,1980000000,1980年,人
73005,00700,全域,000,男女総数,028,２７歳,40000,福岡県,1980000000,1980年,人
13142,00700,全域,000,男女総数,028,２７歳,41000,佐賀県,1980000000,1980年,人
23849,00700,全域,000,男女総数,028,２７歳,42000,長崎県,1980000000,1980年,人
26480,00700,全域,000,男女総数,028,２７歳,43000,熊本県,1980000000,1980年,人
17558,00700,全域,000,男女総数,028,２７歳,44000,大分県,1980000000,1980年,人
17622,00700,全域,000,男女総数,028,２７歳,45000,宮崎県,1980000000,1980年,人
24902,00700,全域,000,男女総数,028,２７歳,46000,鹿児島県,1980000000,1980年,人
20200,00700,全域,000,男女総数,028,２７歳,47000,沖縄県,1980000000,1980年,人
1897835,00700,全域,000,男女総数,029,２８歳,00000,全国,1980000000,1980年,人
1487557,00700,全域,000,男女総数,029,２８歳,00001,全国市部,1980000000,1980年,人
410278,00700,全域,000,男女総数,029,２８歳,00002,全国郡部,1980000000,1980年,人
97990,00700,全域,000,男女総数,029,２８歳,01000,北海道,1980000000,1980年,人
24897,00700,全域,000,男女総数,029,２８歳,02000,青森県,1980000000,1980年,人
22348,00700,全域,000,男女総数,029,２８歳,03000,岩手県,1980000000,1980年,人
36334,00700,全域,000,男女総数,029,２８歳,04000,宮城県,1980000000,1980年,人
19798,00700,全域,000,男女総数,029,２８歳,05000,秋田県,1980000000,1980年,人
19529,00700,全域,000,男女総数,029,２８歳,06000,山形県,1980000000,1980年,人
33466,00700,全域,000,男女総数,029,２８歳,07000,福島県,1980000000,1980年,人
43241,00700,全域,000,男女総数,029,２８歳,08000,茨城県,1980000000,1980年,人
30458,00700,全域,000,男女総数,029,２８歳,09000,栃木県,1980000000,1980年,人
29553,00700,全域,000,男女総数,029,２８歳,10000,群馬県,1980000000,1980年,人
90015,00700,全域,000,男女総数,029,２８歳,11000,埼玉県,1980000000,1980年,人
80277,00700,全域,000,男女総数,029,２８歳,12000,千葉県,1980000000,1980年,人
206578,00700,全域,000,男女総数,029,２８歳,13000,東京都,1980000000,1980年,人
120598,00700,全域,000,男女総数,029,２８歳,14000,神奈川県,1980000000,1980年,人
38411,00700,全域,000,男女総数,029,２８歳,15000,新潟県,1980000000,1980年,人
16016,00700,全域,000,男女総数,029,２８歳,16000,富山県,1980000000,1980年,人
16554,00700,全域,000,男女総数,029,２８歳,17000,石川県,1980000000,1980年,人
12059,00700,全域,000,男女総数,029,２８歳,18000,福井県,1980000000,1980年,人
11443,00700,全域,000,男女総数,029,２８歳,19000,山梨県,1980000000,1980年,人
28969,00700,全域,000,男女総数,029,２８歳,20000,長野県,1980000000,1980年,人
29181,00700,全域,000,男女総数,029,２８歳,21000,岐阜県,1980000000,1980年,人
56121,00700,全域,000,男女総数,029,２８歳,22000,静岡県,1980000000,1980年,人
100996,00700,全域,000,男女総数,029,２８歳,23000,愛知県,1980000000,1980年,人
24354,00700,全域,000,男女総数,029,２８歳,24000,三重県,1980000000,1980年,人
17007,00700,全域,000,男女総数,029,２８歳,25000,滋賀県,1980000000,1980年,人
38385,00700,全域,000,男女総数,029,２８歳,26000,京都府,1980000000,1980年,人
138175,00700,全域,000,男女総数,029,２８歳,27000,大阪府,1980000000,1980年,人
80103,00700,全域,000,男女総数,029,２８歳,28000,兵庫県,1980000000,1980年,人
18961,00700,全域,000,男女総数,029,２８歳,29000,奈良県,1980000000,1980年,人
15338,00700,全域,000,男女総数,029,２８歳,30000,和歌山県,1980000000,1980年,人
9053,00700,全域,000,男女総数,029,２８歳,31000,鳥取県,1980000000,1980年,人
10726,00700,全域,000,男女総数,029,２８歳,32000,島根県,1980000000,1980年,人
26631,00700,全域,000,男女総数,029,２８歳,33000,岡山県,1980000000,1980年,人
42065,00700,全域,000,男女総数,029,２８歳,34000,広島県,1980000000,1980年,人
23367,00700,全域,000,男女総数,029,２８歳,35000,山口県,1980000000,1980年,人
12522,00700,全域,000,男女総数,029,２８歳,36000,徳島県,1980000000,1980年,人
14683,00700,全域,000,男女総数,029,２８歳,37000,香川県,1980000000,1980年,人
22986,00700,全域,000,男女総数,029,２８歳,38000,愛媛県,1980000000,1980年,人
11949,00700,全域,000,男女総数,029,２８歳,39000,高知県,1980000000,1980年,人
75854,00700,全域,000,男女総数,029,２８歳,40000,福岡県,1980000000,1980年,人
13241,00700,全域,000,男女総数,029,２８歳,41000,佐賀県,1980000000,1980年,人
25354,00700,全域,000,男女総数,029,２８歳,42000,長崎県,1980000000,1980年,人
27843,00700,全域,000,男女総数,029,２８歳,43000,熊本県,1980000000,1980年,人
18196,00700,全域,000,男女総数,029,２８歳,44000,大分県,1980000000,1980年,人
19068,00700,全域,000,男女総数,029,２８歳,45000,宮崎県,1980000000,1980年,人
26840,00700,全域,000,男女総数,029,２８歳,46000,鹿児島県,1980000000,1980年,人
20302,00700,全域,000,男女総数,029,２８歳,47000,沖縄県,1980000000,1980年,人
2026554,00700,全域,000,男女総数,030,２９歳,00000,全国,1980000000,1980年,人
1590646,00700,全域,000,男女総数,030,２９歳,00001,全国市部,1980000000,1980年,人
435908,00700,全域,000,男女総数,030,２９歳,00002,全国郡部,1980000000,1980年,人
103177,00700,全域,000,男女総数,030,２９歳,01000,北海道,1980000000,1980年,人
26001,00700,全域,000,男女総数,030,２９歳,02000,青森県,1980000000,1980年,人
22794,00700,全域,000,男女総数,030,２９歳,03000,岩手県,1980000000,1980年,人
37818,00700,全域,000,男女総数,030,２９歳,04000,宮城県,1980000000,1980年,人
20399,00700,全域,000,男女総数,030,２９歳,05000,秋田県,1980000000,1980年,人
20726,00700,全域,000,男女総数,030,２９歳,06000,山形県,1980000000,1980年,人
34351,00700,全域,000,男女総数,030,２９歳,07000,福島県,1980000000,1980年,人
45657,00700,全域,000,男女総数,030,２９歳,08000,茨城県,1980000000,1980年,人
32616,00700,全域,000,男女総数,030,２９歳,09000,栃木県,1980000000,1980年,人
31837,00700,全域,000,男女総数,030,２９歳,10000,群馬県,1980000000,1980年,人
97797,00700,全域,000,男女総数,030,２９歳,11000,埼玉県,1980000000,1980年,人
86684,00700,全域,000,男女総数,030,２９歳,12000,千葉県,1980000000,1980年,人
214538,00700,全域,000,男女総数,030,２９歳,13000,東京都,1980000000,1980年,人
129472,00700,全域,000,男女総数,030,２９歳,14000,神奈川県,1980000000,1980年,人
40713,00700,全域,000,男女総数,030,２９歳,15000,新潟県,1980000000,1980年,人
16811,00700,全域,000,男女総数,030,２９歳,16000,富山県,1980000000,1980年,人
17584,00700,全域,000,男女総数,030,２９歳,17000,石川県,1980000000,1980年,人
12705,00700,全域,000,男女総数,030,２９歳,18000,福井県,1980000000,1980年,人
12493,00700,全域,000,男女総数,030,２９歳,19000,山梨県,1980000000,1980年,人
32012,00700,全域,000,男女総数,030,２９歳,20000,長野県,1980000000,1980年,人
31060,00700,全域,000,男女総数,030,２９歳,21000,岐阜県,1980000000,1980年,人
60232,00700,全域,000,男女総数,030,２９歳,22000,静岡県,1980000000,1980年,人
108122,00700,全域,000,男女総数,030,２９歳,23000,愛知県,1980000000,1980年,人
25988,00700,全域,000,男女総数,030,２９歳,24000,三重県,1980000000,1980年,人
18303,00700,全域,000,男女総数,030,２９歳,25000,滋賀県,1980000000,1980年,人
41900,00700,全域,000,男女総数,030,２９歳,26000,京都府,1980000000,1980年,人
151632,00700,全域,000,男女総数,030,２９歳,27000,大阪府,1980000000,1980年,人
87232,00700,全域,000,男女総数,030,２９歳,28000,兵庫県,1980000000,1980年,人
20289,00700,全域,000,男女総数,030,２９歳,29000,奈良県,1980000000,1980年,人
16728,00700,全域,000,男女総数,030,２９歳,30000,和歌山県,1980000000,1980年,人
9546,00700,全域,000,男女総数,030,２９歳,31000,鳥取県,1980000000,1980年,人
11746,00700,全域,000,男女総数,030,２９歳,32000,島根県,1980000000,1980年,人
29778,00700,全域,000,男女総数,030,２９歳,33000,岡山県,1980000000,1980年,人
47156,00700,全域,000,男女総数,030,２９歳,34000,広島県,1980000000,1980年,人
25171,00700,全域,000,男女総数,030,２９歳,35000,山口県,1980000000,1980年,人
13612,00700,全域,000,男女総数,030,２９歳,36000,徳島県,1980000000,1980年,人
16275,00700,全域,000,男女総数,030,２９歳,37000,香川県,1980000000,1980年,人
24382,00700,全域,000,男女総数,030,２９歳,38000,愛媛県,1980000000,1980年,人
12820,00700,全域,000,男女総数,030,２９歳,39000,高知県,1980000000,1980年,人
82369,00700,全域,000,男女総数,030,２９歳,40000,福岡県,1980000000,1980年,人
14034,00700,全域,000,男女総数,030,２９歳,41000,佐賀県,1980000000,1980年,人
26214,00700,全域,000,男女総数,030,２９歳,42000,長崎県,1980000000,1980年,人
28663,00700,全域,000,男女総数,030,２９歳,43000,熊本県,1980000000,1980年,人
19791,00700,全域,000,男女総数,030,２９歳,44000,大分県,1980000000,1980年,人
19427,00700,全域,000,男女総数,030,２９歳,45000,宮崎県,1980000000,1980年,人
26928,00700,全域,000,男女総数,030,２９歳,46000,鹿児島県,1980000000,1980年,人
20971,00700,全域,000,男女総数,030,２９歳,47000,沖縄県,1980000000,1980年,人
2192482,00700,全域,000,男女総数,031,３０歳,00000,全国,1980000000,1980年,人
1727079,00700,全域,000,男女総数,031,３０歳,00001,全国市部,1980000000,1980年,人
465403,00700,全域,000,男女総数,031,３０歳,00002,全国郡部,1980000000,1980年,人
111295,00700,全域,000,男女総数,031,３０歳,01000,北海道,1980000000,1980年,人
28445,00700,全域,000,男女総数,031,３０歳,02000,青森県,1980000000,1980年,人
24516,00700,全域,000,男女総数,031,３０歳,03000,岩手県,1980000000,1980年,人
40234,00700,全域,000,男女総数,031,３０歳,04000,宮城県,1980000000,1980年,人
22738,00700,全域,000,男女総数,031,３０歳,05000,秋田県,1980000000,1980年,人
22405,00700,全域,000,男女総数,031,３０歳,06000,山形県,1980000000,1980年,人
36775,00700,全域,000,男女総数,031,３０歳,07000,福島県,1980000000,1980年,人
48064,00700,全域,000,男女総数,031,３０歳,08000,茨城県,1980000000,1980年,人
34775,00700,全域,000,男女総数,031,３０歳,09000,栃木県,1980000000,1980年,人
34213,00700,全域,000,男女総数,031,３０歳,10000,群馬県,1980000000,1980年,人
110227,00700,全域,000,男女総数,031,３０歳,11000,埼玉県,1980000000,1980年,人
95461,00700,全域,000,男女総数,031,３０歳,12000,千葉県,1980000000,1980年,人
231740,00700,全域,000,男女総数,031,３０歳,13000,東京都,1980000000,1980年,人
142303,00700,全域,000,男女総数,031,３０歳,14000,神奈川県,1980000000,1980年,人
44516,00700,全域,000,男女総数,031,３０歳,15000,新潟県,1980000000,1980年,人
19731,00700,全域,000,男女総数,031,３０歳,16000,富山県,1980000000,1980年,人
20191,00700,全域,000,男女総数,031,３０歳,17000,石川県,1980000000,1980年,人
14183,00700,全域,000,男女総数,031,３０歳,18000,福井県,1980000000,1980年,人
13191,00700,全域,000,男女総数,031,３０歳,19000,山梨県,1980000000,1980年,人
34437,00700,全域,000,男女総数,031,３０歳,20000,長野県,1980000000,1980年,人
34572,00700,全域,000,男女総数,031,３０歳,21000,岐阜県,1980000000,1980年,人
65227,00700,全域,000,男女総数,031,３０歳,22000,静岡県,1980000000,1980年,人
119988,00700,全域,000,男女総数,031,３０歳,23000,愛知県,1980000000,1980年,人
28706,00700,全域,000,男女総数,031,３０歳,24000,三重県,1980000000,1980年,人
20049,00700,全域,000,男女総数,031,３０歳,25000,滋賀県,1980000000,1980年,人
46639,00700,全域,000,男女総数,031,３０歳,26000,京都府,1980000000,1980年,人
163418,00700,全域,000,男女総数,031,３０歳,27000,大阪府,1980000000,1980年,人
92963,00700,全域,000,男女総数,031,３０歳,28000,兵庫県,1980000000,1980年,人
21735,00700,全域,000,男女総数,031,３０歳,29000,奈良県,1980000000,1980年,人
17929,00700,全域,000,男女総数,031,３０歳,30000,和歌山県,1980000000,1980年,人
10228,00700,全域,000,男女総数,031,３０歳,31000,鳥取県,1980000000,1980年,人
12482,00700,全域,000,男女総数,031,３０歳,32000,島根県,1980000000,1980年,人
30984,00700,全域,000,男女総数,031,３０歳,33000,岡山県,1980000000,1980年,人
50594,00700,全域,000,男女総数,031,３０歳,34000,広島県,1980000000,1980年,人
27355,00700,全域,000,男女総数,031,３０歳,35000,山口県,1980000000,1980年,人
14399,00700,全域,000,男女総数,031,３０歳,36000,徳島県,1980000000,1980年,人
17494,00700,全域,000,男女総数,031,３０歳,37000,香川県,1980000000,1980年,人
26408,00700,全域,000,男女総数,031,３０歳,38000,愛媛県,1980000000,1980年,人
14068,00700,全域,000,男女総数,031,３０歳,39000,高知県,1980000000,1980年,人
86567,00700,全域,000,男女総数,031,３０歳,40000,福岡県,1980000000,1980年,人
14595,00700,全域,000,男女総数,031,３０歳,41000,佐賀県,1980000000,1980年,人
27140,00700,全域,000,男女総数,031,３０歳,42000,長崎県,1980000000,1980年,人
30099,00700,全域,000,男女総数,031,３０歳,43000,熊本県,1980000000,1980年,人
20578,00700,全域,000,男女総数,031,３０歳,44000,大分県,1980000000,1980年,人
19963,00700,全域,000,男女総数,031,３０歳,45000,宮崎県,1980000000,1980年,人
27384,00700,全域,000,男女総数,031,３０歳,46000,鹿児島県,1980000000,1980年,人
21478,00700,全域,000,男女総数,031,３０歳,47000,沖縄県,1980000000,1980年,人
2415378,00700,全域,000,男女総数,032,３１歳,00000,全国,1980000000,1980年,人
1912059,00700,全域,000,男女総数,032,３１歳,00001,全国市部,1980000000,1980年,人
503319,00700,全域,000,男女総数,032,３１歳,00002,全国郡部,1980000000,1980年,人
117087,00700,全域,000,男女総数,032,３１歳,01000,北海道,1980000000,1980年,人
29191,00700,全域,000,男女総数,032,３１歳,02000,青森県,1980000000,1980年,人
25674,00700,全域,000,男女総数,032,３１歳,03000,岩手県,1980000000,1980年,人
41601,00700,全域,000,男女総数,032,３１歳,04000,宮城県,1980000000,1980年,人
23281,00700,全域,000,男女総数,032,３１歳,05000,秋田県,1980000000,1980年,人
22257,00700,全域,000,男女総数,032,３１歳,06000,山形県,1980000000,1980年,人
36718,00700,全域,000,男女総数,032,３１歳,07000,福島県,1980000000,1980年,人
50420,00700,全域,000,男女総数,032,３１歳,08000,茨城県,1980000000,1980年,人
36644,00700,全域,000,男女総数,032,３１歳,09000,栃木県,1980000000,1980年,人
36842,00700,全域,000,男女総数,032,３１歳,10000,群馬県,1980000000,1980年,人
121248,00700,全域,000,男女総数,032,３１歳,11000,埼玉県,1980000000,1980年,人
106047,00700,全域,000,男女総数,032,３１歳,12000,千葉県,1980000000,1980年,人
250036,00700,全域,000,男女総数,032,３１歳,13000,東京都,1980000000,1980年,人
155457,00700,全域,000,男女総数,032,３１歳,14000,神奈川県,1980000000,1980年,人
46654,00700,全域,000,男女総数,032,３１歳,15000,新潟県,1980000000,1980年,人
21976,00700,全域,000,男女総数,032,３１歳,16000,富山県,1980000000,1980年,人
23484,00700,全域,000,男女総数,032,３１歳,17000,石川県,1980000000,1980年,人
15661,00700,全域,000,男女総数,032,３１歳,18000,福井県,1980000000,1980年,人
14684,00700,全域,000,男女総数,032,３１歳,19000,山梨県,1980000000,1980年,人
38571,00700,全域,000,男女総数,032,３１歳,20000,長野県,1980000000,1980年,人
39020,00700,全域,000,男女総数,032,３１歳,21000,岐阜県,1980000000,1980年,人
70931,00700,全域,000,男女総数,032,３１歳,22000,静岡県,1980000000,1980年,人
137110,00700,全域,000,男女総数,032,３１歳,23000,愛知県,1980000000,1980年,人
32479,00700,全域,000,男女総数,032,３１歳,24000,三重県,1980000000,1980年,人
22670,00700,全域,000,男女総数,032,３１歳,25000,滋賀県,1980000000,1980年,人
54372,00700,全域,000,男女総数,032,３１歳,26000,京都府,1980000000,1980年,人
190209,00700,全域,000,男女総数,032,３１歳,27000,大阪府,1980000000,1980年,人
108342,00700,全域,000,男女総数,032,３１歳,28000,兵庫県,1980000000,1980年,人
25117,00700,全域,000,男女総数,032,３１歳,29000,奈良県,1980000000,1980年,人
20644,00700,全域,000,男女総数,032,３１歳,30000,和歌山県,1980000000,1980年,人
11339,00700,全域,000,男女総数,032,３１歳,31000,鳥取県,1980000000,1980年,人
13888,00700,全域,000,男女総数,032,３１歳,32000,島根県,1980000000,1980年,人
36502,00700,全域,000,男女総数,032,３１歳,33000,岡山県,1980000000,1980年,人
57292,00700,全域,000,男女総数,032,３１歳,34000,広島県,1980000000,1980年,人
31003,00700,全域,000,男女総数,032,３１歳,35000,山口県,1980000000,1980年,人
15948,00700,全域,000,男女総数,032,３１歳,36000,徳島県,1980000000,1980年,人
21010,00700,全域,000,男女総数,032,３１歳,37000,香川県,1980000000,1980年,人
29341,00700,全域,000,男女総数,032,３１歳,38000,愛媛県,1980000000,1980年,人
15719,00700,全域,000,男女総数,032,３１歳,39000,高知県,1980000000,1980年,人
97065,00700,全域,000,男女総数,032,３１歳,40000,福岡県,1980000000,1980年,人
15583,00700,全域,000,男女総数,032,３１歳,41000,佐賀県,1980000000,1980年,人
29450,00700,全域,000,男女総数,032,３１歳,42000,長崎県,1980000000,1980年,人
32287,00700,全域,000,男女総数,032,３１歳,43000,熊本県,1980000000,1980年,人
23244,00700,全域,000,男女総数,032,３１歳,44000,大分県,1980000000,1980年,人
22299,00700,全域,000,男女総数,032,３１歳,45000,宮崎県,1980000000,1980年,人
29586,00700,全域,000,男女総数,032,３１歳,46000,鹿児島県,1980000000,1980年,人
19395,00700,全域,000,男女総数,032,３１歳,47000,沖縄県,1980000000,1980年,人
2411095,00700,全域,000,男女総数,033,３２歳,00000,全国,1980000000,1980年,人
1911868,00700,全域,000,男女総数,033,３２歳,00001,全国市部,1980000000,1980年,人
499227,00700,全域,000,男女総数,033,３２歳,00002,全国郡部,1980000000,1980年,人
112074,00700,全域,000,男女総数,033,３２歳,01000,北海道,1980000000,1980年,人
27880,00700,全域,000,男女総数,033,３２歳,02000,青森県,1980000000,1980年,人
24598,00700,全域,000,男女総数,033,３２歳,03000,岩手県,1980000000,1980年,人
41238,00700,全域,000,男女総数,033,３２歳,04000,宮城県,1980000000,1980年,人
21419,00700,全域,000,男女総数,033,３２歳,05000,秋田県,1980000000,1980年,人
21050,00700,全域,000,男女総数,033,３２歳,06000,山形県,1980000000,1980年,人
37026,00700,全域,000,男女総数,033,３２歳,07000,福島県,1980000000,1980年,人
51277,00700,全域,000,男女総数,033,３２歳,08000,茨城県,1980000000,1980年,人
36415,00700,全域,000,男女総数,033,３２歳,09000,栃木県,1980000000,1980年,人
36924,00700,全域,000,男女総数,033,３２歳,10000,群馬県,1980000000,1980年,人
124056,00700,全域,000,男女総数,033,３２歳,11000,埼玉県,1980000000,1980年,人
107617,00700,全域,000,男女総数,033,３２歳,12000,千葉県,1980000000,1980年,人
251565,00700,全域,000,男女総数,033,３２歳,13000,東京都,1980000000,1980年,人
157798,00700,全域,000,男女総数,033,３２歳,14000,神奈川県,1980000000,1980年,人
45236,00700,全域,000,男女総数,033,３２歳,15000,新潟県,1980000000,1980年,人
22741,00700,全域,000,男女総数,033,３２歳,16000,富山県,1980000000,1980年,人
24278,00700,全域,000,男女総数,033,３２歳,17000,石川県,1980000000,1980年,人
15818,00700,全域,000,男女総数,033,３２歳,18000,福井県,1980000000,1980年,人
14366,00700,全域,000,男女総数,033,３２歳,19000,山梨県,1980000000,1980年,人
37805,00700,全域,000,男女総数,033,３２歳,20000,長野県,1980000000,1980年,人
40461,00700,全域,000,男女総数,033,３２歳,21000,岐阜県,1980000000,1980年,人
72987,00700,全域,000,男女総数,033,３２歳,22000,静岡県,1980000000,1980年,人
139289,00700,全域,000,男女総数,033,３２歳,23000,愛知県,1980000000,1980年,人
33700,00700,全域,000,男女総数,033,３２歳,24000,三重県,1980000000,1980年,人
22329,00700,全域,000,男女総数,033,３２歳,25000,滋賀県,1980000000,1980年,人
54749,00700,全域,000,男女総数,033,３２歳,26000,京都府,1980000000,1980年,人
191073,00700,全域,000,男女総数,033,３２歳,27000,大阪府,1980000000,1980年,人
108736,00700,全域,000,男女総数,033,３２歳,28000,兵庫県,1980000000,1980年,人
25711,00700,全域,000,男女総数,033,３２歳,29000,奈良県,1980000000,1980年,人
20865,00700,全域,000,男女総数,033,３２歳,30000,和歌山県,1980000000,1980年,人
11507,00700,全域,000,男女総数,033,３２歳,31000,鳥取県,1980000000,1980年,人
13844,00700,全域,000,男女総数,033,３２歳,32000,島根県,1980000000,1980年,人
37171,00700,全域,000,男女総数,033,３２歳,33000,岡山県,1980000000,1980年,人
56070,00700,全域,000,男女総数,033,３２歳,34000,広島県,1980000000,1980年,人
29054,00700,全域,000,男女総数,033,３２歳,35000,山口県,1980000000,1980年,人
16763,00700,全域,000,男女総数,033,３２歳,36000,徳島県,1980000000,1980年,人
20995,00700,全域,000,男女総数,033,３２歳,37000,香川県,1980000000,1980年,人
28540,00700,全域,000,男女総数,033,３２歳,38000,愛媛県,1980000000,1980年,人
15779,00700,全域,000,男女総数,033,３２歳,39000,高知県,1980000000,1980年,人
91943,00700,全域,000,男女総数,033,３２歳,40000,福岡県,1980000000,1980年,人
14776,00700,全域,000,男女総数,033,３２歳,41000,佐賀県,1980000000,1980年,人
27561,00700,全域,000,男女総数,033,３２歳,42000,長崎県,1980000000,1980年,人
31074,00700,全域,000,男女総数,033,３２歳,43000,熊本県,1980000000,1980年,人
22890,00700,全域,000,男女総数,033,３２歳,44000,大分県,1980000000,1980年,人
22254,00700,全域,000,男女総数,033,３２歳,45000,宮崎県,1980000000,1980年,人
29658,00700,全域,000,男女総数,033,３２歳,46000,鹿児島県,1980000000,1980年,人
20135,00700,全域,000,男女総数,033,３２歳,47000,沖縄県,1980000000,1980年,人
2304799,00700,全域,000,男女総数,034,３３歳,00000,全国,1980000000,1980年,人
1832763,00700,全域,000,男女総数,034,３３歳,00001,全国市部,1980000000,1980年,人
472036,00700,全域,000,男女総数,034,３３歳,00002,全国郡部,1980000000,1980年,人
101628,00700,全域,000,男女総数,034,３３歳,01000,北海道,1980000000,1980年,人
27511,00700,全域,000,男女総数,034,３３歳,02000,青森県,1980000000,1980年,人
23040,00700,全域,000,男女総数,034,３３歳,03000,岩手県,1980000000,1980年,人
36501,00700,全域,000,男女総数,034,３３歳,04000,宮城県,1980000000,1980年,人
22157,00700,全域,000,男女総数,034,３３歳,05000,秋田県,1980000000,1980年,人
20108,00700,全域,000,男女総数,034,３３歳,06000,山形県,1980000000,1980年,人
32795,00700,全域,000,男女総数,034,３３歳,07000,福島県,1980000000,1980年,人
49519,00700,全域,000,男女総数,034,３３歳,08000,茨城県,1980000000,1980年,人
34792,00700,全域,000,男女総数,034,３３歳,09000,栃木県,1980000000,1980年,人
36746,00700,全域,000,男女総数,034,３３歳,10000,群馬県,1980000000,1980年,人
125058,00700,全域,000,男女総数,034,３３歳,11000,埼玉県,1980000000,1980年,人
108232,00700,全域,000,男女総数,034,３３歳,12000,千葉県,1980000000,1980年,人
242189,00700,全域,000,男女総数,034,３３歳,13000,東京都,1980000000,1980年,人
153067,00700,全域,000,男女総数,034,３３歳,14000,神奈川県,1980000000,1980年,人
44422,00700,全域,000,男女総数,034,３３歳,15000,新潟県,1980000000,1980年,人
24850,00700,全域,000,男女総数,034,３３歳,16000,富山県,1980000000,1980年,人
24605,00700,全域,000,男女総数,034,３３歳,17000,石川県,1980000000,1980年,人
14258,00700,全域,000,男女総数,034,３３歳,18000,福井県,1980000000,1980年,人
13612,00700,全域,000,男女総数,034,３３歳,19000,山梨県,1980000000,1980年,人
35623,00700,全域,000,男女総数,034,３３歳,20000,長野県,1980000000,1980年,人
36028,00700,全域,000,男女総数,034,３３歳,21000,岐阜県,1980000000,1980年,人
66279,00700,全域,000,男女総数,034,３３歳,22000,静岡県,1980000000,1980年,人
128546,00700,全域,000,男女総数,034,３３歳,23000,愛知県,1980000000,1980年,人
30606,00700,全域,000,男女総数,034,３３歳,24000,三重県,1980000000,1980年,人
20806,00700,全域,000,男女総数,034,３３歳,25000,滋賀県,1980000000,1980年,人
52015,00700,全域,000,男女総数,034,３３歳,26000,京都府,1980000000,1980年,人
184457,00700,全域,000,男女総数,034,３３歳,27000,大阪府,1980000000,1980年,人
104769,00700,全域,000,男女総数,034,３３歳,28000,兵庫県,1980000000,1980年,人
25256,00700,全域,000,男女総数,034,３３歳,29000,奈良県,1980000000,1980年,人
19818,00700,全域,000,男女総数,034,３３歳,30000,和歌山県,1980000000,1980年,人
10347,00700,全域,000,男女総数,034,３３歳,31000,鳥取県,1980000000,1980年,人
13880,00700,全域,000,男女総数,034,３３歳,32000,島根県,1980000000,1980年,人
35391,00700,全域,000,男女総数,034,３３歳,33000,岡山県,1980000000,1980年,人
57049,00700,全域,000,男女総数,034,３３歳,34000,広島県,1980000000,1980年,人
29762,00700,全域,000,男女総数,034,３３歳,35000,山口県,1980000000,1980年,人
14933,00700,全域,000,男女総数,034,３３歳,36000,徳島県,1980000000,1980年,人
20661,00700,全域,000,男女総数,034,３３歳,37000,香川県,1980000000,1980年,人
27407,00700,全域,000,男女総数,034,３３歳,38000,愛媛県,1980000000,1980年,人
15706,00700,全域,000,男女総数,034,３３歳,39000,高知県,1980000000,1980年,人
87252,00700,全域,000,男女総数,034,３３歳,40000,福岡県,1980000000,1980年,人
13840,00700,全域,000,男女総数,034,３３歳,41000,佐賀県,1980000000,1980年,人
26077,00700,全域,000,男女総数,034,３３歳,42000,長崎県,1980000000,1980年,人
29652,00700,全域,000,男女総数,034,３３歳,43000,熊本県,1980000000,1980年,人
21372,00700,全域,000,男女総数,034,３３歳,44000,大分県,1980000000,1980年,人
20016,00700,全域,000,男女総数,034,３３歳,45000,宮崎県,1980000000,1980年,人
25306,00700,全域,000,男女総数,034,３３歳,46000,鹿児島県,1980000000,1980年,人
16855,00700,全域,000,男女総数,034,３３歳,47000,沖縄県,1980000000,1980年,人
1447977,00700,全域,000,男女総数,035,３４歳,00000,全国,1980000000,1980年,人
1155874,00700,全域,000,男女総数,035,３４歳,00001,全国市部,1980000000,1980年,人
292103,00700,全域,000,男女総数,035,３４歳,00002,全国郡部,1980000000,1980年,人
78553,00700,全域,000,男女総数,035,３４歳,01000,北海道,1980000000,1980年,人
17203,00700,全域,000,男女総数,035,３４歳,02000,青森県,1980000000,1980年,人
15115,00700,全域,000,男女総数,035,３４歳,03000,岩手県,1980000000,1980年,人
22269,00700,全域,000,男女総数,035,３４歳,04000,宮城県,1980000000,1980年,人
12925,00700,全域,000,男女総数,035,３４歳,05000,秋田県,1980000000,1980年,人
12171,00700,全域,000,男女総数,035,３４歳,06000,山形県,1980000000,1980年,人
18653,00700,全域,000,男女総数,035,３４歳,07000,福島県,1980000000,1980年,人
32428,00700,全域,000,男女総数,035,３４歳,08000,茨城県,1980000000,1980年,人
22105,00700,全域,000,男女総数,035,３４歳,09000,栃木県,1980000000,1980年,人
24638,00700,全域,000,男女総数,035,３４歳,10000,群馬県,1980000000,1980年,人
81489,00700,全域,000,男女総数,035,３４歳,11000,埼玉県,1980000000,1980年,人
69697,00700,全域,000,男女総数,035,３４歳,12000,千葉県,1980000000,1980年,人
152599,00700,全域,000,男女総数,035,３４歳,13000,東京都,1980000000,1980年,人
98839,00700,全域,000,男女総数,035,３４歳,14000,神奈川県,1980000000,1980年,人
25896,00700,全域,000,男女総数,035,３４歳,15000,新潟県,1980000000,1980年,人
12525,00700,全域,000,男女総数,035,３４歳,16000,富山県,1980000000,1980年,人
12836,00700,全域,000,男女総数,035,３４歳,17000,石川県,1980000000,1980年,人
7397,00700,全域,000,男女総数,035,３４歳,18000,福井県,1980000000,1980年,人
8298,00700,全域,000,男女総数,035,３４歳,19000,山梨県,1980000000,1980年,人
22434,00700,全域,000,男女総数,035,３４歳,20000,長野県,1980000000,1980年,人
22639,00700,全域,000,男女総数,035,３４歳,21000,岐阜県,1980000000,1980年,人
42037,00700,全域,000,男女総数,035,３４歳,22000,静岡県,1980000000,1980年,人
84971,00700,全域,000,男女総数,035,３４歳,23000,愛知県,1980000000,1980年,人
18551,00700,全域,000,男女総数,035,３４歳,24000,三重県,1980000000,1980年,人
13053,00700,全域,000,男女総数,035,３４歳,25000,滋賀県,1980000000,1980年,人
31226,00700,全域,000,男女総数,035,３４歳,26000,京都府,1980000000,1980年,人
113464,00700,全域,000,男女総数,035,３４歳,27000,大阪府,1980000000,1980年,人
63627,00700,全域,000,男女総数,035,３４歳,28000,兵庫県,1980000000,1980年,人
14448,00700,全域,000,男女総数,035,３４歳,29000,奈良県,1980000000,1980年,人
11378,00700,全域,000,男女総数,035,３４歳,30000,和歌山県,1980000000,1980年,人
6060,00700,全域,000,男女総数,035,３４歳,31000,鳥取県,1980000000,1980年,人
7324,00700,全域,000,男女総数,035,３４歳,32000,島根県,1980000000,1980年,人
22574,00700,全域,000,男女総数,035,３４歳,33000,岡山県,1980000000,1980年,人
35303,00700,全域,000,男女総数,035,３４歳,34000,広島県,1980000000,1980年,人
18764,00700,全域,000,男女総数,035,３４歳,35000,山口県,1980000000,1980年,人
8184,00700,全域,000,男女総数,035,３４歳,36000,徳島県,1980000000,1980年,人
11502,00700,全域,000,男女総数,035,３４歳,37000,香川県,1980000000,1980年,人
17161,00700,全域,000,男女総数,035,３４歳,38000,愛媛県,1980000000,1980年,人
9345,00700,全域,000,男女総数,035,３４歳,39000,高知県,1980000000,1980年,人
54309,00700,全域,000,男女総数,035,３４歳,40000,福岡県,1980000000,1980年,人
8501,00700,全域,000,男女総数,035,３４歳,41000,佐賀県,1980000000,1980年,人
16566,00700,全域,000,男女総数,035,３４歳,42000,長崎県,1980000000,1980年,人
18567,00700,全域,000,男女総数,035,３４歳,43000,熊本県,1980000000,1980年,人
13288,00700,全域,000,男女総数,035,３４歳,44000,大分県,1980000000,1980年,人
11931,00700,全域,000,男女総数,035,３４歳,45000,宮崎県,1980000000,1980年,人
16885,00700,全域,000,男女総数,035,３４歳,46000,鹿児島県,1980000000,1980年,人
8249,00700,全域,000,男女総数,035,３４歳,47000,沖縄県,1980000000,1980年,人
1569120,00700,全域,000,男女総数,036,３５歳,00000,全国,1980000000,1980年,人
1252764,00700,全域,000,男女総数,036,３５歳,00001,全国市部,1980000000,1980年,人
316356,00700,全域,000,男女総数,036,３５歳,00002,全国郡部,1980000000,1980年,人
74741,00700,全域,000,男女総数,036,３５歳,01000,北海道,1980000000,1980年,人
18069,00700,全域,000,男女総数,036,３５歳,02000,青森県,1980000000,1980年,人
15797,00700,全域,000,男女総数,036,３５歳,03000,岩手県,1980000000,1980年,人
25201,00700,全域,000,男女総数,036,３５歳,04000,宮城県,1980000000,1980年,人
13861,00700,全域,000,男女総数,036,３５歳,05000,秋田県,1980000000,1980年,人
14212,00700,全域,000,男女総数,036,３５歳,06000,山形県,1980000000,1980年,人
21789,00700,全域,000,男女総数,036,３５歳,07000,福島県,1980000000,1980年,人
33772,00700,全域,000,男女総数,036,３５歳,08000,茨城県,1980000000,1980年,人
22871,00700,全域,000,男女総数,036,３５歳,09000,栃木県,1980000000,1980年,人
24423,00700,全域,000,男女総数,036,３５歳,10000,群馬県,1980000000,1980年,人
87282,00700,全域,000,男女総数,036,３５歳,11000,埼玉県,1980000000,1980年,人
74637,00700,全域,000,男女総数,036,３５歳,12000,千葉県,1980000000,1980年,人
164247,00700,全域,000,男女総数,036,３５歳,13000,東京都,1980000000,1980年,人
107780,00700,全域,000,男女総数,036,３５歳,14000,神奈川県,1980000000,1980年,人
28185,00700,全域,000,男女総数,036,３５歳,15000,新潟県,1980000000,1980年,人
13756,00700,全域,000,男女総数,036,３５歳,16000,富山県,1980000000,1980年,人
13652,00700,全域,000,男女総数,036,３５歳,17000,石川県,1980000000,1980年,人
8936,00700,全域,000,男女総数,036,３５歳,18000,福井県,1980000000,1980年,人
9253,00700,全域,000,男女総数,036,３５歳,19000,山梨県,1980000000,1980年,人
26376,00700,全域,000,男女総数,036,３５歳,20000,長野県,1980000000,1980年,人
25985,00700,全域,000,男女総数,036,３５歳,21000,岐阜県,1980000000,1980年,人
48316,00700,全域,000,男女総数,036,３５歳,22000,静岡県,1980000000,1980年,人
94296,00700,全域,000,男女総数,036,３５歳,23000,愛知県,1980000000,1980年,人
21271,00700,全域,000,男女総数,036,３５歳,24000,三重県,1980000000,1980年,人
13903,00700,全域,000,男女総数,036,３５歳,25000,滋賀県,1980000000,1980年,人
32220,00700,全域,000,男女総数,036,３５歳,26000,京都府,1980000000,1980年,人
126467,00700,全域,000,男女総数,036,３５歳,27000,大阪府,1980000000,1980年,人
71183,00700,全域,000,男女総数,036,３５歳,28000,兵庫県,1980000000,1980年,人
16265,00700,全域,000,男女総数,036,３５歳,29000,奈良県,1980000000,1980年,人
12905,00700,全域,000,男女総数,036,３５歳,30000,和歌山県,1980000000,1980年,人
6979,00700,全域,000,男女総数,036,３５歳,31000,鳥取県,1980000000,1980年,人
8459,00700,全域,000,男女総数,036,３５歳,32000,島根県,1980000000,1980年,人
24671,00700,全域,000,男女総数,036,３５歳,33000,岡山県,1980000000,1980年,人
39155,00700,全域,000,男女総数,036,３５歳,34000,広島県,1980000000,1980年,人
19414,00700,全域,000,男女総数,036,３５歳,35000,山口県,1980000000,1980年,人
9308,00700,全域,000,男女総数,036,３５歳,36000,徳島県,1980000000,1980年,人
12348,00700,全域,000,男女総数,036,３５歳,37000,香川県,1980000000,1980年,人
18787,00700,全域,000,男女総数,036,３５歳,38000,愛媛県,1980000000,1980年,人
10055,00700,全域,000,男女総数,036,３５歳,39000,高知県,1980000000,1980年,人
57645,00700,全域,000,男女総数,036,３５歳,40000,福岡県,1980000000,1980年,人
9217,00700,全域,000,男女総数,036,３５歳,41000,佐賀県,1980000000,1980年,人
16887,00700,全域,000,男女総数,036,３５歳,42000,長崎県,1980000000,1980年,人
19596,00700,全域,000,男女総数,036,３５歳,43000,熊本県,1980000000,1980年,人
14568,00700,全域,000,男女総数,036,３５歳,44000,大分県,1980000000,1980年,人
12905,00700,全域,000,男女総数,036,３５歳,45000,宮崎県,1980000000,1980年,人
17381,00700,全域,000,男女総数,036,３５歳,46000,鹿児島県,1980000000,1980年,人
10094,00700,全域,000,男女総数,036,３５歳,47000,沖縄県,1980000000,1980年,人
1923586,00700,全域,000,男女総数,037,３６歳,00000,全国,1980000000,1980年,人
1533912,00700,全域,000,男女総数,037,３６歳,00001,全国市部,1980000000,1980年,人
389674,00700,全域,000,男女総数,037,３６歳,00002,全国郡部,1980000000,1980年,人
86452,00700,全域,000,男女総数,037,３６歳,01000,北海道,1980000000,1980年,人
21676,00700,全域,000,男女総数,037,３６歳,02000,青森県,1980000000,1980年,人
20091,00700,全域,000,男女総数,037,３６歳,03000,岩手県,1980000000,1980年,人
31374,00700,全域,000,男女総数,037,３６歳,04000,宮城県,1980000000,1980年,人
16816,00700,全域,000,男女総数,037,３６歳,05000,秋田県,1980000000,1980年,人
16553,00700,全域,000,男女総数,037,３６歳,06000,山形県,1980000000,1980年,人
28439,00700,全域,000,男女総数,037,３６歳,07000,福島県,1980000000,1980年,人
41693,00700,全域,000,男女総数,037,３６歳,08000,茨城県,1980000000,1980年,人
27663,00700,全域,000,男女総数,037,３６歳,09000,栃木県,1980000000,1980年,人
29909,00700,全域,000,男女総数,037,３６歳,10000,群馬県,1980000000,1980年,人
110137,00700,全域,000,男女総数,037,３６歳,11000,埼玉県,1980000000,1980年,人
92957,00700,全域,000,男女総数,037,３６歳,12000,千葉県,1980000000,1980年,人
200173,00700,全域,000,男女総数,037,３６歳,13000,東京都,1980000000,1980年,人
132883,00700,全域,000,男女総数,037,３６歳,14000,神奈川県,1980000000,1980年,人
34610,00700,全域,000,男女総数,037,３６歳,15000,新潟県,1980000000,1980年,人
17998,00700,全域,000,男女総数,037,３６歳,16000,富山県,1980000000,1980年,人
17713,00700,全域,000,男女総数,037,３６歳,17000,石川県,1980000000,1980年,人
11388,00700,全域,000,男女総数,037,３６歳,18000,福井県,1980000000,1980年,人
11837,00700,全域,000,男女総数,037,３６歳,19000,山梨県,1980000000,1980年,人
32054,00700,全域,000,男女総数,037,３６歳,20000,長野県,1980000000,1980年,人
31212,00700,全域,000,男女総数,037,３６歳,21000,岐阜県,1980000000,1980年,人
58183,00700,全域,000,男女総数,037,３６歳,22000,静岡県,1980000000,1980年,人
112366,00700,全域,000,男女総数,037,３６歳,23000,愛知県,1980000000,1980年,人
27488,00700,全域,000,男女総数,037,３６歳,24000,三重県,1980000000,1980年,人
17411,00700,全域,000,男女総数,037,３６歳,25000,滋賀県,1980000000,1980年,人
42022,00700,全域,000,男女総数,037,３６歳,26000,京都府,1980000000,1980年,人
157400,00700,全域,000,男女総数,037,３６歳,27000,大阪府,1980000000,1980年,人
87395,00700,全域,000,男女総数,037,３６歳,28000,兵庫県,1980000000,1980年,人
21136,00700,全域,000,男女総数,037,３６歳,29000,奈良県,1980000000,1980年,人
16830,00700,全域,000,男女総数,037,３６歳,30000,和歌山県,1980000000,1980年,人
8329,00700,全域,000,男女総数,037,３６歳,31000,鳥取県,1980000000,1980年,人
10067,00700,全域,000,男女総数,037,３６歳,32000,島根県,1980000000,1980年,人
28997,00700,全域,000,男女総数,037,３６歳,33000,岡山県,1980000000,1980年,人
44732,00700,全域,000,男女総数,037,３６歳,34000,広島県,1980000000,1980年,人
23545,00700,全域,000,男女総数,037,３６歳,35000,山口県,1980000000,1980年,人
11222,00700,全域,000,男女総数,037,３６歳,36000,徳島県,1980000000,1980年,人
15029,00700,全域,000,男女総数,037,３６歳,37000,香川県,1980000000,1980年,人
21975,00700,全域,000,男女総数,037,３６歳,38000,愛媛県,1980000000,1980年,人
12356,00700,全域,000,男女総数,037,３６歳,39000,高知県,1980000000,1980年,人
70603,00700,全域,000,男女総数,037,３６歳,40000,福岡県,1980000000,1980年,人
10985,00700,全域,000,男女総数,037,３６歳,41000,佐賀県,1980000000,1980年,人
20698,00700,全域,000,男女総数,037,３６歳,42000,長崎県,1980000000,1980年,人
23717,00700,全域,000,男女総数,037,３６歳,43000,熊本県,1980000000,1980年,人
17602,00700,全域,000,男女総数,037,３６歳,44000,大分県,1980000000,1980年,人
15321,00700,全域,000,男女総数,037,３６歳,45000,宮崎県,1980000000,1980年,人
21474,00700,全域,000,男女総数,037,３６歳,46000,鹿児島県,1980000000,1980年,人
13075,00700,全域,000,男女総数,037,３６歳,47000,沖縄県,1980000000,1980年,人
1874319,00700,全域,000,男女総数,038,３７歳,00000,全国,1980000000,1980年,人
1493142,00700,全域,000,男女総数,038,３７歳,00001,全国市部,1980000000,1980年,人
381177,00700,全域,000,男女総数,038,３７歳,00002,全国郡部,1980000000,1980年,人
88261,00700,全域,000,男女総数,038,３７歳,01000,北海道,1980000000,1980年,人
21953,00700,全域,000,男女総数,038,３７歳,02000,青森県,1980000000,1980年,人
19839,00700,全域,000,男女総数,038,３７歳,03000,岩手県,1980000000,1980年,人
30804,00700,全域,000,男女総数,038,３７歳,04000,宮城県,1980000000,1980年,人
16843,00700,全域,000,男女総数,038,３７歳,05000,秋田県,1980000000,1980年,人
15823,00700,全域,000,男女総数,038,３７歳,06000,山形県,1980000000,1980年,人
27042,00700,全域,000,男女総数,038,３７歳,07000,福島県,1980000000,1980年,人
41366,00700,全域,000,男女総数,038,３７歳,08000,茨城県,1980000000,1980年,人
27372,00700,全域,000,男女総数,038,３７歳,09000,栃木県,1980000000,1980年,人
28986,00700,全域,000,男女総数,038,３７歳,10000,群馬県,1980000000,1980年,人
108897,00700,全域,000,男女総数,038,３７歳,11000,埼玉県,1980000000,1980年,人
90990,00700,全域,000,男女総数,038,３７歳,12000,千葉県,1980000000,1980年,人
197949,00700,全域,000,男女総数,038,３７歳,13000,東京都,1980000000,1980年,人
131136,00700,全域,000,男女総数,038,３７歳,14000,神奈川県,1980000000,1980年,人
34260,00700,全域,000,男女総数,038,３７歳,15000,新潟県,1980000000,1980年,人
16729,00700,全域,000,男女総数,038,３７歳,16000,富山県,1980000000,1980年,人
17517,00700,全域,000,男女総数,038,３７歳,17000,石川県,1980000000,1980年,人
11877,00700,全域,000,男女総数,038,３７歳,18000,福井県,1980000000,1980年,人
11814,00700,全域,000,男女総数,038,３７歳,19000,山梨県,1980000000,1980年,人
30348,00700,全域,000,男女総数,038,３７歳,20000,長野県,1980000000,1980年,人
30370,00700,全域,000,男女総数,038,３７歳,21000,岐阜県,1980000000,1980年,人
56252,00700,全域,000,男女総数,038,３７歳,22000,静岡県,1980000000,1980年,人
108186,00700,全域,000,男女総数,038,３７歳,23000,愛知県,1980000000,1980年,人
26194,00700,全域,000,男女総数,038,３７歳,24000,三重県,1980000000,1980年,人
17265,00700,全域,000,男女総数,038,３７歳,25000,滋賀県,1980000000,1980年,人
40916,00700,全域,000,男女総数,038,３７歳,26000,京都府,1980000000,1980年,人
151676,00700,全域,000,男女総数,038,３７歳,27000,大阪府,1980000000,1980年,人
83569,00700,全域,000,男女総数,038,３７歳,28000,兵庫県,1980000000,1980年,人
20717,00700,全域,000,男女総数,038,３７歳,29000,奈良県,1980000000,1980年,人
16123,00700,全域,000,男女総数,038,３７歳,30000,和歌山県,1980000000,1980年,人
7929,00700,全域,000,男女総数,038,３７歳,31000,鳥取県,1980000000,1980年,人
10167,00700,全域,000,男女総数,038,３７歳,32000,島根県,1980000000,1980年,人
28171,00700,全域,000,男女総数,038,３７歳,33000,岡山県,1980000000,1980年,人
43550,00700,全域,000,男女総数,038,３７歳,34000,広島県,1980000000,1980年,人
23299,00700,全域,000,男女総数,038,３７歳,35000,山口県,1980000000,1980年,人
11127,00700,全域,000,男女総数,038,３７歳,36000,徳島県,1980000000,1980年,人
14088,00700,全域,000,男女総数,038,３７歳,37000,香川県,1980000000,1980年,人
19703,00700,全域,000,男女総数,038,３７歳,38000,愛媛県,1980000000,1980年,人
11145,00700,全域,000,男女総数,038,３７歳,39000,高知県,1980000000,1980年,人
66018,00700,全域,000,男女総数,038,３７歳,40000,福岡県,1980000000,1980年,人
10618,00700,全域,000,男女総数,038,３７歳,41000,佐賀県,1980000000,1980年,人
19359,00700,全域,000,男女総数,038,３７歳,42000,長崎県,1980000000,1980年,人
22591,00700,全域,000,男女総数,038,３７歳,43000,熊本県,1980000000,1980年,人
16462,00700,全域,000,男女総数,038,３７歳,44000,大分県,1980000000,1980年,人
14689,00700,全域,000,男女総数,038,３７歳,45000,宮崎県,1980000000,1980年,人
20625,00700,全域,000,男女総数,038,３７歳,46000,鹿児島県,1980000000,1980年,人
13704,00700,全域,000,男女総数,038,３７歳,47000,沖縄県,1980000000,1980年,人
1935170,00700,全域,000,男女総数,039,３８歳,00000,全国,1980000000,1980年,人
1538000,00700,全域,000,男女総数,039,３８歳,00001,全国市部,1980000000,1980年,人
397170,00700,全域,000,男女総数,039,３８歳,00002,全国郡部,1980000000,1980年,人
88470,00700,全域,000,男女総数,039,３８歳,01000,北海道,1980000000,1980年,人
22541,00700,全域,000,男女総数,039,３８歳,02000,青森県,1980000000,1980年,人
20339,00700,全域,000,男女総数,039,３８歳,03000,岩手県,1980000000,1980年,人
30406,00700,全域,000,男女総数,039,３８歳,04000,宮城県,1980000000,1980年,人
18163,00700,全域,000,男女総数,039,３８歳,05000,秋田県,1980000000,1980年,人
16570,00700,全域,000,男女総数,039,３８歳,06000,山形県,1980000000,1980年,人
27674,00700,全域,000,男女総数,039,３８歳,07000,福島県,1980000000,1980年,人
41219,00700,全域,000,男女総数,039,３８歳,08000,茨城県,1980000000,1980年,人
27354,00700,全域,000,男女総数,039,３８歳,09000,栃木県,1980000000,1980年,人
29937,00700,全域,000,男女総数,039,３８歳,10000,群馬県,1980000000,1980年,人
109774,00700,全域,000,男女総数,039,３８歳,11000,埼玉県,1980000000,1980年,人
91619,00700,全域,000,男女総数,039,３８歳,12000,千葉県,1980000000,1980年,人
198374,00700,全域,000,男女総数,039,３８歳,13000,東京都,1980000000,1980年,人
133013,00700,全域,000,男女総数,039,３８歳,14000,神奈川県,1980000000,1980年,人
35501,00700,全域,000,男女総数,039,３８歳,15000,新潟県,1980000000,1980年,人
18457,00700,全域,000,男女総数,039,３８歳,16000,富山県,1980000000,1980年,人
18303,00700,全域,000,男女総数,039,３８歳,17000,石川県,1980000000,1980年,人
12103,00700,全域,000,男女総数,039,３８歳,18000,福井県,1980000000,1980年,人
11826,00700,全域,000,男女総数,039,３８歳,19000,山梨県,1980000000,1980年,人
31542,00700,全域,000,男女総数,039,３８歳,20000,長野県,1980000000,1980年,人
31377,00700,全域,000,男女総数,039,３８歳,21000,岐阜県,1980000000,1980年,人
57228,00700,全域,000,男女総数,039,３８歳,22000,静岡県,1980000000,1980年,人
111982,00700,全域,000,男女総数,039,３８歳,23000,愛知県,1980000000,1980年,人
26703,00700,全域,000,男女総数,039,３８歳,24000,三重県,1980000000,1980年,人
17436,00700,全域,000,男女総数,039,３８歳,25000,滋賀県,1980000000,1980年,人
42703,00700,全域,000,男女総数,039,３８歳,26000,京都府,1980000000,1980年,人
162470,00700,全域,000,男女総数,039,３８歳,27000,大阪府,1980000000,1980年,人
89040,00700,全域,000,男女総数,039,３８歳,28000,兵庫県,1980000000,1980年,人
21772,00700,全域,000,男女総数,039,３８歳,29000,奈良県,1980000000,1980年,人
17471,00700,全域,000,男女総数,039,３８歳,30000,和歌山県,1980000000,1980年,人
8059,00700,全域,000,男女総数,039,３８歳,31000,鳥取県,1980000000,1980年,人
10382,00700,全域,000,男女総数,039,３８歳,32000,島根県,1980000000,1980年,人
28642,00700,全域,000,男女総数,039,３８歳,33000,岡山県,1980000000,1980年,人
45564,00700,全域,000,男女総数,039,３８歳,34000,広島県,1980000000,1980年,人
24189,00700,全域,000,男女総数,039,３８歳,35000,山口県,1980000000,1980年,人
11721,00700,全域,000,男女総数,039,３８歳,36000,徳島県,1980000000,1980年,人
15109,00700,全域,000,男女総数,039,３８歳,37000,香川県,1980000000,1980年,人
21843,00700,全域,000,男女総数,039,３８歳,38000,愛媛県,1980000000,1980年,人
12126,00700,全域,000,男女総数,039,３８歳,39000,高知県,1980000000,1980年,人
70393,00700,全域,000,男女総数,039,３８歳,40000,福岡県,1980000000,1980年,人
11438,00700,全域,000,男女総数,039,３８歳,41000,佐賀県,1980000000,1980年,人
21355,00700,全域,000,男女総数,039,３８歳,42000,長崎県,1980000000,1980年,人
23286,00700,全域,000,男女総数,039,３８歳,43000,熊本県,1980000000,1980年,人
17535,00700,全域,000,男女総数,039,３８歳,44000,大分県,1980000000,1980年,人
15911,00700,全域,000,男女総数,039,３８歳,45000,宮崎県,1980000000,1980年,人
22062,00700,全域,000,男女総数,039,３８歳,46000,鹿児島県,1980000000,1980年,人
14188,00700,全域,000,男女総数,039,３８歳,47000,沖縄県,1980000000,1980年,人
1899386,00700,全域,000,男女総数,040,３９歳,00000,全国,1980000000,1980年,人
1508133,00700,全域,000,男女総数,040,３９歳,00001,全国市部,1980000000,1980年,人
391253,00700,全域,000,男女総数,040,３９歳,00002,全国郡部,1980000000,1980年,人
86581,00700,全域,000,男女総数,040,３９歳,01000,北海道,1980000000,1980年,人
21489,00700,全域,000,男女総数,040,３９歳,02000,青森県,1980000000,1980年,人
20144,00700,全域,000,男女総数,040,３９歳,03000,岩手県,1980000000,1980年,人
29467,00700,全域,000,男女総数,040,３９歳,04000,宮城県,1980000000,1980年,人
17046,00700,全域,000,男女総数,040,３９歳,05000,秋田県,1980000000,1980年,人
16316,00700,全域,000,男女総数,040,３９歳,06000,山形県,1980000000,1980年,人
26867,00700,全域,000,男女総数,040,３９歳,07000,福島県,1980000000,1980年,人
40703,00700,全域,000,男女総数,040,３９歳,08000,茨城県,1980000000,1980年,人
26455,00700,全域,000,男女総数,040,３９歳,09000,栃木県,1980000000,1980年,人
28498,00700,全域,000,男女総数,040,３９歳,10000,群馬県,1980000000,1980年,人
105608,00700,全域,000,男女総数,040,３９歳,11000,埼玉県,1980000000,1980年,人
88619,00700,全域,000,男女総数,040,３９歳,12000,千葉県,1980000000,1980年,人
194242,00700,全域,000,男女総数,040,３９歳,13000,東京都,1980000000,1980年,人
128187,00700,全域,000,男女総数,040,３９歳,14000,神奈川県,1980000000,1980年,人
34260,00700,全域,000,男女総数,040,３９歳,15000,新潟県,1980000000,1980年,人
16812,00700,全域,000,男女総数,040,３９歳,16000,富山県,1980000000,1980年,人
16779,00700,全域,000,男女総数,040,３９歳,17000,石川県,1980000000,1980年,人
11247,00700,全域,000,男女総数,040,３９歳,18000,福井県,1980000000,1980年,人
11543,00700,全域,000,男女総数,040,３９歳,19000,山梨県,1980000000,1980年,人
30174,00700,全域,000,男女総数,040,３９歳,20000,長野県,1980000000,1980年,人
30620,00700,全域,000,男女総数,040,３９歳,21000,岐阜県,1980000000,1980年,人
56353,00700,全域,000,男女総数,040,３９歳,22000,静岡県,1980000000,1980年,人
108394,00700,全域,000,男女総数,040,３９歳,23000,愛知県,1980000000,1980年,人
26330,00700,全域,000,男女総数,040,３９歳,24000,三重県,1980000000,1980年,人
16727,00700,全域,000,男女総数,040,３９歳,25000,滋賀県,1980000000,1980年,人
41951,00700,全域,000,男女総数,040,３９歳,26000,京都府,1980000000,1980年,人
160953,00700,全域,000,男女総数,040,３９歳,27000,大阪府,1980000000,1980年,人
87775,00700,全域,000,男女総数,040,３９歳,28000,兵庫県,1980000000,1980年,人
21610,00700,全域,000,男女総数,040,３９歳,29000,奈良県,1980000000,1980年,人
17114,00700,全域,000,男女総数,040,３９歳,30000,和歌山県,1980000000,1980年,人
8575,00700,全域,000,男女総数,040,３９歳,31000,鳥取県,1980000000,1980年,人
10079,00700,全域,000,男女総数,040,３９歳,32000,島根県,1980000000,1980年,人
29640,00700,全域,000,男女総数,040,３９歳,33000,岡山県,1980000000,1980年,人
44650,00700,全域,000,男女総数,040,３９歳,34000,広島県,1980000000,1980年,人
25033,00700,全域,000,男女総数,040,３９歳,35000,山口県,1980000000,1980年,人
11646,00700,全域,000,男女総数,040,３９歳,36000,徳島県,1980000000,1980年,人
14818,00700,全域,000,男女総数,040,３９歳,37000,香川県,1980000000,1980年,人
22564,00700,全域,000,男女総数,040,３９歳,38000,愛媛県,1980000000,1980年,人
12070,00700,全域,000,男女総数,040,３９歳,39000,高知県,1980000000,1980年,人
72215,00700,全域,000,男女総数,040,３９歳,40000,福岡県,1980000000,1980年,人
11555,00700,全域,000,男女総数,040,３９歳,41000,佐賀県,1980000000,1980年,人
21513,00700,全域,000,男女総数,040,３９歳,42000,長崎県,1980000000,1980年,人
24401,00700,全域,000,男女総数,040,３９歳,43000,熊本県,1980000000,1980年,人
17714,00700,全域,000,男女総数,040,３９歳,44000,大分県,1980000000,1980年,人
16319,00700,全域,000,男女総数,040,３９歳,45000,宮崎県,1980000000,1980年,人
22964,00700,全域,000,男女総数,040,３９歳,46000,鹿児島県,1980000000,1980年,人
14766,00700,全域,000,男女総数,040,３９歳,47000,沖縄県,1980000000,1980年,人
1740587,00700,全域,000,男女総数,041,４０歳,00000,全国,1980000000,1980年,人
1369992,00700,全域,000,男女総数,041,４０歳,00001,全国市部,1980000000,1980年,人
370595,00700,全域,000,男女総数,041,４０歳,00002,全国郡部,1980000000,1980年,人
82041,00700,全域,000,男女総数,041,４０歳,01000,北海道,1980000000,1980年,人
20461,00700,全域,000,男女総数,041,４０歳,02000,青森県,1980000000,1980年,人
20097,00700,全域,000,男女総数,041,４０歳,03000,岩手県,1980000000,1980年,人
28953,00700,全域,000,男女総数,041,４０歳,04000,宮城県,1980000000,1980年,人
16778,00700,全域,000,男女総数,041,４０歳,05000,秋田県,1980000000,1980年,人
16391,00700,全域,000,男女総数,041,４０歳,06000,山形県,1980000000,1980年,人
26864,00700,全域,000,男女総数,041,４０歳,07000,福島県,1980000000,1980年,人
38262,00700,全域,000,男女総数,041,４０歳,08000,茨城県,1980000000,1980年,人
25229,00700,全域,000,男女総数,041,４０歳,09000,栃木県,1980000000,1980年,人
26947,00700,全域,000,男女総数,041,４０歳,10000,群馬県,1980000000,1980年,人
96972,00700,全域,000,男女総数,041,４０歳,11000,埼玉県,1980000000,1980年,人
80220,00700,全域,000,男女総数,041,４０歳,12000,千葉県,1980000000,1980年,人
179142,00700,全域,000,男女総数,041,４０歳,13000,東京都,1980000000,1980年,人
117867,00700,全域,000,男女総数,041,４０歳,14000,神奈川県,1980000000,1980年,人
33145,00700,全域,000,男女総数,041,４０歳,15000,新潟県,1980000000,1980年,人
15446,00700,全域,000,男女総数,041,４０歳,16000,富山県,1980000000,1980年,人
14709,00700,全域,000,男女総数,041,４０歳,17000,石川県,1980000000,1980年,人
10239,00700,全域,000,男女総数,041,４０歳,18000,福井県,1980000000,1980年,人
10895,00700,全域,000,男女総数,041,４０歳,19000,山梨県,1980000000,1980年,人
29051,00700,全域,000,男女総数,041,４０歳,20000,長野県,1980000000,1980年,人
29663,00700,全域,000,男女総数,041,４０歳,21000,岐阜県,1980000000,1980年,人
54004,00700,全域,000,男女総数,041,４０歳,22000,静岡県,1980000000,1980年,人
101162,00700,全域,000,男女総数,041,４０歳,23000,愛知県,1980000000,1980年,人
25136,00700,全域,000,男女総数,041,４０歳,24000,三重県,1980000000,1980年,人
15137,00700,全域,000,男女総数,041,４０歳,25000,滋賀県,1980000000,1980年,人
35902,00700,全域,000,男女総数,041,４０歳,26000,京都府,1980000000,1980年,人
140154,00700,全域,000,男女総数,041,４０歳,27000,大阪府,1980000000,1980年,人
75345,00700,全域,000,男女総数,041,４０歳,28000,兵庫県,1980000000,1980年,人
18907,00700,全域,000,男女総数,041,４０歳,29000,奈良県,1980000000,1980年,人
14796,00700,全域,000,男女総数,041,４０歳,30000,和歌山県,1980000000,1980年,人
7351,00700,全域,000,男女総数,041,４０歳,31000,鳥取県,1980000000,1980年,人
9116,00700,全域,000,男女総数,041,４０歳,32000,島根県,1980000000,1980年,人
23986,00700,全域,000,男女総数,041,４０歳,33000,岡山県,1980000000,1980年,人
38396,00700,全域,000,男女総数,041,４０歳,34000,広島県,1980000000,1980年,人
21675,00700,全域,000,男女総数,041,４０歳,35000,山口県,1980000000,1980年,人
10642,00700,全域,000,男女総数,041,４０歳,36000,徳島県,1980000000,1980年,人
13144,00700,全域,000,男女総数,041,４０歳,37000,香川県,1980000000,1980年,人
20080,00700,全域,000,男女総数,041,４０歳,38000,愛媛県,1980000000,1980年,人
10802,00700,全域,000,男女総数,041,４０歳,39000,高知県,1980000000,1980年,人
65210,00700,全域,000,男女総数,041,４０歳,40000,福岡県,1980000000,1980年,人
11011,00700,全域,000,男女総数,041,４０歳,41000,佐賀県,1980000000,1980年,人
20737,00700,全域,000,男女総数,041,４０歳,42000,長崎県,1980000000,1980年,人
22605,00700,全域,000,男女総数,041,４０歳,43000,熊本県,1980000000,1980年,人
15919,00700,全域,000,男女総数,041,４０歳,44000,大分県,1980000000,1980年,人
14592,00700,全域,000,男女総数,041,４０歳,45000,宮崎県,1980000000,1980年,人
21204,00700,全域,000,男女総数,041,４０歳,46000,鹿児島県,1980000000,1980年,人
14202,00700,全域,000,男女総数,041,４０歳,47000,沖縄県,1980000000,1980年,人
1524897,00700,全域,000,男女総数,042,４１歳,00000,全国,1980000000,1980年,人
1193468,00700,全域,000,男女総数,042,４１歳,00001,全国市部,1980000000,1980年,人
331429,00700,全域,000,男女総数,042,４１歳,00002,全国郡部,1980000000,1980年,人
74806,00700,全域,000,男女総数,042,４１歳,01000,北海道,1980000000,1980年,人
18414,00700,全域,000,男女総数,042,４１歳,02000,青森県,1980000000,1980年,人
18214,00700,全域,000,男女総数,042,４１歳,03000,岩手県,1980000000,1980年,人
26081,00700,全域,000,男女総数,042,４１歳,04000,宮城県,1980000000,1980年,人
15705,00700,全域,000,男女総数,042,４１歳,05000,秋田県,1980000000,1980年,人
15011,00700,全域,000,男女総数,042,４１歳,06000,山形県,1980000000,1980年,人
23516,00700,全域,000,男女総数,042,４１歳,07000,福島県,1980000000,1980年,人
32199,00700,全域,000,男女総数,042,４１歳,08000,茨城県,1980000000,1980年,人
21464,00700,全域,000,男女総数,042,４１歳,09000,栃木県,1980000000,1980年,人
22532,00700,全域,000,男女総数,042,４１歳,10000,群馬県,1980000000,1980年,人
81838,00700,全域,000,男女総数,042,４１歳,11000,埼玉県,1980000000,1980年,人
69407,00700,全域,000,男女総数,042,４１歳,12000,千葉県,1980000000,1980年,人
155454,00700,全域,000,男女総数,042,４１歳,13000,東京都,1980000000,1980年,人
101656,00700,全域,000,男女総数,042,４１歳,14000,神奈川県,1980000000,1980年,人
30061,00700,全域,000,男女総数,042,４１歳,15000,新潟県,1980000000,1980年,人
13430,00700,全域,000,男女総数,042,４１歳,16000,富山県,1980000000,1980年,人
12669,00700,全域,000,男女総数,042,４１歳,17000,石川県,1980000000,1980年,人
8647,00700,全域,000,男女総数,042,４１歳,18000,福井県,1980000000,1980年,人
9917,00700,全域,000,男女総数,042,４１歳,19000,山梨県,1980000000,1980年,人
25055,00700,全域,000,男女総数,042,４１歳,20000,長野県,1980000000,1980年,人
25069,00700,全域,000,男女総数,042,４１歳,21000,岐阜県,1980000000,1980年,人
45745,00700,全域,000,男女総数,042,４１歳,22000,静岡県,1980000000,1980年,人
85391,00700,全域,000,男女総数,042,４１歳,23000,愛知県,1980000000,1980年,人
20891,00700,全域,000,男女総数,042,４１歳,24000,三重県,1980000000,1980年,人
12473,00700,全域,000,男女総数,042,４１歳,25000,滋賀県,1980000000,1980年,人
30346,00700,全域,000,男女総数,042,４１歳,26000,京都府,1980000000,1980年,人
121362,00700,全域,000,男女総数,042,４１歳,27000,大阪府,1980000000,1980年,人
66600,00700,全域,000,男女総数,042,４１歳,28000,兵庫県,1980000000,1980年,人
16071,00700,全域,000,男女総数,042,４１歳,29000,奈良県,1980000000,1980年,人
13422,00700,全域,000,男女総数,042,４１歳,30000,和歌山県,1980000000,1980年,人
6847,00700,全域,000,男女総数,042,４１歳,31000,鳥取県,1980000000,1980年,人
8687,00700,全域,000,男女総数,042,４１歳,32000,島根県,1980000000,1980年,人
21813,00700,全域,000,男女総数,042,４１歳,33000,岡山県,1980000000,1980年,人
33189,00700,全域,000,男女総数,042,４１歳,34000,広島県,1980000000,1980年,人
19214,00700,全域,000,男女総数,042,４１歳,35000,山口県,1980000000,1980年,人
9920,00700,全域,000,男女総数,042,４１歳,36000,徳島県,1980000000,1980年,人
11377,00700,全域,000,男女総数,042,４１歳,37000,香川県,1980000000,1980年,人
18132,00700,全域,000,男女総数,042,４１歳,38000,愛媛県,1980000000,1980年,人
9802,00700,全域,000,男女総数,042,４１歳,39000,高知県,1980000000,1980年,人
57833,00700,全域,000,男女総数,042,４１歳,40000,福岡県,1980000000,1980年,人
10050,00700,全域,000,男女総数,042,４１歳,41000,佐賀県,1980000000,1980年,人
19005,00700,全域,000,男女総数,042,４１歳,42000,長崎県,1980000000,1980年,人
21289,00700,全域,000,男女総数,042,４１歳,43000,熊本県,1980000000,1980年,人
14747,00700,全域,000,男女総数,042,４１歳,44000,大分県,1980000000,1980年,人
14121,00700,全域,000,男女総数,042,４１歳,45000,宮崎県,1980000000,1980年,人
21077,00700,全域,000,男女総数,042,４１歳,46000,鹿児島県,1980000000,1980年,人
14348,00700,全域,000,男女総数,042,４１歳,47000,沖縄県,1980000000,1980年,人
1643736,00700,全域,000,男女総数,043,４２歳,00000,全国,1980000000,1980年,人
1275684,00700,全域,000,男女総数,043,４２歳,00001,全国市部,1980000000,1980年,人
368052,00700,全域,000,男女総数,043,４２歳,00002,全国郡部,1980000000,1980年,人
83060,00700,全域,000,男女総数,043,４２歳,01000,北海道,1980000000,1980年,人
22676,00700,全域,000,男女総数,043,４２歳,02000,青森県,1980000000,1980年,人
20550,00700,全域,000,男女総数,043,４２歳,03000,岩手県,1980000000,1980年,人
29109,00700,全域,000,男女総数,043,４２歳,04000,宮城県,1980000000,1980年,人
18415,00700,全域,000,男女総数,043,４２歳,05000,秋田県,1980000000,1980年,人
17243,00700,全域,000,男女総数,043,４２歳,06000,山形県,1980000000,1980年,人
26926,00700,全域,000,男女総数,043,４２歳,07000,福島県,1980000000,1980年,人
35330,00700,全域,000,男女総数,043,４２歳,08000,茨城県,1980000000,1980年,人
23461,00700,全域,000,男女総数,043,４２歳,09000,栃木県,1980000000,1980年,人
24661,00700,全域,000,男女総数,043,４２歳,10000,群馬県,1980000000,1980年,人
86121,00700,全域,000,男女総数,043,４２歳,11000,埼玉県,1980000000,1980年,人
72387,00700,全域,000,男女総数,043,４２歳,12000,千葉県,1980000000,1980年,人
166696,00700,全域,000,男女総数,043,４２歳,13000,東京都,1980000000,1980年,人
106106,00700,全域,000,男女総数,043,４２歳,14000,神奈川県,1980000000,1980年,人
33512,00700,全域,000,男女総数,043,４２歳,15000,新潟県,1980000000,1980年,人
14070,00700,全域,000,男女総数,043,４２歳,16000,富山県,1980000000,1980年,人
13790,00700,全域,000,男女総数,043,４２歳,17000,石川県,1980000000,1980年,人
9854,00700,全域,000,男女総数,043,４２歳,18000,福井県,1980000000,1980年,人
10677,00700,全域,000,男女総数,043,４２歳,19000,山梨県,1980000000,1980年,人
27474,00700,全域,000,男女総数,043,４２歳,20000,長野県,1980000000,1980年,人
27162,00700,全域,000,男女総数,043,４２歳,21000,岐阜県,1980000000,1980年,人
48792,00700,全域,000,男女総数,043,４２歳,22000,静岡県,1980000000,1980年,人
89662,00700,全域,000,男女総数,043,４２歳,23000,愛知県,1980000000,1980年,人
23056,00700,全域,000,男女総数,043,４２歳,24000,三重県,1980000000,1980年,人
13909,00700,全域,000,男女総数,043,４２歳,25000,滋賀県,1980000000,1980年,人
33522,00700,全域,000,男女総数,043,４２歳,26000,京都府,1980000000,1980年,人
128198,00700,全域,000,男女総数,043,４２歳,27000,大阪府,1980000000,1980年,人
71891,00700,全域,000,男女総数,043,４２歳,28000,兵庫県,1980000000,1980年,人
16909,00700,全域,000,男女総数,043,４２歳,29000,奈良県,1980000000,1980年,人
14534,00700,全域,000,男女総数,043,４２歳,30000,和歌山県,1980000000,1980年,人
7704,00700,全域,000,男女総数,043,４２歳,31000,鳥取県,1980000000,1980年,人
9941,00700,全域,000,男女総数,043,４２歳,32000,島根県,1980000000,1980年,人
24366,00700,全域,000,男女総数,043,４２歳,33000,岡山県,1980000000,1980年,人
36265,00700,全域,000,男女総数,043,４２歳,34000,広島県,1980000000,1980年,人
21072,00700,全域,000,男女総数,043,４２歳,35000,山口県,1980000000,1980年,人
10524,00700,全域,000,男女総数,043,４２歳,36000,徳島県,1980000000,1980年,人
12897,00700,全域,000,男女総数,043,４２歳,37000,香川県,1980000000,1980年,人
19052,00700,全域,000,男女総数,043,４２歳,38000,愛媛県,1980000000,1980年,人
10501,00700,全域,000,男女総数,043,４２歳,39000,高知県,1980000000,1980年,人
60009,00700,全域,000,男女総数,043,４２歳,40000,福岡県,1980000000,1980年,人
10466,00700,全域,000,男女総数,043,４２歳,41000,佐賀県,1980000000,1980年,人
20190,00700,全域,000,男女総数,043,４２歳,42000,長崎県,1980000000,1980年,人
23119,00700,全域,000,男女総数,043,４２歳,43000,熊本県,1980000000,1980年,人
15896,00700,全域,000,男女総数,043,４２歳,44000,大分県,1980000000,1980年,人
15086,00700,全域,000,男女総数,043,４２歳,45000,宮崎県,1980000000,1980年,人
22121,00700,全域,000,男女総数,043,４２歳,46000,鹿児島県,1980000000,1980年,人
14774,00700,全域,000,男女総数,043,４２歳,47000,沖縄県,1980000000,1980年,人
1702410,00700,全域,000,男女総数,044,４３歳,00000,全国,1980000000,1980年,人
1318628,00700,全域,000,男女総数,044,４３歳,00001,全国市部,1980000000,1980年,人
383782,00700,全域,000,男女総数,044,４３歳,00002,全国郡部,1980000000,1980年,人
81087,00700,全域,000,男女総数,044,４３歳,01000,北海道,1980000000,1980年,人
22988,00700,全域,000,男女総数,044,４３歳,02000,青森県,1980000000,1980年,人
20936,00700,全域,000,男女総数,044,４３歳,03000,岩手県,1980000000,1980年,人
29316,00700,全域,000,男女総数,044,４３歳,04000,宮城県,1980000000,1980年,人
19351,00700,全域,000,男女総数,044,４３歳,05000,秋田県,1980000000,1980年,人
17550,00700,全域,000,男女総数,044,４３歳,06000,山形県,1980000000,1980年,人
27403,00700,全域,000,男女総数,044,４３歳,07000,福島県,1980000000,1980年,人
35244,00700,全域,000,男女総数,044,４３歳,08000,茨城県,1980000000,1980年,人
23887,00700,全域,000,男女総数,044,４３歳,09000,栃木県,1980000000,1980年,人
25203,00700,全域,000,男女総数,044,４３歳,10000,群馬県,1980000000,1980年,人
84679,00700,全域,000,男女総数,044,４３歳,11000,埼玉県,1980000000,1980年,人
73562,00700,全域,000,男女総数,044,４３歳,12000,千葉県,1980000000,1980年,人
172298,00700,全域,000,男女総数,044,４３歳,13000,東京都,1980000000,1980年,人
107610,00700,全域,000,男女総数,044,４３歳,14000,神奈川県,1980000000,1980年,人
33964,00700,全域,000,男女総数,044,４３歳,15000,新潟県,1980000000,1980年,人
15222,00700,全域,000,男女総数,044,４３歳,16000,富山県,1980000000,1980年,人
14167,00700,全域,000,男女総数,044,４３歳,17000,石川県,1980000000,1980年,人
10807,00700,全域,000,男女総数,044,４３歳,18000,福井県,1980000000,1980年,人
10925,00700,全域,000,男女総数,044,４３歳,19000,山梨県,1980000000,1980年,人
28202,00700,全域,000,男女総数,044,４３歳,20000,長野県,1980000000,1980年,人
28358,00700,全域,000,男女総数,044,４３歳,21000,岐阜県,1980000000,1980年,人
50696,00700,全域,000,男女総数,044,４３歳,22000,静岡県,1980000000,1980年,人
92335,00700,全域,000,男女総数,044,４３歳,23000,愛知県,1980000000,1980年,人
24318,00700,全域,000,男女総数,044,４３歳,24000,三重県,1980000000,1980年,人
14701,00700,全域,000,男女総数,044,４３歳,25000,滋賀県,1980000000,1980年,人
35345,00700,全域,000,男女総数,044,４３歳,26000,京都府,1980000000,1980年,人
131969,00700,全域,000,男女総数,044,４３歳,27000,大阪府,1980000000,1980年,人
75211,00700,全域,000,男女総数,044,４３歳,28000,兵庫県,1980000000,1980年,人
17939,00700,全域,000,男女総数,044,４３歳,29000,奈良県,1980000000,1980年,人
15713,00700,全域,000,男女総数,044,４３歳,30000,和歌山県,1980000000,1980年,人
8335,00700,全域,000,男女総数,044,４３歳,31000,鳥取県,1980000000,1980年,人
11056,00700,全域,000,男女総数,044,４３歳,32000,島根県,1980000000,1980年,人
26720,00700,全域,000,男女総数,044,４３歳,33000,岡山県,1980000000,1980年,人
38707,00700,全域,000,男女総数,044,４３歳,34000,広島県,1980000000,1980年,人
22863,00700,全域,000,男女総数,044,４３歳,35000,山口県,1980000000,1980年,人
12064,00700,全域,000,男女総数,044,４３歳,36000,徳島県,1980000000,1980年,人
13843,00700,全域,000,男女総数,044,４３歳,37000,香川県,1980000000,1980年,人
21611,00700,全域,000,男女総数,044,４３歳,38000,愛媛県,1980000000,1980年,人
11314,00700,全域,000,男女総数,044,４３歳,39000,高知県,1980000000,1980年,人
64992,00700,全域,000,男女総数,044,４３歳,40000,福岡県,1980000000,1980年,人
11507,00700,全域,000,男女総数,044,４３歳,41000,佐賀県,1980000000,1980年,人
21066,00700,全域,000,男女総数,044,４３歳,42000,長崎県,1980000000,1980年,人
25114,00700,全域,000,男女総数,044,４３歳,43000,熊本県,1980000000,1980年,人
17575,00700,全域,000,男女総数,044,４３歳,44000,大分県,1980000000,1980年,人
16383,00700,全域,000,男女総数,044,４３歳,45000,宮崎県,1980000000,1980年,人
23905,00700,全域,000,男女総数,044,４３歳,46000,鹿児島県,1980000000,1980年,人
14369,00700,全域,000,男女総数,044,４３歳,47000,沖縄県,1980000000,1980年,人
1725870,00700,全域,000,男女総数,045,４４歳,00000,全国,1980000000,1980年,人
1332404,00700,全域,000,男女総数,045,４４歳,00001,全国市部,1980000000,1980年,人
393466,00700,全域,000,男女総数,045,４４歳,00002,全国郡部,1980000000,1980年,人
80802,00700,全域,000,男女総数,045,４４歳,01000,北海道,1980000000,1980年,人
22554,00700,全域,000,男女総数,045,４４歳,02000,青森県,1980000000,1980年,人
21665,00700,全域,000,男女総数,045,４４歳,03000,岩手県,1980000000,1980年,人
29563,00700,全域,000,男女総数,045,４４歳,04000,宮城県,1980000000,1980年,人
20099,00700,全域,000,男女総数,045,４４歳,05000,秋田県,1980000000,1980年,人
18385,00700,全域,000,男女総数,045,４４歳,06000,山形県,1980000000,1980年,人
28415,00700,全域,000,男女総数,045,４４歳,07000,福島県,1980000000,1980年,人
35341,00700,全域,000,男女総数,045,４４歳,08000,茨城県,1980000000,1980年,人
24408,00700,全域,000,男女総数,045,４４歳,09000,栃木県,1980000000,1980年,人
25745,00700,全域,000,男女総数,045,４４歳,10000,群馬県,1980000000,1980年,人
84670,00700,全域,000,男女総数,045,４４歳,11000,埼玉県,1980000000,1980年,人
73336,00700,全域,000,男女総数,045,４４歳,12000,千葉県,1980000000,1980年,人
178349,00700,全域,000,男女総数,045,４４歳,13000,東京都,1980000000,1980年,人
107590,00700,全域,000,男女総数,045,４４歳,14000,神奈川県,1980000000,1980年,人
36981,00700,全域,000,男女総数,045,４４歳,15000,新潟県,1980000000,1980年,人
17010,00700,全域,000,男女総数,045,４４歳,16000,富山県,1980000000,1980年,人
15987,00700,全域,000,男女総数,045,４４歳,17000,石川県,1980000000,1980年,人
11742,00700,全域,000,男女総数,045,４４歳,18000,福井県,1980000000,1980年,人
10810,00700,全域,000,男女総数,045,４４歳,19000,山梨県,1980000000,1980年,人
28478,00700,全域,000,男女総数,045,４４歳,20000,長野県,1980000000,1980年,人
28504,00700,全域,000,男女総数,045,４４歳,21000,岐阜県,1980000000,1980年,人
50190,00700,全域,000,男女総数,045,４４歳,22000,静岡県,1980000000,1980年,人
91466,00700,全域,000,男女総数,045,４４歳,23000,愛知県,1980000000,1980年,人
25354,00700,全域,000,男女総数,045,４４歳,24000,三重県,1980000000,1980年,人
15131,00700,全域,000,男女総数,045,４４歳,25000,滋賀県,1980000000,1980年,人
36741,00700,全域,000,男女総数,045,４４歳,26000,京都府,1980000000,1980年,人
133985,00700,全域,000,男女総数,045,４４歳,27000,大阪府,1980000000,1980年,人
77620,00700,全域,000,男女総数,045,４４歳,28000,兵庫県,1980000000,1980年,人
17942,00700,全域,000,男女総数,045,４４歳,29000,奈良県,1980000000,1980年,人
16106,00700,全域,000,男女総数,045,４４歳,30000,和歌山県,1980000000,1980年,人
8785,00700,全域,000,男女総数,045,４４歳,31000,鳥取県,1980000000,1980年,人
11586,00700,全域,000,男女総数,045,４４歳,32000,島根県,1980000000,1980年,人
27161,00700,全域,000,男女総数,045,４４歳,33000,岡山県,1980000000,1980年,人
39486,00700,全域,000,男女総数,045,４４歳,34000,広島県,1980000000,1980年,人
23189,00700,全域,000,男女総数,045,４４歳,35000,山口県,1980000000,1980年,人
11717,00700,全域,000,男女総数,045,４４歳,36000,徳島県,1980000000,1980年,人
14454,00700,全域,000,男女総数,045,４４歳,37000,香川県,1980000000,1980年,人
20750,00700,全域,000,男女総数,045,４４歳,38000,愛媛県,1980000000,1980年,人
11544,00700,全域,000,男女総数,045,４４歳,39000,高知県,1980000000,1980年,人
63845,00700,全域,000,男女総数,045,４４歳,40000,福岡県,1980000000,1980年,人
11443,00700,全域,000,男女総数,045,４４歳,41000,佐賀県,1980000000,1980年,人
21215,00700,全域,000,男女総数,045,４４歳,42000,長崎県,1980000000,1980年,人
24656,00700,全域,000,男女総数,045,４４歳,43000,熊本県,1980000000,1980年,人
16906,00700,全域,000,男女総数,045,４４歳,44000,大分県,1980000000,1980年,人
15886,00700,全域,000,男女総数,045,４４歳,45000,宮崎県,1980000000,1980年,人
23443,00700,全域,000,男女総数,045,４４歳,46000,鹿児島県,1980000000,1980年,人
14835,00700,全域,000,男女総数,045,４４歳,47000,沖縄県,1980000000,1980年,人
1673819,00700,全域,000,男女総数,046,４５歳,00000,全国,1980000000,1980年,人
1284521,00700,全域,000,男女総数,046,４５歳,00001,全国市部,1980000000,1980年,人
389298,00700,全域,000,男女総数,046,４５歳,00002,全国郡部,1980000000,1980年,人
82881,00700,全域,000,男女総数,046,４５歳,01000,北海道,1980000000,1980年,人
22782,00700,全域,000,男女総数,046,４５歳,02000,青森県,1980000000,1980年,人
21902,00700,全域,000,男女総数,046,４５歳,03000,岩手県,1980000000,1980年,人
29611,00700,全域,000,男女総数,046,４５歳,04000,宮城県,1980000000,1980年,人
19765,00700,全域,000,男女総数,046,４５歳,05000,秋田県,1980000000,1980年,人
18261,00700,全域,000,男女総数,046,４５歳,06000,山形県,1980000000,1980年,人
28370,00700,全域,000,男女総数,046,４５歳,07000,福島県,1980000000,1980年,人
34200,00700,全域,000,男女総数,046,４５歳,08000,茨城県,1980000000,1980年,人
24148,00700,全域,000,男女総数,046,４５歳,09000,栃木県,1980000000,1980年,人
24560,00700,全域,000,男女総数,046,４５歳,10000,群馬県,1980000000,1980年,人
78986,00700,全域,000,男女総数,046,４５歳,11000,埼玉県,1980000000,1980年,人
69438,00700,全域,000,男女総数,046,４５歳,12000,千葉県,1980000000,1980年,人
173520,00700,全域,000,男女総数,046,４５歳,13000,東京都,1980000000,1980年,人
103667,00700,全域,000,男女総数,046,４５歳,14000,神奈川県,1980000000,1980年,人
34048,00700,全域,000,男女総数,046,４５歳,15000,新潟県,1980000000,1980年,人
14995,00700,全域,000,男女総数,046,４５歳,16000,富山県,1980000000,1980年,人
14043,00700,全域,000,男女総数,046,４５歳,17000,石川県,1980000000,1980年,人
10541,00700,全域,000,男女総数,046,４５歳,18000,福井県,1980000000,1980年,人
10827,00700,全域,000,男女総数,046,４５歳,19000,山梨県,1980000000,1980年,人
28096,00700,全域,000,男女総数,046,４５歳,20000,長野県,1980000000,1980年,人
27763,00700,全域,000,男女総数,046,４５歳,21000,岐阜県,1980000000,1980年,人
49457,00700,全域,000,男女総数,046,４５歳,22000,静岡県,1980000000,1980年,人
87624,00700,全域,000,男女総数,046,４５歳,23000,愛知県,1980000000,1980年,人
24140,00700,全域,000,男女総数,046,４５歳,24000,三重県,1980000000,1980年,人
13915,00700,全域,000,男女総数,046,４５歳,25000,滋賀県,1980000000,1980年,人
33752,00700,全域,000,男女総数,046,４５歳,26000,京都府,1980000000,1980年,人
125713,00700,全域,000,男女総数,046,４５歳,27000,大阪府,1980000000,1980年,人
73570,00700,全域,000,男女総数,046,４５歳,28000,兵庫県,1980000000,1980年,人
17035,00700,全域,000,男女総数,046,４５歳,29000,奈良県,1980000000,1980年,人
15605,00700,全域,000,男女総数,046,４５歳,30000,和歌山県,1980000000,1980年,人
8348,00700,全域,000,男女総数,046,４５歳,31000,鳥取県,1980000000,1980年,人
11445,00700,全域,000,男女総数,046,４５歳,32000,島根県,1980000000,1980年,人
25769,00700,全域,000,男女総数,046,４５歳,33000,岡山県,1980000000,1980年,人
38329,00700,全域,000,男女総数,046,４５歳,34000,広島県,1980000000,1980年,人
22961,00700,全域,000,男女総数,046,４５歳,35000,山口県,1980000000,1980年,人
11645,00700,全域,000,男女総数,046,４５歳,36000,徳島県,1980000000,1980年,人
13776,00700,全域,000,男女総数,046,４５歳,37000,香川県,1980000000,1980年,人
20837,00700,全域,000,男女総数,046,４５歳,38000,愛媛県,1980000000,1980年,人
11866,00700,全域,000,男女総数,046,４５歳,39000,高知県,1980000000,1980年,人
63059,00700,全域,000,男女総数,046,４５歳,40000,福岡県,1980000000,1980年,人
11783,00700,全域,000,男女総数,046,４５歳,41000,佐賀県,1980000000,1980年,人
22070,00700,全域,000,男女総数,046,４５歳,42000,長崎県,1980000000,1980年,人
25162,00700,全域,000,男女総数,046,４５歳,43000,熊本県,1980000000,1980年,人
17511,00700,全域,000,男女総数,046,４５歳,44000,大分県,1980000000,1980年,人
16806,00700,全域,000,男女総数,046,４５歳,45000,宮崎県,1980000000,1980年,人
25084,00700,全域,000,男女総数,046,４５歳,46000,鹿児島県,1980000000,1980年,人
14153,00700,全域,000,男女総数,046,４５歳,47000,沖縄県,1980000000,1980年,人
1607762,00700,全域,000,男女総数,047,４６歳,00000,全国,1980000000,1980年,人
1219011,00700,全域,000,男女総数,047,４６歳,00001,全国市部,1980000000,1980年,人
388751,00700,全域,000,男女総数,047,４６歳,00002,全国郡部,1980000000,1980年,人
79676,00700,全域,000,男女総数,047,４６歳,01000,北海道,1980000000,1980年,人
22478,00700,全域,000,男女総数,047,４６歳,02000,青森県,1980000000,1980年,人
21334,00700,全域,000,男女総数,047,４６歳,03000,岩手県,1980000000,1980年,人
28970,00700,全域,000,男女総数,047,４６歳,04000,宮城県,1980000000,1980年,人
19276,00700,全域,000,男女総数,047,４６歳,05000,秋田県,1980000000,1980年,人
18197,00700,全域,000,男女総数,047,４６歳,06000,山形県,1980000000,1980年,人
28710,00700,全域,000,男女総数,047,４６歳,07000,福島県,1980000000,1980年,人
32455,00700,全域,000,男女総数,047,４６歳,08000,茨城県,1980000000,1980年,人
23445,00700,全域,000,男女総数,047,４６歳,09000,栃木県,1980000000,1980年,人
24947,00700,全域,000,男女総数,047,４６歳,10000,群馬県,1980000000,1980年,人
71576,00700,全域,000,男女総数,047,４６歳,11000,埼玉県,1980000000,1980年,人
63330,00700,全域,000,男女総数,047,４６歳,12000,千葉県,1980000000,1980年,人
160780,00700,全域,000,男女総数,047,４６歳,13000,東京都,1980000000,1980年,人
94678,00700,全域,000,男女総数,047,４６歳,14000,神奈川県,1980000000,1980年,人
33626,00700,全域,000,男女総数,047,４６歳,15000,新潟県,1980000000,1980年,人
15331,00700,全域,000,男女総数,047,４６歳,16000,富山県,1980000000,1980年,人
14398,00700,全域,000,男女総数,047,４６歳,17000,石川県,1980000000,1980年,人
10862,00700,全域,000,男女総数,047,４６歳,18000,福井県,1980000000,1980年,人
10552,00700,全域,000,男女総数,047,４６歳,19000,山梨県,1980000000,1980年,人
28282,00700,全域,000,男女総数,047,４６歳,20000,長野県,1980000000,1980年,人
27272,00700,全域,000,男女総数,047,４６歳,21000,岐阜県,1980000000,1980年,人
48640,00700,全域,000,男女総数,047,４６歳,22000,静岡県,1980000000,1980年,人
84404,00700,全域,000,男女総数,047,４６歳,23000,愛知県,1980000000,1980年,人
24146,00700,全域,000,男女総数,047,４６歳,24000,三重県,1980000000,1980年,人
14064,00700,全域,000,男女総数,047,４６歳,25000,滋賀県,1980000000,1980年,人
33542,00700,全域,000,男女総数,047,４６歳,26000,京都府,1980000000,1980年,人
116700,00700,全域,000,男女総数,047,４６歳,27000,大阪府,1980000000,1980年,人
69775,00700,全域,000,男女総数,047,４６歳,28000,兵庫県,1980000000,1980年,人
16108,00700,全域,000,男女総数,047,４６歳,29000,奈良県,1980000000,1980年,人
15263,00700,全域,000,男女総数,047,４６歳,30000,和歌山県,1980000000,1980年,人
8581,00700,全域,000,男女総数,047,４６歳,31000,鳥取県,1980000000,1980年,人
11670,00700,全域,000,男女総数,047,４６歳,32000,島根県,1980000000,1980年,人
24774,00700,全域,000,男女総数,047,４６歳,33000,岡山県,1980000000,1980年,人
36440,00700,全域,000,男女総数,047,４６歳,34000,広島県,1980000000,1980年,人
22902,00700,全域,000,男女総数,047,４６歳,35000,山口県,1980000000,1980年,人
12153,00700,全域,000,男女総数,047,４６歳,36000,徳島県,1980000000,1980年,人
13469,00700,全域,000,男女総数,047,４６歳,37000,香川県,1980000000,1980年,人
20605,00700,全域,000,男女総数,047,４６歳,38000,愛媛県,1980000000,1980年,人
11621,00700,全域,000,男女総数,047,４６歳,39000,高知県,1980000000,1980年,人
62117,00700,全域,000,男女総数,047,４６歳,40000,福岡県,1980000000,1980年,人
11723,00700,全域,000,男女総数,047,４６歳,41000,佐賀県,1980000000,1980年,人
21837,00700,全域,000,男女総数,047,４６歳,42000,長崎県,1980000000,1980年,人
25119,00700,全域,000,男女総数,047,４６歳,43000,熊本県,1980000000,1980年,人
17529,00700,全域,000,男女総数,047,４６歳,44000,大分県,1980000000,1980年,人
16085,00700,全域,000,男女総数,047,４６歳,45000,宮崎県,1980000000,1980年,人
24332,00700,全域,000,男女総数,047,４６歳,46000,鹿児島県,1980000000,1980年,人
13988,00700,全域,000,男女総数,047,４６歳,47000,沖縄県,1980000000,1980年,人
1631191,00700,全域,000,男女総数,048,４７歳,00000,全国,1980000000,1980年,人
1230331,00700,全域,000,男女総数,048,４７歳,00001,全国市部,1980000000,1980年,人
400860,00700,全域,000,男女総数,048,４７歳,00002,全国郡部,1980000000,1980年,人
79062,00700,全域,000,男女総数,048,４７歳,01000,北海道,1980000000,1980年,人
22752,00700,全域,000,男女総数,048,４７歳,02000,青森県,1980000000,1980年,人
21631,00700,全域,000,男女総数,048,４７歳,03000,岩手県,1980000000,1980年,人
29220,00700,全域,000,男女総数,048,４７歳,04000,宮城県,1980000000,1980年,人
20425,00700,全域,000,男女総数,048,４７歳,05000,秋田県,1980000000,1980年,人
19202,00700,全域,000,男女総数,048,４７歳,06000,山形県,1980000000,1980年,人
29175,00700,全域,000,男女総数,048,４７歳,07000,福島県,1980000000,1980年,人
32896,00700,全域,000,男女総数,048,４７歳,08000,茨城県,1980000000,1980年,人
23645,00700,全域,000,男女総数,048,４７歳,09000,栃木県,1980000000,1980年,人
24576,00700,全域,000,男女総数,048,４７歳,10000,群馬県,1980000000,1980年,人
69713,00700,全域,000,男女総数,048,４７歳,11000,埼玉県,1980000000,1980年,人
62887,00700,全域,000,男女総数,048,４７歳,12000,千葉県,1980000000,1980年,人
163074,00700,全域,000,男女総数,048,４７歳,13000,東京都,1980000000,1980年,人
95151,00700,全域,000,男女総数,048,４７歳,14000,神奈川県,1980000000,1980年,人
36168,00700,全域,000,男女総数,048,４７歳,15000,新潟県,1980000000,1980年,人
16504,00700,全域,000,男女総数,048,４７歳,16000,富山県,1980000000,1980年,人
15250,00700,全域,000,男女総数,048,４７歳,17000,石川県,1980000000,1980年,人
11501,00700,全域,000,男女総数,048,４７歳,18000,福井県,1980000000,1980年,人
10991,00700,全域,000,男女総数,048,４７歳,19000,山梨県,1980000000,1980年,人
29732,00700,全域,000,男女総数,048,４７歳,20000,長野県,1980000000,1980年,人
27256,00700,全域,000,男女総数,048,４７歳,21000,岐阜県,1980000000,1980年,人
47052,00700,全域,000,男女総数,048,４７歳,22000,静岡県,1980000000,1980年,人
81458,00700,全域,000,男女総数,048,４７歳,23000,愛知県,1980000000,1980年,人
24344,00700,全域,000,男女総数,048,４７歳,24000,三重県,1980000000,1980年,人
13967,00700,全域,000,男女総数,048,４７歳,25000,滋賀県,1980000000,1980年,人
33014,00700,全域,000,男女総数,048,４７歳,26000,京都府,1980000000,1980年,人
117393,00700,全域,000,男女総数,048,４７歳,27000,大阪府,1980000000,1980年,人
72805,00700,全域,000,男女総数,048,４７歳,28000,兵庫県,1980000000,1980年,人
16163,00700,全域,000,男女総数,048,４７歳,29000,奈良県,1980000000,1980年,人
16351,00700,全域,000,男女総数,048,４７歳,30000,和歌山県,1980000000,1980年,人
8640,00700,全域,000,男女総数,048,４７歳,31000,鳥取県,1980000000,1980年,人
12017,00700,全域,000,男女総数,048,４７歳,32000,島根県,1980000000,1980年,人
27146,00700,全域,000,男女総数,048,４７歳,33000,岡山県,1980000000,1980年,人
37125,00700,全域,000,男女総数,048,４７歳,34000,広島県,1980000000,1980年,人
23547,00700,全域,000,男女総数,048,４７歳,35000,山口県,1980000000,1980年,人
12751,00700,全域,000,男女総数,048,４７歳,36000,徳島県,1980000000,1980年,人
15022,00700,全域,000,男女総数,048,４７歳,37000,香川県,1980000000,1980年,人
21690,00700,全域,000,男女総数,048,４７歳,38000,愛媛県,1980000000,1980年,人
12586,00700,全域,000,男女総数,048,４７歳,39000,高知県,1980000000,1980年,人
62272,00700,全域,000,男女総数,048,４７歳,40000,福岡県,1980000000,1980年,人
12076,00700,全域,000,男女総数,048,４７歳,41000,佐賀県,1980000000,1980年,人
21935,00700,全域,000,男女総数,048,４７歳,42000,長崎県,1980000000,1980年,人
26063,00700,全域,000,男女総数,048,４７歳,43000,熊本県,1980000000,1980年,人
18043,00700,全域,000,男女総数,048,４７歳,44000,大分県,1980000000,1980年,人
16922,00700,全域,000,男女総数,048,４７歳,45000,宮崎県,1980000000,1980年,人
26054,00700,全域,000,男女総数,048,４７歳,46000,鹿児島県,1980000000,1980年,人
13944,00700,全域,000,男女総数,048,４７歳,47000,沖縄県,1980000000,1980年,人
1604343,00700,全域,000,男女総数,049,４８歳,00000,全国,1980000000,1980年,人
1200057,00700,全域,000,男女総数,049,４８歳,00001,全国市部,1980000000,1980年,人
404286,00700,全域,000,男女総数,049,４８歳,00002,全国郡部,1980000000,1980年,人
77213,00700,全域,000,男女総数,049,４８歳,01000,北海道,1980000000,1980年,人
21777,00700,全域,000,男女総数,049,４８歳,02000,青森県,1980000000,1980年,人
21915,00700,全域,000,男女総数,049,４８歳,03000,岩手県,1980000000,1980年,人
29097,00700,全域,000,男女総数,049,４８歳,04000,宮城県,1980000000,1980年,人
19753,00700,全域,000,男女総数,049,４８歳,05000,秋田県,1980000000,1980年,人
18788,00700,全域,000,男女総数,049,４８歳,06000,山形県,1980000000,1980年,人
30048,00700,全域,000,男女総数,049,４８歳,07000,福島県,1980000000,1980年,人
33088,00700,全域,000,男女総数,049,４８歳,08000,茨城県,1980000000,1980年,人
23755,00700,全域,000,男女総数,049,４８歳,09000,栃木県,1980000000,1980年,人
24958,00700,全域,000,男女総数,049,４８歳,10000,群馬県,1980000000,1980年,人
65300,00700,全域,000,男女総数,049,４８歳,11000,埼玉県,1980000000,1980年,人
59720,00700,全域,000,男女総数,049,４８歳,12000,千葉県,1980000000,1980年,人
156179,00700,全域,000,男女総数,049,４８歳,13000,東京都,1980000000,1980年,人
90112,00700,全域,000,男女総数,049,４８歳,14000,神奈川県,1980000000,1980年,人
35665,00700,全域,000,男女総数,049,４８歳,15000,新潟県,1980000000,1980年,人
15679,00700,全域,000,男女総数,049,４８歳,16000,富山県,1980000000,1980年,人
14528,00700,全域,000,男女総数,049,４８歳,17000,石川県,1980000000,1980年,人
11458,00700,全域,000,男女総数,049,４８歳,18000,福井県,1980000000,1980年,人
11196,00700,全域,000,男女総数,049,４８歳,19000,山梨県,1980000000,1980年,人
30087,00700,全域,000,男女総数,049,４８歳,20000,長野県,1980000000,1980年,人
27322,00700,全域,000,男女総数,049,４８歳,21000,岐阜県,1980000000,1980年,人
47432,00700,全域,000,男女総数,049,４８歳,22000,静岡県,1980000000,1980年,人
79908,00700,全域,000,男女総数,049,４８歳,23000,愛知県,1980000000,1980年,人
23866,00700,全域,000,男女総数,049,４８歳,24000,三重県,1980000000,1980年,人
14467,00700,全域,000,男女総数,049,４８歳,25000,滋賀県,1980000000,1980年,人
33377,00700,全域,000,男女総数,049,４８歳,26000,京都府,1980000000,1980年,人
114017,00700,全域,000,男女総数,049,４８歳,27000,大阪府,1980000000,1980年,人
72026,00700,全域,000,男女総数,049,４８歳,28000,兵庫県,1980000000,1980年,人
16045,00700,全域,000,男女総数,049,４８歳,29000,奈良県,1980000000,1980年,人
15997,00700,全域,000,男女総数,049,４８歳,30000,和歌山県,1980000000,1980年,人
9017,00700,全域,000,男女総数,049,４８歳,31000,鳥取県,1980000000,1980年,人
12546,00700,全域,000,男女総数,049,４８歳,32000,島根県,1980000000,1980年,人
27380,00700,全域,000,男女総数,049,４８歳,33000,岡山県,1980000000,1980年,人
36931,00700,全域,000,男女総数,049,４８歳,34000,広島県,1980000000,1980年,人
23958,00700,全域,000,男女総数,049,４８歳,35000,山口県,1980000000,1980年,人
12626,00700,全域,000,男女総数,049,４８歳,36000,徳島県,1980000000,1980年,人
14610,00700,全域,000,男女総数,049,４８歳,37000,香川県,1980000000,1980年,人
21742,00700,全域,000,男女総数,049,４８歳,38000,愛媛県,1980000000,1980年,人
12326,00700,全域,000,男女総数,049,４８歳,39000,高知県,1980000000,1980年,人
64053,00700,全域,000,男女総数,049,４８歳,40000,福岡県,1980000000,1980年,人
12142,00700,全域,000,男女総数,049,４８歳,41000,佐賀県,1980000000,1980年,人
22812,00700,全域,000,男女総数,049,４８歳,42000,長崎県,1980000000,1980年,人
26082,00700,全域,000,男女総数,049,４８歳,43000,熊本県,1980000000,1980年,人
17794,00700,全域,000,男女総数,049,４８歳,44000,大分県,1980000000,1980年,人
16454,00700,全域,000,男女総数,049,４８歳,45000,宮崎県,1980000000,1980年,人
26251,00700,全域,000,男女総数,049,４８歳,46000,鹿児島県,1980000000,1980年,人
12846,00700,全域,000,男女総数,049,４８歳,47000,沖縄県,1980000000,1980年,人
1573272,00700,全域,000,男女総数,050,４９歳,00000,全国,1980000000,1980年,人
1165703,00700,全域,000,男女総数,050,４９歳,00001,全国市部,1980000000,1980年,人
407569,00700,全域,000,男女総数,050,４９歳,00002,全国郡部,1980000000,1980年,人
76220,00700,全域,000,男女総数,050,４９歳,01000,北海道,1980000000,1980年,人
21745,00700,全域,000,男女総数,050,４９歳,02000,青森県,1980000000,1980年,人
21388,00700,全域,000,男女総数,050,４９歳,03000,岩手県,1980000000,1980年,人
28778,00700,全域,000,男女総数,050,４９歳,04000,宮城県,1980000000,1980年,人
20492,00700,全域,000,男女総数,050,４９歳,05000,秋田県,1980000000,1980年,人
19701,00700,全域,000,男女総数,050,４９歳,06000,山形県,1980000000,1980年,人
29958,00700,全域,000,男女総数,050,４９歳,07000,福島県,1980000000,1980年,人
32815,00700,全域,000,男女総数,050,４９歳,08000,茨城県,1980000000,1980年,人
23845,00700,全域,000,男女総数,050,４９歳,09000,栃木県,1980000000,1980年,人
25316,00700,全域,000,男女総数,050,４９歳,10000,群馬県,1980000000,1980年,人
62896,00700,全域,000,男女総数,050,４９歳,11000,埼玉県,1980000000,1980年,人
57939,00700,全域,000,男女総数,050,４９歳,12000,千葉県,1980000000,1980年,人
149975,00700,全域,000,男女総数,050,４９歳,13000,東京都,1980000000,1980年,人
87131,00700,全域,000,男女総数,050,４９歳,14000,神奈川県,1980000000,1980年,人
36432,00700,全域,000,男女総数,050,４９歳,15000,新潟県,1980000000,1980年,人
16196,00700,全域,000,男女総数,050,４９歳,16000,富山県,1980000000,1980年,人
15324,00700,全域,000,男女総数,050,４９歳,17000,石川県,1980000000,1980年,人
11677,00700,全域,000,男女総数,050,４９歳,18000,福井県,1980000000,1980年,人
11286,00700,全域,000,男女総数,050,４９歳,19000,山梨県,1980000000,1980年,人
30107,00700,全域,000,男女総数,050,４９歳,20000,長野県,1980000000,1980年,人
26763,00700,全域,000,男女総数,050,４９歳,21000,岐阜県,1980000000,1980年,人
47032,00700,全域,000,男女総数,050,４９歳,22000,静岡県,1980000000,1980年,人
77376,00700,全域,000,男女総数,050,４９歳,23000,愛知県,1980000000,1980年,人
24075,00700,全域,000,男女総数,050,４９歳,24000,三重県,1980000000,1980年,人
14372,00700,全域,000,男女総数,050,４９歳,25000,滋賀県,1980000000,1980年,人
31911,00700,全域,000,男女総数,050,４９歳,26000,京都府,1980000000,1980年,人
107663,00700,全域,000,男女総数,050,４９歳,27000,大阪府,1980000000,1980年,人
70163,00700,全域,000,男女総数,050,４９歳,28000,兵庫県,1980000000,1980年,人
15796,00700,全域,000,男女総数,050,４９歳,29000,奈良県,1980000000,1980年,人
15767,00700,全域,000,男女総数,050,４９歳,30000,和歌山県,1980000000,1980年,人
9106,00700,全域,000,男女総数,050,４９歳,31000,鳥取県,1980000000,1980年,人
12318,00700,全域,000,男女総数,050,４９歳,32000,島根県,1980000000,1980年,人
27759,00700,全域,000,男女総数,050,４９歳,33000,岡山県,1980000000,1980年,人
36571,00700,全域,000,男女総数,050,４９歳,34000,広島県,1980000000,1980年,人
23606,00700,全域,000,男女総数,050,４９歳,35000,山口県,1980000000,1980年,人
12346,00700,全域,000,男女総数,050,４９歳,36000,徳島県,1980000000,1980年,人
14790,00700,全域,000,男女総数,050,４９歳,37000,香川県,1980000000,1980年,人
21863,00700,全域,000,男女総数,050,４９歳,38000,愛媛県,1980000000,1980年,人
12438,00700,全域,000,男女総数,050,４９歳,39000,高知県,1980000000,1980年,人
61049,00700,全域,000,男女総数,050,４９歳,40000,福岡県,1980000000,1980年,人
11945,00700,全域,000,男女総数,050,４９歳,41000,佐賀県,1980000000,1980年,人
21482,00700,全域,000,男女総数,050,４９歳,42000,長崎県,1980000000,1980年,人
25852,00700,全域,000,男女総数,050,４９歳,43000,熊本県,1980000000,1980年,人
18343,00700,全域,000,男女総数,050,４９歳,44000,大分県,1980000000,1980年,人
16338,00700,全域,000,男女総数,050,４９歳,45000,宮崎県,1980000000,1980年,人
25532,00700,全域,000,男女総数,050,４９歳,46000,鹿児島県,1980000000,1980年,人
11795,00700,全域,000,男女総数,050,４９歳,47000,沖縄県,1980000000,1980年,人
1508650,00700,全域,000,男女総数,051,５０歳,00000,全国,1980000000,1980年,人
1107729,00700,全域,000,男女総数,051,５０歳,00001,全国市部,1980000000,1980年,人
400921,00700,全域,000,男女総数,051,５０歳,00002,全国郡部,1980000000,1980年,人
75394,00700,全域,000,男女総数,051,５０歳,01000,北海道,1980000000,1980年,人
20613,00700,全域,000,男女総数,051,５０歳,02000,青森県,1980000000,1980年,人
21436,00700,全域,000,男女総数,051,５０歳,03000,岩手県,1980000000,1980年,人
27722,00700,全域,000,男女総数,051,５０歳,04000,宮城県,1980000000,1980年,人
20220,00700,全域,000,男女総数,051,５０歳,05000,秋田県,1980000000,1980年,人
19813,00700,全域,000,男女総数,051,５０歳,06000,山形県,1980000000,1980年,人
29026,00700,全域,000,男女総数,051,５０歳,07000,福島県,1980000000,1980年,人
32212,00700,全域,000,男女総数,051,５０歳,08000,茨城県,1980000000,1980年,人
23646,00700,全域,000,男女総数,051,５０歳,09000,栃木県,1980000000,1980年,人
24397,00700,全域,000,男女総数,051,５０歳,10000,群馬県,1980000000,1980年,人
58036,00700,全域,000,男女総数,051,５０歳,11000,埼玉県,1980000000,1980年,人
54161,00700,全域,000,男女総数,051,５０歳,12000,千葉県,1980000000,1980年,人
143086,00700,全域,000,男女総数,051,５０歳,13000,東京都,1980000000,1980年,人
82747,00700,全域,000,男女総数,051,５０歳,14000,神奈川県,1980000000,1980年,人
34515,00700,全域,000,男女総数,051,５０歳,15000,新潟県,1980000000,1980年,人
15177,00700,全域,000,男女総数,051,５０歳,16000,富山県,1980000000,1980年,人
14186,00700,全域,000,男女総数,051,５０歳,17000,石川県,1980000000,1980年,人
11024,00700,全域,000,男女総数,051,５０歳,18000,福井県,1980000000,1980年,人
11134,00700,全域,000,男女総数,051,５０歳,19000,山梨県,1980000000,1980年,人
30194,00700,全域,000,男女総数,051,５０歳,20000,長野県,1980000000,1980年,人
26656,00700,全域,000,男女総数,051,５０歳,21000,岐阜県,1980000000,1980年,人
45288,00700,全域,000,男女総数,051,５０歳,22000,静岡県,1980000000,1980年,人
73209,00700,全域,000,男女総数,051,５０歳,23000,愛知県,1980000000,1980年,人
24159,00700,全域,000,男女総数,051,５０歳,24000,三重県,1980000000,1980年,人
13713,00700,全域,000,男女総数,051,５０歳,25000,滋賀県,1980000000,1980年,人
30062,00700,全域,000,男女総数,051,５０歳,26000,京都府,1980000000,1980年,人
100020,00700,全域,000,男女総数,051,５０歳,27000,大阪府,1980000000,1980年,人
65174,00700,全域,000,男女総数,051,５０歳,28000,兵庫県,1980000000,1980年,人
14765,00700,全域,000,男女総数,051,５０歳,29000,奈良県,1980000000,1980年,人
15224,00700,全域,000,男女総数,051,５０歳,30000,和歌山県,1980000000,1980年,人
8794,00700,全域,000,男女総数,051,５０歳,31000,鳥取県,1980000000,1980年,人
11664,00700,全域,000,男女総数,051,５０歳,32000,島根県,1980000000,1980年,人
25070,00700,全域,000,男女総数,051,５０歳,33000,岡山県,1980000000,1980年,人
34714,00700,全域,000,男女総数,051,５０歳,34000,広島県,1980000000,1980年,人
22061,00700,全域,000,男女総数,051,５０歳,35000,山口県,1980000000,1980年,人
12278,00700,全域,000,男女総数,051,５０歳,36000,徳島県,1980000000,1980年,人
13715,00700,全域,000,男女総数,051,５０歳,37000,香川県,1980000000,1980年,人
21153,00700,全域,000,男女総数,051,５０歳,38000,愛媛県,1980000000,1980年,人
12554,00700,全域,000,男女総数,051,５０歳,39000,高知県,1980000000,1980年,人
57313,00700,全域,000,男女総数,051,５０歳,40000,福岡県,1980000000,1980年,人
11836,00700,全域,000,男女総数,051,５０歳,41000,佐賀県,1980000000,1980年,人
21880,00700,全域,000,男女総数,051,５０歳,42000,長崎県,1980000000,1980年,人
25458,00700,全域,000,男女総数,051,５０歳,43000,熊本県,1980000000,1980年,人
17701,00700,全域,000,男女総数,051,５０歳,44000,大分県,1980000000,1980年,人
16296,00700,全域,000,男女総数,051,５０歳,45000,宮崎県,1980000000,1980年,人
26598,00700,全域,000,男女総数,051,５０歳,46000,鹿児島県,1980000000,1980年,人
12556,00700,全域,000,男女総数,051,５０歳,47000,沖縄県,1980000000,1980年,人
1477871,00700,全域,000,男女総数,052,５１歳,00000,全国,1980000000,1980年,人
1078893,00700,全域,000,男女総数,052,５１歳,00001,全国市部,1980000000,1980年,人
398978,00700,全域,000,男女総数,052,５１歳,00002,全国郡部,1980000000,1980年,人
70433,00700,全域,000,男女総数,052,５１歳,01000,北海道,1980000000,1980年,人
19304,00700,全域,000,男女総数,052,５１歳,02000,青森県,1980000000,1980年,人
20844,00700,全域,000,男女総数,052,５１歳,03000,岩手県,1980000000,1980年,人
28132,00700,全域,000,男女総数,052,５１歳,04000,宮城県,1980000000,1980年,人
18942,00700,全域,000,男女総数,052,５１歳,05000,秋田県,1980000000,1980年,人
18978,00700,全域,000,男女総数,052,５１歳,06000,山形県,1980000000,1980年,人
29649,00700,全域,000,男女総数,052,５１歳,07000,福島県,1980000000,1980年,人
31884,00700,全域,000,男女総数,052,５１歳,08000,茨城県,1980000000,1980年,人
23189,00700,全域,000,男女総数,052,５１歳,09000,栃木県,1980000000,1980年,人
24292,00700,全域,000,男女総数,052,５１歳,10000,群馬県,1980000000,1980年,人
54562,00700,全域,000,男女総数,052,５１歳,11000,埼玉県,1980000000,1980年,人
50865,00700,全域,000,男女総数,052,５１歳,12000,千葉県,1980000000,1980年,人
135843,00700,全域,000,男女総数,052,５１歳,13000,東京都,1980000000,1980年,人
78326,00700,全域,000,男女総数,052,５１歳,14000,神奈川県,1980000000,1980年,人
34971,00700,全域,000,男女総数,052,５１歳,15000,新潟県,1980000000,1980年,人
15546,00700,全域,000,男女総数,052,５１歳,16000,富山県,1980000000,1980年,人
14456,00700,全域,000,男女総数,052,５１歳,17000,石川県,1980000000,1980年,人
11417,00700,全域,000,男女総数,052,５１歳,18000,福井県,1980000000,1980年,人
10994,00700,全域,000,男女総数,052,５１歳,19000,山梨県,1980000000,1980年,人
30009,00700,全域,000,男女総数,052,５１歳,20000,長野県,1980000000,1980年,人
25888,00700,全域,000,男女総数,052,５１歳,21000,岐阜県,1980000000,1980年,人
42779,00700,全域,000,男女総数,052,５１歳,22000,静岡県,1980000000,1980年,人
70309,00700,全域,000,男女総数,052,５１歳,23000,愛知県,1980000000,1980年,人
23180,00700,全域,000,男女総数,052,５１歳,24000,三重県,1980000000,1980年,人
13597,00700,全域,000,男女総数,052,５１歳,25000,滋賀県,1980000000,1980年,人
30231,00700,全域,000,男女総数,052,５１歳,26000,京都府,1980000000,1980年,人
97995,00700,全域,000,男女総数,052,５１歳,27000,大阪府,1980000000,1980年,人
65773,00700,全域,000,男女総数,052,５１歳,28000,兵庫県,1980000000,1980年,人
14825,00700,全域,000,男女総数,052,５１歳,29000,奈良県,1980000000,1980年,人
15329,00700,全域,000,男女総数,052,５１歳,30000,和歌山県,1980000000,1980年,人
8985,00700,全域,000,男女総数,052,５１歳,31000,鳥取県,1980000000,1980年,人
12362,00700,全域,000,男女総数,052,５１歳,32000,島根県,1980000000,1980年,人
25952,00700,全域,000,男女総数,052,５１歳,33000,岡山県,1980000000,1980年,人
36190,00700,全域,000,男女総数,052,５１歳,34000,広島県,1980000000,1980年,人
22954,00700,全域,000,男女総数,052,５１歳,35000,山口県,1980000000,1980年,人
12509,00700,全域,000,男女総数,052,５１歳,36000,徳島県,1980000000,1980年,人
14333,00700,全域,000,男女総数,052,５１歳,37000,香川県,1980000000,1980年,人
21751,00700,全域,000,男女総数,052,５１歳,38000,愛媛県,1980000000,1980年,人
12431,00700,全域,000,男女総数,052,５１歳,39000,高知県,1980000000,1980年,人
59144,00700,全域,000,男女総数,052,５１歳,40000,福岡県,1980000000,1980年,人
12082,00700,全域,000,男女総数,052,５１歳,41000,佐賀県,1980000000,1980年,人
21360,00700,全域,000,男女総数,052,５１歳,42000,長崎県,1980000000,1980年,人
24773,00700,全域,000,男女総数,052,５１歳,43000,熊本県,1980000000,1980年,人
17512,00700,全域,000,男女総数,052,５１歳,44000,大分県,1980000000,1980年,人
15972,00700,全域,000,男女総数,052,５１歳,45000,宮崎県,1980000000,1980年,人
25697,00700,全域,000,男女総数,052,５１歳,46000,鹿児島県,1980000000,1980年,人
11322,00700,全域,000,男女総数,052,５１歳,47000,沖縄県,1980000000,1980年,人
1441194,00700,全域,000,男女総数,053,５２歳,00000,全国,1980000000,1980年,人
1047355,00700,全域,000,男女総数,053,５２歳,00001,全国市部,1980000000,1980年,人
393839,00700,全域,000,男女総数,053,５２歳,00002,全国郡部,1980000000,1980年,人
70410,00700,全域,000,男女総数,053,５２歳,01000,北海道,1980000000,1980年,人
20501,00700,全域,000,男女総数,053,５２歳,02000,青森県,1980000000,1980年,人
20238,00700,全域,000,男女総数,053,５２歳,03000,岩手県,1980000000,1980年,人
26341,00700,全域,000,男女総数,053,５２歳,04000,宮城県,1980000000,1980年,人
19706,00700,全域,000,男女総数,053,５２歳,05000,秋田県,1980000000,1980年,人
19467,00700,全域,000,男女総数,053,５２歳,06000,山形県,1980000000,1980年,人
28832,00700,全域,000,男女総数,053,５２歳,07000,福島県,1980000000,1980年,人
31211,00700,全域,000,男女総数,053,５２歳,08000,茨城県,1980000000,1980年,人
22893,00700,全域,000,男女総数,053,５２歳,09000,栃木県,1980000000,1980年,人
23502,00700,全域,000,男女総数,053,５２歳,10000,群馬県,1980000000,1980年,人
52893,00700,全域,000,男女総数,053,５２歳,11000,埼玉県,1980000000,1980年,人
49046,00700,全域,000,男女総数,053,５２歳,12000,千葉県,1980000000,1980年,人
133056,00700,全域,000,男女総数,053,５２歳,13000,東京都,1980000000,1980年,人
75450,00700,全域,000,男女総数,053,５２歳,14000,神奈川県,1980000000,1980年,人
34860,00700,全域,000,男女総数,053,５２歳,15000,新潟県,1980000000,1980年,人
14907,00700,全域,000,男女総数,053,５２歳,16000,富山県,1980000000,1980年,人
14026,00700,全域,000,男女総数,053,５２歳,17000,石川県,1980000000,1980年,人
11091,00700,全域,000,男女総数,053,５２歳,18000,福井県,1980000000,1980年,人
10841,00700,全域,000,男女総数,053,５２歳,19000,山梨県,1980000000,1980年,人
29603,00700,全域,000,男女総数,053,５２歳,20000,長野県,1980000000,1980年,人
25009,00700,全域,000,男女総数,053,５２歳,21000,岐阜県,1980000000,1980年,人
43904,00700,全域,000,男女総数,053,５２歳,22000,静岡県,1980000000,1980年,人
67677,00700,全域,000,男女総数,053,５２歳,23000,愛知県,1980000000,1980年,人
22490,00700,全域,000,男女総数,053,５２歳,24000,三重県,1980000000,1980年,人
13623,00700,全域,000,男女総数,053,５２歳,25000,滋賀県,1980000000,1980年,人
29503,00700,全域,000,男女総数,053,５２歳,26000,京都府,1980000000,1980年,人
93617,00700,全域,000,男女総数,053,５２歳,27000,大阪府,1980000000,1980年,人
63372,00700,全域,000,男女総数,053,５２歳,28000,兵庫県,1980000000,1980年,人
14450,00700,全域,000,男女総数,053,５２歳,29000,奈良県,1980000000,1980年,人
15171,00700,全域,000,男女総数,053,５２歳,30000,和歌山県,1980000000,1980年,人
8421,00700,全域,000,男女総数,053,５２歳,31000,鳥取県,1980000000,1980年,人
11843,00700,全域,000,男女総数,053,５２歳,32000,島根県,1980000000,1980年,人
24962,00700,全域,000,男女総数,053,５２歳,33000,岡山県,1980000000,1980年,人
34406,00700,全域,000,男女総数,053,５２歳,34000,広島県,1980000000,1980年,人
22105,00700,全域,000,男女総数,053,５２歳,35000,山口県,1980000000,1980年,人
11985,00700,全域,000,男女総数,053,５２歳,36000,徳島県,1980000000,1980年,人
13885,00700,全域,000,男女総数,053,５２歳,37000,香川県,1980000000,1980年,人
21047,00700,全域,000,男女総数,053,５２歳,38000,愛媛県,1980000000,1980年,人
12258,00700,全域,000,男女総数,053,５２歳,39000,高知県,1980000000,1980年,人
56285,00700,全域,000,男女総数,053,５２歳,40000,福岡県,1980000000,1980年,人
11578,00700,全域,000,男女総数,053,５２歳,41000,佐賀県,1980000000,1980年,人
20767,00700,全域,000,男女総数,053,５２歳,42000,長崎県,1980000000,1980年,人
24860,00700,全域,000,男女総数,053,５２歳,43000,熊本県,1980000000,1980年,人
17066,00700,全域,000,男女総数,053,５２歳,44000,大分県,1980000000,1980年,人
15422,00700,全域,000,男女総数,053,５２歳,45000,宮崎県,1980000000,1980年,人
25692,00700,全域,000,男女総数,053,５２歳,46000,鹿児島県,1980000000,1980年,人
10922,00700,全域,000,男女総数,053,５２歳,47000,沖縄県,1980000000,1980年,人
1407660,00700,全域,000,男女総数,054,５３歳,00000,全国,1980000000,1980年,人
1015158,00700,全域,000,男女総数,054,５３歳,00001,全国市部,1980000000,1980年,人
392502,00700,全域,000,男女総数,054,５３歳,00002,全国郡部,1980000000,1980年,人
67373,00700,全域,000,男女総数,054,５３歳,01000,北海道,1980000000,1980年,人
19185,00700,全域,000,男女総数,054,５３歳,02000,青森県,1980000000,1980年,人
19874,00700,全域,000,男女総数,054,５３歳,03000,岩手県,1980000000,1980年,人
26910,00700,全域,000,男女総数,054,５３歳,04000,宮城県,1980000000,1980年,人
19367,00700,全域,000,男女総数,054,５３歳,05000,秋田県,1980000000,1980年,人
19424,00700,全域,000,男女総数,054,５３歳,06000,山形県,1980000000,1980年,人
29106,00700,全域,000,男女総数,054,５３歳,07000,福島県,1980000000,1980年,人
31073,00700,全域,000,男女総数,054,５３歳,08000,茨城県,1980000000,1980年,人
22783,00700,全域,000,男女総数,054,５３歳,09000,栃木県,1980000000,1980年,人
23703,00700,全域,000,男女総数,054,５３歳,10000,群馬県,1980000000,1980年,人
51396,00700,全域,000,男女総数,054,５３歳,11000,埼玉県,1980000000,1980年,人
48282,00700,全域,000,男女総数,054,５３歳,12000,千葉県,1980000000,1980年,人
129912,00700,全域,000,男女総数,054,５３歳,13000,東京都,1980000000,1980年,人
72813,00700,全域,000,男女総数,054,５３歳,14000,神奈川県,1980000000,1980年,人
34342,00700,全域,000,男女総数,054,５３歳,15000,新潟県,1980000000,1980年,人
14790,00700,全域,000,男女総数,054,５３歳,16000,富山県,1980000000,1980年,人
13482,00700,全域,000,男女総数,054,５３歳,17000,石川県,1980000000,1980年,人
10792,00700,全域,000,男女総数,054,５３歳,18000,福井県,1980000000,1980年,人
11019,00700,全域,000,男女総数,054,５３歳,19000,山梨県,1980000000,1980年,人
30444,00700,全域,000,男女総数,054,５３歳,20000,長野県,1980000000,1980年,人
24769,00700,全域,000,男女総数,054,５３歳,21000,岐阜県,1980000000,1980年,人
41860,00700,全域,000,男女総数,054,５３歳,22000,静岡県,1980000000,1980年,人
65226,00700,全域,000,男女総数,054,５３歳,23000,愛知県,1980000000,1980年,人
22227,00700,全域,000,男女総数,054,５３歳,24000,三重県,1980000000,1980年,人
13206,00700,全域,000,男女総数,054,５３歳,25000,滋賀県,1980000000,1980年,人
28655,00700,全域,000,男女総数,054,５３歳,26000,京都府,1980000000,1980年,人
88163,00700,全域,000,男女総数,054,５３歳,27000,大阪府,1980000000,1980年,人
61530,00700,全域,000,男女総数,054,５３歳,28000,兵庫県,1980000000,1980年,人
14016,00700,全域,000,男女総数,054,５３歳,29000,奈良県,1980000000,1980年,人
14986,00700,全域,000,男女総数,054,５３歳,30000,和歌山県,1980000000,1980年,人
8979,00700,全域,000,男女総数,054,５３歳,31000,鳥取県,1980000000,1980年,人
11740,00700,全域,000,男女総数,054,５３歳,32000,島根県,1980000000,1980年,人
23929,00700,全域,000,男女総数,054,５３歳,33000,岡山県,1980000000,1980年,人
33255,00700,全域,000,男女総数,054,５３歳,34000,広島県,1980000000,1980年,人
21389,00700,全域,000,男女総数,054,５３歳,35000,山口県,1980000000,1980年,人
11818,00700,全域,000,男女総数,054,５３歳,36000,徳島県,1980000000,1980年,人
13471,00700,全域,000,男女総数,054,５３歳,37000,香川県,1980000000,1980年,人
20590,00700,全域,000,男女総数,054,５３歳,38000,愛媛県,1980000000,1980年,人
12125,00700,全域,000,男女総数,054,５３歳,39000,高知県,1980000000,1980年,人
55040,00700,全域,000,男女総数,054,５３歳,40000,福岡県,1980000000,1980年,人
11413,00700,全域,000,男女総数,054,５３歳,41000,佐賀県,1980000000,1980年,人
20840,00700,全域,000,男女総数,054,５３歳,42000,長崎県,1980000000,1980年,人
24319,00700,全域,000,男女総数,054,５３歳,43000,熊本県,1980000000,1980年,人
17020,00700,全域,000,男女総数,054,５３歳,44000,大分県,1980000000,1980年,人
15476,00700,全域,000,男女総数,054,５３歳,45000,宮崎県,1980000000,1980年,人
25504,00700,全域,000,男女総数,054,５３歳,46000,鹿児島県,1980000000,1980年,人
10044,00700,全域,000,男女総数,054,５３歳,47000,沖縄県,1980000000,1980年,人
1364647,00700,全域,000,男女総数,055,５４歳,00000,全国,1980000000,1980年,人
980109,00700,全域,000,男女総数,055,５４歳,00001,全国市部,1980000000,1980年,人
384538,00700,全域,000,男女総数,055,５４歳,00002,全国郡部,1980000000,1980年,人
63980,00700,全域,000,男女総数,055,５４歳,01000,北海道,1980000000,1980年,人
17862,00700,全域,000,男女総数,055,５４歳,02000,青森県,1980000000,1980年,人
19683,00700,全域,000,男女総数,055,５４歳,03000,岩手県,1980000000,1980年,人
25561,00700,全域,000,男女総数,055,５４歳,04000,宮城県,1980000000,1980年,人
17822,00700,全域,000,男女総数,055,５４歳,05000,秋田県,1980000000,1980年,人
18721,00700,全域,000,男女総数,055,５４歳,06000,山形県,1980000000,1980年,人
28690,00700,全域,000,男女総数,055,５４歳,07000,福島県,1980000000,1980年,人
30372,00700,全域,000,男女総数,055,５４歳,08000,茨城県,1980000000,1980年,人
21911,00700,全域,000,男女総数,055,５４歳,09000,栃木県,1980000000,1980年,人
23148,00700,全域,000,男女総数,055,５４歳,10000,群馬県,1980000000,1980年,人
49190,00700,全域,000,男女総数,055,５４歳,11000,埼玉県,1980000000,1980年,人
46212,00700,全域,000,男女総数,055,５４歳,12000,千葉県,1980000000,1980年,人
123901,00700,全域,000,男女総数,055,５４歳,13000,東京都,1980000000,1980年,人
69115,00700,全域,000,男女総数,055,５４歳,14000,神奈川県,1980000000,1980年,人
33719,00700,全域,000,男女総数,055,５４歳,15000,新潟県,1980000000,1980年,人
14248,00700,全域,000,男女総数,055,５４歳,16000,富山県,1980000000,1980年,人
13573,00700,全域,000,男女総数,055,５４歳,17000,石川県,1980000000,1980年,人
10731,00700,全域,000,男女総数,055,５４歳,18000,福井県,1980000000,1980年,人
10185,00700,全域,000,男女総数,055,５４歳,19000,山梨県,1980000000,1980年,人
29635,00700,全域,000,男女総数,055,５４歳,20000,長野県,1980000000,1980年,人
23991,00700,全域,000,男女総数,055,５４歳,21000,岐阜県,1980000000,1980年,人
41011,00700,全域,000,男女総数,055,５４歳,22000,静岡県,1980000000,1980年,人
63150,00700,全域,000,男女総数,055,５４歳,23000,愛知県,1980000000,1980年,人
22149,00700,全域,000,男女総数,055,５４歳,24000,三重県,1980000000,1980年,人
12793,00700,全域,000,男女総数,055,５４歳,25000,滋賀県,1980000000,1980年,人
27980,00700,全域,000,男女総数,055,５４歳,26000,京都府,1980000000,1980年,人
85104,00700,全域,000,男女総数,055,５４歳,27000,大阪府,1980000000,1980年,人
60740,00700,全域,000,男女総数,055,５４歳,28000,兵庫県,1980000000,1980年,人
13592,00700,全域,000,男女総数,055,５４歳,29000,奈良県,1980000000,1980年,人
14433,00700,全域,000,男女総数,055,５４歳,30000,和歌山県,1980000000,1980年,人
8544,00700,全域,000,男女総数,055,５４歳,31000,鳥取県,1980000000,1980年,人
11809,00700,全域,000,男女総数,055,５４歳,32000,島根県,1980000000,1980年,人
24262,00700,全域,000,男女総数,055,５４歳,33000,岡山県,1980000000,1980年,人
32878,00700,全域,000,男女総数,055,５４歳,34000,広島県,1980000000,1980年,人
21404,00700,全域,000,男女総数,055,５４歳,35000,山口県,1980000000,1980年,人
11893,00700,全域,000,男女総数,055,５４歳,36000,徳島県,1980000000,1980年,人
13731,00700,全域,000,男女総数,055,５４歳,37000,香川県,1980000000,1980年,人
19969,00700,全域,000,男女総数,055,５４歳,38000,愛媛県,1980000000,1980年,人
11764,00700,全域,000,男女総数,055,５４歳,39000,高知県,1980000000,1980年,人
54761,00700,全域,000,男女総数,055,５４歳,40000,福岡県,1980000000,1980年,人
11736,00700,全域,000,男女総数,055,５４歳,41000,佐賀県,1980000000,1980年,人
20813,00700,全域,000,男女総数,055,５４歳,42000,長崎県,1980000000,1980年,人
23845,00700,全域,000,男女総数,055,５４歳,43000,熊本県,1980000000,1980年,人
16625,00700,全域,000,男女総数,055,５４歳,44000,大分県,1980000000,1980年,人
14998,00700,全域,000,男女総数,055,５４歳,45000,宮崎県,1980000000,1980年,人
23700,00700,全域,000,男女総数,055,５４歳,46000,鹿児島県,1980000000,1980年,人
8713,00700,全域,000,男女総数,055,５４歳,47000,沖縄県,1980000000,1980年,人
1295202,00700,全域,000,男女総数,056,５５歳,00000,全国,1980000000,1980年,人
926270,00700,全域,000,男女総数,056,５５歳,00001,全国市部,1980000000,1980年,人
368932,00700,全域,000,男女総数,056,５５歳,00002,全国郡部,1980000000,1980年,人
62533,00700,全域,000,男女総数,056,５５歳,01000,北海道,1980000000,1980年,人
17866,00700,全域,000,男女総数,056,５５歳,02000,青森県,1980000000,1980年,人
18491,00700,全域,000,男女総数,056,５５歳,03000,岩手県,1980000000,1980年,人
24854,00700,全域,000,男女総数,056,５５歳,04000,宮城県,1980000000,1980年,人
18127,00700,全域,000,男女総数,056,５５歳,05000,秋田県,1980000000,1980年,人
18066,00700,全域,000,男女総数,056,５５歳,06000,山形県,1980000000,1980年,人
26972,00700,全域,000,男女総数,056,５５歳,07000,福島県,1980000000,1980年,人
29527,00700,全域,000,男女総数,056,５５歳,08000,茨城県,1980000000,1980年,人
22045,00700,全域,000,男女総数,056,５５歳,09000,栃木県,1980000000,1980年,人
22329,00700,全域,000,男女総数,056,５５歳,10000,群馬県,1980000000,1980年,人
46147,00700,全域,000,男女総数,056,５５歳,11000,埼玉県,1980000000,1980年,人
43027,00700,全域,000,男女総数,056,５５歳,12000,千葉県,1980000000,1980年,人
118958,00700,全域,000,男女総数,056,５５歳,13000,東京都,1980000000,1980年,人
65782,00700,全域,000,男女総数,056,５５歳,14000,神奈川県,1980000000,1980年,人
32623,00700,全域,000,男女総数,056,５５歳,15000,新潟県,1980000000,1980年,人
14008,00700,全域,000,男女総数,056,５５歳,16000,富山県,1980000000,1980年,人
13278,00700,全域,000,男女総数,056,５５歳,17000,石川県,1980000000,1980年,人
10499,00700,全域,000,男女総数,056,５５歳,18000,福井県,1980000000,1980年,人
10294,00700,全域,000,男女総数,056,５５歳,19000,山梨県,1980000000,1980年,人
28118,00700,全域,000,男女総数,056,５５歳,20000,長野県,1980000000,1980年,人
22659,00700,全域,000,男女総数,056,５５歳,21000,岐阜県,1980000000,1980年,人
39275,00700,全域,000,男女総数,056,５５歳,22000,静岡県,1980000000,1980年,人
59446,00700,全域,000,男女総数,056,５５歳,23000,愛知県,1980000000,1980年,人
20809,00700,全域,000,男女総数,056,５５歳,24000,三重県,1980000000,1980年,人
12229,00700,全域,000,男女総数,056,５５歳,25000,滋賀県,1980000000,1980年,人
26724,00700,全域,000,男女総数,056,５５歳,26000,京都府,1980000000,1980年,人
77049,00700,全域,000,男女総数,056,５５歳,27000,大阪府,1980000000,1980年,人
55343,00700,全域,000,男女総数,056,５５歳,28000,兵庫県,1980000000,1980年,人
12490,00700,全域,000,男女総数,056,５５歳,29000,奈良県,1980000000,1980年,人
13465,00700,全域,000,男女総数,056,５５歳,30000,和歌山県,1980000000,1980年,人
8562,00700,全域,000,男女総数,056,５５歳,31000,鳥取県,1980000000,1980年,人
11178,00700,全域,000,男女総数,056,５５歳,32000,島根県,1980000000,1980年,人
22026,00700,全域,000,男女総数,056,５５歳,33000,岡山県,1980000000,1980年,人
31123,00700,全域,000,男女総数,056,５５歳,34000,広島県,1980000000,1980年,人
20037,00700,全域,000,男女総数,056,５５歳,35000,山口県,1980000000,1980年,人
10715,00700,全域,000,男女総数,056,５５歳,36000,徳島県,1980000000,1980年,人
12088,00700,全域,000,男女総数,056,５５歳,37000,香川県,1980000000,1980年,人
18992,00700,全域,000,男女総数,056,５５歳,38000,愛媛県,1980000000,1980年,人
11492,00700,全域,000,男女総数,056,５５歳,39000,高知県,1980000000,1980年,人
50831,00700,全域,000,男女総数,056,５５歳,40000,福岡県,1980000000,1980年,人
11001,00700,全域,000,男女総数,056,５５歳,41000,佐賀県,1980000000,1980年,人
19837,00700,全域,000,男女総数,056,５５歳,42000,長崎県,1980000000,1980年,人
22596,00700,全域,000,男女総数,056,５５歳,43000,熊本県,1980000000,1980年,人
15934,00700,全域,000,男女総数,056,５５歳,44000,大分県,1980000000,1980年,人
13862,00700,全域,000,男女総数,056,５５歳,45000,宮崎県,1980000000,1980年,人
23619,00700,全域,000,男女総数,056,５５歳,46000,鹿児島県,1980000000,1980年,人
8276,00700,全域,000,男女総数,056,５５歳,47000,沖縄県,1980000000,1980年,人
1180334,00700,全域,000,男女総数,057,５６歳,00000,全国,1980000000,1980年,人
840428,00700,全域,000,男女総数,057,５６歳,00001,全国市部,1980000000,1980年,人
339906,00700,全域,000,男女総数,057,５６歳,00002,全国郡部,1980000000,1980年,人
57969,00700,全域,000,男女総数,057,５６歳,01000,北海道,1980000000,1980年,人
15953,00700,全域,000,男女総数,057,５６歳,02000,青森県,1980000000,1980年,人
16891,00700,全域,000,男女総数,057,５６歳,03000,岩手県,1980000000,1980年,人
21789,00700,全域,000,男女総数,057,５６歳,04000,宮城県,1980000000,1980年,人
15727,00700,全域,000,男女総数,057,５６歳,05000,秋田県,1980000000,1980年,人
17130,00700,全域,000,男女総数,057,５６歳,06000,山形県,1980000000,1980年,人
24387,00700,全域,000,男女総数,057,５６歳,07000,福島県,1980000000,1980年,人
27188,00700,全域,000,男女総数,057,５６歳,08000,茨城県,1980000000,1980年,人
19657,00700,全域,000,男女総数,057,５６歳,09000,栃木県,1980000000,1980年,人
20474,00700,全域,000,男女総数,057,５６歳,10000,群馬県,1980000000,1980年,人
40799,00700,全域,000,男女総数,057,５６歳,11000,埼玉県,1980000000,1980年,人
38016,00700,全域,000,男女総数,057,５６歳,12000,千葉県,1980000000,1980年,人
104911,00700,全域,000,男女総数,057,５６歳,13000,東京都,1980000000,1980年,人
56767,00700,全域,000,男女総数,057,５６歳,14000,神奈川県,1980000000,1980年,人
29009,00700,全域,000,男女総数,057,５６歳,15000,新潟県,1980000000,1980年,人
12668,00700,全域,000,男女総数,057,５６歳,16000,富山県,1980000000,1980年,人
11968,00700,全域,000,男女総数,057,５６歳,17000,石川県,1980000000,1980年,人
9490,00700,全域,000,男女総数,057,５６歳,18000,福井県,1980000000,1980年,人
9617,00700,全域,000,男女総数,057,５６歳,19000,山梨県,1980000000,1980年,人
26752,00700,全域,000,男女総数,057,５６歳,20000,長野県,1980000000,1980年,人
20919,00700,全域,000,男女総数,057,５６歳,21000,岐阜県,1980000000,1980年,人
34784,00700,全域,000,男女総数,057,５６歳,22000,静岡県,1980000000,1980年,人
53363,00700,全域,000,男女総数,057,５６歳,23000,愛知県,1980000000,1980年,人
17853,00700,全域,000,男女総数,057,５６歳,24000,三重県,1980000000,1980年,人
11065,00700,全域,000,男女総数,057,５６歳,25000,滋賀県,1980000000,1980年,人
24323,00700,全域,000,男女総数,057,５６歳,26000,京都府,1980000000,1980年,人
72340,00700,全域,000,男女総数,057,５６歳,27000,大阪府,1980000000,1980年,人
51568,00700,全域,000,男女総数,057,５６歳,28000,兵庫県,1980000000,1980年,人
11589,00700,全域,000,男女総数,057,５６歳,29000,奈良県,1980000000,1980年,人
12627,00700,全域,000,男女総数,057,５６歳,30000,和歌山県,1980000000,1980年,人
7819,00700,全域,000,男女総数,057,５６歳,31000,鳥取県,1980000000,1980年,人
10243,00700,全域,000,男女総数,057,５６歳,32000,島根県,1980000000,1980年,人
20376,00700,全域,000,男女総数,057,５６歳,33000,岡山県,1980000000,1980年,人
28925,00700,全域,000,男女総数,057,５６歳,34000,広島県,1980000000,1980年,人
18887,00700,全域,000,男女総数,057,５６歳,35000,山口県,1980000000,1980年,人
10091,00700,全域,000,男女総数,057,５６歳,36000,徳島県,1980000000,1980年,人
11652,00700,全域,000,男女総数,057,５６歳,37000,香川県,1980000000,1980年,人
17709,00700,全域,000,男女総数,057,５６歳,38000,愛媛県,1980000000,1980年,人
10866,00700,全域,000,男女総数,057,５６歳,39000,高知県,1980000000,1980年,人
48362,00700,全域,000,男女総数,057,５６歳,40000,福岡県,1980000000,1980年,人
10203,00700,全域,000,男女総数,057,５６歳,41000,佐賀県,1980000000,1980年,人
18631,00700,全域,000,男女総数,057,５６歳,42000,長崎県,1980000000,1980年,人
21156,00700,全域,000,男女総数,057,５６歳,43000,熊本県,1980000000,1980年,人
14742,00700,全域,000,男女総数,057,５６歳,44000,大分県,1980000000,1980年,人
12854,00700,全域,000,男女総数,057,５６歳,45000,宮崎県,1980000000,1980年,人
22327,00700,全域,000,男女総数,057,５６歳,46000,鹿児島県,1980000000,1980年,人
7898,00700,全域,000,男女総数,057,５６歳,47000,沖縄県,1980000000,1980年,人
1099504,00700,全域,000,男女総数,058,５７歳,00000,全国,1980000000,1980年,人
783754,00700,全域,000,男女総数,058,５７歳,00001,全国市部,1980000000,1980年,人
315750,00700,全域,000,男女総数,058,５７歳,00002,全国郡部,1980000000,1980年,人
52897,00700,全域,000,男女総数,058,５７歳,01000,北海道,1980000000,1980年,人
13987,00700,全域,000,男女総数,058,５７歳,02000,青森県,1980000000,1980年,人
15818,00700,全域,000,男女総数,058,５７歳,03000,岩手県,1980000000,1980年,人
20356,00700,全域,000,男女総数,058,５７歳,04000,宮城県,1980000000,1980年,人
13998,00700,全域,000,男女総数,058,５７歳,05000,秋田県,1980000000,1980年,人
14944,00700,全域,000,男女総数,058,５７歳,06000,山形県,1980000000,1980年,人
22592,00700,全域,000,男女総数,058,５７歳,07000,福島県,1980000000,1980年,人
25072,00700,全域,000,男女総数,058,５７歳,08000,茨城県,1980000000,1980年,人
18228,00700,全域,000,男女総数,058,５７歳,09000,栃木県,1980000000,1980年,人
18968,00700,全域,000,男女総数,058,５７歳,10000,群馬県,1980000000,1980年,人
38771,00700,全域,000,男女総数,058,５７歳,11000,埼玉県,1980000000,1980年,人
35663,00700,全域,000,男女総数,058,５７歳,12000,千葉県,1980000000,1980年,人
98533,00700,全域,000,男女総数,058,５７歳,13000,東京都,1980000000,1980年,人
53046,00700,全域,000,男女総数,058,５７歳,14000,神奈川県,1980000000,1980年,人
26647,00700,全域,000,男女総数,058,５７歳,15000,新潟県,1980000000,1980年,人
11303,00700,全域,000,男女総数,058,５７歳,16000,富山県,1980000000,1980年,人
10622,00700,全域,000,男女総数,058,５７歳,17000,石川県,1980000000,1980年,人
8033,00700,全域,000,男女総数,058,５７歳,18000,福井県,1980000000,1980年,人
8757,00700,全域,000,男女総数,058,５７歳,19000,山梨県,1980000000,1980年,人
25172,00700,全域,000,男女総数,058,５７歳,20000,長野県,1980000000,1980年,人
19436,00700,全域,000,男女総数,058,５７歳,21000,岐阜県,1980000000,1980年,人
32583,00700,全域,000,男女総数,058,５７歳,22000,静岡県,1980000000,1980年,人
49564,00700,全域,000,男女総数,058,５７歳,23000,愛知県,1980000000,1980年,人
16819,00700,全域,000,男女総数,058,５７歳,24000,三重県,1980000000,1980年,人
9873,00700,全域,000,男女総数,058,５７歳,25000,滋賀県,1980000000,1980年,人
22282,00700,全域,000,男女総数,058,５７歳,26000,京都府,1980000000,1980年,人
67066,00700,全域,000,男女総数,058,５７歳,27000,大阪府,1980000000,1980年,人
47441,00700,全域,000,男女総数,058,５７歳,28000,兵庫県,1980000000,1980年,人
11266,00700,全域,000,男女総数,058,５７歳,29000,奈良県,1980000000,1980年,人
11943,00700,全域,000,男女総数,058,５７歳,30000,和歌山県,1980000000,1980年,人
6874,00700,全域,000,男女総数,058,５７歳,31000,鳥取県,1980000000,1980年,人
10021,00700,全域,000,男女総数,058,５７歳,32000,島根県,1980000000,1980年,人
19458,00700,全域,000,男女総数,058,５７歳,33000,岡山県,1980000000,1980年,人
27224,00700,全域,000,男女総数,058,５７歳,34000,広島県,1980000000,1980年,人
17856,00700,全域,000,男女総数,058,５７歳,35000,山口県,1980000000,1980年,人
9617,00700,全域,000,男女総数,058,５７歳,36000,徳島県,1980000000,1980年,人
11155,00700,全域,000,男女総数,058,５７歳,37000,香川県,1980000000,1980年,人
17091,00700,全域,000,男女総数,058,５７歳,38000,愛媛県,1980000000,1980年,人
10018,00700,全域,000,男女総数,058,５７歳,39000,高知県,1980000000,1980年,人
45100,00700,全域,000,男女総数,058,５７歳,40000,福岡県,1980000000,1980年,人
9865,00700,全域,000,男女総数,058,５７歳,41000,佐賀県,1980000000,1980年,人
17240,00700,全域,000,男女総数,058,５７歳,42000,長崎県,1980000000,1980年,人
20391,00700,全域,000,男女総数,058,５７歳,43000,熊本県,1980000000,1980年,人
14053,00700,全域,000,男女総数,058,５７歳,44000,大分県,1980000000,1980年,人
12123,00700,全域,000,男女総数,058,５７歳,45000,宮崎県,1980000000,1980年,人
21575,00700,全域,000,男女総数,058,５７歳,46000,鹿児島県,1980000000,1980年,人
8163,00700,全域,000,男女総数,058,５７歳,47000,沖縄県,1980000000,1980年,人
1046434,00700,全域,000,男女総数,059,５８歳,00000,全国,1980000000,1980年,人
745494,00700,全域,000,男女総数,059,５８歳,00001,全国市部,1980000000,1980年,人
300940,00700,全域,000,男女総数,059,５８歳,00002,全国郡部,1980000000,1980年,人
51830,00700,全域,000,男女総数,059,５８歳,01000,北海道,1980000000,1980年,人
13677,00700,全域,000,男女総数,059,５８歳,02000,青森県,1980000000,1980年,人
14107,00700,全域,000,男女総数,059,５８歳,03000,岩手県,1980000000,1980年,人
19640,00700,全域,000,男女総数,059,５８歳,04000,宮城県,1980000000,1980年,人
13777,00700,全域,000,男女総数,059,５８歳,05000,秋田県,1980000000,1980年,人
14426,00700,全域,000,男女総数,059,５８歳,06000,山形県,1980000000,1980年,人
22215,00700,全域,000,男女総数,059,５８歳,07000,福島県,1980000000,1980年,人
22952,00700,全域,000,男女総数,059,５８歳,08000,茨城県,1980000000,1980年,人
16997,00700,全域,000,男女総数,059,５８歳,09000,栃木県,1980000000,1980年,人
17158,00700,全域,000,男女総数,059,５８歳,10000,群馬県,1980000000,1980年,人
36173,00700,全域,000,男女総数,059,５８歳,11000,埼玉県,1980000000,1980年,人
33419,00700,全域,000,男女総数,059,５８歳,12000,千葉県,1980000000,1980年,人
95137,00700,全域,000,男女総数,059,５８歳,13000,東京都,1980000000,1980年,人
50399,00700,全域,000,男女総数,059,５８歳,14000,神奈川県,1980000000,1980年,人
26842,00700,全域,000,男女総数,059,５８歳,15000,新潟県,1980000000,1980年,人
11258,00700,全域,000,男女総数,059,５８歳,16000,富山県,1980000000,1980年,人
10760,00700,全域,000,男女総数,059,５８歳,17000,石川県,1980000000,1980年,人
7791,00700,全域,000,男女総数,059,５８歳,18000,福井県,1980000000,1980年,人
8362,00700,全域,000,男女総数,059,５８歳,19000,山梨県,1980000000,1980年,人
23539,00700,全域,000,男女総数,059,５８歳,20000,長野県,1980000000,1980年,人
17903,00700,全域,000,男女総数,059,５８歳,21000,岐阜県,1980000000,1980年,人
29733,00700,全域,000,男女総数,059,５８歳,22000,静岡県,1980000000,1980年,人
45387,00700,全域,000,男女総数,059,５８歳,23000,愛知県,1980000000,1980年,人
15356,00700,全域,000,男女総数,059,５８歳,24000,三重県,1980000000,1980年,人
9089,00700,全域,000,男女総数,059,５８歳,25000,滋賀県,1980000000,1980年,人
21186,00700,全域,000,男女総数,059,５８歳,26000,京都府,1980000000,1980年,人
63298,00700,全域,000,男女総数,059,５８歳,27000,大阪府,1980000000,1980年,人
45341,00700,全域,000,男女総数,059,５８歳,28000,兵庫県,1980000000,1980年,人
10385,00700,全域,000,男女総数,059,５８歳,29000,奈良県,1980000000,1980年,人
11392,00700,全域,000,男女総数,059,５８歳,30000,和歌山県,1980000000,1980年,人
6900,00700,全域,000,男女総数,059,５８歳,31000,鳥取県,1980000000,1980年,人
9698,00700,全域,000,男女総数,059,５８歳,32000,島根県,1980000000,1980年,人
18313,00700,全域,000,男女総数,059,５８歳,33000,岡山県,1980000000,1980年,人
26848,00700,全域,000,男女総数,059,５８歳,34000,広島県,1980000000,1980年,人
17688,00700,全域,000,男女総数,059,５８歳,35000,山口県,1980000000,1980年,人
8543,00700,全域,000,男女総数,059,５８歳,36000,徳島県,1980000000,1980年,人
10556,00700,全域,000,男女総数,059,５８歳,37000,香川県,1980000000,1980年,人
16360,00700,全域,000,男女総数,059,５８歳,38000,愛媛県,1980000000,1980年,人
9721,00700,全域,000,男女総数,059,５８歳,39000,高知県,1980000000,1980年,人
42484,00700,全域,000,男女総数,059,５８歳,40000,福岡県,1980000000,1980年,人
8766,00700,全域,000,男女総数,059,５８歳,41000,佐賀県,1980000000,1980年,人
16635,00700,全域,000,男女総数,059,５８歳,42000,長崎県,1980000000,1980年,人
19317,00700,全域,000,男女総数,059,５８歳,43000,熊本県,1980000000,1980年,人
13175,00700,全域,000,男女総数,059,５８歳,44000,大分県,1980000000,1980年,人
11770,00700,全域,000,男女総数,059,５８歳,45000,宮崎県,1980000000,1980年,人
21436,00700,全域,000,男女総数,059,５８歳,46000,鹿児島県,1980000000,1980年,人
8695,00700,全域,000,男女総数,059,５８歳,47000,沖縄県,1980000000,1980年,人
992031,00700,全域,000,男女総数,060,５９歳,00000,全国,1980000000,1980年,人
705979,00700,全域,000,男女総数,060,５９歳,00001,全国市部,1980000000,1980年,人
286052,00700,全域,000,男女総数,060,５９歳,00002,全国郡部,1980000000,1980年,人
47774,00700,全域,000,男女総数,060,５９歳,01000,北海道,1980000000,1980年,人
13575,00700,全域,000,男女総数,060,５９歳,02000,青森県,1980000000,1980年,人
13475,00700,全域,000,男女総数,060,５９歳,03000,岩手県,1980000000,1980年,人
18758,00700,全域,000,男女総数,060,５９歳,04000,宮城県,1980000000,1980年,人
13146,00700,全域,000,男女総数,060,５９歳,05000,秋田県,1980000000,1980年,人
14002,00700,全域,000,男女総数,060,５９歳,06000,山形県,1980000000,1980年,人
21024,00700,全域,000,男女総数,060,５９歳,07000,福島県,1980000000,1980年,人
21192,00700,全域,000,男女総数,060,５９歳,08000,茨城県,1980000000,1980年,人
15316,00700,全域,000,男女総数,060,５９歳,09000,栃木県,1980000000,1980年,人
16004,00700,全域,000,男女総数,060,５９歳,10000,群馬県,1980000000,1980年,人
34374,00700,全域,000,男女総数,060,５９歳,11000,埼玉県,1980000000,1980年,人
32488,00700,全域,000,男女総数,060,５９歳,12000,千葉県,1980000000,1980年,人
90915,00700,全域,000,男女総数,060,５９歳,13000,東京都,1980000000,1980年,人
48049,00700,全域,000,男女総数,060,５９歳,14000,神奈川県,1980000000,1980年,人
25682,00700,全域,000,男女総数,060,５９歳,15000,新潟県,1980000000,1980年,人
11474,00700,全域,000,男女総数,060,５９歳,16000,富山県,1980000000,1980年,人
11115,00700,全域,000,男女総数,060,５９歳,17000,石川県,1980000000,1980年,人
7868,00700,全域,000,男女総数,060,５９歳,18000,福井県,1980000000,1980年,人
8120,00700,全域,000,男女総数,060,５９歳,19000,山梨県,1980000000,1980年,人
22414,00700,全域,000,男女総数,060,５９歳,20000,長野県,1980000000,1980年,人
16867,00700,全域,000,男女総数,060,５９歳,21000,岐阜県,1980000000,1980年,人
28413,00700,全域,000,男女総数,060,５９歳,22000,静岡県,1980000000,1980年,人
43390,00700,全域,000,男女総数,060,５９歳,23000,愛知県,1980000000,1980年,人
14454,00700,全域,000,男女総数,060,５９歳,24000,三重県,1980000000,1980年,人
8975,00700,全域,000,男女総数,060,５９歳,25000,滋賀県,1980000000,1980年,人
20069,00700,全域,000,男女総数,060,５９歳,26000,京都府,1980000000,1980年,人
59966,00700,全域,000,男女総数,060,５９歳,27000,大阪府,1980000000,1980年,人
42811,00700,全域,000,男女総数,060,５９歳,28000,兵庫県,1980000000,1980年,人
9566,00700,全域,000,男女総数,060,５９歳,29000,奈良県,1980000000,1980年,人
10706,00700,全域,000,男女総数,060,５９歳,30000,和歌山県,1980000000,1980年,人
6593,00700,全域,000,男女総数,060,５９歳,31000,鳥取県,1980000000,1980年,人
9348,00700,全域,000,男女総数,060,５９歳,32000,島根県,1980000000,1980年,人
18030,00700,全域,000,男女総数,060,５９歳,33000,岡山県,1980000000,1980年,人
25719,00700,全域,000,男女総数,060,５９歳,34000,広島県,1980000000,1980年,人
16469,00700,全域,000,男女総数,060,５９歳,35000,山口県,1980000000,1980年,人
8233,00700,全域,000,男女総数,060,５９歳,36000,徳島県,1980000000,1980年,人
10187,00700,全域,000,男女総数,060,５９歳,37000,香川県,1980000000,1980年,人
15464,00700,全域,000,男女総数,060,５９歳,38000,愛媛県,1980000000,1980年,人
9008,00700,全域,000,男女総数,060,５９歳,39000,高知県,1980000000,1980年,人
39365,00700,全域,000,男女総数,060,５９歳,40000,福岡県,1980000000,1980年,人
8441,00700,全域,000,男女総数,060,５９歳,41000,佐賀県,1980000000,1980年,人
15241,00700,全域,000,男女総数,060,５９歳,42000,長崎県,1980000000,1980年,人
17990,00700,全域,000,男女総数,060,５９歳,43000,熊本県,1980000000,1980年,人
12564,00700,全域,000,男女総数,060,５９歳,44000,大分県,1980000000,1980年,人
10847,00700,全域,000,男女総数,060,５９歳,45000,宮崎県,1980000000,1980年,人
19017,00700,全域,000,男女総数,060,５９歳,46000,鹿児島県,1980000000,1980年,人
7533,00700,全域,000,男女総数,060,５９歳,47000,沖縄県,1980000000,1980年,人
1035148,00700,全域,000,男女総数,061,６０歳,00000,全国,1980000000,1980年,人
733998,00700,全域,000,男女総数,061,６０歳,00001,全国市部,1980000000,1980年,人
301150,00700,全域,000,男女総数,061,６０歳,00002,全国郡部,1980000000,1980年,人
49766,00700,全域,000,男女総数,061,６０歳,01000,北海道,1980000000,1980年,人
13744,00700,全域,000,男女総数,061,６０歳,02000,青森県,1980000000,1980年,人
14871,00700,全域,000,男女総数,061,６０歳,03000,岩手県,1980000000,1980年,人
18753,00700,全域,000,男女総数,061,６０歳,04000,宮城県,1980000000,1980年,人
14205,00700,全域,000,男女総数,061,６０歳,05000,秋田県,1980000000,1980年,人
14213,00700,全域,000,男女総数,061,６０歳,06000,山形県,1980000000,1980年,人
21528,00700,全域,000,男女総数,061,６０歳,07000,福島県,1980000000,1980年,人
22728,00700,全域,000,男女総数,061,６０歳,08000,茨城県,1980000000,1980年,人
16583,00700,全域,000,男女総数,061,６０歳,09000,栃木県,1980000000,1980年,人
17706,00700,全域,000,男女総数,061,６０歳,10000,群馬県,1980000000,1980年,人
36211,00700,全域,000,男女総数,061,６０歳,11000,埼玉県,1980000000,1980年,人
33568,00700,全域,000,男女総数,061,６０歳,12000,千葉県,1980000000,1980年,人
92170,00700,全域,000,男女総数,061,６０歳,13000,東京都,1980000000,1980年,人
48746,00700,全域,000,男女総数,061,６０歳,14000,神奈川県,1980000000,1980年,人
26338,00700,全域,000,男女総数,061,６０歳,15000,新潟県,1980000000,1980年,人
11945,00700,全域,000,男女総数,061,６０歳,16000,富山県,1980000000,1980年,人
11359,00700,全域,000,男女総数,061,６０歳,17000,石川県,1980000000,1980年,人
8864,00700,全域,000,男女総数,061,６０歳,18000,福井県,1980000000,1980年,人
8718,00700,全域,000,男女総数,061,６０歳,19000,山梨県,1980000000,1980年,人
23586,00700,全域,000,男女総数,061,６０歳,20000,長野県,1980000000,1980年,人
18438,00700,全域,000,男女総数,061,６０歳,21000,岐阜県,1980000000,1980年,人
29335,00700,全域,000,男女総数,061,６０歳,22000,静岡県,1980000000,1980年,人
46032,00700,全域,000,男女総数,061,６０歳,23000,愛知県,1980000000,1980年,人
15427,00700,全域,000,男女総数,061,６０歳,24000,三重県,1980000000,1980年,人
9815,00700,全域,000,男女総数,061,６０歳,25000,滋賀県,1980000000,1980年,人
21567,00700,全域,000,男女総数,061,６０歳,26000,京都府,1980000000,1980年,人
62493,00700,全域,000,男女総数,061,６０歳,27000,大阪府,1980000000,1980年,人
44669,00700,全域,000,男女総数,061,６０歳,28000,兵庫県,1980000000,1980年,人
10242,00700,全域,000,男女総数,061,６０歳,29000,奈良県,1980000000,1980年,人
11339,00700,全域,000,男女総数,061,６０歳,30000,和歌山県,1980000000,1980年,人
6575,00700,全域,000,男女総数,061,６０歳,31000,鳥取県,1980000000,1980年,人
9795,00700,全域,000,男女総数,061,６０歳,32000,島根県,1980000000,1980年,人
18520,00700,全域,000,男女総数,061,６０歳,33000,岡山県,1980000000,1980年,人
26261,00700,全域,000,男女総数,061,６０歳,34000,広島県,1980000000,1980年,人
17138,00700,全域,000,男女総数,061,６０歳,35000,山口県,1980000000,1980年,人
9016,00700,全域,000,男女総数,061,６０歳,36000,徳島県,1980000000,1980年,人
10754,00700,全域,000,男女総数,061,６０歳,37000,香川県,1980000000,1980年,人
15256,00700,全域,000,男女総数,061,６０歳,38000,愛媛県,1980000000,1980年,人
9601,00700,全域,000,男女総数,061,６０歳,39000,高知県,1980000000,1980年,人
40559,00700,全域,000,男女総数,061,６０歳,40000,福岡県,1980000000,1980年,人
8902,00700,全域,000,男女総数,061,６０歳,41000,佐賀県,1980000000,1980年,人
15837,00700,全域,000,男女総数,061,６０歳,42000,長崎県,1980000000,1980年,人
19011,00700,全域,000,男女総数,061,６０歳,43000,熊本県,1980000000,1980年,人
13346,00700,全域,000,男女総数,061,６０歳,44000,大分県,1980000000,1980年,人
12016,00700,全域,000,男女総数,061,６０歳,45000,宮崎県,1980000000,1980年,人
20023,00700,全域,000,男女総数,061,６０歳,46000,鹿児島県,1980000000,1980年,人
7579,00700,全域,000,男女総数,061,６０歳,47000,沖縄県,1980000000,1980年,人
841665,00700,全域,000,男女総数,062,６１歳,00000,全国,1980000000,1980年,人
596035,00700,全域,000,男女総数,062,６１歳,00001,全国市部,1980000000,1980年,人
245630,00700,全域,000,男女総数,062,６１歳,00002,全国郡部,1980000000,1980年,人
41327,00700,全域,000,男女総数,062,６１歳,01000,北海道,1980000000,1980年,人
10833,00700,全域,000,男女総数,062,６１歳,02000,青森県,1980000000,1980年,人
11687,00700,全域,000,男女総数,062,６１歳,03000,岩手県,1980000000,1980年,人
15180,00700,全域,000,男女総数,062,６１歳,04000,宮城県,1980000000,1980年,人
11542,00700,全域,000,男女総数,062,６１歳,05000,秋田県,1980000000,1980年,人
11988,00700,全域,000,男女総数,062,６１歳,06000,山形県,1980000000,1980年,人
17474,00700,全域,000,男女総数,062,６１歳,07000,福島県,1980000000,1980年,人
18808,00700,全域,000,男女総数,062,６１歳,08000,茨城県,1980000000,1980年,人
13669,00700,全域,000,男女総数,062,６１歳,09000,栃木県,1980000000,1980年,人
14673,00700,全域,000,男女総数,062,６１歳,10000,群馬県,1980000000,1980年,人
30051,00700,全域,000,男女総数,062,６１歳,11000,埼玉県,1980000000,1980年,人
27961,00700,全域,000,男女総数,062,６１歳,12000,千葉県,1980000000,1980年,人
76460,00700,全域,000,男女総数,062,６１歳,13000,東京都,1980000000,1980年,人
40465,00700,全域,000,男女総数,062,６１歳,14000,神奈川県,1980000000,1980年,人
22237,00700,全域,000,男女総数,062,６１歳,15000,新潟県,1980000000,1980年,人
9848,00700,全域,000,男女総数,062,６１歳,16000,富山県,1980000000,1980年,人
9074,00700,全域,000,男女総数,062,６１歳,17000,石川県,1980000000,1980年,人
6775,00700,全域,000,男女総数,062,６１歳,18000,福井県,1980000000,1980年,人
7165,00700,全域,000,男女総数,062,６１歳,19000,山梨県,1980000000,1980年,人
18373,00700,全域,000,男女総数,062,６１歳,20000,長野県,1980000000,1980年,人
14256,00700,全域,000,男女総数,062,６１歳,21000,岐阜県,1980000000,1980年,人
25224,00700,全域,000,男女総数,062,６１歳,22000,静岡県,1980000000,1980年,人
37620,00700,全域,000,男女総数,062,６１歳,23000,愛知県,1980000000,1980年,人
13332,00700,全域,000,男女総数,062,６１歳,24000,三重県,1980000000,1980年,人
8057,00700,全域,000,男女総数,062,６１歳,25000,滋賀県,1980000000,1980年,人
17756,00700,全域,000,男女総数,062,６１歳,26000,京都府,1980000000,1980年,人
48980,00700,全域,000,男女総数,062,６１歳,27000,大阪府,1980000000,1980年,人
34912,00700,全域,000,男女総数,062,６１歳,28000,兵庫県,1980000000,1980年,人
7959,00700,全域,000,男女総数,062,６１歳,29000,奈良県,1980000000,1980年,人
9084,00700,全域,000,男女総数,062,６１歳,30000,和歌山県,1980000000,1980年,人
5414,00700,全域,000,男女総数,062,６１歳,31000,鳥取県,1980000000,1980年,人
7971,00700,全域,000,男女総数,062,６１歳,32000,島根県,1980000000,1980年,人
14669,00700,全域,000,男女総数,062,６１歳,33000,岡山県,1980000000,1980年,人
21083,00700,全域,000,男女総数,062,６１歳,34000,広島県,1980000000,1980年,人
14018,00700,全域,000,男女総数,062,６１歳,35000,山口県,1980000000,1980年,人
6783,00700,全域,000,男女総数,062,６１歳,36000,徳島県,1980000000,1980年,人
8061,00700,全域,000,男女総数,062,６１歳,37000,香川県,1980000000,1980年,人
12608,00700,全域,000,男女総数,062,６１歳,38000,愛媛県,1980000000,1980年,人
7126,00700,全域,000,男女総数,062,６１歳,39000,高知県,1980000000,1980年,人
32961,00700,全域,000,男女総数,062,６１歳,40000,福岡県,1980000000,1980年,人
7066,00700,全域,000,男女総数,062,６１歳,41000,佐賀県,1980000000,1980年,人
13039,00700,全域,000,男女総数,062,６１歳,42000,長崎県,1980000000,1980年,人
15169,00700,全域,000,男女総数,062,６１歳,43000,熊本県,1980000000,1980年,人
10391,00700,全域,000,男女総数,062,６１歳,44000,大分県,1980000000,1980年,人
9337,00700,全域,000,男女総数,062,６１歳,45000,宮崎県,1980000000,1980年,人
17132,00700,全域,000,男女総数,062,６１歳,46000,鹿児島県,1980000000,1980年,人
6067,00700,全域,000,男女総数,062,６１歳,47000,沖縄県,1980000000,1980年,人
860802,00700,全域,000,男女総数,063,６２歳,00000,全国,1980000000,1980年,人
606643,00700,全域,000,男女総数,063,６２歳,00001,全国市部,1980000000,1980年,人
254159,00700,全域,000,男女総数,063,６２歳,00002,全国郡部,1980000000,1980年,人
42055,00700,全域,000,男女総数,063,６２歳,01000,北海道,1980000000,1980年,人
11383,00700,全域,000,男女総数,063,６２歳,02000,青森県,1980000000,1980年,人
11974,00700,全域,000,男女総数,063,６２歳,03000,岩手県,1980000000,1980年,人
15431,00700,全域,000,男女総数,063,６２歳,04000,宮城県,1980000000,1980年,人
11458,00700,全域,000,男女総数,063,６２歳,05000,秋田県,1980000000,1980年,人
11677,00700,全域,000,男女総数,063,６２歳,06000,山形県,1980000000,1980年,人
17316,00700,全域,000,男女総数,063,６２歳,07000,福島県,1980000000,1980年,人
19660,00700,全域,000,男女総数,063,６２歳,08000,茨城県,1980000000,1980年,人
14015,00700,全域,000,男女総数,063,６２歳,09000,栃木県,1980000000,1980年,人
15310,00700,全域,000,男女総数,063,６２歳,10000,群馬県,1980000000,1980年,人
29889,00700,全域,000,男女総数,063,６２歳,11000,埼玉県,1980000000,1980年,人
28078,00700,全域,000,男女総数,063,６２歳,12000,千葉県,1980000000,1980年,人
76085,00700,全域,000,男女総数,063,６２歳,13000,東京都,1980000000,1980年,人
40496,00700,全域,000,男女総数,063,６２歳,14000,神奈川県,1980000000,1980年,人
22020,00700,全域,000,男女総数,063,６２歳,15000,新潟県,1980000000,1980年,人
9162,00700,全域,000,男女総数,063,６２歳,16000,富山県,1980000000,1980年,人
9257,00700,全域,000,男女総数,063,６２歳,17000,石川県,1980000000,1980年,人
6462,00700,全域,000,男女総数,063,６２歳,18000,福井県,1980000000,1980年,人
7393,00700,全域,000,男女総数,063,６２歳,19000,山梨県,1980000000,1980年,人
19939,00700,全域,000,男女総数,063,６２歳,20000,長野県,1980000000,1980年,人
14948,00700,全域,000,男女総数,063,６２歳,21000,岐阜県,1980000000,1980年,人
25768,00700,全域,000,男女総数,063,６２歳,22000,静岡県,1980000000,1980年,人
37929,00700,全域,000,男女総数,063,６２歳,23000,愛知県,1980000000,1980年,人
13687,00700,全域,000,男女総数,063,６２歳,24000,三重県,1980000000,1980年,人
7972,00700,全域,000,男女総数,063,６２歳,25000,滋賀県,1980000000,1980年,人
18342,00700,全域,000,男女総数,063,６２歳,26000,京都府,1980000000,1980年,人
50051,00700,全域,000,男女総数,063,６２歳,27000,大阪府,1980000000,1980年,人
36347,00700,全域,000,男女総数,063,６２歳,28000,兵庫県,1980000000,1980年,人
8434,00700,全域,000,男女総数,063,６２歳,29000,奈良県,1980000000,1980年,人
9687,00700,全域,000,男女総数,063,６２歳,30000,和歌山県,1980000000,1980年,人
5667,00700,全域,000,男女総数,063,６２歳,31000,鳥取県,1980000000,1980年,人
8064,00700,全域,000,男女総数,063,６２歳,32000,島根県,1980000000,1980年,人
14980,00700,全域,000,男女総数,063,６２歳,33000,岡山県,1980000000,1980年,人
21261,00700,全域,000,男女総数,063,６２歳,34000,広島県,1980000000,1980年,人
14292,00700,全域,000,男女総数,063,６２歳,35000,山口県,1980000000,1980年,人
7404,00700,全域,000,男女総数,063,６２歳,36000,徳島県,1980000000,1980年,人
8628,00700,全域,000,男女総数,063,６２歳,37000,香川県,1980000000,1980年,人
13339,00700,全域,000,男女総数,063,６２歳,38000,愛媛県,1980000000,1980年,人
8068,00700,全域,000,男女総数,063,６２歳,39000,高知県,1980000000,1980年,人
34184,00700,全域,000,男女総数,063,６２歳,40000,福岡県,1980000000,1980年,人
7424,00700,全域,000,男女総数,063,６２歳,41000,佐賀県,1980000000,1980年,人
13564,00700,全域,000,男女総数,063,６２歳,42000,長崎県,1980000000,1980年,人
16175,00700,全域,000,男女総数,063,６２歳,43000,熊本県,1980000000,1980年,人
11115,00700,全域,000,男女総数,063,６２歳,44000,大分県,1980000000,1980年,人
9741,00700,全域,000,男女総数,063,６２歳,45000,宮崎県,1980000000,1980年,人
17864,00700,全域,000,男女総数,063,６２歳,46000,鹿児島県,1980000000,1980年,人
6807,00700,全域,000,男女総数,063,６２歳,47000,沖縄県,1980000000,1980年,人
860417,00700,全域,000,男女総数,064,６３歳,00000,全国,1980000000,1980年,人
606211,00700,全域,000,男女総数,064,６３歳,00001,全国市部,1980000000,1980年,人
254206,00700,全域,000,男女総数,064,６３歳,00002,全国郡部,1980000000,1980年,人
40204,00700,全域,000,男女総数,064,６３歳,01000,北海道,1980000000,1980年,人
11572,00700,全域,000,男女総数,064,６３歳,02000,青森県,1980000000,1980年,人
12545,00700,全域,000,男女総数,064,６３歳,03000,岩手県,1980000000,1980年,人
15641,00700,全域,000,男女総数,064,６３歳,04000,宮城県,1980000000,1980年,人
11341,00700,全域,000,男女総数,064,６３歳,05000,秋田県,1980000000,1980年,人
11585,00700,全域,000,男女総数,064,６３歳,06000,山形県,1980000000,1980年,人
17330,00700,全域,000,男女総数,064,６３歳,07000,福島県,1980000000,1980年,人
19708,00700,全域,000,男女総数,064,６３歳,08000,茨城県,1980000000,1980年,人
14433,00700,全域,000,男女総数,064,６３歳,09000,栃木県,1980000000,1980年,人
14879,00700,全域,000,男女総数,064,６３歳,10000,群馬県,1980000000,1980年,人
30006,00700,全域,000,男女総数,064,６３歳,11000,埼玉県,1980000000,1980年,人
27445,00700,全域,000,男女総数,064,６３歳,12000,千葉県,1980000000,1980年,人
75560,00700,全域,000,男女総数,064,６３歳,13000,東京都,1980000000,1980年,人
40317,00700,全域,000,男女総数,064,６３歳,14000,神奈川県,1980000000,1980年,人
21380,00700,全域,000,男女総数,064,６３歳,15000,新潟県,1980000000,1980年,人
9892,00700,全域,000,男女総数,064,６３歳,16000,富山県,1980000000,1980年,人
9382,00700,全域,000,男女総数,064,６３歳,17000,石川県,1980000000,1980年,人
6903,00700,全域,000,男女総数,064,６３歳,18000,福井県,1980000000,1980年,人
7331,00700,全域,000,男女総数,064,６３歳,19000,山梨県,1980000000,1980年,人
19221,00700,全域,000,男女総数,064,６３歳,20000,長野県,1980000000,1980年,人
15142,00700,全域,000,男女総数,064,６３歳,21000,岐阜県,1980000000,1980年,人
24562,00700,全域,000,男女総数,064,６３歳,22000,静岡県,1980000000,1980年,人
38534,00700,全域,000,男女総数,064,６３歳,23000,愛知県,1980000000,1980年,人
13713,00700,全域,000,男女総数,064,６３歳,24000,三重県,1980000000,1980年,人
8181,00700,全域,000,男女総数,064,６３歳,25000,滋賀県,1980000000,1980年,人
18892,00700,全域,000,男女総数,064,６３歳,26000,京都府,1980000000,1980年,人
51405,00700,全域,000,男女総数,064,６３歳,27000,大阪府,1980000000,1980年,人
36959,00700,全域,000,男女総数,064,６３歳,28000,兵庫県,1980000000,1980年,人
8547,00700,全域,000,男女総数,064,６３歳,29000,奈良県,1980000000,1980年,人
9336,00700,全域,000,男女総数,064,６３歳,30000,和歌山県,1980000000,1980年,人
5721,00700,全域,000,男女総数,064,６３歳,31000,鳥取県,1980000000,1980年,人
7577,00700,全域,000,男女総数,064,６３歳,32000,島根県,1980000000,1980年,人
15962,00700,全域,000,男女総数,064,６３歳,33000,岡山県,1980000000,1980年,人
21729,00700,全域,000,男女総数,064,６３歳,34000,広島県,1980000000,1980年,人
14006,00700,全域,000,男女総数,064,６３歳,35000,山口県,1980000000,1980年,人
7341,00700,全域,000,男女総数,064,６３歳,36000,徳島県,1980000000,1980年,人
8582,00700,全域,000,男女総数,064,６３歳,37000,香川県,1980000000,1980年,人
12889,00700,全域,000,男女総数,064,６３歳,38000,愛媛県,1980000000,1980年,人
7871,00700,全域,000,男女総数,064,６３歳,39000,高知県,1980000000,1980年,人
33836,00700,全域,000,男女総数,064,６３歳,40000,福岡県,1980000000,1980年,人
7511,00700,全域,000,男女総数,064,６３歳,41000,佐賀県,1980000000,1980年,人
13298,00700,全域,000,男女総数,064,６３歳,42000,長崎県,1980000000,1980年,人
16172,00700,全域,000,男女総数,064,６３歳,43000,熊本県,1980000000,1980年,人
10903,00700,全域,000,男女総数,064,６３歳,44000,大分県,1980000000,1980年,人
9723,00700,全域,000,男女総数,064,６３歳,45000,宮崎県,1980000000,1980年,人
18091,00700,全域,000,男女総数,064,６３歳,46000,鹿児島県,1980000000,1980年,人
7259,00700,全域,000,男女総数,064,６３歳,47000,沖縄県,1980000000,1980年,人
867215,00700,全域,000,男女総数,065,６４歳,00000,全国,1980000000,1980年,人
610307,00700,全域,000,男女総数,065,６４歳,00001,全国市部,1980000000,1980年,人
256908,00700,全域,000,男女総数,065,６４歳,00002,全国郡部,1980000000,1980年,人
40905,00700,全域,000,男女総数,065,６４歳,01000,北海道,1980000000,1980年,人
11593,00700,全域,000,男女総数,065,６４歳,02000,青森県,1980000000,1980年,人
12184,00700,全域,000,男女総数,065,６４歳,03000,岩手県,1980000000,1980年,人
15337,00700,全域,000,男女総数,065,６４歳,04000,宮城県,1980000000,1980年,人
11944,00700,全域,000,男女総数,065,６４歳,05000,秋田県,1980000000,1980年,人
11604,00700,全域,000,男女総数,065,６４歳,06000,山形県,1980000000,1980年,人
17479,00700,全域,000,男女総数,065,６４歳,07000,福島県,1980000000,1980年,人
19541,00700,全域,000,男女総数,065,６４歳,08000,茨城県,1980000000,1980年,人
14108,00700,全域,000,男女総数,065,６４歳,09000,栃木県,1980000000,1980年,人
15072,00700,全域,000,男女総数,065,６４歳,10000,群馬県,1980000000,1980年,人
29897,00700,全域,000,男女総数,065,６４歳,11000,埼玉県,1980000000,1980年,人
27759,00700,全域,000,男女総数,065,６４歳,12000,千葉県,1980000000,1980年,人
75242,00700,全域,000,男女総数,065,６４歳,13000,東京都,1980000000,1980年,人
40266,00700,全域,000,男女総数,065,６４歳,14000,神奈川県,1980000000,1980年,人
21929,00700,全域,000,男女総数,065,６４歳,15000,新潟県,1980000000,1980年,人
10091,00700,全域,000,男女総数,065,６４歳,16000,富山県,1980000000,1980年,人
9454,00700,全域,000,男女総数,065,６４歳,17000,石川県,1980000000,1980年,人
7128,00700,全域,000,男女総数,065,６４歳,18000,福井県,1980000000,1980年,人
7265,00700,全域,000,男女総数,065,６４歳,19000,山梨県,1980000000,1980年,人
19743,00700,全域,000,男女総数,065,６４歳,20000,長野県,1980000000,1980年,人
15413,00700,全域,000,男女総数,065,６４歳,21000,岐阜県,1980000000,1980年,人
25053,00700,全域,000,男女総数,065,６４歳,22000,静岡県,1980000000,1980年,人
39395,00700,全域,000,男女総数,065,６４歳,23000,愛知県,1980000000,1980年,人
14032,00700,全域,000,男女総数,065,６４歳,24000,三重県,1980000000,1980年,人
8595,00700,全域,000,男女総数,065,６４歳,25000,滋賀県,1980000000,1980年,人
19443,00700,全域,000,男女総数,065,６４歳,26000,京都府,1980000000,1980年,人
51596,00700,全域,000,男女総数,065,６４歳,27000,大阪府,1980000000,1980年,人
37766,00700,全域,000,男女総数,065,６４歳,28000,兵庫県,1980000000,1980年,人
8980,00700,全域,000,男女総数,065,６４歳,29000,奈良県,1980000000,1980年,人
9685,00700,全域,000,男女総数,065,６４歳,30000,和歌山県,1980000000,1980年,人
5800,00700,全域,000,男女総数,065,６４歳,31000,鳥取県,1980000000,1980年,人
7970,00700,全域,000,男女総数,065,６４歳,32000,島根県,1980000000,1980年,人
15946,00700,全域,000,男女総数,065,６４歳,33000,岡山県,1980000000,1980年,人
22150,00700,全域,000,男女総数,065,６４歳,34000,広島県,1980000000,1980年,人
14541,00700,全域,000,男女総数,065,６４歳,35000,山口県,1980000000,1980年,人
7366,00700,全域,000,男女総数,065,６４歳,36000,徳島県,1980000000,1980年,人
9055,00700,全域,000,男女総数,065,６４歳,37000,香川県,1980000000,1980年,人
12848,00700,全域,000,男女総数,065,６４歳,38000,愛媛県,1980000000,1980年,人
7895,00700,全域,000,男女総数,065,６４歳,39000,高知県,1980000000,1980年,人
34383,00700,全域,000,男女総数,065,６４歳,40000,福岡県,1980000000,1980年,人
7699,00700,全域,000,男女総数,065,６４歳,41000,佐賀県,1980000000,1980年,人
13520,00700,全域,000,男女総数,065,６４歳,42000,長崎県,1980000000,1980年,人
15707,00700,全域,000,男女総数,065,６４歳,43000,熊本県,1980000000,1980年,人
10879,00700,全域,000,男女総数,065,６４歳,44000,大分県,1980000000,1980年,人
9630,00700,全域,000,男女総数,065,６４歳,45000,宮崎県,1980000000,1980年,人
17045,00700,全域,000,男女総数,065,６４歳,46000,鹿児島県,1980000000,1980年,人
6282,00700,全域,000,男女総数,065,６４歳,47000,沖縄県,1980000000,1980年,人
832884,00700,全域,000,男女総数,066,６５歳,00000,全国,1980000000,1980年,人
588380,00700,全域,000,男女総数,066,６５歳,00001,全国市部,1980000000,1980年,人
244504,00700,全域,000,男女総数,066,６５歳,00002,全国郡部,1980000000,1980年,人
37507,00700,全域,000,男女総数,066,６５歳,01000,北海道,1980000000,1980年,人
10672,00700,全域,000,男女総数,066,６５歳,02000,青森県,1980000000,1980年,人
11270,00700,全域,000,男女総数,066,６５歳,03000,岩手県,1980000000,1980年,人
14453,00700,全域,000,男女総数,066,６５歳,04000,宮城県,1980000000,1980年,人
10867,00700,全域,000,男女総数,066,６５歳,05000,秋田県,1980000000,1980年,人
12039,00700,全域,000,男女総数,066,６５歳,06000,山形県,1980000000,1980年,人
16708,00700,全域,000,男女総数,066,６５歳,07000,福島県,1980000000,1980年,人
18792,00700,全域,000,男女総数,066,６５歳,08000,茨城県,1980000000,1980年,人
13568,00700,全域,000,男女総数,066,６５歳,09000,栃木県,1980000000,1980年,人
14163,00700,全域,000,男女総数,066,６５歳,10000,群馬県,1980000000,1980年,人
29368,00700,全域,000,男女総数,066,６５歳,11000,埼玉県,1980000000,1980年,人
27225,00700,全域,000,男女総数,066,６５歳,12000,千葉県,1980000000,1980年,人
74166,00700,全域,000,男女総数,066,６５歳,13000,東京都,1980000000,1980年,人
38857,00700,全域,000,男女総数,066,６５歳,14000,神奈川県,1980000000,1980年,人
21360,00700,全域,000,男女総数,066,６５歳,15000,新潟県,1980000000,1980年,人
9925,00700,全域,000,男女総数,066,６５歳,16000,富山県,1980000000,1980年,人
9321,00700,全域,000,男女総数,066,６５歳,17000,石川県,1980000000,1980年,人
7003,00700,全域,000,男女総数,066,６５歳,18000,福井県,1980000000,1980年,人
6915,00700,全域,000,男女総数,066,６５歳,19000,山梨県,1980000000,1980年,人
18525,00700,全域,000,男女総数,066,６５歳,20000,長野県,1980000000,1980年,人
14642,00700,全域,000,男女総数,066,６５歳,21000,岐阜県,1980000000,1980年,人
24277,00700,全域,000,男女総数,066,６５歳,22000,静岡県,1980000000,1980年,人
38021,00700,全域,000,男女総数,066,６５歳,23000,愛知県,1980000000,1980年,人
13466,00700,全域,000,男女総数,066,６５歳,24000,三重県,1980000000,1980年,人
8406,00700,全域,000,男女総数,066,６５歳,25000,滋賀県,1980000000,1980年,人
18898,00700,全域,000,男女総数,066,６５歳,26000,京都府,1980000000,1980年,人
49344,00700,全域,000,男女総数,066,６５歳,27000,大阪府,1980000000,1980年,人
36407,00700,全域,000,男女総数,066,６５歳,28000,兵庫県,1980000000,1980年,人
8465,00700,全域,000,男女総数,066,６５歳,29000,奈良県,1980000000,1980年,人
8994,00700,全域,000,男女総数,066,６５歳,30000,和歌山県,1980000000,1980年,人
5448,00700,全域,000,男女総数,066,６５歳,31000,鳥取県,1980000000,1980年,人
7758,00700,全域,000,男女総数,066,６５歳,32000,島根県,1980000000,1980年,人
15302,00700,全域,000,男女総数,066,６５歳,33000,岡山県,1980000000,1980年,人
20780,00700,全域,000,男女総数,066,６５歳,34000,広島県,1980000000,1980年,人
13729,00700,全域,000,男女総数,066,６５歳,35000,山口県,1980000000,1980年,人
7005,00700,全域,000,男女総数,066,６５歳,36000,徳島県,1980000000,1980年,人
8518,00700,全域,000,男女総数,066,６５歳,37000,香川県,1980000000,1980年,人
12628,00700,全域,000,男女総数,066,６５歳,38000,愛媛県,1980000000,1980年,人
7265,00700,全域,000,男女総数,066,６５歳,39000,高知県,1980000000,1980年,人
32967,00700,全域,000,男女総数,066,６５歳,40000,福岡県,1980000000,1980年,人
7262,00700,全域,000,男女総数,066,６５歳,41000,佐賀県,1980000000,1980年,人
12389,00700,全域,000,男女総数,066,６５歳,42000,長崎県,1980000000,1980年,人
15254,00700,全域,000,男女総数,066,６５歳,43000,熊本県,1980000000,1980年,人
10741,00700,全域,000,男女総数,066,６５歳,44000,大分県,1980000000,1980年,人
9220,00700,全域,000,男女総数,066,６５歳,45000,宮崎県,1980000000,1980年,人
16913,00700,全域,000,男女総数,066,６５歳,46000,鹿児島県,1980000000,1980年,人
6081,00700,全域,000,男女総数,066,６５歳,47000,沖縄県,1980000000,1980年,人
833040,00700,全域,000,男女総数,067,６６歳,00000,全国,1980000000,1980年,人
586912,00700,全域,000,男女総数,067,６６歳,00001,全国市部,1980000000,1980年,人
246128,00700,全域,000,男女総数,067,６６歳,00002,全国郡部,1980000000,1980年,人
36546,00700,全域,000,男女総数,067,６６歳,01000,北海道,1980000000,1980年,人
10676,00700,全域,000,男女総数,067,６６歳,02000,青森県,1980000000,1980年,人
10760,00700,全域,000,男女総数,067,６６歳,03000,岩手県,1980000000,1980年,人
14137,00700,全域,000,男女総数,067,６６歳,04000,宮城県,1980000000,1980年,人
10388,00700,全域,000,男女総数,067,６６歳,05000,秋田県,1980000000,1980年,人
10970,00700,全域,000,男女総数,067,６６歳,06000,山形県,1980000000,1980年,人
16496,00700,全域,000,男女総数,067,６６歳,07000,福島県,1980000000,1980年,人
19208,00700,全域,000,男女総数,067,６６歳,08000,茨城県,1980000000,1980年,人
13566,00700,全域,000,男女総数,067,６６歳,09000,栃木県,1980000000,1980年,人
14611,00700,全域,000,男女総数,067,６６歳,10000,群馬県,1980000000,1980年,人
28947,00700,全域,000,男女総数,067,６６歳,11000,埼玉県,1980000000,1980年,人
26987,00700,全域,000,男女総数,067,６６歳,12000,千葉県,1980000000,1980年,人
73327,00700,全域,000,男女総数,067,６６歳,13000,東京都,1980000000,1980年,人
38516,00700,全域,000,男女総数,067,６６歳,14000,神奈川県,1980000000,1980年,人
21192,00700,全域,000,男女総数,067,６６歳,15000,新潟県,1980000000,1980年,人
9996,00700,全域,000,男女総数,067,６６歳,16000,富山県,1980000000,1980年,人
9300,00700,全域,000,男女総数,067,６６歳,17000,石川県,1980000000,1980年,人
6721,00700,全域,000,男女総数,067,６６歳,18000,福井県,1980000000,1980年,人
7175,00700,全域,000,男女総数,067,６６歳,19000,山梨県,1980000000,1980年,人
19175,00700,全域,000,男女総数,067,６６歳,20000,長野県,1980000000,1980年,人
14818,00700,全域,000,男女総数,067,６６歳,21000,岐阜県,1980000000,1980年,人
24132,00700,全域,000,男女総数,067,６６歳,22000,静岡県,1980000000,1980年,人
38094,00700,全域,000,男女総数,067,６６歳,23000,愛知県,1980000000,1980年,人
14081,00700,全域,000,男女総数,067,６６歳,24000,三重県,1980000000,1980年,人
8493,00700,全域,000,男女総数,067,６６歳,25000,滋賀県,1980000000,1980年,人
18945,00700,全域,000,男女総数,067,６６歳,26000,京都府,1980000000,1980年,人
49872,00700,全域,000,男女総数,067,６６歳,27000,大阪府,1980000000,1980年,人
36764,00700,全域,000,男女総数,067,６６歳,28000,兵庫県,1980000000,1980年,人
8686,00700,全域,000,男女総数,067,６６歳,29000,奈良県,1980000000,1980年,人
9400,00700,全域,000,男女総数,067,６６歳,30000,和歌山県,1980000000,1980年,人
5426,00700,全域,000,男女総数,067,６６歳,31000,鳥取県,1980000000,1980年,人
7709,00700,全域,000,男女総数,067,６６歳,32000,島根県,1980000000,1980年,人
16189,00700,全域,000,男女総数,067,６６歳,33000,岡山県,1980000000,1980年,人
21430,00700,全域,000,男女総数,067,６６歳,34000,広島県,1980000000,1980年,人
13881,00700,全域,000,男女総数,067,６６歳,35000,山口県,1980000000,1980年,人
7203,00700,全域,000,男女総数,067,６６歳,36000,徳島県,1980000000,1980年,人
8898,00700,全域,000,男女総数,067,６６歳,37000,香川県,1980000000,1980年,人
12572,00700,全域,000,男女総数,067,６６歳,38000,愛媛県,1980000000,1980年,人
7514,00700,全域,000,男女総数,067,６６歳,39000,高知県,1980000000,1980年,人
32437,00700,全域,000,男女総数,067,６６歳,40000,福岡県,1980000000,1980年,人
7280,00700,全域,000,男女総数,067,６６歳,41000,佐賀県,1980000000,1980年,人
12496,00700,全域,000,男女総数,067,６６歳,42000,長崎県,1980000000,1980年,人
14989,00700,全域,000,男女総数,067,６６歳,43000,熊本県,1980000000,1980年,人
10548,00700,全域,000,男女総数,067,６６歳,44000,大分県,1980000000,1980年,人
9201,00700,全域,000,男女総数,067,６６歳,45000,宮崎県,1980000000,1980年,人
16794,00700,全域,000,男女総数,067,６６歳,46000,鹿児島県,1980000000,1980年,人
6494,00700,全域,000,男女総数,067,６６歳,47000,沖縄県,1980000000,1980年,人
794007,00700,全域,000,男女総数,068,６７歳,00000,全国,1980000000,1980年,人
557445,00700,全域,000,男女総数,068,６７歳,00001,全国市部,1980000000,1980年,人
236562,00700,全域,000,男女総数,068,６７歳,00002,全国郡部,1980000000,1980年,人
35022,00700,全域,000,男女総数,068,６７歳,01000,北海道,1980000000,1980年,人
10647,00700,全域,000,男女総数,068,６７歳,02000,青森県,1980000000,1980年,人
11225,00700,全域,000,男女総数,068,６７歳,03000,岩手県,1980000000,1980年,人
14049,00700,全域,000,男女総数,068,６７歳,04000,宮城県,1980000000,1980年,人
9996,00700,全域,000,男女総数,068,６７歳,05000,秋田県,1980000000,1980年,人
10989,00700,全域,000,男女総数,068,６７歳,06000,山形県,1980000000,1980年,人
15433,00700,全域,000,男女総数,068,６７歳,07000,福島県,1980000000,1980年,人
17993,00700,全域,000,男女総数,068,６７歳,08000,茨城県,1980000000,1980年,人
12454,00700,全域,000,男女総数,068,６７歳,09000,栃木県,1980000000,1980年,人
13671,00700,全域,000,男女総数,068,６７歳,10000,群馬県,1980000000,1980年,人
27182,00700,全域,000,男女総数,068,６７歳,11000,埼玉県,1980000000,1980年,人
25445,00700,全域,000,男女総数,068,６７歳,12000,千葉県,1980000000,1980年,人
68462,00700,全域,000,男女総数,068,６７歳,13000,東京都,1980000000,1980年,人
35699,00700,全域,000,男女総数,068,６７歳,14000,神奈川県,1980000000,1980年,人
20234,00700,全域,000,男女総数,068,６７歳,15000,新潟県,1980000000,1980年,人
9565,00700,全域,000,男女総数,068,６７歳,16000,富山県,1980000000,1980年,人
9083,00700,全域,000,男女総数,068,６７歳,17000,石川県,1980000000,1980年,人
6679,00700,全域,000,男女総数,068,６７歳,18000,福井県,1980000000,1980年,人
6829,00700,全域,000,男女総数,068,６７歳,19000,山梨県,1980000000,1980年,人
17886,00700,全域,000,男女総数,068,６７歳,20000,長野県,1980000000,1980年,人
13979,00700,全域,000,男女総数,068,６７歳,21000,岐阜県,1980000000,1980年,人
22762,00700,全域,000,男女総数,068,６７歳,22000,静岡県,1980000000,1980年,人
36740,00700,全域,000,男女総数,068,６７歳,23000,愛知県,1980000000,1980年,人
13500,00700,全域,000,男女総数,068,６７歳,24000,三重県,1980000000,1980年,人
7795,00700,全域,000,男女総数,068,６７歳,25000,滋賀県,1980000000,1980年,人
18720,00700,全域,000,男女総数,068,６７歳,26000,京都府,1980000000,1980年,人
47797,00700,全域,000,男女総数,068,６７歳,27000,大阪府,1980000000,1980年,人
35835,00700,全域,000,男女総数,068,６７歳,28000,兵庫県,1980000000,1980年,人
8162,00700,全域,000,男女総数,068,６７歳,29000,奈良県,1980000000,1980年,人
9203,00700,全域,000,男女総数,068,６７歳,30000,和歌山県,1980000000,1980年,人
5132,00700,全域,000,男女総数,068,６７歳,31000,鳥取県,1980000000,1980年,人
7278,00700,全域,000,男女総数,068,６７歳,32000,島根県,1980000000,1980年,人
15696,00700,全域,000,男女総数,068,６７歳,33000,岡山県,1980000000,1980年,人
19905,00700,全域,000,男女総数,068,６７歳,34000,広島県,1980000000,1980年,人
13176,00700,全域,000,男女総数,068,６７歳,35000,山口県,1980000000,1980年,人
7123,00700,全域,000,男女総数,068,６７歳,36000,徳島県,1980000000,1980年,人
8619,00700,全域,000,男女総数,068,６７歳,37000,香川県,1980000000,1980年,人
12223,00700,全域,000,男女総数,068,６７歳,38000,愛媛県,1980000000,1980年,人
7244,00700,全域,000,男女総数,068,６７歳,39000,高知県,1980000000,1980年,人
31337,00700,全域,000,男女総数,068,６７歳,40000,福岡県,1980000000,1980年,人
6973,00700,全域,000,男女総数,068,６７歳,41000,佐賀県,1980000000,1980年,人
12151,00700,全域,000,男女総数,068,６７歳,42000,長崎県,1980000000,1980年,人
14279,00700,全域,000,男女総数,068,６７歳,43000,熊本県,1980000000,1980年,人
10233,00700,全域,000,男女総数,068,６７歳,44000,大分県,1980000000,1980年,人
8441,00700,全域,000,男女総数,068,６７歳,45000,宮崎県,1980000000,1980年,人
15381,00700,全域,000,男女総数,068,６７歳,46000,鹿児島県,1980000000,1980年,人
5780,00700,全域,000,男女総数,068,６７歳,47000,沖縄県,1980000000,1980年,人
773732,00700,全域,000,男女総数,069,６８歳,00000,全国,1980000000,1980年,人
541737,00700,全域,000,男女総数,069,６８歳,00001,全国市部,1980000000,1980年,人
231995,00700,全域,000,男女総数,069,６８歳,00002,全国郡部,1980000000,1980年,人
34157,00700,全域,000,男女総数,069,６８歳,01000,北海道,1980000000,1980年,人
10087,00700,全域,000,男女総数,069,６８歳,02000,青森県,1980000000,1980年,人
10657,00700,全域,000,男女総数,069,６８歳,03000,岩手県,1980000000,1980年,人
13200,00700,全域,000,男女総数,069,６８歳,04000,宮城県,1980000000,1980年,人
10012,00700,全域,000,男女総数,069,６８歳,05000,秋田県,1980000000,1980年,人
10690,00700,全域,000,男女総数,069,６８歳,06000,山形県,1980000000,1980年,人
15166,00700,全域,000,男女総数,069,６８歳,07000,福島県,1980000000,1980年,人
17377,00700,全域,000,男女総数,069,６８歳,08000,茨城県,1980000000,1980年,人
12117,00700,全域,000,男女総数,069,６８歳,09000,栃木県,1980000000,1980年,人
13364,00700,全域,000,男女総数,069,６８歳,10000,群馬県,1980000000,1980年,人
25781,00700,全域,000,男女総数,069,６８歳,11000,埼玉県,1980000000,1980年,人
24223,00700,全域,000,男女総数,069,６８歳,12000,千葉県,1980000000,1980年,人
65978,00700,全域,000,男女総数,069,６８歳,13000,東京都,1980000000,1980年,人
33190,00700,全域,000,男女総数,069,６８歳,14000,神奈川県,1980000000,1980年,人
20168,00700,全域,000,男女総数,069,６８歳,15000,新潟県,1980000000,1980年,人
9248,00700,全域,000,男女総数,069,６８歳,16000,富山県,1980000000,1980年,人
8612,00700,全域,000,男女総数,069,６８歳,17000,石川県,1980000000,1980年,人
6622,00700,全域,000,男女総数,069,６８歳,18000,福井県,1980000000,1980年,人
6336,00700,全域,000,男女総数,069,６８歳,19000,山梨県,1980000000,1980年,人
17941,00700,全域,000,男女総数,069,６８歳,20000,長野県,1980000000,1980年,人
13577,00700,全域,000,男女総数,069,６８歳,21000,岐阜県,1980000000,1980年,人
21942,00700,全域,000,男女総数,069,６８歳,22000,静岡県,1980000000,1980年,人
34390,00700,全域,000,男女総数,069,６８歳,23000,愛知県,1980000000,1980年,人
13147,00700,全域,000,男女総数,069,６８歳,24000,三重県,1980000000,1980年,人
7681,00700,全域,000,男女総数,069,６８歳,25000,滋賀県,1980000000,1980年,人
18985,00700,全域,000,男女総数,069,６８歳,26000,京都府,1980000000,1980年,人
47670,00700,全域,000,男女総数,069,６８歳,27000,大阪府,1980000000,1980年,人
34943,00700,全域,000,男女総数,069,６８歳,28000,兵庫県,1980000000,1980年,人
8288,00700,全域,000,男女総数,069,６８歳,29000,奈良県,1980000000,1980年,人
9050,00700,全域,000,男女総数,069,６８歳,30000,和歌山県,1980000000,1980年,人
5162,00700,全域,000,男女総数,069,６８歳,31000,鳥取県,1980000000,1980年,人
7184,00700,全域,000,男女総数,069,６８歳,32000,島根県,1980000000,1980年,人
15303,00700,全域,000,男女総数,069,６８歳,33000,岡山県,1980000000,1980年,人
20132,00700,全域,000,男女総数,069,６８歳,34000,広島県,1980000000,1980年,人
13227,00700,全域,000,男女総数,069,６８歳,35000,山口県,1980000000,1980年,人
7012,00700,全域,000,男女総数,069,６８歳,36000,徳島県,1980000000,1980年,人
8489,00700,全域,000,男女総数,069,６８歳,37000,香川県,1980000000,1980年,人
11689,00700,全域,000,男女総数,069,６８歳,38000,愛媛県,1980000000,1980年,人
7061,00700,全域,000,男女総数,069,６８歳,39000,高知県,1980000000,1980年,人
31222,00700,全域,000,男女総数,069,６８歳,40000,福岡県,1980000000,1980年,人
7074,00700,全域,000,男女総数,069,６８歳,41000,佐賀県,1980000000,1980年,人
11808,00700,全域,000,男女総数,069,６８歳,42000,長崎県,1980000000,1980年,人
14129,00700,全域,000,男女総数,069,６８歳,43000,熊本県,1980000000,1980年,人
10170,00700,全域,000,男女総数,069,６８歳,44000,大分県,1980000000,1980年,人
8429,00700,全域,000,男女総数,069,６８歳,45000,宮崎県,1980000000,1980年,人
15970,00700,全域,000,男女総数,069,６８歳,46000,鹿児島県,1980000000,1980年,人
5072,00700,全域,000,男女総数,069,６８歳,47000,沖縄県,1980000000,1980年,人
731018,00700,全域,000,男女総数,070,６９歳,00000,全国,1980000000,1980年,人
509399,00700,全域,000,男女総数,070,６９歳,00001,全国市部,1980000000,1980年,人
221619,00700,全域,000,男女総数,070,６９歳,00002,全国郡部,1980000000,1980年,人
32803,00700,全域,000,男女総数,070,６９歳,01000,北海道,1980000000,1980年,人
9798,00700,全域,000,男女総数,070,６９歳,02000,青森県,1980000000,1980年,人
10572,00700,全域,000,男女総数,070,６９歳,03000,岩手県,1980000000,1980年,人
12694,00700,全域,000,男女総数,070,６９歳,04000,宮城県,1980000000,1980年,人
9589,00700,全域,000,男女総数,070,６９歳,05000,秋田県,1980000000,1980年,人
10271,00700,全域,000,男女総数,070,６９歳,06000,山形県,1980000000,1980年,人
14938,00700,全域,000,男女総数,070,６９歳,07000,福島県,1980000000,1980年,人
16488,00700,全域,000,男女総数,070,６９歳,08000,茨城県,1980000000,1980年,人
11872,00700,全域,000,男女総数,070,６９歳,09000,栃木県,1980000000,1980年,人
12805,00700,全域,000,男女総数,070,６９歳,10000,群馬県,1980000000,1980年,人
23650,00700,全域,000,男女総数,070,６９歳,11000,埼玉県,1980000000,1980年,人
22802,00700,全域,000,男女総数,070,６９歳,12000,千葉県,1980000000,1980年,人
61879,00700,全域,000,男女総数,070,６９歳,13000,東京都,1980000000,1980年,人
31305,00700,全域,000,男女総数,070,６９歳,14000,神奈川県,1980000000,1980年,人
19730,00700,全域,000,男女総数,070,６９歳,15000,新潟県,1980000000,1980年,人
8748,00700,全域,000,男女総数,070,６９歳,16000,富山県,1980000000,1980年,人
8293,00700,全域,000,男女総数,070,６９歳,17000,石川県,1980000000,1980年,人
6062,00700,全域,000,男女総数,070,６９歳,18000,福井県,1980000000,1980年,人
6228,00700,全域,000,男女総数,070,６９歳,19000,山梨県,1980000000,1980年,人
17374,00700,全域,000,男女総数,070,６９歳,20000,長野県,1980000000,1980年,人
13207,00700,全域,000,男女総数,070,６９歳,21000,岐阜県,1980000000,1980年,人
21510,00700,全域,000,男女総数,070,６９歳,22000,静岡県,1980000000,1980年,人
32857,00700,全域,000,男女総数,070,６９歳,23000,愛知県,1980000000,1980年,人
12420,00700,全域,000,男女総数,070,６９歳,24000,三重県,1980000000,1980年,人
7459,00700,全域,000,男女総数,070,６９歳,25000,滋賀県,1980000000,1980年,人
17548,00700,全域,000,男女総数,070,６９歳,26000,京都府,1980000000,1980年,人
44408,00700,全域,000,男女総数,070,６９歳,27000,大阪府,1980000000,1980年,人
32498,00700,全域,000,男女総数,070,６９歳,28000,兵庫県,1980000000,1980年,人
7761,00700,全域,000,男女総数,070,６９歳,29000,奈良県,1980000000,1980年,人
8483,00700,全域,000,男女総数,070,６９歳,30000,和歌山県,1980000000,1980年,人
4965,00700,全域,000,男女総数,070,６９歳,31000,鳥取県,1980000000,1980年,人
6729,00700,全域,000,男女総数,070,６９歳,32000,島根県,1980000000,1980年,人
14478,00700,全域,000,男女総数,070,６９歳,33000,岡山県,1980000000,1980年,人
18431,00700,全域,000,男女総数,070,６９歳,34000,広島県,1980000000,1980年,人
12195,00700,全域,000,男女総数,070,６９歳,35000,山口県,1980000000,1980年,人
6398,00700,全域,000,男女総数,070,６９歳,36000,徳島県,1980000000,1980年,人
7647,00700,全域,000,男女総数,070,６９歳,37000,香川県,1980000000,1980年,人
11054,00700,全域,000,男女総数,070,６９歳,38000,愛媛県,1980000000,1980年,人
6933,00700,全域,000,男女総数,070,６９歳,39000,高知県,1980000000,1980年,人
28630,00700,全域,000,男女総数,070,６９歳,40000,福岡県,1980000000,1980年,人
6865,00700,全域,000,男女総数,070,６９歳,41000,佐賀県,1980000000,1980年,人
10966,00700,全域,000,男女総数,070,６９歳,42000,長崎県,1980000000,1980年,人
12926,00700,全域,000,男女総数,070,６９歳,43000,熊本県,1980000000,1980年,人
9272,00700,全域,000,男女総数,070,６９歳,44000,大分県,1980000000,1980年,人
7853,00700,全域,000,男女総数,070,６９歳,45000,宮崎県,1980000000,1980年,人
14811,00700,全域,000,男女総数,070,６９歳,46000,鹿児島県,1980000000,1980年,人
4813,00700,全域,000,男女総数,070,６９歳,47000,沖縄県,1980000000,1980年,人
701157,00700,全域,000,男女総数,071,７０歳,00000,全国,1980000000,1980年,人
487681,00700,全域,000,男女総数,071,７０歳,00001,全国市部,1980000000,1980年,人
213476,00700,全域,000,男女総数,071,７０歳,00002,全国郡部,1980000000,1980年,人
30153,00700,全域,000,男女総数,071,７０歳,01000,北海道,1980000000,1980年,人
9158,00700,全域,000,男女総数,071,７０歳,02000,青森県,1980000000,1980年,人
9419,00700,全域,000,男女総数,071,７０歳,03000,岩手県,1980000000,1980年,人
12192,00700,全域,000,男女総数,071,７０歳,04000,宮城県,1980000000,1980年,人
8948,00700,全域,000,男女総数,071,７０歳,05000,秋田県,1980000000,1980年,人
9254,00700,全域,000,男女総数,071,７０歳,06000,山形県,1980000000,1980年,人
13819,00700,全域,000,男女総数,071,７０歳,07000,福島県,1980000000,1980年,人
15525,00700,全域,000,男女総数,071,７０歳,08000,茨城県,1980000000,1980年,人
10785,00700,全域,000,男女総数,071,７０歳,09000,栃木県,1980000000,1980年,人
11844,00700,全域,000,男女総数,071,７０歳,10000,群馬県,1980000000,1980年,人
22829,00700,全域,000,男女総数,071,７０歳,11000,埼玉県,1980000000,1980年,人
21783,00700,全域,000,男女総数,071,７０歳,12000,千葉県,1980000000,1980年,人
59160,00700,全域,000,男女総数,071,７０歳,13000,東京都,1980000000,1980年,人
29386,00700,全域,000,男女総数,071,７０歳,14000,神奈川県,1980000000,1980年,人
18819,00700,全域,000,男女総数,071,７０歳,15000,新潟県,1980000000,1980年,人
8339,00700,全域,000,男女総数,071,７０歳,16000,富山県,1980000000,1980年,人
8103,00700,全域,000,男女総数,071,７０歳,17000,石川県,1980000000,1980年,人
6314,00700,全域,000,男女総数,071,７０歳,18000,福井県,1980000000,1980年,人
6150,00700,全域,000,男女総数,071,７０歳,19000,山梨県,1980000000,1980年,人
16441,00700,全域,000,男女総数,071,７０歳,20000,長野県,1980000000,1980年,人
12639,00700,全域,000,男女総数,071,７０歳,21000,岐阜県,1980000000,1980年,人
20942,00700,全域,000,男女総数,071,７０歳,22000,静岡県,1980000000,1980年,人
31868,00700,全域,000,男女総数,071,７０歳,23000,愛知県,1980000000,1980年,人
12484,00700,全域,000,男女総数,071,７０歳,24000,三重県,1980000000,1980年,人
7247,00700,全域,000,男女総数,071,７０歳,25000,滋賀県,1980000000,1980年,人
17699,00700,全域,000,男女総数,071,７０歳,26000,京都府,1980000000,1980年,人
42595,00700,全域,000,男女総数,071,７０歳,27000,大阪府,1980000000,1980年,人
31449,00700,全域,000,男女総数,071,７０歳,28000,兵庫県,1980000000,1980年,人
7692,00700,全域,000,男女総数,071,７０歳,29000,奈良県,1980000000,1980年,人
8369,00700,全域,000,男女総数,071,７０歳,30000,和歌山県,1980000000,1980年,人
4824,00700,全域,000,男女総数,071,７０歳,31000,鳥取県,1980000000,1980年,人
6560,00700,全域,000,男女総数,071,７０歳,32000,島根県,1980000000,1980年,人
14038,00700,全域,000,男女総数,071,７０歳,33000,岡山県,1980000000,1980年,人
17935,00700,全域,000,男女総数,071,７０歳,34000,広島県,1980000000,1980年,人
11605,00700,全域,000,男女総数,071,７０歳,35000,山口県,1980000000,1980年,人
6323,00700,全域,000,男女総数,071,７０歳,36000,徳島県,1980000000,1980年,人
7758,00700,全域,000,男女総数,071,７０歳,37000,香川県,1980000000,1980年,人
11119,00700,全域,000,男女総数,071,７０歳,38000,愛媛県,1980000000,1980年,人
6440,00700,全域,000,男女総数,071,７０歳,39000,高知県,1980000000,1980年,人
27477,00700,全域,000,男女総数,071,７０歳,40000,福岡県,1980000000,1980年,人
6335,00700,全域,000,男女総数,071,７０歳,41000,佐賀県,1980000000,1980年,人
10786,00700,全域,000,男女総数,071,７０歳,42000,長崎県,1980000000,1980年,人
13160,00700,全域,000,男女総数,071,７０歳,43000,熊本県,1980000000,1980年,人
8814,00700,全域,000,男女総数,071,７０歳,44000,大分県,1980000000,1980年,人
7433,00700,全域,000,男女総数,071,７０歳,45000,宮崎県,1980000000,1980年,人
14182,00700,全域,000,男女総数,071,７０歳,46000,鹿児島県,1980000000,1980年,人
4963,00700,全域,000,男女総数,071,７０歳,47000,沖縄県,1980000000,1980年,人
661447,00700,全域,000,男女総数,072,７１歳,00000,全国,1980000000,1980年,人
456254,00700,全域,000,男女総数,072,７１歳,00001,全国市部,1980000000,1980年,人
205193,00700,全域,000,男女総数,072,７１歳,00002,全国郡部,1980000000,1980年,人
28344,00700,全域,000,男女総数,072,７１歳,01000,北海道,1980000000,1980年,人
8706,00700,全域,000,男女総数,072,７１歳,02000,青森県,1980000000,1980年,人
9361,00700,全域,000,男女総数,072,７１歳,03000,岩手県,1980000000,1980年,人
11739,00700,全域,000,男女総数,072,７１歳,04000,宮城県,1980000000,1980年,人
8616,00700,全域,000,男女総数,072,７１歳,05000,秋田県,1980000000,1980年,人
9631,00700,全域,000,男女総数,072,７１歳,06000,山形県,1980000000,1980年,人
13689,00700,全域,000,男女総数,072,７１歳,07000,福島県,1980000000,1980年,人
14810,00700,全域,000,男女総数,072,７１歳,08000,茨城県,1980000000,1980年,人
10645,00700,全域,000,男女総数,072,７１歳,09000,栃木県,1980000000,1980年,人
11692,00700,全域,000,男女総数,072,７１歳,10000,群馬県,1980000000,1980年,人
20908,00700,全域,000,男女総数,072,７１歳,11000,埼玉県,1980000000,1980年,人
20384,00700,全域,000,男女総数,072,７１歳,12000,千葉県,1980000000,1980年,人
55024,00700,全域,000,男女総数,072,７１歳,13000,東京都,1980000000,1980年,人
27471,00700,全域,000,男女総数,072,７１歳,14000,神奈川県,1980000000,1980年,人
17847,00700,全域,000,男女総数,072,７１歳,15000,新潟県,1980000000,1980年,人
7644,00700,全域,000,男女総数,072,７１歳,16000,富山県,1980000000,1980年,人
7176,00700,全域,000,男女総数,072,７１歳,17000,石川県,1980000000,1980年,人
5637,00700,全域,000,男女総数,072,７１歳,18000,福井県,1980000000,1980年,人
5941,00700,全域,000,男女総数,072,７１歳,19000,山梨県,1980000000,1980年,人
16125,00700,全域,000,男女総数,072,７１歳,20000,長野県,1980000000,1980年,人
11800,00700,全域,000,男女総数,072,７１歳,21000,岐阜県,1980000000,1980年,人
19484,00700,全域,000,男女総数,072,７１歳,22000,静岡県,1980000000,1980年,人
29282,00700,全域,000,男女総数,072,７１歳,23000,愛知県,1980000000,1980年,人
11762,00700,全域,000,男女総数,072,７１歳,24000,三重県,1980000000,1980年,人
6726,00700,全域,000,男女総数,072,７１歳,25000,滋賀県,1980000000,1980年,人
16299,00700,全域,000,男女総数,072,７１歳,26000,京都府,1980000000,1980年,人
38985,00700,全域,000,男女総数,072,７１歳,27000,大阪府,1980000000,1980年,人
29488,00700,全域,000,男女総数,072,７１歳,28000,兵庫県,1980000000,1980年,人
7134,00700,全域,000,男女総数,072,７１歳,29000,奈良県,1980000000,1980年,人
8127,00700,全域,000,男女総数,072,７１歳,30000,和歌山県,1980000000,1980年,人
4522,00700,全域,000,男女総数,072,７１歳,31000,鳥取県,1980000000,1980年,人
6206,00700,全域,000,男女総数,072,７１歳,32000,島根県,1980000000,1980年,人
13488,00700,全域,000,男女総数,072,７１歳,33000,岡山県,1980000000,1980年,人
16362,00700,全域,000,男女総数,072,７１歳,34000,広島県,1980000000,1980年,人
10859,00700,全域,000,男女総数,072,７１歳,35000,山口県,1980000000,1980年,人
6221,00700,全域,000,男女総数,072,７１歳,36000,徳島県,1980000000,1980年,人
7181,00700,全域,000,男女総数,072,７１歳,37000,香川県,1980000000,1980年,人
10483,00700,全域,000,男女総数,072,７１歳,38000,愛媛県,1980000000,1980年,人
6258,00700,全域,000,男女総数,072,７１歳,39000,高知県,1980000000,1980年,人
25878,00700,全域,000,男女総数,072,７１歳,40000,福岡県,1980000000,1980年,人
6100,00700,全域,000,男女総数,072,７１歳,41000,佐賀県,1980000000,1980年,人
10400,00700,全域,000,男女総数,072,７１歳,42000,長崎県,1980000000,1980年,人
12516,00700,全域,000,男女総数,072,７１歳,43000,熊本県,1980000000,1980年,人
8584,00700,全域,000,男女総数,072,７１歳,44000,大分県,1980000000,1980年,人
7299,00700,全域,000,男女総数,072,７１歳,45000,宮崎県,1980000000,1980年,人
13729,00700,全域,000,男女総数,072,７１歳,46000,鹿児島県,1980000000,1980年,人
4884,00700,全域,000,男女総数,072,７１歳,47000,沖縄県,1980000000,1980年,人
606959,00700,全域,000,男女総数,073,７２歳,00000,全国,1980000000,1980年,人
417529,00700,全域,000,男女総数,073,７２歳,00001,全国市部,1980000000,1980年,人
189430,00700,全域,000,男女総数,073,７２歳,00002,全国郡部,1980000000,1980年,人
25309,00700,全域,000,男女総数,073,７２歳,01000,北海道,1980000000,1980年,人
7447,00700,全域,000,男女総数,073,７２歳,02000,青森県,1980000000,1980年,人
8257,00700,全域,000,男女総数,073,７２歳,03000,岩手県,1980000000,1980年,人
10642,00700,全域,000,男女総数,073,７２歳,04000,宮城県,1980000000,1980年,人
7716,00700,全域,000,男女総数,073,７２歳,05000,秋田県,1980000000,1980年,人
8483,00700,全域,000,男女総数,073,７２歳,06000,山形県,1980000000,1980年,人
12575,00700,全域,000,男女総数,073,７２歳,07000,福島県,1980000000,1980年,人
13737,00700,全域,000,男女総数,073,７２歳,08000,茨城県,1980000000,1980年,人
9548,00700,全域,000,男女総数,073,７２歳,09000,栃木県,1980000000,1980年,人
10704,00700,全域,000,男女総数,073,７２歳,10000,群馬県,1980000000,1980年,人
18745,00700,全域,000,男女総数,073,７２歳,11000,埼玉県,1980000000,1980年,人
18861,00700,全域,000,男女総数,073,７２歳,12000,千葉県,1980000000,1980年,人
51068,00700,全域,000,男女総数,073,７２歳,13000,東京都,1980000000,1980年,人
24807,00700,全域,000,男女総数,073,７２歳,14000,神奈川県,1980000000,1980年,人
16536,00700,全域,000,男女総数,073,７２歳,15000,新潟県,1980000000,1980年,人
7115,00700,全域,000,男女総数,073,７２歳,16000,富山県,1980000000,1980年,人
6743,00700,全域,000,男女総数,073,７２歳,17000,石川県,1980000000,1980年,人
5144,00700,全域,000,男女総数,073,７２歳,18000,福井県,1980000000,1980年,人
5342,00700,全域,000,男女総数,073,７２歳,19000,山梨県,1980000000,1980年,人
14924,00700,全域,000,男女総数,073,７２歳,20000,長野県,1980000000,1980年,人
10662,00700,全域,000,男女総数,073,７２歳,21000,岐阜県,1980000000,1980年,人
17367,00700,全域,000,男女総数,073,７２歳,22000,静岡県,1980000000,1980年,人
25790,00700,全域,000,男女総数,073,７２歳,23000,愛知県,1980000000,1980年,人
10267,00700,全域,000,男女総数,073,７２歳,24000,三重県,1980000000,1980年,人
6290,00700,全域,000,男女総数,073,７２歳,25000,滋賀県,1980000000,1980年,人
15116,00700,全域,000,男女総数,073,７２歳,26000,京都府,1980000000,1980年,人
36009,00700,全域,000,男女総数,073,７２歳,27000,大阪府,1980000000,1980年,人
27262,00700,全域,000,男女総数,073,７２歳,28000,兵庫県,1980000000,1980年,人
6492,00700,全域,000,男女総数,073,７２歳,29000,奈良県,1980000000,1980年,人
7421,00700,全域,000,男女総数,073,７２歳,30000,和歌山県,1980000000,1980年,人
4165,00700,全域,000,男女総数,073,７２歳,31000,鳥取県,1980000000,1980年,人
5981,00700,全域,000,男女総数,073,７２歳,32000,島根県,1980000000,1980年,人
12590,00700,全域,000,男女総数,073,７２歳,33000,岡山県,1980000000,1980年,人
15457,00700,全域,000,男女総数,073,７２歳,34000,広島県,1980000000,1980年,人
10293,00700,全域,000,男女総数,073,７２歳,35000,山口県,1980000000,1980年,人
5506,00700,全域,000,男女総数,073,７２歳,36000,徳島県,1980000000,1980年,人
6645,00700,全域,000,男女総数,073,７２歳,37000,香川県,1980000000,1980年,人
9805,00700,全域,000,男女総数,073,７２歳,38000,愛媛県,1980000000,1980年,人
5954,00700,全域,000,男女総数,073,７２歳,39000,高知県,1980000000,1980年,人
24103,00700,全域,000,男女総数,073,７２歳,40000,福岡県,1980000000,1980年,人
5977,00700,全域,000,男女総数,073,７２歳,41000,佐賀県,1980000000,1980年,人
9899,00700,全域,000,男女総数,073,７２歳,42000,長崎県,1980000000,1980年,人
11995,00700,全域,000,男女総数,073,７２歳,43000,熊本県,1980000000,1980年,人
8156,00700,全域,000,男女総数,073,７２歳,44000,大分県,1980000000,1980年,人
6714,00700,全域,000,男女総数,073,７２歳,45000,宮崎県,1980000000,1980年,人
12576,00700,全域,000,男女総数,073,７２歳,46000,鹿児島県,1980000000,1980年,人
4764,00700,全域,000,男女総数,073,７２歳,47000,沖縄県,1980000000,1980年,人
577723,00700,全域,000,男女総数,074,７３歳,00000,全国,1980000000,1980年,人
400064,00700,全域,000,男女総数,074,７３歳,00001,全国市部,1980000000,1980年,人
177659,00700,全域,000,男女総数,074,７３歳,00002,全国郡部,1980000000,1980年,人
24732,00700,全域,000,男女総数,074,７３歳,01000,北海道,1980000000,1980年,人
7431,00700,全域,000,男女総数,074,７３歳,02000,青森県,1980000000,1980年,人
7593,00700,全域,000,男女総数,074,７３歳,03000,岩手県,1980000000,1980年,人
9327,00700,全域,000,男女総数,074,７３歳,04000,宮城県,1980000000,1980年,人
7174,00700,全域,000,男女総数,074,７３歳,05000,秋田県,1980000000,1980年,人
8228,00700,全域,000,男女総数,074,７３歳,06000,山形県,1980000000,1980年,人
11392,00700,全域,000,男女総数,074,７３歳,07000,福島県,1980000000,1980年,人
12408,00700,全域,000,男女総数,074,７３歳,08000,茨城県,1980000000,1980年,人
8872,00700,全域,000,男女総数,074,７３歳,09000,栃木県,1980000000,1980年,人
9950,00700,全域,000,男女総数,074,７３歳,10000,群馬県,1980000000,1980年,人
18035,00700,全域,000,男女総数,074,７３歳,11000,埼玉県,1980000000,1980年,人
17415,00700,全域,000,男女総数,074,７３歳,12000,千葉県,1980000000,1980年,人
48703,00700,全域,000,男女総数,074,７３歳,13000,東京都,1980000000,1980年,人
23414,00700,全域,000,男女総数,074,７３歳,14000,神奈川県,1980000000,1980年,人
15441,00700,全域,000,男女総数,074,７３歳,15000,新潟県,1980000000,1980年,人
7084,00700,全域,000,男女総数,074,７３歳,16000,富山県,1980000000,1980年,人
6707,00700,全域,000,男女総数,074,７３歳,17000,石川県,1980000000,1980年,人
5019,00700,全域,000,男女総数,074,７３歳,18000,福井県,1980000000,1980年,人
4972,00700,全域,000,男女総数,074,７３歳,19000,山梨県,1980000000,1980年,人
13637,00700,全域,000,男女総数,074,７３歳,20000,長野県,1980000000,1980年,人
9992,00700,全域,000,男女総数,074,７３歳,21000,岐阜県,1980000000,1980年,人
16687,00700,全域,000,男女総数,074,７３歳,22000,静岡県,1980000000,1980年,人
24720,00700,全域,000,男女総数,074,７３歳,23000,愛知県,1980000000,1980年,人
10227,00700,全域,000,男女総数,074,７３歳,24000,三重県,1980000000,1980年,人
5796,00700,全域,000,男女総数,074,７３歳,25000,滋賀県,1980000000,1980年,人
14461,00700,全域,000,男女総数,074,７３歳,26000,京都府,1980000000,1980年,人
34280,00700,全域,000,男女総数,074,７３歳,27000,大阪府,1980000000,1980年,人
26097,00700,全域,000,男女総数,074,７３歳,28000,兵庫県,1980000000,1980年,人
6196,00700,全域,000,男女総数,074,７３歳,29000,奈良県,1980000000,1980年,人
7060,00700,全域,000,男女総数,074,７３歳,30000,和歌山県,1980000000,1980年,人
4040,00700,全域,000,男女総数,074,７３歳,31000,鳥取県,1980000000,1980年,人
5553,00700,全域,000,男女総数,074,７３歳,32000,島根県,1980000000,1980年,人
11945,00700,全域,000,男女総数,074,７３歳,33000,岡山県,1980000000,1980年,人
14912,00700,全域,000,男女総数,074,７３歳,34000,広島県,1980000000,1980年,人
10043,00700,全域,000,男女総数,074,７３歳,35000,山口県,1980000000,1980年,人
5564,00700,全域,000,男女総数,074,７３歳,36000,徳島県,1980000000,1980年,人
6439,00700,全域,000,男女総数,074,７３歳,37000,香川県,1980000000,1980年,人
9589,00700,全域,000,男女総数,074,７３歳,38000,愛媛県,1980000000,1980年,人
5714,00700,全域,000,男女総数,074,７３歳,39000,高知県,1980000000,1980年,人
23263,00700,全域,000,男女総数,074,７３歳,40000,福岡県,1980000000,1980年,人
5672,00700,全域,000,男女総数,074,７３歳,41000,佐賀県,1980000000,1980年,人
9520,00700,全域,000,男女総数,074,７３歳,42000,長崎県,1980000000,1980年,人
11569,00700,全域,000,男女総数,074,７３歳,43000,熊本県,1980000000,1980年,人
8029,00700,全域,000,男女総数,074,７３歳,44000,大分県,1980000000,1980年,人
6627,00700,全域,000,男女総数,074,７３歳,45000,宮崎県,1980000000,1980年,人
12045,00700,全域,000,男女総数,074,７３歳,46000,鹿児島県,1980000000,1980年,人
4149,00700,全域,000,男女総数,074,７３歳,47000,沖縄県,1980000000,1980年,人
475691,00700,全域,000,男女総数,075,７４歳,00000,全国,1980000000,1980年,人
326427,00700,全域,000,男女総数,075,７４歳,00001,全国市部,1980000000,1980年,人
149264,00700,全域,000,男女総数,075,７４歳,00002,全国郡部,1980000000,1980年,人
20478,00700,全域,000,男女総数,075,７４歳,01000,北海道,1980000000,1980年,人
6073,00700,全域,000,男女総数,075,７４歳,02000,青森県,1980000000,1980年,人
6082,00700,全域,000,男女総数,075,７４歳,03000,岩手県,1980000000,1980年,人
7767,00700,全域,000,男女総数,075,７４歳,04000,宮城県,1980000000,1980年,人
5795,00700,全域,000,男女総数,075,７４歳,05000,秋田県,1980000000,1980年,人
6477,00700,全域,000,男女総数,075,７４歳,06000,山形県,1980000000,1980年,人
9026,00700,全域,000,男女総数,075,７４歳,07000,福島県,1980000000,1980年,人
10358,00700,全域,000,男女総数,075,７４歳,08000,茨城県,1980000000,1980年,人
7285,00700,全域,000,男女総数,075,７４歳,09000,栃木県,1980000000,1980年,人
8032,00700,全域,000,男女総数,075,７４歳,10000,群馬県,1980000000,1980年,人
14393,00700,全域,000,男女総数,075,７４歳,11000,埼玉県,1980000000,1980年,人
14015,00700,全域,000,男女総数,075,７４歳,12000,千葉県,1980000000,1980年,人
39832,00700,全域,000,男女総数,075,７４歳,13000,東京都,1980000000,1980年,人
19106,00700,全域,000,男女総数,075,７４歳,14000,神奈川県,1980000000,1980年,人
12509,00700,全域,000,男女総数,075,７４歳,15000,新潟県,1980000000,1980年,人
5584,00700,全域,000,男女総数,075,７４歳,16000,富山県,1980000000,1980年,人
5301,00700,全域,000,男女総数,075,７４歳,17000,石川県,1980000000,1980年,人
4132,00700,全域,000,男女総数,075,７４歳,18000,福井県,1980000000,1980年,人
4276,00700,全域,000,男女総数,075,７４歳,19000,山梨県,1980000000,1980年,人
11301,00700,全域,000,男女総数,075,７４歳,20000,長野県,1980000000,1980年,人
8711,00700,全域,000,男女総数,075,７４歳,21000,岐阜県,1980000000,1980年,人
13555,00700,全域,000,男女総数,075,７４歳,22000,静岡県,1980000000,1980年,人
20370,00700,全域,000,男女総数,075,７４歳,23000,愛知県,1980000000,1980年,人
8348,00700,全域,000,男女総数,075,７４歳,24000,三重県,1980000000,1980年,人
4999,00700,全域,000,男女総数,075,７４歳,25000,滋賀県,1980000000,1980年,人
11998,00700,全域,000,男女総数,075,７４歳,26000,京都府,1980000000,1980年,人
28085,00700,全域,000,男女総数,075,７４歳,27000,大阪府,1980000000,1980年,人
21268,00700,全域,000,男女総数,075,７４歳,28000,兵庫県,1980000000,1980年,人
5127,00700,全域,000,男女総数,075,７４歳,29000,奈良県,1980000000,1980年,人
5832,00700,全域,000,男女総数,075,７４歳,30000,和歌山県,1980000000,1980年,人
3179,00700,全域,000,男女総数,075,７４歳,31000,鳥取県,1980000000,1980年,人
4792,00700,全域,000,男女総数,075,７４歳,32000,島根県,1980000000,1980年,人
10264,00700,全域,000,男女総数,075,７４歳,33000,岡山県,1980000000,1980年,人
12428,00700,全域,000,男女総数,075,７４歳,34000,広島県,1980000000,1980年,人
8453,00700,全域,000,男女総数,075,７４歳,35000,山口県,1980000000,1980年,人
4497,00700,全域,000,男女総数,075,７４歳,36000,徳島県,1980000000,1980年,人
5391,00700,全域,000,男女総数,075,７４歳,37000,香川県,1980000000,1980年,人
8032,00700,全域,000,男女総数,075,７４歳,38000,愛媛県,1980000000,1980年,人
4754,00700,全域,000,男女総数,075,７４歳,39000,高知県,1980000000,1980年,人
19179,00700,全域,000,男女総数,075,７４歳,40000,福岡県,1980000000,1980年,人
4870,00700,全域,000,男女総数,075,７４歳,41000,佐賀県,1980000000,1980年,人
7744,00700,全域,000,男女総数,075,７４歳,42000,長崎県,1980000000,1980年,人
9846,00700,全域,000,男女総数,075,７４歳,43000,熊本県,1980000000,1980年,人
6631,00700,全域,000,男女総数,075,７４歳,44000,大分県,1980000000,1980年,人
5254,00700,全域,000,男女総数,075,７４歳,45000,宮崎県,1980000000,1980年,人
10419,00700,全域,000,男女総数,075,７４歳,46000,鹿児島県,1980000000,1980年,人
3843,00700,全域,000,男女総数,075,７４歳,47000,沖縄県,1980000000,1980年,人
470244,00700,全域,000,男女総数,076,７５歳,00000,全国,1980000000,1980年,人
320971,00700,全域,000,男女総数,076,７５歳,00001,全国市部,1980000000,1980年,人
149273,00700,全域,000,男女総数,076,７５歳,00002,全国郡部,1980000000,1980年,人
19963,00700,全域,000,男女総数,076,７５歳,01000,北海道,1980000000,1980年,人
5985,00700,全域,000,男女総数,076,７５歳,02000,青森県,1980000000,1980年,人
6407,00700,全域,000,男女総数,076,７５歳,03000,岩手県,1980000000,1980年,人
7853,00700,全域,000,男女総数,076,７５歳,04000,宮城県,1980000000,1980年,人
5953,00700,全域,000,男女総数,076,７５歳,05000,秋田県,1980000000,1980年,人
6672,00700,全域,000,男女総数,076,７５歳,06000,山形県,1980000000,1980年,人
9708,00700,全域,000,男女総数,076,７５歳,07000,福島県,1980000000,1980年,人
10695,00700,全域,000,男女総数,076,７５歳,08000,茨城県,1980000000,1980年,人
7592,00700,全域,000,男女総数,076,７５歳,09000,栃木県,1980000000,1980年,人
8348,00700,全域,000,男女総数,076,７５歳,10000,群馬県,1980000000,1980年,人
14365,00700,全域,000,男女総数,076,７５歳,11000,埼玉県,1980000000,1980年,人
14903,00700,全域,000,男女総数,076,７５歳,12000,千葉県,1980000000,1980年,人
39617,00700,全域,000,男女総数,076,７５歳,13000,東京都,1980000000,1980年,人
18918,00700,全域,000,男女総数,076,７５歳,14000,神奈川県,1980000000,1980年,人
11883,00700,全域,000,男女総数,076,７５歳,15000,新潟県,1980000000,1980年,人
5596,00700,全域,000,男女総数,076,７５歳,16000,富山県,1980000000,1980年,人
5153,00700,全域,000,男女総数,076,７５歳,17000,石川県,1980000000,1980年,人
4167,00700,全域,000,男女総数,076,７５歳,18000,福井県,1980000000,1980年,人
4075,00700,全域,000,男女総数,076,７５歳,19000,山梨県,1980000000,1980年,人
11317,00700,全域,000,男女総数,076,７５歳,20000,長野県,1980000000,1980年,人
8392,00700,全域,000,男女総数,076,７５歳,21000,岐阜県,1980000000,1980年,人
13855,00700,全域,000,男女総数,076,７５歳,22000,静岡県,1980000000,1980年,人
19895,00700,全域,000,男女総数,076,７５歳,23000,愛知県,1980000000,1980年,人
8417,00700,全域,000,男女総数,076,７５歳,24000,三重県,1980000000,1980年,人
4726,00700,全域,000,男女総数,076,７５歳,25000,滋賀県,1980000000,1980年,人
11603,00700,全域,000,男女総数,076,７５歳,26000,京都府,1980000000,1980年,人
26681,00700,全域,000,男女総数,076,７５歳,27000,大阪府,1980000000,1980年,人
20701,00700,全域,000,男女総数,076,７５歳,28000,兵庫県,1980000000,1980年,人
4935,00700,全域,000,男女総数,076,７５歳,29000,奈良県,1980000000,1980年,人
5639,00700,全域,000,男女総数,076,７５歳,30000,和歌山県,1980000000,1980年,人
3277,00700,全域,000,男女総数,076,７５歳,31000,鳥取県,1980000000,1980年,人
4722,00700,全域,000,男女総数,076,７５歳,32000,島根県,1980000000,1980年,人
10036,00700,全域,000,男女総数,076,７５歳,33000,岡山県,1980000000,1980年,人
11804,00700,全域,000,男女総数,076,７５歳,34000,広島県,1980000000,1980年,人
7875,00700,全域,000,男女総数,076,７５歳,35000,山口県,1980000000,1980年,人
4500,00700,全域,000,男女総数,076,７５歳,36000,徳島県,1980000000,1980年,人
5209,00700,全域,000,男女総数,076,７５歳,37000,香川県,1980000000,1980年,人
7773,00700,全域,000,男女総数,076,７５歳,38000,愛媛県,1980000000,1980年,人
5148,00700,全域,000,男女総数,076,７５歳,39000,高知県,1980000000,1980年,人
18401,00700,全域,000,男女総数,076,７５歳,40000,福岡県,1980000000,1980年,人
4590,00700,全域,000,男女総数,076,７５歳,41000,佐賀県,1980000000,1980年,人
7459,00700,全域,000,男女総数,076,７５歳,42000,長崎県,1980000000,1980年,人
9198,00700,全域,000,男女総数,076,７５歳,43000,熊本県,1980000000,1980年,人
6401,00700,全域,000,男女総数,076,７５歳,44000,大分県,1980000000,1980年,人
5613,00700,全域,000,男女総数,076,７５歳,45000,宮崎県,1980000000,1980年,人
10398,00700,全域,000,男女総数,076,７５歳,46000,鹿児島県,1980000000,1980年,人
3826,00700,全域,000,男女総数,076,７５歳,47000,沖縄県,1980000000,1980年,人
427553,00700,全域,000,男女総数,077,７６歳,00000,全国,1980000000,1980年,人
290392,00700,全域,000,男女総数,077,７６歳,00001,全国市部,1980000000,1980年,人
137161,00700,全域,000,男女総数,077,７６歳,00002,全国郡部,1980000000,1980年,人
17865,00700,全域,000,男女総数,077,７６歳,01000,北海道,1980000000,1980年,人
5310,00700,全域,000,男女総数,077,７６歳,02000,青森県,1980000000,1980年,人
5369,00700,全域,000,男女総数,077,７６歳,03000,岩手県,1980000000,1980年,人
6847,00700,全域,000,男女総数,077,７６歳,04000,宮城県,1980000000,1980年,人
5327,00700,全域,000,男女総数,077,７６歳,05000,秋田県,1980000000,1980年,人
6154,00700,全域,000,男女総数,077,７６歳,06000,山形県,1980000000,1980年,人
8368,00700,全域,000,男女総数,077,７６歳,07000,福島県,1980000000,1980年,人
8997,00700,全域,000,男女総数,077,７６歳,08000,茨城県,1980000000,1980年,人
6569,00700,全域,000,男女総数,077,７６歳,09000,栃木県,1980000000,1980年,人
7664,00700,全域,000,男女総数,077,７６歳,10000,群馬県,1980000000,1980年,人
12633,00700,全域,000,男女総数,077,７６歳,11000,埼玉県,1980000000,1980年,人
13175,00700,全域,000,男女総数,077,７６歳,12000,千葉県,1980000000,1980年,人
35713,00700,全域,000,男女総数,077,７６歳,13000,東京都,1980000000,1980年,人
17171,00700,全域,000,男女総数,077,７６歳,14000,神奈川県,1980000000,1980年,人
11496,00700,全域,000,男女総数,077,７６歳,15000,新潟県,1980000000,1980年,人
5002,00700,全域,000,男女総数,077,７６歳,16000,富山県,1980000000,1980年,人
4697,00700,全域,000,男女総数,077,７６歳,17000,石川県,1980000000,1980年,人
3719,00700,全域,000,男女総数,077,７６歳,18000,福井県,1980000000,1980年,人
3834,00700,全域,000,男女総数,077,７６歳,19000,山梨県,1980000000,1980年,人
10483,00700,全域,000,男女総数,077,７６歳,20000,長野県,1980000000,1980年,人
7761,00700,全域,000,男女総数,077,７６歳,21000,岐阜県,1980000000,1980年,人
12376,00700,全域,000,男女総数,077,７６歳,22000,静岡県,1980000000,1980年,人
18151,00700,全域,000,男女総数,077,７６歳,23000,愛知県,1980000000,1980年,人
7757,00700,全域,000,男女総数,077,７６歳,24000,三重県,1980000000,1980年,人
4536,00700,全域,000,男女総数,077,７６歳,25000,滋賀県,1980000000,1980年,人
10376,00700,全域,000,男女総数,077,７６歳,26000,京都府,1980000000,1980年,人
24173,00700,全域,000,男女総数,077,７６歳,27000,大阪府,1980000000,1980年,人
18957,00700,全域,000,男女総数,077,７６歳,28000,兵庫県,1980000000,1980年,人
4585,00700,全域,000,男女総数,077,７６歳,29000,奈良県,1980000000,1980年,人
5169,00700,全域,000,男女総数,077,７６歳,30000,和歌山県,1980000000,1980年,人
3085,00700,全域,000,男女総数,077,７６歳,31000,鳥取県,1980000000,1980年,人
4433,00700,全域,000,男女総数,077,７６歳,32000,島根県,1980000000,1980年,人
9195,00700,全域,000,男女総数,077,７６歳,33000,岡山県,1980000000,1980年,人
11046,00700,全域,000,男女総数,077,７６歳,34000,広島県,1980000000,1980年,人
7308,00700,全域,000,男女総数,077,７６歳,35000,山口県,1980000000,1980年,人
4184,00700,全域,000,男女総数,077,７６歳,36000,徳島県,1980000000,1980年,人
4807,00700,全域,000,男女総数,077,７６歳,37000,香川県,1980000000,1980年,人
7146,00700,全域,000,男女総数,077,７６歳,38000,愛媛県,1980000000,1980年,人
4546,00700,全域,000,男女総数,077,７６歳,39000,高知県,1980000000,1980年,人
17188,00700,全域,000,男女総数,077,７６歳,40000,福岡県,1980000000,1980年,人
4336,00700,全域,000,男女総数,077,７６歳,41000,佐賀県,1980000000,1980年,人
7167,00700,全域,000,男女総数,077,７６歳,42000,長崎県,1980000000,1980年,人
8920,00700,全域,000,男女総数,077,７６歳,43000,熊本県,1980000000,1980年,人
5891,00700,全域,000,男女総数,077,７６歳,44000,大分県,1980000000,1980年,人
4923,00700,全域,000,男女総数,077,７６歳,45000,宮崎県,1980000000,1980年,人
9617,00700,全域,000,男女総数,077,７６歳,46000,鹿児島県,1980000000,1980年,人
3527,00700,全域,000,男女総数,077,７６歳,47000,沖縄県,1980000000,1980年,人
417260,00700,全域,000,男女総数,078,７７歳,00000,全国,1980000000,1980年,人
282118,00700,全域,000,男女総数,078,７７歳,00001,全国市部,1980000000,1980年,人
135142,00700,全域,000,男女総数,078,７７歳,00002,全国郡部,1980000000,1980年,人
17034,00700,全域,000,男女総数,078,７７歳,01000,北海道,1980000000,1980年,人
5194,00700,全域,000,男女総数,078,７７歳,02000,青森県,1980000000,1980年,人
5752,00700,全域,000,男女総数,078,７７歳,03000,岩手県,1980000000,1980年,人
7071,00700,全域,000,男女総数,078,７７歳,04000,宮城県,1980000000,1980年,人
5248,00700,全域,000,男女総数,078,７７歳,05000,秋田県,1980000000,1980年,人
6037,00700,全域,000,男女総数,078,７７歳,06000,山形県,1980000000,1980年,人
8447,00700,全域,000,男女総数,078,７７歳,07000,福島県,1980000000,1980年,人
8818,00700,全域,000,男女総数,078,７７歳,08000,茨城県,1980000000,1980年,人
6626,00700,全域,000,男女総数,078,７７歳,09000,栃木県,1980000000,1980年,人
7501,00700,全域,000,男女総数,078,７７歳,10000,群馬県,1980000000,1980年,人
12346,00700,全域,000,男女総数,078,７７歳,11000,埼玉県,1980000000,1980年,人
12411,00700,全域,000,男女総数,078,７７歳,12000,千葉県,1980000000,1980年,人
34314,00700,全域,000,男女総数,078,７７歳,13000,東京都,1980000000,1980年,人
16615,00700,全域,000,男女総数,078,７７歳,14000,神奈川県,1980000000,1980年,人
10763,00700,全域,000,男女総数,078,７７歳,15000,新潟県,1980000000,1980年,人
4776,00700,全域,000,男女総数,078,７７歳,16000,富山県,1980000000,1980年,人
4632,00700,全域,000,男女総数,078,７７歳,17000,石川県,1980000000,1980年,人
3704,00700,全域,000,男女総数,078,７７歳,18000,福井県,1980000000,1980年,人
3774,00700,全域,000,男女総数,078,７７歳,19000,山梨県,1980000000,1980年,人
10638,00700,全域,000,男女総数,078,７７歳,20000,長野県,1980000000,1980年,人
7555,00700,全域,000,男女総数,078,７７歳,21000,岐阜県,1980000000,1980年,人
12622,00700,全域,000,男女総数,078,７７歳,22000,静岡県,1980000000,1980年,人
17677,00700,全域,000,男女総数,078,７７歳,23000,愛知県,1980000000,1980年,人
7669,00700,全域,000,男女総数,078,７７歳,24000,三重県,1980000000,1980年,人
4279,00700,全域,000,男女総数,078,７７歳,25000,滋賀県,1980000000,1980年,人
10171,00700,全域,000,男女総数,078,７７歳,26000,京都府,1980000000,1980年,人
23008,00700,全域,000,男女総数,078,７７歳,27000,大阪府,1980000000,1980年,人
18776,00700,全域,000,男女総数,078,７７歳,28000,兵庫県,1980000000,1980年,人
4486,00700,全域,000,男女総数,078,７７歳,29000,奈良県,1980000000,1980年,人
5283,00700,全域,000,男女総数,078,７７歳,30000,和歌山県,1980000000,1980年,人
2879,00700,全域,000,男女総数,078,７７歳,31000,鳥取県,1980000000,1980年,人
4562,00700,全域,000,男女総数,078,７７歳,32000,島根県,1980000000,1980年,人
9239,00700,全域,000,男女総数,078,７７歳,33000,岡山県,1980000000,1980年,人
11095,00700,全域,000,男女総数,078,７７歳,34000,広島県,1980000000,1980年,人
7342,00700,全域,000,男女総数,078,７７歳,35000,山口県,1980000000,1980年,人
4044,00700,全域,000,男女総数,078,７７歳,36000,徳島県,1980000000,1980年,人
4623,00700,全域,000,男女総数,078,７７歳,37000,香川県,1980000000,1980年,人
7072,00700,全域,000,男女総数,078,７７歳,38000,愛媛県,1980000000,1980年,人
4451,00700,全域,000,男女総数,078,７７歳,39000,高知県,1980000000,1980年,人
16481,00700,全域,000,男女総数,078,７７歳,40000,福岡県,1980000000,1980年,人
4237,00700,全域,000,男女総数,078,７７歳,41000,佐賀県,1980000000,1980年,人
6835,00700,全域,000,男女総数,078,７７歳,42000,長崎県,1980000000,1980年,人
8463,00700,全域,000,男女総数,078,７７歳,43000,熊本県,1980000000,1980年,人
5788,00700,全域,000,男女総数,078,７７歳,44000,大分県,1980000000,1980年,人
4773,00700,全域,000,男女総数,078,７７歳,45000,宮崎県,1980000000,1980年,人
8926,00700,全域,000,男女総数,078,７７歳,46000,鹿児島県,1980000000,1980年,人
3223,00700,全域,000,男女総数,078,７７歳,47000,沖縄県,1980000000,1980年,人
380477,00700,全域,000,男女総数,079,７８歳,00000,全国,1980000000,1980年,人
255572,00700,全域,000,男女総数,079,７８歳,00001,全国市部,1980000000,1980年,人
124905,00700,全域,000,男女総数,079,７８歳,00002,全国郡部,1980000000,1980年,人
15390,00700,全域,000,男女総数,079,７８歳,01000,北海道,1980000000,1980年,人
4685,00700,全域,000,男女総数,079,７８歳,02000,青森県,1980000000,1980年,人
5104,00700,全域,000,男女総数,079,７８歳,03000,岩手県,1980000000,1980年,人
6379,00700,全域,000,男女総数,079,７８歳,04000,宮城県,1980000000,1980年,人
4555,00700,全域,000,男女総数,079,７８歳,05000,秋田県,1980000000,1980年,人
5377,00700,全域,000,男女総数,079,７８歳,06000,山形県,1980000000,1980年,人
7726,00700,全域,000,男女総数,079,７８歳,07000,福島県,1980000000,1980年,人
8331,00700,全域,000,男女総数,079,７８歳,08000,茨城県,1980000000,1980年,人
6092,00700,全域,000,男女総数,079,７８歳,09000,栃木県,1980000000,1980年,人
6706,00700,全域,000,男女総数,079,７８歳,10000,群馬県,1980000000,1980年,人
11040,00700,全域,000,男女総数,079,７８歳,11000,埼玉県,1980000000,1980年,人
11442,00700,全域,000,男女総数,079,７８歳,12000,千葉県,1980000000,1980年,人
30902,00700,全域,000,男女総数,079,７８歳,13000,東京都,1980000000,1980年,人
14499,00700,全域,000,男女総数,079,７８歳,14000,神奈川県,1980000000,1980年,人
9681,00700,全域,000,男女総数,079,７８歳,15000,新潟県,1980000000,1980年,人
4355,00700,全域,000,男女総数,079,７８歳,16000,富山県,1980000000,1980年,人
4277,00700,全域,000,男女総数,079,７８歳,17000,石川県,1980000000,1980年,人
3414,00700,全域,000,男女総数,079,７８歳,18000,福井県,1980000000,1980年,人
3471,00700,全域,000,男女総数,079,７８歳,19000,山梨県,1980000000,1980年,人
9577,00700,全域,000,男女総数,079,７８歳,20000,長野県,1980000000,1980年,人
6932,00700,全域,000,男女総数,079,７８歳,21000,岐阜県,1980000000,1980年,人
10949,00700,全域,000,男女総数,079,７８歳,22000,静岡県,1980000000,1980年,人
15600,00700,全域,000,男女総数,079,７８歳,23000,愛知県,1980000000,1980年,人
7059,00700,全域,000,男女総数,079,７８歳,24000,三重県,1980000000,1980年,人
3900,00700,全域,000,男女総数,079,７８歳,25000,滋賀県,1980000000,1980年,人
9406,00700,全域,000,男女総数,079,７８歳,26000,京都府,1980000000,1980年,人
21233,00700,全域,000,男女総数,079,７８歳,27000,大阪府,1980000000,1980年,人
17292,00700,全域,000,男女総数,079,７８歳,28000,兵庫県,1980000000,1980年,人
4145,00700,全域,000,男女総数,079,７８歳,29000,奈良県,1980000000,1980年,人
4986,00700,全域,000,男女総数,079,７８歳,30000,和歌山県,1980000000,1980年,人
2877,00700,全域,000,男女総数,079,７８歳,31000,鳥取県,1980000000,1980年,人
4180,00700,全域,000,男女総数,079,７８歳,32000,島根県,1980000000,1980年,人
8704,00700,全域,000,男女総数,079,７８歳,33000,岡山県,1980000000,1980年,人
10299,00700,全域,000,男女総数,079,７８歳,34000,広島県,1980000000,1980年,人
6899,00700,全域,000,男女総数,079,７８歳,35000,山口県,1980000000,1980年,人
3764,00700,全域,000,男女総数,079,７８歳,36000,徳島県,1980000000,1980年,人
4474,00700,全域,000,男女総数,079,７８歳,37000,香川県,1980000000,1980年,人
6616,00700,全域,000,男女総数,079,７８歳,38000,愛媛県,1980000000,1980年,人
4428,00700,全域,000,男女総数,079,７８歳,39000,高知県,1980000000,1980年,人
15184,00700,全域,000,男女総数,079,７８歳,40000,福岡県,1980000000,1980年,人
3822,00700,全域,000,男女総数,079,７８歳,41000,佐賀県,1980000000,1980年,人
6194,00700,全域,000,男女総数,079,７８歳,42000,長崎県,1980000000,1980年,人
7655,00700,全域,000,男女総数,079,７８歳,43000,熊本県,1980000000,1980年,人
5287,00700,全域,000,男女総数,079,７８歳,44000,大分県,1980000000,1980年,人
4421,00700,全域,000,男女総数,079,７８歳,45000,宮崎県,1980000000,1980年,人
8123,00700,全域,000,男女総数,079,７８歳,46000,鹿児島県,1980000000,1980年,人
3045,00700,全域,000,男女総数,079,７８歳,47000,沖縄県,1980000000,1980年,人
341151,00700,全域,000,男女総数,080,７９歳,00000,全国,1980000000,1980年,人
229360,00700,全域,000,男女総数,080,７９歳,00001,全国市部,1980000000,1980年,人
111791,00700,全域,000,男女総数,080,７９歳,00002,全国郡部,1980000000,1980年,人
13539,00700,全域,000,男女総数,080,７９歳,01000,北海道,1980000000,1980年,人
4071,00700,全域,000,男女総数,080,７９歳,02000,青森県,1980000000,1980年,人
4807,00700,全域,000,男女総数,080,７９歳,03000,岩手県,1980000000,1980年,人
5645,00700,全域,000,男女総数,080,７９歳,04000,宮城県,1980000000,1980年,人
4132,00700,全域,000,男女総数,080,７９歳,05000,秋田県,1980000000,1980年,人
4934,00700,全域,000,男女総数,080,７９歳,06000,山形県,1980000000,1980年,人
7093,00700,全域,000,男女総数,080,７９歳,07000,福島県,1980000000,1980年,人
7331,00700,全域,000,男女総数,080,７９歳,08000,茨城県,1980000000,1980年,人
5227,00700,全域,000,男女総数,080,７９歳,09000,栃木県,1980000000,1980年,人
6127,00700,全域,000,男女総数,080,７９歳,10000,群馬県,1980000000,1980年,人
9931,00700,全域,000,男女総数,080,７９歳,11000,埼玉県,1980000000,1980年,人
10512,00700,全域,000,男女総数,080,７９歳,12000,千葉県,1980000000,1980年,人
28311,00700,全域,000,男女総数,080,７９歳,13000,東京都,1980000000,1980年,人
13318,00700,全域,000,男女総数,080,７９歳,14000,神奈川県,1980000000,1980年,人
8296,00700,全域,000,男女総数,080,７９歳,15000,新潟県,1980000000,1980年,人
3728,00700,全域,000,男女総数,080,７９歳,16000,富山県,1980000000,1980年,人
3623,00700,全域,000,男女総数,080,７９歳,17000,石川県,1980000000,1980年,人
2970,00700,全域,000,男女総数,080,７９歳,18000,福井県,1980000000,1980年,人
3195,00700,全域,000,男女総数,080,７９歳,19000,山梨県,1980000000,1980年,人
8618,00700,全域,000,男女総数,080,７９歳,20000,長野県,1980000000,1980年,人
6289,00700,全域,000,男女総数,080,７９歳,21000,岐阜県,1980000000,1980年,人
9935,00700,全域,000,男女総数,080,７９歳,22000,静岡県,1980000000,1980年,人
14300,00700,全域,000,男女総数,080,７９歳,23000,愛知県,1980000000,1980年,人
6561,00700,全域,000,男女総数,080,７９歳,24000,三重県,1980000000,1980年,人
3538,00700,全域,000,男女総数,080,７９歳,25000,滋賀県,1980000000,1980年,人
8542,00700,全域,000,男女総数,080,７９歳,26000,京都府,1980000000,1980年,人
18810,00700,全域,000,男女総数,080,７９歳,27000,大阪府,1980000000,1980年,人
15306,00700,全域,000,男女総数,080,７９歳,28000,兵庫県,1980000000,1980年,人
3550,00700,全域,000,男女総数,080,７９歳,29000,奈良県,1980000000,1980年,人
4272,00700,全域,000,男女総数,080,７９歳,30000,和歌山県,1980000000,1980年,人
2471,00700,全域,000,男女総数,080,７９歳,31000,鳥取県,1980000000,1980年,人
3728,00700,全域,000,男女総数,080,７９歳,32000,島根県,1980000000,1980年,人
7872,00700,全域,000,男女総数,080,７９歳,33000,岡山県,1980000000,1980年,人
9003,00700,全域,000,男女総数,080,７９歳,34000,広島県,1980000000,1980年,人
6191,00700,全域,000,男女総数,080,７９歳,35000,山口県,1980000000,1980年,人
3245,00700,全域,000,男女総数,080,７９歳,36000,徳島県,1980000000,1980年,人
3991,00700,全域,000,男女総数,080,７９歳,37000,香川県,1980000000,1980年,人
5776,00700,全域,000,男女総数,080,７９歳,38000,愛媛県,1980000000,1980年,人
3891,00700,全域,000,男女総数,080,７９歳,39000,高知県,1980000000,1980年,人
13783,00700,全域,000,男女総数,080,７９歳,40000,福岡県,1980000000,1980年,人
3397,00700,全域,000,男女総数,080,７９歳,41000,佐賀県,1980000000,1980年,人
5594,00700,全域,000,男女総数,080,７９歳,42000,長崎県,1980000000,1980年,人
6751,00700,全域,000,男女総数,080,７９歳,43000,熊本県,1980000000,1980年,人
4815,00700,全域,000,男女総数,080,７９歳,44000,大分県,1980000000,1980年,人
3983,00700,全域,000,男女総数,080,７９歳,45000,宮崎県,1980000000,1980年,人
7209,00700,全域,000,男女総数,080,７９歳,46000,鹿児島県,1980000000,1980年,人
2940,00700,全域,000,男女総数,080,７９歳,47000,沖縄県,1980000000,1980年,人
293885,00700,全域,000,男女総数,081,８０歳,00000,全国,1980000000,1980年,人
195481,00700,全域,000,男女総数,081,８０歳,00001,全国市部,1980000000,1980年,人
98404,00700,全域,000,男女総数,081,８０歳,00002,全国郡部,1980000000,1980年,人
11903,00700,全域,000,男女総数,081,８０歳,01000,北海道,1980000000,1980年,人
3500,00700,全域,000,男女総数,081,８０歳,02000,青森県,1980000000,1980年,人
3882,00700,全域,000,男女総数,081,８０歳,03000,岩手県,1980000000,1980年,人
4740,00700,全域,000,男女総数,081,８０歳,04000,宮城県,1980000000,1980年,人
3387,00700,全域,000,男女総数,081,８０歳,05000,秋田県,1980000000,1980年,人
3896,00700,全域,000,男女総数,081,８０歳,06000,山形県,1980000000,1980年,人
5802,00700,全域,000,男女総数,081,８０歳,07000,福島県,1980000000,1980年,人
6351,00700,全域,000,男女総数,081,８０歳,08000,茨城県,1980000000,1980年,人
4526,00700,全域,000,男女総数,081,８０歳,09000,栃木県,1980000000,1980年,人
5005,00700,全域,000,男女総数,081,８０歳,10000,群馬県,1980000000,1980年,人
8329,00700,全域,000,男女総数,081,８０歳,11000,埼玉県,1980000000,1980年,人
9043,00700,全域,000,男女総数,081,８０歳,12000,千葉県,1980000000,1980年,人
23962,00700,全域,000,男女総数,081,８０歳,13000,東京都,1980000000,1980年,人
11261,00700,全域,000,男女総数,081,８０歳,14000,神奈川県,1980000000,1980年,人
7147,00700,全域,000,男女総数,081,８０歳,15000,新潟県,1980000000,1980年,人
3252,00700,全域,000,男女総数,081,８０歳,16000,富山県,1980000000,1980年,人
3139,00700,全域,000,男女総数,081,８０歳,17000,石川県,1980000000,1980年,人
2551,00700,全域,000,男女総数,081,８０歳,18000,福井県,1980000000,1980年,人
2636,00700,全域,000,男女総数,081,８０歳,19000,山梨県,1980000000,1980年,人
7424,00700,全域,000,男女総数,081,８０歳,20000,長野県,1980000000,1980年,人
5146,00700,全域,000,男女総数,081,８０歳,21000,岐阜県,1980000000,1980年,人
9110,00700,全域,000,男女総数,081,８０歳,22000,静岡県,1980000000,1980年,人
12010,00700,全域,000,男女総数,081,８０歳,23000,愛知県,1980000000,1980年,人
5291,00700,全域,000,男女総数,081,８０歳,24000,三重県,1980000000,1980年,人
2923,00700,全域,000,男女総数,081,８０歳,25000,滋賀県,1980000000,1980年,人
7255,00700,全域,000,男女総数,081,８０歳,26000,京都府,1980000000,1980年,人
15712,00700,全域,000,男女総数,081,８０歳,27000,大阪府,1980000000,1980年,人
13301,00700,全域,000,男女総数,081,８０歳,28000,兵庫県,1980000000,1980年,人
3100,00700,全域,000,男女総数,081,８０歳,29000,奈良県,1980000000,1980年,人
3751,00700,全域,000,男女総数,081,８０歳,30000,和歌山県,1980000000,1980年,人
2349,00700,全域,000,男女総数,081,８０歳,31000,鳥取県,1980000000,1980年,人
3532,00700,全域,000,男女総数,081,８０歳,32000,島根県,1980000000,1980年,人
6662,00700,全域,000,男女総数,081,８０歳,33000,岡山県,1980000000,1980年,人
7962,00700,全域,000,男女総数,081,８０歳,34000,広島県,1980000000,1980年,人
5342,00700,全域,000,男女総数,081,８０歳,35000,山口県,1980000000,1980年,人
2843,00700,全域,000,男女総数,081,８０歳,36000,徳島県,1980000000,1980年,人
3512,00700,全域,000,男女総数,081,８０歳,37000,香川県,1980000000,1980年,人
5394,00700,全域,000,男女総数,081,８０歳,38000,愛媛県,1980000000,1980年,人
3576,00700,全域,000,男女総数,081,８０歳,39000,高知県,1980000000,1980年,人
12197,00700,全域,000,男女総数,081,８０歳,40000,福岡県,1980000000,1980年,人
3049,00700,全域,000,男女総数,081,８０歳,41000,佐賀県,1980000000,1980年,人
5002,00700,全域,000,男女総数,081,８０歳,42000,長崎県,1980000000,1980年,人
6582,00700,全域,000,男女総数,081,８０歳,43000,熊本県,1980000000,1980年,人
4200,00700,全域,000,男女総数,081,８０歳,44000,大分県,1980000000,1980年,人
3422,00700,全域,000,男女総数,081,８０歳,45000,宮崎県,1980000000,1980年,人
6377,00700,全域,000,男女総数,081,８０歳,46000,鹿児島県,1980000000,1980年,人
2549,00700,全域,000,男女総数,081,８０歳,47000,沖縄県,1980000000,1980年,人
243539,00700,全域,000,男女総数,082,８１歳,00000,全国,1980000000,1980年,人
161903,00700,全域,000,男女総数,082,８１歳,00001,全国市部,1980000000,1980年,人
81636,00700,全域,000,男女総数,082,８１歳,00002,全国郡部,1980000000,1980年,人
9620,00700,全域,000,男女総数,082,８１歳,01000,北海道,1980000000,1980年,人
3001,00700,全域,000,男女総数,082,８１歳,02000,青森県,1980000000,1980年,人
3157,00700,全域,000,男女総数,082,８１歳,03000,岩手県,1980000000,1980年,人
4037,00700,全域,000,男女総数,082,８１歳,04000,宮城県,1980000000,1980年,人
2966,00700,全域,000,男女総数,082,８１歳,05000,秋田県,1980000000,1980年,人
3308,00700,全域,000,男女総数,082,８１歳,06000,山形県,1980000000,1980年,人
4925,00700,全域,000,男女総数,082,８１歳,07000,福島県,1980000000,1980年,人
5296,00700,全域,000,男女総数,082,８１歳,08000,茨城県,1980000000,1980年,人
3835,00700,全域,000,男女総数,082,８１歳,09000,栃木県,1980000000,1980年,人
4182,00700,全域,000,男女総数,082,８１歳,10000,群馬県,1980000000,1980年,人
6959,00700,全域,000,男女総数,082,８１歳,11000,埼玉県,1980000000,1980年,人
7977,00700,全域,000,男女総数,082,８１歳,12000,千葉県,1980000000,1980年,人
20000,00700,全域,000,男女総数,082,８１歳,13000,東京都,1980000000,1980年,人
9486,00700,全域,000,男女総数,082,８１歳,14000,神奈川県,1980000000,1980年,人
5472,00700,全域,000,男女総数,082,８１歳,15000,新潟県,1980000000,1980年,人
2602,00700,全域,000,男女総数,082,８１歳,16000,富山県,1980000000,1980年,人
2467,00700,全域,000,男女総数,082,８１歳,17000,石川県,1980000000,1980年,人
2162,00700,全域,000,男女総数,082,８１歳,18000,福井県,1980000000,1980年,人
2049,00700,全域,000,男女総数,082,８１歳,19000,山梨県,1980000000,1980年,人
5827,00700,全域,000,男女総数,082,８１歳,20000,長野県,1980000000,1980年,人
4590,00700,全域,000,男女総数,082,８１歳,21000,岐阜県,1980000000,1980年,人
7406,00700,全域,000,男女総数,082,８１歳,22000,静岡県,1980000000,1980年,人
10131,00700,全域,000,男女総数,082,８１歳,23000,愛知県,1980000000,1980年,人
4589,00700,全域,000,男女総数,082,８１歳,24000,三重県,1980000000,1980年,人
2462,00700,全域,000,男女総数,082,８１歳,25000,滋賀県,1980000000,1980年,人
6144,00700,全域,000,男女総数,082,８１歳,26000,京都府,1980000000,1980年,人
12626,00700,全域,000,男女総数,082,８１歳,27000,大阪府,1980000000,1980年,人
10583,00700,全域,000,男女総数,082,８１歳,28000,兵庫県,1980000000,1980年,人
2505,00700,全域,000,男女総数,082,８１歳,29000,奈良県,1980000000,1980年,人
2903,00700,全域,000,男女総数,082,８１歳,30000,和歌山県,1980000000,1980年,人
1925,00700,全域,000,男女総数,082,８１歳,31000,鳥取県,1980000000,1980年,人
2748,00700,全域,000,男女総数,082,８１歳,32000,島根県,1980000000,1980年,人
5925,00700,全域,000,男女総数,082,８１歳,33000,岡山県,1980000000,1980年,人
6495,00700,全域,000,男女総数,082,８１歳,34000,広島県,1980000000,1980年,人
4482,00700,全域,000,男女総数,082,８１歳,35000,山口県,1980000000,1980年,人
2453,00700,全域,000,男女総数,082,８１歳,36000,徳島県,1980000000,1980年,人
2971,00700,全域,000,男女総数,082,８１歳,37000,香川県,1980000000,1980年,人
4466,00700,全域,000,男女総数,082,８１歳,38000,愛媛県,1980000000,1980年,人
3194,00700,全域,000,男女総数,082,８１歳,39000,高知県,1980000000,1980年,人
10287,00700,全域,000,男女総数,082,８１歳,40000,福岡県,1980000000,1980年,人
2515,00700,全域,000,男女総数,082,８１歳,41000,佐賀県,1980000000,1980年,人
4039,00700,全域,000,男女総数,082,８１歳,42000,長崎県,1980000000,1980年,人
5323,00700,全域,000,男女総数,082,８１歳,43000,熊本県,1980000000,1980年,人
3557,00700,全域,000,男女総数,082,８１歳,44000,大分県,1980000000,1980年,人
2809,00700,全域,000,男女総数,082,８１歳,45000,宮崎県,1980000000,1980年,人
5011,00700,全域,000,男女総数,082,８１歳,46000,鹿児島県,1980000000,1980年,人
2072,00700,全域,000,男女総数,082,８１歳,47000,沖縄県,1980000000,1980年,人
220759,00700,全域,000,男女総数,083,８２歳,00000,全国,1980000000,1980年,人
146122,00700,全域,000,男女総数,083,８２歳,00001,全国市部,1980000000,1980年,人
74637,00700,全域,000,男女総数,083,８２歳,00002,全国郡部,1980000000,1980年,人
8496,00700,全域,000,男女総数,083,８２歳,01000,北海道,1980000000,1980年,人
2462,00700,全域,000,男女総数,083,８２歳,02000,青森県,1980000000,1980年,人
2728,00700,全域,000,男女総数,083,８２歳,03000,岩手県,1980000000,1980年,人
3385,00700,全域,000,男女総数,083,８２歳,04000,宮城県,1980000000,1980年,人
2415,00700,全域,000,男女総数,083,８２歳,05000,秋田県,1980000000,1980年,人
2783,00700,全域,000,男女総数,083,８２歳,06000,山形県,1980000000,1980年,人
4097,00700,全域,000,男女総数,083,８２歳,07000,福島県,1980000000,1980年,人
4862,00700,全域,000,男女総数,083,８２歳,08000,茨城県,1980000000,1980年,人
3264,00700,全域,000,男女総数,083,８２歳,09000,栃木県,1980000000,1980年,人
3744,00700,全域,000,男女総数,083,８２歳,10000,群馬県,1980000000,1980年,人
5941,00700,全域,000,男女総数,083,８２歳,11000,埼玉県,1980000000,1980年,人
6664,00700,全域,000,男女総数,083,８２歳,12000,千葉県,1980000000,1980年,人
17586,00700,全域,000,男女総数,083,８２歳,13000,東京都,1980000000,1980年,人
8007,00700,全域,000,男女総数,083,８２歳,14000,神奈川県,1980000000,1980年,人
4780,00700,全域,000,男女総数,083,８２歳,15000,新潟県,1980000000,1980年,人
2196,00700,全域,000,男女総数,083,８２歳,16000,富山県,1980000000,1980年,人
2073,00700,全域,000,男女総数,083,８２歳,17000,石川県,1980000000,1980年,人
1955,00700,全域,000,男女総数,083,８２歳,18000,福井県,1980000000,1980年,人
1851,00700,全域,000,男女総数,083,８２歳,19000,山梨県,1980000000,1980年,人
5191,00700,全域,000,男女総数,083,８２歳,20000,長野県,1980000000,1980年,人
3879,00700,全域,000,男女総数,083,８２歳,21000,岐阜県,1980000000,1980年,人
6285,00700,全域,000,男女総数,083,８２歳,22000,静岡県,1980000000,1980年,人
8711,00700,全域,000,男女総数,083,８２歳,23000,愛知県,1980000000,1980年,人
4122,00700,全域,000,男女総数,083,８２歳,24000,三重県,1980000000,1980年,人
2332,00700,全域,000,男女総数,083,８２歳,25000,滋賀県,1980000000,1980年,人
5371,00700,全域,000,男女総数,083,８２歳,26000,京都府,1980000000,1980年,人
11785,00700,全域,000,男女総数,083,８２歳,27000,大阪府,1980000000,1980年,人
10042,00700,全域,000,男女総数,083,８２歳,28000,兵庫県,1980000000,1980年,人
2316,00700,全域,000,男女総数,083,８２歳,29000,奈良県,1980000000,1980年,人
2965,00700,全域,000,男女総数,083,８２歳,30000,和歌山県,1980000000,1980年,人
1555,00700,全域,000,男女総数,083,８２歳,31000,鳥取県,1980000000,1980年,人
2546,00700,全域,000,男女総数,083,８２歳,32000,島根県,1980000000,1980年,人
5264,00700,全域,000,男女総数,083,８２歳,33000,岡山県,1980000000,1980年,人
6922,00700,全域,000,男女総数,083,８２歳,34000,広島県,1980000000,1980年,人
4171,00700,全域,000,男女総数,083,８２歳,35000,山口県,1980000000,1980年,人
2302,00700,全域,000,男女総数,083,８２歳,36000,徳島県,1980000000,1980年,人
2776,00700,全域,000,男女総数,083,８２歳,37000,香川県,1980000000,1980年,人
4099,00700,全域,000,男女総数,083,８２歳,38000,愛媛県,1980000000,1980年,人
2859,00700,全域,000,男女総数,083,８２歳,39000,高知県,1980000000,1980年,人
9348,00700,全域,000,男女総数,083,８２歳,40000,福岡県,1980000000,1980年,人
2313,00700,全域,000,男女総数,083,８２歳,41000,佐賀県,1980000000,1980年,人
3988,00700,全域,000,男女総数,083,８２歳,42000,長崎県,1980000000,1980年,人
5507,00700,全域,000,男女総数,083,８２歳,43000,熊本県,1980000000,1980年,人
3576,00700,全域,000,男女総数,083,８２歳,44000,大分県,1980000000,1980年,人
3011,00700,全域,000,男女総数,083,８２歳,45000,宮崎県,1980000000,1980年,人
5979,00700,全域,000,男女総数,083,８２歳,46000,鹿児島県,1980000000,1980年,人
2255,00700,全域,000,男女総数,083,８２歳,47000,沖縄県,1980000000,1980年,人
182800,00700,全域,000,男女総数,084,８３歳,00000,全国,1980000000,1980年,人
120308,00700,全域,000,男女総数,084,８３歳,00001,全国市部,1980000000,1980年,人
62492,00700,全域,000,男女総数,084,８３歳,00002,全国郡部,1980000000,1980年,人
7129,00700,全域,000,男女総数,084,８３歳,01000,北海道,1980000000,1980年,人
2105,00700,全域,000,男女総数,084,８３歳,02000,青森県,1980000000,1980年,人
2324,00700,全域,000,男女総数,084,８３歳,03000,岩手県,1980000000,1980年,人
3080,00700,全域,000,男女総数,084,８３歳,04000,宮城県,1980000000,1980年,人
2081,00700,全域,000,男女総数,084,８３歳,05000,秋田県,1980000000,1980年,人
2366,00700,全域,000,男女総数,084,８３歳,06000,山形県,1980000000,1980年,人
3689,00700,全域,000,男女総数,084,８３歳,07000,福島県,1980000000,1980年,人
3921,00700,全域,000,男女総数,084,８３歳,08000,茨城県,1980000000,1980年,人
2728,00700,全域,000,男女総数,084,８３歳,09000,栃木県,1980000000,1980年,人
3017,00700,全域,000,男女総数,084,８３歳,10000,群馬県,1980000000,1980年,人
4971,00700,全域,000,男女総数,084,８３歳,11000,埼玉県,1980000000,1980年,人
5375,00700,全域,000,男女総数,084,８３歳,12000,千葉県,1980000000,1980年,人
14656,00700,全域,000,男女総数,084,８３歳,13000,東京都,1980000000,1980年,人
7063,00700,全域,000,男女総数,084,８３歳,14000,神奈川県,1980000000,1980年,人
4181,00700,全域,000,男女総数,084,８３歳,15000,新潟県,1980000000,1980年,人
1822,00700,全域,000,男女総数,084,８３歳,16000,富山県,1980000000,1980年,人
1825,00700,全域,000,男女総数,084,８３歳,17000,石川県,1980000000,1980年,人
1504,00700,全域,000,男女総数,084,８３歳,18000,福井県,1980000000,1980年,人
1613,00700,全域,000,男女総数,084,８３歳,19000,山梨県,1980000000,1980年,人
4523,00700,全域,000,男女総数,084,８３歳,20000,長野県,1980000000,1980年,人
3025,00700,全域,000,男女総数,084,８３歳,21000,岐阜県,1980000000,1980年,人
5519,00700,全域,000,男女総数,084,８３歳,22000,静岡県,1980000000,1980年,人
6819,00700,全域,000,男女総数,084,８３歳,23000,愛知県,1980000000,1980年,人
3244,00700,全域,000,男女総数,084,８３歳,24000,三重県,1980000000,1980年,人
1792,00700,全域,000,男女総数,084,８３歳,25000,滋賀県,1980000000,1980年,人
4394,00700,全域,000,男女総数,084,８３歳,26000,京都府,1980000000,1980年,人
9112,00700,全域,000,男女総数,084,８３歳,27000,大阪府,1980000000,1980年,人
8105,00700,全域,000,男女総数,084,８３歳,28000,兵庫県,1980000000,1980年,人
1929,00700,全域,000,男女総数,084,８３歳,29000,奈良県,1980000000,1980年,人
2402,00700,全域,000,男女総数,084,８３歳,30000,和歌山県,1980000000,1980年,人
1471,00700,全域,000,男女総数,084,８３歳,31000,鳥取県,1980000000,1980年,人
2230,00700,全域,000,男女総数,084,８３歳,32000,島根県,1980000000,1980年,人
4603,00700,全域,000,男女総数,084,８３歳,33000,岡山県,1980000000,1980年,人
5670,00700,全域,000,男女総数,084,８３歳,34000,広島県,1980000000,1980年,人
3584,00700,全域,000,男女総数,084,８３歳,35000,山口県,1980000000,1980年,人
1802,00700,全域,000,男女総数,084,８３歳,36000,徳島県,1980000000,1980年,人
2241,00700,全域,000,男女総数,084,８３歳,37000,香川県,1980000000,1980年,人
3425,00700,全域,000,男女総数,084,８３歳,38000,愛媛県,1980000000,1980年,人
2538,00700,全域,000,男女総数,084,８３歳,39000,高知県,1980000000,1980年,人
8032,00700,全域,000,男女総数,084,８３歳,40000,福岡県,1980000000,1980年,人
2020,00700,全域,000,男女総数,084,８３歳,41000,佐賀県,1980000000,1980年,人
3198,00700,全域,000,男女総数,084,８３歳,42000,長崎県,1980000000,1980年,人
4385,00700,全域,000,男女総数,084,８３歳,43000,熊本県,1980000000,1980年,人
2772,00700,全域,000,男女総数,084,８３歳,44000,大分県,1980000000,1980年,人
2409,00700,全域,000,男女総数,084,８３歳,45000,宮崎県,1980000000,1980年,人
4214,00700,全域,000,男女総数,084,８３歳,46000,鹿児島県,1980000000,1980年,人
1892,00700,全域,000,男女総数,084,８３歳,47000,沖縄県,1980000000,1980年,人
152660,00700,全域,000,男女総数,085,８４歳,00000,全国,1980000000,1980年,人
99159,00700,全域,000,男女総数,085,８４歳,00001,全国市部,1980000000,1980年,人
53501,00700,全域,000,男女総数,085,８４歳,00002,全国郡部,1980000000,1980年,人
5715,00700,全域,000,男女総数,085,８４歳,01000,北海道,1980000000,1980年,人
1712,00700,全域,000,男女総数,085,８４歳,02000,青森県,1980000000,1980年,人
1956,00700,全域,000,男女総数,085,８４歳,03000,岩手県,1980000000,1980年,人
2378,00700,全域,000,男女総数,085,８４歳,04000,宮城県,1980000000,1980年,人
1772,00700,全域,000,男女総数,085,８４歳,05000,秋田県,1980000000,1980年,人
1795,00700,全域,000,男女総数,085,８４歳,06000,山形県,1980000000,1980年,人
2935,00700,全域,000,男女総数,085,８４歳,07000,福島県,1980000000,1980年,人
3463,00700,全域,000,男女総数,085,８４歳,08000,茨城県,1980000000,1980年,人
2345,00700,全域,000,男女総数,085,８４歳,09000,栃木県,1980000000,1980年,人
2480,00700,全域,000,男女総数,085,８４歳,10000,群馬県,1980000000,1980年,人
4066,00700,全域,000,男女総数,085,８４歳,11000,埼玉県,1980000000,1980年,人
4313,00700,全域,000,男女総数,085,８４歳,12000,千葉県,1980000000,1980年,人
11771,00700,全域,000,男女総数,085,８４歳,13000,東京都,1980000000,1980年,人
5642,00700,全域,000,男女総数,085,８４歳,14000,神奈川県,1980000000,1980年,人
3558,00700,全域,000,男女総数,085,８４歳,15000,新潟県,1980000000,1980年,人
1520,00700,全域,000,男女総数,085,８４歳,16000,富山県,1980000000,1980年,人
1618,00700,全域,000,男女総数,085,８４歳,17000,石川県,1980000000,1980年,人
1325,00700,全域,000,男女総数,085,８４歳,18000,福井県,1980000000,1980年,人
1416,00700,全域,000,男女総数,085,８４歳,19000,山梨県,1980000000,1980年,人
3770,00700,全域,000,男女総数,085,８４歳,20000,長野県,1980000000,1980年,人
2780,00700,全域,000,男女総数,085,８４歳,21000,岐阜県,1980000000,1980年,人
4818,00700,全域,000,男女総数,085,８４歳,22000,静岡県,1980000000,1980年,人
6080,00700,全域,000,男女総数,085,８４歳,23000,愛知県,1980000000,1980年,人
2790,00700,全域,000,男女総数,085,８４歳,24000,三重県,1980000000,1980年,人
1530,00700,全域,000,男女総数,085,８４歳,25000,滋賀県,1980000000,1980年,人
3604,00700,全域,000,男女総数,085,８４歳,26000,京都府,1980000000,1980年,人
7326,00700,全域,000,男女総数,085,８４歳,27000,大阪府,1980000000,1980年,人
6829,00700,全域,000,男女総数,085,８４歳,28000,兵庫県,1980000000,1980年,人
1651,00700,全域,000,男女総数,085,８４歳,29000,奈良県,1980000000,1980年,人
2019,00700,全域,000,男女総数,085,８４歳,30000,和歌山県,1980000000,1980年,人
1313,00700,全域,000,男女総数,085,８４歳,31000,鳥取県,1980000000,1980年,人
1991,00700,全域,000,男女総数,085,８４歳,32000,島根県,1980000000,1980年,人
3837,00700,全域,000,男女総数,085,８４歳,33000,岡山県,1980000000,1980年,人
4689,00700,全域,000,男女総数,085,８４歳,34000,広島県,1980000000,1980年,人
3022,00700,全域,000,男女総数,085,８４歳,35000,山口県,1980000000,1980年,人
1579,00700,全域,000,男女総数,085,８４歳,36000,徳島県,1980000000,1980年,人
2018,00700,全域,000,男女総数,085,８４歳,37000,香川県,1980000000,1980年,人
3037,00700,全域,000,男女総数,085,８４歳,38000,愛媛県,1980000000,1980年,人
1977,00700,全域,000,男女総数,085,８４歳,39000,高知県,1980000000,1980年,人
6358,00700,全域,000,男女総数,085,８４歳,40000,福岡県,1980000000,1980年,人
1762,00700,全域,000,男女総数,085,８４歳,41000,佐賀県,1980000000,1980年,人
2825,00700,全域,000,男女総数,085,８４歳,42000,長崎県,1980000000,1980年,人
3491,00700,全域,000,男女総数,085,８４歳,43000,熊本県,1980000000,1980年,人
2482,00700,全域,000,男女総数,085,８４歳,44000,大分県,1980000000,1980年,人
1936,00700,全域,000,男女総数,085,８４歳,45000,宮崎県,1980000000,1980年,人
3791,00700,全域,000,男女総数,085,８４歳,46000,鹿児島県,1980000000,1980年,人
1575,00700,全域,000,男女総数,085,８４歳,47000,沖縄県,1980000000,1980年,人
126171,00700,全域,000,男女総数,086,８５歳,00000,全国,1980000000,1980年,人
81880,00700,全域,000,男女総数,086,８５歳,00001,全国市部,1980000000,1980年,人
44291,00700,全域,000,男女総数,086,８５歳,00002,全国郡部,1980000000,1980年,人
4816,00700,全域,000,男女総数,086,８５歳,01000,北海道,1980000000,1980年,人
1433,00700,全域,000,男女総数,086,８５歳,02000,青森県,1980000000,1980年,人
1656,00700,全域,000,男女総数,086,８５歳,03000,岩手県,1980000000,1980年,人
2156,00700,全域,000,男女総数,086,８５歳,04000,宮城県,1980000000,1980年,人
1379,00700,全域,000,男女総数,086,８５歳,05000,秋田県,1980000000,1980年,人
1640,00700,全域,000,男女総数,086,８５歳,06000,山形県,1980000000,1980年,人
2611,00700,全域,000,男女総数,086,８５歳,07000,福島県,1980000000,1980年,人
2802,00700,全域,000,男女総数,086,８５歳,08000,茨城県,1980000000,1980年,人
1925,00700,全域,000,男女総数,086,８５歳,09000,栃木県,1980000000,1980年,人
2079,00700,全域,000,男女総数,086,８５歳,10000,群馬県,1980000000,1980年,人
3250,00700,全域,000,男女総数,086,８５歳,11000,埼玉県,1980000000,1980年,人
3501,00700,全域,000,男女総数,086,８５歳,12000,千葉県,1980000000,1980年,人
9740,00700,全域,000,男女総数,086,８５歳,13000,東京都,1980000000,1980年,人
4564,00700,全域,000,男女総数,086,８５歳,14000,神奈川県,1980000000,1980年,人
3054,00700,全域,000,男女総数,086,８５歳,15000,新潟県,1980000000,1980年,人
1229,00700,全域,000,男女総数,086,８５歳,16000,富山県,1980000000,1980年,人
1321,00700,全域,000,男女総数,086,８５歳,17000,石川県,1980000000,1980年,人
1084,00700,全域,000,男女総数,086,８５歳,18000,福井県,1980000000,1980年,人
1148,00700,全域,000,男女総数,086,８５歳,19000,山梨県,1980000000,1980年,人
2995,00700,全域,000,男女総数,086,８５歳,20000,長野県,1980000000,1980年,人
2237,00700,全域,000,男女総数,086,８５歳,21000,岐阜県,1980000000,1980年,人
4052,00700,全域,000,男女総数,086,８５歳,22000,静岡県,1980000000,1980年,人
5095,00700,全域,000,男女総数,086,８５歳,23000,愛知県,1980000000,1980年,人
2380,00700,全域,000,男女総数,086,８５歳,24000,三重県,1980000000,1980年,人
1313,00700,全域,000,男女総数,086,８５歳,25000,滋賀県,1980000000,1980年,人
2999,00700,全域,000,男女総数,086,８５歳,26000,京都府,1980000000,1980年,人
6148,00700,全域,000,男女総数,086,８５歳,27000,大阪府,1980000000,1980年,人
5514,00700,全域,000,男女総数,086,８５歳,28000,兵庫県,1980000000,1980年,人
1390,00700,全域,000,男女総数,086,８５歳,29000,奈良県,1980000000,1980年,人
1584,00700,全域,000,男女総数,086,８５歳,30000,和歌山県,1980000000,1980年,人
1040,00700,全域,000,男女総数,086,８５歳,31000,鳥取県,1980000000,1980年,人
1646,00700,全域,000,男女総数,086,８５歳,32000,島根県,1980000000,1980年,人
3015,00700,全域,000,男女総数,086,８５歳,33000,岡山県,1980000000,1980年,人
3495,00700,全域,000,男女総数,086,８５歳,34000,広島県,1980000000,1980年,人
2447,00700,全域,000,男女総数,086,８５歳,35000,山口県,1980000000,1980年,人
1268,00700,全域,000,男女総数,086,８５歳,36000,徳島県,1980000000,1980年,人
1564,00700,全域,000,男女総数,086,８５歳,37000,香川県,1980000000,1980年,人
2475,00700,全域,000,男女総数,086,８５歳,38000,愛媛県,1980000000,1980年,人
1679,00700,全域,000,男女総数,086,８５歳,39000,高知県,1980000000,1980年,人
5377,00700,全域,000,男女総数,086,８５歳,40000,福岡県,1980000000,1980年,人
1411,00700,全域,000,男女総数,086,８５歳,41000,佐賀県,1980000000,1980年,人
2126,00700,全域,000,男女総数,086,８５歳,42000,長崎県,1980000000,1980年,人
2992,00700,全域,000,男女総数,086,８５歳,43000,熊本県,1980000000,1980年,人
2002,00700,全域,000,男女総数,086,８５歳,44000,大分県,1980000000,1980年,人
1637,00700,全域,000,男女総数,086,８５歳,45000,宮崎県,1980000000,1980年,人
3218,00700,全域,000,男女総数,086,８５歳,46000,鹿児島県,1980000000,1980年,人
1684,00700,全域,000,男女総数,086,８５歳,47000,沖縄県,1980000000,1980年,人
99472,00700,全域,000,男女総数,087,８６歳,00000,全国,1980000000,1980年,人
64057,00700,全域,000,男女総数,087,８６歳,00001,全国市部,1980000000,1980年,人
35415,00700,全域,000,男女総数,087,８６歳,00002,全国郡部,1980000000,1980年,人
3856,00700,全域,000,男女総数,087,８６歳,01000,北海道,1980000000,1980年,人
1119,00700,全域,000,男女総数,087,８６歳,02000,青森県,1980000000,1980年,人
1336,00700,全域,000,男女総数,087,８６歳,03000,岩手県,1980000000,1980年,人
1678,00700,全域,000,男女総数,087,８６歳,04000,宮城県,1980000000,1980年,人
994,00700,全域,000,男女総数,087,８６歳,05000,秋田県,1980000000,1980年,人
1169,00700,全域,000,男女総数,087,８６歳,06000,山形県,1980000000,1980年,人
1958,00700,全域,000,男女総数,087,８６歳,07000,福島県,1980000000,1980年,人
2215,00700,全域,000,男女総数,087,８６歳,08000,茨城県,1980000000,1980年,人
1554,00700,全域,000,男女総数,087,８６歳,09000,栃木県,1980000000,1980年,人
1698,00700,全域,000,男女総数,087,８６歳,10000,群馬県,1980000000,1980年,人
2594,00700,全域,000,男女総数,087,８６歳,11000,埼玉県,1980000000,1980年,人
2914,00700,全域,000,男女総数,087,８６歳,12000,千葉県,1980000000,1980年,人
7714,00700,全域,000,男女総数,087,８６歳,13000,東京都,1980000000,1980年,人
3663,00700,全域,000,男女総数,087,８６歳,14000,神奈川県,1980000000,1980年,人
2302,00700,全域,000,男女総数,087,８６歳,15000,新潟県,1980000000,1980年,人
1041,00700,全域,000,男女総数,087,８６歳,16000,富山県,1980000000,1980年,人
1063,00700,全域,000,男女総数,087,８６歳,17000,石川県,1980000000,1980年,人
946,00700,全域,000,男女総数,087,８６歳,18000,福井県,1980000000,1980年,人
953,00700,全域,000,男女総数,087,８６歳,19000,山梨県,1980000000,1980年,人
2356,00700,全域,000,男女総数,087,８６歳,20000,長野県,1980000000,1980年,人
1879,00700,全域,000,男女総数,087,８６歳,21000,岐阜県,1980000000,1980年,人
3226,00700,全域,000,男女総数,087,８６歳,22000,静岡県,1980000000,1980年,人
4017,00700,全域,000,男女総数,087,８６歳,23000,愛知県,1980000000,1980年,人
1857,00700,全域,000,男女総数,087,８６歳,24000,三重県,1980000000,1980年,人
959,00700,全域,000,男女総数,087,８６歳,25000,滋賀県,1980000000,1980年,人
2259,00700,全域,000,男女総数,087,８６歳,26000,京都府,1980000000,1980年,人
4499,00700,全域,000,男女総数,087,８６歳,27000,大阪府,1980000000,1980年,人
4321,00700,全域,000,男女総数,087,８６歳,28000,兵庫県,1980000000,1980年,人
1027,00700,全域,000,男女総数,087,８６歳,29000,奈良県,1980000000,1980年,人
1188,00700,全域,000,男女総数,087,８６歳,30000,和歌山県,1980000000,1980年,人
814,00700,全域,000,男女総数,087,８６歳,31000,鳥取県,1980000000,1980年,人
1195,00700,全域,000,男女総数,087,８６歳,32000,島根県,1980000000,1980年,人
2342,00700,全域,000,男女総数,087,８６歳,33000,岡山県,1980000000,1980年,人
2978,00700,全域,000,男女総数,087,８６歳,34000,広島県,1980000000,1980年,人
1976,00700,全域,000,男女総数,087,８６歳,35000,山口県,1980000000,1980年,人
954,00700,全域,000,男女総数,087,８６歳,36000,徳島県,1980000000,1980年,人
1183,00700,全域,000,男女総数,087,８６歳,37000,香川県,1980000000,1980年,人
1908,00700,全域,000,男女総数,087,８６歳,38000,愛媛県,1980000000,1980年,人
1288,00700,全域,000,男女総数,087,８６歳,39000,高知県,1980000000,1980年,人
4301,00700,全域,000,男女総数,087,８６歳,40000,福岡県,1980000000,1980年,人
1098,00700,全域,000,男女総数,087,８６歳,41000,佐賀県,1980000000,1980年,人
1777,00700,全域,000,男女総数,087,８６歳,42000,長崎県,1980000000,1980年,人
2496,00700,全域,000,男女総数,087,８６歳,43000,熊本県,1980000000,1980年,人
1563,00700,全域,000,男女総数,087,８６歳,44000,大分県,1980000000,1980年,人
1291,00700,全域,000,男女総数,087,８６歳,45000,宮崎県,1980000000,1980年,人
2696,00700,全域,000,男女総数,087,８６歳,46000,鹿児島県,1980000000,1980年,人
1257,00700,全域,000,男女総数,087,８６歳,47000,沖縄県,1980000000,1980年,人
77901,00700,全域,000,男女総数,088,８７歳,00000,全国,1980000000,1980年,人
50359,00700,全域,000,男女総数,088,８７歳,00001,全国市部,1980000000,1980年,人
27542,00700,全域,000,男女総数,088,８７歳,00002,全国郡部,1980000000,1980年,人
2926,00700,全域,000,男女総数,088,８７歳,01000,北海道,1980000000,1980年,人
924,00700,全域,000,男女総数,088,８７歳,02000,青森県,1980000000,1980年,人
1032,00700,全域,000,男女総数,088,８７歳,03000,岩手県,1980000000,1980年,人
1345,00700,全域,000,男女総数,088,８７歳,04000,宮城県,1980000000,1980年,人
802,00700,全域,000,男女総数,088,８７歳,05000,秋田県,1980000000,1980年,人
919,00700,全域,000,男女総数,088,８７歳,06000,山形県,1980000000,1980年,人
1685,00700,全域,000,男女総数,088,８７歳,07000,福島県,1980000000,1980年,人
1728,00700,全域,000,男女総数,088,８７歳,08000,茨城県,1980000000,1980年,人
1128,00700,全域,000,男女総数,088,８７歳,09000,栃木県,1980000000,1980年,人
1186,00700,全域,000,男女総数,088,８７歳,10000,群馬県,1980000000,1980年,人
2034,00700,全域,000,男女総数,088,８７歳,11000,埼玉県,1980000000,1980年,人
2166,00700,全域,000,男女総数,088,８７歳,12000,千葉県,1980000000,1980年,人
5928,00700,全域,000,男女総数,088,８７歳,13000,東京都,1980000000,1980年,人
2813,00700,全域,000,男女総数,088,８７歳,14000,神奈川県,1980000000,1980年,人
1816,00700,全域,000,男女総数,088,８７歳,15000,新潟県,1980000000,1980年,人
766,00700,全域,000,男女総数,088,８７歳,16000,富山県,1980000000,1980年,人
791,00700,全域,000,男女総数,088,８７歳,17000,石川県,1980000000,1980年,人
738,00700,全域,000,男女総数,088,８７歳,18000,福井県,1980000000,1980年,人
772,00700,全域,000,男女総数,088,８７歳,19000,山梨県,1980000000,1980年,人
1824,00700,全域,000,男女総数,088,８７歳,20000,長野県,1980000000,1980年,人
1340,00700,全域,000,男女総数,088,８７歳,21000,岐阜県,1980000000,1980年,人
2430,00700,全域,000,男女総数,088,８７歳,22000,静岡県,1980000000,1980年,人
2938,00700,全域,000,男女総数,088,８７歳,23000,愛知県,1980000000,1980年,人
1437,00700,全域,000,男女総数,088,８７歳,24000,三重県,1980000000,1980年,人
794,00700,全域,000,男女総数,088,８７歳,25000,滋賀県,1980000000,1980年,人
1833,00700,全域,000,男女総数,088,８７歳,26000,京都府,1980000000,1980年,人
3647,00700,全域,000,男女総数,088,８７歳,27000,大阪府,1980000000,1980年,人
3313,00700,全域,000,男女総数,088,８７歳,28000,兵庫県,1980000000,1980年,人
782,00700,全域,000,男女総数,088,８７歳,29000,奈良県,1980000000,1980年,人
1012,00700,全域,000,男女総数,088,８７歳,30000,和歌山県,1980000000,1980年,人
613,00700,全域,000,男女総数,088,８７歳,31000,鳥取県,1980000000,1980年,人
992,00700,全域,000,男女総数,088,８７歳,32000,島根県,1980000000,1980年,人
1808,00700,全域,000,男女総数,088,８７歳,33000,岡山県,1980000000,1980年,人
2505,00700,全域,000,男女総数,088,８７歳,34000,広島県,1980000000,1980年,人
1561,00700,全域,000,男女総数,088,８７歳,35000,山口県,1980000000,1980年,人
713,00700,全域,000,男女総数,088,８７歳,36000,徳島県,1980000000,1980年,人
1005,00700,全域,000,男女総数,088,８７歳,37000,香川県,1980000000,1980年,人
1586,00700,全域,000,男女総数,088,８７歳,38000,愛媛県,1980000000,1980年,人
1099,00700,全域,000,男女総数,088,８７歳,39000,高知県,1980000000,1980年,人
3443,00700,全域,000,男女総数,088,８７歳,40000,福岡県,1980000000,1980年,人
886,00700,全域,000,男女総数,088,８７歳,41000,佐賀県,1980000000,1980年,人
1432,00700,全域,000,男女総数,088,８７歳,42000,長崎県,1980000000,1980年,人
2028,00700,全域,000,男女総数,088,８７歳,43000,熊本県,1980000000,1980年,人
1231,00700,全域,000,男女総数,088,８７歳,44000,大分県,1980000000,1980年,人
1056,00700,全域,000,男女総数,088,８７歳,45000,宮崎県,1980000000,1980年,人
2074,00700,全域,000,男女総数,088,８７歳,46000,鹿児島県,1980000000,1980年,人
1020,00700,全域,000,男女総数,088,８７歳,47000,沖縄県,1980000000,1980年,人
62088,00700,全域,000,男女総数,089,８８歳,00000,全国,1980000000,1980年,人
39786,00700,全域,000,男女総数,089,８８歳,00001,全国市部,1980000000,1980年,人
22302,00700,全域,000,男女総数,089,８８歳,00002,全国郡部,1980000000,1980年,人
2301,00700,全域,000,男女総数,089,８８歳,01000,北海道,1980000000,1980年,人
664,00700,全域,000,男女総数,089,８８歳,02000,青森県,1980000000,1980年,人
740,00700,全域,000,男女総数,089,８８歳,03000,岩手県,1980000000,1980年,人
1102,00700,全域,000,男女総数,089,８８歳,04000,宮城県,1980000000,1980年,人
627,00700,全域,000,男女総数,089,８８歳,05000,秋田県,1980000000,1980年,人
738,00700,全域,000,男女総数,089,８８歳,06000,山形県,1980000000,1980年,人
1235,00700,全域,000,男女総数,089,８８歳,07000,福島県,1980000000,1980年,人
1397,00700,全域,000,男女総数,089,８８歳,08000,茨城県,1980000000,1980年,人
914,00700,全域,000,男女総数,089,８８歳,09000,栃木県,1980000000,1980年,人
991,00700,全域,000,男女総数,089,８８歳,10000,群馬県,1980000000,1980年,人
1594,00700,全域,000,男女総数,089,８８歳,11000,埼玉県,1980000000,1980年,人
1860,00700,全域,000,男女総数,089,８８歳,12000,千葉県,1980000000,1980年,人
4777,00700,全域,000,男女総数,089,８８歳,13000,東京都,1980000000,1980年,人
2256,00700,全域,000,男女総数,089,８８歳,14000,神奈川県,1980000000,1980年,人
1389,00700,全域,000,男女総数,089,８８歳,15000,新潟県,1980000000,1980年,人
563,00700,全域,000,男女総数,089,８８歳,16000,富山県,1980000000,1980年,人
603,00700,全域,000,男女総数,089,８８歳,17000,石川県,1980000000,1980年,人
625,00700,全域,000,男女総数,089,８８歳,18000,福井県,1980000000,1980年,人
608,00700,全域,000,男女総数,089,８８歳,19000,山梨県,1980000000,1980年,人
1439,00700,全域,000,男女総数,089,８８歳,20000,長野県,1980000000,1980年,人
1107,00700,全域,000,男女総数,089,８８歳,21000,岐阜県,1980000000,1980年,人
1966,00700,全域,000,男女総数,089,８８歳,22000,静岡県,1980000000,1980年,人
2345,00700,全域,000,男女総数,089,８８歳,23000,愛知県,1980000000,1980年,人
1142,00700,全域,000,男女総数,089,８８歳,24000,三重県,1980000000,1980年,人
630,00700,全域,000,男女総数,089,８８歳,25000,滋賀県,1980000000,1980年,人
1473,00700,全域,000,男女総数,089,８８歳,26000,京都府,1980000000,1980年,人
2756,00700,全域,000,男女総数,089,８８歳,27000,大阪府,1980000000,1980年,人
2688,00700,全域,000,男女総数,089,８８歳,28000,兵庫県,1980000000,1980年,人
654,00700,全域,000,男女総数,089,８８歳,29000,奈良県,1980000000,1980年,人
830,00700,全域,000,男女総数,089,８８歳,30000,和歌山県,1980000000,1980年,人
486,00700,全域,000,男女総数,089,８８歳,31000,鳥取県,1980000000,1980年,人
931,00700,全域,000,男女総数,089,８８歳,32000,島根県,1980000000,1980年,人
1523,00700,全域,000,男女総数,089,８８歳,33000,岡山県,1980000000,1980年,人
1976,00700,全域,000,男女総数,089,８８歳,34000,広島県,1980000000,1980年,人
1298,00700,全域,000,男女総数,089,８８歳,35000,山口県,1980000000,1980年,人
605,00700,全域,000,男女総数,089,８８歳,36000,徳島県,1980000000,1980年,人
812,00700,全域,000,男女総数,089,８８歳,37000,香川県,1980000000,1980年,人
1209,00700,全域,000,男女総数,089,８８歳,38000,愛媛県,1980000000,1980年,人
859,00700,全域,000,男女総数,089,８８歳,39000,高知県,1980000000,1980年,人
2642,00700,全域,000,男女総数,089,８８歳,40000,福岡県,1980000000,1980年,人
670,00700,全域,000,男女総数,089,８８歳,41000,佐賀県,1980000000,1980年,人
1164,00700,全域,000,男女総数,089,８８歳,42000,長崎県,1980000000,1980年,人
1556,00700,全域,000,男女総数,089,８８歳,43000,熊本県,1980000000,1980年,人
943,00700,全域,000,男女総数,089,８８歳,44000,大分県,1980000000,1980年,人
841,00700,全域,000,男女総数,089,８８歳,45000,宮崎県,1980000000,1980年,人
1600,00700,全域,000,男女総数,089,８８歳,46000,鹿児島県,1980000000,1980年,人
959,00700,全域,000,男女総数,089,８８歳,47000,沖縄県,1980000000,1980年,人
44358,00700,全域,000,男女総数,090,８９歳,00000,全国,1980000000,1980年,人
28505,00700,全域,000,男女総数,090,８９歳,00001,全国市部,1980000000,1980年,人
15853,00700,全域,000,男女総数,090,８９歳,00002,全国郡部,1980000000,1980年,人
1560,00700,全域,000,男女総数,090,８９歳,01000,北海道,1980000000,1980年,人
474,00700,全域,000,男女総数,090,８９歳,02000,青森県,1980000000,1980年,人
532,00700,全域,000,男女総数,090,８９歳,03000,岩手県,1980000000,1980年,人
765,00700,全域,000,男女総数,090,８９歳,04000,宮城県,1980000000,1980年,人
411,00700,全域,000,男女総数,090,８９歳,05000,秋田県,1980000000,1980年,人
530,00700,全域,000,男女総数,090,８９歳,06000,山形県,1980000000,1980年,人
892,00700,全域,000,男女総数,090,８９歳,07000,福島県,1980000000,1980年,人
978,00700,全域,000,男女総数,090,８９歳,08000,茨城県,1980000000,1980年,人
677,00700,全域,000,男女総数,090,８９歳,09000,栃木県,1980000000,1980年,人
713,00700,全域,000,男女総数,090,８９歳,10000,群馬県,1980000000,1980年,人
1152,00700,全域,000,男女総数,090,８９歳,11000,埼玉県,1980000000,1980年,人
1253,00700,全域,000,男女総数,090,８９歳,12000,千葉県,1980000000,1980年,人
3442,00700,全域,000,男女総数,090,８９歳,13000,東京都,1980000000,1980年,人
1645,00700,全域,000,男女総数,090,８９歳,14000,神奈川県,1980000000,1980年,人
1093,00700,全域,000,男女総数,090,８９歳,15000,新潟県,1980000000,1980年,人
484,00700,全域,000,男女総数,090,８９歳,16000,富山県,1980000000,1980年,人
419,00700,全域,000,男女総数,090,８９歳,17000,石川県,1980000000,1980年,人
412,00700,全域,000,男女総数,090,８９歳,18000,福井県,1980000000,1980年,人
438,00700,全域,000,男女総数,090,８９歳,19000,山梨県,1980000000,1980年,人
1068,00700,全域,000,男女総数,090,８９歳,20000,長野県,1980000000,1980年,人
845,00700,全域,000,男女総数,090,８９歳,21000,岐阜県,1980000000,1980年,人
1451,00700,全域,000,男女総数,090,８９歳,22000,静岡県,1980000000,1980年,人
1782,00700,全域,000,男女総数,090,８９歳,23000,愛知県,1980000000,1980年,人
783,00700,全域,000,男女総数,090,８９歳,24000,三重県,1980000000,1980年,人
436,00700,全域,000,男女総数,090,８９歳,25000,滋賀県,1980000000,1980年,人
1031,00700,全域,000,男女総数,090,８９歳,26000,京都府,1980000000,1980年,人
1930,00700,全域,000,男女総数,090,８９歳,27000,大阪府,1980000000,1980年,人
1872,00700,全域,000,男女総数,090,８９歳,28000,兵庫県,1980000000,1980年,人
439,00700,全域,000,男女総数,090,８９歳,29000,奈良県,1980000000,1980年,人
518,00700,全域,000,男女総数,090,８９歳,30000,和歌山県,1980000000,1980年,人
344,00700,全域,000,男女総数,090,８９歳,31000,鳥取県,1980000000,1980年,人
575,00700,全域,000,男女総数,090,８９歳,32000,島根県,1980000000,1980年,人
1040,00700,全域,000,男女総数,090,８９歳,33000,岡山県,1980000000,1980年,人
1411,00700,全域,000,男女総数,090,８９歳,34000,広島県,1980000000,1980年,人
866,00700,全域,000,男女総数,090,８９歳,35000,山口県,1980000000,1980年,人
398,00700,全域,000,男女総数,090,８９歳,36000,徳島県,1980000000,1980年,人
589,00700,全域,000,男女総数,090,８９歳,37000,香川県,1980000000,1980年,人
896,00700,全域,000,男女総数,090,８９歳,38000,愛媛県,1980000000,1980年,人
585,00700,全域,000,男女総数,090,８９歳,39000,高知県,1980000000,1980年,人
1949,00700,全域,000,男女総数,090,８９歳,40000,福岡県,1980000000,1980年,人
551,00700,全域,000,男女総数,090,８９歳,41000,佐賀県,1980000000,1980年,人
740,00700,全域,000,男女総数,090,８９歳,42000,長崎県,1980000000,1980年,人
1136,00700,全域,000,男女総数,090,８９歳,43000,熊本県,1980000000,1980年,人
706,00700,全域,000,男女総数,090,８９歳,44000,大分県,1980000000,1980年,人
588,00700,全域,000,男女総数,090,８９歳,45000,宮崎県,1980000000,1980年,人
1194,00700,全域,000,男女総数,090,８９歳,46000,鹿児島県,1980000000,1980年,人
765,00700,全域,000,男女総数,090,８９歳,47000,沖縄県,1980000000,1980年,人
36817,00700,全域,000,男女総数,091,９０歳,00000,全国,1980000000,1980年,人
23417,00700,全域,000,男女総数,091,９０歳,00001,全国市部,1980000000,1980年,人
13400,00700,全域,000,男女総数,091,９０歳,00002,全国郡部,1980000000,1980年,人
1432,00700,全域,000,男女総数,091,９０歳,01000,北海道,1980000000,1980年,人
381,00700,全域,000,男女総数,091,９０歳,02000,青森県,1980000000,1980年,人
451,00700,全域,000,男女総数,091,９０歳,03000,岩手県,1980000000,1980年,人
662,00700,全域,000,男女総数,091,９０歳,04000,宮城県,1980000000,1980年,人
287,00700,全域,000,男女総数,091,９０歳,05000,秋田県,1980000000,1980年,人
423,00700,全域,000,男女総数,091,９０歳,06000,山形県,1980000000,1980年,人
790,00700,全域,000,男女総数,091,９０歳,07000,福島県,1980000000,1980年,人
835,00700,全域,000,男女総数,091,９０歳,08000,茨城県,1980000000,1980年,人
537,00700,全域,000,男女総数,091,９０歳,09000,栃木県,1980000000,1980年,人
561,00700,全域,000,男女総数,091,９０歳,10000,群馬県,1980000000,1980年,人
914,00700,全域,000,男女総数,091,９０歳,11000,埼玉県,1980000000,1980年,人
1083,00700,全域,000,男女総数,091,９０歳,12000,千葉県,1980000000,1980年,人
2775,00700,全域,000,男女総数,091,９０歳,13000,東京都,1980000000,1980年,人
1375,00700,全域,000,男女総数,091,９０歳,14000,神奈川県,1980000000,1980年,人
850,00700,全域,000,男女総数,091,９０歳,15000,新潟県,1980000000,1980年,人
403,00700,全域,000,男女総数,091,９０歳,16000,富山県,1980000000,1980年,人
406,00700,全域,000,男女総数,091,９０歳,17000,石川県,1980000000,1980年,人
305,00700,全域,000,男女総数,091,９０歳,18000,福井県,1980000000,1980年,人
422,00700,全域,000,男女総数,091,９０歳,19000,山梨県,1980000000,1980年,人
873,00700,全域,000,男女総数,091,９０歳,20000,長野県,1980000000,1980年,人
643,00700,全域,000,男女総数,091,９０歳,21000,岐阜県,1980000000,1980年,人
1198,00700,全域,000,男女総数,091,９０歳,22000,静岡県,1980000000,1980年,人
1340,00700,全域,000,男女総数,091,９０歳,23000,愛知県,1980000000,1980年,人
705,00700,全域,000,男女総数,091,９０歳,24000,三重県,1980000000,1980年,人
395,00700,全域,000,男女総数,091,９０歳,25000,滋賀県,1980000000,1980年,人
845,00700,全域,000,男女総数,091,９０歳,26000,京都府,1980000000,1980年,人
1576,00700,全域,000,男女総数,091,９０歳,27000,大阪府,1980000000,1980年,人
1591,00700,全域,000,男女総数,091,９０歳,28000,兵庫県,1980000000,1980年,人
362,00700,全域,000,男女総数,091,９０歳,29000,奈良県,1980000000,1980年,人
453,00700,全域,000,男女総数,091,９０歳,30000,和歌山県,1980000000,1980年,人
305,00700,全域,000,男女総数,091,９０歳,31000,鳥取県,1980000000,1980年,人
503,00700,全域,000,男女総数,091,９０歳,32000,島根県,1980000000,1980年,人
841,00700,全域,000,男女総数,091,９０歳,33000,岡山県,1980000000,1980年,人
1175,00700,全域,000,男女総数,091,９０歳,34000,広島県,1980000000,1980年,人
721,00700,全域,000,男女総数,091,９０歳,35000,山口県,1980000000,1980年,人
426,00700,全域,000,男女総数,091,９０歳,36000,徳島県,1980000000,1980年,人
498,00700,全域,000,男女総数,091,９０歳,37000,香川県,1980000000,1980年,人
789,00700,全域,000,男女総数,091,９０歳,38000,愛媛県,1980000000,1980年,人
558,00700,全域,000,男女総数,091,９０歳,39000,高知県,1980000000,1980年,人
1487,00700,全域,000,男女総数,091,９０歳,40000,福岡県,1980000000,1980年,人
423,00700,全域,000,男女総数,091,９０歳,41000,佐賀県,1980000000,1980年,人
651,00700,全域,000,男女総数,091,９０歳,42000,長崎県,1980000000,1980年,人
889,00700,全域,000,男女総数,091,９０歳,43000,熊本県,1980000000,1980年,人
540,00700,全域,000,男女総数,091,９０歳,44000,大分県,1980000000,1980年,人
453,00700,全域,000,男女総数,091,９０歳,45000,宮崎県,1980000000,1980年,人
1024,00700,全域,000,男女総数,091,９０歳,46000,鹿児島県,1980000000,1980年,人
661,00700,全域,000,男女総数,091,９０歳,47000,沖縄県,1980000000,1980年,人
28207,00700,全域,000,男女総数,092,９１歳,00000,全国,1980000000,1980年,人
17880,00700,全域,000,男女総数,092,９１歳,00001,全国市部,1980000000,1980年,人
10327,00700,全域,000,男女総数,092,９１歳,00002,全国郡部,1980000000,1980年,人
995,00700,全域,000,男女総数,092,９１歳,01000,北海道,1980000000,1980年,人
274,00700,全域,000,男女総数,092,９１歳,02000,青森県,1980000000,1980年,人
366,00700,全域,000,男女総数,092,９１歳,03000,岩手県,1980000000,1980年,人
478,00700,全域,000,男女総数,092,９１歳,04000,宮城県,1980000000,1980年,人
217,00700,全域,000,男女総数,092,９１歳,05000,秋田県,1980000000,1980年,人
299,00700,全域,000,男女総数,092,９１歳,06000,山形県,1980000000,1980年,人
538,00700,全域,000,男女総数,092,９１歳,07000,福島県,1980000000,1980年,人
686,00700,全域,000,男女総数,092,９１歳,08000,茨城県,1980000000,1980年,人
413,00700,全域,000,男女総数,092,９１歳,09000,栃木県,1980000000,1980年,人
448,00700,全域,000,男女総数,092,９１歳,10000,群馬県,1980000000,1980年,人
685,00700,全域,000,男女総数,092,９１歳,11000,埼玉県,1980000000,1980年,人
849,00700,全域,000,男女総数,092,９１歳,12000,千葉県,1980000000,1980年,人
2048,00700,全域,000,男女総数,092,９１歳,13000,東京都,1980000000,1980年,人
1024,00700,全域,000,男女総数,092,９１歳,14000,神奈川県,1980000000,1980年,人
613,00700,全域,000,男女総数,092,９１歳,15000,新潟県,1980000000,1980年,人
261,00700,全域,000,男女総数,092,９１歳,16000,富山県,1980000000,1980年,人
282,00700,全域,000,男女総数,092,９１歳,17000,石川県,1980000000,1980年,人
251,00700,全域,000,男女総数,092,９１歳,18000,福井県,1980000000,1980年,人
309,00700,全域,000,男女総数,092,９１歳,19000,山梨県,1980000000,1980年,人
670,00700,全域,000,男女総数,092,９１歳,20000,長野県,1980000000,1980年,人
475,00700,全域,000,男女総数,092,９１歳,21000,岐阜県,1980000000,1980年,人
880,00700,全域,000,男女総数,092,９１歳,22000,静岡県,1980000000,1980年,人
1055,00700,全域,000,男女総数,092,９１歳,23000,愛知県,1980000000,1980年,人
512,00700,全域,000,男女総数,092,９１歳,24000,三重県,1980000000,1980年,人
287,00700,全域,000,男女総数,092,９１歳,25000,滋賀県,1980000000,1980年,人
669,00700,全域,000,男女総数,092,９１歳,26000,京都府,1980000000,1980年,人
1177,00700,全域,000,男女総数,092,９１歳,27000,大阪府,1980000000,1980年,人
1185,00700,全域,000,男女総数,092,９１歳,28000,兵庫県,1980000000,1980年,人
326,00700,全域,000,男女総数,092,９１歳,29000,奈良県,1980000000,1980年,人
366,00700,全域,000,男女総数,092,９１歳,30000,和歌山県,1980000000,1980年,人
304,00700,全域,000,男女総数,092,９１歳,31000,鳥取県,1980000000,1980年,人
400,00700,全域,000,男女総数,092,９１歳,32000,島根県,1980000000,1980年,人
749,00700,全域,000,男女総数,092,９１歳,33000,岡山県,1980000000,1980年,人
967,00700,全域,000,男女総数,092,９１歳,34000,広島県,1980000000,1980年,人
602,00700,全域,000,男女総数,092,９１歳,35000,山口県,1980000000,1980年,人
328,00700,全域,000,男女総数,092,９１歳,36000,徳島県,1980000000,1980年,人
422,00700,全域,000,男女総数,092,９１歳,37000,香川県,1980000000,1980年,人
633,00700,全域,000,男女総数,092,９１歳,38000,愛媛県,1980000000,1980年,人
452,00700,全域,000,男女総数,092,９１歳,39000,高知県,1980000000,1980年,人
1202,00700,全域,000,男女総数,092,９１歳,40000,福岡県,1980000000,1980年,人
277,00700,全域,000,男女総数,092,９１歳,41000,佐賀県,1980000000,1980年,人
474,00700,全域,000,男女総数,092,９１歳,42000,長崎県,1980000000,1980年,人
651,00700,全域,000,男女総数,092,９１歳,43000,熊本県,1980000000,1980年,人
435,00700,全域,000,男女総数,092,９１歳,44000,大分県,1980000000,1980年,人
336,00700,全域,000,男女総数,092,９１歳,45000,宮崎県,1980000000,1980年,人
797,00700,全域,000,男女総数,092,９１歳,46000,鹿児島県,1980000000,1980年,人
540,00700,全域,000,男女総数,092,９１歳,47000,沖縄県,1980000000,1980年,人
19109,00700,全域,000,男女総数,093,９２歳,00000,全国,1980000000,1980年,人
12147,00700,全域,000,男女総数,093,９２歳,00001,全国市部,1980000000,1980年,人
6962,00700,全域,000,男女総数,093,９２歳,00002,全国郡部,1980000000,1980年,人
751,00700,全域,000,男女総数,093,９２歳,01000,北海道,1980000000,1980年,人
169,00700,全域,000,男女総数,093,９２歳,02000,青森県,1980000000,1980年,人
223,00700,全域,000,男女総数,093,９２歳,03000,岩手県,1980000000,1980年,人
324,00700,全域,000,男女総数,093,９２歳,04000,宮城県,1980000000,1980年,人
181,00700,全域,000,男女総数,093,９２歳,05000,秋田県,1980000000,1980年,人
203,00700,全域,000,男女総数,093,９２歳,06000,山形県,1980000000,1980年,人
348,00700,全域,000,男女総数,093,９２歳,07000,福島県,1980000000,1980年,人
372,00700,全域,000,男女総数,093,９２歳,08000,茨城県,1980000000,1980年,人
289,00700,全域,000,男女総数,093,９２歳,09000,栃木県,1980000000,1980年,人
303,00700,全域,000,男女総数,093,９２歳,10000,群馬県,1980000000,1980年,人
499,00700,全域,000,男女総数,093,９２歳,11000,埼玉県,1980000000,1980年,人
588,00700,全域,000,男女総数,093,９２歳,12000,千葉県,1980000000,1980年,人
1446,00700,全域,000,男女総数,093,９２歳,13000,東京都,1980000000,1980年,人
699,00700,全域,000,男女総数,093,９２歳,14000,神奈川県,1980000000,1980年,人
449,00700,全域,000,男女総数,093,９２歳,15000,新潟県,1980000000,1980年,人
182,00700,全域,000,男女総数,093,９２歳,16000,富山県,1980000000,1980年,人
181,00700,全域,000,男女総数,093,９２歳,17000,石川県,1980000000,1980年,人
157,00700,全域,000,男女総数,093,９２歳,18000,福井県,1980000000,1980年,人
222,00700,全域,000,男女総数,093,９２歳,19000,山梨県,1980000000,1980年,人
420,00700,全域,000,男女総数,093,９２歳,20000,長野県,1980000000,1980年,人
374,00700,全域,000,男女総数,093,９２歳,21000,岐阜県,1980000000,1980年,人
640,00700,全域,000,男女総数,093,９２歳,22000,静岡県,1980000000,1980年,人
750,00700,全域,000,男女総数,093,９２歳,23000,愛知県,1980000000,1980年,人
352,00700,全域,000,男女総数,093,９２歳,24000,三重県,1980000000,1980年,人
193,00700,全域,000,男女総数,093,９２歳,25000,滋賀県,1980000000,1980年,人
429,00700,全域,000,男女総数,093,９２歳,26000,京都府,1980000000,1980年,人
798,00700,全域,000,男女総数,093,９２歳,27000,大阪府,1980000000,1980年,人
845,00700,全域,000,男女総数,093,９２歳,28000,兵庫県,1980000000,1980年,人
227,00700,全域,000,男女総数,093,９２歳,29000,奈良県,1980000000,1980年,人
228,00700,全域,000,男女総数,093,９２歳,30000,和歌山県,1980000000,1980年,人
172,00700,全域,000,男女総数,093,９２歳,31000,鳥取県,1980000000,1980年,人
275,00700,全域,000,男女総数,093,９２歳,32000,島根県,1980000000,1980年,人
474,00700,全域,000,男女総数,093,９２歳,33000,岡山県,1980000000,1980年,人
642,00700,全域,000,男女総数,093,９２歳,34000,広島県,1980000000,1980年,人
343,00700,全域,000,男女総数,093,９２歳,35000,山口県,1980000000,1980年,人
212,00700,全域,000,男女総数,093,９２歳,36000,徳島県,1980000000,1980年,人
239,00700,全域,000,男女総数,093,９２歳,37000,香川県,1980000000,1980年,人
394,00700,全域,000,男女総数,093,９２歳,38000,愛媛県,1980000000,1980年,人
299,00700,全域,000,男女総数,093,９２歳,39000,高知県,1980000000,1980年,人
812,00700,全域,000,男女総数,093,９２歳,40000,福岡県,1980000000,1980年,人
210,00700,全域,000,男女総数,093,９２歳,41000,佐賀県,1980000000,1980年,人
317,00700,全域,000,男女総数,093,９２歳,42000,長崎県,1980000000,1980年,人
454,00700,全域,000,男女総数,093,９２歳,43000,熊本県,1980000000,1980年,人
301,00700,全域,000,男女総数,093,９２歳,44000,大分県,1980000000,1980年,人
194,00700,全域,000,男女総数,093,９２歳,45000,宮崎県,1980000000,1980年,人
581,00700,全域,000,男女総数,093,９２歳,46000,鹿児島県,1980000000,1980年,人
348,00700,全域,000,男女総数,093,９２歳,47000,沖縄県,1980000000,1980年,人
12927,00700,全域,000,男女総数,094,９３歳,00000,全国,1980000000,1980年,人
8225,00700,全域,000,男女総数,094,９３歳,00001,全国市部,1980000000,1980年,人
4702,00700,全域,000,男女総数,094,９３歳,00002,全国郡部,1980000000,1980年,人
499,00700,全域,000,男女総数,094,９３歳,01000,北海道,1980000000,1980年,人
131,00700,全域,000,男女総数,094,９３歳,02000,青森県,1980000000,1980年,人
135,00700,全域,000,男女総数,094,９３歳,03000,岩手県,1980000000,1980年,人
205,00700,全域,000,男女総数,094,９３歳,04000,宮城県,1980000000,1980年,人
105,00700,全域,000,男女総数,094,９３歳,05000,秋田県,1980000000,1980年,人
125,00700,全域,000,男女総数,094,９３歳,06000,山形県,1980000000,1980年,人
257,00700,全域,000,男女総数,094,９３歳,07000,福島県,1980000000,1980年,人
268,00700,全域,000,男女総数,094,９３歳,08000,茨城県,1980000000,1980年,人
196,00700,全域,000,男女総数,094,９３歳,09000,栃木県,1980000000,1980年,人
178,00700,全域,000,男女総数,094,９３歳,10000,群馬県,1980000000,1980年,人
282,00700,全域,000,男女総数,094,９３歳,11000,埼玉県,1980000000,1980年,人
419,00700,全域,000,男女総数,094,９３歳,12000,千葉県,1980000000,1980年,人
978,00700,全域,000,男女総数,094,９３歳,13000,東京都,1980000000,1980年,人
478,00700,全域,000,男女総数,094,９３歳,14000,神奈川県,1980000000,1980年,人
283,00700,全域,000,男女総数,094,９３歳,15000,新潟県,1980000000,1980年,人
144,00700,全域,000,男女総数,094,９３歳,16000,富山県,1980000000,1980年,人
121,00700,全域,000,男女総数,094,９３歳,17000,石川県,1980000000,1980年,人
94,00700,全域,000,男女総数,094,９３歳,18000,福井県,1980000000,1980年,人
132,00700,全域,000,男女総数,094,９３歳,19000,山梨県,1980000000,1980年,人
314,00700,全域,000,男女総数,094,９３歳,20000,長野県,1980000000,1980年,人
224,00700,全域,000,男女総数,094,９３歳,21000,岐阜県,1980000000,1980年,人
486,00700,全域,000,男女総数,094,９３歳,22000,静岡県,1980000000,1980年,人
495,00700,全域,000,男女総数,094,９３歳,23000,愛知県,1980000000,1980年,人
223,00700,全域,000,男女総数,094,９３歳,24000,三重県,1980000000,1980年,人
116,00700,全域,000,男女総数,094,９３歳,25000,滋賀県,1980000000,1980年,人
267,00700,全域,000,男女総数,094,９３歳,26000,京都府,1980000000,1980年,人
500,00700,全域,000,男女総数,094,９３歳,27000,大阪府,1980000000,1980年,人
582,00700,全域,000,男女総数,094,９３歳,28000,兵庫県,1980000000,1980年,人
117,00700,全域,000,男女総数,094,９３歳,29000,奈良県,1980000000,1980年,人
154,00700,全域,000,男女総数,094,９３歳,30000,和歌山県,1980000000,1980年,人
97,00700,全域,000,男女総数,094,９３歳,31000,鳥取県,1980000000,1980年,人
175,00700,全域,000,男女総数,094,９３歳,32000,島根県,1980000000,1980年,人
303,00700,全域,000,男女総数,094,９３歳,33000,岡山県,1980000000,1980年,人
422,00700,全域,000,男女総数,094,９３歳,34000,広島県,1980000000,1980年,人
247,00700,全域,000,男女総数,094,９３歳,35000,山口県,1980000000,1980年,人
157,00700,全域,000,男女総数,094,９３歳,36000,徳島県,1980000000,1980年,人
179,00700,全域,000,男女総数,094,９３歳,37000,香川県,1980000000,1980年,人
282,00700,全域,000,男女総数,094,９３歳,38000,愛媛県,1980000000,1980年,人
205,00700,全域,000,男女総数,094,９３歳,39000,高知県,1980000000,1980年,人
518,00700,全域,000,男女総数,094,９３歳,40000,福岡県,1980000000,1980年,人
160,00700,全域,000,男女総数,094,９３歳,41000,佐賀県,1980000000,1980年,人
239,00700,全域,000,男女総数,094,９３歳,42000,長崎県,1980000000,1980年,人
324,00700,全域,000,男女総数,094,９３歳,43000,熊本県,1980000000,1980年,人
230,00700,全域,000,男女総数,094,９３歳,44000,大分県,1980000000,1980年,人
208,00700,全域,000,男女総数,094,９３歳,45000,宮崎県,1980000000,1980年,人
434,00700,全域,000,男女総数,094,９３歳,46000,鹿児島県,1980000000,1980年,人
239,00700,全域,000,男女総数,094,９３歳,47000,沖縄県,1980000000,1980年,人
7987,00700,全域,000,男女総数,095,９４歳,00000,全国,1980000000,1980年,人
5028,00700,全域,000,男女総数,095,９４歳,00001,全国市部,1980000000,1980年,人
2959,00700,全域,000,男女総数,095,９４歳,00002,全国郡部,1980000000,1980年,人
305,00700,全域,000,男女総数,095,９４歳,01000,北海道,1980000000,1980年,人
75,00700,全域,000,男女総数,095,９４歳,02000,青森県,1980000000,1980年,人
94,00700,全域,000,男女総数,095,９４歳,03000,岩手県,1980000000,1980年,人
129,00700,全域,000,男女総数,095,９４歳,04000,宮城県,1980000000,1980年,人
47,00700,全域,000,男女総数,095,９４歳,05000,秋田県,1980000000,1980年,人
77,00700,全域,000,男女総数,095,９４歳,06000,山形県,1980000000,1980年,人
124,00700,全域,000,男女総数,095,９４歳,07000,福島県,1980000000,1980年,人
181,00700,全域,000,男女総数,095,９４歳,08000,茨城県,1980000000,1980年,人
126,00700,全域,000,男女総数,095,９４歳,09000,栃木県,1980000000,1980年,人
114,00700,全域,000,男女総数,095,９４歳,10000,群馬県,1980000000,1980年,人
176,00700,全域,000,男女総数,095,９４歳,11000,埼玉県,1980000000,1980年,人
226,00700,全域,000,男女総数,095,９４歳,12000,千葉県,1980000000,1980年,人
650,00700,全域,000,男女総数,095,９４歳,13000,東京都,1980000000,1980年,人
287,00700,全域,000,男女総数,095,９４歳,14000,神奈川県,1980000000,1980年,人
183,00700,全域,000,男女総数,095,９４歳,15000,新潟県,1980000000,1980年,人
80,00700,全域,000,男女総数,095,９４歳,16000,富山県,1980000000,1980年,人
87,00700,全域,000,男女総数,095,９４歳,17000,石川県,1980000000,1980年,人
65,00700,全域,000,男女総数,095,９４歳,18000,福井県,1980000000,1980年,人
89,00700,全域,000,男女総数,095,９４歳,19000,山梨県,1980000000,1980年,人
177,00700,全域,000,男女総数,095,９４歳,20000,長野県,1980000000,1980年,人
159,00700,全域,000,男女総数,095,９４歳,21000,岐阜県,1980000000,1980年,人
242,00700,全域,000,男女総数,095,９４歳,22000,静岡県,1980000000,1980年,人
331,00700,全域,000,男女総数,095,９４歳,23000,愛知県,1980000000,1980年,人
150,00700,全域,000,男女総数,095,９４歳,24000,三重県,1980000000,1980年,人
77,00700,全域,000,男女総数,095,９４歳,25000,滋賀県,1980000000,1980年,人
177,00700,全域,000,男女総数,095,９４歳,26000,京都府,1980000000,1980年,人
294,00700,全域,000,男女総数,095,９４歳,27000,大阪府,1980000000,1980年,人
320,00700,全域,000,男女総数,095,９４歳,28000,兵庫県,1980000000,1980年,人
76,00700,全域,000,男女総数,095,９４歳,29000,奈良県,1980000000,1980年,人
94,00700,全域,000,男女総数,095,９４歳,30000,和歌山県,1980000000,1980年,人
82,00700,全域,000,男女総数,095,９４歳,31000,鳥取県,1980000000,1980年,人
123,00700,全域,000,男女総数,095,９４歳,32000,島根県,1980000000,1980年,人
208,00700,全域,000,男女総数,095,９４歳,33000,岡山県,1980000000,1980年,人
273,00700,全域,000,男女総数,095,９４歳,34000,広島県,1980000000,1980年,人
144,00700,全域,000,男女総数,095,９４歳,35000,山口県,1980000000,1980年,人
93,00700,全域,000,男女総数,095,９４歳,36000,徳島県,1980000000,1980年,人
109,00700,全域,000,男女総数,095,９４歳,37000,香川県,1980000000,1980年,人
161,00700,全域,000,男女総数,095,９４歳,38000,愛媛県,1980000000,1980年,人
131,00700,全域,000,男女総数,095,９４歳,39000,高知県,1980000000,1980年,人
364,00700,全域,000,男女総数,095,９４歳,40000,福岡県,1980000000,1980年,人
72,00700,全域,000,男女総数,095,９４歳,41000,佐賀県,1980000000,1980年,人
134,00700,全域,000,男女総数,095,９４歳,42000,長崎県,1980000000,1980年,人
215,00700,全域,000,男女総数,095,９４歳,43000,熊本県,1980000000,1980年,人
126,00700,全域,000,男女総数,095,９４歳,44000,大分県,1980000000,1980年,人
95,00700,全域,000,男女総数,095,９４歳,45000,宮崎県,1980000000,1980年,人
258,00700,全域,000,男女総数,095,９４歳,46000,鹿児島県,1980000000,1980年,人
187,00700,全域,000,男女総数,095,９４歳,47000,沖縄県,1980000000,1980年,人
5282,00700,全域,000,男女総数,096,９５歳,00000,全国,1980000000,1980年,人
3341,00700,全域,000,男女総数,096,９５歳,00001,全国市部,1980000000,1980年,人
1941,00700,全域,000,男女総数,096,９５歳,00002,全国郡部,1980000000,1980年,人
197,00700,全域,000,男女総数,096,９５歳,01000,北海道,1980000000,1980年,人
53,00700,全域,000,男女総数,096,９５歳,02000,青森県,1980000000,1980年,人
58,00700,全域,000,男女総数,096,９５歳,03000,岩手県,1980000000,1980年,人
78,00700,全域,000,男女総数,096,９５歳,04000,宮城県,1980000000,1980年,人
30,00700,全域,000,男女総数,096,９５歳,05000,秋田県,1980000000,1980年,人
42,00700,全域,000,男女総数,096,９５歳,06000,山形県,1980000000,1980年,人
87,00700,全域,000,男女総数,096,９５歳,07000,福島県,1980000000,1980年,人
111,00700,全域,000,男女総数,096,９５歳,08000,茨城県,1980000000,1980年,人
75,00700,全域,000,男女総数,096,９５歳,09000,栃木県,1980000000,1980年,人
98,00700,全域,000,男女総数,096,９５歳,10000,群馬県,1980000000,1980年,人
122,00700,全域,000,男女総数,096,９５歳,11000,埼玉県,1980000000,1980年,人
148,00700,全域,000,男女総数,096,９５歳,12000,千葉県,1980000000,1980年,人
393,00700,全域,000,男女総数,096,９５歳,13000,東京都,1980000000,1980年,人
215,00700,全域,000,男女総数,096,９５歳,14000,神奈川県,1980000000,1980年,人
124,00700,全域,000,男女総数,096,９５歳,15000,新潟県,1980000000,1980年,人
61,00700,全域,000,男女総数,096,９５歳,16000,富山県,1980000000,1980年,人
58,00700,全域,000,男女総数,096,９５歳,17000,石川県,1980000000,1980年,人
43,00700,全域,000,男女総数,096,９５歳,18000,福井県,1980000000,1980年,人
54,00700,全域,000,男女総数,096,９５歳,19000,山梨県,1980000000,1980年,人
102,00700,全域,000,男女総数,096,９５歳,20000,長野県,1980000000,1980年,人
89,00700,全域,000,男女総数,096,９５歳,21000,岐阜県,1980000000,1980年,人
163,00700,全域,000,男女総数,096,９５歳,22000,静岡県,1980000000,1980年,人
231,00700,全域,000,男女総数,096,９５歳,23000,愛知県,1980000000,1980年,人
106,00700,全域,000,男女総数,096,９５歳,24000,三重県,1980000000,1980年,人
62,00700,全域,000,男女総数,096,９５歳,25000,滋賀県,1980000000,1980年,人
110,00700,全域,000,男女総数,096,９５歳,26000,京都府,1980000000,1980年,人
196,00700,全域,000,男女総数,096,９５歳,27000,大阪府,1980000000,1980年,人
208,00700,全域,000,男女総数,096,９５歳,28000,兵庫県,1980000000,1980年,人
47,00700,全域,000,男女総数,096,９５歳,29000,奈良県,1980000000,1980年,人
70,00700,全域,000,男女総数,096,９５歳,30000,和歌山県,1980000000,1980年,人
54,00700,全域,000,男女総数,096,９５歳,31000,鳥取県,1980000000,1980年,人
89,00700,全域,000,男女総数,096,９５歳,32000,島根県,1980000000,1980年,人
145,00700,全域,000,男女総数,096,９５歳,33000,岡山県,1980000000,1980年,人
188,00700,全域,000,男女総数,096,９５歳,34000,広島県,1980000000,1980年,人
88,00700,全域,000,男女総数,096,９５歳,35000,山口県,1980000000,1980年,人
65,00700,全域,000,男女総数,096,９５歳,36000,徳島県,1980000000,1980年,人
83,00700,全域,000,男女総数,096,９５歳,37000,香川県,1980000000,1980年,人
133,00700,全域,000,男女総数,096,９５歳,38000,愛媛県,1980000000,1980年,人
91,00700,全域,000,男女総数,096,９５歳,39000,高知県,1980000000,1980年,人
199,00700,全域,000,男女総数,096,９５歳,40000,福岡県,1980000000,1980年,人
66,00700,全域,000,男女総数,096,９５歳,41000,佐賀県,1980000000,1980年,人
82,00700,全域,000,男女総数,096,９５歳,42000,長崎県,1980000000,1980年,人
125,00700,全域,000,男女総数,096,９５歳,43000,熊本県,1980000000,1980年,人
83,00700,全域,000,男女総数,096,９５歳,44000,大分県,1980000000,1980年,人
50,00700,全域,000,男女総数,096,９５歳,45000,宮崎県,1980000000,1980年,人
179,00700,全域,000,男女総数,096,９５歳,46000,鹿児島県,1980000000,1980年,人
131,00700,全域,000,男女総数,096,９５歳,47000,沖縄県,1980000000,1980年,人
3595,00700,全域,000,男女総数,097,９６歳,00000,全国,1980000000,1980年,人
2300,00700,全域,000,男女総数,097,９６歳,00001,全国市部,1980000000,1980年,人
1295,00700,全域,000,男女総数,097,９６歳,00002,全国郡部,1980000000,1980年,人
153,00700,全域,000,男女総数,097,９６歳,01000,北海道,1980000000,1980年,人
42,00700,全域,000,男女総数,097,９６歳,02000,青森県,1980000000,1980年,人
43,00700,全域,000,男女総数,097,９６歳,03000,岩手県,1980000000,1980年,人
67,00700,全域,000,男女総数,097,９６歳,04000,宮城県,1980000000,1980年,人
24,00700,全域,000,男女総数,097,９６歳,05000,秋田県,1980000000,1980年,人
39,00700,全域,000,男女総数,097,９６歳,06000,山形県,1980000000,1980年,人
57,00700,全域,000,男女総数,097,９６歳,07000,福島県,1980000000,1980年,人
65,00700,全域,000,男女総数,097,９６歳,08000,茨城県,1980000000,1980年,人
37,00700,全域,000,男女総数,097,９６歳,09000,栃木県,1980000000,1980年,人
54,00700,全域,000,男女総数,097,９６歳,10000,群馬県,1980000000,1980年,人
72,00700,全域,000,男女総数,097,９６歳,11000,埼玉県,1980000000,1980年,人
95,00700,全域,000,男女総数,097,９６歳,12000,千葉県,1980000000,1980年,人
252,00700,全域,000,男女総数,097,９６歳,13000,東京都,1980000000,1980年,人
123,00700,全域,000,男女総数,097,９６歳,14000,神奈川県,1980000000,1980年,人
82,00700,全域,000,男女総数,097,９６歳,15000,新潟県,1980000000,1980年,人
45,00700,全域,000,男女総数,097,９６歳,16000,富山県,1980000000,1980年,人
47,00700,全域,000,男女総数,097,９６歳,17000,石川県,1980000000,1980年,人
40,00700,全域,000,男女総数,097,９６歳,18000,福井県,1980000000,1980年,人
39,00700,全域,000,男女総数,097,９６歳,19000,山梨県,1980000000,1980年,人
76,00700,全域,000,男女総数,097,９６歳,20000,長野県,1980000000,1980年,人
73,00700,全域,000,男女総数,097,９６歳,21000,岐阜県,1980000000,1980年,人
100,00700,全域,000,男女総数,097,９６歳,22000,静岡県,1980000000,1980年,人
119,00700,全域,000,男女総数,097,９６歳,23000,愛知県,1980000000,1980年,人
65,00700,全域,000,男女総数,097,９６歳,24000,三重県,1980000000,1980年,人
28,00700,全域,000,男女総数,097,９６歳,25000,滋賀県,1980000000,1980年,人
89,00700,全域,000,男女総数,097,９６歳,26000,京都府,1980000000,1980年,人
121,00700,全域,000,男女総数,097,９６歳,27000,大阪府,1980000000,1980年,人
148,00700,全域,000,男女総数,097,９６歳,28000,兵庫県,1980000000,1980年,人
48,00700,全域,000,男女総数,097,９６歳,29000,奈良県,1980000000,1980年,人
56,00700,全域,000,男女総数,097,９６歳,30000,和歌山県,1980000000,1980年,人
34,00700,全域,000,男女総数,097,９６歳,31000,鳥取県,1980000000,1980年,人
70,00700,全域,000,男女総数,097,９６歳,32000,島根県,1980000000,1980年,人
80,00700,全域,000,男女総数,097,９６歳,33000,岡山県,1980000000,1980年,人
125,00700,全域,000,男女総数,097,９６歳,34000,広島県,1980000000,1980年,人
81,00700,全域,000,男女総数,097,９６歳,35000,山口県,1980000000,1980年,人
44,00700,全域,000,男女総数,097,９６歳,36000,徳島県,1980000000,1980年,人
55,00700,全域,000,男女総数,097,９６歳,37000,香川県,1980000000,1980年,人
94,00700,全域,000,男女総数,097,９６歳,38000,愛媛県,1980000000,1980年,人
34,00700,全域,000,男女総数,097,９６歳,39000,高知県,1980000000,1980年,人
166,00700,全域,000,男女総数,097,９６歳,40000,福岡県,1980000000,1980年,人
40,00700,全域,000,男女総数,097,９６歳,41000,佐賀県,1980000000,1980年,人
61,00700,全域,000,男女総数,097,９６歳,42000,長崎県,1980000000,1980年,人
102,00700,全域,000,男女総数,097,９６歳,43000,熊本県,1980000000,1980年,人
53,00700,全域,000,男女総数,097,９６歳,44000,大分県,1980000000,1980年,人
40,00700,全域,000,男女総数,097,９６歳,45000,宮崎県,1980000000,1980年,人
126,00700,全域,000,男女総数,097,９６歳,46000,鹿児島県,1980000000,1980年,人
91,00700,全域,000,男女総数,097,９６歳,47000,沖縄県,1980000000,1980年,人
2305,00700,全域,000,男女総数,098,９７歳,00000,全国,1980000000,1980年,人
1407,00700,全域,000,男女総数,098,９７歳,00001,全国市部,1980000000,1980年,人
898,00700,全域,000,男女総数,098,９７歳,00002,全国郡部,1980000000,1980年,人
90,00700,全域,000,男女総数,098,９７歳,01000,北海道,1980000000,1980年,人
31,00700,全域,000,男女総数,098,９７歳,02000,青森県,1980000000,1980年,人
26,00700,全域,000,男女総数,098,９７歳,03000,岩手県,1980000000,1980年,人
31,00700,全域,000,男女総数,098,９７歳,04000,宮城県,1980000000,1980年,人
15,00700,全域,000,男女総数,098,９７歳,05000,秋田県,1980000000,1980年,人
19,00700,全域,000,男女総数,098,９７歳,06000,山形県,1980000000,1980年,人
37,00700,全域,000,男女総数,098,９７歳,07000,福島県,1980000000,1980年,人
27,00700,全域,000,男女総数,098,９７歳,08000,茨城県,1980000000,1980年,人
28,00700,全域,000,男女総数,098,９７歳,09000,栃木県,1980000000,1980年,人
37,00700,全域,000,男女総数,098,９７歳,10000,群馬県,1980000000,1980年,人
33,00700,全域,000,男女総数,098,９７歳,11000,埼玉県,1980000000,1980年,人
58,00700,全域,000,男女総数,098,９７歳,12000,千葉県,1980000000,1980年,人
163,00700,全域,000,男女総数,098,９７歳,13000,東京都,1980000000,1980年,人
68,00700,全域,000,男女総数,098,９７歳,14000,神奈川県,1980000000,1980年,人
54,00700,全域,000,男女総数,098,９７歳,15000,新潟県,1980000000,1980年,人
20,00700,全域,000,男女総数,098,９７歳,16000,富山県,1980000000,1980年,人
19,00700,全域,000,男女総数,098,９７歳,17000,石川県,1980000000,1980年,人
12,00700,全域,000,男女総数,098,９７歳,18000,福井県,1980000000,1980年,人
38,00700,全域,000,男女総数,098,９７歳,19000,山梨県,1980000000,1980年,人
44,00700,全域,000,男女総数,098,９７歳,20000,長野県,1980000000,1980年,人
38,00700,全域,000,男女総数,098,９７歳,21000,岐阜県,1980000000,1980年,人
69,00700,全域,000,男女総数,098,９７歳,22000,静岡県,1980000000,1980年,人
94,00700,全域,000,男女総数,098,９７歳,23000,愛知県,1980000000,1980年,人
53,00700,全域,000,男女総数,098,９７歳,24000,三重県,1980000000,1980年,人
21,00700,全域,000,男女総数,098,９７歳,25000,滋賀県,1980000000,1980年,人
60,00700,全域,000,男女総数,098,９７歳,26000,京都府,1980000000,1980年,人
95,00700,全域,000,男女総数,098,９７歳,27000,大阪府,1980000000,1980年,人
96,00700,全域,000,男女総数,098,９７歳,28000,兵庫県,1980000000,1980年,人
23,00700,全域,000,男女総数,098,９７歳,29000,奈良県,1980000000,1980年,人
27,00700,全域,000,男女総数,098,９７歳,30000,和歌山県,1980000000,1980年,人
25,00700,全域,000,男女総数,098,９７歳,31000,鳥取県,1980000000,1980年,人
41,00700,全域,000,男女総数,098,９７歳,32000,島根県,1980000000,1980年,人
48,00700,全域,000,男女総数,098,９７歳,33000,岡山県,1980000000,1980年,人
76,00700,全域,000,男女総数,098,９７歳,34000,広島県,1980000000,1980年,人
39,00700,全域,000,男女総数,098,９７歳,35000,山口県,1980000000,1980年,人
29,00700,全域,000,男女総数,098,９７歳,36000,徳島県,1980000000,1980年,人
35,00700,全域,000,男女総数,098,９７歳,37000,香川県,1980000000,1980年,人
75,00700,全域,000,男女総数,098,９７歳,38000,愛媛県,1980000000,1980年,人
45,00700,全域,000,男女総数,098,９７歳,39000,高知県,1980000000,1980年,人
121,00700,全域,000,男女総数,098,９７歳,40000,福岡県,1980000000,1980年,人
31,00700,全域,000,男女総数,098,９７歳,41000,佐賀県,1980000000,1980年,人
37,00700,全域,000,男女総数,098,９７歳,42000,長崎県,1980000000,1980年,人
51,00700,全域,000,男女総数,098,９７歳,43000,熊本県,1980000000,1980年,人
34,00700,全域,000,男女総数,098,９７歳,44000,大分県,1980000000,1980年,人
29,00700,全域,000,男女総数,098,９７歳,45000,宮崎県,1980000000,1980年,人
81,00700,全域,000,男女総数,098,９７歳,46000,鹿児島県,1980000000,1980年,人
82,00700,全域,000,男女総数,098,９７歳,47000,沖縄県,1980000000,1980年,人
1334,00700,全域,000,男女総数,099,９８歳,00000,全国,1980000000,1980年,人
832,00700,全域,000,男女総数,099,９８歳,00001,全国市部,1980000000,1980年,人
502,00700,全域,000,男女総数,099,９８歳,00002,全国郡部,1980000000,1980年,人
57,00700,全域,000,男女総数,099,９８歳,01000,北海道,1980000000,1980年,人
14,00700,全域,000,男女総数,099,９８歳,02000,青森県,1980000000,1980年,人
15,00700,全域,000,男女総数,099,９８歳,03000,岩手県,1980000000,1980年,人
24,00700,全域,000,男女総数,099,９８歳,04000,宮城県,1980000000,1980年,人
10,00700,全域,000,男女総数,099,９８歳,05000,秋田県,1980000000,1980年,人
6,00700,全域,000,男女総数,099,９８歳,06000,山形県,1980000000,1980年,人
24,00700,全域,000,男女総数,099,９８歳,07000,福島県,1980000000,1980年,人
32,00700,全域,000,男女総数,099,９８歳,08000,茨城県,1980000000,1980年,人
9,00700,全域,000,男女総数,099,９８歳,09000,栃木県,1980000000,1980年,人
16,00700,全域,000,男女総数,099,９８歳,10000,群馬県,1980000000,1980年,人
20,00700,全域,000,男女総数,099,９８歳,11000,埼玉県,1980000000,1980年,人
25,00700,全域,000,男女総数,099,９８歳,12000,千葉県,1980000000,1980年,人
97,00700,全域,000,男女総数,099,９８歳,13000,東京都,1980000000,1980年,人
48,00700,全域,000,男女総数,099,９８歳,14000,神奈川県,1980000000,1980年,人
29,00700,全域,000,男女総数,099,９８歳,15000,新潟県,1980000000,1980年,人
14,00700,全域,000,男女総数,099,９８歳,16000,富山県,1980000000,1980年,人
18,00700,全域,000,男女総数,099,９８歳,17000,石川県,1980000000,1980年,人
9,00700,全域,000,男女総数,099,９８歳,18000,福井県,1980000000,1980年,人
14,00700,全域,000,男女総数,099,９８歳,19000,山梨県,1980000000,1980年,人
24,00700,全域,000,男女総数,099,９８歳,20000,長野県,1980000000,1980年,人
15,00700,全域,000,男女総数,099,９８歳,21000,岐阜県,1980000000,1980年,人
32,00700,全域,000,男女総数,099,９８歳,22000,静岡県,1980000000,1980年,人
53,00700,全域,000,男女総数,099,９８歳,23000,愛知県,1980000000,1980年,人
27,00700,全域,000,男女総数,099,９８歳,24000,三重県,1980000000,1980年,人
8,00700,全域,000,男女総数,099,９８歳,25000,滋賀県,1980000000,1980年,人
25,00700,全域,000,男女総数,099,９８歳,26000,京都府,1980000000,1980年,人
50,00700,全域,000,男女総数,099,９８歳,27000,大阪府,1980000000,1980年,人
52,00700,全域,000,男女総数,099,９８歳,28000,兵庫県,1980000000,1980年,人
11,00700,全域,000,男女総数,099,９８歳,29000,奈良県,1980000000,1980年,人
17,00700,全域,000,男女総数,099,９８歳,30000,和歌山県,1980000000,1980年,人
19,00700,全域,000,男女総数,099,９８歳,31000,鳥取県,1980000000,1980年,人
21,00700,全域,000,男女総数,099,９８歳,32000,島根県,1980000000,1980年,人
44,00700,全域,000,男女総数,099,９８歳,33000,岡山県,1980000000,1980年,人
48,00700,全域,000,男女総数,099,９８歳,34000,広島県,1980000000,1980年,人
37,00700,全域,000,男女総数,099,９８歳,35000,山口県,1980000000,1980年,人
18,00700,全域,000,男女総数,099,９８歳,36000,徳島県,1980000000,1980年,人
17,00700,全域,000,男女総数,099,９８歳,37000,香川県,1980000000,1980年,人
43,00700,全域,000,男女総数,099,９８歳,38000,愛媛県,1980000000,1980年,人
20,00700,全域,000,男女総数,099,９８歳,39000,高知県,1980000000,1980年,人
65,00700,全域,000,男女総数,099,９８歳,40000,福岡県,1980000000,1980年,人
12,00700,全域,000,男女総数,099,９８歳,41000,佐賀県,1980000000,1980年,人
25,00700,全域,000,男女総数,099,９８歳,42000,長崎県,1980000000,1980年,人
38,00700,全域,000,男女総数,099,９８歳,43000,熊本県,1980000000,1980年,人
19,00700,全域,000,男女総数,099,９８歳,44000,大分県,1980000000,1980年,人
22,00700,全域,000,男女総数,099,９８歳,45000,宮崎県,1980000000,1980年,人
48,00700,全域,000,男女総数,099,９８歳,46000,鹿児島県,1980000000,1980年,人
43,00700,全域,000,男女総数,099,９８歳,47000,沖縄県,1980000000,1980年,人
828,00700,全域,000,男女総数,100,９９歳,00000,全国,1980000000,1980年,人
521,00700,全域,000,男女総数,100,９９歳,00001,全国市部,1980000000,1980年,人
307,00700,全域,000,男女総数,100,９９歳,00002,全国郡部,1980000000,1980年,人
39,00700,全域,000,男女総数,100,９９歳,01000,北海道,1980000000,1980年,人
7,00700,全域,000,男女総数,100,９９歳,02000,青森県,1980000000,1980年,人
8,00700,全域,000,男女総数,100,９９歳,03000,岩手県,1980000000,1980年,人
12,00700,全域,000,男女総数,100,９９歳,04000,宮城県,1980000000,1980年,人
3,00700,全域,000,男女総数,100,９９歳,05000,秋田県,1980000000,1980年,人
4,00700,全域,000,男女総数,100,９９歳,06000,山形県,1980000000,1980年,人
19,00700,全域,000,男女総数,100,９９歳,07000,福島県,1980000000,1980年,人
6,00700,全域,000,男女総数,100,９９歳,08000,茨城県,1980000000,1980年,人
6,00700,全域,000,男女総数,100,９９歳,09000,栃木県,1980000000,1980年,人
17,00700,全域,000,男女総数,100,９９歳,10000,群馬県,1980000000,1980年,人
19,00700,全域,000,男女総数,100,９９歳,11000,埼玉県,1980000000,1980年,人
21,00700,全域,000,男女総数,100,９９歳,12000,千葉県,1980000000,1980年,人
51,00700,全域,000,男女総数,100,９９歳,13000,東京都,1980000000,1980年,人
27,00700,全域,000,男女総数,100,９９歳,14000,神奈川県,1980000000,1980年,人
7,00700,全域,000,男女総数,100,９９歳,15000,新潟県,1980000000,1980年,人
7,00700,全域,000,男女総数,100,９９歳,16000,富山県,1980000000,1980年,人
9,00700,全域,000,男女総数,100,９９歳,17000,石川県,1980000000,1980年,人
2,00700,全域,000,男女総数,100,９９歳,18000,福井県,1980000000,1980年,人
13,00700,全域,000,男女総数,100,９９歳,19000,山梨県,1980000000,1980年,人
17,00700,全域,000,男女総数,100,９９歳,20000,長野県,1980000000,1980年,人
12,00700,全域,000,男女総数,100,９９歳,21000,岐阜県,1980000000,1980年,人
28,00700,全域,000,男女総数,100,９９歳,22000,静岡県,1980000000,1980年,人
27,00700,全域,000,男女総数,100,９９歳,23000,愛知県,1980000000,1980年,人
11,00700,全域,000,男女総数,100,９９歳,24000,三重県,1980000000,1980年,人
6,00700,全域,000,男女総数,100,９９歳,25000,滋賀県,1980000000,1980年,人
16,00700,全域,000,男女総数,100,９９歳,26000,京都府,1980000000,1980年,人
27,00700,全域,000,男女総数,100,９９歳,27000,大阪府,1980000000,1980年,人
28,00700,全域,000,男女総数,100,９９歳,28000,兵庫県,1980000000,1980年,人
14,00700,全域,000,男女総数,100,９９歳,29000,奈良県,1980000000,1980年,人
10,00700,全域,000,男女総数,100,９９歳,30000,和歌山県,1980000000,1980年,人
10,00700,全域,000,男女総数,100,９９歳,31000,鳥取県,1980000000,1980年,人
12,00700,全域,000,男女総数,100,９９歳,32000,島根県,1980000000,1980年,人
27,00700,全域,000,男女総数,100,９９歳,33000,岡山県,1980000000,1980年,人
44,00700,全域,000,男女総数,100,９９歳,34000,広島県,1980000000,1980年,人
17,00700,全域,000,男女総数,100,９９歳,35000,山口県,1980000000,1980年,人
13,00700,全域,000,男女総数,100,９９歳,36000,徳島県,1980000000,1980年,人
16,00700,全域,000,男女総数,100,９９歳,37000,香川県,1980000000,1980年,人
25,00700,全域,000,男女総数,100,９９歳,38000,愛媛県,1980000000,1980年,人
14,00700,全域,000,男女総数,100,９９歳,39000,高知県,1980000000,1980年,人
50,00700,全域,000,男女総数,100,９９歳,40000,福岡県,1980000000,1980年,人
8,00700,全域,000,男女総数,100,９９歳,41000,佐賀県,1980000000,1980年,人
12,00700,全域,000,男女総数,100,９９歳,42000,長崎県,1980000000,1980年,人
22,00700,全域,000,男女総数,100,９９歳,43000,熊本県,1980000000,1980年,人
12,00700,全域,000,男女総数,100,９９歳,44000,大分県,1980000000,1980年,人
11,00700,全域,000,男女総数,100,９９歳,45000,宮崎県,1980000000,1980年,人
36,00700,全域,000,男女総数,100,９９歳,46000,鹿児島県,1980000000,1980年,人
26,00700,全域,000,男女総数,100,９９歳,47000,沖縄県,1980000000,1980年,人
989,00700,全域,000,男女総数,101,１００歳以上,00000,全国,1980000000,1980年,人
595,00700,全域,000,男女総数,101,１００歳以上,00001,全国市部,1980000000,1980年,人
394,00700,全域,000,男女総数,101,１００歳以上,00002,全国郡部,1980000000,1980年,人
45,00700,全域,000,男女総数,101,１００歳以上,01000,北海道,1980000000,1980年,人
5,00700,全域,000,男女総数,101,１００歳以上,02000,青森県,1980000000,1980年,人
3,00700,全域,000,男女総数,101,１００歳以上,03000,岩手県,1980000000,1980年,人
18,00700,全域,000,男女総数,101,１００歳以上,04000,宮城県,1980000000,1980年,人
6,00700,全域,000,男女総数,101,１００歳以上,05000,秋田県,1980000000,1980年,人
6,00700,全域,000,男女総数,101,１００歳以上,06000,山形県,1980000000,1980年,人
10,00700,全域,000,男女総数,101,１００歳以上,07000,福島県,1980000000,1980年,人
21,00700,全域,000,男女総数,101,１００歳以上,08000,茨城県,1980000000,1980年,人
8,00700,全域,000,男女総数,101,１００歳以上,09000,栃木県,1980000000,1980年,人
12,00700,全域,000,男女総数,101,１００歳以上,10000,群馬県,1980000000,1980年,人
9,00700,全域,000,男女総数,101,１００歳以上,11000,埼玉県,1980000000,1980年,人
27,00700,全域,000,男女総数,101,１００歳以上,12000,千葉県,1980000000,1980年,人
76,00700,全域,000,男女総数,101,１００歳以上,13000,東京都,1980000000,1980年,人
32,00700,全域,000,男女総数,101,１００歳以上,14000,神奈川県,1980000000,1980年,人
18,00700,全域,000,男女総数,101,１００歳以上,15000,新潟県,1980000000,1980年,人
10,00700,全域,000,男女総数,101,１００歳以上,16000,富山県,1980000000,1980年,人
12,00700,全域,000,男女総数,101,１００歳以上,17000,石川県,1980000000,1980年,人
8,00700,全域,000,男女総数,101,１００歳以上,18000,福井県,1980000000,1980年,人
9,00700,全域,000,男女総数,101,１００歳以上,19000,山梨県,1980000000,1980年,人
24,00700,全域,000,男女総数,101,１００歳以上,20000,長野県,1980000000,1980年,人
9,00700,全域,000,男女総数,101,１００歳以上,21000,岐阜県,1980000000,1980年,人
31,00700,全域,000,男女総数,101,１００歳以上,22000,静岡県,1980000000,1980年,人
35,00700,全域,000,男女総数,101,１００歳以上,23000,愛知県,1980000000,1980年,人
15,00700,全域,000,男女総数,101,１００歳以上,24000,三重県,1980000000,1980年,人
10,00700,全域,000,男女総数,101,１００歳以上,25000,滋賀県,1980000000,1980年,人
19,00700,全域,000,男女総数,101,１００歳以上,26000,京都府,1980000000,1980年,人
36,00700,全域,000,男女総数,101,１００歳以上,27000,大阪府,1980000000,1980年,人
42,00700,全域,000,男女総数,101,１００歳以上,28000,兵庫県,1980000000,1980年,人
5,00700,全域,000,男女総数,101,１００歳以上,29000,奈良県,1980000000,1980年,人
15,00700,全域,000,男女総数,101,１００歳以上,30000,和歌山県,1980000000,1980年,人
10,00700,全域,000,男女総数,101,１００歳以上,31000,鳥取県,1980000000,1980年,人
9,00700,全域,000,男女総数,101,１００歳以上,32000,島根県,1980000000,1980年,人
29,00700,全域,000,男女総数,101,１００歳以上,33000,岡山県,1980000000,1980年,人
50,00700,全域,000,男女総数,101,１００歳以上,34000,広島県,1980000000,1980年,人
16,00700,全域,000,男女総数,101,１００歳以上,35000,山口県,1980000000,1980年,人
13,00700,全域,000,男女総数,101,１００歳以上,36000,徳島県,1980000000,1980年,人
18,00700,全域,000,男女総数,101,１００歳以上,37000,香川県,1980000000,1980年,人
28,00700,全域,000,男女総数,101,１００歳以上,38000,愛媛県,1980000000,1980年,人
12,00700,全域,000,男女総数,101,１００歳以上,39000,高知県,1980000000,1980年,人
47,00700,全域,000,男女総数,101,１００歳以上,40000,福岡県,1980000000,1980年,人
13,00700,全域,000,男女総数,101,１００歳以上,41000,佐賀県,1980000000,1980年,人
22,00700,全域,000,男女総数,101,１００歳以上,42000,長崎県,1980000000,1980年,人
34,00700,全域,000,男女総数,101,１００歳以上,43000,熊本県,1980000000,1980年,人
15,00700,全域,000,男女総数,101,１００歳以上,44000,大分県,1980000000,1980年,人
16,00700,全域,000,男女総数,101,１００歳以上,45000,宮崎県,1980000000,1980年,人
42,00700,全域,000,男女総数,101,１００歳以上,46000,鹿児島県,1980000000,1980年,人
39,00700,全域,000,男女総数,101,１００歳以上,47000,沖縄県,1980000000,1980年,人
71363,00700,全域,000,男女総数,102,年齢不詳,00000,全国,1980000000,1980年,人
69617,00700,全域,000,男女総数,102,年齢不詳,00001,全国市部,1980000000,1980年,人
1746,00700,全域,000,男女総数,102,年齢不詳,00002,全国郡部,1980000000,1980年,人
2130,00700,全域,000,男女総数,102,年齢不詳,01000,北海道,1980000000,1980年,人
151,00700,全域,000,男女総数,102,年齢不詳,02000,青森県,1980000000,1980年,人
125,00700,全域,000,男女総数,102,年齢不詳,03000,岩手県,1980000000,1980年,人
1582,00700,全域,000,男女総数,102,年齢不詳,04000,宮城県,1980000000,1980年,人
81,00700,全域,000,男女総数,102,年齢不詳,05000,秋田県,1980000000,1980年,人
8,00700,全域,000,男女総数,102,年齢不詳,06000,山形県,1980000000,1980年,人
127,00700,全域,000,男女総数,102,年齢不詳,07000,福島県,1980000000,1980年,人
607,00700,全域,000,男女総数,102,年齢不詳,08000,茨城県,1980000000,1980年,人
422,00700,全域,000,男女総数,102,年齢不詳,09000,栃木県,1980000000,1980年,人
73,00700,全域,000,男女総数,102,年齢不詳,10000,群馬県,1980000000,1980年,人
3635,00700,全域,000,男女総数,102,年齢不詳,11000,埼玉県,1980000000,1980年,人
4222,00700,全域,000,男女総数,102,年齢不詳,12000,千葉県,1980000000,1980年,人
21070,00700,全域,000,男女総数,102,年齢不詳,13000,東京都,1980000000,1980年,人
5695,00700,全域,000,男女総数,102,年齢不詳,14000,神奈川県,1980000000,1980年,人
396,00700,全域,000,男女総数,102,年齢不詳,15000,新潟県,1980000000,1980年,人
18,00700,全域,000,男女総数,102,年齢不詳,16000,富山県,1980000000,1980年,人
658,00700,全域,000,男女総数,102,年齢不詳,17000,石川県,1980000000,1980年,人
77,00700,全域,000,男女総数,102,年齢不詳,18000,福井県,1980000000,1980年,人
181,00700,全域,000,男女総数,102,年齢不詳,19000,山梨県,1980000000,1980年,人
9,00700,全域,000,男女総数,102,年齢不詳,20000,長野県,1980000000,1980年,人
91,00700,全域,000,男女総数,102,年齢不詳,21000,岐阜県,1980000000,1980年,人
255,00700,全域,000,男女総数,102,年齢不詳,22000,静岡県,1980000000,1980年,人
1761,00700,全域,000,男女総数,102,年齢不詳,23000,愛知県,1980000000,1980年,人
136,00700,全域,000,男女総数,102,年齢不詳,24000,三重県,1980000000,1980年,人
101,00700,全域,000,男女総数,102,年齢不詳,25000,滋賀県,1980000000,1980年,人
363,00700,全域,000,男女総数,102,年齢不詳,26000,京都府,1980000000,1980年,人
9202,00700,全域,000,男女総数,102,年齢不詳,27000,大阪府,1980000000,1980年,人
7387,00700,全域,000,男女総数,102,年齢不詳,28000,兵庫県,1980000000,1980年,人
818,00700,全域,000,男女総数,102,年齢不詳,29000,奈良県,1980000000,1980年,人
405,00700,全域,000,男女総数,102,年齢不詳,30000,和歌山県,1980000000,1980年,人
172,00700,全域,000,男女総数,102,年齢不詳,31000,鳥取県,1980000000,1980年,人
68,00700,全域,000,男女総数,102,年齢不詳,32000,島根県,1980000000,1980年,人
228,00700,全域,000,男女総数,102,年齢不詳,33000,岡山県,1980000000,1980年,人
1010,00700,全域,000,男女総数,102,年齢不詳,34000,広島県,1980000000,1980年,人
378,00700,全域,000,男女総数,102,年齢不詳,35000,山口県,1980000000,1980年,人
283,00700,全域,000,男女総数,102,年齢不詳,36000,徳島県,1980000000,1980年,人
298,00700,全域,000,男女総数,102,年齢不詳,37000,香川県,1980000000,1980年,人
245,00700,全域,000,男女総数,102,年齢不詳,38000,愛媛県,1980000000,1980年,人
730,00700,全域,000,男女総数,102,年齢不詳,39000,高知県,1980000000,1980年,人
4135,00700,全域,000,男女総数,102,年齢不詳,40000,福岡県,1980000000,1980年,人
48,00700,全域,000,男女総数,102,年齢不詳,41000,佐賀県,1980000000,1980年,人
333,00700,全域,000,男女総数,102,年齢不詳,42000,長崎県,1980000000,1980年,人
171,00700,全域,000,男女総数,102,年齢不詳,43000,熊本県,1980000000,1980年,人
153,00700,全域,000,男女総数,102,年齢不詳,44000,大分県,1980000000,1980年,人
109,00700,全域,000,男女総数,102,年齢不詳,45000,宮崎県,1980000000,1980年,人
43,00700,全域,000,男女総数,102,年齢不詳,46000,鹿児島県,1980000000,1980年,人
1173,00700,全域,000,男女総数,102,年齢不詳,47000,沖縄県,1980000000,1980年,人
57593769,00700,全域,001,男,000,総数,00000,全国,1980000000,1980年,人
44026960,00700,全域,001,男,000,総数,00001,全国市部,1980000000,1980年,人
13566809,00700,全域,001,男,000,総数,00002,全国郡部,1980000000,1980年,人
2737089,00700,全域,001,男,000,総数,01000,北海道,1980000000,1980年,人
735444,00700,全域,001,男,000,総数,02000,青森県,1980000000,1980年,人
688460,00700,全域,001,男,000,総数,03000,岩手県,1980000000,1980年,人
1025903,00700,全域,001,男,000,総数,04000,宮城県,1980000000,1980年,人
603403,00700,全域,001,男,000,総数,05000,秋田県,1980000000,1980年,人
605407,00700,全域,001,男,000,総数,06000,山形県,1980000000,1980年,人
990575,00700,全域,001,男,000,総数,07000,福島県,1980000000,1980年,人
1272533,00700,全域,001,男,000,総数,08000,茨城県,1980000000,1980年,人
885573,00700,全域,001,男,000,総数,09000,栃木県,1980000000,1980年,人
908871,00700,全域,001,男,000,総数,10000,群馬県,1980000000,1980年,人
2739175,00700,全域,001,男,000,総数,11000,埼玉県,1980000000,1980年,人
2383157,00700,全域,001,男,000,総数,12000,千葉県,1980000000,1980年,人
5856280,00700,全域,001,男,000,総数,13000,東京都,1980000000,1980年,人
3536021,00700,全域,001,男,000,総数,14000,神奈川県,1980000000,1980年,人
1193653,00700,全域,001,男,000,総数,15000,新潟県,1980000000,1980年,人
532686,00700,全域,001,男,000,総数,16000,富山県,1980000000,1980年,人
542782,00700,全域,001,男,000,総数,17000,石川県,1980000000,1980年,人
384269,00700,全域,001,男,000,総数,18000,福井県,1980000000,1980年,人
391649,00700,全域,001,男,000,総数,19000,山梨県,1980000000,1980年,人
1008885,00700,全域,001,男,000,総数,20000,長野県,1980000000,1980年,人
954018,00700,全域,001,男,000,総数,21000,岐阜県,1980000000,1980年,人
1695778,00700,全域,001,男,000,総数,22000,静岡県,1980000000,1980年,人
3112306,00700,全域,001,男,000,総数,23000,愛知県,1980000000,1980年,人
817578,00700,全域,001,男,000,総数,24000,三重県,1980000000,1980年,人
529208,00700,全域,001,男,000,総数,25000,滋賀県,1980000000,1980年,人
1238365,00700,全域,001,男,000,総数,26000,京都府,1980000000,1980年,人
4203838,00700,全域,001,男,000,総数,27000,大阪府,1980000000,1980年,人
2512358,00700,全域,001,男,000,総数,28000,兵庫県,1980000000,1980年,人
587067,00700,全域,001,男,000,総数,29000,奈良県,1980000000,1980年,人
523467,00700,全域,001,男,000,総数,30000,和歌山県,1980000000,1980年,人
289946,00700,全域,001,男,000,総数,31000,鳥取県,1980000000,1980年,人
377499,00700,全域,001,男,000,総数,32000,島根県,1980000000,1980年,人
905477,00700,全域,001,男,000,総数,33000,岡山県,1980000000,1980年,人
1336806,00700,全域,001,男,000,総数,34000,広島県,1980000000,1980年,人
759255,00700,全域,001,男,000,総数,35000,山口県,1980000000,1980年,人
395994,00700,全域,001,男,000,総数,36000,徳島県,1980000000,1980年,人
481104,00700,全域,001,男,000,総数,37000,香川県,1980000000,1980年,人
718517,00700,全域,001,男,000,総数,38000,愛媛県,1980000000,1980年,人
396418,00700,全域,001,男,000,総数,39000,高知県,1980000000,1980年,人
2200450,00700,全域,001,男,000,総数,40000,福岡県,1980000000,1980年,人
410912,00700,全域,001,男,000,総数,41000,佐賀県,1980000000,1980年,人
758374,00700,全域,001,男,000,総数,42000,長崎県,1980000000,1980年,人
850831,00700,全域,001,男,000,総数,43000,熊本県,1980000000,1980年,人
583097,00700,全域,001,男,000,総数,44000,大分県,1980000000,1980年,人
550207,00700,全域,001,男,000,総数,45000,宮崎県,1980000000,1980年,人
839392,00700,全域,001,男,000,総数,46000,鹿児島県,1980000000,1980年,人
543692,00700,全域,001,男,000,総数,47000,沖縄県,1980000000,1980年,人
813741,00700,全域,001,男,001,０歳,00000,全国,1980000000,1980年,人
627078,00700,全域,001,男,001,０歳,00001,全国市部,1980000000,1980年,人
186663,00700,全域,001,男,001,０歳,00002,全国郡部,1980000000,1980年,人
39057,00700,全域,001,男,001,０歳,01000,北海道,1980000000,1980年,人
11039,00700,全域,001,男,001,０歳,02000,青森県,1980000000,1980年,人
9866,00700,全域,001,男,001,０歳,03000,岩手県,1980000000,1980年,人
15927,00700,全域,001,男,001,０歳,04000,宮城県,1980000000,1980年,人
8458,00700,全域,001,男,001,０歳,05000,秋田県,1980000000,1980年,人
8509,00700,全域,001,男,001,０歳,06000,山形県,1980000000,1980年,人
15022,00700,全域,001,男,001,０歳,07000,福島県,1980000000,1980年,人
18559,00700,全域,001,男,001,０歳,08000,茨城県,1980000000,1980年,人
13455,00700,全域,001,男,001,０歳,09000,栃木県,1980000000,1980年,人
12958,00700,全域,001,男,001,０歳,10000,群馬県,1980000000,1980年,人
39475,00700,全域,001,男,001,０歳,11000,埼玉県,1980000000,1980年,人
34545,00700,全域,001,男,001,０歳,12000,千葉県,1980000000,1980年,人
70617,00700,全域,001,男,001,０歳,13000,東京都,1980000000,1980年,人
48887,00700,全域,001,男,001,０歳,14000,神奈川県,1980000000,1980年,人
16884,00700,全域,001,男,001,０歳,15000,新潟県,1980000000,1980年,人
7070,00700,全域,001,男,001,０歳,16000,富山県,1980000000,1980年,人
7817,00700,全域,001,男,001,０歳,17000,石川県,1980000000,1980年,人
5525,00700,全域,001,男,001,０歳,18000,福井県,1980000000,1980年,人
5152,00700,全域,001,男,001,０歳,19000,山梨県,1980000000,1980年,人
14078,00700,全域,001,男,001,０歳,20000,長野県,1980000000,1980年,人
13332,00700,全域,001,男,001,０歳,21000,岐阜県,1980000000,1980年,人
24650,00700,全域,001,男,001,０歳,22000,静岡県,1980000000,1980年,人
45382,00700,全域,001,男,001,０歳,23000,愛知県,1980000000,1980年,人
10939,00700,全域,001,男,001,０歳,24000,三重県,1980000000,1980年,人
8412,00700,全域,001,男,001,０歳,25000,滋賀県,1980000000,1980年,人
16788,00700,全域,001,男,001,０歳,26000,京都府,1980000000,1980年,人
58006,00700,全域,001,男,001,０歳,27000,大阪府,1980000000,1980年,人
35868,00700,全域,001,男,001,０歳,28000,兵庫県,1980000000,1980年,人
8092,00700,全域,001,男,001,０歳,29000,奈良県,1980000000,1980年,人
6946,00700,全域,001,男,001,０歳,30000,和歌山県,1980000000,1980年,人
4317,00700,全域,001,男,001,０歳,31000,鳥取県,1980000000,1980年,人
5084,00700,全域,001,男,001,０歳,32000,島根県,1980000000,1980年,人
12541,00700,全域,001,男,001,０歳,33000,岡山県,1980000000,1980年,人
19194,00700,全域,001,男,001,０歳,34000,広島県,1980000000,1980年,人
10220,00700,全域,001,男,001,０歳,35000,山口県,1980000000,1980年,人
5398,00700,全域,001,男,001,０歳,36000,徳島県,1980000000,1980年,人
6791,00700,全域,001,男,001,０歳,37000,香川県,1980000000,1980年,人
10139,00700,全域,001,男,001,０歳,38000,愛媛県,1980000000,1980年,人
4945,00700,全域,001,男,001,０歳,39000,高知県,1980000000,1980年,人
33388,00700,全域,001,男,001,０歳,40000,福岡県,1980000000,1980年,人
6590,00700,全域,001,男,001,０歳,41000,佐賀県,1980000000,1980年,人
11328,00700,全域,001,男,001,０歳,42000,長崎県,1980000000,1980年,人
12518,00700,全域,001,男,001,０歳,43000,熊本県,1980000000,1980年,人
8382,00700,全域,001,男,001,０歳,44000,大分県,1980000000,1980年,人
8825,00700,全域,001,男,001,０歳,45000,宮崎県,1980000000,1980年,人
12453,00700,全域,001,男,001,０歳,46000,鹿児島県,1980000000,1980年,人
10313,00700,全域,001,男,001,０歳,47000,沖縄県,1980000000,1980年,人
839734,00700,全域,001,男,002,１歳,00000,全国,1980000000,1980年,人
645579,00700,全域,001,男,002,１歳,00001,全国市部,1980000000,1980年,人
194155,00700,全域,001,男,002,１歳,00002,全国郡部,1980000000,1980年,人
40575,00700,全域,001,男,002,１歳,01000,北海道,1980000000,1980年,人
11193,00700,全域,001,男,002,１歳,02000,青森県,1980000000,1980年,人
10201,00700,全域,001,男,002,１歳,03000,岩手県,1980000000,1980年,人
16183,00700,全域,001,男,002,１歳,04000,宮城県,1980000000,1980年,人
8647,00700,全域,001,男,002,１歳,05000,秋田県,1980000000,1980年,人
8744,00700,全域,001,男,002,１歳,06000,山形県,1980000000,1980年,人
15366,00700,全域,001,男,002,１歳,07000,福島県,1980000000,1980年,人
19400,00700,全域,001,男,002,１歳,08000,茨城県,1980000000,1980年,人
13834,00700,全域,001,男,002,１歳,09000,栃木県,1980000000,1980年,人
13676,00700,全域,001,男,002,１歳,10000,群馬県,1980000000,1980年,人
42301,00700,全域,001,男,002,１歳,11000,埼玉県,1980000000,1980年,人
36696,00700,全域,001,男,002,１歳,12000,千葉県,1980000000,1980年,人
71306,00700,全域,001,男,002,１歳,13000,東京都,1980000000,1980年,人
51447,00700,全域,001,男,002,１歳,14000,神奈川県,1980000000,1980年,人
17353,00700,全域,001,男,002,１歳,15000,新潟県,1980000000,1980年,人
7301,00700,全域,001,男,002,１歳,16000,富山県,1980000000,1980年,人
8063,00700,全域,001,男,002,１歳,17000,石川県,1980000000,1980年,人
5580,00700,全域,001,男,002,１歳,18000,福井県,1980000000,1980年,人
5353,00700,全域,001,男,002,１歳,19000,山梨県,1980000000,1980年,人
14342,00700,全域,001,男,002,１歳,20000,長野県,1980000000,1980年,人
13962,00700,全域,001,男,002,１歳,21000,岐阜県,1980000000,1980年,人
25463,00700,全域,001,男,002,１歳,22000,静岡県,1980000000,1980年,人
46807,00700,全域,001,男,002,１歳,23000,愛知県,1980000000,1980年,人
11422,00700,全域,001,男,002,１歳,24000,三重県,1980000000,1980年,人
8465,00700,全域,001,男,002,１歳,25000,滋賀県,1980000000,1980年,人
17625,00700,全域,001,男,002,１歳,26000,京都府,1980000000,1980年,人
59541,00700,全域,001,男,002,１歳,27000,大阪府,1980000000,1980年,人
36863,00700,全域,001,男,002,１歳,28000,兵庫県,1980000000,1980年,人
8542,00700,全域,001,男,002,１歳,29000,奈良県,1980000000,1980年,人
7006,00700,全域,001,男,002,１歳,30000,和歌山県,1980000000,1980年,人
4256,00700,全域,001,男,002,１歳,31000,鳥取県,1980000000,1980年,人
5225,00700,全域,001,男,002,１歳,32000,島根県,1980000000,1980年,人
12928,00700,全域,001,男,002,１歳,33000,岡山県,1980000000,1980年,人
19542,00700,全域,001,男,002,１歳,34000,広島県,1980000000,1980年,人
10584,00700,全域,001,男,002,１歳,35000,山口県,1980000000,1980年,人
5533,00700,全域,001,男,002,１歳,36000,徳島県,1980000000,1980年,人
6924,00700,全域,001,男,002,１歳,37000,香川県,1980000000,1980年,人
10412,00700,全域,001,男,002,１歳,38000,愛媛県,1980000000,1980年,人
5300,00700,全域,001,男,002,１歳,39000,高知県,1980000000,1980年,人
33997,00700,全域,001,男,002,１歳,40000,福岡県,1980000000,1980年,人
6536,00700,全域,001,男,002,１歳,41000,佐賀県,1980000000,1980年,人
12009,00700,全域,001,男,002,１歳,42000,長崎県,1980000000,1980年,人
12685,00700,全域,001,男,002,１歳,43000,熊本県,1980000000,1980年,人
8716,00700,全域,001,男,002,１歳,44000,大分県,1980000000,1980年,人
8972,00700,全域,001,男,002,１歳,45000,宮崎県,1980000000,1980年,人
12563,00700,全域,001,男,002,１歳,46000,鹿児島県,1980000000,1980年,人
10295,00700,全域,001,男,002,１歳,47000,沖縄県,1980000000,1980年,人
873852,00700,全域,001,男,003,２歳,00000,全国,1980000000,1980年,人
671144,00700,全域,001,男,003,２歳,00001,全国市部,1980000000,1980年,人
202708,00700,全域,001,男,003,２歳,00002,全国郡部,1980000000,1980年,人
41752,00700,全域,001,男,003,２歳,01000,北海道,1980000000,1980年,人
11535,00700,全域,001,男,003,２歳,02000,青森県,1980000000,1980年,人
10647,00700,全域,001,男,003,２歳,03000,岩手県,1980000000,1980年,人
16377,00700,全域,001,男,003,２歳,04000,宮城県,1980000000,1980年,人
8842,00700,全域,001,男,003,２歳,05000,秋田県,1980000000,1980年,人
8989,00700,全域,001,男,003,２歳,06000,山形県,1980000000,1980年,人
15642,00700,全域,001,男,003,２歳,07000,福島県,1980000000,1980年,人
20463,00700,全域,001,男,003,２歳,08000,茨城県,1980000000,1980年,人
14230,00700,全域,001,男,003,２歳,09000,栃木県,1980000000,1980年,人
14131,00700,全域,001,男,003,２歳,10000,群馬県,1980000000,1980年,人
45016,00700,全域,001,男,003,２歳,11000,埼玉県,1980000000,1980年,人
38629,00700,全域,001,男,003,２歳,12000,千葉県,1980000000,1980年,人
73377,00700,全域,001,男,003,２歳,13000,東京都,1980000000,1980年,人
52940,00700,全域,001,男,003,２歳,14000,神奈川県,1980000000,1980年,人
18209,00700,全域,001,男,003,２歳,15000,新潟県,1980000000,1980年,人
7985,00700,全域,001,男,003,２歳,16000,富山県,1980000000,1980年,人
8464,00700,全域,001,男,003,２歳,17000,石川県,1980000000,1980年,人
5936,00700,全域,001,男,003,２歳,18000,福井県,1980000000,1980年,人
5749,00700,全域,001,男,003,２歳,19000,山梨県,1980000000,1980年,人
15483,00700,全域,001,男,003,２歳,20000,長野県,1980000000,1980年,人
14723,00700,全域,001,男,003,２歳,21000,岐阜県,1980000000,1980年,人
26693,00700,全域,001,男,003,２歳,22000,静岡県,1980000000,1980年,人
48705,00700,全域,001,男,003,２歳,23000,愛知県,1980000000,1980年,人
11997,00700,全域,001,男,003,２歳,24000,三重県,1980000000,1980年,人
9115,00700,全域,001,男,003,２歳,25000,滋賀県,1980000000,1980年,人
18533,00700,全域,001,男,003,２歳,26000,京都府,1980000000,1980年,人
62708,00700,全域,001,男,003,２歳,27000,大阪府,1980000000,1980年,人
38330,00700,全域,001,男,003,２歳,28000,兵庫県,1980000000,1980年,人
9213,00700,全域,001,男,003,２歳,29000,奈良県,1980000000,1980年,人
7603,00700,全域,001,男,003,２歳,30000,和歌山県,1980000000,1980年,人
4351,00700,全域,001,男,003,２歳,31000,鳥取県,1980000000,1980年,人
5551,00700,全域,001,男,003,２歳,32000,島根県,1980000000,1980年,人
13540,00700,全域,001,男,003,２歳,33000,岡山県,1980000000,1980年,人
20600,00700,全域,001,男,003,２歳,34000,広島県,1980000000,1980年,人
10963,00700,全域,001,男,003,２歳,35000,山口県,1980000000,1980年,人
5619,00700,全域,001,男,003,２歳,36000,徳島県,1980000000,1980年,人
7215,00700,全域,001,男,003,２歳,37000,香川県,1980000000,1980年,人
10914,00700,全域,001,男,003,２歳,38000,愛媛県,1980000000,1980年,人
5548,00700,全域,001,男,003,２歳,39000,高知県,1980000000,1980年,人
34837,00700,全域,001,男,003,２歳,40000,福岡県,1980000000,1980年,人
6501,00700,全域,001,男,003,２歳,41000,佐賀県,1980000000,1980年,人
12009,00700,全域,001,男,003,２歳,42000,長崎県,1980000000,1980年,人
12753,00700,全域,001,男,003,２歳,43000,熊本県,1980000000,1980年,人
9040,00700,全域,001,男,003,２歳,44000,大分県,1980000000,1980年,人
9217,00700,全域,001,男,003,２歳,45000,宮崎県,1980000000,1980年,人
12788,00700,全域,001,男,003,２歳,46000,鹿児島県,1980000000,1980年,人
10390,00700,全域,001,男,003,２歳,47000,沖縄県,1980000000,1980年,人
896520,00700,全域,001,男,004,３歳,00000,全国,1980000000,1980年,人
687809,00700,全域,001,男,004,３歳,00001,全国市部,1980000000,1980年,人
208711,00700,全域,001,男,004,３歳,00002,全国郡部,1980000000,1980年,人
42507,00700,全域,001,男,004,３歳,01000,北海道,1980000000,1980年,人
11696,00700,全域,001,男,004,３歳,02000,青森県,1980000000,1980年,人
10740,00700,全域,001,男,004,３歳,03000,岩手県,1980000000,1980年,人
16644,00700,全域,001,男,004,３歳,04000,宮城県,1980000000,1980年,人
9042,00700,全域,001,男,004,３歳,05000,秋田県,1980000000,1980年,人
9123,00700,全域,001,男,004,３歳,06000,山形県,1980000000,1980年,人
15817,00700,全域,001,男,004,３歳,07000,福島県,1980000000,1980年,人
20971,00700,全域,001,男,004,３歳,08000,茨城県,1980000000,1980年,人
14709,00700,全域,001,男,004,３歳,09000,栃木県,1980000000,1980年,人
14421,00700,全域,001,男,004,３歳,10000,群馬県,1980000000,1980年,人
46376,00700,全域,001,男,004,３歳,11000,埼玉県,1980000000,1980年,人
39833,00700,全域,001,男,004,３歳,12000,千葉県,1980000000,1980年,人
73657,00700,全域,001,男,004,３歳,13000,東京都,1980000000,1980年,人
55199,00700,全域,001,男,004,３歳,14000,神奈川県,1980000000,1980年,人
18489,00700,全域,001,男,004,３歳,15000,新潟県,1980000000,1980年,人
8182,00700,全域,001,男,004,３歳,16000,富山県,1980000000,1980年,人
8875,00700,全域,001,男,004,３歳,17000,石川県,1980000000,1980年,人
5961,00700,全域,001,男,004,３歳,18000,福井県,1980000000,1980年,人
5701,00700,全域,001,男,004,３歳,19000,山梨県,1980000000,1980年,人
15619,00700,全域,001,男,004,３歳,20000,長野県,1980000000,1980年,人
15240,00700,全域,001,男,004,３歳,21000,岐阜県,1980000000,1980年,人
27196,00700,全域,001,男,004,３歳,22000,静岡県,1980000000,1980年,人
50223,00700,全域,001,男,004,３歳,23000,愛知県,1980000000,1980年,人
12410,00700,全域,001,男,004,３歳,24000,三重県,1980000000,1980年,人
9125,00700,全域,001,男,004,３歳,25000,滋賀県,1980000000,1980年,人
18798,00700,全域,001,男,004,３歳,26000,京都府,1980000000,1980年,人
64904,00700,全域,001,男,004,３歳,27000,大阪府,1980000000,1980年,人
40109,00700,全域,001,男,004,３歳,28000,兵庫県,1980000000,1980年,人
9442,00700,全域,001,男,004,３歳,29000,奈良県,1980000000,1980年,人
7743,00700,全域,001,男,004,３歳,30000,和歌山県,1980000000,1980年,人
4415,00700,全域,001,男,004,３歳,31000,鳥取県,1980000000,1980年,人
5706,00700,全域,001,男,004,３歳,32000,島根県,1980000000,1980年,人
13936,00700,全域,001,男,004,３歳,33000,岡山県,1980000000,1980年,人
21141,00700,全域,001,男,004,３歳,34000,広島県,1980000000,1980年,人
11578,00700,全域,001,男,004,３歳,35000,山口県,1980000000,1980年,人
5773,00700,全域,001,男,004,３歳,36000,徳島県,1980000000,1980年,人
7445,00700,全域,001,男,004,３歳,37000,香川県,1980000000,1980年,人
11235,00700,全域,001,男,004,３歳,38000,愛媛県,1980000000,1980年,人
5872,00700,全域,001,男,004,３歳,39000,高知県,1980000000,1980年,人
35247,00700,全域,001,男,004,３歳,40000,福岡県,1980000000,1980年,人
6750,00700,全域,001,男,004,３歳,41000,佐賀県,1980000000,1980年,人
12240,00700,全域,001,男,004,３歳,42000,長崎県,1980000000,1980年,人
13249,00700,全域,001,男,004,３歳,43000,熊本県,1980000000,1980年,人
9343,00700,全域,001,男,004,３歳,44000,大分県,1980000000,1980年,人
9606,00700,全域,001,男,004,３歳,45000,宮崎県,1980000000,1980年,人
13100,00700,全域,001,男,004,３歳,46000,鹿児島県,1980000000,1980年,人
11132,00700,全域,001,男,004,３歳,47000,沖縄県,1980000000,1980年,人
942253,00700,全域,001,男,005,４歳,00000,全国,1980000000,1980年,人
723594,00700,全域,001,男,005,４歳,00001,全国市部,1980000000,1980年,人
218659,00700,全域,001,男,005,４歳,00002,全国郡部,1980000000,1980年,人
44546,00700,全域,001,男,005,４歳,01000,北海道,1980000000,1980年,人
11986,00700,全域,001,男,005,４歳,02000,青森県,1980000000,1980年,人
11204,00700,全域,001,男,005,４歳,03000,岩手県,1980000000,1980年,人
17211,00700,全域,001,男,005,４歳,04000,宮城県,1980000000,1980年,人
9184,00700,全域,001,男,005,４歳,05000,秋田県,1980000000,1980年,人
9266,00700,全域,001,男,005,４歳,06000,山形県,1980000000,1980年,人
16521,00700,全域,001,男,005,４歳,07000,福島県,1980000000,1980年,人
21595,00700,全域,001,男,005,４歳,08000,茨城県,1980000000,1980年,人
15327,00700,全域,001,男,005,４歳,09000,栃木県,1980000000,1980年,人
15318,00700,全域,001,男,005,４歳,10000,群馬県,1980000000,1980年,人
50153,00700,全域,001,男,005,４歳,11000,埼玉県,1980000000,1980年,人
42257,00700,全域,001,男,005,４歳,12000,千葉県,1980000000,1980年,人
77361,00700,全域,001,男,005,４歳,13000,東京都,1980000000,1980年,人
57783,00700,全域,001,男,005,４歳,14000,神奈川県,1980000000,1980年,人
19247,00700,全域,001,男,005,４歳,15000,新潟県,1980000000,1980年,人
8904,00700,全域,001,男,005,４歳,16000,富山県,1980000000,1980年,人
9443,00700,全域,001,男,005,４歳,17000,石川県,1980000000,1980年,人
6328,00700,全域,001,男,005,４歳,18000,福井県,1980000000,1980年,人
6077,00700,全域,001,男,005,４歳,19000,山梨県,1980000000,1980年,人
16235,00700,全域,001,男,005,４歳,20000,長野県,1980000000,1980年,人
16058,00700,全域,001,男,005,４歳,21000,岐阜県,1980000000,1980年,人
29128,00700,全域,001,男,005,４歳,22000,静岡県,1980000000,1980年,人
53418,00700,全域,001,男,005,４歳,23000,愛知県,1980000000,1980年,人
13273,00700,全域,001,男,005,４歳,24000,三重県,1980000000,1980年,人
9463,00700,全域,001,男,005,４歳,25000,滋賀県,1980000000,1980年,人
19930,00700,全域,001,男,005,４歳,26000,京都府,1980000000,1980年,人
68789,00700,全域,001,男,005,４歳,27000,大阪府,1980000000,1980年,人
41757,00700,全域,001,男,005,４歳,28000,兵庫県,1980000000,1980年,人
9919,00700,全域,001,男,005,４歳,29000,奈良県,1980000000,1980年,人
8341,00700,全域,001,男,005,４歳,30000,和歌山県,1980000000,1980年,人
4551,00700,全域,001,男,005,４歳,31000,鳥取県,1980000000,1980年,人
5819,00700,全域,001,男,005,４歳,32000,島根県,1980000000,1980年,人
15097,00700,全域,001,男,005,４歳,33000,岡山県,1980000000,1980年,人
22801,00700,全域,001,男,005,４歳,34000,広島県,1980000000,1980年,人
12305,00700,全域,001,男,005,４歳,35000,山口県,1980000000,1980年,人
6034,00700,全域,001,男,005,４歳,36000,徳島県,1980000000,1980年,人
7867,00700,全域,001,男,005,４歳,37000,香川県,1980000000,1980年,人
11767,00700,全域,001,男,005,４歳,38000,愛媛県,1980000000,1980年,人
6137,00700,全域,001,男,005,４歳,39000,高知県,1980000000,1980年,人
36589,00700,全域,001,男,005,４歳,40000,福岡県,1980000000,1980年,人
6815,00700,全域,001,男,005,４歳,41000,佐賀県,1980000000,1980年,人
12946,00700,全域,001,男,005,４歳,42000,長崎県,1980000000,1980年,人
13497,00700,全域,001,男,005,４歳,43000,熊本県,1980000000,1980年,人
9757,00700,全域,001,男,005,４歳,44000,大分県,1980000000,1980年,人
9712,00700,全域,001,男,005,４歳,45000,宮崎県,1980000000,1980年,人
13366,00700,全域,001,男,005,４歳,46000,鹿児島県,1980000000,1980年,人
11171,00700,全域,001,男,005,４歳,47000,沖縄県,1980000000,1980年,人
987894,00700,全域,001,男,006,５歳,00000,全国,1980000000,1980年,人
760375,00700,全域,001,男,006,５歳,00001,全国市部,1980000000,1980年,人
227519,00700,全域,001,男,006,５歳,00002,全国郡部,1980000000,1980年,人
47232,00700,全域,001,男,006,５歳,01000,北海道,1980000000,1980年,人
12559,00700,全域,001,男,006,５歳,02000,青森県,1980000000,1980年,人
11532,00700,全域,001,男,006,５歳,03000,岩手県,1980000000,1980年,人
17292,00700,全域,001,男,006,５歳,04000,宮城県,1980000000,1980年,人
9170,00700,全域,001,男,006,５歳,05000,秋田県,1980000000,1980年,人
9213,00700,全域,001,男,006,５歳,06000,山形県,1980000000,1980年,人
16671,00700,全域,001,男,006,５歳,07000,福島県,1980000000,1980年,人
22872,00700,全域,001,男,006,５歳,08000,茨城県,1980000000,1980年,人
15916,00700,全域,001,男,006,５歳,09000,栃木県,1980000000,1980年,人
15629,00700,全域,001,男,006,５歳,10000,群馬県,1980000000,1980年,人
53471,00700,全域,001,男,006,５歳,11000,埼玉県,1980000000,1980年,人
44680,00700,全域,001,男,006,５歳,12000,千葉県,1980000000,1980年,人
81975,00700,全域,001,男,006,５歳,13000,東京都,1980000000,1980年,人
60895,00700,全域,001,男,006,５歳,14000,神奈川県,1980000000,1980年,人
19389,00700,全域,001,男,006,５歳,15000,新潟県,1980000000,1980年,人
9177,00700,全域,001,男,006,５歳,16000,富山県,1980000000,1980年,人
9953,00700,全域,001,男,006,５歳,17000,石川県,1980000000,1980年,人
6526,00700,全域,001,男,006,５歳,18000,福井県,1980000000,1980年,人
6369,00700,全域,001,男,006,５歳,19000,山梨県,1980000000,1980年,人
17018,00700,全域,001,男,006,５歳,20000,長野県,1980000000,1980年,人
17146,00700,全域,001,男,006,５歳,21000,岐阜県,1980000000,1980年,人
30417,00700,全域,001,男,006,５歳,22000,静岡県,1980000000,1980年,人
56375,00700,全域,001,男,006,５歳,23000,愛知県,1980000000,1980年,人
13857,00700,全域,001,男,006,５歳,24000,三重県,1980000000,1980年,人
9981,00700,全域,001,男,006,５歳,25000,滋賀県,1980000000,1980年,人
20879,00700,全域,001,男,006,５歳,26000,京都府,1980000000,1980年,人
73440,00700,全域,001,男,006,５歳,27000,大阪府,1980000000,1980年,人
44492,00700,全域,001,男,006,５歳,28000,兵庫県,1980000000,1980年,人
10677,00700,全域,001,男,006,５歳,29000,奈良県,1980000000,1980年,人
8635,00700,全域,001,男,006,５歳,30000,和歌山県,1980000000,1980年,人
4867,00700,全域,001,男,006,５歳,31000,鳥取県,1980000000,1980年,人
6046,00700,全域,001,男,006,５歳,32000,島根県,1980000000,1980年,人
15675,00700,全域,001,男,006,５歳,33000,岡山県,1980000000,1980年,人
23929,00700,全域,001,男,006,５歳,34000,広島県,1980000000,1980年,人
12733,00700,全域,001,男,006,５歳,35000,山口県,1980000000,1980年,人
6277,00700,全域,001,男,006,５歳,36000,徳島県,1980000000,1980年,人
8346,00700,全域,001,男,006,５歳,37000,香川県,1980000000,1980年,人
12474,00700,全域,001,男,006,５歳,38000,愛媛県,1980000000,1980年,人
6272,00700,全域,001,男,006,５歳,39000,高知県,1980000000,1980年,人
37806,00700,全域,001,男,006,５歳,40000,福岡県,1980000000,1980年,人
7243,00700,全域,001,男,006,５歳,41000,佐賀県,1980000000,1980年,人
13553,00700,全域,001,男,006,５歳,42000,長崎県,1980000000,1980年,人
14079,00700,全域,001,男,006,５歳,43000,熊本県,1980000000,1980年,人
9783,00700,全域,001,男,006,５歳,44000,大分県,1980000000,1980年,人
9859,00700,全域,001,男,006,５歳,45000,宮崎県,1980000000,1980年,人
13745,00700,全域,001,男,006,５歳,46000,鹿児島県,1980000000,1980年,人
11769,00700,全域,001,男,006,５歳,47000,沖縄県,1980000000,1980年,人
1043386,00700,全域,001,男,007,６歳,00000,全国,1980000000,1980年,人
805392,00700,全域,001,男,007,６歳,00001,全国市部,1980000000,1980年,人
237994,00700,全域,001,男,007,６歳,00002,全国郡部,1980000000,1980年,人
48357,00700,全域,001,男,007,６歳,01000,北海道,1980000000,1980年,人
13008,00700,全域,001,男,007,６歳,02000,青森県,1980000000,1980年,人
11840,00700,全域,001,男,007,６歳,03000,岩手県,1980000000,1980年,人
17958,00700,全域,001,男,007,６歳,04000,宮城県,1980000000,1980年,人
9500,00700,全域,001,男,007,６歳,05000,秋田県,1980000000,1980年,人
9419,00700,全域,001,男,007,６歳,06000,山形県,1980000000,1980年,人
17317,00700,全域,001,男,007,６歳,07000,福島県,1980000000,1980年,人
24237,00700,全域,001,男,007,６歳,08000,茨城県,1980000000,1980年,人
16809,00700,全域,001,男,007,６歳,09000,栃木県,1980000000,1980年,人
16859,00700,全域,001,男,007,６歳,10000,群馬県,1980000000,1980年,人
57150,00700,全域,001,男,007,６歳,11000,埼玉県,1980000000,1980年,人
47483,00700,全域,001,男,007,６歳,12000,千葉県,1980000000,1980年,人
88155,00700,全域,001,男,007,６歳,13000,東京都,1980000000,1980年,人
65565,00700,全域,001,男,007,６歳,14000,神奈川県,1980000000,1980年,人
20141,00700,全域,001,男,007,６歳,15000,新潟県,1980000000,1980年,人
9677,00700,全域,001,男,007,６歳,16000,富山県,1980000000,1980年,人
10378,00700,全域,001,男,007,６歳,17000,石川県,1980000000,1980年,人
6789,00700,全域,001,男,007,６歳,18000,福井県,1980000000,1980年,人
6518,00700,全域,001,男,007,６歳,19000,山梨県,1980000000,1980年,人
17887,00700,全域,001,男,007,６歳,20000,長野県,1980000000,1980年,人
17925,00700,全域,001,男,007,６歳,21000,岐阜県,1980000000,1980年,人
31504,00700,全域,001,男,007,６歳,22000,静岡県,1980000000,1980年,人
60310,00700,全域,001,男,007,６歳,23000,愛知県,1980000000,1980年,人
14564,00700,全域,001,男,007,６歳,24000,三重県,1980000000,1980年,人
10347,00700,全域,001,男,007,６歳,25000,滋賀県,1980000000,1980年,人
22231,00700,全域,001,男,007,６歳,26000,京都府,1980000000,1980年,人
79469,00700,全域,001,男,007,６歳,27000,大阪府,1980000000,1980年,人
46995,00700,全域,001,男,007,６歳,28000,兵庫県,1980000000,1980年,人
11398,00700,全域,001,男,007,６歳,29000,奈良県,1980000000,1980年,人
9380,00700,全域,001,男,007,６歳,30000,和歌山県,1980000000,1980年,人
4965,00700,全域,001,男,007,６歳,31000,鳥取県,1980000000,1980年,人
6322,00700,全域,001,男,007,６歳,32000,島根県,1980000000,1980年,人
16369,00700,全域,001,男,007,６歳,33000,岡山県,1980000000,1980年,人
25167,00700,全域,001,男,007,６歳,34000,広島県,1980000000,1980年,人
13576,00700,全域,001,男,007,６歳,35000,山口県,1980000000,1980年,人
6470,00700,全域,001,男,007,６歳,36000,徳島県,1980000000,1980年,人
8711,00700,全域,001,男,007,６歳,37000,香川県,1980000000,1980年,人
12887,00700,全域,001,男,007,６歳,38000,愛媛県,1980000000,1980年,人
6693,00700,全域,001,男,007,６歳,39000,高知県,1980000000,1980年,人
39724,00700,全域,001,男,007,６歳,40000,福岡県,1980000000,1980年,人
7273,00700,全域,001,男,007,６歳,41000,佐賀県,1980000000,1980年,人
14007,00700,全域,001,男,007,６歳,42000,長崎県,1980000000,1980年,人
14461,00700,全域,001,男,007,６歳,43000,熊本県,1980000000,1980年,人
10234,00700,全域,001,男,007,６歳,44000,大分県,1980000000,1980年,人
10442,00700,全域,001,男,007,６歳,45000,宮崎県,1980000000,1980年,人
14493,00700,全域,001,男,007,６歳,46000,鹿児島県,1980000000,1980年,人
12422,00700,全域,001,男,007,６歳,47000,沖縄県,1980000000,1980年,人
1057899,00700,全域,001,男,008,７歳,00000,全国,1980000000,1980年,人
819403,00700,全域,001,男,008,７歳,00001,全国市部,1980000000,1980年,人
238496,00700,全域,001,男,008,７歳,00002,全国郡部,1980000000,1980年,人
48645,00700,全域,001,男,008,７歳,01000,北海道,1980000000,1980年,人
13275,00700,全域,001,男,008,７歳,02000,青森県,1980000000,1980年,人
11883,00700,全域,001,男,008,７歳,03000,岩手県,1980000000,1980年,人
17774,00700,全域,001,男,008,７歳,04000,宮城県,1980000000,1980年,人
9264,00700,全域,001,男,008,７歳,05000,秋田県,1980000000,1980年,人
9394,00700,全域,001,男,008,７歳,06000,山形県,1980000000,1980年,人
16900,00700,全域,001,男,008,７歳,07000,福島県,1980000000,1980年,人
24380,00700,全域,001,男,008,７歳,08000,茨城県,1980000000,1980年,人
16779,00700,全域,001,男,008,７歳,09000,栃木県,1980000000,1980年,人
17146,00700,全域,001,男,008,７歳,10000,群馬県,1980000000,1980年,人
59265,00700,全域,001,男,008,７歳,11000,埼玉県,1980000000,1980年,人
48787,00700,全域,001,男,008,７歳,12000,千葉県,1980000000,1980年,人
92091,00700,全域,001,男,008,７歳,13000,東京都,1980000000,1980年,人
67581,00700,全域,001,男,008,７歳,14000,神奈川県,1980000000,1980年,人
20020,00700,全域,001,男,008,７歳,15000,新潟県,1980000000,1980年,人
9810,00700,全域,001,男,008,７歳,16000,富山県,1980000000,1980年,人
10473,00700,全域,001,男,008,７歳,17000,石川県,1980000000,1980年,人
7043,00700,全域,001,男,008,７歳,18000,福井県,1980000000,1980年,人
6562,00700,全域,001,男,008,７歳,19000,山梨県,1980000000,1980年,人
17491,00700,全域,001,男,008,７歳,20000,長野県,1980000000,1980年,人
18187,00700,全域,001,男,008,７歳,21000,岐阜県,1980000000,1980年,人
32159,00700,全域,001,男,008,７歳,22000,静岡県,1980000000,1980年,人
61048,00700,全域,001,男,008,７歳,23000,愛知県,1980000000,1980年,人
15060,00700,全域,001,男,008,７歳,24000,三重県,1980000000,1980年,人
10143,00700,全域,001,男,008,７歳,25000,滋賀県,1980000000,1980年,人
22606,00700,全域,001,男,008,７歳,26000,京都府,1980000000,1980年,人
81018,00700,全域,001,男,008,７歳,27000,大阪府,1980000000,1980年,人
48025,00700,全域,001,男,008,７歳,28000,兵庫県,1980000000,1980年,人
11560,00700,全域,001,男,008,７歳,29000,奈良県,1980000000,1980年,人
9462,00700,全域,001,男,008,７歳,30000,和歌山県,1980000000,1980年,人
4830,00700,全域,001,男,008,７歳,31000,鳥取県,1980000000,1980年,人
6372,00700,全域,001,男,008,７歳,32000,島根県,1980000000,1980年,人
16473,00700,全域,001,男,008,７歳,33000,岡山県,1980000000,1980年,人
25578,00700,全域,001,男,008,７歳,34000,広島県,1980000000,1980年,人
13616,00700,全域,001,男,008,７歳,35000,山口県,1980000000,1980年,人
6486,00700,全域,001,男,008,７歳,36000,徳島県,1980000000,1980年,人
8768,00700,全域,001,男,008,７歳,37000,香川県,1980000000,1980年,人
13038,00700,全域,001,男,008,７歳,38000,愛媛県,1980000000,1980年,人
6808,00700,全域,001,男,008,７歳,39000,高知県,1980000000,1980年,人
39725,00700,全域,001,男,008,７歳,40000,福岡県,1980000000,1980年,人
7320,00700,全域,001,男,008,７歳,41000,佐賀県,1980000000,1980年,人
14019,00700,全域,001,男,008,７歳,42000,長崎県,1980000000,1980年,人
14152,00700,全域,001,男,008,７歳,43000,熊本県,1980000000,1980年,人
10476,00700,全域,001,男,008,７歳,44000,大分県,1980000000,1980年,人
10089,00700,全域,001,男,008,７歳,45000,宮崎県,1980000000,1980年,人
14230,00700,全域,001,男,008,７歳,46000,鹿児島県,1980000000,1980年,人
12088,00700,全域,001,男,008,７歳,47000,沖縄県,1980000000,1980年,人
1038900,00700,全域,001,男,009,８歳,00000,全国,1980000000,1980年,人
805713,00700,全域,001,男,009,８歳,00001,全国市部,1980000000,1980年,人
233187,00700,全域,001,男,009,８歳,00002,全国郡部,1980000000,1980年,人
47760,00700,全域,001,男,009,８歳,01000,北海道,1980000000,1980年,人
13247,00700,全域,001,男,009,８歳,02000,青森県,1980000000,1980年,人
11489,00700,全域,001,男,009,８歳,03000,岩手県,1980000000,1980年,人
17125,00700,全域,001,男,009,８歳,04000,宮城県,1980000000,1980年,人
9104,00700,全域,001,男,009,８歳,05000,秋田県,1980000000,1980年,人
9236,00700,全域,001,男,009,８歳,06000,山形県,1980000000,1980年,人
16288,00700,全域,001,男,009,８歳,07000,福島県,1980000000,1980年,人
23736,00700,全域,001,男,009,８歳,08000,茨城県,1980000000,1980年,人
16220,00700,全域,001,男,009,８歳,09000,栃木県,1980000000,1980年,人
16730,00700,全域,001,男,009,８歳,10000,群馬県,1980000000,1980年,人
58064,00700,全域,001,男,009,８歳,11000,埼玉県,1980000000,1980年,人
48201,00700,全域,001,男,009,８歳,12000,千葉県,1980000000,1980年,人
91393,00700,全域,001,男,009,８歳,13000,東京都,1980000000,1980年,人
65984,00700,全域,001,男,009,８歳,14000,神奈川県,1980000000,1980年,人
19570,00700,全域,001,男,009,８歳,15000,新潟県,1980000000,1980年,人
9795,00700,全域,001,男,009,８歳,16000,富山県,1980000000,1980年,人
10300,00700,全域,001,男,009,８歳,17000,石川県,1980000000,1980年,人
6933,00700,全域,001,男,009,８歳,18000,福井県,1980000000,1980年,人
6671,00700,全域,001,男,009,８歳,19000,山梨県,1980000000,1980年,人
17043,00700,全域,001,男,009,８歳,20000,長野県,1980000000,1980年,人
18010,00700,全域,001,男,009,８歳,21000,岐阜県,1980000000,1980年,人
31165,00700,全域,001,男,009,８歳,22000,静岡県,1980000000,1980年,人
60448,00700,全域,001,男,009,８歳,23000,愛知県,1980000000,1980年,人
14861,00700,全域,001,男,009,８歳,24000,三重県,1980000000,1980年,人
10119,00700,全域,001,男,009,８歳,25000,滋賀県,1980000000,1980年,人
22211,00700,全域,001,男,009,８歳,26000,京都府,1980000000,1980年,人
80898,00700,全域,001,男,009,８歳,27000,大阪府,1980000000,1980年,人
47266,00700,全域,001,男,009,８歳,28000,兵庫県,1980000000,1980年,人
11318,00700,全域,001,男,009,８歳,29000,奈良県,1980000000,1980年,人
9304,00700,全域,001,男,009,８歳,30000,和歌山県,1980000000,1980年,人
4795,00700,全域,001,男,009,８歳,31000,鳥取県,1980000000,1980年,人
5997,00700,全域,001,男,009,８歳,32000,島根県,1980000000,1980年,人
16392,00700,全域,001,男,009,８歳,33000,岡山県,1980000000,1980年,人
24562,00700,全域,001,男,009,８歳,34000,広島県,1980000000,1980年,人
13564,00700,全域,001,男,009,８歳,35000,山口県,1980000000,1980年,人
6338,00700,全域,001,男,009,８歳,36000,徳島県,1980000000,1980年,人
8465,00700,全域,001,男,009,８歳,37000,香川県,1980000000,1980年,人
12803,00700,全域,001,男,009,８歳,38000,愛媛県,1980000000,1980年,人
6642,00700,全域,001,男,009,８歳,39000,高知県,1980000000,1980年,人
38782,00700,全域,001,男,009,８歳,40000,福岡県,1980000000,1980年,人
6991,00700,全域,001,男,009,８歳,41000,佐賀県,1980000000,1980年,人
13870,00700,全域,001,男,009,８歳,42000,長崎県,1980000000,1980年,人
13951,00700,全域,001,男,009,８歳,43000,熊本県,1980000000,1980年,人
10169,00700,全域,001,男,009,８歳,44000,大分県,1980000000,1980年,人
9669,00700,全域,001,男,009,８歳,45000,宮崎県,1980000000,1980年,人
13859,00700,全域,001,男,009,８歳,46000,鹿児島県,1980000000,1980年,人
11562,00700,全域,001,男,009,８歳,47000,沖縄県,1980000000,1980年,人
1014408,00700,全域,001,男,010,９歳,00000,全国,1980000000,1980年,人
785869,00700,全域,001,男,010,９歳,00001,全国市部,1980000000,1980年,人
228539,00700,全域,001,男,010,９歳,00002,全国郡部,1980000000,1980年,人
46717,00700,全域,001,男,010,９歳,01000,北海道,1980000000,1980年,人
13093,00700,全域,001,男,010,９歳,02000,青森県,1980000000,1980年,人
11153,00700,全域,001,男,010,９歳,03000,岩手県,1980000000,1980年,人
16874,00700,全域,001,男,010,９歳,04000,宮城県,1980000000,1980年,人
8919,00700,全域,001,男,010,９歳,05000,秋田県,1980000000,1980年,人
8903,00700,全域,001,男,010,９歳,06000,山形県,1980000000,1980年,人
16065,00700,全域,001,男,010,９歳,07000,福島県,1980000000,1980年,人
23247,00700,全域,001,男,010,９歳,08000,茨城県,1980000000,1980年,人
15874,00700,全域,001,男,010,９歳,09000,栃木県,1980000000,1980年,人
16304,00700,全域,001,男,010,９歳,10000,群馬県,1980000000,1980年,人
56477,00700,全域,001,男,010,９歳,11000,埼玉県,1980000000,1980年,人
47072,00700,全域,001,男,010,９歳,12000,千葉県,1980000000,1980年,人
89847,00700,全域,001,男,010,９歳,13000,東京都,1980000000,1980年,人
64998,00700,全域,001,男,010,９歳,14000,神奈川県,1980000000,1980年,人
19272,00700,全域,001,男,010,９歳,15000,新潟県,1980000000,1980年,人
9196,00700,全域,001,男,010,９歳,16000,富山県,1980000000,1980年,人
9803,00700,全域,001,男,010,９歳,17000,石川県,1980000000,1980年,人
6457,00700,全域,001,男,010,９歳,18000,福井県,1980000000,1980年,人
6705,00700,全域,001,男,010,９歳,19000,山梨県,1980000000,1980年,人
16954,00700,全域,001,男,010,９歳,20000,長野県,1980000000,1980年,人
17546,00700,全域,001,男,010,９歳,21000,岐阜県,1980000000,1980年,人
30510,00700,全域,001,男,010,９歳,22000,静岡県,1980000000,1980年,人
59216,00700,全域,001,男,010,９歳,23000,愛知県,1980000000,1980年,人
14310,00700,全域,001,男,010,９歳,24000,三重県,1980000000,1980年,人
9607,00700,全域,001,男,010,９歳,25000,滋賀県,1980000000,1980年,人
21357,00700,全域,001,男,010,９歳,26000,京都府,1980000000,1980年,人
79915,00700,全域,001,男,010,９歳,27000,大阪府,1980000000,1980年,人
45876,00700,全域,001,男,010,９歳,28000,兵庫県,1980000000,1980年,人
10860,00700,全域,001,男,010,９歳,29000,奈良県,1980000000,1980年,人
9245,00700,全域,001,男,010,９歳,30000,和歌山県,1980000000,1980年,人
4623,00700,全域,001,男,010,９歳,31000,鳥取県,1980000000,1980年,人
5816,00700,全域,001,男,010,９歳,32000,島根県,1980000000,1980年,人
15914,00700,全域,001,男,010,９歳,33000,岡山県,1980000000,1980年,人
23834,00700,全域,001,男,010,９歳,34000,広島県,1980000000,1980年,人
13215,00700,全域,001,男,010,９歳,35000,山口県,1980000000,1980年,人
6340,00700,全域,001,男,010,９歳,36000,徳島県,1980000000,1980年,人
8015,00700,全域,001,男,010,９歳,37000,香川県,1980000000,1980年,人
12301,00700,全域,001,男,010,９歳,38000,愛媛県,1980000000,1980年,人
6341,00700,全域,001,男,010,９歳,39000,高知県,1980000000,1980年,人
37699,00700,全域,001,男,010,９歳,40000,福岡県,1980000000,1980年,人
6954,00700,全域,001,男,010,９歳,41000,佐賀県,1980000000,1980年,人
13591,00700,全域,001,男,010,９歳,42000,長崎県,1980000000,1980年,人
13444,00700,全域,001,男,010,９歳,43000,熊本県,1980000000,1980年,人
9749,00700,全域,001,男,010,９歳,44000,大分県,1980000000,1980年,人
9295,00700,全域,001,男,010,９歳,45000,宮崎県,1980000000,1980年,人
13621,00700,全域,001,男,010,９歳,46000,鹿児島県,1980000000,1980年,人
11284,00700,全域,001,男,010,９歳,47000,沖縄県,1980000000,1980年,人
986691,00700,全域,001,男,011,１０歳,00000,全国,1980000000,1980年,人
761666,00700,全域,001,男,011,１０歳,00001,全国市部,1980000000,1980年,人
225025,00700,全域,001,男,011,１０歳,00002,全国郡部,1980000000,1980年,人
45409,00700,全域,001,男,011,１０歳,01000,北海道,1980000000,1980年,人
13404,00700,全域,001,男,011,１０歳,02000,青森県,1980000000,1980年,人
11523,00700,全域,001,男,011,１０歳,03000,岩手県,1980000000,1980年,人
16386,00700,全域,001,男,011,１０歳,04000,宮城県,1980000000,1980年,人
9100,00700,全域,001,男,011,１０歳,05000,秋田県,1980000000,1980年,人
8995,00700,全域,001,男,011,１０歳,06000,山形県,1980000000,1980年,人
15837,00700,全域,001,男,011,１０歳,07000,福島県,1980000000,1980年,人
22243,00700,全域,001,男,011,１０歳,08000,茨城県,1980000000,1980年,人
14947,00700,全域,001,男,011,１０歳,09000,栃木県,1980000000,1980年,人
15657,00700,全域,001,男,011,１０歳,10000,群馬県,1980000000,1980年,人
54119,00700,全域,001,男,011,１０歳,11000,埼玉県,1980000000,1980年,人
44585,00700,全域,001,男,011,１０歳,12000,千葉県,1980000000,1980年,人
88088,00700,全域,001,男,011,１０歳,13000,東京都,1980000000,1980年,人
62616,00700,全域,001,男,011,１０歳,14000,神奈川県,1980000000,1980年,人
19215,00700,全域,001,男,011,１０歳,15000,新潟県,1980000000,1980年,人
9016,00700,全域,001,男,011,１０歳,16000,富山県,1980000000,1980年,人
9369,00700,全域,001,男,011,１０歳,17000,石川県,1980000000,1980年,人
6395,00700,全域,001,男,011,１０歳,18000,福井県,1980000000,1980年,人
6636,00700,全域,001,男,011,１０歳,19000,山梨県,1980000000,1980年,人
16520,00700,全域,001,男,011,１０歳,20000,長野県,1980000000,1980年,人
17198,00700,全域,001,男,011,１０歳,21000,岐阜県,1980000000,1980年,人
29768,00700,全域,001,男,011,１０歳,22000,静岡県,1980000000,1980年,人
56619,00700,全域,001,男,011,１０歳,23000,愛知県,1980000000,1980年,人
14212,00700,全域,001,男,011,１０歳,24000,三重県,1980000000,1980年,人
9135,00700,全域,001,男,011,１０歳,25000,滋賀県,1980000000,1980年,人
20859,00700,全域,001,男,011,１０歳,26000,京都府,1980000000,1980年,人
77294,00700,全域,001,男,011,１０歳,27000,大阪府,1980000000,1980年,人
44483,00700,全域,001,男,011,１０歳,28000,兵庫県,1980000000,1980年,人
10748,00700,全域,001,男,011,１０歳,29000,奈良県,1980000000,1980年,人
9126,00700,全域,001,男,011,１０歳,30000,和歌山県,1980000000,1980年,人
4390,00700,全域,001,男,011,１０歳,31000,鳥取県,1980000000,1980年,人
5851,00700,全域,001,男,011,１０歳,32000,島根県,1980000000,1980年,人
15151,00700,全域,001,男,011,１０歳,33000,岡山県,1980000000,1980年,人
22994,00700,全域,001,男,011,１０歳,34000,広島県,1980000000,1980年,人
12613,00700,全域,001,男,011,１０歳,35000,山口県,1980000000,1980年,人
6170,00700,全域,001,男,011,１０歳,36000,徳島県,1980000000,1980年,人
7831,00700,全域,001,男,011,１０歳,37000,香川県,1980000000,1980年,人
12067,00700,全域,001,男,011,１０歳,38000,愛媛県,1980000000,1980年,人
6263,00700,全域,001,男,011,１０歳,39000,高知県,1980000000,1980年,人
36379,00700,全域,001,男,011,１０歳,40000,福岡県,1980000000,1980年,人
6900,00700,全域,001,男,011,１０歳,41000,佐賀県,1980000000,1980年,人
13418,00700,全域,001,男,011,１０歳,42000,長崎県,1980000000,1980年,人
13452,00700,全域,001,男,011,１０歳,43000,熊本県,1980000000,1980年,人
9561,00700,全域,001,男,011,１０歳,44000,大分県,1980000000,1980年,人
9362,00700,全域,001,男,011,１０歳,45000,宮崎県,1980000000,1980年,人
13533,00700,全域,001,男,011,１０歳,46000,鹿児島県,1980000000,1980年,人
11254,00700,全域,001,男,011,１０歳,47000,沖縄県,1980000000,1980年,人
969928,00700,全域,001,男,012,１１歳,00000,全国,1980000000,1980年,人
747182,00700,全域,001,男,012,１１歳,00001,全国市部,1980000000,1980年,人
222746,00700,全域,001,男,012,１１歳,00002,全国郡部,1980000000,1980年,人
45160,00700,全域,001,男,012,１１歳,01000,北海道,1980000000,1980年,人
13243,00700,全域,001,男,012,１１歳,02000,青森県,1980000000,1980年,人
11683,00700,全域,001,男,012,１１歳,03000,岩手県,1980000000,1980年,人
16014,00700,全域,001,男,012,１１歳,04000,宮城県,1980000000,1980年,人
9004,00700,全域,001,男,012,１１歳,05000,秋田県,1980000000,1980年,人
8924,00700,全域,001,男,012,１１歳,06000,山形県,1980000000,1980年,人
15489,00700,全域,001,男,012,１１歳,07000,福島県,1980000000,1980年,人
21573,00700,全域,001,男,012,１１歳,08000,茨城県,1980000000,1980年,人
14743,00700,全域,001,男,012,１１歳,09000,栃木県,1980000000,1980年,人
15292,00700,全域,001,男,012,１１歳,10000,群馬県,1980000000,1980年,人
52009,00700,全域,001,男,012,１１歳,11000,埼玉県,1980000000,1980年,人
43206,00700,全域,001,男,012,１１歳,12000,千葉県,1980000000,1980年,人
87479,00700,全域,001,男,012,１１歳,13000,東京都,1980000000,1980年,人
60768,00700,全域,001,男,012,１１歳,14000,神奈川県,1980000000,1980年,人
19572,00700,全域,001,男,012,１１歳,15000,新潟県,1980000000,1980年,人
9076,00700,全域,001,男,012,１１歳,16000,富山県,1980000000,1980年,人
8901,00700,全域,001,男,012,１１歳,17000,石川県,1980000000,1980年,人
6172,00700,全域,001,男,012,１１歳,18000,福井県,1980000000,1980年,人
6744,00700,全域,001,男,012,１１歳,19000,山梨県,1980000000,1980年,人
16546,00700,全域,001,男,012,１１歳,20000,長野県,1980000000,1980年,人
16607,00700,全域,001,男,012,１１歳,21000,岐阜県,1980000000,1980年,人
29390,00700,全域,001,男,012,１１歳,22000,静岡県,1980000000,1980年,人
54634,00700,全域,001,男,012,１１歳,23000,愛知県,1980000000,1980年,人
13658,00700,全域,001,男,012,１１歳,24000,三重県,1980000000,1980年,人
8854,00700,全域,001,男,012,１１歳,25000,滋賀県,1980000000,1980年,人
20214,00700,全域,001,男,012,１１歳,26000,京都府,1980000000,1980年,人
75870,00700,全域,001,男,012,１１歳,27000,大阪府,1980000000,1980年,人
43475,00700,全域,001,男,012,１１歳,28000,兵庫県,1980000000,1980年,人
10379,00700,全域,001,男,012,１１歳,29000,奈良県,1980000000,1980年,人
8852,00700,全域,001,男,012,１１歳,30000,和歌山県,1980000000,1980年,人
4390,00700,全域,001,男,012,１１歳,31000,鳥取県,1980000000,1980年,人
5770,00700,全域,001,男,012,１１歳,32000,島根県,1980000000,1980年,人
14868,00700,全域,001,男,012,１１歳,33000,岡山県,1980000000,1980年,人
22498,00700,全域,001,男,012,１１歳,34000,広島県,1980000000,1980年,人
12691,00700,全域,001,男,012,１１歳,35000,山口県,1980000000,1980年,人
6124,00700,全域,001,男,012,１１歳,36000,徳島県,1980000000,1980年,人
7588,00700,全域,001,男,012,１１歳,37000,香川県,1980000000,1980年,人
11897,00700,全域,001,男,012,１１歳,38000,愛媛県,1980000000,1980年,人
6032,00700,全域,001,男,012,１１歳,39000,高知県,1980000000,1980年,人
35896,00700,全域,001,男,012,１１歳,40000,福岡県,1980000000,1980年,人
6999,00700,全域,001,男,012,１１歳,41000,佐賀県,1980000000,1980年,人
14029,00700,全域,001,男,012,１１歳,42000,長崎県,1980000000,1980年,人
13621,00700,全域,001,男,012,１１歳,43000,熊本県,1980000000,1980年,人
9754,00700,全域,001,男,012,１１歳,44000,大分県,1980000000,1980年,人
9200,00700,全域,001,男,012,１１歳,45000,宮崎県,1980000000,1980年,人
13778,00700,全域,001,男,012,１１歳,46000,鹿児島県,1980000000,1980年,人
11262,00700,全域,001,男,012,１１歳,47000,沖縄県,1980000000,1980年,人
947950,00700,全域,001,男,013,１２歳,00000,全国,1980000000,1980年,人
726411,00700,全域,001,男,013,１２歳,00001,全国市部,1980000000,1980年,人
221539,00700,全域,001,男,013,１２歳,00002,全国郡部,1980000000,1980年,人
44615,00700,全域,001,男,013,１２歳,01000,北海道,1980000000,1980年,人
13497,00700,全域,001,男,013,１２歳,02000,青森県,1980000000,1980年,人
11749,00700,全域,001,男,013,１２歳,03000,岩手県,1980000000,1980年,人
15935,00700,全域,001,男,013,１２歳,04000,宮城県,1980000000,1980年,人
9277,00700,全域,001,男,013,１２歳,05000,秋田県,1980000000,1980年,人
9000,00700,全域,001,男,013,１２歳,06000,山形県,1980000000,1980年,人
15755,00700,全域,001,男,013,１２歳,07000,福島県,1980000000,1980年,人
21230,00700,全域,001,男,013,１２歳,08000,茨城県,1980000000,1980年,人
14124,00700,全域,001,男,013,１２歳,09000,栃木県,1980000000,1980年,人
15289,00700,全域,001,男,013,１２歳,10000,群馬県,1980000000,1980年,人
49648,00700,全域,001,男,013,１２歳,11000,埼玉県,1980000000,1980年,人
41535,00700,全域,001,男,013,１２歳,12000,千葉県,1980000000,1980年,人
85171,00700,全域,001,男,013,１２歳,13000,東京都,1980000000,1980年,人
58343,00700,全域,001,男,013,１２歳,14000,神奈川県,1980000000,1980年,人
19250,00700,全域,001,男,013,１２歳,15000,新潟県,1980000000,1980年,人
8351,00700,全域,001,男,013,１２歳,16000,富山県,1980000000,1980年,人
8718,00700,全域,001,男,013,１２歳,17000,石川県,1980000000,1980年,人
6337,00700,全域,001,男,013,１２歳,18000,福井県,1980000000,1980年,人
6585,00700,全域,001,男,013,１２歳,19000,山梨県,1980000000,1980年,人
16070,00700,全域,001,男,013,１２歳,20000,長野県,1980000000,1980年,人
16584,00700,全域,001,男,013,１２歳,21000,岐阜県,1980000000,1980年,人
28591,00700,全域,001,男,013,１２歳,22000,静岡県,1980000000,1980年,人
53527,00700,全域,001,男,013,１２歳,23000,愛知県,1980000000,1980年,人
13804,00700,全域,001,男,013,１２歳,24000,三重県,1980000000,1980年,人
8649,00700,全域,001,男,013,１２歳,25000,滋賀県,1980000000,1980年,人
19422,00700,全域,001,男,013,１２歳,26000,京都府,1980000000,1980年,人
72946,00700,全域,001,男,013,１２歳,27000,大阪府,1980000000,1980年,人
42149,00700,全域,001,男,013,１２歳,28000,兵庫県,1980000000,1980年,人
10005,00700,全域,001,男,013,１２歳,29000,奈良県,1980000000,1980年,人
8797,00700,全域,001,男,013,１２歳,30000,和歌山県,1980000000,1980年,人
4259,00700,全域,001,男,013,１２歳,31000,鳥取県,1980000000,1980年,人
5714,00700,全域,001,男,013,１２歳,32000,島根県,1980000000,1980年,人
14143,00700,全域,001,男,013,１２歳,33000,岡山県,1980000000,1980年,人
21666,00700,全域,001,男,013,１２歳,34000,広島県,1980000000,1980年,人
12152,00700,全域,001,男,013,１２歳,35000,山口県,1980000000,1980年,人
5952,00700,全域,001,男,013,１２歳,36000,徳島県,1980000000,1980年,人
7399,00700,全域,001,男,013,１２歳,37000,香川県,1980000000,1980年,人
12209,00700,全域,001,男,013,１２歳,38000,愛媛県,1980000000,1980年,人
5827,00700,全域,001,男,013,１２歳,39000,高知県,1980000000,1980年,人
35245,00700,全域,001,男,013,１２歳,40000,福岡県,1980000000,1980年,人
7064,00700,全域,001,男,013,１２歳,41000,佐賀県,1980000000,1980年,人
13743,00700,全域,001,男,013,１２歳,42000,長崎県,1980000000,1980年,人
13731,00700,全域,001,男,013,１２歳,43000,熊本県,1980000000,1980年,人
9550,00700,全域,001,男,013,１２歳,44000,大分県,1980000000,1980年,人
9099,00700,全域,001,男,013,１２歳,45000,宮崎県,1980000000,1980年,人
14087,00700,全域,001,男,013,１２歳,46000,鹿児島県,1980000000,1980年,人
11157,00700,全域,001,男,013,１２歳,47000,沖縄県,1980000000,1980年,人
950553,00700,全域,001,男,014,１３歳,00000,全国,1980000000,1980年,人
724681,00700,全域,001,男,014,１３歳,00001,全国市部,1980000000,1980年,人
225872,00700,全域,001,男,014,１３歳,00002,全国郡部,1980000000,1980年,人
45909,00700,全域,001,男,014,１３歳,01000,北海道,1980000000,1980年,人
13426,00700,全域,001,男,014,１３歳,02000,青森県,1980000000,1980年,人
11838,00700,全域,001,男,014,１３歳,03000,岩手県,1980000000,1980年,人
16185,00700,全域,001,男,014,１３歳,04000,宮城県,1980000000,1980年,人
9596,00700,全域,001,男,014,１３歳,05000,秋田県,1980000000,1980年,人
9411,00700,全域,001,男,014,１３歳,06000,山形県,1980000000,1980年,人
16378,00700,全域,001,男,014,１３歳,07000,福島県,1980000000,1980年,人
21204,00700,全域,001,男,014,１３歳,08000,茨城県,1980000000,1980年,人
14300,00700,全域,001,男,014,１３歳,09000,栃木県,1980000000,1980年,人
15336,00700,全域,001,男,014,１３歳,10000,群馬県,1980000000,1980年,人
49455,00700,全域,001,男,014,１３歳,11000,埼玉県,1980000000,1980年,人
40690,00700,全域,001,男,014,１３歳,12000,千葉県,1980000000,1980年,人
86053,00700,全域,001,男,014,１３歳,13000,東京都,1980000000,1980年,人
57308,00700,全域,001,男,014,１３歳,14000,神奈川県,1980000000,1980年,人
20049,00700,全域,001,男,014,１３歳,15000,新潟県,1980000000,1980年,人
8655,00700,全域,001,男,014,１３歳,16000,富山県,1980000000,1980年,人
8933,00700,全域,001,男,014,１３歳,17000,石川県,1980000000,1980年,人
6327,00700,全域,001,男,014,１３歳,18000,福井県,1980000000,1980年,人
6851,00700,全域,001,男,014,１３歳,19000,山梨県,1980000000,1980年,人
16230,00700,全域,001,男,014,１３歳,20000,長野県,1980000000,1980年,人
16480,00700,全域,001,男,014,１３歳,21000,岐阜県,1980000000,1980年,人
28742,00700,全域,001,男,014,１３歳,22000,静岡県,1980000000,1980年,人
51797,00700,全域,001,男,014,１３歳,23000,愛知県,1980000000,1980年,人
13557,00700,全域,001,男,014,１３歳,24000,三重県,1980000000,1980年,人
8481,00700,全域,001,男,014,１３歳,25000,滋賀県,1980000000,1980年,人
18973,00700,全域,001,男,014,１３歳,26000,京都府,1980000000,1980年,人
71311,00700,全域,001,男,014,１３歳,27000,大阪府,1980000000,1980年,人
41539,00700,全域,001,男,014,１３歳,28000,兵庫県,1980000000,1980年,人
9803,00700,全域,001,男,014,１３歳,29000,奈良県,1980000000,1980年,人
8750,00700,全域,001,男,014,１３歳,30000,和歌山県,1980000000,1980年,人
4539,00700,全域,001,男,014,１３歳,31000,鳥取県,1980000000,1980年,人
6121,00700,全域,001,男,014,１３歳,32000,島根県,1980000000,1980年,人
14199,00700,全域,001,男,014,１３歳,33000,岡山県,1980000000,1980年,人
21440,00700,全域,001,男,014,１３歳,34000,広島県,1980000000,1980年,人
12432,00700,全域,001,男,014,１３歳,35000,山口県,1980000000,1980年,人
6427,00700,全域,001,男,014,１３歳,36000,徳島県,1980000000,1980年,人
7407,00700,全域,001,男,014,１３歳,37000,香川県,1980000000,1980年,人
11970,00700,全域,001,男,014,１３歳,38000,愛媛県,1980000000,1980年,人
5919,00700,全域,001,男,014,１３歳,39000,高知県,1980000000,1980年,人
35417,00700,全域,001,男,014,１３歳,40000,福岡県,1980000000,1980年,人
6988,00700,全域,001,男,014,１３歳,41000,佐賀県,1980000000,1980年,人
14167,00700,全域,001,男,014,１３歳,42000,長崎県,1980000000,1980年,人
14607,00700,全域,001,男,014,１３歳,43000,熊本県,1980000000,1980年,人
9975,00700,全域,001,男,014,１３歳,44000,大分県,1980000000,1980年,人
9345,00700,全域,001,男,014,１３歳,45000,宮崎県,1980000000,1980年,人
15151,00700,全域,001,男,014,１３歳,46000,鹿児島県,1980000000,1980年,人
10882,00700,全域,001,男,014,１３歳,47000,沖縄県,1980000000,1980年,人
739691,00700,全域,001,男,015,１４歳,00000,全国,1980000000,1980年,人
564340,00700,全域,001,男,015,１４歳,00001,全国市部,1980000000,1980年,人
175351,00700,全域,001,男,015,１４歳,00002,全国郡部,1980000000,1980年,人
36274,00700,全域,001,男,015,１４歳,01000,北海道,1980000000,1980年,人
10994,00700,全域,001,男,015,１４歳,02000,青森県,1980000000,1980年,人
9672,00700,全域,001,男,015,１４歳,03000,岩手県,1980000000,1980年,人
12764,00700,全域,001,男,015,１４歳,04000,宮城県,1980000000,1980年,人
7690,00700,全域,001,男,015,１４歳,05000,秋田県,1980000000,1980年,人
7273,00700,全域,001,男,015,１４歳,06000,山形県,1980000000,1980年,人
12998,00700,全域,001,男,015,１４歳,07000,福島県,1980000000,1980年,人
15914,00700,全域,001,男,015,１４歳,08000,茨城県,1980000000,1980年,人
11004,00700,全域,001,男,015,１４歳,09000,栃木県,1980000000,1980年,人
11083,00700,全域,001,男,015,１４歳,10000,群馬県,1980000000,1980年,人
36948,00700,全域,001,男,015,１４歳,11000,埼玉県,1980000000,1980年,人
30224,00700,全域,001,男,015,１４歳,12000,千葉県,1980000000,1980年,人
70528,00700,全域,001,男,015,１４歳,13000,東京都,1980000000,1980年,人
44813,00700,全域,001,男,015,１４歳,14000,神奈川県,1980000000,1980年,人
15409,00700,全域,001,男,015,１４歳,15000,新潟県,1980000000,1980年,人
6453,00700,全域,001,男,015,１４歳,16000,富山県,1980000000,1980年,人
6765,00700,全域,001,男,015,１４歳,17000,石川県,1980000000,1980年,人
4453,00700,全域,001,男,015,１４歳,18000,福井県,1980000000,1980年,人
5503,00700,全域,001,男,015,１４歳,19000,山梨県,1980000000,1980年,人
13107,00700,全域,001,男,015,１４歳,20000,長野県,1980000000,1980年,人
12238,00700,全域,001,男,015,１４歳,21000,岐阜県,1980000000,1980年,人
21618,00700,全域,001,男,015,１４歳,22000,静岡県,1980000000,1980年,人
39606,00700,全域,001,男,015,１４歳,23000,愛知県,1980000000,1980年,人
9985,00700,全域,001,男,015,１４歳,24000,三重県,1980000000,1980年,人
6310,00700,全域,001,男,015,１４歳,25000,滋賀県,1980000000,1980年,人
15029,00700,全域,001,男,015,１４歳,26000,京都府,1980000000,1980年,人
55923,00700,全域,001,男,015,１４歳,27000,大阪府,1980000000,1980年,人
32660,00700,全域,001,男,015,１４歳,28000,兵庫県,1980000000,1980年,人
7174,00700,全域,001,男,015,１４歳,29000,奈良県,1980000000,1980年,人
6624,00700,全域,001,男,015,１４歳,30000,和歌山県,1980000000,1980年,人
3399,00700,全域,001,男,015,１４歳,31000,鳥取県,1980000000,1980年,人
4730,00700,全域,001,男,015,１４歳,32000,島根県,1980000000,1980年,人
11179,00700,全域,001,男,015,１４歳,33000,岡山県,1980000000,1980年,人
16311,00700,全域,001,男,015,１４歳,34000,広島県,1980000000,1980年,人
9221,00700,全域,001,男,015,１４歳,35000,山口県,1980000000,1980年,人
4807,00700,全域,001,男,015,１４歳,36000,徳島県,1980000000,1980年,人
5342,00700,全域,001,男,015,１４歳,37000,香川県,1980000000,1980年,人
9107,00700,全域,001,男,015,１４歳,38000,愛媛県,1980000000,1980年,人
4472,00700,全域,001,男,015,１４歳,39000,高知県,1980000000,1980年,人
27869,00700,全域,001,男,015,１４歳,40000,福岡県,1980000000,1980年,人
5936,00700,全域,001,男,015,１４歳,41000,佐賀県,1980000000,1980年,人
11785,00700,全域,001,男,015,１４歳,42000,長崎県,1980000000,1980年,人
11799,00700,全域,001,男,015,１４歳,43000,熊本県,1980000000,1980年,人
7267,00700,全域,001,男,015,１４歳,44000,大分県,1980000000,1980年,人
7442,00700,全域,001,男,015,１４歳,45000,宮崎県,1980000000,1980年,人
12757,00700,全域,001,男,015,１４歳,46000,鹿児島県,1980000000,1980年,人
9232,00700,全域,001,男,015,１４歳,47000,沖縄県,1980000000,1980年,人
918958,00700,全域,001,男,016,１５歳,00000,全国,1980000000,1980年,人
698742,00700,全域,001,男,016,１５歳,00001,全国市部,1980000000,1980年,人
220216,00700,全域,001,男,016,１５歳,00002,全国郡部,1980000000,1980年,人
44678,00700,全域,001,男,016,１５歳,01000,北海道,1980000000,1980年,人
13593,00700,全域,001,男,016,１５歳,02000,青森県,1980000000,1980年,人
11958,00700,全域,001,男,016,１５歳,03000,岩手県,1980000000,1980年,人
15559,00700,全域,001,男,016,１５歳,04000,宮城県,1980000000,1980年,人
9839,00700,全域,001,男,016,１５歳,05000,秋田県,1980000000,1980年,人
9544,00700,全域,001,男,016,１５歳,06000,山形県,1980000000,1980年,人
16627,00700,全域,001,男,016,１５歳,07000,福島県,1980000000,1980年,人
19905,00700,全域,001,男,016,１５歳,08000,茨城県,1980000000,1980年,人
13754,00700,全域,001,男,016,１５歳,09000,栃木県,1980000000,1980年,人
14546,00700,全域,001,男,016,１５歳,10000,群馬県,1980000000,1980年,人
43807,00700,全域,001,男,016,１５歳,11000,埼玉県,1980000000,1980年,人
37240,00700,全域,001,男,016,１５歳,12000,千葉県,1980000000,1980年,人
84279,00700,全域,001,男,016,１５歳,13000,東京都,1980000000,1980年,人
53458,00700,全域,001,男,016,１５歳,14000,神奈川県,1980000000,1980年,人
19495,00700,全域,001,男,016,１５歳,15000,新潟県,1980000000,1980年,人
8152,00700,全域,001,男,016,１５歳,16000,富山県,1980000000,1980年,人
8467,00700,全域,001,男,016,１５歳,17000,石川県,1980000000,1980年,人
6444,00700,全域,001,男,016,１５歳,18000,福井県,1980000000,1980年,人
6710,00700,全域,001,男,016,１５歳,19000,山梨県,1980000000,1980年,人
16030,00700,全域,001,男,016,１５歳,20000,長野県,1980000000,1980年,人
16462,00700,全域,001,男,016,１５歳,21000,岐阜県,1980000000,1980年,人
28145,00700,全域,001,男,016,１５歳,22000,静岡県,1980000000,1980年,人
50681,00700,全域,001,男,016,１５歳,23000,愛知県,1980000000,1980年,人
14360,00700,全域,001,男,016,１５歳,24000,三重県,1980000000,1980年,人
8346,00700,全域,001,男,016,１５歳,25000,滋賀県,1980000000,1980年,人
18377,00700,全域,001,男,016,１５歳,26000,京都府,1980000000,1980年,人
68425,00700,全域,001,男,016,１５歳,27000,大阪府,1980000000,1980年,人
39426,00700,全域,001,男,016,１５歳,28000,兵庫県,1980000000,1980年,人
9304,00700,全域,001,男,016,１５歳,29000,奈良県,1980000000,1980年,人
8851,00700,全域,001,男,016,１５歳,30000,和歌山県,1980000000,1980年,人
4533,00700,全域,001,男,016,１５歳,31000,鳥取県,1980000000,1980年,人
5894,00700,全域,001,男,016,１５歳,32000,島根県,1980000000,1980年,人
14200,00700,全域,001,男,016,１５歳,33000,岡山県,1980000000,1980年,人
20435,00700,全域,001,男,016,１５歳,34000,広島県,1980000000,1980年,人
12038,00700,全域,001,男,016,１５歳,35000,山口県,1980000000,1980年,人
6402,00700,全域,001,男,016,１５歳,36000,徳島県,1980000000,1980年,人
7432,00700,全域,001,男,016,１５歳,37000,香川県,1980000000,1980年,人
12356,00700,全域,001,男,016,１５歳,38000,愛媛県,1980000000,1980年,人
6032,00700,全域,001,男,016,１５歳,39000,高知県,1980000000,1980年,人
33161,00700,全域,001,男,016,１５歳,40000,福岡県,1980000000,1980年,人
6969,00700,全域,001,男,016,１５歳,41000,佐賀県,1980000000,1980年,人
14043,00700,全域,001,男,016,１５歳,42000,長崎県,1980000000,1980年,人
14575,00700,全域,001,男,016,１５歳,43000,熊本県,1980000000,1980年,人
9667,00700,全域,001,男,016,１５歳,44000,大分県,1980000000,1980年,人
9278,00700,全域,001,男,016,１５歳,45000,宮崎県,1980000000,1980年,人
15007,00700,全域,001,男,016,１５歳,46000,鹿児島県,1980000000,1980年,人
10474,00700,全域,001,男,016,１５歳,47000,沖縄県,1980000000,1980年,人
861039,00700,全域,001,男,017,１６歳,00000,全国,1980000000,1980年,人
653948,00700,全域,001,男,017,１６歳,00001,全国市部,1980000000,1980年,人
207091,00700,全域,001,男,017,１６歳,00002,全国郡部,1980000000,1980年,人
42965,00700,全域,001,男,017,１６歳,01000,北海道,1980000000,1980年,人
13121,00700,全域,001,男,017,１６歳,02000,青森県,1980000000,1980年,人
11737,00700,全域,001,男,017,１６歳,03000,岩手県,1980000000,1980年,人
15071,00700,全域,001,男,017,１６歳,04000,宮城県,1980000000,1980年,人
9694,00700,全域,001,男,017,１６歳,05000,秋田県,1980000000,1980年,人
9599,00700,全域,001,男,017,１６歳,06000,山形県,1980000000,1980年,人
16308,00700,全域,001,男,017,１６歳,07000,福島県,1980000000,1980年,人
18650,00700,全域,001,男,017,１６歳,08000,茨城県,1980000000,1980年,人
12984,00700,全域,001,男,017,１６歳,09000,栃木県,1980000000,1980年,人
13640,00700,全域,001,男,017,１６歳,10000,群馬県,1980000000,1980年,人
39589,00700,全域,001,男,017,１６歳,11000,埼玉県,1980000000,1980年,人
33673,00700,全域,001,男,017,１６歳,12000,千葉県,1980000000,1980年,人
78516,00700,全域,001,男,017,１６歳,13000,東京都,1980000000,1980年,人
48271,00700,全域,001,男,017,１６歳,14000,神奈川県,1980000000,1980年,人
18543,00700,全域,001,男,017,１６歳,15000,新潟県,1980000000,1980年,人
7908,00700,全域,001,男,017,１６歳,16000,富山県,1980000000,1980年,人
8057,00700,全域,001,男,017,１６歳,17000,石川県,1980000000,1980年,人
5950,00700,全域,001,男,017,１６歳,18000,福井県,1980000000,1980年,人
6660,00700,全域,001,男,017,１６歳,19000,山梨県,1980000000,1980年,人
14909,00700,全域,001,男,017,１６歳,20000,長野県,1980000000,1980年,人
15172,00700,全域,001,男,017,１６歳,21000,岐阜県,1980000000,1980年,人
26067,00700,全域,001,男,017,１６歳,22000,静岡県,1980000000,1980年,人
45866,00700,全域,001,男,017,１６歳,23000,愛知県,1980000000,1980年,人
13699,00700,全域,001,男,017,１６歳,24000,三重県,1980000000,1980年,人
7522,00700,全域,001,男,017,１６歳,25000,滋賀県,1980000000,1980年,人
17005,00700,全域,001,男,017,１６歳,26000,京都府,1980000000,1980年,人
61696,00700,全域,001,男,017,１６歳,27000,大阪府,1980000000,1980年,人
36655,00700,全域,001,男,017,１６歳,28000,兵庫県,1980000000,1980年,人
8926,00700,全域,001,男,017,１６歳,29000,奈良県,1980000000,1980年,人
8210,00700,全域,001,男,017,１６歳,30000,和歌山県,1980000000,1980年,人
4507,00700,全域,001,男,017,１６歳,31000,鳥取県,1980000000,1980年,人
5912,00700,全域,001,男,017,１６歳,32000,島根県,1980000000,1980年,人
13585,00700,全域,001,男,017,１６歳,33000,岡山県,1980000000,1980年,人
18971,00700,全域,001,男,017,１６歳,34000,広島県,1980000000,1980年,人
11427,00700,全域,001,男,017,１６歳,35000,山口県,1980000000,1980年,人
6078,00700,全域,001,男,017,１６歳,36000,徳島県,1980000000,1980年,人
7002,00700,全域,001,男,017,１６歳,37000,香川県,1980000000,1980年,人
11615,00700,全域,001,男,017,１６歳,38000,愛媛県,1980000000,1980年,人
5705,00700,全域,001,男,017,１６歳,39000,高知県,1980000000,1980年,人
31228,00700,全域,001,男,017,１６歳,40000,福岡県,1980000000,1980年,人
6640,00700,全域,001,男,017,１６歳,41000,佐賀県,1980000000,1980年,人
13448,00700,全域,001,男,017,１６歳,42000,長崎県,1980000000,1980年,人
14131,00700,全域,001,男,017,１６歳,43000,熊本県,1980000000,1980年,人
9303,00700,全域,001,男,017,１６歳,44000,大分県,1980000000,1980年,人
9185,00700,全域,001,男,017,１６歳,45000,宮崎県,1980000000,1980年,人
15213,00700,全域,001,男,017,１６歳,46000,鹿児島県,1980000000,1980年,人
10426,00700,全域,001,男,017,１６歳,47000,沖縄県,1980000000,1980年,人
836807,00700,全域,001,男,018,１７歳,00000,全国,1980000000,1980年,人
631666,00700,全域,001,男,018,１７歳,00001,全国市部,1980000000,1980年,人
205141,00700,全域,001,男,018,１７歳,00002,全国郡部,1980000000,1980年,人
42250,00700,全域,001,男,018,１７歳,01000,北海道,1980000000,1980年,人
12573,00700,全域,001,男,018,１７歳,02000,青森県,1980000000,1980年,人
11656,00700,全域,001,男,018,１７歳,03000,岩手県,1980000000,1980年,人
14990,00700,全域,001,男,018,１７歳,04000,宮城県,1980000000,1980年,人
9818,00700,全域,001,男,018,１７歳,05000,秋田県,1980000000,1980年,人
9537,00700,全域,001,男,018,１７歳,06000,山形県,1980000000,1980年,人
16296,00700,全域,001,男,018,１７歳,07000,福島県,1980000000,1980年,人
18031,00700,全域,001,男,018,１７歳,08000,茨城県,1980000000,1980年,人
12962,00700,全域,001,男,018,１７歳,09000,栃木県,1980000000,1980年,人
12855,00700,全域,001,男,018,１７歳,10000,群馬県,1980000000,1980年,人
36606,00700,全域,001,男,018,１７歳,11000,埼玉県,1980000000,1980年,人
31710,00700,全域,001,男,018,１７歳,12000,千葉県,1980000000,1980年,人
75735,00700,全域,001,男,018,１７歳,13000,東京都,1980000000,1980年,人
45935,00700,全域,001,男,018,１７歳,14000,神奈川県,1980000000,1980年,人
18310,00700,全域,001,男,018,１７歳,15000,新潟県,1980000000,1980年,人
7766,00700,全域,001,男,018,１７歳,16000,富山県,1980000000,1980年,人
7909,00700,全域,001,男,018,１７歳,17000,石川県,1980000000,1980年,人
5984,00700,全域,001,男,018,１７歳,18000,福井県,1980000000,1980年,人
6478,00700,全域,001,男,018,１７歳,19000,山梨県,1980000000,1980年,人
15091,00700,全域,001,男,018,１７歳,20000,長野県,1980000000,1980年,人
14923,00700,全域,001,男,018,１７歳,21000,岐阜県,1980000000,1980年,人
25285,00700,全域,001,男,018,１７歳,22000,静岡県,1980000000,1980年,人
44801,00700,全域,001,男,018,１７歳,23000,愛知県,1980000000,1980年,人
12945,00700,全域,001,男,018,１７歳,24000,三重県,1980000000,1980年,人
7226,00700,全域,001,男,018,１７歳,25000,滋賀県,1980000000,1980年,人
16211,00700,全域,001,男,018,１７歳,26000,京都府,1980000000,1980年,人
59510,00700,全域,001,男,018,１７歳,27000,大阪府,1980000000,1980年,人
35792,00700,全域,001,男,018,１７歳,28000,兵庫県,1980000000,1980年,人
8408,00700,全域,001,男,018,１７歳,29000,奈良県,1980000000,1980年,人
8028,00700,全域,001,男,018,１７歳,30000,和歌山県,1980000000,1980年,人
4466,00700,全域,001,男,018,１７歳,31000,鳥取県,1980000000,1980年,人
5719,00700,全域,001,男,018,１７歳,32000,島根県,1980000000,1980年,人
12826,00700,全域,001,男,018,１７歳,33000,岡山県,1980000000,1980年,人
18296,00700,全域,001,男,018,１７歳,34000,広島県,1980000000,1980年,人
11188,00700,全域,001,男,018,１７歳,35000,山口県,1980000000,1980年,人
5894,00700,全域,001,男,018,１７歳,36000,徳島県,1980000000,1980年,人
6567,00700,全域,001,男,018,１７歳,37000,香川県,1980000000,1980年,人
11302,00700,全域,001,男,018,１７歳,38000,愛媛県,1980000000,1980年,人
5828,00700,全域,001,男,018,１７歳,39000,高知県,1980000000,1980年,人
30826,00700,全域,001,男,018,１７歳,40000,福岡県,1980000000,1980年,人
6781,00700,全域,001,男,018,１７歳,41000,佐賀県,1980000000,1980年,人
13795,00700,全域,001,男,018,１７歳,42000,長崎県,1980000000,1980年,人
13927,00700,全域,001,男,018,１７歳,43000,熊本県,1980000000,1980年,人
9296,00700,全域,001,男,018,１７歳,44000,大分県,1980000000,1980年,人
8950,00700,全域,001,男,018,１７歳,45000,宮崎県,1980000000,1980年,人
15096,00700,全域,001,男,018,１７歳,46000,鹿児島県,1980000000,1980年,人
10429,00700,全域,001,男,018,１７歳,47000,沖縄県,1980000000,1980年,人
810042,00700,全域,001,男,019,１８歳,00000,全国,1980000000,1980年,人
640196,00700,全域,001,男,019,１８歳,00001,全国市部,1980000000,1980年,人
169846,00700,全域,001,男,019,１８歳,00002,全国郡部,1980000000,1980年,人
40379,00700,全域,001,男,019,１８歳,01000,北海道,1980000000,1980年,人
10911,00700,全域,001,男,019,１８歳,02000,青森県,1980000000,1980年,人
9513,00700,全域,001,男,019,１８歳,03000,岩手県,1980000000,1980年,人
16584,00700,全域,001,男,019,１８歳,04000,宮城県,1980000000,1980年,人
7982,00700,全域,001,男,019,１８歳,05000,秋田県,1980000000,1980年,人
7945,00700,全域,001,男,019,１８歳,06000,山形県,1980000000,1980年,人
13608,00700,全域,001,男,019,１８歳,07000,福島県,1980000000,1980年,人
16198,00700,全域,001,男,019,１８歳,08000,茨城県,1980000000,1980年,人
10815,00700,全域,001,男,019,１８歳,09000,栃木県,1980000000,1980年,人
11491,00700,全域,001,男,019,１８歳,10000,群馬県,1980000000,1980年,人
37047,00700,全域,001,男,019,１８歳,11000,埼玉県,1980000000,1980年,人
31600,00700,全域,001,男,019,１８歳,12000,千葉県,1980000000,1980年,人
95283,00700,全域,001,男,019,１８歳,13000,東京都,1980000000,1980年,人
52262,00700,全域,001,男,019,１８歳,14000,神奈川県,1980000000,1980年,人
14897,00700,全域,001,男,019,１８歳,15000,新潟県,1980000000,1980年,人
6318,00700,全域,001,男,019,１８歳,16000,富山県,1980000000,1980年,人
7207,00700,全域,001,男,019,１８歳,17000,石川県,1980000000,1980年,人
4907,00700,全域,001,男,019,１８歳,18000,福井県,1980000000,1980年,人
5300,00700,全域,001,男,019,１８歳,19000,山梨県,1980000000,1980年,人
12155,00700,全域,001,男,019,１８歳,20000,長野県,1980000000,1980年,人
12749,00700,全域,001,男,019,１８歳,21000,岐阜県,1980000000,1980年,人
21745,00700,全域,001,男,019,１８歳,22000,静岡県,1980000000,1980年,人
47619,00700,全域,001,男,019,１８歳,23000,愛知県,1980000000,1980年,人
10558,00700,全域,001,男,019,１８歳,24000,三重県,1980000000,1980年,人
6972,00700,全域,001,男,019,１８歳,25000,滋賀県,1980000000,1980年,人
19490,00700,全域,001,男,019,１８歳,26000,京都府,1980000000,1980年,人
63800,00700,全域,001,男,019,１８歳,27000,大阪府,1980000000,1980年,人
33467,00700,全域,001,男,019,１８歳,28000,兵庫県,1980000000,1980年,人
8117,00700,全域,001,男,019,１８歳,29000,奈良県,1980000000,1980年,人
6657,00700,全域,001,男,019,１８歳,30000,和歌山県,1980000000,1980年,人
3738,00700,全域,001,男,019,１８歳,31000,鳥取県,1980000000,1980年,人
4397,00700,全域,001,男,019,１８歳,32000,島根県,1980000000,1980年,人
11375,00700,全域,001,男,019,１８歳,33000,岡山県,1980000000,1980年,人
17299,00700,全域,001,男,019,１８歳,34000,広島県,1980000000,1980年,人
9173,00700,全域,001,男,019,１８歳,35000,山口県,1980000000,1980年,人
4747,00700,全域,001,男,019,１８歳,36000,徳島県,1980000000,1980年,人
5744,00700,全域,001,男,019,１８歳,37000,香川県,1980000000,1980年,人
8757,00700,全域,001,男,019,１８歳,38000,愛媛県,1980000000,1980年,人
4669,00700,全域,001,男,019,１８歳,39000,高知県,1980000000,1980年,人
33243,00700,全域,001,男,019,１８歳,40000,福岡県,1980000000,1980年,人
5811,00700,全域,001,男,019,１８歳,41000,佐賀県,1980000000,1980年,人
10504,00700,全域,001,男,019,１８歳,42000,長崎県,1980000000,1980年,人
12847,00700,全域,001,男,019,１８歳,43000,熊本県,1980000000,1980年,人
7399,00700,全域,001,男,019,１８歳,44000,大分県,1980000000,1980年,人
6760,00700,全域,001,男,019,１８歳,45000,宮崎県,1980000000,1980年,人
11048,00700,全域,001,男,019,１８歳,46000,鹿児島県,1980000000,1980年,人
8955,00700,全域,001,男,019,１８歳,47000,沖縄県,1980000000,1980年,人
796839,00700,全域,001,男,020,１９歳,00000,全国,1980000000,1980年,人
658124,00700,全域,001,男,020,１９歳,00001,全国市部,1980000000,1980年,人
138715,00700,全域,001,男,020,１９歳,00002,全国郡部,1980000000,1980年,人
39256,00700,全域,001,男,020,１９歳,01000,北海道,1980000000,1980年,人
9045,00700,全域,001,男,020,１９歳,02000,青森県,1980000000,1980年,人
7435,00700,全域,001,男,020,１９歳,03000,岩手県,1980000000,1980年,人
17469,00700,全域,001,男,020,１９歳,04000,宮城県,1980000000,1980年,人
6299,00700,全域,001,男,020,１９歳,05000,秋田県,1980000000,1980年,人
6298,00700,全域,001,男,020,１９歳,06000,山形県,1980000000,1980年,人
11240,00700,全域,001,男,020,１９歳,07000,福島県,1980000000,1980年,人
15244,00700,全域,001,男,020,１９歳,08000,茨城県,1980000000,1980年,人
9659,00700,全域,001,男,020,１９歳,09000,栃木県,1980000000,1980年,人
9913,00700,全域,001,男,020,１９歳,10000,群馬県,1980000000,1980年,人
39194,00700,全域,001,男,020,１９歳,11000,埼玉県,1980000000,1980年,人
32797,00700,全域,001,男,020,１９歳,12000,千葉県,1980000000,1980年,人
123013,00700,全域,001,男,020,１９歳,13000,東京都,1980000000,1980年,人
59387,00700,全域,001,男,020,１９歳,14000,神奈川県,1980000000,1980年,人
12261,00700,全域,001,男,020,１９歳,15000,新潟県,1980000000,1980年,人
5066,00700,全域,001,男,020,１９歳,16000,富山県,1980000000,1980年,人
6910,00700,全域,001,男,020,１９歳,17000,石川県,1980000000,1980年,人
4003,00700,全域,001,男,020,１９歳,18000,福井県,1980000000,1980年,人
4587,00700,全域,001,男,020,１９歳,19000,山梨県,1980000000,1980年,人
9154,00700,全域,001,男,020,１９歳,20000,長野県,1980000000,1980年,人
10876,00700,全域,001,男,020,１９歳,21000,岐阜県,1980000000,1980年,人
17837,00700,全域,001,男,020,１９歳,22000,静岡県,1980000000,1980年,人
49443,00700,全域,001,男,020,１９歳,23000,愛知県,1980000000,1980年,人
8660,00700,全域,001,男,020,１９歳,24000,三重県,1980000000,1980年,人
6434,00700,全域,001,男,020,１９歳,25000,滋賀県,1980000000,1980年,人
22723,00700,全域,001,男,020,１９歳,26000,京都府,1980000000,1980年,人
65501,00700,全域,001,男,020,１９歳,27000,大阪府,1980000000,1980年,人
30685,00700,全域,001,男,020,１９歳,28000,兵庫県,1980000000,1980年,人
7385,00700,全域,001,男,020,１９歳,29000,奈良県,1980000000,1980年,人
5122,00700,全域,001,男,020,１９歳,30000,和歌山県,1980000000,1980年,人
3065,00700,全域,001,男,020,１９歳,31000,鳥取県,1980000000,1980年,人
3213,00700,全域,001,男,020,１９歳,32000,島根県,1980000000,1980年,人
9194,00700,全域,001,男,020,１９歳,33000,岡山県,1980000000,1980年,人
15500,00700,全域,001,男,020,１９歳,34000,広島県,1980000000,1980年,人
7314,00700,全域,001,男,020,１９歳,35000,山口県,1980000000,1980年,人
3791,00700,全域,001,男,020,１９歳,36000,徳島県,1980000000,1980年,人
4386,00700,全域,001,男,020,１９歳,37000,香川県,1980000000,1980年,人
6741,00700,全域,001,男,020,１９歳,38000,愛媛県,1980000000,1980年,人
3854,00700,全域,001,男,020,１９歳,39000,高知県,1980000000,1980年,人
35913,00700,全域,001,男,020,１９歳,40000,福岡県,1980000000,1980年,人
4566,00700,全域,001,男,020,１９歳,41000,佐賀県,1980000000,1980年,人
8198,00700,全域,001,男,020,１９歳,42000,長崎県,1980000000,1980年,人
11154,00700,全域,001,男,020,１９歳,43000,熊本県,1980000000,1980年,人
5827,00700,全域,001,男,020,１９歳,44000,大分県,1980000000,1980年,人
5265,00700,全域,001,男,020,１９歳,45000,宮崎県,1980000000,1980年,人
8102,00700,全域,001,男,020,１９歳,46000,鹿児島県,1980000000,1980年,人
7860,00700,全域,001,男,020,１９歳,47000,沖縄県,1980000000,1980年,人
799070,00700,全域,001,男,021,２０歳,00000,全国,1980000000,1980年,人
659817,00700,全域,001,男,021,２０歳,00001,全国市部,1980000000,1980年,人
139253,00700,全域,001,男,021,２０歳,00002,全国郡部,1980000000,1980年,人
38446,00700,全域,001,男,021,２０歳,01000,北海道,1980000000,1980年,人
9367,00700,全域,001,男,021,２０歳,02000,青森県,1980000000,1980年,人
7546,00700,全域,001,男,021,２０歳,03000,岩手県,1980000000,1980年,人
16791,00700,全域,001,男,021,２０歳,04000,宮城県,1980000000,1980年,人
6635,00700,全域,001,男,021,２０歳,05000,秋田県,1980000000,1980年,人
6476,00700,全域,001,男,021,２０歳,06000,山形県,1980000000,1980年,人
11475,00700,全域,001,男,021,２０歳,07000,福島県,1980000000,1980年,人
15295,00700,全域,001,男,021,２０歳,08000,茨城県,1980000000,1980年,人
9895,00700,全域,001,男,021,２０歳,09000,栃木県,1980000000,1980年,人
9441,00700,全域,001,男,021,２０歳,10000,群馬県,1980000000,1980年,人
37797,00700,全域,001,男,021,２０歳,11000,埼玉県,1980000000,1980年,人
32561,00700,全域,001,男,021,２０歳,12000,千葉県,1980000000,1980年,人
133343,00700,全域,001,男,021,２０歳,13000,東京都,1980000000,1980年,人
59314,00700,全域,001,男,021,２０歳,14000,神奈川県,1980000000,1980年,人
12155,00700,全域,001,男,021,２０歳,15000,新潟県,1980000000,1980年,人
5082,00700,全域,001,男,021,２０歳,16000,富山県,1980000000,1980年,人
6970,00700,全域,001,男,021,２０歳,17000,石川県,1980000000,1980年,人
4173,00700,全域,001,男,021,２０歳,18000,福井県,1980000000,1980年,人
4588,00700,全域,001,男,021,２０歳,19000,山梨県,1980000000,1980年,人
8925,00700,全域,001,男,021,２０歳,20000,長野県,1980000000,1980年,人
10636,00700,全域,001,男,021,２０歳,21000,岐阜県,1980000000,1980年,人
17716,00700,全域,001,男,021,２０歳,22000,静岡県,1980000000,1980年,人
46944,00700,全域,001,男,021,２０歳,23000,愛知県,1980000000,1980年,人
8659,00700,全域,001,男,021,２０歳,24000,三重県,1980000000,1980年,人
6298,00700,全域,001,男,021,２０歳,25000,滋賀県,1980000000,1980年,人
23878,00700,全域,001,男,021,２０歳,26000,京都府,1980000000,1980年,人
63661,00700,全域,001,男,021,２０歳,27000,大阪府,1980000000,1980年,人
30257,00700,全域,001,男,021,２０歳,28000,兵庫県,1980000000,1980年,人
7297,00700,全域,001,男,021,２０歳,29000,奈良県,1980000000,1980年,人
5264,00700,全域,001,男,021,２０歳,30000,和歌山県,1980000000,1980年,人
2888,00700,全域,001,男,021,２０歳,31000,鳥取県,1980000000,1980年,人
3170,00700,全域,001,男,021,２０歳,32000,島根県,1980000000,1980年,人
9038,00700,全域,001,男,021,２０歳,33000,岡山県,1980000000,1980年,人
14842,00700,全域,001,男,021,２０歳,34000,広島県,1980000000,1980年,人
7332,00700,全域,001,男,021,２０歳,35000,山口県,1980000000,1980年,人
3860,00700,全域,001,男,021,２０歳,36000,徳島県,1980000000,1980年,人
4420,00700,全域,001,男,021,２０歳,37000,香川県,1980000000,1980年,人
6919,00700,全域,001,男,021,２０歳,38000,愛媛県,1980000000,1980年,人
3870,00700,全域,001,男,021,２０歳,39000,高知県,1980000000,1980年,人
34721,00700,全域,001,男,021,２０歳,40000,福岡県,1980000000,1980年,人
4785,00700,全域,001,男,021,２０歳,41000,佐賀県,1980000000,1980年,人
8531,00700,全域,001,男,021,２０歳,42000,長崎県,1980000000,1980年,人
10689,00700,全域,001,男,021,２０歳,43000,熊本県,1980000000,1980年,人
5805,00700,全域,001,男,021,２０歳,44000,大分県,1980000000,1980年,人
5514,00700,全域,001,男,021,２０歳,45000,宮崎県,1980000000,1980年,人
8298,00700,全域,001,男,021,２０歳,46000,鹿児島県,1980000000,1980年,人
7503,00700,全域,001,男,021,２０歳,47000,沖縄県,1980000000,1980年,人
811388,00700,全域,001,男,022,２１歳,00000,全国,1980000000,1980年,人
665074,00700,全域,001,男,022,２１歳,00001,全国市部,1980000000,1980年,人
146314,00700,全域,001,男,022,２１歳,00002,全国郡部,1980000000,1980年,人
37419,00700,全域,001,男,022,２１歳,01000,北海道,1980000000,1980年,人
9722,00700,全域,001,男,022,２１歳,02000,青森県,1980000000,1980年,人
7982,00700,全域,001,男,022,２１歳,03000,岩手県,1980000000,1980年,人
16391,00700,全域,001,男,022,２１歳,04000,宮城県,1980000000,1980年,人
6810,00700,全域,001,男,022,２１歳,05000,秋田県,1980000000,1980年,人
6936,00700,全域,001,男,022,２１歳,06000,山形県,1980000000,1980年,人
11890,00700,全域,001,男,022,２１歳,07000,福島県,1980000000,1980年,人
15848,00700,全域,001,男,022,２１歳,08000,茨城県,1980000000,1980年,人
10452,00700,全域,001,男,022,２１歳,09000,栃木県,1980000000,1980年,人
10049,00700,全域,001,男,022,２１歳,10000,群馬県,1980000000,1980年,人
36695,00700,全域,001,男,022,２１歳,11000,埼玉県,1980000000,1980年,人
32126,00700,全域,001,男,022,２１歳,12000,千葉県,1980000000,1980年,人
136464,00700,全域,001,男,022,２１歳,13000,東京都,1980000000,1980年,人
59697,00700,全域,001,男,022,２１歳,14000,神奈川県,1980000000,1980年,人
12831,00700,全域,001,男,022,２１歳,15000,新潟県,1980000000,1980年,人
5020,00700,全域,001,男,022,２１歳,16000,富山県,1980000000,1980年,人
7137,00700,全域,001,男,022,２１歳,17000,石川県,1980000000,1980年,人
4349,00700,全域,001,男,022,２１歳,18000,福井県,1980000000,1980年,人
4737,00700,全域,001,男,022,２１歳,19000,山梨県,1980000000,1980年,人
9398,00700,全域,001,男,022,２１歳,20000,長野県,1980000000,1980年,人
10707,00700,全域,001,男,022,２１歳,21000,岐阜県,1980000000,1980年,人
18298,00700,全域,001,男,022,２１歳,22000,静岡県,1980000000,1980年,人
47232,00700,全域,001,男,022,２１歳,23000,愛知県,1980000000,1980年,人
8994,00700,全域,001,男,022,２１歳,24000,三重県,1980000000,1980年,人
6465,00700,全域,001,男,022,２１歳,25000,滋賀県,1980000000,1980年,人
24009,00700,全域,001,男,022,２１歳,26000,京都府,1980000000,1980年,人
62781,00700,全域,001,男,022,２１歳,27000,大阪府,1980000000,1980年,人
30840,00700,全域,001,男,022,２１歳,28000,兵庫県,1980000000,1980年,人
7419,00700,全域,001,男,022,２１歳,29000,奈良県,1980000000,1980年,人
5405,00700,全域,001,男,022,２１歳,30000,和歌山県,1980000000,1980年,人
3011,00700,全域,001,男,022,２１歳,31000,鳥取県,1980000000,1980年,人
3432,00700,全域,001,男,022,２１歳,32000,島根県,1980000000,1980年,人
9842,00700,全域,001,男,022,２１歳,33000,岡山県,1980000000,1980年,人
15208,00700,全域,001,男,022,２１歳,34000,広島県,1980000000,1980年,人
7557,00700,全域,001,男,022,２１歳,35000,山口県,1980000000,1980年,人
4142,00700,全域,001,男,022,２１歳,36000,徳島県,1980000000,1980年,人
4681,00700,全域,001,男,022,２１歳,37000,香川県,1980000000,1980年,人
7057,00700,全域,001,男,022,２１歳,38000,愛媛県,1980000000,1980年,人
4143,00700,全域,001,男,022,２１歳,39000,高知県,1980000000,1980年,人
35177,00700,全域,001,男,022,２１歳,40000,福岡県,1980000000,1980年,人
4863,00700,全域,001,男,022,２１歳,41000,佐賀県,1980000000,1980年,人
8510,00700,全域,001,男,022,２１歳,42000,長崎県,1980000000,1980年,人
10856,00700,全域,001,男,022,２１歳,43000,熊本県,1980000000,1980年,人
6112,00700,全域,001,男,022,２１歳,44000,大分県,1980000000,1980年,人
5849,00700,全域,001,男,022,２１歳,45000,宮崎県,1980000000,1980年,人
8904,00700,全域,001,男,022,２１歳,46000,鹿児島県,1980000000,1980年,人
7941,00700,全域,001,男,022,２１歳,47000,沖縄県,1980000000,1980年,人
786000,00700,全域,001,男,023,２２歳,00000,全国,1980000000,1980年,人
636478,00700,全域,001,男,023,２２歳,00001,全国市部,1980000000,1980年,人
149522,00700,全域,001,男,023,２２歳,00002,全国郡部,1980000000,1980年,人
35947,00700,全域,001,男,023,２２歳,01000,北海道,1980000000,1980年,人
9451,00700,全域,001,男,023,２２歳,02000,青森県,1980000000,1980年,人
8182,00700,全域,001,男,023,２２歳,03000,岩手県,1980000000,1980年,人
15535,00700,全域,001,男,023,２２歳,04000,宮城県,1980000000,1980年,人
6871,00700,全域,001,男,023,２２歳,05000,秋田県,1980000000,1980年,人
7199,00700,全域,001,男,023,２２歳,06000,山形県,1980000000,1980年,人
11860,00700,全域,001,男,023,２２歳,07000,福島県,1980000000,1980年,人
15610,00700,全域,001,男,023,２２歳,08000,茨城県,1980000000,1980年,人
10802,00700,全域,001,男,023,２２歳,09000,栃木県,1980000000,1980年,人
10132,00700,全域,001,男,023,２２歳,10000,群馬県,1980000000,1980年,人
34879,00700,全域,001,男,023,２２歳,11000,埼玉県,1980000000,1980年,人
30570,00700,全域,001,男,023,２２歳,12000,千葉県,1980000000,1980年,人
126753,00700,全域,001,男,023,２２歳,13000,東京都,1980000000,1980年,人
55587,00700,全域,001,男,023,２２歳,14000,神奈川県,1980000000,1980年,人
13227,00700,全域,001,男,023,２２歳,15000,新潟県,1980000000,1980年,人
5195,00700,全域,001,男,023,２２歳,16000,富山県,1980000000,1980年,人
6907,00700,全域,001,男,023,２２歳,17000,石川県,1980000000,1980年,人
4342,00700,全域,001,男,023,２２歳,18000,福井県,1980000000,1980年,人
4674,00700,全域,001,男,023,２２歳,19000,山梨県,1980000000,1980年,人
9822,00700,全域,001,男,023,２２歳,20000,長野県,1980000000,1980年,人
10495,00700,全域,001,男,023,２２歳,21000,岐阜県,1980000000,1980年,人
19532,00700,全域,001,男,023,２２歳,22000,静岡県,1980000000,1980年,人
44468,00700,全域,001,男,023,２２歳,23000,愛知県,1980000000,1980年,人
9088,00700,全域,001,男,023,２２歳,24000,三重県,1980000000,1980年,人
6578,00700,全域,001,男,023,２２歳,25000,滋賀県,1980000000,1980年,人
21536,00700,全域,001,男,023,２２歳,26000,京都府,1980000000,1980年,人
60240,00700,全域,001,男,023,２２歳,27000,大阪府,1980000000,1980年,人
30634,00700,全域,001,男,023,２２歳,28000,兵庫県,1980000000,1980年,人
7205,00700,全域,001,男,023,２２歳,29000,奈良県,1980000000,1980年,人
5481,00700,全域,001,男,023,２２歳,30000,和歌山県,1980000000,1980年,人
3161,00700,全域,001,男,023,２２歳,31000,鳥取県,1980000000,1980年,人
3497,00700,全域,001,男,023,２２歳,32000,島根県,1980000000,1980年,人
9934,00700,全域,001,男,023,２２歳,33000,岡山県,1980000000,1980年,人
15208,00700,全域,001,男,023,２２歳,34000,広島県,1980000000,1980年,人
7812,00700,全域,001,男,023,２２歳,35000,山口県,1980000000,1980年,人
4331,00700,全域,001,男,023,２２歳,36000,徳島県,1980000000,1980年,人
4780,00700,全域,001,男,023,２２歳,37000,香川県,1980000000,1980年,人
7629,00700,全域,001,男,023,２２歳,38000,愛媛県,1980000000,1980年,人
3799,00700,全域,001,男,023,２２歳,39000,高知県,1980000000,1980年,人
32742,00700,全域,001,男,023,２２歳,40000,福岡県,1980000000,1980年,人
4997,00700,全域,001,男,023,２２歳,41000,佐賀県,1980000000,1980年,人
8823,00700,全域,001,男,023,２２歳,42000,長崎県,1980000000,1980年,人
10683,00700,全域,001,男,023,２２歳,43000,熊本県,1980000000,1980年,人
6201,00700,全域,001,男,023,２２歳,44000,大分県,1980000000,1980年,人
6083,00700,全域,001,男,023,２２歳,45000,宮崎県,1980000000,1980年,人
9303,00700,全域,001,男,023,２２歳,46000,鹿児島県,1980000000,1980年,人
8215,00700,全域,001,男,023,２２歳,47000,沖縄県,1980000000,1980年,人
761782,00700,全域,001,男,024,２３歳,00000,全国,1980000000,1980年,人
607282,00700,全域,001,男,024,２３歳,00001,全国市部,1980000000,1980年,人
154500,00700,全域,001,男,024,２３歳,00002,全国郡部,1980000000,1980年,人
36141,00700,全域,001,男,024,２３歳,01000,北海道,1980000000,1980年,人
9629,00700,全域,001,男,024,２３歳,02000,青森県,1980000000,1980年,人
8266,00700,全域,001,男,024,２３歳,03000,岩手県,1980000000,1980年,人
14945,00700,全域,001,男,024,２３歳,04000,宮城県,1980000000,1980年,人
7498,00700,全域,001,男,024,２３歳,05000,秋田県,1980000000,1980年,人
7399,00700,全域,001,男,024,２３歳,06000,山形県,1980000000,1980年,人
12204,00700,全域,001,男,024,２３歳,07000,福島県,1980000000,1980年,人
16482,00700,全域,001,男,024,２３歳,08000,茨城県,1980000000,1980年,人
11386,00700,全域,001,男,024,２３歳,09000,栃木県,1980000000,1980年,人
10753,00700,全域,001,男,024,２３歳,10000,群馬県,1980000000,1980年,人
33662,00700,全域,001,男,024,２３歳,11000,埼玉県,1980000000,1980年,人
30328,00700,全域,001,男,024,２３歳,12000,千葉県,1980000000,1980年,人
112193,00700,全域,001,男,024,２３歳,13000,東京都,1980000000,1980年,人
52011,00700,全域,001,男,024,２３歳,14000,神奈川県,1980000000,1980年,人
13979,00700,全域,001,男,024,２３歳,15000,新潟県,1980000000,1980年,人
5529,00700,全域,001,男,024,２３歳,16000,富山県,1980000000,1980年,人
6561,00700,全域,001,男,024,２３歳,17000,石川県,1980000000,1980年,人
4384,00700,全域,001,男,024,２３歳,18000,福井県,1980000000,1980年,人
4453,00700,全域,001,男,024,２３歳,19000,山梨県,1980000000,1980年,人
10540,00700,全域,001,男,024,２３歳,20000,長野県,1980000000,1980年,人
10518,00700,全域,001,男,024,２３歳,21000,岐阜県,1980000000,1980年,人
20781,00700,全域,001,男,024,２３歳,22000,静岡県,1980000000,1980年,人
42362,00700,全域,001,男,024,２３歳,23000,愛知県,1980000000,1980年,人
9076,00700,全域,001,男,024,２３歳,24000,三重県,1980000000,1980年,人
6468,00700,全域,001,男,024,２３歳,25000,滋賀県,1980000000,1980年,人
18331,00700,全域,001,男,024,２３歳,26000,京都府,1980000000,1980年,人
55978,00700,全域,001,男,024,２３歳,27000,大阪府,1980000000,1980年,人
30307,00700,全域,001,男,024,２３歳,28000,兵庫県,1980000000,1980年,人
6694,00700,全域,001,男,024,２３歳,29000,奈良県,1980000000,1980年,人
5588,00700,全域,001,男,024,２３歳,30000,和歌山県,1980000000,1980年,人
3488,00700,全域,001,男,024,２３歳,31000,鳥取県,1980000000,1980年,人
3883,00700,全域,001,男,024,２３歳,32000,島根県,1980000000,1980年,人
10319,00700,全域,001,男,024,２３歳,33000,岡山県,1980000000,1980年,人
15620,00700,全域,001,男,024,２３歳,34000,広島県,1980000000,1980年,人
7907,00700,全域,001,男,024,２３歳,35000,山口県,1980000000,1980年,人
4457,00700,全域,001,男,024,２３歳,36000,徳島県,1980000000,1980年,人
5156,00700,全域,001,男,024,２３歳,37000,香川県,1980000000,1980年,人
7863,00700,全域,001,男,024,２３歳,38000,愛媛県,1980000000,1980年,人
4264,00700,全域,001,男,024,２３歳,39000,高知県,1980000000,1980年,人
29510,00700,全域,001,男,024,２３歳,40000,福岡県,1980000000,1980年,人
4842,00700,全域,001,男,024,２３歳,41000,佐賀県,1980000000,1980年,人
8820,00700,全域,001,男,024,２３歳,42000,長崎県,1980000000,1980年,人
10426,00700,全域,001,男,024,２３歳,43000,熊本県,1980000000,1980年,人
6224,00700,全域,001,男,024,２３歳,44000,大分県,1980000000,1980年,人
6728,00700,全域,001,男,024,２３歳,45000,宮崎県,1980000000,1980年,人
9816,00700,全域,001,男,024,２３歳,46000,鹿児島県,1980000000,1980年,人
8013,00700,全域,001,男,024,２３歳,47000,沖縄県,1980000000,1980年,人
801876,00700,全域,001,男,025,２４歳,00000,全国,1980000000,1980年,人
633109,00700,全域,001,男,025,２４歳,00001,全国市部,1980000000,1980年,人
168767,00700,全域,001,男,025,２４歳,00002,全国郡部,1980000000,1980年,人
37462,00700,全域,001,男,025,２４歳,01000,北海道,1980000000,1980年,人
9887,00700,全域,001,男,025,２４歳,02000,青森県,1980000000,1980年,人
9011,00700,全域,001,男,025,２４歳,03000,岩手県,1980000000,1980年,人
15551,00700,全域,001,男,025,２４歳,04000,宮城県,1980000000,1980年,人
7705,00700,全域,001,男,025,２４歳,05000,秋田県,1980000000,1980年,人
7917,00700,全域,001,男,025,２４歳,06000,山形県,1980000000,1980年,人
13543,00700,全域,001,男,025,２４歳,07000,福島県,1980000000,1980年,人
18055,00700,全域,001,男,025,２４歳,08000,茨城県,1980000000,1980年,人
12625,00700,全域,001,男,025,２４歳,09000,栃木県,1980000000,1980年,人
11849,00700,全域,001,男,025,２４歳,10000,群馬県,1980000000,1980年,人
35266,00700,全域,001,男,025,２４歳,11000,埼玉県,1980000000,1980年,人
31943,00700,全域,001,男,025,２４歳,12000,千葉県,1980000000,1980年,人
108052,00700,全域,001,男,025,２４歳,13000,東京都,1980000000,1980年,人
53497,00700,全域,001,男,025,２４歳,14000,神奈川県,1980000000,1980年,人
15010,00700,全域,001,男,025,２４歳,15000,新潟県,1980000000,1980年,人
6041,00700,全域,001,男,025,２４歳,16000,富山県,1980000000,1980年,人
6719,00700,全域,001,男,025,２４歳,17000,石川県,1980000000,1980年,人
4696,00700,全域,001,男,025,２４歳,18000,福井県,1980000000,1980年,人
4866,00700,全域,001,男,025,２４歳,19000,山梨県,1980000000,1980年,人
11797,00700,全域,001,男,025,２４歳,20000,長野県,1980000000,1980年,人
11382,00700,全域,001,男,025,２４歳,21000,岐阜県,1980000000,1980年,人
22757,00700,全域,001,男,025,２４歳,22000,静岡県,1980000000,1980年,人
45094,00700,全域,001,男,025,２４歳,23000,愛知県,1980000000,1980年,人
9856,00700,全域,001,男,025,２４歳,24000,三重県,1980000000,1980年,人
6965,00700,全域,001,男,025,２４歳,25000,滋賀県,1980000000,1980年,人
17369,00700,全域,001,男,025,２４歳,26000,京都府,1980000000,1980年,人
58424,00700,全域,001,男,025,２４歳,27000,大阪府,1980000000,1980年,人
32766,00700,全域,001,男,025,２４歳,28000,兵庫県,1980000000,1980年,人
7321,00700,全域,001,男,025,２４歳,29000,奈良県,1980000000,1980年,人
6070,00700,全域,001,男,025,２４歳,30000,和歌山県,1980000000,1980年,人
3697,00700,全域,001,男,025,２４歳,31000,鳥取県,1980000000,1980年,人
4261,00700,全域,001,男,025,２４歳,32000,島根県,1980000000,1980年,人
11401,00700,全域,001,男,025,２４歳,33000,岡山県,1980000000,1980年,人
17208,00700,全域,001,男,025,２４歳,34000,広島県,1980000000,1980年,人
9066,00700,全域,001,男,025,２４歳,35000,山口県,1980000000,1980年,人
5058,00700,全域,001,男,025,２４歳,36000,徳島県,1980000000,1980年,人
5893,00700,全域,001,男,025,２４歳,37000,香川県,1980000000,1980年,人
8637,00700,全域,001,男,025,２４歳,38000,愛媛県,1980000000,1980年,人
4694,00700,全域,001,男,025,２４歳,39000,高知県,1980000000,1980年,人
31196,00700,全域,001,男,025,２４歳,40000,福岡県,1980000000,1980年,人
5375,00700,全域,001,男,025,２４歳,41000,佐賀県,1980000000,1980年,人
10060,00700,全域,001,男,025,２４歳,42000,長崎県,1980000000,1980年,人
11549,00700,全域,001,男,025,２４歳,43000,熊本県,1980000000,1980年,人
7045,00700,全域,001,男,025,２４歳,44000,大分県,1980000000,1980年,人
7481,00700,全域,001,男,025,２４歳,45000,宮崎県,1980000000,1980年,人
10834,00700,全域,001,男,025,２４歳,46000,鹿児島県,1980000000,1980年,人
8925,00700,全域,001,男,025,２４歳,47000,沖縄県,1980000000,1980年,人
838484,00700,全域,001,男,026,２５歳,00000,全国,1980000000,1980年,人
658369,00700,全域,001,男,026,２５歳,00001,全国市部,1980000000,1980年,人
180115,00700,全域,001,男,026,２５歳,00002,全国郡部,1980000000,1980年,人
39594,00700,全域,001,男,026,２５歳,01000,北海道,1980000000,1980年,人
10605,00700,全域,001,男,026,２５歳,02000,青森県,1980000000,1980年,人
9780,00700,全域,001,男,026,２５歳,03000,岩手県,1980000000,1980年,人
16233,00700,全域,001,男,026,２５歳,04000,宮城県,1980000000,1980年,人
8588,00700,全域,001,男,026,２５歳,05000,秋田県,1980000000,1980年,人
8468,00700,全域,001,男,026,２５歳,06000,山形県,1980000000,1980年,人
14272,00700,全域,001,男,026,２５歳,07000,福島県,1980000000,1980年,人
19186,00700,全域,001,男,026,２５歳,08000,茨城県,1980000000,1980年,人
13658,00700,全域,001,男,026,２５歳,09000,栃木県,1980000000,1980年,人
13155,00700,全域,001,男,026,２５歳,10000,群馬県,1980000000,1980年,人
37905,00700,全域,001,男,026,２５歳,11000,埼玉県,1980000000,1980年,人
33997,00700,全域,001,男,026,２５歳,12000,千葉県,1980000000,1980年,人
108305,00700,全域,001,男,026,２５歳,13000,東京都,1980000000,1980年,人
55259,00700,全域,001,男,026,２５歳,14000,神奈川県,1980000000,1980年,人
16719,00700,全域,001,男,026,２５歳,15000,新潟県,1980000000,1980年,人
6704,00700,全域,001,男,026,２５歳,16000,富山県,1980000000,1980年,人
7392,00700,全域,001,男,026,２５歳,17000,石川県,1980000000,1980年,人
5206,00700,全域,001,男,026,２５歳,18000,福井県,1980000000,1980年,人
5013,00700,全域,001,男,026,２５歳,19000,山梨県,1980000000,1980年,人
12813,00700,全域,001,男,026,２５歳,20000,長野県,1980000000,1980年,人
12083,00700,全域,001,男,026,２５歳,21000,岐阜県,1980000000,1980年,人
24318,00700,全域,001,男,026,２５歳,22000,静岡県,1980000000,1980年,人
46112,00700,全域,001,男,026,２５歳,23000,愛知県,1980000000,1980年,人
10492,00700,全域,001,男,026,２５歳,24000,三重県,1980000000,1980年,人
7568,00700,全域,001,男,026,２５歳,25000,滋賀県,1980000000,1980年,人
17244,00700,全域,001,男,026,２５歳,26000,京都府,1980000000,1980年,人
60028,00700,全域,001,男,026,２５歳,27000,大阪府,1980000000,1980年,人
34453,00700,全域,001,男,026,２５歳,28000,兵庫県,1980000000,1980年,人
7570,00700,全域,001,男,026,２５歳,29000,奈良県,1980000000,1980年,人
6372,00700,全域,001,男,026,２５歳,30000,和歌山県,1980000000,1980年,人
3945,00700,全域,001,男,026,２５歳,31000,鳥取県,1980000000,1980年,人
4486,00700,全域,001,男,026,２５歳,32000,島根県,1980000000,1980年,人
11472,00700,全域,001,男,026,２５歳,33000,岡山県,1980000000,1980年,人
18008,00700,全域,001,男,026,２５歳,34000,広島県,1980000000,1980年,人
9272,00700,全域,001,男,026,２５歳,35000,山口県,1980000000,1980年,人
5477,00700,全域,001,男,026,２５歳,36000,徳島県,1980000000,1980年,人
6223,00700,全域,001,男,026,２５歳,37000,香川県,1980000000,1980年,人
8968,00700,全域,001,男,026,２５歳,38000,愛媛県,1980000000,1980年,人
4948,00700,全域,001,男,026,２５歳,39000,高知県,1980000000,1980年,人
32188,00700,全域,001,男,026,２５歳,40000,福岡県,1980000000,1980年,人
5860,00700,全域,001,男,026,２５歳,41000,佐賀県,1980000000,1980年,人
10433,00700,全域,001,男,026,２５歳,42000,長崎県,1980000000,1980年,人
12008,00700,全域,001,男,026,２５歳,43000,熊本県,1980000000,1980年,人
7434,00700,全域,001,男,026,２５歳,44000,大分県,1980000000,1980年,人
7863,00700,全域,001,男,026,２５歳,45000,宮崎県,1980000000,1980年,人
11364,00700,全域,001,男,026,２５歳,46000,鹿児島県,1980000000,1980年,人
9443,00700,全域,001,男,026,２５歳,47000,沖縄県,1980000000,1980年,人
838094,00700,全域,001,男,027,２６歳,00000,全国,1980000000,1980年,人
655816,00700,全域,001,男,027,２６歳,00001,全国市部,1980000000,1980年,人
182278,00700,全域,001,男,027,２６歳,00002,全国郡部,1980000000,1980年,人
41404,00700,全域,001,男,027,２６歳,01000,北海道,1980000000,1980年,人
11152,00700,全域,001,男,027,２６歳,02000,青森県,1980000000,1980年,人
9817,00700,全域,001,男,027,２６歳,03000,岩手県,1980000000,1980年,人
15973,00700,全域,001,男,027,２６歳,04000,宮城県,1980000000,1980年,人
8874,00700,全域,001,男,027,２６歳,05000,秋田県,1980000000,1980年,人
8580,00700,全域,001,男,027,２６歳,06000,山形県,1980000000,1980年,人
14738,00700,全域,001,男,027,２６歳,07000,福島県,1980000000,1980年,人
19171,00700,全域,001,男,027,２６歳,08000,茨城県,1980000000,1980年,人
13647,00700,全域,001,男,027,２６歳,09000,栃木県,1980000000,1980年,人
12696,00700,全域,001,男,027,２６歳,10000,群馬県,1980000000,1980年,人
37738,00700,全域,001,男,027,２６歳,11000,埼玉県,1980000000,1980年,人
33865,00700,全域,001,男,027,２６歳,12000,千葉県,1980000000,1980年,人
103834,00700,全域,001,男,027,２６歳,13000,東京都,1980000000,1980年,人
54774,00700,全域,001,男,027,２６歳,14000,神奈川県,1980000000,1980年,人
16724,00700,全域,001,男,027,２６歳,15000,新潟県,1980000000,1980年,人
6661,00700,全域,001,男,027,２６歳,16000,富山県,1980000000,1980年,人
7488,00700,全域,001,男,027,２６歳,17000,石川県,1980000000,1980年,人
5021,00700,全域,001,男,027,２６歳,18000,福井県,1980000000,1980年,人
5153,00700,全域,001,男,027,２６歳,19000,山梨県,1980000000,1980年,人
12642,00700,全域,001,男,027,２６歳,20000,長野県,1980000000,1980年,人
12214,00700,全域,001,男,027,２６歳,21000,岐阜県,1980000000,1980年,人
23909,00700,全域,001,男,027,２６歳,22000,静岡県,1980000000,1980年,人
45362,00700,全域,001,男,027,２６歳,23000,愛知県,1980000000,1980年,人
10405,00700,全域,001,男,027,２６歳,24000,三重県,1980000000,1980年,人
7180,00700,全域,001,男,027,２６歳,25000,滋賀県,1980000000,1980年,人
16735,00700,全域,001,男,027,２６歳,26000,京都府,1980000000,1980年,人
60168,00700,全域,001,男,027,２６歳,27000,大阪府,1980000000,1980年,人
34674,00700,全域,001,男,027,２６歳,28000,兵庫県,1980000000,1980年,人
7569,00700,全域,001,男,027,２６歳,29000,奈良県,1980000000,1980年,人
6349,00700,全域,001,男,027,２６歳,30000,和歌山県,1980000000,1980年,人
4080,00700,全域,001,男,027,２６歳,31000,鳥取県,1980000000,1980年,人
4708,00700,全域,001,男,027,２６歳,32000,島根県,1980000000,1980年,人
11575,00700,全域,001,男,027,２６歳,33000,岡山県,1980000000,1980年,人
18268,00700,全域,001,男,027,２６歳,34000,広島県,1980000000,1980年,人
9749,00700,全域,001,男,027,２６歳,35000,山口県,1980000000,1980年,人
5305,00700,全域,001,男,027,２６歳,36000,徳島県,1980000000,1980年,人
6060,00700,全域,001,男,027,２６歳,37000,香川県,1980000000,1980年,人
9082,00700,全域,001,男,027,２６歳,38000,愛媛県,1980000000,1980年,人
4964,00700,全域,001,男,027,２６歳,39000,高知県,1980000000,1980年,人
32775,00700,全域,001,男,027,２６歳,40000,福岡県,1980000000,1980年,人
5960,00700,全域,001,男,027,２６歳,41000,佐賀県,1980000000,1980年,人
10982,00700,全域,001,男,027,２６歳,42000,長崎県,1980000000,1980年,人
12115,00700,全域,001,男,027,２６歳,43000,熊本県,1980000000,1980年,人
7513,00700,全域,001,男,027,２６歳,44000,大分県,1980000000,1980年,人
8190,00700,全域,001,男,027,２６歳,45000,宮崎県,1980000000,1980年,人
12058,00700,全域,001,男,027,２６歳,46000,鹿児島県,1980000000,1980年,人
10193,00700,全域,001,男,027,２６歳,47000,沖縄県,1980000000,1980年,人
897409,00700,全域,001,男,028,２７歳,00000,全国,1980000000,1980年,人
701518,00700,全域,001,男,028,２７歳,00001,全国市部,1980000000,1980年,人
195891,00700,全域,001,男,028,２７歳,00002,全国郡部,1980000000,1980年,人
44547,00700,全域,001,男,028,２７歳,01000,北海道,1980000000,1980年,人
11835,00700,全域,001,男,028,２７歳,02000,青森県,1980000000,1980年,人
10390,00700,全域,001,男,028,２７歳,03000,岩手県,1980000000,1980年,人
17035,00700,全域,001,男,028,２７歳,04000,宮城県,1980000000,1980年,人
9393,00700,全域,001,男,028,２７歳,05000,秋田県,1980000000,1980年,人
9393,00700,全域,001,男,028,２７歳,06000,山形県,1980000000,1980年,人
15493,00700,全域,001,男,028,２７歳,07000,福島県,1980000000,1980年,人
20406,00700,全域,001,男,028,２７歳,08000,茨城県,1980000000,1980年,人
14577,00700,全域,001,男,028,２７歳,09000,栃木県,1980000000,1980年,人
13705,00700,全域,001,男,028,２７歳,10000,群馬県,1980000000,1980年,人
41272,00700,全域,001,男,028,２７歳,11000,埼玉県,1980000000,1980年,人
36640,00700,全域,001,男,028,２７歳,12000,千葉県,1980000000,1980年,人
106726,00700,全域,001,男,028,２７歳,13000,東京都,1980000000,1980年,人
57562,00700,全域,001,男,028,２７歳,14000,神奈川県,1980000000,1980年,人
18049,00700,全域,001,男,028,２７歳,15000,新潟県,1980000000,1980年,人
7336,00700,全域,001,男,028,２７歳,16000,富山県,1980000000,1980年,人
7653,00700,全域,001,男,028,２７歳,17000,石川県,1980000000,1980年,人
5448,00700,全域,001,男,028,２７歳,18000,福井県,1980000000,1980年,人
5571,00700,全域,001,男,028,２７歳,19000,山梨県,1980000000,1980年,人
13434,00700,全域,001,男,028,２７歳,20000,長野県,1980000000,1980年,人
13261,00700,全域,001,男,028,２７歳,21000,岐阜県,1980000000,1980年,人
26226,00700,全域,001,男,028,２７歳,22000,静岡県,1980000000,1980年,人
48639,00700,全域,001,男,028,２７歳,23000,愛知県,1980000000,1980年,人
11309,00700,全域,001,男,028,２７歳,24000,三重県,1980000000,1980年,人
7987,00700,全域,001,男,028,２７歳,25000,滋賀県,1980000000,1980年,人
17512,00700,全域,001,男,028,２７歳,26000,京都府,1980000000,1980年,人
65058,00700,全域,001,男,028,２７歳,27000,大阪府,1980000000,1980年,人
37693,00700,全域,001,男,028,２７歳,28000,兵庫県,1980000000,1980年,人
8503,00700,全域,001,男,028,２７歳,29000,奈良県,1980000000,1980年,人
6851,00700,全域,001,男,028,２７歳,30000,和歌山県,1980000000,1980年,人
4358,00700,全域,001,男,028,２７歳,31000,鳥取県,1980000000,1980年,人
5094,00700,全域,001,男,028,２７歳,32000,島根県,1980000000,1980年,人
12712,00700,全域,001,男,028,２７歳,33000,岡山県,1980000000,1980年,人
20141,00700,全域,001,男,028,２７歳,34000,広島県,1980000000,1980年,人
10535,00700,全域,001,男,028,２７歳,35000,山口県,1980000000,1980年,人
5933,00700,全域,001,男,028,２７歳,36000,徳島県,1980000000,1980年,人
7042,00700,全域,001,男,028,２７歳,37000,香川県,1980000000,1980年,人
10269,00700,全域,001,男,028,２７歳,38000,愛媛県,1980000000,1980年,人
5512,00700,全域,001,男,028,２７歳,39000,高知県,1980000000,1980年,人
35676,00700,全域,001,男,028,２７歳,40000,福岡県,1980000000,1980年,人
6466,00700,全域,001,男,028,２７歳,41000,佐賀県,1980000000,1980年,人
11597,00700,全域,001,男,028,２７歳,42000,長崎県,1980000000,1980年,人
12831,00700,全域,001,男,028,２７歳,43000,熊本県,1980000000,1980年,人
8484,00700,全域,001,男,028,２７歳,44000,大分県,1980000000,1980年,人
8618,00700,全域,001,男,028,２７歳,45000,宮崎県,1980000000,1980年,人
12234,00700,全域,001,男,028,２７歳,46000,鹿児島県,1980000000,1980年,人
10403,00700,全域,001,男,028,２７歳,47000,沖縄県,1980000000,1980年,人
952586,00700,全域,001,男,029,２８歳,00000,全国,1980000000,1980年,人
745793,00700,全域,001,男,029,２８歳,00001,全国市部,1980000000,1980年,人
206793,00700,全域,001,男,029,２８歳,00002,全国郡部,1980000000,1980年,人
47408,00700,全域,001,男,029,２８歳,01000,北海道,1980000000,1980年,人
12456,00700,全域,001,男,029,２８歳,02000,青森県,1980000000,1980年,人
11158,00700,全域,001,男,029,２８歳,03000,岩手県,1980000000,1980年,人
18152,00700,全域,001,男,029,２８歳,04000,宮城県,1980000000,1980年,人
9748,00700,全域,001,男,029,２８歳,05000,秋田県,1980000000,1980年,人
9863,00700,全域,001,男,029,２８歳,06000,山形県,1980000000,1980年,人
16843,00700,全域,001,男,029,２８歳,07000,福島県,1980000000,1980年,人
22001,00700,全域,001,男,029,２８歳,08000,茨城県,1980000000,1980年,人
15372,00700,全域,001,男,029,２８歳,09000,栃木県,1980000000,1980年,人
14690,00700,全域,001,男,029,２８歳,10000,群馬県,1980000000,1980年,人
44703,00700,全域,001,男,029,２８歳,11000,埼玉県,1980000000,1980年,人
39951,00700,全域,001,男,029,２８歳,12000,千葉県,1980000000,1980年,人
110398,00700,全域,001,男,029,２８歳,13000,東京都,1980000000,1980年,人
63179,00700,全域,001,男,029,２８歳,14000,神奈川県,1980000000,1980年,人
19252,00700,全域,001,男,029,２８歳,15000,新潟県,1980000000,1980年,人
8008,00700,全域,001,男,029,２８歳,16000,富山県,1980000000,1980年,人
8197,00700,全域,001,男,029,２８歳,17000,石川県,1980000000,1980年,人
5959,00700,全域,001,男,029,２８歳,18000,福井県,1980000000,1980年,人
5691,00700,全域,001,男,029,２８歳,19000,山梨県,1980000000,1980年,人
14245,00700,全域,001,男,029,２８歳,20000,長野県,1980000000,1980年,人
14204,00700,全域,001,男,029,２８歳,21000,岐阜県,1980000000,1980年,人
28148,00700,全域,001,男,029,２８歳,22000,静岡県,1980000000,1980年,人
50745,00700,全域,001,男,029,２８歳,23000,愛知県,1980000000,1980年,人
11968,00700,全域,001,男,029,２８歳,24000,三重県,1980000000,1980年,人
8447,00700,全域,001,男,029,２８歳,25000,滋賀県,1980000000,1980年,人
18983,00700,全域,001,男,029,２８歳,26000,京都府,1980000000,1980年,人
68927,00700,全域,001,男,029,２８歳,27000,大阪府,1980000000,1980年,人
39786,00700,全域,001,男,029,２８歳,28000,兵庫県,1980000000,1980年,人
9108,00700,全域,001,男,029,２８歳,29000,奈良県,1980000000,1980年,人
7529,00700,全域,001,男,029,２８歳,30000,和歌山県,1980000000,1980年,人
4533,00700,全域,001,男,029,２８歳,31000,鳥取県,1980000000,1980年,人
5401,00700,全域,001,男,029,２８歳,32000,島根県,1980000000,1980年,人
13202,00700,全域,001,男,029,２８歳,33000,岡山県,1980000000,1980年,人
20888,00700,全域,001,男,029,２８歳,34000,広島県,1980000000,1980年,人
11576,00700,全域,001,男,029,２８歳,35000,山口県,1980000000,1980年,人
6212,00700,全域,001,男,029,２８歳,36000,徳島県,1980000000,1980年,人
7322,00700,全域,001,男,029,２８歳,37000,香川県,1980000000,1980年,人
10981,00700,全域,001,男,029,２８歳,38000,愛媛県,1980000000,1980年,人
5807,00700,全域,001,男,029,２８歳,39000,高知県,1980000000,1980年,人
36942,00700,全域,001,男,029,２８歳,40000,福岡県,1980000000,1980年,人
6473,00700,全域,001,男,029,２８歳,41000,佐賀県,1980000000,1980年,人
12366,00700,全域,001,男,029,２８歳,42000,長崎県,1980000000,1980年,人
13569,00700,全域,001,男,029,２８歳,43000,熊本県,1980000000,1980年,人
8826,00700,全域,001,男,029,２８歳,44000,大分県,1980000000,1980年,人
9524,00700,全域,001,男,029,２８歳,45000,宮崎県,1980000000,1980年,人
13344,00700,全域,001,男,029,２８歳,46000,鹿児島県,1980000000,1980年,人
10501,00700,全域,001,男,029,２８歳,47000,沖縄県,1980000000,1980年,人
1018895,00700,全域,001,男,030,２９歳,00000,全国,1980000000,1980年,人
797586,00700,全域,001,男,030,２９歳,00001,全国市部,1980000000,1980年,人
221309,00700,全域,001,男,030,２９歳,00002,全国郡部,1980000000,1980年,人
50140,00700,全域,001,男,030,２９歳,01000,北海道,1980000000,1980年,人
12745,00700,全域,001,男,030,２９歳,02000,青森県,1980000000,1980年,人
11504,00700,全域,001,男,030,２９歳,03000,岩手県,1980000000,1980年,人
18997,00700,全域,001,男,030,２９歳,04000,宮城県,1980000000,1980年,人
10280,00700,全域,001,男,030,２９歳,05000,秋田県,1980000000,1980年,人
10734,00700,全域,001,男,030,２９歳,06000,山形県,1980000000,1980年,人
17467,00700,全域,001,男,030,２９歳,07000,福島県,1980000000,1980年,人
23084,00700,全域,001,男,030,２９歳,08000,茨城県,1980000000,1980年,人
16665,00700,全域,001,男,030,２９歳,09000,栃木県,1980000000,1980年,人
15797,00700,全域,001,男,030,２９歳,10000,群馬県,1980000000,1980年,人
48571,00700,全域,001,男,030,２９歳,11000,埼玉県,1980000000,1980年,人
43212,00700,全域,001,男,030,２９歳,12000,千葉県,1980000000,1980年,人
114119,00700,全域,001,男,030,２９歳,13000,東京都,1980000000,1980年,人
67368,00700,全域,001,男,030,２９歳,14000,神奈川県,1980000000,1980年,人
20491,00700,全域,001,男,030,２９歳,15000,新潟県,1980000000,1980年,人
8277,00700,全域,001,男,030,２９歳,16000,富山県,1980000000,1980年,人
8672,00700,全域,001,男,030,２９歳,17000,石川県,1980000000,1980年,人
6401,00700,全域,001,男,030,２９歳,18000,福井県,1980000000,1980年,人
6370,00700,全域,001,男,030,２９歳,19000,山梨県,1980000000,1980年,人
15822,00700,全域,001,男,030,２９歳,20000,長野県,1980000000,1980年,人
15212,00700,全域,001,男,030,２９歳,21000,岐阜県,1980000000,1980年,人
30447,00700,全域,001,男,030,２９歳,22000,静岡県,1980000000,1980年,人
54270,00700,全域,001,男,030,２９歳,23000,愛知県,1980000000,1980年,人
12902,00700,全域,001,男,030,２９歳,24000,三重県,1980000000,1980年,人
9168,00700,全域,001,男,030,２９歳,25000,滋賀県,1980000000,1980年,人
20601,00700,全域,001,男,030,２９歳,26000,京都府,1980000000,1980年,人
75650,00700,全域,001,男,030,２９歳,27000,大阪府,1980000000,1980年,人
43187,00700,全域,001,男,030,２９歳,28000,兵庫県,1980000000,1980年,人
9732,00700,全域,001,男,030,２９歳,29000,奈良県,1980000000,1980年,人
8223,00700,全域,001,男,030,２９歳,30000,和歌山県,1980000000,1980年,人
4860,00700,全域,001,男,030,２９歳,31000,鳥取県,1980000000,1980年,人
6097,00700,全域,001,男,030,２９歳,32000,島根県,1980000000,1980年,人
14841,00700,全域,001,男,030,２９歳,33000,岡山県,1980000000,1980年,人
23479,00700,全域,001,男,030,２９歳,34000,広島県,1980000000,1980年,人
12408,00700,全域,001,男,030,２９歳,35000,山口県,1980000000,1980年,人
6842,00700,全域,001,男,030,２９歳,36000,徳島県,1980000000,1980年,人
7951,00700,全域,001,男,030,２９歳,37000,香川県,1980000000,1980年,人
11979,00700,全域,001,男,030,２９歳,38000,愛媛県,1980000000,1980年,人
6482,00700,全域,001,男,030,２９歳,39000,高知県,1980000000,1980年,人
40355,00700,全域,001,男,030,２９歳,40000,福岡県,1980000000,1980年,人
6906,00700,全域,001,男,030,２９歳,41000,佐賀県,1980000000,1980年,人
12957,00700,全域,001,男,030,２９歳,42000,長崎県,1980000000,1980年,人
14070,00700,全域,001,男,030,２９歳,43000,熊本県,1980000000,1980年,人
9594,00700,全域,001,男,030,２９歳,44000,大分県,1980000000,1980年,人
9482,00700,全域,001,男,030,２９歳,45000,宮崎県,1980000000,1980年,人
13584,00700,全域,001,男,030,２９歳,46000,鹿児島県,1980000000,1980年,人
10900,00700,全域,001,男,030,２９歳,47000,沖縄県,1980000000,1980年,人
1102659,00700,全域,001,男,031,３０歳,00000,全国,1980000000,1980年,人
866430,00700,全域,001,男,031,３０歳,00001,全国市部,1980000000,1980年,人
236229,00700,全域,001,男,031,３０歳,00002,全国郡部,1980000000,1980年,人
54313,00700,全域,001,男,031,３０歳,01000,北海道,1980000000,1980年,人
14095,00700,全域,001,男,031,３０歳,02000,青森県,1980000000,1980年,人
12341,00700,全域,001,男,031,３０歳,03000,岩手県,1980000000,1980年,人
20396,00700,全域,001,男,031,３０歳,04000,宮城県,1980000000,1980年,人
11563,00700,全域,001,男,031,３０歳,05000,秋田県,1980000000,1980年,人
11567,00700,全域,001,男,031,３０歳,06000,山形県,1980000000,1980年,人
19032,00700,全域,001,男,031,３０歳,07000,福島県,1980000000,1980年,人
24372,00700,全域,001,男,031,３０歳,08000,茨城県,1980000000,1980年,人
17793,00700,全域,001,男,031,３０歳,09000,栃木県,1980000000,1980年,人
17184,00700,全域,001,男,031,３０歳,10000,群馬県,1980000000,1980年,人
54624,00700,全域,001,男,031,３０歳,11000,埼玉県,1980000000,1980年,人
47326,00700,全域,001,男,031,３０歳,12000,千葉県,1980000000,1980年,人
122464,00700,全域,001,男,031,３０歳,13000,東京都,1980000000,1980年,人
73012,00700,全域,001,男,031,３０歳,14000,神奈川県,1980000000,1980年,人
22624,00700,全域,001,男,031,３０歳,15000,新潟県,1980000000,1980年,人
9698,00700,全域,001,男,031,３０歳,16000,富山県,1980000000,1980年,人
10128,00700,全域,001,男,031,３０歳,17000,石川県,1980000000,1980年,人
7139,00700,全域,001,男,031,３０歳,18000,福井県,1980000000,1980年,人
6594,00700,全域,001,男,031,３０歳,19000,山梨県,1980000000,1980年,人
17334,00700,全域,001,男,031,３０歳,20000,長野県,1980000000,1980年,人
16872,00700,全域,001,男,031,３０歳,21000,岐阜県,1980000000,1980年,人
32816,00700,全域,001,男,031,３０歳,22000,静岡県,1980000000,1980年,人
60584,00700,全域,001,男,031,３０歳,23000,愛知県,1980000000,1980年,人
14201,00700,全域,001,男,031,３０歳,24000,三重県,1980000000,1980年,人
10093,00700,全域,001,男,031,３０歳,25000,滋賀県,1980000000,1980年,人
23189,00700,全域,001,男,031,３０歳,26000,京都府,1980000000,1980年,人
81412,00700,全域,001,男,031,３０歳,27000,大阪府,1980000000,1980年,人
46206,00700,全域,001,男,031,３０歳,28000,兵庫県,1980000000,1980年,人
10452,00700,全域,001,男,031,３０歳,29000,奈良県,1980000000,1980年,人
8741,00700,全域,001,男,031,３０歳,30000,和歌山県,1980000000,1980年,人
5082,00700,全域,001,男,031,３０歳,31000,鳥取県,1980000000,1980年,人
6402,00700,全域,001,男,031,３０歳,32000,島根県,1980000000,1980年,人
15232,00700,全域,001,男,031,３０歳,33000,岡山県,1980000000,1980年,人
25227,00700,全域,001,男,031,３０歳,34000,広島県,1980000000,1980年,人
13565,00700,全域,001,男,031,３０歳,35000,山口県,1980000000,1980年,人
7304,00700,全域,001,男,031,３０歳,36000,徳島県,1980000000,1980年,人
8682,00700,全域,001,男,031,３０歳,37000,香川県,1980000000,1980年,人
13069,00700,全域,001,男,031,３０歳,38000,愛媛県,1980000000,1980年,人
6940,00700,全域,001,男,031,３０歳,39000,高知県,1980000000,1980年,人
42190,00700,全域,001,男,031,３０歳,40000,福岡県,1980000000,1980年,人
7302,00700,全域,001,男,031,３０歳,41000,佐賀県,1980000000,1980年,人
13490,00700,全域,001,男,031,３０歳,42000,長崎県,1980000000,1980年,人
15060,00700,全域,001,男,031,３０歳,43000,熊本県,1980000000,1980年,人
10062,00700,全域,001,男,031,３０歳,44000,大分県,1980000000,1980年,人
9827,00700,全域,001,男,031,３０歳,45000,宮崎県,1980000000,1980年,人
13910,00700,全域,001,男,031,３０歳,46000,鹿児島県,1980000000,1980年,人
11150,00700,全域,001,男,031,３０歳,47000,沖縄県,1980000000,1980年,人
1215045,00700,全域,001,男,032,３１歳,00000,全国,1980000000,1980年,人
958055,00700,全域,001,男,032,３１歳,00001,全国市部,1980000000,1980年,人
256990,00700,全域,001,男,032,３１歳,00002,全国郡部,1980000000,1980年,人
56689,00700,全域,001,男,032,３１歳,01000,北海道,1980000000,1980年,人
14407,00700,全域,001,男,032,３１歳,02000,青森県,1980000000,1980年,人
13003,00700,全域,001,男,032,３１歳,03000,岩手県,1980000000,1980年,人
21269,00700,全域,001,男,032,３１歳,04000,宮城県,1980000000,1980年,人
11857,00700,全域,001,男,032,３１歳,05000,秋田県,1980000000,1980年,人
11671,00700,全域,001,男,032,３１歳,06000,山形県,1980000000,1980年,人
19072,00700,全域,001,男,032,３１歳,07000,福島県,1980000000,1980年,人
25712,00700,全域,001,男,032,３１歳,08000,茨城県,1980000000,1980年,人
18937,00700,全域,001,男,032,３１歳,09000,栃木県,1980000000,1980年,人
18661,00700,全域,001,男,032,３１歳,10000,群馬県,1980000000,1980年,人
60233,00700,全域,001,男,032,３１歳,11000,埼玉県,1980000000,1980年,人
52636,00700,全域,001,男,032,３１歳,12000,千葉県,1980000000,1980年,人
131226,00700,全域,001,男,032,３１歳,13000,東京都,1980000000,1980年,人
79557,00700,全域,001,男,032,３１歳,14000,神奈川県,1980000000,1980年,人
23819,00700,全域,001,男,032,３１歳,15000,新潟県,1980000000,1980年,人
11029,00700,全域,001,男,032,３１歳,16000,富山県,1980000000,1980年,人
11582,00700,全域,001,男,032,３１歳,17000,石川県,1980000000,1980年,人
8001,00700,全域,001,男,032,３１歳,18000,福井県,1980000000,1980年,人
7409,00700,全域,001,男,032,３１歳,19000,山梨県,1980000000,1980年,人
19443,00700,全域,001,男,032,３１歳,20000,長野県,1980000000,1980年,人
19490,00700,全域,001,男,032,３１歳,21000,岐阜県,1980000000,1980年,人
35689,00700,全域,001,男,032,３１歳,22000,静岡県,1980000000,1980年,人
69202,00700,全域,001,男,032,３１歳,23000,愛知県,1980000000,1980年,人
16166,00700,全域,001,男,032,３１歳,24000,三重県,1980000000,1980年,人
11314,00700,全域,001,男,032,３１歳,25000,滋賀県,1980000000,1980年,人
26950,00700,全域,001,男,032,３１歳,26000,京都府,1980000000,1980年,人
94525,00700,全域,001,男,032,３１歳,27000,大阪府,1980000000,1980年,人
53969,00700,全域,001,男,032,３１歳,28000,兵庫県,1980000000,1980年,人
12005,00700,全域,001,男,032,３１歳,29000,奈良県,1980000000,1980年,人
10085,00700,全域,001,男,032,３１歳,30000,和歌山県,1980000000,1980年,人
5785,00700,全域,001,男,032,３１歳,31000,鳥取県,1980000000,1980年,人
7098,00700,全域,001,男,032,３１歳,32000,島根県,1980000000,1980年,人
18186,00700,全域,001,男,032,３１歳,33000,岡山県,1980000000,1980年,人
28785,00700,全域,001,男,032,３１歳,34000,広島県,1980000000,1980年,人
15239,00700,全域,001,男,032,３１歳,35000,山口県,1980000000,1980年,人
8127,00700,全域,001,男,032,３１歳,36000,徳島県,1980000000,1980年,人
10521,00700,全域,001,男,032,３１歳,37000,香川県,1980000000,1980年,人
14480,00700,全域,001,男,032,３１歳,38000,愛媛県,1980000000,1980年,人
7868,00700,全域,001,男,032,３１歳,39000,高知県,1980000000,1980年,人
47535,00700,全域,001,男,032,３１歳,40000,福岡県,1980000000,1980年,人
7734,00700,全域,001,男,032,３１歳,41000,佐賀県,1980000000,1980年,人
14565,00700,全域,001,男,032,３１歳,42000,長崎県,1980000000,1980年,人
15944,00700,全域,001,男,032,３１歳,43000,熊本県,1980000000,1980年,人
11466,00700,全域,001,男,032,３１歳,44000,大分県,1980000000,1980年,人
11059,00700,全域,001,男,032,３１歳,45000,宮崎県,1980000000,1980年,人
14895,00700,全域,001,男,032,３１歳,46000,鹿児島県,1980000000,1980年,人
10150,00700,全域,001,男,032,３１歳,47000,沖縄県,1980000000,1980年,人
1213414,00700,全域,001,男,033,３２歳,00000,全国,1980000000,1980年,人
958453,00700,全域,001,男,033,３２歳,00001,全国市部,1980000000,1980年,人
254961,00700,全域,001,男,033,３２歳,00002,全国郡部,1980000000,1980年,人
54706,00700,全域,001,男,033,３２歳,01000,北海道,1980000000,1980年,人
14143,00700,全域,001,男,033,３２歳,02000,青森県,1980000000,1980年,人
12415,00700,全域,001,男,033,３２歳,03000,岩手県,1980000000,1980年,人
20950,00700,全域,001,男,033,３２歳,04000,宮城県,1980000000,1980年,人
10692,00700,全域,001,男,033,３２歳,05000,秋田県,1980000000,1980年,人
11151,00700,全域,001,男,033,３２歳,06000,山形県,1980000000,1980年,人
19301,00700,全域,001,男,033,３２歳,07000,福島県,1980000000,1980年,人
25702,00700,全域,001,男,033,３２歳,08000,茨城県,1980000000,1980年,人
18931,00700,全域,001,男,033,３２歳,09000,栃木県,1980000000,1980年,人
18825,00700,全域,001,男,033,３２歳,10000,群馬県,1980000000,1980年,人
61598,00700,全域,001,男,033,３２歳,11000,埼玉県,1980000000,1980年,人
54014,00700,全域,001,男,033,３２歳,12000,千葉県,1980000000,1980年,人
130708,00700,全域,001,男,033,３２歳,13000,東京都,1980000000,1980年,人
80001,00700,全域,001,男,033,３２歳,14000,神奈川県,1980000000,1980年,人
23564,00700,全域,001,男,033,３２歳,15000,新潟県,1980000000,1980年,人
11431,00700,全域,001,男,033,３２歳,16000,富山県,1980000000,1980年,人
12232,00700,全域,001,男,033,３２歳,17000,石川県,1980000000,1980年,人
7949,00700,全域,001,男,033,３２歳,18000,福井県,1980000000,1980年,人
7294,00700,全域,001,男,033,３２歳,19000,山梨県,1980000000,1980年,人
19153,00700,全域,001,男,033,３２歳,20000,長野県,1980000000,1980年,人
20207,00700,全域,001,男,033,３２歳,21000,岐阜県,1980000000,1980年,人
36849,00700,全域,001,男,033,３２歳,22000,静岡県,1980000000,1980年,人
69791,00700,全域,001,男,033,３２歳,23000,愛知県,1980000000,1980年,人
16674,00700,全域,001,男,033,３２歳,24000,三重県,1980000000,1980年,人
11233,00700,全域,001,男,033,３２歳,25000,滋賀県,1980000000,1980年,人
27052,00700,全域,001,男,033,３２歳,26000,京都府,1980000000,1980年,人
95187,00700,全域,001,男,033,３２歳,27000,大阪府,1980000000,1980年,人
54021,00700,全域,001,男,033,３２歳,28000,兵庫県,1980000000,1980年,人
12395,00700,全域,001,男,033,３２歳,29000,奈良県,1980000000,1980年,人
10359,00700,全域,001,男,033,３２歳,30000,和歌山県,1980000000,1980年,人
5924,00700,全域,001,男,033,３２歳,31000,鳥取県,1980000000,1980年,人
7221,00700,全域,001,男,033,３２歳,32000,島根県,1980000000,1980年,人
18628,00700,全域,001,男,033,３２歳,33000,岡山県,1980000000,1980年,人
28196,00700,全域,001,男,033,３２歳,34000,広島県,1980000000,1980年,人
14122,00700,全域,001,男,033,３２歳,35000,山口県,1980000000,1980年,人
8597,00700,全域,001,男,033,３２歳,36000,徳島県,1980000000,1980年,人
10592,00700,全域,001,男,033,３２歳,37000,香川県,1980000000,1980年,人
14190,00700,全域,001,男,033,３２歳,38000,愛媛県,1980000000,1980年,人
7919,00700,全域,001,男,033,３２歳,39000,高知県,1980000000,1980年,人
45155,00700,全域,001,男,033,３２歳,40000,福岡県,1980000000,1980年,人
7450,00700,全域,001,男,033,３２歳,41000,佐賀県,1980000000,1980年,人
13629,00700,全域,001,男,033,３２歳,42000,長崎県,1980000000,1980年,人
15489,00700,全域,001,男,033,３２歳,43000,熊本県,1980000000,1980年,人
11214,00700,全域,001,男,033,３２歳,44000,大分県,1980000000,1980年,人
11096,00700,全域,001,男,033,３２歳,45000,宮崎県,1980000000,1980年,人
15020,00700,全域,001,男,033,３２歳,46000,鹿児島県,1980000000,1980年,人
10444,00700,全域,001,男,033,３２歳,47000,沖縄県,1980000000,1980年,人
1162414,00700,全域,001,男,034,３３歳,00000,全国,1980000000,1980年,人
920571,00700,全域,001,男,034,３３歳,00001,全国市部,1980000000,1980年,人
241843,00700,全域,001,男,034,３３歳,00002,全国郡部,1980000000,1980年,人
49533,00700,全域,001,男,034,３３歳,01000,北海道,1980000000,1980年,人
13740,00700,全域,001,男,034,３３歳,02000,青森県,1980000000,1980年,人
11791,00700,全域,001,男,034,３３歳,03000,岩手県,1980000000,1980年,人
18614,00700,全域,001,男,034,３３歳,04000,宮城県,1980000000,1980年,人
11298,00700,全域,001,男,034,３３歳,05000,秋田県,1980000000,1980年,人
10613,00700,全域,001,男,034,３３歳,06000,山形県,1980000000,1980年,人
17220,00700,全域,001,男,034,３３歳,07000,福島県,1980000000,1980年,人
25205,00700,全域,001,男,034,３３歳,08000,茨城県,1980000000,1980年,人
18042,00700,全域,001,男,034,３３歳,09000,栃木県,1980000000,1980年,人
18765,00700,全域,001,男,034,３３歳,10000,群馬県,1980000000,1980年,人
62345,00700,全域,001,男,034,３３歳,11000,埼玉県,1980000000,1980年,人
54179,00700,全域,001,男,034,３３歳,12000,千葉県,1980000000,1980年,人
124855,00700,全域,001,男,034,３３歳,13000,東京都,1980000000,1980年,人
77879,00700,全域,001,男,034,３３歳,14000,神奈川県,1980000000,1980年,人
23043,00700,全域,001,男,034,３３歳,15000,新潟県,1980000000,1980年,人
12501,00700,全域,001,男,034,３３歳,16000,富山県,1980000000,1980年,人
12564,00700,全域,001,男,034,３３歳,17000,石川県,1980000000,1980年,人
7270,00700,全域,001,男,034,３３歳,18000,福井県,1980000000,1980年,人
6930,00700,全域,001,男,034,３３歳,19000,山梨県,1980000000,1980年,人
17931,00700,全域,001,男,034,３３歳,20000,長野県,1980000000,1980年,人
18115,00700,全域,001,男,034,３３歳,21000,岐阜県,1980000000,1980年,人
33629,00700,全域,001,男,034,３３歳,22000,静岡県,1980000000,1980年,人
65251,00700,全域,001,男,034,３３歳,23000,愛知県,1980000000,1980年,人
15343,00700,全域,001,男,034,３３歳,24000,三重県,1980000000,1980年,人
10454,00700,全域,001,男,034,３３歳,25000,滋賀県,1980000000,1980年,人
25715,00700,全域,001,男,034,３３歳,26000,京都府,1980000000,1980年,人
91587,00700,全域,001,男,034,３３歳,27000,大阪府,1980000000,1980年,人
52530,00700,全域,001,男,034,３３歳,28000,兵庫県,1980000000,1980年,人
12351,00700,全域,001,男,034,３３歳,29000,奈良県,1980000000,1980年,人
9794,00700,全域,001,男,034,３３歳,30000,和歌山県,1980000000,1980年,人
5322,00700,全域,001,男,034,３３歳,31000,鳥取県,1980000000,1980年,人
7133,00700,全域,001,男,034,３３歳,32000,島根県,1980000000,1980年,人
17633,00700,全域,001,男,034,３３歳,33000,岡山県,1980000000,1980年,人
28989,00700,全域,001,男,034,３３歳,34000,広島県,1980000000,1980年,人
14632,00700,全域,001,男,034,３３歳,35000,山口県,1980000000,1980年,人
7772,00700,全域,001,男,034,３３歳,36000,徳島県,1980000000,1980年,人
10616,00700,全域,001,男,034,３３歳,37000,香川県,1980000000,1980年,人
13737,00700,全域,001,男,034,３３歳,38000,愛媛県,1980000000,1980年,人
7858,00700,全域,001,男,034,３３歳,39000,高知県,1980000000,1980年,人
43020,00700,全域,001,男,034,３３歳,40000,福岡県,1980000000,1980年,人
7017,00700,全域,001,男,034,３３歳,41000,佐賀県,1980000000,1980年,人
12867,00700,全域,001,男,034,３３歳,42000,長崎県,1980000000,1980年,人
14892,00700,全域,001,男,034,３３歳,43000,熊本県,1980000000,1980年,人
10391,00700,全域,001,男,034,３３歳,44000,大分県,1980000000,1980年,人
9996,00700,全域,001,男,034,３３歳,45000,宮崎県,1980000000,1980年,人
12812,00700,全域,001,男,034,３３歳,46000,鹿児島県,1980000000,1980年,人
8640,00700,全域,001,男,034,３３歳,47000,沖縄県,1980000000,1980年,人
728013,00700,全域,001,男,035,３４歳,00000,全国,1980000000,1980年,人
580227,00700,全域,001,男,035,３４歳,00001,全国市部,1980000000,1980年,人
147786,00700,全域,001,男,035,３４歳,00002,全国郡部,1980000000,1980年,人
37716,00700,全域,001,男,035,３４歳,01000,北海道,1980000000,1980年,人
8405,00700,全域,001,男,035,３４歳,02000,青森県,1980000000,1980年,人
7464,00700,全域,001,男,035,３４歳,03000,岩手県,1980000000,1980年,人
11283,00700,全域,001,男,035,３４歳,04000,宮城県,1980000000,1980年,人
6382,00700,全域,001,男,035,３４歳,05000,秋田県,1980000000,1980年,人
6260,00700,全域,001,男,035,３４歳,06000,山形県,1980000000,1980年,人
9509,00700,全域,001,男,035,３４歳,07000,福島県,1980000000,1980年,人
16737,00700,全域,001,男,035,３４歳,08000,茨城県,1980000000,1980年,人
11523,00700,全域,001,男,035,３４歳,09000,栃木県,1980000000,1980年,人
12626,00700,全域,001,男,035,３４歳,10000,群馬県,1980000000,1980年,人
41018,00700,全域,001,男,035,３４歳,11000,埼玉県,1980000000,1980年,人
35153,00700,全域,001,男,035,３４歳,12000,千葉県,1980000000,1980年,人
77916,00700,全域,001,男,035,３４歳,13000,東京都,1980000000,1980年,人
50598,00700,全域,001,男,035,３４歳,14000,神奈川県,1980000000,1980年,人
13178,00700,全域,001,男,035,３４歳,15000,新潟県,1980000000,1980年,人
6237,00700,全域,001,男,035,３４歳,16000,富山県,1980000000,1980年,人
6396,00700,全域,001,男,035,３４歳,17000,石川県,1980000000,1980年,人
3671,00700,全域,001,男,035,３４歳,18000,福井県,1980000000,1980年,人
4317,00700,全域,001,男,035,３４歳,19000,山梨県,1980000000,1980年,人
11195,00700,全域,001,男,035,３４歳,20000,長野県,1980000000,1980年,人
11455,00700,全域,001,男,035,３４歳,21000,岐阜県,1980000000,1980年,人
21298,00700,全域,001,男,035,３４歳,22000,静岡県,1980000000,1980年,人
43666,00700,全域,001,男,035,３４歳,23000,愛知県,1980000000,1980年,人
9296,00700,全域,001,男,035,３４歳,24000,三重県,1980000000,1980年,人
6693,00700,全域,001,男,035,３４歳,25000,滋賀県,1980000000,1980年,人
15483,00700,全域,001,男,035,３４歳,26000,京都府,1980000000,1980年,人
56668,00700,全域,001,男,035,３４歳,27000,大阪府,1980000000,1980年,人
31794,00700,全域,001,男,035,３４歳,28000,兵庫県,1980000000,1980年,人
7047,00700,全域,001,男,035,３４歳,29000,奈良県,1980000000,1980年,人
5597,00700,全域,001,男,035,３４歳,30000,和歌山県,1980000000,1980年,人
3016,00700,全域,001,男,035,３４歳,31000,鳥取県,1980000000,1980年,人
3710,00700,全域,001,男,035,３４歳,32000,島根県,1980000000,1980年,人
11501,00700,全域,001,男,035,３４歳,33000,岡山県,1980000000,1980年,人
17837,00700,全域,001,男,035,３４歳,34000,広島県,1980000000,1980年,人
9133,00700,全域,001,男,035,３４歳,35000,山口県,1980000000,1980年,人
4125,00700,全域,001,男,035,３４歳,36000,徳島県,1980000000,1980年,人
5856,00700,全域,001,男,035,３４歳,37000,香川県,1980000000,1980年,人
8503,00700,全域,001,男,035,３４歳,38000,愛媛県,1980000000,1980年,人
4753,00700,全域,001,男,035,３４歳,39000,高知県,1980000000,1980年,人
26510,00700,全域,001,男,035,３４歳,40000,福岡県,1980000000,1980年,人
4173,00700,全域,001,男,035,３４歳,41000,佐賀県,1980000000,1980年,人
8135,00700,全域,001,男,035,３４歳,42000,長崎県,1980000000,1980年,人
9126,00700,全域,001,男,035,３４歳,43000,熊本県,1980000000,1980年,人
6451,00700,全域,001,男,035,３４歳,44000,大分県,1980000000,1980年,人
5977,00700,全域,001,男,035,３４歳,45000,宮崎県,1980000000,1980年,人
8417,00700,全域,001,男,035,３４歳,46000,鹿児島県,1980000000,1980年,人
4209,00700,全域,001,男,035,３４歳,47000,沖縄県,1980000000,1980年,人
783458,00700,全域,001,男,036,３５歳,00000,全国,1980000000,1980年,人
624958,00700,全域,001,男,036,３５歳,00001,全国市部,1980000000,1980年,人
158500,00700,全域,001,男,036,３５歳,00002,全国郡部,1980000000,1980年,人
35944,00700,全域,001,男,036,３５歳,01000,北海道,1980000000,1980年,人
8815,00700,全域,001,男,036,３５歳,02000,青森県,1980000000,1980年,人
7688,00700,全域,001,男,036,３５歳,03000,岩手県,1980000000,1980年,人
12804,00700,全域,001,男,036,３５歳,04000,宮城県,1980000000,1980年,人
6838,00700,全域,001,男,036,３５歳,05000,秋田県,1980000000,1980年,人
7204,00700,全域,001,男,036,３５歳,06000,山形県,1980000000,1980年,人
11124,00700,全域,001,男,036,３５歳,07000,福島県,1980000000,1980年,人
17456,00700,全域,001,男,036,３５歳,08000,茨城県,1980000000,1980年,人
11805,00700,全域,001,男,036,３５歳,09000,栃木県,1980000000,1980年,人
12533,00700,全域,001,男,036,３５歳,10000,群馬県,1980000000,1980年,人
44049,00700,全域,001,男,036,３５歳,11000,埼玉県,1980000000,1980年,人
37295,00700,全域,001,男,036,３５歳,12000,千葉県,1980000000,1980年,人
83267,00700,全域,001,男,036,３５歳,13000,東京都,1980000000,1980年,人
54662,00700,全域,001,男,036,３５歳,14000,神奈川県,1980000000,1980年,人
14280,00700,全域,001,男,036,３５歳,15000,新潟県,1980000000,1980年,人
6823,00700,全域,001,男,036,３５歳,16000,富山県,1980000000,1980年,人
6768,00700,全域,001,男,036,３５歳,17000,石川県,1980000000,1980年,人
4465,00700,全域,001,男,036,３５歳,18000,福井県,1980000000,1980年,人
4621,00700,全域,001,男,036,３５歳,19000,山梨県,1980000000,1980年,人
13162,00700,全域,001,男,036,３５歳,20000,長野県,1980000000,1980年,人
12941,00700,全域,001,男,036,３５歳,21000,岐阜県,1980000000,1980年,人
24285,00700,全域,001,男,036,３５歳,22000,静岡県,1980000000,1980年,人
48094,00700,全域,001,男,036,３５歳,23000,愛知県,1980000000,1980年,人
10526,00700,全域,001,男,036,３５歳,24000,三重県,1980000000,1980年,人
6963,00700,全域,001,男,036,３５歳,25000,滋賀県,1980000000,1980年,人
15812,00700,全域,001,男,036,３５歳,26000,京都府,1980000000,1980年,人
63076,00700,全域,001,男,036,３５歳,27000,大阪府,1980000000,1980年,人
35016,00700,全域,001,男,036,３５歳,28000,兵庫県,1980000000,1980年,人
7944,00700,全域,001,男,036,３５歳,29000,奈良県,1980000000,1980年,人
6248,00700,全域,001,男,036,３５歳,30000,和歌山県,1980000000,1980年,人
3524,00700,全域,001,男,036,３５歳,31000,鳥取県,1980000000,1980年,人
4229,00700,全域,001,男,036,３５歳,32000,島根県,1980000000,1980年,人
12296,00700,全域,001,男,036,３５歳,33000,岡山県,1980000000,1980年,人
19518,00700,全域,001,男,036,３５歳,34000,広島県,1980000000,1980年,人
9365,00700,全域,001,男,036,３５歳,35000,山口県,1980000000,1980年,人
4688,00700,全域,001,男,036,３５歳,36000,徳島県,1980000000,1980年,人
6164,00700,全域,001,男,036,３５歳,37000,香川県,1980000000,1980年,人
9269,00700,全域,001,男,036,３５歳,38000,愛媛県,1980000000,1980年,人
4913,00700,全域,001,男,036,３５歳,39000,高知県,1980000000,1980年,人
27858,00700,全域,001,男,036,３５歳,40000,福岡県,1980000000,1980年,人
4396,00700,全域,001,男,036,３５歳,41000,佐賀県,1980000000,1980年,人
8182,00700,全域,001,男,036,３５歳,42000,長崎県,1980000000,1980年,人
9486,00700,全域,001,男,036,３５歳,43000,熊本県,1980000000,1980年,人
6973,00700,全域,001,男,036,３５歳,44000,大分県,1980000000,1980年,人
6327,00700,全域,001,男,036,３５歳,45000,宮崎県,1980000000,1980年,人
8618,00700,全域,001,男,036,３５歳,46000,鹿児島県,1980000000,1980年,人
5144,00700,全域,001,男,036,３５歳,47000,沖縄県,1980000000,1980年,人
959654,00700,全域,001,男,037,３６歳,00000,全国,1980000000,1980年,人
764676,00700,全域,001,男,037,３６歳,00001,全国市部,1980000000,1980年,人
194978,00700,全域,001,男,037,３６歳,00002,全国郡部,1980000000,1980年,人
41922,00700,全域,001,男,037,３６歳,01000,北海道,1980000000,1980年,人
10594,00700,全域,001,男,037,３６歳,02000,青森県,1980000000,1980年,人
9862,00700,全域,001,男,037,３６歳,03000,岩手県,1980000000,1980年,人
15947,00700,全域,001,男,037,３６歳,04000,宮城県,1980000000,1980年,人
8267,00700,全域,001,男,037,３６歳,05000,秋田県,1980000000,1980年,人
8457,00700,全域,001,男,037,３６歳,06000,山形県,1980000000,1980年,人
14459,00700,全域,001,男,037,３６歳,07000,福島県,1980000000,1980年,人
21364,00700,全域,001,男,037,３６歳,08000,茨城県,1980000000,1980年,人
14312,00700,全域,001,男,037,３６歳,09000,栃木県,1980000000,1980年,人
15308,00700,全域,001,男,037,３６歳,10000,群馬県,1980000000,1980年,人
55652,00700,全域,001,男,037,３６歳,11000,埼玉県,1980000000,1980年,人
46811,00700,全域,001,男,037,３６歳,12000,千葉県,1980000000,1980年,人
100626,00700,全域,001,男,037,３６歳,13000,東京都,1980000000,1980年,人
67235,00700,全域,001,男,037,３６歳,14000,神奈川県,1980000000,1980年,人
17514,00700,全域,001,男,037,３６歳,15000,新潟県,1980000000,1980年,人
8873,00700,全域,001,男,037,３６歳,16000,富山県,1980000000,1980年,人
8811,00700,全域,001,男,037,３６歳,17000,石川県,1980000000,1980年,人
5618,00700,全域,001,男,037,３６歳,18000,福井県,1980000000,1980年,人
5852,00700,全域,001,男,037,３６歳,19000,山梨県,1980000000,1980年,人
16062,00700,全域,001,男,037,３６歳,20000,長野県,1980000000,1980年,人
15408,00700,全域,001,男,037,３６歳,21000,岐阜県,1980000000,1980年,人
29153,00700,全域,001,男,037,３６歳,22000,静岡県,1980000000,1980年,人
57249,00700,全域,001,男,037,３６歳,23000,愛知県,1980000000,1980年,人
13629,00700,全域,001,男,037,３６歳,24000,三重県,1980000000,1980年,人
8798,00700,全域,001,男,037,３６歳,25000,滋賀県,1980000000,1980年,人
20908,00700,全域,001,男,037,３６歳,26000,京都府,1980000000,1980年,人
78488,00700,全域,001,男,037,３６歳,27000,大阪府,1980000000,1980年,人
43269,00700,全域,001,男,037,３６歳,28000,兵庫県,1980000000,1980年,人
10355,00700,全域,001,男,037,３６歳,29000,奈良県,1980000000,1980年,人
8175,00700,全域,001,男,037,３６歳,30000,和歌山県,1980000000,1980年,人
4194,00700,全域,001,男,037,３６歳,31000,鳥取県,1980000000,1980年,人
4940,00700,全域,001,男,037,３６歳,32000,島根県,1980000000,1980年,人
14206,00700,全域,001,男,037,３６歳,33000,岡山県,1980000000,1980年,人
22375,00700,全域,001,男,037,３６歳,34000,広島県,1980000000,1980年,人
11402,00700,全域,001,男,037,３６歳,35000,山口県,1980000000,1980年,人
5543,00700,全域,001,男,037,３６歳,36000,徳島県,1980000000,1980年,人
7507,00700,全域,001,男,037,３６歳,37000,香川県,1980000000,1980年,人
10655,00700,全域,001,男,037,３６歳,38000,愛媛県,1980000000,1980年,人
6063,00700,全域,001,男,037,３６歳,39000,高知県,1980000000,1980年,人
34155,00700,全域,001,男,037,３６歳,40000,福岡県,1980000000,1980年,人
5294,00700,全域,001,男,037,３６歳,41000,佐賀県,1980000000,1980年,人
9883,00700,全域,001,男,037,３６歳,42000,長崎県,1980000000,1980年,人
11477,00700,全域,001,男,037,３６歳,43000,熊本県,1980000000,1980年,人
8508,00700,全域,001,男,037,３６歳,44000,大分県,1980000000,1980年,人
7464,00700,全域,001,男,037,３６歳,45000,宮崎県,1980000000,1980年,人
10427,00700,全域,001,男,037,３６歳,46000,鹿児島県,1980000000,1980年,人
6583,00700,全域,001,男,037,３６歳,47000,沖縄県,1980000000,1980年,人
934884,00700,全域,001,男,038,３７歳,00000,全国,1980000000,1980年,人
744398,00700,全域,001,男,038,３７歳,00001,全国市部,1980000000,1980年,人
190486,00700,全域,001,男,038,３７歳,00002,全国郡部,1980000000,1980年,人
42585,00700,全域,001,男,038,３７歳,01000,北海道,1980000000,1980年,人
10527,00700,全域,001,男,038,３７歳,02000,青森県,1980000000,1980年,人
9539,00700,全域,001,男,038,３７歳,03000,岩手県,1980000000,1980年,人
15460,00700,全域,001,男,038,３７歳,04000,宮城県,1980000000,1980年,人
8068,00700,全域,001,男,038,３７歳,05000,秋田県,1980000000,1980年,人
8002,00700,全域,001,男,038,３７歳,06000,山形県,1980000000,1980年,人
13720,00700,全域,001,男,038,３７歳,07000,福島県,1980000000,1980年,人
21240,00700,全域,001,男,038,３７歳,08000,茨城県,1980000000,1980年,人
14040,00700,全域,001,男,038,３７歳,09000,栃木県,1980000000,1980年,人
14726,00700,全域,001,男,038,３７歳,10000,群馬県,1980000000,1980年,人
55443,00700,全域,001,男,038,３７歳,11000,埼玉県,1980000000,1980年,人
46148,00700,全域,001,男,038,３７歳,12000,千葉県,1980000000,1980年,人
99434,00700,全域,001,男,038,３７歳,13000,東京都,1980000000,1980年,人
66683,00700,全域,001,男,038,３７歳,14000,神奈川県,1980000000,1980年,人
17243,00700,全域,001,男,038,３７歳,15000,新潟県,1980000000,1980年,人
8220,00700,全域,001,男,038,３７歳,16000,富山県,1980000000,1980年,人
8658,00700,全域,001,男,038,３７歳,17000,石川県,1980000000,1980年,人
5936,00700,全域,001,男,038,３７歳,18000,福井県,1980000000,1980年,人
5959,00700,全域,001,男,038,３７歳,19000,山梨県,1980000000,1980年,人
15212,00700,全域,001,男,038,３７歳,20000,長野県,1980000000,1980年,人
15018,00700,全域,001,男,038,３７歳,21000,岐阜県,1980000000,1980年,人
28467,00700,全域,001,男,038,３７歳,22000,静岡県,1980000000,1980年,人
55311,00700,全域,001,男,038,３７歳,23000,愛知県,1980000000,1980年,人
13125,00700,全域,001,男,038,３７歳,24000,三重県,1980000000,1980年,人
8848,00700,全域,001,男,038,３７歳,25000,滋賀県,1980000000,1980年,人
20127,00700,全域,001,男,038,３７歳,26000,京都府,1980000000,1980年,人
75792,00700,全域,001,男,038,３７歳,27000,大阪府,1980000000,1980年,人
41689,00700,全域,001,男,038,３７歳,28000,兵庫県,1980000000,1980年,人
10096,00700,全域,001,男,038,３７歳,29000,奈良県,1980000000,1980年,人
7831,00700,全域,001,男,038,３７歳,30000,和歌山県,1980000000,1980年,人
3973,00700,全域,001,男,038,３７歳,31000,鳥取県,1980000000,1980年,人
4974,00700,全域,001,男,038,３７歳,32000,島根県,1980000000,1980年,人
14185,00700,全域,001,男,038,３７歳,33000,岡山県,1980000000,1980年,人
21465,00700,全域,001,男,038,３７歳,34000,広島県,1980000000,1980年,人
11448,00700,全域,001,男,038,３７歳,35000,山口県,1980000000,1980年,人
5427,00700,全域,001,男,038,３７歳,36000,徳島県,1980000000,1980年,人
6935,00700,全域,001,男,038,３７歳,37000,香川県,1980000000,1980年,人
9546,00700,全域,001,男,038,３７歳,38000,愛媛県,1980000000,1980年,人
5409,00700,全域,001,男,038,３７歳,39000,高知県,1980000000,1980年,人
31741,00700,全域,001,男,038,３７歳,40000,福岡県,1980000000,1980年,人
4978,00700,全域,001,男,038,３７歳,41000,佐賀県,1980000000,1980年,人
9132,00700,全域,001,男,038,３７歳,42000,長崎県,1980000000,1980年,人
10675,00700,全域,001,男,038,３７歳,43000,熊本県,1980000000,1980年,人
7860,00700,全域,001,男,038,３７歳,44000,大分県,1980000000,1980年,人
7169,00700,全域,001,男,038,３７歳,45000,宮崎県,1980000000,1980年,人
9941,00700,全域,001,男,038,３７歳,46000,鹿児島県,1980000000,1980年,人
6879,00700,全域,001,男,038,３７歳,47000,沖縄県,1980000000,1980年,人
967450,00700,全域,001,男,039,３８歳,00000,全国,1980000000,1980年,人
768479,00700,全域,001,男,039,３８歳,00001,全国市部,1980000000,1980年,人
198971,00700,全域,001,男,039,３８歳,00002,全国郡部,1980000000,1980年,人
42363,00700,全域,001,男,039,３８歳,01000,北海道,1980000000,1980年,人
10771,00700,全域,001,男,039,３８歳,02000,青森県,1980000000,1980年,人
9713,00700,全域,001,男,039,３８歳,03000,岩手県,1980000000,1980年,人
15257,00700,全域,001,男,039,３８歳,04000,宮城県,1980000000,1980年,人
8839,00700,全域,001,男,039,３８歳,05000,秋田県,1980000000,1980年,人
8292,00700,全域,001,男,039,３８歳,06000,山形県,1980000000,1980年,人
13853,00700,全域,001,男,039,３８歳,07000,福島県,1980000000,1980年,人
21886,00700,全域,001,男,039,３８歳,08000,茨城県,1980000000,1980年,人
14097,00700,全域,001,男,039,３８歳,09000,栃木県,1980000000,1980年,人
15215,00700,全域,001,男,039,３８歳,10000,群馬県,1980000000,1980年,人
56640,00700,全域,001,男,039,３８歳,11000,埼玉県,1980000000,1980年,人
47026,00700,全域,001,男,039,３８歳,12000,千葉県,1980000000,1980年,人
98965,00700,全域,001,男,039,３８歳,13000,東京都,1980000000,1980年,人
67801,00700,全域,001,男,039,３８歳,14000,神奈川県,1980000000,1980年,人
17689,00700,全域,001,男,039,３８歳,15000,新潟県,1980000000,1980年,人
9198,00700,全域,001,男,039,３８歳,16000,富山県,1980000000,1980年,人
9212,00700,全域,001,男,039,３８歳,17000,石川県,1980000000,1980年,人
5974,00700,全域,001,男,039,３８歳,18000,福井県,1980000000,1980年,人
5945,00700,全域,001,男,039,３８歳,19000,山梨県,1980000000,1980年,人
15886,00700,全域,001,男,039,３８歳,20000,長野県,1980000000,1980年,人
15493,00700,全域,001,男,039,３８歳,21000,岐阜県,1980000000,1980年,人
28833,00700,全域,001,男,039,３８歳,22000,静岡県,1980000000,1980年,人
57700,00700,全域,001,男,039,３８歳,23000,愛知県,1980000000,1980年,人
13345,00700,全域,001,男,039,３８歳,24000,三重県,1980000000,1980年,人
9030,00700,全域,001,男,039,３８歳,25000,滋賀県,1980000000,1980年,人
21194,00700,全域,001,男,039,３８歳,26000,京都府,1980000000,1980年,人
81340,00700,全域,001,男,039,３８歳,27000,大阪府,1980000000,1980年,人
44609,00700,全域,001,男,039,３８歳,28000,兵庫県,1980000000,1980年,人
10864,00700,全域,001,男,039,３８歳,29000,奈良県,1980000000,1980年,人
8674,00700,全域,001,男,039,３８歳,30000,和歌山県,1980000000,1980年,人
4011,00700,全域,001,男,039,３８歳,31000,鳥取県,1980000000,1980年,人
5125,00700,全域,001,男,039,３８歳,32000,島根県,1980000000,1980年,人
14382,00700,全域,001,男,039,３８歳,33000,岡山県,1980000000,1980年,人
22674,00700,全域,001,男,039,３８歳,34000,広島県,1980000000,1980年,人
11613,00700,全域,001,男,039,３８歳,35000,山口県,1980000000,1980年,人
5821,00700,全域,001,男,039,３８歳,36000,徳島県,1980000000,1980年,人
7478,00700,全域,001,男,039,３８歳,37000,香川県,1980000000,1980年,人
10548,00700,全域,001,男,039,３８歳,38000,愛媛県,1980000000,1980年,人
5927,00700,全域,001,男,039,３８歳,39000,高知県,1980000000,1980年,人
33996,00700,全域,001,男,039,３８歳,40000,福岡県,1980000000,1980年,人
5397,00700,全域,001,男,039,３８歳,41000,佐賀県,1980000000,1980年,人
9917,00700,全域,001,男,039,３８歳,42000,長崎県,1980000000,1980年,人
10976,00700,全域,001,男,039,３８歳,43000,熊本県,1980000000,1980年,人
8306,00700,全域,001,男,039,３８歳,44000,大分県,1980000000,1980年,人
7577,00700,全域,001,男,039,３８歳,45000,宮崎県,1980000000,1980年,人
10800,00700,全域,001,男,039,３８歳,46000,鹿児島県,1980000000,1980年,人
7198,00700,全域,001,男,039,３８歳,47000,沖縄県,1980000000,1980年,人
949270,00700,全域,001,男,040,３９歳,00000,全国,1980000000,1980年,人
753797,00700,全域,001,男,040,３９歳,00001,全国市部,1980000000,1980年,人
195473,00700,全域,001,男,040,３９歳,00002,全国郡部,1980000000,1980年,人
41419,00700,全域,001,男,040,３９歳,01000,北海道,1980000000,1980年,人
10211,00700,全域,001,男,040,３９歳,02000,青森県,1980000000,1980年,人
9657,00700,全域,001,男,040,３９歳,03000,岩手県,1980000000,1980年,人
14781,00700,全域,001,男,040,３９歳,04000,宮城県,1980000000,1980年,人
8090,00700,全域,001,男,040,３９歳,05000,秋田県,1980000000,1980年,人
8032,00700,全域,001,男,040,３９歳,06000,山形県,1980000000,1980年,人
13478,00700,全域,001,男,040,３９歳,07000,福島県,1980000000,1980年,人
21422,00700,全域,001,男,040,３９歳,08000,茨城県,1980000000,1980年,人
13686,00700,全域,001,男,040,３９歳,09000,栃木県,1980000000,1980年,人
14662,00700,全域,001,男,040,３９歳,10000,群馬県,1980000000,1980年,人
54988,00700,全域,001,男,040,３９歳,11000,埼玉県,1980000000,1980年,人
45869,00700,全域,001,男,040,３９歳,12000,千葉県,1980000000,1980年,人
96615,00700,全域,001,男,040,３９歳,13000,東京都,1980000000,1980年,人
65434,00700,全域,001,男,040,３９歳,14000,神奈川県,1980000000,1980年,人
17350,00700,全域,001,男,040,３９歳,15000,新潟県,1980000000,1980年,人
8409,00700,全域,001,男,040,３９歳,16000,富山県,1980000000,1980年,人
8346,00700,全域,001,男,040,３９歳,17000,石川県,1980000000,1980年,人
5642,00700,全域,001,男,040,３９歳,18000,福井県,1980000000,1980年,人
5785,00700,全域,001,男,040,３９歳,19000,山梨県,1980000000,1980年,人
15291,00700,全域,001,男,040,３９歳,20000,長野県,1980000000,1980年,人
15336,00700,全域,001,男,040,３９歳,21000,岐阜県,1980000000,1980年,人
28537,00700,全域,001,男,040,３９歳,22000,静岡県,1980000000,1980年,人
55584,00700,全域,001,男,040,３９歳,23000,愛知県,1980000000,1980年,人
13018,00700,全域,001,男,040,３９歳,24000,三重県,1980000000,1980年,人
8627,00700,全域,001,男,040,３９歳,25000,滋賀県,1980000000,1980年,人
20784,00700,全域,001,男,040,３９歳,26000,京都府,1980000000,1980年,人
80857,00700,全域,001,男,040,３９歳,27000,大阪府,1980000000,1980年,人
43651,00700,全域,001,男,040,３９歳,28000,兵庫県,1980000000,1980年,人
10808,00700,全域,001,男,040,３９歳,29000,奈良県,1980000000,1980年,人
8431,00700,全域,001,男,040,３９歳,30000,和歌山県,1980000000,1980年,人
4260,00700,全域,001,男,040,３９歳,31000,鳥取県,1980000000,1980年,人
4772,00700,全域,001,男,040,３９歳,32000,島根県,1980000000,1980年,人
14670,00700,全域,001,男,040,３９歳,33000,岡山県,1980000000,1980年,人
22232,00700,全域,001,男,040,３９歳,34000,広島県,1980000000,1980年,人
12041,00700,全域,001,男,040,３９歳,35000,山口県,1980000000,1980年,人
5718,00700,全域,001,男,040,３９歳,36000,徳島県,1980000000,1980年,人
7305,00700,全域,001,男,040,３９歳,37000,香川県,1980000000,1980年,人
10903,00700,全域,001,男,040,３９歳,38000,愛媛県,1980000000,1980年,人
5857,00700,全域,001,男,040,３９歳,39000,高知県,1980000000,1980年,人
34989,00700,全域,001,男,040,３９歳,40000,福岡県,1980000000,1980年,人
5487,00700,全域,001,男,040,３９歳,41000,佐賀県,1980000000,1980年,人
9994,00700,全域,001,男,040,３９歳,42000,長崎県,1980000000,1980年,人
11433,00700,全域,001,男,040,３９歳,43000,熊本県,1980000000,1980年,人
8398,00700,全域,001,男,040,３９歳,44000,大分県,1980000000,1980年,人
7856,00700,全域,001,男,040,３９歳,45000,宮崎県,1980000000,1980年,人
11037,00700,全域,001,男,040,３９歳,46000,鹿児島県,1980000000,1980年,人
7518,00700,全域,001,男,040,３９歳,47000,沖縄県,1980000000,1980年,人
868342,00700,全域,001,男,041,４０歳,00000,全国,1980000000,1980年,人
684469,00700,全域,001,男,041,４０歳,00001,全国市部,1980000000,1980年,人
183873,00700,全域,001,男,041,４０歳,00002,全国郡部,1980000000,1980年,人
39801,00700,全域,001,男,041,４０歳,01000,北海道,1980000000,1980年,人
9746,00700,全域,001,男,041,４０歳,02000,青森県,1980000000,1980年,人
9479,00700,全域,001,男,041,４０歳,03000,岩手県,1980000000,1980年,人
14317,00700,全域,001,男,041,４０歳,04000,宮城県,1980000000,1980年,人
7895,00700,全域,001,男,041,４０歳,05000,秋田県,1980000000,1980年,人
8015,00700,全域,001,男,041,４０歳,06000,山形県,1980000000,1980年,人
13299,00700,全域,001,男,041,４０歳,07000,福島県,1980000000,1980年,人
20042,00700,全域,001,男,041,４０歳,08000,茨城県,1980000000,1980年,人
12789,00700,全域,001,男,041,４０歳,09000,栃木県,1980000000,1980年,人
13619,00700,全域,001,男,041,４０歳,10000,群馬県,1980000000,1980年,人
50820,00700,全域,001,男,041,４０歳,11000,埼玉県,1980000000,1980年,人
41679,00700,全域,001,男,041,４０歳,12000,千葉県,1980000000,1980年,人
87972,00700,全域,001,男,041,４０歳,13000,東京都,1980000000,1980年,人
60779,00700,全域,001,男,041,４０歳,14000,神奈川県,1980000000,1980年,人
16658,00700,全域,001,男,041,４０歳,15000,新潟県,1980000000,1980年,人
7572,00700,全域,001,男,041,４０歳,16000,富山県,1980000000,1980年,人
7303,00700,全域,001,男,041,４０歳,17000,石川県,1980000000,1980年,人
5024,00700,全域,001,男,041,４０歳,18000,福井県,1980000000,1980年,人
5481,00700,全域,001,男,041,４０歳,19000,山梨県,1980000000,1980年,人
14444,00700,全域,001,男,041,４０歳,20000,長野県,1980000000,1980年,人
14648,00700,全域,001,男,041,４０歳,21000,岐阜県,1980000000,1980年,人
27300,00700,全域,001,男,041,４０歳,22000,静岡県,1980000000,1980年,人
51780,00700,全域,001,男,041,４０歳,23000,愛知県,1980000000,1980年,人
12385,00700,全域,001,男,041,４０歳,24000,三重県,1980000000,1980年,人
7722,00700,全域,001,男,041,４０歳,25000,滋賀県,1980000000,1980年,人
17993,00700,全域,001,男,041,４０歳,26000,京都府,1980000000,1980年,人
70613,00700,全域,001,男,041,４０歳,27000,大阪府,1980000000,1980年,人
37739,00700,全域,001,男,041,４０歳,28000,兵庫県,1980000000,1980年,人
9596,00700,全域,001,男,041,４０歳,29000,奈良県,1980000000,1980年,人
7312,00700,全域,001,男,041,４０歳,30000,和歌山県,1980000000,1980年,人
3554,00700,全域,001,男,041,４０歳,31000,鳥取県,1980000000,1980年,人
4363,00700,全域,001,男,041,４０歳,32000,島根県,1980000000,1980年,人
11859,00700,全域,001,男,041,４０歳,33000,岡山県,1980000000,1980年,人
19162,00700,全域,001,男,041,４０歳,34000,広島県,1980000000,1980年,人
10283,00700,全域,001,男,041,４０歳,35000,山口県,1980000000,1980年,人
5198,00700,全域,001,男,041,４０歳,36000,徳島県,1980000000,1980年,人
6631,00700,全域,001,男,041,４０歳,37000,香川県,1980000000,1980年,人
9490,00700,全域,001,男,041,４０歳,38000,愛媛県,1980000000,1980年,人
5264,00700,全域,001,男,041,４０歳,39000,高知県,1980000000,1980年,人
31530,00700,全域,001,男,041,４０歳,40000,福岡県,1980000000,1980年,人
5230,00700,全域,001,男,041,４０歳,41000,佐賀県,1980000000,1980年,人
9705,00700,全域,001,男,041,４０歳,42000,長崎県,1980000000,1980年,人
10583,00700,全域,001,男,041,４０歳,43000,熊本県,1980000000,1980年,人
7576,00700,全域,001,男,041,４０歳,44000,大分県,1980000000,1980年,人
6892,00700,全域,001,男,041,４０歳,45000,宮崎県,1980000000,1980年,人
10028,00700,全域,001,男,041,４０歳,46000,鹿児島県,1980000000,1980年,人
7172,00700,全域,001,男,041,４０歳,47000,沖縄県,1980000000,1980年,人
760935,00700,全域,001,男,042,４１歳,00000,全国,1980000000,1980年,人
596373,00700,全域,001,男,042,４１歳,00001,全国市部,1980000000,1980年,人
164562,00700,全域,001,男,042,４１歳,00002,全国郡部,1980000000,1980年,人
36127,00700,全域,001,男,042,４１歳,01000,北海道,1980000000,1980年,人
8864,00700,全域,001,男,042,４１歳,02000,青森県,1980000000,1980年,人
8655,00700,全域,001,男,042,４１歳,03000,岩手県,1980000000,1980年,人
12927,00700,全域,001,男,042,４１歳,04000,宮城県,1980000000,1980年,人
7339,00700,全域,001,男,042,４１歳,05000,秋田県,1980000000,1980年,人
7253,00700,全域,001,男,042,４１歳,06000,山形県,1980000000,1980年,人
11621,00700,全域,001,男,042,４１歳,07000,福島県,1980000000,1980年,人
16824,00700,全域,001,男,042,４１歳,08000,茨城県,1980000000,1980年,人
11031,00700,全域,001,男,042,４１歳,09000,栃木県,1980000000,1980年,人
11500,00700,全域,001,男,042,４１歳,10000,群馬県,1980000000,1980年,人
42840,00700,全域,001,男,042,４１歳,11000,埼玉県,1980000000,1980年,人
36363,00700,全域,001,男,042,４１歳,12000,千葉県,1980000000,1980年,人
76398,00700,全域,001,男,042,４１歳,13000,東京都,1980000000,1980年,人
52634,00700,全域,001,男,042,４１歳,14000,神奈川県,1980000000,1980年,人
15021,00700,全域,001,男,042,４１歳,15000,新潟県,1980000000,1980年,人
6634,00700,全域,001,男,042,４１歳,16000,富山県,1980000000,1980年,人
6245,00700,全域,001,男,042,４１歳,17000,石川県,1980000000,1980年,人
4311,00700,全域,001,男,042,４１歳,18000,福井県,1980000000,1980年,人
4912,00700,全域,001,男,042,４１歳,19000,山梨県,1980000000,1980年,人
12336,00700,全域,001,男,042,４１歳,20000,長野県,1980000000,1980年,人
12477,00700,全域,001,男,042,４１歳,21000,岐阜県,1980000000,1980年,人
23230,00700,全域,001,男,042,４１歳,22000,静岡県,1980000000,1980年,人
44035,00700,全域,001,男,042,４１歳,23000,愛知県,1980000000,1980年,人
10435,00700,全域,001,男,042,４１歳,24000,三重県,1980000000,1980年,人
6321,00700,全域,001,男,042,４１歳,25000,滋賀県,1980000000,1980年,人
15170,00700,全域,001,男,042,４１歳,26000,京都府,1980000000,1980年,人
61483,00700,全域,001,男,042,４１歳,27000,大阪府,1980000000,1980年,人
33472,00700,全域,001,男,042,４１歳,28000,兵庫県,1980000000,1980年,人
8178,00700,全域,001,男,042,４１歳,29000,奈良県,1980000000,1980年,人
6639,00700,全域,001,男,042,４１歳,30000,和歌山県,1980000000,1980年,人
3254,00700,全域,001,男,042,４１歳,31000,鳥取県,1980000000,1980年,人
4186,00700,全域,001,男,042,４１歳,32000,島根県,1980000000,1980年,人
10687,00700,全域,001,男,042,４１歳,33000,岡山県,1980000000,1980年,人
16541,00700,全域,001,男,042,４１歳,34000,広島県,1980000000,1980年,人
9158,00700,全域,001,男,042,４１歳,35000,山口県,1980000000,1980年,人
4862,00700,全域,001,男,042,４１歳,36000,徳島県,1980000000,1980年,人
5616,00700,全域,001,男,042,４１歳,37000,香川県,1980000000,1980年,人
8560,00700,全域,001,男,042,４１歳,38000,愛媛県,1980000000,1980年,人
4816,00700,全域,001,男,042,４１歳,39000,高知県,1980000000,1980年,人
27817,00700,全域,001,男,042,４１歳,40000,福岡県,1980000000,1980年,人
4753,00700,全域,001,男,042,４１歳,41000,佐賀県,1980000000,1980年,人
8929,00700,全域,001,男,042,４１歳,42000,長崎県,1980000000,1980年,人
9914,00700,全域,001,男,042,４１歳,43000,熊本県,1980000000,1980年,人
6902,00700,全域,001,男,042,４１歳,44000,大分県,1980000000,1980年,人
6646,00700,全域,001,男,042,４１歳,45000,宮崎県,1980000000,1980年,人
9794,00700,全域,001,男,042,４１歳,46000,鹿児島県,1980000000,1980年,人
7225,00700,全域,001,男,042,４１歳,47000,沖縄県,1980000000,1980年,人
818091,00700,全域,001,男,043,４２歳,00000,全国,1980000000,1980年,人
636336,00700,全域,001,男,043,４２歳,00001,全国市部,1980000000,1980年,人
181755,00700,全域,001,男,043,４２歳,00002,全国郡部,1980000000,1980年,人
40219,00700,全域,001,男,043,４２歳,01000,北海道,1980000000,1980年,人
10689,00700,全域,001,男,043,４２歳,02000,青森県,1980000000,1980年,人
9728,00700,全域,001,男,043,４２歳,03000,岩手県,1980000000,1980年,人
14310,00700,全域,001,男,043,４２歳,04000,宮城県,1980000000,1980年,人
8648,00700,全域,001,男,043,４２歳,05000,秋田県,1980000000,1980年,人
8378,00700,全域,001,男,043,４２歳,06000,山形県,1980000000,1980年,人
13135,00700,全域,001,男,043,４２歳,07000,福島県,1980000000,1980年,人
18579,00700,全域,001,男,043,４２歳,08000,茨城県,1980000000,1980年,人
11956,00700,全域,001,男,043,４２歳,09000,栃木県,1980000000,1980年,人
12435,00700,全域,001,男,043,４２歳,10000,群馬県,1980000000,1980年,人
45695,00700,全域,001,男,043,４２歳,11000,埼玉県,1980000000,1980年,人
37940,00700,全域,001,男,043,４２歳,12000,千葉県,1980000000,1980年,人
81328,00700,全域,001,男,043,４２歳,13000,東京都,1980000000,1980年,人
55247,00700,全域,001,男,043,４２歳,14000,神奈川県,1980000000,1980年,人
16618,00700,全域,001,男,043,４２歳,15000,新潟県,1980000000,1980年,人
6854,00700,全域,001,男,043,４２歳,16000,富山県,1980000000,1980年,人
6690,00700,全域,001,男,043,４２歳,17000,石川県,1980000000,1980年,人
4722,00700,全域,001,男,043,４２歳,18000,福井県,1980000000,1980年,人
5242,00700,全域,001,男,043,４２歳,19000,山梨県,1980000000,1980年,人
13591,00700,全域,001,男,043,４２歳,20000,長野県,1980000000,1980年,人
13355,00700,全域,001,男,043,４２歳,21000,岐阜県,1980000000,1980年,人
24522,00700,全域,001,男,043,４２歳,22000,静岡県,1980000000,1980年,人
46361,00700,全域,001,男,043,４２歳,23000,愛知県,1980000000,1980年,人
11416,00700,全域,001,男,043,４２歳,24000,三重県,1980000000,1980年,人
7093,00700,全域,001,男,043,４２歳,25000,滋賀県,1980000000,1980年,人
16575,00700,全域,001,男,043,４２歳,26000,京都府,1980000000,1980年,人
65294,00700,全域,001,男,043,４２歳,27000,大阪府,1980000000,1980年,人
35799,00700,全域,001,男,043,４２歳,28000,兵庫県,1980000000,1980年,人
8701,00700,全域,001,男,043,４２歳,29000,奈良県,1980000000,1980年,人
7143,00700,全域,001,男,043,４２歳,30000,和歌山県,1980000000,1980年,人
3704,00700,全域,001,男,043,４２歳,31000,鳥取県,1980000000,1980年,人
4773,00700,全域,001,男,043,４２歳,32000,島根県,1980000000,1980年,人
11903,00700,全域,001,男,043,４２歳,33000,岡山県,1980000000,1980年,人
18101,00700,全域,001,男,043,４２歳,34000,広島県,1980000000,1980年,人
9982,00700,全域,001,男,043,４２歳,35000,山口県,1980000000,1980年,人
5158,00700,全域,001,男,043,４２歳,36000,徳島県,1980000000,1980年,人
6208,00700,全域,001,男,043,４２歳,37000,香川県,1980000000,1980年,人
9118,00700,全域,001,男,043,４２歳,38000,愛媛県,1980000000,1980年,人
5006,00700,全域,001,男,043,４２歳,39000,高知県,1980000000,1980年,人
28472,00700,全域,001,男,043,４２歳,40000,福岡県,1980000000,1980年,人
4906,00700,全域,001,男,043,４２歳,41000,佐賀県,1980000000,1980年,人
9358,00700,全域,001,男,043,４２歳,42000,長崎県,1980000000,1980年,人
10622,00700,全域,001,男,043,４２歳,43000,熊本県,1980000000,1980年,人
7375,00700,全域,001,男,043,４２歳,44000,大分県,1980000000,1980年,人
7206,00700,全域,001,男,043,４２歳,45000,宮崎県,1980000000,1980年,人
10448,00700,全域,001,男,043,４２歳,46000,鹿児島県,1980000000,1980年,人
7488,00700,全域,001,男,043,４２歳,47000,沖縄県,1980000000,1980年,人
849067,00700,全域,001,男,044,４３歳,00000,全国,1980000000,1980年,人
659362,00700,全域,001,男,044,４３歳,00001,全国市部,1980000000,1980年,人
189705,00700,全域,001,男,044,４３歳,00002,全国郡部,1980000000,1980年,人
39867,00700,全域,001,男,044,４３歳,01000,北海道,1980000000,1980年,人
11014,00700,全域,001,男,044,４３歳,02000,青森県,1980000000,1980年,人
9871,00700,全域,001,男,044,４３歳,03000,岩手県,1980000000,1980年,人
14375,00700,全域,001,男,044,４３歳,04000,宮城県,1980000000,1980年,人
9050,00700,全域,001,男,044,４３歳,05000,秋田県,1980000000,1980年,人
8421,00700,全域,001,男,044,４３歳,06000,山形県,1980000000,1980年,人
13301,00700,全域,001,男,044,４３歳,07000,福島県,1980000000,1980年,人
18640,00700,全域,001,男,044,４３歳,08000,茨城県,1980000000,1980年,人
12231,00700,全域,001,男,044,４３歳,09000,栃木県,1980000000,1980年,人
12783,00700,全域,001,男,044,４３歳,10000,群馬県,1980000000,1980年,人
44977,00700,全域,001,男,044,４３歳,11000,埼玉県,1980000000,1980年,人
38822,00700,全域,001,男,044,４３歳,12000,千葉県,1980000000,1980年,人
84799,00700,全域,001,男,044,４３歳,13000,東京都,1980000000,1980年,人
55950,00700,全域,001,男,044,４３歳,14000,神奈川県,1980000000,1980年,人
16434,00700,全域,001,男,044,４３歳,15000,新潟県,1980000000,1980年,人
7459,00700,全域,001,男,044,４３歳,16000,富山県,1980000000,1980年,人
6834,00700,全域,001,男,044,４３歳,17000,石川県,1980000000,1980年,人
5214,00700,全域,001,男,044,４３歳,18000,福井県,1980000000,1980年,人
5439,00700,全域,001,男,044,４３歳,19000,山梨県,1980000000,1980年,人
13964,00700,全域,001,男,044,４３歳,20000,長野県,1980000000,1980年,人
14150,00700,全域,001,男,044,４３歳,21000,岐阜県,1980000000,1980年,人
25677,00700,全域,001,男,044,４３歳,22000,静岡県,1980000000,1980年,人
47764,00700,全域,001,男,044,４３歳,23000,愛知県,1980000000,1980年,人
12190,00700,全域,001,男,044,４３歳,24000,三重県,1980000000,1980年,人
7451,00700,全域,001,男,044,４３歳,25000,滋賀県,1980000000,1980年,人
17627,00700,全域,001,男,044,４３歳,26000,京都府,1980000000,1980年,人
67007,00700,全域,001,男,044,４３歳,27000,大阪府,1980000000,1980年,人
37533,00700,全域,001,男,044,４３歳,28000,兵庫県,1980000000,1980年,人
9278,00700,全域,001,男,044,４３歳,29000,奈良県,1980000000,1980年,人
7810,00700,全域,001,男,044,４３歳,30000,和歌山県,1980000000,1980年,人
4030,00700,全域,001,男,044,４３歳,31000,鳥取県,1980000000,1980年,人
5246,00700,全域,001,男,044,４３歳,32000,島根県,1980000000,1980年,人
13183,00700,全域,001,男,044,４３歳,33000,岡山県,1980000000,1980年,人
19173,00700,全域,001,男,044,４３歳,34000,広島県,1980000000,1980年,人
10951,00700,全域,001,男,044,４３歳,35000,山口県,1980000000,1980年,人
5838,00700,全域,001,男,044,４３歳,36000,徳島県,1980000000,1980年,人
6674,00700,全域,001,男,044,４３歳,37000,香川県,1980000000,1980年,人
10263,00700,全域,001,男,044,４３歳,38000,愛媛県,1980000000,1980年,人
5317,00700,全域,001,男,044,４３歳,39000,高知県,1980000000,1980年,人
30876,00700,全域,001,男,044,４３歳,40000,福岡県,1980000000,1980年,人
5540,00700,全域,001,男,044,４３歳,41000,佐賀県,1980000000,1980年,人
10091,00700,全域,001,男,044,４３歳,42000,長崎県,1980000000,1980年,人
11673,00700,全域,001,男,044,４３歳,43000,熊本県,1980000000,1980年,人
8165,00700,全域,001,男,044,４３歳,44000,大分県,1980000000,1980年,人
7691,00700,全域,001,男,044,４３歳,45000,宮崎県,1980000000,1980年,人
11202,00700,全域,001,男,044,４３歳,46000,鹿児島県,1980000000,1980年,人
7222,00700,全域,001,男,044,４３歳,47000,沖縄県,1980000000,1980年,人
862555,00700,全域,001,男,045,４４歳,00000,全国,1980000000,1980年,人
668133,00700,全域,001,男,045,４４歳,00001,全国市部,1980000000,1980年,人
194422,00700,全域,001,男,045,４４歳,00002,全国郡部,1980000000,1980年,人
40234,00700,全域,001,男,045,４４歳,01000,北海道,1980000000,1980年,人
10876,00700,全域,001,男,045,４４歳,02000,青森県,1980000000,1980年,人
10317,00700,全域,001,男,045,４４歳,03000,岩手県,1980000000,1980年,人
14242,00700,全域,001,男,045,４４歳,04000,宮城県,1980000000,1980年,人
9491,00700,全域,001,男,045,４４歳,05000,秋田県,1980000000,1980年,人
8907,00700,全域,001,男,045,４４歳,06000,山形県,1980000000,1980年,人
13821,00700,全域,001,男,045,４４歳,07000,福島県,1980000000,1980年,人
18617,00700,全域,001,男,045,４４歳,08000,茨城県,1980000000,1980年,人
12470,00700,全域,001,男,045,４４歳,09000,栃木県,1980000000,1980年,人
13098,00700,全域,001,男,045,４４歳,10000,群馬県,1980000000,1980年,人
45636,00700,全域,001,男,045,４４歳,11000,埼玉県,1980000000,1980年,人
38968,00700,全域,001,男,045,４４歳,12000,千葉県,1980000000,1980年,人
88006,00700,全域,001,男,045,４４歳,13000,東京都,1980000000,1980年,人
55847,00700,全域,001,男,045,４４歳,14000,神奈川県,1980000000,1980年,人
18216,00700,全域,001,男,045,４４歳,15000,新潟県,1980000000,1980年,人
8140,00700,全域,001,男,045,４４歳,16000,富山県,1980000000,1980年,人
7623,00700,全域,001,男,045,４４歳,17000,石川県,1980000000,1980年,人
5607,00700,全域,001,男,045,４４歳,18000,福井県,1980000000,1980年,人
5502,00700,全域,001,男,045,４４歳,19000,山梨県,1980000000,1980年,人
13884,00700,全域,001,男,045,４４歳,20000,長野県,1980000000,1980年,人
14049,00700,全域,001,男,045,４４歳,21000,岐阜県,1980000000,1980年,人
25548,00700,全域,001,男,045,４４歳,22000,静岡県,1980000000,1980年,人
47372,00700,全域,001,男,045,４４歳,23000,愛知県,1980000000,1980年,人
12533,00700,全域,001,男,045,４４歳,24000,三重県,1980000000,1980年,人
7680,00700,全域,001,男,045,４４歳,25000,滋賀県,1980000000,1980年,人
18192,00700,全域,001,男,045,４４歳,26000,京都府,1980000000,1980年,人
68154,00700,全域,001,男,045,４４歳,27000,大阪府,1980000000,1980年,人
38589,00700,全域,001,男,045,４４歳,28000,兵庫県,1980000000,1980年,人
9309,00700,全域,001,男,045,４４歳,29000,奈良県,1980000000,1980年,人
7965,00700,全域,001,男,045,４４歳,30000,和歌山県,1980000000,1980年,人
4279,00700,全域,001,男,045,４４歳,31000,鳥取県,1980000000,1980年,人
5491,00700,全域,001,男,045,４４歳,32000,島根県,1980000000,1980年,人
13296,00700,全域,001,男,045,４４歳,33000,岡山県,1980000000,1980年,人
19690,00700,全域,001,男,045,４４歳,34000,広島県,1980000000,1980年,人
11129,00700,全域,001,男,045,４４歳,35000,山口県,1980000000,1980年,人
5640,00700,全域,001,男,045,４４歳,36000,徳島県,1980000000,1980年,人
6958,00700,全域,001,男,045,４４歳,37000,香川県,1980000000,1980年,人
9854,00700,全域,001,男,045,４４歳,38000,愛媛県,1980000000,1980年,人
5557,00700,全域,001,男,045,４４歳,39000,高知県,1980000000,1980年,人
30312,00700,全域,001,男,045,４４歳,40000,福岡県,1980000000,1980年,人
5471,00700,全域,001,男,045,４４歳,41000,佐賀県,1980000000,1980年,人
10145,00700,全域,001,男,045,４４歳,42000,長崎県,1980000000,1980年,人
11611,00700,全域,001,男,045,４４歳,43000,熊本県,1980000000,1980年,人
8042,00700,全域,001,男,045,４４歳,44000,大分県,1980000000,1980年,人
7627,00700,全域,001,男,045,４４歳,45000,宮崎県,1980000000,1980年,人
11002,00700,全域,001,男,045,４４歳,46000,鹿児島県,1980000000,1980年,人
7558,00700,全域,001,男,045,４４歳,47000,沖縄県,1980000000,1980年,人
834964,00700,全域,001,男,046,４５歳,00000,全国,1980000000,1980年,人
643353,00700,全域,001,男,046,４５歳,00001,全国市部,1980000000,1980年,人
191611,00700,全域,001,男,046,４５歳,00002,全国郡部,1980000000,1980年,人
41091,00700,全域,001,男,046,４５歳,01000,北海道,1980000000,1980年,人
10927,00700,全域,001,男,046,４５歳,02000,青森県,1980000000,1980年,人
10316,00700,全域,001,男,046,４５歳,03000,岩手県,1980000000,1980年,人
14260,00700,全域,001,男,046,４５歳,04000,宮城県,1980000000,1980年,人
9443,00700,全域,001,男,046,４５歳,05000,秋田県,1980000000,1980年,人
8801,00700,全域,001,男,046,４５歳,06000,山形県,1980000000,1980年,人
13742,00700,全域,001,男,046,４５歳,07000,福島県,1980000000,1980年,人
17853,00700,全域,001,男,046,４５歳,08000,茨城県,1980000000,1980年,人
12182,00700,全域,001,男,046,４５歳,09000,栃木県,1980000000,1980年,人
12309,00700,全域,001,男,046,４５歳,10000,群馬県,1980000000,1980年,人
42411,00700,全域,001,男,046,４５歳,11000,埼玉県,1980000000,1980年,人
36702,00700,全域,001,男,046,４５歳,12000,千葉県,1980000000,1980年,人
85711,00700,全域,001,男,046,４５歳,13000,東京都,1980000000,1980年,人
53870,00700,全域,001,男,046,４５歳,14000,神奈川県,1980000000,1980年,人
16824,00700,全域,001,男,046,４５歳,15000,新潟県,1980000000,1980年,人
7275,00700,全域,001,男,046,４５歳,16000,富山県,1980000000,1980年,人
6815,00700,全域,001,男,046,４５歳,17000,石川県,1980000000,1980年,人
5053,00700,全域,001,男,046,４５歳,18000,福井県,1980000000,1980年,人
5330,00700,全域,001,男,046,４５歳,19000,山梨県,1980000000,1980年,人
13653,00700,全域,001,男,046,４５歳,20000,長野県,1980000000,1980年,人
13696,00700,全域,001,男,046,４５歳,21000,岐阜県,1980000000,1980年,人
25033,00700,全域,001,男,046,４５歳,22000,静岡県,1980000000,1980年,人
45113,00700,全域,001,男,046,４５歳,23000,愛知県,1980000000,1980年,人
11969,00700,全域,001,男,046,４５歳,24000,三重県,1980000000,1980年,人
6997,00700,全域,001,男,046,４５歳,25000,滋賀県,1980000000,1980年,人
17000,00700,全域,001,男,046,４５歳,26000,京都府,1980000000,1980年,人
64023,00700,全域,001,男,046,４５歳,27000,大阪府,1980000000,1980年,人
36438,00700,全域,001,男,046,４５歳,28000,兵庫県,1980000000,1980年,人
8802,00700,全域,001,男,046,４５歳,29000,奈良県,1980000000,1980年,人
7681,00700,全域,001,男,046,４５歳,30000,和歌山県,1980000000,1980年,人
3933,00700,全域,001,男,046,４５歳,31000,鳥取県,1980000000,1980年,人
5505,00700,全域,001,男,046,４５歳,32000,島根県,1980000000,1980年,人
12709,00700,全域,001,男,046,４５歳,33000,岡山県,1980000000,1980年,人
18846,00700,全域,001,男,046,４５歳,34000,広島県,1980000000,1980年,人
10913,00700,全域,001,男,046,４５歳,35000,山口県,1980000000,1980年,人
5686,00700,全域,001,男,046,４５歳,36000,徳島県,1980000000,1980年,人
6705,00700,全域,001,男,046,４５歳,37000,香川県,1980000000,1980年,人
9871,00700,全域,001,男,046,４５歳,38000,愛媛県,1980000000,1980年,人
5674,00700,全域,001,男,046,４５歳,39000,高知県,1980000000,1980年,人
30213,00700,全域,001,男,046,４５歳,40000,福岡県,1980000000,1980年,人
5634,00700,全域,001,男,046,４５歳,41000,佐賀県,1980000000,1980年,人
10684,00700,全域,001,男,046,４５歳,42000,長崎県,1980000000,1980年,人
11760,00700,全域,001,男,046,４５歳,43000,熊本県,1980000000,1980年,人
8277,00700,全域,001,男,046,４５歳,44000,大分県,1980000000,1980年,人
8019,00700,全域,001,男,046,４５歳,45000,宮崎県,1980000000,1980年,人
11919,00700,全域,001,男,046,４５歳,46000,鹿児島県,1980000000,1980年,人
7296,00700,全域,001,男,046,４５歳,47000,沖縄県,1980000000,1980年,人
801400,00700,全域,001,男,047,４６歳,00000,全国,1980000000,1980年,人
609879,00700,全域,001,男,047,４６歳,00001,全国市部,1980000000,1980年,人
191521,00700,全域,001,男,047,４６歳,00002,全国郡部,1980000000,1980年,人
40003,00700,全域,001,男,047,４６歳,01000,北海道,1980000000,1980年,人
10772,00700,全域,001,男,047,４６歳,02000,青森県,1980000000,1980年,人
10111,00700,全域,001,男,047,４６歳,03000,岩手県,1980000000,1980年,人
14251,00700,全域,001,男,047,４６歳,04000,宮城県,1980000000,1980年,人
9264,00700,全域,001,男,047,４６歳,05000,秋田県,1980000000,1980年,人
8727,00700,全域,001,男,047,４６歳,06000,山形県,1980000000,1980年,人
13821,00700,全域,001,男,047,４６歳,07000,福島県,1980000000,1980年,人
16792,00700,全域,001,男,047,４６歳,08000,茨城県,1980000000,1980年,人
11813,00700,全域,001,男,047,４６歳,09000,栃木県,1980000000,1980年,人
12513,00700,全域,001,男,047,４６歳,10000,群馬県,1980000000,1980年,人
38187,00700,全域,001,男,047,４６歳,11000,埼玉県,1980000000,1980年,人
33460,00700,全域,001,男,047,４６歳,12000,千葉県,1980000000,1980年,人
79702,00700,全域,001,男,047,４６歳,13000,東京都,1980000000,1980年,人
48989,00700,全域,001,男,047,４６歳,14000,神奈川県,1980000000,1980年,人
16463,00700,全域,001,男,047,４６歳,15000,新潟県,1980000000,1980年,人
7402,00700,全域,001,男,047,４６歳,16000,富山県,1980000000,1980年,人
6904,00700,全域,001,男,047,４６歳,17000,石川県,1980000000,1980年,人
5273,00700,全域,001,男,047,４６歳,18000,福井県,1980000000,1980年,人
5232,00700,全域,001,男,047,４６歳,19000,山梨県,1980000000,1980年,人
13774,00700,全域,001,男,047,４６歳,20000,長野県,1980000000,1980年,人
13413,00700,全域,001,男,047,４６歳,21000,岐阜県,1980000000,1980年,人
24621,00700,全域,001,男,047,４６歳,22000,静岡県,1980000000,1980年,人
43340,00700,全域,001,男,047,４６歳,23000,愛知県,1980000000,1980年,人
12049,00700,全域,001,男,047,４６歳,24000,三重県,1980000000,1980年,人
7091,00700,全域,001,男,047,４６歳,25000,滋賀県,1980000000,1980年,人
16744,00700,全域,001,男,047,４６歳,26000,京都府,1980000000,1980年,人
59432,00700,全域,001,男,047,４６歳,27000,大阪府,1980000000,1980年,人
34701,00700,全域,001,男,047,４６歳,28000,兵庫県,1980000000,1980年,人
8237,00700,全域,001,男,047,４６歳,29000,奈良県,1980000000,1980年,人
7459,00700,全域,001,男,047,４６歳,30000,和歌山県,1980000000,1980年,人
4131,00700,全域,001,男,047,４６歳,31000,鳥取県,1980000000,1980年,人
5578,00700,全域,001,男,047,４６歳,32000,島根県,1980000000,1980年,人
12258,00700,全域,001,男,047,４６歳,33000,岡山県,1980000000,1980年,人
17974,00700,全域,001,男,047,４６歳,34000,広島県,1980000000,1980年,人
11091,00700,全域,001,男,047,４６歳,35000,山口県,1980000000,1980年,人
5939,00700,全域,001,男,047,４６歳,36000,徳島県,1980000000,1980年,人
6488,00700,全域,001,男,047,４６歳,37000,香川県,1980000000,1980年,人
9707,00700,全域,001,男,047,４６歳,38000,愛媛県,1980000000,1980年,人
5599,00700,全域,001,男,047,４６歳,39000,高知県,1980000000,1980年,人
29685,00700,全域,001,男,047,４６歳,40000,福岡県,1980000000,1980年,人
5603,00700,全域,001,男,047,４６歳,41000,佐賀県,1980000000,1980年,人
10440,00700,全域,001,男,047,４６歳,42000,長崎県,1980000000,1980年,人
11807,00700,全域,001,男,047,４６歳,43000,熊本県,1980000000,1980年,人
8232,00700,全域,001,男,047,４６歳,44000,大分県,1980000000,1980年,人
7735,00700,全域,001,男,047,４６歳,45000,宮崎県,1980000000,1980年,人
11452,00700,全域,001,男,047,４６歳,46000,鹿児島県,1980000000,1980年,人
7141,00700,全域,001,男,047,４６歳,47000,沖縄県,1980000000,1980年,人
812186,00700,全域,001,男,048,４７歳,00000,全国,1980000000,1980年,人
614138,00700,全域,001,男,048,４７歳,00001,全国市部,1980000000,1980年,人
198048,00700,全域,001,男,048,４７歳,00002,全国郡部,1980000000,1980年,人
39742,00700,全域,001,男,048,４７歳,01000,北海道,1980000000,1980年,人
10926,00700,全域,001,男,048,４７歳,02000,青森県,1980000000,1980年,人
10231,00700,全域,001,男,048,４７歳,03000,岩手県,1980000000,1980年,人
14249,00700,全域,001,男,048,４７歳,04000,宮城県,1980000000,1980年,人
9701,00700,全域,001,男,048,４７歳,05000,秋田県,1980000000,1980年,人
9253,00700,全域,001,男,048,４７歳,06000,山形県,1980000000,1980年,人
13968,00700,全域,001,男,048,４７歳,07000,福島県,1980000000,1980年,人
16949,00700,全域,001,男,048,４７歳,08000,茨城県,1980000000,1980年,人
11873,00700,全域,001,男,048,４７歳,09000,栃木県,1980000000,1980年,人
12320,00700,全域,001,男,048,４７歳,10000,群馬県,1980000000,1980年,人
37208,00700,全域,001,男,048,４７歳,11000,埼玉県,1980000000,1980年,人
33073,00700,全域,001,男,048,４７歳,12000,千葉県,1980000000,1980年,人
80573,00700,全域,001,男,048,４７歳,13000,東京都,1980000000,1980年,人
49284,00700,全域,001,男,048,４７歳,14000,神奈川県,1980000000,1980年,人
17690,00700,全域,001,男,048,４７歳,15000,新潟県,1980000000,1980年,人
7896,00700,全域,001,男,048,４７歳,16000,富山県,1980000000,1980年,人
7244,00700,全域,001,男,048,４７歳,17000,石川県,1980000000,1980年,人
5716,00700,全域,001,男,048,４７歳,18000,福井県,1980000000,1980年,人
5419,00700,全域,001,男,048,４７歳,19000,山梨県,1980000000,1980年,人
14568,00700,全域,001,男,048,４７歳,20000,長野県,1980000000,1980年,人
13634,00700,全域,001,男,048,４７歳,21000,岐阜県,1980000000,1980年,人
23573,00700,全域,001,男,048,４７歳,22000,静岡県,1980000000,1980年,人
41598,00700,全域,001,男,048,４７歳,23000,愛知県,1980000000,1980年,人
12184,00700,全域,001,男,048,４７歳,24000,三重県,1980000000,1980年,人
7128,00700,全域,001,男,048,４７歳,25000,滋賀県,1980000000,1980年,人
16371,00700,全域,001,男,048,４７歳,26000,京都府,1980000000,1980年,人
59808,00700,全域,001,男,048,４７歳,27000,大阪府,1980000000,1980年,人
36276,00700,全域,001,男,048,４７歳,28000,兵庫県,1980000000,1980年,人
8200,00700,全域,001,男,048,４７歳,29000,奈良県,1980000000,1980年,人
8053,00700,全域,001,男,048,４７歳,30000,和歌山県,1980000000,1980年,人
4300,00700,全域,001,男,048,４７歳,31000,鳥取県,1980000000,1980年,人
5806,00700,全域,001,男,048,４７歳,32000,島根県,1980000000,1980年,人
13415,00700,全域,001,男,048,４７歳,33000,岡山県,1980000000,1980年,人
18154,00700,全域,001,男,048,４７歳,34000,広島県,1980000000,1980年,人
11395,00700,全域,001,男,048,４７歳,35000,山口県,1980000000,1980年,人
6131,00700,全域,001,男,048,４７歳,36000,徳島県,1980000000,1980年,人
7387,00700,全域,001,男,048,４７歳,37000,香川県,1980000000,1980年,人
10407,00700,全域,001,男,048,４７歳,38000,愛媛県,1980000000,1980年,人
6084,00700,全域,001,男,048,４７歳,39000,高知県,1980000000,1980年,人
29948,00700,全域,001,男,048,４７歳,40000,福岡県,1980000000,1980年,人
5690,00700,全域,001,男,048,４７歳,41000,佐賀県,1980000000,1980年,人
10487,00700,全域,001,男,048,４７歳,42000,長崎県,1980000000,1980年,人
12330,00700,全域,001,男,048,４７歳,43000,熊本県,1980000000,1980年,人
8679,00700,全域,001,男,048,４７歳,44000,大分県,1980000000,1980年,人
8056,00700,全域,001,男,048,４７歳,45000,宮崎県,1980000000,1980年,人
12174,00700,全域,001,男,048,４７歳,46000,鹿児島県,1980000000,1980年,人
7035,00700,全域,001,男,048,４７歳,47000,沖縄県,1980000000,1980年,人
801196,00700,全域,001,男,049,４８歳,00000,全国,1980000000,1980年,人
600529,00700,全域,001,男,049,４８歳,00001,全国市部,1980000000,1980年,人
200667,00700,全域,001,男,049,４８歳,00002,全国郡部,1980000000,1980年,人
39195,00700,全域,001,男,049,４８歳,01000,北海道,1980000000,1980年,人
10382,00700,全域,001,男,049,４８歳,02000,青森県,1980000000,1980年,人
10493,00700,全域,001,男,049,４８歳,03000,岩手県,1980000000,1980年,人
14265,00700,全域,001,男,049,４８歳,04000,宮城県,1980000000,1980年,人
9387,00700,全域,001,男,049,４８歳,05000,秋田県,1980000000,1980年,人
9092,00700,全域,001,男,049,４８歳,06000,山形県,1980000000,1980年,人
14468,00700,全域,001,男,049,４８歳,07000,福島県,1980000000,1980年,人
16830,00700,全域,001,男,049,４８歳,08000,茨城県,1980000000,1980年,人
11973,00700,全域,001,男,049,４８歳,09000,栃木県,1980000000,1980年,人
12488,00700,全域,001,男,049,４８歳,10000,群馬県,1980000000,1980年,人
34809,00700,全域,001,男,049,４８歳,11000,埼玉県,1980000000,1980年,人
31551,00700,全域,001,男,049,４８歳,12000,千葉県,1980000000,1980年,人
77153,00700,全域,001,男,049,４８歳,13000,東京都,1980000000,1980年,人
46363,00700,全域,001,男,049,４８歳,14000,神奈川県,1980000000,1980年,人
17533,00700,全域,001,男,049,４８歳,15000,新潟県,1980000000,1980年,人
7601,00700,全域,001,男,049,４８歳,16000,富山県,1980000000,1980年,人
6933,00700,全域,001,男,049,４８歳,17000,石川県,1980000000,1980年,人
5524,00700,全域,001,男,049,４８歳,18000,福井県,1980000000,1980年,人
5633,00700,全域,001,男,049,４８歳,19000,山梨県,1980000000,1980年,人
14729,00700,全域,001,男,049,４８歳,20000,長野県,1980000000,1980年,人
13699,00700,全域,001,男,049,４８歳,21000,岐阜県,1980000000,1980年,人
23963,00700,全域,001,男,049,４８歳,22000,静岡県,1980000000,1980年,人
41305,00700,全域,001,男,049,４８歳,23000,愛知県,1980000000,1980年,人
11984,00700,全域,001,男,049,４８歳,24000,三重県,1980000000,1980年,人
7382,00700,全域,001,男,049,４８歳,25000,滋賀県,1980000000,1980年,人
16674,00700,全域,001,男,049,４８歳,26000,京都府,1980000000,1980年,人
58301,00700,全域,001,男,049,４８歳,27000,大阪府,1980000000,1980年,人
36188,00700,全域,001,男,049,４８歳,28000,兵庫県,1980000000,1980年,人
8165,00700,全域,001,男,049,４８歳,29000,奈良県,1980000000,1980年,人
8025,00700,全域,001,男,049,４８歳,30000,和歌山県,1980000000,1980年,人
4408,00700,全域,001,男,049,４８歳,31000,鳥取県,1980000000,1980年,人
6080,00700,全域,001,男,049,４８歳,32000,島根県,1980000000,1980年,人
13617,00700,全域,001,男,049,４８歳,33000,岡山県,1980000000,1980年,人
18262,00700,全域,001,男,049,４８歳,34000,広島県,1980000000,1980年,人
11620,00700,全域,001,男,049,４８歳,35000,山口県,1980000000,1980年,人
6266,00700,全域,001,男,049,４８歳,36000,徳島県,1980000000,1980年,人
7142,00700,全域,001,男,049,４８歳,37000,香川県,1980000000,1980年,人
10417,00700,全域,001,男,049,４８歳,38000,愛媛県,1980000000,1980年,人
5843,00700,全域,001,男,049,４８歳,39000,高知県,1980000000,1980年,人
30911,00700,全域,001,男,049,４８歳,40000,福岡県,1980000000,1980年,人
5726,00700,全域,001,男,049,４８歳,41000,佐賀県,1980000000,1980年,人
10891,00700,全域,001,男,049,４８歳,42000,長崎県,1980000000,1980年,人
12562,00700,全域,001,男,049,４８歳,43000,熊本県,1980000000,1980年,人
8598,00700,全域,001,男,049,４８歳,44000,大分県,1980000000,1980年,人
7866,00700,全域,001,男,049,４８歳,45000,宮崎県,1980000000,1980年,人
12359,00700,全域,001,男,049,４８歳,46000,鹿児島県,1980000000,1980年,人
6540,00700,全域,001,男,049,４８歳,47000,沖縄県,1980000000,1980年,人
783400,00700,全域,001,男,050,４９歳,00000,全国,1980000000,1980年,人
581555,00700,全域,001,男,050,４９歳,00001,全国市部,1980000000,1980年,人
201845,00700,全域,001,男,050,４９歳,00002,全国郡部,1980000000,1980年,人
38604,00700,全域,001,男,050,４９歳,01000,北海道,1980000000,1980年,人
10369,00700,全域,001,男,050,４９歳,02000,青森県,1980000000,1980年,人
10242,00700,全域,001,男,050,４９歳,03000,岩手県,1980000000,1980年,人
14016,00700,全域,001,男,050,４９歳,04000,宮城県,1980000000,1980年,人
9655,00700,全域,001,男,050,４９歳,05000,秋田県,1980000000,1980年,人
9372,00700,全域,001,男,050,４９歳,06000,山形県,1980000000,1980年,人
14692,00700,全域,001,男,050,４９歳,07000,福島県,1980000000,1980年,人
16637,00700,全域,001,男,050,４９歳,08000,茨城県,1980000000,1980年,人
11951,00700,全域,001,男,050,４９歳,09000,栃木県,1980000000,1980年,人
12535,00700,全域,001,男,050,４９歳,10000,群馬県,1980000000,1980年,人
33148,00700,全域,001,男,050,４９歳,11000,埼玉県,1980000000,1980年,人
30272,00700,全域,001,男,050,４９歳,12000,千葉県,1980000000,1980年,人
73726,00700,全域,001,男,050,４９歳,13000,東京都,1980000000,1980年,人
44923,00700,全域,001,男,050,４９歳,14000,神奈川県,1980000000,1980年,人
17805,00700,全域,001,男,050,４９歳,15000,新潟県,1980000000,1980年,人
7890,00700,全域,001,男,050,４９歳,16000,富山県,1980000000,1980年,人
7280,00700,全域,001,男,050,４９歳,17000,石川県,1980000000,1980年,人
5793,00700,全域,001,男,050,４９歳,18000,福井県,1980000000,1980年,人
5576,00700,全域,001,男,050,４９歳,19000,山梨県,1980000000,1980年,人
14851,00700,全域,001,男,050,４９歳,20000,長野県,1980000000,1980年,人
13511,00700,全域,001,男,050,４９歳,21000,岐阜県,1980000000,1980年,人
23882,00700,全域,001,男,050,４９歳,22000,静岡県,1980000000,1980年,人
39397,00700,全域,001,男,050,４９歳,23000,愛知県,1980000000,1980年,人
12282,00700,全域,001,男,050,４９歳,24000,三重県,1980000000,1980年,人
7387,00700,全域,001,男,050,４９歳,25000,滋賀県,1980000000,1980年,人
15771,00700,全域,001,男,050,４９歳,26000,京都府,1980000000,1980年,人
55130,00700,全域,001,男,050,４９歳,27000,大阪府,1980000000,1980年,人
34806,00700,全域,001,男,050,４９歳,28000,兵庫県,1980000000,1980年,人
8097,00700,全域,001,男,050,４９歳,29000,奈良県,1980000000,1980年,人
7962,00700,全域,001,男,050,４９歳,30000,和歌山県,1980000000,1980年,人
4389,00700,全域,001,男,050,４９歳,31000,鳥取県,1980000000,1980年,人
6038,00700,全域,001,男,050,４９歳,32000,島根県,1980000000,1980年,人
13648,00700,全域,001,男,050,４９歳,33000,岡山県,1980000000,1980年,人
18035,00700,全域,001,男,050,４９歳,34000,広島県,1980000000,1980年,人
11502,00700,全域,001,男,050,４９歳,35000,山口県,1980000000,1980年,人
5989,00700,全域,001,男,050,４９歳,36000,徳島県,1980000000,1980年,人
7271,00700,全域,001,男,050,４９歳,37000,香川県,1980000000,1980年,人
10558,00700,全域,001,男,050,４９歳,38000,愛媛県,1980000000,1980年,人
6013,00700,全域,001,男,050,４９歳,39000,高知県,1980000000,1980年,人
29373,00700,全域,001,男,050,４９歳,40000,福岡県,1980000000,1980年,人
5780,00700,全域,001,男,050,４９歳,41000,佐賀県,1980000000,1980年,人
10325,00700,全域,001,男,050,４９歳,42000,長崎県,1980000000,1980年,人
12435,00700,全域,001,男,050,４９歳,43000,熊本県,1980000000,1980年,人
8795,00700,全域,001,男,050,４９歳,44000,大分県,1980000000,1980年,人
7957,00700,全域,001,男,050,４９歳,45000,宮崎県,1980000000,1980年,人
11887,00700,全域,001,男,050,４９歳,46000,鹿児島県,1980000000,1980年,人
5843,00700,全域,001,男,050,４９歳,47000,沖縄県,1980000000,1980年,人
750312,00700,全域,001,男,051,５０歳,00000,全国,1980000000,1980年,人
552160,00700,全域,001,男,051,５０歳,00001,全国市部,1980000000,1980年,人
198152,00700,全域,001,男,051,５０歳,00002,全国郡部,1980000000,1980年,人
38179,00700,全域,001,男,051,５０歳,01000,北海道,1980000000,1980年,人
9897,00700,全域,001,男,051,５０歳,02000,青森県,1980000000,1980年,人
10259,00700,全域,001,男,051,５０歳,03000,岩手県,1980000000,1980年,人
13524,00700,全域,001,男,051,５０歳,04000,宮城県,1980000000,1980年,人
9560,00700,全域,001,男,051,５０歳,05000,秋田県,1980000000,1980年,人
9530,00700,全域,001,男,051,５０歳,06000,山形県,1980000000,1980年,人
14069,00700,全域,001,男,051,５０歳,07000,福島県,1980000000,1980年,人
16409,00700,全域,001,男,051,５０歳,08000,茨城県,1980000000,1980年,人
11795,00700,全域,001,男,051,５０歳,09000,栃木県,1980000000,1980年,人
12235,00700,全域,001,男,051,５０歳,10000,群馬県,1980000000,1980年,人
30438,00700,全域,001,男,051,５０歳,11000,埼玉県,1980000000,1980年,人
27983,00700,全域,001,男,051,５０歳,12000,千葉県,1980000000,1980年,人
69741,00700,全域,001,男,051,５０歳,13000,東京都,1980000000,1980年,人
42700,00700,全域,001,男,051,５０歳,14000,神奈川県,1980000000,1980年,人
17108,00700,全域,001,男,051,５０歳,15000,新潟県,1980000000,1980年,人
7341,00700,全域,001,男,051,５０歳,16000,富山県,1980000000,1980年,人
6834,00700,全域,001,男,051,５０歳,17000,石川県,1980000000,1980年,人
5475,00700,全域,001,男,051,５０歳,18000,福井県,1980000000,1980年,人
5649,00700,全域,001,男,051,５０歳,19000,山梨県,1980000000,1980年,人
14751,00700,全域,001,男,051,５０歳,20000,長野県,1980000000,1980年,人
13345,00700,全域,001,男,051,５０歳,21000,岐阜県,1980000000,1980年,人
22833,00700,全域,001,男,051,５０歳,22000,静岡県,1980000000,1980年,人
37529,00700,全域,001,男,051,５０歳,23000,愛知県,1980000000,1980年,人
12397,00700,全域,001,男,051,５０歳,24000,三重県,1980000000,1980年,人
7011,00700,全域,001,男,051,５０歳,25000,滋賀県,1980000000,1980年,人
14831,00700,全域,001,男,051,５０歳,26000,京都府,1980000000,1980年,人
50927,00700,全域,001,男,051,５０歳,27000,大阪府,1980000000,1980年,人
32685,00700,全域,001,男,051,５０歳,28000,兵庫県,1980000000,1980年,人
7522,00700,全域,001,男,051,５０歳,29000,奈良県,1980000000,1980年,人
7631,00700,全域,001,男,051,５０歳,30000,和歌山県,1980000000,1980年,人
4218,00700,全域,001,男,051,５０歳,31000,鳥取県,1980000000,1980年,人
5538,00700,全域,001,男,051,５０歳,32000,島根県,1980000000,1980年,人
12468,00700,全域,001,男,051,５０歳,33000,岡山県,1980000000,1980年,人
17120,00700,全域,001,男,051,５０歳,34000,広島県,1980000000,1980年,人
10743,00700,全域,001,男,051,５０歳,35000,山口県,1980000000,1980年,人
5870,00700,全域,001,男,051,５０歳,36000,徳島県,1980000000,1980年,人
6705,00700,全域,001,男,051,５０歳,37000,香川県,1980000000,1980年,人
10039,00700,全域,001,男,051,５０歳,38000,愛媛県,1980000000,1980年,人
5933,00700,全域,001,男,051,５０歳,39000,高知県,1980000000,1980年,人
27818,00700,全域,001,男,051,５０歳,40000,福岡県,1980000000,1980年,人
5708,00700,全域,001,男,051,５０歳,41000,佐賀県,1980000000,1980年,人
10520,00700,全域,001,男,051,５０歳,42000,長崎県,1980000000,1980年,人
12215,00700,全域,001,男,051,５０歳,43000,熊本県,1980000000,1980年,人
8555,00700,全域,001,男,051,５０歳,44000,大分県,1980000000,1980年,人
7811,00700,全域,001,男,051,５０歳,45000,宮崎県,1980000000,1980年,人
12548,00700,全域,001,男,051,５０歳,46000,鹿児島県,1980000000,1980年,人
6315,00700,全域,001,男,051,５０歳,47000,沖縄県,1980000000,1980年,人
732273,00700,全域,001,男,052,５１歳,00000,全国,1980000000,1980年,人
535647,00700,全域,001,男,052,５１歳,00001,全国市部,1980000000,1980年,人
196626,00700,全域,001,男,052,５１歳,00002,全国郡部,1980000000,1980年,人
35443,00700,全域,001,男,052,５１歳,01000,北海道,1980000000,1980年,人
9400,00700,全域,001,男,052,５１歳,02000,青森県,1980000000,1980年,人
10085,00700,全域,001,男,052,５１歳,03000,岩手県,1980000000,1980年,人
13752,00700,全域,001,男,052,５１歳,04000,宮城県,1980000000,1980年,人
8916,00700,全域,001,男,052,５１歳,05000,秋田県,1980000000,1980年,人
8977,00700,全域,001,男,052,５１歳,06000,山形県,1980000000,1980年,人
14439,00700,全域,001,男,052,５１歳,07000,福島県,1980000000,1980年,人
16199,00700,全域,001,男,052,５１歳,08000,茨城県,1980000000,1980年,人
11533,00700,全域,001,男,052,５１歳,09000,栃木県,1980000000,1980年,人
12067,00700,全域,001,男,052,５１歳,10000,群馬県,1980000000,1980年,人
28384,00700,全域,001,男,052,５１歳,11000,埼玉県,1980000000,1980年,人
26473,00700,全域,001,男,052,５１歳,12000,千葉県,1980000000,1980年,人
65970,00700,全域,001,男,052,５１歳,13000,東京都,1980000000,1980年,人
40529,00700,全域,001,男,052,５１歳,14000,神奈川県,1980000000,1980年,人
17019,00700,全域,001,男,052,５１歳,15000,新潟県,1980000000,1980年,人
7492,00700,全域,001,男,052,５１歳,16000,富山県,1980000000,1980年,人
6907,00700,全域,001,男,052,５１歳,17000,石川県,1980000000,1980年,人
5591,00700,全域,001,男,052,５１歳,18000,福井県,1980000000,1980年,人
5542,00700,全域,001,男,052,５１歳,19000,山梨県,1980000000,1980年,人
14580,00700,全域,001,男,052,５１歳,20000,長野県,1980000000,1980年,人
13011,00700,全域,001,男,052,５１歳,21000,岐阜県,1980000000,1980年,人
21638,00700,全域,001,男,052,５１歳,22000,静岡県,1980000000,1980年,人
35998,00700,全域,001,男,052,５１歳,23000,愛知県,1980000000,1980年,人
11854,00700,全域,001,男,052,５１歳,24000,三重県,1980000000,1980年,人
6967,00700,全域,001,男,052,５１歳,25000,滋賀県,1980000000,1980年,人
14861,00700,全域,001,男,052,５１歳,26000,京都府,1980000000,1980年,人
49596,00700,全域,001,男,052,５１歳,27000,大阪府,1980000000,1980年,人
32684,00700,全域,001,男,052,５１歳,28000,兵庫県,1980000000,1980年,人
7485,00700,全域,001,男,052,５１歳,29000,奈良県,1980000000,1980年,人
7679,00700,全域,001,男,052,５１歳,30000,和歌山県,1980000000,1980年,人
4332,00700,全域,001,男,052,５１歳,31000,鳥取県,1980000000,1980年,人
5898,00700,全域,001,男,052,５１歳,32000,島根県,1980000000,1980年,人
12926,00700,全域,001,男,052,５１歳,33000,岡山県,1980000000,1980年,人
17827,00700,全域,001,男,052,５１歳,34000,広島県,1980000000,1980年,人
11151,00700,全域,001,男,052,５１歳,35000,山口県,1980000000,1980年,人
5958,00700,全域,001,男,052,５１歳,36000,徳島県,1980000000,1980年,人
7034,00700,全域,001,男,052,５１歳,37000,香川県,1980000000,1980年,人
10425,00700,全域,001,男,052,５１歳,38000,愛媛県,1980000000,1980年,人
6007,00700,全域,001,男,052,５１歳,39000,高知県,1980000000,1980年,人
28370,00700,全域,001,男,052,５１歳,40000,福岡県,1980000000,1980年,人
5739,00700,全域,001,男,052,５１歳,41000,佐賀県,1980000000,1980年,人
10160,00700,全域,001,男,052,５１歳,42000,長崎県,1980000000,1980年,人
11813,00700,全域,001,男,052,５１歳,43000,熊本県,1980000000,1980年,人
8381,00700,全域,001,男,052,５１歳,44000,大分県,1980000000,1980年,人
7654,00700,全域,001,男,052,５１歳,45000,宮崎県,1980000000,1980年,人
11996,00700,全域,001,男,052,５１歳,46000,鹿児島県,1980000000,1980年,人
5531,00700,全域,001,男,052,５１歳,47000,沖縄県,1980000000,1980年,人
712218,00700,全域,001,男,053,５２歳,00000,全国,1980000000,1980年,人
518589,00700,全域,001,男,053,５２歳,00001,全国市部,1980000000,1980年,人
193629,00700,全域,001,男,053,５２歳,00002,全国郡部,1980000000,1980年,人
35328,00700,全域,001,男,053,５２歳,01000,北海道,1980000000,1980年,人
9783,00700,全域,001,男,053,５２歳,02000,青森県,1980000000,1980年,人
9852,00700,全域,001,男,053,５２歳,03000,岩手県,1980000000,1980年,人
12731,00700,全域,001,男,053,５２歳,04000,宮城県,1980000000,1980年,人
9499,00700,全域,001,男,053,５２歳,05000,秋田県,1980000000,1980年,人
9257,00700,全域,001,男,053,５２歳,06000,山形県,1980000000,1980年,人
14025,00700,全域,001,男,053,５２歳,07000,福島県,1980000000,1980年,人
15695,00700,全域,001,男,053,５２歳,08000,茨城県,1980000000,1980年,人
11322,00700,全域,001,男,053,５２歳,09000,栃木県,1980000000,1980年,人
11721,00700,全域,001,男,053,５２歳,10000,群馬県,1980000000,1980年,人
27412,00700,全域,001,男,053,５２歳,11000,埼玉県,1980000000,1980年,人
25167,00700,全域,001,男,053,５２歳,12000,千葉県,1980000000,1980年,人
64820,00700,全域,001,男,053,５２歳,13000,東京都,1980000000,1980年,人
38760,00700,全域,001,男,053,５２歳,14000,神奈川県,1980000000,1980年,人
17018,00700,全域,001,男,053,５２歳,15000,新潟県,1980000000,1980年,人
7296,00700,全域,001,男,053,５２歳,16000,富山県,1980000000,1980年,人
6703,00700,全域,001,男,053,５２歳,17000,石川県,1980000000,1980年,人
5511,00700,全域,001,男,053,５２歳,18000,福井県,1980000000,1980年,人
5393,00700,全域,001,男,053,５２歳,19000,山梨県,1980000000,1980年,人
14428,00700,全域,001,男,053,５２歳,20000,長野県,1980000000,1980年,人
12639,00700,全域,001,男,053,５２歳,21000,岐阜県,1980000000,1980年,人
22053,00700,全域,001,男,053,５２歳,22000,静岡県,1980000000,1980年,人
34383,00700,全域,001,男,053,５２歳,23000,愛知県,1980000000,1980年,人
11256,00700,全域,001,男,053,５２歳,24000,三重県,1980000000,1980年,人
6902,00700,全域,001,男,053,５２歳,25000,滋賀県,1980000000,1980年,人
14367,00700,全域,001,男,053,５２歳,26000,京都府,1980000000,1980年,人
47126,00700,全域,001,男,053,５２歳,27000,大阪府,1980000000,1980年,人
31788,00700,全域,001,男,053,５２歳,28000,兵庫県,1980000000,1980年,人
7266,00700,全域,001,男,053,５２歳,29000,奈良県,1980000000,1980年,人
7555,00700,全域,001,男,053,５２歳,30000,和歌山県,1980000000,1980年,人
4034,00700,全域,001,男,053,５２歳,31000,鳥取県,1980000000,1980年,人
5684,00700,全域,001,男,053,５２歳,32000,島根県,1980000000,1980年,人
12341,00700,全域,001,男,053,５２歳,33000,岡山県,1980000000,1980年,人
16664,00700,全域,001,男,053,５２歳,34000,広島県,1980000000,1980年,人
10800,00700,全域,001,男,053,５２歳,35000,山口県,1980000000,1980年,人
5875,00700,全域,001,男,053,５２歳,36000,徳島県,1980000000,1980年,人
6824,00700,全域,001,男,053,５２歳,37000,香川県,1980000000,1980年,人
10020,00700,全域,001,男,053,５２歳,38000,愛媛県,1980000000,1980年,人
5869,00700,全域,001,男,053,５２歳,39000,高知県,1980000000,1980年,人
27155,00700,全域,001,男,053,５２歳,40000,福岡県,1980000000,1980年,人
5509,00700,全域,001,男,053,５２歳,41000,佐賀県,1980000000,1980年,人
9951,00700,全域,001,男,053,５２歳,42000,長崎県,1980000000,1980年,人
11834,00700,全域,001,男,053,５２歳,43000,熊本県,1980000000,1980年,人
8218,00700,全域,001,男,053,５２歳,44000,大分県,1980000000,1980年,人
7359,00700,全域,001,男,053,５２歳,45000,宮崎県,1980000000,1980年,人
11918,00700,全域,001,男,053,５２歳,46000,鹿児島県,1980000000,1980年,人
5107,00700,全域,001,男,053,５２歳,47000,沖縄県,1980000000,1980年,人
688381,00700,全域,001,男,054,５３歳,00000,全国,1980000000,1980年,人
497952,00700,全域,001,男,054,５３歳,00001,全国市部,1980000000,1980年,人
190429,00700,全域,001,男,054,５３歳,00002,全国郡部,1980000000,1980年,人
33597,00700,全域,001,男,054,５３歳,01000,北海道,1980000000,1980年,人
9250,00700,全域,001,男,054,５３歳,02000,青森県,1980000000,1980年,人
9518,00700,全域,001,男,054,５３歳,03000,岩手県,1980000000,1980年,人
13159,00700,全域,001,男,054,５３歳,04000,宮城県,1980000000,1980年,人
9241,00700,全域,001,男,054,５３歳,05000,秋田県,1980000000,1980年,人
9151,00700,全域,001,男,054,５３歳,06000,山形県,1980000000,1980年,人
14097,00700,全域,001,男,054,５３歳,07000,福島県,1980000000,1980年,人
15196,00700,全域,001,男,054,５３歳,08000,茨城県,1980000000,1980年,人
11049,00700,全域,001,男,054,５３歳,09000,栃木県,1980000000,1980年,人
11687,00700,全域,001,男,054,５３歳,10000,群馬県,1980000000,1980年,人
26204,00700,全域,001,男,054,５３歳,11000,埼玉県,1980000000,1980年,人
24655,00700,全域,001,男,054,５３歳,12000,千葉県,1980000000,1980年,人
63316,00700,全域,001,男,054,５３歳,13000,東京都,1980000000,1980年,人
37723,00700,全域,001,男,054,５３歳,14000,神奈川県,1980000000,1980年,人
16770,00700,全域,001,男,054,５３歳,15000,新潟県,1980000000,1980年,人
7178,00700,全域,001,男,054,５３歳,16000,富山県,1980000000,1980年,人
6326,00700,全域,001,男,054,５３歳,17000,石川県,1980000000,1980年,人
5360,00700,全域,001,男,054,５３歳,18000,福井県,1980000000,1980年,人
5362,00700,全域,001,男,054,５３歳,19000,山梨県,1980000000,1980年,人
14756,00700,全域,001,男,054,５３歳,20000,長野県,1980000000,1980年,人
12295,00700,全域,001,男,054,５３歳,21000,岐阜県,1980000000,1980年,人
20842,00700,全域,001,男,054,５３歳,22000,静岡県,1980000000,1980年,人
33073,00700,全域,001,男,054,５３歳,23000,愛知県,1980000000,1980年,人
10971,00700,全域,001,男,054,５３歳,24000,三重県,1980000000,1980年,人
6675,00700,全域,001,男,054,５３歳,25000,滋賀県,1980000000,1980年,人
13813,00700,全域,001,男,054,５３歳,26000,京都府,1980000000,1980年,人
43528,00700,全域,001,男,054,５３歳,27000,大阪府,1980000000,1980年,人
30542,00700,全域,001,男,054,５３歳,28000,兵庫県,1980000000,1980年,人
6898,00700,全域,001,男,054,５３歳,29000,奈良県,1980000000,1980年,人
7280,00700,全域,001,男,054,５３歳,30000,和歌山県,1980000000,1980年,人
4259,00700,全域,001,男,054,５３歳,31000,鳥取県,1980000000,1980年,人
5536,00700,全域,001,男,054,５３歳,32000,島根県,1980000000,1980年,人
11605,00700,全域,001,男,054,５３歳,33000,岡山県,1980000000,1980年,人
15824,00700,全域,001,男,054,５３歳,34000,広島県,1980000000,1980年,人
10171,00700,全域,001,男,054,５３歳,35000,山口県,1980000000,1980年,人
5591,00700,全域,001,男,054,５３歳,36000,徳島県,1980000000,1980年,人
6455,00700,全域,001,男,054,５３歳,37000,香川県,1980000000,1980年,人
9612,00700,全域,001,男,054,５３歳,38000,愛媛県,1980000000,1980年,人
5697,00700,全域,001,男,054,５３歳,39000,高知県,1980000000,1980年,人
26351,00700,全域,001,男,054,５３歳,40000,福岡県,1980000000,1980年,人
5497,00700,全域,001,男,054,５３歳,41000,佐賀県,1980000000,1980年,人
9781,00700,全域,001,男,054,５３歳,42000,長崎県,1980000000,1980年,人
11426,00700,全域,001,男,054,５３歳,43000,熊本県,1980000000,1980年,人
7906,00700,全域,001,男,054,５３歳,44000,大分県,1980000000,1980年,人
7306,00700,全域,001,男,054,５３歳,45000,宮崎県,1980000000,1980年,人
11431,00700,全域,001,男,054,５３歳,46000,鹿児島県,1980000000,1980年,人
4421,00700,全域,001,男,054,５３歳,47000,沖縄県,1980000000,1980年,人
663779,00700,全域,001,男,055,５４歳,00000,全国,1980000000,1980年,人
477432,00700,全域,001,男,055,５４歳,00001,全国市部,1980000000,1980年,人
186347,00700,全域,001,男,055,５４歳,00002,全国郡部,1980000000,1980年,人
31813,00700,全域,001,男,055,５４歳,01000,北海道,1980000000,1980年,人
8546,00700,全域,001,男,055,５４歳,02000,青森県,1980000000,1980年,人
9362,00700,全域,001,男,055,５４歳,03000,岩手県,1980000000,1980年,人
12327,00700,全域,001,男,055,５４歳,04000,宮城県,1980000000,1980年,人
8430,00700,全域,001,男,055,５４歳,05000,秋田県,1980000000,1980年,人
8689,00700,全域,001,男,055,５４歳,06000,山形県,1980000000,1980年,人
13685,00700,全域,001,男,055,５４歳,07000,福島県,1980000000,1980年,人
15023,00700,全域,001,男,055,５４歳,08000,茨城県,1980000000,1980年,人
10759,00700,全域,001,男,055,５４歳,09000,栃木県,1980000000,1980年,人
11432,00700,全域,001,男,055,５４歳,10000,群馬県,1980000000,1980年,人
24876,00700,全域,001,男,055,５４歳,11000,埼玉県,1980000000,1980年,人
23040,00700,全域,001,男,055,５４歳,12000,千葉県,1980000000,1980年,人
59804,00700,全域,001,男,055,５４歳,13000,東京都,1980000000,1980年,人
35207,00700,全域,001,男,055,５４歳,14000,神奈川県,1980000000,1980年,人
16347,00700,全域,001,男,055,５４歳,15000,新潟県,1980000000,1980年,人
6814,00700,全域,001,男,055,５４歳,16000,富山県,1980000000,1980年,人
6498,00700,全域,001,男,055,５４歳,17000,石川県,1980000000,1980年,人
5270,00700,全域,001,男,055,５４歳,18000,福井県,1980000000,1980年,人
5029,00700,全域,001,男,055,５４歳,19000,山梨県,1980000000,1980年,人
14162,00700,全域,001,男,055,５４歳,20000,長野県,1980000000,1980年,人
11817,00700,全域,001,男,055,５４歳,21000,岐阜県,1980000000,1980年,人
20322,00700,全域,001,男,055,５４歳,22000,静岡県,1980000000,1980年,人
31443,00700,全域,001,男,055,５４歳,23000,愛知県,1980000000,1980年,人
10890,00700,全域,001,男,055,５４歳,24000,三重県,1980000000,1980年,人
6396,00700,全域,001,男,055,５４歳,25000,滋賀県,1980000000,1980年,人
13606,00700,全域,001,男,055,５４歳,26000,京都府,1980000000,1980年,人
42158,00700,全域,001,男,055,５４歳,27000,大阪府,1980000000,1980年,人
30083,00700,全域,001,男,055,５４歳,28000,兵庫県,1980000000,1980年,人
6738,00700,全域,001,男,055,５４歳,29000,奈良県,1980000000,1980年,人
7014,00700,全域,001,男,055,５４歳,30000,和歌山県,1980000000,1980年,人
4049,00700,全域,001,男,055,５４歳,31000,鳥取県,1980000000,1980年,人
5505,00700,全域,001,男,055,５４歳,32000,島根県,1980000000,1980年,人
11786,00700,全域,001,男,055,５４歳,33000,岡山県,1980000000,1980年,人
15832,00700,全域,001,男,055,５４歳,34000,広島県,1980000000,1980年,人
10238,00700,全域,001,男,055,５４歳,35000,山口県,1980000000,1980年,人
5695,00700,全域,001,男,055,５４歳,36000,徳島県,1980000000,1980年,人
6546,00700,全域,001,男,055,５４歳,37000,香川県,1980000000,1980年,人
9327,00700,全域,001,男,055,５４歳,38000,愛媛県,1980000000,1980年,人
5507,00700,全域,001,男,055,５４歳,39000,高知県,1980000000,1980年,人
25975,00700,全域,001,男,055,５４歳,40000,福岡県,1980000000,1980年,人
5588,00700,全域,001,男,055,５４歳,41000,佐賀県,1980000000,1980年,人
9942,00700,全域,001,男,055,５４歳,42000,長崎県,1980000000,1980年,人
11101,00700,全域,001,男,055,５４歳,43000,熊本県,1980000000,1980年,人
7643,00700,全域,001,男,055,５４歳,44000,大分県,1980000000,1980年,人
6959,00700,全域,001,男,055,５４歳,45000,宮崎県,1980000000,1980年,人
10827,00700,全域,001,男,055,５４歳,46000,鹿児島県,1980000000,1980年,人
3679,00700,全域,001,男,055,５４歳,47000,沖縄県,1980000000,1980年,人
616407,00700,全域,001,男,056,５５歳,00000,全国,1980000000,1980年,人
442323,00700,全域,001,男,056,５５歳,00001,全国市部,1980000000,1980年,人
174084,00700,全域,001,男,056,５５歳,00002,全国郡部,1980000000,1980年,人
30603,00700,全域,001,男,056,５５歳,01000,北海道,1980000000,1980年,人
8356,00700,全域,001,男,056,５５歳,02000,青森県,1980000000,1980年,人
8763,00700,全域,001,男,056,５５歳,03000,岩手県,1980000000,1980年,人
11825,00700,全域,001,男,056,５５歳,04000,宮城県,1980000000,1980年,人
8437,00700,全域,001,男,056,５５歳,05000,秋田県,1980000000,1980年,人
8265,00700,全域,001,男,056,５５歳,06000,山形県,1980000000,1980年,人
12655,00700,全域,001,男,056,５５歳,07000,福島県,1980000000,1980年,人
14400,00700,全域,001,男,056,５５歳,08000,茨城県,1980000000,1980年,人
10574,00700,全域,001,男,056,５５歳,09000,栃木県,1980000000,1980年,人
10907,00700,全域,001,男,056,５５歳,10000,群馬県,1980000000,1980年,人
22796,00700,全域,001,男,056,５５歳,11000,埼玉県,1980000000,1980年,人
21011,00700,全域,001,男,056,５５歳,12000,千葉県,1980000000,1980年,人
56759,00700,全域,001,男,056,５５歳,13000,東京都,1980000000,1980年,人
32872,00700,全域,001,男,056,５５歳,14000,神奈川県,1980000000,1980年,人
15522,00700,全域,001,男,056,５５歳,15000,新潟県,1980000000,1980年,人
6570,00700,全域,001,男,056,５５歳,16000,富山県,1980000000,1980年,人
6177,00700,全域,001,男,056,５５歳,17000,石川県,1980000000,1980年,人
5012,00700,全域,001,男,056,５５歳,18000,福井県,1980000000,1980年,人
4871,00700,全域,001,男,056,５５歳,19000,山梨県,1980000000,1980年,人
13208,00700,全域,001,男,056,５５歳,20000,長野県,1980000000,1980年,人
10808,00700,全域,001,男,056,５５歳,21000,岐阜県,1980000000,1980年,人
19066,00700,全域,001,男,056,５５歳,22000,静岡県,1980000000,1980年,人
29036,00700,全域,001,男,056,５５歳,23000,愛知県,1980000000,1980年,人
10097,00700,全域,001,男,056,５５歳,24000,三重県,1980000000,1980年,人
5901,00700,全域,001,男,056,５５歳,25000,滋賀県,1980000000,1980年,人
12571,00700,全域,001,男,056,５５歳,26000,京都府,1980000000,1980年,人
36961,00700,全域,001,男,056,５５歳,27000,大阪府,1980000000,1980年,人
26767,00700,全域,001,男,056,５５歳,28000,兵庫県,1980000000,1980年,人
5923,00700,全域,001,男,056,５５歳,29000,奈良県,1980000000,1980年,人
6311,00700,全域,001,男,056,５５歳,30000,和歌山県,1980000000,1980年,人
3987,00700,全域,001,男,056,５５歳,31000,鳥取県,1980000000,1980年,人
5141,00700,全域,001,男,056,５５歳,32000,島根県,1980000000,1980年,人
10524,00700,全域,001,男,056,５５歳,33000,岡山県,1980000000,1980年,人
14606,00700,全域,001,男,056,５５歳,34000,広島県,1980000000,1980年,人
9165,00700,全域,001,男,056,５５歳,35000,山口県,1980000000,1980年,人
4971,00700,全域,001,男,056,５５歳,36000,徳島県,1980000000,1980年,人
5611,00700,全域,001,男,056,５５歳,37000,香川県,1980000000,1980年,人
8767,00700,全域,001,男,056,５５歳,38000,愛媛県,1980000000,1980年,人
5285,00700,全域,001,男,056,５５歳,39000,高知県,1980000000,1980年,人
23813,00700,全域,001,男,056,５５歳,40000,福岡県,1980000000,1980年,人
5117,00700,全域,001,男,056,５５歳,41000,佐賀県,1980000000,1980年,人
9225,00700,全域,001,男,056,５５歳,42000,長崎県,1980000000,1980年,人
9960,00700,全域,001,男,056,５５歳,43000,熊本県,1980000000,1980年,人
7127,00700,全域,001,男,056,５５歳,44000,大分県,1980000000,1980年,人
6237,00700,全域,001,男,056,５５歳,45000,宮崎県,1980000000,1980年,人
10324,00700,全域,001,男,056,５５歳,46000,鹿児島県,1980000000,1980年,人
3523,00700,全域,001,男,056,５５歳,47000,沖縄県,1980000000,1980年,人
546530,00700,全域,001,男,057,５６歳,00000,全国,1980000000,1980年,人
389763,00700,全域,001,男,057,５６歳,00001,全国市部,1980000000,1980年,人
156767,00700,全域,001,男,057,５６歳,00002,全国郡部,1980000000,1980年,人
27749,00700,全域,001,男,057,５６歳,01000,北海道,1980000000,1980年,人
7347,00700,全域,001,男,057,５６歳,02000,青森県,1980000000,1980年,人
7896,00700,全域,001,男,057,５６歳,03000,岩手県,1980000000,1980年,人
9895,00700,全域,001,男,057,５６歳,04000,宮城県,1980000000,1980年,人
7237,00700,全域,001,男,057,５６歳,05000,秋田県,1980000000,1980年,人
7821,00700,全域,001,男,057,５６歳,06000,山形県,1980000000,1980年,人
11072,00700,全域,001,男,057,５６歳,07000,福島県,1980000000,1980年,人
12668,00700,全域,001,男,057,５６歳,08000,茨城県,1980000000,1980年,人
9079,00700,全域,001,男,057,５６歳,09000,栃木県,1980000000,1980年,人
9569,00700,全域,001,男,057,５６歳,10000,群馬県,1980000000,1980年,人
19311,00700,全域,001,男,057,５６歳,11000,埼玉県,1980000000,1980年,人
17933,00700,全域,001,男,057,５６歳,12000,千葉県,1980000000,1980年,人
48867,00700,全域,001,男,057,５６歳,13000,東京都,1980000000,1980年,人
27629,00700,全域,001,男,057,５６歳,14000,神奈川県,1980000000,1980年,人
12938,00700,全域,001,男,057,５６歳,15000,新潟県,1980000000,1980年,人
5817,00700,全域,001,男,057,５６歳,16000,富山県,1980000000,1980年,人
5482,00700,全域,001,男,057,５６歳,17000,石川県,1980000000,1980年,人
4286,00700,全域,001,男,057,５６歳,18000,福井県,1980000000,1980年,人
4453,00700,全域,001,男,057,５６歳,19000,山梨県,1980000000,1980年,人
12371,00700,全域,001,男,057,５６歳,20000,長野県,1980000000,1980年,人
9927,00700,全域,001,男,057,５６歳,21000,岐阜県,1980000000,1980年,人
16317,00700,全域,001,男,057,５６歳,22000,静岡県,1980000000,1980年,人
25193,00700,全域,001,男,057,５６歳,23000,愛知県,1980000000,1980年,人
8052,00700,全域,001,男,057,５６歳,24000,三重県,1980000000,1980年,人
5183,00700,全域,001,男,057,５６歳,25000,滋賀県,1980000000,1980年,人
11031,00700,全域,001,男,057,５６歳,26000,京都府,1980000000,1980年,人
33904,00700,全域,001,男,057,５６歳,27000,大阪府,1980000000,1980年,人
24368,00700,全域,001,男,057,５６歳,28000,兵庫県,1980000000,1980年,人
5432,00700,全域,001,男,057,５６歳,29000,奈良県,1980000000,1980年,人
5717,00700,全域,001,男,057,５６歳,30000,和歌山県,1980000000,1980年,人
3578,00700,全域,001,男,057,５６歳,31000,鳥取県,1980000000,1980年,人
4592,00700,全域,001,男,057,５６歳,32000,島根県,1980000000,1980年,人
9367,00700,全域,001,男,057,５６歳,33000,岡山県,1980000000,1980年,人
13347,00700,全域,001,男,057,５６歳,34000,広島県,1980000000,1980年,人
8615,00700,全域,001,男,057,５６歳,35000,山口県,1980000000,1980年,人
4582,00700,全域,001,男,057,５６歳,36000,徳島県,1980000000,1980年,人
5341,00700,全域,001,男,057,５６歳,37000,香川県,1980000000,1980年,人
8004,00700,全域,001,男,057,５６歳,38000,愛媛県,1980000000,1980年,人
4966,00700,全域,001,男,057,５６歳,39000,高知県,1980000000,1980年,人
22206,00700,全域,001,男,057,５６歳,40000,福岡県,1980000000,1980年,人
4579,00700,全域,001,男,057,５６歳,41000,佐賀県,1980000000,1980年,人
8403,00700,全域,001,男,057,５６歳,42000,長崎県,1980000000,1980年,人
9305,00700,全域,001,男,057,５６歳,43000,熊本県,1980000000,1980年,人
6534,00700,全域,001,男,057,５６歳,44000,大分県,1980000000,1980年,人
5655,00700,全域,001,男,057,５６歳,45000,宮崎県,1980000000,1980年,人
9602,00700,全域,001,男,057,５６歳,46000,鹿児島県,1980000000,1980年,人
3310,00700,全域,001,男,057,５６歳,47000,沖縄県,1980000000,1980年,人
480873,00700,全域,001,男,058,５７歳,00000,全国,1980000000,1980年,人
343731,00700,全域,001,男,058,５７歳,00001,全国市部,1980000000,1980年,人
137142,00700,全域,001,男,058,５７歳,00002,全国郡部,1980000000,1980年,人
23680,00700,全域,001,男,058,５７歳,01000,北海道,1980000000,1980年,人
6057,00700,全域,001,男,058,５７歳,02000,青森県,1980000000,1980年,人
6914,00700,全域,001,男,058,５７歳,03000,岩手県,1980000000,1980年,人
9083,00700,全域,001,男,058,５７歳,04000,宮城県,1980000000,1980年,人
6024,00700,全域,001,男,058,５７歳,05000,秋田県,1980000000,1980年,人
6250,00700,全域,001,男,058,５７歳,06000,山形県,1980000000,1980年,人
9906,00700,全域,001,男,058,５７歳,07000,福島県,1980000000,1980年,人
11008,00700,全域,001,男,058,５７歳,08000,茨城県,1980000000,1980年,人
7999,00700,全域,001,男,058,５７歳,09000,栃木県,1980000000,1980年,人
8291,00700,全域,001,男,058,５７歳,10000,群馬県,1980000000,1980年,人
17378,00700,全域,001,男,058,５７歳,11000,埼玉県,1980000000,1980年,人
15836,00700,全域,001,男,058,５７歳,12000,千葉県,1980000000,1980年,人
43373,00700,全域,001,男,058,５７歳,13000,東京都,1980000000,1980年,人
24512,00700,全域,001,男,058,５７歳,14000,神奈川県,1980000000,1980年,人
11334,00700,全域,001,男,058,５７歳,15000,新潟県,1980000000,1980年,人
5104,00700,全域,001,男,058,５７歳,16000,富山県,1980000000,1980年,人
4740,00700,全域,001,男,058,５７歳,17000,石川県,1980000000,1980年,人
3299,00700,全域,001,男,058,５７歳,18000,福井県,1980000000,1980年,人
3765,00700,全域,001,男,058,５７歳,19000,山梨県,1980000000,1980年,人
11468,00700,全域,001,男,058,５７歳,20000,長野県,1980000000,1980年,人
8522,00700,全域,001,男,058,５７歳,21000,岐阜県,1980000000,1980年,人
14185,00700,全域,001,男,058,５７歳,22000,静岡県,1980000000,1980年,人
21651,00700,全域,001,男,058,５７歳,23000,愛知県,1980000000,1980年,人
6659,00700,全域,001,男,058,５７歳,24000,三重県,1980000000,1980年,人
3966,00700,全域,001,男,058,５７歳,25000,滋賀県,1980000000,1980年,人
9094,00700,全域,001,男,058,５７歳,26000,京都府,1980000000,1980年,人
30000,00700,全域,001,男,058,５７歳,27000,大阪府,1980000000,1980年,人
20934,00700,全域,001,男,058,５７歳,28000,兵庫県,1980000000,1980年,人
5098,00700,全域,001,男,058,５７歳,29000,奈良県,1980000000,1980年,人
5163,00700,全域,001,男,058,５７歳,30000,和歌山県,1980000000,1980年,人
2844,00700,全域,001,男,058,５７歳,31000,鳥取県,1980000000,1980年,人
4425,00700,全域,001,男,058,５７歳,32000,島根県,1980000000,1980年,人
8339,00700,全域,001,男,058,５７歳,33000,岡山県,1980000000,1980年,人
12086,00700,全域,001,男,058,５７歳,34000,広島県,1980000000,1980年,人
7849,00700,全域,001,男,058,５７歳,35000,山口県,1980000000,1980年,人
4259,00700,全域,001,男,058,５７歳,36000,徳島県,1980000000,1980年,人
4949,00700,全域,001,男,058,５７歳,37000,香川県,1980000000,1980年,人
7539,00700,全域,001,男,058,５７歳,38000,愛媛県,1980000000,1980年,人
4312,00700,全域,001,男,058,５７歳,39000,高知県,1980000000,1980年,人
19351,00700,全域,001,男,058,５７歳,40000,福岡県,1980000000,1980年,人
4244,00700,全域,001,男,058,５７歳,41000,佐賀県,1980000000,1980年,人
7366,00700,全域,001,男,058,５７歳,42000,長崎県,1980000000,1980年,人
8621,00700,全域,001,男,058,５７歳,43000,熊本県,1980000000,1980年,人
5885,00700,全域,001,男,058,５７歳,44000,大分県,1980000000,1980年,人
5115,00700,全域,001,男,058,５７歳,45000,宮崎県,1980000000,1980年,人
8897,00700,全域,001,男,058,５７歳,46000,鹿児島県,1980000000,1980年,人
3499,00700,全域,001,男,058,５７歳,47000,沖縄県,1980000000,1980年,人
447403,00700,全域,001,男,059,５８歳,00000,全国,1980000000,1980年,人
319282,00700,全域,001,男,059,５８歳,00001,全国市部,1980000000,1980年,人
128121,00700,全域,001,男,059,５８歳,00002,全国郡部,1980000000,1980年,人
23023,00700,全域,001,男,059,５８歳,01000,北海道,1980000000,1980年,人
5813,00700,全域,001,男,059,５８歳,02000,青森県,1980000000,1980年,人
5853,00700,全域,001,男,059,５８歳,03000,岩手県,1980000000,1980年,人
8792,00700,全域,001,男,059,５８歳,04000,宮城県,1980000000,1980年,人
5720,00700,全域,001,男,059,５８歳,05000,秋田県,1980000000,1980年,人
6071,00700,全域,001,男,059,５８歳,06000,山形県,1980000000,1980年,人
9783,00700,全域,001,男,059,５８歳,07000,福島県,1980000000,1980年,人
9473,00700,全域,001,男,059,５８歳,08000,茨城県,1980000000,1980年,人
7015,00700,全域,001,男,059,５８歳,09000,栃木県,1980000000,1980年,人
6897,00700,全域,001,男,059,５８歳,10000,群馬県,1980000000,1980年,人
15754,00700,全域,001,男,059,５８歳,11000,埼玉県,1980000000,1980年,人
14906,00700,全域,001,男,059,５８歳,12000,千葉県,1980000000,1980年,人
41355,00700,全域,001,男,059,５８歳,13000,東京都,1980000000,1980年,人
22889,00700,全域,001,男,059,５８歳,14000,神奈川県,1980000000,1980年,人
11329,00700,全域,001,男,059,５８歳,15000,新潟県,1980000000,1980年,人
4937,00700,全域,001,男,059,５８歳,16000,富山県,1980000000,1980年,人
4567,00700,全域,001,男,059,５８歳,17000,石川県,1980000000,1980年,人
3129,00700,全域,001,男,059,５８歳,18000,福井県,1980000000,1980年,人
3578,00700,全域,001,男,059,５８歳,19000,山梨県,1980000000,1980年,人
10412,00700,全域,001,男,059,５８歳,20000,長野県,1980000000,1980年,人
7653,00700,全域,001,男,059,５８歳,21000,岐阜県,1980000000,1980年,人
12629,00700,全域,001,男,059,５８歳,22000,静岡県,1980000000,1980年,人
19381,00700,全域,001,男,059,５８歳,23000,愛知県,1980000000,1980年,人
5908,00700,全域,001,男,059,５８歳,24000,三重県,1980000000,1980年,人
3534,00700,全域,001,男,059,５８歳,25000,滋賀県,1980000000,1980年,人
8258,00700,全域,001,男,059,５８歳,26000,京都府,1980000000,1980年,人
27542,00700,全域,001,男,059,５８歳,27000,大阪府,1980000000,1980年,人
19144,00700,全域,001,男,059,５８歳,28000,兵庫県,1980000000,1980年,人
4580,00700,全域,001,男,059,５８歳,29000,奈良県,1980000000,1980年,人
4716,00700,全域,001,男,059,５８歳,30000,和歌山県,1980000000,1980年,人
2846,00700,全域,001,男,059,５８歳,31000,鳥取県,1980000000,1980年,人
4279,00700,全域,001,男,059,５８歳,32000,島根県,1980000000,1980年,人
7705,00700,全域,001,男,059,５８歳,33000,岡山県,1980000000,1980年,人
11883,00700,全域,001,男,059,５８歳,34000,広島県,1980000000,1980年,人
7677,00700,全域,001,男,059,５８歳,35000,山口県,1980000000,1980年,人
3655,00700,全域,001,男,059,５８歳,36000,徳島県,1980000000,1980年,人
4394,00700,全域,001,男,059,５８歳,37000,香川県,1980000000,1980年,人
7003,00700,全域,001,男,059,５８歳,38000,愛媛県,1980000000,1980年,人
4073,00700,全域,001,男,059,５８歳,39000,高知県,1980000000,1980年,人
17804,00700,全域,001,男,059,５８歳,40000,福岡県,1980000000,1980年,人
3628,00700,全域,001,男,059,５８歳,41000,佐賀県,1980000000,1980年,人
6890,00700,全域,001,男,059,５８歳,42000,長崎県,1980000000,1980年,人
8011,00700,全域,001,男,059,５８歳,43000,熊本県,1980000000,1980年,人
5519,00700,全域,001,男,059,５８歳,44000,大分県,1980000000,1980年,人
4831,00700,全域,001,男,059,５８歳,45000,宮崎県,1980000000,1980年,人
8795,00700,全域,001,男,059,５８歳,46000,鹿児島県,1980000000,1980年,人
3769,00700,全域,001,男,059,５８歳,47000,沖縄県,1980000000,1980年,人
420166,00700,全域,001,男,060,５９歳,00000,全国,1980000000,1980年,人
299241,00700,全域,001,男,060,５９歳,00001,全国市部,1980000000,1980年,人
120925,00700,全域,001,男,060,５９歳,00002,全国郡部,1980000000,1980年,人
21014,00700,全域,001,男,060,５９歳,01000,北海道,1980000000,1980年,人
5656,00700,全域,001,男,060,５９歳,02000,青森県,1980000000,1980年,人
5409,00700,全域,001,男,060,５９歳,03000,岩手県,1980000000,1980年,人
8375,00700,全域,001,男,060,５９歳,04000,宮城県,1980000000,1980年,人
5586,00700,全域,001,男,060,５９歳,05000,秋田県,1980000000,1980年,人
5938,00700,全域,001,男,060,５９歳,06000,山形県,1980000000,1980年,人
9229,00700,全域,001,男,060,５９歳,07000,福島県,1980000000,1980年,人
8649,00700,全域,001,男,060,５９歳,08000,茨城県,1980000000,1980年,人
6271,00700,全域,001,男,060,５９歳,09000,栃木県,1980000000,1980年,人
6372,00700,全域,001,男,060,５９歳,10000,群馬県,1980000000,1980年,人
14982,00700,全域,001,男,060,５９歳,11000,埼玉県,1980000000,1980年,人
14200,00700,全域,001,男,060,５９歳,12000,千葉県,1980000000,1980年,人
39266,00700,全域,001,男,060,５９歳,13000,東京都,1980000000,1980年,人
21299,00700,全域,001,男,060,５９歳,14000,神奈川県,1980000000,1980年,人
10874,00700,全域,001,男,060,５９歳,15000,新潟県,1980000000,1980年,人
5265,00700,全域,001,男,060,５９歳,16000,富山県,1980000000,1980年,人
4809,00700,全域,001,男,060,５９歳,17000,石川県,1980000000,1980年,人
3225,00700,全域,001,男,060,５９歳,18000,福井県,1980000000,1980年,人
3521,00700,全域,001,男,060,５９歳,19000,山梨県,1980000000,1980年,人
9634,00700,全域,001,男,060,５９歳,20000,長野県,1980000000,1980年,人
6975,00700,全域,001,男,060,５９歳,21000,岐阜県,1980000000,1980年,人
11677,00700,全域,001,男,060,５９歳,22000,静岡県,1980000000,1980年,人
18236,00700,全域,001,男,060,５９歳,23000,愛知県,1980000000,1980年,人
5515,00700,全域,001,男,060,５９歳,24000,三重県,1980000000,1980年,人
3599,00700,全域,001,男,060,５９歳,25000,滋賀県,1980000000,1980年,人
7700,00700,全域,001,男,060,５９歳,26000,京都府,1980000000,1980年,人
25716,00700,全域,001,男,060,５９歳,27000,大阪府,1980000000,1980年,人
17934,00700,全域,001,男,060,５９歳,28000,兵庫県,1980000000,1980年,人
3970,00700,全域,001,男,060,５９歳,29000,奈良県,1980000000,1980年,人
4466,00700,全域,001,男,060,５９歳,30000,和歌山県,1980000000,1980年,人
2638,00700,全域,001,男,060,５９歳,31000,鳥取県,1980000000,1980年,人
4037,00700,全域,001,男,060,５９歳,32000,島根県,1980000000,1980年,人
7570,00700,全域,001,男,060,５９歳,33000,岡山県,1980000000,1980年,人
11283,00700,全域,001,男,060,５９歳,34000,広島県,1980000000,1980年,人
6911,00700,全域,001,男,060,５９歳,35000,山口県,1980000000,1980年,人
3508,00700,全域,001,男,060,５９歳,36000,徳島県,1980000000,1980年,人
4277,00700,全域,001,男,060,５９歳,37000,香川県,1980000000,1980年,人
6580,00700,全域,001,男,060,５９歳,38000,愛媛県,1980000000,1980年,人
3792,00700,全域,001,男,060,５９歳,39000,高知県,1980000000,1980年,人
16309,00700,全域,001,男,060,５９歳,40000,福岡県,1980000000,1980年,人
3520,00700,全域,001,男,060,５９歳,41000,佐賀県,1980000000,1980年,人
6181,00700,全域,001,男,060,５９歳,42000,長崎県,1980000000,1980年,人
7492,00700,全域,001,男,060,５９歳,43000,熊本県,1980000000,1980年,人
5252,00700,全域,001,男,060,５９歳,44000,大分県,1980000000,1980年,人
4497,00700,全域,001,男,060,５９歳,45000,宮崎県,1980000000,1980年,人
7683,00700,全域,001,男,060,５９歳,46000,鹿児島県,1980000000,1980年,人
3274,00700,全域,001,男,060,５９歳,47000,沖縄県,1980000000,1980年,人
442667,00700,全域,001,男,061,６０歳,00000,全国,1980000000,1980年,人
313142,00700,全域,001,男,061,６０歳,00001,全国市部,1980000000,1980年,人
129525,00700,全域,001,男,061,６０歳,00002,全国郡部,1980000000,1980年,人
22243,00700,全域,001,男,061,６０歳,01000,北海道,1980000000,1980年,人
5820,00700,全域,001,男,061,６０歳,02000,青森県,1980000000,1980年,人
6242,00700,全域,001,男,061,６０歳,03000,岩手県,1980000000,1980年,人
8282,00700,全域,001,男,061,６０歳,04000,宮城県,1980000000,1980年,人
6173,00700,全域,001,男,061,６０歳,05000,秋田県,1980000000,1980年,人
6195,00700,全域,001,男,061,６０歳,06000,山形県,1980000000,1980年,人
9523,00700,全域,001,男,061,６０歳,07000,福島県,1980000000,1980年,人
9402,00700,全域,001,男,061,６０歳,08000,茨城県,1980000000,1980年,人
7040,00700,全域,001,男,061,６０歳,09000,栃木県,1980000000,1980年,人
7452,00700,全域,001,男,061,６０歳,10000,群馬県,1980000000,1980年,人
15852,00700,全域,001,男,061,６０歳,11000,埼玉県,1980000000,1980年,人
14701,00700,全域,001,男,061,６０歳,12000,千葉県,1980000000,1980年,人
39418,00700,全域,001,男,061,６０歳,13000,東京都,1980000000,1980年,人
21719,00700,全域,001,男,061,６０歳,14000,神奈川県,1980000000,1980年,人
11376,00700,全域,001,男,061,６０歳,15000,新潟県,1980000000,1980年,人
5363,00700,全域,001,男,061,６０歳,16000,富山県,1980000000,1980年,人
5116,00700,全域,001,男,061,６０歳,17000,石川県,1980000000,1980年,人
3928,00700,全域,001,男,061,６０歳,18000,福井県,1980000000,1980年,人
3746,00700,全域,001,男,061,６０歳,19000,山梨県,1980000000,1980年,人
10179,00700,全域,001,男,061,６０歳,20000,長野県,1980000000,1980年,人
8016,00700,全域,001,男,061,６０歳,21000,岐阜県,1980000000,1980年,人
12139,00700,全域,001,男,061,６０歳,22000,静岡県,1980000000,1980年,人
19386,00700,全域,001,男,061,６０歳,23000,愛知県,1980000000,1980年,人
6143,00700,全域,001,男,061,６０歳,24000,三重県,1980000000,1980年,人
4086,00700,全域,001,男,061,６０歳,25000,滋賀県,1980000000,1980年,人
8364,00700,全域,001,男,061,６０歳,26000,京都府,1980000000,1980年,人
26651,00700,全域,001,男,061,６０歳,27000,大阪府,1980000000,1980年,人
18848,00700,全域,001,男,061,６０歳,28000,兵庫県,1980000000,1980年,人
4247,00700,全域,001,男,061,６０歳,29000,奈良県,1980000000,1980年,人
4816,00700,全域,001,男,061,６０歳,30000,和歌山県,1980000000,1980年,人
2650,00700,全域,001,男,061,６０歳,31000,鳥取県,1980000000,1980年,人
4195,00700,全域,001,男,061,６０歳,32000,島根県,1980000000,1980年,人
7752,00700,全域,001,男,061,６０歳,33000,岡山県,1980000000,1980年,人
11615,00700,全域,001,男,061,６０歳,34000,広島県,1980000000,1980年,人
7516,00700,全域,001,男,061,６０歳,35000,山口県,1980000000,1980年,人
3944,00700,全域,001,男,061,６０歳,36000,徳島県,1980000000,1980年,人
4561,00700,全域,001,男,061,６０歳,37000,香川県,1980000000,1980年,人
6546,00700,全域,001,男,061,６０歳,38000,愛媛県,1980000000,1980年,人
3996,00700,全域,001,男,061,６０歳,39000,高知県,1980000000,1980年,人
16790,00700,全域,001,男,061,６０歳,40000,福岡県,1980000000,1980年,人
3726,00700,全域,001,男,061,６０歳,41000,佐賀県,1980000000,1980年,人
6537,00700,全域,001,男,061,６０歳,42000,長崎県,1980000000,1980年,人
7878,00700,全域,001,男,061,６０歳,43000,熊本県,1980000000,1980年,人
5695,00700,全域,001,男,061,６０歳,44000,大分県,1980000000,1980年,人
5092,00700,全域,001,男,061,６０歳,45000,宮崎県,1980000000,1980年,人
8415,00700,全域,001,男,061,６０歳,46000,鹿児島県,1980000000,1980年,人
3293,00700,全域,001,男,061,６０歳,47000,沖縄県,1980000000,1980年,人
366679,00700,全域,001,男,062,６１歳,00000,全国,1980000000,1980年,人
259222,00700,全域,001,男,062,６１歳,00001,全国市部,1980000000,1980年,人
107457,00700,全域,001,男,062,６１歳,00002,全国郡部,1980000000,1980年,人
18959,00700,全域,001,男,062,６１歳,01000,北海道,1980000000,1980年,人
4831,00700,全域,001,男,062,６１歳,02000,青森県,1980000000,1980年,人
5158,00700,全域,001,男,062,６１歳,03000,岩手県,1980000000,1980年,人
6744,00700,全域,001,男,062,６１歳,04000,宮城県,1980000000,1980年,人
5065,00700,全域,001,男,062,６１歳,05000,秋田県,1980000000,1980年,人
5373,00700,全域,001,男,062,６１歳,06000,山形県,1980000000,1980年,人
7805,00700,全域,001,男,062,６１歳,07000,福島県,1980000000,1980年,人
8094,00700,全域,001,男,062,６１歳,08000,茨城県,1980000000,1980年,人
6137,00700,全域,001,男,062,６１歳,09000,栃木県,1980000000,1980年,人
6430,00700,全域,001,男,062,６１歳,10000,群馬県,1980000000,1980年,人
13325,00700,全域,001,男,062,６１歳,11000,埼玉県,1980000000,1980年,人
12476,00700,全域,001,男,062,６１歳,12000,千葉県,1980000000,1980年,人
33347,00700,全域,001,男,062,６１歳,13000,東京都,1980000000,1980年,人
18111,00700,全域,001,男,062,６１歳,14000,神奈川県,1980000000,1980年,人
9814,00700,全域,001,男,062,６１歳,15000,新潟県,1980000000,1980年,人
4416,00700,全域,001,男,062,６１歳,16000,富山県,1980000000,1980年,人
4112,00700,全域,001,男,062,６１歳,17000,石川県,1980000000,1980年,人
2917,00700,全域,001,男,062,６１歳,18000,福井県,1980000000,1980年,人
3186,00700,全域,001,男,062,６１歳,19000,山梨県,1980000000,1980年,人
7877,00700,全域,001,男,062,６１歳,20000,長野県,1980000000,1980年,人
6274,00700,全域,001,男,062,６１歳,21000,岐阜県,1980000000,1980年,人
10883,00700,全域,001,男,062,６１歳,22000,静岡県,1980000000,1980年,人
16405,00700,全域,001,男,062,６１歳,23000,愛知県,1980000000,1980年,人
5672,00700,全域,001,男,062,６１歳,24000,三重県,1980000000,1980年,人
3454,00700,全域,001,男,062,６１歳,25000,滋賀県,1980000000,1980年,人
7251,00700,全域,001,男,062,６１歳,26000,京都府,1980000000,1980年,人
20960,00700,全域,001,男,062,６１歳,27000,大阪府,1980000000,1980年,人
14882,00700,全域,001,男,062,６１歳,28000,兵庫県,1980000000,1980年,人
3397,00700,全域,001,男,062,６１歳,29000,奈良県,1980000000,1980年,人
3981,00700,全域,001,男,062,６１歳,30000,和歌山県,1980000000,1980年,人
2293,00700,全域,001,男,062,６１歳,31000,鳥取県,1980000000,1980年,人
3519,00700,全域,001,男,062,６１歳,32000,島根県,1980000000,1980年,人
6245,00700,全域,001,男,062,６１歳,33000,岡山県,1980000000,1980年,人
9231,00700,全域,001,男,062,６１歳,34000,広島県,1980000000,1980年,人
6068,00700,全域,001,男,062,６１歳,35000,山口県,1980000000,1980年,人
2914,00700,全域,001,男,062,６１歳,36000,徳島県,1980000000,1980年,人
3463,00700,全域,001,男,062,６１歳,37000,香川県,1980000000,1980年,人
5403,00700,全域,001,男,062,６１歳,38000,愛媛県,1980000000,1980年,人
3112,00700,全域,001,男,062,６１歳,39000,高知県,1980000000,1980年,人
14056,00700,全域,001,男,062,６１歳,40000,福岡県,1980000000,1980年,人
2927,00700,全域,001,男,062,６１歳,41000,佐賀県,1980000000,1980年,人
5479,00700,全域,001,男,062,６１歳,42000,長崎県,1980000000,1980年,人
6452,00700,全域,001,男,062,６１歳,43000,熊本県,1980000000,1980年,人
4607,00700,全域,001,男,062,６１歳,44000,大分県,1980000000,1980年,人
3950,00700,全域,001,男,062,６１歳,45000,宮崎県,1980000000,1980年,人
7168,00700,全域,001,男,062,６１歳,46000,鹿児島県,1980000000,1980年,人
2456,00700,全域,001,男,062,６１歳,47000,沖縄県,1980000000,1980年,人
376164,00700,全域,001,男,063,６２歳,00000,全国,1980000000,1980年,人
264905,00700,全域,001,男,063,６２歳,00001,全国市部,1980000000,1980年,人
111259,00700,全域,001,男,063,６２歳,00002,全国郡部,1980000000,1980年,人
19063,00700,全域,001,男,063,６２歳,01000,北海道,1980000000,1980年,人
4875,00700,全域,001,男,063,６２歳,02000,青森県,1980000000,1980年,人
5175,00700,全域,001,男,063,６２歳,03000,岩手県,1980000000,1980年,人
6888,00700,全域,001,男,063,６２歳,04000,宮城県,1980000000,1980年,人
5128,00700,全域,001,男,063,６２歳,05000,秋田県,1980000000,1980年,人
5190,00700,全域,001,男,063,６２歳,06000,山形県,1980000000,1980年,人
7712,00700,全域,001,男,063,６２歳,07000,福島県,1980000000,1980年,人
8655,00700,全域,001,男,063,６２歳,08000,茨城県,1980000000,1980年,人
6124,00700,全域,001,男,063,６２歳,09000,栃木県,1980000000,1980年,人
6830,00700,全域,001,男,063,６２歳,10000,群馬県,1980000000,1980年,人
13180,00700,全域,001,男,063,６２歳,11000,埼玉県,1980000000,1980年,人
12438,00700,全域,001,男,063,６２歳,12000,千葉県,1980000000,1980年,人
33594,00700,全域,001,男,063,６２歳,13000,東京都,1980000000,1980年,人
18405,00700,全域,001,男,063,６２歳,14000,神奈川県,1980000000,1980年,人
9534,00700,全域,001,男,063,６２歳,15000,新潟県,1980000000,1980年,人
4079,00700,全域,001,男,063,６２歳,16000,富山県,1980000000,1980年,人
4024,00700,全域,001,男,063,６２歳,17000,石川県,1980000000,1980年,人
2701,00700,全域,001,男,063,６２歳,18000,福井県,1980000000,1980年,人
3226,00700,全域,001,男,063,６２歳,19000,山梨県,1980000000,1980年,人
8748,00700,全域,001,男,063,６２歳,20000,長野県,1980000000,1980年,人
6671,00700,全域,001,男,063,６２歳,21000,岐阜県,1980000000,1980年,人
11378,00700,全域,001,男,063,６２歳,22000,静岡県,1980000000,1980年,人
16558,00700,全域,001,男,063,６２歳,23000,愛知県,1980000000,1980年,人
5922,00700,全域,001,男,063,６２歳,24000,三重県,1980000000,1980年,人
3381,00700,全域,001,男,063,６２歳,25000,滋賀県,1980000000,1980年,人
7539,00700,全域,001,男,063,６２歳,26000,京都府,1980000000,1980年,人
21427,00700,全域,001,男,063,６２歳,27000,大阪府,1980000000,1980年,人
15696,00700,全域,001,男,063,６２歳,28000,兵庫県,1980000000,1980年,人
3658,00700,全域,001,男,063,６２歳,29000,奈良県,1980000000,1980年,人
4145,00700,全域,001,男,063,６２歳,30000,和歌山県,1980000000,1980年,人
2360,00700,全域,001,男,063,６２歳,31000,鳥取県,1980000000,1980年,人
3562,00700,全域,001,男,063,６２歳,32000,島根県,1980000000,1980年,人
6384,00700,全域,001,男,063,６２歳,33000,岡山県,1980000000,1980年,人
9451,00700,全域,001,男,063,６２歳,34000,広島県,1980000000,1980年,人
6254,00700,全域,001,男,063,６２歳,35000,山口県,1980000000,1980年,人
3215,00700,全域,001,男,063,６２歳,36000,徳島県,1980000000,1980年,人
3789,00700,全域,001,男,063,６２歳,37000,香川県,1980000000,1980年,人
5754,00700,全域,001,男,063,６２歳,38000,愛媛県,1980000000,1980年,人
3464,00700,全域,001,男,063,６２歳,39000,高知県,1980000000,1980年,人
14777,00700,全域,001,男,063,６２歳,40000,福岡県,1980000000,1980年,人
3207,00700,全域,001,男,063,６２歳,41000,佐賀県,1980000000,1980年,人
5826,00700,全域,001,男,063,６２歳,42000,長崎県,1980000000,1980年,人
6879,00700,全域,001,男,063,６２歳,43000,熊本県,1980000000,1980年,人
4751,00700,全域,001,男,063,６２歳,44000,大分県,1980000000,1980年,人
4158,00700,全域,001,男,063,６２歳,45000,宮崎県,1980000000,1980年,人
7544,00700,全域,001,男,063,６２歳,46000,鹿児島県,1980000000,1980年,人
2845,00700,全域,001,男,063,６２歳,47000,沖縄県,1980000000,1980年,人
378022,00700,全域,001,男,064,６３歳,00000,全国,1980000000,1980年,人
267268,00700,全域,001,男,064,６３歳,00001,全国市部,1980000000,1980年,人
110754,00700,全域,001,男,064,６３歳,00002,全国郡部,1980000000,1980年,人
18476,00700,全域,001,男,064,６３歳,01000,北海道,1980000000,1980年,人
5008,00700,全域,001,男,064,６３歳,02000,青森県,1980000000,1980年,人
5562,00700,全域,001,男,064,６３歳,03000,岩手県,1980000000,1980年,人
6948,00700,全域,001,男,064,６３歳,04000,宮城県,1980000000,1980年,人
5183,00700,全域,001,男,064,６３歳,05000,秋田県,1980000000,1980年,人
5201,00700,全域,001,男,064,６３歳,06000,山形県,1980000000,1980年,人
7621,00700,全域,001,男,064,６３歳,07000,福島県,1980000000,1980年,人
8759,00700,全域,001,男,064,６３歳,08000,茨城県,1980000000,1980年,人
6277,00700,全域,001,男,064,６３歳,09000,栃木県,1980000000,1980年,人
6453,00700,全域,001,男,064,６３歳,10000,群馬県,1980000000,1980年,人
13261,00700,全域,001,男,064,６３歳,11000,埼玉県,1980000000,1980年,人
12133,00700,全域,001,男,064,６３歳,12000,千葉県,1980000000,1980年,人
33966,00700,全域,001,男,064,６３歳,13000,東京都,1980000000,1980年,人
18681,00700,全域,001,男,064,６３歳,14000,神奈川県,1980000000,1980年,人
9431,00700,全域,001,男,064,６３歳,15000,新潟県,1980000000,1980年,人
4452,00700,全域,001,男,064,６３歳,16000,富山県,1980000000,1980年,人
4188,00700,全域,001,男,064,６３歳,17000,石川県,1980000000,1980年,人
2923,00700,全域,001,男,064,６３歳,18000,福井県,1980000000,1980年,人
3239,00700,全域,001,男,064,６３歳,19000,山梨県,1980000000,1980年,人
8450,00700,全域,001,男,064,６３歳,20000,長野県,1980000000,1980年,人
6674,00700,全域,001,男,064,６３歳,21000,岐阜県,1980000000,1980年,人
10881,00700,全域,001,男,064,６３歳,22000,静岡県,1980000000,1980年,人
17085,00700,全域,001,男,064,６３歳,23000,愛知県,1980000000,1980年,人
5892,00700,全域,001,男,064,６３歳,24000,三重県,1980000000,1980年,人
3419,00700,全域,001,男,064,６３歳,25000,滋賀県,1980000000,1980年,人
7856,00700,全域,001,男,064,６３歳,26000,京都府,1980000000,1980年,人
22397,00700,全域,001,男,064,６３歳,27000,大阪府,1980000000,1980年,人
15968,00700,全域,001,男,064,６３歳,28000,兵庫県,1980000000,1980年,人
3525,00700,全域,001,男,064,６３歳,29000,奈良県,1980000000,1980年,人
4030,00700,全域,001,男,064,６３歳,30000,和歌山県,1980000000,1980年,人
2449,00700,全域,001,男,064,６３歳,31000,鳥取県,1980000000,1980年,人
3238,00700,全域,001,男,064,６３歳,32000,島根県,1980000000,1980年,人
6790,00700,全域,001,男,064,６３歳,33000,岡山県,1980000000,1980年,人
9684,00700,全域,001,男,064,６３歳,34000,広島県,1980000000,1980年,人
6124,00700,全域,001,男,064,６３歳,35000,山口県,1980000000,1980年,人
3150,00700,全域,001,男,064,６３歳,36000,徳島県,1980000000,1980年,人
3580,00700,全域,001,男,064,６３歳,37000,香川県,1980000000,1980年,人
5618,00700,全域,001,男,064,６３歳,38000,愛媛県,1980000000,1980年,人
3340,00700,全域,001,男,064,６３歳,39000,高知県,1980000000,1980年,人
14603,00700,全域,001,男,064,６３歳,40000,福岡県,1980000000,1980年,人
3239,00700,全域,001,男,064,６３歳,41000,佐賀県,1980000000,1980年,人
5693,00700,全域,001,男,064,６３歳,42000,長崎県,1980000000,1980年,人
6935,00700,全域,001,男,064,６３歳,43000,熊本県,1980000000,1980年,人
4773,00700,全域,001,男,064,６３歳,44000,大分県,1980000000,1980年,人
4227,00700,全域,001,男,064,６３歳,45000,宮崎県,1980000000,1980年,人
7683,00700,全域,001,男,064,６３歳,46000,鹿児島県,1980000000,1980年,人
2957,00700,全域,001,男,064,６３歳,47000,沖縄県,1980000000,1980年,人
382398,00700,全域,001,男,065,６４歳,00000,全国,1980000000,1980年,人
270064,00700,全域,001,男,065,６４歳,00001,全国市部,1980000000,1980年,人
112334,00700,全域,001,男,065,６４歳,00002,全国郡部,1980000000,1980年,人
19184,00700,全域,001,男,065,６４歳,01000,北海道,1980000000,1980年,人
5144,00700,全域,001,男,065,６４歳,02000,青森県,1980000000,1980年,人
5354,00700,全域,001,男,065,６４歳,03000,岩手県,1980000000,1980年,人
6727,00700,全域,001,男,065,６４歳,04000,宮城県,1980000000,1980年,人
5383,00700,全域,001,男,065,６４歳,05000,秋田県,1980000000,1980年,人
5115,00700,全域,001,男,065,６４歳,06000,山形県,1980000000,1980年,人
7617,00700,全域,001,男,065,６４歳,07000,福島県,1980000000,1980年,人
8693,00700,全域,001,男,065,６４歳,08000,茨城県,1980000000,1980年,人
6198,00700,全域,001,男,065,６４歳,09000,栃木県,1980000000,1980年,人
6719,00700,全域,001,男,065,６４歳,10000,群馬県,1980000000,1980年,人
13339,00700,全域,001,男,065,６４歳,11000,埼玉県,1980000000,1980年,人
12315,00700,全域,001,男,065,６４歳,12000,千葉県,1980000000,1980年,人
33788,00700,全域,001,男,065,６４歳,13000,東京都,1980000000,1980年,人
18752,00700,全域,001,男,065,６４歳,14000,神奈川県,1980000000,1980年,人
9660,00700,全域,001,男,065,６４歳,15000,新潟県,1980000000,1980年,人
4451,00700,全域,001,男,065,６４歳,16000,富山県,1980000000,1980年,人
4096,00700,全域,001,男,065,６４歳,17000,石川県,1980000000,1980年,人
3036,00700,全域,001,男,065,６４歳,18000,福井県,1980000000,1980年,人
3193,00700,全域,001,男,065,６４歳,19000,山梨県,1980000000,1980年,人
8649,00700,全域,001,男,065,６４歳,20000,長野県,1980000000,1980年,人
6939,00700,全域,001,男,065,６４歳,21000,岐阜県,1980000000,1980年,人
10897,00700,全域,001,男,065,６４歳,22000,静岡県,1980000000,1980年,人
17598,00700,全域,001,男,065,６４歳,23000,愛知県,1980000000,1980年,人
6127,00700,全域,001,男,065,６４歳,24000,三重県,1980000000,1980年,人
3640,00700,全域,001,男,065,６４歳,25000,滋賀県,1980000000,1980年,人
8155,00700,全域,001,男,065,６４歳,26000,京都府,1980000000,1980年,人
22403,00700,全域,001,男,065,６４歳,27000,大阪府,1980000000,1980年,人
16617,00700,全域,001,男,065,６４歳,28000,兵庫県,1980000000,1980年,人
3797,00700,全域,001,男,065,６４歳,29000,奈良県,1980000000,1980年,人
4122,00700,全域,001,男,065,６４歳,30000,和歌山県,1980000000,1980年,人
2529,00700,全域,001,男,065,６４歳,31000,鳥取県,1980000000,1980年,人
3394,00700,全域,001,男,065,６４歳,32000,島根県,1980000000,1980年,人
6960,00700,全域,001,男,065,６４歳,33000,岡山県,1980000000,1980年,人
9870,00700,全域,001,男,065,６４歳,34000,広島県,1980000000,1980年,人
6258,00700,全域,001,男,065,６４歳,35000,山口県,1980000000,1980年,人
3107,00700,全域,001,男,065,６４歳,36000,徳島県,1980000000,1980年,人
3867,00700,全域,001,男,065,６４歳,37000,香川県,1980000000,1980年,人
5600,00700,全域,001,男,065,６４歳,38000,愛媛県,1980000000,1980年,人
3358,00700,全域,001,男,065,６４歳,39000,高知県,1980000000,1980年,人
15140,00700,全域,001,男,065,６４歳,40000,福岡県,1980000000,1980年,人
3295,00700,全域,001,男,065,６４歳,41000,佐賀県,1980000000,1980年,人
5899,00700,全域,001,男,065,６４歳,42000,長崎県,1980000000,1980年,人
6767,00700,全域,001,男,065,６４歳,43000,熊本県,1980000000,1980年,人
4719,00700,全域,001,男,065,６４歳,44000,大分県,1980000000,1980年,人
4194,00700,全域,001,男,065,６４歳,45000,宮崎県,1980000000,1980年,人
7097,00700,全域,001,男,065,６４歳,46000,鹿児島県,1980000000,1980年,人
2636,00700,全域,001,男,065,６４歳,47000,沖縄県,1980000000,1980年,人
369077,00700,全域,001,男,066,６５歳,00000,全国,1980000000,1980年,人
261913,00700,全域,001,男,066,６５歳,00001,全国市部,1980000000,1980年,人
107164,00700,全域,001,男,066,６５歳,00002,全国郡部,1980000000,1980年,人
17647,00700,全域,001,男,066,６５歳,01000,北海道,1980000000,1980年,人
4832,00700,全域,001,男,066,６５歳,02000,青森県,1980000000,1980年,人
5085,00700,全域,001,男,066,６５歳,03000,岩手県,1980000000,1980年,人
6366,00700,全域,001,男,066,６５歳,04000,宮城県,1980000000,1980年,人
4870,00700,全域,001,男,066,６５歳,05000,秋田県,1980000000,1980年,人
5370,00700,全域,001,男,066,６５歳,06000,山形県,1980000000,1980年,人
7503,00700,全域,001,男,066,６５歳,07000,福島県,1980000000,1980年,人
8342,00700,全域,001,男,066,６５歳,08000,茨城県,1980000000,1980年,人
5969,00700,全域,001,男,066,６５歳,09000,栃木県,1980000000,1980年,人
6186,00700,全域,001,男,066,６５歳,10000,群馬県,1980000000,1980年,人
13005,00700,全域,001,男,066,６５歳,11000,埼玉県,1980000000,1980年,人
12018,00700,全域,001,男,066,６５歳,12000,千葉県,1980000000,1980年,人
33933,00700,全域,001,男,066,６５歳,13000,東京都,1980000000,1980年,人
18141,00700,全域,001,男,066,６５歳,14000,神奈川県,1980000000,1980年,人
9434,00700,全域,001,男,066,６５歳,15000,新潟県,1980000000,1980年,人
4416,00700,全域,001,男,066,６５歳,16000,富山県,1980000000,1980年,人
4069,00700,全域,001,男,066,６５歳,17000,石川県,1980000000,1980年,人
3077,00700,全域,001,男,066,６５歳,18000,福井県,1980000000,1980年,人
3058,00700,全域,001,男,066,６５歳,19000,山梨県,1980000000,1980年,人
8236,00700,全域,001,男,066,６５歳,20000,長野県,1980000000,1980年,人
6535,00700,全域,001,男,066,６５歳,21000,岐阜県,1980000000,1980年,人
10760,00700,全域,001,男,066,６５歳,22000,静岡県,1980000000,1980年,人
17125,00700,全域,001,男,066,６５歳,23000,愛知県,1980000000,1980年,人
5720,00700,全域,001,男,066,６５歳,24000,三重県,1980000000,1980年,人
3671,00700,全域,001,男,066,６５歳,25000,滋賀県,1980000000,1980年,人
8015,00700,全域,001,男,066,６５歳,26000,京都府,1980000000,1980年,人
21203,00700,全域,001,男,066,６５歳,27000,大阪府,1980000000,1980年,人
16053,00700,全域,001,男,066,６５歳,28000,兵庫県,1980000000,1980年,人
3652,00700,全域,001,男,066,６５歳,29000,奈良県,1980000000,1980年,人
3783,00700,全域,001,男,066,６５歳,30000,和歌山県,1980000000,1980年,人
2361,00700,全域,001,男,066,６５歳,31000,鳥取県,1980000000,1980年,人
3342,00700,全域,001,男,066,６５歳,32000,島根県,1980000000,1980年,人
6750,00700,全域,001,男,066,６５歳,33000,岡山県,1980000000,1980年,人
9340,00700,全域,001,男,066,６５歳,34000,広島県,1980000000,1980年,人
6069,00700,全域,001,男,066,６５歳,35000,山口県,1980000000,1980年,人
2901,00700,全域,001,男,066,６５歳,36000,徳島県,1980000000,1980年,人
3731,00700,全域,001,男,066,６５歳,37000,香川県,1980000000,1980年,人
5463,00700,全域,001,男,066,６５歳,38000,愛媛県,1980000000,1980年,人
3021,00700,全域,001,男,066,６５歳,39000,高知県,1980000000,1980年,人
14559,00700,全域,001,男,066,６５歳,40000,福岡県,1980000000,1980年,人
3076,00700,全域,001,男,066,６５歳,41000,佐賀県,1980000000,1980年,人
5456,00700,全域,001,男,066,６５歳,42000,長崎県,1980000000,1980年,人
6669,00700,全域,001,男,066,６５歳,43000,熊本県,1980000000,1980年,人
4665,00700,全域,001,男,066,６５歳,44000,大分県,1980000000,1980年,人
3880,00700,全域,001,男,066,６５歳,45000,宮崎県,1980000000,1980年,人
7218,00700,全域,001,男,066,６５歳,46000,鹿児島県,1980000000,1980年,人
2502,00700,全域,001,男,066,６５歳,47000,沖縄県,1980000000,1980年,人
367968,00700,全域,001,男,067,６６歳,00000,全国,1980000000,1980年,人
260547,00700,全域,001,男,067,６６歳,00001,全国市部,1980000000,1980年,人
107421,00700,全域,001,男,067,６６歳,00002,全国郡部,1980000000,1980年,人
17233,00700,全域,001,男,067,６６歳,01000,北海道,1980000000,1980年,人
4773,00700,全域,001,男,067,６６歳,02000,青森県,1980000000,1980年,人
4787,00700,全域,001,男,067,６６歳,03000,岩手県,1980000000,1980年,人
6189,00700,全域,001,男,067,６６歳,04000,宮城県,1980000000,1980年,人
4657,00700,全域,001,男,067,６６歳,05000,秋田県,1980000000,1980年,人
4913,00700,全域,001,男,067,６６歳,06000,山形県,1980000000,1980年,人
7147,00700,全域,001,男,067,６６歳,07000,福島県,1980000000,1980年,人
8424,00700,全域,001,男,067,６６歳,08000,茨城県,1980000000,1980年,人
5992,00700,全域,001,男,067,６６歳,09000,栃木県,1980000000,1980年,人
6399,00700,全域,001,男,067,６６歳,10000,群馬県,1980000000,1980年,人
12851,00700,全域,001,男,067,６６歳,11000,埼玉県,1980000000,1980年,人
11898,00700,全域,001,男,067,６６歳,12000,千葉県,1980000000,1980年,人
33589,00700,全域,001,男,067,６６歳,13000,東京都,1980000000,1980年,人
17957,00700,全域,001,男,067,６６歳,14000,神奈川県,1980000000,1980年,人
9371,00700,全域,001,男,067,６６歳,15000,新潟県,1980000000,1980年,人
4436,00700,全域,001,男,067,６６歳,16000,富山県,1980000000,1980年,人
4028,00700,全域,001,男,067,６６歳,17000,石川県,1980000000,1980年,人
2859,00700,全域,001,男,067,６６歳,18000,福井県,1980000000,1980年,人
3180,00700,全域,001,男,067,６６歳,19000,山梨県,1980000000,1980年,人
8418,00700,全域,001,男,067,６６歳,20000,長野県,1980000000,1980年,人
6638,00700,全域,001,男,067,６６歳,21000,岐阜県,1980000000,1980年,人
10376,00700,全域,001,男,067,６６歳,22000,静岡県,1980000000,1980年,人
16952,00700,全域,001,男,067,６６歳,23000,愛知県,1980000000,1980年,人
6018,00700,全域,001,男,067,６６歳,24000,三重県,1980000000,1980年,人
3677,00700,全域,001,男,067,６６歳,25000,滋賀県,1980000000,1980年,人
8070,00700,全域,001,男,067,６６歳,26000,京都府,1980000000,1980年,人
21725,00700,全域,001,男,067,６６歳,27000,大阪府,1980000000,1980年,人
16359,00700,全域,001,男,067,６６歳,28000,兵庫県,1980000000,1980年,人
3688,00700,全域,001,男,067,６６歳,29000,奈良県,1980000000,1980年,人
3909,00700,全域,001,男,067,６６歳,30000,和歌山県,1980000000,1980年,人
2402,00700,全域,001,男,067,６６歳,31000,鳥取県,1980000000,1980年,人
3312,00700,全域,001,男,067,６６歳,32000,島根県,1980000000,1980年,人
7220,00700,全域,001,男,067,６６歳,33000,岡山県,1980000000,1980年,人
9451,00700,全域,001,男,067,６６歳,34000,広島県,1980000000,1980年,人
5977,00700,全域,001,男,067,６６歳,35000,山口県,1980000000,1980年,人
3069,00700,全域,001,男,067,６６歳,36000,徳島県,1980000000,1980年,人
3823,00700,全域,001,男,067,６６歳,37000,香川県,1980000000,1980年,人
5404,00700,全域,001,男,067,６６歳,38000,愛媛県,1980000000,1980年,人
3207,00700,全域,001,男,067,６６歳,39000,高知県,1980000000,1980年,人
14284,00700,全域,001,男,067,６６歳,40000,福岡県,1980000000,1980年,人
3095,00700,全域,001,男,067,６６歳,41000,佐賀県,1980000000,1980年,人
5446,00700,全域,001,男,067,６６歳,42000,長崎県,1980000000,1980年,人
6388,00700,全域,001,男,067,６６歳,43000,熊本県,1980000000,1980年,人
4571,00700,全域,001,男,067,６６歳,44000,大分県,1980000000,1980年,人
3990,00700,全域,001,男,067,６６歳,45000,宮崎県,1980000000,1980年,人
7189,00700,全域,001,男,067,６６歳,46000,鹿児島県,1980000000,1980年,人
2627,00700,全域,001,男,067,６６歳,47000,沖縄県,1980000000,1980年,人
348859,00700,全域,001,男,068,６７歳,00000,全国,1980000000,1980年,人
245845,00700,全域,001,男,068,６７歳,00001,全国市部,1980000000,1980年,人
103014,00700,全域,001,男,068,６７歳,00002,全国郡部,1980000000,1980年,人
16158,00700,全域,001,男,068,６７歳,01000,北海道,1980000000,1980年,人
4819,00700,全域,001,男,068,６７歳,02000,青森県,1980000000,1980年,人
5069,00700,全域,001,男,068,６７歳,03000,岩手県,1980000000,1980年,人
6060,00700,全域,001,男,068,６７歳,04000,宮城県,1980000000,1980年,人
4369,00700,全域,001,男,068,６７歳,05000,秋田県,1980000000,1980年,人
4952,00700,全域,001,男,068,６７歳,06000,山形県,1980000000,1980年,人
6748,00700,全域,001,男,068,６７歳,07000,福島県,1980000000,1980年,人
7984,00700,全域,001,男,068,６７歳,08000,茨城県,1980000000,1980年,人
5554,00700,全域,001,男,068,６７歳,09000,栃木県,1980000000,1980年,人
6125,00700,全域,001,男,068,６７歳,10000,群馬県,1980000000,1980年,人
12095,00700,全域,001,男,068,６７歳,11000,埼玉県,1980000000,1980年,人
11140,00700,全域,001,男,068,６７歳,12000,千葉県,1980000000,1980年,人
30958,00700,全域,001,男,068,６７歳,13000,東京都,1980000000,1980年,人
16298,00700,全域,001,男,068,６７歳,14000,神奈川県,1980000000,1980年,人
8815,00700,全域,001,男,068,６７歳,15000,新潟県,1980000000,1980年,人
4268,00700,全域,001,男,068,６７歳,16000,富山県,1980000000,1980年,人
3942,00700,全域,001,男,068,６７歳,17000,石川県,1980000000,1980年,人
2859,00700,全域,001,男,068,６７歳,18000,福井県,1980000000,1980年,人
2983,00700,全域,001,男,068,６７歳,19000,山梨県,1980000000,1980年,人
7851,00700,全域,001,男,068,６７歳,20000,長野県,1980000000,1980年,人
6201,00700,全域,001,男,068,６７歳,21000,岐阜県,1980000000,1980年,人
9962,00700,全域,001,男,068,６７歳,22000,静岡県,1980000000,1980年,人
16341,00700,全域,001,男,068,６７歳,23000,愛知県,1980000000,1980年,人
5804,00700,全域,001,男,068,６７歳,24000,三重県,1980000000,1980年,人
3187,00700,全域,001,男,068,６７歳,25000,滋賀県,1980000000,1980年,人
8067,00700,全域,001,男,068,６７歳,26000,京都府,1980000000,1980年,人
20507,00700,全域,001,男,068,６７歳,27000,大阪府,1980000000,1980年,人
15812,00700,全域,001,男,068,６７歳,28000,兵庫県,1980000000,1980年,人
3434,00700,全域,001,男,068,６７歳,29000,奈良県,1980000000,1980年,人
3894,00700,全域,001,男,068,６７歳,30000,和歌山県,1980000000,1980年,人
2168,00700,全域,001,男,068,６７歳,31000,鳥取県,1980000000,1980年,人
3131,00700,全域,001,男,068,６７歳,32000,島根県,1980000000,1980年,人
6955,00700,全域,001,男,068,６７歳,33000,岡山県,1980000000,1980年,人
8825,00700,全域,001,男,068,６７歳,34000,広島県,1980000000,1980年,人
5763,00700,全域,001,男,068,６７歳,35000,山口県,1980000000,1980年,人
3023,00700,全域,001,男,068,６７歳,36000,徳島県,1980000000,1980年,人
3702,00700,全域,001,男,068,６７歳,37000,香川県,1980000000,1980年,人
5279,00700,全域,001,男,068,６７歳,38000,愛媛県,1980000000,1980年,人
3094,00700,全域,001,男,068,６７歳,39000,高知県,1980000000,1980年,人
13663,00700,全域,001,男,068,６７歳,40000,福岡県,1980000000,1980年,人
2857,00700,全域,001,男,068,６７歳,41000,佐賀県,1980000000,1980年,人
5223,00700,全域,001,男,068,６７歳,42000,長崎県,1980000000,1980年,人
6206,00700,全域,001,男,068,６７歳,43000,熊本県,1980000000,1980年,人
4377,00700,全域,001,男,068,６７歳,44000,大分県,1980000000,1980年,人
3583,00700,全域,001,男,068,６７歳,45000,宮崎県,1980000000,1980年,人
6424,00700,全域,001,男,068,６７歳,46000,鹿児島県,1980000000,1980年,人
2330,00700,全域,001,男,068,６７歳,47000,沖縄県,1980000000,1980年,人
338768,00700,全域,001,男,069,６８歳,00000,全国,1980000000,1980年,人
238184,00700,全域,001,男,069,６８歳,00001,全国市部,1980000000,1980年,人
100584,00700,全域,001,男,069,６８歳,00002,全国郡部,1980000000,1980年,人
15767,00700,全域,001,男,069,６８歳,01000,北海道,1980000000,1980年,人
4446,00700,全域,001,男,069,６８歳,02000,青森県,1980000000,1980年,人
4848,00700,全域,001,男,069,６８歳,03000,岩手県,1980000000,1980年,人
5701,00700,全域,001,男,069,６８歳,04000,宮城県,1980000000,1980年,人
4386,00700,全域,001,男,069,６８歳,05000,秋田県,1980000000,1980年,人
4682,00700,全域,001,男,069,６８歳,06000,山形県,1980000000,1980年,人
6615,00700,全域,001,男,069,６８歳,07000,福島県,1980000000,1980年,人
7771,00700,全域,001,男,069,６８歳,08000,茨城県,1980000000,1980年,人
5470,00700,全域,001,男,069,６８歳,09000,栃木県,1980000000,1980年,人
5974,00700,全域,001,男,069,６８歳,10000,群馬県,1980000000,1980年,人
11342,00700,全域,001,男,069,６８歳,11000,埼玉県,1980000000,1980年,人
10496,00700,全域,001,男,069,６８歳,12000,千葉県,1980000000,1980年,人
29612,00700,全域,001,男,069,６８歳,13000,東京都,1980000000,1980年,人
15122,00700,全域,001,男,069,６８歳,14000,神奈川県,1980000000,1980年,人
8794,00700,全域,001,男,069,６８歳,15000,新潟県,1980000000,1980年,人
4004,00700,全域,001,男,069,６８歳,16000,富山県,1980000000,1980年,人
3714,00700,全域,001,男,069,６８歳,17000,石川県,1980000000,1980年,人
2842,00700,全域,001,男,069,６８歳,18000,福井県,1980000000,1980年,人
2735,00700,全域,001,男,069,６８歳,19000,山梨県,1980000000,1980年,人
7771,00700,全域,001,男,069,６８歳,20000,長野県,1980000000,1980年,人
5885,00700,全域,001,男,069,６８歳,21000,岐阜県,1980000000,1980年,人
9442,00700,全域,001,男,069,６８歳,22000,静岡県,1980000000,1980年,人
15221,00700,全域,001,男,069,６８歳,23000,愛知県,1980000000,1980年,人
5587,00700,全域,001,男,069,６８歳,24000,三重県,1980000000,1980年,人
3315,00700,全域,001,男,069,６８歳,25000,滋賀県,1980000000,1980年,人
8030,00700,全域,001,男,069,６８歳,26000,京都府,1980000000,1980年,人
20688,00700,全域,001,男,069,６８歳,27000,大阪府,1980000000,1980年,人
15539,00700,全域,001,男,069,６８歳,28000,兵庫県,1980000000,1980年,人
3479,00700,全域,001,男,069,６８歳,29000,奈良県,1980000000,1980年,人
3864,00700,全域,001,男,069,６８歳,30000,和歌山県,1980000000,1980年,人
2172,00700,全域,001,男,069,６８歳,31000,鳥取県,1980000000,1980年,人
3064,00700,全域,001,男,069,６８歳,32000,島根県,1980000000,1980年,人
6738,00700,全域,001,男,069,６８歳,33000,岡山県,1980000000,1980年,人
8857,00700,全域,001,男,069,６８歳,34000,広島県,1980000000,1980年,人
5778,00700,全域,001,男,069,６８歳,35000,山口県,1980000000,1980年,人
2947,00700,全域,001,男,069,６８歳,36000,徳島県,1980000000,1980年,人
3621,00700,全域,001,男,069,６８歳,37000,香川県,1980000000,1980年,人
5057,00700,全域,001,男,069,６８歳,38000,愛媛県,1980000000,1980年,人
2915,00700,全域,001,男,069,６８歳,39000,高知県,1980000000,1980年,人
13553,00700,全域,001,男,069,６８歳,40000,福岡県,1980000000,1980年,人
2923,00700,全域,001,男,069,６８歳,41000,佐賀県,1980000000,1980年,人
5057,00700,全域,001,男,069,６８歳,42000,長崎県,1980000000,1980年,人
6003,00700,全域,001,男,069,６８歳,43000,熊本県,1980000000,1980年,人
4291,00700,全域,001,男,069,６８歳,44000,大分県,1980000000,1980年,人
3609,00700,全域,001,男,069,６８歳,45000,宮崎県,1980000000,1980年,人
6964,00700,全域,001,男,069,６８歳,46000,鹿児島県,1980000000,1980年,人
2077,00700,全域,001,男,069,６８歳,47000,沖縄県,1980000000,1980年,人
318987,00700,全域,001,男,070,６９歳,00000,全国,1980000000,1980年,人
223108,00700,全域,001,男,070,６９歳,00001,全国市部,1980000000,1980年,人
95879,00700,全域,001,男,070,６９歳,00002,全国郡部,1980000000,1980年,人
15070,00700,全域,001,男,070,６９歳,01000,北海道,1980000000,1980年,人
4356,00700,全域,001,男,070,６９歳,02000,青森県,1980000000,1980年,人
4615,00700,全域,001,男,070,６９歳,03000,岩手県,1980000000,1980年,人
5550,00700,全域,001,男,070,６９歳,04000,宮城県,1980000000,1980年,人
4219,00700,全域,001,男,070,６９歳,05000,秋田県,1980000000,1980年,人
4442,00700,全域,001,男,070,６９歳,06000,山形県,1980000000,1980年,人
6459,00700,全域,001,男,070,６９歳,07000,福島県,1980000000,1980年,人
7369,00700,全域,001,男,070,６９歳,08000,茨城県,1980000000,1980年,人
5291,00700,全域,001,男,070,６９歳,09000,栃木県,1980000000,1980年,人
5688,00700,全域,001,男,070,６９歳,10000,群馬県,1980000000,1980年,人
10512,00700,全域,001,男,070,６９歳,11000,埼玉県,1980000000,1980年,人
9862,00700,全域,001,男,070,６９歳,12000,千葉県,1980000000,1980年,人
27683,00700,全域,001,男,070,６９歳,13000,東京都,1980000000,1980年,人
14202,00700,全域,001,男,070,６９歳,14000,神奈川県,1980000000,1980年,人
8356,00700,全域,001,男,070,６９歳,15000,新潟県,1980000000,1980年,人
3814,00700,全域,001,男,070,６９歳,16000,富山県,1980000000,1980年,人
3608,00700,全域,001,男,070,６９歳,17000,石川県,1980000000,1980年,人
2531,00700,全域,001,男,070,６９歳,18000,福井県,1980000000,1980年,人
2690,00700,全域,001,男,070,６９歳,19000,山梨県,1980000000,1980年,人
7690,00700,全域,001,男,070,６９歳,20000,長野県,1980000000,1980年,人
5811,00700,全域,001,男,070,６９歳,21000,岐阜県,1980000000,1980年,人
9562,00700,全域,001,男,070,６９歳,22000,静岡県,1980000000,1980年,人
14404,00700,全域,001,男,070,６９歳,23000,愛知県,1980000000,1980年,人
5378,00700,全域,001,男,070,６９歳,24000,三重県,1980000000,1980年,人
3132,00700,全域,001,男,070,６９歳,25000,滋賀県,1980000000,1980年,人
7317,00700,全域,001,男,070,６９歳,26000,京都府,1980000000,1980年,人
19258,00700,全域,001,男,070,６９歳,27000,大阪府,1980000000,1980年,人
14190,00700,全域,001,男,070,６９歳,28000,兵庫県,1980000000,1980年,人
3373,00700,全域,001,男,070,６９歳,29000,奈良県,1980000000,1980年,人
3588,00700,全域,001,男,070,６９歳,30000,和歌山県,1980000000,1980年,人
2116,00700,全域,001,男,070,６９歳,31000,鳥取県,1980000000,1980年,人
2866,00700,全域,001,男,070,６９歳,32000,島根県,1980000000,1980年,人
6354,00700,全域,001,男,070,６９歳,33000,岡山県,1980000000,1980年,人
8117,00700,全域,001,男,070,６９歳,34000,広島県,1980000000,1980年,人
5337,00700,全域,001,男,070,６９歳,35000,山口県,1980000000,1980年,人
2719,00700,全域,001,男,070,６９歳,36000,徳島県,1980000000,1980年,人
3287,00700,全域,001,男,070,６９歳,37000,香川県,1980000000,1980年,人
4692,00700,全域,001,男,070,６９歳,38000,愛媛県,1980000000,1980年,人
2913,00700,全域,001,男,070,６９歳,39000,高知県,1980000000,1980年,人
12164,00700,全域,001,男,070,６９歳,40000,福岡県,1980000000,1980年,人
2852,00700,全域,001,男,070,６９歳,41000,佐賀県,1980000000,1980年,人
4598,00700,全域,001,男,070,６９歳,42000,長崎県,1980000000,1980年,人
5472,00700,全域,001,男,070,６９歳,43000,熊本県,1980000000,1980年,人
3865,00700,全域,001,男,070,６９歳,44000,大分県,1980000000,1980年,人
3342,00700,全域,001,男,070,６９歳,45000,宮崎県,1980000000,1980年,人
6276,00700,全域,001,男,070,６９歳,46000,鹿児島県,1980000000,1980年,人
1997,00700,全域,001,男,070,６９歳,47000,沖縄県,1980000000,1980年,人
306388,00700,全域,001,男,071,７０歳,00000,全国,1980000000,1980年,人
213067,00700,全域,001,男,071,７０歳,00001,全国市部,1980000000,1980年,人
93321,00700,全域,001,男,071,７０歳,00002,全国郡部,1980000000,1980年,人
14052,00700,全域,001,男,071,７０歳,01000,北海道,1980000000,1980年,人
3893,00700,全域,001,男,071,７０歳,02000,青森県,1980000000,1980年,人
4105,00700,全域,001,男,071,７０歳,03000,岩手県,1980000000,1980年,人
5358,00700,全域,001,男,071,７０歳,04000,宮城県,1980000000,1980年,人
3936,00700,全域,001,男,071,７０歳,05000,秋田県,1980000000,1980年,人
3940,00700,全域,001,男,071,７０歳,06000,山形県,1980000000,1980年,人
6122,00700,全域,001,男,071,７０歳,07000,福島県,1980000000,1980年,人
6916,00700,全域,001,男,071,７０歳,08000,茨城県,1980000000,1980年,人
4971,00700,全域,001,男,071,７０歳,09000,栃木県,1980000000,1980年,人
5286,00700,全域,001,男,071,７０歳,10000,群馬県,1980000000,1980年,人
10203,00700,全域,001,男,071,７０歳,11000,埼玉県,1980000000,1980年,人
9403,00700,全域,001,男,071,７０歳,12000,千葉県,1980000000,1980年,人
26183,00700,全域,001,男,071,７０歳,13000,東京都,1980000000,1980年,人
13156,00700,全域,001,男,071,７０歳,14000,神奈川県,1980000000,1980年,人
8028,00700,全域,001,男,071,７０歳,15000,新潟県,1980000000,1980年,人
3512,00700,全域,001,男,071,７０歳,16000,富山県,1980000000,1980年,人
3506,00700,全域,001,男,071,７０歳,17000,石川県,1980000000,1980年,人
2837,00700,全域,001,男,071,７０歳,18000,福井県,1980000000,1980年,人
2704,00700,全域,001,男,071,７０歳,19000,山梨県,1980000000,1980年,人
7181,00700,全域,001,男,071,７０歳,20000,長野県,1980000000,1980年,人
5601,00700,全域,001,男,071,７０歳,21000,岐阜県,1980000000,1980年,人
9380,00700,全域,001,男,071,７０歳,22000,静岡県,1980000000,1980年,人
14309,00700,全域,001,男,071,７０歳,23000,愛知県,1980000000,1980年,人
5419,00700,全域,001,男,071,７０歳,24000,三重県,1980000000,1980年,人
3200,00700,全域,001,男,071,７０歳,25000,滋賀県,1980000000,1980年,人
7735,00700,全域,001,男,071,７０歳,26000,京都府,1980000000,1980年,人
18346,00700,全域,001,男,071,７０歳,27000,大阪府,1980000000,1980年,人
13439,00700,全域,001,男,071,７０歳,28000,兵庫県,1980000000,1980年,人
3268,00700,全域,001,男,071,７０歳,29000,奈良県,1980000000,1980年,人
3548,00700,全域,001,男,071,７０歳,30000,和歌山県,1980000000,1980年,人
2055,00700,全域,001,男,071,７０歳,31000,鳥取県,1980000000,1980年,人
2772,00700,全域,001,男,071,７０歳,32000,島根県,1980000000,1980年,人
5973,00700,全域,001,男,071,７０歳,33000,岡山県,1980000000,1980年,人
7741,00700,全域,001,男,071,７０歳,34000,広島県,1980000000,1980年,人
4975,00700,全域,001,男,071,７０歳,35000,山口県,1980000000,1980年,人
2744,00700,全域,001,男,071,７０歳,36000,徳島県,1980000000,1980年,人
3394,00700,全域,001,男,071,７０歳,37000,香川県,1980000000,1980年,人
4831,00700,全域,001,男,071,７０歳,38000,愛媛県,1980000000,1980年,人
2802,00700,全域,001,男,071,７０歳,39000,高知県,1980000000,1980年,人
11948,00700,全域,001,男,071,７０歳,40000,福岡県,1980000000,1980年,人
2715,00700,全域,001,男,071,７０歳,41000,佐賀県,1980000000,1980年,人
4594,00700,全域,001,男,071,７０歳,42000,長崎県,1980000000,1980年,人
5570,00700,全域,001,男,071,７０歳,43000,熊本県,1980000000,1980年,人
3788,00700,全域,001,男,071,７０歳,44000,大分県,1980000000,1980年,人
3053,00700,全域,001,男,071,７０歳,45000,宮崎県,1980000000,1980年,人
5900,00700,全域,001,男,071,７０歳,46000,鹿児島県,1980000000,1980年,人
1996,00700,全域,001,男,071,７０歳,47000,沖縄県,1980000000,1980年,人
287749,00700,全域,001,男,072,７１歳,00000,全国,1980000000,1980年,人
198587,00700,全域,001,男,072,７１歳,00001,全国市部,1980000000,1980年,人
89162,00700,全域,001,男,072,７１歳,00002,全国郡部,1980000000,1980年,人
13135,00700,全域,001,男,072,７１歳,01000,北海道,1980000000,1980年,人
3872,00700,全域,001,男,072,７１歳,02000,青森県,1980000000,1980年,人
4186,00700,全域,001,男,072,７１歳,03000,岩手県,1980000000,1980年,人
5229,00700,全域,001,男,072,７１歳,04000,宮城県,1980000000,1980年,人
3691,00700,全域,001,男,072,７１歳,05000,秋田県,1980000000,1980年,人
4111,00700,全域,001,男,072,７１歳,06000,山形県,1980000000,1980年,人
5840,00700,全域,001,男,072,７１歳,07000,福島県,1980000000,1980年,人
6620,00700,全域,001,男,072,７１歳,08000,茨城県,1980000000,1980年,人
4666,00700,全域,001,男,072,７１歳,09000,栃木県,1980000000,1980年,人
5293,00700,全域,001,男,072,７１歳,10000,群馬県,1980000000,1980年,人
9147,00700,全域,001,男,072,７１歳,11000,埼玉県,1980000000,1980年,人
8880,00700,全域,001,男,072,７１歳,12000,千葉県,1980000000,1980年,人
24477,00700,全域,001,男,072,７１歳,13000,東京都,1980000000,1980年,人
12079,00700,全域,001,男,072,７１歳,14000,神奈川県,1980000000,1980年,人
7658,00700,全域,001,男,072,７１歳,15000,新潟県,1980000000,1980年,人
3151,00700,全域,001,男,072,７１歳,16000,富山県,1980000000,1980年,人
3021,00700,全域,001,男,072,７１歳,17000,石川県,1980000000,1980年,人
2476,00700,全域,001,男,072,７１歳,18000,福井県,1980000000,1980年,人
2597,00700,全域,001,男,072,７１歳,19000,山梨県,1980000000,1980年,人
7039,00700,全域,001,男,072,７１歳,20000,長野県,1980000000,1980年,人
5355,00700,全域,001,男,072,７１歳,21000,岐阜県,1980000000,1980年,人
8707,00700,全域,001,男,072,７１歳,22000,静岡県,1980000000,1980年,人
13185,00700,全域,001,男,072,７１歳,23000,愛知県,1980000000,1980年,人
5109,00700,全域,001,男,072,７１歳,24000,三重県,1980000000,1980年,人
2931,00700,全域,001,男,072,７１歳,25000,滋賀県,1980000000,1980年,人
7071,00700,全域,001,男,072,７１歳,26000,京都府,1980000000,1980年,人
16677,00700,全域,001,男,072,７１歳,27000,大阪府,1980000000,1980年,人
12461,00700,全域,001,男,072,７１歳,28000,兵庫県,1980000000,1980年,人
3070,00700,全域,001,男,072,７１歳,29000,奈良県,1980000000,1980年,人
3413,00700,全域,001,男,072,７１歳,30000,和歌山県,1980000000,1980年,人
1958,00700,全域,001,男,072,７１歳,31000,鳥取県,1980000000,1980年,人
2635,00700,全域,001,男,072,７１歳,32000,島根県,1980000000,1980年,人
5779,00700,全域,001,男,072,７１歳,33000,岡山県,1980000000,1980年,人
6933,00700,全域,001,男,072,７１歳,34000,広島県,1980000000,1980年,人
4613,00700,全域,001,男,072,７１歳,35000,山口県,1980000000,1980年,人
2642,00700,全域,001,男,072,７１歳,36000,徳島県,1980000000,1980年,人
3093,00700,全域,001,男,072,７１歳,37000,香川県,1980000000,1980年,人
4601,00700,全域,001,男,072,７１歳,38000,愛媛県,1980000000,1980年,人
2642,00700,全域,001,男,072,７１歳,39000,高知県,1980000000,1980年,人
11049,00700,全域,001,男,072,７１歳,40000,福岡県,1980000000,1980年,人
2624,00700,全域,001,男,072,７１歳,41000,佐賀県,1980000000,1980年,人
4419,00700,全域,001,男,072,７１歳,42000,長崎県,1980000000,1980年,人
5402,00700,全域,001,男,072,７１歳,43000,熊本県,1980000000,1980年,人
3696,00700,全域,001,男,072,７１歳,44000,大分県,1980000000,1980年,人
3071,00700,全域,001,男,072,７１歳,45000,宮崎県,1980000000,1980年,人
5571,00700,全域,001,男,072,７１歳,46000,鹿児島県,1980000000,1980年,人
1874,00700,全域,001,男,072,７１歳,47000,沖縄県,1980000000,1980年,人
265690,00700,全域,001,男,073,７２歳,00000,全国,1980000000,1980年,人
182747,00700,全域,001,男,073,７２歳,00001,全国市部,1980000000,1980年,人
82943,00700,全域,001,男,073,７２歳,00002,全国郡部,1980000000,1980年,人
11786,00700,全域,001,男,073,７２歳,01000,北海道,1980000000,1980年,人
3206,00700,全域,001,男,073,７２歳,02000,青森県,1980000000,1980年,人
3627,00700,全域,001,男,073,７２歳,03000,岩手県,1980000000,1980年,人
4648,00700,全域,001,男,073,７２歳,04000,宮城県,1980000000,1980年,人
3327,00700,全域,001,男,073,７２歳,05000,秋田県,1980000000,1980年,人
3628,00700,全域,001,男,073,７２歳,06000,山形県,1980000000,1980年,人
5447,00700,全域,001,男,073,７２歳,07000,福島県,1980000000,1980年,人
6115,00700,全域,001,男,073,７２歳,08000,茨城県,1980000000,1980年,人
4473,00700,全域,001,男,073,７２歳,09000,栃木県,1980000000,1980年,人
4851,00700,全域,001,男,073,７２歳,10000,群馬県,1980000000,1980年,人
8389,00700,全域,001,男,073,７２歳,11000,埼玉県,1980000000,1980年,人
8313,00700,全域,001,男,073,７２歳,12000,千葉県,1980000000,1980年,人
22702,00700,全域,001,男,073,７２歳,13000,東京都,1980000000,1980年,人
11173,00700,全域,001,男,073,７２歳,14000,神奈川県,1980000000,1980年,人
7268,00700,全域,001,男,073,７２歳,15000,新潟県,1980000000,1980年,人
3079,00700,全域,001,男,073,７２歳,16000,富山県,1980000000,1980年,人
2937,00700,全域,001,男,073,７２歳,17000,石川県,1980000000,1980年,人
2251,00700,全域,001,男,073,７２歳,18000,福井県,1980000000,1980年,人
2342,00700,全域,001,男,073,７２歳,19000,山梨県,1980000000,1980年,人
6545,00700,全域,001,男,073,７２歳,20000,長野県,1980000000,1980年,人
4830,00700,全域,001,男,073,７２歳,21000,岐阜県,1980000000,1980年,人
7696,00700,全域,001,男,073,７２歳,22000,静岡県,1980000000,1980年,人
11334,00700,全域,001,男,073,７２歳,23000,愛知県,1980000000,1980年,人
4517,00700,全域,001,男,073,７２歳,24000,三重県,1980000000,1980年,人
2671,00700,全域,001,男,073,７２歳,25000,滋賀県,1980000000,1980年,人
6751,00700,全域,001,男,073,７２歳,26000,京都府,1980000000,1980年,人
15407,00700,全域,001,男,073,７２歳,27000,大阪府,1980000000,1980年,人
11909,00700,全域,001,男,073,７２歳,28000,兵庫県,1980000000,1980年,人
2743,00700,全域,001,男,073,７２歳,29000,奈良県,1980000000,1980年,人
3102,00700,全域,001,男,073,７２歳,30000,和歌山県,1980000000,1980年,人
1794,00700,全域,001,男,073,７２歳,31000,鳥取県,1980000000,1980年,人
2461,00700,全域,001,男,073,７２歳,32000,島根県,1980000000,1980年,人
5596,00700,全域,001,男,073,７２歳,33000,岡山県,1980000000,1980年,人
6870,00700,全域,001,男,073,７２歳,34000,広島県,1980000000,1980年,人
4411,00700,全域,001,男,073,７２歳,35000,山口県,1980000000,1980年,人
2356,00700,全域,001,男,073,７２歳,36000,徳島県,1980000000,1980年,人
2810,00700,全域,001,男,073,７２歳,37000,香川県,1980000000,1980年,人
4241,00700,全域,001,男,073,７２歳,38000,愛媛県,1980000000,1980年,人
2535,00700,全域,001,男,073,７２歳,39000,高知県,1980000000,1980年,人
10364,00700,全域,001,男,073,７２歳,40000,福岡県,1980000000,1980年,人
2560,00700,全域,001,男,073,７２歳,41000,佐賀県,1980000000,1980年,人
4181,00700,全域,001,男,073,７２歳,42000,長崎県,1980000000,1980年,人
5110,00700,全域,001,男,073,７２歳,43000,熊本県,1980000000,1980年,人
3503,00700,全域,001,男,073,７２歳,44000,大分県,1980000000,1980年,人
2879,00700,全域,001,男,073,７２歳,45000,宮崎県,1980000000,1980年,人
5113,00700,全域,001,男,073,７２歳,46000,鹿児島県,1980000000,1980年,人
1839,00700,全域,001,男,073,７２歳,47000,沖縄県,1980000000,1980年,人
251187,00700,全域,001,男,074,７３歳,00000,全国,1980000000,1980年,人
173491,00700,全域,001,男,074,７３歳,00001,全国市部,1980000000,1980年,人
77696,00700,全域,001,男,074,７３歳,00002,全国郡部,1980000000,1980年,人
11187,00700,全域,001,男,074,７３歳,01000,北海道,1980000000,1980年,人
3165,00700,全域,001,男,074,７３歳,02000,青森県,1980000000,1980年,人
3314,00700,全域,001,男,074,７３歳,03000,岩手県,1980000000,1980年,人
4146,00700,全域,001,男,074,７３歳,04000,宮城県,1980000000,1980年,人
3064,00700,全域,001,男,074,７３歳,05000,秋田県,1980000000,1980年,人
3454,00700,全域,001,男,074,７３歳,06000,山形県,1980000000,1980年,人
4849,00700,全域,001,男,074,７３歳,07000,福島県,1980000000,1980年,人
5459,00700,全域,001,男,074,７３歳,08000,茨城県,1980000000,1980年,人
3987,00700,全域,001,男,074,７３歳,09000,栃木県,1980000000,1980年,人
4518,00700,全域,001,男,074,７３歳,10000,群馬県,1980000000,1980年,人
8121,00700,全域,001,男,074,７３歳,11000,埼玉県,1980000000,1980年,人
7656,00700,全域,001,男,074,７３歳,12000,千葉県,1980000000,1980年,人
21285,00700,全域,001,男,074,７３歳,13000,東京都,1980000000,1980年,人
10315,00700,全域,001,男,074,７３歳,14000,神奈川県,1980000000,1980年,人
6543,00700,全域,001,男,074,７３歳,15000,新潟県,1980000000,1980年,人
2995,00700,全域,001,男,074,７３歳,16000,富山県,1980000000,1980年,人
2850,00700,全域,001,男,074,７３歳,17000,石川県,1980000000,1980年,人
2191,00700,全域,001,男,074,７３歳,18000,福井県,1980000000,1980年,人
2156,00700,全域,001,男,074,７３歳,19000,山梨県,1980000000,1980年,人
5967,00700,全域,001,男,074,７３歳,20000,長野県,1980000000,1980年,人
4546,00700,全域,001,男,074,７３歳,21000,岐阜県,1980000000,1980年,人
7487,00700,全域,001,男,074,７３歳,22000,静岡県,1980000000,1980年,人
10971,00700,全域,001,男,074,７３歳,23000,愛知県,1980000000,1980年,人
4419,00700,全域,001,男,074,７３歳,24000,三重県,1980000000,1980年,人
2522,00700,全域,001,男,074,７３歳,25000,滋賀県,1980000000,1980年,人
6287,00700,全域,001,男,074,７３歳,26000,京都府,1980000000,1980年,人
14595,00700,全域,001,男,074,７３歳,27000,大阪府,1980000000,1980年,人
11278,00700,全域,001,男,074,７３歳,28000,兵庫県,1980000000,1980年,人
2586,00700,全域,001,男,074,７３歳,29000,奈良県,1980000000,1980年,人
3012,00700,全域,001,男,074,７３歳,30000,和歌山県,1980000000,1980年,人
1689,00700,全域,001,男,074,７３歳,31000,鳥取県,1980000000,1980年,人
2375,00700,全域,001,男,074,７３歳,32000,島根県,1980000000,1980年,人
5355,00700,全域,001,男,074,７３歳,33000,岡山県,1980000000,1980年,人
6511,00700,全域,001,男,074,７３歳,34000,広島県,1980000000,1980年,人
4281,00700,全域,001,男,074,７３歳,35000,山口県,1980000000,1980年,人
2456,00700,全域,001,男,074,７３歳,36000,徳島県,1980000000,1980年,人
2792,00700,全域,001,男,074,７３歳,37000,香川県,1980000000,1980年,人
4122,00700,全域,001,男,074,７３歳,38000,愛媛県,1980000000,1980年,人
2426,00700,全域,001,男,074,７３歳,39000,高知県,1980000000,1980年,人
9895,00700,全域,001,男,074,７３歳,40000,福岡県,1980000000,1980年,人
2372,00700,全域,001,男,074,７３歳,41000,佐賀県,1980000000,1980年,人
4043,00700,全域,001,男,074,７３歳,42000,長崎県,1980000000,1980年,人
4908,00700,全域,001,男,074,７３歳,43000,熊本県,1980000000,1980年,人
3493,00700,全域,001,男,074,７３歳,44000,大分県,1980000000,1980年,人
2869,00700,全域,001,男,074,７３歳,45000,宮崎県,1980000000,1980年,人
5061,00700,全域,001,男,074,７３歳,46000,鹿児島県,1980000000,1980年,人
1614,00700,全域,001,男,074,７３歳,47000,沖縄県,1980000000,1980年,人
206647,00700,全域,001,男,075,７４歳,00000,全国,1980000000,1980年,人
141933,00700,全域,001,男,075,７４歳,00001,全国市部,1980000000,1980年,人
64714,00700,全域,001,男,075,７４歳,00002,全国郡部,1980000000,1980年,人
9331,00700,全域,001,男,075,７４歳,01000,北海道,1980000000,1980年,人
2485,00700,全域,001,男,075,７４歳,02000,青森県,1980000000,1980年,人
2569,00700,全域,001,男,075,７４歳,03000,岩手県,1980000000,1980年,人
3358,00700,全域,001,男,075,７４歳,04000,宮城県,1980000000,1980年,人
2445,00700,全域,001,男,075,７４歳,05000,秋田県,1980000000,1980年,人
2718,00700,全域,001,男,075,７４歳,06000,山形県,1980000000,1980年,人
3875,00700,全域,001,男,075,７４歳,07000,福島県,1980000000,1980年,人
4524,00700,全域,001,男,075,７４歳,08000,茨城県,1980000000,1980年,人
3206,00700,全域,001,男,075,７４歳,09000,栃木県,1980000000,1980年,人
3539,00700,全域,001,男,075,７４歳,10000,群馬県,1980000000,1980年,人
6350,00700,全域,001,男,075,７４歳,11000,埼玉県,1980000000,1980年,人
6177,00700,全域,001,男,075,７４歳,12000,千葉県,1980000000,1980年,人
17728,00700,全域,001,男,075,７４歳,13000,東京都,1980000000,1980年,人
8432,00700,全域,001,男,075,７４歳,14000,神奈川県,1980000000,1980年,人
5192,00700,全域,001,男,075,７４歳,15000,新潟県,1980000000,1980年,人
2343,00700,全域,001,男,075,７４歳,16000,富山県,1980000000,1980年,人
2222,00700,全域,001,男,075,７４歳,17000,石川県,1980000000,1980年,人
1827,00700,全域,001,男,075,７４歳,18000,福井県,1980000000,1980年,人
1875,00700,全域,001,男,075,７４歳,19000,山梨県,1980000000,1980年,人
4908,00700,全域,001,男,075,７４歳,20000,長野県,1980000000,1980年,人
3911,00700,全域,001,男,075,７４歳,21000,岐阜県,1980000000,1980年,人
6067,00700,全域,001,男,075,７４歳,22000,静岡県,1980000000,1980年,人
9136,00700,全域,001,男,075,７４歳,23000,愛知県,1980000000,1980年,人
3690,00700,全域,001,男,075,７４歳,24000,三重県,1980000000,1980年,人
2160,00700,全域,001,男,075,７４歳,25000,滋賀県,1980000000,1980年,人
5336,00700,全域,001,男,075,７４歳,26000,京都府,1980000000,1980年,人
12126,00700,全域,001,男,075,７４歳,27000,大阪府,1980000000,1980年,人
9207,00700,全域,001,男,075,７４歳,28000,兵庫県,1980000000,1980年,人
2243,00700,全域,001,男,075,７４歳,29000,奈良県,1980000000,1980年,人
2501,00700,全域,001,男,075,７４歳,30000,和歌山県,1980000000,1980年,人
1303,00700,全域,001,男,075,７４歳,31000,鳥取県,1980000000,1980年,人
2043,00700,全域,001,男,075,７４歳,32000,島根県,1980000000,1980年,人
4636,00700,全域,001,男,075,７４歳,33000,岡山県,1980000000,1980年,人
5229,00700,全域,001,男,075,７４歳,34000,広島県,1980000000,1980年,人
3555,00700,全域,001,男,075,７４歳,35000,山口県,1980000000,1980年,人
1909,00700,全域,001,男,075,７４歳,36000,徳島県,1980000000,1980年,人
2335,00700,全域,001,男,075,７４歳,37000,香川県,1980000000,1980年,人
3502,00700,全域,001,男,075,７４歳,38000,愛媛県,1980000000,1980年,人
2094,00700,全域,001,男,075,７４歳,39000,高知県,1980000000,1980年,人
8120,00700,全域,001,男,075,７４歳,40000,福岡県,1980000000,1980年,人
2063,00700,全域,001,男,075,７４歳,41000,佐賀県,1980000000,1980年,人
3295,00700,全域,001,男,075,７４歳,42000,長崎県,1980000000,1980年,人
4216,00700,全域,001,男,075,７４歳,43000,熊本県,1980000000,1980年,人
2889,00700,全域,001,男,075,７４歳,44000,大分県,1980000000,1980年,人
2197,00700,全域,001,男,075,７４歳,45000,宮崎県,1980000000,1980年,人
4378,00700,全域,001,男,075,７４歳,46000,鹿児島県,1980000000,1980年,人
1402,00700,全域,001,男,075,７４歳,47000,沖縄県,1980000000,1980年,人
200063,00700,全域,001,男,076,７５歳,00000,全国,1980000000,1980年,人
136017,00700,全域,001,男,076,７５歳,00001,全国市部,1980000000,1980年,人
64046,00700,全域,001,男,076,７５歳,00002,全国郡部,1980000000,1980年,人
8985,00700,全域,001,男,076,７５歳,01000,北海道,1980000000,1980年,人
2447,00700,全域,001,男,076,７５歳,02000,青森県,1980000000,1980年,人
2738,00700,全域,001,男,076,７５歳,03000,岩手県,1980000000,1980年,人
3319,00700,全域,001,男,076,７５歳,04000,宮城県,1980000000,1980年,人
2454,00700,全域,001,男,076,７５歳,05000,秋田県,1980000000,1980年,人
2695,00700,全域,001,男,076,７５歳,06000,山形県,1980000000,1980年,人
4076,00700,全域,001,男,076,７５歳,07000,福島県,1980000000,1980年,人
4575,00700,全域,001,男,076,７５歳,08000,茨城県,1980000000,1980年,人
3191,00700,全域,001,男,076,７５歳,09000,栃木県,1980000000,1980年,人
3609,00700,全域,001,男,076,７５歳,10000,群馬県,1980000000,1980年,人
6240,00700,全域,001,男,076,７５歳,11000,埼玉県,1980000000,1980年,人
6281,00700,全域,001,男,076,７５歳,12000,千葉県,1980000000,1980年,人
17242,00700,全域,001,男,076,７５歳,13000,東京都,1980000000,1980年,人
8140,00700,全域,001,男,076,７５歳,14000,神奈川県,1980000000,1980年,人
4884,00700,全域,001,男,076,７５歳,15000,新潟県,1980000000,1980年,人
2232,00700,全域,001,男,076,７５歳,16000,富山県,1980000000,1980年,人
2060,00700,全域,001,男,076,７５歳,17000,石川県,1980000000,1980年,人
1796,00700,全域,001,男,076,７５歳,18000,福井県,1980000000,1980年,人
1724,00700,全域,001,男,076,７５歳,19000,山梨県,1980000000,1980年,人
4832,00700,全域,001,男,076,７５歳,20000,長野県,1980000000,1980年,人
3748,00700,全域,001,男,076,７５歳,21000,岐阜県,1980000000,1980年,人
5982,00700,全域,001,男,076,７５歳,22000,静岡県,1980000000,1980年,人
8730,00700,全域,001,男,076,７５歳,23000,愛知県,1980000000,1980年,人
3665,00700,全域,001,男,076,７５歳,24000,三重県,1980000000,1980年,人
1976,00700,全域,001,男,076,７５歳,25000,滋賀県,1980000000,1980年,人
4954,00700,全域,001,男,076,７５歳,26000,京都府,1980000000,1980年,人
11049,00700,全域,001,男,076,７５歳,27000,大阪府,1980000000,1980年,人
8740,00700,全域,001,男,076,７５歳,28000,兵庫県,1980000000,1980年,人
2065,00700,全域,001,男,076,７５歳,29000,奈良県,1980000000,1980年,人
2391,00700,全域,001,男,076,７５歳,30000,和歌山県,1980000000,1980年,人
1360,00700,全域,001,男,076,７５歳,31000,鳥取県,1980000000,1980年,人
2052,00700,全域,001,男,076,７５歳,32000,島根県,1980000000,1980年,人
4398,00700,全域,001,男,076,７５歳,33000,岡山県,1980000000,1980年,人
4956,00700,全域,001,男,076,７５歳,34000,広島県,1980000000,1980年,人
3260,00700,全域,001,男,076,７５歳,35000,山口県,1980000000,1980年,人
1946,00700,全域,001,男,076,７５歳,36000,徳島県,1980000000,1980年,人
2243,00700,全域,001,男,076,７５歳,37000,香川県,1980000000,1980年,人
3361,00700,全域,001,男,076,７５歳,38000,愛媛県,1980000000,1980年,人
2187,00700,全域,001,男,076,７５歳,39000,高知県,1980000000,1980年,人
7764,00700,全域,001,男,076,７５歳,40000,福岡県,1980000000,1980年,人
1900,00700,全域,001,男,076,７５歳,41000,佐賀県,1980000000,1980年,人
3053,00700,全域,001,男,076,７５歳,42000,長崎県,1980000000,1980年,人
3916,00700,全域,001,男,076,７５歳,43000,熊本県,1980000000,1980年,人
2803,00700,全域,001,男,076,７５歳,44000,大分県,1980000000,1980年,人
2431,00700,全域,001,男,076,７５歳,45000,宮崎県,1980000000,1980年,人
4226,00700,全域,001,男,076,７５歳,46000,鹿児島県,1980000000,1980年,人
1387,00700,全域,001,男,076,７５歳,47000,沖縄県,1980000000,1980年,人
181482,00700,全域,001,男,077,７６歳,00000,全国,1980000000,1980年,人
122711,00700,全域,001,男,077,７６歳,00001,全国市部,1980000000,1980年,人
58771,00700,全域,001,男,077,７６歳,00002,全国郡部,1980000000,1980年,人
8022,00700,全域,001,男,077,７６歳,01000,北海道,1980000000,1980年,人
2151,00700,全域,001,男,077,７６歳,02000,青森県,1980000000,1980年,人
2230,00700,全域,001,男,077,７６歳,03000,岩手県,1980000000,1980年,人
2826,00700,全域,001,男,077,７６歳,04000,宮城県,1980000000,1980年,人
2220,00700,全域,001,男,077,７６歳,05000,秋田県,1980000000,1980年,人
2434,00700,全域,001,男,077,７６歳,06000,山形県,1980000000,1980年,人
3489,00700,全域,001,男,077,７６歳,07000,福島県,1980000000,1980年,人
3827,00700,全域,001,男,077,７６歳,08000,茨城県,1980000000,1980年,人
2823,00700,全域,001,男,077,７６歳,09000,栃木県,1980000000,1980年,人
3312,00700,全域,001,男,077,７６歳,10000,群馬県,1980000000,1980年,人
5376,00700,全域,001,男,077,７６歳,11000,埼玉県,1980000000,1980年,人
5597,00700,全域,001,男,077,７６歳,12000,千葉県,1980000000,1980年,人
15459,00700,全域,001,男,077,７６歳,13000,東京都,1980000000,1980年,人
7357,00700,全域,001,男,077,７６歳,14000,神奈川県,1980000000,1980年,人
4798,00700,全域,001,男,077,７６歳,15000,新潟県,1980000000,1980年,人
2050,00700,全域,001,男,077,７６歳,16000,富山県,1980000000,1980年,人
1951,00700,全域,001,男,077,７６歳,17000,石川県,1980000000,1980年,人
1614,00700,全域,001,男,077,７６歳,18000,福井県,1980000000,1980年,人
1610,00700,全域,001,男,077,７６歳,19000,山梨県,1980000000,1980年,人
4490,00700,全域,001,男,077,７６歳,20000,長野県,1980000000,1980年,人
3537,00700,全域,001,男,077,７６歳,21000,岐阜県,1980000000,1980年,人
5344,00700,全域,001,男,077,７６歳,22000,静岡県,1980000000,1980年,人
7793,00700,全域,001,男,077,７６歳,23000,愛知県,1980000000,1980年,人
3321,00700,全域,001,男,077,７６歳,24000,三重県,1980000000,1980年,人
1900,00700,全域,001,男,077,７６歳,25000,滋賀県,1980000000,1980年,人
4474,00700,全域,001,男,077,７６歳,26000,京都府,1980000000,1980年,人
10272,00700,全域,001,男,077,７６歳,27000,大阪府,1980000000,1980年,人
8034,00700,全域,001,男,077,７６歳,28000,兵庫県,1980000000,1980年,人
1905,00700,全域,001,男,077,７６歳,29000,奈良県,1980000000,1980年,人
2145,00700,全域,001,男,077,７６歳,30000,和歌山県,1980000000,1980年,人
1296,00700,全域,001,男,077,７６歳,31000,鳥取県,1980000000,1980年,人
1932,00700,全域,001,男,077,７６歳,32000,島根県,1980000000,1980年,人
3997,00700,全域,001,男,077,７６歳,33000,岡山県,1980000000,1980年,人
4606,00700,全域,001,男,077,７６歳,34000,広島県,1980000000,1980年,人
3114,00700,全域,001,男,077,７６歳,35000,山口県,1980000000,1980年,人
1756,00700,全域,001,男,077,７６歳,36000,徳島県,1980000000,1980年,人
2105,00700,全域,001,男,077,７６歳,37000,香川県,1980000000,1980年,人
3093,00700,全域,001,男,077,７６歳,38000,愛媛県,1980000000,1980年,人
1931,00700,全域,001,男,077,７６歳,39000,高知県,1980000000,1980年,人
7143,00700,全域,001,男,077,７６歳,40000,福岡県,1980000000,1980年,人
1815,00700,全域,001,男,077,７６歳,41000,佐賀県,1980000000,1980年,人
2851,00700,全域,001,男,077,７６歳,42000,長崎県,1980000000,1980年,人
3659,00700,全域,001,男,077,７６歳,43000,熊本県,1980000000,1980年,人
2528,00700,全域,001,男,077,７６歳,44000,大分県,1980000000,1980年,人
2080,00700,全域,001,男,077,７６歳,45000,宮崎県,1980000000,1980年,人
3912,00700,全域,001,男,077,７６歳,46000,鹿児島県,1980000000,1980年,人
1303,00700,全域,001,男,077,７６歳,47000,沖縄県,1980000000,1980年,人
173886,00700,全域,001,男,078,７７歳,00000,全国,1980000000,1980年,人
117035,00700,全域,001,男,078,７７歳,00001,全国市部,1980000000,1980年,人
56851,00700,全域,001,男,078,７７歳,00002,全国郡部,1980000000,1980年,人
7538,00700,全域,001,男,078,７７歳,01000,北海道,1980000000,1980年,人
2023,00700,全域,001,男,078,７７歳,02000,青森県,1980000000,1980年,人
2402,00700,全域,001,男,078,７７歳,03000,岩手県,1980000000,1980年,人
2880,00700,全域,001,男,078,７７歳,04000,宮城県,1980000000,1980年,人
2019,00700,全域,001,男,078,７７歳,05000,秋田県,1980000000,1980年,人
2387,00700,全域,001,男,078,７７歳,06000,山形県,1980000000,1980年,人
3422,00700,全域,001,男,078,７７歳,07000,福島県,1980000000,1980年,人
3625,00700,全域,001,男,078,７７歳,08000,茨城県,1980000000,1980年,人
2744,00700,全域,001,男,078,７７歳,09000,栃木県,1980000000,1980年,人
3165,00700,全域,001,男,078,７７歳,10000,群馬県,1980000000,1980年,人
5225,00700,全域,001,男,078,７７歳,11000,埼玉県,1980000000,1980年,人
5239,00700,全域,001,男,078,７７歳,12000,千葉県,1980000000,1980年,人
14666,00700,全域,001,男,078,７７歳,13000,東京都,1980000000,1980年,人
6941,00700,全域,001,男,078,７７歳,14000,神奈川県,1980000000,1980年,人
4330,00700,全域,001,男,078,７７歳,15000,新潟県,1980000000,1980年,人
1900,00700,全域,001,男,078,７７歳,16000,富山県,1980000000,1980年,人
1872,00700,全域,001,男,078,７７歳,17000,石川県,1980000000,1980年,人
1537,00700,全域,001,男,078,７７歳,18000,福井県,1980000000,1980年,人
1578,00700,全域,001,男,078,７７歳,19000,山梨県,1980000000,1980年,人
4439,00700,全域,001,男,078,７７歳,20000,長野県,1980000000,1980年,人
3348,00700,全域,001,男,078,７７歳,21000,岐阜県,1980000000,1980年,人
5289,00700,全域,001,男,078,７７歳,22000,静岡県,1980000000,1980年,人
7636,00700,全域,001,男,078,７７歳,23000,愛知県,1980000000,1980年,人
3210,00700,全域,001,男,078,７７歳,24000,三重県,1980000000,1980年,人
1754,00700,全域,001,男,078,７７歳,25000,滋賀県,1980000000,1980年,人
4271,00700,全域,001,男,078,７７歳,26000,京都府,1980000000,1980年,人
9546,00700,全域,001,男,078,７７歳,27000,大阪府,1980000000,1980年,人
7825,00700,全域,001,男,078,７７歳,28000,兵庫県,1980000000,1980年,人
1852,00700,全域,001,男,078,７７歳,29000,奈良県,1980000000,1980年,人
2230,00700,全域,001,男,078,７７歳,30000,和歌山県,1980000000,1980年,人
1150,00700,全域,001,男,078,７７歳,31000,鳥取県,1980000000,1980年,人
1947,00700,全域,001,男,078,７７歳,32000,島根県,1980000000,1980年,人
3805,00700,全域,001,男,078,７７歳,33000,岡山県,1980000000,1980年,人
4662,00700,全域,001,男,078,７７歳,34000,広島県,1980000000,1980年,人
3035,00700,全域,001,男,078,７７歳,35000,山口県,1980000000,1980年,人
1742,00700,全域,001,男,078,７７歳,36000,徳島県,1980000000,1980年,人
1969,00700,全域,001,男,078,７７歳,37000,香川県,1980000000,1980年,人
3004,00700,全域,001,男,078,７７歳,38000,愛媛県,1980000000,1980年,人
1912,00700,全域,001,男,078,７７歳,39000,高知県,1980000000,1980年,人
6738,00700,全域,001,男,078,７７歳,40000,福岡県,1980000000,1980年,人
1707,00700,全域,001,男,078,７７歳,41000,佐賀県,1980000000,1980年,人
2786,00700,全域,001,男,078,７７歳,42000,長崎県,1980000000,1980年,人
3477,00700,全域,001,男,078,７７歳,43000,熊本県,1980000000,1980年,人
2455,00700,全域,001,男,078,７７歳,44000,大分県,1980000000,1980年,人
1978,00700,全域,001,男,078,７７歳,45000,宮崎県,1980000000,1980年,人
3545,00700,全域,001,男,078,７７歳,46000,鹿児島県,1980000000,1980年,人
1081,00700,全域,001,男,078,７７歳,47000,沖縄県,1980000000,1980年,人
155861,00700,全域,001,男,079,７８歳,00000,全国,1980000000,1980年,人
104061,00700,全域,001,男,079,７８歳,00001,全国市部,1980000000,1980年,人
51800,00700,全域,001,男,079,７８歳,00002,全国郡部,1980000000,1980年,人
6625,00700,全域,001,男,079,７８歳,01000,北海道,1980000000,1980年,人
1838,00700,全域,001,男,079,７８歳,02000,青森県,1980000000,1980年,人
2100,00700,全域,001,男,079,７８歳,03000,岩手県,1980000000,1980年,人
2573,00700,全域,001,男,079,７８歳,04000,宮城県,1980000000,1980年,人
1783,00700,全域,001,男,079,７８歳,05000,秋田県,1980000000,1980年,人
2059,00700,全域,001,男,079,７８歳,06000,山形県,1980000000,1980年,人
3097,00700,全域,001,男,079,７８歳,07000,福島県,1980000000,1980年,人
3384,00700,全域,001,男,079,７８歳,08000,茨城県,1980000000,1980年,人
2407,00700,全域,001,男,079,７８歳,09000,栃木県,1980000000,1980年,人
2751,00700,全域,001,男,079,７８歳,10000,群馬県,1980000000,1980年,人
4591,00700,全域,001,男,079,７８歳,11000,埼玉県,1980000000,1980年,人
4663,00700,全域,001,男,079,７８歳,12000,千葉県,1980000000,1980年,人
12903,00700,全域,001,男,079,７８歳,13000,東京都,1980000000,1980年,人
5987,00700,全域,001,男,079,７８歳,14000,神奈川県,1980000000,1980年,人
3817,00700,全域,001,男,079,７８歳,15000,新潟県,1980000000,1980年,人
1794,00700,全域,001,男,079,７８歳,16000,富山県,1980000000,1980年,人
1732,00700,全域,001,男,079,７８歳,17000,石川県,1980000000,1980年,人
1447,00700,全域,001,男,079,７８歳,18000,福井県,1980000000,1980年,人
1448,00700,全域,001,男,079,７８歳,19000,山梨県,1980000000,1980年,人
3969,00700,全域,001,男,079,７８歳,20000,長野県,1980000000,1980年,人
3117,00700,全域,001,男,079,７８歳,21000,岐阜県,1980000000,1980年,人
4397,00700,全域,001,男,079,７８歳,22000,静岡県,1980000000,1980年,人
6597,00700,全域,001,男,079,７８歳,23000,愛知県,1980000000,1980年,人
2937,00700,全域,001,男,079,７８歳,24000,三重県,1980000000,1980年,人
1577,00700,全域,001,男,079,７８歳,25000,滋賀県,1980000000,1980年,人
3861,00700,全域,001,男,079,７８歳,26000,京都府,1980000000,1980年,人
8525,00700,全域,001,男,079,７８歳,27000,大阪府,1980000000,1980年,人
7001,00700,全域,001,男,079,７８歳,28000,兵庫県,1980000000,1980年,人
1702,00700,全域,001,男,079,７８歳,29000,奈良県,1980000000,1980年,人
2091,00700,全域,001,男,079,７８歳,30000,和歌山県,1980000000,1980年,人
1165,00700,全域,001,男,079,７８歳,31000,鳥取県,1980000000,1980年,人
1839,00700,全域,001,男,079,７８歳,32000,島根県,1980000000,1980年,人
3590,00700,全域,001,男,079,７８歳,33000,岡山県,1980000000,1980年,人
4179,00700,全域,001,男,079,７８歳,34000,広島県,1980000000,1980年,人
2886,00700,全域,001,男,079,７８歳,35000,山口県,1980000000,1980年,人
1660,00700,全域,001,男,079,７８歳,36000,徳島県,1980000000,1980年,人
1883,00700,全域,001,男,079,７８歳,37000,香川県,1980000000,1980年,人
2683,00700,全域,001,男,079,７８歳,38000,愛媛県,1980000000,1980年,人
1806,00700,全域,001,男,079,７８歳,39000,高知県,1980000000,1980年,人
5990,00700,全域,001,男,079,７８歳,40000,福岡県,1980000000,1980年,人
1535,00700,全域,001,男,079,７８歳,41000,佐賀県,1980000000,1980年,人
2473,00700,全域,001,男,079,７８歳,42000,長崎県,1980000000,1980年,人
3117,00700,全域,001,男,079,７８歳,43000,熊本県,1980000000,1980年,人
2193,00700,全域,001,男,079,７８歳,44000,大分県,1980000000,1980年,人
1837,00700,全域,001,男,079,７８歳,45000,宮崎県,1980000000,1980年,人
3236,00700,全域,001,男,079,７８歳,46000,鹿児島県,1980000000,1980年,人
1016,00700,全域,001,男,079,７８歳,47000,沖縄県,1980000000,1980年,人
137422,00700,全域,001,男,080,７９歳,00000,全国,1980000000,1980年,人
91836,00700,全域,001,男,080,７９歳,00001,全国市部,1980000000,1980年,人
45586,00700,全域,001,男,080,７９歳,00002,全国郡部,1980000000,1980年,人
5728,00700,全域,001,男,080,７９歳,01000,北海道,1980000000,1980年,人
1535,00700,全域,001,男,080,７９歳,02000,青森県,1980000000,1980年,人
1944,00700,全域,001,男,080,７９歳,03000,岩手県,1980000000,1980年,人
2267,00700,全域,001,男,080,７９歳,04000,宮城県,1980000000,1980年,人
1541,00700,全域,001,男,080,７９歳,05000,秋田県,1980000000,1980年,人
1927,00700,全域,001,男,080,７９歳,06000,山形県,1980000000,1980年,人
2855,00700,全域,001,男,080,７９歳,07000,福島県,1980000000,1980年,人
2879,00700,全域,001,男,080,７９歳,08000,茨城県,1980000000,1980年,人
1989,00700,全域,001,男,080,７９歳,09000,栃木県,1980000000,1980年,人
2487,00700,全域,001,男,080,７９歳,10000,群馬県,1980000000,1980年,人
4031,00700,全域,001,男,080,７９歳,11000,埼玉県,1980000000,1980年,人
4184,00700,全域,001,男,080,７９歳,12000,千葉県,1980000000,1980年,人
11740,00700,全域,001,男,080,７９歳,13000,東京都,1980000000,1980年,人
5376,00700,全域,001,男,080,７９歳,14000,神奈川県,1980000000,1980年,人
3229,00700,全域,001,男,080,７９歳,15000,新潟県,1980000000,1980年,人
1448,00700,全域,001,男,080,７９歳,16000,富山県,1980000000,1980年,人
1422,00700,全域,001,男,080,７９歳,17000,石川県,1980000000,1980年,人
1252,00700,全域,001,男,080,７９歳,18000,福井県,1980000000,1980年,人
1264,00700,全域,001,男,080,７９歳,19000,山梨県,1980000000,1980年,人
3531,00700,全域,001,男,080,７９歳,20000,長野県,1980000000,1980年,人
2663,00700,全域,001,男,080,７９歳,21000,岐阜県,1980000000,1980年,人
4056,00700,全域,001,男,080,７９歳,22000,静岡県,1980000000,1980年,人
5974,00700,全域,001,男,080,７９歳,23000,愛知県,1980000000,1980年,人
2673,00700,全域,001,男,080,７９歳,24000,三重県,1980000000,1980年,人
1393,00700,全域,001,男,080,７９歳,25000,滋賀県,1980000000,1980年,人
3412,00700,全域,001,男,080,７９歳,26000,京都府,1980000000,1980年,人
7420,00700,全域,001,男,080,７９歳,27000,大阪府,1980000000,1980年,人
6144,00700,全域,001,男,080,７９歳,28000,兵庫県,1980000000,1980年,人
1394,00700,全域,001,男,080,７９歳,29000,奈良県,1980000000,1980年,人
1719,00700,全域,001,男,080,７９歳,30000,和歌山県,1980000000,1980年,人
1003,00700,全域,001,男,080,７９歳,31000,鳥取県,1980000000,1980年,人
1549,00700,全域,001,男,080,７９歳,32000,島根県,1980000000,1980年,人
3155,00700,全域,001,男,080,７９歳,33000,岡山県,1980000000,1980年,人
3655,00700,全域,001,男,080,７９歳,34000,広島県,1980000000,1980年,人
2560,00700,全域,001,男,080,７９歳,35000,山口県,1980000000,1980年,人
1328,00700,全域,001,男,080,７９歳,36000,徳島県,1980000000,1980年,人
1694,00700,全域,001,男,080,７９歳,37000,香川県,1980000000,1980年,人
2422,00700,全域,001,男,080,７９歳,38000,愛媛県,1980000000,1980年,人
1512,00700,全域,001,男,080,７９歳,39000,高知県,1980000000,1980年,人
5392,00700,全域,001,男,080,７９歳,40000,福岡県,1980000000,1980年,人
1364,00700,全域,001,男,080,７９歳,41000,佐賀県,1980000000,1980年,人
2211,00700,全域,001,男,080,７９歳,42000,長崎県,1980000000,1980年,人
2681,00700,全域,001,男,080,７９歳,43000,熊本県,1980000000,1980年,人
1986,00700,全域,001,男,080,７９歳,44000,大分県,1980000000,1980年,人
1620,00700,全域,001,男,080,７９歳,45000,宮崎県,1980000000,1980年,人
2840,00700,全域,001,男,080,７９歳,46000,鹿児島県,1980000000,1980年,人
973,00700,全域,001,男,080,７９歳,47000,沖縄県,1980000000,1980年,人
116308,00700,全域,001,男,081,８０歳,00000,全国,1980000000,1980年,人
76890,00700,全域,001,男,081,８０歳,00001,全国市部,1980000000,1980年,人
39418,00700,全域,001,男,081,８０歳,00002,全国郡部,1980000000,1980年,人
4938,00700,全域,001,男,081,８０歳,01000,北海道,1980000000,1980年,人
1250,00700,全域,001,男,081,８０歳,02000,青森県,1980000000,1980年,人
1532,00700,全域,001,男,081,８０歳,03000,岩手県,1980000000,1980年,人
1829,00700,全域,001,男,081,８０歳,04000,宮城県,1980000000,1980年,人
1291,00700,全域,001,男,081,８０歳,05000,秋田県,1980000000,1980年,人
1433,00700,全域,001,男,081,８０歳,06000,山形県,1980000000,1980年,人
2229,00700,全域,001,男,081,８０歳,07000,福島県,1980000000,1980年,人
2504,00700,全域,001,男,081,８０歳,08000,茨城県,1980000000,1980年,人
1724,00700,全域,001,男,081,８０歳,09000,栃木県,1980000000,1980年,人
2029,00700,全域,001,男,081,８０歳,10000,群馬県,1980000000,1980年,人
3266,00700,全域,001,男,081,８０歳,11000,埼玉県,1980000000,1980年,人
3589,00700,全域,001,男,081,８０歳,12000,千葉県,1980000000,1980年,人
9712,00700,全域,001,男,081,８０歳,13000,東京都,1980000000,1980年,人
4410,00700,全域,001,男,081,８０歳,14000,神奈川県,1980000000,1980年,人
2724,00700,全域,001,男,081,８０歳,15000,新潟県,1980000000,1980年,人
1243,00700,全域,001,男,081,８０歳,16000,富山県,1980000000,1980年,人
1214,00700,全域,001,男,081,８０歳,17000,石川県,1980000000,1980年,人
1064,00700,全域,001,男,081,８０歳,18000,福井県,1980000000,1980年,人
1051,00700,全域,001,男,081,８０歳,19000,山梨県,1980000000,1980年,人
2980,00700,全域,001,男,081,８０歳,20000,長野県,1980000000,1980年,人
2174,00700,全域,001,男,081,８０歳,21000,岐阜県,1980000000,1980年,人
3618,00700,全域,001,男,081,８０歳,22000,静岡県,1980000000,1980年,人
4902,00700,全域,001,男,081,８０歳,23000,愛知県,1980000000,1980年,人
2137,00700,全域,001,男,081,８０歳,24000,三重県,1980000000,1980年,人
1151,00700,全域,001,男,081,８０歳,25000,滋賀県,1980000000,1980年,人
2947,00700,全域,001,男,081,８０歳,26000,京都府,1980000000,1980年,人
6078,00700,全域,001,男,081,８０歳,27000,大阪府,1980000000,1980年,人
5250,00700,全域,001,男,081,８０歳,28000,兵庫県,1980000000,1980年,人
1232,00700,全域,001,男,081,８０歳,29000,奈良県,1980000000,1980年,人
1451,00700,全域,001,男,081,８０歳,30000,和歌山県,1980000000,1980年,人
858,00700,全域,001,男,081,８０歳,31000,鳥取県,1980000000,1980年,人
1462,00700,全域,001,男,081,８０歳,32000,島根県,1980000000,1980年,人
2699,00700,全域,001,男,081,８０歳,33000,岡山県,1980000000,1980年,人
3217,00700,全域,001,男,081,８０歳,34000,広島県,1980000000,1980年,人
2150,00700,全域,001,男,081,８０歳,35000,山口県,1980000000,1980年,人
1185,00700,全域,001,男,081,８０歳,36000,徳島県,1980000000,1980年,人
1396,00700,全域,001,男,081,８０歳,37000,香川県,1980000000,1980年,人
2230,00700,全域,001,男,081,８０歳,38000,愛媛県,1980000000,1980年,人
1491,00700,全域,001,男,081,８０歳,39000,高知県,1980000000,1980年,人
4691,00700,全域,001,男,081,８０歳,40000,福岡県,1980000000,1980年,人
1185,00700,全域,001,男,081,８０歳,41000,佐賀県,1980000000,1980年,人
1910,00700,全域,001,男,081,８０歳,42000,長崎県,1980000000,1980年,人
2526,00700,全域,001,男,081,８０歳,43000,熊本県,1980000000,1980年,人
1714,00700,全域,001,男,081,８０歳,44000,大分県,1980000000,1980年,人
1382,00700,全域,001,男,081,８０歳,45000,宮崎県,1980000000,1980年,人
2467,00700,全域,001,男,081,８０歳,46000,鹿児島県,1980000000,1980年,人
793,00700,全域,001,男,081,８０歳,47000,沖縄県,1980000000,1980年,人
94853,00700,全域,001,男,082,８１歳,00000,全国,1980000000,1980年,人
62581,00700,全域,001,男,082,８１歳,00001,全国市部,1980000000,1980年,人
32272,00700,全域,001,男,082,８１歳,00002,全国郡部,1980000000,1980年,人
3944,00700,全域,001,男,082,８１歳,01000,北海道,1980000000,1980年,人
1053,00700,全域,001,男,082,８１歳,02000,青森県,1980000000,1980年,人
1199,00700,全域,001,男,082,８１歳,03000,岩手県,1980000000,1980年,人
1512,00700,全域,001,男,082,８１歳,04000,宮城県,1980000000,1980年,人
1064,00700,全域,001,男,082,８１歳,05000,秋田県,1980000000,1980年,人
1225,00700,全域,001,男,082,８１歳,06000,山形県,1980000000,1980年,人
1887,00700,全域,001,男,082,８１歳,07000,福島県,1980000000,1980年,人
1955,00700,全域,001,男,082,８１歳,08000,茨城県,1980000000,1980年,人
1446,00700,全域,001,男,082,８１歳,09000,栃木県,1980000000,1980年,人
1616,00700,全域,001,男,082,８１歳,10000,群馬県,1980000000,1980年,人
2708,00700,全域,001,男,082,８１歳,11000,埼玉県,1980000000,1980年,人
2995,00700,全域,001,男,082,８１歳,12000,千葉県,1980000000,1980年,人
7947,00700,全域,001,男,082,８１歳,13000,東京都,1980000000,1980年,人
3652,00700,全域,001,男,082,８１歳,14000,神奈川県,1980000000,1980年,人
2017,00700,全域,001,男,082,８１歳,15000,新潟県,1980000000,1980年,人
974,00700,全域,001,男,082,８１歳,16000,富山県,1980000000,1980年,人
912,00700,全域,001,男,082,８１歳,17000,石川県,1980000000,1980年,人
876,00700,全域,001,男,082,８１歳,18000,福井県,1980000000,1980年,人
817,00700,全域,001,男,082,８１歳,19000,山梨県,1980000000,1980年,人
2280,00700,全域,001,男,082,８１歳,20000,長野県,1980000000,1980年,人
1951,00700,全域,001,男,082,８１歳,21000,岐阜県,1980000000,1980年,人
2915,00700,全域,001,男,082,８１歳,22000,静岡県,1980000000,1980年,人
4106,00700,全域,001,男,082,８１歳,23000,愛知県,1980000000,1980年,人
1805,00700,全域,001,男,082,８１歳,24000,三重県,1980000000,1980年,人
946,00700,全域,001,男,082,８１歳,25000,滋賀県,1980000000,1980年,人
2397,00700,全域,001,男,082,８１歳,26000,京都府,1980000000,1980年,人
4816,00700,全域,001,男,082,８１歳,27000,大阪府,1980000000,1980年,人
4155,00700,全域,001,男,082,８１歳,28000,兵庫県,1980000000,1980年,人
971,00700,全域,001,男,082,８１歳,29000,奈良県,1980000000,1980年,人
1168,00700,全域,001,男,082,８１歳,30000,和歌山県,1980000000,1980年,人
689,00700,全域,001,男,082,８１歳,31000,鳥取県,1980000000,1980年,人
1118,00700,全域,001,男,082,８１歳,32000,島根県,1980000000,1980年,人
2446,00700,全域,001,男,082,８１歳,33000,岡山県,1980000000,1980年,人
2652,00700,全域,001,男,082,８１歳,34000,広島県,1980000000,1980年,人
1750,00700,全域,001,男,082,８１歳,35000,山口県,1980000000,1980年,人
1001,00700,全域,001,男,082,８１歳,36000,徳島県,1980000000,1980年,人
1192,00700,全域,001,男,082,８１歳,37000,香川県,1980000000,1980年,人
1835,00700,全域,001,男,082,８１歳,38000,愛媛県,1980000000,1980年,人
1241,00700,全域,001,男,082,８１歳,39000,高知県,1980000000,1980年,人
3886,00700,全域,001,男,082,８１歳,40000,福岡県,1980000000,1980年,人
919,00700,全域,001,男,082,８１歳,41000,佐賀県,1980000000,1980年,人
1513,00700,全域,001,男,082,８１歳,42000,長崎県,1980000000,1980年,人
2127,00700,全域,001,男,082,８１歳,43000,熊本県,1980000000,1980年,人
1464,00700,全域,001,男,082,８１歳,44000,大分県,1980000000,1980年,人
1159,00700,全域,001,男,082,８１歳,45000,宮崎県,1980000000,1980年,人
1889,00700,全域,001,男,082,８１歳,46000,鹿児島県,1980000000,1980年,人
663,00700,全域,001,男,082,８１歳,47000,沖縄県,1980000000,1980年,人
83637,00700,全域,001,男,083,８２歳,00000,全国,1980000000,1980年,人
55006,00700,全域,001,男,083,８２歳,00001,全国市部,1980000000,1980年,人
28631,00700,全域,001,男,083,８２歳,00002,全国郡部,1980000000,1980年,人
3473,00700,全域,001,男,083,８２歳,01000,北海道,1980000000,1980年,人
855,00700,全域,001,男,083,８２歳,02000,青森県,1980000000,1980年,人
1004,00700,全域,001,男,083,８２歳,03000,岩手県,1980000000,1980年,人
1253,00700,全域,001,男,083,８２歳,04000,宮城県,1980000000,1980年,人
893,00700,全域,001,男,083,８２歳,05000,秋田県,1980000000,1980年,人
1007,00700,全域,001,男,083,８２歳,06000,山形県,1980000000,1980年,人
1517,00700,全域,001,男,083,８２歳,07000,福島県,1980000000,1980年,人
1781,00700,全域,001,男,083,８２歳,08000,茨城県,1980000000,1980年,人
1188,00700,全域,001,男,083,８２歳,09000,栃木県,1980000000,1980年,人
1427,00700,全域,001,男,083,８２歳,10000,群馬県,1980000000,1980年,人
2186,00700,全域,001,男,083,８２歳,11000,埼玉県,1980000000,1980年,人
2459,00700,全域,001,男,083,８２歳,12000,千葉県,1980000000,1980年,人
6902,00700,全域,001,男,083,８２歳,13000,東京都,1980000000,1980年,人
3045,00700,全域,001,男,083,８２歳,14000,神奈川県,1980000000,1980年,人
1782,00700,全域,001,男,083,８２歳,15000,新潟県,1980000000,1980年,人
804,00700,全域,001,男,083,８２歳,16000,富山県,1980000000,1980年,人
747,00700,全域,001,男,083,８２歳,17000,石川県,1980000000,1980年,人
728,00700,全域,001,男,083,８２歳,18000,福井県,1980000000,1980年,人
700,00700,全域,001,男,083,８２歳,19000,山梨県,1980000000,1980年,人
1998,00700,全域,001,男,083,８２歳,20000,長野県,1980000000,1980年,人
1629,00700,全域,001,男,083,８２歳,21000,岐阜県,1980000000,1980年,人
2382,00700,全域,001,男,083,８２歳,22000,静岡県,1980000000,1980年,人
3419,00700,全域,001,男,083,８２歳,23000,愛知県,1980000000,1980年,人
1601,00700,全域,001,男,083,８２歳,24000,三重県,1980000000,1980年,人
875,00700,全域,001,男,083,８２歳,25000,滋賀県,1980000000,1980年,人
2080,00700,全域,001,男,083,８２歳,26000,京都府,1980000000,1980年,人
4429,00700,全域,001,男,083,８２歳,27000,大阪府,1980000000,1980年,人
3717,00700,全域,001,男,083,８２歳,28000,兵庫県,1980000000,1980年,人
816,00700,全域,001,男,083,８２歳,29000,奈良県,1980000000,1980年,人
1166,00700,全域,001,男,083,８２歳,30000,和歌山県,1980000000,1980年,人
575,00700,全域,001,男,083,８２歳,31000,鳥取県,1980000000,1980年,人
1031,00700,全域,001,男,083,８２歳,32000,島根県,1980000000,1980年,人
2067,00700,全域,001,男,083,８２歳,33000,岡山県,1980000000,1980年,人
2626,00700,全域,001,男,083,８２歳,34000,広島県,1980000000,1980年,人
1614,00700,全域,001,男,083,８２歳,35000,山口県,1980000000,1980年,人
900,00700,全域,001,男,083,８２歳,36000,徳島県,1980000000,1980年,人
1105,00700,全域,001,男,083,８２歳,37000,香川県,1980000000,1980年,人
1578,00700,全域,001,男,083,８２歳,38000,愛媛県,1980000000,1980年,人
1073,00700,全域,001,男,083,８２歳,39000,高知県,1980000000,1980年,人
3402,00700,全域,001,男,083,８２歳,40000,福岡県,1980000000,1980年,人
834,00700,全域,001,男,083,８２歳,41000,佐賀県,1980000000,1980年,人
1467,00700,全域,001,男,083,８２歳,42000,長崎県,1980000000,1980年,人
2076,00700,全域,001,男,083,８２歳,43000,熊本県,1980000000,1980年,人
1410,00700,全域,001,男,083,８２歳,44000,大分県,1980000000,1980年,人
1182,00700,全域,001,男,083,８２歳,45000,宮崎県,1980000000,1980年,人
2063,00700,全域,001,男,083,８２歳,46000,鹿児島県,1980000000,1980年,人
771,00700,全域,001,男,083,８２歳,47000,沖縄県,1980000000,1980年,人
68046,00700,全域,001,男,084,８３歳,00000,全国,1980000000,1980年,人
44592,00700,全域,001,男,084,８３歳,00001,全国市部,1980000000,1980年,人
23454,00700,全域,001,男,084,８３歳,00002,全国郡部,1980000000,1980年,人
2735,00700,全域,001,男,084,８３歳,01000,北海道,1980000000,1980年,人
766,00700,全域,001,男,084,８３歳,02000,青森県,1980000000,1980年,人
816,00700,全域,001,男,084,８３歳,03000,岩手県,1980000000,1980年,人
1133,00700,全域,001,男,084,８３歳,04000,宮城県,1980000000,1980年,人
721,00700,全域,001,男,084,８３歳,05000,秋田県,1980000000,1980年,人
828,00700,全域,001,男,084,８３歳,06000,山形県,1980000000,1980年,人
1246,00700,全域,001,男,084,８３歳,07000,福島県,1980000000,1980年,人
1434,00700,全域,001,男,084,８３歳,08000,茨城県,1980000000,1980年,人
986,00700,全域,001,男,084,８３歳,09000,栃木県,1980000000,1980年,人
1171,00700,全域,001,男,084,８３歳,10000,群馬県,1980000000,1980年,人
1809,00700,全域,001,男,084,８３歳,11000,埼玉県,1980000000,1980年,人
1910,00700,全域,001,男,084,８３歳,12000,千葉県,1980000000,1980年,人
5649,00700,全域,001,男,084,８３歳,13000,東京都,1980000000,1980年,人
2585,00700,全域,001,男,084,８３歳,14000,神奈川県,1980000000,1980年,人
1563,00700,全域,001,男,084,８３歳,15000,新潟県,1980000000,1980年,人
664,00700,全域,001,男,084,８３歳,16000,富山県,1980000000,1980年,人
650,00700,全域,001,男,084,８３歳,17000,石川県,1980000000,1980年,人
591,00700,全域,001,男,084,８３歳,18000,福井県,1980000000,1980年,人
586,00700,全域,001,男,084,８３歳,19000,山梨県,1980000000,1980年,人
1699,00700,全域,001,男,084,８３歳,20000,長野県,1980000000,1980年,人
1209,00700,全域,001,男,084,８３歳,21000,岐阜県,1980000000,1980年,人
1989,00700,全域,001,男,084,８３歳,22000,静岡県,1980000000,1980年,人
2605,00700,全域,001,男,084,８３歳,23000,愛知県,1980000000,1980年,人
1218,00700,全域,001,男,084,８３歳,24000,三重県,1980000000,1980年,人
649,00700,全域,001,男,084,８３歳,25000,滋賀県,1980000000,1980年,人
1691,00700,全域,001,男,084,８３歳,26000,京都府,1980000000,1980年,人
3358,00700,全域,001,男,084,８３歳,27000,大阪府,1980000000,1980年,人
2992,00700,全域,001,男,084,８３歳,28000,兵庫県,1980000000,1980年,人
695,00700,全域,001,男,084,８３歳,29000,奈良県,1980000000,1980年,人
918,00700,全域,001,男,084,８３歳,30000,和歌山県,1980000000,1980年,人
528,00700,全域,001,男,084,８３歳,31000,鳥取県,1980000000,1980年,人
837,00700,全域,001,男,084,８３歳,32000,島根県,1980000000,1980年,人
1798,00700,全域,001,男,084,８３歳,33000,岡山県,1980000000,1980年,人
2228,00700,全域,001,男,084,８３歳,34000,広島県,1980000000,1980年,人
1327,00700,全域,001,男,084,８３歳,35000,山口県,1980000000,1980年,人
738,00700,全域,001,男,084,８３歳,36000,徳島県,1980000000,1980年,人
849,00700,全域,001,男,084,８３歳,37000,香川県,1980000000,1980年,人
1334,00700,全域,001,男,084,８３歳,38000,愛媛県,1980000000,1980年,人
944,00700,全域,001,男,084,８３歳,39000,高知県,1980000000,1980年,人
2909,00700,全域,001,男,084,８３歳,40000,福岡県,1980000000,1980年,人
752,00700,全域,001,男,084,８３歳,41000,佐賀県,1980000000,1980年,人
1163,00700,全域,001,男,084,８３歳,42000,長崎県,1980000000,1980年,人
1658,00700,全域,001,男,084,８３歳,43000,熊本県,1980000000,1980年,人
1075,00700,全域,001,男,084,８３歳,44000,大分県,1980000000,1980年,人
910,00700,全域,001,男,084,８３歳,45000,宮崎県,1980000000,1980年,人
1528,00700,全域,001,男,084,８３歳,46000,鹿児島県,1980000000,1980年,人
602,00700,全域,001,男,084,８３歳,47000,沖縄県,1980000000,1980年,人
54871,00700,全域,001,男,085,８４歳,00000,全国,1980000000,1980年,人
35389,00700,全域,001,男,085,８４歳,00001,全国市部,1980000000,1980年,人
19482,00700,全域,001,男,085,８４歳,00002,全国郡部,1980000000,1980年,人
2303,00700,全域,001,男,085,８４歳,01000,北海道,1980000000,1980年,人
528,00700,全域,001,男,085,８４歳,02000,青森県,1980000000,1980年,人
700,00700,全域,001,男,085,８４歳,03000,岩手県,1980000000,1980年,人
807,00700,全域,001,男,085,８４歳,04000,宮城県,1980000000,1980年,人
601,00700,全域,001,男,085,８４歳,05000,秋田県,1980000000,1980年,人
612,00700,全域,001,男,085,８４歳,06000,山形県,1980000000,1980年,人
949,00700,全域,001,男,085,８４歳,07000,福島県,1980000000,1980年,人
1119,00700,全域,001,男,085,８４歳,08000,茨城県,1980000000,1980年,人
765,00700,全域,001,男,085,８４歳,09000,栃木県,1980000000,1980年,人
915,00700,全域,001,男,085,８４歳,10000,群馬県,1980000000,1980年,人
1449,00700,全域,001,男,085,８４歳,11000,埼玉県,1980000000,1980年,人
1535,00700,全域,001,男,085,８４歳,12000,千葉県,1980000000,1980年,人
4354,00700,全域,001,男,085,８４歳,13000,東京都,1980000000,1980年,人
1994,00700,全域,001,男,085,８４歳,14000,神奈川県,1980000000,1980年,人
1190,00700,全域,001,男,085,８４歳,15000,新潟県,1980000000,1980年,人
505,00700,全域,001,男,085,８４歳,16000,富山県,1980000000,1980年,人
557,00700,全域,001,男,085,８４歳,17000,石川県,1980000000,1980年,人
497,00700,全域,001,男,085,８４歳,18000,福井県,1980000000,1980年,人
518,00700,全域,001,男,085,８４歳,19000,山梨県,1980000000,1980年,人
1417,00700,全域,001,男,085,８４歳,20000,長野県,1980000000,1980年,人
1097,00700,全域,001,男,085,８４歳,21000,岐阜県,1980000000,1980年,人
1758,00700,全域,001,男,085,８４歳,22000,静岡県,1980000000,1980年,人
2250,00700,全域,001,男,085,８４歳,23000,愛知県,1980000000,1980年,人
1038,00700,全域,001,男,085,８４歳,24000,三重県,1980000000,1980年,人
542,00700,全域,001,男,085,８４歳,25000,滋賀県,1980000000,1980年,人
1353,00700,全域,001,男,085,８４歳,26000,京都府,1980000000,1980年,人
2552,00700,全域,001,男,085,８４歳,27000,大阪府,1980000000,1980年,人
2425,00700,全域,001,男,085,８４歳,28000,兵庫県,1980000000,1980年,人
609,00700,全域,001,男,085,８４歳,29000,奈良県,1980000000,1980年,人
731,00700,全域,001,男,085,８４歳,30000,和歌山県,1980000000,1980年,人
424,00700,全域,001,男,085,８４歳,31000,鳥取県,1980000000,1980年,人
768,00700,全域,001,男,085,８４歳,32000,島根県,1980000000,1980年,人
1460,00700,全域,001,男,085,８４歳,33000,岡山県,1980000000,1980年,人
1709,00700,全域,001,男,085,８４歳,34000,広島県,1980000000,1980年,人
1128,00700,全域,001,男,085,８４歳,35000,山口県,1980000000,1980年,人
564,00700,全域,001,男,085,８４歳,36000,徳島県,1980000000,1980年,人
753,00700,全域,001,男,085,８４歳,37000,香川県,1980000000,1980年,人
1208,00700,全域,001,男,085,８４歳,38000,愛媛県,1980000000,1980年,人
718,00700,全域,001,男,085,８４歳,39000,高知県,1980000000,1980年,人
2169,00700,全域,001,男,085,８４歳,40000,福岡県,1980000000,1980年,人
636,00700,全域,001,男,085,８４歳,41000,佐賀県,1980000000,1980年,人
978,00700,全域,001,男,085,８４歳,42000,長崎県,1980000000,1980年,人
1231,00700,全域,001,男,085,８４歳,43000,熊本県,1980000000,1980年,人
969,00700,全域,001,男,085,８４歳,44000,大分県,1980000000,1980年,人
729,00700,全域,001,男,085,８４歳,45000,宮崎県,1980000000,1980年,人
1249,00700,全域,001,男,085,８４歳,46000,鹿児島県,1980000000,1980年,人
508,00700,全域,001,男,085,８４歳,47000,沖縄県,1980000000,1980年,人
44786,00700,全域,001,男,086,８５歳,00000,全国,1980000000,1980年,人
28616,00700,全域,001,男,086,８５歳,00001,全国市部,1980000000,1980年,人
16170,00700,全域,001,男,086,８５歳,00002,全国郡部,1980000000,1980年,人
1856,00700,全域,001,男,086,８５歳,01000,北海道,1980000000,1980年,人
456,00700,全域,001,男,086,８５歳,02000,青森県,1980000000,1980年,人
543,00700,全域,001,男,086,８５歳,03000,岩手県,1980000000,1980年,人
750,00700,全域,001,男,086,８５歳,04000,宮城県,1980000000,1980年,人
461,00700,全域,001,男,086,８５歳,05000,秋田県,1980000000,1980年,人
524,00700,全域,001,男,086,８５歳,06000,山形県,1980000000,1980年,人
855,00700,全域,001,男,086,８５歳,07000,福島県,1980000000,1980年,人
945,00700,全域,001,男,086,８５歳,08000,茨城県,1980000000,1980年,人
618,00700,全域,001,男,086,８５歳,09000,栃木県,1980000000,1980年,人
750,00700,全域,001,男,086,８５歳,10000,群馬県,1980000000,1980年,人
1093,00700,全域,001,男,086,８５歳,11000,埼玉県,1980000000,1980年,人
1190,00700,全域,001,男,086,８５歳,12000,千葉県,1980000000,1980年,人
3551,00700,全域,001,男,086,８５歳,13000,東京都,1980000000,1980年,人
1624,00700,全域,001,男,086,８５歳,14000,神奈川県,1980000000,1980年,人
1064,00700,全域,001,男,086,８５歳,15000,新潟県,1980000000,1980年,人
439,00700,全域,001,男,086,８５歳,16000,富山県,1980000000,1980年,人
477,00700,全域,001,男,086,８５歳,17000,石川県,1980000000,1980年,人
389,00700,全域,001,男,086,８５歳,18000,福井県,1980000000,1980年,人
405,00700,全域,001,男,086,８５歳,19000,山梨県,1980000000,1980年,人
1042,00700,全域,001,男,086,８５歳,20000,長野県,1980000000,1980年,人
898,00700,全域,001,男,086,８５歳,21000,岐阜県,1980000000,1980年,人
1440,00700,全域,001,男,086,８５歳,22000,静岡県,1980000000,1980年,人
1846,00700,全域,001,男,086,８５歳,23000,愛知県,1980000000,1980年,人
870,00700,全域,001,男,086,８５歳,24000,三重県,1980000000,1980年,人
443,00700,全域,001,男,086,８５歳,25000,滋賀県,1980000000,1980年,人
1067,00700,全域,001,男,086,８５歳,26000,京都府,1980000000,1980年,人
2133,00700,全域,001,男,086,８５歳,27000,大阪府,1980000000,1980年,人
1923,00700,全域,001,男,086,８５歳,28000,兵庫県,1980000000,1980年,人
460,00700,全域,001,男,086,８５歳,29000,奈良県,1980000000,1980年,人
553,00700,全域,001,男,086,８５歳,30000,和歌山県,1980000000,1980年,人
366,00700,全域,001,男,086,８５歳,31000,鳥取県,1980000000,1980年,人
616,00700,全域,001,男,086,８５歳,32000,島根県,1980000000,1980年,人
1140,00700,全域,001,男,086,８５歳,33000,岡山県,1980000000,1980年,人
1319,00700,全域,001,男,086,８５歳,34000,広島県,1980000000,1980年,人
895,00700,全域,001,男,086,８５歳,35000,山口県,1980000000,1980年,人
476,00700,全域,001,男,086,８５歳,36000,徳島県,1980000000,1980年,人
565,00700,全域,001,男,086,８５歳,37000,香川県,1980000000,1980年,人
948,00700,全域,001,男,086,８５歳,38000,愛媛県,1980000000,1980年,人
623,00700,全域,001,男,086,８５歳,39000,高知県,1980000000,1980年,人
1830,00700,全域,001,男,086,８５歳,40000,福岡県,1980000000,1980年,人
495,00700,全域,001,男,086,８５歳,41000,佐賀県,1980000000,1980年,人
738,00700,全域,001,男,086,８５歳,42000,長崎県,1980000000,1980年,人
1093,00700,全域,001,男,086,８５歳,43000,熊本県,1980000000,1980年,人
773,00700,全域,001,男,086,８５歳,44000,大分県,1980000000,1980年,人
598,00700,全域,001,男,086,８５歳,45000,宮崎県,1980000000,1980年,人
1120,00700,全域,001,男,086,８５歳,46000,鹿児島県,1980000000,1980年,人
526,00700,全域,001,男,086,８５歳,47000,沖縄県,1980000000,1980年,人
34334,00700,全域,001,男,087,８６歳,00000,全国,1980000000,1980年,人
21903,00700,全域,001,男,087,８６歳,00001,全国市部,1980000000,1980年,人
12431,00700,全域,001,男,087,８６歳,00002,全国郡部,1980000000,1980年,人
1438,00700,全域,001,男,087,８６歳,01000,北海道,1980000000,1980年,人
370,00700,全域,001,男,087,８６歳,02000,青森県,1980000000,1980年,人
464,00700,全域,001,男,087,８６歳,03000,岩手県,1980000000,1980年,人
552,00700,全域,001,男,087,８６歳,04000,宮城県,1980000000,1980年,人
334,00700,全域,001,男,087,８６歳,05000,秋田県,1980000000,1980年,人
333,00700,全域,001,男,087,８６歳,06000,山形県,1980000000,1980年,人
665,00700,全域,001,男,087,８６歳,07000,福島県,1980000000,1980年,人
703,00700,全域,001,男,087,８６歳,08000,茨城県,1980000000,1980年,人
481,00700,全域,001,男,087,８６歳,09000,栃木県,1980000000,1980年,人
590,00700,全域,001,男,087,８６歳,10000,群馬県,1980000000,1980年,人
811,00700,全域,001,男,087,８６歳,11000,埼玉県,1980000000,1980年,人
1010,00700,全域,001,男,087,８６歳,12000,千葉県,1980000000,1980年,人
2733,00700,全域,001,男,087,８６歳,13000,東京都,1980000000,1980年,人
1208,00700,全域,001,男,087,８６歳,14000,神奈川県,1980000000,1980年,人
782,00700,全域,001,男,087,８６歳,15000,新潟県,1980000000,1980年,人
343,00700,全域,001,男,087,８６歳,16000,富山県,1980000000,1980年,人
334,00700,全域,001,男,087,８６歳,17000,石川県,1980000000,1980年,人
302,00700,全域,001,男,087,８６歳,18000,福井県,1980000000,1980年,人
331,00700,全域,001,男,087,８６歳,19000,山梨県,1980000000,1980年,人
827,00700,全域,001,男,087,８６歳,20000,長野県,1980000000,1980年,人
758,00700,全域,001,男,087,８６歳,21000,岐阜県,1980000000,1980年,人
1112,00700,全域,001,男,087,８６歳,22000,静岡県,1980000000,1980年,人
1466,00700,全域,001,男,087,８６歳,23000,愛知県,1980000000,1980年,人
644,00700,全域,001,男,087,８６歳,24000,三重県,1980000000,1980年,人
326,00700,全域,001,男,087,８６歳,25000,滋賀県,1980000000,1980年,人
772,00700,全域,001,男,087,８６歳,26000,京都府,1980000000,1980年,人
1564,00700,全域,001,男,087,８６歳,27000,大阪府,1980000000,1980年,人
1522,00700,全域,001,男,087,８６歳,28000,兵庫県,1980000000,1980年,人
328,00700,全域,001,男,087,８６歳,29000,奈良県,1980000000,1980年,人
415,00700,全域,001,男,087,８６歳,30000,和歌山県,1980000000,1980年,人
275,00700,全域,001,男,087,８６歳,31000,鳥取県,1980000000,1980年,人
422,00700,全域,001,男,087,８６歳,32000,島根県,1980000000,1980年,人
866,00700,全域,001,男,087,８６歳,33000,岡山県,1980000000,1980年,人
1096,00700,全域,001,男,087,８６歳,34000,広島県,1980000000,1980年,人
702,00700,全域,001,男,087,８６歳,35000,山口県,1980000000,1980年,人
364,00700,全域,001,男,087,８６歳,36000,徳島県,1980000000,1980年,人
421,00700,全域,001,男,087,８６歳,37000,香川県,1980000000,1980年,人
686,00700,全域,001,男,087,８６歳,38000,愛媛県,1980000000,1980年,人
458,00700,全域,001,男,087,８６歳,39000,高知県,1980000000,1980年,人
1387,00700,全域,001,男,087,８６歳,40000,福岡県,1980000000,1980年,人
360,00700,全域,001,男,087,８６歳,41000,佐賀県,1980000000,1980年,人
632,00700,全域,001,男,087,８６歳,42000,長崎県,1980000000,1980年,人
826,00700,全域,001,男,087,８６歳,43000,熊本県,1980000000,1980年,人
582,00700,全域,001,男,087,８６歳,44000,大分県,1980000000,1980年,人
472,00700,全域,001,男,087,８６歳,45000,宮崎県,1980000000,1980年,人
907,00700,全域,001,男,087,８６歳,46000,鹿児島県,1980000000,1980年,人
360,00700,全域,001,男,087,８６歳,47000,沖縄県,1980000000,1980年,人
25865,00700,全域,001,男,088,８７歳,00000,全国,1980000000,1980年,人
16522,00700,全域,001,男,088,８７歳,00001,全国市部,1980000000,1980年,人
9343,00700,全域,001,男,088,８７歳,00002,全国郡部,1980000000,1980年,人
1047,00700,全域,001,男,088,８７歳,01000,北海道,1980000000,1980年,人
279,00700,全域,001,男,088,８７歳,02000,青森県,1980000000,1980年,人
343,00700,全域,001,男,088,８７歳,03000,岩手県,1980000000,1980年,人
437,00700,全域,001,男,088,８７歳,04000,宮城県,1980000000,1980年,人
249,00700,全域,001,男,088,８７歳,05000,秋田県,1980000000,1980年,人
269,00700,全域,001,男,088,８７歳,06000,山形県,1980000000,1980年,人
545,00700,全域,001,男,088,８７歳,07000,福島県,1980000000,1980年,人
522,00700,全域,001,男,088,８７歳,08000,茨城県,1980000000,1980年,人
350,00700,全域,001,男,088,８７歳,09000,栃木県,1980000000,1980年,人
372,00700,全域,001,男,088,８７歳,10000,群馬県,1980000000,1980年,人
645,00700,全域,001,男,088,８７歳,11000,埼玉県,1980000000,1980年,人
668,00700,全域,001,男,088,８７歳,12000,千葉県,1980000000,1980年,人
2099,00700,全域,001,男,088,８７歳,13000,東京都,1980000000,1980年,人
931,00700,全域,001,男,088,８７歳,14000,神奈川県,1980000000,1980年,人
576,00700,全域,001,男,088,８７歳,15000,新潟県,1980000000,1980年,人
234,00700,全域,001,男,088,８７歳,16000,富山県,1980000000,1980年,人
240,00700,全域,001,男,088,８７歳,17000,石川県,1980000000,1980年,人
219,00700,全域,001,男,088,８７歳,18000,福井県,1980000000,1980年,人
271,00700,全域,001,男,088,８７歳,19000,山梨県,1980000000,1980年,人
625,00700,全域,001,男,088,８７歳,20000,長野県,1980000000,1980年,人
481,00700,全域,001,男,088,８７歳,21000,岐阜県,1980000000,1980年,人
798,00700,全域,001,男,088,８７歳,22000,静岡県,1980000000,1980年,人
1002,00700,全域,001,男,088,８７歳,23000,愛知県,1980000000,1980年,人
497,00700,全域,001,男,088,８７歳,24000,三重県,1980000000,1980年,人
246,00700,全域,001,男,088,８７歳,25000,滋賀県,1980000000,1980年,人
614,00700,全域,001,男,088,８７歳,26000,京都府,1980000000,1980年,人
1181,00700,全域,001,男,088,８７歳,27000,大阪府,1980000000,1980年,人
1080,00700,全域,001,男,088,８７歳,28000,兵庫県,1980000000,1980年,人
285,00700,全域,001,男,088,８７歳,29000,奈良県,1980000000,1980年,人
349,00700,全域,001,男,088,８７歳,30000,和歌山県,1980000000,1980年,人
183,00700,全域,001,男,088,８７歳,31000,鳥取県,1980000000,1980年,人
353,00700,全域,001,男,088,８７歳,32000,島根県,1980000000,1980年,人
647,00700,全域,001,男,088,８７歳,33000,岡山県,1980000000,1980年,人
864,00700,全域,001,男,088,８７歳,34000,広島県,1980000000,1980年,人
525,00700,全域,001,男,088,８７歳,35000,山口県,1980000000,1980年,人
263,00700,全域,001,男,088,８７歳,36000,徳島県,1980000000,1980年,人
346,00700,全域,001,男,088,８７歳,37000,香川県,1980000000,1980年,人
565,00700,全域,001,男,088,８７歳,38000,愛媛県,1980000000,1980年,人
380,00700,全域,001,男,088,８７歳,39000,高知県,1980000000,1980年,人
1096,00700,全域,001,男,088,８７歳,40000,福岡県,1980000000,1980年,人
261,00700,全域,001,男,088,８７歳,41000,佐賀県,1980000000,1980年,人
447,00700,全域,001,男,088,８７歳,42000,長崎県,1980000000,1980年,人
711,00700,全域,001,男,088,８７歳,43000,熊本県,1980000000,1980年,人
441,00700,全域,001,男,088,８７歳,44000,大分県,1980000000,1980年,人
377,00700,全域,001,男,088,８７歳,45000,宮崎県,1980000000,1980年,人
662,00700,全域,001,男,088,８７歳,46000,鹿児島県,1980000000,1980年,人
290,00700,全域,001,男,088,８７歳,47000,沖縄県,1980000000,1980年,人
19926,00700,全域,001,男,089,８８歳,00000,全国,1980000000,1980年,人
12691,00700,全域,001,男,089,８８歳,00001,全国市部,1980000000,1980年,人
7235,00700,全域,001,男,089,８８歳,00002,全国郡部,1980000000,1980年,人
798,00700,全域,001,男,089,８８歳,01000,北海道,1980000000,1980年,人
183,00700,全域,001,男,089,８８歳,02000,青森県,1980000000,1980年,人
262,00700,全域,001,男,089,８８歳,03000,岩手県,1980000000,1980年,人
352,00700,全域,001,男,089,８８歳,04000,宮城県,1980000000,1980年,人
192,00700,全域,001,男,089,８８歳,05000,秋田県,1980000000,1980年,人
225,00700,全域,001,男,089,８８歳,06000,山形県,1980000000,1980年,人
355,00700,全域,001,男,089,８８歳,07000,福島県,1980000000,1980年,人
417,00700,全域,001,男,089,８８歳,08000,茨城県,1980000000,1980年,人
269,00700,全域,001,男,089,８８歳,09000,栃木県,1980000000,1980年,人
311,00700,全域,001,男,089,８８歳,10000,群馬県,1980000000,1980年,人
496,00700,全域,001,男,089,８８歳,11000,埼玉県,1980000000,1980年,人
570,00700,全域,001,男,089,８８歳,12000,千葉県,1980000000,1980年,人
1649,00700,全域,001,男,089,８８歳,13000,東京都,1980000000,1980年,人
705,00700,全域,001,男,089,８８歳,14000,神奈川県,1980000000,1980年,人
457,00700,全域,001,男,089,８８歳,15000,新潟県,1980000000,1980年,人
171,00700,全域,001,男,089,８８歳,16000,富山県,1980000000,1980年,人
180,00700,全域,001,男,089,８８歳,17000,石川県,1980000000,1980年,人
189,00700,全域,001,男,089,８８歳,18000,福井県,1980000000,1980年,人
202,00700,全域,001,男,089,８８歳,19000,山梨県,1980000000,1980年,人
477,00700,全域,001,男,089,８８歳,20000,長野県,1980000000,1980年,人
395,00700,全域,001,男,089,８８歳,21000,岐阜県,1980000000,1980年,人
617,00700,全域,001,男,089,８８歳,22000,静岡県,1980000000,1980年,人
762,00700,全域,001,男,089,８８歳,23000,愛知県,1980000000,1980年,人
358,00700,全域,001,男,089,８８歳,24000,三重県,1980000000,1980年,人
195,00700,全域,001,男,089,８８歳,25000,滋賀県,1980000000,1980年,人
441,00700,全域,001,男,089,８８歳,26000,京都府,1980000000,1980年,人
901,00700,全域,001,男,089,８８歳,27000,大阪府,1980000000,1980年,人
844,00700,全域,001,男,089,８８歳,28000,兵庫県,1980000000,1980年,人
195,00700,全域,001,男,089,８８歳,29000,奈良県,1980000000,1980年,人
279,00700,全域,001,男,089,８８歳,30000,和歌山県,1980000000,1980年,人
143,00700,全域,001,男,089,８８歳,31000,鳥取県,1980000000,1980年,人
316,00700,全域,001,男,089,８８歳,32000,島根県,1980000000,1980年,人
501,00700,全域,001,男,089,８８歳,33000,岡山県,1980000000,1980年,人
666,00700,全域,001,男,089,８８歳,34000,広島県,1980000000,1980年,人
422,00700,全域,001,男,089,８８歳,35000,山口県,1980000000,1980年,人
205,00700,全域,001,男,089,８８歳,36000,徳島県,1980000000,1980年,人
250,00700,全域,001,男,089,８８歳,37000,香川県,1980000000,1980年,人
378,00700,全域,001,男,089,８８歳,38000,愛媛県,1980000000,1980年,人
281,00700,全域,001,男,089,８８歳,39000,高知県,1980000000,1980年,人
827,00700,全域,001,男,089,８８歳,40000,福岡県,1980000000,1980年,人
211,00700,全域,001,男,089,８８歳,41000,佐賀県,1980000000,1980年,人
357,00700,全域,001,男,089,８８歳,42000,長崎県,1980000000,1980年,人
515,00700,全域,001,男,089,８８歳,43000,熊本県,1980000000,1980年,人
341,00700,全域,001,男,089,８８歳,44000,大分県,1980000000,1980年,人
278,00700,全域,001,男,089,８８歳,45000,宮崎県,1980000000,1980年,人
505,00700,全域,001,男,089,８８歳,46000,鹿児島県,1980000000,1980年,人
283,00700,全域,001,男,089,８８歳,47000,沖縄県,1980000000,1980年,人
13821,00700,全域,001,男,090,８９歳,00000,全国,1980000000,1980年,人
8818,00700,全域,001,男,090,８９歳,00001,全国市部,1980000000,1980年,人
5003,00700,全域,001,男,090,８９歳,00002,全国郡部,1980000000,1980年,人
560,00700,全域,001,男,090,８９歳,01000,北海道,1980000000,1980年,人
136,00700,全域,001,男,090,８９歳,02000,青森県,1980000000,1980年,人
187,00700,全域,001,男,090,８９歳,03000,岩手県,1980000000,1980年,人
209,00700,全域,001,男,090,８９歳,04000,宮城県,1980000000,1980年,人
130,00700,全域,001,男,090,８９歳,05000,秋田県,1980000000,1980年,人
144,00700,全域,001,男,090,８９歳,06000,山形県,1980000000,1980年,人
274,00700,全域,001,男,090,８９歳,07000,福島県,1980000000,1980年,人
278,00700,全域,001,男,090,８９歳,08000,茨城県,1980000000,1980年,人
185,00700,全域,001,男,090,８９歳,09000,栃木県,1980000000,1980年,人
224,00700,全域,001,男,090,８９歳,10000,群馬県,1980000000,1980年,人
341,00700,全域,001,男,090,８９歳,11000,埼玉県,1980000000,1980年,人
364,00700,全域,001,男,090,８９歳,12000,千葉県,1980000000,1980年,人
1111,00700,全域,001,男,090,８９歳,13000,東京都,1980000000,1980年,人
529,00700,全域,001,男,090,８９歳,14000,神奈川県,1980000000,1980年,人
337,00700,全域,001,男,090,８９歳,15000,新潟県,1980000000,1980年,人
126,00700,全域,001,男,090,８９歳,16000,富山県,1980000000,1980年,人
133,00700,全域,001,男,090,８９歳,17000,石川県,1980000000,1980年,人
121,00700,全域,001,男,090,８９歳,18000,福井県,1980000000,1980年,人
116,00700,全域,001,男,090,８９歳,19000,山梨県,1980000000,1980年,人
348,00700,全域,001,男,090,８９歳,20000,長野県,1980000000,1980年,人
305,00700,全域,001,男,090,８９歳,21000,岐阜県,1980000000,1980年,人
479,00700,全域,001,男,090,８９歳,22000,静岡県,1980000000,1980年,人
529,00700,全域,001,男,090,８９歳,23000,愛知県,1980000000,1980年,人
241,00700,全域,001,男,090,８９歳,24000,三重県,1980000000,1980年,人
130,00700,全域,001,男,090,８９歳,25000,滋賀県,1980000000,1980年,人
303,00700,全域,001,男,090,８９歳,26000,京都府,1980000000,1980年,人
564,00700,全域,001,男,090,８９歳,27000,大阪府,1980000000,1980年,人
575,00700,全域,001,男,090,８９歳,28000,兵庫県,1980000000,1980年,人
123,00700,全域,001,男,090,８９歳,29000,奈良県,1980000000,1980年,人
147,00700,全域,001,男,090,８９歳,30000,和歌山県,1980000000,1980年,人
108,00700,全域,001,男,090,８９歳,31000,鳥取県,1980000000,1980年,人
198,00700,全域,001,男,090,８９歳,32000,島根県,1980000000,1980年,人
347,00700,全域,001,男,090,８９歳,33000,岡山県,1980000000,1980年,人
485,00700,全域,001,男,090,８９歳,34000,広島県,1980000000,1980年,人
287,00700,全域,001,男,090,８９歳,35000,山口県,1980000000,1980年,人
118,00700,全域,001,男,090,８９歳,36000,徳島県,1980000000,1980年,人
183,00700,全域,001,男,090,８９歳,37000,香川県,1980000000,1980年,人
291,00700,全域,001,男,090,８９歳,38000,愛媛県,1980000000,1980年,人
190,00700,全域,001,男,090,８９歳,39000,高知県,1980000000,1980年,人
593,00700,全域,001,男,090,８９歳,40000,福岡県,1980000000,1980年,人
168,00700,全域,001,男,090,８９歳,41000,佐賀県,1980000000,1980年,人
222,00700,全域,001,男,090,８９歳,42000,長崎県,1980000000,1980年,人
379,00700,全域,001,男,090,８９歳,43000,熊本県,1980000000,1980年,人
225,00700,全域,001,男,090,８９歳,44000,大分県,1980000000,1980年,人
201,00700,全域,001,男,090,８９歳,45000,宮崎県,1980000000,1980年,人
370,00700,全域,001,男,090,８９歳,46000,鹿児島県,1980000000,1980年,人
207,00700,全域,001,男,090,８９歳,47000,沖縄県,1980000000,1980年,人
11097,00700,全域,001,男,091,９０歳,00000,全国,1980000000,1980年,人
6885,00700,全域,001,男,091,９０歳,00001,全国市部,1980000000,1980年,人
4212,00700,全域,001,男,091,９０歳,00002,全国郡部,1980000000,1980年,人
471,00700,全域,001,男,091,９０歳,01000,北海道,1980000000,1980年,人
117,00700,全域,001,男,091,９０歳,02000,青森県,1980000000,1980年,人
145,00700,全域,001,男,091,９０歳,03000,岩手県,1980000000,1980年,人
203,00700,全域,001,男,091,９０歳,04000,宮城県,1980000000,1980年,人
91,00700,全域,001,男,091,９０歳,05000,秋田県,1980000000,1980年,人
113,00700,全域,001,男,091,９０歳,06000,山形県,1980000000,1980年,人
235,00700,全域,001,男,091,９０歳,07000,福島県,1980000000,1980年,人
248,00700,全域,001,男,091,９０歳,08000,茨城県,1980000000,1980年,人
133,00700,全域,001,男,091,９０歳,09000,栃木県,1980000000,1980年,人
182,00700,全域,001,男,091,９０歳,10000,群馬県,1980000000,1980年,人
243,00700,全域,001,男,091,９０歳,11000,埼玉県,1980000000,1980年,人
305,00700,全域,001,男,091,９０歳,12000,千葉県,1980000000,1980年,人
869,00700,全域,001,男,091,９０歳,13000,東京都,1980000000,1980年,人
389,00700,全域,001,男,091,９０歳,14000,神奈川県,1980000000,1980年,人
249,00700,全域,001,男,091,９０歳,15000,新潟県,1980000000,1980年,人
110,00700,全域,001,男,091,９０歳,16000,富山県,1980000000,1980年,人
113,00700,全域,001,男,091,９０歳,17000,石川県,1980000000,1980年,人
88,00700,全域,001,男,091,９０歳,18000,福井県,1980000000,1980年,人
121,00700,全域,001,男,091,９０歳,19000,山梨県,1980000000,1980年,人
282,00700,全域,001,男,091,９０歳,20000,長野県,1980000000,1980年,人
199,00700,全域,001,男,091,９０歳,21000,岐阜県,1980000000,1980年,人
390,00700,全域,001,男,091,９０歳,22000,静岡県,1980000000,1980年,人
442,00700,全域,001,男,091,９０歳,23000,愛知県,1980000000,1980年,人
208,00700,全域,001,男,091,９０歳,24000,三重県,1980000000,1980年,人
124,00700,全域,001,男,091,９０歳,25000,滋賀県,1980000000,1980年,人
254,00700,全域,001,男,091,９０歳,26000,京都府,1980000000,1980年,人
440,00700,全域,001,男,091,９０歳,27000,大阪府,1980000000,1980年,人
472,00700,全域,001,男,091,９０歳,28000,兵庫県,1980000000,1980年,人
96,00700,全域,001,男,091,９０歳,29000,奈良県,1980000000,1980年,人
144,00700,全域,001,男,091,９０歳,30000,和歌山県,1980000000,1980年,人
67,00700,全域,001,男,091,９０歳,31000,鳥取県,1980000000,1980年,人
167,00700,全域,001,男,091,９０歳,32000,島根県,1980000000,1980年,人
276,00700,全域,001,男,091,９０歳,33000,岡山県,1980000000,1980年,人
362,00700,全域,001,男,091,９０歳,34000,広島県,1980000000,1980年,人
240,00700,全域,001,男,091,９０歳,35000,山口県,1980000000,1980年,人
150,00700,全域,001,男,091,９０歳,36000,徳島県,1980000000,1980年,人
157,00700,全域,001,男,091,９０歳,37000,香川県,1980000000,1980年,人
269,00700,全域,001,男,091,９０歳,38000,愛媛県,1980000000,1980年,人
177,00700,全域,001,男,091,９０歳,39000,高知県,1980000000,1980年,人
422,00700,全域,001,男,091,９０歳,40000,福岡県,1980000000,1980年,人
120,00700,全域,001,男,091,９０歳,41000,佐賀県,1980000000,1980年,人
187,00700,全域,001,男,091,９０歳,42000,長崎県,1980000000,1980年,人
249,00700,全域,001,男,091,９０歳,43000,熊本県,1980000000,1980年,人
173,00700,全域,001,男,091,９０歳,44000,大分県,1980000000,1980年,人
140,00700,全域,001,男,091,９０歳,45000,宮崎県,1980000000,1980年,人
298,00700,全域,001,男,091,９０歳,46000,鹿児島県,1980000000,1980年,人
167,00700,全域,001,男,091,９０歳,47000,沖縄県,1980000000,1980年,人
7986,00700,全域,001,男,092,９１歳,00000,全国,1980000000,1980年,人
5004,00700,全域,001,男,092,９１歳,00001,全国市部,1980000000,1980年,人
2982,00700,全域,001,男,092,９１歳,00002,全国郡部,1980000000,1980年,人
285,00700,全域,001,男,092,９１歳,01000,北海道,1980000000,1980年,人
57,00700,全域,001,男,092,９１歳,02000,青森県,1980000000,1980年,人
110,00700,全域,001,男,092,９１歳,03000,岩手県,1980000000,1980年,人
133,00700,全域,001,男,092,９１歳,04000,宮城県,1980000000,1980年,人
59,00700,全域,001,男,092,９１歳,05000,秋田県,1980000000,1980年,人
79,00700,全域,001,男,092,９１歳,06000,山形県,1980000000,1980年,人
152,00700,全域,001,男,092,９１歳,07000,福島県,1980000000,1980年,人
190,00700,全域,001,男,092,９１歳,08000,茨城県,1980000000,1980年,人
104,00700,全域,001,男,092,９１歳,09000,栃木県,1980000000,1980年,人
134,00700,全域,001,男,092,９１歳,10000,群馬県,1980000000,1980年,人
200,00700,全域,001,男,092,９１歳,11000,埼玉県,1980000000,1980年,人
228,00700,全域,001,男,092,９１歳,12000,千葉県,1980000000,1980年,人
650,00700,全域,001,男,092,９１歳,13000,東京都,1980000000,1980年,人
298,00700,全域,001,男,092,９１歳,14000,神奈川県,1980000000,1980年,人
165,00700,全域,001,男,092,９１歳,15000,新潟県,1980000000,1980年,人
62,00700,全域,001,男,092,９１歳,16000,富山県,1980000000,1980年,人
64,00700,全域,001,男,092,９１歳,17000,石川県,1980000000,1980年,人
69,00700,全域,001,男,092,９１歳,18000,福井県,1980000000,1980年,人
82,00700,全域,001,男,092,９１歳,19000,山梨県,1980000000,1980年,人
181,00700,全域,001,男,092,９１歳,20000,長野県,1980000000,1980年,人
152,00700,全域,001,男,092,９１歳,21000,岐阜県,1980000000,1980年,人
262,00700,全域,001,男,092,９１歳,22000,静岡県,1980000000,1980年,人
293,00700,全域,001,男,092,９１歳,23000,愛知県,1980000000,1980年,人
137,00700,全域,001,男,092,９１歳,24000,三重県,1980000000,1980年,人
75,00700,全域,001,男,092,９１歳,25000,滋賀県,1980000000,1980年,人
172,00700,全域,001,男,092,９１歳,26000,京都府,1980000000,1980年,人
317,00700,全域,001,男,092,９１歳,27000,大阪府,1980000000,1980年,人
321,00700,全域,001,男,092,９１歳,28000,兵庫県,1980000000,1980年,人
83,00700,全域,001,男,092,９１歳,29000,奈良県,1980000000,1980年,人
101,00700,全域,001,男,092,９１歳,30000,和歌山県,1980000000,1980年,人
88,00700,全域,001,男,092,９１歳,31000,鳥取県,1980000000,1980年,人
116,00700,全域,001,男,092,９１歳,32000,島根県,1980000000,1980年,人
226,00700,全域,001,男,092,９１歳,33000,岡山県,1980000000,1980年,人
277,00700,全域,001,男,092,９１歳,34000,広島県,1980000000,1980年,人
162,00700,全域,001,男,092,９１歳,35000,山口県,1980000000,1980年,人
100,00700,全域,001,男,092,９１歳,36000,徳島県,1980000000,1980年,人
112,00700,全域,001,男,092,９１歳,37000,香川県,1980000000,1980年,人
211,00700,全域,001,男,092,９１歳,38000,愛媛県,1980000000,1980年,人
127,00700,全域,001,男,092,９１歳,39000,高知県,1980000000,1980年,人
351,00700,全域,001,男,092,９１歳,40000,福岡県,1980000000,1980年,人
84,00700,全域,001,男,092,９１歳,41000,佐賀県,1980000000,1980年,人
133,00700,全域,001,男,092,９１歳,42000,長崎県,1980000000,1980年,人
192,00700,全域,001,男,092,９１歳,43000,熊本県,1980000000,1980年,人
141,00700,全域,001,男,092,９１歳,44000,大分県,1980000000,1980年,人
111,00700,全域,001,男,092,９１歳,45000,宮崎県,1980000000,1980年,人
223,00700,全域,001,男,092,９１歳,46000,鹿児島県,1980000000,1980年,人
117,00700,全域,001,男,092,９１歳,47000,沖縄県,1980000000,1980年,人
5391,00700,全域,001,男,093,９２歳,00000,全国,1980000000,1980年,人
3389,00700,全域,001,男,093,９２歳,00001,全国市部,1980000000,1980年,人
2002,00700,全域,001,男,093,９２歳,00002,全国郡部,1980000000,1980年,人
223,00700,全域,001,男,093,９２歳,01000,北海道,1980000000,1980年,人
33,00700,全域,001,男,093,９２歳,02000,青森県,1980000000,1980年,人
67,00700,全域,001,男,093,９２歳,03000,岩手県,1980000000,1980年,人
89,00700,全域,001,男,093,９２歳,04000,宮城県,1980000000,1980年,人
46,00700,全域,001,男,093,９２歳,05000,秋田県,1980000000,1980年,人
49,00700,全域,001,男,093,９２歳,06000,山形県,1980000000,1980年,人
83,00700,全域,001,男,093,９２歳,07000,福島県,1980000000,1980年,人
82,00700,全域,001,男,093,９２歳,08000,茨城県,1980000000,1980年,人
66,00700,全域,001,男,093,９２歳,09000,栃木県,1980000000,1980年,人
98,00700,全域,001,男,093,９２歳,10000,群馬県,1980000000,1980年,人
126,00700,全域,001,男,093,９２歳,11000,埼玉県,1980000000,1980年,人
145,00700,全域,001,男,093,９２歳,12000,千葉県,1980000000,1980年,人
475,00700,全域,001,男,093,９２歳,13000,東京都,1980000000,1980年,人
202,00700,全域,001,男,093,９２歳,14000,神奈川県,1980000000,1980年,人
117,00700,全域,001,男,093,９２歳,15000,新潟県,1980000000,1980年,人
49,00700,全域,001,男,093,９２歳,16000,富山県,1980000000,1980年,人
43,00700,全域,001,男,093,９２歳,17000,石川県,1980000000,1980年,人
38,00700,全域,001,男,093,９２歳,18000,福井県,1980000000,1980年,人
55,00700,全域,001,男,093,９２歳,19000,山梨県,1980000000,1980年,人
114,00700,全域,001,男,093,９２歳,20000,長野県,1980000000,1980年,人
137,00700,全域,001,男,093,９２歳,21000,岐阜県,1980000000,1980年,人
176,00700,全域,001,男,093,９２歳,22000,静岡県,1980000000,1980年,人
202,00700,全域,001,男,093,９２歳,23000,愛知県,1980000000,1980年,人
111,00700,全域,001,男,093,９２歳,24000,三重県,1980000000,1980年,人
57,00700,全域,001,男,093,９２歳,25000,滋賀県,1980000000,1980年,人
117,00700,全域,001,男,093,９２歳,26000,京都府,1980000000,1980年,人
200,00700,全域,001,男,093,９２歳,27000,大阪府,1980000000,1980年,人
238,00700,全域,001,男,093,９２歳,28000,兵庫県,1980000000,1980年,人
71,00700,全域,001,男,093,９２歳,29000,奈良県,1980000000,1980年,人
70,00700,全域,001,男,093,９２歳,30000,和歌山県,1980000000,1980年,人
51,00700,全域,001,男,093,９２歳,31000,鳥取県,1980000000,1980年,人
93,00700,全域,001,男,093,９２歳,32000,島根県,1980000000,1980年,人
154,00700,全域,001,男,093,９２歳,33000,岡山県,1980000000,1980年,人
176,00700,全域,001,男,093,９２歳,34000,広島県,1980000000,1980年,人
87,00700,全域,001,男,093,９２歳,35000,山口県,1980000000,1980年,人
71,00700,全域,001,男,093,９２歳,36000,徳島県,1980000000,1980年,人
76,00700,全域,001,男,093,９２歳,37000,香川県,1980000000,1980年,人
114,00700,全域,001,男,093,９２歳,38000,愛媛県,1980000000,1980年,人
96,00700,全域,001,男,093,９２歳,39000,高知県,1980000000,1980年,人
224,00700,全域,001,男,093,９２歳,40000,福岡県,1980000000,1980年,人
66,00700,全域,001,男,093,９２歳,41000,佐賀県,1980000000,1980年,人
94,00700,全域,001,男,093,９２歳,42000,長崎県,1980000000,1980年,人
135,00700,全域,001,男,093,９２歳,43000,熊本県,1980000000,1980年,人
91,00700,全域,001,男,093,９２歳,44000,大分県,1980000000,1980年,人
48,00700,全域,001,男,093,９２歳,45000,宮崎県,1980000000,1980年,人
163,00700,全域,001,男,093,９２歳,46000,鹿児島県,1980000000,1980年,人
73,00700,全域,001,男,093,９２歳,47000,沖縄県,1980000000,1980年,人
3399,00700,全域,001,男,094,９３歳,00000,全国,1980000000,1980年,人
2148,00700,全域,001,男,094,９３歳,00001,全国市部,1980000000,1980年,人
1251,00700,全域,001,男,094,９３歳,00002,全国郡部,1980000000,1980年,人
139,00700,全域,001,男,094,９３歳,01000,北海道,1980000000,1980年,人
30,00700,全域,001,男,094,９３歳,02000,青森県,1980000000,1980年,人
39,00700,全域,001,男,094,９３歳,03000,岩手県,1980000000,1980年,人
54,00700,全域,001,男,094,９３歳,04000,宮城県,1980000000,1980年,人
22,00700,全域,001,男,094,９３歳,05000,秋田県,1980000000,1980年,人
29,00700,全域,001,男,094,９３歳,06000,山形県,1980000000,1980年,人
61,00700,全域,001,男,094,９３歳,07000,福島県,1980000000,1980年,人
60,00700,全域,001,男,094,９３歳,08000,茨城県,1980000000,1980年,人
44,00700,全域,001,男,094,９３歳,09000,栃木県,1980000000,1980年,人
37,00700,全域,001,男,094,９３歳,10000,群馬県,1980000000,1980年,人
59,00700,全域,001,男,094,９３歳,11000,埼玉県,1980000000,1980年,人
105,00700,全域,001,男,094,９３歳,12000,千葉県,1980000000,1980年,人
290,00700,全域,001,男,094,９３歳,13000,東京都,1980000000,1980年,人
132,00700,全域,001,男,094,９３歳,14000,神奈川県,1980000000,1980年,人
64,00700,全域,001,男,094,９３歳,15000,新潟県,1980000000,1980年,人
32,00700,全域,001,男,094,９３歳,16000,富山県,1980000000,1980年,人
30,00700,全域,001,男,094,９３歳,17000,石川県,1980000000,1980年,人
24,00700,全域,001,男,094,９３歳,18000,福井県,1980000000,1980年,人
33,00700,全域,001,男,094,９３歳,19000,山梨県,1980000000,1980年,人
88,00700,全域,001,男,094,９３歳,20000,長野県,1980000000,1980年,人
72,00700,全域,001,男,094,９３歳,21000,岐阜県,1980000000,1980年,人
147,00700,全域,001,男,094,９３歳,22000,静岡県,1980000000,1980年,人
130,00700,全域,001,男,094,９３歳,23000,愛知県,1980000000,1980年,人
61,00700,全域,001,男,094,９３歳,24000,三重県,1980000000,1980年,人
31,00700,全域,001,男,094,９３歳,25000,滋賀県,1980000000,1980年,人
53,00700,全域,001,男,094,９３歳,26000,京都府,1980000000,1980年,人
115,00700,全域,001,男,094,９３歳,27000,大阪府,1980000000,1980年,人
147,00700,全域,001,男,094,９３歳,28000,兵庫県,1980000000,1980年,人
32,00700,全域,001,男,094,９３歳,29000,奈良県,1980000000,1980年,人
44,00700,全域,001,男,094,９３歳,30000,和歌山県,1980000000,1980年,人
20,00700,全域,001,男,094,９３歳,31000,鳥取県,1980000000,1980年,人
45,00700,全域,001,男,094,９３歳,32000,島根県,1980000000,1980年,人
98,00700,全域,001,男,094,９３歳,33000,岡山県,1980000000,1980年,人
113,00700,全域,001,男,094,９３歳,34000,広島県,1980000000,1980年,人
71,00700,全域,001,男,094,９３歳,35000,山口県,1980000000,1980年,人
45,00700,全域,001,男,094,９３歳,36000,徳島県,1980000000,1980年,人
49,00700,全域,001,男,094,９３歳,37000,香川県,1980000000,1980年,人
81,00700,全域,001,男,094,９３歳,38000,愛媛県,1980000000,1980年,人
52,00700,全域,001,男,094,９３歳,39000,高知県,1980000000,1980年,人
140,00700,全域,001,男,094,９３歳,40000,福岡県,1980000000,1980年,人
39,00700,全域,001,男,094,９３歳,41000,佐賀県,1980000000,1980年,人
59,00700,全域,001,男,094,９３歳,42000,長崎県,1980000000,1980年,人
93,00700,全域,001,男,094,９３歳,43000,熊本県,1980000000,1980年,人
79,00700,全域,001,男,094,９３歳,44000,大分県,1980000000,1980年,人
68,00700,全域,001,男,094,９３歳,45000,宮崎県,1980000000,1980年,人
99,00700,全域,001,男,094,９３歳,46000,鹿児島県,1980000000,1980年,人
44,00700,全域,001,男,094,９３歳,47000,沖縄県,1980000000,1980年,人
2051,00700,全域,001,男,095,９４歳,00000,全国,1980000000,1980年,人
1264,00700,全域,001,男,095,９４歳,00001,全国市部,1980000000,1980年,人
787,00700,全域,001,男,095,９４歳,00002,全国郡部,1980000000,1980年,人
85,00700,全域,001,男,095,９４歳,01000,北海道,1980000000,1980年,人
15,00700,全域,001,男,095,９４歳,02000,青森県,1980000000,1980年,人
28,00700,全域,001,男,095,９４歳,03000,岩手県,1980000000,1980年,人
47,00700,全域,001,男,095,９４歳,04000,宮城県,1980000000,1980年,人
17,00700,全域,001,男,095,９４歳,05000,秋田県,1980000000,1980年,人
15,00700,全域,001,男,095,９４歳,06000,山形県,1980000000,1980年,人
33,00700,全域,001,男,095,９４歳,07000,福島県,1980000000,1980年,人
44,00700,全域,001,男,095,９４歳,08000,茨城県,1980000000,1980年,人
25,00700,全域,001,男,095,９４歳,09000,栃木県,1980000000,1980年,人
21,00700,全域,001,男,095,９４歳,10000,群馬県,1980000000,1980年,人
44,00700,全域,001,男,095,９４歳,11000,埼玉県,1980000000,1980年,人
55,00700,全域,001,男,095,９４歳,12000,千葉県,1980000000,1980年,人
204,00700,全域,001,男,095,９４歳,13000,東京都,1980000000,1980年,人
67,00700,全域,001,男,095,９４歳,14000,神奈川県,1980000000,1980年,人
47,00700,全域,001,男,095,９４歳,15000,新潟県,1980000000,1980年,人
19,00700,全域,001,男,095,９４歳,16000,富山県,1980000000,1980年,人
15,00700,全域,001,男,095,９４歳,17000,石川県,1980000000,1980年,人
20,00700,全域,001,男,095,９４歳,18000,福井県,1980000000,1980年,人
18,00700,全域,001,男,095,９４歳,19000,山梨県,1980000000,1980年,人
55,00700,全域,001,男,095,９４歳,20000,長野県,1980000000,1980年,人
36,00700,全域,001,男,095,９４歳,21000,岐阜県,1980000000,1980年,人
66,00700,全域,001,男,095,９４歳,22000,静岡県,1980000000,1980年,人
84,00700,全域,001,男,095,９４歳,23000,愛知県,1980000000,1980年,人
46,00700,全域,001,男,095,９４歳,24000,三重県,1980000000,1980年,人
15,00700,全域,001,男,095,９４歳,25000,滋賀県,1980000000,1980年,人
45,00700,全域,001,男,095,９４歳,26000,京都府,1980000000,1980年,人
71,00700,全域,001,男,095,９４歳,27000,大阪府,1980000000,1980年,人
72,00700,全域,001,男,095,９４歳,28000,兵庫県,1980000000,1980年,人
20,00700,全域,001,男,095,９４歳,29000,奈良県,1980000000,1980年,人
22,00700,全域,001,男,095,９４歳,30000,和歌山県,1980000000,1980年,人
16,00700,全域,001,男,095,９４歳,31000,鳥取県,1980000000,1980年,人
23,00700,全域,001,男,095,９４歳,32000,島根県,1980000000,1980年,人
57,00700,全域,001,男,095,９４歳,33000,岡山県,1980000000,1980年,人
68,00700,全域,001,男,095,９４歳,34000,広島県,1980000000,1980年,人
39,00700,全域,001,男,095,９４歳,35000,山口県,1980000000,1980年,人
24,00700,全域,001,男,095,９４歳,36000,徳島県,1980000000,1980年,人
25,00700,全域,001,男,095,９４歳,37000,香川県,1980000000,1980年,人
32,00700,全域,001,男,095,９４歳,38000,愛媛県,1980000000,1980年,人
33,00700,全域,001,男,095,９４歳,39000,高知県,1980000000,1980年,人
91,00700,全域,001,男,095,９４歳,40000,福岡県,1980000000,1980年,人
20,00700,全域,001,男,095,９４歳,41000,佐賀県,1980000000,1980年,人
42,00700,全域,001,男,095,９４歳,42000,長崎県,1980000000,1980年,人
71,00700,全域,001,男,095,９４歳,43000,熊本県,1980000000,1980年,人
34,00700,全域,001,男,095,９４歳,44000,大分県,1980000000,1980年,人
31,00700,全域,001,男,095,９４歳,45000,宮崎県,1980000000,1980年,人
57,00700,全域,001,男,095,９４歳,46000,鹿児島県,1980000000,1980年,人
37,00700,全域,001,男,095,９４歳,47000,沖縄県,1980000000,1980年,人
1267,00700,全域,001,男,096,９５歳,00000,全国,1980000000,1980年,人
773,00700,全域,001,男,096,９５歳,00001,全国市部,1980000000,1980年,人
494,00700,全域,001,男,096,９５歳,00002,全国郡部,1980000000,1980年,人
62,00700,全域,001,男,096,９５歳,01000,北海道,1980000000,1980年,人
13,00700,全域,001,男,096,９５歳,02000,青森県,1980000000,1980年,人
19,00700,全域,001,男,096,９５歳,03000,岩手県,1980000000,1980年,人
22,00700,全域,001,男,096,９５歳,04000,宮城県,1980000000,1980年,人
8,00700,全域,001,男,096,９５歳,05000,秋田県,1980000000,1980年,人
9,00700,全域,001,男,096,９５歳,06000,山形県,1980000000,1980年,人
29,00700,全域,001,男,096,９５歳,07000,福島県,1980000000,1980年,人
25,00700,全域,001,男,096,９５歳,08000,茨城県,1980000000,1980年,人
11,00700,全域,001,男,096,９５歳,09000,栃木県,1980000000,1980年,人
23,00700,全域,001,男,096,９５歳,10000,群馬県,1980000000,1980年,人
32,00700,全域,001,男,096,９５歳,11000,埼玉県,1980000000,1980年,人
43,00700,全域,001,男,096,９５歳,12000,千葉県,1980000000,1980年,人
96,00700,全域,001,男,096,９５歳,13000,東京都,1980000000,1980年,人
53,00700,全域,001,男,096,９５歳,14000,神奈川県,1980000000,1980年,人
30,00700,全域,001,男,096,９５歳,15000,新潟県,1980000000,1980年,人
15,00700,全域,001,男,096,９５歳,16000,富山県,1980000000,1980年,人
10,00700,全域,001,男,096,９５歳,17000,石川県,1980000000,1980年,人
7,00700,全域,001,男,096,９５歳,18000,福井県,1980000000,1980年,人
7,00700,全域,001,男,096,９５歳,19000,山梨県,1980000000,1980年,人
26,00700,全域,001,男,096,９５歳,20000,長野県,1980000000,1980年,人
25,00700,全域,001,男,096,９５歳,21000,岐阜県,1980000000,1980年,人
39,00700,全域,001,男,096,９５歳,22000,静岡県,1980000000,1980年,人
53,00700,全域,001,男,096,９５歳,23000,愛知県,1980000000,1980年,人
22,00700,全域,001,男,096,９５歳,24000,三重県,1980000000,1980年,人
11,00700,全域,001,男,096,９５歳,25000,滋賀県,1980000000,1980年,人
24,00700,全域,001,男,096,９５歳,26000,京都府,1980000000,1980年,人
35,00700,全域,001,男,096,９５歳,27000,大阪府,1980000000,1980年,人
48,00700,全域,001,男,096,９５歳,28000,兵庫県,1980000000,1980年,人
5,00700,全域,001,男,096,９５歳,29000,奈良県,1980000000,1980年,人
19,00700,全域,001,男,096,９５歳,30000,和歌山県,1980000000,1980年,人
12,00700,全域,001,男,096,９５歳,31000,鳥取県,1980000000,1980年,人
21,00700,全域,001,男,096,９５歳,32000,島根県,1980000000,1980年,人
25,00700,全域,001,男,096,９５歳,33000,岡山県,1980000000,1980年,人
49,00700,全域,001,男,096,９５歳,34000,広島県,1980000000,1980年,人
23,00700,全域,001,男,096,９５歳,35000,山口県,1980000000,1980年,人
19,00700,全域,001,男,096,９５歳,36000,徳島県,1980000000,1980年,人
16,00700,全域,001,男,096,９５歳,37000,香川県,1980000000,1980年,人
37,00700,全域,001,男,096,９５歳,38000,愛媛県,1980000000,1980年,人
20,00700,全域,001,男,096,９５歳,39000,高知県,1980000000,1980年,人
50,00700,全域,001,男,096,９５歳,40000,福岡県,1980000000,1980年,人
12,00700,全域,001,男,096,９５歳,41000,佐賀県,1980000000,1980年,人
14,00700,全域,001,男,096,９５歳,42000,長崎県,1980000000,1980年,人
32,00700,全域,001,男,096,９５歳,43000,熊本県,1980000000,1980年,人
23,00700,全域,001,男,096,９５歳,44000,大分県,1980000000,1980年,人
17,00700,全域,001,男,096,９５歳,45000,宮崎県,1980000000,1980年,人
43,00700,全域,001,男,096,９５歳,46000,鹿児島県,1980000000,1980年,人
33,00700,全域,001,男,096,９５歳,47000,沖縄県,1980000000,1980年,人
896,00700,全域,001,男,097,９６歳,00000,全国,1980000000,1980年,人
545,00700,全域,001,男,097,９６歳,00001,全国市部,1980000000,1980年,人
351,00700,全域,001,男,097,９６歳,00002,全国郡部,1980000000,1980年,人
29,00700,全域,001,男,097,９６歳,01000,北海道,1980000000,1980年,人
12,00700,全域,001,男,097,９６歳,02000,青森県,1980000000,1980年,人
11,00700,全域,001,男,097,９６歳,03000,岩手県,1980000000,1980年,人
18,00700,全域,001,男,097,９６歳,04000,宮城県,1980000000,1980年,人
5,00700,全域,001,男,097,９６歳,05000,秋田県,1980000000,1980年,人
8,00700,全域,001,男,097,９６歳,06000,山形県,1980000000,1980年,人
14,00700,全域,001,男,097,９６歳,07000,福島県,1980000000,1980年,人
11,00700,全域,001,男,097,９６歳,08000,茨城県,1980000000,1980年,人
11,00700,全域,001,男,097,９６歳,09000,栃木県,1980000000,1980年,人
15,00700,全域,001,男,097,９６歳,10000,群馬県,1980000000,1980年,人
14,00700,全域,001,男,097,９６歳,11000,埼玉県,1980000000,1980年,人
25,00700,全域,001,男,097,９６歳,12000,千葉県,1980000000,1980年,人
59,00700,全域,001,男,097,９６歳,13000,東京都,1980000000,1980年,人
35,00700,全域,001,男,097,９６歳,14000,神奈川県,1980000000,1980年,人
22,00700,全域,001,男,097,９６歳,15000,新潟県,1980000000,1980年,人
8,00700,全域,001,男,097,９６歳,16000,富山県,1980000000,1980年,人
5,00700,全域,001,男,097,９６歳,17000,石川県,1980000000,1980年,人
5,00700,全域,001,男,097,９６歳,18000,福井県,1980000000,1980年,人
11,00700,全域,001,男,097,９６歳,19000,山梨県,1980000000,1980年,人
18,00700,全域,001,男,097,９６歳,20000,長野県,1980000000,1980年,人
30,00700,全域,001,男,097,９６歳,21000,岐阜県,1980000000,1980年,人
15,00700,全域,001,男,097,９６歳,22000,静岡県,1980000000,1980年,人
28,00700,全域,001,男,097,９６歳,23000,愛知県,1980000000,1980年,人
18,00700,全域,001,男,097,９６歳,24000,三重県,1980000000,1980年,人
8,00700,全域,001,男,097,９６歳,25000,滋賀県,1980000000,1980年,人
17,00700,全域,001,男,097,９６歳,26000,京都府,1980000000,1980年,人
29,00700,全域,001,男,097,９６歳,27000,大阪府,1980000000,1980年,人
43,00700,全域,001,男,097,９６歳,28000,兵庫県,1980000000,1980年,人
9,00700,全域,001,男,097,９６歳,29000,奈良県,1980000000,1980年,人
14,00700,全域,001,男,097,９６歳,30000,和歌山県,1980000000,1980年,人
6,00700,全域,001,男,097,９６歳,31000,鳥取県,1980000000,1980年,人
18,00700,全域,001,男,097,９６歳,32000,島根県,1980000000,1980年,人
26,00700,全域,001,男,097,９６歳,33000,岡山県,1980000000,1980年,人
31,00700,全域,001,男,097,９６歳,34000,広島県,1980000000,1980年,人
26,00700,全域,001,男,097,９６歳,35000,山口県,1980000000,1980年,人
10,00700,全域,001,男,097,９６歳,36000,徳島県,1980000000,1980年,人
19,00700,全域,001,男,097,９６歳,37000,香川県,1980000000,1980年,人
23,00700,全域,001,男,097,９６歳,38000,愛媛県,1980000000,1980年,人
8,00700,全域,001,男,097,９６歳,39000,高知県,1980000000,1980年,人
46,00700,全域,001,男,097,９６歳,40000,福岡県,1980000000,1980年,人
13,00700,全域,001,男,097,９６歳,41000,佐賀県,1980000000,1980年,人
19,00700,全域,001,男,097,９６歳,42000,長崎県,1980000000,1980年,人
25,00700,全域,001,男,097,９６歳,43000,熊本県,1980000000,1980年,人
19,00700,全域,001,男,097,９６歳,44000,大分県,1980000000,1980年,人
12,00700,全域,001,男,097,９６歳,45000,宮崎県,1980000000,1980年,人
31,00700,全域,001,男,097,９６歳,46000,鹿児島県,1980000000,1980年,人
17,00700,全域,001,男,097,９６歳,47000,沖縄県,1980000000,1980年,人
506,00700,全域,001,男,098,９７歳,00000,全国,1980000000,1980年,人
304,00700,全域,001,男,098,９７歳,00001,全国市部,1980000000,1980年,人
202,00700,全域,001,男,098,９７歳,00002,全国郡部,1980000000,1980年,人
20,00700,全域,001,男,098,９７歳,01000,北海道,1980000000,1980年,人
9,00700,全域,001,男,098,９７歳,02000,青森県,1980000000,1980年,人
4,00700,全域,001,男,098,９７歳,03000,岩手県,1980000000,1980年,人
7,00700,全域,001,男,098,９７歳,04000,宮城県,1980000000,1980年,人
2,00700,全域,001,男,098,９７歳,05000,秋田県,1980000000,1980年,人
7,00700,全域,001,男,098,９７歳,06000,山形県,1980000000,1980年,人
3,00700,全域,001,男,098,９７歳,07000,福島県,1980000000,1980年,人
4,00700,全域,001,男,098,９７歳,08000,茨城県,1980000000,1980年,人
6,00700,全域,001,男,098,９７歳,09000,栃木県,1980000000,1980年,人
8,00700,全域,001,男,098,９７歳,10000,群馬県,1980000000,1980年,人
8,00700,全域,001,男,098,９７歳,11000,埼玉県,1980000000,1980年,人
5,00700,全域,001,男,098,９７歳,12000,千葉県,1980000000,1980年,人
43,00700,全域,001,男,098,９７歳,13000,東京都,1980000000,1980年,人
15,00700,全域,001,男,098,９７歳,14000,神奈川県,1980000000,1980年,人
14,00700,全域,001,男,098,９７歳,15000,新潟県,1980000000,1980年,人
4,00700,全域,001,男,098,９７歳,16000,富山県,1980000000,1980年,人
2,00700,全域,001,男,098,９７歳,17000,石川県,1980000000,1980年,人
5,00700,全域,001,男,098,９７歳,18000,福井県,1980000000,1980年,人
7,00700,全域,001,男,098,９７歳,19000,山梨県,1980000000,1980年,人
8,00700,全域,001,男,098,９７歳,20000,長野県,1980000000,1980年,人
12,00700,全域,001,男,098,９７歳,21000,岐阜県,1980000000,1980年,人
21,00700,全域,001,男,098,９７歳,22000,静岡県,1980000000,1980年,人
17,00700,全域,001,男,098,９７歳,23000,愛知県,1980000000,1980年,人
10,00700,全域,001,男,098,９７歳,24000,三重県,1980000000,1980年,人
2,00700,全域,001,男,098,９７歳,25000,滋賀県,1980000000,1980年,人
16,00700,全域,001,男,098,９７歳,26000,京都府,1980000000,1980年,人
16,00700,全域,001,男,098,９７歳,27000,大阪府,1980000000,1980年,人
27,00700,全域,001,男,098,９７歳,28000,兵庫県,1980000000,1980年,人
4,00700,全域,001,男,098,９７歳,29000,奈良県,1980000000,1980年,人
3,00700,全域,001,男,098,９７歳,30000,和歌山県,1980000000,1980年,人
7,00700,全域,001,男,098,９７歳,31000,鳥取県,1980000000,1980年,人
10,00700,全域,001,男,098,９７歳,32000,島根県,1980000000,1980年,人
9,00700,全域,001,男,098,９７歳,33000,岡山県,1980000000,1980年,人
20,00700,全域,001,男,098,９７歳,34000,広島県,1980000000,1980年,人
7,00700,全域,001,男,098,９７歳,35000,山口県,1980000000,1980年,人
6,00700,全域,001,男,098,９７歳,36000,徳島県,1980000000,1980年,人
5,00700,全域,001,男,098,９７歳,37000,香川県,1980000000,1980年,人
15,00700,全域,001,男,098,９７歳,38000,愛媛県,1980000000,1980年,人
13,00700,全域,001,男,098,９７歳,39000,高知県,1980000000,1980年,人
26,00700,全域,001,男,098,９７歳,40000,福岡県,1980000000,1980年,人
9,00700,全域,001,男,098,９７歳,41000,佐賀県,1980000000,1980年,人
4,00700,全域,001,男,098,９７歳,42000,長崎県,1980000000,1980年,人
14,00700,全域,001,男,098,９７歳,43000,熊本県,1980000000,1980年,人
15,00700,全域,001,男,098,９７歳,44000,大分県,1980000000,1980年,人
7,00700,全域,001,男,098,９７歳,45000,宮崎県,1980000000,1980年,人
16,00700,全域,001,男,098,９７歳,46000,鹿児島県,1980000000,1980年,人
14,00700,全域,001,男,098,９７歳,47000,沖縄県,1980000000,1980年,人
294,00700,全域,001,男,099,９８歳,00000,全国,1980000000,1980年,人
178,00700,全域,001,男,099,９８歳,00001,全国市部,1980000000,1980年,人
116,00700,全域,001,男,099,９８歳,00002,全国郡部,1980000000,1980年,人
14,00700,全域,001,男,099,９８歳,01000,北海道,1980000000,1980年,人
2,00700,全域,001,男,099,９８歳,02000,青森県,1980000000,1980年,人
7,00700,全域,001,男,099,９８歳,03000,岩手県,1980000000,1980年,人
11,00700,全域,001,男,099,９８歳,04000,宮城県,1980000000,1980年,人
7,00700,全域,001,男,099,９８歳,07000,福島県,1980000000,1980年,人
4,00700,全域,001,男,099,９８歳,08000,茨城県,1980000000,1980年,人
3,00700,全域,001,男,099,９８歳,09000,栃木県,1980000000,1980年,人
3,00700,全域,001,男,099,９８歳,10000,群馬県,1980000000,1980年,人
3,00700,全域,001,男,099,９８歳,11000,埼玉県,1980000000,1980年,人
3,00700,全域,001,男,099,９８歳,12000,千葉県,1980000000,1980年,人
20,00700,全域,001,男,099,９８歳,13000,東京都,1980000000,1980年,人
8,00700,全域,001,男,099,９８歳,14000,神奈川県,1980000000,1980年,人
8,00700,全域,001,男,099,９８歳,15000,新潟県,1980000000,1980年,人
2,00700,全域,001,男,099,９８歳,16000,富山県,1980000000,1980年,人
5,00700,全域,001,男,099,９８歳,17000,石川県,1980000000,1980年,人
1,00700,全域,001,男,099,９８歳,18000,福井県,1980000000,1980年,人
2,00700,全域,001,男,099,９８歳,19000,山梨県,1980000000,1980年,人
9,00700,全域,001,男,099,９８歳,20000,長野県,1980000000,1980年,人
2,00700,全域,001,男,099,９８歳,21000,岐阜県,1980000000,1980年,人
9,00700,全域,001,男,099,９８歳,22000,静岡県,1980000000,1980年,人
10,00700,全域,001,男,099,９８歳,23000,愛知県,1980000000,1980年,人
9,00700,全域,001,男,099,９８歳,24000,三重県,1980000000,1980年,人
1,00700,全域,001,男,099,９８歳,25000,滋賀県,1980000000,1980年,人
4,00700,全域,001,男,099,９８歳,26000,京都府,1980000000,1980年,人
10,00700,全域,001,男,099,９８歳,27000,大阪府,1980000000,1980年,人
10,00700,全域,001,男,099,９８歳,28000,兵庫県,1980000000,1980年,人
2,00700,全域,001,男,099,９８歳,29000,奈良県,1980000000,1980年,人
3,00700,全域,001,男,099,９８歳,30000,和歌山県,1980000000,1980年,人
5,00700,全域,001,男,099,９８歳,31000,鳥取県,1980000000,1980年,人
8,00700,全域,001,男,099,９８歳,32000,島根県,1980000000,1980年,人
10,00700,全域,001,男,099,９８歳,33000,岡山県,1980000000,1980年,人
14,00700,全域,001,男,099,９８歳,34000,広島県,1980000000,1980年,人
5,00700,全域,001,男,099,９８歳,35000,山口県,1980000000,1980年,人
4,00700,全域,001,男,099,９８歳,36000,徳島県,1980000000,1980年,人
3,00700,全域,001,男,099,９８歳,37000,香川県,1980000000,1980年,人
8,00700,全域,001,男,099,９８歳,38000,愛媛県,1980000000,1980年,人
9,00700,全域,001,男,099,９８歳,39000,高知県,1980000000,1980年,人
7,00700,全域,001,男,099,９８歳,40000,福岡県,1980000000,1980年,人
3,00700,全域,001,男,099,９８歳,41000,佐賀県,1980000000,1980年,人
4,00700,全域,001,男,099,９８歳,42000,長崎県,1980000000,1980年,人
10,00700,全域,001,男,099,９８歳,43000,熊本県,1980000000,1980年,人
2,00700,全域,001,男,099,９８歳,44000,大分県,1980000000,1980年,人
8,00700,全域,001,男,099,９８歳,45000,宮崎県,1980000000,1980年,人
16,00700,全域,001,男,099,９８歳,46000,鹿児島県,1980000000,1980年,人
6,00700,全域,001,男,099,９８歳,47000,沖縄県,1980000000,1980年,人
164,00700,全域,001,男,100,９９歳,00000,全国,1980000000,1980年,人
99,00700,全域,001,男,100,９９歳,00001,全国市部,1980000000,1980年,人
65,00700,全域,001,男,100,９９歳,00002,全国郡部,1980000000,1980年,人
8,00700,全域,001,男,100,９９歳,01000,北海道,1980000000,1980年,人
1,00700,全域,001,男,100,９９歳,02000,青森県,1980000000,1980年,人
1,00700,全域,001,男,100,９９歳,03000,岩手県,1980000000,1980年,人
4,00700,全域,001,男,100,９９歳,04000,宮城県,1980000000,1980年,人
1,00700,全域,001,男,100,９９歳,05000,秋田県,1980000000,1980年,人
2,00700,全域,001,男,100,９９歳,06000,山形県,1980000000,1980年,人
2,00700,全域,001,男,100,９９歳,07000,福島県,1980000000,1980年,人
2,00700,全域,001,男,100,９９歳,08000,茨城県,1980000000,1980年,人
1,00700,全域,001,男,100,９９歳,09000,栃木県,1980000000,1980年,人
2,00700,全域,001,男,100,９９歳,10000,群馬県,1980000000,1980年,人
2,00700,全域,001,男,100,９９歳,11000,埼玉県,1980000000,1980年,人
4,00700,全域,001,男,100,９９歳,12000,千葉県,1980000000,1980年,人
15,00700,全域,001,男,100,９９歳,13000,東京都,1980000000,1980年,人
7,00700,全域,001,男,100,９９歳,14000,神奈川県,1980000000,1980年,人
1,00700,全域,001,男,100,９９歳,18000,福井県,1980000000,1980年,人
1,00700,全域,001,男,100,９９歳,20000,長野県,1980000000,1980年,人
2,00700,全域,001,男,100,９９歳,21000,岐阜県,1980000000,1980年,人
5,00700,全域,001,男,100,９９歳,22000,静岡県,1980000000,1980年,人
5,00700,全域,001,男,100,９９歳,23000,愛知県,1980000000,1980年,人
2,00700,全域,001,男,100,９９歳,24000,三重県,1980000000,1980年,人
2,00700,全域,001,男,100,９９歳,25000,滋賀県,1980000000,1980年,人
2,00700,全域,001,男,100,９９歳,26000,京都府,1980000000,1980年,人
3,00700,全域,001,男,100,９９歳,27000,大阪府,1980000000,1980年,人
7,00700,全域,001,男,100,９９歳,28000,兵庫県,1980000000,1980年,人
1,00700,全域,001,男,100,９９歳,29000,奈良県,1980000000,1980年,人
3,00700,全域,001,男,100,９９歳,30000,和歌山県,1980000000,1980年,人
3,00700,全域,001,男,100,９９歳,31000,鳥取県,1980000000,1980年,人
6,00700,全域,001,男,100,９９歳,32000,島根県,1980000000,1980年,人
6,00700,全域,001,男,100,９９歳,33000,岡山県,1980000000,1980年,人
12,00700,全域,001,男,100,９９歳,34000,広島県,1980000000,1980年,人
2,00700,全域,001,男,100,９９歳,35000,山口県,1980000000,1980年,人
3,00700,全域,001,男,100,９９歳,36000,徳島県,1980000000,1980年,人
3,00700,全域,001,男,100,９９歳,37000,香川県,1980000000,1980年,人
6,00700,全域,001,男,100,９９歳,38000,愛媛県,1980000000,1980年,人
7,00700,全域,001,男,100,９９歳,39000,高知県,1980000000,1980年,人
10,00700,全域,001,男,100,９９歳,40000,福岡県,1980000000,1980年,人
3,00700,全域,001,男,100,９９歳,41000,佐賀県,1980000000,1980年,人
2,00700,全域,001,男,100,９９歳,42000,長崎県,1980000000,1980年,人
3,00700,全域,001,男,100,９９歳,43000,熊本県,1980000000,1980年,人
1,00700,全域,001,男,100,９９歳,44000,大分県,1980000000,1980年,人
1,00700,全域,001,男,100,９９歳,45000,宮崎県,1980000000,1980年,人
5,00700,全域,001,男,100,９９歳,46000,鹿児島県,1980000000,1980年,人
5,00700,全域,001,男,100,９９歳,47000,沖縄県,1980000000,1980年,人
176,00700,全域,001,男,101,１００歳以上,00000,全国,1980000000,1980年,人
88,00700,全域,001,男,101,１００歳以上,00001,全国市部,1980000000,1980年,人
88,00700,全域,001,男,101,１００歳以上,00002,全国郡部,1980000000,1980年,人
11,00700,全域,001,男,101,１００歳以上,01000,北海道,1980000000,1980年,人
1,00700,全域,001,男,101,１００歳以上,02000,青森県,1980000000,1980年,人
1,00700,全域,001,男,101,１００歳以上,04000,宮城県,1980000000,1980年,人
2,00700,全域,001,男,101,１００歳以上,05000,秋田県,1980000000,1980年,人
2,00700,全域,001,男,101,１００歳以上,07000,福島県,1980000000,1980年,人
2,00700,全域,001,男,101,１００歳以上,08000,茨城県,1980000000,1980年,人
2,00700,全域,001,男,101,１００歳以上,09000,栃木県,1980000000,1980年,人
6,00700,全域,001,男,101,１００歳以上,10000,群馬県,1980000000,1980年,人
1,00700,全域,001,男,101,１００歳以上,11000,埼玉県,1980000000,1980年,人
2,00700,全域,001,男,101,１００歳以上,12000,千葉県,1980000000,1980年,人
11,00700,全域,001,男,101,１００歳以上,13000,東京都,1980000000,1980年,人
11,00700,全域,001,男,101,１００歳以上,14000,神奈川県,1980000000,1980年,人
2,00700,全域,001,男,101,１００歳以上,15000,新潟県,1980000000,1980年,人
2,00700,全域,001,男,101,１００歳以上,16000,富山県,1980000000,1980年,人
3,00700,全域,001,男,101,１００歳以上,19000,山梨県,1980000000,1980年,人
1,00700,全域,001,男,101,１００歳以上,20000,長野県,1980000000,1980年,人
2,00700,全域,001,男,101,１００歳以上,21000,岐阜県,1980000000,1980年,人
8,00700,全域,001,男,101,１００歳以上,22000,静岡県,1980000000,1980年,人
3,00700,全域,001,男,101,１００歳以上,23000,愛知県,1980000000,1980年,人
2,00700,全域,001,男,101,１００歳以上,24000,三重県,1980000000,1980年,人
4,00700,全域,001,男,101,１００歳以上,26000,京都府,1980000000,1980年,人
4,00700,全域,001,男,101,１００歳以上,27000,大阪府,1980000000,1980年,人
9,00700,全域,001,男,101,１００歳以上,28000,兵庫県,1980000000,1980年,人
3,00700,全域,001,男,101,１００歳以上,30000,和歌山県,1980000000,1980年,人
2,00700,全域,001,男,101,１００歳以上,31000,鳥取県,1980000000,1980年,人
3,00700,全域,001,男,101,１００歳以上,32000,島根県,1980000000,1980年,人
9,00700,全域,001,男,101,１００歳以上,33000,岡山県,1980000000,1980年,人
6,00700,全域,001,男,101,１００歳以上,34000,広島県,1980000000,1980年,人
5,00700,全域,001,男,101,１００歳以上,35000,山口県,1980000000,1980年,人
3,00700,全域,001,男,101,１００歳以上,36000,徳島県,1980000000,1980年,人
3,00700,全域,001,男,101,１００歳以上,37000,香川県,1980000000,1980年,人
6,00700,全域,001,男,101,１００歳以上,38000,愛媛県,1980000000,1980年,人
5,00700,全域,001,男,101,１００歳以上,39000,高知県,1980000000,1980年,人
9,00700,全域,001,男,101,１００歳以上,40000,福岡県,1980000000,1980年,人
4,00700,全域,001,男,101,１００歳以上,41000,佐賀県,1980000000,1980年,人
4,00700,全域,001,男,101,１００歳以上,42000,長崎県,1980000000,1980年,人
5,00700,全域,001,男,101,１００歳以上,43000,熊本県,1980000000,1980年,人
1,00700,全域,001,男,101,１００歳以上,44000,大分県,1980000000,1980年,人
3,00700,全域,001,男,101,１００歳以上,45000,宮崎県,1980000000,1980年,人
6,00700,全域,001,男,101,１００歳以上,46000,鹿児島県,1980000000,1980年,人
7,00700,全域,001,男,101,１００歳以上,47000,沖縄県,1980000000,1980年,人
48723,00700,全域,001,男,102,年齢不詳,00000,全国,1980000000,1980年,人
47547,00700,全域,001,男,102,年齢不詳,00001,全国市部,1980000000,1980年,人
1176,00700,全域,001,男,102,年齢不詳,00002,全国郡部,1980000000,1980年,人
1408,00700,全域,001,男,102,年齢不詳,01000,北海道,1980000000,1980年,人
94,00700,全域,001,男,102,年齢不詳,02000,青森県,1980000000,1980年,人
87,00700,全域,001,男,102,年齢不詳,03000,岩手県,1980000000,1980年,人
1060,00700,全域,001,男,102,年齢不詳,04000,宮城県,1980000000,1980年,人
53,00700,全域,001,男,102,年齢不詳,05000,秋田県,1980000000,1980年,人
6,00700,全域,001,男,102,年齢不詳,06000,山形県,1980000000,1980年,人
84,00700,全域,001,男,102,年齢不詳,07000,福島県,1980000000,1980年,人
417,00700,全域,001,男,102,年齢不詳,08000,茨城県,1980000000,1980年,人
291,00700,全域,001,男,102,年齢不詳,09000,栃木県,1980000000,1980年,人
46,00700,全域,001,男,102,年齢不詳,10000,群馬県,1980000000,1980年,人
2690,00700,全域,001,男,102,年齢不詳,11000,埼玉県,1980000000,1980年,人
2950,00700,全域,001,男,102,年齢不詳,12000,千葉県,1980000000,1980年,人
14742,00700,全域,001,男,102,年齢不詳,13000,東京都,1980000000,1980年,人
4221,00700,全域,001,男,102,年齢不詳,14000,神奈川県,1980000000,1980年,人
274,00700,全域,001,男,102,年齢不詳,15000,新潟県,1980000000,1980年,人
10,00700,全域,001,男,102,年齢不詳,16000,富山県,1980000000,1980年,人
469,00700,全域,001,男,102,年齢不詳,17000,石川県,1980000000,1980年,人
45,00700,全域,001,男,102,年齢不詳,18000,福井県,1980000000,1980年,人
117,00700,全域,001,男,102,年齢不詳,19000,山梨県,1980000000,1980年,人
6,00700,全域,001,男,102,年齢不詳,20000,長野県,1980000000,1980年,人
63,00700,全域,001,男,102,年齢不詳,21000,岐阜県,1980000000,1980年,人
175,00700,全域,001,男,102,年齢不詳,22000,静岡県,1980000000,1980年,人
1239,00700,全域,001,男,102,年齢不詳,23000,愛知県,1980000000,1980年,人
91,00700,全域,001,男,102,年齢不詳,24000,三重県,1980000000,1980年,人
64,00700,全域,001,男,102,年齢不詳,25000,滋賀県,1980000000,1980年,人
254,00700,全域,001,男,102,年齢不詳,26000,京都府,1980000000,1980年,人
6326,00700,全域,001,男,102,年齢不詳,27000,大阪府,1980000000,1980年,人
4746,00700,全域,001,男,102,年齢不詳,28000,兵庫県,1980000000,1980年,人
472,00700,全域,001,男,102,年齢不詳,29000,奈良県,1980000000,1980年,人
250,00700,全域,001,男,102,年齢不詳,30000,和歌山県,1980000000,1980年,人
112,00700,全域,001,男,102,年齢不詳,31000,鳥取県,1980000000,1980年,人
47,00700,全域,001,男,102,年齢不詳,32000,島根県,1980000000,1980年,人
132,00700,全域,001,男,102,年齢不詳,33000,岡山県,1980000000,1980年,人
697,00700,全域,001,男,102,年齢不詳,34000,広島県,1980000000,1980年,人
233,00700,全域,001,男,102,年齢不詳,35000,山口県,1980000000,1980年,人
147,00700,全域,001,男,102,年齢不詳,36000,徳島県,1980000000,1980年,人
189,00700,全域,001,男,102,年齢不詳,37000,香川県,1980000000,1980年,人
150,00700,全域,001,男,102,年齢不詳,38000,愛媛県,1980000000,1980年,人
442,00700,全域,001,男,102,年齢不詳,39000,高知県,1980000000,1980年,人
2601,00700,全域,001,男,102,年齢不詳,40000,福岡県,1980000000,1980年,人
22,00700,全域,001,男,102,年齢不詳,41000,佐賀県,1980000000,1980年,人
216,00700,全域,001,男,102,年齢不詳,42000,長崎県,1980000000,1980年,人
93,00700,全域,001,男,102,年齢不詳,43000,熊本県,1980000000,1980年,人
100,00700,全域,001,男,102,年齢不詳,44000,大分県,1980000000,1980年,人
62,00700,全域,001,男,102,年齢不詳,45000,宮崎県,1980000000,1980年,人
23,00700,全域,001,男,102,年齢不詳,46000,鹿児島県,1980000000,1980年,人
707,00700,全域,001,男,102,年齢不詳,47000,沖縄県,1980000000,1980年,人
59466627,00700,全域,002,女,000,総数,00000,全国,1980000000,1980年,人
45160449,00700,全域,002,女,000,総数,00001,全国市部,1980000000,1980年,人
14306178,00700,全域,002,女,000,総数,00002,全国郡部,1980000000,1980年,人
2838900,00700,全域,002,女,000,総数,01000,北海道,1980000000,1980年,人
788463,00700,全域,002,女,000,総数,02000,青森県,1980000000,1980年,人
733467,00700,全域,002,女,000,総数,03000,岩手県,1980000000,1980年,人
1056417,00700,全域,002,女,000,総数,04000,宮城県,1980000000,1980年,人
653342,00700,全域,002,女,000,総数,05000,秋田県,1980000000,1980年,人
646510,00700,全域,002,女,000,総数,06000,山形県,1980000000,1980年,人
1044697,00700,全域,002,女,000,総数,07000,福島県,1980000000,1980年,人
1285474,00700,全域,002,女,000,総数,08000,茨城県,1980000000,1980年,人
906628,00700,全域,002,女,000,総数,09000,栃木県,1980000000,1980年,人
939691,00700,全域,002,女,000,総数,10000,群馬県,1980000000,1980年,人
2681305,00700,全域,002,女,000,総数,11000,埼玉県,1980000000,1980年,人
2352267,00700,全域,002,女,000,総数,12000,千葉県,1980000000,1980年,人
5762001,00700,全域,002,女,000,総数,13000,東京都,1980000000,1980年,人
3388327,00700,全域,002,女,000,総数,14000,神奈川県,1980000000,1980年,人
1257704,00700,全域,002,女,000,総数,15000,新潟県,1980000000,1980年,人
570773,00700,全域,002,女,000,総数,16000,富山県,1980000000,1980年,人
576522,00700,全域,002,女,000,総数,17000,石川県,1980000000,1980年,人
410085,00700,全域,002,女,000,総数,18000,福井県,1980000000,1980年,人
412607,00700,全域,002,女,000,総数,19000,山梨県,1980000000,1980年,人
1075049,00700,全域,002,女,000,総数,20000,長野県,1980000000,1980年,人
1006089,00700,全域,002,女,000,総数,21000,岐阜県,1980000000,1980年,人
1751026,00700,全域,002,女,000,総数,22000,静岡県,1980000000,1980年,人
3109332,00700,全域,002,女,000,総数,23000,愛知県,1980000000,1980年,人
869358,00700,全域,002,女,000,総数,24000,三重県,1980000000,1980年,人
550690,00700,全域,002,女,000,総数,25000,滋賀県,1980000000,1980年,人
1288965,00700,全域,002,女,000,総数,26000,京都府,1980000000,1980年,人
4269608,00700,全域,002,女,000,総数,27000,大阪府,1980000000,1980年,人
2632534,00700,全域,002,女,000,総数,28000,兵庫県,1980000000,1980年,人
622298,00700,全域,002,女,000,総数,29000,奈良県,1980000000,1980年,人
563545,00700,全域,002,女,000,総数,30000,和歌山県,1980000000,1980年,人
314275,00700,全域,002,女,000,総数,31000,鳥取県,1980000000,1980年,人
407296,00700,全域,002,女,000,総数,32000,島根県,1980000000,1980年,人
965546,00700,全域,002,女,000,総数,33000,岡山県,1980000000,1980年,人
1402355,00700,全域,002,女,000,総数,34000,広島県,1980000000,1980年,人
827824,00700,全域,002,女,000,総数,35000,山口県,1980000000,1980年,人
429267,00700,全域,002,女,000,総数,36000,徳島県,1980000000,1980年,人
518760,00700,全域,002,女,000,総数,37000,香川県,1980000000,1980年,人
788120,00700,全域,002,女,000,総数,38000,愛媛県,1980000000,1980年,人
434857,00700,全域,002,女,000,総数,39000,高知県,1980000000,1980年,人
2353011,00700,全域,002,女,000,総数,40000,福岡県,1980000000,1980年,人
454662,00700,全域,002,女,000,総数,41000,佐賀県,1980000000,1980年,人
832190,00700,全域,002,女,000,総数,42000,長崎県,1980000000,1980年,人
939496,00700,全域,002,女,000,総数,43000,熊本県,1980000000,1980年,人
645816,00700,全域,002,女,000,総数,44000,大分県,1980000000,1980年,人
601380,00700,全域,002,女,000,総数,45000,宮崎県,1980000000,1980年,人
945231,00700,全域,002,女,000,総数,46000,鹿児島県,1980000000,1980年,人
562867,00700,全域,002,女,000,総数,47000,沖縄県,1980000000,1980年,人
772763,00700,全域,002,女,001,０歳,00000,全国,1980000000,1980年,人
594833,00700,全域,002,女,001,０歳,00001,全国市部,1980000000,1980年,人
177930,00700,全域,002,女,001,０歳,00002,全国郡部,1980000000,1980年,人
37126,00700,全域,002,女,001,０歳,01000,北海道,1980000000,1980年,人
10377,00700,全域,002,女,001,０歳,02000,青森県,1980000000,1980年,人
9462,00700,全域,002,女,001,０歳,03000,岩手県,1980000000,1980年,人
15068,00700,全域,002,女,001,０歳,04000,宮城県,1980000000,1980年,人
7911,00700,全域,002,女,001,０歳,05000,秋田県,1980000000,1980年,人
8267,00700,全域,002,女,001,０歳,06000,山形県,1980000000,1980年,人
14423,00700,全域,002,女,001,０歳,07000,福島県,1980000000,1980年,人
17901,00700,全域,002,女,001,０歳,08000,茨城県,1980000000,1980年,人
12787,00700,全域,002,女,001,０歳,09000,栃木県,1980000000,1980年,人
12252,00700,全域,002,女,001,０歳,10000,群馬県,1980000000,1980年,人
37148,00700,全域,002,女,001,０歳,11000,埼玉県,1980000000,1980年,人
32533,00700,全域,002,女,001,０歳,12000,千葉県,1980000000,1980年,人
67601,00700,全域,002,女,001,０歳,13000,東京都,1980000000,1980年,人
46435,00700,全域,002,女,001,０歳,14000,神奈川県,1980000000,1980年,人
16242,00700,全域,002,女,001,０歳,15000,新潟県,1980000000,1980年,人
6627,00700,全域,002,女,001,０歳,16000,富山県,1980000000,1980年,人
7468,00700,全域,002,女,001,０歳,17000,石川県,1980000000,1980年,人
5327,00700,全域,002,女,001,０歳,18000,福井県,1980000000,1980年,人
4944,00700,全域,002,女,001,０歳,19000,山梨県,1980000000,1980年,人
13207,00700,全域,002,女,001,０歳,20000,長野県,1980000000,1980年,人
12636,00700,全域,002,女,001,０歳,21000,岐阜県,1980000000,1980年,人
23423,00700,全域,002,女,001,０歳,22000,静岡県,1980000000,1980年,人
42774,00700,全域,002,女,001,０歳,23000,愛知県,1980000000,1980年,人
10516,00700,全域,002,女,001,０歳,24000,三重県,1980000000,1980年,人
7788,00700,全域,002,女,001,０歳,25000,滋賀県,1980000000,1980年,人
15933,00700,全域,002,女,001,０歳,26000,京都府,1980000000,1980年,人
54901,00700,全域,002,女,001,０歳,27000,大阪府,1980000000,1980年,人
34165,00700,全域,002,女,001,０歳,28000,兵庫県,1980000000,1980年,人
7906,00700,全域,002,女,001,０歳,29000,奈良県,1980000000,1980年,人
6684,00700,全域,002,女,001,０歳,30000,和歌山県,1980000000,1980年,人
3972,00700,全域,002,女,001,０歳,31000,鳥取県,1980000000,1980年,人
4945,00700,全域,002,女,001,０歳,32000,島根県,1980000000,1980年,人
11885,00700,全域,002,女,001,０歳,33000,岡山県,1980000000,1980年,人
18318,00700,全域,002,女,001,０歳,34000,広島県,1980000000,1980年,人
9826,00700,全域,002,女,001,０歳,35000,山口県,1980000000,1980年,人
5031,00700,全域,002,女,001,０歳,36000,徳島県,1980000000,1980年,人
6293,00700,全域,002,女,001,０歳,37000,香川県,1980000000,1980年,人
9526,00700,全域,002,女,001,０歳,38000,愛媛県,1980000000,1980年,人
4647,00700,全域,002,女,001,０歳,39000,高知県,1980000000,1980年,人
31579,00700,全域,002,女,001,０歳,40000,福岡県,1980000000,1980年,人
6011,00700,全域,002,女,001,０歳,41000,佐賀県,1980000000,1980年,人
11041,00700,全域,002,女,001,０歳,42000,長崎県,1980000000,1980年,人
11847,00700,全域,002,女,001,０歳,43000,熊本県,1980000000,1980年,人
7995,00700,全域,002,女,001,０歳,44000,大分県,1980000000,1980年,人
8323,00700,全域,002,女,001,０歳,45000,宮崎県,1980000000,1980年,人
11945,00700,全域,002,女,001,０歳,46000,鹿児島県,1980000000,1980年,人
9747,00700,全域,002,女,001,０歳,47000,沖縄県,1980000000,1980年,人
796501,00700,全域,002,女,002,１歳,00000,全国,1980000000,1980年,人
612805,00700,全域,002,女,002,１歳,00001,全国市部,1980000000,1980年,人
183696,00700,全域,002,女,002,１歳,00002,全国郡部,1980000000,1980年,人
38283,00700,全域,002,女,002,１歳,01000,北海道,1980000000,1980年,人
10640,00700,全域,002,女,002,１歳,02000,青森県,1980000000,1980年,人
9588,00700,全域,002,女,002,１歳,03000,岩手県,1980000000,1980年,人
15395,00700,全域,002,女,002,１歳,04000,宮城県,1980000000,1980年,人
8195,00700,全域,002,女,002,１歳,05000,秋田県,1980000000,1980年,人
8369,00700,全域,002,女,002,１歳,06000,山形県,1980000000,1980年,人
14456,00700,全域,002,女,002,１歳,07000,福島県,1980000000,1980年,人
18415,00700,全域,002,女,002,１歳,08000,茨城県,1980000000,1980年,人
13083,00700,全域,002,女,002,１歳,09000,栃木県,1980000000,1980年,人
12847,00700,全域,002,女,002,１歳,10000,群馬県,1980000000,1980年,人
39879,00700,全域,002,女,002,１歳,11000,埼玉県,1980000000,1980年,人
35249,00700,全域,002,女,002,１歳,12000,千葉県,1980000000,1980年,人
67787,00700,全域,002,女,002,１歳,13000,東京都,1980000000,1980年,人
47824,00700,全域,002,女,002,１歳,14000,神奈川県,1980000000,1980年,人
16640,00700,全域,002,女,002,１歳,15000,新潟県,1980000000,1980年,人
7110,00700,全域,002,女,002,１歳,16000,富山県,1980000000,1980年,人
7861,00700,全域,002,女,002,１歳,17000,石川県,1980000000,1980年,人
5394,00700,全域,002,女,002,１歳,18000,福井県,1980000000,1980年,人
5120,00700,全域,002,女,002,１歳,19000,山梨県,1980000000,1980年,人
13768,00700,全域,002,女,002,１歳,20000,長野県,1980000000,1980年,人
13246,00700,全域,002,女,002,１歳,21000,岐阜県,1980000000,1980年,人
24297,00700,全域,002,女,002,１歳,22000,静岡県,1980000000,1980年,人
44476,00700,全域,002,女,002,１歳,23000,愛知県,1980000000,1980年,人
10788,00700,全域,002,女,002,１歳,24000,三重県,1980000000,1980年,人
8074,00700,全域,002,女,002,１歳,25000,滋賀県,1980000000,1980年,人
16322,00700,全域,002,女,002,１歳,26000,京都府,1980000000,1980年,人
56853,00700,全域,002,女,002,１歳,27000,大阪府,1980000000,1980年,人
34929,00700,全域,002,女,002,１歳,28000,兵庫県,1980000000,1980年,人
7943,00700,全域,002,女,002,１歳,29000,奈良県,1980000000,1980年,人
6672,00700,全域,002,女,002,１歳,30000,和歌山県,1980000000,1980年,人
3999,00700,全域,002,女,002,１歳,31000,鳥取県,1980000000,1980年,人
4920,00700,全域,002,女,002,１歳,32000,島根県,1980000000,1980年,人
11950,00700,全域,002,女,002,１歳,33000,岡山県,1980000000,1980年,人
18351,00700,全域,002,女,002,１歳,34000,広島県,1980000000,1980年,人
10119,00700,全域,002,女,002,１歳,35000,山口県,1980000000,1980年,人
5156,00700,全域,002,女,002,１歳,36000,徳島県,1980000000,1980年,人
6540,00700,全域,002,女,002,１歳,37000,香川県,1980000000,1980年,人
9725,00700,全域,002,女,002,１歳,38000,愛媛県,1980000000,1980年,人
5104,00700,全域,002,女,002,１歳,39000,高知県,1980000000,1980年,人
32522,00700,全域,002,女,002,１歳,40000,福岡県,1980000000,1980年,人
6259,00700,全域,002,女,002,１歳,41000,佐賀県,1980000000,1980年,人
11368,00700,全域,002,女,002,１歳,42000,長崎県,1980000000,1980年,人
12055,00700,全域,002,女,002,１歳,43000,熊本県,1980000000,1980年,人
8148,00700,全域,002,女,002,１歳,44000,大分県,1980000000,1980年,人
8609,00700,全域,002,女,002,１歳,45000,宮崎県,1980000000,1980年,人
12273,00700,全域,002,女,002,１歳,46000,鹿児島県,1980000000,1980年,人
9900,00700,全域,002,女,002,１歳,47000,沖縄県,1980000000,1980年,人
832203,00700,全域,002,女,003,２歳,00000,全国,1980000000,1980年,人
638945,00700,全域,002,女,003,２歳,00001,全国市部,1980000000,1980年,人
193258,00700,全域,002,女,003,２歳,00002,全国郡部,1980000000,1980年,人
40536,00700,全域,002,女,003,２歳,01000,北海道,1980000000,1980年,人
10859,00700,全域,002,女,003,２歳,02000,青森県,1980000000,1980年,人
10167,00700,全域,002,女,003,２歳,03000,岩手県,1980000000,1980年,人
15546,00700,全域,002,女,003,２歳,04000,宮城県,1980000000,1980年,人
8347,00700,全域,002,女,003,２歳,05000,秋田県,1980000000,1980年,人
8608,00700,全域,002,女,003,２歳,06000,山形県,1980000000,1980年,人
15084,00700,全域,002,女,003,２歳,07000,福島県,1980000000,1980年,人
19631,00700,全域,002,女,003,２歳,08000,茨城県,1980000000,1980年,人
13390,00700,全域,002,女,003,２歳,09000,栃木県,1980000000,1980年,人
13559,00700,全域,002,女,003,２歳,10000,群馬県,1980000000,1980年,人
42522,00700,全域,002,女,003,２歳,11000,埼玉県,1980000000,1980年,人
36808,00700,全域,002,女,003,２歳,12000,千葉県,1980000000,1980年,人
70078,00700,全域,002,女,003,２歳,13000,東京都,1980000000,1980年,人
50226,00700,全域,002,女,003,２歳,14000,神奈川県,1980000000,1980年,人
17278,00700,全域,002,女,003,２歳,15000,新潟県,1980000000,1980年,人
7322,00700,全域,002,女,003,２歳,16000,富山県,1980000000,1980年,人
8160,00700,全域,002,女,003,２歳,17000,石川県,1980000000,1980年,人
5501,00700,全域,002,女,003,２歳,18000,福井県,1980000000,1980年,人
5328,00700,全域,002,女,003,２歳,19000,山梨県,1980000000,1980年,人
14605,00700,全域,002,女,003,２歳,20000,長野県,1980000000,1980年,人
14004,00700,全域,002,女,003,２歳,21000,岐阜県,1980000000,1980年,人
25536,00700,全域,002,女,003,２歳,22000,静岡県,1980000000,1980年,人
46646,00700,全域,002,女,003,２歳,23000,愛知県,1980000000,1980年,人
11302,00700,全域,002,女,003,２歳,24000,三重県,1980000000,1980年,人
8617,00700,全域,002,女,003,２歳,25000,滋賀県,1980000000,1980年,人
17521,00700,全域,002,女,003,２歳,26000,京都府,1980000000,1980年,人
59672,00700,全域,002,女,003,２歳,27000,大阪府,1980000000,1980年,人
36834,00700,全域,002,女,003,２歳,28000,兵庫県,1980000000,1980年,人
8783,00700,全域,002,女,003,２歳,29000,奈良県,1980000000,1980年,人
7210,00700,全域,002,女,003,２歳,30000,和歌山県,1980000000,1980年,人
4200,00700,全域,002,女,003,２歳,31000,鳥取県,1980000000,1980年,人
5061,00700,全域,002,女,003,２歳,32000,島根県,1980000000,1980年,人
12703,00700,全域,002,女,003,２歳,33000,岡山県,1980000000,1980年,人
19809,00700,全域,002,女,003,２歳,34000,広島県,1980000000,1980年,人
10422,00700,全域,002,女,003,２歳,35000,山口県,1980000000,1980年,人
5327,00700,全域,002,女,003,２歳,36000,徳島県,1980000000,1980年,人
6770,00700,全域,002,女,003,２歳,37000,香川県,1980000000,1980年,人
10265,00700,全域,002,女,003,２歳,38000,愛媛県,1980000000,1980年,人
5318,00700,全域,002,女,003,２歳,39000,高知県,1980000000,1980年,人
33162,00700,全域,002,女,003,２歳,40000,福岡県,1980000000,1980年,人
6157,00700,全域,002,女,003,２歳,41000,佐賀県,1980000000,1980年,人
11505,00700,全域,002,女,003,２歳,42000,長崎県,1980000000,1980年,人
12310,00700,全域,002,女,003,２歳,43000,熊本県,1980000000,1980年,人
8462,00700,全域,002,女,003,２歳,44000,大分県,1980000000,1980年,人
8592,00700,全域,002,女,003,２歳,45000,宮崎県,1980000000,1980年,人
12450,00700,全域,002,女,003,２歳,46000,鹿児島県,1980000000,1980年,人
10010,00700,全域,002,女,003,２歳,47000,沖縄県,1980000000,1980年,人
852643,00700,全域,002,女,004,３歳,00000,全国,1980000000,1980年,人
653794,00700,全域,002,女,004,３歳,00001,全国市部,1980000000,1980年,人
198849,00700,全域,002,女,004,３歳,00002,全国郡部,1980000000,1980年,人
40516,00700,全域,002,女,004,３歳,01000,北海道,1980000000,1980年,人
11234,00700,全域,002,女,004,３歳,02000,青森県,1980000000,1980年,人
10212,00700,全域,002,女,004,３歳,03000,岩手県,1980000000,1980年,人
15771,00700,全域,002,女,004,３歳,04000,宮城県,1980000000,1980年,人
8195,00700,全域,002,女,004,３歳,05000,秋田県,1980000000,1980年,人
8483,00700,全域,002,女,004,３歳,06000,山形県,1980000000,1980年,人
15470,00700,全域,002,女,004,３歳,07000,福島県,1980000000,1980年,人
19679,00700,全域,002,女,004,３歳,08000,茨城県,1980000000,1980年,人
13984,00700,全域,002,女,004,３歳,09000,栃木県,1980000000,1980年,人
13829,00700,全域,002,女,004,３歳,10000,群馬県,1980000000,1980年,人
44087,00700,全域,002,女,004,３歳,11000,埼玉県,1980000000,1980年,人
37875,00700,全域,002,女,004,３歳,12000,千葉県,1980000000,1980年,人
69943,00700,全域,002,女,004,３歳,13000,東京都,1980000000,1980年,人
51930,00700,全域,002,女,004,３歳,14000,神奈川県,1980000000,1980年,人
17972,00700,全域,002,女,004,３歳,15000,新潟県,1980000000,1980年,人
7823,00700,全域,002,女,004,３歳,16000,富山県,1980000000,1980年,人
8418,00700,全域,002,女,004,３歳,17000,石川県,1980000000,1980年,人
5744,00700,全域,002,女,004,３歳,18000,福井県,1980000000,1980年,人
5660,00700,全域,002,女,004,３歳,19000,山梨県,1980000000,1980年,人
14635,00700,全域,002,女,004,３歳,20000,長野県,1980000000,1980年,人
14136,00700,全域,002,女,004,３歳,21000,岐阜県,1980000000,1980年,人
25950,00700,全域,002,女,004,３歳,22000,静岡県,1980000000,1980年,人
48157,00700,全域,002,女,004,３歳,23000,愛知県,1980000000,1980年,人
11808,00700,全域,002,女,004,３歳,24000,三重県,1980000000,1980年,人
8701,00700,全域,002,女,004,３歳,25000,滋賀県,1980000000,1980年,人
17841,00700,全域,002,女,004,３歳,26000,京都府,1980000000,1980年,人
61812,00700,全域,002,女,004,３歳,27000,大阪府,1980000000,1980年,人
37863,00700,全域,002,女,004,３歳,28000,兵庫県,1980000000,1980年,人
9043,00700,全域,002,女,004,３歳,29000,奈良県,1980000000,1980年,人
7163,00700,全域,002,女,004,３歳,30000,和歌山県,1980000000,1980年,人
4340,00700,全域,002,女,004,３歳,31000,鳥取県,1980000000,1980年,人
5266,00700,全域,002,女,004,３歳,32000,島根県,1980000000,1980年,人
13292,00700,全域,002,女,004,３歳,33000,岡山県,1980000000,1980年,人
20327,00700,全域,002,女,004,３歳,34000,広島県,1980000000,1980年,人
11189,00700,全域,002,女,004,３歳,35000,山口県,1980000000,1980年,人
5326,00700,全域,002,女,004,３歳,36000,徳島県,1980000000,1980年,人
7307,00700,全域,002,女,004,３歳,37000,香川県,1980000000,1980年,人
10824,00700,全域,002,女,004,３歳,38000,愛媛県,1980000000,1980年,人
5540,00700,全域,002,女,004,３歳,39000,高知県,1980000000,1980年,人
33731,00700,全域,002,女,004,３歳,40000,福岡県,1980000000,1980年,人
6414,00700,全域,002,女,004,３歳,41000,佐賀県,1980000000,1980年,人
11802,00700,全域,002,女,004,３歳,42000,長崎県,1980000000,1980年,人
12484,00700,全域,002,女,004,３歳,43000,熊本県,1980000000,1980年,人
8748,00700,全域,002,女,004,３歳,44000,大分県,1980000000,1980年,人
8960,00700,全域,002,女,004,３歳,45000,宮崎県,1980000000,1980年,人
12578,00700,全域,002,女,004,３歳,46000,鹿児島県,1980000000,1980年,人
10581,00700,全域,002,女,004,３歳,47000,沖縄県,1980000000,1980年,人
895206,00700,全域,002,女,005,４歳,00000,全国,1980000000,1980年,人
687772,00700,全域,002,女,005,４歳,00001,全国市部,1980000000,1980年,人
207434,00700,全域,002,女,005,４歳,00002,全国郡部,1980000000,1980年,人
42600,00700,全域,002,女,005,４歳,01000,北海道,1980000000,1980年,人
11612,00700,全域,002,女,005,４歳,02000,青森県,1980000000,1980年,人
10684,00700,全域,002,女,005,４歳,03000,岩手県,1980000000,1980年,人
16015,00700,全域,002,女,005,４歳,04000,宮城県,1980000000,1980年,人
8781,00700,全域,002,女,005,４歳,05000,秋田県,1980000000,1980年,人
8764,00700,全域,002,女,005,４歳,06000,山形県,1980000000,1980年,人
15594,00700,全域,002,女,005,４歳,07000,福島県,1980000000,1980年,人
20857,00700,全域,002,女,005,４歳,08000,茨城県,1980000000,1980年,人
14476,00700,全域,002,女,005,４歳,09000,栃木県,1980000000,1980年,人
14750,00700,全域,002,女,005,４歳,10000,群馬県,1980000000,1980年,人
47054,00700,全域,002,女,005,４歳,11000,埼玉県,1980000000,1980年,人
40379,00700,全域,002,女,005,４歳,12000,千葉県,1980000000,1980年,人
73503,00700,全域,002,女,005,４歳,13000,東京都,1980000000,1980年,人
54607,00700,全域,002,女,005,４歳,14000,神奈川県,1980000000,1980年,人
18655,00700,全域,002,女,005,４歳,15000,新潟県,1980000000,1980年,人
8128,00700,全域,002,女,005,４歳,16000,富山県,1980000000,1980年,人
8897,00700,全域,002,女,005,４歳,17000,石川県,1980000000,1980年,人
6062,00700,全域,002,女,005,４歳,18000,福井県,1980000000,1980年,人
5944,00700,全域,002,女,005,４歳,19000,山梨県,1980000000,1980年,人
15571,00700,全域,002,女,005,４歳,20000,長野県,1980000000,1980年,人
15351,00700,全域,002,女,005,４歳,21000,岐阜県,1980000000,1980年,人
27263,00700,全域,002,女,005,４歳,22000,静岡県,1980000000,1980年,人
50329,00700,全域,002,女,005,４歳,23000,愛知県,1980000000,1980年,人
12463,00700,全域,002,女,005,４歳,24000,三重県,1980000000,1980年,人
9034,00700,全域,002,女,005,４歳,25000,滋賀県,1980000000,1980年,人
18990,00700,全域,002,女,005,４歳,26000,京都府,1980000000,1980年,人
65346,00700,全域,002,女,005,４歳,27000,大阪府,1980000000,1980年,人
39739,00700,全域,002,女,005,４歳,28000,兵庫県,1980000000,1980年,人
9590,00700,全域,002,女,005,４歳,29000,奈良県,1980000000,1980年,人
7692,00700,全域,002,女,005,４歳,30000,和歌山県,1980000000,1980年,人
4483,00700,全域,002,女,005,４歳,31000,鳥取県,1980000000,1980年,人
5510,00700,全域,002,女,005,４歳,32000,島根県,1980000000,1980年,人
14034,00700,全域,002,女,005,４歳,33000,岡山県,1980000000,1980年,人
21520,00700,全域,002,女,005,４歳,34000,広島県,1980000000,1980年,人
11364,00700,全域,002,女,005,４歳,35000,山口県,1980000000,1980年,人
5758,00700,全域,002,女,005,４歳,36000,徳島県,1980000000,1980年,人
7564,00700,全域,002,女,005,４歳,37000,香川県,1980000000,1980年,人
11220,00700,全域,002,女,005,４歳,38000,愛媛県,1980000000,1980年,人
5910,00700,全域,002,女,005,４歳,39000,高知県,1980000000,1980年,人
35158,00700,全域,002,女,005,４歳,40000,福岡県,1980000000,1980年,人
6508,00700,全域,002,女,005,４歳,41000,佐賀県,1980000000,1980年,人
12131,00700,全域,002,女,005,４歳,42000,長崎県,1980000000,1980年,人
13149,00700,全域,002,女,005,４歳,43000,熊本県,1980000000,1980年,人
9310,00700,全域,002,女,005,４歳,44000,大分県,1980000000,1980年,人
9404,00700,全域,002,女,005,４歳,45000,宮崎県,1980000000,1980年,人
12746,00700,全域,002,女,005,４歳,46000,鹿児島県,1980000000,1980年,人
10707,00700,全域,002,女,005,４歳,47000,沖縄県,1980000000,1980年,人
939188,00700,全域,002,女,006,５歳,00000,全国,1980000000,1980年,人
722539,00700,全域,002,女,006,５歳,00001,全国市部,1980000000,1980年,人
216649,00700,全域,002,女,006,５歳,00002,全国郡部,1980000000,1980年,人
44473,00700,全域,002,女,006,５歳,01000,北海道,1980000000,1980年,人
12048,00700,全域,002,女,006,５歳,02000,青森県,1980000000,1980年,人
11130,00700,全域,002,女,006,５歳,03000,岩手県,1980000000,1980年,人
16486,00700,全域,002,女,006,５歳,04000,宮城県,1980000000,1980年,人
8870,00700,全域,002,女,006,５歳,05000,秋田県,1980000000,1980年,人
8868,00700,全域,002,女,006,５歳,06000,山形県,1980000000,1980年,人
16105,00700,全域,002,女,006,５歳,07000,福島県,1980000000,1980年,人
21924,00700,全域,002,女,006,５歳,08000,茨城県,1980000000,1980年,人
15077,00700,全域,002,女,006,５歳,09000,栃木県,1980000000,1980年,人
15163,00700,全域,002,女,006,５歳,10000,群馬県,1980000000,1980年,人
50305,00700,全域,002,女,006,５歳,11000,埼玉県,1980000000,1980年,人
42218,00700,全域,002,女,006,５歳,12000,千葉県,1980000000,1980年,人
77814,00700,全域,002,女,006,５歳,13000,東京都,1980000000,1980年,人
57787,00700,全域,002,女,006,５歳,14000,神奈川県,1980000000,1980年,人
18982,00700,全域,002,女,006,５歳,15000,新潟県,1980000000,1980年,人
8770,00700,全域,002,女,006,５歳,16000,富山県,1980000000,1980年,人
9382,00700,全域,002,女,006,５歳,17000,石川県,1980000000,1980年,人
6348,00700,全域,002,女,006,５歳,18000,福井県,1980000000,1980年,人
5990,00700,全域,002,女,006,５歳,19000,山梨県,1980000000,1980年,人
16154,00700,全域,002,女,006,５歳,20000,長野県,1980000000,1980年,人
16021,00700,全域,002,女,006,５歳,21000,岐阜県,1980000000,1980年,人
28563,00700,全域,002,女,006,５歳,22000,静岡県,1980000000,1980年,人
53727,00700,全域,002,女,006,５歳,23000,愛知県,1980000000,1980年,人
13211,00700,全域,002,女,006,５歳,24000,三重県,1980000000,1980年,人
9432,00700,全域,002,女,006,５歳,25000,滋賀県,1980000000,1980年,人
19992,00700,全域,002,女,006,５歳,26000,京都府,1980000000,1980年,人
69349,00700,全域,002,女,006,５歳,27000,大阪府,1980000000,1980年,人
42161,00700,全域,002,女,006,５歳,28000,兵庫県,1980000000,1980年,人
9914,00700,全域,002,女,006,５歳,29000,奈良県,1980000000,1980年,人
8232,00700,全域,002,女,006,５歳,30000,和歌山県,1980000000,1980年,人
4404,00700,全域,002,女,006,５歳,31000,鳥取県,1980000000,1980年,人
5747,00700,全域,002,女,006,５歳,32000,島根県,1980000000,1980年,人
15113,00700,全域,002,女,006,５歳,33000,岡山県,1980000000,1980年,人
22927,00700,全域,002,女,006,５歳,34000,広島県,1980000000,1980年,人
12210,00700,全域,002,女,006,５歳,35000,山口県,1980000000,1980年,人
6137,00700,全域,002,女,006,５歳,36000,徳島県,1980000000,1980年,人
7920,00700,全域,002,女,006,５歳,37000,香川県,1980000000,1980年,人
11781,00700,全域,002,女,006,５歳,38000,愛媛県,1980000000,1980年,人
6008,00700,全域,002,女,006,５歳,39000,高知県,1980000000,1980年,人
36235,00700,全域,002,女,006,５歳,40000,福岡県,1980000000,1980年,人
6690,00700,全域,002,女,006,５歳,41000,佐賀県,1980000000,1980年,人
12824,00700,全域,002,女,006,５歳,42000,長崎県,1980000000,1980年,人
13311,00700,全域,002,女,006,５歳,43000,熊本県,1980000000,1980年,人
9544,00700,全域,002,女,006,５歳,44000,大分県,1980000000,1980年,人
9507,00700,全域,002,女,006,５歳,45000,宮崎県,1980000000,1980年,人
13215,00700,全域,002,女,006,５歳,46000,鹿児島県,1980000000,1980年,人
11119,00700,全域,002,女,006,５歳,47000,沖縄県,1980000000,1980年,人
990115,00700,全域,002,女,007,６歳,00000,全国,1980000000,1980年,人
764404,00700,全域,002,女,007,６歳,00001,全国市部,1980000000,1980年,人
225711,00700,全域,002,女,007,６歳,00002,全国郡部,1980000000,1980年,人
46349,00700,全域,002,女,007,６歳,01000,北海道,1980000000,1980年,人
12606,00700,全域,002,女,007,６歳,02000,青森県,1980000000,1980年,人
11224,00700,全域,002,女,007,６歳,03000,岩手県,1980000000,1980年,人
17153,00700,全域,002,女,007,６歳,04000,宮城県,1980000000,1980年,人
8910,00700,全域,002,女,007,６歳,05000,秋田県,1980000000,1980年,人
9158,00700,全域,002,女,007,６歳,06000,山形県,1980000000,1980年,人
16371,00700,全域,002,女,007,６歳,07000,福島県,1980000000,1980年,人
22874,00700,全域,002,女,007,６歳,08000,茨城県,1980000000,1980年,人
15735,00700,全域,002,女,007,６歳,09000,栃木県,1980000000,1980年,人
16256,00700,全域,002,女,007,６歳,10000,群馬県,1980000000,1980年,人
54655,00700,全域,002,女,007,６歳,11000,埼玉県,1980000000,1980年,人
45037,00700,全域,002,女,007,６歳,12000,千葉県,1980000000,1980年,人
84182,00700,全域,002,女,007,６歳,13000,東京都,1980000000,1980年,人
61323,00700,全域,002,女,007,６歳,14000,神奈川県,1980000000,1980年,人
19275,00700,全域,002,女,007,６歳,15000,新潟県,1980000000,1980年,人
9209,00700,全域,002,女,007,６歳,16000,富山県,1980000000,1980年,人
9806,00700,全域,002,女,007,６歳,17000,石川県,1980000000,1980年,人
6574,00700,全域,002,女,007,６歳,18000,福井県,1980000000,1980年,人
6268,00700,全域,002,女,007,６歳,19000,山梨県,1980000000,1980年,人
16796,00700,全域,002,女,007,６歳,20000,長野県,1980000000,1980年,人
17272,00700,全域,002,女,007,６歳,21000,岐阜県,1980000000,1980年,人
29961,00700,全域,002,女,007,６歳,22000,静岡県,1980000000,1980年,人
56681,00700,全域,002,女,007,６歳,23000,愛知県,1980000000,1980年,人
13968,00700,全域,002,女,007,６歳,24000,三重県,1980000000,1980年,人
9678,00700,全域,002,女,007,６歳,25000,滋賀県,1980000000,1980年,人
21104,00700,全域,002,女,007,６歳,26000,京都府,1980000000,1980年,人
74830,00700,全域,002,女,007,６歳,27000,大阪府,1980000000,1980年,人
44635,00700,全域,002,女,007,６歳,28000,兵庫県,1980000000,1980年,人
10786,00700,全域,002,女,007,６歳,29000,奈良県,1980000000,1980年,人
8715,00700,全域,002,女,007,６歳,30000,和歌山県,1980000000,1980年,人
4723,00700,全域,002,女,007,６歳,31000,鳥取県,1980000000,1980年,人
6017,00700,全域,002,女,007,６歳,32000,島根県,1980000000,1980年,人
15650,00700,全域,002,女,007,６歳,33000,岡山県,1980000000,1980年,人
24151,00700,全域,002,女,007,６歳,34000,広島県,1980000000,1980年,人
12573,00700,全域,002,女,007,６歳,35000,山口県,1980000000,1980年,人
6339,00700,全域,002,女,007,６歳,36000,徳島県,1980000000,1980年,人
8162,00700,全域,002,女,007,６歳,37000,香川県,1980000000,1980年,人
12437,00700,全域,002,女,007,６歳,38000,愛媛県,1980000000,1980年,人
6284,00700,全域,002,女,007,６歳,39000,高知県,1980000000,1980年,人
37482,00700,全域,002,女,007,６歳,40000,福岡県,1980000000,1980年,人
7062,00700,全域,002,女,007,６歳,41000,佐賀県,1980000000,1980年,人
13355,00700,全域,002,女,007,６歳,42000,長崎県,1980000000,1980年,人
13584,00700,全域,002,女,007,６歳,43000,熊本県,1980000000,1980年,人
9759,00700,全域,002,女,007,６歳,44000,大分県,1980000000,1980年,人
9726,00700,全域,002,女,007,６歳,45000,宮崎県,1980000000,1980年,人
13724,00700,全域,002,女,007,６歳,46000,鹿児島県,1980000000,1980年,人
11696,00700,全域,002,女,007,６歳,47000,沖縄県,1980000000,1980年,人
1009314,00700,全域,002,女,008,７歳,00000,全国,1980000000,1980年,人
781288,00700,全域,002,女,008,７歳,00001,全国市部,1980000000,1980年,人
228026,00700,全域,002,女,008,７歳,00002,全国郡部,1980000000,1980年,人
46219,00700,全域,002,女,008,７歳,01000,北海道,1980000000,1980年,人
12924,00700,全域,002,女,008,７歳,02000,青森県,1980000000,1980年,人
11352,00700,全域,002,女,008,７歳,03000,岩手県,1980000000,1980年,人
17090,00700,全域,002,女,008,７歳,04000,宮城県,1980000000,1980年,人
9071,00700,全域,002,女,008,７歳,05000,秋田県,1980000000,1980年,人
9050,00700,全域,002,女,008,７歳,06000,山形県,1980000000,1980年,人
16390,00700,全域,002,女,008,７歳,07000,福島県,1980000000,1980年,人
23407,00700,全域,002,女,008,７歳,08000,茨城県,1980000000,1980年,人
15885,00700,全域,002,女,008,７歳,09000,栃木県,1980000000,1980年,人
16330,00700,全域,002,女,008,７歳,10000,群馬県,1980000000,1980年,人
56190,00700,全域,002,女,008,７歳,11000,埼玉県,1980000000,1980年,人
46343,00700,全域,002,女,008,７歳,12000,千葉県,1980000000,1980年,人
87380,00700,全域,002,女,008,７歳,13000,東京都,1980000000,1980年,人
64006,00700,全域,002,女,008,７歳,14000,神奈川県,1980000000,1980年,人
19517,00700,全域,002,女,008,７歳,15000,新潟県,1980000000,1980年,人
9321,00700,全域,002,女,008,７歳,16000,富山県,1980000000,1980年,人
10108,00700,全域,002,女,008,７歳,17000,石川県,1980000000,1980年,人
6717,00700,全域,002,女,008,７歳,18000,福井県,1980000000,1980年,人
6507,00700,全域,002,女,008,７歳,19000,山梨県,1980000000,1980年,人
16591,00700,全域,002,女,008,７歳,20000,長野県,1980000000,1980年,人
17621,00700,全域,002,女,008,７歳,21000,岐阜県,1980000000,1980年,人
30669,00700,全域,002,女,008,７歳,22000,静岡県,1980000000,1980年,人
58336,00700,全域,002,女,008,７歳,23000,愛知県,1980000000,1980年,人
14364,00700,全域,002,女,008,７歳,24000,三重県,1980000000,1980年,人
9792,00700,全域,002,女,008,７歳,25000,滋賀県,1980000000,1980年,人
21511,00700,全域,002,女,008,７歳,26000,京都府,1980000000,1980年,人
77055,00700,全域,002,女,008,７歳,27000,大阪府,1980000000,1980年,人
45857,00700,全域,002,女,008,７歳,28000,兵庫県,1980000000,1980年,人
11049,00700,全域,002,女,008,７歳,29000,奈良県,1980000000,1980年,人
8895,00700,全域,002,女,008,７歳,30000,和歌山県,1980000000,1980年,人
4675,00700,全域,002,女,008,７歳,31000,鳥取県,1980000000,1980年,人
6030,00700,全域,002,女,008,７歳,32000,島根県,1980000000,1980年,人
15775,00700,全域,002,女,008,７歳,33000,岡山県,1980000000,1980年,人
24266,00700,全域,002,女,008,７歳,34000,広島県,1980000000,1980年,人
13144,00700,全域,002,女,008,７歳,35000,山口県,1980000000,1980年,人
6251,00700,全域,002,女,008,７歳,36000,徳島県,1980000000,1980年,人
8216,00700,全域,002,女,008,７歳,37000,香川県,1980000000,1980年,人
12383,00700,全域,002,女,008,７歳,38000,愛媛県,1980000000,1980年,人
6386,00700,全域,002,女,008,７歳,39000,高知県,1980000000,1980年,人
37392,00700,全域,002,女,008,７歳,40000,福岡県,1980000000,1980年,人
6967,00700,全域,002,女,008,７歳,41000,佐賀県,1980000000,1980年,人
13563,00700,全域,002,女,008,７歳,42000,長崎県,1980000000,1980年,人
13820,00700,全域,002,女,008,７歳,43000,熊本県,1980000000,1980年,人
9866,00700,全域,002,女,008,７歳,44000,大分県,1980000000,1980年,人
9628,00700,全域,002,女,008,７歳,45000,宮崎県,1980000000,1980年,人
13848,00700,全域,002,女,008,７歳,46000,鹿児島県,1980000000,1980年,人
11557,00700,全域,002,女,008,７歳,47000,沖縄県,1980000000,1980年,人
986149,00700,全域,002,女,009,８歳,00000,全国,1980000000,1980年,人
764046,00700,全域,002,女,009,８歳,00001,全国市部,1980000000,1980年,人
222103,00700,全域,002,女,009,８歳,00002,全国郡部,1980000000,1980年,人
45343,00700,全域,002,女,009,８歳,01000,北海道,1980000000,1980年,人
12655,00700,全域,002,女,009,８歳,02000,青森県,1980000000,1980年,人
10984,00700,全域,002,女,009,８歳,03000,岩手県,1980000000,1980年,人
15972,00700,全域,002,女,009,８歳,04000,宮城県,1980000000,1980年,人
8849,00700,全域,002,女,009,８歳,05000,秋田県,1980000000,1980年,人
8837,00700,全域,002,女,009,８歳,06000,山形県,1980000000,1980年,人
15786,00700,全域,002,女,009,８歳,07000,福島県,1980000000,1980年,人
22517,00700,全域,002,女,009,８歳,08000,茨城県,1980000000,1980年,人
15396,00700,全域,002,女,009,８歳,09000,栃木県,1980000000,1980年,人
16211,00700,全域,002,女,009,８歳,10000,群馬県,1980000000,1980年,人
55196,00700,全域,002,女,009,８歳,11000,埼玉県,1980000000,1980年,人
45371,00700,全域,002,女,009,８歳,12000,千葉県,1980000000,1980年,人
85976,00700,全域,002,女,009,８歳,13000,東京都,1980000000,1980年,人
63023,00700,全域,002,女,009,８歳,14000,神奈川県,1980000000,1980年,人
18528,00700,全域,002,女,009,８歳,15000,新潟県,1980000000,1980年,人
9249,00700,全域,002,女,009,８歳,16000,富山県,1980000000,1980年,人
9636,00700,全域,002,女,009,８歳,17000,石川県,1980000000,1980年,人
6502,00700,全域,002,女,009,８歳,18000,福井県,1980000000,1980年,人
6390,00700,全域,002,女,009,８歳,19000,山梨県,1980000000,1980年,人
16285,00700,全域,002,女,009,８歳,20000,長野県,1980000000,1980年,人
16849,00700,全域,002,女,009,８歳,21000,岐阜県,1980000000,1980年,人
29886,00700,全域,002,女,009,８歳,22000,静岡県,1980000000,1980年,人
57424,00700,全域,002,女,009,８歳,23000,愛知県,1980000000,1980年,人
14120,00700,全域,002,女,009,８歳,24000,三重県,1980000000,1980年,人
9520,00700,全域,002,女,009,８歳,25000,滋賀県,1980000000,1980年,人
21063,00700,全域,002,女,009,８歳,26000,京都府,1980000000,1980年,人
76779,00700,全域,002,女,009,８歳,27000,大阪府,1980000000,1980年,人
44601,00700,全域,002,女,009,８歳,28000,兵庫県,1980000000,1980年,人
10677,00700,全域,002,女,009,８歳,29000,奈良県,1980000000,1980年,人
8694,00700,全域,002,女,009,８歳,30000,和歌山県,1980000000,1980年,人
4653,00700,全域,002,女,009,８歳,31000,鳥取県,1980000000,1980年,人
5871,00700,全域,002,女,009,８歳,32000,島根県,1980000000,1980年,人
15292,00700,全域,002,女,009,８歳,33000,岡山県,1980000000,1980年,人
23780,00700,全域,002,女,009,８歳,34000,広島県,1980000000,1980年,人
12734,00700,全域,002,女,009,８歳,35000,山口県,1980000000,1980年,人
6155,00700,全域,002,女,009,８歳,36000,徳島県,1980000000,1980年,人
7989,00700,全域,002,女,009,８歳,37000,香川県,1980000000,1980年,人
12078,00700,全域,002,女,009,８歳,38000,愛媛県,1980000000,1980年,人
6350,00700,全域,002,女,009,８歳,39000,高知県,1980000000,1980年,人
36414,00700,全域,002,女,009,８歳,40000,福岡県,1980000000,1980年,人
6753,00700,全域,002,女,009,８歳,41000,佐賀県,1980000000,1980年,人
13080,00700,全域,002,女,009,８歳,42000,長崎県,1980000000,1980年,人
13238,00700,全域,002,女,009,８歳,43000,熊本県,1980000000,1980年,人
9579,00700,全域,002,女,009,８歳,44000,大分県,1980000000,1980年,人
9319,00700,全域,002,女,009,８歳,45000,宮崎県,1980000000,1980年,人
13508,00700,全域,002,女,009,８歳,46000,鹿児島県,1980000000,1980年,人
11037,00700,全域,002,女,009,８歳,47000,沖縄県,1980000000,1980年,人
964781,00700,全域,002,女,010,９歳,00000,全国,1980000000,1980年,人
747028,00700,全域,002,女,010,９歳,00001,全国市部,1980000000,1980年,人
217753,00700,全域,002,女,010,９歳,00002,全国郡部,1980000000,1980年,人
44182,00700,全域,002,女,010,９歳,01000,北海道,1980000000,1980年,人
12636,00700,全域,002,女,010,９歳,02000,青森県,1980000000,1980年,人
10546,00700,全域,002,女,010,９歳,03000,岩手県,1980000000,1980年,人
16102,00700,全域,002,女,010,９歳,04000,宮城県,1980000000,1980年,人
8633,00700,全域,002,女,010,９歳,05000,秋田県,1980000000,1980年,人
8555,00700,全域,002,女,010,９歳,06000,山形県,1980000000,1980年,人
15315,00700,全域,002,女,010,９歳,07000,福島県,1980000000,1980年,人
22319,00700,全域,002,女,010,９歳,08000,茨城県,1980000000,1980年,人
14859,00700,全域,002,女,010,９歳,09000,栃木県,1980000000,1980年,人
15293,00700,全域,002,女,010,９歳,10000,群馬県,1980000000,1980年,人
53128,00700,全域,002,女,010,９歳,11000,埼玉県,1980000000,1980年,人
44545,00700,全域,002,女,010,９歳,12000,千葉県,1980000000,1980年,人
86222,00700,全域,002,女,010,９歳,13000,東京都,1980000000,1980年,人
62009,00700,全域,002,女,010,９歳,14000,神奈川県,1980000000,1980年,人
18375,00700,全域,002,女,010,９歳,15000,新潟県,1980000000,1980年,人
8898,00700,全域,002,女,010,９歳,16000,富山県,1980000000,1980年,人
9399,00700,全域,002,女,010,９歳,17000,石川県,1980000000,1980年,人
6219,00700,全域,002,女,010,９歳,18000,福井県,1980000000,1980年,人
6285,00700,全域,002,女,010,９歳,19000,山梨県,1980000000,1980年,人
15921,00700,全域,002,女,010,９歳,20000,長野県,1980000000,1980年,人
17018,00700,全域,002,女,010,９歳,21000,岐阜県,1980000000,1980年,人
29731,00700,全域,002,女,010,９歳,22000,静岡県,1980000000,1980年,人
56100,00700,全域,002,女,010,９歳,23000,愛知県,1980000000,1980年,人
13607,00700,全域,002,女,010,９歳,24000,三重県,1980000000,1980年,人
9247,00700,全域,002,女,010,９歳,25000,滋賀県,1980000000,1980年,人
20424,00700,全域,002,女,010,９歳,26000,京都府,1980000000,1980年,人
75200,00700,全域,002,女,010,９歳,27000,大阪府,1980000000,1980年,人
43435,00700,全域,002,女,010,９歳,28000,兵庫県,1980000000,1980年,人
10493,00700,全域,002,女,010,９歳,29000,奈良県,1980000000,1980年,人
8550,00700,全域,002,女,010,９歳,30000,和歌山県,1980000000,1980年,人
4297,00700,全域,002,女,010,９歳,31000,鳥取県,1980000000,1980年,人
5436,00700,全域,002,女,010,９歳,32000,島根県,1980000000,1980年,人
14814,00700,全域,002,女,010,９歳,33000,岡山県,1980000000,1980年,人
22798,00700,全域,002,女,010,９歳,34000,広島県,1980000000,1980年,人
12359,00700,全域,002,女,010,９歳,35000,山口県,1980000000,1980年,人
6061,00700,全域,002,女,010,９歳,36000,徳島県,1980000000,1980年,人
7585,00700,全域,002,女,010,９歳,37000,香川県,1980000000,1980年,人
11847,00700,全域,002,女,010,９歳,38000,愛媛県,1980000000,1980年,人
6056,00700,全域,002,女,010,９歳,39000,高知県,1980000000,1980年,人
35284,00700,全域,002,女,010,９歳,40000,福岡県,1980000000,1980年,人
6567,00700,全域,002,女,010,９歳,41000,佐賀県,1980000000,1980年,人
13120,00700,全域,002,女,010,９歳,42000,長崎県,1980000000,1980年,人
12807,00700,全域,002,女,010,９歳,43000,熊本県,1980000000,1980年,人
9410,00700,全域,002,女,010,９歳,44000,大分県,1980000000,1980年,人
9078,00700,全域,002,女,010,９歳,45000,宮崎県,1980000000,1980年,人
13057,00700,全域,002,女,010,９歳,46000,鹿児島県,1980000000,1980年,人
10959,00700,全域,002,女,010,９歳,47000,沖縄県,1980000000,1980年,人
934427,00700,全域,002,女,011,１０歳,00000,全国,1980000000,1980年,人
721444,00700,全域,002,女,011,１０歳,00001,全国市部,1980000000,1980年,人
212983,00700,全域,002,女,011,１０歳,00002,全国郡部,1980000000,1980年,人
43214,00700,全域,002,女,011,１０歳,01000,北海道,1980000000,1980年,人
12704,00700,全域,002,女,011,１０歳,02000,青森県,1980000000,1980年,人
10764,00700,全域,002,女,011,１０歳,03000,岩手県,1980000000,1980年,人
15528,00700,全域,002,女,011,１０歳,04000,宮城県,1980000000,1980年,人
8694,00700,全域,002,女,011,１０歳,05000,秋田県,1980000000,1980年,人
8532,00700,全域,002,女,011,１０歳,06000,山形県,1980000000,1980年,人
15140,00700,全域,002,女,011,１０歳,07000,福島県,1980000000,1980年,人
21225,00700,全域,002,女,011,１０歳,08000,茨城県,1980000000,1980年,人
14259,00700,全域,002,女,011,１０歳,09000,栃木県,1980000000,1980年,人
14945,00700,全域,002,女,011,１０歳,10000,群馬県,1980000000,1980年,人
50931,00700,全域,002,女,011,１０歳,11000,埼玉県,1980000000,1980年,人
42414,00700,全域,002,女,011,１０歳,12000,千葉県,1980000000,1980年,人
83121,00700,全域,002,女,011,１０歳,13000,東京都,1980000000,1980年,人
59122,00700,全域,002,女,011,１０歳,14000,神奈川県,1980000000,1980年,人
17829,00700,全域,002,女,011,１０歳,15000,新潟県,1980000000,1980年,人
8343,00700,全域,002,女,011,１０歳,16000,富山県,1980000000,1980年,人
8962,00700,全域,002,女,011,１０歳,17000,石川県,1980000000,1980年,人
5995,00700,全域,002,女,011,１０歳,18000,福井県,1980000000,1980年,人
6330,00700,全域,002,女,011,１０歳,19000,山梨県,1980000000,1980年,人
15737,00700,全域,002,女,011,１０歳,20000,長野県,1980000000,1980年,人
16269,00700,全域,002,女,011,１０歳,21000,岐阜県,1980000000,1980年,人
27921,00700,全域,002,女,011,１０歳,22000,静岡県,1980000000,1980年,人
53252,00700,全域,002,女,011,１０歳,23000,愛知県,1980000000,1980年,人
13194,00700,全域,002,女,011,１０歳,24000,三重県,1980000000,1980年,人
8679,00700,全域,002,女,011,１０歳,25000,滋賀県,1980000000,1980年,人
19521,00700,全域,002,女,011,１０歳,26000,京都府,1980000000,1980年,人
73441,00700,全域,002,女,011,１０歳,27000,大阪府,1980000000,1980年,人
42289,00700,全域,002,女,011,１０歳,28000,兵庫県,1980000000,1980年,人
10332,00700,全域,002,女,011,１０歳,29000,奈良県,1980000000,1980年,人
8538,00700,全域,002,女,011,１０歳,30000,和歌山県,1980000000,1980年,人
4112,00700,全域,002,女,011,１０歳,31000,鳥取県,1980000000,1980年,人
5406,00700,全域,002,女,011,１０歳,32000,島根県,1980000000,1980年,人
14331,00700,全域,002,女,011,１０歳,33000,岡山県,1980000000,1980年,人
21815,00700,全域,002,女,011,１０歳,34000,広島県,1980000000,1980年,人
12264,00700,全域,002,女,011,１０歳,35000,山口県,1980000000,1980年,人
5938,00700,全域,002,女,011,１０歳,36000,徳島県,1980000000,1980年,人
7469,00700,全域,002,女,011,１０歳,37000,香川県,1980000000,1980年,人
11403,00700,全域,002,女,011,１０歳,38000,愛媛県,1980000000,1980年,人
5889,00700,全域,002,女,011,１０歳,39000,高知県,1980000000,1980年,人
34583,00700,全域,002,女,011,１０歳,40000,福岡県,1980000000,1980年,人
6457,00700,全域,002,女,011,１０歳,41000,佐賀県,1980000000,1980年,人
13071,00700,全域,002,女,011,１０歳,42000,長崎県,1980000000,1980年,人
12882,00700,全域,002,女,011,１０歳,43000,熊本県,1980000000,1980年,人
9050,00700,全域,002,女,011,１０歳,44000,大分県,1980000000,1980年,人
8721,00700,全域,002,女,011,１０歳,45000,宮崎県,1980000000,1980年,人
13211,00700,全域,002,女,011,１０歳,46000,鹿児島県,1980000000,1980年,人
10600,00700,全域,002,女,011,１０歳,47000,沖縄県,1980000000,1980年,人
920572,00700,全域,002,女,012,１１歳,00000,全国,1980000000,1980年,人
709229,00700,全域,002,女,012,１１歳,00001,全国市部,1980000000,1980年,人
211343,00700,全域,002,女,012,１１歳,00002,全国郡部,1980000000,1980年,人
42999,00700,全域,002,女,012,１１歳,01000,北海道,1980000000,1980年,人
12627,00700,全域,002,女,012,１１歳,02000,青森県,1980000000,1980年,人
11005,00700,全域,002,女,012,１１歳,03000,岩手県,1980000000,1980年,人
15078,00700,全域,002,女,012,１１歳,04000,宮城県,1980000000,1980年,人
8839,00700,全域,002,女,012,１１歳,05000,秋田県,1980000000,1980年,人
8337,00700,全域,002,女,012,１１歳,06000,山形県,1980000000,1980年,人
14919,00700,全域,002,女,012,１１歳,07000,福島県,1980000000,1980年,人
20535,00700,全域,002,女,012,１１歳,08000,茨城県,1980000000,1980年,人
13923,00700,全域,002,女,012,１１歳,09000,栃木県,1980000000,1980年,人
14583,00700,全域,002,女,012,１１歳,10000,群馬県,1980000000,1980年,人
49351,00700,全域,002,女,012,１１歳,11000,埼玉県,1980000000,1980年,人
41068,00700,全域,002,女,012,１１歳,12000,千葉県,1980000000,1980年,人
83329,00700,全域,002,女,012,１１歳,13000,東京都,1980000000,1980年,人
57565,00700,全域,002,女,012,１１歳,14000,神奈川県,1980000000,1980年,人
18288,00700,全域,002,女,012,１１歳,15000,新潟県,1980000000,1980年,人
8207,00700,全域,002,女,012,１１歳,16000,富山県,1980000000,1980年,人
8389,00700,全域,002,女,012,１１歳,17000,石川県,1980000000,1980年,人
5839,00700,全域,002,女,012,１１歳,18000,福井県,1980000000,1980年,人
6341,00700,全域,002,女,012,１１歳,19000,山梨県,1980000000,1980年,人
15481,00700,全域,002,女,012,１１歳,20000,長野県,1980000000,1980年,人
16062,00700,全域,002,女,012,１１歳,21000,岐阜県,1980000000,1980年,人
27686,00700,全域,002,女,012,１１歳,22000,静岡県,1980000000,1980年,人
52114,00700,全域,002,女,012,１１歳,23000,愛知県,1980000000,1980年,人
13203,00700,全域,002,女,012,１１歳,24000,三重県,1980000000,1980年,人
8548,00700,全域,002,女,012,１１歳,25000,滋賀県,1980000000,1980年,人
19217,00700,全域,002,女,012,１１歳,26000,京都府,1980000000,1980年,人
71316,00700,全域,002,女,012,１１歳,27000,大阪府,1980000000,1980年,人
41193,00700,全域,002,女,012,１１歳,28000,兵庫県,1980000000,1980年,人
9833,00700,全域,002,女,012,１１歳,29000,奈良県,1980000000,1980年,人
8340,00700,全域,002,女,012,１１歳,30000,和歌山県,1980000000,1980年,人
4140,00700,全域,002,女,012,１１歳,31000,鳥取県,1980000000,1980年,人
5387,00700,全域,002,女,012,１１歳,32000,島根県,1980000000,1980年,人
13898,00700,全域,002,女,012,１１歳,33000,岡山県,1980000000,1980年,人
21346,00700,全域,002,女,012,１１歳,34000,広島県,1980000000,1980年,人
12035,00700,全域,002,女,012,１１歳,35000,山口県,1980000000,1980年,人
5710,00700,全域,002,女,012,１１歳,36000,徳島県,1980000000,1980年,人
7111,00700,全域,002,女,012,１１歳,37000,香川県,1980000000,1980年,人
11411,00700,全域,002,女,012,１１歳,38000,愛媛県,1980000000,1980年,人
5690,00700,全域,002,女,012,１１歳,39000,高知県,1980000000,1980年,人
34230,00700,全域,002,女,012,１１歳,40000,福岡県,1980000000,1980年,人
6701,00700,全域,002,女,012,１１歳,41000,佐賀県,1980000000,1980年,人
13324,00700,全域,002,女,012,１１歳,42000,長崎県,1980000000,1980年,人
13030,00700,全域,002,女,012,１１歳,43000,熊本県,1980000000,1980年,人
9351,00700,全域,002,女,012,１１歳,44000,大分県,1980000000,1980年,人
8811,00700,全域,002,女,012,１１歳,45000,宮崎県,1980000000,1980年,人
13371,00700,全域,002,女,012,１１歳,46000,鹿児島県,1980000000,1980年,人
10811,00700,全域,002,女,012,１１歳,47000,沖縄県,1980000000,1980年,人
900343,00700,全域,002,女,013,１２歳,00000,全国,1980000000,1980年,人
688579,00700,全域,002,女,013,１２歳,00001,全国市部,1980000000,1980年,人
211764,00700,全域,002,女,013,１２歳,00002,全国郡部,1980000000,1980年,人
42695,00700,全域,002,女,013,１２歳,01000,北海道,1980000000,1980年,人
12899,00700,全域,002,女,013,１２歳,02000,青森県,1980000000,1980年,人
11272,00700,全域,002,女,013,１２歳,03000,岩手県,1980000000,1980年,人
15024,00700,全域,002,女,013,１２歳,04000,宮城県,1980000000,1980年,人
8893,00700,全域,002,女,013,１２歳,05000,秋田県,1980000000,1980年,人
8447,00700,全域,002,女,013,１２歳,06000,山形県,1980000000,1980年,人
15113,00700,全域,002,女,013,１２歳,07000,福島県,1980000000,1980年,人
20068,00700,全域,002,女,013,１２歳,08000,茨城県,1980000000,1980年,人
13584,00700,全域,002,女,013,１２歳,09000,栃木県,1980000000,1980年,人
14326,00700,全域,002,女,013,１２歳,10000,群馬県,1980000000,1980年,人
46629,00700,全域,002,女,013,１２歳,11000,埼玉県,1980000000,1980年,人
39035,00700,全域,002,女,013,１２歳,12000,千葉県,1980000000,1980年,人
81036,00700,全域,002,女,013,１２歳,13000,東京都,1980000000,1980年,人
54792,00700,全域,002,女,013,１２歳,14000,神奈川県,1980000000,1980年,人
18439,00700,全域,002,女,013,１２歳,15000,新潟県,1980000000,1980年,人
8136,00700,全域,002,女,013,１２歳,16000,富山県,1980000000,1980年,人
8360,00700,全域,002,女,013,１２歳,17000,石川県,1980000000,1980年,人
5954,00700,全域,002,女,013,１２歳,18000,福井県,1980000000,1980年,人
6369,00700,全域,002,女,013,１２歳,19000,山梨県,1980000000,1980年,人
15266,00700,全域,002,女,013,１２歳,20000,長野県,1980000000,1980年,人
15911,00700,全域,002,女,013,１２歳,21000,岐阜県,1980000000,1980年,人
26936,00700,全域,002,女,013,１２歳,22000,静岡県,1980000000,1980年,人
50685,00700,全域,002,女,013,１２歳,23000,愛知県,1980000000,1980年,人
13095,00700,全域,002,女,013,１２歳,24000,三重県,1980000000,1980年,人
8235,00700,全域,002,女,013,１２歳,25000,滋賀県,1980000000,1980年,人
18581,00700,全域,002,女,013,１２歳,26000,京都府,1980000000,1980年,人
68982,00700,全域,002,女,013,１２歳,27000,大阪府,1980000000,1980年,人
39959,00700,全域,002,女,013,１２歳,28000,兵庫県,1980000000,1980年,人
9606,00700,全域,002,女,013,１２歳,29000,奈良県,1980000000,1980年,人
8244,00700,全域,002,女,013,１２歳,30000,和歌山県,1980000000,1980年,人
4078,00700,全域,002,女,013,１２歳,31000,鳥取県,1980000000,1980年,人
5458,00700,全域,002,女,013,１２歳,32000,島根県,1980000000,1980年,人
13437,00700,全域,002,女,013,１２歳,33000,岡山県,1980000000,1980年,人
20668,00700,全域,002,女,013,１２歳,34000,広島県,1980000000,1980年,人
11927,00700,全域,002,女,013,１２歳,35000,山口県,1980000000,1980年,人
5838,00700,全域,002,女,013,１２歳,36000,徳島県,1980000000,1980年,人
6985,00700,全域,002,女,013,１２歳,37000,香川県,1980000000,1980年,人
11274,00700,全域,002,女,013,１２歳,38000,愛媛県,1980000000,1980年,人
5550,00700,全域,002,女,013,１２歳,39000,高知県,1980000000,1980年,人
33342,00700,全域,002,女,013,１２歳,40000,福岡県,1980000000,1980年,人
6614,00700,全域,002,女,013,１２歳,41000,佐賀県,1980000000,1980年,人
13246,00700,全域,002,女,013,１２歳,42000,長崎県,1980000000,1980年,人
13056,00700,全域,002,女,013,１２歳,43000,熊本県,1980000000,1980年,人
9092,00700,全域,002,女,013,１２歳,44000,大分県,1980000000,1980年,人
8873,00700,全域,002,女,013,１２歳,45000,宮崎県,1980000000,1980年,人
13624,00700,全域,002,女,013,１２歳,46000,鹿児島県,1980000000,1980年,人
10710,00700,全域,002,女,013,１２歳,47000,沖縄県,1980000000,1980年,人
903934,00700,全域,002,女,014,１３歳,00000,全国,1980000000,1980年,人
687602,00700,全域,002,女,014,１３歳,00001,全国市部,1980000000,1980年,人
216332,00700,全域,002,女,014,１３歳,00002,全国郡部,1980000000,1980年,人
44169,00700,全域,002,女,014,１３歳,01000,北海道,1980000000,1980年,人
12926,00700,全域,002,女,014,１３歳,02000,青森県,1980000000,1980年,人
11365,00700,全域,002,女,014,１３歳,03000,岩手県,1980000000,1980年,人
15507,00700,全域,002,女,014,１３歳,04000,宮城県,1980000000,1980年,人
9198,00700,全域,002,女,014,１３歳,05000,秋田県,1980000000,1980年,人
8980,00700,全域,002,女,014,１３歳,06000,山形県,1980000000,1980年,人
15662,00700,全域,002,女,014,１３歳,07000,福島県,1980000000,1980年,人
20160,00700,全域,002,女,014,１３歳,08000,茨城県,1980000000,1980年,人
13767,00700,全域,002,女,014,１３歳,09000,栃木県,1980000000,1980年,人
14594,00700,全域,002,女,014,１３歳,10000,群馬県,1980000000,1980年,人
46426,00700,全域,002,女,014,１３歳,11000,埼玉県,1980000000,1980年,人
38471,00700,全域,002,女,014,１３歳,12000,千葉県,1980000000,1980年,人
81779,00700,全域,002,女,014,１３歳,13000,東京都,1980000000,1980年,人
54728,00700,全域,002,女,014,１３歳,14000,神奈川県,1980000000,1980年,人
19238,00700,全域,002,女,014,１３歳,15000,新潟県,1980000000,1980年,人
8071,00700,全域,002,女,014,１３歳,16000,富山県,1980000000,1980年,人
8413,00700,全域,002,女,014,１３歳,17000,石川県,1980000000,1980年,人
6167,00700,全域,002,女,014,１３歳,18000,福井県,1980000000,1980年,人
6328,00700,全域,002,女,014,１３歳,19000,山梨県,1980000000,1980年,人
15700,00700,全域,002,女,014,１３歳,20000,長野県,1980000000,1980年,人
15702,00700,全域,002,女,014,１３歳,21000,岐阜県,1980000000,1980年,人
27449,00700,全域,002,女,014,１３歳,22000,静岡県,1980000000,1980年,人
49075,00700,全域,002,女,014,１３歳,23000,愛知県,1980000000,1980年,人
12769,00700,全域,002,女,014,１３歳,24000,三重県,1980000000,1980年,人
8050,00700,全域,002,女,014,１３歳,25000,滋賀県,1980000000,1980年,人
18269,00700,全域,002,女,014,１３歳,26000,京都府,1980000000,1980年,人
67443,00700,全域,002,女,014,１３歳,27000,大阪府,1980000000,1980年,人
39275,00700,全域,002,女,014,１３歳,28000,兵庫県,1980000000,1980年,人
9315,00700,全域,002,女,014,１３歳,29000,奈良県,1980000000,1980年,人
8333,00700,全域,002,女,014,１３歳,30000,和歌山県,1980000000,1980年,人
4303,00700,全域,002,女,014,１３歳,31000,鳥取県,1980000000,1980年,人
5691,00700,全域,002,女,014,１３歳,32000,島根県,1980000000,1980年,人
13248,00700,全域,002,女,014,１３歳,33000,岡山県,1980000000,1980年,人
20209,00700,全域,002,女,014,１３歳,34000,広島県,1980000000,1980年,人
11990,00700,全域,002,女,014,１３歳,35000,山口県,1980000000,1980年,人
5986,00700,全域,002,女,014,１３歳,36000,徳島県,1980000000,1980年,人
7017,00700,全域,002,女,014,１３歳,37000,香川県,1980000000,1980年,人
11293,00700,全域,002,女,014,１３歳,38000,愛媛県,1980000000,1980年,人
5686,00700,全域,002,女,014,１３歳,39000,高知県,1980000000,1980年,人
33194,00700,全域,002,女,014,１３歳,40000,福岡県,1980000000,1980年,人
6756,00700,全域,002,女,014,１３歳,41000,佐賀県,1980000000,1980年,人
13761,00700,全域,002,女,014,１３歳,42000,長崎県,1980000000,1980年,人
14061,00700,全域,002,女,014,１３歳,43000,熊本県,1980000000,1980年,人
9513,00700,全域,002,女,014,１３歳,44000,大分県,1980000000,1980年,人
9009,00700,全域,002,女,014,１３歳,45000,宮崎県,1980000000,1980年,人
14253,00700,全域,002,女,014,１３歳,46000,鹿児島県,1980000000,1980年,人
10635,00700,全域,002,女,014,１３歳,47000,沖縄県,1980000000,1980年,人
705539,00700,全域,002,女,015,１４歳,00000,全国,1980000000,1980年,人
537232,00700,全域,002,女,015,１４歳,00001,全国市部,1980000000,1980年,人
168307,00700,全域,002,女,015,１４歳,00002,全国郡部,1980000000,1980年,人
35105,00700,全域,002,女,015,１４歳,01000,北海道,1980000000,1980年,人
10512,00700,全域,002,女,015,１４歳,02000,青森県,1980000000,1980年,人
9239,00700,全域,002,女,015,１４歳,03000,岩手県,1980000000,1980年,人
12168,00700,全域,002,女,015,１４歳,04000,宮城県,1980000000,1980年,人
7094,00700,全域,002,女,015,１４歳,05000,秋田県,1980000000,1980年,人
7050,00700,全域,002,女,015,１４歳,06000,山形県,1980000000,1980年,人
12946,00700,全域,002,女,015,１４歳,07000,福島県,1980000000,1980年,人
15330,00700,全域,002,女,015,１４歳,08000,茨城県,1980000000,1980年,人
10756,00700,全域,002,女,015,１４歳,09000,栃木県,1980000000,1980年,人
10781,00700,全域,002,女,015,１４歳,10000,群馬県,1980000000,1980年,人
34993,00700,全域,002,女,015,１４歳,11000,埼玉県,1980000000,1980年,人
29145,00700,全域,002,女,015,１４歳,12000,千葉県,1980000000,1980年,人
66838,00700,全域,002,女,015,１４歳,13000,東京都,1980000000,1980年,人
42559,00700,全域,002,女,015,１４歳,14000,神奈川県,1980000000,1980年,人
14791,00700,全域,002,女,015,１４歳,15000,新潟県,1980000000,1980年,人
6073,00700,全域,002,女,015,１４歳,16000,富山県,1980000000,1980年,人
6454,00700,全域,002,女,015,１４歳,17000,石川県,1980000000,1980年,人
4391,00700,全域,002,女,015,１４歳,18000,福井県,1980000000,1980年,人
5186,00700,全域,002,女,015,１４歳,19000,山梨県,1980000000,1980年,人
12273,00700,全域,002,女,015,１４歳,20000,長野県,1980000000,1980年,人
11415,00700,全域,002,女,015,１４歳,21000,岐阜県,1980000000,1980年,人
20551,00700,全域,002,女,015,１４歳,22000,静岡県,1980000000,1980年,人
37468,00700,全域,002,女,015,１４歳,23000,愛知県,1980000000,1980年,人
9652,00700,全域,002,女,015,１４歳,24000,三重県,1980000000,1980年,人
6136,00700,全域,002,女,015,１４歳,25000,滋賀県,1980000000,1980年,人
14204,00700,全域,002,女,015,１４歳,26000,京都府,1980000000,1980年,人
52572,00700,全域,002,女,015,１４歳,27000,大阪府,1980000000,1980年,人
30948,00700,全域,002,女,015,１４歳,28000,兵庫県,1980000000,1980年,人
7086,00700,全域,002,女,015,１４歳,29000,奈良県,1980000000,1980年,人
6201,00700,全域,002,女,015,１４歳,30000,和歌山県,1980000000,1980年,人
3305,00700,全域,002,女,015,１４歳,31000,鳥取県,1980000000,1980年,人
4441,00700,全域,002,女,015,１４歳,32000,島根県,1980000000,1980年,人
10427,00700,全域,002,女,015,１４歳,33000,岡山県,1980000000,1980年,人
15612,00700,全域,002,女,015,１４歳,34000,広島県,1980000000,1980年,人
8785,00700,全域,002,女,015,１４歳,35000,山口県,1980000000,1980年,人
4534,00700,全域,002,女,015,１４歳,36000,徳島県,1980000000,1980年,人
5202,00700,全域,002,女,015,１４歳,37000,香川県,1980000000,1980年,人
8575,00700,全域,002,女,015,１４歳,38000,愛媛県,1980000000,1980年,人
4160,00700,全域,002,女,015,１４歳,39000,高知県,1980000000,1980年,人
26874,00700,全域,002,女,015,１４歳,40000,福岡県,1980000000,1980年,人
5844,00700,全域,002,女,015,１４歳,41000,佐賀県,1980000000,1980年,人
11295,00700,全域,002,女,015,１４歳,42000,長崎県,1980000000,1980年,人
11394,00700,全域,002,女,015,１４歳,43000,熊本県,1980000000,1980年,人
6807,00700,全域,002,女,015,１４歳,44000,大分県,1980000000,1980年,人
7072,00700,全域,002,女,015,１４歳,45000,宮崎県,1980000000,1980年,人
12184,00700,全域,002,女,015,１４歳,46000,鹿児島県,1980000000,1980年,人
9111,00700,全域,002,女,015,１４歳,47000,沖縄県,1980000000,1980年,人
876000,00700,全域,002,女,016,１５歳,00000,全国,1980000000,1980年,人
664888,00700,全域,002,女,016,１５歳,00001,全国市部,1980000000,1980年,人
211112,00700,全域,002,女,016,１５歳,00002,全国郡部,1980000000,1980年,人
42481,00700,全域,002,女,016,１５歳,01000,北海道,1980000000,1980年,人
12769,00700,全域,002,女,016,１５歳,02000,青森県,1980000000,1980年,人
11383,00700,全域,002,女,016,１５歳,03000,岩手県,1980000000,1980年,人
14961,00700,全域,002,女,016,１５歳,04000,宮城県,1980000000,1980年,人
9264,00700,全域,002,女,016,１５歳,05000,秋田県,1980000000,1980年,人
8932,00700,全域,002,女,016,１５歳,06000,山形県,1980000000,1980年,人
15909,00700,全域,002,女,016,１５歳,07000,福島県,1980000000,1980年,人
19056,00700,全域,002,女,016,１５歳,08000,茨城県,1980000000,1980年,人
13273,00700,全域,002,女,016,１５歳,09000,栃木県,1980000000,1980年,人
13896,00700,全域,002,女,016,１５歳,10000,群馬県,1980000000,1980年,人
41988,00700,全域,002,女,016,１５歳,11000,埼玉県,1980000000,1980年,人
35290,00700,全域,002,女,016,１５歳,12000,千葉県,1980000000,1980年,人
79107,00700,全域,002,女,016,１５歳,13000,東京都,1980000000,1980年,人
50206,00700,全域,002,女,016,１５歳,14000,神奈川県,1980000000,1980年,人
18830,00700,全域,002,女,016,１５歳,15000,新潟県,1980000000,1980年,人
7821,00700,全域,002,女,016,１５歳,16000,富山県,1980000000,1980年,人
8173,00700,全域,002,女,016,１５歳,17000,石川県,1980000000,1980年,人
6062,00700,全域,002,女,016,１５歳,18000,福井県,1980000000,1980年,人
6204,00700,全域,002,女,016,１５歳,19000,山梨県,1980000000,1980年,人
15235,00700,全域,002,女,016,１５歳,20000,長野県,1980000000,1980年,人
15959,00700,全域,002,女,016,１５歳,21000,岐阜県,1980000000,1980年,人
26969,00700,全域,002,女,016,１５歳,22000,静岡県,1980000000,1980年,人
48934,00700,全域,002,女,016,１５歳,23000,愛知県,1980000000,1980年,人
13372,00700,全域,002,女,016,１５歳,24000,三重県,1980000000,1980年,人
7811,00700,全域,002,女,016,１５歳,25000,滋賀県,1980000000,1980年,人
17692,00700,全域,002,女,016,１５歳,26000,京都府,1980000000,1980年,人
65158,00700,全域,002,女,016,１５歳,27000,大阪府,1980000000,1980年,人
38592,00700,全域,002,女,016,１５歳,28000,兵庫県,1980000000,1980年,人
9252,00700,全域,002,女,016,１５歳,29000,奈良県,1980000000,1980年,人
8467,00700,全域,002,女,016,１５歳,30000,和歌山県,1980000000,1980年,人
4207,00700,全域,002,女,016,１５歳,31000,鳥取県,1980000000,1980年,人
5571,00700,全域,002,女,016,１５歳,32000,島根県,1980000000,1980年,人
13400,00700,全域,002,女,016,１５歳,33000,岡山県,1980000000,1980年,人
19346,00700,全域,002,女,016,１５歳,34000,広島県,1980000000,1980年,人
11379,00700,全域,002,女,016,１５歳,35000,山口県,1980000000,1980年,人
6287,00700,全域,002,女,016,１５歳,36000,徳島県,1980000000,1980年,人
7074,00700,全域,002,女,016,１５歳,37000,香川県,1980000000,1980年,人
11909,00700,全域,002,女,016,１５歳,38000,愛媛県,1980000000,1980年,人
5676,00700,全域,002,女,016,１５歳,39000,高知県,1980000000,1980年,人
31845,00700,全域,002,女,016,１５歳,40000,福岡県,1980000000,1980年,人
6782,00700,全域,002,女,016,１５歳,41000,佐賀県,1980000000,1980年,人
13224,00700,全域,002,女,016,１５歳,42000,長崎県,1980000000,1980年,人
13669,00700,全域,002,女,016,１５歳,43000,熊本県,1980000000,1980年,人
9269,00700,全域,002,女,016,１５歳,44000,大分県,1980000000,1980年,人
8874,00700,全域,002,女,016,１５歳,45000,宮崎県,1980000000,1980年,人
14120,00700,全域,002,女,016,１５歳,46000,鹿児島県,1980000000,1980年,人
10322,00700,全域,002,女,016,１５歳,47000,沖縄県,1980000000,1980年,人
821082,00700,全域,002,女,017,１６歳,00000,全国,1980000000,1980年,人
620930,00700,全域,002,女,017,１６歳,00001,全国市部,1980000000,1980年,人
200152,00700,全域,002,女,017,１６歳,00002,全国郡部,1980000000,1980年,人
40576,00700,全域,002,女,017,１６歳,01000,北海道,1980000000,1980年,人
12399,00700,全域,002,女,017,１６歳,02000,青森県,1980000000,1980年,人
10961,00700,全域,002,女,017,１６歳,03000,岩手県,1980000000,1980年,人
14383,00700,全域,002,女,017,１６歳,04000,宮城県,1980000000,1980年,人
9397,00700,全域,002,女,017,１６歳,05000,秋田県,1980000000,1980年,人
8807,00700,全域,002,女,017,１６歳,06000,山形県,1980000000,1980年,人
15282,00700,全域,002,女,017,１６歳,07000,福島県,1980000000,1980年,人
17860,00700,全域,002,女,017,１６歳,08000,茨城県,1980000000,1980年,人
12516,00700,全域,002,女,017,１６歳,09000,栃木県,1980000000,1980年,人
13121,00700,全域,002,女,017,１６歳,10000,群馬県,1980000000,1980年,人
37298,00700,全域,002,女,017,１６歳,11000,埼玉県,1980000000,1980年,人
32029,00700,全域,002,女,017,１６歳,12000,千葉県,1980000000,1980年,人
73949,00700,全域,002,女,017,１６歳,13000,東京都,1980000000,1980年,人
45304,00700,全域,002,女,017,１６歳,14000,神奈川県,1980000000,1980年,人
17485,00700,全域,002,女,017,１６歳,15000,新潟県,1980000000,1980年,人
7543,00700,全域,002,女,017,１６歳,16000,富山県,1980000000,1980年,人
7697,00700,全域,002,女,017,１６歳,17000,石川県,1980000000,1980年,人
5785,00700,全域,002,女,017,１６歳,18000,福井県,1980000000,1980年,人
6188,00700,全域,002,女,017,１６歳,19000,山梨県,1980000000,1980年,人
14523,00700,全域,002,女,017,１６歳,20000,長野県,1980000000,1980年,人
14887,00700,全域,002,女,017,１６歳,21000,岐阜県,1980000000,1980年,人
24888,00700,全域,002,女,017,１６歳,22000,静岡県,1980000000,1980年,人
45372,00700,全域,002,女,017,１６歳,23000,愛知県,1980000000,1980年,人
12491,00700,全域,002,女,017,１６歳,24000,三重県,1980000000,1980年,人
7452,00700,全域,002,女,017,１６歳,25000,滋賀県,1980000000,1980年,人
16200,00700,全域,002,女,017,１６歳,26000,京都府,1980000000,1980年,人
59903,00700,全域,002,女,017,１６歳,27000,大阪府,1980000000,1980年,人
35802,00700,全域,002,女,017,１６歳,28000,兵庫県,1980000000,1980年,人
8451,00700,全域,002,女,017,１６歳,29000,奈良県,1980000000,1980年,人
8043,00700,全域,002,女,017,１６歳,30000,和歌山県,1980000000,1980年,人
4183,00700,全域,002,女,017,１６歳,31000,鳥取県,1980000000,1980年,人
5551,00700,全域,002,女,017,１６歳,32000,島根県,1980000000,1980年,人
13155,00700,全域,002,女,017,１６歳,33000,岡山県,1980000000,1980年,人
17723,00700,全域,002,女,017,１６歳,34000,広島県,1980000000,1980年,人
10704,00700,全域,002,女,017,１６歳,35000,山口県,1980000000,1980年,人
5865,00700,全域,002,女,017,１６歳,36000,徳島県,1980000000,1980年,人
6761,00700,全域,002,女,017,１６歳,37000,香川県,1980000000,1980年,人
10959,00700,全域,002,女,017,１６歳,38000,愛媛県,1980000000,1980年,人
5555,00700,全域,002,女,017,１６歳,39000,高知県,1980000000,1980年,人
29808,00700,全域,002,女,017,１６歳,40000,福岡県,1980000000,1980年,人
6663,00700,全域,002,女,017,１６歳,41000,佐賀県,1980000000,1980年,人
12538,00700,全域,002,女,017,１６歳,42000,長崎県,1980000000,1980年,人
13270,00700,全域,002,女,017,１６歳,43000,熊本県,1980000000,1980年,人
8900,00700,全域,002,女,017,１６歳,44000,大分県,1980000000,1980年,人
8405,00700,全域,002,女,017,１６歳,45000,宮崎県,1980000000,1980年,人
14300,00700,全域,002,女,017,１６歳,46000,鹿児島県,1980000000,1980年,人
10150,00700,全域,002,女,017,１６歳,47000,沖縄県,1980000000,1980年,人
801324,00700,全域,002,女,018,１７歳,00000,全国,1980000000,1980年,人
602609,00700,全域,002,女,018,１７歳,00001,全国市部,1980000000,1980年,人
198715,00700,全域,002,女,018,１７歳,00002,全国郡部,1980000000,1980年,人
40357,00700,全域,002,女,018,１７歳,01000,北海道,1980000000,1980年,人
11983,00700,全域,002,女,018,１７歳,02000,青森県,1980000000,1980年,人
10870,00700,全域,002,女,018,１７歳,03000,岩手県,1980000000,1980年,人
14167,00700,全域,002,女,018,１７歳,04000,宮城県,1980000000,1980年,人
9431,00700,全域,002,女,018,１７歳,05000,秋田県,1980000000,1980年,人
8881,00700,全域,002,女,018,１７歳,06000,山形県,1980000000,1980年,人
15727,00700,全域,002,女,018,１７歳,07000,福島県,1980000000,1980年,人
17361,00700,全域,002,女,018,１７歳,08000,茨城県,1980000000,1980年,人
12337,00700,全域,002,女,018,１７歳,09000,栃木県,1980000000,1980年,人
12541,00700,全域,002,女,018,１７歳,10000,群馬県,1980000000,1980年,人
34886,00700,全域,002,女,018,１７歳,11000,埼玉県,1980000000,1980年,人
30229,00700,全域,002,女,018,１７歳,12000,千葉県,1980000000,1980年,人
70620,00700,全域,002,女,018,１７歳,13000,東京都,1980000000,1980年,人
42591,00700,全域,002,女,018,１７歳,14000,神奈川県,1980000000,1980年,人
17337,00700,全域,002,女,018,１７歳,15000,新潟県,1980000000,1980年,人
7627,00700,全域,002,女,018,１７歳,16000,富山県,1980000000,1980年,人
7723,00700,全域,002,女,018,１７歳,17000,石川県,1980000000,1980年,人
5839,00700,全域,002,女,018,１７歳,18000,福井県,1980000000,1980年,人
6025,00700,全域,002,女,018,１７歳,19000,山梨県,1980000000,1980年,人
14520,00700,全域,002,女,018,１７歳,20000,長野県,1980000000,1980年,人
14839,00700,全域,002,女,018,１７歳,21000,岐阜県,1980000000,1980年,人
24423,00700,全域,002,女,018,１７歳,22000,静岡県,1980000000,1980年,人
44094,00700,全域,002,女,018,１７歳,23000,愛知県,1980000000,1980年,人
12504,00700,全域,002,女,018,１７歳,24000,三重県,1980000000,1980年,人
7429,00700,全域,002,女,018,１７歳,25000,滋賀県,1980000000,1980年,人
15668,00700,全域,002,女,018,１７歳,26000,京都府,1980000000,1980年,人
57444,00700,全域,002,女,018,１７歳,27000,大阪府,1980000000,1980年,人
34774,00700,全域,002,女,018,１７歳,28000,兵庫県,1980000000,1980年,人
8037,00700,全域,002,女,018,１７歳,29000,奈良県,1980000000,1980年,人
7714,00700,全域,002,女,018,１７歳,30000,和歌山県,1980000000,1980年,人
4224,00700,全域,002,女,018,１７歳,31000,鳥取県,1980000000,1980年,人
5600,00700,全域,002,女,018,１７歳,32000,島根県,1980000000,1980年,人
12603,00700,全域,002,女,018,１７歳,33000,岡山県,1980000000,1980年,人
17498,00700,全域,002,女,018,１７歳,34000,広島県,1980000000,1980年,人
10750,00700,全域,002,女,018,１７歳,35000,山口県,1980000000,1980年,人
5821,00700,全域,002,女,018,１７歳,36000,徳島県,1980000000,1980年,人
6252,00700,全域,002,女,018,１７歳,37000,香川県,1980000000,1980年,人
10856,00700,全域,002,女,018,１７歳,38000,愛媛県,1980000000,1980年,人
5540,00700,全域,002,女,018,１７歳,39000,高知県,1980000000,1980年,人
29420,00700,全域,002,女,018,１７歳,40000,福岡県,1980000000,1980年,人
6464,00700,全域,002,女,018,１７歳,41000,佐賀県,1980000000,1980年,人
12618,00700,全域,002,女,018,１７歳,42000,長崎県,1980000000,1980年,人
13300,00700,全域,002,女,018,１７歳,43000,熊本県,1980000000,1980年,人
9026,00700,全域,002,女,018,１７歳,44000,大分県,1980000000,1980年,人
8534,00700,全域,002,女,018,１７歳,45000,宮崎県,1980000000,1980年,人
14539,00700,全域,002,女,018,１７歳,46000,鹿児島県,1980000000,1980年,人
10301,00700,全域,002,女,018,１７歳,47000,沖縄県,1980000000,1980年,人
779779,00700,全域,002,女,019,１８歳,00000,全国,1980000000,1980年,人
617106,00700,全域,002,女,019,１８歳,00001,全国市部,1980000000,1980年,人
162673,00700,全域,002,女,019,１８歳,00002,全国郡部,1980000000,1980年,人
38925,00700,全域,002,女,019,１８歳,01000,北海道,1980000000,1980年,人
10890,00700,全域,002,女,019,１８歳,02000,青森県,1980000000,1980年,人
8879,00700,全域,002,女,019,１８歳,03000,岩手県,1980000000,1980年,人
14594,00700,全域,002,女,019,１８歳,04000,宮城県,1980000000,1980年,人
7827,00700,全域,002,女,019,１８歳,05000,秋田県,1980000000,1980年,人
7834,00700,全域,002,女,019,１８歳,06000,山形県,1980000000,1980年,人
13374,00700,全域,002,女,019,１８歳,07000,福島県,1980000000,1980年,人
15829,00700,全域,002,女,019,１８歳,08000,茨城県,1980000000,1980年,人
10962,00700,全域,002,女,019,１８歳,09000,栃木県,1980000000,1980年,人
11207,00700,全域,002,女,019,１８歳,10000,群馬県,1980000000,1980年,人
34611,00700,全域,002,女,019,１８歳,11000,埼玉県,1980000000,1980年,人
28663,00700,全域,002,女,019,１８歳,12000,千葉県,1980000000,1980年,人
87585,00700,全域,002,女,019,１８歳,13000,東京都,1980000000,1980年,人
45751,00700,全域,002,女,019,１８歳,14000,神奈川県,1980000000,1980年,人
13865,00700,全域,002,女,019,１８歳,15000,新潟県,1980000000,1980年,人
6372,00700,全域,002,女,019,１８歳,16000,富山県,1980000000,1980年,人
7023,00700,全域,002,女,019,１８歳,17000,石川県,1980000000,1980年,人
4612,00700,全域,002,女,019,１８歳,18000,福井県,1980000000,1980年,人
5412,00700,全域,002,女,019,１８歳,19000,山梨県,1980000000,1980年,人
11950,00700,全域,002,女,019,１８歳,20000,長野県,1980000000,1980年,人
13885,00700,全域,002,女,019,１８歳,21000,岐阜県,1980000000,1980年,人
21567,00700,全域,002,女,019,１８歳,22000,静岡県,1980000000,1980年,人
45832,00700,全域,002,女,019,１８歳,23000,愛知県,1980000000,1980年,人
11069,00700,全域,002,女,019,１８歳,24000,三重県,1980000000,1980年,人
7150,00700,全域,002,女,019,１８歳,25000,滋賀県,1980000000,1980年,人
17950,00700,全域,002,女,019,１８歳,26000,京都府,1980000000,1980年,人
61461,00700,全域,002,女,019,１８歳,27000,大阪府,1980000000,1980年,人
35150,00700,全域,002,女,019,１８歳,28000,兵庫県,1980000000,1980年,人
8806,00700,全域,002,女,019,１８歳,29000,奈良県,1980000000,1980年,人
6504,00700,全域,002,女,019,１８歳,30000,和歌山県,1980000000,1980年,人
3667,00700,全域,002,女,019,１８歳,31000,鳥取県,1980000000,1980年,人
4069,00700,全域,002,女,019,１８歳,32000,島根県,1980000000,1980年,人
12159,00700,全域,002,女,019,１８歳,33000,岡山県,1980000000,1980年,人
16669,00700,全域,002,女,019,１８歳,34000,広島県,1980000000,1980年,人
9120,00700,全域,002,女,019,１８歳,35000,山口県,1980000000,1980年,人
5288,00700,全域,002,女,019,１８歳,36000,徳島県,1980000000,1980年,人
6035,00700,全域,002,女,019,１８歳,37000,香川県,1980000000,1980年,人
9220,00700,全域,002,女,019,１８歳,38000,愛媛県,1980000000,1980年,人
4335,00700,全域,002,女,019,１８歳,39000,高知県,1980000000,1980年,人
31228,00700,全域,002,女,019,１８歳,40000,福岡県,1980000000,1980年,人
6018,00700,全域,002,女,019,１８歳,41000,佐賀県,1980000000,1980年,人
10383,00700,全域,002,女,019,１８歳,42000,長崎県,1980000000,1980年,人
11898,00700,全域,002,女,019,１８歳,43000,熊本県,1980000000,1980年,人
7465,00700,全域,002,女,019,１８歳,44000,大分県,1980000000,1980年,人
6761,00700,全域,002,女,019,１８歳,45000,宮崎県,1980000000,1980年,人
11263,00700,全域,002,女,019,１８歳,46000,鹿児島県,1980000000,1980年,人
8662,00700,全域,002,女,019,１８歳,47000,沖縄県,1980000000,1980年,人
770375,00700,全域,002,女,020,１９歳,00000,全国,1980000000,1980年,人
639041,00700,全域,002,女,020,１９歳,00001,全国市部,1980000000,1980年,人
131334,00700,全域,002,女,020,１９歳,00002,全国郡部,1980000000,1980年,人
38233,00700,全域,002,女,020,１９歳,01000,北海道,1980000000,1980年,人
9608,00700,全域,002,女,020,１９歳,02000,青森県,1980000000,1980年,人
6717,00700,全域,002,女,020,１９歳,03000,岩手県,1980000000,1980年,人
15311,00700,全域,002,女,020,１９歳,04000,宮城県,1980000000,1980年,人
6265,00700,全域,002,女,020,１９歳,05000,秋田県,1980000000,1980年,人
6539,00700,全域,002,女,020,１９歳,06000,山形県,1980000000,1980年,人
11119,00700,全域,002,女,020,１９歳,07000,福島県,1980000000,1980年,人
14581,00700,全域,002,女,020,１９歳,08000,茨城県,1980000000,1980年,人
9969,00700,全域,002,女,020,１９歳,09000,栃木県,1980000000,1980年,人
9998,00700,全域,002,女,020,１９歳,10000,群馬県,1980000000,1980年,人
35155,00700,全域,002,女,020,１９歳,11000,埼玉県,1980000000,1980年,人
28204,00700,全域,002,女,020,１９歳,12000,千葉県,1980000000,1980年,人
108074,00700,全域,002,女,020,１９歳,13000,東京都,1980000000,1980年,人
48826,00700,全域,002,女,020,１９歳,14000,神奈川県,1980000000,1980年,人
11243,00700,全域,002,女,020,１９歳,15000,新潟県,1980000000,1980年,人
5812,00700,全域,002,女,020,１９歳,16000,富山県,1980000000,1980年,人
6675,00700,全域,002,女,020,１９歳,17000,石川県,1980000000,1980年,人
4137,00700,全域,002,女,020,１９歳,18000,福井県,1980000000,1980年,人
4935,00700,全域,002,女,020,１９歳,19000,山梨県,1980000000,1980年,人
9817,00700,全域,002,女,020,１９歳,20000,長野県,1980000000,1980年,人
13645,00700,全域,002,女,020,１９歳,21000,岐阜県,1980000000,1980年,人
19270,00700,全域,002,女,020,１９歳,22000,静岡県,1980000000,1980年,人
48108,00700,全域,002,女,020,１９歳,23000,愛知県,1980000000,1980年,人
9909,00700,全域,002,女,020,１９歳,24000,三重県,1980000000,1980年,人
6732,00700,全域,002,女,020,１９歳,25000,滋賀県,1980000000,1980年,人
20699,00700,全域,002,女,020,１９歳,26000,京都府,1980000000,1980年,人
63692,00700,全域,002,女,020,１９歳,27000,大阪府,1980000000,1980年,人
34889,00700,全域,002,女,020,１９歳,28000,兵庫県,1980000000,1980年,人
9137,00700,全域,002,女,020,１９歳,29000,奈良県,1980000000,1980年,人
5532,00700,全域,002,女,020,１９歳,30000,和歌山県,1980000000,1980年,人
2813,00700,全域,002,女,020,１９歳,31000,鳥取県,1980000000,1980年,人
2771,00700,全域,002,女,020,１９歳,32000,島根県,1980000000,1980年,人
11125,00700,全域,002,女,020,１９歳,33000,岡山県,1980000000,1980年,人
15632,00700,全域,002,女,020,１９歳,34000,広島県,1980000000,1980年,人
8009,00700,全域,002,女,020,１９歳,35000,山口県,1980000000,1980年,人
4960,00700,全域,002,女,020,１９歳,36000,徳島県,1980000000,1980年,人
5321,00700,全域,002,女,020,１９歳,37000,香川県,1980000000,1980年,人
7447,00700,全域,002,女,020,１９歳,38000,愛媛県,1980000000,1980年,人
3688,00700,全域,002,女,020,１９歳,39000,高知県,1980000000,1980年,人
33000,00700,全域,002,女,020,１９歳,40000,福岡県,1980000000,1980年,人
5440,00700,全域,002,女,020,１９歳,41000,佐賀県,1980000000,1980年,人
8699,00700,全域,002,女,020,１９歳,42000,長崎県,1980000000,1980年,人
10821,00700,全域,002,女,020,１９歳,43000,熊本県,1980000000,1980年,人
6084,00700,全域,002,女,020,１９歳,44000,大分県,1980000000,1980年,人
5574,00700,全域,002,女,020,１９歳,45000,宮崎県,1980000000,1980年,人
9099,00700,全域,002,女,020,１９歳,46000,鹿児島県,1980000000,1980年,人
7061,00700,全域,002,女,020,１９歳,47000,沖縄県,1980000000,1980年,人
775654,00700,全域,002,女,021,２０歳,00000,全国,1980000000,1980年,人
636204,00700,全域,002,女,021,２０歳,00001,全国市部,1980000000,1980年,人
139450,00700,全域,002,女,021,２０歳,00002,全国郡部,1980000000,1980年,人
37856,00700,全域,002,女,021,２０歳,01000,北海道,1980000000,1980年,人
9921,00700,全域,002,女,021,２０歳,02000,青森県,1980000000,1980年,人
7159,00700,全域,002,女,021,２０歳,03000,岩手県,1980000000,1980年,人
15162,00700,全域,002,女,021,２０歳,04000,宮城県,1980000000,1980年,人
6713,00700,全域,002,女,021,２０歳,05000,秋田県,1980000000,1980年,人
6845,00700,全域,002,女,021,２０歳,06000,山形県,1980000000,1980年,人
11690,00700,全域,002,女,021,２０歳,07000,福島県,1980000000,1980年,人
15237,00700,全域,002,女,021,２０歳,08000,茨城県,1980000000,1980年,人
10342,00700,全域,002,女,021,２０歳,09000,栃木県,1980000000,1980年,人
9928,00700,全域,002,女,021,２０歳,10000,群馬県,1980000000,1980年,人
34376,00700,全域,002,女,021,２０歳,11000,埼玉県,1980000000,1980年,人
28168,00700,全域,002,女,021,２０歳,12000,千葉県,1980000000,1980年,人
109479,00700,全域,002,女,021,２０歳,13000,東京都,1980000000,1980年,人
47485,00700,全域,002,女,021,２０歳,14000,神奈川県,1980000000,1980年,人
12221,00700,全域,002,女,021,２０歳,15000,新潟県,1980000000,1980年,人
5901,00700,全域,002,女,021,２０歳,16000,富山県,1980000000,1980年,人
6768,00700,全域,002,女,021,２０歳,17000,石川県,1980000000,1980年,人
4324,00700,全域,002,女,021,２０歳,18000,福井県,1980000000,1980年,人
4720,00700,全域,002,女,021,２０歳,19000,山梨県,1980000000,1980年,人
10260,00700,全域,002,女,021,２０歳,20000,長野県,1980000000,1980年,人
13261,00700,全域,002,女,021,２０歳,21000,岐阜県,1980000000,1980年,人
19787,00700,全域,002,女,021,２０歳,22000,静岡県,1980000000,1980年,人
46933,00700,全域,002,女,021,２０歳,23000,愛知県,1980000000,1980年,人
9848,00700,全域,002,女,021,２０歳,24000,三重県,1980000000,1980年,人
6761,00700,全域,002,女,021,２０歳,25000,滋賀県,1980000000,1980年,人
20194,00700,全域,002,女,021,２０歳,26000,京都府,1980000000,1980年,人
61963,00700,全域,002,女,021,２０歳,27000,大阪府,1980000000,1980年,人
35218,00700,全域,002,女,021,２０歳,28000,兵庫県,1980000000,1980年,人
8795,00700,全域,002,女,021,２０歳,29000,奈良県,1980000000,1980年,人
5896,00700,全域,002,女,021,２０歳,30000,和歌山県,1980000000,1980年,人
3054,00700,全域,002,女,021,２０歳,31000,鳥取県,1980000000,1980年,人
3112,00700,全域,002,女,021,２０歳,32000,島根県,1980000000,1980年,人
11209,00700,全域,002,女,021,２０歳,33000,岡山県,1980000000,1980年,人
16022,00700,全域,002,女,021,２０歳,34000,広島県,1980000000,1980年,人
8338,00700,全域,002,女,021,２０歳,35000,山口県,1980000000,1980年,人
4936,00700,全域,002,女,021,２０歳,36000,徳島県,1980000000,1980年,人
5367,00700,全域,002,女,021,２０歳,37000,香川県,1980000000,1980年,人
8317,00700,全域,002,女,021,２０歳,38000,愛媛県,1980000000,1980年,人
4183,00700,全域,002,女,021,２０歳,39000,高知県,1980000000,1980年,人
32307,00700,全域,002,女,021,２０歳,40000,福岡県,1980000000,1980年,人
5605,00700,全域,002,女,021,２０歳,41000,佐賀県,1980000000,1980年,人
9357,00700,全域,002,女,021,２０歳,42000,長崎県,1980000000,1980年,人
11078,00700,全域,002,女,021,２０歳,43000,熊本県,1980000000,1980年,人
6631,00700,全域,002,女,021,２０歳,44000,大分県,1980000000,1980年,人
6320,00700,全域,002,女,021,２０歳,45000,宮崎県,1980000000,1980年,人
9691,00700,全域,002,女,021,２０歳,46000,鹿児島県,1980000000,1980年,人
6916,00700,全域,002,女,021,２０歳,47000,沖縄県,1980000000,1980年,人
790713,00700,全域,002,女,022,２１歳,00000,全国,1980000000,1980年,人
636099,00700,全域,002,女,022,２１歳,00001,全国市部,1980000000,1980年,人
154614,00700,全域,002,女,022,２１歳,00002,全国郡部,1980000000,1980年,人
38438,00700,全域,002,女,022,２１歳,01000,北海道,1980000000,1980年,人
10522,00700,全域,002,女,022,２１歳,02000,青森県,1980000000,1980年,人
8027,00700,全域,002,女,022,２１歳,03000,岩手県,1980000000,1980年,人
15375,00700,全域,002,女,022,２１歳,04000,宮城県,1980000000,1980年,人
7379,00700,全域,002,女,022,２１歳,05000,秋田県,1980000000,1980年,人
7111,00700,全域,002,女,022,２１歳,06000,山形県,1980000000,1980年,人
12379,00700,全域,002,女,022,２１歳,07000,福島県,1980000000,1980年,人
15678,00700,全域,002,女,022,２１歳,08000,茨城県,1980000000,1980年,人
11121,00700,全域,002,女,022,２１歳,09000,栃木県,1980000000,1980年,人
10617,00700,全域,002,女,022,２１歳,10000,群馬県,1980000000,1980年,人
33329,00700,全域,002,女,022,２１歳,11000,埼玉県,1980000000,1980年,人
27943,00700,全域,002,女,022,２１歳,12000,千葉県,1980000000,1980年,人
107075,00700,全域,002,女,022,２１歳,13000,東京都,1980000000,1980年,人
45426,00700,全域,002,女,022,２１歳,14000,神奈川県,1980000000,1980年,人
13192,00700,全域,002,女,022,２１歳,15000,新潟県,1980000000,1980年,人
6250,00700,全域,002,女,022,２１歳,16000,富山県,1980000000,1980年,人
6936,00700,全域,002,女,022,２１歳,17000,石川県,1980000000,1980年,人
4857,00700,全域,002,女,022,２１歳,18000,福井県,1980000000,1980年,人
4913,00700,全域,002,女,022,２１歳,19000,山梨県,1980000000,1980年,人
11302,00700,全域,002,女,022,２１歳,20000,長野県,1980000000,1980年,人
13009,00700,全域,002,女,022,２１歳,21000,岐阜県,1980000000,1980年,人
21360,00700,全域,002,女,022,２１歳,22000,静岡県,1980000000,1980年,人
45458,00700,全域,002,女,022,２１歳,23000,愛知県,1980000000,1980年,人
10273,00700,全域,002,女,022,２１歳,24000,三重県,1980000000,1980年,人
7067,00700,全域,002,女,022,２１歳,25000,滋賀県,1980000000,1980年,人
19732,00700,全域,002,女,022,２１歳,26000,京都府,1980000000,1980年,人
60852,00700,全域,002,女,022,２１歳,27000,大阪府,1980000000,1980年,人
35628,00700,全域,002,女,022,２１歳,28000,兵庫県,1980000000,1980年,人
8527,00700,全域,002,女,022,２１歳,29000,奈良県,1980000000,1980年,人
6354,00700,全域,002,女,022,２１歳,30000,和歌山県,1980000000,1980年,人
3476,00700,全域,002,女,022,２１歳,31000,鳥取県,1980000000,1980年,人
3675,00700,全域,002,女,022,２１歳,32000,島根県,1980000000,1980年,人
11863,00700,全域,002,女,022,２１歳,33000,岡山県,1980000000,1980年,人
16672,00700,全域,002,女,022,２１歳,34000,広島県,1980000000,1980年,人
9357,00700,全域,002,女,022,２１歳,35000,山口県,1980000000,1980年,人
5187,00700,全域,002,女,022,２１歳,36000,徳島県,1980000000,1980年,人
6143,00700,全域,002,女,022,２１歳,37000,香川県,1980000000,1980年,人
9290,00700,全域,002,女,022,２１歳,38000,愛媛県,1980000000,1980年,人
4704,00700,全域,002,女,022,２１歳,39000,高知県,1980000000,1980年,人
33368,00700,全域,002,女,022,２１歳,40000,福岡県,1980000000,1980年,人
5887,00700,全域,002,女,022,２１歳,41000,佐賀県,1980000000,1980年,人
9719,00700,全域,002,女,022,２１歳,42000,長崎県,1980000000,1980年,人
12073,00700,全域,002,女,022,２１歳,43000,熊本県,1980000000,1980年,人
7635,00700,全域,002,女,022,２１歳,44000,大分県,1980000000,1980年,人
7210,00700,全域,002,女,022,２１歳,45000,宮崎県,1980000000,1980年,人
10708,00700,全域,002,女,022,２１歳,46000,鹿児島県,1980000000,1980年,人
7616,00700,全域,002,女,022,２１歳,47000,沖縄県,1980000000,1980年,人
771947,00700,全域,002,女,023,２２歳,00000,全国,1980000000,1980年,人
611040,00700,全域,002,女,023,２２歳,00001,全国市部,1980000000,1980年,人
160907,00700,全域,002,女,023,２２歳,00002,全国郡部,1980000000,1980年,人
37337,00700,全域,002,女,023,２２歳,01000,北海道,1980000000,1980年,人
10435,00700,全域,002,女,023,２２歳,02000,青森県,1980000000,1980年,人
8504,00700,全域,002,女,023,２２歳,03000,岩手県,1980000000,1980年,人
15215,00700,全域,002,女,023,２２歳,04000,宮城県,1980000000,1980年,人
7665,00700,全域,002,女,023,２２歳,05000,秋田県,1980000000,1980年,人
7415,00700,全域,002,女,023,２２歳,06000,山形県,1980000000,1980年,人
12857,00700,全域,002,女,023,２２歳,07000,福島県,1980000000,1980年,人
15262,00700,全域,002,女,023,２２歳,08000,茨城県,1980000000,1980年,人
11293,00700,全域,002,女,023,２２歳,09000,栃木県,1980000000,1980年,人
10749,00700,全域,002,女,023,２２歳,10000,群馬県,1980000000,1980年,人
31620,00700,全域,002,女,023,２２歳,11000,埼玉県,1980000000,1980年,人
27126,00700,全域,002,女,023,２２歳,12000,千葉県,1980000000,1980年,人
99149,00700,全域,002,女,023,２２歳,13000,東京都,1980000000,1980年,人
43404,00700,全域,002,女,023,２２歳,14000,神奈川県,1980000000,1980年,人
13795,00700,全域,002,女,023,２２歳,15000,新潟県,1980000000,1980年,人
6286,00700,全域,002,女,023,２２歳,16000,富山県,1980000000,1980年,人
7264,00700,全域,002,女,023,２２歳,17000,石川県,1980000000,1980年,人
4814,00700,全域,002,女,023,２２歳,18000,福井県,1980000000,1980年,人
4983,00700,全域,002,女,023,２２歳,19000,山梨県,1980000000,1980年,人
11644,00700,全域,002,女,023,２２歳,20000,長野県,1980000000,1980年,人
12764,00700,全域,002,女,023,２２歳,21000,岐阜県,1980000000,1980年,人
21775,00700,全域,002,女,023,２２歳,22000,静岡県,1980000000,1980年,人
42165,00700,全域,002,女,023,２２歳,23000,愛知県,1980000000,1980年,人
10361,00700,全域,002,女,023,２２歳,24000,三重県,1980000000,1980年,人
6828,00700,全域,002,女,023,２２歳,25000,滋賀県,1980000000,1980年,人
17663,00700,全域,002,女,023,２２歳,26000,京都府,1980000000,1980年,人
58075,00700,全域,002,女,023,２２歳,27000,大阪府,1980000000,1980年,人
33742,00700,全域,002,女,023,２２歳,28000,兵庫県,1980000000,1980年,人
8086,00700,全域,002,女,023,２２歳,29000,奈良県,1980000000,1980年,人
6380,00700,全域,002,女,023,２２歳,30000,和歌山県,1980000000,1980年,人
3421,00700,全域,002,女,023,２２歳,31000,鳥取県,1980000000,1980年,人
3977,00700,全域,002,女,023,２２歳,32000,島根県,1980000000,1980年,人
11569,00700,全域,002,女,023,２２歳,33000,岡山県,1980000000,1980年,人
17286,00700,全域,002,女,023,２２歳,34000,広島県,1980000000,1980年,人
9470,00700,全域,002,女,023,２２歳,35000,山口県,1980000000,1980年,人
5283,00700,全域,002,女,023,２２歳,36000,徳島県,1980000000,1980年,人
6100,00700,全域,002,女,023,２２歳,37000,香川県,1980000000,1980年,人
9499,00700,全域,002,女,023,２２歳,38000,愛媛県,1980000000,1980年,人
4746,00700,全域,002,女,023,２２歳,39000,高知県,1980000000,1980年,人
32320,00700,全域,002,女,023,２２歳,40000,福岡県,1980000000,1980年,人
5944,00700,全域,002,女,023,２２歳,41000,佐賀県,1980000000,1980年,人
10505,00700,全域,002,女,023,２２歳,42000,長崎県,1980000000,1980年,人
12202,00700,全域,002,女,023,２２歳,43000,熊本県,1980000000,1980年,人
7856,00700,全域,002,女,023,２２歳,44000,大分県,1980000000,1980年,人
7566,00700,全域,002,女,023,２２歳,45000,宮崎県,1980000000,1980年,人
11521,00700,全域,002,女,023,２２歳,46000,鹿児島県,1980000000,1980年,人
8026,00700,全域,002,女,023,２２歳,47000,沖縄県,1980000000,1980年,人
750422,00700,全域,002,女,024,２３歳,00000,全国,1980000000,1980年,人
586045,00700,全域,002,女,024,２３歳,00001,全国市部,1980000000,1980年,人
164377,00700,全域,002,女,024,２３歳,00002,全国郡部,1980000000,1980年,人
37876,00700,全域,002,女,024,２３歳,01000,北海道,1980000000,1980年,人
10162,00700,全域,002,女,024,２３歳,02000,青森県,1980000000,1980年,人
8557,00700,全域,002,女,024,２３歳,03000,岩手県,1980000000,1980年,人
15006,00700,全域,002,女,024,２３歳,04000,宮城県,1980000000,1980年,人
8215,00700,全域,002,女,024,２３歳,05000,秋田県,1980000000,1980年,人
7647,00700,全域,002,女,024,２３歳,06000,山形県,1980000000,1980年,人
13425,00700,全域,002,女,024,２３歳,07000,福島県,1980000000,1980年,人
16039,00700,全域,002,女,024,２３歳,08000,茨城県,1980000000,1980年,人
11740,00700,全域,002,女,024,２３歳,09000,栃木県,1980000000,1980年,人
11215,00700,全域,002,女,024,２３歳,10000,群馬県,1980000000,1980年,人
31029,00700,全域,002,女,024,２３歳,11000,埼玉県,1980000000,1980年,人
26891,00700,全域,002,女,024,２３歳,12000,千葉県,1980000000,1980年,人
90667,00700,全域,002,女,024,２３歳,13000,東京都,1980000000,1980年,人
41148,00700,全域,002,女,024,２３歳,14000,神奈川県,1980000000,1980年,人
14358,00700,全域,002,女,024,２３歳,15000,新潟県,1980000000,1980年,人
6353,00700,全域,002,女,024,２３歳,16000,富山県,1980000000,1980年,人
6858,00700,全域,002,女,024,２３歳,17000,石川県,1980000000,1980年,人
4686,00700,全域,002,女,024,２３歳,18000,福井県,1980000000,1980年,人
4926,00700,全域,002,女,024,２３歳,19000,山梨県,1980000000,1980年,人
11614,00700,全域,002,女,024,２３歳,20000,長野県,1980000000,1980年,人
12290,00700,全域,002,女,024,２３歳,21000,岐阜県,1980000000,1980年,人
21935,00700,全域,002,女,024,２３歳,22000,静岡県,1980000000,1980年,人
39949,00700,全域,002,女,024,２３歳,23000,愛知県,1980000000,1980年,人
10084,00700,全域,002,女,024,２３歳,24000,三重県,1980000000,1980年,人
6678,00700,全域,002,女,024,２３歳,25000,滋賀県,1980000000,1980年,人
15886,00700,全域,002,女,024,２３歳,26000,京都府,1980000000,1980年,人
53286,00700,全域,002,女,024,２３歳,27000,大阪府,1980000000,1980年,人
31801,00700,全域,002,女,024,２３歳,28000,兵庫県,1980000000,1980年,人
7366,00700,全域,002,女,024,２３歳,29000,奈良県,1980000000,1980年,人
6232,00700,全域,002,女,024,２３歳,30000,和歌山県,1980000000,1980年,人
3838,00700,全域,002,女,024,２３歳,31000,鳥取県,1980000000,1980年,人
4188,00700,全域,002,女,024,２３歳,32000,島根県,1980000000,1980年,人
11419,00700,全域,002,女,024,２３歳,33000,岡山県,1980000000,1980年,人
16880,00700,全域,002,女,024,２３歳,34000,広島県,1980000000,1980年,人
9246,00700,全域,002,女,024,２３歳,35000,山口県,1980000000,1980年,人
5077,00700,全域,002,女,024,２３歳,36000,徳島県,1980000000,1980年,人
5948,00700,全域,002,女,024,２３歳,37000,香川県,1980000000,1980年,人
9625,00700,全域,002,女,024,２３歳,38000,愛媛県,1980000000,1980年,人
4823,00700,全域,002,女,024,２３歳,39000,高知県,1980000000,1980年,人
30921,00700,全域,002,女,024,２３歳,40000,福岡県,1980000000,1980年,人
5815,00700,全域,002,女,024,２３歳,41000,佐賀県,1980000000,1980年,人
10210,00700,全域,002,女,024,２３歳,42000,長崎県,1980000000,1980年,人
12061,00700,全域,002,女,024,２３歳,43000,熊本県,1980000000,1980年,人
7688,00700,全域,002,女,024,２３歳,44000,大分県,1980000000,1980年,人
8119,00700,全域,002,女,024,２３歳,45000,宮崎県,1980000000,1980年,人
12389,00700,全域,002,女,024,２３歳,46000,鹿児島県,1980000000,1980年,人
8256,00700,全域,002,女,024,２３歳,47000,沖縄県,1980000000,1980年,人
792174,00700,全域,002,女,025,２４歳,00000,全国,1980000000,1980年,人
616568,00700,全域,002,女,025,２４歳,00001,全国市部,1980000000,1980年,人
175606,00700,全域,002,女,025,２４歳,00002,全国郡部,1980000000,1980年,人
39898,00700,全域,002,女,025,２４歳,01000,北海道,1980000000,1980年,人
10836,00700,全域,002,女,025,２４歳,02000,青森県,1980000000,1980年,人
9272,00700,全域,002,女,025,２４歳,03000,岩手県,1980000000,1980年,人
15679,00700,全域,002,女,025,２４歳,04000,宮城県,1980000000,1980年,人
8350,00700,全域,002,女,025,２４歳,05000,秋田県,1980000000,1980年,人
8410,00700,全域,002,女,025,２４歳,06000,山形県,1980000000,1980年,人
14237,00700,全域,002,女,025,２４歳,07000,福島県,1980000000,1980年,人
17254,00700,全域,002,女,025,２４歳,08000,茨城県,1980000000,1980年,人
12618,00700,全域,002,女,025,２４歳,09000,栃木県,1980000000,1980年,人
12215,00700,全域,002,女,025,２４歳,10000,群馬県,1980000000,1980年,人
32682,00700,全域,002,女,025,２４歳,11000,埼玉県,1980000000,1980年,人
29281,00700,全域,002,女,025,２４歳,12000,千葉県,1980000000,1980年,人
90115,00700,全域,002,女,025,２４歳,13000,東京都,1980000000,1980年,人
43512,00700,全域,002,女,025,２４歳,14000,神奈川県,1980000000,1980年,人
15527,00700,全域,002,女,025,２４歳,15000,新潟県,1980000000,1980年,人
6683,00700,全域,002,女,025,２４歳,16000,富山県,1980000000,1980年,人
7124,00700,全域,002,女,025,２４歳,17000,石川県,1980000000,1980年,人
5165,00700,全域,002,女,025,２４歳,18000,福井県,1980000000,1980年,人
5360,00700,全域,002,女,025,２４歳,19000,山梨県,1980000000,1980年,人
12800,00700,全域,002,女,025,２４歳,20000,長野県,1980000000,1980年,人
12792,00700,全域,002,女,025,２４歳,21000,岐阜県,1980000000,1980年,人
23217,00700,全域,002,女,025,２４歳,22000,静岡県,1980000000,1980年,人
41524,00700,全域,002,女,025,２４歳,23000,愛知県,1980000000,1980年,人
10679,00700,全域,002,女,025,２４歳,24000,三重県,1980000000,1980年,人
7137,00700,全域,002,女,025,２４歳,25000,滋賀県,1980000000,1980年,人
16239,00700,全域,002,女,025,２４歳,26000,京都府,1980000000,1980年,人
55902,00700,全域,002,女,025,２４歳,27000,大阪府,1980000000,1980年,人
33536,00700,全域,002,女,025,２４歳,28000,兵庫県,1980000000,1980年,人
7863,00700,全域,002,女,025,２４歳,29000,奈良県,1980000000,1980年,人
6828,00700,全域,002,女,025,２４歳,30000,和歌山県,1980000000,1980年,人
4117,00700,全域,002,女,025,２４歳,31000,鳥取県,1980000000,1980年,人
4616,00700,全域,002,女,025,２４歳,32000,島根県,1980000000,1980年,人
12186,00700,全域,002,女,025,２４歳,33000,岡山県,1980000000,1980年,人
17887,00700,全域,002,女,025,２４歳,34000,広島県,1980000000,1980年,人
10306,00700,全域,002,女,025,２４歳,35000,山口県,1980000000,1980年,人
5590,00700,全域,002,女,025,２４歳,36000,徳島県,1980000000,1980年,人
6505,00700,全域,002,女,025,２４歳,37000,香川県,1980000000,1980年,人
10196,00700,全域,002,女,025,２４歳,38000,愛媛県,1980000000,1980年,人
4980,00700,全域,002,女,025,２４歳,39000,高知県,1980000000,1980年,人
33192,00700,全域,002,女,025,２４歳,40000,福岡県,1980000000,1980年,人
6407,00700,全域,002,女,025,２４歳,41000,佐賀県,1980000000,1980年,人
11256,00700,全域,002,女,025,２４歳,42000,長崎県,1980000000,1980年,人
13072,00700,全域,002,女,025,２４歳,43000,熊本県,1980000000,1980年,人
8555,00700,全域,002,女,025,２４歳,44000,大分県,1980000000,1980年,人
8603,00700,全域,002,女,025,２４歳,45000,宮崎県,1980000000,1980年,人
12957,00700,全域,002,女,025,２４歳,46000,鹿児島県,1980000000,1980年,人
9014,00700,全域,002,女,025,２４歳,47000,沖縄県,1980000000,1980年,人
824578,00700,全域,002,女,026,２５歳,00000,全国,1980000000,1980年,人
642403,00700,全域,002,女,026,２５歳,00001,全国市部,1980000000,1980年,人
182175,00700,全域,002,女,026,２５歳,00002,全国郡部,1980000000,1980年,人
41905,00700,全域,002,女,026,２５歳,01000,北海道,1980000000,1980年,人
11562,00700,全域,002,女,026,２５歳,02000,青森県,1980000000,1980年,人
9965,00700,全域,002,女,026,２５歳,03000,岩手県,1980000000,1980年,人
16189,00700,全域,002,女,026,２５歳,04000,宮城県,1980000000,1980年,人
9264,00700,全域,002,女,026,２５歳,05000,秋田県,1980000000,1980年,人
8683,00700,全域,002,女,026,２５歳,06000,山形県,1980000000,1980年,人
15025,00700,全域,002,女,026,２５歳,07000,福島県,1980000000,1980年,人
18102,00700,全域,002,女,026,２５歳,08000,茨城県,1980000000,1980年,人
13466,00700,全域,002,女,026,２５歳,09000,栃木県,1980000000,1980年,人
13001,00700,全域,002,女,026,２５歳,10000,群馬県,1980000000,1980年,人
35760,00700,全域,002,女,026,２５歳,11000,埼玉県,1980000000,1980年,人
32033,00700,全域,002,女,026,２５歳,12000,千葉県,1980000000,1980年,人
90497,00700,全域,002,女,026,２５歳,13000,東京都,1980000000,1980年,人
46697,00700,全域,002,女,026,２５歳,14000,神奈川県,1980000000,1980年,人
17211,00700,全域,002,女,026,２５歳,15000,新潟県,1980000000,1980年,人
7354,00700,全域,002,女,026,２５歳,16000,富山県,1980000000,1980年,人
7588,00700,全域,002,女,026,２５歳,17000,石川県,1980000000,1980年,人
5410,00700,全域,002,女,026,２５歳,18000,福井県,1980000000,1980年,人
5386,00700,全域,002,女,026,２５歳,19000,山梨県,1980000000,1980年,人
13358,00700,全域,002,女,026,２５歳,20000,長野県,1980000000,1980年,人
13168,00700,全域,002,女,026,２５歳,21000,岐阜県,1980000000,1980年,人
24028,00700,全域,002,女,026,２５歳,22000,静岡県,1980000000,1980年,人
43354,00700,全域,002,女,026,２５歳,23000,愛知県,1980000000,1980年,人
10901,00700,全域,002,女,026,２５歳,24000,三重県,1980000000,1980年,人
7400,00700,全域,002,女,026,２５歳,25000,滋賀県,1980000000,1980年,人
16686,00700,全域,002,女,026,２５歳,26000,京都府,1980000000,1980年,人
58188,00700,全域,002,女,026,２５歳,27000,大阪府,1980000000,1980年,人
34989,00700,全域,002,女,026,２５歳,28000,兵庫県,1980000000,1980年,人
8075,00700,全域,002,女,026,２５歳,29000,奈良県,1980000000,1980年,人
6911,00700,全域,002,女,026,２５歳,30000,和歌山県,1980000000,1980年,人
4209,00700,全域,002,女,026,２５歳,31000,鳥取県,1980000000,1980年,人
4658,00700,全域,002,女,026,２５歳,32000,島根県,1980000000,1980年,人
12010,00700,全域,002,女,026,２５歳,33000,岡山県,1980000000,1980年,人
18039,00700,全域,002,女,026,２５歳,34000,広島県,1980000000,1980年,人
10154,00700,全域,002,女,026,２５歳,35000,山口県,1980000000,1980年,人
5828,00700,全域,002,女,026,２５歳,36000,徳島県,1980000000,1980年,人
6630,00700,全域,002,女,026,２５歳,37000,香川県,1980000000,1980年,人
10309,00700,全域,002,女,026,２５歳,38000,愛媛県,1980000000,1980年,人
5383,00700,全域,002,女,026,２５歳,39000,高知県,1980000000,1980年,人
34187,00700,全域,002,女,026,２５歳,40000,福岡県,1980000000,1980年,人
6495,00700,全域,002,女,026,２５歳,41000,佐賀県,1980000000,1980年,人
11750,00700,全域,002,女,026,２５歳,42000,長崎県,1980000000,1980年,人
13226,00700,全域,002,女,026,２５歳,43000,熊本県,1980000000,1980年,人
8700,00700,全域,002,女,026,２５歳,44000,大分県,1980000000,1980年,人
8663,00700,全域,002,女,026,２５歳,45000,宮崎県,1980000000,1980年,人
12999,00700,全域,002,女,026,２５歳,46000,鹿児島県,1980000000,1980年,人
9182,00700,全域,002,女,026,２５歳,47000,沖縄県,1980000000,1980年,人
828292,00700,全域,002,女,027,２６歳,00000,全国,1980000000,1980年,人
647525,00700,全域,002,女,027,２６歳,00001,全国市部,1980000000,1980年,人
180767,00700,全域,002,女,027,２６歳,00002,全国郡部,1980000000,1980年,人
43839,00700,全域,002,女,027,２６歳,01000,北海道,1980000000,1980年,人
11449,00700,全域,002,女,027,２６歳,02000,青森県,1980000000,1980年,人
10139,00700,全域,002,女,027,２６歳,03000,岩手県,1980000000,1980年,人
15892,00700,全域,002,女,027,２６歳,04000,宮城県,1980000000,1980年,人
9183,00700,全域,002,女,027,２６歳,05000,秋田県,1980000000,1980年,人
8536,00700,全域,002,女,027,２６歳,06000,山形県,1980000000,1980年,人
14839,00700,全域,002,女,027,２６歳,07000,福島県,1980000000,1980年,人
18215,00700,全域,002,女,027,２６歳,08000,茨城県,1980000000,1980年,人
13561,00700,全域,002,女,027,２６歳,09000,栃木県,1980000000,1980年,人
12927,00700,全域,002,女,027,２６歳,10000,群馬県,1980000000,1980年,人
36529,00700,全域,002,女,027,２６歳,11000,埼玉県,1980000000,1980年,人
33121,00700,全域,002,女,027,２６歳,12000,千葉県,1980000000,1980年,人
88525,00700,全域,002,女,027,２６歳,13000,東京都,1980000000,1980年,人
47810,00700,全域,002,女,027,２６歳,14000,神奈川県,1980000000,1980年,人
16878,00700,全域,002,女,027,２６歳,15000,新潟県,1980000000,1980年,人
7051,00700,全域,002,女,027,２６歳,16000,富山県,1980000000,1980年,人
7641,00700,全域,002,女,027,２６歳,17000,石川県,1980000000,1980年,人
5170,00700,全域,002,女,027,２６歳,18000,福井県,1980000000,1980年,人
5501,00700,全域,002,女,027,２６歳,19000,山梨県,1980000000,1980年,人
13063,00700,全域,002,女,027,２６歳,20000,長野県,1980000000,1980年,人
13254,00700,全域,002,女,027,２６歳,21000,岐阜県,1980000000,1980年,人
24318,00700,全域,002,女,027,２６歳,22000,静岡県,1980000000,1980年,人
43284,00700,全域,002,女,027,２６歳,23000,愛知県,1980000000,1980年,人
10874,00700,全域,002,女,027,２６歳,24000,三重県,1980000000,1980年,人
7339,00700,全域,002,女,027,２６歳,25000,滋賀県,1980000000,1980年,人
16548,00700,全域,002,女,027,２６歳,26000,京都府,1980000000,1980年,人
59684,00700,全域,002,女,027,２６歳,27000,大阪府,1980000000,1980年,人
35227,00700,全域,002,女,027,２６歳,28000,兵庫県,1980000000,1980年,人
8265,00700,全域,002,女,027,２６歳,29000,奈良県,1980000000,1980年,人
6917,00700,全域,002,女,027,２６歳,30000,和歌山県,1980000000,1980年,人
4078,00700,全域,002,女,027,２６歳,31000,鳥取県,1980000000,1980年,人
4783,00700,全域,002,女,027,２６歳,32000,島根県,1980000000,1980年,人
11701,00700,全域,002,女,027,２６歳,33000,岡山県,1980000000,1980年,人
18462,00700,全域,002,女,027,２６歳,34000,広島県,1980000000,1980年,人
10110,00700,全域,002,女,027,２６歳,35000,山口県,1980000000,1980年,人
5732,00700,全域,002,女,027,２６歳,36000,徳島県,1980000000,1980年,人
6277,00700,全域,002,女,027,２６歳,37000,香川県,1980000000,1980年,人
10135,00700,全域,002,女,027,２６歳,38000,愛媛県,1980000000,1980年,人
5371,00700,全域,002,女,027,２６歳,39000,高知県,1980000000,1980年,人
34488,00700,全域,002,女,027,２６歳,40000,福岡県,1980000000,1980年,人
6366,00700,全域,002,女,027,２６歳,41000,佐賀県,1980000000,1980年,人
11998,00700,全域,002,女,027,２６歳,42000,長崎県,1980000000,1980年,人
13192,00700,全域,002,女,027,２６歳,43000,熊本県,1980000000,1980年,人
8408,00700,全域,002,女,027,２６歳,44000,大分県,1980000000,1980年,人
8834,00700,全域,002,女,027,２６歳,45000,宮崎県,1980000000,1980年,人
13269,00700,全域,002,女,027,２６歳,46000,鹿児島県,1980000000,1980年,人
9509,00700,全域,002,女,027,２６歳,47000,沖縄県,1980000000,1980年,人
890109,00700,全域,002,女,028,２７歳,00000,全国,1980000000,1980年,人
697966,00700,全域,002,女,028,２７歳,00001,全国市部,1980000000,1980年,人
192143,00700,全域,002,女,028,２７歳,00002,全国郡部,1980000000,1980年,人
47592,00700,全域,002,女,028,２７歳,01000,北海道,1980000000,1980年,人
12228,00700,全域,002,女,028,２７歳,02000,青森県,1980000000,1980年,人
10637,00700,全域,002,女,028,２７歳,03000,岩手県,1980000000,1980年,人
17086,00700,全域,002,女,028,２７歳,04000,宮城県,1980000000,1980年,人
9526,00700,全域,002,女,028,２７歳,05000,秋田県,1980000000,1980年,人
9194,00700,全域,002,女,028,２７歳,06000,山形県,1980000000,1980年,人
15584,00700,全域,002,女,028,２７歳,07000,福島県,1980000000,1980年,人
19577,00700,全域,002,女,028,２７歳,08000,茨城県,1980000000,1980年,人
14415,00700,全域,002,女,028,２７歳,09000,栃木県,1980000000,1980年,人
13620,00700,全域,002,女,028,２７歳,10000,群馬県,1980000000,1980年,人
41096,00700,全域,002,女,028,２７歳,11000,埼玉県,1980000000,1980年,人
37019,00700,全域,002,女,028,２７歳,12000,千葉県,1980000000,1980年,人
91759,00700,全域,002,女,028,２７歳,13000,東京都,1980000000,1980年,人
52483,00700,全域,002,女,028,２７歳,14000,神奈川県,1980000000,1980年,人
17882,00700,全域,002,女,028,２７歳,15000,新潟県,1980000000,1980年,人
7666,00700,全域,002,女,028,２７歳,16000,富山県,1980000000,1980年,人
7898,00700,全域,002,女,028,２７歳,17000,石川県,1980000000,1980年,人
5590,00700,全域,002,女,028,２７歳,18000,福井県,1980000000,1980年,人
5597,00700,全域,002,女,028,２７歳,19000,山梨県,1980000000,1980年,人
13745,00700,全域,002,女,028,２７歳,20000,長野県,1980000000,1980年,人
14190,00700,全域,002,女,028,２７歳,21000,岐阜県,1980000000,1980年,人
26295,00700,全域,002,女,028,２７歳,22000,静岡県,1980000000,1980年,人
47412,00700,全域,002,女,028,２７歳,23000,愛知県,1980000000,1980年,人
11963,00700,全域,002,女,028,２７歳,24000,三重県,1980000000,1980年,人
8144,00700,全域,002,女,028,２７歳,25000,滋賀県,1980000000,1980年,人
18041,00700,全域,002,女,028,２７歳,26000,京都府,1980000000,1980年,人
64731,00700,全域,002,女,028,２７歳,27000,大阪府,1980000000,1980年,人
38544,00700,全域,002,女,028,２７歳,28000,兵庫県,1980000000,1980年,人
8892,00700,全域,002,女,028,２７歳,29000,奈良県,1980000000,1980年,人
7550,00700,全域,002,女,028,２７歳,30000,和歌山県,1980000000,1980年,人
4407,00700,全域,002,女,028,２７歳,31000,鳥取県,1980000000,1980年,人
4992,00700,全域,002,女,028,２７歳,32000,島根県,1980000000,1980年,人
12882,00700,全域,002,女,028,２７歳,33000,岡山県,1980000000,1980年,人
20360,00700,全域,002,女,028,２７歳,34000,広島県,1980000000,1980年,人
11036,00700,全域,002,女,028,２７歳,35000,山口県,1980000000,1980年,人
6085,00700,全域,002,女,028,２７歳,36000,徳島県,1980000000,1980年,人
7245,00700,全域,002,女,028,２７歳,37000,香川県,1980000000,1980年,人
10919,00700,全域,002,女,028,２７歳,38000,愛媛県,1980000000,1980年,人
5778,00700,全域,002,女,028,２７歳,39000,高知県,1980000000,1980年,人
37329,00700,全域,002,女,028,２７歳,40000,福岡県,1980000000,1980年,人
6676,00700,全域,002,女,028,２７歳,41000,佐賀県,1980000000,1980年,人
12252,00700,全域,002,女,028,２７歳,42000,長崎県,1980000000,1980年,人
13649,00700,全域,002,女,028,２７歳,43000,熊本県,1980000000,1980年,人
9074,00700,全域,002,女,028,２７歳,44000,大分県,1980000000,1980年,人
9004,00700,全域,002,女,028,２７歳,45000,宮崎県,1980000000,1980年,人
12668,00700,全域,002,女,028,２７歳,46000,鹿児島県,1980000000,1980年,人
9797,00700,全域,002,女,028,２７歳,47000,沖縄県,1980000000,1980年,人
945249,00700,全域,002,女,029,２８歳,00000,全国,1980000000,1980年,人
741764,00700,全域,002,女,029,２８歳,00001,全国市部,1980000000,1980年,人
203485,00700,全域,002,女,029,２８歳,00002,全国郡部,1980000000,1980年,人
50582,00700,全域,002,女,029,２８歳,01000,北海道,1980000000,1980年,人
12441,00700,全域,002,女,029,２８歳,02000,青森県,1980000000,1980年,人
11190,00700,全域,002,女,029,２８歳,03000,岩手県,1980000000,1980年,人
18182,00700,全域,002,女,029,２８歳,04000,宮城県,1980000000,1980年,人
10050,00700,全域,002,女,029,２８歳,05000,秋田県,1980000000,1980年,人
9666,00700,全域,002,女,029,２８歳,06000,山形県,1980000000,1980年,人
16623,00700,全域,002,女,029,２８歳,07000,福島県,1980000000,1980年,人
21240,00700,全域,002,女,029,２８歳,08000,茨城県,1980000000,1980年,人
15086,00700,全域,002,女,029,２８歳,09000,栃木県,1980000000,1980年,人
14863,00700,全域,002,女,029,２８歳,10000,群馬県,1980000000,1980年,人
45312,00700,全域,002,女,029,２８歳,11000,埼玉県,1980000000,1980年,人
40326,00700,全域,002,女,029,２８歳,12000,千葉県,1980000000,1980年,人
96180,00700,全域,002,女,029,２８歳,13000,東京都,1980000000,1980年,人
57419,00700,全域,002,女,029,２８歳,14000,神奈川県,1980000000,1980年,人
19159,00700,全域,002,女,029,２８歳,15000,新潟県,1980000000,1980年,人
8008,00700,全域,002,女,029,２８歳,16000,富山県,1980000000,1980年,人
8357,00700,全域,002,女,029,２８歳,17000,石川県,1980000000,1980年,人
6100,00700,全域,002,女,029,２８歳,18000,福井県,1980000000,1980年,人
5752,00700,全域,002,女,029,２８歳,19000,山梨県,1980000000,1980年,人
14724,00700,全域,002,女,029,２８歳,20000,長野県,1980000000,1980年,人
14977,00700,全域,002,女,029,２８歳,21000,岐阜県,1980000000,1980年,人
27973,00700,全域,002,女,029,２８歳,22000,静岡県,1980000000,1980年,人
50251,00700,全域,002,女,029,２８歳,23000,愛知県,1980000000,1980年,人
12386,00700,全域,002,女,029,２８歳,24000,三重県,1980000000,1980年,人
8560,00700,全域,002,女,029,２８歳,25000,滋賀県,1980000000,1980年,人
19402,00700,全域,002,女,029,２８歳,26000,京都府,1980000000,1980年,人
69248,00700,全域,002,女,029,２８歳,27000,大阪府,1980000000,1980年,人
40317,00700,全域,002,女,029,２８歳,28000,兵庫県,1980000000,1980年,人
9853,00700,全域,002,女,029,２８歳,29000,奈良県,1980000000,1980年,人
7809,00700,全域,002,女,029,２８歳,30000,和歌山県,1980000000,1980年,人
4520,00700,全域,002,女,029,２８歳,31000,鳥取県,1980000000,1980年,人
5325,00700,全域,002,女,029,２８歳,32000,島根県,1980000000,1980年,人
13429,00700,全域,002,女,029,２８歳,33000,岡山県,1980000000,1980年,人
21177,00700,全域,002,女,029,２８歳,34000,広島県,1980000000,1980年,人
11791,00700,全域,002,女,029,２８歳,35000,山口県,1980000000,1980年,人
6310,00700,全域,002,女,029,２８歳,36000,徳島県,1980000000,1980年,人
7361,00700,全域,002,女,029,２８歳,37000,香川県,1980000000,1980年,人
12005,00700,全域,002,女,029,２８歳,38000,愛媛県,1980000000,1980年,人
6142,00700,全域,002,女,029,２８歳,39000,高知県,1980000000,1980年,人
38912,00700,全域,002,女,029,２８歳,40000,福岡県,1980000000,1980年,人
6768,00700,全域,002,女,029,２８歳,41000,佐賀県,1980000000,1980年,人
12988,00700,全域,002,女,029,２８歳,42000,長崎県,1980000000,1980年,人
14274,00700,全域,002,女,029,２８歳,43000,熊本県,1980000000,1980年,人
9370,00700,全域,002,女,029,２８歳,44000,大分県,1980000000,1980年,人
9544,00700,全域,002,女,029,２８歳,45000,宮崎県,1980000000,1980年,人
13496,00700,全域,002,女,029,２８歳,46000,鹿児島県,1980000000,1980年,人
9801,00700,全域,002,女,029,２８歳,47000,沖縄県,1980000000,1980年,人
1007659,00700,全域,002,女,030,２９歳,00000,全国,1980000000,1980年,人
793060,00700,全域,002,女,030,２９歳,00001,全国市部,1980000000,1980年,人
214599,00700,全域,002,女,030,２９歳,00002,全国郡部,1980000000,1980年,人
53037,00700,全域,002,女,030,２９歳,01000,北海道,1980000000,1980年,人
13256,00700,全域,002,女,030,２９歳,02000,青森県,1980000000,1980年,人
11290,00700,全域,002,女,030,２９歳,03000,岩手県,1980000000,1980年,人
18821,00700,全域,002,女,030,２９歳,04000,宮城県,1980000000,1980年,人
10119,00700,全域,002,女,030,２９歳,05000,秋田県,1980000000,1980年,人
9992,00700,全域,002,女,030,２９歳,06000,山形県,1980000000,1980年,人
16884,00700,全域,002,女,030,２９歳,07000,福島県,1980000000,1980年,人
22573,00700,全域,002,女,030,２９歳,08000,茨城県,1980000000,1980年,人
15951,00700,全域,002,女,030,２９歳,09000,栃木県,1980000000,1980年,人
16040,00700,全域,002,女,030,２９歳,10000,群馬県,1980000000,1980年,人
49226,00700,全域,002,女,030,２９歳,11000,埼玉県,1980000000,1980年,人
43472,00700,全域,002,女,030,２９歳,12000,千葉県,1980000000,1980年,人
100419,00700,全域,002,女,030,２９歳,13000,東京都,1980000000,1980年,人
62104,00700,全域,002,女,030,２９歳,14000,神奈川県,1980000000,1980年,人
20222,00700,全域,002,女,030,２９歳,15000,新潟県,1980000000,1980年,人
8534,00700,全域,002,女,030,２９歳,16000,富山県,1980000000,1980年,人
8912,00700,全域,002,女,030,２９歳,17000,石川県,1980000000,1980年,人
6304,00700,全域,002,女,030,２９歳,18000,福井県,1980000000,1980年,人
6123,00700,全域,002,女,030,２９歳,19000,山梨県,1980000000,1980年,人
16190,00700,全域,002,女,030,２９歳,20000,長野県,1980000000,1980年,人
15848,00700,全域,002,女,030,２９歳,21000,岐阜県,1980000000,1980年,人
29785,00700,全域,002,女,030,２９歳,22000,静岡県,1980000000,1980年,人
53852,00700,全域,002,女,030,２９歳,23000,愛知県,1980000000,1980年,人
13086,00700,全域,002,女,030,２９歳,24000,三重県,1980000000,1980年,人
9135,00700,全域,002,女,030,２９歳,25000,滋賀県,1980000000,1980年,人
21299,00700,全域,002,女,030,２９歳,26000,京都府,1980000000,1980年,人
75982,00700,全域,002,女,030,２９歳,27000,大阪府,1980000000,1980年,人
44045,00700,全域,002,女,030,２９歳,28000,兵庫県,1980000000,1980年,人
10557,00700,全域,002,女,030,２９歳,29000,奈良県,1980000000,1980年,人
8505,00700,全域,002,女,030,２９歳,30000,和歌山県,1980000000,1980年,人
4686,00700,全域,002,女,030,２９歳,31000,鳥取県,1980000000,1980年,人
5649,00700,全域,002,女,030,２９歳,32000,島根県,1980000000,1980年,人
14937,00700,全域,002,女,030,２９歳,33000,岡山県,1980000000,1980年,人
23677,00700,全域,002,女,030,２９歳,34000,広島県,1980000000,1980年,人
12763,00700,全域,002,女,030,２９歳,35000,山口県,1980000000,1980年,人
6770,00700,全域,002,女,030,２９歳,36000,徳島県,1980000000,1980年,人
8324,00700,全域,002,女,030,２９歳,37000,香川県,1980000000,1980年,人
12403,00700,全域,002,女,030,２９歳,38000,愛媛県,1980000000,1980年,人
6338,00700,全域,002,女,030,２９歳,39000,高知県,1980000000,1980年,人
42014,00700,全域,002,女,030,２９歳,40000,福岡県,1980000000,1980年,人
7128,00700,全域,002,女,030,２９歳,41000,佐賀県,1980000000,1980年,人
13257,00700,全域,002,女,030,２９歳,42000,長崎県,1980000000,1980年,人
14593,00700,全域,002,女,030,２９歳,43000,熊本県,1980000000,1980年,人
10197,00700,全域,002,女,030,２９歳,44000,大分県,1980000000,1980年,人
9945,00700,全域,002,女,030,２９歳,45000,宮崎県,1980000000,1980年,人
13344,00700,全域,002,女,030,２９歳,46000,鹿児島県,1980000000,1980年,人
10071,00700,全域,002,女,030,２９歳,47000,沖縄県,1980000000,1980年,人
1089823,00700,全域,002,女,031,３０歳,00000,全国,1980000000,1980年,人
860649,00700,全域,002,女,031,３０歳,00001,全国市部,1980000000,1980年,人
229174,00700,全域,002,女,031,３０歳,00002,全国郡部,1980000000,1980年,人
56982,00700,全域,002,女,031,３０歳,01000,北海道,1980000000,1980年,人
14350,00700,全域,002,女,031,３０歳,02000,青森県,1980000000,1980年,人
12175,00700,全域,002,女,031,３０歳,03000,岩手県,1980000000,1980年,人
19838,00700,全域,002,女,031,３０歳,04000,宮城県,1980000000,1980年,人
11175,00700,全域,002,女,031,３０歳,05000,秋田県,1980000000,1980年,人
10838,00700,全域,002,女,031,３０歳,06000,山形県,1980000000,1980年,人
17743,00700,全域,002,女,031,３０歳,07000,福島県,1980000000,1980年,人
23692,00700,全域,002,女,031,３０歳,08000,茨城県,1980000000,1980年,人
16982,00700,全域,002,女,031,３０歳,09000,栃木県,1980000000,1980年,人
17029,00700,全域,002,女,031,３０歳,10000,群馬県,1980000000,1980年,人
55603,00700,全域,002,女,031,３０歳,11000,埼玉県,1980000000,1980年,人
48135,00700,全域,002,女,031,３０歳,12000,千葉県,1980000000,1980年,人
109276,00700,全域,002,女,031,３０歳,13000,東京都,1980000000,1980年,人
69291,00700,全域,002,女,031,３０歳,14000,神奈川県,1980000000,1980年,人
21892,00700,全域,002,女,031,３０歳,15000,新潟県,1980000000,1980年,人
10033,00700,全域,002,女,031,３０歳,16000,富山県,1980000000,1980年,人
10063,00700,全域,002,女,031,３０歳,17000,石川県,1980000000,1980年,人
7044,00700,全域,002,女,031,３０歳,18000,福井県,1980000000,1980年,人
6597,00700,全域,002,女,031,３０歳,19000,山梨県,1980000000,1980年,人
17103,00700,全域,002,女,031,３０歳,20000,長野県,1980000000,1980年,人
17700,00700,全域,002,女,031,３０歳,21000,岐阜県,1980000000,1980年,人
32411,00700,全域,002,女,031,３０歳,22000,静岡県,1980000000,1980年,人
59404,00700,全域,002,女,031,３０歳,23000,愛知県,1980000000,1980年,人
14505,00700,全域,002,女,031,３０歳,24000,三重県,1980000000,1980年,人
9956,00700,全域,002,女,031,３０歳,25000,滋賀県,1980000000,1980年,人
23450,00700,全域,002,女,031,３０歳,26000,京都府,1980000000,1980年,人
82006,00700,全域,002,女,031,３０歳,27000,大阪府,1980000000,1980年,人
46757,00700,全域,002,女,031,３０歳,28000,兵庫県,1980000000,1980年,人
11283,00700,全域,002,女,031,３０歳,29000,奈良県,1980000000,1980年,人
9188,00700,全域,002,女,031,３０歳,30000,和歌山県,1980000000,1980年,人
5146,00700,全域,002,女,031,３０歳,31000,鳥取県,1980000000,1980年,人
6080,00700,全域,002,女,031,３０歳,32000,島根県,1980000000,1980年,人
15752,00700,全域,002,女,031,３０歳,33000,岡山県,1980000000,1980年,人
25367,00700,全域,002,女,031,３０歳,34000,広島県,1980000000,1980年,人
13790,00700,全域,002,女,031,３０歳,35000,山口県,1980000000,1980年,人
7095,00700,全域,002,女,031,３０歳,36000,徳島県,1980000000,1980年,人
8812,00700,全域,002,女,031,３０歳,37000,香川県,1980000000,1980年,人
13339,00700,全域,002,女,031,３０歳,38000,愛媛県,1980000000,1980年,人
7128,00700,全域,002,女,031,３０歳,39000,高知県,1980000000,1980年,人
44377,00700,全域,002,女,031,３０歳,40000,福岡県,1980000000,1980年,人
7293,00700,全域,002,女,031,３０歳,41000,佐賀県,1980000000,1980年,人
13650,00700,全域,002,女,031,３０歳,42000,長崎県,1980000000,1980年,人
15039,00700,全域,002,女,031,３０歳,43000,熊本県,1980000000,1980年,人
10516,00700,全域,002,女,031,３０歳,44000,大分県,1980000000,1980年,人
10136,00700,全域,002,女,031,３０歳,45000,宮崎県,1980000000,1980年,人
13474,00700,全域,002,女,031,３０歳,46000,鹿児島県,1980000000,1980年,人
10328,00700,全域,002,女,031,３０歳,47000,沖縄県,1980000000,1980年,人
1200333,00700,全域,002,女,032,３１歳,00000,全国,1980000000,1980年,人
954004,00700,全域,002,女,032,３１歳,00001,全国市部,1980000000,1980年,人
246329,00700,全域,002,女,032,３１歳,00002,全国郡部,1980000000,1980年,人
60398,00700,全域,002,女,032,３１歳,01000,北海道,1980000000,1980年,人
14784,00700,全域,002,女,032,３１歳,02000,青森県,1980000000,1980年,人
12671,00700,全域,002,女,032,３１歳,03000,岩手県,1980000000,1980年,人
20332,00700,全域,002,女,032,３１歳,04000,宮城県,1980000000,1980年,人
11424,00700,全域,002,女,032,３１歳,05000,秋田県,1980000000,1980年,人
10586,00700,全域,002,女,032,３１歳,06000,山形県,1980000000,1980年,人
17646,00700,全域,002,女,032,３１歳,07000,福島県,1980000000,1980年,人
24708,00700,全域,002,女,032,３１歳,08000,茨城県,1980000000,1980年,人
17707,00700,全域,002,女,032,３１歳,09000,栃木県,1980000000,1980年,人
18181,00700,全域,002,女,032,３１歳,10000,群馬県,1980000000,1980年,人
61015,00700,全域,002,女,032,３１歳,11000,埼玉県,1980000000,1980年,人
53411,00700,全域,002,女,032,３１歳,12000,千葉県,1980000000,1980年,人
118810,00700,全域,002,女,032,３１歳,13000,東京都,1980000000,1980年,人
75900,00700,全域,002,女,032,３１歳,14000,神奈川県,1980000000,1980年,人
22835,00700,全域,002,女,032,３１歳,15000,新潟県,1980000000,1980年,人
10947,00700,全域,002,女,032,３１歳,16000,富山県,1980000000,1980年,人
11902,00700,全域,002,女,032,３１歳,17000,石川県,1980000000,1980年,人
7660,00700,全域,002,女,032,３１歳,18000,福井県,1980000000,1980年,人
7275,00700,全域,002,女,032,３１歳,19000,山梨県,1980000000,1980年,人
19128,00700,全域,002,女,032,３１歳,20000,長野県,1980000000,1980年,人
19530,00700,全域,002,女,032,３１歳,21000,岐阜県,1980000000,1980年,人
35242,00700,全域,002,女,032,３１歳,22000,静岡県,1980000000,1980年,人
67908,00700,全域,002,女,032,３１歳,23000,愛知県,1980000000,1980年,人
16313,00700,全域,002,女,032,３１歳,24000,三重県,1980000000,1980年,人
11356,00700,全域,002,女,032,３１歳,25000,滋賀県,1980000000,1980年,人
27422,00700,全域,002,女,032,３１歳,26000,京都府,1980000000,1980年,人
95684,00700,全域,002,女,032,３１歳,27000,大阪府,1980000000,1980年,人
54373,00700,全域,002,女,032,３１歳,28000,兵庫県,1980000000,1980年,人
13112,00700,全域,002,女,032,３１歳,29000,奈良県,1980000000,1980年,人
10559,00700,全域,002,女,032,３１歳,30000,和歌山県,1980000000,1980年,人
5554,00700,全域,002,女,032,３１歳,31000,鳥取県,1980000000,1980年,人
6790,00700,全域,002,女,032,３１歳,32000,島根県,1980000000,1980年,人
18316,00700,全域,002,女,032,３１歳,33000,岡山県,1980000000,1980年,人
28507,00700,全域,002,女,032,３１歳,34000,広島県,1980000000,1980年,人
15764,00700,全域,002,女,032,３１歳,35000,山口県,1980000000,1980年,人
7821,00700,全域,002,女,032,３１歳,36000,徳島県,1980000000,1980年,人
10489,00700,全域,002,女,032,３１歳,37000,香川県,1980000000,1980年,人
14861,00700,全域,002,女,032,３１歳,38000,愛媛県,1980000000,1980年,人
7851,00700,全域,002,女,032,３１歳,39000,高知県,1980000000,1980年,人
49530,00700,全域,002,女,032,３１歳,40000,福岡県,1980000000,1980年,人
7849,00700,全域,002,女,032,３１歳,41000,佐賀県,1980000000,1980年,人
14885,00700,全域,002,女,032,３１歳,42000,長崎県,1980000000,1980年,人
16343,00700,全域,002,女,032,３１歳,43000,熊本県,1980000000,1980年,人
11778,00700,全域,002,女,032,３１歳,44000,大分県,1980000000,1980年,人
11240,00700,全域,002,女,032,３１歳,45000,宮崎県,1980000000,1980年,人
14691,00700,全域,002,女,032,３１歳,46000,鹿児島県,1980000000,1980年,人
9245,00700,全域,002,女,032,３１歳,47000,沖縄県,1980000000,1980年,人
1197681,00700,全域,002,女,033,３２歳,00000,全国,1980000000,1980年,人
953415,00700,全域,002,女,033,３２歳,00001,全国市部,1980000000,1980年,人
244266,00700,全域,002,女,033,３２歳,00002,全国郡部,1980000000,1980年,人
57368,00700,全域,002,女,033,３２歳,01000,北海道,1980000000,1980年,人
13737,00700,全域,002,女,033,３２歳,02000,青森県,1980000000,1980年,人
12183,00700,全域,002,女,033,３２歳,03000,岩手県,1980000000,1980年,人
20288,00700,全域,002,女,033,３２歳,04000,宮城県,1980000000,1980年,人
10727,00700,全域,002,女,033,３２歳,05000,秋田県,1980000000,1980年,人
9899,00700,全域,002,女,033,３２歳,06000,山形県,1980000000,1980年,人
17725,00700,全域,002,女,033,３２歳,07000,福島県,1980000000,1980年,人
25575,00700,全域,002,女,033,３２歳,08000,茨城県,1980000000,1980年,人
17484,00700,全域,002,女,033,３２歳,09000,栃木県,1980000000,1980年,人
18099,00700,全域,002,女,033,３２歳,10000,群馬県,1980000000,1980年,人
62458,00700,全域,002,女,033,３２歳,11000,埼玉県,1980000000,1980年,人
53603,00700,全域,002,女,033,３２歳,12000,千葉県,1980000000,1980年,人
120857,00700,全域,002,女,033,３２歳,13000,東京都,1980000000,1980年,人
77797,00700,全域,002,女,033,３２歳,14000,神奈川県,1980000000,1980年,人
21672,00700,全域,002,女,033,３２歳,15000,新潟県,1980000000,1980年,人
11310,00700,全域,002,女,033,３２歳,16000,富山県,1980000000,1980年,人
12046,00700,全域,002,女,033,３２歳,17000,石川県,1980000000,1980年,人
7869,00700,全域,002,女,033,３２歳,18000,福井県,1980000000,1980年,人
7072,00700,全域,002,女,033,３２歳,19000,山梨県,1980000000,1980年,人
18652,00700,全域,002,女,033,３２歳,20000,長野県,1980000000,1980年,人
20254,00700,全域,002,女,033,３２歳,21000,岐阜県,1980000000,1980年,人
36138,00700,全域,002,女,033,３２歳,22000,静岡県,1980000000,1980年,人
69498,00700,全域,002,女,033,３２歳,23000,愛知県,1980000000,1980年,人
17026,00700,全域,002,女,033,３２歳,24000,三重県,1980000000,1980年,人
11096,00700,全域,002,女,033,３２歳,25000,滋賀県,1980000000,1980年,人
27697,00700,全域,002,女,033,３２歳,26000,京都府,1980000000,1980年,人
95886,00700,全域,002,女,033,３２歳,27000,大阪府,1980000000,1980年,人
54715,00700,全域,002,女,033,３２歳,28000,兵庫県,1980000000,1980年,人
13316,00700,全域,002,女,033,３２歳,29000,奈良県,1980000000,1980年,人
10506,00700,全域,002,女,033,３２歳,30000,和歌山県,1980000000,1980年,人
5583,00700,全域,002,女,033,３２歳,31000,鳥取県,1980000000,1980年,人
6623,00700,全域,002,女,033,３２歳,32000,島根県,1980000000,1980年,人
18543,00700,全域,002,女,033,３２歳,33000,岡山県,1980000000,1980年,人
27874,00700,全域,002,女,033,３２歳,34000,広島県,1980000000,1980年,人
14932,00700,全域,002,女,033,３２歳,35000,山口県,1980000000,1980年,人
8166,00700,全域,002,女,033,３２歳,36000,徳島県,1980000000,1980年,人
10403,00700,全域,002,女,033,３２歳,37000,香川県,1980000000,1980年,人
14350,00700,全域,002,女,033,３２歳,38000,愛媛県,1980000000,1980年,人
7860,00700,全域,002,女,033,３２歳,39000,高知県,1980000000,1980年,人
46788,00700,全域,002,女,033,３２歳,40000,福岡県,1980000000,1980年,人
7326,00700,全域,002,女,033,３２歳,41000,佐賀県,1980000000,1980年,人
13932,00700,全域,002,女,033,３２歳,42000,長崎県,1980000000,1980年,人
15585,00700,全域,002,女,033,３２歳,43000,熊本県,1980000000,1980年,人
11676,00700,全域,002,女,033,３２歳,44000,大分県,1980000000,1980年,人
11158,00700,全域,002,女,033,３２歳,45000,宮崎県,1980000000,1980年,人
14638,00700,全域,002,女,033,３２歳,46000,鹿児島県,1980000000,1980年,人
9691,00700,全域,002,女,033,３２歳,47000,沖縄県,1980000000,1980年,人
1142385,00700,全域,002,女,034,３３歳,00000,全国,1980000000,1980年,人
912192,00700,全域,002,女,034,３３歳,00001,全国市部,1980000000,1980年,人
230193,00700,全域,002,女,034,３３歳,00002,全国郡部,1980000000,1980年,人
52095,00700,全域,002,女,034,３３歳,01000,北海道,1980000000,1980年,人
13771,00700,全域,002,女,034,３３歳,02000,青森県,1980000000,1980年,人
11249,00700,全域,002,女,034,３３歳,03000,岩手県,1980000000,1980年,人
17887,00700,全域,002,女,034,３３歳,04000,宮城県,1980000000,1980年,人
10859,00700,全域,002,女,034,３３歳,05000,秋田県,1980000000,1980年,人
9495,00700,全域,002,女,034,３３歳,06000,山形県,1980000000,1980年,人
15575,00700,全域,002,女,034,３３歳,07000,福島県,1980000000,1980年,人
24314,00700,全域,002,女,034,３３歳,08000,茨城県,1980000000,1980年,人
16750,00700,全域,002,女,034,３３歳,09000,栃木県,1980000000,1980年,人
17981,00700,全域,002,女,034,３３歳,10000,群馬県,1980000000,1980年,人
62713,00700,全域,002,女,034,３３歳,11000,埼玉県,1980000000,1980年,人
54053,00700,全域,002,女,034,３３歳,12000,千葉県,1980000000,1980年,人
117334,00700,全域,002,女,034,３３歳,13000,東京都,1980000000,1980年,人
75188,00700,全域,002,女,034,３３歳,14000,神奈川県,1980000000,1980年,人
21379,00700,全域,002,女,034,３３歳,15000,新潟県,1980000000,1980年,人
12349,00700,全域,002,女,034,３３歳,16000,富山県,1980000000,1980年,人
12041,00700,全域,002,女,034,３３歳,17000,石川県,1980000000,1980年,人
6988,00700,全域,002,女,034,３３歳,18000,福井県,1980000000,1980年,人
6682,00700,全域,002,女,034,３３歳,19000,山梨県,1980000000,1980年,人
17692,00700,全域,002,女,034,３３歳,20000,長野県,1980000000,1980年,人
17913,00700,全域,002,女,034,３３歳,21000,岐阜県,1980000000,1980年,人
32650,00700,全域,002,女,034,３３歳,22000,静岡県,1980000000,1980年,人
63295,00700,全域,002,女,034,３３歳,23000,愛知県,1980000000,1980年,人
15263,00700,全域,002,女,034,３３歳,24000,三重県,1980000000,1980年,人
10352,00700,全域,002,女,034,３３歳,25000,滋賀県,1980000000,1980年,人
26300,00700,全域,002,女,034,３３歳,26000,京都府,1980000000,1980年,人
92870,00700,全域,002,女,034,３３歳,27000,大阪府,1980000000,1980年,人
52239,00700,全域,002,女,034,３３歳,28000,兵庫県,1980000000,1980年,人
12905,00700,全域,002,女,034,３３歳,29000,奈良県,1980000000,1980年,人
10024,00700,全域,002,女,034,３３歳,30000,和歌山県,1980000000,1980年,人
5025,00700,全域,002,女,034,３３歳,31000,鳥取県,1980000000,1980年,人
6747,00700,全域,002,女,034,３３歳,32000,島根県,1980000000,1980年,人
17758,00700,全域,002,女,034,３３歳,33000,岡山県,1980000000,1980年,人
28060,00700,全域,002,女,034,３３歳,34000,広島県,1980000000,1980年,人
15130,00700,全域,002,女,034,３３歳,35000,山口県,1980000000,1980年,人
7161,00700,全域,002,女,034,３３歳,36000,徳島県,1980000000,1980年,人
10045,00700,全域,002,女,034,３３歳,37000,香川県,1980000000,1980年,人
13670,00700,全域,002,女,034,３３歳,38000,愛媛県,1980000000,1980年,人
7848,00700,全域,002,女,034,３３歳,39000,高知県,1980000000,1980年,人
44232,00700,全域,002,女,034,３３歳,40000,福岡県,1980000000,1980年,人
6823,00700,全域,002,女,034,３３歳,41000,佐賀県,1980000000,1980年,人
13210,00700,全域,002,女,034,３３歳,42000,長崎県,1980000000,1980年,人
14760,00700,全域,002,女,034,３３歳,43000,熊本県,1980000000,1980年,人
10981,00700,全域,002,女,034,３３歳,44000,大分県,1980000000,1980年,人
10020,00700,全域,002,女,034,３３歳,45000,宮崎県,1980000000,1980年,人
12494,00700,全域,002,女,034,３３歳,46000,鹿児島県,1980000000,1980年,人
8215,00700,全域,002,女,034,３３歳,47000,沖縄県,1980000000,1980年,人
719964,00700,全域,002,女,035,３４歳,00000,全国,1980000000,1980年,人
575647,00700,全域,002,女,035,３４歳,00001,全国市部,1980000000,1980年,人
144317,00700,全域,002,女,035,３４歳,00002,全国郡部,1980000000,1980年,人
40837,00700,全域,002,女,035,３４歳,01000,北海道,1980000000,1980年,人
8798,00700,全域,002,女,035,３４歳,02000,青森県,1980000000,1980年,人
7651,00700,全域,002,女,035,３４歳,03000,岩手県,1980000000,1980年,人
10986,00700,全域,002,女,035,３４歳,04000,宮城県,1980000000,1980年,人
6543,00700,全域,002,女,035,３４歳,05000,秋田県,1980000000,1980年,人
5911,00700,全域,002,女,035,３４歳,06000,山形県,1980000000,1980年,人
9144,00700,全域,002,女,035,３４歳,07000,福島県,1980000000,1980年,人
15691,00700,全域,002,女,035,３４歳,08000,茨城県,1980000000,1980年,人
10582,00700,全域,002,女,035,３４歳,09000,栃木県,1980000000,1980年,人
12012,00700,全域,002,女,035,３４歳,10000,群馬県,1980000000,1980年,人
40471,00700,全域,002,女,035,３４歳,11000,埼玉県,1980000000,1980年,人
34544,00700,全域,002,女,035,３４歳,12000,千葉県,1980000000,1980年,人
74683,00700,全域,002,女,035,３４歳,13000,東京都,1980000000,1980年,人
48241,00700,全域,002,女,035,３４歳,14000,神奈川県,1980000000,1980年,人
12718,00700,全域,002,女,035,３４歳,15000,新潟県,1980000000,1980年,人
6288,00700,全域,002,女,035,３４歳,16000,富山県,1980000000,1980年,人
6440,00700,全域,002,女,035,３４歳,17000,石川県,1980000000,1980年,人
3726,00700,全域,002,女,035,３４歳,18000,福井県,1980000000,1980年,人
3981,00700,全域,002,女,035,３４歳,19000,山梨県,1980000000,1980年,人
11239,00700,全域,002,女,035,３４歳,20000,長野県,1980000000,1980年,人
11184,00700,全域,002,女,035,３４歳,21000,岐阜県,1980000000,1980年,人
20739,00700,全域,002,女,035,３４歳,22000,静岡県,1980000000,1980年,人
41305,00700,全域,002,女,035,３４歳,23000,愛知県,1980000000,1980年,人
9255,00700,全域,002,女,035,３４歳,24000,三重県,1980000000,1980年,人
6360,00700,全域,002,女,035,３４歳,25000,滋賀県,1980000000,1980年,人
15743,00700,全域,002,女,035,３４歳,26000,京都府,1980000000,1980年,人
56796,00700,全域,002,女,035,３４歳,27000,大阪府,1980000000,1980年,人
31833,00700,全域,002,女,035,３４歳,28000,兵庫県,1980000000,1980年,人
7401,00700,全域,002,女,035,３４歳,29000,奈良県,1980000000,1980年,人
5781,00700,全域,002,女,035,３４歳,30000,和歌山県,1980000000,1980年,人
3044,00700,全域,002,女,035,３４歳,31000,鳥取県,1980000000,1980年,人
3614,00700,全域,002,女,035,３４歳,32000,島根県,1980000000,1980年,人
11073,00700,全域,002,女,035,３４歳,33000,岡山県,1980000000,1980年,人
17466,00700,全域,002,女,035,３４歳,34000,広島県,1980000000,1980年,人
9631,00700,全域,002,女,035,３４歳,35000,山口県,1980000000,1980年,人
4059,00700,全域,002,女,035,３４歳,36000,徳島県,1980000000,1980年,人
5646,00700,全域,002,女,035,３４歳,37000,香川県,1980000000,1980年,人
8658,00700,全域,002,女,035,３４歳,38000,愛媛県,1980000000,1980年,人
4592,00700,全域,002,女,035,３４歳,39000,高知県,1980000000,1980年,人
27799,00700,全域,002,女,035,３４歳,40000,福岡県,1980000000,1980年,人
4328,00700,全域,002,女,035,３４歳,41000,佐賀県,1980000000,1980年,人
8431,00700,全域,002,女,035,３４歳,42000,長崎県,1980000000,1980年,人
9441,00700,全域,002,女,035,３４歳,43000,熊本県,1980000000,1980年,人
6837,00700,全域,002,女,035,３４歳,44000,大分県,1980000000,1980年,人
5954,00700,全域,002,女,035,３４歳,45000,宮崎県,1980000000,1980年,人
8468,00700,全域,002,女,035,３４歳,46000,鹿児島県,1980000000,1980年,人
4040,00700,全域,002,女,035,３４歳,47000,沖縄県,1980000000,1980年,人
785662,00700,全域,002,女,036,３５歳,00000,全国,1980000000,1980年,人
627806,00700,全域,002,女,036,３５歳,00001,全国市部,1980000000,1980年,人
157856,00700,全域,002,女,036,３５歳,00002,全国郡部,1980000000,1980年,人
38797,00700,全域,002,女,036,３５歳,01000,北海道,1980000000,1980年,人
9254,00700,全域,002,女,036,３５歳,02000,青森県,1980000000,1980年,人
8109,00700,全域,002,女,036,３５歳,03000,岩手県,1980000000,1980年,人
12397,00700,全域,002,女,036,３５歳,04000,宮城県,1980000000,1980年,人
7023,00700,全域,002,女,036,３５歳,05000,秋田県,1980000000,1980年,人
7008,00700,全域,002,女,036,３５歳,06000,山形県,1980000000,1980年,人
10665,00700,全域,002,女,036,３５歳,07000,福島県,1980000000,1980年,人
16316,00700,全域,002,女,036,３５歳,08000,茨城県,1980000000,1980年,人
11066,00700,全域,002,女,036,３５歳,09000,栃木県,1980000000,1980年,人
11890,00700,全域,002,女,036,３５歳,10000,群馬県,1980000000,1980年,人
43233,00700,全域,002,女,036,３５歳,11000,埼玉県,1980000000,1980年,人
37342,00700,全域,002,女,036,３５歳,12000,千葉県,1980000000,1980年,人
80980,00700,全域,002,女,036,３５歳,13000,東京都,1980000000,1980年,人
53118,00700,全域,002,女,036,３５歳,14000,神奈川県,1980000000,1980年,人
13905,00700,全域,002,女,036,３５歳,15000,新潟県,1980000000,1980年,人
6933,00700,全域,002,女,036,３５歳,16000,富山県,1980000000,1980年,人
6884,00700,全域,002,女,036,３５歳,17000,石川県,1980000000,1980年,人
4471,00700,全域,002,女,036,３５歳,18000,福井県,1980000000,1980年,人
4632,00700,全域,002,女,036,３５歳,19000,山梨県,1980000000,1980年,人
13214,00700,全域,002,女,036,３５歳,20000,長野県,1980000000,1980年,人
13044,00700,全域,002,女,036,３５歳,21000,岐阜県,1980000000,1980年,人
24031,00700,全域,002,女,036,３５歳,22000,静岡県,1980000000,1980年,人
46202,00700,全域,002,女,036,３５歳,23000,愛知県,1980000000,1980年,人
10745,00700,全域,002,女,036,３５歳,24000,三重県,1980000000,1980年,人
6940,00700,全域,002,女,036,３５歳,25000,滋賀県,1980000000,1980年,人
16408,00700,全域,002,女,036,３５歳,26000,京都府,1980000000,1980年,人
63391,00700,全域,002,女,036,３５歳,27000,大阪府,1980000000,1980年,人
36167,00700,全域,002,女,036,３５歳,28000,兵庫県,1980000000,1980年,人
8321,00700,全域,002,女,036,３５歳,29000,奈良県,1980000000,1980年,人
6657,00700,全域,002,女,036,３５歳,30000,和歌山県,1980000000,1980年,人
3455,00700,全域,002,女,036,３５歳,31000,鳥取県,1980000000,1980年,人
4230,00700,全域,002,女,036,３５歳,32000,島根県,1980000000,1980年,人
12375,00700,全域,002,女,036,３５歳,33000,岡山県,1980000000,1980年,人
19637,00700,全域,002,女,036,３５歳,34000,広島県,1980000000,1980年,人
10049,00700,全域,002,女,036,３５歳,35000,山口県,1980000000,1980年,人
4620,00700,全域,002,女,036,３５歳,36000,徳島県,1980000000,1980年,人
6184,00700,全域,002,女,036,３５歳,37000,香川県,1980000000,1980年,人
9518,00700,全域,002,女,036,３５歳,38000,愛媛県,1980000000,1980年,人
5142,00700,全域,002,女,036,３５歳,39000,高知県,1980000000,1980年,人
29787,00700,全域,002,女,036,３５歳,40000,福岡県,1980000000,1980年,人
4821,00700,全域,002,女,036,３５歳,41000,佐賀県,1980000000,1980年,人
8705,00700,全域,002,女,036,３５歳,42000,長崎県,1980000000,1980年,人
10110,00700,全域,002,女,036,３５歳,43000,熊本県,1980000000,1980年,人
7595,00700,全域,002,女,036,３５歳,44000,大分県,1980000000,1980年,人
6578,00700,全域,002,女,036,３５歳,45000,宮崎県,1980000000,1980年,人
8763,00700,全域,002,女,036,３５歳,46000,鹿児島県,1980000000,1980年,人
4950,00700,全域,002,女,036,３５歳,47000,沖縄県,1980000000,1980年,人
963932,00700,全域,002,女,037,３６歳,00000,全国,1980000000,1980年,人
769236,00700,全域,002,女,037,３６歳,00001,全国市部,1980000000,1980年,人
194696,00700,全域,002,女,037,３６歳,00002,全国郡部,1980000000,1980年,人
44530,00700,全域,002,女,037,３６歳,01000,北海道,1980000000,1980年,人
11082,00700,全域,002,女,037,３６歳,02000,青森県,1980000000,1980年,人
10229,00700,全域,002,女,037,３６歳,03000,岩手県,1980000000,1980年,人
15427,00700,全域,002,女,037,３６歳,04000,宮城県,1980000000,1980年,人
8549,00700,全域,002,女,037,３６歳,05000,秋田県,1980000000,1980年,人
8096,00700,全域,002,女,037,３６歳,06000,山形県,1980000000,1980年,人
13980,00700,全域,002,女,037,３６歳,07000,福島県,1980000000,1980年,人
20329,00700,全域,002,女,037,３６歳,08000,茨城県,1980000000,1980年,人
13351,00700,全域,002,女,037,３６歳,09000,栃木県,1980000000,1980年,人
14601,00700,全域,002,女,037,３６歳,10000,群馬県,1980000000,1980年,人
54485,00700,全域,002,女,037,３６歳,11000,埼玉県,1980000000,1980年,人
46146,00700,全域,002,女,037,３６歳,12000,千葉県,1980000000,1980年,人
99547,00700,全域,002,女,037,３６歳,13000,東京都,1980000000,1980年,人
65648,00700,全域,002,女,037,３６歳,14000,神奈川県,1980000000,1980年,人
17096,00700,全域,002,女,037,３６歳,15000,新潟県,1980000000,1980年,人
9125,00700,全域,002,女,037,３６歳,16000,富山県,1980000000,1980年,人
8902,00700,全域,002,女,037,３６歳,17000,石川県,1980000000,1980年,人
5770,00700,全域,002,女,037,３６歳,18000,福井県,1980000000,1980年,人
5985,00700,全域,002,女,037,３６歳,19000,山梨県,1980000000,1980年,人
15992,00700,全域,002,女,037,３６歳,20000,長野県,1980000000,1980年,人
15804,00700,全域,002,女,037,３６歳,21000,岐阜県,1980000000,1980年,人
29030,00700,全域,002,女,037,３６歳,22000,静岡県,1980000000,1980年,人
55117,00700,全域,002,女,037,３６歳,23000,愛知県,1980000000,1980年,人
13859,00700,全域,002,女,037,３６歳,24000,三重県,1980000000,1980年,人
8613,00700,全域,002,女,037,３６歳,25000,滋賀県,1980000000,1980年,人
21114,00700,全域,002,女,037,３６歳,26000,京都府,1980000000,1980年,人
78912,00700,全域,002,女,037,３６歳,27000,大阪府,1980000000,1980年,人
44126,00700,全域,002,女,037,３６歳,28000,兵庫県,1980000000,1980年,人
10781,00700,全域,002,女,037,３６歳,29000,奈良県,1980000000,1980年,人
8655,00700,全域,002,女,037,３６歳,30000,和歌山県,1980000000,1980年,人
4135,00700,全域,002,女,037,３６歳,31000,鳥取県,1980000000,1980年,人
5127,00700,全域,002,女,037,３６歳,32000,島根県,1980000000,1980年,人
14791,00700,全域,002,女,037,３６歳,33000,岡山県,1980000000,1980年,人
22357,00700,全域,002,女,037,３６歳,34000,広島県,1980000000,1980年,人
12143,00700,全域,002,女,037,３６歳,35000,山口県,1980000000,1980年,人
5679,00700,全域,002,女,037,３６歳,36000,徳島県,1980000000,1980年,人
7522,00700,全域,002,女,037,３６歳,37000,香川県,1980000000,1980年,人
11320,00700,全域,002,女,037,３６歳,38000,愛媛県,1980000000,1980年,人
6293,00700,全域,002,女,037,３６歳,39000,高知県,1980000000,1980年,人
36448,00700,全域,002,女,037,３６歳,40000,福岡県,1980000000,1980年,人
5691,00700,全域,002,女,037,３６歳,41000,佐賀県,1980000000,1980年,人
10815,00700,全域,002,女,037,３６歳,42000,長崎県,1980000000,1980年,人
12240,00700,全域,002,女,037,３６歳,43000,熊本県,1980000000,1980年,人
9094,00700,全域,002,女,037,３６歳,44000,大分県,1980000000,1980年,人
7857,00700,全域,002,女,037,３６歳,45000,宮崎県,1980000000,1980年,人
11047,00700,全域,002,女,037,３６歳,46000,鹿児島県,1980000000,1980年,人
6492,00700,全域,002,女,037,３６歳,47000,沖縄県,1980000000,1980年,人
939435,00700,全域,002,女,038,３７歳,00000,全国,1980000000,1980年,人
748744,00700,全域,002,女,038,３７歳,00001,全国市部,1980000000,1980年,人
190691,00700,全域,002,女,038,３７歳,00002,全国郡部,1980000000,1980年,人
45676,00700,全域,002,女,038,３７歳,01000,北海道,1980000000,1980年,人
11426,00700,全域,002,女,038,３７歳,02000,青森県,1980000000,1980年,人
10300,00700,全域,002,女,038,３７歳,03000,岩手県,1980000000,1980年,人
15344,00700,全域,002,女,038,３７歳,04000,宮城県,1980000000,1980年,人
8775,00700,全域,002,女,038,３７歳,05000,秋田県,1980000000,1980年,人
7821,00700,全域,002,女,038,３７歳,06000,山形県,1980000000,1980年,人
13322,00700,全域,002,女,038,３７歳,07000,福島県,1980000000,1980年,人
20126,00700,全域,002,女,038,３７歳,08000,茨城県,1980000000,1980年,人
13332,00700,全域,002,女,038,３７歳,09000,栃木県,1980000000,1980年,人
14260,00700,全域,002,女,038,３７歳,10000,群馬県,1980000000,1980年,人
53454,00700,全域,002,女,038,３７歳,11000,埼玉県,1980000000,1980年,人
44842,00700,全域,002,女,038,３７歳,12000,千葉県,1980000000,1980年,人
98515,00700,全域,002,女,038,３７歳,13000,東京都,1980000000,1980年,人
64453,00700,全域,002,女,038,３７歳,14000,神奈川県,1980000000,1980年,人
17017,00700,全域,002,女,038,３７歳,15000,新潟県,1980000000,1980年,人
8509,00700,全域,002,女,038,３７歳,16000,富山県,1980000000,1980年,人
8859,00700,全域,002,女,038,３７歳,17000,石川県,1980000000,1980年,人
5941,00700,全域,002,女,038,３７歳,18000,福井県,1980000000,1980年,人
5855,00700,全域,002,女,038,３７歳,19000,山梨県,1980000000,1980年,人
15136,00700,全域,002,女,038,３７歳,20000,長野県,1980000000,1980年,人
15352,00700,全域,002,女,038,３７歳,21000,岐阜県,1980000000,1980年,人
27785,00700,全域,002,女,038,３７歳,22000,静岡県,1980000000,1980年,人
52875,00700,全域,002,女,038,３７歳,23000,愛知県,1980000000,1980年,人
13069,00700,全域,002,女,038,３７歳,24000,三重県,1980000000,1980年,人
8417,00700,全域,002,女,038,３７歳,25000,滋賀県,1980000000,1980年,人
20789,00700,全域,002,女,038,３７歳,26000,京都府,1980000000,1980年,人
75884,00700,全域,002,女,038,３７歳,27000,大阪府,1980000000,1980年,人
41880,00700,全域,002,女,038,３７歳,28000,兵庫県,1980000000,1980年,人
10621,00700,全域,002,女,038,３７歳,29000,奈良県,1980000000,1980年,人
8292,00700,全域,002,女,038,３７歳,30000,和歌山県,1980000000,1980年,人
3956,00700,全域,002,女,038,３７歳,31000,鳥取県,1980000000,1980年,人
5193,00700,全域,002,女,038,３７歳,32000,島根県,1980000000,1980年,人
13986,00700,全域,002,女,038,３７歳,33000,岡山県,1980000000,1980年,人
22085,00700,全域,002,女,038,３７歳,34000,広島県,1980000000,1980年,人
11851,00700,全域,002,女,038,３７歳,35000,山口県,1980000000,1980年,人
5700,00700,全域,002,女,038,３７歳,36000,徳島県,1980000000,1980年,人
7153,00700,全域,002,女,038,３７歳,37000,香川県,1980000000,1980年,人
10157,00700,全域,002,女,038,３７歳,38000,愛媛県,1980000000,1980年,人
5736,00700,全域,002,女,038,３７歳,39000,高知県,1980000000,1980年,人
34277,00700,全域,002,女,038,３７歳,40000,福岡県,1980000000,1980年,人
5640,00700,全域,002,女,038,３７歳,41000,佐賀県,1980000000,1980年,人
10227,00700,全域,002,女,038,３７歳,42000,長崎県,1980000000,1980年,人
11916,00700,全域,002,女,038,３７歳,43000,熊本県,1980000000,1980年,人
8602,00700,全域,002,女,038,３７歳,44000,大分県,1980000000,1980年,人
7520,00700,全域,002,女,038,３７歳,45000,宮崎県,1980000000,1980年,人
10684,00700,全域,002,女,038,３７歳,46000,鹿児島県,1980000000,1980年,人
6825,00700,全域,002,女,038,３７歳,47000,沖縄県,1980000000,1980年,人
967720,00700,全域,002,女,039,３８歳,00000,全国,1980000000,1980年,人
769521,00700,全域,002,女,039,３８歳,00001,全国市部,1980000000,1980年,人
198199,00700,全域,002,女,039,３８歳,00002,全国郡部,1980000000,1980年,人
46107,00700,全域,002,女,039,３８歳,01000,北海道,1980000000,1980年,人
11770,00700,全域,002,女,039,３８歳,02000,青森県,1980000000,1980年,人
10626,00700,全域,002,女,039,３８歳,03000,岩手県,1980000000,1980年,人
15149,00700,全域,002,女,039,３８歳,04000,宮城県,1980000000,1980年,人
9324,00700,全域,002,女,039,３８歳,05000,秋田県,1980000000,1980年,人
8278,00700,全域,002,女,039,３８歳,06000,山形県,1980000000,1980年,人
13821,00700,全域,002,女,039,３８歳,07000,福島県,1980000000,1980年,人
19333,00700,全域,002,女,039,３８歳,08000,茨城県,1980000000,1980年,人
13257,00700,全域,002,女,039,３８歳,09000,栃木県,1980000000,1980年,人
14722,00700,全域,002,女,039,３８歳,10000,群馬県,1980000000,1980年,人
53134,00700,全域,002,女,039,３８歳,11000,埼玉県,1980000000,1980年,人
44593,00700,全域,002,女,039,３８歳,12000,千葉県,1980000000,1980年,人
99409,00700,全域,002,女,039,３８歳,13000,東京都,1980000000,1980年,人
65212,00700,全域,002,女,039,３８歳,14000,神奈川県,1980000000,1980年,人
17812,00700,全域,002,女,039,３８歳,15000,新潟県,1980000000,1980年,人
9259,00700,全域,002,女,039,３８歳,16000,富山県,1980000000,1980年,人
9091,00700,全域,002,女,039,３８歳,17000,石川県,1980000000,1980年,人
6129,00700,全域,002,女,039,３８歳,18000,福井県,1980000000,1980年,人
5881,00700,全域,002,女,039,３８歳,19000,山梨県,1980000000,1980年,人
15656,00700,全域,002,女,039,３８歳,20000,長野県,1980000000,1980年,人
15884,00700,全域,002,女,039,３８歳,21000,岐阜県,1980000000,1980年,人
28395,00700,全域,002,女,039,３８歳,22000,静岡県,1980000000,1980年,人
54282,00700,全域,002,女,039,３８歳,23000,愛知県,1980000000,1980年,人
13358,00700,全域,002,女,039,３８歳,24000,三重県,1980000000,1980年,人
8406,00700,全域,002,女,039,３８歳,25000,滋賀県,1980000000,1980年,人
21509,00700,全域,002,女,039,３８歳,26000,京都府,1980000000,1980年,人
81130,00700,全域,002,女,039,３８歳,27000,大阪府,1980000000,1980年,人
44431,00700,全域,002,女,039,３８歳,28000,兵庫県,1980000000,1980年,人
10908,00700,全域,002,女,039,３８歳,29000,奈良県,1980000000,1980年,人
8797,00700,全域,002,女,039,３８歳,30000,和歌山県,1980000000,1980年,人
4048,00700,全域,002,女,039,３８歳,31000,鳥取県,1980000000,1980年,人
5257,00700,全域,002,女,039,３８歳,32000,島根県,1980000000,1980年,人
14260,00700,全域,002,女,039,３８歳,33000,岡山県,1980000000,1980年,人
22890,00700,全域,002,女,039,３８歳,34000,広島県,1980000000,1980年,人
12576,00700,全域,002,女,039,３８歳,35000,山口県,1980000000,1980年,人
5900,00700,全域,002,女,039,３８歳,36000,徳島県,1980000000,1980年,人
7631,00700,全域,002,女,039,３８歳,37000,香川県,1980000000,1980年,人
11295,00700,全域,002,女,039,３８歳,38000,愛媛県,1980000000,1980年,人
6199,00700,全域,002,女,039,３８歳,39000,高知県,1980000000,1980年,人
36397,00700,全域,002,女,039,３８歳,40000,福岡県,1980000000,1980年,人
6041,00700,全域,002,女,039,３８歳,41000,佐賀県,1980000000,1980年,人
11438,00700,全域,002,女,039,３８歳,42000,長崎県,1980000000,1980年,人
12310,00700,全域,002,女,039,３８歳,43000,熊本県,1980000000,1980年,人
9229,00700,全域,002,女,039,３８歳,44000,大分県,1980000000,1980年,人
8334,00700,全域,002,女,039,３８歳,45000,宮崎県,1980000000,1980年,人
11262,00700,全域,002,女,039,３８歳,46000,鹿児島県,1980000000,1980年,人
6990,00700,全域,002,女,039,３８歳,47000,沖縄県,1980000000,1980年,人
950116,00700,全域,002,女,040,３９歳,00000,全国,1980000000,1980年,人
754336,00700,全域,002,女,040,３９歳,00001,全国市部,1980000000,1980年,人
195780,00700,全域,002,女,040,３９歳,00002,全国郡部,1980000000,1980年,人
45162,00700,全域,002,女,040,３９歳,01000,北海道,1980000000,1980年,人
11278,00700,全域,002,女,040,３９歳,02000,青森県,1980000000,1980年,人
10487,00700,全域,002,女,040,３９歳,03000,岩手県,1980000000,1980年,人
14686,00700,全域,002,女,040,３９歳,04000,宮城県,1980000000,1980年,人
8956,00700,全域,002,女,040,３９歳,05000,秋田県,1980000000,1980年,人
8284,00700,全域,002,女,040,３９歳,06000,山形県,1980000000,1980年,人
13389,00700,全域,002,女,040,３９歳,07000,福島県,1980000000,1980年,人
19281,00700,全域,002,女,040,３９歳,08000,茨城県,1980000000,1980年,人
12769,00700,全域,002,女,040,３９歳,09000,栃木県,1980000000,1980年,人
13836,00700,全域,002,女,040,３９歳,10000,群馬県,1980000000,1980年,人
50620,00700,全域,002,女,040,３９歳,11000,埼玉県,1980000000,1980年,人
42750,00700,全域,002,女,040,３９歳,12000,千葉県,1980000000,1980年,人
97627,00700,全域,002,女,040,３９歳,13000,東京都,1980000000,1980年,人
62753,00700,全域,002,女,040,３９歳,14000,神奈川県,1980000000,1980年,人
16910,00700,全域,002,女,040,３９歳,15000,新潟県,1980000000,1980年,人
8403,00700,全域,002,女,040,３９歳,16000,富山県,1980000000,1980年,人
8433,00700,全域,002,女,040,３９歳,17000,石川県,1980000000,1980年,人
5605,00700,全域,002,女,040,３９歳,18000,福井県,1980000000,1980年,人
5758,00700,全域,002,女,040,３９歳,19000,山梨県,1980000000,1980年,人
14883,00700,全域,002,女,040,３９歳,20000,長野県,1980000000,1980年,人
15284,00700,全域,002,女,040,３９歳,21000,岐阜県,1980000000,1980年,人
27816,00700,全域,002,女,040,３９歳,22000,静岡県,1980000000,1980年,人
52810,00700,全域,002,女,040,３９歳,23000,愛知県,1980000000,1980年,人
13312,00700,全域,002,女,040,３９歳,24000,三重県,1980000000,1980年,人
8100,00700,全域,002,女,040,３９歳,25000,滋賀県,1980000000,1980年,人
21167,00700,全域,002,女,040,３９歳,26000,京都府,1980000000,1980年,人
80096,00700,全域,002,女,040,３９歳,27000,大阪府,1980000000,1980年,人
44124,00700,全域,002,女,040,３９歳,28000,兵庫県,1980000000,1980年,人
10802,00700,全域,002,女,040,３９歳,29000,奈良県,1980000000,1980年,人
8683,00700,全域,002,女,040,３９歳,30000,和歌山県,1980000000,1980年,人
4315,00700,全域,002,女,040,３９歳,31000,鳥取県,1980000000,1980年,人
5307,00700,全域,002,女,040,３９歳,32000,島根県,1980000000,1980年,人
14970,00700,全域,002,女,040,３９歳,33000,岡山県,1980000000,1980年,人
22418,00700,全域,002,女,040,３９歳,34000,広島県,1980000000,1980年,人
12992,00700,全域,002,女,040,３９歳,35000,山口県,1980000000,1980年,人
5928,00700,全域,002,女,040,３９歳,36000,徳島県,1980000000,1980年,人
7513,00700,全域,002,女,040,３９歳,37000,香川県,1980000000,1980年,人
11661,00700,全域,002,女,040,３９歳,38000,愛媛県,1980000000,1980年,人
6213,00700,全域,002,女,040,３９歳,39000,高知県,1980000000,1980年,人
37226,00700,全域,002,女,040,３９歳,40000,福岡県,1980000000,1980年,人
6068,00700,全域,002,女,040,３９歳,41000,佐賀県,1980000000,1980年,人
11519,00700,全域,002,女,040,３９歳,42000,長崎県,1980000000,1980年,人
12968,00700,全域,002,女,040,３９歳,43000,熊本県,1980000000,1980年,人
9316,00700,全域,002,女,040,３９歳,44000,大分県,1980000000,1980年,人
8463,00700,全域,002,女,040,３９歳,45000,宮崎県,1980000000,1980年,人
11927,00700,全域,002,女,040,３９歳,46000,鹿児島県,1980000000,1980年,人
7248,00700,全域,002,女,040,３９歳,47000,沖縄県,1980000000,1980年,人
872245,00700,全域,002,女,041,４０歳,00000,全国,1980000000,1980年,人
685523,00700,全域,002,女,041,４０歳,00001,全国市部,1980000000,1980年,人
186722,00700,全域,002,女,041,４０歳,00002,全国郡部,1980000000,1980年,人
42240,00700,全域,002,女,041,４０歳,01000,北海道,1980000000,1980年,人
10715,00700,全域,002,女,041,４０歳,02000,青森県,1980000000,1980年,人
10618,00700,全域,002,女,041,４０歳,03000,岩手県,1980000000,1980年,人
14636,00700,全域,002,女,041,４０歳,04000,宮城県,1980000000,1980年,人
8883,00700,全域,002,女,041,４０歳,05000,秋田県,1980000000,1980年,人
8376,00700,全域,002,女,041,４０歳,06000,山形県,1980000000,1980年,人
13565,00700,全域,002,女,041,４０歳,07000,福島県,1980000000,1980年,人
18220,00700,全域,002,女,041,４０歳,08000,茨城県,1980000000,1980年,人
12440,00700,全域,002,女,041,４０歳,09000,栃木県,1980000000,1980年,人
13328,00700,全域,002,女,041,４０歳,10000,群馬県,1980000000,1980年,人
46152,00700,全域,002,女,041,４０歳,11000,埼玉県,1980000000,1980年,人
38541,00700,全域,002,女,041,４０歳,12000,千葉県,1980000000,1980年,人
91170,00700,全域,002,女,041,４０歳,13000,東京都,1980000000,1980年,人
57088,00700,全域,002,女,041,４０歳,14000,神奈川県,1980000000,1980年,人
16487,00700,全域,002,女,041,４０歳,15000,新潟県,1980000000,1980年,人
7874,00700,全域,002,女,041,４０歳,16000,富山県,1980000000,1980年,人
7406,00700,全域,002,女,041,４０歳,17000,石川県,1980000000,1980年,人
5215,00700,全域,002,女,041,４０歳,18000,福井県,1980000000,1980年,人
5414,00700,全域,002,女,041,４０歳,19000,山梨県,1980000000,1980年,人
14607,00700,全域,002,女,041,４０歳,20000,長野県,1980000000,1980年,人
15015,00700,全域,002,女,041,４０歳,21000,岐阜県,1980000000,1980年,人
26704,00700,全域,002,女,041,４０歳,22000,静岡県,1980000000,1980年,人
49382,00700,全域,002,女,041,４０歳,23000,愛知県,1980000000,1980年,人
12751,00700,全域,002,女,041,４０歳,24000,三重県,1980000000,1980年,人
7415,00700,全域,002,女,041,４０歳,25000,滋賀県,1980000000,1980年,人
17909,00700,全域,002,女,041,４０歳,26000,京都府,1980000000,1980年,人
69541,00700,全域,002,女,041,４０歳,27000,大阪府,1980000000,1980年,人
37606,00700,全域,002,女,041,４０歳,28000,兵庫県,1980000000,1980年,人
9311,00700,全域,002,女,041,４０歳,29000,奈良県,1980000000,1980年,人
7484,00700,全域,002,女,041,４０歳,30000,和歌山県,1980000000,1980年,人
3797,00700,全域,002,女,041,４０歳,31000,鳥取県,1980000000,1980年,人
4753,00700,全域,002,女,041,４０歳,32000,島根県,1980000000,1980年,人
12127,00700,全域,002,女,041,４０歳,33000,岡山県,1980000000,1980年,人
19234,00700,全域,002,女,041,４０歳,34000,広島県,1980000000,1980年,人
11392,00700,全域,002,女,041,４０歳,35000,山口県,1980000000,1980年,人
5444,00700,全域,002,女,041,４０歳,36000,徳島県,1980000000,1980年,人
6513,00700,全域,002,女,041,４０歳,37000,香川県,1980000000,1980年,人
10590,00700,全域,002,女,041,４０歳,38000,愛媛県,1980000000,1980年,人
5538,00700,全域,002,女,041,４０歳,39000,高知県,1980000000,1980年,人
33680,00700,全域,002,女,041,４０歳,40000,福岡県,1980000000,1980年,人
5781,00700,全域,002,女,041,４０歳,41000,佐賀県,1980000000,1980年,人
11032,00700,全域,002,女,041,４０歳,42000,長崎県,1980000000,1980年,人
12022,00700,全域,002,女,041,４０歳,43000,熊本県,1980000000,1980年,人
8343,00700,全域,002,女,041,４０歳,44000,大分県,1980000000,1980年,人
7700,00700,全域,002,女,041,４０歳,45000,宮崎県,1980000000,1980年,人
11176,00700,全域,002,女,041,４０歳,46000,鹿児島県,1980000000,1980年,人
7030,00700,全域,002,女,041,４０歳,47000,沖縄県,1980000000,1980年,人
763962,00700,全域,002,女,042,４１歳,00000,全国,1980000000,1980年,人
597095,00700,全域,002,女,042,４１歳,00001,全国市部,1980000000,1980年,人
166867,00700,全域,002,女,042,４１歳,00002,全国郡部,1980000000,1980年,人
38679,00700,全域,002,女,042,４１歳,01000,北海道,1980000000,1980年,人
9550,00700,全域,002,女,042,４１歳,02000,青森県,1980000000,1980年,人
9559,00700,全域,002,女,042,４１歳,03000,岩手県,1980000000,1980年,人
13154,00700,全域,002,女,042,４１歳,04000,宮城県,1980000000,1980年,人
8366,00700,全域,002,女,042,４１歳,05000,秋田県,1980000000,1980年,人
7758,00700,全域,002,女,042,４１歳,06000,山形県,1980000000,1980年,人
11895,00700,全域,002,女,042,４１歳,07000,福島県,1980000000,1980年,人
15375,00700,全域,002,女,042,４１歳,08000,茨城県,1980000000,1980年,人
10433,00700,全域,002,女,042,４１歳,09000,栃木県,1980000000,1980年,人
11032,00700,全域,002,女,042,４１歳,10000,群馬県,1980000000,1980年,人
38998,00700,全域,002,女,042,４１歳,11000,埼玉県,1980000000,1980年,人
33044,00700,全域,002,女,042,４１歳,12000,千葉県,1980000000,1980年,人
79056,00700,全域,002,女,042,４１歳,13000,東京都,1980000000,1980年,人
49022,00700,全域,002,女,042,４１歳,14000,神奈川県,1980000000,1980年,人
15040,00700,全域,002,女,042,４１歳,15000,新潟県,1980000000,1980年,人
6796,00700,全域,002,女,042,４１歳,16000,富山県,1980000000,1980年,人
6424,00700,全域,002,女,042,４１歳,17000,石川県,1980000000,1980年,人
4336,00700,全域,002,女,042,４１歳,18000,福井県,1980000000,1980年,人
5005,00700,全域,002,女,042,４１歳,19000,山梨県,1980000000,1980年,人
12719,00700,全域,002,女,042,４１歳,20000,長野県,1980000000,1980年,人
12592,00700,全域,002,女,042,４１歳,21000,岐阜県,1980000000,1980年,人
22515,00700,全域,002,女,042,４１歳,22000,静岡県,1980000000,1980年,人
41356,00700,全域,002,女,042,４１歳,23000,愛知県,1980000000,1980年,人
10456,00700,全域,002,女,042,４１歳,24000,三重県,1980000000,1980年,人
6152,00700,全域,002,女,042,４１歳,25000,滋賀県,1980000000,1980年,人
15176,00700,全域,002,女,042,４１歳,26000,京都府,1980000000,1980年,人
59879,00700,全域,002,女,042,４１歳,27000,大阪府,1980000000,1980年,人
33128,00700,全域,002,女,042,４１歳,28000,兵庫県,1980000000,1980年,人
7893,00700,全域,002,女,042,４１歳,29000,奈良県,1980000000,1980年,人
6783,00700,全域,002,女,042,４１歳,30000,和歌山県,1980000000,1980年,人
3593,00700,全域,002,女,042,４１歳,31000,鳥取県,1980000000,1980年,人
4501,00700,全域,002,女,042,４１歳,32000,島根県,1980000000,1980年,人
11126,00700,全域,002,女,042,４１歳,33000,岡山県,1980000000,1980年,人
16648,00700,全域,002,女,042,４１歳,34000,広島県,1980000000,1980年,人
10056,00700,全域,002,女,042,４１歳,35000,山口県,1980000000,1980年,人
5058,00700,全域,002,女,042,４１歳,36000,徳島県,1980000000,1980年,人
5761,00700,全域,002,女,042,４１歳,37000,香川県,1980000000,1980年,人
9572,00700,全域,002,女,042,４１歳,38000,愛媛県,1980000000,1980年,人
4986,00700,全域,002,女,042,４１歳,39000,高知県,1980000000,1980年,人
30016,00700,全域,002,女,042,４１歳,40000,福岡県,1980000000,1980年,人
5297,00700,全域,002,女,042,４１歳,41000,佐賀県,1980000000,1980年,人
10076,00700,全域,002,女,042,４１歳,42000,長崎県,1980000000,1980年,人
11375,00700,全域,002,女,042,４１歳,43000,熊本県,1980000000,1980年,人
7845,00700,全域,002,女,042,４１歳,44000,大分県,1980000000,1980年,人
7475,00700,全域,002,女,042,４１歳,45000,宮崎県,1980000000,1980年,人
11283,00700,全域,002,女,042,４１歳,46000,鹿児島県,1980000000,1980年,人
7123,00700,全域,002,女,042,４１歳,47000,沖縄県,1980000000,1980年,人
825645,00700,全域,002,女,043,４２歳,00000,全国,1980000000,1980年,人
639348,00700,全域,002,女,043,４２歳,00001,全国市部,1980000000,1980年,人
186297,00700,全域,002,女,043,４２歳,00002,全国郡部,1980000000,1980年,人
42841,00700,全域,002,女,043,４２歳,01000,北海道,1980000000,1980年,人
11987,00700,全域,002,女,043,４２歳,02000,青森県,1980000000,1980年,人
10822,00700,全域,002,女,043,４２歳,03000,岩手県,1980000000,1980年,人
14799,00700,全域,002,女,043,４２歳,04000,宮城県,1980000000,1980年,人
9767,00700,全域,002,女,043,４２歳,05000,秋田県,1980000000,1980年,人
8865,00700,全域,002,女,043,４２歳,06000,山形県,1980000000,1980年,人
13791,00700,全域,002,女,043,４２歳,07000,福島県,1980000000,1980年,人
16751,00700,全域,002,女,043,４２歳,08000,茨城県,1980000000,1980年,人
11505,00700,全域,002,女,043,４２歳,09000,栃木県,1980000000,1980年,人
12226,00700,全域,002,女,043,４２歳,10000,群馬県,1980000000,1980年,人
40426,00700,全域,002,女,043,４２歳,11000,埼玉県,1980000000,1980年,人
34447,00700,全域,002,女,043,４２歳,12000,千葉県,1980000000,1980年,人
85368,00700,全域,002,女,043,４２歳,13000,東京都,1980000000,1980年,人
50859,00700,全域,002,女,043,４２歳,14000,神奈川県,1980000000,1980年,人
16894,00700,全域,002,女,043,４２歳,15000,新潟県,1980000000,1980年,人
7216,00700,全域,002,女,043,４２歳,16000,富山県,1980000000,1980年,人
7100,00700,全域,002,女,043,４２歳,17000,石川県,1980000000,1980年,人
5132,00700,全域,002,女,043,４２歳,18000,福井県,1980000000,1980年,人
5435,00700,全域,002,女,043,４２歳,19000,山梨県,1980000000,1980年,人
13883,00700,全域,002,女,043,４２歳,20000,長野県,1980000000,1980年,人
13807,00700,全域,002,女,043,４２歳,21000,岐阜県,1980000000,1980年,人
24270,00700,全域,002,女,043,４２歳,22000,静岡県,1980000000,1980年,人
43301,00700,全域,002,女,043,４２歳,23000,愛知県,1980000000,1980年,人
11640,00700,全域,002,女,043,４２歳,24000,三重県,1980000000,1980年,人
6816,00700,全域,002,女,043,４２歳,25000,滋賀県,1980000000,1980年,人
16947,00700,全域,002,女,043,４２歳,26000,京都府,1980000000,1980年,人
62904,00700,全域,002,女,043,４２歳,27000,大阪府,1980000000,1980年,人
36092,00700,全域,002,女,043,４２歳,28000,兵庫県,1980000000,1980年,人
8208,00700,全域,002,女,043,４２歳,29000,奈良県,1980000000,1980年,人
7391,00700,全域,002,女,043,４２歳,30000,和歌山県,1980000000,1980年,人
4000,00700,全域,002,女,043,４２歳,31000,鳥取県,1980000000,1980年,人
5168,00700,全域,002,女,043,４２歳,32000,島根県,1980000000,1980年,人
12463,00700,全域,002,女,043,４２歳,33000,岡山県,1980000000,1980年,人
18164,00700,全域,002,女,043,４２歳,34000,広島県,1980000000,1980年,人
11090,00700,全域,002,女,043,４２歳,35000,山口県,1980000000,1980年,人
5366,00700,全域,002,女,043,４２歳,36000,徳島県,1980000000,1980年,人
6689,00700,全域,002,女,043,４２歳,37000,香川県,1980000000,1980年,人
9934,00700,全域,002,女,043,４２歳,38000,愛媛県,1980000000,1980年,人
5495,00700,全域,002,女,043,４２歳,39000,高知県,1980000000,1980年,人
31537,00700,全域,002,女,043,４２歳,40000,福岡県,1980000000,1980年,人
5560,00700,全域,002,女,043,４２歳,41000,佐賀県,1980000000,1980年,人
10832,00700,全域,002,女,043,４２歳,42000,長崎県,1980000000,1980年,人
12497,00700,全域,002,女,043,４２歳,43000,熊本県,1980000000,1980年,人
8521,00700,全域,002,女,043,４２歳,44000,大分県,1980000000,1980年,人
7880,00700,全域,002,女,043,４２歳,45000,宮崎県,1980000000,1980年,人
11673,00700,全域,002,女,043,４２歳,46000,鹿児島県,1980000000,1980年,人
7286,00700,全域,002,女,043,４２歳,47000,沖縄県,1980000000,1980年,人
853343,00700,全域,002,女,044,４３歳,00000,全国,1980000000,1980年,人
659266,00700,全域,002,女,044,４３歳,00001,全国市部,1980000000,1980年,人
194077,00700,全域,002,女,044,４３歳,00002,全国郡部,1980000000,1980年,人
41220,00700,全域,002,女,044,４３歳,01000,北海道,1980000000,1980年,人
11974,00700,全域,002,女,044,４３歳,02000,青森県,1980000000,1980年,人
11065,00700,全域,002,女,044,４３歳,03000,岩手県,1980000000,1980年,人
14941,00700,全域,002,女,044,４３歳,04000,宮城県,1980000000,1980年,人
10301,00700,全域,002,女,044,４３歳,05000,秋田県,1980000000,1980年,人
9129,00700,全域,002,女,044,４３歳,06000,山形県,1980000000,1980年,人
14102,00700,全域,002,女,044,４３歳,07000,福島県,1980000000,1980年,人
16604,00700,全域,002,女,044,４３歳,08000,茨城県,1980000000,1980年,人
11656,00700,全域,002,女,044,４３歳,09000,栃木県,1980000000,1980年,人
12420,00700,全域,002,女,044,４３歳,10000,群馬県,1980000000,1980年,人
39702,00700,全域,002,女,044,４３歳,11000,埼玉県,1980000000,1980年,人
34740,00700,全域,002,女,044,４３歳,12000,千葉県,1980000000,1980年,人
87499,00700,全域,002,女,044,４３歳,13000,東京都,1980000000,1980年,人
51660,00700,全域,002,女,044,４３歳,14000,神奈川県,1980000000,1980年,人
17530,00700,全域,002,女,044,４３歳,15000,新潟県,1980000000,1980年,人
7763,00700,全域,002,女,044,４３歳,16000,富山県,1980000000,1980年,人
7333,00700,全域,002,女,044,４３歳,17000,石川県,1980000000,1980年,人
5593,00700,全域,002,女,044,４３歳,18000,福井県,1980000000,1980年,人
5486,00700,全域,002,女,044,４３歳,19000,山梨県,1980000000,1980年,人
14238,00700,全域,002,女,044,４３歳,20000,長野県,1980000000,1980年,人
14208,00700,全域,002,女,044,４３歳,21000,岐阜県,1980000000,1980年,人
25019,00700,全域,002,女,044,４３歳,22000,静岡県,1980000000,1980年,人
44571,00700,全域,002,女,044,４３歳,23000,愛知県,1980000000,1980年,人
12128,00700,全域,002,女,044,４３歳,24000,三重県,1980000000,1980年,人
7250,00700,全域,002,女,044,４３歳,25000,滋賀県,1980000000,1980年,人
17718,00700,全域,002,女,044,４３歳,26000,京都府,1980000000,1980年,人
64962,00700,全域,002,女,044,４３歳,27000,大阪府,1980000000,1980年,人
37678,00700,全域,002,女,044,４３歳,28000,兵庫県,1980000000,1980年,人
8661,00700,全域,002,女,044,４３歳,29000,奈良県,1980000000,1980年,人
7903,00700,全域,002,女,044,４３歳,30000,和歌山県,1980000000,1980年,人
4305,00700,全域,002,女,044,４３歳,31000,鳥取県,1980000000,1980年,人
5810,00700,全域,002,女,044,４３歳,32000,島根県,1980000000,1980年,人
13537,00700,全域,002,女,044,４３歳,33000,岡山県,1980000000,1980年,人
19534,00700,全域,002,女,044,４３歳,34000,広島県,1980000000,1980年,人
11912,00700,全域,002,女,044,４３歳,35000,山口県,1980000000,1980年,人
6226,00700,全域,002,女,044,４３歳,36000,徳島県,1980000000,1980年,人
7169,00700,全域,002,女,044,４３歳,37000,香川県,1980000000,1980年,人
11348,00700,全域,002,女,044,４３歳,38000,愛媛県,1980000000,1980年,人
5997,00700,全域,002,女,044,４３歳,39000,高知県,1980000000,1980年,人
34116,00700,全域,002,女,044,４３歳,40000,福岡県,1980000000,1980年,人
5967,00700,全域,002,女,044,４３歳,41000,佐賀県,1980000000,1980年,人
10975,00700,全域,002,女,044,４３歳,42000,長崎県,1980000000,1980年,人
13441,00700,全域,002,女,044,４３歳,43000,熊本県,1980000000,1980年,人
9410,00700,全域,002,女,044,４３歳,44000,大分県,1980000000,1980年,人
8692,00700,全域,002,女,044,４３歳,45000,宮崎県,1980000000,1980年,人
12703,00700,全域,002,女,044,４３歳,46000,鹿児島県,1980000000,1980年,人
7147,00700,全域,002,女,044,４３歳,47000,沖縄県,1980000000,1980年,人
863315,00700,全域,002,女,045,４４歳,00000,全国,1980000000,1980年,人
664271,00700,全域,002,女,045,４４歳,00001,全国市部,1980000000,1980年,人
199044,00700,全域,002,女,045,４４歳,00002,全国郡部,1980000000,1980年,人
40568,00700,全域,002,女,045,４４歳,01000,北海道,1980000000,1980年,人
11678,00700,全域,002,女,045,４４歳,02000,青森県,1980000000,1980年,人
11348,00700,全域,002,女,045,４４歳,03000,岩手県,1980000000,1980年,人
15321,00700,全域,002,女,045,４４歳,04000,宮城県,1980000000,1980年,人
10608,00700,全域,002,女,045,４４歳,05000,秋田県,1980000000,1980年,人
9478,00700,全域,002,女,045,４４歳,06000,山形県,1980000000,1980年,人
14594,00700,全域,002,女,045,４４歳,07000,福島県,1980000000,1980年,人
16724,00700,全域,002,女,045,４４歳,08000,茨城県,1980000000,1980年,人
11938,00700,全域,002,女,045,４４歳,09000,栃木県,1980000000,1980年,人
12647,00700,全域,002,女,045,４４歳,10000,群馬県,1980000000,1980年,人
39034,00700,全域,002,女,045,４４歳,11000,埼玉県,1980000000,1980年,人
34368,00700,全域,002,女,045,４４歳,12000,千葉県,1980000000,1980年,人
90343,00700,全域,002,女,045,４４歳,13000,東京都,1980000000,1980年,人
51743,00700,全域,002,女,045,４４歳,14000,神奈川県,1980000000,1980年,人
18765,00700,全域,002,女,045,４４歳,15000,新潟県,1980000000,1980年,人
8870,00700,全域,002,女,045,４４歳,16000,富山県,1980000000,1980年,人
8364,00700,全域,002,女,045,４４歳,17000,石川県,1980000000,1980年,人
6135,00700,全域,002,女,045,４４歳,18000,福井県,1980000000,1980年,人
5308,00700,全域,002,女,045,４４歳,19000,山梨県,1980000000,1980年,人
14594,00700,全域,002,女,045,４４歳,20000,長野県,1980000000,1980年,人
14455,00700,全域,002,女,045,４４歳,21000,岐阜県,1980000000,1980年,人
24642,00700,全域,002,女,045,４４歳,22000,静岡県,1980000000,1980年,人
44094,00700,全域,002,女,045,４４歳,23000,愛知県,1980000000,1980年,人
12821,00700,全域,002,女,045,４４歳,24000,三重県,1980000000,1980年,人
7451,00700,全域,002,女,045,４４歳,25000,滋賀県,1980000000,1980年,人
18549,00700,全域,002,女,045,４４歳,26000,京都府,1980000000,1980年,人
65831,00700,全域,002,女,045,４４歳,27000,大阪府,1980000000,1980年,人
39031,00700,全域,002,女,045,４４歳,28000,兵庫県,1980000000,1980年,人
8633,00700,全域,002,女,045,４４歳,29000,奈良県,1980000000,1980年,人
8141,00700,全域,002,女,045,４４歳,30000,和歌山県,1980000000,1980年,人
4506,00700,全域,002,女,045,４４歳,31000,鳥取県,1980000000,1980年,人
6095,00700,全域,002,女,045,４４歳,32000,島根県,1980000000,1980年,人
13865,00700,全域,002,女,045,４４歳,33000,岡山県,1980000000,1980年,人
19796,00700,全域,002,女,045,４４歳,34000,広島県,1980000000,1980年,人
12060,00700,全域,002,女,045,４４歳,35000,山口県,1980000000,1980年,人
6077,00700,全域,002,女,045,４４歳,36000,徳島県,1980000000,1980年,人
7496,00700,全域,002,女,045,４４歳,37000,香川県,1980000000,1980年,人
10896,00700,全域,002,女,045,４４歳,38000,愛媛県,1980000000,1980年,人
5987,00700,全域,002,女,045,４４歳,39000,高知県,1980000000,1980年,人
33533,00700,全域,002,女,045,４４歳,40000,福岡県,1980000000,1980年,人
5972,00700,全域,002,女,045,４４歳,41000,佐賀県,1980000000,1980年,人
11070,00700,全域,002,女,045,４４歳,42000,長崎県,1980000000,1980年,人
13045,00700,全域,002,女,045,４４歳,43000,熊本県,1980000000,1980年,人
8864,00700,全域,002,女,045,４４歳,44000,大分県,1980000000,1980年,人
8259,00700,全域,002,女,045,４４歳,45000,宮崎県,1980000000,1980年,人
12441,00700,全域,002,女,045,４４歳,46000,鹿児島県,1980000000,1980年,人
7277,00700,全域,002,女,045,４４歳,47000,沖縄県,1980000000,1980年,人
838855,00700,全域,002,女,046,４５歳,00000,全国,1980000000,1980年,人
641168,00700,全域,002,女,046,４５歳,00001,全国市部,1980000000,1980年,人
197687,00700,全域,002,女,046,４５歳,00002,全国郡部,1980000000,1980年,人
41790,00700,全域,002,女,046,４５歳,01000,北海道,1980000000,1980年,人
11855,00700,全域,002,女,046,４５歳,02000,青森県,1980000000,1980年,人
11586,00700,全域,002,女,046,４５歳,03000,岩手県,1980000000,1980年,人
15351,00700,全域,002,女,046,４５歳,04000,宮城県,1980000000,1980年,人
10322,00700,全域,002,女,046,４５歳,05000,秋田県,1980000000,1980年,人
9460,00700,全域,002,女,046,４５歳,06000,山形県,1980000000,1980年,人
14628,00700,全域,002,女,046,４５歳,07000,福島県,1980000000,1980年,人
16347,00700,全域,002,女,046,４５歳,08000,茨城県,1980000000,1980年,人
11966,00700,全域,002,女,046,４５歳,09000,栃木県,1980000000,1980年,人
12251,00700,全域,002,女,046,４５歳,10000,群馬県,1980000000,1980年,人
36575,00700,全域,002,女,046,４５歳,11000,埼玉県,1980000000,1980年,人
32736,00700,全域,002,女,046,４５歳,12000,千葉県,1980000000,1980年,人
87809,00700,全域,002,女,046,４５歳,13000,東京都,1980000000,1980年,人
49797,00700,全域,002,女,046,４５歳,14000,神奈川県,1980000000,1980年,人
17224,00700,全域,002,女,046,４５歳,15000,新潟県,1980000000,1980年,人
7720,00700,全域,002,女,046,４５歳,16000,富山県,1980000000,1980年,人
7228,00700,全域,002,女,046,４５歳,17000,石川県,1980000000,1980年,人
5488,00700,全域,002,女,046,４５歳,18000,福井県,1980000000,1980年,人
5497,00700,全域,002,女,046,４５歳,19000,山梨県,1980000000,1980年,人
14443,00700,全域,002,女,046,４５歳,20000,長野県,1980000000,1980年,人
14067,00700,全域,002,女,046,４５歳,21000,岐阜県,1980000000,1980年,人
24424,00700,全域,002,女,046,４５歳,22000,静岡県,1980000000,1980年,人
42511,00700,全域,002,女,046,４５歳,23000,愛知県,1980000000,1980年,人
12171,00700,全域,002,女,046,４５歳,24000,三重県,1980000000,1980年,人
6918,00700,全域,002,女,046,４５歳,25000,滋賀県,1980000000,1980年,人
16752,00700,全域,002,女,046,４５歳,26000,京都府,1980000000,1980年,人
61690,00700,全域,002,女,046,４５歳,27000,大阪府,1980000000,1980年,人
37132,00700,全域,002,女,046,４５歳,28000,兵庫県,1980000000,1980年,人
8233,00700,全域,002,女,046,４５歳,29000,奈良県,1980000000,1980年,人
7924,00700,全域,002,女,046,４５歳,30000,和歌山県,1980000000,1980年,人
4415,00700,全域,002,女,046,４５歳,31000,鳥取県,1980000000,1980年,人
5940,00700,全域,002,女,046,４５歳,32000,島根県,1980000000,1980年,人
13060,00700,全域,002,女,046,４５歳,33000,岡山県,1980000000,1980年,人
19483,00700,全域,002,女,046,４５歳,34000,広島県,1980000000,1980年,人
12048,00700,全域,002,女,046,４５歳,35000,山口県,1980000000,1980年,人
5959,00700,全域,002,女,046,４５歳,36000,徳島県,1980000000,1980年,人
7071,00700,全域,002,女,046,４５歳,37000,香川県,1980000000,1980年,人
10966,00700,全域,002,女,046,４５歳,38000,愛媛県,1980000000,1980年,人
6192,00700,全域,002,女,046,４５歳,39000,高知県,1980000000,1980年,人
32846,00700,全域,002,女,046,４５歳,40000,福岡県,1980000000,1980年,人
6149,00700,全域,002,女,046,４５歳,41000,佐賀県,1980000000,1980年,人
11386,00700,全域,002,女,046,４５歳,42000,長崎県,1980000000,1980年,人
13402,00700,全域,002,女,046,４５歳,43000,熊本県,1980000000,1980年,人
9234,00700,全域,002,女,046,４５歳,44000,大分県,1980000000,1980年,人
8787,00700,全域,002,女,046,４５歳,45000,宮崎県,1980000000,1980年,人
13165,00700,全域,002,女,046,４５歳,46000,鹿児島県,1980000000,1980年,人
6857,00700,全域,002,女,046,４５歳,47000,沖縄県,1980000000,1980年,人
806362,00700,全域,002,女,047,４６歳,00000,全国,1980000000,1980年,人
609132,00700,全域,002,女,047,４６歳,00001,全国市部,1980000000,1980年,人
197230,00700,全域,002,女,047,４６歳,00002,全国郡部,1980000000,1980年,人
39673,00700,全域,002,女,047,４６歳,01000,北海道,1980000000,1980年,人
11706,00700,全域,002,女,047,４６歳,02000,青森県,1980000000,1980年,人
11223,00700,全域,002,女,047,４６歳,03000,岩手県,1980000000,1980年,人
14719,00700,全域,002,女,047,４６歳,04000,宮城県,1980000000,1980年,人
10012,00700,全域,002,女,047,４６歳,05000,秋田県,1980000000,1980年,人
9470,00700,全域,002,女,047,４６歳,06000,山形県,1980000000,1980年,人
14889,00700,全域,002,女,047,４６歳,07000,福島県,1980000000,1980年,人
15663,00700,全域,002,女,047,４６歳,08000,茨城県,1980000000,1980年,人
11632,00700,全域,002,女,047,４６歳,09000,栃木県,1980000000,1980年,人
12434,00700,全域,002,女,047,４６歳,10000,群馬県,1980000000,1980年,人
33389,00700,全域,002,女,047,４６歳,11000,埼玉県,1980000000,1980年,人
29870,00700,全域,002,女,047,４６歳,12000,千葉県,1980000000,1980年,人
81078,00700,全域,002,女,047,４６歳,13000,東京都,1980000000,1980年,人
45689,00700,全域,002,女,047,４６歳,14000,神奈川県,1980000000,1980年,人
17163,00700,全域,002,女,047,４６歳,15000,新潟県,1980000000,1980年,人
7929,00700,全域,002,女,047,４６歳,16000,富山県,1980000000,1980年,人
7494,00700,全域,002,女,047,４６歳,17000,石川県,1980000000,1980年,人
5589,00700,全域,002,女,047,４６歳,18000,福井県,1980000000,1980年,人
5320,00700,全域,002,女,047,４６歳,19000,山梨県,1980000000,1980年,人
14508,00700,全域,002,女,047,４６歳,20000,長野県,1980000000,1980年,人
13859,00700,全域,002,女,047,４６歳,21000,岐阜県,1980000000,1980年,人
24019,00700,全域,002,女,047,４６歳,22000,静岡県,1980000000,1980年,人
41064,00700,全域,002,女,047,４６歳,23000,愛知県,1980000000,1980年,人
12097,00700,全域,002,女,047,４６歳,24000,三重県,1980000000,1980年,人
6973,00700,全域,002,女,047,４６歳,25000,滋賀県,1980000000,1980年,人
16798,00700,全域,002,女,047,４６歳,26000,京都府,1980000000,1980年,人
57268,00700,全域,002,女,047,４６歳,27000,大阪府,1980000000,1980年,人
35074,00700,全域,002,女,047,４６歳,28000,兵庫県,1980000000,1980年,人
7871,00700,全域,002,女,047,４６歳,29000,奈良県,1980000000,1980年,人
7804,00700,全域,002,女,047,４６歳,30000,和歌山県,1980000000,1980年,人
4450,00700,全域,002,女,047,４６歳,31000,鳥取県,1980000000,1980年,人
6092,00700,全域,002,女,047,４６歳,32000,島根県,1980000000,1980年,人
12516,00700,全域,002,女,047,４６歳,33000,岡山県,1980000000,1980年,人
18466,00700,全域,002,女,047,４６歳,34000,広島県,1980000000,1980年,人
11811,00700,全域,002,女,047,４６歳,35000,山口県,1980000000,1980年,人
6214,00700,全域,002,女,047,４６歳,36000,徳島県,1980000000,1980年,人
6981,00700,全域,002,女,047,４６歳,37000,香川県,1980000000,1980年,人
10898,00700,全域,002,女,047,４６歳,38000,愛媛県,1980000000,1980年,人
6022,00700,全域,002,女,047,４６歳,39000,高知県,1980000000,1980年,人
32432,00700,全域,002,女,047,４６歳,40000,福岡県,1980000000,1980年,人
6120,00700,全域,002,女,047,４６歳,41000,佐賀県,1980000000,1980年,人
11397,00700,全域,002,女,047,４６歳,42000,長崎県,1980000000,1980年,人
13312,00700,全域,002,女,047,４６歳,43000,熊本県,1980000000,1980年,人
9297,00700,全域,002,女,047,４６歳,44000,大分県,1980000000,1980年,人
8350,00700,全域,002,女,047,４６歳,45000,宮崎県,1980000000,1980年,人
12880,00700,全域,002,女,047,４６歳,46000,鹿児島県,1980000000,1980年,人
6847,00700,全域,002,女,047,４６歳,47000,沖縄県,1980000000,1980年,人
819005,00700,全域,002,女,048,４７歳,00000,全国,1980000000,1980年,人
616193,00700,全域,002,女,048,４７歳,00001,全国市部,1980000000,1980年,人
202812,00700,全域,002,女,048,４７歳,00002,全国郡部,1980000000,1980年,人
39320,00700,全域,002,女,048,４７歳,01000,北海道,1980000000,1980年,人
11826,00700,全域,002,女,048,４７歳,02000,青森県,1980000000,1980年,人
11400,00700,全域,002,女,048,４７歳,03000,岩手県,1980000000,1980年,人
14971,00700,全域,002,女,048,４７歳,04000,宮城県,1980000000,1980年,人
10724,00700,全域,002,女,048,４７歳,05000,秋田県,1980000000,1980年,人
9949,00700,全域,002,女,048,４７歳,06000,山形県,1980000000,1980年,人
15207,00700,全域,002,女,048,４７歳,07000,福島県,1980000000,1980年,人
15947,00700,全域,002,女,048,４７歳,08000,茨城県,1980000000,1980年,人
11772,00700,全域,002,女,048,４７歳,09000,栃木県,1980000000,1980年,人
12256,00700,全域,002,女,048,４７歳,10000,群馬県,1980000000,1980年,人
32505,00700,全域,002,女,048,４７歳,11000,埼玉県,1980000000,1980年,人
29814,00700,全域,002,女,048,４７歳,12000,千葉県,1980000000,1980年,人
82501,00700,全域,002,女,048,４７歳,13000,東京都,1980000000,1980年,人
45867,00700,全域,002,女,048,４７歳,14000,神奈川県,1980000000,1980年,人
18478,00700,全域,002,女,048,４７歳,15000,新潟県,1980000000,1980年,人
8608,00700,全域,002,女,048,４７歳,16000,富山県,1980000000,1980年,人
8006,00700,全域,002,女,048,４７歳,17000,石川県,1980000000,1980年,人
5785,00700,全域,002,女,048,４７歳,18000,福井県,1980000000,1980年,人
5572,00700,全域,002,女,048,４７歳,19000,山梨県,1980000000,1980年,人
15164,00700,全域,002,女,048,４７歳,20000,長野県,1980000000,1980年,人
13622,00700,全域,002,女,048,４７歳,21000,岐阜県,1980000000,1980年,人
23479,00700,全域,002,女,048,４７歳,22000,静岡県,1980000000,1980年,人
39860,00700,全域,002,女,048,４７歳,23000,愛知県,1980000000,1980年,人
12160,00700,全域,002,女,048,４７歳,24000,三重県,1980000000,1980年,人
6839,00700,全域,002,女,048,４７歳,25000,滋賀県,1980000000,1980年,人
16643,00700,全域,002,女,048,４７歳,26000,京都府,1980000000,1980年,人
57585,00700,全域,002,女,048,４７歳,27000,大阪府,1980000000,1980年,人
36529,00700,全域,002,女,048,４７歳,28000,兵庫県,1980000000,1980年,人
7963,00700,全域,002,女,048,４７歳,29000,奈良県,1980000000,1980年,人
8298,00700,全域,002,女,048,４７歳,30000,和歌山県,1980000000,1980年,人
4340,00700,全域,002,女,048,４７歳,31000,鳥取県,1980000000,1980年,人
6211,00700,全域,002,女,048,４７歳,32000,島根県,1980000000,1980年,人
13731,00700,全域,002,女,048,４７歳,33000,岡山県,1980000000,1980年,人
18971,00700,全域,002,女,048,４７歳,34000,広島県,1980000000,1980年,人
12152,00700,全域,002,女,048,４７歳,35000,山口県,1980000000,1980年,人
6620,00700,全域,002,女,048,４７歳,36000,徳島県,1980000000,1980年,人
7635,00700,全域,002,女,048,４７歳,37000,香川県,1980000000,1980年,人
11283,00700,全域,002,女,048,４７歳,38000,愛媛県,1980000000,1980年,人
6502,00700,全域,002,女,048,４７歳,39000,高知県,1980000000,1980年,人
32324,00700,全域,002,女,048,４７歳,40000,福岡県,1980000000,1980年,人
6386,00700,全域,002,女,048,４７歳,41000,佐賀県,1980000000,1980年,人
11448,00700,全域,002,女,048,４７歳,42000,長崎県,1980000000,1980年,人
13733,00700,全域,002,女,048,４７歳,43000,熊本県,1980000000,1980年,人
9364,00700,全域,002,女,048,４７歳,44000,大分県,1980000000,1980年,人
8866,00700,全域,002,女,048,４７歳,45000,宮崎県,1980000000,1980年,人
13880,00700,全域,002,女,048,４７歳,46000,鹿児島県,1980000000,1980年,人
6909,00700,全域,002,女,048,４７歳,47000,沖縄県,1980000000,1980年,人
803147,00700,全域,002,女,049,４８歳,00000,全国,1980000000,1980年,人
599528,00700,全域,002,女,049,４８歳,00001,全国市部,1980000000,1980年,人
203619,00700,全域,002,女,049,４８歳,00002,全国郡部,1980000000,1980年,人
38018,00700,全域,002,女,049,４８歳,01000,北海道,1980000000,1980年,人
11395,00700,全域,002,女,049,４８歳,02000,青森県,1980000000,1980年,人
11422,00700,全域,002,女,049,４８歳,03000,岩手県,1980000000,1980年,人
14832,00700,全域,002,女,049,４８歳,04000,宮城県,1980000000,1980年,人
10366,00700,全域,002,女,049,４８歳,05000,秋田県,1980000000,1980年,人
9696,00700,全域,002,女,049,４８歳,06000,山形県,1980000000,1980年,人
15580,00700,全域,002,女,049,４８歳,07000,福島県,1980000000,1980年,人
16258,00700,全域,002,女,049,４８歳,08000,茨城県,1980000000,1980年,人
11782,00700,全域,002,女,049,４８歳,09000,栃木県,1980000000,1980年,人
12470,00700,全域,002,女,049,４８歳,10000,群馬県,1980000000,1980年,人
30491,00700,全域,002,女,049,４８歳,11000,埼玉県,1980000000,1980年,人
28169,00700,全域,002,女,049,４８歳,12000,千葉県,1980000000,1980年,人
79026,00700,全域,002,女,049,４８歳,13000,東京都,1980000000,1980年,人
43749,00700,全域,002,女,049,４８歳,14000,神奈川県,1980000000,1980年,人
18132,00700,全域,002,女,049,４８歳,15000,新潟県,1980000000,1980年,人
8078,00700,全域,002,女,049,４８歳,16000,富山県,1980000000,1980年,人
7595,00700,全域,002,女,049,４８歳,17000,石川県,1980000000,1980年,人
5934,00700,全域,002,女,049,４８歳,18000,福井県,1980000000,1980年,人
5563,00700,全域,002,女,049,４８歳,19000,山梨県,1980000000,1980年,人
15358,00700,全域,002,女,049,４８歳,20000,長野県,1980000000,1980年,人
13623,00700,全域,002,女,049,４８歳,21000,岐阜県,1980000000,1980年,人
23469,00700,全域,002,女,049,４８歳,22000,静岡県,1980000000,1980年,人
38603,00700,全域,002,女,049,４８歳,23000,愛知県,1980000000,1980年,人
11882,00700,全域,002,女,049,４８歳,24000,三重県,1980000000,1980年,人
7085,00700,全域,002,女,049,４８歳,25000,滋賀県,1980000000,1980年,人
16703,00700,全域,002,女,049,４８歳,26000,京都府,1980000000,1980年,人
55716,00700,全域,002,女,049,４８歳,27000,大阪府,1980000000,1980年,人
35838,00700,全域,002,女,049,４８歳,28000,兵庫県,1980000000,1980年,人
7880,00700,全域,002,女,049,４８歳,29000,奈良県,1980000000,1980年,人
7972,00700,全域,002,女,049,４８歳,30000,和歌山県,1980000000,1980年,人
4609,00700,全域,002,女,049,４８歳,31000,鳥取県,1980000000,1980年,人
6466,00700,全域,002,女,049,４８歳,32000,島根県,1980000000,1980年,人
13763,00700,全域,002,女,049,４８歳,33000,岡山県,1980000000,1980年,人
18669,00700,全域,002,女,049,４８歳,34000,広島県,1980000000,1980年,人
12338,00700,全域,002,女,049,４８歳,35000,山口県,1980000000,1980年,人
6360,00700,全域,002,女,049,４８歳,36000,徳島県,1980000000,1980年,人
7468,00700,全域,002,女,049,４８歳,37000,香川県,1980000000,1980年,人
11325,00700,全域,002,女,049,４８歳,38000,愛媛県,1980000000,1980年,人
6483,00700,全域,002,女,049,４８歳,39000,高知県,1980000000,1980年,人
33142,00700,全域,002,女,049,４８歳,40000,福岡県,1980000000,1980年,人
6416,00700,全域,002,女,049,４８歳,41000,佐賀県,1980000000,1980年,人
11921,00700,全域,002,女,049,４８歳,42000,長崎県,1980000000,1980年,人
13520,00700,全域,002,女,049,４８歳,43000,熊本県,1980000000,1980年,人
9196,00700,全域,002,女,049,４８歳,44000,大分県,1980000000,1980年,人
8588,00700,全域,002,女,049,４８歳,45000,宮崎県,1980000000,1980年,人
13892,00700,全域,002,女,049,４８歳,46000,鹿児島県,1980000000,1980年,人
6306,00700,全域,002,女,049,４８歳,47000,沖縄県,1980000000,1980年,人
789872,00700,全域,002,女,050,４９歳,00000,全国,1980000000,1980年,人
584148,00700,全域,002,女,050,４９歳,00001,全国市部,1980000000,1980年,人
205724,00700,全域,002,女,050,４９歳,00002,全国郡部,1980000000,1980年,人
37616,00700,全域,002,女,050,４９歳,01000,北海道,1980000000,1980年,人
11376,00700,全域,002,女,050,４９歳,02000,青森県,1980000000,1980年,人
11146,00700,全域,002,女,050,４９歳,03000,岩手県,1980000000,1980年,人
14762,00700,全域,002,女,050,４９歳,04000,宮城県,1980000000,1980年,人
10837,00700,全域,002,女,050,４９歳,05000,秋田県,1980000000,1980年,人
10329,00700,全域,002,女,050,４９歳,06000,山形県,1980000000,1980年,人
15266,00700,全域,002,女,050,４９歳,07000,福島県,1980000000,1980年,人
16178,00700,全域,002,女,050,４９歳,08000,茨城県,1980000000,1980年,人
11894,00700,全域,002,女,050,４９歳,09000,栃木県,1980000000,1980年,人
12781,00700,全域,002,女,050,４９歳,10000,群馬県,1980000000,1980年,人
29748,00700,全域,002,女,050,４９歳,11000,埼玉県,1980000000,1980年,人
27667,00700,全域,002,女,050,４９歳,12000,千葉県,1980000000,1980年,人
76249,00700,全域,002,女,050,４９歳,13000,東京都,1980000000,1980年,人
42208,00700,全域,002,女,050,４９歳,14000,神奈川県,1980000000,1980年,人
18627,00700,全域,002,女,050,４９歳,15000,新潟県,1980000000,1980年,人
8306,00700,全域,002,女,050,４９歳,16000,富山県,1980000000,1980年,人
8044,00700,全域,002,女,050,４９歳,17000,石川県,1980000000,1980年,人
5884,00700,全域,002,女,050,４９歳,18000,福井県,1980000000,1980年,人
5710,00700,全域,002,女,050,４９歳,19000,山梨県,1980000000,1980年,人
15256,00700,全域,002,女,050,４９歳,20000,長野県,1980000000,1980年,人
13252,00700,全域,002,女,050,４９歳,21000,岐阜県,1980000000,1980年,人
23150,00700,全域,002,女,050,４９歳,22000,静岡県,1980000000,1980年,人
37979,00700,全域,002,女,050,４９歳,23000,愛知県,1980000000,1980年,人
11793,00700,全域,002,女,050,４９歳,24000,三重県,1980000000,1980年,人
6985,00700,全域,002,女,050,４９歳,25000,滋賀県,1980000000,1980年,人
16140,00700,全域,002,女,050,４９歳,26000,京都府,1980000000,1980年,人
52533,00700,全域,002,女,050,４９歳,27000,大阪府,1980000000,1980年,人
35357,00700,全域,002,女,050,４９歳,28000,兵庫県,1980000000,1980年,人
7699,00700,全域,002,女,050,４９歳,29000,奈良県,1980000000,1980年,人
7805,00700,全域,002,女,050,４９歳,30000,和歌山県,1980000000,1980年,人
4717,00700,全域,002,女,050,４９歳,31000,鳥取県,1980000000,1980年,人
6280,00700,全域,002,女,050,４９歳,32000,島根県,1980000000,1980年,人
14111,00700,全域,002,女,050,４９歳,33000,岡山県,1980000000,1980年,人
18536,00700,全域,002,女,050,４９歳,34000,広島県,1980000000,1980年,人
12104,00700,全域,002,女,050,４９歳,35000,山口県,1980000000,1980年,人
6357,00700,全域,002,女,050,４９歳,36000,徳島県,1980000000,1980年,人
7519,00700,全域,002,女,050,４９歳,37000,香川県,1980000000,1980年,人
11305,00700,全域,002,女,050,４９歳,38000,愛媛県,1980000000,1980年,人
6425,00700,全域,002,女,050,４９歳,39000,高知県,1980000000,1980年,人
31676,00700,全域,002,女,050,４９歳,40000,福岡県,1980000000,1980年,人
6165,00700,全域,002,女,050,４９歳,41000,佐賀県,1980000000,1980年,人
11157,00700,全域,002,女,050,４９歳,42000,長崎県,1980000000,1980年,人
13417,00700,全域,002,女,050,４９歳,43000,熊本県,1980000000,1980年,人
9548,00700,全域,002,女,050,４９歳,44000,大分県,1980000000,1980年,人
8381,00700,全域,002,女,050,４９歳,45000,宮崎県,1980000000,1980年,人
13645,00700,全域,002,女,050,４９歳,46000,鹿児島県,1980000000,1980年,人
5952,00700,全域,002,女,050,４９歳,47000,沖縄県,1980000000,1980年,人
758338,00700,全域,002,女,051,５０歳,00000,全国,1980000000,1980年,人
555569,00700,全域,002,女,051,５０歳,00001,全国市部,1980000000,1980年,人
202769,00700,全域,002,女,051,５０歳,00002,全国郡部,1980000000,1980年,人
37215,00700,全域,002,女,051,５０歳,01000,北海道,1980000000,1980年,人
10716,00700,全域,002,女,051,５０歳,02000,青森県,1980000000,1980年,人
11177,00700,全域,002,女,051,５０歳,03000,岩手県,1980000000,1980年,人
14198,00700,全域,002,女,051,５０歳,04000,宮城県,1980000000,1980年,人
10660,00700,全域,002,女,051,５０歳,05000,秋田県,1980000000,1980年,人
10283,00700,全域,002,女,051,５０歳,06000,山形県,1980000000,1980年,人
14957,00700,全域,002,女,051,５０歳,07000,福島県,1980000000,1980年,人
15803,00700,全域,002,女,051,５０歳,08000,茨城県,1980000000,1980年,人
11851,00700,全域,002,女,051,５０歳,09000,栃木県,1980000000,1980年,人
12162,00700,全域,002,女,051,５０歳,10000,群馬県,1980000000,1980年,人
27598,00700,全域,002,女,051,５０歳,11000,埼玉県,1980000000,1980年,人
26178,00700,全域,002,女,051,５０歳,12000,千葉県,1980000000,1980年,人
73345,00700,全域,002,女,051,５０歳,13000,東京都,1980000000,1980年,人
40047,00700,全域,002,女,051,５０歳,14000,神奈川県,1980000000,1980年,人
17407,00700,全域,002,女,051,５０歳,15000,新潟県,1980000000,1980年,人
7836,00700,全域,002,女,051,５０歳,16000,富山県,1980000000,1980年,人
7352,00700,全域,002,女,051,５０歳,17000,石川県,1980000000,1980年,人
5549,00700,全域,002,女,051,５０歳,18000,福井県,1980000000,1980年,人
5485,00700,全域,002,女,051,５０歳,19000,山梨県,1980000000,1980年,人
15443,00700,全域,002,女,051,５０歳,20000,長野県,1980000000,1980年,人
13311,00700,全域,002,女,051,５０歳,21000,岐阜県,1980000000,1980年,人
22455,00700,全域,002,女,051,５０歳,22000,静岡県,1980000000,1980年,人
35680,00700,全域,002,女,051,５０歳,23000,愛知県,1980000000,1980年,人
11762,00700,全域,002,女,051,５０歳,24000,三重県,1980000000,1980年,人
6702,00700,全域,002,女,051,５０歳,25000,滋賀県,1980000000,1980年,人
15231,00700,全域,002,女,051,５０歳,26000,京都府,1980000000,1980年,人
49093,00700,全域,002,女,051,５０歳,27000,大阪府,1980000000,1980年,人
32489,00700,全域,002,女,051,５０歳,28000,兵庫県,1980000000,1980年,人
7243,00700,全域,002,女,051,５０歳,29000,奈良県,1980000000,1980年,人
7593,00700,全域,002,女,051,５０歳,30000,和歌山県,1980000000,1980年,人
4576,00700,全域,002,女,051,５０歳,31000,鳥取県,1980000000,1980年,人
6126,00700,全域,002,女,051,５０歳,32000,島根県,1980000000,1980年,人
12602,00700,全域,002,女,051,５０歳,33000,岡山県,1980000000,1980年,人
17594,00700,全域,002,女,051,５０歳,34000,広島県,1980000000,1980年,人
11318,00700,全域,002,女,051,５０歳,35000,山口県,1980000000,1980年,人
6408,00700,全域,002,女,051,５０歳,36000,徳島県,1980000000,1980年,人
7010,00700,全域,002,女,051,５０歳,37000,香川県,1980000000,1980年,人
11114,00700,全域,002,女,051,５０歳,38000,愛媛県,1980000000,1980年,人
6621,00700,全域,002,女,051,５０歳,39000,高知県,1980000000,1980年,人
29495,00700,全域,002,女,051,５０歳,40000,福岡県,1980000000,1980年,人
6128,00700,全域,002,女,051,５０歳,41000,佐賀県,1980000000,1980年,人
11360,00700,全域,002,女,051,５０歳,42000,長崎県,1980000000,1980年,人
13243,00700,全域,002,女,051,５０歳,43000,熊本県,1980000000,1980年,人
9146,00700,全域,002,女,051,５０歳,44000,大分県,1980000000,1980年,人
8485,00700,全域,002,女,051,５０歳,45000,宮崎県,1980000000,1980年,人
14050,00700,全域,002,女,051,５０歳,46000,鹿児島県,1980000000,1980年,人
6241,00700,全域,002,女,051,５０歳,47000,沖縄県,1980000000,1980年,人
745598,00700,全域,002,女,052,５１歳,00000,全国,1980000000,1980年,人
543246,00700,全域,002,女,052,５１歳,00001,全国市部,1980000000,1980年,人
202352,00700,全域,002,女,052,５１歳,00002,全国郡部,1980000000,1980年,人
34990,00700,全域,002,女,052,５１歳,01000,北海道,1980000000,1980年,人
9904,00700,全域,002,女,052,５１歳,02000,青森県,1980000000,1980年,人
10759,00700,全域,002,女,052,５１歳,03000,岩手県,1980000000,1980年,人
14380,00700,全域,002,女,052,５１歳,04000,宮城県,1980000000,1980年,人
10026,00700,全域,002,女,052,５１歳,05000,秋田県,1980000000,1980年,人
10001,00700,全域,002,女,052,５１歳,06000,山形県,1980000000,1980年,人
15210,00700,全域,002,女,052,５１歳,07000,福島県,1980000000,1980年,人
15685,00700,全域,002,女,052,５１歳,08000,茨城県,1980000000,1980年,人
11656,00700,全域,002,女,052,５１歳,09000,栃木県,1980000000,1980年,人
12225,00700,全域,002,女,052,５１歳,10000,群馬県,1980000000,1980年,人
26178,00700,全域,002,女,052,５１歳,11000,埼玉県,1980000000,1980年,人
24392,00700,全域,002,女,052,５１歳,12000,千葉県,1980000000,1980年,人
69873,00700,全域,002,女,052,５１歳,13000,東京都,1980000000,1980年,人
37797,00700,全域,002,女,052,５１歳,14000,神奈川県,1980000000,1980年,人
17952,00700,全域,002,女,052,５１歳,15000,新潟県,1980000000,1980年,人
8054,00700,全域,002,女,052,５１歳,16000,富山県,1980000000,1980年,人
7549,00700,全域,002,女,052,５１歳,17000,石川県,1980000000,1980年,人
5826,00700,全域,002,女,052,５１歳,18000,福井県,1980000000,1980年,人
5452,00700,全域,002,女,052,５１歳,19000,山梨県,1980000000,1980年,人
15429,00700,全域,002,女,052,５１歳,20000,長野県,1980000000,1980年,人
12877,00700,全域,002,女,052,５１歳,21000,岐阜県,1980000000,1980年,人
21141,00700,全域,002,女,052,５１歳,22000,静岡県,1980000000,1980年,人
34311,00700,全域,002,女,052,５１歳,23000,愛知県,1980000000,1980年,人
11326,00700,全域,002,女,052,５１歳,24000,三重県,1980000000,1980年,人
6630,00700,全域,002,女,052,５１歳,25000,滋賀県,1980000000,1980年,人
15370,00700,全域,002,女,052,５１歳,26000,京都府,1980000000,1980年,人
48399,00700,全域,002,女,052,５１歳,27000,大阪府,1980000000,1980年,人
33089,00700,全域,002,女,052,５１歳,28000,兵庫県,1980000000,1980年,人
7340,00700,全域,002,女,052,５１歳,29000,奈良県,1980000000,1980年,人
7650,00700,全域,002,女,052,５１歳,30000,和歌山県,1980000000,1980年,人
4653,00700,全域,002,女,052,５１歳,31000,鳥取県,1980000000,1980年,人
6464,00700,全域,002,女,052,５１歳,32000,島根県,1980000000,1980年,人
13026,00700,全域,002,女,052,５１歳,33000,岡山県,1980000000,1980年,人
18363,00700,全域,002,女,052,５１歳,34000,広島県,1980000000,1980年,人
11803,00700,全域,002,女,052,５１歳,35000,山口県,1980000000,1980年,人
6551,00700,全域,002,女,052,５１歳,36000,徳島県,1980000000,1980年,人
7299,00700,全域,002,女,052,５１歳,37000,香川県,1980000000,1980年,人
11326,00700,全域,002,女,052,５１歳,38000,愛媛県,1980000000,1980年,人
6424,00700,全域,002,女,052,５１歳,39000,高知県,1980000000,1980年,人
30774,00700,全域,002,女,052,５１歳,40000,福岡県,1980000000,1980年,人
6343,00700,全域,002,女,052,５１歳,41000,佐賀県,1980000000,1980年,人
11200,00700,全域,002,女,052,５１歳,42000,長崎県,1980000000,1980年,人
12960,00700,全域,002,女,052,５１歳,43000,熊本県,1980000000,1980年,人
9131,00700,全域,002,女,052,５１歳,44000,大分県,1980000000,1980年,人
8318,00700,全域,002,女,052,５１歳,45000,宮崎県,1980000000,1980年,人
13701,00700,全域,002,女,052,５１歳,46000,鹿児島県,1980000000,1980年,人
5791,00700,全域,002,女,052,５１歳,47000,沖縄県,1980000000,1980年,人
728976,00700,全域,002,女,053,５２歳,00000,全国,1980000000,1980年,人
528766,00700,全域,002,女,053,５２歳,00001,全国市部,1980000000,1980年,人
200210,00700,全域,002,女,053,５２歳,00002,全国郡部,1980000000,1980年,人
35082,00700,全域,002,女,053,５２歳,01000,北海道,1980000000,1980年,人
10718,00700,全域,002,女,053,５２歳,02000,青森県,1980000000,1980年,人
10386,00700,全域,002,女,053,５２歳,03000,岩手県,1980000000,1980年,人
13610,00700,全域,002,女,053,５２歳,04000,宮城県,1980000000,1980年,人
10207,00700,全域,002,女,053,５２歳,05000,秋田県,1980000000,1980年,人
10210,00700,全域,002,女,053,５２歳,06000,山形県,1980000000,1980年,人
14807,00700,全域,002,女,053,５２歳,07000,福島県,1980000000,1980年,人
15516,00700,全域,002,女,053,５２歳,08000,茨城県,1980000000,1980年,人
11571,00700,全域,002,女,053,５２歳,09000,栃木県,1980000000,1980年,人
11781,00700,全域,002,女,053,５２歳,10000,群馬県,1980000000,1980年,人
25481,00700,全域,002,女,053,５２歳,11000,埼玉県,1980000000,1980年,人
23879,00700,全域,002,女,053,５２歳,12000,千葉県,1980000000,1980年,人
68236,00700,全域,002,女,053,５２歳,13000,東京都,1980000000,1980年,人
36690,00700,全域,002,女,053,５２歳,14000,神奈川県,1980000000,1980年,人
17842,00700,全域,002,女,053,５２歳,15000,新潟県,1980000000,1980年,人
7611,00700,全域,002,女,053,５２歳,16000,富山県,1980000000,1980年,人
7323,00700,全域,002,女,053,５２歳,17000,石川県,1980000000,1980年,人
5580,00700,全域,002,女,053,５２歳,18000,福井県,1980000000,1980年,人
5448,00700,全域,002,女,053,５２歳,19000,山梨県,1980000000,1980年,人
15175,00700,全域,002,女,053,５２歳,20000,長野県,1980000000,1980年,人
12370,00700,全域,002,女,053,５２歳,21000,岐阜県,1980000000,1980年,人
21851,00700,全域,002,女,053,５２歳,22000,静岡県,1980000000,1980年,人
33294,00700,全域,002,女,053,５２歳,23000,愛知県,1980000000,1980年,人
11234,00700,全域,002,女,053,５２歳,24000,三重県,1980000000,1980年,人
6721,00700,全域,002,女,053,５２歳,25000,滋賀県,1980000000,1980年,人
15136,00700,全域,002,女,053,５２歳,26000,京都府,1980000000,1980年,人
46491,00700,全域,002,女,053,５２歳,27000,大阪府,1980000000,1980年,人
31584,00700,全域,002,女,053,５２歳,28000,兵庫県,1980000000,1980年,人
7184,00700,全域,002,女,053,５２歳,29000,奈良県,1980000000,1980年,人
7616,00700,全域,002,女,053,５２歳,30000,和歌山県,1980000000,1980年,人
4387,00700,全域,002,女,053,５２歳,31000,鳥取県,1980000000,1980年,人
6159,00700,全域,002,女,053,５２歳,32000,島根県,1980000000,1980年,人
12621,00700,全域,002,女,053,５２歳,33000,岡山県,1980000000,1980年,人
17742,00700,全域,002,女,053,５２歳,34000,広島県,1980000000,1980年,人
11305,00700,全域,002,女,053,５２歳,35000,山口県,1980000000,1980年,人
6110,00700,全域,002,女,053,５２歳,36000,徳島県,1980000000,1980年,人
7061,00700,全域,002,女,053,５２歳,37000,香川県,1980000000,1980年,人
11027,00700,全域,002,女,053,５２歳,38000,愛媛県,1980000000,1980年,人
6389,00700,全域,002,女,053,５２歳,39000,高知県,1980000000,1980年,人
29130,00700,全域,002,女,053,５２歳,40000,福岡県,1980000000,1980年,人
6069,00700,全域,002,女,053,５２歳,41000,佐賀県,1980000000,1980年,人
10816,00700,全域,002,女,053,５２歳,42000,長崎県,1980000000,1980年,人
13026,00700,全域,002,女,053,５２歳,43000,熊本県,1980000000,1980年,人
8848,00700,全域,002,女,053,５２歳,44000,大分県,1980000000,1980年,人
8063,00700,全域,002,女,053,５２歳,45000,宮崎県,1980000000,1980年,人
13774,00700,全域,002,女,053,５２歳,46000,鹿児島県,1980000000,1980年,人
5815,00700,全域,002,女,053,５２歳,47000,沖縄県,1980000000,1980年,人
719279,00700,全域,002,女,054,５３歳,00000,全国,1980000000,1980年,人
517206,00700,全域,002,女,054,５３歳,00001,全国市部,1980000000,1980年,人
202073,00700,全域,002,女,054,５３歳,00002,全国郡部,1980000000,1980年,人
33776,00700,全域,002,女,054,５３歳,01000,北海道,1980000000,1980年,人
9935,00700,全域,002,女,054,５３歳,02000,青森県,1980000000,1980年,人
10356,00700,全域,002,女,054,５３歳,03000,岩手県,1980000000,1980年,人
13751,00700,全域,002,女,054,５３歳,04000,宮城県,1980000000,1980年,人
10126,00700,全域,002,女,054,５３歳,05000,秋田県,1980000000,1980年,人
10273,00700,全域,002,女,054,５３歳,06000,山形県,1980000000,1980年,人
15009,00700,全域,002,女,054,５３歳,07000,福島県,1980000000,1980年,人
15877,00700,全域,002,女,054,５３歳,08000,茨城県,1980000000,1980年,人
11734,00700,全域,002,女,054,５３歳,09000,栃木県,1980000000,1980年,人
12016,00700,全域,002,女,054,５３歳,10000,群馬県,1980000000,1980年,人
25192,00700,全域,002,女,054,５３歳,11000,埼玉県,1980000000,1980年,人
23627,00700,全域,002,女,054,５３歳,12000,千葉県,1980000000,1980年,人
66596,00700,全域,002,女,054,５３歳,13000,東京都,1980000000,1980年,人
35090,00700,全域,002,女,054,５３歳,14000,神奈川県,1980000000,1980年,人
17572,00700,全域,002,女,054,５３歳,15000,新潟県,1980000000,1980年,人
7612,00700,全域,002,女,054,５３歳,16000,富山県,1980000000,1980年,人
7156,00700,全域,002,女,054,５３歳,17000,石川県,1980000000,1980年,人
5432,00700,全域,002,女,054,５３歳,18000,福井県,1980000000,1980年,人
5657,00700,全域,002,女,054,５３歳,19000,山梨県,1980000000,1980年,人
15688,00700,全域,002,女,054,５３歳,20000,長野県,1980000000,1980年,人
12474,00700,全域,002,女,054,５３歳,21000,岐阜県,1980000000,1980年,人
21018,00700,全域,002,女,054,５３歳,22000,静岡県,1980000000,1980年,人
32153,00700,全域,002,女,054,５３歳,23000,愛知県,1980000000,1980年,人
11256,00700,全域,002,女,054,５３歳,24000,三重県,1980000000,1980年,人
6531,00700,全域,002,女,054,５３歳,25000,滋賀県,1980000000,1980年,人
14842,00700,全域,002,女,054,５３歳,26000,京都府,1980000000,1980年,人
44635,00700,全域,002,女,054,５３歳,27000,大阪府,1980000000,1980年,人
30988,00700,全域,002,女,054,５３歳,28000,兵庫県,1980000000,1980年,人
7118,00700,全域,002,女,054,５３歳,29000,奈良県,1980000000,1980年,人
7706,00700,全域,002,女,054,５３歳,30000,和歌山県,1980000000,1980年,人
4720,00700,全域,002,女,054,５３歳,31000,鳥取県,1980000000,1980年,人
6204,00700,全域,002,女,054,５３歳,32000,島根県,1980000000,1980年,人
12324,00700,全域,002,女,054,５３歳,33000,岡山県,1980000000,1980年,人
17431,00700,全域,002,女,054,５３歳,34000,広島県,1980000000,1980年,人
11218,00700,全域,002,女,054,５３歳,35000,山口県,1980000000,1980年,人
6227,00700,全域,002,女,054,５３歳,36000,徳島県,1980000000,1980年,人
7016,00700,全域,002,女,054,５３歳,37000,香川県,1980000000,1980年,人
10978,00700,全域,002,女,054,５３歳,38000,愛媛県,1980000000,1980年,人
6428,00700,全域,002,女,054,５３歳,39000,高知県,1980000000,1980年,人
28689,00700,全域,002,女,054,５３歳,40000,福岡県,1980000000,1980年,人
5916,00700,全域,002,女,054,５３歳,41000,佐賀県,1980000000,1980年,人
11059,00700,全域,002,女,054,５３歳,42000,長崎県,1980000000,1980年,人
12893,00700,全域,002,女,054,５３歳,43000,熊本県,1980000000,1980年,人
9114,00700,全域,002,女,054,５３歳,44000,大分県,1980000000,1980年,人
8170,00700,全域,002,女,054,５３歳,45000,宮崎県,1980000000,1980年,人
14073,00700,全域,002,女,054,５３歳,46000,鹿児島県,1980000000,1980年,人
5623,00700,全域,002,女,054,５３歳,47000,沖縄県,1980000000,1980年,人
700868,00700,全域,002,女,055,５４歳,00000,全国,1980000000,1980年,人
502677,00700,全域,002,女,055,５４歳,00001,全国市部,1980000000,1980年,人
198191,00700,全域,002,女,055,５４歳,00002,全国郡部,1980000000,1980年,人
32167,00700,全域,002,女,055,５４歳,01000,北海道,1980000000,1980年,人
9316,00700,全域,002,女,055,５４歳,02000,青森県,1980000000,1980年,人
10321,00700,全域,002,女,055,５４歳,03000,岩手県,1980000000,1980年,人
13234,00700,全域,002,女,055,５４歳,04000,宮城県,1980000000,1980年,人
9392,00700,全域,002,女,055,５４歳,05000,秋田県,1980000000,1980年,人
10032,00700,全域,002,女,055,５４歳,06000,山形県,1980000000,1980年,人
15005,00700,全域,002,女,055,５４歳,07000,福島県,1980000000,1980年,人
15349,00700,全域,002,女,055,５４歳,08000,茨城県,1980000000,1980年,人
11152,00700,全域,002,女,055,５４歳,09000,栃木県,1980000000,1980年,人
11716,00700,全域,002,女,055,５４歳,10000,群馬県,1980000000,1980年,人
24314,00700,全域,002,女,055,５４歳,11000,埼玉県,1980000000,1980年,人
23172,00700,全域,002,女,055,５４歳,12000,千葉県,1980000000,1980年,人
64097,00700,全域,002,女,055,５４歳,13000,東京都,1980000000,1980年,人
33908,00700,全域,002,女,055,５４歳,14000,神奈川県,1980000000,1980年,人
17372,00700,全域,002,女,055,５４歳,15000,新潟県,1980000000,1980年,人
7434,00700,全域,002,女,055,５４歳,16000,富山県,1980000000,1980年,人
7075,00700,全域,002,女,055,５４歳,17000,石川県,1980000000,1980年,人
5461,00700,全域,002,女,055,５４歳,18000,福井県,1980000000,1980年,人
5156,00700,全域,002,女,055,５４歳,19000,山梨県,1980000000,1980年,人
15473,00700,全域,002,女,055,５４歳,20000,長野県,1980000000,1980年,人
12174,00700,全域,002,女,055,５４歳,21000,岐阜県,1980000000,1980年,人
20689,00700,全域,002,女,055,５４歳,22000,静岡県,1980000000,1980年,人
31707,00700,全域,002,女,055,５４歳,23000,愛知県,1980000000,1980年,人
11259,00700,全域,002,女,055,５４歳,24000,三重県,1980000000,1980年,人
6397,00700,全域,002,女,055,５４歳,25000,滋賀県,1980000000,1980年,人
14374,00700,全域,002,女,055,５４歳,26000,京都府,1980000000,1980年,人
42946,00700,全域,002,女,055,５４歳,27000,大阪府,1980000000,1980年,人
30657,00700,全域,002,女,055,５４歳,28000,兵庫県,1980000000,1980年,人
6854,00700,全域,002,女,055,５４歳,29000,奈良県,1980000000,1980年,人
7419,00700,全域,002,女,055,５４歳,30000,和歌山県,1980000000,1980年,人
4495,00700,全域,002,女,055,５４歳,31000,鳥取県,1980000000,1980年,人
6304,00700,全域,002,女,055,５４歳,32000,島根県,1980000000,1980年,人
12476,00700,全域,002,女,055,５４歳,33000,岡山県,1980000000,1980年,人
17046,00700,全域,002,女,055,５４歳,34000,広島県,1980000000,1980年,人
11166,00700,全域,002,女,055,５４歳,35000,山口県,1980000000,1980年,人
6198,00700,全域,002,女,055,５４歳,36000,徳島県,1980000000,1980年,人
7185,00700,全域,002,女,055,５４歳,37000,香川県,1980000000,1980年,人
10642,00700,全域,002,女,055,５４歳,38000,愛媛県,1980000000,1980年,人
6257,00700,全域,002,女,055,５４歳,39000,高知県,1980000000,1980年,人
28786,00700,全域,002,女,055,５４歳,40000,福岡県,1980000000,1980年,人
6148,00700,全域,002,女,055,５４歳,41000,佐賀県,1980000000,1980年,人
10871,00700,全域,002,女,055,５４歳,42000,長崎県,1980000000,1980年,人
12744,00700,全域,002,女,055,５４歳,43000,熊本県,1980000000,1980年,人
8982,00700,全域,002,女,055,５４歳,44000,大分県,1980000000,1980年,人
8039,00700,全域,002,女,055,５４歳,45000,宮崎県,1980000000,1980年,人
12873,00700,全域,002,女,055,５４歳,46000,鹿児島県,1980000000,1980年,人
5034,00700,全域,002,女,055,５４歳,47000,沖縄県,1980000000,1980年,人
678795,00700,全域,002,女,056,５５歳,00000,全国,1980000000,1980年,人
483947,00700,全域,002,女,056,５５歳,00001,全国市部,1980000000,1980年,人
194848,00700,全域,002,女,056,５５歳,00002,全国郡部,1980000000,1980年,人
31930,00700,全域,002,女,056,５５歳,01000,北海道,1980000000,1980年,人
9510,00700,全域,002,女,056,５５歳,02000,青森県,1980000000,1980年,人
9728,00700,全域,002,女,056,５５歳,03000,岩手県,1980000000,1980年,人
13029,00700,全域,002,女,056,５５歳,04000,宮城県,1980000000,1980年,人
9690,00700,全域,002,女,056,５５歳,05000,秋田県,1980000000,1980年,人
9801,00700,全域,002,女,056,５５歳,06000,山形県,1980000000,1980年,人
14317,00700,全域,002,女,056,５５歳,07000,福島県,1980000000,1980年,人
15127,00700,全域,002,女,056,５５歳,08000,茨城県,1980000000,1980年,人
11471,00700,全域,002,女,056,５５歳,09000,栃木県,1980000000,1980年,人
11422,00700,全域,002,女,056,５５歳,10000,群馬県,1980000000,1980年,人
23351,00700,全域,002,女,056,５５歳,11000,埼玉県,1980000000,1980年,人
22016,00700,全域,002,女,056,５５歳,12000,千葉県,1980000000,1980年,人
62199,00700,全域,002,女,056,５５歳,13000,東京都,1980000000,1980年,人
32910,00700,全域,002,女,056,５５歳,14000,神奈川県,1980000000,1980年,人
17101,00700,全域,002,女,056,５５歳,15000,新潟県,1980000000,1980年,人
7438,00700,全域,002,女,056,５５歳,16000,富山県,1980000000,1980年,人
7101,00700,全域,002,女,056,５５歳,17000,石川県,1980000000,1980年,人
5487,00700,全域,002,女,056,５５歳,18000,福井県,1980000000,1980年,人
5423,00700,全域,002,女,056,５５歳,19000,山梨県,1980000000,1980年,人
14910,00700,全域,002,女,056,５５歳,20000,長野県,1980000000,1980年,人
11851,00700,全域,002,女,056,５５歳,21000,岐阜県,1980000000,1980年,人
20209,00700,全域,002,女,056,５５歳,22000,静岡県,1980000000,1980年,人
30410,00700,全域,002,女,056,５５歳,23000,愛知県,1980000000,1980年,人
10712,00700,全域,002,女,056,５５歳,24000,三重県,1980000000,1980年,人
6328,00700,全域,002,女,056,５５歳,25000,滋賀県,1980000000,1980年,人
14153,00700,全域,002,女,056,５５歳,26000,京都府,1980000000,1980年,人
40088,00700,全域,002,女,056,５５歳,27000,大阪府,1980000000,1980年,人
28576,00700,全域,002,女,056,５５歳,28000,兵庫県,1980000000,1980年,人
6567,00700,全域,002,女,056,５５歳,29000,奈良県,1980000000,1980年,人
7154,00700,全域,002,女,056,５５歳,30000,和歌山県,1980000000,1980年,人
4575,00700,全域,002,女,056,５５歳,31000,鳥取県,1980000000,1980年,人
6037,00700,全域,002,女,056,５５歳,32000,島根県,1980000000,1980年,人
11502,00700,全域,002,女,056,５５歳,33000,岡山県,1980000000,1980年,人
16517,00700,全域,002,女,056,５５歳,34000,広島県,1980000000,1980年,人
10872,00700,全域,002,女,056,５５歳,35000,山口県,1980000000,1980年,人
5744,00700,全域,002,女,056,５５歳,36000,徳島県,1980000000,1980年,人
6477,00700,全域,002,女,056,５５歳,37000,香川県,1980000000,1980年,人
10225,00700,全域,002,女,056,５５歳,38000,愛媛県,1980000000,1980年,人
6207,00700,全域,002,女,056,５５歳,39000,高知県,1980000000,1980年,人
27018,00700,全域,002,女,056,５５歳,40000,福岡県,1980000000,1980年,人
5884,00700,全域,002,女,056,５５歳,41000,佐賀県,1980000000,1980年,人
10612,00700,全域,002,女,056,５５歳,42000,長崎県,1980000000,1980年,人
12636,00700,全域,002,女,056,５５歳,43000,熊本県,1980000000,1980年,人
8807,00700,全域,002,女,056,５５歳,44000,大分県,1980000000,1980年,人
7625,00700,全域,002,女,056,５５歳,45000,宮崎県,1980000000,1980年,人
13295,00700,全域,002,女,056,５５歳,46000,鹿児島県,1980000000,1980年,人
4753,00700,全域,002,女,056,５５歳,47000,沖縄県,1980000000,1980年,人
633804,00700,全域,002,女,057,５６歳,00000,全国,1980000000,1980年,人
450665,00700,全域,002,女,057,５６歳,00001,全国市部,1980000000,1980年,人
183139,00700,全域,002,女,057,５６歳,00002,全国郡部,1980000000,1980年,人
30220,00700,全域,002,女,057,５６歳,01000,北海道,1980000000,1980年,人
8606,00700,全域,002,女,057,５６歳,02000,青森県,1980000000,1980年,人
8995,00700,全域,002,女,057,５６歳,03000,岩手県,1980000000,1980年,人
11894,00700,全域,002,女,057,５６歳,04000,宮城県,1980000000,1980年,人
8490,00700,全域,002,女,057,５６歳,05000,秋田県,1980000000,1980年,人
9309,00700,全域,002,女,057,５６歳,06000,山形県,1980000000,1980年,人
13315,00700,全域,002,女,057,５６歳,07000,福島県,1980000000,1980年,人
14520,00700,全域,002,女,057,５６歳,08000,茨城県,1980000000,1980年,人
10578,00700,全域,002,女,057,５６歳,09000,栃木県,1980000000,1980年,人
10905,00700,全域,002,女,057,５６歳,10000,群馬県,1980000000,1980年,人
21488,00700,全域,002,女,057,５６歳,11000,埼玉県,1980000000,1980年,人
20083,00700,全域,002,女,057,５６歳,12000,千葉県,1980000000,1980年,人
56044,00700,全域,002,女,057,５６歳,13000,東京都,1980000000,1980年,人
29138,00700,全域,002,女,057,５６歳,14000,神奈川県,1980000000,1980年,人
16071,00700,全域,002,女,057,５６歳,15000,新潟県,1980000000,1980年,人
6851,00700,全域,002,女,057,５６歳,16000,富山県,1980000000,1980年,人
6486,00700,全域,002,女,057,５６歳,17000,石川県,1980000000,1980年,人
5204,00700,全域,002,女,057,５６歳,18000,福井県,1980000000,1980年,人
5164,00700,全域,002,女,057,５６歳,19000,山梨県,1980000000,1980年,人
14381,00700,全域,002,女,057,５６歳,20000,長野県,1980000000,1980年,人
10992,00700,全域,002,女,057,５６歳,21000,岐阜県,1980000000,1980年,人
18467,00700,全域,002,女,057,５６歳,22000,静岡県,1980000000,1980年,人
28170,00700,全域,002,女,057,５６歳,23000,愛知県,1980000000,1980年,人
9801,00700,全域,002,女,057,５６歳,24000,三重県,1980000000,1980年,人
5882,00700,全域,002,女,057,５６歳,25000,滋賀県,1980000000,1980年,人
13292,00700,全域,002,女,057,５６歳,26000,京都府,1980000000,1980年,人
38436,00700,全域,002,女,057,５６歳,27000,大阪府,1980000000,1980年,人
27200,00700,全域,002,女,057,５６歳,28000,兵庫県,1980000000,1980年,人
6157,00700,全域,002,女,057,５６歳,29000,奈良県,1980000000,1980年,人
6910,00700,全域,002,女,057,５６歳,30000,和歌山県,1980000000,1980年,人
4241,00700,全域,002,女,057,５６歳,31000,鳥取県,1980000000,1980年,人
5651,00700,全域,002,女,057,５６歳,32000,島根県,1980000000,1980年,人
11009,00700,全域,002,女,057,５６歳,33000,岡山県,1980000000,1980年,人
15578,00700,全域,002,女,057,５６歳,34000,広島県,1980000000,1980年,人
10272,00700,全域,002,女,057,５６歳,35000,山口県,1980000000,1980年,人
5509,00700,全域,002,女,057,５６歳,36000,徳島県,1980000000,1980年,人
6311,00700,全域,002,女,057,５６歳,37000,香川県,1980000000,1980年,人
9705,00700,全域,002,女,057,５６歳,38000,愛媛県,1980000000,1980年,人
5900,00700,全域,002,女,057,５６歳,39000,高知県,1980000000,1980年,人
26156,00700,全域,002,女,057,５６歳,40000,福岡県,1980000000,1980年,人
5624,00700,全域,002,女,057,５６歳,41000,佐賀県,1980000000,1980年,人
10228,00700,全域,002,女,057,５６歳,42000,長崎県,1980000000,1980年,人
11851,00700,全域,002,女,057,５６歳,43000,熊本県,1980000000,1980年,人
8208,00700,全域,002,女,057,５６歳,44000,大分県,1980000000,1980年,人
7199,00700,全域,002,女,057,５６歳,45000,宮崎県,1980000000,1980年,人
12725,00700,全域,002,女,057,５６歳,46000,鹿児島県,1980000000,1980年,人
4588,00700,全域,002,女,057,５６歳,47000,沖縄県,1980000000,1980年,人
618631,00700,全域,002,女,058,５７歳,00000,全国,1980000000,1980年,人
440023,00700,全域,002,女,058,５７歳,00001,全国市部,1980000000,1980年,人
178608,00700,全域,002,女,058,５７歳,00002,全国郡部,1980000000,1980年,人
29217,00700,全域,002,女,058,５７歳,01000,北海道,1980000000,1980年,人
7930,00700,全域,002,女,058,５７歳,02000,青森県,1980000000,1980年,人
8904,00700,全域,002,女,058,５７歳,03000,岩手県,1980000000,1980年,人
11273,00700,全域,002,女,058,５７歳,04000,宮城県,1980000000,1980年,人
7974,00700,全域,002,女,058,５７歳,05000,秋田県,1980000000,1980年,人
8694,00700,全域,002,女,058,５７歳,06000,山形県,1980000000,1980年,人
12686,00700,全域,002,女,058,５７歳,07000,福島県,1980000000,1980年,人
14064,00700,全域,002,女,058,５７歳,08000,茨城県,1980000000,1980年,人
10229,00700,全域,002,女,058,５７歳,09000,栃木県,1980000000,1980年,人
10677,00700,全域,002,女,058,５７歳,10000,群馬県,1980000000,1980年,人
21393,00700,全域,002,女,058,５７歳,11000,埼玉県,1980000000,1980年,人
19827,00700,全域,002,女,058,５７歳,12000,千葉県,1980000000,1980年,人
55160,00700,全域,002,女,058,５７歳,13000,東京都,1980000000,1980年,人
28534,00700,全域,002,女,058,５７歳,14000,神奈川県,1980000000,1980年,人
15313,00700,全域,002,女,058,５７歳,15000,新潟県,1980000000,1980年,人
6199,00700,全域,002,女,058,５７歳,16000,富山県,1980000000,1980年,人
5882,00700,全域,002,女,058,５７歳,17000,石川県,1980000000,1980年,人
4734,00700,全域,002,女,058,５７歳,18000,福井県,1980000000,1980年,人
4992,00700,全域,002,女,058,５７歳,19000,山梨県,1980000000,1980年,人
13704,00700,全域,002,女,058,５７歳,20000,長野県,1980000000,1980年,人
10914,00700,全域,002,女,058,５７歳,21000,岐阜県,1980000000,1980年,人
18398,00700,全域,002,女,058,５７歳,22000,静岡県,1980000000,1980年,人
27913,00700,全域,002,女,058,５７歳,23000,愛知県,1980000000,1980年,人
10160,00700,全域,002,女,058,５７歳,24000,三重県,1980000000,1980年,人
5907,00700,全域,002,女,058,５７歳,25000,滋賀県,1980000000,1980年,人
13188,00700,全域,002,女,058,５７歳,26000,京都府,1980000000,1980年,人
37066,00700,全域,002,女,058,５７歳,27000,大阪府,1980000000,1980年,人
26507,00700,全域,002,女,058,５７歳,28000,兵庫県,1980000000,1980年,人
6168,00700,全域,002,女,058,５７歳,29000,奈良県,1980000000,1980年,人
6780,00700,全域,002,女,058,５７歳,30000,和歌山県,1980000000,1980年,人
4030,00700,全域,002,女,058,５７歳,31000,鳥取県,1980000000,1980年,人
5596,00700,全域,002,女,058,５７歳,32000,島根県,1980000000,1980年,人
11119,00700,全域,002,女,058,５７歳,33000,岡山県,1980000000,1980年,人
15138,00700,全域,002,女,058,５７歳,34000,広島県,1980000000,1980年,人
10007,00700,全域,002,女,058,５７歳,35000,山口県,1980000000,1980年,人
5358,00700,全域,002,女,058,５７歳,36000,徳島県,1980000000,1980年,人
6206,00700,全域,002,女,058,５７歳,37000,香川県,1980000000,1980年,人
9552,00700,全域,002,女,058,５７歳,38000,愛媛県,1980000000,1980年,人
5706,00700,全域,002,女,058,５７歳,39000,高知県,1980000000,1980年,人
25749,00700,全域,002,女,058,５７歳,40000,福岡県,1980000000,1980年,人
5621,00700,全域,002,女,058,５７歳,41000,佐賀県,1980000000,1980年,人
9874,00700,全域,002,女,058,５７歳,42000,長崎県,1980000000,1980年,人
11770,00700,全域,002,女,058,５７歳,43000,熊本県,1980000000,1980年,人
8168,00700,全域,002,女,058,５７歳,44000,大分県,1980000000,1980年,人
7008,00700,全域,002,女,058,５７歳,45000,宮崎県,1980000000,1980年,人
12678,00700,全域,002,女,058,５７歳,46000,鹿児島県,1980000000,1980年,人
4664,00700,全域,002,女,058,５７歳,47000,沖縄県,1980000000,1980年,人
599031,00700,全域,002,女,059,５８歳,00000,全国,1980000000,1980年,人
426212,00700,全域,002,女,059,５８歳,00001,全国市部,1980000000,1980年,人
172819,00700,全域,002,女,059,５８歳,00002,全国郡部,1980000000,1980年,人
28807,00700,全域,002,女,059,５８歳,01000,北海道,1980000000,1980年,人
7864,00700,全域,002,女,059,５８歳,02000,青森県,1980000000,1980年,人
8254,00700,全域,002,女,059,５８歳,03000,岩手県,1980000000,1980年,人
10848,00700,全域,002,女,059,５８歳,04000,宮城県,1980000000,1980年,人
8057,00700,全域,002,女,059,５８歳,05000,秋田県,1980000000,1980年,人
8355,00700,全域,002,女,059,５８歳,06000,山形県,1980000000,1980年,人
12432,00700,全域,002,女,059,５８歳,07000,福島県,1980000000,1980年,人
13479,00700,全域,002,女,059,５８歳,08000,茨城県,1980000000,1980年,人
9982,00700,全域,002,女,059,５８歳,09000,栃木県,1980000000,1980年,人
10261,00700,全域,002,女,059,５８歳,10000,群馬県,1980000000,1980年,人
20419,00700,全域,002,女,059,５８歳,11000,埼玉県,1980000000,1980年,人
18513,00700,全域,002,女,059,５８歳,12000,千葉県,1980000000,1980年,人
53782,00700,全域,002,女,059,５８歳,13000,東京都,1980000000,1980年,人
27510,00700,全域,002,女,059,５８歳,14000,神奈川県,1980000000,1980年,人
15513,00700,全域,002,女,059,５８歳,15000,新潟県,1980000000,1980年,人
6321,00700,全域,002,女,059,５８歳,16000,富山県,1980000000,1980年,人
6193,00700,全域,002,女,059,５８歳,17000,石川県,1980000000,1980年,人
4662,00700,全域,002,女,059,５８歳,18000,福井県,1980000000,1980年,人
4784,00700,全域,002,女,059,５８歳,19000,山梨県,1980000000,1980年,人
13127,00700,全域,002,女,059,５８歳,20000,長野県,1980000000,1980年,人
10250,00700,全域,002,女,059,５８歳,21000,岐阜県,1980000000,1980年,人
17104,00700,全域,002,女,059,５８歳,22000,静岡県,1980000000,1980年,人
26006,00700,全域,002,女,059,５８歳,23000,愛知県,1980000000,1980年,人
9448,00700,全域,002,女,059,５８歳,24000,三重県,1980000000,1980年,人
5555,00700,全域,002,女,059,５８歳,25000,滋賀県,1980000000,1980年,人
12928,00700,全域,002,女,059,５８歳,26000,京都府,1980000000,1980年,人
35756,00700,全域,002,女,059,５８歳,27000,大阪府,1980000000,1980年,人
26197,00700,全域,002,女,059,５８歳,28000,兵庫県,1980000000,1980年,人
5805,00700,全域,002,女,059,５８歳,29000,奈良県,1980000000,1980年,人
6676,00700,全域,002,女,059,５８歳,30000,和歌山県,1980000000,1980年,人
4054,00700,全域,002,女,059,５８歳,31000,鳥取県,1980000000,1980年,人
5419,00700,全域,002,女,059,５８歳,32000,島根県,1980000000,1980年,人
10608,00700,全域,002,女,059,５８歳,33000,岡山県,1980000000,1980年,人
14965,00700,全域,002,女,059,５８歳,34000,広島県,1980000000,1980年,人
10011,00700,全域,002,女,059,５８歳,35000,山口県,1980000000,1980年,人
4888,00700,全域,002,女,059,５８歳,36000,徳島県,1980000000,1980年,人
6162,00700,全域,002,女,059,５８歳,37000,香川県,1980000000,1980年,人
9357,00700,全域,002,女,059,５８歳,38000,愛媛県,1980000000,1980年,人
5648,00700,全域,002,女,059,５８歳,39000,高知県,1980000000,1980年,人
24680,00700,全域,002,女,059,５８歳,40000,福岡県,1980000000,1980年,人
5138,00700,全域,002,女,059,５８歳,41000,佐賀県,1980000000,1980年,人
9745,00700,全域,002,女,059,５８歳,42000,長崎県,1980000000,1980年,人
11306,00700,全域,002,女,059,５８歳,43000,熊本県,1980000000,1980年,人
7656,00700,全域,002,女,059,５８歳,44000,大分県,1980000000,1980年,人
6939,00700,全域,002,女,059,５８歳,45000,宮崎県,1980000000,1980年,人
12641,00700,全域,002,女,059,５８歳,46000,鹿児島県,1980000000,1980年,人
4926,00700,全域,002,女,059,５８歳,47000,沖縄県,1980000000,1980年,人
571865,00700,全域,002,女,060,５９歳,00000,全国,1980000000,1980年,人
406738,00700,全域,002,女,060,５９歳,00001,全国市部,1980000000,1980年,人
165127,00700,全域,002,女,060,５９歳,00002,全国郡部,1980000000,1980年,人
26760,00700,全域,002,女,060,５９歳,01000,北海道,1980000000,1980年,人
7919,00700,全域,002,女,060,５９歳,02000,青森県,1980000000,1980年,人
8066,00700,全域,002,女,060,５９歳,03000,岩手県,1980000000,1980年,人
10383,00700,全域,002,女,060,５９歳,04000,宮城県,1980000000,1980年,人
7560,00700,全域,002,女,060,５９歳,05000,秋田県,1980000000,1980年,人
8064,00700,全域,002,女,060,５９歳,06000,山形県,1980000000,1980年,人
11795,00700,全域,002,女,060,５９歳,07000,福島県,1980000000,1980年,人
12543,00700,全域,002,女,060,５９歳,08000,茨城県,1980000000,1980年,人
9045,00700,全域,002,女,060,５９歳,09000,栃木県,1980000000,1980年,人
9632,00700,全域,002,女,060,５９歳,10000,群馬県,1980000000,1980年,人
19392,00700,全域,002,女,060,５９歳,11000,埼玉県,1980000000,1980年,人
18288,00700,全域,002,女,060,５９歳,12000,千葉県,1980000000,1980年,人
51649,00700,全域,002,女,060,５９歳,13000,東京都,1980000000,1980年,人
26750,00700,全域,002,女,060,５９歳,14000,神奈川県,1980000000,1980年,人
14808,00700,全域,002,女,060,５９歳,15000,新潟県,1980000000,1980年,人
6209,00700,全域,002,女,060,５９歳,16000,富山県,1980000000,1980年,人
6306,00700,全域,002,女,060,５９歳,17000,石川県,1980000000,1980年,人
4643,00700,全域,002,女,060,５９歳,18000,福井県,1980000000,1980年,人
4599,00700,全域,002,女,060,５９歳,19000,山梨県,1980000000,1980年,人
12780,00700,全域,002,女,060,５９歳,20000,長野県,1980000000,1980年,人
9892,00700,全域,002,女,060,５９歳,21000,岐阜県,1980000000,1980年,人
16736,00700,全域,002,女,060,５９歳,22000,静岡県,1980000000,1980年,人
25154,00700,全域,002,女,060,５９歳,23000,愛知県,1980000000,1980年,人
8939,00700,全域,002,女,060,５９歳,24000,三重県,1980000000,1980年,人
5376,00700,全域,002,女,060,５９歳,25000,滋賀県,1980000000,1980年,人
12369,00700,全域,002,女,060,５９歳,26000,京都府,1980000000,1980年,人
34250,00700,全域,002,女,060,５９歳,27000,大阪府,1980000000,1980年,人
24877,00700,全域,002,女,060,５９歳,28000,兵庫県,1980000000,1980年,人
5596,00700,全域,002,女,060,５９歳,29000,奈良県,1980000000,1980年,人
6240,00700,全域,002,女,060,５９歳,30000,和歌山県,1980000000,1980年,人
3955,00700,全域,002,女,060,５９歳,31000,鳥取県,1980000000,1980年,人
5311,00700,全域,002,女,060,５９歳,32000,島根県,1980000000,1980年,人
10460,00700,全域,002,女,060,５９歳,33000,岡山県,1980000000,1980年,人
14436,00700,全域,002,女,060,５９歳,34000,広島県,1980000000,1980年,人
9558,00700,全域,002,女,060,５９歳,35000,山口県,1980000000,1980年,人
4725,00700,全域,002,女,060,５９歳,36000,徳島県,1980000000,1980年,人
5910,00700,全域,002,女,060,５９歳,37000,香川県,1980000000,1980年,人
8884,00700,全域,002,女,060,５９歳,38000,愛媛県,1980000000,1980年,人
5216,00700,全域,002,女,060,５９歳,39000,高知県,1980000000,1980年,人
23056,00700,全域,002,女,060,５９歳,40000,福岡県,1980000000,1980年,人
4921,00700,全域,002,女,060,５９歳,41000,佐賀県,1980000000,1980年,人
9060,00700,全域,002,女,060,５９歳,42000,長崎県,1980000000,1980年,人
10498,00700,全域,002,女,060,５９歳,43000,熊本県,1980000000,1980年,人
7312,00700,全域,002,女,060,５９歳,44000,大分県,1980000000,1980年,人
6350,00700,全域,002,女,060,５９歳,45000,宮崎県,1980000000,1980年,人
11334,00700,全域,002,女,060,５９歳,46000,鹿児島県,1980000000,1980年,人
4259,00700,全域,002,女,060,５９歳,47000,沖縄県,1980000000,1980年,人
592481,00700,全域,002,女,061,６０歳,00000,全国,1980000000,1980年,人
420856,00700,全域,002,女,061,６０歳,00001,全国市部,1980000000,1980年,人
171625,00700,全域,002,女,061,６０歳,00002,全国郡部,1980000000,1980年,人
27523,00700,全域,002,女,061,６０歳,01000,北海道,1980000000,1980年,人
7924,00700,全域,002,女,061,６０歳,02000,青森県,1980000000,1980年,人
8629,00700,全域,002,女,061,６０歳,03000,岩手県,1980000000,1980年,人
10471,00700,全域,002,女,061,６０歳,04000,宮城県,1980000000,1980年,人
8032,00700,全域,002,女,061,６０歳,05000,秋田県,1980000000,1980年,人
8018,00700,全域,002,女,061,６０歳,06000,山形県,1980000000,1980年,人
12005,00700,全域,002,女,061,６０歳,07000,福島県,1980000000,1980年,人
13326,00700,全域,002,女,061,６０歳,08000,茨城県,1980000000,1980年,人
9543,00700,全域,002,女,061,６０歳,09000,栃木県,1980000000,1980年,人
10254,00700,全域,002,女,061,６０歳,10000,群馬県,1980000000,1980年,人
20359,00700,全域,002,女,061,６０歳,11000,埼玉県,1980000000,1980年,人
18867,00700,全域,002,女,061,６０歳,12000,千葉県,1980000000,1980年,人
52752,00700,全域,002,女,061,６０歳,13000,東京都,1980000000,1980年,人
27027,00700,全域,002,女,061,６０歳,14000,神奈川県,1980000000,1980年,人
14962,00700,全域,002,女,061,６０歳,15000,新潟県,1980000000,1980年,人
6582,00700,全域,002,女,061,６０歳,16000,富山県,1980000000,1980年,人
6243,00700,全域,002,女,061,６０歳,17000,石川県,1980000000,1980年,人
4936,00700,全域,002,女,061,６０歳,18000,福井県,1980000000,1980年,人
4972,00700,全域,002,女,061,６０歳,19000,山梨県,1980000000,1980年,人
13407,00700,全域,002,女,061,６０歳,20000,長野県,1980000000,1980年,人
10422,00700,全域,002,女,061,６０歳,21000,岐阜県,1980000000,1980年,人
17196,00700,全域,002,女,061,６０歳,22000,静岡県,1980000000,1980年,人
26646,00700,全域,002,女,061,６０歳,23000,愛知県,1980000000,1980年,人
9284,00700,全域,002,女,061,６０歳,24000,三重県,1980000000,1980年,人
5729,00700,全域,002,女,061,６０歳,25000,滋賀県,1980000000,1980年,人
13203,00700,全域,002,女,061,６０歳,26000,京都府,1980000000,1980年,人
35842,00700,全域,002,女,061,６０歳,27000,大阪府,1980000000,1980年,人
25821,00700,全域,002,女,061,６０歳,28000,兵庫県,1980000000,1980年,人
5995,00700,全域,002,女,061,６０歳,29000,奈良県,1980000000,1980年,人
6523,00700,全域,002,女,061,６０歳,30000,和歌山県,1980000000,1980年,人
3925,00700,全域,002,女,061,６０歳,31000,鳥取県,1980000000,1980年,人
5600,00700,全域,002,女,061,６０歳,32000,島根県,1980000000,1980年,人
10768,00700,全域,002,女,061,６０歳,33000,岡山県,1980000000,1980年,人
14646,00700,全域,002,女,061,６０歳,34000,広島県,1980000000,1980年,人
9622,00700,全域,002,女,061,６０歳,35000,山口県,1980000000,1980年,人
5072,00700,全域,002,女,061,６０歳,36000,徳島県,1980000000,1980年,人
6193,00700,全域,002,女,061,６０歳,37000,香川県,1980000000,1980年,人
8710,00700,全域,002,女,061,６０歳,38000,愛媛県,1980000000,1980年,人
5605,00700,全域,002,女,061,６０歳,39000,高知県,1980000000,1980年,人
23769,00700,全域,002,女,061,６０歳,40000,福岡県,1980000000,1980年,人
5176,00700,全域,002,女,061,６０歳,41000,佐賀県,1980000000,1980年,人
9300,00700,全域,002,女,061,６０歳,42000,長崎県,1980000000,1980年,人
11133,00700,全域,002,女,061,６０歳,43000,熊本県,1980000000,1980年,人
7651,00700,全域,002,女,061,６０歳,44000,大分県,1980000000,1980年,人
6924,00700,全域,002,女,061,６０歳,45000,宮崎県,1980000000,1980年,人
11608,00700,全域,002,女,061,６０歳,46000,鹿児島県,1980000000,1980年,人
4286,00700,全域,002,女,061,６０歳,47000,沖縄県,1980000000,1980年,人
474986,00700,全域,002,女,062,６１歳,00000,全国,1980000000,1980年,人
336813,00700,全域,002,女,062,６１歳,00001,全国市部,1980000000,1980年,人
138173,00700,全域,002,女,062,６１歳,00002,全国郡部,1980000000,1980年,人
22368,00700,全域,002,女,062,６１歳,01000,北海道,1980000000,1980年,人
6002,00700,全域,002,女,062,６１歳,02000,青森県,1980000000,1980年,人
6529,00700,全域,002,女,062,６１歳,03000,岩手県,1980000000,1980年,人
8436,00700,全域,002,女,062,６１歳,04000,宮城県,1980000000,1980年,人
6477,00700,全域,002,女,062,６１歳,05000,秋田県,1980000000,1980年,人
6615,00700,全域,002,女,062,６１歳,06000,山形県,1980000000,1980年,人
9669,00700,全域,002,女,062,６１歳,07000,福島県,1980000000,1980年,人
10714,00700,全域,002,女,062,６１歳,08000,茨城県,1980000000,1980年,人
7532,00700,全域,002,女,062,６１歳,09000,栃木県,1980000000,1980年,人
8243,00700,全域,002,女,062,６１歳,10000,群馬県,1980000000,1980年,人
16726,00700,全域,002,女,062,６１歳,11000,埼玉県,1980000000,1980年,人
15485,00700,全域,002,女,062,６１歳,12000,千葉県,1980000000,1980年,人
43113,00700,全域,002,女,062,６１歳,13000,東京都,1980000000,1980年,人
22354,00700,全域,002,女,062,６１歳,14000,神奈川県,1980000000,1980年,人
12423,00700,全域,002,女,062,６１歳,15000,新潟県,1980000000,1980年,人
5432,00700,全域,002,女,062,６１歳,16000,富山県,1980000000,1980年,人
4962,00700,全域,002,女,062,６１歳,17000,石川県,1980000000,1980年,人
3858,00700,全域,002,女,062,６１歳,18000,福井県,1980000000,1980年,人
3979,00700,全域,002,女,062,６１歳,19000,山梨県,1980000000,1980年,人
10496,00700,全域,002,女,062,６１歳,20000,長野県,1980000000,1980年,人
7982,00700,全域,002,女,062,６１歳,21000,岐阜県,1980000000,1980年,人
14341,00700,全域,002,女,062,６１歳,22000,静岡県,1980000000,1980年,人
21215,00700,全域,002,女,062,６１歳,23000,愛知県,1980000000,1980年,人
7660,00700,全域,002,女,062,６１歳,24000,三重県,1980000000,1980年,人
4603,00700,全域,002,女,062,６１歳,25000,滋賀県,1980000000,1980年,人
10505,00700,全域,002,女,062,６１歳,26000,京都府,1980000000,1980年,人
28020,00700,全域,002,女,062,６１歳,27000,大阪府,1980000000,1980年,人
20030,00700,全域,002,女,062,６１歳,28000,兵庫県,1980000000,1980年,人
4562,00700,全域,002,女,062,６１歳,29000,奈良県,1980000000,1980年,人
5103,00700,全域,002,女,062,６１歳,30000,和歌山県,1980000000,1980年,人
3121,00700,全域,002,女,062,６１歳,31000,鳥取県,1980000000,1980年,人
4452,00700,全域,002,女,062,６１歳,32000,島根県,1980000000,1980年,人
8424,00700,全域,002,女,062,６１歳,33000,岡山県,1980000000,1980年,人
11852,00700,全域,002,女,062,６１歳,34000,広島県,1980000000,1980年,人
7950,00700,全域,002,女,062,６１歳,35000,山口県,1980000000,1980年,人
3869,00700,全域,002,女,062,６１歳,36000,徳島県,1980000000,1980年,人
4598,00700,全域,002,女,062,６１歳,37000,香川県,1980000000,1980年,人
7205,00700,全域,002,女,062,６１歳,38000,愛媛県,1980000000,1980年,人
4014,00700,全域,002,女,062,６１歳,39000,高知県,1980000000,1980年,人
18905,00700,全域,002,女,062,６１歳,40000,福岡県,1980000000,1980年,人
4139,00700,全域,002,女,062,６１歳,41000,佐賀県,1980000000,1980年,人
7560,00700,全域,002,女,062,６１歳,42000,長崎県,1980000000,1980年,人
8717,00700,全域,002,女,062,６１歳,43000,熊本県,1980000000,1980年,人
5784,00700,全域,002,女,062,６１歳,44000,大分県,1980000000,1980年,人
5387,00700,全域,002,女,062,６１歳,45000,宮崎県,1980000000,1980年,人
9964,00700,全域,002,女,062,６１歳,46000,鹿児島県,1980000000,1980年,人
3611,00700,全域,002,女,062,６１歳,47000,沖縄県,1980000000,1980年,人
484638,00700,全域,002,女,063,６２歳,00000,全国,1980000000,1980年,人
341738,00700,全域,002,女,063,６２歳,00001,全国市部,1980000000,1980年,人
142900,00700,全域,002,女,063,６２歳,00002,全国郡部,1980000000,1980年,人
22992,00700,全域,002,女,063,６２歳,01000,北海道,1980000000,1980年,人
6508,00700,全域,002,女,063,６２歳,02000,青森県,1980000000,1980年,人
6799,00700,全域,002,女,063,６２歳,03000,岩手県,1980000000,1980年,人
8543,00700,全域,002,女,063,６２歳,04000,宮城県,1980000000,1980年,人
6330,00700,全域,002,女,063,６２歳,05000,秋田県,1980000000,1980年,人
6487,00700,全域,002,女,063,６２歳,06000,山形県,1980000000,1980年,人
9604,00700,全域,002,女,063,６２歳,07000,福島県,1980000000,1980年,人
11005,00700,全域,002,女,063,６２歳,08000,茨城県,1980000000,1980年,人
7891,00700,全域,002,女,063,６２歳,09000,栃木県,1980000000,1980年,人
8480,00700,全域,002,女,063,６２歳,10000,群馬県,1980000000,1980年,人
16709,00700,全域,002,女,063,６２歳,11000,埼玉県,1980000000,1980年,人
15640,00700,全域,002,女,063,６２歳,12000,千葉県,1980000000,1980年,人
42491,00700,全域,002,女,063,６２歳,13000,東京都,1980000000,1980年,人
22091,00700,全域,002,女,063,６２歳,14000,神奈川県,1980000000,1980年,人
12486,00700,全域,002,女,063,６２歳,15000,新潟県,1980000000,1980年,人
5083,00700,全域,002,女,063,６２歳,16000,富山県,1980000000,1980年,人
5233,00700,全域,002,女,063,６２歳,17000,石川県,1980000000,1980年,人
3761,00700,全域,002,女,063,６２歳,18000,福井県,1980000000,1980年,人
4167,00700,全域,002,女,063,６２歳,19000,山梨県,1980000000,1980年,人
11191,00700,全域,002,女,063,６２歳,20000,長野県,1980000000,1980年,人
8277,00700,全域,002,女,063,６２歳,21000,岐阜県,1980000000,1980年,人
14390,00700,全域,002,女,063,６２歳,22000,静岡県,1980000000,1980年,人
21371,00700,全域,002,女,063,６２歳,23000,愛知県,1980000000,1980年,人
7765,00700,全域,002,女,063,６２歳,24000,三重県,1980000000,1980年,人
4591,00700,全域,002,女,063,６２歳,25000,滋賀県,1980000000,1980年,人
10803,00700,全域,002,女,063,６２歳,26000,京都府,1980000000,1980年,人
28624,00700,全域,002,女,063,６２歳,27000,大阪府,1980000000,1980年,人
20651,00700,全域,002,女,063,６２歳,28000,兵庫県,1980000000,1980年,人
4776,00700,全域,002,女,063,６２歳,29000,奈良県,1980000000,1980年,人
5542,00700,全域,002,女,063,６２歳,30000,和歌山県,1980000000,1980年,人
3307,00700,全域,002,女,063,６２歳,31000,鳥取県,1980000000,1980年,人
4502,00700,全域,002,女,063,６２歳,32000,島根県,1980000000,1980年,人
8596,00700,全域,002,女,063,６２歳,33000,岡山県,1980000000,1980年,人
11810,00700,全域,002,女,063,６２歳,34000,広島県,1980000000,1980年,人
8038,00700,全域,002,女,063,６２歳,35000,山口県,1980000000,1980年,人
4189,00700,全域,002,女,063,６２歳,36000,徳島県,1980000000,1980年,人
4839,00700,全域,002,女,063,６２歳,37000,香川県,1980000000,1980年,人
7585,00700,全域,002,女,063,６２歳,38000,愛媛県,1980000000,1980年,人
4604,00700,全域,002,女,063,６２歳,39000,高知県,1980000000,1980年,人
19407,00700,全域,002,女,063,６２歳,40000,福岡県,1980000000,1980年,人
4217,00700,全域,002,女,063,６２歳,41000,佐賀県,1980000000,1980年,人
7738,00700,全域,002,女,063,６２歳,42000,長崎県,1980000000,1980年,人
9296,00700,全域,002,女,063,６２歳,43000,熊本県,1980000000,1980年,人
6364,00700,全域,002,女,063,６２歳,44000,大分県,1980000000,1980年,人
5583,00700,全域,002,女,063,６２歳,45000,宮崎県,1980000000,1980年,人
10320,00700,全域,002,女,063,６２歳,46000,鹿児島県,1980000000,1980年,人
3962,00700,全域,002,女,063,６２歳,47000,沖縄県,1980000000,1980年,人
482395,00700,全域,002,女,064,６３歳,00000,全国,1980000000,1980年,人
338943,00700,全域,002,女,064,６３歳,00001,全国市部,1980000000,1980年,人
143452,00700,全域,002,女,064,６３歳,00002,全国郡部,1980000000,1980年,人
21728,00700,全域,002,女,064,６３歳,01000,北海道,1980000000,1980年,人
6564,00700,全域,002,女,064,６３歳,02000,青森県,1980000000,1980年,人
6983,00700,全域,002,女,064,６３歳,03000,岩手県,1980000000,1980年,人
8693,00700,全域,002,女,064,６３歳,04000,宮城県,1980000000,1980年,人
6158,00700,全域,002,女,064,６３歳,05000,秋田県,1980000000,1980年,人
6384,00700,全域,002,女,064,６３歳,06000,山形県,1980000000,1980年,人
9709,00700,全域,002,女,064,６３歳,07000,福島県,1980000000,1980年,人
10949,00700,全域,002,女,064,６３歳,08000,茨城県,1980000000,1980年,人
8156,00700,全域,002,女,064,６３歳,09000,栃木県,1980000000,1980年,人
8426,00700,全域,002,女,064,６３歳,10000,群馬県,1980000000,1980年,人
16745,00700,全域,002,女,064,６３歳,11000,埼玉県,1980000000,1980年,人
15312,00700,全域,002,女,064,６３歳,12000,千葉県,1980000000,1980年,人
41594,00700,全域,002,女,064,６３歳,13000,東京都,1980000000,1980年,人
21636,00700,全域,002,女,064,６３歳,14000,神奈川県,1980000000,1980年,人
11949,00700,全域,002,女,064,６３歳,15000,新潟県,1980000000,1980年,人
5440,00700,全域,002,女,064,６３歳,16000,富山県,1980000000,1980年,人
5194,00700,全域,002,女,064,６３歳,17000,石川県,1980000000,1980年,人
3980,00700,全域,002,女,064,６３歳,18000,福井県,1980000000,1980年,人
4092,00700,全域,002,女,064,６３歳,19000,山梨県,1980000000,1980年,人
10771,00700,全域,002,女,064,６３歳,20000,長野県,1980000000,1980年,人
8468,00700,全域,002,女,064,６３歳,21000,岐阜県,1980000000,1980年,人
13681,00700,全域,002,女,064,６３歳,22000,静岡県,1980000000,1980年,人
21449,00700,全域,002,女,064,６３歳,23000,愛知県,1980000000,1980年,人
7821,00700,全域,002,女,064,６３歳,24000,三重県,1980000000,1980年,人
4762,00700,全域,002,女,064,６３歳,25000,滋賀県,1980000000,1980年,人
11036,00700,全域,002,女,064,６３歳,26000,京都府,1980000000,1980年,人
29008,00700,全域,002,女,064,６３歳,27000,大阪府,1980000000,1980年,人
20991,00700,全域,002,女,064,６３歳,28000,兵庫県,1980000000,1980年,人
5022,00700,全域,002,女,064,６３歳,29000,奈良県,1980000000,1980年,人
5306,00700,全域,002,女,064,６３歳,30000,和歌山県,1980000000,1980年,人
3272,00700,全域,002,女,064,６３歳,31000,鳥取県,1980000000,1980年,人
4339,00700,全域,002,女,064,６３歳,32000,島根県,1980000000,1980年,人
9172,00700,全域,002,女,064,６３歳,33000,岡山県,1980000000,1980年,人
12045,00700,全域,002,女,064,６３歳,34000,広島県,1980000000,1980年,人
7882,00700,全域,002,女,064,６３歳,35000,山口県,1980000000,1980年,人
4191,00700,全域,002,女,064,６３歳,36000,徳島県,1980000000,1980年,人
5002,00700,全域,002,女,064,６３歳,37000,香川県,1980000000,1980年,人
7271,00700,全域,002,女,064,６３歳,38000,愛媛県,1980000000,1980年,人
4531,00700,全域,002,女,064,６３歳,39000,高知県,1980000000,1980年,人
19233,00700,全域,002,女,064,６３歳,40000,福岡県,1980000000,1980年,人
4272,00700,全域,002,女,064,６３歳,41000,佐賀県,1980000000,1980年,人
7605,00700,全域,002,女,064,６３歳,42000,長崎県,1980000000,1980年,人
9237,00700,全域,002,女,064,６３歳,43000,熊本県,1980000000,1980年,人
6130,00700,全域,002,女,064,６３歳,44000,大分県,1980000000,1980年,人
5496,00700,全域,002,女,064,６３歳,45000,宮崎県,1980000000,1980年,人
10408,00700,全域,002,女,064,６３歳,46000,鹿児島県,1980000000,1980年,人
4302,00700,全域,002,女,064,６３歳,47000,沖縄県,1980000000,1980年,人
484817,00700,全域,002,女,065,６４歳,00000,全国,1980000000,1980年,人
340243,00700,全域,002,女,065,６４歳,00001,全国市部,1980000000,1980年,人
144574,00700,全域,002,女,065,６４歳,00002,全国郡部,1980000000,1980年,人
21721,00700,全域,002,女,065,６４歳,01000,北海道,1980000000,1980年,人
6449,00700,全域,002,女,065,６４歳,02000,青森県,1980000000,1980年,人
6830,00700,全域,002,女,065,６４歳,03000,岩手県,1980000000,1980年,人
8610,00700,全域,002,女,065,６４歳,04000,宮城県,1980000000,1980年,人
6561,00700,全域,002,女,065,６４歳,05000,秋田県,1980000000,1980年,人
6489,00700,全域,002,女,065,６４歳,06000,山形県,1980000000,1980年,人
9862,00700,全域,002,女,065,６４歳,07000,福島県,1980000000,1980年,人
10848,00700,全域,002,女,065,６４歳,08000,茨城県,1980000000,1980年,人
7910,00700,全域,002,女,065,６４歳,09000,栃木県,1980000000,1980年,人
8353,00700,全域,002,女,065,６４歳,10000,群馬県,1980000000,1980年,人
16558,00700,全域,002,女,065,６４歳,11000,埼玉県,1980000000,1980年,人
15444,00700,全域,002,女,065,６４歳,12000,千葉県,1980000000,1980年,人
41454,00700,全域,002,女,065,６４歳,13000,東京都,1980000000,1980年,人
21514,00700,全域,002,女,065,６４歳,14000,神奈川県,1980000000,1980年,人
12269,00700,全域,002,女,065,６４歳,15000,新潟県,1980000000,1980年,人
5640,00700,全域,002,女,065,６４歳,16000,富山県,1980000000,1980年,人
5358,00700,全域,002,女,065,６４歳,17000,石川県,1980000000,1980年,人
4092,00700,全域,002,女,065,６４歳,18000,福井県,1980000000,1980年,人
4072,00700,全域,002,女,065,６４歳,19000,山梨県,1980000000,1980年,人
11094,00700,全域,002,女,065,６４歳,20000,長野県,1980000000,1980年,人
8474,00700,全域,002,女,065,６４歳,21000,岐阜県,1980000000,1980年,人
14156,00700,全域,002,女,065,６４歳,22000,静岡県,1980000000,1980年,人
21797,00700,全域,002,女,065,６４歳,23000,愛知県,1980000000,1980年,人
7905,00700,全域,002,女,065,６４歳,24000,三重県,1980000000,1980年,人
4955,00700,全域,002,女,065,６４歳,25000,滋賀県,1980000000,1980年,人
11288,00700,全域,002,女,065,６４歳,26000,京都府,1980000000,1980年,人
29193,00700,全域,002,女,065,６４歳,27000,大阪府,1980000000,1980年,人
21149,00700,全域,002,女,065,６４歳,28000,兵庫県,1980000000,1980年,人
5183,00700,全域,002,女,065,６４歳,29000,奈良県,1980000000,1980年,人
5563,00700,全域,002,女,065,６４歳,30000,和歌山県,1980000000,1980年,人
3271,00700,全域,002,女,065,６４歳,31000,鳥取県,1980000000,1980年,人
4576,00700,全域,002,女,065,６４歳,32000,島根県,1980000000,1980年,人
8986,00700,全域,002,女,065,６４歳,33000,岡山県,1980000000,1980年,人
12280,00700,全域,002,女,065,６４歳,34000,広島県,1980000000,1980年,人
8283,00700,全域,002,女,065,６４歳,35000,山口県,1980000000,1980年,人
4259,00700,全域,002,女,065,６４歳,36000,徳島県,1980000000,1980年,人
5188,00700,全域,002,女,065,６４歳,37000,香川県,1980000000,1980年,人
7248,00700,全域,002,女,065,６４歳,38000,愛媛県,1980000000,1980年,人
4537,00700,全域,002,女,065,６４歳,39000,高知県,1980000000,1980年,人
19243,00700,全域,002,女,065,６４歳,40000,福岡県,1980000000,1980年,人
4404,00700,全域,002,女,065,６４歳,41000,佐賀県,1980000000,1980年,人
7621,00700,全域,002,女,065,６４歳,42000,長崎県,1980000000,1980年,人
8940,00700,全域,002,女,065,６４歳,43000,熊本県,1980000000,1980年,人
6160,00700,全域,002,女,065,６４歳,44000,大分県,1980000000,1980年,人
5436,00700,全域,002,女,065,６４歳,45000,宮崎県,1980000000,1980年,人
9948,00700,全域,002,女,065,６４歳,46000,鹿児島県,1980000000,1980年,人
3646,00700,全域,002,女,065,６４歳,47000,沖縄県,1980000000,1980年,人
463807,00700,全域,002,女,066,６５歳,00000,全国,1980000000,1980年,人
326467,00700,全域,002,女,066,６５歳,00001,全国市部,1980000000,1980年,人
137340,00700,全域,002,女,066,６５歳,00002,全国郡部,1980000000,1980年,人
19860,00700,全域,002,女,066,６５歳,01000,北海道,1980000000,1980年,人
5840,00700,全域,002,女,066,６５歳,02000,青森県,1980000000,1980年,人
6185,00700,全域,002,女,066,６５歳,03000,岩手県,1980000000,1980年,人
8087,00700,全域,002,女,066,６５歳,04000,宮城県,1980000000,1980年,人
5997,00700,全域,002,女,066,６５歳,05000,秋田県,1980000000,1980年,人
6669,00700,全域,002,女,066,６５歳,06000,山形県,1980000000,1980年,人
9205,00700,全域,002,女,066,６５歳,07000,福島県,1980000000,1980年,人
10450,00700,全域,002,女,066,６５歳,08000,茨城県,1980000000,1980年,人
7599,00700,全域,002,女,066,６５歳,09000,栃木県,1980000000,1980年,人
7977,00700,全域,002,女,066,６５歳,10000,群馬県,1980000000,1980年,人
16363,00700,全域,002,女,066,６５歳,11000,埼玉県,1980000000,1980年,人
15207,00700,全域,002,女,066,６５歳,12000,千葉県,1980000000,1980年,人
40233,00700,全域,002,女,066,６５歳,13000,東京都,1980000000,1980年,人
20716,00700,全域,002,女,066,６５歳,14000,神奈川県,1980000000,1980年,人
11926,00700,全域,002,女,066,６５歳,15000,新潟県,1980000000,1980年,人
5509,00700,全域,002,女,066,６５歳,16000,富山県,1980000000,1980年,人
5252,00700,全域,002,女,066,６５歳,17000,石川県,1980000000,1980年,人
3926,00700,全域,002,女,066,６５歳,18000,福井県,1980000000,1980年,人
3857,00700,全域,002,女,066,６５歳,19000,山梨県,1980000000,1980年,人
10289,00700,全域,002,女,066,６５歳,20000,長野県,1980000000,1980年,人
8107,00700,全域,002,女,066,６５歳,21000,岐阜県,1980000000,1980年,人
13517,00700,全域,002,女,066,６５歳,22000,静岡県,1980000000,1980年,人
20896,00700,全域,002,女,066,６５歳,23000,愛知県,1980000000,1980年,人
7746,00700,全域,002,女,066,６５歳,24000,三重県,1980000000,1980年,人
4735,00700,全域,002,女,066,６５歳,25000,滋賀県,1980000000,1980年,人
10883,00700,全域,002,女,066,６５歳,26000,京都府,1980000000,1980年,人
28141,00700,全域,002,女,066,６５歳,27000,大阪府,1980000000,1980年,人
20354,00700,全域,002,女,066,６５歳,28000,兵庫県,1980000000,1980年,人
4813,00700,全域,002,女,066,６５歳,29000,奈良県,1980000000,1980年,人
5211,00700,全域,002,女,066,６５歳,30000,和歌山県,1980000000,1980年,人
3087,00700,全域,002,女,066,６５歳,31000,鳥取県,1980000000,1980年,人
4416,00700,全域,002,女,066,６５歳,32000,島根県,1980000000,1980年,人
8552,00700,全域,002,女,066,６５歳,33000,岡山県,1980000000,1980年,人
11440,00700,全域,002,女,066,６５歳,34000,広島県,1980000000,1980年,人
7660,00700,全域,002,女,066,６５歳,35000,山口県,1980000000,1980年,人
4104,00700,全域,002,女,066,６５歳,36000,徳島県,1980000000,1980年,人
4787,00700,全域,002,女,066,６５歳,37000,香川県,1980000000,1980年,人
7165,00700,全域,002,女,066,６５歳,38000,愛媛県,1980000000,1980年,人
4244,00700,全域,002,女,066,６５歳,39000,高知県,1980000000,1980年,人
18408,00700,全域,002,女,066,６５歳,40000,福岡県,1980000000,1980年,人
4186,00700,全域,002,女,066,６５歳,41000,佐賀県,1980000000,1980年,人
6933,00700,全域,002,女,066,６５歳,42000,長崎県,1980000000,1980年,人
8585,00700,全域,002,女,066,６５歳,43000,熊本県,1980000000,1980年,人
6076,00700,全域,002,女,066,６５歳,44000,大分県,1980000000,1980年,人
5340,00700,全域,002,女,066,６５歳,45000,宮崎県,1980000000,1980年,人
9695,00700,全域,002,女,066,６５歳,46000,鹿児島県,1980000000,1980年,人
3579,00700,全域,002,女,066,６５歳,47000,沖縄県,1980000000,1980年,人
465072,00700,全域,002,女,067,６６歳,00000,全国,1980000000,1980年,人
326365,00700,全域,002,女,067,６６歳,00001,全国市部,1980000000,1980年,人
138707,00700,全域,002,女,067,６６歳,00002,全国郡部,1980000000,1980年,人
19313,00700,全域,002,女,067,６６歳,01000,北海道,1980000000,1980年,人
5903,00700,全域,002,女,067,６６歳,02000,青森県,1980000000,1980年,人
5973,00700,全域,002,女,067,６６歳,03000,岩手県,1980000000,1980年,人
7948,00700,全域,002,女,067,６６歳,04000,宮城県,1980000000,1980年,人
5731,00700,全域,002,女,067,６６歳,05000,秋田県,1980000000,1980年,人
6057,00700,全域,002,女,067,６６歳,06000,山形県,1980000000,1980年,人
9349,00700,全域,002,女,067,６６歳,07000,福島県,1980000000,1980年,人
10784,00700,全域,002,女,067,６６歳,08000,茨城県,1980000000,1980年,人
7574,00700,全域,002,女,067,６６歳,09000,栃木県,1980000000,1980年,人
8212,00700,全域,002,女,067,６６歳,10000,群馬県,1980000000,1980年,人
16096,00700,全域,002,女,067,６６歳,11000,埼玉県,1980000000,1980年,人
15089,00700,全域,002,女,067,６６歳,12000,千葉県,1980000000,1980年,人
39738,00700,全域,002,女,067,６６歳,13000,東京都,1980000000,1980年,人
20559,00700,全域,002,女,067,６６歳,14000,神奈川県,1980000000,1980年,人
11821,00700,全域,002,女,067,６６歳,15000,新潟県,1980000000,1980年,人
5560,00700,全域,002,女,067,６６歳,16000,富山県,1980000000,1980年,人
5272,00700,全域,002,女,067,６６歳,17000,石川県,1980000000,1980年,人
3862,00700,全域,002,女,067,６６歳,18000,福井県,1980000000,1980年,人
3995,00700,全域,002,女,067,６６歳,19000,山梨県,1980000000,1980年,人
10757,00700,全域,002,女,067,６６歳,20000,長野県,1980000000,1980年,人
8180,00700,全域,002,女,067,６６歳,21000,岐阜県,1980000000,1980年,人
13756,00700,全域,002,女,067,６６歳,22000,静岡県,1980000000,1980年,人
21142,00700,全域,002,女,067,６６歳,23000,愛知県,1980000000,1980年,人
8063,00700,全域,002,女,067,６６歳,24000,三重県,1980000000,1980年,人
4816,00700,全域,002,女,067,６６歳,25000,滋賀県,1980000000,1980年,人
10875,00700,全域,002,女,067,６６歳,26000,京都府,1980000000,1980年,人
28147,00700,全域,002,女,067,６６歳,27000,大阪府,1980000000,1980年,人
20405,00700,全域,002,女,067,６６歳,28000,兵庫県,1980000000,1980年,人
4998,00700,全域,002,女,067,６６歳,29000,奈良県,1980000000,1980年,人
5491,00700,全域,002,女,067,６６歳,30000,和歌山県,1980000000,1980年,人
3024,00700,全域,002,女,067,６６歳,31000,鳥取県,1980000000,1980年,人
4397,00700,全域,002,女,067,６６歳,32000,島根県,1980000000,1980年,人
8969,00700,全域,002,女,067,６６歳,33000,岡山県,1980000000,1980年,人
11979,00700,全域,002,女,067,６６歳,34000,広島県,1980000000,1980年,人
7904,00700,全域,002,女,067,６６歳,35000,山口県,1980000000,1980年,人
4134,00700,全域,002,女,067,６６歳,36000,徳島県,1980000000,1980年,人
5075,00700,全域,002,女,067,６６歳,37000,香川県,1980000000,1980年,人
7168,00700,全域,002,女,067,６６歳,38000,愛媛県,1980000000,1980年,人
4307,00700,全域,002,女,067,６６歳,39000,高知県,1980000000,1980年,人
18153,00700,全域,002,女,067,６６歳,40000,福岡県,1980000000,1980年,人
4185,00700,全域,002,女,067,６６歳,41000,佐賀県,1980000000,1980年,人
7050,00700,全域,002,女,067,６６歳,42000,長崎県,1980000000,1980年,人
8601,00700,全域,002,女,067,６６歳,43000,熊本県,1980000000,1980年,人
5977,00700,全域,002,女,067,６６歳,44000,大分県,1980000000,1980年,人
5211,00700,全域,002,女,067,６６歳,45000,宮崎県,1980000000,1980年,人
9605,00700,全域,002,女,067,６６歳,46000,鹿児島県,1980000000,1980年,人
3867,00700,全域,002,女,067,６６歳,47000,沖縄県,1980000000,1980年,人
445148,00700,全域,002,女,068,６７歳,00000,全国,1980000000,1980年,人
311600,00700,全域,002,女,068,６７歳,00001,全国市部,1980000000,1980年,人
133548,00700,全域,002,女,068,６７歳,00002,全国郡部,1980000000,1980年,人
18864,00700,全域,002,女,068,６７歳,01000,北海道,1980000000,1980年,人
5828,00700,全域,002,女,068,６７歳,02000,青森県,1980000000,1980年,人
6156,00700,全域,002,女,068,６７歳,03000,岩手県,1980000000,1980年,人
7989,00700,全域,002,女,068,６７歳,04000,宮城県,1980000000,1980年,人
5627,00700,全域,002,女,068,６７歳,05000,秋田県,1980000000,1980年,人
6037,00700,全域,002,女,068,６７歳,06000,山形県,1980000000,1980年,人
8685,00700,全域,002,女,068,６７歳,07000,福島県,1980000000,1980年,人
10009,00700,全域,002,女,068,６７歳,08000,茨城県,1980000000,1980年,人
6900,00700,全域,002,女,068,６７歳,09000,栃木県,1980000000,1980年,人
7546,00700,全域,002,女,068,６７歳,10000,群馬県,1980000000,1980年,人
15087,00700,全域,002,女,068,６７歳,11000,埼玉県,1980000000,1980年,人
14305,00700,全域,002,女,068,６７歳,12000,千葉県,1980000000,1980年,人
37504,00700,全域,002,女,068,６７歳,13000,東京都,1980000000,1980年,人
19401,00700,全域,002,女,068,６７歳,14000,神奈川県,1980000000,1980年,人
11419,00700,全域,002,女,068,６７歳,15000,新潟県,1980000000,1980年,人
5297,00700,全域,002,女,068,６７歳,16000,富山県,1980000000,1980年,人
5141,00700,全域,002,女,068,６７歳,17000,石川県,1980000000,1980年,人
3820,00700,全域,002,女,068,６７歳,18000,福井県,1980000000,1980年,人
3846,00700,全域,002,女,068,６７歳,19000,山梨県,1980000000,1980年,人
10035,00700,全域,002,女,068,６７歳,20000,長野県,1980000000,1980年,人
7778,00700,全域,002,女,068,６７歳,21000,岐阜県,1980000000,1980年,人
12800,00700,全域,002,女,068,６７歳,22000,静岡県,1980000000,1980年,人
20399,00700,全域,002,女,068,６７歳,23000,愛知県,1980000000,1980年,人
7696,00700,全域,002,女,068,６７歳,24000,三重県,1980000000,1980年,人
4608,00700,全域,002,女,068,６７歳,25000,滋賀県,1980000000,1980年,人
10653,00700,全域,002,女,068,６７歳,26000,京都府,1980000000,1980年,人
27290,00700,全域,002,女,068,６７歳,27000,大阪府,1980000000,1980年,人
20023,00700,全域,002,女,068,６７歳,28000,兵庫県,1980000000,1980年,人
4728,00700,全域,002,女,068,６７歳,29000,奈良県,1980000000,1980年,人
5309,00700,全域,002,女,068,６７歳,30000,和歌山県,1980000000,1980年,人
2964,00700,全域,002,女,068,６７歳,31000,鳥取県,1980000000,1980年,人
4147,00700,全域,002,女,068,６７歳,32000,島根県,1980000000,1980年,人
8741,00700,全域,002,女,068,６７歳,33000,岡山県,1980000000,1980年,人
11080,00700,全域,002,女,068,６７歳,34000,広島県,1980000000,1980年,人
7413,00700,全域,002,女,068,６７歳,35000,山口県,1980000000,1980年,人
4100,00700,全域,002,女,068,６７歳,36000,徳島県,1980000000,1980年,人
4917,00700,全域,002,女,068,６７歳,37000,香川県,1980000000,1980年,人
6944,00700,全域,002,女,068,６７歳,38000,愛媛県,1980000000,1980年,人
4150,00700,全域,002,女,068,６７歳,39000,高知県,1980000000,1980年,人
17674,00700,全域,002,女,068,６７歳,40000,福岡県,1980000000,1980年,人
4116,00700,全域,002,女,068,６７歳,41000,佐賀県,1980000000,1980年,人
6928,00700,全域,002,女,068,６７歳,42000,長崎県,1980000000,1980年,人
8073,00700,全域,002,女,068,６７歳,43000,熊本県,1980000000,1980年,人
5856,00700,全域,002,女,068,６７歳,44000,大分県,1980000000,1980年,人
4858,00700,全域,002,女,068,６７歳,45000,宮崎県,1980000000,1980年,人
8957,00700,全域,002,女,068,６７歳,46000,鹿児島県,1980000000,1980年,人
3450,00700,全域,002,女,068,６７歳,47000,沖縄県,1980000000,1980年,人
434964,00700,全域,002,女,069,６８歳,00000,全国,1980000000,1980年,人
303553,00700,全域,002,女,069,６８歳,00001,全国市部,1980000000,1980年,人
131411,00700,全域,002,女,069,６８歳,00002,全国郡部,1980000000,1980年,人
18390,00700,全域,002,女,069,６８歳,01000,北海道,1980000000,1980年,人
5641,00700,全域,002,女,069,６８歳,02000,青森県,1980000000,1980年,人
5809,00700,全域,002,女,069,６８歳,03000,岩手県,1980000000,1980年,人
7499,00700,全域,002,女,069,６８歳,04000,宮城県,1980000000,1980年,人
5626,00700,全域,002,女,069,６８歳,05000,秋田県,1980000000,1980年,人
6008,00700,全域,002,女,069,６８歳,06000,山形県,1980000000,1980年,人
8551,00700,全域,002,女,069,６８歳,07000,福島県,1980000000,1980年,人
9606,00700,全域,002,女,069,６８歳,08000,茨城県,1980000000,1980年,人
6647,00700,全域,002,女,069,６８歳,09000,栃木県,1980000000,1980年,人
7390,00700,全域,002,女,069,６８歳,10000,群馬県,1980000000,1980年,人
14439,00700,全域,002,女,069,６８歳,11000,埼玉県,1980000000,1980年,人
13727,00700,全域,002,女,069,６８歳,12000,千葉県,1980000000,1980年,人
36366,00700,全域,002,女,069,６８歳,13000,東京都,1980000000,1980年,人
18068,00700,全域,002,女,069,６８歳,14000,神奈川県,1980000000,1980年,人
11374,00700,全域,002,女,069,６８歳,15000,新潟県,1980000000,1980年,人
5244,00700,全域,002,女,069,６８歳,16000,富山県,1980000000,1980年,人
4898,00700,全域,002,女,069,６８歳,17000,石川県,1980000000,1980年,人
3780,00700,全域,002,女,069,６８歳,18000,福井県,1980000000,1980年,人
3601,00700,全域,002,女,069,６８歳,19000,山梨県,1980000000,1980年,人
10170,00700,全域,002,女,069,６８歳,20000,長野県,1980000000,1980年,人
7692,00700,全域,002,女,069,６８歳,21000,岐阜県,1980000000,1980年,人
12500,00700,全域,002,女,069,６８歳,22000,静岡県,1980000000,1980年,人
19169,00700,全域,002,女,069,６８歳,23000,愛知県,1980000000,1980年,人
7560,00700,全域,002,女,069,６８歳,24000,三重県,1980000000,1980年,人
4366,00700,全域,002,女,069,６８歳,25000,滋賀県,1980000000,1980年,人
10955,00700,全域,002,女,069,６８歳,26000,京都府,1980000000,1980年,人
26982,00700,全域,002,女,069,６８歳,27000,大阪府,1980000000,1980年,人
19404,00700,全域,002,女,069,６８歳,28000,兵庫県,1980000000,1980年,人
4809,00700,全域,002,女,069,６８歳,29000,奈良県,1980000000,1980年,人
5186,00700,全域,002,女,069,６８歳,30000,和歌山県,1980000000,1980年,人
2990,00700,全域,002,女,069,６８歳,31000,鳥取県,1980000000,1980年,人
4120,00700,全域,002,女,069,６８歳,32000,島根県,1980000000,1980年,人
8565,00700,全域,002,女,069,６８歳,33000,岡山県,1980000000,1980年,人
11275,00700,全域,002,女,069,６８歳,34000,広島県,1980000000,1980年,人
7449,00700,全域,002,女,069,６８歳,35000,山口県,1980000000,1980年,人
4065,00700,全域,002,女,069,６８歳,36000,徳島県,1980000000,1980年,人
4868,00700,全域,002,女,069,６８歳,37000,香川県,1980000000,1980年,人
6632,00700,全域,002,女,069,６８歳,38000,愛媛県,1980000000,1980年,人
4146,00700,全域,002,女,069,６８歳,39000,高知県,1980000000,1980年,人
17669,00700,全域,002,女,069,６８歳,40000,福岡県,1980000000,1980年,人
4151,00700,全域,002,女,069,６８歳,41000,佐賀県,1980000000,1980年,人
6751,00700,全域,002,女,069,６８歳,42000,長崎県,1980000000,1980年,人
8126,00700,全域,002,女,069,６８歳,43000,熊本県,1980000000,1980年,人
5879,00700,全域,002,女,069,６８歳,44000,大分県,1980000000,1980年,人
4820,00700,全域,002,女,069,６８歳,45000,宮崎県,1980000000,1980年,人
9006,00700,全域,002,女,069,６８歳,46000,鹿児島県,1980000000,1980年,人
2995,00700,全域,002,女,069,６８歳,47000,沖縄県,1980000000,1980年,人
412031,00700,全域,002,女,070,６９歳,00000,全国,1980000000,1980年,人
286291,00700,全域,002,女,070,６９歳,00001,全国市部,1980000000,1980年,人
125740,00700,全域,002,女,070,６９歳,00002,全国郡部,1980000000,1980年,人
17733,00700,全域,002,女,070,６９歳,01000,北海道,1980000000,1980年,人
5442,00700,全域,002,女,070,６９歳,02000,青森県,1980000000,1980年,人
5957,00700,全域,002,女,070,６９歳,03000,岩手県,1980000000,1980年,人
7144,00700,全域,002,女,070,６９歳,04000,宮城県,1980000000,1980年,人
5370,00700,全域,002,女,070,６９歳,05000,秋田県,1980000000,1980年,人
5829,00700,全域,002,女,070,６９歳,06000,山形県,1980000000,1980年,人
8479,00700,全域,002,女,070,６９歳,07000,福島県,1980000000,1980年,人
9119,00700,全域,002,女,070,６９歳,08000,茨城県,1980000000,1980年,人
6581,00700,全域,002,女,070,６９歳,09000,栃木県,1980000000,1980年,人
7117,00700,全域,002,女,070,６９歳,10000,群馬県,1980000000,1980年,人
13138,00700,全域,002,女,070,６９歳,11000,埼玉県,1980000000,1980年,人
12940,00700,全域,002,女,070,６９歳,12000,千葉県,1980000000,1980年,人
34196,00700,全域,002,女,070,６９歳,13000,東京都,1980000000,1980年,人
17103,00700,全域,002,女,070,６９歳,14000,神奈川県,1980000000,1980年,人
11374,00700,全域,002,女,070,６９歳,15000,新潟県,1980000000,1980年,人
4934,00700,全域,002,女,070,６９歳,16000,富山県,1980000000,1980年,人
4685,00700,全域,002,女,070,６９歳,17000,石川県,1980000000,1980年,人
3531,00700,全域,002,女,070,６９歳,18000,福井県,1980000000,1980年,人
3538,00700,全域,002,女,070,６９歳,19000,山梨県,1980000000,1980年,人
9684,00700,全域,002,女,070,６９歳,20000,長野県,1980000000,1980年,人
7396,00700,全域,002,女,070,６９歳,21000,岐阜県,1980000000,1980年,人
11948,00700,全域,002,女,070,６９歳,22000,静岡県,1980000000,1980年,人
18453,00700,全域,002,女,070,６９歳,23000,愛知県,1980000000,1980年,人
7042,00700,全域,002,女,070,６９歳,24000,三重県,1980000000,1980年,人
4327,00700,全域,002,女,070,６９歳,25000,滋賀県,1980000000,1980年,人
10231,00700,全域,002,女,070,６９歳,26000,京都府,1980000000,1980年,人
25150,00700,全域,002,女,070,６９歳,27000,大阪府,1980000000,1980年,人
18308,00700,全域,002,女,070,６９歳,28000,兵庫県,1980000000,1980年,人
4388,00700,全域,002,女,070,６９歳,29000,奈良県,1980000000,1980年,人
4895,00700,全域,002,女,070,６９歳,30000,和歌山県,1980000000,1980年,人
2849,00700,全域,002,女,070,６９歳,31000,鳥取県,1980000000,1980年,人
3863,00700,全域,002,女,070,６９歳,32000,島根県,1980000000,1980年,人
8124,00700,全域,002,女,070,６９歳,33000,岡山県,1980000000,1980年,人
10314,00700,全域,002,女,070,６９歳,34000,広島県,1980000000,1980年,人
6858,00700,全域,002,女,070,６９歳,35000,山口県,1980000000,1980年,人
3679,00700,全域,002,女,070,６９歳,36000,徳島県,1980000000,1980年,人
4360,00700,全域,002,女,070,６９歳,37000,香川県,1980000000,1980年,人
6362,00700,全域,002,女,070,６９歳,38000,愛媛県,1980000000,1980年,人
4020,00700,全域,002,女,070,６９歳,39000,高知県,1980000000,1980年,人
16466,00700,全域,002,女,070,６９歳,40000,福岡県,1980000000,1980年,人
4013,00700,全域,002,女,070,６９歳,41000,佐賀県,1980000000,1980年,人
6368,00700,全域,002,女,070,６９歳,42000,長崎県,1980000000,1980年,人
7454,00700,全域,002,女,070,６９歳,43000,熊本県,1980000000,1980年,人
5407,00700,全域,002,女,070,６９歳,44000,大分県,1980000000,1980年,人
4511,00700,全域,002,女,070,６９歳,45000,宮崎県,1980000000,1980年,人
8535,00700,全域,002,女,070,６９歳,46000,鹿児島県,1980000000,1980年,人
2816,00700,全域,002,女,070,６９歳,47000,沖縄県,1980000000,1980年,人
394769,00700,全域,002,女,071,７０歳,00000,全国,1980000000,1980年,人
274614,00700,全域,002,女,071,７０歳,00001,全国市部,1980000000,1980年,人
120155,00700,全域,002,女,071,７０歳,00002,全国郡部,1980000000,1980年,人
16101,00700,全域,002,女,071,７０歳,01000,北海道,1980000000,1980年,人
5265,00700,全域,002,女,071,７０歳,02000,青森県,1980000000,1980年,人
5314,00700,全域,002,女,071,７０歳,03000,岩手県,1980000000,1980年,人
6834,00700,全域,002,女,071,７０歳,04000,宮城県,1980000000,1980年,人
5012,00700,全域,002,女,071,７０歳,05000,秋田県,1980000000,1980年,人
5314,00700,全域,002,女,071,７０歳,06000,山形県,1980000000,1980年,人
7697,00700,全域,002,女,071,７０歳,07000,福島県,1980000000,1980年,人
8609,00700,全域,002,女,071,７０歳,08000,茨城県,1980000000,1980年,人
5814,00700,全域,002,女,071,７０歳,09000,栃木県,1980000000,1980年,人
6558,00700,全域,002,女,071,７０歳,10000,群馬県,1980000000,1980年,人
12626,00700,全域,002,女,071,７０歳,11000,埼玉県,1980000000,1980年,人
12380,00700,全域,002,女,071,７０歳,12000,千葉県,1980000000,1980年,人
32977,00700,全域,002,女,071,７０歳,13000,東京都,1980000000,1980年,人
16230,00700,全域,002,女,071,７０歳,14000,神奈川県,1980000000,1980年,人
10791,00700,全域,002,女,071,７０歳,15000,新潟県,1980000000,1980年,人
4827,00700,全域,002,女,071,７０歳,16000,富山県,1980000000,1980年,人
4597,00700,全域,002,女,071,７０歳,17000,石川県,1980000000,1980年,人
3477,00700,全域,002,女,071,７０歳,18000,福井県,1980000000,1980年,人
3446,00700,全域,002,女,071,７０歳,19000,山梨県,1980000000,1980年,人
9260,00700,全域,002,女,071,７０歳,20000,長野県,1980000000,1980年,人
7038,00700,全域,002,女,071,７０歳,21000,岐阜県,1980000000,1980年,人
11562,00700,全域,002,女,071,７０歳,22000,静岡県,1980000000,1980年,人
17559,00700,全域,002,女,071,７０歳,23000,愛知県,1980000000,1980年,人
7065,00700,全域,002,女,071,７０歳,24000,三重県,1980000000,1980年,人
4047,00700,全域,002,女,071,７０歳,25000,滋賀県,1980000000,1980年,人
9964,00700,全域,002,女,071,７０歳,26000,京都府,1980000000,1980年,人
24249,00700,全域,002,女,071,７０歳,27000,大阪府,1980000000,1980年,人
18010,00700,全域,002,女,071,７０歳,28000,兵庫県,1980000000,1980年,人
4424,00700,全域,002,女,071,７０歳,29000,奈良県,1980000000,1980年,人
4821,00700,全域,002,女,071,７０歳,30000,和歌山県,1980000000,1980年,人
2769,00700,全域,002,女,071,７０歳,31000,鳥取県,1980000000,1980年,人
3788,00700,全域,002,女,071,７０歳,32000,島根県,1980000000,1980年,人
8065,00700,全域,002,女,071,７０歳,33000,岡山県,1980000000,1980年,人
10194,00700,全域,002,女,071,７０歳,34000,広島県,1980000000,1980年,人
6630,00700,全域,002,女,071,７０歳,35000,山口県,1980000000,1980年,人
3579,00700,全域,002,女,071,７０歳,36000,徳島県,1980000000,1980年,人
4364,00700,全域,002,女,071,７０歳,37000,香川県,1980000000,1980年,人
6288,00700,全域,002,女,071,７０歳,38000,愛媛県,1980000000,1980年,人
3638,00700,全域,002,女,071,７０歳,39000,高知県,1980000000,1980年,人
15529,00700,全域,002,女,071,７０歳,40000,福岡県,1980000000,1980年,人
3620,00700,全域,002,女,071,７０歳,41000,佐賀県,1980000000,1980年,人
6192,00700,全域,002,女,071,７０歳,42000,長崎県,1980000000,1980年,人
7590,00700,全域,002,女,071,７０歳,43000,熊本県,1980000000,1980年,人
5026,00700,全域,002,女,071,７０歳,44000,大分県,1980000000,1980年,人
4380,00700,全域,002,女,071,７０歳,45000,宮崎県,1980000000,1980年,人
8282,00700,全域,002,女,071,７０歳,46000,鹿児島県,1980000000,1980年,人
2967,00700,全域,002,女,071,７０歳,47000,沖縄県,1980000000,1980年,人
373698,00700,全域,002,女,072,７１歳,00000,全国,1980000000,1980年,人
257667,00700,全域,002,女,072,７１歳,00001,全国市部,1980000000,1980年,人
116031,00700,全域,002,女,072,７１歳,00002,全国郡部,1980000000,1980年,人
15209,00700,全域,002,女,072,７１歳,01000,北海道,1980000000,1980年,人
4834,00700,全域,002,女,072,７１歳,02000,青森県,1980000000,1980年,人
5175,00700,全域,002,女,072,７１歳,03000,岩手県,1980000000,1980年,人
6510,00700,全域,002,女,072,７１歳,04000,宮城県,1980000000,1980年,人
4925,00700,全域,002,女,072,７１歳,05000,秋田県,1980000000,1980年,人
5520,00700,全域,002,女,072,７１歳,06000,山形県,1980000000,1980年,人
7849,00700,全域,002,女,072,７１歳,07000,福島県,1980000000,1980年,人
8190,00700,全域,002,女,072,７１歳,08000,茨城県,1980000000,1980年,人
5979,00700,全域,002,女,072,７１歳,09000,栃木県,1980000000,1980年,人
6399,00700,全域,002,女,072,７１歳,10000,群馬県,1980000000,1980年,人
11761,00700,全域,002,女,072,７１歳,11000,埼玉県,1980000000,1980年,人
11504,00700,全域,002,女,072,７１歳,12000,千葉県,1980000000,1980年,人
30547,00700,全域,002,女,072,７１歳,13000,東京都,1980000000,1980年,人
15392,00700,全域,002,女,072,７１歳,14000,神奈川県,1980000000,1980年,人
10189,00700,全域,002,女,072,７１歳,15000,新潟県,1980000000,1980年,人
4493,00700,全域,002,女,072,７１歳,16000,富山県,1980000000,1980年,人
4155,00700,全域,002,女,072,７１歳,17000,石川県,1980000000,1980年,人
3161,00700,全域,002,女,072,７１歳,18000,福井県,1980000000,1980年,人
3344,00700,全域,002,女,072,７１歳,19000,山梨県,1980000000,1980年,人
9086,00700,全域,002,女,072,７１歳,20000,長野県,1980000000,1980年,人
6445,00700,全域,002,女,072,７１歳,21000,岐阜県,1980000000,1980年,人
10777,00700,全域,002,女,072,７１歳,22000,静岡県,1980000000,1980年,人
16097,00700,全域,002,女,072,７１歳,23000,愛知県,1980000000,1980年,人
6653,00700,全域,002,女,072,７１歳,24000,三重県,1980000000,1980年,人
3795,00700,全域,002,女,072,７１歳,25000,滋賀県,1980000000,1980年,人
9228,00700,全域,002,女,072,７１歳,26000,京都府,1980000000,1980年,人
22308,00700,全域,002,女,072,７１歳,27000,大阪府,1980000000,1980年,人
17027,00700,全域,002,女,072,７１歳,28000,兵庫県,1980000000,1980年,人
4064,00700,全域,002,女,072,７１歳,29000,奈良県,1980000000,1980年,人
4714,00700,全域,002,女,072,７１歳,30000,和歌山県,1980000000,1980年,人
2564,00700,全域,002,女,072,７１歳,31000,鳥取県,1980000000,1980年,人
3571,00700,全域,002,女,072,７１歳,32000,島根県,1980000000,1980年,人
7709,00700,全域,002,女,072,７１歳,33000,岡山県,1980000000,1980年,人
9429,00700,全域,002,女,072,７１歳,34000,広島県,1980000000,1980年,人
6246,00700,全域,002,女,072,７１歳,35000,山口県,1980000000,1980年,人
3579,00700,全域,002,女,072,７１歳,36000,徳島県,1980000000,1980年,人
4088,00700,全域,002,女,072,７１歳,37000,香川県,1980000000,1980年,人
5882,00700,全域,002,女,072,７１歳,38000,愛媛県,1980000000,1980年,人
3616,00700,全域,002,女,072,７１歳,39000,高知県,1980000000,1980年,人
14829,00700,全域,002,女,072,７１歳,40000,福岡県,1980000000,1980年,人
3476,00700,全域,002,女,072,７１歳,41000,佐賀県,1980000000,1980年,人
5981,00700,全域,002,女,072,７１歳,42000,長崎県,1980000000,1980年,人
7114,00700,全域,002,女,072,７１歳,43000,熊本県,1980000000,1980年,人
4888,00700,全域,002,女,072,７１歳,44000,大分県,1980000000,1980年,人
4228,00700,全域,002,女,072,７１歳,45000,宮崎県,1980000000,1980年,人
8158,00700,全域,002,女,072,７１歳,46000,鹿児島県,1980000000,1980年,人
3010,00700,全域,002,女,072,７１歳,47000,沖縄県,1980000000,1980年,人
341269,00700,全域,002,女,073,７２歳,00000,全国,1980000000,1980年,人
234782,00700,全域,002,女,073,７２歳,00001,全国市部,1980000000,1980年,人
106487,00700,全域,002,女,073,７２歳,00002,全国郡部,1980000000,1980年,人
13523,00700,全域,002,女,073,７２歳,01000,北海道,1980000000,1980年,人
4241,00700,全域,002,女,073,７２歳,02000,青森県,1980000000,1980年,人
4630,00700,全域,002,女,073,７２歳,03000,岩手県,1980000000,1980年,人
5994,00700,全域,002,女,073,７２歳,04000,宮城県,1980000000,1980年,人
4389,00700,全域,002,女,073,７２歳,05000,秋田県,1980000000,1980年,人
4855,00700,全域,002,女,073,７２歳,06000,山形県,1980000000,1980年,人
7128,00700,全域,002,女,073,７２歳,07000,福島県,1980000000,1980年,人
7622,00700,全域,002,女,073,７２歳,08000,茨城県,1980000000,1980年,人
5075,00700,全域,002,女,073,７２歳,09000,栃木県,1980000000,1980年,人
5853,00700,全域,002,女,073,７２歳,10000,群馬県,1980000000,1980年,人
10356,00700,全域,002,女,073,７２歳,11000,埼玉県,1980000000,1980年,人
10548,00700,全域,002,女,073,７２歳,12000,千葉県,1980000000,1980年,人
28366,00700,全域,002,女,073,７２歳,13000,東京都,1980000000,1980年,人
13634,00700,全域,002,女,073,７２歳,14000,神奈川県,1980000000,1980年,人
9268,00700,全域,002,女,073,７２歳,15000,新潟県,1980000000,1980年,人
4036,00700,全域,002,女,073,７２歳,16000,富山県,1980000000,1980年,人
3806,00700,全域,002,女,073,７２歳,17000,石川県,1980000000,1980年,人
2893,00700,全域,002,女,073,７２歳,18000,福井県,1980000000,1980年,人
3000,00700,全域,002,女,073,７２歳,19000,山梨県,1980000000,1980年,人
8379,00700,全域,002,女,073,７２歳,20000,長野県,1980000000,1980年,人
5832,00700,全域,002,女,073,７２歳,21000,岐阜県,1980000000,1980年,人
9671,00700,全域,002,女,073,７２歳,22000,静岡県,1980000000,1980年,人
14456,00700,全域,002,女,073,７２歳,23000,愛知県,1980000000,1980年,人
5750,00700,全域,002,女,073,７２歳,24000,三重県,1980000000,1980年,人
3619,00700,全域,002,女,073,７２歳,25000,滋賀県,1980000000,1980年,人
8365,00700,全域,002,女,073,７２歳,26000,京都府,1980000000,1980年,人
20602,00700,全域,002,女,073,７２歳,27000,大阪府,1980000000,1980年,人
15353,00700,全域,002,女,073,７２歳,28000,兵庫県,1980000000,1980年,人
3749,00700,全域,002,女,073,７２歳,29000,奈良県,1980000000,1980年,人
4319,00700,全域,002,女,073,７２歳,30000,和歌山県,1980000000,1980年,人
2371,00700,全域,002,女,073,７２歳,31000,鳥取県,1980000000,1980年,人
3520,00700,全域,002,女,073,７２歳,32000,島根県,1980000000,1980年,人
6994,00700,全域,002,女,073,７２歳,33000,岡山県,1980000000,1980年,人
8587,00700,全域,002,女,073,７２歳,34000,広島県,1980000000,1980年,人
5882,00700,全域,002,女,073,７２歳,35000,山口県,1980000000,1980年,人
3150,00700,全域,002,女,073,７２歳,36000,徳島県,1980000000,1980年,人
3835,00700,全域,002,女,073,７２歳,37000,香川県,1980000000,1980年,人
5564,00700,全域,002,女,073,７２歳,38000,愛媛県,1980000000,1980年,人
3419,00700,全域,002,女,073,７２歳,39000,高知県,1980000000,1980年,人
13739,00700,全域,002,女,073,７２歳,40000,福岡県,1980000000,1980年,人
3417,00700,全域,002,女,073,７２歳,41000,佐賀県,1980000000,1980年,人
5718,00700,全域,002,女,073,７２歳,42000,長崎県,1980000000,1980年,人
6885,00700,全域,002,女,073,７２歳,43000,熊本県,1980000000,1980年,人
4653,00700,全域,002,女,073,７２歳,44000,大分県,1980000000,1980年,人
3835,00700,全域,002,女,073,７２歳,45000,宮崎県,1980000000,1980年,人
7463,00700,全域,002,女,073,７２歳,46000,鹿児島県,1980000000,1980年,人
2925,00700,全域,002,女,073,７２歳,47000,沖縄県,1980000000,1980年,人
326536,00700,全域,002,女,074,７３歳,00000,全国,1980000000,1980年,人
226573,00700,全域,002,女,074,７３歳,00001,全国市部,1980000000,1980年,人
99963,00700,全域,002,女,074,７３歳,00002,全国郡部,1980000000,1980年,人
13545,00700,全域,002,女,074,７３歳,01000,北海道,1980000000,1980年,人
4266,00700,全域,002,女,074,７３歳,02000,青森県,1980000000,1980年,人
4279,00700,全域,002,女,074,７３歳,03000,岩手県,1980000000,1980年,人
5181,00700,全域,002,女,074,７３歳,04000,宮城県,1980000000,1980年,人
4110,00700,全域,002,女,074,７３歳,05000,秋田県,1980000000,1980年,人
4774,00700,全域,002,女,074,７３歳,06000,山形県,1980000000,1980年,人
6543,00700,全域,002,女,074,７３歳,07000,福島県,1980000000,1980年,人
6949,00700,全域,002,女,074,７３歳,08000,茨城県,1980000000,1980年,人
4885,00700,全域,002,女,074,７３歳,09000,栃木県,1980000000,1980年,人
5432,00700,全域,002,女,074,７３歳,10000,群馬県,1980000000,1980年,人
9914,00700,全域,002,女,074,７３歳,11000,埼玉県,1980000000,1980年,人
9759,00700,全域,002,女,074,７３歳,12000,千葉県,1980000000,1980年,人
27418,00700,全域,002,女,074,７３歳,13000,東京都,1980000000,1980年,人
13099,00700,全域,002,女,074,７３歳,14000,神奈川県,1980000000,1980年,人
8898,00700,全域,002,女,074,７３歳,15000,新潟県,1980000000,1980年,人
4089,00700,全域,002,女,074,７３歳,16000,富山県,1980000000,1980年,人
3857,00700,全域,002,女,074,７３歳,17000,石川県,1980000000,1980年,人
2828,00700,全域,002,女,074,７３歳,18000,福井県,1980000000,1980年,人
2816,00700,全域,002,女,074,７３歳,19000,山梨県,1980000000,1980年,人
7670,00700,全域,002,女,074,７３歳,20000,長野県,1980000000,1980年,人
5446,00700,全域,002,女,074,７３歳,21000,岐阜県,1980000000,1980年,人
9200,00700,全域,002,女,074,７３歳,22000,静岡県,1980000000,1980年,人
13749,00700,全域,002,女,074,７３歳,23000,愛知県,1980000000,1980年,人
5808,00700,全域,002,女,074,７３歳,24000,三重県,1980000000,1980年,人
3274,00700,全域,002,女,074,７３歳,25000,滋賀県,1980000000,1980年,人
8174,00700,全域,002,女,074,７３歳,26000,京都府,1980000000,1980年,人
19685,00700,全域,002,女,074,７３歳,27000,大阪府,1980000000,1980年,人
14819,00700,全域,002,女,074,７３歳,28000,兵庫県,1980000000,1980年,人
3610,00700,全域,002,女,074,７３歳,29000,奈良県,1980000000,1980年,人
4048,00700,全域,002,女,074,７３歳,30000,和歌山県,1980000000,1980年,人
2351,00700,全域,002,女,074,７３歳,31000,鳥取県,1980000000,1980年,人
3178,00700,全域,002,女,074,７３歳,32000,島根県,1980000000,1980年,人
6590,00700,全域,002,女,074,７３歳,33000,岡山県,1980000000,1980年,人
8401,00700,全域,002,女,074,７３歳,34000,広島県,1980000000,1980年,人
5762,00700,全域,002,女,074,７３歳,35000,山口県,1980000000,1980年,人
3108,00700,全域,002,女,074,７３歳,36000,徳島県,1980000000,1980年,人
3647,00700,全域,002,女,074,７３歳,37000,香川県,1980000000,1980年,人
5467,00700,全域,002,女,074,７３歳,38000,愛媛県,1980000000,1980年,人
3288,00700,全域,002,女,074,７３歳,39000,高知県,1980000000,1980年,人
13368,00700,全域,002,女,074,７３歳,40000,福岡県,1980000000,1980年,人
3300,00700,全域,002,女,074,７３歳,41000,佐賀県,1980000000,1980年,人
5477,00700,全域,002,女,074,７３歳,42000,長崎県,1980000000,1980年,人
6661,00700,全域,002,女,074,７３歳,43000,熊本県,1980000000,1980年,人
4536,00700,全域,002,女,074,７３歳,44000,大分県,1980000000,1980年,人
3758,00700,全域,002,女,074,７３歳,45000,宮崎県,1980000000,1980年,人
6984,00700,全域,002,女,074,７３歳,46000,鹿児島県,1980000000,1980年,人
2535,00700,全域,002,女,074,７３歳,47000,沖縄県,1980000000,1980年,人
269044,00700,全域,002,女,075,７４歳,00000,全国,1980000000,1980年,人
184494,00700,全域,002,女,075,７４歳,00001,全国市部,1980000000,1980年,人
84550,00700,全域,002,女,075,７４歳,00002,全国郡部,1980000000,1980年,人
11147,00700,全域,002,女,075,７４歳,01000,北海道,1980000000,1980年,人
3588,00700,全域,002,女,075,７４歳,02000,青森県,1980000000,1980年,人
3513,00700,全域,002,女,075,７４歳,03000,岩手県,1980000000,1980年,人
4409,00700,全域,002,女,075,７４歳,04000,宮城県,1980000000,1980年,人
3350,00700,全域,002,女,075,７４歳,05000,秋田県,1980000000,1980年,人
3759,00700,全域,002,女,075,７４歳,06000,山形県,1980000000,1980年,人
5151,00700,全域,002,女,075,７４歳,07000,福島県,1980000000,1980年,人
5834,00700,全域,002,女,075,７４歳,08000,茨城県,1980000000,1980年,人
4079,00700,全域,002,女,075,７４歳,09000,栃木県,1980000000,1980年,人
4493,00700,全域,002,女,075,７４歳,10000,群馬県,1980000000,1980年,人
8043,00700,全域,002,女,075,７４歳,11000,埼玉県,1980000000,1980年,人
7838,00700,全域,002,女,075,７４歳,12000,千葉県,1980000000,1980年,人
22104,00700,全域,002,女,075,７４歳,13000,東京都,1980000000,1980年,人
10674,00700,全域,002,女,075,７４歳,14000,神奈川県,1980000000,1980年,人
7317,00700,全域,002,女,075,７４歳,15000,新潟県,1980000000,1980年,人
3241,00700,全域,002,女,075,７４歳,16000,富山県,1980000000,1980年,人
3079,00700,全域,002,女,075,７４歳,17000,石川県,1980000000,1980年,人
2305,00700,全域,002,女,075,７４歳,18000,福井県,1980000000,1980年,人
2401,00700,全域,002,女,075,７４歳,19000,山梨県,1980000000,1980年,人
6393,00700,全域,002,女,075,７４歳,20000,長野県,1980000000,1980年,人
4800,00700,全域,002,女,075,７４歳,21000,岐阜県,1980000000,1980年,人
7488,00700,全域,002,女,075,７４歳,22000,静岡県,1980000000,1980年,人
11234,00700,全域,002,女,075,７４歳,23000,愛知県,1980000000,1980年,人
4658,00700,全域,002,女,075,７４歳,24000,三重県,1980000000,1980年,人
2839,00700,全域,002,女,075,７４歳,25000,滋賀県,1980000000,1980年,人
6662,00700,全域,002,女,075,７４歳,26000,京都府,1980000000,1980年,人
15959,00700,全域,002,女,075,７４歳,27000,大阪府,1980000000,1980年,人
12061,00700,全域,002,女,075,７４歳,28000,兵庫県,1980000000,1980年,人
2884,00700,全域,002,女,075,７４歳,29000,奈良県,1980000000,1980年,人
3331,00700,全域,002,女,075,７４歳,30000,和歌山県,1980000000,1980年,人
1876,00700,全域,002,女,075,７４歳,31000,鳥取県,1980000000,1980年,人
2749,00700,全域,002,女,075,７４歳,32000,島根県,1980000000,1980年,人
5628,00700,全域,002,女,075,７４歳,33000,岡山県,1980000000,1980年,人
7199,00700,全域,002,女,075,７４歳,34000,広島県,1980000000,1980年,人
4898,00700,全域,002,女,075,７４歳,35000,山口県,1980000000,1980年,人
2588,00700,全域,002,女,075,７４歳,36000,徳島県,1980000000,1980年,人
3056,00700,全域,002,女,075,７４歳,37000,香川県,1980000000,1980年,人
4530,00700,全域,002,女,075,７４歳,38000,愛媛県,1980000000,1980年,人
2660,00700,全域,002,女,075,７４歳,39000,高知県,1980000000,1980年,人
11059,00700,全域,002,女,075,７４歳,40000,福岡県,1980000000,1980年,人
2807,00700,全域,002,女,075,７４歳,41000,佐賀県,1980000000,1980年,人
4449,00700,全域,002,女,075,７４歳,42000,長崎県,1980000000,1980年,人
5630,00700,全域,002,女,075,７４歳,43000,熊本県,1980000000,1980年,人
3742,00700,全域,002,女,075,７４歳,44000,大分県,1980000000,1980年,人
3057,00700,全域,002,女,075,７４歳,45000,宮崎県,1980000000,1980年,人
6041,00700,全域,002,女,075,７４歳,46000,鹿児島県,1980000000,1980年,人
2441,00700,全域,002,女,075,７４歳,47000,沖縄県,1980000000,1980年,人
270181,00700,全域,002,女,076,７５歳,00000,全国,1980000000,1980年,人
184954,00700,全域,002,女,076,７５歳,00001,全国市部,1980000000,1980年,人
85227,00700,全域,002,女,076,７５歳,00002,全国郡部,1980000000,1980年,人
10978,00700,全域,002,女,076,７５歳,01000,北海道,1980000000,1980年,人
3538,00700,全域,002,女,076,７５歳,02000,青森県,1980000000,1980年,人
3669,00700,全域,002,女,076,７５歳,03000,岩手県,1980000000,1980年,人
4534,00700,全域,002,女,076,７５歳,04000,宮城県,1980000000,1980年,人
3499,00700,全域,002,女,076,７５歳,05000,秋田県,1980000000,1980年,人
3977,00700,全域,002,女,076,７５歳,06000,山形県,1980000000,1980年,人
5632,00700,全域,002,女,076,７５歳,07000,福島県,1980000000,1980年,人
6120,00700,全域,002,女,076,７５歳,08000,茨城県,1980000000,1980年,人
4401,00700,全域,002,女,076,７５歳,09000,栃木県,1980000000,1980年,人
4739,00700,全域,002,女,076,７５歳,10000,群馬県,1980000000,1980年,人
8125,00700,全域,002,女,076,７５歳,11000,埼玉県,1980000000,1980年,人
8622,00700,全域,002,女,076,７５歳,12000,千葉県,1980000000,1980年,人
22375,00700,全域,002,女,076,７５歳,13000,東京都,1980000000,1980年,人
10778,00700,全域,002,女,076,７５歳,14000,神奈川県,1980000000,1980年,人
6999,00700,全域,002,女,076,７５歳,15000,新潟県,1980000000,1980年,人
3364,00700,全域,002,女,076,７５歳,16000,富山県,1980000000,1980年,人
3093,00700,全域,002,女,076,７５歳,17000,石川県,1980000000,1980年,人
2371,00700,全域,002,女,076,７５歳,18000,福井県,1980000000,1980年,人
2351,00700,全域,002,女,076,７５歳,19000,山梨県,1980000000,1980年,人
6485,00700,全域,002,女,076,７５歳,20000,長野県,1980000000,1980年,人
4644,00700,全域,002,女,076,７５歳,21000,岐阜県,1980000000,1980年,人
7873,00700,全域,002,女,076,７５歳,22000,静岡県,1980000000,1980年,人
11165,00700,全域,002,女,076,７５歳,23000,愛知県,1980000000,1980年,人
4752,00700,全域,002,女,076,７５歳,24000,三重県,1980000000,1980年,人
2750,00700,全域,002,女,076,７５歳,25000,滋賀県,1980000000,1980年,人
6649,00700,全域,002,女,076,７５歳,26000,京都府,1980000000,1980年,人
15632,00700,全域,002,女,076,７５歳,27000,大阪府,1980000000,1980年,人
11961,00700,全域,002,女,076,７５歳,28000,兵庫県,1980000000,1980年,人
2870,00700,全域,002,女,076,７５歳,29000,奈良県,1980000000,1980年,人
3248,00700,全域,002,女,076,７５歳,30000,和歌山県,1980000000,1980年,人
1917,00700,全域,002,女,076,７５歳,31000,鳥取県,1980000000,1980年,人
2670,00700,全域,002,女,076,７５歳,32000,島根県,1980000000,1980年,人
5638,00700,全域,002,女,076,７５歳,33000,岡山県,1980000000,1980年,人
6848,00700,全域,002,女,076,７５歳,34000,広島県,1980000000,1980年,人
4615,00700,全域,002,女,076,７５歳,35000,山口県,1980000000,1980年,人
2554,00700,全域,002,女,076,７５歳,36000,徳島県,1980000000,1980年,人
2966,00700,全域,002,女,076,７５歳,37000,香川県,1980000000,1980年,人
4412,00700,全域,002,女,076,７５歳,38000,愛媛県,1980000000,1980年,人
2961,00700,全域,002,女,076,７５歳,39000,高知県,1980000000,1980年,人
10637,00700,全域,002,女,076,７５歳,40000,福岡県,1980000000,1980年,人
2690,00700,全域,002,女,076,７５歳,41000,佐賀県,1980000000,1980年,人
4406,00700,全域,002,女,076,７５歳,42000,長崎県,1980000000,1980年,人
5282,00700,全域,002,女,076,７５歳,43000,熊本県,1980000000,1980年,人
3598,00700,全域,002,女,076,７５歳,44000,大分県,1980000000,1980年,人
3182,00700,全域,002,女,076,７５歳,45000,宮崎県,1980000000,1980年,人
6172,00700,全域,002,女,076,７５歳,46000,鹿児島県,1980000000,1980年,人
2439,00700,全域,002,女,076,７５歳,47000,沖縄県,1980000000,1980年,人
246071,00700,全域,002,女,077,７６歳,00000,全国,1980000000,1980年,人
167681,00700,全域,002,女,077,７６歳,00001,全国市部,1980000000,1980年,人
78390,00700,全域,002,女,077,７６歳,00002,全国郡部,1980000000,1980年,人
9843,00700,全域,002,女,077,７６歳,01000,北海道,1980000000,1980年,人
3159,00700,全域,002,女,077,７６歳,02000,青森県,1980000000,1980年,人
3139,00700,全域,002,女,077,７６歳,03000,岩手県,1980000000,1980年,人
4021,00700,全域,002,女,077,７６歳,04000,宮城県,1980000000,1980年,人
3107,00700,全域,002,女,077,７６歳,05000,秋田県,1980000000,1980年,人
3720,00700,全域,002,女,077,７６歳,06000,山形県,1980000000,1980年,人
4879,00700,全域,002,女,077,７６歳,07000,福島県,1980000000,1980年,人
5170,00700,全域,002,女,077,７６歳,08000,茨城県,1980000000,1980年,人
3746,00700,全域,002,女,077,７６歳,09000,栃木県,1980000000,1980年,人
4352,00700,全域,002,女,077,７６歳,10000,群馬県,1980000000,1980年,人
7257,00700,全域,002,女,077,７６歳,11000,埼玉県,1980000000,1980年,人
7578,00700,全域,002,女,077,７６歳,12000,千葉県,1980000000,1980年,人
20254,00700,全域,002,女,077,７６歳,13000,東京都,1980000000,1980年,人
9814,00700,全域,002,女,077,７６歳,14000,神奈川県,1980000000,1980年,人
6698,00700,全域,002,女,077,７６歳,15000,新潟県,1980000000,1980年,人
2952,00700,全域,002,女,077,７６歳,16000,富山県,1980000000,1980年,人
2746,00700,全域,002,女,077,７６歳,17000,石川県,1980000000,1980年,人
2105,00700,全域,002,女,077,７６歳,18000,福井県,1980000000,1980年,人
2224,00700,全域,002,女,077,７６歳,19000,山梨県,1980000000,1980年,人
5993,00700,全域,002,女,077,７６歳,20000,長野県,1980000000,1980年,人
4224,00700,全域,002,女,077,７６歳,21000,岐阜県,1980000000,1980年,人
7032,00700,全域,002,女,077,７６歳,22000,静岡県,1980000000,1980年,人
10358,00700,全域,002,女,077,７６歳,23000,愛知県,1980000000,1980年,人
4436,00700,全域,002,女,077,７６歳,24000,三重県,1980000000,1980年,人
2636,00700,全域,002,女,077,７６歳,25000,滋賀県,1980000000,1980年,人
5902,00700,全域,002,女,077,７６歳,26000,京都府,1980000000,1980年,人
13901,00700,全域,002,女,077,７６歳,27000,大阪府,1980000000,1980年,人
10923,00700,全域,002,女,077,７６歳,28000,兵庫県,1980000000,1980年,人
2680,00700,全域,002,女,077,７６歳,29000,奈良県,1980000000,1980年,人
3024,00700,全域,002,女,077,７６歳,30000,和歌山県,1980000000,1980年,人
1789,00700,全域,002,女,077,７６歳,31000,鳥取県,1980000000,1980年,人
2501,00700,全域,002,女,077,７６歳,32000,島根県,1980000000,1980年,人
5198,00700,全域,002,女,077,７６歳,33000,岡山県,1980000000,1980年,人
6440,00700,全域,002,女,077,７６歳,34000,広島県,1980000000,1980年,人
4194,00700,全域,002,女,077,７６歳,35000,山口県,1980000000,1980年,人
2428,00700,全域,002,女,077,７６歳,36000,徳島県,1980000000,1980年,人
2702,00700,全域,002,女,077,７６歳,37000,香川県,1980000000,1980年,人
4053,00700,全域,002,女,077,７６歳,38000,愛媛県,1980000000,1980年,人
2615,00700,全域,002,女,077,７６歳,39000,高知県,1980000000,1980年,人
10045,00700,全域,002,女,077,７６歳,40000,福岡県,1980000000,1980年,人
2521,00700,全域,002,女,077,７６歳,41000,佐賀県,1980000000,1980年,人
4316,00700,全域,002,女,077,７６歳,42000,長崎県,1980000000,1980年,人
5261,00700,全域,002,女,077,７６歳,43000,熊本県,1980000000,1980年,人
3363,00700,全域,002,女,077,７６歳,44000,大分県,1980000000,1980年,人
2843,00700,全域,002,女,077,７６歳,45000,宮崎県,1980000000,1980年,人
5705,00700,全域,002,女,077,７６歳,46000,鹿児島県,1980000000,1980年,人
2224,00700,全域,002,女,077,７６歳,47000,沖縄県,1980000000,1980年,人
243374,00700,全域,002,女,078,７７歳,00000,全国,1980000000,1980年,人
165083,00700,全域,002,女,078,７７歳,00001,全国市部,1980000000,1980年,人
78291,00700,全域,002,女,078,７７歳,00002,全国郡部,1980000000,1980年,人
9496,00700,全域,002,女,078,７７歳,01000,北海道,1980000000,1980年,人
3171,00700,全域,002,女,078,７７歳,02000,青森県,1980000000,1980年,人
3350,00700,全域,002,女,078,７７歳,03000,岩手県,1980000000,1980年,人
4191,00700,全域,002,女,078,７７歳,04000,宮城県,1980000000,1980年,人
3229,00700,全域,002,女,078,７７歳,05000,秋田県,1980000000,1980年,人
3650,00700,全域,002,女,078,７７歳,06000,山形県,1980000000,1980年,人
5025,00700,全域,002,女,078,７７歳,07000,福島県,1980000000,1980年,人
5193,00700,全域,002,女,078,７７歳,08000,茨城県,1980000000,1980年,人
3882,00700,全域,002,女,078,７７歳,09000,栃木県,1980000000,1980年,人
4336,00700,全域,002,女,078,７７歳,10000,群馬県,1980000000,1980年,人
7121,00700,全域,002,女,078,７７歳,11000,埼玉県,1980000000,1980年,人
7172,00700,全域,002,女,078,７７歳,12000,千葉県,1980000000,1980年,人
19648,00700,全域,002,女,078,７７歳,13000,東京都,1980000000,1980年,人
9674,00700,全域,002,女,078,７７歳,14000,神奈川県,1980000000,1980年,人
6433,00700,全域,002,女,078,７７歳,15000,新潟県,1980000000,1980年,人
2876,00700,全域,002,女,078,７７歳,16000,富山県,1980000000,1980年,人
2760,00700,全域,002,女,078,７７歳,17000,石川県,1980000000,1980年,人
2167,00700,全域,002,女,078,７７歳,18000,福井県,1980000000,1980年,人
2196,00700,全域,002,女,078,７７歳,19000,山梨県,1980000000,1980年,人
6199,00700,全域,002,女,078,７７歳,20000,長野県,1980000000,1980年,人
4207,00700,全域,002,女,078,７７歳,21000,岐阜県,1980000000,1980年,人
7333,00700,全域,002,女,078,７７歳,22000,静岡県,1980000000,1980年,人
10041,00700,全域,002,女,078,７７歳,23000,愛知県,1980000000,1980年,人
4459,00700,全域,002,女,078,７７歳,24000,三重県,1980000000,1980年,人
2525,00700,全域,002,女,078,７７歳,25000,滋賀県,1980000000,1980年,人
5900,00700,全域,002,女,078,７７歳,26000,京都府,1980000000,1980年,人
13462,00700,全域,002,女,078,７７歳,27000,大阪府,1980000000,1980年,人
10951,00700,全域,002,女,078,７７歳,28000,兵庫県,1980000000,1980年,人
2634,00700,全域,002,女,078,７７歳,29000,奈良県,1980000000,1980年,人
3053,00700,全域,002,女,078,７７歳,30000,和歌山県,1980000000,1980年,人
1729,00700,全域,002,女,078,７７歳,31000,鳥取県,1980000000,1980年,人
2615,00700,全域,002,女,078,７７歳,32000,島根県,1980000000,1980年,人
5434,00700,全域,002,女,078,７７歳,33000,岡山県,1980000000,1980年,人
6433,00700,全域,002,女,078,７７歳,34000,広島県,1980000000,1980年,人
4307,00700,全域,002,女,078,７７歳,35000,山口県,1980000000,1980年,人
2302,00700,全域,002,女,078,７７歳,36000,徳島県,1980000000,1980年,人
2654,00700,全域,002,女,078,７７歳,37000,香川県,1980000000,1980年,人
4068,00700,全域,002,女,078,７７歳,38000,愛媛県,1980000000,1980年,人
2539,00700,全域,002,女,078,７７歳,39000,高知県,1980000000,1980年,人
9743,00700,全域,002,女,078,７７歳,40000,福岡県,1980000000,1980年,人
2530,00700,全域,002,女,078,７７歳,41000,佐賀県,1980000000,1980年,人
4049,00700,全域,002,女,078,７７歳,42000,長崎県,1980000000,1980年,人
4986,00700,全域,002,女,078,７７歳,43000,熊本県,1980000000,1980年,人
3333,00700,全域,002,女,078,７７歳,44000,大分県,1980000000,1980年,人
2795,00700,全域,002,女,078,７７歳,45000,宮崎県,1980000000,1980年,人
5381,00700,全域,002,女,078,７７歳,46000,鹿児島県,1980000000,1980年,人
2142,00700,全域,002,女,078,７７歳,47000,沖縄県,1980000000,1980年,人
224616,00700,全域,002,女,079,７８歳,00000,全国,1980000000,1980年,人
151511,00700,全域,002,女,079,７８歳,00001,全国市部,1980000000,1980年,人
73105,00700,全域,002,女,079,７８歳,00002,全国郡部,1980000000,1980年,人
8765,00700,全域,002,女,079,７８歳,01000,北海道,1980000000,1980年,人
2847,00700,全域,002,女,079,７８歳,02000,青森県,1980000000,1980年,人
3004,00700,全域,002,女,079,７８歳,03000,岩手県,1980000000,1980年,人
3806,00700,全域,002,女,079,７８歳,04000,宮城県,1980000000,1980年,人
2772,00700,全域,002,女,079,７８歳,05000,秋田県,1980000000,1980年,人
3318,00700,全域,002,女,079,７８歳,06000,山形県,1980000000,1980年,人
4629,00700,全域,002,女,079,７８歳,07000,福島県,1980000000,1980年,人
4947,00700,全域,002,女,079,７８歳,08000,茨城県,1980000000,1980年,人
3685,00700,全域,002,女,079,７８歳,09000,栃木県,1980000000,1980年,人
3955,00700,全域,002,女,079,７８歳,10000,群馬県,1980000000,1980年,人
6449,00700,全域,002,女,079,７８歳,11000,埼玉県,1980000000,1980年,人
6779,00700,全域,002,女,079,７８歳,12000,千葉県,1980000000,1980年,人
17999,00700,全域,002,女,079,７８歳,13000,東京都,1980000000,1980年,人
8512,00700,全域,002,女,079,７８歳,14000,神奈川県,1980000000,1980年,人
5864,00700,全域,002,女,079,７８歳,15000,新潟県,1980000000,1980年,人
2561,00700,全域,002,女,079,７８歳,16000,富山県,1980000000,1980年,人
2545,00700,全域,002,女,079,７８歳,17000,石川県,1980000000,1980年,人
1967,00700,全域,002,女,079,７８歳,18000,福井県,1980000000,1980年,人
2023,00700,全域,002,女,079,７８歳,19000,山梨県,1980000000,1980年,人
5608,00700,全域,002,女,079,７８歳,20000,長野県,1980000000,1980年,人
3815,00700,全域,002,女,079,７８歳,21000,岐阜県,1980000000,1980年,人
6552,00700,全域,002,女,079,７８歳,22000,静岡県,1980000000,1980年,人
9003,00700,全域,002,女,079,７８歳,23000,愛知県,1980000000,1980年,人
4122,00700,全域,002,女,079,７８歳,24000,三重県,1980000000,1980年,人
2323,00700,全域,002,女,079,７８歳,25000,滋賀県,1980000000,1980年,人
5545,00700,全域,002,女,079,７８歳,26000,京都府,1980000000,1980年,人
12708,00700,全域,002,女,079,７８歳,27000,大阪府,1980000000,1980年,人
10291,00700,全域,002,女,079,７８歳,28000,兵庫県,1980000000,1980年,人
2443,00700,全域,002,女,079,７８歳,29000,奈良県,1980000000,1980年,人
2895,00700,全域,002,女,079,７８歳,30000,和歌山県,1980000000,1980年,人
1712,00700,全域,002,女,079,７８歳,31000,鳥取県,1980000000,1980年,人
2341,00700,全域,002,女,079,７８歳,32000,島根県,1980000000,1980年,人
5114,00700,全域,002,女,079,７８歳,33000,岡山県,1980000000,1980年,人
6120,00700,全域,002,女,079,７８歳,34000,広島県,1980000000,1980年,人
4013,00700,全域,002,女,079,７８歳,35000,山口県,1980000000,1980年,人
2104,00700,全域,002,女,079,７８歳,36000,徳島県,1980000000,1980年,人
2591,00700,全域,002,女,079,７８歳,37000,香川県,1980000000,1980年,人
3933,00700,全域,002,女,079,７８歳,38000,愛媛県,1980000000,1980年,人
2622,00700,全域,002,女,079,７８歳,39000,高知県,1980000000,1980年,人
9194,00700,全域,002,女,079,７８歳,40000,福岡県,1980000000,1980年,人
2287,00700,全域,002,女,079,７８歳,41000,佐賀県,1980000000,1980年,人
3721,00700,全域,002,女,079,７８歳,42000,長崎県,1980000000,1980年,人
4538,00700,全域,002,女,079,７８歳,43000,熊本県,1980000000,1980年,人
3094,00700,全域,002,女,079,７８歳,44000,大分県,1980000000,1980年,人
2584,00700,全域,002,女,079,７８歳,45000,宮崎県,1980000000,1980年,人
4887,00700,全域,002,女,079,７８歳,46000,鹿児島県,1980000000,1980年,人
2029,00700,全域,002,女,079,７８歳,47000,沖縄県,1980000000,1980年,人
203729,00700,全域,002,女,080,７９歳,00000,全国,1980000000,1980年,人
137524,00700,全域,002,女,080,７９歳,00001,全国市部,1980000000,1980年,人
66205,00700,全域,002,女,080,７９歳,00002,全国郡部,1980000000,1980年,人
7811,00700,全域,002,女,080,７９歳,01000,北海道,1980000000,1980年,人
2536,00700,全域,002,女,080,７９歳,02000,青森県,1980000000,1980年,人
2863,00700,全域,002,女,080,７９歳,03000,岩手県,1980000000,1980年,人
3378,00700,全域,002,女,080,７９歳,04000,宮城県,1980000000,1980年,人
2591,00700,全域,002,女,080,７９歳,05000,秋田県,1980000000,1980年,人
3007,00700,全域,002,女,080,７９歳,06000,山形県,1980000000,1980年,人
4238,00700,全域,002,女,080,７９歳,07000,福島県,1980000000,1980年,人
4452,00700,全域,002,女,080,７９歳,08000,茨城県,1980000000,1980年,人
3238,00700,全域,002,女,080,７９歳,09000,栃木県,1980000000,1980年,人
3640,00700,全域,002,女,080,７９歳,10000,群馬県,1980000000,1980年,人
5900,00700,全域,002,女,080,７９歳,11000,埼玉県,1980000000,1980年,人
6328,00700,全域,002,女,080,７９歳,12000,千葉県,1980000000,1980年,人
16571,00700,全域,002,女,080,７９歳,13000,東京都,1980000000,1980年,人
7942,00700,全域,002,女,080,７９歳,14000,神奈川県,1980000000,1980年,人
5067,00700,全域,002,女,080,７９歳,15000,新潟県,1980000000,1980年,人
2280,00700,全域,002,女,080,７９歳,16000,富山県,1980000000,1980年,人
2201,00700,全域,002,女,080,７９歳,17000,石川県,1980000000,1980年,人
1718,00700,全域,002,女,080,７９歳,18000,福井県,1980000000,1980年,人
1931,00700,全域,002,女,080,７９歳,19000,山梨県,1980000000,1980年,人
5087,00700,全域,002,女,080,７９歳,20000,長野県,1980000000,1980年,人
3626,00700,全域,002,女,080,７９歳,21000,岐阜県,1980000000,1980年,人
5879,00700,全域,002,女,080,７９歳,22000,静岡県,1980000000,1980年,人
8326,00700,全域,002,女,080,７９歳,23000,愛知県,1980000000,1980年,人
3888,00700,全域,002,女,080,７９歳,24000,三重県,1980000000,1980年,人
2145,00700,全域,002,女,080,７９歳,25000,滋賀県,1980000000,1980年,人
5130,00700,全域,002,女,080,７９歳,26000,京都府,1980000000,1980年,人
11390,00700,全域,002,女,080,７９歳,27000,大阪府,1980000000,1980年,人
9162,00700,全域,002,女,080,７９歳,28000,兵庫県,1980000000,1980年,人
2156,00700,全域,002,女,080,７９歳,29000,奈良県,1980000000,1980年,人
2553,00700,全域,002,女,080,７９歳,30000,和歌山県,1980000000,1980年,人
1468,00700,全域,002,女,080,７９歳,31000,鳥取県,1980000000,1980年,人
2179,00700,全域,002,女,080,７９歳,32000,島根県,1980000000,1980年,人
4717,00700,全域,002,女,080,７９歳,33000,岡山県,1980000000,1980年,人
5348,00700,全域,002,女,080,７９歳,34000,広島県,1980000000,1980年,人
3631,00700,全域,002,女,080,７９歳,35000,山口県,1980000000,1980年,人
1917,00700,全域,002,女,080,７９歳,36000,徳島県,1980000000,1980年,人
2297,00700,全域,002,女,080,７９歳,37000,香川県,1980000000,1980年,人
3354,00700,全域,002,女,080,７９歳,38000,愛媛県,1980000000,1980年,人
2379,00700,全域,002,女,080,７９歳,39000,高知県,1980000000,1980年,人
8391,00700,全域,002,女,080,７９歳,40000,福岡県,1980000000,1980年,人
2033,00700,全域,002,女,080,７９歳,41000,佐賀県,1980000000,1980年,人
3383,00700,全域,002,女,080,７９歳,42000,長崎県,1980000000,1980年,人
4070,00700,全域,002,女,080,７９歳,43000,熊本県,1980000000,1980年,人
2829,00700,全域,002,女,080,７９歳,44000,大分県,1980000000,1980年,人
2363,00700,全域,002,女,080,７９歳,45000,宮崎県,1980000000,1980年,人
4369,00700,全域,002,女,080,７９歳,46000,鹿児島県,1980000000,1980年,人
1967,00700,全域,002,女,080,７９歳,47000,沖縄県,1980000000,1980年,人
177577,00700,全域,002,女,081,８０歳,00000,全国,1980000000,1980年,人
118591,00700,全域,002,女,081,８０歳,00001,全国市部,1980000000,1980年,人
58986,00700,全域,002,女,081,８０歳,00002,全国郡部,1980000000,1980年,人
6965,00700,全域,002,女,081,８０歳,01000,北海道,1980000000,1980年,人
2250,00700,全域,002,女,081,８０歳,02000,青森県,1980000000,1980年,人
2350,00700,全域,002,女,081,８０歳,03000,岩手県,1980000000,1980年,人
2911,00700,全域,002,女,081,８０歳,04000,宮城県,1980000000,1980年,人
2096,00700,全域,002,女,081,８０歳,05000,秋田県,1980000000,1980年,人
2463,00700,全域,002,女,081,８０歳,06000,山形県,1980000000,1980年,人
3573,00700,全域,002,女,081,８０歳,07000,福島県,1980000000,1980年,人
3847,00700,全域,002,女,081,８０歳,08000,茨城県,1980000000,1980年,人
2802,00700,全域,002,女,081,８０歳,09000,栃木県,1980000000,1980年,人
2976,00700,全域,002,女,081,８０歳,10000,群馬県,1980000000,1980年,人
5063,00700,全域,002,女,081,８０歳,11000,埼玉県,1980000000,1980年,人
5454,00700,全域,002,女,081,８０歳,12000,千葉県,1980000000,1980年,人
14250,00700,全域,002,女,081,８０歳,13000,東京都,1980000000,1980年,人
6851,00700,全域,002,女,081,８０歳,14000,神奈川県,1980000000,1980年,人
4423,00700,全域,002,女,081,８０歳,15000,新潟県,1980000000,1980年,人
2009,00700,全域,002,女,081,８０歳,16000,富山県,1980000000,1980年,人
1925,00700,全域,002,女,081,８０歳,17000,石川県,1980000000,1980年,人
1487,00700,全域,002,女,081,８０歳,18000,福井県,1980000000,1980年,人
1585,00700,全域,002,女,081,８０歳,19000,山梨県,1980000000,1980年,人
4444,00700,全域,002,女,081,８０歳,20000,長野県,1980000000,1980年,人
2972,00700,全域,002,女,081,８０歳,21000,岐阜県,1980000000,1980年,人
5492,00700,全域,002,女,081,８０歳,22000,静岡県,1980000000,1980年,人
7108,00700,全域,002,女,081,８０歳,23000,愛知県,1980000000,1980年,人
3154,00700,全域,002,女,081,８０歳,24000,三重県,1980000000,1980年,人
1772,00700,全域,002,女,081,８０歳,25000,滋賀県,1980000000,1980年,人
4308,00700,全域,002,女,081,８０歳,26000,京都府,1980000000,1980年,人
9634,00700,全域,002,女,081,８０歳,27000,大阪府,1980000000,1980年,人
8051,00700,全域,002,女,081,８０歳,28000,兵庫県,1980000000,1980年,人
1868,00700,全域,002,女,081,８０歳,29000,奈良県,1980000000,1980年,人
2300,00700,全域,002,女,081,８０歳,30000,和歌山県,1980000000,1980年,人
1491,00700,全域,002,女,081,８０歳,31000,鳥取県,1980000000,1980年,人
2070,00700,全域,002,女,081,８０歳,32000,島根県,1980000000,1980年,人
3963,00700,全域,002,女,081,８０歳,33000,岡山県,1980000000,1980年,人
4745,00700,全域,002,女,081,８０歳,34000,広島県,1980000000,1980年,人
3192,00700,全域,002,女,081,８０歳,35000,山口県,1980000000,1980年,人
1658,00700,全域,002,女,081,８０歳,36000,徳島県,1980000000,1980年,人
2116,00700,全域,002,女,081,８０歳,37000,香川県,1980000000,1980年,人
3164,00700,全域,002,女,081,８０歳,38000,愛媛県,1980000000,1980年,人
2085,00700,全域,002,女,081,８０歳,39000,高知県,1980000000,1980年,人
7506,00700,全域,002,女,081,８０歳,40000,福岡県,1980000000,1980年,人
1864,00700,全域,002,女,081,８０歳,41000,佐賀県,1980000000,1980年,人
3092,00700,全域,002,女,081,８０歳,42000,長崎県,1980000000,1980年,人
4056,00700,全域,002,女,081,８０歳,43000,熊本県,1980000000,1980年,人
2486,00700,全域,002,女,081,８０歳,44000,大分県,1980000000,1980年,人
2040,00700,全域,002,女,081,８０歳,45000,宮崎県,1980000000,1980年,人
3910,00700,全域,002,女,081,８０歳,46000,鹿児島県,1980000000,1980年,人
1756,00700,全域,002,女,081,８０歳,47000,沖縄県,1980000000,1980年,人
148686,00700,全域,002,女,082,８１歳,00000,全国,1980000000,1980年,人
99322,00700,全域,002,女,082,８１歳,00001,全国市部,1980000000,1980年,人
49364,00700,全域,002,女,082,８１歳,00002,全国郡部,1980000000,1980年,人
5676,00700,全域,002,女,082,８１歳,01000,北海道,1980000000,1980年,人
1948,00700,全域,002,女,082,８１歳,02000,青森県,1980000000,1980年,人
1958,00700,全域,002,女,082,８１歳,03000,岩手県,1980000000,1980年,人
2525,00700,全域,002,女,082,８１歳,04000,宮城県,1980000000,1980年,人
1902,00700,全域,002,女,082,８１歳,05000,秋田県,1980000000,1980年,人
2083,00700,全域,002,女,082,８１歳,06000,山形県,1980000000,1980年,人
3038,00700,全域,002,女,082,８１歳,07000,福島県,1980000000,1980年,人
3341,00700,全域,002,女,082,８１歳,08000,茨城県,1980000000,1980年,人
2389,00700,全域,002,女,082,８１歳,09000,栃木県,1980000000,1980年,人
2566,00700,全域,002,女,082,８１歳,10000,群馬県,1980000000,1980年,人
4251,00700,全域,002,女,082,８１歳,11000,埼玉県,1980000000,1980年,人
4982,00700,全域,002,女,082,８１歳,12000,千葉県,1980000000,1980年,人
12053,00700,全域,002,女,082,８１歳,13000,東京都,1980000000,1980年,人
5834,00700,全域,002,女,082,８１歳,14000,神奈川県,1980000000,1980年,人
3455,00700,全域,002,女,082,８１歳,15000,新潟県,1980000000,1980年,人
1628,00700,全域,002,女,082,８１歳,16000,富山県,1980000000,1980年,人
1555,00700,全域,002,女,082,８１歳,17000,石川県,1980000000,1980年,人
1286,00700,全域,002,女,082,８１歳,18000,福井県,1980000000,1980年,人
1232,00700,全域,002,女,082,８１歳,19000,山梨県,1980000000,1980年,人
3547,00700,全域,002,女,082,８１歳,20000,長野県,1980000000,1980年,人
2639,00700,全域,002,女,082,８１歳,21000,岐阜県,1980000000,1980年,人
4491,00700,全域,002,女,082,８１歳,22000,静岡県,1980000000,1980年,人
6025,00700,全域,002,女,082,８１歳,23000,愛知県,1980000000,1980年,人
2784,00700,全域,002,女,082,８１歳,24000,三重県,1980000000,1980年,人
1516,00700,全域,002,女,082,８１歳,25000,滋賀県,1980000000,1980年,人
3747,00700,全域,002,女,082,８１歳,26000,京都府,1980000000,1980年,人
7810,00700,全域,002,女,082,８１歳,27000,大阪府,1980000000,1980年,人
6428,00700,全域,002,女,082,８１歳,28000,兵庫県,1980000000,1980年,人
1534,00700,全域,002,女,082,８１歳,29000,奈良県,1980000000,1980年,人
1735,00700,全域,002,女,082,８１歳,30000,和歌山県,1980000000,1980年,人
1236,00700,全域,002,女,082,８１歳,31000,鳥取県,1980000000,1980年,人
1630,00700,全域,002,女,082,８１歳,32000,島根県,1980000000,1980年,人
3479,00700,全域,002,女,082,８１歳,33000,岡山県,1980000000,1980年,人
3843,00700,全域,002,女,082,８１歳,34000,広島県,1980000000,1980年,人
2732,00700,全域,002,女,082,８１歳,35000,山口県,1980000000,1980年,人
1452,00700,全域,002,女,082,８１歳,36000,徳島県,1980000000,1980年,人
1779,00700,全域,002,女,082,８１歳,37000,香川県,1980000000,1980年,人
2631,00700,全域,002,女,082,８１歳,38000,愛媛県,1980000000,1980年,人
1953,00700,全域,002,女,082,８１歳,39000,高知県,1980000000,1980年,人
6401,00700,全域,002,女,082,８１歳,40000,福岡県,1980000000,1980年,人
1596,00700,全域,002,女,082,８１歳,41000,佐賀県,1980000000,1980年,人
2526,00700,全域,002,女,082,８１歳,42000,長崎県,1980000000,1980年,人
3196,00700,全域,002,女,082,８１歳,43000,熊本県,1980000000,1980年,人
2093,00700,全域,002,女,082,８１歳,44000,大分県,1980000000,1980年,人
1650,00700,全域,002,女,082,８１歳,45000,宮崎県,1980000000,1980年,人
3122,00700,全域,002,女,082,８１歳,46000,鹿児島県,1980000000,1980年,人
1409,00700,全域,002,女,082,８１歳,47000,沖縄県,1980000000,1980年,人
137122,00700,全域,002,女,083,８２歳,00000,全国,1980000000,1980年,人
91116,00700,全域,002,女,083,８２歳,00001,全国市部,1980000000,1980年,人
46006,00700,全域,002,女,083,８２歳,00002,全国郡部,1980000000,1980年,人
5023,00700,全域,002,女,083,８２歳,01000,北海道,1980000000,1980年,人
1607,00700,全域,002,女,083,８２歳,02000,青森県,1980000000,1980年,人
1724,00700,全域,002,女,083,８２歳,03000,岩手県,1980000000,1980年,人
2132,00700,全域,002,女,083,８２歳,04000,宮城県,1980000000,1980年,人
1522,00700,全域,002,女,083,８２歳,05000,秋田県,1980000000,1980年,人
1776,00700,全域,002,女,083,８２歳,06000,山形県,1980000000,1980年,人
2580,00700,全域,002,女,083,８２歳,07000,福島県,1980000000,1980年,人
3081,00700,全域,002,女,083,８２歳,08000,茨城県,1980000000,1980年,人
2076,00700,全域,002,女,083,８２歳,09000,栃木県,1980000000,1980年,人
2317,00700,全域,002,女,083,８２歳,10000,群馬県,1980000000,1980年,人
3755,00700,全域,002,女,083,８２歳,11000,埼玉県,1980000000,1980年,人
4205,00700,全域,002,女,083,８２歳,12000,千葉県,1980000000,1980年,人
10684,00700,全域,002,女,083,８２歳,13000,東京都,1980000000,1980年,人
4962,00700,全域,002,女,083,８２歳,14000,神奈川県,1980000000,1980年,人
2998,00700,全域,002,女,083,８２歳,15000,新潟県,1980000000,1980年,人
1392,00700,全域,002,女,083,８２歳,16000,富山県,1980000000,1980年,人
1326,00700,全域,002,女,083,８２歳,17000,石川県,1980000000,1980年,人
1227,00700,全域,002,女,083,８２歳,18000,福井県,1980000000,1980年,人
1151,00700,全域,002,女,083,８２歳,19000,山梨県,1980000000,1980年,人
3193,00700,全域,002,女,083,８２歳,20000,長野県,1980000000,1980年,人
2250,00700,全域,002,女,083,８２歳,21000,岐阜県,1980000000,1980年,人
3903,00700,全域,002,女,083,８２歳,22000,静岡県,1980000000,1980年,人
5292,00700,全域,002,女,083,８２歳,23000,愛知県,1980000000,1980年,人
2521,00700,全域,002,女,083,８２歳,24000,三重県,1980000000,1980年,人
1457,00700,全域,002,女,083,８２歳,25000,滋賀県,1980000000,1980年,人
3291,00700,全域,002,女,083,８２歳,26000,京都府,1980000000,1980年,人
7356,00700,全域,002,女,083,８２歳,27000,大阪府,1980000000,1980年,人
6325,00700,全域,002,女,083,８２歳,28000,兵庫県,1980000000,1980年,人
1500,00700,全域,002,女,083,８２歳,29000,奈良県,1980000000,1980年,人
1799,00700,全域,002,女,083,８２歳,30000,和歌山県,1980000000,1980年,人
980,00700,全域,002,女,083,８２歳,31000,鳥取県,1980000000,1980年,人
1515,00700,全域,002,女,083,８２歳,32000,島根県,1980000000,1980年,人
3197,00700,全域,002,女,083,８２歳,33000,岡山県,1980000000,1980年,人
4296,00700,全域,002,女,083,８２歳,34000,広島県,1980000000,1980年,人
2557,00700,全域,002,女,083,８２歳,35000,山口県,1980000000,1980年,人
1402,00700,全域,002,女,083,８２歳,36000,徳島県,1980000000,1980年,人
1671,00700,全域,002,女,083,８２歳,37000,香川県,1980000000,1980年,人
2521,00700,全域,002,女,083,８２歳,38000,愛媛県,1980000000,1980年,人
1786,00700,全域,002,女,083,８２歳,39000,高知県,1980000000,1980年,人
5946,00700,全域,002,女,083,８２歳,40000,福岡県,1980000000,1980年,人
1479,00700,全域,002,女,083,８２歳,41000,佐賀県,1980000000,1980年,人
2521,00700,全域,002,女,083,８２歳,42000,長崎県,1980000000,1980年,人
3431,00700,全域,002,女,083,８２歳,43000,熊本県,1980000000,1980年,人
2166,00700,全域,002,女,083,８２歳,44000,大分県,1980000000,1980年,人
1829,00700,全域,002,女,083,８２歳,45000,宮崎県,1980000000,1980年,人
3916,00700,全域,002,女,083,８２歳,46000,鹿児島県,1980000000,1980年,人
1484,00700,全域,002,女,083,８２歳,47000,沖縄県,1980000000,1980年,人
114754,00700,全域,002,女,084,８３歳,00000,全国,1980000000,1980年,人
75716,00700,全域,002,女,084,８３歳,00001,全国市部,1980000000,1980年,人
39038,00700,全域,002,女,084,８３歳,00002,全国郡部,1980000000,1980年,人
4394,00700,全域,002,女,084,８３歳,01000,北海道,1980000000,1980年,人
1339,00700,全域,002,女,084,８３歳,02000,青森県,1980000000,1980年,人
1508,00700,全域,002,女,084,８３歳,03000,岩手県,1980000000,1980年,人
1947,00700,全域,002,女,084,８３歳,04000,宮城県,1980000000,1980年,人
1360,00700,全域,002,女,084,８３歳,05000,秋田県,1980000000,1980年,人
1538,00700,全域,002,女,084,８３歳,06000,山形県,1980000000,1980年,人
2443,00700,全域,002,女,084,８３歳,07000,福島県,1980000000,1980年,人
2487,00700,全域,002,女,084,８３歳,08000,茨城県,1980000000,1980年,人
1742,00700,全域,002,女,084,８３歳,09000,栃木県,1980000000,1980年,人
1846,00700,全域,002,女,084,８３歳,10000,群馬県,1980000000,1980年,人
3162,00700,全域,002,女,084,８３歳,11000,埼玉県,1980000000,1980年,人
3465,00700,全域,002,女,084,８３歳,12000,千葉県,1980000000,1980年,人
9007,00700,全域,002,女,084,８３歳,13000,東京都,1980000000,1980年,人
4478,00700,全域,002,女,084,８３歳,14000,神奈川県,1980000000,1980年,人
2618,00700,全域,002,女,084,８３歳,15000,新潟県,1980000000,1980年,人
1158,00700,全域,002,女,084,８３歳,16000,富山県,1980000000,1980年,人
1175,00700,全域,002,女,084,８３歳,17000,石川県,1980000000,1980年,人
913,00700,全域,002,女,084,８３歳,18000,福井県,1980000000,1980年,人
1027,00700,全域,002,女,084,８３歳,19000,山梨県,1980000000,1980年,人
2824,00700,全域,002,女,084,８３歳,20000,長野県,1980000000,1980年,人
1816,00700,全域,002,女,084,８３歳,21000,岐阜県,1980000000,1980年,人
3530,00700,全域,002,女,084,８３歳,22000,静岡県,1980000000,1980年,人
4214,00700,全域,002,女,084,８３歳,23000,愛知県,1980000000,1980年,人
2026,00700,全域,002,女,084,８３歳,24000,三重県,1980000000,1980年,人
1143,00700,全域,002,女,084,８３歳,25000,滋賀県,1980000000,1980年,人
2703,00700,全域,002,女,084,８３歳,26000,京都府,1980000000,1980年,人
5754,00700,全域,002,女,084,８３歳,27000,大阪府,1980000000,1980年,人
5113,00700,全域,002,女,084,８３歳,28000,兵庫県,1980000000,1980年,人
1234,00700,全域,002,女,084,８３歳,29000,奈良県,1980000000,1980年,人
1484,00700,全域,002,女,084,８３歳,30000,和歌山県,1980000000,1980年,人
943,00700,全域,002,女,084,８３歳,31000,鳥取県,1980000000,1980年,人
1393,00700,全域,002,女,084,８３歳,32000,島根県,1980000000,1980年,人
2805,00700,全域,002,女,084,８３歳,33000,岡山県,1980000000,1980年,人
3442,00700,全域,002,女,084,８３歳,34000,広島県,1980000000,1980年,人
2257,00700,全域,002,女,084,８３歳,35000,山口県,1980000000,1980年,人
1064,00700,全域,002,女,084,８３歳,36000,徳島県,1980000000,1980年,人
1392,00700,全域,002,女,084,８３歳,37000,香川県,1980000000,1980年,人
2091,00700,全域,002,女,084,８３歳,38000,愛媛県,1980000000,1980年,人
1594,00700,全域,002,女,084,８３歳,39000,高知県,1980000000,1980年,人
5123,00700,全域,002,女,084,８３歳,40000,福岡県,1980000000,1980年,人
1268,00700,全域,002,女,084,８３歳,41000,佐賀県,1980000000,1980年,人
2035,00700,全域,002,女,084,８３歳,42000,長崎県,1980000000,1980年,人
2727,00700,全域,002,女,084,８３歳,43000,熊本県,1980000000,1980年,人
1697,00700,全域,002,女,084,８３歳,44000,大分県,1980000000,1980年,人
1499,00700,全域,002,女,084,８３歳,45000,宮崎県,1980000000,1980年,人
2686,00700,全域,002,女,084,８３歳,46000,鹿児島県,1980000000,1980年,人
1290,00700,全域,002,女,084,８３歳,47000,沖縄県,1980000000,1980年,人
97789,00700,全域,002,女,085,８４歳,00000,全国,1980000000,1980年,人
63770,00700,全域,002,女,085,８４歳,00001,全国市部,1980000000,1980年,人
34019,00700,全域,002,女,085,８４歳,00002,全国郡部,1980000000,1980年,人
3412,00700,全域,002,女,085,８４歳,01000,北海道,1980000000,1980年,人
1184,00700,全域,002,女,085,８４歳,02000,青森県,1980000000,1980年,人
1256,00700,全域,002,女,085,８４歳,03000,岩手県,1980000000,1980年,人
1571,00700,全域,002,女,085,８４歳,04000,宮城県,1980000000,1980年,人
1171,00700,全域,002,女,085,８４歳,05000,秋田県,1980000000,1980年,人
1183,00700,全域,002,女,085,８４歳,06000,山形県,1980000000,1980年,人
1986,00700,全域,002,女,085,８４歳,07000,福島県,1980000000,1980年,人
2344,00700,全域,002,女,085,８４歳,08000,茨城県,1980000000,1980年,人
1580,00700,全域,002,女,085,８４歳,09000,栃木県,1980000000,1980年,人
1565,00700,全域,002,女,085,８４歳,10000,群馬県,1980000000,1980年,人
2617,00700,全域,002,女,085,８４歳,11000,埼玉県,1980000000,1980年,人
2778,00700,全域,002,女,085,８４歳,12000,千葉県,1980000000,1980年,人
7417,00700,全域,002,女,085,８４歳,13000,東京都,1980000000,1980年,人
3648,00700,全域,002,女,085,８４歳,14000,神奈川県,1980000000,1980年,人
2368,00700,全域,002,女,085,８４歳,15000,新潟県,1980000000,1980年,人
1015,00700,全域,002,女,085,８４歳,16000,富山県,1980000000,1980年,人
1061,00700,全域,002,女,085,８４歳,17000,石川県,1980000000,1980年,人
828,00700,全域,002,女,085,８４歳,18000,福井県,1980000000,1980年,人
898,00700,全域,002,女,085,８４歳,19000,山梨県,1980000000,1980年,人
2353,00700,全域,002,女,085,８４歳,20000,長野県,1980000000,1980年,人
1683,00700,全域,002,女,085,８４歳,21000,岐阜県,1980000000,1980年,人
3060,00700,全域,002,女,085,８４歳,22000,静岡県,1980000000,1980年,人
3830,00700,全域,002,女,085,８４歳,23000,愛知県,1980000000,1980年,人
1752,00700,全域,002,女,085,８４歳,24000,三重県,1980000000,1980年,人
988,00700,全域,002,女,085,８４歳,25000,滋賀県,1980000000,1980年,人
2251,00700,全域,002,女,085,８４歳,26000,京都府,1980000000,1980年,人
4774,00700,全域,002,女,085,８４歳,27000,大阪府,1980000000,1980年,人
4404,00700,全域,002,女,085,８４歳,28000,兵庫県,1980000000,1980年,人
1042,00700,全域,002,女,085,８４歳,29000,奈良県,1980000000,1980年,人
1288,00700,全域,002,女,085,８４歳,30000,和歌山県,1980000000,1980年,人
889,00700,全域,002,女,085,８４歳,31000,鳥取県,1980000000,1980年,人
1223,00700,全域,002,女,085,８４歳,32000,島根県,1980000000,1980年,人
2377,00700,全域,002,女,085,８４歳,33000,岡山県,1980000000,1980年,人
2980,00700,全域,002,女,085,８４歳,34000,広島県,1980000000,1980年,人
1894,00700,全域,002,女,085,８４歳,35000,山口県,1980000000,1980年,人
1015,00700,全域,002,女,085,８４歳,36000,徳島県,1980000000,1980年,人
1265,00700,全域,002,女,085,８４歳,37000,香川県,1980000000,1980年,人
1829,00700,全域,002,女,085,８４歳,38000,愛媛県,1980000000,1980年,人
1259,00700,全域,002,女,085,８４歳,39000,高知県,1980000000,1980年,人
4189,00700,全域,002,女,085,８４歳,40000,福岡県,1980000000,1980年,人
1126,00700,全域,002,女,085,８４歳,41000,佐賀県,1980000000,1980年,人
1847,00700,全域,002,女,085,８４歳,42000,長崎県,1980000000,1980年,人
2260,00700,全域,002,女,085,８４歳,43000,熊本県,1980000000,1980年,人
1513,00700,全域,002,女,085,８４歳,44000,大分県,1980000000,1980年,人
1207,00700,全域,002,女,085,８４歳,45000,宮崎県,1980000000,1980年,人
2542,00700,全域,002,女,085,８４歳,46000,鹿児島県,1980000000,1980年,人
1067,00700,全域,002,女,085,８４歳,47000,沖縄県,1980000000,1980年,人
81385,00700,全域,002,女,086,８５歳,00000,全国,1980000000,1980年,人
53264,00700,全域,002,女,086,８５歳,00001,全国市部,1980000000,1980年,人
28121,00700,全域,002,女,086,８５歳,00002,全国郡部,1980000000,1980年,人
2960,00700,全域,002,女,086,８５歳,01000,北海道,1980000000,1980年,人
977,00700,全域,002,女,086,８５歳,02000,青森県,1980000000,1980年,人
1113,00700,全域,002,女,086,８５歳,03000,岩手県,1980000000,1980年,人
1406,00700,全域,002,女,086,８５歳,04000,宮城県,1980000000,1980年,人
918,00700,全域,002,女,086,８５歳,05000,秋田県,1980000000,1980年,人
1116,00700,全域,002,女,086,８５歳,06000,山形県,1980000000,1980年,人
1756,00700,全域,002,女,086,８５歳,07000,福島県,1980000000,1980年,人
1857,00700,全域,002,女,086,８５歳,08000,茨城県,1980000000,1980年,人
1307,00700,全域,002,女,086,８５歳,09000,栃木県,1980000000,1980年,人
1329,00700,全域,002,女,086,８５歳,10000,群馬県,1980000000,1980年,人
2157,00700,全域,002,女,086,８５歳,11000,埼玉県,1980000000,1980年,人
2311,00700,全域,002,女,086,８５歳,12000,千葉県,1980000000,1980年,人
6189,00700,全域,002,女,086,８５歳,13000,東京都,1980000000,1980年,人
2940,00700,全域,002,女,086,８５歳,14000,神奈川県,1980000000,1980年,人
1990,00700,全域,002,女,086,８５歳,15000,新潟県,1980000000,1980年,人
790,00700,全域,002,女,086,８５歳,16000,富山県,1980000000,1980年,人
844,00700,全域,002,女,086,８５歳,17000,石川県,1980000000,1980年,人
695,00700,全域,002,女,086,８５歳,18000,福井県,1980000000,1980年,人
743,00700,全域,002,女,086,８５歳,19000,山梨県,1980000000,1980年,人
1953,00700,全域,002,女,086,８５歳,20000,長野県,1980000000,1980年,人
1339,00700,全域,002,女,086,８５歳,21000,岐阜県,1980000000,1980年,人
2612,00700,全域,002,女,086,８５歳,22000,静岡県,1980000000,1980年,人
3249,00700,全域,002,女,086,８５歳,23000,愛知県,1980000000,1980年,人
1510,00700,全域,002,女,086,８５歳,24000,三重県,1980000000,1980年,人
870,00700,全域,002,女,086,８５歳,25000,滋賀県,1980000000,1980年,人
1932,00700,全域,002,女,086,８５歳,26000,京都府,1980000000,1980年,人
4015,00700,全域,002,女,086,８５歳,27000,大阪府,1980000000,1980年,人
3591,00700,全域,002,女,086,８５歳,28000,兵庫県,1980000000,1980年,人
930,00700,全域,002,女,086,８５歳,29000,奈良県,1980000000,1980年,人
1031,00700,全域,002,女,086,８５歳,30000,和歌山県,1980000000,1980年,人
674,00700,全域,002,女,086,８５歳,31000,鳥取県,1980000000,1980年,人
1030,00700,全域,002,女,086,８５歳,32000,島根県,1980000000,1980年,人
1875,00700,全域,002,女,086,８５歳,33000,岡山県,1980000000,1980年,人
2176,00700,全域,002,女,086,８５歳,34000,広島県,1980000000,1980年,人
1552,00700,全域,002,女,086,８５歳,35000,山口県,1980000000,1980年,人
792,00700,全域,002,女,086,８５歳,36000,徳島県,1980000000,1980年,人
999,00700,全域,002,女,086,８５歳,37000,香川県,1980000000,1980年,人
1527,00700,全域,002,女,086,８５歳,38000,愛媛県,1980000000,1980年,人
1056,00700,全域,002,女,086,８５歳,39000,高知県,1980000000,1980年,人
3547,00700,全域,002,女,086,８５歳,40000,福岡県,1980000000,1980年,人
916,00700,全域,002,女,086,８５歳,41000,佐賀県,1980000000,1980年,人
1388,00700,全域,002,女,086,８５歳,42000,長崎県,1980000000,1980年,人
1899,00700,全域,002,女,086,８５歳,43000,熊本県,1980000000,1980年,人
1229,00700,全域,002,女,086,８５歳,44000,大分県,1980000000,1980年,人
1039,00700,全域,002,女,086,８５歳,45000,宮崎県,1980000000,1980年,人
2098,00700,全域,002,女,086,８５歳,46000,鹿児島県,1980000000,1980年,人
1158,00700,全域,002,女,086,８５歳,47000,沖縄県,1980000000,1980年,人
65138,00700,全域,002,女,087,８６歳,00000,全国,1980000000,1980年,人
42154,00700,全域,002,女,087,８６歳,00001,全国市部,1980000000,1980年,人
22984,00700,全域,002,女,087,８６歳,00002,全国郡部,1980000000,1980年,人
2418,00700,全域,002,女,087,８６歳,01000,北海道,1980000000,1980年,人
749,00700,全域,002,女,087,８６歳,02000,青森県,1980000000,1980年,人
872,00700,全域,002,女,087,８６歳,03000,岩手県,1980000000,1980年,人
1126,00700,全域,002,女,087,８６歳,04000,宮城県,1980000000,1980年,人
660,00700,全域,002,女,087,８６歳,05000,秋田県,1980000000,1980年,人
836,00700,全域,002,女,087,８６歳,06000,山形県,1980000000,1980年,人
1293,00700,全域,002,女,087,８６歳,07000,福島県,1980000000,1980年,人
1512,00700,全域,002,女,087,８６歳,08000,茨城県,1980000000,1980年,人
1073,00700,全域,002,女,087,８６歳,09000,栃木県,1980000000,1980年,人
1108,00700,全域,002,女,087,８６歳,10000,群馬県,1980000000,1980年,人
1783,00700,全域,002,女,087,８６歳,11000,埼玉県,1980000000,1980年,人
1904,00700,全域,002,女,087,８６歳,12000,千葉県,1980000000,1980年,人
4981,00700,全域,002,女,087,８６歳,13000,東京都,1980000000,1980年,人
2455,00700,全域,002,女,087,８６歳,14000,神奈川県,1980000000,1980年,人
1520,00700,全域,002,女,087,８６歳,15000,新潟県,1980000000,1980年,人
698,00700,全域,002,女,087,８６歳,16000,富山県,1980000000,1980年,人
729,00700,全域,002,女,087,８６歳,17000,石川県,1980000000,1980年,人
644,00700,全域,002,女,087,８６歳,18000,福井県,1980000000,1980年,人
622,00700,全域,002,女,087,８６歳,19000,山梨県,1980000000,1980年,人
1529,00700,全域,002,女,087,８６歳,20000,長野県,1980000000,1980年,人
1121,00700,全域,002,女,087,８６歳,21000,岐阜県,1980000000,1980年,人
2114,00700,全域,002,女,087,８６歳,22000,静岡県,1980000000,1980年,人
2551,00700,全域,002,女,087,８６歳,23000,愛知県,1980000000,1980年,人
1213,00700,全域,002,女,087,８６歳,24000,三重県,1980000000,1980年,人
633,00700,全域,002,女,087,８６歳,25000,滋賀県,1980000000,1980年,人
1487,00700,全域,002,女,087,８６歳,26000,京都府,1980000000,1980年,人
2935,00700,全域,002,女,087,８６歳,27000,大阪府,1980000000,1980年,人
2799,00700,全域,002,女,087,８６歳,28000,兵庫県,1980000000,1980年,人
699,00700,全域,002,女,087,８６歳,29000,奈良県,1980000000,1980年,人
773,00700,全域,002,女,087,８６歳,30000,和歌山県,1980000000,1980年,人
539,00700,全域,002,女,087,８６歳,31000,鳥取県,1980000000,1980年,人
773,00700,全域,002,女,087,８６歳,32000,島根県,1980000000,1980年,人
1476,00700,全域,002,女,087,８６歳,33000,岡山県,1980000000,1980年,人
1882,00700,全域,002,女,087,８６歳,34000,広島県,1980000000,1980年,人
1274,00700,全域,002,女,087,８６歳,35000,山口県,1980000000,1980年,人
590,00700,全域,002,女,087,８６歳,36000,徳島県,1980000000,1980年,人
762,00700,全域,002,女,087,８６歳,37000,香川県,1980000000,1980年,人
1222,00700,全域,002,女,087,８６歳,38000,愛媛県,1980000000,1980年,人
830,00700,全域,002,女,087,８６歳,39000,高知県,1980000000,1980年,人
2914,00700,全域,002,女,087,８６歳,40000,福岡県,1980000000,1980年,人
738,00700,全域,002,女,087,８６歳,41000,佐賀県,1980000000,1980年,人
1145,00700,全域,002,女,087,８６歳,42000,長崎県,1980000000,1980年,人
1670,00700,全域,002,女,087,８６歳,43000,熊本県,1980000000,1980年,人
981,00700,全域,002,女,087,８６歳,44000,大分県,1980000000,1980年,人
819,00700,全域,002,女,087,８６歳,45000,宮崎県,1980000000,1980年,人
1789,00700,全域,002,女,087,８６歳,46000,鹿児島県,1980000000,1980年,人
897,00700,全域,002,女,087,８６歳,47000,沖縄県,1980000000,1980年,人
52036,00700,全域,002,女,088,８７歳,00000,全国,1980000000,1980年,人
33837,00700,全域,002,女,088,８７歳,00001,全国市部,1980000000,1980年,人
18199,00700,全域,002,女,088,８７歳,00002,全国郡部,1980000000,1980年,人
1879,00700,全域,002,女,088,８７歳,01000,北海道,1980000000,1980年,人
645,00700,全域,002,女,088,８７歳,02000,青森県,1980000000,1980年,人
689,00700,全域,002,女,088,８７歳,03000,岩手県,1980000000,1980年,人
908,00700,全域,002,女,088,８７歳,04000,宮城県,1980000000,1980年,人
553,00700,全域,002,女,088,８７歳,05000,秋田県,1980000000,1980年,人
650,00700,全域,002,女,088,８７歳,06000,山形県,1980000000,1980年,人
1140,00700,全域,002,女,088,８７歳,07000,福島県,1980000000,1980年,人
1206,00700,全域,002,女,088,８７歳,08000,茨城県,1980000000,1980年,人
778,00700,全域,002,女,088,８７歳,09000,栃木県,1980000000,1980年,人
814,00700,全域,002,女,088,８７歳,10000,群馬県,1980000000,1980年,人
1389,00700,全域,002,女,088,８７歳,11000,埼玉県,1980000000,1980年,人
1498,00700,全域,002,女,088,８７歳,12000,千葉県,1980000000,1980年,人
3829,00700,全域,002,女,088,８７歳,13000,東京都,1980000000,1980年,人
1882,00700,全域,002,女,088,８７歳,14000,神奈川県,1980000000,1980年,人
1240,00700,全域,002,女,088,８７歳,15000,新潟県,1980000000,1980年,人
532,00700,全域,002,女,088,８７歳,16000,富山県,1980000000,1980年,人
551,00700,全域,002,女,088,８７歳,17000,石川県,1980000000,1980年,人
519,00700,全域,002,女,088,８７歳,18000,福井県,1980000000,1980年,人
501,00700,全域,002,女,088,８７歳,19000,山梨県,1980000000,1980年,人
1199,00700,全域,002,女,088,８７歳,20000,長野県,1980000000,1980年,人
859,00700,全域,002,女,088,８７歳,21000,岐阜県,1980000000,1980年,人
1632,00700,全域,002,女,088,８７歳,22000,静岡県,1980000000,1980年,人
1936,00700,全域,002,女,088,８７歳,23000,愛知県,1980000000,1980年,人
940,00700,全域,002,女,088,８７歳,24000,三重県,1980000000,1980年,人
548,00700,全域,002,女,088,８７歳,25000,滋賀県,1980000000,1980年,人
1219,00700,全域,002,女,088,８７歳,26000,京都府,1980000000,1980年,人
2466,00700,全域,002,女,088,８７歳,27000,大阪府,1980000000,1980年,人
2233,00700,全域,002,女,088,８７歳,28000,兵庫県,1980000000,1980年,人
497,00700,全域,002,女,088,８７歳,29000,奈良県,1980000000,1980年,人
663,00700,全域,002,女,088,８７歳,30000,和歌山県,1980000000,1980年,人
430,00700,全域,002,女,088,８７歳,31000,鳥取県,1980000000,1980年,人
639,00700,全域,002,女,088,８７歳,32000,島根県,1980000000,1980年,人
1161,00700,全域,002,女,088,８７歳,33000,岡山県,1980000000,1980年,人
1641,00700,全域,002,女,088,８７歳,34000,広島県,1980000000,1980年,人
1036,00700,全域,002,女,088,８７歳,35000,山口県,1980000000,1980年,人
450,00700,全域,002,女,088,８７歳,36000,徳島県,1980000000,1980年,人
659,00700,全域,002,女,088,８７歳,37000,香川県,1980000000,1980年,人
1021,00700,全域,002,女,088,８７歳,38000,愛媛県,1980000000,1980年,人
719,00700,全域,002,女,088,８７歳,39000,高知県,1980000000,1980年,人
2347,00700,全域,002,女,088,８７歳,40000,福岡県,1980000000,1980年,人
625,00700,全域,002,女,088,８７歳,41000,佐賀県,1980000000,1980年,人
985,00700,全域,002,女,088,８７歳,42000,長崎県,1980000000,1980年,人
1317,00700,全域,002,女,088,８７歳,43000,熊本県,1980000000,1980年,人
790,00700,全域,002,女,088,８７歳,44000,大分県,1980000000,1980年,人
679,00700,全域,002,女,088,８７歳,45000,宮崎県,1980000000,1980年,人
1412,00700,全域,002,女,088,８７歳,46000,鹿児島県,1980000000,1980年,人
730,00700,全域,002,女,088,８７歳,47000,沖縄県,1980000000,1980年,人
42162,00700,全域,002,女,089,８８歳,00000,全国,1980000000,1980年,人
27095,00700,全域,002,女,089,８８歳,00001,全国市部,1980000000,1980年,人
15067,00700,全域,002,女,089,８８歳,00002,全国郡部,1980000000,1980年,人
1503,00700,全域,002,女,089,８８歳,01000,北海道,1980000000,1980年,人
481,00700,全域,002,女,089,８８歳,02000,青森県,1980000000,1980年,人
478,00700,全域,002,女,089,８８歳,03000,岩手県,1980000000,1980年,人
750,00700,全域,002,女,089,８８歳,04000,宮城県,1980000000,1980年,人
435,00700,全域,002,女,089,８８歳,05000,秋田県,1980000000,1980年,人
513,00700,全域,002,女,089,８８歳,06000,山形県,1980000000,1980年,人
880,00700,全域,002,女,089,８８歳,07000,福島県,1980000000,1980年,人
980,00700,全域,002,女,089,８８歳,08000,茨城県,1980000000,1980年,人
645,00700,全域,002,女,089,８８歳,09000,栃木県,1980000000,1980年,人
680,00700,全域,002,女,089,８８歳,10000,群馬県,1980000000,1980年,人
1098,00700,全域,002,女,089,８８歳,11000,埼玉県,1980000000,1980年,人
1290,00700,全域,002,女,089,８８歳,12000,千葉県,1980000000,1980年,人
3128,00700,全域,002,女,089,８８歳,13000,東京都,1980000000,1980年,人
1551,00700,全域,002,女,089,８８歳,14000,神奈川県,1980000000,1980年,人
932,00700,全域,002,女,089,８８歳,15000,新潟県,1980000000,1980年,人
392,00700,全域,002,女,089,８８歳,16000,富山県,1980000000,1980年,人
423,00700,全域,002,女,089,８８歳,17000,石川県,1980000000,1980年,人
436,00700,全域,002,女,089,８８歳,18000,福井県,1980000000,1980年,人
406,00700,全域,002,女,089,８８歳,19000,山梨県,1980000000,1980年,人
962,00700,全域,002,女,089,８８歳,20000,長野県,1980000000,1980年,人
712,00700,全域,002,女,089,８８歳,21000,岐阜県,1980000000,1980年,人
1349,00700,全域,002,女,089,８８歳,22000,静岡県,1980000000,1980年,人
1583,00700,全域,002,女,089,８８歳,23000,愛知県,1980000000,1980年,人
784,00700,全域,002,女,089,８８歳,24000,三重県,1980000000,1980年,人
435,00700,全域,002,女,089,８８歳,25000,滋賀県,1980000000,1980年,人
1032,00700,全域,002,女,089,８８歳,26000,京都府,1980000000,1980年,人
1855,00700,全域,002,女,089,８８歳,27000,大阪府,1980000000,1980年,人
1844,00700,全域,002,女,089,８８歳,28000,兵庫県,1980000000,1980年,人
459,00700,全域,002,女,089,８８歳,29000,奈良県,1980000000,1980年,人
551,00700,全域,002,女,089,８８歳,30000,和歌山県,1980000000,1980年,人
343,00700,全域,002,女,089,８８歳,31000,鳥取県,1980000000,1980年,人
615,00700,全域,002,女,089,８８歳,32000,島根県,1980000000,1980年,人
1022,00700,全域,002,女,089,８８歳,33000,岡山県,1980000000,1980年,人
1310,00700,全域,002,女,089,８８歳,34000,広島県,1980000000,1980年,人
876,00700,全域,002,女,089,８８歳,35000,山口県,1980000000,1980年,人
400,00700,全域,002,女,089,８８歳,36000,徳島県,1980000000,1980年,人
562,00700,全域,002,女,089,８８歳,37000,香川県,1980000000,1980年,人
831,00700,全域,002,女,089,８８歳,38000,愛媛県,1980000000,1980年,人
578,00700,全域,002,女,089,８８歳,39000,高知県,1980000000,1980年,人
1815,00700,全域,002,女,089,８８歳,40000,福岡県,1980000000,1980年,人
459,00700,全域,002,女,089,８８歳,41000,佐賀県,1980000000,1980年,人
807,00700,全域,002,女,089,８８歳,42000,長崎県,1980000000,1980年,人
1041,00700,全域,002,女,089,８８歳,43000,熊本県,1980000000,1980年,人
602,00700,全域,002,女,089,８８歳,44000,大分県,1980000000,1980年,人
563,00700,全域,002,女,089,８８歳,45000,宮崎県,1980000000,1980年,人
1095,00700,全域,002,女,089,８８歳,46000,鹿児島県,1980000000,1980年,人
676,00700,全域,002,女,089,８８歳,47000,沖縄県,1980000000,1980年,人
30537,00700,全域,002,女,090,８９歳,00000,全国,1980000000,1980年,人
19687,00700,全域,002,女,090,８９歳,00001,全国市部,1980000000,1980年,人
10850,00700,全域,002,女,090,８９歳,00002,全国郡部,1980000000,1980年,人
1000,00700,全域,002,女,090,８９歳,01000,北海道,1980000000,1980年,人
338,00700,全域,002,女,090,８９歳,02000,青森県,1980000000,1980年,人
345,00700,全域,002,女,090,８９歳,03000,岩手県,1980000000,1980年,人
556,00700,全域,002,女,090,８９歳,04000,宮城県,1980000000,1980年,人
281,00700,全域,002,女,090,８９歳,05000,秋田県,1980000000,1980年,人
386,00700,全域,002,女,090,８９歳,06000,山形県,1980000000,1980年,人
618,00700,全域,002,女,090,８９歳,07000,福島県,1980000000,1980年,人
700,00700,全域,002,女,090,８９歳,08000,茨城県,1980000000,1980年,人
492,00700,全域,002,女,090,８９歳,09000,栃木県,1980000000,1980年,人
489,00700,全域,002,女,090,８９歳,10000,群馬県,1980000000,1980年,人
811,00700,全域,002,女,090,８９歳,11000,埼玉県,1980000000,1980年,人
889,00700,全域,002,女,090,８９歳,12000,千葉県,1980000000,1980年,人
2331,00700,全域,002,女,090,８９歳,13000,東京都,1980000000,1980年,人
1116,00700,全域,002,女,090,８９歳,14000,神奈川県,1980000000,1980年,人
756,00700,全域,002,女,090,８９歳,15000,新潟県,1980000000,1980年,人
358,00700,全域,002,女,090,８９歳,16000,富山県,1980000000,1980年,人
286,00700,全域,002,女,090,８９歳,17000,石川県,1980000000,1980年,人
291,00700,全域,002,女,090,８９歳,18000,福井県,1980000000,1980年,人
322,00700,全域,002,女,090,８９歳,19000,山梨県,1980000000,1980年,人
720,00700,全域,002,女,090,８９歳,20000,長野県,1980000000,1980年,人
540,00700,全域,002,女,090,８９歳,21000,岐阜県,1980000000,1980年,人
972,00700,全域,002,女,090,８９歳,22000,静岡県,1980000000,1980年,人
1253,00700,全域,002,女,090,８９歳,23000,愛知県,1980000000,1980年,人
542,00700,全域,002,女,090,８９歳,24000,三重県,1980000000,1980年,人
306,00700,全域,002,女,090,８９歳,25000,滋賀県,1980000000,1980年,人
728,00700,全域,002,女,090,８９歳,26000,京都府,1980000000,1980年,人
1366,00700,全域,002,女,090,８９歳,27000,大阪府,1980000000,1980年,人
1297,00700,全域,002,女,090,８９歳,28000,兵庫県,1980000000,1980年,人
316,00700,全域,002,女,090,８９歳,29000,奈良県,1980000000,1980年,人
371,00700,全域,002,女,090,８９歳,30000,和歌山県,1980000000,1980年,人
236,00700,全域,002,女,090,８９歳,31000,鳥取県,1980000000,1980年,人
377,00700,全域,002,女,090,８９歳,32000,島根県,1980000000,1980年,人
693,00700,全域,002,女,090,８９歳,33000,岡山県,1980000000,1980年,人
926,00700,全域,002,女,090,８９歳,34000,広島県,1980000000,1980年,人
579,00700,全域,002,女,090,８９歳,35000,山口県,1980000000,1980年,人
280,00700,全域,002,女,090,８９歳,36000,徳島県,1980000000,1980年,人
406,00700,全域,002,女,090,８９歳,37000,香川県,1980000000,1980年,人
605,00700,全域,002,女,090,８９歳,38000,愛媛県,1980000000,1980年,人
395,00700,全域,002,女,090,８９歳,39000,高知県,1980000000,1980年,人
1356,00700,全域,002,女,090,８９歳,40000,福岡県,1980000000,1980年,人
383,00700,全域,002,女,090,８９歳,41000,佐賀県,1980000000,1980年,人
518,00700,全域,002,女,090,８９歳,42000,長崎県,1980000000,1980年,人
757,00700,全域,002,女,090,８９歳,43000,熊本県,1980000000,1980年,人
481,00700,全域,002,女,090,８９歳,44000,大分県,1980000000,1980年,人
387,00700,全域,002,女,090,８９歳,45000,宮崎県,1980000000,1980年,人
824,00700,全域,002,女,090,８９歳,46000,鹿児島県,1980000000,1980年,人
558,00700,全域,002,女,090,８９歳,47000,沖縄県,1980000000,1980年,人
25720,00700,全域,002,女,091,９０歳,00000,全国,1980000000,1980年,人
16532,00700,全域,002,女,091,９０歳,00001,全国市部,1980000000,1980年,人
9188,00700,全域,002,女,091,９０歳,00002,全国郡部,1980000000,1980年,人
961,00700,全域,002,女,091,９０歳,01000,北海道,1980000000,1980年,人
264,00700,全域,002,女,091,９０歳,02000,青森県,1980000000,1980年,人
306,00700,全域,002,女,091,９０歳,03000,岩手県,1980000000,1980年,人
459,00700,全域,002,女,091,９０歳,04000,宮城県,1980000000,1980年,人
196,00700,全域,002,女,091,９０歳,05000,秋田県,1980000000,1980年,人
310,00700,全域,002,女,091,９０歳,06000,山形県,1980000000,1980年,人
555,00700,全域,002,女,091,９０歳,07000,福島県,1980000000,1980年,人
587,00700,全域,002,女,091,９０歳,08000,茨城県,1980000000,1980年,人
404,00700,全域,002,女,091,９０歳,09000,栃木県,1980000000,1980年,人
379,00700,全域,002,女,091,９０歳,10000,群馬県,1980000000,1980年,人
671,00700,全域,002,女,091,９０歳,11000,埼玉県,1980000000,1980年,人
778,00700,全域,002,女,091,９０歳,12000,千葉県,1980000000,1980年,人
1906,00700,全域,002,女,091,９０歳,13000,東京都,1980000000,1980年,人
986,00700,全域,002,女,091,９０歳,14000,神奈川県,1980000000,1980年,人
601,00700,全域,002,女,091,９０歳,15000,新潟県,1980000000,1980年,人
293,00700,全域,002,女,091,９０歳,16000,富山県,1980000000,1980年,人
293,00700,全域,002,女,091,９０歳,17000,石川県,1980000000,1980年,人
217,00700,全域,002,女,091,９０歳,18000,福井県,1980000000,1980年,人
301,00700,全域,002,女,091,９０歳,19000,山梨県,1980000000,1980年,人
591,00700,全域,002,女,091,９０歳,20000,長野県,1980000000,1980年,人
444,00700,全域,002,女,091,９０歳,21000,岐阜県,1980000000,1980年,人
808,00700,全域,002,女,091,９０歳,22000,静岡県,1980000000,1980年,人
898,00700,全域,002,女,091,９０歳,23000,愛知県,1980000000,1980年,人
497,00700,全域,002,女,091,９０歳,24000,三重県,1980000000,1980年,人
271,00700,全域,002,女,091,９０歳,25000,滋賀県,1980000000,1980年,人
591,00700,全域,002,女,091,９０歳,26000,京都府,1980000000,1980年,人
1136,00700,全域,002,女,091,９０歳,27000,大阪府,1980000000,1980年,人
1119,00700,全域,002,女,091,９０歳,28000,兵庫県,1980000000,1980年,人
266,00700,全域,002,女,091,９０歳,29000,奈良県,1980000000,1980年,人
309,00700,全域,002,女,091,９０歳,30000,和歌山県,1980000000,1980年,人
238,00700,全域,002,女,091,９０歳,31000,鳥取県,1980000000,1980年,人
336,00700,全域,002,女,091,９０歳,32000,島根県,1980000000,1980年,人
565,00700,全域,002,女,091,９０歳,33000,岡山県,1980000000,1980年,人
813,00700,全域,002,女,091,９０歳,34000,広島県,1980000000,1980年,人
481,00700,全域,002,女,091,９０歳,35000,山口県,1980000000,1980年,人
276,00700,全域,002,女,091,９０歳,36000,徳島県,1980000000,1980年,人
341,00700,全域,002,女,091,９０歳,37000,香川県,1980000000,1980年,人
520,00700,全域,002,女,091,９０歳,38000,愛媛県,1980000000,1980年,人
381,00700,全域,002,女,091,９０歳,39000,高知県,1980000000,1980年,人
1065,00700,全域,002,女,091,９０歳,40000,福岡県,1980000000,1980年,人
303,00700,全域,002,女,091,９０歳,41000,佐賀県,1980000000,1980年,人
464,00700,全域,002,女,091,９０歳,42000,長崎県,1980000000,1980年,人
640,00700,全域,002,女,091,９０歳,43000,熊本県,1980000000,1980年,人
367,00700,全域,002,女,091,９０歳,44000,大分県,1980000000,1980年,人
313,00700,全域,002,女,091,９０歳,45000,宮崎県,1980000000,1980年,人
726,00700,全域,002,女,091,９０歳,46000,鹿児島県,1980000000,1980年,人
494,00700,全域,002,女,091,９０歳,47000,沖縄県,1980000000,1980年,人
20221,00700,全域,002,女,092,９１歳,00000,全国,1980000000,1980年,人
12876,00700,全域,002,女,092,９１歳,00001,全国市部,1980000000,1980年,人
7345,00700,全域,002,女,092,９１歳,00002,全国郡部,1980000000,1980年,人
710,00700,全域,002,女,092,９１歳,01000,北海道,1980000000,1980年,人
217,00700,全域,002,女,092,９１歳,02000,青森県,1980000000,1980年,人
256,00700,全域,002,女,092,９１歳,03000,岩手県,1980000000,1980年,人
345,00700,全域,002,女,092,９１歳,04000,宮城県,1980000000,1980年,人
158,00700,全域,002,女,092,９１歳,05000,秋田県,1980000000,1980年,人
220,00700,全域,002,女,092,９１歳,06000,山形県,1980000000,1980年,人
386,00700,全域,002,女,092,９１歳,07000,福島県,1980000000,1980年,人
496,00700,全域,002,女,092,９１歳,08000,茨城県,1980000000,1980年,人
309,00700,全域,002,女,092,９１歳,09000,栃木県,1980000000,1980年,人
314,00700,全域,002,女,092,９１歳,10000,群馬県,1980000000,1980年,人
485,00700,全域,002,女,092,９１歳,11000,埼玉県,1980000000,1980年,人
621,00700,全域,002,女,092,９１歳,12000,千葉県,1980000000,1980年,人
1398,00700,全域,002,女,092,９１歳,13000,東京都,1980000000,1980年,人
726,00700,全域,002,女,092,９１歳,14000,神奈川県,1980000000,1980年,人
448,00700,全域,002,女,092,９１歳,15000,新潟県,1980000000,1980年,人
199,00700,全域,002,女,092,９１歳,16000,富山県,1980000000,1980年,人
218,00700,全域,002,女,092,９１歳,17000,石川県,1980000000,1980年,人
182,00700,全域,002,女,092,９１歳,18000,福井県,1980000000,1980年,人
227,00700,全域,002,女,092,９１歳,19000,山梨県,1980000000,1980年,人
489,00700,全域,002,女,092,９１歳,20000,長野県,1980000000,1980年,人
323,00700,全域,002,女,092,９１歳,21000,岐阜県,1980000000,1980年,人
618,00700,全域,002,女,092,９１歳,22000,静岡県,1980000000,1980年,人
762,00700,全域,002,女,092,９１歳,23000,愛知県,1980000000,1980年,人
375,00700,全域,002,女,092,９１歳,24000,三重県,1980000000,1980年,人
212,00700,全域,002,女,092,９１歳,25000,滋賀県,1980000000,1980年,人
497,00700,全域,002,女,092,９１歳,26000,京都府,1980000000,1980年,人
860,00700,全域,002,女,092,９１歳,27000,大阪府,1980000000,1980年,人
864,00700,全域,002,女,092,９１歳,28000,兵庫県,1980000000,1980年,人
243,00700,全域,002,女,092,９１歳,29000,奈良県,1980000000,1980年,人
265,00700,全域,002,女,092,９１歳,30000,和歌山県,1980000000,1980年,人
216,00700,全域,002,女,092,９１歳,31000,鳥取県,1980000000,1980年,人
284,00700,全域,002,女,092,９１歳,32000,島根県,1980000000,1980年,人
523,00700,全域,002,女,092,９１歳,33000,岡山県,1980000000,1980年,人
690,00700,全域,002,女,092,９１歳,34000,広島県,1980000000,1980年,人
440,00700,全域,002,女,092,９１歳,35000,山口県,1980000000,1980年,人
228,00700,全域,002,女,092,９１歳,36000,徳島県,1980000000,1980年,人
310,00700,全域,002,女,092,９１歳,37000,香川県,1980000000,1980年,人
422,00700,全域,002,女,092,９１歳,38000,愛媛県,1980000000,1980年,人
325,00700,全域,002,女,092,９１歳,39000,高知県,1980000000,1980年,人
851,00700,全域,002,女,092,９１歳,40000,福岡県,1980000000,1980年,人
193,00700,全域,002,女,092,９１歳,41000,佐賀県,1980000000,1980年,人
341,00700,全域,002,女,092,９１歳,42000,長崎県,1980000000,1980年,人
459,00700,全域,002,女,092,９１歳,43000,熊本県,1980000000,1980年,人
294,00700,全域,002,女,092,９１歳,44000,大分県,1980000000,1980年,人
225,00700,全域,002,女,092,９１歳,45000,宮崎県,1980000000,1980年,人
574,00700,全域,002,女,092,９１歳,46000,鹿児島県,1980000000,1980年,人
423,00700,全域,002,女,092,９１歳,47000,沖縄県,1980000000,1980年,人
13718,00700,全域,002,女,093,９２歳,00000,全国,1980000000,1980年,人
8758,00700,全域,002,女,093,９２歳,00001,全国市部,1980000000,1980年,人
4960,00700,全域,002,女,093,９２歳,00002,全国郡部,1980000000,1980年,人
528,00700,全域,002,女,093,９２歳,01000,北海道,1980000000,1980年,人
136,00700,全域,002,女,093,９２歳,02000,青森県,1980000000,1980年,人
156,00700,全域,002,女,093,９２歳,03000,岩手県,1980000000,1980年,人
235,00700,全域,002,女,093,９２歳,04000,宮城県,1980000000,1980年,人
135,00700,全域,002,女,093,９２歳,05000,秋田県,1980000000,1980年,人
154,00700,全域,002,女,093,９２歳,06000,山形県,1980000000,1980年,人
265,00700,全域,002,女,093,９２歳,07000,福島県,1980000000,1980年,人
290,00700,全域,002,女,093,９２歳,08000,茨城県,1980000000,1980年,人
223,00700,全域,002,女,093,９２歳,09000,栃木県,1980000000,1980年,人
205,00700,全域,002,女,093,９２歳,10000,群馬県,1980000000,1980年,人
373,00700,全域,002,女,093,９２歳,11000,埼玉県,1980000000,1980年,人
443,00700,全域,002,女,093,９２歳,12000,千葉県,1980000000,1980年,人
971,00700,全域,002,女,093,９２歳,13000,東京都,1980000000,1980年,人
497,00700,全域,002,女,093,９２歳,14000,神奈川県,1980000000,1980年,人
332,00700,全域,002,女,093,９２歳,15000,新潟県,1980000000,1980年,人
133,00700,全域,002,女,093,９２歳,16000,富山県,1980000000,1980年,人
138,00700,全域,002,女,093,９２歳,17000,石川県,1980000000,1980年,人
119,00700,全域,002,女,093,９２歳,18000,福井県,1980000000,1980年,人
167,00700,全域,002,女,093,９２歳,19000,山梨県,1980000000,1980年,人
306,00700,全域,002,女,093,９２歳,20000,長野県,1980000000,1980年,人
237,00700,全域,002,女,093,９２歳,21000,岐阜県,1980000000,1980年,人
464,00700,全域,002,女,093,９２歳,22000,静岡県,1980000000,1980年,人
548,00700,全域,002,女,093,９２歳,23000,愛知県,1980000000,1980年,人
241,00700,全域,002,女,093,９２歳,24000,三重県,1980000000,1980年,人
136,00700,全域,002,女,093,９２歳,25000,滋賀県,1980000000,1980年,人
312,00700,全域,002,女,093,９２歳,26000,京都府,1980000000,1980年,人
598,00700,全域,002,女,093,９２歳,27000,大阪府,1980000000,1980年,人
607,00700,全域,002,女,093,９２歳,28000,兵庫県,1980000000,1980年,人
156,00700,全域,002,女,093,９２歳,29000,奈良県,1980000000,1980年,人
158,00700,全域,002,女,093,９２歳,30000,和歌山県,1980000000,1980年,人
121,00700,全域,002,女,093,９２歳,31000,鳥取県,1980000000,1980年,人
182,00700,全域,002,女,093,９２歳,32000,島根県,1980000000,1980年,人
320,00700,全域,002,女,093,９２歳,33000,岡山県,1980000000,1980年,人
466,00700,全域,002,女,093,９２歳,34000,広島県,1980000000,1980年,人
256,00700,全域,002,女,093,９２歳,35000,山口県,1980000000,1980年,人
141,00700,全域,002,女,093,９２歳,36000,徳島県,1980000000,1980年,人
163,00700,全域,002,女,093,９２歳,37000,香川県,1980000000,1980年,人
280,00700,全域,002,女,093,９２歳,38000,愛媛県,1980000000,1980年,人
203,00700,全域,002,女,093,９２歳,39000,高知県,1980000000,1980年,人
588,00700,全域,002,女,093,９２歳,40000,福岡県,1980000000,1980年,人
144,00700,全域,002,女,093,９２歳,41000,佐賀県,1980000000,1980年,人
223,00700,全域,002,女,093,９２歳,42000,長崎県,1980000000,1980年,人
319,00700,全域,002,女,093,９２歳,43000,熊本県,1980000000,1980年,人
210,00700,全域,002,女,093,９２歳,44000,大分県,1980000000,1980年,人
146,00700,全域,002,女,093,９２歳,45000,宮崎県,1980000000,1980年,人
418,00700,全域,002,女,093,９２歳,46000,鹿児島県,1980000000,1980年,人
275,00700,全域,002,女,093,９２歳,47000,沖縄県,1980000000,1980年,人
9528,00700,全域,002,女,094,９３歳,00000,全国,1980000000,1980年,人
6077,00700,全域,002,女,094,９３歳,00001,全国市部,1980000000,1980年,人
3451,00700,全域,002,女,094,９３歳,00002,全国郡部,1980000000,1980年,人
360,00700,全域,002,女,094,９３歳,01000,北海道,1980000000,1980年,人
101,00700,全域,002,女,094,９３歳,02000,青森県,1980000000,1980年,人
96,00700,全域,002,女,094,９３歳,03000,岩手県,1980000000,1980年,人
151,00700,全域,002,女,094,９３歳,04000,宮城県,1980000000,1980年,人
83,00700,全域,002,女,094,９３歳,05000,秋田県,1980000000,1980年,人
96,00700,全域,002,女,094,９３歳,06000,山形県,1980000000,1980年,人
196,00700,全域,002,女,094,９３歳,07000,福島県,1980000000,1980年,人
208,00700,全域,002,女,094,９３歳,08000,茨城県,1980000000,1980年,人
152,00700,全域,002,女,094,９３歳,09000,栃木県,1980000000,1980年,人
141,00700,全域,002,女,094,９３歳,10000,群馬県,1980000000,1980年,人
223,00700,全域,002,女,094,９３歳,11000,埼玉県,1980000000,1980年,人
314,00700,全域,002,女,094,９３歳,12000,千葉県,1980000000,1980年,人
688,00700,全域,002,女,094,９３歳,13000,東京都,1980000000,1980年,人
346,00700,全域,002,女,094,９３歳,14000,神奈川県,1980000000,1980年,人
219,00700,全域,002,女,094,９３歳,15000,新潟県,1980000000,1980年,人
112,00700,全域,002,女,094,９３歳,16000,富山県,1980000000,1980年,人
91,00700,全域,002,女,094,９３歳,17000,石川県,1980000000,1980年,人
70,00700,全域,002,女,094,９３歳,18000,福井県,1980000000,1980年,人
99,00700,全域,002,女,094,９３歳,19000,山梨県,1980000000,1980年,人
226,00700,全域,002,女,094,９３歳,20000,長野県,1980000000,1980年,人
152,00700,全域,002,女,094,９３歳,21000,岐阜県,1980000000,1980年,人
339,00700,全域,002,女,094,９３歳,22000,静岡県,1980000000,1980年,人
365,00700,全域,002,女,094,９３歳,23000,愛知県,1980000000,1980年,人
162,00700,全域,002,女,094,９３歳,24000,三重県,1980000000,1980年,人
85,00700,全域,002,女,094,９３歳,25000,滋賀県,1980000000,1980年,人
214,00700,全域,002,女,094,９３歳,26000,京都府,1980000000,1980年,人
385,00700,全域,002,女,094,９３歳,27000,大阪府,1980000000,1980年,人
435,00700,全域,002,女,094,９３歳,28000,兵庫県,1980000000,1980年,人
85,00700,全域,002,女,094,９３歳,29000,奈良県,1980000000,1980年,人
110,00700,全域,002,女,094,９３歳,30000,和歌山県,1980000000,1980年,人
77,00700,全域,002,女,094,９３歳,31000,鳥取県,1980000000,1980年,人
130,00700,全域,002,女,094,９３歳,32000,島根県,1980000000,1980年,人
205,00700,全域,002,女,094,９３歳,33000,岡山県,1980000000,1980年,人
309,00700,全域,002,女,094,９３歳,34000,広島県,1980000000,1980年,人
176,00700,全域,002,女,094,９３歳,35000,山口県,1980000000,1980年,人
112,00700,全域,002,女,094,９３歳,36000,徳島県,1980000000,1980年,人
130,00700,全域,002,女,094,９３歳,37000,香川県,1980000000,1980年,人
201,00700,全域,002,女,094,９３歳,38000,愛媛県,1980000000,1980年,人
153,00700,全域,002,女,094,９３歳,39000,高知県,1980000000,1980年,人
378,00700,全域,002,女,094,９３歳,40000,福岡県,1980000000,1980年,人
121,00700,全域,002,女,094,９３歳,41000,佐賀県,1980000000,1980年,人
180,00700,全域,002,女,094,９３歳,42000,長崎県,1980000000,1980年,人
231,00700,全域,002,女,094,９３歳,43000,熊本県,1980000000,1980年,人
151,00700,全域,002,女,094,９３歳,44000,大分県,1980000000,1980年,人
140,00700,全域,002,女,094,９３歳,45000,宮崎県,1980000000,1980年,人
335,00700,全域,002,女,094,９３歳,46000,鹿児島県,1980000000,1980年,人
195,00700,全域,002,女,094,９３歳,47000,沖縄県,1980000000,1980年,人
5936,00700,全域,002,女,095,９４歳,00000,全国,1980000000,1980年,人
3764,00700,全域,002,女,095,９４歳,00001,全国市部,1980000000,1980年,人
2172,00700,全域,002,女,095,９４歳,00002,全国郡部,1980000000,1980年,人
220,00700,全域,002,女,095,９４歳,01000,北海道,1980000000,1980年,人
60,00700,全域,002,女,095,９４歳,02000,青森県,1980000000,1980年,人
66,00700,全域,002,女,095,９４歳,03000,岩手県,1980000000,1980年,人
82,00700,全域,002,女,095,９４歳,04000,宮城県,1980000000,1980年,人
30,00700,全域,002,女,095,９４歳,05000,秋田県,1980000000,1980年,人
62,00700,全域,002,女,095,９４歳,06000,山形県,1980000000,1980年,人
91,00700,全域,002,女,095,９４歳,07000,福島県,1980000000,1980年,人
137,00700,全域,002,女,095,９４歳,08000,茨城県,1980000000,1980年,人
101,00700,全域,002,女,095,９４歳,09000,栃木県,1980000000,1980年,人
93,00700,全域,002,女,095,９４歳,10000,群馬県,1980000000,1980年,人
132,00700,全域,002,女,095,９４歳,11000,埼玉県,1980000000,1980年,人
171,00700,全域,002,女,095,９４歳,12000,千葉県,1980000000,1980年,人
446,00700,全域,002,女,095,９４歳,13000,東京都,1980000000,1980年,人
220,00700,全域,002,女,095,９４歳,14000,神奈川県,1980000000,1980年,人
136,00700,全域,002,女,095,９４歳,15000,新潟県,1980000000,1980年,人
61,00700,全域,002,女,095,９４歳,16000,富山県,1980000000,1980年,人
72,00700,全域,002,女,095,９４歳,17000,石川県,1980000000,1980年,人
45,00700,全域,002,女,095,９４歳,18000,福井県,1980000000,1980年,人
71,00700,全域,002,女,095,９４歳,19000,山梨県,1980000000,1980年,人
122,00700,全域,002,女,095,９４歳,20000,長野県,1980000000,1980年,人
123,00700,全域,002,女,095,９４歳,21000,岐阜県,1980000000,1980年,人
176,00700,全域,002,女,095,９４歳,22000,静岡県,1980000000,1980年,人
247,00700,全域,002,女,095,９４歳,23000,愛知県,1980000000,1980年,人
104,00700,全域,002,女,095,９４歳,24000,三重県,1980000000,1980年,人
62,00700,全域,002,女,095,９４歳,25000,滋賀県,1980000000,1980年,人
132,00700,全域,002,女,095,９４歳,26000,京都府,1980000000,1980年,人
223,00700,全域,002,女,095,９４歳,27000,大阪府,1980000000,1980年,人
248,00700,全域,002,女,095,９４歳,28000,兵庫県,1980000000,1980年,人
56,00700,全域,002,女,095,９４歳,29000,奈良県,1980000000,1980年,人
72,00700,全域,002,女,095,９４歳,30000,和歌山県,1980000000,1980年,人
66,00700,全域,002,女,095,９４歳,31000,鳥取県,1980000000,1980年,人
100,00700,全域,002,女,095,９４歳,32000,島根県,1980000000,1980年,人
151,00700,全域,002,女,095,９４歳,33000,岡山県,1980000000,1980年,人
205,00700,全域,002,女,095,９４歳,34000,広島県,1980000000,1980年,人
105,00700,全域,002,女,095,９４歳,35000,山口県,1980000000,1980年,人
69,00700,全域,002,女,095,９４歳,36000,徳島県,1980000000,1980年,人
84,00700,全域,002,女,095,９４歳,37000,香川県,1980000000,1980年,人
129,00700,全域,002,女,095,９４歳,38000,愛媛県,1980000000,1980年,人
98,00700,全域,002,女,095,９４歳,39000,高知県,1980000000,1980年,人
273,00700,全域,002,女,095,９４歳,40000,福岡県,1980000000,1980年,人
52,00700,全域,002,女,095,９４歳,41000,佐賀県,1980000000,1980年,人
92,00700,全域,002,女,095,９４歳,42000,長崎県,1980000000,1980年,人
144,00700,全域,002,女,095,９４歳,43000,熊本県,1980000000,1980年,人
92,00700,全域,002,女,095,９４歳,44000,大分県,1980000000,1980年,人
64,00700,全域,002,女,095,９４歳,45000,宮崎県,1980000000,1980年,人
201,00700,全域,002,女,095,９４歳,46000,鹿児島県,1980000000,1980年,人
150,00700,全域,002,女,095,９４歳,47000,沖縄県,1980000000,1980年,人
4015,00700,全域,002,女,096,９５歳,00000,全国,1980000000,1980年,人
2568,00700,全域,002,女,096,９５歳,00001,全国市部,1980000000,1980年,人
1447,00700,全域,002,女,096,９５歳,00002,全国郡部,1980000000,1980年,人
135,00700,全域,002,女,096,９５歳,01000,北海道,1980000000,1980年,人
40,00700,全域,002,女,096,９５歳,02000,青森県,1980000000,1980年,人
39,00700,全域,002,女,096,９５歳,03000,岩手県,1980000000,1980年,人
56,00700,全域,002,女,096,９５歳,04000,宮城県,1980000000,1980年,人
22,00700,全域,002,女,096,９５歳,05000,秋田県,1980000000,1980年,人
33,00700,全域,002,女,096,９５歳,06000,山形県,1980000000,1980年,人
58,00700,全域,002,女,096,９５歳,07000,福島県,1980000000,1980年,人
86,00700,全域,002,女,096,９５歳,08000,茨城県,1980000000,1980年,人
64,00700,全域,002,女,096,９５歳,09000,栃木県,1980000000,1980年,人
75,00700,全域,002,女,096,９５歳,10000,群馬県,1980000000,1980年,人
90,00700,全域,002,女,096,９５歳,11000,埼玉県,1980000000,1980年,人
105,00700,全域,002,女,096,９５歳,12000,千葉県,1980000000,1980年,人
297,00700,全域,002,女,096,９５歳,13000,東京都,1980000000,1980年,人
162,00700,全域,002,女,096,９５歳,14000,神奈川県,1980000000,1980年,人
94,00700,全域,002,女,096,９５歳,15000,新潟県,1980000000,1980年,人
46,00700,全域,002,女,096,９５歳,16000,富山県,1980000000,1980年,人
48,00700,全域,002,女,096,９５歳,17000,石川県,1980000000,1980年,人
36,00700,全域,002,女,096,９５歳,18000,福井県,1980000000,1980年,人
47,00700,全域,002,女,096,９５歳,19000,山梨県,1980000000,1980年,人
76,00700,全域,002,女,096,９５歳,20000,長野県,1980000000,1980年,人
64,00700,全域,002,女,096,９５歳,21000,岐阜県,1980000000,1980年,人
124,00700,全域,002,女,096,９５歳,22000,静岡県,1980000000,1980年,人
178,00700,全域,002,女,096,９５歳,23000,愛知県,1980000000,1980年,人
84,00700,全域,002,女,096,９５歳,24000,三重県,1980000000,1980年,人
51,00700,全域,002,女,096,９５歳,25000,滋賀県,1980000000,1980年,人
86,00700,全域,002,女,096,９５歳,26000,京都府,1980000000,1980年,人
161,00700,全域,002,女,096,９５歳,27000,大阪府,1980000000,1980年,人
160,00700,全域,002,女,096,９５歳,28000,兵庫県,1980000000,1980年,人
42,00700,全域,002,女,096,９５歳,29000,奈良県,1980000000,1980年,人
51,00700,全域,002,女,096,９５歳,30000,和歌山県,1980000000,1980年,人
42,00700,全域,002,女,096,９５歳,31000,鳥取県,1980000000,1980年,人
68,00700,全域,002,女,096,９５歳,32000,島根県,1980000000,1980年,人
120,00700,全域,002,女,096,９５歳,33000,岡山県,1980000000,1980年,人
139,00700,全域,002,女,096,９５歳,34000,広島県,1980000000,1980年,人
65,00700,全域,002,女,096,９５歳,35000,山口県,1980000000,1980年,人
46,00700,全域,002,女,096,９５歳,36000,徳島県,1980000000,1980年,人
67,00700,全域,002,女,096,９５歳,37000,香川県,1980000000,1980年,人
96,00700,全域,002,女,096,９５歳,38000,愛媛県,1980000000,1980年,人
71,00700,全域,002,女,096,９５歳,39000,高知県,1980000000,1980年,人
149,00700,全域,002,女,096,９５歳,40000,福岡県,1980000000,1980年,人
54,00700,全域,002,女,096,９５歳,41000,佐賀県,1980000000,1980年,人
68,00700,全域,002,女,096,９５歳,42000,長崎県,1980000000,1980年,人
93,00700,全域,002,女,096,９５歳,43000,熊本県,1980000000,1980年,人
60,00700,全域,002,女,096,９５歳,44000,大分県,1980000000,1980年,人
33,00700,全域,002,女,096,９５歳,45000,宮崎県,1980000000,1980年,人
136,00700,全域,002,女,096,９５歳,46000,鹿児島県,1980000000,1980年,人
98,00700,全域,002,女,096,９５歳,47000,沖縄県,1980000000,1980年,人
2699,00700,全域,002,女,097,９６歳,00000,全国,1980000000,1980年,人
1755,00700,全域,002,女,097,９６歳,00001,全国市部,1980000000,1980年,人
944,00700,全域,002,女,097,９６歳,00002,全国郡部,1980000000,1980年,人
124,00700,全域,002,女,097,９６歳,01000,北海道,1980000000,1980年,人
30,00700,全域,002,女,097,９６歳,02000,青森県,1980000000,1980年,人
32,00700,全域,002,女,097,９６歳,03000,岩手県,1980000000,1980年,人
49,00700,全域,002,女,097,９６歳,04000,宮城県,1980000000,1980年,人
19,00700,全域,002,女,097,９６歳,05000,秋田県,1980000000,1980年,人
31,00700,全域,002,女,097,９６歳,06000,山形県,1980000000,1980年,人
43,00700,全域,002,女,097,９６歳,07000,福島県,1980000000,1980年,人
54,00700,全域,002,女,097,９６歳,08000,茨城県,1980000000,1980年,人
26,00700,全域,002,女,097,９６歳,09000,栃木県,1980000000,1980年,人
39,00700,全域,002,女,097,９６歳,10000,群馬県,1980000000,1980年,人
58,00700,全域,002,女,097,９６歳,11000,埼玉県,1980000000,1980年,人
70,00700,全域,002,女,097,９６歳,12000,千葉県,1980000000,1980年,人
193,00700,全域,002,女,097,９６歳,13000,東京都,1980000000,1980年,人
88,00700,全域,002,女,097,９６歳,14000,神奈川県,1980000000,1980年,人
60,00700,全域,002,女,097,９６歳,15000,新潟県,1980000000,1980年,人
37,00700,全域,002,女,097,９６歳,16000,富山県,1980000000,1980年,人
42,00700,全域,002,女,097,９６歳,17000,石川県,1980000000,1980年,人
35,00700,全域,002,女,097,９６歳,18000,福井県,1980000000,1980年,人
28,00700,全域,002,女,097,９６歳,19000,山梨県,1980000000,1980年,人
58,00700,全域,002,女,097,９６歳,20000,長野県,1980000000,1980年,人
43,00700,全域,002,女,097,９６歳,21000,岐阜県,1980000000,1980年,人
85,00700,全域,002,女,097,９６歳,22000,静岡県,1980000000,1980年,人
91,00700,全域,002,女,097,９６歳,23000,愛知県,1980000000,1980年,人
47,00700,全域,002,女,097,９６歳,24000,三重県,1980000000,1980年,人
20,00700,全域,002,女,097,９６歳,25000,滋賀県,1980000000,1980年,人
72,00700,全域,002,女,097,９６歳,26000,京都府,1980000000,1980年,人
92,00700,全域,002,女,097,９６歳,27000,大阪府,1980000000,1980年,人
105,00700,全域,002,女,097,９６歳,28000,兵庫県,1980000000,1980年,人
39,00700,全域,002,女,097,９６歳,29000,奈良県,1980000000,1980年,人
42,00700,全域,002,女,097,９６歳,30000,和歌山県,1980000000,1980年,人
28,00700,全域,002,女,097,９６歳,31000,鳥取県,1980000000,1980年,人
52,00700,全域,002,女,097,９６歳,32000,島根県,1980000000,1980年,人
54,00700,全域,002,女,097,９６歳,33000,岡山県,1980000000,1980年,人
94,00700,全域,002,女,097,９６歳,34000,広島県,1980000000,1980年,人
55,00700,全域,002,女,097,９６歳,35000,山口県,1980000000,1980年,人
34,00700,全域,002,女,097,９６歳,36000,徳島県,1980000000,1980年,人
36,00700,全域,002,女,097,９６歳,37000,香川県,1980000000,1980年,人
71,00700,全域,002,女,097,９６歳,38000,愛媛県,1980000000,1980年,人
26,00700,全域,002,女,097,９６歳,39000,高知県,1980000000,1980年,人
120,00700,全域,002,女,097,９６歳,40000,福岡県,1980000000,1980年,人
27,00700,全域,002,女,097,９６歳,41000,佐賀県,1980000000,1980年,人
42,00700,全域,002,女,097,９６歳,42000,長崎県,1980000000,1980年,人
77,00700,全域,002,女,097,９６歳,43000,熊本県,1980000000,1980年,人
34,00700,全域,002,女,097,９６歳,44000,大分県,1980000000,1980年,人
28,00700,全域,002,女,097,９６歳,45000,宮崎県,1980000000,1980年,人
95,00700,全域,002,女,097,９６歳,46000,鹿児島県,1980000000,1980年,人
74,00700,全域,002,女,097,９６歳,47000,沖縄県,1980000000,1980年,人
1799,00700,全域,002,女,098,９７歳,00000,全国,1980000000,1980年,人
1103,00700,全域,002,女,098,９７歳,00001,全国市部,1980000000,1980年,人
696,00700,全域,002,女,098,９７歳,00002,全国郡部,1980000000,1980年,人
70,00700,全域,002,女,098,９７歳,01000,北海道,1980000000,1980年,人
22,00700,全域,002,女,098,９７歳,02000,青森県,1980000000,1980年,人
22,00700,全域,002,女,098,９７歳,03000,岩手県,1980000000,1980年,人
24,00700,全域,002,女,098,９７歳,04000,宮城県,1980000000,1980年,人
13,00700,全域,002,女,098,９７歳,05000,秋田県,1980000000,1980年,人
12,00700,全域,002,女,098,９７歳,06000,山形県,1980000000,1980年,人
34,00700,全域,002,女,098,９７歳,07000,福島県,1980000000,1980年,人
23,00700,全域,002,女,098,９７歳,08000,茨城県,1980000000,1980年,人
22,00700,全域,002,女,098,９７歳,09000,栃木県,1980000000,1980年,人
29,00700,全域,002,女,098,９７歳,10000,群馬県,1980000000,1980年,人
25,00700,全域,002,女,098,９７歳,11000,埼玉県,1980000000,1980年,人
53,00700,全域,002,女,098,９７歳,12000,千葉県,1980000000,1980年,人
120,00700,全域,002,女,098,９７歳,13000,東京都,1980000000,1980年,人
53,00700,全域,002,女,098,９７歳,14000,神奈川県,1980000000,1980年,人
40,00700,全域,002,女,098,９７歳,15000,新潟県,1980000000,1980年,人
16,00700,全域,002,女,098,９７歳,16000,富山県,1980000000,1980年,人
17,00700,全域,002,女,098,９７歳,17000,石川県,1980000000,1980年,人
7,00700,全域,002,女,098,９７歳,18000,福井県,1980000000,1980年,人
31,00700,全域,002,女,098,９７歳,19000,山梨県,1980000000,1980年,人
36,00700,全域,002,女,098,９７歳,20000,長野県,1980000000,1980年,人
26,00700,全域,002,女,098,９７歳,21000,岐阜県,1980000000,1980年,人
48,00700,全域,002,女,098,９７歳,22000,静岡県,1980000000,1980年,人
77,00700,全域,002,女,098,９７歳,23000,愛知県,1980000000,1980年,人
43,00700,全域,002,女,098,９７歳,24000,三重県,1980000000,1980年,人
19,00700,全域,002,女,098,９７歳,25000,滋賀県,1980000000,1980年,人
44,00700,全域,002,女,098,９７歳,26000,京都府,1980000000,1980年,人
79,00700,全域,002,女,098,９７歳,27000,大阪府,1980000000,1980年,人
69,00700,全域,002,女,098,９７歳,28000,兵庫県,1980000000,1980年,人
19,00700,全域,002,女,098,９７歳,29000,奈良県,1980000000,1980年,人
24,00700,全域,002,女,098,９７歳,30000,和歌山県,1980000000,1980年,人
18,00700,全域,002,女,098,９７歳,31000,鳥取県,1980000000,1980年,人
31,00700,全域,002,女,098,９７歳,32000,島根県,1980000000,1980年,人
39,00700,全域,002,女,098,９７歳,33000,岡山県,1980000000,1980年,人
56,00700,全域,002,女,098,９７歳,34000,広島県,1980000000,1980年,人
32,00700,全域,002,女,098,９７歳,35000,山口県,1980000000,1980年,人
23,00700,全域,002,女,098,９７歳,36000,徳島県,1980000000,1980年,人
30,00700,全域,002,女,098,９７歳,37000,香川県,1980000000,1980年,人
60,00700,全域,002,女,098,９７歳,38000,愛媛県,1980000000,1980年,人
32,00700,全域,002,女,098,９７歳,39000,高知県,1980000000,1980年,人
95,00700,全域,002,女,098,９７歳,40000,福岡県,1980000000,1980年,人
22,00700,全域,002,女,098,９７歳,41000,佐賀県,1980000000,1980年,人
33,00700,全域,002,女,098,９７歳,42000,長崎県,1980000000,1980年,人
37,00700,全域,002,女,098,９７歳,43000,熊本県,1980000000,1980年,人
19,00700,全域,002,女,098,９７歳,44000,大分県,1980000000,1980年,人
22,00700,全域,002,女,098,９７歳,45000,宮崎県,1980000000,1980年,人
65,00700,全域,002,女,098,９７歳,46000,鹿児島県,1980000000,1980年,人
68,00700,全域,002,女,098,９７歳,47000,沖縄県,1980000000,1980年,人
1040,00700,全域,002,女,099,９８歳,00000,全国,1980000000,1980年,人
654,00700,全域,002,女,099,９８歳,00001,全国市部,1980000000,1980年,人
386,00700,全域,002,女,099,９８歳,00002,全国郡部,1980000000,1980年,人
43,00700,全域,002,女,099,９８歳,01000,北海道,1980000000,1980年,人
12,00700,全域,002,女,099,９８歳,02000,青森県,1980000000,1980年,人
8,00700,全域,002,女,099,９８歳,03000,岩手県,1980000000,1980年,人
13,00700,全域,002,女,099,９８歳,04000,宮城県,1980000000,1980年,人
10,00700,全域,002,女,099,９８歳,05000,秋田県,1980000000,1980年,人
6,00700,全域,002,女,099,９８歳,06000,山形県,1980000000,1980年,人
17,00700,全域,002,女,099,９８歳,07000,福島県,1980000000,1980年,人
28,00700,全域,002,女,099,９８歳,08000,茨城県,1980000000,1980年,人
6,00700,全域,002,女,099,９８歳,09000,栃木県,1980000000,1980年,人
13,00700,全域,002,女,099,９８歳,10000,群馬県,1980000000,1980年,人
17,00700,全域,002,女,099,９８歳,11000,埼玉県,1980000000,1980年,人
22,00700,全域,002,女,099,９８歳,12000,千葉県,1980000000,1980年,人
77,00700,全域,002,女,099,９８歳,13000,東京都,1980000000,1980年,人
40,00700,全域,002,女,099,９８歳,14000,神奈川県,1980000000,1980年,人
21,00700,全域,002,女,099,９８歳,15000,新潟県,1980000000,1980年,人
12,00700,全域,002,女,099,９８歳,16000,富山県,1980000000,1980年,人
13,00700,全域,002,女,099,９８歳,17000,石川県,1980000000,1980年,人
8,00700,全域,002,女,099,９８歳,18000,福井県,1980000000,1980年,人
12,00700,全域,002,女,099,９８歳,19000,山梨県,1980000000,1980年,人
15,00700,全域,002,女,099,９８歳,20000,長野県,1980000000,1980年,人
13,00700,全域,002,女,099,９８歳,21000,岐阜県,1980000000,1980年,人
23,00700,全域,002,女,099,９８歳,22000,静岡県,1980000000,1980年,人
43,00700,全域,002,女,099,９８歳,23000,愛知県,1980000000,1980年,人
18,00700,全域,002,女,099,９８歳,24000,三重県,1980000000,1980年,人
7,00700,全域,002,女,099,９８歳,25000,滋賀県,1980000000,1980年,人
21,00700,全域,002,女,099,９８歳,26000,京都府,1980000000,1980年,人
40,00700,全域,002,女,099,９８歳,27000,大阪府,1980000000,1980年,人
42,00700,全域,002,女,099,９８歳,28000,兵庫県,1980000000,1980年,人
9,00700,全域,002,女,099,９８歳,29000,奈良県,1980000000,1980年,人
14,00700,全域,002,女,099,９８歳,30000,和歌山県,1980000000,1980年,人
14,00700,全域,002,女,099,９８歳,31000,鳥取県,1980000000,1980年,人
13,00700,全域,002,女,099,９８歳,32000,島根県,1980000000,1980年,人
34,00700,全域,002,女,099,９８歳,33000,岡山県,1980000000,1980年,人
34,00700,全域,002,女,099,９８歳,34000,広島県,1980000000,1980年,人
32,00700,全域,002,女,099,９８歳,35000,山口県,1980000000,1980年,人
14,00700,全域,002,女,099,９８歳,36000,徳島県,1980000000,1980年,人
14,00700,全域,002,女,099,９８歳,37000,香川県,1980000000,1980年,人
35,00700,全域,002,女,099,９８歳,38000,愛媛県,1980000000,1980年,人
11,00700,全域,002,女,099,９８歳,39000,高知県,1980000000,1980年,人
58,00700,全域,002,女,099,９８歳,40000,福岡県,1980000000,1980年,人
9,00700,全域,002,女,099,９８歳,41000,佐賀県,1980000000,1980年,人
21,00700,全域,002,女,099,９８歳,42000,長崎県,1980000000,1980年,人
28,00700,全域,002,女,099,９８歳,43000,熊本県,1980000000,1980年,人
17,00700,全域,002,女,099,９８歳,44000,大分県,1980000000,1980年,人
14,00700,全域,002,女,099,９８歳,45000,宮崎県,1980000000,1980年,人
32,00700,全域,002,女,099,９８歳,46000,鹿児島県,1980000000,1980年,人
37,00700,全域,002,女,099,９８歳,47000,沖縄県,1980000000,1980年,人
664,00700,全域,002,女,100,９９歳,00000,全国,1980000000,1980年,人
422,00700,全域,002,女,100,９９歳,00001,全国市部,1980000000,1980年,人
242,00700,全域,002,女,100,９９歳,00002,全国郡部,1980000000,1980年,人
31,00700,全域,002,女,100,９９歳,01000,北海道,1980000000,1980年,人
6,00700,全域,002,女,100,９９歳,02000,青森県,1980000000,1980年,人
7,00700,全域,002,女,100,９９歳,03000,岩手県,1980000000,1980年,人
8,00700,全域,002,女,100,９９歳,04000,宮城県,1980000000,1980年,人
2,00700,全域,002,女,100,９９歳,05000,秋田県,1980000000,1980年,人
2,00700,全域,002,女,100,９９歳,06000,山形県,1980000000,1980年,人
17,00700,全域,002,女,100,９９歳,07000,福島県,1980000000,1980年,人
4,00700,全域,002,女,100,９９歳,08000,茨城県,1980000000,1980年,人
5,00700,全域,002,女,100,９９歳,09000,栃木県,1980000000,1980年,人
15,00700,全域,002,女,100,９９歳,10000,群馬県,1980000000,1980年,人
17,00700,全域,002,女,100,９９歳,11000,埼玉県,1980000000,1980年,人
17,00700,全域,002,女,100,９９歳,12000,千葉県,1980000000,1980年,人
36,00700,全域,002,女,100,９９歳,13000,東京都,1980000000,1980年,人
20,00700,全域,002,女,100,９９歳,14000,神奈川県,1980000000,1980年,人
7,00700,全域,002,女,100,９９歳,15000,新潟県,1980000000,1980年,人
7,00700,全域,002,女,100,９９歳,16000,富山県,1980000000,1980年,人
9,00700,全域,002,女,100,９９歳,17000,石川県,1980000000,1980年,人
1,00700,全域,002,女,100,９９歳,18000,福井県,1980000000,1980年,人
13,00700,全域,002,女,100,９９歳,19000,山梨県,1980000000,1980年,人
16,00700,全域,002,女,100,９９歳,20000,長野県,1980000000,1980年,人
10,00700,全域,002,女,100,９９歳,21000,岐阜県,1980000000,1980年,人
23,00700,全域,002,女,100,９９歳,22000,静岡県,1980000000,1980年,人
22,00700,全域,002,女,100,９９歳,23000,愛知県,1980000000,1980年,人
9,00700,全域,002,女,100,９９歳,24000,三重県,1980000000,1980年,人
4,00700,全域,002,女,100,９９歳,25000,滋賀県,1980000000,1980年,人
14,00700,全域,002,女,100,９９歳,26000,京都府,1980000000,1980年,人
24,00700,全域,002,女,100,９９歳,27000,大阪府,1980000000,1980年,人
21,00700,全域,002,女,100,９９歳,28000,兵庫県,1980000000,1980年,人
13,00700,全域,002,女,100,９９歳,29000,奈良県,1980000000,1980年,人
7,00700,全域,002,女,100,９９歳,30000,和歌山県,1980000000,1980年,人
7,00700,全域,002,女,100,９９歳,31000,鳥取県,1980000000,1980年,人
6,00700,全域,002,女,100,９９歳,32000,島根県,1980000000,1980年,人
21,00700,全域,002,女,100,９９歳,33000,岡山県,1980000000,1980年,人
32,00700,全域,002,女,100,９９歳,34000,広島県,1980000000,1980年,人
15,00700,全域,002,女,100,９９歳,35000,山口県,1980000000,1980年,人
10,00700,全域,002,女,100,９９歳,36000,徳島県,1980000000,1980年,人
13,00700,全域,002,女,100,９９歳,37000,香川県,1980000000,1980年,人
19,00700,全域,002,女,100,９９歳,38000,愛媛県,1980000000,1980年,人
7,00700,全域,002,女,100,９９歳,39000,高知県,1980000000,1980年,人
40,00700,全域,002,女,100,９９歳,40000,福岡県,1980000000,1980年,人
5,00700,全域,002,女,100,９９歳,41000,佐賀県,1980000000,1980年,人
10,00700,全域,002,女,100,９９歳,42000,長崎県,1980000000,1980年,人
19,00700,全域,002,女,100,９９歳,43000,熊本県,1980000000,1980年,人
11,00700,全域,002,女,100,９９歳,44000,大分県,1980000000,1980年,人
10,00700,全域,002,女,100,９９歳,45000,宮崎県,1980000000,1980年,人
31,00700,全域,002,女,100,９９歳,46000,鹿児島県,1980000000,1980年,人
21,00700,全域,002,女,100,９９歳,47000,沖縄県,1980000000,1980年,人
813,00700,全域,002,女,101,１００歳以上,00000,全国,1980000000,1980年,人
507,00700,全域,002,女,101,１００歳以上,00001,全国市部,1980000000,1980年,人
306,00700,全域,002,女,101,１００歳以上,00002,全国郡部,1980000000,1980年,人
34,00700,全域,002,女,101,１００歳以上,01000,北海道,1980000000,1980年,人
4,00700,全域,002,女,101,１００歳以上,02000,青森県,1980000000,1980年,人
3,00700,全域,002,女,101,１００歳以上,03000,岩手県,1980000000,1980年,人
17,00700,全域,002,女,101,１００歳以上,04000,宮城県,1980000000,1980年,人
4,00700,全域,002,女,101,１００歳以上,05000,秋田県,1980000000,1980年,人
6,00700,全域,002,女,101,１００歳以上,06000,山形県,1980000000,1980年,人
8,00700,全域,002,女,101,１００歳以上,07000,福島県,1980000000,1980年,人
19,00700,全域,002,女,101,１００歳以上,08000,茨城県,1980000000,1980年,人
6,00700,全域,002,女,101,１００歳以上,09000,栃木県,1980000000,1980年,人
6,00700,全域,002,女,101,１００歳以上,10000,群馬県,1980000000,1980年,人
8,00700,全域,002,女,101,１００歳以上,11000,埼玉県,1980000000,1980年,人
25,00700,全域,002,女,101,１００歳以上,12000,千葉県,1980000000,1980年,人
65,00700,全域,002,女,101,１００歳以上,13000,東京都,1980000000,1980年,人
21,00700,全域,002,女,101,１００歳以上,14000,神奈川県,1980000000,1980年,人
16,00700,全域,002,女,101,１００歳以上,15000,新潟県,1980000000,1980年,人
8,00700,全域,002,女,101,１００歳以上,16000,富山県,1980000000,1980年,人
12,00700,全域,002,女,101,１００歳以上,17000,石川県,1980000000,1980年,人
8,00700,全域,002,女,101,１００歳以上,18000,福井県,1980000000,1980年,人
6,00700,全域,002,女,101,１００歳以上,19000,山梨県,1980000000,1980年,人
23,00700,全域,002,女,101,１００歳以上,20000,長野県,1980000000,1980年,人
7,00700,全域,002,女,101,１００歳以上,21000,岐阜県,1980000000,1980年,人
23,00700,全域,002,女,101,１００歳以上,22000,静岡県,1980000000,1980年,人
32,00700,全域,002,女,101,１００歳以上,23000,愛知県,1980000000,1980年,人
13,00700,全域,002,女,101,１００歳以上,24000,三重県,1980000000,1980年,人
10,00700,全域,002,女,101,１００歳以上,25000,滋賀県,1980000000,1980年,人
15,00700,全域,002,女,101,１００歳以上,26000,京都府,1980000000,1980年,人
32,00700,全域,002,女,101,１００歳以上,27000,大阪府,1980000000,1980年,人
33,00700,全域,002,女,101,１００歳以上,28000,兵庫県,1980000000,1980年,人
5,00700,全域,002,女,101,１００歳以上,29000,奈良県,1980000000,1980年,人
12,00700,全域,002,女,101,１００歳以上,30000,和歌山県,1980000000,1980年,人
8,00700,全域,002,女,101,１００歳以上,31000,鳥取県,1980000000,1980年,人
6,00700,全域,002,女,101,１００歳以上,32000,島根県,1980000000,1980年,人
20,00700,全域,002,女,101,１００歳以上,33000,岡山県,1980000000,1980年,人
44,00700,全域,002,女,101,１００歳以上,34000,広島県,1980000000,1980年,人
11,00700,全域,002,女,101,１００歳以上,35000,山口県,1980000000,1980年,人
10,00700,全域,002,女,101,１００歳以上,36000,徳島県,1980000000,1980年,人
15,00700,全域,002,女,101,１００歳以上,37000,香川県,1980000000,1980年,人
22,00700,全域,002,女,101,１００歳以上,38000,愛媛県,1980000000,1980年,人
7,00700,全域,002,女,101,１００歳以上,39000,高知県,1980000000,1980年,人
38,00700,全域,002,女,101,１００歳以上,40000,福岡県,1980000000,1980年,人
9,00700,全域,002,女,101,１００歳以上,41000,佐賀県,1980000000,1980年,人
18,00700,全域,002,女,101,１００歳以上,42000,長崎県,1980000000,1980年,人
29,00700,全域,002,女,101,１００歳以上,43000,熊本県,1980000000,1980年,人
14,00700,全域,002,女,101,１００歳以上,44000,大分県,1980000000,1980年,人
13,00700,全域,002,女,101,１００歳以上,45000,宮崎県,1980000000,1980年,人
36,00700,全域,002,女,101,１００歳以上,46000,鹿児島県,1980000000,1980年,人
32,00700,全域,002,女,101,１００歳以上,47000,沖縄県,1980000000,1980年,人
22640,00700,全域,002,女,102,年齢不詳,00000,全国,1980000000,1980年,人
22070,00700,全域,002,女,102,年齢不詳,00001,全国市部,1980000000,1980年,人
570,00700,全域,002,女,102,年齢不詳,00002,全国郡部,1980000000,1980年,人
722,00700,全域,002,女,102,年齢不詳,01000,北海道,1980000000,1980年,人
57,00700,全域,002,女,102,年齢不詳,02000,青森県,1980000000,1980年,人
38,00700,全域,002,女,102,年齢不詳,03000,岩手県,1980000000,1980年,人
522,00700,全域,002,女,102,年齢不詳,04000,宮城県,1980000000,1980年,人
28,00700,全域,002,女,102,年齢不詳,05000,秋田県,1980000000,1980年,人
2,00700,全域,002,女,102,年齢不詳,06000,山形県,1980000000,1980年,人
43,00700,全域,002,女,102,年齢不詳,07000,福島県,1980000000,1980年,人
190,00700,全域,002,女,102,年齢不詳,08000,茨城県,1980000000,1980年,人
131,00700,全域,002,女,102,年齢不詳,09000,栃木県,1980000000,1980年,人
27,00700,全域,002,女,102,年齢不詳,10000,群馬県,1980000000,1980年,人
945,00700,全域,002,女,102,年齢不詳,11000,埼玉県,1980000000,1980年,人
1272,00700,全域,002,女,102,年齢不詳,12000,千葉県,1980000000,1980年,人
6328,00700,全域,002,女,102,年齢不詳,13000,東京都,1980000000,1980年,人
1474,00700,全域,002,女,102,年齢不詳,14000,神奈川県,1980000000,1980年,人
122,00700,全域,002,女,102,年齢不詳,15000,新潟県,1980000000,1980年,人
8,00700,全域,002,女,102,年齢不詳,16000,富山県,1980000000,1980年,人
189,00700,全域,002,女,102,年齢不詳,17000,石川県,1980000000,1980年,人
32,00700,全域,002,女,102,年齢不詳,18000,福井県,1980000000,1980年,人
64,00700,全域,002,女,102,年齢不詳,19000,山梨県,1980000000,1980年,人
3,00700,全域,002,女,102,年齢不詳,20000,長野県,1980000000,1980年,人
28,00700,全域,002,女,102,年齢不詳,21000,岐阜県,1980000000,1980年,人
80,00700,全域,002,女,102,年齢不詳,22000,静岡県,1980000000,1980年,人
522,00700,全域,002,女,102,年齢不詳,23000,愛知県,1980000000,1980年,人
45,00700,全域,002,女,102,年齢不詳,24000,三重県,1980000000,1980年,人
37,00700,全域,002,女,102,年齢不詳,25000,滋賀県,1980000000,1980年,人
109,00700,全域,002,女,102,年齢不詳,26000,京都府,1980000000,1980年,人
2876,00700,全域,002,女,102,年齢不詳,27000,大阪府,1980000000,1980年,人
2641,00700,全域,002,女,102,年齢不詳,28000,兵庫県,1980000000,1980年,人
346,00700,全域,002,女,102,年齢不詳,29000,奈良県,1980000000,1980年,人
155,00700,全域,002,女,102,年齢不詳,30000,和歌山県,1980000000,1980年,人
60,00700,全域,002,女,102,年齢不詳,31000,鳥取県,1980000000,1980年,人
21,00700,全域,002,女,102,年齢不詳,32000,島根県,1980000000,1980年,人
96,00700,全域,002,女,102,年齢不詳,33000,岡山県,1980000000,1980年,人
313,00700,全域,002,女,102,年齢不詳,34000,広島県,1980000000,1980年,人
145,00700,全域,002,女,102,年齢不詳,35000,山口県,1980000000,1980年,人
136,00700,全域,002,女,102,年齢不詳,36000,徳島県,1980000000,1980年,人
109,00700,全域,002,女,102,年齢不詳,37000,香川県,1980000000,1980年,人
95,00700,全域,002,女,102,年齢不詳,38000,愛媛県,1980000000,1980年,人
288,00700,全域,002,女,102,年齢不詳,39000,高知県,1980000000,1980年,人
1534,00700,全域,002,女,102,年齢不詳,40000,福岡県,1980000000,1980年,人
26,00700,全域,002,女,102,年齢不詳,41000,佐賀県,1980000000,1980年,人
117,00700,全域,002,女,102,年齢不詳,42000,長崎県,1980000000,1980年,人
78,00700,全域,002,女,102,年齢不詳,43000,熊本県,1980000000,1980年,人
53,00700,全域,002,女,102,年齢不詳,44000,大分県,1980000000,1980年,人
47,00700,全域,002,女,102,年齢不詳,45000,宮崎県,1980000000,1980年,人
20,00700,全域,002,女,102,年齢不詳,46000,鹿児島県,1980000000,1980年,人
466,00700,全域,002,女,102,年齢不詳,47000,沖縄県,1980000000,1980年,人
69934854,00701,人口集中地区,000,男女総数,000,総数,00000,全国,1980000000,1980年,人
66358923,00701,人口集中地区,000,男女総数,000,総数,00001,全国市部,1980000000,1980年,人
3575931,00701,人口集中地区,000,男女総数,000,総数,00002,全国郡部,1980000000,1980年,人
953267,00701,人口集中地区,000,男女総数,001,０歳,00000,全国,1980000000,1980年,人
902478,00701,人口集中地区,000,男女総数,001,０歳,00001,全国市部,1980000000,1980年,人
50789,00701,人口集中地区,000,男女総数,001,０歳,00002,全国郡部,1980000000,1980年,人
976187,00701,人口集中地区,000,男女総数,002,１歳,00000,全国,1980000000,1980年,人
922978,00701,人口集中地区,000,男女総数,002,１歳,00001,全国市部,1980000000,1980年,人
53209,00701,人口集中地区,000,男女総数,002,１歳,00002,全国郡部,1980000000,1980年,人
1012706,00701,人口集中地区,000,男女総数,003,２歳,00000,全国,1980000000,1980年,人
956706,00701,人口集中地区,000,男女総数,003,２歳,00001,全国市部,1980000000,1980年,人
56000,00701,人口集中地区,000,男女総数,003,２歳,00002,全国郡部,1980000000,1980年,人
1034921,00701,人口集中地区,000,男女総数,004,３歳,00000,全国,1980000000,1980年,人
977103,00701,人口集中地区,000,男女総数,004,３歳,00001,全国市部,1980000000,1980年,人
57818,00701,人口集中地区,000,男女総数,004,３歳,00002,全国郡部,1980000000,1980年,人
1088821,00701,人口集中地区,000,男女総数,005,４歳,00000,全国,1980000000,1980年,人
1027436,00701,人口集中地区,000,男女総数,005,４歳,00001,全国市部,1980000000,1980年,人
61385,00701,人口集中地区,000,男女総数,005,４歳,00002,全国郡部,1980000000,1980年,人
1146543,00701,人口集中地区,000,男女総数,006,５歳,00000,全国,1980000000,1980年,人
1081590,00701,人口集中地区,000,男女総数,006,５歳,00001,全国市部,1980000000,1980年,人
64953,00701,人口集中地区,000,男女総数,006,５歳,00002,全国郡部,1980000000,1980年,人
1216511,00701,人口集中地区,000,男女総数,007,６歳,00000,全国,1980000000,1980年,人
1147631,00701,人口集中地区,000,男女総数,007,６歳,00001,全国市部,1980000000,1980年,人
68880,00701,人口集中地区,000,男女総数,007,６歳,00002,全国郡部,1980000000,1980年,人
1243824,00701,人口集中地区,000,男女総数,008,７歳,00000,全国,1980000000,1980年,人
1173880,00701,人口集中地区,000,男女総数,008,７歳,00001,全国市部,1980000000,1980年,人
69944,00701,人口集中地区,000,男女総数,008,７歳,00002,全国郡部,1980000000,1980年,人
1223315,00701,人口集中地区,000,男女総数,009,８歳,00000,全国,1980000000,1980年,人
1155190,00701,人口集中地区,000,男女総数,009,８歳,00001,全国市部,1980000000,1980年,人
68125,00701,人口集中地区,000,男女総数,009,８歳,00002,全国郡部,1980000000,1980年,人
1196899,00701,人口集中地区,000,男女総数,010,９歳,00000,全国,1980000000,1980年,人
1130680,00701,人口集中地区,000,男女総数,010,９歳,00001,全国市部,1980000000,1980年,人
66219,00701,人口集中地区,000,男女総数,010,９歳,00002,全国郡部,1980000000,1980年,人
1157955,00701,人口集中地区,000,男女総数,011,１０歳,00000,全国,1980000000,1980年,人
1094442,00701,人口集中地区,000,男女総数,011,１０歳,00001,全国市部,1980000000,1980年,人
63513,00701,人口集中地区,000,男女総数,011,１０歳,00002,全国郡部,1980000000,1980年,人
1139655,00701,人口集中地区,000,男女総数,012,１１歳,00000,全国,1980000000,1980年,人
1077376,00701,人口集中地区,000,男女総数,012,１１歳,00001,全国市部,1980000000,1980年,人
62279,00701,人口集中地区,000,男女総数,012,１１歳,00002,全国郡部,1980000000,1980年,人
1105815,00701,人口集中地区,000,男女総数,013,１２歳,00000,全国,1980000000,1980年,人
1045324,00701,人口集中地区,000,男女総数,013,１２歳,00001,全国市部,1980000000,1980年,人
60491,00701,人口集中地区,000,男女総数,013,１２歳,00002,全国郡部,1980000000,1980年,人
1100902,00701,人口集中地区,000,男女総数,014,１３歳,00000,全国,1980000000,1980年,人
1041026,00701,人口集中地区,000,男女総数,014,１３歳,00001,全国市部,1980000000,1980年,人
59876,00701,人口集中地区,000,男女総数,014,１３歳,00002,全国郡部,1980000000,1980年,人
867741,00701,人口集中地区,000,男女総数,015,１４歳,00000,全国,1980000000,1980年,人
821235,00701,人口集中地区,000,男女総数,015,１４歳,00001,全国市部,1980000000,1980年,人
46506,00701,人口集中地区,000,男女総数,015,１４歳,00002,全国郡部,1980000000,1980年,人
1065616,00701,人口集中地区,000,男女総数,016,１５歳,00000,全国,1980000000,1980年,人
1008572,00701,人口集中地区,000,男女総数,016,１５歳,00001,全国市部,1980000000,1980年,人
57044,00701,人口集中地区,000,男女総数,016,１５歳,00002,全国郡部,1980000000,1980年,人
993375,00701,人口集中地区,000,男女総数,017,１６歳,00000,全国,1980000000,1980年,人
940102,00701,人口集中地区,000,男女総数,017,１６歳,00001,全国市部,1980000000,1980年,人
53273,00701,人口集中地区,000,男女総数,017,１６歳,00002,全国郡部,1980000000,1980年,人
961175,00701,人口集中地区,000,男女総数,018,１７歳,00000,全国,1980000000,1980年,人
909762,00701,人口集中地区,000,男女総数,018,１７歳,00001,全国市部,1980000000,1980年,人
51413,00701,人口集中地区,000,男女総数,018,１７歳,00002,全国郡部,1980000000,1980年,人
1015843,00701,人口集中地区,000,男女総数,019,１８歳,00000,全国,1980000000,1980年,人
969286,00701,人口集中地区,000,男女総数,019,１８歳,00001,全国市部,1980000000,1980年,人
46557,00701,人口集中地区,000,男女総数,019,１８歳,00002,全国郡部,1980000000,1980年,人
1081140,00701,人口集中地区,000,男女総数,020,１９歳,00000,全国,1980000000,1980年,人
1039410,00701,人口集中地区,000,男女総数,020,１９歳,00001,全国市部,1980000000,1980年,人
41730,00701,人口集中地区,000,男女総数,020,１９歳,00002,全国郡部,1980000000,1980年,人
1081824,00701,人口集中地区,000,男女総数,021,２０歳,00000,全国,1980000000,1980年,人
1041521,00701,人口集中地区,000,男女総数,021,２０歳,00001,全国市部,1980000000,1980年,人
40303,00701,人口集中地区,000,男女総数,021,２０歳,00002,全国郡部,1980000000,1980年,人
1077789,00701,人口集中地区,000,男女総数,022,２１歳,00000,全国,1980000000,1980年,人
1036501,00701,人口集中地区,000,男女総数,022,２１歳,00001,全国市部,1980000000,1980年,人
41288,00701,人口集中地区,000,男女総数,022,２１歳,00002,全国郡部,1980000000,1980年,人
1026043,00701,人口集中地区,000,男女総数,023,２２歳,00000,全国,1980000000,1980年,人
985232,00701,人口集中地区,000,男女総数,023,２２歳,00001,全国市部,1980000000,1980年,人
40811,00701,人口集中地区,000,男女総数,023,２２歳,00002,全国郡部,1980000000,1980年,人
968969,00701,人口集中地区,000,男女総数,024,２３歳,00000,全国,1980000000,1980年,人
928498,00701,人口集中地区,000,男女総数,024,２３歳,00001,全国市部,1980000000,1980年,人
40471,00701,人口集中地区,000,男女総数,024,２３歳,00002,全国郡部,1980000000,1980年,人
1006155,00701,人口集中地区,000,男女総数,025,２４歳,00000,全国,1980000000,1980年,人
962269,00701,人口集中地区,000,男女総数,025,２４歳,00001,全国市部,1980000000,1980年,人
43886,00701,人口集中地区,000,男女総数,025,２４歳,00002,全国郡部,1980000000,1980年,人
1043168,00701,人口集中地区,000,男女総数,026,２５歳,00000,全国,1980000000,1980年,人
995983,00701,人口集中地区,000,男女総数,026,２５歳,00001,全国市部,1980000000,1980年,人
47185,00701,人口集中地区,000,男女総数,026,２５歳,00002,全国郡部,1980000000,1980年,人
1043853,00701,人口集中地区,000,男女総数,027,２６歳,00000,全国,1980000000,1980年,人
995736,00701,人口集中地区,000,男女総数,027,２６歳,00001,全国市部,1980000000,1980年,人
48117,00701,人口集中地区,000,男女総数,027,２６歳,00002,全国郡部,1980000000,1980年,人
1116405,00701,人口集中地区,000,男女総数,028,２７歳,00000,全国,1980000000,1980年,人
1064019,00701,人口集中地区,000,男女総数,028,２７歳,00001,全国市部,1980000000,1980年,人
52386,00701,人口集中地区,000,男女総数,028,２７歳,00002,全国郡部,1980000000,1980年,人
1184990,00701,人口集中地区,000,男女総数,029,２８歳,00000,全国,1980000000,1980年,人
1128300,00701,人口集中地区,000,男女総数,029,２８歳,00001,全国市部,1980000000,1980年,人
56690,00701,人口集中地区,000,男女総数,029,２８歳,00002,全国郡部,1980000000,1980年,人
1266152,00701,人口集中地区,000,男女総数,030,２９歳,00000,全国,1980000000,1980年,人
1204314,00701,人口集中地区,000,男女総数,030,２９歳,00001,全国市部,1980000000,1980年,人
61838,00701,人口集中地区,000,男女総数,030,２９歳,00002,全国郡部,1980000000,1980年,人
1374638,00701,人口集中地区,000,男女総数,031,３０歳,00000,全国,1980000000,1980年,人
1306775,00701,人口集中地区,000,男女総数,031,３０歳,00001,全国市部,1980000000,1980年,人
67863,00701,人口集中地区,000,男女総数,031,３０歳,00002,全国郡部,1980000000,1980年,人
1522807,00701,人口集中地区,000,男女総数,032,３１歳,00000,全国,1980000000,1980年,人
1447675,00701,人口集中地区,000,男女総数,032,３１歳,00001,全国市部,1980000000,1980年,人
75132,00701,人口集中地区,000,男女総数,032,３１歳,00002,全国郡部,1980000000,1980年,人
1524513,00701,人口集中地区,000,男女総数,033,３２歳,00000,全国,1980000000,1980年,人
1448263,00701,人口集中地区,000,男女総数,033,３２歳,00001,全国市部,1980000000,1980年,人
76250,00701,人口集中地区,000,男女総数,033,３２歳,00002,全国郡部,1980000000,1980年,人
1459534,00701,人口集中地区,000,男女総数,034,３３歳,00000,全国,1980000000,1980年,人
1386576,00701,人口集中地区,000,男女総数,034,３３歳,00001,全国市部,1980000000,1980年,人
72958,00701,人口集中地区,000,男女総数,034,３３歳,00002,全国郡部,1980000000,1980年,人
924457,00701,人口集中地区,000,男女総数,035,３４歳,00000,全国,1980000000,1980年,人
877371,00701,人口集中地区,000,男女総数,035,３４歳,00001,全国市部,1980000000,1980年,人
47086,00701,人口集中地区,000,男女総数,035,３４歳,00002,全国郡部,1980000000,1980年,人
1000532,00701,人口集中地区,000,男女総数,036,３５歳,00000,全国,1980000000,1980年,人
949422,00701,人口集中地区,000,男女総数,036,３５歳,00001,全国市部,1980000000,1980年,人
51110,00701,人口集中地区,000,男女総数,036,３５歳,00002,全国郡部,1980000000,1980年,人
1223708,00701,人口集中地区,000,男女総数,037,３６歳,00000,全国,1980000000,1980年,人
1161237,00701,人口集中地区,000,男女総数,037,３６歳,00001,全国市部,1980000000,1980年,人
62471,00701,人口集中地区,000,男女総数,037,３６歳,00002,全国郡部,1980000000,1980年,人
1194426,00701,人口集中地区,000,男女総数,038,３７歳,00000,全国,1980000000,1980年,人
1132357,00701,人口集中地区,000,男女総数,038,３７歳,00001,全国市部,1980000000,1980年,人
62069,00701,人口集中地区,000,男女総数,038,３７歳,00002,全国郡部,1980000000,1980年,人
1229812,00701,人口集中地区,000,男女総数,039,３８歳,00000,全国,1980000000,1980年,人
1166379,00701,人口集中地区,000,男女総数,039,３８歳,00001,全国市部,1980000000,1980年,人
63433,00701,人口集中地区,000,男女総数,039,３８歳,00002,全国郡部,1980000000,1980年,人
1204362,00701,人口集中地区,000,男女総数,040,３９歳,00000,全国,1980000000,1980年,人
1143121,00701,人口集中地区,000,男女総数,040,３９歳,00001,全国市部,1980000000,1980年,人
61241,00701,人口集中地区,000,男女総数,040,３９歳,00002,全国郡部,1980000000,1980年,人
1091841,00701,人口集中地区,000,男女総数,041,４０歳,00000,全国,1980000000,1980年,人
1035854,00701,人口集中地区,000,男女総数,041,４０歳,00001,全国市部,1980000000,1980年,人
55987,00701,人口集中地区,000,男女総数,041,４０歳,00002,全国郡部,1980000000,1980年,人
950863,00701,人口集中地区,000,男女総数,042,４１歳,00000,全国,1980000000,1980年,人
901959,00701,人口集中地区,000,男女総数,042,４１歳,00001,全国市部,1980000000,1980年,人
48904,00701,人口集中地区,000,男女総数,042,４１歳,00002,全国郡部,1980000000,1980年,人
1014891,00701,人口集中地区,000,男女総数,043,４２歳,00000,全国,1980000000,1980年,人
963136,00701,人口集中地区,000,男女総数,043,４２歳,00001,全国市部,1980000000,1980年,人
51755,00701,人口集中地区,000,男女総数,043,４２歳,00002,全国郡部,1980000000,1980年,人
1047553,00701,人口集中地区,000,男女総数,044,４３歳,00000,全国,1980000000,1980年,人
994569,00701,人口集中地区,000,男女総数,044,４３歳,00001,全国市部,1980000000,1980年,人
52984,00701,人口集中地区,000,男女総数,044,４３歳,00002,全国郡部,1980000000,1980年,人
1060928,00701,人口集中地区,000,男女総数,045,４４歳,00000,全国,1980000000,1980年,人
1007322,00701,人口集中地区,000,男女総数,045,４４歳,00001,全国市部,1980000000,1980年,人
53606,00701,人口集中地区,000,男女総数,045,４４歳,00002,全国郡部,1980000000,1980年,人
1022523,00701,人口集中地区,000,男女総数,046,４５歳,00000,全国,1980000000,1980年,人
971618,00701,人口集中地区,000,男女総数,046,４５歳,00001,全国市部,1980000000,1980年,人
50905,00701,人口集中地区,000,男女総数,046,４５歳,00002,全国郡部,1980000000,1980年,人
964494,00701,人口集中地区,000,男女総数,047,４６歳,00000,全国,1980000000,1980年,人
915686,00701,人口集中地区,000,男女総数,047,４６歳,00001,全国市部,1980000000,1980年,人
48808,00701,人口集中地区,000,男女総数,047,４６歳,00002,全国郡部,1980000000,1980年,人
970668,00701,人口集中地区,000,男女総数,048,４７歳,00000,全国,1980000000,1980年,人
922004,00701,人口集中地区,000,男女総数,048,４７歳,00001,全国市部,1980000000,1980年,人
48664,00701,人口集中地区,000,男女総数,048,４７歳,00002,全国郡部,1980000000,1980年,人
942726,00701,人口集中地区,000,男女総数,049,４８歳,00000,全国,1980000000,1980年,人
895125,00701,人口集中地区,000,男女総数,049,４８歳,00001,全国市部,1980000000,1980年,人
47601,00701,人口集中地区,000,男女総数,049,４８歳,00002,全国郡部,1980000000,1980年,人
909550,00701,人口集中地区,000,男女総数,050,４９歳,00000,全国,1980000000,1980年,人
862853,00701,人口集中地区,000,男女総数,050,４９歳,00001,全国市部,1980000000,1980年,人
46697,00701,人口集中地区,000,男女総数,050,４９歳,00002,全国郡部,1980000000,1980年,人
861038,00701,人口集中地区,000,男女総数,051,５０歳,00000,全国,1980000000,1980年,人
816708,00701,人口集中地区,000,男女総数,051,５０歳,00001,全国市部,1980000000,1980年,人
44330,00701,人口集中地区,000,男女総数,051,５０歳,00002,全国郡部,1980000000,1980年,人
834892,00701,人口集中地区,000,男女総数,052,５１歳,00000,全国,1980000000,1980年,人
791420,00701,人口集中地区,000,男女総数,052,５１歳,00001,全国市部,1980000000,1980年,人
43472,00701,人口集中地区,000,男女総数,052,５１歳,00002,全国郡部,1980000000,1980年,人
806670,00701,人口集中地区,000,男女総数,053,５２歳,00000,全国,1980000000,1980年,人
764807,00701,人口集中地区,000,男女総数,053,５２歳,00001,全国市部,1980000000,1980年,人
41863,00701,人口集中地区,000,男女総数,053,５２歳,00002,全国郡部,1980000000,1980年,人
775366,00701,人口集中地区,000,男女総数,054,５３歳,00000,全国,1980000000,1980年,人
735188,00701,人口集中地区,000,男女総数,054,５３歳,00001,全国市部,1980000000,1980年,人
40178,00701,人口集中地区,000,男女総数,054,５３歳,00002,全国郡部,1980000000,1980年,人
746658,00701,人口集中地区,000,男女総数,055,５４歳,00000,全国,1980000000,1980年,人
707254,00701,人口集中地区,000,男女総数,055,５４歳,00001,全国市部,1980000000,1980年,人
39404,00701,人口集中地区,000,男女総数,055,５４歳,00002,全国郡部,1980000000,1980年,人
703174,00701,人口集中地区,000,男女総数,056,５５歳,00000,全国,1980000000,1980年,人
666258,00701,人口集中地区,000,男女総数,056,５５歳,00001,全国市部,1980000000,1980年,人
36916,00701,人口集中地区,000,男女総数,056,５５歳,00002,全国郡部,1980000000,1980年,人
637193,00701,人口集中地区,000,男女総数,057,５６歳,00000,全国,1980000000,1980年,人
603164,00701,人口集中地区,000,男女総数,057,５６歳,00001,全国市部,1980000000,1980年,人
34029,00701,人口集中地区,000,男女総数,057,５６歳,00002,全国郡部,1980000000,1980年,人
593736,00701,人口集中地区,000,男女総数,058,５７歳,00000,全国,1980000000,1980年,人
562475,00701,人口集中地区,000,男女総数,058,５７歳,00001,全国市部,1980000000,1980年,人
31261,00701,人口集中地区,000,男女総数,058,５７歳,00002,全国郡部,1980000000,1980年,人
566634,00701,人口集中地区,000,男女総数,059,５８歳,00000,全国,1980000000,1980年,人
536466,00701,人口集中地区,000,男女総数,059,５８歳,00001,全国市部,1980000000,1980年,人
30168,00701,人口集中地区,000,男女総数,059,５８歳,00002,全国郡部,1980000000,1980年,人
536281,00701,人口集中地区,000,男女総数,060,５９歳,00000,全国,1980000000,1980年,人
507725,00701,人口集中地区,000,男女総数,060,５９歳,00001,全国市部,1980000000,1980年,人
28556,00701,人口集中地区,000,男女総数,060,５９歳,00002,全国郡部,1980000000,1980年,人
555069,00701,人口集中地区,000,男女総数,061,６０歳,00000,全国,1980000000,1980年,人
525435,00701,人口集中地区,000,男女総数,061,６０歳,00001,全国市部,1980000000,1980年,人
29634,00701,人口集中地区,000,男女総数,061,６０歳,00002,全国郡部,1980000000,1980年,人
449762,00701,人口集中地区,000,男女総数,062,６１歳,00000,全国,1980000000,1980年,人
425449,00701,人口集中地区,000,男女総数,062,６１歳,00001,全国市部,1980000000,1980年,人
24313,00701,人口集中地区,000,男女総数,062,６１歳,00002,全国郡部,1980000000,1980年,人
456041,00701,人口集中地区,000,男女総数,063,６２歳,00000,全国,1980000000,1980年,人
431448,00701,人口集中地区,000,男女総数,063,６２歳,00001,全国市部,1980000000,1980年,人
24593,00701,人口集中地区,000,男女総数,063,６２歳,00002,全国郡部,1980000000,1980年,人
456134,00701,人口集中地区,000,男女総数,064,６３歳,00000,全国,1980000000,1980年,人
431284,00701,人口集中地区,000,男女総数,064,６３歳,00001,全国市部,1980000000,1980年,人
24850,00701,人口集中地区,000,男女総数,064,６３歳,00002,全国郡部,1980000000,1980年,人
459110,00701,人口集中地区,000,男女総数,065,６４歳,00000,全国,1980000000,1980年,人
434099,00701,人口集中地区,000,男女総数,065,６４歳,00001,全国市部,1980000000,1980年,人
25011,00701,人口集中地区,000,男女総数,065,６４歳,00002,全国郡部,1980000000,1980年,人
443916,00701,人口集中地区,000,男女総数,066,６５歳,00000,全国,1980000000,1980年,人
419758,00701,人口集中地区,000,男女総数,066,６５歳,00001,全国市部,1980000000,1980年,人
24158,00701,人口集中地区,000,男女総数,066,６５歳,00002,全国郡部,1980000000,1980年,人
441847,00701,人口集中地区,000,男女総数,067,６６歳,00000,全国,1980000000,1980年,人
417810,00701,人口集中地区,000,男女総数,067,６６歳,00001,全国市部,1980000000,1980年,人
24037,00701,人口集中地区,000,男女総数,067,６６歳,00002,全国郡部,1980000000,1980年,人
419812,00701,人口集中地区,000,男女総数,068,６７歳,00000,全国,1980000000,1980年,人
397045,00701,人口集中地区,000,男女総数,068,６７歳,00001,全国市部,1980000000,1980年,人
22767,00701,人口集中地区,000,男女総数,068,６７歳,00002,全国郡部,1980000000,1980年,人
406774,00701,人口集中地区,000,男女総数,069,６８歳,00000,全国,1980000000,1980年,人
384607,00701,人口集中地区,000,男女総数,069,６８歳,00001,全国市部,1980000000,1980年,人
22167,00701,人口集中地区,000,男女総数,069,６８歳,00002,全国郡部,1980000000,1980年,人
381092,00701,人口集中地区,000,男女総数,070,６９歳,00000,全国,1980000000,1980年,人
360020,00701,人口集中地区,000,男女総数,070,６９歳,00001,全国市部,1980000000,1980年,人
21072,00701,人口集中地区,000,男女総数,070,６９歳,00002,全国郡部,1980000000,1980年,人
364974,00701,人口集中地区,000,男女総数,071,７０歳,00000,全国,1980000000,1980年,人
344955,00701,人口集中地区,000,男女総数,071,７０歳,00001,全国市部,1980000000,1980年,人
20019,00701,人口集中地区,000,男女総数,071,７０歳,00002,全国郡部,1980000000,1980年,人
339335,00701,人口集中地区,000,男女総数,072,７１歳,00000,全国,1980000000,1980年,人
320458,00701,人口集中地区,000,男女総数,072,７１歳,00001,全国市部,1980000000,1980年,人
18877,00701,人口集中地区,000,男女総数,072,７１歳,00002,全国郡部,1980000000,1980年,人
311010,00701,人口集中地区,000,男女総数,073,７２歳,00000,全国,1980000000,1980年,人
293798,00701,人口集中地区,000,男女総数,073,７２歳,00001,全国市部,1980000000,1980年,人
17212,00701,人口集中地区,000,男女総数,073,７２歳,00002,全国郡部,1980000000,1980年,人
297694,00701,人口集中地区,000,男女総数,074,７３歳,00000,全国,1980000000,1980年,人
281279,00701,人口集中地区,000,男女総数,074,７３歳,00001,全国市部,1980000000,1980年,人
16415,00701,人口集中地区,000,男女総数,074,７３歳,00002,全国郡部,1980000000,1980年,人
242132,00701,人口集中地区,000,男女総数,075,７４歳,00000,全国,1980000000,1980年,人
228679,00701,人口集中地区,000,男女総数,075,７４歳,00001,全国市部,1980000000,1980年,人
13453,00701,人口集中地区,000,男女総数,075,７４歳,00002,全国郡部,1980000000,1980年,人
235967,00701,人口集中地区,000,男女総数,076,７５歳,00000,全国,1980000000,1980年,人
223014,00701,人口集中地区,000,男女総数,076,７５歳,00001,全国市部,1980000000,1980年,人
12953,00701,人口集中地区,000,男女総数,076,７５歳,00002,全国郡部,1980000000,1980年,人
213003,00701,人口集中地区,000,男女総数,077,７６歳,00000,全国,1980000000,1980年,人
201257,00701,人口集中地区,000,男女総数,077,７６歳,00001,全国市部,1980000000,1980年,人
11746,00701,人口集中地区,000,男女総数,077,７６歳,00002,全国郡部,1980000000,1980年,人
204965,00701,人口集中地区,000,男女総数,078,７７歳,00000,全国,1980000000,1980年,人
193531,00701,人口集中地区,000,男女総数,078,７７歳,00001,全国市部,1980000000,1980年,人
11434,00701,人口集中地区,000,男女総数,078,７７歳,00002,全国郡部,1980000000,1980年,人
185010,00701,人口集中地区,000,男女総数,079,７８歳,00000,全国,1980000000,1980年,人
174771,00701,人口集中地区,000,男女総数,079,７８歳,00001,全国市部,1980000000,1980年,人
10239,00701,人口集中地区,000,男女総数,079,７８歳,00002,全国郡部,1980000000,1980年,人
165413,00701,人口集中地区,000,男女総数,080,７９歳,00000,全国,1980000000,1980年,人
156353,00701,人口集中地区,000,男女総数,080,７９歳,00001,全国市部,1980000000,1980年,人
9060,00701,人口集中地区,000,男女総数,080,７９歳,00002,全国郡部,1980000000,1980年,人
140270,00701,人口集中地区,000,男女総数,081,８０歳,00000,全国,1980000000,1980年,人
132289,00701,人口集中地区,000,男女総数,081,８０歳,00001,全国市部,1980000000,1980年,人
7981,00701,人口集中地区,000,男女総数,081,８０歳,00002,全国郡部,1980000000,1980年,人
115364,00701,人口集中地区,000,男女総数,082,８１歳,00000,全国,1980000000,1980年,人
109043,00701,人口集中地区,000,男女総数,082,８１歳,00001,全国市部,1980000000,1980年,人
6321,00701,人口集中地区,000,男女総数,082,８１歳,00002,全国郡部,1980000000,1980年,人
104054,00701,人口集中地区,000,男女総数,083,８２歳,00000,全国,1980000000,1980年,人
98273,00701,人口集中地区,000,男女総数,083,８２歳,00001,全国市部,1980000000,1980年,人
5781,00701,人口集中地区,000,男女総数,083,８２歳,00002,全国郡部,1980000000,1980年,人
84614,00701,人口集中地区,000,男女総数,084,８３歳,00000,全国,1980000000,1980年,人
79894,00701,人口集中地区,000,男女総数,084,８３歳,00001,全国市部,1980000000,1980年,人
4720,00701,人口集中地区,000,男女総数,084,８３歳,00002,全国郡部,1980000000,1980年,人
68593,00701,人口集中地区,000,男女総数,085,８４歳,00000,全国,1980000000,1980年,人
64497,00701,人口集中地区,000,男女総数,085,８４歳,00001,全国市部,1980000000,1980年,人
4096,00701,人口集中地区,000,男女総数,085,８４歳,00002,全国郡部,1980000000,1980年,人
56612,00701,人口集中地区,000,男女総数,086,８５歳,00000,全国,1980000000,1980年,人
53393,00701,人口集中地区,000,男女総数,086,８５歳,00001,全国市部,1980000000,1980年,人
3219,00701,人口集中地区,000,男女総数,086,８５歳,00002,全国郡部,1980000000,1980年,人
43894,00701,人口集中地区,000,男女総数,087,８６歳,00000,全国,1980000000,1980年,人
41373,00701,人口集中地区,000,男女総数,087,８６歳,00001,全国市部,1980000000,1980年,人
2521,00701,人口集中地区,000,男女総数,087,８６歳,00002,全国郡部,1980000000,1980年,人
34339,00701,人口集中地区,000,男女総数,088,８７歳,00000,全国,1980000000,1980年,人
32432,00701,人口集中地区,000,男女総数,088,８７歳,00001,全国市部,1980000000,1980年,人
1907,00701,人口集中地区,000,男女総数,088,８７歳,00002,全国郡部,1980000000,1980年,人
27105,00701,人口集中地区,000,男女総数,089,８８歳,00000,全国,1980000000,1980年,人
25535,00701,人口集中地区,000,男女総数,089,８８歳,00001,全国市部,1980000000,1980年,人
1570,00701,人口集中地区,000,男女総数,089,８８歳,00002,全国郡部,1980000000,1980年,人
19359,00701,人口集中地区,000,男女総数,090,８９歳,00000,全国,1980000000,1980年,人
18198,00701,人口集中地区,000,男女総数,090,８９歳,00001,全国市部,1980000000,1980年,人
1161,00701,人口集中地区,000,男女総数,090,８９歳,00002,全国郡部,1980000000,1980年,人
15804,00701,人口集中地区,000,男女総数,091,９０歳,00000,全国,1980000000,1980年,人
14807,00701,人口集中地区,000,男女総数,091,９０歳,00001,全国市部,1980000000,1980年,人
997,00701,人口集中地区,000,男女総数,091,９０歳,00002,全国郡部,1980000000,1980年,人
11912,00701,人口集中地区,000,男女総数,092,９１歳,00000,全国,1980000000,1980年,人
11178,00701,人口集中地区,000,男女総数,092,９１歳,00001,全国市部,1980000000,1980年,人
734,00701,人口集中地区,000,男女総数,092,９１歳,00002,全国郡部,1980000000,1980年,人
8101,00701,人口集中地区,000,男女総数,093,９２歳,00000,全国,1980000000,1980年,人
7628,00701,人口集中地区,000,男女総数,093,９２歳,00001,全国市部,1980000000,1980年,人
473,00701,人口集中地区,000,男女総数,093,９２歳,00002,全国郡部,1980000000,1980年,人
5430,00701,人口集中地区,000,男女総数,094,９３歳,00000,全国,1980000000,1980年,人
5105,00701,人口集中地区,000,男女総数,094,９３歳,00001,全国市部,1980000000,1980年,人
325,00701,人口集中地区,000,男女総数,094,９３歳,00002,全国郡部,1980000000,1980年,人
3344,00701,人口集中地区,000,男女総数,095,９４歳,00000,全国,1980000000,1980年,人
3127,00701,人口集中地区,000,男女総数,095,９４歳,00001,全国市部,1980000000,1980年,人
217,00701,人口集中地区,000,男女総数,095,９４歳,00002,全国郡部,1980000000,1980年,人
2254,00701,人口集中地区,000,男女総数,096,９５歳,00000,全国,1980000000,1980年,人
2109,00701,人口集中地区,000,男女総数,096,９５歳,00001,全国市部,1980000000,1980年,人
145,00701,人口集中地区,000,男女総数,096,９５歳,00002,全国郡部,1980000000,1980年,人
1469,00701,人口集中地区,000,男女総数,097,９６歳,00000,全国,1980000000,1980年,人
1374,00701,人口集中地区,000,男女総数,097,９６歳,00001,全国市部,1980000000,1980年,人
95,00701,人口集中地区,000,男女総数,097,９６歳,00002,全国郡部,1980000000,1980年,人
903,00701,人口集中地区,000,男女総数,098,９７歳,00000,全国,1980000000,1980年,人
851,00701,人口集中地区,000,男女総数,098,９７歳,00001,全国市部,1980000000,1980年,人
52,00701,人口集中地区,000,男女総数,098,９７歳,00002,全国郡部,1980000000,1980年,人
541,00701,人口集中地区,000,男女総数,099,９８歳,00000,全国,1980000000,1980年,人
508,00701,人口集中地区,000,男女総数,099,９８歳,00001,全国市部,1980000000,1980年,人
33,00701,人口集中地区,000,男女総数,099,９８歳,00002,全国郡部,1980000000,1980年,人
335,00701,人口集中地区,000,男女総数,100,９９歳,00000,全国,1980000000,1980年,人
317,00701,人口集中地区,000,男女総数,100,９９歳,00001,全国市部,1980000000,1980年,人
18,00701,人口集中地区,000,男女総数,100,９９歳,00002,全国郡部,1980000000,1980年,人
389,00701,人口集中地区,000,男女総数,101,１００歳以上,00000,全国,1980000000,1980年,人
361,00701,人口集中地区,000,男女総数,101,１００歳以上,00001,全国市部,1980000000,1980年,人
28,00701,人口集中地区,000,男女総数,101,１００歳以上,00002,全国郡部,1980000000,1980年,人
67081,00701,人口集中地区,000,男女総数,102,年齢不詳,00000,全国,1980000000,1980年,人
66234,00701,人口集中地区,000,男女総数,102,年齢不詳,00001,全国市部,1980000000,1980年,人
847,00701,人口集中地区,000,男女総数,102,年齢不詳,00002,全国郡部,1980000000,1980年,人
34530429,00701,人口集中地区,001,男,000,総数,00000,全国,1980000000,1980年,人
32786100,00701,人口集中地区,001,男,000,総数,00001,全国市部,1980000000,1980年,人
1744329,00701,人口集中地区,001,男,000,総数,00002,全国郡部,1980000000,1980年,人
489436,00701,人口集中地区,001,男,001,０歳,00000,全国,1980000000,1980年,人
463235,00701,人口集中地区,001,男,001,０歳,00001,全国市部,1980000000,1980年,人
26201,00701,人口集中地区,001,男,001,０歳,00002,全国郡部,1980000000,1980年,人
501097,00701,人口集中地区,001,男,002,１歳,00000,全国,1980000000,1980年,人
473362,00701,人口集中地区,001,男,002,１歳,00001,全国市部,1980000000,1980年,人
27735,00701,人口集中地区,001,男,002,１歳,00002,全国郡部,1980000000,1980年,人
518642,00701,人口集中地区,001,男,003,２歳,00000,全国,1980000000,1980年,人
490024,00701,人口集中地区,001,男,003,２歳,00001,全国市部,1980000000,1980年,人
28618,00701,人口集中地区,001,男,003,２歳,00002,全国郡部,1980000000,1980年,人
530583,00701,人口集中地区,001,男,004,３歳,00000,全国,1980000000,1980年,人
500976,00701,人口集中地区,001,男,004,３歳,00001,全国市部,1980000000,1980年,人
29607,00701,人口集中地区,001,男,004,３歳,00002,全国郡部,1980000000,1980年,人
557958,00701,人口集中地区,001,男,005,４歳,00000,全国,1980000000,1980年,人
526293,00701,人口集中地区,001,男,005,４歳,00001,全国市部,1980000000,1980年,人
31665,00701,人口集中地区,001,男,005,４歳,00002,全国郡部,1980000000,1980年,人
587885,00701,人口集中地区,001,男,006,５歳,00000,全国,1980000000,1980年,人
554480,00701,人口集中地区,001,男,006,５歳,00001,全国市部,1980000000,1980年,人
33405,00701,人口集中地区,001,男,006,５歳,00002,全国郡部,1980000000,1980年,人
624124,00701,人口集中地区,001,男,007,６歳,00000,全国,1980000000,1980年,人
588921,00701,人口集中地区,001,男,007,６歳,00001,全国市部,1980000000,1980年,人
35203,00701,人口集中地区,001,男,007,６歳,00002,全国郡部,1980000000,1980年,人
637069,00701,人口集中地区,001,男,008,７歳,00000,全国,1980000000,1980年,人
601147,00701,人口集中地区,001,男,008,７歳,00001,全国市部,1980000000,1980年,人
35922,00701,人口集中地区,001,男,008,７歳,00002,全国郡部,1980000000,1980年,人
627751,00701,人口集中地区,001,男,009,８歳,00000,全国,1980000000,1980年,人
592925,00701,人口集中地区,001,男,009,８歳,00001,全国市部,1980000000,1980年,人
34826,00701,人口集中地区,001,男,009,８歳,00002,全国郡部,1980000000,1980年,人
613416,00701,人口集中地区,001,男,010,９歳,00000,全国,1980000000,1980年,人
579364,00701,人口集中地区,001,男,010,９歳,00001,全国市部,1980000000,1980年,人
34052,00701,人口集中地区,001,男,010,９歳,00002,全国郡部,1980000000,1980年,人
594788,00701,人口集中地区,001,男,011,１０歳,00000,全国,1980000000,1980年,人
562047,00701,人口集中地区,001,男,011,１０歳,00001,全国市部,1980000000,1980年,人
32741,00701,人口集中地区,001,男,011,１０歳,00002,全国郡部,1980000000,1980年,人
584153,00701,人口集中地区,001,男,012,１１歳,00000,全国,1980000000,1980年,人
552326,00701,人口集中地区,001,男,012,１１歳,00001,全国市部,1980000000,1980年,人
31827,00701,人口集中地区,001,男,012,１１歳,00002,全国郡部,1980000000,1980年,人
567449,00701,人口集中地区,001,男,013,１２歳,00000,全国,1980000000,1980年,人
536448,00701,人口集中地区,001,男,013,１２歳,00001,全国市部,1980000000,1980年,人
31001,00701,人口集中地区,001,男,013,１２歳,00002,全国郡部,1980000000,1980年,人
564798,00701,人口集中地区,001,男,014,１３歳,00000,全国,1980000000,1980年,人
534290,00701,人口集中地区,001,男,014,１３歳,00001,全国市部,1980000000,1980年,人
30508,00701,人口集中地区,001,男,014,１３歳,00002,全国郡部,1980000000,1980年,人
444289,00701,人口集中地区,001,男,015,１４歳,00000,全国,1980000000,1980年,人
420538,00701,人口集中地区,001,男,015,１４歳,00001,全国市部,1980000000,1980年,人
23751,00701,人口集中地区,001,男,015,１４歳,00002,全国郡部,1980000000,1980年,人
544184,00701,人口集中地区,001,男,016,１５歳,00000,全国,1980000000,1980年,人
515305,00701,人口集中地区,001,男,016,１５歳,00001,全国市部,1980000000,1980年,人
28879,00701,人口集中地区,001,男,016,１５歳,00002,全国郡部,1980000000,1980年,人
507239,00701,人口集中地区,001,男,017,１６歳,00000,全国,1980000000,1980年,人
480438,00701,人口集中地区,001,男,017,１６歳,00001,全国市部,1980000000,1980年,人
26801,00701,人口集中地区,001,男,017,１６歳,00002,全国郡部,1980000000,1980年,人
490162,00701,人口集中地区,001,男,018,１７歳,00000,全国,1980000000,1980年,人
464366,00701,人口集中地区,001,男,018,１７歳,00001,全国市部,1980000000,1980年,人
25796,00701,人口集中地区,001,男,018,１７歳,00002,全国郡部,1980000000,1980年,人
514443,00701,人口集中地区,001,男,019,１８歳,00000,全国,1980000000,1980年,人
491691,00701,人口集中地区,001,男,019,１８歳,00001,全国市部,1980000000,1980年,人
22752,00701,人口集中地区,001,男,019,１８歳,00002,全国郡部,1980000000,1980年,人
546408,00701,人口集中地区,001,男,020,１９歳,00000,全国,1980000000,1980年,人
526317,00701,人口集中地区,001,男,020,１９歳,00001,全国市部,1980000000,1980年,人
20091,00701,人口集中地区,001,男,020,１９歳,00002,全国郡部,1980000000,1980年,人
551271,00701,人口集中地区,001,男,021,２０歳,00000,全国,1980000000,1980年,人
532052,00701,人口集中地区,001,男,021,２０歳,00001,全国市部,1980000000,1980年,人
19219,00701,人口集中地区,001,男,021,２０歳,00002,全国郡部,1980000000,1980年,人
553978,00701,人口集中地区,001,男,022,２１歳,00000,全国,1980000000,1980年,人
534586,00701,人口集中地区,001,男,022,２１歳,00001,全国市部,1980000000,1980年,人
19392,00701,人口集中地区,001,男,022,２１歳,00002,全国郡部,1980000000,1980年,人
527593,00701,人口集中地区,001,男,023,２２歳,00000,全国,1980000000,1980年,人
508398,00701,人口集中地区,001,男,023,２２歳,00001,全国市部,1980000000,1980年,人
19195,00701,人口集中地区,001,男,023,２２歳,00002,全国郡部,1980000000,1980年,人
496699,00701,人口集中地区,001,男,024,２３歳,00000,全国,1980000000,1980年,人
477731,00701,人口集中地区,001,男,024,２３歳,00001,全国市部,1980000000,1980年,人
18968,00701,人口集中地区,001,男,024,２３歳,00002,全国郡部,1980000000,1980年,人
512502,00701,人口集中地区,001,男,025,２４歳,00000,全国,1980000000,1980年,人
491694,00701,人口集中地区,001,男,025,２４歳,00001,全国市部,1980000000,1980年,人
20808,00701,人口集中地区,001,男,025,２４歳,00002,全国郡部,1980000000,1980年,人
530353,00701,人口集中地区,001,男,026,２５歳,00000,全国,1980000000,1980年,人
507679,00701,人口集中地区,001,男,026,２５歳,00001,全国市部,1980000000,1980年,人
22674,00701,人口集中地区,001,男,026,２５歳,00002,全国郡部,1980000000,1980年,人
526601,00701,人口集中地区,001,男,027,２６歳,00000,全国,1980000000,1980年,人
503780,00701,人口集中地区,001,男,027,２６歳,00001,全国市部,1980000000,1980年,人
22821,00701,人口集中地区,001,男,027,２６歳,00002,全国郡部,1980000000,1980年,人
561000,00701,人口集中地区,001,男,028,２７歳,00000,全国,1980000000,1980年,人
535865,00701,人口集中地区,001,男,028,２７歳,00001,全国市部,1980000000,1980年,人
25135,00701,人口集中地区,001,男,028,２７歳,00002,全国郡部,1980000000,1980年,人
595762,00701,人口集中地区,001,男,029,２８歳,00000,全国,1980000000,1980年,人
568630,00701,人口集中地区,001,男,029,２８歳,00001,全国市部,1980000000,1980年,人
27132,00701,人口集中地区,001,男,029,２８歳,00002,全国郡部,1980000000,1980年,人
635685,00701,人口集中地区,001,男,030,２９歳,00000,全国,1980000000,1980年,人
605740,00701,人口集中地区,001,男,030,２９歳,00001,全国市部,1980000000,1980年,人
29945,00701,人口集中地区,001,男,030,２９歳,00002,全国郡部,1980000000,1980年,人
689980,00701,人口集中地区,001,男,031,３０歳,00000,全国,1980000000,1980年,人
657218,00701,人口集中地区,001,男,031,３０歳,00001,全国市部,1980000000,1980年,人
32762,00701,人口集中地区,001,男,031,３０歳,00002,全国郡部,1980000000,1980年,人
763273,00701,人口集中地区,001,男,032,３１歳,00000,全国,1980000000,1980年,人
726596,00701,人口集中地区,001,男,032,３１歳,00001,全国市部,1980000000,1980年,人
36677,00701,人口集中地区,001,男,032,３１歳,00002,全国郡部,1980000000,1980年,人
762936,00701,人口集中地区,001,男,033,３２歳,00000,全国,1980000000,1980年,人
725757,00701,人口集中地区,001,男,033,３２歳,00001,全国市部,1980000000,1980年,人
37179,00701,人口集中地区,001,男,033,３２歳,00002,全国郡部,1980000000,1980年,人
731086,00701,人口集中地区,001,男,034,３３歳,00000,全国,1980000000,1980年,人
695121,00701,人口集中地区,001,男,034,３３歳,00001,全国市部,1980000000,1980年,人
35965,00701,人口集中地区,001,男,034,３３歳,00002,全国郡部,1980000000,1980年,人
462538,00701,人口集中地区,001,男,035,３４歳,00000,全国,1980000000,1980年,人
439223,00701,人口集中地区,001,男,035,３４歳,00001,全国市部,1980000000,1980年,人
23315,00701,人口集中地区,001,男,035,３４歳,00002,全国郡部,1980000000,1980年,人
497348,00701,人口集中地区,001,男,036,３５歳,00000,全国,1980000000,1980年,人
472017,00701,人口集中地区,001,男,036,３５歳,00001,全国市部,1980000000,1980年,人
25331,00701,人口集中地区,001,男,036,３５歳,00002,全国郡部,1980000000,1980年,人
608078,00701,人口集中地区,001,男,037,３６歳,00000,全国,1980000000,1980年,人
576887,00701,人口集中地区,001,男,037,３６歳,00001,全国市部,1980000000,1980年,人
31191,00701,人口集中地区,001,男,037,３６歳,00002,全国郡部,1980000000,1980年,人
593805,00701,人口集中地区,001,男,038,３７歳,00000,全国,1980000000,1980年,人
562852,00701,人口集中地区,001,男,038,３７歳,00001,全国市部,1980000000,1980年,人
30953,00701,人口集中地区,001,男,038,３７歳,00002,全国郡部,1980000000,1980年,人
611342,00701,人口集中地区,001,男,039,３８歳,00000,全国,1980000000,1980年,人
579584,00701,人口集中地区,001,男,039,３８歳,00001,全国市部,1980000000,1980年,人
31758,00701,人口集中地区,001,男,039,３８歳,00002,全国郡部,1980000000,1980年,人
598403,00701,人口集中地区,001,男,040,３９歳,00000,全国,1980000000,1980年,人
567684,00701,人口集中地区,001,男,040,３９歳,00001,全国市部,1980000000,1980年,人
30719,00701,人口集中地区,001,男,040,３９歳,00002,全国郡部,1980000000,1980年,人
542528,00701,人口集中地区,001,男,041,４０歳,00000,全国,1980000000,1980年,人
514301,00701,人口集中地区,001,男,041,４０歳,00001,全国市部,1980000000,1980年,人
28227,00701,人口集中地区,001,男,041,４０歳,00002,全国郡部,1980000000,1980年,人
472412,00701,人口集中地区,001,男,042,４１歳,00000,全国,1980000000,1980年,人
447560,00701,人口集中地区,001,男,042,４１歳,00001,全国市部,1980000000,1980年,人
24852,00701,人口集中地区,001,男,042,４１歳,00002,全国郡部,1980000000,1980年,人
503723,00701,人口集中地区,001,男,043,４２歳,00000,全国,1980000000,1980年,人
477642,00701,人口集中地区,001,男,043,４２歳,00001,全国市部,1980000000,1980年,人
26081,00701,人口集中地区,001,男,043,４２歳,00002,全国郡部,1980000000,1980年,人
521060,00701,人口集中地区,001,男,044,４３歳,00000,全国,1980000000,1980年,人
494450,00701,人口集中地区,001,男,044,４３歳,00001,全国市部,1980000000,1980年,人
26610,00701,人口集中地区,001,男,044,４３歳,00002,全国郡部,1980000000,1980年,人
529619,00701,人口集中地区,001,男,045,４４歳,00000,全国,1980000000,1980年,人
502522,00701,人口集中地区,001,男,045,４４歳,00001,全国市部,1980000000,1980年,人
27097,00701,人口集中地区,001,男,045,４４歳,00002,全国郡部,1980000000,1980年,人
510403,00701,人口集中地区,001,男,046,４５歳,00000,全国,1980000000,1980年,人
484633,00701,人口集中地区,001,男,046,４５歳,00001,全国市部,1980000000,1980年,人
25770,00701,人口集中地区,001,男,046,４５歳,00002,全国郡部,1980000000,1980年,人
481107,00701,人口集中地区,001,男,047,４６歳,00000,全国,1980000000,1980年,人
456328,00701,人口集中地区,001,男,047,４６歳,00001,全国市部,1980000000,1980年,人
24779,00701,人口集中地区,001,男,047,４６歳,00002,全国郡部,1980000000,1980年,人
483289,00701,人口集中地区,001,男,048,４７歳,00000,全国,1980000000,1980年,人
458545,00701,人口集中地区,001,男,048,４７歳,00001,全国市部,1980000000,1980年,人
24744,00701,人口集中地区,001,男,048,４７歳,00002,全国郡部,1980000000,1980年,人
470703,00701,人口集中地区,001,男,049,４８歳,00000,全国,1980000000,1980年,人
446561,00701,人口集中地区,001,男,049,４８歳,00001,全国市部,1980000000,1980年,人
24142,00701,人口集中地区,001,男,049,４８歳,00002,全国郡部,1980000000,1980年,人
452300,00701,人口集中地区,001,男,050,４９歳,00000,全国,1980000000,1980年,人
428733,00701,人口集中地区,001,男,050,４９歳,00001,全国市部,1980000000,1980年,人
23567,00701,人口集中地区,001,男,050,４９歳,00002,全国郡部,1980000000,1980年,人
428510,00701,人口集中地区,001,男,051,５０歳,00000,全国,1980000000,1980年,人
406235,00701,人口集中地区,001,男,051,５０歳,00001,全国市部,1980000000,1980年,人
22275,00701,人口集中地区,001,男,051,５０歳,00002,全国郡部,1980000000,1980年,人
414068,00701,人口集中地区,001,男,052,５１歳,00000,全国,1980000000,1980年,人
392189,00701,人口集中地区,001,男,052,５１歳,00001,全国市部,1980000000,1980年,人
21879,00701,人口集中地区,001,男,052,５１歳,00002,全国郡部,1980000000,1980年,人
399714,00701,人口集中地区,001,男,053,５２歳,00000,全国,1980000000,1980年,人
378726,00701,人口集中地区,001,男,053,５２歳,00001,全国市部,1980000000,1980年,人
20988,00701,人口集中地区,001,男,053,５２歳,00002,全国郡部,1980000000,1980年,人
380467,00701,人口集中地区,001,男,054,５３歳,00000,全国,1980000000,1980年,人
360714,00701,人口集中地区,001,男,054,５３歳,00001,全国市部,1980000000,1980年,人
19753,00701,人口集中地区,001,男,054,５３歳,00002,全国郡部,1980000000,1980年,人
364153,00701,人口集中地区,001,男,055,５４歳,00000,全国,1980000000,1980年,人
344727,00701,人口集中地区,001,男,055,５４歳,00001,全国市部,1980000000,1980年,人
19426,00701,人口集中地区,001,男,055,５４歳,00002,全国郡部,1980000000,1980年,人
335134,00701,人口集中地区,001,男,056,５５歳,00000,全国,1980000000,1980年,人
317698,00701,人口集中地区,001,男,056,５５歳,00001,全国市部,1980000000,1980年,人
17436,00701,人口集中地区,001,男,056,５５歳,00002,全国郡部,1980000000,1980年,人
295037,00701,人口集中地区,001,男,057,５６歳,00000,全国,1980000000,1980年,人
279373,00701,人口集中地区,001,男,057,５６歳,00001,全国市部,1980000000,1980年,人
15664,00701,人口集中地区,001,男,057,５６歳,00002,全国郡部,1980000000,1980年,人
259962,00701,人口集中地区,001,男,058,５７歳,00000,全国,1980000000,1980年,人
246358,00701,人口集中地区,001,男,058,５７歳,00001,全国市部,1980000000,1980年,人
13604,00701,人口集中地区,001,男,058,５７歳,00002,全国郡部,1980000000,1980年,人
241888,00701,人口集中地区,001,男,059,５８歳,00000,全国,1980000000,1980年,人
229140,00701,人口集中地区,001,男,059,５８歳,00001,全国市部,1980000000,1980年,人
12748,00701,人口集中地区,001,男,059,５８歳,00002,全国郡部,1980000000,1980年,人
226051,00701,人口集中地区,001,男,060,５９歳,00000,全国,1980000000,1980年,人
214192,00701,人口集中地区,001,男,060,５９歳,00001,全国市部,1980000000,1980年,人
11859,00701,人口集中地区,001,男,060,５９歳,00002,全国郡部,1980000000,1980年,人
234785,00701,人口集中地区,001,男,061,６０歳,00000,全国,1980000000,1980年,人
222151,00701,人口集中地区,001,男,061,６０歳,00001,全国市部,1980000000,1980年,人
12634,00701,人口集中地区,001,男,061,６０歳,00002,全国郡部,1980000000,1980年,人
193921,00701,人口集中地区,001,男,062,６１歳,00000,全国,1980000000,1980年,人
183484,00701,人口集中地区,001,男,062,６１歳,00001,全国市部,1980000000,1980年,人
10437,00701,人口集中地区,001,男,062,６１歳,00002,全国郡部,1980000000,1980年,人
197654,00701,人口集中地区,001,男,063,６２歳,00000,全国,1980000000,1980年,人
187136,00701,人口集中地区,001,男,063,６２歳,00001,全国市部,1980000000,1980年,人
10518,00701,人口集中地区,001,男,063,６２歳,00002,全国郡部,1980000000,1980年,人
200176,00701,人口集中地区,001,男,064,６３歳,00000,全国,1980000000,1980年,人
189470,00701,人口集中地区,001,男,064,６３歳,00001,全国市部,1980000000,1980年,人
10706,00701,人口集中地区,001,男,064,６３歳,00002,全国郡部,1980000000,1980年,人
202804,00701,人口集中地区,001,男,065,６４歳,00000,全国,1980000000,1980年,人
192030,00701,人口集中地区,001,男,065,６４歳,00001,全国市部,1980000000,1980年,人
10774,00701,人口集中地区,001,男,065,６４歳,00002,全国郡部,1980000000,1980年,人
197746,00701,人口集中地区,001,男,066,６５歳,00000,全国,1980000000,1980年,人
187113,00701,人口集中地区,001,男,066,６５歳,00001,全国市部,1980000000,1980年,人
10633,00701,人口集中地区,001,男,066,６５歳,00002,全国郡部,1980000000,1980年,人
196613,00701,人口集中地区,001,男,067,６６歳,00000,全国,1980000000,1980年,人
186146,00701,人口集中地区,001,男,067,６６歳,00001,全国市部,1980000000,1980年,人
10467,00701,人口集中地区,001,男,067,６６歳,00002,全国郡部,1980000000,1980年,人
185221,00701,人口集中地区,001,男,068,６７歳,00000,全国,1980000000,1980年,人
175299,00701,人口集中地区,001,男,068,６７歳,00001,全国市部,1980000000,1980年,人
9922,00701,人口集中地区,001,男,068,６７歳,00002,全国郡部,1980000000,1980年,人
179264,00701,人口集中地区,001,男,069,６８歳,00000,全国,1980000000,1980年,人
169627,00701,人口集中地区,001,男,069,６８歳,00001,全国市部,1980000000,1980年,人
9637,00701,人口集中地区,001,男,069,６８歳,00002,全国郡部,1980000000,1980年,人
167111,00701,人口集中地区,001,男,070,６９歳,00000,全国,1980000000,1980年,人
158060,00701,人口集中地区,001,男,070,６９歳,00001,全国市部,1980000000,1980年,人
9051,00701,人口集中地区,001,男,070,６９歳,00002,全国郡部,1980000000,1980年,人
158909,00701,人口集中地区,001,男,071,７０歳,00000,全国,1980000000,1980年,人
150273,00701,人口集中地区,001,男,071,７０歳,00001,全国市部,1980000000,1980年,人
8636,00701,人口集中地区,001,男,071,７０歳,00002,全国郡部,1980000000,1980年,人
147516,00701,人口集中地区,001,男,072,７１歳,00000,全国,1980000000,1980年,人
139388,00701,人口集中地区,001,男,072,７１歳,00001,全国市部,1980000000,1980年,人
8128,00701,人口集中地区,001,男,072,７１歳,00002,全国郡部,1980000000,1980年,人
136046,00701,人口集中地区,001,男,073,７２歳,00000,全国,1980000000,1980年,人
128480,00701,人口集中地区,001,男,073,７２歳,00001,全国市部,1980000000,1980年,人
7566,00701,人口集中地区,001,男,073,７２歳,00002,全国郡部,1980000000,1980年,人
128884,00701,人口集中地区,001,男,074,７３歳,00000,全国,1980000000,1980年,人
121765,00701,人口集中地区,001,男,074,７３歳,00001,全国市部,1980000000,1980年,人
7119,00701,人口集中地区,001,男,074,７３歳,00002,全国郡部,1980000000,1980年,人
105390,00701,人口集中地区,001,男,075,７４歳,00000,全国,1980000000,1980年,人
99570,00701,人口集中地区,001,男,075,７４歳,00001,全国市部,1980000000,1980年,人
5820,00701,人口集中地区,001,男,075,７４歳,00002,全国郡部,1980000000,1980年,人
99648,00701,人口集中地区,001,男,076,７５歳,00000,全国,1980000000,1980年,人
94202,00701,人口集中地区,001,男,076,７５歳,00001,全国市部,1980000000,1980年,人
5446,00701,人口集中地区,001,男,076,７５歳,00002,全国郡部,1980000000,1980年,人
89786,00701,人口集中地区,001,男,077,７６歳,00000,全国,1980000000,1980年,人
84819,00701,人口集中地区,001,男,077,７６歳,00001,全国市部,1980000000,1980年,人
4967,00701,人口集中地区,001,男,077,７６歳,00002,全国郡部,1980000000,1980年,人
84829,00701,人口集中地区,001,男,078,７７歳,00000,全国,1980000000,1980年,人
80128,00701,人口集中地区,001,男,078,７７歳,00001,全国市部,1980000000,1980年,人
4701,00701,人口集中地区,001,男,078,７７歳,00002,全国郡部,1980000000,1980年,人
75207,00701,人口集中地区,001,男,079,７８歳,00000,全国,1980000000,1980年,人
71054,00701,人口集中地区,001,男,079,７８歳,00001,全国市部,1980000000,1980年,人
4153,00701,人口集中地区,001,男,079,７８歳,00002,全国郡部,1980000000,1980年,人
66193,00701,人口集中地区,001,男,080,７９歳,00000,全国,1980000000,1980年,人
62672,00701,人口集中地区,001,男,080,７９歳,00001,全国市部,1980000000,1980年,人
3521,00701,人口集中地区,001,男,080,７９歳,00002,全国郡部,1980000000,1980年,人
54905,00701,人口集中地区,001,男,081,８０歳,00000,全国,1980000000,1980年,人
51842,00701,人口集中地区,001,男,081,８０歳,00001,全国市部,1980000000,1980年,人
3063,00701,人口集中地区,001,男,081,８０歳,00002,全国郡部,1980000000,1980年,人
44345,00701,人口集中地区,001,男,082,８１歳,00000,全国,1980000000,1980年,人
41986,00701,人口集中地区,001,男,082,８１歳,00001,全国市部,1980000000,1980年,人
2359,00701,人口集中地区,001,男,082,８１歳,00002,全国郡部,1980000000,1980年,人
39042,00701,人口集中地区,001,男,083,８２歳,00000,全国,1980000000,1980年,人
36950,00701,人口集中地区,001,男,083,８２歳,00001,全国市部,1980000000,1980年,人
2092,00701,人口集中地区,001,男,083,８２歳,00002,全国郡部,1980000000,1980年,人
31377,00701,人口集中地区,001,男,084,８３歳,00000,全国,1980000000,1980年,人
29695,00701,人口集中地区,001,男,084,８３歳,00001,全国市部,1980000000,1980年,人
1682,00701,人口集中地区,001,男,084,８３歳,00002,全国郡部,1980000000,1980年,人
24454,00701,人口集中地区,001,男,085,８４歳,00000,全国,1980000000,1980年,人
23032,00701,人口集中地区,001,男,085,８４歳,00001,全国市部,1980000000,1980年,人
1422,00701,人口集中地区,001,男,085,８４歳,00002,全国郡部,1980000000,1980年,人
19884,00701,人口集中地区,001,男,086,８５歳,00000,全国,1980000000,1980年,人
18746,00701,人口集中地区,001,男,086,８５歳,00001,全国市部,1980000000,1980年,人
1138,00701,人口集中地区,001,男,086,８５歳,00002,全国郡部,1980000000,1980年,人
14905,00701,人口集中地区,001,男,087,８６歳,00000,全国,1980000000,1980年,人
14067,00701,人口集中地区,001,男,087,８６歳,00001,全国市部,1980000000,1980年,人
838,00701,人口集中地区,001,男,087,８６歳,00002,全国郡部,1980000000,1980年,人
11201,00701,人口集中地区,001,男,088,８７歳,00000,全国,1980000000,1980年,人
10613,00701,人口集中地区,001,男,088,８７歳,00001,全国市部,1980000000,1980年,人
588,00701,人口集中地区,001,男,088,８７歳,00002,全国郡部,1980000000,1980年,人
8577,00701,人口集中地区,001,男,089,８８歳,00000,全国,1980000000,1980年,人
8099,00701,人口集中地区,001,男,089,８８歳,00001,全国市部,1980000000,1980年,人
478,00701,人口集中地区,001,男,089,８８歳,00002,全国郡部,1980000000,1980年,人
6001,00701,人口集中地区,001,男,090,８９歳,00000,全国,1980000000,1980年,人
5633,00701,人口集中地区,001,男,090,８９歳,00001,全国市部,1980000000,1980年,人
368,00701,人口集中地区,001,男,090,８９歳,00002,全国郡部,1980000000,1980年,人
4650,00701,人口集中地区,001,男,091,９０歳,00000,全国,1980000000,1980年,人
4362,00701,人口集中地区,001,男,091,９０歳,00001,全国市部,1980000000,1980年,人
288,00701,人口集中地区,001,男,091,９０歳,00002,全国郡部,1980000000,1980年,人
3409,00701,人口集中地区,001,男,092,９１歳,00000,全国,1980000000,1980年,人
3207,00701,人口集中地区,001,男,092,９１歳,00001,全国市部,1980000000,1980年,人
202,00701,人口集中地区,001,男,092,９１歳,00002,全国郡部,1980000000,1980年,人
2238,00701,人口集中地区,001,男,093,９２歳,00000,全国,1980000000,1980年,人
2125,00701,人口集中地区,001,男,093,９２歳,00001,全国市部,1980000000,1980年,人
113,00701,人口集中地区,001,男,093,９２歳,00002,全国郡部,1980000000,1980年,人
1411,00701,人口集中地区,001,男,094,９３歳,00000,全国,1980000000,1980年,人
1330,00701,人口集中地区,001,男,094,９３歳,00001,全国市部,1980000000,1980年,人
81,00701,人口集中地区,001,男,094,９３歳,00002,全国郡部,1980000000,1980年,人
855,00701,人口集中地区,001,男,095,９４歳,00000,全国,1980000000,1980年,人
805,00701,人口集中地区,001,男,095,９４歳,00001,全国市部,1980000000,1980年,人
50,00701,人口集中地区,001,男,095,９４歳,00002,全国郡部,1980000000,1980年,人
548,00701,人口集中地区,001,男,096,９５歳,00000,全国,1980000000,1980年,人
505,00701,人口集中地区,001,男,096,９５歳,00001,全国市部,1980000000,1980年,人
43,00701,人口集中地区,001,男,096,９５歳,00002,全国郡部,1980000000,1980年,人
347,00701,人口集中地区,001,男,097,９６歳,00000,全国,1980000000,1980年,人
324,00701,人口集中地区,001,男,097,９６歳,00001,全国市部,1980000000,1980年,人
23,00701,人口集中地区,001,男,097,９６歳,00002,全国郡部,1980000000,1980年,人
203,00701,人口集中地区,001,男,098,９７歳,00000,全国,1980000000,1980年,人
188,00701,人口集中地区,001,男,098,９７歳,00001,全国市部,1980000000,1980年,人
15,00701,人口集中地区,001,男,098,９７歳,00002,全国郡部,1980000000,1980年,人
111,00701,人口集中地区,001,男,099,９８歳,00000,全国,1980000000,1980年,人
101,00701,人口集中地区,001,男,099,９８歳,00001,全国市部,1980000000,1980年,人
10,00701,人口集中地区,001,男,099,９８歳,00002,全国郡部,1980000000,1980年,人
73,00701,人口集中地区,001,男,100,９９歳,00000,全国,1980000000,1980年,人
70,00701,人口集中地区,001,男,100,９９歳,00001,全国市部,1980000000,1980年,人
3,00701,人口集中地区,001,男,100,９９歳,00002,全国郡部,1980000000,1980年,人
59,00701,人口集中地区,001,男,101,１００歳以上,00000,全国,1980000000,1980年,人
55,00701,人口集中地区,001,男,101,１００歳以上,00001,全国市部,1980000000,1980年,人
4,00701,人口集中地区,001,男,101,１００歳以上,00002,全国郡部,1980000000,1980年,人
45896,00701,人口集中地区,001,男,102,年齢不詳,00000,全国,1980000000,1980年,人
45284,00701,人口集中地区,001,男,102,年齢不詳,00001,全国市部,1980000000,1980年,人
612,00701,人口集中地区,001,男,102,年齢不詳,00002,全国郡部,1980000000,1980年,人
35404425,00701,人口集中地区,002,女,000,総数,00000,全国,1980000000,1980年,人
33572823,00701,人口集中地区,002,女,000,総数,00001,全国市部,1980000000,1980年,人
1831602,00701,人口集中地区,002,女,000,総数,00002,全国郡部,1980000000,1980年,人
463831,00701,人口集中地区,002,女,001,０歳,00000,全国,1980000000,1980年,人
439243,00701,人口集中地区,002,女,001,０歳,00001,全国市部,1980000000,1980年,人
24588,00701,人口集中地区,002,女,001,０歳,00002,全国郡部,1980000000,1980年,人
475090,00701,人口集中地区,002,女,002,１歳,00000,全国,1980000000,1980年,人
449616,00701,人口集中地区,002,女,002,１歳,00001,全国市部,1980000000,1980年,人
25474,00701,人口集中地区,002,女,002,１歳,00002,全国郡部,1980000000,1980年,人
494064,00701,人口集中地区,002,女,003,２歳,00000,全国,1980000000,1980年,人
466682,00701,人口集中地区,002,女,003,２歳,00001,全国市部,1980000000,1980年,人
27382,00701,人口集中地区,002,女,003,２歳,00002,全国郡部,1980000000,1980年,人
504338,00701,人口集中地区,002,女,004,３歳,00000,全国,1980000000,1980年,人
476127,00701,人口集中地区,002,女,004,３歳,00001,全国市部,1980000000,1980年,人
28211,00701,人口集中地区,002,女,004,３歳,00002,全国郡部,1980000000,1980年,人
530863,00701,人口集中地区,002,女,005,４歳,00000,全国,1980000000,1980年,人
501143,00701,人口集中地区,002,女,005,４歳,00001,全国市部,1980000000,1980年,人
29720,00701,人口集中地区,002,女,005,４歳,00002,全国郡部,1980000000,1980年,人
558658,00701,人口集中地区,002,女,006,５歳,00000,全国,1980000000,1980年,人
527110,00701,人口集中地区,002,女,006,５歳,00001,全国市部,1980000000,1980年,人
31548,00701,人口集中地区,002,女,006,５歳,00002,全国郡部,1980000000,1980年,人
592387,00701,人口集中地区,002,女,007,６歳,00000,全国,1980000000,1980年,人
558710,00701,人口集中地区,002,女,007,６歳,00001,全国市部,1980000000,1980年,人
33677,00701,人口集中地区,002,女,007,６歳,00002,全国郡部,1980000000,1980年,人
606755,00701,人口集中地区,002,女,008,７歳,00000,全国,1980000000,1980年,人
572733,00701,人口集中地区,002,女,008,７歳,00001,全国市部,1980000000,1980年,人
34022,00701,人口集中地区,002,女,008,７歳,00002,全国郡部,1980000000,1980年,人
595564,00701,人口集中地区,002,女,009,８歳,00000,全国,1980000000,1980年,人
562265,00701,人口集中地区,002,女,009,８歳,00001,全国市部,1980000000,1980年,人
33299,00701,人口集中地区,002,女,009,８歳,00002,全国郡部,1980000000,1980年,人
583483,00701,人口集中地区,002,女,010,９歳,00000,全国,1980000000,1980年,人
551316,00701,人口集中地区,002,女,010,９歳,00001,全国市部,1980000000,1980年,人
32167,00701,人口集中地区,002,女,010,９歳,00002,全国郡部,1980000000,1980年,人
563167,00701,人口集中地区,002,女,011,１０歳,00000,全国,1980000000,1980年,人
532395,00701,人口集中地区,002,女,011,１０歳,00001,全国市部,1980000000,1980年,人
30772,00701,人口集中地区,002,女,011,１０歳,00002,全国郡部,1980000000,1980年,人
555502,00701,人口集中地区,002,女,012,１１歳,00000,全国,1980000000,1980年,人
525050,00701,人口集中地区,002,女,012,１１歳,00001,全国市部,1980000000,1980年,人
30452,00701,人口集中地区,002,女,012,１１歳,00002,全国郡部,1980000000,1980年,人
538366,00701,人口集中地区,002,女,013,１２歳,00000,全国,1980000000,1980年,人
508876,00701,人口集中地区,002,女,013,１２歳,00001,全国市部,1980000000,1980年,人
29490,00701,人口集中地区,002,女,013,１２歳,00002,全国郡部,1980000000,1980年,人
536104,00701,人口集中地区,002,女,014,１３歳,00000,全国,1980000000,1980年,人
506736,00701,人口集中地区,002,女,014,１３歳,00001,全国市部,1980000000,1980年,人
29368,00701,人口集中地区,002,女,014,１３歳,00002,全国郡部,1980000000,1980年,人
423452,00701,人口集中地区,002,女,015,１４歳,00000,全国,1980000000,1980年,人
400697,00701,人口集中地区,002,女,015,１４歳,00001,全国市部,1980000000,1980年,人
22755,00701,人口集中地区,002,女,015,１４歳,00002,全国郡部,1980000000,1980年,人
521432,00701,人口集中地区,002,女,016,１５歳,00000,全国,1980000000,1980年,人
493267,00701,人口集中地区,002,女,016,１５歳,00001,全国市部,1980000000,1980年,人
28165,00701,人口集中地区,002,女,016,１５歳,00002,全国郡部,1980000000,1980年,人
486136,00701,人口集中地区,002,女,017,１６歳,00000,全国,1980000000,1980年,人
459664,00701,人口集中地区,002,女,017,１６歳,00001,全国市部,1980000000,1980年,人
26472,00701,人口集中地区,002,女,017,１６歳,00002,全国郡部,1980000000,1980年,人
471013,00701,人口集中地区,002,女,018,１７歳,00000,全国,1980000000,1980年,人
445396,00701,人口集中地区,002,女,018,１７歳,00001,全国市部,1980000000,1980年,人
25617,00701,人口集中地区,002,女,018,１７歳,00002,全国郡部,1980000000,1980年,人
501400,00701,人口集中地区,002,女,019,１８歳,00000,全国,1980000000,1980年,人
477595,00701,人口集中地区,002,女,019,１８歳,00001,全国市部,1980000000,1980年,人
23805,00701,人口集中地区,002,女,019,１８歳,00002,全国郡部,1980000000,1980年,人
534732,00701,人口集中地区,002,女,020,１９歳,00000,全国,1980000000,1980年,人
513093,00701,人口集中地区,002,女,020,１９歳,00001,全国市部,1980000000,1980年,人
21639,00701,人口集中地区,002,女,020,１９歳,00002,全国郡部,1980000000,1980年,人
530553,00701,人口集中地区,002,女,021,２０歳,00000,全国,1980000000,1980年,人
509469,00701,人口集中地区,002,女,021,２０歳,00001,全国市部,1980000000,1980年,人
21084,00701,人口集中地区,002,女,021,２０歳,00002,全国郡部,1980000000,1980年,人
523811,00701,人口集中地区,002,女,022,２１歳,00000,全国,1980000000,1980年,人
501915,00701,人口集中地区,002,女,022,２１歳,00001,全国市部,1980000000,1980年,人
21896,00701,人口集中地区,002,女,022,２１歳,00002,全国郡部,1980000000,1980年,人
498450,00701,人口集中地区,002,女,023,２２歳,00000,全国,1980000000,1980年,人
476834,00701,人口集中地区,002,女,023,２２歳,00001,全国市部,1980000000,1980年,人
21616,00701,人口集中地区,002,女,023,２２歳,00002,全国郡部,1980000000,1980年,人
472270,00701,人口集中地区,002,女,024,２３歳,00000,全国,1980000000,1980年,人
450767,00701,人口集中地区,002,女,024,２３歳,00001,全国市部,1980000000,1980年,人
21503,00701,人口集中地区,002,女,024,２３歳,00002,全国郡部,1980000000,1980年,人
493653,00701,人口集中地区,002,女,025,２４歳,00000,全国,1980000000,1980年,人
470575,00701,人口集中地区,002,女,025,２４歳,00001,全国市部,1980000000,1980年,人
23078,00701,人口集中地区,002,女,025,２４歳,00002,全国郡部,1980000000,1980年,人
512815,00701,人口集中地区,002,女,026,２５歳,00000,全国,1980000000,1980年,人
488304,00701,人口集中地区,002,女,026,２５歳,00001,全国市部,1980000000,1980年,人
24511,00701,人口集中地区,002,女,026,２５歳,00002,全国郡部,1980000000,1980年,人
517252,00701,人口集中地区,002,女,027,２６歳,00000,全国,1980000000,1980年,人
491956,00701,人口集中地区,002,女,027,２６歳,00001,全国市部,1980000000,1980年,人
25296,00701,人口集中地区,002,女,027,２６歳,00002,全国郡部,1980000000,1980年,人
555405,00701,人口集中地区,002,女,028,２７歳,00000,全国,1980000000,1980年,人
528154,00701,人口集中地区,002,女,028,２７歳,00001,全国市部,1980000000,1980年,人
27251,00701,人口集中地区,002,女,028,２７歳,00002,全国郡部,1980000000,1980年,人
589228,00701,人口集中地区,002,女,029,２８歳,00000,全国,1980000000,1980年,人
559670,00701,人口集中地区,002,女,029,２８歳,00001,全国市部,1980000000,1980年,人
29558,00701,人口集中地区,002,女,029,２８歳,00002,全国郡部,1980000000,1980年,人
630467,00701,人口集中地区,002,女,030,２９歳,00000,全国,1980000000,1980年,人
598574,00701,人口集中地区,002,女,030,２９歳,00001,全国市部,1980000000,1980年,人
31893,00701,人口集中地区,002,女,030,２９歳,00002,全国郡部,1980000000,1980年,人
684658,00701,人口集中地区,002,女,031,３０歳,00000,全国,1980000000,1980年,人
649557,00701,人口集中地区,002,女,031,３０歳,00001,全国市部,1980000000,1980年,人
35101,00701,人口集中地区,002,女,031,３０歳,00002,全国郡部,1980000000,1980年,人
759534,00701,人口集中地区,002,女,032,３１歳,00000,全国,1980000000,1980年,人
721079,00701,人口集中地区,002,女,032,３１歳,00001,全国市部,1980000000,1980年,人
38455,00701,人口集中地区,002,女,032,３１歳,00002,全国郡部,1980000000,1980年,人
761577,00701,人口集中地区,002,女,033,３２歳,00000,全国,1980000000,1980年,人
722506,00701,人口集中地区,002,女,033,３２歳,00001,全国市部,1980000000,1980年,人
39071,00701,人口集中地区,002,女,033,３２歳,00002,全国郡部,1980000000,1980年,人
728448,00701,人口集中地区,002,女,034,３３歳,00000,全国,1980000000,1980年,人
691455,00701,人口集中地区,002,女,034,３３歳,00001,全国市部,1980000000,1980年,人
36993,00701,人口集中地区,002,女,034,３３歳,00002,全国郡部,1980000000,1980年,人
461919,00701,人口集中地区,002,女,035,３４歳,00000,全国,1980000000,1980年,人
438148,00701,人口集中地区,002,女,035,３４歳,00001,全国市部,1980000000,1980年,人
23771,00701,人口集中地区,002,女,035,３４歳,00002,全国郡部,1980000000,1980年,人
503184,00701,人口集中地区,002,女,036,３５歳,00000,全国,1980000000,1980年,人
477405,00701,人口集中地区,002,女,036,３５歳,00001,全国市部,1980000000,1980年,人
25779,00701,人口集中地区,002,女,036,３５歳,00002,全国郡部,1980000000,1980年,人
615630,00701,人口集中地区,002,女,037,３６歳,00000,全国,1980000000,1980年,人
584350,00701,人口集中地区,002,女,037,３６歳,00001,全国市部,1980000000,1980年,人
31280,00701,人口集中地区,002,女,037,３６歳,00002,全国郡部,1980000000,1980年,人
600621,00701,人口集中地区,002,女,038,３７歳,00000,全国,1980000000,1980年,人
569505,00701,人口集中地区,002,女,038,３７歳,00001,全国市部,1980000000,1980年,人
31116,00701,人口集中地区,002,女,038,３７歳,00002,全国郡部,1980000000,1980年,人
618470,00701,人口集中地区,002,女,039,３８歳,00000,全国,1980000000,1980年,人
586795,00701,人口集中地区,002,女,039,３８歳,00001,全国市部,1980000000,1980年,人
31675,00701,人口集中地区,002,女,039,３８歳,00002,全国郡部,1980000000,1980年,人
605959,00701,人口集中地区,002,女,040,３９歳,00000,全国,1980000000,1980年,人
575437,00701,人口集中地区,002,女,040,３９歳,00001,全国市部,1980000000,1980年,人
30522,00701,人口集中地区,002,女,040,３９歳,00002,全国郡部,1980000000,1980年,人
549313,00701,人口集中地区,002,女,041,４０歳,00000,全国,1980000000,1980年,人
521553,00701,人口集中地区,002,女,041,４０歳,00001,全国市部,1980000000,1980年,人
27760,00701,人口集中地区,002,女,041,４０歳,00002,全国郡部,1980000000,1980年,人
478451,00701,人口集中地区,002,女,042,４１歳,00000,全国,1980000000,1980年,人
454399,00701,人口集中地区,002,女,042,４１歳,00001,全国市部,1980000000,1980年,人
24052,00701,人口集中地区,002,女,042,４１歳,00002,全国郡部,1980000000,1980年,人
511168,00701,人口集中地区,002,女,043,４２歳,00000,全国,1980000000,1980年,人
485494,00701,人口集中地区,002,女,043,４２歳,00001,全国市部,1980000000,1980年,人
25674,00701,人口集中地区,002,女,043,４２歳,00002,全国郡部,1980000000,1980年,人
526493,00701,人口集中地区,002,女,044,４３歳,00000,全国,1980000000,1980年,人
500119,00701,人口集中地区,002,女,044,４３歳,00001,全国市部,1980000000,1980年,人
26374,00701,人口集中地区,002,女,044,４３歳,00002,全国郡部,1980000000,1980年,人
531309,00701,人口集中地区,002,女,045,４４歳,00000,全国,1980000000,1980年,人
504800,00701,人口集中地区,002,女,045,４４歳,00001,全国市部,1980000000,1980年,人
26509,00701,人口集中地区,002,女,045,４４歳,00002,全国郡部,1980000000,1980年,人
512120,00701,人口集中地区,002,女,046,４５歳,00000,全国,1980000000,1980年,人
486985,00701,人口集中地区,002,女,046,４５歳,00001,全国市部,1980000000,1980年,人
25135,00701,人口集中地区,002,女,046,４５歳,00002,全国郡部,1980000000,1980年,人
483387,00701,人口集中地区,002,女,047,４６歳,00000,全国,1980000000,1980年,人
459358,00701,人口集中地区,002,女,047,４６歳,00001,全国市部,1980000000,1980年,人
24029,00701,人口集中地区,002,女,047,４６歳,00002,全国郡部,1980000000,1980年,人
487379,00701,人口集中地区,002,女,048,４７歳,00000,全国,1980000000,1980年,人
463459,00701,人口集中地区,002,女,048,４７歳,00001,全国市部,1980000000,1980年,人
23920,00701,人口集中地区,002,女,048,４７歳,00002,全国郡部,1980000000,1980年,人
472023,00701,人口集中地区,002,女,049,４８歳,00000,全国,1980000000,1980年,人
448564,00701,人口集中地区,002,女,049,４８歳,00001,全国市部,1980000000,1980年,人
23459,00701,人口集中地区,002,女,049,４８歳,00002,全国郡部,1980000000,1980年,人
457250,00701,人口集中地区,002,女,050,４９歳,00000,全国,1980000000,1980年,人
434120,00701,人口集中地区,002,女,050,４９歳,00001,全国市部,1980000000,1980年,人
23130,00701,人口集中地区,002,女,050,４９歳,00002,全国郡部,1980000000,1980年,人
432528,00701,人口集中地区,002,女,051,５０歳,00000,全国,1980000000,1980年,人
410473,00701,人口集中地区,002,女,051,５０歳,00001,全国市部,1980000000,1980年,人
22055,00701,人口集中地区,002,女,051,５０歳,00002,全国郡部,1980000000,1980年,人
420824,00701,人口集中地区,002,女,052,５１歳,00000,全国,1980000000,1980年,人
399231,00701,人口集中地区,002,女,052,５１歳,00001,全国市部,1980000000,1980年,人
21593,00701,人口集中地区,002,女,052,５１歳,00002,全国郡部,1980000000,1980年,人
406956,00701,人口集中地区,002,女,053,５２歳,00000,全国,1980000000,1980年,人
386081,00701,人口集中地区,002,女,053,５２歳,00001,全国市部,1980000000,1980年,人
20875,00701,人口集中地区,002,女,053,５２歳,00002,全国郡部,1980000000,1980年,人
394899,00701,人口集中地区,002,女,054,５３歳,00000,全国,1980000000,1980年,人
374474,00701,人口集中地区,002,女,054,５３歳,00001,全国市部,1980000000,1980年,人
20425,00701,人口集中地区,002,女,054,５３歳,00002,全国郡部,1980000000,1980年,人
382505,00701,人口集中地区,002,女,055,５４歳,00000,全国,1980000000,1980年,人
362527,00701,人口集中地区,002,女,055,５４歳,00001,全国市部,1980000000,1980年,人
19978,00701,人口集中地区,002,女,055,５４歳,00002,全国郡部,1980000000,1980年,人
368040,00701,人口集中地区,002,女,056,５５歳,00000,全国,1980000000,1980年,人
348560,00701,人口集中地区,002,女,056,５５歳,00001,全国市部,1980000000,1980年,人
19480,00701,人口集中地区,002,女,056,５５歳,00002,全国郡部,1980000000,1980年,人
342156,00701,人口集中地区,002,女,057,５６歳,00000,全国,1980000000,1980年,人
323791,00701,人口集中地区,002,女,057,５６歳,00001,全国市部,1980000000,1980年,人
18365,00701,人口集中地区,002,女,057,５６歳,00002,全国郡部,1980000000,1980年,人
333774,00701,人口集中地区,002,女,058,５７歳,00000,全国,1980000000,1980年,人
316117,00701,人口集中地区,002,女,058,５７歳,00001,全国市部,1980000000,1980年,人
17657,00701,人口集中地区,002,女,058,５７歳,00002,全国郡部,1980000000,1980年,人
324746,00701,人口集中地区,002,女,059,５８歳,00000,全国,1980000000,1980年,人
307326,00701,人口集中地区,002,女,059,５８歳,00001,全国市部,1980000000,1980年,人
17420,00701,人口集中地区,002,女,059,５８歳,00002,全国郡部,1980000000,1980年,人
310230,00701,人口集中地区,002,女,060,５９歳,00000,全国,1980000000,1980年,人
293533,00701,人口集中地区,002,女,060,５９歳,00001,全国市部,1980000000,1980年,人
16697,00701,人口集中地区,002,女,060,５９歳,00002,全国郡部,1980000000,1980年,人
320284,00701,人口集中地区,002,女,061,６０歳,00000,全国,1980000000,1980年,人
303284,00701,人口集中地区,002,女,061,６０歳,00001,全国市部,1980000000,1980年,人
17000,00701,人口集中地区,002,女,061,６０歳,00002,全国郡部,1980000000,1980年,人
255841,00701,人口集中地区,002,女,062,６１歳,00000,全国,1980000000,1980年,人
241965,00701,人口集中地区,002,女,062,６１歳,00001,全国市部,1980000000,1980年,人
13876,00701,人口集中地区,002,女,062,６１歳,00002,全国郡部,1980000000,1980年,人
258387,00701,人口集中地区,002,女,063,６２歳,00000,全国,1980000000,1980年,人
244312,00701,人口集中地区,002,女,063,６２歳,00001,全国市部,1980000000,1980年,人
14075,00701,人口集中地区,002,女,063,６２歳,00002,全国郡部,1980000000,1980年,人
255958,00701,人口集中地区,002,女,064,６３歳,00000,全国,1980000000,1980年,人
241814,00701,人口集中地区,002,女,064,６３歳,00001,全国市部,1980000000,1980年,人
14144,00701,人口集中地区,002,女,064,６３歳,00002,全国郡部,1980000000,1980年,人
256306,00701,人口集中地区,002,女,065,６４歳,00000,全国,1980000000,1980年,人
242069,00701,人口集中地区,002,女,065,６４歳,00001,全国市部,1980000000,1980年,人
14237,00701,人口集中地区,002,女,065,６４歳,00002,全国郡部,1980000000,1980年,人
246170,00701,人口集中地区,002,女,066,６５歳,00000,全国,1980000000,1980年,人
232645,00701,人口集中地区,002,女,066,６５歳,00001,全国市部,1980000000,1980年,人
13525,00701,人口集中地区,002,女,066,６５歳,00002,全国郡部,1980000000,1980年,人
245234,00701,人口集中地区,002,女,067,６６歳,00000,全国,1980000000,1980年,人
231664,00701,人口集中地区,002,女,067,６６歳,00001,全国市部,1980000000,1980年,人
13570,00701,人口集中地区,002,女,067,６６歳,00002,全国郡部,1980000000,1980年,人
234591,00701,人口集中地区,002,女,068,６７歳,00000,全国,1980000000,1980年,人
221746,00701,人口集中地区,002,女,068,６７歳,00001,全国市部,1980000000,1980年,人
12845,00701,人口集中地区,002,女,068,６７歳,00002,全国郡部,1980000000,1980年,人
227510,00701,人口集中地区,002,女,069,６８歳,00000,全国,1980000000,1980年,人
214980,00701,人口集中地区,002,女,069,６８歳,00001,全国市部,1980000000,1980年,人
12530,00701,人口集中地区,002,女,069,６８歳,00002,全国郡部,1980000000,1980年,人
213981,00701,人口集中地区,002,女,070,６９歳,00000,全国,1980000000,1980年,人
201960,00701,人口集中地区,002,女,070,６９歳,00001,全国市部,1980000000,1980年,人
12021,00701,人口集中地区,002,女,070,６９歳,00002,全国郡部,1980000000,1980年,人
206065,00701,人口集中地区,002,女,071,７０歳,00000,全国,1980000000,1980年,人
194682,00701,人口集中地区,002,女,071,７０歳,00001,全国市部,1980000000,1980年,人
11383,00701,人口集中地区,002,女,071,７０歳,00002,全国郡部,1980000000,1980年,人
191819,00701,人口集中地区,002,女,072,７１歳,00000,全国,1980000000,1980年,人
181070,00701,人口集中地区,002,女,072,７１歳,00001,全国市部,1980000000,1980年,人
10749,00701,人口集中地区,002,女,072,７１歳,00002,全国郡部,1980000000,1980年,人
174964,00701,人口集中地区,002,女,073,７２歳,00000,全国,1980000000,1980年,人
165318,00701,人口集中地区,002,女,073,７２歳,00001,全国市部,1980000000,1980年,人
9646,00701,人口集中地区,002,女,073,７２歳,00002,全国郡部,1980000000,1980年,人
168810,00701,人口集中地区,002,女,074,７３歳,00000,全国,1980000000,1980年,人
159514,00701,人口集中地区,002,女,074,７３歳,00001,全国市部,1980000000,1980年,人
9296,00701,人口集中地区,002,女,074,７３歳,00002,全国郡部,1980000000,1980年,人
136742,00701,人口集中地区,002,女,075,７４歳,00000,全国,1980000000,1980年,人
129109,00701,人口集中地区,002,女,075,７４歳,00001,全国市部,1980000000,1980年,人
7633,00701,人口集中地区,002,女,075,７４歳,00002,全国郡部,1980000000,1980年,人
136319,00701,人口集中地区,002,女,076,７５歳,00000,全国,1980000000,1980年,人
128812,00701,人口集中地区,002,女,076,７５歳,00001,全国市部,1980000000,1980年,人
7507,00701,人口集中地区,002,女,076,７５歳,00002,全国郡部,1980000000,1980年,人
123217,00701,人口集中地区,002,女,077,７６歳,00000,全国,1980000000,1980年,人
116438,00701,人口集中地区,002,女,077,７６歳,00001,全国市部,1980000000,1980年,人
6779,00701,人口集中地区,002,女,077,７６歳,00002,全国郡部,1980000000,1980年,人
120136,00701,人口集中地区,002,女,078,７７歳,00000,全国,1980000000,1980年,人
113403,00701,人口集中地区,002,女,078,７７歳,00001,全国市部,1980000000,1980年,人
6733,00701,人口集中地区,002,女,078,７７歳,00002,全国郡部,1980000000,1980年,人
109803,00701,人口集中地区,002,女,079,７８歳,00000,全国,1980000000,1980年,人
103717,00701,人口集中地区,002,女,079,７８歳,00001,全国市部,1980000000,1980年,人
6086,00701,人口集中地区,002,女,079,７８歳,00002,全国郡部,1980000000,1980年,人
99220,00701,人口集中地区,002,女,080,７９歳,00000,全国,1980000000,1980年,人
93681,00701,人口集中地区,002,女,080,７９歳,00001,全国市部,1980000000,1980年,人
5539,00701,人口集中地区,002,女,080,７９歳,00002,全国郡部,1980000000,1980年,人
85365,00701,人口集中地区,002,女,081,８０歳,00000,全国,1980000000,1980年,人
80447,00701,人口集中地区,002,女,081,８０歳,00001,全国市部,1980000000,1980年,人
4918,00701,人口集中地区,002,女,081,８０歳,00002,全国郡部,1980000000,1980年,人
71019,00701,人口集中地区,002,女,082,８１歳,00000,全国,1980000000,1980年,人
67057,00701,人口集中地区,002,女,082,８１歳,00001,全国市部,1980000000,1980年,人
3962,00701,人口集中地区,002,女,082,８１歳,00002,全国郡部,1980000000,1980年,人
65012,00701,人口集中地区,002,女,083,８２歳,00000,全国,1980000000,1980年,人
61323,00701,人口集中地区,002,女,083,８２歳,00001,全国市部,1980000000,1980年,人
3689,00701,人口集中地区,002,女,083,８２歳,00002,全国郡部,1980000000,1980年,人
53237,00701,人口集中地区,002,女,084,８３歳,00000,全国,1980000000,1980年,人
50199,00701,人口集中地区,002,女,084,８３歳,00001,全国市部,1980000000,1980年,人
3038,00701,人口集中地区,002,女,084,８３歳,00002,全国郡部,1980000000,1980年,人
44139,00701,人口集中地区,002,女,085,８４歳,00000,全国,1980000000,1980年,人
41465,00701,人口集中地区,002,女,085,８４歳,00001,全国市部,1980000000,1980年,人
2674,00701,人口集中地区,002,女,085,８４歳,00002,全国郡部,1980000000,1980年,人
36728,00701,人口集中地区,002,女,086,８５歳,00000,全国,1980000000,1980年,人
34647,00701,人口集中地区,002,女,086,８５歳,00001,全国市部,1980000000,1980年,人
2081,00701,人口集中地区,002,女,086,８５歳,00002,全国郡部,1980000000,1980年,人
28989,00701,人口集中地区,002,女,087,８６歳,00000,全国,1980000000,1980年,人
27306,00701,人口集中地区,002,女,087,８６歳,00001,全国市部,1980000000,1980年,人
1683,00701,人口集中地区,002,女,087,８６歳,00002,全国郡部,1980000000,1980年,人
23138,00701,人口集中地区,002,女,088,８７歳,00000,全国,1980000000,1980年,人
21819,00701,人口集中地区,002,女,088,８７歳,00001,全国市部,1980000000,1980年,人
1319,00701,人口集中地区,002,女,088,８７歳,00002,全国郡部,1980000000,1980年,人
18528,00701,人口集中地区,002,女,089,８８歳,00000,全国,1980000000,1980年,人
17436,00701,人口集中地区,002,女,089,８８歳,00001,全国市部,1980000000,1980年,人
1092,00701,人口集中地区,002,女,089,８８歳,00002,全国郡部,1980000000,1980年,人
13358,00701,人口集中地区,002,女,090,８９歳,00000,全国,1980000000,1980年,人
12565,00701,人口集中地区,002,女,090,８９歳,00001,全国市部,1980000000,1980年,人
793,00701,人口集中地区,002,女,090,８９歳,00002,全国郡部,1980000000,1980年,人
11154,00701,人口集中地区,002,女,091,９０歳,00000,全国,1980000000,1980年,人
10445,00701,人口集中地区,002,女,091,９０歳,00001,全国市部,1980000000,1980年,人
709,00701,人口集中地区,002,女,091,９０歳,00002,全国郡部,1980000000,1980年,人
8503,00701,人口集中地区,002,女,092,９１歳,00000,全国,1980000000,1980年,人
7971,00701,人口集中地区,002,女,092,９１歳,00001,全国市部,1980000000,1980年,人
532,00701,人口集中地区,002,女,092,９１歳,00002,全国郡部,1980000000,1980年,人
5863,00701,人口集中地区,002,女,093,９２歳,00000,全国,1980000000,1980年,人
5503,00701,人口集中地区,002,女,093,９２歳,00001,全国市部,1980000000,1980年,人
360,00701,人口集中地区,002,女,093,９２歳,00002,全国郡部,1980000000,1980年,人
4019,00701,人口集中地区,002,女,094,９３歳,00000,全国,1980000000,1980年,人
3775,00701,人口集中地区,002,女,094,９３歳,00001,全国市部,1980000000,1980年,人
244,00701,人口集中地区,002,女,094,９３歳,00002,全国郡部,1980000000,1980年,人
2489,00701,人口集中地区,002,女,095,９４歳,00000,全国,1980000000,1980年,人
2322,00701,人口集中地区,002,女,095,９４歳,00001,全国市部,1980000000,1980年,人
167,00701,人口集中地区,002,女,095,９４歳,00002,全国郡部,1980000000,1980年,人
1706,00701,人口集中地区,002,女,096,９５歳,00000,全国,1980000000,1980年,人
1604,00701,人口集中地区,002,女,096,９５歳,00001,全国市部,1980000000,1980年,人
102,00701,人口集中地区,002,女,096,９５歳,00002,全国郡部,1980000000,1980年,人
1122,00701,人口集中地区,002,女,097,９６歳,00000,全国,1980000000,1980年,人
1050,00701,人口集中地区,002,女,097,９６歳,00001,全国市部,1980000000,1980年,人
72,00701,人口集中地区,002,女,097,９６歳,00002,全国郡部,1980000000,1980年,人
700,00701,人口集中地区,002,女,098,９７歳,00000,全国,1980000000,1980年,人
663,00701,人口集中地区,002,女,098,９７歳,00001,全国市部,1980000000,1980年,人
37,00701,人口集中地区,002,女,098,９７歳,00002,全国郡部,1980000000,1980年,人
430,00701,人口集中地区,002,女,099,９８歳,00000,全国,1980000000,1980年,人
407,00701,人口集中地区,002,女,099,９８歳,00001,全国市部,1980000000,1980年,人
23,00701,人口集中地区,002,女,099,９８歳,00002,全国郡部,1980000000,1980年,人
262,00701,人口集中地区,002,女,100,９９歳,00000,全国,1980000000,1980年,人
247,00701,人口集中地区,002,女,100,９９歳,00001,全国市部,1980000000,1980年,人
15,00701,人口集中地区,002,女,100,９９歳,00002,全国郡部,1980000000,1980年,人
330,00701,人口集中地区,002,女,101,１００歳以上,00000,全国,1980000000,1980年,人
306,00701,人口集中地区,002,女,101,１００歳以上,00001,全国市部,1980000000,1980年,人
24,00701,人口集中地区,002,女,101,１００歳以上,00002,全国郡部,1980000000,1980年,人
21185,00701,人口集中地区,002,女,102,年齢不詳,00000,全国,1980000000,1980年,人
20950,00701,人口集中地区,002,女,102,年齢不詳,00001,全国市部,1980000000,1980年,人
235,00701,人口集中地区,002,女,102,年齢不詳,00002,全国郡部,1980000000,1980年,人
