value,cat01,cat01_label,cat02,cat02_label,cat03,cat03_label,cat04,cat04_label,area,area_label,time,time_label,unit
668675,00700,全域,000,男女総数,T01,総数,000,国籍総数,00000,全国,1980000000,1980年,人
614947,00700,全域,000,男女総数,T01,総数,000,国籍総数,00001,全国市部,1980000000,1980年,人
53728,00700,全域,000,男女総数,T01,総数,000,国籍総数,00002,全国郡部,1980000000,1980年,人
7487,00700,全域,000,男女総数,T01,総数,000,国籍総数,01000,北海道,1980000000,1980年,人
1978,00700,全域,000,男女総数,T01,総数,000,国籍総数,02000,青森県,1980000000,1980年,人
1724,00700,全域,000,男女総数,T01,総数,000,国籍総数,03000,岩手県,1980000000,1980年,人
4081,00700,全域,000,男女総数,T01,総数,000,国籍総数,04000,宮城県,1980000000,1980年,人
1165,00700,全域,000,男女総数,T01,総数,000,国籍総数,05000,秋田県,1980000000,1980年,人
920,00700,全域,000,男女総数,T01,総数,000,国籍総数,06000,山形県,1980000000,1980年,人
2598,00700,全域,000,男女総数,T01,総数,000,国籍総数,07000,福島県,1980000000,1980年,人
4625,00700,全域,000,男女総数,T01,総数,000,国籍総数,08000,茨城県,1980000000,1980年,人
2561,00700,全域,000,男女総数,T01,総数,000,国籍総数,09000,栃木県,1980000000,1980年,人
3351,00700,全域,000,男女総数,T01,総数,000,国籍総数,10000,群馬県,1980000000,1980年,人
11379,00700,全域,000,男女総数,T01,総数,000,国籍総数,11000,埼玉県,1980000000,1980年,人
11819,00700,全域,000,男女総数,T01,総数,000,国籍総数,12000,千葉県,1980000000,1980年,人
90267,00700,全域,000,男女総数,T01,総数,000,国籍総数,13000,東京都,1980000000,1980年,人
35006,00700,全域,000,男女総数,T01,総数,000,国籍総数,14000,神奈川県,1980000000,1980年,人
2905,00700,全域,000,男女総数,T01,総数,000,国籍総数,15000,新潟県,1980000000,1980年,人
1956,00700,全域,000,男女総数,T01,総数,000,国籍総数,16000,富山県,1980000000,1980年,人
3087,00700,全域,000,男女総数,T01,総数,000,国籍総数,17000,石川県,1980000000,1980年,人
4780,00700,全域,000,男女総数,T01,総数,000,国籍総数,18000,福井県,1980000000,1980年,人
1585,00700,全域,000,男女総数,T01,総数,000,国籍総数,19000,山梨県,1980000000,1980年,人
5093,00700,全域,000,男女総数,T01,総数,000,国籍総数,20000,長野県,1980000000,1980年,人
10023,00700,全域,000,男女総数,T01,総数,000,国籍総数,21000,岐阜県,1980000000,1980年,人
8104,00700,全域,000,男女総数,T01,総数,000,国籍総数,22000,静岡県,1980000000,1980年,人
51948,00700,全域,000,男女総数,T01,総数,000,国籍総数,23000,愛知県,1980000000,1980年,人
7969,00700,全域,000,男女総数,T01,総数,000,国籍総数,24000,三重県,1980000000,1980年,人
7357,00700,全域,000,男女総数,T01,総数,000,国籍総数,25000,滋賀県,1980000000,1980年,人
43960,00700,全域,000,男女総数,T01,総数,000,国籍総数,26000,京都府,1980000000,1980年,人
168443,00700,全域,000,男女総数,T01,総数,000,国籍総数,27000,大阪府,1980000000,1980年,人
74027,00700,全域,000,男女総数,T01,総数,000,国籍総数,28000,兵庫県,1980000000,1980年,人
5892,00700,全域,000,男女総数,T01,総数,000,国籍総数,29000,奈良県,1980000000,1980年,人
4608,00700,全域,000,男女総数,T01,総数,000,国籍総数,30000,和歌山県,1980000000,1980年,人
1714,00700,全域,000,男女総数,T01,総数,000,国籍総数,31000,鳥取県,1980000000,1980年,人
1584,00700,全域,000,男女総数,T01,総数,000,国籍総数,32000,島根県,1980000000,1980年,人
8054,00700,全域,000,男女総数,T01,総数,000,国籍総数,33000,岡山県,1980000000,1980年,人
15630,00700,全域,000,男女総数,T01,総数,000,国籍総数,34000,広島県,1980000000,1980年,人
13949,00700,全域,000,男女総数,T01,総数,000,国籍総数,35000,山口県,1980000000,1980年,人
545,00700,全域,000,男女総数,T01,総数,000,国籍総数,36000,徳島県,1980000000,1980年,人
1124,00700,全域,000,男女総数,T01,総数,000,国籍総数,37000,香川県,1980000000,1980年,人
2094,00700,全域,000,男女総数,T01,総数,000,国籍総数,38000,愛媛県,1980000000,1980年,人
936,00700,全域,000,男女総数,T01,総数,000,国籍総数,39000,高知県,1980000000,1980年,人
25556,00700,全域,000,男女総数,T01,総数,000,国籍総数,40000,福岡県,1980000000,1980年,人
1474,00700,全域,000,男女総数,T01,総数,000,国籍総数,41000,佐賀県,1980000000,1980年,人
3315,00700,全域,000,男女総数,T01,総数,000,国籍総数,42000,長崎県,1980000000,1980年,人
2080,00700,全域,000,男女総数,T01,総数,000,国籍総数,43000,熊本県,1980000000,1980年,人
3212,00700,全域,000,男女総数,T01,総数,000,国籍総数,44000,大分県,1980000000,1980年,人
1157,00700,全域,000,男女総数,T01,総数,000,国籍総数,45000,宮崎県,1980000000,1980年,人
1229,00700,全域,000,男女総数,T01,総数,000,国籍総数,46000,鹿児島県,1980000000,1980年,人
4324,00700,全域,000,男女総数,T01,総数,000,国籍総数,47000,沖縄県,1980000000,1980年,人
557672,00700,全域,000,男女総数,T01,総数,001,韓国・朝鮮,00000,全国,1980000000,1980年,人
514146,00700,全域,000,男女総数,T01,総数,001,韓国・朝鮮,00001,全国市部,1980000000,1980年,人
43526,00700,全域,000,男女総数,T01,総数,001,韓国・朝鮮,00002,全国郡部,1980000000,1980年,人
5422,00700,全域,000,男女総数,T01,総数,001,韓国・朝鮮,01000,北海道,1980000000,1980年,人
1563,00700,全域,000,男女総数,T01,総数,001,韓国・朝鮮,02000,青森県,1980000000,1980年,人
1236,00700,全域,000,男女総数,T01,総数,001,韓国・朝鮮,03000,岩手県,1980000000,1980年,人
3102,00700,全域,000,男女総数,T01,総数,001,韓国・朝鮮,04000,宮城県,1980000000,1980年,人
874,00700,全域,000,男女総数,T01,総数,001,韓国・朝鮮,05000,秋田県,1980000000,1980年,人
595,00700,全域,000,男女総数,T01,総数,001,韓国・朝鮮,06000,山形県,1980000000,1980年,人
1874,00700,全域,000,男女総数,T01,総数,001,韓国・朝鮮,07000,福島県,1980000000,1980年,人
3472,00700,全域,000,男女総数,T01,総数,001,韓国・朝鮮,08000,茨城県,1980000000,1980年,人
1968,00700,全域,000,男女総数,T01,総数,001,韓国・朝鮮,09000,栃木県,1980000000,1980年,人
2493,00700,全域,000,男女総数,T01,総数,001,韓国・朝鮮,10000,群馬県,1980000000,1980年,人
8829,00700,全域,000,男女総数,T01,総数,001,韓国・朝鮮,11000,埼玉県,1980000000,1980年,人
8883,00700,全域,000,男女総数,T01,総数,001,韓国・朝鮮,12000,千葉県,1980000000,1980年,人
58031,00700,全域,000,男女総数,T01,総数,001,韓国・朝鮮,13000,東京都,1980000000,1980年,人
23676,00700,全域,000,男女総数,T01,総数,001,韓国・朝鮮,14000,神奈川県,1980000000,1980年,人
2340,00700,全域,000,男女総数,T01,総数,001,韓国・朝鮮,15000,新潟県,1980000000,1980年,人
1727,00700,全域,000,男女総数,T01,総数,001,韓国・朝鮮,16000,富山県,1980000000,1980年,人
2795,00700,全域,000,男女総数,T01,総数,001,韓国・朝鮮,17000,石川県,1980000000,1980年,人
4532,00700,全域,000,男女総数,T01,総数,001,韓国・朝鮮,18000,福井県,1980000000,1980年,人
1223,00700,全域,000,男女総数,T01,総数,001,韓国・朝鮮,19000,山梨県,1980000000,1980年,人
4189,00700,全域,000,男女総数,T01,総数,001,韓国・朝鮮,20000,長野県,1980000000,1980年,人
9532,00700,全域,000,男女総数,T01,総数,001,韓国・朝鮮,21000,岐阜県,1980000000,1980年,人
6584,00700,全域,000,男女総数,T01,総数,001,韓国・朝鮮,22000,静岡県,1980000000,1980年,人
48558,00700,全域,000,男女総数,T01,総数,001,韓国・朝鮮,23000,愛知県,1980000000,1980年,人
7374,00700,全域,000,男女総数,T01,総数,001,韓国・朝鮮,24000,三重県,1980000000,1980年,人
6785,00700,全域,000,男女総数,T01,総数,001,韓国・朝鮮,25000,滋賀県,1980000000,1980年,人
41063,00700,全域,000,男女総数,T01,総数,001,韓国・朝鮮,26000,京都府,1980000000,1980年,人
158079,00700,全域,000,男女総数,T01,総数,001,韓国・朝鮮,27000,大阪府,1980000000,1980年,人
60533,00700,全域,000,男女総数,T01,総数,001,韓国・朝鮮,28000,兵庫県,1980000000,1980年,人
5028,00700,全域,000,男女総数,T01,総数,001,韓国・朝鮮,29000,奈良県,1980000000,1980年,人
3895,00700,全域,000,男女総数,T01,総数,001,韓国・朝鮮,30000,和歌山県,1980000000,1980年,人
1483,00700,全域,000,男女総数,T01,総数,001,韓国・朝鮮,31000,鳥取県,1980000000,1980年,人
1270,00700,全域,000,男女総数,T01,総数,001,韓国・朝鮮,32000,島根県,1980000000,1980年,人
7370,00700,全域,000,男女総数,T01,総数,001,韓国・朝鮮,33000,岡山県,1980000000,1980年,人
13729,00700,全域,000,男女総数,T01,総数,001,韓国・朝鮮,34000,広島県,1980000000,1980年,人
13143,00700,全域,000,男女総数,T01,総数,001,韓国・朝鮮,35000,山口県,1980000000,1980年,人
283,00700,全域,000,男女総数,T01,総数,001,韓国・朝鮮,36000,徳島県,1980000000,1980年,人
813,00700,全域,000,男女総数,T01,総数,001,韓国・朝鮮,37000,香川県,1980000000,1980年,人
1635,00700,全域,000,男女総数,T01,総数,001,韓国・朝鮮,38000,愛媛県,1980000000,1980年,人
667,00700,全域,000,男女総数,T01,総数,001,韓国・朝鮮,39000,高知県,1980000000,1980年,人
22811,00700,全域,000,男女総数,T01,総数,001,韓国・朝鮮,40000,福岡県,1980000000,1980年,人
1203,00700,全域,000,男女総数,T01,総数,001,韓国・朝鮮,41000,佐賀県,1980000000,1980年,人
2021,00700,全域,000,男女総数,T01,総数,001,韓国・朝鮮,42000,長崎県,1980000000,1980年,人
1244,00700,全域,000,男女総数,T01,総数,001,韓国・朝鮮,43000,熊本県,1980000000,1980年,人
2545,00700,全域,000,男女総数,T01,総数,001,韓国・朝鮮,44000,大分県,1980000000,1980年,人
702,00700,全域,000,男女総数,T01,総数,001,韓国・朝鮮,45000,宮崎県,1980000000,1980年,人
325,00700,全域,000,男女総数,T01,総数,001,韓国・朝鮮,46000,鹿児島県,1980000000,1980年,人
173,00700,全域,000,男女総数,T01,総数,001,韓国・朝鮮,47000,沖縄県,1980000000,1980年,人
43748,00700,全域,000,男女総数,T01,総数,002,中国,00000,全国,1980000000,1980年,人
40824,00700,全域,000,男女総数,T01,総数,002,中国,00001,全国市部,1980000000,1980年,人
2924,00700,全域,000,男女総数,T01,総数,002,中国,00002,全国郡部,1980000000,1980年,人
738,00700,全域,000,男女総数,T01,総数,002,中国,01000,北海道,1980000000,1980年,人
115,00700,全域,000,男女総数,T01,総数,002,中国,02000,青森県,1980000000,1980年,人
201,00700,全域,000,男女総数,T01,総数,002,中国,03000,岩手県,1980000000,1980年,人
393,00700,全域,000,男女総数,T01,総数,002,中国,04000,宮城県,1980000000,1980年,人
67,00700,全域,000,男女総数,T01,総数,002,中国,05000,秋田県,1980000000,1980年,人
144,00700,全域,000,男女総数,T01,総数,002,中国,06000,山形県,1980000000,1980年,人
239,00700,全域,000,男女総数,T01,総数,002,中国,07000,福島県,1980000000,1980年,人
273,00700,全域,000,男女総数,T01,総数,002,中国,08000,茨城県,1980000000,1980年,人
168,00700,全域,000,男女総数,T01,総数,002,中国,09000,栃木県,1980000000,1980年,人
265,00700,全域,000,男女総数,T01,総数,002,中国,10000,群馬県,1980000000,1980年,人
875,00700,全域,000,男女総数,T01,総数,002,中国,11000,埼玉県,1980000000,1980年,人
1194,00700,全域,000,男女総数,T01,総数,002,中国,12000,千葉県,1980000000,1980年,人
11055,00700,全域,000,男女総数,T01,総数,002,中国,13000,東京都,1980000000,1980年,人
5140,00700,全域,000,男女総数,T01,総数,002,中国,14000,神奈川県,1980000000,1980年,人
186,00700,全域,000,男女総数,T01,総数,002,中国,15000,新潟県,1980000000,1980年,人
43,00700,全域,000,男女総数,T01,総数,002,中国,16000,富山県,1980000000,1980年,人
80,00700,全域,000,男女総数,T01,総数,002,中国,17000,石川県,1980000000,1980年,人
52,00700,全域,000,男女総数,T01,総数,002,中国,18000,福井県,1980000000,1980年,人
144,00700,全域,000,男女総数,T01,総数,002,中国,19000,山梨県,1980000000,1980年,人
322,00700,全域,000,男女総数,T01,総数,002,中国,20000,長野県,1980000000,1980年,人
181,00700,全域,000,男女総数,T01,総数,002,中国,21000,岐阜県,1980000000,1980年,人
420,00700,全域,000,男女総数,T01,総数,002,中国,22000,静岡県,1980000000,1980年,人
948,00700,全域,000,男女総数,T01,総数,002,中国,23000,愛知県,1980000000,1980年,人
166,00700,全域,000,男女総数,T01,総数,002,中国,24000,三重県,1980000000,1980年,人
124,00700,全域,000,男女総数,T01,総数,002,中国,25000,滋賀県,1980000000,1980年,人
917,00700,全域,000,男女総数,T01,総数,002,中国,26000,京都府,1980000000,1980年,人
5408,00700,全域,000,男女総数,T01,総数,002,中国,27000,大阪府,1980000000,1980年,人
7888,00700,全域,000,男女総数,T01,総数,002,中国,28000,兵庫県,1980000000,1980年,人
252,00700,全域,000,男女総数,T01,総数,002,中国,29000,奈良県,1980000000,1980年,人
329,00700,全域,000,男女総数,T01,総数,002,中国,30000,和歌山県,1980000000,1980年,人
55,00700,全域,000,男女総数,T01,総数,002,中国,31000,鳥取県,1980000000,1980年,人
211,00700,全域,000,男女総数,T01,総数,002,中国,32000,島根県,1980000000,1980年,人
245,00700,全域,000,男女総数,T01,総数,002,中国,33000,岡山県,1980000000,1980年,人
461,00700,全域,000,男女総数,T01,総数,002,中国,34000,広島県,1980000000,1980年,人
166,00700,全域,000,男女総数,T01,総数,002,中国,35000,山口県,1980000000,1980年,人
80,00700,全域,000,男女総数,T01,総数,002,中国,36000,徳島県,1980000000,1980年,人
100,00700,全域,000,男女総数,T01,総数,002,中国,37000,香川県,1980000000,1980年,人
101,00700,全域,000,男女総数,T01,総数,002,中国,38000,愛媛県,1980000000,1980年,人
75,00700,全域,000,男女総数,T01,総数,002,中国,39000,高知県,1980000000,1980年,人
1068,00700,全域,000,男女総数,T01,総数,002,中国,40000,福岡県,1980000000,1980年,人
131,00700,全域,000,男女総数,T01,総数,002,中国,41000,佐賀県,1980000000,1980年,人
669,00700,全域,000,男女総数,T01,総数,002,中国,42000,長崎県,1980000000,1980年,人
398,00700,全域,000,男女総数,T01,総数,002,中国,43000,熊本県,1980000000,1980年,人
326,00700,全域,000,男女総数,T01,総数,002,中国,44000,大分県,1980000000,1980年,人
131,00700,全域,000,男女総数,T01,総数,002,中国,45000,宮崎県,1980000000,1980年,人
435,00700,全域,000,男女総数,T01,総数,002,中国,46000,鹿児島県,1980000000,1980年,人
769,00700,全域,000,男女総数,T01,総数,002,中国,47000,沖縄県,1980000000,1980年,人
18590,00700,全域,000,男女総数,T01,総数,003,アメリカ,00000,全国,1980000000,1980年,人
16971,00700,全域,000,男女総数,T01,総数,003,アメリカ,00001,全国市部,1980000000,1980年,人
1619,00700,全域,000,男女総数,T01,総数,003,アメリカ,00002,全国郡部,1980000000,1980年,人
371,00700,全域,000,男女総数,T01,総数,003,アメリカ,01000,北海道,1980000000,1980年,人
64,00700,全域,000,男女総数,T01,総数,003,アメリカ,02000,青森県,1980000000,1980年,人
62,00700,全域,000,男女総数,T01,総数,003,アメリカ,03000,岩手県,1980000000,1980年,人
162,00700,全域,000,男女総数,T01,総数,003,アメリカ,04000,宮城県,1980000000,1980年,人
26,00700,全域,000,男女総数,T01,総数,003,アメリカ,05000,秋田県,1980000000,1980年,人
57,00700,全域,000,男女総数,T01,総数,003,アメリカ,06000,山形県,1980000000,1980年,人
102,00700,全域,000,男女総数,T01,総数,003,アメリカ,07000,福島県,1980000000,1980年,人
157,00700,全域,000,男女総数,T01,総数,003,アメリカ,08000,茨城県,1980000000,1980年,人
118,00700,全域,000,男女総数,T01,総数,003,アメリカ,09000,栃木県,1980000000,1980年,人
78,00700,全域,000,男女総数,T01,総数,003,アメリカ,10000,群馬県,1980000000,1980年,人
459,00700,全域,000,男女総数,T01,総数,003,アメリカ,11000,埼玉県,1980000000,1980年,人
341,00700,全域,000,男女総数,T01,総数,003,アメリカ,12000,千葉県,1980000000,1980年,人
6827,00700,全域,000,男女総数,T01,総数,003,アメリカ,13000,東京都,1980000000,1980年,人
2230,00700,全域,000,男女総数,T01,総数,003,アメリカ,14000,神奈川県,1980000000,1980年,人
54,00700,全域,000,男女総数,T01,総数,003,アメリカ,15000,新潟県,1980000000,1980年,人
26,00700,全域,000,男女総数,T01,総数,003,アメリカ,16000,富山県,1980000000,1980年,人
38,00700,全域,000,男女総数,T01,総数,003,アメリカ,17000,石川県,1980000000,1980年,人
25,00700,全域,000,男女総数,T01,総数,003,アメリカ,18000,福井県,1980000000,1980年,人
61,00700,全域,000,男女総数,T01,総数,003,アメリカ,19000,山梨県,1980000000,1980年,人
110,00700,全域,000,男女総数,T01,総数,003,アメリカ,20000,長野県,1980000000,1980年,人
63,00700,全域,000,男女総数,T01,総数,003,アメリカ,21000,岐阜県,1980000000,1980年,人
211,00700,全域,000,男女総数,T01,総数,003,アメリカ,22000,静岡県,1980000000,1980年,人
692,00700,全域,000,男女総数,T01,総数,003,アメリカ,23000,愛知県,1980000000,1980年,人
80,00700,全域,000,男女総数,T01,総数,003,アメリカ,24000,三重県,1980000000,1980年,人
52,00700,全域,000,男女総数,T01,総数,003,アメリカ,25000,滋賀県,1980000000,1980年,人
527,00700,全域,000,男女総数,T01,総数,003,アメリカ,26000,京都府,1980000000,1980年,人
619,00700,全域,000,男女総数,T01,総数,003,アメリカ,27000,大阪府,1980000000,1980年,人
999,00700,全域,000,男女総数,T01,総数,003,アメリカ,28000,兵庫県,1980000000,1980年,人
133,00700,全域,000,男女総数,T01,総数,003,アメリカ,29000,奈良県,1980000000,1980年,人
130,00700,全域,000,男女総数,T01,総数,003,アメリカ,30000,和歌山県,1980000000,1980年,人
36,00700,全域,000,男女総数,T01,総数,003,アメリカ,31000,鳥取県,1980000000,1980年,人
10,00700,全域,000,男女総数,T01,総数,003,アメリカ,32000,島根県,1980000000,1980年,人
87,00700,全域,000,男女総数,T01,総数,003,アメリカ,33000,岡山県,1980000000,1980年,人
393,00700,全域,000,男女総数,T01,総数,003,アメリカ,34000,広島県,1980000000,1980年,人
201,00700,全域,000,男女総数,T01,総数,003,アメリカ,35000,山口県,1980000000,1980年,人
22,00700,全域,000,男女総数,T01,総数,003,アメリカ,36000,徳島県,1980000000,1980年,人
51,00700,全域,000,男女総数,T01,総数,003,アメリカ,37000,香川県,1980000000,1980年,人
68,00700,全域,000,男女総数,T01,総数,003,アメリカ,38000,愛媛県,1980000000,1980年,人
35,00700,全域,000,男女総数,T01,総数,003,アメリカ,39000,高知県,1980000000,1980年,人
407,00700,全域,000,男女総数,T01,総数,003,アメリカ,40000,福岡県,1980000000,1980年,人
37,00700,全域,000,男女総数,T01,総数,003,アメリカ,41000,佐賀県,1980000000,1980年,人
178,00700,全域,000,男女総数,T01,総数,003,アメリカ,42000,長崎県,1980000000,1980年,人
95,00700,全域,000,男女総数,T01,総数,003,アメリカ,43000,熊本県,1980000000,1980年,人
67,00700,全域,000,男女総数,T01,総数,003,アメリカ,44000,大分県,1980000000,1980年,人
53,00700,全域,000,男女総数,T01,総数,003,アメリカ,45000,宮崎県,1980000000,1980年,人
139,00700,全域,000,男女総数,T01,総数,003,アメリカ,46000,鹿児島県,1980000000,1980年,人
1837,00700,全域,000,男女総数,T01,総数,003,アメリカ,47000,沖縄県,1980000000,1980年,人
29521,00700,全域,000,男女総数,T01,総数,004,その他,00000,全国,1980000000,1980年,人
26446,00700,全域,000,男女総数,T01,総数,004,その他,00001,全国市部,1980000000,1980年,人
3075,00700,全域,000,男女総数,T01,総数,004,その他,00002,全国郡部,1980000000,1980年,人
479,00700,全域,000,男女総数,T01,総数,004,その他,01000,北海道,1980000000,1980年,人
75,00700,全域,000,男女総数,T01,総数,004,その他,02000,青森県,1980000000,1980年,人
99,00700,全域,000,男女総数,T01,総数,004,その他,03000,岩手県,1980000000,1980年,人
248,00700,全域,000,男女総数,T01,総数,004,その他,04000,宮城県,1980000000,1980年,人
85,00700,全域,000,男女総数,T01,総数,004,その他,05000,秋田県,1980000000,1980年,人
49,00700,全域,000,男女総数,T01,総数,004,その他,06000,山形県,1980000000,1980年,人
150,00700,全域,000,男女総数,T01,総数,004,その他,07000,福島県,1980000000,1980年,人
419,00700,全域,000,男女総数,T01,総数,004,その他,08000,茨城県,1980000000,1980年,人
182,00700,全域,000,男女総数,T01,総数,004,その他,09000,栃木県,1980000000,1980年,人
260,00700,全域,000,男女総数,T01,総数,004,その他,10000,群馬県,1980000000,1980年,人
703,00700,全域,000,男女総数,T01,総数,004,その他,11000,埼玉県,1980000000,1980年,人
872,00700,全域,000,男女総数,T01,総数,004,その他,12000,千葉県,1980000000,1980年,人
10542,00700,全域,000,男女総数,T01,総数,004,その他,13000,東京都,1980000000,1980年,人
2792,00700,全域,000,男女総数,T01,総数,004,その他,14000,神奈川県,1980000000,1980年,人
170,00700,全域,000,男女総数,T01,総数,004,その他,15000,新潟県,1980000000,1980年,人
77,00700,全域,000,男女総数,T01,総数,004,その他,16000,富山県,1980000000,1980年,人
75,00700,全域,000,男女総数,T01,総数,004,その他,17000,石川県,1980000000,1980年,人
63,00700,全域,000,男女総数,T01,総数,004,その他,18000,福井県,1980000000,1980年,人
83,00700,全域,000,男女総数,T01,総数,004,その他,19000,山梨県,1980000000,1980年,人
251,00700,全域,000,男女総数,T01,総数,004,その他,20000,長野県,1980000000,1980年,人
97,00700,全域,000,男女総数,T01,総数,004,その他,21000,岐阜県,1980000000,1980年,人
566,00700,全域,000,男女総数,T01,総数,004,その他,22000,静岡県,1980000000,1980年,人
957,00700,全域,000,男女総数,T01,総数,004,その他,23000,愛知県,1980000000,1980年,人
92,00700,全域,000,男女総数,T01,総数,004,その他,24000,三重県,1980000000,1980年,人
188,00700,全域,000,男女総数,T01,総数,004,その他,25000,滋賀県,1980000000,1980年,人
637,00700,全域,000,男女総数,T01,総数,004,その他,26000,京都府,1980000000,1980年,人
1416,00700,全域,000,男女総数,T01,総数,004,その他,27000,大阪府,1980000000,1980年,人
3161,00700,全域,000,男女総数,T01,総数,004,その他,28000,兵庫県,1980000000,1980年,人
234,00700,全域,000,男女総数,T01,総数,004,その他,29000,奈良県,1980000000,1980年,人
119,00700,全域,000,男女総数,T01,総数,004,その他,30000,和歌山県,1980000000,1980年,人
77,00700,全域,000,男女総数,T01,総数,004,その他,31000,鳥取県,1980000000,1980年,人
32,00700,全域,000,男女総数,T01,総数,004,その他,32000,島根県,1980000000,1980年,人
195,00700,全域,000,男女総数,T01,総数,004,その他,33000,岡山県,1980000000,1980年,人
595,00700,全域,000,男女総数,T01,総数,004,その他,34000,広島県,1980000000,1980年,人
189,00700,全域,000,男女総数,T01,総数,004,その他,35000,山口県,1980000000,1980年,人
81,00700,全域,000,男女総数,T01,総数,004,その他,36000,徳島県,1980000000,1980年,人
81,00700,全域,000,男女総数,T01,総数,004,その他,37000,香川県,1980000000,1980年,人
125,00700,全域,000,男女総数,T01,総数,004,その他,38000,愛媛県,1980000000,1980年,人
73,00700,全域,000,男女総数,T01,総数,004,その他,39000,高知県,1980000000,1980年,人
549,00700,全域,000,男女総数,T01,総数,004,その他,40000,福岡県,1980000000,1980年,人
40,00700,全域,000,男女総数,T01,総数,004,その他,41000,佐賀県,1980000000,1980年,人
306,00700,全域,000,男女総数,T01,総数,004,その他,42000,長崎県,1980000000,1980年,人
206,00700,全域,000,男女総数,T01,総数,004,その他,43000,熊本県,1980000000,1980年,人
185,00700,全域,000,男女総数,T01,総数,004,その他,44000,大分県,1980000000,1980年,人
167,00700,全域,000,男女総数,T01,総数,004,その他,45000,宮崎県,1980000000,1980年,人
167,00700,全域,000,男女総数,T01,総数,004,その他,46000,鹿児島県,1980000000,1980年,人
1312,00700,全域,000,男女総数,T01,総数,004,その他,47000,沖縄県,1980000000,1980年,人
57336,00700,全域,000,男女総数,200,0～4歳,000,国籍総数,00000,全国,1980000000,1980年,人
52707,00700,全域,000,男女総数,200,0～4歳,000,国籍総数,00001,全国市部,1980000000,1980年,人
4629,00700,全域,000,男女総数,200,0～4歳,000,国籍総数,00002,全国郡部,1980000000,1980年,人
601,00700,全域,000,男女総数,200,0～4歳,000,国籍総数,01000,北海道,1980000000,1980年,人
196,00700,全域,000,男女総数,200,0～4歳,000,国籍総数,02000,青森県,1980000000,1980年,人
155,00700,全域,000,男女総数,200,0～4歳,000,国籍総数,03000,岩手県,1980000000,1980年,人
362,00700,全域,000,男女総数,200,0～4歳,000,国籍総数,04000,宮城県,1980000000,1980年,人
112,00700,全域,000,男女総数,200,0～4歳,000,国籍総数,05000,秋田県,1980000000,1980年,人
69,00700,全域,000,男女総数,200,0～4歳,000,国籍総数,06000,山形県,1980000000,1980年,人
280,00700,全域,000,男女総数,200,0～4歳,000,国籍総数,07000,福島県,1980000000,1980年,人
418,00700,全域,000,男女総数,200,0～4歳,000,国籍総数,08000,茨城県,1980000000,1980年,人
214,00700,全域,000,男女総数,200,0～4歳,000,国籍総数,09000,栃木県,1980000000,1980年,人
297,00700,全域,000,男女総数,200,0～4歳,000,国籍総数,10000,群馬県,1980000000,1980年,人
1034,00700,全域,000,男女総数,200,0～4歳,000,国籍総数,11000,埼玉県,1980000000,1980年,人
1079,00700,全域,000,男女総数,200,0～4歳,000,国籍総数,12000,千葉県,1980000000,1980年,人
6804,00700,全域,000,男女総数,200,0～4歳,000,国籍総数,13000,東京都,1980000000,1980年,人
2705,00700,全域,000,男女総数,200,0～4歳,000,国籍総数,14000,神奈川県,1980000000,1980年,人
286,00700,全域,000,男女総数,200,0～4歳,000,国籍総数,15000,新潟県,1980000000,1980年,人
184,00700,全域,000,男女総数,200,0～4歳,000,国籍総数,16000,富山県,1980000000,1980年,人
299,00700,全域,000,男女総数,200,0～4歳,000,国籍総数,17000,石川県,1980000000,1980年,人
409,00700,全域,000,男女総数,200,0～4歳,000,国籍総数,18000,福井県,1980000000,1980年,人
147,00700,全域,000,男女総数,200,0～4歳,000,国籍総数,19000,山梨県,1980000000,1980年,人
448,00700,全域,000,男女総数,200,0～4歳,000,国籍総数,20000,長野県,1980000000,1980年,人
849,00700,全域,000,男女総数,200,0～4歳,000,国籍総数,21000,岐阜県,1980000000,1980年,人
698,00700,全域,000,男女総数,200,0～4歳,000,国籍総数,22000,静岡県,1980000000,1980年,人
4399,00700,全域,000,男女総数,200,0～4歳,000,国籍総数,23000,愛知県,1980000000,1980年,人
755,00700,全域,000,男女総数,200,0～4歳,000,国籍総数,24000,三重県,1980000000,1980年,人
681,00700,全域,000,男女総数,200,0～4歳,000,国籍総数,25000,滋賀県,1980000000,1980年,人
3878,00700,全域,000,男女総数,200,0～4歳,000,国籍総数,26000,京都府,1980000000,1980年,人
14459,00700,全域,000,男女総数,200,0～4歳,000,国籍総数,27000,大阪府,1980000000,1980年,人
6621,00700,全域,000,男女総数,200,0～4歳,000,国籍総数,28000,兵庫県,1980000000,1980年,人
475,00700,全域,000,男女総数,200,0～4歳,000,国籍総数,29000,奈良県,1980000000,1980年,人
419,00700,全域,000,男女総数,200,0～4歳,000,国籍総数,30000,和歌山県,1980000000,1980年,人
172,00700,全域,000,男女総数,200,0～4歳,000,国籍総数,31000,鳥取県,1980000000,1980年,人
149,00700,全域,000,男女総数,200,0～4歳,000,国籍総数,32000,島根県,1980000000,1980年,人
751,00700,全域,000,男女総数,200,0～4歳,000,国籍総数,33000,岡山県,1980000000,1980年,人
1368,00700,全域,000,男女総数,200,0～4歳,000,国籍総数,34000,広島県,1980000000,1980年,人
1266,00700,全域,000,男女総数,200,0～4歳,000,国籍総数,35000,山口県,1980000000,1980年,人
50,00700,全域,000,男女総数,200,0～4歳,000,国籍総数,36000,徳島県,1980000000,1980年,人
122,00700,全域,000,男女総数,200,0～4歳,000,国籍総数,37000,香川県,1980000000,1980年,人
190,00700,全域,000,男女総数,200,0～4歳,000,国籍総数,38000,愛媛県,1980000000,1980年,人
80,00700,全域,000,男女総数,200,0～4歳,000,国籍総数,39000,高知県,1980000000,1980年,人
2468,00700,全域,000,男女総数,200,0～4歳,000,国籍総数,40000,福岡県,1980000000,1980年,人
146,00700,全域,000,男女総数,200,0～4歳,000,国籍総数,41000,佐賀県,1980000000,1980年,人
249,00700,全域,000,男女総数,200,0～4歳,000,国籍総数,42000,長崎県,1980000000,1980年,人
173,00700,全域,000,男女総数,200,0～4歳,000,国籍総数,43000,熊本県,1980000000,1980年,人
265,00700,全域,000,男女総数,200,0～4歳,000,国籍総数,44000,大分県,1980000000,1980年,人
98,00700,全域,000,男女総数,200,0～4歳,000,国籍総数,45000,宮崎県,1980000000,1980年,人
71,00700,全域,000,男女総数,200,0～4歳,000,国籍総数,46000,鹿児島県,1980000000,1980年,人
385,00700,全域,000,男女総数,200,0～4歳,000,国籍総数,47000,沖縄県,1980000000,1980年,人
48724,00700,全域,000,男女総数,200,0～4歳,001,韓国・朝鮮,00000,全国,1980000000,1980年,人
44881,00700,全域,000,男女総数,200,0～4歳,001,韓国・朝鮮,00001,全国市部,1980000000,1980年,人
3843,00700,全域,000,男女総数,200,0～4歳,001,韓国・朝鮮,00002,全国郡部,1980000000,1980年,人
404,00700,全域,000,男女総数,200,0～4歳,001,韓国・朝鮮,01000,北海道,1980000000,1980年,人
155,00700,全域,000,男女総数,200,0～4歳,001,韓国・朝鮮,02000,青森県,1980000000,1980年,人
111,00700,全域,000,男女総数,200,0～4歳,001,韓国・朝鮮,03000,岩手県,1980000000,1980年,人
292,00700,全域,000,男女総数,200,0～4歳,001,韓国・朝鮮,04000,宮城県,1980000000,1980年,人
87,00700,全域,000,男女総数,200,0～4歳,001,韓国・朝鮮,05000,秋田県,1980000000,1980年,人
46,00700,全域,000,男女総数,200,0～4歳,001,韓国・朝鮮,06000,山形県,1980000000,1980年,人
211,00700,全域,000,男女総数,200,0～4歳,001,韓国・朝鮮,07000,福島県,1980000000,1980年,人
336,00700,全域,000,男女総数,200,0～4歳,001,韓国・朝鮮,08000,茨城県,1980000000,1980年,人
165,00700,全域,000,男女総数,200,0～4歳,001,韓国・朝鮮,09000,栃木県,1980000000,1980年,人
241,00700,全域,000,男女総数,200,0～4歳,001,韓国・朝鮮,10000,群馬県,1980000000,1980年,人
813,00700,全域,000,男女総数,200,0～4歳,001,韓国・朝鮮,11000,埼玉県,1980000000,1980年,人
830,00700,全域,000,男女総数,200,0～4歳,001,韓国・朝鮮,12000,千葉県,1980000000,1980年,人
4583,00700,全域,000,男女総数,200,0～4歳,001,韓国・朝鮮,13000,東京都,1980000000,1980年,人
1882,00700,全域,000,男女総数,200,0～4歳,001,韓国・朝鮮,14000,神奈川県,1980000000,1980年,人
241,00700,全域,000,男女総数,200,0～4歳,001,韓国・朝鮮,15000,新潟県,1980000000,1980年,人
168,00700,全域,000,男女総数,200,0～4歳,001,韓国・朝鮮,16000,富山県,1980000000,1980年,人
270,00700,全域,000,男女総数,200,0～4歳,001,韓国・朝鮮,17000,石川県,1980000000,1980年,人
389,00700,全域,000,男女総数,200,0～4歳,001,韓国・朝鮮,18000,福井県,1980000000,1980年,人
116,00700,全域,000,男女総数,200,0～4歳,001,韓国・朝鮮,19000,山梨県,1980000000,1980年,人
389,00700,全域,000,男女総数,200,0～4歳,001,韓国・朝鮮,20000,長野県,1980000000,1980年,人
813,00700,全域,000,男女総数,200,0～4歳,001,韓国・朝鮮,21000,岐阜県,1980000000,1980年,人
580,00700,全域,000,男女総数,200,0～4歳,001,韓国・朝鮮,22000,静岡県,1980000000,1980年,人
4146,00700,全域,000,男女総数,200,0～4歳,001,韓国・朝鮮,23000,愛知県,1980000000,1980年,人
706,00700,全域,000,男女総数,200,0～4歳,001,韓国・朝鮮,24000,三重県,1980000000,1980年,人
621,00700,全域,000,男女総数,200,0～4歳,001,韓国・朝鮮,25000,滋賀県,1980000000,1980年,人
3624,00700,全域,000,男女総数,200,0～4歳,001,韓国・朝鮮,26000,京都府,1980000000,1980年,人
13565,00700,全域,000,男女総数,200,0～4歳,001,韓国・朝鮮,27000,大阪府,1980000000,1980年,人
5516,00700,全域,000,男女総数,200,0～4歳,001,韓国・朝鮮,28000,兵庫県,1980000000,1980年,人
404,00700,全域,000,男女総数,200,0～4歳,001,韓国・朝鮮,29000,奈良県,1980000000,1980年,人
372,00700,全域,000,男女総数,200,0～4歳,001,韓国・朝鮮,30000,和歌山県,1980000000,1980年,人
164,00700,全域,000,男女総数,200,0～4歳,001,韓国・朝鮮,31000,鳥取県,1980000000,1980年,人
126,00700,全域,000,男女総数,200,0～4歳,001,韓国・朝鮮,32000,島根県,1980000000,1980年,人
692,00700,全域,000,男女総数,200,0～4歳,001,韓国・朝鮮,33000,岡山県,1980000000,1980年,人
1204,00700,全域,000,男女総数,200,0～4歳,001,韓国・朝鮮,34000,広島県,1980000000,1980年,人
1219,00700,全域,000,男女総数,200,0～4歳,001,韓国・朝鮮,35000,山口県,1980000000,1980年,人
28,00700,全域,000,男女総数,200,0～4歳,001,韓国・朝鮮,36000,徳島県,1980000000,1980年,人
103,00700,全域,000,男女総数,200,0～4歳,001,韓国・朝鮮,37000,香川県,1980000000,1980年,人
160,00700,全域,000,男女総数,200,0～4歳,001,韓国・朝鮮,38000,愛媛県,1980000000,1980年,人
64,00700,全域,000,男女総数,200,0～4歳,001,韓国・朝鮮,39000,高知県,1980000000,1980年,人
2225,00700,全域,000,男女総数,200,0～4歳,001,韓国・朝鮮,40000,福岡県,1980000000,1980年,人
124,00700,全域,000,男女総数,200,0～4歳,001,韓国・朝鮮,41000,佐賀県,1980000000,1980年,人
149,00700,全域,000,男女総数,200,0～4歳,001,韓国・朝鮮,42000,長崎県,1980000000,1980年,人
89,00700,全域,000,男女総数,200,0～4歳,001,韓国・朝鮮,43000,熊本県,1980000000,1980年,人
222,00700,全域,000,男女総数,200,0～4歳,001,韓国・朝鮮,44000,大分県,1980000000,1980年,人
47,00700,全域,000,男女総数,200,0～4歳,001,韓国・朝鮮,45000,宮崎県,1980000000,1980年,人
18,00700,全域,000,男女総数,200,0～4歳,001,韓国・朝鮮,46000,鹿児島県,1980000000,1980年,人
14,00700,全域,000,男女総数,200,0～4歳,001,韓国・朝鮮,47000,沖縄県,1980000000,1980年,人
2831,00700,全域,000,男女総数,200,0～4歳,002,中国,00000,全国,1980000000,1980年,人
2664,00700,全域,000,男女総数,200,0～4歳,002,中国,00001,全国市部,1980000000,1980年,人
167,00700,全域,000,男女総数,200,0～4歳,002,中国,00002,全国郡部,1980000000,1980年,人
48,00700,全域,000,男女総数,200,0～4歳,002,中国,01000,北海道,1980000000,1980年,人
6,00700,全域,000,男女総数,200,0～4歳,002,中国,02000,青森県,1980000000,1980年,人
13,00700,全域,000,男女総数,200,0～4歳,002,中国,03000,岩手県,1980000000,1980年,人
22,00700,全域,000,男女総数,200,0～4歳,002,中国,04000,宮城県,1980000000,1980年,人
3,00700,全域,000,男女総数,200,0～4歳,002,中国,05000,秋田県,1980000000,1980年,人
7,00700,全域,000,男女総数,200,0～4歳,002,中国,06000,山形県,1980000000,1980年,人
13,00700,全域,000,男女総数,200,0～4歳,002,中国,07000,福島県,1980000000,1980年,人
16,00700,全域,000,男女総数,200,0～4歳,002,中国,08000,茨城県,1980000000,1980年,人
11,00700,全域,000,男女総数,200,0～4歳,002,中国,09000,栃木県,1980000000,1980年,人
14,00700,全域,000,男女総数,200,0～4歳,002,中国,10000,群馬県,1980000000,1980年,人
58,00700,全域,000,男女総数,200,0～4歳,002,中国,11000,埼玉県,1980000000,1980年,人
83,00700,全域,000,男女総数,200,0～4歳,002,中国,12000,千葉県,1980000000,1980年,人
622,00700,全域,000,男女総数,200,0～4歳,002,中国,13000,東京都,1980000000,1980年,人
297,00700,全域,000,男女総数,200,0～4歳,002,中国,14000,神奈川県,1980000000,1980年,人
8,00700,全域,000,男女総数,200,0～4歳,002,中国,15000,新潟県,1980000000,1980年,人
2,00700,全域,000,男女総数,200,0～4歳,002,中国,16000,富山県,1980000000,1980年,人
10,00700,全域,000,男女総数,200,0～4歳,002,中国,17000,石川県,1980000000,1980年,人
1,00700,全域,000,男女総数,200,0～4歳,002,中国,18000,福井県,1980000000,1980年,人
3,00700,全域,000,男女総数,200,0～4歳,002,中国,19000,山梨県,1980000000,1980年,人
5,00700,全域,000,男女総数,200,0～4歳,002,中国,20000,長野県,1980000000,1980年,人
10,00700,全域,000,男女総数,200,0～4歳,002,中国,21000,岐阜県,1980000000,1980年,人
25,00700,全域,000,男女総数,200,0～4歳,002,中国,22000,静岡県,1980000000,1980年,人
52,00700,全域,000,男女総数,200,0～4歳,002,中国,23000,愛知県,1980000000,1980年,人
8,00700,全域,000,男女総数,200,0～4歳,002,中国,24000,三重県,1980000000,1980年,人
10,00700,全域,000,男女総数,200,0～4歳,002,中国,25000,滋賀県,1980000000,1980年,人
53,00700,全域,000,男女総数,200,0～4歳,002,中国,26000,京都府,1980000000,1980年,人
448,00700,全域,000,男女総数,200,0～4歳,002,中国,27000,大阪府,1980000000,1980年,人
571,00700,全域,000,男女総数,200,0～4歳,002,中国,28000,兵庫県,1980000000,1980年,人
11,00700,全域,000,男女総数,200,0～4歳,002,中国,29000,奈良県,1980000000,1980年,人
18,00700,全域,000,男女総数,200,0～4歳,002,中国,30000,和歌山県,1980000000,1980年,人
2,00700,全域,000,男女総数,200,0～4歳,002,中国,31000,鳥取県,1980000000,1980年,人
12,00700,全域,000,男女総数,200,0～4歳,002,中国,32000,島根県,1980000000,1980年,人
20,00700,全域,000,男女総数,200,0～4歳,002,中国,33000,岡山県,1980000000,1980年,人
33,00700,全域,000,男女総数,200,0～4歳,002,中国,34000,広島県,1980000000,1980年,人
7,00700,全域,000,男女総数,200,0～4歳,002,中国,35000,山口県,1980000000,1980年,人
8,00700,全域,000,男女総数,200,0～4歳,002,中国,36000,徳島県,1980000000,1980年,人
1,00700,全域,000,男女総数,200,0～4歳,002,中国,37000,香川県,1980000000,1980年,人
7,00700,全域,000,男女総数,200,0～4歳,002,中国,38000,愛媛県,1980000000,1980年,人
2,00700,全域,000,男女総数,200,0～4歳,002,中国,39000,高知県,1980000000,1980年,人
81,00700,全域,000,男女総数,200,0～4歳,002,中国,40000,福岡県,1980000000,1980年,人
11,00700,全域,000,男女総数,200,0～4歳,002,中国,41000,佐賀県,1980000000,1980年,人
47,00700,全域,000,男女総数,200,0～4歳,002,中国,42000,長崎県,1980000000,1980年,人
50,00700,全域,000,男女総数,200,0～4歳,002,中国,43000,熊本県,1980000000,1980年,人
20,00700,全域,000,男女総数,200,0～4歳,002,中国,44000,大分県,1980000000,1980年,人
6,00700,全域,000,男女総数,200,0～4歳,002,中国,45000,宮崎県,1980000000,1980年,人
17,00700,全域,000,男女総数,200,0～4歳,002,中国,46000,鹿児島県,1980000000,1980年,人
59,00700,全域,000,男女総数,200,0～4歳,002,中国,47000,沖縄県,1980000000,1980年,人
1437,00700,全域,000,男女総数,200,0～4歳,003,アメリカ,00000,全国,1980000000,1980年,人
1304,00700,全域,000,男女総数,200,0～4歳,003,アメリカ,00001,全国市部,1980000000,1980年,人
133,00700,全域,000,男女総数,200,0～4歳,003,アメリカ,00002,全国郡部,1980000000,1980年,人
29,00700,全域,000,男女総数,200,0～4歳,003,アメリカ,01000,北海道,1980000000,1980年,人
7,00700,全域,000,男女総数,200,0～4歳,003,アメリカ,02000,青森県,1980000000,1980年,人
6,00700,全域,000,男女総数,200,0～4歳,003,アメリカ,03000,岩手県,1980000000,1980年,人
5,00700,全域,000,男女総数,200,0～4歳,003,アメリカ,04000,宮城県,1980000000,1980年,人
1,00700,全域,000,男女総数,200,0～4歳,003,アメリカ,05000,秋田県,1980000000,1980年,人
3,00700,全域,000,男女総数,200,0～4歳,003,アメリカ,06000,山形県,1980000000,1980年,人
9,00700,全域,000,男女総数,200,0～4歳,003,アメリカ,07000,福島県,1980000000,1980年,人
15,00700,全域,000,男女総数,200,0～4歳,003,アメリカ,08000,茨城県,1980000000,1980年,人
8,00700,全域,000,男女総数,200,0～4歳,003,アメリカ,09000,栃木県,1980000000,1980年,人
5,00700,全域,000,男女総数,200,0～4歳,003,アメリカ,10000,群馬県,1980000000,1980年,人
43,00700,全域,000,男女総数,200,0～4歳,003,アメリカ,11000,埼玉県,1980000000,1980年,人
40,00700,全域,000,男女総数,200,0～4歳,003,アメリカ,12000,千葉県,1980000000,1980年,人
485,00700,全域,000,男女総数,200,0～4歳,003,アメリカ,13000,東京都,1980000000,1980年,人
195,00700,全域,000,男女総数,200,0～4歳,003,アメリカ,14000,神奈川県,1980000000,1980年,人
1,00700,全域,000,男女総数,200,0～4歳,003,アメリカ,15000,新潟県,1980000000,1980年,人
3,00700,全域,000,男女総数,200,0～4歳,003,アメリカ,17000,石川県,1980000000,1980年,人
8,00700,全域,000,男女総数,200,0～4歳,003,アメリカ,19000,山梨県,1980000000,1980年,人
9,00700,全域,000,男女総数,200,0～4歳,003,アメリカ,20000,長野県,1980000000,1980年,人
3,00700,全域,000,男女総数,200,0～4歳,003,アメリカ,21000,岐阜県,1980000000,1980年,人
12,00700,全域,000,男女総数,200,0～4歳,003,アメリカ,22000,静岡県,1980000000,1980年,人
39,00700,全域,000,男女総数,200,0～4歳,003,アメリカ,23000,愛知県,1980000000,1980年,人
4,00700,全域,000,男女総数,200,0～4歳,003,アメリカ,24000,三重県,1980000000,1980年,人
5,00700,全域,000,男女総数,200,0～4歳,003,アメリカ,25000,滋賀県,1980000000,1980年,人
41,00700,全域,000,男女総数,200,0～4歳,003,アメリカ,26000,京都府,1980000000,1980年,人
52,00700,全域,000,男女総数,200,0～4歳,003,アメリカ,27000,大阪府,1980000000,1980年,人
78,00700,全域,000,男女総数,200,0～4歳,003,アメリカ,28000,兵庫県,1980000000,1980年,人
16,00700,全域,000,男女総数,200,0～4歳,003,アメリカ,29000,奈良県,1980000000,1980年,人
9,00700,全域,000,男女総数,200,0～4歳,003,アメリカ,30000,和歌山県,1980000000,1980年,人
1,00700,全域,000,男女総数,200,0～4歳,003,アメリカ,32000,島根県,1980000000,1980年,人
22,00700,全域,000,男女総数,200,0～4歳,003,アメリカ,34000,広島県,1980000000,1980年,人
12,00700,全域,000,男女総数,200,0～4歳,003,アメリカ,35000,山口県,1980000000,1980年,人
1,00700,全域,000,男女総数,200,0～4歳,003,アメリカ,36000,徳島県,1980000000,1980年,人
9,00700,全域,000,男女総数,200,0～4歳,003,アメリカ,37000,香川県,1980000000,1980年,人
5,00700,全域,000,男女総数,200,0～4歳,003,アメリカ,38000,愛媛県,1980000000,1980年,人
5,00700,全域,000,男女総数,200,0～4歳,003,アメリカ,39000,高知県,1980000000,1980年,人
36,00700,全域,000,男女総数,200,0～4歳,003,アメリカ,40000,福岡県,1980000000,1980年,人
2,00700,全域,000,男女総数,200,0～4歳,003,アメリカ,41000,佐賀県,1980000000,1980年,人
11,00700,全域,000,男女総数,200,0～4歳,003,アメリカ,42000,長崎県,1980000000,1980年,人
4,00700,全域,000,男女総数,200,0～4歳,003,アメリカ,43000,熊本県,1980000000,1980年,人
5,00700,全域,000,男女総数,200,0～4歳,003,アメリカ,44000,大分県,1980000000,1980年,人
7,00700,全域,000,男女総数,200,0～4歳,003,アメリカ,45000,宮崎県,1980000000,1980年,人
9,00700,全域,000,男女総数,200,0～4歳,003,アメリカ,46000,鹿児島県,1980000000,1980年,人
177,00700,全域,000,男女総数,200,0～4歳,003,アメリカ,47000,沖縄県,1980000000,1980年,人
2518,00700,全域,000,男女総数,200,0～4歳,004,その他,00000,全国,1980000000,1980年,人
2273,00700,全域,000,男女総数,200,0～4歳,004,その他,00001,全国市部,1980000000,1980年,人
245,00700,全域,000,男女総数,200,0～4歳,004,その他,00002,全国郡部,1980000000,1980年,人
57,00700,全域,000,男女総数,200,0～4歳,004,その他,01000,北海道,1980000000,1980年,人
7,00700,全域,000,男女総数,200,0～4歳,004,その他,02000,青森県,1980000000,1980年,人
9,00700,全域,000,男女総数,200,0～4歳,004,その他,03000,岩手県,1980000000,1980年,人
26,00700,全域,000,男女総数,200,0～4歳,004,その他,04000,宮城県,1980000000,1980年,人
7,00700,全域,000,男女総数,200,0～4歳,004,その他,05000,秋田県,1980000000,1980年,人
4,00700,全域,000,男女総数,200,0～4歳,004,その他,06000,山形県,1980000000,1980年,人
11,00700,全域,000,男女総数,200,0～4歳,004,その他,07000,福島県,1980000000,1980年,人
21,00700,全域,000,男女総数,200,0～4歳,004,その他,08000,茨城県,1980000000,1980年,人
16,00700,全域,000,男女総数,200,0～4歳,004,その他,09000,栃木県,1980000000,1980年,人
19,00700,全域,000,男女総数,200,0～4歳,004,その他,10000,群馬県,1980000000,1980年,人
55,00700,全域,000,男女総数,200,0～4歳,004,その他,11000,埼玉県,1980000000,1980年,人
72,00700,全域,000,男女総数,200,0～4歳,004,その他,12000,千葉県,1980000000,1980年,人
848,00700,全域,000,男女総数,200,0～4歳,004,その他,13000,東京都,1980000000,1980年,人
232,00700,全域,000,男女総数,200,0～4歳,004,その他,14000,神奈川県,1980000000,1980年,人
19,00700,全域,000,男女総数,200,0～4歳,004,その他,15000,新潟県,1980000000,1980年,人
6,00700,全域,000,男女総数,200,0～4歳,004,その他,16000,富山県,1980000000,1980年,人
4,00700,全域,000,男女総数,200,0～4歳,004,その他,17000,石川県,1980000000,1980年,人
3,00700,全域,000,男女総数,200,0～4歳,004,その他,18000,福井県,1980000000,1980年,人
14,00700,全域,000,男女総数,200,0～4歳,004,その他,19000,山梨県,1980000000,1980年,人
18,00700,全域,000,男女総数,200,0～4歳,004,その他,20000,長野県,1980000000,1980年,人
12,00700,全域,000,男女総数,200,0～4歳,004,その他,21000,岐阜県,1980000000,1980年,人
55,00700,全域,000,男女総数,200,0～4歳,004,その他,22000,静岡県,1980000000,1980年,人
74,00700,全域,000,男女総数,200,0～4歳,004,その他,23000,愛知県,1980000000,1980年,人
6,00700,全域,000,男女総数,200,0～4歳,004,その他,24000,三重県,1980000000,1980年,人
22,00700,全域,000,男女総数,200,0～4歳,004,その他,25000,滋賀県,1980000000,1980年,人
62,00700,全域,000,男女総数,200,0～4歳,004,その他,26000,京都府,1980000000,1980年,人
131,00700,全域,000,男女総数,200,0～4歳,004,その他,27000,大阪府,1980000000,1980年,人
311,00700,全域,000,男女総数,200,0～4歳,004,その他,28000,兵庫県,1980000000,1980年,人
16,00700,全域,000,男女総数,200,0～4歳,004,その他,29000,奈良県,1980000000,1980年,人
8,00700,全域,000,男女総数,200,0～4歳,004,その他,30000,和歌山県,1980000000,1980年,人
2,00700,全域,000,男女総数,200,0～4歳,004,その他,31000,鳥取県,1980000000,1980年,人
3,00700,全域,000,男女総数,200,0～4歳,004,その他,32000,島根県,1980000000,1980年,人
24,00700,全域,000,男女総数,200,0～4歳,004,その他,33000,岡山県,1980000000,1980年,人
61,00700,全域,000,男女総数,200,0～4歳,004,その他,34000,広島県,1980000000,1980年,人
4,00700,全域,000,男女総数,200,0～4歳,004,その他,35000,山口県,1980000000,1980年,人
4,00700,全域,000,男女総数,200,0～4歳,004,その他,36000,徳島県,1980000000,1980年,人
5,00700,全域,000,男女総数,200,0～4歳,004,その他,37000,香川県,1980000000,1980年,人
5,00700,全域,000,男女総数,200,0～4歳,004,その他,38000,愛媛県,1980000000,1980年,人
5,00700,全域,000,男女総数,200,0～4歳,004,その他,39000,高知県,1980000000,1980年,人
50,00700,全域,000,男女総数,200,0～4歳,004,その他,40000,福岡県,1980000000,1980年,人
1,00700,全域,000,男女総数,200,0～4歳,004,その他,41000,佐賀県,1980000000,1980年,人
27,00700,全域,000,男女総数,200,0～4歳,004,その他,42000,長崎県,1980000000,1980年,人
21,00700,全域,000,男女総数,200,0～4歳,004,その他,43000,熊本県,1980000000,1980年,人
6,00700,全域,000,男女総数,200,0～4歳,004,その他,44000,大分県,1980000000,1980年,人
28,00700,全域,000,男女総数,200,0～4歳,004,その他,45000,宮崎県,1980000000,1980年,人
15,00700,全域,000,男女総数,200,0～4歳,004,その他,46000,鹿児島県,1980000000,1980年,人
112,00700,全域,000,男女総数,200,0～4歳,004,その他,47000,沖縄県,1980000000,1980年,人
65247,00700,全域,000,男女総数,201,5～9歳,000,国籍総数,00000,全国,1980000000,1980年,人
60009,00700,全域,000,男女総数,201,5～9歳,000,国籍総数,00001,全国市部,1980000000,1980年,人
5238,00700,全域,000,男女総数,201,5～9歳,000,国籍総数,00002,全国郡部,1980000000,1980年,人
516,00700,全域,000,男女総数,201,5～9歳,000,国籍総数,01000,北海道,1980000000,1980年,人
163,00700,全域,000,男女総数,201,5～9歳,000,国籍総数,02000,青森県,1980000000,1980年,人
125,00700,全域,000,男女総数,201,5～9歳,000,国籍総数,03000,岩手県,1980000000,1980年,人
350,00700,全域,000,男女総数,201,5～9歳,000,国籍総数,04000,宮城県,1980000000,1980年,人
102,00700,全域,000,男女総数,201,5～9歳,000,国籍総数,05000,秋田県,1980000000,1980年,人
73,00700,全域,000,男女総数,201,5～9歳,000,国籍総数,06000,山形県,1980000000,1980年,人
245,00700,全域,000,男女総数,201,5～9歳,000,国籍総数,07000,福島県,1980000000,1980年,人
457,00700,全域,000,男女総数,201,5～9歳,000,国籍総数,08000,茨城県,1980000000,1980年,人
217,00700,全域,000,男女総数,201,5～9歳,000,国籍総数,09000,栃木県,1980000000,1980年,人
317,00700,全域,000,男女総数,201,5～9歳,000,国籍総数,10000,群馬県,1980000000,1980年,人
1202,00700,全域,000,男女総数,201,5～9歳,000,国籍総数,11000,埼玉県,1980000000,1980年,人
1171,00700,全域,000,男女総数,201,5～9歳,000,国籍総数,12000,千葉県,1980000000,1980年,人
7487,00700,全域,000,男女総数,201,5～9歳,000,国籍総数,13000,東京都,1980000000,1980年,人
3168,00700,全域,000,男女総数,201,5～9歳,000,国籍総数,14000,神奈川県,1980000000,1980年,人
264,00700,全域,000,男女総数,201,5～9歳,000,国籍総数,15000,新潟県,1980000000,1980年,人
192,00700,全域,000,男女総数,201,5～9歳,000,国籍総数,16000,富山県,1980000000,1980年,人
307,00700,全域,000,男女総数,201,5～9歳,000,国籍総数,17000,石川県,1980000000,1980年,人
529,00700,全域,000,男女総数,201,5～9歳,000,国籍総数,18000,福井県,1980000000,1980年,人
130,00700,全域,000,男女総数,201,5～9歳,000,国籍総数,19000,山梨県,1980000000,1980年,人
511,00700,全域,000,男女総数,201,5～9歳,000,国籍総数,20000,長野県,1980000000,1980年,人
1002,00700,全域,000,男女総数,201,5～9歳,000,国籍総数,21000,岐阜県,1980000000,1980年,人
736,00700,全域,000,男女総数,201,5～9歳,000,国籍総数,22000,静岡県,1980000000,1980年,人
5395,00700,全域,000,男女総数,201,5～9歳,000,国籍総数,23000,愛知県,1980000000,1980年,人
846,00700,全域,000,男女総数,201,5～9歳,000,国籍総数,24000,三重県,1980000000,1980年,人
856,00700,全域,000,男女総数,201,5～9歳,000,国籍総数,25000,滋賀県,1980000000,1980年,人
4679,00700,全域,000,男女総数,201,5～9歳,000,国籍総数,26000,京都府,1980000000,1980年,人
16936,00700,全域,000,男女総数,201,5～9歳,000,国籍総数,27000,大阪府,1980000000,1980年,人
7644,00700,全域,000,男女総数,201,5～9歳,000,国籍総数,28000,兵庫県,1980000000,1980年,人
579,00700,全域,000,男女総数,201,5～9歳,000,国籍総数,29000,奈良県,1980000000,1980年,人
478,00700,全域,000,男女総数,201,5～9歳,000,国籍総数,30000,和歌山県,1980000000,1980年,人
186,00700,全域,000,男女総数,201,5～9歳,000,国籍総数,31000,鳥取県,1980000000,1980年,人
180,00700,全域,000,男女総数,201,5～9歳,000,国籍総数,32000,島根県,1980000000,1980年,人
806,00700,全域,000,男女総数,201,5～9歳,000,国籍総数,33000,岡山県,1980000000,1980年,人
1562,00700,全域,000,男女総数,201,5～9歳,000,国籍総数,34000,広島県,1980000000,1980年,人
1420,00700,全域,000,男女総数,201,5～9歳,000,国籍総数,35000,山口県,1980000000,1980年,人
46,00700,全域,000,男女総数,201,5～9歳,000,国籍総数,36000,徳島県,1980000000,1980年,人
100,00700,全域,000,男女総数,201,5～9歳,000,国籍総数,37000,香川県,1980000000,1980年,人
195,00700,全域,000,男女総数,201,5～9歳,000,国籍総数,38000,愛媛県,1980000000,1980年,人
65,00700,全域,000,男女総数,201,5～9歳,000,国籍総数,39000,高知県,1980000000,1980年,人
2504,00700,全域,000,男女総数,201,5～9歳,000,国籍総数,40000,福岡県,1980000000,1980年,人
126,00700,全域,000,男女総数,201,5～9歳,000,国籍総数,41000,佐賀県,1980000000,1980年,人
297,00700,全域,000,男女総数,201,5～9歳,000,国籍総数,42000,長崎県,1980000000,1980年,人
137,00700,全域,000,男女総数,201,5～9歳,000,国籍総数,43000,熊本県,1980000000,1980年,人
285,00700,全域,000,男女総数,201,5～9歳,000,国籍総数,44000,大分県,1980000000,1980年,人
108,00700,全域,000,男女総数,201,5～9歳,000,国籍総数,45000,宮崎県,1980000000,1980年,人
84,00700,全域,000,男女総数,201,5～9歳,000,国籍総数,46000,鹿児島県,1980000000,1980年,人
469,00700,全域,000,男女総数,201,5～9歳,000,国籍総数,47000,沖縄県,1980000000,1980年,人
56565,00700,全域,000,男女総数,201,5～9歳,001,韓国・朝鮮,00000,全国,1980000000,1980年,人
52206,00700,全域,000,男女総数,201,5～9歳,001,韓国・朝鮮,00001,全国市部,1980000000,1980年,人
4359,00700,全域,000,男女総数,201,5～9歳,001,韓国・朝鮮,00002,全国郡部,1980000000,1980年,人
356,00700,全域,000,男女総数,201,5～9歳,001,韓国・朝鮮,01000,北海道,1980000000,1980年,人
129,00700,全域,000,男女総数,201,5～9歳,001,韓国・朝鮮,02000,青森県,1980000000,1980年,人
93,00700,全域,000,男女総数,201,5～9歳,001,韓国・朝鮮,03000,岩手県,1980000000,1980年,人
291,00700,全域,000,男女総数,201,5～9歳,001,韓国・朝鮮,04000,宮城県,1980000000,1980年,人
82,00700,全域,000,男女総数,201,5～9歳,001,韓国・朝鮮,05000,秋田県,1980000000,1980年,人
49,00700,全域,000,男女総数,201,5～9歳,001,韓国・朝鮮,06000,山形県,1980000000,1980年,人
189,00700,全域,000,男女総数,201,5～9歳,001,韓国・朝鮮,07000,福島県,1980000000,1980年,人
369,00700,全域,000,男女総数,201,5～9歳,001,韓国・朝鮮,08000,茨城県,1980000000,1980年,人
182,00700,全域,000,男女総数,201,5～9歳,001,韓国・朝鮮,09000,栃木県,1980000000,1980年,人
255,00700,全域,000,男女総数,201,5～9歳,001,韓国・朝鮮,10000,群馬県,1980000000,1980年,人
968,00700,全域,000,男女総数,201,5～9歳,001,韓国・朝鮮,11000,埼玉県,1980000000,1980年,人
934,00700,全域,000,男女総数,201,5～9歳,001,韓国・朝鮮,12000,千葉県,1980000000,1980年,人
5307,00700,全域,000,男女総数,201,5～9歳,001,韓国・朝鮮,13000,東京都,1980000000,1980年,人
2242,00700,全域,000,男女総数,201,5～9歳,001,韓国・朝鮮,14000,神奈川県,1980000000,1980年,人
220,00700,全域,000,男女総数,201,5～9歳,001,韓国・朝鮮,15000,新潟県,1980000000,1980年,人
175,00700,全域,000,男女総数,201,5～9歳,001,韓国・朝鮮,16000,富山県,1980000000,1980年,人
295,00700,全域,000,男女総数,201,5～9歳,001,韓国・朝鮮,17000,石川県,1980000000,1980年,人
509,00700,全域,000,男女総数,201,5～9歳,001,韓国・朝鮮,18000,福井県,1980000000,1980年,人
103,00700,全域,000,男女総数,201,5～9歳,001,韓国・朝鮮,19000,山梨県,1980000000,1980年,人
445,00700,全域,000,男女総数,201,5～9歳,001,韓国・朝鮮,20000,長野県,1980000000,1980年,人
973,00700,全域,000,男女総数,201,5～9歳,001,韓国・朝鮮,21000,岐阜県,1980000000,1980年,人
627,00700,全域,000,男女総数,201,5～9歳,001,韓国・朝鮮,22000,静岡県,1980000000,1980年,人
5131,00700,全域,000,男女総数,201,5～9歳,001,韓国・朝鮮,23000,愛知県,1980000000,1980年,人
796,00700,全域,000,男女総数,201,5～9歳,001,韓国・朝鮮,24000,三重県,1980000000,1980年,人
802,00700,全域,000,男女総数,201,5～9歳,001,韓国・朝鮮,25000,滋賀県,1980000000,1980年,人
4474,00700,全域,000,男女総数,201,5～9歳,001,韓国・朝鮮,26000,京都府,1980000000,1980年,人
16151,00700,全域,000,男女総数,201,5～9歳,001,韓国・朝鮮,27000,大阪府,1980000000,1980年,人
6341,00700,全域,000,男女総数,201,5～9歳,001,韓国・朝鮮,28000,兵庫県,1980000000,1980年,人
507,00700,全域,000,男女総数,201,5～9歳,001,韓国・朝鮮,29000,奈良県,1980000000,1980年,人
422,00700,全域,000,男女総数,201,5～9歳,001,韓国・朝鮮,30000,和歌山県,1980000000,1980年,人
164,00700,全域,000,男女総数,201,5～9歳,001,韓国・朝鮮,31000,鳥取県,1980000000,1980年,人
141,00700,全域,000,男女総数,201,5～9歳,001,韓国・朝鮮,32000,島根県,1980000000,1980年,人
762,00700,全域,000,男女総数,201,5～9歳,001,韓国・朝鮮,33000,岡山県,1980000000,1980年,人
1404,00700,全域,000,男女総数,201,5～9歳,001,韓国・朝鮮,34000,広島県,1980000000,1980年,人
1362,00700,全域,000,男女総数,201,5～9歳,001,韓国・朝鮮,35000,山口県,1980000000,1980年,人
23,00700,全域,000,男女総数,201,5～9歳,001,韓国・朝鮮,36000,徳島県,1980000000,1980年,人
88,00700,全域,000,男女総数,201,5～9歳,001,韓国・朝鮮,37000,香川県,1980000000,1980年,人
173,00700,全域,000,男女総数,201,5～9歳,001,韓国・朝鮮,38000,愛媛県,1980000000,1980年,人
49,00700,全域,000,男女総数,201,5～9歳,001,韓国・朝鮮,39000,高知県,1980000000,1980年,人
2304,00700,全域,000,男女総数,201,5～9歳,001,韓国・朝鮮,40000,福岡県,1980000000,1980年,人
105,00700,全域,000,男女総数,201,5～9歳,001,韓国・朝鮮,41000,佐賀県,1980000000,1980年,人
163,00700,全域,000,男女総数,201,5～9歳,001,韓国・朝鮮,42000,長崎県,1980000000,1980年,人
87,00700,全域,000,男女総数,201,5～9歳,001,韓国・朝鮮,43000,熊本県,1980000000,1980年,人
229,00700,全域,000,男女総数,201,5～9歳,001,韓国・朝鮮,44000,大分県,1980000000,1980年,人
60,00700,全域,000,男女総数,201,5～9歳,001,韓国・朝鮮,45000,宮崎県,1980000000,1980年,人
18,00700,全域,000,男女総数,201,5～9歳,001,韓国・朝鮮,46000,鹿児島県,1980000000,1980年,人
16,00700,全域,000,男女総数,201,5～9歳,001,韓国・朝鮮,47000,沖縄県,1980000000,1980年,人
3117,00700,全域,000,男女総数,201,5～9歳,002,中国,00000,全国,1980000000,1980年,人
2938,00700,全域,000,男女総数,201,5～9歳,002,中国,00001,全国市部,1980000000,1980年,人
179,00700,全域,000,男女総数,201,5～9歳,002,中国,00002,全国郡部,1980000000,1980年,人
37,00700,全域,000,男女総数,201,5～9歳,002,中国,01000,北海道,1980000000,1980年,人
5,00700,全域,000,男女総数,201,5～9歳,002,中国,02000,青森県,1980000000,1980年,人
6,00700,全域,000,男女総数,201,5～9歳,002,中国,03000,岩手県,1980000000,1980年,人
25,00700,全域,000,男女総数,201,5～9歳,002,中国,04000,宮城県,1980000000,1980年,人
4,00700,全域,000,男女総数,201,5～9歳,002,中国,05000,秋田県,1980000000,1980年,人
10,00700,全域,000,男女総数,201,5～9歳,002,中国,06000,山形県,1980000000,1980年,人
22,00700,全域,000,男女総数,201,5～9歳,002,中国,07000,福島県,1980000000,1980年,人
12,00700,全域,000,男女総数,201,5～9歳,002,中国,08000,茨城県,1980000000,1980年,人
4,00700,全域,000,男女総数,201,5～9歳,002,中国,09000,栃木県,1980000000,1980年,人
19,00700,全域,000,男女総数,201,5～9歳,002,中国,10000,群馬県,1980000000,1980年,人
62,00700,全域,000,男女総数,201,5～9歳,002,中国,11000,埼玉県,1980000000,1980年,人
81,00700,全域,000,男女総数,201,5～9歳,002,中国,12000,千葉県,1980000000,1980年,人
640,00700,全域,000,男女総数,201,5～9歳,002,中国,13000,東京都,1980000000,1980年,人
398,00700,全域,000,男女総数,201,5～9歳,002,中国,14000,神奈川県,1980000000,1980年,人
9,00700,全域,000,男女総数,201,5～9歳,002,中国,15000,新潟県,1980000000,1980年,人
1,00700,全域,000,男女総数,201,5～9歳,002,中国,16000,富山県,1980000000,1980年,人
1,00700,全域,000,男女総数,201,5～9歳,002,中国,17000,石川県,1980000000,1980年,人
1,00700,全域,000,男女総数,201,5～9歳,002,中国,18000,福井県,1980000000,1980年,人
9,00700,全域,000,男女総数,201,5～9歳,002,中国,19000,山梨県,1980000000,1980年,人
27,00700,全域,000,男女総数,201,5～9歳,002,中国,20000,長野県,1980000000,1980年,人
7,00700,全域,000,男女総数,201,5～9歳,002,中国,21000,岐阜県,1980000000,1980年,人
22,00700,全域,000,男女総数,201,5～9歳,002,中国,22000,静岡県,1980000000,1980年,人
62,00700,全域,000,男女総数,201,5～9歳,002,中国,23000,愛知県,1980000000,1980年,人
14,00700,全域,000,男女総数,201,5～9歳,002,中国,24000,三重県,1980000000,1980年,人
12,00700,全域,000,男女総数,201,5～9歳,002,中国,25000,滋賀県,1980000000,1980年,人
65,00700,全域,000,男女総数,201,5～9歳,002,中国,26000,京都府,1980000000,1980年,人
384,00700,全域,000,男女総数,201,5～9歳,002,中国,27000,大阪府,1980000000,1980年,人
722,00700,全域,000,男女総数,201,5～9歳,002,中国,28000,兵庫県,1980000000,1980年,人
26,00700,全域,000,男女総数,201,5～9歳,002,中国,29000,奈良県,1980000000,1980年,人
28,00700,全域,000,男女総数,201,5～9歳,002,中国,30000,和歌山県,1980000000,1980年,人
5,00700,全域,000,男女総数,201,5～9歳,002,中国,31000,鳥取県,1980000000,1980年,人
30,00700,全域,000,男女総数,201,5～9歳,002,中国,32000,島根県,1980000000,1980年,人
15,00700,全域,000,男女総数,201,5～9歳,002,中国,33000,岡山県,1980000000,1980年,人
40,00700,全域,000,男女総数,201,5～9歳,002,中国,34000,広島県,1980000000,1980年,人
8,00700,全域,000,男女総数,201,5～9歳,002,中国,35000,山口県,1980000000,1980年,人
3,00700,全域,000,男女総数,201,5～9歳,002,中国,36000,徳島県,1980000000,1980年,人
5,00700,全域,000,男女総数,201,5～9歳,002,中国,37000,香川県,1980000000,1980年,人
4,00700,全域,000,男女総数,201,5～9歳,002,中国,38000,愛媛県,1980000000,1980年,人
4,00700,全域,000,男女総数,201,5～9歳,002,中国,39000,高知県,1980000000,1980年,人
73,00700,全域,000,男女総数,201,5～9歳,002,中国,40000,福岡県,1980000000,1980年,人
12,00700,全域,000,男女総数,201,5～9歳,002,中国,41000,佐賀県,1980000000,1980年,人
65,00700,全域,000,男女総数,201,5～9歳,002,中国,42000,長崎県,1980000000,1980年,人
27,00700,全域,000,男女総数,201,5～9歳,002,中国,43000,熊本県,1980000000,1980年,人
24,00700,全域,000,男女総数,201,5～9歳,002,中国,44000,大分県,1980000000,1980年,人
9,00700,全域,000,男女総数,201,5～9歳,002,中国,45000,宮崎県,1980000000,1980年,人
32,00700,全域,000,男女総数,201,5～9歳,002,中国,46000,鹿児島県,1980000000,1980年,人
46,00700,全域,000,男女総数,201,5～9歳,002,中国,47000,沖縄県,1980000000,1980年,人
1493,00700,全域,000,男女総数,201,5～9歳,003,アメリカ,00000,全国,1980000000,1980年,人
1342,00700,全域,000,男女総数,201,5～9歳,003,アメリカ,00001,全国市部,1980000000,1980年,人
151,00700,全域,000,男女総数,201,5～9歳,003,アメリカ,00002,全国郡部,1980000000,1980年,人
21,00700,全域,000,男女総数,201,5～9歳,003,アメリカ,01000,北海道,1980000000,1980年,人
4,00700,全域,000,男女総数,201,5～9歳,003,アメリカ,02000,青森県,1980000000,1980年,人
7,00700,全域,000,男女総数,201,5～9歳,003,アメリカ,03000,岩手県,1980000000,1980年,人
3,00700,全域,000,男女総数,201,5～9歳,003,アメリカ,04000,宮城県,1980000000,1980年,人
1,00700,全域,000,男女総数,201,5～9歳,003,アメリカ,05000,秋田県,1980000000,1980年,人
4,00700,全域,000,男女総数,201,5～9歳,003,アメリカ,06000,山形県,1980000000,1980年,人
6,00700,全域,000,男女総数,201,5～9歳,003,アメリカ,07000,福島県,1980000000,1980年,人
8,00700,全域,000,男女総数,201,5～9歳,003,アメリカ,08000,茨城県,1980000000,1980年,人
5,00700,全域,000,男女総数,201,5～9歳,003,アメリカ,09000,栃木県,1980000000,1980年,人
1,00700,全域,000,男女総数,201,5～9歳,003,アメリカ,10000,群馬県,1980000000,1980年,人
53,00700,全域,000,男女総数,201,5～9歳,003,アメリカ,11000,埼玉県,1980000000,1980年,人
25,00700,全域,000,男女総数,201,5～9歳,003,アメリカ,12000,千葉県,1980000000,1980年,人
502,00700,全域,000,男女総数,201,5～9歳,003,アメリカ,13000,東京都,1980000000,1980年,人
199,00700,全域,000,男女総数,201,5～9歳,003,アメリカ,14000,神奈川県,1980000000,1980年,人
1,00700,全域,000,男女総数,201,5～9歳,003,アメリカ,15000,新潟県,1980000000,1980年,人
3,00700,全域,000,男女総数,201,5～9歳,003,アメリカ,16000,富山県,1980000000,1980年,人
1,00700,全域,000,男女総数,201,5～9歳,003,アメリカ,17000,石川県,1980000000,1980年,人
1,00700,全域,000,男女総数,201,5～9歳,003,アメリカ,18000,福井県,1980000000,1980年,人
4,00700,全域,000,男女総数,201,5～9歳,003,アメリカ,19000,山梨県,1980000000,1980年,人
10,00700,全域,000,男女総数,201,5～9歳,003,アメリカ,20000,長野県,1980000000,1980年,人
2,00700,全域,000,男女総数,201,5～9歳,003,アメリカ,21000,岐阜県,1980000000,1980年,人
11,00700,全域,000,男女総数,201,5～9歳,003,アメリカ,22000,静岡県,1980000000,1980年,人
48,00700,全域,000,男女総数,201,5～9歳,003,アメリカ,23000,愛知県,1980000000,1980年,人
2,00700,全域,000,男女総数,201,5～9歳,003,アメリカ,24000,三重県,1980000000,1980年,人
4,00700,全域,000,男女総数,201,5～9歳,003,アメリカ,25000,滋賀県,1980000000,1980年,人
27,00700,全域,000,男女総数,201,5～9歳,003,アメリカ,26000,京都府,1980000000,1980年,人
30,00700,全域,000,男女総数,201,5～9歳,003,アメリカ,27000,大阪府,1980000000,1980年,人
99,00700,全域,000,男女総数,201,5～9歳,003,アメリカ,28000,兵庫県,1980000000,1980年,人
11,00700,全域,000,男女総数,201,5～9歳,003,アメリカ,29000,奈良県,1980000000,1980年,人
6,00700,全域,000,男女総数,201,5～9歳,003,アメリカ,30000,和歌山県,1980000000,1980年,人
3,00700,全域,000,男女総数,201,5～9歳,003,アメリカ,31000,鳥取県,1980000000,1980年,人
3,00700,全域,000,男女総数,201,5～9歳,003,アメリカ,33000,岡山県,1980000000,1980年,人
34,00700,全域,000,男女総数,201,5～9歳,003,アメリカ,34000,広島県,1980000000,1980年,人
15,00700,全域,000,男女総数,201,5～9歳,003,アメリカ,35000,山口県,1980000000,1980年,人
1,00700,全域,000,男女総数,201,5～9歳,003,アメリカ,36000,徳島県,1980000000,1980年,人
2,00700,全域,000,男女総数,201,5～9歳,003,アメリカ,37000,香川県,1980000000,1980年,人
3,00700,全域,000,男女総数,201,5～9歳,003,アメリカ,38000,愛媛県,1980000000,1980年,人
28,00700,全域,000,男女総数,201,5～9歳,003,アメリカ,40000,福岡県,1980000000,1980年,人
2,00700,全域,000,男女総数,201,5～9歳,003,アメリカ,41000,佐賀県,1980000000,1980年,人
23,00700,全域,000,男女総数,201,5～9歳,003,アメリカ,42000,長崎県,1980000000,1980年,人
5,00700,全域,000,男女総数,201,5～9歳,003,アメリカ,43000,熊本県,1980000000,1980年,人
7,00700,全域,000,男女総数,201,5～9歳,003,アメリカ,44000,大分県,1980000000,1980年,人
4,00700,全域,000,男女総数,201,5～9歳,003,アメリカ,45000,宮崎県,1980000000,1980年,人
10,00700,全域,000,男女総数,201,5～9歳,003,アメリカ,46000,鹿児島県,1980000000,1980年,人
254,00700,全域,000,男女総数,201,5～9歳,003,アメリカ,47000,沖縄県,1980000000,1980年,人
2170,00700,全域,000,男女総数,201,5～9歳,004,その他,00000,全国,1980000000,1980年,人
1918,00700,全域,000,男女総数,201,5～9歳,004,その他,00001,全国市部,1980000000,1980年,人
252,00700,全域,000,男女総数,201,5～9歳,004,その他,00002,全国郡部,1980000000,1980年,人
44,00700,全域,000,男女総数,201,5～9歳,004,その他,01000,北海道,1980000000,1980年,人
6,00700,全域,000,男女総数,201,5～9歳,004,その他,02000,青森県,1980000000,1980年,人
3,00700,全域,000,男女総数,201,5～9歳,004,その他,03000,岩手県,1980000000,1980年,人
6,00700,全域,000,男女総数,201,5～9歳,004,その他,04000,宮城県,1980000000,1980年,人
4,00700,全域,000,男女総数,201,5～9歳,004,その他,05000,秋田県,1980000000,1980年,人
5,00700,全域,000,男女総数,201,5～9歳,004,その他,06000,山形県,1980000000,1980年,人
9,00700,全域,000,男女総数,201,5～9歳,004,その他,07000,福島県,1980000000,1980年,人
23,00700,全域,000,男女総数,201,5～9歳,004,その他,08000,茨城県,1980000000,1980年,人
10,00700,全域,000,男女総数,201,5～9歳,004,その他,09000,栃木県,1980000000,1980年,人
10,00700,全域,000,男女総数,201,5～9歳,004,その他,10000,群馬県,1980000000,1980年,人
48,00700,全域,000,男女総数,201,5～9歳,004,その他,11000,埼玉県,1980000000,1980年,人
67,00700,全域,000,男女総数,201,5～9歳,004,その他,12000,千葉県,1980000000,1980年,人
746,00700,全域,000,男女総数,201,5～9歳,004,その他,13000,東京都,1980000000,1980年,人
220,00700,全域,000,男女総数,201,5～9歳,004,その他,14000,神奈川県,1980000000,1980年,人
11,00700,全域,000,男女総数,201,5～9歳,004,その他,15000,新潟県,1980000000,1980年,人
2,00700,全域,000,男女総数,201,5～9歳,004,その他,16000,富山県,1980000000,1980年,人
4,00700,全域,000,男女総数,201,5～9歳,004,その他,17000,石川県,1980000000,1980年,人
5,00700,全域,000,男女総数,201,5～9歳,004,その他,18000,福井県,1980000000,1980年,人
7,00700,全域,000,男女総数,201,5～9歳,004,その他,19000,山梨県,1980000000,1980年,人
9,00700,全域,000,男女総数,201,5～9歳,004,その他,20000,長野県,1980000000,1980年,人
2,00700,全域,000,男女総数,201,5～9歳,004,その他,21000,岐阜県,1980000000,1980年,人
37,00700,全域,000,男女総数,201,5～9歳,004,その他,22000,静岡県,1980000000,1980年,人
49,00700,全域,000,男女総数,201,5～9歳,004,その他,23000,愛知県,1980000000,1980年,人
3,00700,全域,000,男女総数,201,5～9歳,004,その他,24000,三重県,1980000000,1980年,人
17,00700,全域,000,男女総数,201,5～9歳,004,その他,25000,滋賀県,1980000000,1980年,人
39,00700,全域,000,男女総数,201,5～9歳,004,その他,26000,京都府,1980000000,1980年,人
90,00700,全域,000,男女総数,201,5～9歳,004,その他,27000,大阪府,1980000000,1980年,人
324,00700,全域,000,男女総数,201,5～9歳,004,その他,28000,兵庫県,1980000000,1980年,人
11,00700,全域,000,男女総数,201,5～9歳,004,その他,29000,奈良県,1980000000,1980年,人
5,00700,全域,000,男女総数,201,5～9歳,004,その他,30000,和歌山県,1980000000,1980年,人
6,00700,全域,000,男女総数,201,5～9歳,004,その他,31000,鳥取県,1980000000,1980年,人
3,00700,全域,000,男女総数,201,5～9歳,004,その他,32000,島根県,1980000000,1980年,人
15,00700,全域,000,男女総数,201,5～9歳,004,その他,33000,岡山県,1980000000,1980年,人
43,00700,全域,000,男女総数,201,5～9歳,004,その他,34000,広島県,1980000000,1980年,人
9,00700,全域,000,男女総数,201,5～9歳,004,その他,35000,山口県,1980000000,1980年,人
12,00700,全域,000,男女総数,201,5～9歳,004,その他,36000,徳島県,1980000000,1980年,人
2,00700,全域,000,男女総数,201,5～9歳,004,その他,37000,香川県,1980000000,1980年,人
3,00700,全域,000,男女総数,201,5～9歳,004,その他,38000,愛媛県,1980000000,1980年,人
7,00700,全域,000,男女総数,201,5～9歳,004,その他,39000,高知県,1980000000,1980年,人
37,00700,全域,000,男女総数,201,5～9歳,004,その他,40000,福岡県,1980000000,1980年,人
2,00700,全域,000,男女総数,201,5～9歳,004,その他,41000,佐賀県,1980000000,1980年,人
31,00700,全域,000,男女総数,201,5～9歳,004,その他,42000,長崎県,1980000000,1980年,人
9,00700,全域,000,男女総数,201,5～9歳,004,その他,43000,熊本県,1980000000,1980年,人
19,00700,全域,000,男女総数,201,5～9歳,004,その他,44000,大分県,1980000000,1980年,人
23,00700,全域,000,男女総数,201,5～9歳,004,その他,45000,宮崎県,1980000000,1980年,人
5,00700,全域,000,男女総数,201,5～9歳,004,その他,46000,鹿児島県,1980000000,1980年,人
128,00700,全域,000,男女総数,201,5～9歳,004,その他,47000,沖縄県,1980000000,1980年,人
59263,00700,全域,000,男女総数,202,10～14歳,000,国籍総数,00000,全国,1980000000,1980年,人
54787,00700,全域,000,男女総数,202,10～14歳,000,国籍総数,00001,全国市部,1980000000,1980年,人
4476,00700,全域,000,男女総数,202,10～14歳,000,国籍総数,00002,全国郡部,1980000000,1980年,人
491,00700,全域,000,男女総数,202,10～14歳,000,国籍総数,01000,北海道,1980000000,1980年,人
115,00700,全域,000,男女総数,202,10～14歳,000,国籍総数,02000,青森県,1980000000,1980年,人
120,00700,全域,000,男女総数,202,10～14歳,000,国籍総数,03000,岩手県,1980000000,1980年,人
290,00700,全域,000,男女総数,202,10～14歳,000,国籍総数,04000,宮城県,1980000000,1980年,人
57,00700,全域,000,男女総数,202,10～14歳,000,国籍総数,05000,秋田県,1980000000,1980年,人
83,00700,全域,000,男女総数,202,10～14歳,000,国籍総数,06000,山形県,1980000000,1980年,人
192,00700,全域,000,男女総数,202,10～14歳,000,国籍総数,07000,福島県,1980000000,1980年,人
378,00700,全域,000,男女総数,202,10～14歳,000,国籍総数,08000,茨城県,1980000000,1980年,人
192,00700,全域,000,男女総数,202,10～14歳,000,国籍総数,09000,栃木県,1980000000,1980年,人
274,00700,全域,000,男女総数,202,10～14歳,000,国籍総数,10000,群馬県,1980000000,1980年,人
1013,00700,全域,000,男女総数,202,10～14歳,000,国籍総数,11000,埼玉県,1980000000,1980年,人
935,00700,全域,000,男女総数,202,10～14歳,000,国籍総数,12000,千葉県,1980000000,1980年,人
6743,00700,全域,000,男女総数,202,10～14歳,000,国籍総数,13000,東京都,1980000000,1980年,人
2913,00700,全域,000,男女総数,202,10～14歳,000,国籍総数,14000,神奈川県,1980000000,1980年,人
234,00700,全域,000,男女総数,202,10～14歳,000,国籍総数,15000,新潟県,1980000000,1980年,人
149,00700,全域,000,男女総数,202,10～14歳,000,国籍総数,16000,富山県,1980000000,1980年,人
207,00700,全域,000,男女総数,202,10～14歳,000,国籍総数,17000,石川県,1980000000,1980年,人
490,00700,全域,000,男女総数,202,10～14歳,000,国籍総数,18000,福井県,1980000000,1980年,人
131,00700,全域,000,男女総数,202,10～14歳,000,国籍総数,19000,山梨県,1980000000,1980年,人
482,00700,全域,000,男女総数,202,10～14歳,000,国籍総数,20000,長野県,1980000000,1980年,人
938,00700,全域,000,男女総数,202,10～14歳,000,国籍総数,21000,岐阜県,1980000000,1980年,人
696,00700,全域,000,男女総数,202,10～14歳,000,国籍総数,22000,静岡県,1980000000,1980年,人
5028,00700,全域,000,男女総数,202,10～14歳,000,国籍総数,23000,愛知県,1980000000,1980年,人
765,00700,全域,000,男女総数,202,10～14歳,000,国籍総数,24000,三重県,1980000000,1980年,人
724,00700,全域,000,男女総数,202,10～14歳,000,国籍総数,25000,滋賀県,1980000000,1980年,人
4105,00700,全域,000,男女総数,202,10～14歳,000,国籍総数,26000,京都府,1980000000,1980年,人
16075,00700,全域,000,男女総数,202,10～14歳,000,国籍総数,27000,大阪府,1980000000,1980年,人
6960,00700,全域,000,男女総数,202,10～14歳,000,国籍総数,28000,兵庫県,1980000000,1980年,人
549,00700,全域,000,男女総数,202,10～14歳,000,国籍総数,29000,奈良県,1980000000,1980年,人
405,00700,全域,000,男女総数,202,10～14歳,000,国籍総数,30000,和歌山県,1980000000,1980年,人
125,00700,全域,000,男女総数,202,10～14歳,000,国籍総数,31000,鳥取県,1980000000,1980年,人
145,00700,全域,000,男女総数,202,10～14歳,000,国籍総数,32000,島根県,1980000000,1980年,人
707,00700,全域,000,男女総数,202,10～14歳,000,国籍総数,33000,岡山県,1980000000,1980年,人
1401,00700,全域,000,男女総数,202,10～14歳,000,国籍総数,34000,広島県,1980000000,1980年,人
1226,00700,全域,000,男女総数,202,10～14歳,000,国籍総数,35000,山口県,1980000000,1980年,人
22,00700,全域,000,男女総数,202,10～14歳,000,国籍総数,36000,徳島県,1980000000,1980年,人
77,00700,全域,000,男女総数,202,10～14歳,000,国籍総数,37000,香川県,1980000000,1980年,人
218,00700,全域,000,男女総数,202,10～14歳,000,国籍総数,38000,愛媛県,1980000000,1980年,人
71,00700,全域,000,男女総数,202,10～14歳,000,国籍総数,39000,高知県,1980000000,1980年,人
2193,00700,全域,000,男女総数,202,10～14歳,000,国籍総数,40000,福岡県,1980000000,1980年,人
67,00700,全域,000,男女総数,202,10～14歳,000,国籍総数,41000,佐賀県,1980000000,1980年,人
243,00700,全域,000,男女総数,202,10～14歳,000,国籍総数,42000,長崎県,1980000000,1980年,人
129,00700,全域,000,男女総数,202,10～14歳,000,国籍総数,43000,熊本県,1980000000,1980年,人
250,00700,全域,000,男女総数,202,10～14歳,000,国籍総数,44000,大分県,1980000000,1980年,人
85,00700,全域,000,男女総数,202,10～14歳,000,国籍総数,45000,宮崎県,1980000000,1980年,人
93,00700,全域,000,男女総数,202,10～14歳,000,国籍総数,46000,鹿児島県,1980000000,1980年,人
477,00700,全域,000,男女総数,202,10～14歳,000,国籍総数,47000,沖縄県,1980000000,1980年,人
51853,00700,全域,000,男女総数,202,10～14歳,001,韓国・朝鮮,00000,全国,1980000000,1980年,人
48057,00700,全域,000,男女総数,202,10～14歳,001,韓国・朝鮮,00001,全国市部,1980000000,1980年,人
3796,00700,全域,000,男女総数,202,10～14歳,001,韓国・朝鮮,00002,全国郡部,1980000000,1980年,人
371,00700,全域,000,男女総数,202,10～14歳,001,韓国・朝鮮,01000,北海道,1980000000,1980年,人
89,00700,全域,000,男女総数,202,10～14歳,001,韓国・朝鮮,02000,青森県,1980000000,1980年,人
84,00700,全域,000,男女総数,202,10～14歳,001,韓国・朝鮮,03000,岩手県,1980000000,1980年,人
246,00700,全域,000,男女総数,202,10～14歳,001,韓国・朝鮮,04000,宮城県,1980000000,1980年,人
47,00700,全域,000,男女総数,202,10～14歳,001,韓国・朝鮮,05000,秋田県,1980000000,1980年,人
54,00700,全域,000,男女総数,202,10～14歳,001,韓国・朝鮮,06000,山形県,1980000000,1980年,人
135,00700,全域,000,男女総数,202,10～14歳,001,韓国・朝鮮,07000,福島県,1980000000,1980年,人
326,00700,全域,000,男女総数,202,10～14歳,001,韓国・朝鮮,08000,茨城県,1980000000,1980年,人
168,00700,全域,000,男女総数,202,10～14歳,001,韓国・朝鮮,09000,栃木県,1980000000,1980年,人
222,00700,全域,000,男女総数,202,10～14歳,001,韓国・朝鮮,10000,群馬県,1980000000,1980年,人
832,00700,全域,000,男女総数,202,10～14歳,001,韓国・朝鮮,11000,埼玉県,1980000000,1980年,人
774,00700,全域,000,男女総数,202,10～14歳,001,韓国・朝鮮,12000,千葉県,1980000000,1980年,人
4846,00700,全域,000,男女総数,202,10～14歳,001,韓国・朝鮮,13000,東京都,1980000000,1980年,人
2098,00700,全域,000,男女総数,202,10～14歳,001,韓国・朝鮮,14000,神奈川県,1980000000,1980年,人
201,00700,全域,000,男女総数,202,10～14歳,001,韓国・朝鮮,15000,新潟県,1980000000,1980年,人
126,00700,全域,000,男女総数,202,10～14歳,001,韓国・朝鮮,16000,富山県,1980000000,1980年,人
197,00700,全域,000,男女総数,202,10～14歳,001,韓国・朝鮮,17000,石川県,1980000000,1980年,人
470,00700,全域,000,男女総数,202,10～14歳,001,韓国・朝鮮,18000,福井県,1980000000,1980年,人
104,00700,全域,000,男女総数,202,10～14歳,001,韓国・朝鮮,19000,山梨県,1980000000,1980年,人
412,00700,全域,000,男女総数,202,10～14歳,001,韓国・朝鮮,20000,長野県,1980000000,1980年,人
916,00700,全域,000,男女総数,202,10～14歳,001,韓国・朝鮮,21000,岐阜県,1980000000,1980年,人
592,00700,全域,000,男女総数,202,10～14歳,001,韓国・朝鮮,22000,静岡県,1980000000,1980年,人
4819,00700,全域,000,男女総数,202,10～14歳,001,韓国・朝鮮,23000,愛知県,1980000000,1980年,人
728,00700,全域,000,男女総数,202,10～14歳,001,韓国・朝鮮,24000,三重県,1980000000,1980年,人
679,00700,全域,000,男女総数,202,10～14歳,001,韓国・朝鮮,25000,滋賀県,1980000000,1980年,人
3966,00700,全域,000,男女総数,202,10～14歳,001,韓国・朝鮮,26000,京都府,1980000000,1980年,人
15424,00700,全域,000,男女総数,202,10～14歳,001,韓国・朝鮮,27000,大阪府,1980000000,1980年,人
5843,00700,全域,000,男女総数,202,10～14歳,001,韓国・朝鮮,28000,兵庫県,1980000000,1980年,人
491,00700,全域,000,男女総数,202,10～14歳,001,韓国・朝鮮,29000,奈良県,1980000000,1980年,人
345,00700,全域,000,男女総数,202,10～14歳,001,韓国・朝鮮,30000,和歌山県,1980000000,1980年,人
108,00700,全域,000,男女総数,202,10～14歳,001,韓国・朝鮮,31000,鳥取県,1980000000,1980年,人
111,00700,全域,000,男女総数,202,10～14歳,001,韓国・朝鮮,32000,島根県,1980000000,1980年,人
664,00700,全域,000,男女総数,202,10～14歳,001,韓国・朝鮮,33000,岡山県,1980000000,1980年,人
1287,00700,全域,000,男女総数,202,10～14歳,001,韓国・朝鮮,34000,広島県,1980000000,1980年,人
1188,00700,全域,000,男女総数,202,10～14歳,001,韓国・朝鮮,35000,山口県,1980000000,1980年,人
13,00700,全域,000,男女総数,202,10～14歳,001,韓国・朝鮮,36000,徳島県,1980000000,1980年,人
59,00700,全域,000,男女総数,202,10～14歳,001,韓国・朝鮮,37000,香川県,1980000000,1980年,人
192,00700,全域,000,男女総数,202,10～14歳,001,韓国・朝鮮,38000,愛媛県,1980000000,1980年,人
48,00700,全域,000,男女総数,202,10～14歳,001,韓国・朝鮮,39000,高知県,1980000000,1980年,人
2031,00700,全域,000,男女総数,202,10～14歳,001,韓国・朝鮮,40000,福岡県,1980000000,1980年,人
53,00700,全域,000,男女総数,202,10～14歳,001,韓国・朝鮮,41000,佐賀県,1980000000,1980年,人
137,00700,全域,000,男女総数,202,10～14歳,001,韓国・朝鮮,42000,長崎県,1980000000,1980年,人
76,00700,全域,000,男女総数,202,10～14歳,001,韓国・朝鮮,43000,熊本県,1980000000,1980年,人
193,00700,全域,000,男女総数,202,10～14歳,001,韓国・朝鮮,44000,大分県,1980000000,1980年,人
60,00700,全域,000,男女総数,202,10～14歳,001,韓国・朝鮮,45000,宮崎県,1980000000,1980年,人
14,00700,全域,000,男女総数,202,10～14歳,001,韓国・朝鮮,46000,鹿児島県,1980000000,1980年,人
14,00700,全域,000,男女総数,202,10～14歳,001,韓国・朝鮮,47000,沖縄県,1980000000,1980年,人
3021,00700,全域,000,男女総数,202,10～14歳,002,中国,00000,全国,1980000000,1980年,人
2836,00700,全域,000,男女総数,202,10～14歳,002,中国,00001,全国市部,1980000000,1980年,人
185,00700,全域,000,男女総数,202,10～14歳,002,中国,00002,全国郡部,1980000000,1980年,人
36,00700,全域,000,男女総数,202,10～14歳,002,中国,01000,北海道,1980000000,1980年,人
5,00700,全域,000,男女総数,202,10～14歳,002,中国,02000,青森県,1980000000,1980年,人
18,00700,全域,000,男女総数,202,10～14歳,002,中国,03000,岩手県,1980000000,1980年,人
18,00700,全域,000,男女総数,202,10～14歳,002,中国,04000,宮城県,1980000000,1980年,人
3,00700,全域,000,男女総数,202,10～14歳,002,中国,05000,秋田県,1980000000,1980年,人
16,00700,全域,000,男女総数,202,10～14歳,002,中国,06000,山形県,1980000000,1980年,人
20,00700,全域,000,男女総数,202,10～14歳,002,中国,07000,福島県,1980000000,1980年,人
9,00700,全域,000,男女総数,202,10～14歳,002,中国,08000,茨城県,1980000000,1980年,人
9,00700,全域,000,男女総数,202,10～14歳,002,中国,09000,栃木県,1980000000,1980年,人
23,00700,全域,000,男女総数,202,10～14歳,002,中国,10000,群馬県,1980000000,1980年,人
55,00700,全域,000,男女総数,202,10～14歳,002,中国,11000,埼玉県,1980000000,1980年,人
64,00700,全域,000,男女総数,202,10～14歳,002,中国,12000,千葉県,1980000000,1980年,人
589,00700,全域,000,男女総数,202,10～14歳,002,中国,13000,東京都,1980000000,1980年,人
409,00700,全域,000,男女総数,202,10～14歳,002,中国,14000,神奈川県,1980000000,1980年,人
12,00700,全域,000,男女総数,202,10～14歳,002,中国,15000,新潟県,1980000000,1980年,人
2,00700,全域,000,男女総数,202,10～14歳,002,中国,16000,富山県,1980000000,1980年,人
1,00700,全域,000,男女総数,202,10～14歳,002,中国,17000,石川県,1980000000,1980年,人
4,00700,全域,000,男女総数,202,10～14歳,002,中国,18000,福井県,1980000000,1980年,人
12,00700,全域,000,男女総数,202,10～14歳,002,中国,19000,山梨県,1980000000,1980年,人
36,00700,全域,000,男女総数,202,10～14歳,002,中国,20000,長野県,1980000000,1980年,人
3,00700,全域,000,男女総数,202,10～14歳,002,中国,21000,岐阜県,1980000000,1980年,人
28,00700,全域,000,男女総数,202,10～14歳,002,中国,22000,静岡県,1980000000,1980年,人
59,00700,全域,000,男女総数,202,10～14歳,002,中国,23000,愛知県,1980000000,1980年,人
15,00700,全域,000,男女総数,202,10～14歳,002,中国,24000,三重県,1980000000,1980年,人
7,00700,全域,000,男女総数,202,10～14歳,002,中国,25000,滋賀県,1980000000,1980年,人
53,00700,全域,000,男女総数,202,10～14歳,002,中国,26000,京都府,1980000000,1980年,人
361,00700,全域,000,男女総数,202,10～14歳,002,中国,27000,大阪府,1980000000,1980年,人
684,00700,全域,000,男女総数,202,10～14歳,002,中国,28000,兵庫県,1980000000,1980年,人
16,00700,全域,000,男女総数,202,10～14歳,002,中国,29000,奈良県,1980000000,1980年,人
29,00700,全域,000,男女総数,202,10～14歳,002,中国,30000,和歌山県,1980000000,1980年,人
3,00700,全域,000,男女総数,202,10～14歳,002,中国,31000,鳥取県,1980000000,1980年,人
31,00700,全域,000,男女総数,202,10～14歳,002,中国,32000,島根県,1980000000,1980年,人
16,00700,全域,000,男女総数,202,10～14歳,002,中国,33000,岡山県,1980000000,1980年,人
25,00700,全域,000,男女総数,202,10～14歳,002,中国,34000,広島県,1980000000,1980年,人
5,00700,全域,000,男女総数,202,10～14歳,002,中国,35000,山口県,1980000000,1980年,人
2,00700,全域,000,男女総数,202,10～14歳,002,中国,36000,徳島県,1980000000,1980年,人
8,00700,全域,000,男女総数,202,10～14歳,002,中国,37000,香川県,1980000000,1980年,人
5,00700,全域,000,男女総数,202,10～14歳,002,中国,38000,愛媛県,1980000000,1980年,人
8,00700,全域,000,男女総数,202,10～14歳,002,中国,39000,高知県,1980000000,1980年,人
64,00700,全域,000,男女総数,202,10～14歳,002,中国,40000,福岡県,1980000000,1980年,人
6,00700,全域,000,男女総数,202,10～14歳,002,中国,41000,佐賀県,1980000000,1980年,人
56,00700,全域,000,男女総数,202,10～14歳,002,中国,42000,長崎県,1980000000,1980年,人
25,00700,全域,000,男女総数,202,10～14歳,002,中国,43000,熊本県,1980000000,1980年,人
35,00700,全域,000,男女総数,202,10～14歳,002,中国,44000,大分県,1980000000,1980年,人
8,00700,全域,000,男女総数,202,10～14歳,002,中国,45000,宮崎県,1980000000,1980年,人
46,00700,全域,000,男女総数,202,10～14歳,002,中国,46000,鹿児島県,1980000000,1980年,人
82,00700,全域,000,男女総数,202,10～14歳,002,中国,47000,沖縄県,1980000000,1980年,人
1287,00700,全域,000,男女総数,202,10～14歳,003,アメリカ,00000,全国,1980000000,1980年,人
1167,00700,全域,000,男女総数,202,10～14歳,003,アメリカ,00001,全国市部,1980000000,1980年,人
120,00700,全域,000,男女総数,202,10～14歳,003,アメリカ,00002,全国郡部,1980000000,1980年,人
28,00700,全域,000,男女総数,202,10～14歳,003,アメリカ,01000,北海道,1980000000,1980年,人
6,00700,全域,000,男女総数,202,10～14歳,003,アメリカ,02000,青森県,1980000000,1980年,人
6,00700,全域,000,男女総数,202,10～14歳,003,アメリカ,04000,宮城県,1980000000,1980年,人
4,00700,全域,000,男女総数,202,10～14歳,003,アメリカ,06000,山形県,1980000000,1980年,人
7,00700,全域,000,男女総数,202,10～14歳,003,アメリカ,07000,福島県,1980000000,1980年,人
7,00700,全域,000,男女総数,202,10～14歳,003,アメリカ,08000,茨城県,1980000000,1980年,人
5,00700,全域,000,男女総数,202,10～14歳,003,アメリカ,09000,栃木県,1980000000,1980年,人
44,00700,全域,000,男女総数,202,10～14歳,003,アメリカ,11000,埼玉県,1980000000,1980年,人
13,00700,全域,000,男女総数,202,10～14歳,003,アメリカ,12000,千葉県,1980000000,1980年,人
493,00700,全域,000,男女総数,202,10～14歳,003,アメリカ,13000,東京都,1980000000,1980年,人
138,00700,全域,000,男女総数,202,10～14歳,003,アメリカ,14000,神奈川県,1980000000,1980年,人
1,00700,全域,000,男女総数,202,10～14歳,003,アメリカ,16000,富山県,1980000000,1980年,人
1,00700,全域,000,男女総数,202,10～14歳,003,アメリカ,17000,石川県,1980000000,1980年,人
5,00700,全域,000,男女総数,202,10～14歳,003,アメリカ,19000,山梨県,1980000000,1980年,人
3,00700,全域,000,男女総数,202,10～14歳,003,アメリカ,20000,長野県,1980000000,1980年,人
13,00700,全域,000,男女総数,202,10～14歳,003,アメリカ,22000,静岡県,1980000000,1980年,人
49,00700,全域,000,男女総数,202,10～14歳,003,アメリカ,23000,愛知県,1980000000,1980年,人
1,00700,全域,000,男女総数,202,10～14歳,003,アメリカ,24000,三重県,1980000000,1980年,人
2,00700,全域,000,男女総数,202,10～14歳,003,アメリカ,25000,滋賀県,1980000000,1980年,人
11,00700,全域,000,男女総数,202,10～14歳,003,アメリカ,26000,京都府,1980000000,1980年,人
31,00700,全域,000,男女総数,202,10～14歳,003,アメリカ,27000,大阪府,1980000000,1980年,人
72,00700,全域,000,男女総数,202,10～14歳,003,アメリカ,28000,兵庫県,1980000000,1980年,人
9,00700,全域,000,男女総数,202,10～14歳,003,アメリカ,29000,奈良県,1980000000,1980年,人
8,00700,全域,000,男女総数,202,10～14歳,003,アメリカ,30000,和歌山県,1980000000,1980年,人
3,00700,全域,000,男女総数,202,10～14歳,003,アメリカ,31000,鳥取県,1980000000,1980年,人
5,00700,全域,000,男女総数,202,10～14歳,003,アメリカ,33000,岡山県,1980000000,1980年,人
21,00700,全域,000,男女総数,202,10～14歳,003,アメリカ,34000,広島県,1980000000,1980年,人
15,00700,全域,000,男女総数,202,10～14歳,003,アメリカ,35000,山口県,1980000000,1980年,人
1,00700,全域,000,男女総数,202,10～14歳,003,アメリカ,36000,徳島県,1980000000,1980年,人
1,00700,全域,000,男女総数,202,10～14歳,003,アメリカ,37000,香川県,1980000000,1980年,人
6,00700,全域,000,男女総数,202,10～14歳,003,アメリカ,38000,愛媛県,1980000000,1980年,人
1,00700,全域,000,男女総数,202,10～14歳,003,アメリカ,39000,高知県,1980000000,1980年,人
31,00700,全域,000,男女総数,202,10～14歳,003,アメリカ,40000,福岡県,1980000000,1980年,人
5,00700,全域,000,男女総数,202,10～14歳,003,アメリカ,41000,佐賀県,1980000000,1980年,人
15,00700,全域,000,男女総数,202,10～14歳,003,アメリカ,42000,長崎県,1980000000,1980年,人
3,00700,全域,000,男女総数,202,10～14歳,003,アメリカ,43000,熊本県,1980000000,1980年,人
3,00700,全域,000,男女総数,202,10～14歳,003,アメリカ,44000,大分県,1980000000,1980年,人
1,00700,全域,000,男女総数,202,10～14歳,003,アメリカ,45000,宮崎県,1980000000,1980年,人
11,00700,全域,000,男女総数,202,10～14歳,003,アメリカ,46000,鹿児島県,1980000000,1980年,人
208,00700,全域,000,男女総数,202,10～14歳,003,アメリカ,47000,沖縄県,1980000000,1980年,人
1613,00700,全域,000,男女総数,202,10～14歳,004,その他,00000,全国,1980000000,1980年,人
1438,00700,全域,000,男女総数,202,10～14歳,004,その他,00001,全国市部,1980000000,1980年,人
175,00700,全域,000,男女総数,202,10～14歳,004,その他,00002,全国郡部,1980000000,1980年,人
19,00700,全域,000,男女総数,202,10～14歳,004,その他,01000,北海道,1980000000,1980年,人
2,00700,全域,000,男女総数,202,10～14歳,004,その他,02000,青森県,1980000000,1980年,人
6,00700,全域,000,男女総数,202,10～14歳,004,その他,03000,岩手県,1980000000,1980年,人
4,00700,全域,000,男女総数,202,10～14歳,004,その他,04000,宮城県,1980000000,1980年,人
1,00700,全域,000,男女総数,202,10～14歳,004,その他,05000,秋田県,1980000000,1980年,人
2,00700,全域,000,男女総数,202,10～14歳,004,その他,06000,山形県,1980000000,1980年,人
8,00700,全域,000,男女総数,202,10～14歳,004,その他,07000,福島県,1980000000,1980年,人
9,00700,全域,000,男女総数,202,10～14歳,004,その他,08000,茨城県,1980000000,1980年,人
2,00700,全域,000,男女総数,202,10～14歳,004,その他,09000,栃木県,1980000000,1980年,人
9,00700,全域,000,男女総数,202,10～14歳,004,その他,10000,群馬県,1980000000,1980年,人
42,00700,全域,000,男女総数,202,10～14歳,004,その他,11000,埼玉県,1980000000,1980年,人
27,00700,全域,000,男女総数,202,10～14歳,004,その他,12000,千葉県,1980000000,1980年,人
567,00700,全域,000,男女総数,202,10～14歳,004,その他,13000,東京都,1980000000,1980年,人
178,00700,全域,000,男女総数,202,10～14歳,004,その他,14000,神奈川県,1980000000,1980年,人
9,00700,全域,000,男女総数,202,10～14歳,004,その他,15000,新潟県,1980000000,1980年,人
4,00700,全域,000,男女総数,202,10～14歳,004,その他,16000,富山県,1980000000,1980年,人
7,00700,全域,000,男女総数,202,10～14歳,004,その他,18000,福井県,1980000000,1980年,人
2,00700,全域,000,男女総数,202,10～14歳,004,その他,19000,山梨県,1980000000,1980年,人
8,00700,全域,000,男女総数,202,10～14歳,004,その他,20000,長野県,1980000000,1980年,人
2,00700,全域,000,男女総数,202,10～14歳,004,その他,21000,岐阜県,1980000000,1980年,人
25,00700,全域,000,男女総数,202,10～14歳,004,その他,22000,静岡県,1980000000,1980年,人
31,00700,全域,000,男女総数,202,10～14歳,004,その他,23000,愛知県,1980000000,1980年,人
2,00700,全域,000,男女総数,202,10～14歳,004,その他,24000,三重県,1980000000,1980年,人
16,00700,全域,000,男女総数,202,10～14歳,004,その他,25000,滋賀県,1980000000,1980年,人
16,00700,全域,000,男女総数,202,10～14歳,004,その他,26000,京都府,1980000000,1980年,人
48,00700,全域,000,男女総数,202,10～14歳,004,その他,27000,大阪府,1980000000,1980年,人
243,00700,全域,000,男女総数,202,10～14歳,004,その他,28000,兵庫県,1980000000,1980年,人
12,00700,全域,000,男女総数,202,10～14歳,004,その他,29000,奈良県,1980000000,1980年,人
9,00700,全域,000,男女総数,202,10～14歳,004,その他,30000,和歌山県,1980000000,1980年,人
5,00700,全域,000,男女総数,202,10～14歳,004,その他,31000,鳥取県,1980000000,1980年,人
1,00700,全域,000,男女総数,202,10～14歳,004,その他,32000,島根県,1980000000,1980年,人
5,00700,全域,000,男女総数,202,10～14歳,004,その他,33000,岡山県,1980000000,1980年,人
28,00700,全域,000,男女総数,202,10～14歳,004,その他,34000,広島県,1980000000,1980年,人
8,00700,全域,000,男女総数,202,10～14歳,004,その他,35000,山口県,1980000000,1980年,人
3,00700,全域,000,男女総数,202,10～14歳,004,その他,36000,徳島県,1980000000,1980年,人
2,00700,全域,000,男女総数,202,10～14歳,004,その他,37000,香川県,1980000000,1980年,人
9,00700,全域,000,男女総数,202,10～14歳,004,その他,39000,高知県,1980000000,1980年,人
26,00700,全域,000,男女総数,202,10～14歳,004,その他,40000,福岡県,1980000000,1980年,人
1,00700,全域,000,男女総数,202,10～14歳,004,その他,41000,佐賀県,1980000000,1980年,人
25,00700,全域,000,男女総数,202,10～14歳,004,その他,42000,長崎県,1980000000,1980年,人
11,00700,全域,000,男女総数,202,10～14歳,004,その他,43000,熊本県,1980000000,1980年,人
12,00700,全域,000,男女総数,202,10～14歳,004,その他,44000,大分県,1980000000,1980年,人
9,00700,全域,000,男女総数,202,10～14歳,004,その他,45000,宮崎県,1980000000,1980年,人
6,00700,全域,000,男女総数,202,10～14歳,004,その他,46000,鹿児島県,1980000000,1980年,人
152,00700,全域,000,男女総数,202,10～14歳,004,その他,47000,沖縄県,1980000000,1980年,人
56825,00700,全域,000,男女総数,203,15～19歳,000,国籍総数,00000,全国,1980000000,1980年,人
52732,00700,全域,000,男女総数,203,15～19歳,000,国籍総数,00001,全国市部,1980000000,1980年,人
4093,00700,全域,000,男女総数,203,15～19歳,000,国籍総数,00002,全国郡部,1980000000,1980年,人
505,00700,全域,000,男女総数,203,15～19歳,000,国籍総数,01000,北海道,1980000000,1980年,人
123,00700,全域,000,男女総数,203,15～19歳,000,国籍総数,02000,青森県,1980000000,1980年,人
106,00700,全域,000,男女総数,203,15～19歳,000,国籍総数,03000,岩手県,1980000000,1980年,人
410,00700,全域,000,男女総数,203,15～19歳,000,国籍総数,04000,宮城県,1980000000,1980年,人
74,00700,全域,000,男女総数,203,15～19歳,000,国籍総数,05000,秋田県,1980000000,1980年,人
87,00700,全域,000,男女総数,203,15～19歳,000,国籍総数,06000,山形県,1980000000,1980年,人
140,00700,全域,000,男女総数,203,15～19歳,000,国籍総数,07000,福島県,1980000000,1980年,人
374,00700,全域,000,男女総数,203,15～19歳,000,国籍総数,08000,茨城県,1980000000,1980年,人
181,00700,全域,000,男女総数,203,15～19歳,000,国籍総数,09000,栃木県,1980000000,1980年,人
233,00700,全域,000,男女総数,203,15～19歳,000,国籍総数,10000,群馬県,1980000000,1980年,人
873,00700,全域,000,男女総数,203,15～19歳,000,国籍総数,11000,埼玉県,1980000000,1980年,人
872,00700,全域,000,男女総数,203,15～19歳,000,国籍総数,12000,千葉県,1980000000,1980年,人
7289,00700,全域,000,男女総数,203,15～19歳,000,国籍総数,13000,東京都,1980000000,1980年,人
2749,00700,全域,000,男女総数,203,15～19歳,000,国籍総数,14000,神奈川県,1980000000,1980年,人
169,00700,全域,000,男女総数,203,15～19歳,000,国籍総数,15000,新潟県,1980000000,1980年,人
130,00700,全域,000,男女総数,203,15～19歳,000,国籍総数,16000,富山県,1980000000,1980年,人
250,00700,全域,000,男女総数,203,15～19歳,000,国籍総数,17000,石川県,1980000000,1980年,人
341,00700,全域,000,男女総数,203,15～19歳,000,国籍総数,18000,福井県,1980000000,1980年,人
108,00700,全域,000,男女総数,203,15～19歳,000,国籍総数,19000,山梨県,1980000000,1980年,人
317,00700,全域,000,男女総数,203,15～19歳,000,国籍総数,20000,長野県,1980000000,1980年,人
880,00700,全域,000,男女総数,203,15～19歳,000,国籍総数,21000,岐阜県,1980000000,1980年,人
680,00700,全域,000,男女総数,203,15～19歳,000,国籍総数,22000,静岡県,1980000000,1980年,人
4996,00700,全域,000,男女総数,203,15～19歳,000,国籍総数,23000,愛知県,1980000000,1980年,人
669,00700,全域,000,男女総数,203,15～19歳,000,国籍総数,24000,三重県,1980000000,1980年,人
658,00700,全域,000,男女総数,203,15～19歳,000,国籍総数,25000,滋賀県,1980000000,1980年,人
3833,00700,全域,000,男女総数,203,15～19歳,000,国籍総数,26000,京都府,1980000000,1980年,人
15620,00700,全域,000,男女総数,203,15～19歳,000,国籍総数,27000,大阪府,1980000000,1980年,人
6166,00700,全域,000,男女総数,203,15～19歳,000,国籍総数,28000,兵庫県,1980000000,1980年,人
525,00700,全域,000,男女総数,203,15～19歳,000,国籍総数,29000,奈良県,1980000000,1980年,人
361,00700,全域,000,男女総数,203,15～19歳,000,国籍総数,30000,和歌山県,1980000000,1980年,人
125,00700,全域,000,男女総数,203,15～19歳,000,国籍総数,31000,鳥取県,1980000000,1980年,人
101,00700,全域,000,男女総数,203,15～19歳,000,国籍総数,32000,島根県,1980000000,1980年,人
613,00700,全域,000,男女総数,203,15～19歳,000,国籍総数,33000,岡山県,1980000000,1980年,人
1356,00700,全域,000,男女総数,203,15～19歳,000,国籍総数,34000,広島県,1980000000,1980年,人
1090,00700,全域,000,男女総数,203,15～19歳,000,国籍総数,35000,山口県,1980000000,1980年,人
32,00700,全域,000,男女総数,203,15～19歳,000,国籍総数,36000,徳島県,1980000000,1980年,人
79,00700,全域,000,男女総数,203,15～19歳,000,国籍総数,37000,香川県,1980000000,1980年,人
160,00700,全域,000,男女総数,203,15～19歳,000,国籍総数,38000,愛媛県,1980000000,1980年,人
67,00700,全域,000,男女総数,203,15～19歳,000,国籍総数,39000,高知県,1980000000,1980年,人
2145,00700,全域,000,男女総数,203,15～19歳,000,国籍総数,40000,福岡県,1980000000,1980年,人
111,00700,全域,000,男女総数,203,15～19歳,000,国籍総数,41000,佐賀県,1980000000,1980年,人
248,00700,全域,000,男女総数,203,15～19歳,000,国籍総数,42000,長崎県,1980000000,1980年,人
160,00700,全域,000,男女総数,203,15～19歳,000,国籍総数,43000,熊本県,1980000000,1980年,人
222,00700,全域,000,男女総数,203,15～19歳,000,国籍総数,44000,大分県,1980000000,1980年,人
77,00700,全域,000,男女総数,203,15～19歳,000,国籍総数,45000,宮崎県,1980000000,1980年,人
103,00700,全域,000,男女総数,203,15～19歳,000,国籍総数,46000,鹿児島県,1980000000,1980年,人
417,00700,全域,000,男女総数,203,15～19歳,000,国籍総数,47000,沖縄県,1980000000,1980年,人
49260,00700,全域,000,男女総数,203,15～19歳,001,韓国・朝鮮,00000,全国,1980000000,1980年,人
46069,00700,全域,000,男女総数,203,15～19歳,001,韓国・朝鮮,00001,全国市部,1980000000,1980年,人
3191,00700,全域,000,男女総数,203,15～19歳,001,韓国・朝鮮,00002,全国郡部,1980000000,1980年,人
335,00700,全域,000,男女総数,203,15～19歳,001,韓国・朝鮮,01000,北海道,1980000000,1980年,人
92,00700,全域,000,男女総数,203,15～19歳,001,韓国・朝鮮,02000,青森県,1980000000,1980年,人
62,00700,全域,000,男女総数,203,15～19歳,001,韓国・朝鮮,03000,岩手県,1980000000,1980年,人
335,00700,全域,000,男女総数,203,15～19歳,001,韓国・朝鮮,04000,宮城県,1980000000,1980年,人
35,00700,全域,000,男女総数,203,15～19歳,001,韓国・朝鮮,05000,秋田県,1980000000,1980年,人
40,00700,全域,000,男女総数,203,15～19歳,001,韓国・朝鮮,06000,山形県,1980000000,1980年,人
83,00700,全域,000,男女総数,203,15～19歳,001,韓国・朝鮮,07000,福島県,1980000000,1980年,人
327,00700,全域,000,男女総数,203,15～19歳,001,韓国・朝鮮,08000,茨城県,1980000000,1980年,人
133,00700,全域,000,男女総数,203,15～19歳,001,韓国・朝鮮,09000,栃木県,1980000000,1980年,人
163,00700,全域,000,男女総数,203,15～19歳,001,韓国・朝鮮,10000,群馬県,1980000000,1980年,人
679,00700,全域,000,男女総数,203,15～19歳,001,韓国・朝鮮,11000,埼玉県,1980000000,1980年,人
706,00700,全域,000,男女総数,203,15～19歳,001,韓国・朝鮮,12000,千葉県,1980000000,1980年,人
5521,00700,全域,000,男女総数,203,15～19歳,001,韓国・朝鮮,13000,東京都,1980000000,1980年,人
1925,00700,全域,000,男女総数,203,15～19歳,001,韓国・朝鮮,14000,神奈川県,1980000000,1980年,人
123,00700,全域,000,男女総数,203,15～19歳,001,韓国・朝鮮,15000,新潟県,1980000000,1980年,人
109,00700,全域,000,男女総数,203,15～19歳,001,韓国・朝鮮,16000,富山県,1980000000,1980年,人
228,00700,全域,000,男女総数,203,15～19歳,001,韓国・朝鮮,17000,石川県,1980000000,1980年,人
329,00700,全域,000,男女総数,203,15～19歳,001,韓国・朝鮮,18000,福井県,1980000000,1980年,人
77,00700,全域,000,男女総数,203,15～19歳,001,韓国・朝鮮,19000,山梨県,1980000000,1980年,人
233,00700,全域,000,男女総数,203,15～19歳,001,韓国・朝鮮,20000,長野県,1980000000,1980年,人
832,00700,全域,000,男女総数,203,15～19歳,001,韓国・朝鮮,21000,岐阜県,1980000000,1980年,人
525,00700,全域,000,男女総数,203,15～19歳,001,韓国・朝鮮,22000,静岡県,1980000000,1980年,人
4763,00700,全域,000,男女総数,203,15～19歳,001,韓国・朝鮮,23000,愛知県,1980000000,1980年,人
627,00700,全域,000,男女総数,203,15～19歳,001,韓国・朝鮮,24000,三重県,1980000000,1980年,人
610,00700,全域,000,男女総数,203,15～19歳,001,韓国・朝鮮,25000,滋賀県,1980000000,1980年,人
3680,00700,全域,000,男女総数,203,15～19歳,001,韓国・朝鮮,26000,京都府,1980000000,1980年,人
14971,00700,全域,000,男女総数,203,15～19歳,001,韓国・朝鮮,27000,大阪府,1980000000,1980年,人
5329,00700,全域,000,男女総数,203,15～19歳,001,韓国・朝鮮,28000,兵庫県,1980000000,1980年,人
463,00700,全域,000,男女総数,203,15～19歳,001,韓国・朝鮮,29000,奈良県,1980000000,1980年,人
280,00700,全域,000,男女総数,203,15～19歳,001,韓国・朝鮮,30000,和歌山県,1980000000,1980年,人
97,00700,全域,000,男女総数,203,15～19歳,001,韓国・朝鮮,31000,鳥取県,1980000000,1980年,人
73,00700,全域,000,男女総数,203,15～19歳,001,韓国・朝鮮,32000,島根県,1980000000,1980年,人
567,00700,全域,000,男女総数,203,15～19歳,001,韓国・朝鮮,33000,岡山県,1980000000,1980年,人
1196,00700,全域,000,男女総数,203,15～19歳,001,韓国・朝鮮,34000,広島県,1980000000,1980年,人
1035,00700,全域,000,男女総数,203,15～19歳,001,韓国・朝鮮,35000,山口県,1980000000,1980年,人
17,00700,全域,000,男女総数,203,15～19歳,001,韓国・朝鮮,36000,徳島県,1980000000,1980年,人
47,00700,全域,000,男女総数,203,15～19歳,001,韓国・朝鮮,37000,香川県,1980000000,1980年,人
122,00700,全域,000,男女総数,203,15～19歳,001,韓国・朝鮮,38000,愛媛県,1980000000,1980年,人
39,00700,全域,000,男女総数,203,15～19歳,001,韓国・朝鮮,39000,高知県,1980000000,1980年,人
1929,00700,全域,000,男女総数,203,15～19歳,001,韓国・朝鮮,40000,福岡県,1980000000,1980年,人
85,00700,全域,000,男女総数,203,15～19歳,001,韓国・朝鮮,41000,佐賀県,1980000000,1980年,人
126,00700,全域,000,男女総数,203,15～19歳,001,韓国・朝鮮,42000,長崎県,1980000000,1980年,人
88,00700,全域,000,男女総数,203,15～19歳,001,韓国・朝鮮,43000,熊本県,1980000000,1980年,人
155,00700,全域,000,男女総数,203,15～19歳,001,韓国・朝鮮,44000,大分県,1980000000,1980年,人
38,00700,全域,000,男女総数,203,15～19歳,001,韓国・朝鮮,45000,宮崎県,1980000000,1980年,人
19,00700,全域,000,男女総数,203,15～19歳,001,韓国・朝鮮,46000,鹿児島県,1980000000,1980年,人
12,00700,全域,000,男女総数,203,15～19歳,001,韓国・朝鮮,47000,沖縄県,1980000000,1980年,人
2940,00700,全域,000,男女総数,203,15～19歳,002,中国,00000,全国,1980000000,1980年,人
2676,00700,全域,000,男女総数,203,15～19歳,002,中国,00001,全国市部,1980000000,1980年,人
264,00700,全域,000,男女総数,203,15～19歳,002,中国,00002,全国郡部,1980000000,1980年,人
66,00700,全域,000,男女総数,203,15～19歳,002,中国,01000,北海道,1980000000,1980年,人
12,00700,全域,000,男女総数,203,15～19歳,002,中国,02000,青森県,1980000000,1980年,人
18,00700,全域,000,男女総数,203,15～19歳,002,中国,03000,岩手県,1980000000,1980年,人
22,00700,全域,000,男女総数,203,15～19歳,002,中国,04000,宮城県,1980000000,1980年,人
11,00700,全域,000,男女総数,203,15～19歳,002,中国,05000,秋田県,1980000000,1980年,人
20,00700,全域,000,男女総数,203,15～19歳,002,中国,06000,山形県,1980000000,1980年,人
19,00700,全域,000,男女総数,203,15～19歳,002,中国,07000,福島県,1980000000,1980年,人
15,00700,全域,000,男女総数,203,15～19歳,002,中国,08000,茨城県,1980000000,1980年,人
13,00700,全域,000,男女総数,203,15～19歳,002,中国,09000,栃木県,1980000000,1980年,人
17,00700,全域,000,男女総数,203,15～19歳,002,中国,10000,群馬県,1980000000,1980年,人
43,00700,全域,000,男女総数,203,15～19歳,002,中国,11000,埼玉県,1980000000,1980年,人
75,00700,全域,000,男女総数,203,15～19歳,002,中国,12000,千葉県,1980000000,1980年,人
655,00700,全域,000,男女総数,203,15～19歳,002,中国,13000,東京都,1980000000,1980年,人
363,00700,全域,000,男女総数,203,15～19歳,002,中国,14000,神奈川県,1980000000,1980年,人
13,00700,全域,000,男女総数,203,15～19歳,002,中国,15000,新潟県,1980000000,1980年,人
9,00700,全域,000,男女総数,203,15～19歳,002,中国,16000,富山県,1980000000,1980年,人
3,00700,全域,000,男女総数,203,15～19歳,002,中国,17000,石川県,1980000000,1980年,人
4,00700,全域,000,男女総数,203,15～19歳,002,中国,18000,福井県,1980000000,1980年,人
19,00700,全域,000,男女総数,203,15～19歳,002,中国,19000,山梨県,1980000000,1980年,人
43,00700,全域,000,男女総数,203,15～19歳,002,中国,20000,長野県,1980000000,1980年,人
13,00700,全域,000,男女総数,203,15～19歳,002,中国,21000,岐阜県,1980000000,1980年,人
50,00700,全域,000,男女総数,203,15～19歳,002,中国,22000,静岡県,1980000000,1980年,人
66,00700,全域,000,男女総数,203,15～19歳,002,中国,23000,愛知県,1980000000,1980年,人
16,00700,全域,000,男女総数,203,15～19歳,002,中国,24000,三重県,1980000000,1980年,人
3,00700,全域,000,男女総数,203,15～19歳,002,中国,25000,滋賀県,1980000000,1980年,人
68,00700,全域,000,男女総数,203,15～19歳,002,中国,26000,京都府,1980000000,1980年,人
331,00700,全域,000,男女総数,203,15～19歳,002,中国,27000,大阪府,1980000000,1980年,人
512,00700,全域,000,男女総数,203,15～19歳,002,中国,28000,兵庫県,1980000000,1980年,人
16,00700,全域,000,男女総数,203,15～19歳,002,中国,29000,奈良県,1980000000,1980年,人
32,00700,全域,000,男女総数,203,15～19歳,002,中国,30000,和歌山県,1980000000,1980年,人
5,00700,全域,000,男女総数,203,15～19歳,002,中国,31000,鳥取県,1980000000,1980年,人
21,00700,全域,000,男女総数,203,15～19歳,002,中国,32000,島根県,1980000000,1980年,人
16,00700,全域,000,男女総数,203,15～19歳,002,中国,33000,岡山県,1980000000,1980年,人
25,00700,全域,000,男女総数,203,15～19歳,002,中国,34000,広島県,1980000000,1980年,人
8,00700,全域,000,男女総数,203,15～19歳,002,中国,35000,山口県,1980000000,1980年,人
3,00700,全域,000,男女総数,203,15～19歳,002,中国,36000,徳島県,1980000000,1980年,人
14,00700,全域,000,男女総数,203,15～19歳,002,中国,37000,香川県,1980000000,1980年,人
10,00700,全域,000,男女総数,203,15～19歳,002,中国,38000,愛媛県,1980000000,1980年,人
5,00700,全域,000,男女総数,203,15～19歳,002,中国,39000,高知県,1980000000,1980年,人
71,00700,全域,000,男女総数,203,15～19歳,002,中国,40000,福岡県,1980000000,1980年,人
12,00700,全域,000,男女総数,203,15～19歳,002,中国,41000,佐賀県,1980000000,1980年,人
28,00700,全域,000,男女総数,203,15～19歳,002,中国,42000,長崎県,1980000000,1980年,人
30,00700,全域,000,男女総数,203,15～19歳,002,中国,43000,熊本県,1980000000,1980年,人
29,00700,全域,000,男女総数,203,15～19歳,002,中国,44000,大分県,1980000000,1980年,人
6,00700,全域,000,男女総数,203,15～19歳,002,中国,45000,宮崎県,1980000000,1980年,人
47,00700,全域,000,男女総数,203,15～19歳,002,中国,46000,鹿児島県,1980000000,1980年,人
63,00700,全域,000,男女総数,203,15～19歳,002,中国,47000,沖縄県,1980000000,1980年,人
1475,00700,全域,000,男女総数,203,15～19歳,003,アメリカ,00000,全国,1980000000,1980年,人
1351,00700,全域,000,男女総数,203,15～19歳,003,アメリカ,00001,全国市部,1980000000,1980年,人
124,00700,全域,000,男女総数,203,15～19歳,003,アメリカ,00002,全国郡部,1980000000,1980年,人
54,00700,全域,000,男女総数,203,15～19歳,003,アメリカ,01000,北海道,1980000000,1980年,人
5,00700,全域,000,男女総数,203,15～19歳,003,アメリカ,02000,青森県,1980000000,1980年,人
7,00700,全域,000,男女総数,203,15～19歳,003,アメリカ,03000,岩手県,1980000000,1980年,人
23,00700,全域,000,男女総数,203,15～19歳,003,アメリカ,04000,宮城県,1980000000,1980年,人
6,00700,全域,000,男女総数,203,15～19歳,003,アメリカ,05000,秋田県,1980000000,1980年,人
10,00700,全域,000,男女総数,203,15～19歳,003,アメリカ,06000,山形県,1980000000,1980年,人
13,00700,全域,000,男女総数,203,15～19歳,003,アメリカ,07000,福島県,1980000000,1980年,人
5,00700,全域,000,男女総数,203,15～19歳,003,アメリカ,08000,茨城県,1980000000,1980年,人
15,00700,全域,000,男女総数,203,15～19歳,003,アメリカ,09000,栃木県,1980000000,1980年,人
8,00700,全域,000,男女総数,203,15～19歳,003,アメリカ,10000,群馬県,1980000000,1980年,人
48,00700,全域,000,男女総数,203,15～19歳,003,アメリカ,11000,埼玉県,1980000000,1980年,人
19,00700,全域,000,男女総数,203,15～19歳,003,アメリカ,12000,千葉県,1980000000,1980年,人
445,00700,全域,000,男女総数,203,15～19歳,003,アメリカ,13000,東京都,1980000000,1980年,人
161,00700,全域,000,男女総数,203,15～19歳,003,アメリカ,14000,神奈川県,1980000000,1980年,人
3,00700,全域,000,男女総数,203,15～19歳,003,アメリカ,15000,新潟県,1980000000,1980年,人
4,00700,全域,000,男女総数,203,15～19歳,003,アメリカ,16000,富山県,1980000000,1980年,人
6,00700,全域,000,男女総数,203,15～19歳,003,アメリカ,17000,石川県,1980000000,1980年,人
1,00700,全域,000,男女総数,203,15～19歳,003,アメリカ,18000,福井県,1980000000,1980年,人
4,00700,全域,000,男女総数,203,15～19歳,003,アメリカ,19000,山梨県,1980000000,1980年,人
6,00700,全域,000,男女総数,203,15～19歳,003,アメリカ,20000,長野県,1980000000,1980年,人
6,00700,全域,000,男女総数,203,15～19歳,003,アメリカ,21000,岐阜県,1980000000,1980年,人
19,00700,全域,000,男女総数,203,15～19歳,003,アメリカ,22000,静岡県,1980000000,1980年,人
56,00700,全域,000,男女総数,203,15～19歳,003,アメリカ,23000,愛知県,1980000000,1980年,人
9,00700,全域,000,男女総数,203,15～19歳,003,アメリカ,24000,三重県,1980000000,1980年,人
6,00700,全域,000,男女総数,203,15～19歳,003,アメリカ,25000,滋賀県,1980000000,1980年,人
23,00700,全域,000,男女総数,203,15～19歳,003,アメリカ,26000,京都府,1980000000,1980年,人
47,00700,全域,000,男女総数,203,15～19歳,003,アメリカ,27000,大阪府,1980000000,1980年,人
84,00700,全域,000,男女総数,203,15～19歳,003,アメリカ,28000,兵庫県,1980000000,1980年,人
13,00700,全域,000,男女総数,203,15～19歳,003,アメリカ,29000,奈良県,1980000000,1980年,人
19,00700,全域,000,男女総数,203,15～19歳,003,アメリカ,30000,和歌山県,1980000000,1980年,人
4,00700,全域,000,男女総数,203,15～19歳,003,アメリカ,31000,鳥取県,1980000000,1980年,人
2,00700,全域,000,男女総数,203,15～19歳,003,アメリカ,32000,島根県,1980000000,1980年,人
8,00700,全域,000,男女総数,203,15～19歳,003,アメリカ,33000,岡山県,1980000000,1980年,人
37,00700,全域,000,男女総数,203,15～19歳,003,アメリカ,34000,広島県,1980000000,1980年,人
15,00700,全域,000,男女総数,203,15～19歳,003,アメリカ,35000,山口県,1980000000,1980年,人
1,00700,全域,000,男女総数,203,15～19歳,003,アメリカ,36000,徳島県,1980000000,1980年,人
1,00700,全域,000,男女総数,203,15～19歳,003,アメリカ,37000,香川県,1980000000,1980年,人
7,00700,全域,000,男女総数,203,15～19歳,003,アメリカ,38000,愛媛県,1980000000,1980年,人
3,00700,全域,000,男女総数,203,15～19歳,003,アメリカ,39000,高知県,1980000000,1980年,人
38,00700,全域,000,男女総数,203,15～19歳,003,アメリカ,40000,福岡県,1980000000,1980年,人
6,00700,全域,000,男女総数,203,15～19歳,003,アメリカ,41000,佐賀県,1980000000,1980年,人
26,00700,全域,000,男女総数,203,15～19歳,003,アメリカ,42000,長崎県,1980000000,1980年,人
4,00700,全域,000,男女総数,203,15～19歳,003,アメリカ,43000,熊本県,1980000000,1980年,人
11,00700,全域,000,男女総数,203,15～19歳,003,アメリカ,44000,大分県,1980000000,1980年,人
6,00700,全域,000,男女総数,203,15～19歳,003,アメリカ,45000,宮崎県,1980000000,1980年,人
21,00700,全域,000,男女総数,203,15～19歳,003,アメリカ,46000,鹿児島県,1980000000,1980年,人
160,00700,全域,000,男女総数,203,15～19歳,003,アメリカ,47000,沖縄県,1980000000,1980年,人
1786,00700,全域,000,男女総数,203,15～19歳,004,その他,00000,全国,1980000000,1980年,人
1445,00700,全域,000,男女総数,203,15～19歳,004,その他,00001,全国市部,1980000000,1980年,人
341,00700,全域,000,男女総数,203,15～19歳,004,その他,00002,全国郡部,1980000000,1980年,人
15,00700,全域,000,男女総数,203,15～19歳,004,その他,01000,北海道,1980000000,1980年,人
4,00700,全域,000,男女総数,203,15～19歳,004,その他,02000,青森県,1980000000,1980年,人
11,00700,全域,000,男女総数,203,15～19歳,004,その他,03000,岩手県,1980000000,1980年,人
15,00700,全域,000,男女総数,203,15～19歳,004,その他,04000,宮城県,1980000000,1980年,人
15,00700,全域,000,男女総数,203,15～19歳,004,その他,05000,秋田県,1980000000,1980年,人
6,00700,全域,000,男女総数,203,15～19歳,004,その他,06000,山形県,1980000000,1980年,人
11,00700,全域,000,男女総数,203,15～19歳,004,その他,07000,福島県,1980000000,1980年,人
9,00700,全域,000,男女総数,203,15～19歳,004,その他,08000,茨城県,1980000000,1980年,人
10,00700,全域,000,男女総数,203,15～19歳,004,その他,09000,栃木県,1980000000,1980年,人
22,00700,全域,000,男女総数,203,15～19歳,004,その他,10000,群馬県,1980000000,1980年,人
69,00700,全域,000,男女総数,203,15～19歳,004,その他,11000,埼玉県,1980000000,1980年,人
42,00700,全域,000,男女総数,203,15～19歳,004,その他,12000,千葉県,1980000000,1980年,人
425,00700,全域,000,男女総数,203,15～19歳,004,その他,13000,東京都,1980000000,1980年,人
202,00700,全域,000,男女総数,203,15～19歳,004,その他,14000,神奈川県,1980000000,1980年,人
14,00700,全域,000,男女総数,203,15～19歳,004,その他,15000,新潟県,1980000000,1980年,人
3,00700,全域,000,男女総数,203,15～19歳,004,その他,16000,富山県,1980000000,1980年,人
8,00700,全域,000,男女総数,203,15～19歳,004,その他,17000,石川県,1980000000,1980年,人
4,00700,全域,000,男女総数,203,15～19歳,004,その他,18000,福井県,1980000000,1980年,人
5,00700,全域,000,男女総数,203,15～19歳,004,その他,19000,山梨県,1980000000,1980年,人
28,00700,全域,000,男女総数,203,15～19歳,004,その他,20000,長野県,1980000000,1980年,人
7,00700,全域,000,男女総数,203,15～19歳,004,その他,21000,岐阜県,1980000000,1980年,人
54,00700,全域,000,男女総数,203,15～19歳,004,その他,22000,静岡県,1980000000,1980年,人
57,00700,全域,000,男女総数,203,15～19歳,004,その他,23000,愛知県,1980000000,1980年,人
7,00700,全域,000,男女総数,203,15～19歳,004,その他,24000,三重県,1980000000,1980年,人
21,00700,全域,000,男女総数,203,15～19歳,004,その他,25000,滋賀県,1980000000,1980年,人
13,00700,全域,000,男女総数,203,15～19歳,004,その他,26000,京都府,1980000000,1980年,人
50,00700,全域,000,男女総数,203,15～19歳,004,その他,27000,大阪府,1980000000,1980年,人
151,00700,全域,000,男女総数,203,15～19歳,004,その他,28000,兵庫県,1980000000,1980年,人
19,00700,全域,000,男女総数,203,15～19歳,004,その他,29000,奈良県,1980000000,1980年,人
19,00700,全域,000,男女総数,203,15～19歳,004,その他,30000,和歌山県,1980000000,1980年,人
12,00700,全域,000,男女総数,203,15～19歳,004,その他,31000,鳥取県,1980000000,1980年,人
2,00700,全域,000,男女総数,203,15～19歳,004,その他,32000,島根県,1980000000,1980年,人
7,00700,全域,000,男女総数,203,15～19歳,004,その他,33000,岡山県,1980000000,1980年,人
61,00700,全域,000,男女総数,203,15～19歳,004,その他,34000,広島県,1980000000,1980年,人
17,00700,全域,000,男女総数,203,15～19歳,004,その他,35000,山口県,1980000000,1980年,人
6,00700,全域,000,男女総数,203,15～19歳,004,その他,36000,徳島県,1980000000,1980年,人
6,00700,全域,000,男女総数,203,15～19歳,004,その他,37000,香川県,1980000000,1980年,人
4,00700,全域,000,男女総数,203,15～19歳,004,その他,38000,愛媛県,1980000000,1980年,人
14,00700,全域,000,男女総数,203,15～19歳,004,その他,39000,高知県,1980000000,1980年,人
40,00700,全域,000,男女総数,203,15～19歳,004,その他,40000,福岡県,1980000000,1980年,人
1,00700,全域,000,男女総数,203,15～19歳,004,その他,41000,佐賀県,1980000000,1980年,人
57,00700,全域,000,男女総数,203,15～19歳,004,その他,42000,長崎県,1980000000,1980年,人
24,00700,全域,000,男女総数,203,15～19歳,004,その他,43000,熊本県,1980000000,1980年,人
22,00700,全域,000,男女総数,203,15～19歳,004,その他,44000,大分県,1980000000,1980年,人
15,00700,全域,000,男女総数,203,15～19歳,004,その他,45000,宮崎県,1980000000,1980年,人
13,00700,全域,000,男女総数,203,15～19歳,004,その他,46000,鹿児島県,1980000000,1980年,人
169,00700,全域,000,男女総数,203,15～19歳,004,その他,47000,沖縄県,1980000000,1980年,人
57214,00700,全域,000,男女総数,204,20～24歳,000,国籍総数,00000,全国,1980000000,1980年,人
53130,00700,全域,000,男女総数,204,20～24歳,000,国籍総数,00001,全国市部,1980000000,1980年,人
4084,00700,全域,000,男女総数,204,20～24歳,000,国籍総数,00002,全国郡部,1980000000,1980年,人
660,00700,全域,000,男女総数,204,20～24歳,000,国籍総数,01000,北海道,1980000000,1980年,人
137,00700,全域,000,男女総数,204,20～24歳,000,国籍総数,02000,青森県,1980000000,1980年,人
167,00700,全域,000,男女総数,204,20～24歳,000,国籍総数,03000,岩手県,1980000000,1980年,人
398,00700,全域,000,男女総数,204,20～24歳,000,国籍総数,04000,宮城県,1980000000,1980年,人
94,00700,全域,000,男女総数,204,20～24歳,000,国籍総数,05000,秋田県,1980000000,1980年,人
72,00700,全域,000,男女総数,204,20～24歳,000,国籍総数,06000,山形県,1980000000,1980年,人
180,00700,全域,000,男女総数,204,20～24歳,000,国籍総数,07000,福島県,1980000000,1980年,人
328,00700,全域,000,男女総数,204,20～24歳,000,国籍総数,08000,茨城県,1980000000,1980年,人
232,00700,全域,000,男女総数,204,20～24歳,000,国籍総数,09000,栃木県,1980000000,1980年,人
306,00700,全域,000,男女総数,204,20～24歳,000,国籍総数,10000,群馬県,1980000000,1980年,人
925,00700,全域,000,男女総数,204,20～24歳,000,国籍総数,11000,埼玉県,1980000000,1980年,人
982,00700,全域,000,男女総数,204,20～24歳,000,国籍総数,12000,千葉県,1980000000,1980年,人
9120,00700,全域,000,男女総数,204,20～24歳,000,国籍総数,13000,東京都,1980000000,1980年,人
3039,00700,全域,000,男女総数,204,20～24歳,000,国籍総数,14000,神奈川県,1980000000,1980年,人
239,00700,全域,000,男女総数,204,20～24歳,000,国籍総数,15000,新潟県,1980000000,1980年,人
170,00700,全域,000,男女総数,204,20～24歳,000,国籍総数,16000,富山県,1980000000,1980年,人
245,00700,全域,000,男女総数,204,20～24歳,000,国籍総数,17000,石川県,1980000000,1980年,人
348,00700,全域,000,男女総数,204,20～24歳,000,国籍総数,18000,福井県,1980000000,1980年,人
86,00700,全域,000,男女総数,204,20～24歳,000,国籍総数,19000,山梨県,1980000000,1980年,人
384,00700,全域,000,男女総数,204,20～24歳,000,国籍総数,20000,長野県,1980000000,1980年,人
730,00700,全域,000,男女総数,204,20～24歳,000,国籍総数,21000,岐阜県,1980000000,1980年,人
732,00700,全域,000,男女総数,204,20～24歳,000,国籍総数,22000,静岡県,1980000000,1980年,人
4169,00700,全域,000,男女総数,204,20～24歳,000,国籍総数,23000,愛知県,1980000000,1980年,人
612,00700,全域,000,男女総数,204,20～24歳,000,国籍総数,24000,三重県,1980000000,1980年,人
577,00700,全域,000,男女総数,204,20～24歳,000,国籍総数,25000,滋賀県,1980000000,1980年,人
3716,00700,全域,000,男女総数,204,20～24歳,000,国籍総数,26000,京都府,1980000000,1980年,人
14786,00700,全域,000,男女総数,204,20～24歳,000,国籍総数,27000,大阪府,1980000000,1980年,人
5847,00700,全域,000,男女総数,204,20～24歳,000,国籍総数,28000,兵庫県,1980000000,1980年,人
554,00700,全域,000,男女総数,204,20～24歳,000,国籍総数,29000,奈良県,1980000000,1980年,人
344,00700,全域,000,男女総数,204,20～24歳,000,国籍総数,30000,和歌山県,1980000000,1980年,人
133,00700,全域,000,男女総数,204,20～24歳,000,国籍総数,31000,鳥取県,1980000000,1980年,人
95,00700,全域,000,男女総数,204,20～24歳,000,国籍総数,32000,島根県,1980000000,1980年,人
571,00700,全域,000,男女総数,204,20～24歳,000,国籍総数,33000,岡山県,1980000000,1980年,人
1104,00700,全域,000,男女総数,204,20～24歳,000,国籍総数,34000,広島県,1980000000,1980年,人
1165,00700,全域,000,男女総数,204,20～24歳,000,国籍総数,35000,山口県,1980000000,1980年,人
71,00700,全域,000,男女総数,204,20～24歳,000,国籍総数,36000,徳島県,1980000000,1980年,人
73,00700,全域,000,男女総数,204,20～24歳,000,国籍総数,37000,香川県,1980000000,1980年,人
150,00700,全域,000,男女総数,204,20～24歳,000,国籍総数,38000,愛媛県,1980000000,1980年,人
73,00700,全域,000,男女総数,204,20～24歳,000,国籍総数,39000,高知県,1980000000,1980年,人
2163,00700,全域,000,男女総数,204,20～24歳,000,国籍総数,40000,福岡県,1980000000,1980年,人
127,00700,全域,000,男女総数,204,20～24歳,000,国籍総数,41000,佐賀県,1980000000,1980年,人
249,00700,全域,000,男女総数,204,20～24歳,000,国籍総数,42000,長崎県,1980000000,1980年,人
202,00700,全域,000,男女総数,204,20～24歳,000,国籍総数,43000,熊本県,1980000000,1980年,人
251,00700,全域,000,男女総数,204,20～24歳,000,国籍総数,44000,大分県,1980000000,1980年,人
109,00700,全域,000,男女総数,204,20～24歳,000,国籍総数,45000,宮崎県,1980000000,1980年,人
136,00700,全域,000,男女総数,204,20～24歳,000,国籍総数,46000,鹿児島県,1980000000,1980年,人
363,00700,全域,000,男女総数,204,20～24歳,000,国籍総数,47000,沖縄県,1980000000,1980年,人
46069,00700,全域,000,男女総数,204,20～24歳,001,韓国・朝鮮,00000,全国,1980000000,1980年,人
43078,00700,全域,000,男女総数,204,20～24歳,001,韓国・朝鮮,00001,全国市部,1980000000,1980年,人
2991,00700,全域,000,男女総数,204,20～24歳,001,韓国・朝鮮,00002,全国郡部,1980000000,1980年,人
456,00700,全域,000,男女総数,204,20～24歳,001,韓国・朝鮮,01000,北海道,1980000000,1980年,人
102,00700,全域,000,男女総数,204,20～24歳,001,韓国・朝鮮,02000,青森県,1980000000,1980年,人
98,00700,全域,000,男女総数,204,20～24歳,001,韓国・朝鮮,03000,岩手県,1980000000,1980年,人
255,00700,全域,000,男女総数,204,20～24歳,001,韓国・朝鮮,04000,宮城県,1980000000,1980年,人
50,00700,全域,000,男女総数,204,20～24歳,001,韓国・朝鮮,05000,秋田県,1980000000,1980年,人
35,00700,全域,000,男女総数,204,20～24歳,001,韓国・朝鮮,06000,山形県,1980000000,1980年,人
90,00700,全域,000,男女総数,204,20～24歳,001,韓国・朝鮮,07000,福島県,1980000000,1980年,人
223,00700,全域,000,男女総数,204,20～24歳,001,韓国・朝鮮,08000,茨城県,1980000000,1980年,人
141,00700,全域,000,男女総数,204,20～24歳,001,韓国・朝鮮,09000,栃木県,1980000000,1980年,人
160,00700,全域,000,男女総数,204,20～24歳,001,韓国・朝鮮,10000,群馬県,1980000000,1980年,人
651,00700,全域,000,男女総数,204,20～24歳,001,韓国・朝鮮,11000,埼玉県,1980000000,1980年,人
657,00700,全域,000,男女総数,204,20～24歳,001,韓国・朝鮮,12000,千葉県,1980000000,1980年,人
5816,00700,全域,000,男女総数,204,20～24歳,001,韓国・朝鮮,13000,東京都,1980000000,1980年,人
2049,00700,全域,000,男女総数,204,20～24歳,001,韓国・朝鮮,14000,神奈川県,1980000000,1980年,人
165,00700,全域,000,男女総数,204,20～24歳,001,韓国・朝鮮,15000,新潟県,1980000000,1980年,人
123,00700,全域,000,男女総数,204,20～24歳,001,韓国・朝鮮,16000,富山県,1980000000,1980年,人
208,00700,全域,000,男女総数,204,20～24歳,001,韓国・朝鮮,17000,石川県,1980000000,1980年,人
318,00700,全域,000,男女総数,204,20～24歳,001,韓国・朝鮮,18000,福井県,1980000000,1980年,人
53,00700,全域,000,男女総数,204,20～24歳,001,韓国・朝鮮,19000,山梨県,1980000000,1980年,人
249,00700,全域,000,男女総数,204,20～24歳,001,韓国・朝鮮,20000,長野県,1980000000,1980年,人
678,00700,全域,000,男女総数,204,20～24歳,001,韓国・朝鮮,21000,岐阜県,1980000000,1980年,人
506,00700,全域,000,男女総数,204,20～24歳,001,韓国・朝鮮,22000,静岡県,1980000000,1980年,人
3790,00700,全域,000,男女総数,204,20～24歳,001,韓国・朝鮮,23000,愛知県,1980000000,1980年,人
532,00700,全域,000,男女総数,204,20～24歳,001,韓国・朝鮮,24000,三重県,1980000000,1980年,人
513,00700,全域,000,男女総数,204,20～24歳,001,韓国・朝鮮,25000,滋賀県,1980000000,1980年,人
3381,00700,全域,000,男女総数,204,20～24歳,001,韓国・朝鮮,26000,京都府,1980000000,1980年,人
13763,00700,全域,000,男女総数,204,20～24歳,001,韓国・朝鮮,27000,大阪府,1980000000,1980年,人
4961,00700,全域,000,男女総数,204,20～24歳,001,韓国・朝鮮,28000,兵庫県,1980000000,1980年,人
414,00700,全域,000,男女総数,204,20～24歳,001,韓国・朝鮮,29000,奈良県,1980000000,1980年,人
254,00700,全域,000,男女総数,204,20～24歳,001,韓国・朝鮮,30000,和歌山県,1980000000,1980年,人
94,00700,全域,000,男女総数,204,20～24歳,001,韓国・朝鮮,31000,鳥取県,1980000000,1980年,人
83,00700,全域,000,男女総数,204,20～24歳,001,韓国・朝鮮,32000,島根県,1980000000,1980年,人
500,00700,全域,000,男女総数,204,20～24歳,001,韓国・朝鮮,33000,岡山県,1980000000,1980年,人
931,00700,全域,000,男女総数,204,20～24歳,001,韓国・朝鮮,34000,広島県,1980000000,1980年,人
1052,00700,全域,000,男女総数,204,20～24歳,001,韓国・朝鮮,35000,山口県,1980000000,1980年,人
37,00700,全域,000,男女総数,204,20～24歳,001,韓国・朝鮮,36000,徳島県,1980000000,1980年,人
39,00700,全域,000,男女総数,204,20～24歳,001,韓国・朝鮮,37000,香川県,1980000000,1980年,人
105,00700,全域,000,男女総数,204,20～24歳,001,韓国・朝鮮,38000,愛媛県,1980000000,1980年,人
43,00700,全域,000,男女総数,204,20～24歳,001,韓国・朝鮮,39000,高知県,1980000000,1980年,人
1848,00700,全域,000,男女総数,204,20～24歳,001,韓国・朝鮮,40000,福岡県,1980000000,1980年,人
97,00700,全域,000,男女総数,204,20～24歳,001,韓国・朝鮮,41000,佐賀県,1980000000,1980年,人
162,00700,全域,000,男女総数,204,20～24歳,001,韓国・朝鮮,42000,長崎県,1980000000,1980年,人
108,00700,全域,000,男女総数,204,20～24歳,001,韓国・朝鮮,43000,熊本県,1980000000,1980年,人
190,00700,全域,000,男女総数,204,20～24歳,001,韓国・朝鮮,44000,大分県,1980000000,1980年,人
44,00700,全域,000,男女総数,204,20～24歳,001,韓国・朝鮮,45000,宮崎県,1980000000,1980年,人
30,00700,全域,000,男女総数,204,20～24歳,001,韓国・朝鮮,46000,鹿児島県,1980000000,1980年,人
15,00700,全域,000,男女総数,204,20～24歳,001,韓国・朝鮮,47000,沖縄県,1980000000,1980年,人
3860,00700,全域,000,男女総数,204,20～24歳,002,中国,00000,全国,1980000000,1980年,人
3603,00700,全域,000,男女総数,204,20～24歳,002,中国,00001,全国市部,1980000000,1980年,人
257,00700,全域,000,男女総数,204,20～24歳,002,中国,00002,全国郡部,1980000000,1980年,人
61,00700,全域,000,男女総数,204,20～24歳,002,中国,01000,北海道,1980000000,1980年,人
13,00700,全域,000,男女総数,204,20～24歳,002,中国,02000,青森県,1980000000,1980年,人
17,00700,全域,000,男女総数,204,20～24歳,002,中国,03000,岩手県,1980000000,1980年,人
42,00700,全域,000,男女総数,204,20～24歳,002,中国,04000,宮城県,1980000000,1980年,人
8,00700,全域,000,男女総数,204,20～24歳,002,中国,05000,秋田県,1980000000,1980年,人
10,00700,全域,000,男女総数,204,20～24歳,002,中国,06000,山形県,1980000000,1980年,人
27,00700,全域,000,男女総数,204,20～24歳,002,中国,07000,福島県,1980000000,1980年,人
24,00700,全域,000,男女総数,204,20～24歳,002,中国,08000,茨城県,1980000000,1980年,人
24,00700,全域,000,男女総数,204,20～24歳,002,中国,09000,栃木県,1980000000,1980年,人
20,00700,全域,000,男女総数,204,20～24歳,002,中国,10000,群馬県,1980000000,1980年,人
93,00700,全域,000,男女総数,204,20～24歳,002,中国,11000,埼玉県,1980000000,1980年,人
124,00700,全域,000,男女総数,204,20～24歳,002,中国,12000,千葉県,1980000000,1980年,人
1266,00700,全域,000,男女総数,204,20～24歳,002,中国,13000,東京都,1980000000,1980年,人
372,00700,全域,000,男女総数,204,20～24歳,002,中国,14000,神奈川県,1980000000,1980年,人
12,00700,全域,000,男女総数,204,20～24歳,002,中国,15000,新潟県,1980000000,1980年,人
11,00700,全域,000,男女総数,204,20～24歳,002,中国,16000,富山県,1980000000,1980年,人
8,00700,全域,000,男女総数,204,20～24歳,002,中国,17000,石川県,1980000000,1980年,人
7,00700,全域,000,男女総数,204,20～24歳,002,中国,18000,福井県,1980000000,1980年,人
19,00700,全域,000,男女総数,204,20～24歳,002,中国,19000,山梨県,1980000000,1980年,人
32,00700,全域,000,男女総数,204,20～24歳,002,中国,20000,長野県,1980000000,1980年,人
16,00700,全域,000,男女総数,204,20～24歳,002,中国,21000,岐阜県,1980000000,1980年,人
35,00700,全域,000,男女総数,204,20～24歳,002,中国,22000,静岡県,1980000000,1980年,人
106,00700,全域,000,男女総数,204,20～24歳,002,中国,23000,愛知県,1980000000,1980年,人
17,00700,全域,000,男女総数,204,20～24歳,002,中国,24000,三重県,1980000000,1980年,人
9,00700,全域,000,男女総数,204,20～24歳,002,中国,25000,滋賀県,1980000000,1980年,人
75,00700,全域,000,男女総数,204,20～24歳,002,中国,26000,京都府,1980000000,1980年,人
492,00700,全域,000,男女総数,204,20～24歳,002,中国,27000,大阪府,1980000000,1980年,人
495,00700,全域,000,男女総数,204,20～24歳,002,中国,28000,兵庫県,1980000000,1980年,人
31,00700,全域,000,男女総数,204,20～24歳,002,中国,29000,奈良県,1980000000,1980年,人
26,00700,全域,000,男女総数,204,20～24歳,002,中国,30000,和歌山県,1980000000,1980年,人
7,00700,全域,000,男女総数,204,20～24歳,002,中国,31000,鳥取県,1980000000,1980年,人
5,00700,全域,000,男女総数,204,20～24歳,002,中国,32000,島根県,1980000000,1980年,人
27,00700,全域,000,男女総数,204,20～24歳,002,中国,33000,岡山県,1980000000,1980年,人
21,00700,全域,000,男女総数,204,20～24歳,002,中国,34000,広島県,1980000000,1980年,人
15,00700,全域,000,男女総数,204,20～24歳,002,中国,35000,山口県,1980000000,1980年,人
8,00700,全域,000,男女総数,204,20～24歳,002,中国,36000,徳島県,1980000000,1980年,人
9,00700,全域,000,男女総数,204,20～24歳,002,中国,37000,香川県,1980000000,1980年,人
4,00700,全域,000,男女総数,204,20～24歳,002,中国,38000,愛媛県,1980000000,1980年,人
7,00700,全域,000,男女総数,204,20～24歳,002,中国,39000,高知県,1980000000,1980年,人
96,00700,全域,000,男女総数,204,20～24歳,002,中国,40000,福岡県,1980000000,1980年,人
9,00700,全域,000,男女総数,204,20～24歳,002,中国,41000,佐賀県,1980000000,1980年,人
26,00700,全域,000,男女総数,204,20～24歳,002,中国,42000,長崎県,1980000000,1980年,人
24,00700,全域,000,男女総数,204,20～24歳,002,中国,43000,熊本県,1980000000,1980年,人
24,00700,全域,000,男女総数,204,20～24歳,002,中国,44000,大分県,1980000000,1980年,人
7,00700,全域,000,男女総数,204,20～24歳,002,中国,45000,宮崎県,1980000000,1980年,人
37,00700,全域,000,男女総数,204,20～24歳,002,中国,46000,鹿児島県,1980000000,1980年,人
42,00700,全域,000,男女総数,204,20～24歳,002,中国,47000,沖縄県,1980000000,1980年,人
2208,00700,全域,000,男女総数,204,20～24歳,003,アメリカ,00000,全国,1980000000,1980年,人
2105,00700,全域,000,男女総数,204,20～24歳,003,アメリカ,00001,全国市部,1980000000,1980年,人
103,00700,全域,000,男女総数,204,20～24歳,003,アメリカ,00002,全国郡部,1980000000,1980年,人
70,00700,全域,000,男女総数,204,20～24歳,003,アメリカ,01000,北海道,1980000000,1980年,人
10,00700,全域,000,男女総数,204,20～24歳,003,アメリカ,02000,青森県,1980000000,1980年,人
21,00700,全域,000,男女総数,204,20～24歳,003,アメリカ,03000,岩手県,1980000000,1980年,人
43,00700,全域,000,男女総数,204,20～24歳,003,アメリカ,04000,宮城県,1980000000,1980年,人
7,00700,全域,000,男女総数,204,20～24歳,003,アメリカ,05000,秋田県,1980000000,1980年,人
13,00700,全域,000,男女総数,204,20～24歳,003,アメリカ,06000,山形県,1980000000,1980年,人
17,00700,全域,000,男女総数,204,20～24歳,003,アメリカ,07000,福島県,1980000000,1980年,人
21,00700,全域,000,男女総数,204,20～24歳,003,アメリカ,08000,茨城県,1980000000,1980年,人
20,00700,全域,000,男女総数,204,20～24歳,003,アメリカ,09000,栃木県,1980000000,1980年,人
21,00700,全域,000,男女総数,204,20～24歳,003,アメリカ,10000,群馬県,1980000000,1980年,人
42,00700,全域,000,男女総数,204,20～24歳,003,アメリカ,11000,埼玉県,1980000000,1980年,人
43,00700,全域,000,男女総数,204,20～24歳,003,アメリカ,12000,千葉県,1980000000,1980年,人
648,00700,全域,000,男女総数,204,20～24歳,003,アメリカ,13000,東京都,1980000000,1980年,人
242,00700,全域,000,男女総数,204,20～24歳,003,アメリカ,14000,神奈川県,1980000000,1980年,人
23,00700,全域,000,男女総数,204,20～24歳,003,アメリカ,15000,新潟県,1980000000,1980年,人
11,00700,全域,000,男女総数,204,20～24歳,003,アメリカ,16000,富山県,1980000000,1980年,人
5,00700,全域,000,男女総数,204,20～24歳,003,アメリカ,17000,石川県,1980000000,1980年,人
9,00700,全域,000,男女総数,204,20～24歳,003,アメリカ,18000,福井県,1980000000,1980年,人
3,00700,全域,000,男女総数,204,20～24歳,003,アメリカ,19000,山梨県,1980000000,1980年,人
14,00700,全域,000,男女総数,204,20～24歳,003,アメリカ,20000,長野県,1980000000,1980年,人
11,00700,全域,000,男女総数,204,20～24歳,003,アメリカ,21000,岐阜県,1980000000,1980年,人
38,00700,全域,000,男女総数,204,20～24歳,003,アメリカ,22000,静岡県,1980000000,1980年,人
91,00700,全域,000,男女総数,204,20～24歳,003,アメリカ,23000,愛知県,1980000000,1980年,人
20,00700,全域,000,男女総数,204,20～24歳,003,アメリカ,24000,三重県,1980000000,1980年,人
7,00700,全域,000,男女総数,204,20～24歳,003,アメリカ,25000,滋賀県,1980000000,1980年,人
104,00700,全域,000,男女総数,204,20～24歳,003,アメリカ,26000,京都府,1980000000,1980年,人
112,00700,全域,000,男女総数,204,20～24歳,003,アメリカ,27000,大阪府,1980000000,1980年,人
89,00700,全域,000,男女総数,204,20～24歳,003,アメリカ,28000,兵庫県,1980000000,1980年,人
20,00700,全域,000,男女総数,204,20～24歳,003,アメリカ,29000,奈良県,1980000000,1980年,人
25,00700,全域,000,男女総数,204,20～24歳,003,アメリカ,30000,和歌山県,1980000000,1980年,人
9,00700,全域,000,男女総数,204,20～24歳,003,アメリカ,31000,鳥取県,1980000000,1980年,人
2,00700,全域,000,男女総数,204,20～24歳,003,アメリカ,32000,島根県,1980000000,1980年,人
24,00700,全域,000,男女総数,204,20～24歳,003,アメリカ,33000,岡山県,1980000000,1980年,人
39,00700,全域,000,男女総数,204,20～24歳,003,アメリカ,34000,広島県,1980000000,1980年,人
42,00700,全域,000,男女総数,204,20～24歳,003,アメリカ,35000,山口県,1980000000,1980年,人
6,00700,全域,000,男女総数,204,20～24歳,003,アメリカ,36000,徳島県,1980000000,1980年,人
6,00700,全域,000,男女総数,204,20～24歳,003,アメリカ,37000,香川県,1980000000,1980年,人
17,00700,全域,000,男女総数,204,20～24歳,003,アメリカ,38000,愛媛県,1980000000,1980年,人
8,00700,全域,000,男女総数,204,20～24歳,003,アメリカ,39000,高知県,1980000000,1980年,人
70,00700,全域,000,男女総数,204,20～24歳,003,アメリカ,40000,福岡県,1980000000,1980年,人
9,00700,全域,000,男女総数,204,20～24歳,003,アメリカ,41000,佐賀県,1980000000,1980年,人
17,00700,全域,000,男女総数,204,20～24歳,003,アメリカ,42000,長崎県,1980000000,1980年,人
16,00700,全域,000,男女総数,204,20～24歳,003,アメリカ,43000,熊本県,1980000000,1980年,人
4,00700,全域,000,男女総数,204,20～24歳,003,アメリカ,44000,大分県,1980000000,1980年,人
15,00700,全域,000,男女総数,204,20～24歳,003,アメリカ,45000,宮崎県,1980000000,1980年,人
30,00700,全域,000,男女総数,204,20～24歳,003,アメリカ,46000,鹿児島県,1980000000,1980年,人
94,00700,全域,000,男女総数,204,20～24歳,003,アメリカ,47000,沖縄県,1980000000,1980年,人
3543,00700,全域,000,男女総数,204,20～24歳,004,その他,00000,全国,1980000000,1980年,人
2991,00700,全域,000,男女総数,204,20～24歳,004,その他,00001,全国市部,1980000000,1980年,人
552,00700,全域,000,男女総数,204,20～24歳,004,その他,00002,全国郡部,1980000000,1980年,人
49,00700,全域,000,男女総数,204,20～24歳,004,その他,01000,北海道,1980000000,1980年,人
6,00700,全域,000,男女総数,204,20～24歳,004,その他,02000,青森県,1980000000,1980年,人
20,00700,全域,000,男女総数,204,20～24歳,004,その他,03000,岩手県,1980000000,1980年,人
43,00700,全域,000,男女総数,204,20～24歳,004,その他,04000,宮城県,1980000000,1980年,人
24,00700,全域,000,男女総数,204,20～24歳,004,その他,05000,秋田県,1980000000,1980年,人
9,00700,全域,000,男女総数,204,20～24歳,004,その他,06000,山形県,1980000000,1980年,人
26,00700,全域,000,男女総数,204,20～24歳,004,その他,07000,福島県,1980000000,1980年,人
44,00700,全域,000,男女総数,204,20～24歳,004,その他,08000,茨城県,1980000000,1980年,人
36,00700,全域,000,男女総数,204,20～24歳,004,その他,09000,栃木県,1980000000,1980年,人
83,00700,全域,000,男女総数,204,20～24歳,004,その他,10000,群馬県,1980000000,1980年,人
105,00700,全域,000,男女総数,204,20～24歳,004,その他,11000,埼玉県,1980000000,1980年,人
125,00700,全域,000,男女総数,204,20～24歳,004,その他,12000,千葉県,1980000000,1980年,人
1033,00700,全域,000,男女総数,204,20～24歳,004,その他,13000,東京都,1980000000,1980年,人
281,00700,全域,000,男女総数,204,20～24歳,004,その他,14000,神奈川県,1980000000,1980年,人
32,00700,全域,000,男女総数,204,20～24歳,004,その他,15000,新潟県,1980000000,1980年,人
21,00700,全域,000,男女総数,204,20～24歳,004,その他,16000,富山県,1980000000,1980年,人
15,00700,全域,000,男女総数,204,20～24歳,004,その他,17000,石川県,1980000000,1980年,人
7,00700,全域,000,男女総数,204,20～24歳,004,その他,18000,福井県,1980000000,1980年,人
6,00700,全域,000,男女総数,204,20～24歳,004,その他,19000,山梨県,1980000000,1980年,人
68,00700,全域,000,男女総数,204,20～24歳,004,その他,20000,長野県,1980000000,1980年,人
19,00700,全域,000,男女総数,204,20～24歳,004,その他,21000,岐阜県,1980000000,1980年,人
126,00700,全域,000,男女総数,204,20～24歳,004,その他,22000,静岡県,1980000000,1980年,人
129,00700,全域,000,男女総数,204,20～24歳,004,その他,23000,愛知県,1980000000,1980年,人
16,00700,全域,000,男女総数,204,20～24歳,004,その他,24000,三重県,1980000000,1980年,人
28,00700,全域,000,男女総数,204,20～24歳,004,その他,25000,滋賀県,1980000000,1980年,人
95,00700,全域,000,男女総数,204,20～24歳,004,その他,26000,京都府,1980000000,1980年,人
183,00700,全域,000,男女総数,204,20～24歳,004,その他,27000,大阪府,1980000000,1980年,人
205,00700,全域,000,男女総数,204,20～24歳,004,その他,28000,兵庫県,1980000000,1980年,人
70,00700,全域,000,男女総数,204,20～24歳,004,その他,29000,奈良県,1980000000,1980年,人
22,00700,全域,000,男女総数,204,20～24歳,004,その他,30000,和歌山県,1980000000,1980年,人
18,00700,全域,000,男女総数,204,20～24歳,004,その他,31000,鳥取県,1980000000,1980年,人
3,00700,全域,000,男女総数,204,20～24歳,004,その他,32000,島根県,1980000000,1980年,人
11,00700,全域,000,男女総数,204,20～24歳,004,その他,33000,岡山県,1980000000,1980年,人
82,00700,全域,000,男女総数,204,20～24歳,004,その他,34000,広島県,1980000000,1980年,人
39,00700,全域,000,男女総数,204,20～24歳,004,その他,35000,山口県,1980000000,1980年,人
10,00700,全域,000,男女総数,204,20～24歳,004,その他,36000,徳島県,1980000000,1980年,人
9,00700,全域,000,男女総数,204,20～24歳,004,その他,37000,香川県,1980000000,1980年,人
14,00700,全域,000,男女総数,204,20～24歳,004,その他,38000,愛媛県,1980000000,1980年,人
7,00700,全域,000,男女総数,204,20～24歳,004,その他,39000,高知県,1980000000,1980年,人
77,00700,全域,000,男女総数,204,20～24歳,004,その他,40000,福岡県,1980000000,1980年,人
6,00700,全域,000,男女総数,204,20～24歳,004,その他,41000,佐賀県,1980000000,1980年,人
36,00700,全域,000,男女総数,204,20～24歳,004,その他,42000,長崎県,1980000000,1980年,人
40,00700,全域,000,男女総数,204,20～24歳,004,その他,43000,熊本県,1980000000,1980年,人
27,00700,全域,000,男女総数,204,20～24歳,004,その他,44000,大分県,1980000000,1980年,人
30,00700,全域,000,男女総数,204,20～24歳,004,その他,45000,宮崎県,1980000000,1980年,人
27,00700,全域,000,男女総数,204,20～24歳,004,その他,46000,鹿児島県,1980000000,1980年,人
181,00700,全域,000,男女総数,204,20～24歳,004,その他,47000,沖縄県,1980000000,1980年,人
64398,00700,全域,000,男女総数,205,25～29歳,000,国籍総数,00000,全国,1980000000,1980年,人
59566,00700,全域,000,男女総数,205,25～29歳,000,国籍総数,00001,全国市部,1980000000,1980年,人
4832,00700,全域,000,男女総数,205,25～29歳,000,国籍総数,00002,全国郡部,1980000000,1980年,人
726,00700,全域,000,男女総数,205,25～29歳,000,国籍総数,01000,北海道,1980000000,1980年,人
175,00700,全域,000,男女総数,205,25～29歳,000,国籍総数,02000,青森県,1980000000,1980年,人
170,00700,全域,000,男女総数,205,25～29歳,000,国籍総数,03000,岩手県,1980000000,1980年,人
437,00700,全域,000,男女総数,205,25～29歳,000,国籍総数,04000,宮城県,1980000000,1980年,人
111,00700,全域,000,男女総数,205,25～29歳,000,国籍総数,05000,秋田県,1980000000,1980年,人
82,00700,全域,000,男女総数,205,25～29歳,000,国籍総数,06000,山形県,1980000000,1980年,人
241,00700,全域,000,男女総数,205,25～29歳,000,国籍総数,07000,福島県,1980000000,1980年,人
502,00700,全域,000,男女総数,205,25～29歳,000,国籍総数,08000,茨城県,1980000000,1980年,人
274,00700,全域,000,男女総数,205,25～29歳,000,国籍総数,09000,栃木県,1980000000,1980年,人
339,00700,全域,000,男女総数,205,25～29歳,000,国籍総数,10000,群馬県,1980000000,1980年,人
1234,00700,全域,000,男女総数,205,25～29歳,000,国籍総数,11000,埼玉県,1980000000,1980年,人
1335,00700,全域,000,男女総数,205,25～29歳,000,国籍総数,12000,千葉県,1980000000,1980年,人
10369,00700,全域,000,男女総数,205,25～29歳,000,国籍総数,13000,東京都,1980000000,1980年,人
3364,00700,全域,000,男女総数,205,25～29歳,000,国籍総数,14000,神奈川県,1980000000,1980年,人
278,00700,全域,000,男女総数,205,25～29歳,000,国籍総数,15000,新潟県,1980000000,1980年,人
185,00700,全域,000,男女総数,205,25～29歳,000,国籍総数,16000,富山県,1980000000,1980年,人
306,00700,全域,000,男女総数,205,25～29歳,000,国籍総数,17000,石川県,1980000000,1980年,人
396,00700,全域,000,男女総数,205,25～29歳,000,国籍総数,18000,福井県,1980000000,1980年,人
137,00700,全域,000,男女総数,205,25～29歳,000,国籍総数,19000,山梨県,1980000000,1980年,人
462,00700,全域,000,男女総数,205,25～29歳,000,国籍総数,20000,長野県,1980000000,1980年,人
825,00700,全域,000,男女総数,205,25～29歳,000,国籍総数,21000,岐阜県,1980000000,1980年,人
774,00700,全域,000,男女総数,205,25～29歳,000,国籍総数,22000,静岡県,1980000000,1980年,人
4629,00700,全域,000,男女総数,205,25～29歳,000,国籍総数,23000,愛知県,1980000000,1980年,人
680,00700,全域,000,男女総数,205,25～29歳,000,国籍総数,24000,三重県,1980000000,1980年,人
601,00700,全域,000,男女総数,205,25～29歳,000,国籍総数,25000,滋賀県,1980000000,1980年,人
4040,00700,全域,000,男女総数,205,25～29歳,000,国籍総数,26000,京都府,1980000000,1980年,人
15593,00700,全域,000,男女総数,205,25～29歳,000,国籍総数,27000,大阪府,1980000000,1980年,人
6761,00700,全域,000,男女総数,205,25～29歳,000,国籍総数,28000,兵庫県,1980000000,1980年,人
566,00700,全域,000,男女総数,205,25～29歳,000,国籍総数,29000,奈良県,1980000000,1980年,人
396,00700,全域,000,男女総数,205,25～29歳,000,国籍総数,30000,和歌山県,1980000000,1980年,人
154,00700,全域,000,男女総数,205,25～29歳,000,国籍総数,31000,鳥取県,1980000000,1980年,人
145,00700,全域,000,男女総数,205,25～29歳,000,国籍総数,32000,島根県,1980000000,1980年,人
709,00700,全域,000,男女総数,205,25～29歳,000,国籍総数,33000,岡山県,1980000000,1980年,人
1456,00700,全域,000,男女総数,205,25～29歳,000,国籍総数,34000,広島県,1980000000,1980年,人
1323,00700,全域,000,男女総数,205,25～29歳,000,国籍総数,35000,山口県,1980000000,1980年,人
67,00700,全域,000,男女総数,205,25～29歳,000,国籍総数,36000,徳島県,1980000000,1980年,人
135,00700,全域,000,男女総数,205,25～29歳,000,国籍総数,37000,香川県,1980000000,1980年,人
250,00700,全域,000,男女総数,205,25～29歳,000,国籍総数,38000,愛媛県,1980000000,1980年,人
90,00700,全域,000,男女総数,205,25～29歳,000,国籍総数,39000,高知県,1980000000,1980年,人
2537,00700,全域,000,男女総数,205,25～29歳,000,国籍総数,40000,福岡県,1980000000,1980年,人
136,00700,全域,000,男女総数,205,25～29歳,000,国籍総数,41000,佐賀県,1980000000,1980年,人
287,00700,全域,000,男女総数,205,25～29歳,000,国籍総数,42000,長崎県,1980000000,1980年,人
201,00700,全域,000,男女総数,205,25～29歳,000,国籍総数,43000,熊本県,1980000000,1980年,人
317,00700,全域,000,男女総数,205,25～29歳,000,国籍総数,44000,大分県,1980000000,1980年,人
101,00700,全域,000,男女総数,205,25～29歳,000,国籍総数,45000,宮崎県,1980000000,1980年,人
130,00700,全域,000,男女総数,205,25～29歳,000,国籍総数,46000,鹿児島県,1980000000,1980年,人
372,00700,全域,000,男女総数,205,25～29歳,000,国籍総数,47000,沖縄県,1980000000,1980年,人
49894,00700,全域,000,男女総数,205,25～29歳,001,韓国・朝鮮,00000,全国,1980000000,1980年,人
46273,00700,全域,000,男女総数,205,25～29歳,001,韓国・朝鮮,00001,全国市部,1980000000,1980年,人
3621,00700,全域,000,男女総数,205,25～29歳,001,韓国・朝鮮,00002,全国郡部,1980000000,1980年,人
495,00700,全域,000,男女総数,205,25～29歳,001,韓国・朝鮮,01000,北海道,1980000000,1980年,人
139,00700,全域,000,男女総数,205,25～29歳,001,韓国・朝鮮,02000,青森県,1980000000,1980年,人
113,00700,全域,000,男女総数,205,25～29歳,001,韓国・朝鮮,03000,岩手県,1980000000,1980年,人
296,00700,全域,000,男女総数,205,25～29歳,001,韓国・朝鮮,04000,宮城県,1980000000,1980年,人
78,00700,全域,000,男女総数,205,25～29歳,001,韓国・朝鮮,05000,秋田県,1980000000,1980年,人
54,00700,全域,000,男女総数,205,25～29歳,001,韓国・朝鮮,06000,山形県,1980000000,1980年,人
154,00700,全域,000,男女総数,205,25～29歳,001,韓国・朝鮮,07000,福島県,1980000000,1980年,人
294,00700,全域,000,男女総数,205,25～29歳,001,韓国・朝鮮,08000,茨城県,1980000000,1980年,人
183,00700,全域,000,男女総数,205,25～29歳,001,韓国・朝鮮,09000,栃木県,1980000000,1980年,人
217,00700,全域,000,男女総数,205,25～29歳,001,韓国・朝鮮,10000,群馬県,1980000000,1980年,人
851,00700,全域,000,男女総数,205,25～29歳,001,韓国・朝鮮,11000,埼玉県,1980000000,1980年,人
831,00700,全域,000,男女総数,205,25～29歳,001,韓国・朝鮮,12000,千葉県,1980000000,1980年,人
5426,00700,全域,000,男女総数,205,25～29歳,001,韓国・朝鮮,13000,東京都,1980000000,1980年,人
2135,00700,全域,000,男女総数,205,25～29歳,001,韓国・朝鮮,14000,神奈川県,1980000000,1980年,人
203,00700,全域,000,男女総数,205,25～29歳,001,韓国・朝鮮,15000,新潟県,1980000000,1980年,人
169,00700,全域,000,男女総数,205,25～29歳,001,韓国・朝鮮,16000,富山県,1980000000,1980年,人
255,00700,全域,000,男女総数,205,25～29歳,001,韓国・朝鮮,17000,石川県,1980000000,1980年,人
370,00700,全域,000,男女総数,205,25～29歳,001,韓国・朝鮮,18000,福井県,1980000000,1980年,人
99,00700,全域,000,男女総数,205,25～29歳,001,韓国・朝鮮,19000,山梨県,1980000000,1980年,人
338,00700,全域,000,男女総数,205,25～29歳,001,韓国・朝鮮,20000,長野県,1980000000,1980年,人
747,00700,全域,000,男女総数,205,25～29歳,001,韓国・朝鮮,21000,岐阜県,1980000000,1980年,人
564,00700,全域,000,男女総数,205,25～29歳,001,韓国・朝鮮,22000,静岡県,1980000000,1980年,人
4082,00700,全域,000,男女総数,205,25～29歳,001,韓国・朝鮮,23000,愛知県,1980000000,1980年,人
620,00700,全域,000,男女総数,205,25～29歳,001,韓国・朝鮮,24000,三重県,1980000000,1980年,人
544,00700,全域,000,男女総数,205,25～29歳,001,韓国・朝鮮,25000,滋賀県,1980000000,1980年,人
3625,00700,全域,000,男女総数,205,25～29歳,001,韓国・朝鮮,26000,京都府,1980000000,1980年,人
14133,00700,全域,000,男女総数,205,25～29歳,001,韓国・朝鮮,27000,大阪府,1980000000,1980年,人
5543,00700,全域,000,男女総数,205,25～29歳,001,韓国・朝鮮,28000,兵庫県,1980000000,1980年,人
444,00700,全域,000,男女総数,205,25～29歳,001,韓国・朝鮮,29000,奈良県,1980000000,1980年,人
334,00700,全域,000,男女総数,205,25～29歳,001,韓国・朝鮮,30000,和歌山県,1980000000,1980年,人
133,00700,全域,000,男女総数,205,25～29歳,001,韓国・朝鮮,31000,鳥取県,1980000000,1980年,人
119,00700,全域,000,男女総数,205,25～29歳,001,韓国・朝鮮,32000,島根県,1980000000,1980年,人
618,00700,全域,000,男女総数,205,25～29歳,001,韓国・朝鮮,33000,岡山県,1980000000,1980年,人
1233,00700,全域,000,男女総数,205,25～29歳,001,韓国・朝鮮,34000,広島県,1980000000,1980年,人
1232,00700,全域,000,男女総数,205,25～29歳,001,韓国・朝鮮,35000,山口県,1980000000,1980年,人
24,00700,全域,000,男女総数,205,25～29歳,001,韓国・朝鮮,36000,徳島県,1980000000,1980年,人
76,00700,全域,000,男女総数,205,25～29歳,001,韓国・朝鮮,37000,香川県,1980000000,1980年,人
139,00700,全域,000,男女総数,205,25～29歳,001,韓国・朝鮮,38000,愛媛県,1980000000,1980年,人
63,00700,全域,000,男女総数,205,25～29歳,001,韓国・朝鮮,39000,高知県,1980000000,1980年,人
2184,00700,全域,000,男女総数,205,25～29歳,001,韓国・朝鮮,40000,福岡県,1980000000,1980年,人
114,00700,全域,000,男女総数,205,25～29歳,001,韓国・朝鮮,41000,佐賀県,1980000000,1980年,人
168,00700,全域,000,男女総数,205,25～29歳,001,韓国・朝鮮,42000,長崎県,1980000000,1980年,人
108,00700,全域,000,男女総数,205,25～29歳,001,韓国・朝鮮,43000,熊本県,1980000000,1980年,人
237,00700,全域,000,男女総数,205,25～29歳,001,韓国・朝鮮,44000,大分県,1980000000,1980年,人
68,00700,全域,000,男女総数,205,25～29歳,001,韓国・朝鮮,45000,宮崎県,1980000000,1980年,人
29,00700,全域,000,男女総数,205,25～29歳,001,韓国・朝鮮,46000,鹿児島県,1980000000,1980年,人
13,00700,全域,000,男女総数,205,25～29歳,001,韓国・朝鮮,47000,沖縄県,1980000000,1980年,人
5557,00700,全域,000,男女総数,205,25～29歳,002,中国,00000,全国,1980000000,1980年,人
5229,00700,全域,000,男女総数,205,25～29歳,002,中国,00001,全国市部,1980000000,1980年,人
328,00700,全域,000,男女総数,205,25～29歳,002,中国,00002,全国郡部,1980000000,1980年,人
73,00700,全域,000,男女総数,205,25～29歳,002,中国,01000,北海道,1980000000,1980年,人
12,00700,全域,000,男女総数,205,25～29歳,002,中国,02000,青森県,1980000000,1980年,人
26,00700,全域,000,男女総数,205,25～29歳,002,中国,03000,岩手県,1980000000,1980年,人
58,00700,全域,000,男女総数,205,25～29歳,002,中国,04000,宮城県,1980000000,1980年,人
5,00700,全域,000,男女総数,205,25～29歳,002,中国,05000,秋田県,1980000000,1980年,人
11,00700,全域,000,男女総数,205,25～29歳,002,中国,06000,山形県,1980000000,1980年,人
36,00700,全域,000,男女総数,205,25～29歳,002,中国,07000,福島県,1980000000,1980年,人
55,00700,全域,000,男女総数,205,25～29歳,002,中国,08000,茨城県,1980000000,1980年,人
28,00700,全域,000,男女総数,205,25～29歳,002,中国,09000,栃木県,1980000000,1980年,人
36,00700,全域,000,男女総数,205,25～29歳,002,中国,10000,群馬県,1980000000,1980年,人
157,00700,全域,000,男女総数,205,25～29歳,002,中国,11000,埼玉県,1980000000,1980年,人
171,00700,全域,000,男女総数,205,25～29歳,002,中国,12000,千葉県,1980000000,1980年,人
1899,00700,全域,000,男女総数,205,25～29歳,002,中国,13000,東京都,1980000000,1980年,人
492,00700,全域,000,男女総数,205,25～29歳,002,中国,14000,神奈川県,1980000000,1980年,人
26,00700,全域,000,男女総数,205,25～29歳,002,中国,15000,新潟県,1980000000,1980年,人
2,00700,全域,000,男女総数,205,25～29歳,002,中国,16000,富山県,1980000000,1980年,人
17,00700,全域,000,男女総数,205,25～29歳,002,中国,17000,石川県,1980000000,1980年,人
7,00700,全域,000,男女総数,205,25～29歳,002,中国,18000,福井県,1980000000,1980年,人
13,00700,全域,000,男女総数,205,25～29歳,002,中国,19000,山梨県,1980000000,1980年,人
33,00700,全域,000,男女総数,205,25～29歳,002,中国,20000,長野県,1980000000,1980年,人
30,00700,全域,000,男女総数,205,25～29歳,002,中国,21000,岐阜県,1980000000,1980年,人
56,00700,全域,000,男女総数,205,25～29歳,002,中国,22000,静岡県,1980000000,1980年,人
150,00700,全域,000,男女総数,205,25～29歳,002,中国,23000,愛知県,1980000000,1980年,人
14,00700,全域,000,男女総数,205,25～29歳,002,中国,24000,三重県,1980000000,1980年,人
17,00700,全域,000,男女総数,205,25～29歳,002,中国,25000,滋賀県,1980000000,1980年,人
101,00700,全域,000,男女総数,205,25～29歳,002,中国,26000,京都府,1980000000,1980年,人
730,00700,全域,000,男女総数,205,25～29歳,002,中国,27000,大阪府,1980000000,1980年,人
674,00700,全域,000,男女総数,205,25～29歳,002,中国,28000,兵庫県,1980000000,1980年,人
41,00700,全域,000,男女総数,205,25～29歳,002,中国,29000,奈良県,1980000000,1980年,人
31,00700,全域,000,男女総数,205,25～29歳,002,中国,30000,和歌山県,1980000000,1980年,人
7,00700,全域,000,男女総数,205,25～29歳,002,中国,31000,鳥取県,1980000000,1980年,人
9,00700,全域,000,男女総数,205,25～29歳,002,中国,32000,島根県,1980000000,1980年,人
31,00700,全域,000,男女総数,205,25～29歳,002,中国,33000,岡山県,1980000000,1980年,人
66,00700,全域,000,男女総数,205,25～29歳,002,中国,34000,広島県,1980000000,1980年,人
15,00700,全域,000,男女総数,205,25～29歳,002,中国,35000,山口県,1980000000,1980年,人
14,00700,全域,000,男女総数,205,25～29歳,002,中国,36000,徳島県,1980000000,1980年,人
14,00700,全域,000,男女総数,205,25～29歳,002,中国,37000,香川県,1980000000,1980年,人
11,00700,全域,000,男女総数,205,25～29歳,002,中国,38000,愛媛県,1980000000,1980年,人
7,00700,全域,000,男女総数,205,25～29歳,002,中国,39000,高知県,1980000000,1980年,人
131,00700,全域,000,男女総数,205,25～29歳,002,中国,40000,福岡県,1980000000,1980年,人
8,00700,全域,000,男女総数,205,25～29歳,002,中国,41000,佐賀県,1980000000,1980年,人
62,00700,全域,000,男女総数,205,25～29歳,002,中国,42000,長崎県,1980000000,1980年,人
36,00700,全域,000,男女総数,205,25～29歳,002,中国,43000,熊本県,1980000000,1980年,人
34,00700,全域,000,男女総数,205,25～29歳,002,中国,44000,大分県,1980000000,1980年,人
9,00700,全域,000,男女総数,205,25～29歳,002,中国,45000,宮崎県,1980000000,1980年,人
43,00700,全域,000,男女総数,205,25～29歳,002,中国,46000,鹿児島県,1980000000,1980年,人
59,00700,全域,000,男女総数,205,25～29歳,002,中国,47000,沖縄県,1980000000,1980年,人
1979,00700,全域,000,男女総数,205,25～29歳,003,アメリカ,00000,全国,1980000000,1980年,人
1848,00700,全域,000,男女総数,205,25～29歳,003,アメリカ,00001,全国市部,1980000000,1980年,人
131,00700,全域,000,男女総数,205,25～29歳,003,アメリカ,00002,全国郡部,1980000000,1980年,人
42,00700,全域,000,男女総数,205,25～29歳,003,アメリカ,01000,北海道,1980000000,1980年,人
5,00700,全域,000,男女総数,205,25～29歳,003,アメリカ,02000,青森県,1980000000,1980年,人
8,00700,全域,000,男女総数,205,25～29歳,003,アメリカ,03000,岩手県,1980000000,1980年,人
20,00700,全域,000,男女総数,205,25～29歳,003,アメリカ,04000,宮城県,1980000000,1980年,人
3,00700,全域,000,男女総数,205,25～29歳,003,アメリカ,05000,秋田県,1980000000,1980年,人
1,00700,全域,000,男女総数,205,25～29歳,003,アメリカ,06000,山形県,1980000000,1980年,人
8,00700,全域,000,男女総数,205,25～29歳,003,アメリカ,07000,福島県,1980000000,1980年,人
13,00700,全域,000,男女総数,205,25～29歳,003,アメリカ,08000,茨城県,1980000000,1980年,人
16,00700,全域,000,男女総数,205,25～29歳,003,アメリカ,09000,栃木県,1980000000,1980年,人
9,00700,全域,000,男女総数,205,25～29歳,003,アメリカ,10000,群馬県,1980000000,1980年,人
45,00700,全域,000,男女総数,205,25～29歳,003,アメリカ,11000,埼玉県,1980000000,1980年,人
59,00700,全域,000,男女総数,205,25～29歳,003,アメリカ,12000,千葉県,1980000000,1980年,人
753,00700,全域,000,男女総数,205,25～29歳,003,アメリカ,13000,東京都,1980000000,1980年,人
203,00700,全域,000,男女総数,205,25～29歳,003,アメリカ,14000,神奈川県,1980000000,1980年,人
7,00700,全域,000,男女総数,205,25～29歳,003,アメリカ,15000,新潟県,1980000000,1980年,人
10,00700,全域,000,男女総数,205,25～29歳,003,アメリカ,17000,石川県,1980000000,1980年,人
3,00700,全域,000,男女総数,205,25～29歳,003,アメリカ,18000,福井県,1980000000,1980年,人
6,00700,全域,000,男女総数,205,25～29歳,003,アメリカ,19000,山梨県,1980000000,1980年,人
19,00700,全域,000,男女総数,205,25～29歳,003,アメリカ,20000,長野県,1980000000,1980年,人
9,00700,全域,000,男女総数,205,25～29歳,003,アメリカ,21000,岐阜県,1980000000,1980年,人
29,00700,全域,000,男女総数,205,25～29歳,003,アメリカ,22000,静岡県,1980000000,1980年,人
92,00700,全域,000,男女総数,205,25～29歳,003,アメリカ,23000,愛知県,1980000000,1980年,人
7,00700,全域,000,男女総数,205,25～29歳,003,アメリカ,24000,三重県,1980000000,1980年,人
6,00700,全域,000,男女総数,205,25～29歳,003,アメリカ,25000,滋賀県,1980000000,1980年,人
77,00700,全域,000,男女総数,205,25～29歳,003,アメリカ,26000,京都府,1980000000,1980年,人
107,00700,全域,000,男女総数,205,25～29歳,003,アメリカ,27000,大阪府,1980000000,1980年,人
95,00700,全域,000,男女総数,205,25～29歳,003,アメリカ,28000,兵庫県,1980000000,1980年,人
18,00700,全域,000,男女総数,205,25～29歳,003,アメリカ,29000,奈良県,1980000000,1980年,人
13,00700,全域,000,男女総数,205,25～29歳,003,アメリカ,30000,和歌山県,1980000000,1980年,人
2,00700,全域,000,男女総数,205,25～29歳,003,アメリカ,31000,鳥取県,1980000000,1980年,人
1,00700,全域,000,男女総数,205,25～29歳,003,アメリカ,32000,島根県,1980000000,1980年,人
6,00700,全域,000,男女総数,205,25～29歳,003,アメリカ,33000,岡山県,1980000000,1980年,人
31,00700,全域,000,男女総数,205,25～29歳,003,アメリカ,34000,広島県,1980000000,1980年,人
19,00700,全域,000,男女総数,205,25～29歳,003,アメリカ,35000,山口県,1980000000,1980年,人
2,00700,全域,000,男女総数,205,25～29歳,003,アメリカ,36000,徳島県,1980000000,1980年,人
9,00700,全域,000,男女総数,205,25～29歳,003,アメリカ,37000,香川県,1980000000,1980年,人
10,00700,全域,000,男女総数,205,25～29歳,003,アメリカ,38000,愛媛県,1980000000,1980年,人
3,00700,全域,000,男女総数,205,25～29歳,003,アメリカ,39000,高知県,1980000000,1980年,人
47,00700,全域,000,男女総数,205,25～29歳,003,アメリカ,40000,福岡県,1980000000,1980年,人
2,00700,全域,000,男女総数,205,25～29歳,003,アメリカ,41000,佐賀県,1980000000,1980年,人
12,00700,全域,000,男女総数,205,25～29歳,003,アメリカ,42000,長崎県,1980000000,1980年,人
8,00700,全域,000,男女総数,205,25～29歳,003,アメリカ,43000,熊本県,1980000000,1980年,人
11,00700,全域,000,男女総数,205,25～29歳,003,アメリカ,44000,大分県,1980000000,1980年,人
3,00700,全域,000,男女総数,205,25～29歳,003,アメリカ,45000,宮崎県,1980000000,1980年,人
12,00700,全域,000,男女総数,205,25～29歳,003,アメリカ,46000,鹿児島県,1980000000,1980年,人
118,00700,全域,000,男女総数,205,25～29歳,003,アメリカ,47000,沖縄県,1980000000,1980年,人
4918,00700,全域,000,男女総数,205,25～29歳,004,その他,00000,全国,1980000000,1980年,人
4379,00700,全域,000,男女総数,205,25～29歳,004,その他,00001,全国市部,1980000000,1980年,人
539,00700,全域,000,男女総数,205,25～29歳,004,その他,00002,全国郡部,1980000000,1980年,人
69,00700,全域,000,男女総数,205,25～29歳,004,その他,01000,北海道,1980000000,1980年,人
8,00700,全域,000,男女総数,205,25～29歳,004,その他,02000,青森県,1980000000,1980年,人
18,00700,全域,000,男女総数,205,25～29歳,004,その他,03000,岩手県,1980000000,1980年,人
50,00700,全域,000,男女総数,205,25～29歳,004,その他,04000,宮城県,1980000000,1980年,人
16,00700,全域,000,男女総数,205,25～29歳,004,その他,05000,秋田県,1980000000,1980年,人
11,00700,全域,000,男女総数,205,25～29歳,004,その他,06000,山形県,1980000000,1980年,人
23,00700,全域,000,男女総数,205,25～29歳,004,その他,07000,福島県,1980000000,1980年,人
119,00700,全域,000,男女総数,205,25～29歳,004,その他,08000,茨城県,1980000000,1980年,人
31,00700,全域,000,男女総数,205,25～29歳,004,その他,09000,栃木県,1980000000,1980年,人
48,00700,全域,000,男女総数,205,25～29歳,004,その他,10000,群馬県,1980000000,1980年,人
129,00700,全域,000,男女総数,205,25～29歳,004,その他,11000,埼玉県,1980000000,1980年,人
218,00700,全域,000,男女総数,205,25～29歳,004,その他,12000,千葉県,1980000000,1980年,人
1767,00700,全域,000,男女総数,205,25～29歳,004,その他,13000,東京都,1980000000,1980年,人
413,00700,全域,000,男女総数,205,25～29歳,004,その他,14000,神奈川県,1980000000,1980年,人
30,00700,全域,000,男女総数,205,25～29歳,004,その他,15000,新潟県,1980000000,1980年,人
11,00700,全域,000,男女総数,205,25～29歳,004,その他,16000,富山県,1980000000,1980年,人
11,00700,全域,000,男女総数,205,25～29歳,004,その他,17000,石川県,1980000000,1980年,人
8,00700,全域,000,男女総数,205,25～29歳,004,その他,18000,福井県,1980000000,1980年,人
15,00700,全域,000,男女総数,205,25～29歳,004,その他,19000,山梨県,1980000000,1980年,人
48,00700,全域,000,男女総数,205,25～29歳,004,その他,20000,長野県,1980000000,1980年,人
25,00700,全域,000,男女総数,205,25～29歳,004,その他,21000,岐阜県,1980000000,1980年,人
101,00700,全域,000,男女総数,205,25～29歳,004,その他,22000,静岡県,1980000000,1980年,人
213,00700,全域,000,男女総数,205,25～29歳,004,その他,23000,愛知県,1980000000,1980年,人
14,00700,全域,000,男女総数,205,25～29歳,004,その他,24000,三重県,1980000000,1980年,人
19,00700,全域,000,男女総数,205,25～29歳,004,その他,25000,滋賀県,1980000000,1980年,人
139,00700,全域,000,男女総数,205,25～29歳,004,その他,26000,京都府,1980000000,1980年,人
300,00700,全域,000,男女総数,205,25～29歳,004,その他,27000,大阪府,1980000000,1980年,人
309,00700,全域,000,男女総数,205,25～29歳,004,その他,28000,兵庫県,1980000000,1980年,人
41,00700,全域,000,男女総数,205,25～29歳,004,その他,29000,奈良県,1980000000,1980年,人
14,00700,全域,000,男女総数,205,25～29歳,004,その他,30000,和歌山県,1980000000,1980年,人
10,00700,全域,000,男女総数,205,25～29歳,004,その他,31000,鳥取県,1980000000,1980年,人
6,00700,全域,000,男女総数,205,25～29歳,004,その他,32000,島根県,1980000000,1980年,人
44,00700,全域,000,男女総数,205,25～29歳,004,その他,33000,岡山県,1980000000,1980年,人
91,00700,全域,000,男女総数,205,25～29歳,004,その他,34000,広島県,1980000000,1980年,人
32,00700,全域,000,男女総数,205,25～29歳,004,その他,35000,山口県,1980000000,1980年,人
19,00700,全域,000,男女総数,205,25～29歳,004,その他,36000,徳島県,1980000000,1980年,人
27,00700,全域,000,男女総数,205,25～29歳,004,その他,37000,香川県,1980000000,1980年,人
63,00700,全域,000,男女総数,205,25～29歳,004,その他,38000,愛媛県,1980000000,1980年,人
9,00700,全域,000,男女総数,205,25～29歳,004,その他,39000,高知県,1980000000,1980年,人
98,00700,全域,000,男女総数,205,25～29歳,004,その他,40000,福岡県,1980000000,1980年,人
7,00700,全域,000,男女総数,205,25～29歳,004,その他,41000,佐賀県,1980000000,1980年,人
32,00700,全域,000,男女総数,205,25～29歳,004,その他,42000,長崎県,1980000000,1980年,人
39,00700,全域,000,男女総数,205,25～29歳,004,その他,43000,熊本県,1980000000,1980年,人
26,00700,全域,000,男女総数,205,25～29歳,004,その他,44000,大分県,1980000000,1980年,人
15,00700,全域,000,男女総数,205,25～29歳,004,その他,45000,宮崎県,1980000000,1980年,人
28,00700,全域,000,男女総数,205,25～29歳,004,その他,46000,鹿児島県,1980000000,1980年,人
154,00700,全域,000,男女総数,205,25～29歳,004,その他,47000,沖縄県,1980000000,1980年,人
63102,00700,全域,000,男女総数,206,30～34歳,000,国籍総数,00000,全国,1980000000,1980年,人
58256,00700,全域,000,男女総数,206,30～34歳,000,国籍総数,00001,全国市部,1980000000,1980年,人
4846,00700,全域,000,男女総数,206,30～34歳,000,国籍総数,00002,全国郡部,1980000000,1980年,人
716,00700,全域,000,男女総数,206,30～34歳,000,国籍総数,01000,北海道,1980000000,1980年,人
198,00700,全域,000,男女総数,206,30～34歳,000,国籍総数,02000,青森県,1980000000,1980年,人
156,00700,全域,000,男女総数,206,30～34歳,000,国籍総数,03000,岩手県,1980000000,1980年,人
389,00700,全域,000,男女総数,206,30～34歳,000,国籍総数,04000,宮城県,1980000000,1980年,人
122,00700,全域,000,男女総数,206,30～34歳,000,国籍総数,05000,秋田県,1980000000,1980年,人
74,00700,全域,000,男女総数,206,30～34歳,000,国籍総数,06000,山形県,1980000000,1980年,人
262,00700,全域,000,男女総数,206,30～34歳,000,国籍総数,07000,福島県,1980000000,1980年,人
492,00700,全域,000,男女総数,206,30～34歳,000,国籍総数,08000,茨城県,1980000000,1980年,人
310,00700,全域,000,男女総数,206,30～34歳,000,国籍総数,09000,栃木県,1980000000,1980年,人
321,00700,全域,000,男女総数,206,30～34歳,000,国籍総数,10000,群馬県,1980000000,1980年,人
1193,00700,全域,000,男女総数,206,30～34歳,000,国籍総数,11000,埼玉県,1980000000,1980年,人
1292,00700,全域,000,男女総数,206,30～34歳,000,国籍総数,12000,千葉県,1980000000,1980年,人
9369,00700,全域,000,男女総数,206,30～34歳,000,国籍総数,13000,東京都,1980000000,1980年,人
3430,00700,全域,000,男女総数,206,30～34歳,000,国籍総数,14000,神奈川県,1980000000,1980年,人
290,00700,全域,000,男女総数,206,30～34歳,000,国籍総数,15000,新潟県,1980000000,1980年,人
179,00700,全域,000,男女総数,206,30～34歳,000,国籍総数,16000,富山県,1980000000,1980年,人
317,00700,全域,000,男女総数,206,30～34歳,000,国籍総数,17000,石川県,1980000000,1980年,人
422,00700,全域,000,男女総数,206,30～34歳,000,国籍総数,18000,福井県,1980000000,1980年,人
157,00700,全域,000,男女総数,206,30～34歳,000,国籍総数,19000,山梨県,1980000000,1980年,人
502,00700,全域,000,男女総数,206,30～34歳,000,国籍総数,20000,長野県,1980000000,1980年,人
900,00700,全域,000,男女総数,206,30～34歳,000,国籍総数,21000,岐阜県,1980000000,1980年,人
788,00700,全域,000,男女総数,206,30～34歳,000,国籍総数,22000,静岡県,1980000000,1980年,人
4769,00700,全域,000,男女総数,206,30～34歳,000,国籍総数,23000,愛知県,1980000000,1980年,人
740,00700,全域,000,男女総数,206,30～34歳,000,国籍総数,24000,三重県,1980000000,1980年,人
701,00700,全域,000,男女総数,206,30～34歳,000,国籍総数,25000,滋賀県,1980000000,1980年,人
4195,00700,全域,000,男女総数,206,30～34歳,000,国籍総数,26000,京都府,1980000000,1980年,人
15032,00700,全域,000,男女総数,206,30～34歳,000,国籍総数,27000,大阪府,1980000000,1980年,人
7044,00700,全域,000,男女総数,206,30～34歳,000,国籍総数,28000,兵庫県,1980000000,1980年,人
521,00700,全域,000,男女総数,206,30～34歳,000,国籍総数,29000,奈良県,1980000000,1980年,人
395,00700,全域,000,男女総数,206,30～34歳,000,国籍総数,30000,和歌山県,1980000000,1980年,人
157,00700,全域,000,男女総数,206,30～34歳,000,国籍総数,31000,鳥取県,1980000000,1980年,人
140,00700,全域,000,男女総数,206,30～34歳,000,国籍総数,32000,島根県,1980000000,1980年,人
728,00700,全域,000,男女総数,206,30～34歳,000,国籍総数,33000,岡山県,1980000000,1980年,人
1537,00700,全域,000,男女総数,206,30～34歳,000,国籍総数,34000,広島県,1980000000,1980年,人
1260,00700,全域,000,男女総数,206,30～34歳,000,国籍総数,35000,山口県,1980000000,1980年,人
61,00700,全域,000,男女総数,206,30～34歳,000,国籍総数,36000,徳島県,1980000000,1980年,人
124,00700,全域,000,男女総数,206,30～34歳,000,国籍総数,37000,香川県,1980000000,1980年,人
180,00700,全域,000,男女総数,206,30～34歳,000,国籍総数,38000,愛媛県,1980000000,1980年,人
79,00700,全域,000,男女総数,206,30～34歳,000,国籍総数,39000,高知県,1980000000,1980年,人
2200,00700,全域,000,男女総数,206,30～34歳,000,国籍総数,40000,福岡県,1980000000,1980年,人
131,00700,全域,000,男女総数,206,30～34歳,000,国籍総数,41000,佐賀県,1980000000,1980年,人
287,00700,全域,000,男女総数,206,30～34歳,000,国籍総数,42000,長崎県,1980000000,1980年,人
177,00700,全域,000,男女総数,206,30～34歳,000,国籍総数,43000,熊本県,1980000000,1980年,人
282,00700,全域,000,男女総数,206,30～34歳,000,国籍総数,44000,大分県,1980000000,1980年,人
91,00700,全域,000,男女総数,206,30～34歳,000,国籍総数,45000,宮崎県,1980000000,1980年,人
93,00700,全域,000,男女総数,206,30～34歳,000,国籍総数,46000,鹿児島県,1980000000,1980年,人
299,00700,全域,000,男女総数,206,30～34歳,000,国籍総数,47000,沖縄県,1980000000,1980年,人
50114,00700,全域,000,男女総数,206,30～34歳,001,韓国・朝鮮,00000,全国,1980000000,1980年,人
46302,00700,全域,000,男女総数,206,30～34歳,001,韓国・朝鮮,00001,全国市部,1980000000,1980年,人
3812,00700,全域,000,男女総数,206,30～34歳,001,韓国・朝鮮,00002,全国郡部,1980000000,1980年,人
481,00700,全域,000,男女総数,206,30～34歳,001,韓国・朝鮮,01000,北海道,1980000000,1980年,人
158,00700,全域,000,男女総数,206,30～34歳,001,韓国・朝鮮,02000,青森県,1980000000,1980年,人
101,00700,全域,000,男女総数,206,30～34歳,001,韓国・朝鮮,03000,岩手県,1980000000,1980年,人
275,00700,全域,000,男女総数,206,30～34歳,001,韓国・朝鮮,04000,宮城県,1980000000,1980年,人
95,00700,全域,000,男女総数,206,30～34歳,001,韓国・朝鮮,05000,秋田県,1980000000,1980年,人
51,00700,全域,000,男女総数,206,30～34歳,001,韓国・朝鮮,06000,山形県,1980000000,1980年,人
190,00700,全域,000,男女総数,206,30～34歳,001,韓国・朝鮮,07000,福島県,1980000000,1980年,人
299,00700,全域,000,男女総数,206,30～34歳,001,韓国・朝鮮,08000,茨城県,1980000000,1980年,人
224,00700,全域,000,男女総数,206,30～34歳,001,韓国・朝鮮,09000,栃木県,1980000000,1980年,人
227,00700,全域,000,男女総数,206,30～34歳,001,韓国・朝鮮,10000,群馬県,1980000000,1980年,人
875,00700,全域,000,男女総数,206,30～34歳,001,韓国・朝鮮,11000,埼玉県,1980000000,1980年,人
875,00700,全域,000,男女総数,206,30～34歳,001,韓国・朝鮮,12000,千葉県,1980000000,1980年,人
5190,00700,全域,000,男女総数,206,30～34歳,001,韓国・朝鮮,13000,東京都,1980000000,1980年,人
2182,00700,全域,000,男女総数,206,30～34歳,001,韓国・朝鮮,14000,神奈川県,1980000000,1980年,人
236,00700,全域,000,男女総数,206,30～34歳,001,韓国・朝鮮,15000,新潟県,1980000000,1980年,人
154,00700,全域,000,男女総数,206,30～34歳,001,韓国・朝鮮,16000,富山県,1980000000,1980年,人
289,00700,全域,000,男女総数,206,30～34歳,001,韓国・朝鮮,17000,石川県,1980000000,1980年,人
395,00700,全域,000,男女総数,206,30～34歳,001,韓国・朝鮮,18000,福井県,1980000000,1980年,人
122,00700,全域,000,男女総数,206,30～34歳,001,韓国・朝鮮,19000,山梨県,1980000000,1980年,人
408,00700,全域,000,男女総数,206,30～34歳,001,韓国・朝鮮,20000,長野県,1980000000,1980年,人
851,00700,全域,000,男女総数,206,30～34歳,001,韓国・朝鮮,21000,岐阜県,1980000000,1980年,人
636,00700,全域,000,男女総数,206,30～34歳,001,韓国・朝鮮,22000,静岡県,1980000000,1980年,人
4368,00700,全域,000,男女総数,206,30～34歳,001,韓国・朝鮮,23000,愛知県,1980000000,1980年,人
677,00700,全域,000,男女総数,206,30～34歳,001,韓国・朝鮮,24000,三重県,1980000000,1980年,人
638,00700,全域,000,男女総数,206,30～34歳,001,韓国・朝鮮,25000,滋賀県,1980000000,1980年,人
3760,00700,全域,000,男女総数,206,30～34歳,001,韓国・朝鮮,26000,京都府,1980000000,1980年,人
13711,00700,全域,000,男女総数,206,30～34歳,001,韓国・朝鮮,27000,大阪府,1980000000,1980年,人
5554,00700,全域,000,男女総数,206,30～34歳,001,韓国・朝鮮,28000,兵庫県,1980000000,1980年,人
439,00700,全域,000,男女総数,206,30～34歳,001,韓国・朝鮮,29000,奈良県,1980000000,1980年,人
338,00700,全域,000,男女総数,206,30～34歳,001,韓国・朝鮮,30000,和歌山県,1980000000,1980年,人
137,00700,全域,000,男女総数,206,30～34歳,001,韓国・朝鮮,31000,鳥取県,1980000000,1980年,人
108,00700,全域,000,男女総数,206,30～34歳,001,韓国・朝鮮,32000,島根県,1980000000,1980年,人
657,00700,全域,000,男女総数,206,30～34歳,001,韓国・朝鮮,33000,岡山県,1980000000,1980年,人
1318,00700,全域,000,男女総数,206,30～34歳,001,韓国・朝鮮,34000,広島県,1980000000,1980年,人
1188,00700,全域,000,男女総数,206,30～34歳,001,韓国・朝鮮,35000,山口県,1980000000,1980年,人
31,00700,全域,000,男女総数,206,30～34歳,001,韓国・朝鮮,36000,徳島県,1980000000,1980年,人
98,00700,全域,000,男女総数,206,30～34歳,001,韓国・朝鮮,37000,香川県,1980000000,1980年,人
142,00700,全域,000,男女総数,206,30～34歳,001,韓国・朝鮮,38000,愛媛県,1980000000,1980年,人
55,00700,全域,000,男女総数,206,30～34歳,001,韓国・朝鮮,39000,高知県,1980000000,1980年,人
1889,00700,全域,000,男女総数,206,30～34歳,001,韓国・朝鮮,40000,福岡県,1980000000,1980年,人
111,00700,全域,000,男女総数,206,30～34歳,001,韓国・朝鮮,41000,佐賀県,1980000000,1980年,人
175,00700,全域,000,男女総数,206,30～34歳,001,韓国・朝鮮,42000,長崎県,1980000000,1980年,人
89,00700,全域,000,男女総数,206,30～34歳,001,韓国・朝鮮,43000,熊本県,1980000000,1980年,人
219,00700,全域,000,男女総数,206,30～34歳,001,韓国・朝鮮,44000,大分県,1980000000,1980年,人
63,00700,全域,000,男女総数,206,30～34歳,001,韓国・朝鮮,45000,宮崎県,1980000000,1980年,人
18,00700,全域,000,男女総数,206,30～34歳,001,韓国・朝鮮,46000,鹿児島県,1980000000,1980年,人
17,00700,全域,000,男女総数,206,30～34歳,001,韓国・朝鮮,47000,沖縄県,1980000000,1980年,人
5154,00700,全域,000,男女総数,206,30～34歳,002,中国,00000,全国,1980000000,1980年,人
4844,00700,全域,000,男女総数,206,30～34歳,002,中国,00001,全国市部,1980000000,1980年,人
310,00700,全域,000,男女総数,206,30～34歳,002,中国,00002,全国郡部,1980000000,1980年,人
81,00700,全域,000,男女総数,206,30～34歳,002,中国,01000,北海道,1980000000,1980年,人
10,00700,全域,000,男女総数,206,30～34歳,002,中国,02000,青森県,1980000000,1980年,人
32,00700,全域,000,男女総数,206,30～34歳,002,中国,03000,岩手県,1980000000,1980年,人
44,00700,全域,000,男女総数,206,30～34歳,002,中国,04000,宮城県,1980000000,1980年,人
9,00700,全域,000,男女総数,206,30～34歳,002,中国,05000,秋田県,1980000000,1980年,人
14,00700,全域,000,男女総数,206,30～34歳,002,中国,06000,山形県,1980000000,1980年,人
38,00700,全域,000,男女総数,206,30～34歳,002,中国,07000,福島県,1980000000,1980年,人
45,00700,全域,000,男女総数,206,30～34歳,002,中国,08000,茨城県,1980000000,1980年,人
23,00700,全域,000,男女総数,206,30～34歳,002,中国,09000,栃木県,1980000000,1980年,人
33,00700,全域,000,男女総数,206,30～34歳,002,中国,10000,群馬県,1980000000,1980年,人
124,00700,全域,000,男女総数,206,30～34歳,002,中国,11000,埼玉県,1980000000,1980年,人
169,00700,全域,000,男女総数,206,30～34歳,002,中国,12000,千葉県,1980000000,1980年,人
1371,00700,全域,000,男女総数,206,30～34歳,002,中国,13000,東京都,1980000000,1980年,人
579,00700,全域,000,男女総数,206,30～34歳,002,中国,14000,神奈川県,1980000000,1980年,人
20,00700,全域,000,男女総数,206,30～34歳,002,中国,15000,新潟県,1980000000,1980年,人
5,00700,全域,000,男女総数,206,30～34歳,002,中国,16000,富山県,1980000000,1980年,人
11,00700,全域,000,男女総数,206,30～34歳,002,中国,17000,石川県,1980000000,1980年,人
3,00700,全域,000,男女総数,206,30～34歳,002,中国,18000,福井県,1980000000,1980年,人
15,00700,全域,000,男女総数,206,30～34歳,002,中国,19000,山梨県,1980000000,1980年,人
36,00700,全域,000,男女総数,206,30～34歳,002,中国,20000,長野県,1980000000,1980年,人
31,00700,全域,000,男女総数,206,30～34歳,002,中国,21000,岐阜県,1980000000,1980年,人
43,00700,全域,000,男女総数,206,30～34歳,002,中国,22000,静岡県,1980000000,1980年,人
106,00700,全域,000,男女総数,206,30～34歳,002,中国,23000,愛知県,1980000000,1980年,人
19,00700,全域,000,男女総数,206,30～34歳,002,中国,24000,三重県,1980000000,1980年,人
16,00700,全域,000,男女総数,206,30～34歳,002,中国,25000,滋賀県,1980000000,1980年,人
125,00700,全域,000,男女総数,206,30～34歳,002,中国,26000,京都府,1980000000,1980年,人
683,00700,全域,000,男女総数,206,30～34歳,002,中国,27000,大阪府,1980000000,1980年,人
848,00700,全域,000,男女総数,206,30～34歳,002,中国,28000,兵庫県,1980000000,1980年,人
21,00700,全域,000,男女総数,206,30～34歳,002,中国,29000,奈良県,1980000000,1980年,人
29,00700,全域,000,男女総数,206,30～34歳,002,中国,30000,和歌山県,1980000000,1980年,人
10,00700,全域,000,男女総数,206,30～34歳,002,中国,31000,鳥取県,1980000000,1980年,人
20,00700,全域,000,男女総数,206,30～34歳,002,中国,32000,島根県,1980000000,1980年,人
30,00700,全域,000,男女総数,206,30～34歳,002,中国,33000,岡山県,1980000000,1980年,人
58,00700,全域,000,男女総数,206,30～34歳,002,中国,34000,広島県,1980000000,1980年,人
16,00700,全域,000,男女総数,206,30～34歳,002,中国,35000,山口県,1980000000,1980年,人
17,00700,全域,000,男女総数,206,30～34歳,002,中国,36000,徳島県,1980000000,1980年,人
6,00700,全域,000,男女総数,206,30～34歳,002,中国,37000,香川県,1980000000,1980年,人
8,00700,全域,000,男女総数,206,30～34歳,002,中国,38000,愛媛県,1980000000,1980年,人
6,00700,全域,000,男女総数,206,30～34歳,002,中国,39000,高知県,1980000000,1980年,人
138,00700,全域,000,男女総数,206,30～34歳,002,中国,40000,福岡県,1980000000,1980年,人
14,00700,全域,000,男女総数,206,30～34歳,002,中国,41000,佐賀県,1980000000,1980年,人
65,00700,全域,000,男女総数,206,30～34歳,002,中国,42000,長崎県,1980000000,1980年,人
53,00700,全域,000,男女総数,206,30～34歳,002,中国,43000,熊本県,1980000000,1980年,人
30,00700,全域,000,男女総数,206,30～34歳,002,中国,44000,大分県,1980000000,1980年,人
14,00700,全域,000,男女総数,206,30～34歳,002,中国,45000,宮崎県,1980000000,1980年,人
33,00700,全域,000,男女総数,206,30～34歳,002,中国,46000,鹿児島県,1980000000,1980年,人
53,00700,全域,000,男女総数,206,30～34歳,002,中国,47000,沖縄県,1980000000,1980年,人
1821,00700,全域,000,男女総数,206,30～34歳,003,アメリカ,00000,全国,1980000000,1980年,人
1681,00700,全域,000,男女総数,206,30～34歳,003,アメリカ,00001,全国市部,1980000000,1980年,人
140,00700,全域,000,男女総数,206,30～34歳,003,アメリカ,00002,全国郡部,1980000000,1980年,人
37,00700,全域,000,男女総数,206,30～34歳,003,アメリカ,01000,北海道,1980000000,1980年,人
3,00700,全域,000,男女総数,206,30～34歳,003,アメリカ,02000,青森県,1980000000,1980年,人
2,00700,全域,000,男女総数,206,30～34歳,003,アメリカ,03000,岩手県,1980000000,1980年,人
9,00700,全域,000,男女総数,206,30～34歳,003,アメリカ,04000,宮城県,1980000000,1980年,人
1,00700,全域,000,男女総数,206,30～34歳,003,アメリカ,05000,秋田県,1980000000,1980年,人
2,00700,全域,000,男女総数,206,30～34歳,003,アメリカ,06000,山形県,1980000000,1980年,人
5,00700,全域,000,男女総数,206,30～34歳,003,アメリカ,07000,福島県,1980000000,1980年,人
32,00700,全域,000,男女総数,206,30～34歳,003,アメリカ,08000,茨城県,1980000000,1980年,人
15,00700,全域,000,男女総数,206,30～34歳,003,アメリカ,09000,栃木県,1980000000,1980年,人
6,00700,全域,000,男女総数,206,30～34歳,003,アメリカ,10000,群馬県,1980000000,1980年,人
41,00700,全域,000,男女総数,206,30～34歳,003,アメリカ,11000,埼玉県,1980000000,1980年,人
41,00700,全域,000,男女総数,206,30～34歳,003,アメリカ,12000,千葉県,1980000000,1980年,人
749,00700,全域,000,男女総数,206,30～34歳,003,アメリカ,13000,東京都,1980000000,1980年,人
205,00700,全域,000,男女総数,206,30～34歳,003,アメリカ,14000,神奈川県,1980000000,1980年,人
4,00700,全域,000,男女総数,206,30～34歳,003,アメリカ,15000,新潟県,1980000000,1980年,人
2,00700,全域,000,男女総数,206,30～34歳,003,アメリカ,16000,富山県,1980000000,1980年,人
5,00700,全域,000,男女総数,206,30～34歳,003,アメリカ,17000,石川県,1980000000,1980年,人
3,00700,全域,000,男女総数,206,30～34歳,003,アメリカ,18000,福井県,1980000000,1980年,人
5,00700,全域,000,男女総数,206,30～34歳,003,アメリカ,19000,山梨県,1980000000,1980年,人
15,00700,全域,000,男女総数,206,30～34歳,003,アメリカ,20000,長野県,1980000000,1980年,人
5,00700,全域,000,男女総数,206,30～34歳,003,アメリカ,21000,岐阜県,1980000000,1980年,人
19,00700,全域,000,男女総数,206,30～34歳,003,アメリカ,22000,静岡県,1980000000,1980年,人
61,00700,全域,000,男女総数,206,30～34歳,003,アメリカ,23000,愛知県,1980000000,1980年,人
5,00700,全域,000,男女総数,206,30～34歳,003,アメリカ,24000,三重県,1980000000,1980年,人
5,00700,全域,000,男女総数,206,30～34歳,003,アメリカ,25000,滋賀県,1980000000,1980年,人
86,00700,全域,000,男女総数,206,30～34歳,003,アメリカ,26000,京都府,1980000000,1980年,人
73,00700,全域,000,男女総数,206,30～34歳,003,アメリカ,27000,大阪府,1980000000,1980年,人
118,00700,全域,000,男女総数,206,30～34歳,003,アメリカ,28000,兵庫県,1980000000,1980年,人
19,00700,全域,000,男女総数,206,30～34歳,003,アメリカ,29000,奈良県,1980000000,1980年,人
10,00700,全域,000,男女総数,206,30～34歳,003,アメリカ,30000,和歌山県,1980000000,1980年,人
1,00700,全域,000,男女総数,206,30～34歳,003,アメリカ,32000,島根県,1980000000,1980年,人
5,00700,全域,000,男女総数,206,30～34歳,003,アメリカ,33000,岡山県,1980000000,1980年,人
25,00700,全域,000,男女総数,206,30～34歳,003,アメリカ,34000,広島県,1980000000,1980年,人
16,00700,全域,000,男女総数,206,30～34歳,003,アメリカ,35000,山口県,1980000000,1980年,人
1,00700,全域,000,男女総数,206,30～34歳,003,アメリカ,36000,徳島県,1980000000,1980年,人
8,00700,全域,000,男女総数,206,30～34歳,003,アメリカ,37000,香川県,1980000000,1980年,人
7,00700,全域,000,男女総数,206,30～34歳,003,アメリカ,38000,愛媛県,1980000000,1980年,人
5,00700,全域,000,男女総数,206,30～34歳,003,アメリカ,39000,高知県,1980000000,1980年,人
32,00700,全域,000,男女総数,206,30～34歳,003,アメリカ,40000,福岡県,1980000000,1980年,人
2,00700,全域,000,男女総数,206,30～34歳,003,アメリカ,41000,佐賀県,1980000000,1980年,人
11,00700,全域,000,男女総数,206,30～34歳,003,アメリカ,42000,長崎県,1980000000,1980年,人
3,00700,全域,000,男女総数,206,30～34歳,003,アメリカ,43000,熊本県,1980000000,1980年,人
6,00700,全域,000,男女総数,206,30～34歳,003,アメリカ,44000,大分県,1980000000,1980年,人
1,00700,全域,000,男女総数,206,30～34歳,003,アメリカ,45000,宮崎県,1980000000,1980年,人
8,00700,全域,000,男女総数,206,30～34歳,003,アメリカ,46000,鹿児島県,1980000000,1980年,人
107,00700,全域,000,男女総数,206,30～34歳,003,アメリカ,47000,沖縄県,1980000000,1980年,人
4148,00700,全域,000,男女総数,206,30～34歳,004,その他,00000,全国,1980000000,1980年,人
3771,00700,全域,000,男女総数,206,30～34歳,004,その他,00001,全国市部,1980000000,1980年,人
377,00700,全域,000,男女総数,206,30～34歳,004,その他,00002,全国郡部,1980000000,1980年,人
74,00700,全域,000,男女総数,206,30～34歳,004,その他,01000,北海道,1980000000,1980年,人
8,00700,全域,000,男女総数,206,30～34歳,004,その他,02000,青森県,1980000000,1980年,人
10,00700,全域,000,男女総数,206,30～34歳,004,その他,03000,岩手県,1980000000,1980年,人
51,00700,全域,000,男女総数,206,30～34歳,004,その他,04000,宮城県,1980000000,1980年,人
8,00700,全域,000,男女総数,206,30～34歳,004,その他,05000,秋田県,1980000000,1980年,人
3,00700,全域,000,男女総数,206,30～34歳,004,その他,06000,山形県,1980000000,1980年,人
9,00700,全域,000,男女総数,206,30～34歳,004,その他,07000,福島県,1980000000,1980年,人
92,00700,全域,000,男女総数,206,30～34歳,004,その他,08000,茨城県,1980000000,1980年,人
37,00700,全域,000,男女総数,206,30～34歳,004,その他,09000,栃木県,1980000000,1980年,人
32,00700,全域,000,男女総数,206,30～34歳,004,その他,10000,群馬県,1980000000,1980年,人
109,00700,全域,000,男女総数,206,30～34歳,004,その他,11000,埼玉県,1980000000,1980年,人
157,00700,全域,000,男女総数,206,30～34歳,004,その他,12000,千葉県,1980000000,1980年,人
1630,00700,全域,000,男女総数,206,30～34歳,004,その他,13000,東京都,1980000000,1980年,人
359,00700,全域,000,男女総数,206,30～34歳,004,その他,14000,神奈川県,1980000000,1980年,人
22,00700,全域,000,男女総数,206,30～34歳,004,その他,15000,新潟県,1980000000,1980年,人
10,00700,全域,000,男女総数,206,30～34歳,004,その他,16000,富山県,1980000000,1980年,人
6,00700,全域,000,男女総数,206,30～34歳,004,その他,17000,石川県,1980000000,1980年,人
9,00700,全域,000,男女総数,206,30～34歳,004,その他,18000,福井県,1980000000,1980年,人
9,00700,全域,000,男女総数,206,30～34歳,004,その他,19000,山梨県,1980000000,1980年,人
24,00700,全域,000,男女総数,206,30～34歳,004,その他,20000,長野県,1980000000,1980年,人
5,00700,全域,000,男女総数,206,30～34歳,004,その他,21000,岐阜県,1980000000,1980年,人
68,00700,全域,000,男女総数,206,30～34歳,004,その他,22000,静岡県,1980000000,1980年,人
151,00700,全域,000,男女総数,206,30～34歳,004,その他,23000,愛知県,1980000000,1980年,人
16,00700,全域,000,男女総数,206,30～34歳,004,その他,24000,三重県,1980000000,1980年,人
24,00700,全域,000,男女総数,206,30～34歳,004,その他,25000,滋賀県,1980000000,1980年,人
117,00700,全域,000,男女総数,206,30～34歳,004,その他,26000,京都府,1980000000,1980年,人
252,00700,全域,000,男女総数,206,30～34歳,004,その他,27000,大阪府,1980000000,1980年,人
358,00700,全域,000,男女総数,206,30～34歳,004,その他,28000,兵庫県,1980000000,1980年,人
24,00700,全域,000,男女総数,206,30～34歳,004,その他,29000,奈良県,1980000000,1980年,人
9,00700,全域,000,男女総数,206,30～34歳,004,その他,30000,和歌山県,1980000000,1980年,人
5,00700,全域,000,男女総数,206,30～34歳,004,その他,31000,鳥取県,1980000000,1980年,人
4,00700,全域,000,男女総数,206,30～34歳,004,その他,32000,島根県,1980000000,1980年,人
29,00700,全域,000,男女総数,206,30～34歳,004,その他,33000,岡山県,1980000000,1980年,人
92,00700,全域,000,男女総数,206,30～34歳,004,その他,34000,広島県,1980000000,1980年,人
17,00700,全域,000,男女総数,206,30～34歳,004,その他,35000,山口県,1980000000,1980年,人
8,00700,全域,000,男女総数,206,30～34歳,004,その他,36000,徳島県,1980000000,1980年,人
10,00700,全域,000,男女総数,206,30～34歳,004,その他,37000,香川県,1980000000,1980年,人
12,00700,全域,000,男女総数,206,30～34歳,004,その他,38000,愛媛県,1980000000,1980年,人
8,00700,全域,000,男女総数,206,30～34歳,004,その他,39000,高知県,1980000000,1980年,人
73,00700,全域,000,男女総数,206,30～34歳,004,その他,40000,福岡県,1980000000,1980年,人
4,00700,全域,000,男女総数,206,30～34歳,004,その他,41000,佐賀県,1980000000,1980年,人
25,00700,全域,000,男女総数,206,30～34歳,004,その他,42000,長崎県,1980000000,1980年,人
23,00700,全域,000,男女総数,206,30～34歳,004,その他,43000,熊本県,1980000000,1980年,人
19,00700,全域,000,男女総数,206,30～34歳,004,その他,44000,大分県,1980000000,1980年,人
11,00700,全域,000,男女総数,206,30～34歳,004,その他,45000,宮崎県,1980000000,1980年,人
24,00700,全域,000,男女総数,206,30～34歳,004,その他,46000,鹿児島県,1980000000,1980年,人
101,00700,全域,000,男女総数,206,30～34歳,004,その他,47000,沖縄県,1980000000,1980年,人
50430,00700,全域,000,男女総数,207,35～39歳,000,国籍総数,00000,全国,1980000000,1980年,人
46655,00700,全域,000,男女総数,207,35～39歳,000,国籍総数,00001,全国市部,1980000000,1980年,人
3775,00700,全域,000,男女総数,207,35～39歳,000,国籍総数,00002,全国郡部,1980000000,1980年,人
417,00700,全域,000,男女総数,207,35～39歳,000,国籍総数,01000,北海道,1980000000,1980年,人
120,00700,全域,000,男女総数,207,35～39歳,000,国籍総数,02000,青森県,1980000000,1980年,人
107,00700,全域,000,男女総数,207,35～39歳,000,国籍総数,03000,岩手県,1980000000,1980年,人
255,00700,全域,000,男女総数,207,35～39歳,000,国籍総数,04000,宮城県,1980000000,1980年,人
75,00700,全域,000,男女総数,207,35～39歳,000,国籍総数,05000,秋田県,1980000000,1980年,人
62,00700,全域,000,男女総数,207,35～39歳,000,国籍総数,06000,山形県,1980000000,1980年,人
156,00700,全域,000,男女総数,207,35～39歳,000,国籍総数,07000,福島県,1980000000,1980年,人
363,00700,全域,000,男女総数,207,35～39歳,000,国籍総数,08000,茨城県,1980000000,1980年,人
178,00700,全域,000,男女総数,207,35～39歳,000,国籍総数,09000,栃木県,1980000000,1980年,人
210,00700,全域,000,男女総数,207,35～39歳,000,国籍総数,10000,群馬県,1980000000,1980年,人
919,00700,全域,000,男女総数,207,35～39歳,000,国籍総数,11000,埼玉県,1980000000,1980年,人
954,00700,全域,000,男女総数,207,35～39歳,000,国籍総数,12000,千葉県,1980000000,1980年,人
6775,00700,全域,000,男女総数,207,35～39歳,000,国籍総数,13000,東京都,1980000000,1980年,人
2630,00700,全域,000,男女総数,207,35～39歳,000,国籍総数,14000,神奈川県,1980000000,1980年,人
185,00700,全域,000,男女総数,207,35～39歳,000,国籍総数,15000,新潟県,1980000000,1980年,人
168,00700,全域,000,男女総数,207,35～39歳,000,国籍総数,16000,富山県,1980000000,1980年,人
209,00700,全域,000,男女総数,207,35～39歳,000,国籍総数,17000,石川県,1980000000,1980年,人
390,00700,全域,000,男女総数,207,35～39歳,000,国籍総数,18000,福井県,1980000000,1980年,人
101,00700,全域,000,男女総数,207,35～39歳,000,国籍総数,19000,山梨県,1980000000,1980年,人
387,00700,全域,000,男女総数,207,35～39歳,000,国籍総数,20000,長野県,1980000000,1980年,人
792,00700,全域,000,男女総数,207,35～39歳,000,国籍総数,21000,岐阜県,1980000000,1980年,人
610,00700,全域,000,男女総数,207,35～39歳,000,国籍総数,22000,静岡県,1980000000,1980年,人
4176,00700,全域,000,男女総数,207,35～39歳,000,国籍総数,23000,愛知県,1980000000,1980年,人
623,00700,全域,000,男女総数,207,35～39歳,000,国籍総数,24000,三重県,1980000000,1980年,人
575,00700,全域,000,男女総数,207,35～39歳,000,国籍総数,25000,滋賀県,1980000000,1980年,人
3376,00700,全域,000,男女総数,207,35～39歳,000,国籍総数,26000,京都府,1980000000,1980年,人
12692,00700,全域,000,男女総数,207,35～39歳,000,国籍総数,27000,大阪府,1980000000,1980年,人
5822,00700,全域,000,男女総数,207,35～39歳,000,国籍総数,28000,兵庫県,1980000000,1980年,人
423,00700,全域,000,男女総数,207,35～39歳,000,国籍総数,29000,奈良県,1980000000,1980年,人
351,00700,全域,000,男女総数,207,35～39歳,000,国籍総数,30000,和歌山県,1980000000,1980年,人
139,00700,全域,000,男女総数,207,35～39歳,000,国籍総数,31000,鳥取県,1980000000,1980年,人
116,00700,全域,000,男女総数,207,35～39歳,000,国籍総数,32000,島根県,1980000000,1980年,人
666,00700,全域,000,男女総数,207,35～39歳,000,国籍総数,33000,岡山県,1980000000,1980年,人
1285,00700,全域,000,男女総数,207,35～39歳,000,国籍総数,34000,広島県,1980000000,1980年,人
955,00700,全域,000,男女総数,207,35～39歳,000,国籍総数,35000,山口県,1980000000,1980年,人
42,00700,全域,000,男女総数,207,35～39歳,000,国籍総数,36000,徳島県,1980000000,1980年,人
98,00700,全域,000,男女総数,207,35～39歳,000,国籍総数,37000,香川県,1980000000,1980年,人
155,00700,全域,000,男女総数,207,35～39歳,000,国籍総数,38000,愛媛県,1980000000,1980年,人
66,00700,全域,000,男女総数,207,35～39歳,000,国籍総数,39000,高知県,1980000000,1980年,人
1784,00700,全域,000,男女総数,207,35～39歳,000,国籍総数,40000,福岡県,1980000000,1980年,人
85,00700,全域,000,男女総数,207,35～39歳,000,国籍総数,41000,佐賀県,1980000000,1980年,人
225,00700,全域,000,男女総数,207,35～39歳,000,国籍総数,42000,長崎県,1980000000,1980年,人
126,00700,全域,000,男女総数,207,35～39歳,000,国籍総数,43000,熊本県,1980000000,1980年,人
222,00700,全域,000,男女総数,207,35～39歳,000,国籍総数,44000,大分県,1980000000,1980年,人
74,00700,全域,000,男女総数,207,35～39歳,000,国籍総数,45000,宮崎県,1980000000,1980年,人
62,00700,全域,000,男女総数,207,35～39歳,000,国籍総数,46000,鹿児島県,1980000000,1980年,人
229,00700,全域,000,男女総数,207,35～39歳,000,国籍総数,47000,沖縄県,1980000000,1980年,人
41876,00700,全域,000,男女総数,207,35～39歳,001,韓国・朝鮮,00000,全国,1980000000,1980年,人
38713,00700,全域,000,男女総数,207,35～39歳,001,韓国・朝鮮,00001,全国市部,1980000000,1980年,人
3163,00700,全域,000,男女総数,207,35～39歳,001,韓国・朝鮮,00002,全国郡部,1980000000,1980年,人
281,00700,全域,000,男女総数,207,35～39歳,001,韓国・朝鮮,01000,北海道,1980000000,1980年,人
98,00700,全域,000,男女総数,207,35～39歳,001,韓国・朝鮮,02000,青森県,1980000000,1980年,人
83,00700,全域,000,男女総数,207,35～39歳,001,韓国・朝鮮,03000,岩手県,1980000000,1980年,人
180,00700,全域,000,男女総数,207,35～39歳,001,韓国・朝鮮,04000,宮城県,1980000000,1980年,人
61,00700,全域,000,男女総数,207,35～39歳,001,韓国・朝鮮,05000,秋田県,1980000000,1980年,人
38,00700,全域,000,男女総数,207,35～39歳,001,韓国・朝鮮,06000,山形県,1980000000,1980年,人
118,00700,全域,000,男女総数,207,35～39歳,001,韓国・朝鮮,07000,福島県,1980000000,1980年,人
251,00700,全域,000,男女総数,207,35～39歳,001,韓国・朝鮮,08000,茨城県,1980000000,1980年,人
143,00700,全域,000,男女総数,207,35～39歳,001,韓国・朝鮮,09000,栃木県,1980000000,1980年,人
169,00700,全域,000,男女総数,207,35～39歳,001,韓国・朝鮮,10000,群馬県,1980000000,1980年,人
722,00700,全域,000,男女総数,207,35～39歳,001,韓国・朝鮮,11000,埼玉県,1980000000,1980年,人
727,00700,全域,000,男女総数,207,35～39歳,001,韓国・朝鮮,12000,千葉県,1980000000,1980年,人
4000,00700,全域,000,男女総数,207,35～39歳,001,韓国・朝鮮,13000,東京都,1980000000,1980年,人
1721,00700,全域,000,男女総数,207,35～39歳,001,韓国・朝鮮,14000,神奈川県,1980000000,1980年,人
153,00700,全域,000,男女総数,207,35～39歳,001,韓国・朝鮮,15000,新潟県,1980000000,1980年,人
154,00700,全域,000,男女総数,207,35～39歳,001,韓国・朝鮮,16000,富山県,1980000000,1980年,人
194,00700,全域,000,男女総数,207,35～39歳,001,韓国・朝鮮,17000,石川県,1980000000,1980年,人
367,00700,全域,000,男女総数,207,35～39歳,001,韓国・朝鮮,18000,福井県,1980000000,1980年,人
80,00700,全域,000,男女総数,207,35～39歳,001,韓国・朝鮮,19000,山梨県,1980000000,1980年,人
324,00700,全域,000,男女総数,207,35～39歳,001,韓国・朝鮮,20000,長野県,1980000000,1980年,人
755,00700,全域,000,男女総数,207,35～39歳,001,韓国・朝鮮,21000,岐阜県,1980000000,1980年,人
506,00700,全域,000,男女総数,207,35～39歳,001,韓国・朝鮮,22000,静岡県,1980000000,1980年,人
3921,00700,全域,000,男女総数,207,35～39歳,001,韓国・朝鮮,23000,愛知県,1980000000,1980年,人
582,00700,全域,000,男女総数,207,35～39歳,001,韓国・朝鮮,24000,三重県,1980000000,1980年,人
539,00700,全域,000,男女総数,207,35～39歳,001,韓国・朝鮮,25000,滋賀県,1980000000,1980年,人
3138,00700,全域,000,男女総数,207,35～39歳,001,韓国・朝鮮,26000,京都府,1980000000,1980年,人
11944,00700,全域,000,男女総数,207,35～39歳,001,韓国・朝鮮,27000,大阪府,1980000000,1980年,人
4689,00700,全域,000,男女総数,207,35～39歳,001,韓国・朝鮮,28000,兵庫県,1980000000,1980年,人
362,00700,全域,000,男女総数,207,35～39歳,001,韓国・朝鮮,29000,奈良県,1980000000,1980年,人
302,00700,全域,000,男女総数,207,35～39歳,001,韓国・朝鮮,30000,和歌山県,1980000000,1980年,人
122,00700,全域,000,男女総数,207,35～39歳,001,韓国・朝鮮,31000,鳥取県,1980000000,1980年,人
90,00700,全域,000,男女総数,207,35～39歳,001,韓国・朝鮮,32000,島根県,1980000000,1980年,人
610,00700,全域,000,男女総数,207,35～39歳,001,韓国・朝鮮,33000,岡山県,1980000000,1980年,人
1139,00700,全域,000,男女総数,207,35～39歳,001,韓国・朝鮮,34000,広島県,1980000000,1980年,人
896,00700,全域,000,男女総数,207,35～39歳,001,韓国・朝鮮,35000,山口県,1980000000,1980年,人
23,00700,全域,000,男女総数,207,35～39歳,001,韓国・朝鮮,36000,徳島県,1980000000,1980年,人
75,00700,全域,000,男女総数,207,35～39歳,001,韓国・朝鮮,37000,香川県,1980000000,1980年,人
123,00700,全域,000,男女総数,207,35～39歳,001,韓国・朝鮮,38000,愛媛県,1980000000,1980年,人
48,00700,全域,000,男女総数,207,35～39歳,001,韓国・朝鮮,39000,高知県,1980000000,1980年,人
1621,00700,全域,000,男女総数,207,35～39歳,001,韓国・朝鮮,40000,福岡県,1980000000,1980年,人
62,00700,全域,000,男女総数,207,35～39歳,001,韓国・朝鮮,41000,佐賀県,1980000000,1980年,人
135,00700,全域,000,男女総数,207,35～39歳,001,韓国・朝鮮,42000,長崎県,1980000000,1980年,人
72,00700,全域,000,男女総数,207,35～39歳,001,韓国・朝鮮,43000,熊本県,1980000000,1980年,人
173,00700,全域,000,男女総数,207,35～39歳,001,韓国・朝鮮,44000,大分県,1980000000,1980年,人
49,00700,全域,000,男女総数,207,35～39歳,001,韓国・朝鮮,45000,宮崎県,1980000000,1980年,人
20,00700,全域,000,男女総数,207,35～39歳,001,韓国・朝鮮,46000,鹿児島県,1980000000,1980年,人
16,00700,全域,000,男女総数,207,35～39歳,001,韓国・朝鮮,47000,沖縄県,1980000000,1980年,人
3196,00700,全域,000,男女総数,207,35～39歳,002,中国,00000,全国,1980000000,1980年,人
3020,00700,全域,000,男女総数,207,35～39歳,002,中国,00001,全国市部,1980000000,1980年,人
176,00700,全域,000,男女総数,207,35～39歳,002,中国,00002,全国郡部,1980000000,1980年,人
62,00700,全域,000,男女総数,207,35～39歳,002,中国,01000,北海道,1980000000,1980年,人
5,00700,全域,000,男女総数,207,35～39歳,002,中国,02000,青森県,1980000000,1980年,人
14,00700,全域,000,男女総数,207,35～39歳,002,中国,03000,岩手県,1980000000,1980年,人
37,00700,全域,000,男女総数,207,35～39歳,002,中国,04000,宮城県,1980000000,1980年,人
5,00700,全域,000,男女総数,207,35～39歳,002,中国,05000,秋田県,1980000000,1980年,人
13,00700,全域,000,男女総数,207,35～39歳,002,中国,06000,山形県,1980000000,1980年,人
15,00700,全域,000,男女総数,207,35～39歳,002,中国,07000,福島県,1980000000,1980年,人
25,00700,全域,000,男女総数,207,35～39歳,002,中国,08000,茨城県,1980000000,1980年,人
8,00700,全域,000,男女総数,207,35～39歳,002,中国,09000,栃木県,1980000000,1980年,人
15,00700,全域,000,男女総数,207,35～39歳,002,中国,10000,群馬県,1980000000,1980年,人
72,00700,全域,000,男女総数,207,35～39歳,002,中国,11000,埼玉県,1980000000,1980年,人
109,00700,全域,000,男女総数,207,35～39歳,002,中国,12000,千葉県,1980000000,1980年,人
712,00700,全域,000,男女総数,207,35～39歳,002,中国,13000,東京都,1980000000,1980年,人
396,00700,全域,000,男女総数,207,35～39歳,002,中国,14000,神奈川県,1980000000,1980年,人
12,00700,全域,000,男女総数,207,35～39歳,002,中国,15000,新潟県,1980000000,1980年,人
3,00700,全域,000,男女総数,207,35～39歳,002,中国,16000,富山県,1980000000,1980年,人
3,00700,全域,000,男女総数,207,35～39歳,002,中国,17000,石川県,1980000000,1980年,人
5,00700,全域,000,男女総数,207,35～39歳,002,中国,18000,福井県,1980000000,1980年,人
7,00700,全域,000,男女総数,207,35～39歳,002,中国,19000,山梨県,1980000000,1980年,人
32,00700,全域,000,男女総数,207,35～39歳,002,中国,20000,長野県,1980000000,1980年,人
17,00700,全域,000,男女総数,207,35～39歳,002,中国,21000,岐阜県,1980000000,1980年,人
28,00700,全域,000,男女総数,207,35～39歳,002,中国,22000,静岡県,1980000000,1980年,人
81,00700,全域,000,男女総数,207,35～39歳,002,中国,23000,愛知県,1980000000,1980年,人
11,00700,全域,000,男女総数,207,35～39歳,002,中国,24000,三重県,1980000000,1980年,人
9,00700,全域,000,男女総数,207,35～39歳,002,中国,25000,滋賀県,1980000000,1980年,人
66,00700,全域,000,男女総数,207,35～39歳,002,中国,26000,京都府,1980000000,1980年,人
359,00700,全域,000,男女総数,207,35～39歳,002,中国,27000,大阪府,1980000000,1980年,人
623,00700,全域,000,男女総数,207,35～39歳,002,中国,28000,兵庫県,1980000000,1980年,人
17,00700,全域,000,男女総数,207,35～39歳,002,中国,29000,奈良県,1980000000,1980年,人
27,00700,全域,000,男女総数,207,35～39歳,002,中国,30000,和歌山県,1980000000,1980年,人
3,00700,全域,000,男女総数,207,35～39歳,002,中国,31000,鳥取県,1980000000,1980年,人
19,00700,全域,000,男女総数,207,35～39歳,002,中国,32000,島根県,1980000000,1980年,人
22,00700,全域,000,男女総数,207,35～39歳,002,中国,33000,岡山県,1980000000,1980年,人
41,00700,全域,000,男女総数,207,35～39歳,002,中国,34000,広島県,1980000000,1980年,人
22,00700,全域,000,男女総数,207,35～39歳,002,中国,35000,山口県,1980000000,1980年,人
4,00700,全域,000,男女総数,207,35～39歳,002,中国,36000,徳島県,1980000000,1980年,人
7,00700,全域,000,男女総数,207,35～39歳,002,中国,37000,香川県,1980000000,1980年,人
15,00700,全域,000,男女総数,207,35～39歳,002,中国,38000,愛媛県,1980000000,1980年,人
8,00700,全域,000,男女総数,207,35～39歳,002,中国,39000,高知県,1980000000,1980年,人
62,00700,全域,000,男女総数,207,35～39歳,002,中国,40000,福岡県,1980000000,1980年,人
13,00700,全域,000,男女総数,207,35～39歳,002,中国,41000,佐賀県,1980000000,1980年,人
60,00700,全域,000,男女総数,207,35～39歳,002,中国,42000,長崎県,1980000000,1980年,人
34,00700,全域,000,男女総数,207,35～39歳,002,中国,43000,熊本県,1980000000,1980年,人
28,00700,全域,000,男女総数,207,35～39歳,002,中国,44000,大分県,1980000000,1980年,人
7,00700,全域,000,男女総数,207,35～39歳,002,中国,45000,宮崎県,1980000000,1980年,人
22,00700,全域,000,男女総数,207,35～39歳,002,中国,46000,鹿児島県,1980000000,1980年,人
41,00700,全域,000,男女総数,207,35～39歳,002,中国,47000,沖縄県,1980000000,1980年,人
1340,00700,全域,000,男女総数,207,35～39歳,003,アメリカ,00000,全国,1980000000,1980年,人
1239,00700,全域,000,男女総数,207,35～39歳,003,アメリカ,00001,全国市部,1980000000,1980年,人
101,00700,全域,000,男女総数,207,35～39歳,003,アメリカ,00002,全国郡部,1980000000,1980年,人
19,00700,全域,000,男女総数,207,35～39歳,003,アメリカ,01000,北海道,1980000000,1980年,人
2,00700,全域,000,男女総数,207,35～39歳,003,アメリカ,03000,岩手県,1980000000,1980年,人
4,00700,全域,000,男女総数,207,35～39歳,003,アメリカ,04000,宮城県,1980000000,1980年,人
3,00700,全域,000,男女総数,207,35～39歳,003,アメリカ,05000,秋田県,1980000000,1980年,人
2,00700,全域,000,男女総数,207,35～39歳,003,アメリカ,06000,山形県,1980000000,1980年,人
7,00700,全域,000,男女総数,207,35～39歳,003,アメリカ,07000,福島県,1980000000,1980年,人
18,00700,全域,000,男女総数,207,35～39歳,003,アメリカ,08000,茨城県,1980000000,1980年,人
8,00700,全域,000,男女総数,207,35～39歳,003,アメリカ,09000,栃木県,1980000000,1980年,人
1,00700,全域,000,男女総数,207,35～39歳,003,アメリカ,10000,群馬県,1980000000,1980年,人
36,00700,全域,000,男女総数,207,35～39歳,003,アメリカ,11000,埼玉県,1980000000,1980年,人
32,00700,全域,000,男女総数,207,35～39歳,003,アメリカ,12000,千葉県,1980000000,1980年,人
595,00700,全域,000,男女総数,207,35～39歳,003,アメリカ,13000,東京都,1980000000,1980年,人
158,00700,全域,000,男女総数,207,35～39歳,003,アメリカ,14000,神奈川県,1980000000,1980年,人
1,00700,全域,000,男女総数,207,35～39歳,003,アメリカ,16000,富山県,1980000000,1980年,人
1,00700,全域,000,男女総数,207,35～39歳,003,アメリカ,17000,石川県,1980000000,1980年,人
3,00700,全域,000,男女総数,207,35～39歳,003,アメリカ,18000,福井県,1980000000,1980年,人
4,00700,全域,000,男女総数,207,35～39歳,003,アメリカ,19000,山梨県,1980000000,1980年,人
8,00700,全域,000,男女総数,207,35～39歳,003,アメリカ,20000,長野県,1980000000,1980年,人
4,00700,全域,000,男女総数,207,35～39歳,003,アメリカ,21000,岐阜県,1980000000,1980年,人
12,00700,全域,000,男女総数,207,35～39歳,003,アメリカ,22000,静岡県,1980000000,1980年,人
39,00700,全域,000,男女総数,207,35～39歳,003,アメリカ,23000,愛知県,1980000000,1980年,人
4,00700,全域,000,男女総数,207,35～39歳,003,アメリカ,24000,三重県,1980000000,1980年,人
3,00700,全域,000,男女総数,207,35～39歳,003,アメリカ,25000,滋賀県,1980000000,1980年,人
41,00700,全域,000,男女総数,207,35～39歳,003,アメリカ,26000,京都府,1980000000,1980年,人
34,00700,全域,000,男女総数,207,35～39歳,003,アメリカ,27000,大阪府,1980000000,1980年,人
89,00700,全域,000,男女総数,207,35～39歳,003,アメリカ,28000,兵庫県,1980000000,1980年,人
11,00700,全域,000,男女総数,207,35～39歳,003,アメリカ,29000,奈良県,1980000000,1980年,人
6,00700,全域,000,男女総数,207,35～39歳,003,アメリカ,30000,和歌山県,1980000000,1980年,人
3,00700,全域,000,男女総数,207,35～39歳,003,アメリカ,31000,鳥取県,1980000000,1980年,人
1,00700,全域,000,男女総数,207,35～39歳,003,アメリカ,32000,島根県,1980000000,1980年,人
7,00700,全域,000,男女総数,207,35～39歳,003,アメリカ,33000,岡山県,1980000000,1980年,人
18,00700,全域,000,男女総数,207,35～39歳,003,アメリカ,34000,広島県,1980000000,1980年,人
9,00700,全域,000,男女総数,207,35～39歳,003,アメリカ,35000,山口県,1980000000,1980年,人
2,00700,全域,000,男女総数,207,35～39歳,003,アメリカ,36000,徳島県,1980000000,1980年,人
4,00700,全域,000,男女総数,207,35～39歳,003,アメリカ,37000,香川県,1980000000,1980年,人
2,00700,全域,000,男女総数,207,35～39歳,003,アメリカ,38000,愛媛県,1980000000,1980年,人
1,00700,全域,000,男女総数,207,35～39歳,003,アメリカ,39000,高知県,1980000000,1980年,人
24,00700,全域,000,男女総数,207,35～39歳,003,アメリカ,40000,福岡県,1980000000,1980年,人
4,00700,全域,000,男女総数,207,35～39歳,003,アメリカ,41000,佐賀県,1980000000,1980年,人
6,00700,全域,000,男女総数,207,35～39歳,003,アメリカ,42000,長崎県,1980000000,1980年,人
5,00700,全域,000,男女総数,207,35～39歳,003,アメリカ,43000,熊本県,1980000000,1980年,人
3,00700,全域,000,男女総数,207,35～39歳,003,アメリカ,44000,大分県,1980000000,1980年,人
2,00700,全域,000,男女総数,207,35～39歳,003,アメリカ,45000,宮崎県,1980000000,1980年,人
5,00700,全域,000,男女総数,207,35～39歳,003,アメリカ,46000,鹿児島県,1980000000,1980年,人
99,00700,全域,000,男女総数,207,35～39歳,003,アメリカ,47000,沖縄県,1980000000,1980年,人
2591,00700,全域,000,男女総数,207,35～39歳,004,その他,00000,全国,1980000000,1980年,人
2410,00700,全域,000,男女総数,207,35～39歳,004,その他,00001,全国市部,1980000000,1980年,人
181,00700,全域,000,男女総数,207,35～39歳,004,その他,00002,全国郡部,1980000000,1980年,人
30,00700,全域,000,男女総数,207,35～39歳,004,その他,01000,北海道,1980000000,1980年,人
10,00700,全域,000,男女総数,207,35～39歳,004,その他,02000,青森県,1980000000,1980年,人
4,00700,全域,000,男女総数,207,35～39歳,004,その他,03000,岩手県,1980000000,1980年,人
17,00700,全域,000,男女総数,207,35～39歳,004,その他,04000,宮城県,1980000000,1980年,人
2,00700,全域,000,男女総数,207,35～39歳,004,その他,05000,秋田県,1980000000,1980年,人
6,00700,全域,000,男女総数,207,35～39歳,004,その他,06000,山形県,1980000000,1980年,人
7,00700,全域,000,男女総数,207,35～39歳,004,その他,07000,福島県,1980000000,1980年,人
51,00700,全域,000,男女総数,207,35～39歳,004,その他,08000,茨城県,1980000000,1980年,人
11,00700,全域,000,男女総数,207,35～39歳,004,その他,09000,栃木県,1980000000,1980年,人
12,00700,全域,000,男女総数,207,35～39歳,004,その他,10000,群馬県,1980000000,1980年,人
49,00700,全域,000,男女総数,207,35～39歳,004,その他,11000,埼玉県,1980000000,1980年,人
61,00700,全域,000,男女総数,207,35～39歳,004,その他,12000,千葉県,1980000000,1980年,人
1131,00700,全域,000,男女総数,207,35～39歳,004,その他,13000,東京都,1980000000,1980年,人
250,00700,全域,000,男女総数,207,35～39歳,004,その他,14000,神奈川県,1980000000,1980年,人
8,00700,全域,000,男女総数,207,35～39歳,004,その他,15000,新潟県,1980000000,1980年,人
2,00700,全域,000,男女総数,207,35～39歳,004,その他,16000,富山県,1980000000,1980年,人
4,00700,全域,000,男女総数,207,35～39歳,004,その他,17000,石川県,1980000000,1980年,人
5,00700,全域,000,男女総数,207,35～39歳,004,その他,18000,福井県,1980000000,1980年,人
7,00700,全域,000,男女総数,207,35～39歳,004,その他,19000,山梨県,1980000000,1980年,人
9,00700,全域,000,男女総数,207,35～39歳,004,その他,20000,長野県,1980000000,1980年,人
8,00700,全域,000,男女総数,207,35～39歳,004,その他,21000,岐阜県,1980000000,1980年,人
28,00700,全域,000,男女総数,207,35～39歳,004,その他,22000,静岡県,1980000000,1980年,人
76,00700,全域,000,男女総数,207,35～39歳,004,その他,23000,愛知県,1980000000,1980年,人
8,00700,全域,000,男女総数,207,35～39歳,004,その他,24000,三重県,1980000000,1980年,人
7,00700,全域,000,男女総数,207,35～39歳,004,その他,25000,滋賀県,1980000000,1980年,人
77,00700,全域,000,男女総数,207,35～39歳,004,その他,26000,京都府,1980000000,1980年,人
124,00700,全域,000,男女総数,207,35～39歳,004,その他,27000,大阪府,1980000000,1980年,人
301,00700,全域,000,男女総数,207,35～39歳,004,その他,28000,兵庫県,1980000000,1980年,人
10,00700,全域,000,男女総数,207,35～39歳,004,その他,29000,奈良県,1980000000,1980年,人
5,00700,全域,000,男女総数,207,35～39歳,004,その他,30000,和歌山県,1980000000,1980年,人
4,00700,全域,000,男女総数,207,35～39歳,004,その他,31000,鳥取県,1980000000,1980年,人
3,00700,全域,000,男女総数,207,35～39歳,004,その他,32000,島根県,1980000000,1980年,人
19,00700,全域,000,男女総数,207,35～39歳,004,その他,33000,岡山県,1980000000,1980年,人
51,00700,全域,000,男女総数,207,35～39歳,004,その他,34000,広島県,1980000000,1980年,人
9,00700,全域,000,男女総数,207,35～39歳,004,その他,35000,山口県,1980000000,1980年,人
7,00700,全域,000,男女総数,207,35～39歳,004,その他,36000,徳島県,1980000000,1980年,人
9,00700,全域,000,男女総数,207,35～39歳,004,その他,37000,香川県,1980000000,1980年,人
7,00700,全域,000,男女総数,207,35～39歳,004,その他,38000,愛媛県,1980000000,1980年,人
2,00700,全域,000,男女総数,207,35～39歳,004,その他,39000,高知県,1980000000,1980年,人
40,00700,全域,000,男女総数,207,35～39歳,004,その他,40000,福岡県,1980000000,1980年,人
3,00700,全域,000,男女総数,207,35～39歳,004,その他,41000,佐賀県,1980000000,1980年,人
15,00700,全域,000,男女総数,207,35～39歳,004,その他,42000,長崎県,1980000000,1980年,人
7,00700,全域,000,男女総数,207,35～39歳,004,その他,43000,熊本県,1980000000,1980年,人
13,00700,全域,000,男女総数,207,35～39歳,004,その他,44000,大分県,1980000000,1980年,人
8,00700,全域,000,男女総数,207,35～39歳,004,その他,45000,宮崎県,1980000000,1980年,人
7,00700,全域,000,男女総数,207,35～39歳,004,その他,46000,鹿児島県,1980000000,1980年,人
67,00700,全域,000,男女総数,207,35～39歳,004,その他,47000,沖縄県,1980000000,1980年,人
41461,00700,全域,000,男女総数,208,40～44歳,000,国籍総数,00000,全国,1980000000,1980年,人
38394,00700,全域,000,男女総数,208,40～44歳,000,国籍総数,00001,全国市部,1980000000,1980年,人
3067,00700,全域,000,男女総数,208,40～44歳,000,国籍総数,00002,全国郡部,1980000000,1980年,人
362,00700,全域,000,男女総数,208,40～44歳,000,国籍総数,01000,北海道,1980000000,1980年,人
76,00700,全域,000,男女総数,208,40～44歳,000,国籍総数,02000,青森県,1980000000,1980年,人
80,00700,全域,000,男女総数,208,40～44歳,000,国籍総数,03000,岩手県,1980000000,1980年,人
204,00700,全域,000,男女総数,208,40～44歳,000,国籍総数,04000,宮城県,1980000000,1980年,人
57,00700,全域,000,男女総数,208,40～44歳,000,国籍総数,05000,秋田県,1980000000,1980年,人
53,00700,全域,000,男女総数,208,40～44歳,000,国籍総数,06000,山形県,1980000000,1980年,人
136,00700,全域,000,男女総数,208,40～44歳,000,国籍総数,07000,福島県,1980000000,1980年,人
270,00700,全域,000,男女総数,208,40～44歳,000,国籍総数,08000,茨城県,1980000000,1980年,人
135,00700,全域,000,男女総数,208,40～44歳,000,国籍総数,09000,栃木県,1980000000,1980年,人
162,00700,全域,000,男女総数,208,40～44歳,000,国籍総数,10000,群馬県,1980000000,1980年,人
647,00700,全域,000,男女総数,208,40～44歳,000,国籍総数,11000,埼玉県,1980000000,1980年,人
716,00700,全域,000,男女総数,208,40～44歳,000,国籍総数,12000,千葉県,1980000000,1980年,人
5409,00700,全域,000,男女総数,208,40～44歳,000,国籍総数,13000,東京都,1980000000,1980年,人
2140,00700,全域,000,男女総数,208,40～44歳,000,国籍総数,14000,神奈川県,1980000000,1980年,人
144,00700,全域,000,男女総数,208,40～44歳,000,国籍総数,15000,新潟県,1980000000,1980年,人
132,00700,全域,000,男女総数,208,40～44歳,000,国籍総数,16000,富山県,1980000000,1980年,人
187,00700,全域,000,男女総数,208,40～44歳,000,国籍総数,17000,石川県,1980000000,1980年,人
284,00700,全域,000,男女総数,208,40～44歳,000,国籍総数,18000,福井県,1980000000,1980年,人
100,00700,全域,000,男女総数,208,40～44歳,000,国籍総数,19000,山梨県,1980000000,1980年,人
311,00700,全域,000,男女総数,208,40～44歳,000,国籍総数,20000,長野県,1980000000,1980年,人
686,00700,全域,000,男女総数,208,40～44歳,000,国籍総数,21000,岐阜県,1980000000,1980年,人
511,00700,全域,000,男女総数,208,40～44歳,000,国籍総数,22000,静岡県,1980000000,1980年,人
3527,00700,全域,000,男女総数,208,40～44歳,000,国籍総数,23000,愛知県,1980000000,1980年,人
545,00700,全域,000,男女総数,208,40～44歳,000,国籍総数,24000,三重県,1980000000,1980年,人
484,00700,全域,000,男女総数,208,40～44歳,000,国籍総数,25000,滋賀県,1980000000,1980年,人
2888,00700,全域,000,男女総数,208,40～44歳,000,国籍総数,26000,京都府,1980000000,1980年,人
10739,00700,全域,000,男女総数,208,40～44歳,000,国籍総数,27000,大阪府,1980000000,1980年,人
4699,00700,全域,000,男女総数,208,40～44歳,000,国籍総数,28000,兵庫県,1980000000,1980年,人
355,00700,全域,000,男女総数,208,40～44歳,000,国籍総数,29000,奈良県,1980000000,1980年,人
301,00700,全域,000,男女総数,208,40～44歳,000,国籍総数,30000,和歌山県,1980000000,1980年,人
94,00700,全域,000,男女総数,208,40～44歳,000,国籍総数,31000,鳥取県,1980000000,1980年,人
90,00700,全域,000,男女総数,208,40～44歳,000,国籍総数,32000,島根県,1980000000,1980年,人
507,00700,全域,000,男女総数,208,40～44歳,000,国籍総数,33000,岡山県,1980000000,1980年,人
1017,00700,全域,000,男女総数,208,40～44歳,000,国籍総数,34000,広島県,1980000000,1980年,人
779,00700,全域,000,男女総数,208,40～44歳,000,国籍総数,35000,山口県,1980000000,1980年,人
29,00700,全域,000,男女総数,208,40～44歳,000,国籍総数,36000,徳島県,1980000000,1980年,人
60,00700,全域,000,男女総数,208,40～44歳,000,国籍総数,37000,香川県,1980000000,1980年,人
116,00700,全域,000,男女総数,208,40～44歳,000,国籍総数,38000,愛媛県,1980000000,1980年,人
68,00700,全域,000,男女総数,208,40～44歳,000,国籍総数,39000,高知県,1980000000,1980年,人
1490,00700,全域,000,男女総数,208,40～44歳,000,国籍総数,40000,福岡県,1980000000,1980年,人
84,00700,全域,000,男女総数,208,40～44歳,000,国籍総数,41000,佐賀県,1980000000,1980年,人
155,00700,全域,000,男女総数,208,40～44歳,000,国籍総数,42000,長崎県,1980000000,1980年,人
99,00700,全域,000,男女総数,208,40～44歳,000,国籍総数,43000,熊本県,1980000000,1980年,人
186,00700,全域,000,男女総数,208,40～44歳,000,国籍総数,44000,大分県,1980000000,1980年,人
48,00700,全域,000,男女総数,208,40～44歳,000,国籍総数,45000,宮崎県,1980000000,1980年,人
60,00700,全域,000,男女総数,208,40～44歳,000,国籍総数,46000,鹿児島県,1980000000,1980年,人
239,00700,全域,000,男女総数,208,40～44歳,000,国籍総数,47000,沖縄県,1980000000,1980年,人
35092,00700,全域,000,男女総数,208,40～44歳,001,韓国・朝鮮,00000,全国,1980000000,1980年,人
32515,00700,全域,000,男女総数,208,40～44歳,001,韓国・朝鮮,00001,全国市部,1980000000,1980年,人
2577,00700,全域,000,男女総数,208,40～44歳,001,韓国・朝鮮,00002,全国郡部,1980000000,1980年,人
224,00700,全域,000,男女総数,208,40～44歳,001,韓国・朝鮮,01000,北海道,1980000000,1980年,人
59,00700,全域,000,男女総数,208,40～44歳,001,韓国・朝鮮,02000,青森県,1980000000,1980年,人
65,00700,全域,000,男女総数,208,40～44歳,001,韓国・朝鮮,03000,岩手県,1980000000,1980年,人
153,00700,全域,000,男女総数,208,40～44歳,001,韓国・朝鮮,04000,宮城県,1980000000,1980年,人
44,00700,全域,000,男女総数,208,40～44歳,001,韓国・朝鮮,05000,秋田県,1980000000,1980年,人
34,00700,全域,000,男女総数,208,40～44歳,001,韓国・朝鮮,06000,山形県,1980000000,1980年,人
91,00700,全域,000,男女総数,208,40～44歳,001,韓国・朝鮮,07000,福島県,1980000000,1980年,人
206,00700,全域,000,男女総数,208,40～44歳,001,韓国・朝鮮,08000,茨城県,1980000000,1980年,人
111,00700,全域,000,男女総数,208,40～44歳,001,韓国・朝鮮,09000,栃木県,1980000000,1980年,人
128,00700,全域,000,男女総数,208,40～44歳,001,韓国・朝鮮,10000,群馬県,1980000000,1980年,人
531,00700,全域,000,男女総数,208,40～44歳,001,韓国・朝鮮,11000,埼玉県,1980000000,1980年,人
563,00700,全域,000,男女総数,208,40～44歳,001,韓国・朝鮮,12000,千葉県,1980000000,1980年,人
3370,00700,全域,000,男女総数,208,40～44歳,001,韓国・朝鮮,13000,東京都,1980000000,1980年,人
1461,00700,全域,000,男女総数,208,40～44歳,001,韓国・朝鮮,14000,神奈川県,1980000000,1980年,人
114,00700,全域,000,男女総数,208,40～44歳,001,韓国・朝鮮,15000,新潟県,1980000000,1980年,人
119,00700,全域,000,男女総数,208,40～44歳,001,韓国・朝鮮,16000,富山県,1980000000,1980年,人
168,00700,全域,000,男女総数,208,40～44歳,001,韓国・朝鮮,17000,石川県,1980000000,1980年,人
270,00700,全域,000,男女総数,208,40～44歳,001,韓国・朝鮮,18000,福井県,1980000000,1980年,人
87,00700,全域,000,男女総数,208,40～44歳,001,韓国・朝鮮,19000,山梨県,1980000000,1980年,人
275,00700,全域,000,男女総数,208,40～44歳,001,韓国・朝鮮,20000,長野県,1980000000,1980年,人
652,00700,全域,000,男女総数,208,40～44歳,001,韓国・朝鮮,21000,岐阜県,1980000000,1980年,人
433,00700,全域,000,男女総数,208,40～44歳,001,韓国・朝鮮,22000,静岡県,1980000000,1980年,人
3354,00700,全域,000,男女総数,208,40～44歳,001,韓国・朝鮮,23000,愛知県,1980000000,1980年,人
512,00700,全域,000,男女総数,208,40～44歳,001,韓国・朝鮮,24000,三重県,1980000000,1980年,人
449,00700,全域,000,男女総数,208,40～44歳,001,韓国・朝鮮,25000,滋賀県,1980000000,1980年,人
2756,00700,全域,000,男女総数,208,40～44歳,001,韓国・朝鮮,26000,京都府,1980000000,1980年,人
10197,00700,全域,000,男女総数,208,40～44歳,001,韓国・朝鮮,27000,大阪府,1980000000,1980年,人
3853,00700,全域,000,男女総数,208,40～44歳,001,韓国・朝鮮,28000,兵庫県,1980000000,1980年,人
318,00700,全域,000,男女総数,208,40～44歳,001,韓国・朝鮮,29000,奈良県,1980000000,1980年,人
258,00700,全域,000,男女総数,208,40～44歳,001,韓国・朝鮮,30000,和歌山県,1980000000,1980年,人
85,00700,全域,000,男女総数,208,40～44歳,001,韓国・朝鮮,31000,鳥取県,1980000000,1980年,人
69,00700,全域,000,男女総数,208,40～44歳,001,韓国・朝鮮,32000,島根県,1980000000,1980年,人
463,00700,全域,000,男女総数,208,40～44歳,001,韓国・朝鮮,33000,岡山県,1980000000,1980年,人
917,00700,全域,000,男女総数,208,40～44歳,001,韓国・朝鮮,34000,広島県,1980000000,1980年,人
737,00700,全域,000,男女総数,208,40～44歳,001,韓国・朝鮮,35000,山口県,1980000000,1980年,人
16,00700,全域,000,男女総数,208,40～44歳,001,韓国・朝鮮,36000,徳島県,1980000000,1980年,人
44,00700,全域,000,男女総数,208,40～44歳,001,韓国・朝鮮,37000,香川県,1980000000,1980年,人
98,00700,全域,000,男女総数,208,40～44歳,001,韓国・朝鮮,38000,愛媛県,1980000000,1980年,人
49,00700,全域,000,男女総数,208,40～44歳,001,韓国・朝鮮,39000,高知県,1980000000,1980年,人
1341,00700,全域,000,男女総数,208,40～44歳,001,韓国・朝鮮,40000,福岡県,1980000000,1980年,人
64,00700,全域,000,男女総数,208,40～44歳,001,韓国・朝鮮,41000,佐賀県,1980000000,1980年,人
100,00700,全域,000,男女総数,208,40～44歳,001,韓国・朝鮮,42000,長崎県,1980000000,1980年,人
63,00700,全域,000,男女総数,208,40～44歳,001,韓国・朝鮮,43000,熊本県,1980000000,1980年,人
138,00700,全域,000,男女総数,208,40～44歳,001,韓国・朝鮮,44000,大分県,1980000000,1980年,人
34,00700,全域,000,男女総数,208,40～44歳,001,韓国・朝鮮,45000,宮崎県,1980000000,1980年,人
13,00700,全域,000,男女総数,208,40～44歳,001,韓国・朝鮮,46000,鹿児島県,1980000000,1980年,人
6,00700,全域,000,男女総数,208,40～44歳,001,韓国・朝鮮,47000,沖縄県,1980000000,1980年,人
2568,00700,全域,000,男女総数,208,40～44歳,002,中国,00000,全国,1980000000,1980年,人
2422,00700,全域,000,男女総数,208,40～44歳,002,中国,00001,全国市部,1980000000,1980年,人
146,00700,全域,000,男女総数,208,40～44歳,002,中国,00002,全国郡部,1980000000,1980年,人
49,00700,全域,000,男女総数,208,40～44歳,002,中国,01000,北海道,1980000000,1980年,人
5,00700,全域,000,男女総数,208,40～44歳,002,中国,02000,青森県,1980000000,1980年,人
8,00700,全域,000,男女総数,208,40～44歳,002,中国,03000,岩手県,1980000000,1980年,人
31,00700,全域,000,男女総数,208,40～44歳,002,中国,04000,宮城県,1980000000,1980年,人
3,00700,全域,000,男女総数,208,40～44歳,002,中国,05000,秋田県,1980000000,1980年,人
13,00700,全域,000,男女総数,208,40～44歳,002,中国,06000,山形県,1980000000,1980年,人
15,00700,全域,000,男女総数,208,40～44歳,002,中国,07000,福島県,1980000000,1980年,人
12,00700,全域,000,男女総数,208,40～44歳,002,中国,08000,茨城県,1980000000,1980年,人
8,00700,全域,000,男女総数,208,40～44歳,002,中国,09000,栃木県,1980000000,1980年,人
11,00700,全域,000,男女総数,208,40～44歳,002,中国,10000,群馬県,1980000000,1980年,人
35,00700,全域,000,男女総数,208,40～44歳,002,中国,11000,埼玉県,1980000000,1980年,人
77,00700,全域,000,男女総数,208,40～44歳,002,中国,12000,千葉県,1980000000,1980年,人
623,00700,全域,000,男女総数,208,40～44歳,002,中国,13000,東京都,1980000000,1980年,人
322,00700,全域,000,男女総数,208,40～44歳,002,中国,14000,神奈川県,1980000000,1980年,人
15,00700,全域,000,男女総数,208,40～44歳,002,中国,15000,新潟県,1980000000,1980年,人
2,00700,全域,000,男女総数,208,40～44歳,002,中国,16000,富山県,1980000000,1980年,人
6,00700,全域,000,男女総数,208,40～44歳,002,中国,17000,石川県,1980000000,1980年,人
3,00700,全域,000,男女総数,208,40～44歳,002,中国,18000,福井県,1980000000,1980年,人
10,00700,全域,000,男女総数,208,40～44歳,002,中国,19000,山梨県,1980000000,1980年,人
14,00700,全域,000,男女総数,208,40～44歳,002,中国,20000,長野県,1980000000,1980年,人
17,00700,全域,000,男女総数,208,40～44歳,002,中国,21000,岐阜県,1980000000,1980年,人
37,00700,全域,000,男女総数,208,40～44歳,002,中国,22000,静岡県,1980000000,1980年,人
56,00700,全域,000,男女総数,208,40～44歳,002,中国,23000,愛知県,1980000000,1980年,人
11,00700,全域,000,男女総数,208,40～44歳,002,中国,24000,三重県,1980000000,1980年,人
9,00700,全域,000,男女総数,208,40～44歳,002,中国,25000,滋賀県,1980000000,1980年,人
44,00700,全域,000,男女総数,208,40～44歳,002,中国,26000,京都府,1980000000,1980年,人
270,00700,全域,000,男女総数,208,40～44歳,002,中国,27000,大阪府,1980000000,1980年,人
472,00700,全域,000,男女総数,208,40～44歳,002,中国,28000,兵庫県,1980000000,1980年,人
11,00700,全域,000,男女総数,208,40～44歳,002,中国,29000,奈良県,1980000000,1980年,人
24,00700,全域,000,男女総数,208,40～44歳,002,中国,30000,和歌山県,1980000000,1980年,人
4,00700,全域,000,男女総数,208,40～44歳,002,中国,31000,鳥取県,1980000000,1980年,人
16,00700,全域,000,男女総数,208,40～44歳,002,中国,32000,島根県,1980000000,1980年,人
19,00700,全域,000,男女総数,208,40～44歳,002,中国,33000,岡山県,1980000000,1980年,人
31,00700,全域,000,男女総数,208,40～44歳,002,中国,34000,広島県,1980000000,1980年,人
11,00700,全域,000,男女総数,208,40～44歳,002,中国,35000,山口県,1980000000,1980年,人
3,00700,全域,000,男女総数,208,40～44歳,002,中国,36000,徳島県,1980000000,1980年,人
7,00700,全域,000,男女総数,208,40～44歳,002,中国,37000,香川県,1980000000,1980年,人
4,00700,全域,000,男女総数,208,40～44歳,002,中国,38000,愛媛県,1980000000,1980年,人
3,00700,全域,000,男女総数,208,40～44歳,002,中国,39000,高知県,1980000000,1980年,人
74,00700,全域,000,男女総数,208,40～44歳,002,中国,40000,福岡県,1980000000,1980年,人
10,00700,全域,000,男女総数,208,40～44歳,002,中国,41000,佐賀県,1980000000,1980年,人
30,00700,全域,000,男女総数,208,40～44歳,002,中国,42000,長崎県,1980000000,1980年,人
18,00700,全域,000,男女総数,208,40～44歳,002,中国,43000,熊本県,1980000000,1980年,人
36,00700,全域,000,男女総数,208,40～44歳,002,中国,44000,大分県,1980000000,1980年,人
4,00700,全域,000,男女総数,208,40～44歳,002,中国,45000,宮崎県,1980000000,1980年,人
29,00700,全域,000,男女総数,208,40～44歳,002,中国,46000,鹿児島県,1980000000,1980年,人
56,00700,全域,000,男女総数,208,40～44歳,002,中国,47000,沖縄県,1980000000,1980年,人
1013,00700,全域,000,男女総数,208,40～44歳,003,アメリカ,00000,全国,1980000000,1980年,人
925,00700,全域,000,男女総数,208,40～44歳,003,アメリカ,00001,全国市部,1980000000,1980年,人
88,00700,全域,000,男女総数,208,40～44歳,003,アメリカ,00002,全国郡部,1980000000,1980年,人
22,00700,全域,000,男女総数,208,40～44歳,003,アメリカ,01000,北海道,1980000000,1980年,人
4,00700,全域,000,男女総数,208,40～44歳,003,アメリカ,02000,青森県,1980000000,1980年,人
6,00700,全域,000,男女総数,208,40～44歳,003,アメリカ,04000,宮城県,1980000000,1980年,人
1,00700,全域,000,男女総数,208,40～44歳,003,アメリカ,05000,秋田県,1980000000,1980年,人
3,00700,全域,000,男女総数,208,40～44歳,003,アメリカ,06000,山形県,1980000000,1980年,人
5,00700,全域,000,男女総数,208,40～44歳,003,アメリカ,07000,福島県,1980000000,1980年,人
9,00700,全域,000,男女総数,208,40～44歳,003,アメリカ,08000,茨城県,1980000000,1980年,人
4,00700,全域,000,男女総数,208,40～44歳,003,アメリカ,09000,栃木県,1980000000,1980年,人
5,00700,全域,000,男女総数,208,40～44歳,003,アメリカ,10000,群馬県,1980000000,1980年,人
27,00700,全域,000,男女総数,208,40～44歳,003,アメリカ,11000,埼玉県,1980000000,1980年,人
12,00700,全域,000,男女総数,208,40～44歳,003,アメリカ,12000,千葉県,1980000000,1980年,人
448,00700,全域,000,男女総数,208,40～44歳,003,アメリカ,13000,東京都,1980000000,1980年,人
122,00700,全域,000,男女総数,208,40～44歳,003,アメリカ,14000,神奈川県,1980000000,1980年,人
1,00700,全域,000,男女総数,208,40～44歳,003,アメリカ,15000,新潟県,1980000000,1980年,人
1,00700,全域,000,男女総数,208,40～44歳,003,アメリカ,16000,富山県,1980000000,1980年,人
1,00700,全域,000,男女総数,208,40～44歳,003,アメリカ,17000,石川県,1980000000,1980年,人
1,00700,全域,000,男女総数,208,40～44歳,003,アメリカ,19000,山梨県,1980000000,1980年,人
3,00700,全域,000,男女総数,208,40～44歳,003,アメリカ,20000,長野県,1980000000,1980年,人
3,00700,全域,000,男女総数,208,40～44歳,003,アメリカ,21000,岐阜県,1980000000,1980年,人
7,00700,全域,000,男女総数,208,40～44歳,003,アメリカ,22000,静岡県,1980000000,1980年,人
36,00700,全域,000,男女総数,208,40～44歳,003,アメリカ,23000,愛知県,1980000000,1980年,人
3,00700,全域,000,男女総数,208,40～44歳,003,アメリカ,24000,三重県,1980000000,1980年,人
3,00700,全域,000,男女総数,208,40～44歳,003,アメリカ,25000,滋賀県,1980000000,1980年,人
22,00700,全域,000,男女総数,208,40～44歳,003,アメリカ,26000,京都府,1980000000,1980年,人
14,00700,全域,000,男女総数,208,40～44歳,003,アメリカ,27000,大阪府,1980000000,1980年,人
51,00700,全域,000,男女総数,208,40～44歳,003,アメリカ,28000,兵庫県,1980000000,1980年,人
4,00700,全域,000,男女総数,208,40～44歳,003,アメリカ,29000,奈良県,1980000000,1980年,人
4,00700,全域,000,男女総数,208,40～44歳,003,アメリカ,30000,和歌山県,1980000000,1980年,人
1,00700,全域,000,男女総数,208,40～44歳,003,アメリカ,31000,鳥取県,1980000000,1980年,人
2,00700,全域,000,男女総数,208,40～44歳,003,アメリカ,33000,岡山県,1980000000,1980年,人
15,00700,全域,000,男女総数,208,40～44歳,003,アメリカ,34000,広島県,1980000000,1980年,人
5,00700,全域,000,男女総数,208,40～44歳,003,アメリカ,35000,山口県,1980000000,1980年,人
2,00700,全域,000,男女総数,208,40～44歳,003,アメリカ,36000,徳島県,1980000000,1980年,人
1,00700,全域,000,男女総数,208,40～44歳,003,アメリカ,37000,香川県,1980000000,1980年,人
1,00700,全域,000,男女総数,208,40～44歳,003,アメリカ,38000,愛媛県,1980000000,1980年,人
3,00700,全域,000,男女総数,208,40～44歳,003,アメリカ,39000,高知県,1980000000,1980年,人
23,00700,全域,000,男女総数,208,40～44歳,003,アメリカ,40000,福岡県,1980000000,1980年,人
1,00700,全域,000,男女総数,208,40～44歳,003,アメリカ,41000,佐賀県,1980000000,1980年,人
7,00700,全域,000,男女総数,208,40～44歳,003,アメリカ,42000,長崎県,1980000000,1980年,人
3,00700,全域,000,男女総数,208,40～44歳,003,アメリカ,43000,熊本県,1980000000,1980年,人
3,00700,全域,000,男女総数,208,40～44歳,003,アメリカ,44000,大分県,1980000000,1980年,人
3,00700,全域,000,男女総数,208,40～44歳,003,アメリカ,45000,宮崎県,1980000000,1980年,人
3,00700,全域,000,男女総数,208,40～44歳,003,アメリカ,46000,鹿児島県,1980000000,1980年,人
118,00700,全域,000,男女総数,208,40～44歳,003,アメリカ,47000,沖縄県,1980000000,1980年,人
1694,00700,全域,000,男女総数,208,40～44歳,004,その他,00000,全国,1980000000,1980年,人
1570,00700,全域,000,男女総数,208,40～44歳,004,その他,00001,全国市部,1980000000,1980年,人
124,00700,全域,000,男女総数,208,40～44歳,004,その他,00002,全国郡部,1980000000,1980年,人
37,00700,全域,000,男女総数,208,40～44歳,004,その他,01000,北海道,1980000000,1980年,人
1,00700,全域,000,男女総数,208,40～44歳,004,その他,02000,青森県,1980000000,1980年,人
6,00700,全域,000,男女総数,208,40～44歳,004,その他,04000,宮城県,1980000000,1980年,人
3,00700,全域,000,男女総数,208,40～44歳,004,その他,05000,秋田県,1980000000,1980年,人
1,00700,全域,000,男女総数,208,40～44歳,004,その他,06000,山形県,1980000000,1980年,人
8,00700,全域,000,男女総数,208,40～44歳,004,その他,07000,福島県,1980000000,1980年,人
25,00700,全域,000,男女総数,208,40～44歳,004,その他,08000,茨城県,1980000000,1980年,人
5,00700,全域,000,男女総数,208,40～44歳,004,その他,09000,栃木県,1980000000,1980年,人
7,00700,全域,000,男女総数,208,40～44歳,004,その他,10000,群馬県,1980000000,1980年,人
25,00700,全域,000,男女総数,208,40～44歳,004,その他,11000,埼玉県,1980000000,1980年,人
33,00700,全域,000,男女総数,208,40～44歳,004,その他,12000,千葉県,1980000000,1980年,人
729,00700,全域,000,男女総数,208,40～44歳,004,その他,13000,東京都,1980000000,1980年,人
164,00700,全域,000,男女総数,208,40～44歳,004,その他,14000,神奈川県,1980000000,1980年,人
7,00700,全域,000,男女総数,208,40～44歳,004,その他,15000,新潟県,1980000000,1980年,人
6,00700,全域,000,男女総数,208,40～44歳,004,その他,16000,富山県,1980000000,1980年,人
5,00700,全域,000,男女総数,208,40～44歳,004,その他,17000,石川県,1980000000,1980年,人
6,00700,全域,000,男女総数,208,40～44歳,004,その他,18000,福井県,1980000000,1980年,人
9,00700,全域,000,男女総数,208,40～44歳,004,その他,20000,長野県,1980000000,1980年,人
6,00700,全域,000,男女総数,208,40～44歳,004,その他,21000,岐阜県,1980000000,1980年,人
16,00700,全域,000,男女総数,208,40～44歳,004,その他,22000,静岡県,1980000000,1980年,人
43,00700,全域,000,男女総数,208,40～44歳,004,その他,23000,愛知県,1980000000,1980年,人
8,00700,全域,000,男女総数,208,40～44歳,004,その他,24000,三重県,1980000000,1980年,人
15,00700,全域,000,男女総数,208,40～44歳,004,その他,25000,滋賀県,1980000000,1980年,人
22,00700,全域,000,男女総数,208,40～44歳,004,その他,26000,京都府,1980000000,1980年,人
68,00700,全域,000,男女総数,208,40～44歳,004,その他,27000,大阪府,1980000000,1980年,人
250,00700,全域,000,男女総数,208,40～44歳,004,その他,28000,兵庫県,1980000000,1980年,人
8,00700,全域,000,男女総数,208,40～44歳,004,その他,29000,奈良県,1980000000,1980年,人
7,00700,全域,000,男女総数,208,40～44歳,004,その他,30000,和歌山県,1980000000,1980年,人
2,00700,全域,000,男女総数,208,40～44歳,004,その他,31000,鳥取県,1980000000,1980年,人
3,00700,全域,000,男女総数,208,40～44歳,004,その他,32000,島根県,1980000000,1980年,人
13,00700,全域,000,男女総数,208,40～44歳,004,その他,33000,岡山県,1980000000,1980年,人
25,00700,全域,000,男女総数,208,40～44歳,004,その他,34000,広島県,1980000000,1980年,人
12,00700,全域,000,男女総数,208,40～44歳,004,その他,35000,山口県,1980000000,1980年,人
4,00700,全域,000,男女総数,208,40～44歳,004,その他,36000,徳島県,1980000000,1980年,人
2,00700,全域,000,男女総数,208,40～44歳,004,その他,37000,香川県,1980000000,1980年,人
5,00700,全域,000,男女総数,208,40～44歳,004,その他,38000,愛媛県,1980000000,1980年,人
5,00700,全域,000,男女総数,208,40～44歳,004,その他,39000,高知県,1980000000,1980年,人
17,00700,全域,000,男女総数,208,40～44歳,004,その他,40000,福岡県,1980000000,1980年,人
4,00700,全域,000,男女総数,208,40～44歳,004,その他,41000,佐賀県,1980000000,1980年,人
12,00700,全域,000,男女総数,208,40～44歳,004,その他,42000,長崎県,1980000000,1980年,人
4,00700,全域,000,男女総数,208,40～44歳,004,その他,43000,熊本県,1980000000,1980年,人
5,00700,全域,000,男女総数,208,40～44歳,004,その他,44000,大分県,1980000000,1980年,人
4,00700,全域,000,男女総数,208,40～44歳,004,その他,45000,宮崎県,1980000000,1980年,人
6,00700,全域,000,男女総数,208,40～44歳,004,その他,46000,鹿児島県,1980000000,1980年,人
51,00700,全域,000,男女総数,208,40～44歳,004,その他,47000,沖縄県,1980000000,1980年,人
32582,00700,全域,000,男女総数,209,45～49歳,000,国籍総数,00000,全国,1980000000,1980年,人
30099,00700,全域,000,男女総数,209,45～49歳,000,国籍総数,00001,全国市部,1980000000,1980年,人
2483,00700,全域,000,男女総数,209,45～49歳,000,国籍総数,00002,全国郡部,1980000000,1980年,人
323,00700,全域,000,男女総数,209,45～49歳,000,国籍総数,01000,北海道,1980000000,1980年,人
104,00700,全域,000,男女総数,209,45～49歳,000,国籍総数,02000,青森県,1980000000,1980年,人
68,00700,全域,000,男女総数,209,45～49歳,000,国籍総数,03000,岩手県,1980000000,1980年,人
158,00700,全域,000,男女総数,209,45～49歳,000,国籍総数,04000,宮城県,1980000000,1980年,人
41,00700,全域,000,男女総数,209,45～49歳,000,国籍総数,05000,秋田県,1980000000,1980年,人
51,00700,全域,000,男女総数,209,45～49歳,000,国籍総数,06000,山形県,1980000000,1980年,人
99,00700,全域,000,男女総数,209,45～49歳,000,国籍総数,07000,福島県,1980000000,1980年,人
197,00700,全域,000,男女総数,209,45～49歳,000,国籍総数,08000,茨城県,1980000000,1980年,人
111,00700,全域,000,男女総数,209,45～49歳,000,国籍総数,09000,栃木県,1980000000,1980年,人
148,00700,全域,000,男女総数,209,45～49歳,000,国籍総数,10000,群馬県,1980000000,1980年,人
471,00700,全域,000,男女総数,209,45～49歳,000,国籍総数,11000,埼玉県,1980000000,1980年,人
510,00700,全域,000,男女総数,209,45～49歳,000,国籍総数,12000,千葉県,1980000000,1980年,人
4556,00700,全域,000,男女総数,209,45～49歳,000,国籍総数,13000,東京都,1980000000,1980年,人
1740,00700,全域,000,男女総数,209,45～49歳,000,国籍総数,14000,神奈川県,1980000000,1980年,人
136,00700,全域,000,男女総数,209,45～49歳,000,国籍総数,15000,新潟県,1980000000,1980年,人
93,00700,全域,000,男女総数,209,45～49歳,000,国籍総数,16000,富山県,1980000000,1980年,人
144,00700,全域,000,男女総数,209,45～49歳,000,国籍総数,17000,石川県,1980000000,1980年,人
217,00700,全域,000,男女総数,209,45～49歳,000,国籍総数,18000,福井県,1980000000,1980年,人
75,00700,全域,000,男女総数,209,45～49歳,000,国籍総数,19000,山梨県,1980000000,1980年,人
211,00700,全域,000,男女総数,209,45～49歳,000,国籍総数,20000,長野県,1980000000,1980年,人
490,00700,全域,000,男女総数,209,45～49歳,000,国籍総数,21000,岐阜県,1980000000,1980年,人
364,00700,全域,000,男女総数,209,45～49歳,000,国籍総数,22000,静岡県,1980000000,1980年,人
2775,00700,全域,000,男女総数,209,45～49歳,000,国籍総数,23000,愛知県,1980000000,1980年,人
338,00700,全域,000,男女総数,209,45～49歳,000,国籍総数,24000,三重県,1980000000,1980年,人
329,00700,全域,000,男女総数,209,45～49歳,000,国籍総数,25000,滋賀県,1980000000,1980年,人
2135,00700,全域,000,男女総数,209,45～49歳,000,国籍総数,26000,京都府,1980000000,1980年,人
8262,00700,全域,000,男女総数,209,45～49歳,000,国籍総数,27000,大阪府,1980000000,1980年,人
3602,00700,全域,000,男女総数,209,45～49歳,000,国籍総数,28000,兵庫県,1980000000,1980年,人
294,00700,全域,000,男女総数,209,45～49歳,000,国籍総数,29000,奈良県,1980000000,1980年,人
233,00700,全域,000,男女総数,209,45～49歳,000,国籍総数,30000,和歌山県,1980000000,1980年,人
65,00700,全域,000,男女総数,209,45～49歳,000,国籍総数,31000,鳥取県,1980000000,1980年,人
70,00700,全域,000,男女総数,209,45～49歳,000,国籍総数,32000,島根県,1980000000,1980年,人
408,00700,全域,000,男女総数,209,45～49歳,000,国籍総数,33000,岡山県,1980000000,1980年,人
742,00700,全域,000,男女総数,209,45～49歳,000,国籍総数,34000,広島県,1980000000,1980年,人
704,00700,全域,000,男女総数,209,45～49歳,000,国籍総数,35000,山口県,1980000000,1980年,人
28,00700,全域,000,男女総数,209,45～49歳,000,国籍総数,36000,徳島県,1980000000,1980年,人
44,00700,全域,000,男女総数,209,45～49歳,000,国籍総数,37000,香川県,1980000000,1980年,人
80,00700,全域,000,男女総数,209,45～49歳,000,国籍総数,38000,愛媛県,1980000000,1980年,人
49,00700,全域,000,男女総数,209,45～49歳,000,国籍総数,39000,高知県,1980000000,1980年,人
1245,00700,全域,000,男女総数,209,45～49歳,000,国籍総数,40000,福岡県,1980000000,1980年,人
56,00700,全域,000,男女総数,209,45～49歳,000,国籍総数,41000,佐賀県,1980000000,1980年,人
167,00700,全域,000,男女総数,209,45～49歳,000,国籍総数,42000,長崎県,1980000000,1980年,人
89,00700,全域,000,男女総数,209,45～49歳,000,国籍総数,43000,熊本県,1980000000,1980年,人
168,00700,全域,000,男女総数,209,45～49歳,000,国籍総数,44000,大分県,1980000000,1980年,人
65,00700,全域,000,男女総数,209,45～49歳,000,国籍総数,45000,宮崎県,1980000000,1980年,人
63,00700,全域,000,男女総数,209,45～49歳,000,国籍総数,46000,鹿児島県,1980000000,1980年,人
264,00700,全域,000,男女総数,209,45～49歳,000,国籍総数,47000,沖縄県,1980000000,1980年,人
27300,00700,全域,000,男女総数,209,45～49歳,001,韓国・朝鮮,00000,全国,1980000000,1980年,人
25241,00700,全域,000,男女総数,209,45～49歳,001,韓国・朝鮮,00001,全国市部,1980000000,1980年,人
2059,00700,全域,000,男女総数,209,45～49歳,001,韓国・朝鮮,00002,全国郡部,1980000000,1980年,人
240,00700,全域,000,男女総数,209,45～49歳,001,韓国・朝鮮,01000,北海道,1980000000,1980年,人
82,00700,全域,000,男女総数,209,45～49歳,001,韓国・朝鮮,02000,青森県,1980000000,1980年,人
53,00700,全域,000,男女総数,209,45～49歳,001,韓国・朝鮮,03000,岩手県,1980000000,1980年,人
118,00700,全域,000,男女総数,209,45～49歳,001,韓国・朝鮮,04000,宮城県,1980000000,1980年,人
34,00700,全域,000,男女総数,209,45～49歳,001,韓国・朝鮮,05000,秋田県,1980000000,1980年,人
35,00700,全域,000,男女総数,209,45～49歳,001,韓国・朝鮮,06000,山形県,1980000000,1980年,人
72,00700,全域,000,男女総数,209,45～49歳,001,韓国・朝鮮,07000,福島県,1980000000,1980年,人
149,00700,全域,000,男女総数,209,45～49歳,001,韓国・朝鮮,08000,茨城県,1980000000,1980年,人
88,00700,全域,000,男女総数,209,45～49歳,001,韓国・朝鮮,09000,栃木県,1980000000,1980年,人
117,00700,全域,000,男女総数,209,45～49歳,001,韓国・朝鮮,10000,群馬県,1980000000,1980年,人
393,00700,全域,000,男女総数,209,45～49歳,001,韓国・朝鮮,11000,埼玉県,1980000000,1980年,人
389,00700,全域,000,男女総数,209,45～49歳,001,韓国・朝鮮,12000,千葉県,1980000000,1980年,人
2880,00700,全域,000,男女総数,209,45～49歳,001,韓国・朝鮮,13000,東京都,1980000000,1980年,人
1157,00700,全域,000,男女総数,209,45～49歳,001,韓国・朝鮮,14000,神奈川県,1980000000,1980年,人
112,00700,全域,000,男女総数,209,45～49歳,001,韓国・朝鮮,15000,新潟県,1980000000,1980年,人
86,00700,全域,000,男女総数,209,45～49歳,001,韓国・朝鮮,16000,富山県,1980000000,1980年,人
135,00700,全域,000,男女総数,209,45～49歳,001,韓国・朝鮮,17000,石川県,1980000000,1980年,人
205,00700,全域,000,男女総数,209,45～49歳,001,韓国・朝鮮,18000,福井県,1980000000,1980年,人
62,00700,全域,000,男女総数,209,45～49歳,001,韓国・朝鮮,19000,山梨県,1980000000,1980年,人
178,00700,全域,000,男女総数,209,45～49歳,001,韓国・朝鮮,20000,長野県,1980000000,1980年,人
473,00700,全域,000,男女総数,209,45～49歳,001,韓国・朝鮮,21000,岐阜県,1980000000,1980年,人
321,00700,全域,000,男女総数,209,45～49歳,001,韓国・朝鮮,22000,静岡県,1980000000,1980年,人
2602,00700,全域,000,男女総数,209,45～49歳,001,韓国・朝鮮,23000,愛知県,1980000000,1980年,人
306,00700,全域,000,男女総数,209,45～49歳,001,韓国・朝鮮,24000,三重県,1980000000,1980年,人
307,00700,全域,000,男女総数,209,45～49歳,001,韓国・朝鮮,25000,滋賀県,1980000000,1980年,人
2004,00700,全域,000,男女総数,209,45～49歳,001,韓国・朝鮮,26000,京都府,1980000000,1980年,人
7838,00700,全域,000,男女総数,209,45～49歳,001,韓国・朝鮮,27000,大阪府,1980000000,1980年,人
2903,00700,全域,000,男女総数,209,45～49歳,001,韓国・朝鮮,28000,兵庫県,1980000000,1980年,人
264,00700,全域,000,男女総数,209,45～49歳,001,韓国・朝鮮,29000,奈良県,1980000000,1980年,人
200,00700,全域,000,男女総数,209,45～49歳,001,韓国・朝鮮,30000,和歌山県,1980000000,1980年,人
60,00700,全域,000,男女総数,209,45～49歳,001,韓国・朝鮮,31000,鳥取県,1980000000,1980年,人
58,00700,全域,000,男女総数,209,45～49歳,001,韓国・朝鮮,32000,島根県,1980000000,1980年,人
375,00700,全域,000,男女総数,209,45～49歳,001,韓国・朝鮮,33000,岡山県,1980000000,1980年,人
663,00700,全域,000,男女総数,209,45～49歳,001,韓国・朝鮮,34000,広島県,1980000000,1980年,人
667,00700,全域,000,男女総数,209,45～49歳,001,韓国・朝鮮,35000,山口県,1980000000,1980年,人
18,00700,全域,000,男女総数,209,45～49歳,001,韓国・朝鮮,36000,徳島県,1980000000,1980年,人
32,00700,全域,000,男女総数,209,45～49歳,001,韓国・朝鮮,37000,香川県,1980000000,1980年,人
68,00700,全域,000,男女総数,209,45～49歳,001,韓国・朝鮮,38000,愛媛県,1980000000,1980年,人
33,00700,全域,000,男女総数,209,45～49歳,001,韓国・朝鮮,39000,高知県,1980000000,1980年,人
1120,00700,全域,000,男女総数,209,45～49歳,001,韓国・朝鮮,40000,福岡県,1980000000,1980年,人
48,00700,全域,000,男女総数,209,45～49歳,001,韓国・朝鮮,41000,佐賀県,1980000000,1980年,人
104,00700,全域,000,男女総数,209,45～49歳,001,韓国・朝鮮,42000,長崎県,1980000000,1980年,人
60,00700,全域,000,男女総数,209,45～49歳,001,韓国・朝鮮,43000,熊本県,1980000000,1980年,人
132,00700,全域,000,男女総数,209,45～49歳,001,韓国・朝鮮,44000,大分県,1980000000,1980年,人
40,00700,全域,000,男女総数,209,45～49歳,001,韓国・朝鮮,45000,宮崎県,1980000000,1980年,人
9,00700,全域,000,男女総数,209,45～49歳,001,韓国・朝鮮,46000,鹿児島県,1980000000,1980年,人
10,00700,全域,000,男女総数,209,45～49歳,001,韓国・朝鮮,47000,沖縄県,1980000000,1980年,人
2077,00700,全域,000,男女総数,209,45～49歳,002,中国,00000,全国,1980000000,1980年,人
1978,00700,全域,000,男女総数,209,45～49歳,002,中国,00001,全国市部,1980000000,1980年,人
99,00700,全域,000,男女総数,209,45～49歳,002,中国,00002,全国郡部,1980000000,1980年,人
31,00700,全域,000,男女総数,209,45～49歳,002,中国,01000,北海道,1980000000,1980年,人
2,00700,全域,000,男女総数,209,45～49歳,002,中国,02000,青森県,1980000000,1980年,人
3,00700,全域,000,男女総数,209,45～49歳,002,中国,03000,岩手県,1980000000,1980年,人
18,00700,全域,000,男女総数,209,45～49歳,002,中国,04000,宮城県,1980000000,1980年,人
1,00700,全域,000,男女総数,209,45～49歳,002,中国,05000,秋田県,1980000000,1980年,人
4,00700,全域,000,男女総数,209,45～49歳,002,中国,06000,山形県,1980000000,1980年,人
6,00700,全域,000,男女総数,209,45～49歳,002,中国,07000,福島県,1980000000,1980年,人
11,00700,全域,000,男女総数,209,45～49歳,002,中国,08000,茨城県,1980000000,1980年,人
10,00700,全域,000,男女総数,209,45～49歳,002,中国,09000,栃木県,1980000000,1980年,人
13,00700,全域,000,男女総数,209,45～49歳,002,中国,10000,群馬県,1980000000,1980年,人
19,00700,全域,000,男女総数,209,45～49歳,002,中国,11000,埼玉県,1980000000,1980年,人
53,00700,全域,000,男女総数,209,45～49歳,002,中国,12000,千葉県,1980000000,1980年,人
503,00700,全域,000,男女総数,209,45～49歳,002,中国,13000,東京都,1980000000,1980年,人
284,00700,全域,000,男女総数,209,45～49歳,002,中国,14000,神奈川県,1980000000,1980年,人
10,00700,全域,000,男女総数,209,45～49歳,002,中国,15000,新潟県,1980000000,1980年,人
2,00700,全域,000,男女総数,209,45～49歳,002,中国,16000,富山県,1980000000,1980年,人
2,00700,全域,000,男女総数,209,45～49歳,002,中国,17000,石川県,1980000000,1980年,人
1,00700,全域,000,男女総数,209,45～49歳,002,中国,18000,福井県,1980000000,1980年,人
3,00700,全域,000,男女総数,209,45～49歳,002,中国,19000,山梨県,1980000000,1980年,人
12,00700,全域,000,男女総数,209,45～49歳,002,中国,20000,長野県,1980000000,1980年,人
8,00700,全域,000,男女総数,209,45～49歳,002,中国,21000,岐阜県,1980000000,1980年,人
10,00700,全域,000,男女総数,209,45～49歳,002,中国,22000,静岡県,1980000000,1980年,人
49,00700,全域,000,男女総数,209,45～49歳,002,中国,23000,愛知県,1980000000,1980年,人
14,00700,全域,000,男女総数,209,45～49歳,002,中国,24000,三重県,1980000000,1980年,人
6,00700,全域,000,男女総数,209,45～49歳,002,中国,25000,滋賀県,1980000000,1980年,人
56,00700,全域,000,男女総数,209,45～49歳,002,中国,26000,京都府,1980000000,1980年,人
227,00700,全域,000,男女総数,209,45～49歳,002,中国,27000,大阪府,1980000000,1980年,人
406,00700,全域,000,男女総数,209,45～49歳,002,中国,28000,兵庫県,1980000000,1980年,人
10,00700,全域,000,男女総数,209,45～49歳,002,中国,29000,奈良県,1980000000,1980年,人
17,00700,全域,000,男女総数,209,45～49歳,002,中国,30000,和歌山県,1980000000,1980年,人
9,00700,全域,000,男女総数,209,45～49歳,002,中国,32000,島根県,1980000000,1980年,人
10,00700,全域,000,男女総数,209,45～49歳,002,中国,33000,岡山県,1980000000,1980年,人
26,00700,全域,000,男女総数,209,45～49歳,002,中国,34000,広島県,1980000000,1980年,人
4,00700,全域,000,男女総数,209,45～49歳,002,中国,35000,山口県,1980000000,1980年,人
2,00700,全域,000,男女総数,209,45～49歳,002,中国,36000,徳島県,1980000000,1980年,人
4,00700,全域,000,男女総数,209,45～49歳,002,中国,37000,香川県,1980000000,1980年,人
5,00700,全域,000,男女総数,209,45～49歳,002,中国,38000,愛媛県,1980000000,1980年,人
3,00700,全域,000,男女総数,209,45～49歳,002,中国,39000,高知県,1980000000,1980年,人
55,00700,全域,000,男女総数,209,45～49歳,002,中国,40000,福岡県,1980000000,1980年,人
3,00700,全域,000,男女総数,209,45～49歳,002,中国,41000,佐賀県,1980000000,1980年,人
33,00700,全域,000,男女総数,209,45～49歳,002,中国,42000,長崎県,1980000000,1980年,人
15,00700,全域,000,男女総数,209,45～49歳,002,中国,43000,熊本県,1980000000,1980年,人
20,00700,全域,000,男女総数,209,45～49歳,002,中国,44000,大分県,1980000000,1980年,人
5,00700,全域,000,男女総数,209,45～49歳,002,中国,45000,宮崎県,1980000000,1980年,人
30,00700,全域,000,男女総数,209,45～49歳,002,中国,46000,鹿児島県,1980000000,1980年,人
62,00700,全域,000,男女総数,209,45～49歳,002,中国,47000,沖縄県,1980000000,1980年,人
1063,00700,全域,000,男女総数,209,45～49歳,003,アメリカ,00000,全国,1980000000,1980年,人
953,00700,全域,000,男女総数,209,45～49歳,003,アメリカ,00001,全国市部,1980000000,1980年,人
110,00700,全域,000,男女総数,209,45～49歳,003,アメリカ,00002,全国郡部,1980000000,1980年,人
15,00700,全域,000,男女総数,209,45～49歳,003,アメリカ,01000,北海道,1980000000,1980年,人
5,00700,全域,000,男女総数,209,45～49歳,003,アメリカ,02000,青森県,1980000000,1980年,人
4,00700,全域,000,男女総数,209,45～49歳,003,アメリカ,04000,宮城県,1980000000,1980年,人
6,00700,全域,000,男女総数,209,45～49歳,003,アメリカ,06000,山形県,1980000000,1980年,人
5,00700,全域,000,男女総数,209,45～49歳,003,アメリカ,07000,福島県,1980000000,1980年,人
8,00700,全域,000,男女総数,209,45～49歳,003,アメリカ,08000,茨城県,1980000000,1980年,人
6,00700,全域,000,男女総数,209,45～49歳,003,アメリカ,09000,栃木県,1980000000,1980年,人
6,00700,全域,000,男女総数,209,45～49歳,003,アメリカ,10000,群馬県,1980000000,1980年,人
13,00700,全域,000,男女総数,209,45～49歳,003,アメリカ,11000,埼玉県,1980000000,1980年,人
18,00700,全域,000,男女総数,209,45～49歳,003,アメリカ,12000,千葉県,1980000000,1980年,人
448,00700,全域,000,男女総数,209,45～49歳,003,アメリカ,13000,東京都,1980000000,1980年,人
133,00700,全域,000,男女総数,209,45～49歳,003,アメリカ,14000,神奈川県,1980000000,1980年,人
2,00700,全域,000,男女総数,209,45～49歳,003,アメリカ,15000,新潟県,1980000000,1980年,人
1,00700,全域,000,男女総数,209,45～49歳,003,アメリカ,17000,石川県,1980000000,1980年,人
2,00700,全域,000,男女総数,209,45～49歳,003,アメリカ,19000,山梨県,1980000000,1980年,人
5,00700,全域,000,男女総数,209,45～49歳,003,アメリカ,20000,長野県,1980000000,1980年,人
1,00700,全域,000,男女総数,209,45～49歳,003,アメリカ,21000,岐阜県,1980000000,1980年,人
8,00700,全域,000,男女総数,209,45～49歳,003,アメリカ,22000,静岡県,1980000000,1980年,人
45,00700,全域,000,男女総数,209,45～49歳,003,アメリカ,23000,愛知県,1980000000,1980年,人
1,00700,全域,000,男女総数,209,45～49歳,003,アメリカ,24000,三重県,1980000000,1980年,人
2,00700,全域,000,男女総数,209,45～49歳,003,アメリカ,25000,滋賀県,1980000000,1980年,人
21,00700,全域,000,男女総数,209,45～49歳,003,アメリカ,26000,京都府,1980000000,1980年,人
29,00700,全域,000,男女総数,209,45～49歳,003,アメリカ,27000,大阪府,1980000000,1980年,人
57,00700,全域,000,男女総数,209,45～49歳,003,アメリカ,28000,兵庫県,1980000000,1980年,人
3,00700,全域,000,男女総数,209,45～49歳,003,アメリカ,29000,奈良県,1980000000,1980年,人
3,00700,全域,000,男女総数,209,45～49歳,003,アメリカ,30000,和歌山県,1980000000,1980年,人
4,00700,全域,000,男女総数,209,45～49歳,003,アメリカ,33000,岡山県,1980000000,1980年,人
22,00700,全域,000,男女総数,209,45～49歳,003,アメリカ,34000,広島県,1980000000,1980年,人
9,00700,全域,000,男女総数,209,45～49歳,003,アメリカ,35000,山口県,1980000000,1980年,人
1,00700,全域,000,男女総数,209,45～49歳,003,アメリカ,36000,徳島県,1980000000,1980年,人
1,00700,全域,000,男女総数,209,45～49歳,003,アメリカ,37000,香川県,1980000000,1980年,人
1,00700,全域,000,男女総数,209,45～49歳,003,アメリカ,38000,愛媛県,1980000000,1980年,人
1,00700,全域,000,男女総数,209,45～49歳,003,アメリカ,39000,高知県,1980000000,1980年,人
22,00700,全域,000,男女総数,209,45～49歳,003,アメリカ,40000,福岡県,1980000000,1980年,人
1,00700,全域,000,男女総数,209,45～49歳,003,アメリカ,41000,佐賀県,1980000000,1980年,人
17,00700,全域,000,男女総数,209,45～49歳,003,アメリカ,42000,長崎県,1980000000,1980年,人
8,00700,全域,000,男女総数,209,45～49歳,003,アメリカ,43000,熊本県,1980000000,1980年,人
1,00700,全域,000,男女総数,209,45～49歳,003,アメリカ,44000,大分県,1980000000,1980年,人
2,00700,全域,000,男女総数,209,45～49歳,003,アメリカ,45000,宮崎県,1980000000,1980年,人
2,00700,全域,000,男女総数,209,45～49歳,003,アメリカ,46000,鹿児島県,1980000000,1980年,人
124,00700,全域,000,男女総数,209,45～49歳,003,アメリカ,47000,沖縄県,1980000000,1980年,人
1232,00700,全域,000,男女総数,209,45～49歳,004,その他,00000,全国,1980000000,1980年,人
1160,00700,全域,000,男女総数,209,45～49歳,004,その他,00001,全国市部,1980000000,1980年,人
72,00700,全域,000,男女総数,209,45～49歳,004,その他,00002,全国郡部,1980000000,1980年,人
18,00700,全域,000,男女総数,209,45～49歳,004,その他,01000,北海道,1980000000,1980年,人
6,00700,全域,000,男女総数,209,45～49歳,004,その他,02000,青森県,1980000000,1980年,人
4,00700,全域,000,男女総数,209,45～49歳,004,その他,03000,岩手県,1980000000,1980年,人
10,00700,全域,000,男女総数,209,45～49歳,004,その他,04000,宮城県,1980000000,1980年,人
1,00700,全域,000,男女総数,209,45～49歳,004,その他,05000,秋田県,1980000000,1980年,人
1,00700,全域,000,男女総数,209,45～49歳,004,その他,06000,山形県,1980000000,1980年,人
9,00700,全域,000,男女総数,209,45～49歳,004,その他,07000,福島県,1980000000,1980年,人
9,00700,全域,000,男女総数,209,45～49歳,004,その他,08000,茨城県,1980000000,1980年,人
2,00700,全域,000,男女総数,209,45～49歳,004,その他,09000,栃木県,1980000000,1980年,人
3,00700,全域,000,男女総数,209,45～49歳,004,その他,10000,群馬県,1980000000,1980年,人
22,00700,全域,000,男女総数,209,45～49歳,004,その他,11000,埼玉県,1980000000,1980年,人
22,00700,全域,000,男女総数,209,45～49歳,004,その他,12000,千葉県,1980000000,1980年,人
520,00700,全域,000,男女総数,209,45～49歳,004,その他,13000,東京都,1980000000,1980年,人
108,00700,全域,000,男女総数,209,45～49歳,004,その他,14000,神奈川県,1980000000,1980年,人
2,00700,全域,000,男女総数,209,45～49歳,004,その他,15000,新潟県,1980000000,1980年,人
2,00700,全域,000,男女総数,209,45～49歳,004,その他,16000,富山県,1980000000,1980年,人
5,00700,全域,000,男女総数,209,45～49歳,004,その他,17000,石川県,1980000000,1980年,人
5,00700,全域,000,男女総数,209,45～49歳,004,その他,18000,福井県,1980000000,1980年,人
5,00700,全域,000,男女総数,209,45～49歳,004,その他,19000,山梨県,1980000000,1980年,人
5,00700,全域,000,男女総数,209,45～49歳,004,その他,20000,長野県,1980000000,1980年,人
3,00700,全域,000,男女総数,209,45～49歳,004,その他,21000,岐阜県,1980000000,1980年,人
10,00700,全域,000,男女総数,209,45～49歳,004,その他,22000,静岡県,1980000000,1980年,人
36,00700,全域,000,男女総数,209,45～49歳,004,その他,23000,愛知県,1980000000,1980年,人
2,00700,全域,000,男女総数,209,45～49歳,004,その他,24000,三重県,1980000000,1980年,人
3,00700,全域,000,男女総数,209,45～49歳,004,その他,25000,滋賀県,1980000000,1980年,人
17,00700,全域,000,男女総数,209,45～49歳,004,その他,26000,京都府,1980000000,1980年,人
52,00700,全域,000,男女総数,209,45～49歳,004,その他,27000,大阪府,1980000000,1980年,人
172,00700,全域,000,男女総数,209,45～49歳,004,その他,28000,兵庫県,1980000000,1980年,人
9,00700,全域,000,男女総数,209,45～49歳,004,その他,29000,奈良県,1980000000,1980年,人
7,00700,全域,000,男女総数,209,45～49歳,004,その他,30000,和歌山県,1980000000,1980年,人
3,00700,全域,000,男女総数,209,45～49歳,004,その他,31000,鳥取県,1980000000,1980年,人
4,00700,全域,000,男女総数,209,45～49歳,004,その他,33000,岡山県,1980000000,1980年,人
8,00700,全域,000,男女総数,209,45～49歳,004,その他,34000,広島県,1980000000,1980年,人
15,00700,全域,000,男女総数,209,45～49歳,004,その他,35000,山口県,1980000000,1980年,人
4,00700,全域,000,男女総数,209,45～49歳,004,その他,36000,徳島県,1980000000,1980年,人
4,00700,全域,000,男女総数,209,45～49歳,004,その他,37000,香川県,1980000000,1980年,人
1,00700,全域,000,男女総数,209,45～49歳,004,その他,38000,愛媛県,1980000000,1980年,人
2,00700,全域,000,男女総数,209,45～49歳,004,その他,39000,高知県,1980000000,1980年,人
20,00700,全域,000,男女総数,209,45～49歳,004,その他,40000,福岡県,1980000000,1980年,人
1,00700,全域,000,男女総数,209,45～49歳,004,その他,41000,佐賀県,1980000000,1980年,人
8,00700,全域,000,男女総数,209,45～49歳,004,その他,42000,長崎県,1980000000,1980年,人
4,00700,全域,000,男女総数,209,45～49歳,004,その他,43000,熊本県,1980000000,1980年,人
6,00700,全域,000,男女総数,209,45～49歳,004,その他,44000,大分県,1980000000,1980年,人
10,00700,全域,000,男女総数,209,45～49歳,004,その他,45000,宮崎県,1980000000,1980年,人
14,00700,全域,000,男女総数,209,45～49歳,004,その他,46000,鹿児島県,1980000000,1980年,人
58,00700,全域,000,男女総数,209,45～49歳,004,その他,47000,沖縄県,1980000000,1980年,人
29685,00700,全域,000,男女総数,210,50～54歳,000,国籍総数,00000,全国,1980000000,1980年,人
27220,00700,全域,000,男女総数,210,50～54歳,000,国籍総数,00001,全国市部,1980000000,1980年,人
2465,00700,全域,000,男女総数,210,50～54歳,000,国籍総数,00002,全国郡部,1980000000,1980年,人
437,00700,全域,000,男女総数,210,50～54歳,000,国籍総数,01000,北海道,1980000000,1980年,人
119,00700,全域,000,男女総数,210,50～54歳,000,国籍総数,02000,青森県,1980000000,1980年,人
69,00700,全域,000,男女総数,210,50～54歳,000,国籍総数,03000,岩手県,1980000000,1980年,人
195,00700,全域,000,男女総数,210,50～54歳,000,国籍総数,04000,宮城県,1980000000,1980年,人
62,00700,全域,000,男女総数,210,50～54歳,000,国籍総数,05000,秋田県,1980000000,1980年,人
37,00700,全域,000,男女総数,210,50～54歳,000,国籍総数,06000,山形県,1980000000,1980年,人
123,00700,全域,000,男女総数,210,50～54歳,000,国籍総数,07000,福島県,1980000000,1980年,人
192,00700,全域,000,男女総数,210,50～54歳,000,国籍総数,08000,茨城県,1980000000,1980年,人
121,00700,全域,000,男女総数,210,50～54歳,000,国籍総数,09000,栃木県,1980000000,1980年,人
175,00700,全域,000,男女総数,210,50～54歳,000,国籍総数,10000,群馬県,1980000000,1980年,人
492,00700,全域,000,男女総数,210,50～54歳,000,国籍総数,11000,埼玉県,1980000000,1980年,人
496,00700,全域,000,男女総数,210,50～54歳,000,国籍総数,12000,千葉県,1980000000,1980年,人
4797,00700,全域,000,男女総数,210,50～54歳,000,国籍総数,13000,東京都,1980000000,1980年,人
1846,00700,全域,000,男女総数,210,50～54歳,000,国籍総数,14000,神奈川県,1980000000,1980年,人
159,00700,全域,000,男女総数,210,50～54歳,000,国籍総数,15000,新潟県,1980000000,1980年,人
91,00700,全域,000,男女総数,210,50～54歳,000,国籍総数,16000,富山県,1980000000,1980年,人
146,00700,全域,000,男女総数,210,50～54歳,000,国籍総数,17000,石川県,1980000000,1980年,人
213,00700,全域,000,男女総数,210,50～54歳,000,国籍総数,18000,福井県,1980000000,1980年,人
86,00700,全域,000,男女総数,210,50～54歳,000,国籍総数,19000,山梨県,1980000000,1980年,人
216,00700,全域,000,男女総数,210,50～54歳,000,国籍総数,20000,長野県,1980000000,1980年,人
442,00700,全域,000,男女総数,210,50～54歳,000,国籍総数,21000,岐阜県,1980000000,1980年,人
369,00700,全域,000,男女総数,210,50～54歳,000,国籍総数,22000,静岡県,1980000000,1980年,人
1998,00700,全域,000,男女総数,210,50～54歳,000,国籍総数,23000,愛知県,1980000000,1980年,人
332,00700,全域,000,男女総数,210,50～54歳,000,国籍総数,24000,三重県,1980000000,1980年,人
293,00700,全域,000,男女総数,210,50～54歳,000,国籍総数,25000,滋賀県,1980000000,1980年,人
1628,00700,全域,000,男女総数,210,50～54歳,000,国籍総数,26000,京都府,1980000000,1980年,人
6871,00700,全域,000,男女総数,210,50～54歳,000,国籍総数,27000,大阪府,1980000000,1980年,人
3295,00700,全域,000,男女総数,210,50～54歳,000,国籍総数,28000,兵庫県,1980000000,1980年,人
260,00700,全域,000,男女総数,210,50～54歳,000,国籍総数,29000,奈良県,1980000000,1980年,人
183,00700,全域,000,男女総数,210,50～54歳,000,国籍総数,30000,和歌山県,1980000000,1980年,人
63,00700,全域,000,男女総数,210,50～54歳,000,国籍総数,31000,鳥取県,1980000000,1980年,人
73,00700,全域,000,男女総数,210,50～54歳,000,国籍総数,32000,島根県,1980000000,1980年,人
325,00700,全域,000,男女総数,210,50～54歳,000,国籍総数,33000,岡山県,1980000000,1980年,人
650,00700,全域,000,男女総数,210,50～54歳,000,国籍総数,34000,広島県,1980000000,1980年,人
621,00700,全域,000,男女総数,210,50～54歳,000,国籍総数,35000,山口県,1980000000,1980年,人
24,00700,全域,000,男女総数,210,50～54歳,000,国籍総数,36000,徳島県,1980000000,1980年,人
42,00700,全域,000,男女総数,210,50～54歳,000,国籍総数,37000,香川県,1980000000,1980年,人
72,00700,全域,000,男女総数,210,50～54歳,000,国籍総数,38000,愛媛県,1980000000,1980年,人
41,00700,全域,000,男女総数,210,50～54歳,000,国籍総数,39000,高知県,1980000000,1980年,人
1063,00700,全域,000,男女総数,210,50～54歳,000,国籍総数,40000,福岡県,1980000000,1980年,人
77,00700,全域,000,男女総数,210,50～54歳,000,国籍総数,41000,佐賀県,1980000000,1980年,人
168,00700,全域,000,男女総数,210,50～54歳,000,国籍総数,42000,長崎県,1980000000,1980年,人
125,00700,全域,000,男女総数,210,50～54歳,000,国籍総数,43000,熊本県,1980000000,1980年,人
159,00700,全域,000,男女総数,210,50～54歳,000,国籍総数,44000,大分県,1980000000,1980年,人
74,00700,全域,000,男女総数,210,50～54歳,000,国籍総数,45000,宮崎県,1980000000,1980年,人
55,00700,全域,000,男女総数,210,50～54歳,000,国籍総数,46000,鹿児島県,1980000000,1980年,人
310,00700,全域,000,男女総数,210,50～54歳,000,国籍総数,47000,沖縄県,1980000000,1980年,人
24086,00700,全域,000,男女総数,210,50～54歳,001,韓国・朝鮮,00000,全国,1980000000,1980年,人
22097,00700,全域,000,男女総数,210,50～54歳,001,韓国・朝鮮,00001,全国市部,1980000000,1980年,人
1989,00700,全域,000,男女総数,210,50～54歳,001,韓国・朝鮮,00002,全国郡部,1980000000,1980年,人
345,00700,全域,000,男女総数,210,50～54歳,001,韓国・朝鮮,01000,北海道,1980000000,1980年,人
89,00700,全域,000,男女総数,210,50～54歳,001,韓国・朝鮮,02000,青森県,1980000000,1980年,人
49,00700,全域,000,男女総数,210,50～54歳,001,韓国・朝鮮,03000,岩手県,1980000000,1980年,人
159,00700,全域,000,男女総数,210,50～54歳,001,韓国・朝鮮,04000,宮城県,1980000000,1980年,人
54,00700,全域,000,男女総数,210,50～54歳,001,韓国・朝鮮,05000,秋田県,1980000000,1980年,人
27,00700,全域,000,男女総数,210,50～54歳,001,韓国・朝鮮,06000,山形県,1980000000,1980年,人
94,00700,全域,000,男女総数,210,50～54歳,001,韓国・朝鮮,07000,福島県,1980000000,1980年,人
138,00700,全域,000,男女総数,210,50～54歳,001,韓国・朝鮮,08000,茨城県,1980000000,1980年,人
102,00700,全域,000,男女総数,210,50～54歳,001,韓国・朝鮮,09000,栃木県,1980000000,1980年,人
140,00700,全域,000,男女総数,210,50～54歳,001,韓国・朝鮮,10000,群馬県,1980000000,1980年,人
372,00700,全域,000,男女総数,210,50～54歳,001,韓国・朝鮮,11000,埼玉県,1980000000,1980年,人
378,00700,全域,000,男女総数,210,50～54歳,001,韓国・朝鮮,12000,千葉県,1980000000,1980年,人
3082,00700,全域,000,男女総数,210,50～54歳,001,韓国・朝鮮,13000,東京都,1980000000,1980年,人
1223,00700,全域,000,男女総数,210,50～54歳,001,韓国・朝鮮,14000,神奈川県,1980000000,1980年,人
136,00700,全域,000,男女総数,210,50～54歳,001,韓国・朝鮮,15000,新潟県,1980000000,1980年,人
83,00700,全域,000,男女総数,210,50～54歳,001,韓国・朝鮮,16000,富山県,1980000000,1980年,人
129,00700,全域,000,男女総数,210,50～54歳,001,韓国・朝鮮,17000,石川県,1980000000,1980年,人
206,00700,全域,000,男女総数,210,50～54歳,001,韓国・朝鮮,18000,福井県,1980000000,1980年,人
56,00700,全域,000,男女総数,210,50～54歳,001,韓国・朝鮮,19000,山梨県,1980000000,1980年,人
192,00700,全域,000,男女総数,210,50～54歳,001,韓国・朝鮮,20000,長野県,1980000000,1980年,人
414,00700,全域,000,男女総数,210,50～54歳,001,韓国・朝鮮,21000,岐阜県,1980000000,1980年,人
324,00700,全域,000,男女総数,210,50～54歳,001,韓国・朝鮮,22000,静岡県,1980000000,1980年,人
1830,00700,全域,000,男女総数,210,50～54歳,001,韓国・朝鮮,23000,愛知県,1980000000,1980年,人
302,00700,全域,000,男女総数,210,50～54歳,001,韓国・朝鮮,24000,三重県,1980000000,1980年,人
272,00700,全域,000,男女総数,210,50～54歳,001,韓国・朝鮮,25000,滋賀県,1980000000,1980年,人
1493,00700,全域,000,男女総数,210,50～54歳,001,韓国・朝鮮,26000,京都府,1980000000,1980年,人
6370,00700,全域,000,男女総数,210,50～54歳,001,韓国・朝鮮,27000,大阪府,1980000000,1980年,人
2548,00700,全域,000,男女総数,210,50～54歳,001,韓国・朝鮮,28000,兵庫県,1980000000,1980年,人
215,00700,全域,000,男女総数,210,50～54歳,001,韓国・朝鮮,29000,奈良県,1980000000,1980年,人
160,00700,全域,000,男女総数,210,50～54歳,001,韓国・朝鮮,30000,和歌山県,1980000000,1980年,人
49,00700,全域,000,男女総数,210,50～54歳,001,韓国・朝鮮,31000,鳥取県,1980000000,1980年,人
64,00700,全域,000,男女総数,210,50～54歳,001,韓国・朝鮮,32000,島根県,1980000000,1980年,人
302,00700,全域,000,男女総数,210,50～54歳,001,韓国・朝鮮,33000,岡山県,1980000000,1980年,人
552,00700,全域,000,男女総数,210,50～54歳,001,韓国・朝鮮,34000,広島県,1980000000,1980年,人
577,00700,全域,000,男女総数,210,50～54歳,001,韓国・朝鮮,35000,山口県,1980000000,1980年,人
14,00700,全域,000,男女総数,210,50～54歳,001,韓国・朝鮮,36000,徳島県,1980000000,1980年,人
28,00700,全域,000,男女総数,210,50～54歳,001,韓国・朝鮮,37000,香川県,1980000000,1980年,人
60,00700,全域,000,男女総数,210,50～54歳,001,韓国・朝鮮,38000,愛媛県,1980000000,1980年,人
38,00700,全域,000,男女総数,210,50～54歳,001,韓国・朝鮮,39000,高知県,1980000000,1980年,人
947,00700,全域,000,男女総数,210,50～54歳,001,韓国・朝鮮,40000,福岡県,1980000000,1980年,人
65,00700,全域,000,男女総数,210,50～54歳,001,韓国・朝鮮,41000,佐賀県,1980000000,1980年,人
104,00700,全域,000,男女総数,210,50～54歳,001,韓国・朝鮮,42000,長崎県,1980000000,1980年,人
85,00700,全域,000,男女総数,210,50～54歳,001,韓国・朝鮮,43000,熊本県,1980000000,1980年,人
140,00700,全域,000,男女総数,210,50～54歳,001,韓国・朝鮮,44000,大分県,1980000000,1980年,人
48,00700,全域,000,男女総数,210,50～54歳,001,韓国・朝鮮,45000,宮崎県,1980000000,1980年,人
20,00700,全域,000,男女総数,210,50～54歳,001,韓国・朝鮮,46000,鹿児島県,1980000000,1980年,人
11,00700,全域,000,男女総数,210,50～54歳,001,韓国・朝鮮,47000,沖縄県,1980000000,1980年,人
2329,00700,全域,000,男女総数,210,50～54歳,002,中国,00000,全国,1980000000,1980年,人
2190,00700,全域,000,男女総数,210,50～54歳,002,中国,00001,全国市部,1980000000,1980年,人
139,00700,全域,000,男女総数,210,50～54歳,002,中国,00002,全国郡部,1980000000,1980年,人
32,00700,全域,000,男女総数,210,50～54歳,002,中国,01000,北海道,1980000000,1980年,人
6,00700,全域,000,男女総数,210,50～54歳,002,中国,02000,青森県,1980000000,1980年,人
10,00700,全域,000,男女総数,210,50～54歳,002,中国,03000,岩手県,1980000000,1980年,人
11,00700,全域,000,男女総数,210,50～54歳,002,中国,04000,宮城県,1980000000,1980年,人
2,00700,全域,000,男女総数,210,50～54歳,002,中国,05000,秋田県,1980000000,1980年,人
5,00700,全域,000,男女総数,210,50～54歳,002,中国,06000,山形県,1980000000,1980年,人
4,00700,全域,000,男女総数,210,50～54歳,002,中国,07000,福島県,1980000000,1980年,人
10,00700,全域,000,男女総数,210,50～54歳,002,中国,08000,茨城県,1980000000,1980年,人
6,00700,全域,000,男女総数,210,50～54歳,002,中国,09000,栃木県,1980000000,1980年,人
12,00700,全域,000,男女総数,210,50～54歳,002,中国,10000,群馬県,1980000000,1980年,人
48,00700,全域,000,男女総数,210,50～54歳,002,中国,11000,埼玉県,1980000000,1980年,人
57,00700,全域,000,男女総数,210,50～54歳,002,中国,12000,千葉県,1980000000,1980年,人
593,00700,全域,000,男女総数,210,50～54歳,002,中国,13000,東京都,1980000000,1980年,人
287,00700,全域,000,男女総数,210,50～54歳,002,中国,14000,神奈川県,1980000000,1980年,人
3,00700,全域,000,男女総数,210,50～54歳,002,中国,15000,新潟県,1980000000,1980年,人
1,00700,全域,000,男女総数,210,50～54歳,002,中国,16000,富山県,1980000000,1980年,人
5,00700,全域,000,男女総数,210,50～54歳,002,中国,17000,石川県,1980000000,1980年,人
2,00700,全域,000,男女総数,210,50～54歳,002,中国,18000,福井県,1980000000,1980年,人
10,00700,全域,000,男女総数,210,50～54歳,002,中国,19000,山梨県,1980000000,1980年,人
9,00700,全域,000,男女総数,210,50～54歳,002,中国,20000,長野県,1980000000,1980年,人
5,00700,全域,000,男女総数,210,50～54歳,002,中国,21000,岐阜県,1980000000,1980年,人
15,00700,全域,000,男女総数,210,50～54歳,002,中国,22000,静岡県,1980000000,1980年,人
51,00700,全域,000,男女総数,210,50～54歳,002,中国,23000,愛知県,1980000000,1980年,人
7,00700,全域,000,男女総数,210,50～54歳,002,中国,24000,三重県,1980000000,1980年,人
4,00700,全域,000,男女総数,210,50～54歳,002,中国,25000,滋賀県,1980000000,1980年,人
64,00700,全域,000,男女総数,210,50～54歳,002,中国,26000,京都府,1980000000,1980年,人
295,00700,全域,000,男女総数,210,50～54歳,002,中国,27000,大阪府,1980000000,1980年,人
447,00700,全域,000,男女総数,210,50～54歳,002,中国,28000,兵庫県,1980000000,1980年,人
20,00700,全域,000,男女総数,210,50～54歳,002,中国,29000,奈良県,1980000000,1980年,人
13,00700,全域,000,男女総数,210,50～54歳,002,中国,30000,和歌山県,1980000000,1980年,人
3,00700,全域,000,男女総数,210,50～54歳,002,中国,31000,鳥取県,1980000000,1980年,人
3,00700,全域,000,男女総数,210,50～54歳,002,中国,32000,島根県,1980000000,1980年,人
6,00700,全域,000,男女総数,210,50～54歳,002,中国,33000,岡山県,1980000000,1980年,人
28,00700,全域,000,男女総数,210,50～54歳,002,中国,34000,広島県,1980000000,1980年,人
10,00700,全域,000,男女総数,210,50～54歳,002,中国,35000,山口県,1980000000,1980年,人
2,00700,全域,000,男女総数,210,50～54歳,002,中国,36000,徳島県,1980000000,1980年,人
5,00700,全域,000,男女総数,210,50～54歳,002,中国,37000,香川県,1980000000,1980年,人
4,00700,全域,000,男女総数,210,50～54歳,002,中国,38000,愛媛県,1980000000,1980年,人
54,00700,全域,000,男女総数,210,50～54歳,002,中国,40000,福岡県,1980000000,1980年,人
6,00700,全域,000,男女総数,210,50～54歳,002,中国,41000,佐賀県,1980000000,1980年,人
37,00700,全域,000,男女総数,210,50～54歳,002,中国,42000,長崎県,1980000000,1980年,人
22,00700,全域,000,男女総数,210,50～54歳,002,中国,43000,熊本県,1980000000,1980年,人
9,00700,全域,000,男女総数,210,50～54歳,002,中国,44000,大分県,1980000000,1980年,人
13,00700,全域,000,男女総数,210,50～54歳,002,中国,45000,宮崎県,1980000000,1980年,人
15,00700,全域,000,男女総数,210,50～54歳,002,中国,46000,鹿児島県,1980000000,1980年,人
78,00700,全域,000,男女総数,210,50～54歳,002,中国,47000,沖縄県,1980000000,1980年,人
1285,00700,全域,000,男女総数,210,50～54歳,003,アメリカ,00000,全国,1980000000,1980年,人
1150,00700,全域,000,男女総数,210,50～54歳,003,アメリカ,00001,全国市部,1980000000,1980年,人
135,00700,全域,000,男女総数,210,50～54歳,003,アメリカ,00002,全国郡部,1980000000,1980年,人
18,00700,全域,000,男女総数,210,50～54歳,003,アメリカ,01000,北海道,1980000000,1980年,人
8,00700,全域,000,男女総数,210,50～54歳,003,アメリカ,02000,青森県,1980000000,1980年,人
2,00700,全域,000,男女総数,210,50～54歳,003,アメリカ,03000,岩手県,1980000000,1980年,人
15,00700,全域,000,男女総数,210,50～54歳,003,アメリカ,04000,宮城県,1980000000,1980年,人
1,00700,全域,000,男女総数,210,50～54歳,003,アメリカ,05000,秋田県,1980000000,1980年,人
1,00700,全域,000,男女総数,210,50～54歳,003,アメリカ,06000,山形県,1980000000,1980年,人
8,00700,全域,000,男女総数,210,50～54歳,003,アメリカ,07000,福島県,1980000000,1980年,人
11,00700,全域,000,男女総数,210,50～54歳,003,アメリカ,08000,茨城県,1980000000,1980年,人
5,00700,全域,000,男女総数,210,50～54歳,003,アメリカ,09000,栃木県,1980000000,1980年,人
5,00700,全域,000,男女総数,210,50～54歳,003,アメリカ,10000,群馬県,1980000000,1980年,人
30,00700,全域,000,男女総数,210,50～54歳,003,アメリカ,11000,埼玉県,1980000000,1980年,人
14,00700,全域,000,男女総数,210,50～54歳,003,アメリカ,12000,千葉県,1980000000,1980年,人
501,00700,全域,000,男女総数,210,50～54歳,003,アメリカ,13000,東京都,1980000000,1980年,人
175,00700,全域,000,男女総数,210,50～54歳,003,アメリカ,14000,神奈川県,1980000000,1980年,人
5,00700,全域,000,男女総数,210,50～54歳,003,アメリカ,15000,新潟県,1980000000,1980年,人
1,00700,全域,000,男女総数,210,50～54歳,003,アメリカ,16000,富山県,1980000000,1980年,人
1,00700,全域,000,男女総数,210,50～54歳,003,アメリカ,18000,福井県,1980000000,1980年,人
9,00700,全域,000,男女総数,210,50～54歳,003,アメリカ,19000,山梨県,1980000000,1980年,人
5,00700,全域,000,男女総数,210,50～54歳,003,アメリカ,20000,長野県,1980000000,1980年,人
7,00700,全域,000,男女総数,210,50～54歳,003,アメリカ,21000,岐阜県,1980000000,1980年,人
13,00700,全域,000,男女総数,210,50～54歳,003,アメリカ,22000,静岡県,1980000000,1980年,人
60,00700,全域,000,男女総数,210,50～54歳,003,アメリカ,23000,愛知県,1980000000,1980年,人
6,00700,全域,000,男女総数,210,50～54歳,003,アメリカ,24000,三重県,1980000000,1980年,人
2,00700,全域,000,男女総数,210,50～54歳,003,アメリカ,25000,滋賀県,1980000000,1980年,人
29,00700,全域,000,男女総数,210,50～54歳,003,アメリカ,26000,京都府,1980000000,1980年,人
31,00700,全域,000,男女総数,210,50～54歳,003,アメリカ,27000,大阪府,1980000000,1980年,人
62,00700,全域,000,男女総数,210,50～54歳,003,アメリカ,28000,兵庫県,1980000000,1980年,人
3,00700,全域,000,男女総数,210,50～54歳,003,アメリカ,29000,奈良県,1980000000,1980年,人
1,00700,全域,000,男女総数,210,50～54歳,003,アメリカ,30000,和歌山県,1980000000,1980年,人
3,00700,全域,000,男女総数,210,50～54歳,003,アメリカ,31000,鳥取県,1980000000,1980年,人
2,00700,全域,000,男女総数,210,50～54歳,003,アメリカ,33000,岡山県,1980000000,1980年,人
33,00700,全域,000,男女総数,210,50～54歳,003,アメリカ,34000,広島県,1980000000,1980年,人
7,00700,全域,000,男女総数,210,50～54歳,003,アメリカ,35000,山口県,1980000000,1980年,人
1,00700,全域,000,男女総数,210,50～54歳,003,アメリカ,36000,徳島県,1980000000,1980年,人
1,00700,全域,000,男女総数,210,50～54歳,003,アメリカ,37000,香川県,1980000000,1980年,人
1,00700,全域,000,男女総数,210,50～54歳,003,アメリカ,38000,愛媛県,1980000000,1980年,人
2,00700,全域,000,男女総数,210,50～54歳,003,アメリカ,39000,高知県,1980000000,1980年,人
18,00700,全域,000,男女総数,210,50～54歳,003,アメリカ,40000,福岡県,1980000000,1980年,人
2,00700,全域,000,男女総数,210,50～54歳,003,アメリカ,41000,佐賀県,1980000000,1980年,人
9,00700,全域,000,男女総数,210,50～54歳,003,アメリカ,42000,長崎県,1980000000,1980年,人
7,00700,全域,000,男女総数,210,50～54歳,003,アメリカ,43000,熊本県,1980000000,1980年,人
2,00700,全域,000,男女総数,210,50～54歳,003,アメリカ,44000,大分県,1980000000,1980年,人
4,00700,全域,000,男女総数,210,50～54歳,003,アメリカ,45000,宮崎県,1980000000,1980年,人
4,00700,全域,000,男女総数,210,50～54歳,003,アメリカ,46000,鹿児島県,1980000000,1980年,人
160,00700,全域,000,男女総数,210,50～54歳,003,アメリカ,47000,沖縄県,1980000000,1980年,人
1129,00700,全域,000,男女総数,210,50～54歳,004,その他,00000,全国,1980000000,1980年,人
1068,00700,全域,000,男女総数,210,50～54歳,004,その他,00001,全国市部,1980000000,1980年,人
61,00700,全域,000,男女総数,210,50～54歳,004,その他,00002,全国郡部,1980000000,1980年,人
17,00700,全域,000,男女総数,210,50～54歳,004,その他,01000,北海道,1980000000,1980年,人
10,00700,全域,000,男女総数,210,50～54歳,004,その他,02000,青森県,1980000000,1980年,人
2,00700,全域,000,男女総数,210,50～54歳,004,その他,03000,岩手県,1980000000,1980年,人
5,00700,全域,000,男女総数,210,50～54歳,004,その他,04000,宮城県,1980000000,1980年,人
1,00700,全域,000,男女総数,210,50～54歳,004,その他,05000,秋田県,1980000000,1980年,人
9,00700,全域,000,男女総数,210,50～54歳,004,その他,07000,福島県,1980000000,1980年,人
10,00700,全域,000,男女総数,210,50～54歳,004,その他,08000,茨城県,1980000000,1980年,人
5,00700,全域,000,男女総数,210,50～54歳,004,その他,09000,栃木県,1980000000,1980年,人
2,00700,全域,000,男女総数,210,50～54歳,004,その他,10000,群馬県,1980000000,1980年,人
20,00700,全域,000,男女総数,210,50～54歳,004,その他,11000,埼玉県,1980000000,1980年,人
23,00700,全域,000,男女総数,210,50～54歳,004,その他,12000,千葉県,1980000000,1980年,人
455,00700,全域,000,男女総数,210,50～54歳,004,その他,13000,東京都,1980000000,1980年,人
109,00700,全域,000,男女総数,210,50～54歳,004,その他,14000,神奈川県,1980000000,1980年,人
8,00700,全域,000,男女総数,210,50～54歳,004,その他,15000,新潟県,1980000000,1980年,人
5,00700,全域,000,男女総数,210,50～54歳,004,その他,16000,富山県,1980000000,1980年,人
3,00700,全域,000,男女総数,210,50～54歳,004,その他,17000,石川県,1980000000,1980年,人
1,00700,全域,000,男女総数,210,50～54歳,004,その他,18000,福井県,1980000000,1980年,人
3,00700,全域,000,男女総数,210,50～54歳,004,その他,19000,山梨県,1980000000,1980年,人
5,00700,全域,000,男女総数,210,50～54歳,004,その他,20000,長野県,1980000000,1980年,人
4,00700,全域,000,男女総数,210,50～54歳,004,その他,21000,岐阜県,1980000000,1980年,人
6,00700,全域,000,男女総数,210,50～54歳,004,その他,22000,静岡県,1980000000,1980年,人
26,00700,全域,000,男女総数,210,50～54歳,004,その他,23000,愛知県,1980000000,1980年,人
4,00700,全域,000,男女総数,210,50～54歳,004,その他,24000,三重県,1980000000,1980年,人
4,00700,全域,000,男女総数,210,50～54歳,004,その他,25000,滋賀県,1980000000,1980年,人
15,00700,全域,000,男女総数,210,50～54歳,004,その他,26000,京都府,1980000000,1980年,人
46,00700,全域,000,男女総数,210,50～54歳,004,その他,27000,大阪府,1980000000,1980年,人
174,00700,全域,000,男女総数,210,50～54歳,004,その他,28000,兵庫県,1980000000,1980年,人
7,00700,全域,000,男女総数,210,50～54歳,004,その他,29000,奈良県,1980000000,1980年,人
4,00700,全域,000,男女総数,210,50～54歳,004,その他,30000,和歌山県,1980000000,1980年,人
6,00700,全域,000,男女総数,210,50～54歳,004,その他,31000,鳥取県,1980000000,1980年,人
2,00700,全域,000,男女総数,210,50～54歳,004,その他,32000,島根県,1980000000,1980年,人
7,00700,全域,000,男女総数,210,50～54歳,004,その他,33000,岡山県,1980000000,1980年,人
18,00700,全域,000,男女総数,210,50～54歳,004,その他,34000,広島県,1980000000,1980年,人
8,00700,全域,000,男女総数,210,50～54歳,004,その他,35000,山口県,1980000000,1980年,人
3,00700,全域,000,男女総数,210,50～54歳,004,その他,36000,徳島県,1980000000,1980年,人
2,00700,全域,000,男女総数,210,50～54歳,004,その他,37000,香川県,1980000000,1980年,人
2,00700,全域,000,男女総数,210,50～54歳,004,その他,38000,愛媛県,1980000000,1980年,人
18,00700,全域,000,男女総数,210,50～54歳,004,その他,40000,福岡県,1980000000,1980年,人
2,00700,全域,000,男女総数,210,50～54歳,004,その他,41000,佐賀県,1980000000,1980年,人
7,00700,全域,000,男女総数,210,50～54歳,004,その他,42000,長崎県,1980000000,1980年,人
5,00700,全域,000,男女総数,210,50～54歳,004,その他,43000,熊本県,1980000000,1980年,人
7,00700,全域,000,男女総数,210,50～54歳,004,その他,44000,大分県,1980000000,1980年,人
3,00700,全域,000,男女総数,210,50～54歳,004,その他,45000,宮崎県,1980000000,1980年,人
5,00700,全域,000,男女総数,210,50～54歳,004,その他,46000,鹿児島県,1980000000,1980年,人
51,00700,全域,000,男女総数,210,50～54歳,004,その他,47000,沖縄県,1980000000,1980年,人
31175,00700,全域,000,男女総数,211,55～59歳,000,国籍総数,00000,全国,1980000000,1980年,人
27997,00700,全域,000,男女総数,211,55～59歳,000,国籍総数,00001,全国市部,1980000000,1980年,人
3178,00700,全域,000,男女総数,211,55～59歳,000,国籍総数,00002,全国郡部,1980000000,1980年,人
679,00700,全域,000,男女総数,211,55～59歳,000,国籍総数,01000,北海道,1980000000,1980年,人
186,00700,全域,000,男女総数,211,55～59歳,000,国籍総数,02000,青森県,1980000000,1980年,人
145,00700,全域,000,男女総数,211,55～59歳,000,国籍総数,03000,岩手県,1980000000,1980年,人
269,00700,全域,000,男女総数,211,55～59歳,000,国籍総数,04000,宮城県,1980000000,1980年,人
99,00700,全域,000,男女総数,211,55～59歳,000,国籍総数,05000,秋田県,1980000000,1980年,人
57,00700,全域,000,男女総数,211,55～59歳,000,国籍総数,06000,山形県,1980000000,1980年,人
201,00700,全域,000,男女総数,211,55～59歳,000,国籍総数,07000,福島県,1980000000,1980年,人
212,00700,全域,000,男女総数,211,55～59歳,000,国籍総数,08000,茨城県,1980000000,1980年,人
146,00700,全域,000,男女総数,211,55～59歳,000,国籍総数,09000,栃木県,1980000000,1980年,人
209,00700,全域,000,男女総数,211,55～59歳,000,国籍総数,10000,群馬県,1980000000,1980年,人
546,00700,全域,000,男女総数,211,55～59歳,000,国籍総数,11000,埼玉県,1980000000,1980年,人
560,00700,全域,000,男女総数,211,55～59歳,000,国籍総数,12000,千葉県,1980000000,1980年,人
4618,00700,全域,000,男女総数,211,55～59歳,000,国籍総数,13000,東京都,1980000000,1980年,人
1936,00700,全域,000,男女総数,211,55～59歳,000,国籍総数,14000,神奈川県,1980000000,1980年,人
185,00700,全域,000,男女総数,211,55～59歳,000,国籍総数,15000,新潟県,1980000000,1980年,人
111,00700,全域,000,男女総数,211,55～59歳,000,国籍総数,16000,富山県,1980000000,1980年,人
162,00700,全域,000,男女総数,211,55～59歳,000,国籍総数,17000,石川県,1980000000,1980年,人
256,00700,全域,000,男女総数,211,55～59歳,000,国籍総数,18000,福井県,1980000000,1980年,人
102,00700,全域,000,男女総数,211,55～59歳,000,国籍総数,19000,山梨県,1980000000,1980年,人
290,00700,全域,000,男女総数,211,55～59歳,000,国籍総数,20000,長野県,1980000000,1980年,人
480,00700,全域,000,男女総数,211,55～59歳,000,国籍総数,21000,岐阜県,1980000000,1980年,人
438,00700,全域,000,男女総数,211,55～59歳,000,国籍総数,22000,静岡県,1980000000,1980年,人
1975,00700,全域,000,男女総数,211,55～59歳,000,国籍総数,23000,愛知県,1980000000,1980年,人
337,00700,全域,000,男女総数,211,55～59歳,000,国籍総数,24000,三重県,1980000000,1980年,人
274,00700,全域,000,男女総数,211,55～59歳,000,国籍総数,25000,滋賀県,1980000000,1980年,人
1783,00700,全域,000,男女総数,211,55～59歳,000,国籍総数,26000,京都府,1980000000,1980年,人
6770,00700,全域,000,男女総数,211,55～59歳,000,国籍総数,27000,大阪府,1980000000,1980年,人
3177,00700,全域,000,男女総数,211,55～59歳,000,国籍総数,28000,兵庫県,1980000000,1980年,人
254,00700,全域,000,男女総数,211,55～59歳,000,国籍総数,29000,奈良県,1980000000,1980年,人
218,00700,全域,000,男女総数,211,55～59歳,000,国籍総数,30000,和歌山県,1980000000,1980年,人
84,00700,全域,000,男女総数,211,55～59歳,000,国籍総数,31000,鳥取県,1980000000,1980年,人
74,00700,全域,000,男女総数,211,55～59歳,000,国籍総数,32000,島根県,1980000000,1980年,人
369,00700,全域,000,男女総数,211,55～59歳,000,国籍総数,33000,岡山県,1980000000,1980年,人
716,00700,全域,000,男女総数,211,55～59歳,000,国籍総数,34000,広島県,1980000000,1980年,人
672,00700,全域,000,男女総数,211,55～59歳,000,国籍総数,35000,山口県,1980000000,1980年,人
19,00700,全域,000,男女総数,211,55～59歳,000,国籍総数,36000,徳島県,1980000000,1980年,人
45,00700,全域,000,男女総数,211,55～59歳,000,国籍総数,37000,香川県,1980000000,1980年,人
115,00700,全域,000,男女総数,211,55～59歳,000,国籍総数,38000,愛媛県,1980000000,1980年,人
58,00700,全域,000,男女総数,211,55～59歳,000,国籍総数,39000,高知県,1980000000,1980年,人
1253,00700,全域,000,男女総数,211,55～59歳,000,国籍総数,40000,福岡県,1980000000,1980年,人
109,00700,全域,000,男女総数,211,55～59歳,000,国籍総数,41000,佐賀県,1980000000,1980年,人
259,00700,全域,000,男女総数,211,55～59歳,000,国籍総数,42000,長崎県,1980000000,1980年,人
142,00700,全域,000,男女総数,211,55～59歳,000,国籍総数,43000,熊本県,1980000000,1980年,人
200,00700,全域,000,男女総数,211,55～59歳,000,国籍総数,44000,大分県,1980000000,1980年,人
59,00700,全域,000,男女総数,211,55～59歳,000,国籍総数,45000,宮崎県,1980000000,1980年,人
94,00700,全域,000,男女総数,211,55～59歳,000,国籍総数,46000,鹿児島県,1980000000,1980年,人
232,00700,全域,000,男女総数,211,55～59歳,000,国籍総数,47000,沖縄県,1980000000,1980年,人
25936,00700,全域,000,男女総数,211,55～59歳,001,韓国・朝鮮,00000,全国,1980000000,1980年,人
23312,00700,全域,000,男女総数,211,55～59歳,001,韓国・朝鮮,00001,全国市部,1980000000,1980年,人
2624,00700,全域,000,男女総数,211,55～59歳,001,韓国・朝鮮,00002,全国郡部,1980000000,1980年,人
586,00700,全域,000,男女総数,211,55～59歳,001,韓国・朝鮮,01000,北海道,1980000000,1980年,人
147,00700,全域,000,男女総数,211,55～59歳,001,韓国・朝鮮,02000,青森県,1980000000,1980年,人
122,00700,全域,000,男女総数,211,55～59歳,001,韓国・朝鮮,03000,岩手県,1980000000,1980年,人
220,00700,全域,000,男女総数,211,55～59歳,001,韓国・朝鮮,04000,宮城県,1980000000,1980年,人
82,00700,全域,000,男女総数,211,55～59歳,001,韓国・朝鮮,05000,秋田県,1980000000,1980年,人
45,00700,全域,000,男女総数,211,55～59歳,001,韓国・朝鮮,06000,山形県,1980000000,1980年,人
166,00700,全域,000,男女総数,211,55～59歳,001,韓国・朝鮮,07000,福島県,1980000000,1980年,人
173,00700,全域,000,男女総数,211,55～59歳,001,韓国・朝鮮,08000,茨城県,1980000000,1980年,人
121,00700,全域,000,男女総数,211,55～59歳,001,韓国・朝鮮,09000,栃木県,1980000000,1980年,人
168,00700,全域,000,男女総数,211,55～59歳,001,韓国・朝鮮,10000,群馬県,1980000000,1980年,人
454,00700,全域,000,男女総数,211,55～59歳,001,韓国・朝鮮,11000,埼玉県,1980000000,1980年,人
462,00700,全域,000,男女総数,211,55～59歳,001,韓国・朝鮮,12000,千葉県,1980000000,1980年,人
3138,00700,全域,000,男女総数,211,55～59歳,001,韓国・朝鮮,13000,東京都,1980000000,1980年,人
1376,00700,全域,000,男女総数,211,55～59歳,001,韓国・朝鮮,14000,神奈川県,1980000000,1980年,人
170,00700,全域,000,男女総数,211,55～59歳,001,韓国・朝鮮,15000,新潟県,1980000000,1980年,人
101,00700,全域,000,男女総数,211,55～59歳,001,韓国・朝鮮,16000,富山県,1980000000,1980年,人
144,00700,全域,000,男女総数,211,55～59歳,001,韓国・朝鮮,17000,石川県,1980000000,1980年,人
245,00700,全域,000,男女総数,211,55～59歳,001,韓国・朝鮮,18000,福井県,1980000000,1980年,人
79,00700,全域,000,男女総数,211,55～59歳,001,韓国・朝鮮,19000,山梨県,1980000000,1980年,人
244,00700,全域,000,男女総数,211,55～59歳,001,韓国・朝鮮,20000,長野県,1980000000,1980年,人
458,00700,全域,000,男女総数,211,55～59歳,001,韓国・朝鮮,21000,岐阜県,1980000000,1980年,人
379,00700,全域,000,男女総数,211,55～59歳,001,韓国・朝鮮,22000,静岡県,1980000000,1980年,人
1854,00700,全域,000,男女総数,211,55～59歳,001,韓国・朝鮮,23000,愛知県,1980000000,1980年,人
310,00700,全域,000,男女総数,211,55～59歳,001,韓国・朝鮮,24000,三重県,1980000000,1980年,人
256,00700,全域,000,男女総数,211,55～59歳,001,韓国・朝鮮,25000,滋賀県,1980000000,1980年,人
1661,00700,全域,000,男女総数,211,55～59歳,001,韓国・朝鮮,26000,京都府,1980000000,1980年,人
6252,00700,全域,000,男女総数,211,55～59歳,001,韓国・朝鮮,27000,大阪府,1980000000,1980年,人
2472,00700,全域,000,男女総数,211,55～59歳,001,韓国・朝鮮,28000,兵庫県,1980000000,1980年,人
223,00700,全域,000,男女総数,211,55～59歳,001,韓国・朝鮮,29000,奈良県,1980000000,1980年,人
187,00700,全域,000,男女総数,211,55～59歳,001,韓国・朝鮮,30000,和歌山県,1980000000,1980年,人
80,00700,全域,000,男女総数,211,55～59歳,001,韓国・朝鮮,31000,鳥取県,1980000000,1980年,人
59,00700,全域,000,男女総数,211,55～59歳,001,韓国・朝鮮,32000,島根県,1980000000,1980年,人
336,00700,全域,000,男女総数,211,55～59歳,001,韓国・朝鮮,33000,岡山県,1980000000,1980年,人
618,00700,全域,000,男女総数,211,55～59歳,001,韓国・朝鮮,34000,広島県,1980000000,1980年,人
626,00700,全域,000,男女総数,211,55～59歳,001,韓国・朝鮮,35000,山口県,1980000000,1980年,人
11,00700,全域,000,男女総数,211,55～59歳,001,韓国・朝鮮,36000,徳島県,1980000000,1980年,人
29,00700,全域,000,男女総数,211,55～59歳,001,韓国・朝鮮,37000,香川県,1980000000,1980年,人
88,00700,全域,000,男女総数,211,55～59歳,001,韓国・朝鮮,38000,愛媛県,1980000000,1980年,人
46,00700,全域,000,男女総数,211,55～59歳,001,韓国・朝鮮,39000,高知県,1980000000,1980年,人
1100,00700,全域,000,男女総数,211,55～59歳,001,韓国・朝鮮,40000,福岡県,1980000000,1980年,人
95,00700,全域,000,男女総数,211,55～59歳,001,韓国・朝鮮,41000,佐賀県,1980000000,1980年,人
186,00700,全域,000,男女総数,211,55～59歳,001,韓国・朝鮮,42000,長崎県,1980000000,1980年,人
99,00700,全域,000,男女総数,211,55～59歳,001,韓国・朝鮮,43000,熊本県,1980000000,1980年,人
176,00700,全域,000,男女総数,211,55～59歳,001,韓国・朝鮮,44000,大分県,1980000000,1980年,人
35,00700,全域,000,男女総数,211,55～59歳,001,韓国・朝鮮,45000,宮崎県,1980000000,1980年,人
44,00700,全域,000,男女総数,211,55～59歳,001,韓国・朝鮮,46000,鹿児島県,1980000000,1980年,人
13,00700,全域,000,男女総数,211,55～59歳,001,韓国・朝鮮,47000,沖縄県,1980000000,1980年,人
2602,00700,全域,000,男女総数,211,55～59歳,002,中国,00000,全国,1980000000,1980年,人
2357,00700,全域,000,男女総数,211,55～59歳,002,中国,00001,全国市部,1980000000,1980年,人
245,00700,全域,000,男女総数,211,55～59歳,002,中国,00002,全国郡部,1980000000,1980年,人
57,00700,全域,000,男女総数,211,55～59歳,002,中国,01000,北海道,1980000000,1980年,人
12,00700,全域,000,男女総数,211,55～59歳,002,中国,02000,青森県,1980000000,1980年,人
10,00700,全域,000,男女総数,211,55～59歳,002,中国,03000,岩手県,1980000000,1980年,人
22,00700,全域,000,男女総数,211,55～59歳,002,中国,04000,宮城県,1980000000,1980年,人
5,00700,全域,000,男女総数,211,55～59歳,002,中国,05000,秋田県,1980000000,1980年,人
8,00700,全域,000,男女総数,211,55～59歳,002,中国,06000,山形県,1980000000,1980年,人
6,00700,全域,000,男女総数,211,55～59歳,002,中国,07000,福島県,1980000000,1980年,人
15,00700,全域,000,男女総数,211,55～59歳,002,中国,08000,茨城県,1980000000,1980年,人
11,00700,全域,000,男女総数,211,55～59歳,002,中国,09000,栃木県,1980000000,1980年,人
17,00700,全域,000,男女総数,211,55～59歳,002,中国,10000,群馬県,1980000000,1980年,人
45,00700,全域,000,男女総数,211,55～59歳,002,中国,11000,埼玉県,1980000000,1980年,人
48,00700,全域,000,男女総数,211,55～59歳,002,中国,12000,千葉県,1980000000,1980年,人
674,00700,全域,000,男女総数,211,55～59歳,002,中国,13000,東京都,1980000000,1980年,人
308,00700,全域,000,男女総数,211,55～59歳,002,中国,14000,神奈川県,1980000000,1980年,人
6,00700,全域,000,男女総数,211,55～59歳,002,中国,15000,新潟県,1980000000,1980年,人
2,00700,全域,000,男女総数,211,55～59歳,002,中国,16000,富山県,1980000000,1980年,人
5,00700,全域,000,男女総数,211,55～59歳,002,中国,17000,石川県,1980000000,1980年,人
4,00700,全域,000,男女総数,211,55～59歳,002,中国,18000,福井県,1980000000,1980年,人
9,00700,全域,000,男女総数,211,55～59歳,002,中国,19000,山梨県,1980000000,1980年,人
15,00700,全域,000,男女総数,211,55～59歳,002,中国,20000,長野県,1980000000,1980年,人
10,00700,全域,000,男女総数,211,55～59歳,002,中国,21000,岐阜県,1980000000,1980年,人
24,00700,全域,000,男女総数,211,55～59歳,002,中国,22000,静岡県,1980000000,1980年,人
36,00700,全域,000,男女総数,211,55～59歳,002,中国,23000,愛知県,1980000000,1980年,人
8,00700,全域,000,男女総数,211,55～59歳,002,中国,24000,三重県,1980000000,1980年,人
5,00700,全域,000,男女総数,211,55～59歳,002,中国,25000,滋賀県,1980000000,1980年,人
60,00700,全域,000,男女総数,211,55～59歳,002,中国,26000,京都府,1980000000,1980年,人
342,00700,全域,000,男女総数,211,55～59歳,002,中国,27000,大阪府,1980000000,1980年,人
470,00700,全域,000,男女総数,211,55～59歳,002,中国,28000,兵庫県,1980000000,1980年,人
11,00700,全域,000,男女総数,211,55～59歳,002,中国,29000,奈良県,1980000000,1980年,人
18,00700,全域,000,男女総数,211,55～59歳,002,中国,30000,和歌山県,1980000000,1980年,人
1,00700,全域,000,男女総数,211,55～59歳,002,中国,31000,鳥取県,1980000000,1980年,人
10,00700,全域,000,男女総数,211,55～59歳,002,中国,32000,島根県,1980000000,1980年,人
11,00700,全域,000,男女総数,211,55～59歳,002,中国,33000,岡山県,1980000000,1980年,人
39,00700,全域,000,男女総数,211,55～59歳,002,中国,34000,広島県,1980000000,1980年,人
18,00700,全域,000,男女総数,211,55～59歳,002,中国,35000,山口県,1980000000,1980年,人
2,00700,全域,000,男女総数,211,55～59歳,002,中国,36000,徳島県,1980000000,1980年,人
5,00700,全域,000,男女総数,211,55～59歳,002,中国,37000,香川県,1980000000,1980年,人
8,00700,全域,000,男女総数,211,55～59歳,002,中国,38000,愛媛県,1980000000,1980年,人
5,00700,全域,000,男女総数,211,55～59歳,002,中国,39000,高知県,1980000000,1980年,人
65,00700,全域,000,男女総数,211,55～59歳,002,中国,40000,福岡県,1980000000,1980年,人
6,00700,全域,000,男女総数,211,55～59歳,002,中国,41000,佐賀県,1980000000,1980年,人
46,00700,全域,000,男女総数,211,55～59歳,002,中国,42000,長崎県,1980000000,1980年,人
23,00700,全域,000,男女総数,211,55～59歳,002,中国,43000,熊本県,1980000000,1980年,人
10,00700,全域,000,男女総数,211,55～59歳,002,中国,44000,大分県,1980000000,1980年,人
14,00700,全域,000,男女総数,211,55～59歳,002,中国,45000,宮崎県,1980000000,1980年,人
25,00700,全域,000,男女総数,211,55～59歳,002,中国,46000,鹿児島県,1980000000,1980年,人
51,00700,全域,000,男女総数,211,55～59歳,002,中国,47000,沖縄県,1980000000,1980年,人
930,00700,全域,000,男女総数,211,55～59歳,003,アメリカ,00000,全国,1980000000,1980年,人
831,00700,全域,000,男女総数,211,55～59歳,003,アメリカ,00001,全国市部,1980000000,1980年,人
99,00700,全域,000,男女総数,211,55～59歳,003,アメリカ,00002,全国郡部,1980000000,1980年,人
8,00700,全域,000,男女総数,211,55～59歳,003,アメリカ,01000,北海道,1980000000,1980年,人
5,00700,全域,000,男女総数,211,55～59歳,003,アメリカ,02000,青森県,1980000000,1980年,人
2,00700,全域,000,男女総数,211,55～59歳,003,アメリカ,03000,岩手県,1980000000,1980年,人
11,00700,全域,000,男女総数,211,55～59歳,003,アメリカ,04000,宮城県,1980000000,1980年,人
1,00700,全域,000,男女総数,211,55～59歳,003,アメリカ,06000,山形県,1980000000,1980年,人
5,00700,全域,000,男女総数,211,55～59歳,003,アメリカ,07000,福島県,1980000000,1980年,人
5,00700,全域,000,男女総数,211,55～59歳,003,アメリカ,08000,茨城県,1980000000,1980年,人
6,00700,全域,000,男女総数,211,55～59歳,003,アメリカ,09000,栃木県,1980000000,1980年,人
6,00700,全域,000,男女総数,211,55～59歳,003,アメリカ,10000,群馬県,1980000000,1980年,人
14,00700,全域,000,男女総数,211,55～59歳,003,アメリカ,11000,埼玉県,1980000000,1980年,人
11,00700,全域,000,男女総数,211,55～59歳,003,アメリカ,12000,千葉県,1980000000,1980年,人
349,00700,全域,000,男女総数,211,55～59歳,003,アメリカ,13000,東京都,1980000000,1980年,人
119,00700,全域,000,男女総数,211,55～59歳,003,アメリカ,14000,神奈川県,1980000000,1980年,人
2,00700,全域,000,男女総数,211,55～59歳,003,アメリカ,15000,新潟県,1980000000,1980年,人
1,00700,全域,000,男女総数,211,55～59歳,003,アメリカ,16000,富山県,1980000000,1980年,人
2,00700,全域,000,男女総数,211,55～59歳,003,アメリカ,17000,石川県,1980000000,1980年,人
1,00700,全域,000,男女総数,211,55～59歳,003,アメリカ,18000,福井県,1980000000,1980年,人
4,00700,全域,000,男女総数,211,55～59歳,003,アメリカ,19000,山梨県,1980000000,1980年,人
6,00700,全域,000,男女総数,211,55～59歳,003,アメリカ,20000,長野県,1980000000,1980年,人
5,00700,全域,000,男女総数,211,55～59歳,003,アメリカ,21000,岐阜県,1980000000,1980年,人
11,00700,全域,000,男女総数,211,55～59歳,003,アメリカ,22000,静岡県,1980000000,1980年,人
35,00700,全域,000,男女総数,211,55～59歳,003,アメリカ,23000,愛知県,1980000000,1980年,人
9,00700,全域,000,男女総数,211,55～59歳,003,アメリカ,24000,三重県,1980000000,1980年,人
5,00700,全域,000,男女総数,211,55～59歳,003,アメリカ,25000,滋賀県,1980000000,1980年,人
17,00700,全域,000,男女総数,211,55～59歳,003,アメリカ,26000,京都府,1980000000,1980年,人
30,00700,全域,000,男女総数,211,55～59歳,003,アメリカ,27000,大阪府,1980000000,1980年,人
47,00700,全域,000,男女総数,211,55～59歳,003,アメリカ,28000,兵庫県,1980000000,1980年,人
2,00700,全域,000,男女総数,211,55～59歳,003,アメリカ,29000,奈良県,1980000000,1980年,人
6,00700,全域,000,男女総数,211,55～59歳,003,アメリカ,30000,和歌山県,1980000000,1980年,人
1,00700,全域,000,男女総数,211,55～59歳,003,アメリカ,31000,鳥取県,1980000000,1980年,人
2,00700,全域,000,男女総数,211,55～59歳,003,アメリカ,32000,島根県,1980000000,1980年,人
3,00700,全域,000,男女総数,211,55～59歳,003,アメリカ,33000,岡山県,1980000000,1980年,人
29,00700,全域,000,男女総数,211,55～59歳,003,アメリカ,34000,広島県,1980000000,1980年,人
7,00700,全域,000,男女総数,211,55～59歳,003,アメリカ,35000,山口県,1980000000,1980年,人
2,00700,全域,000,男女総数,211,55～59歳,003,アメリカ,36000,徳島県,1980000000,1980年,人
5,00700,全域,000,男女総数,211,55～59歳,003,アメリカ,37000,香川県,1980000000,1980年,人
2,00700,全域,000,男女総数,211,55～59歳,003,アメリカ,38000,愛媛県,1980000000,1980年,人
18,00700,全域,000,男女総数,211,55～59歳,003,アメリカ,40000,福岡県,1980000000,1980年,人
7,00700,全域,000,男女総数,211,55～59歳,003,アメリカ,42000,長崎県,1980000000,1980年,人
7,00700,全域,000,男女総数,211,55～59歳,003,アメリカ,43000,熊本県,1980000000,1980年,人
2,00700,全域,000,男女総数,211,55～59歳,003,アメリカ,44000,大分県,1980000000,1980年,人
2,00700,全域,000,男女総数,211,55～59歳,003,アメリカ,45000,宮崎県,1980000000,1980年,人
8,00700,全域,000,男女総数,211,55～59歳,003,アメリカ,46000,鹿児島県,1980000000,1980年,人
110,00700,全域,000,男女総数,211,55～59歳,003,アメリカ,47000,沖縄県,1980000000,1980年,人
759,00700,全域,000,男女総数,211,55～59歳,004,その他,00000,全国,1980000000,1980年,人
699,00700,全域,000,男女総数,211,55～59歳,004,その他,00001,全国市部,1980000000,1980年,人
60,00700,全域,000,男女総数,211,55～59歳,004,その他,00002,全国郡部,1980000000,1980年,人
10,00700,全域,000,男女総数,211,55～59歳,004,その他,01000,北海道,1980000000,1980年,人
4,00700,全域,000,男女総数,211,55～59歳,004,その他,02000,青森県,1980000000,1980年,人
3,00700,全域,000,男女総数,211,55～59歳,004,その他,03000,岩手県,1980000000,1980年,人
7,00700,全域,000,男女総数,211,55～59歳,004,その他,04000,宮城県,1980000000,1980年,人
1,00700,全域,000,男女総数,211,55～59歳,004,その他,05000,秋田県,1980000000,1980年,人
7,00700,全域,000,男女総数,211,55～59歳,004,その他,07000,福島県,1980000000,1980年,人
2,00700,全域,000,男女総数,211,55～59歳,004,その他,08000,茨城県,1980000000,1980年,人
4,00700,全域,000,男女総数,211,55～59歳,004,その他,09000,栃木県,1980000000,1980年,人
6,00700,全域,000,男女総数,211,55～59歳,004,その他,10000,群馬県,1980000000,1980年,人
16,00700,全域,000,男女総数,211,55～59歳,004,その他,11000,埼玉県,1980000000,1980年,人
12,00700,全域,000,男女総数,211,55～59歳,004,その他,12000,千葉県,1980000000,1980年,人
260,00700,全域,000,男女総数,211,55～59歳,004,その他,13000,東京都,1980000000,1980年,人
80,00700,全域,000,男女総数,211,55～59歳,004,その他,14000,神奈川県,1980000000,1980年,人
2,00700,全域,000,男女総数,211,55～59歳,004,その他,15000,新潟県,1980000000,1980年,人
2,00700,全域,000,男女総数,211,55～59歳,004,その他,16000,富山県,1980000000,1980年,人
5,00700,全域,000,男女総数,211,55～59歳,004,その他,17000,石川県,1980000000,1980年,人
1,00700,全域,000,男女総数,211,55～59歳,004,その他,18000,福井県,1980000000,1980年,人
6,00700,全域,000,男女総数,211,55～59歳,004,その他,19000,山梨県,1980000000,1980年,人
6,00700,全域,000,男女総数,211,55～59歳,004,その他,20000,長野県,1980000000,1980年,人
1,00700,全域,000,男女総数,211,55～59歳,004,その他,21000,岐阜県,1980000000,1980年,人
15,00700,全域,000,男女総数,211,55～59歳,004,その他,22000,静岡県,1980000000,1980年,人
25,00700,全域,000,男女総数,211,55～59歳,004,その他,23000,愛知県,1980000000,1980年,人
2,00700,全域,000,男女総数,211,55～59歳,004,その他,24000,三重県,1980000000,1980年,人
3,00700,全域,000,男女総数,211,55～59歳,004,その他,25000,滋賀県,1980000000,1980年,人
6,00700,全域,000,男女総数,211,55～59歳,004,その他,26000,京都府,1980000000,1980年,人
21,00700,全域,000,男女総数,211,55～59歳,004,その他,27000,大阪府,1980000000,1980年,人
111,00700,全域,000,男女総数,211,55～59歳,004,その他,28000,兵庫県,1980000000,1980年,人
2,00700,全域,000,男女総数,211,55～59歳,004,その他,29000,奈良県,1980000000,1980年,人
3,00700,全域,000,男女総数,211,55～59歳,004,その他,30000,和歌山県,1980000000,1980年,人
1,00700,全域,000,男女総数,211,55～59歳,004,その他,32000,島根県,1980000000,1980年,人
9,00700,全域,000,男女総数,211,55～59歳,004,その他,33000,岡山県,1980000000,1980年,人
13,00700,全域,000,男女総数,211,55～59歳,004,その他,34000,広島県,1980000000,1980年,人
7,00700,全域,000,男女総数,211,55～59歳,004,その他,35000,山口県,1980000000,1980年,人
3,00700,全域,000,男女総数,211,55～59歳,004,その他,38000,愛媛県,1980000000,1980年,人
3,00700,全域,000,男女総数,211,55～59歳,004,その他,39000,高知県,1980000000,1980年,人
19,00700,全域,000,男女総数,211,55～59歳,004,その他,40000,福岡県,1980000000,1980年,人
5,00700,全域,000,男女総数,211,55～59歳,004,その他,41000,佐賀県,1980000000,1980年,人
7,00700,全域,000,男女総数,211,55～59歳,004,その他,42000,長崎県,1980000000,1980年,人
7,00700,全域,000,男女総数,211,55～59歳,004,その他,43000,熊本県,1980000000,1980年,人
9,00700,全域,000,男女総数,211,55～59歳,004,その他,44000,大分県,1980000000,1980年,人
3,00700,全域,000,男女総数,211,55～59歳,004,その他,45000,宮崎県,1980000000,1980年,人
5,00700,全域,000,男女総数,211,55～59歳,004,その他,46000,鹿児島県,1980000000,1980年,人
45,00700,全域,000,男女総数,211,55～59歳,004,その他,47000,沖縄県,1980000000,1980年,人
22696,00700,全域,000,男女総数,212,60～64歳,000,国籍総数,00000,全国,1980000000,1980年,人
20106,00700,全域,000,男女総数,212,60～64歳,000,国籍総数,00001,全国市部,1980000000,1980年,人
2590,00700,全域,000,男女総数,212,60～64歳,000,国籍総数,00002,全国郡部,1980000000,1980年,人
524,00700,全域,000,男女総数,212,60～64歳,000,国籍総数,01000,北海道,1980000000,1980年,人
115,00700,全域,000,男女総数,212,60～64歳,000,国籍総数,02000,青森県,1980000000,1980年,人
126,00700,全域,000,男女総数,212,60～64歳,000,国籍総数,03000,岩手県,1980000000,1980年,人
171,00700,全域,000,男女総数,212,60～64歳,000,国籍総数,04000,宮城県,1980000000,1980年,人
72,00700,全域,000,男女総数,212,60～64歳,000,国籍総数,05000,秋田県,1980000000,1980年,人
51,00700,全域,000,男女総数,212,60～64歳,000,国籍総数,06000,山形県,1980000000,1980年,人
150,00700,全域,000,男女総数,212,60～64歳,000,国籍総数,07000,福島県,1980000000,1980年,人
173,00700,全域,000,男女総数,212,60～64歳,000,国籍総数,08000,茨城県,1980000000,1980年,人
114,00700,全域,000,男女総数,212,60～64歳,000,国籍総数,09000,栃木県,1980000000,1980年,人
148,00700,全域,000,男女総数,212,60～64歳,000,国籍総数,10000,群馬県,1980000000,1980年,人
402,00700,全域,000,男女総数,212,60～64歳,000,国籍総数,11000,埼玉県,1980000000,1980年,人
376,00700,全域,000,男女総数,212,60～64歳,000,国籍総数,12000,千葉県,1980000000,1980年,人
2880,00700,全域,000,男女総数,212,60～64歳,000,国籍総数,13000,東京都,1980000000,1980年,人
1295,00700,全域,000,男女総数,212,60～64歳,000,国籍総数,14000,神奈川県,1980000000,1980年,人
144,00700,全域,000,男女総数,212,60～64歳,000,国籍総数,15000,新潟県,1980000000,1980年,人
69,00700,全域,000,男女総数,212,60～64歳,000,国籍総数,16000,富山県,1980000000,1980年,人
118,00700,全域,000,男女総数,212,60～64歳,000,国籍総数,17000,石川県,1980000000,1980年,人
184,00700,全域,000,男女総数,212,60～64歳,000,国籍総数,18000,福井県,1980000000,1980年,人
97,00700,全域,000,男女総数,212,60～64歳,000,国籍総数,19000,山梨県,1980000000,1980年,人
212,00700,全域,000,男女総数,212,60～64歳,000,国籍総数,20000,長野県,1980000000,1980年,人
383,00700,全域,000,男女総数,212,60～64歳,000,国籍総数,21000,岐阜県,1980000000,1980年,人
288,00700,全域,000,男女総数,212,60～64歳,000,国籍総数,22000,静岡県,1980000000,1980年,人
1469,00700,全域,000,男女総数,212,60～64歳,000,国籍総数,23000,愛知県,1980000000,1980年,人
257,00700,全域,000,男女総数,212,60～64歳,000,国籍総数,24000,三重県,1980000000,1980年,人
214,00700,全域,000,男女総数,212,60～64歳,000,国籍総数,25000,滋賀県,1980000000,1980年,人
1257,00700,全域,000,男女総数,212,60～64歳,000,国籍総数,26000,京都府,1980000000,1980年,人
5179,00700,全域,000,男女総数,212,60～64歳,000,国籍総数,27000,大阪府,1980000000,1980年,人
2283,00700,全域,000,男女総数,212,60～64歳,000,国籍総数,28000,兵庫県,1980000000,1980年,人
201,00700,全域,000,男女総数,212,60～64歳,000,国籍総数,29000,奈良県,1980000000,1980年,人
181,00700,全域,000,男女総数,212,60～64歳,000,国籍総数,30000,和歌山県,1980000000,1980年,人
91,00700,全域,000,男女総数,212,60～64歳,000,国籍総数,31000,鳥取県,1980000000,1980年,人
66,00700,全域,000,男女総数,212,60～64歳,000,国籍総数,32000,島根県,1980000000,1980年,人
301,00700,全域,000,男女総数,212,60～64歳,000,国籍総数,33000,岡山県,1980000000,1980年,人
526,00700,全域,000,男女総数,212,60～64歳,000,国籍総数,34000,広島県,1980000000,1980年,人
540,00700,全域,000,男女総数,212,60～64歳,000,国籍総数,35000,山口県,1980000000,1980年,人
17,00700,全域,000,男女総数,212,60～64歳,000,国籍総数,36000,徳島県,1980000000,1980年,人
46,00700,全域,000,男女総数,212,60～64歳,000,国籍総数,37000,香川県,1980000000,1980年,人
86,00700,全域,000,男女総数,212,60～64歳,000,国籍総数,38000,愛媛県,1980000000,1980年,人
59,00700,全域,000,男女総数,212,60～64歳,000,国籍総数,39000,高知県,1980000000,1980年,人
995,00700,全域,000,男女総数,212,60～64歳,000,国籍総数,40000,福岡県,1980000000,1980年,人
84,00700,全域,000,男女総数,212,60～64歳,000,国籍総数,41000,佐賀県,1980000000,1980年,人
187,00700,全域,000,男女総数,212,60～64歳,000,国籍総数,42000,長崎県,1980000000,1980年,人
127,00700,全域,000,男女総数,212,60～64歳,000,国籍総数,43000,熊本県,1980000000,1980年,人
149,00700,全域,000,男女総数,212,60～64歳,000,国籍総数,44000,大分県,1980000000,1980年,人
73,00700,全域,000,男女総数,212,60～64歳,000,国籍総数,45000,宮崎県,1980000000,1980年,人
72,00700,全域,000,男女総数,212,60～64歳,000,国籍総数,46000,鹿児島県,1980000000,1980年,人
144,00700,全域,000,男女総数,212,60～64歳,000,国籍総数,47000,沖縄県,1980000000,1980年,人
19191,00700,全域,000,男女総数,212,60～64歳,001,韓国・朝鮮,00000,全国,1980000000,1980年,人
17080,00700,全域,000,男女総数,212,60～64歳,001,韓国・朝鮮,00001,全国市部,1980000000,1980年,人
2111,00700,全域,000,男女総数,212,60～64歳,001,韓国・朝鮮,00002,全国郡部,1980000000,1980年,人
415,00700,全域,000,男女総数,212,60～64歳,001,韓国・朝鮮,01000,北海道,1980000000,1980年,人
94,00700,全域,000,男女総数,212,60～64歳,001,韓国・朝鮮,02000,青森県,1980000000,1980年,人
97,00700,全域,000,男女総数,212,60～64歳,001,韓国・朝鮮,03000,岩手県,1980000000,1980年,人
133,00700,全域,000,男女総数,212,60～64歳,001,韓国・朝鮮,04000,宮城県,1980000000,1980年,人
57,00700,全域,000,男女総数,212,60～64歳,001,韓国・朝鮮,05000,秋田県,1980000000,1980年,人
37,00700,全域,000,男女総数,212,60～64歳,001,韓国・朝鮮,06000,山形県,1980000000,1980年,人
125,00700,全域,000,男女総数,212,60～64歳,001,韓国・朝鮮,07000,福島県,1980000000,1980年,人
137,00700,全域,000,男女総数,212,60～64歳,001,韓国・朝鮮,08000,茨城県,1980000000,1980年,人
101,00700,全域,000,男女総数,212,60～64歳,001,韓国・朝鮮,09000,栃木県,1980000000,1980年,人
120,00700,全域,000,男女総数,212,60～64歳,001,韓国・朝鮮,10000,群馬県,1980000000,1980年,人
320,00700,全域,000,男女総数,212,60～64歳,001,韓国・朝鮮,11000,埼玉県,1980000000,1980年,人
309,00700,全域,000,男女総数,212,60～64歳,001,韓国・朝鮮,12000,千葉県,1980000000,1980年,人
2040,00700,全域,000,男女総数,212,60～64歳,001,韓国・朝鮮,13000,東京都,1980000000,1980年,人
939,00700,全域,000,男女総数,212,60～64歳,001,韓国・朝鮮,14000,神奈川県,1980000000,1980年,人
121,00700,全域,000,男女総数,212,60～64歳,001,韓国・朝鮮,15000,新潟県,1980000000,1980年,人
64,00700,全域,000,男女総数,212,60～64歳,001,韓国・朝鮮,16000,富山県,1980000000,1980年,人
107,00700,全域,000,男女総数,212,60～64歳,001,韓国・朝鮮,17000,石川県,1980000000,1980年,人
175,00700,全域,000,男女総数,212,60～64歳,001,韓国・朝鮮,18000,福井県,1980000000,1980年,人
80,00700,全域,000,男女総数,212,60～64歳,001,韓国・朝鮮,19000,山梨県,1980000000,1980年,人
184,00700,全域,000,男女総数,212,60～64歳,001,韓国・朝鮮,20000,長野県,1980000000,1980年,人
373,00700,全域,000,男女総数,212,60～64歳,001,韓国・朝鮮,21000,岐阜県,1980000000,1980年,人
240,00700,全域,000,男女総数,212,60～64歳,001,韓国・朝鮮,22000,静岡県,1980000000,1980年,人
1378,00700,全域,000,男女総数,212,60～64歳,001,韓国・朝鮮,23000,愛知県,1980000000,1980年,人
233,00700,全域,000,男女総数,212,60～64歳,001,韓国・朝鮮,24000,三重県,1980000000,1980年,人
199,00700,全域,000,男女総数,212,60～64歳,001,韓国・朝鮮,25000,滋賀県,1980000000,1980年,人
1185,00700,全域,000,男女総数,212,60～64歳,001,韓国・朝鮮,26000,京都府,1980000000,1980年,人
4839,00700,全域,000,男女総数,212,60～64歳,001,韓国・朝鮮,27000,大阪府,1980000000,1980年,人
1788,00700,全域,000,男女総数,212,60～64歳,001,韓国・朝鮮,28000,兵庫県,1980000000,1980年,人
184,00700,全域,000,男女総数,212,60～64歳,001,韓国・朝鮮,29000,奈良県,1980000000,1980年,人
160,00700,全域,000,男女総数,212,60～64歳,001,韓国・朝鮮,30000,和歌山県,1980000000,1980年,人
86,00700,全域,000,男女総数,212,60～64歳,001,韓国・朝鮮,31000,鳥取県,1980000000,1980年,人
56,00700,全域,000,男女総数,212,60～64歳,001,韓国・朝鮮,32000,島根県,1980000000,1980年,人
278,00700,全域,000,男女総数,212,60～64歳,001,韓国・朝鮮,33000,岡山県,1980000000,1980年,人
461,00700,全域,000,男女総数,212,60～64歳,001,韓国・朝鮮,34000,広島県,1980000000,1980年,人
502,00700,全域,000,男女総数,212,60～64歳,001,韓国・朝鮮,35000,山口県,1980000000,1980年,人
5,00700,全域,000,男女総数,212,60～64歳,001,韓国・朝鮮,36000,徳島県,1980000000,1980年,人
35,00700,全域,000,男女総数,212,60～64歳,001,韓国・朝鮮,37000,香川県,1980000000,1980年,人
69,00700,全域,000,男女総数,212,60～64歳,001,韓国・朝鮮,38000,愛媛県,1980000000,1980年,人
43,00700,全域,000,男女総数,212,60～64歳,001,韓国・朝鮮,39000,高知県,1980000000,1980年,人
914,00700,全域,000,男女総数,212,60～64歳,001,韓国・朝鮮,40000,福岡県,1980000000,1980年,人
67,00700,全域,000,男女総数,212,60～64歳,001,韓国・朝鮮,41000,佐賀県,1980000000,1980年,人
129,00700,全域,000,男女総数,212,60～64歳,001,韓国・朝鮮,42000,長崎県,1980000000,1980年,人
93,00700,全域,000,男女総数,212,60～64歳,001,韓国・朝鮮,43000,熊本県,1980000000,1980年,人
129,00700,全域,000,男女総数,212,60～64歳,001,韓国・朝鮮,44000,大分県,1980000000,1980年,人
48,00700,全域,000,男女総数,212,60～64歳,001,韓国・朝鮮,45000,宮崎県,1980000000,1980年,人
34,00700,全域,000,男女総数,212,60～64歳,001,韓国・朝鮮,46000,鹿児島県,1980000000,1980年,人
8,00700,全域,000,男女総数,212,60～64歳,001,韓国・朝鮮,47000,沖縄県,1980000000,1980年,人
1779,00700,全域,000,男女総数,212,60～64歳,002,中国,00000,全国,1980000000,1980年,人
1538,00700,全域,000,男女総数,212,60～64歳,002,中国,00001,全国市部,1980000000,1980年,人
241,00700,全域,000,男女総数,212,60～64歳,002,中国,00002,全国郡部,1980000000,1980年,人
60,00700,全域,000,男女総数,212,60～64歳,002,中国,01000,北海道,1980000000,1980年,人
10,00700,全域,000,男女総数,212,60～64歳,002,中国,02000,青森県,1980000000,1980年,人
15,00700,全域,000,男女総数,212,60～64歳,002,中国,03000,岩手県,1980000000,1980年,人
18,00700,全域,000,男女総数,212,60～64歳,002,中国,04000,宮城県,1980000000,1980年,人
4,00700,全域,000,男女総数,212,60～64歳,002,中国,05000,秋田県,1980000000,1980年,人
5,00700,全域,000,男女総数,212,60～64歳,002,中国,06000,山形県,1980000000,1980年,人
9,00700,全域,000,男女総数,212,60～64歳,002,中国,07000,福島県,1980000000,1980年,人
17,00700,全域,000,男女総数,212,60～64歳,002,中国,08000,茨城県,1980000000,1980年,人
6,00700,全域,000,男女総数,212,60～64歳,002,中国,09000,栃木県,1980000000,1980年,人
14,00700,全域,000,男女総数,212,60～64歳,002,中国,10000,群馬県,1980000000,1980年,人
40,00700,全域,000,男女総数,212,60～64歳,002,中国,11000,埼玉県,1980000000,1980年,人
31,00700,全域,000,男女総数,212,60～64歳,002,中国,12000,千葉県,1980000000,1980年,人
379,00700,全域,000,男女総数,212,60～64歳,002,中国,13000,東京都,1980000000,1980年,人
205,00700,全域,000,男女総数,212,60～64歳,002,中国,14000,神奈川県,1980000000,1980年,人
13,00700,全域,000,男女総数,212,60～64歳,002,中国,15000,新潟県,1980000000,1980年,人
3,00700,全域,000,男女総数,212,60～64歳,002,中国,17000,石川県,1980000000,1980年,人
2,00700,全域,000,男女総数,212,60～64歳,002,中国,18000,福井県,1980000000,1980年,人
9,00700,全域,000,男女総数,212,60～64歳,002,中国,19000,山梨県,1980000000,1980年,人
11,00700,全域,000,男女総数,212,60～64歳,002,中国,20000,長野県,1980000000,1980年,人
2,00700,全域,000,男女総数,212,60～64歳,002,中国,21000,岐阜県,1980000000,1980年,人
23,00700,全域,000,男女総数,212,60～64歳,002,中国,22000,静岡県,1980000000,1980年,人
34,00700,全域,000,男女総数,212,60～64歳,002,中国,23000,愛知県,1980000000,1980年,人
4,00700,全域,000,男女総数,212,60～64歳,002,中国,24000,三重県,1980000000,1980年,人
7,00700,全域,000,男女総数,212,60～64歳,002,中国,25000,滋賀県,1980000000,1980年,人
31,00700,全域,000,男女総数,212,60～64歳,002,中国,26000,京都府,1980000000,1980年,人
209,00700,全域,000,男女総数,212,60～64歳,002,中国,27000,大阪府,1980000000,1980年,人
338,00700,全域,000,男女総数,212,60～64歳,002,中国,28000,兵庫県,1980000000,1980年,人
8,00700,全域,000,男女総数,212,60～64歳,002,中国,29000,奈良県,1980000000,1980年,人
10,00700,全域,000,男女総数,212,60～64歳,002,中国,30000,和歌山県,1980000000,1980年,人
1,00700,全域,000,男女総数,212,60～64歳,002,中国,31000,鳥取県,1980000000,1980年,人
7,00700,全域,000,男女総数,212,60～64歳,002,中国,32000,島根県,1980000000,1980年,人
10,00700,全域,000,男女総数,212,60～64歳,002,中国,33000,岡山県,1980000000,1980年,人
14,00700,全域,000,男女総数,212,60～64歳,002,中国,34000,広島県,1980000000,1980年,人
10,00700,全域,000,男女総数,212,60～64歳,002,中国,35000,山口県,1980000000,1980年,人
8,00700,全域,000,男女総数,212,60～64歳,002,中国,36000,徳島県,1980000000,1980年,人
5,00700,全域,000,男女総数,212,60～64歳,002,中国,37000,香川県,1980000000,1980年,人
6,00700,全域,000,男女総数,212,60～64歳,002,中国,38000,愛媛県,1980000000,1980年,人
10,00700,全域,000,男女総数,212,60～64歳,002,中国,39000,高知県,1980000000,1980年,人
34,00700,全域,000,男女総数,212,60～64歳,002,中国,40000,福岡県,1980000000,1980年,人
10,00700,全域,000,男女総数,212,60～64歳,002,中国,41000,佐賀県,1980000000,1980年,人
42,00700,全域,000,男女総数,212,60～64歳,002,中国,42000,長崎県,1980000000,1980年,人
15,00700,全域,000,男女総数,212,60～64歳,002,中国,43000,熊本県,1980000000,1980年,人
7,00700,全域,000,男女総数,212,60～64歳,002,中国,44000,大分県,1980000000,1980年,人
16,00700,全域,000,男女総数,212,60～64歳,002,中国,45000,宮崎県,1980000000,1980年,人
22,00700,全域,000,男女総数,212,60～64歳,002,中国,46000,鹿児島県,1980000000,1980年,人
45,00700,全域,000,男女総数,212,60～64歳,002,中国,47000,沖縄県,1980000000,1980年,人
565,00700,全域,000,男女総数,212,60～64歳,003,アメリカ,00000,全国,1980000000,1980年,人
489,00700,全域,000,男女総数,212,60～64歳,003,アメリカ,00001,全国市部,1980000000,1980年,人
76,00700,全域,000,男女総数,212,60～64歳,003,アメリカ,00002,全国郡部,1980000000,1980年,人
5,00700,全域,000,男女総数,212,60～64歳,003,アメリカ,01000,北海道,1980000000,1980年,人
2,00700,全域,000,男女総数,212,60～64歳,003,アメリカ,02000,青森県,1980000000,1980年,人
3,00700,全域,000,男女総数,212,60～64歳,003,アメリカ,03000,岩手県,1980000000,1980年,人
6,00700,全域,000,男女総数,212,60～64歳,003,アメリカ,04000,宮城県,1980000000,1980年,人
2,00700,全域,000,男女総数,212,60～64歳,003,アメリカ,05000,秋田県,1980000000,1980年,人
4,00700,全域,000,男女総数,212,60～64歳,003,アメリカ,06000,山形県,1980000000,1980年,人
4,00700,全域,000,男女総数,212,60～64歳,003,アメリカ,07000,福島県,1980000000,1980年,人
3,00700,全域,000,男女総数,212,60～64歳,003,アメリカ,08000,茨城県,1980000000,1980年,人
2,00700,全域,000,男女総数,212,60～64歳,003,アメリカ,09000,栃木県,1980000000,1980年,人
2,00700,全域,000,男女総数,212,60～64歳,003,アメリカ,10000,群馬県,1980000000,1980年,人
11,00700,全域,000,男女総数,212,60～64歳,003,アメリカ,11000,埼玉県,1980000000,1980年,人
8,00700,全域,000,男女総数,212,60～64歳,003,アメリカ,12000,千葉県,1980000000,1980年,人
198,00700,全域,000,男女総数,212,60～64歳,003,アメリカ,13000,東京都,1980000000,1980年,人
64,00700,全域,000,男女総数,212,60～64歳,003,アメリカ,14000,神奈川県,1980000000,1980年,人
2,00700,全域,000,男女総数,212,60～64歳,003,アメリカ,15000,新潟県,1980000000,1980年,人
2,00700,全域,000,男女総数,212,60～64歳,003,アメリカ,17000,石川県,1980000000,1980年,人
1,00700,全域,000,男女総数,212,60～64歳,003,アメリカ,18000,福井県,1980000000,1980年,人
3,00700,全域,000,男女総数,212,60～64歳,003,アメリカ,19000,山梨県,1980000000,1980年,人
3,00700,全域,000,男女総数,212,60～64歳,003,アメリカ,20000,長野県,1980000000,1980年,人
5,00700,全域,000,男女総数,212,60～64歳,003,アメリカ,21000,岐阜県,1980000000,1980年,人
7,00700,全域,000,男女総数,212,60～64歳,003,アメリカ,22000,静岡県,1980000000,1980年,人
29,00700,全域,000,男女総数,212,60～64歳,003,アメリカ,23000,愛知県,1980000000,1980年,人
5,00700,全域,000,男女総数,212,60～64歳,003,アメリカ,24000,三重県,1980000000,1980年,人
2,00700,全域,000,男女総数,212,60～64歳,003,アメリカ,25000,滋賀県,1980000000,1980年,人
12,00700,全域,000,男女総数,212,60～64歳,003,アメリカ,26000,京都府,1980000000,1980年,人
10,00700,全域,000,男女総数,212,60～64歳,003,アメリカ,27000,大阪府,1980000000,1980年,人
26,00700,全域,000,男女総数,212,60～64歳,003,アメリカ,28000,兵庫県,1980000000,1980年,人
3,00700,全域,000,男女総数,212,60～64歳,003,アメリカ,29000,奈良県,1980000000,1980年,人
4,00700,全域,000,男女総数,212,60～64歳,003,アメリカ,30000,和歌山県,1980000000,1980年,人
1,00700,全域,000,男女総数,212,60～64歳,003,アメリカ,31000,鳥取県,1980000000,1980年,人
6,00700,全域,000,男女総数,212,60～64歳,003,アメリカ,33000,岡山県,1980000000,1980年,人
25,00700,全域,000,男女総数,212,60～64歳,003,アメリカ,34000,広島県,1980000000,1980年,人
10,00700,全域,000,男女総数,212,60～64歳,003,アメリカ,35000,山口県,1980000000,1980年,人
1,00700,全域,000,男女総数,212,60～64歳,003,アメリカ,36000,徳島県,1980000000,1980年,人
3,00700,全域,000,男女総数,212,60～64歳,003,アメリカ,37000,香川県,1980000000,1980年,人
3,00700,全域,000,男女総数,212,60～64歳,003,アメリカ,38000,愛媛県,1980000000,1980年,人
5,00700,全域,000,男女総数,212,60～64歳,003,アメリカ,40000,福岡県,1980000000,1980年,人
6,00700,全域,000,男女総数,212,60～64歳,003,アメリカ,42000,長崎県,1980000000,1980年,人
7,00700,全域,000,男女総数,212,60～64歳,003,アメリカ,43000,熊本県,1980000000,1980年,人
3,00700,全域,000,男女総数,212,60～64歳,003,アメリカ,44000,大分県,1980000000,1980年,人
8,00700,全域,000,男女総数,212,60～64歳,003,アメリカ,46000,鹿児島県,1980000000,1980年,人
59,00700,全域,000,男女総数,212,60～64歳,003,アメリカ,47000,沖縄県,1980000000,1980年,人
476,00700,全域,000,男女総数,212,60～64歳,004,その他,00000,全国,1980000000,1980年,人
440,00700,全域,000,男女総数,212,60～64歳,004,その他,00001,全国市部,1980000000,1980年,人
36,00700,全域,000,男女総数,212,60～64歳,004,その他,00002,全国郡部,1980000000,1980年,人
16,00700,全域,000,男女総数,212,60～64歳,004,その他,01000,北海道,1980000000,1980年,人
1,00700,全域,000,男女総数,212,60～64歳,004,その他,02000,青森県,1980000000,1980年,人
5,00700,全域,000,男女総数,212,60～64歳,004,その他,03000,岩手県,1980000000,1980年,人
5,00700,全域,000,男女総数,212,60～64歳,004,その他,04000,宮城県,1980000000,1980年,人
2,00700,全域,000,男女総数,212,60～64歳,004,その他,07000,福島県,1980000000,1980年,人
4,00700,全域,000,男女総数,212,60～64歳,004,その他,08000,茨城県,1980000000,1980年,人
2,00700,全域,000,男女総数,212,60～64歳,004,その他,09000,栃木県,1980000000,1980年,人
1,00700,全域,000,男女総数,212,60～64歳,004,その他,10000,群馬県,1980000000,1980年,人
8,00700,全域,000,男女総数,212,60～64歳,004,その他,11000,埼玉県,1980000000,1980年,人
6,00700,全域,000,男女総数,212,60～64歳,004,その他,12000,千葉県,1980000000,1980年,人
144,00700,全域,000,男女総数,212,60～64歳,004,その他,13000,東京都,1980000000,1980年,人
52,00700,全域,000,男女総数,212,60～64歳,004,その他,14000,神奈川県,1980000000,1980年,人
2,00700,全域,000,男女総数,212,60～64歳,004,その他,15000,新潟県,1980000000,1980年,人
2,00700,全域,000,男女総数,212,60～64歳,004,その他,16000,富山県,1980000000,1980年,人
3,00700,全域,000,男女総数,212,60～64歳,004,その他,17000,石川県,1980000000,1980年,人
2,00700,全域,000,男女総数,212,60～64歳,004,その他,18000,福井県,1980000000,1980年,人
1,00700,全域,000,男女総数,212,60～64歳,004,その他,19000,山梨県,1980000000,1980年,人
6,00700,全域,000,男女総数,212,60～64歳,004,その他,20000,長野県,1980000000,1980年,人
1,00700,全域,000,男女総数,212,60～64歳,004,その他,21000,岐阜県,1980000000,1980年,人
9,00700,全域,000,男女総数,212,60～64歳,004,その他,22000,静岡県,1980000000,1980年,人
10,00700,全域,000,男女総数,212,60～64歳,004,その他,23000,愛知県,1980000000,1980年,人
2,00700,全域,000,男女総数,212,60～64歳,004,その他,24000,三重県,1980000000,1980年,人
8,00700,全域,000,男女総数,212,60～64歳,004,その他,26000,京都府,1980000000,1980年,人
20,00700,全域,000,男女総数,212,60～64歳,004,その他,27000,大阪府,1980000000,1980年,人
82,00700,全域,000,男女総数,212,60～64歳,004,その他,28000,兵庫県,1980000000,1980年,人
1,00700,全域,000,男女総数,212,60～64歳,004,その他,29000,奈良県,1980000000,1980年,人
3,00700,全域,000,男女総数,212,60～64歳,004,その他,30000,和歌山県,1980000000,1980年,人
2,00700,全域,000,男女総数,212,60～64歳,004,その他,31000,鳥取県,1980000000,1980年,人
1,00700,全域,000,男女総数,212,60～64歳,004,その他,32000,島根県,1980000000,1980年,人
3,00700,全域,000,男女総数,212,60～64歳,004,その他,33000,岡山県,1980000000,1980年,人
6,00700,全域,000,男女総数,212,60～64歳,004,その他,34000,広島県,1980000000,1980年,人
4,00700,全域,000,男女総数,212,60～64歳,004,その他,35000,山口県,1980000000,1980年,人
1,00700,全域,000,男女総数,212,60～64歳,004,その他,36000,徳島県,1980000000,1980年,人
1,00700,全域,000,男女総数,212,60～64歳,004,その他,37000,香川県,1980000000,1980年,人
2,00700,全域,000,男女総数,212,60～64歳,004,その他,38000,愛媛県,1980000000,1980年,人
1,00700,全域,000,男女総数,212,60～64歳,004,その他,39000,高知県,1980000000,1980年,人
13,00700,全域,000,男女総数,212,60～64歳,004,その他,40000,福岡県,1980000000,1980年,人
1,00700,全域,000,男女総数,212,60～64歳,004,その他,41000,佐賀県,1980000000,1980年,人
5,00700,全域,000,男女総数,212,60～64歳,004,その他,42000,長崎県,1980000000,1980年,人
3,00700,全域,000,男女総数,212,60～64歳,004,その他,43000,熊本県,1980000000,1980年,人
6,00700,全域,000,男女総数,212,60～64歳,004,その他,44000,大分県,1980000000,1980年,人
4,00700,全域,000,男女総数,212,60～64歳,004,その他,45000,宮崎県,1980000000,1980年,人
3,00700,全域,000,男女総数,212,60～64歳,004,その他,46000,鹿児島県,1980000000,1980年,人
22,00700,全域,000,男女総数,212,60～64歳,004,その他,47000,沖縄県,1980000000,1980年,人
17075,00700,全域,000,男女総数,213,65～69歳,000,国籍総数,00000,全国,1980000000,1980年,人
15238,00700,全域,000,男女総数,213,65～69歳,000,国籍総数,00001,全国市部,1980000000,1980年,人
1837,00700,全域,000,男女総数,213,65～69歳,000,国籍総数,00002,全国郡部,1980000000,1980年,人
263,00700,全域,000,男女総数,213,65～69歳,000,国籍総数,01000,北海道,1980000000,1980年,人
85,00700,全域,000,男女総数,213,65～69歳,000,国籍総数,02000,青森県,1980000000,1980年,人
71,00700,全域,000,男女総数,213,65～69歳,000,国籍総数,03000,岩手県,1980000000,1980年,人
87,00700,全域,000,男女総数,213,65～69歳,000,国籍総数,04000,宮城県,1980000000,1980年,人
46,00700,全域,000,男女総数,213,65～69歳,000,国籍総数,05000,秋田県,1980000000,1980年,人
36,00700,全域,000,男女総数,213,65～69歳,000,国籍総数,06000,山形県,1980000000,1980年,人
91,00700,全域,000,男女総数,213,65～69歳,000,国籍総数,07000,福島県,1980000000,1980年,人
121,00700,全域,000,男女総数,213,65～69歳,000,国籍総数,08000,茨城県,1980000000,1980年,人
75,00700,全域,000,男女総数,213,65～69歳,000,国籍総数,09000,栃木県,1980000000,1980年,人
111,00700,全域,000,男女総数,213,65～69歳,000,国籍総数,10000,群馬県,1980000000,1980年,人
215,00700,全域,000,男女総数,213,65～69歳,000,国籍総数,11000,埼玉県,1980000000,1980年,人
267,00700,全域,000,男女総数,213,65～69歳,000,国籍総数,12000,千葉県,1980000000,1980年,人
1994,00700,全域,000,男女総数,213,65～69歳,000,国籍総数,13000,東京都,1980000000,1980年,人
896,00700,全域,000,男女総数,213,65～69歳,000,国籍総数,14000,神奈川県,1980000000,1980年,人
99,00700,全域,000,男女総数,213,65～69歳,000,国籍総数,15000,新潟県,1980000000,1980年,人
49,00700,全域,000,男女総数,213,65～69歳,000,国籍総数,16000,富山県,1980000000,1980年,人
85,00700,全域,000,男女総数,213,65～69歳,000,国籍総数,17000,石川県,1980000000,1980年,人
143,00700,全域,000,男女総数,213,65～69歳,000,国籍総数,18000,福井県,1980000000,1980年,人
62,00700,全域,000,男女総数,213,65～69歳,000,国籍総数,19000,山梨県,1980000000,1980年,人
177,00700,全域,000,男女総数,213,65～69歳,000,国籍総数,20000,長野県,1980000000,1980年,人
268,00700,全域,000,男女総数,213,65～69歳,000,国籍総数,21000,岐阜県,1980000000,1980年,人
216,00700,全域,000,男女総数,213,65～69歳,000,国籍総数,22000,静岡県,1980000000,1980年,人
1183,00700,全域,000,男女総数,213,65～69歳,000,国籍総数,23000,愛知県,1980000000,1980年,人
221,00700,全域,000,男女総数,213,65～69歳,000,国籍総数,24000,三重県,1980000000,1980年,人
175,00700,全域,000,男女総数,213,65～69歳,000,国籍総数,25000,滋賀県,1980000000,1980年,人
1058,00700,全域,000,男女総数,213,65～69歳,000,国籍総数,26000,京都府,1980000000,1980年,人
4302,00700,全域,000,男女総数,213,65～69歳,000,国籍総数,27000,大阪府,1980000000,1980年,人
1806,00700,全域,000,男女総数,213,65～69歳,000,国籍総数,28000,兵庫県,1980000000,1980年,人
150,00700,全域,000,男女総数,213,65～69歳,000,国籍総数,29000,奈良県,1980000000,1980年,人
139,00700,全域,000,男女総数,213,65～69歳,000,国籍総数,30000,和歌山県,1980000000,1980年,人
54,00700,全域,000,男女総数,213,65～69歳,000,国籍総数,31000,鳥取県,1980000000,1980年,人
59,00700,全域,000,男女総数,213,65～69歳,000,国籍総数,32000,島根県,1980000000,1980年,人
239,00700,全域,000,男女総数,213,65～69歳,000,国籍総数,33000,岡山県,1980000000,1980年,人
407,00700,全域,000,男女総数,213,65～69歳,000,国籍総数,34000,広島県,1980000000,1980年,人
421,00700,全域,000,男女総数,213,65～69歳,000,国籍総数,35000,山口県,1980000000,1980年,人
17,00700,全域,000,男女総数,213,65～69歳,000,国籍総数,36000,徳島県,1980000000,1980年,人
36,00700,全域,000,男女総数,213,65～69歳,000,国籍総数,37000,香川県,1980000000,1980年,人
54,00700,全域,000,男女総数,213,65～69歳,000,国籍総数,38000,愛媛県,1980000000,1980年,人
36,00700,全域,000,男女総数,213,65～69歳,000,国籍総数,39000,高知県,1980000000,1980年,人
703,00700,全域,000,男女総数,213,65～69歳,000,国籍総数,40000,福岡県,1980000000,1980年,人
59,00700,全域,000,男女総数,213,65～69歳,000,国籍総数,41000,佐賀県,1980000000,1980年,人
143,00700,全域,000,男女総数,213,65～69歳,000,国籍総数,42000,長崎県,1980000000,1980年,人
82,00700,全域,000,男女総数,213,65～69歳,000,国籍総数,43000,熊本県,1980000000,1980年,人
115,00700,全域,000,男女総数,213,65～69歳,000,国籍総数,44000,大分県,1980000000,1980年,人
44,00700,全域,000,男女総数,213,65～69歳,000,国籍総数,45000,宮崎県,1980000000,1980年,人
45,00700,全域,000,男女総数,213,65～69歳,000,国籍総数,46000,鹿児島県,1980000000,1980年,人
70,00700,全域,000,男女総数,213,65～69歳,000,国籍総数,47000,沖縄県,1980000000,1980年,人
14701,00700,全域,000,男女総数,213,65～69歳,001,韓国・朝鮮,00000,全国,1980000000,1980年,人
13131,00700,全域,000,男女総数,213,65～69歳,001,韓国・朝鮮,00001,全国市部,1980000000,1980年,人
1570,00700,全域,000,男女総数,213,65～69歳,001,韓国・朝鮮,00002,全国郡部,1980000000,1980年,人
211,00700,全域,000,男女総数,213,65～69歳,001,韓国・朝鮮,01000,北海道,1980000000,1980年,人
77,00700,全域,000,男女総数,213,65～69歳,001,韓国・朝鮮,02000,青森県,1980000000,1980年,人
59,00700,全域,000,男女総数,213,65～69歳,001,韓国・朝鮮,03000,岩手県,1980000000,1980年,人
76,00700,全域,000,男女総数,213,65～69歳,001,韓国・朝鮮,04000,宮城県,1980000000,1980年,人
37,00700,全域,000,男女総数,213,65～69歳,001,韓国・朝鮮,05000,秋田県,1980000000,1980年,人
24,00700,全域,000,男女総数,213,65～69歳,001,韓国・朝鮮,06000,山形県,1980000000,1980年,人
73,00700,全域,000,男女総数,213,65～69歳,001,韓国・朝鮮,07000,福島県,1980000000,1980年,人
110,00700,全域,000,男女総数,213,65～69歳,001,韓国・朝鮮,08000,茨城県,1980000000,1980年,人
63,00700,全域,000,男女総数,213,65～69歳,001,韓国・朝鮮,09000,栃木県,1980000000,1980年,人
87,00700,全域,000,男女総数,213,65～69歳,001,韓国・朝鮮,10000,群馬県,1980000000,1980年,人
184,00700,全域,000,男女総数,213,65～69歳,001,韓国・朝鮮,11000,埼玉県,1980000000,1980年,人
225,00700,全域,000,男女総数,213,65～69歳,001,韓国・朝鮮,12000,千葉県,1980000000,1980年,人
1414,00700,全域,000,男女総数,213,65～69歳,001,韓国・朝鮮,13000,東京都,1980000000,1980年,人
588,00700,全域,000,男女総数,213,65～69歳,001,韓国・朝鮮,14000,神奈川県,1980000000,1980年,人
75,00700,全域,000,男女総数,213,65～69歳,001,韓国・朝鮮,15000,新潟県,1980000000,1980年,人
47,00700,全域,000,男女総数,213,65～69歳,001,韓国・朝鮮,16000,富山県,1980000000,1980年,人
78,00700,全域,000,男女総数,213,65～69歳,001,韓国・朝鮮,17000,石川県,1980000000,1980年,人
136,00700,全域,000,男女総数,213,65～69歳,001,韓国・朝鮮,18000,福井県,1980000000,1980年,人
49,00700,全域,000,男女総数,213,65～69歳,001,韓国・朝鮮,19000,山梨県,1980000000,1980年,人
158,00700,全域,000,男女総数,213,65～69歳,001,韓国・朝鮮,20000,長野県,1980000000,1980年,人
252,00700,全域,000,男女総数,213,65～69歳,001,韓国・朝鮮,21000,岐阜県,1980000000,1980年,人
190,00700,全域,000,男女総数,213,65～69歳,001,韓国・朝鮮,22000,静岡県,1980000000,1980年,人
1138,00700,全域,000,男女総数,213,65～69歳,001,韓国・朝鮮,23000,愛知県,1980000000,1980年,人
212,00700,全域,000,男女総数,213,65～69歳,001,韓国・朝鮮,24000,三重県,1980000000,1980年,人
158,00700,全域,000,男女総数,213,65～69歳,001,韓国・朝鮮,25000,滋賀県,1980000000,1980年,人
1006,00700,全域,000,男女総数,213,65～69歳,001,韓国・朝鮮,26000,京都府,1980000000,1980年,人
4079,00700,全域,000,男女総数,213,65～69歳,001,韓国・朝鮮,27000,大阪府,1980000000,1980年,人
1448,00700,全域,000,男女総数,213,65～69歳,001,韓国・朝鮮,28000,兵庫県,1980000000,1980年,人
135,00700,全域,000,男女総数,213,65～69歳,001,韓国・朝鮮,29000,奈良県,1980000000,1980年,人
118,00700,全域,000,男女総数,213,65～69歳,001,韓国・朝鮮,30000,和歌山県,1980000000,1980年,人
46,00700,全域,000,男女総数,213,65～69歳,001,韓国・朝鮮,31000,鳥取県,1980000000,1980年,人
47,00700,全域,000,男女総数,213,65～69歳,001,韓国・朝鮮,32000,島根県,1980000000,1980年,人
223,00700,全域,000,男女総数,213,65～69歳,001,韓国・朝鮮,33000,岡山県,1980000000,1980年,人
370,00700,全域,000,男女総数,213,65～69歳,001,韓国・朝鮮,34000,広島県,1980000000,1980年,人
401,00700,全域,000,男女総数,213,65～69歳,001,韓国・朝鮮,35000,山口県,1980000000,1980年,人
10,00700,全域,000,男女総数,213,65～69歳,001,韓国・朝鮮,36000,徳島県,1980000000,1980年,人
29,00700,全域,000,男女総数,213,65～69歳,001,韓国・朝鮮,37000,香川県,1980000000,1980年,人
43,00700,全域,000,男女総数,213,65～69歳,001,韓国・朝鮮,38000,愛媛県,1980000000,1980年,人
24,00700,全域,000,男女総数,213,65～69歳,001,韓国・朝鮮,39000,高知県,1980000000,1980年,人
635,00700,全域,000,男女総数,213,65～69歳,001,韓国・朝鮮,40000,福岡県,1980000000,1980年,人
54,00700,全域,000,男女総数,213,65～69歳,001,韓国・朝鮮,41000,佐賀県,1980000000,1980年,人
97,00700,全域,000,男女総数,213,65～69歳,001,韓国・朝鮮,42000,長崎県,1980000000,1980年,人
59,00700,全域,000,男女総数,213,65～69歳,001,韓国・朝鮮,43000,熊本県,1980000000,1980年,人
101,00700,全域,000,男女総数,213,65～69歳,001,韓国・朝鮮,44000,大分県,1980000000,1980年,人
28,00700,全域,000,男女総数,213,65～69歳,001,韓国・朝鮮,45000,宮崎県,1980000000,1980年,人
22,00700,全域,000,男女総数,213,65～69歳,001,韓国・朝鮮,46000,鹿児島県,1980000000,1980年,人
5,00700,全域,000,男女総数,213,65～69歳,001,韓国・朝鮮,47000,沖縄県,1980000000,1980年,人
1194,00700,全域,000,男女総数,213,65～69歳,002,中国,00000,全国,1980000000,1980年,人
1097,00700,全域,000,男女総数,213,65～69歳,002,中国,00001,全国市部,1980000000,1980年,人
97,00700,全域,000,男女総数,213,65～69歳,002,中国,00002,全国郡部,1980000000,1980年,人
27,00700,全域,000,男女総数,213,65～69歳,002,中国,01000,北海道,1980000000,1980年,人
6,00700,全域,000,男女総数,213,65～69歳,002,中国,02000,青森県,1980000000,1980年,人
5,00700,全域,000,男女総数,213,65～69歳,002,中国,03000,岩手県,1980000000,1980年,人
6,00700,全域,000,男女総数,213,65～69歳,002,中国,04000,宮城県,1980000000,1980年,人
3,00700,全域,000,男女総数,213,65～69歳,002,中国,05000,秋田県,1980000000,1980年,人
5,00700,全域,000,男女総数,213,65～69歳,002,中国,06000,山形県,1980000000,1980年,人
5,00700,全域,000,男女総数,213,65～69歳,002,中国,07000,福島県,1980000000,1980年,人
4,00700,全域,000,男女総数,213,65～69歳,002,中国,08000,茨城県,1980000000,1980年,人
2,00700,全域,000,男女総数,213,65～69歳,002,中国,09000,栃木県,1980000000,1980年,人
13,00700,全域,000,男女総数,213,65～69歳,002,中国,10000,群馬県,1980000000,1980年,人
12,00700,全域,000,男女総数,213,65～69歳,002,中国,11000,埼玉県,1980000000,1980年,人
23,00700,全域,000,男女総数,213,65～69歳,002,中国,12000,千葉県,1980000000,1980年,人
256,00700,全域,000,男女総数,213,65～69歳,002,中国,13000,東京都,1980000000,1980年,人
178,00700,全域,000,男女総数,213,65～69歳,002,中国,14000,神奈川県,1980000000,1980年,人
13,00700,全域,000,男女総数,213,65～69歳,002,中国,15000,新潟県,1980000000,1980年,人
1,00700,全域,000,男女総数,213,65～69歳,002,中国,17000,石川県,1980000000,1980年,人
3,00700,全域,000,男女総数,213,65～69歳,002,中国,18000,福井県,1980000000,1980年,人
3,00700,全域,000,男女総数,213,65～69歳,002,中国,19000,山梨県,1980000000,1980年,人
8,00700,全域,000,男女総数,213,65～69歳,002,中国,20000,長野県,1980000000,1980年,人
7,00700,全域,000,男女総数,213,65～69歳,002,中国,21000,岐阜県,1980000000,1980年,人
9,00700,全域,000,男女総数,213,65～69歳,002,中国,22000,静岡県,1980000000,1980年,人
23,00700,全域,000,男女総数,213,65～69歳,002,中国,23000,愛知県,1980000000,1980年,人
3,00700,全域,000,男女総数,213,65～69歳,002,中国,24000,三重県,1980000000,1980年,人
4,00700,全域,000,男女総数,213,65～69歳,002,中国,25000,滋賀県,1980000000,1980年,人
25,00700,全域,000,男女総数,213,65～69歳,002,中国,26000,京都府,1980000000,1980年,人
120,00700,全域,000,男女総数,213,65～69歳,002,中国,27000,大阪府,1980000000,1980年,人
250,00700,全域,000,男女総数,213,65～69歳,002,中国,28000,兵庫県,1980000000,1980年,人
3,00700,全域,000,男女総数,213,65～69歳,002,中国,29000,奈良県,1980000000,1980年,人
12,00700,全域,000,男女総数,213,65～69歳,002,中国,30000,和歌山県,1980000000,1980年,人
2,00700,全域,000,男女総数,213,65～69歳,002,中国,31000,鳥取県,1980000000,1980年,人
10,00700,全域,000,男女総数,213,65～69歳,002,中国,32000,島根県,1980000000,1980年,人
4,00700,全域,000,男女総数,213,65～69歳,002,中国,33000,岡山県,1980000000,1980年,人
8,00700,全域,000,男女総数,213,65～69歳,002,中国,34000,広島県,1980000000,1980年,人
7,00700,全域,000,男女総数,213,65～69歳,002,中国,35000,山口県,1980000000,1980年,人
3,00700,全域,000,男女総数,213,65～69歳,002,中国,36000,徳島県,1980000000,1980年,人
2,00700,全域,000,男女総数,213,65～69歳,002,中国,37000,香川県,1980000000,1980年,人
4,00700,全域,000,男女総数,213,65～69歳,002,中国,38000,愛媛県,1980000000,1980年,人
6,00700,全域,000,男女総数,213,65～69歳,002,中国,39000,高知県,1980000000,1980年,人
31,00700,全域,000,男女総数,213,65～69歳,002,中国,40000,福岡県,1980000000,1980年,人
1,00700,全域,000,男女総数,213,65～69歳,002,中国,41000,佐賀県,1980000000,1980年,人
30,00700,全域,000,男女総数,213,65～69歳,002,中国,42000,長崎県,1980000000,1980年,人
10,00700,全域,000,男女総数,213,65～69歳,002,中国,43000,熊本県,1980000000,1980年,人
6,00700,全域,000,男女総数,213,65～69歳,002,中国,44000,大分県,1980000000,1980年,人
5,00700,全域,000,男女総数,213,65～69歳,002,中国,45000,宮崎県,1980000000,1980年,人
14,00700,全域,000,男女総数,213,65～69歳,002,中国,46000,鹿児島県,1980000000,1980年,人
22,00700,全域,000,男女総数,213,65～69歳,002,中国,47000,沖縄県,1980000000,1980年,人
314,00700,全域,000,男女総数,213,65～69歳,003,アメリカ,00000,全国,1980000000,1980年,人
272,00700,全域,000,男女総数,213,65～69歳,003,アメリカ,00001,全国市部,1980000000,1980年,人
42,00700,全域,000,男女総数,213,65～69歳,003,アメリカ,00002,全国郡部,1980000000,1980年,人
2,00700,全域,000,男女総数,213,65～69歳,003,アメリカ,01000,北海道,1980000000,1980年,人
1,00700,全域,000,男女総数,213,65～69歳,003,アメリカ,03000,岩手県,1980000000,1980年,人
1,00700,全域,000,男女総数,213,65～69歳,003,アメリカ,04000,宮城県,1980000000,1980年,人
2,00700,全域,000,男女総数,213,65～69歳,003,アメリカ,06000,山形県,1980000000,1980年,人
1,00700,全域,000,男女総数,213,65～69歳,003,アメリカ,07000,福島県,1980000000,1980年,人
1,00700,全域,000,男女総数,213,65～69歳,003,アメリカ,08000,茨城県,1980000000,1980年,人
2,00700,全域,000,男女総数,213,65～69歳,003,アメリカ,09000,栃木県,1980000000,1980年,人
2,00700,全域,000,男女総数,213,65～69歳,003,アメリカ,10000,群馬県,1980000000,1980年,人
7,00700,全域,000,男女総数,213,65～69歳,003,アメリカ,11000,埼玉県,1980000000,1980年,人
2,00700,全域,000,男女総数,213,65～69歳,003,アメリカ,12000,千葉県,1980000000,1980年,人
125,00700,全域,000,男女総数,213,65～69歳,003,アメリカ,13000,東京都,1980000000,1980年,人
48,00700,全域,000,男女総数,213,65～69歳,003,アメリカ,14000,神奈川県,1980000000,1980年,人
3,00700,全域,000,男女総数,213,65～69歳,003,アメリカ,15000,新潟県,1980000000,1980年,人
1,00700,全域,000,男女総数,213,65～69歳,003,アメリカ,18000,福井県,1980000000,1980年,人
1,00700,全域,000,男女総数,213,65～69歳,003,アメリカ,19000,山梨県,1980000000,1980年,人
3,00700,全域,000,男女総数,213,65～69歳,003,アメリカ,20000,長野県,1980000000,1980年,人
1,00700,全域,000,男女総数,213,65～69歳,003,アメリカ,21000,岐阜県,1980000000,1980年,人
4,00700,全域,000,男女総数,213,65～69歳,003,アメリカ,22000,静岡県,1980000000,1980年,人
5,00700,全域,000,男女総数,213,65～69歳,003,アメリカ,23000,愛知県,1980000000,1980年,人
2,00700,全域,000,男女総数,213,65～69歳,003,アメリカ,24000,三重県,1980000000,1980年,人
3,00700,全域,000,男女総数,213,65～69歳,003,アメリカ,26000,京都府,1980000000,1980年,人
7,00700,全域,000,男女総数,213,65～69歳,003,アメリカ,27000,大阪府,1980000000,1980年,人
15,00700,全域,000,男女総数,213,65～69歳,003,アメリカ,28000,兵庫県,1980000000,1980年,人
1,00700,全域,000,男女総数,213,65～69歳,003,アメリカ,29000,奈良県,1980000000,1980年,人
2,00700,全域,000,男女総数,213,65～69歳,003,アメリカ,30000,和歌山県,1980000000,1980年,人
2,00700,全域,000,男女総数,213,65～69歳,003,アメリカ,31000,鳥取県,1980000000,1980年,人
3,00700,全域,000,男女総数,213,65～69歳,003,アメリカ,33000,岡山県,1980000000,1980年,人
10,00700,全域,000,男女総数,213,65～69歳,003,アメリカ,34000,広島県,1980000000,1980年,人
8,00700,全域,000,男女総数,213,65～69歳,003,アメリカ,35000,山口県,1980000000,1980年,人
1,00700,全域,000,男女総数,213,65～69歳,003,アメリカ,39000,高知県,1980000000,1980年,人
6,00700,全域,000,男女総数,213,65～69歳,003,アメリカ,40000,福岡県,1980000000,1980年,人
6,00700,全域,000,男女総数,213,65～69歳,003,アメリカ,42000,長崎県,1980000000,1980年,人
8,00700,全域,000,男女総数,213,65～69歳,003,アメリカ,43000,熊本県,1980000000,1980年,人
2,00700,全域,000,男女総数,213,65～69歳,003,アメリカ,45000,宮崎県,1980000000,1980年,人
1,00700,全域,000,男女総数,213,65～69歳,003,アメリカ,46000,鹿児島県,1980000000,1980年,人
25,00700,全域,000,男女総数,213,65～69歳,003,アメリカ,47000,沖縄県,1980000000,1980年,人
347,00700,全域,000,男女総数,213,65～69歳,004,その他,00000,全国,1980000000,1980年,人
319,00700,全域,000,男女総数,213,65～69歳,004,その他,00001,全国市部,1980000000,1980年,人
28,00700,全域,000,男女総数,213,65～69歳,004,その他,00002,全国郡部,1980000000,1980年,人
8,00700,全域,000,男女総数,213,65～69歳,004,その他,01000,北海道,1980000000,1980年,人
1,00700,全域,000,男女総数,213,65～69歳,004,その他,02000,青森県,1980000000,1980年,人
4,00700,全域,000,男女総数,213,65～69歳,004,その他,03000,岩手県,1980000000,1980年,人
1,00700,全域,000,男女総数,213,65～69歳,004,その他,05000,秋田県,1980000000,1980年,人
7,00700,全域,000,男女総数,213,65～69歳,004,その他,07000,福島県,1980000000,1980年,人
1,00700,全域,000,男女総数,213,65～69歳,004,その他,08000,茨城県,1980000000,1980年,人
4,00700,全域,000,男女総数,213,65～69歳,004,その他,09000,栃木県,1980000000,1980年,人
1,00700,全域,000,男女総数,213,65～69歳,004,その他,10000,群馬県,1980000000,1980年,人
4,00700,全域,000,男女総数,213,65～69歳,004,その他,11000,埼玉県,1980000000,1980年,人
5,00700,全域,000,男女総数,213,65～69歳,004,その他,12000,千葉県,1980000000,1980年,人
106,00700,全域,000,男女総数,213,65～69歳,004,その他,13000,東京都,1980000000,1980年,人
50,00700,全域,000,男女総数,213,65～69歳,004,その他,14000,神奈川県,1980000000,1980年,人
3,00700,全域,000,男女総数,213,65～69歳,004,その他,15000,新潟県,1980000000,1980年,人
1,00700,全域,000,男女総数,213,65～69歳,004,その他,16000,富山県,1980000000,1980年,人
2,00700,全域,000,男女総数,213,65～69歳,004,その他,17000,石川県,1980000000,1980年,人
2,00700,全域,000,男女総数,213,65～69歳,004,その他,19000,山梨県,1980000000,1980年,人
2,00700,全域,000,男女総数,213,65～69歳,004,その他,20000,長野県,1980000000,1980年,人
4,00700,全域,000,男女総数,213,65～69歳,004,その他,22000,静岡県,1980000000,1980年,人
5,00700,全域,000,男女総数,213,65～69歳,004,その他,23000,愛知県,1980000000,1980年,人
1,00700,全域,000,男女総数,213,65～69歳,004,その他,24000,三重県,1980000000,1980年,人
4,00700,全域,000,男女総数,213,65～69歳,004,その他,25000,滋賀県,1980000000,1980年,人
6,00700,全域,000,男女総数,213,65～69歳,004,その他,26000,京都府,1980000000,1980年,人
17,00700,全域,000,男女総数,213,65～69歳,004,その他,27000,大阪府,1980000000,1980年,人
57,00700,全域,000,男女総数,213,65～69歳,004,その他,28000,兵庫県,1980000000,1980年,人
4,00700,全域,000,男女総数,213,65～69歳,004,その他,29000,奈良県,1980000000,1980年,人
2,00700,全域,000,男女総数,213,65～69歳,004,その他,30000,和歌山県,1980000000,1980年,人
1,00700,全域,000,男女総数,213,65～69歳,004,その他,31000,鳥取県,1980000000,1980年,人
4,00700,全域,000,男女総数,213,65～69歳,004,その他,33000,岡山県,1980000000,1980年,人
4,00700,全域,000,男女総数,213,65～69歳,004,その他,34000,広島県,1980000000,1980年,人
2,00700,全域,000,男女総数,213,65～69歳,004,その他,35000,山口県,1980000000,1980年,人
1,00700,全域,000,男女総数,213,65～69歳,004,その他,37000,香川県,1980000000,1980年,人
3,00700,全域,000,男女総数,213,65～69歳,004,その他,38000,愛媛県,1980000000,1980年,人
1,00700,全域,000,男女総数,213,65～69歳,004,その他,39000,高知県,1980000000,1980年,人
6,00700,全域,000,男女総数,213,65～69歳,004,その他,40000,福岡県,1980000000,1980年,人
4,00700,全域,000,男女総数,213,65～69歳,004,その他,42000,長崎県,1980000000,1980年,人
1,00700,全域,000,男女総数,213,65～69歳,004,その他,43000,熊本県,1980000000,1980年,人
2,00700,全域,000,男女総数,213,65～69歳,004,その他,44000,大分県,1980000000,1980年,人
4,00700,全域,000,男女総数,213,65～69歳,004,その他,45000,宮崎県,1980000000,1980年,人
2,00700,全域,000,男女総数,213,65～69歳,004,その他,46000,鹿児島県,1980000000,1980年,人
10,00700,全域,000,男女総数,213,65～69歳,004,その他,47000,沖縄県,1980000000,1980年,人
10856,00700,全域,000,男女総数,214,70～74歳,000,国籍総数,00000,全国,1980000000,1980年,人
9712,00700,全域,000,男女総数,214,70～74歳,000,国籍総数,00001,全国市部,1980000000,1980年,人
1144,00700,全域,000,男女総数,214,70～74歳,000,国籍総数,00002,全国郡部,1980000000,1980年,人
134,00700,全域,000,男女総数,214,70～74歳,000,国籍総数,01000,北海道,1980000000,1980年,人
37,00700,全域,000,男女総数,214,70～74歳,000,国籍総数,02000,青森県,1980000000,1980年,人
35,00700,全域,000,男女総数,214,70～74歳,000,国籍総数,03000,岩手県,1980000000,1980年,人
57,00700,全域,000,男女総数,214,70～74歳,000,国籍総数,04000,宮城県,1980000000,1980年,人
22,00700,全域,000,男女総数,214,70～74歳,000,国籍総数,05000,秋田県,1980000000,1980年,人
19,00700,全域,000,男女総数,214,70～74歳,000,国籍総数,06000,山形県,1980000000,1980年,人
61,00700,全域,000,男女総数,214,70～74歳,000,国籍総数,07000,福島県,1980000000,1980年,人
77,00700,全域,000,男女総数,214,70～74歳,000,国籍総数,08000,茨城県,1980000000,1980年,人
30,00700,全域,000,男女総数,214,70～74歳,000,国籍総数,09000,栃木県,1980000000,1980年,人
54,00700,全域,000,男女総数,214,70～74歳,000,国籍総数,10000,群馬県,1980000000,1980年,人
116,00700,全域,000,男女総数,214,70～74歳,000,国籍総数,11000,埼玉県,1980000000,1980年,人
149,00700,全域,000,男女総数,214,70～74歳,000,国籍総数,12000,千葉県,1980000000,1980年,人
1071,00700,全域,000,男女総数,214,70～74歳,000,国籍総数,13000,東京都,1980000000,1980年,人
594,00700,全域,000,男女総数,214,70～74歳,000,国籍総数,14000,神奈川県,1980000000,1980年,人
57,00700,全域,000,男女総数,214,70～74歳,000,国籍総数,15000,新潟県,1980000000,1980年,人
27,00700,全域,000,男女総数,214,70～74歳,000,国籍総数,16000,富山県,1980000000,1980年,人
63,00700,全域,000,男女総数,214,70～74歳,000,国籍総数,17000,石川県,1980000000,1980年,人
95,00700,全域,000,男女総数,214,70～74歳,000,国籍総数,18000,福井県,1980000000,1980年,人
40,00700,全域,000,男女総数,214,70～74歳,000,国籍総数,19000,山梨県,1980000000,1980年,人
92,00700,全域,000,男女総数,214,70～74歳,000,国籍総数,20000,長野県,1980000000,1980年,人
183,00700,全域,000,男女総数,214,70～74歳,000,国籍総数,21000,岐阜県,1980000000,1980年,人
105,00700,全域,000,男女総数,214,70～74歳,000,国籍総数,22000,静岡県,1980000000,1980年,人
756,00700,全域,000,男女総数,214,70～74歳,000,国籍総数,23000,愛知県,1980000000,1980年,人
136,00700,全域,000,男女総数,214,70～74歳,000,国籍総数,24000,三重県,1980000000,1980年,人
116,00700,全域,000,男女総数,214,70～74歳,000,国籍総数,25000,滋賀県,1980000000,1980年,人
765,00700,全域,000,男女総数,214,70～74歳,000,国籍総数,26000,京都府,1980000000,1980年,人
2836,00700,全域,000,男女総数,214,70～74歳,000,国籍総数,27000,大阪府,1980000000,1980年,人
1266,00700,全域,000,男女総数,214,70～74歳,000,国籍総数,28000,兵庫県,1980000000,1980年,人
99,00700,全域,000,男女総数,214,70～74歳,000,国籍総数,29000,奈良県,1980000000,1980年,人
106,00700,全域,000,男女総数,214,70～74歳,000,国籍総数,30000,和歌山県,1980000000,1980年,人
32,00700,全域,000,男女総数,214,70～74歳,000,国籍総数,31000,鳥取県,1980000000,1980年,人
45,00700,全域,000,男女総数,214,70～74歳,000,国籍総数,32000,島根県,1980000000,1980年,人
204,00700,全域,000,男女総数,214,70～74歳,000,国籍総数,33000,岡山県,1980000000,1980年,人
250,00700,全域,000,男女総数,214,70～74歳,000,国籍総数,34000,広島県,1980000000,1980年,人
283,00700,全域,000,男女総数,214,70～74歳,000,国籍総数,35000,山口県,1980000000,1980年,人
15,00700,全域,000,男女総数,214,70～74歳,000,国籍総数,36000,徳島県,1980000000,1980年,人
22,00700,全域,000,男女総数,214,70～74歳,000,国籍総数,37000,香川県,1980000000,1980年,人
33,00700,全域,000,男女総数,214,70～74歳,000,国籍総数,38000,愛媛県,1980000000,1980年,人
20,00700,全域,000,男女総数,214,70～74歳,000,国籍総数,39000,高知県,1980000000,1980年,人
441,00700,全域,000,男女総数,214,70～74歳,000,国籍総数,40000,福岡県,1980000000,1980年,人
39,00700,全域,000,男女総数,214,70～74歳,000,国籍総数,41000,佐賀県,1980000000,1980年,人
75,00700,全域,000,男女総数,214,70～74歳,000,国籍総数,42000,長崎県,1980000000,1980年,人
52,00700,全域,000,男女総数,214,70～74歳,000,国籍総数,43000,熊本県,1980000000,1980年,人
65,00700,全域,000,男女総数,214,70～74歳,000,国籍総数,44000,大分県,1980000000,1980年,人
33,00700,全域,000,男女総数,214,70～74歳,000,国籍総数,45000,宮崎県,1980000000,1980年,人
25,00700,全域,000,男女総数,214,70～74歳,000,国籍総数,46000,鹿児島県,1980000000,1980年,人
24,00700,全域,000,男女総数,214,70～74歳,000,国籍総数,47000,沖縄県,1980000000,1980年,人
9313,00700,全域,000,男女総数,214,70～74歳,001,韓国・朝鮮,00000,全国,1980000000,1980年,人
8298,00700,全域,000,男女総数,214,70～74歳,001,韓国・朝鮮,00001,全国市部,1980000000,1980年,人
1015,00700,全域,000,男女総数,214,70～74歳,001,韓国・朝鮮,00002,全国郡部,1980000000,1980年,人
114,00700,全域,000,男女総数,214,70～74歳,001,韓国・朝鮮,01000,北海道,1980000000,1980年,人
31,00700,全域,000,男女総数,214,70～74歳,001,韓国・朝鮮,02000,青森県,1980000000,1980年,人
29,00700,全域,000,男女総数,214,70～74歳,001,韓国・朝鮮,03000,岩手県,1980000000,1980年,人
41,00700,全域,000,男女総数,214,70～74歳,001,韓国・朝鮮,04000,宮城県,1980000000,1980年,人
17,00700,全域,000,男女総数,214,70～74歳,001,韓国・朝鮮,05000,秋田県,1980000000,1980年,人
15,00700,全域,000,男女総数,214,70～74歳,001,韓国・朝鮮,06000,山形県,1980000000,1980年,人
48,00700,全域,000,男女総数,214,70～74歳,001,韓国・朝鮮,07000,福島県,1980000000,1980年,人
72,00700,全域,000,男女総数,214,70～74歳,001,韓国・朝鮮,08000,茨城県,1980000000,1980年,人
21,00700,全域,000,男女総数,214,70～74歳,001,韓国・朝鮮,09000,栃木県,1980000000,1980年,人
45,00700,全域,000,男女総数,214,70～74歳,001,韓国・朝鮮,10000,群馬県,1980000000,1980年,人
102,00700,全域,000,男女総数,214,70～74歳,001,韓国・朝鮮,11000,埼玉県,1980000000,1980年,人
123,00700,全域,000,男女総数,214,70～74歳,001,韓国・朝鮮,12000,千葉県,1980000000,1980年,人
750,00700,全域,000,男女総数,214,70～74歳,001,韓国・朝鮮,13000,東京都,1980000000,1980年,人
376,00700,全域,000,男女総数,214,70～74歳,001,韓国・朝鮮,14000,神奈川県,1980000000,1980年,人
45,00700,全域,000,男女総数,214,70～74歳,001,韓国・朝鮮,15000,新潟県,1980000000,1980年,人
24,00700,全域,000,男女総数,214,70～74歳,001,韓国・朝鮮,16000,富山県,1980000000,1980年,人
58,00700,全域,000,男女総数,214,70～74歳,001,韓国・朝鮮,17000,石川県,1980000000,1980年,人
91,00700,全域,000,男女総数,214,70～74歳,001,韓国・朝鮮,18000,福井県,1980000000,1980年,人
34,00700,全域,000,男女総数,214,70～74歳,001,韓国・朝鮮,19000,山梨県,1980000000,1980年,人
85,00700,全域,000,男女総数,214,70～74歳,001,韓国・朝鮮,20000,長野県,1980000000,1980年,人
179,00700,全域,000,男女総数,214,70～74歳,001,韓国・朝鮮,21000,岐阜県,1980000000,1980年,人
87,00700,全域,000,男女総数,214,70～74歳,001,韓国・朝鮮,22000,静岡県,1980000000,1980年,人
722,00700,全域,000,男女総数,214,70～74歳,001,韓国・朝鮮,23000,愛知県,1980000000,1980年,人
129,00700,全域,000,男女総数,214,70～74歳,001,韓国・朝鮮,24000,三重県,1980000000,1980年,人
109,00700,全域,000,男女総数,214,70～74歳,001,韓国・朝鮮,25000,滋賀県,1980000000,1980年,人
726,00700,全域,000,男女総数,214,70～74歳,001,韓国・朝鮮,26000,京都府,1980000000,1980年,人
2683,00700,全域,000,男女総数,214,70～74歳,001,韓国・朝鮮,27000,大阪府,1980000000,1980年,人
975,00700,全域,000,男女総数,214,70～74歳,001,韓国・朝鮮,28000,兵庫県,1980000000,1980年,人
91,00700,全域,000,男女総数,214,70～74歳,001,韓国・朝鮮,29000,奈良県,1980000000,1980年,人
91,00700,全域,000,男女総数,214,70～74歳,001,韓国・朝鮮,30000,和歌山県,1980000000,1980年,人
25,00700,全域,000,男女総数,214,70～74歳,001,韓国・朝鮮,31000,鳥取県,1980000000,1980年,人
40,00700,全域,000,男女総数,214,70～74歳,001,韓国・朝鮮,32000,島根県,1980000000,1980年,人
188,00700,全域,000,男女総数,214,70～74歳,001,韓国・朝鮮,33000,岡山県,1980000000,1980年,人
225,00700,全域,000,男女総数,214,70～74歳,001,韓国・朝鮮,34000,広島県,1980000000,1980年,人
255,00700,全域,000,男女総数,214,70～74歳,001,韓国・朝鮮,35000,山口県,1980000000,1980年,人
10,00700,全域,000,男女総数,214,70～74歳,001,韓国・朝鮮,36000,徳島県,1980000000,1980年,人
16,00700,全域,000,男女総数,214,70～74歳,001,韓国・朝鮮,37000,香川県,1980000000,1980年,人
26,00700,全域,000,男女総数,214,70～74歳,001,韓国・朝鮮,38000,愛媛県,1980000000,1980年,人
17,00700,全域,000,男女総数,214,70～74歳,001,韓国・朝鮮,39000,高知県,1980000000,1980年,人
394,00700,全域,000,男女総数,214,70～74歳,001,韓国・朝鮮,40000,福岡県,1980000000,1980年,人
29,00700,全域,000,男女総数,214,70～74歳,001,韓国・朝鮮,41000,佐賀県,1980000000,1980年,人
54,00700,全域,000,男女総数,214,70～74歳,001,韓国・朝鮮,42000,長崎県,1980000000,1980年,人
32,00700,全域,000,男女総数,214,70～74歳,001,韓国・朝鮮,43000,熊本県,1980000000,1980年,人
49,00700,全域,000,男女総数,214,70～74歳,001,韓国・朝鮮,44000,大分県,1980000000,1980年,人
27,00700,全域,000,男女総数,214,70～74歳,001,韓国・朝鮮,45000,宮崎県,1980000000,1980年,人
11,00700,全域,000,男女総数,214,70～74歳,001,韓国・朝鮮,46000,鹿児島県,1980000000,1980年,人
2,00700,全域,000,男女総数,214,70～74歳,001,韓国・朝鮮,47000,沖縄県,1980000000,1980年,人
816,00700,全域,000,男女総数,214,70～74歳,002,中国,00000,全国,1980000000,1980年,人
762,00700,全域,000,男女総数,214,70～74歳,002,中国,00001,全国市部,1980000000,1980年,人
54,00700,全域,000,男女総数,214,70～74歳,002,中国,00002,全国郡部,1980000000,1980年,人
10,00700,全域,000,男女総数,214,70～74歳,002,中国,01000,北海道,1980000000,1980年,人
3,00700,全域,000,男女総数,214,70～74歳,002,中国,02000,青森県,1980000000,1980年,人
4,00700,全域,000,男女総数,214,70～74歳,002,中国,03000,岩手県,1980000000,1980年,人
9,00700,全域,000,男女総数,214,70～74歳,002,中国,04000,宮城県,1980000000,1980年,人
1,00700,全域,000,男女総数,214,70～74歳,002,中国,05000,秋田県,1980000000,1980年,人
2,00700,全域,000,男女総数,214,70～74歳,002,中国,06000,山形県,1980000000,1980年,人
3,00700,全域,000,男女総数,214,70～74歳,002,中国,07000,福島県,1980000000,1980年,人
2,00700,全域,000,男女総数,214,70～74歳,002,中国,08000,茨城県,1980000000,1980年,人
3,00700,全域,000,男女総数,214,70～74歳,002,中国,09000,栃木県,1980000000,1980年,人
3,00700,全域,000,男女総数,214,70～74歳,002,中国,10000,群馬県,1980000000,1980年,人
7,00700,全域,000,男女総数,214,70～74歳,002,中国,11000,埼玉県,1980000000,1980年,人
13,00700,全域,000,男女総数,214,70～74歳,002,中国,12000,千葉県,1980000000,1980年,人
149,00700,全域,000,男女総数,214,70～74歳,002,中国,13000,東京都,1980000000,1980年,人
123,00700,全域,000,男女総数,214,70～74歳,002,中国,14000,神奈川県,1980000000,1980年,人
7,00700,全域,000,男女総数,214,70～74歳,002,中国,15000,新潟県,1980000000,1980年,人
2,00700,全域,000,男女総数,214,70～74歳,002,中国,17000,石川県,1980000000,1980年,人
2,00700,全域,000,男女総数,214,70～74歳,002,中国,18000,福井県,1980000000,1980年,人
3,00700,全域,000,男女総数,214,70～74歳,002,中国,19000,山梨県,1980000000,1980年,人
3,00700,全域,000,男女総数,214,70～74歳,002,中国,20000,長野県,1980000000,1980年,人
1,00700,全域,000,男女総数,214,70～74歳,002,中国,21000,岐阜県,1980000000,1980年,人
8,00700,全域,000,男女総数,214,70～74歳,002,中国,22000,静岡県,1980000000,1980年,人
8,00700,全域,000,男女総数,214,70～74歳,002,中国,23000,愛知県,1980000000,1980年,人
3,00700,全域,000,男女総数,214,70～74歳,002,中国,24000,三重県,1980000000,1980年,人
3,00700,全域,000,男女総数,214,70～74歳,002,中国,25000,滋賀県,1980000000,1980年,人
17,00700,全域,000,男女総数,214,70～74歳,002,中国,26000,京都府,1980000000,1980年,人
89,00700,全域,000,男女総数,214,70～74歳,002,中国,27000,大阪府,1980000000,1980年,人
206,00700,全域,000,男女総数,214,70～74歳,002,中国,28000,兵庫県,1980000000,1980年,人
2,00700,全域,000,男女総数,214,70～74歳,002,中国,29000,奈良県,1980000000,1980年,人
9,00700,全域,000,男女総数,214,70～74歳,002,中国,30000,和歌山県,1980000000,1980年,人
2,00700,全域,000,男女総数,214,70～74歳,002,中国,31000,鳥取県,1980000000,1980年,人
5,00700,全域,000,男女総数,214,70～74歳,002,中国,32000,島根県,1980000000,1980年,人
5,00700,全域,000,男女総数,214,70～74歳,002,中国,33000,岡山県,1980000000,1980年,人
2,00700,全域,000,男女総数,214,70～74歳,002,中国,34000,広島県,1980000000,1980年,人
9,00700,全域,000,男女総数,214,70～74歳,002,中国,35000,山口県,1980000000,1980年,人
1,00700,全域,000,男女総数,214,70～74歳,002,中国,36000,徳島県,1980000000,1980年,人
4,00700,全域,000,男女総数,214,70～74歳,002,中国,37000,香川県,1980000000,1980年,人
3,00700,全域,000,男女総数,214,70～74歳,002,中国,38000,愛媛県,1980000000,1980年,人
1,00700,全域,000,男女総数,214,70～74歳,002,中国,39000,高知県,1980000000,1980年,人
24,00700,全域,000,男女総数,214,70～74歳,002,中国,40000,福岡県,1980000000,1980年,人
9,00700,全域,000,男女総数,214,70～74歳,002,中国,41000,佐賀県,1980000000,1980年,人
14,00700,全域,000,男女総数,214,70～74歳,002,中国,42000,長崎県,1980000000,1980年,人
12,00700,全域,000,男女総数,214,70～74歳,002,中国,43000,熊本県,1980000000,1980年,人
10,00700,全域,000,男女総数,214,70～74歳,002,中国,44000,大分県,1980000000,1980年,人
4,00700,全域,000,男女総数,214,70～74歳,002,中国,45000,宮崎県,1980000000,1980年,人
8,00700,全域,000,男女総数,214,70～74歳,002,中国,46000,鹿児島県,1980000000,1980年,人
8,00700,全域,000,男女総数,214,70～74歳,002,中国,47000,沖縄県,1980000000,1980年,人
154,00700,全域,000,男女総数,214,70～74歳,003,アメリカ,00000,全国,1980000000,1980年,人
138,00700,全域,000,男女総数,214,70～74歳,003,アメリカ,00001,全国市部,1980000000,1980年,人
16,00700,全域,000,男女総数,214,70～74歳,003,アメリカ,00002,全国郡部,1980000000,1980年,人
1,00700,全域,000,男女総数,214,70～74歳,003,アメリカ,06000,山形県,1980000000,1980年,人
2,00700,全域,000,男女総数,214,70～74歳,003,アメリカ,07000,福島県,1980000000,1980年,人
1,00700,全域,000,男女総数,214,70～74歳,003,アメリカ,10000,群馬県,1980000000,1980年,人
4,00700,全域,000,男女総数,214,70～74歳,003,アメリカ,11000,埼玉県,1980000000,1980年,人
2,00700,全域,000,男女総数,214,70～74歳,003,アメリカ,12000,千葉県,1980000000,1980年,人
50,00700,全域,000,男女総数,214,70～74歳,003,アメリカ,13000,東京都,1980000000,1980年,人
31,00700,全域,000,男女総数,214,70～74歳,003,アメリカ,14000,神奈川県,1980000000,1980年,人
1,00700,全域,000,男女総数,214,70～74歳,003,アメリカ,19000,山梨県,1980000000,1980年,人
2,00700,全域,000,男女総数,214,70～74歳,003,アメリカ,22000,静岡県,1980000000,1980年,人
4,00700,全域,000,男女総数,214,70～74歳,003,アメリカ,23000,愛知県,1980000000,1980年,人
1,00700,全域,000,男女総数,214,70～74歳,003,アメリカ,24000,三重県,1980000000,1980年,人
2,00700,全域,000,男女総数,214,70～74歳,003,アメリカ,26000,京都府,1980000000,1980年,人
6,00700,全域,000,男女総数,214,70～74歳,003,アメリカ,27000,大阪府,1980000000,1980年,人
10,00700,全域,000,男女総数,214,70～74歳,003,アメリカ,28000,兵庫県,1980000000,1980年,人
3,00700,全域,000,男女総数,214,70～74歳,003,アメリカ,30000,和歌山県,1980000000,1980年,人
3,00700,全域,000,男女総数,214,70～74歳,003,アメリカ,33000,岡山県,1980000000,1980年,人
9,00700,全域,000,男女総数,214,70～74歳,003,アメリカ,34000,広島県,1980000000,1980年,人
4,00700,全域,000,男女総数,214,70～74歳,003,アメリカ,35000,山口県,1980000000,1980年,人
1,00700,全域,000,男女総数,214,70～74歳,003,アメリカ,38000,愛媛県,1980000000,1980年,人
2,00700,全域,000,男女総数,214,70～74歳,003,アメリカ,40000,福岡県,1980000000,1980年,人
3,00700,全域,000,男女総数,214,70～74歳,003,アメリカ,42000,長崎県,1980000000,1980年,人
1,00700,全域,000,男女総数,214,70～74歳,003,アメリカ,43000,熊本県,1980000000,1980年,人
1,00700,全域,000,男女総数,214,70～74歳,003,アメリカ,45000,宮崎県,1980000000,1980年,人
2,00700,全域,000,男女総数,214,70～74歳,003,アメリカ,46000,鹿児島県,1980000000,1980年,人
8,00700,全域,000,男女総数,214,70～74歳,003,アメリカ,47000,沖縄県,1980000000,1980年,人
246,00700,全域,000,男女総数,214,70～74歳,004,その他,00000,全国,1980000000,1980年,人
236,00700,全域,000,男女総数,214,70～74歳,004,その他,00001,全国市部,1980000000,1980年,人
10,00700,全域,000,男女総数,214,70～74歳,004,その他,00002,全国郡部,1980000000,1980年,人
4,00700,全域,000,男女総数,214,70～74歳,004,その他,01000,北海道,1980000000,1980年,人
2,00700,全域,000,男女総数,214,70～74歳,004,その他,04000,宮城県,1980000000,1980年,人
1,00700,全域,000,男女総数,214,70～74歳,004,その他,05000,秋田県,1980000000,1980年,人
1,00700,全域,000,男女総数,214,70～74歳,004,その他,06000,山形県,1980000000,1980年,人
3,00700,全域,000,男女総数,214,70～74歳,004,その他,07000,福島県,1980000000,1980年,人
4,00700,全域,000,男女総数,214,70～74歳,004,その他,09000,栃木県,1980000000,1980年,人
1,00700,全域,000,男女総数,214,70～74歳,004,その他,11000,埼玉県,1980000000,1980年,人
2,00700,全域,000,男女総数,214,70～74歳,004,その他,12000,千葉県,1980000000,1980年,人
76,00700,全域,000,男女総数,214,70～74歳,004,その他,13000,東京都,1980000000,1980年,人
40,00700,全域,000,男女総数,214,70～74歳,004,その他,14000,神奈川県,1980000000,1980年,人
1,00700,全域,000,男女総数,214,70～74歳,004,その他,15000,新潟県,1980000000,1980年,人
1,00700,全域,000,男女総数,214,70～74歳,004,その他,20000,長野県,1980000000,1980年,人
5,00700,全域,000,男女総数,214,70～74歳,004,その他,22000,静岡県,1980000000,1980年,人
15,00700,全域,000,男女総数,214,70～74歳,004,その他,23000,愛知県,1980000000,1980年,人
1,00700,全域,000,男女総数,214,70～74歳,004,その他,25000,滋賀県,1980000000,1980年,人
2,00700,全域,000,男女総数,214,70～74歳,004,その他,26000,京都府,1980000000,1980年,人
6,00700,全域,000,男女総数,214,70～74歳,004,その他,27000,大阪府,1980000000,1980年,人
46,00700,全域,000,男女総数,214,70～74歳,004,その他,28000,兵庫県,1980000000,1980年,人
1,00700,全域,000,男女総数,214,70～74歳,004,その他,31000,鳥取県,1980000000,1980年,人
1,00700,全域,000,男女総数,214,70～74歳,004,その他,33000,岡山県,1980000000,1980年,人
6,00700,全域,000,男女総数,214,70～74歳,004,その他,34000,広島県,1980000000,1980年,人
5,00700,全域,000,男女総数,214,70～74歳,004,その他,35000,山口県,1980000000,1980年,人
1,00700,全域,000,男女総数,214,70～74歳,004,その他,37000,香川県,1980000000,1980年,人
5,00700,全域,000,男女総数,214,70～74歳,004,その他,40000,福岡県,1980000000,1980年,人
3,00700,全域,000,男女総数,214,70～74歳,004,その他,42000,長崎県,1980000000,1980年,人
4,00700,全域,000,男女総数,214,70～74歳,004,その他,43000,熊本県,1980000000,1980年,人
4,00700,全域,000,男女総数,214,70～74歳,004,その他,44000,大分県,1980000000,1980年,人
1,00700,全域,000,男女総数,214,70～74歳,004,その他,46000,鹿児島県,1980000000,1980年,人
4,00700,全域,000,男女総数,214,70～74歳,004,その他,47000,沖縄県,1980000000,1980年,人
5865,00700,全域,000,男女総数,215,75～79歳,000,国籍総数,00000,全国,1980000000,1980年,人
5240,00700,全域,000,男女総数,215,75～79歳,000,国籍総数,00001,全国市部,1980000000,1980年,人
625,00700,全域,000,男女総数,215,75～79歳,000,国籍総数,00002,全国郡部,1980000000,1980年,人
85,00700,全域,000,男女総数,215,75～79歳,000,国籍総数,01000,北海道,1980000000,1980年,人
16,00700,全域,000,男女総数,215,75～79歳,000,国籍総数,02000,青森県,1980000000,1980年,人
16,00700,全域,000,男女総数,215,75～79歳,000,国籍総数,03000,岩手県,1980000000,1980年,人
36,00700,全域,000,男女総数,215,75～79歳,000,国籍総数,04000,宮城県,1980000000,1980年,人
15,00700,全域,000,男女総数,215,75～79歳,000,国籍総数,05000,秋田県,1980000000,1980年,人
8,00700,全域,000,男女総数,215,75～79歳,000,国籍総数,06000,山形県,1980000000,1980年,人
21,00700,全域,000,男女総数,215,75～79歳,000,国籍総数,07000,福島県,1980000000,1980年,人
36,00700,全域,000,男女総数,215,75～79歳,000,国籍総数,08000,茨城県,1980000000,1980年,人
22,00700,全域,000,男女総数,215,75～79歳,000,国籍総数,09000,栃木県,1980000000,1980年,人
28,00700,全域,000,男女総数,215,75～79歳,000,国籍総数,10000,群馬県,1980000000,1980年,人
56,00700,全域,000,男女総数,215,75～79歳,000,国籍総数,11000,埼玉県,1980000000,1980年,人
83,00700,全域,000,男女総数,215,75～79歳,000,国籍総数,12000,千葉県,1980000000,1980年,人
590,00700,全域,000,男女総数,215,75～79歳,000,国籍総数,13000,東京都,1980000000,1980年,人
355,00700,全域,000,男女総数,215,75～79歳,000,国籍総数,14000,神奈川県,1980000000,1980年,人
20,00700,全域,000,男女総数,215,75～79歳,000,国籍総数,15000,新潟県,1980000000,1980年,人
14,00700,全域,000,男女総数,215,75～79歳,000,国籍総数,16000,富山県,1980000000,1980年,人
28,00700,全域,000,男女総数,215,75～79歳,000,国籍総数,17000,石川県,1980000000,1980年,人
42,00700,全域,000,男女総数,215,75～79歳,000,国籍総数,18000,福井県,1980000000,1980年,人
16,00700,全域,000,男女総数,215,75～79歳,000,国籍総数,19000,山梨県,1980000000,1980年,人
60,00700,全域,000,男女総数,215,75～79歳,000,国籍総数,20000,長野県,1980000000,1980年,人
114,00700,全域,000,男女総数,215,75～79歳,000,国籍総数,21000,岐阜県,1980000000,1980年,人
66,00700,全域,000,男女総数,215,75～79歳,000,国籍総数,22000,静岡県,1980000000,1980年,人
443,00700,全域,000,男女総数,215,75～79歳,000,国籍総数,23000,愛知県,1980000000,1980年,人
80,00700,全域,000,男女総数,215,75～79歳,000,国籍総数,24000,三重県,1980000000,1980年,人
61,00700,全域,000,男女総数,215,75～79歳,000,国籍総数,25000,滋賀県,1980000000,1980年,人
393,00700,全域,000,男女総数,215,75～79歳,000,国籍総数,26000,京都府,1980000000,1980年,人
1477,00700,全域,000,男女総数,215,75～79歳,000,国籍総数,27000,大阪府,1980000000,1980年,人
624,00700,全域,000,男女総数,215,75～79歳,000,国籍総数,28000,兵庫県,1980000000,1980年,人
60,00700,全域,000,男女総数,215,75～79歳,000,国籍総数,29000,奈良県,1980000000,1980年,人
57,00700,全域,000,男女総数,215,75～79歳,000,国籍総数,30000,和歌山県,1980000000,1980年,人
21,00700,全域,000,男女総数,215,75～79歳,000,国籍総数,31000,鳥取県,1980000000,1980年,人
27,00700,全域,000,男女総数,215,75～79歳,000,国籍総数,32000,島根県,1980000000,1980年,人
94,00700,全域,000,男女総数,215,75～79歳,000,国籍総数,33000,岡山県,1980000000,1980年,人
156,00700,全域,000,男女総数,215,75～79歳,000,国籍総数,34000,広島県,1980000000,1980年,人
140,00700,全域,000,男女総数,215,75～79歳,000,国籍総数,35000,山口県,1980000000,1980年,人
4,00700,全域,000,男女総数,215,75～79歳,000,国籍総数,36000,徳島県,1980000000,1980年,人
15,00700,全域,000,男女総数,215,75～79歳,000,国籍総数,37000,香川県,1980000000,1980年,人
26,00700,全域,000,男女総数,215,75～79歳,000,国籍総数,38000,愛媛県,1980000000,1980年,人
8,00700,全域,000,男女総数,215,75～79歳,000,国籍総数,39000,高知県,1980000000,1980年,人
252,00700,全域,000,男女総数,215,75～79歳,000,国籍総数,40000,福岡県,1980000000,1980年,人
25,00700,全域,000,男女総数,215,75～79歳,000,国籍総数,41000,佐賀県,1980000000,1980年,人
46,00700,全域,000,男女総数,215,75～79歳,000,国籍総数,42000,長崎県,1980000000,1980年,人
32,00700,全域,000,男女総数,215,75～79歳,000,国籍総数,43000,熊本県,1980000000,1980年,人
40,00700,全域,000,男女総数,215,75～79歳,000,国籍総数,44000,大分県,1980000000,1980年,人
12,00700,全域,000,男女総数,215,75～79歳,000,国籍総数,45000,宮崎県,1980000000,1980年,人
25,00700,全域,000,男女総数,215,75～79歳,000,国籍総数,46000,鹿児島県,1980000000,1980年,人
20,00700,全域,000,男女総数,215,75～79歳,000,国籍総数,47000,沖縄県,1980000000,1980年,人
4909,00700,全域,000,男女総数,215,75～79歳,001,韓国・朝鮮,00000,全国,1980000000,1980年,人
4390,00700,全域,000,男女総数,215,75～79歳,001,韓国・朝鮮,00001,全国市部,1980000000,1980年,人
519,00700,全域,000,男女総数,215,75～79歳,001,韓国・朝鮮,00002,全国郡部,1980000000,1980年,人
72,00700,全域,000,男女総数,215,75～79歳,001,韓国・朝鮮,01000,北海道,1980000000,1980年,人
14,00700,全域,000,男女総数,215,75～79歳,001,韓国・朝鮮,02000,青森県,1980000000,1980年,人
13,00700,全域,000,男女総数,215,75～79歳,001,韓国・朝鮮,03000,岩手県,1980000000,1980年,人
25,00700,全域,000,男女総数,215,75～79歳,001,韓国・朝鮮,04000,宮城県,1980000000,1980年,人
12,00700,全域,000,男女総数,215,75～79歳,001,韓国・朝鮮,05000,秋田県,1980000000,1980年,人
6,00700,全域,000,男女総数,215,75～79歳,001,韓国・朝鮮,06000,山形県,1980000000,1980年,人
19,00700,全域,000,男女総数,215,75～79歳,001,韓国・朝鮮,07000,福島県,1980000000,1980年,人
32,00700,全域,000,男女総数,215,75～79歳,001,韓国・朝鮮,08000,茨城県,1980000000,1980年,人
15,00700,全域,000,男女総数,215,75～79歳,001,韓国・朝鮮,09000,栃木県,1980000000,1980年,人
20,00700,全域,000,男女総数,215,75～79歳,001,韓国・朝鮮,10000,群馬県,1980000000,1980年,人
51,00700,全域,000,男女総数,215,75～79歳,001,韓国・朝鮮,11000,埼玉県,1980000000,1980年,人
67,00700,全域,000,男女総数,215,75～79歳,001,韓国・朝鮮,12000,千葉県,1980000000,1980年,人
406,00700,全域,000,男女総数,215,75～79歳,001,韓国・朝鮮,13000,東京都,1980000000,1980年,人
205,00700,全域,000,男女総数,215,75～79歳,001,韓国・朝鮮,14000,神奈川県,1980000000,1980年,人
13,00700,全域,000,男女総数,215,75～79歳,001,韓国・朝鮮,15000,新潟県,1980000000,1980年,人
14,00700,全域,000,男女総数,215,75～79歳,001,韓国・朝鮮,16000,富山県,1980000000,1980年,人
27,00700,全域,000,男女総数,215,75～79歳,001,韓国・朝鮮,17000,石川県,1980000000,1980年,人
37,00700,全域,000,男女総数,215,75～79歳,001,韓国・朝鮮,18000,福井県,1980000000,1980年,人
15,00700,全域,000,男女総数,215,75～79歳,001,韓国・朝鮮,19000,山梨県,1980000000,1980年,人
54,00700,全域,000,男女総数,215,75～79歳,001,韓国・朝鮮,20000,長野県,1980000000,1980年,人
108,00700,全域,000,男女総数,215,75～79歳,001,韓国・朝鮮,21000,岐阜県,1980000000,1980年,人
51,00700,全域,000,男女総数,215,75～79歳,001,韓国・朝鮮,22000,静岡県,1980000000,1980年,人
417,00700,全域,000,男女総数,215,75～79歳,001,韓国・朝鮮,23000,愛知県,1980000000,1980年,人
72,00700,全域,000,男女総数,215,75～79歳,001,韓国・朝鮮,24000,三重県,1980000000,1980年,人
56,00700,全域,000,男女総数,215,75～79歳,001,韓国・朝鮮,25000,滋賀県,1980000000,1980年,人
376,00700,全域,000,男女総数,215,75～79歳,001,韓国・朝鮮,26000,京都府,1980000000,1980年,人
1386,00700,全域,000,男女総数,215,75～79歳,001,韓国・朝鮮,27000,大阪府,1980000000,1980年,人
477,00700,全域,000,男女総数,215,75～79歳,001,韓国・朝鮮,28000,兵庫県,1980000000,1980年,人
49,00700,全域,000,男女総数,215,75～79歳,001,韓国・朝鮮,29000,奈良県,1980000000,1980年,人
43,00700,全域,000,男女総数,215,75～79歳,001,韓国・朝鮮,30000,和歌山県,1980000000,1980年,人
19,00700,全域,000,男女総数,215,75～79歳,001,韓国・朝鮮,31000,鳥取県,1980000000,1980年,人
19,00700,全域,000,男女総数,215,75～79歳,001,韓国・朝鮮,32000,島根県,1980000000,1980年,人
85,00700,全域,000,男女総数,215,75～79歳,001,韓国・朝鮮,33000,岡山県,1980000000,1980年,人
134,00700,全域,000,男女総数,215,75～79歳,001,韓国・朝鮮,34000,広島県,1980000000,1980年,人
129,00700,全域,000,男女総数,215,75～79歳,001,韓国・朝鮮,35000,山口県,1980000000,1980年,人
2,00700,全域,000,男女総数,215,75～79歳,001,韓国・朝鮮,36000,徳島県,1980000000,1980年,人
13,00700,全域,000,男女総数,215,75～79歳,001,韓国・朝鮮,37000,香川県,1980000000,1980年,人
15,00700,全域,000,男女総数,215,75～79歳,001,韓国・朝鮮,38000,愛媛県,1980000000,1980年,人
7,00700,全域,000,男女総数,215,75～79歳,001,韓国・朝鮮,39000,高知県,1980000000,1980年,人
229,00700,全域,000,男女総数,215,75～79歳,001,韓国・朝鮮,40000,福岡県,1980000000,1980年,人
20,00700,全域,000,男女総数,215,75～79歳,001,韓国・朝鮮,41000,佐賀県,1980000000,1980年,人
21,00700,全域,000,男女総数,215,75～79歳,001,韓国・朝鮮,42000,長崎県,1980000000,1980年,人
19,00700,全域,000,男女総数,215,75～79歳,001,韓国・朝鮮,43000,熊本県,1980000000,1980年,人
31,00700,全域,000,男女総数,215,75～79歳,001,韓国・朝鮮,44000,大分県,1980000000,1980年,人
8,00700,全域,000,男女総数,215,75～79歳,001,韓国・朝鮮,45000,宮崎県,1980000000,1980年,人
5,00700,全域,000,男女総数,215,75～79歳,001,韓国・朝鮮,46000,鹿児島県,1980000000,1980年,人
1,00700,全域,000,男女総数,215,75～79歳,001,韓国・朝鮮,47000,沖縄県,1980000000,1980年,人
468,00700,全域,000,男女総数,215,75～79歳,002,中国,00000,全国,1980000000,1980年,人
441,00700,全域,000,男女総数,215,75～79歳,002,中国,00001,全国市部,1980000000,1980年,人
27,00700,全域,000,男女総数,215,75～79歳,002,中国,00002,全国郡部,1980000000,1980年,人
6,00700,全域,000,男女総数,215,75～79歳,002,中国,01000,北海道,1980000000,1980年,人
1,00700,全域,000,男女総数,215,75～79歳,002,中国,02000,青森県,1980000000,1980年,人
8,00700,全域,000,男女総数,215,75～79歳,002,中国,04000,宮城県,1980000000,1980年,人
1,00700,全域,000,男女総数,215,75～79歳,002,中国,06000,山形県,1980000000,1980年,人
1,00700,全域,000,男女総数,215,75～79歳,002,中国,07000,福島県,1980000000,1980年,人
2,00700,全域,000,男女総数,215,75～79歳,002,中国,09000,栃木県,1980000000,1980年,人
4,00700,全域,000,男女総数,215,75～79歳,002,中国,10000,群馬県,1980000000,1980年,人
3,00700,全域,000,男女総数,215,75～79歳,002,中国,11000,埼玉県,1980000000,1980年,人
12,00700,全域,000,男女総数,215,75～79歳,002,中国,12000,千葉県,1980000000,1980年,人
86,00700,全域,000,男女総数,215,75～79歳,002,中国,13000,東京都,1980000000,1980年,人
84,00700,全域,000,男女総数,215,75～79歳,002,中国,14000,神奈川県,1980000000,1980年,人
4,00700,全域,000,男女総数,215,75～79歳,002,中国,15000,新潟県,1980000000,1980年,人
1,00700,全域,000,男女総数,215,75～79歳,002,中国,17000,石川県,1980000000,1980年,人
3,00700,全域,000,男女総数,215,75～79歳,002,中国,18000,福井県,1980000000,1980年,人
1,00700,全域,000,男女総数,215,75～79歳,002,中国,20000,長野県,1980000000,1980年,人
3,00700,全域,000,男女総数,215,75～79歳,002,中国,21000,岐阜県,1980000000,1980年,人
2,00700,全域,000,男女総数,215,75～79歳,002,中国,22000,静岡県,1980000000,1980年,人
5,00700,全域,000,男女総数,215,75～79歳,002,中国,23000,愛知県,1980000000,1980年,人
2,00700,全域,000,男女総数,215,75～79歳,002,中国,24000,三重県,1980000000,1980年,人
3,00700,全域,000,男女総数,215,75～79歳,002,中国,25000,滋賀県,1980000000,1980年,人
7,00700,全域,000,男女総数,215,75～79歳,002,中国,26000,京都府,1980000000,1980年,人
53,00700,全域,000,男女総数,215,75～79歳,002,中国,27000,大阪府,1980000000,1980年,人
99,00700,全域,000,男女総数,215,75～79歳,002,中国,28000,兵庫県,1980000000,1980年,人
7,00700,全域,000,男女総数,215,75～79歳,002,中国,29000,奈良県,1980000000,1980年,人
6,00700,全域,000,男女総数,215,75～79歳,002,中国,30000,和歌山県,1980000000,1980年,人
4,00700,全域,000,男女総数,215,75～79歳,002,中国,32000,島根県,1980000000,1980年,人
3,00700,全域,000,男女総数,215,75～79歳,002,中国,33000,岡山県,1980000000,1980年,人
3,00700,全域,000,男女総数,215,75～79歳,002,中国,34000,広島県,1980000000,1980年,人
1,00700,全域,000,男女総数,215,75～79歳,002,中国,35000,山口県,1980000000,1980年,人
2,00700,全域,000,男女総数,215,75～79歳,002,中国,37000,香川県,1980000000,1980年,人
3,00700,全域,000,男女総数,215,75～79歳,002,中国,38000,愛媛県,1980000000,1980年,人
7,00700,全域,000,男女総数,215,75～79歳,002,中国,40000,福岡県,1980000000,1980年,人
1,00700,全域,000,男女総数,215,75～79歳,002,中国,41000,佐賀県,1980000000,1980年,人
20,00700,全域,000,男女総数,215,75～79歳,002,中国,42000,長崎県,1980000000,1980年,人
3,00700,全域,000,男女総数,215,75～79歳,002,中国,43000,熊本県,1980000000,1980年,人
3,00700,全域,000,男女総数,215,75～79歳,002,中国,44000,大分県,1980000000,1980年,人
3,00700,全域,000,男女総数,215,75～79歳,002,中国,45000,宮崎県,1980000000,1980年,人
9,00700,全域,000,男女総数,215,75～79歳,002,中国,46000,鹿児島県,1980000000,1980年,人
2,00700,全域,000,男女総数,215,75～79歳,002,中国,47000,沖縄県,1980000000,1980年,人
108,00700,全域,000,男女総数,215,75～79歳,003,アメリカ,00000,全国,1980000000,1980年,人
85,00700,全域,000,男女総数,215,75～79歳,003,アメリカ,00001,全国市部,1980000000,1980年,人
23,00700,全域,000,男女総数,215,75～79歳,003,アメリカ,00002,全国郡部,1980000000,1980年,人
1,00700,全域,000,男女総数,215,75～79歳,003,アメリカ,01000,北海道,1980000000,1980年,人
3,00700,全域,000,男女総数,215,75～79歳,003,アメリカ,04000,宮城県,1980000000,1980年,人
1,00700,全域,000,男女総数,215,75～79歳,003,アメリカ,08000,茨城県,1980000000,1980年,人
1,00700,全域,000,男女総数,215,75～79歳,003,アメリカ,12000,千葉県,1980000000,1980年,人
15,00700,全域,000,男女総数,215,75～79歳,003,アメリカ,13000,東京都,1980000000,1980年,人
23,00700,全域,000,男女総数,215,75～79歳,003,アメリカ,14000,神奈川県,1980000000,1980年,人
1,00700,全域,000,男女総数,215,75～79歳,003,アメリカ,18000,福井県,1980000000,1980年,人
4,00700,全域,000,男女総数,215,75～79歳,003,アメリカ,22000,静岡県,1980000000,1980年,人
3,00700,全域,000,男女総数,215,75～79歳,003,アメリカ,23000,愛知県,1980000000,1980年,人
3,00700,全域,000,男女総数,215,75～79歳,003,アメリカ,26000,京都府,1980000000,1980年,人
3,00700,全域,000,男女総数,215,75～79歳,003,アメリカ,27000,大阪府,1980000000,1980年,人
3,00700,全域,000,男女総数,215,75～79歳,003,アメリカ,28000,兵庫県,1980000000,1980年,人
4,00700,全域,000,男女総数,215,75～79歳,003,アメリカ,30000,和歌山県,1980000000,1980年,人
1,00700,全域,000,男女総数,215,75～79歳,003,アメリカ,31000,鳥取県,1980000000,1980年,人
2,00700,全域,000,男女総数,215,75～79歳,003,アメリカ,33000,岡山県,1980000000,1980年,人
11,00700,全域,000,男女総数,215,75～79歳,003,アメリカ,34000,広島県,1980000000,1980年,人
4,00700,全域,000,男女総数,215,75～79歳,003,アメリカ,35000,山口県,1980000000,1980年,人
2,00700,全域,000,男女総数,215,75～79歳,003,アメリカ,38000,愛媛県,1980000000,1980年,人
1,00700,全域,000,男女総数,215,75～79歳,003,アメリカ,39000,高知県,1980000000,1980年,人
4,00700,全域,000,男女総数,215,75～79歳,003,アメリカ,40000,福岡県,1980000000,1980年,人
1,00700,全域,000,男女総数,215,75～79歳,003,アメリカ,42000,長崎県,1980000000,1980年,人
2,00700,全域,000,男女総数,215,75～79歳,003,アメリカ,43000,熊本県,1980000000,1980年,人
3,00700,全域,000,男女総数,215,75～79歳,003,アメリカ,44000,大分県,1980000000,1980年,人
3,00700,全域,000,男女総数,215,75～79歳,003,アメリカ,46000,鹿児島県,1980000000,1980年,人
9,00700,全域,000,男女総数,215,75～79歳,003,アメリカ,47000,沖縄県,1980000000,1980年,人
179,00700,全域,000,男女総数,215,75～79歳,004,その他,00000,全国,1980000000,1980年,人
166,00700,全域,000,男女総数,215,75～79歳,004,その他,00001,全国市部,1980000000,1980年,人
13,00700,全域,000,男女総数,215,75～79歳,004,その他,00002,全国郡部,1980000000,1980年,人
4,00700,全域,000,男女総数,215,75～79歳,004,その他,01000,北海道,1980000000,1980年,人
1,00700,全域,000,男女総数,215,75～79歳,004,その他,02000,青森県,1980000000,1980年,人
1,00700,全域,000,男女総数,215,75～79歳,004,その他,07000,福島県,1980000000,1980年,人
2,00700,全域,000,男女総数,215,75～79歳,004,その他,09000,栃木県,1980000000,1980年,人
3,00700,全域,000,男女総数,215,75～79歳,004,その他,10000,群馬県,1980000000,1980年,人
57,00700,全域,000,男女総数,215,75～79歳,004,その他,13000,東京都,1980000000,1980年,人
28,00700,全域,000,男女総数,215,75～79歳,004,その他,14000,神奈川県,1980000000,1980年,人
1,00700,全域,000,男女総数,215,75～79歳,004,その他,19000,山梨県,1980000000,1980年,人
3,00700,全域,000,男女総数,215,75～79歳,004,その他,20000,長野県,1980000000,1980年,人
1,00700,全域,000,男女総数,215,75～79歳,004,その他,21000,岐阜県,1980000000,1980年,人
5,00700,全域,000,男女総数,215,75～79歳,004,その他,22000,静岡県,1980000000,1980年,人
9,00700,全域,000,男女総数,215,75～79歳,004,その他,23000,愛知県,1980000000,1980年,人
1,00700,全域,000,男女総数,215,75～79歳,004,その他,24000,三重県,1980000000,1980年,人
1,00700,全域,000,男女総数,215,75～79歳,004,その他,25000,滋賀県,1980000000,1980年,人
1,00700,全域,000,男女総数,215,75～79歳,004,その他,26000,京都府,1980000000,1980年,人
3,00700,全域,000,男女総数,215,75～79歳,004,その他,27000,大阪府,1980000000,1980年,人
30,00700,全域,000,男女総数,215,75～79歳,004,その他,28000,兵庫県,1980000000,1980年,人
1,00700,全域,000,男女総数,215,75～79歳,004,その他,30000,和歌山県,1980000000,1980年,人
1,00700,全域,000,男女総数,215,75～79歳,004,その他,34000,広島県,1980000000,1980年,人
1,00700,全域,000,男女総数,215,75～79歳,004,その他,35000,山口県,1980000000,1980年,人
1,00700,全域,000,男女総数,215,75～79歳,004,その他,38000,愛媛県,1980000000,1980年,人
5,00700,全域,000,男女総数,215,75～79歳,004,その他,40000,福岡県,1980000000,1980年,人
2,00700,全域,000,男女総数,215,75～79歳,004,その他,41000,佐賀県,1980000000,1980年,人
4,00700,全域,000,男女総数,215,75～79歳,004,その他,42000,長崎県,1980000000,1980年,人
2,00700,全域,000,男女総数,215,75～79歳,004,その他,43000,熊本県,1980000000,1980年,人
1,00700,全域,000,男女総数,215,75～79歳,004,その他,44000,大分県,1980000000,1980年,人
4,00700,全域,000,男女総数,215,75～79歳,004,その他,46000,鹿児島県,1980000000,1980年,人
6,00700,全域,000,男女総数,215,75～79歳,004,その他,47000,沖縄県,1980000000,1980年,人
2507,00700,全域,000,男女総数,216,80～84歳,000,国籍総数,00000,全国,1980000000,1980年,人
2250,00700,全域,000,男女総数,216,80～84歳,000,国籍総数,00001,全国市部,1980000000,1980年,人
257,00700,全域,000,男女総数,216,80～84歳,000,国籍総数,00002,全国郡部,1980000000,1980年,人
26,00700,全域,000,男女総数,216,80～84歳,000,国籍総数,01000,北海道,1980000000,1980年,人
10,00700,全域,000,男女総数,216,80～84歳,000,国籍総数,02000,青森県,1980000000,1980年,人
6,00700,全域,000,男女総数,216,80～84歳,000,国籍総数,03000,岩手県,1980000000,1980年,人
6,00700,全域,000,男女総数,216,80～84歳,000,国籍総数,04000,宮城県,1980000000,1980年,人
1,00700,全域,000,男女総数,216,80～84歳,000,国籍総数,05000,秋田県,1980000000,1980年,人
4,00700,全域,000,男女総数,216,80～84歳,000,国籍総数,06000,山形県,1980000000,1980年,人
15,00700,全域,000,男女総数,216,80～84歳,000,国籍総数,07000,福島県,1980000000,1980年,人
25,00700,全域,000,男女総数,216,80～84歳,000,国籍総数,08000,茨城県,1980000000,1980年,人
5,00700,全域,000,男女総数,216,80～84歳,000,国籍総数,09000,栃木県,1980000000,1980年,人
16,00700,全域,000,男女総数,216,80～84歳,000,国籍総数,10000,群馬県,1980000000,1980年,人
29,00700,全域,000,男女総数,216,80～84歳,000,国籍総数,11000,埼玉県,1980000000,1980年,人
32,00700,全域,000,男女総数,216,80～84歳,000,国籍総数,12000,千葉県,1980000000,1980年,人
267,00700,全域,000,男女総数,216,80～84歳,000,国籍総数,13000,東京都,1980000000,1980年,人
144,00700,全域,000,男女総数,216,80～84歳,000,国籍総数,14000,神奈川県,1980000000,1980年,人
13,00700,全域,000,男女総数,216,80～84歳,000,国籍総数,15000,新潟県,1980000000,1980年,人
12,00700,全域,000,男女総数,216,80～84歳,000,国籍総数,16000,富山県,1980000000,1980年,人
10,00700,全域,000,男女総数,216,80～84歳,000,国籍総数,17000,石川県,1980000000,1980年,人
16,00700,全域,000,男女総数,216,80～84歳,000,国籍総数,18000,福井県,1980000000,1980年,人
6,00700,全域,000,男女総数,216,80～84歳,000,国籍総数,19000,山梨県,1980000000,1980年,人
26,00700,全域,000,男女総数,216,80～84歳,000,国籍総数,20000,長野県,1980000000,1980年,人
47,00700,全域,000,男女総数,216,80～84歳,000,国籍総数,21000,岐阜県,1980000000,1980年,人
26,00700,全域,000,男女総数,216,80～84歳,000,国籍総数,22000,静岡県,1980000000,1980年,人
196,00700,全域,000,男女総数,216,80～84歳,000,国籍総数,23000,愛知県,1980000000,1980年,人
27,00700,全域,000,男女総数,216,80～84歳,000,国籍総数,24000,三重県,1980000000,1980年,人
34,00700,全域,000,男女総数,216,80～84歳,000,国籍総数,25000,滋賀県,1980000000,1980年,人
182,00700,全域,000,男女総数,216,80～84歳,000,国籍総数,26000,京都府,1980000000,1980年,人
589,00700,全域,000,男女総数,216,80～84歳,000,国籍総数,27000,大阪府,1980000000,1980年,人
297,00700,全域,000,男女総数,216,80～84歳,000,国籍総数,28000,兵庫県,1980000000,1980年,人
15,00700,全域,000,男女総数,216,80～84歳,000,国籍総数,29000,奈良県,1980000000,1980年,人
31,00700,全域,000,男女総数,216,80～84歳,000,国籍総数,30000,和歌山県,1980000000,1980年,人
15,00700,全域,000,男女総数,216,80～84歳,000,国籍総数,31000,鳥取県,1980000000,1980年,人
6,00700,全域,000,男女総数,216,80～84歳,000,国籍総数,32000,島根県,1980000000,1980年,人
38,00700,全域,000,男女総数,216,80～84歳,000,国籍総数,33000,岡山県,1980000000,1980年,人
67,00700,全域,000,男女総数,216,80～84歳,000,国籍総数,34000,広島県,1980000000,1980年,人
55,00700,全域,000,男女総数,216,80～84歳,000,国籍総数,35000,山口県,1980000000,1980年,人
1,00700,全域,000,男女総数,216,80～84歳,000,国籍総数,36000,徳島県,1980000000,1980年,人
4,00700,全域,000,男女総数,216,80～84歳,000,国籍総数,37000,香川県,1980000000,1980年,人
11,00700,全域,000,男女総数,216,80～84歳,000,国籍総数,38000,愛媛県,1980000000,1980年,人
3,00700,全域,000,男女総数,216,80～84歳,000,国籍総数,39000,高知県,1980000000,1980年,人
95,00700,全域,000,男女総数,216,80～84歳,000,国籍総数,40000,福岡県,1980000000,1980年,人
7,00700,全域,000,男女総数,216,80～84歳,000,国籍総数,41000,佐賀県,1980000000,1980年,人
26,00700,全域,000,男女総数,216,80～84歳,000,国籍総数,42000,長崎県,1980000000,1980年,人
20,00700,全域,000,男女総数,216,80～84歳,000,国籍総数,43000,熊本県,1980000000,1980年,人
24,00700,全域,000,男女総数,216,80～84歳,000,国籍総数,44000,大分県,1980000000,1980年,人
6,00700,全域,000,男女総数,216,80～84歳,000,国籍総数,45000,宮崎県,1980000000,1980年,人
13,00700,全域,000,男女総数,216,80～84歳,000,国籍総数,46000,鹿児島県,1980000000,1980年,人
3,00700,全域,000,男女総数,216,80～84歳,000,国籍総数,47000,沖縄県,1980000000,1980年,人
2059,00700,全域,000,男女総数,216,80～84歳,001,韓国・朝鮮,00000,全国,1980000000,1980年,人
1854,00700,全域,000,男女総数,216,80～84歳,001,韓国・朝鮮,00001,全国市部,1980000000,1980年,人
205,00700,全域,000,男女総数,216,80～84歳,001,韓国・朝鮮,00002,全国郡部,1980000000,1980年,人
23,00700,全域,000,男女総数,216,80～84歳,001,韓国・朝鮮,01000,北海道,1980000000,1980年,人
5,00700,全域,000,男女総数,216,80～84歳,001,韓国・朝鮮,02000,青森県,1980000000,1980年,人
3,00700,全域,000,男女総数,216,80～84歳,001,韓国・朝鮮,03000,岩手県,1980000000,1980年,人
5,00700,全域,000,男女総数,216,80～84歳,001,韓国・朝鮮,04000,宮城県,1980000000,1980年,人
4,00700,全域,000,男女総数,216,80～84歳,001,韓国・朝鮮,06000,山形県,1980000000,1980年,人
12,00700,全域,000,男女総数,216,80～84歳,001,韓国・朝鮮,07000,福島県,1980000000,1980年,人
22,00700,全域,000,男女総数,216,80～84歳,001,韓国・朝鮮,08000,茨城県,1980000000,1980年,人
4,00700,全域,000,男女総数,216,80～84歳,001,韓国・朝鮮,09000,栃木県,1980000000,1980年,人
12,00700,全域,000,男女総数,216,80～84歳,001,韓国・朝鮮,10000,群馬県,1980000000,1980年,人
22,00700,全域,000,男女総数,216,80～84歳,001,韓国・朝鮮,11000,埼玉県,1980000000,1980年,人
24,00700,全域,000,男女総数,216,80～84歳,001,韓国・朝鮮,12000,千葉県,1980000000,1980年,人
182,00700,全域,000,男女総数,216,80～84歳,001,韓国・朝鮮,13000,東京都,1980000000,1980年,人
83,00700,全域,000,男女総数,216,80～84歳,001,韓国・朝鮮,14000,神奈川県,1980000000,1980年,人
10,00700,全域,000,男女総数,216,80～84歳,001,韓国・朝鮮,15000,新潟県,1980000000,1980年,人
10,00700,全域,000,男女総数,216,80～84歳,001,韓国・朝鮮,16000,富山県,1980000000,1980年,人
9,00700,全域,000,男女総数,216,80～84歳,001,韓国・朝鮮,17000,石川県,1980000000,1980年,人
15,00700,全域,000,男女総数,216,80～84歳,001,韓国・朝鮮,18000,福井県,1980000000,1980年,人
4,00700,全域,000,男女総数,216,80～84歳,001,韓国・朝鮮,19000,山梨県,1980000000,1980年,人
18,00700,全域,000,男女総数,216,80～84歳,001,韓国・朝鮮,20000,長野県,1980000000,1980年,人
45,00700,全域,000,男女総数,216,80～84歳,001,韓国・朝鮮,21000,岐阜県,1980000000,1980年,人
18,00700,全域,000,男女総数,216,80～84歳,001,韓国・朝鮮,22000,静岡県,1980000000,1980年,人
183,00700,全域,000,男女総数,216,80～84歳,001,韓国・朝鮮,23000,愛知県,1980000000,1980年,人
25,00700,全域,000,男女総数,216,80～84歳,001,韓国・朝鮮,24000,三重県,1980000000,1980年,人
31,00700,全域,000,男女総数,216,80～84歳,001,韓国・朝鮮,25000,滋賀県,1980000000,1980年,人
165,00700,全域,000,男女総数,216,80～84歳,001,韓国・朝鮮,26000,京都府,1980000000,1980年,人
555,00700,全域,000,男女総数,216,80～84歳,001,韓国・朝鮮,27000,大阪府,1980000000,1980年,人
224,00700,全域,000,男女総数,216,80～84歳,001,韓国・朝鮮,28000,兵庫県,1980000000,1980年,人
14,00700,全域,000,男女総数,216,80～84歳,001,韓国・朝鮮,29000,奈良県,1980000000,1980年,人
26,00700,全域,000,男女総数,216,80～84歳,001,韓国・朝鮮,30000,和歌山県,1980000000,1980年,人
11,00700,全域,000,男女総数,216,80～84歳,001,韓国・朝鮮,31000,鳥取県,1980000000,1980年,人
5,00700,全域,000,男女総数,216,80～84歳,001,韓国・朝鮮,32000,島根県,1980000000,1980年,人
35,00700,全域,000,男女総数,216,80～84歳,001,韓国・朝鮮,33000,岡山県,1980000000,1980年,人
55,00700,全域,000,男女総数,216,80～84歳,001,韓国・朝鮮,34000,広島県,1980000000,1980年,人
50,00700,全域,000,男女総数,216,80～84歳,001,韓国・朝鮮,35000,山口県,1980000000,1980年,人
1,00700,全域,000,男女総数,216,80～84歳,001,韓国・朝鮮,36000,徳島県,1980000000,1980年,人
1,00700,全域,000,男女総数,216,80～84歳,001,韓国・朝鮮,37000,香川県,1980000000,1980年,人
9,00700,全域,000,男女総数,216,80～84歳,001,韓国・朝鮮,38000,愛媛県,1980000000,1980年,人
1,00700,全域,000,男女総数,216,80～84歳,001,韓国・朝鮮,39000,高知県,1980000000,1980年,人
82,00700,全域,000,男女総数,216,80～84歳,001,韓国・朝鮮,40000,福岡県,1980000000,1980年,人
7,00700,全域,000,男女総数,216,80～84歳,001,韓国・朝鮮,41000,佐賀県,1980000000,1980年,人
10,00700,全域,000,男女総数,216,80～84歳,001,韓国・朝鮮,42000,長崎県,1980000000,1980年,人
13,00700,全域,000,男女総数,216,80～84歳,001,韓国・朝鮮,43000,熊本県,1980000000,1980年,人
20,00700,全域,000,男女総数,216,80～84歳,001,韓国・朝鮮,44000,大分県,1980000000,1980年,人
5,00700,全域,000,男女総数,216,80～84歳,001,韓国・朝鮮,45000,宮崎県,1980000000,1980年,人
1,00700,全域,000,男女総数,216,80～84歳,001,韓国・朝鮮,46000,鹿児島県,1980000000,1980年,人
168,00700,全域,000,男女総数,216,80～84歳,002,中国,00000,全国,1980000000,1980年,人
160,00700,全域,000,男女総数,216,80～84歳,002,中国,00001,全国市部,1980000000,1980年,人
8,00700,全域,000,男女総数,216,80～84歳,002,中国,00002,全国郡部,1980000000,1980年,人
2,00700,全域,000,男女総数,216,80～84歳,002,中国,02000,青森県,1980000000,1980年,人
1,00700,全域,000,男女総数,216,80～84歳,002,中国,03000,岩手県,1980000000,1980年,人
1,00700,全域,000,男女総数,216,80～84歳,002,中国,04000,宮城県,1980000000,1980年,人
1,00700,全域,000,男女総数,216,80～84歳,002,中国,08000,茨城県,1980000000,1980年,人
1,00700,全域,000,男女総数,216,80～84歳,002,中国,10000,群馬県,1980000000,1980年,人
2,00700,全域,000,男女総数,216,80～84歳,002,中国,11000,埼玉県,1980000000,1980年,人
3,00700,全域,000,男女総数,216,80～84歳,002,中国,12000,千葉県,1980000000,1980年,人
24,00700,全域,000,男女総数,216,80～84歳,002,中国,13000,東京都,1980000000,1980年,人
29,00700,全域,000,男女総数,216,80～84歳,002,中国,14000,神奈川県,1980000000,1980年,人
3,00700,全域,000,男女総数,216,80～84歳,002,中国,15000,新潟県,1980000000,1980年,人
1,00700,全域,000,男女総数,216,80～84歳,002,中国,16000,富山県,1980000000,1980年,人
1,00700,全域,000,男女総数,216,80～84歳,002,中国,17000,石川県,1980000000,1980年,人
4,00700,全域,000,男女総数,216,80～84歳,002,中国,20000,長野県,1980000000,1980年,人
1,00700,全域,000,男女総数,216,80～84歳,002,中国,21000,岐阜県,1980000000,1980年,人
5,00700,全域,000,男女総数,216,80～84歳,002,中国,22000,静岡県,1980000000,1980年,人
2,00700,全域,000,男女総数,216,80～84歳,002,中国,23000,愛知県,1980000000,1980年,人
5,00700,全域,000,男女総数,216,80～84歳,002,中国,26000,京都府,1980000000,1980年,人
12,00700,全域,000,男女総数,216,80～84歳,002,中国,27000,大阪府,1980000000,1980年,人
47,00700,全域,000,男女総数,216,80～84歳,002,中国,28000,兵庫県,1980000000,1980年,人
1,00700,全域,000,男女総数,216,80～84歳,002,中国,34000,広島県,1980000000,1980年,人
2,00700,全域,000,男女総数,216,80～84歳,002,中国,37000,香川県,1980000000,1980年,人
7,00700,全域,000,男女総数,216,80～84歳,002,中国,40000,福岡県,1980000000,1980年,人
6,00700,全域,000,男女総数,216,80～84歳,002,中国,42000,長崎県,1980000000,1980年,人
1,00700,全域,000,男女総数,216,80～84歳,002,中国,43000,熊本県,1980000000,1980年,人
1,00700,全域,000,男女総数,216,80～84歳,002,中国,44000,大分県,1980000000,1980年,人
1,00700,全域,000,男女総数,216,80～84歳,002,中国,45000,宮崎県,1980000000,1980年,人
4,00700,全域,000,男女総数,216,80～84歳,002,中国,46000,鹿児島県,1980000000,1980年,人
71,00700,全域,000,男女総数,216,80～84歳,003,アメリカ,00000,全国,1980000000,1980年,人
58,00700,全域,000,男女総数,216,80～84歳,003,アメリカ,00001,全国市部,1980000000,1980年,人
13,00700,全域,000,男女総数,216,80～84歳,003,アメリカ,00002,全国郡部,1980000000,1980年,人
1,00700,全域,000,男女総数,216,80～84歳,003,アメリカ,03000,岩手県,1980000000,1980年,人
1,00700,全域,000,男女総数,216,80～84歳,003,アメリカ,09000,栃木県,1980000000,1980年,人
1,00700,全域,000,男女総数,216,80～84歳,003,アメリカ,11000,埼玉県,1980000000,1980年,人
1,00700,全域,000,男女総数,216,80～84歳,003,アメリカ,12000,千葉県,1980000000,1980年,人
16,00700,全域,000,男女総数,216,80～84歳,003,アメリカ,13000,東京都,1980000000,1980年,人
12,00700,全域,000,男女総数,216,80～84歳,003,アメリカ,14000,神奈川県,1980000000,1980年,人
1,00700,全域,000,男女総数,216,80～84歳,003,アメリカ,16000,富山県,1980000000,1980年,人
1,00700,全域,000,男女総数,216,80～84歳,003,アメリカ,22000,静岡県,1980000000,1980年,人
6,00700,全域,000,男女総数,216,80～84歳,003,アメリカ,26000,京都府,1980000000,1980年,人
2,00700,全域,000,男女総数,216,80～84歳,003,アメリカ,27000,大阪府,1980000000,1980年,人
2,00700,全域,000,男女総数,216,80～84歳,003,アメリカ,28000,兵庫県,1980000000,1980年,人
2,00700,全域,000,男女総数,216,80～84歳,003,アメリカ,30000,和歌山県,1980000000,1980年,人
2,00700,全域,000,男女総数,216,80～84歳,003,アメリカ,31000,鳥取県,1980000000,1980年,人
2,00700,全域,000,男女総数,216,80～84歳,003,アメリカ,33000,岡山県,1980000000,1980年,人
7,00700,全域,000,男女総数,216,80～84歳,003,アメリカ,34000,広島県,1980000000,1980年,人
2,00700,全域,000,男女総数,216,80～84歳,003,アメリカ,35000,山口県,1980000000,1980年,人
1,00700,全域,000,男女総数,216,80～84歳,003,アメリカ,40000,福岡県,1980000000,1980年,人
1,00700,全域,000,男女総数,216,80～84歳,003,アメリカ,42000,長崎県,1980000000,1980年,人
3,00700,全域,000,男女総数,216,80～84歳,003,アメリカ,43000,熊本県,1980000000,1980年,人
3,00700,全域,000,男女総数,216,80～84歳,003,アメリカ,44000,大分県,1980000000,1980年,人
2,00700,全域,000,男女総数,216,80～84歳,003,アメリカ,46000,鹿児島県,1980000000,1980年,人
2,00700,全域,000,男女総数,216,80～84歳,003,アメリカ,47000,沖縄県,1980000000,1980年,人
100,00700,全域,000,男女総数,216,80～84歳,004,その他,00000,全国,1980000000,1980年,人
93,00700,全域,000,男女総数,216,80～84歳,004,その他,00001,全国市部,1980000000,1980年,人
7,00700,全域,000,男女総数,216,80～84歳,004,その他,00002,全国郡部,1980000000,1980年,人
2,00700,全域,000,男女総数,216,80～84歳,004,その他,01000,北海道,1980000000,1980年,人
1,00700,全域,000,男女総数,216,80～84歳,004,その他,10000,群馬県,1980000000,1980年,人
25,00700,全域,000,男女総数,216,80～84歳,004,その他,13000,東京都,1980000000,1980年,人
17,00700,全域,000,男女総数,216,80～84歳,004,その他,14000,神奈川県,1980000000,1980年,人
2,00700,全域,000,男女総数,216,80～84歳,004,その他,20000,長野県,1980000000,1980年,人
1,00700,全域,000,男女総数,216,80～84歳,004,その他,21000,岐阜県,1980000000,1980年,人
1,00700,全域,000,男女総数,216,80～84歳,004,その他,22000,静岡県,1980000000,1980年,人
7,00700,全域,000,男女総数,216,80～84歳,004,その他,23000,愛知県,1980000000,1980年,人
1,00700,全域,000,男女総数,216,80～84歳,004,その他,25000,滋賀県,1980000000,1980年,人
1,00700,全域,000,男女総数,216,80～84歳,004,その他,26000,京都府,1980000000,1980年,人
4,00700,全域,000,男女総数,216,80～84歳,004,その他,27000,大阪府,1980000000,1980年,人
22,00700,全域,000,男女総数,216,80～84歳,004,その他,28000,兵庫県,1980000000,1980年,人
1,00700,全域,000,男女総数,216,80～84歳,004,その他,30000,和歌山県,1980000000,1980年,人
3,00700,全域,000,男女総数,216,80～84歳,004,その他,34000,広島県,1980000000,1980年,人
2,00700,全域,000,男女総数,216,80～84歳,004,その他,40000,福岡県,1980000000,1980年,人
7,00700,全域,000,男女総数,216,80～84歳,004,その他,42000,長崎県,1980000000,1980年,人
1,00700,全域,000,男女総数,216,80～84歳,004,その他,43000,熊本県,1980000000,1980年,人
1,00700,全域,000,男女総数,216,80～84歳,004,その他,46000,鹿児島県,1980000000,1980年,人
1,00700,全域,000,男女総数,216,80～84歳,004,その他,47000,沖縄県,1980000000,1980年,人
958,00700,全域,000,男女総数,585,85歳以上,000,国籍総数,00000,全国,1980000000,1980年,人
849,00700,全域,000,男女総数,585,85歳以上,000,国籍総数,00001,全国市部,1980000000,1980年,人
109,00700,全域,000,男女総数,585,85歳以上,000,国籍総数,00002,全国郡部,1980000000,1980年,人
22,00700,全域,000,男女総数,585,85歳以上,000,国籍総数,01000,北海道,1980000000,1980年,人
3,00700,全域,000,男女総数,585,85歳以上,000,国籍総数,02000,青森県,1980000000,1980年,人
2,00700,全域,000,男女総数,585,85歳以上,000,国籍総数,03000,岩手県,1980000000,1980年,人
7,00700,全域,000,男女総数,585,85歳以上,000,国籍総数,04000,宮城県,1980000000,1980年,人
3,00700,全域,000,男女総数,585,85歳以上,000,国籍総数,05000,秋田県,1980000000,1980年,人
2,00700,全域,000,男女総数,585,85歳以上,000,国籍総数,06000,山形県,1980000000,1980年,人
5,00700,全域,000,男女総数,585,85歳以上,000,国籍総数,07000,福島県,1980000000,1980年,人
10,00700,全域,000,男女総数,585,85歳以上,000,国籍総数,08000,茨城県,1980000000,1980年,人
4,00700,全域,000,男女総数,585,85歳以上,000,国籍総数,09000,栃木県,1980000000,1980年,人
3,00700,全域,000,男女総数,585,85歳以上,000,国籍総数,10000,群馬県,1980000000,1980年,人
12,00700,全域,000,男女総数,585,85歳以上,000,国籍総数,11000,埼玉県,1980000000,1980年,人
10,00700,全域,000,男女総数,585,85歳以上,000,国籍総数,12000,千葉県,1980000000,1980年,人
129,00700,全域,000,男女総数,585,85歳以上,000,国籍総数,13000,東京都,1980000000,1980年,人
62,00700,全域,000,男女総数,585,85歳以上,000,国籍総数,14000,神奈川県,1980000000,1980年,人
3,00700,全域,000,男女総数,585,85歳以上,000,国籍総数,15000,新潟県,1980000000,1980年,人
1,00700,全域,000,男女総数,585,85歳以上,000,国籍総数,16000,富山県,1980000000,1980年,人
4,00700,全域,000,男女総数,585,85歳以上,000,国籍総数,17000,石川県,1980000000,1980年,人
5,00700,全域,000,男女総数,585,85歳以上,000,国籍総数,18000,福井県,1980000000,1980年,人
4,00700,全域,000,男女総数,585,85歳以上,000,国籍総数,19000,山梨県,1980000000,1980年,人
5,00700,全域,000,男女総数,585,85歳以上,000,国籍総数,20000,長野県,1980000000,1980年,人
14,00700,全域,000,男女総数,585,85歳以上,000,国籍総数,21000,岐阜県,1980000000,1980年,人
7,00700,全域,000,男女総数,585,85歳以上,000,国籍総数,22000,静岡県,1980000000,1980年,人
65,00700,全域,000,男女総数,585,85歳以上,000,国籍総数,23000,愛知県,1980000000,1980年,人
6,00700,全域,000,男女総数,585,85歳以上,000,国籍総数,24000,三重県,1980000000,1980年,人
4,00700,全域,000,男女総数,585,85歳以上,000,国籍総数,25000,滋賀県,1980000000,1980年,人
49,00700,全域,000,男女総数,585,85歳以上,000,国籍総数,26000,京都府,1980000000,1980年,人
225,00700,全域,000,男女総数,585,85歳以上,000,国籍総数,27000,大阪府,1980000000,1980年,人
113,00700,全域,000,男女総数,585,85歳以上,000,国籍総数,28000,兵庫県,1980000000,1980年,人
12,00700,全域,000,男女総数,585,85歳以上,000,国籍総数,29000,奈良県,1980000000,1980年,人
10,00700,全域,000,男女総数,585,85歳以上,000,国籍総数,30000,和歌山県,1980000000,1980年,人
4,00700,全域,000,男女総数,585,85歳以上,000,国籍総数,31000,鳥取県,1980000000,1980年,人
3,00700,全域,000,男女総数,585,85歳以上,000,国籍総数,32000,島根県,1980000000,1980年,人
18,00700,全域,000,男女総数,585,85歳以上,000,国籍総数,33000,岡山県,1980000000,1980年,人
30,00700,全域,000,男女総数,585,85歳以上,000,国籍総数,34000,広島県,1980000000,1980年,人
29,00700,全域,000,男女総数,585,85歳以上,000,国籍総数,35000,山口県,1980000000,1980年,人
2,00700,全域,000,男女総数,585,85歳以上,000,国籍総数,37000,香川県,1980000000,1980年,人
3,00700,全域,000,男女総数,585,85歳以上,000,国籍総数,38000,愛媛県,1980000000,1980年,人
3,00700,全域,000,男女総数,585,85歳以上,000,国籍総数,39000,高知県,1980000000,1980年,人
25,00700,全域,000,男女総数,585,85歳以上,000,国籍総数,40000,福岡県,1980000000,1980年,人
5,00700,全域,000,男女総数,585,85歳以上,000,国籍総数,41000,佐賀県,1980000000,1980年,人
4,00700,全域,000,男女総数,585,85歳以上,000,国籍総数,42000,長崎県,1980000000,1980年,人
7,00700,全域,000,男女総数,585,85歳以上,000,国籍総数,43000,熊本県,1980000000,1980年,人
12,00700,全域,000,男女総数,585,85歳以上,000,国籍総数,44000,大分県,1980000000,1980年,人
5,00700,全域,000,男女総数,585,85歳以上,000,国籍総数,46000,鹿児島県,1980000000,1980年,人
7,00700,全域,000,男女総数,585,85歳以上,000,国籍総数,47000,沖縄県,1980000000,1980年,人
730,00700,全域,000,男女総数,585,85歳以上,001,韓国・朝鮮,00000,全国,1980000000,1980年,人
649,00700,全域,000,男女総数,585,85歳以上,001,韓国・朝鮮,00001,全国市部,1980000000,1980年,人
81,00700,全域,000,男女総数,585,85歳以上,001,韓国・朝鮮,00002,全国郡部,1980000000,1980年,人
13,00700,全域,000,男女総数,585,85歳以上,001,韓国・朝鮮,01000,北海道,1980000000,1980年,人
3,00700,全域,000,男女総数,585,85歳以上,001,韓国・朝鮮,02000,青森県,1980000000,1980年,人
1,00700,全域,000,男女総数,585,85歳以上,001,韓国・朝鮮,03000,岩手県,1980000000,1980年,人
2,00700,全域,000,男女総数,585,85歳以上,001,韓国・朝鮮,04000,宮城県,1980000000,1980年,人
2,00700,全域,000,男女総数,585,85歳以上,001,韓国・朝鮮,05000,秋田県,1980000000,1980年,人
1,00700,全域,000,男女総数,585,85歳以上,001,韓国・朝鮮,06000,山形県,1980000000,1980年,人
4,00700,全域,000,男女総数,585,85歳以上,001,韓国・朝鮮,07000,福島県,1980000000,1980年,人
8,00700,全域,000,男女総数,585,85歳以上,001,韓国・朝鮮,08000,茨城県,1980000000,1980年,人
3,00700,全域,000,男女総数,585,85歳以上,001,韓国・朝鮮,09000,栃木県,1980000000,1980年,人
2,00700,全域,000,男女総数,585,85歳以上,001,韓国・朝鮮,10000,群馬県,1980000000,1980年,人
9,00700,全域,000,男女総数,585,85歳以上,001,韓国・朝鮮,11000,埼玉県,1980000000,1980年,人
9,00700,全域,000,男女総数,585,85歳以上,001,韓国・朝鮮,12000,千葉県,1980000000,1980年,人
80,00700,全域,000,男女総数,585,85歳以上,001,韓国・朝鮮,13000,東京都,1980000000,1980年,人
34,00700,全域,000,男女総数,585,85歳以上,001,韓国・朝鮮,14000,神奈川県,1980000000,1980年,人
2,00700,全域,000,男女総数,585,85歳以上,001,韓国・朝鮮,15000,新潟県,1980000000,1980年,人
1,00700,全域,000,男女総数,585,85歳以上,001,韓国・朝鮮,16000,富山県,1980000000,1980年,人
4,00700,全域,000,男女総数,585,85歳以上,001,韓国・朝鮮,17000,石川県,1980000000,1980年,人
5,00700,全域,000,男女総数,585,85歳以上,001,韓国・朝鮮,18000,福井県,1980000000,1980年,人
3,00700,全域,000,男女総数,585,85歳以上,001,韓国・朝鮮,19000,山梨県,1980000000,1980年,人
3,00700,全域,000,男女総数,585,85歳以上,001,韓国・朝鮮,20000,長野県,1980000000,1980年,人
13,00700,全域,000,男女総数,585,85歳以上,001,韓国・朝鮮,21000,岐阜県,1980000000,1980年,人
5,00700,全域,000,男女総数,585,85歳以上,001,韓国・朝鮮,22000,静岡県,1980000000,1980年,人
60,00700,全域,000,男女総数,585,85歳以上,001,韓国・朝鮮,23000,愛知県,1980000000,1980年,人
5,00700,全域,000,男女総数,585,85歳以上,001,韓国・朝鮮,24000,三重県,1980000000,1980年,人
2,00700,全域,000,男女総数,585,85歳以上,001,韓国・朝鮮,25000,滋賀県,1980000000,1980年,人
43,00700,全域,000,男女総数,585,85歳以上,001,韓国・朝鮮,26000,京都府,1980000000,1980年,人
218,00700,全域,000,男女総数,585,85歳以上,001,韓国・朝鮮,27000,大阪府,1980000000,1980年,人
69,00700,全域,000,男女総数,585,85歳以上,001,韓国・朝鮮,28000,兵庫県,1980000000,1980年,人
11,00700,全域,000,男女総数,585,85歳以上,001,韓国・朝鮮,29000,奈良県,1980000000,1980年,人
5,00700,全域,000,男女総数,585,85歳以上,001,韓国・朝鮮,30000,和歌山県,1980000000,1980年,人
3,00700,全域,000,男女総数,585,85歳以上,001,韓国・朝鮮,31000,鳥取県,1980000000,1980年,人
2,00700,全域,000,男女総数,585,85歳以上,001,韓国・朝鮮,32000,島根県,1980000000,1980年,人
15,00700,全域,000,男女総数,585,85歳以上,001,韓国・朝鮮,33000,岡山県,1980000000,1980年,人
22,00700,全域,000,男女総数,585,85歳以上,001,韓国・朝鮮,34000,広島県,1980000000,1980年,人
27,00700,全域,000,男女総数,585,85歳以上,001,韓国・朝鮮,35000,山口県,1980000000,1980年,人
1,00700,全域,000,男女総数,585,85歳以上,001,韓国・朝鮮,37000,香川県,1980000000,1980年,人
3,00700,全域,000,男女総数,585,85歳以上,001,韓国・朝鮮,38000,愛媛県,1980000000,1980年,人
18,00700,全域,000,男女総数,585,85歳以上,001,韓国・朝鮮,40000,福岡県,1980000000,1980年,人
3,00700,全域,000,男女総数,585,85歳以上,001,韓国・朝鮮,41000,佐賀県,1980000000,1980年,人
1,00700,全域,000,男女総数,585,85歳以上,001,韓国・朝鮮,42000,長崎県,1980000000,1980年,人
4,00700,全域,000,男女総数,585,85歳以上,001,韓国・朝鮮,43000,熊本県,1980000000,1980年,人
11,00700,全域,000,男女総数,585,85歳以上,001,韓国・朝鮮,44000,大分県,1980000000,1980年,人
71,00700,全域,000,男女総数,585,85歳以上,002,中国,00000,全国,1980000000,1980年,人
69,00700,全域,000,男女総数,585,85歳以上,002,中国,00001,全国市部,1980000000,1980年,人
2,00700,全域,000,男女総数,585,85歳以上,002,中国,00002,全国郡部,1980000000,1980年,人
2,00700,全域,000,男女総数,585,85歳以上,002,中国,01000,北海道,1980000000,1980年,人
1,00700,全域,000,男女総数,585,85歳以上,002,中国,03000,岩手県,1980000000,1980年,人
1,00700,全域,000,男女総数,585,85歳以上,002,中国,04000,宮城県,1980000000,1980年,人
1,00700,全域,000,男女総数,585,85歳以上,002,中国,12000,千葉県,1980000000,1980年,人
14,00700,全域,000,男女総数,585,85歳以上,002,中国,13000,東京都,1980000000,1980年,人
14,00700,全域,000,男女総数,585,85歳以上,002,中国,14000,神奈川県,1980000000,1980年,人
1,00700,全域,000,男女総数,585,85歳以上,002,中国,20000,長野県,1980000000,1980年,人
2,00700,全域,000,男女総数,585,85歳以上,002,中国,23000,愛知県,1980000000,1980年,人
2,00700,全域,000,男女総数,585,85歳以上,002,中国,26000,京都府,1980000000,1980年,人
3,00700,全域,000,男女総数,585,85歳以上,002,中国,27000,大阪府,1980000000,1980年,人
24,00700,全域,000,男女総数,585,85歳以上,002,中国,28000,兵庫県,1980000000,1980年,人
1,00700,全域,000,男女総数,585,85歳以上,002,中国,29000,奈良県,1980000000,1980年,人
1,00700,全域,000,男女総数,585,85歳以上,002,中国,40000,福岡県,1980000000,1980年,人
2,00700,全域,000,男女総数,585,85歳以上,002,中国,42000,長崎県,1980000000,1980年,人
2,00700,全域,000,男女総数,585,85歳以上,002,中国,46000,鹿児島県,1980000000,1980年,人
47,00700,全域,000,男女総数,585,85歳以上,003,アメリカ,00000,全国,1980000000,1980年,人
33,00700,全域,000,男女総数,585,85歳以上,003,アメリカ,00001,全国市部,1980000000,1980年,人
14,00700,全域,000,男女総数,585,85歳以上,003,アメリカ,00002,全国郡部,1980000000,1980年,人
3,00700,全域,000,男女総数,585,85歳以上,003,アメリカ,04000,宮城県,1980000000,1980年,人
7,00700,全域,000,男女総数,585,85歳以上,003,アメリカ,13000,東京都,1980000000,1980年,人
2,00700,全域,000,男女総数,585,85歳以上,003,アメリカ,14000,神奈川県,1980000000,1980年,人
1,00700,全域,000,男女総数,585,85歳以上,003,アメリカ,19000,山梨県,1980000000,1980年,人
1,00700,全域,000,男女総数,585,85歳以上,003,アメリカ,20000,長野県,1980000000,1980年,人
1,00700,全域,000,男女総数,585,85歳以上,003,アメリカ,21000,岐阜県,1980000000,1980年,人
1,00700,全域,000,男女総数,585,85歳以上,003,アメリカ,22000,静岡県,1980000000,1980年,人
1,00700,全域,000,男女総数,585,85歳以上,003,アメリカ,24000,三重県,1980000000,1980年,人
2,00700,全域,000,男女総数,585,85歳以上,003,アメリカ,26000,京都府,1980000000,1980年,人
1,00700,全域,000,男女総数,585,85歳以上,003,アメリカ,27000,大阪府,1980000000,1980年,人
2,00700,全域,000,男女総数,585,85歳以上,003,アメリカ,28000,兵庫県,1980000000,1980年,人
5,00700,全域,000,男女総数,585,85歳以上,003,アメリカ,30000,和歌山県,1980000000,1980年,人
1,00700,全域,000,男女総数,585,85歳以上,003,アメリカ,31000,鳥取県,1980000000,1980年,人
2,00700,全域,000,男女総数,585,85歳以上,003,アメリカ,33000,岡山県,1980000000,1980年,人
5,00700,全域,000,男女総数,585,85歳以上,003,アメリカ,34000,広島県,1980000000,1980年,人
2,00700,全域,000,男女総数,585,85歳以上,003,アメリカ,35000,山口県,1980000000,1980年,人
1,00700,全域,000,男女総数,585,85歳以上,003,アメリカ,39000,高知県,1980000000,1980年,人
2,00700,全域,000,男女総数,585,85歳以上,003,アメリカ,40000,福岡県,1980000000,1980年,人
1,00700,全域,000,男女総数,585,85歳以上,003,アメリカ,41000,佐賀県,1980000000,1980年,人
1,00700,全域,000,男女総数,585,85歳以上,003,アメリカ,43000,熊本県,1980000000,1980年,人
5,00700,全域,000,男女総数,585,85歳以上,003,アメリカ,47000,沖縄県,1980000000,1980年,人
72,00700,全域,000,男女総数,585,85歳以上,004,その他,00000,全国,1980000000,1980年,人
70,00700,全域,000,男女総数,585,85歳以上,004,その他,00001,全国市部,1980000000,1980年,人
2,00700,全域,000,男女総数,585,85歳以上,004,その他,00002,全国郡部,1980000000,1980年,人
6,00700,全域,000,男女総数,585,85歳以上,004,その他,01000,北海道,1980000000,1980年,人
1,00700,全域,000,男女総数,585,85歳以上,004,その他,04000,宮城県,1980000000,1980年,人
1,00700,全域,000,男女総数,585,85歳以上,004,その他,09000,栃木県,1980000000,1980年,人
1,00700,全域,000,男女総数,585,85歳以上,004,その他,10000,群馬県,1980000000,1980年,人
1,00700,全域,000,男女総数,585,85歳以上,004,その他,11000,埼玉県,1980000000,1980年,人
23,00700,全域,000,男女総数,585,85歳以上,004,その他,13000,東京都,1980000000,1980年,人
9,00700,全域,000,男女総数,585,85歳以上,004,その他,14000,神奈川県,1980000000,1980年,人
1,00700,全域,000,男女総数,585,85歳以上,004,その他,22000,静岡県,1980000000,1980年,人
1,00700,全域,000,男女総数,585,85歳以上,004,その他,23000,愛知県,1980000000,1980年,人
2,00700,全域,000,男女総数,585,85歳以上,004,その他,25000,滋賀県,1980000000,1980年,人
1,00700,全域,000,男女総数,585,85歳以上,004,その他,26000,京都府,1980000000,1980年,人
1,00700,全域,000,男女総数,585,85歳以上,004,その他,27000,大阪府,1980000000,1980年,人
15,00700,全域,000,男女総数,585,85歳以上,004,その他,28000,兵庫県,1980000000,1980年,人
2,00700,全域,000,男女総数,585,85歳以上,004,その他,34000,広島県,1980000000,1980年,人
3,00700,全域,000,男女総数,585,85歳以上,004,その他,40000,福岡県,1980000000,1980年,人
1,00700,全域,000,男女総数,585,85歳以上,004,その他,42000,長崎県,1980000000,1980年,人
1,00700,全域,000,男女総数,585,85歳以上,004,その他,43000,熊本県,1980000000,1980年,人
1,00700,全域,000,男女総数,585,85歳以上,004,その他,44000,大分県,1980000000,1980年,人
1,00700,全域,000,男女総数,585,85歳以上,004,その他,46000,鹿児島県,1980000000,1980年,人
343759,00700,全域,001,男,T01,総数,000,国籍総数,00000,全国,1980000000,1980年,人
315553,00700,全域,001,男,T01,総数,000,国籍総数,00001,全国市部,1980000000,1980年,人
28206,00700,全域,001,男,T01,総数,000,国籍総数,00002,全国郡部,1980000000,1980年,人
4322,00700,全域,001,男,T01,総数,000,国籍総数,01000,北海道,1980000000,1980年,人
1051,00700,全域,001,男,T01,総数,000,国籍総数,02000,青森県,1980000000,1980年,人
972,00700,全域,001,男,T01,総数,000,国籍総数,03000,岩手県,1980000000,1980年,人
2111,00700,全域,001,男,T01,総数,000,国籍総数,04000,宮城県,1980000000,1980年,人
629,00700,全域,001,男,T01,総数,000,国籍総数,05000,秋田県,1980000000,1980年,人
499,00700,全域,001,男,T01,総数,000,国籍総数,06000,山形県,1980000000,1980年,人
1404,00700,全域,001,男,T01,総数,000,国籍総数,07000,福島県,1980000000,1980年,人
2422,00700,全域,001,男,T01,総数,000,国籍総数,08000,茨城県,1980000000,1980年,人
1314,00700,全域,001,男,T01,総数,000,国籍総数,09000,栃木県,1980000000,1980年,人
1768,00700,全域,001,男,T01,総数,000,国籍総数,10000,群馬県,1980000000,1980年,人
5954,00700,全域,001,男,T01,総数,000,国籍総数,11000,埼玉県,1980000000,1980年,人
6025,00700,全域,001,男,T01,総数,000,国籍総数,12000,千葉県,1980000000,1980年,人
47611,00700,全域,001,男,T01,総数,000,国籍総数,13000,東京都,1980000000,1980年,人
18309,00700,全域,001,男,T01,総数,000,国籍総数,14000,神奈川県,1980000000,1980年,人
1509,00700,全域,001,男,T01,総数,000,国籍総数,15000,新潟県,1980000000,1980年,人
960,00700,全域,001,男,T01,総数,000,国籍総数,16000,富山県,1980000000,1980年,人
1592,00700,全域,001,男,T01,総数,000,国籍総数,17000,石川県,1980000000,1980年,人
2495,00700,全域,001,男,T01,総数,000,国籍総数,18000,福井県,1980000000,1980年,人
874,00700,全域,001,男,T01,総数,000,国籍総数,19000,山梨県,1980000000,1980年,人
2661,00700,全域,001,男,T01,総数,000,国籍総数,20000,長野県,1980000000,1980年,人
5245,00700,全域,001,男,T01,総数,000,国籍総数,21000,岐阜県,1980000000,1980年,人
4188,00700,全域,001,男,T01,総数,000,国籍総数,22000,静岡県,1980000000,1980年,人
26605,00700,全域,001,男,T01,総数,000,国籍総数,23000,愛知県,1980000000,1980年,人
4010,00700,全域,001,男,T01,総数,000,国籍総数,24000,三重県,1980000000,1980年,人
3751,00700,全域,001,男,T01,総数,000,国籍総数,25000,滋賀県,1980000000,1980年,人
22169,00700,全域,001,男,T01,総数,000,国籍総数,26000,京都府,1980000000,1980年,人
85005,00700,全域,001,男,T01,総数,000,国籍総数,27000,大阪府,1980000000,1980年,人
37552,00700,全域,001,男,T01,総数,000,国籍総数,28000,兵庫県,1980000000,1980年,人
2982,00700,全域,001,男,T01,総数,000,国籍総数,29000,奈良県,1980000000,1980年,人
2335,00700,全域,001,男,T01,総数,000,国籍総数,30000,和歌山県,1980000000,1980年,人
878,00700,全域,001,男,T01,総数,000,国籍総数,31000,鳥取県,1980000000,1980年,人
803,00700,全域,001,男,T01,総数,000,国籍総数,32000,島根県,1980000000,1980年,人
4031,00700,全域,001,男,T01,総数,000,国籍総数,33000,岡山県,1980000000,1980年,人
7871,00700,全域,001,男,T01,総数,000,国籍総数,34000,広島県,1980000000,1980年,人
6972,00700,全域,001,男,T01,総数,000,国籍総数,35000,山口県,1980000000,1980年,人
312,00700,全域,001,男,T01,総数,000,国籍総数,36000,徳島県,1980000000,1980年,人
588,00700,全域,001,男,T01,総数,000,国籍総数,37000,香川県,1980000000,1980年,人
1108,00700,全域,001,男,T01,総数,000,国籍総数,38000,愛媛県,1980000000,1980年,人
517,00700,全域,001,男,T01,総数,000,国籍総数,39000,高知県,1980000000,1980年,人
13243,00700,全域,001,男,T01,総数,000,国籍総数,40000,福岡県,1980000000,1980年,人
794,00700,全域,001,男,T01,総数,000,国籍総数,41000,佐賀県,1980000000,1980年,人
1782,00700,全域,001,男,T01,総数,000,国籍総数,42000,長崎県,1980000000,1980年,人
1117,00700,全域,001,男,T01,総数,000,国籍総数,43000,熊本県,1980000000,1980年,人
1689,00700,全域,001,男,T01,総数,000,国籍総数,44000,大分県,1980000000,1980年,人
607,00700,全域,001,男,T01,総数,000,国籍総数,45000,宮崎県,1980000000,1980年,人
676,00700,全域,001,男,T01,総数,000,国籍総数,46000,鹿児島県,1980000000,1980年,人
2447,00700,全域,001,男,T01,総数,000,国籍総数,47000,沖縄県,1980000000,1980年,人
285543,00700,全域,001,男,T01,総数,001,韓国・朝鮮,00000,全国,1980000000,1980年,人
262473,00700,全域,001,男,T01,総数,001,韓国・朝鮮,00001,全国市部,1980000000,1980年,人
23070,00700,全域,001,男,T01,総数,001,韓国・朝鮮,00002,全国郡部,1980000000,1980年,人
3180,00700,全域,001,男,T01,総数,001,韓国・朝鮮,01000,北海道,1980000000,1980年,人
844,00700,全域,001,男,T01,総数,001,韓国・朝鮮,02000,青森県,1980000000,1980年,人
722,00700,全域,001,男,T01,総数,001,韓国・朝鮮,03000,岩手県,1980000000,1980年,人
1618,00700,全域,001,男,T01,総数,001,韓国・朝鮮,04000,宮城県,1980000000,1980年,人
490,00700,全域,001,男,T01,総数,001,韓国・朝鮮,05000,秋田県,1980000000,1980年,人
331,00700,全域,001,男,T01,総数,001,韓国・朝鮮,06000,山形県,1980000000,1980年,人
1026,00700,全域,001,男,T01,総数,001,韓国・朝鮮,07000,福島県,1980000000,1980年,人
1788,00700,全域,001,男,T01,総数,001,韓国・朝鮮,08000,茨城県,1980000000,1980年,人
1052,00700,全域,001,男,T01,総数,001,韓国・朝鮮,09000,栃木県,1980000000,1980年,人
1355,00700,全域,001,男,T01,総数,001,韓国・朝鮮,10000,群馬県,1980000000,1980年,人
4696,00700,全域,001,男,T01,総数,001,韓国・朝鮮,11000,埼玉県,1980000000,1980年,人
4645,00700,全域,001,男,T01,総数,001,韓国・朝鮮,12000,千葉県,1980000000,1980年,人
30354,00700,全域,001,男,T01,総数,001,韓国・朝鮮,13000,東京都,1980000000,1980年,人
12362,00700,全域,001,男,T01,総数,001,韓国・朝鮮,14000,神奈川県,1980000000,1980年,人
1225,00700,全域,001,男,T01,総数,001,韓国・朝鮮,15000,新潟県,1980000000,1980年,人
856,00700,全域,001,男,T01,総数,001,韓国・朝鮮,16000,富山県,1980000000,1980年,人
1459,00700,全域,001,男,T01,総数,001,韓国・朝鮮,17000,石川県,1980000000,1980年,人
2355,00700,全域,001,男,T01,総数,001,韓国・朝鮮,18000,福井県,1980000000,1980年,人
693,00700,全域,001,男,T01,総数,001,韓国・朝鮮,19000,山梨県,1980000000,1980年,人
2223,00700,全域,001,男,T01,総数,001,韓国・朝鮮,20000,長野県,1980000000,1980年,人
4997,00700,全域,001,男,T01,総数,001,韓国・朝鮮,21000,岐阜県,1980000000,1980年,人
3430,00700,全域,001,男,T01,総数,001,韓国・朝鮮,22000,静岡県,1980000000,1980年,人
24785,00700,全域,001,男,T01,総数,001,韓国・朝鮮,23000,愛知県,1980000000,1980年,人
3721,00700,全域,001,男,T01,総数,001,韓国・朝鮮,24000,三重県,1980000000,1980年,人
3463,00700,全域,001,男,T01,総数,001,韓国・朝鮮,25000,滋賀県,1980000000,1980年,人
20654,00700,全域,001,男,T01,総数,001,韓国・朝鮮,26000,京都府,1980000000,1980年,人
79635,00700,全域,001,男,T01,総数,001,韓国・朝鮮,27000,大阪府,1980000000,1980年,人
30583,00700,全域,001,男,T01,総数,001,韓国・朝鮮,28000,兵庫県,1980000000,1980年,人
2549,00700,全域,001,男,T01,総数,001,韓国・朝鮮,29000,奈良県,1980000000,1980年,人
2000,00700,全域,001,男,T01,総数,001,韓国・朝鮮,30000,和歌山県,1980000000,1980年,人
765,00700,全域,001,男,T01,総数,001,韓国・朝鮮,31000,鳥取県,1980000000,1980年,人
658,00700,全域,001,男,T01,総数,001,韓国・朝鮮,32000,島根県,1980000000,1980年,人
3680,00700,全域,001,男,T01,総数,001,韓国・朝鮮,33000,岡山県,1980000000,1980年,人
6860,00700,全域,001,男,T01,総数,001,韓国・朝鮮,34000,広島県,1980000000,1980年,人
6528,00700,全域,001,男,T01,総数,001,韓国・朝鮮,35000,山口県,1980000000,1980年,人
175,00700,全域,001,男,T01,総数,001,韓国・朝鮮,36000,徳島県,1980000000,1980年,人
421,00700,全域,001,男,T01,総数,001,韓国・朝鮮,37000,香川県,1980000000,1980年,人
831,00700,全域,001,男,T01,総数,001,韓国・朝鮮,38000,愛媛県,1980000000,1980年,人
381,00700,全域,001,男,T01,総数,001,韓国・朝鮮,39000,高知県,1980000000,1980年,人
11717,00700,全域,001,男,T01,総数,001,韓国・朝鮮,40000,福岡県,1980000000,1980年,人
653,00700,全域,001,男,T01,総数,001,韓国・朝鮮,41000,佐賀県,1980000000,1980年,人
1102,00700,全域,001,男,T01,総数,001,韓国・朝鮮,42000,長崎県,1980000000,1980年,人
674,00700,全域,001,男,T01,総数,001,韓国・朝鮮,43000,熊本県,1980000000,1980年,人
1334,00700,全域,001,男,T01,総数,001,韓国・朝鮮,44000,大分県,1980000000,1980年,人
376,00700,全域,001,男,T01,総数,001,韓国・朝鮮,45000,宮崎県,1980000000,1980年,人
208,00700,全域,001,男,T01,総数,001,韓国・朝鮮,46000,鹿児島県,1980000000,1980年,人
89,00700,全域,001,男,T01,総数,001,韓国・朝鮮,47000,沖縄県,1980000000,1980年,人
22977,00700,全域,001,男,T01,総数,002,中国,00000,全国,1980000000,1980年,人
21558,00700,全域,001,男,T01,総数,002,中国,00001,全国市部,1980000000,1980年,人
1419,00700,全域,001,男,T01,総数,002,中国,00002,全国郡部,1980000000,1980年,人
437,00700,全域,001,男,T01,総数,002,中国,01000,北海道,1980000000,1980年,人
55,00700,全域,001,男,T01,総数,002,中国,02000,青森県,1980000000,1980年,人
100,00700,全域,001,男,T01,総数,002,中国,03000,岩手県,1980000000,1980年,人
204,00700,全域,001,男,T01,総数,002,中国,04000,宮城県,1980000000,1980年,人
33,00700,全域,001,男,T01,総数,002,中国,05000,秋田県,1980000000,1980年,人
75,00700,全域,001,男,T01,総数,002,中国,06000,山形県,1980000000,1980年,人
147,00700,全域,001,男,T01,総数,002,中国,07000,福島県,1980000000,1980年,人
141,00700,全域,001,男,T01,総数,002,中国,08000,茨城県,1980000000,1980年,人
63,00700,全域,001,男,T01,総数,002,中国,09000,栃木県,1980000000,1980年,人
133,00700,全域,001,男,T01,総数,002,中国,10000,群馬県,1980000000,1980年,人
438,00700,全域,001,男,T01,総数,002,中国,11000,埼玉県,1980000000,1980年,人
576,00700,全域,001,男,T01,総数,002,中国,12000,千葉県,1980000000,1980年,人
5874,00700,全域,001,男,T01,総数,002,中国,13000,東京都,1980000000,1980年,人
2685,00700,全域,001,男,T01,総数,002,中国,14000,神奈川県,1980000000,1980年,人
110,00700,全域,001,男,T01,総数,002,中国,15000,新潟県,1980000000,1980年,人
17,00700,全域,001,男,T01,総数,002,中国,16000,富山県,1980000000,1980年,人
37,00700,全域,001,男,T01,総数,002,中国,17000,石川県,1980000000,1980年,人
32,00700,全域,001,男,T01,総数,002,中国,18000,福井県,1980000000,1980年,人
74,00700,全域,001,男,T01,総数,002,中国,19000,山梨県,1980000000,1980年,人
169,00700,全域,001,男,T01,総数,002,中国,20000,長野県,1980000000,1980年,人
100,00700,全域,001,男,T01,総数,002,中国,21000,岐阜県,1980000000,1980年,人
218,00700,全域,001,男,T01,総数,002,中国,22000,静岡県,1980000000,1980年,人
489,00700,全域,001,男,T01,総数,002,中国,23000,愛知県,1980000000,1980年,人
80,00700,全域,001,男,T01,総数,002,中国,24000,三重県,1980000000,1980年,人
67,00700,全域,001,男,T01,総数,002,中国,25000,滋賀県,1980000000,1980年,人
479,00700,全域,001,男,T01,総数,002,中国,26000,京都府,1980000000,1980年,人
2828,00700,全域,001,男,T01,総数,002,中国,27000,大阪府,1980000000,1980年,人
4072,00700,全域,001,男,T01,総数,002,中国,28000,兵庫県,1980000000,1980年,人
114,00700,全域,001,男,T01,総数,002,中国,29000,奈良県,1980000000,1980年,人
147,00700,全域,001,男,T01,総数,002,中国,30000,和歌山県,1980000000,1980年,人
25,00700,全域,001,男,T01,総数,002,中国,31000,鳥取県,1980000000,1980年,人
101,00700,全域,001,男,T01,総数,002,中国,32000,島根県,1980000000,1980年,人
132,00700,全域,001,男,T01,総数,002,中国,33000,岡山県,1980000000,1980年,人
273,00700,全域,001,男,T01,総数,002,中国,34000,広島県,1980000000,1980年,人
110,00700,全域,001,男,T01,総数,002,中国,35000,山口県,1980000000,1980年,人
52,00700,全域,001,男,T01,総数,002,中国,36000,徳島県,1980000000,1980年,人
54,00700,全域,001,男,T01,総数,002,中国,37000,香川県,1980000000,1980年,人
55,00700,全域,001,男,T01,総数,002,中国,38000,愛媛県,1980000000,1980年,人
43,00700,全域,001,男,T01,総数,002,中国,39000,高知県,1980000000,1980年,人
610,00700,全域,001,男,T01,総数,002,中国,40000,福岡県,1980000000,1980年,人
71,00700,全域,001,男,T01,総数,002,中国,41000,佐賀県,1980000000,1980年,人
349,00700,全域,001,男,T01,総数,002,中国,42000,長崎県,1980000000,1980年,人
216,00700,全域,001,男,T01,総数,002,中国,43000,熊本県,1980000000,1980年,人
170,00700,全域,001,男,T01,総数,002,中国,44000,大分県,1980000000,1980年,人
62,00700,全域,001,男,T01,総数,002,中国,45000,宮崎県,1980000000,1980年,人
241,00700,全域,001,男,T01,総数,002,中国,46000,鹿児島県,1980000000,1980年,人
419,00700,全域,001,男,T01,総数,002,中国,47000,沖縄県,1980000000,1980年,人
10237,00700,全域,001,男,T01,総数,003,アメリカ,00000,全国,1980000000,1980年,人
9385,00700,全域,001,男,T01,総数,003,アメリカ,00001,全国市部,1980000000,1980年,人
852,00700,全域,001,男,T01,総数,003,アメリカ,00002,全国郡部,1980000000,1980年,人
233,00700,全域,001,男,T01,総数,003,アメリカ,01000,北海道,1980000000,1980年,人
44,00700,全域,001,男,T01,総数,003,アメリカ,02000,青森県,1980000000,1980年,人
39,00700,全域,001,男,T01,総数,003,アメリカ,03000,岩手県,1980000000,1980年,人
93,00700,全域,001,男,T01,総数,003,アメリカ,04000,宮城県,1980000000,1980年,人
16,00700,全域,001,男,T01,総数,003,アメリカ,05000,秋田県,1980000000,1980年,人
36,00700,全域,001,男,T01,総数,003,アメリカ,06000,山形県,1980000000,1980年,人
56,00700,全域,001,男,T01,総数,003,アメリカ,07000,福島県,1980000000,1980年,人
89,00700,全域,001,男,T01,総数,003,アメリカ,08000,茨城県,1980000000,1980年,人
60,00700,全域,001,男,T01,総数,003,アメリカ,09000,栃木県,1980000000,1980年,人
44,00700,全域,001,男,T01,総数,003,アメリカ,10000,群馬県,1980000000,1980年,人
231,00700,全域,001,男,T01,総数,003,アメリカ,11000,埼玉県,1980000000,1980年,人
171,00700,全域,001,男,T01,総数,003,アメリカ,12000,千葉県,1980000000,1980年,人
3673,00700,全域,001,男,T01,総数,003,アメリカ,13000,東京都,1980000000,1980年,人
1245,00700,全域,001,男,T01,総数,003,アメリカ,14000,神奈川県,1980000000,1980年,人
28,00700,全域,001,男,T01,総数,003,アメリカ,15000,新潟県,1980000000,1980年,人
19,00700,全域,001,男,T01,総数,003,アメリカ,16000,富山県,1980000000,1980年,人
18,00700,全域,001,男,T01,総数,003,アメリカ,17000,石川県,1980000000,1980年,人
20,00700,全域,001,男,T01,総数,003,アメリカ,18000,福井県,1980000000,1980年,人
34,00700,全域,001,男,T01,総数,003,アメリカ,19000,山梨県,1980000000,1980年,人
59,00700,全域,001,男,T01,総数,003,アメリカ,20000,長野県,1980000000,1980年,人
34,00700,全域,001,男,T01,総数,003,アメリカ,21000,岐阜県,1980000000,1980年,人
107,00700,全域,001,男,T01,総数,003,アメリカ,22000,静岡県,1980000000,1980年,人
403,00700,全域,001,男,T01,総数,003,アメリカ,23000,愛知県,1980000000,1980年,人
51,00700,全域,001,男,T01,総数,003,アメリカ,24000,三重県,1980000000,1980年,人
30,00700,全域,001,男,T01,総数,003,アメリカ,25000,滋賀県,1980000000,1980年,人
289,00700,全域,001,男,T01,総数,003,アメリカ,26000,京都府,1980000000,1980年,人
343,00700,全域,001,男,T01,総数,003,アメリカ,27000,大阪府,1980000000,1980年,人
511,00700,全域,001,男,T01,総数,003,アメリカ,28000,兵庫県,1980000000,1980年,人
79,00700,全域,001,男,T01,総数,003,アメリカ,29000,奈良県,1980000000,1980年,人
69,00700,全域,001,男,T01,総数,003,アメリカ,30000,和歌山県,1980000000,1980年,人
24,00700,全域,001,男,T01,総数,003,アメリカ,31000,鳥取県,1980000000,1980年,人
6,00700,全域,001,男,T01,総数,003,アメリカ,32000,島根県,1980000000,1980年,人
49,00700,全域,001,男,T01,総数,003,アメリカ,33000,岡山県,1980000000,1980年,人
187,00700,全域,001,男,T01,総数,003,アメリカ,34000,広島県,1980000000,1980年,人
118,00700,全域,001,男,T01,総数,003,アメリカ,35000,山口県,1980000000,1980年,人
17,00700,全域,001,男,T01,総数,003,アメリカ,36000,徳島県,1980000000,1980年,人
23,00700,全域,001,男,T01,総数,003,アメリカ,37000,香川県,1980000000,1980年,人
48,00700,全域,001,男,T01,総数,003,アメリカ,38000,愛媛県,1980000000,1980年,人
21,00700,全域,001,男,T01,総数,003,アメリカ,39000,高知県,1980000000,1980年,人
233,00700,全域,001,男,T01,総数,003,アメリカ,40000,福岡県,1980000000,1980年,人
20,00700,全域,001,男,T01,総数,003,アメリカ,41000,佐賀県,1980000000,1980年,人
105,00700,全域,001,男,T01,総数,003,アメリカ,42000,長崎県,1980000000,1980年,人
42,00700,全域,001,男,T01,総数,003,アメリカ,43000,熊本県,1980000000,1980年,人
35,00700,全域,001,男,T01,総数,003,アメリカ,44000,大分県,1980000000,1980年,人
36,00700,全域,001,男,T01,総数,003,アメリカ,45000,宮崎県,1980000000,1980年,人
70,00700,全域,001,男,T01,総数,003,アメリカ,46000,鹿児島県,1980000000,1980年,人
1079,00700,全域,001,男,T01,総数,003,アメリカ,47000,沖縄県,1980000000,1980年,人
15763,00700,全域,001,男,T01,総数,004,その他,00000,全国,1980000000,1980年,人
14105,00700,全域,001,男,T01,総数,004,その他,00001,全国市部,1980000000,1980年,人
1658,00700,全域,001,男,T01,総数,004,その他,00002,全国郡部,1980000000,1980年,人
241,00700,全域,001,男,T01,総数,004,その他,01000,北海道,1980000000,1980年,人
25,00700,全域,001,男,T01,総数,004,その他,02000,青森県,1980000000,1980年,人
47,00700,全域,001,男,T01,総数,004,その他,03000,岩手県,1980000000,1980年,人
126,00700,全域,001,男,T01,総数,004,その他,04000,宮城県,1980000000,1980年,人
32,00700,全域,001,男,T01,総数,004,その他,05000,秋田県,1980000000,1980年,人
22,00700,全域,001,男,T01,総数,004,その他,06000,山形県,1980000000,1980年,人
56,00700,全域,001,男,T01,総数,004,その他,07000,福島県,1980000000,1980年,人
263,00700,全域,001,男,T01,総数,004,その他,08000,茨城県,1980000000,1980年,人
89,00700,全域,001,男,T01,総数,004,その他,09000,栃木県,1980000000,1980年,人
108,00700,全域,001,男,T01,総数,004,その他,10000,群馬県,1980000000,1980年,人
346,00700,全域,001,男,T01,総数,004,その他,11000,埼玉県,1980000000,1980年,人
408,00700,全域,001,男,T01,総数,004,その他,12000,千葉県,1980000000,1980年,人
5752,00700,全域,001,男,T01,総数,004,その他,13000,東京都,1980000000,1980年,人
1471,00700,全域,001,男,T01,総数,004,その他,14000,神奈川県,1980000000,1980年,人
81,00700,全域,001,男,T01,総数,004,その他,15000,新潟県,1980000000,1980年,人
35,00700,全域,001,男,T01,総数,004,その他,16000,富山県,1980000000,1980年,人
42,00700,全域,001,男,T01,総数,004,その他,17000,石川県,1980000000,1980年,人
36,00700,全域,001,男,T01,総数,004,その他,18000,福井県,1980000000,1980年,人
45,00700,全域,001,男,T01,総数,004,その他,19000,山梨県,1980000000,1980年,人
105,00700,全域,001,男,T01,総数,004,その他,20000,長野県,1980000000,1980年,人
44,00700,全域,001,男,T01,総数,004,その他,21000,岐阜県,1980000000,1980年,人
282,00700,全域,001,男,T01,総数,004,その他,22000,静岡県,1980000000,1980年,人
543,00700,全域,001,男,T01,総数,004,その他,23000,愛知県,1980000000,1980年,人
38,00700,全域,001,男,T01,総数,004,その他,24000,三重県,1980000000,1980年,人
87,00700,全域,001,男,T01,総数,004,その他,25000,滋賀県,1980000000,1980年,人
345,00700,全域,001,男,T01,総数,004,その他,26000,京都府,1980000000,1980年,人
763,00700,全域,001,男,T01,総数,004,その他,27000,大阪府,1980000000,1980年,人
1685,00700,全域,001,男,T01,総数,004,その他,28000,兵庫県,1980000000,1980年,人
126,00700,全域,001,男,T01,総数,004,その他,29000,奈良県,1980000000,1980年,人
53,00700,全域,001,男,T01,総数,004,その他,30000,和歌山県,1980000000,1980年,人
31,00700,全域,001,男,T01,総数,004,その他,31000,鳥取県,1980000000,1980年,人
12,00700,全域,001,男,T01,総数,004,その他,32000,島根県,1980000000,1980年,人
105,00700,全域,001,男,T01,総数,004,その他,33000,岡山県,1980000000,1980年,人
364,00700,全域,001,男,T01,総数,004,その他,34000,広島県,1980000000,1980年,人
95,00700,全域,001,男,T01,総数,004,その他,35000,山口県,1980000000,1980年,人
37,00700,全域,001,男,T01,総数,004,その他,36000,徳島県,1980000000,1980年,人
47,00700,全域,001,男,T01,総数,004,その他,37000,香川県,1980000000,1980年,人
96,00700,全域,001,男,T01,総数,004,その他,38000,愛媛県,1980000000,1980年,人
36,00700,全域,001,男,T01,総数,004,その他,39000,高知県,1980000000,1980年,人
316,00700,全域,001,男,T01,総数,004,その他,40000,福岡県,1980000000,1980年,人
29,00700,全域,001,男,T01,総数,004,その他,41000,佐賀県,1980000000,1980年,人
164,00700,全域,001,男,T01,総数,004,その他,42000,長崎県,1980000000,1980年,人
117,00700,全域,001,男,T01,総数,004,その他,43000,熊本県,1980000000,1980年,人
98,00700,全域,001,男,T01,総数,004,その他,44000,大分県,1980000000,1980年,人
89,00700,全域,001,男,T01,総数,004,その他,45000,宮崎県,1980000000,1980年,人
83,00700,全域,001,男,T01,総数,004,その他,46000,鹿児島県,1980000000,1980年,人
748,00700,全域,001,男,T01,総数,004,その他,47000,沖縄県,1980000000,1980年,人
29262,00700,全域,001,男,200,0～4歳,000,国籍総数,00000,全国,1980000000,1980年,人
26883,00700,全域,001,男,200,0～4歳,000,国籍総数,00001,全国市部,1980000000,1980年,人
2379,00700,全域,001,男,200,0～4歳,000,国籍総数,00002,全国郡部,1980000000,1980年,人
312,00700,全域,001,男,200,0～4歳,000,国籍総数,01000,北海道,1980000000,1980年,人
95,00700,全域,001,男,200,0～4歳,000,国籍総数,02000,青森県,1980000000,1980年,人
78,00700,全域,001,男,200,0～4歳,000,国籍総数,03000,岩手県,1980000000,1980年,人
186,00700,全域,001,男,200,0～4歳,000,国籍総数,04000,宮城県,1980000000,1980年,人
49,00700,全域,001,男,200,0～4歳,000,国籍総数,05000,秋田県,1980000000,1980年,人
27,00700,全域,001,男,200,0～4歳,000,国籍総数,06000,山形県,1980000000,1980年,人
147,00700,全域,001,男,200,0～4歳,000,国籍総数,07000,福島県,1980000000,1980年,人
209,00700,全域,001,男,200,0～4歳,000,国籍総数,08000,茨城県,1980000000,1980年,人
102,00700,全域,001,男,200,0～4歳,000,国籍総数,09000,栃木県,1980000000,1980年,人
155,00700,全域,001,男,200,0～4歳,000,国籍総数,10000,群馬県,1980000000,1980年,人
515,00700,全域,001,男,200,0～4歳,000,国籍総数,11000,埼玉県,1980000000,1980年,人
555,00700,全域,001,男,200,0～4歳,000,国籍総数,12000,千葉県,1980000000,1980年,人
3433,00700,全域,001,男,200,0～4歳,000,国籍総数,13000,東京都,1980000000,1980年,人
1346,00700,全域,001,男,200,0～4歳,000,国籍総数,14000,神奈川県,1980000000,1980年,人
138,00700,全域,001,男,200,0～4歳,000,国籍総数,15000,新潟県,1980000000,1980年,人
90,00700,全域,001,男,200,0～4歳,000,国籍総数,16000,富山県,1980000000,1980年,人
168,00700,全域,001,男,200,0～4歳,000,国籍総数,17000,石川県,1980000000,1980年,人
196,00700,全域,001,男,200,0～4歳,000,国籍総数,18000,福井県,1980000000,1980年,人
80,00700,全域,001,男,200,0～4歳,000,国籍総数,19000,山梨県,1980000000,1980年,人
222,00700,全域,001,男,200,0～4歳,000,国籍総数,20000,長野県,1980000000,1980年,人
459,00700,全域,001,男,200,0～4歳,000,国籍総数,21000,岐阜県,1980000000,1980年,人
357,00700,全域,001,男,200,0～4歳,000,国籍総数,22000,静岡県,1980000000,1980年,人
2182,00700,全域,001,男,200,0～4歳,000,国籍総数,23000,愛知県,1980000000,1980年,人
373,00700,全域,001,男,200,0～4歳,000,国籍総数,24000,三重県,1980000000,1980年,人
339,00700,全域,001,男,200,0～4歳,000,国籍総数,25000,滋賀県,1980000000,1980年,人
1998,00700,全域,001,男,200,0～4歳,000,国籍総数,26000,京都府,1980000000,1980年,人
7402,00700,全域,001,男,200,0～4歳,000,国籍総数,27000,大阪府,1980000000,1980年,人
3484,00700,全域,001,男,200,0～4歳,000,国籍総数,28000,兵庫県,1980000000,1980年,人
242,00700,全域,001,男,200,0～4歳,000,国籍総数,29000,奈良県,1980000000,1980年,人
231,00700,全域,001,男,200,0～4歳,000,国籍総数,30000,和歌山県,1980000000,1980年,人
96,00700,全域,001,男,200,0～4歳,000,国籍総数,31000,鳥取県,1980000000,1980年,人
76,00700,全域,001,男,200,0～4歳,000,国籍総数,32000,島根県,1980000000,1980年,人
370,00700,全域,001,男,200,0～4歳,000,国籍総数,33000,岡山県,1980000000,1980年,人
706,00700,全域,001,男,200,0～4歳,000,国籍総数,34000,広島県,1980000000,1980年,人
638,00700,全域,001,男,200,0～4歳,000,国籍総数,35000,山口県,1980000000,1980年,人
29,00700,全域,001,男,200,0～4歳,000,国籍総数,36000,徳島県,1980000000,1980年,人
58,00700,全域,001,男,200,0～4歳,000,国籍総数,37000,香川県,1980000000,1980年,人
95,00700,全域,001,男,200,0～4歳,000,国籍総数,38000,愛媛県,1980000000,1980年,人
41,00700,全域,001,男,200,0～4歳,000,国籍総数,39000,高知県,1980000000,1980年,人
1260,00700,全域,001,男,200,0～4歳,000,国籍総数,40000,福岡県,1980000000,1980年,人
73,00700,全域,001,男,200,0～4歳,000,国籍総数,41000,佐賀県,1980000000,1980年,人
127,00700,全域,001,男,200,0～4歳,000,国籍総数,42000,長崎県,1980000000,1980年,人
87,00700,全域,001,男,200,0～4歳,000,国籍総数,43000,熊本県,1980000000,1980年,人
152,00700,全域,001,男,200,0～4歳,000,国籍総数,44000,大分県,1980000000,1980年,人
48,00700,全域,001,男,200,0～4歳,000,国籍総数,45000,宮崎県,1980000000,1980年,人
41,00700,全域,001,男,200,0～4歳,000,国籍総数,46000,鹿児島県,1980000000,1980年,人
195,00700,全域,001,男,200,0～4歳,000,国籍総数,47000,沖縄県,1980000000,1980年,人
24924,00700,全域,001,男,200,0～4歳,001,韓国・朝鮮,00000,全国,1980000000,1980年,人
22933,00700,全域,001,男,200,0～4歳,001,韓国・朝鮮,00001,全国市部,1980000000,1980年,人
1991,00700,全域,001,男,200,0～4歳,001,韓国・朝鮮,00002,全国郡部,1980000000,1980年,人
210,00700,全域,001,男,200,0～4歳,001,韓国・朝鮮,01000,北海道,1980000000,1980年,人
74,00700,全域,001,男,200,0～4歳,001,韓国・朝鮮,02000,青森県,1980000000,1980年,人
54,00700,全域,001,男,200,0～4歳,001,韓国・朝鮮,03000,岩手県,1980000000,1980年,人
148,00700,全域,001,男,200,0～4歳,001,韓国・朝鮮,04000,宮城県,1980000000,1980年,人
38,00700,全域,001,男,200,0～4歳,001,韓国・朝鮮,05000,秋田県,1980000000,1980年,人
16,00700,全域,001,男,200,0～4歳,001,韓国・朝鮮,06000,山形県,1980000000,1980年,人
112,00700,全域,001,男,200,0～4歳,001,韓国・朝鮮,07000,福島県,1980000000,1980年,人
169,00700,全域,001,男,200,0～4歳,001,韓国・朝鮮,08000,茨城県,1980000000,1980年,人
78,00700,全域,001,男,200,0～4歳,001,韓国・朝鮮,09000,栃木県,1980000000,1980年,人
129,00700,全域,001,男,200,0～4歳,001,韓国・朝鮮,10000,群馬県,1980000000,1980年,人
405,00700,全域,001,男,200,0～4歳,001,韓国・朝鮮,11000,埼玉県,1980000000,1980年,人
434,00700,全域,001,男,200,0～4歳,001,韓国・朝鮮,12000,千葉県,1980000000,1980年,人
2297,00700,全域,001,男,200,0～4歳,001,韓国・朝鮮,13000,東京都,1980000000,1980年,人
974,00700,全域,001,男,200,0～4歳,001,韓国・朝鮮,14000,神奈川県,1980000000,1980年,人
119,00700,全域,001,男,200,0～4歳,001,韓国・朝鮮,15000,新潟県,1980000000,1980年,人
81,00700,全域,001,男,200,0～4歳,001,韓国・朝鮮,16000,富山県,1980000000,1980年,人
152,00700,全域,001,男,200,0～4歳,001,韓国・朝鮮,17000,石川県,1980000000,1980年,人
186,00700,全域,001,男,200,0～4歳,001,韓国・朝鮮,18000,福井県,1980000000,1980年,人
65,00700,全域,001,男,200,0～4歳,001,韓国・朝鮮,19000,山梨県,1980000000,1980年,人
194,00700,全域,001,男,200,0～4歳,001,韓国・朝鮮,20000,長野県,1980000000,1980年,人
436,00700,全域,001,男,200,0～4歳,001,韓国・朝鮮,21000,岐阜県,1980000000,1980年,人
299,00700,全域,001,男,200,0～4歳,001,韓国・朝鮮,22000,静岡県,1980000000,1980年,人
2057,00700,全域,001,男,200,0～4歳,001,韓国・朝鮮,23000,愛知県,1980000000,1980年,人
348,00700,全域,001,男,200,0～4歳,001,韓国・朝鮮,24000,三重県,1980000000,1980年,人
314,00700,全域,001,男,200,0～4歳,001,韓国・朝鮮,25000,滋賀県,1980000000,1980年,人
1877,00700,全域,001,男,200,0～4歳,001,韓国・朝鮮,26000,京都府,1980000000,1980年,人
6934,00700,全域,001,男,200,0～4歳,001,韓国・朝鮮,27000,大阪府,1980000000,1980年,人
2914,00700,全域,001,男,200,0～4歳,001,韓国・朝鮮,28000,兵庫県,1980000000,1980年,人
207,00700,全域,001,男,200,0～4歳,001,韓国・朝鮮,29000,奈良県,1980000000,1980年,人
206,00700,全域,001,男,200,0～4歳,001,韓国・朝鮮,30000,和歌山県,1980000000,1980年,人
89,00700,全域,001,男,200,0～4歳,001,韓国・朝鮮,31000,鳥取県,1980000000,1980年,人
61,00700,全域,001,男,200,0～4歳,001,韓国・朝鮮,32000,島根県,1980000000,1980年,人
344,00700,全域,001,男,200,0～4歳,001,韓国・朝鮮,33000,岡山県,1980000000,1980年,人
631,00700,全域,001,男,200,0～4歳,001,韓国・朝鮮,34000,広島県,1980000000,1980年,人
616,00700,全域,001,男,200,0～4歳,001,韓国・朝鮮,35000,山口県,1980000000,1980年,人
16,00700,全域,001,男,200,0～4歳,001,韓国・朝鮮,36000,徳島県,1980000000,1980年,人
45,00700,全域,001,男,200,0～4歳,001,韓国・朝鮮,37000,香川県,1980000000,1980年,人
79,00700,全域,001,男,200,0～4歳,001,韓国・朝鮮,38000,愛媛県,1980000000,1980年,人
36,00700,全域,001,男,200,0～4歳,001,韓国・朝鮮,39000,高知県,1980000000,1980年,人
1136,00700,全域,001,男,200,0～4歳,001,韓国・朝鮮,40000,福岡県,1980000000,1980年,人
60,00700,全域,001,男,200,0～4歳,001,韓国・朝鮮,41000,佐賀県,1980000000,1980年,人
78,00700,全域,001,男,200,0～4歳,001,韓国・朝鮮,42000,長崎県,1980000000,1980年,人
41,00700,全域,001,男,200,0～4歳,001,韓国・朝鮮,43000,熊本県,1980000000,1980年,人
127,00700,全域,001,男,200,0～4歳,001,韓国・朝鮮,44000,大分県,1980000000,1980年,人
23,00700,全域,001,男,200,0～4歳,001,韓国・朝鮮,45000,宮崎県,1980000000,1980年,人
10,00700,全域,001,男,200,0～4歳,001,韓国・朝鮮,46000,鹿児島県,1980000000,1980年,人
5,00700,全域,001,男,200,0～4歳,001,韓国・朝鮮,47000,沖縄県,1980000000,1980年,人
1441,00700,全域,001,男,200,0～4歳,002,中国,00000,全国,1980000000,1980年,人
1354,00700,全域,001,男,200,0～4歳,002,中国,00001,全国市部,1980000000,1980年,人
87,00700,全域,001,男,200,0～4歳,002,中国,00002,全国郡部,1980000000,1980年,人
24,00700,全域,001,男,200,0～4歳,002,中国,01000,北海道,1980000000,1980年,人
3,00700,全域,001,男,200,0～4歳,002,中国,02000,青森県,1980000000,1980年,人
7,00700,全域,001,男,200,0～4歳,002,中国,03000,岩手県,1980000000,1980年,人
12,00700,全域,001,男,200,0～4歳,002,中国,04000,宮城県,1980000000,1980年,人
3,00700,全域,001,男,200,0～4歳,002,中国,05000,秋田県,1980000000,1980年,人
5,00700,全域,001,男,200,0～4歳,002,中国,06000,山形県,1980000000,1980年,人
9,00700,全域,001,男,200,0～4歳,002,中国,07000,福島県,1980000000,1980年,人
10,00700,全域,001,男,200,0～4歳,002,中国,08000,茨城県,1980000000,1980年,人
5,00700,全域,001,男,200,0～4歳,002,中国,09000,栃木県,1980000000,1980年,人
5,00700,全域,001,男,200,0～4歳,002,中国,10000,群馬県,1980000000,1980年,人
29,00700,全域,001,男,200,0～4歳,002,中国,11000,埼玉県,1980000000,1980年,人
43,00700,全域,001,男,200,0～4歳,002,中国,12000,千葉県,1980000000,1980年,人
312,00700,全域,001,男,200,0～4歳,002,中国,13000,東京都,1980000000,1980年,人
131,00700,全域,001,男,200,0～4歳,002,中国,14000,神奈川県,1980000000,1980年,人
5,00700,全域,001,男,200,0～4歳,002,中国,15000,新潟県,1980000000,1980年,人
1,00700,全域,001,男,200,0～4歳,002,中国,16000,富山県,1980000000,1980年,人
6,00700,全域,001,男,200,0～4歳,002,中国,17000,石川県,1980000000,1980年,人
1,00700,全域,001,男,200,0～4歳,002,中国,18000,福井県,1980000000,1980年,人
1,00700,全域,001,男,200,0～4歳,002,中国,19000,山梨県,1980000000,1980年,人
4,00700,全域,001,男,200,0～4歳,002,中国,20000,長野県,1980000000,1980年,人
6,00700,全域,001,男,200,0～4歳,002,中国,21000,岐阜県,1980000000,1980年,人
17,00700,全域,001,男,200,0～4歳,002,中国,22000,静岡県,1980000000,1980年,人
23,00700,全域,001,男,200,0～4歳,002,中国,23000,愛知県,1980000000,1980年,人
3,00700,全域,001,男,200,0～4歳,002,中国,24000,三重県,1980000000,1980年,人
4,00700,全域,001,男,200,0～4歳,002,中国,25000,滋賀県,1980000000,1980年,人
27,00700,全域,001,男,200,0～4歳,002,中国,26000,京都府,1980000000,1980年,人
229,00700,全域,001,男,200,0～4歳,002,中国,27000,大阪府,1980000000,1980年,人
296,00700,全域,001,男,200,0～4歳,002,中国,28000,兵庫県,1980000000,1980年,人
6,00700,全域,001,男,200,0～4歳,002,中国,29000,奈良県,1980000000,1980年,人
8,00700,全域,001,男,200,0～4歳,002,中国,30000,和歌山県,1980000000,1980年,人
2,00700,全域,001,男,200,0～4歳,002,中国,31000,鳥取県,1980000000,1980年,人
7,00700,全域,001,男,200,0～4歳,002,中国,32000,島根県,1980000000,1980年,人
16,00700,全域,001,男,200,0～4歳,002,中国,33000,岡山県,1980000000,1980年,人
19,00700,全域,001,男,200,0～4歳,002,中国,34000,広島県,1980000000,1980年,人
2,00700,全域,001,男,200,0～4歳,002,中国,35000,山口県,1980000000,1980年,人
7,00700,全域,001,男,200,0～4歳,002,中国,36000,徳島県,1980000000,1980年,人
1,00700,全域,001,男,200,0～4歳,002,中国,37000,香川県,1980000000,1980年,人
4,00700,全域,001,男,200,0～4歳,002,中国,38000,愛媛県,1980000000,1980年,人
1,00700,全域,001,男,200,0～4歳,002,中国,39000,高知県,1980000000,1980年,人
37,00700,全域,001,男,200,0～4歳,002,中国,40000,福岡県,1980000000,1980年,人
6,00700,全域,001,男,200,0～4歳,002,中国,41000,佐賀県,1980000000,1980年,人
25,00700,全域,001,男,200,0～4歳,002,中国,42000,長崎県,1980000000,1980年,人
26,00700,全域,001,男,200,0～4歳,002,中国,43000,熊本県,1980000000,1980年,人
11,00700,全域,001,男,200,0～4歳,002,中国,44000,大分県,1980000000,1980年,人
3,00700,全域,001,男,200,0～4歳,002,中国,45000,宮崎県,1980000000,1980年,人
11,00700,全域,001,男,200,0～4歳,002,中国,46000,鹿児島県,1980000000,1980年,人
28,00700,全域,001,男,200,0～4歳,002,中国,47000,沖縄県,1980000000,1980年,人
731,00700,全域,001,男,200,0～4歳,003,アメリカ,00000,全国,1980000000,1980年,人
665,00700,全域,001,男,200,0～4歳,003,アメリカ,00001,全国市部,1980000000,1980年,人
66,00700,全域,001,男,200,0～4歳,003,アメリカ,00002,全国郡部,1980000000,1980年,人
14,00700,全域,001,男,200,0～4歳,003,アメリカ,01000,北海道,1980000000,1980年,人
5,00700,全域,001,男,200,0～4歳,003,アメリカ,02000,青森県,1980000000,1980年,人
4,00700,全域,001,男,200,0～4歳,003,アメリカ,03000,岩手県,1980000000,1980年,人
4,00700,全域,001,男,200,0～4歳,003,アメリカ,04000,宮城県,1980000000,1980年,人
1,00700,全域,001,男,200,0～4歳,003,アメリカ,05000,秋田県,1980000000,1980年,人
1,00700,全域,001,男,200,0～4歳,003,アメリカ,06000,山形県,1980000000,1980年,人
2,00700,全域,001,男,200,0～4歳,003,アメリカ,07000,福島県,1980000000,1980年,人
5,00700,全域,001,男,200,0～4歳,003,アメリカ,08000,茨城県,1980000000,1980年,人
2,00700,全域,001,男,200,0～4歳,003,アメリカ,09000,栃木県,1980000000,1980年,人
2,00700,全域,001,男,200,0～4歳,003,アメリカ,10000,群馬県,1980000000,1980年,人
25,00700,全域,001,男,200,0～4歳,003,アメリカ,11000,埼玉県,1980000000,1980年,人
16,00700,全域,001,男,200,0～4歳,003,アメリカ,12000,千葉県,1980000000,1980年,人
247,00700,全域,001,男,200,0～4歳,003,アメリカ,13000,東京都,1980000000,1980年,人
86,00700,全域,001,男,200,0～4歳,003,アメリカ,14000,神奈川県,1980000000,1980年,人
1,00700,全域,001,男,200,0～4歳,003,アメリカ,15000,新潟県,1980000000,1980年,人
1,00700,全域,001,男,200,0～4歳,003,アメリカ,17000,石川県,1980000000,1980年,人
5,00700,全域,001,男,200,0～4歳,003,アメリカ,19000,山梨県,1980000000,1980年,人
5,00700,全域,001,男,200,0～4歳,003,アメリカ,20000,長野県,1980000000,1980年,人
3,00700,全域,001,男,200,0～4歳,003,アメリカ,21000,岐阜県,1980000000,1980年,人
3,00700,全域,001,男,200,0～4歳,003,アメリカ,22000,静岡県,1980000000,1980年,人
21,00700,全域,001,男,200,0～4歳,003,アメリカ,23000,愛知県,1980000000,1980年,人
3,00700,全域,001,男,200,0～4歳,003,アメリカ,24000,三重県,1980000000,1980年,人
5,00700,全域,001,男,200,0～4歳,003,アメリカ,25000,滋賀県,1980000000,1980年,人
23,00700,全域,001,男,200,0～4歳,003,アメリカ,26000,京都府,1980000000,1980年,人
31,00700,全域,001,男,200,0～4歳,003,アメリカ,27000,大阪府,1980000000,1980年,人
38,00700,全域,001,男,200,0～4歳,003,アメリカ,28000,兵庫県,1980000000,1980年,人
8,00700,全域,001,男,200,0～4歳,003,アメリカ,29000,奈良県,1980000000,1980年,人
4,00700,全域,001,男,200,0～4歳,003,アメリカ,30000,和歌山県,1980000000,1980年,人
1,00700,全域,001,男,200,0～4歳,003,アメリカ,32000,島根県,1980000000,1980年,人
9,00700,全域,001,男,200,0～4歳,003,アメリカ,34000,広島県,1980000000,1980年,人
8,00700,全域,001,男,200,0～4歳,003,アメリカ,35000,山口県,1980000000,1980年,人
1,00700,全域,001,男,200,0～4歳,003,アメリカ,36000,徳島県,1980000000,1980年,人
6,00700,全域,001,男,200,0～4歳,003,アメリカ,37000,香川県,1980000000,1980年,人
2,00700,全域,001,男,200,0～4歳,003,アメリカ,38000,愛媛県,1980000000,1980年,人
2,00700,全域,001,男,200,0～4歳,003,アメリカ,39000,高知県,1980000000,1980年,人
23,00700,全域,001,男,200,0～4歳,003,アメリカ,40000,福岡県,1980000000,1980年,人
1,00700,全域,001,男,200,0～4歳,003,アメリカ,41000,佐賀県,1980000000,1980年,人
5,00700,全域,001,男,200,0～4歳,003,アメリカ,42000,長崎県,1980000000,1980年,人
1,00700,全域,001,男,200,0～4歳,003,アメリカ,43000,熊本県,1980000000,1980年,人
4,00700,全域,001,男,200,0～4歳,003,アメリカ,44000,大分県,1980000000,1980年,人
1,00700,全域,001,男,200,0～4歳,003,アメリカ,45000,宮崎県,1980000000,1980年,人
5,00700,全域,001,男,200,0～4歳,003,アメリカ,46000,鹿児島県,1980000000,1980年,人
97,00700,全域,001,男,200,0～4歳,003,アメリカ,47000,沖縄県,1980000000,1980年,人
1284,00700,全域,001,男,200,0～4歳,004,その他,00000,全国,1980000000,1980年,人
1159,00700,全域,001,男,200,0～4歳,004,その他,00001,全国市部,1980000000,1980年,人
125,00700,全域,001,男,200,0～4歳,004,その他,00002,全国郡部,1980000000,1980年,人
30,00700,全域,001,男,200,0～4歳,004,その他,01000,北海道,1980000000,1980年,人
2,00700,全域,001,男,200,0～4歳,004,その他,02000,青森県,1980000000,1980年,人
5,00700,全域,001,男,200,0～4歳,004,その他,03000,岩手県,1980000000,1980年,人
16,00700,全域,001,男,200,0～4歳,004,その他,04000,宮城県,1980000000,1980年,人
2,00700,全域,001,男,200,0～4歳,004,その他,06000,山形県,1980000000,1980年,人
4,00700,全域,001,男,200,0～4歳,004,その他,07000,福島県,1980000000,1980年,人
15,00700,全域,001,男,200,0～4歳,004,その他,08000,茨城県,1980000000,1980年,人
9,00700,全域,001,男,200,0～4歳,004,その他,09000,栃木県,1980000000,1980年,人
9,00700,全域,001,男,200,0～4歳,004,その他,10000,群馬県,1980000000,1980年,人
24,00700,全域,001,男,200,0～4歳,004,その他,11000,埼玉県,1980000000,1980年,人
42,00700,全域,001,男,200,0～4歳,004,その他,12000,千葉県,1980000000,1980年,人
451,00700,全域,001,男,200,0～4歳,004,その他,13000,東京都,1980000000,1980年,人
107,00700,全域,001,男,200,0～4歳,004,その他,14000,神奈川県,1980000000,1980年,人
7,00700,全域,001,男,200,0～4歳,004,その他,15000,新潟県,1980000000,1980年,人
4,00700,全域,001,男,200,0～4歳,004,その他,16000,富山県,1980000000,1980年,人
1,00700,全域,001,男,200,0～4歳,004,その他,17000,石川県,1980000000,1980年,人
1,00700,全域,001,男,200,0～4歳,004,その他,18000,福井県,1980000000,1980年,人
7,00700,全域,001,男,200,0～4歳,004,その他,19000,山梨県,1980000000,1980年,人
6,00700,全域,001,男,200,0～4歳,004,その他,20000,長野県,1980000000,1980年,人
8,00700,全域,001,男,200,0～4歳,004,その他,21000,岐阜県,1980000000,1980年,人
27,00700,全域,001,男,200,0～4歳,004,その他,22000,静岡県,1980000000,1980年,人
42,00700,全域,001,男,200,0～4歳,004,その他,23000,愛知県,1980000000,1980年,人
2,00700,全域,001,男,200,0～4歳,004,その他,24000,三重県,1980000000,1980年,人
11,00700,全域,001,男,200,0～4歳,004,その他,25000,滋賀県,1980000000,1980年,人
29,00700,全域,001,男,200,0～4歳,004,その他,26000,京都府,1980000000,1980年,人
67,00700,全域,001,男,200,0～4歳,004,その他,27000,大阪府,1980000000,1980年,人
158,00700,全域,001,男,200,0～4歳,004,その他,28000,兵庫県,1980000000,1980年,人
12,00700,全域,001,男,200,0～4歳,004,その他,29000,奈良県,1980000000,1980年,人
5,00700,全域,001,男,200,0～4歳,004,その他,30000,和歌山県,1980000000,1980年,人
2,00700,全域,001,男,200,0～4歳,004,その他,31000,鳥取県,1980000000,1980年,人
3,00700,全域,001,男,200,0～4歳,004,その他,32000,島根県,1980000000,1980年,人
7,00700,全域,001,男,200,0～4歳,004,その他,33000,岡山県,1980000000,1980年,人
28,00700,全域,001,男,200,0～4歳,004,その他,34000,広島県,1980000000,1980年,人
1,00700,全域,001,男,200,0～4歳,004,その他,35000,山口県,1980000000,1980年,人
2,00700,全域,001,男,200,0～4歳,004,その他,36000,徳島県,1980000000,1980年,人
3,00700,全域,001,男,200,0～4歳,004,その他,37000,香川県,1980000000,1980年,人
2,00700,全域,001,男,200,0～4歳,004,その他,38000,愛媛県,1980000000,1980年,人
1,00700,全域,001,男,200,0～4歳,004,その他,39000,高知県,1980000000,1980年,人
26,00700,全域,001,男,200,0～4歳,004,その他,40000,福岡県,1980000000,1980年,人
1,00700,全域,001,男,200,0～4歳,004,その他,41000,佐賀県,1980000000,1980年,人
12,00700,全域,001,男,200,0～4歳,004,その他,42000,長崎県,1980000000,1980年,人
13,00700,全域,001,男,200,0～4歳,004,その他,43000,熊本県,1980000000,1980年,人
3,00700,全域,001,男,200,0～4歳,004,その他,44000,大分県,1980000000,1980年,人
15,00700,全域,001,男,200,0～4歳,004,その他,45000,宮崎県,1980000000,1980年,人
9,00700,全域,001,男,200,0～4歳,004,その他,46000,鹿児島県,1980000000,1980年,人
53,00700,全域,001,男,200,0～4歳,004,その他,47000,沖縄県,1980000000,1980年,人
33260,00700,全域,001,男,201,5～9歳,000,国籍総数,00000,全国,1980000000,1980年,人
30587,00700,全域,001,男,201,5～9歳,000,国籍総数,00001,全国市部,1980000000,1980年,人
2673,00700,全域,001,男,201,5～9歳,000,国籍総数,00002,全国郡部,1980000000,1980年,人
263,00700,全域,001,男,201,5～9歳,000,国籍総数,01000,北海道,1980000000,1980年,人
84,00700,全域,001,男,201,5～9歳,000,国籍総数,02000,青森県,1980000000,1980年,人
74,00700,全域,001,男,201,5～9歳,000,国籍総数,03000,岩手県,1980000000,1980年,人
173,00700,全域,001,男,201,5～9歳,000,国籍総数,04000,宮城県,1980000000,1980年,人
56,00700,全域,001,男,201,5～9歳,000,国籍総数,05000,秋田県,1980000000,1980年,人
27,00700,全域,001,男,201,5～9歳,000,国籍総数,06000,山形県,1980000000,1980年,人
115,00700,全域,001,男,201,5～9歳,000,国籍総数,07000,福島県,1980000000,1980年,人
228,00700,全域,001,男,201,5～9歳,000,国籍総数,08000,茨城県,1980000000,1980年,人
115,00700,全域,001,男,201,5～9歳,000,国籍総数,09000,栃木県,1980000000,1980年,人
164,00700,全域,001,男,201,5～9歳,000,国籍総数,10000,群馬県,1980000000,1980年,人
636,00700,全域,001,男,201,5～9歳,000,国籍総数,11000,埼玉県,1980000000,1980年,人
605,00700,全域,001,男,201,5～9歳,000,国籍総数,12000,千葉県,1980000000,1980年,人
3745,00700,全域,001,男,201,5～9歳,000,国籍総数,13000,東京都,1980000000,1980年,人
1598,00700,全域,001,男,201,5～9歳,000,国籍総数,14000,神奈川県,1980000000,1980年,人
134,00700,全域,001,男,201,5～9歳,000,国籍総数,15000,新潟県,1980000000,1980年,人
84,00700,全域,001,男,201,5～9歳,000,国籍総数,16000,富山県,1980000000,1980年,人
145,00700,全域,001,男,201,5～9歳,000,国籍総数,17000,石川県,1980000000,1980年,人
270,00700,全域,001,男,201,5～9歳,000,国籍総数,18000,福井県,1980000000,1980年,人
81,00700,全域,001,男,201,5～9歳,000,国籍総数,19000,山梨県,1980000000,1980年,人
254,00700,全域,001,男,201,5～9歳,000,国籍総数,20000,長野県,1980000000,1980年,人
498,00700,全域,001,男,201,5～9歳,000,国籍総数,21000,岐阜県,1980000000,1980年,人
366,00700,全域,001,男,201,5～9歳,000,国籍総数,22000,静岡県,1980000000,1980年,人
2788,00700,全域,001,男,201,5～9歳,000,国籍総数,23000,愛知県,1980000000,1980年,人
435,00700,全域,001,男,201,5～9歳,000,国籍総数,24000,三重県,1980000000,1980年,人
443,00700,全域,001,男,201,5～9歳,000,国籍総数,25000,滋賀県,1980000000,1980年,人
2388,00700,全域,001,男,201,5～9歳,000,国籍総数,26000,京都府,1980000000,1980年,人
8768,00700,全域,001,男,201,5～9歳,000,国籍総数,27000,大阪府,1980000000,1980年,人
3860,00700,全域,001,男,201,5～9歳,000,国籍総数,28000,兵庫県,1980000000,1980年,人
286,00700,全域,001,男,201,5～9歳,000,国籍総数,29000,奈良県,1980000000,1980年,人
241,00700,全域,001,男,201,5～9歳,000,国籍総数,30000,和歌山県,1980000000,1980年,人
101,00700,全域,001,男,201,5～9歳,000,国籍総数,31000,鳥取県,1980000000,1980年,人
90,00700,全域,001,男,201,5～9歳,000,国籍総数,32000,島根県,1980000000,1980年,人
417,00700,全域,001,男,201,5～9歳,000,国籍総数,33000,岡山県,1980000000,1980年,人
763,00700,全域,001,男,201,5～9歳,000,国籍総数,34000,広島県,1980000000,1980年,人
721,00700,全域,001,男,201,5～9歳,000,国籍総数,35000,山口県,1980000000,1980年,人
26,00700,全域,001,男,201,5～9歳,000,国籍総数,36000,徳島県,1980000000,1980年,人
49,00700,全域,001,男,201,5～9歳,000,国籍総数,37000,香川県,1980000000,1980年,人
104,00700,全域,001,男,201,5～9歳,000,国籍総数,38000,愛媛県,1980000000,1980年,人
40,00700,全域,001,男,201,5～9歳,000,国籍総数,39000,高知県,1980000000,1980年,人
1267,00700,全域,001,男,201,5～9歳,000,国籍総数,40000,福岡県,1980000000,1980年,人
60,00700,全域,001,男,201,5～9歳,000,国籍総数,41000,佐賀県,1980000000,1980年,人
155,00700,全域,001,男,201,5～9歳,000,国籍総数,42000,長崎県,1980000000,1980年,人
79,00700,全域,001,男,201,5～9歳,000,国籍総数,43000,熊本県,1980000000,1980年,人
157,00700,全域,001,男,201,5～9歳,000,国籍総数,44000,大分県,1980000000,1980年,人
49,00700,全域,001,男,201,5～9歳,000,国籍総数,45000,宮崎県,1980000000,1980年,人
34,00700,全域,001,男,201,5～9歳,000,国籍総数,46000,鹿児島県,1980000000,1980年,人
224,00700,全域,001,男,201,5～9歳,000,国籍総数,47000,沖縄県,1980000000,1980年,人
28900,00700,全域,001,男,201,5～9歳,001,韓国・朝鮮,00000,全国,1980000000,1980年,人
26670,00700,全域,001,男,201,5～9歳,001,韓国・朝鮮,00001,全国市部,1980000000,1980年,人
2230,00700,全域,001,男,201,5～9歳,001,韓国・朝鮮,00002,全国郡部,1980000000,1980年,人
175,00700,全域,001,男,201,5～9歳,001,韓国・朝鮮,01000,北海道,1980000000,1980年,人
68,00700,全域,001,男,201,5～9歳,001,韓国・朝鮮,02000,青森県,1980000000,1980年,人
55,00700,全域,001,男,201,5～9歳,001,韓国・朝鮮,03000,岩手県,1980000000,1980年,人
147,00700,全域,001,男,201,5～9歳,001,韓国・朝鮮,04000,宮城県,1980000000,1980年,人
44,00700,全域,001,男,201,5～9歳,001,韓国・朝鮮,05000,秋田県,1980000000,1980年,人
19,00700,全域,001,男,201,5～9歳,001,韓国・朝鮮,06000,山形県,1980000000,1980年,人
85,00700,全域,001,男,201,5～9歳,001,韓国・朝鮮,07000,福島県,1980000000,1980年,人
184,00700,全域,001,男,201,5～9歳,001,韓国・朝鮮,08000,茨城県,1980000000,1980年,人
100,00700,全域,001,男,201,5～9歳,001,韓国・朝鮮,09000,栃木県,1980000000,1980年,人
127,00700,全域,001,男,201,5～9歳,001,韓国・朝鮮,10000,群馬県,1980000000,1980年,人
523,00700,全域,001,男,201,5～9歳,001,韓国・朝鮮,11000,埼玉県,1980000000,1980年,人
490,00700,全域,001,男,201,5～9歳,001,韓国・朝鮮,12000,千葉県,1980000000,1980年,人
2659,00700,全域,001,男,201,5～9歳,001,韓国・朝鮮,13000,東京都,1980000000,1980年,人
1120,00700,全域,001,男,201,5～9歳,001,韓国・朝鮮,14000,神奈川県,1980000000,1980年,人
109,00700,全域,001,男,201,5～9歳,001,韓国・朝鮮,15000,新潟県,1980000000,1980年,人
74,00700,全域,001,男,201,5～9歳,001,韓国・朝鮮,16000,富山県,1980000000,1980年,人
142,00700,全域,001,男,201,5～9歳,001,韓国・朝鮮,17000,石川県,1980000000,1980年,人
260,00700,全域,001,男,201,5～9歳,001,韓国・朝鮮,18000,福井県,1980000000,1980年,人
67,00700,全域,001,男,201,5～9歳,001,韓国・朝鮮,19000,山梨県,1980000000,1980年,人
221,00700,全域,001,男,201,5～9歳,001,韓国・朝鮮,20000,長野県,1980000000,1980年,人
488,00700,全域,001,男,201,5～9歳,001,韓国・朝鮮,21000,岐阜県,1980000000,1980年,人
316,00700,全域,001,男,201,5～9歳,001,韓国・朝鮮,22000,静岡県,1980000000,1980年,人
2652,00700,全域,001,男,201,5～9歳,001,韓国・朝鮮,23000,愛知県,1980000000,1980年,人
406,00700,全域,001,男,201,5～9歳,001,韓国・朝鮮,24000,三重県,1980000000,1980年,人
424,00700,全域,001,男,201,5～9歳,001,韓国・朝鮮,25000,滋賀県,1980000000,1980年,人
2283,00700,全域,001,男,201,5～9歳,001,韓国・朝鮮,26000,京都府,1980000000,1980年,人
8361,00700,全域,001,男,201,5～9歳,001,韓国・朝鮮,27000,大阪府,1980000000,1980年,人
3215,00700,全域,001,男,201,5～9歳,001,韓国・朝鮮,28000,兵庫県,1980000000,1980年,人
253,00700,全域,001,男,201,5～9歳,001,韓国・朝鮮,29000,奈良県,1980000000,1980年,人
215,00700,全域,001,男,201,5～9歳,001,韓国・朝鮮,30000,和歌山県,1980000000,1980年,人
86,00700,全域,001,男,201,5～9歳,001,韓国・朝鮮,31000,鳥取県,1980000000,1980年,人
71,00700,全域,001,男,201,5～9歳,001,韓国・朝鮮,32000,島根県,1980000000,1980年,人
389,00700,全域,001,男,201,5～9歳,001,韓国・朝鮮,33000,岡山県,1980000000,1980年,人
680,00700,全域,001,男,201,5～9歳,001,韓国・朝鮮,34000,広島県,1980000000,1980年,人
693,00700,全域,001,男,201,5～9歳,001,韓国・朝鮮,35000,山口県,1980000000,1980年,人
14,00700,全域,001,男,201,5～9歳,001,韓国・朝鮮,36000,徳島県,1980000000,1980年,人
44,00700,全域,001,男,201,5～9歳,001,韓国・朝鮮,37000,香川県,1980000000,1980年,人
94,00700,全域,001,男,201,5～9歳,001,韓国・朝鮮,38000,愛媛県,1980000000,1980年,人
30,00700,全域,001,男,201,5～9歳,001,韓国・朝鮮,39000,高知県,1980000000,1980年,人
1159,00700,全域,001,男,201,5～9歳,001,韓国・朝鮮,40000,福岡県,1980000000,1980年,人
49,00700,全域,001,男,201,5～9歳,001,韓国・朝鮮,41000,佐賀県,1980000000,1980年,人
90,00700,全域,001,男,201,5～9歳,001,韓国・朝鮮,42000,長崎県,1980000000,1980年,人
46,00700,全域,001,男,201,5～9歳,001,韓国・朝鮮,43000,熊本県,1980000000,1980年,人
131,00700,全域,001,男,201,5～9歳,001,韓国・朝鮮,44000,大分県,1980000000,1980年,人
28,00700,全域,001,男,201,5～9歳,001,韓国・朝鮮,45000,宮崎県,1980000000,1980年,人
7,00700,全域,001,男,201,5～9歳,001,韓国・朝鮮,46000,鹿児島県,1980000000,1980年,人
7,00700,全域,001,男,201,5～9歳,001,韓国・朝鮮,47000,沖縄県,1980000000,1980年,人
1634,00700,全域,001,男,201,5～9歳,002,中国,00000,全国,1980000000,1980年,人
1539,00700,全域,001,男,201,5～9歳,002,中国,00001,全国市部,1980000000,1980年,人
95,00700,全域,001,男,201,5～9歳,002,中国,00002,全国郡部,1980000000,1980年,人
17,00700,全域,001,男,201,5～9歳,002,中国,01000,北海道,1980000000,1980年,人
2,00700,全域,001,男,201,5～9歳,002,中国,02000,青森県,1980000000,1980年,人
2,00700,全域,001,男,201,5～9歳,002,中国,03000,岩手県,1980000000,1980年,人
15,00700,全域,001,男,201,5～9歳,002,中国,04000,宮城県,1980000000,1980年,人
3,00700,全域,001,男,201,5～9歳,002,中国,05000,秋田県,1980000000,1980年,人
4,00700,全域,001,男,201,5～9歳,002,中国,06000,山形県,1980000000,1980年,人
12,00700,全域,001,男,201,5～9歳,002,中国,07000,福島県,1980000000,1980年,人
7,00700,全域,001,男,201,5～9歳,002,中国,08000,茨城県,1980000000,1980年,人
2,00700,全域,001,男,201,5～9歳,002,中国,09000,栃木県,1980000000,1980年,人
13,00700,全域,001,男,201,5～9歳,002,中国,10000,群馬県,1980000000,1980年,人
33,00700,全域,001,男,201,5～9歳,002,中国,11000,埼玉県,1980000000,1980年,人
44,00700,全域,001,男,201,5～9歳,002,中国,12000,千葉県,1980000000,1980年,人
332,00700,全域,001,男,201,5～9歳,002,中国,13000,東京都,1980000000,1980年,人
214,00700,全域,001,男,201,5～9歳,002,中国,14000,神奈川県,1980000000,1980年,人
6,00700,全域,001,男,201,5～9歳,002,中国,15000,新潟県,1980000000,1980年,人
9,00700,全域,001,男,201,5～9歳,002,中国,19000,山梨県,1980000000,1980年,人
17,00700,全域,001,男,201,5～9歳,002,中国,20000,長野県,1980000000,1980年,人
3,00700,全域,001,男,201,5～9歳,002,中国,21000,岐阜県,1980000000,1980年,人
13,00700,全域,001,男,201,5～9歳,002,中国,22000,静岡県,1980000000,1980年,人
34,00700,全域,001,男,201,5～9歳,002,中国,23000,愛知県,1980000000,1980年,人
7,00700,全域,001,男,201,5～9歳,002,中国,24000,三重県,1980000000,1980年,人
4,00700,全域,001,男,201,5～9歳,002,中国,25000,滋賀県,1980000000,1980年,人
34,00700,全域,001,男,201,5～9歳,002,中国,26000,京都府,1980000000,1980年,人
211,00700,全域,001,男,201,5～9歳,002,中国,27000,大阪府,1980000000,1980年,人
353,00700,全域,001,男,201,5～9歳,002,中国,28000,兵庫県,1980000000,1980年,人
10,00700,全域,001,男,201,5～9歳,002,中国,29000,奈良県,1980000000,1980年,人
13,00700,全域,001,男,201,5～9歳,002,中国,30000,和歌山県,1980000000,1980年,人
2,00700,全域,001,男,201,5～9歳,002,中国,31000,鳥取県,1980000000,1980年,人
15,00700,全域,001,男,201,5～9歳,002,中国,32000,島根県,1980000000,1980年,人
11,00700,全域,001,男,201,5～9歳,002,中国,33000,岡山県,1980000000,1980年,人
24,00700,全域,001,男,201,5～9歳,002,中国,34000,広島県,1980000000,1980年,人
2,00700,全域,001,男,201,5～9歳,002,中国,35000,山口県,1980000000,1980年,人
2,00700,全域,001,男,201,5～9歳,002,中国,36000,徳島県,1980000000,1980年,人
2,00700,全域,001,男,201,5～9歳,002,中国,37000,香川県,1980000000,1980年,人
2,00700,全域,001,男,201,5～9歳,002,中国,38000,愛媛県,1980000000,1980年,人
4,00700,全域,001,男,201,5～9歳,002,中国,39000,高知県,1980000000,1980年,人
34,00700,全域,001,男,201,5～9歳,002,中国,40000,福岡県,1980000000,1980年,人
5,00700,全域,001,男,201,5～9歳,002,中国,41000,佐賀県,1980000000,1980年,人
35,00700,全域,001,男,201,5～9歳,002,中国,42000,長崎県,1980000000,1980年,人
20,00700,全域,001,男,201,5～9歳,002,中国,43000,熊本県,1980000000,1980年,人
13,00700,全域,001,男,201,5～9歳,002,中国,44000,大分県,1980000000,1980年,人
4,00700,全域,001,男,201,5～9歳,002,中国,45000,宮崎県,1980000000,1980年,人
18,00700,全域,001,男,201,5～9歳,002,中国,46000,鹿児島県,1980000000,1980年,人
27,00700,全域,001,男,201,5～9歳,002,中国,47000,沖縄県,1980000000,1980年,人
727,00700,全域,001,男,201,5～9歳,003,アメリカ,00000,全国,1980000000,1980年,人
652,00700,全域,001,男,201,5～9歳,003,アメリカ,00001,全国市部,1980000000,1980年,人
75,00700,全域,001,男,201,5～9歳,003,アメリカ,00002,全国郡部,1980000000,1980年,人
11,00700,全域,001,男,201,5～9歳,003,アメリカ,01000,北海道,1980000000,1980年,人
1,00700,全域,001,男,201,5～9歳,003,アメリカ,02000,青森県,1980000000,1980年,人
5,00700,全域,001,男,201,5～9歳,003,アメリカ,03000,岩手県,1980000000,1980年,人
1,00700,全域,001,男,201,5～9歳,003,アメリカ,04000,宮城県,1980000000,1980年,人
2,00700,全域,001,男,201,5～9歳,003,アメリカ,06000,山形県,1980000000,1980年,人
3,00700,全域,001,男,201,5～9歳,003,アメリカ,07000,福島県,1980000000,1980年,人
3,00700,全域,001,男,201,5～9歳,003,アメリカ,08000,茨城県,1980000000,1980年,人
2,00700,全域,001,男,201,5～9歳,003,アメリカ,09000,栃木県,1980000000,1980年,人
20,00700,全域,001,男,201,5～9歳,003,アメリカ,11000,埼玉県,1980000000,1980年,人
13,00700,全域,001,男,201,5～9歳,003,アメリカ,12000,千葉県,1980000000,1980年,人
235,00700,全域,001,男,201,5～9歳,003,アメリカ,13000,東京都,1980000000,1980年,人
105,00700,全域,001,男,201,5～9歳,003,アメリカ,14000,神奈川県,1980000000,1980年,人
3,00700,全域,001,男,201,5～9歳,003,アメリカ,16000,富山県,1980000000,1980年,人
1,00700,全域,001,男,201,5～9歳,003,アメリカ,18000,福井県,1980000000,1980年,人
1,00700,全域,001,男,201,5～9歳,003,アメリカ,19000,山梨県,1980000000,1980年,人
5,00700,全域,001,男,201,5～9歳,003,アメリカ,20000,長野県,1980000000,1980年,人
4,00700,全域,001,男,201,5～9歳,003,アメリカ,22000,静岡県,1980000000,1980年,人
30,00700,全域,001,男,201,5～9歳,003,アメリカ,23000,愛知県,1980000000,1980年,人
1,00700,全域,001,男,201,5～9歳,003,アメリカ,24000,三重県,1980000000,1980年,人
2,00700,全域,001,男,201,5～9歳,003,アメリカ,25000,滋賀県,1980000000,1980年,人
16,00700,全域,001,男,201,5～9歳,003,アメリカ,26000,京都府,1980000000,1980年,人
19,00700,全域,001,男,201,5～9歳,003,アメリカ,27000,大阪府,1980000000,1980年,人
48,00700,全域,001,男,201,5～9歳,003,アメリカ,28000,兵庫県,1980000000,1980年,人
5,00700,全域,001,男,201,5～9歳,003,アメリカ,29000,奈良県,1980000000,1980年,人
1,00700,全域,001,男,201,5～9歳,003,アメリカ,30000,和歌山県,1980000000,1980年,人
2,00700,全域,001,男,201,5～9歳,003,アメリカ,31000,鳥取県,1980000000,1980年,人
3,00700,全域,001,男,201,5～9歳,003,アメリカ,33000,岡山県,1980000000,1980年,人
16,00700,全域,001,男,201,5～9歳,003,アメリカ,34000,広島県,1980000000,1980年,人
6,00700,全域,001,男,201,5～9歳,003,アメリカ,35000,山口県,1980000000,1980年,人
1,00700,全域,001,男,201,5～9歳,003,アメリカ,36000,徳島県,1980000000,1980年,人
1,00700,全域,001,男,201,5～9歳,003,アメリカ,38000,愛媛県,1980000000,1980年,人
14,00700,全域,001,男,201,5～9歳,003,アメリカ,40000,福岡県,1980000000,1980年,人
1,00700,全域,001,男,201,5～9歳,003,アメリカ,41000,佐賀県,1980000000,1980年,人
12,00700,全域,001,男,201,5～9歳,003,アメリカ,42000,長崎県,1980000000,1980年,人
2,00700,全域,001,男,201,5～9歳,003,アメリカ,43000,熊本県,1980000000,1980年,人
2,00700,全域,001,男,201,5～9歳,003,アメリカ,44000,大分県,1980000000,1980年,人
2,00700,全域,001,男,201,5～9歳,003,アメリカ,45000,宮崎県,1980000000,1980年,人
5,00700,全域,001,男,201,5～9歳,003,アメリカ,46000,鹿児島県,1980000000,1980年,人
123,00700,全域,001,男,201,5～9歳,003,アメリカ,47000,沖縄県,1980000000,1980年,人
1054,00700,全域,001,男,201,5～9歳,004,その他,00000,全国,1980000000,1980年,人
932,00700,全域,001,男,201,5～9歳,004,その他,00001,全国市部,1980000000,1980年,人
122,00700,全域,001,男,201,5～9歳,004,その他,00002,全国郡部,1980000000,1980年,人
26,00700,全域,001,男,201,5～9歳,004,その他,01000,北海道,1980000000,1980年,人
3,00700,全域,001,男,201,5～9歳,004,その他,02000,青森県,1980000000,1980年,人
1,00700,全域,001,男,201,5～9歳,004,その他,03000,岩手県,1980000000,1980年,人
3,00700,全域,001,男,201,5～9歳,004,その他,05000,秋田県,1980000000,1980年,人
1,00700,全域,001,男,201,5～9歳,004,その他,06000,山形県,1980000000,1980年,人
5,00700,全域,001,男,201,5～9歳,004,その他,07000,福島県,1980000000,1980年,人
10,00700,全域,001,男,201,5～9歳,004,その他,08000,茨城県,1980000000,1980年,人
3,00700,全域,001,男,201,5～9歳,004,その他,09000,栃木県,1980000000,1980年,人
7,00700,全域,001,男,201,5～9歳,004,その他,10000,群馬県,1980000000,1980年,人
24,00700,全域,001,男,201,5～9歳,004,その他,11000,埼玉県,1980000000,1980年,人
36,00700,全域,001,男,201,5～9歳,004,その他,12000,千葉県,1980000000,1980年,人
369,00700,全域,001,男,201,5～9歳,004,その他,13000,東京都,1980000000,1980年,人
112,00700,全域,001,男,201,5～9歳,004,その他,14000,神奈川県,1980000000,1980年,人
7,00700,全域,001,男,201,5～9歳,004,その他,15000,新潟県,1980000000,1980年,人
1,00700,全域,001,男,201,5～9歳,004,その他,16000,富山県,1980000000,1980年,人
2,00700,全域,001,男,201,5～9歳,004,その他,17000,石川県,1980000000,1980年,人
1,00700,全域,001,男,201,5～9歳,004,その他,18000,福井県,1980000000,1980年,人
2,00700,全域,001,男,201,5～9歳,004,その他,19000,山梨県,1980000000,1980年,人
2,00700,全域,001,男,201,5～9歳,004,その他,20000,長野県,1980000000,1980年,人
15,00700,全域,001,男,201,5～9歳,004,その他,22000,静岡県,1980000000,1980年,人
24,00700,全域,001,男,201,5～9歳,004,その他,23000,愛知県,1980000000,1980年,人
1,00700,全域,001,男,201,5～9歳,004,その他,24000,三重県,1980000000,1980年,人
2,00700,全域,001,男,201,5～9歳,004,その他,25000,滋賀県,1980000000,1980年,人
17,00700,全域,001,男,201,5～9歳,004,その他,26000,京都府,1980000000,1980年,人
42,00700,全域,001,男,201,5～9歳,004,その他,27000,大阪府,1980000000,1980年,人
160,00700,全域,001,男,201,5～9歳,004,その他,28000,兵庫県,1980000000,1980年,人
4,00700,全域,001,男,201,5～9歳,004,その他,29000,奈良県,1980000000,1980年,人
2,00700,全域,001,男,201,5～9歳,004,その他,30000,和歌山県,1980000000,1980年,人
5,00700,全域,001,男,201,5～9歳,004,その他,31000,鳥取県,1980000000,1980年,人
6,00700,全域,001,男,201,5～9歳,004,その他,33000,岡山県,1980000000,1980年,人
24,00700,全域,001,男,201,5～9歳,004,その他,34000,広島県,1980000000,1980年,人
3,00700,全域,001,男,201,5～9歳,004,その他,35000,山口県,1980000000,1980年,人
6,00700,全域,001,男,201,5～9歳,004,その他,36000,徳島県,1980000000,1980年,人
1,00700,全域,001,男,201,5～9歳,004,その他,37000,香川県,1980000000,1980年,人
2,00700,全域,001,男,201,5～9歳,004,その他,38000,愛媛県,1980000000,1980年,人
4,00700,全域,001,男,201,5～9歳,004,その他,39000,高知県,1980000000,1980年,人
23,00700,全域,001,男,201,5～9歳,004,その他,40000,福岡県,1980000000,1980年,人
2,00700,全域,001,男,201,5～9歳,004,その他,41000,佐賀県,1980000000,1980年,人
12,00700,全域,001,男,201,5～9歳,004,その他,42000,長崎県,1980000000,1980年,人
8,00700,全域,001,男,201,5～9歳,004,その他,43000,熊本県,1980000000,1980年,人
9,00700,全域,001,男,201,5～9歳,004,その他,44000,大分県,1980000000,1980年,人
10,00700,全域,001,男,201,5～9歳,004,その他,45000,宮崎県,1980000000,1980年,人
57,00700,全域,001,男,201,5～9歳,004,その他,47000,沖縄県,1980000000,1980年,人
30351,00700,全域,001,男,202,10～14歳,000,国籍総数,00000,全国,1980000000,1980年,人
28001,00700,全域,001,男,202,10～14歳,000,国籍総数,00001,全国市部,1980000000,1980年,人
2350,00700,全域,001,男,202,10～14歳,000,国籍総数,00002,全国郡部,1980000000,1980年,人
266,00700,全域,001,男,202,10～14歳,000,国籍総数,01000,北海道,1980000000,1980年,人
51,00700,全域,001,男,202,10～14歳,000,国籍総数,02000,青森県,1980000000,1980年,人
67,00700,全域,001,男,202,10～14歳,000,国籍総数,03000,岩手県,1980000000,1980年,人
140,00700,全域,001,男,202,10～14歳,000,国籍総数,04000,宮城県,1980000000,1980年,人
23,00700,全域,001,男,202,10～14歳,000,国籍総数,05000,秋田県,1980000000,1980年,人
45,00700,全域,001,男,202,10～14歳,000,国籍総数,06000,山形県,1980000000,1980年,人
98,00700,全域,001,男,202,10～14歳,000,国籍総数,07000,福島県,1980000000,1980年,人
183,00700,全域,001,男,202,10～14歳,000,国籍総数,08000,茨城県,1980000000,1980年,人
82,00700,全域,001,男,202,10～14歳,000,国籍総数,09000,栃木県,1980000000,1980年,人
145,00700,全域,001,男,202,10～14歳,000,国籍総数,10000,群馬県,1980000000,1980年,人
538,00700,全域,001,男,202,10～14歳,000,国籍総数,11000,埼玉県,1980000000,1980年,人
460,00700,全域,001,男,202,10～14歳,000,国籍総数,12000,千葉県,1980000000,1980年,人
3464,00700,全域,001,男,202,10～14歳,000,国籍総数,13000,東京都,1980000000,1980年,人
1501,00700,全域,001,男,202,10～14歳,000,国籍総数,14000,神奈川県,1980000000,1980年,人
100,00700,全域,001,男,202,10～14歳,000,国籍総数,15000,新潟県,1980000000,1980年,人
79,00700,全域,001,男,202,10～14歳,000,国籍総数,16000,富山県,1980000000,1980年,人
101,00700,全域,001,男,202,10～14歳,000,国籍総数,17000,石川県,1980000000,1980年,人
238,00700,全域,001,男,202,10～14歳,000,国籍総数,18000,福井県,1980000000,1980年,人
71,00700,全域,001,男,202,10～14歳,000,国籍総数,19000,山梨県,1980000000,1980年,人
240,00700,全域,001,男,202,10～14歳,000,国籍総数,20000,長野県,1980000000,1980年,人
503,00700,全域,001,男,202,10～14歳,000,国籍総数,21000,岐阜県,1980000000,1980年,人
349,00700,全域,001,男,202,10～14歳,000,国籍総数,22000,静岡県,1980000000,1980年,人
2555,00700,全域,001,男,202,10～14歳,000,国籍総数,23000,愛知県,1980000000,1980年,人
407,00700,全域,001,男,202,10～14歳,000,国籍総数,24000,三重県,1980000000,1980年,人
383,00700,全域,001,男,202,10～14歳,000,国籍総数,25000,滋賀県,1980000000,1980年,人
2065,00700,全域,001,男,202,10～14歳,000,国籍総数,26000,京都府,1980000000,1980年,人
8254,00700,全域,001,男,202,10～14歳,000,国籍総数,27000,大阪府,1980000000,1980年,人
3603,00700,全域,001,男,202,10～14歳,000,国籍総数,28000,兵庫県,1980000000,1980年,人
271,00700,全域,001,男,202,10～14歳,000,国籍総数,29000,奈良県,1980000000,1980年,人
227,00700,全域,001,男,202,10～14歳,000,国籍総数,30000,和歌山県,1980000000,1980年,人
70,00700,全域,001,男,202,10～14歳,000,国籍総数,31000,鳥取県,1980000000,1980年,人
73,00700,全域,001,男,202,10～14歳,000,国籍総数,32000,島根県,1980000000,1980年,人
349,00700,全域,001,男,202,10～14歳,000,国籍総数,33000,岡山県,1980000000,1980年,人
712,00700,全域,001,男,202,10～14歳,000,国籍総数,34000,広島県,1980000000,1980年,人
604,00700,全域,001,男,202,10～14歳,000,国籍総数,35000,山口県,1980000000,1980年,人
9,00700,全域,001,男,202,10～14歳,000,国籍総数,36000,徳島県,1980000000,1980年,人
44,00700,全域,001,男,202,10～14歳,000,国籍総数,37000,香川県,1980000000,1980年,人
113,00700,全域,001,男,202,10～14歳,000,国籍総数,38000,愛媛県,1980000000,1980年,人
38,00700,全域,001,男,202,10～14歳,000,国籍総数,39000,高知県,1980000000,1980年,人
1106,00700,全域,001,男,202,10～14歳,000,国籍総数,40000,福岡県,1980000000,1980年,人
41,00700,全域,001,男,202,10～14歳,000,国籍総数,41000,佐賀県,1980000000,1980年,人
118,00700,全域,001,男,202,10～14歳,000,国籍総数,42000,長崎県,1980000000,1980年,人
71,00700,全域,001,男,202,10～14歳,000,国籍総数,43000,熊本県,1980000000,1980年,人
130,00700,全域,001,男,202,10～14歳,000,国籍総数,44000,大分県,1980000000,1980年,人
50,00700,全域,001,男,202,10～14歳,000,国籍総数,45000,宮崎県,1980000000,1980年,人
51,00700,全域,001,男,202,10～14歳,000,国籍総数,46000,鹿児島県,1980000000,1980年,人
263,00700,全域,001,男,202,10～14歳,000,国籍総数,47000,沖縄県,1980000000,1980年,人
26611,00700,全域,001,男,202,10～14歳,001,韓国・朝鮮,00000,全国,1980000000,1980年,人
24623,00700,全域,001,男,202,10～14歳,001,韓国・朝鮮,00001,全国市部,1980000000,1980年,人
1988,00700,全域,001,男,202,10～14歳,001,韓国・朝鮮,00002,全国郡部,1980000000,1980年,人
206,00700,全域,001,男,202,10～14歳,001,韓国・朝鮮,01000,北海道,1980000000,1980年,人
38,00700,全域,001,男,202,10～14歳,001,韓国・朝鮮,02000,青森県,1980000000,1980年,人
46,00700,全域,001,男,202,10～14歳,001,韓国・朝鮮,03000,岩手県,1980000000,1980年,人
112,00700,全域,001,男,202,10～14歳,001,韓国・朝鮮,04000,宮城県,1980000000,1980年,人
20,00700,全域,001,男,202,10～14歳,001,韓国・朝鮮,05000,秋田県,1980000000,1980年,人
34,00700,全域,001,男,202,10～14歳,001,韓国・朝鮮,06000,山形県,1980000000,1980年,人
69,00700,全域,001,男,202,10～14歳,001,韓国・朝鮮,07000,福島県,1980000000,1980年,人
165,00700,全域,001,男,202,10～14歳,001,韓国・朝鮮,08000,茨城県,1980000000,1980年,人
71,00700,全域,001,男,202,10～14歳,001,韓国・朝鮮,09000,栃木県,1980000000,1980年,人
119,00700,全域,001,男,202,10～14歳,001,韓国・朝鮮,10000,群馬県,1980000000,1980年,人
449,00700,全域,001,男,202,10～14歳,001,韓国・朝鮮,11000,埼玉県,1980000000,1980年,人
383,00700,全域,001,男,202,10～14歳,001,韓国・朝鮮,12000,千葉県,1980000000,1980年,人
2499,00700,全域,001,男,202,10～14歳,001,韓国・朝鮮,13000,東京都,1980000000,1980年,人
1083,00700,全域,001,男,202,10～14歳,001,韓国・朝鮮,14000,神奈川県,1980000000,1980年,人
84,00700,全域,001,男,202,10～14歳,001,韓国・朝鮮,15000,新潟県,1980000000,1980年,人
67,00700,全域,001,男,202,10～14歳,001,韓国・朝鮮,16000,富山県,1980000000,1980年,人
100,00700,全域,001,男,202,10～14歳,001,韓国・朝鮮,17000,石川県,1980000000,1980年,人
232,00700,全域,001,男,202,10～14歳,001,韓国・朝鮮,18000,福井県,1980000000,1980年,人
53,00700,全域,001,男,202,10～14歳,001,韓国・朝鮮,19000,山梨県,1980000000,1980年,人
208,00700,全域,001,男,202,10～14歳,001,韓国・朝鮮,20000,長野県,1980000000,1980年,人
489,00700,全域,001,男,202,10～14歳,001,韓国・朝鮮,21000,岐阜県,1980000000,1980年,人
291,00700,全域,001,男,202,10～14歳,001,韓国・朝鮮,22000,静岡県,1980000000,1980年,人
2442,00700,全域,001,男,202,10～14歳,001,韓国・朝鮮,23000,愛知県,1980000000,1980年,人
392,00700,全域,001,男,202,10～14歳,001,韓国・朝鮮,24000,三重県,1980000000,1980年,人
357,00700,全域,001,男,202,10～14歳,001,韓国・朝鮮,25000,滋賀県,1980000000,1980年,人
1997,00700,全域,001,男,202,10～14歳,001,韓国・朝鮮,26000,京都府,1980000000,1980年,人
7953,00700,全域,001,男,202,10～14歳,001,韓国・朝鮮,27000,大阪府,1980000000,1980年,人
3040,00700,全域,001,男,202,10～14歳,001,韓国・朝鮮,28000,兵庫県,1980000000,1980年,人
238,00700,全域,001,男,202,10～14歳,001,韓国・朝鮮,29000,奈良県,1980000000,1980年,人
194,00700,全域,001,男,202,10～14歳,001,韓国・朝鮮,30000,和歌山県,1980000000,1980年,人
63,00700,全域,001,男,202,10～14歳,001,韓国・朝鮮,31000,鳥取県,1980000000,1980年,人
59,00700,全域,001,男,202,10～14歳,001,韓国・朝鮮,32000,島根県,1980000000,1980年,人
323,00700,全域,001,男,202,10～14歳,001,韓国・朝鮮,33000,岡山県,1980000000,1980年,人
651,00700,全域,001,男,202,10～14歳,001,韓国・朝鮮,34000,広島県,1980000000,1980年,人
587,00700,全域,001,男,202,10～14歳,001,韓国・朝鮮,35000,山口県,1980000000,1980年,人
6,00700,全域,001,男,202,10～14歳,001,韓国・朝鮮,36000,徳島県,1980000000,1980年,人
37,00700,全域,001,男,202,10～14歳,001,韓国・朝鮮,37000,香川県,1980000000,1980年,人
98,00700,全域,001,男,202,10～14歳,001,韓国・朝鮮,38000,愛媛県,1980000000,1980年,人
26,00700,全域,001,男,202,10～14歳,001,韓国・朝鮮,39000,高知県,1980000000,1980年,人
1035,00700,全域,001,男,202,10～14歳,001,韓国・朝鮮,40000,福岡県,1980000000,1980年,人
32,00700,全域,001,男,202,10～14歳,001,韓国・朝鮮,41000,佐賀県,1980000000,1980年,人
68,00700,全域,001,男,202,10～14歳,001,韓国・朝鮮,42000,長崎県,1980000000,1980年,人
43,00700,全域,001,男,202,10～14歳,001,韓国・朝鮮,43000,熊本県,1980000000,1980年,人
101,00700,全域,001,男,202,10～14歳,001,韓国・朝鮮,44000,大分県,1980000000,1980年,人
37,00700,全域,001,男,202,10～14歳,001,韓国・朝鮮,45000,宮崎県,1980000000,1980年,人
9,00700,全域,001,男,202,10～14歳,001,韓国・朝鮮,46000,鹿児島県,1980000000,1980年,人
5,00700,全域,001,男,202,10～14歳,001,韓国・朝鮮,47000,沖縄県,1980000000,1980年,人
1526,00700,全域,001,男,202,10～14歳,002,中国,00000,全国,1980000000,1980年,人
1437,00700,全域,001,男,202,10～14歳,002,中国,00001,全国市部,1980000000,1980年,人
89,00700,全域,001,男,202,10～14歳,002,中国,00002,全国郡部,1980000000,1980年,人
20,00700,全域,001,男,202,10～14歳,002,中国,01000,北海道,1980000000,1980年,人
2,00700,全域,001,男,202,10～14歳,002,中国,02000,青森県,1980000000,1980年,人
9,00700,全域,001,男,202,10～14歳,002,中国,03000,岩手県,1980000000,1980年,人
11,00700,全域,001,男,202,10～14歳,002,中国,04000,宮城県,1980000000,1980年,人
1,00700,全域,001,男,202,10～14歳,002,中国,05000,秋田県,1980000000,1980年,人
4,00700,全域,001,男,202,10～14歳,002,中国,06000,山形県,1980000000,1980年,人
10,00700,全域,001,男,202,10～14歳,002,中国,07000,福島県,1980000000,1980年,人
4,00700,全域,001,男,202,10～14歳,002,中国,08000,茨城県,1980000000,1980年,人
2,00700,全域,001,男,202,10～14歳,002,中国,09000,栃木県,1980000000,1980年,人
11,00700,全域,001,男,202,10～14歳,002,中国,10000,群馬県,1980000000,1980年,人
28,00700,全域,001,男,202,10～14歳,002,中国,11000,埼玉県,1980000000,1980年,人
27,00700,全域,001,男,202,10～14歳,002,中国,12000,千葉県,1980000000,1980年,人
295,00700,全域,001,男,202,10～14歳,002,中国,13000,東京都,1980000000,1980年,人
210,00700,全域,001,男,202,10～14歳,002,中国,14000,神奈川県,1980000000,1980年,人
7,00700,全域,001,男,202,10～14歳,002,中国,15000,新潟県,1980000000,1980年,人
2,00700,全域,001,男,202,10～14歳,002,中国,16000,富山県,1980000000,1980年,人
1,00700,全域,001,男,202,10～14歳,002,中国,18000,福井県,1980000000,1980年,人
9,00700,全域,001,男,202,10～14歳,002,中国,19000,山梨県,1980000000,1980年,人
17,00700,全域,001,男,202,10～14歳,002,中国,20000,長野県,1980000000,1980年,人
2,00700,全域,001,男,202,10～14歳,002,中国,21000,岐阜県,1980000000,1980年,人
15,00700,全域,001,男,202,10～14歳,002,中国,22000,静岡県,1980000000,1980年,人
29,00700,全域,001,男,202,10～14歳,002,中国,23000,愛知県,1980000000,1980年,人
5,00700,全域,001,男,202,10～14歳,002,中国,24000,三重県,1980000000,1980年,人
7,00700,全域,001,男,202,10～14歳,002,中国,25000,滋賀県,1980000000,1980年,人
26,00700,全域,001,男,202,10～14歳,002,中国,26000,京都府,1980000000,1980年,人
168,00700,全域,001,男,202,10～14歳,002,中国,27000,大阪府,1980000000,1980年,人
364,00700,全域,001,男,202,10～14歳,002,中国,28000,兵庫県,1980000000,1980年,人
10,00700,全域,001,男,202,10～14歳,002,中国,29000,奈良県,1980000000,1980年,人
15,00700,全域,001,男,202,10～14歳,002,中国,30000,和歌山県,1980000000,1980年,人
1,00700,全域,001,男,202,10～14歳,002,中国,31000,鳥取県,1980000000,1980年,人
13,00700,全域,001,男,202,10～14歳,002,中国,32000,島根県,1980000000,1980年,人
12,00700,全域,001,男,202,10～14歳,002,中国,33000,岡山県,1980000000,1980年,人
14,00700,全域,001,男,202,10～14歳,002,中国,34000,広島県,1980000000,1980年,人
2,00700,全域,001,男,202,10～14歳,002,中国,35000,山口県,1980000000,1980年,人
4,00700,全域,001,男,202,10～14歳,002,中国,37000,香川県,1980000000,1980年,人
3,00700,全域,001,男,202,10～14歳,002,中国,38000,愛媛県,1980000000,1980年,人
4,00700,全域,001,男,202,10～14歳,002,中国,39000,高知県,1980000000,1980年,人
26,00700,全域,001,男,202,10～14歳,002,中国,40000,福岡県,1980000000,1980年,人
6,00700,全域,001,男,202,10～14歳,002,中国,41000,佐賀県,1980000000,1980年,人
27,00700,全域,001,男,202,10～14歳,002,中国,42000,長崎県,1980000000,1980年,人
12,00700,全域,001,男,202,10～14歳,002,中国,43000,熊本県,1980000000,1980年,人
16,00700,全域,001,男,202,10～14歳,002,中国,44000,大分県,1980000000,1980年,人
4,00700,全域,001,男,202,10～14歳,002,中国,45000,宮崎県,1980000000,1980年,人
26,00700,全域,001,男,202,10～14歳,002,中国,46000,鹿児島県,1980000000,1980年,人
45,00700,全域,001,男,202,10～14歳,002,中国,47000,沖縄県,1980000000,1980年,人
649,00700,全域,001,男,202,10～14歳,003,アメリカ,00000,全国,1980000000,1980年,人
587,00700,全域,001,男,202,10～14歳,003,アメリカ,00001,全国市部,1980000000,1980年,人
62,00700,全域,001,男,202,10～14歳,003,アメリカ,00002,全国郡部,1980000000,1980年,人
15,00700,全域,001,男,202,10～14歳,003,アメリカ,01000,北海道,1980000000,1980年,人
4,00700,全域,001,男,202,10～14歳,003,アメリカ,02000,青森県,1980000000,1980年,人
4,00700,全域,001,男,202,10～14歳,003,アメリカ,04000,宮城県,1980000000,1980年,人
1,00700,全域,001,男,202,10～14歳,003,アメリカ,06000,山形県,1980000000,1980年,人
5,00700,全域,001,男,202,10～14歳,003,アメリカ,07000,福島県,1980000000,1980年,人
1,00700,全域,001,男,202,10～14歳,003,アメリカ,08000,茨城県,1980000000,1980年,人
4,00700,全域,001,男,202,10～14歳,003,アメリカ,09000,栃木県,1980000000,1980年,人
20,00700,全域,001,男,202,10～14歳,003,アメリカ,11000,埼玉県,1980000000,1980年,人
7,00700,全域,001,男,202,10～14歳,003,アメリカ,12000,千葉県,1980000000,1980年,人
247,00700,全域,001,男,202,10～14歳,003,アメリカ,13000,東京都,1980000000,1980年,人
68,00700,全域,001,男,202,10～14歳,003,アメリカ,14000,神奈川県,1980000000,1980年,人
1,00700,全域,001,男,202,10～14歳,003,アメリカ,16000,富山県,1980000000,1980年,人
5,00700,全域,001,男,202,10～14歳,003,アメリカ,19000,山梨県,1980000000,1980年,人
2,00700,全域,001,男,202,10～14歳,003,アメリカ,20000,長野県,1980000000,1980年,人
5,00700,全域,001,男,202,10～14歳,003,アメリカ,22000,静岡県,1980000000,1980年,人
31,00700,全域,001,男,202,10～14歳,003,アメリカ,23000,愛知県,1980000000,1980年,人
4,00700,全域,001,男,202,10～14歳,003,アメリカ,26000,京都府,1980000000,1980年,人
13,00700,全域,001,男,202,10～14歳,003,アメリカ,27000,大阪府,1980000000,1980年,人
38,00700,全域,001,男,202,10～14歳,003,アメリカ,28000,兵庫県,1980000000,1980年,人
8,00700,全域,001,男,202,10～14歳,003,アメリカ,29000,奈良県,1980000000,1980年,人
5,00700,全域,001,男,202,10～14歳,003,アメリカ,30000,和歌山県,1980000000,1980年,人
1,00700,全域,001,男,202,10～14歳,003,アメリカ,31000,鳥取県,1980000000,1980年,人
3,00700,全域,001,男,202,10～14歳,003,アメリカ,33000,岡山県,1980000000,1980年,人
10,00700,全域,001,男,202,10～14歳,003,アメリカ,34000,広島県,1980000000,1980年,人
6,00700,全域,001,男,202,10～14歳,003,アメリカ,35000,山口県,1980000000,1980年,人
1,00700,全域,001,男,202,10～14歳,003,アメリカ,36000,徳島県,1980000000,1980年,人
3,00700,全域,001,男,202,10～14歳,003,アメリカ,38000,愛媛県,1980000000,1980年,人
10,00700,全域,001,男,202,10～14歳,003,アメリカ,40000,福岡県,1980000000,1980年,人
2,00700,全域,001,男,202,10～14歳,003,アメリカ,41000,佐賀県,1980000000,1980年,人
4,00700,全域,001,男,202,10～14歳,003,アメリカ,42000,長崎県,1980000000,1980年,人
2,00700,全域,001,男,202,10～14歳,003,アメリカ,43000,熊本県,1980000000,1980年,人
2,00700,全域,001,男,202,10～14歳,003,アメリカ,44000,大分県,1980000000,1980年,人
1,00700,全域,001,男,202,10～14歳,003,アメリカ,45000,宮崎県,1980000000,1980年,人
2,00700,全域,001,男,202,10～14歳,003,アメリカ,46000,鹿児島県,1980000000,1980年,人
114,00700,全域,001,男,202,10～14歳,003,アメリカ,47000,沖縄県,1980000000,1980年,人
815,00700,全域,001,男,202,10～14歳,004,その他,00000,全国,1980000000,1980年,人
709,00700,全域,001,男,202,10～14歳,004,その他,00001,全国市部,1980000000,1980年,人
106,00700,全域,001,男,202,10～14歳,004,その他,00002,全国郡部,1980000000,1980年,人
9,00700,全域,001,男,202,10～14歳,004,その他,01000,北海道,1980000000,1980年,人
1,00700,全域,001,男,202,10～14歳,004,その他,02000,青森県,1980000000,1980年,人
4,00700,全域,001,男,202,10～14歳,004,その他,03000,岩手県,1980000000,1980年,人
2,00700,全域,001,男,202,10～14歳,004,その他,04000,宮城県,1980000000,1980年,人
2,00700,全域,001,男,202,10～14歳,004,その他,06000,山形県,1980000000,1980年,人
6,00700,全域,001,男,202,10～14歳,004,その他,07000,福島県,1980000000,1980年,人
1,00700,全域,001,男,202,10～14歳,004,その他,08000,茨城県,1980000000,1980年,人
2,00700,全域,001,男,202,10～14歳,004,その他,09000,栃木県,1980000000,1980年,人
4,00700,全域,001,男,202,10～14歳,004,その他,10000,群馬県,1980000000,1980年,人
22,00700,全域,001,男,202,10～14歳,004,その他,11000,埼玉県,1980000000,1980年,人
17,00700,全域,001,男,202,10～14歳,004,その他,12000,千葉県,1980000000,1980年,人
278,00700,全域,001,男,202,10～14歳,004,その他,13000,東京都,1980000000,1980年,人
96,00700,全域,001,男,202,10～14歳,004,その他,14000,神奈川県,1980000000,1980年,人
6,00700,全域,001,男,202,10～14歳,004,その他,15000,新潟県,1980000000,1980年,人
2,00700,全域,001,男,202,10～14歳,004,その他,16000,富山県,1980000000,1980年,人
2,00700,全域,001,男,202,10～14歳,004,その他,18000,福井県,1980000000,1980年,人
1,00700,全域,001,男,202,10～14歳,004,その他,19000,山梨県,1980000000,1980年,人
3,00700,全域,001,男,202,10～14歳,004,その他,20000,長野県,1980000000,1980年,人
17,00700,全域,001,男,202,10～14歳,004,その他,22000,静岡県,1980000000,1980年,人
14,00700,全域,001,男,202,10～14歳,004,その他,23000,愛知県,1980000000,1980年,人
1,00700,全域,001,男,202,10～14歳,004,その他,24000,三重県,1980000000,1980年,人
7,00700,全域,001,男,202,10～14歳,004,その他,25000,滋賀県,1980000000,1980年,人
8,00700,全域,001,男,202,10～14歳,004,その他,26000,京都府,1980000000,1980年,人
21,00700,全域,001,男,202,10～14歳,004,その他,27000,大阪府,1980000000,1980年,人
106,00700,全域,001,男,202,10～14歳,004,その他,28000,兵庫県,1980000000,1980年,人
6,00700,全域,001,男,202,10～14歳,004,その他,29000,奈良県,1980000000,1980年,人
3,00700,全域,001,男,202,10～14歳,004,その他,30000,和歌山県,1980000000,1980年,人
1,00700,全域,001,男,202,10～14歳,004,その他,31000,鳥取県,1980000000,1980年,人
2,00700,全域,001,男,202,10～14歳,004,その他,33000,岡山県,1980000000,1980年,人
19,00700,全域,001,男,202,10～14歳,004,その他,34000,広島県,1980000000,1980年,人
5,00700,全域,001,男,202,10～14歳,004,その他,35000,山口県,1980000000,1980年,人
1,00700,全域,001,男,202,10～14歳,004,その他,36000,徳島県,1980000000,1980年,人
6,00700,全域,001,男,202,10～14歳,004,その他,39000,高知県,1980000000,1980年,人
13,00700,全域,001,男,202,10～14歳,004,その他,40000,福岡県,1980000000,1980年,人
1,00700,全域,001,男,202,10～14歳,004,その他,41000,佐賀県,1980000000,1980年,人
16,00700,全域,001,男,202,10～14歳,004,その他,42000,長崎県,1980000000,1980年,人
8,00700,全域,001,男,202,10～14歳,004,その他,43000,熊本県,1980000000,1980年,人
7,00700,全域,001,男,202,10～14歳,004,その他,44000,大分県,1980000000,1980年,人
3,00700,全域,001,男,202,10～14歳,004,その他,45000,宮崎県,1980000000,1980年,人
4,00700,全域,001,男,202,10～14歳,004,その他,46000,鹿児島県,1980000000,1980年,人
88,00700,全域,001,男,202,10～14歳,004,その他,47000,沖縄県,1980000000,1980年,人
28764,00700,全域,001,男,203,15～19歳,000,国籍総数,00000,全国,1980000000,1980年,人
26656,00700,全域,001,男,203,15～19歳,000,国籍総数,00001,全国市部,1980000000,1980年,人
2108,00700,全域,001,男,203,15～19歳,000,国籍総数,00002,全国郡部,1980000000,1980年,人
271,00700,全域,001,男,203,15～19歳,000,国籍総数,01000,北海道,1980000000,1980年,人
68,00700,全域,001,男,203,15～19歳,000,国籍総数,02000,青森県,1980000000,1980年,人
47,00700,全域,001,男,203,15～19歳,000,国籍総数,03000,岩手県,1980000000,1980年,人
184,00700,全域,001,男,203,15～19歳,000,国籍総数,04000,宮城県,1980000000,1980年,人
27,00700,全域,001,男,203,15～19歳,000,国籍総数,05000,秋田県,1980000000,1980年,人
49,00700,全域,001,男,203,15～19歳,000,国籍総数,06000,山形県,1980000000,1980年,人
73,00700,全域,001,男,203,15～19歳,000,国籍総数,07000,福島県,1980000000,1980年,人
186,00700,全域,001,男,203,15～19歳,000,国籍総数,08000,茨城県,1980000000,1980年,人
81,00700,全域,001,男,203,15～19歳,000,国籍総数,09000,栃木県,1980000000,1980年,人
126,00700,全域,001,男,203,15～19歳,000,国籍総数,10000,群馬県,1980000000,1980年,人
448,00700,全域,001,男,203,15～19歳,000,国籍総数,11000,埼玉県,1980000000,1980年,人
455,00700,全域,001,男,203,15～19歳,000,国籍総数,12000,千葉県,1980000000,1980年,人
3763,00700,全域,001,男,203,15～19歳,000,国籍総数,13000,東京都,1980000000,1980年,人
1354,00700,全域,001,男,203,15～19歳,000,国籍総数,14000,神奈川県,1980000000,1980年,人
79,00700,全域,001,男,203,15～19歳,000,国籍総数,15000,新潟県,1980000000,1980年,人
57,00700,全域,001,男,203,15～19歳,000,国籍総数,16000,富山県,1980000000,1980年,人
133,00700,全域,001,男,203,15～19歳,000,国籍総数,17000,石川県,1980000000,1980年,人
180,00700,全域,001,男,203,15～19歳,000,国籍総数,18000,福井県,1980000000,1980年,人
58,00700,全域,001,男,203,15～19歳,000,国籍総数,19000,山梨県,1980000000,1980年,人
154,00700,全域,001,男,203,15～19歳,000,国籍総数,20000,長野県,1980000000,1980年,人
435,00700,全域,001,男,203,15～19歳,000,国籍総数,21000,岐阜県,1980000000,1980年,人
322,00700,全域,001,男,203,15～19歳,000,国籍総数,22000,静岡県,1980000000,1980年,人
2493,00700,全域,001,男,203,15～19歳,000,国籍総数,23000,愛知県,1980000000,1980年,人
353,00700,全域,001,男,203,15～19歳,000,国籍総数,24000,三重県,1980000000,1980年,人
345,00700,全域,001,男,203,15～19歳,000,国籍総数,25000,滋賀県,1980000000,1980年,人
1926,00700,全域,001,男,203,15～19歳,000,国籍総数,26000,京都府,1980000000,1980年,人
7893,00700,全域,001,男,203,15～19歳,000,国籍総数,27000,大阪府,1980000000,1980年,人
3113,00700,全域,001,男,203,15～19歳,000,国籍総数,28000,兵庫県,1980000000,1980年,人
259,00700,全域,001,男,203,15～19歳,000,国籍総数,29000,奈良県,1980000000,1980年,人
187,00700,全域,001,男,203,15～19歳,000,国籍総数,30000,和歌山県,1980000000,1980年,人
63,00700,全域,001,男,203,15～19歳,000,国籍総数,31000,鳥取県,1980000000,1980年,人
53,00700,全域,001,男,203,15～19歳,000,国籍総数,32000,島根県,1980000000,1980年,人
316,00700,全域,001,男,203,15～19歳,000,国籍総数,33000,岡山県,1980000000,1980年,人
635,00700,全域,001,男,203,15～19歳,000,国籍総数,34000,広島県,1980000000,1980年,人
542,00700,全域,001,男,203,15～19歳,000,国籍総数,35000,山口県,1980000000,1980年,人
18,00700,全域,001,男,203,15～19歳,000,国籍総数,36000,徳島県,1980000000,1980年,人
40,00700,全域,001,男,203,15～19歳,000,国籍総数,37000,香川県,1980000000,1980年,人
87,00700,全域,001,男,203,15～19歳,000,国籍総数,38000,愛媛県,1980000000,1980年,人
29,00700,全域,001,男,203,15～19歳,000,国籍総数,39000,高知県,1980000000,1980年,人
1159,00700,全域,001,男,203,15～19歳,000,国籍総数,40000,福岡県,1980000000,1980年,人
57,00700,全域,001,男,203,15～19歳,000,国籍総数,41000,佐賀県,1980000000,1980年,人
130,00700,全域,001,男,203,15～19歳,000,国籍総数,42000,長崎県,1980000000,1980年,人
86,00700,全域,001,男,203,15～19歳,000,国籍総数,43000,熊本県,1980000000,1980年,人
105,00700,全域,001,男,203,15～19歳,000,国籍総数,44000,大分県,1980000000,1980年,人
40,00700,全域,001,男,203,15～19歳,000,国籍総数,45000,宮崎県,1980000000,1980年,人
56,00700,全域,001,男,203,15～19歳,000,国籍総数,46000,鹿児島県,1980000000,1980年,人
229,00700,全域,001,男,203,15～19歳,000,国籍総数,47000,沖縄県,1980000000,1980年,人
25021,00700,全域,001,男,203,15～19歳,001,韓国・朝鮮,00000,全国,1980000000,1980年,人
23347,00700,全域,001,男,203,15～19歳,001,韓国・朝鮮,00001,全国市部,1980000000,1980年,人
1674,00700,全域,001,男,203,15～19歳,001,韓国・朝鮮,00002,全国郡部,1980000000,1980年,人
161,00700,全域,001,男,203,15～19歳,001,韓国・朝鮮,01000,北海道,1980000000,1980年,人
55,00700,全域,001,男,203,15～19歳,001,韓国・朝鮮,02000,青森県,1980000000,1980年,人
32,00700,全域,001,男,203,15～19歳,001,韓国・朝鮮,03000,岩手県,1980000000,1980年,人
151,00700,全域,001,男,203,15～19歳,001,韓国・朝鮮,04000,宮城県,1980000000,1980年,人
16,00700,全域,001,男,203,15～19歳,001,韓国・朝鮮,05000,秋田県,1980000000,1980年,人
23,00700,全域,001,男,203,15～19歳,001,韓国・朝鮮,06000,山形県,1980000000,1980年,人
47,00700,全域,001,男,203,15～19歳,001,韓国・朝鮮,07000,福島県,1980000000,1980年,人
164,00700,全域,001,男,203,15～19歳,001,韓国・朝鮮,08000,茨城県,1980000000,1980年,人
67,00700,全域,001,男,203,15～19歳,001,韓国・朝鮮,09000,栃木県,1980000000,1980年,人
91,00700,全域,001,男,203,15～19歳,001,韓国・朝鮮,10000,群馬県,1980000000,1980年,人
343,00700,全域,001,男,203,15～19歳,001,韓国・朝鮮,11000,埼玉県,1980000000,1980年,人
377,00700,全域,001,男,203,15～19歳,001,韓国・朝鮮,12000,千葉県,1980000000,1980年,人
2916,00700,全域,001,男,203,15～19歳,001,韓国・朝鮮,13000,東京都,1980000000,1980年,人
960,00700,全域,001,男,203,15～19歳,001,韓国・朝鮮,14000,神奈川県,1980000000,1980年,人
50,00700,全域,001,男,203,15～19歳,001,韓国・朝鮮,15000,新潟県,1980000000,1980年,人
51,00700,全域,001,男,203,15～19歳,001,韓国・朝鮮,16000,富山県,1980000000,1980年,人
125,00700,全域,001,男,203,15～19歳,001,韓国・朝鮮,17000,石川県,1980000000,1980年,人
172,00700,全域,001,男,203,15～19歳,001,韓国・朝鮮,18000,福井県,1980000000,1980年,人
44,00700,全域,001,男,203,15～19歳,001,韓国・朝鮮,19000,山梨県,1980000000,1980年,人
119,00700,全域,001,男,203,15～19歳,001,韓国・朝鮮,20000,長野県,1980000000,1980年,人
411,00700,全域,001,男,203,15～19歳,001,韓国・朝鮮,21000,岐阜県,1980000000,1980年,人
263,00700,全域,001,男,203,15～19歳,001,韓国・朝鮮,22000,静岡県,1980000000,1980年,人
2382,00700,全域,001,男,203,15～19歳,001,韓国・朝鮮,23000,愛知県,1980000000,1980年,人
328,00700,全域,001,男,203,15～19歳,001,韓国・朝鮮,24000,三重県,1980000000,1980年,人
319,00700,全域,001,男,203,15～19歳,001,韓国・朝鮮,25000,滋賀県,1980000000,1980年,人
1855,00700,全域,001,男,203,15～19歳,001,韓国・朝鮮,26000,京都府,1980000000,1980年,人
7585,00700,全域,001,男,203,15～19歳,001,韓国・朝鮮,27000,大阪府,1980000000,1980年,人
2684,00700,全域,001,男,203,15～19歳,001,韓国・朝鮮,28000,兵庫県,1980000000,1980年,人
234,00700,全域,001,男,203,15～19歳,001,韓国・朝鮮,29000,奈良県,1980000000,1980年,人
145,00700,全域,001,男,203,15～19歳,001,韓国・朝鮮,30000,和歌山県,1980000000,1980年,人
50,00700,全域,001,男,203,15～19歳,001,韓国・朝鮮,31000,鳥取県,1980000000,1980年,人
41,00700,全域,001,男,203,15～19歳,001,韓国・朝鮮,32000,島根県,1980000000,1980年,人
295,00700,全域,001,男,203,15～19歳,001,韓国・朝鮮,33000,岡山県,1980000000,1980年,人
550,00700,全域,001,男,203,15～19歳,001,韓国・朝鮮,34000,広島県,1980000000,1980年,人
516,00700,全域,001,男,203,15～19歳,001,韓国・朝鮮,35000,山口県,1980000000,1980年,人
11,00700,全域,001,男,203,15～19歳,001,韓国・朝鮮,36000,徳島県,1980000000,1980年,人
27,00700,全域,001,男,203,15～19歳,001,韓国・朝鮮,37000,香川県,1980000000,1980年,人
65,00700,全域,001,男,203,15～19歳,001,韓国・朝鮮,38000,愛媛県,1980000000,1980年,人
18,00700,全域,001,男,203,15～19歳,001,韓国・朝鮮,39000,高知県,1980000000,1980年,人
1020,00700,全域,001,男,203,15～19歳,001,韓国・朝鮮,40000,福岡県,1980000000,1980年,人
46,00700,全域,001,男,203,15～19歳,001,韓国・朝鮮,41000,佐賀県,1980000000,1980年,人
55,00700,全域,001,男,203,15～19歳,001,韓国・朝鮮,42000,長崎県,1980000000,1980年,人
41,00700,全域,001,男,203,15～19歳,001,韓国・朝鮮,43000,熊本県,1980000000,1980年,人
72,00700,全域,001,男,203,15～19歳,001,韓国・朝鮮,44000,大分県,1980000000,1980年,人
20,00700,全域,001,男,203,15～19歳,001,韓国・朝鮮,45000,宮崎県,1980000000,1980年,人
14,00700,全域,001,男,203,15～19歳,001,韓国・朝鮮,46000,鹿児島県,1980000000,1980年,人
10,00700,全域,001,男,203,15～19歳,001,韓国・朝鮮,47000,沖縄県,1980000000,1980年,人
1428,00700,全域,001,男,203,15～19歳,002,中国,00000,全国,1980000000,1980年,人
1317,00700,全域,001,男,203,15～19歳,002,中国,00001,全国市部,1980000000,1980年,人
111,00700,全域,001,男,203,15～19歳,002,中国,00002,全国郡部,1980000000,1980年,人
40,00700,全域,001,男,203,15～19歳,002,中国,01000,北海道,1980000000,1980年,人
6,00700,全域,001,男,203,15～19歳,002,中国,02000,青森県,1980000000,1980年,人
7,00700,全域,001,男,203,15～19歳,002,中国,03000,岩手県,1980000000,1980年,人
10,00700,全域,001,男,203,15～19歳,002,中国,04000,宮城県,1980000000,1980年,人
4,00700,全域,001,男,203,15～19歳,002,中国,05000,秋田県,1980000000,1980年,人
11,00700,全域,001,男,203,15～19歳,002,中国,06000,山形県,1980000000,1980年,人
8,00700,全域,001,男,203,15～19歳,002,中国,07000,福島県,1980000000,1980年,人
10,00700,全域,001,男,203,15～19歳,002,中国,08000,茨城県,1980000000,1980年,人
2,00700,全域,001,男,203,15～19歳,002,中国,09000,栃木県,1980000000,1980年,人
10,00700,全域,001,男,203,15～19歳,002,中国,10000,群馬県,1980000000,1980年,人
22,00700,全域,001,男,203,15～19歳,002,中国,11000,埼玉県,1980000000,1980年,人
32,00700,全域,001,男,203,15～19歳,002,中国,12000,千葉県,1980000000,1980年,人
306,00700,全域,001,男,203,15～19歳,002,中国,13000,東京都,1980000000,1980年,人
176,00700,全域,001,男,203,15～19歳,002,中国,14000,神奈川県,1980000000,1980年,人
10,00700,全域,001,男,203,15～19歳,002,中国,15000,新潟県,1980000000,1980年,人
1,00700,全域,001,男,203,15～19歳,002,中国,17000,石川県,1980000000,1980年,人
3,00700,全域,001,男,203,15～19歳,002,中国,18000,福井県,1980000000,1980年,人
6,00700,全域,001,男,203,15～19歳,002,中国,19000,山梨県,1980000000,1980年,人
25,00700,全域,001,男,203,15～19歳,002,中国,20000,長野県,1980000000,1980年,人
8,00700,全域,001,男,203,15～19歳,002,中国,21000,岐阜県,1980000000,1980年,人
11,00700,全域,001,男,203,15～19歳,002,中国,22000,静岡県,1980000000,1980年,人
30,00700,全域,001,男,203,15～19歳,002,中国,23000,愛知県,1980000000,1980年,人
8,00700,全域,001,男,203,15～19歳,002,中国,24000,三重県,1980000000,1980年,人
2,00700,全域,001,男,203,15～19歳,002,中国,25000,滋賀県,1980000000,1980年,人
29,00700,全域,001,男,203,15～19歳,002,中国,26000,京都府,1980000000,1980年,人
149,00700,全域,001,男,203,15～19歳,002,中国,27000,大阪府,1980000000,1980年,人
270,00700,全域,001,男,203,15～19歳,002,中国,28000,兵庫県,1980000000,1980年,人
6,00700,全域,001,男,203,15～19歳,002,中国,29000,奈良県,1980000000,1980年,人
18,00700,全域,001,男,203,15～19歳,002,中国,30000,和歌山県,1980000000,1980年,人
1,00700,全域,001,男,203,15～19歳,002,中国,31000,鳥取県,1980000000,1980年,人
9,00700,全域,001,男,203,15～19歳,002,中国,32000,島根県,1980000000,1980年,人
7,00700,全域,001,男,203,15～19歳,002,中国,33000,岡山県,1980000000,1980年,人
12,00700,全域,001,男,203,15～19歳,002,中国,34000,広島県,1980000000,1980年,人
5,00700,全域,001,男,203,15～19歳,002,中国,35000,山口県,1980000000,1980年,人
2,00700,全域,001,男,203,15～19歳,002,中国,36000,徳島県,1980000000,1980年,人
4,00700,全域,001,男,203,15～19歳,002,中国,37000,香川県,1980000000,1980年,人
5,00700,全域,001,男,203,15～19歳,002,中国,38000,愛媛県,1980000000,1980年,人
4,00700,全域,001,男,203,15～19歳,002,中国,39000,高知県,1980000000,1980年,人
42,00700,全域,001,男,203,15～19歳,002,中国,40000,福岡県,1980000000,1980年,人
7,00700,全域,001,男,203,15～19歳,002,中国,41000,佐賀県,1980000000,1980年,人
15,00700,全域,001,男,203,15～19歳,002,中国,42000,長崎県,1980000000,1980年,人
17,00700,全域,001,男,203,15～19歳,002,中国,43000,熊本県,1980000000,1980年,人
13,00700,全域,001,男,203,15～19歳,002,中国,44000,大分県,1980000000,1980年,人
1,00700,全域,001,男,203,15～19歳,002,中国,45000,宮崎県,1980000000,1980年,人
29,00700,全域,001,男,203,15～19歳,002,中国,46000,鹿児島県,1980000000,1980年,人
35,00700,全域,001,男,203,15～19歳,002,中国,47000,沖縄県,1980000000,1980年,人
807,00700,全域,001,男,203,15～19歳,003,アメリカ,00000,全国,1980000000,1980年,人
760,00700,全域,001,男,203,15～19歳,003,アメリカ,00001,全国市部,1980000000,1980年,人
47,00700,全域,001,男,203,15～19歳,003,アメリカ,00002,全国郡部,1980000000,1980年,人
46,00700,全域,001,男,203,15～19歳,003,アメリカ,01000,北海道,1980000000,1980年,人
3,00700,全域,001,男,203,15～19歳,003,アメリカ,02000,青森県,1980000000,1980年,人
3,00700,全域,001,男,203,15～19歳,003,アメリカ,03000,岩手県,1980000000,1980年,人
14,00700,全域,001,男,203,15～19歳,003,アメリカ,04000,宮城県,1980000000,1980年,人
4,00700,全域,001,男,203,15～19歳,003,アメリカ,05000,秋田県,1980000000,1980年,人
8,00700,全域,001,男,203,15～19歳,003,アメリカ,06000,山形県,1980000000,1980年,人
9,00700,全域,001,男,203,15～19歳,003,アメリカ,07000,福島県,1980000000,1980年,人
2,00700,全域,001,男,203,15～19歳,003,アメリカ,08000,茨城県,1980000000,1980年,人
6,00700,全域,001,男,203,15～19歳,003,アメリカ,09000,栃木県,1980000000,1980年,人
6,00700,全域,001,男,203,15～19歳,003,アメリカ,10000,群馬県,1980000000,1980年,人
26,00700,全域,001,男,203,15～19歳,003,アメリカ,11000,埼玉県,1980000000,1980年,人
11,00700,全域,001,男,203,15～19歳,003,アメリカ,12000,千葉県,1980000000,1980年,人
216,00700,全域,001,男,203,15～19歳,003,アメリカ,13000,東京都,1980000000,1980年,人
70,00700,全域,001,男,203,15～19歳,003,アメリカ,14000,神奈川県,1980000000,1980年,人
2,00700,全域,001,男,203,15～19歳,003,アメリカ,15000,新潟県,1980000000,1980年,人
3,00700,全域,001,男,203,15～19歳,003,アメリカ,16000,富山県,1980000000,1980年,人
3,00700,全域,001,男,203,15～19歳,003,アメリカ,17000,石川県,1980000000,1980年,人
1,00700,全域,001,男,203,15～19歳,003,アメリカ,18000,福井県,1980000000,1980年,人
3,00700,全域,001,男,203,15～19歳,003,アメリカ,19000,山梨県,1980000000,1980年,人
3,00700,全域,001,男,203,15～19歳,003,アメリカ,20000,長野県,1980000000,1980年,人
5,00700,全域,001,男,203,15～19歳,003,アメリカ,21000,岐阜県,1980000000,1980年,人
9,00700,全域,001,男,203,15～19歳,003,アメリカ,22000,静岡県,1980000000,1980年,人
35,00700,全域,001,男,203,15～19歳,003,アメリカ,23000,愛知県,1980000000,1980年,人
7,00700,全域,001,男,203,15～19歳,003,アメリカ,24000,三重県,1980000000,1980年,人
3,00700,全域,001,男,203,15～19歳,003,アメリカ,25000,滋賀県,1980000000,1980年,人
14,00700,全域,001,男,203,15～19歳,003,アメリカ,26000,京都府,1980000000,1980年,人
25,00700,全域,001,男,203,15～19歳,003,アメリカ,27000,大阪府,1980000000,1980年,人
48,00700,全域,001,男,203,15～19歳,003,アメリカ,28000,兵庫県,1980000000,1980年,人
8,00700,全域,001,男,203,15～19歳,003,アメリカ,29000,奈良県,1980000000,1980年,人
12,00700,全域,001,男,203,15～19歳,003,アメリカ,30000,和歌山県,1980000000,1980年,人
4,00700,全域,001,男,203,15～19歳,003,アメリカ,31000,鳥取県,1980000000,1980年,人
1,00700,全域,001,男,203,15～19歳,003,アメリカ,32000,島根県,1980000000,1980年,人
5,00700,全域,001,男,203,15～19歳,003,アメリカ,33000,岡山県,1980000000,1980年,人
22,00700,全域,001,男,203,15～19歳,003,アメリカ,34000,広島県,1980000000,1980年,人
10,00700,全域,001,男,203,15～19歳,003,アメリカ,35000,山口県,1980000000,1980年,人
1,00700,全域,001,男,203,15～19歳,003,アメリカ,37000,香川県,1980000000,1980年,人
5,00700,全域,001,男,203,15～19歳,003,アメリカ,38000,愛媛県,1980000000,1980年,人
2,00700,全域,001,男,203,15～19歳,003,アメリカ,39000,高知県,1980000000,1980年,人
32,00700,全域,001,男,203,15～19歳,003,アメリカ,40000,福岡県,1980000000,1980年,人
3,00700,全域,001,男,203,15～19歳,003,アメリカ,41000,佐賀県,1980000000,1980年,人
17,00700,全域,001,男,203,15～19歳,003,アメリカ,42000,長崎県,1980000000,1980年,人
2,00700,全域,001,男,203,15～19歳,003,アメリカ,43000,熊本県,1980000000,1980年,人
5,00700,全域,001,男,203,15～19歳,003,アメリカ,44000,大分県,1980000000,1980年,人
6,00700,全域,001,男,203,15～19歳,003,アメリカ,45000,宮崎県,1980000000,1980年,人
6,00700,全域,001,男,203,15～19歳,003,アメリカ,46000,鹿児島県,1980000000,1980年,人
81,00700,全域,001,男,203,15～19歳,003,アメリカ,47000,沖縄県,1980000000,1980年,人
870,00700,全域,001,男,203,15～19歳,004,その他,00000,全国,1980000000,1980年,人
676,00700,全域,001,男,203,15～19歳,004,その他,00001,全国市部,1980000000,1980年,人
194,00700,全域,001,男,203,15～19歳,004,その他,00002,全国郡部,1980000000,1980年,人
4,00700,全域,001,男,203,15～19歳,004,その他,01000,北海道,1980000000,1980年,人
1,00700,全域,001,男,203,15～19歳,004,その他,02000,青森県,1980000000,1980年,人
2,00700,全域,001,男,203,15～19歳,004,その他,03000,岩手県,1980000000,1980年,人
5,00700,全域,001,男,203,15～19歳,004,その他,04000,宮城県,1980000000,1980年,人
2,00700,全域,001,男,203,15～19歳,004,その他,05000,秋田県,1980000000,1980年,人
1,00700,全域,001,男,203,15～19歳,004,その他,06000,山形県,1980000000,1980年,人
1,00700,全域,001,男,203,15～19歳,004,その他,07000,福島県,1980000000,1980年,人
2,00700,全域,001,男,203,15～19歳,004,その他,08000,茨城県,1980000000,1980年,人
4,00700,全域,001,男,203,15～19歳,004,その他,09000,栃木県,1980000000,1980年,人
6,00700,全域,001,男,203,15～19歳,004,その他,10000,群馬県,1980000000,1980年,人
41,00700,全域,001,男,203,15～19歳,004,その他,11000,埼玉県,1980000000,1980年,人
22,00700,全域,001,男,203,15～19歳,004,その他,12000,千葉県,1980000000,1980年,人
207,00700,全域,001,男,203,15～19歳,004,その他,13000,東京都,1980000000,1980年,人
102,00700,全域,001,男,203,15～19歳,004,その他,14000,神奈川県,1980000000,1980年,人
7,00700,全域,001,男,203,15～19歳,004,その他,15000,新潟県,1980000000,1980年,人
1,00700,全域,001,男,203,15～19歳,004,その他,16000,富山県,1980000000,1980年,人
3,00700,全域,001,男,203,15～19歳,004,その他,17000,石川県,1980000000,1980年,人
2,00700,全域,001,男,203,15～19歳,004,その他,18000,福井県,1980000000,1980年,人
3,00700,全域,001,男,203,15～19歳,004,その他,19000,山梨県,1980000000,1980年,人
4,00700,全域,001,男,203,15～19歳,004,その他,20000,長野県,1980000000,1980年,人
4,00700,全域,001,男,203,15～19歳,004,その他,21000,岐阜県,1980000000,1980年,人
24,00700,全域,001,男,203,15～19歳,004,その他,22000,静岡県,1980000000,1980年,人
24,00700,全域,001,男,203,15～19歳,004,その他,23000,愛知県,1980000000,1980年,人
3,00700,全域,001,男,203,15～19歳,004,その他,24000,三重県,1980000000,1980年,人
12,00700,全域,001,男,203,15～19歳,004,その他,25000,滋賀県,1980000000,1980年,人
4,00700,全域,001,男,203,15～19歳,004,その他,26000,京都府,1980000000,1980年,人
24,00700,全域,001,男,203,15～19歳,004,その他,27000,大阪府,1980000000,1980年,人
74,00700,全域,001,男,203,15～19歳,004,その他,28000,兵庫県,1980000000,1980年,人
7,00700,全域,001,男,203,15～19歳,004,その他,29000,奈良県,1980000000,1980年,人
7,00700,全域,001,男,203,15～19歳,004,その他,30000,和歌山県,1980000000,1980年,人
3,00700,全域,001,男,203,15～19歳,004,その他,31000,鳥取県,1980000000,1980年,人
5,00700,全域,001,男,203,15～19歳,004,その他,33000,岡山県,1980000000,1980年,人
40,00700,全域,001,男,203,15～19歳,004,その他,34000,広島県,1980000000,1980年,人
5,00700,全域,001,男,203,15～19歳,004,その他,35000,山口県,1980000000,1980年,人
2,00700,全域,001,男,203,15～19歳,004,その他,36000,徳島県,1980000000,1980年,人
4,00700,全域,001,男,203,15～19歳,004,その他,37000,香川県,1980000000,1980年,人
2,00700,全域,001,男,203,15～19歳,004,その他,38000,愛媛県,1980000000,1980年,人
5,00700,全域,001,男,203,15～19歳,004,その他,39000,高知県,1980000000,1980年,人
24,00700,全域,001,男,203,15～19歳,004,その他,40000,福岡県,1980000000,1980年,人
38,00700,全域,001,男,203,15～19歳,004,その他,42000,長崎県,1980000000,1980年,人
15,00700,全域,001,男,203,15～19歳,004,その他,43000,熊本県,1980000000,1980年,人
11,00700,全域,001,男,203,15～19歳,004,その他,44000,大分県,1980000000,1980年,人
10,00700,全域,001,男,203,15～19歳,004,その他,45000,宮崎県,1980000000,1980年,人
4,00700,全域,001,男,203,15～19歳,004,その他,46000,鹿児島県,1980000000,1980年,人
99,00700,全域,001,男,203,15～19歳,004,その他,47000,沖縄県,1980000000,1980年,人
28099,00700,全域,001,男,204,20～24歳,000,国籍総数,00000,全国,1980000000,1980年,人
26254,00700,全域,001,男,204,20～24歳,000,国籍総数,00001,全国市部,1980000000,1980年,人
1845,00700,全域,001,男,204,20～24歳,000,国籍総数,00002,全国郡部,1980000000,1980年,人
352,00700,全域,001,男,204,20～24歳,000,国籍総数,01000,北海道,1980000000,1980年,人
64,00700,全域,001,男,204,20～24歳,000,国籍総数,02000,青森県,1980000000,1980年,人
82,00700,全域,001,男,204,20～24歳,000,国籍総数,03000,岩手県,1980000000,1980年,人
179,00700,全域,001,男,204,20～24歳,000,国籍総数,04000,宮城県,1980000000,1980年,人
44,00700,全域,001,男,204,20～24歳,000,国籍総数,05000,秋田県,1980000000,1980年,人
36,00700,全域,001,男,204,20～24歳,000,国籍総数,06000,山形県,1980000000,1980年,人
87,00700,全域,001,男,204,20～24歳,000,国籍総数,07000,福島県,1980000000,1980年,人
154,00700,全域,001,男,204,20～24歳,000,国籍総数,08000,茨城県,1980000000,1980年,人
100,00700,全域,001,男,204,20～24歳,000,国籍総数,09000,栃木県,1980000000,1980年,人
133,00700,全域,001,男,204,20～24歳,000,国籍総数,10000,群馬県,1980000000,1980年,人
459,00700,全域,001,男,204,20～24歳,000,国籍総数,11000,埼玉県,1980000000,1980年,人
447,00700,全域,001,男,204,20～24歳,000,国籍総数,12000,千葉県,1980000000,1980年,人
4664,00700,全域,001,男,204,20～24歳,000,国籍総数,13000,東京都,1980000000,1980年,人
1523,00700,全域,001,男,204,20～24歳,000,国籍総数,14000,神奈川県,1980000000,1980年,人
117,00700,全域,001,男,204,20～24歳,000,国籍総数,15000,新潟県,1980000000,1980年,人
75,00700,全域,001,男,204,20～24歳,000,国籍総数,16000,富山県,1980000000,1980年,人
112,00700,全域,001,男,204,20～24歳,000,国籍総数,17000,石川県,1980000000,1980年,人
187,00700,全域,001,男,204,20～24歳,000,国籍総数,18000,福井県,1980000000,1980年,人
40,00700,全域,001,男,204,20～24歳,000,国籍総数,19000,山梨県,1980000000,1980年,人
180,00700,全域,001,男,204,20～24歳,000,国籍総数,20000,長野県,1980000000,1980年,人
377,00700,全域,001,男,204,20～24歳,000,国籍総数,21000,岐阜県,1980000000,1980年,人
328,00700,全域,001,男,204,20～24歳,000,国籍総数,22000,静岡県,1980000000,1980年,人
2087,00700,全域,001,男,204,20～24歳,000,国籍総数,23000,愛知県,1980000000,1980年,人
269,00700,全域,001,男,204,20～24歳,000,国籍総数,24000,三重県,1980000000,1980年,人
264,00700,全域,001,男,204,20～24歳,000,国籍総数,25000,滋賀県,1980000000,1980年,人
1869,00700,全域,001,男,204,20～24歳,000,国籍総数,26000,京都府,1980000000,1980年,人
7240,00700,全域,001,男,204,20～24歳,000,国籍総数,27000,大阪府,1980000000,1980年,人
2840,00700,全域,001,男,204,20～24歳,000,国籍総数,28000,兵庫県,1980000000,1980年,人
280,00700,全域,001,男,204,20～24歳,000,国籍総数,29000,奈良県,1980000000,1980年,人
145,00700,全域,001,男,204,20～24歳,000,国籍総数,30000,和歌山県,1980000000,1980年,人
52,00700,全域,001,男,204,20～24歳,000,国籍総数,31000,鳥取県,1980000000,1980年,人
39,00700,全域,001,男,204,20～24歳,000,国籍総数,32000,島根県,1980000000,1980年,人
239,00700,全域,001,男,204,20～24歳,000,国籍総数,33000,岡山県,1980000000,1980年,人
532,00700,全域,001,男,204,20～24歳,000,国籍総数,34000,広島県,1980000000,1980年,人
566,00700,全域,001,男,204,20～24歳,000,国籍総数,35000,山口県,1980000000,1980年,人
46,00700,全域,001,男,204,20～24歳,000,国籍総数,36000,徳島県,1980000000,1980年,人
45,00700,全域,001,男,204,20～24歳,000,国籍総数,37000,香川県,1980000000,1980年,人
75,00700,全域,001,男,204,20～24歳,000,国籍総数,38000,愛媛県,1980000000,1980年,人
42,00700,全域,001,男,204,20～24歳,000,国籍総数,39000,高知県,1980000000,1980年,人
1064,00700,全域,001,男,204,20～24歳,000,国籍総数,40000,福岡県,1980000000,1980年,人
63,00700,全域,001,男,204,20～24歳,000,国籍総数,41000,佐賀県,1980000000,1980年,人
107,00700,全域,001,男,204,20～24歳,000,国籍総数,42000,長崎県,1980000000,1980年,人
91,00700,全域,001,男,204,20～24歳,000,国籍総数,43000,熊本県,1980000000,1980年,人
114,00700,全域,001,男,204,20～24歳,000,国籍総数,44000,大分県,1980000000,1980年,人
62,00700,全域,001,男,204,20～24歳,000,国籍総数,45000,宮崎県,1980000000,1980年,人
51,00700,全域,001,男,204,20～24歳,000,国籍総数,46000,鹿児島県,1980000000,1980年,人
177,00700,全域,001,男,204,20～24歳,000,国籍総数,47000,沖縄県,1980000000,1980年,人
22829,00700,全域,001,男,204,20～24歳,001,韓国・朝鮮,00000,全国,1980000000,1980年,人
21423,00700,全域,001,男,204,20～24歳,001,韓国・朝鮮,00001,全国市部,1980000000,1980年,人
1406,00700,全域,001,男,204,20～24歳,001,韓国・朝鮮,00002,全国郡部,1980000000,1980年,人
239,00700,全域,001,男,204,20～24歳,001,韓国・朝鮮,01000,北海道,1980000000,1980年,人
45,00700,全域,001,男,204,20～24歳,001,韓国・朝鮮,02000,青森県,1980000000,1980年,人
53,00700,全域,001,男,204,20～24歳,001,韓国・朝鮮,03000,岩手県,1980000000,1980年,人
117,00700,全域,001,男,204,20～24歳,001,韓国・朝鮮,04000,宮城県,1980000000,1980年,人
22,00700,全域,001,男,204,20～24歳,001,韓国・朝鮮,05000,秋田県,1980000000,1980年,人
15,00700,全域,001,男,204,20～24歳,001,韓国・朝鮮,06000,山形県,1980000000,1980年,人
43,00700,全域,001,男,204,20～24歳,001,韓国・朝鮮,07000,福島県,1980000000,1980年,人
108,00700,全域,001,男,204,20～24歳,001,韓国・朝鮮,08000,茨城県,1980000000,1980年,人
68,00700,全域,001,男,204,20～24歳,001,韓国・朝鮮,09000,栃木県,1980000000,1980年,人
72,00700,全域,001,男,204,20～24歳,001,韓国・朝鮮,10000,群馬県,1980000000,1980年,人
334,00700,全域,001,男,204,20～24歳,001,韓国・朝鮮,11000,埼玉県,1980000000,1980年,人
328,00700,全域,001,男,204,20～24歳,001,韓国・朝鮮,12000,千葉県,1980000000,1980年,人
3107,00700,全域,001,男,204,20～24歳,001,韓国・朝鮮,13000,東京都,1980000000,1980年,人
1027,00700,全域,001,男,204,20～24歳,001,韓国・朝鮮,14000,神奈川県,1980000000,1980年,人
82,00700,全域,001,男,204,20～24歳,001,韓国・朝鮮,15000,新潟県,1980000000,1980年,人
55,00700,全域,001,男,204,20～24歳,001,韓国・朝鮮,16000,富山県,1980000000,1980年,人
101,00700,全域,001,男,204,20～24歳,001,韓国・朝鮮,17000,石川県,1980000000,1980年,人
163,00700,全域,001,男,204,20～24歳,001,韓国・朝鮮,18000,福井県,1980000000,1980年,人
26,00700,全域,001,男,204,20～24歳,001,韓国・朝鮮,19000,山梨県,1980000000,1980年,人
121,00700,全域,001,男,204,20～24歳,001,韓国・朝鮮,20000,長野県,1980000000,1980年,人
352,00700,全域,001,男,204,20～24歳,001,韓国・朝鮮,21000,岐阜県,1980000000,1980年,人
249,00700,全域,001,男,204,20～24歳,001,韓国・朝鮮,22000,静岡県,1980000000,1980年,人
1896,00700,全域,001,男,204,20～24歳,001,韓国・朝鮮,23000,愛知県,1980000000,1980年,人
237,00700,全域,001,男,204,20～24歳,001,韓国・朝鮮,24000,三重県,1980000000,1980年,人
228,00700,全域,001,男,204,20～24歳,001,韓国・朝鮮,25000,滋賀県,1980000000,1980年,人
1704,00700,全域,001,男,204,20～24歳,001,韓国・朝鮮,26000,京都府,1980000000,1980年,人
6746,00700,全域,001,男,204,20～24歳,001,韓国・朝鮮,27000,大阪府,1980000000,1980年,人
2422,00700,全域,001,男,204,20～24歳,001,韓国・朝鮮,28000,兵庫県,1980000000,1980年,人
212,00700,全域,001,男,204,20～24歳,001,韓国・朝鮮,29000,奈良県,1980000000,1980年,人
108,00700,全域,001,男,204,20～24歳,001,韓国・朝鮮,30000,和歌山県,1980000000,1980年,人
40,00700,全域,001,男,204,20～24歳,001,韓国・朝鮮,31000,鳥取県,1980000000,1980年,人
34,00700,全域,001,男,204,20～24歳,001,韓国・朝鮮,32000,島根県,1980000000,1980年,人
206,00700,全域,001,男,204,20～24歳,001,韓国・朝鮮,33000,岡山県,1980000000,1980年,人
447,00700,全域,001,男,204,20～24歳,001,韓国・朝鮮,34000,広島県,1980000000,1980年,人
502,00700,全域,001,男,204,20～24歳,001,韓国・朝鮮,35000,山口県,1980000000,1980年,人
24,00700,全域,001,男,204,20～24歳,001,韓国・朝鮮,36000,徳島県,1980000000,1980年,人
20,00700,全域,001,男,204,20～24歳,001,韓国・朝鮮,37000,香川県,1980000000,1980年,人
44,00700,全域,001,男,204,20～24歳,001,韓国・朝鮮,38000,愛媛県,1980000000,1980年,人
30,00700,全域,001,男,204,20～24歳,001,韓国・朝鮮,39000,高知県,1980000000,1980年,人
901,00700,全域,001,男,204,20～24歳,001,韓国・朝鮮,40000,福岡県,1980000000,1980年,人
49,00700,全域,001,男,204,20～24歳,001,韓国・朝鮮,41000,佐賀県,1980000000,1980年,人
72,00700,全域,001,男,204,20～24歳,001,韓国・朝鮮,42000,長崎県,1980000000,1980年,人
50,00700,全域,001,男,204,20～24歳,001,韓国・朝鮮,43000,熊本県,1980000000,1980年,人
90,00700,全域,001,男,204,20～24歳,001,韓国・朝鮮,44000,大分県,1980000000,1980年,人
20,00700,全域,001,男,204,20～24歳,001,韓国・朝鮮,45000,宮崎県,1980000000,1980年,人
13,00700,全域,001,男,204,20～24歳,001,韓国・朝鮮,46000,鹿児島県,1980000000,1980年,人
7,00700,全域,001,男,204,20～24歳,001,韓国・朝鮮,47000,沖縄県,1980000000,1980年,人
1649,00700,全域,001,男,204,20～24歳,002,中国,00000,全国,1980000000,1980年,人
1583,00700,全域,001,男,204,20～24歳,002,中国,00001,全国市部,1980000000,1980年,人
66,00700,全域,001,男,204,20～24歳,002,中国,00002,全国郡部,1980000000,1980年,人
32,00700,全域,001,男,204,20～24歳,002,中国,01000,北海道,1980000000,1980年,人
7,00700,全域,001,男,204,20～24歳,002,中国,02000,青森県,1980000000,1980年,人
4,00700,全域,001,男,204,20～24歳,002,中国,03000,岩手県,1980000000,1980年,人
9,00700,全域,001,男,204,20～24歳,002,中国,04000,宮城県,1980000000,1980年,人
5,00700,全域,001,男,204,20～24歳,002,中国,05000,秋田県,1980000000,1980年,人
5,00700,全域,001,男,204,20～24歳,002,中国,06000,山形県,1980000000,1980年,人
10,00700,全域,001,男,204,20～24歳,002,中国,07000,福島県,1980000000,1980年,人
4,00700,全域,001,男,204,20～24歳,002,中国,08000,茨城県,1980000000,1980年,人
6,00700,全域,001,男,204,20～24歳,002,中国,09000,栃木県,1980000000,1980年,人
4,00700,全域,001,男,204,20～24歳,002,中国,10000,群馬県,1980000000,1980年,人
40,00700,全域,001,男,204,20～24歳,002,中国,11000,埼玉県,1980000000,1980年,人
35,00700,全域,001,男,204,20～24歳,002,中国,12000,千葉県,1980000000,1980年,人
567,00700,全域,001,男,204,20～24歳,002,中国,13000,東京都,1980000000,1980年,人
166,00700,全域,001,男,204,20～24歳,002,中国,14000,神奈川県,1980000000,1980年,人
7,00700,全域,001,男,204,20～24歳,002,中国,15000,新潟県,1980000000,1980年,人
3,00700,全域,001,男,204,20～24歳,002,中国,16000,富山県,1980000000,1980年,人
2,00700,全域,001,男,204,20～24歳,002,中国,17000,石川県,1980000000,1980年,人
5,00700,全域,001,男,204,20～24歳,002,中国,18000,福井県,1980000000,1980年,人
7,00700,全域,001,男,204,20～24歳,002,中国,19000,山梨県,1980000000,1980年,人
13,00700,全域,001,男,204,20～24歳,002,中国,20000,長野県,1980000000,1980年,人
5,00700,全域,001,男,204,20～24歳,002,中国,21000,岐阜県,1980000000,1980年,人
3,00700,全域,001,男,204,20～24歳,002,中国,22000,静岡県,1980000000,1980年,人
48,00700,全域,001,男,204,20～24歳,002,中国,23000,愛知県,1980000000,1980年,人
7,00700,全域,001,男,204,20～24歳,002,中国,24000,三重県,1980000000,1980年,人
7,00700,全域,001,男,204,20～24歳,002,中国,25000,滋賀県,1980000000,1980年,人
37,00700,全域,001,男,204,20～24歳,002,中国,26000,京都府,1980000000,1980年,人
217,00700,全域,001,男,204,20～24歳,002,中国,27000,大阪府,1980000000,1980年,人
229,00700,全域,001,男,204,20～24歳,002,中国,28000,兵庫県,1980000000,1980年,人
11,00700,全域,001,男,204,20～24歳,002,中国,29000,奈良県,1980000000,1980年,人
9,00700,全域,001,男,204,20～24歳,002,中国,30000,和歌山県,1980000000,1980年,人
2,00700,全域,001,男,204,20～24歳,002,中国,32000,島根県,1980000000,1980年,人
5,00700,全域,001,男,204,20～24歳,002,中国,33000,岡山県,1980000000,1980年,人
11,00700,全域,001,男,204,20～24歳,002,中国,34000,広島県,1980000000,1980年,人
10,00700,全域,001,男,204,20～24歳,002,中国,35000,山口県,1980000000,1980年,人
5,00700,全域,001,男,204,20～24歳,002,中国,36000,徳島県,1980000000,1980年,人
6,00700,全域,001,男,204,20～24歳,002,中国,37000,香川県,1980000000,1980年,人
2,00700,全域,001,男,204,20～24歳,002,中国,38000,愛媛県,1980000000,1980年,人
1,00700,全域,001,男,204,20～24歳,002,中国,39000,高知県,1980000000,1980年,人
51,00700,全域,001,男,204,20～24歳,002,中国,40000,福岡県,1980000000,1980年,人
2,00700,全域,001,男,204,20～24歳,002,中国,41000,佐賀県,1980000000,1980年,人
9,00700,全域,001,男,204,20～24歳,002,中国,42000,長崎県,1980000000,1980年,人
11,00700,全域,001,男,204,20～24歳,002,中国,43000,熊本県,1980000000,1980年,人
6,00700,全域,001,男,204,20～24歳,002,中国,44000,大分県,1980000000,1980年,人
3,00700,全域,001,男,204,20～24歳,002,中国,45000,宮崎県,1980000000,1980年,人
12,00700,全域,001,男,204,20～24歳,002,中国,46000,鹿児島県,1980000000,1980年,人
9,00700,全域,001,男,204,20～24歳,002,中国,47000,沖縄県,1980000000,1980年,人
1325,00700,全域,001,男,204,20～24歳,003,アメリカ,00000,全国,1980000000,1980年,人
1277,00700,全域,001,男,204,20～24歳,003,アメリカ,00001,全国市部,1980000000,1980年,人
48,00700,全域,001,男,204,20～24歳,003,アメリカ,00002,全国郡部,1980000000,1980年,人
56,00700,全域,001,男,204,20～24歳,003,アメリカ,01000,北海道,1980000000,1980年,人
10,00700,全域,001,男,204,20～24歳,003,アメリカ,02000,青森県,1980000000,1980年,人
16,00700,全域,001,男,204,20～24歳,003,アメリカ,03000,岩手県,1980000000,1980年,人
31,00700,全域,001,男,204,20～24歳,003,アメリカ,04000,宮城県,1980000000,1980年,人
6,00700,全域,001,男,204,20～24歳,003,アメリカ,05000,秋田県,1980000000,1980年,人
11,00700,全域,001,男,204,20～24歳,003,アメリカ,06000,山形県,1980000000,1980年,人
17,00700,全域,001,男,204,20～24歳,003,アメリカ,07000,福島県,1980000000,1980年,人
15,00700,全域,001,男,204,20～24歳,003,アメリカ,08000,茨城県,1980000000,1980年,人
9,00700,全域,001,男,204,20～24歳,003,アメリカ,09000,栃木県,1980000000,1980年,人
14,00700,全域,001,男,204,20～24歳,003,アメリカ,10000,群馬県,1980000000,1980年,人
22,00700,全域,001,男,204,20～24歳,003,アメリカ,11000,埼玉県,1980000000,1980年,人
24,00700,全域,001,男,204,20～24歳,003,アメリカ,12000,千葉県,1980000000,1980年,人
318,00700,全域,001,男,204,20～24歳,003,アメリカ,13000,東京都,1980000000,1980年,人
133,00700,全域,001,男,204,20～24歳,003,アメリカ,14000,神奈川県,1980000000,1980年,人
15,00700,全域,001,男,204,20～24歳,003,アメリカ,15000,新潟県,1980000000,1980年,人
9,00700,全域,001,男,204,20～24歳,003,アメリカ,16000,富山県,1980000000,1980年,人
3,00700,全域,001,男,204,20～24歳,003,アメリカ,17000,石川県,1980000000,1980年,人
9,00700,全域,001,男,204,20～24歳,003,アメリカ,18000,福井県,1980000000,1980年,人
3,00700,全域,001,男,204,20～24歳,003,アメリカ,19000,山梨県,1980000000,1980年,人
10,00700,全域,001,男,204,20～24歳,003,アメリカ,20000,長野県,1980000000,1980年,人
10,00700,全域,001,男,204,20～24歳,003,アメリカ,21000,岐阜県,1980000000,1980年,人
21,00700,全域,001,男,204,20～24歳,003,アメリカ,22000,静岡県,1980000000,1980年,人
63,00700,全域,001,男,204,20～24歳,003,アメリカ,23000,愛知県,1980000000,1980年,人
14,00700,全域,001,男,204,20～24歳,003,アメリカ,24000,三重県,1980000000,1980年,人
5,00700,全域,001,男,204,20～24歳,003,アメリカ,25000,滋賀県,1980000000,1980年,人
54,00700,全域,001,男,204,20～24歳,003,アメリカ,26000,京都府,1980000000,1980年,人
78,00700,全域,001,男,204,20～24歳,003,アメリカ,27000,大阪府,1980000000,1980年,人
51,00700,全域,001,男,204,20～24歳,003,アメリカ,28000,兵庫県,1980000000,1980年,人
13,00700,全域,001,男,204,20～24歳,003,アメリカ,29000,奈良県,1980000000,1980年,人
13,00700,全域,001,男,204,20～24歳,003,アメリカ,30000,和歌山県,1980000000,1980年,人
7,00700,全域,001,男,204,20～24歳,003,アメリカ,31000,鳥取県,1980000000,1980年,人
2,00700,全域,001,男,204,20～24歳,003,アメリカ,32000,島根県,1980000000,1980年,人
20,00700,全域,001,男,204,20～24歳,003,アメリカ,33000,岡山県,1980000000,1980年,人
22,00700,全域,001,男,204,20～24歳,003,アメリカ,34000,広島県,1980000000,1980年,人
30,00700,全域,001,男,204,20～24歳,003,アメリカ,35000,山口県,1980000000,1980年,人
6,00700,全域,001,男,204,20～24歳,003,アメリカ,36000,徳島県,1980000000,1980年,人
4,00700,全域,001,男,204,20～24歳,003,アメリカ,37000,香川県,1980000000,1980年,人
16,00700,全域,001,男,204,20～24歳,003,アメリカ,38000,愛媛県,1980000000,1980年,人
5,00700,全域,001,男,204,20～24歳,003,アメリカ,39000,高知県,1980000000,1980年,人
47,00700,全域,001,男,204,20～24歳,003,アメリカ,40000,福岡県,1980000000,1980年,人
6,00700,全域,001,男,204,20～24歳,003,アメリカ,41000,佐賀県,1980000000,1980年,人
12,00700,全域,001,男,204,20～24歳,003,アメリカ,42000,長崎県,1980000000,1980年,人
9,00700,全域,001,男,204,20～24歳,003,アメリカ,43000,熊本県,1980000000,1980年,人
3,00700,全域,001,男,204,20～24歳,003,アメリカ,44000,大分県,1980000000,1980年,人
14,00700,全域,001,男,204,20～24歳,003,アメリカ,45000,宮崎県,1980000000,1980年,人
15,00700,全域,001,男,204,20～24歳,003,アメリカ,46000,鹿児島県,1980000000,1980年,人
54,00700,全域,001,男,204,20～24歳,003,アメリカ,47000,沖縄県,1980000000,1980年,人
1598,00700,全域,001,男,204,20～24歳,004,その他,00000,全国,1980000000,1980年,人
1350,00700,全域,001,男,204,20～24歳,004,その他,00001,全国市部,1980000000,1980年,人
248,00700,全域,001,男,204,20～24歳,004,その他,00002,全国郡部,1980000000,1980年,人
16,00700,全域,001,男,204,20～24歳,004,その他,01000,北海道,1980000000,1980年,人
3,00700,全域,001,男,204,20～24歳,004,その他,03000,岩手県,1980000000,1980年,人
17,00700,全域,001,男,204,20～24歳,004,その他,04000,宮城県,1980000000,1980年,人
8,00700,全域,001,男,204,20～24歳,004,その他,05000,秋田県,1980000000,1980年,人
2,00700,全域,001,男,204,20～24歳,004,その他,06000,山形県,1980000000,1980年,人
4,00700,全域,001,男,204,20～24歳,004,その他,07000,福島県,1980000000,1980年,人
19,00700,全域,001,男,204,20～24歳,004,その他,08000,茨城県,1980000000,1980年,人
13,00700,全域,001,男,204,20～24歳,004,その他,09000,栃木県,1980000000,1980年,人
28,00700,全域,001,男,204,20～24歳,004,その他,10000,群馬県,1980000000,1980年,人
48,00700,全域,001,男,204,20～24歳,004,その他,11000,埼玉県,1980000000,1980年,人
46,00700,全域,001,男,204,20～24歳,004,その他,12000,千葉県,1980000000,1980年,人
502,00700,全域,001,男,204,20～24歳,004,その他,13000,東京都,1980000000,1980年,人
151,00700,全域,001,男,204,20～24歳,004,その他,14000,神奈川県,1980000000,1980年,人
10,00700,全域,001,男,204,20～24歳,004,その他,15000,新潟県,1980000000,1980年,人
7,00700,全域,001,男,204,20～24歳,004,その他,16000,富山県,1980000000,1980年,人
6,00700,全域,001,男,204,20～24歳,004,その他,17000,石川県,1980000000,1980年,人
6,00700,全域,001,男,204,20～24歳,004,その他,18000,福井県,1980000000,1980年,人
2,00700,全域,001,男,204,20～24歳,004,その他,19000,山梨県,1980000000,1980年,人
26,00700,全域,001,男,204,20～24歳,004,その他,20000,長野県,1980000000,1980年,人
8,00700,全域,001,男,204,20～24歳,004,その他,21000,岐阜県,1980000000,1980年,人
47,00700,全域,001,男,204,20～24歳,004,その他,22000,静岡県,1980000000,1980年,人
61,00700,全域,001,男,204,20～24歳,004,その他,23000,愛知県,1980000000,1980年,人
3,00700,全域,001,男,204,20～24歳,004,その他,24000,三重県,1980000000,1980年,人
14,00700,全域,001,男,204,20～24歳,004,その他,25000,滋賀県,1980000000,1980年,人
45,00700,全域,001,男,204,20～24歳,004,その他,26000,京都府,1980000000,1980年,人
88,00700,全域,001,男,204,20～24歳,004,その他,27000,大阪府,1980000000,1980年,人
93,00700,全域,001,男,204,20～24歳,004,その他,28000,兵庫県,1980000000,1980年,人
36,00700,全域,001,男,204,20～24歳,004,その他,29000,奈良県,1980000000,1980年,人
8,00700,全域,001,男,204,20～24歳,004,その他,30000,和歌山県,1980000000,1980年,人
2,00700,全域,001,男,204,20～24歳,004,その他,31000,鳥取県,1980000000,1980年,人
5,00700,全域,001,男,204,20～24歳,004,その他,33000,岡山県,1980000000,1980年,人
40,00700,全域,001,男,204,20～24歳,004,その他,34000,広島県,1980000000,1980年,人
17,00700,全域,001,男,204,20～24歳,004,その他,35000,山口県,1980000000,1980年,人
5,00700,全域,001,男,204,20～24歳,004,その他,36000,徳島県,1980000000,1980年,人
7,00700,全域,001,男,204,20～24歳,004,その他,37000,香川県,1980000000,1980年,人
9,00700,全域,001,男,204,20～24歳,004,その他,38000,愛媛県,1980000000,1980年,人
2,00700,全域,001,男,204,20～24歳,004,その他,39000,高知県,1980000000,1980年,人
31,00700,全域,001,男,204,20～24歳,004,その他,40000,福岡県,1980000000,1980年,人
4,00700,全域,001,男,204,20～24歳,004,その他,41000,佐賀県,1980000000,1980年,人
13,00700,全域,001,男,204,20～24歳,004,その他,42000,長崎県,1980000000,1980年,人
13,00700,全域,001,男,204,20～24歳,004,その他,43000,熊本県,1980000000,1980年,人
13,00700,全域,001,男,204,20～24歳,004,その他,44000,大分県,1980000000,1980年,人
18,00700,全域,001,男,204,20～24歳,004,その他,45000,宮崎県,1980000000,1980年,人
7,00700,全域,001,男,204,20～24歳,004,その他,46000,鹿児島県,1980000000,1980年,人
95,00700,全域,001,男,204,20～24歳,004,その他,47000,沖縄県,1980000000,1980年,人
32216,00700,全域,001,男,205,25～29歳,000,国籍総数,00000,全国,1980000000,1980年,人
29890,00700,全域,001,男,205,25～29歳,000,国籍総数,00001,全国市部,1980000000,1980年,人
2326,00700,全域,001,男,205,25～29歳,000,国籍総数,00002,全国郡部,1980000000,1980年,人
347,00700,全域,001,男,205,25～29歳,000,国籍総数,01000,北海道,1980000000,1980年,人
81,00700,全域,001,男,205,25～29歳,000,国籍総数,02000,青森県,1980000000,1980年,人
91,00700,全域,001,男,205,25～29歳,000,国籍総数,03000,岩手県,1980000000,1980年,人
198,00700,全域,001,男,205,25～29歳,000,国籍総数,04000,宮城県,1980000000,1980年,人
64,00700,全域,001,男,205,25～29歳,000,国籍総数,05000,秋田県,1980000000,1980年,人
41,00700,全域,001,男,205,25～29歳,000,国籍総数,06000,山形県,1980000000,1980年,人
104,00700,全域,001,男,205,25～29歳,000,国籍総数,07000,福島県,1980000000,1980年,人
239,00700,全域,001,男,205,25～29歳,000,国籍総数,08000,茨城県,1980000000,1980年,人
129,00700,全域,001,男,205,25～29歳,000,国籍総数,09000,栃木県,1980000000,1980年,人
162,00700,全域,001,男,205,25～29歳,000,国籍総数,10000,群馬県,1980000000,1980年,人
573,00700,全域,001,男,205,25～29歳,000,国籍総数,11000,埼玉県,1980000000,1980年,人
592,00700,全域,001,男,205,25～29歳,000,国籍総数,12000,千葉県,1980000000,1980年,人
5164,00700,全域,001,男,205,25～29歳,000,国籍総数,13000,東京都,1980000000,1980年,人
1724,00700,全域,001,男,205,25～29歳,000,国籍総数,14000,神奈川県,1980000000,1980年,人
129,00700,全域,001,男,205,25～29歳,000,国籍総数,15000,新潟県,1980000000,1980年,人
99,00700,全域,001,男,205,25～29歳,000,国籍総数,16000,富山県,1980000000,1980年,人
154,00700,全域,001,男,205,25～29歳,000,国籍総数,17000,石川県,1980000000,1980年,人
203,00700,全域,001,男,205,25～29歳,000,国籍総数,18000,福井県,1980000000,1980年,人
54,00700,全域,001,男,205,25～29歳,000,国籍総数,19000,山梨県,1980000000,1980年,人
219,00700,全域,001,男,205,25～29歳,000,国籍総数,20000,長野県,1980000000,1980年,人
432,00700,全域,001,男,205,25～29歳,000,国籍総数,21000,岐阜県,1980000000,1980年,人
400,00700,全域,001,男,205,25～29歳,000,国籍総数,22000,静岡県,1980000000,1980年,人
2357,00700,全域,001,男,205,25～29歳,000,国籍総数,23000,愛知県,1980000000,1980年,人
326,00700,全域,001,男,205,25～29歳,000,国籍総数,24000,三重県,1980000000,1980年,人
293,00700,全域,001,男,205,25～29歳,000,国籍総数,25000,滋賀県,1980000000,1980年,人
2019,00700,全域,001,男,205,25～29歳,000,国籍総数,26000,京都府,1980000000,1980年,人
7947,00700,全域,001,男,205,25～29歳,000,国籍総数,27000,大阪府,1980000000,1980年,人
3317,00700,全域,001,男,205,25～29歳,000,国籍総数,28000,兵庫県,1980000000,1980年,人
291,00700,全域,001,男,205,25～29歳,000,国籍総数,29000,奈良県,1980000000,1980年,人
173,00700,全域,001,男,205,25～29歳,000,国籍総数,30000,和歌山県,1980000000,1980年,人
72,00700,全域,001,男,205,25～29歳,000,国籍総数,31000,鳥取県,1980000000,1980年,人
77,00700,全域,001,男,205,25～29歳,000,国籍総数,32000,島根県,1980000000,1980年,人
369,00700,全域,001,男,205,25～29歳,000,国籍総数,33000,岡山県,1980000000,1980年,人
706,00700,全域,001,男,205,25～29歳,000,国籍総数,34000,広島県,1980000000,1980年,人
661,00700,全域,001,男,205,25～29歳,000,国籍総数,35000,山口県,1980000000,1980年,人
31,00700,全域,001,男,205,25～29歳,000,国籍総数,36000,徳島県,1980000000,1980年,人
62,00700,全域,001,男,205,25～29歳,000,国籍総数,37000,香川県,1980000000,1980年,人
147,00700,全域,001,男,205,25～29歳,000,国籍総数,38000,愛媛県,1980000000,1980年,人
43,00700,全域,001,男,205,25～29歳,000,国籍総数,39000,高知県,1980000000,1980年,人
1312,00700,全域,001,男,205,25～29歳,000,国籍総数,40000,福岡県,1980000000,1980年,人
73,00700,全域,001,男,205,25～29歳,000,国籍総数,41000,佐賀県,1980000000,1980年,人
163,00700,全域,001,男,205,25～29歳,000,国籍総数,42000,長崎県,1980000000,1980年,人
93,00700,全域,001,男,205,25～29歳,000,国籍総数,43000,熊本県,1980000000,1980年,人
164,00700,全域,001,男,205,25～29歳,000,国籍総数,44000,大分県,1980000000,1980年,人
44,00700,全域,001,男,205,25～29歳,000,国籍総数,45000,宮崎県,1980000000,1980年,人
72,00700,全域,001,男,205,25～29歳,000,国籍総数,46000,鹿児島県,1980000000,1980年,人
205,00700,全域,001,男,205,25～29歳,000,国籍総数,47000,沖縄県,1980000000,1980年,人
25070,00700,全域,001,男,205,25～29歳,001,韓国・朝鮮,00000,全国,1980000000,1980年,人
23303,00700,全域,001,男,205,25～29歳,001,韓国・朝鮮,00001,全国市部,1980000000,1980年,人
1767,00700,全域,001,男,205,25～29歳,001,韓国・朝鮮,00002,全国郡部,1980000000,1980年,人
235,00700,全域,001,男,205,25～29歳,001,韓国・朝鮮,01000,北海道,1980000000,1980年,人
69,00700,全域,001,男,205,25～29歳,001,韓国・朝鮮,02000,青森県,1980000000,1980年,人
62,00700,全域,001,男,205,25～29歳,001,韓国・朝鮮,03000,岩手県,1980000000,1980年,人
132,00700,全域,001,男,205,25～29歳,001,韓国・朝鮮,04000,宮城県,1980000000,1980年,人
46,00700,全域,001,男,205,25～29歳,001,韓国・朝鮮,05000,秋田県,1980000000,1980年,人
25,00700,全域,001,男,205,25～29歳,001,韓国・朝鮮,06000,山形県,1980000000,1980年,人
65,00700,全域,001,男,205,25～29歳,001,韓国・朝鮮,07000,福島県,1980000000,1980年,人
128,00700,全域,001,男,205,25～29歳,001,韓国・朝鮮,08000,茨城県,1980000000,1980年,人
96,00700,全域,001,男,205,25～29歳,001,韓国・朝鮮,09000,栃木県,1980000000,1980年,人
109,00700,全域,001,男,205,25～29歳,001,韓国・朝鮮,10000,群馬県,1980000000,1980年,人
422,00700,全域,001,男,205,25～29歳,001,韓国・朝鮮,11000,埼玉県,1980000000,1980年,人
386,00700,全域,001,男,205,25～29歳,001,韓国・朝鮮,12000,千葉県,1980000000,1980年,人
2698,00700,全域,001,男,205,25～29歳,001,韓国・朝鮮,13000,東京都,1980000000,1980年,人
1118,00700,全域,001,男,205,25～29歳,001,韓国・朝鮮,14000,神奈川県,1980000000,1980年,人
100,00700,全域,001,男,205,25～29歳,001,韓国・朝鮮,15000,新潟県,1980000000,1980年,人
94,00700,全域,001,男,205,25～29歳,001,韓国・朝鮮,16000,富山県,1980000000,1980年,人
129,00700,全域,001,男,205,25～29歳,001,韓国・朝鮮,17000,石川県,1980000000,1980年,人
188,00700,全域,001,男,205,25～29歳,001,韓国・朝鮮,18000,福井県,1980000000,1980年,人
41,00700,全域,001,男,205,25～29歳,001,韓国・朝鮮,19000,山梨県,1980000000,1980年,人
161,00700,全域,001,男,205,25～29歳,001,韓国・朝鮮,20000,長野県,1980000000,1980年,人
392,00700,全域,001,男,205,25～29歳,001,韓国・朝鮮,21000,岐阜県,1980000000,1980年,人
289,00700,全域,001,男,205,25～29歳,001,韓国・朝鮮,22000,静岡県,1980000000,1980年,人
2075,00700,全域,001,男,205,25～29歳,001,韓国・朝鮮,23000,愛知県,1980000000,1980年,人
299,00700,全域,001,男,205,25～29歳,001,韓国・朝鮮,24000,三重県,1980000000,1980年,人
263,00700,全域,001,男,205,25～29歳,001,韓国・朝鮮,25000,滋賀県,1980000000,1980年,人
1797,00700,全域,001,男,205,25～29歳,001,韓国・朝鮮,26000,京都府,1980000000,1980年,人
7223,00700,全域,001,男,205,25～29歳,001,韓国・朝鮮,27000,大阪府,1980000000,1980年,人
2715,00700,全域,001,男,205,25～29歳,001,韓国・朝鮮,28000,兵庫県,1980000000,1980年,人
231,00700,全域,001,男,205,25～29歳,001,韓国・朝鮮,29000,奈良県,1980000000,1980年,人
147,00700,全域,001,男,205,25～29歳,001,韓国・朝鮮,30000,和歌山県,1980000000,1980年,人
62,00700,全域,001,男,205,25～29歳,001,韓国・朝鮮,31000,鳥取県,1980000000,1980年,人
66,00700,全域,001,男,205,25～29歳,001,韓国・朝鮮,32000,島根県,1980000000,1980年,人
324,00700,全域,001,男,205,25～29歳,001,韓国・朝鮮,33000,岡山県,1980000000,1980年,人
602,00700,全域,001,男,205,25～29歳,001,韓国・朝鮮,34000,広島県,1980000000,1980年,人
611,00700,全域,001,男,205,25～29歳,001,韓国・朝鮮,35000,山口県,1980000000,1980年,人
14,00700,全域,001,男,205,25～29歳,001,韓国・朝鮮,36000,徳島県,1980000000,1980年,人
32,00700,全域,001,男,205,25～29歳,001,韓国・朝鮮,37000,香川県,1980000000,1980年,人
71,00700,全域,001,男,205,25～29歳,001,韓国・朝鮮,38000,愛媛県,1980000000,1980年,人
30,00700,全域,001,男,205,25～29歳,001,韓国・朝鮮,39000,高知県,1980000000,1980年,人
1139,00700,全域,001,男,205,25～29歳,001,韓国・朝鮮,40000,福岡県,1980000000,1980年,人
63,00700,全域,001,男,205,25～29歳,001,韓国・朝鮮,41000,佐賀県,1980000000,1980年,人
100,00700,全域,001,男,205,25～29歳,001,韓国・朝鮮,42000,長崎県,1980000000,1980年,人
50,00700,全域,001,男,205,25～29歳,001,韓国・朝鮮,43000,熊本県,1980000000,1980年,人
124,00700,全域,001,男,205,25～29歳,001,韓国・朝鮮,44000,大分県,1980000000,1980年,人
28,00700,全域,001,男,205,25～29歳,001,韓国・朝鮮,45000,宮崎県,1980000000,1980年,人
16,00700,全域,001,男,205,25～29歳,001,韓国・朝鮮,46000,鹿児島県,1980000000,1980年,人
3,00700,全域,001,男,205,25～29歳,001,韓国・朝鮮,47000,沖縄県,1980000000,1980年,人
2684,00700,全域,001,男,205,25～29歳,002,中国,00000,全国,1980000000,1980年,人
2557,00700,全域,001,男,205,25～29歳,002,中国,00001,全国市部,1980000000,1980年,人
127,00700,全域,001,男,205,25～29歳,002,中国,00002,全国郡部,1980000000,1980年,人
45,00700,全域,001,男,205,25～29歳,002,中国,01000,北海道,1980000000,1980年,人
3,00700,全域,001,男,205,25～29歳,002,中国,02000,青森県,1980000000,1980年,人
13,00700,全域,001,男,205,25～29歳,002,中国,03000,岩手県,1980000000,1980年,人
24,00700,全域,001,男,205,25～29歳,002,中国,04000,宮城県,1980000000,1980年,人
2,00700,全域,001,男,205,25～29歳,002,中国,05000,秋田県,1980000000,1980年,人
8,00700,全域,001,男,205,25～29歳,002,中国,06000,山形県,1980000000,1980年,人
23,00700,全域,001,男,205,25～29歳,002,中国,07000,福島県,1980000000,1980年,人
21,00700,全域,001,男,205,25～29歳,002,中国,08000,茨城県,1980000000,1980年,人
6,00700,全域,001,男,205,25～29歳,002,中国,09000,栃木県,1980000000,1980年,人
17,00700,全域,001,男,205,25～29歳,002,中国,10000,群馬県,1980000000,1980年,人
57,00700,全域,001,男,205,25～29歳,002,中国,11000,埼玉県,1980000000,1980年,人
61,00700,全域,001,男,205,25～29歳,002,中国,12000,千葉県,1980000000,1980年,人
928,00700,全域,001,男,205,25～29歳,002,中国,13000,東京都,1980000000,1980年,人
255,00700,全域,001,男,205,25～29歳,002,中国,14000,神奈川県,1980000000,1980年,人
14,00700,全域,001,男,205,25～29歳,002,中国,15000,新潟県,1980000000,1980年,人
6,00700,全域,001,男,205,25～29歳,002,中国,17000,石川県,1980000000,1980年,人
4,00700,全域,001,男,205,25～29歳,002,中国,18000,福井県,1980000000,1980年,人
3,00700,全域,001,男,205,25～29歳,002,中国,19000,山梨県,1980000000,1980年,人
15,00700,全域,001,男,205,25～29歳,002,中国,20000,長野県,1980000000,1980年,人
18,00700,全域,001,男,205,25～29歳,002,中国,21000,岐阜県,1980000000,1980年,人
29,00700,全域,001,男,205,25～29歳,002,中国,22000,静岡県,1980000000,1980年,人
64,00700,全域,001,男,205,25～29歳,002,中国,23000,愛知県,1980000000,1980年,人
8,00700,全域,001,男,205,25～29歳,002,中国,24000,三重県,1980000000,1980年,人
9,00700,全域,001,男,205,25～29歳,002,中国,25000,滋賀県,1980000000,1980年,人
50,00700,全域,001,男,205,25～29歳,002,中国,26000,京都府,1980000000,1980年,人
353,00700,全域,001,男,205,25～29歳,002,中国,27000,大阪府,1980000000,1980年,人
344,00700,全域,001,男,205,25～29歳,002,中国,28000,兵庫県,1980000000,1980年,人
15,00700,全域,001,男,205,25～29歳,002,中国,29000,奈良県,1980000000,1980年,人
16,00700,全域,001,男,205,25～29歳,002,中国,30000,和歌山県,1980000000,1980年,人
2,00700,全域,001,男,205,25～29歳,002,中国,31000,鳥取県,1980000000,1980年,人
5,00700,全域,001,男,205,25～29歳,002,中国,32000,島根県,1980000000,1980年,人
13,00700,全域,001,男,205,25～29歳,002,中国,33000,岡山県,1980000000,1980年,人
30,00700,全域,001,男,205,25～29歳,002,中国,34000,広島県,1980000000,1980年,人
10,00700,全域,001,男,205,25～29歳,002,中国,35000,山口県,1980000000,1980年,人
7,00700,全域,001,男,205,25～29歳,002,中国,36000,徳島県,1980000000,1980年,人
7,00700,全域,001,男,205,25～29歳,002,中国,37000,香川県,1980000000,1980年,人
4,00700,全域,001,男,205,25～29歳,002,中国,38000,愛媛県,1980000000,1980年,人
4,00700,全域,001,男,205,25～29歳,002,中国,39000,高知県,1980000000,1980年,人
64,00700,全域,001,男,205,25～29歳,002,中国,40000,福岡県,1980000000,1980年,人
3,00700,全域,001,男,205,25～29歳,002,中国,41000,佐賀県,1980000000,1980年,人
32,00700,全域,001,男,205,25～29歳,002,中国,42000,長崎県,1980000000,1980年,人
17,00700,全域,001,男,205,25～29歳,002,中国,43000,熊本県,1980000000,1980年,人
17,00700,全域,001,男,205,25～29歳,002,中国,44000,大分県,1980000000,1980年,人
6,00700,全域,001,男,205,25～29歳,002,中国,45000,宮崎県,1980000000,1980年,人
25,00700,全域,001,男,205,25～29歳,002,中国,46000,鹿児島県,1980000000,1980年,人
27,00700,全域,001,男,205,25～29歳,002,中国,47000,沖縄県,1980000000,1980年,人
988,00700,全域,001,男,205,25～29歳,003,アメリカ,00000,全国,1980000000,1980年,人
927,00700,全域,001,男,205,25～29歳,003,アメリカ,00001,全国市部,1980000000,1980年,人
61,00700,全域,001,男,205,25～29歳,003,アメリカ,00002,全国郡部,1980000000,1980年,人
21,00700,全域,001,男,205,25～29歳,003,アメリカ,01000,北海道,1980000000,1980年,人
3,00700,全域,001,男,205,25～29歳,003,アメリカ,02000,青森県,1980000000,1980年,人
4,00700,全域,001,男,205,25～29歳,003,アメリカ,03000,岩手県,1980000000,1980年,人
11,00700,全域,001,男,205,25～29歳,003,アメリカ,04000,宮城県,1980000000,1980年,人
2,00700,全域,001,男,205,25～29歳,003,アメリカ,05000,秋田県,1980000000,1980年,人
1,00700,全域,001,男,205,25～29歳,003,アメリカ,07000,福島県,1980000000,1980年,人
6,00700,全域,001,男,205,25～29歳,003,アメリカ,08000,茨城県,1980000000,1980年,人
9,00700,全域,001,男,205,25～29歳,003,アメリカ,09000,栃木県,1980000000,1980年,人
2,00700,全域,001,男,205,25～29歳,003,アメリカ,10000,群馬県,1980000000,1980年,人
17,00700,全域,001,男,205,25～29歳,003,アメリカ,11000,埼玉県,1980000000,1980年,人
30,00700,全域,001,男,205,25～29歳,003,アメリカ,12000,千葉県,1980000000,1980年,人
382,00700,全域,001,男,205,25～29歳,003,アメリカ,13000,東京都,1980000000,1980年,人
98,00700,全域,001,男,205,25～29歳,003,アメリカ,14000,神奈川県,1980000000,1980年,人
2,00700,全域,001,男,205,25～29歳,003,アメリカ,15000,新潟県,1980000000,1980年,人
6,00700,全域,001,男,205,25～29歳,003,アメリカ,17000,石川県,1980000000,1980年,人
2,00700,全域,001,男,205,25～29歳,003,アメリカ,18000,福井県,1980000000,1980年,人
1,00700,全域,001,男,205,25～29歳,003,アメリカ,19000,山梨県,1980000000,1980年,人
11,00700,全域,001,男,205,25～29歳,003,アメリカ,20000,長野県,1980000000,1980年,人
3,00700,全域,001,男,205,25～29歳,003,アメリカ,21000,岐阜県,1980000000,1980年,人
11,00700,全域,001,男,205,25～29歳,003,アメリカ,22000,静岡県,1980000000,1980年,人
49,00700,全域,001,男,205,25～29歳,003,アメリカ,23000,愛知県,1980000000,1980年,人
4,00700,全域,001,男,205,25～29歳,003,アメリカ,24000,三重県,1980000000,1980年,人
2,00700,全域,001,男,205,25～29歳,003,アメリカ,25000,滋賀県,1980000000,1980年,人
44,00700,全域,001,男,205,25～29歳,003,アメリカ,26000,京都府,1980000000,1980年,人
54,00700,全域,001,男,205,25～29歳,003,アメリカ,27000,大阪府,1980000000,1980年,人
44,00700,全域,001,男,205,25～29歳,003,アメリカ,28000,兵庫県,1980000000,1980年,人
11,00700,全域,001,男,205,25～29歳,003,アメリカ,29000,奈良県,1980000000,1980年,人
6,00700,全域,001,男,205,25～29歳,003,アメリカ,30000,和歌山県,1980000000,1980年,人
1,00700,全域,001,男,205,25～29歳,003,アメリカ,31000,鳥取県,1980000000,1980年,人
3,00700,全域,001,男,205,25～29歳,003,アメリカ,33000,岡山県,1980000000,1980年,人
11,00700,全域,001,男,205,25～29歳,003,アメリカ,34000,広島県,1980000000,1980年,人
9,00700,全域,001,男,205,25～29歳,003,アメリカ,35000,山口県,1980000000,1980年,人
2,00700,全域,001,男,205,25～29歳,003,アメリカ,36000,徳島県,1980000000,1980年,人
3,00700,全域,001,男,205,25～29歳,003,アメリカ,37000,香川県,1980000000,1980年,人
6,00700,全域,001,男,205,25～29歳,003,アメリカ,38000,愛媛県,1980000000,1980年,人
3,00700,全域,001,男,205,25～29歳,003,アメリカ,39000,高知県,1980000000,1980年,人
23,00700,全域,001,男,205,25～29歳,003,アメリカ,40000,福岡県,1980000000,1980年,人
2,00700,全域,001,男,205,25～29歳,003,アメリカ,41000,佐賀県,1980000000,1980年,人
6,00700,全域,001,男,205,25～29歳,003,アメリカ,42000,長崎県,1980000000,1980年,人
3,00700,全域,001,男,205,25～29歳,003,アメリカ,43000,熊本県,1980000000,1980年,人
2,00700,全域,001,男,205,25～29歳,003,アメリカ,44000,大分県,1980000000,1980年,人
3,00700,全域,001,男,205,25～29歳,003,アメリカ,45000,宮崎県,1980000000,1980年,人
6,00700,全域,001,男,205,25～29歳,003,アメリカ,46000,鹿児島県,1980000000,1980年,人
69,00700,全域,001,男,205,25～29歳,003,アメリカ,47000,沖縄県,1980000000,1980年,人
2553,00700,全域,001,男,205,25～29歳,004,その他,00000,全国,1980000000,1980年,人
2275,00700,全域,001,男,205,25～29歳,004,その他,00001,全国市部,1980000000,1980年,人
278,00700,全域,001,男,205,25～29歳,004,その他,00002,全国郡部,1980000000,1980年,人
31,00700,全域,001,男,205,25～29歳,004,その他,01000,北海道,1980000000,1980年,人
1,00700,全域,001,男,205,25～29歳,004,その他,02000,青森県,1980000000,1980年,人
9,00700,全域,001,男,205,25～29歳,004,その他,03000,岩手県,1980000000,1980年,人
27,00700,全域,001,男,205,25～29歳,004,その他,04000,宮城県,1980000000,1980年,人
9,00700,全域,001,男,205,25～29歳,004,その他,05000,秋田県,1980000000,1980年,人
5,00700,全域,001,男,205,25～29歳,004,その他,06000,山形県,1980000000,1980年,人
8,00700,全域,001,男,205,25～29歳,004,その他,07000,福島県,1980000000,1980年,人
75,00700,全域,001,男,205,25～29歳,004,その他,08000,茨城県,1980000000,1980年,人
13,00700,全域,001,男,205,25～29歳,004,その他,09000,栃木県,1980000000,1980年,人
20,00700,全域,001,男,205,25～29歳,004,その他,10000,群馬県,1980000000,1980年,人
57,00700,全域,001,男,205,25～29歳,004,その他,11000,埼玉県,1980000000,1980年,人
91,00700,全域,001,男,205,25～29歳,004,その他,12000,千葉県,1980000000,1980年,人
916,00700,全域,001,男,205,25～29歳,004,その他,13000,東京都,1980000000,1980年,人
209,00700,全域,001,男,205,25～29歳,004,その他,14000,神奈川県,1980000000,1980年,人
9,00700,全域,001,男,205,25～29歳,004,その他,15000,新潟県,1980000000,1980年,人
4,00700,全域,001,男,205,25～29歳,004,その他,16000,富山県,1980000000,1980年,人
6,00700,全域,001,男,205,25～29歳,004,その他,17000,石川県,1980000000,1980年,人
5,00700,全域,001,男,205,25～29歳,004,その他,18000,福井県,1980000000,1980年,人
8,00700,全域,001,男,205,25～29歳,004,その他,19000,山梨県,1980000000,1980年,人
22,00700,全域,001,男,205,25～29歳,004,その他,20000,長野県,1980000000,1980年,人
12,00700,全域,001,男,205,25～29歳,004,その他,21000,岐阜県,1980000000,1980年,人
56,00700,全域,001,男,205,25～29歳,004,その他,22000,静岡県,1980000000,1980年,人
122,00700,全域,001,男,205,25～29歳,004,その他,23000,愛知県,1980000000,1980年,人
5,00700,全域,001,男,205,25～29歳,004,その他,24000,三重県,1980000000,1980年,人
13,00700,全域,001,男,205,25～29歳,004,その他,25000,滋賀県,1980000000,1980年,人
83,00700,全域,001,男,205,25～29歳,004,その他,26000,京都府,1980000000,1980年,人
168,00700,全域,001,男,205,25～29歳,004,その他,27000,大阪府,1980000000,1980年,人
148,00700,全域,001,男,205,25～29歳,004,その他,28000,兵庫県,1980000000,1980年,人
21,00700,全域,001,男,205,25～29歳,004,その他,29000,奈良県,1980000000,1980年,人
2,00700,全域,001,男,205,25～29歳,004,その他,30000,和歌山県,1980000000,1980年,人
6,00700,全域,001,男,205,25～29歳,004,その他,31000,鳥取県,1980000000,1980年,人
2,00700,全域,001,男,205,25～29歳,004,その他,32000,島根県,1980000000,1980年,人
26,00700,全域,001,男,205,25～29歳,004,その他,33000,岡山県,1980000000,1980年,人
48,00700,全域,001,男,205,25～29歳,004,その他,34000,広島県,1980000000,1980年,人
19,00700,全域,001,男,205,25～29歳,004,その他,35000,山口県,1980000000,1980年,人
4,00700,全域,001,男,205,25～29歳,004,その他,36000,徳島県,1980000000,1980年,人
14,00700,全域,001,男,205,25～29歳,004,その他,37000,香川県,1980000000,1980年,人
52,00700,全域,001,男,205,25～29歳,004,その他,38000,愛媛県,1980000000,1980年,人
3,00700,全域,001,男,205,25～29歳,004,その他,39000,高知県,1980000000,1980年,人
51,00700,全域,001,男,205,25～29歳,004,その他,40000,福岡県,1980000000,1980年,人
4,00700,全域,001,男,205,25～29歳,004,その他,41000,佐賀県,1980000000,1980年,人
17,00700,全域,001,男,205,25～29歳,004,その他,42000,長崎県,1980000000,1980年,人
19,00700,全域,001,男,205,25～29歳,004,その他,43000,熊本県,1980000000,1980年,人
18,00700,全域,001,男,205,25～29歳,004,その他,44000,大分県,1980000000,1980年,人
6,00700,全域,001,男,205,25～29歳,004,その他,45000,宮崎県,1980000000,1980年,人
15,00700,全域,001,男,205,25～29歳,004,その他,46000,鹿児島県,1980000000,1980年,人
94,00700,全域,001,男,205,25～29歳,004,その他,47000,沖縄県,1980000000,1980年,人
33165,00700,全域,001,男,206,30～34歳,000,国籍総数,00000,全国,1980000000,1980年,人
30534,00700,全域,001,男,206,30～34歳,000,国籍総数,00001,全国市部,1980000000,1980年,人
2631,00700,全域,001,男,206,30～34歳,000,国籍総数,00002,全国郡部,1980000000,1980年,人
403,00700,全域,001,男,206,30～34歳,000,国籍総数,01000,北海道,1980000000,1980年,人
110,00700,全域,001,男,206,30～34歳,000,国籍総数,02000,青森県,1980000000,1980年,人
92,00700,全域,001,男,206,30～34歳,000,国籍総数,03000,岩手県,1980000000,1980年,人
218,00700,全域,001,男,206,30～34歳,000,国籍総数,04000,宮城県,1980000000,1980年,人
70,00700,全域,001,男,206,30～34歳,000,国籍総数,05000,秋田県,1980000000,1980年,人
38,00700,全域,001,男,206,30～34歳,000,国籍総数,06000,山形県,1980000000,1980年,人
156,00700,全域,001,男,206,30～34歳,000,国籍総数,07000,福島県,1980000000,1980年,人
279,00700,全域,001,男,206,30～34歳,000,国籍総数,08000,茨城県,1980000000,1980年,人
164,00700,全域,001,男,206,30～34歳,000,国籍総数,09000,栃木県,1980000000,1980年,人
160,00700,全域,001,男,206,30～34歳,000,国籍総数,10000,群馬県,1980000000,1980年,人
605,00700,全域,001,男,206,30～34歳,000,国籍総数,11000,埼玉県,1980000000,1980年,人
646,00700,全域,001,男,206,30～34歳,000,国籍総数,12000,千葉県,1980000000,1980年,人
4984,00700,全域,001,男,206,30～34歳,000,国籍総数,13000,東京都,1980000000,1980年,人
1818,00700,全域,001,男,206,30～34歳,000,国籍総数,14000,神奈川県,1980000000,1980年,人
170,00700,全域,001,男,206,30～34歳,000,国籍総数,15000,新潟県,1980000000,1980年,人
92,00700,全域,001,男,206,30～34歳,000,国籍総数,16000,富山県,1980000000,1980年,人
183,00700,全域,001,男,206,30～34歳,000,国籍総数,17000,石川県,1980000000,1980年,人
225,00700,全域,001,男,206,30～34歳,000,国籍総数,18000,福井県,1980000000,1980年,人
75,00700,全域,001,男,206,30～34歳,000,国籍総数,19000,山梨県,1980000000,1980年,人
262,00700,全域,001,男,206,30～34歳,000,国籍総数,20000,長野県,1980000000,1980年,人
477,00700,全域,001,男,206,30～34歳,000,国籍総数,21000,岐阜県,1980000000,1980年,人
414,00700,全域,001,男,206,30～34歳,000,国籍総数,22000,静岡県,1980000000,1980年,人
2521,00700,全域,001,男,206,30～34歳,000,国籍総数,23000,愛知県,1980000000,1980年,人
364,00700,全域,001,男,206,30～34歳,000,国籍総数,24000,三重県,1980000000,1980年,人
361,00700,全域,001,男,206,30～34歳,000,国籍総数,25000,滋賀県,1980000000,1980年,人
2174,00700,全域,001,男,206,30～34歳,000,国籍総数,26000,京都府,1980000000,1980年,人
7756,00700,全域,001,男,206,30～34歳,000,国籍総数,27000,大阪府,1980000000,1980年,人
3681,00700,全域,001,男,206,30～34歳,000,国籍総数,28000,兵庫県,1980000000,1980年,人
265,00700,全域,001,男,206,30～34歳,000,国籍総数,29000,奈良県,1980000000,1980年,人
198,00700,全域,001,男,206,30～34歳,000,国籍総数,30000,和歌山県,1980000000,1980年,人
78,00700,全域,001,男,206,30～34歳,000,国籍総数,31000,鳥取県,1980000000,1980年,人
79,00700,全域,001,男,206,30～34歳,000,国籍総数,32000,島根県,1980000000,1980年,人
372,00700,全域,001,男,206,30～34歳,000,国籍総数,33000,岡山県,1980000000,1980年,人
842,00700,全域,001,男,206,30～34歳,000,国籍総数,34000,広島県,1980000000,1980年,人
644,00700,全域,001,男,206,30～34歳,000,国籍総数,35000,山口県,1980000000,1980年,人
40,00700,全域,001,男,206,30～34歳,000,国籍総数,36000,徳島県,1980000000,1980年,人
65,00700,全域,001,男,206,30～34歳,000,国籍総数,37000,香川県,1980000000,1980年,人
102,00700,全域,001,男,206,30～34歳,000,国籍総数,38000,愛媛県,1980000000,1980年,人
45,00700,全域,001,男,206,30～34歳,000,国籍総数,39000,高知県,1980000000,1980年,人
1181,00700,全域,001,男,206,30～34歳,000,国籍総数,40000,福岡県,1980000000,1980年,人
75,00700,全域,001,男,206,30～34歳,000,国籍総数,41000,佐賀県,1980000000,1980年,人
165,00700,全域,001,男,206,30～34歳,000,国籍総数,42000,長崎県,1980000000,1980年,人
101,00700,全域,001,男,206,30～34歳,000,国籍総数,43000,熊本県,1980000000,1980年,人
145,00700,全域,001,男,206,30～34歳,000,国籍総数,44000,大分県,1980000000,1980年,人
46,00700,全域,001,男,206,30～34歳,000,国籍総数,45000,宮崎県,1980000000,1980年,人
61,00700,全域,001,男,206,30～34歳,000,国籍総数,46000,鹿児島県,1980000000,1980年,人
163,00700,全域,001,男,206,30～34歳,000,国籍総数,47000,沖縄県,1980000000,1980年,人
26133,00700,全域,001,男,206,30～34歳,001,韓国・朝鮮,00000,全国,1980000000,1980年,人
24052,00700,全域,001,男,206,30～34歳,001,韓国・朝鮮,00001,全国市部,1980000000,1980年,人
2081,00700,全域,001,男,206,30～34歳,001,韓国・朝鮮,00002,全国郡部,1980000000,1980年,人
271,00700,全域,001,男,206,30～34歳,001,韓国・朝鮮,01000,北海道,1980000000,1980年,人
87,00700,全域,001,男,206,30～34歳,001,韓国・朝鮮,02000,青森県,1980000000,1980年,人
61,00700,全域,001,男,206,30～34歳,001,韓国・朝鮮,03000,岩手県,1980000000,1980年,人
151,00700,全域,001,男,206,30～34歳,001,韓国・朝鮮,04000,宮城県,1980000000,1980年,人
56,00700,全域,001,男,206,30～34歳,001,韓国・朝鮮,05000,秋田県,1980000000,1980年,人
27,00700,全域,001,男,206,30～34歳,001,韓国・朝鮮,06000,山形県,1980000000,1980年,人
111,00700,全域,001,男,206,30～34歳,001,韓国・朝鮮,07000,福島県,1980000000,1980年,人
156,00700,全域,001,男,206,30～34歳,001,韓国・朝鮮,08000,茨城県,1980000000,1980年,人
123,00700,全域,001,男,206,30～34歳,001,韓国・朝鮮,09000,栃木県,1980000000,1980年,人
116,00700,全域,001,男,206,30～34歳,001,韓国・朝鮮,10000,群馬県,1980000000,1980年,人
456,00700,全域,001,男,206,30～34歳,001,韓国・朝鮮,11000,埼玉県,1980000000,1980年,人
460,00700,全域,001,男,206,30～34歳,001,韓国・朝鮮,12000,千葉県,1980000000,1980年,人
2689,00700,全域,001,男,206,30～34歳,001,韓国・朝鮮,13000,東京都,1980000000,1980年,人
1157,00700,全域,001,男,206,30～34歳,001,韓国・朝鮮,14000,神奈川県,1980000000,1980年,人
142,00700,全域,001,男,206,30～34歳,001,韓国・朝鮮,15000,新潟県,1980000000,1980年,人
81,00700,全域,001,男,206,30～34歳,001,韓国・朝鮮,16000,富山県,1980000000,1980年,人
165,00700,全域,001,男,206,30～34歳,001,韓国・朝鮮,17000,石川県,1980000000,1980年,人
209,00700,全域,001,男,206,30～34歳,001,韓国・朝鮮,18000,福井県,1980000000,1980年,人
56,00700,全域,001,男,206,30～34歳,001,韓国・朝鮮,19000,山梨県,1980000000,1980年,人
221,00700,全域,001,男,206,30～34歳,001,韓国・朝鮮,20000,長野県,1980000000,1980年,人
453,00700,全域,001,男,206,30～34歳,001,韓国・朝鮮,21000,岐阜県,1980000000,1980年,人
322,00700,全域,001,男,206,30～34歳,001,韓国・朝鮮,22000,静岡県,1980000000,1980年,人
2306,00700,全域,001,男,206,30～34歳,001,韓国・朝鮮,23000,愛知県,1980000000,1980年,人
335,00700,全域,001,男,206,30～34歳,001,韓国・朝鮮,24000,三重県,1980000000,1980年,人
326,00700,全域,001,男,206,30～34歳,001,韓国・朝鮮,25000,滋賀県,1980000000,1980年,人
1939,00700,全域,001,男,206,30～34歳,001,韓国・朝鮮,26000,京都府,1980000000,1980年,人
7027,00700,全域,001,男,206,30～34歳,001,韓国・朝鮮,27000,大阪府,1980000000,1980年,人
2901,00700,全域,001,男,206,30～34歳,001,韓国・朝鮮,28000,兵庫県,1980000000,1980年,人
224,00700,全域,001,男,206,30～34歳,001,韓国・朝鮮,29000,奈良県,1980000000,1980年,人
167,00700,全域,001,男,206,30～34歳,001,韓国・朝鮮,30000,和歌山県,1980000000,1980年,人
66,00700,全域,001,男,206,30～34歳,001,韓国・朝鮮,31000,鳥取県,1980000000,1980年,人
63,00700,全域,001,男,206,30～34歳,001,韓国・朝鮮,32000,島根県,1980000000,1980年,人
337,00700,全域,001,男,206,30～34歳,001,韓国・朝鮮,33000,岡山県,1980000000,1980年,人
706,00700,全域,001,男,206,30～34歳,001,韓国・朝鮮,34000,広島県,1980000000,1980年,人
607,00700,全域,001,男,206,30～34歳,001,韓国・朝鮮,35000,山口県,1980000000,1980年,人
20,00700,全域,001,男,206,30～34歳,001,韓国・朝鮮,36000,徳島県,1980000000,1980年,人
54,00700,全域,001,男,206,30～34歳,001,韓国・朝鮮,37000,香川県,1980000000,1980年,人
78,00700,全域,001,男,206,30～34歳,001,韓国・朝鮮,38000,愛媛県,1980000000,1980年,人
31,00700,全域,001,男,206,30～34歳,001,韓国・朝鮮,39000,高知県,1980000000,1980年,人
987,00700,全域,001,男,206,30～34歳,001,韓国・朝鮮,40000,福岡県,1980000000,1980年,人
63,00700,全域,001,男,206,30～34歳,001,韓国・朝鮮,41000,佐賀県,1980000000,1980年,人
105,00700,全域,001,男,206,30～34歳,001,韓国・朝鮮,42000,長崎県,1980000000,1980年,人
51,00700,全域,001,男,206,30～34歳,001,韓国・朝鮮,43000,熊本県,1980000000,1980年,人
112,00700,全域,001,男,206,30～34歳,001,韓国・朝鮮,44000,大分県,1980000000,1980年,人
35,00700,全域,001,男,206,30～34歳,001,韓国・朝鮮,45000,宮崎県,1980000000,1980年,人
12,00700,全域,001,男,206,30～34歳,001,韓国・朝鮮,46000,鹿児島県,1980000000,1980年,人
11,00700,全域,001,男,206,30～34歳,001,韓国・朝鮮,47000,沖縄県,1980000000,1980年,人
2767,00700,全域,001,男,206,30～34歳,002,中国,00000,全国,1980000000,1980年,人
2612,00700,全域,001,男,206,30～34歳,002,中国,00001,全国市部,1980000000,1980年,人
155,00700,全域,001,男,206,30～34歳,002,中国,00002,全国郡部,1980000000,1980年,人
55,00700,全域,001,男,206,30～34歳,002,中国,01000,北海道,1980000000,1980年,人
5,00700,全域,001,男,206,30～34歳,002,中国,02000,青森県,1980000000,1980年,人
20,00700,全域,001,男,206,30～34歳,002,中国,03000,岩手県,1980000000,1980年,人
25,00700,全域,001,男,206,30～34歳,002,中国,04000,宮城県,1980000000,1980年,人
5,00700,全域,001,男,206,30～34歳,002,中国,05000,秋田県,1980000000,1980年,人
6,00700,全域,001,男,206,30～34歳,002,中国,06000,山形県,1980000000,1980年,人
24,00700,全域,001,男,206,30～34歳,002,中国,07000,福島県,1980000000,1980年,人
23,00700,全域,001,男,206,30～34歳,002,中国,08000,茨城県,1980000000,1980年,人
11,00700,全域,001,男,206,30～34歳,002,中国,09000,栃木県,1980000000,1980年,人
15,00700,全域,001,男,206,30～34歳,002,中国,10000,群馬県,1980000000,1980年,人
53,00700,全域,001,男,206,30～34歳,002,中国,11000,埼玉県,1980000000,1980年,人
81,00700,全域,001,男,206,30～34歳,002,中国,12000,千葉県,1980000000,1980年,人
750,00700,全域,001,男,206,30～34歳,002,中国,13000,東京都,1980000000,1980年,人
301,00700,全域,001,男,206,30～34歳,002,中国,14000,神奈川県,1980000000,1980年,人
11,00700,全域,001,男,206,30～34歳,002,中国,15000,新潟県,1980000000,1980年,人
4,00700,全域,001,男,206,30～34歳,002,中国,16000,富山県,1980000000,1980年,人
7,00700,全域,001,男,206,30～34歳,002,中国,17000,石川県,1980000000,1980年,人
1,00700,全域,001,男,206,30～34歳,002,中国,18000,福井県,1980000000,1980年,人
6,00700,全域,001,男,206,30～34歳,002,中国,19000,山梨県,1980000000,1980年,人
15,00700,全域,001,男,206,30～34歳,002,中国,20000,長野県,1980000000,1980年,人
17,00700,全域,001,男,206,30～34歳,002,中国,21000,岐阜県,1980000000,1980年,人
32,00700,全域,001,男,206,30～34歳,002,中国,22000,静岡県,1980000000,1980年,人
47,00700,全域,001,男,206,30～34歳,002,中国,23000,愛知県,1980000000,1980年,人
10,00700,全域,001,男,206,30～34歳,002,中国,24000,三重県,1980000000,1980年,人
8,00700,全域,001,男,206,30～34歳,002,中国,25000,滋賀県,1980000000,1980年,人
62,00700,全域,001,男,206,30～34歳,002,中国,26000,京都府,1980000000,1980年,人
379,00700,全域,001,男,206,30～34歳,002,中国,27000,大阪府,1980000000,1980年,人
438,00700,全域,001,男,206,30～34歳,002,中国,28000,兵庫県,1980000000,1980年,人
10,00700,全域,001,男,206,30～34歳,002,中国,29000,奈良県,1980000000,1980年,人
13,00700,全域,001,男,206,30～34歳,002,中国,30000,和歌山県,1980000000,1980年,人
10,00700,全域,001,男,206,30～34歳,002,中国,31000,鳥取県,1980000000,1980年,人
10,00700,全域,001,男,206,30～34歳,002,中国,32000,島根県,1980000000,1980年,人
13,00700,全域,001,男,206,30～34歳,002,中国,33000,岡山県,1980000000,1980年,人
35,00700,全域,001,男,206,30～34歳,002,中国,34000,広島県,1980000000,1980年,人
10,00700,全域,001,男,206,30～34歳,002,中国,35000,山口県,1980000000,1980年,人
14,00700,全域,001,男,206,30～34歳,002,中国,36000,徳島県,1980000000,1980年,人
1,00700,全域,001,男,206,30～34歳,002,中国,37000,香川県,1980000000,1980年,人
5,00700,全域,001,男,206,30～34歳,002,中国,38000,愛媛県,1980000000,1980年,人
4,00700,全域,001,男,206,30～34歳,002,中国,39000,高知県,1980000000,1980年,人
88,00700,全域,001,男,206,30～34歳,002,中国,40000,福岡県,1980000000,1980年,人
11,00700,全域,001,男,206,30～34歳,002,中国,41000,佐賀県,1980000000,1980年,人
38,00700,全域,001,男,206,30～34歳,002,中国,42000,長崎県,1980000000,1980年,人
28,00700,全域,001,男,206,30～34歳,002,中国,43000,熊本県,1980000000,1980年,人
12,00700,全域,001,男,206,30～34歳,002,中国,44000,大分県,1980000000,1980年,人
6,00700,全域,001,男,206,30～34歳,002,中国,45000,宮崎県,1980000000,1980年,人
23,00700,全域,001,男,206,30～34歳,002,中国,46000,鹿児島県,1980000000,1980年,人
25,00700,全域,001,男,206,30～34歳,002,中国,47000,沖縄県,1980000000,1980年,人
1021,00700,全域,001,男,206,30～34歳,003,アメリカ,00000,全国,1980000000,1980年,人
946,00700,全域,001,男,206,30～34歳,003,アメリカ,00001,全国市部,1980000000,1980年,人
75,00700,全域,001,男,206,30～34歳,003,アメリカ,00002,全国郡部,1980000000,1980年,人
21,00700,全域,001,男,206,30～34歳,003,アメリカ,01000,北海道,1980000000,1980年,人
2,00700,全域,001,男,206,30～34歳,003,アメリカ,02000,青森県,1980000000,1980年,人
2,00700,全域,001,男,206,30～34歳,003,アメリカ,03000,岩手県,1980000000,1980年,人
3,00700,全域,001,男,206,30～34歳,003,アメリカ,04000,宮城県,1980000000,1980年,人
1,00700,全域,001,男,206,30～34歳,003,アメリカ,06000,山形県,1980000000,1980年,人
4,00700,全域,001,男,206,30～34歳,003,アメリカ,07000,福島県,1980000000,1980年,人
20,00700,全域,001,男,206,30～34歳,003,アメリカ,08000,茨城県,1980000000,1980年,人
8,00700,全域,001,男,206,30～34歳,003,アメリカ,09000,栃木県,1980000000,1980年,人
2,00700,全域,001,男,206,30～34歳,003,アメリカ,10000,群馬県,1980000000,1980年,人
24,00700,全域,001,男,206,30～34歳,003,アメリカ,11000,埼玉県,1980000000,1980年,人
22,00700,全域,001,男,206,30～34歳,003,アメリカ,12000,千葉県,1980000000,1980年,人
422,00700,全域,001,男,206,30～34歳,003,アメリカ,13000,東京都,1980000000,1980年,人
118,00700,全域,001,男,206,30～34歳,003,アメリカ,14000,神奈川県,1980000000,1980年,人
1,00700,全域,001,男,206,30～34歳,003,アメリカ,15000,新潟県,1980000000,1980年,人
2,00700,全域,001,男,206,30～34歳,003,アメリカ,17000,石川県,1980000000,1980年,人
2,00700,全域,001,男,206,30～34歳,003,アメリカ,18000,福井県,1980000000,1980年,人
3,00700,全域,001,男,206,30～34歳,003,アメリカ,19000,山梨県,1980000000,1980年,人
7,00700,全域,001,男,206,30～34歳,003,アメリカ,20000,長野県,1980000000,1980年,人
2,00700,全域,001,男,206,30～34歳,003,アメリカ,21000,岐阜県,1980000000,1980年,人
13,00700,全域,001,男,206,30～34歳,003,アメリカ,22000,静岡県,1980000000,1980年,人
33,00700,全域,001,男,206,30～34歳,003,アメリカ,23000,愛知県,1980000000,1980年,人
4,00700,全域,001,男,206,30～34歳,003,アメリカ,24000,三重県,1980000000,1980年,人
3,00700,全域,001,男,206,30～34歳,003,アメリカ,25000,滋賀県,1980000000,1980年,人
52,00700,全域,001,男,206,30～34歳,003,アメリカ,26000,京都府,1980000000,1980年,人
43,00700,全域,001,男,206,30～34歳,003,アメリカ,27000,大阪府,1980000000,1980年,人
60,00700,全域,001,男,206,30～34歳,003,アメリカ,28000,兵庫県,1980000000,1980年,人
10,00700,全域,001,男,206,30～34歳,003,アメリカ,29000,奈良県,1980000000,1980年,人
8,00700,全域,001,男,206,30～34歳,003,アメリカ,30000,和歌山県,1980000000,1980年,人
1,00700,全域,001,男,206,30～34歳,003,アメリカ,33000,岡山県,1980000000,1980年,人
14,00700,全域,001,男,206,30～34歳,003,アメリカ,34000,広島県,1980000000,1980年,人
10,00700,全域,001,男,206,30～34歳,003,アメリカ,35000,山口県,1980000000,1980年,人
3,00700,全域,001,男,206,30～34歳,003,アメリカ,37000,香川県,1980000000,1980年,人
6,00700,全域,001,男,206,30～34歳,003,アメリカ,38000,愛媛県,1980000000,1980年,人
3,00700,全域,001,男,206,30～34歳,003,アメリカ,39000,高知県,1980000000,1980年,人
18,00700,全域,001,男,206,30～34歳,003,アメリカ,40000,福岡県,1980000000,1980年,人
7,00700,全域,001,男,206,30～34歳,003,アメリカ,42000,長崎県,1980000000,1980年,人
4,00700,全域,001,男,206,30～34歳,003,アメリカ,44000,大分県,1980000000,1980年,人
1,00700,全域,001,男,206,30～34歳,003,アメリカ,45000,宮崎県,1980000000,1980年,人
4,00700,全域,001,男,206,30～34歳,003,アメリカ,46000,鹿児島県,1980000000,1980年,人
58,00700,全域,001,男,206,30～34歳,003,アメリカ,47000,沖縄県,1980000000,1980年,人
2313,00700,全域,001,男,206,30～34歳,004,その他,00000,全国,1980000000,1980年,人
2084,00700,全域,001,男,206,30～34歳,004,その他,00001,全国市部,1980000000,1980年,人
229,00700,全域,001,男,206,30～34歳,004,その他,00002,全国郡部,1980000000,1980年,人
39,00700,全域,001,男,206,30～34歳,004,その他,01000,北海道,1980000000,1980年,人
5,00700,全域,001,男,206,30～34歳,004,その他,02000,青森県,1980000000,1980年,人
4,00700,全域,001,男,206,30～34歳,004,その他,03000,岩手県,1980000000,1980年,人
34,00700,全域,001,男,206,30～34歳,004,その他,04000,宮城県,1980000000,1980年,人
5,00700,全域,001,男,206,30～34歳,004,その他,05000,秋田県,1980000000,1980年,人
2,00700,全域,001,男,206,30～34歳,004,その他,06000,山形県,1980000000,1980年,人
7,00700,全域,001,男,206,30～34歳,004,その他,07000,福島県,1980000000,1980年,人
68,00700,全域,001,男,206,30～34歳,004,その他,08000,茨城県,1980000000,1980年,人
19,00700,全域,001,男,206,30～34歳,004,その他,09000,栃木県,1980000000,1980年,人
17,00700,全域,001,男,206,30～34歳,004,その他,10000,群馬県,1980000000,1980年,人
53,00700,全域,001,男,206,30～34歳,004,その他,11000,埼玉県,1980000000,1980年,人
65,00700,全域,001,男,206,30～34歳,004,その他,12000,千葉県,1980000000,1980年,人
902,00700,全域,001,男,206,30～34歳,004,その他,13000,東京都,1980000000,1980年,人
187,00700,全域,001,男,206,30～34歳,004,その他,14000,神奈川県,1980000000,1980年,人
11,00700,全域,001,男,206,30～34歳,004,その他,15000,新潟県,1980000000,1980年,人
5,00700,全域,001,男,206,30～34歳,004,その他,16000,富山県,1980000000,1980年,人
5,00700,全域,001,男,206,30～34歳,004,その他,17000,石川県,1980000000,1980年,人
7,00700,全域,001,男,206,30～34歳,004,その他,18000,福井県,1980000000,1980年,人
7,00700,全域,001,男,206,30～34歳,004,その他,19000,山梨県,1980000000,1980年,人
11,00700,全域,001,男,206,30～34歳,004,その他,20000,長野県,1980000000,1980年,人
36,00700,全域,001,男,206,30～34歳,004,その他,22000,静岡県,1980000000,1980年,人
101,00700,全域,001,男,206,30～34歳,004,その他,23000,愛知県,1980000000,1980年,人
6,00700,全域,001,男,206,30～34歳,004,その他,24000,三重県,1980000000,1980年,人
12,00700,全域,001,男,206,30～34歳,004,その他,25000,滋賀県,1980000000,1980年,人
61,00700,全域,001,男,206,30～34歳,004,その他,26000,京都府,1980000000,1980年,人
139,00700,全域,001,男,206,30～34歳,004,その他,27000,大阪府,1980000000,1980年,人
199,00700,全域,001,男,206,30～34歳,004,その他,28000,兵庫県,1980000000,1980年,人
13,00700,全域,001,男,206,30～34歳,004,その他,29000,奈良県,1980000000,1980年,人
6,00700,全域,001,男,206,30～34歳,004,その他,30000,和歌山県,1980000000,1980年,人
2,00700,全域,001,男,206,30～34歳,004,その他,31000,鳥取県,1980000000,1980年,人
3,00700,全域,001,男,206,30～34歳,004,その他,32000,島根県,1980000000,1980年,人
18,00700,全域,001,男,206,30～34歳,004,その他,33000,岡山県,1980000000,1980年,人
66,00700,全域,001,男,206,30～34歳,004,その他,34000,広島県,1980000000,1980年,人
9,00700,全域,001,男,206,30～34歳,004,その他,35000,山口県,1980000000,1980年,人
5,00700,全域,001,男,206,30～34歳,004,その他,36000,徳島県,1980000000,1980年,人
7,00700,全域,001,男,206,30～34歳,004,その他,37000,香川県,1980000000,1980年,人
9,00700,全域,001,男,206,30～34歳,004,その他,38000,愛媛県,1980000000,1980年,人
5,00700,全域,001,男,206,30～34歳,004,その他,39000,高知県,1980000000,1980年,人
48,00700,全域,001,男,206,30～34歳,004,その他,40000,福岡県,1980000000,1980年,人
1,00700,全域,001,男,206,30～34歳,004,その他,41000,佐賀県,1980000000,1980年,人
10,00700,全域,001,男,206,30～34歳,004,その他,42000,長崎県,1980000000,1980年,人
19,00700,全域,001,男,206,30～34歳,004,その他,43000,熊本県,1980000000,1980年,人
10,00700,全域,001,男,206,30～34歳,004,その他,44000,大分県,1980000000,1980年,人
4,00700,全域,001,男,206,30～34歳,004,その他,45000,宮崎県,1980000000,1980年,人
16,00700,全域,001,男,206,30～34歳,004,その他,46000,鹿児島県,1980000000,1980年,人
55,00700,全域,001,男,206,30～34歳,004,その他,47000,沖縄県,1980000000,1980年,人
25988,00700,全域,001,男,207,35～39歳,000,国籍総数,00000,全国,1980000000,1980年,人
23980,00700,全域,001,男,207,35～39歳,000,国籍総数,00001,全国市部,1980000000,1980年,人
2008,00700,全域,001,男,207,35～39歳,000,国籍総数,00002,全国郡部,1980000000,1980年,人
243,00700,全域,001,男,207,35～39歳,000,国籍総数,01000,北海道,1980000000,1980年,人
64,00700,全域,001,男,207,35～39歳,000,国籍総数,02000,青森県,1980000000,1980年,人
57,00700,全域,001,男,207,35～39歳,000,国籍総数,03000,岩手県,1980000000,1980年,人
138,00700,全域,001,男,207,35～39歳,000,国籍総数,04000,宮城県,1980000000,1980年,人
41,00700,全域,001,男,207,35～39歳,000,国籍総数,05000,秋田県,1980000000,1980年,人
37,00700,全域,001,男,207,35～39歳,000,国籍総数,06000,山形県,1980000000,1980年,人
78,00700,全域,001,男,207,35～39歳,000,国籍総数,07000,福島県,1980000000,1980年,人
209,00700,全域,001,男,207,35～39歳,000,国籍総数,08000,茨城県,1980000000,1980年,人
106,00700,全域,001,男,207,35～39歳,000,国籍総数,09000,栃木県,1980000000,1980年,人
114,00700,全域,001,男,207,35～39歳,000,国籍総数,10000,群馬県,1980000000,1980年,人
452,00700,全域,001,男,207,35～39歳,000,国籍総数,11000,埼玉県,1980000000,1980年,人
514,00700,全域,001,男,207,35～39歳,000,国籍総数,12000,千葉県,1980000000,1980年,人
3567,00700,全域,001,男,207,35～39歳,000,国籍総数,13000,東京都,1980000000,1980年,人
1367,00700,全域,001,男,207,35～39歳,000,国籍総数,14000,神奈川県,1980000000,1980年,人
102,00700,全域,001,男,207,35～39歳,000,国籍総数,15000,新潟県,1980000000,1980年,人
86,00700,全域,001,男,207,35～39歳,000,国籍総数,16000,富山県,1980000000,1980年,人
116,00700,全域,001,男,207,35～39歳,000,国籍総数,17000,石川県,1980000000,1980年,人
206,00700,全域,001,男,207,35～39歳,000,国籍総数,18000,福井県,1980000000,1980年,人
54,00700,全域,001,男,207,35～39歳,000,国籍総数,19000,山梨県,1980000000,1980年,人
202,00700,全域,001,男,207,35～39歳,000,国籍総数,20000,長野県,1980000000,1980年,人
410,00700,全域,001,男,207,35～39歳,000,国籍総数,21000,岐阜県,1980000000,1980年,人
331,00700,全域,001,男,207,35～39歳,000,国籍総数,22000,静岡県,1980000000,1980年,人
2146,00700,全域,001,男,207,35～39歳,000,国籍総数,23000,愛知県,1980000000,1980年,人
308,00700,全域,001,男,207,35～39歳,000,国籍総数,24000,三重県,1980000000,1980年,人
302,00700,全域,001,男,207,35～39歳,000,国籍総数,25000,滋賀県,1980000000,1980年,人
1741,00700,全域,001,男,207,35～39歳,000,国籍総数,26000,京都府,1980000000,1980年,人
6377,00700,全域,001,男,207,35～39歳,000,国籍総数,27000,大阪府,1980000000,1980年,人
2943,00700,全域,001,男,207,35～39歳,000,国籍総数,28000,兵庫県,1980000000,1980年,人
210,00700,全域,001,男,207,35～39歳,000,国籍総数,29000,奈良県,1980000000,1980年,人
166,00700,全域,001,男,207,35～39歳,000,国籍総数,30000,和歌山県,1980000000,1980年,人
83,00700,全域,001,男,207,35～39歳,000,国籍総数,31000,鳥取県,1980000000,1980年,人
58,00700,全域,001,男,207,35～39歳,000,国籍総数,32000,島根県,1980000000,1980年,人
329,00700,全域,001,男,207,35～39歳,000,国籍総数,33000,岡山県,1980000000,1980年,人
662,00700,全域,001,男,207,35～39歳,000,国籍総数,34000,広島県,1980000000,1980年,人
504,00700,全域,001,男,207,35～39歳,000,国籍総数,35000,山口県,1980000000,1980年,人
22,00700,全域,001,男,207,35～39歳,000,国籍総数,36000,徳島県,1980000000,1980年,人
52,00700,全域,001,男,207,35～39歳,000,国籍総数,37000,香川県,1980000000,1980年,人
75,00700,全域,001,男,207,35～39歳,000,国籍総数,38000,愛媛県,1980000000,1980年,人
33,00700,全域,001,男,207,35～39歳,000,国籍総数,39000,高知県,1980000000,1980年,人
912,00700,全域,001,男,207,35～39歳,000,国籍総数,40000,福岡県,1980000000,1980年,人
50,00700,全域,001,男,207,35～39歳,000,国籍総数,41000,佐賀県,1980000000,1980年,人
136,00700,全域,001,男,207,35～39歳,000,国籍総数,42000,長崎県,1980000000,1980年,人
72,00700,全域,001,男,207,35～39歳,000,国籍総数,43000,熊本県,1980000000,1980年,人
123,00700,全域,001,男,207,35～39歳,000,国籍総数,44000,大分県,1980000000,1980年,人
41,00700,全域,001,男,207,35～39歳,000,国籍総数,45000,宮崎県,1980000000,1980年,人
27,00700,全域,001,男,207,35～39歳,000,国籍総数,46000,鹿児島県,1980000000,1980年,人
122,00700,全域,001,男,207,35～39歳,000,国籍総数,47000,沖縄県,1980000000,1980年,人
21240,00700,全域,001,男,207,35～39歳,001,韓国・朝鮮,00000,全国,1980000000,1980年,人
19570,00700,全域,001,男,207,35～39歳,001,韓国・朝鮮,00001,全国市部,1980000000,1980年,人
1670,00700,全域,001,男,207,35～39歳,001,韓国・朝鮮,00002,全国郡部,1980000000,1980年,人
159,00700,全域,001,男,207,35～39歳,001,韓国・朝鮮,01000,北海道,1980000000,1980年,人
56,00700,全域,001,男,207,35～39歳,001,韓国・朝鮮,02000,青森県,1980000000,1980年,人
46,00700,全域,001,男,207,35～39歳,001,韓国・朝鮮,03000,岩手県,1980000000,1980年,人
94,00700,全域,001,男,207,35～39歳,001,韓国・朝鮮,04000,宮城県,1980000000,1980年,人
34,00700,全域,001,男,207,35～39歳,001,韓国・朝鮮,05000,秋田県,1980000000,1980年,人
25,00700,全域,001,男,207,35～39歳,001,韓国・朝鮮,06000,山形県,1980000000,1980年,人
53,00700,全域,001,男,207,35～39歳,001,韓国・朝鮮,07000,福島県,1980000000,1980年,人
127,00700,全域,001,男,207,35～39歳,001,韓国・朝鮮,08000,茨城県,1980000000,1980年,人
85,00700,全域,001,男,207,35～39歳,001,韓国・朝鮮,09000,栃木県,1980000000,1980年,人
96,00700,全域,001,男,207,35～39歳,001,韓国・朝鮮,10000,群馬県,1980000000,1980年,人
359,00700,全域,001,男,207,35～39歳,001,韓国・朝鮮,11000,埼玉県,1980000000,1980年,人
376,00700,全域,001,男,207,35～39歳,001,韓国・朝鮮,12000,千葉県,1980000000,1980年,人
2030,00700,全域,001,男,207,35～39歳,001,韓国・朝鮮,13000,東京都,1980000000,1980年,人
860,00700,全域,001,男,207,35～39歳,001,韓国・朝鮮,14000,神奈川県,1980000000,1980年,人
83,00700,全域,001,男,207,35～39歳,001,韓国・朝鮮,15000,新潟県,1980000000,1980年,人
81,00700,全域,001,男,207,35～39歳,001,韓国・朝鮮,16000,富山県,1980000000,1980年,人
107,00700,全域,001,男,207,35～39歳,001,韓国・朝鮮,17000,石川県,1980000000,1980年,人
191,00700,全域,001,男,207,35～39歳,001,韓国・朝鮮,18000,福井県,1980000000,1980年,人
45,00700,全域,001,男,207,35～39歳,001,韓国・朝鮮,19000,山梨県,1980000000,1980年,人
168,00700,全域,001,男,207,35～39歳,001,韓国・朝鮮,20000,長野県,1980000000,1980年,人
389,00700,全域,001,男,207,35～39歳,001,韓国・朝鮮,21000,岐阜県,1980000000,1980年,人
268,00700,全域,001,男,207,35～39歳,001,韓国・朝鮮,22000,静岡県,1980000000,1980年,人
1999,00700,全域,001,男,207,35～39歳,001,韓国・朝鮮,23000,愛知県,1980000000,1980年,人
290,00700,全域,001,男,207,35～39歳,001,韓国・朝鮮,24000,三重県,1980000000,1980年,人
286,00700,全域,001,男,207,35～39歳,001,韓国・朝鮮,25000,滋賀県,1980000000,1980年,人
1594,00700,全域,001,男,207,35～39歳,001,韓国・朝鮮,26000,京都府,1980000000,1980年,人
5979,00700,全域,001,男,207,35～39歳,001,韓国・朝鮮,27000,大阪府,1980000000,1980年,人
2334,00700,全域,001,男,207,35～39歳,001,韓国・朝鮮,28000,兵庫県,1980000000,1980年,人
180,00700,全域,001,男,207,35～39歳,001,韓国・朝鮮,29000,奈良県,1980000000,1980年,人
148,00700,全域,001,男,207,35～39歳,001,韓国・朝鮮,30000,和歌山県,1980000000,1980年,人
74,00700,全域,001,男,207,35～39歳,001,韓国・朝鮮,31000,鳥取県,1980000000,1980年,人
47,00700,全域,001,男,207,35～39歳,001,韓国・朝鮮,32000,島根県,1980000000,1980年,人
301,00700,全域,001,男,207,35～39歳,001,韓国・朝鮮,33000,岡山県,1980000000,1980年,人
565,00700,全域,001,男,207,35～39歳,001,韓国・朝鮮,34000,広島県,1980000000,1980年,人
470,00700,全域,001,男,207,35～39歳,001,韓国・朝鮮,35000,山口県,1980000000,1980年,人
13,00700,全域,001,男,207,35～39歳,001,韓国・朝鮮,36000,徳島県,1980000000,1980年,人
41,00700,全域,001,男,207,35～39歳,001,韓国・朝鮮,37000,香川県,1980000000,1980年,人
57,00700,全域,001,男,207,35～39歳,001,韓国・朝鮮,38000,愛媛県,1980000000,1980年,人
25,00700,全域,001,男,207,35～39歳,001,韓国・朝鮮,39000,高知県,1980000000,1980年,人
814,00700,全域,001,男,207,35～39歳,001,韓国・朝鮮,40000,福岡県,1980000000,1980年,人
38,00700,全域,001,男,207,35～39歳,001,韓国・朝鮮,41000,佐賀県,1980000000,1980年,人
83,00700,全域,001,男,207,35～39歳,001,韓国・朝鮮,42000,長崎県,1980000000,1980年,人
39,00700,全域,001,男,207,35～39歳,001,韓国・朝鮮,43000,熊本県,1980000000,1980年,人
87,00700,全域,001,男,207,35～39歳,001,韓国・朝鮮,44000,大分県,1980000000,1980年,人
27,00700,全域,001,男,207,35～39歳,001,韓国・朝鮮,45000,宮崎県,1980000000,1980年,人
10,00700,全域,001,男,207,35～39歳,001,韓国・朝鮮,46000,鹿児島県,1980000000,1980年,人
7,00700,全域,001,男,207,35～39歳,001,韓国・朝鮮,47000,沖縄県,1980000000,1980年,人
1777,00700,全域,001,男,207,35～39歳,002,中国,00000,全国,1980000000,1980年,人
1686,00700,全域,001,男,207,35～39歳,002,中国,00001,全国市部,1980000000,1980年,人
91,00700,全域,001,男,207,35～39歳,002,中国,00002,全国郡部,1980000000,1980年,人
42,00700,全域,001,男,207,35～39歳,002,中国,01000,北海道,1980000000,1980年,人
1,00700,全域,001,男,207,35～39歳,002,中国,02000,青森県,1980000000,1980年,人
5,00700,全域,001,男,207,35～39歳,002,中国,03000,岩手県,1980000000,1980年,人
26,00700,全域,001,男,207,35～39歳,002,中国,04000,宮城県,1980000000,1980年,人
2,00700,全域,001,男,207,35～39歳,002,中国,05000,秋田県,1980000000,1980年,人
5,00700,全域,001,男,207,35～39歳,002,中国,06000,山形県,1980000000,1980年,人
12,00700,全域,001,男,207,35～39歳,002,中国,07000,福島県,1980000000,1980年,人
20,00700,全域,001,男,207,35～39歳,002,中国,08000,茨城県,1980000000,1980年,人
4,00700,全域,001,男,207,35～39歳,002,中国,09000,栃木県,1980000000,1980年,人
9,00700,全域,001,男,207,35～39歳,002,中国,10000,群馬県,1980000000,1980年,人
36,00700,全域,001,男,207,35～39歳,002,中国,11000,埼玉県,1980000000,1980年,人
71,00700,全域,001,男,207,35～39歳,002,中国,12000,千葉県,1980000000,1980年,人
380,00700,全域,001,男,207,35～39歳,002,中国,13000,東京都,1980000000,1980年,人
222,00700,全域,001,男,207,35～39歳,002,中国,14000,神奈川県,1980000000,1980年,人
10,00700,全域,001,男,207,35～39歳,002,中国,15000,新潟県,1980000000,1980年,人
1,00700,全域,001,男,207,35～39歳,002,中国,16000,富山県,1980000000,1980年,人
2,00700,全域,001,男,207,35～39歳,002,中国,17000,石川県,1980000000,1980年,人
4,00700,全域,001,男,207,35～39歳,002,中国,18000,福井県,1980000000,1980年,人
3,00700,全域,001,男,207,35～39歳,002,中国,19000,山梨県,1980000000,1980年,人
13,00700,全域,001,男,207,35～39歳,002,中国,20000,長野県,1980000000,1980年,人
10,00700,全域,001,男,207,35～39歳,002,中国,21000,岐阜県,1980000000,1980年,人
21,00700,全域,001,男,207,35～39歳,002,中国,22000,静岡県,1980000000,1980年,人
46,00700,全域,001,男,207,35～39歳,002,中国,23000,愛知県,1980000000,1980年,人
5,00700,全域,001,男,207,35～39歳,002,中国,24000,三重県,1980000000,1980年,人
4,00700,全域,001,男,207,35～39歳,002,中国,25000,滋賀県,1980000000,1980年,人
39,00700,全域,001,男,207,35～39歳,002,中国,26000,京都府,1980000000,1980年,人
191,00700,全域,001,男,207,35～39歳,002,中国,27000,大阪府,1980000000,1980年,人
335,00700,全域,001,男,207,35～39歳,002,中国,28000,兵庫県,1980000000,1980年,人
8,00700,全域,001,男,207,35～39歳,002,中国,29000,奈良県,1980000000,1980年,人
10,00700,全域,001,男,207,35～39歳,002,中国,30000,和歌山県,1980000000,1980年,人
1,00700,全域,001,男,207,35～39歳,002,中国,31000,鳥取県,1980000000,1980年,人
9,00700,全域,001,男,207,35～39歳,002,中国,32000,島根県,1980000000,1980年,人
11,00700,全域,001,男,207,35～39歳,002,中国,33000,岡山県,1980000000,1980年,人
31,00700,全域,001,男,207,35～39歳,002,中国,34000,広島県,1980000000,1980年,人
17,00700,全域,001,男,207,35～39歳,002,中国,35000,山口県,1980000000,1980年,人
2,00700,全域,001,男,207,35～39歳,002,中国,36000,徳島県,1980000000,1980年,人
4,00700,全域,001,男,207,35～39歳,002,中国,37000,香川県,1980000000,1980年,人
6,00700,全域,001,男,207,35～39歳,002,中国,38000,愛媛県,1980000000,1980年,人
2,00700,全域,001,男,207,35～39歳,002,中国,39000,高知県,1980000000,1980年,人
40,00700,全域,001,男,207,35～39歳,002,中国,40000,福岡県,1980000000,1980年,人
8,00700,全域,001,男,207,35～39歳,002,中国,41000,佐賀県,1980000000,1980年,人
35,00700,全域,001,男,207,35～39歳,002,中国,42000,長崎県,1980000000,1980年,人
20,00700,全域,001,男,207,35～39歳,002,中国,43000,熊本県,1980000000,1980年,人
22,00700,全域,001,男,207,35～39歳,002,中国,44000,大分県,1980000000,1980年,人
5,00700,全域,001,男,207,35～39歳,002,中国,45000,宮崎県,1980000000,1980年,人
10,00700,全域,001,男,207,35～39歳,002,中国,46000,鹿児島県,1980000000,1980年,人
17,00700,全域,001,男,207,35～39歳,002,中国,47000,沖縄県,1980000000,1980年,人
765,00700,全域,001,男,207,35～39歳,003,アメリカ,00000,全国,1980000000,1980年,人
711,00700,全域,001,男,207,35～39歳,003,アメリカ,00001,全国市部,1980000000,1980年,人
54,00700,全域,001,男,207,35～39歳,003,アメリカ,00002,全国郡部,1980000000,1980年,人
12,00700,全域,001,男,207,35～39歳,003,アメリカ,01000,北海道,1980000000,1980年,人
1,00700,全域,001,男,207,35～39歳,003,アメリカ,03000,岩手県,1980000000,1980年,人
1,00700,全域,001,男,207,35～39歳,003,アメリカ,04000,宮城県,1980000000,1980年,人
1,00700,全域,001,男,207,35～39歳,003,アメリカ,05000,秋田県,1980000000,1980年,人
1,00700,全域,001,男,207,35～39歳,003,アメリカ,06000,山形県,1980000000,1980年,人
2,00700,全域,001,男,207,35～39歳,003,アメリカ,07000,福島県,1980000000,1980年,人
13,00700,全域,001,男,207,35～39歳,003,アメリカ,08000,茨城県,1980000000,1980年,人
5,00700,全域,001,男,207,35～39歳,003,アメリカ,09000,栃木県,1980000000,1980年,人
1,00700,全域,001,男,207,35～39歳,003,アメリカ,10000,群馬県,1980000000,1980年,人
17,00700,全域,001,男,207,35～39歳,003,アメリカ,11000,埼玉県,1980000000,1980年,人
20,00700,全域,001,男,207,35～39歳,003,アメリカ,12000,千葉県,1980000000,1980年,人
351,00700,全域,001,男,207,35～39歳,003,アメリカ,13000,東京都,1980000000,1980年,人
100,00700,全域,001,男,207,35～39歳,003,アメリカ,14000,神奈川県,1980000000,1980年,人
1,00700,全域,001,男,207,35～39歳,003,アメリカ,16000,富山県,1980000000,1980年,人
1,00700,全域,001,男,207,35～39歳,003,アメリカ,17000,石川県,1980000000,1980年,人
2,00700,全域,001,男,207,35～39歳,003,アメリカ,18000,福井県,1980000000,1980年,人
1,00700,全域,001,男,207,35～39歳,003,アメリカ,19000,山梨県,1980000000,1980年,人
3,00700,全域,001,男,207,35～39歳,003,アメリカ,20000,長野県,1980000000,1980年,人
3,00700,全域,001,男,207,35～39歳,003,アメリカ,21000,岐阜県,1980000000,1980年,人
7,00700,全域,001,男,207,35～39歳,003,アメリカ,22000,静岡県,1980000000,1980年,人
22,00700,全域,001,男,207,35～39歳,003,アメリカ,23000,愛知県,1980000000,1980年,人
1,00700,全域,001,男,207,35～39歳,003,アメリカ,24000,三重県,1980000000,1980年,人
1,00700,全域,001,男,207,35～39歳,003,アメリカ,25000,滋賀県,1980000000,1980年,人
28,00700,全域,001,男,207,35～39歳,003,アメリカ,26000,京都府,1980000000,1980年,人
17,00700,全域,001,男,207,35～39歳,003,アメリカ,27000,大阪府,1980000000,1980年,人
43,00700,全域,001,男,207,35～39歳,003,アメリカ,28000,兵庫県,1980000000,1980年,人
4,00700,全域,001,男,207,35～39歳,003,アメリカ,29000,奈良県,1980000000,1980年,人
4,00700,全域,001,男,207,35～39歳,003,アメリカ,30000,和歌山県,1980000000,1980年,人
2,00700,全域,001,男,207,35～39歳,003,アメリカ,31000,鳥取県,1980000000,1980年,人
1,00700,全域,001,男,207,35～39歳,003,アメリカ,32000,島根県,1980000000,1980年,人
2,00700,全域,001,男,207,35～39歳,003,アメリカ,33000,岡山県,1980000000,1980年,人
8,00700,全域,001,男,207,35～39歳,003,アメリカ,34000,広島県,1980000000,1980年,人
4,00700,全域,001,男,207,35～39歳,003,アメリカ,35000,山口県,1980000000,1980年,人
1,00700,全域,001,男,207,35～39歳,003,アメリカ,36000,徳島県,1980000000,1980年,人
2,00700,全域,001,男,207,35～39歳,003,アメリカ,37000,香川県,1980000000,1980年,人
2,00700,全域,001,男,207,35～39歳,003,アメリカ,38000,愛媛県,1980000000,1980年,人
11,00700,全域,001,男,207,35～39歳,003,アメリカ,40000,福岡県,1980000000,1980年,人
2,00700,全域,001,男,207,35～39歳,003,アメリカ,41000,佐賀県,1980000000,1980年,人
5,00700,全域,001,男,207,35～39歳,003,アメリカ,42000,長崎県,1980000000,1980年,人
2,00700,全域,001,男,207,35～39歳,003,アメリカ,43000,熊本県,1980000000,1980年,人
2,00700,全域,001,男,207,35～39歳,003,アメリカ,44000,大分県,1980000000,1980年,人
1,00700,全域,001,男,207,35～39歳,003,アメリカ,45000,宮崎県,1980000000,1980年,人
2,00700,全域,001,男,207,35～39歳,003,アメリカ,46000,鹿児島県,1980000000,1980年,人
55,00700,全域,001,男,207,35～39歳,003,アメリカ,47000,沖縄県,1980000000,1980年,人
1530,00700,全域,001,男,207,35～39歳,004,その他,00000,全国,1980000000,1980年,人
1414,00700,全域,001,男,207,35～39歳,004,その他,00001,全国市部,1980000000,1980年,人
116,00700,全域,001,男,207,35～39歳,004,その他,00002,全国郡部,1980000000,1980年,人
17,00700,全域,001,男,207,35～39歳,004,その他,01000,北海道,1980000000,1980年,人
5,00700,全域,001,男,207,35～39歳,004,その他,02000,青森県,1980000000,1980年,人
2,00700,全域,001,男,207,35～39歳,004,その他,03000,岩手県,1980000000,1980年,人
10,00700,全域,001,男,207,35～39歳,004,その他,04000,宮城県,1980000000,1980年,人
1,00700,全域,001,男,207,35～39歳,004,その他,05000,秋田県,1980000000,1980年,人
5,00700,全域,001,男,207,35～39歳,004,その他,06000,山形県,1980000000,1980年,人
5,00700,全域,001,男,207,35～39歳,004,その他,07000,福島県,1980000000,1980年,人
41,00700,全域,001,男,207,35～39歳,004,その他,08000,茨城県,1980000000,1980年,人
6,00700,全域,001,男,207,35～39歳,004,その他,09000,栃木県,1980000000,1980年,人
3,00700,全域,001,男,207,35～39歳,004,その他,10000,群馬県,1980000000,1980年,人
24,00700,全域,001,男,207,35～39歳,004,その他,11000,埼玉県,1980000000,1980年,人
35,00700,全域,001,男,207,35～39歳,004,その他,12000,千葉県,1980000000,1980年,人
645,00700,全域,001,男,207,35～39歳,004,その他,13000,東京都,1980000000,1980年,人
141,00700,全域,001,男,207,35～39歳,004,その他,14000,神奈川県,1980000000,1980年,人
4,00700,全域,001,男,207,35～39歳,004,その他,15000,新潟県,1980000000,1980年,人
1,00700,全域,001,男,207,35～39歳,004,その他,16000,富山県,1980000000,1980年,人
4,00700,全域,001,男,207,35～39歳,004,その他,17000,石川県,1980000000,1980年,人
3,00700,全域,001,男,207,35～39歳,004,その他,18000,福井県,1980000000,1980年,人
5,00700,全域,001,男,207,35～39歳,004,その他,19000,山梨県,1980000000,1980年,人
8,00700,全域,001,男,207,35～39歳,004,その他,20000,長野県,1980000000,1980年,人
5,00700,全域,001,男,207,35～39歳,004,その他,21000,岐阜県,1980000000,1980年,人
19,00700,全域,001,男,207,35～39歳,004,その他,22000,静岡県,1980000000,1980年,人
49,00700,全域,001,男,207,35～39歳,004,その他,23000,愛知県,1980000000,1980年,人
4,00700,全域,001,男,207,35～39歳,004,その他,24000,三重県,1980000000,1980年,人
3,00700,全域,001,男,207,35～39歳,004,その他,25000,滋賀県,1980000000,1980年,人
50,00700,全域,001,男,207,35～39歳,004,その他,26000,京都府,1980000000,1980年,人
73,00700,全域,001,男,207,35～39歳,004,その他,27000,大阪府,1980000000,1980年,人
172,00700,全域,001,男,207,35～39歳,004,その他,28000,兵庫県,1980000000,1980年,人
5,00700,全域,001,男,207,35～39歳,004,その他,29000,奈良県,1980000000,1980年,人
2,00700,全域,001,男,207,35～39歳,004,その他,30000,和歌山県,1980000000,1980年,人
2,00700,全域,001,男,207,35～39歳,004,その他,31000,鳥取県,1980000000,1980年,人
13,00700,全域,001,男,207,35～39歳,004,その他,33000,岡山県,1980000000,1980年,人
41,00700,全域,001,男,207,35～39歳,004,その他,34000,広島県,1980000000,1980年,人
2,00700,全域,001,男,207,35～39歳,004,その他,35000,山口県,1980000000,1980年,人
5,00700,全域,001,男,207,35～39歳,004,その他,36000,徳島県,1980000000,1980年,人
5,00700,全域,001,男,207,35～39歳,004,その他,37000,香川県,1980000000,1980年,人
6,00700,全域,001,男,207,35～39歳,004,その他,38000,愛媛県,1980000000,1980年,人
2,00700,全域,001,男,207,35～39歳,004,その他,39000,高知県,1980000000,1980年,人
32,00700,全域,001,男,207,35～39歳,004,その他,40000,福岡県,1980000000,1980年,人
2,00700,全域,001,男,207,35～39歳,004,その他,41000,佐賀県,1980000000,1980年,人
10,00700,全域,001,男,207,35～39歳,004,その他,42000,長崎県,1980000000,1980年,人
5,00700,全域,001,男,207,35～39歳,004,その他,43000,熊本県,1980000000,1980年,人
7,00700,全域,001,男,207,35～39歳,004,その他,44000,大分県,1980000000,1980年,人
4,00700,全域,001,男,207,35～39歳,004,その他,45000,宮崎県,1980000000,1980年,人
4,00700,全域,001,男,207,35～39歳,004,その他,46000,鹿児島県,1980000000,1980年,人
43,00700,全域,001,男,207,35～39歳,004,その他,47000,沖縄県,1980000000,1980年,人
21111,00700,全域,001,男,208,40～44歳,000,国籍総数,00000,全国,1980000000,1980年,人
19507,00700,全域,001,男,208,40～44歳,000,国籍総数,00001,全国市部,1980000000,1980年,人
1604,00700,全域,001,男,208,40～44歳,000,国籍総数,00002,全国郡部,1980000000,1980年,人
190,00700,全域,001,男,208,40～44歳,000,国籍総数,01000,北海道,1980000000,1980年,人
35,00700,全域,001,男,208,40～44歳,000,国籍総数,02000,青森県,1980000000,1980年,人
45,00700,全域,001,男,208,40～44歳,000,国籍総数,03000,岩手県,1980000000,1980年,人
122,00700,全域,001,男,208,40～44歳,000,国籍総数,04000,宮城県,1980000000,1980年,人
35,00700,全域,001,男,208,40～44歳,000,国籍総数,05000,秋田県,1980000000,1980年,人
28,00700,全域,001,男,208,40～44歳,000,国籍総数,06000,山形県,1980000000,1980年,人
73,00700,全域,001,男,208,40～44歳,000,国籍総数,07000,福島県,1980000000,1980年,人
151,00700,全域,001,男,208,40～44歳,000,国籍総数,08000,茨城県,1980000000,1980年,人
70,00700,全域,001,男,208,40～44歳,000,国籍総数,09000,栃木県,1980000000,1980年,人
85,00700,全域,001,男,208,40～44歳,000,国籍総数,10000,群馬県,1980000000,1980年,人
334,00700,全域,001,男,208,40～44歳,000,国籍総数,11000,埼玉県,1980000000,1980年,人
361,00700,全域,001,男,208,40～44歳,000,国籍総数,12000,千葉県,1980000000,1980年,人
2818,00700,全域,001,男,208,40～44歳,000,国籍総数,13000,東京都,1980000000,1980年,人
1066,00700,全域,001,男,208,40～44歳,000,国籍総数,14000,神奈川県,1980000000,1980年,人
74,00700,全域,001,男,208,40～44歳,000,国籍総数,15000,新潟県,1980000000,1980年,人
70,00700,全域,001,男,208,40～44歳,000,国籍総数,16000,富山県,1980000000,1980年,人
91,00700,全域,001,男,208,40～44歳,000,国籍総数,17000,石川県,1980000000,1980年,人
156,00700,全域,001,男,208,40～44歳,000,国籍総数,18000,福井県,1980000000,1980年,人
59,00700,全域,001,男,208,40～44歳,000,国籍総数,19000,山梨県,1980000000,1980年,人
184,00700,全域,001,男,208,40～44歳,000,国籍総数,20000,長野県,1980000000,1980年,人
361,00700,全域,001,男,208,40～44歳,000,国籍総数,21000,岐阜県,1980000000,1980年,人
272,00700,全域,001,男,208,40～44歳,000,国籍総数,22000,静岡県,1980000000,1980年,人
1822,00700,全域,001,男,208,40～44歳,000,国籍総数,23000,愛知県,1980000000,1980年,人
288,00700,全域,001,男,208,40～44歳,000,国籍総数,24000,三重県,1980000000,1980年,人
255,00700,全域,001,男,208,40～44歳,000,国籍総数,25000,滋賀県,1980000000,1980年,人
1427,00700,全域,001,男,208,40～44歳,000,国籍総数,26000,京都府,1980000000,1980年,人
5342,00700,全域,001,男,208,40～44歳,000,国籍総数,27000,大阪府,1980000000,1980年,人
2394,00700,全域,001,男,208,40～44歳,000,国籍総数,28000,兵庫県,1980000000,1980年,人
166,00700,全域,001,男,208,40～44歳,000,国籍総数,29000,奈良県,1980000000,1980年,人
141,00700,全域,001,男,208,40～44歳,000,国籍総数,30000,和歌山県,1980000000,1980年,人
51,00700,全域,001,男,208,40～44歳,000,国籍総数,31000,鳥取県,1980000000,1980年,人
46,00700,全域,001,男,208,40～44歳,000,国籍総数,32000,島根県,1980000000,1980年,人
256,00700,全域,001,男,208,40～44歳,000,国籍総数,33000,岡山県,1980000000,1980年,人
529,00700,全域,001,男,208,40～44歳,000,国籍総数,34000,広島県,1980000000,1980年,人
383,00700,全域,001,男,208,40～44歳,000,国籍総数,35000,山口県,1980000000,1980年,人
20,00700,全域,001,男,208,40～44歳,000,国籍総数,36000,徳島県,1980000000,1980年,人
32,00700,全域,001,男,208,40～44歳,000,国籍総数,37000,香川県,1980000000,1980年,人
58,00700,全域,001,男,208,40～44歳,000,国籍総数,38000,愛媛県,1980000000,1980年,人
33,00700,全域,001,男,208,40～44歳,000,国籍総数,39000,高知県,1980000000,1980年,人
732,00700,全域,001,男,208,40～44歳,000,国籍総数,40000,福岡県,1980000000,1980年,人
40,00700,全域,001,男,208,40～44歳,000,国籍総数,41000,佐賀県,1980000000,1980年,人
74,00700,全域,001,男,208,40～44歳,000,国籍総数,42000,長崎県,1980000000,1980年,人
50,00700,全域,001,男,208,40～44歳,000,国籍総数,43000,熊本県,1980000000,1980年,人
91,00700,全域,001,男,208,40～44歳,000,国籍総数,44000,大分県,1980000000,1980年,人
21,00700,全域,001,男,208,40～44歳,000,国籍総数,45000,宮崎県,1980000000,1980年,人
33,00700,全域,001,男,208,40～44歳,000,国籍総数,46000,鹿児島県,1980000000,1980年,人
147,00700,全域,001,男,208,40～44歳,000,国籍総数,47000,沖縄県,1980000000,1980年,人
17564,00700,全域,001,男,208,40～44歳,001,韓国・朝鮮,00000,全国,1980000000,1980年,人
16229,00700,全域,001,男,208,40～44歳,001,韓国・朝鮮,00001,全国市部,1980000000,1980年,人
1335,00700,全域,001,男,208,40～44歳,001,韓国・朝鮮,00002,全国郡部,1980000000,1980年,人
114,00700,全域,001,男,208,40～44歳,001,韓国・朝鮮,01000,北海道,1980000000,1980年,人
28,00700,全域,001,男,208,40～44歳,001,韓国・朝鮮,02000,青森県,1980000000,1980年,人
38,00700,全域,001,男,208,40～44歳,001,韓国・朝鮮,03000,岩手県,1980000000,1980年,人
86,00700,全域,001,男,208,40～44歳,001,韓国・朝鮮,04000,宮城県,1980000000,1980年,人
30,00700,全域,001,男,208,40～44歳,001,韓国・朝鮮,05000,秋田県,1980000000,1980年,人
18,00700,全域,001,男,208,40～44歳,001,韓国・朝鮮,06000,山形県,1980000000,1980年,人
46,00700,全域,001,男,208,40～44歳,001,韓国・朝鮮,07000,福島県,1980000000,1980年,人
110,00700,全域,001,男,208,40～44歳,001,韓国・朝鮮,08000,茨城県,1980000000,1980年,人
58,00700,全域,001,男,208,40～44歳,001,韓国・朝鮮,09000,栃木県,1980000000,1980年,人
67,00700,全域,001,男,208,40～44歳,001,韓国・朝鮮,10000,群馬県,1980000000,1980年,人
270,00700,全域,001,男,208,40～44歳,001,韓国・朝鮮,11000,埼玉県,1980000000,1980年,人
291,00700,全域,001,男,208,40～44歳,001,韓国・朝鮮,12000,千葉県,1980000000,1980年,人
1655,00700,全域,001,男,208,40～44歳,001,韓国・朝鮮,13000,東京都,1980000000,1980年,人
697,00700,全域,001,男,208,40～44歳,001,韓国・朝鮮,14000,神奈川県,1980000000,1980年,人
54,00700,全域,001,男,208,40～44歳,001,韓国・朝鮮,15000,新潟県,1980000000,1980年,人
63,00700,全域,001,男,208,40～44歳,001,韓国・朝鮮,16000,富山県,1980000000,1980年,人
82,00700,全域,001,男,208,40～44歳,001,韓国・朝鮮,17000,石川県,1980000000,1980年,人
148,00700,全域,001,男,208,40～44歳,001,韓国・朝鮮,18000,福井県,1980000000,1980年,人
51,00700,全域,001,男,208,40～44歳,001,韓国・朝鮮,19000,山梨県,1980000000,1980年,人
162,00700,全域,001,男,208,40～44歳,001,韓国・朝鮮,20000,長野県,1980000000,1980年,人
344,00700,全域,001,男,208,40～44歳,001,韓国・朝鮮,21000,岐阜県,1980000000,1980年,人
224,00700,全域,001,男,208,40～44歳,001,韓国・朝鮮,22000,静岡県,1980000000,1980年,人
1713,00700,全域,001,男,208,40～44歳,001,韓国・朝鮮,23000,愛知県,1980000000,1980年,人
269,00700,全域,001,男,208,40～44歳,001,韓国・朝鮮,24000,三重県,1980000000,1980年,人
236,00700,全域,001,男,208,40～44歳,001,韓国・朝鮮,25000,滋賀県,1980000000,1980年,人
1354,00700,全域,001,男,208,40～44歳,001,韓国・朝鮮,26000,京都府,1980000000,1980年,人
5066,00700,全域,001,男,208,40～44歳,001,韓国・朝鮮,27000,大阪府,1980000000,1980年,人
1949,00700,全域,001,男,208,40～44歳,001,韓国・朝鮮,28000,兵庫県,1980000000,1980年,人
140,00700,全域,001,男,208,40～44歳,001,韓国・朝鮮,29000,奈良県,1980000000,1980年,人
122,00700,全域,001,男,208,40～44歳,001,韓国・朝鮮,30000,和歌山県,1980000000,1980年,人
45,00700,全域,001,男,208,40～44歳,001,韓国・朝鮮,31000,鳥取県,1980000000,1980年,人
34,00700,全域,001,男,208,40～44歳,001,韓国・朝鮮,32000,島根県,1980000000,1980年,人
231,00700,全域,001,男,208,40～44歳,001,韓国・朝鮮,33000,岡山県,1980000000,1980年,人
477,00700,全域,001,男,208,40～44歳,001,韓国・朝鮮,34000,広島県,1980000000,1980年,人
355,00700,全域,001,男,208,40～44歳,001,韓国・朝鮮,35000,山口県,1980000000,1980年,人
10,00700,全域,001,男,208,40～44歳,001,韓国・朝鮮,36000,徳島県,1980000000,1980年,人
24,00700,全域,001,男,208,40～44歳,001,韓国・朝鮮,37000,香川県,1980000000,1980年,人
46,00700,全域,001,男,208,40～44歳,001,韓国・朝鮮,38000,愛媛県,1980000000,1980年,人
22,00700,全域,001,男,208,40～44歳,001,韓国・朝鮮,39000,高知県,1980000000,1980年,人
645,00700,全域,001,男,208,40～44歳,001,韓国・朝鮮,40000,福岡県,1980000000,1980年,人
26,00700,全域,001,男,208,40～44歳,001,韓国・朝鮮,41000,佐賀県,1980000000,1980年,人
44,00700,全域,001,男,208,40～44歳,001,韓国・朝鮮,42000,長崎県,1980000000,1980年,人
33,00700,全域,001,男,208,40～44歳,001,韓国・朝鮮,43000,熊本県,1980000000,1980年,人
61,00700,全域,001,男,208,40～44歳,001,韓国・朝鮮,44000,大分県,1980000000,1980年,人
16,00700,全域,001,男,208,40～44歳,001,韓国・朝鮮,45000,宮崎県,1980000000,1980年,人
8,00700,全域,001,男,208,40～44歳,001,韓国・朝鮮,46000,鹿児島県,1980000000,1980年,人
2,00700,全域,001,男,208,40～44歳,001,韓国・朝鮮,47000,沖縄県,1980000000,1980年,人
1406,00700,全域,001,男,208,40～44歳,002,中国,00000,全国,1980000000,1980年,人
1322,00700,全域,001,男,208,40～44歳,002,中国,00001,全国市部,1980000000,1980年,人
84,00700,全域,001,男,208,40～44歳,002,中国,00002,全国郡部,1980000000,1980年,人
32,00700,全域,001,男,208,40～44歳,002,中国,01000,北海道,1980000000,1980年,人
2,00700,全域,001,男,208,40～44歳,002,中国,02000,青森県,1980000000,1980年,人
5,00700,全域,001,男,208,40～44歳,002,中国,03000,岩手県,1980000000,1980年,人
26,00700,全域,001,男,208,40～44歳,002,中国,04000,宮城県,1980000000,1980年,人
1,00700,全域,001,男,208,40～44歳,002,中国,05000,秋田県,1980000000,1980年,人
7,00700,全域,001,男,208,40～44歳,002,中国,06000,山形県,1980000000,1980年,人
13,00700,全域,001,男,208,40～44歳,002,中国,07000,福島県,1980000000,1980年,人
8,00700,全域,001,男,208,40～44歳,002,中国,08000,茨城県,1980000000,1980年,人
2,00700,全域,001,男,208,40～44歳,002,中国,09000,栃木県,1980000000,1980年,人
4,00700,全域,001,男,208,40～44歳,002,中国,10000,群馬県,1980000000,1980年,人
19,00700,全域,001,男,208,40～44歳,002,中国,11000,埼玉県,1980000000,1980年,人
37,00700,全域,001,男,208,40～44歳,002,中国,12000,千葉県,1980000000,1980年,人
339,00700,全域,001,男,208,40～44歳,002,中国,13000,東京都,1980000000,1980年,人
168,00700,全域,001,男,208,40～44歳,002,中国,14000,神奈川県,1980000000,1980年,人
12,00700,全域,001,男,208,40～44歳,002,中国,15000,新潟県,1980000000,1980年,人
3,00700,全域,001,男,208,40～44歳,002,中国,17000,石川県,1980000000,1980年,人
1,00700,全域,001,男,208,40～44歳,002,中国,18000,福井県,1980000000,1980年,人
6,00700,全域,001,男,208,40～44歳,002,中国,19000,山梨県,1980000000,1980年,人
12,00700,全域,001,男,208,40～44歳,002,中国,20000,長野県,1980000000,1980年,人
10,00700,全域,001,男,208,40～44歳,002,中国,21000,岐阜県,1980000000,1980年,人
23,00700,全域,001,男,208,40～44歳,002,中国,22000,静岡県,1980000000,1980年,人
36,00700,全域,001,男,208,40～44歳,002,中国,23000,愛知県,1980000000,1980年,人
7,00700,全域,001,男,208,40～44歳,002,中国,24000,三重県,1980000000,1980年,人
7,00700,全域,001,男,208,40～44歳,002,中国,25000,滋賀県,1980000000,1980年,人
26,00700,全域,001,男,208,40～44歳,002,中国,26000,京都府,1980000000,1980年,人
132,00700,全域,001,男,208,40～44歳,002,中国,27000,大阪府,1980000000,1980年,人
236,00700,全域,001,男,208,40～44歳,002,中国,28000,兵庫県,1980000000,1980年,人
6,00700,全域,001,男,208,40～44歳,002,中国,29000,奈良県,1980000000,1980年,人
8,00700,全域,001,男,208,40～44歳,002,中国,30000,和歌山県,1980000000,1980年,人
2,00700,全域,001,男,208,40～44歳,002,中国,31000,鳥取県,1980000000,1980年,人
10,00700,全域,001,男,208,40～44歳,002,中国,32000,島根県,1980000000,1980年,人
14,00700,全域,001,男,208,40～44歳,002,中国,33000,岡山県,1980000000,1980年,人
17,00700,全域,001,男,208,40～44歳,002,中国,34000,広島県,1980000000,1980年,人
11,00700,全域,001,男,208,40～44歳,002,中国,35000,山口県,1980000000,1980年,人
3,00700,全域,001,男,208,40～44歳,002,中国,36000,徳島県,1980000000,1980年,人
5,00700,全域,001,男,208,40～44歳,002,中国,37000,香川県,1980000000,1980年,人
3,00700,全域,001,男,208,40～44歳,002,中国,38000,愛媛県,1980000000,1980年,人
1,00700,全域,001,男,208,40～44歳,002,中国,39000,高知県,1980000000,1980年,人
47,00700,全域,001,男,208,40～44歳,002,中国,40000,福岡県,1980000000,1980年,人
6,00700,全域,001,男,208,40～44歳,002,中国,41000,佐賀県,1980000000,1980年,人
14,00700,全域,001,男,208,40～44歳,002,中国,42000,長崎県,1980000000,1980年,人
10,00700,全域,001,男,208,40～44歳,002,中国,43000,熊本県,1980000000,1980年,人
27,00700,全域,001,男,208,40～44歳,002,中国,44000,大分県,1980000000,1980年,人
2,00700,全域,001,男,208,40～44歳,002,中国,45000,宮崎県,1980000000,1980年,人
16,00700,全域,001,男,208,40～44歳,002,中国,46000,鹿児島県,1980000000,1980年,人
30,00700,全域,001,男,208,40～44歳,002,中国,47000,沖縄県,1980000000,1980年,人
579,00700,全域,001,男,208,40～44歳,003,アメリカ,00000,全国,1980000000,1980年,人
534,00700,全域,001,男,208,40～44歳,003,アメリカ,00001,全国市部,1980000000,1980年,人
45,00700,全域,001,男,208,40～44歳,003,アメリカ,00002,全国郡部,1980000000,1980年,人
11,00700,全域,001,男,208,40～44歳,003,アメリカ,01000,北海道,1980000000,1980年,人
1,00700,全域,001,男,208,40～44歳,003,アメリカ,02000,青森県,1980000000,1980年,人
3,00700,全域,001,男,208,40～44歳,003,アメリカ,04000,宮城県,1980000000,1980年,人
1,00700,全域,001,男,208,40～44歳,003,アメリカ,05000,秋田県,1980000000,1980年,人
1,00700,全域,001,男,208,40～44歳,003,アメリカ,06000,山形県,1980000000,1980年,人
2,00700,全域,001,男,208,40～44歳,003,アメリカ,07000,福島県,1980000000,1980年,人
7,00700,全域,001,男,208,40～44歳,003,アメリカ,08000,茨城県,1980000000,1980年,人
4,00700,全域,001,男,208,40～44歳,003,アメリカ,09000,栃木県,1980000000,1980年,人
1,00700,全域,001,男,208,40～44歳,003,アメリカ,10000,群馬県,1980000000,1980年,人
14,00700,全域,001,男,208,40～44歳,003,アメリカ,11000,埼玉県,1980000000,1980年,人
3,00700,全域,001,男,208,40～44歳,003,アメリカ,12000,千葉県,1980000000,1980年,人
253,00700,全域,001,男,208,40～44歳,003,アメリカ,13000,東京都,1980000000,1980年,人
69,00700,全域,001,男,208,40～44歳,003,アメリカ,14000,神奈川県,1980000000,1980年,人
1,00700,全域,001,男,208,40～44歳,003,アメリカ,16000,富山県,1980000000,1980年,人
1,00700,全域,001,男,208,40～44歳,003,アメリカ,19000,山梨県,1980000000,1980年,人
1,00700,全域,001,男,208,40～44歳,003,アメリカ,20000,長野県,1980000000,1980年,人
1,00700,全域,001,男,208,40～44歳,003,アメリカ,21000,岐阜県,1980000000,1980年,人
3,00700,全域,001,男,208,40～44歳,003,アメリカ,22000,静岡県,1980000000,1980年,人
20,00700,全域,001,男,208,40～44歳,003,アメリカ,23000,愛知県,1980000000,1980年,人
2,00700,全域,001,男,208,40～44歳,003,アメリカ,24000,三重県,1980000000,1980年,人
1,00700,全域,001,男,208,40～44歳,003,アメリカ,25000,滋賀県,1980000000,1980年,人
14,00700,全域,001,男,208,40～44歳,003,アメリカ,26000,京都府,1980000000,1980年,人
9,00700,全域,001,男,208,40～44歳,003,アメリカ,27000,大阪府,1980000000,1980年,人
27,00700,全域,001,男,208,40～44歳,003,アメリカ,28000,兵庫県,1980000000,1980年,人
4,00700,全域,001,男,208,40～44歳,003,アメリカ,29000,奈良県,1980000000,1980年,人
2,00700,全域,001,男,208,40～44歳,003,アメリカ,30000,和歌山県,1980000000,1980年,人
1,00700,全域,001,男,208,40～44歳,003,アメリカ,31000,鳥取県,1980000000,1980年,人
1,00700,全域,001,男,208,40～44歳,003,アメリカ,33000,岡山県,1980000000,1980年,人
7,00700,全域,001,男,208,40～44歳,003,アメリカ,34000,広島県,1980000000,1980年,人
5,00700,全域,001,男,208,40～44歳,003,アメリカ,35000,山口県,1980000000,1980年,人
2,00700,全域,001,男,208,40～44歳,003,アメリカ,36000,徳島県,1980000000,1980年,人
1,00700,全域,001,男,208,40～44歳,003,アメリカ,38000,愛媛県,1980000000,1980年,人
3,00700,全域,001,男,208,40～44歳,003,アメリカ,39000,高知県,1980000000,1980年,人
11,00700,全域,001,男,208,40～44歳,003,アメリカ,40000,福岡県,1980000000,1980年,人
1,00700,全域,001,男,208,40～44歳,003,アメリカ,41000,佐賀県,1980000000,1980年,人
6,00700,全域,001,男,208,40～44歳,003,アメリカ,42000,長崎県,1980000000,1980年,人
1,00700,全域,001,男,208,40～44歳,003,アメリカ,43000,熊本県,1980000000,1980年,人
2,00700,全域,001,男,208,40～44歳,003,アメリカ,44000,大分県,1980000000,1980年,人
1,00700,全域,001,男,208,40～44歳,003,アメリカ,45000,宮崎県,1980000000,1980年,人
2,00700,全域,001,男,208,40～44歳,003,アメリカ,46000,鹿児島県,1980000000,1980年,人
79,00700,全域,001,男,208,40～44歳,003,アメリカ,47000,沖縄県,1980000000,1980年,人
1021,00700,全域,001,男,208,40～44歳,004,その他,00000,全国,1980000000,1980年,人
943,00700,全域,001,男,208,40～44歳,004,その他,00001,全国市部,1980000000,1980年,人
78,00700,全域,001,男,208,40～44歳,004,その他,00002,全国郡部,1980000000,1980年,人
19,00700,全域,001,男,208,40～44歳,004,その他,01000,北海道,1980000000,1980年,人
3,00700,全域,001,男,208,40～44歳,004,その他,04000,宮城県,1980000000,1980年,人
1,00700,全域,001,男,208,40～44歳,004,その他,05000,秋田県,1980000000,1980年,人
1,00700,全域,001,男,208,40～44歳,004,その他,06000,山形県,1980000000,1980年,人
4,00700,全域,001,男,208,40～44歳,004,その他,07000,福島県,1980000000,1980年,人
16,00700,全域,001,男,208,40～44歳,004,その他,08000,茨城県,1980000000,1980年,人
4,00700,全域,001,男,208,40～44歳,004,その他,09000,栃木県,1980000000,1980年,人
7,00700,全域,001,男,208,40～44歳,004,その他,10000,群馬県,1980000000,1980年,人
13,00700,全域,001,男,208,40～44歳,004,その他,11000,埼玉県,1980000000,1980年,人
17,00700,全域,001,男,208,40～44歳,004,その他,12000,千葉県,1980000000,1980年,人
448,00700,全域,001,男,208,40～44歳,004,その他,13000,東京都,1980000000,1980年,人
98,00700,全域,001,男,208,40～44歳,004,その他,14000,神奈川県,1980000000,1980年,人
6,00700,全域,001,男,208,40～44歳,004,その他,15000,新潟県,1980000000,1980年,人
3,00700,全域,001,男,208,40～44歳,004,その他,16000,富山県,1980000000,1980年,人
3,00700,全域,001,男,208,40～44歳,004,その他,17000,石川県,1980000000,1980年,人
5,00700,全域,001,男,208,40～44歳,004,その他,18000,福井県,1980000000,1980年,人
5,00700,全域,001,男,208,40～44歳,004,その他,20000,長野県,1980000000,1980年,人
2,00700,全域,001,男,208,40～44歳,004,その他,21000,岐阜県,1980000000,1980年,人
12,00700,全域,001,男,208,40～44歳,004,その他,22000,静岡県,1980000000,1980年,人
31,00700,全域,001,男,208,40～44歳,004,その他,23000,愛知県,1980000000,1980年,人
5,00700,全域,001,男,208,40～44歳,004,その他,24000,三重県,1980000000,1980年,人
6,00700,全域,001,男,208,40～44歳,004,その他,25000,滋賀県,1980000000,1980年,人
10,00700,全域,001,男,208,40～44歳,004,その他,26000,京都府,1980000000,1980年,人
39,00700,全域,001,男,208,40～44歳,004,その他,27000,大阪府,1980000000,1980年,人
147,00700,全域,001,男,208,40～44歳,004,その他,28000,兵庫県,1980000000,1980年,人
7,00700,全域,001,男,208,40～44歳,004,その他,29000,奈良県,1980000000,1980年,人
5,00700,全域,001,男,208,40～44歳,004,その他,30000,和歌山県,1980000000,1980年,人
2,00700,全域,001,男,208,40～44歳,004,その他,31000,鳥取県,1980000000,1980年,人
2,00700,全域,001,男,208,40～44歳,004,その他,32000,島根県,1980000000,1980年,人
6,00700,全域,001,男,208,40～44歳,004,その他,33000,岡山県,1980000000,1980年,人
19,00700,全域,001,男,208,40～44歳,004,その他,34000,広島県,1980000000,1980年,人
5,00700,全域,001,男,208,40～44歳,004,その他,35000,山口県,1980000000,1980年,人
3,00700,全域,001,男,208,40～44歳,004,その他,36000,徳島県,1980000000,1980年,人
1,00700,全域,001,男,208,40～44歳,004,その他,37000,香川県,1980000000,1980年,人
5,00700,全域,001,男,208,40～44歳,004,その他,38000,愛媛県,1980000000,1980年,人
3,00700,全域,001,男,208,40～44歳,004,その他,39000,高知県,1980000000,1980年,人
11,00700,全域,001,男,208,40～44歳,004,その他,40000,福岡県,1980000000,1980年,人
4,00700,全域,001,男,208,40～44歳,004,その他,41000,佐賀県,1980000000,1980年,人
6,00700,全域,001,男,208,40～44歳,004,その他,42000,長崎県,1980000000,1980年,人
1,00700,全域,001,男,208,40～44歳,004,その他,43000,熊本県,1980000000,1980年,人
2,00700,全域,001,男,208,40～44歳,004,その他,45000,宮崎県,1980000000,1980年,人
4,00700,全域,001,男,208,40～44歳,004,その他,46000,鹿児島県,1980000000,1980年,人
30,00700,全域,001,男,208,40～44歳,004,その他,47000,沖縄県,1980000000,1980年,人
16450,00700,全域,001,男,209,45～49歳,000,国籍総数,00000,全国,1980000000,1980年,人
15192,00700,全域,001,男,209,45～49歳,000,国籍総数,00001,全国市部,1980000000,1980年,人
1258,00700,全域,001,男,209,45～49歳,000,国籍総数,00002,全国郡部,1980000000,1980年,人
162,00700,全域,001,男,209,45～49歳,000,国籍総数,01000,北海道,1980000000,1980年,人
40,00700,全域,001,男,209,45～49歳,000,国籍総数,02000,青森県,1980000000,1980年,人
24,00700,全域,001,男,209,45～49歳,000,国籍総数,03000,岩手県,1980000000,1980年,人
70,00700,全域,001,男,209,45～49歳,000,国籍総数,04000,宮城県,1980000000,1980年,人
13,00700,全域,001,男,209,45～49歳,000,国籍総数,05000,秋田県,1980000000,1980年,人
28,00700,全域,001,男,209,45～49歳,000,国籍総数,06000,山形県,1980000000,1980年,人
53,00700,全域,001,男,209,45～49歳,000,国籍総数,07000,福島県,1980000000,1980年,人
106,00700,全域,001,男,209,45～49歳,000,国籍総数,08000,茨城県,1980000000,1980年,人
51,00700,全域,001,男,209,45～49歳,000,国籍総数,09000,栃木県,1980000000,1980年,人
76,00700,全域,001,男,209,45～49歳,000,国籍総数,10000,群馬県,1980000000,1980年,人
264,00700,全域,001,男,209,45～49歳,000,国籍総数,11000,埼玉県,1980000000,1980年,人
249,00700,全域,001,男,209,45～49歳,000,国籍総数,12000,千葉県,1980000000,1980年,人
2369,00700,全域,001,男,209,45～49歳,000,国籍総数,13000,東京都,1980000000,1980年,人
883,00700,全域,001,男,209,45～49歳,000,国籍総数,14000,神奈川県,1980000000,1980年,人
50,00700,全域,001,男,209,45～49歳,000,国籍総数,15000,新潟県,1980000000,1980年,人
38,00700,全域,001,男,209,45～49歳,000,国籍総数,16000,富山県,1980000000,1980年,人
71,00700,全域,001,男,209,45～49歳,000,国籍総数,17000,石川県,1980000000,1980年,人
108,00700,全域,001,男,209,45～49歳,000,国籍総数,18000,福井県,1980000000,1980年,人
43,00700,全域,001,男,209,45～49歳,000,国籍総数,19000,山梨県,1980000000,1980年,人
110,00700,全域,001,男,209,45～49歳,000,国籍総数,20000,長野県,1980000000,1980年,人
246,00700,全域,001,男,209,45～49歳,000,国籍総数,21000,岐阜県,1980000000,1980年,人
179,00700,全域,001,男,209,45～49歳,000,国籍総数,22000,静岡県,1980000000,1980年,人
1452,00700,全域,001,男,209,45～49歳,000,国籍総数,23000,愛知県,1980000000,1980年,人
171,00700,全域,001,男,209,45～49歳,000,国籍総数,24000,三重県,1980000000,1980年,人
168,00700,全域,001,男,209,45～49歳,000,国籍総数,25000,滋賀県,1980000000,1980年,人
1089,00700,全域,001,男,209,45～49歳,000,国籍総数,26000,京都府,1980000000,1980年,人
4128,00700,全域,001,男,209,45～49歳,000,国籍総数,27000,大阪府,1980000000,1980年,人
1776,00700,全域,001,男,209,45～49歳,000,国籍総数,28000,兵庫県,1980000000,1980年,人
146,00700,全域,001,男,209,45～49歳,000,国籍総数,29000,奈良県,1980000000,1980年,人
116,00700,全域,001,男,209,45～49歳,000,国籍総数,30000,和歌山県,1980000000,1980年,人
31,00700,全域,001,男,209,45～49歳,000,国籍総数,31000,鳥取県,1980000000,1980年,人
29,00700,全域,001,男,209,45～49歳,000,国籍総数,32000,島根県,1980000000,1980年,人
209,00700,全域,001,男,209,45～49歳,000,国籍総数,33000,岡山県,1980000000,1980年,人
376,00700,全域,001,男,209,45～49歳,000,国籍総数,34000,広島県,1980000000,1980年,人
337,00700,全域,001,男,209,45～49歳,000,国籍総数,35000,山口県,1980000000,1980年,人
15,00700,全域,001,男,209,45～49歳,000,国籍総数,36000,徳島県,1980000000,1980年,人
22,00700,全域,001,男,209,45～49歳,000,国籍総数,37000,香川県,1980000000,1980年,人
42,00700,全域,001,男,209,45～49歳,000,国籍総数,38000,愛媛県,1980000000,1980年,人
28,00700,全域,001,男,209,45～49歳,000,国籍総数,39000,高知県,1980000000,1980年,人
629,00700,全域,001,男,209,45～49歳,000,国籍総数,40000,福岡県,1980000000,1980年,人
21,00700,全域,001,男,209,45～49歳,000,国籍総数,41000,佐賀県,1980000000,1980年,人
90,00700,全域,001,男,209,45～49歳,000,国籍総数,42000,長崎県,1980000000,1980年,人
41,00700,全域,001,男,209,45～49歳,000,国籍総数,43000,熊本県,1980000000,1980年,人
88,00700,全域,001,男,209,45～49歳,000,国籍総数,44000,大分県,1980000000,1980年,人
28,00700,全域,001,男,209,45～49歳,000,国籍総数,45000,宮崎県,1980000000,1980年,人
34,00700,全域,001,男,209,45～49歳,000,国籍総数,46000,鹿児島県,1980000000,1980年,人
151,00700,全域,001,男,209,45～49歳,000,国籍総数,47000,沖縄県,1980000000,1980年,人
13526,00700,全域,001,男,209,45～49歳,001,韓国・朝鮮,00000,全国,1980000000,1980年,人
12503,00700,全域,001,男,209,45～49歳,001,韓国・朝鮮,00001,全国市部,1980000000,1980年,人
1023,00700,全域,001,男,209,45～49歳,001,韓国・朝鮮,00002,全国郡部,1980000000,1980年,人
114,00700,全域,001,男,209,45～49歳,001,韓国・朝鮮,01000,北海道,1980000000,1980年,人
29,00700,全域,001,男,209,45～49歳,001,韓国・朝鮮,02000,青森県,1980000000,1980年,人
17,00700,全域,001,男,209,45～49歳,001,韓国・朝鮮,03000,岩手県,1980000000,1980年,人
56,00700,全域,001,男,209,45～49歳,001,韓国・朝鮮,04000,宮城県,1980000000,1980年,人
12,00700,全域,001,男,209,45～49歳,001,韓国・朝鮮,05000,秋田県,1980000000,1980年,人
18,00700,全域,001,男,209,45～49歳,001,韓国・朝鮮,06000,山形県,1980000000,1980年,人
38,00700,全域,001,男,209,45～49歳,001,韓国・朝鮮,07000,福島県,1980000000,1980年,人
81,00700,全域,001,男,209,45～49歳,001,韓国・朝鮮,08000,茨城県,1980000000,1980年,人
39,00700,全域,001,男,209,45～49歳,001,韓国・朝鮮,09000,栃木県,1980000000,1980年,人
62,00700,全域,001,男,209,45～49歳,001,韓国・朝鮮,10000,群馬県,1980000000,1980年,人
218,00700,全域,001,男,209,45～49歳,001,韓国・朝鮮,11000,埼玉県,1980000000,1980年,人
187,00700,全域,001,男,209,45～49歳,001,韓国・朝鮮,12000,千葉県,1980000000,1980年,人
1402,00700,全域,001,男,209,45～49歳,001,韓国・朝鮮,13000,東京都,1980000000,1980年,人
547,00700,全域,001,男,209,45～49歳,001,韓国・朝鮮,14000,神奈川県,1980000000,1980年,人
41,00700,全域,001,男,209,45～49歳,001,韓国・朝鮮,15000,新潟県,1980000000,1980年,人
34,00700,全域,001,男,209,45～49歳,001,韓国・朝鮮,16000,富山県,1980000000,1980年,人
64,00700,全域,001,男,209,45～49歳,001,韓国・朝鮮,17000,石川県,1980000000,1980年,人
105,00700,全域,001,男,209,45～49歳,001,韓国・朝鮮,18000,福井県,1980000000,1980年,人
34,00700,全域,001,男,209,45～49歳,001,韓国・朝鮮,19000,山梨県,1980000000,1980年,人
94,00700,全域,001,男,209,45～49歳,001,韓国・朝鮮,20000,長野県,1980000000,1980年,人
238,00700,全域,001,男,209,45～49歳,001,韓国・朝鮮,21000,岐阜県,1980000000,1980年,人
152,00700,全域,001,男,209,45～49歳,001,韓国・朝鮮,22000,静岡県,1980000000,1980年,人
1355,00700,全域,001,男,209,45～49歳,001,韓国・朝鮮,23000,愛知県,1980000000,1980年,人
158,00700,全域,001,男,209,45～49歳,001,韓国・朝鮮,24000,三重県,1980000000,1980年,人
158,00700,全域,001,男,209,45～49歳,001,韓国・朝鮮,25000,滋賀県,1980000000,1980年,人
1015,00700,全域,001,男,209,45～49歳,001,韓国・朝鮮,26000,京都府,1980000000,1980年,人
3918,00700,全域,001,男,209,45～49歳,001,韓国・朝鮮,27000,大阪府,1980000000,1980年,人
1407,00700,全域,001,男,209,45～49歳,001,韓国・朝鮮,28000,兵庫県,1980000000,1980年,人
130,00700,全域,001,男,209,45～49歳,001,韓国・朝鮮,29000,奈良県,1980000000,1980年,人
99,00700,全域,001,男,209,45～49歳,001,韓国・朝鮮,30000,和歌山県,1980000000,1980年,人
30,00700,全域,001,男,209,45～49歳,001,韓国・朝鮮,31000,鳥取県,1980000000,1980年,人
24,00700,全域,001,男,209,45～49歳,001,韓国・朝鮮,32000,島根県,1980000000,1980年,人
191,00700,全域,001,男,209,45～49歳,001,韓国・朝鮮,33000,岡山県,1980000000,1980年,人
328,00700,全域,001,男,209,45～49歳,001,韓国・朝鮮,34000,広島県,1980000000,1980年,人
318,00700,全域,001,男,209,45～49歳,001,韓国・朝鮮,35000,山口県,1980000000,1980年,人
10,00700,全域,001,男,209,45～49歳,001,韓国・朝鮮,36000,徳島県,1980000000,1980年,人
15,00700,全域,001,男,209,45～49歳,001,韓国・朝鮮,37000,香川県,1980000000,1980年,人
35,00700,全域,001,男,209,45～49歳,001,韓国・朝鮮,38000,愛媛県,1980000000,1980年,人
16,00700,全域,001,男,209,45～49歳,001,韓国・朝鮮,39000,高知県,1980000000,1980年,人
554,00700,全域,001,男,209,45～49歳,001,韓国・朝鮮,40000,福岡県,1980000000,1980年,人
18,00700,全域,001,男,209,45～49歳,001,韓国・朝鮮,41000,佐賀県,1980000000,1980年,人
49,00700,全域,001,男,209,45～49歳,001,韓国・朝鮮,42000,長崎県,1980000000,1980年,人
26,00700,全域,001,男,209,45～49歳,001,韓国・朝鮮,43000,熊本県,1980000000,1980年,人
70,00700,全域,001,男,209,45～49歳,001,韓国・朝鮮,44000,大分県,1980000000,1980年,人
14,00700,全域,001,男,209,45～49歳,001,韓国・朝鮮,45000,宮崎県,1980000000,1980年,人
2,00700,全域,001,男,209,45～49歳,001,韓国・朝鮮,46000,鹿児島県,1980000000,1980年,人
4,00700,全域,001,男,209,45～49歳,001,韓国・朝鮮,47000,沖縄県,1980000000,1980年,人
1154,00700,全域,001,男,209,45～49歳,002,中国,00000,全国,1980000000,1980年,人
1098,00700,全域,001,男,209,45～49歳,002,中国,00001,全国市部,1980000000,1980年,人
56,00700,全域,001,男,209,45～49歳,002,中国,00002,全国郡部,1980000000,1980年,人
18,00700,全域,001,男,209,45～49歳,002,中国,01000,北海道,1980000000,1980年,人
1,00700,全域,001,男,209,45～49歳,002,中国,02000,青森県,1980000000,1980年,人
3,00700,全域,001,男,209,45～49歳,002,中国,03000,岩手県,1980000000,1980年,人
9,00700,全域,001,男,209,45～49歳,002,中国,04000,宮城県,1980000000,1980年,人
3,00700,全域,001,男,209,45～49歳,002,中国,06000,山形県,1980000000,1980年,人
6,00700,全域,001,男,209,45～49歳,002,中国,07000,福島県,1980000000,1980年,人
7,00700,全域,001,男,209,45～49歳,002,中国,08000,茨城県,1980000000,1980年,人
6,00700,全域,001,男,209,45～49歳,002,中国,09000,栃木県,1980000000,1980年,人
7,00700,全域,001,男,209,45～49歳,002,中国,10000,群馬県,1980000000,1980年,人
11,00700,全域,001,男,209,45～49歳,002,中国,11000,埼玉県,1980000000,1980年,人
34,00700,全域,001,男,209,45～49歳,002,中国,12000,千葉県,1980000000,1980年,人
284,00700,全域,001,男,209,45～49歳,002,中国,13000,東京都,1980000000,1980年,人
165,00700,全域,001,男,209,45～49歳,002,中国,14000,神奈川県,1980000000,1980年,人
3,00700,全域,001,男,209,45～49歳,002,中国,15000,新潟県,1980000000,1980年,人
2,00700,全域,001,男,209,45～49歳,002,中国,16000,富山県,1980000000,1980年,人
2,00700,全域,001,男,209,45～49歳,002,中国,17000,石川県,1980000000,1980年,人
3,00700,全域,001,男,209,45～49歳,002,中国,19000,山梨県,1980000000,1980年,人
5,00700,全域,001,男,209,45～49歳,002,中国,20000,長野県,1980000000,1980年,人
5,00700,全域,001,男,209,45～49歳,002,中国,21000,岐阜県,1980000000,1980年,人
7,00700,全域,001,男,209,45～49歳,002,中国,22000,静岡県,1980000000,1980年,人
26,00700,全域,001,男,209,45～49歳,002,中国,23000,愛知県,1980000000,1980年,人
5,00700,全域,001,男,209,45～49歳,002,中国,24000,三重県,1980000000,1980年,人
1,00700,全域,001,男,209,45～49歳,002,中国,25000,滋賀県,1980000000,1980年,人
33,00700,全域,001,男,209,45～49歳,002,中国,26000,京都府,1980000000,1980年,人
119,00700,全域,001,男,209,45～49歳,002,中国,27000,大阪府,1980000000,1980年,人
203,00700,全域,001,男,209,45～49歳,002,中国,28000,兵庫県,1980000000,1980年,人
2,00700,全域,001,男,209,45～49歳,002,中国,29000,奈良県,1980000000,1980年,人
7,00700,全域,001,男,209,45～49歳,002,中国,30000,和歌山県,1980000000,1980年,人
4,00700,全域,001,男,209,45～49歳,002,中国,32000,島根県,1980000000,1980年,人
7,00700,全域,001,男,209,45～49歳,002,中国,33000,岡山県,1980000000,1980年,人
21,00700,全域,001,男,209,45～49歳,002,中国,34000,広島県,1980000000,1980年,人
2,00700,全域,001,男,209,45～49歳,002,中国,35000,山口県,1980000000,1980年,人
1,00700,全域,001,男,209,45～49歳,002,中国,36000,徳島県,1980000000,1980年,人
3,00700,全域,001,男,209,45～49歳,002,中国,37000,香川県,1980000000,1980年,人
3,00700,全域,001,男,209,45～49歳,002,中国,38000,愛媛県,1980000000,1980年,人
3,00700,全域,001,男,209,45～49歳,002,中国,39000,高知県,1980000000,1980年,人
39,00700,全域,001,男,209,45～49歳,002,中国,40000,福岡県,1980000000,1980年,人
1,00700,全域,001,男,209,45～49歳,002,中国,41000,佐賀県,1980000000,1980年,人
22,00700,全域,001,男,209,45～49歳,002,中国,42000,長崎県,1980000000,1980年,人
10,00700,全域,001,男,209,45～49歳,002,中国,43000,熊本県,1980000000,1980年,人
9,00700,全域,001,男,209,45～49歳,002,中国,44000,大分県,1980000000,1980年,人
2,00700,全域,001,男,209,45～49歳,002,中国,45000,宮崎県,1980000000,1980年,人
15,00700,全域,001,男,209,45～49歳,002,中国,46000,鹿児島県,1980000000,1980年,人
35,00700,全域,001,男,209,45～49歳,002,中国,47000,沖縄県,1980000000,1980年,人
587,00700,全域,001,男,209,45～49歳,003,アメリカ,00000,全国,1980000000,1980年,人
514,00700,全域,001,男,209,45～49歳,003,アメリカ,00001,全国市部,1980000000,1980年,人
73,00700,全域,001,男,209,45～49歳,003,アメリカ,00002,全国郡部,1980000000,1980年,人
9,00700,全域,001,男,209,45～49歳,003,アメリカ,01000,北海道,1980000000,1980年,人
4,00700,全域,001,男,209,45～49歳,003,アメリカ,02000,青森県,1980000000,1980年,人
1,00700,全域,001,男,209,45～49歳,003,アメリカ,04000,宮城県,1980000000,1980年,人
4,00700,全域,001,男,209,45～49歳,003,アメリカ,06000,山形県,1980000000,1980年,人
3,00700,全域,001,男,209,45～49歳,003,アメリカ,07000,福島県,1980000000,1980年,人
5,00700,全域,001,男,209,45～49歳,003,アメリカ,08000,茨城県,1980000000,1980年,人
3,00700,全域,001,男,209,45～49歳,003,アメリカ,09000,栃木県,1980000000,1980年,人
5,00700,全域,001,男,209,45～49歳,003,アメリカ,10000,群馬県,1980000000,1980年,人
7,00700,全域,001,男,209,45～49歳,003,アメリカ,11000,埼玉県,1980000000,1980年,人
4,00700,全域,001,男,209,45～49歳,003,アメリカ,12000,千葉県,1980000000,1980年,人
247,00700,全域,001,男,209,45～49歳,003,アメリカ,13000,東京都,1980000000,1980年,人
77,00700,全域,001,男,209,45～49歳,003,アメリカ,14000,神奈川県,1980000000,1980年,人
2,00700,全域,001,男,209,45～49歳,003,アメリカ,19000,山梨県,1980000000,1980年,人
2,00700,全域,001,男,209,45～49歳,003,アメリカ,20000,長野県,1980000000,1980年,人
1,00700,全域,001,男,209,45～49歳,003,アメリカ,21000,岐阜県,1980000000,1980年,人
4,00700,全域,001,男,209,45～49歳,003,アメリカ,22000,静岡県,1980000000,1980年,人
23,00700,全域,001,男,209,45～49歳,003,アメリカ,23000,愛知県,1980000000,1980年,人
2,00700,全域,001,男,209,45～49歳,003,アメリカ,25000,滋賀県,1980000000,1980年,人
12,00700,全域,001,男,209,45～49歳,003,アメリカ,26000,京都府,1980000000,1980年,人
10,00700,全域,001,男,209,45～49歳,003,アメリカ,27000,大阪府,1980000000,1980年,人
33,00700,全域,001,男,209,45～49歳,003,アメリカ,28000,兵庫県,1980000000,1980年,人
3,00700,全域,001,男,209,45～49歳,003,アメリカ,29000,奈良県,1980000000,1980年,人
3,00700,全域,001,男,209,45～49歳,003,アメリカ,30000,和歌山県,1980000000,1980年,人
2,00700,全域,001,男,209,45～49歳,003,アメリカ,33000,岡山県,1980000000,1980年,人
10,00700,全域,001,男,209,45～49歳,003,アメリカ,34000,広島県,1980000000,1980年,人
3,00700,全域,001,男,209,45～49歳,003,アメリカ,35000,山口県,1980000000,1980年,人
1,00700,全域,001,男,209,45～49歳,003,アメリカ,38000,愛媛県,1980000000,1980年,人
1,00700,全域,001,男,209,45～49歳,003,アメリカ,39000,高知県,1980000000,1980年,人
15,00700,全域,001,男,209,45～49歳,003,アメリカ,40000,福岡県,1980000000,1980年,人
9,00700,全域,001,男,209,45～49歳,003,アメリカ,42000,長崎県,1980000000,1980年,人
5,00700,全域,001,男,209,45～49歳,003,アメリカ,43000,熊本県,1980000000,1980年,人
1,00700,全域,001,男,209,45～49歳,003,アメリカ,44000,大分県,1980000000,1980年,人
2,00700,全域,001,男,209,45～49歳,003,アメリカ,45000,宮崎県,1980000000,1980年,人
2,00700,全域,001,男,209,45～49歳,003,アメリカ,46000,鹿児島県,1980000000,1980年,人
72,00700,全域,001,男,209,45～49歳,003,アメリカ,47000,沖縄県,1980000000,1980年,人
750,00700,全域,001,男,209,45～49歳,004,その他,00000,全国,1980000000,1980年,人
707,00700,全域,001,男,209,45～49歳,004,その他,00001,全国市部,1980000000,1980年,人
43,00700,全域,001,男,209,45～49歳,004,その他,00002,全国郡部,1980000000,1980年,人
12,00700,全域,001,男,209,45～49歳,004,その他,01000,北海道,1980000000,1980年,人
1,00700,全域,001,男,209,45～49歳,004,その他,02000,青森県,1980000000,1980年,人
3,00700,全域,001,男,209,45～49歳,004,その他,03000,岩手県,1980000000,1980年,人
3,00700,全域,001,男,209,45～49歳,004,その他,04000,宮城県,1980000000,1980年,人
1,00700,全域,001,男,209,45～49歳,004,その他,06000,山形県,1980000000,1980年,人
3,00700,全域,001,男,209,45～49歳,004,その他,07000,福島県,1980000000,1980年,人
5,00700,全域,001,男,209,45～49歳,004,その他,08000,茨城県,1980000000,1980年,人
1,00700,全域,001,男,209,45～49歳,004,その他,09000,栃木県,1980000000,1980年,人
1,00700,全域,001,男,209,45～49歳,004,その他,10000,群馬県,1980000000,1980年,人
13,00700,全域,001,男,209,45～49歳,004,その他,11000,埼玉県,1980000000,1980年,人
10,00700,全域,001,男,209,45～49歳,004,その他,12000,千葉県,1980000000,1980年,人
323,00700,全域,001,男,209,45～49歳,004,その他,13000,東京都,1980000000,1980年,人
69,00700,全域,001,男,209,45～49歳,004,その他,14000,神奈川県,1980000000,1980年,人
2,00700,全域,001,男,209,45～49歳,004,その他,15000,新潟県,1980000000,1980年,人
1,00700,全域,001,男,209,45～49歳,004,その他,16000,富山県,1980000000,1980年,人
4,00700,全域,001,男,209,45～49歳,004,その他,17000,石川県,1980000000,1980年,人
2,00700,全域,001,男,209,45～49歳,004,その他,18000,福井県,1980000000,1980年,人
3,00700,全域,001,男,209,45～49歳,004,その他,19000,山梨県,1980000000,1980年,人
2,00700,全域,001,男,209,45～49歳,004,その他,20000,長野県,1980000000,1980年,人
7,00700,全域,001,男,209,45～49歳,004,その他,22000,静岡県,1980000000,1980年,人
21,00700,全域,001,男,209,45～49歳,004,その他,23000,愛知県,1980000000,1980年,人
2,00700,全域,001,男,209,45～49歳,004,その他,24000,三重県,1980000000,1980年,人
1,00700,全域,001,男,209,45～49歳,004,その他,25000,滋賀県,1980000000,1980年,人
14,00700,全域,001,男,209,45～49歳,004,その他,26000,京都府,1980000000,1980年,人
31,00700,全域,001,男,209,45～49歳,004,その他,27000,大阪府,1980000000,1980年,人
105,00700,全域,001,男,209,45～49歳,004,その他,28000,兵庫県,1980000000,1980年,人
7,00700,全域,001,男,209,45～49歳,004,その他,29000,奈良県,1980000000,1980年,人
4,00700,全域,001,男,209,45～49歳,004,その他,30000,和歌山県,1980000000,1980年,人
1,00700,全域,001,男,209,45～49歳,004,その他,31000,鳥取県,1980000000,1980年,人
2,00700,全域,001,男,209,45～49歳,004,その他,33000,岡山県,1980000000,1980年,人
5,00700,全域,001,男,209,45～49歳,004,その他,34000,広島県,1980000000,1980年,人
11,00700,全域,001,男,209,45～49歳,004,その他,35000,山口県,1980000000,1980年,人
2,00700,全域,001,男,209,45～49歳,004,その他,36000,徳島県,1980000000,1980年,人
2,00700,全域,001,男,209,45～49歳,004,その他,37000,香川県,1980000000,1980年,人
1,00700,全域,001,男,209,45～49歳,004,その他,38000,愛媛県,1980000000,1980年,人
1,00700,全域,001,男,209,45～49歳,004,その他,39000,高知県,1980000000,1980年,人
12,00700,全域,001,男,209,45～49歳,004,その他,40000,福岡県,1980000000,1980年,人
1,00700,全域,001,男,209,45～49歳,004,その他,41000,佐賀県,1980000000,1980年,人
8,00700,全域,001,男,209,45～49歳,004,その他,42000,長崎県,1980000000,1980年,人
3,00700,全域,001,男,209,45～49歳,004,その他,44000,大分県,1980000000,1980年,人
8,00700,全域,001,男,209,45～49歳,004,その他,45000,宮崎県,1980000000,1980年,人
9,00700,全域,001,男,209,45～49歳,004,その他,46000,鹿児島県,1980000000,1980年,人
33,00700,全域,001,男,209,45～49歳,004,その他,47000,沖縄県,1980000000,1980年,人
15732,00700,全域,001,男,210,50～54歳,000,国籍総数,00000,全国,1980000000,1980年,人
14482,00700,全域,001,男,210,50～54歳,000,国籍総数,00001,全国市部,1980000000,1980年,人
1250,00700,全域,001,男,210,50～54歳,000,国籍総数,00002,全国郡部,1980000000,1980年,人
237,00700,全域,001,男,210,50～54歳,000,国籍総数,01000,北海道,1980000000,1980年,人
60,00700,全域,001,男,210,50～54歳,000,国籍総数,02000,青森県,1980000000,1980年,人
35,00700,全域,001,男,210,50～54歳,000,国籍総数,03000,岩手県,1980000000,1980年,人
105,00700,全域,001,男,210,50～54歳,000,国籍総数,04000,宮城県,1980000000,1980年,人
30,00700,全域,001,男,210,50～54歳,000,国籍総数,05000,秋田県,1980000000,1980年,人
19,00700,全域,001,男,210,50～54歳,000,国籍総数,06000,山形県,1980000000,1980年,人
59,00700,全域,001,男,210,50～54歳,000,国籍総数,07000,福島県,1980000000,1980年,人
99,00700,全域,001,男,210,50～54歳,000,国籍総数,08000,茨城県,1980000000,1980年,人
70,00700,全域,001,男,210,50～54歳,000,国籍総数,09000,栃木県,1980000000,1980年,人
92,00700,全域,001,男,210,50～54歳,000,国籍総数,10000,群馬県,1980000000,1980年,人
261,00700,全域,001,男,210,50～54歳,000,国籍総数,11000,埼玉県,1980000000,1980年,人
277,00700,全域,001,男,210,50～54歳,000,国籍総数,12000,千葉県,1980000000,1980年,人
2694,00700,全域,001,男,210,50～54歳,000,国籍総数,13000,東京都,1980000000,1980年,人
1024,00700,全域,001,男,210,50～54歳,000,国籍総数,14000,神奈川県,1980000000,1980年,人
83,00700,全域,001,男,210,50～54歳,000,国籍総数,15000,新潟県,1980000000,1980年,人
45,00700,全域,001,男,210,50～54歳,000,国籍総数,16000,富山県,1980000000,1980年,人
73,00700,全域,001,男,210,50～54歳,000,国籍総数,17000,石川県,1980000000,1980年,人
112,00700,全域,001,男,210,50～54歳,000,国籍総数,18000,福井県,1980000000,1980年,人
50,00700,全域,001,男,210,50～54歳,000,国籍総数,19000,山梨県,1980000000,1980年,人
112,00700,全域,001,男,210,50～54歳,000,国籍総数,20000,長野県,1980000000,1980年,人
227,00700,全域,001,男,210,50～54歳,000,国籍総数,21000,岐阜県,1980000000,1980年,人
189,00700,全域,001,男,210,50～54歳,000,国籍総数,22000,静岡県,1980000000,1980年,人
1086,00700,全域,001,男,210,50～54歳,000,国籍総数,23000,愛知県,1980000000,1980年,人
173,00700,全域,001,男,210,50～54歳,000,国籍総数,24000,三重県,1980000000,1980年,人
147,00700,全域,001,男,210,50～54歳,000,国籍総数,25000,滋賀県,1980000000,1980年,人
826,00700,全域,001,男,210,50～54歳,000,国籍総数,26000,京都府,1980000000,1980年,人
3521,00700,全域,001,男,210,50～54歳,000,国籍総数,27000,大阪府,1980000000,1980年,人
1719,00700,全域,001,男,210,50～54歳,000,国籍総数,28000,兵庫県,1980000000,1980年,人
140,00700,全域,001,男,210,50～54歳,000,国籍総数,29000,奈良県,1980000000,1980年,人
98,00700,全域,001,男,210,50～54歳,000,国籍総数,30000,和歌山県,1980000000,1980年,人
30,00700,全域,001,男,210,50～54歳,000,国籍総数,31000,鳥取県,1980000000,1980年,人
37,00700,全域,001,男,210,50～54歳,000,国籍総数,32000,島根県,1980000000,1980年,人
171,00700,全域,001,男,210,50～54歳,000,国籍総数,33000,岡山県,1980000000,1980年,人
347,00700,全域,001,男,210,50～54歳,000,国籍総数,34000,広島県,1980000000,1980年,人
309,00700,全域,001,男,210,50～54歳,000,国籍総数,35000,山口県,1980000000,1980年,人
15,00700,全域,001,男,210,50～54歳,000,国籍総数,36000,徳島県,1980000000,1980年,人
19,00700,全域,001,男,210,50～54歳,000,国籍総数,37000,香川県,1980000000,1980年,人
35,00700,全域,001,男,210,50～54歳,000,国籍総数,38000,愛媛県,1980000000,1980年,人
23,00700,全域,001,男,210,50～54歳,000,国籍総数,39000,高知県,1980000000,1980年,人
550,00700,全域,001,男,210,50～54歳,000,国籍総数,40000,福岡県,1980000000,1980年,人
33,00700,全域,001,男,210,50～54歳,000,国籍総数,41000,佐賀県,1980000000,1980年,人
78,00700,全域,001,男,210,50～54歳,000,国籍総数,42000,長崎県,1980000000,1980年,人
69,00700,全域,001,男,210,50～54歳,000,国籍総数,43000,熊本県,1980000000,1980年,人
82,00700,全域,001,男,210,50～54歳,000,国籍総数,44000,大分県,1980000000,1980年,人
32,00700,全域,001,男,210,50～54歳,000,国籍総数,45000,宮崎県,1980000000,1980年,人
38,00700,全域,001,男,210,50～54歳,000,国籍総数,46000,鹿児島県,1980000000,1980年,人
201,00700,全域,001,男,210,50～54歳,000,国籍総数,47000,沖縄県,1980000000,1980年,人
12623,00700,全域,001,男,210,50～54歳,001,韓国・朝鮮,00000,全国,1980000000,1980年,人
11603,00700,全域,001,男,210,50～54歳,001,韓国・朝鮮,00001,全国市部,1980000000,1980年,人
1020,00700,全域,001,男,210,50～54歳,001,韓国・朝鮮,00002,全国郡部,1980000000,1980年,人
190,00700,全域,001,男,210,50～54歳,001,韓国・朝鮮,01000,北海道,1980000000,1980年,人
43,00700,全域,001,男,210,50～54歳,001,韓国・朝鮮,02000,青森県,1980000000,1980年,人
27,00700,全域,001,男,210,50～54歳,001,韓国・朝鮮,03000,岩手県,1980000000,1980年,人
89,00700,全域,001,男,210,50～54歳,001,韓国・朝鮮,04000,宮城県,1980000000,1980年,人
26,00700,全域,001,男,210,50～54歳,001,韓国・朝鮮,05000,秋田県,1980000000,1980年,人
14,00700,全域,001,男,210,50～54歳,001,韓国・朝鮮,06000,山形県,1980000000,1980年,人
47,00700,全域,001,男,210,50～54歳,001,韓国・朝鮮,07000,福島県,1980000000,1980年,人
70,00700,全域,001,男,210,50～54歳,001,韓国・朝鮮,08000,茨城県,1980000000,1980年,人
58,00700,全域,001,男,210,50～54歳,001,韓国・朝鮮,09000,栃木県,1980000000,1980年,人
72,00700,全域,001,男,210,50～54歳,001,韓国・朝鮮,10000,群馬県,1980000000,1980年,人
193,00700,全域,001,男,210,50～54歳,001,韓国・朝鮮,11000,埼玉県,1980000000,1980年,人
212,00700,全域,001,男,210,50～54歳,001,韓国・朝鮮,12000,千葉県,1980000000,1980年,人
1680,00700,全域,001,男,210,50～54歳,001,韓国・朝鮮,13000,東京都,1980000000,1980年,人
663,00700,全域,001,男,210,50～54歳,001,韓国・朝鮮,14000,神奈川県,1980000000,1980年,人
73,00700,全域,001,男,210,50～54歳,001,韓国・朝鮮,15000,新潟県,1980000000,1980年,人
42,00700,全域,001,男,210,50～54歳,001,韓国・朝鮮,16000,富山県,1980000000,1980年,人
67,00700,全域,001,男,210,50～54歳,001,韓国・朝鮮,17000,石川県,1980000000,1980年,人
108,00700,全域,001,男,210,50～54歳,001,韓国・朝鮮,18000,福井県,1980000000,1980年,人
37,00700,全域,001,男,210,50～54歳,001,韓国・朝鮮,19000,山梨県,1980000000,1980年,人
98,00700,全域,001,男,210,50～54歳,001,韓国・朝鮮,20000,長野県,1980000000,1980年,人
215,00700,全域,001,男,210,50～54歳,001,韓国・朝鮮,21000,岐阜県,1980000000,1980年,人
171,00700,全域,001,男,210,50～54歳,001,韓国・朝鮮,22000,静岡県,1980000000,1980年,人
995,00700,全域,001,男,210,50～54歳,001,韓国・朝鮮,23000,愛知県,1980000000,1980年,人
156,00700,全域,001,男,210,50～54歳,001,韓国・朝鮮,24000,三重県,1980000000,1980年,人
134,00700,全域,001,男,210,50～54歳,001,韓国・朝鮮,25000,滋賀県,1980000000,1980年,人
762,00700,全域,001,男,210,50～54歳,001,韓国・朝鮮,26000,京都府,1980000000,1980年,人
3275,00700,全域,001,男,210,50～54歳,001,韓国・朝鮮,27000,大阪府,1980000000,1980年,人
1315,00700,全域,001,男,210,50～54歳,001,韓国・朝鮮,28000,兵庫県,1980000000,1980年,人
116,00700,全域,001,男,210,50～54歳,001,韓国・朝鮮,29000,奈良県,1980000000,1980年,人
87,00700,全域,001,男,210,50～54歳,001,韓国・朝鮮,30000,和歌山県,1980000000,1980年,人
24,00700,全域,001,男,210,50～54歳,001,韓国・朝鮮,31000,鳥取県,1980000000,1980年,人
35,00700,全域,001,男,210,50～54歳,001,韓国・朝鮮,32000,島根県,1980000000,1980年,人
155,00700,全域,001,男,210,50～54歳,001,韓国・朝鮮,33000,岡山県,1980000000,1980年,人
293,00700,全域,001,男,210,50～54歳,001,韓国・朝鮮,34000,広島県,1980000000,1980年,人
280,00700,全域,001,男,210,50～54歳,001,韓国・朝鮮,35000,山口県,1980000000,1980年,人
11,00700,全域,001,男,210,50～54歳,001,韓国・朝鮮,36000,徳島県,1980000000,1980年,人
11,00700,全域,001,男,210,50～54歳,001,韓国・朝鮮,37000,香川県,1980000000,1980年,人
30,00700,全域,001,男,210,50～54歳,001,韓国・朝鮮,38000,愛媛県,1980000000,1980年,人
22,00700,全域,001,男,210,50～54歳,001,韓国・朝鮮,39000,高知県,1980000000,1980年,人
486,00700,全域,001,男,210,50～54歳,001,韓国・朝鮮,40000,福岡県,1980000000,1980年,人
26,00700,全域,001,男,210,50～54歳,001,韓国・朝鮮,41000,佐賀県,1980000000,1980年,人
47,00700,全域,001,男,210,50～54歳,001,韓国・朝鮮,42000,長崎県,1980000000,1980年,人
48,00700,全域,001,男,210,50～54歳,001,韓国・朝鮮,43000,熊本県,1980000000,1980年,人
74,00700,全域,001,男,210,50～54歳,001,韓国・朝鮮,44000,大分県,1980000000,1980年,人
24,00700,全域,001,男,210,50～54歳,001,韓国・朝鮮,45000,宮崎県,1980000000,1980年,人
14,00700,全域,001,男,210,50～54歳,001,韓国・朝鮮,46000,鹿児島県,1980000000,1980年,人
8,00700,全域,001,男,210,50～54歳,001,韓国・朝鮮,47000,沖縄県,1980000000,1980年,人
1230,00700,全域,001,男,210,50～54歳,002,中国,00000,全国,1980000000,1980年,人
1175,00700,全域,001,男,210,50～54歳,002,中国,00001,全国市部,1980000000,1980年,人
55,00700,全域,001,男,210,50～54歳,002,中国,00002,全国郡部,1980000000,1980年,人
15,00700,全域,001,男,210,50～54歳,002,中国,01000,北海道,1980000000,1980年,人
1,00700,全域,001,男,210,50～54歳,002,中国,02000,青森県,1980000000,1980年,人
3,00700,全域,001,男,210,50～54歳,002,中国,03000,岩手県,1980000000,1980年,人
3,00700,全域,001,男,210,50～54歳,002,中国,04000,宮城県,1980000000,1980年,人
3,00700,全域,001,男,210,50～54歳,002,中国,06000,山形県,1980000000,1980年,人
2,00700,全域,001,男,210,50～54歳,002,中国,07000,福島県,1980000000,1980年,人
3,00700,全域,001,男,210,50～54歳,002,中国,08000,茨城県,1980000000,1980年,人
4,00700,全域,001,男,210,50～54歳,002,中国,09000,栃木県,1980000000,1980年,人
6,00700,全域,001,男,210,50～54歳,002,中国,10000,群馬県,1980000000,1980年,人
31,00700,全域,001,男,210,50～54歳,002,中国,11000,埼玉県,1980000000,1980年,人
33,00700,全域,001,男,210,50～54歳,002,中国,12000,千葉県,1980000000,1980年,人
345,00700,全域,001,男,210,50～54歳,002,中国,13000,東京都,1980000000,1980年,人
161,00700,全域,001,男,210,50～54歳,002,中国,14000,神奈川県,1980000000,1980年,人
1,00700,全域,001,男,210,50～54歳,002,中国,15000,新潟県,1980000000,1980年,人
1,00700,全域,001,男,210,50～54歳,002,中国,16000,富山県,1980000000,1980年,人
1,00700,全域,001,男,210,50～54歳,002,中国,18000,福井県,1980000000,1980年,人
6,00700,全域,001,男,210,50～54歳,002,中国,19000,山梨県,1980000000,1980年,人
5,00700,全域,001,男,210,50～54歳,002,中国,20000,長野県,1980000000,1980年,人
2,00700,全域,001,男,210,50～54歳,002,中国,21000,岐阜県,1980000000,1980年,人
5,00700,全域,001,男,210,50～54歳,002,中国,22000,静岡県,1980000000,1980年,人
28,00700,全域,001,男,210,50～54歳,002,中国,23000,愛知県,1980000000,1980年,人
5,00700,全域,001,男,210,50～54歳,002,中国,24000,三重県,1980000000,1980年,人
4,00700,全域,001,男,210,50～54歳,002,中国,25000,滋賀県,1980000000,1980年,人
29,00700,全域,001,男,210,50～54歳,002,中国,26000,京都府,1980000000,1980年,人
145,00700,全域,001,男,210,50～54歳,002,中国,27000,大阪府,1980000000,1980年,人
216,00700,全域,001,男,210,50～54歳,002,中国,28000,兵庫県,1980000000,1980年,人
11,00700,全域,001,男,210,50～54歳,002,中国,29000,奈良県,1980000000,1980年,人
6,00700,全域,001,男,210,50～54歳,002,中国,30000,和歌山県,1980000000,1980年,人
1,00700,全域,001,男,210,50～54歳,002,中国,31000,鳥取県,1980000000,1980年,人
1,00700,全域,001,男,210,50～54歳,002,中国,32000,島根県,1980000000,1980年,人
5,00700,全域,001,男,210,50～54歳,002,中国,33000,岡山県,1980000000,1980年,人
15,00700,全域,001,男,210,50～54歳,002,中国,34000,広島県,1980000000,1980年,人
7,00700,全域,001,男,210,50～54歳,002,中国,35000,山口県,1980000000,1980年,人
3,00700,全域,001,男,210,50～54歳,002,中国,37000,香川県,1980000000,1980年,人
2,00700,全域,001,男,210,50～54歳,002,中国,38000,愛媛県,1980000000,1980年,人
34,00700,全域,001,男,210,50～54歳,002,中国,40000,福岡県,1980000000,1980年,人
2,00700,全域,001,男,210,50～54歳,002,中国,41000,佐賀県,1980000000,1980年,人
14,00700,全域,001,男,210,50～54歳,002,中国,42000,長崎県,1980000000,1980年,人
9,00700,全域,001,男,210,50～54歳,002,中国,43000,熊本県,1980000000,1980年,人
3,00700,全域,001,男,210,50～54歳,002,中国,44000,大分県,1980000000,1980年,人
2,00700,全域,001,男,210,50～54歳,002,中国,45000,宮崎県,1980000000,1980年,人
11,00700,全域,001,男,210,50～54歳,002,中国,46000,鹿児島県,1980000000,1980年,人
46,00700,全域,001,男,210,50～54歳,002,中国,47000,沖縄県,1980000000,1980年,人
731,00700,全域,001,男,210,50～54歳,003,アメリカ,00000,全国,1980000000,1980年,人
660,00700,全域,001,男,210,50～54歳,003,アメリカ,00001,全国市部,1980000000,1980年,人
71,00700,全域,001,男,210,50～54歳,003,アメリカ,00002,全国郡部,1980000000,1980年,人
9,00700,全域,001,男,210,50～54歳,003,アメリカ,01000,北海道,1980000000,1980年,人
7,00700,全域,001,男,210,50～54歳,003,アメリカ,02000,青森県,1980000000,1980年,人
1,00700,全域,001,男,210,50～54歳,003,アメリカ,03000,岩手県,1980000000,1980年,人
10,00700,全域,001,男,210,50～54歳,003,アメリカ,04000,宮城県,1980000000,1980年,人
1,00700,全域,001,男,210,50～54歳,003,アメリカ,05000,秋田県,1980000000,1980年,人
1,00700,全域,001,男,210,50～54歳,003,アメリカ,06000,山形県,1980000000,1980年,人
2,00700,全域,001,男,210,50～54歳,003,アメリカ,07000,福島県,1980000000,1980年,人
6,00700,全域,001,男,210,50～54歳,003,アメリカ,08000,茨城県,1980000000,1980年,人
4,00700,全域,001,男,210,50～54歳,003,アメリカ,09000,栃木県,1980000000,1980年,人
4,00700,全域,001,男,210,50～54歳,003,アメリカ,10000,群馬県,1980000000,1980年,人
19,00700,全域,001,男,210,50～54歳,003,アメリカ,11000,埼玉県,1980000000,1980年,人
6,00700,全域,001,男,210,50～54歳,003,アメリカ,12000,千葉県,1980000000,1980年,人
278,00700,全域,001,男,210,50～54歳,003,アメリカ,13000,東京都,1980000000,1980年,人
105,00700,全域,001,男,210,50～54歳,003,アメリカ,14000,神奈川県,1980000000,1980年,人
3,00700,全域,001,男,210,50～54歳,003,アメリカ,15000,新潟県,1980000000,1980年,人
3,00700,全域,001,男,210,50～54歳,003,アメリカ,19000,山梨県,1980000000,1980年,人
2,00700,全域,001,男,210,50～54歳,003,アメリカ,20000,長野県,1980000000,1980年,人
2,00700,全域,001,男,210,50～54歳,003,アメリカ,21000,岐阜県,1980000000,1980年,人
8,00700,全域,001,男,210,50～54歳,003,アメリカ,22000,静岡県,1980000000,1980年,人
35,00700,全域,001,男,210,50～54歳,003,アメリカ,23000,愛知県,1980000000,1980年,人
3,00700,全域,001,男,210,50～54歳,003,アメリカ,24000,三重県,1980000000,1980年,人
1,00700,全域,001,男,210,50～54歳,003,アメリカ,25000,滋賀県,1980000000,1980年,人
13,00700,全域,001,男,210,50～54歳,003,アメリカ,26000,京都府,1980000000,1980年,人
14,00700,全域,001,男,210,50～54歳,003,アメリカ,27000,大阪府,1980000000,1980年,人
29,00700,全域,001,男,210,50～54歳,003,アメリカ,28000,兵庫県,1980000000,1980年,人
3,00700,全域,001,男,210,50～54歳,003,アメリカ,29000,奈良県,1980000000,1980年,人
1,00700,全域,001,男,210,50～54歳,003,アメリカ,30000,和歌山県,1980000000,1980年,人
1,00700,全域,001,男,210,50～54歳,003,アメリカ,31000,鳥取県,1980000000,1980年,人
1,00700,全域,001,男,210,50～54歳,003,アメリカ,33000,岡山県,1980000000,1980年,人
15,00700,全域,001,男,210,50～54歳,003,アメリカ,34000,広島県,1980000000,1980年,人
4,00700,全域,001,男,210,50～54歳,003,アメリカ,35000,山口県,1980000000,1980年,人
1,00700,全域,001,男,210,50～54歳,003,アメリカ,36000,徳島県,1980000000,1980年,人
1,00700,全域,001,男,210,50～54歳,003,アメリカ,39000,高知県,1980000000,1980年,人
10,00700,全域,001,男,210,50～54歳,003,アメリカ,40000,福岡県,1980000000,1980年,人
1,00700,全域,001,男,210,50～54歳,003,アメリカ,41000,佐賀県,1980000000,1980年,人
7,00700,全域,001,男,210,50～54歳,003,アメリカ,42000,長崎県,1980000000,1980年,人
5,00700,全域,001,男,210,50～54歳,003,アメリカ,43000,熊本県,1980000000,1980年,人
1,00700,全域,001,男,210,50～54歳,003,アメリカ,44000,大分県,1980000000,1980年,人
1,00700,全域,001,男,210,50～54歳,003,アメリカ,45000,宮崎県,1980000000,1980年,人
3,00700,全域,001,男,210,50～54歳,003,アメリカ,46000,鹿児島県,1980000000,1980年,人
110,00700,全域,001,男,210,50～54歳,003,アメリカ,47000,沖縄県,1980000000,1980年,人
737,00700,全域,001,男,210,50～54歳,004,その他,00000,全国,1980000000,1980年,人
698,00700,全域,001,男,210,50～54歳,004,その他,00001,全国市部,1980000000,1980年,人
39,00700,全域,001,男,210,50～54歳,004,その他,00002,全国郡部,1980000000,1980年,人
11,00700,全域,001,男,210,50～54歳,004,その他,01000,北海道,1980000000,1980年,人
6,00700,全域,001,男,210,50～54歳,004,その他,02000,青森県,1980000000,1980年,人
2,00700,全域,001,男,210,50～54歳,004,その他,03000,岩手県,1980000000,1980年,人
2,00700,全域,001,男,210,50～54歳,004,その他,04000,宮城県,1980000000,1980年,人
2,00700,全域,001,男,210,50～54歳,004,その他,07000,福島県,1980000000,1980年,人
6,00700,全域,001,男,210,50～54歳,004,その他,08000,茨城県,1980000000,1980年,人
3,00700,全域,001,男,210,50～54歳,004,その他,09000,栃木県,1980000000,1980年,人
2,00700,全域,001,男,210,50～54歳,004,その他,10000,群馬県,1980000000,1980年,人
12,00700,全域,001,男,210,50～54歳,004,その他,11000,埼玉県,1980000000,1980年,人
14,00700,全域,001,男,210,50～54歳,004,その他,12000,千葉県,1980000000,1980年,人
302,00700,全域,001,男,210,50～54歳,004,その他,13000,東京都,1980000000,1980年,人
65,00700,全域,001,男,210,50～54歳,004,その他,14000,神奈川県,1980000000,1980年,人
4,00700,全域,001,男,210,50～54歳,004,その他,15000,新潟県,1980000000,1980年,人
2,00700,全域,001,男,210,50～54歳,004,その他,16000,富山県,1980000000,1980年,人
2,00700,全域,001,男,210,50～54歳,004,その他,17000,石川県,1980000000,1980年,人
1,00700,全域,001,男,210,50～54歳,004,その他,18000,福井県,1980000000,1980年,人
2,00700,全域,001,男,210,50～54歳,004,その他,19000,山梨県,1980000000,1980年,人
5,00700,全域,001,男,210,50～54歳,004,その他,20000,長野県,1980000000,1980年,人
2,00700,全域,001,男,210,50～54歳,004,その他,21000,岐阜県,1980000000,1980年,人
1,00700,全域,001,男,210,50～54歳,004,その他,22000,静岡県,1980000000,1980年,人
14,00700,全域,001,男,210,50～54歳,004,その他,23000,愛知県,1980000000,1980年,人
4,00700,全域,001,男,210,50～54歳,004,その他,24000,三重県,1980000000,1980年,人
2,00700,全域,001,男,210,50～54歳,004,その他,25000,滋賀県,1980000000,1980年,人
9,00700,全域,001,男,210,50～54歳,004,その他,26000,京都府,1980000000,1980年,人
32,00700,全域,001,男,210,50～54歳,004,その他,27000,大阪府,1980000000,1980年,人
123,00700,全域,001,男,210,50～54歳,004,その他,28000,兵庫県,1980000000,1980年,人
3,00700,全域,001,男,210,50～54歳,004,その他,29000,奈良県,1980000000,1980年,人
3,00700,全域,001,男,210,50～54歳,004,その他,30000,和歌山県,1980000000,1980年,人
3,00700,全域,001,男,210,50～54歳,004,その他,31000,鳥取県,1980000000,1980年,人
5,00700,全域,001,男,210,50～54歳,004,その他,33000,岡山県,1980000000,1980年,人
11,00700,全域,001,男,210,50～54歳,004,その他,34000,広島県,1980000000,1980年,人
6,00700,全域,001,男,210,50～54歳,004,その他,35000,山口県,1980000000,1980年,人
2,00700,全域,001,男,210,50～54歳,004,その他,36000,徳島県,1980000000,1980年,人
2,00700,全域,001,男,210,50～54歳,004,その他,37000,香川県,1980000000,1980年,人
2,00700,全域,001,男,210,50～54歳,004,その他,38000,愛媛県,1980000000,1980年,人
13,00700,全域,001,男,210,50～54歳,004,その他,40000,福岡県,1980000000,1980年,人
2,00700,全域,001,男,210,50～54歳,004,その他,41000,佐賀県,1980000000,1980年,人
5,00700,全域,001,男,210,50～54歳,004,その他,42000,長崎県,1980000000,1980年,人
5,00700,全域,001,男,210,50～54歳,004,その他,43000,熊本県,1980000000,1980年,人
4,00700,全域,001,男,210,50～54歳,004,その他,44000,大分県,1980000000,1980年,人
1,00700,全域,001,男,210,50～54歳,004,その他,45000,宮崎県,1980000000,1980年,人
4,00700,全域,001,男,210,50～54歳,004,その他,46000,鹿児島県,1980000000,1980年,人
36,00700,全域,001,男,210,50～54歳,004,その他,47000,沖縄県,1980000000,1980年,人
17361,00700,全域,001,男,211,55～59歳,000,国籍総数,00000,全国,1980000000,1980年,人
15526,00700,全域,001,男,211,55～59歳,000,国籍総数,00001,全国市部,1980000000,1980年,人
1835,00700,全域,001,男,211,55～59歳,000,国籍総数,00002,全国郡部,1980000000,1980年,人
485,00700,全域,001,男,211,55～59歳,000,国籍総数,01000,北海道,1980000000,1980年,人
116,00700,全域,001,男,211,55～59歳,000,国籍総数,02000,青森県,1980000000,1980年,人
100,00700,全域,001,男,211,55～59歳,000,国籍総数,03000,岩手県,1980000000,1980年,人
166,00700,全域,001,男,211,55～59歳,000,国籍総数,04000,宮城県,1980000000,1980年,人
66,00700,全域,001,男,211,55～59歳,000,国籍総数,05000,秋田県,1980000000,1980年,人
40,00700,全域,001,男,211,55～59歳,000,国籍総数,06000,山形県,1980000000,1980年,人
138,00700,全域,001,男,211,55～59歳,000,国籍総数,07000,福島県,1980000000,1980年,人
109,00700,全域,001,男,211,55～59歳,000,国籍総数,08000,茨城県,1980000000,1980年,人
89,00700,全域,001,男,211,55～59歳,000,国籍総数,09000,栃木県,1980000000,1980年,人
136,00700,全域,001,男,211,55～59歳,000,国籍総数,10000,群馬県,1980000000,1980年,人
354,00700,全域,001,男,211,55～59歳,000,国籍総数,11000,埼玉県,1980000000,1980年,人
338,00700,全域,001,男,211,55～59歳,000,国籍総数,12000,千葉県,1980000000,1980年,人
2849,00700,全域,001,男,211,55～59歳,000,国籍総数,13000,東京都,1980000000,1980年,人
1190,00700,全域,001,男,211,55～59歳,000,国籍総数,14000,神奈川県,1980000000,1980年,人
123,00700,全域,001,男,211,55～59歳,000,国籍総数,15000,新潟県,1980000000,1980年,人
59,00700,全域,001,男,211,55～59歳,000,国籍総数,16000,富山県,1980000000,1980年,人
95,00700,全域,001,男,211,55～59歳,000,国籍総数,17000,石川県,1980000000,1980年,人
145,00700,全域,001,男,211,55～59歳,000,国籍総数,18000,福井県,1980000000,1980年,人
69,00700,全域,001,男,211,55～59歳,000,国籍総数,19000,山梨県,1980000000,1980年,人
173,00700,全域,001,男,211,55～59歳,000,国籍総数,20000,長野県,1980000000,1980年,人
254,00700,全域,001,男,211,55～59歳,000,国籍総数,21000,岐阜県,1980000000,1980年,人
264,00700,全域,001,男,211,55～59歳,000,国籍総数,22000,静岡県,1980000000,1980年,人
1054,00700,全域,001,男,211,55～59歳,000,国籍総数,23000,愛知県,1980000000,1980年,人
173,00700,全域,001,男,211,55～59歳,000,国籍総数,24000,三重県,1980000000,1980年,人
146,00700,全域,001,男,211,55～59歳,000,国籍総数,25000,滋賀県,1980000000,1980年,人
885,00700,全域,001,男,211,55～59歳,000,国籍総数,26000,京都府,1980000000,1980年,人
3372,00700,全域,001,男,211,55～59歳,000,国籍総数,27000,大阪府,1980000000,1980年,人
1650,00700,全域,001,男,211,55～59歳,000,国籍総数,28000,兵庫県,1980000000,1980年,人
152,00700,全域,001,男,211,55～59歳,000,国籍総数,29000,奈良県,1980000000,1980年,人
119,00700,全域,001,男,211,55～59歳,000,国籍総数,30000,和歌山県,1980000000,1980年,人
36,00700,全域,001,男,211,55～59歳,000,国籍総数,31000,鳥取県,1980000000,1980年,人
36,00700,全域,001,男,211,55～59歳,000,国籍総数,32000,島根県,1980000000,1980年,人
180,00700,全域,001,男,211,55～59歳,000,国籍総数,33000,岡山県,1980000000,1980年,人
353,00700,全域,001,男,211,55～59歳,000,国籍総数,34000,広島県,1980000000,1980年,人
329,00700,全域,001,男,211,55～59歳,000,国籍総数,35000,山口県,1980000000,1980年,人
13,00700,全域,001,男,211,55～59歳,000,国籍総数,36000,徳島県,1980000000,1980年,人
23,00700,全域,001,男,211,55～59歳,000,国籍総数,37000,香川県,1980000000,1980年,人
60,00700,全域,001,男,211,55～59歳,000,国籍総数,38000,愛媛県,1980000000,1980年,人
35,00700,全域,001,男,211,55～59歳,000,国籍総数,39000,高知県,1980000000,1980年,人
708,00700,全域,001,男,211,55～59歳,000,国籍総数,40000,福岡県,1980000000,1980年,人
74,00700,全域,001,男,211,55～59歳,000,国籍総数,41000,佐賀県,1980000000,1980年,人
147,00700,全域,001,男,211,55～59歳,000,国籍総数,42000,長崎県,1980000000,1980年,人
85,00700,全域,001,男,211,55～59歳,000,国籍総数,43000,熊本県,1980000000,1980年,人
109,00700,全域,001,男,211,55～59歳,000,国籍総数,44000,大分県,1980000000,1980年,人
36,00700,全域,001,男,211,55～59歳,000,国籍総数,45000,宮崎県,1980000000,1980年,人
57,00700,全域,001,男,211,55～59歳,000,国籍総数,46000,鹿児島県,1980000000,1980年,人
171,00700,全域,001,男,211,55～59歳,000,国籍総数,47000,沖縄県,1980000000,1980年,人
14266,00700,全域,001,男,211,55～59歳,001,韓国・朝鮮,00000,全国,1980000000,1980年,人
12715,00700,全域,001,男,211,55～59歳,001,韓国・朝鮮,00001,全国市部,1980000000,1980年,人
1551,00700,全域,001,男,211,55～59歳,001,韓国・朝鮮,00002,全国郡部,1980000000,1980年,人
437,00700,全域,001,男,211,55～59歳,001,韓国・朝鮮,01000,北海道,1980000000,1980年,人
97,00700,全域,001,男,211,55～59歳,001,韓国・朝鮮,02000,青森県,1980000000,1980年,人
85,00700,全域,001,男,211,55～59歳,001,韓国・朝鮮,03000,岩手県,1980000000,1980年,人
140,00700,全域,001,男,211,55～59歳,001,韓国・朝鮮,04000,宮城県,1980000000,1980年,人
56,00700,全域,001,男,211,55～59歳,001,韓国・朝鮮,05000,秋田県,1980000000,1980年,人
32,00700,全域,001,男,211,55～59歳,001,韓国・朝鮮,06000,山形県,1980000000,1980年,人
116,00700,全域,001,男,211,55～59歳,001,韓国・朝鮮,07000,福島県,1980000000,1980年,人
92,00700,全域,001,男,211,55～59歳,001,韓国・朝鮮,08000,茨城県,1980000000,1980年,人
76,00700,全域,001,男,211,55～59歳,001,韓国・朝鮮,09000,栃木県,1980000000,1980年,人
119,00700,全域,001,男,211,55～59歳,001,韓国・朝鮮,10000,群馬県,1980000000,1980年,人
292,00700,全域,001,男,211,55～59歳,001,韓国・朝鮮,11000,埼玉県,1980000000,1980年,人
281,00700,全域,001,男,211,55～59歳,001,韓国・朝鮮,12000,千葉県,1980000000,1980年,人
1919,00700,全域,001,男,211,55～59歳,001,韓国・朝鮮,13000,東京都,1980000000,1980年,人
859,00700,全域,001,男,211,55～59歳,001,韓国・朝鮮,14000,神奈川県,1980000000,1980年,人
117,00700,全域,001,男,211,55～59歳,001,韓国・朝鮮,15000,新潟県,1980000000,1980年,人
55,00700,全域,001,男,211,55～59歳,001,韓国・朝鮮,16000,富山県,1980000000,1980年,人
83,00700,全域,001,男,211,55～59歳,001,韓国・朝鮮,17000,石川県,1980000000,1980年,人
137,00700,全域,001,男,211,55～59歳,001,韓国・朝鮮,18000,福井県,1980000000,1980年,人
56,00700,全域,001,男,211,55～59歳,001,韓国・朝鮮,19000,山梨県,1980000000,1980年,人
150,00700,全域,001,男,211,55～59歳,001,韓国・朝鮮,20000,長野県,1980000000,1980年,人
244,00700,全域,001,男,211,55～59歳,001,韓国・朝鮮,21000,岐阜県,1980000000,1980年,人
230,00700,全域,001,男,211,55～59歳,001,韓国・朝鮮,22000,静岡県,1980000000,1980年,人
982,00700,全域,001,男,211,55～59歳,001,韓国・朝鮮,23000,愛知県,1980000000,1980年,人
158,00700,全域,001,男,211,55～59歳,001,韓国・朝鮮,24000,三重県,1980000000,1980年,人
138,00700,全域,001,男,211,55～59歳,001,韓国・朝鮮,25000,滋賀県,1980000000,1980年,人
811,00700,全域,001,男,211,55～59歳,001,韓国・朝鮮,26000,京都府,1980000000,1980年,人
3056,00700,全域,001,男,211,55～59歳,001,韓国・朝鮮,27000,大阪府,1980000000,1980年,人
1260,00700,全域,001,男,211,55～59歳,001,韓国・朝鮮,28000,兵庫県,1980000000,1980年,人
132,00700,全域,001,男,211,55～59歳,001,韓国・朝鮮,29000,奈良県,1980000000,1980年,人
107,00700,全域,001,男,211,55～59歳,001,韓国・朝鮮,30000,和歌山県,1980000000,1980年,人
33,00700,全域,001,男,211,55～59歳,001,韓国・朝鮮,31000,鳥取県,1980000000,1980年,人
30,00700,全域,001,男,211,55～59歳,001,韓国・朝鮮,32000,島根県,1980000000,1980年,人
166,00700,全域,001,男,211,55～59歳,001,韓国・朝鮮,33000,岡山県,1980000000,1980年,人
297,00700,全域,001,男,211,55～59歳,001,韓国・朝鮮,34000,広島県,1980000000,1980年,人
300,00700,全域,001,男,211,55～59歳,001,韓国・朝鮮,35000,山口県,1980000000,1980年,人
9,00700,全域,001,男,211,55～59歳,001,韓国・朝鮮,36000,徳島県,1980000000,1980年,人
15,00700,全域,001,男,211,55～59歳,001,韓国・朝鮮,37000,香川県,1980000000,1980年,人
46,00700,全域,001,男,211,55～59歳,001,韓国・朝鮮,38000,愛媛県,1980000000,1980年,人
29,00700,全域,001,男,211,55～59歳,001,韓国・朝鮮,39000,高知県,1980000000,1980年,人
616,00700,全域,001,男,211,55～59歳,001,韓国・朝鮮,40000,福岡県,1980000000,1980年,人
68,00700,全域,001,男,211,55～59歳,001,韓国・朝鮮,41000,佐賀県,1980000000,1980年,人
111,00700,全域,001,男,211,55～59歳,001,韓国・朝鮮,42000,長崎県,1980000000,1980年,人
67,00700,全域,001,男,211,55～59歳,001,韓国・朝鮮,43000,熊本県,1980000000,1980年,人
94,00700,全域,001,男,211,55～59歳,001,韓国・朝鮮,44000,大分県,1980000000,1980年,人
26,00700,全域,001,男,211,55～59歳,001,韓国・朝鮮,45000,宮崎県,1980000000,1980年,人
34,00700,全域,001,男,211,55～59歳,001,韓国・朝鮮,46000,鹿児島県,1980000000,1980年,人
8,00700,全域,001,男,211,55～59歳,001,韓国・朝鮮,47000,沖縄県,1980000000,1980年,人
1570,00700,全域,001,男,211,55～59歳,002,中国,00000,全国,1980000000,1980年,人
1448,00700,全域,001,男,211,55～59歳,002,中国,00001,全国市部,1980000000,1980年,人
122,00700,全域,001,男,211,55～59歳,002,中国,00002,全国郡部,1980000000,1980年,人
27,00700,全域,001,男,211,55～59歳,002,中国,01000,北海道,1980000000,1980年,人
7,00700,全域,001,男,211,55～59歳,002,中国,02000,青森県,1980000000,1980年,人
6,00700,全域,001,男,211,55～59歳,002,中国,03000,岩手県,1980000000,1980年,人
11,00700,全域,001,男,211,55～59歳,002,中国,04000,宮城県,1980000000,1980年,人
1,00700,全域,001,男,211,55～59歳,002,中国,05000,秋田県,1980000000,1980年,人
6,00700,全域,001,男,211,55～59歳,002,中国,06000,山形県,1980000000,1980年,人
5,00700,全域,001,男,211,55～59歳,002,中国,07000,福島県,1980000000,1980年,人
6,00700,全域,001,男,211,55～59歳,002,中国,08000,茨城県,1980000000,1980年,人
5,00700,全域,001,男,211,55～59歳,002,中国,09000,栃木県,1980000000,1980年,人
8,00700,全域,001,男,211,55～59歳,002,中国,10000,群馬県,1980000000,1980年,人
35,00700,全域,001,男,211,55～59歳,002,中国,11000,埼玉県,1980000000,1980年,人
32,00700,全域,001,男,211,55～59歳,002,中国,12000,千葉県,1980000000,1980年,人
429,00700,全域,001,男,211,55～59歳,002,中国,13000,東京都,1980000000,1980年,人
175,00700,全域,001,男,211,55～59歳,002,中国,14000,神奈川県,1980000000,1980年,人
2,00700,全域,001,男,211,55～59歳,002,中国,15000,新潟県,1980000000,1980年,人
2,00700,全域,001,男,211,55～59歳,002,中国,16000,富山県,1980000000,1980年,人
5,00700,全域,001,男,211,55～59歳,002,中国,17000,石川県,1980000000,1980年,人
4,00700,全域,001,男,211,55～59歳,002,中国,18000,福井県,1980000000,1980年,人
5,00700,全域,001,男,211,55～59歳,002,中国,19000,山梨県,1980000000,1980年,人
10,00700,全域,001,男,211,55～59歳,002,中国,20000,長野県,1980000000,1980年,人
5,00700,全域,001,男,211,55～59歳,002,中国,21000,岐阜県,1980000000,1980年,人
12,00700,全域,001,男,211,55～59歳,002,中国,22000,静岡県,1980000000,1980年,人
25,00700,全域,001,男,211,55～59歳,002,中国,23000,愛知県,1980000000,1980年,人
3,00700,全域,001,男,211,55～59歳,002,中国,24000,三重県,1980000000,1980年,人
1,00700,全域,001,男,211,55～59歳,002,中国,25000,滋賀県,1980000000,1980年,人
43,00700,全域,001,男,211,55～59歳,002,中国,26000,京都府,1980000000,1980年,人
218,00700,全域,001,男,211,55～59歳,002,中国,27000,大阪府,1980000000,1980年,人
263,00700,全域,001,男,211,55～59歳,002,中国,28000,兵庫県,1980000000,1980年,人
8,00700,全域,001,男,211,55～59歳,002,中国,29000,奈良県,1980000000,1980年,人
7,00700,全域,001,男,211,55～59歳,002,中国,30000,和歌山県,1980000000,1980年,人
1,00700,全域,001,男,211,55～59歳,002,中国,31000,鳥取県,1980000000,1980年,人
4,00700,全域,001,男,211,55～59歳,002,中国,32000,島根県,1980000000,1980年,人
5,00700,全域,001,男,211,55～59歳,002,中国,33000,岡山県,1980000000,1980年,人
28,00700,全域,001,男,211,55～59歳,002,中国,34000,広島県,1980000000,1980年,人
14,00700,全域,001,男,211,55～59歳,002,中国,35000,山口県,1980000000,1980年,人
2,00700,全域,001,男,211,55～59歳,002,中国,36000,徳島県,1980000000,1980年,人
4,00700,全域,001,男,211,55～59歳,002,中国,37000,香川県,1980000000,1980年,人
5,00700,全域,001,男,211,55～59歳,002,中国,38000,愛媛県,1980000000,1980年,人
2,00700,全域,001,男,211,55～59歳,002,中国,39000,高知県,1980000000,1980年,人
41,00700,全域,001,男,211,55～59歳,002,中国,40000,福岡県,1980000000,1980年,人
2,00700,全域,001,男,211,55～59歳,002,中国,41000,佐賀県,1980000000,1980年,人
21,00700,全域,001,男,211,55～59歳,002,中国,42000,長崎県,1980000000,1980年,人
12,00700,全域,001,男,211,55～59歳,002,中国,43000,熊本県,1980000000,1980年,人
7,00700,全域,001,男,211,55～59歳,002,中国,44000,大分県,1980000000,1980年,人
5,00700,全域,001,男,211,55～59歳,002,中国,45000,宮崎県,1980000000,1980年,人
12,00700,全域,001,男,211,55～59歳,002,中国,46000,鹿児島県,1980000000,1980年,人
39,00700,全域,001,男,211,55～59歳,002,中国,47000,沖縄県,1980000000,1980年,人
547,00700,全域,001,男,211,55～59歳,003,アメリカ,00000,全国,1980000000,1980年,人
485,00700,全域,001,男,211,55～59歳,003,アメリカ,00001,全国市部,1980000000,1980年,人
62,00700,全域,001,男,211,55～59歳,003,アメリカ,00002,全国郡部,1980000000,1980年,人
4,00700,全域,001,男,211,55～59歳,003,アメリカ,01000,北海道,1980000000,1980年,人
2,00700,全域,001,男,211,55～59歳,003,アメリカ,02000,青森県,1980000000,1980年,人
1,00700,全域,001,男,211,55～59歳,003,アメリカ,03000,岩手県,1980000000,1980年,人
5,00700,全域,001,男,211,55～59歳,003,アメリカ,04000,宮城県,1980000000,1980年,人
3,00700,全域,001,男,211,55～59歳,003,アメリカ,07000,福島県,1980000000,1980年,人
3,00700,全域,001,男,211,55～59歳,003,アメリカ,08000,茨城県,1980000000,1980年,人
3,00700,全域,001,男,211,55～59歳,003,アメリカ,09000,栃木県,1980000000,1980年,人
3,00700,全域,001,男,211,55～59歳,003,アメリカ,10000,群馬県,1980000000,1980年,人
8,00700,全域,001,男,211,55～59歳,003,アメリカ,11000,埼玉県,1980000000,1980年,人
6,00700,全域,001,男,211,55～59歳,003,アメリカ,12000,千葉県,1980000000,1980年,人
211,00700,全域,001,男,211,55～59歳,003,アメリカ,13000,東京都,1980000000,1980年,人
81,00700,全域,001,男,211,55～59歳,003,アメリカ,14000,神奈川県,1980000000,1980年,人
2,00700,全域,001,男,211,55～59歳,003,アメリカ,17000,石川県,1980000000,1980年,人
1,00700,全域,001,男,211,55～59歳,003,アメリカ,18000,福井県,1980000000,1980年,人
3,00700,全域,001,男,211,55～59歳,003,アメリカ,19000,山梨県,1980000000,1980年,人
3,00700,全域,001,男,211,55～59歳,003,アメリカ,20000,長野県,1980000000,1980年,人
2,00700,全域,001,男,211,55～59歳,003,アメリカ,21000,岐阜県,1980000000,1980年,人
7,00700,全域,001,男,211,55～59歳,003,アメリカ,22000,静岡県,1980000000,1980年,人
16,00700,全域,001,男,211,55～59歳,003,アメリカ,23000,愛知県,1980000000,1980年,人
6,00700,全域,001,男,211,55～59歳,003,アメリカ,24000,三重県,1980000000,1980年,人
4,00700,全域,001,男,211,55～59歳,003,アメリカ,25000,滋賀県,1980000000,1980年,人
7,00700,全域,001,男,211,55～59歳,003,アメリカ,26000,京都府,1980000000,1980年,人
18,00700,全域,001,男,211,55～59歳,003,アメリカ,27000,大阪府,1980000000,1980年,人
22,00700,全域,001,男,211,55～59歳,003,アメリカ,28000,兵庫県,1980000000,1980年,人
1,00700,全域,001,男,211,55～59歳,003,アメリカ,29000,奈良県,1980000000,1980年,人
1,00700,全域,001,男,211,55～59歳,003,アメリカ,30000,和歌山県,1980000000,1980年,人
1,00700,全域,001,男,211,55～59歳,003,アメリカ,31000,鳥取県,1980000000,1980年,人
1,00700,全域,001,男,211,55～59歳,003,アメリカ,32000,島根県,1980000000,1980年,人
15,00700,全域,001,男,211,55～59歳,003,アメリカ,34000,広島県,1980000000,1980年,人
5,00700,全域,001,男,211,55～59歳,003,アメリカ,35000,山口県,1980000000,1980年,人
1,00700,全域,001,男,211,55～59歳,003,アメリカ,36000,徳島県,1980000000,1980年,人
2,00700,全域,001,男,211,55～59歳,003,アメリカ,37000,香川県,1980000000,1980年,人
1,00700,全域,001,男,211,55～59歳,003,アメリカ,38000,愛媛県,1980000000,1980年,人
9,00700,全域,001,男,211,55～59歳,003,アメリカ,40000,福岡県,1980000000,1980年,人
4,00700,全域,001,男,211,55～59歳,003,アメリカ,42000,長崎県,1980000000,1980年,人
1,00700,全域,001,男,211,55～59歳,003,アメリカ,44000,大分県,1980000000,1980年,人
2,00700,全域,001,男,211,55～59歳,003,アメリカ,45000,宮崎県,1980000000,1980年,人
4,00700,全域,001,男,211,55～59歳,003,アメリカ,46000,鹿児島県,1980000000,1980年,人
78,00700,全域,001,男,211,55～59歳,003,アメリカ,47000,沖縄県,1980000000,1980年,人
476,00700,全域,001,男,211,55～59歳,004,その他,00000,全国,1980000000,1980年,人
448,00700,全域,001,男,211,55～59歳,004,その他,00001,全国市部,1980000000,1980年,人
28,00700,全域,001,男,211,55～59歳,004,その他,00002,全国郡部,1980000000,1980年,人
7,00700,全域,001,男,211,55～59歳,004,その他,01000,北海道,1980000000,1980年,人
3,00700,全域,001,男,211,55～59歳,004,その他,03000,岩手県,1980000000,1980年,人
5,00700,全域,001,男,211,55～59歳,004,その他,04000,宮城県,1980000000,1980年,人
1,00700,全域,001,男,211,55～59歳,004,その他,05000,秋田県,1980000000,1980年,人
3,00700,全域,001,男,211,55～59歳,004,その他,07000,福島県,1980000000,1980年,人
2,00700,全域,001,男,211,55～59歳,004,その他,08000,茨城県,1980000000,1980年,人
3,00700,全域,001,男,211,55～59歳,004,その他,09000,栃木県,1980000000,1980年,人
3,00700,全域,001,男,211,55～59歳,004,その他,10000,群馬県,1980000000,1980年,人
10,00700,全域,001,男,211,55～59歳,004,その他,11000,埼玉県,1980000000,1980年,人
5,00700,全域,001,男,211,55～59歳,004,その他,12000,千葉県,1980000000,1980年,人
165,00700,全域,001,男,211,55～59歳,004,その他,13000,東京都,1980000000,1980年,人
45,00700,全域,001,男,211,55～59歳,004,その他,14000,神奈川県,1980000000,1980年,人
2,00700,全域,001,男,211,55～59歳,004,その他,15000,新潟県,1980000000,1980年,人
1,00700,全域,001,男,211,55～59歳,004,その他,16000,富山県,1980000000,1980年,人
3,00700,全域,001,男,211,55～59歳,004,その他,17000,石川県,1980000000,1980年,人
1,00700,全域,001,男,211,55～59歳,004,その他,18000,福井県,1980000000,1980年,人
3,00700,全域,001,男,211,55～59歳,004,その他,19000,山梨県,1980000000,1980年,人
3,00700,全域,001,男,211,55～59歳,004,その他,20000,長野県,1980000000,1980年,人
10,00700,全域,001,男,211,55～59歳,004,その他,22000,静岡県,1980000000,1980年,人
15,00700,全域,001,男,211,55～59歳,004,その他,23000,愛知県,1980000000,1980年,人
1,00700,全域,001,男,211,55～59歳,004,その他,24000,三重県,1980000000,1980年,人
4,00700,全域,001,男,211,55～59歳,004,その他,26000,京都府,1980000000,1980年,人
13,00700,全域,001,男,211,55～59歳,004,その他,27000,大阪府,1980000000,1980年,人
73,00700,全域,001,男,211,55～59歳,004,その他,28000,兵庫県,1980000000,1980年,人
1,00700,全域,001,男,211,55～59歳,004,その他,29000,奈良県,1980000000,1980年,人
3,00700,全域,001,男,211,55～59歳,004,その他,30000,和歌山県,1980000000,1980年,人
1,00700,全域,001,男,211,55～59歳,004,その他,32000,島根県,1980000000,1980年,人
4,00700,全域,001,男,211,55～59歳,004,その他,33000,岡山県,1980000000,1980年,人
9,00700,全域,001,男,211,55～59歳,004,その他,34000,広島県,1980000000,1980年,人
4,00700,全域,001,男,211,55～59歳,004,その他,35000,山口県,1980000000,1980年,人
2,00700,全域,001,男,211,55～59歳,004,その他,38000,愛媛県,1980000000,1980年,人
2,00700,全域,001,男,211,55～59歳,004,その他,39000,高知県,1980000000,1980年,人
12,00700,全域,001,男,211,55～59歳,004,その他,40000,福岡県,1980000000,1980年,人
4,00700,全域,001,男,211,55～59歳,004,その他,41000,佐賀県,1980000000,1980年,人
4,00700,全域,001,男,211,55～59歳,004,その他,42000,長崎県,1980000000,1980年,人
4,00700,全域,001,男,211,55～59歳,004,その他,43000,熊本県,1980000000,1980年,人
5,00700,全域,001,男,211,55～59歳,004,その他,44000,大分県,1980000000,1980年,人
1,00700,全域,001,男,211,55～59歳,004,その他,45000,宮崎県,1980000000,1980年,人
2,00700,全域,001,男,211,55～59歳,004,その他,46000,鹿児島県,1980000000,1980年,人
37,00700,全域,001,男,211,55～59歳,004,その他,47000,沖縄県,1980000000,1980年,人
13028,00700,全域,001,男,212,60～64歳,000,国籍総数,00000,全国,1980000000,1980年,人
11409,00700,全域,001,男,212,60～64歳,000,国籍総数,00001,全国市部,1980000000,1980年,人
1619,00700,全域,001,男,212,60～64歳,000,国籍総数,00002,全国郡部,1980000000,1980年,人
405,00700,全域,001,男,212,60～64歳,000,国籍総数,01000,北海道,1980000000,1980年,人
81,00700,全域,001,男,212,60～64歳,000,国籍総数,02000,青森県,1980000000,1980年,人
84,00700,全域,001,男,212,60～64歳,000,国籍総数,03000,岩手県,1980000000,1980年,人
113,00700,全域,001,男,212,60～64歳,000,国籍総数,04000,宮城県,1980000000,1980年,人
50,00700,全域,001,男,212,60～64歳,000,国籍総数,05000,秋田県,1980000000,1980年,人
37,00700,全域,001,男,212,60～64歳,000,国籍総数,06000,山形県,1980000000,1980年,人
110,00700,全域,001,男,212,60～64歳,000,国籍総数,07000,福島県,1980000000,1980年,人
120,00700,全域,001,男,212,60～64歳,000,国籍総数,08000,茨城県,1980000000,1980年,人
76,00700,全域,001,男,212,60～64歳,000,国籍総数,09000,栃木県,1980000000,1980年,人
91,00700,全域,001,男,212,60～64歳,000,国籍総数,10000,群馬県,1980000000,1980年,人
268,00700,全域,001,男,212,60～64歳,000,国籍総数,11000,埼玉県,1980000000,1980年,人
234,00700,全域,001,男,212,60～64歳,000,国籍総数,12000,千葉県,1980000000,1980年,人
1842,00700,全域,001,男,212,60～64歳,000,国籍総数,13000,東京都,1980000000,1980年,人
811,00700,全域,001,男,212,60～64歳,000,国籍総数,14000,神奈川県,1980000000,1980年,人
82,00700,全域,001,男,212,60～64歳,000,国籍総数,15000,新潟県,1980000000,1980年,人
39,00700,全域,001,男,212,60～64歳,000,国籍総数,16000,富山県,1980000000,1980年,人
56,00700,全域,001,男,212,60～64歳,000,国籍総数,17000,石川県,1980000000,1980年,人
102,00700,全域,001,男,212,60～64歳,000,国籍総数,18000,福井県,1980000000,1980年,人
60,00700,全域,001,男,212,60～64歳,000,国籍総数,19000,山梨県,1980000000,1980年,人
132,00700,全域,001,男,212,60～64歳,000,国籍総数,20000,長野県,1980000000,1980年,人
221,00700,全域,001,男,212,60～64歳,000,国籍総数,21000,岐阜県,1980000000,1980年,人
190,00700,全域,001,男,212,60～64歳,000,国籍総数,22000,静岡県,1980000000,1980年,人
808,00700,全域,001,男,212,60～64歳,000,国籍総数,23000,愛知県,1980000000,1980年,人
142,00700,全域,001,男,212,60～64歳,000,国籍総数,24000,三重県,1980000000,1980年,人
107,00700,全域,001,男,212,60～64歳,000,国籍総数,25000,滋賀県,1980000000,1980年,人
628,00700,全域,001,男,212,60～64歳,000,国籍総数,26000,京都府,1980000000,1980年,人
2665,00700,全域,001,男,212,60～64歳,000,国籍総数,27000,大阪府,1980000000,1980年,人
1206,00700,全域,001,男,212,60～64歳,000,国籍総数,28000,兵庫県,1980000000,1980年,人
109,00700,全域,001,男,212,60～64歳,000,国籍総数,29000,奈良県,1980000000,1980年,人
119,00700,全域,001,男,212,60～64歳,000,国籍総数,30000,和歌山県,1980000000,1980年,人
50,00700,全域,001,男,212,60～64歳,000,国籍総数,31000,鳥取県,1980000000,1980年,人
37,00700,全域,001,男,212,60～64歳,000,国籍総数,32000,島根県,1980000000,1980年,人
154,00700,全域,001,男,212,60～64歳,000,国籍総数,33000,岡山県,1980000000,1980年,人
273,00700,全域,001,男,212,60～64歳,000,国籍総数,34000,広島県,1980000000,1980年,人
276,00700,全域,001,男,212,60～64歳,000,国籍総数,35000,山口県,1980000000,1980年,人
9,00700,全域,001,男,212,60～64歳,000,国籍総数,36000,徳島県,1980000000,1980年,人
30,00700,全域,001,男,212,60～64歳,000,国籍総数,37000,香川県,1980000000,1980年,人
47,00700,全域,001,男,212,60～64歳,000,国籍総数,38000,愛媛県,1980000000,1980年,人
41,00700,全域,001,男,212,60～64歳,000,国籍総数,39000,高知県,1980000000,1980年,人
569,00700,全域,001,男,212,60～64歳,000,国籍総数,40000,福岡県,1980000000,1980年,人
58,00700,全域,001,男,212,60～64歳,000,国籍総数,41000,佐賀県,1980000000,1980年,人
115,00700,全域,001,男,212,60～64歳,000,国籍総数,42000,長崎県,1980000000,1980年,人
81,00700,全域,001,男,212,60～64歳,000,国籍総数,43000,熊本県,1980000000,1980年,人
94,00700,全域,001,男,212,60～64歳,000,国籍総数,44000,大分県,1980000000,1980年,人
48,00700,全域,001,男,212,60～64歳,000,国籍総数,45000,宮崎県,1980000000,1980年,人
47,00700,全域,001,男,212,60～64歳,000,国籍総数,46000,鹿児島県,1980000000,1980年,人
111,00700,全域,001,男,212,60～64歳,000,国籍総数,47000,沖縄県,1980000000,1980年,人
10934,00700,全域,001,男,212,60～64歳,001,韓国・朝鮮,00000,全国,1980000000,1980年,人
9604,00700,全域,001,男,212,60～64歳,001,韓国・朝鮮,00001,全国市部,1980000000,1980年,人
1330,00700,全域,001,男,212,60～64歳,001,韓国・朝鮮,00002,全国郡部,1980000000,1980年,人
340,00700,全域,001,男,212,60～64歳,001,韓国・朝鮮,01000,北海道,1980000000,1980年,人
65,00700,全域,001,男,212,60～64歳,001,韓国・朝鮮,02000,青森県,1980000000,1980年,人
66,00700,全域,001,男,212,60～64歳,001,韓国・朝鮮,03000,岩手県,1980000000,1980年,人
93,00700,全域,001,男,212,60～64歳,001,韓国・朝鮮,04000,宮城県,1980000000,1980年,人
41,00700,全域,001,男,212,60～64歳,001,韓国・朝鮮,05000,秋田県,1980000000,1980年,人
27,00700,全域,001,男,212,60～64歳,001,韓国・朝鮮,06000,山形県,1980000000,1980年,人
97,00700,全域,001,男,212,60～64歳,001,韓国・朝鮮,07000,福島県,1980000000,1980年,人
97,00700,全域,001,男,212,60～64歳,001,韓国・朝鮮,08000,茨城県,1980000000,1980年,人
68,00700,全域,001,男,212,60～64歳,001,韓国・朝鮮,09000,栃木県,1980000000,1980年,人
71,00700,全域,001,男,212,60～64歳,001,韓国・朝鮮,10000,群馬県,1980000000,1980年,人
219,00700,全域,001,男,212,60～64歳,001,韓国・朝鮮,11000,埼玉県,1980000000,1980年,人
193,00700,全域,001,男,212,60～64歳,001,韓国・朝鮮,12000,千葉県,1980000000,1980年,人
1286,00700,全域,001,男,212,60～64歳,001,韓国・朝鮮,13000,東京都,1980000000,1980年,人
599,00700,全域,001,男,212,60～64歳,001,韓国・朝鮮,14000,神奈川県,1980000000,1980年,人
72,00700,全域,001,男,212,60～64歳,001,韓国・朝鮮,15000,新潟県,1980000000,1980年,人
36,00700,全域,001,男,212,60～64歳,001,韓国・朝鮮,16000,富山県,1980000000,1980年,人
52,00700,全域,001,男,212,60～64歳,001,韓国・朝鮮,17000,石川県,1980000000,1980年,人
100,00700,全域,001,男,212,60～64歳,001,韓国・朝鮮,18000,福井県,1980000000,1980年,人
51,00700,全域,001,男,212,60～64歳,001,韓国・朝鮮,19000,山梨県,1980000000,1980年,人
113,00700,全域,001,男,212,60～64歳,001,韓国・朝鮮,20000,長野県,1980000000,1980年,人
215,00700,全域,001,男,212,60～64歳,001,韓国・朝鮮,21000,岐阜県,1980000000,1980年,人
162,00700,全域,001,男,212,60～64歳,001,韓国・朝鮮,22000,静岡県,1980000000,1980年,人
746,00700,全域,001,男,212,60～64歳,001,韓国・朝鮮,23000,愛知県,1980000000,1980年,人
127,00700,全域,001,男,212,60～64歳,001,韓国・朝鮮,24000,三重県,1980000000,1980年,人
99,00700,全域,001,男,212,60～64歳,001,韓国・朝鮮,25000,滋賀県,1980000000,1980年,人
590,00700,全域,001,男,212,60～64歳,001,韓国・朝鮮,26000,京都府,1980000000,1980年,人
2465,00700,全域,001,男,212,60～64歳,001,韓国・朝鮮,27000,大阪府,1980000000,1980年,人
951,00700,全域,001,男,212,60～64歳,001,韓国・朝鮮,28000,兵庫県,1980000000,1980年,人
101,00700,全域,001,男,212,60～64歳,001,韓国・朝鮮,29000,奈良県,1980000000,1980年,人
110,00700,全域,001,男,212,60～64歳,001,韓国・朝鮮,30000,和歌山県,1980000000,1980年,人
47,00700,全域,001,男,212,60～64歳,001,韓国・朝鮮,31000,鳥取県,1980000000,1980年,人
32,00700,全域,001,男,212,60～64歳,001,韓国・朝鮮,32000,島根県,1980000000,1980年,人
141,00700,全域,001,男,212,60～64歳,001,韓国・朝鮮,33000,岡山県,1980000000,1980年,人
246,00700,全域,001,男,212,60～64歳,001,韓国・朝鮮,34000,広島県,1980000000,1980年,人
253,00700,全域,001,男,212,60～64歳,001,韓国・朝鮮,35000,山口県,1980000000,1980年,人
3,00700,全域,001,男,212,60～64歳,001,韓国・朝鮮,36000,徳島県,1980000000,1980年,人
23,00700,全域,001,男,212,60～64歳,001,韓国・朝鮮,37000,香川県,1980000000,1980年,人
40,00700,全域,001,男,212,60～64歳,001,韓国・朝鮮,38000,愛媛県,1980000000,1980年,人
30,00700,全域,001,男,212,60～64歳,001,韓国・朝鮮,39000,高知県,1980000000,1980年,人
525,00700,全域,001,男,212,60～64歳,001,韓国・朝鮮,40000,福岡県,1980000000,1980年,人
50,00700,全域,001,男,212,60～64歳,001,韓国・朝鮮,41000,佐賀県,1980000000,1980年,人
84,00700,全域,001,男,212,60～64歳,001,韓国・朝鮮,42000,長崎県,1980000000,1980年,人
61,00700,全域,001,男,212,60～64歳,001,韓国・朝鮮,43000,熊本県,1980000000,1980年,人
82,00700,全域,001,男,212,60～64歳,001,韓国・朝鮮,44000,大分県,1980000000,1980年,人
31,00700,全域,001,男,212,60～64歳,001,韓国・朝鮮,45000,宮崎県,1980000000,1980年,人
28,00700,全域,001,男,212,60～64歳,001,韓国・朝鮮,46000,鹿児島県,1980000000,1980年,人
6,00700,全域,001,男,212,60～64歳,001,韓国・朝鮮,47000,沖縄県,1980000000,1980年,人
1070,00700,全域,001,男,212,60～64歳,002,中国,00000,全国,1980000000,1980年,人
914,00700,全域,001,男,212,60～64歳,002,中国,00001,全国市部,1980000000,1980年,人
156,00700,全域,001,男,212,60～64歳,002,中国,00002,全国郡部,1980000000,1980年,人
41,00700,全域,001,男,212,60～64歳,002,中国,01000,北海道,1980000000,1980年,人
8,00700,全域,001,男,212,60～64歳,002,中国,02000,青森県,1980000000,1980年,人
8,00700,全域,001,男,212,60～64歳,002,中国,03000,岩手県,1980000000,1980年,人
11,00700,全域,001,男,212,60～64歳,002,中国,04000,宮城県,1980000000,1980年,人
2,00700,全域,001,男,212,60～64歳,002,中国,05000,秋田県,1980000000,1980年,人
4,00700,全域,001,男,212,60～64歳,002,中国,06000,山形県,1980000000,1980年,人
5,00700,全域,001,男,212,60～64歳,002,中国,07000,福島県,1980000000,1980年,人
13,00700,全域,001,男,212,60～64歳,002,中国,08000,茨城県,1980000000,1980年,人
5,00700,全域,001,男,212,60～64歳,002,中国,09000,栃木県,1980000000,1980年,人
10,00700,全域,001,男,212,60～64歳,002,中国,10000,群馬県,1980000000,1980年,人
26,00700,全域,001,男,212,60～64歳,002,中国,11000,埼玉県,1980000000,1980年,人
19,00700,全域,001,男,212,60～64歳,002,中国,12000,千葉県,1980000000,1980年,人
254,00700,全域,001,男,212,60～64歳,002,中国,13000,東京都,1980000000,1980年,人
119,00700,全域,001,男,212,60～64歳,002,中国,14000,神奈川県,1980000000,1980年,人
4,00700,全域,001,男,212,60～64歳,002,中国,15000,新潟県,1980000000,1980年,人
1,00700,全域,001,男,212,60～64歳,002,中国,17000,石川県,1980000000,1980年,人
5,00700,全域,001,男,212,60～64歳,002,中国,19000,山梨県,1980000000,1980年,人
6,00700,全域,001,男,212,60～64歳,002,中国,20000,長野県,1980000000,1980年,人
1,00700,全域,001,男,212,60～64歳,002,中国,21000,岐阜県,1980000000,1980年,人
16,00700,全域,001,男,212,60～64歳,002,中国,22000,静岡県,1980000000,1980年,人
25,00700,全域,001,男,212,60～64歳,002,中国,23000,愛知県,1980000000,1980年,人
4,00700,全域,001,男,212,60～64歳,002,中国,24000,三重県,1980000000,1980年,人
3,00700,全域,001,男,212,60～64歳,002,中国,25000,滋賀県,1980000000,1980年,人
20,00700,全域,001,男,212,60～64歳,002,中国,26000,京都府,1980000000,1980年,人
131,00700,全域,001,男,212,60～64歳,002,中国,27000,大阪府,1980000000,1980年,人
168,00700,全域,001,男,212,60～64歳,002,中国,28000,兵庫県,1980000000,1980年,人
4,00700,全域,001,男,212,60～64歳,002,中国,29000,奈良県,1980000000,1980年,人
4,00700,全域,001,男,212,60～64歳,002,中国,30000,和歌山県,1980000000,1980年,人
1,00700,全域,001,男,212,60～64歳,002,中国,31000,鳥取県,1980000000,1980年,人
3,00700,全域,001,男,212,60～64歳,002,中国,32000,島根県,1980000000,1980年,人
6,00700,全域,001,男,212,60～64歳,002,中国,33000,岡山県,1980000000,1980年,人
7,00700,全域,001,男,212,60～64歳,002,中国,34000,広島県,1980000000,1980年,人
7,00700,全域,001,男,212,60～64歳,002,中国,35000,山口県,1980000000,1980年,人
4,00700,全域,001,男,212,60～64歳,002,中国,36000,徳島県,1980000000,1980年,人
3,00700,全域,001,男,212,60～64歳,002,中国,37000,香川県,1980000000,1980年,人
3,00700,全域,001,男,212,60～64歳,002,中国,38000,愛媛県,1980000000,1980年,人
7,00700,全域,001,男,212,60～64歳,002,中国,39000,高知県,1980000000,1980年,人
18,00700,全域,001,男,212,60～64歳,002,中国,40000,福岡県,1980000000,1980年,人
5,00700,全域,001,男,212,60～64歳,002,中国,41000,佐賀県,1980000000,1980年,人
21,00700,全域,001,男,212,60～64歳,002,中国,42000,長崎県,1980000000,1980年,人
10,00700,全域,001,男,212,60～64歳,002,中国,43000,熊本県,1980000000,1980年,人
3,00700,全域,001,男,212,60～64歳,002,中国,44000,大分県,1980000000,1980年,人
12,00700,全域,001,男,212,60～64歳,002,中国,45000,宮崎県,1980000000,1980年,人
11,00700,全域,001,男,212,60～64歳,002,中国,46000,鹿児島県,1980000000,1980年,人
32,00700,全域,001,男,212,60～64歳,002,中国,47000,沖縄県,1980000000,1980年,人
355,00700,全域,001,男,212,60～64歳,003,アメリカ,00000,全国,1980000000,1980年,人
306,00700,全域,001,男,212,60～64歳,003,アメリカ,00001,全国市部,1980000000,1980年,人
49,00700,全域,001,男,212,60～64歳,003,アメリカ,00002,全国郡部,1980000000,1980年,人
2,00700,全域,001,男,212,60～64歳,003,アメリカ,01000,北海道,1980000000,1980年,人
2,00700,全域,001,男,212,60～64歳,003,アメリカ,02000,青森県,1980000000,1980年,人
1,00700,全域,001,男,212,60～64歳,003,アメリカ,03000,岩手県,1980000000,1980年,人
3,00700,全域,001,男,212,60～64歳,003,アメリカ,04000,宮城県,1980000000,1980年,人
3,00700,全域,001,男,212,60～64歳,003,アメリカ,06000,山形県,1980000000,1980年,人
3,00700,全域,001,男,212,60～64歳,003,アメリカ,07000,福島県,1980000000,1980年,人
1,00700,全域,001,男,212,60～64歳,003,アメリカ,08000,茨城県,1980000000,1980年,人
1,00700,全域,001,男,212,60～64歳,003,アメリカ,09000,栃木県,1980000000,1980年,人
2,00700,全域,001,男,212,60～64歳,003,アメリカ,10000,群馬県,1980000000,1980年,人
6,00700,全域,001,男,212,60～64歳,003,アメリカ,11000,埼玉県,1980000000,1980年,人
6,00700,全域,001,男,212,60～64歳,003,アメリカ,12000,千葉県,1980000000,1980年,人
137,00700,全域,001,男,212,60～64歳,003,アメリカ,13000,東京都,1980000000,1980年,人
43,00700,全域,001,男,212,60～64歳,003,アメリカ,14000,神奈川県,1980000000,1980年,人
1,00700,全域,001,男,212,60～64歳,003,アメリカ,15000,新潟県,1980000000,1980年,人
1,00700,全域,001,男,212,60～64歳,003,アメリカ,19000,山梨県,1980000000,1980年,人
2,00700,全域,001,男,212,60～64歳,003,アメリカ,20000,長野県,1980000000,1980年,人
2,00700,全域,001,男,212,60～64歳,003,アメリカ,21000,岐阜県,1980000000,1980年,人
3,00700,全域,001,男,212,60～64歳,003,アメリカ,22000,静岡県,1980000000,1980年,人
16,00700,全域,001,男,212,60～64歳,003,アメリカ,23000,愛知県,1980000000,1980年,人
3,00700,全域,001,男,212,60～64歳,003,アメリカ,24000,三重県,1980000000,1980年,人
1,00700,全域,001,男,212,60～64歳,003,アメリカ,25000,滋賀県,1980000000,1980年,人
4,00700,全域,001,男,212,60～64歳,003,アメリカ,26000,京都府,1980000000,1980年,人
3,00700,全域,001,男,212,60～64歳,003,アメリカ,27000,大阪府,1980000000,1980年,人
16,00700,全域,001,男,212,60～64歳,003,アメリカ,28000,兵庫県,1980000000,1980年,人
1,00700,全域,001,男,212,60～64歳,003,アメリカ,29000,奈良県,1980000000,1980年,人
2,00700,全域,001,男,212,60～64歳,003,アメリカ,30000,和歌山県,1980000000,1980年,人
3,00700,全域,001,男,212,60～64歳,003,アメリカ,33000,岡山県,1980000000,1980年,人
9,00700,全域,001,男,212,60～64歳,003,アメリカ,34000,広島県,1980000000,1980年,人
5,00700,全域,001,男,212,60～64歳,003,アメリカ,35000,山口県,1980000000,1980年,人
1,00700,全域,001,男,212,60～64歳,003,アメリカ,36000,徳島県,1980000000,1980年,人
2,00700,全域,001,男,212,60～64歳,003,アメリカ,37000,香川県,1980000000,1980年,人
1,00700,全域,001,男,212,60～64歳,003,アメリカ,38000,愛媛県,1980000000,1980年,人
3,00700,全域,001,男,212,60～64歳,003,アメリカ,40000,福岡県,1980000000,1980年,人
6,00700,全域,001,男,212,60～64歳,003,アメリカ,42000,長崎県,1980000000,1980年,人
3,00700,全域,001,男,212,60～64歳,003,アメリカ,43000,熊本県,1980000000,1980年,人
1,00700,全域,001,男,212,60～64歳,003,アメリカ,44000,大分県,1980000000,1980年,人
6,00700,全域,001,男,212,60～64歳,003,アメリカ,46000,鹿児島県,1980000000,1980年,人
50,00700,全域,001,男,212,60～64歳,003,アメリカ,47000,沖縄県,1980000000,1980年,人
279,00700,全域,001,男,212,60～64歳,004,その他,00000,全国,1980000000,1980年,人
259,00700,全域,001,男,212,60～64歳,004,その他,00001,全国市部,1980000000,1980年,人
20,00700,全域,001,男,212,60～64歳,004,その他,00002,全国郡部,1980000000,1980年,人
7,00700,全域,001,男,212,60～64歳,004,その他,01000,北海道,1980000000,1980年,人
5,00700,全域,001,男,212,60～64歳,004,その他,03000,岩手県,1980000000,1980年,人
2,00700,全域,001,男,212,60～64歳,004,その他,04000,宮城県,1980000000,1980年,人
3,00700,全域,001,男,212,60～64歳,004,その他,08000,茨城県,1980000000,1980年,人
1,00700,全域,001,男,212,60～64歳,004,その他,09000,栃木県,1980000000,1980年,人
1,00700,全域,001,男,212,60～64歳,004,その他,10000,群馬県,1980000000,1980年,人
2,00700,全域,001,男,212,60～64歳,004,その他,11000,埼玉県,1980000000,1980年,人
4,00700,全域,001,男,212,60～64歳,004,その他,12000,千葉県,1980000000,1980年,人
88,00700,全域,001,男,212,60～64歳,004,その他,13000,東京都,1980000000,1980年,人
30,00700,全域,001,男,212,60～64歳,004,その他,14000,神奈川県,1980000000,1980年,人
2,00700,全域,001,男,212,60～64歳,004,その他,15000,新潟県,1980000000,1980年,人
2,00700,全域,001,男,212,60～64歳,004,その他,16000,富山県,1980000000,1980年,人
2,00700,全域,001,男,212,60～64歳,004,その他,17000,石川県,1980000000,1980年,人
1,00700,全域,001,男,212,60～64歳,004,その他,19000,山梨県,1980000000,1980年,人
5,00700,全域,001,男,212,60～64歳,004,その他,20000,長野県,1980000000,1980年,人
1,00700,全域,001,男,212,60～64歳,004,その他,21000,岐阜県,1980000000,1980年,人
6,00700,全域,001,男,212,60～64歳,004,その他,22000,静岡県,1980000000,1980年,人
9,00700,全域,001,男,212,60～64歳,004,その他,23000,愛知県,1980000000,1980年,人
6,00700,全域,001,男,212,60～64歳,004,その他,26000,京都府,1980000000,1980年,人
11,00700,全域,001,男,212,60～64歳,004,その他,27000,大阪府,1980000000,1980年,人
41,00700,全域,001,男,212,60～64歳,004,その他,28000,兵庫県,1980000000,1980年,人
1,00700,全域,001,男,212,60～64歳,004,その他,29000,奈良県,1980000000,1980年,人
1,00700,全域,001,男,212,60～64歳,004,その他,30000,和歌山県,1980000000,1980年,人
1,00700,全域,001,男,212,60～64歳,004,その他,31000,鳥取県,1980000000,1980年,人
1,00700,全域,001,男,212,60～64歳,004,その他,32000,島根県,1980000000,1980年,人
2,00700,全域,001,男,212,60～64歳,004,その他,33000,岡山県,1980000000,1980年,人
4,00700,全域,001,男,212,60～64歳,004,その他,34000,広島県,1980000000,1980年,人
3,00700,全域,001,男,212,60～64歳,004,その他,35000,山口県,1980000000,1980年,人
1,00700,全域,001,男,212,60～64歳,004,その他,39000,高知県,1980000000,1980年,人
6,00700,全域,001,男,212,60～64歳,004,その他,40000,福岡県,1980000000,1980年,人
1,00700,全域,001,男,212,60～64歳,004,その他,41000,佐賀県,1980000000,1980年,人
2,00700,全域,001,男,212,60～64歳,004,その他,42000,長崎県,1980000000,1980年,人
3,00700,全域,001,男,212,60～64歳,004,その他,43000,熊本県,1980000000,1980年,人
5,00700,全域,001,男,212,60～64歳,004,その他,44000,大分県,1980000000,1980年,人
3,00700,全域,001,男,212,60～64歳,004,その他,45000,宮崎県,1980000000,1980年,人
1,00700,全域,001,男,212,60～64歳,004,その他,46000,鹿児島県,1980000000,1980年,人
15,00700,全域,001,男,212,60～64歳,004,その他,47000,沖縄県,1980000000,1980年,人
9202,00700,全域,001,男,213,65～69歳,000,国籍総数,00000,全国,1980000000,1980年,人
8117,00700,全域,001,男,213,65～69歳,000,国籍総数,00001,全国市部,1980000000,1980年,人
1085,00700,全域,001,男,213,65～69歳,000,国籍総数,00002,全国郡部,1980000000,1980年,人
204,00700,全域,001,男,213,65～69歳,000,国籍総数,01000,北海道,1980000000,1980年,人
58,00700,全域,001,男,213,65～69歳,000,国籍総数,02000,青森県,1980000000,1980年,人
56,00700,全域,001,男,213,65～69歳,000,国籍総数,03000,岩手県,1980000000,1980年,人
55,00700,全域,001,男,213,65～69歳,000,国籍総数,04000,宮城県,1980000000,1980年,人
34,00700,全域,001,男,213,65～69歳,000,国籍総数,05000,秋田県,1980000000,1980年,人
23,00700,全域,001,男,213,65～69歳,000,国籍総数,06000,山形県,1980000000,1980年,人
51,00700,全域,001,男,213,65～69歳,000,国籍総数,07000,福島県,1980000000,1980年,人
72,00700,全域,001,男,213,65～69歳,000,国籍総数,08000,茨城県,1980000000,1980年,人
43,00700,全域,001,男,213,65～69歳,000,国籍総数,09000,栃木県,1980000000,1980年,人
67,00700,全域,001,男,213,65～69歳,000,国籍総数,10000,群馬県,1980000000,1980年,人
128,00700,全域,001,男,213,65～69歳,000,国籍総数,11000,埼玉県,1980000000,1980年,人
149,00700,全域,001,男,213,65～69歳,000,国籍総数,12000,千葉県,1980000000,1980年,人
1193,00700,全域,001,男,213,65～69歳,000,国籍総数,13000,東京都,1980000000,1980年,人
518,00700,全域,001,男,213,65～69歳,000,国籍総数,14000,神奈川県,1980000000,1980年,人
73,00700,全域,001,男,213,65～69歳,000,国籍総数,15000,新潟県,1980000000,1980年,人
24,00700,全域,001,男,213,65～69歳,000,国籍総数,16000,富山県,1980000000,1980年,人
39,00700,全域,001,男,213,65～69歳,000,国籍総数,17000,石川県,1980000000,1980年,人
85,00700,全域,001,男,213,65～69歳,000,国籍総数,18000,福井県,1980000000,1980年,人
34,00700,全域,001,男,213,65～69歳,000,国籍総数,19000,山梨県,1980000000,1980年,人
109,00700,全域,001,男,213,65～69歳,000,国籍総数,20000,長野県,1980000000,1980年,人
154,00700,全域,001,男,213,65～69歳,000,国籍総数,21000,岐阜県,1980000000,1980年,人
127,00700,全域,001,男,213,65～69歳,000,国籍総数,22000,静岡県,1980000000,1980年,人
584,00700,全域,001,男,213,65～69歳,000,国籍総数,23000,愛知県,1980000000,1980年,人
106,00700,全域,001,男,213,65～69歳,000,国籍総数,24000,三重県,1980000000,1980年,人
94,00700,全域,001,男,213,65～69歳,000,国籍総数,25000,滋賀県,1980000000,1980年,人
506,00700,全域,001,男,213,65～69歳,000,国籍総数,26000,京都府,1980000000,1980年,人
2119,00700,全域,001,男,213,65～69歳,000,国籍総数,27000,大阪府,1980000000,1980年,人
932,00700,全域,001,男,213,65～69歳,000,国籍総数,28000,兵庫県,1980000000,1980年,人
81,00700,全域,001,男,213,65～69歳,000,国籍総数,29000,奈良県,1980000000,1980年,人
64,00700,全域,001,男,213,65～69歳,000,国籍総数,30000,和歌山県,1980000000,1980年,人
29,00700,全域,001,男,213,65～69歳,000,国籍総数,31000,鳥取県,1980000000,1980年,人
29,00700,全域,001,男,213,65～69歳,000,国籍総数,32000,島根県,1980000000,1980年,人
127,00700,全域,001,男,213,65～69歳,000,国籍総数,33000,岡山県,1980000000,1980年,人
210,00700,全域,001,男,213,65～69歳,000,国籍総数,34000,広島県,1980000000,1980年,人
209,00700,全域,001,男,213,65～69歳,000,国籍総数,35000,山口県,1980000000,1980年,人
12,00700,全域,001,男,213,65～69歳,000,国籍総数,36000,徳島県,1980000000,1980年,人
21,00700,全域,001,男,213,65～69歳,000,国籍総数,37000,香川県,1980000000,1980年,人
25,00700,全域,001,男,213,65～69歳,000,国籍総数,38000,愛媛県,1980000000,1980年,人
23,00700,全域,001,男,213,65～69歳,000,国籍総数,39000,高知県,1980000000,1980年,人
390,00700,全域,001,男,213,65～69歳,000,国籍総数,40000,福岡県,1980000000,1980年,人
29,00700,全域,001,男,213,65～69歳,000,国籍総数,41000,佐賀県,1980000000,1980年,人
93,00700,全域,001,男,213,65～69歳,000,国籍総数,42000,長崎県,1980000000,1980年,人
49,00700,全域,001,男,213,65～69歳,000,国籍総数,43000,熊本県,1980000000,1980年,人
60,00700,全域,001,男,213,65～69歳,000,国籍総数,44000,大分県,1980000000,1980年,人
30,00700,全域,001,男,213,65～69歳,000,国籍総数,45000,宮崎県,1980000000,1980年,人
32,00700,全域,001,男,213,65～69歳,000,国籍総数,46000,鹿児島県,1980000000,1980年,人
52,00700,全域,001,男,213,65～69歳,000,国籍総数,47000,沖縄県,1980000000,1980年,人
7844,00700,全域,001,男,213,65～69歳,001,韓国・朝鮮,00000,全国,1980000000,1980年,人
6913,00700,全域,001,男,213,65～69歳,001,韓国・朝鮮,00001,全国市部,1980000000,1980年,人
931,00700,全域,001,男,213,65～69歳,001,韓国・朝鮮,00002,全国郡部,1980000000,1980年,人
170,00700,全域,001,男,213,65～69歳,001,韓国・朝鮮,01000,北海道,1980000000,1980年,人
53,00700,全域,001,男,213,65～69歳,001,韓国・朝鮮,02000,青森県,1980000000,1980年,人
45,00700,全域,001,男,213,65～69歳,001,韓国・朝鮮,03000,岩手県,1980000000,1980年,人
51,00700,全域,001,男,213,65～69歳,001,韓国・朝鮮,04000,宮城県,1980000000,1980年,人
27,00700,全域,001,男,213,65～69歳,001,韓国・朝鮮,05000,秋田県,1980000000,1980年,人
19,00700,全域,001,男,213,65～69歳,001,韓国・朝鮮,06000,山形県,1980000000,1980年,人
43,00700,全域,001,男,213,65～69歳,001,韓国・朝鮮,07000,福島県,1980000000,1980年,人
65,00700,全域,001,男,213,65～69歳,001,韓国・朝鮮,08000,茨城県,1980000000,1980年,人
38,00700,全域,001,男,213,65～69歳,001,韓国・朝鮮,09000,栃木県,1980000000,1980年,人
52,00700,全域,001,男,213,65～69歳,001,韓国・朝鮮,10000,群馬県,1980000000,1980年,人
110,00700,全域,001,男,213,65～69歳,001,韓国・朝鮮,11000,埼玉県,1980000000,1980年,人
134,00700,全域,001,男,213,65～69歳,001,韓国・朝鮮,12000,千葉県,1980000000,1980年,人
825,00700,全域,001,男,213,65～69歳,001,韓国・朝鮮,13000,東京都,1980000000,1980年,人
351,00700,全域,001,男,213,65～69歳,001,韓国・朝鮮,14000,神奈川県,1980000000,1980年,人
58,00700,全域,001,男,213,65～69歳,001,韓国・朝鮮,15000,新潟県,1980000000,1980年,人
22,00700,全域,001,男,213,65～69歳,001,韓国・朝鮮,16000,富山県,1980000000,1980年,人
37,00700,全域,001,男,213,65～69歳,001,韓国・朝鮮,17000,石川県,1980000000,1980年,人
81,00700,全域,001,男,213,65～69歳,001,韓国・朝鮮,18000,福井県,1980000000,1980年,人
27,00700,全域,001,男,213,65～69歳,001,韓国・朝鮮,19000,山梨県,1980000000,1980年,人
98,00700,全域,001,男,213,65～69歳,001,韓国・朝鮮,20000,長野県,1980000000,1980年,人
146,00700,全域,001,男,213,65～69歳,001,韓国・朝鮮,21000,岐阜県,1980000000,1980年,人
113,00700,全域,001,男,213,65～69歳,001,韓国・朝鮮,22000,静岡県,1980000000,1980年,人
556,00700,全域,001,男,213,65～69歳,001,韓国・朝鮮,23000,愛知県,1980000000,1980年,人
101,00700,全域,001,男,213,65～69歳,001,韓国・朝鮮,24000,三重県,1980000000,1980年,人
86,00700,全域,001,男,213,65～69歳,001,韓国・朝鮮,25000,滋賀県,1980000000,1980年,人
485,00700,全域,001,男,213,65～69歳,001,韓国・朝鮮,26000,京都府,1980000000,1980年,人
1991,00700,全域,001,男,213,65～69歳,001,韓国・朝鮮,27000,大阪府,1980000000,1980年,人
733,00700,全域,001,男,213,65～69歳,001,韓国・朝鮮,28000,兵庫県,1980000000,1980年,人
75,00700,全域,001,男,213,65～69歳,001,韓国・朝鮮,29000,奈良県,1980000000,1980年,人
56,00700,全域,001,男,213,65～69歳,001,韓国・朝鮮,30000,和歌山県,1980000000,1980年,人
27,00700,全域,001,男,213,65～69歳,001,韓国・朝鮮,31000,鳥取県,1980000000,1980年,人
25,00700,全域,001,男,213,65～69歳,001,韓国・朝鮮,32000,島根県,1980000000,1980年,人
120,00700,全域,001,男,213,65～69歳,001,韓国・朝鮮,33000,岡山県,1980000000,1980年,人
193,00700,全域,001,男,213,65～69歳,001,韓国・朝鮮,34000,広島県,1980000000,1980年,人
197,00700,全域,001,男,213,65～69歳,001,韓国・朝鮮,35000,山口県,1980000000,1980年,人
7,00700,全域,001,男,213,65～69歳,001,韓国・朝鮮,36000,徳島県,1980000000,1980年,人
15,00700,全域,001,男,213,65～69歳,001,韓国・朝鮮,37000,香川県,1980000000,1980年,人
19,00700,全域,001,男,213,65～69歳,001,韓国・朝鮮,38000,愛媛県,1980000000,1980年,人
16,00700,全域,001,男,213,65～69歳,001,韓国・朝鮮,39000,高知県,1980000000,1980年,人
350,00700,全域,001,男,213,65～69歳,001,韓国・朝鮮,40000,福岡県,1980000000,1980年,人
28,00700,全域,001,男,213,65～69歳,001,韓国・朝鮮,41000,佐賀県,1980000000,1980年,人
66,00700,全域,001,男,213,65～69歳,001,韓国・朝鮮,42000,長崎県,1980000000,1980年,人
38,00700,全域,001,男,213,65～69歳,001,韓国・朝鮮,43000,熊本県,1980000000,1980年,人
53,00700,全域,001,男,213,65～69歳,001,韓国・朝鮮,44000,大分県,1980000000,1980年,人
20,00700,全域,001,男,213,65～69歳,001,韓国・朝鮮,45000,宮崎県,1980000000,1980年,人
19,00700,全域,001,男,213,65～69歳,001,韓国・朝鮮,46000,鹿児島県,1980000000,1980年,人
3,00700,全域,001,男,213,65～69歳,001,韓国・朝鮮,47000,沖縄県,1980000000,1980年,人
702,00700,全域,001,男,213,65～69歳,002,中国,00000,全国,1980000000,1980年,人
639,00700,全域,001,男,213,65～69歳,002,中国,00001,全国市部,1980000000,1980年,人
63,00700,全域,001,男,213,65～69歳,002,中国,00002,全国郡部,1980000000,1980年,人
16,00700,全域,001,男,213,65～69歳,002,中国,01000,北海道,1980000000,1980年,人
4,00700,全域,001,男,213,65～69歳,002,中国,02000,青森県,1980000000,1980年,人
5,00700,全域,001,男,213,65～69歳,002,中国,03000,岩手県,1980000000,1980年,人
3,00700,全域,001,男,213,65～69歳,002,中国,04000,宮城県,1980000000,1980年,人
3,00700,全域,001,男,213,65～69歳,002,中国,05000,秋田県,1980000000,1980年,人
1,00700,全域,001,男,213,65～69歳,002,中国,06000,山形県,1980000000,1980年,人
4,00700,全域,001,男,213,65～69歳,002,中国,07000,福島県,1980000000,1980年,人
3,00700,全域,001,男,213,65～69歳,002,中国,08000,茨城県,1980000000,1980年,人
1,00700,全域,001,男,213,65～69歳,002,中国,09000,栃木県,1980000000,1980年,人
9,00700,全域,001,男,213,65～69歳,002,中国,10000,群馬県,1980000000,1980年,人
9,00700,全域,001,男,213,65～69歳,002,中国,11000,埼玉県,1980000000,1980年,人
8,00700,全域,001,男,213,65～69歳,002,中国,12000,千葉県,1980000000,1980年,人
167,00700,全域,001,男,213,65～69歳,002,中国,13000,東京都,1980000000,1980年,人
89,00700,全域,001,男,213,65～69歳,002,中国,14000,神奈川県,1980000000,1980年,人
6,00700,全域,001,男,213,65～69歳,002,中国,15000,新潟県,1980000000,1980年,人
2,00700,全域,001,男,213,65～69歳,002,中国,18000,福井県,1980000000,1980年,人
2,00700,全域,001,男,213,65～69歳,002,中国,19000,山梨県,1980000000,1980年,人
5,00700,全域,001,男,213,65～69歳,002,中国,20000,長野県,1980000000,1980年,人
5,00700,全域,001,男,213,65～69歳,002,中国,21000,岐阜県,1980000000,1980年,人
4,00700,全域,001,男,213,65～69歳,002,中国,22000,静岡県,1980000000,1980年,人
15,00700,全域,001,男,213,65～69歳,002,中国,23000,愛知県,1980000000,1980年,人
1,00700,全域,001,男,213,65～69歳,002,中国,24000,三重県,1980000000,1980年,人
3,00700,全域,001,男,213,65～69歳,002,中国,25000,滋賀県,1980000000,1980年,人
6,00700,全域,001,男,213,65～69歳,002,中国,26000,京都府,1980000000,1980年,人
77,00700,全域,001,男,213,65～69歳,002,中国,27000,大阪府,1980000000,1980年,人
143,00700,全域,001,男,213,65～69歳,002,中国,28000,兵庫県,1980000000,1980年,人
1,00700,全域,001,男,213,65～69歳,002,中国,29000,奈良県,1980000000,1980年,人
4,00700,全域,001,男,213,65～69歳,002,中国,30000,和歌山県,1980000000,1980年,人
4,00700,全域,001,男,213,65～69歳,002,中国,32000,島根県,1980000000,1980年,人
1,00700,全域,001,男,213,65～69歳,002,中国,33000,岡山県,1980000000,1980年,人
6,00700,全域,001,男,213,65～69歳,002,中国,34000,広島県,1980000000,1980年,人
4,00700,全域,001,男,213,65～69歳,002,中国,35000,山口県,1980000000,1980年,人
3,00700,全域,001,男,213,65～69歳,002,中国,36000,徳島県,1980000000,1980年,人
2,00700,全域,001,男,213,65～69歳,002,中国,37000,香川県,1980000000,1980年,人
3,00700,全域,001,男,213,65～69歳,002,中国,38000,愛媛県,1980000000,1980年,人
5,00700,全域,001,男,213,65～69歳,002,中国,39000,高知県,1980000000,1980年,人
23,00700,全域,001,男,213,65～69歳,002,中国,40000,福岡県,1980000000,1980年,人
1,00700,全域,001,男,213,65～69歳,002,中国,41000,佐賀県,1980000000,1980年,人
18,00700,全域,001,男,213,65～69歳,002,中国,42000,長崎県,1980000000,1980年,人
5,00700,全域,001,男,213,65～69歳,002,中国,43000,熊本県,1980000000,1980年,人
1,00700,全域,001,男,213,65～69歳,002,中国,44000,大分県,1980000000,1980年,人
3,00700,全域,001,男,213,65～69歳,002,中国,45000,宮崎県,1980000000,1980年,人
9,00700,全域,001,男,213,65～69歳,002,中国,46000,鹿児島県,1980000000,1980年,人
18,00700,全域,001,男,213,65～69歳,002,中国,47000,沖縄県,1980000000,1980年,人
186,00700,全域,001,男,213,65～69歳,003,アメリカ,00000,全国,1980000000,1980年,人
164,00700,全域,001,男,213,65～69歳,003,アメリカ,00001,全国市部,1980000000,1980年,人
22,00700,全域,001,男,213,65～69歳,003,アメリカ,00002,全国郡部,1980000000,1980年,人
2,00700,全域,001,男,213,65～69歳,003,アメリカ,01000,北海道,1980000000,1980年,人
1,00700,全域,001,男,213,65～69歳,003,アメリカ,03000,岩手県,1980000000,1980年,人
1,00700,全域,001,男,213,65～69歳,003,アメリカ,04000,宮城県,1980000000,1980年,人
1,00700,全域,001,男,213,65～69歳,003,アメリカ,06000,山形県,1980000000,1980年,人
1,00700,全域,001,男,213,65～69歳,003,アメリカ,08000,茨城県,1980000000,1980年,人
1,00700,全域,001,男,213,65～69歳,003,アメリカ,10000,群馬県,1980000000,1980年,人
3,00700,全域,001,男,213,65～69歳,003,アメリカ,11000,埼玉県,1980000000,1980年,人
80,00700,全域,001,男,213,65～69歳,003,アメリカ,13000,東京都,1980000000,1980年,人
36,00700,全域,001,男,213,65～69歳,003,アメリカ,14000,神奈川県,1980000000,1980年,人
3,00700,全域,001,男,213,65～69歳,003,アメリカ,15000,新潟県,1980000000,1980年,人
1,00700,全域,001,男,213,65～69歳,003,アメリカ,18000,福井県,1980000000,1980年,人
1,00700,全域,001,男,213,65～69歳,003,アメリカ,19000,山梨県,1980000000,1980年,人
2,00700,全域,001,男,213,65～69歳,003,アメリカ,20000,長野県,1980000000,1980年,人
3,00700,全域,001,男,213,65～69歳,003,アメリカ,22000,静岡県,1980000000,1980年,人
4,00700,全域,001,男,213,65～69歳,003,アメリカ,23000,愛知県,1980000000,1980年,人
2,00700,全域,001,男,213,65～69歳,003,アメリカ,24000,三重県,1980000000,1980年,人
3,00700,全域,001,男,213,65～69歳,003,アメリカ,27000,大阪府,1980000000,1980年,人
7,00700,全域,001,男,213,65～69歳,003,アメリカ,28000,兵庫県,1980000000,1980年,人
1,00700,全域,001,男,213,65～69歳,003,アメリカ,31000,鳥取県,1980000000,1980年,人
1,00700,全域,001,男,213,65～69歳,003,アメリカ,33000,岡山県,1980000000,1980年,人
3,00700,全域,001,男,213,65～69歳,003,アメリカ,34000,広島県,1980000000,1980年,人
3,00700,全域,001,男,213,65～69歳,003,アメリカ,35000,山口県,1980000000,1980年,人
2,00700,全域,001,男,213,65～69歳,003,アメリカ,40000,福岡県,1980000000,1980年,人
1,00700,全域,001,男,213,65～69歳,003,アメリカ,42000,長崎県,1980000000,1980年,人
3,00700,全域,001,男,213,65～69歳,003,アメリカ,43000,熊本県,1980000000,1980年,人
1,00700,全域,001,男,213,65～69歳,003,アメリカ,46000,鹿児島県,1980000000,1980年,人
19,00700,全域,001,男,213,65～69歳,003,アメリカ,47000,沖縄県,1980000000,1980年,人
218,00700,全域,001,男,213,65～69歳,004,その他,00000,全国,1980000000,1980年,人
199,00700,全域,001,男,213,65～69歳,004,その他,00001,全国市部,1980000000,1980年,人
19,00700,全域,001,男,213,65～69歳,004,その他,00002,全国郡部,1980000000,1980年,人
8,00700,全域,001,男,213,65～69歳,004,その他,01000,北海道,1980000000,1980年,人
4,00700,全域,001,男,213,65～69歳,004,その他,03000,岩手県,1980000000,1980年,人
1,00700,全域,001,男,213,65～69歳,004,その他,05000,秋田県,1980000000,1980年,人
2,00700,全域,001,男,213,65～69歳,004,その他,07000,福島県,1980000000,1980年,人
4,00700,全域,001,男,213,65～69歳,004,その他,09000,栃木県,1980000000,1980年,人
2,00700,全域,001,男,213,65～69歳,004,その他,11000,埼玉県,1980000000,1980年,人
2,00700,全域,001,男,213,65～69歳,004,その他,12000,千葉県,1980000000,1980年,人
69,00700,全域,001,男,213,65～69歳,004,その他,13000,東京都,1980000000,1980年,人
26,00700,全域,001,男,213,65～69歳,004,その他,14000,神奈川県,1980000000,1980年,人
3,00700,全域,001,男,213,65～69歳,004,その他,15000,新潟県,1980000000,1980年,人
1,00700,全域,001,男,213,65～69歳,004,その他,16000,富山県,1980000000,1980年,人
1,00700,全域,001,男,213,65～69歳,004,その他,17000,石川県,1980000000,1980年,人
1,00700,全域,001,男,213,65～69歳,004,その他,20000,長野県,1980000000,1980年,人
3,00700,全域,001,男,213,65～69歳,004,その他,22000,静岡県,1980000000,1980年,人
3,00700,全域,001,男,213,65～69歳,004,その他,23000,愛知県,1980000000,1980年,人
1,00700,全域,001,男,213,65～69歳,004,その他,24000,三重県,1980000000,1980年,人
1,00700,全域,001,男,213,65～69歳,004,その他,25000,滋賀県,1980000000,1980年,人
4,00700,全域,001,男,213,65～69歳,004,その他,26000,京都府,1980000000,1980年,人
10,00700,全域,001,男,213,65～69歳,004,その他,27000,大阪府,1980000000,1980年,人
31,00700,全域,001,男,213,65～69歳,004,その他,28000,兵庫県,1980000000,1980年,人
3,00700,全域,001,男,213,65～69歳,004,その他,29000,奈良県,1980000000,1980年,人
2,00700,全域,001,男,213,65～69歳,004,その他,30000,和歌山県,1980000000,1980年,人
3,00700,全域,001,男,213,65～69歳,004,その他,33000,岡山県,1980000000,1980年,人
2,00700,全域,001,男,213,65～69歳,004,その他,34000,広島県,1980000000,1980年,人
2,00700,全域,001,男,213,65～69歳,004,その他,35000,山口県,1980000000,1980年,人
1,00700,全域,001,男,213,65～69歳,004,その他,37000,香川県,1980000000,1980年,人
3,00700,全域,001,男,213,65～69歳,004,その他,38000,愛媛県,1980000000,1980年,人
1,00700,全域,001,男,213,65～69歳,004,その他,39000,高知県,1980000000,1980年,人
5,00700,全域,001,男,213,65～69歳,004,その他,40000,福岡県,1980000000,1980年,人
4,00700,全域,001,男,213,65～69歳,004,その他,42000,長崎県,1980000000,1980年,人
1,00700,全域,001,男,213,65～69歳,004,その他,43000,熊本県,1980000000,1980年,人
1,00700,全域,001,男,213,65～69歳,004,その他,44000,大分県,1980000000,1980年,人
4,00700,全域,001,男,213,65～69歳,004,その他,45000,宮崎県,1980000000,1980年,人
1,00700,全域,001,男,213,65～69歳,004,その他,46000,鹿児島県,1980000000,1980年,人
8,00700,全域,001,男,213,65～69歳,004,その他,47000,沖縄県,1980000000,1980年,人
5555,00700,全域,001,男,214,70～74歳,000,国籍総数,00000,全国,1980000000,1980年,人
4874,00700,全域,001,男,214,70～74歳,000,国籍総数,00001,全国市部,1980000000,1980年,人
681,00700,全域,001,男,214,70～74歳,000,国籍総数,00002,全国郡部,1980000000,1980年,人
96,00700,全域,001,男,214,70～74歳,000,国籍総数,01000,北海道,1980000000,1980年,人
29,00700,全域,001,男,214,70～74歳,000,国籍総数,02000,青森県,1980000000,1980年,人
27,00700,全域,001,男,214,70～74歳,000,国籍総数,03000,岩手県,1980000000,1980年,人
36,00700,全域,001,男,214,70～74歳,000,国籍総数,04000,宮城県,1980000000,1980年,人
16,00700,全域,001,男,214,70～74歳,000,国籍総数,05000,秋田県,1980000000,1980年,人
16,00700,全域,001,男,214,70～74歳,000,国籍総数,06000,山形県,1980000000,1980年,人
36,00700,全域,001,男,214,70～74歳,000,国籍総数,07000,福島県,1980000000,1980年,人
47,00700,全域,001,男,214,70～74歳,000,国籍総数,08000,茨城県,1980000000,1980年,人
15,00700,全域,001,男,214,70～74歳,000,国籍総数,09000,栃木県,1980000000,1980年,人
38,00700,全域,001,男,214,70～74歳,000,国籍総数,10000,群馬県,1980000000,1980年,人
69,00700,全域,001,男,214,70～74歳,000,国籍総数,11000,埼玉県,1980000000,1980年,人
78,00700,全域,001,男,214,70～74歳,000,国籍総数,12000,千葉県,1980000000,1980年,人
597,00700,全域,001,男,214,70～74歳,000,国籍総数,13000,東京都,1980000000,1980年,人
311,00700,全域,001,男,214,70～74歳,000,国籍総数,14000,神奈川県,1980000000,1980年,人
37,00700,全域,001,男,214,70～74歳,000,国籍総数,15000,新潟県,1980000000,1980年,人
12,00700,全域,001,男,214,70～74歳,000,国籍総数,16000,富山県,1980000000,1980年,人
33,00700,全域,001,男,214,70～74歳,000,国籍総数,17000,石川県,1980000000,1980年,人
47,00700,全域,001,男,214,70～74歳,000,国籍総数,18000,福井県,1980000000,1980年,人
27,00700,全域,001,男,214,70～74歳,000,国籍総数,19000,山梨県,1980000000,1980年,人
60,00700,全域,001,男,214,70～74歳,000,国籍総数,20000,長野県,1980000000,1980年,人
98,00700,全域,001,男,214,70～74歳,000,国籍総数,21000,岐阜県,1980000000,1980年,人
54,00700,全域,001,男,214,70～74歳,000,国籍総数,22000,静岡県,1980000000,1980年,人
364,00700,全域,001,男,214,70～74歳,000,国籍総数,23000,愛知県,1980000000,1980年,人
69,00700,全域,001,男,214,70～74歳,000,国籍総数,24000,三重県,1980000000,1980年,人
57,00700,全域,001,男,214,70～74歳,000,国籍総数,25000,滋賀県,1980000000,1980年,人
355,00700,全域,001,男,214,70～74歳,000,国籍総数,26000,京都府,1980000000,1980年,人
1353,00700,全域,001,男,214,70～74歳,000,国籍総数,27000,大阪府,1980000000,1980年,人
584,00700,全域,001,男,214,70～74歳,000,国籍総数,28000,兵庫県,1980000000,1980年,人
45,00700,全域,001,男,214,70～74歳,000,国籍総数,29000,奈良県,1980000000,1980年,人
69,00700,全域,001,男,214,70～74歳,000,国籍総数,30000,和歌山県,1980000000,1980年,人
17,00700,全域,001,男,214,70～74歳,000,国籍総数,31000,鳥取県,1980000000,1980年,人
24,00700,全域,001,男,214,70～74歳,000,国籍総数,32000,島根県,1980000000,1980年,人
106,00700,全域,001,男,214,70～74歳,000,国籍総数,33000,岡山県,1980000000,1980年,人
109,00700,全域,001,男,214,70～74歳,000,国籍総数,34000,広島県,1980000000,1980年,人
151,00700,全域,001,男,214,70～74歳,000,国籍総数,35000,山口県,1980000000,1980年,人
7,00700,全域,001,男,214,70～74歳,000,国籍総数,36000,徳島県,1980000000,1980年,人
14,00700,全域,001,男,214,70～74歳,000,国籍総数,37000,香川県,1980000000,1980年,人
19,00700,全域,001,男,214,70～74歳,000,国籍総数,38000,愛媛県,1980000000,1980年,人
15,00700,全域,001,男,214,70～74歳,000,国籍総数,39000,高知県,1980000000,1980年,人
222,00700,全域,001,男,214,70～74歳,000,国籍総数,40000,福岡県,1980000000,1980年,人
25,00700,全域,001,男,214,70～74歳,000,国籍総数,41000,佐賀県,1980000000,1980年,人
44,00700,全域,001,男,214,70～74歳,000,国籍総数,42000,長崎県,1980000000,1980年,人
31,00700,全域,001,男,214,70～74歳,000,国籍総数,43000,熊本県,1980000000,1980年,人
40,00700,全域,001,男,214,70～74歳,000,国籍総数,44000,大分県,1980000000,1980年,人
23,00700,全域,001,男,214,70～74歳,000,国籍総数,45000,宮崎県,1980000000,1980年,人
16,00700,全域,001,男,214,70～74歳,000,国籍総数,46000,鹿児島県,1980000000,1980年,人
17,00700,全域,001,男,214,70～74歳,000,国籍総数,47000,沖縄県,1980000000,1980年,人
4706,00700,全域,001,男,214,70～74歳,001,韓国・朝鮮,00000,全国,1980000000,1980年,人
4096,00700,全域,001,男,214,70～74歳,001,韓国・朝鮮,00001,全国市部,1980000000,1980年,人
610,00700,全域,001,男,214,70～74歳,001,韓国・朝鮮,00002,全国郡部,1980000000,1980年,人
85,00700,全域,001,男,214,70～74歳,001,韓国・朝鮮,01000,北海道,1980000000,1980年,人
26,00700,全域,001,男,214,70～74歳,001,韓国・朝鮮,02000,青森県,1980000000,1980年,人
24,00700,全域,001,男,214,70～74歳,001,韓国・朝鮮,03000,岩手県,1980000000,1980年,人
30,00700,全域,001,男,214,70～74歳,001,韓国・朝鮮,04000,宮城県,1980000000,1980年,人
13,00700,全域,001,男,214,70～74歳,001,韓国・朝鮮,05000,秋田県,1980000000,1980年,人
13,00700,全域,001,男,214,70～74歳,001,韓国・朝鮮,06000,山形県,1980000000,1980年,人
31,00700,全域,001,男,214,70～74歳,001,韓国・朝鮮,07000,福島県,1980000000,1980年,人
45,00700,全域,001,男,214,70～74歳,001,韓国・朝鮮,08000,茨城県,1980000000,1980年,人
11,00700,全域,001,男,214,70～74歳,001,韓国・朝鮮,09000,栃木県,1980000000,1980年,人
33,00700,全域,001,男,214,70～74歳,001,韓国・朝鮮,10000,群馬県,1980000000,1980年,人
60,00700,全域,001,男,214,70～74歳,001,韓国・朝鮮,11000,埼玉県,1980000000,1980年,人
65,00700,全域,001,男,214,70～74歳,001,韓国・朝鮮,12000,千葉県,1980000000,1980年,人
400,00700,全域,001,男,214,70～74歳,001,韓国・朝鮮,13000,東京都,1980000000,1980年,人
205,00700,全域,001,男,214,70～74歳,001,韓国・朝鮮,14000,神奈川県,1980000000,1980年,人
30,00700,全域,001,男,214,70～74歳,001,韓国・朝鮮,15000,新潟県,1980000000,1980年,人
11,00700,全域,001,男,214,70～74歳,001,韓国・朝鮮,16000,富山県,1980000000,1980年,人
32,00700,全域,001,男,214,70～74歳,001,韓国・朝鮮,17000,石川県,1980000000,1980年,人
44,00700,全域,001,男,214,70～74歳,001,韓国・朝鮮,18000,福井県,1980000000,1980年,人
24,00700,全域,001,男,214,70～74歳,001,韓国・朝鮮,19000,山梨県,1980000000,1980年,人
56,00700,全域,001,男,214,70～74歳,001,韓国・朝鮮,20000,長野県,1980000000,1980年,人
97,00700,全域,001,男,214,70～74歳,001,韓国・朝鮮,21000,岐阜県,1980000000,1980年,人
46,00700,全域,001,男,214,70～74歳,001,韓国・朝鮮,22000,静岡県,1980000000,1980年,人
342,00700,全域,001,男,214,70～74歳,001,韓国・朝鮮,23000,愛知県,1980000000,1980年,人
67,00700,全域,001,男,214,70～74歳,001,韓国・朝鮮,24000,三重県,1980000000,1980年,人
52,00700,全域,001,男,214,70～74歳,001,韓国・朝鮮,25000,滋賀県,1980000000,1980年,人
336,00700,全域,001,男,214,70～74歳,001,韓国・朝鮮,26000,京都府,1980000000,1980年,人
1258,00700,全域,001,男,214,70～74歳,001,韓国・朝鮮,27000,大阪府,1980000000,1980年,人
442,00700,全域,001,男,214,70～74歳,001,韓国・朝鮮,28000,兵庫県,1980000000,1980年,人
43,00700,全域,001,男,214,70～74歳,001,韓国・朝鮮,29000,奈良県,1980000000,1980年,人
56,00700,全域,001,男,214,70～74歳,001,韓国・朝鮮,30000,和歌山県,1980000000,1980年,人
14,00700,全域,001,男,214,70～74歳,001,韓国・朝鮮,31000,鳥取県,1980000000,1980年,人
21,00700,全域,001,男,214,70～74歳,001,韓国・朝鮮,32000,島根県,1980000000,1980年,人
97,00700,全域,001,男,214,70～74歳,001,韓国・朝鮮,33000,岡山県,1980000000,1980年,人
97,00700,全域,001,男,214,70～74歳,001,韓国・朝鮮,34000,広島県,1980000000,1980年,人
134,00700,全域,001,男,214,70～74歳,001,韓国・朝鮮,35000,山口県,1980000000,1980年,人
7,00700,全域,001,男,214,70～74歳,001,韓国・朝鮮,36000,徳島県,1980000000,1980年,人
11,00700,全域,001,男,214,70～74歳,001,韓国・朝鮮,37000,香川県,1980000000,1980年,人
14,00700,全域,001,男,214,70～74歳,001,韓国・朝鮮,38000,愛媛県,1980000000,1980年,人
13,00700,全域,001,男,214,70～74歳,001,韓国・朝鮮,39000,高知県,1980000000,1980年,人
194,00700,全域,001,男,214,70～74歳,001,韓国・朝鮮,40000,福岡県,1980000000,1980年,人
19,00700,全域,001,男,214,70～74歳,001,韓国・朝鮮,41000,佐賀県,1980000000,1980年,人
31,00700,全域,001,男,214,70～74歳,001,韓国・朝鮮,42000,長崎県,1980000000,1980年,人
20,00700,全域,001,男,214,70～74歳,001,韓国・朝鮮,43000,熊本県,1980000000,1980年,人
29,00700,全域,001,男,214,70～74歳,001,韓国・朝鮮,44000,大分県,1980000000,1980年,人
20,00700,全域,001,男,214,70～74歳,001,韓国・朝鮮,45000,宮崎県,1980000000,1980年,人
6,00700,全域,001,男,214,70～74歳,001,韓国・朝鮮,46000,鹿児島県,1980000000,1980年,人
2,00700,全域,001,男,214,70～74歳,001,韓国・朝鮮,47000,沖縄県,1980000000,1980年,人
493,00700,全域,001,男,214,70～74歳,002,中国,00000,全国,1980000000,1980年,人
455,00700,全域,001,男,214,70～74歳,002,中国,00001,全国市部,1980000000,1980年,人
38,00700,全域,001,男,214,70～74歳,002,中国,00002,全国郡部,1980000000,1980年,人
7,00700,全域,001,男,214,70～74歳,002,中国,01000,北海道,1980000000,1980年,人
1,00700,全域,001,男,214,70～74歳,002,中国,02000,青森県,1980000000,1980年,人
1,00700,全域,001,男,214,70～74歳,002,中国,03000,岩手県,1980000000,1980年,人
3,00700,全域,001,男,214,70～74歳,002,中国,04000,宮城県,1980000000,1980年,人
1,00700,全域,001,男,214,70～74歳,002,中国,05000,秋田県,1980000000,1980年,人
2,00700,全域,001,男,214,70～74歳,002,中国,06000,山形県,1980000000,1980年,人
3,00700,全域,001,男,214,70～74歳,002,中国,07000,福島県,1980000000,1980年,人
1,00700,全域,001,男,214,70～74歳,002,中国,08000,茨城県,1980000000,1980年,人
1,00700,全域,001,男,214,70～74歳,002,中国,10000,群馬県,1980000000,1980年,人
6,00700,全域,001,男,214,70～74歳,002,中国,11000,埼玉県,1980000000,1980年,人
7,00700,全域,001,男,214,70～74歳,002,中国,12000,千葉県,1980000000,1980年,人
104,00700,全域,001,男,214,70～74歳,002,中国,13000,東京都,1980000000,1980年,人
60,00700,全域,001,男,214,70～74歳,002,中国,14000,神奈川県,1980000000,1980年,人
5,00700,全域,001,男,214,70～74歳,002,中国,15000,新潟県,1980000000,1980年,人
1,00700,全域,001,男,214,70～74歳,002,中国,17000,石川県,1980000000,1980年,人
2,00700,全域,001,男,214,70～74歳,002,中国,18000,福井県,1980000000,1980年,人
3,00700,全域,001,男,214,70～74歳,002,中国,19000,山梨県,1980000000,1980年,人
2,00700,全域,001,男,214,70～74歳,002,中国,20000,長野県,1980000000,1980年,人
1,00700,全域,001,男,214,70～74歳,002,中国,21000,岐阜県,1980000000,1980年,人
5,00700,全域,001,男,214,70～74歳,002,中国,22000,静岡県,1980000000,1980年,人
5,00700,全域,001,男,214,70～74歳,002,中国,23000,愛知県,1980000000,1980年,人
2,00700,全域,001,男,214,70～74歳,002,中国,24000,三重県,1980000000,1980年,人
2,00700,全域,001,男,214,70～74歳,002,中国,25000,滋賀県,1980000000,1980年,人
9,00700,全域,001,男,214,70～74歳,002,中国,26000,京都府,1980000000,1980年,人
61,00700,全域,001,男,214,70～74歳,002,中国,27000,大阪府,1980000000,1980年,人
113,00700,全域,001,男,214,70～74歳,002,中国,28000,兵庫県,1980000000,1980年,人
1,00700,全域,001,男,214,70～74歳,002,中国,29000,奈良県,1980000000,1980年,人
8,00700,全域,001,男,214,70～74歳,002,中国,30000,和歌山県,1980000000,1980年,人
1,00700,全域,001,男,214,70～74歳,002,中国,31000,鳥取県,1980000000,1980年,人
3,00700,全域,001,男,214,70～74歳,002,中国,32000,島根県,1980000000,1980年,人
3,00700,全域,001,男,214,70～74歳,002,中国,33000,岡山県,1980000000,1980年,人
2,00700,全域,001,男,214,70～74歳,002,中国,34000,広島県,1980000000,1980年,人
7,00700,全域,001,男,214,70～74歳,002,中国,35000,山口県,1980000000,1980年,人
2,00700,全域,001,男,214,70～74歳,002,中国,37000,香川県,1980000000,1980年,人
3,00700,全域,001,男,214,70～74歳,002,中国,38000,愛媛県,1980000000,1980年,人
1,00700,全域,001,男,214,70～74歳,002,中国,39000,高知県,1980000000,1980年,人
15,00700,全域,001,男,214,70～74歳,002,中国,40000,福岡県,1980000000,1980年,人
5,00700,全域,001,男,214,70～74歳,002,中国,41000,佐賀県,1980000000,1980年,人
7,00700,全域,001,男,214,70～74歳,002,中国,42000,長崎県,1980000000,1980年,人
6,00700,全域,001,男,214,70～74歳,002,中国,43000,熊本県,1980000000,1980年,人
8,00700,全域,001,男,214,70～74歳,002,中国,44000,大分県,1980000000,1980年,人
2,00700,全域,001,男,214,70～74歳,002,中国,45000,宮崎県,1980000000,1980年,人
5,00700,全域,001,男,214,70～74歳,002,中国,46000,鹿児島県,1980000000,1980年,人
6,00700,全域,001,男,214,70～74歳,002,中国,47000,沖縄県,1980000000,1980年,人
95,00700,全域,001,男,214,70～74歳,003,アメリカ,00000,全国,1980000000,1980年,人
86,00700,全域,001,男,214,70～74歳,003,アメリカ,00001,全国市部,1980000000,1980年,人
9,00700,全域,001,男,214,70～74歳,003,アメリカ,00002,全国郡部,1980000000,1980年,人
1,00700,全域,001,男,214,70～74歳,003,アメリカ,06000,山形県,1980000000,1980年,人
1,00700,全域,001,男,214,70～74歳,003,アメリカ,10000,群馬県,1980000000,1980年,人
2,00700,全域,001,男,214,70～74歳,003,アメリカ,11000,埼玉県,1980000000,1980年,人
1,00700,全域,001,男,214,70～74歳,003,アメリカ,12000,千葉県,1980000000,1980年,人
27,00700,全域,001,男,214,70～74歳,003,アメリカ,13000,東京都,1980000000,1980年,人
26,00700,全域,001,男,214,70～74歳,003,アメリカ,14000,神奈川県,1980000000,1980年,人
2,00700,全域,001,男,214,70～74歳,003,アメリカ,22000,静岡県,1980000000,1980年,人
3,00700,全域,001,男,214,70～74歳,003,アメリカ,23000,愛知県,1980000000,1980年,人
3,00700,全域,001,男,214,70～74歳,003,アメリカ,27000,大阪府,1980000000,1980年,人
2,00700,全域,001,男,214,70～74歳,003,アメリカ,28000,兵庫県,1980000000,1980年,人
3,00700,全域,001,男,214,70～74歳,003,アメリカ,30000,和歌山県,1980000000,1980年,人
1,00700,全域,001,男,214,70～74歳,003,アメリカ,33000,岡山県,1980000000,1980年,人
3,00700,全域,001,男,214,70～74歳,003,アメリカ,34000,広島県,1980000000,1980年,人
3,00700,全域,001,男,214,70～74歳,003,アメリカ,35000,山口県,1980000000,1980年,人
1,00700,全域,001,男,214,70～74歳,003,アメリカ,38000,愛媛県,1980000000,1980年,人
2,00700,全域,001,男,214,70～74歳,003,アメリカ,40000,福岡県,1980000000,1980年,人
3,00700,全域,001,男,214,70～74歳,003,アメリカ,42000,長崎県,1980000000,1980年,人
1,00700,全域,001,男,214,70～74歳,003,アメリカ,43000,熊本県,1980000000,1980年,人
1,00700,全域,001,男,214,70～74歳,003,アメリカ,45000,宮崎県,1980000000,1980年,人
2,00700,全域,001,男,214,70～74歳,003,アメリカ,46000,鹿児島県,1980000000,1980年,人
7,00700,全域,001,男,214,70～74歳,003,アメリカ,47000,沖縄県,1980000000,1980年,人
121,00700,全域,001,男,214,70～74歳,004,その他,00000,全国,1980000000,1980年,人
115,00700,全域,001,男,214,70～74歳,004,その他,00001,全国市部,1980000000,1980年,人
6,00700,全域,001,男,214,70～74歳,004,その他,00002,全国郡部,1980000000,1980年,人
2,00700,全域,001,男,214,70～74歳,004,その他,01000,北海道,1980000000,1980年,人
1,00700,全域,001,男,214,70～74歳,004,その他,05000,秋田県,1980000000,1980年,人
1,00700,全域,001,男,214,70～74歳,004,その他,07000,福島県,1980000000,1980年,人
3,00700,全域,001,男,214,70～74歳,004,その他,09000,栃木県,1980000000,1980年,人
1,00700,全域,001,男,214,70～74歳,004,その他,11000,埼玉県,1980000000,1980年,人
2,00700,全域,001,男,214,70～74歳,004,その他,12000,千葉県,1980000000,1980年,人
40,00700,全域,001,男,214,70～74歳,004,その他,13000,東京都,1980000000,1980年,人
13,00700,全域,001,男,214,70～74歳,004,その他,14000,神奈川県,1980000000,1980年,人
1,00700,全域,001,男,214,70～74歳,004,その他,15000,新潟県,1980000000,1980年,人
1,00700,全域,001,男,214,70～74歳,004,その他,22000,静岡県,1980000000,1980年,人
9,00700,全域,001,男,214,70～74歳,004,その他,23000,愛知県,1980000000,1980年,人
1,00700,全域,001,男,214,70～74歳,004,その他,25000,滋賀県,1980000000,1980年,人
1,00700,全域,001,男,214,70～74歳,004,その他,26000,京都府,1980000000,1980年,人
3,00700,全域,001,男,214,70～74歳,004,その他,27000,大阪府,1980000000,1980年,人
21,00700,全域,001,男,214,70～74歳,004,その他,28000,兵庫県,1980000000,1980年,人
1,00700,全域,001,男,214,70～74歳,004,その他,31000,鳥取県,1980000000,1980年,人
1,00700,全域,001,男,214,70～74歳,004,その他,33000,岡山県,1980000000,1980年,人
4,00700,全域,001,男,214,70～74歳,004,その他,34000,広島県,1980000000,1980年,人
2,00700,全域,001,男,214,70～74歳,004,その他,35000,山口県,1980000000,1980年,人
3,00700,全域,001,男,214,70～74歳,004,その他,40000,福岡県,1980000000,1980年,人
3,00700,全域,001,男,214,70～74歳,004,その他,42000,長崎県,1980000000,1980年,人
2,00700,全域,001,男,214,70～74歳,004,その他,43000,熊本県,1980000000,1980年,人
2,00700,全域,001,男,214,70～74歳,004,その他,44000,大分県,1980000000,1980年,人
1,00700,全域,001,男,214,70～74歳,004,その他,46000,鹿児島県,1980000000,1980年,人
2,00700,全域,001,男,214,70～74歳,004,その他,47000,沖縄県,1980000000,1980年,人
2872,00700,全域,001,男,215,75～79歳,000,国籍総数,00000,全国,1980000000,1980年,人
2496,00700,全域,001,男,215,75～79歳,000,国籍総数,00001,全国市部,1980000000,1980年,人
376,00700,全域,001,男,215,75～79歳,000,国籍総数,00002,全国郡部,1980000000,1980年,人
56,00700,全域,001,男,215,75～79歳,000,国籍総数,01000,北海道,1980000000,1980年,人
8,00700,全域,001,男,215,75～79歳,000,国籍総数,02000,青森県,1980000000,1980年,人
9,00700,全域,001,男,215,75～79歳,000,国籍総数,03000,岩手県,1980000000,1980年,人
22,00700,全域,001,男,215,75～79歳,000,国籍総数,04000,宮城県,1980000000,1980年,人
9,00700,全域,001,男,215,75～79歳,000,国籍総数,05000,秋田県,1980000000,1980年,人
5,00700,全域,001,男,215,75～79歳,000,国籍総数,06000,山形県,1980000000,1980年,人
17,00700,全域,001,男,215,75～79歳,000,国籍総数,07000,福島県,1980000000,1980年,人
18,00700,全域,001,男,215,75～79歳,000,国籍総数,08000,茨城県,1980000000,1980年,人
18,00700,全域,001,男,215,75～79歳,000,国籍総数,09000,栃木県,1980000000,1980年,人
16,00700,全域,001,男,215,75～79歳,000,国籍総数,10000,群馬県,1980000000,1980年,人
31,00700,全域,001,男,215,75～79歳,000,国籍総数,11000,埼玉県,1980000000,1980年,人
44,00700,全域,001,男,215,75～79歳,000,国籍総数,12000,千葉県,1980000000,1980年,人
317,00700,全域,001,男,215,75～79歳,000,国籍総数,13000,東京都,1980000000,1980年,人
181,00700,全域,001,男,215,75～79歳,000,国籍総数,14000,神奈川県,1980000000,1980年,人
11,00700,全域,001,男,215,75～79歳,000,国籍総数,15000,新潟県,1980000000,1980年,人
4,00700,全域,001,男,215,75～79歳,000,国籍総数,16000,富山県,1980000000,1980年,人
14,00700,全域,001,男,215,75～79歳,000,国籍総数,17000,石川県,1980000000,1980年,人
23,00700,全域,001,男,215,75～79歳,000,国籍総数,18000,福井県,1980000000,1980年,人
12,00700,全域,001,男,215,75～79歳,000,国籍総数,19000,山梨県,1980000000,1980年,人
32,00700,全域,001,男,215,75～79歳,000,国籍総数,20000,長野県,1980000000,1980年,人
61,00700,全域,001,男,215,75～79歳,000,国籍総数,21000,岐阜県,1980000000,1980年,人
30,00700,全域,001,男,215,75～79歳,000,国籍総数,22000,静岡県,1980000000,1980年,人
193,00700,全域,001,男,215,75～79歳,000,国籍総数,23000,愛知県,1980000000,1980年,人
43,00700,全域,001,男,215,75～79歳,000,国籍総数,24000,三重県,1980000000,1980年,人
33,00700,全域,001,男,215,75～79歳,000,国籍総数,25000,滋賀県,1980000000,1980年,人
191,00700,全域,001,男,215,75～79歳,000,国籍総数,26000,京都府,1980000000,1980年,人
640,00700,全域,001,男,215,75～79歳,000,国籍総数,27000,大阪府,1980000000,1980年,人
297,00700,全域,001,男,215,75～79歳,000,国籍総数,28000,兵庫県,1980000000,1980年,人
33,00700,全域,001,男,215,75～79歳,000,国籍総数,29000,奈良県,1980000000,1980年,人
23,00700,全域,001,男,215,75～79歳,000,国籍総数,30000,和歌山県,1980000000,1980年,人
9,00700,全域,001,男,215,75～79歳,000,国籍総数,31000,鳥取県,1980000000,1980年,人
16,00700,全域,001,男,215,75～79歳,000,国籍総数,32000,島根県,1980000000,1980年,人
46,00700,全域,001,男,215,75～79歳,000,国籍総数,33000,岡山県,1980000000,1980年,人
77,00700,全域,001,男,215,75～79歳,000,国籍総数,34000,広島県,1980000000,1980年,人
64,00700,全域,001,男,215,75～79歳,000,国籍総数,35000,山口県,1980000000,1980年,人
9,00700,全域,001,男,215,75～79歳,000,国籍総数,37000,香川県,1980000000,1980年,人
16,00700,全域,001,男,215,75～79歳,000,国籍総数,38000,愛媛県,1980000000,1980年,人
8,00700,全域,001,男,215,75～79歳,000,国籍総数,39000,高知県,1980000000,1980年,人
125,00700,全域,001,男,215,75～79歳,000,国籍総数,40000,福岡県,1980000000,1980年,人
15,00700,全域,001,男,215,75～79歳,000,国籍総数,41000,佐賀県,1980000000,1980年,人
28,00700,全域,001,男,215,75～79歳,000,国籍総数,42000,長崎県,1980000000,1980年,人
17,00700,全域,001,男,215,75～79歳,000,国籍総数,43000,熊本県,1980000000,1980年,人
19,00700,全域,001,男,215,75～79歳,000,国籍総数,44000,大分県,1980000000,1980年,人
6,00700,全域,001,男,215,75～79歳,000,国籍総数,45000,宮崎県,1980000000,1980年,人
14,00700,全域,001,男,215,75～79歳,000,国籍総数,46000,鹿児島県,1980000000,1980年,人
12,00700,全域,001,男,215,75～79歳,000,国籍総数,47000,沖縄県,1980000000,1980年,人
2341,00700,全域,001,男,215,75～79歳,001,韓国・朝鮮,00000,全国,1980000000,1980年,人
2017,00700,全域,001,男,215,75～79歳,001,韓国・朝鮮,00001,全国市部,1980000000,1980年,人
324,00700,全域,001,男,215,75～79歳,001,韓国・朝鮮,00002,全国郡部,1980000000,1980年,人
48,00700,全域,001,男,215,75～79歳,001,韓国・朝鮮,01000,北海道,1980000000,1980年,人
7,00700,全域,001,男,215,75～79歳,001,韓国・朝鮮,02000,青森県,1980000000,1980年,人
9,00700,全域,001,男,215,75～79歳,001,韓国・朝鮮,03000,岩手県,1980000000,1980年,人
16,00700,全域,001,男,215,75～79歳,001,韓国・朝鮮,04000,宮城県,1980000000,1980年,人
8,00700,全域,001,男,215,75～79歳,001,韓国・朝鮮,05000,秋田県,1980000000,1980年,人
3,00700,全域,001,男,215,75～79歳,001,韓国・朝鮮,06000,山形県,1980000000,1980年,人
15,00700,全域,001,男,215,75～79歳,001,韓国・朝鮮,07000,福島県,1980000000,1980年,人
17,00700,全域,001,男,215,75～79歳,001,韓国・朝鮮,08000,茨城県,1980000000,1980年,人
13,00700,全域,001,男,215,75～79歳,001,韓国・朝鮮,09000,栃木県,1980000000,1980年,人
13,00700,全域,001,男,215,75～79歳,001,韓国・朝鮮,10000,群馬県,1980000000,1980年,人
29,00700,全域,001,男,215,75～79歳,001,韓国・朝鮮,11000,埼玉県,1980000000,1980年,人
33,00700,全域,001,男,215,75～79歳,001,韓国・朝鮮,12000,千葉県,1980000000,1980年,人
210,00700,全域,001,男,215,75～79歳,001,韓国・朝鮮,13000,東京都,1980000000,1980年,人
96,00700,全域,001,男,215,75～79歳,001,韓国・朝鮮,14000,神奈川県,1980000000,1980年,人
7,00700,全域,001,男,215,75～79歳,001,韓国・朝鮮,15000,新潟県,1980000000,1980年,人
4,00700,全域,001,男,215,75～79歳,001,韓国・朝鮮,16000,富山県,1980000000,1980年,人
14,00700,全域,001,男,215,75～79歳,001,韓国・朝鮮,17000,石川県,1980000000,1980年,人
19,00700,全域,001,男,215,75～79歳,001,韓国・朝鮮,18000,福井県,1980000000,1980年,人
11,00700,全域,001,男,215,75～79歳,001,韓国・朝鮮,19000,山梨県,1980000000,1980年,人
29,00700,全域,001,男,215,75～79歳,001,韓国・朝鮮,20000,長野県,1980000000,1980年,人
58,00700,全域,001,男,215,75～79歳,001,韓国・朝鮮,21000,岐阜県,1980000000,1980年,人
24,00700,全域,001,男,215,75～79歳,001,韓国・朝鮮,22000,静岡県,1980000000,1980年,人
181,00700,全域,001,男,215,75～79歳,001,韓国・朝鮮,23000,愛知県,1980000000,1980年,人
41,00700,全域,001,男,215,75～79歳,001,韓国・朝鮮,24000,三重県,1980000000,1980年,人
31,00700,全域,001,男,215,75～79歳,001,韓国・朝鮮,25000,滋賀県,1980000000,1980年,人
183,00700,全域,001,男,215,75～79歳,001,韓国・朝鮮,26000,京都府,1980000000,1980年,人
586,00700,全域,001,男,215,75～79歳,001,韓国・朝鮮,27000,大阪府,1980000000,1980年,人
209,00700,全域,001,男,215,75～79歳,001,韓国・朝鮮,28000,兵庫県,1980000000,1980年,人
28,00700,全域,001,男,215,75～79歳,001,韓国・朝鮮,29000,奈良県,1980000000,1980年,人
18,00700,全域,001,男,215,75～79歳,001,韓国・朝鮮,30000,和歌山県,1980000000,1980年,人
9,00700,全域,001,男,215,75～79歳,001,韓国・朝鮮,31000,鳥取県,1980000000,1980年,人
12,00700,全域,001,男,215,75～79歳,001,韓国・朝鮮,32000,島根県,1980000000,1980年,人
41,00700,全域,001,男,215,75～79歳,001,韓国・朝鮮,33000,岡山県,1980000000,1980年,人
68,00700,全域,001,男,215,75～79歳,001,韓国・朝鮮,34000,広島県,1980000000,1980年,人
59,00700,全域,001,男,215,75～79歳,001,韓国・朝鮮,35000,山口県,1980000000,1980年,人
7,00700,全域,001,男,215,75～79歳,001,韓国・朝鮮,37000,香川県,1980000000,1980年,人
8,00700,全域,001,男,215,75～79歳,001,韓国・朝鮮,38000,愛媛県,1980000000,1980年,人
7,00700,全域,001,男,215,75～79歳,001,韓国・朝鮮,39000,高知県,1980000000,1980年,人
111,00700,全域,001,男,215,75～79歳,001,韓国・朝鮮,40000,福岡県,1980000000,1980年,人
12,00700,全域,001,男,215,75～79歳,001,韓国・朝鮮,41000,佐賀県,1980000000,1980年,人
13,00700,全域,001,男,215,75～79歳,001,韓国・朝鮮,42000,長崎県,1980000000,1980年,人
10,00700,全域,001,男,215,75～79歳,001,韓国・朝鮮,43000,熊本県,1980000000,1980年,人
14,00700,全域,001,男,215,75～79歳,001,韓国・朝鮮,44000,大分県,1980000000,1980年,人
4,00700,全域,001,男,215,75～79歳,001,韓国・朝鮮,45000,宮崎県,1980000000,1980年,人
5,00700,全域,001,男,215,75～79歳,001,韓国・朝鮮,46000,鹿児島県,1980000000,1980年,人
1,00700,全域,001,男,215,75～79歳,001,韓国・朝鮮,47000,沖縄県,1980000000,1980年,人
296,00700,全域,001,男,215,75～79歳,002,中国,00000,全国,1980000000,1980年,人
280,00700,全域,001,男,215,75～79歳,002,中国,00001,全国市部,1980000000,1980年,人
16,00700,全域,001,男,215,75～79歳,002,中国,00002,全国郡部,1980000000,1980年,人
5,00700,全域,001,男,215,75～79歳,002,中国,01000,北海道,1980000000,1980年,人
1,00700,全域,001,男,215,75～79歳,002,中国,02000,青森県,1980000000,1980年,人
5,00700,全域,001,男,215,75～79歳,002,中国,04000,宮城県,1980000000,1980年,人
1,00700,全域,001,男,215,75～79歳,002,中国,06000,山形県,1980000000,1980年,人
1,00700,全域,001,男,215,75～79歳,002,中国,07000,福島県,1980000000,1980年,人
2,00700,全域,001,男,215,75～79歳,002,中国,09000,栃木県,1980000000,1980年,人
3,00700,全域,001,男,215,75～79歳,002,中国,10000,群馬県,1980000000,1980年,人
2,00700,全域,001,男,215,75～79歳,002,中国,11000,埼玉県,1980000000,1980年,人
9,00700,全域,001,男,215,75～79歳,002,中国,12000,千葉県,1980000000,1980年,人
55,00700,全域,001,男,215,75～79歳,002,中国,13000,東京都,1980000000,1980年,人
49,00700,全域,001,男,215,75～79歳,002,中国,14000,神奈川県,1980000000,1980年,人
4,00700,全域,001,男,215,75～79歳,002,中国,15000,新潟県,1980000000,1980年,人
3,00700,全域,001,男,215,75～79歳,002,中国,18000,福井県,1980000000,1980年,人
1,00700,全域,001,男,215,75～79歳,002,中国,20000,長野県,1980000000,1980年,人
1,00700,全域,001,男,215,75～79歳,002,中国,21000,岐阜県,1980000000,1980年,人
1,00700,全域,001,男,215,75～79歳,002,中国,22000,静岡県,1980000000,1980年,人
4,00700,全域,001,男,215,75～79歳,002,中国,23000,愛知県,1980000000,1980年,人
1,00700,全域,001,男,215,75～79歳,002,中国,25000,滋賀県,1980000000,1980年,人
4,00700,全域,001,男,215,75～79歳,002,中国,26000,京都府,1980000000,1980年,人
39,00700,全域,001,男,215,75～79歳,002,中国,27000,大阪府,1980000000,1980年,人
61,00700,全域,001,男,215,75～79歳,002,中国,28000,兵庫県,1980000000,1980年,人
4,00700,全域,001,男,215,75～79歳,002,中国,29000,奈良県,1980000000,1980年,人
1,00700,全域,001,男,215,75～79歳,002,中国,30000,和歌山県,1980000000,1980年,人
2,00700,全域,001,男,215,75～79歳,002,中国,32000,島根県,1980000000,1980年,人
3,00700,全域,001,男,215,75～79歳,002,中国,33000,岡山県,1980000000,1980年,人
1,00700,全域,001,男,215,75～79歳,002,中国,34000,広島県,1980000000,1980年,人
2,00700,全域,001,男,215,75～79歳,002,中国,37000,香川県,1980000000,1980年,人
2,00700,全域,001,男,215,75～79歳,002,中国,38000,愛媛県,1980000000,1980年,人
6,00700,全域,001,男,215,75～79歳,002,中国,40000,福岡県,1980000000,1980年,人
1,00700,全域,001,男,215,75～79歳,002,中国,41000,佐賀県,1980000000,1980年,人
13,00700,全域,001,男,215,75～79歳,002,中国,42000,長崎県,1980000000,1980年,人
2,00700,全域,001,男,215,75～79歳,002,中国,43000,熊本県,1980000000,1980年,人
2,00700,全域,001,男,215,75～79歳,002,中国,44000,大分県,1980000000,1980年,人
2,00700,全域,001,男,215,75～79歳,002,中国,45000,宮崎県,1980000000,1980年,人
3,00700,全域,001,男,215,75～79歳,002,中国,46000,鹿児島県,1980000000,1980年,人
69,00700,全域,001,男,215,75～79歳,003,アメリカ,00000,全国,1980000000,1980年,人
54,00700,全域,001,男,215,75～79歳,003,アメリカ,00001,全国市部,1980000000,1980年,人
15,00700,全域,001,男,215,75～79歳,003,アメリカ,00002,全国郡部,1980000000,1980年,人
1,00700,全域,001,男,215,75～79歳,003,アメリカ,04000,宮城県,1980000000,1980年,人
1,00700,全域,001,男,215,75～79歳,003,アメリカ,08000,茨城県,1980000000,1980年,人
1,00700,全域,001,男,215,75～79歳,003,アメリカ,12000,千葉県,1980000000,1980年,人
9,00700,全域,001,男,215,75～79歳,003,アメリカ,13000,東京都,1980000000,1980年,人
16,00700,全域,001,男,215,75～79歳,003,アメリカ,14000,神奈川県,1980000000,1980年,人
1,00700,全域,001,男,215,75～79歳,003,アメリカ,18000,福井県,1980000000,1980年,人
3,00700,全域,001,男,215,75～79歳,003,アメリカ,22000,静岡県,1980000000,1980年,人
2,00700,全域,001,男,215,75～79歳,003,アメリカ,23000,愛知県,1980000000,1980年,人
1,00700,全域,001,男,215,75～79歳,003,アメリカ,26000,京都府,1980000000,1980年,人
1,00700,全域,001,男,215,75～79歳,003,アメリカ,27000,大阪府,1980000000,1980年,人
2,00700,全域,001,男,215,75～79歳,003,アメリカ,28000,兵庫県,1980000000,1980年,人
2,00700,全域,001,男,215,75～79歳,003,アメリカ,30000,和歌山県,1980000000,1980年,人
1,00700,全域,001,男,215,75～79歳,003,アメリカ,33000,岡山県,1980000000,1980年,人
6,00700,全域,001,男,215,75～79歳,003,アメリカ,34000,広島県,1980000000,1980年,人
4,00700,全域,001,男,215,75～79歳,003,アメリカ,35000,山口県,1980000000,1980年,人
2,00700,全域,001,男,215,75～79歳,003,アメリカ,38000,愛媛県,1980000000,1980年,人
1,00700,全域,001,男,215,75～79歳,003,アメリカ,39000,高知県,1980000000,1980年,人
1,00700,全域,001,男,215,75～79歳,003,アメリカ,40000,福岡県,1980000000,1980年,人
1,00700,全域,001,男,215,75～79歳,003,アメリカ,43000,熊本県,1980000000,1980年,人
2,00700,全域,001,男,215,75～79歳,003,アメリカ,44000,大分県,1980000000,1980年,人
3,00700,全域,001,男,215,75～79歳,003,アメリカ,46000,鹿児島県,1980000000,1980年,人
8,00700,全域,001,男,215,75～79歳,003,アメリカ,47000,沖縄県,1980000000,1980年,人
87,00700,全域,001,男,215,75～79歳,004,その他,00000,全国,1980000000,1980年,人
83,00700,全域,001,男,215,75～79歳,004,その他,00001,全国市部,1980000000,1980年,人
4,00700,全域,001,男,215,75～79歳,004,その他,00002,全国郡部,1980000000,1980年,人
1,00700,全域,001,男,215,75～79歳,004,その他,01000,北海道,1980000000,1980年,人
1,00700,全域,001,男,215,75～79歳,004,その他,07000,福島県,1980000000,1980年,人
1,00700,全域,001,男,215,75～79歳,004,その他,09000,栃木県,1980000000,1980年,人
30,00700,全域,001,男,215,75～79歳,004,その他,13000,東京都,1980000000,1980年,人
13,00700,全域,001,男,215,75～79歳,004,その他,14000,神奈川県,1980000000,1980年,人
1,00700,全域,001,男,215,75～79歳,004,その他,19000,山梨県,1980000000,1980年,人
2,00700,全域,001,男,215,75～79歳,004,その他,20000,長野県,1980000000,1980年,人
1,00700,全域,001,男,215,75～79歳,004,その他,21000,岐阜県,1980000000,1980年,人
1,00700,全域,001,男,215,75～79歳,004,その他,22000,静岡県,1980000000,1980年,人
4,00700,全域,001,男,215,75～79歳,004,その他,23000,愛知県,1980000000,1980年,人
1,00700,全域,001,男,215,75～79歳,004,その他,27000,大阪府,1980000000,1980年,人
17,00700,全域,001,男,215,75～79歳,004,その他,28000,兵庫県,1980000000,1980年,人
1,00700,全域,001,男,215,75～79歳,004,その他,34000,広島県,1980000000,1980年,人
1,00700,全域,001,男,215,75～79歳,004,その他,35000,山口県,1980000000,1980年,人
1,00700,全域,001,男,215,75～79歳,004,その他,38000,愛媛県,1980000000,1980年,人
3,00700,全域,001,男,215,75～79歳,004,その他,40000,福岡県,1980000000,1980年,人
2,00700,全域,001,男,215,75～79歳,004,その他,41000,佐賀県,1980000000,1980年,人
2,00700,全域,001,男,215,75～79歳,004,その他,42000,長崎県,1980000000,1980年,人
1,00700,全域,001,男,215,75～79歳,004,その他,43000,熊本県,1980000000,1980年,人
1,00700,全域,001,男,215,75～79歳,004,その他,46000,鹿児島県,1980000000,1980年,人
2,00700,全域,001,男,215,75～79歳,004,その他,47000,沖縄県,1980000000,1980年,人
1043,00700,全域,001,男,216,80～84歳,000,国籍総数,00000,全国,1980000000,1980年,人
906,00700,全域,001,男,216,80～84歳,000,国籍総数,00001,全国市部,1980000000,1980年,人
137,00700,全域,001,男,216,80～84歳,000,国籍総数,00002,全国郡部,1980000000,1980年,人
14,00700,全域,001,男,216,80～84歳,000,国籍総数,01000,北海道,1980000000,1980年,人
6,00700,全域,001,男,216,80～84歳,000,国籍総数,02000,青森県,1980000000,1980年,人
3,00700,全域,001,男,216,80～84歳,000,国籍総数,03000,岩手県,1980000000,1980年,人
5,00700,全域,001,男,216,80～84歳,000,国籍総数,04000,宮城県,1980000000,1980年,人
3,00700,全域,001,男,216,80～84歳,000,国籍総数,06000,山形県,1980000000,1980年,人
7,00700,全域,001,男,216,80～84歳,000,国籍総数,07000,福島県,1980000000,1980年,人
12,00700,全域,001,男,216,80～84歳,000,国籍総数,08000,茨城県,1980000000,1980年,人
3,00700,全域,001,男,216,80～84歳,000,国籍総数,09000,栃木県,1980000000,1980年,人
8,00700,全域,001,男,216,80～84歳,000,国籍総数,10000,群馬県,1980000000,1980年,人
15,00700,全域,001,男,216,80～84歳,000,国籍総数,11000,埼玉県,1980000000,1980年,人
18,00700,全域,001,男,216,80～84歳,000,国籍総数,12000,千葉県,1980000000,1980年,人
109,00700,全域,001,男,216,80～84歳,000,国籍総数,13000,東京都,1980000000,1980年,人
71,00700,全域,001,男,216,80～84歳,000,国籍総数,14000,神奈川県,1980000000,1980年,人
6,00700,全域,001,男,216,80～84歳,000,国籍総数,15000,新潟県,1980000000,1980年,人
7,00700,全域,001,男,216,80～84歳,000,国籍総数,16000,富山県,1980000000,1980年,人
4,00700,全域,001,男,216,80～84歳,000,国籍総数,17000,石川県,1980000000,1980年,人
10,00700,全域,001,男,216,80～84歳,000,国籍総数,18000,福井県,1980000000,1980年,人
3,00700,全域,001,男,216,80～84歳,000,国籍総数,19000,山梨県,1980000000,1980年,人
13,00700,全域,001,男,216,80～84歳,000,国籍総数,20000,長野県,1980000000,1980年,人
28,00700,全域,001,男,216,80～84歳,000,国籍総数,21000,岐阜県,1980000000,1980年,人
14,00700,全域,001,男,216,80～84歳,000,国籍総数,22000,静岡県,1980000000,1980年,人
90,00700,全域,001,男,216,80～84歳,000,国籍総数,23000,愛知県,1980000000,1980年,人
8,00700,全域,001,男,216,80～84歳,000,国籍総数,24000,三重県,1980000000,1980年,人
13,00700,全域,001,男,216,80～84歳,000,国籍総数,25000,滋賀県,1980000000,1980年,人
66,00700,全域,001,男,216,80～84歳,000,国籍総数,26000,京都府,1980000000,1980年,人
188,00700,全域,001,男,216,80～84歳,000,国籍総数,27000,大阪府,1980000000,1980年,人
112,00700,全域,001,男,216,80～84歳,000,国籍総数,28000,兵庫県,1980000000,1980年,人
3,00700,全域,001,男,216,80～84歳,000,国籍総数,29000,奈良県,1980000000,1980年,人
13,00700,全域,001,男,216,80～84歳,000,国籍総数,30000,和歌山県,1980000000,1980年,人
8,00700,全域,001,男,216,80～84歳,000,国籍総数,31000,鳥取県,1980000000,1980年,人
3,00700,全域,001,男,216,80～84歳,000,国籍総数,32000,島根県,1980000000,1980年,人
18,00700,全域,001,男,216,80～84歳,000,国籍総数,33000,岡山県,1980000000,1980年,人
31,00700,全域,001,男,216,80～84歳,000,国籍総数,34000,広島県,1980000000,1980年,人
23,00700,全域,001,男,216,80～84歳,000,国籍総数,35000,山口県,1980000000,1980年,人
2,00700,全域,001,男,216,80～84歳,000,国籍総数,37000,香川県,1980000000,1980年,人
7,00700,全域,001,男,216,80～84歳,000,国籍総数,38000,愛媛県,1980000000,1980年,人
47,00700,全域,001,男,216,80～84歳,000,国籍総数,40000,福岡県,1980000000,1980年,人
4,00700,全域,001,男,216,80～84歳,000,国籍総数,41000,佐賀県,1980000000,1980年,人
11,00700,全域,001,男,216,80～84歳,000,国籍総数,42000,長崎県,1980000000,1980年,人
12,00700,全域,001,男,216,80～84歳,000,国籍総数,43000,熊本県,1980000000,1980年,人
12,00700,全域,001,男,216,80～84歳,000,国籍総数,44000,大分県,1980000000,1980年,人
3,00700,全域,001,男,216,80～84歳,000,国籍総数,45000,宮崎県,1980000000,1980年,人
8,00700,全域,001,男,216,80～84歳,000,国籍総数,46000,鹿児島県,1980000000,1980年,人
2,00700,全域,001,男,216,80～84歳,000,国籍総数,47000,沖縄県,1980000000,1980年,人
823,00700,全域,001,男,216,80～84歳,001,韓国・朝鮮,00000,全国,1980000000,1980年,人
713,00700,全域,001,男,216,80～84歳,001,韓国・朝鮮,00001,全国市部,1980000000,1980年,人
110,00700,全域,001,男,216,80～84歳,001,韓国・朝鮮,00002,全国郡部,1980000000,1980年,人
14,00700,全域,001,男,216,80～84歳,001,韓国・朝鮮,01000,北海道,1980000000,1980年,人
3,00700,全域,001,男,216,80～84歳,001,韓国・朝鮮,02000,青森県,1980000000,1980年,人
2,00700,全域,001,男,216,80～84歳,001,韓国・朝鮮,03000,岩手県,1980000000,1980年,人
4,00700,全域,001,男,216,80～84歳,001,韓国・朝鮮,04000,宮城県,1980000000,1980年,人
3,00700,全域,001,男,216,80～84歳,001,韓国・朝鮮,06000,山形県,1980000000,1980年,人
6,00700,全域,001,男,216,80～84歳,001,韓国・朝鮮,07000,福島県,1980000000,1980年,人
9,00700,全域,001,男,216,80～84歳,001,韓国・朝鮮,08000,茨城県,1980000000,1980年,人
3,00700,全域,001,男,216,80～84歳,001,韓国・朝鮮,09000,栃木県,1980000000,1980年,人
7,00700,全域,001,男,216,80～84歳,001,韓国・朝鮮,10000,群馬県,1980000000,1980年,人
12,00700,全域,001,男,216,80～84歳,001,韓国・朝鮮,11000,埼玉県,1980000000,1980年,人
13,00700,全域,001,男,216,80～84歳,001,韓国・朝鮮,12000,千葉県,1980000000,1980年,人
68,00700,全域,001,男,216,80～84歳,001,韓国・朝鮮,13000,東京都,1980000000,1980年,人
36,00700,全域,001,男,216,80～84歳,001,韓国・朝鮮,14000,神奈川県,1980000000,1980年,人
3,00700,全域,001,男,216,80～84歳,001,韓国・朝鮮,15000,新潟県,1980000000,1980年,人
5,00700,全域,001,男,216,80～84歳,001,韓国・朝鮮,16000,富山県,1980000000,1980年,人
3,00700,全域,001,男,216,80～84歳,001,韓国・朝鮮,17000,石川県,1980000000,1980年,人
10,00700,全域,001,男,216,80～84歳,001,韓国・朝鮮,18000,福井県,1980000000,1980年,人
2,00700,全域,001,男,216,80～84歳,001,韓国・朝鮮,19000,山梨県,1980000000,1980年,人
9,00700,全域,001,男,216,80～84歳,001,韓国・朝鮮,20000,長野県,1980000000,1980年,人
26,00700,全域,001,男,216,80～84歳,001,韓国・朝鮮,21000,岐阜県,1980000000,1980年,人
10,00700,全域,001,男,216,80～84歳,001,韓国・朝鮮,22000,静岡県,1980000000,1980年,人
86,00700,全域,001,男,216,80～84歳,001,韓国・朝鮮,23000,愛知県,1980000000,1980年,人
8,00700,全域,001,男,216,80～84歳,001,韓国・朝鮮,24000,三重県,1980000000,1980年,人
12,00700,全域,001,男,216,80～84歳,001,韓国・朝鮮,25000,滋賀県,1980000000,1980年,人
60,00700,全域,001,男,216,80～84歳,001,韓国・朝鮮,26000,京都府,1980000000,1980年,人
174,00700,全域,001,男,216,80～84歳,001,韓国・朝鮮,27000,大阪府,1980000000,1980年,人
75,00700,全域,001,男,216,80～84歳,001,韓国・朝鮮,28000,兵庫県,1980000000,1980年,人
3,00700,全域,001,男,216,80～84歳,001,韓国・朝鮮,29000,奈良県,1980000000,1980年,人
12,00700,全域,001,男,216,80～84歳,001,韓国・朝鮮,30000,和歌山県,1980000000,1980年,人
5,00700,全域,001,男,216,80～84歳,001,韓国・朝鮮,31000,鳥取県,1980000000,1980年,人
2,00700,全域,001,男,216,80～84歳,001,韓国・朝鮮,32000,島根県,1980000000,1980年,人
18,00700,全域,001,男,216,80～84歳,001,韓国・朝鮮,33000,岡山県,1980000000,1980年,人
23,00700,全域,001,男,216,80～84歳,001,韓国・朝鮮,34000,広島県,1980000000,1980年,人
21,00700,全域,001,男,216,80～84歳,001,韓国・朝鮮,35000,山口県,1980000000,1980年,人
6,00700,全域,001,男,216,80～84歳,001,韓国・朝鮮,38000,愛媛県,1980000000,1980年,人
39,00700,全域,001,男,216,80～84歳,001,韓国・朝鮮,40000,福岡県,1980000000,1980年,人
4,00700,全域,001,男,216,80～84歳,001,韓国・朝鮮,41000,佐賀県,1980000000,1980年,人
6,00700,全域,001,男,216,80～84歳,001,韓国・朝鮮,42000,長崎県,1980000000,1980年,人
8,00700,全域,001,男,216,80～84歳,001,韓国・朝鮮,43000,熊本県,1980000000,1980年,人
9,00700,全域,001,男,216,80～84歳,001,韓国・朝鮮,44000,大分県,1980000000,1980年,人
3,00700,全域,001,男,216,80～84歳,001,韓国・朝鮮,45000,宮崎県,1980000000,1980年,人
1,00700,全域,001,男,216,80～84歳,001,韓国・朝鮮,46000,鹿児島県,1980000000,1980年,人
105,00700,全域,001,男,216,80～84歳,002,中国,00000,全国,1980000000,1980年,人
98,00700,全域,001,男,216,80～84歳,002,中国,00001,全国市部,1980000000,1980年,人
7,00700,全域,001,男,216,80～84歳,002,中国,00002,全国郡部,1980000000,1980年,人
1,00700,全域,001,男,216,80～84歳,002,中国,02000,青森県,1980000000,1980年,人
1,00700,全域,001,男,216,80～84歳,002,中国,03000,岩手県,1980000000,1980年,人
1,00700,全域,001,男,216,80～84歳,002,中国,04000,宮城県,1980000000,1980年,人
1,00700,全域,001,男,216,80～84歳,002,中国,08000,茨城県,1980000000,1980年,人
1,00700,全域,001,男,216,80～84歳,002,中国,10000,群馬県,1980000000,1980年,人
1,00700,全域,001,男,216,80～84歳,002,中国,11000,埼玉県,1980000000,1980年,人
2,00700,全域,001,男,216,80～84歳,002,中国,12000,千葉県,1980000000,1980年,人
18,00700,全域,001,男,216,80～84歳,002,中国,13000,東京都,1980000000,1980年,人
16,00700,全域,001,男,216,80～84歳,002,中国,14000,神奈川県,1980000000,1980年,人
3,00700,全域,001,男,216,80～84歳,002,中国,15000,新潟県,1980000000,1980年,人
1,00700,全域,001,男,216,80～84歳,002,中国,16000,富山県,1980000000,1980年,人
1,00700,全域,001,男,216,80～84歳,002,中国,17000,石川県,1980000000,1980年,人
3,00700,全域,001,男,216,80～84歳,002,中国,20000,長野県,1980000000,1980年,人
1,00700,全域,001,男,216,80～84歳,002,中国,21000,岐阜県,1980000000,1980年,人
4,00700,全域,001,男,216,80～84歳,002,中国,22000,静岡県,1980000000,1980年,人
2,00700,全域,001,男,216,80～84歳,002,中国,23000,愛知県,1980000000,1980年,人
3,00700,全域,001,男,216,80～84歳,002,中国,26000,京都府,1980000000,1980年,人
8,00700,全域,001,男,216,80～84歳,002,中国,27000,大阪府,1980000000,1980年,人
26,00700,全域,001,男,216,80～84歳,002,中国,28000,兵庫県,1980000000,1980年,人
1,00700,全域,001,男,216,80～84歳,002,中国,37000,香川県,1980000000,1980年,人
4,00700,全域,001,男,216,80～84歳,002,中国,40000,福岡県,1980000000,1980年,人
2,00700,全域,001,男,216,80～84歳,002,中国,42000,長崎県,1980000000,1980年,人
1,00700,全域,001,男,216,80～84歳,002,中国,43000,熊本県,1980000000,1980年,人
3,00700,全域,001,男,216,80～84歳,002,中国,46000,鹿児島県,1980000000,1980年,人
45,00700,全域,001,男,216,80～84歳,003,アメリカ,00000,全国,1980000000,1980年,人
36,00700,全域,001,男,216,80～84歳,003,アメリカ,00001,全国市部,1980000000,1980年,人
9,00700,全域,001,男,216,80～84歳,003,アメリカ,00002,全国郡部,1980000000,1980年,人
1,00700,全域,001,男,216,80～84歳,003,アメリカ,11000,埼玉県,1980000000,1980年,人
1,00700,全域,001,男,216,80～84歳,003,アメリカ,12000,千葉県,1980000000,1980年,人
8,00700,全域,001,男,216,80～84歳,003,アメリカ,13000,東京都,1980000000,1980年,人
12,00700,全域,001,男,216,80～84歳,003,アメリカ,14000,神奈川県,1980000000,1980年,人
1,00700,全域,001,男,216,80～84歳,003,アメリカ,16000,富山県,1980000000,1980年,人
2,00700,全域,001,男,216,80～84歳,003,アメリカ,26000,京都府,1980000000,1980年,人
1,00700,全域,001,男,216,80～84歳,003,アメリカ,27000,大阪府,1980000000,1980年,人
1,00700,全域,001,男,216,80～84歳,003,アメリカ,28000,兵庫県,1980000000,1980年,人
2,00700,全域,001,男,216,80～84歳,003,アメリカ,31000,鳥取県,1980000000,1980年,人
5,00700,全域,001,男,216,80～84歳,003,アメリカ,34000,広島県,1980000000,1980年,人
1,00700,全域,001,男,216,80～84歳,003,アメリカ,35000,山口県,1980000000,1980年,人
1,00700,全域,001,男,216,80～84歳,003,アメリカ,40000,福岡県,1980000000,1980年,人
1,00700,全域,001,男,216,80～84歳,003,アメリカ,42000,長崎県,1980000000,1980年,人
2,00700,全域,001,男,216,80～84歳,003,アメリカ,43000,熊本県,1980000000,1980年,人
3,00700,全域,001,男,216,80～84歳,003,アメリカ,44000,大分県,1980000000,1980年,人
2,00700,全域,001,男,216,80～84歳,003,アメリカ,46000,鹿児島県,1980000000,1980年,人
1,00700,全域,001,男,216,80～84歳,003,アメリカ,47000,沖縄県,1980000000,1980年,人
35,00700,全域,001,男,216,80～84歳,004,その他,00000,全国,1980000000,1980年,人
32,00700,全域,001,男,216,80～84歳,004,その他,00001,全国市部,1980000000,1980年,人
3,00700,全域,001,男,216,80～84歳,004,その他,00002,全国郡部,1980000000,1980年,人
10,00700,全域,001,男,216,80～84歳,004,その他,13000,東京都,1980000000,1980年,人
5,00700,全域,001,男,216,80～84歳,004,その他,14000,神奈川県,1980000000,1980年,人
1,00700,全域,001,男,216,80～84歳,004,その他,21000,岐阜県,1980000000,1980年,人
1,00700,全域,001,男,216,80～84歳,004,その他,25000,滋賀県,1980000000,1980年,人
1,00700,全域,001,男,216,80～84歳,004,その他,27000,大阪府,1980000000,1980年,人
10,00700,全域,001,男,216,80～84歳,004,その他,28000,兵庫県,1980000000,1980年,人
3,00700,全域,001,男,216,80～84歳,004,その他,34000,広島県,1980000000,1980年,人
1,00700,全域,001,男,216,80～84歳,004,その他,40000,福岡県,1980000000,1980年,人
2,00700,全域,001,男,216,80～84歳,004,その他,42000,長崎県,1980000000,1980年,人
1,00700,全域,001,男,216,80～84歳,004,その他,47000,沖縄県,1980000000,1980年,人
300,00700,全域,001,男,585,85歳以上,000,国籍総数,00000,全国,1980000000,1980年,人
259,00700,全域,001,男,585,85歳以上,000,国籍総数,00001,全国市部,1980000000,1980年,人
41,00700,全域,001,男,585,85歳以上,000,国籍総数,00002,全国郡部,1980000000,1980年,人
16,00700,全域,001,男,585,85歳以上,000,国籍総数,01000,北海道,1980000000,1980年,人
1,00700,全域,001,男,585,85歳以上,000,国籍総数,02000,青森県,1980000000,1980年,人
1,00700,全域,001,男,585,85歳以上,000,国籍総数,03000,岩手県,1980000000,1980年,人
1,00700,全域,001,男,585,85歳以上,000,国籍総数,04000,宮城県,1980000000,1980年,人
2,00700,全域,001,男,585,85歳以上,000,国籍総数,05000,秋田県,1980000000,1980年,人
2,00700,全域,001,男,585,85歳以上,000,国籍総数,07000,福島県,1980000000,1980年,人
1,00700,全域,001,男,585,85歳以上,000,国籍総数,08000,茨城県,1980000000,1980年,人
4,00700,全域,001,男,585,85歳以上,000,国籍総数,11000,埼玉県,1980000000,1980年,人
3,00700,全域,001,男,585,85歳以上,000,国籍総数,12000,千葉県,1980000000,1980年,人
39,00700,全域,001,男,585,85歳以上,000,国籍総数,13000,東京都,1980000000,1980年,人
23,00700,全域,001,男,585,85歳以上,000,国籍総数,14000,神奈川県,1980000000,1980年,人
1,00700,全域,001,男,585,85歳以上,000,国籍総数,15000,新潟県,1980000000,1980年,人
4,00700,全域,001,男,585,85歳以上,000,国籍総数,17000,石川県,1980000000,1980年,人
2,00700,全域,001,男,585,85歳以上,000,国籍総数,18000,福井県,1980000000,1980年,人
4,00700,全域,001,男,585,85歳以上,000,国籍総数,19000,山梨県,1980000000,1980年,人
3,00700,全域,001,男,585,85歳以上,000,国籍総数,20000,長野県,1980000000,1980年,人
4,00700,全域,001,男,585,85歳以上,000,国籍総数,21000,岐阜県,1980000000,1980年,人
2,00700,全域,001,男,585,85歳以上,000,国籍総数,22000,静岡県,1980000000,1980年,人
23,00700,全域,001,男,585,85歳以上,000,国籍総数,23000,愛知県,1980000000,1980年,人
2,00700,全域,001,男,585,85歳以上,000,国籍総数,24000,三重県,1980000000,1980年,人
1,00700,全域,001,男,585,85歳以上,000,国籍総数,25000,滋賀県,1980000000,1980年,人
16,00700,全域,001,男,585,85歳以上,000,国籍総数,26000,京都府,1980000000,1980年,人
40,00700,全域,001,男,585,85歳以上,000,国籍総数,27000,大阪府,1980000000,1980年,人
41,00700,全域,001,男,585,85歳以上,000,国籍総数,28000,兵庫県,1980000000,1980年,人
3,00700,全域,001,男,585,85歳以上,000,国籍総数,29000,奈良県,1980000000,1980年,人
5,00700,全域,001,男,585,85歳以上,000,国籍総数,30000,和歌山県,1980000000,1980年,人
2,00700,全域,001,男,585,85歳以上,000,国籍総数,31000,鳥取県,1980000000,1980年,人
1,00700,全域,001,男,585,85歳以上,000,国籍総数,32000,島根県,1980000000,1980年,人
3,00700,全域,001,男,585,85歳以上,000,国籍総数,33000,岡山県,1980000000,1980年,人
8,00700,全域,001,男,585,85歳以上,000,国籍総数,34000,広島県,1980000000,1980年,人
11,00700,全域,001,男,585,85歳以上,000,国籍総数,35000,山口県,1980000000,1980年,人
1,00700,全域,001,男,585,85歳以上,000,国籍総数,37000,香川県,1980000000,1980年,人
1,00700,全域,001,男,585,85歳以上,000,国籍総数,38000,愛媛県,1980000000,1980年,人
10,00700,全域,001,男,585,85歳以上,000,国籍総数,40000,福岡県,1980000000,1980年,人
3,00700,全域,001,男,585,85歳以上,000,国籍総数,41000,佐賀県,1980000000,1980年,人
1,00700,全域,001,男,585,85歳以上,000,国籍総数,42000,長崎県,1980000000,1980年,人
2,00700,全域,001,男,585,85歳以上,000,国籍総数,43000,熊本県,1980000000,1980年,人
4,00700,全域,001,男,585,85歳以上,000,国籍総数,44000,大分県,1980000000,1980年,人
4,00700,全域,001,男,585,85歳以上,000,国籍総数,46000,鹿児島県,1980000000,1980年,人
5,00700,全域,001,男,585,85歳以上,000,国籍総数,47000,沖縄県,1980000000,1980年,人
188,00700,全域,001,男,585,85歳以上,001,韓国・朝鮮,00000,全国,1980000000,1980年,人
159,00700,全域,001,男,585,85歳以上,001,韓国・朝鮮,00001,全国市部,1980000000,1980年,人
29,00700,全域,001,男,585,85歳以上,001,韓国・朝鮮,00002,全国郡部,1980000000,1980年,人
12,00700,全域,001,男,585,85歳以上,001,韓国・朝鮮,01000,北海道,1980000000,1980年,人
1,00700,全域,001,男,585,85歳以上,001,韓国・朝鮮,02000,青森県,1980000000,1980年,人
1,00700,全域,001,男,585,85歳以上,001,韓国・朝鮮,04000,宮城県,1980000000,1980年,人
1,00700,全域,001,男,585,85歳以上,001,韓国・朝鮮,05000,秋田県,1980000000,1980年,人
2,00700,全域,001,男,585,85歳以上,001,韓国・朝鮮,07000,福島県,1980000000,1980年,人
1,00700,全域,001,男,585,85歳以上,001,韓国・朝鮮,08000,茨城県,1980000000,1980年,人
2,00700,全域,001,男,585,85歳以上,001,韓国・朝鮮,11000,埼玉県,1980000000,1980年,人
2,00700,全域,001,男,585,85歳以上,001,韓国・朝鮮,12000,千葉県,1980000000,1980年,人
14,00700,全域,001,男,585,85歳以上,001,韓国・朝鮮,13000,東京都,1980000000,1980年,人
10,00700,全域,001,男,585,85歳以上,001,韓国・朝鮮,14000,神奈川県,1980000000,1980年,人
1,00700,全域,001,男,585,85歳以上,001,韓国・朝鮮,15000,新潟県,1980000000,1980年,人
4,00700,全域,001,男,585,85歳以上,001,韓国・朝鮮,17000,石川県,1980000000,1980年,人
2,00700,全域,001,男,585,85歳以上,001,韓国・朝鮮,18000,福井県,1980000000,1980年,人
3,00700,全域,001,男,585,85歳以上,001,韓国・朝鮮,19000,山梨県,1980000000,1980年,人
1,00700,全域,001,男,585,85歳以上,001,韓国・朝鮮,20000,長野県,1980000000,1980年,人
4,00700,全域,001,男,585,85歳以上,001,韓国・朝鮮,21000,岐阜県,1980000000,1980年,人
1,00700,全域,001,男,585,85歳以上,001,韓国・朝鮮,22000,静岡県,1980000000,1980年,人
20,00700,全域,001,男,585,85歳以上,001,韓国・朝鮮,23000,愛知県,1980000000,1980年,人
1,00700,全域,001,男,585,85歳以上,001,韓国・朝鮮,24000,三重県,1980000000,1980年,人
12,00700,全域,001,男,585,85歳以上,001,韓国・朝鮮,26000,京都府,1980000000,1980年,人
38,00700,全域,001,男,585,85歳以上,001,韓国・朝鮮,27000,大阪府,1980000000,1980年,人
17,00700,全域,001,男,585,85歳以上,001,韓国・朝鮮,28000,兵庫県,1980000000,1980年,人
2,00700,全域,001,男,585,85歳以上,001,韓国・朝鮮,29000,奈良県,1980000000,1980年,人
3,00700,全域,001,男,585,85歳以上,001,韓国・朝鮮,30000,和歌山県,1980000000,1980年,人
1,00700,全域,001,男,585,85歳以上,001,韓国・朝鮮,31000,鳥取県,1980000000,1980年,人
1,00700,全域,001,男,585,85歳以上,001,韓国・朝鮮,32000,島根県,1980000000,1980年,人
1,00700,全域,001,男,585,85歳以上,001,韓国・朝鮮,33000,岡山県,1980000000,1980年,人
6,00700,全域,001,男,585,85歳以上,001,韓国・朝鮮,34000,広島県,1980000000,1980年,人
9,00700,全域,001,男,585,85歳以上,001,韓国・朝鮮,35000,山口県,1980000000,1980年,人
1,00700,全域,001,男,585,85歳以上,001,韓国・朝鮮,38000,愛媛県,1980000000,1980年,人
6,00700,全域,001,男,585,85歳以上,001,韓国・朝鮮,40000,福岡県,1980000000,1980年,人
2,00700,全域,001,男,585,85歳以上,001,韓国・朝鮮,41000,佐賀県,1980000000,1980年,人
2,00700,全域,001,男,585,85歳以上,001,韓国・朝鮮,43000,熊本県,1980000000,1980年,人
4,00700,全域,001,男,585,85歳以上,001,韓国・朝鮮,44000,大分県,1980000000,1980年,人
45,00700,全域,001,男,585,85歳以上,002,中国,00000,全国,1980000000,1980年,人
44,00700,全域,001,男,585,85歳以上,002,中国,00001,全国市部,1980000000,1980年,人
1,00700,全域,001,男,585,85歳以上,002,中国,00002,全国郡部,1980000000,1980年,人
1,00700,全域,001,男,585,85歳以上,002,中国,01000,北海道,1980000000,1980年,人
1,00700,全域,001,男,585,85歳以上,002,中国,03000,岩手県,1980000000,1980年,人
1,00700,全域,001,男,585,85歳以上,002,中国,12000,千葉県,1980000000,1980年,人
9,00700,全域,001,男,585,85歳以上,002,中国,13000,東京都,1980000000,1980年,人
8,00700,全域,001,男,585,85歳以上,002,中国,14000,神奈川県,1980000000,1980年,人
1,00700,全域,001,男,585,85歳以上,002,中国,20000,長野県,1980000000,1980年,人
2,00700,全域,001,男,585,85歳以上,002,中国,23000,愛知県,1980000000,1980年,人
2,00700,全域,001,男,585,85歳以上,002,中国,26000,京都府,1980000000,1980年,人
1,00700,全域,001,男,585,85歳以上,002,中国,27000,大阪府,1980000000,1980年,人
14,00700,全域,001,男,585,85歳以上,002,中国,28000,兵庫県,1980000000,1980年,人
1,00700,全域,001,男,585,85歳以上,002,中国,29000,奈良県,1980000000,1980年,人
1,00700,全域,001,男,585,85歳以上,002,中国,40000,福岡県,1980000000,1980年,人
1,00700,全域,001,男,585,85歳以上,002,中国,42000,長崎県,1980000000,1980年,人
2,00700,全域,001,男,585,85歳以上,002,中国,46000,鹿児島県,1980000000,1980年,人
30,00700,全域,001,男,585,85歳以上,003,アメリカ,00000,全国,1980000000,1980年,人
21,00700,全域,001,男,585,85歳以上,003,アメリカ,00001,全国市部,1980000000,1980年,人
9,00700,全域,001,男,585,85歳以上,003,アメリカ,00002,全国郡部,1980000000,1980年,人
5,00700,全域,001,男,585,85歳以上,003,アメリカ,13000,東京都,1980000000,1980年,人
2,00700,全域,001,男,585,85歳以上,003,アメリカ,14000,神奈川県,1980000000,1980年,人
1,00700,全域,001,男,585,85歳以上,003,アメリカ,19000,山梨県,1980000000,1980年,人
1,00700,全域,001,男,585,85歳以上,003,アメリカ,20000,長野県,1980000000,1980年,人
1,00700,全域,001,男,585,85歳以上,003,アメリカ,22000,静岡県,1980000000,1980年,人
1,00700,全域,001,男,585,85歳以上,003,アメリカ,24000,三重県,1980000000,1980年,人
1,00700,全域,001,男,585,85歳以上,003,アメリカ,26000,京都府,1980000000,1980年,人
1,00700,全域,001,男,585,85歳以上,003,アメリカ,27000,大阪府,1980000000,1980年,人
2,00700,全域,001,男,585,85歳以上,003,アメリカ,28000,兵庫県,1980000000,1980年,人
2,00700,全域,001,男,585,85歳以上,003,アメリカ,30000,和歌山県,1980000000,1980年,人
1,00700,全域,001,男,585,85歳以上,003,アメリカ,31000,鳥取県,1980000000,1980年,人
2,00700,全域,001,男,585,85歳以上,003,アメリカ,33000,岡山県,1980000000,1980年,人
2,00700,全域,001,男,585,85歳以上,003,アメリカ,34000,広島県,1980000000,1980年,人
2,00700,全域,001,男,585,85歳以上,003,アメリカ,35000,山口県,1980000000,1980年,人
1,00700,全域,001,男,585,85歳以上,003,アメリカ,40000,福岡県,1980000000,1980年,人
1,00700,全域,001,男,585,85歳以上,003,アメリカ,41000,佐賀県,1980000000,1980年,人
4,00700,全域,001,男,585,85歳以上,003,アメリカ,47000,沖縄県,1980000000,1980年,人
22,00700,全域,001,男,585,85歳以上,004,その他,00000,全国,1980000000,1980年,人
22,00700,全域,001,男,585,85歳以上,004,その他,00001,全国市部,1980000000,1980年,人
2,00700,全域,001,男,585,85歳以上,004,その他,01000,北海道,1980000000,1980年,人
7,00700,全域,001,男,585,85歳以上,004,その他,13000,東京都,1980000000,1980年,人
2,00700,全域,001,男,585,85歳以上,004,その他,14000,神奈川県,1980000000,1980年,人
1,00700,全域,001,男,585,85歳以上,004,その他,25000,滋賀県,1980000000,1980年,人
7,00700,全域,001,男,585,85歳以上,004,その他,28000,兵庫県,1980000000,1980年,人
2,00700,全域,001,男,585,85歳以上,004,その他,40000,福岡県,1980000000,1980年,人
1,00700,全域,001,男,585,85歳以上,004,その他,46000,鹿児島県,1980000000,1980年,人
324916,00700,全域,002,女,T01,総数,000,国籍総数,00000,全国,1980000000,1980年,人
299394,00700,全域,002,女,T01,総数,000,国籍総数,00001,全国市部,1980000000,1980年,人
25522,00700,全域,002,女,T01,総数,000,国籍総数,00002,全国郡部,1980000000,1980年,人
3165,00700,全域,002,女,T01,総数,000,国籍総数,01000,北海道,1980000000,1980年,人
927,00700,全域,002,女,T01,総数,000,国籍総数,02000,青森県,1980000000,1980年,人
752,00700,全域,002,女,T01,総数,000,国籍総数,03000,岩手県,1980000000,1980年,人
1970,00700,全域,002,女,T01,総数,000,国籍総数,04000,宮城県,1980000000,1980年,人
536,00700,全域,002,女,T01,総数,000,国籍総数,05000,秋田県,1980000000,1980年,人
421,00700,全域,002,女,T01,総数,000,国籍総数,06000,山形県,1980000000,1980年,人
1194,00700,全域,002,女,T01,総数,000,国籍総数,07000,福島県,1980000000,1980年,人
2203,00700,全域,002,女,T01,総数,000,国籍総数,08000,茨城県,1980000000,1980年,人
1247,00700,全域,002,女,T01,総数,000,国籍総数,09000,栃木県,1980000000,1980年,人
1583,00700,全域,002,女,T01,総数,000,国籍総数,10000,群馬県,1980000000,1980年,人
5425,00700,全域,002,女,T01,総数,000,国籍総数,11000,埼玉県,1980000000,1980年,人
5794,00700,全域,002,女,T01,総数,000,国籍総数,12000,千葉県,1980000000,1980年,人
42656,00700,全域,002,女,T01,総数,000,国籍総数,13000,東京都,1980000000,1980年,人
16697,00700,全域,002,女,T01,総数,000,国籍総数,14000,神奈川県,1980000000,1980年,人
1396,00700,全域,002,女,T01,総数,000,国籍総数,15000,新潟県,1980000000,1980年,人
996,00700,全域,002,女,T01,総数,000,国籍総数,16000,富山県,1980000000,1980年,人
1495,00700,全域,002,女,T01,総数,000,国籍総数,17000,石川県,1980000000,1980年,人
2285,00700,全域,002,女,T01,総数,000,国籍総数,18000,福井県,1980000000,1980年,人
711,00700,全域,002,女,T01,総数,000,国籍総数,19000,山梨県,1980000000,1980年,人
2432,00700,全域,002,女,T01,総数,000,国籍総数,20000,長野県,1980000000,1980年,人
4778,00700,全域,002,女,T01,総数,000,国籍総数,21000,岐阜県,1980000000,1980年,人
3916,00700,全域,002,女,T01,総数,000,国籍総数,22000,静岡県,1980000000,1980年,人
25343,00700,全域,002,女,T01,総数,000,国籍総数,23000,愛知県,1980000000,1980年,人
3959,00700,全域,002,女,T01,総数,000,国籍総数,24000,三重県,1980000000,1980年,人
3606,00700,全域,002,女,T01,総数,000,国籍総数,25000,滋賀県,1980000000,1980年,人
21791,00700,全域,002,女,T01,総数,000,国籍総数,26000,京都府,1980000000,1980年,人
83438,00700,全域,002,女,T01,総数,000,国籍総数,27000,大阪府,1980000000,1980年,人
36475,00700,全域,002,女,T01,総数,000,国籍総数,28000,兵庫県,1980000000,1980年,人
2910,00700,全域,002,女,T01,総数,000,国籍総数,29000,奈良県,1980000000,1980年,人
2273,00700,全域,002,女,T01,総数,000,国籍総数,30000,和歌山県,1980000000,1980年,人
836,00700,全域,002,女,T01,総数,000,国籍総数,31000,鳥取県,1980000000,1980年,人
781,00700,全域,002,女,T01,総数,000,国籍総数,32000,島根県,1980000000,1980年,人
4023,00700,全域,002,女,T01,総数,000,国籍総数,33000,岡山県,1980000000,1980年,人
7759,00700,全域,002,女,T01,総数,000,国籍総数,34000,広島県,1980000000,1980年,人
6977,00700,全域,002,女,T01,総数,000,国籍総数,35000,山口県,1980000000,1980年,人
233,00700,全域,002,女,T01,総数,000,国籍総数,36000,徳島県,1980000000,1980年,人
536,00700,全域,002,女,T01,総数,000,国籍総数,37000,香川県,1980000000,1980年,人
986,00700,全域,002,女,T01,総数,000,国籍総数,38000,愛媛県,1980000000,1980年,人
419,00700,全域,002,女,T01,総数,000,国籍総数,39000,高知県,1980000000,1980年,人
12313,00700,全域,002,女,T01,総数,000,国籍総数,40000,福岡県,1980000000,1980年,人
680,00700,全域,002,女,T01,総数,000,国籍総数,41000,佐賀県,1980000000,1980年,人
1533,00700,全域,002,女,T01,総数,000,国籍総数,42000,長崎県,1980000000,1980年,人
963,00700,全域,002,女,T01,総数,000,国籍総数,43000,熊本県,1980000000,1980年,人
1523,00700,全域,002,女,T01,総数,000,国籍総数,44000,大分県,1980000000,1980年,人
550,00700,全域,002,女,T01,総数,000,国籍総数,45000,宮崎県,1980000000,1980年,人
553,00700,全域,002,女,T01,総数,000,国籍総数,46000,鹿児島県,1980000000,1980年,人
1877,00700,全域,002,女,T01,総数,000,国籍総数,47000,沖縄県,1980000000,1980年,人
272129,00700,全域,002,女,T01,総数,001,韓国・朝鮮,00000,全国,1980000000,1980年,人
251673,00700,全域,002,女,T01,総数,001,韓国・朝鮮,00001,全国市部,1980000000,1980年,人
20456,00700,全域,002,女,T01,総数,001,韓国・朝鮮,00002,全国郡部,1980000000,1980年,人
2242,00700,全域,002,女,T01,総数,001,韓国・朝鮮,01000,北海道,1980000000,1980年,人
719,00700,全域,002,女,T01,総数,001,韓国・朝鮮,02000,青森県,1980000000,1980年,人
514,00700,全域,002,女,T01,総数,001,韓国・朝鮮,03000,岩手県,1980000000,1980年,人
1484,00700,全域,002,女,T01,総数,001,韓国・朝鮮,04000,宮城県,1980000000,1980年,人
384,00700,全域,002,女,T01,総数,001,韓国・朝鮮,05000,秋田県,1980000000,1980年,人
264,00700,全域,002,女,T01,総数,001,韓国・朝鮮,06000,山形県,1980000000,1980年,人
848,00700,全域,002,女,T01,総数,001,韓国・朝鮮,07000,福島県,1980000000,1980年,人
1684,00700,全域,002,女,T01,総数,001,韓国・朝鮮,08000,茨城県,1980000000,1980年,人
916,00700,全域,002,女,T01,総数,001,韓国・朝鮮,09000,栃木県,1980000000,1980年,人
1138,00700,全域,002,女,T01,総数,001,韓国・朝鮮,10000,群馬県,1980000000,1980年,人
4133,00700,全域,002,女,T01,総数,001,韓国・朝鮮,11000,埼玉県,1980000000,1980年,人
4238,00700,全域,002,女,T01,総数,001,韓国・朝鮮,12000,千葉県,1980000000,1980年,人
27677,00700,全域,002,女,T01,総数,001,韓国・朝鮮,13000,東京都,1980000000,1980年,人
11314,00700,全域,002,女,T01,総数,001,韓国・朝鮮,14000,神奈川県,1980000000,1980年,人
1115,00700,全域,002,女,T01,総数,001,韓国・朝鮮,15000,新潟県,1980000000,1980年,人
871,00700,全域,002,女,T01,総数,001,韓国・朝鮮,16000,富山県,1980000000,1980年,人
1336,00700,全域,002,女,T01,総数,001,韓国・朝鮮,17000,石川県,1980000000,1980年,人
2177,00700,全域,002,女,T01,総数,001,韓国・朝鮮,18000,福井県,1980000000,1980年,人
530,00700,全域,002,女,T01,総数,001,韓国・朝鮮,19000,山梨県,1980000000,1980年,人
1966,00700,全域,002,女,T01,総数,001,韓国・朝鮮,20000,長野県,1980000000,1980年,人
4535,00700,全域,002,女,T01,総数,001,韓国・朝鮮,21000,岐阜県,1980000000,1980年,人
3154,00700,全域,002,女,T01,総数,001,韓国・朝鮮,22000,静岡県,1980000000,1980年,人
23773,00700,全域,002,女,T01,総数,001,韓国・朝鮮,23000,愛知県,1980000000,1980年,人
3653,00700,全域,002,女,T01,総数,001,韓国・朝鮮,24000,三重県,1980000000,1980年,人
3322,00700,全域,002,女,T01,総数,001,韓国・朝鮮,25000,滋賀県,1980000000,1980年,人
20409,00700,全域,002,女,T01,総数,001,韓国・朝鮮,26000,京都府,1980000000,1980年,人
78444,00700,全域,002,女,T01,総数,001,韓国・朝鮮,27000,大阪府,1980000000,1980年,人
29950,00700,全域,002,女,T01,総数,001,韓国・朝鮮,28000,兵庫県,1980000000,1980年,人
2479,00700,全域,002,女,T01,総数,001,韓国・朝鮮,29000,奈良県,1980000000,1980年,人
1895,00700,全域,002,女,T01,総数,001,韓国・朝鮮,30000,和歌山県,1980000000,1980年,人
718,00700,全域,002,女,T01,総数,001,韓国・朝鮮,31000,鳥取県,1980000000,1980年,人
612,00700,全域,002,女,T01,総数,001,韓国・朝鮮,32000,島根県,1980000000,1980年,人
3690,00700,全域,002,女,T01,総数,001,韓国・朝鮮,33000,岡山県,1980000000,1980年,人
6869,00700,全域,002,女,T01,総数,001,韓国・朝鮮,34000,広島県,1980000000,1980年,人
6615,00700,全域,002,女,T01,総数,001,韓国・朝鮮,35000,山口県,1980000000,1980年,人
108,00700,全域,002,女,T01,総数,001,韓国・朝鮮,36000,徳島県,1980000000,1980年,人
392,00700,全域,002,女,T01,総数,001,韓国・朝鮮,37000,香川県,1980000000,1980年,人
804,00700,全域,002,女,T01,総数,001,韓国・朝鮮,38000,愛媛県,1980000000,1980年,人
286,00700,全域,002,女,T01,総数,001,韓国・朝鮮,39000,高知県,1980000000,1980年,人
11094,00700,全域,002,女,T01,総数,001,韓国・朝鮮,40000,福岡県,1980000000,1980年,人
550,00700,全域,002,女,T01,総数,001,韓国・朝鮮,41000,佐賀県,1980000000,1980年,人
919,00700,全域,002,女,T01,総数,001,韓国・朝鮮,42000,長崎県,1980000000,1980年,人
570,00700,全域,002,女,T01,総数,001,韓国・朝鮮,43000,熊本県,1980000000,1980年,人
1211,00700,全域,002,女,T01,総数,001,韓国・朝鮮,44000,大分県,1980000000,1980年,人
326,00700,全域,002,女,T01,総数,001,韓国・朝鮮,45000,宮崎県,1980000000,1980年,人
117,00700,全域,002,女,T01,総数,001,韓国・朝鮮,46000,鹿児島県,1980000000,1980年,人
84,00700,全域,002,女,T01,総数,001,韓国・朝鮮,47000,沖縄県,1980000000,1980年,人
20771,00700,全域,002,女,T01,総数,002,中国,00000,全国,1980000000,1980年,人
19266,00700,全域,002,女,T01,総数,002,中国,00001,全国市部,1980000000,1980年,人
1505,00700,全域,002,女,T01,総数,002,中国,00002,全国郡部,1980000000,1980年,人
301,00700,全域,002,女,T01,総数,002,中国,01000,北海道,1980000000,1980年,人
60,00700,全域,002,女,T01,総数,002,中国,02000,青森県,1980000000,1980年,人
101,00700,全域,002,女,T01,総数,002,中国,03000,岩手県,1980000000,1980年,人
189,00700,全域,002,女,T01,総数,002,中国,04000,宮城県,1980000000,1980年,人
34,00700,全域,002,女,T01,総数,002,中国,05000,秋田県,1980000000,1980年,人
69,00700,全域,002,女,T01,総数,002,中国,06000,山形県,1980000000,1980年,人
92,00700,全域,002,女,T01,総数,002,中国,07000,福島県,1980000000,1980年,人
132,00700,全域,002,女,T01,総数,002,中国,08000,茨城県,1980000000,1980年,人
105,00700,全域,002,女,T01,総数,002,中国,09000,栃木県,1980000000,1980年,人
132,00700,全域,002,女,T01,総数,002,中国,10000,群馬県,1980000000,1980年,人
437,00700,全域,002,女,T01,総数,002,中国,11000,埼玉県,1980000000,1980年,人
618,00700,全域,002,女,T01,総数,002,中国,12000,千葉県,1980000000,1980年,人
5181,00700,全域,002,女,T01,総数,002,中国,13000,東京都,1980000000,1980年,人
2455,00700,全域,002,女,T01,総数,002,中国,14000,神奈川県,1980000000,1980年,人
76,00700,全域,002,女,T01,総数,002,中国,15000,新潟県,1980000000,1980年,人
26,00700,全域,002,女,T01,総数,002,中国,16000,富山県,1980000000,1980年,人
43,00700,全域,002,女,T01,総数,002,中国,17000,石川県,1980000000,1980年,人
20,00700,全域,002,女,T01,総数,002,中国,18000,福井県,1980000000,1980年,人
70,00700,全域,002,女,T01,総数,002,中国,19000,山梨県,1980000000,1980年,人
153,00700,全域,002,女,T01,総数,002,中国,20000,長野県,1980000000,1980年,人
81,00700,全域,002,女,T01,総数,002,中国,21000,岐阜県,1980000000,1980年,人
202,00700,全域,002,女,T01,総数,002,中国,22000,静岡県,1980000000,1980年,人
459,00700,全域,002,女,T01,総数,002,中国,23000,愛知県,1980000000,1980年,人
86,00700,全域,002,女,T01,総数,002,中国,24000,三重県,1980000000,1980年,人
57,00700,全域,002,女,T01,総数,002,中国,25000,滋賀県,1980000000,1980年,人
438,00700,全域,002,女,T01,総数,002,中国,26000,京都府,1980000000,1980年,人
2580,00700,全域,002,女,T01,総数,002,中国,27000,大阪府,1980000000,1980年,人
3816,00700,全域,002,女,T01,総数,002,中国,28000,兵庫県,1980000000,1980年,人
138,00700,全域,002,女,T01,総数,002,中国,29000,奈良県,1980000000,1980年,人
182,00700,全域,002,女,T01,総数,002,中国,30000,和歌山県,1980000000,1980年,人
30,00700,全域,002,女,T01,総数,002,中国,31000,鳥取県,1980000000,1980年,人
110,00700,全域,002,女,T01,総数,002,中国,32000,島根県,1980000000,1980年,人
113,00700,全域,002,女,T01,総数,002,中国,33000,岡山県,1980000000,1980年,人
188,00700,全域,002,女,T01,総数,002,中国,34000,広島県,1980000000,1980年,人
56,00700,全域,002,女,T01,総数,002,中国,35000,山口県,1980000000,1980年,人
28,00700,全域,002,女,T01,総数,002,中国,36000,徳島県,1980000000,1980年,人
46,00700,全域,002,女,T01,総数,002,中国,37000,香川県,1980000000,1980年,人
46,00700,全域,002,女,T01,総数,002,中国,38000,愛媛県,1980000000,1980年,人
32,00700,全域,002,女,T01,総数,002,中国,39000,高知県,1980000000,1980年,人
458,00700,全域,002,女,T01,総数,002,中国,40000,福岡県,1980000000,1980年,人
60,00700,全域,002,女,T01,総数,002,中国,41000,佐賀県,1980000000,1980年,人
320,00700,全域,002,女,T01,総数,002,中国,42000,長崎県,1980000000,1980年,人
182,00700,全域,002,女,T01,総数,002,中国,43000,熊本県,1980000000,1980年,人
156,00700,全域,002,女,T01,総数,002,中国,44000,大分県,1980000000,1980年,人
69,00700,全域,002,女,T01,総数,002,中国,45000,宮崎県,1980000000,1980年,人
194,00700,全域,002,女,T01,総数,002,中国,46000,鹿児島県,1980000000,1980年,人
350,00700,全域,002,女,T01,総数,002,中国,47000,沖縄県,1980000000,1980年,人
8353,00700,全域,002,女,T01,総数,003,アメリカ,00000,全国,1980000000,1980年,人
7586,00700,全域,002,女,T01,総数,003,アメリカ,00001,全国市部,1980000000,1980年,人
767,00700,全域,002,女,T01,総数,003,アメリカ,00002,全国郡部,1980000000,1980年,人
138,00700,全域,002,女,T01,総数,003,アメリカ,01000,北海道,1980000000,1980年,人
20,00700,全域,002,女,T01,総数,003,アメリカ,02000,青森県,1980000000,1980年,人
23,00700,全域,002,女,T01,総数,003,アメリカ,03000,岩手県,1980000000,1980年,人
69,00700,全域,002,女,T01,総数,003,アメリカ,04000,宮城県,1980000000,1980年,人
10,00700,全域,002,女,T01,総数,003,アメリカ,05000,秋田県,1980000000,1980年,人
21,00700,全域,002,女,T01,総数,003,アメリカ,06000,山形県,1980000000,1980年,人
46,00700,全域,002,女,T01,総数,003,アメリカ,07000,福島県,1980000000,1980年,人
68,00700,全域,002,女,T01,総数,003,アメリカ,08000,茨城県,1980000000,1980年,人
58,00700,全域,002,女,T01,総数,003,アメリカ,09000,栃木県,1980000000,1980年,人
34,00700,全域,002,女,T01,総数,003,アメリカ,10000,群馬県,1980000000,1980年,人
228,00700,全域,002,女,T01,総数,003,アメリカ,11000,埼玉県,1980000000,1980年,人
170,00700,全域,002,女,T01,総数,003,アメリカ,12000,千葉県,1980000000,1980年,人
3154,00700,全域,002,女,T01,総数,003,アメリカ,13000,東京都,1980000000,1980年,人
985,00700,全域,002,女,T01,総数,003,アメリカ,14000,神奈川県,1980000000,1980年,人
26,00700,全域,002,女,T01,総数,003,アメリカ,15000,新潟県,1980000000,1980年,人
7,00700,全域,002,女,T01,総数,003,アメリカ,16000,富山県,1980000000,1980年,人
20,00700,全域,002,女,T01,総数,003,アメリカ,17000,石川県,1980000000,1980年,人
5,00700,全域,002,女,T01,総数,003,アメリカ,18000,福井県,1980000000,1980年,人
27,00700,全域,002,女,T01,総数,003,アメリカ,19000,山梨県,1980000000,1980年,人
51,00700,全域,002,女,T01,総数,003,アメリカ,20000,長野県,1980000000,1980年,人
29,00700,全域,002,女,T01,総数,003,アメリカ,21000,岐阜県,1980000000,1980年,人
104,00700,全域,002,女,T01,総数,003,アメリカ,22000,静岡県,1980000000,1980年,人
289,00700,全域,002,女,T01,総数,003,アメリカ,23000,愛知県,1980000000,1980年,人
29,00700,全域,002,女,T01,総数,003,アメリカ,24000,三重県,1980000000,1980年,人
22,00700,全域,002,女,T01,総数,003,アメリカ,25000,滋賀県,1980000000,1980年,人
238,00700,全域,002,女,T01,総数,003,アメリカ,26000,京都府,1980000000,1980年,人
276,00700,全域,002,女,T01,総数,003,アメリカ,27000,大阪府,1980000000,1980年,人
488,00700,全域,002,女,T01,総数,003,アメリカ,28000,兵庫県,1980000000,1980年,人
54,00700,全域,002,女,T01,総数,003,アメリカ,29000,奈良県,1980000000,1980年,人
61,00700,全域,002,女,T01,総数,003,アメリカ,30000,和歌山県,1980000000,1980年,人
12,00700,全域,002,女,T01,総数,003,アメリカ,31000,鳥取県,1980000000,1980年,人
4,00700,全域,002,女,T01,総数,003,アメリカ,32000,島根県,1980000000,1980年,人
38,00700,全域,002,女,T01,総数,003,アメリカ,33000,岡山県,1980000000,1980年,人
206,00700,全域,002,女,T01,総数,003,アメリカ,34000,広島県,1980000000,1980年,人
83,00700,全域,002,女,T01,総数,003,アメリカ,35000,山口県,1980000000,1980年,人
5,00700,全域,002,女,T01,総数,003,アメリカ,36000,徳島県,1980000000,1980年,人
28,00700,全域,002,女,T01,総数,003,アメリカ,37000,香川県,1980000000,1980年,人
20,00700,全域,002,女,T01,総数,003,アメリカ,38000,愛媛県,1980000000,1980年,人
14,00700,全域,002,女,T01,総数,003,アメリカ,39000,高知県,1980000000,1980年,人
174,00700,全域,002,女,T01,総数,003,アメリカ,40000,福岡県,1980000000,1980年,人
17,00700,全域,002,女,T01,総数,003,アメリカ,41000,佐賀県,1980000000,1980年,人
73,00700,全域,002,女,T01,総数,003,アメリカ,42000,長崎県,1980000000,1980年,人
53,00700,全域,002,女,T01,総数,003,アメリカ,43000,熊本県,1980000000,1980年,人
32,00700,全域,002,女,T01,総数,003,アメリカ,44000,大分県,1980000000,1980年,人
17,00700,全域,002,女,T01,総数,003,アメリカ,45000,宮崎県,1980000000,1980年,人
69,00700,全域,002,女,T01,総数,003,アメリカ,46000,鹿児島県,1980000000,1980年,人
758,00700,全域,002,女,T01,総数,003,アメリカ,47000,沖縄県,1980000000,1980年,人
13758,00700,全域,002,女,T01,総数,004,その他,00000,全国,1980000000,1980年,人
12341,00700,全域,002,女,T01,総数,004,その他,00001,全国市部,1980000000,1980年,人
1417,00700,全域,002,女,T01,総数,004,その他,00002,全国郡部,1980000000,1980年,人
238,00700,全域,002,女,T01,総数,004,その他,01000,北海道,1980000000,1980年,人
50,00700,全域,002,女,T01,総数,004,その他,02000,青森県,1980000000,1980年,人
52,00700,全域,002,女,T01,総数,004,その他,03000,岩手県,1980000000,1980年,人
122,00700,全域,002,女,T01,総数,004,その他,04000,宮城県,1980000000,1980年,人
53,00700,全域,002,女,T01,総数,004,その他,05000,秋田県,1980000000,1980年,人
27,00700,全域,002,女,T01,総数,004,その他,06000,山形県,1980000000,1980年,人
94,00700,全域,002,女,T01,総数,004,その他,07000,福島県,1980000000,1980年,人
156,00700,全域,002,女,T01,総数,004,その他,08000,茨城県,1980000000,1980年,人
93,00700,全域,002,女,T01,総数,004,その他,09000,栃木県,1980000000,1980年,人
152,00700,全域,002,女,T01,総数,004,その他,10000,群馬県,1980000000,1980年,人
357,00700,全域,002,女,T01,総数,004,その他,11000,埼玉県,1980000000,1980年,人
464,00700,全域,002,女,T01,総数,004,その他,12000,千葉県,1980000000,1980年,人
4790,00700,全域,002,女,T01,総数,004,その他,13000,東京都,1980000000,1980年,人
1321,00700,全域,002,女,T01,総数,004,その他,14000,神奈川県,1980000000,1980年,人
89,00700,全域,002,女,T01,総数,004,その他,15000,新潟県,1980000000,1980年,人
42,00700,全域,002,女,T01,総数,004,その他,16000,富山県,1980000000,1980年,人
33,00700,全域,002,女,T01,総数,004,その他,17000,石川県,1980000000,1980年,人
27,00700,全域,002,女,T01,総数,004,その他,18000,福井県,1980000000,1980年,人
38,00700,全域,002,女,T01,総数,004,その他,19000,山梨県,1980000000,1980年,人
146,00700,全域,002,女,T01,総数,004,その他,20000,長野県,1980000000,1980年,人
53,00700,全域,002,女,T01,総数,004,その他,21000,岐阜県,1980000000,1980年,人
284,00700,全域,002,女,T01,総数,004,その他,22000,静岡県,1980000000,1980年,人
414,00700,全域,002,女,T01,総数,004,その他,23000,愛知県,1980000000,1980年,人
54,00700,全域,002,女,T01,総数,004,その他,24000,三重県,1980000000,1980年,人
101,00700,全域,002,女,T01,総数,004,その他,25000,滋賀県,1980000000,1980年,人
292,00700,全域,002,女,T01,総数,004,その他,26000,京都府,1980000000,1980年,人
653,00700,全域,002,女,T01,総数,004,その他,27000,大阪府,1980000000,1980年,人
1476,00700,全域,002,女,T01,総数,004,その他,28000,兵庫県,1980000000,1980年,人
108,00700,全域,002,女,T01,総数,004,その他,29000,奈良県,1980000000,1980年,人
66,00700,全域,002,女,T01,総数,004,その他,30000,和歌山県,1980000000,1980年,人
46,00700,全域,002,女,T01,総数,004,その他,31000,鳥取県,1980000000,1980年,人
20,00700,全域,002,女,T01,総数,004,その他,32000,島根県,1980000000,1980年,人
90,00700,全域,002,女,T01,総数,004,その他,33000,岡山県,1980000000,1980年,人
231,00700,全域,002,女,T01,総数,004,その他,34000,広島県,1980000000,1980年,人
94,00700,全域,002,女,T01,総数,004,その他,35000,山口県,1980000000,1980年,人
44,00700,全域,002,女,T01,総数,004,その他,36000,徳島県,1980000000,1980年,人
34,00700,全域,002,女,T01,総数,004,その他,37000,香川県,1980000000,1980年,人
29,00700,全域,002,女,T01,総数,004,その他,38000,愛媛県,1980000000,1980年,人
37,00700,全域,002,女,T01,総数,004,その他,39000,高知県,1980000000,1980年,人
233,00700,全域,002,女,T01,総数,004,その他,40000,福岡県,1980000000,1980年,人
11,00700,全域,002,女,T01,総数,004,その他,41000,佐賀県,1980000000,1980年,人
142,00700,全域,002,女,T01,総数,004,その他,42000,長崎県,1980000000,1980年,人
89,00700,全域,002,女,T01,総数,004,その他,43000,熊本県,1980000000,1980年,人
87,00700,全域,002,女,T01,総数,004,その他,44000,大分県,1980000000,1980年,人
78,00700,全域,002,女,T01,総数,004,その他,45000,宮崎県,1980000000,1980年,人
84,00700,全域,002,女,T01,総数,004,その他,46000,鹿児島県,1980000000,1980年,人
564,00700,全域,002,女,T01,総数,004,その他,47000,沖縄県,1980000000,1980年,人
28074,00700,全域,002,女,200,0～4歳,000,国籍総数,00000,全国,1980000000,1980年,人
25824,00700,全域,002,女,200,0～4歳,000,国籍総数,00001,全国市部,1980000000,1980年,人
2250,00700,全域,002,女,200,0～4歳,000,国籍総数,00002,全国郡部,1980000000,1980年,人
289,00700,全域,002,女,200,0～4歳,000,国籍総数,01000,北海道,1980000000,1980年,人
101,00700,全域,002,女,200,0～4歳,000,国籍総数,02000,青森県,1980000000,1980年,人
77,00700,全域,002,女,200,0～4歳,000,国籍総数,03000,岩手県,1980000000,1980年,人
176,00700,全域,002,女,200,0～4歳,000,国籍総数,04000,宮城県,1980000000,1980年,人
63,00700,全域,002,女,200,0～4歳,000,国籍総数,05000,秋田県,1980000000,1980年,人
42,00700,全域,002,女,200,0～4歳,000,国籍総数,06000,山形県,1980000000,1980年,人
133,00700,全域,002,女,200,0～4歳,000,国籍総数,07000,福島県,1980000000,1980年,人
209,00700,全域,002,女,200,0～4歳,000,国籍総数,08000,茨城県,1980000000,1980年,人
112,00700,全域,002,女,200,0～4歳,000,国籍総数,09000,栃木県,1980000000,1980年,人
142,00700,全域,002,女,200,0～4歳,000,国籍総数,10000,群馬県,1980000000,1980年,人
519,00700,全域,002,女,200,0～4歳,000,国籍総数,11000,埼玉県,1980000000,1980年,人
524,00700,全域,002,女,200,0～4歳,000,国籍総数,12000,千葉県,1980000000,1980年,人
3371,00700,全域,002,女,200,0～4歳,000,国籍総数,13000,東京都,1980000000,1980年,人
1359,00700,全域,002,女,200,0～4歳,000,国籍総数,14000,神奈川県,1980000000,1980年,人
148,00700,全域,002,女,200,0～4歳,000,国籍総数,15000,新潟県,1980000000,1980年,人
94,00700,全域,002,女,200,0～4歳,000,国籍総数,16000,富山県,1980000000,1980年,人
131,00700,全域,002,女,200,0～4歳,000,国籍総数,17000,石川県,1980000000,1980年,人
213,00700,全域,002,女,200,0～4歳,000,国籍総数,18000,福井県,1980000000,1980年,人
67,00700,全域,002,女,200,0～4歳,000,国籍総数,19000,山梨県,1980000000,1980年,人
226,00700,全域,002,女,200,0～4歳,000,国籍総数,20000,長野県,1980000000,1980年,人
390,00700,全域,002,女,200,0～4歳,000,国籍総数,21000,岐阜県,1980000000,1980年,人
341,00700,全域,002,女,200,0～4歳,000,国籍総数,22000,静岡県,1980000000,1980年,人
2217,00700,全域,002,女,200,0～4歳,000,国籍総数,23000,愛知県,1980000000,1980年,人
382,00700,全域,002,女,200,0～4歳,000,国籍総数,24000,三重県,1980000000,1980年,人
342,00700,全域,002,女,200,0～4歳,000,国籍総数,25000,滋賀県,1980000000,1980年,人
1880,00700,全域,002,女,200,0～4歳,000,国籍総数,26000,京都府,1980000000,1980年,人
7057,00700,全域,002,女,200,0～4歳,000,国籍総数,27000,大阪府,1980000000,1980年,人
3137,00700,全域,002,女,200,0～4歳,000,国籍総数,28000,兵庫県,1980000000,1980年,人
233,00700,全域,002,女,200,0～4歳,000,国籍総数,29000,奈良県,1980000000,1980年,人
188,00700,全域,002,女,200,0～4歳,000,国籍総数,30000,和歌山県,1980000000,1980年,人
76,00700,全域,002,女,200,0～4歳,000,国籍総数,31000,鳥取県,1980000000,1980年,人
73,00700,全域,002,女,200,0～4歳,000,国籍総数,32000,島根県,1980000000,1980年,人
381,00700,全域,002,女,200,0～4歳,000,国籍総数,33000,岡山県,1980000000,1980年,人
662,00700,全域,002,女,200,0～4歳,000,国籍総数,34000,広島県,1980000000,1980年,人
628,00700,全域,002,女,200,0～4歳,000,国籍総数,35000,山口県,1980000000,1980年,人
21,00700,全域,002,女,200,0～4歳,000,国籍総数,36000,徳島県,1980000000,1980年,人
64,00700,全域,002,女,200,0～4歳,000,国籍総数,37000,香川県,1980000000,1980年,人
95,00700,全域,002,女,200,0～4歳,000,国籍総数,38000,愛媛県,1980000000,1980年,人
39,00700,全域,002,女,200,0～4歳,000,国籍総数,39000,高知県,1980000000,1980年,人
1208,00700,全域,002,女,200,0～4歳,000,国籍総数,40000,福岡県,1980000000,1980年,人
73,00700,全域,002,女,200,0～4歳,000,国籍総数,41000,佐賀県,1980000000,1980年,人
122,00700,全域,002,女,200,0～4歳,000,国籍総数,42000,長崎県,1980000000,1980年,人
86,00700,全域,002,女,200,0～4歳,000,国籍総数,43000,熊本県,1980000000,1980年,人
113,00700,全域,002,女,200,0～4歳,000,国籍総数,44000,大分県,1980000000,1980年,人
50,00700,全域,002,女,200,0～4歳,000,国籍総数,45000,宮崎県,1980000000,1980年,人
30,00700,全域,002,女,200,0～4歳,000,国籍総数,46000,鹿児島県,1980000000,1980年,人
190,00700,全域,002,女,200,0～4歳,000,国籍総数,47000,沖縄県,1980000000,1980年,人
23800,00700,全域,002,女,200,0～4歳,001,韓国・朝鮮,00000,全国,1980000000,1980年,人
21948,00700,全域,002,女,200,0～4歳,001,韓国・朝鮮,00001,全国市部,1980000000,1980年,人
1852,00700,全域,002,女,200,0～4歳,001,韓国・朝鮮,00002,全国郡部,1980000000,1980年,人
194,00700,全域,002,女,200,0～4歳,001,韓国・朝鮮,01000,北海道,1980000000,1980年,人
81,00700,全域,002,女,200,0～4歳,001,韓国・朝鮮,02000,青森県,1980000000,1980年,人
57,00700,全域,002,女,200,0～4歳,001,韓国・朝鮮,03000,岩手県,1980000000,1980年,人
144,00700,全域,002,女,200,0～4歳,001,韓国・朝鮮,04000,宮城県,1980000000,1980年,人
49,00700,全域,002,女,200,0～4歳,001,韓国・朝鮮,05000,秋田県,1980000000,1980年,人
30,00700,全域,002,女,200,0～4歳,001,韓国・朝鮮,06000,山形県,1980000000,1980年,人
99,00700,全域,002,女,200,0～4歳,001,韓国・朝鮮,07000,福島県,1980000000,1980年,人
167,00700,全域,002,女,200,0～4歳,001,韓国・朝鮮,08000,茨城県,1980000000,1980年,人
87,00700,全域,002,女,200,0～4歳,001,韓国・朝鮮,09000,栃木県,1980000000,1980年,人
112,00700,全域,002,女,200,0～4歳,001,韓国・朝鮮,10000,群馬県,1980000000,1980年,人
408,00700,全域,002,女,200,0～4歳,001,韓国・朝鮮,11000,埼玉県,1980000000,1980年,人
396,00700,全域,002,女,200,0～4歳,001,韓国・朝鮮,12000,千葉県,1980000000,1980年,人
2286,00700,全域,002,女,200,0～4歳,001,韓国・朝鮮,13000,東京都,1980000000,1980年,人
908,00700,全域,002,女,200,0～4歳,001,韓国・朝鮮,14000,神奈川県,1980000000,1980年,人
122,00700,全域,002,女,200,0～4歳,001,韓国・朝鮮,15000,新潟県,1980000000,1980年,人
87,00700,全域,002,女,200,0～4歳,001,韓国・朝鮮,16000,富山県,1980000000,1980年,人
118,00700,全域,002,女,200,0～4歳,001,韓国・朝鮮,17000,石川県,1980000000,1980年,人
203,00700,全域,002,女,200,0～4歳,001,韓国・朝鮮,18000,福井県,1980000000,1980年,人
51,00700,全域,002,女,200,0～4歳,001,韓国・朝鮮,19000,山梨県,1980000000,1980年,人
195,00700,全域,002,女,200,0～4歳,001,韓国・朝鮮,20000,長野県,1980000000,1980年,人
377,00700,全域,002,女,200,0～4歳,001,韓国・朝鮮,21000,岐阜県,1980000000,1980年,人
281,00700,全域,002,女,200,0～4歳,001,韓国・朝鮮,22000,静岡県,1980000000,1980年,人
2089,00700,全域,002,女,200,0～4歳,001,韓国・朝鮮,23000,愛知県,1980000000,1980年,人
358,00700,全域,002,女,200,0～4歳,001,韓国・朝鮮,24000,三重県,1980000000,1980年,人
307,00700,全域,002,女,200,0～4歳,001,韓国・朝鮮,25000,滋賀県,1980000000,1980年,人
1747,00700,全域,002,女,200,0～4歳,001,韓国・朝鮮,26000,京都府,1980000000,1980年,人
6631,00700,全域,002,女,200,0～4歳,001,韓国・朝鮮,27000,大阪府,1980000000,1980年,人
2602,00700,全域,002,女,200,0～4歳,001,韓国・朝鮮,28000,兵庫県,1980000000,1980年,人
197,00700,全域,002,女,200,0～4歳,001,韓国・朝鮮,29000,奈良県,1980000000,1980年,人
166,00700,全域,002,女,200,0～4歳,001,韓国・朝鮮,30000,和歌山県,1980000000,1980年,人
75,00700,全域,002,女,200,0～4歳,001,韓国・朝鮮,31000,鳥取県,1980000000,1980年,人
65,00700,全域,002,女,200,0～4歳,001,韓国・朝鮮,32000,島根県,1980000000,1980年,人
348,00700,全域,002,女,200,0～4歳,001,韓国・朝鮮,33000,岡山県,1980000000,1980年,人
573,00700,全域,002,女,200,0～4歳,001,韓国・朝鮮,34000,広島県,1980000000,1980年,人
603,00700,全域,002,女,200,0～4歳,001,韓国・朝鮮,35000,山口県,1980000000,1980年,人
12,00700,全域,002,女,200,0～4歳,001,韓国・朝鮮,36000,徳島県,1980000000,1980年,人
58,00700,全域,002,女,200,0～4歳,001,韓国・朝鮮,37000,香川県,1980000000,1980年,人
81,00700,全域,002,女,200,0～4歳,001,韓国・朝鮮,38000,愛媛県,1980000000,1980年,人
28,00700,全域,002,女,200,0～4歳,001,韓国・朝鮮,39000,高知県,1980000000,1980年,人
1089,00700,全域,002,女,200,0～4歳,001,韓国・朝鮮,40000,福岡県,1980000000,1980年,人
64,00700,全域,002,女,200,0～4歳,001,韓国・朝鮮,41000,佐賀県,1980000000,1980年,人
71,00700,全域,002,女,200,0～4歳,001,韓国・朝鮮,42000,長崎県,1980000000,1980年,人
48,00700,全域,002,女,200,0～4歳,001,韓国・朝鮮,43000,熊本県,1980000000,1980年,人
95,00700,全域,002,女,200,0～4歳,001,韓国・朝鮮,44000,大分県,1980000000,1980年,人
24,00700,全域,002,女,200,0～4歳,001,韓国・朝鮮,45000,宮崎県,1980000000,1980年,人
8,00700,全域,002,女,200,0～4歳,001,韓国・朝鮮,46000,鹿児島県,1980000000,1980年,人
9,00700,全域,002,女,200,0～4歳,001,韓国・朝鮮,47000,沖縄県,1980000000,1980年,人
1390,00700,全域,002,女,200,0～4歳,002,中国,00000,全国,1980000000,1980年,人
1310,00700,全域,002,女,200,0～4歳,002,中国,00001,全国市部,1980000000,1980年,人
80,00700,全域,002,女,200,0～4歳,002,中国,00002,全国郡部,1980000000,1980年,人
24,00700,全域,002,女,200,0～4歳,002,中国,01000,北海道,1980000000,1980年,人
3,00700,全域,002,女,200,0～4歳,002,中国,02000,青森県,1980000000,1980年,人
6,00700,全域,002,女,200,0～4歳,002,中国,03000,岩手県,1980000000,1980年,人
10,00700,全域,002,女,200,0～4歳,002,中国,04000,宮城県,1980000000,1980年,人
2,00700,全域,002,女,200,0～4歳,002,中国,06000,山形県,1980000000,1980年,人
4,00700,全域,002,女,200,0～4歳,002,中国,07000,福島県,1980000000,1980年,人
6,00700,全域,002,女,200,0～4歳,002,中国,08000,茨城県,1980000000,1980年,人
6,00700,全域,002,女,200,0～4歳,002,中国,09000,栃木県,1980000000,1980年,人
9,00700,全域,002,女,200,0～4歳,002,中国,10000,群馬県,1980000000,1980年,人
29,00700,全域,002,女,200,0～4歳,002,中国,11000,埼玉県,1980000000,1980年,人
40,00700,全域,002,女,200,0～4歳,002,中国,12000,千葉県,1980000000,1980年,人
310,00700,全域,002,女,200,0～4歳,002,中国,13000,東京都,1980000000,1980年,人
166,00700,全域,002,女,200,0～4歳,002,中国,14000,神奈川県,1980000000,1980年,人
3,00700,全域,002,女,200,0～4歳,002,中国,15000,新潟県,1980000000,1980年,人
1,00700,全域,002,女,200,0～4歳,002,中国,16000,富山県,1980000000,1980年,人
4,00700,全域,002,女,200,0～4歳,002,中国,17000,石川県,1980000000,1980年,人
2,00700,全域,002,女,200,0～4歳,002,中国,19000,山梨県,1980000000,1980年,人
1,00700,全域,002,女,200,0～4歳,002,中国,20000,長野県,1980000000,1980年,人
4,00700,全域,002,女,200,0～4歳,002,中国,21000,岐阜県,1980000000,1980年,人
8,00700,全域,002,女,200,0～4歳,002,中国,22000,静岡県,1980000000,1980年,人
29,00700,全域,002,女,200,0～4歳,002,中国,23000,愛知県,1980000000,1980年,人
5,00700,全域,002,女,200,0～4歳,002,中国,24000,三重県,1980000000,1980年,人
6,00700,全域,002,女,200,0～4歳,002,中国,25000,滋賀県,1980000000,1980年,人
26,00700,全域,002,女,200,0～4歳,002,中国,26000,京都府,1980000000,1980年,人
219,00700,全域,002,女,200,0～4歳,002,中国,27000,大阪府,1980000000,1980年,人
275,00700,全域,002,女,200,0～4歳,002,中国,28000,兵庫県,1980000000,1980年,人
5,00700,全域,002,女,200,0～4歳,002,中国,29000,奈良県,1980000000,1980年,人
10,00700,全域,002,女,200,0～4歳,002,中国,30000,和歌山県,1980000000,1980年,人
5,00700,全域,002,女,200,0～4歳,002,中国,32000,島根県,1980000000,1980年,人
4,00700,全域,002,女,200,0～4歳,002,中国,33000,岡山県,1980000000,1980年,人
14,00700,全域,002,女,200,0～4歳,002,中国,34000,広島県,1980000000,1980年,人
5,00700,全域,002,女,200,0～4歳,002,中国,35000,山口県,1980000000,1980年,人
1,00700,全域,002,女,200,0～4歳,002,中国,36000,徳島県,1980000000,1980年,人
3,00700,全域,002,女,200,0～4歳,002,中国,38000,愛媛県,1980000000,1980年,人
1,00700,全域,002,女,200,0～4歳,002,中国,39000,高知県,1980000000,1980年,人
44,00700,全域,002,女,200,0～4歳,002,中国,40000,福岡県,1980000000,1980年,人
5,00700,全域,002,女,200,0～4歳,002,中国,41000,佐賀県,1980000000,1980年,人
22,00700,全域,002,女,200,0～4歳,002,中国,42000,長崎県,1980000000,1980年,人
24,00700,全域,002,女,200,0～4歳,002,中国,43000,熊本県,1980000000,1980年,人
9,00700,全域,002,女,200,0～4歳,002,中国,44000,大分県,1980000000,1980年,人
3,00700,全域,002,女,200,0～4歳,002,中国,45000,宮崎県,1980000000,1980年,人
6,00700,全域,002,女,200,0～4歳,002,中国,46000,鹿児島県,1980000000,1980年,人
31,00700,全域,002,女,200,0～4歳,002,中国,47000,沖縄県,1980000000,1980年,人
706,00700,全域,002,女,200,0～4歳,003,アメリカ,00000,全国,1980000000,1980年,人
639,00700,全域,002,女,200,0～4歳,003,アメリカ,00001,全国市部,1980000000,1980年,人
67,00700,全域,002,女,200,0～4歳,003,アメリカ,00002,全国郡部,1980000000,1980年,人
15,00700,全域,002,女,200,0～4歳,003,アメリカ,01000,北海道,1980000000,1980年,人
2,00700,全域,002,女,200,0～4歳,003,アメリカ,02000,青森県,1980000000,1980年,人
2,00700,全域,002,女,200,0～4歳,003,アメリカ,03000,岩手県,1980000000,1980年,人
1,00700,全域,002,女,200,0～4歳,003,アメリカ,04000,宮城県,1980000000,1980年,人
2,00700,全域,002,女,200,0～4歳,003,アメリカ,06000,山形県,1980000000,1980年,人
7,00700,全域,002,女,200,0～4歳,003,アメリカ,07000,福島県,1980000000,1980年,人
10,00700,全域,002,女,200,0～4歳,003,アメリカ,08000,茨城県,1980000000,1980年,人
6,00700,全域,002,女,200,0～4歳,003,アメリカ,09000,栃木県,1980000000,1980年,人
3,00700,全域,002,女,200,0～4歳,003,アメリカ,10000,群馬県,1980000000,1980年,人
18,00700,全域,002,女,200,0～4歳,003,アメリカ,11000,埼玉県,1980000000,1980年,人
24,00700,全域,002,女,200,0～4歳,003,アメリカ,12000,千葉県,1980000000,1980年,人
238,00700,全域,002,女,200,0～4歳,003,アメリカ,13000,東京都,1980000000,1980年,人
109,00700,全域,002,女,200,0～4歳,003,アメリカ,14000,神奈川県,1980000000,1980年,人
2,00700,全域,002,女,200,0～4歳,003,アメリカ,17000,石川県,1980000000,1980年,人
3,00700,全域,002,女,200,0～4歳,003,アメリカ,19000,山梨県,1980000000,1980年,人
4,00700,全域,002,女,200,0～4歳,003,アメリカ,20000,長野県,1980000000,1980年,人
9,00700,全域,002,女,200,0～4歳,003,アメリカ,22000,静岡県,1980000000,1980年,人
18,00700,全域,002,女,200,0～4歳,003,アメリカ,23000,愛知県,1980000000,1980年,人
1,00700,全域,002,女,200,0～4歳,003,アメリカ,24000,三重県,1980000000,1980年,人
18,00700,全域,002,女,200,0～4歳,003,アメリカ,26000,京都府,1980000000,1980年,人
21,00700,全域,002,女,200,0～4歳,003,アメリカ,27000,大阪府,1980000000,1980年,人
40,00700,全域,002,女,200,0～4歳,003,アメリカ,28000,兵庫県,1980000000,1980年,人
8,00700,全域,002,女,200,0～4歳,003,アメリカ,29000,奈良県,1980000000,1980年,人
5,00700,全域,002,女,200,0～4歳,003,アメリカ,30000,和歌山県,1980000000,1980年,人
13,00700,全域,002,女,200,0～4歳,003,アメリカ,34000,広島県,1980000000,1980年,人
4,00700,全域,002,女,200,0～4歳,003,アメリカ,35000,山口県,1980000000,1980年,人
3,00700,全域,002,女,200,0～4歳,003,アメリカ,37000,香川県,1980000000,1980年,人
3,00700,全域,002,女,200,0～4歳,003,アメリカ,38000,愛媛県,1980000000,1980年,人
3,00700,全域,002,女,200,0～4歳,003,アメリカ,39000,高知県,1980000000,1980年,人
13,00700,全域,002,女,200,0～4歳,003,アメリカ,40000,福岡県,1980000000,1980年,人
1,00700,全域,002,女,200,0～4歳,003,アメリカ,41000,佐賀県,1980000000,1980年,人
6,00700,全域,002,女,200,0～4歳,003,アメリカ,42000,長崎県,1980000000,1980年,人
3,00700,全域,002,女,200,0～4歳,003,アメリカ,43000,熊本県,1980000000,1980年,人
1,00700,全域,002,女,200,0～4歳,003,アメリカ,44000,大分県,1980000000,1980年,人
6,00700,全域,002,女,200,0～4歳,003,アメリカ,45000,宮崎県,1980000000,1980年,人
4,00700,全域,002,女,200,0～4歳,003,アメリカ,46000,鹿児島県,1980000000,1980年,人
80,00700,全域,002,女,200,0～4歳,003,アメリカ,47000,沖縄県,1980000000,1980年,人
1234,00700,全域,002,女,200,0～4歳,004,その他,00000,全国,1980000000,1980年,人
1114,00700,全域,002,女,200,0～4歳,004,その他,00001,全国市部,1980000000,1980年,人
120,00700,全域,002,女,200,0～4歳,004,その他,00002,全国郡部,1980000000,1980年,人
27,00700,全域,002,女,200,0～4歳,004,その他,01000,北海道,1980000000,1980年,人
5,00700,全域,002,女,200,0～4歳,004,その他,02000,青森県,1980000000,1980年,人
4,00700,全域,002,女,200,0～4歳,004,その他,03000,岩手県,1980000000,1980年,人
10,00700,全域,002,女,200,0～4歳,004,その他,04000,宮城県,1980000000,1980年,人
7,00700,全域,002,女,200,0～4歳,004,その他,05000,秋田県,1980000000,1980年,人
2,00700,全域,002,女,200,0～4歳,004,その他,06000,山形県,1980000000,1980年,人
7,00700,全域,002,女,200,0～4歳,004,その他,07000,福島県,1980000000,1980年,人
6,00700,全域,002,女,200,0～4歳,004,その他,08000,茨城県,1980000000,1980年,人
7,00700,全域,002,女,200,0～4歳,004,その他,09000,栃木県,1980000000,1980年,人
10,00700,全域,002,女,200,0～4歳,004,その他,10000,群馬県,1980000000,1980年,人
31,00700,全域,002,女,200,0～4歳,004,その他,11000,埼玉県,1980000000,1980年,人
30,00700,全域,002,女,200,0～4歳,004,その他,12000,千葉県,1980000000,1980年,人
397,00700,全域,002,女,200,0～4歳,004,その他,13000,東京都,1980000000,1980年,人
125,00700,全域,002,女,200,0～4歳,004,その他,14000,神奈川県,1980000000,1980年,人
12,00700,全域,002,女,200,0～4歳,004,その他,15000,新潟県,1980000000,1980年,人
2,00700,全域,002,女,200,0～4歳,004,その他,16000,富山県,1980000000,1980年,人
3,00700,全域,002,女,200,0～4歳,004,その他,17000,石川県,1980000000,1980年,人
2,00700,全域,002,女,200,0～4歳,004,その他,18000,福井県,1980000000,1980年,人
7,00700,全域,002,女,200,0～4歳,004,その他,19000,山梨県,1980000000,1980年,人
12,00700,全域,002,女,200,0～4歳,004,その他,20000,長野県,1980000000,1980年,人
4,00700,全域,002,女,200,0～4歳,004,その他,21000,岐阜県,1980000000,1980年,人
28,00700,全域,002,女,200,0～4歳,004,その他,22000,静岡県,1980000000,1980年,人
32,00700,全域,002,女,200,0～4歳,004,その他,23000,愛知県,1980000000,1980年,人
4,00700,全域,002,女,200,0～4歳,004,その他,24000,三重県,1980000000,1980年,人
11,00700,全域,002,女,200,0～4歳,004,その他,25000,滋賀県,1980000000,1980年,人
33,00700,全域,002,女,200,0～4歳,004,その他,26000,京都府,1980000000,1980年,人
64,00700,全域,002,女,200,0～4歳,004,その他,27000,大阪府,1980000000,1980年,人
153,00700,全域,002,女,200,0～4歳,004,その他,28000,兵庫県,1980000000,1980年,人
4,00700,全域,002,女,200,0～4歳,004,その他,29000,奈良県,1980000000,1980年,人
3,00700,全域,002,女,200,0～4歳,004,その他,30000,和歌山県,1980000000,1980年,人
17,00700,全域,002,女,200,0～4歳,004,その他,33000,岡山県,1980000000,1980年,人
33,00700,全域,002,女,200,0～4歳,004,その他,34000,広島県,1980000000,1980年,人
3,00700,全域,002,女,200,0～4歳,004,その他,35000,山口県,1980000000,1980年,人
2,00700,全域,002,女,200,0～4歳,004,その他,36000,徳島県,1980000000,1980年,人
2,00700,全域,002,女,200,0～4歳,004,その他,37000,香川県,1980000000,1980年,人
3,00700,全域,002,女,200,0～4歳,004,その他,38000,愛媛県,1980000000,1980年,人
4,00700,全域,002,女,200,0～4歳,004,その他,39000,高知県,1980000000,1980年,人
24,00700,全域,002,女,200,0～4歳,004,その他,40000,福岡県,1980000000,1980年,人
15,00700,全域,002,女,200,0～4歳,004,その他,42000,長崎県,1980000000,1980年,人
8,00700,全域,002,女,200,0～4歳,004,その他,43000,熊本県,1980000000,1980年,人
3,00700,全域,002,女,200,0～4歳,004,その他,44000,大分県,1980000000,1980年,人
13,00700,全域,002,女,200,0～4歳,004,その他,45000,宮崎県,1980000000,1980年,人
6,00700,全域,002,女,200,0～4歳,004,その他,46000,鹿児島県,1980000000,1980年,人
59,00700,全域,002,女,200,0～4歳,004,その他,47000,沖縄県,1980000000,1980年,人
31987,00700,全域,002,女,201,5～9歳,000,国籍総数,00000,全国,1980000000,1980年,人
29422,00700,全域,002,女,201,5～9歳,000,国籍総数,00001,全国市部,1980000000,1980年,人
2565,00700,全域,002,女,201,5～9歳,000,国籍総数,00002,全国郡部,1980000000,1980年,人
253,00700,全域,002,女,201,5～9歳,000,国籍総数,01000,北海道,1980000000,1980年,人
79,00700,全域,002,女,201,5～9歳,000,国籍総数,02000,青森県,1980000000,1980年,人
51,00700,全域,002,女,201,5～9歳,000,国籍総数,03000,岩手県,1980000000,1980年,人
177,00700,全域,002,女,201,5～9歳,000,国籍総数,04000,宮城県,1980000000,1980年,人
46,00700,全域,002,女,201,5～9歳,000,国籍総数,05000,秋田県,1980000000,1980年,人
46,00700,全域,002,女,201,5～9歳,000,国籍総数,06000,山形県,1980000000,1980年,人
130,00700,全域,002,女,201,5～9歳,000,国籍総数,07000,福島県,1980000000,1980年,人
229,00700,全域,002,女,201,5～9歳,000,国籍総数,08000,茨城県,1980000000,1980年,人
102,00700,全域,002,女,201,5～9歳,000,国籍総数,09000,栃木県,1980000000,1980年,人
153,00700,全域,002,女,201,5～9歳,000,国籍総数,10000,群馬県,1980000000,1980年,人
566,00700,全域,002,女,201,5～9歳,000,国籍総数,11000,埼玉県,1980000000,1980年,人
566,00700,全域,002,女,201,5～9歳,000,国籍総数,12000,千葉県,1980000000,1980年,人
3742,00700,全域,002,女,201,5～9歳,000,国籍総数,13000,東京都,1980000000,1980年,人
1570,00700,全域,002,女,201,5～9歳,000,国籍総数,14000,神奈川県,1980000000,1980年,人
130,00700,全域,002,女,201,5～9歳,000,国籍総数,15000,新潟県,1980000000,1980年,人
108,00700,全域,002,女,201,5～9歳,000,国籍総数,16000,富山県,1980000000,1980年,人
162,00700,全域,002,女,201,5～9歳,000,国籍総数,17000,石川県,1980000000,1980年,人
259,00700,全域,002,女,201,5～9歳,000,国籍総数,18000,福井県,1980000000,1980年,人
49,00700,全域,002,女,201,5～9歳,000,国籍総数,19000,山梨県,1980000000,1980年,人
257,00700,全域,002,女,201,5～9歳,000,国籍総数,20000,長野県,1980000000,1980年,人
504,00700,全域,002,女,201,5～9歳,000,国籍総数,21000,岐阜県,1980000000,1980年,人
370,00700,全域,002,女,201,5～9歳,000,国籍総数,22000,静岡県,1980000000,1980年,人
2607,00700,全域,002,女,201,5～9歳,000,国籍総数,23000,愛知県,1980000000,1980年,人
411,00700,全域,002,女,201,5～9歳,000,国籍総数,24000,三重県,1980000000,1980年,人
413,00700,全域,002,女,201,5～9歳,000,国籍総数,25000,滋賀県,1980000000,1980年,人
2291,00700,全域,002,女,201,5～9歳,000,国籍総数,26000,京都府,1980000000,1980年,人
8168,00700,全域,002,女,201,5～9歳,000,国籍総数,27000,大阪府,1980000000,1980年,人
3784,00700,全域,002,女,201,5～9歳,000,国籍総数,28000,兵庫県,1980000000,1980年,人
293,00700,全域,002,女,201,5～9歳,000,国籍総数,29000,奈良県,1980000000,1980年,人
237,00700,全域,002,女,201,5～9歳,000,国籍総数,30000,和歌山県,1980000000,1980年,人
85,00700,全域,002,女,201,5～9歳,000,国籍総数,31000,鳥取県,1980000000,1980年,人
90,00700,全域,002,女,201,5～9歳,000,国籍総数,32000,島根県,1980000000,1980年,人
389,00700,全域,002,女,201,5～9歳,000,国籍総数,33000,岡山県,1980000000,1980年,人
799,00700,全域,002,女,201,5～9歳,000,国籍総数,34000,広島県,1980000000,1980年,人
699,00700,全域,002,女,201,5～9歳,000,国籍総数,35000,山口県,1980000000,1980年,人
20,00700,全域,002,女,201,5～9歳,000,国籍総数,36000,徳島県,1980000000,1980年,人
51,00700,全域,002,女,201,5～9歳,000,国籍総数,37000,香川県,1980000000,1980年,人
91,00700,全域,002,女,201,5～9歳,000,国籍総数,38000,愛媛県,1980000000,1980年,人
25,00700,全域,002,女,201,5～9歳,000,国籍総数,39000,高知県,1980000000,1980年,人
1237,00700,全域,002,女,201,5～9歳,000,国籍総数,40000,福岡県,1980000000,1980年,人
66,00700,全域,002,女,201,5～9歳,000,国籍総数,41000,佐賀県,1980000000,1980年,人
142,00700,全域,002,女,201,5～9歳,000,国籍総数,42000,長崎県,1980000000,1980年,人
58,00700,全域,002,女,201,5～9歳,000,国籍総数,43000,熊本県,1980000000,1980年,人
128,00700,全域,002,女,201,5～9歳,000,国籍総数,44000,大分県,1980000000,1980年,人
59,00700,全域,002,女,201,5～9歳,000,国籍総数,45000,宮崎県,1980000000,1980年,人
50,00700,全域,002,女,201,5～9歳,000,国籍総数,46000,鹿児島県,1980000000,1980年,人
245,00700,全域,002,女,201,5～9歳,000,国籍総数,47000,沖縄県,1980000000,1980年,人
27665,00700,全域,002,女,201,5～9歳,001,韓国・朝鮮,00000,全国,1980000000,1980年,人
25536,00700,全域,002,女,201,5～9歳,001,韓国・朝鮮,00001,全国市部,1980000000,1980年,人
2129,00700,全域,002,女,201,5～9歳,001,韓国・朝鮮,00002,全国郡部,1980000000,1980年,人
181,00700,全域,002,女,201,5～9歳,001,韓国・朝鮮,01000,北海道,1980000000,1980年,人
61,00700,全域,002,女,201,5～9歳,001,韓国・朝鮮,02000,青森県,1980000000,1980年,人
38,00700,全域,002,女,201,5～9歳,001,韓国・朝鮮,03000,岩手県,1980000000,1980年,人
144,00700,全域,002,女,201,5～9歳,001,韓国・朝鮮,04000,宮城県,1980000000,1980年,人
38,00700,全域,002,女,201,5～9歳,001,韓国・朝鮮,05000,秋田県,1980000000,1980年,人
30,00700,全域,002,女,201,5～9歳,001,韓国・朝鮮,06000,山形県,1980000000,1980年,人
104,00700,全域,002,女,201,5～9歳,001,韓国・朝鮮,07000,福島県,1980000000,1980年,人
185,00700,全域,002,女,201,5～9歳,001,韓国・朝鮮,08000,茨城県,1980000000,1980年,人
82,00700,全域,002,女,201,5～9歳,001,韓国・朝鮮,09000,栃木県,1980000000,1980年,人
128,00700,全域,002,女,201,5～9歳,001,韓国・朝鮮,10000,群馬県,1980000000,1980年,人
445,00700,全域,002,女,201,5～9歳,001,韓国・朝鮮,11000,埼玉県,1980000000,1980年,人
444,00700,全域,002,女,201,5～9歳,001,韓国・朝鮮,12000,千葉県,1980000000,1980年,人
2648,00700,全域,002,女,201,5～9歳,001,韓国・朝鮮,13000,東京都,1980000000,1980年,人
1122,00700,全域,002,女,201,5～9歳,001,韓国・朝鮮,14000,神奈川県,1980000000,1980年,人
111,00700,全域,002,女,201,5～9歳,001,韓国・朝鮮,15000,新潟県,1980000000,1980年,人
101,00700,全域,002,女,201,5～9歳,001,韓国・朝鮮,16000,富山県,1980000000,1980年,人
153,00700,全域,002,女,201,5～9歳,001,韓国・朝鮮,17000,石川県,1980000000,1980年,人
249,00700,全域,002,女,201,5～9歳,001,韓国・朝鮮,18000,福井県,1980000000,1980年,人
36,00700,全域,002,女,201,5～9歳,001,韓国・朝鮮,19000,山梨県,1980000000,1980年,人
224,00700,全域,002,女,201,5～9歳,001,韓国・朝鮮,20000,長野県,1980000000,1980年,人
485,00700,全域,002,女,201,5～9歳,001,韓国・朝鮮,21000,岐阜県,1980000000,1980年,人
311,00700,全域,002,女,201,5～9歳,001,韓国・朝鮮,22000,静岡県,1980000000,1980年,人
2479,00700,全域,002,女,201,5～9歳,001,韓国・朝鮮,23000,愛知県,1980000000,1980年,人
390,00700,全域,002,女,201,5～9歳,001,韓国・朝鮮,24000,三重県,1980000000,1980年,人
378,00700,全域,002,女,201,5～9歳,001,韓国・朝鮮,25000,滋賀県,1980000000,1980年,人
2191,00700,全域,002,女,201,5～9歳,001,韓国・朝鮮,26000,京都府,1980000000,1980年,人
7790,00700,全域,002,女,201,5～9歳,001,韓国・朝鮮,27000,大阪府,1980000000,1980年,人
3126,00700,全域,002,女,201,5～9歳,001,韓国・朝鮮,28000,兵庫県,1980000000,1980年,人
254,00700,全域,002,女,201,5～9歳,001,韓国・朝鮮,29000,奈良県,1980000000,1980年,人
207,00700,全域,002,女,201,5～9歳,001,韓国・朝鮮,30000,和歌山県,1980000000,1980年,人
78,00700,全域,002,女,201,5～9歳,001,韓国・朝鮮,31000,鳥取県,1980000000,1980年,人
70,00700,全域,002,女,201,5～9歳,001,韓国・朝鮮,32000,島根県,1980000000,1980年,人
373,00700,全域,002,女,201,5～9歳,001,韓国・朝鮮,33000,岡山県,1980000000,1980年,人
724,00700,全域,002,女,201,5～9歳,001,韓国・朝鮮,34000,広島県,1980000000,1980年,人
669,00700,全域,002,女,201,5～9歳,001,韓国・朝鮮,35000,山口県,1980000000,1980年,人
9,00700,全域,002,女,201,5～9歳,001,韓国・朝鮮,36000,徳島県,1980000000,1980年,人
44,00700,全域,002,女,201,5～9歳,001,韓国・朝鮮,37000,香川県,1980000000,1980年,人
79,00700,全域,002,女,201,5～9歳,001,韓国・朝鮮,38000,愛媛県,1980000000,1980年,人
19,00700,全域,002,女,201,5～9歳,001,韓国・朝鮮,39000,高知県,1980000000,1980年,人
1145,00700,全域,002,女,201,5～9歳,001,韓国・朝鮮,40000,福岡県,1980000000,1980年,人
56,00700,全域,002,女,201,5～9歳,001,韓国・朝鮮,41000,佐賀県,1980000000,1980年,人
73,00700,全域,002,女,201,5～9歳,001,韓国・朝鮮,42000,長崎県,1980000000,1980年,人
41,00700,全域,002,女,201,5～9歳,001,韓国・朝鮮,43000,熊本県,1980000000,1980年,人
98,00700,全域,002,女,201,5～9歳,001,韓国・朝鮮,44000,大分県,1980000000,1980年,人
32,00700,全域,002,女,201,5～9歳,001,韓国・朝鮮,45000,宮崎県,1980000000,1980年,人
11,00700,全域,002,女,201,5～9歳,001,韓国・朝鮮,46000,鹿児島県,1980000000,1980年,人
9,00700,全域,002,女,201,5～9歳,001,韓国・朝鮮,47000,沖縄県,1980000000,1980年,人
1483,00700,全域,002,女,201,5～9歳,002,中国,00000,全国,1980000000,1980年,人
1399,00700,全域,002,女,201,5～9歳,002,中国,00001,全国市部,1980000000,1980年,人
84,00700,全域,002,女,201,5～9歳,002,中国,00002,全国郡部,1980000000,1980年,人
20,00700,全域,002,女,201,5～9歳,002,中国,01000,北海道,1980000000,1980年,人
3,00700,全域,002,女,201,5～9歳,002,中国,02000,青森県,1980000000,1980年,人
4,00700,全域,002,女,201,5～9歳,002,中国,03000,岩手県,1980000000,1980年,人
10,00700,全域,002,女,201,5～9歳,002,中国,04000,宮城県,1980000000,1980年,人
1,00700,全域,002,女,201,5～9歳,002,中国,05000,秋田県,1980000000,1980年,人
6,00700,全域,002,女,201,5～9歳,002,中国,06000,山形県,1980000000,1980年,人
10,00700,全域,002,女,201,5～9歳,002,中国,07000,福島県,1980000000,1980年,人
5,00700,全域,002,女,201,5～9歳,002,中国,08000,茨城県,1980000000,1980年,人
2,00700,全域,002,女,201,5～9歳,002,中国,09000,栃木県,1980000000,1980年,人
6,00700,全域,002,女,201,5～9歳,002,中国,10000,群馬県,1980000000,1980年,人
29,00700,全域,002,女,201,5～9歳,002,中国,11000,埼玉県,1980000000,1980年,人
37,00700,全域,002,女,201,5～9歳,002,中国,12000,千葉県,1980000000,1980年,人
308,00700,全域,002,女,201,5～9歳,002,中国,13000,東京都,1980000000,1980年,人
184,00700,全域,002,女,201,5～9歳,002,中国,14000,神奈川県,1980000000,1980年,人
3,00700,全域,002,女,201,5～9歳,002,中国,15000,新潟県,1980000000,1980年,人
1,00700,全域,002,女,201,5～9歳,002,中国,16000,富山県,1980000000,1980年,人
1,00700,全域,002,女,201,5～9歳,002,中国,17000,石川県,1980000000,1980年,人
1,00700,全域,002,女,201,5～9歳,002,中国,18000,福井県,1980000000,1980年,人
10,00700,全域,002,女,201,5～9歳,002,中国,20000,長野県,1980000000,1980年,人
4,00700,全域,002,女,201,5～9歳,002,中国,21000,岐阜県,1980000000,1980年,人
9,00700,全域,002,女,201,5～9歳,002,中国,22000,静岡県,1980000000,1980年,人
28,00700,全域,002,女,201,5～9歳,002,中国,23000,愛知県,1980000000,1980年,人
7,00700,全域,002,女,201,5～9歳,002,中国,24000,三重県,1980000000,1980年,人
8,00700,全域,002,女,201,5～9歳,002,中国,25000,滋賀県,1980000000,1980年,人
31,00700,全域,002,女,201,5～9歳,002,中国,26000,京都府,1980000000,1980年,人
173,00700,全域,002,女,201,5～9歳,002,中国,27000,大阪府,1980000000,1980年,人
369,00700,全域,002,女,201,5～9歳,002,中国,28000,兵庫県,1980000000,1980年,人
16,00700,全域,002,女,201,5～9歳,002,中国,29000,奈良県,1980000000,1980年,人
15,00700,全域,002,女,201,5～9歳,002,中国,30000,和歌山県,1980000000,1980年,人
3,00700,全域,002,女,201,5～9歳,002,中国,31000,鳥取県,1980000000,1980年,人
15,00700,全域,002,女,201,5～9歳,002,中国,32000,島根県,1980000000,1980年,人
4,00700,全域,002,女,201,5～9歳,002,中国,33000,岡山県,1980000000,1980年,人
16,00700,全域,002,女,201,5～9歳,002,中国,34000,広島県,1980000000,1980年,人
6,00700,全域,002,女,201,5～9歳,002,中国,35000,山口県,1980000000,1980年,人
1,00700,全域,002,女,201,5～9歳,002,中国,36000,徳島県,1980000000,1980年,人
3,00700,全域,002,女,201,5～9歳,002,中国,37000,香川県,1980000000,1980年,人
2,00700,全域,002,女,201,5～9歳,002,中国,38000,愛媛県,1980000000,1980年,人
39,00700,全域,002,女,201,5～9歳,002,中国,40000,福岡県,1980000000,1980年,人
7,00700,全域,002,女,201,5～9歳,002,中国,41000,佐賀県,1980000000,1980年,人
30,00700,全域,002,女,201,5～9歳,002,中国,42000,長崎県,1980000000,1980年,人
7,00700,全域,002,女,201,5～9歳,002,中国,43000,熊本県,1980000000,1980年,人
11,00700,全域,002,女,201,5～9歳,002,中国,44000,大分県,1980000000,1980年,人
5,00700,全域,002,女,201,5～9歳,002,中国,45000,宮崎県,1980000000,1980年,人
14,00700,全域,002,女,201,5～9歳,002,中国,46000,鹿児島県,1980000000,1980年,人
19,00700,全域,002,女,201,5～9歳,002,中国,47000,沖縄県,1980000000,1980年,人
766,00700,全域,002,女,201,5～9歳,003,アメリカ,00000,全国,1980000000,1980年,人
690,00700,全域,002,女,201,5～9歳,003,アメリカ,00001,全国市部,1980000000,1980年,人
76,00700,全域,002,女,201,5～9歳,003,アメリカ,00002,全国郡部,1980000000,1980年,人
10,00700,全域,002,女,201,5～9歳,003,アメリカ,01000,北海道,1980000000,1980年,人
3,00700,全域,002,女,201,5～9歳,003,アメリカ,02000,青森県,1980000000,1980年,人
2,00700,全域,002,女,201,5～9歳,003,アメリカ,03000,岩手県,1980000000,1980年,人
2,00700,全域,002,女,201,5～9歳,003,アメリカ,04000,宮城県,1980000000,1980年,人
1,00700,全域,002,女,201,5～9歳,003,アメリカ,05000,秋田県,1980000000,1980年,人
2,00700,全域,002,女,201,5～9歳,003,アメリカ,06000,山形県,1980000000,1980年,人
3,00700,全域,002,女,201,5～9歳,003,アメリカ,07000,福島県,1980000000,1980年,人
5,00700,全域,002,女,201,5～9歳,003,アメリカ,08000,茨城県,1980000000,1980年,人
3,00700,全域,002,女,201,5～9歳,003,アメリカ,09000,栃木県,1980000000,1980年,人
1,00700,全域,002,女,201,5～9歳,003,アメリカ,10000,群馬県,1980000000,1980年,人
33,00700,全域,002,女,201,5～9歳,003,アメリカ,11000,埼玉県,1980000000,1980年,人
12,00700,全域,002,女,201,5～9歳,003,アメリカ,12000,千葉県,1980000000,1980年,人
267,00700,全域,002,女,201,5～9歳,003,アメリカ,13000,東京都,1980000000,1980年,人
94,00700,全域,002,女,201,5～9歳,003,アメリカ,14000,神奈川県,1980000000,1980年,人
1,00700,全域,002,女,201,5～9歳,003,アメリカ,15000,新潟県,1980000000,1980年,人
1,00700,全域,002,女,201,5～9歳,003,アメリカ,17000,石川県,1980000000,1980年,人
3,00700,全域,002,女,201,5～9歳,003,アメリカ,19000,山梨県,1980000000,1980年,人
5,00700,全域,002,女,201,5～9歳,003,アメリカ,20000,長野県,1980000000,1980年,人
2,00700,全域,002,女,201,5～9歳,003,アメリカ,21000,岐阜県,1980000000,1980年,人
7,00700,全域,002,女,201,5～9歳,003,アメリカ,22000,静岡県,1980000000,1980年,人
18,00700,全域,002,女,201,5～9歳,003,アメリカ,23000,愛知県,1980000000,1980年,人
1,00700,全域,002,女,201,5～9歳,003,アメリカ,24000,三重県,1980000000,1980年,人
2,00700,全域,002,女,201,5～9歳,003,アメリカ,25000,滋賀県,1980000000,1980年,人
11,00700,全域,002,女,201,5～9歳,003,アメリカ,26000,京都府,1980000000,1980年,人
11,00700,全域,002,女,201,5～9歳,003,アメリカ,27000,大阪府,1980000000,1980年,人
51,00700,全域,002,女,201,5～9歳,003,アメリカ,28000,兵庫県,1980000000,1980年,人
6,00700,全域,002,女,201,5～9歳,003,アメリカ,29000,奈良県,1980000000,1980年,人
5,00700,全域,002,女,201,5～9歳,003,アメリカ,30000,和歌山県,1980000000,1980年,人
1,00700,全域,002,女,201,5～9歳,003,アメリカ,31000,鳥取県,1980000000,1980年,人
18,00700,全域,002,女,201,5～9歳,003,アメリカ,34000,広島県,1980000000,1980年,人
9,00700,全域,002,女,201,5～9歳,003,アメリカ,35000,山口県,1980000000,1980年,人
2,00700,全域,002,女,201,5～9歳,003,アメリカ,37000,香川県,1980000000,1980年,人
2,00700,全域,002,女,201,5～9歳,003,アメリカ,38000,愛媛県,1980000000,1980年,人
14,00700,全域,002,女,201,5～9歳,003,アメリカ,40000,福岡県,1980000000,1980年,人
1,00700,全域,002,女,201,5～9歳,003,アメリカ,41000,佐賀県,1980000000,1980年,人
11,00700,全域,002,女,201,5～9歳,003,アメリカ,42000,長崎県,1980000000,1980年,人
3,00700,全域,002,女,201,5～9歳,003,アメリカ,43000,熊本県,1980000000,1980年,人
5,00700,全域,002,女,201,5～9歳,003,アメリカ,44000,大分県,1980000000,1980年,人
2,00700,全域,002,女,201,5～9歳,003,アメリカ,45000,宮崎県,1980000000,1980年,人
5,00700,全域,002,女,201,5～9歳,003,アメリカ,46000,鹿児島県,1980000000,1980年,人
131,00700,全域,002,女,201,5～9歳,003,アメリカ,47000,沖縄県,1980000000,1980年,人
1116,00700,全域,002,女,201,5～9歳,004,その他,00000,全国,1980000000,1980年,人
986,00700,全域,002,女,201,5～9歳,004,その他,00001,全国市部,1980000000,1980年,人
130,00700,全域,002,女,201,5～9歳,004,その他,00002,全国郡部,1980000000,1980年,人
18,00700,全域,002,女,201,5～9歳,004,その他,01000,北海道,1980000000,1980年,人
3,00700,全域,002,女,201,5～9歳,004,その他,02000,青森県,1980000000,1980年,人
2,00700,全域,002,女,201,5～9歳,004,その他,03000,岩手県,1980000000,1980年,人
6,00700,全域,002,女,201,5～9歳,004,その他,04000,宮城県,1980000000,1980年,人
1,00700,全域,002,女,201,5～9歳,004,その他,05000,秋田県,1980000000,1980年,人
4,00700,全域,002,女,201,5～9歳,004,その他,06000,山形県,1980000000,1980年,人
4,00700,全域,002,女,201,5～9歳,004,その他,07000,福島県,1980000000,1980年,人
13,00700,全域,002,女,201,5～9歳,004,その他,08000,茨城県,1980000000,1980年,人
7,00700,全域,002,女,201,5～9歳,004,その他,09000,栃木県,1980000000,1980年,人
3,00700,全域,002,女,201,5～9歳,004,その他,10000,群馬県,1980000000,1980年,人
24,00700,全域,002,女,201,5～9歳,004,その他,11000,埼玉県,1980000000,1980年,人
31,00700,全域,002,女,201,5～9歳,004,その他,12000,千葉県,1980000000,1980年,人
377,00700,全域,002,女,201,5～9歳,004,その他,13000,東京都,1980000000,1980年,人
108,00700,全域,002,女,201,5～9歳,004,その他,14000,神奈川県,1980000000,1980年,人
4,00700,全域,002,女,201,5～9歳,004,その他,15000,新潟県,1980000000,1980年,人
1,00700,全域,002,女,201,5～9歳,004,その他,16000,富山県,1980000000,1980年,人
2,00700,全域,002,女,201,5～9歳,004,その他,17000,石川県,1980000000,1980年,人
4,00700,全域,002,女,201,5～9歳,004,その他,18000,福井県,1980000000,1980年,人
5,00700,全域,002,女,201,5～9歳,004,その他,19000,山梨県,1980000000,1980年,人
7,00700,全域,002,女,201,5～9歳,004,その他,20000,長野県,1980000000,1980年,人
2,00700,全域,002,女,201,5～9歳,004,その他,21000,岐阜県,1980000000,1980年,人
22,00700,全域,002,女,201,5～9歳,004,その他,22000,静岡県,1980000000,1980年,人
25,00700,全域,002,女,201,5～9歳,004,その他,23000,愛知県,1980000000,1980年,人
2,00700,全域,002,女,201,5～9歳,004,その他,24000,三重県,1980000000,1980年,人
15,00700,全域,002,女,201,5～9歳,004,その他,25000,滋賀県,1980000000,1980年,人
22,00700,全域,002,女,201,5～9歳,004,その他,26000,京都府,1980000000,1980年,人
48,00700,全域,002,女,201,5～9歳,004,その他,27000,大阪府,1980000000,1980年,人
164,00700,全域,002,女,201,5～9歳,004,その他,28000,兵庫県,1980000000,1980年,人
7,00700,全域,002,女,201,5～9歳,004,その他,29000,奈良県,1980000000,1980年,人
3,00700,全域,002,女,201,5～9歳,004,その他,30000,和歌山県,1980000000,1980年,人
1,00700,全域,002,女,201,5～9歳,004,その他,31000,鳥取県,1980000000,1980年,人
3,00700,全域,002,女,201,5～9歳,004,その他,32000,島根県,1980000000,1980年,人
9,00700,全域,002,女,201,5～9歳,004,その他,33000,岡山県,1980000000,1980年,人
19,00700,全域,002,女,201,5～9歳,004,その他,34000,広島県,1980000000,1980年,人
6,00700,全域,002,女,201,5～9歳,004,その他,35000,山口県,1980000000,1980年,人
6,00700,全域,002,女,201,5～9歳,004,その他,36000,徳島県,1980000000,1980年,人
1,00700,全域,002,女,201,5～9歳,004,その他,37000,香川県,1980000000,1980年,人
1,00700,全域,002,女,201,5～9歳,004,その他,38000,愛媛県,1980000000,1980年,人
3,00700,全域,002,女,201,5～9歳,004,その他,39000,高知県,1980000000,1980年,人
14,00700,全域,002,女,201,5～9歳,004,その他,40000,福岡県,1980000000,1980年,人
19,00700,全域,002,女,201,5～9歳,004,その他,42000,長崎県,1980000000,1980年,人
1,00700,全域,002,女,201,5～9歳,004,その他,43000,熊本県,1980000000,1980年,人
10,00700,全域,002,女,201,5～9歳,004,その他,44000,大分県,1980000000,1980年,人
13,00700,全域,002,女,201,5～9歳,004,その他,45000,宮崎県,1980000000,1980年,人
5,00700,全域,002,女,201,5～9歳,004,その他,46000,鹿児島県,1980000000,1980年,人
71,00700,全域,002,女,201,5～9歳,004,その他,47000,沖縄県,1980000000,1980年,人
28912,00700,全域,002,女,202,10～14歳,000,国籍総数,00000,全国,1980000000,1980年,人
26786,00700,全域,002,女,202,10～14歳,000,国籍総数,00001,全国市部,1980000000,1980年,人
2126,00700,全域,002,女,202,10～14歳,000,国籍総数,00002,全国郡部,1980000000,1980年,人
225,00700,全域,002,女,202,10～14歳,000,国籍総数,01000,北海道,1980000000,1980年,人
64,00700,全域,002,女,202,10～14歳,000,国籍総数,02000,青森県,1980000000,1980年,人
53,00700,全域,002,女,202,10～14歳,000,国籍総数,03000,岩手県,1980000000,1980年,人
150,00700,全域,002,女,202,10～14歳,000,国籍総数,04000,宮城県,1980000000,1980年,人
34,00700,全域,002,女,202,10～14歳,000,国籍総数,05000,秋田県,1980000000,1980年,人
38,00700,全域,002,女,202,10～14歳,000,国籍総数,06000,山形県,1980000000,1980年,人
94,00700,全域,002,女,202,10～14歳,000,国籍総数,07000,福島県,1980000000,1980年,人
195,00700,全域,002,女,202,10～14歳,000,国籍総数,08000,茨城県,1980000000,1980年,人
110,00700,全域,002,女,202,10～14歳,000,国籍総数,09000,栃木県,1980000000,1980年,人
129,00700,全域,002,女,202,10～14歳,000,国籍総数,10000,群馬県,1980000000,1980年,人
475,00700,全域,002,女,202,10～14歳,000,国籍総数,11000,埼玉県,1980000000,1980年,人
475,00700,全域,002,女,202,10～14歳,000,国籍総数,12000,千葉県,1980000000,1980年,人
3279,00700,全域,002,女,202,10～14歳,000,国籍総数,13000,東京都,1980000000,1980年,人
1412,00700,全域,002,女,202,10～14歳,000,国籍総数,14000,神奈川県,1980000000,1980年,人
134,00700,全域,002,女,202,10～14歳,000,国籍総数,15000,新潟県,1980000000,1980年,人
70,00700,全域,002,女,202,10～14歳,000,国籍総数,16000,富山県,1980000000,1980年,人
106,00700,全域,002,女,202,10～14歳,000,国籍総数,17000,石川県,1980000000,1980年,人
252,00700,全域,002,女,202,10～14歳,000,国籍総数,18000,福井県,1980000000,1980年,人
60,00700,全域,002,女,202,10～14歳,000,国籍総数,19000,山梨県,1980000000,1980年,人
242,00700,全域,002,女,202,10～14歳,000,国籍総数,20000,長野県,1980000000,1980年,人
435,00700,全域,002,女,202,10～14歳,000,国籍総数,21000,岐阜県,1980000000,1980年,人
347,00700,全域,002,女,202,10～14歳,000,国籍総数,22000,静岡県,1980000000,1980年,人
2473,00700,全域,002,女,202,10～14歳,000,国籍総数,23000,愛知県,1980000000,1980年,人
358,00700,全域,002,女,202,10～14歳,000,国籍総数,24000,三重県,1980000000,1980年,人
341,00700,全域,002,女,202,10～14歳,000,国籍総数,25000,滋賀県,1980000000,1980年,人
2040,00700,全域,002,女,202,10～14歳,000,国籍総数,26000,京都府,1980000000,1980年,人
7821,00700,全域,002,女,202,10～14歳,000,国籍総数,27000,大阪府,1980000000,1980年,人
3357,00700,全域,002,女,202,10～14歳,000,国籍総数,28000,兵庫県,1980000000,1980年,人
278,00700,全域,002,女,202,10～14歳,000,国籍総数,29000,奈良県,1980000000,1980年,人
178,00700,全域,002,女,202,10～14歳,000,国籍総数,30000,和歌山県,1980000000,1980年,人
55,00700,全域,002,女,202,10～14歳,000,国籍総数,31000,鳥取県,1980000000,1980年,人
72,00700,全域,002,女,202,10～14歳,000,国籍総数,32000,島根県,1980000000,1980年,人
358,00700,全域,002,女,202,10～14歳,000,国籍総数,33000,岡山県,1980000000,1980年,人
689,00700,全域,002,女,202,10～14歳,000,国籍総数,34000,広島県,1980000000,1980年,人
622,00700,全域,002,女,202,10～14歳,000,国籍総数,35000,山口県,1980000000,1980年,人
13,00700,全域,002,女,202,10～14歳,000,国籍総数,36000,徳島県,1980000000,1980年,人
33,00700,全域,002,女,202,10～14歳,000,国籍総数,37000,香川県,1980000000,1980年,人
105,00700,全域,002,女,202,10～14歳,000,国籍総数,38000,愛媛県,1980000000,1980年,人
33,00700,全域,002,女,202,10～14歳,000,国籍総数,39000,高知県,1980000000,1980年,人
1087,00700,全域,002,女,202,10～14歳,000,国籍総数,40000,福岡県,1980000000,1980年,人
26,00700,全域,002,女,202,10～14歳,000,国籍総数,41000,佐賀県,1980000000,1980年,人
125,00700,全域,002,女,202,10～14歳,000,国籍総数,42000,長崎県,1980000000,1980年,人
58,00700,全域,002,女,202,10～14歳,000,国籍総数,43000,熊本県,1980000000,1980年,人
120,00700,全域,002,女,202,10～14歳,000,国籍総数,44000,大分県,1980000000,1980年,人
35,00700,全域,002,女,202,10～14歳,000,国籍総数,45000,宮崎県,1980000000,1980年,人
42,00700,全域,002,女,202,10～14歳,000,国籍総数,46000,鹿児島県,1980000000,1980年,人
214,00700,全域,002,女,202,10～14歳,000,国籍総数,47000,沖縄県,1980000000,1980年,人
25242,00700,全域,002,女,202,10～14歳,001,韓国・朝鮮,00000,全国,1980000000,1980年,人
23434,00700,全域,002,女,202,10～14歳,001,韓国・朝鮮,00001,全国市部,1980000000,1980年,人
1808,00700,全域,002,女,202,10～14歳,001,韓国・朝鮮,00002,全国郡部,1980000000,1980年,人
165,00700,全域,002,女,202,10～14歳,001,韓国・朝鮮,01000,北海道,1980000000,1980年,人
51,00700,全域,002,女,202,10～14歳,001,韓国・朝鮮,02000,青森県,1980000000,1980年,人
38,00700,全域,002,女,202,10～14歳,001,韓国・朝鮮,03000,岩手県,1980000000,1980年,人
134,00700,全域,002,女,202,10～14歳,001,韓国・朝鮮,04000,宮城県,1980000000,1980年,人
27,00700,全域,002,女,202,10～14歳,001,韓国・朝鮮,05000,秋田県,1980000000,1980年,人
20,00700,全域,002,女,202,10～14歳,001,韓国・朝鮮,06000,山形県,1980000000,1980年,人
66,00700,全域,002,女,202,10～14歳,001,韓国・朝鮮,07000,福島県,1980000000,1980年,人
161,00700,全域,002,女,202,10～14歳,001,韓国・朝鮮,08000,茨城県,1980000000,1980年,人
97,00700,全域,002,女,202,10～14歳,001,韓国・朝鮮,09000,栃木県,1980000000,1980年,人
103,00700,全域,002,女,202,10～14歳,001,韓国・朝鮮,10000,群馬県,1980000000,1980年,人
383,00700,全域,002,女,202,10～14歳,001,韓国・朝鮮,11000,埼玉県,1980000000,1980年,人
391,00700,全域,002,女,202,10～14歳,001,韓国・朝鮮,12000,千葉県,1980000000,1980年,人
2347,00700,全域,002,女,202,10～14歳,001,韓国・朝鮮,13000,東京都,1980000000,1980年,人
1015,00700,全域,002,女,202,10～14歳,001,韓国・朝鮮,14000,神奈川県,1980000000,1980年,人
117,00700,全域,002,女,202,10～14歳,001,韓国・朝鮮,15000,新潟県,1980000000,1980年,人
59,00700,全域,002,女,202,10～14歳,001,韓国・朝鮮,16000,富山県,1980000000,1980年,人
97,00700,全域,002,女,202,10～14歳,001,韓国・朝鮮,17000,石川県,1980000000,1980年,人
238,00700,全域,002,女,202,10～14歳,001,韓国・朝鮮,18000,福井県,1980000000,1980年,人
51,00700,全域,002,女,202,10～14歳,001,韓国・朝鮮,19000,山梨県,1980000000,1980年,人
204,00700,全域,002,女,202,10～14歳,001,韓国・朝鮮,20000,長野県,1980000000,1980年,人
427,00700,全域,002,女,202,10～14歳,001,韓国・朝鮮,21000,岐阜県,1980000000,1980年,人
301,00700,全域,002,女,202,10～14歳,001,韓国・朝鮮,22000,静岡県,1980000000,1980年,人
2377,00700,全域,002,女,202,10～14歳,001,韓国・朝鮮,23000,愛知県,1980000000,1980年,人
336,00700,全域,002,女,202,10～14歳,001,韓国・朝鮮,24000,三重県,1980000000,1980年,人
322,00700,全域,002,女,202,10～14歳,001,韓国・朝鮮,25000,滋賀県,1980000000,1980年,人
1969,00700,全域,002,女,202,10～14歳,001,韓国・朝鮮,26000,京都府,1980000000,1980年,人
7471,00700,全域,002,女,202,10～14歳,001,韓国・朝鮮,27000,大阪府,1980000000,1980年,人
2803,00700,全域,002,女,202,10～14歳,001,韓国・朝鮮,28000,兵庫県,1980000000,1980年,人
253,00700,全域,002,女,202,10～14歳,001,韓国・朝鮮,29000,奈良県,1980000000,1980年,人
151,00700,全域,002,女,202,10～14歳,001,韓国・朝鮮,30000,和歌山県,1980000000,1980年,人
45,00700,全域,002,女,202,10～14歳,001,韓国・朝鮮,31000,鳥取県,1980000000,1980年,人
52,00700,全域,002,女,202,10～14歳,001,韓国・朝鮮,32000,島根県,1980000000,1980年,人
341,00700,全域,002,女,202,10～14歳,001,韓国・朝鮮,33000,岡山県,1980000000,1980年,人
636,00700,全域,002,女,202,10～14歳,001,韓国・朝鮮,34000,広島県,1980000000,1980年,人
601,00700,全域,002,女,202,10～14歳,001,韓国・朝鮮,35000,山口県,1980000000,1980年,人
7,00700,全域,002,女,202,10～14歳,001,韓国・朝鮮,36000,徳島県,1980000000,1980年,人
22,00700,全域,002,女,202,10～14歳,001,韓国・朝鮮,37000,香川県,1980000000,1980年,人
94,00700,全域,002,女,202,10～14歳,001,韓国・朝鮮,38000,愛媛県,1980000000,1980年,人
22,00700,全域,002,女,202,10～14歳,001,韓国・朝鮮,39000,高知県,1980000000,1980年,人
996,00700,全域,002,女,202,10～14歳,001,韓国・朝鮮,40000,福岡県,1980000000,1980年,人
21,00700,全域,002,女,202,10～14歳,001,韓国・朝鮮,41000,佐賀県,1980000000,1980年,人
69,00700,全域,002,女,202,10～14歳,001,韓国・朝鮮,42000,長崎県,1980000000,1980年,人
33,00700,全域,002,女,202,10～14歳,001,韓国・朝鮮,43000,熊本県,1980000000,1980年,人
92,00700,全域,002,女,202,10～14歳,001,韓国・朝鮮,44000,大分県,1980000000,1980年,人
23,00700,全域,002,女,202,10～14歳,001,韓国・朝鮮,45000,宮崎県,1980000000,1980年,人
5,00700,全域,002,女,202,10～14歳,001,韓国・朝鮮,46000,鹿児島県,1980000000,1980年,人
9,00700,全域,002,女,202,10～14歳,001,韓国・朝鮮,47000,沖縄県,1980000000,1980年,人
1495,00700,全域,002,女,202,10～14歳,002,中国,00000,全国,1980000000,1980年,人
1399,00700,全域,002,女,202,10～14歳,002,中国,00001,全国市部,1980000000,1980年,人
96,00700,全域,002,女,202,10～14歳,002,中国,00002,全国郡部,1980000000,1980年,人
16,00700,全域,002,女,202,10～14歳,002,中国,01000,北海道,1980000000,1980年,人
3,00700,全域,002,女,202,10～14歳,002,中国,02000,青森県,1980000000,1980年,人
9,00700,全域,002,女,202,10～14歳,002,中国,03000,岩手県,1980000000,1980年,人
7,00700,全域,002,女,202,10～14歳,002,中国,04000,宮城県,1980000000,1980年,人
2,00700,全域,002,女,202,10～14歳,002,中国,05000,秋田県,1980000000,1980年,人
12,00700,全域,002,女,202,10～14歳,002,中国,06000,山形県,1980000000,1980年,人
10,00700,全域,002,女,202,10～14歳,002,中国,07000,福島県,1980000000,1980年,人
5,00700,全域,002,女,202,10～14歳,002,中国,08000,茨城県,1980000000,1980年,人
7,00700,全域,002,女,202,10～14歳,002,中国,09000,栃木県,1980000000,1980年,人
12,00700,全域,002,女,202,10～14歳,002,中国,10000,群馬県,1980000000,1980年,人
27,00700,全域,002,女,202,10～14歳,002,中国,11000,埼玉県,1980000000,1980年,人
37,00700,全域,002,女,202,10～14歳,002,中国,12000,千葉県,1980000000,1980年,人
294,00700,全域,002,女,202,10～14歳,002,中国,13000,東京都,1980000000,1980年,人
199,00700,全域,002,女,202,10～14歳,002,中国,14000,神奈川県,1980000000,1980年,人
5,00700,全域,002,女,202,10～14歳,002,中国,15000,新潟県,1980000000,1980年,人
1,00700,全域,002,女,202,10～14歳,002,中国,17000,石川県,1980000000,1980年,人
3,00700,全域,002,女,202,10～14歳,002,中国,18000,福井県,1980000000,1980年,人
3,00700,全域,002,女,202,10～14歳,002,中国,19000,山梨県,1980000000,1980年,人
19,00700,全域,002,女,202,10～14歳,002,中国,20000,長野県,1980000000,1980年,人
1,00700,全域,002,女,202,10～14歳,002,中国,21000,岐阜県,1980000000,1980年,人
13,00700,全域,002,女,202,10～14歳,002,中国,22000,静岡県,1980000000,1980年,人
30,00700,全域,002,女,202,10～14歳,002,中国,23000,愛知県,1980000000,1980年,人
10,00700,全域,002,女,202,10～14歳,002,中国,24000,三重県,1980000000,1980年,人
27,00700,全域,002,女,202,10～14歳,002,中国,26000,京都府,1980000000,1980年,人
193,00700,全域,002,女,202,10～14歳,002,中国,27000,大阪府,1980000000,1980年,人
320,00700,全域,002,女,202,10～14歳,002,中国,28000,兵庫県,1980000000,1980年,人
6,00700,全域,002,女,202,10～14歳,002,中国,29000,奈良県,1980000000,1980年,人
14,00700,全域,002,女,202,10～14歳,002,中国,30000,和歌山県,1980000000,1980年,人
2,00700,全域,002,女,202,10～14歳,002,中国,31000,鳥取県,1980000000,1980年,人
18,00700,全域,002,女,202,10～14歳,002,中国,32000,島根県,1980000000,1980年,人
4,00700,全域,002,女,202,10～14歳,002,中国,33000,岡山県,1980000000,1980年,人
11,00700,全域,002,女,202,10～14歳,002,中国,34000,広島県,1980000000,1980年,人
3,00700,全域,002,女,202,10～14歳,002,中国,35000,山口県,1980000000,1980年,人
2,00700,全域,002,女,202,10～14歳,002,中国,36000,徳島県,1980000000,1980年,人
4,00700,全域,002,女,202,10～14歳,002,中国,37000,香川県,1980000000,1980年,人
2,00700,全域,002,女,202,10～14歳,002,中国,38000,愛媛県,1980000000,1980年,人
4,00700,全域,002,女,202,10～14歳,002,中国,39000,高知県,1980000000,1980年,人
38,00700,全域,002,女,202,10～14歳,002,中国,40000,福岡県,1980000000,1980年,人
29,00700,全域,002,女,202,10～14歳,002,中国,42000,長崎県,1980000000,1980年,人
13,00700,全域,002,女,202,10～14歳,002,中国,43000,熊本県,1980000000,1980年,人
19,00700,全域,002,女,202,10～14歳,002,中国,44000,大分県,1980000000,1980年,人
4,00700,全域,002,女,202,10～14歳,002,中国,45000,宮崎県,1980000000,1980年,人
20,00700,全域,002,女,202,10～14歳,002,中国,46000,鹿児島県,1980000000,1980年,人
37,00700,全域,002,女,202,10～14歳,002,中国,47000,沖縄県,1980000000,1980年,人
638,00700,全域,002,女,202,10～14歳,003,アメリカ,00000,全国,1980000000,1980年,人
580,00700,全域,002,女,202,10～14歳,003,アメリカ,00001,全国市部,1980000000,1980年,人
58,00700,全域,002,女,202,10～14歳,003,アメリカ,00002,全国郡部,1980000000,1980年,人
13,00700,全域,002,女,202,10～14歳,003,アメリカ,01000,北海道,1980000000,1980年,人
2,00700,全域,002,女,202,10～14歳,003,アメリカ,02000,青森県,1980000000,1980年,人
2,00700,全域,002,女,202,10～14歳,003,アメリカ,04000,宮城県,1980000000,1980年,人
3,00700,全域,002,女,202,10～14歳,003,アメリカ,06000,山形県,1980000000,1980年,人
2,00700,全域,002,女,202,10～14歳,003,アメリカ,07000,福島県,1980000000,1980年,人
6,00700,全域,002,女,202,10～14歳,003,アメリカ,08000,茨城県,1980000000,1980年,人
1,00700,全域,002,女,202,10～14歳,003,アメリカ,09000,栃木県,1980000000,1980年,人
24,00700,全域,002,女,202,10～14歳,003,アメリカ,11000,埼玉県,1980000000,1980年,人
6,00700,全域,002,女,202,10～14歳,003,アメリカ,12000,千葉県,1980000000,1980年,人
246,00700,全域,002,女,202,10～14歳,003,アメリカ,13000,東京都,1980000000,1980年,人
70,00700,全域,002,女,202,10～14歳,003,アメリカ,14000,神奈川県,1980000000,1980年,人
1,00700,全域,002,女,202,10～14歳,003,アメリカ,17000,石川県,1980000000,1980年,人
1,00700,全域,002,女,202,10～14歳,003,アメリカ,20000,長野県,1980000000,1980年,人
8,00700,全域,002,女,202,10～14歳,003,アメリカ,22000,静岡県,1980000000,1980年,人
18,00700,全域,002,女,202,10～14歳,003,アメリカ,23000,愛知県,1980000000,1980年,人
1,00700,全域,002,女,202,10～14歳,003,アメリカ,24000,三重県,1980000000,1980年,人
2,00700,全域,002,女,202,10～14歳,003,アメリカ,25000,滋賀県,1980000000,1980年,人
7,00700,全域,002,女,202,10～14歳,003,アメリカ,26000,京都府,1980000000,1980年,人
18,00700,全域,002,女,202,10～14歳,003,アメリカ,27000,大阪府,1980000000,1980年,人
34,00700,全域,002,女,202,10～14歳,003,アメリカ,28000,兵庫県,1980000000,1980年,人
1,00700,全域,002,女,202,10～14歳,003,アメリカ,29000,奈良県,1980000000,1980年,人
3,00700,全域,002,女,202,10～14歳,003,アメリカ,30000,和歌山県,1980000000,1980年,人
2,00700,全域,002,女,202,10～14歳,003,アメリカ,31000,鳥取県,1980000000,1980年,人
2,00700,全域,002,女,202,10～14歳,003,アメリカ,33000,岡山県,1980000000,1980年,人
11,00700,全域,002,女,202,10～14歳,003,アメリカ,34000,広島県,1980000000,1980年,人
9,00700,全域,002,女,202,10～14歳,003,アメリカ,35000,山口県,1980000000,1980年,人
1,00700,全域,002,女,202,10～14歳,003,アメリカ,37000,香川県,1980000000,1980年,人
3,00700,全域,002,女,202,10～14歳,003,アメリカ,38000,愛媛県,1980000000,1980年,人
1,00700,全域,002,女,202,10～14歳,003,アメリカ,39000,高知県,1980000000,1980年,人
21,00700,全域,002,女,202,10～14歳,003,アメリカ,40000,福岡県,1980000000,1980年,人
3,00700,全域,002,女,202,10～14歳,003,アメリカ,41000,佐賀県,1980000000,1980年,人
11,00700,全域,002,女,202,10～14歳,003,アメリカ,42000,長崎県,1980000000,1980年,人
1,00700,全域,002,女,202,10～14歳,003,アメリカ,43000,熊本県,1980000000,1980年,人
1,00700,全域,002,女,202,10～14歳,003,アメリカ,44000,大分県,1980000000,1980年,人
9,00700,全域,002,女,202,10～14歳,003,アメリカ,46000,鹿児島県,1980000000,1980年,人
94,00700,全域,002,女,202,10～14歳,003,アメリカ,47000,沖縄県,1980000000,1980年,人
798,00700,全域,002,女,202,10～14歳,004,その他,00000,全国,1980000000,1980年,人
729,00700,全域,002,女,202,10～14歳,004,その他,00001,全国市部,1980000000,1980年,人
69,00700,全域,002,女,202,10～14歳,004,その他,00002,全国郡部,1980000000,1980年,人
10,00700,全域,002,女,202,10～14歳,004,その他,01000,北海道,1980000000,1980年,人
1,00700,全域,002,女,202,10～14歳,004,その他,02000,青森県,1980000000,1980年,人
2,00700,全域,002,女,202,10～14歳,004,その他,03000,岩手県,1980000000,1980年,人
2,00700,全域,002,女,202,10～14歳,004,その他,04000,宮城県,1980000000,1980年,人
1,00700,全域,002,女,202,10～14歳,004,その他,05000,秋田県,1980000000,1980年,人
2,00700,全域,002,女,202,10～14歳,004,その他,07000,福島県,1980000000,1980年,人
8,00700,全域,002,女,202,10～14歳,004,その他,08000,茨城県,1980000000,1980年,人
5,00700,全域,002,女,202,10～14歳,004,その他,10000,群馬県,1980000000,1980年,人
20,00700,全域,002,女,202,10～14歳,004,その他,11000,埼玉県,1980000000,1980年,人
10,00700,全域,002,女,202,10～14歳,004,その他,12000,千葉県,1980000000,1980年,人
289,00700,全域,002,女,202,10～14歳,004,その他,13000,東京都,1980000000,1980年,人
82,00700,全域,002,女,202,10～14歳,004,その他,14000,神奈川県,1980000000,1980年,人
3,00700,全域,002,女,202,10～14歳,004,その他,15000,新潟県,1980000000,1980年,人
2,00700,全域,002,女,202,10～14歳,004,その他,16000,富山県,1980000000,1980年,人
5,00700,全域,002,女,202,10～14歳,004,その他,18000,福井県,1980000000,1980年,人
1,00700,全域,002,女,202,10～14歳,004,その他,19000,山梨県,1980000000,1980年,人
5,00700,全域,002,女,202,10～14歳,004,その他,20000,長野県,1980000000,1980年,人
2,00700,全域,002,女,202,10～14歳,004,その他,21000,岐阜県,1980000000,1980年,人
8,00700,全域,002,女,202,10～14歳,004,その他,22000,静岡県,1980000000,1980年,人
17,00700,全域,002,女,202,10～14歳,004,その他,23000,愛知県,1980000000,1980年,人
1,00700,全域,002,女,202,10～14歳,004,その他,24000,三重県,1980000000,1980年,人
9,00700,全域,002,女,202,10～14歳,004,その他,25000,滋賀県,1980000000,1980年,人
8,00700,全域,002,女,202,10～14歳,004,その他,26000,京都府,1980000000,1980年,人
27,00700,全域,002,女,202,10～14歳,004,その他,27000,大阪府,1980000000,1980年,人
137,00700,全域,002,女,202,10～14歳,004,その他,28000,兵庫県,1980000000,1980年,人
6,00700,全域,002,女,202,10～14歳,004,その他,29000,奈良県,1980000000,1980年,人
6,00700,全域,002,女,202,10～14歳,004,その他,30000,和歌山県,1980000000,1980年,人
4,00700,全域,002,女,202,10～14歳,004,その他,31000,鳥取県,1980000000,1980年,人
1,00700,全域,002,女,202,10～14歳,004,その他,32000,島根県,1980000000,1980年,人
3,00700,全域,002,女,202,10～14歳,004,その他,33000,岡山県,1980000000,1980年,人
9,00700,全域,002,女,202,10～14歳,004,その他,34000,広島県,1980000000,1980年,人
3,00700,全域,002,女,202,10～14歳,004,その他,35000,山口県,1980000000,1980年,人
2,00700,全域,002,女,202,10～14歳,004,その他,36000,徳島県,1980000000,1980年,人
2,00700,全域,002,女,202,10～14歳,004,その他,37000,香川県,1980000000,1980年,人
3,00700,全域,002,女,202,10～14歳,004,その他,39000,高知県,1980000000,1980年,人
13,00700,全域,002,女,202,10～14歳,004,その他,40000,福岡県,1980000000,1980年,人
9,00700,全域,002,女,202,10～14歳,004,その他,42000,長崎県,1980000000,1980年,人
3,00700,全域,002,女,202,10～14歳,004,その他,43000,熊本県,1980000000,1980年,人
5,00700,全域,002,女,202,10～14歳,004,その他,44000,大分県,1980000000,1980年,人
6,00700,全域,002,女,202,10～14歳,004,その他,45000,宮崎県,1980000000,1980年,人
2,00700,全域,002,女,202,10～14歳,004,その他,46000,鹿児島県,1980000000,1980年,人
64,00700,全域,002,女,202,10～14歳,004,その他,47000,沖縄県,1980000000,1980年,人
28061,00700,全域,002,女,203,15～19歳,000,国籍総数,00000,全国,1980000000,1980年,人
26076,00700,全域,002,女,203,15～19歳,000,国籍総数,00001,全国市部,1980000000,1980年,人
1985,00700,全域,002,女,203,15～19歳,000,国籍総数,00002,全国郡部,1980000000,1980年,人
234,00700,全域,002,女,203,15～19歳,000,国籍総数,01000,北海道,1980000000,1980年,人
55,00700,全域,002,女,203,15～19歳,000,国籍総数,02000,青森県,1980000000,1980年,人
59,00700,全域,002,女,203,15～19歳,000,国籍総数,03000,岩手県,1980000000,1980年,人
226,00700,全域,002,女,203,15～19歳,000,国籍総数,04000,宮城県,1980000000,1980年,人
47,00700,全域,002,女,203,15～19歳,000,国籍総数,05000,秋田県,1980000000,1980年,人
38,00700,全域,002,女,203,15～19歳,000,国籍総数,06000,山形県,1980000000,1980年,人
67,00700,全域,002,女,203,15～19歳,000,国籍総数,07000,福島県,1980000000,1980年,人
188,00700,全域,002,女,203,15～19歳,000,国籍総数,08000,茨城県,1980000000,1980年,人
100,00700,全域,002,女,203,15～19歳,000,国籍総数,09000,栃木県,1980000000,1980年,人
107,00700,全域,002,女,203,15～19歳,000,国籍総数,10000,群馬県,1980000000,1980年,人
425,00700,全域,002,女,203,15～19歳,000,国籍総数,11000,埼玉県,1980000000,1980年,人
417,00700,全域,002,女,203,15～19歳,000,国籍総数,12000,千葉県,1980000000,1980年,人
3526,00700,全域,002,女,203,15～19歳,000,国籍総数,13000,東京都,1980000000,1980年,人
1395,00700,全域,002,女,203,15～19歳,000,国籍総数,14000,神奈川県,1980000000,1980年,人
90,00700,全域,002,女,203,15～19歳,000,国籍総数,15000,新潟県,1980000000,1980年,人
73,00700,全域,002,女,203,15～19歳,000,国籍総数,16000,富山県,1980000000,1980年,人
117,00700,全域,002,女,203,15～19歳,000,国籍総数,17000,石川県,1980000000,1980年,人
161,00700,全域,002,女,203,15～19歳,000,国籍総数,18000,福井県,1980000000,1980年,人
50,00700,全域,002,女,203,15～19歳,000,国籍総数,19000,山梨県,1980000000,1980年,人
163,00700,全域,002,女,203,15～19歳,000,国籍総数,20000,長野県,1980000000,1980年,人
445,00700,全域,002,女,203,15～19歳,000,国籍総数,21000,岐阜県,1980000000,1980年,人
358,00700,全域,002,女,203,15～19歳,000,国籍総数,22000,静岡県,1980000000,1980年,人
2503,00700,全域,002,女,203,15～19歳,000,国籍総数,23000,愛知県,1980000000,1980年,人
316,00700,全域,002,女,203,15～19歳,000,国籍総数,24000,三重県,1980000000,1980年,人
313,00700,全域,002,女,203,15～19歳,000,国籍総数,25000,滋賀県,1980000000,1980年,人
1907,00700,全域,002,女,203,15～19歳,000,国籍総数,26000,京都府,1980000000,1980年,人
7727,00700,全域,002,女,203,15～19歳,000,国籍総数,27000,大阪府,1980000000,1980年,人
3053,00700,全域,002,女,203,15～19歳,000,国籍総数,28000,兵庫県,1980000000,1980年,人
266,00700,全域,002,女,203,15～19歳,000,国籍総数,29000,奈良県,1980000000,1980年,人
174,00700,全域,002,女,203,15～19歳,000,国籍総数,30000,和歌山県,1980000000,1980年,人
62,00700,全域,002,女,203,15～19歳,000,国籍総数,31000,鳥取県,1980000000,1980年,人
48,00700,全域,002,女,203,15～19歳,000,国籍総数,32000,島根県,1980000000,1980年,人
297,00700,全域,002,女,203,15～19歳,000,国籍総数,33000,岡山県,1980000000,1980年,人
721,00700,全域,002,女,203,15～19歳,000,国籍総数,34000,広島県,1980000000,1980年,人
548,00700,全域,002,女,203,15～19歳,000,国籍総数,35000,山口県,1980000000,1980年,人
14,00700,全域,002,女,203,15～19歳,000,国籍総数,36000,徳島県,1980000000,1980年,人
39,00700,全域,002,女,203,15～19歳,000,国籍総数,37000,香川県,1980000000,1980年,人
73,00700,全域,002,女,203,15～19歳,000,国籍総数,38000,愛媛県,1980000000,1980年,人
38,00700,全域,002,女,203,15～19歳,000,国籍総数,39000,高知県,1980000000,1980年,人
986,00700,全域,002,女,203,15～19歳,000,国籍総数,40000,福岡県,1980000000,1980年,人
54,00700,全域,002,女,203,15～19歳,000,国籍総数,41000,佐賀県,1980000000,1980年,人
118,00700,全域,002,女,203,15～19歳,000,国籍総数,42000,長崎県,1980000000,1980年,人
74,00700,全域,002,女,203,15～19歳,000,国籍総数,43000,熊本県,1980000000,1980年,人
117,00700,全域,002,女,203,15～19歳,000,国籍総数,44000,大分県,1980000000,1980年,人
37,00700,全域,002,女,203,15～19歳,000,国籍総数,45000,宮崎県,1980000000,1980年,人
47,00700,全域,002,女,203,15～19歳,000,国籍総数,46000,鹿児島県,1980000000,1980年,人
188,00700,全域,002,女,203,15～19歳,000,国籍総数,47000,沖縄県,1980000000,1980年,人
24239,00700,全域,002,女,203,15～19歳,001,韓国・朝鮮,00000,全国,1980000000,1980年,人
22722,00700,全域,002,女,203,15～19歳,001,韓国・朝鮮,00001,全国市部,1980000000,1980年,人
1517,00700,全域,002,女,203,15～19歳,001,韓国・朝鮮,00002,全国郡部,1980000000,1980年,人
174,00700,全域,002,女,203,15～19歳,001,韓国・朝鮮,01000,北海道,1980000000,1980年,人
37,00700,全域,002,女,203,15～19歳,001,韓国・朝鮮,02000,青森県,1980000000,1980年,人
30,00700,全域,002,女,203,15～19歳,001,韓国・朝鮮,03000,岩手県,1980000000,1980年,人
184,00700,全域,002,女,203,15～19歳,001,韓国・朝鮮,04000,宮城県,1980000000,1980年,人
19,00700,全域,002,女,203,15～19歳,001,韓国・朝鮮,05000,秋田県,1980000000,1980年,人
17,00700,全域,002,女,203,15～19歳,001,韓国・朝鮮,06000,山形県,1980000000,1980年,人
36,00700,全域,002,女,203,15～19歳,001,韓国・朝鮮,07000,福島県,1980000000,1980年,人
163,00700,全域,002,女,203,15～19歳,001,韓国・朝鮮,08000,茨城県,1980000000,1980年,人
66,00700,全域,002,女,203,15～19歳,001,韓国・朝鮮,09000,栃木県,1980000000,1980年,人
72,00700,全域,002,女,203,15～19歳,001,韓国・朝鮮,10000,群馬県,1980000000,1980年,人
336,00700,全域,002,女,203,15～19歳,001,韓国・朝鮮,11000,埼玉県,1980000000,1980年,人
329,00700,全域,002,女,203,15～19歳,001,韓国・朝鮮,12000,千葉県,1980000000,1980年,人
2605,00700,全域,002,女,203,15～19歳,001,韓国・朝鮮,13000,東京都,1980000000,1980年,人
965,00700,全域,002,女,203,15～19歳,001,韓国・朝鮮,14000,神奈川県,1980000000,1980年,人
73,00700,全域,002,女,203,15～19歳,001,韓国・朝鮮,15000,新潟県,1980000000,1980年,人
58,00700,全域,002,女,203,15～19歳,001,韓国・朝鮮,16000,富山県,1980000000,1980年,人
103,00700,全域,002,女,203,15～19歳,001,韓国・朝鮮,17000,石川県,1980000000,1980年,人
157,00700,全域,002,女,203,15～19歳,001,韓国・朝鮮,18000,福井県,1980000000,1980年,人
33,00700,全域,002,女,203,15～19歳,001,韓国・朝鮮,19000,山梨県,1980000000,1980年,人
114,00700,全域,002,女,203,15～19歳,001,韓国・朝鮮,20000,長野県,1980000000,1980年,人
421,00700,全域,002,女,203,15～19歳,001,韓国・朝鮮,21000,岐阜県,1980000000,1980年,人
262,00700,全域,002,女,203,15～19歳,001,韓国・朝鮮,22000,静岡県,1980000000,1980年,人
2381,00700,全域,002,女,203,15～19歳,001,韓国・朝鮮,23000,愛知県,1980000000,1980年,人
299,00700,全域,002,女,203,15～19歳,001,韓国・朝鮮,24000,三重県,1980000000,1980年,人
291,00700,全域,002,女,203,15～19歳,001,韓国・朝鮮,25000,滋賀県,1980000000,1980年,人
1825,00700,全域,002,女,203,15～19歳,001,韓国・朝鮮,26000,京都府,1980000000,1980年,人
7386,00700,全域,002,女,203,15～19歳,001,韓国・朝鮮,27000,大阪府,1980000000,1980年,人
2645,00700,全域,002,女,203,15～19歳,001,韓国・朝鮮,28000,兵庫県,1980000000,1980年,人
229,00700,全域,002,女,203,15～19歳,001,韓国・朝鮮,29000,奈良県,1980000000,1980年,人
135,00700,全域,002,女,203,15～19歳,001,韓国・朝鮮,30000,和歌山県,1980000000,1980年,人
47,00700,全域,002,女,203,15～19歳,001,韓国・朝鮮,31000,鳥取県,1980000000,1980年,人
32,00700,全域,002,女,203,15～19歳,001,韓国・朝鮮,32000,島根県,1980000000,1980年,人
272,00700,全域,002,女,203,15～19歳,001,韓国・朝鮮,33000,岡山県,1980000000,1980年,人
646,00700,全域,002,女,203,15～19歳,001,韓国・朝鮮,34000,広島県,1980000000,1980年,人
519,00700,全域,002,女,203,15～19歳,001,韓国・朝鮮,35000,山口県,1980000000,1980年,人
6,00700,全域,002,女,203,15～19歳,001,韓国・朝鮮,36000,徳島県,1980000000,1980年,人
20,00700,全域,002,女,203,15～19歳,001,韓国・朝鮮,37000,香川県,1980000000,1980年,人
57,00700,全域,002,女,203,15～19歳,001,韓国・朝鮮,38000,愛媛県,1980000000,1980年,人
21,00700,全域,002,女,203,15～19歳,001,韓国・朝鮮,39000,高知県,1980000000,1980年,人
909,00700,全域,002,女,203,15～19歳,001,韓国・朝鮮,40000,福岡県,1980000000,1980年,人
39,00700,全域,002,女,203,15～19歳,001,韓国・朝鮮,41000,佐賀県,1980000000,1980年,人
71,00700,全域,002,女,203,15～19歳,001,韓国・朝鮮,42000,長崎県,1980000000,1980年,人
47,00700,全域,002,女,203,15～19歳,001,韓国・朝鮮,43000,熊本県,1980000000,1980年,人
83,00700,全域,002,女,203,15～19歳,001,韓国・朝鮮,44000,大分県,1980000000,1980年,人
18,00700,全域,002,女,203,15～19歳,001,韓国・朝鮮,45000,宮崎県,1980000000,1980年,人
5,00700,全域,002,女,203,15～19歳,001,韓国・朝鮮,46000,鹿児島県,1980000000,1980年,人
2,00700,全域,002,女,203,15～19歳,001,韓国・朝鮮,47000,沖縄県,1980000000,1980年,人
1512,00700,全域,002,女,203,15～19歳,002,中国,00000,全国,1980000000,1980年,人
1359,00700,全域,002,女,203,15～19歳,002,中国,00001,全国市部,1980000000,1980年,人
153,00700,全域,002,女,203,15～19歳,002,中国,00002,全国郡部,1980000000,1980年,人
26,00700,全域,002,女,203,15～19歳,002,中国,01000,北海道,1980000000,1980年,人
6,00700,全域,002,女,203,15～19歳,002,中国,02000,青森県,1980000000,1980年,人
11,00700,全域,002,女,203,15～19歳,002,中国,03000,岩手県,1980000000,1980年,人
12,00700,全域,002,女,203,15～19歳,002,中国,04000,宮城県,1980000000,1980年,人
7,00700,全域,002,女,203,15～19歳,002,中国,05000,秋田県,1980000000,1980年,人
9,00700,全域,002,女,203,15～19歳,002,中国,06000,山形県,1980000000,1980年,人
11,00700,全域,002,女,203,15～19歳,002,中国,07000,福島県,1980000000,1980年,人
5,00700,全域,002,女,203,15～19歳,002,中国,08000,茨城県,1980000000,1980年,人
11,00700,全域,002,女,203,15～19歳,002,中国,09000,栃木県,1980000000,1980年,人
7,00700,全域,002,女,203,15～19歳,002,中国,10000,群馬県,1980000000,1980年,人
21,00700,全域,002,女,203,15～19歳,002,中国,11000,埼玉県,1980000000,1980年,人
43,00700,全域,002,女,203,15～19歳,002,中国,12000,千葉県,1980000000,1980年,人
349,00700,全域,002,女,203,15～19歳,002,中国,13000,東京都,1980000000,1980年,人
187,00700,全域,002,女,203,15～19歳,002,中国,14000,神奈川県,1980000000,1980年,人
3,00700,全域,002,女,203,15～19歳,002,中国,15000,新潟県,1980000000,1980年,人
9,00700,全域,002,女,203,15～19歳,002,中国,16000,富山県,1980000000,1980年,人
2,00700,全域,002,女,203,15～19歳,002,中国,17000,石川県,1980000000,1980年,人
1,00700,全域,002,女,203,15～19歳,002,中国,18000,福井県,1980000000,1980年,人
13,00700,全域,002,女,203,15～19歳,002,中国,19000,山梨県,1980000000,1980年,人
18,00700,全域,002,女,203,15～19歳,002,中国,20000,長野県,1980000000,1980年,人
5,00700,全域,002,女,203,15～19歳,002,中国,21000,岐阜県,1980000000,1980年,人
39,00700,全域,002,女,203,15～19歳,002,中国,22000,静岡県,1980000000,1980年,人
36,00700,全域,002,女,203,15～19歳,002,中国,23000,愛知県,1980000000,1980年,人
8,00700,全域,002,女,203,15～19歳,002,中国,24000,三重県,1980000000,1980年,人
1,00700,全域,002,女,203,15～19歳,002,中国,25000,滋賀県,1980000000,1980年,人
39,00700,全域,002,女,203,15～19歳,002,中国,26000,京都府,1980000000,1980年,人
182,00700,全域,002,女,203,15～19歳,002,中国,27000,大阪府,1980000000,1980年,人
242,00700,全域,002,女,203,15～19歳,002,中国,28000,兵庫県,1980000000,1980年,人
10,00700,全域,002,女,203,15～19歳,002,中国,29000,奈良県,1980000000,1980年,人
14,00700,全域,002,女,203,15～19歳,002,中国,30000,和歌山県,1980000000,1980年,人
4,00700,全域,002,女,203,15～19歳,002,中国,31000,鳥取県,1980000000,1980年,人
12,00700,全域,002,女,203,15～19歳,002,中国,32000,島根県,1980000000,1980年,人
9,00700,全域,002,女,203,15～19歳,002,中国,33000,岡山県,1980000000,1980年,人
13,00700,全域,002,女,203,15～19歳,002,中国,34000,広島県,1980000000,1980年,人
3,00700,全域,002,女,203,15～19歳,002,中国,35000,山口県,1980000000,1980年,人
1,00700,全域,002,女,203,15～19歳,002,中国,36000,徳島県,1980000000,1980年,人
10,00700,全域,002,女,203,15～19歳,002,中国,37000,香川県,1980000000,1980年,人
5,00700,全域,002,女,203,15～19歳,002,中国,38000,愛媛県,1980000000,1980年,人
1,00700,全域,002,女,203,15～19歳,002,中国,39000,高知県,1980000000,1980年,人
29,00700,全域,002,女,203,15～19歳,002,中国,40000,福岡県,1980000000,1980年,人
5,00700,全域,002,女,203,15～19歳,002,中国,41000,佐賀県,1980000000,1980年,人
13,00700,全域,002,女,203,15～19歳,002,中国,42000,長崎県,1980000000,1980年,人
13,00700,全域,002,女,203,15～19歳,002,中国,43000,熊本県,1980000000,1980年,人
16,00700,全域,002,女,203,15～19歳,002,中国,44000,大分県,1980000000,1980年,人
5,00700,全域,002,女,203,15～19歳,002,中国,45000,宮崎県,1980000000,1980年,人
18,00700,全域,002,女,203,15～19歳,002,中国,46000,鹿児島県,1980000000,1980年,人
28,00700,全域,002,女,203,15～19歳,002,中国,47000,沖縄県,1980000000,1980年,人
668,00700,全域,002,女,203,15～19歳,003,アメリカ,00000,全国,1980000000,1980年,人
591,00700,全域,002,女,203,15～19歳,003,アメリカ,00001,全国市部,1980000000,1980年,人
77,00700,全域,002,女,203,15～19歳,003,アメリカ,00002,全国郡部,1980000000,1980年,人
8,00700,全域,002,女,203,15～19歳,003,アメリカ,01000,北海道,1980000000,1980年,人
2,00700,全域,002,女,203,15～19歳,003,アメリカ,02000,青森県,1980000000,1980年,人
4,00700,全域,002,女,203,15～19歳,003,アメリカ,03000,岩手県,1980000000,1980年,人
9,00700,全域,002,女,203,15～19歳,003,アメリカ,04000,宮城県,1980000000,1980年,人
2,00700,全域,002,女,203,15～19歳,003,アメリカ,05000,秋田県,1980000000,1980年,人
2,00700,全域,002,女,203,15～19歳,003,アメリカ,06000,山形県,1980000000,1980年,人
4,00700,全域,002,女,203,15～19歳,003,アメリカ,07000,福島県,1980000000,1980年,人
3,00700,全域,002,女,203,15～19歳,003,アメリカ,08000,茨城県,1980000000,1980年,人
9,00700,全域,002,女,203,15～19歳,003,アメリカ,09000,栃木県,1980000000,1980年,人
2,00700,全域,002,女,203,15～19歳,003,アメリカ,10000,群馬県,1980000000,1980年,人
22,00700,全域,002,女,203,15～19歳,003,アメリカ,11000,埼玉県,1980000000,1980年,人
8,00700,全域,002,女,203,15～19歳,003,アメリカ,12000,千葉県,1980000000,1980年,人
229,00700,全域,002,女,203,15～19歳,003,アメリカ,13000,東京都,1980000000,1980年,人
91,00700,全域,002,女,203,15～19歳,003,アメリカ,14000,神奈川県,1980000000,1980年,人
1,00700,全域,002,女,203,15～19歳,003,アメリカ,15000,新潟県,1980000000,1980年,人
1,00700,全域,002,女,203,15～19歳,003,アメリカ,16000,富山県,1980000000,1980年,人
3,00700,全域,002,女,203,15～19歳,003,アメリカ,17000,石川県,1980000000,1980年,人
1,00700,全域,002,女,203,15～19歳,003,アメリカ,19000,山梨県,1980000000,1980年,人
3,00700,全域,002,女,203,15～19歳,003,アメリカ,20000,長野県,1980000000,1980年,人
1,00700,全域,002,女,203,15～19歳,003,アメリカ,21000,岐阜県,1980000000,1980年,人
10,00700,全域,002,女,203,15～19歳,003,アメリカ,22000,静岡県,1980000000,1980年,人
21,00700,全域,002,女,203,15～19歳,003,アメリカ,23000,愛知県,1980000000,1980年,人
2,00700,全域,002,女,203,15～19歳,003,アメリカ,24000,三重県,1980000000,1980年,人
3,00700,全域,002,女,203,15～19歳,003,アメリカ,25000,滋賀県,1980000000,1980年,人
9,00700,全域,002,女,203,15～19歳,003,アメリカ,26000,京都府,1980000000,1980年,人
22,00700,全域,002,女,203,15～19歳,003,アメリカ,27000,大阪府,1980000000,1980年,人
36,00700,全域,002,女,203,15～19歳,003,アメリカ,28000,兵庫県,1980000000,1980年,人
5,00700,全域,002,女,203,15～19歳,003,アメリカ,29000,奈良県,1980000000,1980年,人
7,00700,全域,002,女,203,15～19歳,003,アメリカ,30000,和歌山県,1980000000,1980年,人
1,00700,全域,002,女,203,15～19歳,003,アメリカ,32000,島根県,1980000000,1980年,人
3,00700,全域,002,女,203,15～19歳,003,アメリカ,33000,岡山県,1980000000,1980年,人
15,00700,全域,002,女,203,15～19歳,003,アメリカ,34000,広島県,1980000000,1980年,人
5,00700,全域,002,女,203,15～19歳,003,アメリカ,35000,山口県,1980000000,1980年,人
1,00700,全域,002,女,203,15～19歳,003,アメリカ,36000,徳島県,1980000000,1980年,人
2,00700,全域,002,女,203,15～19歳,003,アメリカ,38000,愛媛県,1980000000,1980年,人
1,00700,全域,002,女,203,15～19歳,003,アメリカ,39000,高知県,1980000000,1980年,人
6,00700,全域,002,女,203,15～19歳,003,アメリカ,40000,福岡県,1980000000,1980年,人
3,00700,全域,002,女,203,15～19歳,003,アメリカ,41000,佐賀県,1980000000,1980年,人
9,00700,全域,002,女,203,15～19歳,003,アメリカ,42000,長崎県,1980000000,1980年,人
2,00700,全域,002,女,203,15～19歳,003,アメリカ,43000,熊本県,1980000000,1980年,人
6,00700,全域,002,女,203,15～19歳,003,アメリカ,44000,大分県,1980000000,1980年,人
15,00700,全域,002,女,203,15～19歳,003,アメリカ,46000,鹿児島県,1980000000,1980年,人
79,00700,全域,002,女,203,15～19歳,003,アメリカ,47000,沖縄県,1980000000,1980年,人
916,00700,全域,002,女,203,15～19歳,004,その他,00000,全国,1980000000,1980年,人
769,00700,全域,002,女,203,15～19歳,004,その他,00001,全国市部,1980000000,1980年,人
147,00700,全域,002,女,203,15～19歳,004,その他,00002,全国郡部,1980000000,1980年,人
11,00700,全域,002,女,203,15～19歳,004,その他,01000,北海道,1980000000,1980年,人
3,00700,全域,002,女,203,15～19歳,004,その他,02000,青森県,1980000000,1980年,人
9,00700,全域,002,女,203,15～19歳,004,その他,03000,岩手県,1980000000,1980年,人
10,00700,全域,002,女,203,15～19歳,004,その他,04000,宮城県,1980000000,1980年,人
13,00700,全域,002,女,203,15～19歳,004,その他,05000,秋田県,1980000000,1980年,人
5,00700,全域,002,女,203,15～19歳,004,その他,06000,山形県,1980000000,1980年,人
10,00700,全域,002,女,203,15～19歳,004,その他,07000,福島県,1980000000,1980年,人
7,00700,全域,002,女,203,15～19歳,004,その他,08000,茨城県,1980000000,1980年,人
6,00700,全域,002,女,203,15～19歳,004,その他,09000,栃木県,1980000000,1980年,人
16,00700,全域,002,女,203,15～19歳,004,その他,10000,群馬県,1980000000,1980年,人
28,00700,全域,002,女,203,15～19歳,004,その他,11000,埼玉県,1980000000,1980年,人
20,00700,全域,002,女,203,15～19歳,004,その他,12000,千葉県,1980000000,1980年,人
218,00700,全域,002,女,203,15～19歳,004,その他,13000,東京都,1980000000,1980年,人
100,00700,全域,002,女,203,15～19歳,004,その他,14000,神奈川県,1980000000,1980年,人
7,00700,全域,002,女,203,15～19歳,004,その他,15000,新潟県,1980000000,1980年,人
2,00700,全域,002,女,203,15～19歳,004,その他,16000,富山県,1980000000,1980年,人
5,00700,全域,002,女,203,15～19歳,004,その他,17000,石川県,1980000000,1980年,人
2,00700,全域,002,女,203,15～19歳,004,その他,18000,福井県,1980000000,1980年,人
2,00700,全域,002,女,203,15～19歳,004,その他,19000,山梨県,1980000000,1980年,人
24,00700,全域,002,女,203,15～19歳,004,その他,20000,長野県,1980000000,1980年,人
3,00700,全域,002,女,203,15～19歳,004,その他,21000,岐阜県,1980000000,1980年,人
30,00700,全域,002,女,203,15～19歳,004,その他,22000,静岡県,1980000000,1980年,人
33,00700,全域,002,女,203,15～19歳,004,その他,23000,愛知県,1980000000,1980年,人
4,00700,全域,002,女,203,15～19歳,004,その他,24000,三重県,1980000000,1980年,人
9,00700,全域,002,女,203,15～19歳,004,その他,25000,滋賀県,1980000000,1980年,人
9,00700,全域,002,女,203,15～19歳,004,その他,26000,京都府,1980000000,1980年,人
26,00700,全域,002,女,203,15～19歳,004,その他,27000,大阪府,1980000000,1980年,人
77,00700,全域,002,女,203,15～19歳,004,その他,28000,兵庫県,1980000000,1980年,人
12,00700,全域,002,女,203,15～19歳,004,その他,29000,奈良県,1980000000,1980年,人
12,00700,全域,002,女,203,15～19歳,004,その他,30000,和歌山県,1980000000,1980年,人
9,00700,全域,002,女,203,15～19歳,004,その他,31000,鳥取県,1980000000,1980年,人
2,00700,全域,002,女,203,15～19歳,004,その他,32000,島根県,1980000000,1980年,人
2,00700,全域,002,女,203,15～19歳,004,その他,33000,岡山県,1980000000,1980年,人
21,00700,全域,002,女,203,15～19歳,004,その他,34000,広島県,1980000000,1980年,人
12,00700,全域,002,女,203,15～19歳,004,その他,35000,山口県,1980000000,1980年,人
4,00700,全域,002,女,203,15～19歳,004,その他,36000,徳島県,1980000000,1980年,人
2,00700,全域,002,女,203,15～19歳,004,その他,37000,香川県,1980000000,1980年,人
2,00700,全域,002,女,203,15～19歳,004,その他,38000,愛媛県,1980000000,1980年,人
9,00700,全域,002,女,203,15～19歳,004,その他,39000,高知県,1980000000,1980年,人
16,00700,全域,002,女,203,15～19歳,004,その他,40000,福岡県,1980000000,1980年,人
1,00700,全域,002,女,203,15～19歳,004,その他,41000,佐賀県,1980000000,1980年,人
19,00700,全域,002,女,203,15～19歳,004,その他,42000,長崎県,1980000000,1980年,人
9,00700,全域,002,女,203,15～19歳,004,その他,43000,熊本県,1980000000,1980年,人
11,00700,全域,002,女,203,15～19歳,004,その他,44000,大分県,1980000000,1980年,人
5,00700,全域,002,女,203,15～19歳,004,その他,45000,宮崎県,1980000000,1980年,人
9,00700,全域,002,女,203,15～19歳,004,その他,46000,鹿児島県,1980000000,1980年,人
70,00700,全域,002,女,203,15～19歳,004,その他,47000,沖縄県,1980000000,1980年,人
29115,00700,全域,002,女,204,20～24歳,000,国籍総数,00000,全国,1980000000,1980年,人
26876,00700,全域,002,女,204,20～24歳,000,国籍総数,00001,全国市部,1980000000,1980年,人
2239,00700,全域,002,女,204,20～24歳,000,国籍総数,00002,全国郡部,1980000000,1980年,人
308,00700,全域,002,女,204,20～24歳,000,国籍総数,01000,北海道,1980000000,1980年,人
73,00700,全域,002,女,204,20～24歳,000,国籍総数,02000,青森県,1980000000,1980年,人
85,00700,全域,002,女,204,20～24歳,000,国籍総数,03000,岩手県,1980000000,1980年,人
219,00700,全域,002,女,204,20～24歳,000,国籍総数,04000,宮城県,1980000000,1980年,人
50,00700,全域,002,女,204,20～24歳,000,国籍総数,05000,秋田県,1980000000,1980年,人
36,00700,全域,002,女,204,20～24歳,000,国籍総数,06000,山形県,1980000000,1980年,人
93,00700,全域,002,女,204,20～24歳,000,国籍総数,07000,福島県,1980000000,1980年,人
174,00700,全域,002,女,204,20～24歳,000,国籍総数,08000,茨城県,1980000000,1980年,人
132,00700,全域,002,女,204,20～24歳,000,国籍総数,09000,栃木県,1980000000,1980年,人
173,00700,全域,002,女,204,20～24歳,000,国籍総数,10000,群馬県,1980000000,1980年,人
466,00700,全域,002,女,204,20～24歳,000,国籍総数,11000,埼玉県,1980000000,1980年,人
535,00700,全域,002,女,204,20～24歳,000,国籍総数,12000,千葉県,1980000000,1980年,人
4456,00700,全域,002,女,204,20～24歳,000,国籍総数,13000,東京都,1980000000,1980年,人
1516,00700,全域,002,女,204,20～24歳,000,国籍総数,14000,神奈川県,1980000000,1980年,人
122,00700,全域,002,女,204,20～24歳,000,国籍総数,15000,新潟県,1980000000,1980年,人
95,00700,全域,002,女,204,20～24歳,000,国籍総数,16000,富山県,1980000000,1980年,人
133,00700,全域,002,女,204,20～24歳,000,国籍総数,17000,石川県,1980000000,1980年,人
161,00700,全域,002,女,204,20～24歳,000,国籍総数,18000,福井県,1980000000,1980年,人
46,00700,全域,002,女,204,20～24歳,000,国籍総数,19000,山梨県,1980000000,1980年,人
204,00700,全域,002,女,204,20～24歳,000,国籍総数,20000,長野県,1980000000,1980年,人
353,00700,全域,002,女,204,20～24歳,000,国籍総数,21000,岐阜県,1980000000,1980年,人
404,00700,全域,002,女,204,20～24歳,000,国籍総数,22000,静岡県,1980000000,1980年,人
2082,00700,全域,002,女,204,20～24歳,000,国籍総数,23000,愛知県,1980000000,1980年,人
343,00700,全域,002,女,204,20～24歳,000,国籍総数,24000,三重県,1980000000,1980年,人
313,00700,全域,002,女,204,20～24歳,000,国籍総数,25000,滋賀県,1980000000,1980年,人
1847,00700,全域,002,女,204,20～24歳,000,国籍総数,26000,京都府,1980000000,1980年,人
7546,00700,全域,002,女,204,20～24歳,000,国籍総数,27000,大阪府,1980000000,1980年,人
3007,00700,全域,002,女,204,20～24歳,000,国籍総数,28000,兵庫県,1980000000,1980年,人
274,00700,全域,002,女,204,20～24歳,000,国籍総数,29000,奈良県,1980000000,1980年,人
199,00700,全域,002,女,204,20～24歳,000,国籍総数,30000,和歌山県,1980000000,1980年,人
81,00700,全域,002,女,204,20～24歳,000,国籍総数,31000,鳥取県,1980000000,1980年,人
56,00700,全域,002,女,204,20～24歳,000,国籍総数,32000,島根県,1980000000,1980年,人
332,00700,全域,002,女,204,20～24歳,000,国籍総数,33000,岡山県,1980000000,1980年,人
572,00700,全域,002,女,204,20～24歳,000,国籍総数,34000,広島県,1980000000,1980年,人
599,00700,全域,002,女,204,20～24歳,000,国籍総数,35000,山口県,1980000000,1980年,人
25,00700,全域,002,女,204,20～24歳,000,国籍総数,36000,徳島県,1980000000,1980年,人
28,00700,全域,002,女,204,20～24歳,000,国籍総数,37000,香川県,1980000000,1980年,人
75,00700,全域,002,女,204,20～24歳,000,国籍総数,38000,愛媛県,1980000000,1980年,人
31,00700,全域,002,女,204,20～24歳,000,国籍総数,39000,高知県,1980000000,1980年,人
1099,00700,全域,002,女,204,20～24歳,000,国籍総数,40000,福岡県,1980000000,1980年,人
64,00700,全域,002,女,204,20～24歳,000,国籍総数,41000,佐賀県,1980000000,1980年,人
142,00700,全域,002,女,204,20～24歳,000,国籍総数,42000,長崎県,1980000000,1980年,人
111,00700,全域,002,女,204,20～24歳,000,国籍総数,43000,熊本県,1980000000,1980年,人
137,00700,全域,002,女,204,20～24歳,000,国籍総数,44000,大分県,1980000000,1980年,人
47,00700,全域,002,女,204,20～24歳,000,国籍総数,45000,宮崎県,1980000000,1980年,人
85,00700,全域,002,女,204,20～24歳,000,国籍総数,46000,鹿児島県,1980000000,1980年,人
186,00700,全域,002,女,204,20～24歳,000,国籍総数,47000,沖縄県,1980000000,1980年,人
23240,00700,全域,002,女,204,20～24歳,001,韓国・朝鮮,00000,全国,1980000000,1980年,人
21655,00700,全域,002,女,204,20～24歳,001,韓国・朝鮮,00001,全国市部,1980000000,1980年,人
1585,00700,全域,002,女,204,20～24歳,001,韓国・朝鮮,00002,全国郡部,1980000000,1980年,人
217,00700,全域,002,女,204,20～24歳,001,韓国・朝鮮,01000,北海道,1980000000,1980年,人
57,00700,全域,002,女,204,20～24歳,001,韓国・朝鮮,02000,青森県,1980000000,1980年,人
45,00700,全域,002,女,204,20～24歳,001,韓国・朝鮮,03000,岩手県,1980000000,1980年,人
138,00700,全域,002,女,204,20～24歳,001,韓国・朝鮮,04000,宮城県,1980000000,1980年,人
28,00700,全域,002,女,204,20～24歳,001,韓国・朝鮮,05000,秋田県,1980000000,1980年,人
20,00700,全域,002,女,204,20～24歳,001,韓国・朝鮮,06000,山形県,1980000000,1980年,人
47,00700,全域,002,女,204,20～24歳,001,韓国・朝鮮,07000,福島県,1980000000,1980年,人
115,00700,全域,002,女,204,20～24歳,001,韓国・朝鮮,08000,茨城県,1980000000,1980年,人
73,00700,全域,002,女,204,20～24歳,001,韓国・朝鮮,09000,栃木県,1980000000,1980年,人
88,00700,全域,002,女,204,20～24歳,001,韓国・朝鮮,10000,群馬県,1980000000,1980年,人
317,00700,全域,002,女,204,20～24歳,001,韓国・朝鮮,11000,埼玉県,1980000000,1980年,人
329,00700,全域,002,女,204,20～24歳,001,韓国・朝鮮,12000,千葉県,1980000000,1980年,人
2709,00700,全域,002,女,204,20～24歳,001,韓国・朝鮮,13000,東京都,1980000000,1980年,人
1022,00700,全域,002,女,204,20～24歳,001,韓国・朝鮮,14000,神奈川県,1980000000,1980年,人
83,00700,全域,002,女,204,20～24歳,001,韓国・朝鮮,15000,新潟県,1980000000,1980年,人
68,00700,全域,002,女,204,20～24歳,001,韓国・朝鮮,16000,富山県,1980000000,1980年,人
107,00700,全域,002,女,204,20～24歳,001,韓国・朝鮮,17000,石川県,1980000000,1980年,人
155,00700,全域,002,女,204,20～24歳,001,韓国・朝鮮,18000,福井県,1980000000,1980年,人
27,00700,全域,002,女,204,20～24歳,001,韓国・朝鮮,19000,山梨県,1980000000,1980年,人
128,00700,全域,002,女,204,20～24歳,001,韓国・朝鮮,20000,長野県,1980000000,1980年,人
326,00700,全域,002,女,204,20～24歳,001,韓国・朝鮮,21000,岐阜県,1980000000,1980年,人
257,00700,全域,002,女,204,20～24歳,001,韓国・朝鮮,22000,静岡県,1980000000,1980年,人
1894,00700,全域,002,女,204,20～24歳,001,韓国・朝鮮,23000,愛知県,1980000000,1980年,人
295,00700,全域,002,女,204,20～24歳,001,韓国・朝鮮,24000,三重県,1980000000,1980年,人
285,00700,全域,002,女,204,20～24歳,001,韓国・朝鮮,25000,滋賀県,1980000000,1980年,人
1677,00700,全域,002,女,204,20～24歳,001,韓国・朝鮮,26000,京都府,1980000000,1980年,人
7017,00700,全域,002,女,204,20～24歳,001,韓国・朝鮮,27000,大阪府,1980000000,1980年,人
2539,00700,全域,002,女,204,20～24歳,001,韓国・朝鮮,28000,兵庫県,1980000000,1980年,人
202,00700,全域,002,女,204,20～24歳,001,韓国・朝鮮,29000,奈良県,1980000000,1980年,人
146,00700,全域,002,女,204,20～24歳,001,韓国・朝鮮,30000,和歌山県,1980000000,1980年,人
54,00700,全域,002,女,204,20～24歳,001,韓国・朝鮮,31000,鳥取県,1980000000,1980年,人
49,00700,全域,002,女,204,20～24歳,001,韓国・朝鮮,32000,島根県,1980000000,1980年,人
294,00700,全域,002,女,204,20～24歳,001,韓国・朝鮮,33000,岡山県,1980000000,1980年,人
484,00700,全域,002,女,204,20～24歳,001,韓国・朝鮮,34000,広島県,1980000000,1980年,人
550,00700,全域,002,女,204,20～24歳,001,韓国・朝鮮,35000,山口県,1980000000,1980年,人
13,00700,全域,002,女,204,20～24歳,001,韓国・朝鮮,36000,徳島県,1980000000,1980年,人
19,00700,全域,002,女,204,20～24歳,001,韓国・朝鮮,37000,香川県,1980000000,1980年,人
61,00700,全域,002,女,204,20～24歳,001,韓国・朝鮮,38000,愛媛県,1980000000,1980年,人
13,00700,全域,002,女,204,20～24歳,001,韓国・朝鮮,39000,高知県,1980000000,1980年,人
947,00700,全域,002,女,204,20～24歳,001,韓国・朝鮮,40000,福岡県,1980000000,1980年,人
48,00700,全域,002,女,204,20～24歳,001,韓国・朝鮮,41000,佐賀県,1980000000,1980年,人
90,00700,全域,002,女,204,20～24歳,001,韓国・朝鮮,42000,長崎県,1980000000,1980年,人
58,00700,全域,002,女,204,20～24歳,001,韓国・朝鮮,43000,熊本県,1980000000,1980年,人
100,00700,全域,002,女,204,20～24歳,001,韓国・朝鮮,44000,大分県,1980000000,1980年,人
24,00700,全域,002,女,204,20～24歳,001,韓国・朝鮮,45000,宮崎県,1980000000,1980年,人
17,00700,全域,002,女,204,20～24歳,001,韓国・朝鮮,46000,鹿児島県,1980000000,1980年,人
8,00700,全域,002,女,204,20～24歳,001,韓国・朝鮮,47000,沖縄県,1980000000,1980年,人
2211,00700,全域,002,女,204,20～24歳,002,中国,00000,全国,1980000000,1980年,人
2020,00700,全域,002,女,204,20～24歳,002,中国,00001,全国市部,1980000000,1980年,人
191,00700,全域,002,女,204,20～24歳,002,中国,00002,全国郡部,1980000000,1980年,人
29,00700,全域,002,女,204,20～24歳,002,中国,01000,北海道,1980000000,1980年,人
6,00700,全域,002,女,204,20～24歳,002,中国,02000,青森県,1980000000,1980年,人
13,00700,全域,002,女,204,20～24歳,002,中国,03000,岩手県,1980000000,1980年,人
33,00700,全域,002,女,204,20～24歳,002,中国,04000,宮城県,1980000000,1980年,人
3,00700,全域,002,女,204,20～24歳,002,中国,05000,秋田県,1980000000,1980年,人
5,00700,全域,002,女,204,20～24歳,002,中国,06000,山形県,1980000000,1980年,人
17,00700,全域,002,女,204,20～24歳,002,中国,07000,福島県,1980000000,1980年,人
20,00700,全域,002,女,204,20～24歳,002,中国,08000,茨城県,1980000000,1980年,人
18,00700,全域,002,女,204,20～24歳,002,中国,09000,栃木県,1980000000,1980年,人
16,00700,全域,002,女,204,20～24歳,002,中国,10000,群馬県,1980000000,1980年,人
53,00700,全域,002,女,204,20～24歳,002,中国,11000,埼玉県,1980000000,1980年,人
89,00700,全域,002,女,204,20～24歳,002,中国,12000,千葉県,1980000000,1980年,人
699,00700,全域,002,女,204,20～24歳,002,中国,13000,東京都,1980000000,1980年,人
206,00700,全域,002,女,204,20～24歳,002,中国,14000,神奈川県,1980000000,1980年,人
5,00700,全域,002,女,204,20～24歳,002,中国,15000,新潟県,1980000000,1980年,人
8,00700,全域,002,女,204,20～24歳,002,中国,16000,富山県,1980000000,1980年,人
6,00700,全域,002,女,204,20～24歳,002,中国,17000,石川県,1980000000,1980年,人
2,00700,全域,002,女,204,20～24歳,002,中国,18000,福井県,1980000000,1980年,人
12,00700,全域,002,女,204,20～24歳,002,中国,19000,山梨県,1980000000,1980年,人
19,00700,全域,002,女,204,20～24歳,002,中国,20000,長野県,1980000000,1980年,人
11,00700,全域,002,女,204,20～24歳,002,中国,21000,岐阜県,1980000000,1980年,人
32,00700,全域,002,女,204,20～24歳,002,中国,22000,静岡県,1980000000,1980年,人
58,00700,全域,002,女,204,20～24歳,002,中国,23000,愛知県,1980000000,1980年,人
10,00700,全域,002,女,204,20～24歳,002,中国,24000,三重県,1980000000,1980年,人
2,00700,全域,002,女,204,20～24歳,002,中国,25000,滋賀県,1980000000,1980年,人
38,00700,全域,002,女,204,20～24歳,002,中国,26000,京都府,1980000000,1980年,人
275,00700,全域,002,女,204,20～24歳,002,中国,27000,大阪府,1980000000,1980年,人
266,00700,全域,002,女,204,20～24歳,002,中国,28000,兵庫県,1980000000,1980年,人
20,00700,全域,002,女,204,20～24歳,002,中国,29000,奈良県,1980000000,1980年,人
17,00700,全域,002,女,204,20～24歳,002,中国,30000,和歌山県,1980000000,1980年,人
7,00700,全域,002,女,204,20～24歳,002,中国,31000,鳥取県,1980000000,1980年,人
3,00700,全域,002,女,204,20～24歳,002,中国,32000,島根県,1980000000,1980年,人
22,00700,全域,002,女,204,20～24歳,002,中国,33000,岡山県,1980000000,1980年,人
10,00700,全域,002,女,204,20～24歳,002,中国,34000,広島県,1980000000,1980年,人
5,00700,全域,002,女,204,20～24歳,002,中国,35000,山口県,1980000000,1980年,人
3,00700,全域,002,女,204,20～24歳,002,中国,36000,徳島県,1980000000,1980年,人
3,00700,全域,002,女,204,20～24歳,002,中国,37000,香川県,1980000000,1980年,人
2,00700,全域,002,女,204,20～24歳,002,中国,38000,愛媛県,1980000000,1980年,人
6,00700,全域,002,女,204,20～24歳,002,中国,39000,高知県,1980000000,1980年,人
45,00700,全域,002,女,204,20～24歳,002,中国,40000,福岡県,1980000000,1980年,人
7,00700,全域,002,女,204,20～24歳,002,中国,41000,佐賀県,1980000000,1980年,人
17,00700,全域,002,女,204,20～24歳,002,中国,42000,長崎県,1980000000,1980年,人
13,00700,全域,002,女,204,20～24歳,002,中国,43000,熊本県,1980000000,1980年,人
18,00700,全域,002,女,204,20～24歳,002,中国,44000,大分県,1980000000,1980年,人
4,00700,全域,002,女,204,20～24歳,002,中国,45000,宮崎県,1980000000,1980年,人
25,00700,全域,002,女,204,20～24歳,002,中国,46000,鹿児島県,1980000000,1980年,人
33,00700,全域,002,女,204,20～24歳,002,中国,47000,沖縄県,1980000000,1980年,人
883,00700,全域,002,女,204,20～24歳,003,アメリカ,00000,全国,1980000000,1980年,人
828,00700,全域,002,女,204,20～24歳,003,アメリカ,00001,全国市部,1980000000,1980年,人
55,00700,全域,002,女,204,20～24歳,003,アメリカ,00002,全国郡部,1980000000,1980年,人
14,00700,全域,002,女,204,20～24歳,003,アメリカ,01000,北海道,1980000000,1980年,人
5,00700,全域,002,女,204,20～24歳,003,アメリカ,03000,岩手県,1980000000,1980年,人
12,00700,全域,002,女,204,20～24歳,003,アメリカ,04000,宮城県,1980000000,1980年,人
1,00700,全域,002,女,204,20～24歳,003,アメリカ,05000,秋田県,1980000000,1980年,人
2,00700,全域,002,女,204,20～24歳,003,アメリカ,06000,山形県,1980000000,1980年,人
6,00700,全域,002,女,204,20～24歳,003,アメリカ,08000,茨城県,1980000000,1980年,人
11,00700,全域,002,女,204,20～24歳,003,アメリカ,09000,栃木県,1980000000,1980年,人
7,00700,全域,002,女,204,20～24歳,003,アメリカ,10000,群馬県,1980000000,1980年,人
20,00700,全域,002,女,204,20～24歳,003,アメリカ,11000,埼玉県,1980000000,1980年,人
19,00700,全域,002,女,204,20～24歳,003,アメリカ,12000,千葉県,1980000000,1980年,人
330,00700,全域,002,女,204,20～24歳,003,アメリカ,13000,東京都,1980000000,1980年,人
109,00700,全域,002,女,204,20～24歳,003,アメリカ,14000,神奈川県,1980000000,1980年,人
8,00700,全域,002,女,204,20～24歳,003,アメリカ,15000,新潟県,1980000000,1980年,人
2,00700,全域,002,女,204,20～24歳,003,アメリカ,16000,富山県,1980000000,1980年,人
2,00700,全域,002,女,204,20～24歳,003,アメリカ,17000,石川県,1980000000,1980年,人
4,00700,全域,002,女,204,20～24歳,003,アメリカ,20000,長野県,1980000000,1980年,人
1,00700,全域,002,女,204,20～24歳,003,アメリカ,21000,岐阜県,1980000000,1980年,人
17,00700,全域,002,女,204,20～24歳,003,アメリカ,22000,静岡県,1980000000,1980年,人
28,00700,全域,002,女,204,20～24歳,003,アメリカ,23000,愛知県,1980000000,1980年,人
6,00700,全域,002,女,204,20～24歳,003,アメリカ,24000,三重県,1980000000,1980年,人
2,00700,全域,002,女,204,20～24歳,003,アメリカ,25000,滋賀県,1980000000,1980年,人
50,00700,全域,002,女,204,20～24歳,003,アメリカ,26000,京都府,1980000000,1980年,人
34,00700,全域,002,女,204,20～24歳,003,アメリカ,27000,大阪府,1980000000,1980年,人
38,00700,全域,002,女,204,20～24歳,003,アメリカ,28000,兵庫県,1980000000,1980年,人
7,00700,全域,002,女,204,20～24歳,003,アメリカ,29000,奈良県,1980000000,1980年,人
12,00700,全域,002,女,204,20～24歳,003,アメリカ,30000,和歌山県,1980000000,1980年,人
2,00700,全域,002,女,204,20～24歳,003,アメリカ,31000,鳥取県,1980000000,1980年,人
4,00700,全域,002,女,204,20～24歳,003,アメリカ,33000,岡山県,1980000000,1980年,人
17,00700,全域,002,女,204,20～24歳,003,アメリカ,34000,広島県,1980000000,1980年,人
12,00700,全域,002,女,204,20～24歳,003,アメリカ,35000,山口県,1980000000,1980年,人
2,00700,全域,002,女,204,20～24歳,003,アメリカ,37000,香川県,1980000000,1980年,人
1,00700,全域,002,女,204,20～24歳,003,アメリカ,38000,愛媛県,1980000000,1980年,人
3,00700,全域,002,女,204,20～24歳,003,アメリカ,39000,高知県,1980000000,1980年,人
23,00700,全域,002,女,204,20～24歳,003,アメリカ,40000,福岡県,1980000000,1980年,人
3,00700,全域,002,女,204,20～24歳,003,アメリカ,41000,佐賀県,1980000000,1980年,人
5,00700,全域,002,女,204,20～24歳,003,アメリカ,42000,長崎県,1980000000,1980年,人
7,00700,全域,002,女,204,20～24歳,003,アメリカ,43000,熊本県,1980000000,1980年,人
1,00700,全域,002,女,204,20～24歳,003,アメリカ,44000,大分県,1980000000,1980年,人
1,00700,全域,002,女,204,20～24歳,003,アメリカ,45000,宮崎県,1980000000,1980年,人
15,00700,全域,002,女,204,20～24歳,003,アメリカ,46000,鹿児島県,1980000000,1980年,人
40,00700,全域,002,女,204,20～24歳,003,アメリカ,47000,沖縄県,1980000000,1980年,人
1945,00700,全域,002,女,204,20～24歳,004,その他,00000,全国,1980000000,1980年,人
1641,00700,全域,002,女,204,20～24歳,004,その他,00001,全国市部,1980000000,1980年,人
304,00700,全域,002,女,204,20～24歳,004,その他,00002,全国郡部,1980000000,1980年,人
33,00700,全域,002,女,204,20～24歳,004,その他,01000,北海道,1980000000,1980年,人
6,00700,全域,002,女,204,20～24歳,004,その他,02000,青森県,1980000000,1980年,人
17,00700,全域,002,女,204,20～24歳,004,その他,03000,岩手県,1980000000,1980年,人
26,00700,全域,002,女,204,20～24歳,004,その他,04000,宮城県,1980000000,1980年,人
16,00700,全域,002,女,204,20～24歳,004,その他,05000,秋田県,1980000000,1980年,人
7,00700,全域,002,女,204,20～24歳,004,その他,06000,山形県,1980000000,1980年,人
22,00700,全域,002,女,204,20～24歳,004,その他,07000,福島県,1980000000,1980年,人
25,00700,全域,002,女,204,20～24歳,004,その他,08000,茨城県,1980000000,1980年,人
23,00700,全域,002,女,204,20～24歳,004,その他,09000,栃木県,1980000000,1980年,人
55,00700,全域,002,女,204,20～24歳,004,その他,10000,群馬県,1980000000,1980年,人
57,00700,全域,002,女,204,20～24歳,004,その他,11000,埼玉県,1980000000,1980年,人
79,00700,全域,002,女,204,20～24歳,004,その他,12000,千葉県,1980000000,1980年,人
531,00700,全域,002,女,204,20～24歳,004,その他,13000,東京都,1980000000,1980年,人
130,00700,全域,002,女,204,20～24歳,004,その他,14000,神奈川県,1980000000,1980年,人
22,00700,全域,002,女,204,20～24歳,004,その他,15000,新潟県,1980000000,1980年,人
14,00700,全域,002,女,204,20～24歳,004,その他,16000,富山県,1980000000,1980年,人
9,00700,全域,002,女,204,20～24歳,004,その他,17000,石川県,1980000000,1980年,人
1,00700,全域,002,女,204,20～24歳,004,その他,18000,福井県,1980000000,1980年,人
4,00700,全域,002,女,204,20～24歳,004,その他,19000,山梨県,1980000000,1980年,人
42,00700,全域,002,女,204,20～24歳,004,その他,20000,長野県,1980000000,1980年,人
11,00700,全域,002,女,204,20～24歳,004,その他,21000,岐阜県,1980000000,1980年,人
79,00700,全域,002,女,204,20～24歳,004,その他,22000,静岡県,1980000000,1980年,人
68,00700,全域,002,女,204,20～24歳,004,その他,23000,愛知県,1980000000,1980年,人
13,00700,全域,002,女,204,20～24歳,004,その他,24000,三重県,1980000000,1980年,人
14,00700,全域,002,女,204,20～24歳,004,その他,25000,滋賀県,1980000000,1980年,人
50,00700,全域,002,女,204,20～24歳,004,その他,26000,京都府,1980000000,1980年,人
95,00700,全域,002,女,204,20～24歳,004,その他,27000,大阪府,1980000000,1980年,人
112,00700,全域,002,女,204,20～24歳,004,その他,28000,兵庫県,1980000000,1980年,人
34,00700,全域,002,女,204,20～24歳,004,その他,29000,奈良県,1980000000,1980年,人
14,00700,全域,002,女,204,20～24歳,004,その他,30000,和歌山県,1980000000,1980年,人
16,00700,全域,002,女,204,20～24歳,004,その他,31000,鳥取県,1980000000,1980年,人
3,00700,全域,002,女,204,20～24歳,004,その他,32000,島根県,1980000000,1980年,人
6,00700,全域,002,女,204,20～24歳,004,その他,33000,岡山県,1980000000,1980年,人
42,00700,全域,002,女,204,20～24歳,004,その他,34000,広島県,1980000000,1980年,人
22,00700,全域,002,女,204,20～24歳,004,その他,35000,山口県,1980000000,1980年,人
5,00700,全域,002,女,204,20～24歳,004,その他,36000,徳島県,1980000000,1980年,人
2,00700,全域,002,女,204,20～24歳,004,その他,37000,香川県,1980000000,1980年,人
5,00700,全域,002,女,204,20～24歳,004,その他,38000,愛媛県,1980000000,1980年,人
5,00700,全域,002,女,204,20～24歳,004,その他,39000,高知県,1980000000,1980年,人
46,00700,全域,002,女,204,20～24歳,004,その他,40000,福岡県,1980000000,1980年,人
2,00700,全域,002,女,204,20～24歳,004,その他,41000,佐賀県,1980000000,1980年,人
23,00700,全域,002,女,204,20～24歳,004,その他,42000,長崎県,1980000000,1980年,人
27,00700,全域,002,女,204,20～24歳,004,その他,43000,熊本県,1980000000,1980年,人
14,00700,全域,002,女,204,20～24歳,004,その他,44000,大分県,1980000000,1980年,人
12,00700,全域,002,女,204,20～24歳,004,その他,45000,宮崎県,1980000000,1980年,人
20,00700,全域,002,女,204,20～24歳,004,その他,46000,鹿児島県,1980000000,1980年,人
86,00700,全域,002,女,204,20～24歳,004,その他,47000,沖縄県,1980000000,1980年,人
32182,00700,全域,002,女,205,25～29歳,000,国籍総数,00000,全国,1980000000,1980年,人
29676,00700,全域,002,女,205,25～29歳,000,国籍総数,00001,全国市部,1980000000,1980年,人
2506,00700,全域,002,女,205,25～29歳,000,国籍総数,00002,全国郡部,1980000000,1980年,人
379,00700,全域,002,女,205,25～29歳,000,国籍総数,01000,北海道,1980000000,1980年,人
94,00700,全域,002,女,205,25～29歳,000,国籍総数,02000,青森県,1980000000,1980年,人
79,00700,全域,002,女,205,25～29歳,000,国籍総数,03000,岩手県,1980000000,1980年,人
239,00700,全域,002,女,205,25～29歳,000,国籍総数,04000,宮城県,1980000000,1980年,人
47,00700,全域,002,女,205,25～29歳,000,国籍総数,05000,秋田県,1980000000,1980年,人
41,00700,全域,002,女,205,25～29歳,000,国籍総数,06000,山形県,1980000000,1980年,人
137,00700,全域,002,女,205,25～29歳,000,国籍総数,07000,福島県,1980000000,1980年,人
263,00700,全域,002,女,205,25～29歳,000,国籍総数,08000,茨城県,1980000000,1980年,人
145,00700,全域,002,女,205,25～29歳,000,国籍総数,09000,栃木県,1980000000,1980年,人
177,00700,全域,002,女,205,25～29歳,000,国籍総数,10000,群馬県,1980000000,1980年,人
661,00700,全域,002,女,205,25～29歳,000,国籍総数,11000,埼玉県,1980000000,1980年,人
743,00700,全域,002,女,205,25～29歳,000,国籍総数,12000,千葉県,1980000000,1980年,人
5205,00700,全域,002,女,205,25～29歳,000,国籍総数,13000,東京都,1980000000,1980年,人
1640,00700,全域,002,女,205,25～29歳,000,国籍総数,14000,神奈川県,1980000000,1980年,人
149,00700,全域,002,女,205,25～29歳,000,国籍総数,15000,新潟県,1980000000,1980年,人
86,00700,全域,002,女,205,25～29歳,000,国籍総数,16000,富山県,1980000000,1980年,人
152,00700,全域,002,女,205,25～29歳,000,国籍総数,17000,石川県,1980000000,1980年,人
193,00700,全域,002,女,205,25～29歳,000,国籍総数,18000,福井県,1980000000,1980年,人
83,00700,全域,002,女,205,25～29歳,000,国籍総数,19000,山梨県,1980000000,1980年,人
243,00700,全域,002,女,205,25～29歳,000,国籍総数,20000,長野県,1980000000,1980年,人
393,00700,全域,002,女,205,25～29歳,000,国籍総数,21000,岐阜県,1980000000,1980年,人
374,00700,全域,002,女,205,25～29歳,000,国籍総数,22000,静岡県,1980000000,1980年,人
2272,00700,全域,002,女,205,25～29歳,000,国籍総数,23000,愛知県,1980000000,1980年,人
354,00700,全域,002,女,205,25～29歳,000,国籍総数,24000,三重県,1980000000,1980年,人
308,00700,全域,002,女,205,25～29歳,000,国籍総数,25000,滋賀県,1980000000,1980年,人
2021,00700,全域,002,女,205,25～29歳,000,国籍総数,26000,京都府,1980000000,1980年,人
7646,00700,全域,002,女,205,25～29歳,000,国籍総数,27000,大阪府,1980000000,1980年,人
3444,00700,全域,002,女,205,25～29歳,000,国籍総数,28000,兵庫県,1980000000,1980年,人
275,00700,全域,002,女,205,25～29歳,000,国籍総数,29000,奈良県,1980000000,1980年,人
223,00700,全域,002,女,205,25～29歳,000,国籍総数,30000,和歌山県,1980000000,1980年,人
82,00700,全域,002,女,205,25～29歳,000,国籍総数,31000,鳥取県,1980000000,1980年,人
68,00700,全域,002,女,205,25～29歳,000,国籍総数,32000,島根県,1980000000,1980年,人
340,00700,全域,002,女,205,25～29歳,000,国籍総数,33000,岡山県,1980000000,1980年,人
750,00700,全域,002,女,205,25～29歳,000,国籍総数,34000,広島県,1980000000,1980年,人
662,00700,全域,002,女,205,25～29歳,000,国籍総数,35000,山口県,1980000000,1980年,人
36,00700,全域,002,女,205,25～29歳,000,国籍総数,36000,徳島県,1980000000,1980年,人
73,00700,全域,002,女,205,25～29歳,000,国籍総数,37000,香川県,1980000000,1980年,人
103,00700,全域,002,女,205,25～29歳,000,国籍総数,38000,愛媛県,1980000000,1980年,人
47,00700,全域,002,女,205,25～29歳,000,国籍総数,39000,高知県,1980000000,1980年,人
1225,00700,全域,002,女,205,25～29歳,000,国籍総数,40000,福岡県,1980000000,1980年,人
63,00700,全域,002,女,205,25～29歳,000,国籍総数,41000,佐賀県,1980000000,1980年,人
124,00700,全域,002,女,205,25～29歳,000,国籍総数,42000,長崎県,1980000000,1980年,人
108,00700,全域,002,女,205,25～29歳,000,国籍総数,43000,熊本県,1980000000,1980年,人
153,00700,全域,002,女,205,25～29歳,000,国籍総数,44000,大分県,1980000000,1980年,人
57,00700,全域,002,女,205,25～29歳,000,国籍総数,45000,宮崎県,1980000000,1980年,人
58,00700,全域,002,女,205,25～29歳,000,国籍総数,46000,鹿児島県,1980000000,1980年,人
167,00700,全域,002,女,205,25～29歳,000,国籍総数,47000,沖縄県,1980000000,1980年,人
24824,00700,全域,002,女,205,25～29歳,001,韓国・朝鮮,00000,全国,1980000000,1980年,人
22970,00700,全域,002,女,205,25～29歳,001,韓国・朝鮮,00001,全国市部,1980000000,1980年,人
1854,00700,全域,002,女,205,25～29歳,001,韓国・朝鮮,00002,全国郡部,1980000000,1980年,人
260,00700,全域,002,女,205,25～29歳,001,韓国・朝鮮,01000,北海道,1980000000,1980年,人
70,00700,全域,002,女,205,25～29歳,001,韓国・朝鮮,02000,青森県,1980000000,1980年,人
51,00700,全域,002,女,205,25～29歳,001,韓国・朝鮮,03000,岩手県,1980000000,1980年,人
164,00700,全域,002,女,205,25～29歳,001,韓国・朝鮮,04000,宮城県,1980000000,1980年,人
32,00700,全域,002,女,205,25～29歳,001,韓国・朝鮮,05000,秋田県,1980000000,1980年,人
29,00700,全域,002,女,205,25～29歳,001,韓国・朝鮮,06000,山形県,1980000000,1980年,人
89,00700,全域,002,女,205,25～29歳,001,韓国・朝鮮,07000,福島県,1980000000,1980年,人
166,00700,全域,002,女,205,25～29歳,001,韓国・朝鮮,08000,茨城県,1980000000,1980年,人
87,00700,全域,002,女,205,25～29歳,001,韓国・朝鮮,09000,栃木県,1980000000,1980年,人
108,00700,全域,002,女,205,25～29歳,001,韓国・朝鮮,10000,群馬県,1980000000,1980年,人
429,00700,全域,002,女,205,25～29歳,001,韓国・朝鮮,11000,埼玉県,1980000000,1980年,人
445,00700,全域,002,女,205,25～29歳,001,韓国・朝鮮,12000,千葉県,1980000000,1980年,人
2728,00700,全域,002,女,205,25～29歳,001,韓国・朝鮮,13000,東京都,1980000000,1980年,人
1017,00700,全域,002,女,205,25～29歳,001,韓国・朝鮮,14000,神奈川県,1980000000,1980年,人
103,00700,全域,002,女,205,25～29歳,001,韓国・朝鮮,15000,新潟県,1980000000,1980年,人
75,00700,全域,002,女,205,25～29歳,001,韓国・朝鮮,16000,富山県,1980000000,1980年,人
126,00700,全域,002,女,205,25～29歳,001,韓国・朝鮮,17000,石川県,1980000000,1980年,人
182,00700,全域,002,女,205,25～29歳,001,韓国・朝鮮,18000,福井県,1980000000,1980年,人
58,00700,全域,002,女,205,25～29歳,001,韓国・朝鮮,19000,山梨県,1980000000,1980年,人
177,00700,全域,002,女,205,25～29歳,001,韓国・朝鮮,20000,長野県,1980000000,1980年,人
355,00700,全域,002,女,205,25～29歳,001,韓国・朝鮮,21000,岐阜県,1980000000,1980年,人
275,00700,全域,002,女,205,25～29歳,001,韓国・朝鮮,22000,静岡県,1980000000,1980年,人
2007,00700,全域,002,女,205,25～29歳,001,韓国・朝鮮,23000,愛知県,1980000000,1980年,人
321,00700,全域,002,女,205,25～29歳,001,韓国・朝鮮,24000,三重県,1980000000,1980年,人
281,00700,全域,002,女,205,25～29歳,001,韓国・朝鮮,25000,滋賀県,1980000000,1980年,人
1828,00700,全域,002,女,205,25～29歳,001,韓国・朝鮮,26000,京都府,1980000000,1980年,人
6910,00700,全域,002,女,205,25～29歳,001,韓国・朝鮮,27000,大阪府,1980000000,1980年,人
2828,00700,全域,002,女,205,25～29歳,001,韓国・朝鮮,28000,兵庫県,1980000000,1980年,人
213,00700,全域,002,女,205,25～29歳,001,韓国・朝鮮,29000,奈良県,1980000000,1980年,人
187,00700,全域,002,女,205,25～29歳,001,韓国・朝鮮,30000,和歌山県,1980000000,1980年,人
71,00700,全域,002,女,205,25～29歳,001,韓国・朝鮮,31000,鳥取県,1980000000,1980年,人
53,00700,全域,002,女,205,25～29歳,001,韓国・朝鮮,32000,島根県,1980000000,1980年,人
294,00700,全域,002,女,205,25～29歳,001,韓国・朝鮮,33000,岡山県,1980000000,1980年,人
631,00700,全域,002,女,205,25～29歳,001,韓国・朝鮮,34000,広島県,1980000000,1980年,人
621,00700,全域,002,女,205,25～29歳,001,韓国・朝鮮,35000,山口県,1980000000,1980年,人
10,00700,全域,002,女,205,25～29歳,001,韓国・朝鮮,36000,徳島県,1980000000,1980年,人
44,00700,全域,002,女,205,25～29歳,001,韓国・朝鮮,37000,香川県,1980000000,1980年,人
68,00700,全域,002,女,205,25～29歳,001,韓国・朝鮮,38000,愛媛県,1980000000,1980年,人
33,00700,全域,002,女,205,25～29歳,001,韓国・朝鮮,39000,高知県,1980000000,1980年,人
1045,00700,全域,002,女,205,25～29歳,001,韓国・朝鮮,40000,福岡県,1980000000,1980年,人
51,00700,全域,002,女,205,25～29歳,001,韓国・朝鮮,41000,佐賀県,1980000000,1980年,人
68,00700,全域,002,女,205,25～29歳,001,韓国・朝鮮,42000,長崎県,1980000000,1980年,人
58,00700,全域,002,女,205,25～29歳,001,韓国・朝鮮,43000,熊本県,1980000000,1980年,人
113,00700,全域,002,女,205,25～29歳,001,韓国・朝鮮,44000,大分県,1980000000,1980年,人
40,00700,全域,002,女,205,25～29歳,001,韓国・朝鮮,45000,宮崎県,1980000000,1980年,人
13,00700,全域,002,女,205,25～29歳,001,韓国・朝鮮,46000,鹿児島県,1980000000,1980年,人
10,00700,全域,002,女,205,25～29歳,001,韓国・朝鮮,47000,沖縄県,1980000000,1980年,人
2873,00700,全域,002,女,205,25～29歳,002,中国,00000,全国,1980000000,1980年,人
2672,00700,全域,002,女,205,25～29歳,002,中国,00001,全国市部,1980000000,1980年,人
201,00700,全域,002,女,205,25～29歳,002,中国,00002,全国郡部,1980000000,1980年,人
28,00700,全域,002,女,205,25～29歳,002,中国,01000,北海道,1980000000,1980年,人
9,00700,全域,002,女,205,25～29歳,002,中国,02000,青森県,1980000000,1980年,人
13,00700,全域,002,女,205,25～29歳,002,中国,03000,岩手県,1980000000,1980年,人
34,00700,全域,002,女,205,25～29歳,002,中国,04000,宮城県,1980000000,1980年,人
3,00700,全域,002,女,205,25～29歳,002,中国,05000,秋田県,1980000000,1980年,人
3,00700,全域,002,女,205,25～29歳,002,中国,06000,山形県,1980000000,1980年,人
13,00700,全域,002,女,205,25～29歳,002,中国,07000,福島県,1980000000,1980年,人
34,00700,全域,002,女,205,25～29歳,002,中国,08000,茨城県,1980000000,1980年,人
22,00700,全域,002,女,205,25～29歳,002,中国,09000,栃木県,1980000000,1980年,人
19,00700,全域,002,女,205,25～29歳,002,中国,10000,群馬県,1980000000,1980年,人
100,00700,全域,002,女,205,25～29歳,002,中国,11000,埼玉県,1980000000,1980年,人
110,00700,全域,002,女,205,25～29歳,002,中国,12000,千葉県,1980000000,1980年,人
971,00700,全域,002,女,205,25～29歳,002,中国,13000,東京都,1980000000,1980年,人
237,00700,全域,002,女,205,25～29歳,002,中国,14000,神奈川県,1980000000,1980年,人
12,00700,全域,002,女,205,25～29歳,002,中国,15000,新潟県,1980000000,1980年,人
2,00700,全域,002,女,205,25～29歳,002,中国,16000,富山県,1980000000,1980年,人
11,00700,全域,002,女,205,25～29歳,002,中国,17000,石川県,1980000000,1980年,人
3,00700,全域,002,女,205,25～29歳,002,中国,18000,福井県,1980000000,1980年,人
10,00700,全域,002,女,205,25～29歳,002,中国,19000,山梨県,1980000000,1980年,人
18,00700,全域,002,女,205,25～29歳,002,中国,20000,長野県,1980000000,1980年,人
12,00700,全域,002,女,205,25～29歳,002,中国,21000,岐阜県,1980000000,1980年,人
27,00700,全域,002,女,205,25～29歳,002,中国,22000,静岡県,1980000000,1980年,人
86,00700,全域,002,女,205,25～29歳,002,中国,23000,愛知県,1980000000,1980年,人
6,00700,全域,002,女,205,25～29歳,002,中国,24000,三重県,1980000000,1980年,人
8,00700,全域,002,女,205,25～29歳,002,中国,25000,滋賀県,1980000000,1980年,人
51,00700,全域,002,女,205,25～29歳,002,中国,26000,京都府,1980000000,1980年,人
377,00700,全域,002,女,205,25～29歳,002,中国,27000,大阪府,1980000000,1980年,人
330,00700,全域,002,女,205,25～29歳,002,中国,28000,兵庫県,1980000000,1980年,人
26,00700,全域,002,女,205,25～29歳,002,中国,29000,奈良県,1980000000,1980年,人
15,00700,全域,002,女,205,25～29歳,002,中国,30000,和歌山県,1980000000,1980年,人
5,00700,全域,002,女,205,25～29歳,002,中国,31000,鳥取県,1980000000,1980年,人
4,00700,全域,002,女,205,25～29歳,002,中国,32000,島根県,1980000000,1980年,人
18,00700,全域,002,女,205,25～29歳,002,中国,33000,岡山県,1980000000,1980年,人
36,00700,全域,002,女,205,25～29歳,002,中国,34000,広島県,1980000000,1980年,人
5,00700,全域,002,女,205,25～29歳,002,中国,35000,山口県,1980000000,1980年,人
7,00700,全域,002,女,205,25～29歳,002,中国,36000,徳島県,1980000000,1980年,人
7,00700,全域,002,女,205,25～29歳,002,中国,37000,香川県,1980000000,1980年,人
7,00700,全域,002,女,205,25～29歳,002,中国,38000,愛媛県,1980000000,1980年,人
3,00700,全域,002,女,205,25～29歳,002,中国,39000,高知県,1980000000,1980年,人
67,00700,全域,002,女,205,25～29歳,002,中国,40000,福岡県,1980000000,1980年,人
5,00700,全域,002,女,205,25～29歳,002,中国,41000,佐賀県,1980000000,1980年,人
30,00700,全域,002,女,205,25～29歳,002,中国,42000,長崎県,1980000000,1980年,人
19,00700,全域,002,女,205,25～29歳,002,中国,43000,熊本県,1980000000,1980年,人
17,00700,全域,002,女,205,25～29歳,002,中国,44000,大分県,1980000000,1980年,人
3,00700,全域,002,女,205,25～29歳,002,中国,45000,宮崎県,1980000000,1980年,人
18,00700,全域,002,女,205,25～29歳,002,中国,46000,鹿児島県,1980000000,1980年,人
32,00700,全域,002,女,205,25～29歳,002,中国,47000,沖縄県,1980000000,1980年,人
991,00700,全域,002,女,205,25～29歳,003,アメリカ,00000,全国,1980000000,1980年,人
921,00700,全域,002,女,205,25～29歳,003,アメリカ,00001,全国市部,1980000000,1980年,人
70,00700,全域,002,女,205,25～29歳,003,アメリカ,00002,全国郡部,1980000000,1980年,人
21,00700,全域,002,女,205,25～29歳,003,アメリカ,01000,北海道,1980000000,1980年,人
2,00700,全域,002,女,205,25～29歳,003,アメリカ,02000,青森県,1980000000,1980年,人
4,00700,全域,002,女,205,25～29歳,003,アメリカ,03000,岩手県,1980000000,1980年,人
9,00700,全域,002,女,205,25～29歳,003,アメリカ,04000,宮城県,1980000000,1980年,人
1,00700,全域,002,女,205,25～29歳,003,アメリカ,05000,秋田県,1980000000,1980年,人
1,00700,全域,002,女,205,25～29歳,003,アメリカ,06000,山形県,1980000000,1980年,人
7,00700,全域,002,女,205,25～29歳,003,アメリカ,07000,福島県,1980000000,1980年,人
7,00700,全域,002,女,205,25～29歳,003,アメリカ,08000,茨城県,1980000000,1980年,人
7,00700,全域,002,女,205,25～29歳,003,アメリカ,09000,栃木県,1980000000,1980年,人
7,00700,全域,002,女,205,25～29歳,003,アメリカ,10000,群馬県,1980000000,1980年,人
28,00700,全域,002,女,205,25～29歳,003,アメリカ,11000,埼玉県,1980000000,1980年,人
29,00700,全域,002,女,205,25～29歳,003,アメリカ,12000,千葉県,1980000000,1980年,人
371,00700,全域,002,女,205,25～29歳,003,アメリカ,13000,東京都,1980000000,1980年,人
105,00700,全域,002,女,205,25～29歳,003,アメリカ,14000,神奈川県,1980000000,1980年,人
5,00700,全域,002,女,205,25～29歳,003,アメリカ,15000,新潟県,1980000000,1980年,人
4,00700,全域,002,女,205,25～29歳,003,アメリカ,17000,石川県,1980000000,1980年,人
1,00700,全域,002,女,205,25～29歳,003,アメリカ,18000,福井県,1980000000,1980年,人
5,00700,全域,002,女,205,25～29歳,003,アメリカ,19000,山梨県,1980000000,1980年,人
8,00700,全域,002,女,205,25～29歳,003,アメリカ,20000,長野県,1980000000,1980年,人
6,00700,全域,002,女,205,25～29歳,003,アメリカ,21000,岐阜県,1980000000,1980年,人
18,00700,全域,002,女,205,25～29歳,003,アメリカ,22000,静岡県,1980000000,1980年,人
43,00700,全域,002,女,205,25～29歳,003,アメリカ,23000,愛知県,1980000000,1980年,人
3,00700,全域,002,女,205,25～29歳,003,アメリカ,24000,三重県,1980000000,1980年,人
4,00700,全域,002,女,205,25～29歳,003,アメリカ,25000,滋賀県,1980000000,1980年,人
33,00700,全域,002,女,205,25～29歳,003,アメリカ,26000,京都府,1980000000,1980年,人
53,00700,全域,002,女,205,25～29歳,003,アメリカ,27000,大阪府,1980000000,1980年,人
51,00700,全域,002,女,205,25～29歳,003,アメリカ,28000,兵庫県,1980000000,1980年,人
7,00700,全域,002,女,205,25～29歳,003,アメリカ,29000,奈良県,1980000000,1980年,人
7,00700,全域,002,女,205,25～29歳,003,アメリカ,30000,和歌山県,1980000000,1980年,人
1,00700,全域,002,女,205,25～29歳,003,アメリカ,31000,鳥取県,1980000000,1980年,人
1,00700,全域,002,女,205,25～29歳,003,アメリカ,32000,島根県,1980000000,1980年,人
3,00700,全域,002,女,205,25～29歳,003,アメリカ,33000,岡山県,1980000000,1980年,人
20,00700,全域,002,女,205,25～29歳,003,アメリカ,34000,広島県,1980000000,1980年,人
10,00700,全域,002,女,205,25～29歳,003,アメリカ,35000,山口県,1980000000,1980年,人
6,00700,全域,002,女,205,25～29歳,003,アメリカ,37000,香川県,1980000000,1980年,人
4,00700,全域,002,女,205,25～29歳,003,アメリカ,38000,愛媛県,1980000000,1980年,人
24,00700,全域,002,女,205,25～29歳,003,アメリカ,40000,福岡県,1980000000,1980年,人
6,00700,全域,002,女,205,25～29歳,003,アメリカ,42000,長崎県,1980000000,1980年,人
5,00700,全域,002,女,205,25～29歳,003,アメリカ,43000,熊本県,1980000000,1980年,人
9,00700,全域,002,女,205,25～29歳,003,アメリカ,44000,大分県,1980000000,1980年,人
6,00700,全域,002,女,205,25～29歳,003,アメリカ,46000,鹿児島県,1980000000,1980年,人
49,00700,全域,002,女,205,25～29歳,003,アメリカ,47000,沖縄県,1980000000,1980年,人
2365,00700,全域,002,女,205,25～29歳,004,その他,00000,全国,1980000000,1980年,人
2104,00700,全域,002,女,205,25～29歳,004,その他,00001,全国市部,1980000000,1980年,人
261,00700,全域,002,女,205,25～29歳,004,その他,00002,全国郡部,1980000000,1980年,人
38,00700,全域,002,女,205,25～29歳,004,その他,01000,北海道,1980000000,1980年,人
7,00700,全域,002,女,205,25～29歳,004,その他,02000,青森県,1980000000,1980年,人
9,00700,全域,002,女,205,25～29歳,004,その他,03000,岩手県,1980000000,1980年,人
23,00700,全域,002,女,205,25～29歳,004,その他,04000,宮城県,1980000000,1980年,人
7,00700,全域,002,女,205,25～29歳,004,その他,05000,秋田県,1980000000,1980年,人
6,00700,全域,002,女,205,25～29歳,004,その他,06000,山形県,1980000000,1980年,人
15,00700,全域,002,女,205,25～29歳,004,その他,07000,福島県,1980000000,1980年,人
44,00700,全域,002,女,205,25～29歳,004,その他,08000,茨城県,1980000000,1980年,人
18,00700,全域,002,女,205,25～29歳,004,その他,09000,栃木県,1980000000,1980年,人
28,00700,全域,002,女,205,25～29歳,004,その他,10000,群馬県,1980000000,1980年,人
72,00700,全域,002,女,205,25～29歳,004,その他,11000,埼玉県,1980000000,1980年,人
127,00700,全域,002,女,205,25～29歳,004,その他,12000,千葉県,1980000000,1980年,人
851,00700,全域,002,女,205,25～29歳,004,その他,13000,東京都,1980000000,1980年,人
204,00700,全域,002,女,205,25～29歳,004,その他,14000,神奈川県,1980000000,1980年,人
21,00700,全域,002,女,205,25～29歳,004,その他,15000,新潟県,1980000000,1980年,人
7,00700,全域,002,女,205,25～29歳,004,その他,16000,富山県,1980000000,1980年,人
5,00700,全域,002,女,205,25～29歳,004,その他,17000,石川県,1980000000,1980年,人
3,00700,全域,002,女,205,25～29歳,004,その他,18000,福井県,1980000000,1980年,人
7,00700,全域,002,女,205,25～29歳,004,その他,19000,山梨県,1980000000,1980年,人
26,00700,全域,002,女,205,25～29歳,004,その他,20000,長野県,1980000000,1980年,人
13,00700,全域,002,女,205,25～29歳,004,その他,21000,岐阜県,1980000000,1980年,人
45,00700,全域,002,女,205,25～29歳,004,その他,22000,静岡県,1980000000,1980年,人
91,00700,全域,002,女,205,25～29歳,004,その他,23000,愛知県,1980000000,1980年,人
9,00700,全域,002,女,205,25～29歳,004,その他,24000,三重県,1980000000,1980年,人
6,00700,全域,002,女,205,25～29歳,004,その他,25000,滋賀県,1980000000,1980年,人
56,00700,全域,002,女,205,25～29歳,004,その他,26000,京都府,1980000000,1980年,人
132,00700,全域,002,女,205,25～29歳,004,その他,27000,大阪府,1980000000,1980年,人
161,00700,全域,002,女,205,25～29歳,004,その他,28000,兵庫県,1980000000,1980年,人
20,00700,全域,002,女,205,25～29歳,004,その他,29000,奈良県,1980000000,1980年,人
12,00700,全域,002,女,205,25～29歳,004,その他,30000,和歌山県,1980000000,1980年,人
4,00700,全域,002,女,205,25～29歳,004,その他,31000,鳥取県,1980000000,1980年,人
4,00700,全域,002,女,205,25～29歳,004,その他,32000,島根県,1980000000,1980年,人
18,00700,全域,002,女,205,25～29歳,004,その他,33000,岡山県,1980000000,1980年,人
43,00700,全域,002,女,205,25～29歳,004,その他,34000,広島県,1980000000,1980年,人
13,00700,全域,002,女,205,25～29歳,004,その他,35000,山口県,1980000000,1980年,人
15,00700,全域,002,女,205,25～29歳,004,その他,36000,徳島県,1980000000,1980年,人
13,00700,全域,002,女,205,25～29歳,004,その他,37000,香川県,1980000000,1980年,人
11,00700,全域,002,女,205,25～29歳,004,その他,38000,愛媛県,1980000000,1980年,人
6,00700,全域,002,女,205,25～29歳,004,その他,39000,高知県,1980000000,1980年,人
47,00700,全域,002,女,205,25～29歳,004,その他,40000,福岡県,1980000000,1980年,人
3,00700,全域,002,女,205,25～29歳,004,その他,41000,佐賀県,1980000000,1980年,人
15,00700,全域,002,女,205,25～29歳,004,その他,42000,長崎県,1980000000,1980年,人
20,00700,全域,002,女,205,25～29歳,004,その他,43000,熊本県,1980000000,1980年,人
8,00700,全域,002,女,205,25～29歳,004,その他,44000,大分県,1980000000,1980年,人
9,00700,全域,002,女,205,25～29歳,004,その他,45000,宮崎県,1980000000,1980年,人
13,00700,全域,002,女,205,25～29歳,004,その他,46000,鹿児島県,1980000000,1980年,人
60,00700,全域,002,女,205,25～29歳,004,その他,47000,沖縄県,1980000000,1980年,人
29937,00700,全域,002,女,206,30～34歳,000,国籍総数,00000,全国,1980000000,1980年,人
27722,00700,全域,002,女,206,30～34歳,000,国籍総数,00001,全国市部,1980000000,1980年,人
2215,00700,全域,002,女,206,30～34歳,000,国籍総数,00002,全国郡部,1980000000,1980年,人
313,00700,全域,002,女,206,30～34歳,000,国籍総数,01000,北海道,1980000000,1980年,人
88,00700,全域,002,女,206,30～34歳,000,国籍総数,02000,青森県,1980000000,1980年,人
64,00700,全域,002,女,206,30～34歳,000,国籍総数,03000,岩手県,1980000000,1980年,人
171,00700,全域,002,女,206,30～34歳,000,国籍総数,04000,宮城県,1980000000,1980年,人
52,00700,全域,002,女,206,30～34歳,000,国籍総数,05000,秋田県,1980000000,1980年,人
36,00700,全域,002,女,206,30～34歳,000,国籍総数,06000,山形県,1980000000,1980年,人
106,00700,全域,002,女,206,30～34歳,000,国籍総数,07000,福島県,1980000000,1980年,人
213,00700,全域,002,女,206,30～34歳,000,国籍総数,08000,茨城県,1980000000,1980年,人
146,00700,全域,002,女,206,30～34歳,000,国籍総数,09000,栃木県,1980000000,1980年,人
161,00700,全域,002,女,206,30～34歳,000,国籍総数,10000,群馬県,1980000000,1980年,人
588,00700,全域,002,女,206,30～34歳,000,国籍総数,11000,埼玉県,1980000000,1980年,人
646,00700,全域,002,女,206,30～34歳,000,国籍総数,12000,千葉県,1980000000,1980年,人
4385,00700,全域,002,女,206,30～34歳,000,国籍総数,13000,東京都,1980000000,1980年,人
1612,00700,全域,002,女,206,30～34歳,000,国籍総数,14000,神奈川県,1980000000,1980年,人
120,00700,全域,002,女,206,30～34歳,000,国籍総数,15000,新潟県,1980000000,1980年,人
87,00700,全域,002,女,206,30～34歳,000,国籍総数,16000,富山県,1980000000,1980年,人
134,00700,全域,002,女,206,30～34歳,000,国籍総数,17000,石川県,1980000000,1980年,人
197,00700,全域,002,女,206,30～34歳,000,国籍総数,18000,福井県,1980000000,1980年,人
82,00700,全域,002,女,206,30～34歳,000,国籍総数,19000,山梨県,1980000000,1980年,人
240,00700,全域,002,女,206,30～34歳,000,国籍総数,20000,長野県,1980000000,1980年,人
423,00700,全域,002,女,206,30～34歳,000,国籍総数,21000,岐阜県,1980000000,1980年,人
374,00700,全域,002,女,206,30～34歳,000,国籍総数,22000,静岡県,1980000000,1980年,人
2248,00700,全域,002,女,206,30～34歳,000,国籍総数,23000,愛知県,1980000000,1980年,人
376,00700,全域,002,女,206,30～34歳,000,国籍総数,24000,三重県,1980000000,1980年,人
340,00700,全域,002,女,206,30～34歳,000,国籍総数,25000,滋賀県,1980000000,1980年,人
2021,00700,全域,002,女,206,30～34歳,000,国籍総数,26000,京都府,1980000000,1980年,人
7276,00700,全域,002,女,206,30～34歳,000,国籍総数,27000,大阪府,1980000000,1980年,人
3363,00700,全域,002,女,206,30～34歳,000,国籍総数,28000,兵庫県,1980000000,1980年,人
256,00700,全域,002,女,206,30～34歳,000,国籍総数,29000,奈良県,1980000000,1980年,人
197,00700,全域,002,女,206,30～34歳,000,国籍総数,30000,和歌山県,1980000000,1980年,人
79,00700,全域,002,女,206,30～34歳,000,国籍総数,31000,鳥取県,1980000000,1980年,人
61,00700,全域,002,女,206,30～34歳,000,国籍総数,32000,島根県,1980000000,1980年,人
356,00700,全域,002,女,206,30～34歳,000,国籍総数,33000,岡山県,1980000000,1980年,人
695,00700,全域,002,女,206,30～34歳,000,国籍総数,34000,広島県,1980000000,1980年,人
616,00700,全域,002,女,206,30～34歳,000,国籍総数,35000,山口県,1980000000,1980年,人
21,00700,全域,002,女,206,30～34歳,000,国籍総数,36000,徳島県,1980000000,1980年,人
59,00700,全域,002,女,206,30～34歳,000,国籍総数,37000,香川県,1980000000,1980年,人
78,00700,全域,002,女,206,30～34歳,000,国籍総数,38000,愛媛県,1980000000,1980年,人
34,00700,全域,002,女,206,30～34歳,000,国籍総数,39000,高知県,1980000000,1980年,人
1019,00700,全域,002,女,206,30～34歳,000,国籍総数,40000,福岡県,1980000000,1980年,人
56,00700,全域,002,女,206,30～34歳,000,国籍総数,41000,佐賀県,1980000000,1980年,人
122,00700,全域,002,女,206,30～34歳,000,国籍総数,42000,長崎県,1980000000,1980年,人
76,00700,全域,002,女,206,30～34歳,000,国籍総数,43000,熊本県,1980000000,1980年,人
137,00700,全域,002,女,206,30～34歳,000,国籍総数,44000,大分県,1980000000,1980年,人
45,00700,全域,002,女,206,30～34歳,000,国籍総数,45000,宮崎県,1980000000,1980年,人
32,00700,全域,002,女,206,30～34歳,000,国籍総数,46000,鹿児島県,1980000000,1980年,人
136,00700,全域,002,女,206,30～34歳,000,国籍総数,47000,沖縄県,1980000000,1980年,人
23981,00700,全域,002,女,206,30～34歳,001,韓国・朝鮮,00000,全国,1980000000,1980年,人
22250,00700,全域,002,女,206,30～34歳,001,韓国・朝鮮,00001,全国市部,1980000000,1980年,人
1731,00700,全域,002,女,206,30～34歳,001,韓国・朝鮮,00002,全国郡部,1980000000,1980年,人
210,00700,全域,002,女,206,30～34歳,001,韓国・朝鮮,01000,北海道,1980000000,1980年,人
71,00700,全域,002,女,206,30～34歳,001,韓国・朝鮮,02000,青森県,1980000000,1980年,人
40,00700,全域,002,女,206,30～34歳,001,韓国・朝鮮,03000,岩手県,1980000000,1980年,人
124,00700,全域,002,女,206,30～34歳,001,韓国・朝鮮,04000,宮城県,1980000000,1980年,人
39,00700,全域,002,女,206,30～34歳,001,韓国・朝鮮,05000,秋田県,1980000000,1980年,人
24,00700,全域,002,女,206,30～34歳,001,韓国・朝鮮,06000,山形県,1980000000,1980年,人
79,00700,全域,002,女,206,30～34歳,001,韓国・朝鮮,07000,福島県,1980000000,1980年,人
143,00700,全域,002,女,206,30～34歳,001,韓国・朝鮮,08000,茨城県,1980000000,1980年,人
101,00700,全域,002,女,206,30～34歳,001,韓国・朝鮮,09000,栃木県,1980000000,1980年,人
111,00700,全域,002,女,206,30～34歳,001,韓国・朝鮮,10000,群馬県,1980000000,1980年,人
419,00700,全域,002,女,206,30～34歳,001,韓国・朝鮮,11000,埼玉県,1980000000,1980年,人
415,00700,全域,002,女,206,30～34歳,001,韓国・朝鮮,12000,千葉県,1980000000,1980年,人
2501,00700,全域,002,女,206,30～34歳,001,韓国・朝鮮,13000,東京都,1980000000,1980年,人
1025,00700,全域,002,女,206,30～34歳,001,韓国・朝鮮,14000,神奈川県,1980000000,1980年,人
94,00700,全域,002,女,206,30～34歳,001,韓国・朝鮮,15000,新潟県,1980000000,1980年,人
73,00700,全域,002,女,206,30～34歳,001,韓国・朝鮮,16000,富山県,1980000000,1980年,人
124,00700,全域,002,女,206,30～34歳,001,韓国・朝鮮,17000,石川県,1980000000,1980年,人
186,00700,全域,002,女,206,30～34歳,001,韓国・朝鮮,18000,福井県,1980000000,1980年,人
66,00700,全域,002,女,206,30～34歳,001,韓国・朝鮮,19000,山梨県,1980000000,1980年,人
187,00700,全域,002,女,206,30～34歳,001,韓国・朝鮮,20000,長野県,1980000000,1980年,人
398,00700,全域,002,女,206,30～34歳,001,韓国・朝鮮,21000,岐阜県,1980000000,1980年,人
314,00700,全域,002,女,206,30～34歳,001,韓国・朝鮮,22000,静岡県,1980000000,1980年,人
2062,00700,全域,002,女,206,30～34歳,001,韓国・朝鮮,23000,愛知県,1980000000,1980年,人
342,00700,全域,002,女,206,30～34歳,001,韓国・朝鮮,24000,三重県,1980000000,1980年,人
312,00700,全域,002,女,206,30～34歳,001,韓国・朝鮮,25000,滋賀県,1980000000,1980年,人
1821,00700,全域,002,女,206,30～34歳,001,韓国・朝鮮,26000,京都府,1980000000,1980年,人
6684,00700,全域,002,女,206,30～34歳,001,韓国・朝鮮,27000,大阪府,1980000000,1980年,人
2653,00700,全域,002,女,206,30～34歳,001,韓国・朝鮮,28000,兵庫県,1980000000,1980年,人
215,00700,全域,002,女,206,30～34歳,001,韓国・朝鮮,29000,奈良県,1980000000,1980年,人
171,00700,全域,002,女,206,30～34歳,001,韓国・朝鮮,30000,和歌山県,1980000000,1980年,人
71,00700,全域,002,女,206,30～34歳,001,韓国・朝鮮,31000,鳥取県,1980000000,1980年,人
45,00700,全域,002,女,206,30～34歳,001,韓国・朝鮮,32000,島根県,1980000000,1980年,人
320,00700,全域,002,女,206,30～34歳,001,韓国・朝鮮,33000,岡山県,1980000000,1980年,人
612,00700,全域,002,女,206,30～34歳,001,韓国・朝鮮,34000,広島県,1980000000,1980年,人
581,00700,全域,002,女,206,30～34歳,001,韓国・朝鮮,35000,山口県,1980000000,1980年,人
11,00700,全域,002,女,206,30～34歳,001,韓国・朝鮮,36000,徳島県,1980000000,1980年,人
44,00700,全域,002,女,206,30～34歳,001,韓国・朝鮮,37000,香川県,1980000000,1980年,人
64,00700,全域,002,女,206,30～34歳,001,韓国・朝鮮,38000,愛媛県,1980000000,1980年,人
24,00700,全域,002,女,206,30～34歳,001,韓国・朝鮮,39000,高知県,1980000000,1980年,人
902,00700,全域,002,女,206,30～34歳,001,韓国・朝鮮,40000,福岡県,1980000000,1980年,人
48,00700,全域,002,女,206,30～34歳,001,韓国・朝鮮,41000,佐賀県,1980000000,1980年,人
70,00700,全域,002,女,206,30～34歳,001,韓国・朝鮮,42000,長崎県,1980000000,1980年,人
38,00700,全域,002,女,206,30～34歳,001,韓国・朝鮮,43000,熊本県,1980000000,1980年,人
107,00700,全域,002,女,206,30～34歳,001,韓国・朝鮮,44000,大分県,1980000000,1980年,人
28,00700,全域,002,女,206,30～34歳,001,韓国・朝鮮,45000,宮崎県,1980000000,1980年,人
6,00700,全域,002,女,206,30～34歳,001,韓国・朝鮮,46000,鹿児島県,1980000000,1980年,人
6,00700,全域,002,女,206,30～34歳,001,韓国・朝鮮,47000,沖縄県,1980000000,1980年,人
2387,00700,全域,002,女,206,30～34歳,002,中国,00000,全国,1980000000,1980年,人
2232,00700,全域,002,女,206,30～34歳,002,中国,00001,全国市部,1980000000,1980年,人
155,00700,全域,002,女,206,30～34歳,002,中国,00002,全国郡部,1980000000,1980年,人
26,00700,全域,002,女,206,30～34歳,002,中国,01000,北海道,1980000000,1980年,人
5,00700,全域,002,女,206,30～34歳,002,中国,02000,青森県,1980000000,1980年,人
12,00700,全域,002,女,206,30～34歳,002,中国,03000,岩手県,1980000000,1980年,人
19,00700,全域,002,女,206,30～34歳,002,中国,04000,宮城県,1980000000,1980年,人
4,00700,全域,002,女,206,30～34歳,002,中国,05000,秋田県,1980000000,1980年,人
8,00700,全域,002,女,206,30～34歳,002,中国,06000,山形県,1980000000,1980年,人
14,00700,全域,002,女,206,30～34歳,002,中国,07000,福島県,1980000000,1980年,人
22,00700,全域,002,女,206,30～34歳,002,中国,08000,茨城県,1980000000,1980年,人
12,00700,全域,002,女,206,30～34歳,002,中国,09000,栃木県,1980000000,1980年,人
18,00700,全域,002,女,206,30～34歳,002,中国,10000,群馬県,1980000000,1980年,人
71,00700,全域,002,女,206,30～34歳,002,中国,11000,埼玉県,1980000000,1980年,人
88,00700,全域,002,女,206,30～34歳,002,中国,12000,千葉県,1980000000,1980年,人
621,00700,全域,002,女,206,30～34歳,002,中国,13000,東京都,1980000000,1980年,人
278,00700,全域,002,女,206,30～34歳,002,中国,14000,神奈川県,1980000000,1980年,人
9,00700,全域,002,女,206,30～34歳,002,中国,15000,新潟県,1980000000,1980年,人
1,00700,全域,002,女,206,30～34歳,002,中国,16000,富山県,1980000000,1980年,人
4,00700,全域,002,女,206,30～34歳,002,中国,17000,石川県,1980000000,1980年,人
2,00700,全域,002,女,206,30～34歳,002,中国,18000,福井県,1980000000,1980年,人
9,00700,全域,002,女,206,30～34歳,002,中国,19000,山梨県,1980000000,1980年,人
21,00700,全域,002,女,206,30～34歳,002,中国,20000,長野県,1980000000,1980年,人
14,00700,全域,002,女,206,30～34歳,002,中国,21000,岐阜県,1980000000,1980年,人
11,00700,全域,002,女,206,30～34歳,002,中国,22000,静岡県,1980000000,1980年,人
59,00700,全域,002,女,206,30～34歳,002,中国,23000,愛知県,1980000000,1980年,人
9,00700,全域,002,女,206,30～34歳,002,中国,24000,三重県,1980000000,1980年,人
8,00700,全域,002,女,206,30～34歳,002,中国,25000,滋賀県,1980000000,1980年,人
63,00700,全域,002,女,206,30～34歳,002,中国,26000,京都府,1980000000,1980年,人
304,00700,全域,002,女,206,30～34歳,002,中国,27000,大阪府,1980000000,1980年,人
410,00700,全域,002,女,206,30～34歳,002,中国,28000,兵庫県,1980000000,1980年,人
11,00700,全域,002,女,206,30～34歳,002,中国,29000,奈良県,1980000000,1980年,人
16,00700,全域,002,女,206,30～34歳,002,中国,30000,和歌山県,1980000000,1980年,人
10,00700,全域,002,女,206,30～34歳,002,中国,32000,島根県,1980000000,1980年,人
17,00700,全域,002,女,206,30～34歳,002,中国,33000,岡山県,1980000000,1980年,人
23,00700,全域,002,女,206,30～34歳,002,中国,34000,広島県,1980000000,1980年,人
6,00700,全域,002,女,206,30～34歳,002,中国,35000,山口県,1980000000,1980年,人
3,00700,全域,002,女,206,30～34歳,002,中国,36000,徳島県,1980000000,1980年,人
5,00700,全域,002,女,206,30～34歳,002,中国,37000,香川県,1980000000,1980年,人
3,00700,全域,002,女,206,30～34歳,002,中国,38000,愛媛県,1980000000,1980年,人
2,00700,全域,002,女,206,30～34歳,002,中国,39000,高知県,1980000000,1980年,人
50,00700,全域,002,女,206,30～34歳,002,中国,40000,福岡県,1980000000,1980年,人
3,00700,全域,002,女,206,30～34歳,002,中国,41000,佐賀県,1980000000,1980年,人
27,00700,全域,002,女,206,30～34歳,002,中国,42000,長崎県,1980000000,1980年,人
25,00700,全域,002,女,206,30～34歳,002,中国,43000,熊本県,1980000000,1980年,人
18,00700,全域,002,女,206,30～34歳,002,中国,44000,大分県,1980000000,1980年,人
8,00700,全域,002,女,206,30～34歳,002,中国,45000,宮崎県,1980000000,1980年,人
10,00700,全域,002,女,206,30～34歳,002,中国,46000,鹿児島県,1980000000,1980年,人
28,00700,全域,002,女,206,30～34歳,002,中国,47000,沖縄県,1980000000,1980年,人
800,00700,全域,002,女,206,30～34歳,003,アメリカ,00000,全国,1980000000,1980年,人
735,00700,全域,002,女,206,30～34歳,003,アメリカ,00001,全国市部,1980000000,1980年,人
65,00700,全域,002,女,206,30～34歳,003,アメリカ,00002,全国郡部,1980000000,1980年,人
16,00700,全域,002,女,206,30～34歳,003,アメリカ,01000,北海道,1980000000,1980年,人
1,00700,全域,002,女,206,30～34歳,003,アメリカ,02000,青森県,1980000000,1980年,人
6,00700,全域,002,女,206,30～34歳,003,アメリカ,04000,宮城県,1980000000,1980年,人
1,00700,全域,002,女,206,30～34歳,003,アメリカ,05000,秋田県,1980000000,1980年,人
1,00700,全域,002,女,206,30～34歳,003,アメリカ,06000,山形県,1980000000,1980年,人
1,00700,全域,002,女,206,30～34歳,003,アメリカ,07000,福島県,1980000000,1980年,人
12,00700,全域,002,女,206,30～34歳,003,アメリカ,08000,茨城県,1980000000,1980年,人
7,00700,全域,002,女,206,30～34歳,003,アメリカ,09000,栃木県,1980000000,1980年,人
4,00700,全域,002,女,206,30～34歳,003,アメリカ,10000,群馬県,1980000000,1980年,人
17,00700,全域,002,女,206,30～34歳,003,アメリカ,11000,埼玉県,1980000000,1980年,人
19,00700,全域,002,女,206,30～34歳,003,アメリカ,12000,千葉県,1980000000,1980年,人
327,00700,全域,002,女,206,30～34歳,003,アメリカ,13000,東京都,1980000000,1980年,人
87,00700,全域,002,女,206,30～34歳,003,アメリカ,14000,神奈川県,1980000000,1980年,人
3,00700,全域,002,女,206,30～34歳,003,アメリカ,15000,新潟県,1980000000,1980年,人
2,00700,全域,002,女,206,30～34歳,003,アメリカ,16000,富山県,1980000000,1980年,人
3,00700,全域,002,女,206,30～34歳,003,アメリカ,17000,石川県,1980000000,1980年,人
1,00700,全域,002,女,206,30～34歳,003,アメリカ,18000,福井県,1980000000,1980年,人
2,00700,全域,002,女,206,30～34歳,003,アメリカ,19000,山梨県,1980000000,1980年,人
8,00700,全域,002,女,206,30～34歳,003,アメリカ,20000,長野県,1980000000,1980年,人
3,00700,全域,002,女,206,30～34歳,003,アメリカ,21000,岐阜県,1980000000,1980年,人
6,00700,全域,002,女,206,30～34歳,003,アメリカ,22000,静岡県,1980000000,1980年,人
28,00700,全域,002,女,206,30～34歳,003,アメリカ,23000,愛知県,1980000000,1980年,人
1,00700,全域,002,女,206,30～34歳,003,アメリカ,24000,三重県,1980000000,1980年,人
2,00700,全域,002,女,206,30～34歳,003,アメリカ,25000,滋賀県,1980000000,1980年,人
34,00700,全域,002,女,206,30～34歳,003,アメリカ,26000,京都府,1980000000,1980年,人
30,00700,全域,002,女,206,30～34歳,003,アメリカ,27000,大阪府,1980000000,1980年,人
58,00700,全域,002,女,206,30～34歳,003,アメリカ,28000,兵庫県,1980000000,1980年,人
9,00700,全域,002,女,206,30～34歳,003,アメリカ,29000,奈良県,1980000000,1980年,人
2,00700,全域,002,女,206,30～34歳,003,アメリカ,30000,和歌山県,1980000000,1980年,人
1,00700,全域,002,女,206,30～34歳,003,アメリカ,32000,島根県,1980000000,1980年,人
4,00700,全域,002,女,206,30～34歳,003,アメリカ,33000,岡山県,1980000000,1980年,人
11,00700,全域,002,女,206,30～34歳,003,アメリカ,34000,広島県,1980000000,1980年,人
6,00700,全域,002,女,206,30～34歳,003,アメリカ,35000,山口県,1980000000,1980年,人
1,00700,全域,002,女,206,30～34歳,003,アメリカ,36000,徳島県,1980000000,1980年,人
5,00700,全域,002,女,206,30～34歳,003,アメリカ,37000,香川県,1980000000,1980年,人
1,00700,全域,002,女,206,30～34歳,003,アメリカ,38000,愛媛県,1980000000,1980年,人
2,00700,全域,002,女,206,30～34歳,003,アメリカ,39000,高知県,1980000000,1980年,人
14,00700,全域,002,女,206,30～34歳,003,アメリカ,40000,福岡県,1980000000,1980年,人
2,00700,全域,002,女,206,30～34歳,003,アメリカ,41000,佐賀県,1980000000,1980年,人
4,00700,全域,002,女,206,30～34歳,003,アメリカ,42000,長崎県,1980000000,1980年,人
3,00700,全域,002,女,206,30～34歳,003,アメリカ,43000,熊本県,1980000000,1980年,人
2,00700,全域,002,女,206,30～34歳,003,アメリカ,44000,大分県,1980000000,1980年,人
4,00700,全域,002,女,206,30～34歳,003,アメリカ,46000,鹿児島県,1980000000,1980年,人
49,00700,全域,002,女,206,30～34歳,003,アメリカ,47000,沖縄県,1980000000,1980年,人
1835,00700,全域,002,女,206,30～34歳,004,その他,00000,全国,1980000000,1980年,人
1687,00700,全域,002,女,206,30～34歳,004,その他,00001,全国市部,1980000000,1980年,人
148,00700,全域,002,女,206,30～34歳,004,その他,00002,全国郡部,1980000000,1980年,人
35,00700,全域,002,女,206,30～34歳,004,その他,01000,北海道,1980000000,1980年,人
3,00700,全域,002,女,206,30～34歳,004,その他,02000,青森県,1980000000,1980年,人
6,00700,全域,002,女,206,30～34歳,004,その他,03000,岩手県,1980000000,1980年,人
17,00700,全域,002,女,206,30～34歳,004,その他,04000,宮城県,1980000000,1980年,人
3,00700,全域,002,女,206,30～34歳,004,その他,05000,秋田県,1980000000,1980年,人
1,00700,全域,002,女,206,30～34歳,004,その他,06000,山形県,1980000000,1980年,人
2,00700,全域,002,女,206,30～34歳,004,その他,07000,福島県,1980000000,1980年,人
24,00700,全域,002,女,206,30～34歳,004,その他,08000,茨城県,1980000000,1980年,人
18,00700,全域,002,女,206,30～34歳,004,その他,09000,栃木県,1980000000,1980年,人
15,00700,全域,002,女,206,30～34歳,004,その他,10000,群馬県,1980000000,1980年,人
56,00700,全域,002,女,206,30～34歳,004,その他,11000,埼玉県,1980000000,1980年,人
92,00700,全域,002,女,206,30～34歳,004,その他,12000,千葉県,1980000000,1980年,人
728,00700,全域,002,女,206,30～34歳,004,その他,13000,東京都,1980000000,1980年,人
172,00700,全域,002,女,206,30～34歳,004,その他,14000,神奈川県,1980000000,1980年,人
11,00700,全域,002,女,206,30～34歳,004,その他,15000,新潟県,1980000000,1980年,人
5,00700,全域,002,女,206,30～34歳,004,その他,16000,富山県,1980000000,1980年,人
1,00700,全域,002,女,206,30～34歳,004,その他,17000,石川県,1980000000,1980年,人
2,00700,全域,002,女,206,30～34歳,004,その他,18000,福井県,1980000000,1980年,人
2,00700,全域,002,女,206,30～34歳,004,その他,19000,山梨県,1980000000,1980年,人
13,00700,全域,002,女,206,30～34歳,004,その他,20000,長野県,1980000000,1980年,人
5,00700,全域,002,女,206,30～34歳,004,その他,21000,岐阜県,1980000000,1980年,人
32,00700,全域,002,女,206,30～34歳,004,その他,22000,静岡県,1980000000,1980年,人
50,00700,全域,002,女,206,30～34歳,004,その他,23000,愛知県,1980000000,1980年,人
10,00700,全域,002,女,206,30～34歳,004,その他,24000,三重県,1980000000,1980年,人
12,00700,全域,002,女,206,30～34歳,004,その他,25000,滋賀県,1980000000,1980年,人
56,00700,全域,002,女,206,30～34歳,004,その他,26000,京都府,1980000000,1980年,人
113,00700,全域,002,女,206,30～34歳,004,その他,27000,大阪府,1980000000,1980年,人
159,00700,全域,002,女,206,30～34歳,004,その他,28000,兵庫県,1980000000,1980年,人
11,00700,全域,002,女,206,30～34歳,004,その他,29000,奈良県,1980000000,1980年,人
3,00700,全域,002,女,206,30～34歳,004,その他,30000,和歌山県,1980000000,1980年,人
3,00700,全域,002,女,206,30～34歳,004,その他,31000,鳥取県,1980000000,1980年,人
1,00700,全域,002,女,206,30～34歳,004,その他,32000,島根県,1980000000,1980年,人
11,00700,全域,002,女,206,30～34歳,004,その他,33000,岡山県,1980000000,1980年,人
26,00700,全域,002,女,206,30～34歳,004,その他,34000,広島県,1980000000,1980年,人
8,00700,全域,002,女,206,30～34歳,004,その他,35000,山口県,1980000000,1980年,人
3,00700,全域,002,女,206,30～34歳,004,その他,36000,徳島県,1980000000,1980年,人
3,00700,全域,002,女,206,30～34歳,004,その他,37000,香川県,1980000000,1980年,人
3,00700,全域,002,女,206,30～34歳,004,その他,38000,愛媛県,1980000000,1980年,人
3,00700,全域,002,女,206,30～34歳,004,その他,39000,高知県,1980000000,1980年,人
25,00700,全域,002,女,206,30～34歳,004,その他,40000,福岡県,1980000000,1980年,人
3,00700,全域,002,女,206,30～34歳,004,その他,41000,佐賀県,1980000000,1980年,人
15,00700,全域,002,女,206,30～34歳,004,その他,42000,長崎県,1980000000,1980年,人
4,00700,全域,002,女,206,30～34歳,004,その他,43000,熊本県,1980000000,1980年,人
9,00700,全域,002,女,206,30～34歳,004,その他,44000,大分県,1980000000,1980年,人
7,00700,全域,002,女,206,30～34歳,004,その他,45000,宮崎県,1980000000,1980年,人
8,00700,全域,002,女,206,30～34歳,004,その他,46000,鹿児島県,1980000000,1980年,人
46,00700,全域,002,女,206,30～34歳,004,その他,47000,沖縄県,1980000000,1980年,人
24442,00700,全域,002,女,207,35～39歳,000,国籍総数,00000,全国,1980000000,1980年,人
22675,00700,全域,002,女,207,35～39歳,000,国籍総数,00001,全国市部,1980000000,1980年,人
1767,00700,全域,002,女,207,35～39歳,000,国籍総数,00002,全国郡部,1980000000,1980年,人
174,00700,全域,002,女,207,35～39歳,000,国籍総数,01000,北海道,1980000000,1980年,人
56,00700,全域,002,女,207,35～39歳,000,国籍総数,02000,青森県,1980000000,1980年,人
50,00700,全域,002,女,207,35～39歳,000,国籍総数,03000,岩手県,1980000000,1980年,人
117,00700,全域,002,女,207,35～39歳,000,国籍総数,04000,宮城県,1980000000,1980年,人
34,00700,全域,002,女,207,35～39歳,000,国籍総数,05000,秋田県,1980000000,1980年,人
25,00700,全域,002,女,207,35～39歳,000,国籍総数,06000,山形県,1980000000,1980年,人
78,00700,全域,002,女,207,35～39歳,000,国籍総数,07000,福島県,1980000000,1980年,人
154,00700,全域,002,女,207,35～39歳,000,国籍総数,08000,茨城県,1980000000,1980年,人
72,00700,全域,002,女,207,35～39歳,000,国籍総数,09000,栃木県,1980000000,1980年,人
96,00700,全域,002,女,207,35～39歳,000,国籍総数,10000,群馬県,1980000000,1980年,人
467,00700,全域,002,女,207,35～39歳,000,国籍総数,11000,埼玉県,1980000000,1980年,人
440,00700,全域,002,女,207,35～39歳,000,国籍総数,12000,千葉県,1980000000,1980年,人
3208,00700,全域,002,女,207,35～39歳,000,国籍総数,13000,東京都,1980000000,1980年,人
1263,00700,全域,002,女,207,35～39歳,000,国籍総数,14000,神奈川県,1980000000,1980年,人
83,00700,全域,002,女,207,35～39歳,000,国籍総数,15000,新潟県,1980000000,1980年,人
82,00700,全域,002,女,207,35～39歳,000,国籍総数,16000,富山県,1980000000,1980年,人
93,00700,全域,002,女,207,35～39歳,000,国籍総数,17000,石川県,1980000000,1980年,人
184,00700,全域,002,女,207,35～39歳,000,国籍総数,18000,福井県,1980000000,1980年,人
47,00700,全域,002,女,207,35～39歳,000,国籍総数,19000,山梨県,1980000000,1980年,人
185,00700,全域,002,女,207,35～39歳,000,国籍総数,20000,長野県,1980000000,1980年,人
382,00700,全域,002,女,207,35～39歳,000,国籍総数,21000,岐阜県,1980000000,1980年,人
279,00700,全域,002,女,207,35～39歳,000,国籍総数,22000,静岡県,1980000000,1980年,人
2030,00700,全域,002,女,207,35～39歳,000,国籍総数,23000,愛知県,1980000000,1980年,人
315,00700,全域,002,女,207,35～39歳,000,国籍総数,24000,三重県,1980000000,1980年,人
273,00700,全域,002,女,207,35～39歳,000,国籍総数,25000,滋賀県,1980000000,1980年,人
1635,00700,全域,002,女,207,35～39歳,000,国籍総数,26000,京都府,1980000000,1980年,人
6315,00700,全域,002,女,207,35～39歳,000,国籍総数,27000,大阪府,1980000000,1980年,人
2879,00700,全域,002,女,207,35～39歳,000,国籍総数,28000,兵庫県,1980000000,1980年,人
213,00700,全域,002,女,207,35～39歳,000,国籍総数,29000,奈良県,1980000000,1980年,人
185,00700,全域,002,女,207,35～39歳,000,国籍総数,30000,和歌山県,1980000000,1980年,人
56,00700,全域,002,女,207,35～39歳,000,国籍総数,31000,鳥取県,1980000000,1980年,人
58,00700,全域,002,女,207,35～39歳,000,国籍総数,32000,島根県,1980000000,1980年,人
337,00700,全域,002,女,207,35～39歳,000,国籍総数,33000,岡山県,1980000000,1980年,人
623,00700,全域,002,女,207,35～39歳,000,国籍総数,34000,広島県,1980000000,1980年,人
451,00700,全域,002,女,207,35～39歳,000,国籍総数,35000,山口県,1980000000,1980年,人
20,00700,全域,002,女,207,35～39歳,000,国籍総数,36000,徳島県,1980000000,1980年,人
46,00700,全域,002,女,207,35～39歳,000,国籍総数,37000,香川県,1980000000,1980年,人
80,00700,全域,002,女,207,35～39歳,000,国籍総数,38000,愛媛県,1980000000,1980年,人
33,00700,全域,002,女,207,35～39歳,000,国籍総数,39000,高知県,1980000000,1980年,人
872,00700,全域,002,女,207,35～39歳,000,国籍総数,40000,福岡県,1980000000,1980年,人
35,00700,全域,002,女,207,35～39歳,000,国籍総数,41000,佐賀県,1980000000,1980年,人
89,00700,全域,002,女,207,35～39歳,000,国籍総数,42000,長崎県,1980000000,1980年,人
54,00700,全域,002,女,207,35～39歳,000,国籍総数,43000,熊本県,1980000000,1980年,人
99,00700,全域,002,女,207,35～39歳,000,国籍総数,44000,大分県,1980000000,1980年,人
33,00700,全域,002,女,207,35～39歳,000,国籍総数,45000,宮崎県,1980000000,1980年,人
35,00700,全域,002,女,207,35～39歳,000,国籍総数,46000,鹿児島県,1980000000,1980年,人
107,00700,全域,002,女,207,35～39歳,000,国籍総数,47000,沖縄県,1980000000,1980年,人
20636,00700,全域,002,女,207,35～39歳,001,韓国・朝鮮,00000,全国,1980000000,1980年,人
19143,00700,全域,002,女,207,35～39歳,001,韓国・朝鮮,00001,全国市部,1980000000,1980年,人
1493,00700,全域,002,女,207,35～39歳,001,韓国・朝鮮,00002,全国郡部,1980000000,1980年,人
122,00700,全域,002,女,207,35～39歳,001,韓国・朝鮮,01000,北海道,1980000000,1980年,人
42,00700,全域,002,女,207,35～39歳,001,韓国・朝鮮,02000,青森県,1980000000,1980年,人
37,00700,全域,002,女,207,35～39歳,001,韓国・朝鮮,03000,岩手県,1980000000,1980年,人
86,00700,全域,002,女,207,35～39歳,001,韓国・朝鮮,04000,宮城県,1980000000,1980年,人
27,00700,全域,002,女,207,35～39歳,001,韓国・朝鮮,05000,秋田県,1980000000,1980年,人
13,00700,全域,002,女,207,35～39歳,001,韓国・朝鮮,06000,山形県,1980000000,1980年,人
65,00700,全域,002,女,207,35～39歳,001,韓国・朝鮮,07000,福島県,1980000000,1980年,人
124,00700,全域,002,女,207,35～39歳,001,韓国・朝鮮,08000,茨城県,1980000000,1980年,人
58,00700,全域,002,女,207,35～39歳,001,韓国・朝鮮,09000,栃木県,1980000000,1980年,人
73,00700,全域,002,女,207,35～39歳,001,韓国・朝鮮,10000,群馬県,1980000000,1980年,人
363,00700,全域,002,女,207,35～39歳,001,韓国・朝鮮,11000,埼玉県,1980000000,1980年,人
351,00700,全域,002,女,207,35～39歳,001,韓国・朝鮮,12000,千葉県,1980000000,1980年,人
1970,00700,全域,002,女,207,35～39歳,001,韓国・朝鮮,13000,東京都,1980000000,1980年,人
861,00700,全域,002,女,207,35～39歳,001,韓国・朝鮮,14000,神奈川県,1980000000,1980年,人
70,00700,全域,002,女,207,35～39歳,001,韓国・朝鮮,15000,新潟県,1980000000,1980年,人
73,00700,全域,002,女,207,35～39歳,001,韓国・朝鮮,16000,富山県,1980000000,1980年,人
87,00700,全域,002,女,207,35～39歳,001,韓国・朝鮮,17000,石川県,1980000000,1980年,人
176,00700,全域,002,女,207,35～39歳,001,韓国・朝鮮,18000,福井県,1980000000,1980年,人
35,00700,全域,002,女,207,35～39歳,001,韓国・朝鮮,19000,山梨県,1980000000,1980年,人
156,00700,全域,002,女,207,35～39歳,001,韓国・朝鮮,20000,長野県,1980000000,1980年,人
366,00700,全域,002,女,207,35～39歳,001,韓国・朝鮮,21000,岐阜県,1980000000,1980年,人
238,00700,全域,002,女,207,35～39歳,001,韓国・朝鮮,22000,静岡県,1980000000,1980年,人
1922,00700,全域,002,女,207,35～39歳,001,韓国・朝鮮,23000,愛知県,1980000000,1980年,人
292,00700,全域,002,女,207,35～39歳,001,韓国・朝鮮,24000,三重県,1980000000,1980年,人
253,00700,全域,002,女,207,35～39歳,001,韓国・朝鮮,25000,滋賀県,1980000000,1980年,人
1544,00700,全域,002,女,207,35～39歳,001,韓国・朝鮮,26000,京都府,1980000000,1980年,人
5965,00700,全域,002,女,207,35～39歳,001,韓国・朝鮮,27000,大阪府,1980000000,1980年,人
2355,00700,全域,002,女,207,35～39歳,001,韓国・朝鮮,28000,兵庫県,1980000000,1980年,人
182,00700,全域,002,女,207,35～39歳,001,韓国・朝鮮,29000,奈良県,1980000000,1980年,人
154,00700,全域,002,女,207,35～39歳,001,韓国・朝鮮,30000,和歌山県,1980000000,1980年,人
48,00700,全域,002,女,207,35～39歳,001,韓国・朝鮮,31000,鳥取県,1980000000,1980年,人
43,00700,全域,002,女,207,35～39歳,001,韓国・朝鮮,32000,島根県,1980000000,1980年,人
309,00700,全域,002,女,207,35～39歳,001,韓国・朝鮮,33000,岡山県,1980000000,1980年,人
574,00700,全域,002,女,207,35～39歳,001,韓国・朝鮮,34000,広島県,1980000000,1980年,人
426,00700,全域,002,女,207,35～39歳,001,韓国・朝鮮,35000,山口県,1980000000,1980年,人
10,00700,全域,002,女,207,35～39歳,001,韓国・朝鮮,36000,徳島県,1980000000,1980年,人
34,00700,全域,002,女,207,35～39歳,001,韓国・朝鮮,37000,香川県,1980000000,1980年,人
66,00700,全域,002,女,207,35～39歳,001,韓国・朝鮮,38000,愛媛県,1980000000,1980年,人
23,00700,全域,002,女,207,35～39歳,001,韓国・朝鮮,39000,高知県,1980000000,1980年,人
807,00700,全域,002,女,207,35～39歳,001,韓国・朝鮮,40000,福岡県,1980000000,1980年,人
24,00700,全域,002,女,207,35～39歳,001,韓国・朝鮮,41000,佐賀県,1980000000,1980年,人
52,00700,全域,002,女,207,35～39歳,001,韓国・朝鮮,42000,長崎県,1980000000,1980年,人
33,00700,全域,002,女,207,35～39歳,001,韓国・朝鮮,43000,熊本県,1980000000,1980年,人
86,00700,全域,002,女,207,35～39歳,001,韓国・朝鮮,44000,大分県,1980000000,1980年,人
22,00700,全域,002,女,207,35～39歳,001,韓国・朝鮮,45000,宮崎県,1980000000,1980年,人
10,00700,全域,002,女,207,35～39歳,001,韓国・朝鮮,46000,鹿児島県,1980000000,1980年,人
9,00700,全域,002,女,207,35～39歳,001,韓国・朝鮮,47000,沖縄県,1980000000,1980年,人
1419,00700,全域,002,女,207,35～39歳,002,中国,00000,全国,1980000000,1980年,人
1334,00700,全域,002,女,207,35～39歳,002,中国,00001,全国市部,1980000000,1980年,人
85,00700,全域,002,女,207,35～39歳,002,中国,00002,全国郡部,1980000000,1980年,人
20,00700,全域,002,女,207,35～39歳,002,中国,01000,北海道,1980000000,1980年,人
4,00700,全域,002,女,207,35～39歳,002,中国,02000,青森県,1980000000,1980年,人
9,00700,全域,002,女,207,35～39歳,002,中国,03000,岩手県,1980000000,1980年,人
11,00700,全域,002,女,207,35～39歳,002,中国,04000,宮城県,1980000000,1980年,人
3,00700,全域,002,女,207,35～39歳,002,中国,05000,秋田県,1980000000,1980年,人
8,00700,全域,002,女,207,35～39歳,002,中国,06000,山形県,1980000000,1980年,人
3,00700,全域,002,女,207,35～39歳,002,中国,07000,福島県,1980000000,1980年,人
5,00700,全域,002,女,207,35～39歳,002,中国,08000,茨城県,1980000000,1980年,人
4,00700,全域,002,女,207,35～39歳,002,中国,09000,栃木県,1980000000,1980年,人
6,00700,全域,002,女,207,35～39歳,002,中国,10000,群馬県,1980000000,1980年,人
36,00700,全域,002,女,207,35～39歳,002,中国,11000,埼玉県,1980000000,1980年,人
38,00700,全域,002,女,207,35～39歳,002,中国,12000,千葉県,1980000000,1980年,人
332,00700,全域,002,女,207,35～39歳,002,中国,13000,東京都,1980000000,1980年,人
174,00700,全域,002,女,207,35～39歳,002,中国,14000,神奈川県,1980000000,1980年,人
2,00700,全域,002,女,207,35～39歳,002,中国,15000,新潟県,1980000000,1980年,人
2,00700,全域,002,女,207,35～39歳,002,中国,16000,富山県,1980000000,1980年,人
1,00700,全域,002,女,207,35～39歳,002,中国,17000,石川県,1980000000,1980年,人
1,00700,全域,002,女,207,35～39歳,002,中国,18000,福井県,1980000000,1980年,人
4,00700,全域,002,女,207,35～39歳,002,中国,19000,山梨県,1980000000,1980年,人
19,00700,全域,002,女,207,35～39歳,002,中国,20000,長野県,1980000000,1980年,人
7,00700,全域,002,女,207,35～39歳,002,中国,21000,岐阜県,1980000000,1980年,人
7,00700,全域,002,女,207,35～39歳,002,中国,22000,静岡県,1980000000,1980年,人
35,00700,全域,002,女,207,35～39歳,002,中国,23000,愛知県,1980000000,1980年,人
6,00700,全域,002,女,207,35～39歳,002,中国,24000,三重県,1980000000,1980年,人
5,00700,全域,002,女,207,35～39歳,002,中国,25000,滋賀県,1980000000,1980年,人
27,00700,全域,002,女,207,35～39歳,002,中国,26000,京都府,1980000000,1980年,人
168,00700,全域,002,女,207,35～39歳,002,中国,27000,大阪府,1980000000,1980年,人
288,00700,全域,002,女,207,35～39歳,002,中国,28000,兵庫県,1980000000,1980年,人
9,00700,全域,002,女,207,35～39歳,002,中国,29000,奈良県,1980000000,1980年,人
17,00700,全域,002,女,207,35～39歳,002,中国,30000,和歌山県,1980000000,1980年,人
2,00700,全域,002,女,207,35～39歳,002,中国,31000,鳥取県,1980000000,1980年,人
10,00700,全域,002,女,207,35～39歳,002,中国,32000,島根県,1980000000,1980年,人
11,00700,全域,002,女,207,35～39歳,002,中国,33000,岡山県,1980000000,1980年,人
10,00700,全域,002,女,207,35～39歳,002,中国,34000,広島県,1980000000,1980年,人
5,00700,全域,002,女,207,35～39歳,002,中国,35000,山口県,1980000000,1980年,人
2,00700,全域,002,女,207,35～39歳,002,中国,36000,徳島県,1980000000,1980年,人
3,00700,全域,002,女,207,35～39歳,002,中国,37000,香川県,1980000000,1980年,人
9,00700,全域,002,女,207,35～39歳,002,中国,38000,愛媛県,1980000000,1980年,人
6,00700,全域,002,女,207,35～39歳,002,中国,39000,高知県,1980000000,1980年,人
22,00700,全域,002,女,207,35～39歳,002,中国,40000,福岡県,1980000000,1980年,人
5,00700,全域,002,女,207,35～39歳,002,中国,41000,佐賀県,1980000000,1980年,人
25,00700,全域,002,女,207,35～39歳,002,中国,42000,長崎県,1980000000,1980年,人
14,00700,全域,002,女,207,35～39歳,002,中国,43000,熊本県,1980000000,1980年,人
6,00700,全域,002,女,207,35～39歳,002,中国,44000,大分県,1980000000,1980年,人
2,00700,全域,002,女,207,35～39歳,002,中国,45000,宮崎県,1980000000,1980年,人
12,00700,全域,002,女,207,35～39歳,002,中国,46000,鹿児島県,1980000000,1980年,人
24,00700,全域,002,女,207,35～39歳,002,中国,47000,沖縄県,1980000000,1980年,人
575,00700,全域,002,女,207,35～39歳,003,アメリカ,00000,全国,1980000000,1980年,人
528,00700,全域,002,女,207,35～39歳,003,アメリカ,00001,全国市部,1980000000,1980年,人
47,00700,全域,002,女,207,35～39歳,003,アメリカ,00002,全国郡部,1980000000,1980年,人
7,00700,全域,002,女,207,35～39歳,003,アメリカ,01000,北海道,1980000000,1980年,人
1,00700,全域,002,女,207,35～39歳,003,アメリカ,03000,岩手県,1980000000,1980年,人
3,00700,全域,002,女,207,35～39歳,003,アメリカ,04000,宮城県,1980000000,1980年,人
2,00700,全域,002,女,207,35～39歳,003,アメリカ,05000,秋田県,1980000000,1980年,人
1,00700,全域,002,女,207,35～39歳,003,アメリカ,06000,山形県,1980000000,1980年,人
5,00700,全域,002,女,207,35～39歳,003,アメリカ,07000,福島県,1980000000,1980年,人
5,00700,全域,002,女,207,35～39歳,003,アメリカ,08000,茨城県,1980000000,1980年,人
3,00700,全域,002,女,207,35～39歳,003,アメリカ,09000,栃木県,1980000000,1980年,人
19,00700,全域,002,女,207,35～39歳,003,アメリカ,11000,埼玉県,1980000000,1980年,人
12,00700,全域,002,女,207,35～39歳,003,アメリカ,12000,千葉県,1980000000,1980年,人
244,00700,全域,002,女,207,35～39歳,003,アメリカ,13000,東京都,1980000000,1980年,人
58,00700,全域,002,女,207,35～39歳,003,アメリカ,14000,神奈川県,1980000000,1980年,人
1,00700,全域,002,女,207,35～39歳,003,アメリカ,18000,福井県,1980000000,1980年,人
3,00700,全域,002,女,207,35～39歳,003,アメリカ,19000,山梨県,1980000000,1980年,人
5,00700,全域,002,女,207,35～39歳,003,アメリカ,20000,長野県,1980000000,1980年,人
1,00700,全域,002,女,207,35～39歳,003,アメリカ,21000,岐阜県,1980000000,1980年,人
5,00700,全域,002,女,207,35～39歳,003,アメリカ,22000,静岡県,1980000000,1980年,人
17,00700,全域,002,女,207,35～39歳,003,アメリカ,23000,愛知県,1980000000,1980年,人
3,00700,全域,002,女,207,35～39歳,003,アメリカ,24000,三重県,1980000000,1980年,人
2,00700,全域,002,女,207,35～39歳,003,アメリカ,25000,滋賀県,1980000000,1980年,人
13,00700,全域,002,女,207,35～39歳,003,アメリカ,26000,京都府,1980000000,1980年,人
17,00700,全域,002,女,207,35～39歳,003,アメリカ,27000,大阪府,1980000000,1980年,人
46,00700,全域,002,女,207,35～39歳,003,アメリカ,28000,兵庫県,1980000000,1980年,人
7,00700,全域,002,女,207,35～39歳,003,アメリカ,29000,奈良県,1980000000,1980年,人
2,00700,全域,002,女,207,35～39歳,003,アメリカ,30000,和歌山県,1980000000,1980年,人
1,00700,全域,002,女,207,35～39歳,003,アメリカ,31000,鳥取県,1980000000,1980年,人
5,00700,全域,002,女,207,35～39歳,003,アメリカ,33000,岡山県,1980000000,1980年,人
10,00700,全域,002,女,207,35～39歳,003,アメリカ,34000,広島県,1980000000,1980年,人
5,00700,全域,002,女,207,35～39歳,003,アメリカ,35000,山口県,1980000000,1980年,人
1,00700,全域,002,女,207,35～39歳,003,アメリカ,36000,徳島県,1980000000,1980年,人
2,00700,全域,002,女,207,35～39歳,003,アメリカ,37000,香川県,1980000000,1980年,人
1,00700,全域,002,女,207,35～39歳,003,アメリカ,39000,高知県,1980000000,1980年,人
13,00700,全域,002,女,207,35～39歳,003,アメリカ,40000,福岡県,1980000000,1980年,人
2,00700,全域,002,女,207,35～39歳,003,アメリカ,41000,佐賀県,1980000000,1980年,人
1,00700,全域,002,女,207,35～39歳,003,アメリカ,42000,長崎県,1980000000,1980年,人
3,00700,全域,002,女,207,35～39歳,003,アメリカ,43000,熊本県,1980000000,1980年,人
1,00700,全域,002,女,207,35～39歳,003,アメリカ,44000,大分県,1980000000,1980年,人
1,00700,全域,002,女,207,35～39歳,003,アメリカ,45000,宮崎県,1980000000,1980年,人
3,00700,全域,002,女,207,35～39歳,003,アメリカ,46000,鹿児島県,1980000000,1980年,人
44,00700,全域,002,女,207,35～39歳,003,アメリカ,47000,沖縄県,1980000000,1980年,人
1061,00700,全域,002,女,207,35～39歳,004,その他,00000,全国,1980000000,1980年,人
996,00700,全域,002,女,207,35～39歳,004,その他,00001,全国市部,1980000000,1980年,人
65,00700,全域,002,女,207,35～39歳,004,その他,00002,全国郡部,1980000000,1980年,人
13,00700,全域,002,女,207,35～39歳,004,その他,01000,北海道,1980000000,1980年,人
5,00700,全域,002,女,207,35～39歳,004,その他,02000,青森県,1980000000,1980年,人
2,00700,全域,002,女,207,35～39歳,004,その他,03000,岩手県,1980000000,1980年,人
7,00700,全域,002,女,207,35～39歳,004,その他,04000,宮城県,1980000000,1980年,人
1,00700,全域,002,女,207,35～39歳,004,その他,05000,秋田県,1980000000,1980年,人
1,00700,全域,002,女,207,35～39歳,004,その他,06000,山形県,1980000000,1980年,人
2,00700,全域,002,女,207,35～39歳,004,その他,07000,福島県,1980000000,1980年,人
10,00700,全域,002,女,207,35～39歳,004,その他,08000,茨城県,1980000000,1980年,人
5,00700,全域,002,女,207,35～39歳,004,その他,09000,栃木県,1980000000,1980年,人
9,00700,全域,002,女,207,35～39歳,004,その他,10000,群馬県,1980000000,1980年,人
25,00700,全域,002,女,207,35～39歳,004,その他,11000,埼玉県,1980000000,1980年,人
26,00700,全域,002,女,207,35～39歳,004,その他,12000,千葉県,1980000000,1980年,人
486,00700,全域,002,女,207,35～39歳,004,その他,13000,東京都,1980000000,1980年,人
109,00700,全域,002,女,207,35～39歳,004,その他,14000,神奈川県,1980000000,1980年,人
4,00700,全域,002,女,207,35～39歳,004,その他,15000,新潟県,1980000000,1980年,人
1,00700,全域,002,女,207,35～39歳,004,その他,16000,富山県,1980000000,1980年,人
2,00700,全域,002,女,207,35～39歳,004,その他,18000,福井県,1980000000,1980年,人
2,00700,全域,002,女,207,35～39歳,004,その他,19000,山梨県,1980000000,1980年,人
1,00700,全域,002,女,207,35～39歳,004,その他,20000,長野県,1980000000,1980年,人
3,00700,全域,002,女,207,35～39歳,004,その他,21000,岐阜県,1980000000,1980年,人
9,00700,全域,002,女,207,35～39歳,004,その他,22000,静岡県,1980000000,1980年,人
27,00700,全域,002,女,207,35～39歳,004,その他,23000,愛知県,1980000000,1980年,人
4,00700,全域,002,女,207,35～39歳,004,その他,24000,三重県,1980000000,1980年,人
4,00700,全域,002,女,207,35～39歳,004,その他,25000,滋賀県,1980000000,1980年,人
27,00700,全域,002,女,207,35～39歳,004,その他,26000,京都府,1980000000,1980年,人
51,00700,全域,002,女,207,35～39歳,004,その他,27000,大阪府,1980000000,1980年,人
129,00700,全域,002,女,207,35～39歳,004,その他,28000,兵庫県,1980000000,1980年,人
5,00700,全域,002,女,207,35～39歳,004,その他,29000,奈良県,1980000000,1980年,人
3,00700,全域,002,女,207,35～39歳,004,その他,30000,和歌山県,1980000000,1980年,人
2,00700,全域,002,女,207,35～39歳,004,その他,31000,鳥取県,1980000000,1980年,人
3,00700,全域,002,女,207,35～39歳,004,その他,32000,島根県,1980000000,1980年,人
6,00700,全域,002,女,207,35～39歳,004,その他,33000,岡山県,1980000000,1980年,人
10,00700,全域,002,女,207,35～39歳,004,その他,34000,広島県,1980000000,1980年,人
7,00700,全域,002,女,207,35～39歳,004,その他,35000,山口県,1980000000,1980年,人
2,00700,全域,002,女,207,35～39歳,004,その他,36000,徳島県,1980000000,1980年,人
4,00700,全域,002,女,207,35～39歳,004,その他,37000,香川県,1980000000,1980年,人
1,00700,全域,002,女,207,35～39歳,004,その他,38000,愛媛県,1980000000,1980年,人
8,00700,全域,002,女,207,35～39歳,004,その他,40000,福岡県,1980000000,1980年,人
1,00700,全域,002,女,207,35～39歳,004,その他,41000,佐賀県,1980000000,1980年,人
5,00700,全域,002,女,207,35～39歳,004,その他,42000,長崎県,1980000000,1980年,人
2,00700,全域,002,女,207,35～39歳,004,その他,43000,熊本県,1980000000,1980年,人
6,00700,全域,002,女,207,35～39歳,004,その他,44000,大分県,1980000000,1980年,人
4,00700,全域,002,女,207,35～39歳,004,その他,45000,宮崎県,1980000000,1980年,人
3,00700,全域,002,女,207,35～39歳,004,その他,46000,鹿児島県,1980000000,1980年,人
24,00700,全域,002,女,207,35～39歳,004,その他,47000,沖縄県,1980000000,1980年,人
20350,00700,全域,002,女,208,40～44歳,000,国籍総数,00000,全国,1980000000,1980年,人
18887,00700,全域,002,女,208,40～44歳,000,国籍総数,00001,全国市部,1980000000,1980年,人
1463,00700,全域,002,女,208,40～44歳,000,国籍総数,00002,全国郡部,1980000000,1980年,人
172,00700,全域,002,女,208,40～44歳,000,国籍総数,01000,北海道,1980000000,1980年,人
41,00700,全域,002,女,208,40～44歳,000,国籍総数,02000,青森県,1980000000,1980年,人
35,00700,全域,002,女,208,40～44歳,000,国籍総数,03000,岩手県,1980000000,1980年,人
82,00700,全域,002,女,208,40～44歳,000,国籍総数,04000,宮城県,1980000000,1980年,人
22,00700,全域,002,女,208,40～44歳,000,国籍総数,05000,秋田県,1980000000,1980年,人
25,00700,全域,002,女,208,40～44歳,000,国籍総数,06000,山形県,1980000000,1980年,人
63,00700,全域,002,女,208,40～44歳,000,国籍総数,07000,福島県,1980000000,1980年,人
119,00700,全域,002,女,208,40～44歳,000,国籍総数,08000,茨城県,1980000000,1980年,人
65,00700,全域,002,女,208,40～44歳,000,国籍総数,09000,栃木県,1980000000,1980年,人
77,00700,全域,002,女,208,40～44歳,000,国籍総数,10000,群馬県,1980000000,1980年,人
313,00700,全域,002,女,208,40～44歳,000,国籍総数,11000,埼玉県,1980000000,1980年,人
355,00700,全域,002,女,208,40～44歳,000,国籍総数,12000,千葉県,1980000000,1980年,人
2591,00700,全域,002,女,208,40～44歳,000,国籍総数,13000,東京都,1980000000,1980年,人
1074,00700,全域,002,女,208,40～44歳,000,国籍総数,14000,神奈川県,1980000000,1980年,人
70,00700,全域,002,女,208,40～44歳,000,国籍総数,15000,新潟県,1980000000,1980年,人
62,00700,全域,002,女,208,40～44歳,000,国籍総数,16000,富山県,1980000000,1980年,人
96,00700,全域,002,女,208,40～44歳,000,国籍総数,17000,石川県,1980000000,1980年,人
128,00700,全域,002,女,208,40～44歳,000,国籍総数,18000,福井県,1980000000,1980年,人
41,00700,全域,002,女,208,40～44歳,000,国籍総数,19000,山梨県,1980000000,1980年,人
127,00700,全域,002,女,208,40～44歳,000,国籍総数,20000,長野県,1980000000,1980年,人
325,00700,全域,002,女,208,40～44歳,000,国籍総数,21000,岐阜県,1980000000,1980年,人
239,00700,全域,002,女,208,40～44歳,000,国籍総数,22000,静岡県,1980000000,1980年,人
1705,00700,全域,002,女,208,40～44歳,000,国籍総数,23000,愛知県,1980000000,1980年,人
257,00700,全域,002,女,208,40～44歳,000,国籍総数,24000,三重県,1980000000,1980年,人
229,00700,全域,002,女,208,40～44歳,000,国籍総数,25000,滋賀県,1980000000,1980年,人
1461,00700,全域,002,女,208,40～44歳,000,国籍総数,26000,京都府,1980000000,1980年,人
5397,00700,全域,002,女,208,40～44歳,000,国籍総数,27000,大阪府,1980000000,1980年,人
2305,00700,全域,002,女,208,40～44歳,000,国籍総数,28000,兵庫県,1980000000,1980年,人
189,00700,全域,002,女,208,40～44歳,000,国籍総数,29000,奈良県,1980000000,1980年,人
160,00700,全域,002,女,208,40～44歳,000,国籍総数,30000,和歌山県,1980000000,1980年,人
43,00700,全域,002,女,208,40～44歳,000,国籍総数,31000,鳥取県,1980000000,1980年,人
44,00700,全域,002,女,208,40～44歳,000,国籍総数,32000,島根県,1980000000,1980年,人
251,00700,全域,002,女,208,40～44歳,000,国籍総数,33000,岡山県,1980000000,1980年,人
488,00700,全域,002,女,208,40～44歳,000,国籍総数,34000,広島県,1980000000,1980年,人
396,00700,全域,002,女,208,40～44歳,000,国籍総数,35000,山口県,1980000000,1980年,人
9,00700,全域,002,女,208,40～44歳,000,国籍総数,36000,徳島県,1980000000,1980年,人
28,00700,全域,002,女,208,40～44歳,000,国籍総数,37000,香川県,1980000000,1980年,人
58,00700,全域,002,女,208,40～44歳,000,国籍総数,38000,愛媛県,1980000000,1980年,人
35,00700,全域,002,女,208,40～44歳,000,国籍総数,39000,高知県,1980000000,1980年,人
758,00700,全域,002,女,208,40～44歳,000,国籍総数,40000,福岡県,1980000000,1980年,人
44,00700,全域,002,女,208,40～44歳,000,国籍総数,41000,佐賀県,1980000000,1980年,人
81,00700,全域,002,女,208,40～44歳,000,国籍総数,42000,長崎県,1980000000,1980年,人
49,00700,全域,002,女,208,40～44歳,000,国籍総数,43000,熊本県,1980000000,1980年,人
95,00700,全域,002,女,208,40～44歳,000,国籍総数,44000,大分県,1980000000,1980年,人
27,00700,全域,002,女,208,40～44歳,000,国籍総数,45000,宮崎県,1980000000,1980年,人
27,00700,全域,002,女,208,40～44歳,000,国籍総数,46000,鹿児島県,1980000000,1980年,人
92,00700,全域,002,女,208,40～44歳,000,国籍総数,47000,沖縄県,1980000000,1980年,人
17528,00700,全域,002,女,208,40～44歳,001,韓国・朝鮮,00000,全国,1980000000,1980年,人
16286,00700,全域,002,女,208,40～44歳,001,韓国・朝鮮,00001,全国市部,1980000000,1980年,人
1242,00700,全域,002,女,208,40～44歳,001,韓国・朝鮮,00002,全国郡部,1980000000,1980年,人
110,00700,全域,002,女,208,40～44歳,001,韓国・朝鮮,01000,北海道,1980000000,1980年,人
31,00700,全域,002,女,208,40～44歳,001,韓国・朝鮮,02000,青森県,1980000000,1980年,人
27,00700,全域,002,女,208,40～44歳,001,韓国・朝鮮,03000,岩手県,1980000000,1980年,人
67,00700,全域,002,女,208,40～44歳,001,韓国・朝鮮,04000,宮城県,1980000000,1980年,人
14,00700,全域,002,女,208,40～44歳,001,韓国・朝鮮,05000,秋田県,1980000000,1980年,人
16,00700,全域,002,女,208,40～44歳,001,韓国・朝鮮,06000,山形県,1980000000,1980年,人
45,00700,全域,002,女,208,40～44歳,001,韓国・朝鮮,07000,福島県,1980000000,1980年,人
96,00700,全域,002,女,208,40～44歳,001,韓国・朝鮮,08000,茨城県,1980000000,1980年,人
53,00700,全域,002,女,208,40～44歳,001,韓国・朝鮮,09000,栃木県,1980000000,1980年,人
61,00700,全域,002,女,208,40～44歳,001,韓国・朝鮮,10000,群馬県,1980000000,1980年,人
261,00700,全域,002,女,208,40～44歳,001,韓国・朝鮮,11000,埼玉県,1980000000,1980年,人
272,00700,全域,002,女,208,40～44歳,001,韓国・朝鮮,12000,千葉県,1980000000,1980年,人
1715,00700,全域,002,女,208,40～44歳,001,韓国・朝鮮,13000,東京都,1980000000,1980年,人
764,00700,全域,002,女,208,40～44歳,001,韓国・朝鮮,14000,神奈川県,1980000000,1980年,人
60,00700,全域,002,女,208,40～44歳,001,韓国・朝鮮,15000,新潟県,1980000000,1980年,人
56,00700,全域,002,女,208,40～44歳,001,韓国・朝鮮,16000,富山県,1980000000,1980年,人
86,00700,全域,002,女,208,40～44歳,001,韓国・朝鮮,17000,石川県,1980000000,1980年,人
122,00700,全域,002,女,208,40～44歳,001,韓国・朝鮮,18000,福井県,1980000000,1980年,人
36,00700,全域,002,女,208,40～44歳,001,韓国・朝鮮,19000,山梨県,1980000000,1980年,人
113,00700,全域,002,女,208,40～44歳,001,韓国・朝鮮,20000,長野県,1980000000,1980年,人
308,00700,全域,002,女,208,40～44歳,001,韓国・朝鮮,21000,岐阜県,1980000000,1980年,人
209,00700,全域,002,女,208,40～44歳,001,韓国・朝鮮,22000,静岡県,1980000000,1980年,人
1641,00700,全域,002,女,208,40～44歳,001,韓国・朝鮮,23000,愛知県,1980000000,1980年,人
243,00700,全域,002,女,208,40～44歳,001,韓国・朝鮮,24000,三重県,1980000000,1980年,人
213,00700,全域,002,女,208,40～44歳,001,韓国・朝鮮,25000,滋賀県,1980000000,1980年,人
1402,00700,全域,002,女,208,40～44歳,001,韓国・朝鮮,26000,京都府,1980000000,1980年,人
5131,00700,全域,002,女,208,40～44歳,001,韓国・朝鮮,27000,大阪府,1980000000,1980年,人
1904,00700,全域,002,女,208,40～44歳,001,韓国・朝鮮,28000,兵庫県,1980000000,1980年,人
178,00700,全域,002,女,208,40～44歳,001,韓国・朝鮮,29000,奈良県,1980000000,1980年,人
136,00700,全域,002,女,208,40～44歳,001,韓国・朝鮮,30000,和歌山県,1980000000,1980年,人
40,00700,全域,002,女,208,40～44歳,001,韓国・朝鮮,31000,鳥取県,1980000000,1980年,人
35,00700,全域,002,女,208,40～44歳,001,韓国・朝鮮,32000,島根県,1980000000,1980年,人
232,00700,全域,002,女,208,40～44歳,001,韓国・朝鮮,33000,岡山県,1980000000,1980年,人
440,00700,全域,002,女,208,40～44歳,001,韓国・朝鮮,34000,広島県,1980000000,1980年,人
382,00700,全域,002,女,208,40～44歳,001,韓国・朝鮮,35000,山口県,1980000000,1980年,人
6,00700,全域,002,女,208,40～44歳,001,韓国・朝鮮,36000,徳島県,1980000000,1980年,人
20,00700,全域,002,女,208,40～44歳,001,韓国・朝鮮,37000,香川県,1980000000,1980年,人
52,00700,全域,002,女,208,40～44歳,001,韓国・朝鮮,38000,愛媛県,1980000000,1980年,人
27,00700,全域,002,女,208,40～44歳,001,韓国・朝鮮,39000,高知県,1980000000,1980年,人
696,00700,全域,002,女,208,40～44歳,001,韓国・朝鮮,40000,福岡県,1980000000,1980年,人
38,00700,全域,002,女,208,40～44歳,001,韓国・朝鮮,41000,佐賀県,1980000000,1980年,人
56,00700,全域,002,女,208,40～44歳,001,韓国・朝鮮,42000,長崎県,1980000000,1980年,人
30,00700,全域,002,女,208,40～44歳,001,韓国・朝鮮,43000,熊本県,1980000000,1980年,人
77,00700,全域,002,女,208,40～44歳,001,韓国・朝鮮,44000,大分県,1980000000,1980年,人
18,00700,全域,002,女,208,40～44歳,001,韓国・朝鮮,45000,宮崎県,1980000000,1980年,人
5,00700,全域,002,女,208,40～44歳,001,韓国・朝鮮,46000,鹿児島県,1980000000,1980年,人
4,00700,全域,002,女,208,40～44歳,001,韓国・朝鮮,47000,沖縄県,1980000000,1980年,人
1162,00700,全域,002,女,208,40～44歳,002,中国,00000,全国,1980000000,1980年,人
1100,00700,全域,002,女,208,40～44歳,002,中国,00001,全国市部,1980000000,1980年,人
62,00700,全域,002,女,208,40～44歳,002,中国,00002,全国郡部,1980000000,1980年,人
17,00700,全域,002,女,208,40～44歳,002,中国,01000,北海道,1980000000,1980年,人
3,00700,全域,002,女,208,40～44歳,002,中国,02000,青森県,1980000000,1980年,人
3,00700,全域,002,女,208,40～44歳,002,中国,03000,岩手県,1980000000,1980年,人
5,00700,全域,002,女,208,40～44歳,002,中国,04000,宮城県,1980000000,1980年,人
2,00700,全域,002,女,208,40～44歳,002,中国,05000,秋田県,1980000000,1980年,人
6,00700,全域,002,女,208,40～44歳,002,中国,06000,山形県,1980000000,1980年,人
2,00700,全域,002,女,208,40～44歳,002,中国,07000,福島県,1980000000,1980年,人
4,00700,全域,002,女,208,40～44歳,002,中国,08000,茨城県,1980000000,1980年,人
6,00700,全域,002,女,208,40～44歳,002,中国,09000,栃木県,1980000000,1980年,人
7,00700,全域,002,女,208,40～44歳,002,中国,10000,群馬県,1980000000,1980年,人
16,00700,全域,002,女,208,40～44歳,002,中国,11000,埼玉県,1980000000,1980年,人
40,00700,全域,002,女,208,40～44歳,002,中国,12000,千葉県,1980000000,1980年,人
284,00700,全域,002,女,208,40～44歳,002,中国,13000,東京都,1980000000,1980年,人
154,00700,全域,002,女,208,40～44歳,002,中国,14000,神奈川県,1980000000,1980年,人
3,00700,全域,002,女,208,40～44歳,002,中国,15000,新潟県,1980000000,1980年,人
2,00700,全域,002,女,208,40～44歳,002,中国,16000,富山県,1980000000,1980年,人
3,00700,全域,002,女,208,40～44歳,002,中国,17000,石川県,1980000000,1980年,人
2,00700,全域,002,女,208,40～44歳,002,中国,18000,福井県,1980000000,1980年,人
4,00700,全域,002,女,208,40～44歳,002,中国,19000,山梨県,1980000000,1980年,人
2,00700,全域,002,女,208,40～44歳,002,中国,20000,長野県,1980000000,1980年,人
7,00700,全域,002,女,208,40～44歳,002,中国,21000,岐阜県,1980000000,1980年,人
14,00700,全域,002,女,208,40～44歳,002,中国,22000,静岡県,1980000000,1980年,人
20,00700,全域,002,女,208,40～44歳,002,中国,23000,愛知県,1980000000,1980年,人
4,00700,全域,002,女,208,40～44歳,002,中国,24000,三重県,1980000000,1980年,人
2,00700,全域,002,女,208,40～44歳,002,中国,25000,滋賀県,1980000000,1980年,人
18,00700,全域,002,女,208,40～44歳,002,中国,26000,京都府,1980000000,1980年,人
138,00700,全域,002,女,208,40～44歳,002,中国,27000,大阪府,1980000000,1980年,人
236,00700,全域,002,女,208,40～44歳,002,中国,28000,兵庫県,1980000000,1980年,人
5,00700,全域,002,女,208,40～44歳,002,中国,29000,奈良県,1980000000,1980年,人
16,00700,全域,002,女,208,40～44歳,002,中国,30000,和歌山県,1980000000,1980年,人
2,00700,全域,002,女,208,40～44歳,002,中国,31000,鳥取県,1980000000,1980年,人
6,00700,全域,002,女,208,40～44歳,002,中国,32000,島根県,1980000000,1980年,人
5,00700,全域,002,女,208,40～44歳,002,中国,33000,岡山県,1980000000,1980年,人
14,00700,全域,002,女,208,40～44歳,002,中国,34000,広島県,1980000000,1980年,人
2,00700,全域,002,女,208,40～44歳,002,中国,37000,香川県,1980000000,1980年,人
1,00700,全域,002,女,208,40～44歳,002,中国,38000,愛媛県,1980000000,1980年,人
2,00700,全域,002,女,208,40～44歳,002,中国,39000,高知県,1980000000,1980年,人
27,00700,全域,002,女,208,40～44歳,002,中国,40000,福岡県,1980000000,1980年,人
4,00700,全域,002,女,208,40～44歳,002,中国,41000,佐賀県,1980000000,1980年,人
16,00700,全域,002,女,208,40～44歳,002,中国,42000,長崎県,1980000000,1980年,人
8,00700,全域,002,女,208,40～44歳,002,中国,43000,熊本県,1980000000,1980年,人
9,00700,全域,002,女,208,40～44歳,002,中国,44000,大分県,1980000000,1980年,人
2,00700,全域,002,女,208,40～44歳,002,中国,45000,宮崎県,1980000000,1980年,人
13,00700,全域,002,女,208,40～44歳,002,中国,46000,鹿児島県,1980000000,1980年,人
26,00700,全域,002,女,208,40～44歳,002,中国,47000,沖縄県,1980000000,1980年,人
434,00700,全域,002,女,208,40～44歳,003,アメリカ,00000,全国,1980000000,1980年,人
391,00700,全域,002,女,208,40～44歳,003,アメリカ,00001,全国市部,1980000000,1980年,人
43,00700,全域,002,女,208,40～44歳,003,アメリカ,00002,全国郡部,1980000000,1980年,人
11,00700,全域,002,女,208,40～44歳,003,アメリカ,01000,北海道,1980000000,1980年,人
3,00700,全域,002,女,208,40～44歳,003,アメリカ,02000,青森県,1980000000,1980年,人
3,00700,全域,002,女,208,40～44歳,003,アメリカ,04000,宮城県,1980000000,1980年,人
2,00700,全域,002,女,208,40～44歳,003,アメリカ,06000,山形県,1980000000,1980年,人
3,00700,全域,002,女,208,40～44歳,003,アメリカ,07000,福島県,1980000000,1980年,人
2,00700,全域,002,女,208,40～44歳,003,アメリカ,08000,茨城県,1980000000,1980年,人
4,00700,全域,002,女,208,40～44歳,003,アメリカ,10000,群馬県,1980000000,1980年,人
13,00700,全域,002,女,208,40～44歳,003,アメリカ,11000,埼玉県,1980000000,1980年,人
9,00700,全域,002,女,208,40～44歳,003,アメリカ,12000,千葉県,1980000000,1980年,人
195,00700,全域,002,女,208,40～44歳,003,アメリカ,13000,東京都,1980000000,1980年,人
53,00700,全域,002,女,208,40～44歳,003,アメリカ,14000,神奈川県,1980000000,1980年,人
1,00700,全域,002,女,208,40～44歳,003,アメリカ,15000,新潟県,1980000000,1980年,人
1,00700,全域,002,女,208,40～44歳,003,アメリカ,17000,石川県,1980000000,1980年,人
2,00700,全域,002,女,208,40～44歳,003,アメリカ,20000,長野県,1980000000,1980年,人
2,00700,全域,002,女,208,40～44歳,003,アメリカ,21000,岐阜県,1980000000,1980年,人
4,00700,全域,002,女,208,40～44歳,003,アメリカ,22000,静岡県,1980000000,1980年,人
16,00700,全域,002,女,208,40～44歳,003,アメリカ,23000,愛知県,1980000000,1980年,人
1,00700,全域,002,女,208,40～44歳,003,アメリカ,24000,三重県,1980000000,1980年,人
2,00700,全域,002,女,208,40～44歳,003,アメリカ,25000,滋賀県,1980000000,1980年,人
8,00700,全域,002,女,208,40～44歳,003,アメリカ,26000,京都府,1980000000,1980年,人
5,00700,全域,002,女,208,40～44歳,003,アメリカ,27000,大阪府,1980000000,1980年,人
24,00700,全域,002,女,208,40～44歳,003,アメリカ,28000,兵庫県,1980000000,1980年,人
2,00700,全域,002,女,208,40～44歳,003,アメリカ,30000,和歌山県,1980000000,1980年,人
1,00700,全域,002,女,208,40～44歳,003,アメリカ,33000,岡山県,1980000000,1980年,人
8,00700,全域,002,女,208,40～44歳,003,アメリカ,34000,広島県,1980000000,1980年,人
1,00700,全域,002,女,208,40～44歳,003,アメリカ,37000,香川県,1980000000,1980年,人
12,00700,全域,002,女,208,40～44歳,003,アメリカ,40000,福岡県,1980000000,1980年,人
1,00700,全域,002,女,208,40～44歳,003,アメリカ,42000,長崎県,1980000000,1980年,人
2,00700,全域,002,女,208,40～44歳,003,アメリカ,43000,熊本県,1980000000,1980年,人
1,00700,全域,002,女,208,40～44歳,003,アメリカ,44000,大分県,1980000000,1980年,人
2,00700,全域,002,女,208,40～44歳,003,アメリカ,45000,宮崎県,1980000000,1980年,人
1,00700,全域,002,女,208,40～44歳,003,アメリカ,46000,鹿児島県,1980000000,1980年,人
39,00700,全域,002,女,208,40～44歳,003,アメリカ,47000,沖縄県,1980000000,1980年,人
673,00700,全域,002,女,208,40～44歳,004,その他,00000,全国,1980000000,1980年,人
627,00700,全域,002,女,208,40～44歳,004,その他,00001,全国市部,1980000000,1980年,人
46,00700,全域,002,女,208,40～44歳,004,その他,00002,全国郡部,1980000000,1980年,人
18,00700,全域,002,女,208,40～44歳,004,その他,01000,北海道,1980000000,1980年,人
1,00700,全域,002,女,208,40～44歳,004,その他,02000,青森県,1980000000,1980年,人
3,00700,全域,002,女,208,40～44歳,004,その他,04000,宮城県,1980000000,1980年,人
2,00700,全域,002,女,208,40～44歳,004,その他,05000,秋田県,1980000000,1980年,人
4,00700,全域,002,女,208,40～44歳,004,その他,07000,福島県,1980000000,1980年,人
9,00700,全域,002,女,208,40～44歳,004,その他,08000,茨城県,1980000000,1980年,人
1,00700,全域,002,女,208,40～44歳,004,その他,09000,栃木県,1980000000,1980年,人
12,00700,全域,002,女,208,40～44歳,004,その他,11000,埼玉県,1980000000,1980年,人
16,00700,全域,002,女,208,40～44歳,004,その他,12000,千葉県,1980000000,1980年,人
281,00700,全域,002,女,208,40～44歳,004,その他,13000,東京都,1980000000,1980年,人
66,00700,全域,002,女,208,40～44歳,004,その他,14000,神奈川県,1980000000,1980年,人
1,00700,全域,002,女,208,40～44歳,004,その他,15000,新潟県,1980000000,1980年,人
3,00700,全域,002,女,208,40～44歳,004,その他,16000,富山県,1980000000,1980年,人
2,00700,全域,002,女,208,40～44歳,004,その他,17000,石川県,1980000000,1980年,人
1,00700,全域,002,女,208,40～44歳,004,その他,18000,福井県,1980000000,1980年,人
4,00700,全域,002,女,208,40～44歳,004,その他,20000,長野県,1980000000,1980年,人
4,00700,全域,002,女,208,40～44歳,004,その他,21000,岐阜県,1980000000,1980年,人
4,00700,全域,002,女,208,40～44歳,004,その他,22000,静岡県,1980000000,1980年,人
12,00700,全域,002,女,208,40～44歳,004,その他,23000,愛知県,1980000000,1980年,人
3,00700,全域,002,女,208,40～44歳,004,その他,24000,三重県,1980000000,1980年,人
9,00700,全域,002,女,208,40～44歳,004,その他,25000,滋賀県,1980000000,1980年,人
12,00700,全域,002,女,208,40～44歳,004,その他,26000,京都府,1980000000,1980年,人
29,00700,全域,002,女,208,40～44歳,004,その他,27000,大阪府,1980000000,1980年,人
103,00700,全域,002,女,208,40～44歳,004,その他,28000,兵庫県,1980000000,1980年,人
1,00700,全域,002,女,208,40～44歳,004,その他,29000,奈良県,1980000000,1980年,人
2,00700,全域,002,女,208,40～44歳,004,その他,30000,和歌山県,1980000000,1980年,人
1,00700,全域,002,女,208,40～44歳,004,その他,32000,島根県,1980000000,1980年,人
7,00700,全域,002,女,208,40～44歳,004,その他,33000,岡山県,1980000000,1980年,人
6,00700,全域,002,女,208,40～44歳,004,その他,34000,広島県,1980000000,1980年,人
7,00700,全域,002,女,208,40～44歳,004,その他,35000,山口県,1980000000,1980年,人
1,00700,全域,002,女,208,40～44歳,004,その他,36000,徳島県,1980000000,1980年,人
1,00700,全域,002,女,208,40～44歳,004,その他,37000,香川県,1980000000,1980年,人
2,00700,全域,002,女,208,40～44歳,004,その他,39000,高知県,1980000000,1980年,人
6,00700,全域,002,女,208,40～44歳,004,その他,40000,福岡県,1980000000,1980年,人
6,00700,全域,002,女,208,40～44歳,004,その他,42000,長崎県,1980000000,1980年,人
3,00700,全域,002,女,208,40～44歳,004,その他,43000,熊本県,1980000000,1980年,人
5,00700,全域,002,女,208,40～44歳,004,その他,44000,大分県,1980000000,1980年,人
2,00700,全域,002,女,208,40～44歳,004,その他,45000,宮崎県,1980000000,1980年,人
2,00700,全域,002,女,208,40～44歳,004,その他,46000,鹿児島県,1980000000,1980年,人
21,00700,全域,002,女,208,40～44歳,004,その他,47000,沖縄県,1980000000,1980年,人
16132,00700,全域,002,女,209,45～49歳,000,国籍総数,00000,全国,1980000000,1980年,人
14907,00700,全域,002,女,209,45～49歳,000,国籍総数,00001,全国市部,1980000000,1980年,人
1225,00700,全域,002,女,209,45～49歳,000,国籍総数,00002,全国郡部,1980000000,1980年,人
161,00700,全域,002,女,209,45～49歳,000,国籍総数,01000,北海道,1980000000,1980年,人
64,00700,全域,002,女,209,45～49歳,000,国籍総数,02000,青森県,1980000000,1980年,人
44,00700,全域,002,女,209,45～49歳,000,国籍総数,03000,岩手県,1980000000,1980年,人
88,00700,全域,002,女,209,45～49歳,000,国籍総数,04000,宮城県,1980000000,1980年,人
28,00700,全域,002,女,209,45～49歳,000,国籍総数,05000,秋田県,1980000000,1980年,人
23,00700,全域,002,女,209,45～49歳,000,国籍総数,06000,山形県,1980000000,1980年,人
46,00700,全域,002,女,209,45～49歳,000,国籍総数,07000,福島県,1980000000,1980年,人
91,00700,全域,002,女,209,45～49歳,000,国籍総数,08000,茨城県,1980000000,1980年,人
60,00700,全域,002,女,209,45～49歳,000,国籍総数,09000,栃木県,1980000000,1980年,人
72,00700,全域,002,女,209,45～49歳,000,国籍総数,10000,群馬県,1980000000,1980年,人
207,00700,全域,002,女,209,45～49歳,000,国籍総数,11000,埼玉県,1980000000,1980年,人
261,00700,全域,002,女,209,45～49歳,000,国籍総数,12000,千葉県,1980000000,1980年,人
2187,00700,全域,002,女,209,45～49歳,000,国籍総数,13000,東京都,1980000000,1980年,人
857,00700,全域,002,女,209,45～49歳,000,国籍総数,14000,神奈川県,1980000000,1980年,人
86,00700,全域,002,女,209,45～49歳,000,国籍総数,15000,新潟県,1980000000,1980年,人
55,00700,全域,002,女,209,45～49歳,000,国籍総数,16000,富山県,1980000000,1980年,人
73,00700,全域,002,女,209,45～49歳,000,国籍総数,17000,石川県,1980000000,1980年,人
109,00700,全域,002,女,209,45～49歳,000,国籍総数,18000,福井県,1980000000,1980年,人
32,00700,全域,002,女,209,45～49歳,000,国籍総数,19000,山梨県,1980000000,1980年,人
101,00700,全域,002,女,209,45～49歳,000,国籍総数,20000,長野県,1980000000,1980年,人
244,00700,全域,002,女,209,45～49歳,000,国籍総数,21000,岐阜県,1980000000,1980年,人
185,00700,全域,002,女,209,45～49歳,000,国籍総数,22000,静岡県,1980000000,1980年,人
1323,00700,全域,002,女,209,45～49歳,000,国籍総数,23000,愛知県,1980000000,1980年,人
167,00700,全域,002,女,209,45～49歳,000,国籍総数,24000,三重県,1980000000,1980年,人
161,00700,全域,002,女,209,45～49歳,000,国籍総数,25000,滋賀県,1980000000,1980年,人
1046,00700,全域,002,女,209,45～49歳,000,国籍総数,26000,京都府,1980000000,1980年,人
4134,00700,全域,002,女,209,45～49歳,000,国籍総数,27000,大阪府,1980000000,1980年,人
1826,00700,全域,002,女,209,45～49歳,000,国籍総数,28000,兵庫県,1980000000,1980年,人
148,00700,全域,002,女,209,45～49歳,000,国籍総数,29000,奈良県,1980000000,1980年,人
117,00700,全域,002,女,209,45～49歳,000,国籍総数,30000,和歌山県,1980000000,1980年,人
34,00700,全域,002,女,209,45～49歳,000,国籍総数,31000,鳥取県,1980000000,1980年,人
41,00700,全域,002,女,209,45～49歳,000,国籍総数,32000,島根県,1980000000,1980年,人
199,00700,全域,002,女,209,45～49歳,000,国籍総数,33000,岡山県,1980000000,1980年,人
366,00700,全域,002,女,209,45～49歳,000,国籍総数,34000,広島県,1980000000,1980年,人
367,00700,全域,002,女,209,45～49歳,000,国籍総数,35000,山口県,1980000000,1980年,人
13,00700,全域,002,女,209,45～49歳,000,国籍総数,36000,徳島県,1980000000,1980年,人
22,00700,全域,002,女,209,45～49歳,000,国籍総数,37000,香川県,1980000000,1980年,人
38,00700,全域,002,女,209,45～49歳,000,国籍総数,38000,愛媛県,1980000000,1980年,人
21,00700,全域,002,女,209,45～49歳,000,国籍総数,39000,高知県,1980000000,1980年,人
616,00700,全域,002,女,209,45～49歳,000,国籍総数,40000,福岡県,1980000000,1980年,人
35,00700,全域,002,女,209,45～49歳,000,国籍総数,41000,佐賀県,1980000000,1980年,人
77,00700,全域,002,女,209,45～49歳,000,国籍総数,42000,長崎県,1980000000,1980年,人
48,00700,全域,002,女,209,45～49歳,000,国籍総数,43000,熊本県,1980000000,1980年,人
80,00700,全域,002,女,209,45～49歳,000,国籍総数,44000,大分県,1980000000,1980年,人
37,00700,全域,002,女,209,45～49歳,000,国籍総数,45000,宮崎県,1980000000,1980年,人
29,00700,全域,002,女,209,45～49歳,000,国籍総数,46000,鹿児島県,1980000000,1980年,人
113,00700,全域,002,女,209,45～49歳,000,国籍総数,47000,沖縄県,1980000000,1980年,人
13774,00700,全域,002,女,209,45～49歳,001,韓国・朝鮮,00000,全国,1980000000,1980年,人
12738,00700,全域,002,女,209,45～49歳,001,韓国・朝鮮,00001,全国市部,1980000000,1980年,人
1036,00700,全域,002,女,209,45～49歳,001,韓国・朝鮮,00002,全国郡部,1980000000,1980年,人
126,00700,全域,002,女,209,45～49歳,001,韓国・朝鮮,01000,北海道,1980000000,1980年,人
53,00700,全域,002,女,209,45～49歳,001,韓国・朝鮮,02000,青森県,1980000000,1980年,人
36,00700,全域,002,女,209,45～49歳,001,韓国・朝鮮,03000,岩手県,1980000000,1980年,人
62,00700,全域,002,女,209,45～49歳,001,韓国・朝鮮,04000,宮城県,1980000000,1980年,人
22,00700,全域,002,女,209,45～49歳,001,韓国・朝鮮,05000,秋田県,1980000000,1980年,人
17,00700,全域,002,女,209,45～49歳,001,韓国・朝鮮,06000,山形県,1980000000,1980年,人
34,00700,全域,002,女,209,45～49歳,001,韓国・朝鮮,07000,福島県,1980000000,1980年,人
68,00700,全域,002,女,209,45～49歳,001,韓国・朝鮮,08000,茨城県,1980000000,1980年,人
49,00700,全域,002,女,209,45～49歳,001,韓国・朝鮮,09000,栃木県,1980000000,1980年,人
55,00700,全域,002,女,209,45～49歳,001,韓国・朝鮮,10000,群馬県,1980000000,1980年,人
175,00700,全域,002,女,209,45～49歳,001,韓国・朝鮮,11000,埼玉県,1980000000,1980年,人
202,00700,全域,002,女,209,45～49歳,001,韓国・朝鮮,12000,千葉県,1980000000,1980年,人
1478,00700,全域,002,女,209,45～49歳,001,韓国・朝鮮,13000,東京都,1980000000,1980年,人
610,00700,全域,002,女,209,45～49歳,001,韓国・朝鮮,14000,神奈川県,1980000000,1980年,人
71,00700,全域,002,女,209,45～49歳,001,韓国・朝鮮,15000,新潟県,1980000000,1980年,人
52,00700,全域,002,女,209,45～49歳,001,韓国・朝鮮,16000,富山県,1980000000,1980年,人
71,00700,全域,002,女,209,45～49歳,001,韓国・朝鮮,17000,石川県,1980000000,1980年,人
100,00700,全域,002,女,209,45～49歳,001,韓国・朝鮮,18000,福井県,1980000000,1980年,人
28,00700,全域,002,女,209,45～49歳,001,韓国・朝鮮,19000,山梨県,1980000000,1980年,人
84,00700,全域,002,女,209,45～49歳,001,韓国・朝鮮,20000,長野県,1980000000,1980年,人
235,00700,全域,002,女,209,45～49歳,001,韓国・朝鮮,21000,岐阜県,1980000000,1980年,人
169,00700,全域,002,女,209,45～49歳,001,韓国・朝鮮,22000,静岡県,1980000000,1980年,人
1247,00700,全域,002,女,209,45～49歳,001,韓国・朝鮮,23000,愛知県,1980000000,1980年,人
148,00700,全域,002,女,209,45～49歳,001,韓国・朝鮮,24000,三重県,1980000000,1980年,人
149,00700,全域,002,女,209,45～49歳,001,韓国・朝鮮,25000,滋賀県,1980000000,1980年,人
989,00700,全域,002,女,209,45～49歳,001,韓国・朝鮮,26000,京都府,1980000000,1980年,人
3920,00700,全域,002,女,209,45～49歳,001,韓国・朝鮮,27000,大阪府,1980000000,1980年,人
1496,00700,全域,002,女,209,45～49歳,001,韓国・朝鮮,28000,兵庫県,1980000000,1980年,人
134,00700,全域,002,女,209,45～49歳,001,韓国・朝鮮,29000,奈良県,1980000000,1980年,人
101,00700,全域,002,女,209,45～49歳,001,韓国・朝鮮,30000,和歌山県,1980000000,1980年,人
30,00700,全域,002,女,209,45～49歳,001,韓国・朝鮮,31000,鳥取県,1980000000,1980年,人
34,00700,全域,002,女,209,45～49歳,001,韓国・朝鮮,32000,島根県,1980000000,1980年,人
184,00700,全域,002,女,209,45～49歳,001,韓国・朝鮮,33000,岡山県,1980000000,1980年,人
335,00700,全域,002,女,209,45～49歳,001,韓国・朝鮮,34000,広島県,1980000000,1980年,人
349,00700,全域,002,女,209,45～49歳,001,韓国・朝鮮,35000,山口県,1980000000,1980年,人
8,00700,全域,002,女,209,45～49歳,001,韓国・朝鮮,36000,徳島県,1980000000,1980年,人
17,00700,全域,002,女,209,45～49歳,001,韓国・朝鮮,37000,香川県,1980000000,1980年,人
33,00700,全域,002,女,209,45～49歳,001,韓国・朝鮮,38000,愛媛県,1980000000,1980年,人
17,00700,全域,002,女,209,45～49歳,001,韓国・朝鮮,39000,高知県,1980000000,1980年,人
566,00700,全域,002,女,209,45～49歳,001,韓国・朝鮮,40000,福岡県,1980000000,1980年,人
30,00700,全域,002,女,209,45～49歳,001,韓国・朝鮮,41000,佐賀県,1980000000,1980年,人
55,00700,全域,002,女,209,45～49歳,001,韓国・朝鮮,42000,長崎県,1980000000,1980年,人
34,00700,全域,002,女,209,45～49歳,001,韓国・朝鮮,43000,熊本県,1980000000,1980年,人
62,00700,全域,002,女,209,45～49歳,001,韓国・朝鮮,44000,大分県,1980000000,1980年,人
26,00700,全域,002,女,209,45～49歳,001,韓国・朝鮮,45000,宮崎県,1980000000,1980年,人
7,00700,全域,002,女,209,45～49歳,001,韓国・朝鮮,46000,鹿児島県,1980000000,1980年,人
6,00700,全域,002,女,209,45～49歳,001,韓国・朝鮮,47000,沖縄県,1980000000,1980年,人
923,00700,全域,002,女,209,45～49歳,002,中国,00000,全国,1980000000,1980年,人
880,00700,全域,002,女,209,45～49歳,002,中国,00001,全国市部,1980000000,1980年,人
43,00700,全域,002,女,209,45～49歳,002,中国,00002,全国郡部,1980000000,1980年,人
13,00700,全域,002,女,209,45～49歳,002,中国,01000,北海道,1980000000,1980年,人
1,00700,全域,002,女,209,45～49歳,002,中国,02000,青森県,1980000000,1980年,人
9,00700,全域,002,女,209,45～49歳,002,中国,04000,宮城県,1980000000,1980年,人
1,00700,全域,002,女,209,45～49歳,002,中国,05000,秋田県,1980000000,1980年,人
1,00700,全域,002,女,209,45～49歳,002,中国,06000,山形県,1980000000,1980年,人
4,00700,全域,002,女,209,45～49歳,002,中国,08000,茨城県,1980000000,1980年,人
4,00700,全域,002,女,209,45～49歳,002,中国,09000,栃木県,1980000000,1980年,人
6,00700,全域,002,女,209,45～49歳,002,中国,10000,群馬県,1980000000,1980年,人
8,00700,全域,002,女,209,45～49歳,002,中国,11000,埼玉県,1980000000,1980年,人
19,00700,全域,002,女,209,45～49歳,002,中国,12000,千葉県,1980000000,1980年,人
219,00700,全域,002,女,209,45～49歳,002,中国,13000,東京都,1980000000,1980年,人
119,00700,全域,002,女,209,45～49歳,002,中国,14000,神奈川県,1980000000,1980年,人
7,00700,全域,002,女,209,45～49歳,002,中国,15000,新潟県,1980000000,1980年,人
1,00700,全域,002,女,209,45～49歳,002,中国,18000,福井県,1980000000,1980年,人
7,00700,全域,002,女,209,45～49歳,002,中国,20000,長野県,1980000000,1980年,人
3,00700,全域,002,女,209,45～49歳,002,中国,21000,岐阜県,1980000000,1980年,人
3,00700,全域,002,女,209,45～49歳,002,中国,22000,静岡県,1980000000,1980年,人
23,00700,全域,002,女,209,45～49歳,002,中国,23000,愛知県,1980000000,1980年,人
9,00700,全域,002,女,209,45～49歳,002,中国,24000,三重県,1980000000,1980年,人
5,00700,全域,002,女,209,45～49歳,002,中国,25000,滋賀県,1980000000,1980年,人
23,00700,全域,002,女,209,45～49歳,002,中国,26000,京都府,1980000000,1980年,人
108,00700,全域,002,女,209,45～49歳,002,中国,27000,大阪府,1980000000,1980年,人
203,00700,全域,002,女,209,45～49歳,002,中国,28000,兵庫県,1980000000,1980年,人
8,00700,全域,002,女,209,45～49歳,002,中国,29000,奈良県,1980000000,1980年,人
10,00700,全域,002,女,209,45～49歳,002,中国,30000,和歌山県,1980000000,1980年,人
5,00700,全域,002,女,209,45～49歳,002,中国,32000,島根県,1980000000,1980年,人
3,00700,全域,002,女,209,45～49歳,002,中国,33000,岡山県,1980000000,1980年,人
5,00700,全域,002,女,209,45～49歳,002,中国,34000,広島県,1980000000,1980年,人
2,00700,全域,002,女,209,45～49歳,002,中国,35000,山口県,1980000000,1980年,人
1,00700,全域,002,女,209,45～49歳,002,中国,36000,徳島県,1980000000,1980年,人
1,00700,全域,002,女,209,45～49歳,002,中国,37000,香川県,1980000000,1980年,人
2,00700,全域,002,女,209,45～49歳,002,中国,38000,愛媛県,1980000000,1980年,人
16,00700,全域,002,女,209,45～49歳,002,中国,40000,福岡県,1980000000,1980年,人
2,00700,全域,002,女,209,45～49歳,002,中国,41000,佐賀県,1980000000,1980年,人
11,00700,全域,002,女,209,45～49歳,002,中国,42000,長崎県,1980000000,1980年,人
5,00700,全域,002,女,209,45～49歳,002,中国,43000,熊本県,1980000000,1980年,人
11,00700,全域,002,女,209,45～49歳,002,中国,44000,大分県,1980000000,1980年,人
3,00700,全域,002,女,209,45～49歳,002,中国,45000,宮崎県,1980000000,1980年,人
15,00700,全域,002,女,209,45～49歳,002,中国,46000,鹿児島県,1980000000,1980年,人
27,00700,全域,002,女,209,45～49歳,002,中国,47000,沖縄県,1980000000,1980年,人
476,00700,全域,002,女,209,45～49歳,003,アメリカ,00000,全国,1980000000,1980年,人
439,00700,全域,002,女,209,45～49歳,003,アメリカ,00001,全国市部,1980000000,1980年,人
37,00700,全域,002,女,209,45～49歳,003,アメリカ,00002,全国郡部,1980000000,1980年,人
6,00700,全域,002,女,209,45～49歳,003,アメリカ,01000,北海道,1980000000,1980年,人
1,00700,全域,002,女,209,45～49歳,003,アメリカ,02000,青森県,1980000000,1980年,人
3,00700,全域,002,女,209,45～49歳,003,アメリカ,04000,宮城県,1980000000,1980年,人
2,00700,全域,002,女,209,45～49歳,003,アメリカ,06000,山形県,1980000000,1980年,人
2,00700,全域,002,女,209,45～49歳,003,アメリカ,07000,福島県,1980000000,1980年,人
3,00700,全域,002,女,209,45～49歳,003,アメリカ,08000,茨城県,1980000000,1980年,人
3,00700,全域,002,女,209,45～49歳,003,アメリカ,09000,栃木県,1980000000,1980年,人
1,00700,全域,002,女,209,45～49歳,003,アメリカ,10000,群馬県,1980000000,1980年,人
6,00700,全域,002,女,209,45～49歳,003,アメリカ,11000,埼玉県,1980000000,1980年,人
14,00700,全域,002,女,209,45～49歳,003,アメリカ,12000,千葉県,1980000000,1980年,人
201,00700,全域,002,女,209,45～49歳,003,アメリカ,13000,東京都,1980000000,1980年,人
56,00700,全域,002,女,209,45～49歳,003,アメリカ,14000,神奈川県,1980000000,1980年,人
2,00700,全域,002,女,209,45～49歳,003,アメリカ,15000,新潟県,1980000000,1980年,人
1,00700,全域,002,女,209,45～49歳,003,アメリカ,17000,石川県,1980000000,1980年,人
3,00700,全域,002,女,209,45～49歳,003,アメリカ,20000,長野県,1980000000,1980年,人
4,00700,全域,002,女,209,45～49歳,003,アメリカ,22000,静岡県,1980000000,1980年,人
22,00700,全域,002,女,209,45～49歳,003,アメリカ,23000,愛知県,1980000000,1980年,人
1,00700,全域,002,女,209,45～49歳,003,アメリカ,24000,三重県,1980000000,1980年,人
9,00700,全域,002,女,209,45～49歳,003,アメリカ,26000,京都府,1980000000,1980年,人
19,00700,全域,002,女,209,45～49歳,003,アメリカ,27000,大阪府,1980000000,1980年,人
24,00700,全域,002,女,209,45～49歳,003,アメリカ,28000,兵庫県,1980000000,1980年,人
2,00700,全域,002,女,209,45～49歳,003,アメリカ,33000,岡山県,1980000000,1980年,人
12,00700,全域,002,女,209,45～49歳,003,アメリカ,34000,広島県,1980000000,1980年,人
6,00700,全域,002,女,209,45～49歳,003,アメリカ,35000,山口県,1980000000,1980年,人
1,00700,全域,002,女,209,45～49歳,003,アメリカ,36000,徳島県,1980000000,1980年,人
1,00700,全域,002,女,209,45～49歳,003,アメリカ,37000,香川県,1980000000,1980年,人
7,00700,全域,002,女,209,45～49歳,003,アメリカ,40000,福岡県,1980000000,1980年,人
1,00700,全域,002,女,209,45～49歳,003,アメリカ,41000,佐賀県,1980000000,1980年,人
8,00700,全域,002,女,209,45～49歳,003,アメリカ,42000,長崎県,1980000000,1980年,人
3,00700,全域,002,女,209,45～49歳,003,アメリカ,43000,熊本県,1980000000,1980年,人
52,00700,全域,002,女,209,45～49歳,003,アメリカ,47000,沖縄県,1980000000,1980年,人
482,00700,全域,002,女,209,45～49歳,004,その他,00000,全国,1980000000,1980年,人
453,00700,全域,002,女,209,45～49歳,004,その他,00001,全国市部,1980000000,1980年,人
29,00700,全域,002,女,209,45～49歳,004,その他,00002,全国郡部,1980000000,1980年,人
6,00700,全域,002,女,209,45～49歳,004,その他,01000,北海道,1980000000,1980年,人
5,00700,全域,002,女,209,45～49歳,004,その他,02000,青森県,1980000000,1980年,人
1,00700,全域,002,女,209,45～49歳,004,その他,03000,岩手県,1980000000,1980年,人
7,00700,全域,002,女,209,45～49歳,004,その他,04000,宮城県,1980000000,1980年,人
1,00700,全域,002,女,209,45～49歳,004,その他,05000,秋田県,1980000000,1980年,人
6,00700,全域,002,女,209,45～49歳,004,その他,07000,福島県,1980000000,1980年,人
4,00700,全域,002,女,209,45～49歳,004,その他,08000,茨城県,1980000000,1980年,人
1,00700,全域,002,女,209,45～49歳,004,その他,09000,栃木県,1980000000,1980年,人
2,00700,全域,002,女,209,45～49歳,004,その他,10000,群馬県,1980000000,1980年,人
9,00700,全域,002,女,209,45～49歳,004,その他,11000,埼玉県,1980000000,1980年,人
12,00700,全域,002,女,209,45～49歳,004,その他,12000,千葉県,1980000000,1980年,人
197,00700,全域,002,女,209,45～49歳,004,その他,13000,東京都,1980000000,1980年,人
39,00700,全域,002,女,209,45～49歳,004,その他,14000,神奈川県,1980000000,1980年,人
1,00700,全域,002,女,209,45～49歳,004,その他,16000,富山県,1980000000,1980年,人
1,00700,全域,002,女,209,45～49歳,004,その他,17000,石川県,1980000000,1980年,人
3,00700,全域,002,女,209,45～49歳,004,その他,18000,福井県,1980000000,1980年,人
2,00700,全域,002,女,209,45～49歳,004,その他,19000,山梨県,1980000000,1980年,人
3,00700,全域,002,女,209,45～49歳,004,その他,20000,長野県,1980000000,1980年,人
3,00700,全域,002,女,209,45～49歳,004,その他,21000,岐阜県,1980000000,1980年,人
3,00700,全域,002,女,209,45～49歳,004,その他,22000,静岡県,1980000000,1980年,人
15,00700,全域,002,女,209,45～49歳,004,その他,23000,愛知県,1980000000,1980年,人
2,00700,全域,002,女,209,45～49歳,004,その他,25000,滋賀県,1980000000,1980年,人
3,00700,全域,002,女,209,45～49歳,004,その他,26000,京都府,1980000000,1980年,人
21,00700,全域,002,女,209,45～49歳,004,その他,27000,大阪府,1980000000,1980年,人
67,00700,全域,002,女,209,45～49歳,004,その他,28000,兵庫県,1980000000,1980年,人
2,00700,全域,002,女,209,45～49歳,004,その他,29000,奈良県,1980000000,1980年,人
3,00700,全域,002,女,209,45～49歳,004,その他,30000,和歌山県,1980000000,1980年,人
2,00700,全域,002,女,209,45～49歳,004,その他,31000,鳥取県,1980000000,1980年,人
2,00700,全域,002,女,209,45～49歳,004,その他,33000,岡山県,1980000000,1980年,人
3,00700,全域,002,女,209,45～49歳,004,その他,34000,広島県,1980000000,1980年,人
4,00700,全域,002,女,209,45～49歳,004,その他,35000,山口県,1980000000,1980年,人
2,00700,全域,002,女,209,45～49歳,004,その他,36000,徳島県,1980000000,1980年,人
2,00700,全域,002,女,209,45～49歳,004,その他,37000,香川県,1980000000,1980年,人
1,00700,全域,002,女,209,45～49歳,004,その他,39000,高知県,1980000000,1980年,人
8,00700,全域,002,女,209,45～49歳,004,その他,40000,福岡県,1980000000,1980年,人
4,00700,全域,002,女,209,45～49歳,004,その他,43000,熊本県,1980000000,1980年,人
3,00700,全域,002,女,209,45～49歳,004,その他,44000,大分県,1980000000,1980年,人
2,00700,全域,002,女,209,45～49歳,004,その他,45000,宮崎県,1980000000,1980年,人
5,00700,全域,002,女,209,45～49歳,004,その他,46000,鹿児島県,1980000000,1980年,人
25,00700,全域,002,女,209,45～49歳,004,その他,47000,沖縄県,1980000000,1980年,人
13953,00700,全域,002,女,210,50～54歳,000,国籍総数,00000,全国,1980000000,1980年,人
12738,00700,全域,002,女,210,50～54歳,000,国籍総数,00001,全国市部,1980000000,1980年,人
1215,00700,全域,002,女,210,50～54歳,000,国籍総数,00002,全国郡部,1980000000,1980年,人
200,00700,全域,002,女,210,50～54歳,000,国籍総数,01000,北海道,1980000000,1980年,人
59,00700,全域,002,女,210,50～54歳,000,国籍総数,02000,青森県,1980000000,1980年,人
34,00700,全域,002,女,210,50～54歳,000,国籍総数,03000,岩手県,1980000000,1980年,人
90,00700,全域,002,女,210,50～54歳,000,国籍総数,04000,宮城県,1980000000,1980年,人
32,00700,全域,002,女,210,50～54歳,000,国籍総数,05000,秋田県,1980000000,1980年,人
18,00700,全域,002,女,210,50～54歳,000,国籍総数,06000,山形県,1980000000,1980年,人
64,00700,全域,002,女,210,50～54歳,000,国籍総数,07000,福島県,1980000000,1980年,人
93,00700,全域,002,女,210,50～54歳,000,国籍総数,08000,茨城県,1980000000,1980年,人
51,00700,全域,002,女,210,50～54歳,000,国籍総数,09000,栃木県,1980000000,1980年,人
83,00700,全域,002,女,210,50～54歳,000,国籍総数,10000,群馬県,1980000000,1980年,人
231,00700,全域,002,女,210,50～54歳,000,国籍総数,11000,埼玉県,1980000000,1980年,人
219,00700,全域,002,女,210,50～54歳,000,国籍総数,12000,千葉県,1980000000,1980年,人
2103,00700,全域,002,女,210,50～54歳,000,国籍総数,13000,東京都,1980000000,1980年,人
822,00700,全域,002,女,210,50～54歳,000,国籍総数,14000,神奈川県,1980000000,1980年,人
76,00700,全域,002,女,210,50～54歳,000,国籍総数,15000,新潟県,1980000000,1980年,人
46,00700,全域,002,女,210,50～54歳,000,国籍総数,16000,富山県,1980000000,1980年,人
73,00700,全域,002,女,210,50～54歳,000,国籍総数,17000,石川県,1980000000,1980年,人
101,00700,全域,002,女,210,50～54歳,000,国籍総数,18000,福井県,1980000000,1980年,人
36,00700,全域,002,女,210,50～54歳,000,国籍総数,19000,山梨県,1980000000,1980年,人
104,00700,全域,002,女,210,50～54歳,000,国籍総数,20000,長野県,1980000000,1980年,人
215,00700,全域,002,女,210,50～54歳,000,国籍総数,21000,岐阜県,1980000000,1980年,人
180,00700,全域,002,女,210,50～54歳,000,国籍総数,22000,静岡県,1980000000,1980年,人
912,00700,全域,002,女,210,50～54歳,000,国籍総数,23000,愛知県,1980000000,1980年,人
159,00700,全域,002,女,210,50～54歳,000,国籍総数,24000,三重県,1980000000,1980年,人
146,00700,全域,002,女,210,50～54歳,000,国籍総数,25000,滋賀県,1980000000,1980年,人
802,00700,全域,002,女,210,50～54歳,000,国籍総数,26000,京都府,1980000000,1980年,人
3350,00700,全域,002,女,210,50～54歳,000,国籍総数,27000,大阪府,1980000000,1980年,人
1576,00700,全域,002,女,210,50～54歳,000,国籍総数,28000,兵庫県,1980000000,1980年,人
120,00700,全域,002,女,210,50～54歳,000,国籍総数,29000,奈良県,1980000000,1980年,人
85,00700,全域,002,女,210,50～54歳,000,国籍総数,30000,和歌山県,1980000000,1980年,人
33,00700,全域,002,女,210,50～54歳,000,国籍総数,31000,鳥取県,1980000000,1980年,人
36,00700,全域,002,女,210,50～54歳,000,国籍総数,32000,島根県,1980000000,1980年,人
154,00700,全域,002,女,210,50～54歳,000,国籍総数,33000,岡山県,1980000000,1980年,人
303,00700,全域,002,女,210,50～54歳,000,国籍総数,34000,広島県,1980000000,1980年,人
312,00700,全域,002,女,210,50～54歳,000,国籍総数,35000,山口県,1980000000,1980年,人
9,00700,全域,002,女,210,50～54歳,000,国籍総数,36000,徳島県,1980000000,1980年,人
23,00700,全域,002,女,210,50～54歳,000,国籍総数,37000,香川県,1980000000,1980年,人
37,00700,全域,002,女,210,50～54歳,000,国籍総数,38000,愛媛県,1980000000,1980年,人
18,00700,全域,002,女,210,50～54歳,000,国籍総数,39000,高知県,1980000000,1980年,人
513,00700,全域,002,女,210,50～54歳,000,国籍総数,40000,福岡県,1980000000,1980年,人
44,00700,全域,002,女,210,50～54歳,000,国籍総数,41000,佐賀県,1980000000,1980年,人
90,00700,全域,002,女,210,50～54歳,000,国籍総数,42000,長崎県,1980000000,1980年,人
56,00700,全域,002,女,210,50～54歳,000,国籍総数,43000,熊本県,1980000000,1980年,人
77,00700,全域,002,女,210,50～54歳,000,国籍総数,44000,大分県,1980000000,1980年,人
42,00700,全域,002,女,210,50～54歳,000,国籍総数,45000,宮崎県,1980000000,1980年,人
17,00700,全域,002,女,210,50～54歳,000,国籍総数,46000,鹿児島県,1980000000,1980年,人
109,00700,全域,002,女,210,50～54歳,000,国籍総数,47000,沖縄県,1980000000,1980年,人
11463,00700,全域,002,女,210,50～54歳,001,韓国・朝鮮,00000,全国,1980000000,1980年,人
10494,00700,全域,002,女,210,50～54歳,001,韓国・朝鮮,00001,全国市部,1980000000,1980年,人
969,00700,全域,002,女,210,50～54歳,001,韓国・朝鮮,00002,全国郡部,1980000000,1980年,人
155,00700,全域,002,女,210,50～54歳,001,韓国・朝鮮,01000,北海道,1980000000,1980年,人
46,00700,全域,002,女,210,50～54歳,001,韓国・朝鮮,02000,青森県,1980000000,1980年,人
22,00700,全域,002,女,210,50～54歳,001,韓国・朝鮮,03000,岩手県,1980000000,1980年,人
70,00700,全域,002,女,210,50～54歳,001,韓国・朝鮮,04000,宮城県,1980000000,1980年,人
28,00700,全域,002,女,210,50～54歳,001,韓国・朝鮮,05000,秋田県,1980000000,1980年,人
13,00700,全域,002,女,210,50～54歳,001,韓国・朝鮮,06000,山形県,1980000000,1980年,人
47,00700,全域,002,女,210,50～54歳,001,韓国・朝鮮,07000,福島県,1980000000,1980年,人
68,00700,全域,002,女,210,50～54歳,001,韓国・朝鮮,08000,茨城県,1980000000,1980年,人
44,00700,全域,002,女,210,50～54歳,001,韓国・朝鮮,09000,栃木県,1980000000,1980年,人
68,00700,全域,002,女,210,50～54歳,001,韓国・朝鮮,10000,群馬県,1980000000,1980年,人
179,00700,全域,002,女,210,50～54歳,001,韓国・朝鮮,11000,埼玉県,1980000000,1980年,人
166,00700,全域,002,女,210,50～54歳,001,韓国・朝鮮,12000,千葉県,1980000000,1980年,人
1402,00700,全域,002,女,210,50～54歳,001,韓国・朝鮮,13000,東京都,1980000000,1980年,人
560,00700,全域,002,女,210,50～54歳,001,韓国・朝鮮,14000,神奈川県,1980000000,1980年,人
63,00700,全域,002,女,210,50～54歳,001,韓国・朝鮮,15000,新潟県,1980000000,1980年,人
41,00700,全域,002,女,210,50～54歳,001,韓国・朝鮮,16000,富山県,1980000000,1980年,人
62,00700,全域,002,女,210,50～54歳,001,韓国・朝鮮,17000,石川県,1980000000,1980年,人
98,00700,全域,002,女,210,50～54歳,001,韓国・朝鮮,18000,福井県,1980000000,1980年,人
19,00700,全域,002,女,210,50～54歳,001,韓国・朝鮮,19000,山梨県,1980000000,1980年,人
94,00700,全域,002,女,210,50～54歳,001,韓国・朝鮮,20000,長野県,1980000000,1980年,人
199,00700,全域,002,女,210,50～54歳,001,韓国・朝鮮,21000,岐阜県,1980000000,1980年,人
153,00700,全域,002,女,210,50～54歳,001,韓国・朝鮮,22000,静岡県,1980000000,1980年,人
835,00700,全域,002,女,210,50～54歳,001,韓国・朝鮮,23000,愛知県,1980000000,1980年,人
146,00700,全域,002,女,210,50～54歳,001,韓国・朝鮮,24000,三重県,1980000000,1980年,人
138,00700,全域,002,女,210,50～54歳,001,韓国・朝鮮,25000,滋賀県,1980000000,1980年,人
731,00700,全域,002,女,210,50～54歳,001,韓国・朝鮮,26000,京都府,1980000000,1980年,人
3095,00700,全域,002,女,210,50～54歳,001,韓国・朝鮮,27000,大阪府,1980000000,1980年,人
1233,00700,全域,002,女,210,50～54歳,001,韓国・朝鮮,28000,兵庫県,1980000000,1980年,人
99,00700,全域,002,女,210,50～54歳,001,韓国・朝鮮,29000,奈良県,1980000000,1980年,人
73,00700,全域,002,女,210,50～54歳,001,韓国・朝鮮,30000,和歌山県,1980000000,1980年,人
25,00700,全域,002,女,210,50～54歳,001,韓国・朝鮮,31000,鳥取県,1980000000,1980年,人
29,00700,全域,002,女,210,50～54歳,001,韓国・朝鮮,32000,島根県,1980000000,1980年,人
147,00700,全域,002,女,210,50～54歳,001,韓国・朝鮮,33000,岡山県,1980000000,1980年,人
259,00700,全域,002,女,210,50～54歳,001,韓国・朝鮮,34000,広島県,1980000000,1980年,人
297,00700,全域,002,女,210,50～54歳,001,韓国・朝鮮,35000,山口県,1980000000,1980年,人
3,00700,全域,002,女,210,50～54歳,001,韓国・朝鮮,36000,徳島県,1980000000,1980年,人
17,00700,全域,002,女,210,50～54歳,001,韓国・朝鮮,37000,香川県,1980000000,1980年,人
30,00700,全域,002,女,210,50～54歳,001,韓国・朝鮮,38000,愛媛県,1980000000,1980年,人
16,00700,全域,002,女,210,50～54歳,001,韓国・朝鮮,39000,高知県,1980000000,1980年,人
461,00700,全域,002,女,210,50～54歳,001,韓国・朝鮮,40000,福岡県,1980000000,1980年,人
39,00700,全域,002,女,210,50～54歳,001,韓国・朝鮮,41000,佐賀県,1980000000,1980年,人
57,00700,全域,002,女,210,50～54歳,001,韓国・朝鮮,42000,長崎県,1980000000,1980年,人
37,00700,全域,002,女,210,50～54歳,001,韓国・朝鮮,43000,熊本県,1980000000,1980年,人
66,00700,全域,002,女,210,50～54歳,001,韓国・朝鮮,44000,大分県,1980000000,1980年,人
24,00700,全域,002,女,210,50～54歳,001,韓国・朝鮮,45000,宮崎県,1980000000,1980年,人
6,00700,全域,002,女,210,50～54歳,001,韓国・朝鮮,46000,鹿児島県,1980000000,1980年,人
3,00700,全域,002,女,210,50～54歳,001,韓国・朝鮮,47000,沖縄県,1980000000,1980年,人
1099,00700,全域,002,女,210,50～54歳,002,中国,00000,全国,1980000000,1980年,人
1015,00700,全域,002,女,210,50～54歳,002,中国,00001,全国市部,1980000000,1980年,人
84,00700,全域,002,女,210,50～54歳,002,中国,00002,全国郡部,1980000000,1980年,人
17,00700,全域,002,女,210,50～54歳,002,中国,01000,北海道,1980000000,1980年,人
5,00700,全域,002,女,210,50～54歳,002,中国,02000,青森県,1980000000,1980年,人
7,00700,全域,002,女,210,50～54歳,002,中国,03000,岩手県,1980000000,1980年,人
8,00700,全域,002,女,210,50～54歳,002,中国,04000,宮城県,1980000000,1980年,人
2,00700,全域,002,女,210,50～54歳,002,中国,05000,秋田県,1980000000,1980年,人
2,00700,全域,002,女,210,50～54歳,002,中国,06000,山形県,1980000000,1980年,人
2,00700,全域,002,女,210,50～54歳,002,中国,07000,福島県,1980000000,1980年,人
7,00700,全域,002,女,210,50～54歳,002,中国,08000,茨城県,1980000000,1980年,人
2,00700,全域,002,女,210,50～54歳,002,中国,09000,栃木県,1980000000,1980年,人
6,00700,全域,002,女,210,50～54歳,002,中国,10000,群馬県,1980000000,1980年,人
17,00700,全域,002,女,210,50～54歳,002,中国,11000,埼玉県,1980000000,1980年,人
24,00700,全域,002,女,210,50～54歳,002,中国,12000,千葉県,1980000000,1980年,人
248,00700,全域,002,女,210,50～54歳,002,中国,13000,東京都,1980000000,1980年,人
126,00700,全域,002,女,210,50～54歳,002,中国,14000,神奈川県,1980000000,1980年,人
2,00700,全域,002,女,210,50～54歳,002,中国,15000,新潟県,1980000000,1980年,人
5,00700,全域,002,女,210,50～54歳,002,中国,17000,石川県,1980000000,1980年,人
1,00700,全域,002,女,210,50～54歳,002,中国,18000,福井県,1980000000,1980年,人
4,00700,全域,002,女,210,50～54歳,002,中国,19000,山梨県,1980000000,1980年,人
4,00700,全域,002,女,210,50～54歳,002,中国,20000,長野県,1980000000,1980年,人
3,00700,全域,002,女,210,50～54歳,002,中国,21000,岐阜県,1980000000,1980年,人
10,00700,全域,002,女,210,50～54歳,002,中国,22000,静岡県,1980000000,1980年,人
23,00700,全域,002,女,210,50～54歳,002,中国,23000,愛知県,1980000000,1980年,人
2,00700,全域,002,女,210,50～54歳,002,中国,24000,三重県,1980000000,1980年,人
35,00700,全域,002,女,210,50～54歳,002,中国,26000,京都府,1980000000,1980年,人
150,00700,全域,002,女,210,50～54歳,002,中国,27000,大阪府,1980000000,1980年,人
231,00700,全域,002,女,210,50～54歳,002,中国,28000,兵庫県,1980000000,1980年,人
9,00700,全域,002,女,210,50～54歳,002,中国,29000,奈良県,1980000000,1980年,人
7,00700,全域,002,女,210,50～54歳,002,中国,30000,和歌山県,1980000000,1980年,人
2,00700,全域,002,女,210,50～54歳,002,中国,31000,鳥取県,1980000000,1980年,人
2,00700,全域,002,女,210,50～54歳,002,中国,32000,島根県,1980000000,1980年,人
1,00700,全域,002,女,210,50～54歳,002,中国,33000,岡山県,1980000000,1980年,人
13,00700,全域,002,女,210,50～54歳,002,中国,34000,広島県,1980000000,1980年,人
3,00700,全域,002,女,210,50～54歳,002,中国,35000,山口県,1980000000,1980年,人
2,00700,全域,002,女,210,50～54歳,002,中国,36000,徳島県,1980000000,1980年,人
2,00700,全域,002,女,210,50～54歳,002,中国,37000,香川県,1980000000,1980年,人
2,00700,全域,002,女,210,50～54歳,002,中国,38000,愛媛県,1980000000,1980年,人
20,00700,全域,002,女,210,50～54歳,002,中国,40000,福岡県,1980000000,1980年,人
4,00700,全域,002,女,210,50～54歳,002,中国,41000,佐賀県,1980000000,1980年,人
23,00700,全域,002,女,210,50～54歳,002,中国,42000,長崎県,1980000000,1980年,人
13,00700,全域,002,女,210,50～54歳,002,中国,43000,熊本県,1980000000,1980年,人
6,00700,全域,002,女,210,50～54歳,002,中国,44000,大分県,1980000000,1980年,人
11,00700,全域,002,女,210,50～54歳,002,中国,45000,宮崎県,1980000000,1980年,人
4,00700,全域,002,女,210,50～54歳,002,中国,46000,鹿児島県,1980000000,1980年,人
32,00700,全域,002,女,210,50～54歳,002,中国,47000,沖縄県,1980000000,1980年,人
554,00700,全域,002,女,210,50～54歳,003,アメリカ,00000,全国,1980000000,1980年,人
490,00700,全域,002,女,210,50～54歳,003,アメリカ,00001,全国市部,1980000000,1980年,人
64,00700,全域,002,女,210,50～54歳,003,アメリカ,00002,全国郡部,1980000000,1980年,人
9,00700,全域,002,女,210,50～54歳,003,アメリカ,01000,北海道,1980000000,1980年,人
1,00700,全域,002,女,210,50～54歳,003,アメリカ,02000,青森県,1980000000,1980年,人
1,00700,全域,002,女,210,50～54歳,003,アメリカ,03000,岩手県,1980000000,1980年,人
5,00700,全域,002,女,210,50～54歳,003,アメリカ,04000,宮城県,1980000000,1980年,人
6,00700,全域,002,女,210,50～54歳,003,アメリカ,07000,福島県,1980000000,1980年,人
5,00700,全域,002,女,210,50～54歳,003,アメリカ,08000,茨城県,1980000000,1980年,人
1,00700,全域,002,女,210,50～54歳,003,アメリカ,09000,栃木県,1980000000,1980年,人
1,00700,全域,002,女,210,50～54歳,003,アメリカ,10000,群馬県,1980000000,1980年,人
11,00700,全域,002,女,210,50～54歳,003,アメリカ,11000,埼玉県,1980000000,1980年,人
8,00700,全域,002,女,210,50～54歳,003,アメリカ,12000,千葉県,1980000000,1980年,人
223,00700,全域,002,女,210,50～54歳,003,アメリカ,13000,東京都,1980000000,1980年,人
70,00700,全域,002,女,210,50～54歳,003,アメリカ,14000,神奈川県,1980000000,1980年,人
2,00700,全域,002,女,210,50～54歳,003,アメリカ,15000,新潟県,1980000000,1980年,人
1,00700,全域,002,女,210,50～54歳,003,アメリカ,16000,富山県,1980000000,1980年,人
1,00700,全域,002,女,210,50～54歳,003,アメリカ,18000,福井県,1980000000,1980年,人
6,00700,全域,002,女,210,50～54歳,003,アメリカ,19000,山梨県,1980000000,1980年,人
3,00700,全域,002,女,210,50～54歳,003,アメリカ,20000,長野県,1980000000,1980年,人
5,00700,全域,002,女,210,50～54歳,003,アメリカ,21000,岐阜県,1980000000,1980年,人
5,00700,全域,002,女,210,50～54歳,003,アメリカ,22000,静岡県,1980000000,1980年,人
25,00700,全域,002,女,210,50～54歳,003,アメリカ,23000,愛知県,1980000000,1980年,人
3,00700,全域,002,女,210,50～54歳,003,アメリカ,24000,三重県,1980000000,1980年,人
1,00700,全域,002,女,210,50～54歳,003,アメリカ,25000,滋賀県,1980000000,1980年,人
16,00700,全域,002,女,210,50～54歳,003,アメリカ,26000,京都府,1980000000,1980年,人
17,00700,全域,002,女,210,50～54歳,003,アメリカ,27000,大阪府,1980000000,1980年,人
33,00700,全域,002,女,210,50～54歳,003,アメリカ,28000,兵庫県,1980000000,1980年,人
2,00700,全域,002,女,210,50～54歳,003,アメリカ,31000,鳥取県,1980000000,1980年,人
1,00700,全域,002,女,210,50～54歳,003,アメリカ,33000,岡山県,1980000000,1980年,人
18,00700,全域,002,女,210,50～54歳,003,アメリカ,34000,広島県,1980000000,1980年,人
3,00700,全域,002,女,210,50～54歳,003,アメリカ,35000,山口県,1980000000,1980年,人
1,00700,全域,002,女,210,50～54歳,003,アメリカ,37000,香川県,1980000000,1980年,人
1,00700,全域,002,女,210,50～54歳,003,アメリカ,38000,愛媛県,1980000000,1980年,人
1,00700,全域,002,女,210,50～54歳,003,アメリカ,39000,高知県,1980000000,1980年,人
8,00700,全域,002,女,210,50～54歳,003,アメリカ,40000,福岡県,1980000000,1980年,人
1,00700,全域,002,女,210,50～54歳,003,アメリカ,41000,佐賀県,1980000000,1980年,人
2,00700,全域,002,女,210,50～54歳,003,アメリカ,42000,長崎県,1980000000,1980年,人
2,00700,全域,002,女,210,50～54歳,003,アメリカ,43000,熊本県,1980000000,1980年,人
1,00700,全域,002,女,210,50～54歳,003,アメリカ,44000,大分県,1980000000,1980年,人
3,00700,全域,002,女,210,50～54歳,003,アメリカ,45000,宮崎県,1980000000,1980年,人
1,00700,全域,002,女,210,50～54歳,003,アメリカ,46000,鹿児島県,1980000000,1980年,人
50,00700,全域,002,女,210,50～54歳,003,アメリカ,47000,沖縄県,1980000000,1980年,人
392,00700,全域,002,女,210,50～54歳,004,その他,00000,全国,1980000000,1980年,人
370,00700,全域,002,女,210,50～54歳,004,その他,00001,全国市部,1980000000,1980年,人
22,00700,全域,002,女,210,50～54歳,004,その他,00002,全国郡部,1980000000,1980年,人
6,00700,全域,002,女,210,50～54歳,004,その他,01000,北海道,1980000000,1980年,人
4,00700,全域,002,女,210,50～54歳,004,その他,02000,青森県,1980000000,1980年,人
3,00700,全域,002,女,210,50～54歳,004,その他,04000,宮城県,1980000000,1980年,人
1,00700,全域,002,女,210,50～54歳,004,その他,05000,秋田県,1980000000,1980年,人
7,00700,全域,002,女,210,50～54歳,004,その他,07000,福島県,1980000000,1980年,人
4,00700,全域,002,女,210,50～54歳,004,その他,08000,茨城県,1980000000,1980年,人
2,00700,全域,002,女,210,50～54歳,004,その他,09000,栃木県,1980000000,1980年,人
8,00700,全域,002,女,210,50～54歳,004,その他,11000,埼玉県,1980000000,1980年,人
9,00700,全域,002,女,210,50～54歳,004,その他,12000,千葉県,1980000000,1980年,人
153,00700,全域,002,女,210,50～54歳,004,その他,13000,東京都,1980000000,1980年,人
44,00700,全域,002,女,210,50～54歳,004,その他,14000,神奈川県,1980000000,1980年,人
4,00700,全域,002,女,210,50～54歳,004,その他,15000,新潟県,1980000000,1980年,人
3,00700,全域,002,女,210,50～54歳,004,その他,16000,富山県,1980000000,1980年,人
1,00700,全域,002,女,210,50～54歳,004,その他,17000,石川県,1980000000,1980年,人
1,00700,全域,002,女,210,50～54歳,004,その他,19000,山梨県,1980000000,1980年,人
2,00700,全域,002,女,210,50～54歳,004,その他,21000,岐阜県,1980000000,1980年,人
5,00700,全域,002,女,210,50～54歳,004,その他,22000,静岡県,1980000000,1980年,人
12,00700,全域,002,女,210,50～54歳,004,その他,23000,愛知県,1980000000,1980年,人
2,00700,全域,002,女,210,50～54歳,004,その他,25000,滋賀県,1980000000,1980年,人
6,00700,全域,002,女,210,50～54歳,004,その他,26000,京都府,1980000000,1980年,人
14,00700,全域,002,女,210,50～54歳,004,その他,27000,大阪府,1980000000,1980年,人
51,00700,全域,002,女,210,50～54歳,004,その他,28000,兵庫県,1980000000,1980年,人
4,00700,全域,002,女,210,50～54歳,004,その他,29000,奈良県,1980000000,1980年,人
1,00700,全域,002,女,210,50～54歳,004,その他,30000,和歌山県,1980000000,1980年,人
3,00700,全域,002,女,210,50～54歳,004,その他,31000,鳥取県,1980000000,1980年,人
2,00700,全域,002,女,210,50～54歳,004,その他,32000,島根県,1980000000,1980年,人
2,00700,全域,002,女,210,50～54歳,004,その他,33000,岡山県,1980000000,1980年,人
7,00700,全域,002,女,210,50～54歳,004,その他,34000,広島県,1980000000,1980年,人
2,00700,全域,002,女,210,50～54歳,004,その他,35000,山口県,1980000000,1980年,人
1,00700,全域,002,女,210,50～54歳,004,その他,36000,徳島県,1980000000,1980年,人
5,00700,全域,002,女,210,50～54歳,004,その他,40000,福岡県,1980000000,1980年,人
2,00700,全域,002,女,210,50～54歳,004,その他,42000,長崎県,1980000000,1980年,人
3,00700,全域,002,女,210,50～54歳,004,その他,44000,大分県,1980000000,1980年,人
2,00700,全域,002,女,210,50～54歳,004,その他,45000,宮崎県,1980000000,1980年,人
1,00700,全域,002,女,210,50～54歳,004,その他,46000,鹿児島県,1980000000,1980年,人
15,00700,全域,002,女,210,50～54歳,004,その他,47000,沖縄県,1980000000,1980年,人
13814,00700,全域,002,女,211,55～59歳,000,国籍総数,00000,全国,1980000000,1980年,人
12471,00700,全域,002,女,211,55～59歳,000,国籍総数,00001,全国市部,1980000000,1980年,人
1343,00700,全域,002,女,211,55～59歳,000,国籍総数,00002,全国郡部,1980000000,1980年,人
194,00700,全域,002,女,211,55～59歳,000,国籍総数,01000,北海道,1980000000,1980年,人
70,00700,全域,002,女,211,55～59歳,000,国籍総数,02000,青森県,1980000000,1980年,人
45,00700,全域,002,女,211,55～59歳,000,国籍総数,03000,岩手県,1980000000,1980年,人
103,00700,全域,002,女,211,55～59歳,000,国籍総数,04000,宮城県,1980000000,1980年,人
33,00700,全域,002,女,211,55～59歳,000,国籍総数,05000,秋田県,1980000000,1980年,人
17,00700,全域,002,女,211,55～59歳,000,国籍総数,06000,山形県,1980000000,1980年,人
63,00700,全域,002,女,211,55～59歳,000,国籍総数,07000,福島県,1980000000,1980年,人
103,00700,全域,002,女,211,55～59歳,000,国籍総数,08000,茨城県,1980000000,1980年,人
57,00700,全域,002,女,211,55～59歳,000,国籍総数,09000,栃木県,1980000000,1980年,人
73,00700,全域,002,女,211,55～59歳,000,国籍総数,10000,群馬県,1980000000,1980年,人
192,00700,全域,002,女,211,55～59歳,000,国籍総数,11000,埼玉県,1980000000,1980年,人
222,00700,全域,002,女,211,55～59歳,000,国籍総数,12000,千葉県,1980000000,1980年,人
1769,00700,全域,002,女,211,55～59歳,000,国籍総数,13000,東京都,1980000000,1980年,人
746,00700,全域,002,女,211,55～59歳,000,国籍総数,14000,神奈川県,1980000000,1980年,人
62,00700,全域,002,女,211,55～59歳,000,国籍総数,15000,新潟県,1980000000,1980年,人
52,00700,全域,002,女,211,55～59歳,000,国籍総数,16000,富山県,1980000000,1980年,人
67,00700,全域,002,女,211,55～59歳,000,国籍総数,17000,石川県,1980000000,1980年,人
111,00700,全域,002,女,211,55～59歳,000,国籍総数,18000,福井県,1980000000,1980年,人
33,00700,全域,002,女,211,55～59歳,000,国籍総数,19000,山梨県,1980000000,1980年,人
117,00700,全域,002,女,211,55～59歳,000,国籍総数,20000,長野県,1980000000,1980年,人
226,00700,全域,002,女,211,55～59歳,000,国籍総数,21000,岐阜県,1980000000,1980年,人
174,00700,全域,002,女,211,55～59歳,000,国籍総数,22000,静岡県,1980000000,1980年,人
921,00700,全域,002,女,211,55～59歳,000,国籍総数,23000,愛知県,1980000000,1980年,人
164,00700,全域,002,女,211,55～59歳,000,国籍総数,24000,三重県,1980000000,1980年,人
128,00700,全域,002,女,211,55～59歳,000,国籍総数,25000,滋賀県,1980000000,1980年,人
898,00700,全域,002,女,211,55～59歳,000,国籍総数,26000,京都府,1980000000,1980年,人
3398,00700,全域,002,女,211,55～59歳,000,国籍総数,27000,大阪府,1980000000,1980年,人
1527,00700,全域,002,女,211,55～59歳,000,国籍総数,28000,兵庫県,1980000000,1980年,人
102,00700,全域,002,女,211,55～59歳,000,国籍総数,29000,奈良県,1980000000,1980年,人
99,00700,全域,002,女,211,55～59歳,000,国籍総数,30000,和歌山県,1980000000,1980年,人
48,00700,全域,002,女,211,55～59歳,000,国籍総数,31000,鳥取県,1980000000,1980年,人
38,00700,全域,002,女,211,55～59歳,000,国籍総数,32000,島根県,1980000000,1980年,人
189,00700,全域,002,女,211,55～59歳,000,国籍総数,33000,岡山県,1980000000,1980年,人
363,00700,全域,002,女,211,55～59歳,000,国籍総数,34000,広島県,1980000000,1980年,人
343,00700,全域,002,女,211,55～59歳,000,国籍総数,35000,山口県,1980000000,1980年,人
6,00700,全域,002,女,211,55～59歳,000,国籍総数,36000,徳島県,1980000000,1980年,人
22,00700,全域,002,女,211,55～59歳,000,国籍総数,37000,香川県,1980000000,1980年,人
55,00700,全域,002,女,211,55～59歳,000,国籍総数,38000,愛媛県,1980000000,1980年,人
23,00700,全域,002,女,211,55～59歳,000,国籍総数,39000,高知県,1980000000,1980年,人
545,00700,全域,002,女,211,55～59歳,000,国籍総数,40000,福岡県,1980000000,1980年,人
35,00700,全域,002,女,211,55～59歳,000,国籍総数,41000,佐賀県,1980000000,1980年,人
112,00700,全域,002,女,211,55～59歳,000,国籍総数,42000,長崎県,1980000000,1980年,人
57,00700,全域,002,女,211,55～59歳,000,国籍総数,43000,熊本県,1980000000,1980年,人
91,00700,全域,002,女,211,55～59歳,000,国籍総数,44000,大分県,1980000000,1980年,人
23,00700,全域,002,女,211,55～59歳,000,国籍総数,45000,宮崎県,1980000000,1980年,人
37,00700,全域,002,女,211,55～59歳,000,国籍総数,46000,鹿児島県,1980000000,1980年,人
61,00700,全域,002,女,211,55～59歳,000,国籍総数,47000,沖縄県,1980000000,1980年,人
11670,00700,全域,002,女,211,55～59歳,001,韓国・朝鮮,00000,全国,1980000000,1980年,人
10597,00700,全域,002,女,211,55～59歳,001,韓国・朝鮮,00001,全国市部,1980000000,1980年,人
1073,00700,全域,002,女,211,55～59歳,001,韓国・朝鮮,00002,全国郡部,1980000000,1980年,人
149,00700,全域,002,女,211,55～59歳,001,韓国・朝鮮,01000,北海道,1980000000,1980年,人
50,00700,全域,002,女,211,55～59歳,001,韓国・朝鮮,02000,青森県,1980000000,1980年,人
37,00700,全域,002,女,211,55～59歳,001,韓国・朝鮮,03000,岩手県,1980000000,1980年,人
80,00700,全域,002,女,211,55～59歳,001,韓国・朝鮮,04000,宮城県,1980000000,1980年,人
26,00700,全域,002,女,211,55～59歳,001,韓国・朝鮮,05000,秋田県,1980000000,1980年,人
13,00700,全域,002,女,211,55～59歳,001,韓国・朝鮮,06000,山形県,1980000000,1980年,人
50,00700,全域,002,女,211,55～59歳,001,韓国・朝鮮,07000,福島県,1980000000,1980年,人
81,00700,全域,002,女,211,55～59歳,001,韓国・朝鮮,08000,茨城県,1980000000,1980年,人
45,00700,全域,002,女,211,55～59歳,001,韓国・朝鮮,09000,栃木県,1980000000,1980年,人
49,00700,全域,002,女,211,55～59歳,001,韓国・朝鮮,10000,群馬県,1980000000,1980年,人
162,00700,全域,002,女,211,55～59歳,001,韓国・朝鮮,11000,埼玉県,1980000000,1980年,人
181,00700,全域,002,女,211,55～59歳,001,韓国・朝鮮,12000,千葉県,1980000000,1980年,人
1219,00700,全域,002,女,211,55～59歳,001,韓国・朝鮮,13000,東京都,1980000000,1980年,人
517,00700,全域,002,女,211,55～59歳,001,韓国・朝鮮,14000,神奈川県,1980000000,1980年,人
53,00700,全域,002,女,211,55～59歳,001,韓国・朝鮮,15000,新潟県,1980000000,1980年,人
46,00700,全域,002,女,211,55～59歳,001,韓国・朝鮮,16000,富山県,1980000000,1980年,人
61,00700,全域,002,女,211,55～59歳,001,韓国・朝鮮,17000,石川県,1980000000,1980年,人
108,00700,全域,002,女,211,55～59歳,001,韓国・朝鮮,18000,福井県,1980000000,1980年,人
23,00700,全域,002,女,211,55～59歳,001,韓国・朝鮮,19000,山梨県,1980000000,1980年,人
94,00700,全域,002,女,211,55～59歳,001,韓国・朝鮮,20000,長野県,1980000000,1980年,人
214,00700,全域,002,女,211,55～59歳,001,韓国・朝鮮,21000,岐阜県,1980000000,1980年,人
149,00700,全域,002,女,211,55～59歳,001,韓国・朝鮮,22000,静岡県,1980000000,1980年,人
872,00700,全域,002,女,211,55～59歳,001,韓国・朝鮮,23000,愛知県,1980000000,1980年,人
152,00700,全域,002,女,211,55～59歳,001,韓国・朝鮮,24000,三重県,1980000000,1980年,人
118,00700,全域,002,女,211,55～59歳,001,韓国・朝鮮,25000,滋賀県,1980000000,1980年,人
850,00700,全域,002,女,211,55～59歳,001,韓国・朝鮮,26000,京都府,1980000000,1980年,人
3196,00700,全域,002,女,211,55～59歳,001,韓国・朝鮮,27000,大阪府,1980000000,1980年,人
1212,00700,全域,002,女,211,55～59歳,001,韓国・朝鮮,28000,兵庫県,1980000000,1980年,人
91,00700,全域,002,女,211,55～59歳,001,韓国・朝鮮,29000,奈良県,1980000000,1980年,人
80,00700,全域,002,女,211,55～59歳,001,韓国・朝鮮,30000,和歌山県,1980000000,1980年,人
47,00700,全域,002,女,211,55～59歳,001,韓国・朝鮮,31000,鳥取県,1980000000,1980年,人
29,00700,全域,002,女,211,55～59歳,001,韓国・朝鮮,32000,島根県,1980000000,1980年,人
170,00700,全域,002,女,211,55～59歳,001,韓国・朝鮮,33000,岡山県,1980000000,1980年,人
321,00700,全域,002,女,211,55～59歳,001,韓国・朝鮮,34000,広島県,1980000000,1980年,人
326,00700,全域,002,女,211,55～59歳,001,韓国・朝鮮,35000,山口県,1980000000,1980年,人
2,00700,全域,002,女,211,55～59歳,001,韓国・朝鮮,36000,徳島県,1980000000,1980年,人
14,00700,全域,002,女,211,55～59歳,001,韓国・朝鮮,37000,香川県,1980000000,1980年,人
42,00700,全域,002,女,211,55～59歳,001,韓国・朝鮮,38000,愛媛県,1980000000,1980年,人
17,00700,全域,002,女,211,55～59歳,001,韓国・朝鮮,39000,高知県,1980000000,1980年,人
484,00700,全域,002,女,211,55～59歳,001,韓国・朝鮮,40000,福岡県,1980000000,1980年,人
27,00700,全域,002,女,211,55～59歳,001,韓国・朝鮮,41000,佐賀県,1980000000,1980年,人
75,00700,全域,002,女,211,55～59歳,001,韓国・朝鮮,42000,長崎県,1980000000,1980年,人
32,00700,全域,002,女,211,55～59歳,001,韓国・朝鮮,43000,熊本県,1980000000,1980年,人
82,00700,全域,002,女,211,55～59歳,001,韓国・朝鮮,44000,大分県,1980000000,1980年,人
9,00700,全域,002,女,211,55～59歳,001,韓国・朝鮮,45000,宮崎県,1980000000,1980年,人
10,00700,全域,002,女,211,55～59歳,001,韓国・朝鮮,46000,鹿児島県,1980000000,1980年,人
5,00700,全域,002,女,211,55～59歳,001,韓国・朝鮮,47000,沖縄県,1980000000,1980年,人
1032,00700,全域,002,女,211,55～59歳,002,中国,00000,全国,1980000000,1980年,人
909,00700,全域,002,女,211,55～59歳,002,中国,00001,全国市部,1980000000,1980年,人
123,00700,全域,002,女,211,55～59歳,002,中国,00002,全国郡部,1980000000,1980年,人
30,00700,全域,002,女,211,55～59歳,002,中国,01000,北海道,1980000000,1980年,人
5,00700,全域,002,女,211,55～59歳,002,中国,02000,青森県,1980000000,1980年,人
4,00700,全域,002,女,211,55～59歳,002,中国,03000,岩手県,1980000000,1980年,人
11,00700,全域,002,女,211,55～59歳,002,中国,04000,宮城県,1980000000,1980年,人
4,00700,全域,002,女,211,55～59歳,002,中国,05000,秋田県,1980000000,1980年,人
2,00700,全域,002,女,211,55～59歳,002,中国,06000,山形県,1980000000,1980年,人
1,00700,全域,002,女,211,55～59歳,002,中国,07000,福島県,1980000000,1980年,人
9,00700,全域,002,女,211,55～59歳,002,中国,08000,茨城県,1980000000,1980年,人
6,00700,全域,002,女,211,55～59歳,002,中国,09000,栃木県,1980000000,1980年,人
9,00700,全域,002,女,211,55～59歳,002,中国,10000,群馬県,1980000000,1980年,人
10,00700,全域,002,女,211,55～59歳,002,中国,11000,埼玉県,1980000000,1980年,人
16,00700,全域,002,女,211,55～59歳,002,中国,12000,千葉県,1980000000,1980年,人
245,00700,全域,002,女,211,55～59歳,002,中国,13000,東京都,1980000000,1980年,人
133,00700,全域,002,女,211,55～59歳,002,中国,14000,神奈川県,1980000000,1980年,人
4,00700,全域,002,女,211,55～59歳,002,中国,15000,新潟県,1980000000,1980年,人
4,00700,全域,002,女,211,55～59歳,002,中国,19000,山梨県,1980000000,1980年,人
5,00700,全域,002,女,211,55～59歳,002,中国,20000,長野県,1980000000,1980年,人
5,00700,全域,002,女,211,55～59歳,002,中国,21000,岐阜県,1980000000,1980年,人
12,00700,全域,002,女,211,55～59歳,002,中国,22000,静岡県,1980000000,1980年,人
11,00700,全域,002,女,211,55～59歳,002,中国,23000,愛知県,1980000000,1980年,人
5,00700,全域,002,女,211,55～59歳,002,中国,24000,三重県,1980000000,1980年,人
4,00700,全域,002,女,211,55～59歳,002,中国,25000,滋賀県,1980000000,1980年,人
17,00700,全域,002,女,211,55～59歳,002,中国,26000,京都府,1980000000,1980年,人
124,00700,全域,002,女,211,55～59歳,002,中国,27000,大阪府,1980000000,1980年,人
207,00700,全域,002,女,211,55～59歳,002,中国,28000,兵庫県,1980000000,1980年,人
3,00700,全域,002,女,211,55～59歳,002,中国,29000,奈良県,1980000000,1980年,人
11,00700,全域,002,女,211,55～59歳,002,中国,30000,和歌山県,1980000000,1980年,人
6,00700,全域,002,女,211,55～59歳,002,中国,32000,島根県,1980000000,1980年,人
6,00700,全域,002,女,211,55～59歳,002,中国,33000,岡山県,1980000000,1980年,人
11,00700,全域,002,女,211,55～59歳,002,中国,34000,広島県,1980000000,1980年,人
4,00700,全域,002,女,211,55～59歳,002,中国,35000,山口県,1980000000,1980年,人
1,00700,全域,002,女,211,55～59歳,002,中国,37000,香川県,1980000000,1980年,人
3,00700,全域,002,女,211,55～59歳,002,中国,38000,愛媛県,1980000000,1980年,人
3,00700,全域,002,女,211,55～59歳,002,中国,39000,高知県,1980000000,1980年,人
24,00700,全域,002,女,211,55～59歳,002,中国,40000,福岡県,1980000000,1980年,人
4,00700,全域,002,女,211,55～59歳,002,中国,41000,佐賀県,1980000000,1980年,人
25,00700,全域,002,女,211,55～59歳,002,中国,42000,長崎県,1980000000,1980年,人
11,00700,全域,002,女,211,55～59歳,002,中国,43000,熊本県,1980000000,1980年,人
3,00700,全域,002,女,211,55～59歳,002,中国,44000,大分県,1980000000,1980年,人
9,00700,全域,002,女,211,55～59歳,002,中国,45000,宮崎県,1980000000,1980年,人
13,00700,全域,002,女,211,55～59歳,002,中国,46000,鹿児島県,1980000000,1980年,人
12,00700,全域,002,女,211,55～59歳,002,中国,47000,沖縄県,1980000000,1980年,人
383,00700,全域,002,女,211,55～59歳,003,アメリカ,00000,全国,1980000000,1980年,人
346,00700,全域,002,女,211,55～59歳,003,アメリカ,00001,全国市部,1980000000,1980年,人
37,00700,全域,002,女,211,55～59歳,003,アメリカ,00002,全国郡部,1980000000,1980年,人
4,00700,全域,002,女,211,55～59歳,003,アメリカ,01000,北海道,1980000000,1980年,人
3,00700,全域,002,女,211,55～59歳,003,アメリカ,02000,青森県,1980000000,1980年,人
1,00700,全域,002,女,211,55～59歳,003,アメリカ,03000,岩手県,1980000000,1980年,人
6,00700,全域,002,女,211,55～59歳,003,アメリカ,04000,宮城県,1980000000,1980年,人
1,00700,全域,002,女,211,55～59歳,003,アメリカ,06000,山形県,1980000000,1980年,人
2,00700,全域,002,女,211,55～59歳,003,アメリカ,07000,福島県,1980000000,1980年,人
2,00700,全域,002,女,211,55～59歳,003,アメリカ,08000,茨城県,1980000000,1980年,人
3,00700,全域,002,女,211,55～59歳,003,アメリカ,09000,栃木県,1980000000,1980年,人
3,00700,全域,002,女,211,55～59歳,003,アメリカ,10000,群馬県,1980000000,1980年,人
6,00700,全域,002,女,211,55～59歳,003,アメリカ,11000,埼玉県,1980000000,1980年,人
5,00700,全域,002,女,211,55～59歳,003,アメリカ,12000,千葉県,1980000000,1980年,人
138,00700,全域,002,女,211,55～59歳,003,アメリカ,13000,東京都,1980000000,1980年,人
38,00700,全域,002,女,211,55～59歳,003,アメリカ,14000,神奈川県,1980000000,1980年,人
2,00700,全域,002,女,211,55～59歳,003,アメリカ,15000,新潟県,1980000000,1980年,人
1,00700,全域,002,女,211,55～59歳,003,アメリカ,16000,富山県,1980000000,1980年,人
1,00700,全域,002,女,211,55～59歳,003,アメリカ,19000,山梨県,1980000000,1980年,人
3,00700,全域,002,女,211,55～59歳,003,アメリカ,20000,長野県,1980000000,1980年,人
3,00700,全域,002,女,211,55～59歳,003,アメリカ,21000,岐阜県,1980000000,1980年,人
4,00700,全域,002,女,211,55～59歳,003,アメリカ,22000,静岡県,1980000000,1980年,人
19,00700,全域,002,女,211,55～59歳,003,アメリカ,23000,愛知県,1980000000,1980年,人
3,00700,全域,002,女,211,55～59歳,003,アメリカ,24000,三重県,1980000000,1980年,人
1,00700,全域,002,女,211,55～59歳,003,アメリカ,25000,滋賀県,1980000000,1980年,人
10,00700,全域,002,女,211,55～59歳,003,アメリカ,26000,京都府,1980000000,1980年,人
12,00700,全域,002,女,211,55～59歳,003,アメリカ,27000,大阪府,1980000000,1980年,人
25,00700,全域,002,女,211,55～59歳,003,アメリカ,28000,兵庫県,1980000000,1980年,人
1,00700,全域,002,女,211,55～59歳,003,アメリカ,29000,奈良県,1980000000,1980年,人
5,00700,全域,002,女,211,55～59歳,003,アメリカ,30000,和歌山県,1980000000,1980年,人
1,00700,全域,002,女,211,55～59歳,003,アメリカ,32000,島根県,1980000000,1980年,人
3,00700,全域,002,女,211,55～59歳,003,アメリカ,33000,岡山県,1980000000,1980年,人
14,00700,全域,002,女,211,55～59歳,003,アメリカ,34000,広島県,1980000000,1980年,人
2,00700,全域,002,女,211,55～59歳,003,アメリカ,35000,山口県,1980000000,1980年,人
1,00700,全域,002,女,211,55～59歳,003,アメリカ,36000,徳島県,1980000000,1980年,人
3,00700,全域,002,女,211,55～59歳,003,アメリカ,37000,香川県,1980000000,1980年,人
1,00700,全域,002,女,211,55～59歳,003,アメリカ,38000,愛媛県,1980000000,1980年,人
9,00700,全域,002,女,211,55～59歳,003,アメリカ,40000,福岡県,1980000000,1980年,人
3,00700,全域,002,女,211,55～59歳,003,アメリカ,42000,長崎県,1980000000,1980年,人
7,00700,全域,002,女,211,55～59歳,003,アメリカ,43000,熊本県,1980000000,1980年,人
1,00700,全域,002,女,211,55～59歳,003,アメリカ,44000,大分県,1980000000,1980年,人
4,00700,全域,002,女,211,55～59歳,003,アメリカ,46000,鹿児島県,1980000000,1980年,人
32,00700,全域,002,女,211,55～59歳,003,アメリカ,47000,沖縄県,1980000000,1980年,人
283,00700,全域,002,女,211,55～59歳,004,その他,00000,全国,1980000000,1980年,人
251,00700,全域,002,女,211,55～59歳,004,その他,00001,全国市部,1980000000,1980年,人
32,00700,全域,002,女,211,55～59歳,004,その他,00002,全国郡部,1980000000,1980年,人
3,00700,全域,002,女,211,55～59歳,004,その他,01000,北海道,1980000000,1980年,人
4,00700,全域,002,女,211,55～59歳,004,その他,02000,青森県,1980000000,1980年,人
2,00700,全域,002,女,211,55～59歳,004,その他,04000,宮城県,1980000000,1980年,人
4,00700,全域,002,女,211,55～59歳,004,その他,07000,福島県,1980000000,1980年,人
1,00700,全域,002,女,211,55～59歳,004,その他,09000,栃木県,1980000000,1980年,人
3,00700,全域,002,女,211,55～59歳,004,その他,10000,群馬県,1980000000,1980年,人
6,00700,全域,002,女,211,55～59歳,004,その他,11000,埼玉県,1980000000,1980年,人
7,00700,全域,002,女,211,55～59歳,004,その他,12000,千葉県,1980000000,1980年,人
95,00700,全域,002,女,211,55～59歳,004,その他,13000,東京都,1980000000,1980年,人
35,00700,全域,002,女,211,55～59歳,004,その他,14000,神奈川県,1980000000,1980年,人
1,00700,全域,002,女,211,55～59歳,004,その他,16000,富山県,1980000000,1980年,人
2,00700,全域,002,女,211,55～59歳,004,その他,17000,石川県,1980000000,1980年,人
3,00700,全域,002,女,211,55～59歳,004,その他,19000,山梨県,1980000000,1980年,人
3,00700,全域,002,女,211,55～59歳,004,その他,20000,長野県,1980000000,1980年,人
1,00700,全域,002,女,211,55～59歳,004,その他,21000,岐阜県,1980000000,1980年,人
5,00700,全域,002,女,211,55～59歳,004,その他,22000,静岡県,1980000000,1980年,人
10,00700,全域,002,女,211,55～59歳,004,その他,23000,愛知県,1980000000,1980年,人
1,00700,全域,002,女,211,55～59歳,004,その他,24000,三重県,1980000000,1980年,人
3,00700,全域,002,女,211,55～59歳,004,その他,25000,滋賀県,1980000000,1980年,人
2,00700,全域,002,女,211,55～59歳,004,その他,26000,京都府,1980000000,1980年,人
8,00700,全域,002,女,211,55～59歳,004,その他,27000,大阪府,1980000000,1980年,人
38,00700,全域,002,女,211,55～59歳,004,その他,28000,兵庫県,1980000000,1980年,人
1,00700,全域,002,女,211,55～59歳,004,その他,29000,奈良県,1980000000,1980年,人
5,00700,全域,002,女,211,55～59歳,004,その他,33000,岡山県,1980000000,1980年,人
4,00700,全域,002,女,211,55～59歳,004,その他,34000,広島県,1980000000,1980年,人
3,00700,全域,002,女,211,55～59歳,004,その他,35000,山口県,1980000000,1980年,人
1,00700,全域,002,女,211,55～59歳,004,その他,38000,愛媛県,1980000000,1980年,人
1,00700,全域,002,女,211,55～59歳,004,その他,39000,高知県,1980000000,1980年,人
7,00700,全域,002,女,211,55～59歳,004,その他,40000,福岡県,1980000000,1980年,人
1,00700,全域,002,女,211,55～59歳,004,その他,41000,佐賀県,1980000000,1980年,人
3,00700,全域,002,女,211,55～59歳,004,その他,42000,長崎県,1980000000,1980年,人
3,00700,全域,002,女,211,55～59歳,004,その他,43000,熊本県,1980000000,1980年,人
4,00700,全域,002,女,211,55～59歳,004,その他,44000,大分県,1980000000,1980年,人
2,00700,全域,002,女,211,55～59歳,004,その他,45000,宮崎県,1980000000,1980年,人
3,00700,全域,002,女,211,55～59歳,004,その他,46000,鹿児島県,1980000000,1980年,人
8,00700,全域,002,女,211,55～59歳,004,その他,47000,沖縄県,1980000000,1980年,人
9668,00700,全域,002,女,212,60～64歳,000,国籍総数,00000,全国,1980000000,1980年,人
8697,00700,全域,002,女,212,60～64歳,000,国籍総数,00001,全国市部,1980000000,1980年,人
971,00700,全域,002,女,212,60～64歳,000,国籍総数,00002,全国郡部,1980000000,1980年,人
119,00700,全域,002,女,212,60～64歳,000,国籍総数,01000,北海道,1980000000,1980年,人
34,00700,全域,002,女,212,60～64歳,000,国籍総数,02000,青森県,1980000000,1980年,人
42,00700,全域,002,女,212,60～64歳,000,国籍総数,03000,岩手県,1980000000,1980年,人
58,00700,全域,002,女,212,60～64歳,000,国籍総数,04000,宮城県,1980000000,1980年,人
22,00700,全域,002,女,212,60～64歳,000,国籍総数,05000,秋田県,1980000000,1980年,人
14,00700,全域,002,女,212,60～64歳,000,国籍総数,06000,山形県,1980000000,1980年,人
40,00700,全域,002,女,212,60～64歳,000,国籍総数,07000,福島県,1980000000,1980年,人
53,00700,全域,002,女,212,60～64歳,000,国籍総数,08000,茨城県,1980000000,1980年,人
38,00700,全域,002,女,212,60～64歳,000,国籍総数,09000,栃木県,1980000000,1980年,人
57,00700,全域,002,女,212,60～64歳,000,国籍総数,10000,群馬県,1980000000,1980年,人
134,00700,全域,002,女,212,60～64歳,000,国籍総数,11000,埼玉県,1980000000,1980年,人
142,00700,全域,002,女,212,60～64歳,000,国籍総数,12000,千葉県,1980000000,1980年,人
1038,00700,全域,002,女,212,60～64歳,000,国籍総数,13000,東京都,1980000000,1980年,人
484,00700,全域,002,女,212,60～64歳,000,国籍総数,14000,神奈川県,1980000000,1980年,人
62,00700,全域,002,女,212,60～64歳,000,国籍総数,15000,新潟県,1980000000,1980年,人
30,00700,全域,002,女,212,60～64歳,000,国籍総数,16000,富山県,1980000000,1980年,人
62,00700,全域,002,女,212,60～64歳,000,国籍総数,17000,石川県,1980000000,1980年,人
82,00700,全域,002,女,212,60～64歳,000,国籍総数,18000,福井県,1980000000,1980年,人
37,00700,全域,002,女,212,60～64歳,000,国籍総数,19000,山梨県,1980000000,1980年,人
80,00700,全域,002,女,212,60～64歳,000,国籍総数,20000,長野県,1980000000,1980年,人
162,00700,全域,002,女,212,60～64歳,000,国籍総数,21000,岐阜県,1980000000,1980年,人
98,00700,全域,002,女,212,60～64歳,000,国籍総数,22000,静岡県,1980000000,1980年,人
661,00700,全域,002,女,212,60～64歳,000,国籍総数,23000,愛知県,1980000000,1980年,人
115,00700,全域,002,女,212,60～64歳,000,国籍総数,24000,三重県,1980000000,1980年,人
107,00700,全域,002,女,212,60～64歳,000,国籍総数,25000,滋賀県,1980000000,1980年,人
629,00700,全域,002,女,212,60～64歳,000,国籍総数,26000,京都府,1980000000,1980年,人
2514,00700,全域,002,女,212,60～64歳,000,国籍総数,27000,大阪府,1980000000,1980年,人
1077,00700,全域,002,女,212,60～64歳,000,国籍総数,28000,兵庫県,1980000000,1980年,人
92,00700,全域,002,女,212,60～64歳,000,国籍総数,29000,奈良県,1980000000,1980年,人
62,00700,全域,002,女,212,60～64歳,000,国籍総数,30000,和歌山県,1980000000,1980年,人
41,00700,全域,002,女,212,60～64歳,000,国籍総数,31000,鳥取県,1980000000,1980年,人
29,00700,全域,002,女,212,60～64歳,000,国籍総数,32000,島根県,1980000000,1980年,人
147,00700,全域,002,女,212,60～64歳,000,国籍総数,33000,岡山県,1980000000,1980年,人
253,00700,全域,002,女,212,60～64歳,000,国籍総数,34000,広島県,1980000000,1980年,人
264,00700,全域,002,女,212,60～64歳,000,国籍総数,35000,山口県,1980000000,1980年,人
8,00700,全域,002,女,212,60～64歳,000,国籍総数,36000,徳島県,1980000000,1980年,人
16,00700,全域,002,女,212,60～64歳,000,国籍総数,37000,香川県,1980000000,1980年,人
39,00700,全域,002,女,212,60～64歳,000,国籍総数,38000,愛媛県,1980000000,1980年,人
18,00700,全域,002,女,212,60～64歳,000,国籍総数,39000,高知県,1980000000,1980年,人
426,00700,全域,002,女,212,60～64歳,000,国籍総数,40000,福岡県,1980000000,1980年,人
26,00700,全域,002,女,212,60～64歳,000,国籍総数,41000,佐賀県,1980000000,1980年,人
72,00700,全域,002,女,212,60～64歳,000,国籍総数,42000,長崎県,1980000000,1980年,人
46,00700,全域,002,女,212,60～64歳,000,国籍総数,43000,熊本県,1980000000,1980年,人
55,00700,全域,002,女,212,60～64歳,000,国籍総数,44000,大分県,1980000000,1980年,人
25,00700,全域,002,女,212,60～64歳,000,国籍総数,45000,宮崎県,1980000000,1980年,人
25,00700,全域,002,女,212,60～64歳,000,国籍総数,46000,鹿児島県,1980000000,1980年,人
33,00700,全域,002,女,212,60～64歳,000,国籍総数,47000,沖縄県,1980000000,1980年,人
8257,00700,全域,002,女,212,60～64歳,001,韓国・朝鮮,00000,全国,1980000000,1980年,人
7476,00700,全域,002,女,212,60～64歳,001,韓国・朝鮮,00001,全国市部,1980000000,1980年,人
781,00700,全域,002,女,212,60～64歳,001,韓国・朝鮮,00002,全国郡部,1980000000,1980年,人
75,00700,全域,002,女,212,60～64歳,001,韓国・朝鮮,01000,北海道,1980000000,1980年,人
29,00700,全域,002,女,212,60～64歳,001,韓国・朝鮮,02000,青森県,1980000000,1980年,人
31,00700,全域,002,女,212,60～64歳,001,韓国・朝鮮,03000,岩手県,1980000000,1980年,人
40,00700,全域,002,女,212,60～64歳,001,韓国・朝鮮,04000,宮城県,1980000000,1980年,人
16,00700,全域,002,女,212,60～64歳,001,韓国・朝鮮,05000,秋田県,1980000000,1980年,人
10,00700,全域,002,女,212,60～64歳,001,韓国・朝鮮,06000,山形県,1980000000,1980年,人
28,00700,全域,002,女,212,60～64歳,001,韓国・朝鮮,07000,福島県,1980000000,1980年,人
40,00700,全域,002,女,212,60～64歳,001,韓国・朝鮮,08000,茨城県,1980000000,1980年,人
33,00700,全域,002,女,212,60～64歳,001,韓国・朝鮮,09000,栃木県,1980000000,1980年,人
49,00700,全域,002,女,212,60～64歳,001,韓国・朝鮮,10000,群馬県,1980000000,1980年,人
101,00700,全域,002,女,212,60～64歳,001,韓国・朝鮮,11000,埼玉県,1980000000,1980年,人
116,00700,全域,002,女,212,60～64歳,001,韓国・朝鮮,12000,千葉県,1980000000,1980年,人
754,00700,全域,002,女,212,60～64歳,001,韓国・朝鮮,13000,東京都,1980000000,1980年,人
340,00700,全域,002,女,212,60～64歳,001,韓国・朝鮮,14000,神奈川県,1980000000,1980年,人
49,00700,全域,002,女,212,60～64歳,001,韓国・朝鮮,15000,新潟県,1980000000,1980年,人
28,00700,全域,002,女,212,60～64歳,001,韓国・朝鮮,16000,富山県,1980000000,1980年,人
55,00700,全域,002,女,212,60～64歳,001,韓国・朝鮮,17000,石川県,1980000000,1980年,人
75,00700,全域,002,女,212,60～64歳,001,韓国・朝鮮,18000,福井県,1980000000,1980年,人
29,00700,全域,002,女,212,60～64歳,001,韓国・朝鮮,19000,山梨県,1980000000,1980年,人
71,00700,全域,002,女,212,60～64歳,001,韓国・朝鮮,20000,長野県,1980000000,1980年,人
158,00700,全域,002,女,212,60～64歳,001,韓国・朝鮮,21000,岐阜県,1980000000,1980年,人
78,00700,全域,002,女,212,60～64歳,001,韓国・朝鮮,22000,静岡県,1980000000,1980年,人
632,00700,全域,002,女,212,60～64歳,001,韓国・朝鮮,23000,愛知県,1980000000,1980年,人
106,00700,全域,002,女,212,60～64歳,001,韓国・朝鮮,24000,三重県,1980000000,1980年,人
100,00700,全域,002,女,212,60～64歳,001,韓国・朝鮮,25000,滋賀県,1980000000,1980年,人
595,00700,全域,002,女,212,60～64歳,001,韓国・朝鮮,26000,京都府,1980000000,1980年,人
2374,00700,全域,002,女,212,60～64歳,001,韓国・朝鮮,27000,大阪府,1980000000,1980年,人
837,00700,全域,002,女,212,60～64歳,001,韓国・朝鮮,28000,兵庫県,1980000000,1980年,人
83,00700,全域,002,女,212,60～64歳,001,韓国・朝鮮,29000,奈良県,1980000000,1980年,人
50,00700,全域,002,女,212,60～64歳,001,韓国・朝鮮,30000,和歌山県,1980000000,1980年,人
39,00700,全域,002,女,212,60～64歳,001,韓国・朝鮮,31000,鳥取県,1980000000,1980年,人
24,00700,全域,002,女,212,60～64歳,001,韓国・朝鮮,32000,島根県,1980000000,1980年,人
137,00700,全域,002,女,212,60～64歳,001,韓国・朝鮮,33000,岡山県,1980000000,1980年,人
215,00700,全域,002,女,212,60～64歳,001,韓国・朝鮮,34000,広島県,1980000000,1980年,人
249,00700,全域,002,女,212,60～64歳,001,韓国・朝鮮,35000,山口県,1980000000,1980年,人
2,00700,全域,002,女,212,60～64歳,001,韓国・朝鮮,36000,徳島県,1980000000,1980年,人
12,00700,全域,002,女,212,60～64歳,001,韓国・朝鮮,37000,香川県,1980000000,1980年,人
29,00700,全域,002,女,212,60～64歳,001,韓国・朝鮮,38000,愛媛県,1980000000,1980年,人
13,00700,全域,002,女,212,60～64歳,001,韓国・朝鮮,39000,高知県,1980000000,1980年,人
389,00700,全域,002,女,212,60～64歳,001,韓国・朝鮮,40000,福岡県,1980000000,1980年,人
17,00700,全域,002,女,212,60～64歳,001,韓国・朝鮮,41000,佐賀県,1980000000,1980年,人
45,00700,全域,002,女,212,60～64歳,001,韓国・朝鮮,42000,長崎県,1980000000,1980年,人
32,00700,全域,002,女,212,60～64歳,001,韓国・朝鮮,43000,熊本県,1980000000,1980年,人
47,00700,全域,002,女,212,60～64歳,001,韓国・朝鮮,44000,大分県,1980000000,1980年,人
17,00700,全域,002,女,212,60～64歳,001,韓国・朝鮮,45000,宮崎県,1980000000,1980年,人
6,00700,全域,002,女,212,60～64歳,001,韓国・朝鮮,46000,鹿児島県,1980000000,1980年,人
2,00700,全域,002,女,212,60～64歳,001,韓国・朝鮮,47000,沖縄県,1980000000,1980年,人
709,00700,全域,002,女,212,60～64歳,002,中国,00000,全国,1980000000,1980年,人
624,00700,全域,002,女,212,60～64歳,002,中国,00001,全国市部,1980000000,1980年,人
85,00700,全域,002,女,212,60～64歳,002,中国,00002,全国郡部,1980000000,1980年,人
19,00700,全域,002,女,212,60～64歳,002,中国,01000,北海道,1980000000,1980年,人
2,00700,全域,002,女,212,60～64歳,002,中国,02000,青森県,1980000000,1980年,人
7,00700,全域,002,女,212,60～64歳,002,中国,03000,岩手県,1980000000,1980年,人
7,00700,全域,002,女,212,60～64歳,002,中国,04000,宮城県,1980000000,1980年,人
2,00700,全域,002,女,212,60～64歳,002,中国,05000,秋田県,1980000000,1980年,人
1,00700,全域,002,女,212,60～64歳,002,中国,06000,山形県,1980000000,1980年,人
4,00700,全域,002,女,212,60～64歳,002,中国,07000,福島県,1980000000,1980年,人
4,00700,全域,002,女,212,60～64歳,002,中国,08000,茨城県,1980000000,1980年,人
1,00700,全域,002,女,212,60～64歳,002,中国,09000,栃木県,1980000000,1980年,人
4,00700,全域,002,女,212,60～64歳,002,中国,10000,群馬県,1980000000,1980年,人
14,00700,全域,002,女,212,60～64歳,002,中国,11000,埼玉県,1980000000,1980年,人
12,00700,全域,002,女,212,60～64歳,002,中国,12000,千葉県,1980000000,1980年,人
125,00700,全域,002,女,212,60～64歳,002,中国,13000,東京都,1980000000,1980年,人
86,00700,全域,002,女,212,60～64歳,002,中国,14000,神奈川県,1980000000,1980年,人
9,00700,全域,002,女,212,60～64歳,002,中国,15000,新潟県,1980000000,1980年,人
2,00700,全域,002,女,212,60～64歳,002,中国,17000,石川県,1980000000,1980年,人
2,00700,全域,002,女,212,60～64歳,002,中国,18000,福井県,1980000000,1980年,人
4,00700,全域,002,女,212,60～64歳,002,中国,19000,山梨県,1980000000,1980年,人
5,00700,全域,002,女,212,60～64歳,002,中国,20000,長野県,1980000000,1980年,人
1,00700,全域,002,女,212,60～64歳,002,中国,21000,岐阜県,1980000000,1980年,人
7,00700,全域,002,女,212,60～64歳,002,中国,22000,静岡県,1980000000,1980年,人
9,00700,全域,002,女,212,60～64歳,002,中国,23000,愛知県,1980000000,1980年,人
4,00700,全域,002,女,212,60～64歳,002,中国,25000,滋賀県,1980000000,1980年,人
11,00700,全域,002,女,212,60～64歳,002,中国,26000,京都府,1980000000,1980年,人
78,00700,全域,002,女,212,60～64歳,002,中国,27000,大阪府,1980000000,1980年,人
170,00700,全域,002,女,212,60～64歳,002,中国,28000,兵庫県,1980000000,1980年,人
4,00700,全域,002,女,212,60～64歳,002,中国,29000,奈良県,1980000000,1980年,人
6,00700,全域,002,女,212,60～64歳,002,中国,30000,和歌山県,1980000000,1980年,人
4,00700,全域,002,女,212,60～64歳,002,中国,32000,島根県,1980000000,1980年,人
4,00700,全域,002,女,212,60～64歳,002,中国,33000,岡山県,1980000000,1980年,人
7,00700,全域,002,女,212,60～64歳,002,中国,34000,広島県,1980000000,1980年,人
3,00700,全域,002,女,212,60～64歳,002,中国,35000,山口県,1980000000,1980年,人
4,00700,全域,002,女,212,60～64歳,002,中国,36000,徳島県,1980000000,1980年,人
2,00700,全域,002,女,212,60～64歳,002,中国,37000,香川県,1980000000,1980年,人
3,00700,全域,002,女,212,60～64歳,002,中国,38000,愛媛県,1980000000,1980年,人
3,00700,全域,002,女,212,60～64歳,002,中国,39000,高知県,1980000000,1980年,人
16,00700,全域,002,女,212,60～64歳,002,中国,40000,福岡県,1980000000,1980年,人
5,00700,全域,002,女,212,60～64歳,002,中国,41000,佐賀県,1980000000,1980年,人
21,00700,全域,002,女,212,60～64歳,002,中国,42000,長崎県,1980000000,1980年,人
5,00700,全域,002,女,212,60～64歳,002,中国,43000,熊本県,1980000000,1980年,人
4,00700,全域,002,女,212,60～64歳,002,中国,44000,大分県,1980000000,1980年,人
4,00700,全域,002,女,212,60～64歳,002,中国,45000,宮崎県,1980000000,1980年,人
11,00700,全域,002,女,212,60～64歳,002,中国,46000,鹿児島県,1980000000,1980年,人
13,00700,全域,002,女,212,60～64歳,002,中国,47000,沖縄県,1980000000,1980年,人
210,00700,全域,002,女,212,60～64歳,003,アメリカ,00000,全国,1980000000,1980年,人
183,00700,全域,002,女,212,60～64歳,003,アメリカ,00001,全国市部,1980000000,1980年,人
27,00700,全域,002,女,212,60～64歳,003,アメリカ,00002,全国郡部,1980000000,1980年,人
3,00700,全域,002,女,212,60～64歳,003,アメリカ,01000,北海道,1980000000,1980年,人
2,00700,全域,002,女,212,60～64歳,003,アメリカ,03000,岩手県,1980000000,1980年,人
3,00700,全域,002,女,212,60～64歳,003,アメリカ,04000,宮城県,1980000000,1980年,人
2,00700,全域,002,女,212,60～64歳,003,アメリカ,05000,秋田県,1980000000,1980年,人
1,00700,全域,002,女,212,60～64歳,003,アメリカ,06000,山形県,1980000000,1980年,人
1,00700,全域,002,女,212,60～64歳,003,アメリカ,07000,福島県,1980000000,1980年,人
2,00700,全域,002,女,212,60～64歳,003,アメリカ,08000,茨城県,1980000000,1980年,人
1,00700,全域,002,女,212,60～64歳,003,アメリカ,09000,栃木県,1980000000,1980年,人
5,00700,全域,002,女,212,60～64歳,003,アメリカ,11000,埼玉県,1980000000,1980年,人
2,00700,全域,002,女,212,60～64歳,003,アメリカ,12000,千葉県,1980000000,1980年,人
61,00700,全域,002,女,212,60～64歳,003,アメリカ,13000,東京都,1980000000,1980年,人
21,00700,全域,002,女,212,60～64歳,003,アメリカ,14000,神奈川県,1980000000,1980年,人
1,00700,全域,002,女,212,60～64歳,003,アメリカ,15000,新潟県,1980000000,1980年,人
2,00700,全域,002,女,212,60～64歳,003,アメリカ,17000,石川県,1980000000,1980年,人
1,00700,全域,002,女,212,60～64歳,003,アメリカ,18000,福井県,1980000000,1980年,人
2,00700,全域,002,女,212,60～64歳,003,アメリカ,19000,山梨県,1980000000,1980年,人
1,00700,全域,002,女,212,60～64歳,003,アメリカ,20000,長野県,1980000000,1980年,人
3,00700,全域,002,女,212,60～64歳,003,アメリカ,21000,岐阜県,1980000000,1980年,人
4,00700,全域,002,女,212,60～64歳,003,アメリカ,22000,静岡県,1980000000,1980年,人
13,00700,全域,002,女,212,60～64歳,003,アメリカ,23000,愛知県,1980000000,1980年,人
2,00700,全域,002,女,212,60～64歳,003,アメリカ,24000,三重県,1980000000,1980年,人
1,00700,全域,002,女,212,60～64歳,003,アメリカ,25000,滋賀県,1980000000,1980年,人
8,00700,全域,002,女,212,60～64歳,003,アメリカ,26000,京都府,1980000000,1980年,人
7,00700,全域,002,女,212,60～64歳,003,アメリカ,27000,大阪府,1980000000,1980年,人
10,00700,全域,002,女,212,60～64歳,003,アメリカ,28000,兵庫県,1980000000,1980年,人
2,00700,全域,002,女,212,60～64歳,003,アメリカ,29000,奈良県,1980000000,1980年,人
2,00700,全域,002,女,212,60～64歳,003,アメリカ,30000,和歌山県,1980000000,1980年,人
1,00700,全域,002,女,212,60～64歳,003,アメリカ,31000,鳥取県,1980000000,1980年,人
3,00700,全域,002,女,212,60～64歳,003,アメリカ,33000,岡山県,1980000000,1980年,人
16,00700,全域,002,女,212,60～64歳,003,アメリカ,34000,広島県,1980000000,1980年,人
5,00700,全域,002,女,212,60～64歳,003,アメリカ,35000,山口県,1980000000,1980年,人
1,00700,全域,002,女,212,60～64歳,003,アメリカ,37000,香川県,1980000000,1980年,人
2,00700,全域,002,女,212,60～64歳,003,アメリカ,38000,愛媛県,1980000000,1980年,人
2,00700,全域,002,女,212,60～64歳,003,アメリカ,40000,福岡県,1980000000,1980年,人
4,00700,全域,002,女,212,60～64歳,003,アメリカ,43000,熊本県,1980000000,1980年,人
2,00700,全域,002,女,212,60～64歳,003,アメリカ,44000,大分県,1980000000,1980年,人
2,00700,全域,002,女,212,60～64歳,003,アメリカ,46000,鹿児島県,1980000000,1980年,人
9,00700,全域,002,女,212,60～64歳,003,アメリカ,47000,沖縄県,1980000000,1980年,人
197,00700,全域,002,女,212,60～64歳,004,その他,00000,全国,1980000000,1980年,人
181,00700,全域,002,女,212,60～64歳,004,その他,00001,全国市部,1980000000,1980年,人
16,00700,全域,002,女,212,60～64歳,004,その他,00002,全国郡部,1980000000,1980年,人
9,00700,全域,002,女,212,60～64歳,004,その他,01000,北海道,1980000000,1980年,人
1,00700,全域,002,女,212,60～64歳,004,その他,02000,青森県,1980000000,1980年,人
3,00700,全域,002,女,212,60～64歳,004,その他,04000,宮城県,1980000000,1980年,人
2,00700,全域,002,女,212,60～64歳,004,その他,07000,福島県,1980000000,1980年,人
1,00700,全域,002,女,212,60～64歳,004,その他,08000,茨城県,1980000000,1980年,人
1,00700,全域,002,女,212,60～64歳,004,その他,09000,栃木県,1980000000,1980年,人
6,00700,全域,002,女,212,60～64歳,004,その他,11000,埼玉県,1980000000,1980年,人
2,00700,全域,002,女,212,60～64歳,004,その他,12000,千葉県,1980000000,1980年,人
56,00700,全域,002,女,212,60～64歳,004,その他,13000,東京都,1980000000,1980年,人
22,00700,全域,002,女,212,60～64歳,004,その他,14000,神奈川県,1980000000,1980年,人
1,00700,全域,002,女,212,60～64歳,004,その他,17000,石川県,1980000000,1980年,人
2,00700,全域,002,女,212,60～64歳,004,その他,18000,福井県,1980000000,1980年,人
1,00700,全域,002,女,212,60～64歳,004,その他,20000,長野県,1980000000,1980年,人
3,00700,全域,002,女,212,60～64歳,004,その他,22000,静岡県,1980000000,1980年,人
1,00700,全域,002,女,212,60～64歳,004,その他,23000,愛知県,1980000000,1980年,人
2,00700,全域,002,女,212,60～64歳,004,その他,24000,三重県,1980000000,1980年,人
2,00700,全域,002,女,212,60～64歳,004,その他,26000,京都府,1980000000,1980年,人
9,00700,全域,002,女,212,60～64歳,004,その他,27000,大阪府,1980000000,1980年,人
41,00700,全域,002,女,212,60～64歳,004,その他,28000,兵庫県,1980000000,1980年,人
2,00700,全域,002,女,212,60～64歳,004,その他,30000,和歌山県,1980000000,1980年,人
1,00700,全域,002,女,212,60～64歳,004,その他,31000,鳥取県,1980000000,1980年,人
1,00700,全域,002,女,212,60～64歳,004,その他,33000,岡山県,1980000000,1980年,人
2,00700,全域,002,女,212,60～64歳,004,その他,34000,広島県,1980000000,1980年,人
1,00700,全域,002,女,212,60～64歳,004,その他,35000,山口県,1980000000,1980年,人
1,00700,全域,002,女,212,60～64歳,004,その他,36000,徳島県,1980000000,1980年,人
1,00700,全域,002,女,212,60～64歳,004,その他,37000,香川県,1980000000,1980年,人
2,00700,全域,002,女,212,60～64歳,004,その他,38000,愛媛県,1980000000,1980年,人
7,00700,全域,002,女,212,60～64歳,004,その他,40000,福岡県,1980000000,1980年,人
3,00700,全域,002,女,212,60～64歳,004,その他,42000,長崎県,1980000000,1980年,人
1,00700,全域,002,女,212,60～64歳,004,その他,44000,大分県,1980000000,1980年,人
1,00700,全域,002,女,212,60～64歳,004,その他,45000,宮崎県,1980000000,1980年,人
2,00700,全域,002,女,212,60～64歳,004,その他,46000,鹿児島県,1980000000,1980年,人
7,00700,全域,002,女,212,60～64歳,004,その他,47000,沖縄県,1980000000,1980年,人
7873,00700,全域,002,女,213,65～69歳,000,国籍総数,00000,全国,1980000000,1980年,人
7121,00700,全域,002,女,213,65～69歳,000,国籍総数,00001,全国市部,1980000000,1980年,人
752,00700,全域,002,女,213,65～69歳,000,国籍総数,00002,全国郡部,1980000000,1980年,人
59,00700,全域,002,女,213,65～69歳,000,国籍総数,01000,北海道,1980000000,1980年,人
27,00700,全域,002,女,213,65～69歳,000,国籍総数,02000,青森県,1980000000,1980年,人
15,00700,全域,002,女,213,65～69歳,000,国籍総数,03000,岩手県,1980000000,1980年,人
32,00700,全域,002,女,213,65～69歳,000,国籍総数,04000,宮城県,1980000000,1980年,人
12,00700,全域,002,女,213,65～69歳,000,国籍総数,05000,秋田県,1980000000,1980年,人
13,00700,全域,002,女,213,65～69歳,000,国籍総数,06000,山形県,1980000000,1980年,人
40,00700,全域,002,女,213,65～69歳,000,国籍総数,07000,福島県,1980000000,1980年,人
49,00700,全域,002,女,213,65～69歳,000,国籍総数,08000,茨城県,1980000000,1980年,人
32,00700,全域,002,女,213,65～69歳,000,国籍総数,09000,栃木県,1980000000,1980年,人
44,00700,全域,002,女,213,65～69歳,000,国籍総数,10000,群馬県,1980000000,1980年,人
87,00700,全域,002,女,213,65～69歳,000,国籍総数,11000,埼玉県,1980000000,1980年,人
118,00700,全域,002,女,213,65～69歳,000,国籍総数,12000,千葉県,1980000000,1980年,人
801,00700,全域,002,女,213,65～69歳,000,国籍総数,13000,東京都,1980000000,1980年,人
378,00700,全域,002,女,213,65～69歳,000,国籍総数,14000,神奈川県,1980000000,1980年,人
26,00700,全域,002,女,213,65～69歳,000,国籍総数,15000,新潟県,1980000000,1980年,人
25,00700,全域,002,女,213,65～69歳,000,国籍総数,16000,富山県,1980000000,1980年,人
46,00700,全域,002,女,213,65～69歳,000,国籍総数,17000,石川県,1980000000,1980年,人
58,00700,全域,002,女,213,65～69歳,000,国籍総数,18000,福井県,1980000000,1980年,人
28,00700,全域,002,女,213,65～69歳,000,国籍総数,19000,山梨県,1980000000,1980年,人
68,00700,全域,002,女,213,65～69歳,000,国籍総数,20000,長野県,1980000000,1980年,人
114,00700,全域,002,女,213,65～69歳,000,国籍総数,21000,岐阜県,1980000000,1980年,人
89,00700,全域,002,女,213,65～69歳,000,国籍総数,22000,静岡県,1980000000,1980年,人
599,00700,全域,002,女,213,65～69歳,000,国籍総数,23000,愛知県,1980000000,1980年,人
115,00700,全域,002,女,213,65～69歳,000,国籍総数,24000,三重県,1980000000,1980年,人
81,00700,全域,002,女,213,65～69歳,000,国籍総数,25000,滋賀県,1980000000,1980年,人
552,00700,全域,002,女,213,65～69歳,000,国籍総数,26000,京都府,1980000000,1980年,人
2183,00700,全域,002,女,213,65～69歳,000,国籍総数,27000,大阪府,1980000000,1980年,人
874,00700,全域,002,女,213,65～69歳,000,国籍総数,28000,兵庫県,1980000000,1980年,人
69,00700,全域,002,女,213,65～69歳,000,国籍総数,29000,奈良県,1980000000,1980年,人
75,00700,全域,002,女,213,65～69歳,000,国籍総数,30000,和歌山県,1980000000,1980年,人
25,00700,全域,002,女,213,65～69歳,000,国籍総数,31000,鳥取県,1980000000,1980年,人
30,00700,全域,002,女,213,65～69歳,000,国籍総数,32000,島根県,1980000000,1980年,人
112,00700,全域,002,女,213,65～69歳,000,国籍総数,33000,岡山県,1980000000,1980年,人
197,00700,全域,002,女,213,65～69歳,000,国籍総数,34000,広島県,1980000000,1980年,人
212,00700,全域,002,女,213,65～69歳,000,国籍総数,35000,山口県,1980000000,1980年,人
5,00700,全域,002,女,213,65～69歳,000,国籍総数,36000,徳島県,1980000000,1980年,人
15,00700,全域,002,女,213,65～69歳,000,国籍総数,37000,香川県,1980000000,1980年,人
29,00700,全域,002,女,213,65～69歳,000,国籍総数,38000,愛媛県,1980000000,1980年,人
13,00700,全域,002,女,213,65～69歳,000,国籍総数,39000,高知県,1980000000,1980年,人
313,00700,全域,002,女,213,65～69歳,000,国籍総数,40000,福岡県,1980000000,1980年,人
30,00700,全域,002,女,213,65～69歳,000,国籍総数,41000,佐賀県,1980000000,1980年,人
50,00700,全域,002,女,213,65～69歳,000,国籍総数,42000,長崎県,1980000000,1980年,人
33,00700,全域,002,女,213,65～69歳,000,国籍総数,43000,熊本県,1980000000,1980年,人
55,00700,全域,002,女,213,65～69歳,000,国籍総数,44000,大分県,1980000000,1980年,人
14,00700,全域,002,女,213,65～69歳,000,国籍総数,45000,宮崎県,1980000000,1980年,人
13,00700,全域,002,女,213,65～69歳,000,国籍総数,46000,鹿児島県,1980000000,1980年,人
18,00700,全域,002,女,213,65～69歳,000,国籍総数,47000,沖縄県,1980000000,1980年,人
6857,00700,全域,002,女,213,65～69歳,001,韓国・朝鮮,00000,全国,1980000000,1980年,人
6218,00700,全域,002,女,213,65～69歳,001,韓国・朝鮮,00001,全国市部,1980000000,1980年,人
639,00700,全域,002,女,213,65～69歳,001,韓国・朝鮮,00002,全国郡部,1980000000,1980年,人
41,00700,全域,002,女,213,65～69歳,001,韓国・朝鮮,01000,北海道,1980000000,1980年,人
24,00700,全域,002,女,213,65～69歳,001,韓国・朝鮮,02000,青森県,1980000000,1980年,人
14,00700,全域,002,女,213,65～69歳,001,韓国・朝鮮,03000,岩手県,1980000000,1980年,人
25,00700,全域,002,女,213,65～69歳,001,韓国・朝鮮,04000,宮城県,1980000000,1980年,人
10,00700,全域,002,女,213,65～69歳,001,韓国・朝鮮,05000,秋田県,1980000000,1980年,人
5,00700,全域,002,女,213,65～69歳,001,韓国・朝鮮,06000,山形県,1980000000,1980年,人
30,00700,全域,002,女,213,65～69歳,001,韓国・朝鮮,07000,福島県,1980000000,1980年,人
45,00700,全域,002,女,213,65～69歳,001,韓国・朝鮮,08000,茨城県,1980000000,1980年,人
25,00700,全域,002,女,213,65～69歳,001,韓国・朝鮮,09000,栃木県,1980000000,1980年,人
35,00700,全域,002,女,213,65～69歳,001,韓国・朝鮮,10000,群馬県,1980000000,1980年,人
74,00700,全域,002,女,213,65～69歳,001,韓国・朝鮮,11000,埼玉県,1980000000,1980年,人
91,00700,全域,002,女,213,65～69歳,001,韓国・朝鮮,12000,千葉県,1980000000,1980年,人
589,00700,全域,002,女,213,65～69歳,001,韓国・朝鮮,13000,東京都,1980000000,1980年,人
237,00700,全域,002,女,213,65～69歳,001,韓国・朝鮮,14000,神奈川県,1980000000,1980年,人
17,00700,全域,002,女,213,65～69歳,001,韓国・朝鮮,15000,新潟県,1980000000,1980年,人
25,00700,全域,002,女,213,65～69歳,001,韓国・朝鮮,16000,富山県,1980000000,1980年,人
41,00700,全域,002,女,213,65～69歳,001,韓国・朝鮮,17000,石川県,1980000000,1980年,人
55,00700,全域,002,女,213,65～69歳,001,韓国・朝鮮,18000,福井県,1980000000,1980年,人
22,00700,全域,002,女,213,65～69歳,001,韓国・朝鮮,19000,山梨県,1980000000,1980年,人
60,00700,全域,002,女,213,65～69歳,001,韓国・朝鮮,20000,長野県,1980000000,1980年,人
106,00700,全域,002,女,213,65～69歳,001,韓国・朝鮮,21000,岐阜県,1980000000,1980年,人
77,00700,全域,002,女,213,65～69歳,001,韓国・朝鮮,22000,静岡県,1980000000,1980年,人
582,00700,全域,002,女,213,65～69歳,001,韓国・朝鮮,23000,愛知県,1980000000,1980年,人
111,00700,全域,002,女,213,65～69歳,001,韓国・朝鮮,24000,三重県,1980000000,1980年,人
72,00700,全域,002,女,213,65～69歳,001,韓国・朝鮮,25000,滋賀県,1980000000,1980年,人
521,00700,全域,002,女,213,65～69歳,001,韓国・朝鮮,26000,京都府,1980000000,1980年,人
2088,00700,全域,002,女,213,65～69歳,001,韓国・朝鮮,27000,大阪府,1980000000,1980年,人
715,00700,全域,002,女,213,65～69歳,001,韓国・朝鮮,28000,兵庫県,1980000000,1980年,人
60,00700,全域,002,女,213,65～69歳,001,韓国・朝鮮,29000,奈良県,1980000000,1980年,人
62,00700,全域,002,女,213,65～69歳,001,韓国・朝鮮,30000,和歌山県,1980000000,1980年,人
19,00700,全域,002,女,213,65～69歳,001,韓国・朝鮮,31000,鳥取県,1980000000,1980年,人
22,00700,全域,002,女,213,65～69歳,001,韓国・朝鮮,32000,島根県,1980000000,1980年,人
103,00700,全域,002,女,213,65～69歳,001,韓国・朝鮮,33000,岡山県,1980000000,1980年,人
177,00700,全域,002,女,213,65～69歳,001,韓国・朝鮮,34000,広島県,1980000000,1980年,人
204,00700,全域,002,女,213,65～69歳,001,韓国・朝鮮,35000,山口県,1980000000,1980年,人
3,00700,全域,002,女,213,65～69歳,001,韓国・朝鮮,36000,徳島県,1980000000,1980年,人
14,00700,全域,002,女,213,65～69歳,001,韓国・朝鮮,37000,香川県,1980000000,1980年,人
24,00700,全域,002,女,213,65～69歳,001,韓国・朝鮮,38000,愛媛県,1980000000,1980年,人
8,00700,全域,002,女,213,65～69歳,001,韓国・朝鮮,39000,高知県,1980000000,1980年,人
285,00700,全域,002,女,213,65～69歳,001,韓国・朝鮮,40000,福岡県,1980000000,1980年,人
26,00700,全域,002,女,213,65～69歳,001,韓国・朝鮮,41000,佐賀県,1980000000,1980年,人
31,00700,全域,002,女,213,65～69歳,001,韓国・朝鮮,42000,長崎県,1980000000,1980年,人
21,00700,全域,002,女,213,65～69歳,001,韓国・朝鮮,43000,熊本県,1980000000,1980年,人
48,00700,全域,002,女,213,65～69歳,001,韓国・朝鮮,44000,大分県,1980000000,1980年,人
8,00700,全域,002,女,213,65～69歳,001,韓国・朝鮮,45000,宮崎県,1980000000,1980年,人
3,00700,全域,002,女,213,65～69歳,001,韓国・朝鮮,46000,鹿児島県,1980000000,1980年,人
2,00700,全域,002,女,213,65～69歳,001,韓国・朝鮮,47000,沖縄県,1980000000,1980年,人
492,00700,全域,002,女,213,65～69歳,002,中国,00000,全国,1980000000,1980年,人
458,00700,全域,002,女,213,65～69歳,002,中国,00001,全国市部,1980000000,1980年,人
34,00700,全域,002,女,213,65～69歳,002,中国,00002,全国郡部,1980000000,1980年,人
11,00700,全域,002,女,213,65～69歳,002,中国,01000,北海道,1980000000,1980年,人
2,00700,全域,002,女,213,65～69歳,002,中国,02000,青森県,1980000000,1980年,人
3,00700,全域,002,女,213,65～69歳,002,中国,04000,宮城県,1980000000,1980年,人
4,00700,全域,002,女,213,65～69歳,002,中国,06000,山形県,1980000000,1980年,人
1,00700,全域,002,女,213,65～69歳,002,中国,07000,福島県,1980000000,1980年,人
1,00700,全域,002,女,213,65～69歳,002,中国,08000,茨城県,1980000000,1980年,人
1,00700,全域,002,女,213,65～69歳,002,中国,09000,栃木県,1980000000,1980年,人
4,00700,全域,002,女,213,65～69歳,002,中国,10000,群馬県,1980000000,1980年,人
3,00700,全域,002,女,213,65～69歳,002,中国,11000,埼玉県,1980000000,1980年,人
15,00700,全域,002,女,213,65～69歳,002,中国,12000,千葉県,1980000000,1980年,人
89,00700,全域,002,女,213,65～69歳,002,中国,13000,東京都,1980000000,1980年,人
89,00700,全域,002,女,213,65～69歳,002,中国,14000,神奈川県,1980000000,1980年,人
7,00700,全域,002,女,213,65～69歳,002,中国,15000,新潟県,1980000000,1980年,人
1,00700,全域,002,女,213,65～69歳,002,中国,17000,石川県,1980000000,1980年,人
1,00700,全域,002,女,213,65～69歳,002,中国,18000,福井県,1980000000,1980年,人
1,00700,全域,002,女,213,65～69歳,002,中国,19000,山梨県,1980000000,1980年,人
3,00700,全域,002,女,213,65～69歳,002,中国,20000,長野県,1980000000,1980年,人
2,00700,全域,002,女,213,65～69歳,002,中国,21000,岐阜県,1980000000,1980年,人
5,00700,全域,002,女,213,65～69歳,002,中国,22000,静岡県,1980000000,1980年,人
8,00700,全域,002,女,213,65～69歳,002,中国,23000,愛知県,1980000000,1980年,人
2,00700,全域,002,女,213,65～69歳,002,中国,24000,三重県,1980000000,1980年,人
1,00700,全域,002,女,213,65～69歳,002,中国,25000,滋賀県,1980000000,1980年,人
19,00700,全域,002,女,213,65～69歳,002,中国,26000,京都府,1980000000,1980年,人
43,00700,全域,002,女,213,65～69歳,002,中国,27000,大阪府,1980000000,1980年,人
107,00700,全域,002,女,213,65～69歳,002,中国,28000,兵庫県,1980000000,1980年,人
2,00700,全域,002,女,213,65～69歳,002,中国,29000,奈良県,1980000000,1980年,人
8,00700,全域,002,女,213,65～69歳,002,中国,30000,和歌山県,1980000000,1980年,人
2,00700,全域,002,女,213,65～69歳,002,中国,31000,鳥取県,1980000000,1980年,人
6,00700,全域,002,女,213,65～69歳,002,中国,32000,島根県,1980000000,1980年,人
3,00700,全域,002,女,213,65～69歳,002,中国,33000,岡山県,1980000000,1980年,人
2,00700,全域,002,女,213,65～69歳,002,中国,34000,広島県,1980000000,1980年,人
3,00700,全域,002,女,213,65～69歳,002,中国,35000,山口県,1980000000,1980年,人
1,00700,全域,002,女,213,65～69歳,002,中国,38000,愛媛県,1980000000,1980年,人
1,00700,全域,002,女,213,65～69歳,002,中国,39000,高知県,1980000000,1980年,人
8,00700,全域,002,女,213,65～69歳,002,中国,40000,福岡県,1980000000,1980年,人
12,00700,全域,002,女,213,65～69歳,002,中国,42000,長崎県,1980000000,1980年,人
5,00700,全域,002,女,213,65～69歳,002,中国,43000,熊本県,1980000000,1980年,人
5,00700,全域,002,女,213,65～69歳,002,中国,44000,大分県,1980000000,1980年,人
2,00700,全域,002,女,213,65～69歳,002,中国,45000,宮崎県,1980000000,1980年,人
5,00700,全域,002,女,213,65～69歳,002,中国,46000,鹿児島県,1980000000,1980年,人
4,00700,全域,002,女,213,65～69歳,002,中国,47000,沖縄県,1980000000,1980年,人
128,00700,全域,002,女,213,65～69歳,003,アメリカ,00000,全国,1980000000,1980年,人
108,00700,全域,002,女,213,65～69歳,003,アメリカ,00001,全国市部,1980000000,1980年,人
20,00700,全域,002,女,213,65～69歳,003,アメリカ,00002,全国郡部,1980000000,1980年,人
1,00700,全域,002,女,213,65～69歳,003,アメリカ,06000,山形県,1980000000,1980年,人
1,00700,全域,002,女,213,65～69歳,003,アメリカ,07000,福島県,1980000000,1980年,人
2,00700,全域,002,女,213,65～69歳,003,アメリカ,09000,栃木県,1980000000,1980年,人
1,00700,全域,002,女,213,65～69歳,003,アメリカ,10000,群馬県,1980000000,1980年,人
4,00700,全域,002,女,213,65～69歳,003,アメリカ,11000,埼玉県,1980000000,1980年,人
2,00700,全域,002,女,213,65～69歳,003,アメリカ,12000,千葉県,1980000000,1980年,人
45,00700,全域,002,女,213,65～69歳,003,アメリカ,13000,東京都,1980000000,1980年,人
12,00700,全域,002,女,213,65～69歳,003,アメリカ,14000,神奈川県,1980000000,1980年,人
1,00700,全域,002,女,213,65～69歳,003,アメリカ,20000,長野県,1980000000,1980年,人
1,00700,全域,002,女,213,65～69歳,003,アメリカ,21000,岐阜県,1980000000,1980年,人
1,00700,全域,002,女,213,65～69歳,003,アメリカ,22000,静岡県,1980000000,1980年,人
1,00700,全域,002,女,213,65～69歳,003,アメリカ,23000,愛知県,1980000000,1980年,人
3,00700,全域,002,女,213,65～69歳,003,アメリカ,26000,京都府,1980000000,1980年,人
4,00700,全域,002,女,213,65～69歳,003,アメリカ,27000,大阪府,1980000000,1980年,人
8,00700,全域,002,女,213,65～69歳,003,アメリカ,28000,兵庫県,1980000000,1980年,人
1,00700,全域,002,女,213,65～69歳,003,アメリカ,29000,奈良県,1980000000,1980年,人
2,00700,全域,002,女,213,65～69歳,003,アメリカ,30000,和歌山県,1980000000,1980年,人
1,00700,全域,002,女,213,65～69歳,003,アメリカ,31000,鳥取県,1980000000,1980年,人
2,00700,全域,002,女,213,65～69歳,003,アメリカ,33000,岡山県,1980000000,1980年,人
7,00700,全域,002,女,213,65～69歳,003,アメリカ,34000,広島県,1980000000,1980年,人
5,00700,全域,002,女,213,65～69歳,003,アメリカ,35000,山口県,1980000000,1980年,人
1,00700,全域,002,女,213,65～69歳,003,アメリカ,39000,高知県,1980000000,1980年,人
4,00700,全域,002,女,213,65～69歳,003,アメリカ,40000,福岡県,1980000000,1980年,人
5,00700,全域,002,女,213,65～69歳,003,アメリカ,42000,長崎県,1980000000,1980年,人
5,00700,全域,002,女,213,65～69歳,003,アメリカ,43000,熊本県,1980000000,1980年,人
2,00700,全域,002,女,213,65～69歳,003,アメリカ,45000,宮崎県,1980000000,1980年,人
6,00700,全域,002,女,213,65～69歳,003,アメリカ,47000,沖縄県,1980000000,1980年,人
129,00700,全域,002,女,213,65～69歳,004,その他,00000,全国,1980000000,1980年,人
120,00700,全域,002,女,213,65～69歳,004,その他,00001,全国市部,1980000000,1980年,人
9,00700,全域,002,女,213,65～69歳,004,その他,00002,全国郡部,1980000000,1980年,人
1,00700,全域,002,女,213,65～69歳,004,その他,02000,青森県,1980000000,1980年,人
5,00700,全域,002,女,213,65～69歳,004,その他,07000,福島県,1980000000,1980年,人
1,00700,全域,002,女,213,65～69歳,004,その他,08000,茨城県,1980000000,1980年,人
1,00700,全域,002,女,213,65～69歳,004,その他,10000,群馬県,1980000000,1980年,人
2,00700,全域,002,女,213,65～69歳,004,その他,11000,埼玉県,1980000000,1980年,人
3,00700,全域,002,女,213,65～69歳,004,その他,12000,千葉県,1980000000,1980年,人
37,00700,全域,002,女,213,65～69歳,004,その他,13000,東京都,1980000000,1980年,人
24,00700,全域,002,女,213,65～69歳,004,その他,14000,神奈川県,1980000000,1980年,人
1,00700,全域,002,女,213,65～69歳,004,その他,17000,石川県,1980000000,1980年,人
2,00700,全域,002,女,213,65～69歳,004,その他,19000,山梨県,1980000000,1980年,人
1,00700,全域,002,女,213,65～69歳,004,その他,20000,長野県,1980000000,1980年,人
1,00700,全域,002,女,213,65～69歳,004,その他,22000,静岡県,1980000000,1980年,人
2,00700,全域,002,女,213,65～69歳,004,その他,23000,愛知県,1980000000,1980年,人
3,00700,全域,002,女,213,65～69歳,004,その他,25000,滋賀県,1980000000,1980年,人
2,00700,全域,002,女,213,65～69歳,004,その他,26000,京都府,1980000000,1980年,人
7,00700,全域,002,女,213,65～69歳,004,その他,27000,大阪府,1980000000,1980年,人
26,00700,全域,002,女,213,65～69歳,004,その他,28000,兵庫県,1980000000,1980年,人
1,00700,全域,002,女,213,65～69歳,004,その他,29000,奈良県,1980000000,1980年,人
1,00700,全域,002,女,213,65～69歳,004,その他,31000,鳥取県,1980000000,1980年,人
1,00700,全域,002,女,213,65～69歳,004,その他,33000,岡山県,1980000000,1980年,人
2,00700,全域,002,女,213,65～69歳,004,その他,34000,広島県,1980000000,1980年,人
1,00700,全域,002,女,213,65～69歳,004,その他,40000,福岡県,1980000000,1980年,人
1,00700,全域,002,女,213,65～69歳,004,その他,44000,大分県,1980000000,1980年,人
1,00700,全域,002,女,213,65～69歳,004,その他,46000,鹿児島県,1980000000,1980年,人
2,00700,全域,002,女,213,65～69歳,004,その他,47000,沖縄県,1980000000,1980年,人
5301,00700,全域,002,女,214,70～74歳,000,国籍総数,00000,全国,1980000000,1980年,人
4838,00700,全域,002,女,214,70～74歳,000,国籍総数,00001,全国市部,1980000000,1980年,人
463,00700,全域,002,女,214,70～74歳,000,国籍総数,00002,全国郡部,1980000000,1980年,人
38,00700,全域,002,女,214,70～74歳,000,国籍総数,01000,北海道,1980000000,1980年,人
8,00700,全域,002,女,214,70～74歳,000,国籍総数,02000,青森県,1980000000,1980年,人
8,00700,全域,002,女,214,70～74歳,000,国籍総数,03000,岩手県,1980000000,1980年,人
21,00700,全域,002,女,214,70～74歳,000,国籍総数,04000,宮城県,1980000000,1980年,人
6,00700,全域,002,女,214,70～74歳,000,国籍総数,05000,秋田県,1980000000,1980年,人
3,00700,全域,002,女,214,70～74歳,000,国籍総数,06000,山形県,1980000000,1980年,人
25,00700,全域,002,女,214,70～74歳,000,国籍総数,07000,福島県,1980000000,1980年,人
30,00700,全域,002,女,214,70～74歳,000,国籍総数,08000,茨城県,1980000000,1980年,人
15,00700,全域,002,女,214,70～74歳,000,国籍総数,09000,栃木県,1980000000,1980年,人
16,00700,全域,002,女,214,70～74歳,000,国籍総数,10000,群馬県,1980000000,1980年,人
47,00700,全域,002,女,214,70～74歳,000,国籍総数,11000,埼玉県,1980000000,1980年,人
71,00700,全域,002,女,214,70～74歳,000,国籍総数,12000,千葉県,1980000000,1980年,人
474,00700,全域,002,女,214,70～74歳,000,国籍総数,13000,東京都,1980000000,1980年,人
283,00700,全域,002,女,214,70～74歳,000,国籍総数,14000,神奈川県,1980000000,1980年,人
20,00700,全域,002,女,214,70～74歳,000,国籍総数,15000,新潟県,1980000000,1980年,人
15,00700,全域,002,女,214,70～74歳,000,国籍総数,16000,富山県,1980000000,1980年,人
30,00700,全域,002,女,214,70～74歳,000,国籍総数,17000,石川県,1980000000,1980年,人
48,00700,全域,002,女,214,70～74歳,000,国籍総数,18000,福井県,1980000000,1980年,人
13,00700,全域,002,女,214,70～74歳,000,国籍総数,19000,山梨県,1980000000,1980年,人
32,00700,全域,002,女,214,70～74歳,000,国籍総数,20000,長野県,1980000000,1980年,人
85,00700,全域,002,女,214,70～74歳,000,国籍総数,21000,岐阜県,1980000000,1980年,人
51,00700,全域,002,女,214,70～74歳,000,国籍総数,22000,静岡県,1980000000,1980年,人
392,00700,全域,002,女,214,70～74歳,000,国籍総数,23000,愛知県,1980000000,1980年,人
67,00700,全域,002,女,214,70～74歳,000,国籍総数,24000,三重県,1980000000,1980年,人
59,00700,全域,002,女,214,70～74歳,000,国籍総数,25000,滋賀県,1980000000,1980年,人
410,00700,全域,002,女,214,70～74歳,000,国籍総数,26000,京都府,1980000000,1980年,人
1483,00700,全域,002,女,214,70～74歳,000,国籍総数,27000,大阪府,1980000000,1980年,人
682,00700,全域,002,女,214,70～74歳,000,国籍総数,28000,兵庫県,1980000000,1980年,人
54,00700,全域,002,女,214,70～74歳,000,国籍総数,29000,奈良県,1980000000,1980年,人
37,00700,全域,002,女,214,70～74歳,000,国籍総数,30000,和歌山県,1980000000,1980年,人
15,00700,全域,002,女,214,70～74歳,000,国籍総数,31000,鳥取県,1980000000,1980年,人
21,00700,全域,002,女,214,70～74歳,000,国籍総数,32000,島根県,1980000000,1980年,人
98,00700,全域,002,女,214,70～74歳,000,国籍総数,33000,岡山県,1980000000,1980年,人
141,00700,全域,002,女,214,70～74歳,000,国籍総数,34000,広島県,1980000000,1980年,人
132,00700,全域,002,女,214,70～74歳,000,国籍総数,35000,山口県,1980000000,1980年,人
8,00700,全域,002,女,214,70～74歳,000,国籍総数,36000,徳島県,1980000000,1980年,人
8,00700,全域,002,女,214,70～74歳,000,国籍総数,37000,香川県,1980000000,1980年,人
14,00700,全域,002,女,214,70～74歳,000,国籍総数,38000,愛媛県,1980000000,1980年,人
5,00700,全域,002,女,214,70～74歳,000,国籍総数,39000,高知県,1980000000,1980年,人
219,00700,全域,002,女,214,70～74歳,000,国籍総数,40000,福岡県,1980000000,1980年,人
14,00700,全域,002,女,214,70～74歳,000,国籍総数,41000,佐賀県,1980000000,1980年,人
31,00700,全域,002,女,214,70～74歳,000,国籍総数,42000,長崎県,1980000000,1980年,人
21,00700,全域,002,女,214,70～74歳,000,国籍総数,43000,熊本県,1980000000,1980年,人
25,00700,全域,002,女,214,70～74歳,000,国籍総数,44000,大分県,1980000000,1980年,人
10,00700,全域,002,女,214,70～74歳,000,国籍総数,45000,宮崎県,1980000000,1980年,人
9,00700,全域,002,女,214,70～74歳,000,国籍総数,46000,鹿児島県,1980000000,1980年,人
7,00700,全域,002,女,214,70～74歳,000,国籍総数,47000,沖縄県,1980000000,1980年,人
4607,00700,全域,002,女,214,70～74歳,001,韓国・朝鮮,00000,全国,1980000000,1980年,人
4202,00700,全域,002,女,214,70～74歳,001,韓国・朝鮮,00001,全国市部,1980000000,1980年,人
405,00700,全域,002,女,214,70～74歳,001,韓国・朝鮮,00002,全国郡部,1980000000,1980年,人
29,00700,全域,002,女,214,70～74歳,001,韓国・朝鮮,01000,北海道,1980000000,1980年,人
5,00700,全域,002,女,214,70～74歳,001,韓国・朝鮮,02000,青森県,1980000000,1980年,人
5,00700,全域,002,女,214,70～74歳,001,韓国・朝鮮,03000,岩手県,1980000000,1980年,人
11,00700,全域,002,女,214,70～74歳,001,韓国・朝鮮,04000,宮城県,1980000000,1980年,人
4,00700,全域,002,女,214,70～74歳,001,韓国・朝鮮,05000,秋田県,1980000000,1980年,人
2,00700,全域,002,女,214,70～74歳,001,韓国・朝鮮,06000,山形県,1980000000,1980年,人
17,00700,全域,002,女,214,70～74歳,001,韓国・朝鮮,07000,福島県,1980000000,1980年,人
27,00700,全域,002,女,214,70～74歳,001,韓国・朝鮮,08000,茨城県,1980000000,1980年,人
10,00700,全域,002,女,214,70～74歳,001,韓国・朝鮮,09000,栃木県,1980000000,1980年,人
12,00700,全域,002,女,214,70～74歳,001,韓国・朝鮮,10000,群馬県,1980000000,1980年,人
42,00700,全域,002,女,214,70～74歳,001,韓国・朝鮮,11000,埼玉県,1980000000,1980年,人
58,00700,全域,002,女,214,70～74歳,001,韓国・朝鮮,12000,千葉県,1980000000,1980年,人
350,00700,全域,002,女,214,70～74歳,001,韓国・朝鮮,13000,東京都,1980000000,1980年,人
171,00700,全域,002,女,214,70～74歳,001,韓国・朝鮮,14000,神奈川県,1980000000,1980年,人
15,00700,全域,002,女,214,70～74歳,001,韓国・朝鮮,15000,新潟県,1980000000,1980年,人
13,00700,全域,002,女,214,70～74歳,001,韓国・朝鮮,16000,富山県,1980000000,1980年,人
26,00700,全域,002,女,214,70～74歳,001,韓国・朝鮮,17000,石川県,1980000000,1980年,人
47,00700,全域,002,女,214,70～74歳,001,韓国・朝鮮,18000,福井県,1980000000,1980年,人
10,00700,全域,002,女,214,70～74歳,001,韓国・朝鮮,19000,山梨県,1980000000,1980年,人
29,00700,全域,002,女,214,70～74歳,001,韓国・朝鮮,20000,長野県,1980000000,1980年,人
82,00700,全域,002,女,214,70～74歳,001,韓国・朝鮮,21000,岐阜県,1980000000,1980年,人
41,00700,全域,002,女,214,70～74歳,001,韓国・朝鮮,22000,静岡県,1980000000,1980年,人
380,00700,全域,002,女,214,70～74歳,001,韓国・朝鮮,23000,愛知県,1980000000,1980年,人
62,00700,全域,002,女,214,70～74歳,001,韓国・朝鮮,24000,三重県,1980000000,1980年,人
57,00700,全域,002,女,214,70～74歳,001,韓国・朝鮮,25000,滋賀県,1980000000,1980年,人
390,00700,全域,002,女,214,70～74歳,001,韓国・朝鮮,26000,京都府,1980000000,1980年,人
1425,00700,全域,002,女,214,70～74歳,001,韓国・朝鮮,27000,大阪府,1980000000,1980年,人
533,00700,全域,002,女,214,70～74歳,001,韓国・朝鮮,28000,兵庫県,1980000000,1980年,人
48,00700,全域,002,女,214,70～74歳,001,韓国・朝鮮,29000,奈良県,1980000000,1980年,人
35,00700,全域,002,女,214,70～74歳,001,韓国・朝鮮,30000,和歌山県,1980000000,1980年,人
11,00700,全域,002,女,214,70～74歳,001,韓国・朝鮮,31000,鳥取県,1980000000,1980年,人
19,00700,全域,002,女,214,70～74歳,001,韓国・朝鮮,32000,島根県,1980000000,1980年,人
91,00700,全域,002,女,214,70～74歳,001,韓国・朝鮮,33000,岡山県,1980000000,1980年,人
128,00700,全域,002,女,214,70～74歳,001,韓国・朝鮮,34000,広島県,1980000000,1980年,人
121,00700,全域,002,女,214,70～74歳,001,韓国・朝鮮,35000,山口県,1980000000,1980年,人
3,00700,全域,002,女,214,70～74歳,001,韓国・朝鮮,36000,徳島県,1980000000,1980年,人
5,00700,全域,002,女,214,70～74歳,001,韓国・朝鮮,37000,香川県,1980000000,1980年,人
12,00700,全域,002,女,214,70～74歳,001,韓国・朝鮮,38000,愛媛県,1980000000,1980年,人
4,00700,全域,002,女,214,70～74歳,001,韓国・朝鮮,39000,高知県,1980000000,1980年,人
200,00700,全域,002,女,214,70～74歳,001,韓国・朝鮮,40000,福岡県,1980000000,1980年,人
10,00700,全域,002,女,214,70～74歳,001,韓国・朝鮮,41000,佐賀県,1980000000,1980年,人
23,00700,全域,002,女,214,70～74歳,001,韓国・朝鮮,42000,長崎県,1980000000,1980年,人
12,00700,全域,002,女,214,70～74歳,001,韓国・朝鮮,43000,熊本県,1980000000,1980年,人
20,00700,全域,002,女,214,70～74歳,001,韓国・朝鮮,44000,大分県,1980000000,1980年,人
7,00700,全域,002,女,214,70～74歳,001,韓国・朝鮮,45000,宮崎県,1980000000,1980年,人
5,00700,全域,002,女,214,70～74歳,001,韓国・朝鮮,46000,鹿児島県,1980000000,1980年,人
323,00700,全域,002,女,214,70～74歳,002,中国,00000,全国,1980000000,1980年,人
307,00700,全域,002,女,214,70～74歳,002,中国,00001,全国市部,1980000000,1980年,人
16,00700,全域,002,女,214,70～74歳,002,中国,00002,全国郡部,1980000000,1980年,人
3,00700,全域,002,女,214,70～74歳,002,中国,01000,北海道,1980000000,1980年,人
2,00700,全域,002,女,214,70～74歳,002,中国,02000,青森県,1980000000,1980年,人
3,00700,全域,002,女,214,70～74歳,002,中国,03000,岩手県,1980000000,1980年,人
6,00700,全域,002,女,214,70～74歳,002,中国,04000,宮城県,1980000000,1980年,人
1,00700,全域,002,女,214,70～74歳,002,中国,08000,茨城県,1980000000,1980年,人
3,00700,全域,002,女,214,70～74歳,002,中国,09000,栃木県,1980000000,1980年,人
2,00700,全域,002,女,214,70～74歳,002,中国,10000,群馬県,1980000000,1980年,人
1,00700,全域,002,女,214,70～74歳,002,中国,11000,埼玉県,1980000000,1980年,人
6,00700,全域,002,女,214,70～74歳,002,中国,12000,千葉県,1980000000,1980年,人
45,00700,全域,002,女,214,70～74歳,002,中国,13000,東京都,1980000000,1980年,人
63,00700,全域,002,女,214,70～74歳,002,中国,14000,神奈川県,1980000000,1980年,人
2,00700,全域,002,女,214,70～74歳,002,中国,15000,新潟県,1980000000,1980年,人
1,00700,全域,002,女,214,70～74歳,002,中国,17000,石川県,1980000000,1980年,人
1,00700,全域,002,女,214,70～74歳,002,中国,20000,長野県,1980000000,1980年,人
3,00700,全域,002,女,214,70～74歳,002,中国,22000,静岡県,1980000000,1980年,人
3,00700,全域,002,女,214,70～74歳,002,中国,23000,愛知県,1980000000,1980年,人
1,00700,全域,002,女,214,70～74歳,002,中国,24000,三重県,1980000000,1980年,人
1,00700,全域,002,女,214,70～74歳,002,中国,25000,滋賀県,1980000000,1980年,人
8,00700,全域,002,女,214,70～74歳,002,中国,26000,京都府,1980000000,1980年,人
28,00700,全域,002,女,214,70～74歳,002,中国,27000,大阪府,1980000000,1980年,人
93,00700,全域,002,女,214,70～74歳,002,中国,28000,兵庫県,1980000000,1980年,人
1,00700,全域,002,女,214,70～74歳,002,中国,29000,奈良県,1980000000,1980年,人
1,00700,全域,002,女,214,70～74歳,002,中国,30000,和歌山県,1980000000,1980年,人
1,00700,全域,002,女,214,70～74歳,002,中国,31000,鳥取県,1980000000,1980年,人
2,00700,全域,002,女,214,70～74歳,002,中国,32000,島根県,1980000000,1980年,人
2,00700,全域,002,女,214,70～74歳,002,中国,33000,岡山県,1980000000,1980年,人
2,00700,全域,002,女,214,70～74歳,002,中国,35000,山口県,1980000000,1980年,人
1,00700,全域,002,女,214,70～74歳,002,中国,36000,徳島県,1980000000,1980年,人
2,00700,全域,002,女,214,70～74歳,002,中国,37000,香川県,1980000000,1980年,人
9,00700,全域,002,女,214,70～74歳,002,中国,40000,福岡県,1980000000,1980年,人
4,00700,全域,002,女,214,70～74歳,002,中国,41000,佐賀県,1980000000,1980年,人
7,00700,全域,002,女,214,70～74歳,002,中国,42000,長崎県,1980000000,1980年,人
6,00700,全域,002,女,214,70～74歳,002,中国,43000,熊本県,1980000000,1980年,人
2,00700,全域,002,女,214,70～74歳,002,中国,44000,大分県,1980000000,1980年,人
2,00700,全域,002,女,214,70～74歳,002,中国,45000,宮崎県,1980000000,1980年,人
3,00700,全域,002,女,214,70～74歳,002,中国,46000,鹿児島県,1980000000,1980年,人
2,00700,全域,002,女,214,70～74歳,002,中国,47000,沖縄県,1980000000,1980年,人
59,00700,全域,002,女,214,70～74歳,003,アメリカ,00000,全国,1980000000,1980年,人
52,00700,全域,002,女,214,70～74歳,003,アメリカ,00001,全国市部,1980000000,1980年,人
7,00700,全域,002,女,214,70～74歳,003,アメリカ,00002,全国郡部,1980000000,1980年,人
2,00700,全域,002,女,214,70～74歳,003,アメリカ,07000,福島県,1980000000,1980年,人
2,00700,全域,002,女,214,70～74歳,003,アメリカ,11000,埼玉県,1980000000,1980年,人
1,00700,全域,002,女,214,70～74歳,003,アメリカ,12000,千葉県,1980000000,1980年,人
23,00700,全域,002,女,214,70～74歳,003,アメリカ,13000,東京都,1980000000,1980年,人
5,00700,全域,002,女,214,70～74歳,003,アメリカ,14000,神奈川県,1980000000,1980年,人
1,00700,全域,002,女,214,70～74歳,003,アメリカ,19000,山梨県,1980000000,1980年,人
1,00700,全域,002,女,214,70～74歳,003,アメリカ,23000,愛知県,1980000000,1980年,人
1,00700,全域,002,女,214,70～74歳,003,アメリカ,24000,三重県,1980000000,1980年,人
2,00700,全域,002,女,214,70～74歳,003,アメリカ,26000,京都府,1980000000,1980年,人
3,00700,全域,002,女,214,70～74歳,003,アメリカ,27000,大阪府,1980000000,1980年,人
8,00700,全域,002,女,214,70～74歳,003,アメリカ,28000,兵庫県,1980000000,1980年,人
2,00700,全域,002,女,214,70～74歳,003,アメリカ,33000,岡山県,1980000000,1980年,人
6,00700,全域,002,女,214,70～74歳,003,アメリカ,34000,広島県,1980000000,1980年,人
1,00700,全域,002,女,214,70～74歳,003,アメリカ,35000,山口県,1980000000,1980年,人
1,00700,全域,002,女,214,70～74歳,003,アメリカ,47000,沖縄県,1980000000,1980年,人
125,00700,全域,002,女,214,70～74歳,004,その他,00000,全国,1980000000,1980年,人
121,00700,全域,002,女,214,70～74歳,004,その他,00001,全国市部,1980000000,1980年,人
4,00700,全域,002,女,214,70～74歳,004,その他,00002,全国郡部,1980000000,1980年,人
2,00700,全域,002,女,214,70～74歳,004,その他,01000,北海道,1980000000,1980年,人
2,00700,全域,002,女,214,70～74歳,004,その他,04000,宮城県,1980000000,1980年,人
1,00700,全域,002,女,214,70～74歳,004,その他,06000,山形県,1980000000,1980年,人
2,00700,全域,002,女,214,70～74歳,004,その他,07000,福島県,1980000000,1980年,人
1,00700,全域,002,女,214,70～74歳,004,その他,09000,栃木県,1980000000,1980年,人
36,00700,全域,002,女,214,70～74歳,004,その他,13000,東京都,1980000000,1980年,人
27,00700,全域,002,女,214,70～74歳,004,その他,14000,神奈川県,1980000000,1980年,人
1,00700,全域,002,女,214,70～74歳,004,その他,20000,長野県,1980000000,1980年,人
4,00700,全域,002,女,214,70～74歳,004,その他,22000,静岡県,1980000000,1980年,人
6,00700,全域,002,女,214,70～74歳,004,その他,23000,愛知県,1980000000,1980年,人
1,00700,全域,002,女,214,70～74歳,004,その他,26000,京都府,1980000000,1980年,人
3,00700,全域,002,女,214,70～74歳,004,その他,27000,大阪府,1980000000,1980年,人
25,00700,全域,002,女,214,70～74歳,004,その他,28000,兵庫県,1980000000,1980年,人
2,00700,全域,002,女,214,70～74歳,004,その他,34000,広島県,1980000000,1980年,人
3,00700,全域,002,女,214,70～74歳,004,その他,35000,山口県,1980000000,1980年,人
1,00700,全域,002,女,214,70～74歳,004,その他,37000,香川県,1980000000,1980年,人
2,00700,全域,002,女,214,70～74歳,004,その他,40000,福岡県,1980000000,1980年,人
2,00700,全域,002,女,214,70～74歳,004,その他,43000,熊本県,1980000000,1980年,人
2,00700,全域,002,女,214,70～74歳,004,その他,44000,大分県,1980000000,1980年,人
2,00700,全域,002,女,214,70～74歳,004,その他,47000,沖縄県,1980000000,1980年,人
2993,00700,全域,002,女,215,75～79歳,000,国籍総数,00000,全国,1980000000,1980年,人
2744,00700,全域,002,女,215,75～79歳,000,国籍総数,00001,全国市部,1980000000,1980年,人
249,00700,全域,002,女,215,75～79歳,000,国籍総数,00002,全国郡部,1980000000,1980年,人
29,00700,全域,002,女,215,75～79歳,000,国籍総数,01000,北海道,1980000000,1980年,人
8,00700,全域,002,女,215,75～79歳,000,国籍総数,02000,青森県,1980000000,1980年,人
7,00700,全域,002,女,215,75～79歳,000,国籍総数,03000,岩手県,1980000000,1980年,人
14,00700,全域,002,女,215,75～79歳,000,国籍総数,04000,宮城県,1980000000,1980年,人
6,00700,全域,002,女,215,75～79歳,000,国籍総数,05000,秋田県,1980000000,1980年,人
3,00700,全域,002,女,215,75～79歳,000,国籍総数,06000,山形県,1980000000,1980年,人
4,00700,全域,002,女,215,75～79歳,000,国籍総数,07000,福島県,1980000000,1980年,人
18,00700,全域,002,女,215,75～79歳,000,国籍総数,08000,茨城県,1980000000,1980年,人
4,00700,全域,002,女,215,75～79歳,000,国籍総数,09000,栃木県,1980000000,1980年,人
12,00700,全域,002,女,215,75～79歳,000,国籍総数,10000,群馬県,1980000000,1980年,人
25,00700,全域,002,女,215,75～79歳,000,国籍総数,11000,埼玉県,1980000000,1980年,人
39,00700,全域,002,女,215,75～79歳,000,国籍総数,12000,千葉県,1980000000,1980年,人
273,00700,全域,002,女,215,75～79歳,000,国籍総数,13000,東京都,1980000000,1980年,人
174,00700,全域,002,女,215,75～79歳,000,国籍総数,14000,神奈川県,1980000000,1980年,人
9,00700,全域,002,女,215,75～79歳,000,国籍総数,15000,新潟県,1980000000,1980年,人
10,00700,全域,002,女,215,75～79歳,000,国籍総数,16000,富山県,1980000000,1980年,人
14,00700,全域,002,女,215,75～79歳,000,国籍総数,17000,石川県,1980000000,1980年,人
19,00700,全域,002,女,215,75～79歳,000,国籍総数,18000,福井県,1980000000,1980年,人
4,00700,全域,002,女,215,75～79歳,000,国籍総数,19000,山梨県,1980000000,1980年,人
28,00700,全域,002,女,215,75～79歳,000,国籍総数,20000,長野県,1980000000,1980年,人
53,00700,全域,002,女,215,75～79歳,000,国籍総数,21000,岐阜県,1980000000,1980年,人
36,00700,全域,002,女,215,75～79歳,000,国籍総数,22000,静岡県,1980000000,1980年,人
250,00700,全域,002,女,215,75～79歳,000,国籍総数,23000,愛知県,1980000000,1980年,人
37,00700,全域,002,女,215,75～79歳,000,国籍総数,24000,三重県,1980000000,1980年,人
28,00700,全域,002,女,215,75～79歳,000,国籍総数,25000,滋賀県,1980000000,1980年,人
202,00700,全域,002,女,215,75～79歳,000,国籍総数,26000,京都府,1980000000,1980年,人
837,00700,全域,002,女,215,75～79歳,000,国籍総数,27000,大阪府,1980000000,1980年,人
327,00700,全域,002,女,215,75～79歳,000,国籍総数,28000,兵庫県,1980000000,1980年,人
27,00700,全域,002,女,215,75～79歳,000,国籍総数,29000,奈良県,1980000000,1980年,人
34,00700,全域,002,女,215,75～79歳,000,国籍総数,30000,和歌山県,1980000000,1980年,人
12,00700,全域,002,女,215,75～79歳,000,国籍総数,31000,鳥取県,1980000000,1980年,人
11,00700,全域,002,女,215,75～79歳,000,国籍総数,32000,島根県,1980000000,1980年,人
48,00700,全域,002,女,215,75～79歳,000,国籍総数,33000,岡山県,1980000000,1980年,人
79,00700,全域,002,女,215,75～79歳,000,国籍総数,34000,広島県,1980000000,1980年,人
76,00700,全域,002,女,215,75～79歳,000,国籍総数,35000,山口県,1980000000,1980年,人
4,00700,全域,002,女,215,75～79歳,000,国籍総数,36000,徳島県,1980000000,1980年,人
6,00700,全域,002,女,215,75～79歳,000,国籍総数,37000,香川県,1980000000,1980年,人
10,00700,全域,002,女,215,75～79歳,000,国籍総数,38000,愛媛県,1980000000,1980年,人
127,00700,全域,002,女,215,75～79歳,000,国籍総数,40000,福岡県,1980000000,1980年,人
10,00700,全域,002,女,215,75～79歳,000,国籍総数,41000,佐賀県,1980000000,1980年,人
18,00700,全域,002,女,215,75～79歳,000,国籍総数,42000,長崎県,1980000000,1980年,人
15,00700,全域,002,女,215,75～79歳,000,国籍総数,43000,熊本県,1980000000,1980年,人
21,00700,全域,002,女,215,75～79歳,000,国籍総数,44000,大分県,1980000000,1980年,人
6,00700,全域,002,女,215,75～79歳,000,国籍総数,45000,宮崎県,1980000000,1980年,人
11,00700,全域,002,女,215,75～79歳,000,国籍総数,46000,鹿児島県,1980000000,1980年,人
8,00700,全域,002,女,215,75～79歳,000,国籍総数,47000,沖縄県,1980000000,1980年,人
2568,00700,全域,002,女,215,75～79歳,001,韓国・朝鮮,00000,全国,1980000000,1980年,人
2373,00700,全域,002,女,215,75～79歳,001,韓国・朝鮮,00001,全国市部,1980000000,1980年,人
195,00700,全域,002,女,215,75～79歳,001,韓国・朝鮮,00002,全国郡部,1980000000,1980年,人
24,00700,全域,002,女,215,75～79歳,001,韓国・朝鮮,01000,北海道,1980000000,1980年,人
7,00700,全域,002,女,215,75～79歳,001,韓国・朝鮮,02000,青森県,1980000000,1980年,人
4,00700,全域,002,女,215,75～79歳,001,韓国・朝鮮,03000,岩手県,1980000000,1980年,人
9,00700,全域,002,女,215,75～79歳,001,韓国・朝鮮,04000,宮城県,1980000000,1980年,人
4,00700,全域,002,女,215,75～79歳,001,韓国・朝鮮,05000,秋田県,1980000000,1980年,人
3,00700,全域,002,女,215,75～79歳,001,韓国・朝鮮,06000,山形県,1980000000,1980年,人
4,00700,全域,002,女,215,75～79歳,001,韓国・朝鮮,07000,福島県,1980000000,1980年,人
15,00700,全域,002,女,215,75～79歳,001,韓国・朝鮮,08000,茨城県,1980000000,1980年,人
2,00700,全域,002,女,215,75～79歳,001,韓国・朝鮮,09000,栃木県,1980000000,1980年,人
7,00700,全域,002,女,215,75～79歳,001,韓国・朝鮮,10000,群馬県,1980000000,1980年,人
22,00700,全域,002,女,215,75～79歳,001,韓国・朝鮮,11000,埼玉県,1980000000,1980年,人
34,00700,全域,002,女,215,75～79歳,001,韓国・朝鮮,12000,千葉県,1980000000,1980年,人
196,00700,全域,002,女,215,75～79歳,001,韓国・朝鮮,13000,東京都,1980000000,1980年,人
109,00700,全域,002,女,215,75～79歳,001,韓国・朝鮮,14000,神奈川県,1980000000,1980年,人
6,00700,全域,002,女,215,75～79歳,001,韓国・朝鮮,15000,新潟県,1980000000,1980年,人
10,00700,全域,002,女,215,75～79歳,001,韓国・朝鮮,16000,富山県,1980000000,1980年,人
13,00700,全域,002,女,215,75～79歳,001,韓国・朝鮮,17000,石川県,1980000000,1980年,人
18,00700,全域,002,女,215,75～79歳,001,韓国・朝鮮,18000,福井県,1980000000,1980年,人
4,00700,全域,002,女,215,75～79歳,001,韓国・朝鮮,19000,山梨県,1980000000,1980年,人
25,00700,全域,002,女,215,75～79歳,001,韓国・朝鮮,20000,長野県,1980000000,1980年,人
50,00700,全域,002,女,215,75～79歳,001,韓国・朝鮮,21000,岐阜県,1980000000,1980年,人
27,00700,全域,002,女,215,75～79歳,001,韓国・朝鮮,22000,静岡県,1980000000,1980年,人
236,00700,全域,002,女,215,75～79歳,001,韓国・朝鮮,23000,愛知県,1980000000,1980年,人
31,00700,全域,002,女,215,75～79歳,001,韓国・朝鮮,24000,三重県,1980000000,1980年,人
25,00700,全域,002,女,215,75～79歳,001,韓国・朝鮮,25000,滋賀県,1980000000,1980年,人
193,00700,全域,002,女,215,75～79歳,001,韓国・朝鮮,26000,京都府,1980000000,1980年,人
800,00700,全域,002,女,215,75～79歳,001,韓国・朝鮮,27000,大阪府,1980000000,1980年,人
268,00700,全域,002,女,215,75～79歳,001,韓国・朝鮮,28000,兵庫県,1980000000,1980年,人
21,00700,全域,002,女,215,75～79歳,001,韓国・朝鮮,29000,奈良県,1980000000,1980年,人
25,00700,全域,002,女,215,75～79歳,001,韓国・朝鮮,30000,和歌山県,1980000000,1980年,人
10,00700,全域,002,女,215,75～79歳,001,韓国・朝鮮,31000,鳥取県,1980000000,1980年,人
7,00700,全域,002,女,215,75～79歳,001,韓国・朝鮮,32000,島根県,1980000000,1980年,人
44,00700,全域,002,女,215,75～79歳,001,韓国・朝鮮,33000,岡山県,1980000000,1980年,人
66,00700,全域,002,女,215,75～79歳,001,韓国・朝鮮,34000,広島県,1980000000,1980年,人
70,00700,全域,002,女,215,75～79歳,001,韓国・朝鮮,35000,山口県,1980000000,1980年,人
2,00700,全域,002,女,215,75～79歳,001,韓国・朝鮮,36000,徳島県,1980000000,1980年,人
6,00700,全域,002,女,215,75～79歳,001,韓国・朝鮮,37000,香川県,1980000000,1980年,人
7,00700,全域,002,女,215,75～79歳,001,韓国・朝鮮,38000,愛媛県,1980000000,1980年,人
118,00700,全域,002,女,215,75～79歳,001,韓国・朝鮮,40000,福岡県,1980000000,1980年,人
8,00700,全域,002,女,215,75～79歳,001,韓国・朝鮮,41000,佐賀県,1980000000,1980年,人
8,00700,全域,002,女,215,75～79歳,001,韓国・朝鮮,42000,長崎県,1980000000,1980年,人
9,00700,全域,002,女,215,75～79歳,001,韓国・朝鮮,43000,熊本県,1980000000,1980年,人
17,00700,全域,002,女,215,75～79歳,001,韓国・朝鮮,44000,大分県,1980000000,1980年,人
4,00700,全域,002,女,215,75～79歳,001,韓国・朝鮮,45000,宮崎県,1980000000,1980年,人
172,00700,全域,002,女,215,75～79歳,002,中国,00000,全国,1980000000,1980年,人
161,00700,全域,002,女,215,75～79歳,002,中国,00001,全国市部,1980000000,1980年,人
11,00700,全域,002,女,215,75～79歳,002,中国,00002,全国郡部,1980000000,1980年,人
1,00700,全域,002,女,215,75～79歳,002,中国,01000,北海道,1980000000,1980年,人
3,00700,全域,002,女,215,75～79歳,002,中国,04000,宮城県,1980000000,1980年,人
1,00700,全域,002,女,215,75～79歳,002,中国,10000,群馬県,1980000000,1980年,人
1,00700,全域,002,女,215,75～79歳,002,中国,11000,埼玉県,1980000000,1980年,人
3,00700,全域,002,女,215,75～79歳,002,中国,12000,千葉県,1980000000,1980年,人
31,00700,全域,002,女,215,75～79歳,002,中国,13000,東京都,1980000000,1980年,人
35,00700,全域,002,女,215,75～79歳,002,中国,14000,神奈川県,1980000000,1980年,人
1,00700,全域,002,女,215,75～79歳,002,中国,17000,石川県,1980000000,1980年,人
2,00700,全域,002,女,215,75～79歳,002,中国,21000,岐阜県,1980000000,1980年,人
1,00700,全域,002,女,215,75～79歳,002,中国,22000,静岡県,1980000000,1980年,人
1,00700,全域,002,女,215,75～79歳,002,中国,23000,愛知県,1980000000,1980年,人
2,00700,全域,002,女,215,75～79歳,002,中国,24000,三重県,1980000000,1980年,人
2,00700,全域,002,女,215,75～79歳,002,中国,25000,滋賀県,1980000000,1980年,人
3,00700,全域,002,女,215,75～79歳,002,中国,26000,京都府,1980000000,1980年,人
14,00700,全域,002,女,215,75～79歳,002,中国,27000,大阪府,1980000000,1980年,人
38,00700,全域,002,女,215,75～79歳,002,中国,28000,兵庫県,1980000000,1980年,人
3,00700,全域,002,女,215,75～79歳,002,中国,29000,奈良県,1980000000,1980年,人
5,00700,全域,002,女,215,75～79歳,002,中国,30000,和歌山県,1980000000,1980年,人
2,00700,全域,002,女,215,75～79歳,002,中国,32000,島根県,1980000000,1980年,人
2,00700,全域,002,女,215,75～79歳,002,中国,34000,広島県,1980000000,1980年,人
1,00700,全域,002,女,215,75～79歳,002,中国,35000,山口県,1980000000,1980年,人
1,00700,全域,002,女,215,75～79歳,002,中国,38000,愛媛県,1980000000,1980年,人
1,00700,全域,002,女,215,75～79歳,002,中国,40000,福岡県,1980000000,1980年,人
7,00700,全域,002,女,215,75～79歳,002,中国,42000,長崎県,1980000000,1980年,人
1,00700,全域,002,女,215,75～79歳,002,中国,43000,熊本県,1980000000,1980年,人
1,00700,全域,002,女,215,75～79歳,002,中国,44000,大分県,1980000000,1980年,人
1,00700,全域,002,女,215,75～79歳,002,中国,45000,宮崎県,1980000000,1980年,人
6,00700,全域,002,女,215,75～79歳,002,中国,46000,鹿児島県,1980000000,1980年,人
2,00700,全域,002,女,215,75～79歳,002,中国,47000,沖縄県,1980000000,1980年,人
39,00700,全域,002,女,215,75～79歳,003,アメリカ,00000,全国,1980000000,1980年,人
31,00700,全域,002,女,215,75～79歳,003,アメリカ,00001,全国市部,1980000000,1980年,人
8,00700,全域,002,女,215,75～79歳,003,アメリカ,00002,全国郡部,1980000000,1980年,人
1,00700,全域,002,女,215,75～79歳,003,アメリカ,01000,北海道,1980000000,1980年,人
2,00700,全域,002,女,215,75～79歳,003,アメリカ,04000,宮城県,1980000000,1980年,人
6,00700,全域,002,女,215,75～79歳,003,アメリカ,13000,東京都,1980000000,1980年,人
7,00700,全域,002,女,215,75～79歳,003,アメリカ,14000,神奈川県,1980000000,1980年,人
1,00700,全域,002,女,215,75～79歳,003,アメリカ,22000,静岡県,1980000000,1980年,人
1,00700,全域,002,女,215,75～79歳,003,アメリカ,23000,愛知県,1980000000,1980年,人
2,00700,全域,002,女,215,75～79歳,003,アメリカ,26000,京都府,1980000000,1980年,人
2,00700,全域,002,女,215,75～79歳,003,アメリカ,27000,大阪府,1980000000,1980年,人
1,00700,全域,002,女,215,75～79歳,003,アメリカ,28000,兵庫県,1980000000,1980年,人
2,00700,全域,002,女,215,75～79歳,003,アメリカ,30000,和歌山県,1980000000,1980年,人
1,00700,全域,002,女,215,75～79歳,003,アメリカ,31000,鳥取県,1980000000,1980年,人
1,00700,全域,002,女,215,75～79歳,003,アメリカ,33000,岡山県,1980000000,1980年,人
5,00700,全域,002,女,215,75～79歳,003,アメリカ,34000,広島県,1980000000,1980年,人
3,00700,全域,002,女,215,75～79歳,003,アメリカ,40000,福岡県,1980000000,1980年,人
1,00700,全域,002,女,215,75～79歳,003,アメリカ,42000,長崎県,1980000000,1980年,人
1,00700,全域,002,女,215,75～79歳,003,アメリカ,43000,熊本県,1980000000,1980年,人
1,00700,全域,002,女,215,75～79歳,003,アメリカ,44000,大分県,1980000000,1980年,人
1,00700,全域,002,女,215,75～79歳,003,アメリカ,47000,沖縄県,1980000000,1980年,人
92,00700,全域,002,女,215,75～79歳,004,その他,00000,全国,1980000000,1980年,人
83,00700,全域,002,女,215,75～79歳,004,その他,00001,全国市部,1980000000,1980年,人
9,00700,全域,002,女,215,75～79歳,004,その他,00002,全国郡部,1980000000,1980年,人
3,00700,全域,002,女,215,75～79歳,004,その他,01000,北海道,1980000000,1980年,人
1,00700,全域,002,女,215,75～79歳,004,その他,02000,青森県,1980000000,1980年,人
1,00700,全域,002,女,215,75～79歳,004,その他,09000,栃木県,1980000000,1980年,人
3,00700,全域,002,女,215,75～79歳,004,その他,10000,群馬県,1980000000,1980年,人
27,00700,全域,002,女,215,75～79歳,004,その他,13000,東京都,1980000000,1980年,人
15,00700,全域,002,女,215,75～79歳,004,その他,14000,神奈川県,1980000000,1980年,人
1,00700,全域,002,女,215,75～79歳,004,その他,20000,長野県,1980000000,1980年,人
4,00700,全域,002,女,215,75～79歳,004,その他,22000,静岡県,1980000000,1980年,人
5,00700,全域,002,女,215,75～79歳,004,その他,23000,愛知県,1980000000,1980年,人
1,00700,全域,002,女,215,75～79歳,004,その他,24000,三重県,1980000000,1980年,人
1,00700,全域,002,女,215,75～79歳,004,その他,25000,滋賀県,1980000000,1980年,人
1,00700,全域,002,女,215,75～79歳,004,その他,26000,京都府,1980000000,1980年,人
2,00700,全域,002,女,215,75～79歳,004,その他,27000,大阪府,1980000000,1980年,人
13,00700,全域,002,女,215,75～79歳,004,その他,28000,兵庫県,1980000000,1980年,人
1,00700,全域,002,女,215,75～79歳,004,その他,30000,和歌山県,1980000000,1980年,人
2,00700,全域,002,女,215,75～79歳,004,その他,40000,福岡県,1980000000,1980年,人
2,00700,全域,002,女,215,75～79歳,004,その他,42000,長崎県,1980000000,1980年,人
1,00700,全域,002,女,215,75～79歳,004,その他,43000,熊本県,1980000000,1980年,人
1,00700,全域,002,女,215,75～79歳,004,その他,44000,大分県,1980000000,1980年,人
3,00700,全域,002,女,215,75～79歳,004,その他,46000,鹿児島県,1980000000,1980年,人
4,00700,全域,002,女,215,75～79歳,004,その他,47000,沖縄県,1980000000,1980年,人
1464,00700,全域,002,女,216,80～84歳,000,国籍総数,00000,全国,1980000000,1980年,人
1344,00700,全域,002,女,216,80～84歳,000,国籍総数,00001,全国市部,1980000000,1980年,人
120,00700,全域,002,女,216,80～84歳,000,国籍総数,00002,全国郡部,1980000000,1980年,人
12,00700,全域,002,女,216,80～84歳,000,国籍総数,01000,北海道,1980000000,1980年,人
4,00700,全域,002,女,216,80～84歳,000,国籍総数,02000,青森県,1980000000,1980年,人
3,00700,全域,002,女,216,80～84歳,000,国籍総数,03000,岩手県,1980000000,1980年,人
1,00700,全域,002,女,216,80～84歳,000,国籍総数,04000,宮城県,1980000000,1980年,人
1,00700,全域,002,女,216,80～84歳,000,国籍総数,05000,秋田県,1980000000,1980年,人
1,00700,全域,002,女,216,80～84歳,000,国籍総数,06000,山形県,1980000000,1980年,人
8,00700,全域,002,女,216,80～84歳,000,国籍総数,07000,福島県,1980000000,1980年,人
13,00700,全域,002,女,216,80～84歳,000,国籍総数,08000,茨城県,1980000000,1980年,人
2,00700,全域,002,女,216,80～84歳,000,国籍総数,09000,栃木県,1980000000,1980年,人
8,00700,全域,002,女,216,80～84歳,000,国籍総数,10000,群馬県,1980000000,1980年,人
14,00700,全域,002,女,216,80～84歳,000,国籍総数,11000,埼玉県,1980000000,1980年,人
14,00700,全域,002,女,216,80～84歳,000,国籍総数,12000,千葉県,1980000000,1980年,人
158,00700,全域,002,女,216,80～84歳,000,国籍総数,13000,東京都,1980000000,1980年,人
73,00700,全域,002,女,216,80～84歳,000,国籍総数,14000,神奈川県,1980000000,1980年,人
7,00700,全域,002,女,216,80～84歳,000,国籍総数,15000,新潟県,1980000000,1980年,人
5,00700,全域,002,女,216,80～84歳,000,国籍総数,16000,富山県,1980000000,1980年,人
6,00700,全域,002,女,216,80～84歳,000,国籍総数,17000,石川県,1980000000,1980年,人
6,00700,全域,002,女,216,80～84歳,000,国籍総数,18000,福井県,1980000000,1980年,人
3,00700,全域,002,女,216,80～84歳,000,国籍総数,19000,山梨県,1980000000,1980年,人
13,00700,全域,002,女,216,80～84歳,000,国籍総数,20000,長野県,1980000000,1980年,人
19,00700,全域,002,女,216,80～84歳,000,国籍総数,21000,岐阜県,1980000000,1980年,人
12,00700,全域,002,女,216,80～84歳,000,国籍総数,22000,静岡県,1980000000,1980年,人
106,00700,全域,002,女,216,80～84歳,000,国籍総数,23000,愛知県,1980000000,1980年,人
19,00700,全域,002,女,216,80～84歳,000,国籍総数,24000,三重県,1980000000,1980年,人
21,00700,全域,002,女,216,80～84歳,000,国籍総数,25000,滋賀県,1980000000,1980年,人
116,00700,全域,002,女,216,80～84歳,000,国籍総数,26000,京都府,1980000000,1980年,人
401,00700,全域,002,女,216,80～84歳,000,国籍総数,27000,大阪府,1980000000,1980年,人
185,00700,全域,002,女,216,80～84歳,000,国籍総数,28000,兵庫県,1980000000,1980年,人
12,00700,全域,002,女,216,80～84歳,000,国籍総数,29000,奈良県,1980000000,1980年,人
18,00700,全域,002,女,216,80～84歳,000,国籍総数,30000,和歌山県,1980000000,1980年,人
7,00700,全域,002,女,216,80～84歳,000,国籍総数,31000,鳥取県,1980000000,1980年,人
3,00700,全域,002,女,216,80～84歳,000,国籍総数,32000,島根県,1980000000,1980年,人
20,00700,全域,002,女,216,80～84歳,000,国籍総数,33000,岡山県,1980000000,1980年,人
36,00700,全域,002,女,216,80～84歳,000,国籍総数,34000,広島県,1980000000,1980年,人
32,00700,全域,002,女,216,80～84歳,000,国籍総数,35000,山口県,1980000000,1980年,人
1,00700,全域,002,女,216,80～84歳,000,国籍総数,36000,徳島県,1980000000,1980年,人
2,00700,全域,002,女,216,80～84歳,000,国籍総数,37000,香川県,1980000000,1980年,人
4,00700,全域,002,女,216,80～84歳,000,国籍総数,38000,愛媛県,1980000000,1980年,人
3,00700,全域,002,女,216,80～84歳,000,国籍総数,39000,高知県,1980000000,1980年,人
48,00700,全域,002,女,216,80～84歳,000,国籍総数,40000,福岡県,1980000000,1980年,人
3,00700,全域,002,女,216,80～84歳,000,国籍総数,41000,佐賀県,1980000000,1980年,人
15,00700,全域,002,女,216,80～84歳,000,国籍総数,42000,長崎県,1980000000,1980年,人
8,00700,全域,002,女,216,80～84歳,000,国籍総数,43000,熊本県,1980000000,1980年,人
12,00700,全域,002,女,216,80～84歳,000,国籍総数,44000,大分県,1980000000,1980年,人
3,00700,全域,002,女,216,80～84歳,000,国籍総数,45000,宮崎県,1980000000,1980年,人
5,00700,全域,002,女,216,80～84歳,000,国籍総数,46000,鹿児島県,1980000000,1980年,人
1,00700,全域,002,女,216,80～84歳,000,国籍総数,47000,沖縄県,1980000000,1980年,人
1236,00700,全域,002,女,216,80～84歳,001,韓国・朝鮮,00000,全国,1980000000,1980年,人
1141,00700,全域,002,女,216,80～84歳,001,韓国・朝鮮,00001,全国市部,1980000000,1980年,人
95,00700,全域,002,女,216,80～84歳,001,韓国・朝鮮,00002,全国郡部,1980000000,1980年,人
9,00700,全域,002,女,216,80～84歳,001,韓国・朝鮮,01000,北海道,1980000000,1980年,人
2,00700,全域,002,女,216,80～84歳,001,韓国・朝鮮,02000,青森県,1980000000,1980年,人
1,00700,全域,002,女,216,80～84歳,001,韓国・朝鮮,03000,岩手県,1980000000,1980年,人
1,00700,全域,002,女,216,80～84歳,001,韓国・朝鮮,04000,宮城県,1980000000,1980年,人
1,00700,全域,002,女,216,80～84歳,001,韓国・朝鮮,06000,山形県,1980000000,1980年,人
6,00700,全域,002,女,216,80～84歳,001,韓国・朝鮮,07000,福島県,1980000000,1980年,人
13,00700,全域,002,女,216,80～84歳,001,韓国・朝鮮,08000,茨城県,1980000000,1980年,人
1,00700,全域,002,女,216,80～84歳,001,韓国・朝鮮,09000,栃木県,1980000000,1980年,人
5,00700,全域,002,女,216,80～84歳,001,韓国・朝鮮,10000,群馬県,1980000000,1980年,人
10,00700,全域,002,女,216,80～84歳,001,韓国・朝鮮,11000,埼玉県,1980000000,1980年,人
11,00700,全域,002,女,216,80～84歳,001,韓国・朝鮮,12000,千葉県,1980000000,1980年,人
114,00700,全域,002,女,216,80～84歳,001,韓国・朝鮮,13000,東京都,1980000000,1980年,人
47,00700,全域,002,女,216,80～84歳,001,韓国・朝鮮,14000,神奈川県,1980000000,1980年,人
7,00700,全域,002,女,216,80～84歳,001,韓国・朝鮮,15000,新潟県,1980000000,1980年,人
5,00700,全域,002,女,216,80～84歳,001,韓国・朝鮮,16000,富山県,1980000000,1980年,人
6,00700,全域,002,女,216,80～84歳,001,韓国・朝鮮,17000,石川県,1980000000,1980年,人
5,00700,全域,002,女,216,80～84歳,001,韓国・朝鮮,18000,福井県,1980000000,1980年,人
2,00700,全域,002,女,216,80～84歳,001,韓国・朝鮮,19000,山梨県,1980000000,1980年,人
9,00700,全域,002,女,216,80～84歳,001,韓国・朝鮮,20000,長野県,1980000000,1980年,人
19,00700,全域,002,女,216,80～84歳,001,韓国・朝鮮,21000,岐阜県,1980000000,1980年,人
8,00700,全域,002,女,216,80～84歳,001,韓国・朝鮮,22000,静岡県,1980000000,1980年,人
97,00700,全域,002,女,216,80～84歳,001,韓国・朝鮮,23000,愛知県,1980000000,1980年,人
17,00700,全域,002,女,216,80～84歳,001,韓国・朝鮮,24000,三重県,1980000000,1980年,人
19,00700,全域,002,女,216,80～84歳,001,韓国・朝鮮,25000,滋賀県,1980000000,1980年,人
105,00700,全域,002,女,216,80～84歳,001,韓国・朝鮮,26000,京都府,1980000000,1980年,人
381,00700,全域,002,女,216,80～84歳,001,韓国・朝鮮,27000,大阪府,1980000000,1980年,人
149,00700,全域,002,女,216,80～84歳,001,韓国・朝鮮,28000,兵庫県,1980000000,1980年,人
11,00700,全域,002,女,216,80～84歳,001,韓国・朝鮮,29000,奈良県,1980000000,1980年,人
14,00700,全域,002,女,216,80～84歳,001,韓国・朝鮮,30000,和歌山県,1980000000,1980年,人
6,00700,全域,002,女,216,80～84歳,001,韓国・朝鮮,31000,鳥取県,1980000000,1980年,人
3,00700,全域,002,女,216,80～84歳,001,韓国・朝鮮,32000,島根県,1980000000,1980年,人
17,00700,全域,002,女,216,80～84歳,001,韓国・朝鮮,33000,岡山県,1980000000,1980年,人
32,00700,全域,002,女,216,80～84歳,001,韓国・朝鮮,34000,広島県,1980000000,1980年,人
29,00700,全域,002,女,216,80～84歳,001,韓国・朝鮮,35000,山口県,1980000000,1980年,人
1,00700,全域,002,女,216,80～84歳,001,韓国・朝鮮,36000,徳島県,1980000000,1980年,人
1,00700,全域,002,女,216,80～84歳,001,韓国・朝鮮,37000,香川県,1980000000,1980年,人
3,00700,全域,002,女,216,80～84歳,001,韓国・朝鮮,38000,愛媛県,1980000000,1980年,人
1,00700,全域,002,女,216,80～84歳,001,韓国・朝鮮,39000,高知県,1980000000,1980年,人
43,00700,全域,002,女,216,80～84歳,001,韓国・朝鮮,40000,福岡県,1980000000,1980年,人
3,00700,全域,002,女,216,80～84歳,001,韓国・朝鮮,41000,佐賀県,1980000000,1980年,人
4,00700,全域,002,女,216,80～84歳,001,韓国・朝鮮,42000,長崎県,1980000000,1980年,人
5,00700,全域,002,女,216,80～84歳,001,韓国・朝鮮,43000,熊本県,1980000000,1980年,人
11,00700,全域,002,女,216,80～84歳,001,韓国・朝鮮,44000,大分県,1980000000,1980年,人
2,00700,全域,002,女,216,80～84歳,001,韓国・朝鮮,45000,宮崎県,1980000000,1980年,人
63,00700,全域,002,女,216,80～84歳,002,中国,00000,全国,1980000000,1980年,人
62,00700,全域,002,女,216,80～84歳,002,中国,00001,全国市部,1980000000,1980年,人
1,00700,全域,002,女,216,80～84歳,002,中国,00002,全国郡部,1980000000,1980年,人
1,00700,全域,002,女,216,80～84歳,002,中国,02000,青森県,1980000000,1980年,人
1,00700,全域,002,女,216,80～84歳,002,中国,11000,埼玉県,1980000000,1980年,人
1,00700,全域,002,女,216,80～84歳,002,中国,12000,千葉県,1980000000,1980年,人
6,00700,全域,002,女,216,80～84歳,002,中国,13000,東京都,1980000000,1980年,人
13,00700,全域,002,女,216,80～84歳,002,中国,14000,神奈川県,1980000000,1980年,人
1,00700,全域,002,女,216,80～84歳,002,中国,20000,長野県,1980000000,1980年,人
1,00700,全域,002,女,216,80～84歳,002,中国,22000,静岡県,1980000000,1980年,人
2,00700,全域,002,女,216,80～84歳,002,中国,26000,京都府,1980000000,1980年,人
4,00700,全域,002,女,216,80～84歳,002,中国,27000,大阪府,1980000000,1980年,人
21,00700,全域,002,女,216,80～84歳,002,中国,28000,兵庫県,1980000000,1980年,人
1,00700,全域,002,女,216,80～84歳,002,中国,34000,広島県,1980000000,1980年,人
1,00700,全域,002,女,216,80～84歳,002,中国,37000,香川県,1980000000,1980年,人
3,00700,全域,002,女,216,80～84歳,002,中国,40000,福岡県,1980000000,1980年,人
4,00700,全域,002,女,216,80～84歳,002,中国,42000,長崎県,1980000000,1980年,人
1,00700,全域,002,女,216,80～84歳,002,中国,44000,大分県,1980000000,1980年,人
1,00700,全域,002,女,216,80～84歳,002,中国,45000,宮崎県,1980000000,1980年,人
1,00700,全域,002,女,216,80～84歳,002,中国,46000,鹿児島県,1980000000,1980年,人
26,00700,全域,002,女,216,80～84歳,003,アメリカ,00000,全国,1980000000,1980年,人
22,00700,全域,002,女,216,80～84歳,003,アメリカ,00001,全国市部,1980000000,1980年,人
4,00700,全域,002,女,216,80～84歳,003,アメリカ,00002,全国郡部,1980000000,1980年,人
1,00700,全域,002,女,216,80～84歳,003,アメリカ,03000,岩手県,1980000000,1980年,人
1,00700,全域,002,女,216,80～84歳,003,アメリカ,09000,栃木県,1980000000,1980年,人
8,00700,全域,002,女,216,80～84歳,003,アメリカ,13000,東京都,1980000000,1980年,人
1,00700,全域,002,女,216,80～84歳,003,アメリカ,22000,静岡県,1980000000,1980年,人
4,00700,全域,002,女,216,80～84歳,003,アメリカ,26000,京都府,1980000000,1980年,人
1,00700,全域,002,女,216,80～84歳,003,アメリカ,27000,大阪府,1980000000,1980年,人
1,00700,全域,002,女,216,80～84歳,003,アメリカ,28000,兵庫県,1980000000,1980年,人
2,00700,全域,002,女,216,80～84歳,003,アメリカ,30000,和歌山県,1980000000,1980年,人
2,00700,全域,002,女,216,80～84歳,003,アメリカ,33000,岡山県,1980000000,1980年,人
2,00700,全域,002,女,216,80～84歳,003,アメリカ,34000,広島県,1980000000,1980年,人
1,00700,全域,002,女,216,80～84歳,003,アメリカ,35000,山口県,1980000000,1980年,人
1,00700,全域,002,女,216,80～84歳,003,アメリカ,43000,熊本県,1980000000,1980年,人
1,00700,全域,002,女,216,80～84歳,003,アメリカ,47000,沖縄県,1980000000,1980年,人
65,00700,全域,002,女,216,80～84歳,004,その他,00000,全国,1980000000,1980年,人
61,00700,全域,002,女,216,80～84歳,004,その他,00001,全国市部,1980000000,1980年,人
4,00700,全域,002,女,216,80～84歳,004,その他,00002,全国郡部,1980000000,1980年,人
2,00700,全域,002,女,216,80～84歳,004,その他,01000,北海道,1980000000,1980年,人
1,00700,全域,002,女,216,80～84歳,004,その他,10000,群馬県,1980000000,1980年,人
15,00700,全域,002,女,216,80～84歳,004,その他,13000,東京都,1980000000,1980年,人
12,00700,全域,002,女,216,80～84歳,004,その他,14000,神奈川県,1980000000,1980年,人
2,00700,全域,002,女,216,80～84歳,004,その他,20000,長野県,1980000000,1980年,人
1,00700,全域,002,女,216,80～84歳,004,その他,22000,静岡県,1980000000,1980年,人
7,00700,全域,002,女,216,80～84歳,004,その他,23000,愛知県,1980000000,1980年,人
1,00700,全域,002,女,216,80～84歳,004,その他,26000,京都府,1980000000,1980年,人
3,00700,全域,002,女,216,80～84歳,004,その他,27000,大阪府,1980000000,1980年,人
12,00700,全域,002,女,216,80～84歳,004,その他,28000,兵庫県,1980000000,1980年,人
1,00700,全域,002,女,216,80～84歳,004,その他,30000,和歌山県,1980000000,1980年,人
1,00700,全域,002,女,216,80～84歳,004,その他,40000,福岡県,1980000000,1980年,人
5,00700,全域,002,女,216,80～84歳,004,その他,42000,長崎県,1980000000,1980年,人
1,00700,全域,002,女,216,80～84歳,004,その他,43000,熊本県,1980000000,1980年,人
1,00700,全域,002,女,216,80～84歳,004,その他,46000,鹿児島県,1980000000,1980年,人
658,00700,全域,002,女,585,85歳以上,000,国籍総数,00000,全国,1980000000,1980年,人
590,00700,全域,002,女,585,85歳以上,000,国籍総数,00001,全国市部,1980000000,1980年,人
68,00700,全域,002,女,585,85歳以上,000,国籍総数,00002,全国郡部,1980000000,1980年,人
6,00700,全域,002,女,585,85歳以上,000,国籍総数,01000,北海道,1980000000,1980年,人
2,00700,全域,002,女,585,85歳以上,000,国籍総数,02000,青森県,1980000000,1980年,人
1,00700,全域,002,女,585,85歳以上,000,国籍総数,03000,岩手県,1980000000,1980年,人
6,00700,全域,002,女,585,85歳以上,000,国籍総数,04000,宮城県,1980000000,1980年,人
1,00700,全域,002,女,585,85歳以上,000,国籍総数,05000,秋田県,1980000000,1980年,人
2,00700,全域,002,女,585,85歳以上,000,国籍総数,06000,山形県,1980000000,1980年,人
3,00700,全域,002,女,585,85歳以上,000,国籍総数,07000,福島県,1980000000,1980年,人
9,00700,全域,002,女,585,85歳以上,000,国籍総数,08000,茨城県,1980000000,1980年,人
4,00700,全域,002,女,585,85歳以上,000,国籍総数,09000,栃木県,1980000000,1980年,人
3,00700,全域,002,女,585,85歳以上,000,国籍総数,10000,群馬県,1980000000,1980年,人
8,00700,全域,002,女,585,85歳以上,000,国籍総数,11000,埼玉県,1980000000,1980年,人
7,00700,全域,002,女,585,85歳以上,000,国籍総数,12000,千葉県,1980000000,1980年,人
90,00700,全域,002,女,585,85歳以上,000,国籍総数,13000,東京都,1980000000,1980年,人
39,00700,全域,002,女,585,85歳以上,000,国籍総数,14000,神奈川県,1980000000,1980年,人
2,00700,全域,002,女,585,85歳以上,000,国籍総数,15000,新潟県,1980000000,1980年,人
1,00700,全域,002,女,585,85歳以上,000,国籍総数,16000,富山県,1980000000,1980年,人
3,00700,全域,002,女,585,85歳以上,000,国籍総数,18000,福井県,1980000000,1980年,人
2,00700,全域,002,女,585,85歳以上,000,国籍総数,20000,長野県,1980000000,1980年,人
10,00700,全域,002,女,585,85歳以上,000,国籍総数,21000,岐阜県,1980000000,1980年,人
5,00700,全域,002,女,585,85歳以上,000,国籍総数,22000,静岡県,1980000000,1980年,人
42,00700,全域,002,女,585,85歳以上,000,国籍総数,23000,愛知県,1980000000,1980年,人
4,00700,全域,002,女,585,85歳以上,000,国籍総数,24000,三重県,1980000000,1980年,人
3,00700,全域,002,女,585,85歳以上,000,国籍総数,25000,滋賀県,1980000000,1980年,人
33,00700,全域,002,女,585,85歳以上,000,国籍総数,26000,京都府,1980000000,1980年,人
185,00700,全域,002,女,585,85歳以上,000,国籍総数,27000,大阪府,1980000000,1980年,人
72,00700,全域,002,女,585,85歳以上,000,国籍総数,28000,兵庫県,1980000000,1980年,人
9,00700,全域,002,女,585,85歳以上,000,国籍総数,29000,奈良県,1980000000,1980年,人
5,00700,全域,002,女,585,85歳以上,000,国籍総数,30000,和歌山県,1980000000,1980年,人
2,00700,全域,002,女,585,85歳以上,000,国籍総数,31000,鳥取県,1980000000,1980年,人
2,00700,全域,002,女,585,85歳以上,000,国籍総数,32000,島根県,1980000000,1980年,人
15,00700,全域,002,女,585,85歳以上,000,国籍総数,33000,岡山県,1980000000,1980年,人
22,00700,全域,002,女,585,85歳以上,000,国籍総数,34000,広島県,1980000000,1980年,人
18,00700,全域,002,女,585,85歳以上,000,国籍総数,35000,山口県,1980000000,1980年,人
1,00700,全域,002,女,585,85歳以上,000,国籍総数,37000,香川県,1980000000,1980年,人
2,00700,全域,002,女,585,85歳以上,000,国籍総数,38000,愛媛県,1980000000,1980年,人
3,00700,全域,002,女,585,85歳以上,000,国籍総数,39000,高知県,1980000000,1980年,人
15,00700,全域,002,女,585,85歳以上,000,国籍総数,40000,福岡県,1980000000,1980年,人
2,00700,全域,002,女,585,85歳以上,000,国籍総数,41000,佐賀県,1980000000,1980年,人
3,00700,全域,002,女,585,85歳以上,000,国籍総数,42000,長崎県,1980000000,1980年,人
5,00700,全域,002,女,585,85歳以上,000,国籍総数,43000,熊本県,1980000000,1980年,人
8,00700,全域,002,女,585,85歳以上,000,国籍総数,44000,大分県,1980000000,1980年,人
1,00700,全域,002,女,585,85歳以上,000,国籍総数,46000,鹿児島県,1980000000,1980年,人
2,00700,全域,002,女,585,85歳以上,000,国籍総数,47000,沖縄県,1980000000,1980年,人
542,00700,全域,002,女,585,85歳以上,001,韓国・朝鮮,00000,全国,1980000000,1980年,人
490,00700,全域,002,女,585,85歳以上,001,韓国・朝鮮,00001,全国市部,1980000000,1980年,人
52,00700,全域,002,女,585,85歳以上,001,韓国・朝鮮,00002,全国郡部,1980000000,1980年,人
1,00700,全域,002,女,585,85歳以上,001,韓国・朝鮮,01000,北海道,1980000000,1980年,人
2,00700,全域,002,女,585,85歳以上,001,韓国・朝鮮,02000,青森県,1980000000,1980年,人
1,00700,全域,002,女,585,85歳以上,001,韓国・朝鮮,03000,岩手県,1980000000,1980年,人
1,00700,全域,002,女,585,85歳以上,001,韓国・朝鮮,04000,宮城県,1980000000,1980年,人
1,00700,全域,002,女,585,85歳以上,001,韓国・朝鮮,05000,秋田県,1980000000,1980年,人
1,00700,全域,002,女,585,85歳以上,001,韓国・朝鮮,06000,山形県,1980000000,1980年,人
2,00700,全域,002,女,585,85歳以上,001,韓国・朝鮮,07000,福島県,1980000000,1980年,人
7,00700,全域,002,女,585,85歳以上,001,韓国・朝鮮,08000,茨城県,1980000000,1980年,人
3,00700,全域,002,女,585,85歳以上,001,韓国・朝鮮,09000,栃木県,1980000000,1980年,人
2,00700,全域,002,女,585,85歳以上,001,韓国・朝鮮,10000,群馬県,1980000000,1980年,人
7,00700,全域,002,女,585,85歳以上,001,韓国・朝鮮,11000,埼玉県,1980000000,1980年,人
7,00700,全域,002,女,585,85歳以上,001,韓国・朝鮮,12000,千葉県,1980000000,1980年,人
66,00700,全域,002,女,585,85歳以上,001,韓国・朝鮮,13000,東京都,1980000000,1980年,人
24,00700,全域,002,女,585,85歳以上,001,韓国・朝鮮,14000,神奈川県,1980000000,1980年,人
1,00700,全域,002,女,585,85歳以上,001,韓国・朝鮮,15000,新潟県,1980000000,1980年,人
1,00700,全域,002,女,585,85歳以上,001,韓国・朝鮮,16000,富山県,1980000000,1980年,人
3,00700,全域,002,女,585,85歳以上,001,韓国・朝鮮,18000,福井県,1980000000,1980年,人
2,00700,全域,002,女,585,85歳以上,001,韓国・朝鮮,20000,長野県,1980000000,1980年,人
9,00700,全域,002,女,585,85歳以上,001,韓国・朝鮮,21000,岐阜県,1980000000,1980年,人
4,00700,全域,002,女,585,85歳以上,001,韓国・朝鮮,22000,静岡県,1980000000,1980年,人
40,00700,全域,002,女,585,85歳以上,001,韓国・朝鮮,23000,愛知県,1980000000,1980年,人
4,00700,全域,002,女,585,85歳以上,001,韓国・朝鮮,24000,三重県,1980000000,1980年,人
2,00700,全域,002,女,585,85歳以上,001,韓国・朝鮮,25000,滋賀県,1980000000,1980年,人
31,00700,全域,002,女,585,85歳以上,001,韓国・朝鮮,26000,京都府,1980000000,1980年,人
180,00700,全域,002,女,585,85歳以上,001,韓国・朝鮮,27000,大阪府,1980000000,1980年,人
52,00700,全域,002,女,585,85歳以上,001,韓国・朝鮮,28000,兵庫県,1980000000,1980年,人
9,00700,全域,002,女,585,85歳以上,001,韓国・朝鮮,29000,奈良県,1980000000,1980年,人
2,00700,全域,002,女,585,85歳以上,001,韓国・朝鮮,30000,和歌山県,1980000000,1980年,人
2,00700,全域,002,女,585,85歳以上,001,韓国・朝鮮,31000,鳥取県,1980000000,1980年,人
1,00700,全域,002,女,585,85歳以上,001,韓国・朝鮮,32000,島根県,1980000000,1980年,人
14,00700,全域,002,女,585,85歳以上,001,韓国・朝鮮,33000,岡山県,1980000000,1980年,人
16,00700,全域,002,女,585,85歳以上,001,韓国・朝鮮,34000,広島県,1980000000,1980年,人
18,00700,全域,002,女,585,85歳以上,001,韓国・朝鮮,35000,山口県,1980000000,1980年,人
1,00700,全域,002,女,585,85歳以上,001,韓国・朝鮮,37000,香川県,1980000000,1980年,人
2,00700,全域,002,女,585,85歳以上,001,韓国・朝鮮,38000,愛媛県,1980000000,1980年,人
12,00700,全域,002,女,585,85歳以上,001,韓国・朝鮮,40000,福岡県,1980000000,1980年,人
1,00700,全域,002,女,585,85歳以上,001,韓国・朝鮮,41000,佐賀県,1980000000,1980年,人
1,00700,全域,002,女,585,85歳以上,001,韓国・朝鮮,42000,長崎県,1980000000,1980年,人
2,00700,全域,002,女,585,85歳以上,001,韓国・朝鮮,43000,熊本県,1980000000,1980年,人
7,00700,全域,002,女,585,85歳以上,001,韓国・朝鮮,44000,大分県,1980000000,1980年,人
26,00700,全域,002,女,585,85歳以上,002,中国,00000,全国,1980000000,1980年,人
25,00700,全域,002,女,585,85歳以上,002,中国,00001,全国市部,1980000000,1980年,人
1,00700,全域,002,女,585,85歳以上,002,中国,00002,全国郡部,1980000000,1980年,人
1,00700,全域,002,女,585,85歳以上,002,中国,01000,北海道,1980000000,1980年,人
1,00700,全域,002,女,585,85歳以上,002,中国,04000,宮城県,1980000000,1980年,人
5,00700,全域,002,女,585,85歳以上,002,中国,13000,東京都,1980000000,1980年,人
6,00700,全域,002,女,585,85歳以上,002,中国,14000,神奈川県,1980000000,1980年,人
2,00700,全域,002,女,585,85歳以上,002,中国,27000,大阪府,1980000000,1980年,人
10,00700,全域,002,女,585,85歳以上,002,中国,28000,兵庫県,1980000000,1980年,人
1,00700,全域,002,女,585,85歳以上,002,中国,42000,長崎県,1980000000,1980年,人
17,00700,全域,002,女,585,85歳以上,003,アメリカ,00000,全国,1980000000,1980年,人
12,00700,全域,002,女,585,85歳以上,003,アメリカ,00001,全国市部,1980000000,1980年,人
5,00700,全域,002,女,585,85歳以上,003,アメリカ,00002,全国郡部,1980000000,1980年,人
3,00700,全域,002,女,585,85歳以上,003,アメリカ,04000,宮城県,1980000000,1980年,人
2,00700,全域,002,女,585,85歳以上,003,アメリカ,13000,東京都,1980000000,1980年,人
1,00700,全域,002,女,585,85歳以上,003,アメリカ,21000,岐阜県,1980000000,1980年,人
1,00700,全域,002,女,585,85歳以上,003,アメリカ,26000,京都府,1980000000,1980年,人
3,00700,全域,002,女,585,85歳以上,003,アメリカ,30000,和歌山県,1980000000,1980年,人
3,00700,全域,002,女,585,85歳以上,003,アメリカ,34000,広島県,1980000000,1980年,人
1,00700,全域,002,女,585,85歳以上,003,アメリカ,39000,高知県,1980000000,1980年,人
1,00700,全域,002,女,585,85歳以上,003,アメリカ,40000,福岡県,1980000000,1980年,人
1,00700,全域,002,女,585,85歳以上,003,アメリカ,43000,熊本県,1980000000,1980年,人
1,00700,全域,002,女,585,85歳以上,003,アメリカ,47000,沖縄県,1980000000,1980年,人
50,00700,全域,002,女,585,85歳以上,004,その他,00000,全国,1980000000,1980年,人
48,00700,全域,002,女,585,85歳以上,004,その他,00001,全国市部,1980000000,1980年,人
2,00700,全域,002,女,585,85歳以上,004,その他,00002,全国郡部,1980000000,1980年,人
4,00700,全域,002,女,585,85歳以上,004,その他,01000,北海道,1980000000,1980年,人
1,00700,全域,002,女,585,85歳以上,004,その他,04000,宮城県,1980000000,1980年,人
1,00700,全域,002,女,585,85歳以上,004,その他,09000,栃木県,1980000000,1980年,人
1,00700,全域,002,女,585,85歳以上,004,その他,10000,群馬県,1980000000,1980年,人
1,00700,全域,002,女,585,85歳以上,004,その他,11000,埼玉県,1980000000,1980年,人
16,00700,全域,002,女,585,85歳以上,004,その他,13000,東京都,1980000000,1980年,人
7,00700,全域,002,女,585,85歳以上,004,その他,14000,神奈川県,1980000000,1980年,人
1,00700,全域,002,女,585,85歳以上,004,その他,22000,静岡県,1980000000,1980年,人
1,00700,全域,002,女,585,85歳以上,004,その他,23000,愛知県,1980000000,1980年,人
1,00700,全域,002,女,585,85歳以上,004,その他,25000,滋賀県,1980000000,1980年,人
1,00700,全域,002,女,585,85歳以上,004,その他,26000,京都府,1980000000,1980年,人
1,00700,全域,002,女,585,85歳以上,004,その他,27000,大阪府,1980000000,1980年,人
8,00700,全域,002,女,585,85歳以上,004,その他,28000,兵庫県,1980000000,1980年,人
2,00700,全域,002,女,585,85歳以上,004,その他,34000,広島県,1980000000,1980年,人
1,00700,全域,002,女,585,85歳以上,004,その他,40000,福岡県,1980000000,1980年,人
1,00700,全域,002,女,585,85歳以上,004,その他,42000,長崎県,1980000000,1980年,人
1,00700,全域,002,女,585,85歳以上,004,その他,43000,熊本県,1980000000,1980年,人
1,00700,全域,002,女,585,85歳以上,004,その他,44000,大分県,1980000000,1980年,人
575721,00701,人口集中地区,000,男女総数,T01,総数,000,国籍総数,00000,全国,1980000000,1980年,人
481245,00701,人口集中地区,000,男女総数,T01,総数,001,韓国・朝鮮,00000,全国,1980000000,1980年,人
39399,00701,人口集中地区,000,男女総数,T01,総数,002,中国,00000,全国,1980000000,1980年,人
15788,00701,人口集中地区,000,男女総数,T01,総数,003,アメリカ,00000,全国,1980000000,1980年,人
24525,00701,人口集中地区,000,男女総数,T01,総数,004,その他,00000,全国,1980000000,1980年,人
48886,00701,人口集中地区,000,男女総数,200,0～4歳,000,国籍総数,00000,全国,1980000000,1980年,人
41610,00701,人口集中地区,000,男女総数,200,0～4歳,001,韓国・朝鮮,00000,全国,1980000000,1980年,人
2632,00701,人口集中地区,000,男女総数,200,0～4歳,002,中国,00000,全国,1980000000,1980年,人
1182,00701,人口集中地区,000,男女総数,200,0～4歳,003,アメリカ,00000,全国,1980000000,1980年,人
2087,00701,人口集中地区,000,男女総数,200,0～4歳,004,その他,00000,全国,1980000000,1980年,人
55661,00701,人口集中地区,000,男女総数,201,5～9歳,000,国籍総数,00000,全国,1980000000,1980年,人
48454,00701,人口集中地区,000,男女総数,201,5～9歳,001,韓国・朝鮮,00000,全国,1980000000,1980年,人
2843,00701,人口集中地区,000,男女総数,201,5～9歳,002,中国,00000,全国,1980000000,1980年,人
1239,00701,人口集中地区,000,男女総数,201,5～9歳,003,アメリカ,00000,全国,1980000000,1980年,人
1743,00701,人口集中地区,000,男女総数,201,5～9歳,004,その他,00000,全国,1980000000,1980年,人
51114,00701,人口集中地区,000,男女総数,202,10～14歳,000,国籍総数,00000,全国,1980000000,1980年,人
44923,00701,人口集中地区,000,男女総数,202,10～14歳,001,韓国・朝鮮,00000,全国,1980000000,1980年,人
2731,00701,人口集中地区,000,男女総数,202,10～14歳,002,中国,00000,全国,1980000000,1980年,人
1058,00701,人口集中地区,000,男女総数,202,10～14歳,003,アメリカ,00000,全国,1980000000,1980年,人
1279,00701,人口集中地区,000,男女総数,202,10～14歳,004,その他,00000,全国,1980000000,1980年,人
49522,00701,人口集中地区,000,男女総数,203,15～19歳,000,国籍総数,00000,全国,1980000000,1980年,人
43409,00701,人口集中地区,000,男女総数,203,15～19歳,001,韓国・朝鮮,00000,全国,1980000000,1980年,人
2560,00701,人口集中地区,000,男女総数,203,15～19歳,002,中国,00000,全国,1980000000,1980年,人
1242,00701,人口集中地区,000,男女総数,203,15～19歳,003,アメリカ,00000,全国,1980000000,1980年,人
1261,00701,人口集中地区,000,男女総数,203,15～19歳,004,その他,00000,全国,1980000000,1980年,人
50058,00701,人口集中地区,000,男女総数,204,20～24歳,000,国籍総数,00000,全国,1980000000,1980年,人
40735,00701,人口集中地区,000,男女総数,204,20～24歳,001,韓国・朝鮮,00000,全国,1980000000,1980年,人
3442,00701,人口集中地区,000,男女総数,204,20～24歳,002,中国,00000,全国,1980000000,1980年,人
1993,00701,人口集中地区,000,男女総数,204,20～24歳,003,アメリカ,00000,全国,1980000000,1980年,人
2687,00701,人口集中地区,000,男女総数,204,20～24歳,004,その他,00000,全国,1980000000,1980年,人
55847,00701,人口集中地区,000,男女総数,205,25～29歳,000,国籍総数,00000,全国,1980000000,1980年,人
43249,00701,人口集中地区,000,男女総数,205,25～29歳,001,韓国・朝鮮,00000,全国,1980000000,1980年,人
5047,00701,人口集中地区,000,男女総数,205,25～29歳,002,中国,00000,全国,1980000000,1980年,人
1721,00701,人口集中地区,000,男女総数,205,25～29歳,003,アメリカ,00000,全国,1980000000,1980年,人
4125,00701,人口集中地区,000,男女総数,205,25～29歳,004,その他,00000,全国,1980000000,1980年,人
54454,00701,人口集中地区,000,男女総数,206,30～34歳,000,国籍総数,00000,全国,1980000000,1980年,人
43102,00701,人口集中地区,000,男女総数,206,30～34歳,001,韓国・朝鮮,00000,全国,1980000000,1980年,人
4679,00701,人口集中地区,000,男女総数,206,30～34歳,002,中国,00000,全国,1980000000,1980年,人
1583,00701,人口集中地区,000,男女総数,206,30～34歳,003,アメリカ,00000,全国,1980000000,1980年,人
3584,00701,人口集中地区,000,男女総数,206,30～34歳,004,その他,00000,全国,1980000000,1980年,人
43540,00701,人口集中地区,000,男女総数,207,35～39歳,000,国籍総数,00000,全国,1980000000,1980年,人
36062,00701,人口集中地区,000,男女総数,207,35～39歳,001,韓国・朝鮮,00000,全国,1980000000,1980年,人
2872,00701,人口集中地区,000,男女総数,207,35～39歳,002,中国,00000,全国,1980000000,1980年,人
1152,00701,人口集中地区,000,男女総数,207,35～39歳,003,アメリカ,00000,全国,1980000000,1980年,人
2288,00701,人口集中地区,000,男女総数,207,35～39歳,004,その他,00000,全国,1980000000,1980年,人
36071,00701,人口集中地区,000,男女総数,208,40～44歳,000,国籍総数,00000,全国,1980000000,1980年,人
30563,00701,人口集中地区,000,男女総数,208,40～44歳,001,韓国・朝鮮,00000,全国,1980000000,1980年,人
2302,00701,人口集中地区,000,男女総数,208,40～44歳,002,中国,00000,全国,1980000000,1980年,人
842,00701,人口集中地区,000,男女総数,208,40～44歳,003,アメリカ,00000,全国,1980000000,1980年,人
1492,00701,人口集中地区,000,男女総数,208,40～44歳,004,その他,00000,全国,1980000000,1980年,人
28417,00701,人口集中地区,000,男女総数,209,45～49歳,000,国籍総数,00000,全国,1980000000,1980年,人
23813,00701,人口集中地区,000,男女総数,209,45～49歳,001,韓国・朝鮮,00000,全国,1980000000,1980年,人
1918,00701,人口集中地区,000,男女総数,209,45～49歳,002,中国,00000,全国,1980000000,1980年,人
911,00701,人口集中地区,000,男女総数,209,45～49歳,003,アメリカ,00000,全国,1980000000,1980年,人
1094,00701,人口集中地区,000,男女総数,209,45～49歳,004,その他,00000,全国,1980000000,1980年,人
25834,00701,人口集中地区,000,男女総数,210,50～54歳,000,国籍総数,00000,全国,1980000000,1980年,人
20973,00701,人口集中地区,000,男女総数,210,50～54歳,001,韓国・朝鮮,00000,全国,1980000000,1980年,人
2129,00701,人口集中地区,000,男女総数,210,50～54歳,002,中国,00000,全国,1980000000,1980年,人
1095,00701,人口集中地区,000,男女総数,210,50～54歳,003,アメリカ,00000,全国,1980000000,1980年,人
1002,00701,人口集中地区,000,男女総数,210,50～54歳,004,その他,00000,全国,1980000000,1980年,人
26349,00701,人口集中地区,000,男女総数,211,55～59歳,000,国籍総数,00000,全国,1980000000,1980年,人
21890,00701,人口集中地区,000,男女総数,211,55～59歳,001,韓国・朝鮮,00000,全国,1980000000,1980年,人
2294,00701,人口集中地区,000,男女総数,211,55～59歳,002,中国,00000,全国,1980000000,1980年,人
775,00701,人口集中地区,000,男女総数,211,55～59歳,003,アメリカ,00000,全国,1980000000,1980年,人
664,00701,人口集中地区,000,男女総数,211,55～59歳,004,その他,00000,全国,1980000000,1980年,人
18915,00701,人口集中地区,000,男女総数,212,60～64歳,000,国籍総数,00000,全国,1980000000,1980年,人
16064,00701,人口集中地区,000,男女総数,212,60～64歳,001,韓国・朝鮮,00000,全国,1980000000,1980年,人
1494,00701,人口集中地区,000,男女総数,212,60～64歳,002,中国,00000,全国,1980000000,1980年,人
454,00701,人口集中地区,000,男女総数,212,60～64歳,003,アメリカ,00000,全国,1980000000,1980年,人
402,00701,人口集中地区,000,男女総数,212,60～64歳,004,その他,00000,全国,1980000000,1980年,人
14256,00701,人口集中地区,000,男女総数,213,65～69歳,000,国籍総数,00000,全国,1980000000,1980年,人
12280,00701,人口集中地区,000,男女総数,213,65～69歳,001,韓国・朝鮮,00000,全国,1980000000,1980年,人
1058,00701,人口集中地区,000,男女総数,213,65～69歳,002,中国,00000,全国,1980000000,1980年,人
257,00701,人口集中地区,000,男女総数,213,65～69歳,003,アメリカ,00000,全国,1980000000,1980年,人
292,00701,人口集中地区,000,男女総数,213,65～69歳,004,その他,00000,全国,1980000000,1980年,人
9074,00701,人口集中地区,000,男女総数,214,70～74歳,000,国籍総数,00000,全国,1980000000,1980年,人
7737,00701,人口集中地区,000,男女総数,214,70～74歳,001,韓国・朝鮮,00000,全国,1980000000,1980年,人
749,00701,人口集中地区,000,男女総数,214,70～74歳,002,中国,00000,全国,1980000000,1980年,人
127,00701,人口集中地区,000,男女総数,214,70～74歳,003,アメリカ,00000,全国,1980000000,1980年,人
217,00701,人口集中地区,000,男女総数,214,70～74歳,004,その他,00000,全国,1980000000,1980年,人
4871,00701,人口集中地区,000,男女総数,215,75～79歳,000,国籍総数,00000,全国,1980000000,1980年,人
4074,00701,人口集中地区,000,男女総数,215,75～79歳,001,韓国・朝鮮,00000,全国,1980000000,1980年,人
428,00701,人口集中地区,000,男女総数,215,75～79歳,002,中国,00000,全国,1980000000,1980年,人
74,00701,人口集中地区,000,男女総数,215,75～79歳,003,アメリカ,00000,全国,1980000000,1980年,人
152,00701,人口集中地区,000,男女総数,215,75～79歳,004,その他,00000,全国,1980000000,1980年,人
2067,00701,人口集中地区,000,男女総数,216,80～84歳,000,国籍総数,00000,全国,1980000000,1980年,人
1706,00701,人口集中地区,000,男女総数,216,80～84歳,001,韓国・朝鮮,00000,全国,1980000000,1980年,人
153,00701,人口集中地区,000,男女総数,216,80～84歳,002,中国,00000,全国,1980000000,1980年,人
52,00701,人口集中地区,000,男女総数,216,80～84歳,003,アメリカ,00000,全国,1980000000,1980年,人
91,00701,人口集中地区,000,男女総数,216,80～84歳,004,その他,00000,全国,1980000000,1980年,人
785,00701,人口集中地区,000,男女総数,585,85歳以上,000,国籍総数,00000,全国,1980000000,1980年,人
601,00701,人口集中地区,000,男女総数,585,85歳以上,001,韓国・朝鮮,00000,全国,1980000000,1980年,人
68,00701,人口集中地区,000,男女総数,585,85歳以上,002,中国,00000,全国,1980000000,1980年,人
31,00701,人口集中地区,000,男女総数,585,85歳以上,003,アメリカ,00000,全国,1980000000,1980年,人
65,00701,人口集中地区,000,男女総数,585,85歳以上,004,その他,00000,全国,1980000000,1980年,人
294924,00701,人口集中地区,001,男,T01,総数,000,国籍総数,00000,全国,1980000000,1980年,人
245155,00701,人口集中地区,001,男,T01,総数,001,韓国・朝鮮,00000,全国,1980000000,1980年,人
20783,00701,人口集中地区,001,男,T01,総数,002,中国,00000,全国,1980000000,1980年,人
8702,00701,人口集中地区,001,男,T01,総数,003,アメリカ,00000,全国,1980000000,1980年,人
13051,00701,人口集中地区,001,男,T01,総数,004,その他,00000,全国,1980000000,1980年,人
24873,00701,人口集中地区,001,男,200,0～4歳,000,国籍総数,00000,全国,1980000000,1980年,人
21208,00701,人口集中地区,001,男,200,0～4歳,001,韓国・朝鮮,00000,全国,1980000000,1980年,人
1337,00701,人口集中地区,001,男,200,0～4歳,002,中国,00000,全国,1980000000,1980年,人
596,00701,人口集中地区,001,男,200,0～4歳,003,アメリカ,00000,全国,1980000000,1980年,人
1070,00701,人口集中地区,001,男,200,0～4歳,004,その他,00000,全国,1980000000,1980年,人
28370,00701,人口集中地区,001,男,201,5～9歳,000,国籍総数,00000,全国,1980000000,1980年,人
24760,00701,人口集中地区,001,男,201,5～9歳,001,韓国・朝鮮,00000,全国,1980000000,1980年,人
1483,00701,人口集中地区,001,男,201,5～9歳,002,中国,00000,全国,1980000000,1980年,人
600,00701,人口集中地区,001,男,201,5～9歳,003,アメリカ,00000,全国,1980000000,1980年,人
842,00701,人口集中地区,001,男,201,5～9歳,004,その他,00000,全国,1980000000,1980年,人
26185,00701,人口集中地区,001,男,202,10～14歳,000,国籍総数,00000,全国,1980000000,1980年,人
23077,00701,人口集中地区,001,男,202,10～14歳,001,韓国・朝鮮,00000,全国,1980000000,1980年,人
1381,00701,人口集中地区,001,男,202,10～14歳,002,中国,00000,全国,1980000000,1980年,人
521,00701,人口集中地区,001,男,202,10～14歳,003,アメリカ,00000,全国,1980000000,1980年,人
623,00701,人口集中地区,001,男,202,10～14歳,004,その他,00000,全国,1980000000,1980年,人
25014,00701,人口集中地区,001,男,203,15～19歳,000,国籍総数,00000,全国,1980000000,1980年,人
21989,00701,人口集中地区,001,男,203,15～19歳,001,韓国・朝鮮,00000,全国,1980000000,1980年,人
1266,00701,人口集中地区,001,男,203,15～19歳,002,中国,00000,全国,1980000000,1980年,人
689,00701,人口集中地区,001,男,203,15～19歳,003,アメリカ,00000,全国,1980000000,1980年,人
572,00701,人口集中地区,001,男,203,15～19歳,004,その他,00000,全国,1980000000,1980年,人
24772,00701,人口集中地区,001,男,204,20～24歳,000,国籍総数,00000,全国,1980000000,1980年,人
20283,00701,人口集中地区,001,男,204,20～24歳,001,韓国・朝鮮,00000,全国,1980000000,1980年,人
1530,00701,人口集中地区,001,男,204,20～24歳,002,中国,00000,全国,1980000000,1980年,人
1206,00701,人口集中地区,001,男,204,20～24歳,003,アメリカ,00000,全国,1980000000,1980年,人
1190,00701,人口集中地区,001,男,204,20～24歳,004,その他,00000,全国,1980000000,1980年,人
27986,00701,人口集中地区,001,男,205,25～29歳,000,国籍総数,00000,全国,1980000000,1980年,人
21760,00701,人口集中地区,001,男,205,25～29歳,001,韓国・朝鮮,00000,全国,1980000000,1980年,人
2467,00701,人口集中地区,001,男,205,25～29歳,002,中国,00000,全国,1980000000,1980年,人
860,00701,人口集中地区,001,男,205,25～29歳,003,アメリカ,00000,全国,1980000000,1980年,人
2123,00701,人口集中地区,001,男,205,25～29歳,004,その他,00000,全国,1980000000,1980年,人
28550,00701,人口集中地区,001,男,206,30～34歳,000,国籍総数,00000,全国,1980000000,1980年,人
22357,00701,人口集中地区,001,男,206,30～34歳,001,韓国・朝鮮,00000,全国,1980000000,1980年,人
2529,00701,人口集中地区,001,男,206,30～34歳,002,中国,00000,全国,1980000000,1980年,人
893,00701,人口集中地区,001,男,206,30～34歳,003,アメリカ,00000,全国,1980000000,1980年,人
1997,00701,人口集中地区,001,男,206,30～34歳,004,その他,00000,全国,1980000000,1980年,人
22267,00701,人口集中地区,001,男,207,35～39歳,000,国籍総数,00000,全国,1980000000,1980年,人
18132,00701,人口集中地区,001,男,207,35～39歳,001,韓国・朝鮮,00000,全国,1980000000,1980年,人
1600,00701,人口集中地区,001,男,207,35～39歳,002,中国,00000,全国,1980000000,1980年,人
659,00701,人口集中地区,001,男,207,35～39歳,003,アメリカ,00000,全国,1980000000,1980年,人
1330,00701,人口集中地区,001,男,207,35～39歳,004,その他,00000,全国,1980000000,1980年,人
18180,00701,人口集中地区,001,男,208,40～44歳,000,国籍総数,00000,全国,1980000000,1980年,人
15120,00701,人口集中地区,001,男,208,40～44歳,001,韓国・朝鮮,00000,全国,1980000000,1980年,人
1239,00701,人口集中地区,001,男,208,40～44歳,002,中国,00000,全国,1980000000,1980年,人
485,00701,人口集中地区,001,男,208,40～44歳,003,アメリカ,00000,全国,1980000000,1980年,人
905,00701,人口集中地区,001,男,208,40～44歳,004,その他,00000,全国,1980000000,1980年,人
14315,00701,人口集中地区,001,男,209,45～49歳,000,国籍総数,00000,全国,1980000000,1980年,人
11772,00701,人口集中地区,001,男,209,45～49歳,001,韓国・朝鮮,00000,全国,1980000000,1980年,人
1052,00701,人口集中地区,001,男,209,45～49歳,002,中国,00000,全国,1980000000,1980年,人
495,00701,人口集中地区,001,男,209,45～49歳,003,アメリカ,00000,全国,1980000000,1980年,人
667,00701,人口集中地区,001,男,209,45～49歳,004,その他,00000,全国,1980000000,1980年,人
13696,00701,人口集中地区,001,男,210,50～54歳,000,国籍総数,00000,全国,1980000000,1980年,人
10959,00701,人口集中地区,001,男,210,50～54歳,001,韓国・朝鮮,00000,全国,1980000000,1980年,人
1140,00701,人口集中地区,001,男,210,50～54歳,002,中国,00000,全国,1980000000,1980年,人
625,00701,人口集中地区,001,男,210,50～54歳,003,アメリカ,00000,全国,1980000000,1980年,人
658,00701,人口集中地区,001,男,210,50～54歳,004,その他,00000,全国,1980000000,1980年,人
14562,00701,人口集中地区,001,男,211,55～59歳,000,国籍総数,00000,全国,1980000000,1980年,人
11888,00701,人口集中地区,001,男,211,55～59歳,001,韓国・朝鮮,00000,全国,1980000000,1980年,人
1409,00701,人口集中地区,001,男,211,55～59歳,002,中国,00000,全国,1980000000,1980年,人
451,00701,人口集中地区,001,男,211,55～59歳,003,アメリカ,00000,全国,1980000000,1980年,人
419,00701,人口集中地区,001,男,211,55～59歳,004,その他,00000,全国,1980000000,1980年,人
10707,00701,人口集中地区,001,男,212,60～64歳,000,国籍総数,00000,全国,1980000000,1980年,人
9014,00701,人口集中地区,001,男,212,60～64歳,001,韓国・朝鮮,00000,全国,1980000000,1980年,人
881,00701,人口集中地区,001,男,212,60～64歳,002,中国,00000,全国,1980000000,1980年,人
286,00701,人口集中地区,001,男,212,60～64歳,003,アメリカ,00000,全国,1980000000,1980年,人
233,00701,人口集中地区,001,男,212,60～64歳,004,その他,00000,全国,1980000000,1980年,人
7572,00701,人口集中地区,001,男,213,65～69歳,000,国籍総数,00000,全国,1980000000,1980年,人
6435,00701,人口集中地区,001,男,213,65～69歳,001,韓国・朝鮮,00000,全国,1980000000,1980年,人
606,00701,人口集中地区,001,男,213,65～69歳,002,中国,00000,全国,1980000000,1980年,人
160,00701,人口集中地区,001,男,213,65～69歳,003,アメリカ,00000,全国,1980000000,1980年,人
184,00701,人口集中地区,001,男,213,65～69歳,004,その他,00000,全国,1980000000,1980年,人
4520,00701,人口集中地区,001,男,214,70～74歳,000,国籍総数,00000,全国,1980000000,1980年,人
3769,00701,人口集中地区,001,男,214,70～74歳,001,韓国・朝鮮,00000,全国,1980000000,1980年,人
451,00701,人口集中地区,001,男,214,70～74歳,002,中国,00000,全国,1980000000,1980年,人
79,00701,人口集中地区,001,男,214,70～74歳,003,アメリカ,00000,全国,1980000000,1980年,人
109,00701,人口集中地区,001,男,214,70～74歳,004,その他,00000,全国,1980000000,1980年,人
2310,00701,人口集中地区,001,男,215,75～79歳,000,国籍総数,00000,全国,1980000000,1980年,人
1860,00701,人口集中地区,001,男,215,75～79歳,001,韓国・朝鮮,00000,全国,1980000000,1980年,人
274,00701,人口集中地区,001,男,215,75～79歳,002,中国,00000,全国,1980000000,1980年,人
45,00701,人口集中地区,001,男,215,75～79歳,003,アメリカ,00000,全国,1980000000,1980年,人
76,00701,人口集中地区,001,男,215,75～79歳,004,その他,00000,全国,1980000000,1980年,人
811,00701,人口集中地区,001,男,216,80～84歳,000,国籍総数,00000,全国,1980000000,1980年,人
630,00701,人口集中地区,001,男,216,80～84歳,001,韓国・朝鮮,00000,全国,1980000000,1980年,人
95,00701,人口集中地区,001,男,216,80～84歳,002,中国,00000,全国,1980000000,1980年,人
34,00701,人口集中地区,001,男,216,80～84歳,003,アメリカ,00000,全国,1980000000,1980年,人
32,00701,人口集中地区,001,男,216,80～84歳,004,その他,00000,全国,1980000000,1980年,人
234,00701,人口集中地区,001,男,585,85歳以上,000,国籍総数,00000,全国,1980000000,1980年,人
142,00701,人口集中地区,001,男,585,85歳以上,001,韓国・朝鮮,00000,全国,1980000000,1980年,人
43,00701,人口集中地区,001,男,585,85歳以上,002,中国,00000,全国,1980000000,1980年,人
18,00701,人口集中地区,001,男,585,85歳以上,003,アメリカ,00000,全国,1980000000,1980年,人
21,00701,人口集中地区,001,男,585,85歳以上,004,その他,00000,全国,1980000000,1980年,人
280797,00701,人口集中地区,002,女,T01,総数,000,国籍総数,00000,全国,1980000000,1980年,人
236090,00701,人口集中地区,002,女,T01,総数,001,韓国・朝鮮,00000,全国,1980000000,1980年,人
18616,00701,人口集中地区,002,女,T01,総数,002,中国,00000,全国,1980000000,1980年,人
7086,00701,人口集中地区,002,女,T01,総数,003,アメリカ,00000,全国,1980000000,1980年,人
11474,00701,人口集中地区,002,女,T01,総数,004,その他,00000,全国,1980000000,1980年,人
24013,00701,人口集中地区,002,女,200,0～4歳,000,国籍総数,00000,全国,1980000000,1980年,人
20402,00701,人口集中地区,002,女,200,0～4歳,001,韓国・朝鮮,00000,全国,1980000000,1980年,人
1295,00701,人口集中地区,002,女,200,0～4歳,002,中国,00000,全国,1980000000,1980年,人
586,00701,人口集中地区,002,女,200,0～4歳,003,アメリカ,00000,全国,1980000000,1980年,人
1017,00701,人口集中地区,002,女,200,0～4歳,004,その他,00000,全国,1980000000,1980年,人
27291,00701,人口集中地区,002,女,201,5～9歳,000,国籍総数,00000,全国,1980000000,1980年,人
23694,00701,人口集中地区,002,女,201,5～9歳,001,韓国・朝鮮,00000,全国,1980000000,1980年,人
1360,00701,人口集中地区,002,女,201,5～9歳,002,中国,00000,全国,1980000000,1980年,人
639,00701,人口集中地区,002,女,201,5～9歳,003,アメリカ,00000,全国,1980000000,1980年,人
901,00701,人口集中地区,002,女,201,5～9歳,004,その他,00000,全国,1980000000,1980年,人
24929,00701,人口集中地区,002,女,202,10～14歳,000,国籍総数,00000,全国,1980000000,1980年,人
21846,00701,人口集中地区,002,女,202,10～14歳,001,韓国・朝鮮,00000,全国,1980000000,1980年,人
1350,00701,人口集中地区,002,女,202,10～14歳,002,中国,00000,全国,1980000000,1980年,人
537,00701,人口集中地区,002,女,202,10～14歳,003,アメリカ,00000,全国,1980000000,1980年,人
656,00701,人口集中地区,002,女,202,10～14歳,004,その他,00000,全国,1980000000,1980年,人
24508,00701,人口集中地区,002,女,203,15～19歳,000,国籍総数,00000,全国,1980000000,1980年,人
21420,00701,人口集中地区,002,女,203,15～19歳,001,韓国・朝鮮,00000,全国,1980000000,1980年,人
1294,00701,人口集中地区,002,女,203,15～19歳,002,中国,00000,全国,1980000000,1980年,人
553,00701,人口集中地区,002,女,203,15～19歳,003,アメリカ,00000,全国,1980000000,1980年,人
689,00701,人口集中地区,002,女,203,15～19歳,004,その他,00000,全国,1980000000,1980年,人
25286,00701,人口集中地区,002,女,204,20～24歳,000,国籍総数,00000,全国,1980000000,1980年,人
20452,00701,人口集中地区,002,女,204,20～24歳,001,韓国・朝鮮,00000,全国,1980000000,1980年,人
1912,00701,人口集中地区,002,女,204,20～24歳,002,中国,00000,全国,1980000000,1980年,人
787,00701,人口集中地区,002,女,204,20～24歳,003,アメリカ,00000,全国,1980000000,1980年,人
1497,00701,人口集中地区,002,女,204,20～24歳,004,その他,00000,全国,1980000000,1980年,人
27861,00701,人口集中地区,002,女,205,25～29歳,000,国籍総数,00000,全国,1980000000,1980年,人
21489,00701,人口集中地区,002,女,205,25～29歳,001,韓国・朝鮮,00000,全国,1980000000,1980年,人
2580,00701,人口集中地区,002,女,205,25～29歳,002,中国,00000,全国,1980000000,1980年,人
861,00701,人口集中地区,002,女,205,25～29歳,003,アメリカ,00000,全国,1980000000,1980年,人
2002,00701,人口集中地区,002,女,205,25～29歳,004,その他,00000,全国,1980000000,1980年,人
25904,00701,人口集中地区,002,女,206,30～34歳,000,国籍総数,00000,全国,1980000000,1980年,人
20745,00701,人口集中地区,002,女,206,30～34歳,001,韓国・朝鮮,00000,全国,1980000000,1980年,人
2150,00701,人口集中地区,002,女,206,30～34歳,002,中国,00000,全国,1980000000,1980年,人
690,00701,人口集中地区,002,女,206,30～34歳,003,アメリカ,00000,全国,1980000000,1980年,人
1587,00701,人口集中地区,002,女,206,30～34歳,004,その他,00000,全国,1980000000,1980年,人
21273,00701,人口集中地区,002,女,207,35～39歳,000,国籍総数,00000,全国,1980000000,1980年,人
17930,00701,人口集中地区,002,女,207,35～39歳,001,韓国・朝鮮,00000,全国,1980000000,1980年,人
1272,00701,人口集中地区,002,女,207,35～39歳,002,中国,00000,全国,1980000000,1980年,人
493,00701,人口集中地区,002,女,207,35～39歳,003,アメリカ,00000,全国,1980000000,1980年,人
958,00701,人口集中地区,002,女,207,35～39歳,004,その他,00000,全国,1980000000,1980年,人
17891,00701,人口集中地区,002,女,208,40～44歳,000,国籍総数,00000,全国,1980000000,1980年,人
15443,00701,人口集中地区,002,女,208,40～44歳,001,韓国・朝鮮,00000,全国,1980000000,1980年,人
1063,00701,人口集中地区,002,女,208,40～44歳,002,中国,00000,全国,1980000000,1980年,人
357,00701,人口集中地区,002,女,208,40～44歳,003,アメリカ,00000,全国,1980000000,1980年,人
587,00701,人口集中地区,002,女,208,40～44歳,004,その他,00000,全国,1980000000,1980年,人
14102,00701,人口集中地区,002,女,209,45～49歳,000,国籍総数,00000,全国,1980000000,1980年,人
12041,00701,人口集中地区,002,女,209,45～49歳,001,韓国・朝鮮,00000,全国,1980000000,1980年,人
866,00701,人口集中地区,002,女,209,45～49歳,002,中国,00000,全国,1980000000,1980年,人
416,00701,人口集中地区,002,女,209,45～49歳,003,アメリカ,00000,全国,1980000000,1980年,人
427,00701,人口集中地区,002,女,209,45～49歳,004,その他,00000,全国,1980000000,1980年,人
12138,00701,人口集中地区,002,女,210,50～54歳,000,国籍総数,00000,全国,1980000000,1980年,人
10014,00701,人口集中地区,002,女,210,50～54歳,001,韓国・朝鮮,00000,全国,1980000000,1980年,人
989,00701,人口集中地区,002,女,210,50～54歳,002,中国,00000,全国,1980000000,1980年,人
470,00701,人口集中地区,002,女,210,50～54歳,003,アメリカ,00000,全国,1980000000,1980年,人
344,00701,人口集中地区,002,女,210,50～54歳,004,その他,00000,全国,1980000000,1980年,人
11787,00701,人口集中地区,002,女,211,55～59歳,000,国籍総数,00000,全国,1980000000,1980年,人
10002,00701,人口集中地区,002,女,211,55～59歳,001,韓国・朝鮮,00000,全国,1980000000,1980年,人
885,00701,人口集中地区,002,女,211,55～59歳,002,中国,00000,全国,1980000000,1980年,人
324,00701,人口集中地区,002,女,211,55～59歳,003,アメリカ,00000,全国,1980000000,1980年,人
245,00701,人口集中地区,002,女,211,55～59歳,004,その他,00000,全国,1980000000,1980年,人
8208,00701,人口集中地区,002,女,212,60～64歳,000,国籍総数,00000,全国,1980000000,1980年,人
7050,00701,人口集中地区,002,女,212,60～64歳,001,韓国・朝鮮,00000,全国,1980000000,1980年,人
613,00701,人口集中地区,002,女,212,60～64歳,002,中国,00000,全国,1980000000,1980年,人
168,00701,人口集中地区,002,女,212,60～64歳,003,アメリカ,00000,全国,1980000000,1980年,人
169,00701,人口集中地区,002,女,212,60～64歳,004,その他,00000,全国,1980000000,1980年,人
6684,00701,人口集中地区,002,女,213,65～69歳,000,国籍総数,00000,全国,1980000000,1980年,人
5845,00701,人口集中地区,002,女,213,65～69歳,001,韓国・朝鮮,00000,全国,1980000000,1980年,人
452,00701,人口集中地区,002,女,213,65～69歳,002,中国,00000,全国,1980000000,1980年,人
97,00701,人口集中地区,002,女,213,65～69歳,003,アメリカ,00000,全国,1980000000,1980年,人
108,00701,人口集中地区,002,女,213,65～69歳,004,その他,00000,全国,1980000000,1980年,人
4554,00701,人口集中地区,002,女,214,70～74歳,000,国籍総数,00000,全国,1980000000,1980年,人
3968,00701,人口集中地区,002,女,214,70～74歳,001,韓国・朝鮮,00000,全国,1980000000,1980年,人
298,00701,人口集中地区,002,女,214,70～74歳,002,中国,00000,全国,1980000000,1980年,人
48,00701,人口集中地区,002,女,214,70～74歳,003,アメリカ,00000,全国,1980000000,1980年,人
108,00701,人口集中地区,002,女,214,70～74歳,004,その他,00000,全国,1980000000,1980年,人
2561,00701,人口集中地区,002,女,215,75～79歳,000,国籍総数,00000,全国,1980000000,1980年,人
2214,00701,人口集中地区,002,女,215,75～79歳,001,韓国・朝鮮,00000,全国,1980000000,1980年,人
154,00701,人口集中地区,002,女,215,75～79歳,002,中国,00000,全国,1980000000,1980年,人
29,00701,人口集中地区,002,女,215,75～79歳,003,アメリカ,00000,全国,1980000000,1980年,人
76,00701,人口集中地区,002,女,215,75～79歳,004,その他,00000,全国,1980000000,1980年,人
1256,00701,人口集中地区,002,女,216,80～84歳,000,国籍総数,00000,全国,1980000000,1980年,人
1076,00701,人口集中地区,002,女,216,80～84歳,001,韓国・朝鮮,00000,全国,1980000000,1980年,人
58,00701,人口集中地区,002,女,216,80～84歳,002,中国,00000,全国,1980000000,1980年,人
18,00701,人口集中地区,002,女,216,80～84歳,003,アメリカ,00000,全国,1980000000,1980年,人
59,00701,人口集中地区,002,女,216,80～84歳,004,その他,00000,全国,1980000000,1980年,人
551,00701,人口集中地区,002,女,585,85歳以上,000,国籍総数,00000,全国,1980000000,1980年,人
459,00701,人口集中地区,002,女,585,85歳以上,001,韓国・朝鮮,00000,全国,1980000000,1980年,人
25,00701,人口集中地区,002,女,585,85歳以上,002,中国,00000,全国,1980000000,1980年,人
13,00701,人口集中地区,002,女,585,85歳以上,003,アメリカ,00000,全国,1980000000,1980年,人
44,00701,人口集中地区,002,女,585,85歳以上,004,その他,00000,全国,1980000000,1980年,人
