value,cat01,cat01_label,cat02,cat02_label,cat03,cat03_label,area,area_label,time,time_label,unit
117060396,00700,全域,000,男女総数,000,総数,00000,全国,1980000000,1980年,人
89187409,00700,全域,000,男女総数,000,総数,00001,全国市部,1980000000,1980年,人
27872987,00700,全域,000,男女総数,000,総数,00002,全国郡部,1980000000,1980年,人
5575989,00700,全域,000,男女総数,000,総数,01000,北海道,1980000000,1980年,人
1523907,00700,全域,000,男女総数,000,総数,02000,青森県,1980000000,1980年,人
1421927,00700,全域,000,男女総数,000,総数,03000,岩手県,1980000000,1980年,人
2082320,00700,全域,000,男女総数,000,総数,04000,宮城県,1980000000,1980年,人
1256745,00700,全域,000,男女総数,000,総数,05000,秋田県,1980000000,1980年,人
1251917,00700,全域,000,男女総数,000,総数,06000,山形県,1980000000,1980年,人
2035272,00700,全域,000,男女総数,000,総数,07000,福島県,1980000000,1980年,人
2558007,00700,全域,000,男女総数,000,総数,08000,茨城県,1980000000,1980年,人
1792201,00700,全域,000,男女総数,000,総数,09000,栃木県,1980000000,1980年,人
1848562,00700,全域,000,男女総数,000,総数,10000,群馬県,1980000000,1980年,人
5420480,00700,全域,000,男女総数,000,総数,11000,埼玉県,1980000000,1980年,人
4735424,00700,全域,000,男女総数,000,総数,12000,千葉県,1980000000,1980年,人
11618281,00700,全域,000,男女総数,000,総数,13000,東京都,1980000000,1980年,人
6924348,00700,全域,000,男女総数,000,総数,14000,神奈川県,1980000000,1980年,人
2451357,00700,全域,000,男女総数,000,総数,15000,新潟県,1980000000,1980年,人
1103459,00700,全域,000,男女総数,000,総数,16000,富山県,1980000000,1980年,人
1119304,00700,全域,000,男女総数,000,総数,17000,石川県,1980000000,1980年,人
794354,00700,全域,000,男女総数,000,総数,18000,福井県,1980000000,1980年,人
804256,00700,全域,000,男女総数,000,総数,19000,山梨県,1980000000,1980年,人
2083934,00700,全域,000,男女総数,000,総数,20000,長野県,1980000000,1980年,人
1960107,00700,全域,000,男女総数,000,総数,21000,岐阜県,1980000000,1980年,人
3446804,00700,全域,000,男女総数,000,総数,22000,静岡県,1980000000,1980年,人
6221638,00700,全域,000,男女総数,000,総数,23000,愛知県,1980000000,1980年,人
1686936,00700,全域,000,男女総数,000,総数,24000,三重県,1980000000,1980年,人
1079898,00700,全域,000,男女総数,000,総数,25000,滋賀県,1980000000,1980年,人
2527330,00700,全域,000,男女総数,000,総数,26000,京都府,1980000000,1980年,人
8473446,00700,全域,000,男女総数,000,総数,27000,大阪府,1980000000,1980年,人
5144892,00700,全域,000,男女総数,000,総数,28000,兵庫県,1980000000,1980年,人
1209365,00700,全域,000,男女総数,000,総数,29000,奈良県,1980000000,1980年,人
1087012,00700,全域,000,男女総数,000,総数,30000,和歌山県,1980000000,1980年,人
604221,00700,全域,000,男女総数,000,総数,31000,鳥取県,1980000000,1980年,人
784795,00700,全域,000,男女総数,000,総数,32000,島根県,1980000000,1980年,人
1871023,00700,全域,000,男女総数,000,総数,33000,岡山県,1980000000,1980年,人
2739161,00700,全域,000,男女総数,000,総数,34000,広島県,1980000000,1980年,人
1587079,00700,全域,000,男女総数,000,総数,35000,山口県,1980000000,1980年,人
825261,00700,全域,000,男女総数,000,総数,36000,徳島県,1980000000,1980年,人
999864,00700,全域,000,男女総数,000,総数,37000,香川県,1980000000,1980年,人
1506637,00700,全域,000,男女総数,000,総数,38000,愛媛県,1980000000,1980年,人
831275,00700,全域,000,男女総数,000,総数,39000,高知県,1980000000,1980年,人
4553461,00700,全域,000,男女総数,000,総数,40000,福岡県,1980000000,1980年,人
865574,00700,全域,000,男女総数,000,総数,41000,佐賀県,1980000000,1980年,人
1590564,00700,全域,000,男女総数,000,総数,42000,長崎県,1980000000,1980年,人
1790327,00700,全域,000,男女総数,000,総数,43000,熊本県,1980000000,1980年,人
1228913,00700,全域,000,男女総数,000,総数,44000,大分県,1980000000,1980年,人
1151587,00700,全域,000,男女総数,000,総数,45000,宮崎県,1980000000,1980年,人
1784623,00700,全域,000,男女総数,000,総数,46000,鹿児島県,1980000000,1980年,人
1106559,00700,全域,000,男女総数,000,総数,47000,沖縄県,1980000000,1980年,人
8515416,00700,全域,000,男女総数,001,０－４歳,00000,全国,1980000000,1980年,人
6543353,00700,全域,000,男女総数,001,０－４歳,00001,全国市部,1980000000,1980年,人
1972063,00700,全域,000,男女総数,001,０－４歳,00002,全国郡部,1980000000,1980年,人
407498,00700,全域,000,男女総数,001,０－４歳,01000,北海道,1980000000,1980年,人
112171,00700,全域,000,男女総数,001,０－４歳,02000,青森県,1980000000,1980年,人
102771,00700,全域,000,男女総数,001,０－４歳,03000,岩手県,1980000000,1980年,人
160137,00700,全域,000,男女総数,001,０－４歳,04000,宮城県,1980000000,1980年,人
85602,00700,全域,000,男女総数,001,０－４歳,05000,秋田県,1980000000,1980年,人
87122,00700,全域,000,男女総数,001,０－４歳,06000,山形県,1980000000,1980年,人
153395,00700,全域,000,男女総数,001,０－４歳,07000,福島県,1980000000,1980年,人
197471,00700,全域,000,男女総数,001,０－４歳,08000,茨城県,1980000000,1980年,人
139275,00700,全域,000,男女総数,001,０－４歳,09000,栃木県,1980000000,1980年,人
137741,00700,全域,000,男女総数,001,０－４歳,10000,群馬県,1980000000,1980年,人
434011,00700,全域,000,男女総数,001,０－４歳,11000,埼玉県,1980000000,1980年,人
374804,00700,全域,000,男女総数,001,０－４歳,12000,千葉県,1980000000,1980年,人
715230,00700,全域,000,男女総数,001,０－４歳,13000,東京都,1980000000,1980年,人
517278,00700,全域,000,男女総数,001,０－４歳,14000,神奈川県,1980000000,1980年,人
176969,00700,全域,000,男女総数,001,０－４歳,15000,新潟県,1980000000,1980年,人
76452,00700,全域,000,男女総数,001,０－４歳,16000,富山県,1980000000,1980年,人
83466,00700,全域,000,男女総数,001,０－４歳,17000,石川県,1980000000,1980年,人
57358,00700,全域,000,男女総数,001,０－４歳,18000,福井県,1980000000,1980年,人
55028,00700,全域,000,男女総数,001,０－４歳,19000,山梨県,1980000000,1980年,人
147543,00700,全域,000,男女総数,001,０－４歳,20000,長野県,1980000000,1980年,人
142688,00700,全域,000,男女総数,001,０－４歳,21000,岐阜県,1980000000,1980年,人
259599,00700,全域,000,男女総数,001,０－４歳,22000,静岡県,1980000000,1980年,人
476917,00700,全域,000,男女総数,001,０－４歳,23000,愛知県,1980000000,1980年,人
116918,00700,全域,000,男女総数,001,０－４歳,24000,三重県,1980000000,1980年,人
86794,00700,全域,000,男女総数,001,０－４歳,25000,滋賀県,1980000000,1980年,人
178281,00700,全域,000,男女総数,001,０－４歳,26000,京都府,1980000000,1980年,人
612532,00700,全域,000,男女総数,001,０－４歳,27000,大阪府,1980000000,1980年,人
376457,00700,全域,000,男女総数,001,０－４歳,28000,兵庫県,1980000000,1980年,人
88473,00700,全域,000,男女総数,001,０－４歳,29000,奈良県,1980000000,1980年,人
73060,00700,全域,000,男女総数,001,０－４歳,30000,和歌山県,1980000000,1980年,人
42884,00700,全域,000,男女総数,001,０－４歳,31000,鳥取県,1980000000,1980年,人
53087,00700,全域,000,男女総数,001,０－４歳,32000,島根県,1980000000,1980年,人
131906,00700,全域,000,男女総数,001,０－４歳,33000,岡山県,1980000000,1980年,人
201603,00700,全域,000,男女総数,001,０－４歳,34000,広島県,1980000000,1980年,人
108570,00700,全域,000,男女総数,001,０－４歳,35000,山口県,1980000000,1980年,人
54955,00700,全域,000,男女総数,001,０－４歳,36000,徳島県,1980000000,1980年,人
70716,00700,全域,000,男女総数,001,０－４歳,37000,香川県,1980000000,1980年,人
106027,00700,全域,000,男女総数,001,０－４歳,38000,愛媛県,1980000000,1980年,人
54321,00700,全域,000,男女総数,001,０－４歳,39000,高知県,1980000000,1980年,人
340210,00700,全域,000,男女総数,001,０－４歳,40000,福岡県,1980000000,1980年,人
64541,00700,全域,000,男女総数,001,０－４歳,41000,佐賀県,1980000000,1980年,人
118379,00700,全域,000,男女総数,001,０－４歳,42000,長崎県,1980000000,1980年,人
126547,00700,全域,000,男女総数,001,０－４歳,43000,熊本県,1980000000,1980年,人
87901,00700,全域,000,男女総数,001,０－４歳,44000,大分県,1980000000,1980年,人
90220,00700,全域,000,男女総数,001,０－４歳,45000,宮崎県,1980000000,1980年,人
126262,00700,全域,000,男女総数,001,０－４歳,46000,鹿児島県,1980000000,1980年,人
104246,00700,全域,000,男女総数,001,０－４歳,47000,沖縄県,1980000000,1980年,人
10032034,00700,全域,000,男女総数,002,５－９歳,00000,全国,1980000000,1980年,人
7756057,00700,全域,000,男女総数,002,５－９歳,00001,全国市部,1980000000,1980年,人
2275977,00700,全域,000,男女総数,002,５－９歳,00002,全国郡部,1980000000,1980年,人
465277,00700,全域,000,男女総数,002,５－９歳,01000,北海道,1980000000,1980年,人
128051,00700,全域,000,男女総数,002,５－９歳,02000,青森県,1980000000,1980年,人
113133,00700,全域,000,男女総数,002,５－９歳,03000,岩手県,1980000000,1980年,人
169826,00700,全域,000,男女総数,002,５－９歳,04000,宮城県,1980000000,1980年,人
90290,00700,全域,000,男女総数,002,５－９歳,05000,秋田県,1980000000,1980年,人
90633,00700,全域,000,男女総数,002,５－９歳,06000,山形県,1980000000,1980年,人
163208,00700,全域,000,男女総数,002,５－９歳,07000,福島県,1980000000,1980年,人
231513,00700,全域,000,男女総数,002,５－９歳,08000,茨城県,1980000000,1980年,人
158550,00700,全域,000,男女総数,002,５－９歳,09000,栃木県,1980000000,1980年,人
161921,00700,全域,000,男女総数,002,５－９歳,10000,群馬県,1980000000,1980年,人
553901,00700,全域,000,男女総数,002,５－９歳,11000,埼玉県,1980000000,1980年,人
459737,00700,全域,000,男女総数,002,５－９歳,12000,千葉県,1980000000,1980年,人
865035,00700,全域,000,男女総数,002,５－９歳,13000,東京都,1980000000,1980年,人
633171,00700,全域,000,男女総数,002,５－９歳,14000,神奈川県,1980000000,1980年,人
193069,00700,全域,000,男女総数,002,５－９歳,15000,新潟県,1980000000,1980年,人
93102,00700,全域,000,男女総数,002,５－９歳,16000,富山県,1980000000,1980年,人
99238,00700,全域,000,男女総数,002,５－９歳,17000,石川県,1980000000,1980年,人
66108,00700,全域,000,男女総数,002,５－９歳,18000,福井県,1980000000,1980年,人
64265,00700,全域,000,男女総数,002,５－９歳,19000,山梨県,1980000000,1980年,人
168140,00700,全域,000,男女総数,002,５－９歳,20000,長野県,1980000000,1980年,人
173595,00700,全域,000,男女総数,002,５－９歳,21000,岐阜県,1980000000,1980年,人
304565,00700,全域,000,男女総数,002,５－９歳,22000,静岡県,1980000000,1980年,人
579665,00700,全域,000,男女総数,002,５－９歳,23000,愛知県,1980000000,1980年,人
141922,00700,全域,000,男女総数,002,５－９歳,24000,三重県,1980000000,1980年,人
97866,00700,全域,000,男女総数,002,５－９歳,25000,滋賀県,1980000000,1980年,人
213378,00700,全域,000,男女総数,002,５－９歳,26000,京都府,1980000000,1980年,人
767953,00700,全域,000,男女総数,002,５－９歳,27000,大阪府,1980000000,1980年,人
453343,00700,全域,000,男女総数,002,５－９歳,28000,兵庫県,1980000000,1980年,人
108732,00700,全域,000,男女総数,002,５－９歳,29000,奈良県,1980000000,1980年,人
89112,00700,全域,000,男女総数,002,５－９歳,30000,和歌山県,1980000000,1980年,人
46832,00700,全域,000,男女総数,002,５－９歳,31000,鳥取県,1980000000,1980年,人
59654,00700,全域,000,男女総数,002,５－９歳,32000,島根県,1980000000,1980年,人
157467,00700,全域,000,男女総数,002,５－９歳,33000,岡山県,1980000000,1980年,人
240992,00700,全域,000,男女総数,002,５－９歳,34000,広島県,1980000000,1980年,人
129724,00700,全域,000,男女総数,002,５－９歳,35000,山口県,1980000000,1980年,人
62854,00700,全域,000,男女総数,002,５－９歳,36000,徳島県,1980000000,1980年,人
82177,00700,全域,000,男女総数,002,５－９歳,37000,香川県,1980000000,1980年,人
124029,00700,全域,000,男女総数,002,５－９歳,38000,愛媛県,1980000000,1980年,人
63840,00700,全域,000,男女総数,002,５－９歳,39000,高知県,1980000000,1980年,人
376543,00700,全域,000,男女総数,002,５－９歳,40000,福岡県,1980000000,1980年,人
69820,00700,全域,000,男女総数,002,５－９歳,41000,佐賀県,1980000000,1980年,人
134982,00700,全域,000,男女総数,002,５－９歳,42000,長崎県,1980000000,1980年,人
136847,00700,全域,000,男女総数,002,５－９歳,43000,熊本県,1980000000,1980年,人
98569,00700,全域,000,男女総数,002,５－９歳,44000,大分県,1980000000,1980年,人
96612,00700,全域,000,男女総数,002,５－９歳,45000,宮崎県,1980000000,1980年,人
137300,00700,全域,000,男女総数,002,５－９歳,46000,鹿児島県,1980000000,1980年,人
115493,00700,全域,000,男女総数,002,５－９歳,47000,沖縄県,1980000000,1980年,人
8959628,00700,全域,000,男女総数,003,１０－１４歳,00000,全国,1980000000,1980年,人
6868366,00700,全域,000,男女総数,003,１０－１４歳,00001,全国市部,1980000000,1980年,人
2091262,00700,全域,000,男女総数,003,１０－１４歳,00002,全国郡部,1980000000,1980年,人
425549,00700,全域,000,男女総数,003,１０－１４歳,01000,北海道,1980000000,1980年,人
126232,00700,全域,000,男女総数,003,１０－１４歳,02000,青森県,1980000000,1980年,人
110110,00700,全域,000,男女総数,003,１０－１４歳,03000,岩手県,1980000000,1980年,人
150589,00700,全域,000,男女総数,003,１０－１４歳,04000,宮城県,1980000000,1980年,人
87385,00700,全域,000,男女総数,003,１０－１４歳,05000,秋田県,1980000000,1980年,人
84949,00700,全域,000,男女総数,003,１０－１４歳,06000,山形県,1980000000,1980年,人
150237,00700,全域,000,男女総数,003,１０－１４歳,07000,福島県,1980000000,1980年,人
199482,00700,全域,000,男女総数,003,１０－１４歳,08000,茨城県,1980000000,1980年,人
135407,00700,全域,000,男女総数,003,１０－１４歳,09000,栃木県,1980000000,1980年,人
141886,00700,全域,000,男女総数,003,１０－１４歳,10000,群馬県,1980000000,1980年,人
470509,00700,全域,000,男女総数,003,１０－１４歳,11000,埼玉県,1980000000,1980年,人
390373,00700,全域,000,男女総数,003,１０－１４歳,12000,千葉県,1980000000,1980年,人
813422,00700,全域,000,男女総数,003,１０－１４歳,13000,東京都,1980000000,1980年,人
552614,00700,全域,000,男女総数,003,１０－１４歳,14000,神奈川県,1980000000,1980年,人
182080,00700,全域,000,男女総数,003,１０－１４歳,15000,新潟県,1980000000,1980年,人
80381,00700,全域,000,男女総数,003,１０－１４歳,16000,富山県,1980000000,1980年,人
83264,00700,全域,000,男女総数,003,１０－１４歳,17000,石川県,1980000000,1980年,人
58030,00700,全域,000,男女総数,003,１０－１４歳,18000,福井県,1980000000,1980年,人
62873,00700,全域,000,男女総数,003,１０－１４歳,19000,山梨県,1980000000,1980年,人
152930,00700,全域,000,男女総数,003,１０－１４歳,20000,長野県,1980000000,1980年,人
154466,00700,全域,000,男女総数,003,１０－１４歳,21000,岐阜県,1980000000,1980年,人
268652,00700,全域,000,男女総数,003,１０－１４歳,22000,静岡県,1980000000,1980年,人
498777,00700,全域,000,男女総数,003,１０－１４歳,23000,愛知県,1980000000,1980年,人
127129,00700,全域,000,男女総数,003,１０－１４歳,24000,三重県,1980000000,1980年,人
81077,00700,全域,000,男女総数,003,１０－１４歳,25000,滋賀県,1980000000,1980年,人
184289,00700,全域,000,男女総数,003,１０－１４歳,26000,京都府,1980000000,1980年,人
687098,00700,全域,000,男女総数,003,１０－１４歳,27000,大阪府,1980000000,1980年,人
397970,00700,全域,000,男女総数,003,１０－１４歳,28000,兵庫県,1980000000,1980年,人
94281,00700,全域,000,男女総数,003,１０－１４歳,29000,奈良県,1980000000,1980年,人
81805,00700,全域,000,男女総数,003,１０－１４歳,30000,和歌山県,1980000000,1980年,人
40915,00700,全域,000,男女総数,003,１０－１４歳,31000,鳥取県,1980000000,1980年,人
54569,00700,全域,000,男女総数,003,１０－１４歳,32000,島根県,1980000000,1980年,人
134881,00700,全域,000,男女総数,003,１０－１４歳,33000,岡山県,1980000000,1980年,人
204559,00700,全域,000,男女総数,003,１０－１４歳,34000,広島県,1980000000,1980年,人
116110,00700,全域,000,男女総数,003,１０－１４歳,35000,山口県,1980000000,1980年,人
57486,00700,全域,000,男女総数,003,１０－１４歳,36000,徳島県,1980000000,1980年,人
69351,00700,全域,000,男女総数,003,１０－１４歳,37000,香川県,1980000000,1980年,人
111206,00700,全域,000,男女総数,003,１０－１４歳,38000,愛媛県,1980000000,1980年,人
55488,00700,全域,000,男女総数,003,１０－１４歳,39000,高知県,1980000000,1980年,人
333029,00700,全域,000,男女総数,003,１０－１４歳,40000,福岡県,1980000000,1980年,人
66259,00700,全域,000,男女総数,003,１０－１４歳,41000,佐賀県,1980000000,1980年,人
131839,00700,全域,000,男女総数,003,１０－１４歳,42000,長崎県,1980000000,1980年,人
131633,00700,全域,000,男女総数,003,１０－１４歳,43000,熊本県,1980000000,1980年,人
89920,00700,全域,000,男女総数,003,１０－１４歳,44000,大分県,1980000000,1980年,人
86934,00700,全域,000,男女総数,003,１０－１４歳,45000,宮崎県,1980000000,1980年,人
135949,00700,全域,000,男女総数,003,１０－１４歳,46000,鹿児島県,1980000000,1980年,人
105654,00700,全域,000,男女総数,003,１０－１４歳,47000,沖縄県,1980000000,1980年,人
8272245,00700,全域,000,男女総数,004,１５－１９歳,00000,全国,1980000000,1980年,人
6427250,00700,全域,000,男女総数,004,１５－１９歳,00001,全国市部,1980000000,1980年,人
1844995,00700,全域,000,男女総数,004,１５－１９歳,00002,全国郡部,1980000000,1980年,人
410100,00700,全域,000,男女総数,004,１５－１９歳,01000,北海道,1980000000,1980年,人
116892,00700,全域,000,男女総数,004,１５－１９歳,02000,青森県,1980000000,1980年,人
101109,00700,全域,000,男女総数,004,１５－１９歳,03000,岩手県,1980000000,1980年,人
153089,00700,全域,000,男女総数,004,１５－１９歳,04000,宮城県,1980000000,1980年,人
85816,00700,全域,000,男女総数,004,１５－１９歳,05000,秋田県,1980000000,1980年,人
83916,00700,全域,000,男女総数,004,１５－１９歳,06000,山形県,1980000000,1980年,人
145490,00700,全域,000,男女総数,004,１５－１９歳,07000,福島県,1980000000,1980年,人
172715,00700,全域,000,男女総数,004,１５－１９歳,08000,茨城県,1980000000,1980年,人
119231,00700,全域,000,男女総数,004,１５－１９歳,09000,栃木県,1980000000,1980年,人
123208,00700,全域,000,男女総数,004,１５－１９歳,10000,群馬県,1980000000,1980年,人
380181,00700,全域,000,男女総数,004,１５－１９歳,11000,埼玉県,1980000000,1980年,人
321435,00700,全域,000,男女総数,004,１５－１９歳,12000,千葉県,1980000000,1980年,人
876161,00700,全域,000,男女総数,004,１５－１９歳,13000,東京都,1980000000,1980年,人
491991,00700,全域,000,男女総数,004,１５－１９歳,14000,神奈川県,1980000000,1980年,人
162266,00700,全域,000,男女総数,004,１５－１９歳,15000,新潟県,1980000000,1980年,人
70385,00700,全域,000,男女総数,004,１５－１９歳,16000,富山県,1980000000,1980年,人
75841,00700,全域,000,男女総数,004,１５－１９歳,17000,石川県,1980000000,1980年,人
53723,00700,全域,000,男女総数,004,１５－１９歳,18000,福井県,1980000000,1980年,人
58499,00700,全域,000,男女総数,004,１５－１９歳,19000,山梨県,1980000000,1980年,人
133384,00700,全域,000,男女総数,004,１５－１９歳,20000,長野県,1980000000,1980年,人
143397,00700,全域,000,男女総数,004,１５－１９歳,21000,岐阜県,1980000000,1980年,人
236196,00700,全域,000,男女総数,004,１５－１９歳,22000,静岡県,1980000000,1980年,人
470750,00700,全域,000,男女総数,004,１５－１９歳,23000,愛知県,1980000000,1980年,人
119567,00700,全域,000,男女総数,004,１５－１９歳,24000,三重県,1980000000,1980年,人
73074,00700,全域,000,男女総数,004,１５－１９歳,25000,滋賀県,1980000000,1980年,人
182015,00700,全域,000,男女総数,004,１５－１９歳,26000,京都府,1980000000,1980年,人
626590,00700,全域,000,男女総数,004,１５－１９歳,27000,大阪府,1980000000,1980年,人
355232,00700,全域,000,男女総数,004,１５－１９歳,28000,兵庫県,1980000000,1980年,人
85823,00700,全域,000,男女総数,004,１５－１９歳,29000,奈良県,1980000000,1980年,人
73128,00700,全域,000,男女総数,004,１５－１９歳,30000,和歌山県,1980000000,1980年,人
39403,00700,全域,000,男女総数,004,１５－１９歳,31000,鳥取県,1980000000,1980年,人
48697,00700,全域,000,男女総数,004,１５－１９歳,32000,島根県,1980000000,1980年,人
123622,00700,全域,000,男女総数,004,１５－１９歳,33000,岡山県,1980000000,1980年,人
177369,00700,全域,000,男女総数,004,１５－１９歳,34000,広島県,1980000000,1980年,人
101102,00700,全域,000,男女総数,004,１５－１９歳,35000,山口県,1980000000,1980年,人
55133,00700,全域,000,男女総数,004,１５－１９歳,36000,徳島県,1980000000,1980年,人
62574,00700,全域,000,男女総数,004,１５－１９歳,37000,香川県,1980000000,1980年,人
101162,00700,全域,000,男女総数,004,１５－１９歳,38000,愛媛県,1980000000,1980年,人
50882,00700,全域,000,男女総数,004,１５－１９歳,39000,高知県,1980000000,1980年,人
319672,00700,全域,000,男女総数,004,１５－１９歳,40000,福岡県,1980000000,1980年,人
62134,00700,全域,000,男女総数,004,１５－１９歳,41000,佐賀県,1980000000,1980年,人
117450,00700,全域,000,男女総数,004,１５－１９歳,42000,長崎県,1980000000,1980年,人
129592,00700,全域,000,男女総数,004,１５－１９歳,43000,熊本県,1980000000,1980年,人
82236,00700,全域,000,男女総数,004,１５－１９歳,44000,大分県,1980000000,1980年,人
77586,00700,全域,000,男女総数,004,１５－１９歳,45000,宮崎県,1980000000,1980年,人
127787,00700,全域,000,男女総数,004,１５－１９歳,46000,鹿児島県,1980000000,1980年,人
94640,00700,全域,000,男女総数,004,１５－１９歳,47000,沖縄県,1980000000,1980年,人
7841026,00700,全域,000,男女総数,005,２０－２４歳,00000,全国,1980000000,1980年,人
6287716,00700,全域,000,男女総数,005,２０－２４歳,00001,全国市部,1980000000,1980年,人
1553310,00700,全域,000,男女総数,005,２０－２４歳,00002,全国郡部,1980000000,1980年,人
376820,00700,全域,000,男女総数,005,２０－２４歳,01000,北海道,1980000000,1980年,人
99932,00700,全域,000,男女総数,005,２０－２４歳,02000,青森県,1980000000,1980年,人
82506,00700,全域,000,男女総数,005,２０－２４歳,03000,岩手県,1980000000,1980年,人
155650,00700,全域,000,男女総数,005,２０－２４歳,04000,宮城県,1980000000,1980年,人
73841,00700,全域,000,男女総数,005,２０－２４歳,05000,秋田県,1980000000,1980年,人
73355,00700,全域,000,男女総数,005,２０－２４歳,06000,山形県,1980000000,1980年,人
125560,00700,全域,000,男女総数,005,２０－２４歳,07000,福島県,1980000000,1980年,人
160760,00700,全域,000,男女総数,005,２０－２４歳,08000,茨城県,1980000000,1980年,人
112274,00700,全域,000,男女総数,005,２０－２４歳,09000,栃木県,1980000000,1980年,人
106948,00700,全域,000,男女総数,005,２０－２４歳,10000,群馬県,1980000000,1980年,人
341335,00700,全域,000,男女総数,005,２０－２４歳,11000,埼玉県,1980000000,1980年,人
296937,00700,全域,000,男女総数,005,２０－２４歳,12000,千葉県,1980000000,1980年,人
1113290,00700,全域,000,男女総数,005,２０－２４歳,13000,東京都,1980000000,1980年,人
501081,00700,全域,000,男女総数,005,２０－２４歳,14000,神奈川県,1980000000,1980年,人
136295,00700,全域,000,男女総数,005,２０－２４歳,15000,新潟県,1980000000,1980年,人
58340,00700,全域,000,男女総数,005,２０－２４歳,16000,富山県,1980000000,1980年,人
69244,00700,全域,000,男女総数,005,２０－２４歳,17000,石川県,1980000000,1980年,人
45790,00700,全域,000,男女総数,005,２０－２４歳,18000,福井県,1980000000,1980年,人
48220,00700,全域,000,男女総数,005,２０－２４歳,19000,山梨県,1980000000,1980年,人
108102,00700,全域,000,男女総数,005,２０－２４歳,20000,長野県,1980000000,1980年,人
117854,00700,全域,000,男女総数,005,２０－２４歳,21000,岐阜県,1980000000,1980年,人
207158,00700,全域,000,男女総数,005,２０－２４歳,22000,静岡県,1980000000,1980年,人
442129,00700,全域,000,男女総数,005,２０－２４歳,23000,愛知県,1980000000,1980年,人
96918,00700,全域,000,男女総数,005,２０－２４歳,24000,三重県,1980000000,1980年,人
67245,00700,全域,000,男女総数,005,２０－２４歳,25000,滋賀県,1980000000,1980年,人
194837,00700,全域,000,男女総数,005,２０－２４歳,26000,京都府,1980000000,1980年,人
591162,00700,全域,000,男女総数,005,２０－２４歳,27000,大阪府,1980000000,1980年,人
324729,00700,全域,000,男女総数,005,２０－２４歳,28000,兵庫県,1980000000,1980年,人
76573,00700,全域,000,男女総数,005,２０－２４歳,29000,奈良県,1980000000,1980年,人
59498,00700,全域,000,男女総数,005,２０－２４歳,30000,和歌山県,1980000000,1980年,人
34151,00700,全域,000,男女総数,005,２０－２４歳,31000,鳥取県,1980000000,1980年,人
37811,00700,全域,000,男女総数,005,２０－２４歳,32000,島根県,1980000000,1980年,人
108780,00700,全域,000,男女総数,005,２０－２４歳,33000,岡山県,1980000000,1980年,人
162833,00700,全域,000,男女総数,005,２０－２４歳,34000,広島県,1980000000,1980年,人
86391,00700,全域,000,男女総数,005,２０－２４歳,35000,山口県,1980000000,1980年,人
47921,00700,全域,000,男女総数,005,２０－２４歳,36000,徳島県,1980000000,1980年,人
54993,00700,全域,000,男女総数,005,２０－２４歳,37000,香川県,1980000000,1980年,人
85032,00700,全域,000,男女総数,005,２０－２４歳,38000,愛媛県,1980000000,1980年,人
44206,00700,全域,000,男女総数,005,２０－２４歳,39000,高知県,1980000000,1980年,人
325454,00700,全域,000,男女総数,005,２０－２４歳,40000,福岡県,1980000000,1980年,人
54520,00700,全域,000,男女総数,005,２０－２４歳,41000,佐賀県,1980000000,1980年,人
95791,00700,全域,000,男女総数,005,２０－２４歳,42000,長崎県,1980000000,1980年,人
114689,00700,全域,000,男女総数,005,２０－２４歳,43000,熊本県,1980000000,1980年,人
69752,00700,全域,000,男女総数,005,２０－２４歳,44000,大分県,1980000000,1980年,人
69473,00700,全域,000,男女総数,005,２０－２４歳,45000,宮崎県,1980000000,1980年,人
104421,00700,全域,000,男女総数,005,２０－２４歳,46000,鹿児島県,1980000000,1980年,人
80425,00700,全域,000,男女総数,005,２０－２４歳,47000,沖縄県,1980000000,1980年,人
9041355,00700,全域,000,男女総数,006,２５－２９歳,00000,全国,1980000000,1980年,人
7081800,00700,全域,000,男女総数,006,２５－２９歳,00001,全国市部,1980000000,1980年,人
1959555,00700,全域,000,男女総数,006,２５－２９歳,00002,全国郡部,1980000000,1980年,人
460048,00700,全域,000,男女総数,006,２５－２９歳,01000,北海道,1980000000,1980年,人
119729,00700,全域,000,男女総数,006,２５－２９歳,02000,青森県,1980000000,1980年,人
105870,00700,全域,000,男女総数,006,２５－２９歳,03000,岩手県,1980000000,1980年,人
172560,00700,全域,000,男女総数,006,２５－２９歳,04000,宮城県,1980000000,1980年,人
95025,00700,全域,000,男女総数,006,２５－２９歳,05000,秋田県,1980000000,1980年,人
93109,00700,全域,000,男女総数,006,２５－２９歳,06000,山形県,1980000000,1980年,人
157768,00700,全域,000,男女総数,006,２５－２９歳,07000,福島県,1980000000,1980年,人
203555,00700,全域,000,男女総数,006,２５－２９歳,08000,茨城県,1980000000,1980年,人
146398,00700,全域,000,男女総数,006,２５－２９歳,09000,栃木県,1980000000,1980年,人
140494,00700,全域,000,男女総数,006,２５－２９歳,10000,群馬県,1980000000,1980年,人
418112,00700,全域,000,男女総数,006,２５－２９歳,11000,埼玉県,1980000000,1980年,人
373636,00700,全域,000,男女総数,006,２５－２９歳,12000,千葉県,1980000000,1980年,人
1010762,00700,全域,000,男女総数,006,２５－２９歳,13000,東京都,1980000000,1980年,人
564655,00700,全域,000,男女総数,006,２５－２９歳,14000,神奈川県,1980000000,1980年,人
182587,00700,全域,000,男女総数,006,２５－２９歳,15000,新潟県,1980000000,1980年,人
75599,00700,全域,000,男女総数,006,２５－２９歳,16000,富山県,1980000000,1980年,人
79798,00700,全域,000,男女総数,006,２５－２９歳,17000,石川県,1980000000,1980年,人
56609,00700,全域,000,男女総数,006,２５－２９歳,18000,福井県,1980000000,1980年,人
56157,00700,全域,000,男女総数,006,２５－２９歳,19000,山梨県,1980000000,1980年,人
140036,00700,全域,000,男女総数,006,２５－２９歳,20000,長野県,1980000000,1980年,人
138411,00700,全域,000,男女総数,006,２５－２９歳,21000,岐阜県,1980000000,1980年,人
265447,00700,全域,000,男女総数,006,２５－２９歳,22000,静岡県,1980000000,1980年,人
483281,00700,全域,000,男女総数,006,２５－２９歳,23000,愛知県,1980000000,1980年,人
116286,00700,全域,000,男女総数,006,２５－２９歳,24000,三重県,1980000000,1980年,人
80928,00700,全域,000,男女総数,006,２５－２９歳,25000,滋賀県,1980000000,1980年,人
183051,00700,全域,000,男女総数,006,２５－２９歳,26000,京都府,1980000000,1980年,人
657664,00700,全域,000,男女総数,006,２５－２９歳,27000,大阪府,1980000000,1980年,人
382915,00700,全域,000,男女総数,006,２５－２９歳,28000,兵庫県,1980000000,1980年,人
88124,00700,全域,000,男女総数,006,２５－２９歳,29000,奈良県,1980000000,1980年,人
73016,00700,全域,000,男女総数,006,２５－２９歳,30000,和歌山県,1980000000,1980年,人
43676,00700,全域,000,男女総数,006,２５－２９歳,31000,鳥取県,1980000000,1980年,人
51193,00700,全域,000,男女総数,006,２５－２９歳,32000,島根県,1980000000,1980年,人
128761,00700,全域,000,男女総数,006,２５－２９歳,33000,岡山県,1980000000,1980年,人
202499,00700,全域,000,男女総数,006,２５－２９歳,34000,広島県,1980000000,1980年,人
109394,00700,全域,000,男女総数,006,２５－２９歳,35000,山口県,1980000000,1980年,人
60494,00700,全域,000,男女総数,006,２５－２９歳,36000,徳島県,1980000000,1980年,人
70435,00700,全域,000,男女総数,006,２５－２９歳,37000,香川県,1980000000,1980年,人
107050,00700,全域,000,男女総数,006,２５－２９歳,38000,愛媛県,1980000000,1980年,人
56725,00700,全域,000,男女総数,006,２５－２９歳,39000,高知県,1980000000,1980年,人
364866,00700,全域,000,男女総数,006,２５－２９歳,40000,福岡県,1980000000,1980年,人
65098,00700,全域,000,男女総数,006,２５－２９歳,41000,佐賀県,1980000000,1980年,人
120580,00700,全域,000,男女総数,006,２５－２９歳,42000,長崎県,1980000000,1980年,人
133527,00700,全域,000,男女総数,006,２５－２９歳,43000,熊本県,1980000000,1980年,人
87600,00700,全域,000,男女総数,006,２５－２９歳,44000,大分県,1980000000,1980年,人
89667,00700,全域,000,男女総数,006,２５－２９歳,45000,宮崎県,1980000000,1980年,人
128360,00700,全域,000,男女総数,006,２５－２９歳,46000,鹿児島県,1980000000,1980年,人
99800,00700,全域,000,男女総数,006,２５－２９歳,47000,沖縄県,1980000000,1980年,人
10771731,00700,全域,000,男女総数,007,３０－３４歳,00000,全国,1980000000,1980年,人
8539643,00700,全域,000,男女総数,007,３０－３４歳,00001,全国市部,1980000000,1980年,人
2232088,00700,全域,000,男女総数,007,３０－３４歳,00002,全国郡部,1980000000,1980年,人
520637,00700,全域,000,男女総数,007,３０－３４歳,01000,北海道,1980000000,1980年,人
130230,00700,全域,000,男女総数,007,３０－３４歳,02000,青森県,1980000000,1980年,人
112943,00700,全域,000,男女総数,007,３０－３４歳,03000,岩手県,1980000000,1980年,人
181843,00700,全域,000,男女総数,007,３０－３４歳,04000,宮城県,1980000000,1980年,人
102520,00700,全域,000,男女総数,007,３０－３４歳,05000,秋田県,1980000000,1980年,人
97991,00700,全域,000,男女総数,007,３０－３４歳,06000,山形県,1980000000,1980年,人
161967,00700,全域,000,男女総数,007,３０－３４歳,07000,福島県,1980000000,1980年,人
231708,00700,全域,000,男女総数,007,３０－３４歳,08000,茨城県,1980000000,1980年,人
164731,00700,全域,000,男女総数,007,３０－３４歳,09000,栃木県,1980000000,1980年,人
169363,00700,全域,000,男女総数,007,３０－３４歳,10000,群馬県,1980000000,1980年,人
562078,00700,全域,000,男女総数,007,３０－３４歳,11000,埼玉県,1980000000,1980年,人
487054,00700,全域,000,男女総数,007,３０－３４歳,12000,千葉県,1980000000,1980年,人
1128129,00700,全域,000,男女総数,007,３０－３４歳,13000,東京都,1980000000,1980年,人
707464,00700,全域,000,男女総数,007,３０－３４歳,14000,神奈川県,1980000000,1980年,人
206724,00700,全域,000,男女総数,007,３０－３４歳,15000,新潟県,1980000000,1980年,人
101823,00700,全域,000,男女総数,007,３０－３４歳,16000,富山県,1980000000,1980年,人
105394,00700,全域,000,男女総数,007,３０－３４歳,17000,石川県,1980000000,1980年,人
67317,00700,全域,000,男女総数,007,３０－３４歳,18000,福井県,1980000000,1980年,人
64151,00700,全域,000,男女総数,007,３０－３４歳,19000,山梨県,1980000000,1980年,人
168870,00700,全域,000,男女総数,007,３０－３４歳,20000,長野県,1980000000,1980年,人
172720,00700,全域,000,男女総数,007,３０－３４歳,21000,岐阜県,1980000000,1980年,人
317461,00700,全域,000,男女総数,007,３０－３４歳,22000,静岡県,1980000000,1980年,人
609904,00700,全域,000,男女総数,007,３０－３４歳,23000,愛知県,1980000000,1980年,人
144042,00700,全域,000,男女総数,007,３０－３４歳,24000,三重県,1980000000,1980年,人
98907,00700,全域,000,男女総数,007,３０－３４歳,25000,滋賀県,1980000000,1980年,人
239001,00700,全域,000,男女総数,007,３０－３４歳,26000,京都府,1980000000,1980年,人
842621,00700,全域,000,男女総数,007,３０－３４歳,27000,大阪府,1980000000,1980年,人
478437,00700,全域,000,男女総数,007,３０－３４歳,28000,兵庫県,1980000000,1980年,人
112267,00700,全域,000,男女総数,007,３０－３４歳,29000,奈良県,1980000000,1980年,人
90634,00700,全域,000,男女総数,007,３０－３４歳,30000,和歌山県,1980000000,1980年,人
49481,00700,全域,000,男女総数,007,３０－３４歳,31000,鳥取県,1980000000,1980年,人
61418,00700,全域,000,男女総数,007,３０－３４歳,32000,島根県,1980000000,1980年,人
162622,00700,全域,000,男女総数,007,３０－３４歳,33000,岡山県,1980000000,1980年,人
256308,00700,全域,000,男女総数,007,３０－３４歳,34000,広島県,1980000000,1980年,人
135938,00700,全域,000,男女総数,007,３０－３４歳,35000,山口県,1980000000,1980年,人
70227,00700,全域,000,男女総数,007,３０－３４歳,36000,徳島県,1980000000,1980年,人
91662,00700,全域,000,男女総数,007,３０－３４歳,37000,香川県,1980000000,1980年,人
128857,00700,全域,000,男女総数,007,３０－３４歳,38000,愛媛県,1980000000,1980年,人
70617,00700,全域,000,男女総数,007,３０－３４歳,39000,高知県,1980000000,1980年,人
417136,00700,全域,000,男女総数,007,３０－３４歳,40000,福岡県,1980000000,1980年,人
67295,00700,全域,000,男女総数,007,３０－３４歳,41000,佐賀県,1980000000,1980年,人
126794,00700,全域,000,男女総数,007,３０－３４歳,42000,長崎県,1980000000,1980年,人
141679,00700,全域,000,男女総数,007,３０－３４歳,43000,熊本県,1980000000,1980年,人
101372,00700,全域,000,男女総数,007,３０－３４歳,44000,大分県,1980000000,1980年,人
96463,00700,全域,000,男女総数,007,３０－３４歳,45000,宮崎県,1980000000,1980年,人
128819,00700,全域,000,男女総数,007,３０－３４歳,46000,鹿児島県,1980000000,1980年,人
86112,00700,全域,000,男女総数,007,３０－３４歳,47000,沖縄県,1980000000,1980年,人
9201581,00700,全域,000,男女総数,008,３５－３９歳,00000,全国,1980000000,1980年,人
7325951,00700,全域,000,男女総数,008,３５－３９歳,00001,全国市部,1980000000,1980年,人
1875630,00700,全域,000,男女総数,008,３５－３９歳,00002,全国郡部,1980000000,1980年,人
424505,00700,全域,000,男女総数,008,３５－３９歳,01000,北海道,1980000000,1980年,人
105728,00700,全域,000,男女総数,008,３５－３９歳,02000,青森県,1980000000,1980年,人
96210,00700,全域,000,男女総数,008,３５－３９歳,03000,岩手県,1980000000,1980年,人
147252,00700,全域,000,男女総数,008,３５－３９歳,04000,宮城県,1980000000,1980年,人
82729,00700,全域,000,男女総数,008,３５－３９歳,05000,秋田県,1980000000,1980年,人
79474,00700,全域,000,男女総数,008,３５－３９歳,06000,山形県,1980000000,1980年,人
131811,00700,全域,000,男女総数,008,３５－３９歳,07000,福島県,1980000000,1980年,人
198753,00700,全域,000,男女総数,008,３５－３９歳,08000,茨城県,1980000000,1980年,人
131715,00700,全域,000,男女総数,008,３５－３９歳,09000,栃木県,1980000000,1980年,人
141753,00700,全域,000,男女総数,008,３５－３９歳,10000,群馬県,1980000000,1980年,人
521698,00700,全域,000,男女総数,008,３５－３９歳,11000,埼玉県,1980000000,1980年,人
438822,00700,全域,000,男女総数,008,３５－３９歳,12000,千葉県,1980000000,1980年,人
954985,00700,全域,000,男女総数,008,３５－３９歳,13000,東京都,1980000000,1980年,人
632999,00700,全域,000,男女総数,008,３５－３９歳,14000,神奈川県,1980000000,1980年,人
166816,00700,全域,000,男女総数,008,３５－３９歳,15000,新潟県,1980000000,1980年,人
83752,00700,全域,000,男女総数,008,３５－３９歳,16000,富山県,1980000000,1980年,人
83964,00700,全域,000,男女総数,008,３５－３９歳,17000,石川県,1980000000,1980年,人
55551,00700,全域,000,男女総数,008,３５－３９歳,18000,福井県,1980000000,1980年,人
56273,00700,全域,000,男女総数,008,３５－３９歳,19000,山梨県,1980000000,1980年,人
150494,00700,全域,000,男女総数,008,３５－３９歳,20000,長野県,1980000000,1980年,人
149564,00700,全域,000,男女総数,008,３５－３９歳,21000,岐阜県,1980000000,1980年,人
276332,00700,全域,000,男女総数,008,３５－３９歳,22000,静岡県,1980000000,1980年,人
535224,00700,全域,000,男女総数,008,３５－３９歳,23000,愛知県,1980000000,1980年,人
127986,00700,全域,000,男女総数,008,３５－３９歳,24000,三重県,1980000000,1980年,人
82742,00700,全域,000,男女総数,008,３５－３９歳,25000,滋賀県,1980000000,1980年,人
199812,00700,全域,000,男女総数,008,３５－３９歳,26000,京都府,1980000000,1980年,人
758966,00700,全域,000,男女総数,008,３５－３９歳,27000,大阪府,1980000000,1980年,人
418962,00700,全域,000,男女総数,008,３５－３９歳,28000,兵庫県,1980000000,1980年,人
101500,00700,全域,000,男女総数,008,３５－３９歳,29000,奈良県,1980000000,1980年,人
80443,00700,全域,000,男女総数,008,３５－３９歳,30000,和歌山県,1980000000,1980年,人
39871,00700,全域,000,男女総数,008,３５－３９歳,31000,鳥取県,1980000000,1980年,人
49154,00700,全域,000,男女総数,008,３５－３９歳,32000,島根県,1980000000,1980年,人
140121,00700,全域,000,男女総数,008,３５－３９歳,33000,岡山県,1980000000,1980年,人
217651,00700,全域,000,男女総数,008,３５－３９歳,34000,広島県,1980000000,1980年,人
115480,00700,全域,000,男女総数,008,３５－３９歳,35000,山口県,1980000000,1980年,人
55024,00700,全域,000,男女総数,008,３５－３９歳,36000,徳島県,1980000000,1980年,人
71392,00700,全域,000,男女総数,008,３５－３９歳,37000,香川県,1980000000,1980年,人
104872,00700,全域,000,男女総数,008,３５－３９歳,38000,愛媛県,1980000000,1980年,人
57752,00700,全域,000,男女総数,008,３５－３９歳,39000,高知県,1980000000,1980年,人
336874,00700,全域,000,男女総数,008,３５－３９歳,40000,福岡県,1980000000,1980年,人
53813,00700,全域,000,男女総数,008,３５－３９歳,41000,佐賀県,1980000000,1980年,人
99812,00700,全域,000,男女総数,008,３５－３９歳,42000,長崎県,1980000000,1980年,人
113591,00700,全域,000,男女総数,008,３５－３９歳,43000,熊本県,1980000000,1980年,人
83881,00700,全域,000,男女総数,008,３５－３９歳,44000,大分県,1980000000,1980年,人
75145,00700,全域,000,男女総数,008,３５－３９歳,45000,宮崎県,1980000000,1980年,人
104506,00700,全域,000,男女総数,008,３５－３９歳,46000,鹿児島県,1980000000,1980年,人
65827,00700,全域,000,男女総数,008,３５－３９歳,47000,沖縄県,1980000000,1980年,人
8337500,00700,全域,000,男女総数,009,４０－４４歳,00000,全国,1980000000,1980年,人
6490176,00700,全域,000,男女総数,009,４０－４４歳,00001,全国市部,1980000000,1980年,人
1847324,00700,全域,000,男女総数,009,４０－４４歳,00002,全国郡部,1980000000,1980年,人
401796,00700,全域,000,男女総数,009,４０－４４歳,01000,北海道,1980000000,1980年,人
107093,00700,全域,000,男女総数,009,４０－４４歳,02000,青森県,1980000000,1980年,人
101462,00700,全域,000,男女総数,009,４０－４４歳,03000,岩手県,1980000000,1980年,人
143022,00700,全域,000,男女総数,009,４０－４４歳,04000,宮城県,1980000000,1980年,人
90348,00700,全域,000,男女総数,009,４０－４４歳,05000,秋田県,1980000000,1980年,人
84580,00700,全域,000,男女総数,009,４０－４４歳,06000,山形県,1980000000,1980年,人
133124,00700,全域,000,男女総数,009,４０－４４歳,07000,福島県,1980000000,1980年,人
176376,00700,全域,000,男女総数,009,４０－４４歳,08000,茨城県,1980000000,1980年,人
118449,00700,全域,000,男女総数,009,４０－４４歳,09000,栃木県,1980000000,1980年,人
125088,00700,全域,000,男女総数,009,４０－４４歳,10000,群馬県,1980000000,1980年,人
434280,00700,全域,000,男女総数,009,４０－４４歳,11000,埼玉県,1980000000,1980年,人
368912,00700,全域,000,男女総数,009,４０－４４歳,12000,千葉県,1980000000,1980年,人
851939,00700,全域,000,男女総数,009,４０－４４歳,13000,東京都,1980000000,1980年,人
540829,00700,全域,000,男女総数,009,４０－４４歳,14000,神奈川県,1980000000,1980年,人
167663,00700,全域,000,男女総数,009,４０－４４歳,15000,新潟県,1980000000,1980年,人
75178,00700,全域,000,男女総数,009,４０－４４歳,16000,富山県,1980000000,1980年,人
71322,00700,全域,000,男女総数,009,４０－４４歳,17000,石川県,1980000000,1980年,人
51289,00700,全域,000,男女総数,009,４０－４４歳,18000,福井県,1980000000,1980年,人
53224,00700,全域,000,男女総数,009,４０－４４歳,19000,山梨県,1980000000,1980年,人
138260,00700,全域,000,男女総数,009,４０－４４歳,20000,長野県,1980000000,1980年,人
138756,00700,全域,000,男女総数,009,４０－４４歳,21000,岐阜県,1980000000,1980年,人
249427,00700,全域,000,男女総数,009,４０－４４歳,22000,静岡県,1980000000,1980年,人
460016,00700,全域,000,男女総数,009,４０－４４歳,23000,愛知県,1980000000,1980年,人
118755,00700,全域,000,男女総数,009,４０－４４歳,24000,三重県,1980000000,1980年,人
71351,00700,全域,000,男女総数,009,４０－４４歳,25000,滋賀県,1980000000,1980年,人
171856,00700,全域,000,男女総数,009,４０－４４歳,26000,京都府,1980000000,1980年,人
655668,00700,全域,000,男女総数,009,４０－４４歳,27000,大阪府,1980000000,1980年,人
366667,00700,全域,000,男女総数,009,４０－４４歳,28000,兵庫県,1980000000,1980年,人
87768,00700,全域,000,男女総数,009,４０－４４歳,29000,奈良県,1980000000,1980年,人
74571,00700,全域,000,男女総数,009,４０－４４歳,30000,和歌山県,1980000000,1980年,人
39022,00700,全域,000,男女総数,009,４０－４４歳,31000,鳥取県,1980000000,1980年,人
50386,00700,全域,000,男女総数,009,４０－４４歳,32000,島根県,1980000000,1980年,人
124046,00700,全域,000,男女総数,009,４０－４４歳,33000,岡山県,1980000000,1980年,人
186043,00700,全域,000,男女総数,009,４０－４４歳,34000,広島県,1980000000,1980年,人
108013,00700,全域,000,男女総数,009,４０－４４歳,35000,山口県,1980000000,1980年,人
54867,00700,全域,000,男女総数,009,４０－４４歳,36000,徳島県,1980000000,1980年,人
65715,00700,全域,000,男女総数,009,４０－４４歳,37000,香川県,1980000000,1980年,人
99625,00700,全域,000,男女総数,009,４０－４４歳,38000,愛媛県,1980000000,1980年,人
53963,00700,全域,000,男女総数,009,４０－４４歳,39000,高知県,1980000000,1980年,人
311889,00700,全域,000,男女総数,009,４０－４４歳,40000,福岡県,1980000000,1980年,人
54477,00700,全域,000,男女総数,009,４０－４４歳,41000,佐賀県,1980000000,1980年,人
102213,00700,全域,000,男女総数,009,４０－４４歳,42000,長崎県,1980000000,1980年,人
116783,00700,全域,000,男女総数,009,４０－４４歳,43000,熊本県,1980000000,1980年,人
81043,00700,全域,000,男女総数,009,４０－４４歳,44000,大分県,1980000000,1980年,人
76068,00700,全域,000,男女総数,009,４０－４４歳,45000,宮崎県,1980000000,1980年,人
111750,00700,全域,000,男女総数,009,４０－４４歳,46000,鹿児島県,1980000000,1980年,人
72528,00700,全域,000,男女総数,009,４０－４４歳,47000,沖縄県,1980000000,1980年,人
8090387,00700,全域,000,男女総数,010,４５－４９歳,00000,全国,1980000000,1980年,人
6099623,00700,全域,000,男女総数,010,４５－４９歳,00001,全国市部,1980000000,1980年,人
1990764,00700,全域,000,男女総数,010,４５－４９歳,00002,全国郡部,1980000000,1980年,人
395052,00700,全域,000,男女総数,010,４５－４９歳,01000,北海道,1980000000,1980年,人
111534,00700,全域,000,男女総数,010,４５－４９歳,02000,青森県,1980000000,1980年,人
108170,00700,全域,000,男女総数,010,４５－４９歳,03000,岩手県,1980000000,1980年,人
145676,00700,全域,000,男女総数,010,４５－４９歳,04000,宮城県,1980000000,1980年,人
99711,00700,全域,000,男女総数,010,４５－４９歳,05000,秋田県,1980000000,1980年,人
94149,00700,全域,000,男女総数,010,４５－４９歳,06000,山形県,1980000000,1980年,人
146261,00700,全域,000,男女総数,010,４５－４９歳,07000,福島県,1980000000,1980年,人
165454,00700,全域,000,男女総数,010,４５－４９歳,08000,茨城県,1980000000,1980年,人
118838,00700,全域,000,男女総数,010,４５－４９歳,09000,栃木県,1980000000,1980年,人
124357,00700,全域,000,男女総数,010,４５－４９歳,10000,群馬県,1980000000,1980年,人
348471,00700,全域,000,男女総数,010,４５－４９歳,11000,埼玉県,1980000000,1980年,人
313314,00700,全域,000,男女総数,010,４５－４９歳,12000,千葉県,1980000000,1980年,人
803528,00700,全域,000,男女総数,010,４５－４９歳,13000,東京都,1980000000,1980年,人
470739,00700,全域,000,男女総数,010,４５－４９歳,14000,神奈川県,1980000000,1980年,人
175939,00700,全域,000,男女総数,010,４５－４９歳,15000,新潟県,1980000000,1980年,人
78705,00700,全域,000,男女総数,010,４５－４９歳,16000,富山県,1980000000,1980年,人
73543,00700,全域,000,男女総数,010,４５－４９歳,17000,石川県,1980000000,1980年,人
56039,00700,全域,000,男女総数,010,４５－４９歳,18000,福井県,1980000000,1980年,人
54852,00700,全域,000,男女総数,010,４５－４９歳,19000,山梨県,1980000000,1980年,人
146304,00700,全域,000,男女総数,010,４５－４９歳,20000,長野県,1980000000,1980年,人
136376,00700,全域,000,男女総数,010,４５－４９歳,21000,岐阜県,1980000000,1980年,人
239613,00700,全域,000,男女総数,010,４５－４９歳,22000,静岡県,1980000000,1980年,人
410770,00700,全域,000,男女総数,010,４５－４９歳,23000,愛知県,1980000000,1980年,人
120571,00700,全域,000,男女総数,010,４５－４９歳,24000,三重県,1980000000,1980年,人
70785,00700,全域,000,男女総数,010,４５－４９歳,25000,滋賀県,1980000000,1980年,人
165596,00700,全域,000,男女総数,010,４５－４９歳,26000,京都府,1980000000,1980年,人
581486,00700,全域,000,男女総数,010,４５－４９歳,27000,大阪府,1980000000,1980年,人
358339,00700,全域,000,男女総数,010,４５－４９歳,28000,兵庫県,1980000000,1980年,人
81147,00700,全域,000,男女総数,010,４５－４９歳,29000,奈良県,1980000000,1980年,人
78983,00700,全域,000,男女総数,010,４５－４９歳,30000,和歌山県,1980000000,1980年,人
43692,00700,全域,000,男女総数,010,４５－４９歳,31000,鳥取県,1980000000,1980年,人
59996,00700,全域,000,男女総数,010,４５－４９歳,32000,島根県,1980000000,1980年,人
132828,00700,全域,000,男女総数,010,４５－４９歳,33000,岡山県,1980000000,1980年,人
185396,00700,全域,000,男女総数,010,４５－４９歳,34000,広島県,1980000000,1980年,人
116974,00700,全域,000,男女総数,010,４５－４９歳,35000,山口県,1980000000,1980年,人
61521,00700,全域,000,男女総数,010,４５－４９歳,36000,徳島県,1980000000,1980年,人
71667,00700,全域,000,男女総数,010,４５－４９歳,37000,香川県,1980000000,1980年,人
106737,00700,全域,000,男女総数,010,４５－４９歳,38000,愛媛県,1980000000,1980年,人
60837,00700,全域,000,男女総数,010,４５－４９歳,39000,高知県,1980000000,1980年,人
312550,00700,全域,000,男女総数,010,４５－４９歳,40000,福岡県,1980000000,1980年,人
59669,00700,全域,000,男女総数,010,４５－４９歳,41000,佐賀県,1980000000,1980年,人
110136,00700,全域,000,男女総数,010,４５－４９歳,42000,長崎県,1980000000,1980年,人
128278,00700,全域,000,男女総数,010,４５－４９歳,43000,熊本県,1980000000,1980年,人
89220,00700,全域,000,男女総数,010,４５－４９歳,44000,大分県,1980000000,1980年,人
82605,00700,全域,000,男女総数,010,４５－４９歳,45000,宮崎県,1980000000,1980年,人
127253,00700,全域,000,男女総数,010,４５－４９歳,46000,鹿児島県,1980000000,1980年,人
66726,00700,全域,000,男女総数,010,４５－４９歳,47000,沖縄県,1980000000,1980年,人
7200022,00700,全域,000,男女総数,011,５０－５４歳,00000,全国,1980000000,1980年,人
5229244,00700,全域,000,男女総数,011,５０－５４歳,00001,全国市部,1980000000,1980年,人
1970778,00700,全域,000,男女総数,011,５０－５４歳,00002,全国郡部,1980000000,1980年,人
347590,00700,全域,000,男女総数,011,５０－５４歳,01000,北海道,1980000000,1980年,人
97465,00700,全域,000,男女総数,011,５０－５４歳,02000,青森県,1980000000,1980年,人
102075,00700,全域,000,男女総数,011,５０－５４歳,03000,岩手県,1980000000,1980年,人
134666,00700,全域,000,男女総数,011,５０－５４歳,04000,宮城県,1980000000,1980年,人
96057,00700,全域,000,男女総数,011,５０－５４歳,05000,秋田県,1980000000,1980年,人
96403,00700,全域,000,男女総数,011,５０－５４歳,06000,山形県,1980000000,1980年,人
145303,00700,全域,000,男女総数,011,５０－５４歳,07000,福島県,1980000000,1980年,人
156752,00700,全域,000,男女総数,011,５０－５４歳,08000,茨城県,1980000000,1980年,人
114422,00700,全域,000,男女総数,011,５０－５４歳,09000,栃木県,1980000000,1980年,人
119042,00700,全域,000,男女総数,011,５０－５４歳,10000,群馬県,1980000000,1980年,人
266077,00700,全域,000,男女総数,011,５０－５４歳,11000,埼玉県,1980000000,1980年,人
248566,00700,全域,000,男女総数,011,５０－５４歳,12000,千葉県,1980000000,1980年,人
665798,00700,全域,000,男女総数,011,５０－５４歳,13000,東京都,1980000000,1980年,人
378451,00700,全域,000,男女総数,011,５０－５４歳,14000,神奈川県,1980000000,1980年,人
172407,00700,全域,000,男女総数,011,５０－５４歳,15000,新潟県,1980000000,1980年,人
74668,00700,全域,000,男女総数,011,５０－５４歳,16000,富山県,1980000000,1980年,人
69723,00700,全域,000,男女総数,011,５０－５４歳,17000,石川県,1980000000,1980年,人
55055,00700,全域,000,男女総数,011,５０－５４歳,18000,福井県,1980000000,1980年,人
54173,00700,全域,000,男女総数,011,５０－５４歳,19000,山梨県,1980000000,1980年,人
149885,00700,全域,000,男女総数,011,５０－５４歳,20000,長野県,1980000000,1980年,人
126313,00700,全域,000,男女総数,011,５０－５４歳,21000,岐阜県,1980000000,1980年,人
214842,00700,全域,000,男女総数,011,５０－５４歳,22000,静岡県,1980000000,1980年,人
339571,00700,全域,000,男女総数,011,５０－５４歳,23000,愛知県,1980000000,1980年,人
114205,00700,全域,000,男女総数,011,５０－５４歳,24000,三重県,1980000000,1980年,人
66932,00700,全域,000,男女総数,011,５０－５４歳,25000,滋賀県,1980000000,1980年,人
146431,00700,全域,000,男女総数,011,５０－５４歳,26000,京都府,1980000000,1980年,人
464899,00700,全域,000,男女総数,011,５０－５４歳,27000,大阪府,1980000000,1980年,人
316589,00700,全域,000,男女総数,011,５０－５４歳,28000,兵庫県,1980000000,1980年,人
71648,00700,全域,000,男女総数,011,５０－５４歳,29000,奈良県,1980000000,1980年,人
75143,00700,全域,000,男女総数,011,５０－５４歳,30000,和歌山県,1980000000,1980年,人
43723,00700,全域,000,男女総数,011,５０－５４歳,31000,鳥取県,1980000000,1980年,人
59418,00700,全域,000,男女総数,011,５０－５４歳,32000,島根県,1980000000,1980年,人
124175,00700,全域,000,男女総数,011,５０－５４歳,33000,岡山県,1980000000,1980年,人
171443,00700,全域,000,男女総数,011,５０－５４歳,34000,広島県,1980000000,1980年,人
109913,00700,全域,000,男女総数,011,５０－５４歳,35000,山口県,1980000000,1980年,人
60483,00700,全域,000,男女総数,011,５０－５４歳,36000,徳島県,1980000000,1980年,人
69135,00700,全域,000,男女総数,011,５０－５４歳,37000,香川県,1980000000,1980年,人
104510,00700,全域,000,男女総数,011,５０－５４歳,38000,愛媛県,1980000000,1980年,人
61132,00700,全域,000,男女総数,011,５０－５４歳,39000,高知県,1980000000,1980年,人
282543,00700,全域,000,男女総数,011,５０－５４歳,40000,福岡県,1980000000,1980年,人
58645,00700,全域,000,男女総数,011,５０－５４歳,41000,佐賀県,1980000000,1980年,人
105660,00700,全域,000,男女総数,011,５０－５４歳,42000,長崎県,1980000000,1980年,人
123255,00700,全域,000,男女総数,011,５０－５４歳,43000,熊本県,1980000000,1980年,人
85924,00700,全域,000,男女総数,011,５０－５４歳,44000,大分県,1980000000,1980年,人
78164,00700,全域,000,男女総数,011,５０－５４歳,45000,宮崎県,1980000000,1980年,人
127191,00700,全域,000,男女総数,011,５０－５４歳,46000,鹿児島県,1980000000,1980年,人
53557,00700,全域,000,男女総数,011,５０－５４歳,47000,沖縄県,1980000000,1980年,人
5613505,00700,全域,000,男女総数,012,５５－５９歳,00000,全国,1980000000,1980年,人
4001925,00700,全域,000,男女総数,012,５５－５９歳,00001,全国市部,1980000000,1980年,人
1611580,00700,全域,000,男女総数,012,５５－５９歳,00002,全国郡部,1980000000,1980年,人
273003,00700,全域,000,男女総数,012,５５－５９歳,01000,北海道,1980000000,1980年,人
75058,00700,全域,000,男女総数,012,５５－５９歳,02000,青森県,1980000000,1980年,人
78782,00700,全域,000,男女総数,012,５５－５９歳,03000,岩手県,1980000000,1980年,人
105397,00700,全域,000,男女総数,012,５５－５９歳,04000,宮城県,1980000000,1980年,人
74775,00700,全域,000,男女総数,012,５５－５９歳,05000,秋田県,1980000000,1980年,人
78568,00700,全域,000,男女総数,012,５５－５９歳,06000,山形県,1980000000,1980年,人
117190,00700,全域,000,男女総数,012,５５－５９歳,07000,福島県,1980000000,1980年,人
125931,00700,全域,000,男女総数,012,５５－５９歳,08000,茨城県,1980000000,1980年,人
92243,00700,全域,000,男女総数,012,５５－５９歳,09000,栃木県,1980000000,1980年,人
94933,00700,全域,000,男女総数,012,５５－５９歳,10000,群馬県,1980000000,1980年,人
196264,00700,全域,000,男女総数,012,５５－５９歳,11000,埼玉県,1980000000,1980年,人
182613,00700,全域,000,男女総数,012,５５－５９歳,12000,千葉県,1980000000,1980年,人
508454,00700,全域,000,男女総数,012,５５－５９歳,13000,東京都,1980000000,1980年,人
274043,00700,全域,000,男女総数,012,５５－５９歳,14000,神奈川県,1980000000,1980年,人
140803,00700,全域,000,男女総数,012,５５－５９歳,15000,新潟県,1980000000,1980年,人
60711,00700,全域,000,男女総数,012,５５－５９歳,16000,富山県,1980000000,1980年,人
57743,00700,全域,000,男女総数,012,５５－５９歳,17000,石川県,1980000000,1980年,人
43681,00700,全域,000,男女総数,012,５５－５９歳,18000,福井県,1980000000,1980年,人
45150,00700,全域,000,男女総数,012,５５－５９歳,19000,山梨県,1980000000,1980年,人
125995,00700,全域,000,男女総数,012,５５－５９歳,20000,長野県,1980000000,1980年,人
97784,00700,全域,000,男女総数,012,５５－５９歳,21000,岐阜県,1980000000,1980年,人
164788,00700,全域,000,男女総数,012,５５－５９歳,22000,静岡県,1980000000,1980年,人
251150,00700,全域,000,男女総数,012,５５－５９歳,23000,愛知県,1980000000,1980年,人
85291,00700,全域,000,男女総数,012,５５－５９歳,24000,三重県,1980000000,1980年,人
51231,00700,全域,000,男女総数,012,５５－５９歳,25000,滋賀県,1980000000,1980年,人
114584,00700,全域,000,男女総数,012,５５－５９歳,26000,京都府,1980000000,1980年,人
339719,00700,全域,000,男女総数,012,５５－５９歳,27000,大阪府,1980000000,1980年,人
242504,00700,全域,000,男女総数,012,５５－５９歳,28000,兵庫県,1980000000,1980年,人
55296,00700,全域,000,男女総数,012,５５－５９歳,29000,奈良県,1980000000,1980年,人
60133,00700,全域,000,男女総数,012,５５－５９歳,30000,和歌山県,1980000000,1980年,人
36748,00700,全域,000,男女総数,012,５５－５９歳,31000,鳥取県,1980000000,1980年,人
50488,00700,全域,000,男女総数,012,５５－５９歳,32000,島根県,1980000000,1980年,人
98203,00700,全域,000,男女総数,012,５５－５９歳,33000,岡山県,1980000000,1980年,人
139839,00700,全域,000,男女総数,012,５５－５９歳,34000,広島県,1980000000,1980年,人
90937,00700,全域,000,男女総数,012,５５－５９歳,35000,山口県,1980000000,1980年,人
47199,00700,全域,000,男女総数,012,５５－５９歳,36000,徳島県,1980000000,1980年,人
55638,00700,全域,000,男女総数,012,５５－５９歳,37000,香川県,1980000000,1980年,人
85616,00700,全域,000,男女総数,012,５５－５９歳,38000,愛媛県,1980000000,1980年,人
51105,00700,全域,000,男女総数,012,５５－５９歳,39000,高知県,1980000000,1980年,人
226142,00700,全域,000,男女総数,012,５５－５９歳,40000,福岡県,1980000000,1980年,人
48276,00700,全域,000,男女総数,012,５５－５９歳,41000,佐賀県,1980000000,1980年,人
87584,00700,全域,000,男女総数,012,５５－５９歳,42000,長崎県,1980000000,1980年,人
101450,00700,全域,000,男女総数,012,５５－５９歳,43000,熊本県,1980000000,1980年,人
70468,00700,全域,000,男女総数,012,５５－５９歳,44000,大分県,1980000000,1980年,人
61456,00700,全域,000,男女総数,012,５５－５９歳,45000,宮崎県,1980000000,1980年,人
107974,00700,全域,000,男女総数,012,５５－５９歳,46000,鹿児島県,1980000000,1980年,人
40565,00700,全域,000,男女総数,012,５５－５９歳,47000,沖縄県,1980000000,1980年,人
4465247,00700,全域,000,男女総数,013,６０－６４歳,00000,全国,1980000000,1980年,人
3153194,00700,全域,000,男女総数,013,６０－６４歳,00001,全国市部,1980000000,1980年,人
1312053,00700,全域,000,男女総数,013,６０－６４歳,00002,全国郡部,1980000000,1980年,人
214257,00700,全域,000,男女総数,013,６０－６４歳,01000,北海道,1980000000,1980年,人
59125,00700,全域,000,男女総数,013,６０－６４歳,02000,青森県,1980000000,1980年,人
63261,00700,全域,000,男女総数,013,６０－６４歳,03000,岩手県,1980000000,1980年,人
80342,00700,全域,000,男女総数,013,６０－６４歳,04000,宮城県,1980000000,1980年,人
60490,00700,全域,000,男女総数,013,６０－６４歳,05000,秋田県,1980000000,1980年,人
61067,00700,全域,000,男女総数,013,６０－６４歳,06000,山形県,1980000000,1980年,人
91127,00700,全域,000,男女総数,013,６０－６４歳,07000,福島県,1980000000,1980年,人
100445,00700,全域,000,男女総数,013,６０－６４歳,08000,茨城県,1980000000,1980年,人
72808,00700,全域,000,男女総数,013,６０－６４歳,09000,栃木県,1980000000,1980年,人
77640,00700,全域,000,男女総数,013,６０－６４歳,10000,群馬県,1980000000,1980年,人
156054,00700,全域,000,男女総数,013,６０－６４歳,11000,埼玉県,1980000000,1980年,人
144811,00700,全域,000,男女総数,013,６０－６４歳,12000,千葉県,1980000000,1980年,人
395517,00700,全域,000,男女総数,013,６０－６４歳,13000,東京都,1980000000,1980年,人
210290,00700,全域,000,男女総数,013,６０－６４歳,14000,神奈川県,1980000000,1980年,人
113904,00700,全域,000,男女総数,013,６０－６４歳,15000,新潟県,1980000000,1980年,人
50938,00700,全域,000,男女総数,013,６０－６４歳,16000,富山県,1980000000,1980年,人
48526,00700,全域,000,男女総数,013,６０－６４歳,17000,石川県,1980000000,1980年,人
36132,00700,全域,000,男女総数,013,６０－６４歳,18000,福井県,1980000000,1980年,人
37872,00700,全域,000,男女総数,013,６０－６４歳,19000,山梨県,1980000000,1980年,人
100862,00700,全域,000,男女総数,013,６０－６４歳,20000,長野県,1980000000,1980年,人
78197,00700,全域,000,男女総数,013,６０－６４歳,21000,岐阜県,1980000000,1980年,人
129942,00700,全域,000,男女総数,013,６０－６４歳,22000,静岡県,1980000000,1980年,人
199510,00700,全域,000,男女総数,013,６０－６４歳,23000,愛知県,1980000000,1980年,人
70191,00700,全域,000,男女総数,013,６０－６４歳,24000,三重県,1980000000,1980年,人
42620,00700,全域,000,男女総数,013,６０－６４歳,25000,滋賀県,1980000000,1980年,人
96000,00700,全域,000,男女総数,013,６０－６４歳,26000,京都府,1980000000,1980年,人
264525,00700,全域,000,男女総数,013,６０－６４歳,27000,大阪府,1980000000,1980年,人
190653,00700,全域,000,男女総数,013,６０－６４歳,28000,兵庫県,1980000000,1980年,人
44162,00700,全域,000,男女総数,013,６０－６４歳,29000,奈良県,1980000000,1980年,人
49131,00700,全域,000,男女総数,013,６０－６４歳,30000,和歌山県,1980000000,1980年,人
29177,00700,全域,000,男女総数,013,６０－６４歳,31000,鳥取県,1980000000,1980年,人
41377,00700,全域,000,男女総数,013,６０－６４歳,32000,島根県,1980000000,1980年,人
80077,00700,全域,000,男女総数,013,６０－６４歳,33000,岡山県,1980000000,1980年,人
112484,00700,全域,000,男女総数,013,６０－６４歳,34000,広島県,1980000000,1980年,人
73995,00700,全域,000,男女総数,013,６０－６４歳,35000,山口県,1980000000,1980年,人
37910,00700,全域,000,男女総数,013,６０－６４歳,36000,徳島県,1980000000,1980年,人
45080,00700,全域,000,男女総数,013,６０－６４歳,37000,香川県,1980000000,1980年,人
66940,00700,全域,000,男女総数,013,６０－６４歳,38000,愛媛県,1980000000,1980年,人
40561,00700,全域,000,男女総数,013,６０－６４歳,39000,高知県,1980000000,1980年,人
175923,00700,全域,000,男女総数,013,６０－６４歳,40000,福岡県,1980000000,1980年,人
38602,00700,全域,000,男女総数,013,６０－６４歳,41000,佐賀県,1980000000,1980年,人
69258,00700,全域,000,男女総数,013,６０－６４歳,42000,長崎県,1980000000,1980年,人
82234,00700,全域,000,男女総数,013,６０－６４歳,43000,熊本県,1980000000,1980年,人
56634,00700,全域,000,男女総数,013,６０－６４歳,44000,大分県,1980000000,1980年,人
50447,00700,全域,000,男女総数,013,６０－６４歳,45000,宮崎県,1980000000,1980年,人
90155,00700,全域,000,男女総数,013,６０－６４歳,46000,鹿児島県,1980000000,1980年,人
33994,00700,全域,000,男女総数,013,６０－６４歳,47000,沖縄県,1980000000,1980年,人
3964681,00700,全域,000,男女総数,014,６５－６９歳,00000,全国,1980000000,1980年,人
2783873,00700,全域,000,男女総数,014,６５－６９歳,00001,全国市部,1980000000,1980年,人
1180808,00700,全域,000,男女総数,014,６５－６９歳,00002,全国郡部,1980000000,1980年,人
176035,00700,全域,000,男女総数,014,６５－６９歳,01000,北海道,1980000000,1980年,人
51880,00700,全域,000,男女総数,014,６５－６９歳,02000,青森県,1980000000,1980年,人
54484,00700,全域,000,男女総数,014,６５－６９歳,03000,岩手県,1980000000,1980年,人
68533,00700,全域,000,男女総数,014,６５－６９歳,04000,宮城県,1980000000,1980年,人
50852,00700,全域,000,男女総数,014,６５－６９歳,05000,秋田県,1980000000,1980年,人
54959,00700,全域,000,男女総数,014,６５－６９歳,06000,山形県,1980000000,1980年,人
78741,00700,全域,000,男女総数,014,６５－６９歳,07000,福島県,1980000000,1980年,人
89858,00700,全域,000,男女総数,014,６５－６９歳,08000,茨城県,1980000000,1980年,人
63577,00700,全域,000,男女総数,014,６５－６９歳,09000,栃木県,1980000000,1980年,人
68614,00700,全域,000,男女総数,014,６５－６９歳,10000,群馬県,1980000000,1980年,人
134928,00700,全域,000,男女総数,014,６５－６９歳,11000,埼玉県,1980000000,1980年,人
126682,00700,全域,000,男女総数,014,６５－６９歳,12000,千葉県,1980000000,1980年,人
343812,00700,全域,000,男女総数,014,６５－６９歳,13000,東京都,1980000000,1980年,人
177567,00700,全域,000,男女総数,014,６５－６９歳,14000,神奈川県,1980000000,1980年,人
102684,00700,全域,000,男女総数,014,６５－６９歳,15000,新潟県,1980000000,1980年,人
47482,00700,全域,000,男女総数,014,６５－６９歳,16000,富山県,1980000000,1980年,人
44609,00700,全域,000,男女総数,014,６５－６９歳,17000,石川県,1980000000,1980年,人
33087,00700,全域,000,男女総数,014,６５－６９歳,18000,福井県,1980000000,1980年,人
33483,00700,全域,000,男女総数,014,６５－６９歳,19000,山梨県,1980000000,1980年,人
90901,00700,全域,000,男女総数,014,６５－６９歳,20000,長野県,1980000000,1980年,人
70223,00700,全域,000,男女総数,014,６５－６９歳,21000,岐阜県,1980000000,1980年,人
114623,00700,全域,000,男女総数,014,６５－６９歳,22000,静岡県,1980000000,1980年,人
180102,00700,全域,000,男女総数,014,６５－６９歳,23000,愛知県,1980000000,1980年,人
66614,00700,全域,000,男女総数,014,６５－６９歳,24000,三重県,1980000000,1980年,人
39834,00700,全域,000,男女総数,014,６５－６９歳,25000,滋賀県,1980000000,1980年,人
93096,00700,全域,000,男女総数,014,６５－６９歳,26000,京都府,1980000000,1980年,人
239091,00700,全域,000,男女総数,014,６５－６９歳,27000,大阪府,1980000000,1980年,人
176447,00700,全域,000,男女総数,014,６５－６９歳,28000,兵庫県,1980000000,1980年,人
41362,00700,全域,000,男女総数,014,６５－６９歳,29000,奈良県,1980000000,1980年,人
45130,00700,全域,000,男女総数,014,６５－６９歳,30000,和歌山県,1980000000,1980年,人
26133,00700,全域,000,男女総数,014,６５－６９歳,31000,鳥取県,1980000000,1980年,人
36658,00700,全域,000,男女総数,014,６５－６９歳,32000,島根県,1980000000,1980年,人
76968,00700,全域,000,男女総数,014,６５－６９歳,33000,岡山県,1980000000,1980年,人
100678,00700,全域,000,男女総数,014,６５－６９歳,34000,広島県,1980000000,1980年,人
66208,00700,全域,000,男女総数,014,６５－６９歳,35000,山口県,1980000000,1980年,人
34741,00700,全域,000,男女総数,014,６５－６９歳,36000,徳島県,1980000000,1980年,人
42171,00700,全域,000,男女総数,014,６５－６９歳,37000,香川県,1980000000,1980年,人
60166,00700,全域,000,男女総数,014,６５－６９歳,38000,愛媛県,1980000000,1980年,人
36017,00700,全域,000,男女総数,014,６５－６９歳,39000,高知県,1980000000,1980年,人
156593,00700,全域,000,男女総数,014,６５－６９歳,40000,福岡県,1980000000,1980年,人
35454,00700,全域,000,男女総数,014,６５－６９歳,41000,佐賀県,1980000000,1980年,人
59810,00700,全域,000,男女総数,014,６５－６９歳,42000,長崎県,1980000000,1980年,人
71577,00700,全域,000,男女総数,014,６５－６９歳,43000,熊本県,1980000000,1980年,人
50964,00700,全域,000,男女総数,014,６５－６９歳,44000,大分県,1980000000,1980年,人
43144,00700,全域,000,男女総数,014,６５－６９歳,45000,宮崎県,1980000000,1980年,人
79869,00700,全域,000,男女総数,014,６５－６９歳,46000,鹿児島県,1980000000,1980年,人
28240,00700,全域,000,男女総数,014,６５－６９歳,47000,沖縄県,1980000000,1980年,人
3022977,00700,全域,000,男女総数,015,７０－７４歳,00000,全国,1980000000,1980年,人
2087955,00700,全域,000,男女総数,015,７０－７４歳,00001,全国市部,1980000000,1980年,人
935022,00700,全域,000,男女総数,015,７０－７４歳,00002,全国郡部,1980000000,1980年,人
129016,00700,全域,000,男女総数,015,７０－７４歳,01000,北海道,1980000000,1980年,人
38815,00700,全域,000,男女総数,015,７０－７４歳,02000,青森県,1980000000,1980年,人
40712,00700,全域,000,男女総数,015,７０－７４歳,03000,岩手県,1980000000,1980年,人
51667,00700,全域,000,男女総数,015,７０－７４歳,04000,宮城県,1980000000,1980年,人
38249,00700,全域,000,男女総数,015,７０－７４歳,05000,秋田県,1980000000,1980年,人
42073,00700,全域,000,男女総数,015,７０－７４歳,06000,山形県,1980000000,1980年,人
60501,00700,全域,000,男女総数,015,７０－７４歳,07000,福島県,1980000000,1980年,人
66838,00700,全域,000,男女総数,015,７０－７４歳,08000,茨城県,1980000000,1980年,人
47135,00700,全域,000,男女総数,015,７０－７４歳,09000,栃木県,1980000000,1980年,人
52222,00700,全域,000,男女総数,015,７０－７４歳,10000,群馬県,1980000000,1980年,人
94910,00700,全域,000,男女総数,015,７０－７４歳,11000,埼玉県,1980000000,1980年,人
92458,00700,全域,000,男女総数,015,７０－７４歳,12000,千葉県,1980000000,1980年,人
253787,00700,全域,000,男女総数,015,７０－７４歳,13000,東京都,1980000000,1980年,人
124184,00700,全域,000,男女総数,015,７０－７４歳,14000,神奈川県,1980000000,1980年,人
81152,00700,全域,000,男女総数,015,７０－７４歳,15000,新潟県,1980000000,1980年,人
35766,00700,全域,000,男女総数,015,７０－７４歳,16000,富山県,1980000000,1980年,人
34030,00700,全域,000,男女総数,015,７０－７４歳,17000,石川県,1980000000,1980年,人
26246,00700,全域,000,男女総数,015,７０－７４歳,18000,福井県,1980000000,1980年,人
26681,00700,全域,000,男女総数,015,７０－７４歳,19000,山梨県,1980000000,1980年,人
72428,00700,全域,000,男女総数,015,７０－７４歳,20000,長野県,1980000000,1980年,人
53804,00700,全域,000,男女総数,015,７０－７４歳,21000,岐阜県,1980000000,1980年,人
88035,00700,全域,000,男女総数,015,７０－７４歳,22000,静岡県,1980000000,1980年,人
132030,00700,全域,000,男女総数,015,７０－７４歳,23000,愛知県,1980000000,1980年,人
53088,00700,全域,000,男女総数,015,７０－７４歳,24000,三重県,1980000000,1980年,人
31058,00700,全域,000,男女総数,015,７０－７４歳,25000,滋賀県,1980000000,1980年,人
75573,00700,全域,000,男女総数,015,７０－７４歳,26000,京都府,1980000000,1980年,人
179954,00700,全域,000,男女総数,015,７０－７４歳,27000,大阪府,1980000000,1980年,人
135564,00700,全域,000,男女総数,015,７０－７４歳,28000,兵庫県,1980000000,1980年,人
32641,00700,全域,000,男女総数,015,７０－７４歳,29000,奈良県,1980000000,1980年,人
36809,00700,全域,000,男女総数,015,７０－７４歳,30000,和歌山県,1980000000,1980年,人
20730,00700,全域,000,男女総数,015,７０－７４歳,31000,鳥取県,1980000000,1980年,人
29092,00700,全域,000,男女総数,015,７０－７４歳,32000,島根県,1980000000,1980年,人
62325,00700,全域,000,男女総数,015,７０－７４歳,33000,岡山県,1980000000,1980年,人
77094,00700,全域,000,男女総数,015,７０－７４歳,34000,広島県,1980000000,1980年,人
51253,00700,全域,000,男女総数,015,７０－７４歳,35000,山口県,1980000000,1980年,人
28111,00700,全域,000,男女総数,015,７０－７４歳,36000,徳島県,1980000000,1980年,人
33414,00700,全域,000,男女総数,015,７０－７４歳,37000,香川県,1980000000,1980年,人
49028,00700,全域,000,男女総数,015,７０－７４歳,38000,愛媛県,1980000000,1980年,人
29120,00700,全域,000,男女総数,015,７０－７４歳,39000,高知県,1980000000,1980年,人
119900,00700,全域,000,男女総数,015,７０－７４歳,40000,福岡県,1980000000,1980年,人
28954,00700,全域,000,男女総数,015,７０－７４歳,41000,佐賀県,1980000000,1980年,人
48349,00700,全域,000,男女総数,015,７０－７４歳,42000,長崎県,1980000000,1980年,人
59086,00700,全域,000,男女総数,015,７０－７４歳,43000,熊本県,1980000000,1980年,人
40214,00700,全域,000,男女総数,015,７０－７４歳,44000,大分県,1980000000,1980年,人
33327,00700,全域,000,男女総数,015,７０－７４歳,45000,宮崎県,1980000000,1980年,人
62951,00700,全域,000,男女総数,015,７０－７４歳,46000,鹿児島県,1980000000,1980年,人
22603,00700,全域,000,男女総数,015,７０－７４歳,47000,沖縄県,1980000000,1980年,人
2036685,00700,全域,000,男女総数,016,７５－７９歳,00000,全国,1980000000,1980年,人
1378413,00700,全域,000,男女総数,016,７５－７９歳,00001,全国市部,1980000000,1980年,人
658272,00700,全域,000,男女総数,016,７５－７９歳,00002,全国郡部,1980000000,1980年,人
83791,00700,全域,000,男女総数,016,７５－７９歳,01000,北海道,1980000000,1980年,人
25245,00700,全域,000,男女総数,016,７５－７９歳,02000,青森県,1980000000,1980年,人
27439,00700,全域,000,男女総数,016,７５－７９歳,03000,岩手県,1980000000,1980年,人
33795,00700,全域,000,男女総数,016,７５－７９歳,04000,宮城県,1980000000,1980年,人
25215,00700,全域,000,男女総数,016,７５－７９歳,05000,秋田県,1980000000,1980年,人
29174,00700,全域,000,男女総数,016,７５－７９歳,06000,山形県,1980000000,1980年,人
41342,00700,全域,000,男女総数,016,７５－７９歳,07000,福島県,1980000000,1980年,人
44172,00700,全域,000,男女総数,016,７５－７９歳,08000,茨城県,1980000000,1980年,人
32106,00700,全域,000,男女総数,016,７５－７９歳,09000,栃木県,1980000000,1980年,人
36346,00700,全域,000,男女総数,016,７５－７９歳,10000,群馬県,1980000000,1980年,人
60315,00700,全域,000,男女総数,016,７５－７９歳,11000,埼玉県,1980000000,1980年,人
62443,00700,全域,000,男女総数,016,７５－７９歳,12000,千葉県,1980000000,1980年,人
168857,00700,全域,000,男女総数,016,７５－７９歳,13000,東京都,1980000000,1980年,人
80521,00700,全域,000,男女総数,016,７５－７９歳,14000,神奈川県,1980000000,1980年,人
52119,00700,全域,000,男女総数,016,７５－７９歳,15000,新潟県,1980000000,1980年,人
23457,00700,全域,000,男女総数,016,７５－７９歳,16000,富山県,1980000000,1980年,人
22382,00700,全域,000,男女総数,016,７５－７９歳,17000,石川県,1980000000,1980年,人
17974,00700,全域,000,男女総数,016,７５－７９歳,18000,福井県,1980000000,1980年,人
18349,00700,全域,000,男女総数,016,７５－７９歳,19000,山梨県,1980000000,1980年,人
50633,00700,全域,000,男女総数,016,７５－７９歳,20000,長野県,1980000000,1980年,人
36929,00700,全域,000,男女総数,016,７５－７９歳,21000,岐阜県,1980000000,1980年,人
59737,00700,全域,000,男女総数,016,７５－７９歳,22000,静岡県,1980000000,1980年,人
85623,00700,全域,000,男女総数,016,７５－７９歳,23000,愛知県,1980000000,1980年,人
37463,00700,全域,000,男女総数,016,７５－７９歳,24000,三重県,1980000000,1980年,人
20979,00700,全域,000,男女総数,016,７５－７９歳,25000,滋賀県,1980000000,1980年,人
50098,00700,全域,000,男女総数,016,７５－７９歳,26000,京都府,1980000000,1980年,人
113905,00700,全域,000,男女総数,016,７５－７９歳,27000,大阪府,1980000000,1980年,人
91032,00700,全域,000,男女総数,016,７５－７９歳,28000,兵庫県,1980000000,1980年,人
21701,00700,全域,000,男女総数,016,７５－７９歳,29000,奈良県,1980000000,1980年,人
25349,00700,全域,000,男女総数,016,７５－７９歳,30000,和歌山県,1980000000,1980年,人
14589,00700,全域,000,男女総数,016,７５－７９歳,31000,鳥取県,1980000000,1980年,人
21625,00700,全域,000,男女総数,016,７５－７９歳,32000,島根県,1980000000,1980年,人
45046,00700,全域,000,男女総数,016,７５－７９歳,33000,岡山県,1980000000,1980年,人
53247,00700,全域,000,男女総数,016,７５－７９歳,34000,広島県,1980000000,1980年,人
35615,00700,全域,000,男女総数,016,７５－７９歳,35000,山口県,1980000000,1980年,人
19737,00700,全域,000,男女総数,016,７５－７９歳,36000,徳島県,1980000000,1980年,人
23104,00700,全域,000,男女総数,016,７５－７９歳,37000,香川県,1980000000,1980年,人
34383,00700,全域,000,男女総数,016,７５－７９歳,38000,愛媛県,1980000000,1980年,人
22464,00700,全域,000,男女総数,016,７５－７９歳,39000,高知県,1980000000,1980年,人
81037,00700,全域,000,男女総数,016,７５－７９歳,40000,福岡県,1980000000,1980年,人
20382,00700,全域,000,男女総数,016,７５－７９歳,41000,佐賀県,1980000000,1980年,人
33249,00700,全域,000,男女総数,016,７５－７９歳,42000,長崎県,1980000000,1980年,人
40987,00700,全域,000,男女総数,016,７５－７９歳,43000,熊本県,1980000000,1980年,人
28182,00700,全域,000,男女総数,016,７５－７９歳,44000,大分県,1980000000,1980年,人
23713,00700,全域,000,男女総数,016,７５－７９歳,45000,宮崎県,1980000000,1980年,人
44273,00700,全域,000,男女総数,016,７５－７９歳,46000,鹿児島県,1980000000,1980年,人
16561,00700,全域,000,男女総数,016,７５－７９歳,47000,沖縄県,1980000000,1980年,人
1093643,00700,全域,000,男女総数,017,８０－８４歳,00000,全国,1980000000,1980年,人
722973,00700,全域,000,男女総数,017,８０－８４歳,00001,全国市部,1980000000,1980年,人
370670,00700,全域,000,男女総数,017,８０－８４歳,00002,全国郡部,1980000000,1980年,人
42863,00700,全域,000,男女総数,017,８０－８４歳,01000,北海道,1980000000,1980年,人
12780,00700,全域,000,男女総数,017,８０－８４歳,02000,青森県,1980000000,1980年,人
14047,00700,全域,000,男女総数,017,８０－８４歳,03000,岩手県,1980000000,1980年,人
17620,00700,全域,000,男女総数,017,８０－８４歳,04000,宮城県,1980000000,1980年,人
12621,00700,全域,000,男女総数,017,８０－８４歳,05000,秋田県,1980000000,1980年,人
14148,00700,全域,000,男女総数,017,８０－８４歳,06000,山形県,1980000000,1980年,人
21448,00700,全域,000,男女総数,017,８０－８４歳,07000,福島県,1980000000,1980年,人
23893,00700,全域,000,男女総数,017,８０－８４歳,08000,茨城県,1980000000,1980年,人
16698,00700,全域,000,男女総数,017,８０－８４歳,09000,栃木県,1980000000,1980年,人
18428,00700,全域,000,男女総数,017,８０－８４歳,10000,群馬県,1980000000,1980年,人
30266,00700,全域,000,男女総数,017,８０－８４歳,11000,埼玉県,1980000000,1980年,人
33372,00700,全域,000,男女総数,017,８０－８４歳,12000,千葉県,1980000000,1980年,人
87975,00700,全域,000,男女総数,017,８０－８４歳,13000,東京都,1980000000,1980年,人
41459,00700,全域,000,男女総数,017,８０－８４歳,14000,神奈川県,1980000000,1980年,人
25138,00700,全域,000,男女総数,017,８０－８４歳,15000,新潟県,1980000000,1980年,人
11392,00700,全域,000,男女総数,017,８０－８４歳,16000,富山県,1980000000,1980年,人
11122,00700,全域,000,男女総数,017,８０－８４歳,17000,石川県,1980000000,1980年,人
9497,00700,全域,000,男女総数,017,８０－８４歳,18000,福井県,1980000000,1980年,人
9565,00700,全域,000,男女総数,017,８０－８４歳,19000,山梨県,1980000000,1980年,人
26735,00700,全域,000,男女総数,017,８０－８４歳,20000,長野県,1980000000,1980年,人
19420,00700,全域,000,男女総数,017,８０－８４歳,21000,岐阜県,1980000000,1980年,人
33138,00700,全域,000,男女総数,017,８０－８４歳,22000,静岡県,1980000000,1980年,人
43751,00700,全域,000,男女総数,017,８０－８４歳,23000,愛知県,1980000000,1980年,人
20036,00700,全域,000,男女総数,017,８０－８４歳,24000,三重県,1980000000,1980年,人
11039,00700,全域,000,男女総数,017,８０－８４歳,25000,滋賀県,1980000000,1980年,人
26768,00700,全域,000,男女総数,017,８０－８４歳,26000,京都府,1980000000,1980年,人
56561,00700,全域,000,男女総数,017,８０－８４歳,27000,大阪府,1980000000,1980年,人
48860,00700,全域,000,男女総数,017,８０－８４歳,28000,兵庫県,1980000000,1980年,人
11501,00700,全域,000,男女総数,017,８０－８４歳,29000,奈良県,1980000000,1980年,人
14040,00700,全域,000,男女総数,017,８０－８４歳,30000,和歌山県,1980000000,1980年,人
8613,00700,全域,000,男女総数,017,８０－８４歳,31000,鳥取県,1980000000,1980年,人
13047,00700,全域,000,男女総数,017,８０－８４歳,32000,島根県,1980000000,1980年,人
26291,00700,全域,000,男女総数,017,８０－８４歳,33000,岡山県,1980000000,1980年,人
31738,00700,全域,000,男女総数,017,８０－８４歳,34000,広島県,1980000000,1980年,人
20601,00700,全域,000,男女総数,017,８０－８４歳,35000,山口県,1980000000,1980年,人
10979,00700,全域,000,男女総数,017,８０－８４歳,36000,徳島県,1980000000,1980年,人
13518,00700,全域,000,男女総数,017,８０－８４歳,37000,香川県,1980000000,1980年,人
20421,00700,全域,000,男女総数,017,８０－８４歳,38000,愛媛県,1980000000,1980年,人
14144,00700,全域,000,男女総数,017,８０－８４歳,39000,高知県,1980000000,1980年,人
46222,00700,全域,000,男女総数,017,８０－８４歳,40000,福岡県,1980000000,1980年,人
11659,00700,全域,000,男女総数,017,８０－８４歳,41000,佐賀県,1980000000,1980年,人
19052,00700,全域,000,男女総数,017,８０－８４歳,42000,長崎県,1980000000,1980年,人
25288,00700,全域,000,男女総数,017,８０－８４歳,43000,熊本県,1980000000,1980年,人
16587,00700,全域,000,男女総数,017,８０－８４歳,44000,大分県,1980000000,1980年,人
13587,00700,全域,000,男女総数,017,８０－８４歳,45000,宮崎県,1980000000,1980年,人
25372,00700,全域,000,男女総数,017,８０－８４歳,46000,鹿児島県,1980000000,1980年,人
10343,00700,全域,000,男女総数,017,８０－８４歳,47000,沖縄県,1980000000,1980年,人
409990,00700,全域,000,男女総数,018,８５－８９歳,00000,全国,1980000000,1980年,人
264587,00700,全域,000,男女総数,018,８５－８９歳,00001,全国市部,1980000000,1980年,人
145403,00700,全域,000,男女総数,018,８５－８９歳,00002,全国郡部,1980000000,1980年,人
15459,00700,全域,000,男女総数,018,８５－８９歳,01000,北海道,1980000000,1980年,人
4614,00700,全域,000,男女総数,018,８５－８９歳,02000,青森県,1980000000,1980年,人
5296,00700,全域,000,男女総数,018,８５－８９歳,03000,岩手県,1980000000,1980年,人
7046,00700,全域,000,男女総数,018,８５－８９歳,04000,宮城県,1980000000,1980年,人
4213,00700,全域,000,男女総数,018,８５－８９歳,05000,秋田県,1980000000,1980年,人
4996,00700,全域,000,男女総数,018,８５－８９歳,06000,山形県,1980000000,1980年,人
8381,00700,全域,000,男女総数,018,８５－８９歳,07000,福島県,1980000000,1980年,人
9120,00700,全域,000,男女総数,018,８５－８９歳,08000,茨城県,1980000000,1980年,人
6198,00700,全域,000,男女総数,018,８５－８９歳,09000,栃木県,1980000000,1980年,人
6667,00700,全域,000,男女総数,018,８５－８９歳,10000,群馬県,1980000000,1980年,人
10624,00700,全域,000,男女総数,018,８５－８９歳,11000,埼玉県,1980000000,1980年,人
11694,00700,全域,000,男女総数,018,８５－８９歳,12000,千葉県,1980000000,1980年,人
31601,00700,全域,000,男女総数,018,８５－８９歳,13000,東京都,1980000000,1980年,人
14941,00700,全域,000,男女総数,018,８５－８９歳,14000,神奈川県,1980000000,1980年,人
9654,00700,全域,000,男女総数,018,８５－８９歳,15000,新潟県,1980000000,1980年,人
4083,00700,全域,000,男女総数,018,８５－８９歳,16000,富山県,1980000000,1980年,人
4197,00700,全域,000,男女総数,018,８５－８９歳,17000,石川県,1980000000,1980年,人
3805,00700,全域,000,男女総数,018,８５－８９歳,18000,福井県,1980000000,1980年,人
3919,00700,全域,000,男女総数,018,８５－８９歳,19000,山梨県,1980000000,1980年,人
9682,00700,全域,000,男女総数,018,８５－８９歳,20000,長野県,1980000000,1980年,人
7408,00700,全域,000,男女総数,018,８５－８９歳,21000,岐阜県,1980000000,1980年,人
13125,00700,全域,000,男女総数,018,８５－８９歳,22000,静岡県,1980000000,1980年,人
16177,00700,全域,000,男女総数,018,８５－８９歳,23000,愛知県,1980000000,1980年,人
7599,00700,全域,000,男女総数,018,８５－８９歳,24000,三重県,1980000000,1980年,人
4132,00700,全域,000,男女総数,018,８５－８９歳,25000,滋賀県,1980000000,1980年,人
9595,00700,全域,000,男女総数,018,８５－８９歳,26000,京都府,1980000000,1980年,人
18980,00700,全域,000,男女総数,018,８５－８９歳,27000,大阪府,1980000000,1980年,人
17708,00700,全域,000,男女総数,018,８５－８９歳,28000,兵庫県,1980000000,1980年,人
4292,00700,全域,000,男女総数,018,８５－８９歳,29000,奈良県,1980000000,1980年,人
5132,00700,全域,000,男女総数,018,８５－８９歳,30000,和歌山県,1980000000,1980年,人
3297,00700,全域,000,男女総数,018,８５－８９歳,31000,鳥取県,1980000000,1980年,人
5339,00700,全域,000,男女総数,018,８５－８９歳,32000,島根県,1980000000,1980年,人
9728,00700,全域,000,男女総数,018,８５－８９歳,33000,岡山県,1980000000,1980年,人
12365,00700,全域,000,男女総数,018,８５－８９歳,34000,広島県,1980000000,1980年,人
8148,00700,全域,000,男女総数,018,８５－８９歳,35000,山口県,1980000000,1980年,人
3938,00700,全域,000,男女総数,018,８５－８９歳,36000,徳島県,1980000000,1980年,人
5153,00700,全域,000,男女総数,018,８５－８９歳,37000,香川県,1980000000,1980年,人
8074,00700,全域,000,男女総数,018,８５－８９歳,38000,愛媛県,1980000000,1980年,人
5510,00700,全域,000,男女総数,018,８５－８９歳,39000,高知県,1980000000,1980年,人
17712,00700,全域,000,男女総数,018,８５－８９歳,40000,福岡県,1980000000,1980年,人
4616,00700,全域,000,男女総数,018,８５－８９歳,41000,佐賀県,1980000000,1980年,人
7239,00700,全域,000,男女総数,018,８５－８９歳,42000,長崎県,1980000000,1980年,人
10208,00700,全域,000,男女総数,018,８５－８９歳,43000,熊本県,1980000000,1980年,人
6445,00700,全域,000,男女総数,018,８５－８９歳,44000,大分県,1980000000,1980年,人
5413,00700,全域,000,男女総数,018,８５－８９歳,45000,宮崎県,1980000000,1980年,人
10782,00700,全域,000,男女総数,018,８５－８９歳,46000,鹿児島県,1980000000,1980年,人
5685,00700,全域,000,男女総数,018,８５－８９歳,47000,沖縄県,1980000000,1980年,人
105047,00700,全域,000,男女総数,019,９０－９４歳,00000,全国,1980000000,1980年,人
66697,00700,全域,000,男女総数,019,９０－９４歳,00001,全国市部,1980000000,1980年,人
38350,00700,全域,000,男女総数,019,９０－９４歳,00002,全国郡部,1980000000,1980年,人
3982,00700,全域,000,男女総数,019,９０－９４歳,01000,北海道,1980000000,1980年,人
1030,00700,全域,000,男女総数,019,９０－９４歳,02000,青森県,1980000000,1980年,人
1269,00700,全域,000,男女総数,019,９０－９４歳,03000,岩手県,1980000000,1980年,人
1798,00700,全域,000,男女総数,019,９０－９４歳,04000,宮城県,1980000000,1980年,人
837,00700,全域,000,男女総数,019,９０－９４歳,05000,秋田県,1980000000,1980年,人
1127,00700,全域,000,男女総数,019,９０－９４歳,06000,山形県,1980000000,1980年,人
2057,00700,全域,000,男女総数,019,９０－９４歳,07000,福島県,1980000000,1980年,人
2342,00700,全域,000,男女総数,019,９０－９４歳,08000,茨城県,1980000000,1980年,人
1561,00700,全域,000,男女総数,019,９０－９４歳,09000,栃木県,1980000000,1980年,人
1604,00700,全域,000,男女総数,019,９０－９４歳,10000,群馬県,1980000000,1980年,人
2556,00700,全域,000,男女総数,019,９０－９４歳,11000,埼玉県,1980000000,1980年,人
3165,00700,全域,000,男女総数,019,９０－９４歳,12000,千葉県,1980000000,1980年,人
7897,00700,全域,000,男女総数,019,９０－９４歳,13000,東京都,1980000000,1980年,人
3863,00700,全域,000,男女総数,019,９０－９４歳,14000,神奈川県,1980000000,1980年,人
2378,00700,全域,000,男女総数,019,９０－９４歳,15000,新潟県,1980000000,1980年,人
1070,00700,全域,000,男女総数,019,９０－９４歳,16000,富山県,1980000000,1980年,人
1077,00700,全域,000,男女総数,019,９０－９４歳,17000,石川県,1980000000,1980年,人
872,00700,全域,000,男女総数,019,９０－９４歳,18000,福井県,1980000000,1980年,人
1174,00700,全域,000,男女総数,019,９０－９４歳,19000,山梨県,1980000000,1980年,人
2454,00700,全域,000,男女総数,019,９０－９４歳,20000,長野県,1980000000,1980年,人
1875,00700,全域,000,男女総数,019,９０－９４歳,21000,岐阜県,1980000000,1980年,人
3446,00700,全域,000,男女総数,019,９０－９４歳,22000,静岡県,1980000000,1980年,人
3971,00700,全域,000,男女総数,019,９０－９４歳,23000,愛知県,1980000000,1980年,人
1942,00700,全域,000,男女総数,019,９０－９４歳,24000,三重県,1980000000,1980年,人
1068,00700,全域,000,男女総数,019,９０－９４歳,25000,滋賀県,1980000000,1980年,人
2387,00700,全域,000,男女総数,019,９０－９４歳,26000,京都府,1980000000,1980年,人
4345,00700,全域,000,男女総数,019,９０－９４歳,27000,大阪府,1980000000,1980年,人
4523,00700,全域,000,男女総数,019,９０－９４歳,28000,兵庫県,1980000000,1980年,人
1108,00700,全域,000,男女総数,019,９０－９４歳,29000,奈良県,1980000000,1980年,人
1295,00700,全域,000,男女総数,019,９０－９４歳,30000,和歌山県,1980000000,1980年,人
960,00700,全域,000,男女総数,019,９０－９４歳,31000,鳥取県,1980000000,1980年,人
1476,00700,全域,000,男女総数,019,９０－９４歳,32000,島根県,1980000000,1980年,人
2575,00700,全域,000,男女総数,019,９０－９４歳,33000,岡山県,1980000000,1980年,人
3479,00700,全域,000,男女総数,019,９０－９４歳,34000,広島県,1980000000,1980年,人
2057,00700,全域,000,男女総数,019,９０－９４歳,35000,山口県,1980000000,1980年,人
1216,00700,全域,000,男女総数,019,９０－９４歳,36000,徳島県,1980000000,1980年,人
1447,00700,全域,000,男女総数,019,９０－９４歳,37000,香川県,1980000000,1980年,人
2259,00700,全域,000,男女総数,019,９０－９４歳,38000,愛媛県,1980000000,1980年,人
1645,00700,全域,000,男女総数,019,９０－９４歳,39000,高知県,1980000000,1980年,人
4383,00700,全域,000,男女総数,019,９０－９４歳,40000,福岡県,1980000000,1980年,人
1142,00700,全域,000,男女総数,019,９０－９４歳,41000,佐賀県,1980000000,1980年,人
1815,00700,全域,000,男女総数,019,９０－９４歳,42000,長崎県,1980000000,1980年,人
2533,00700,全域,000,男女総数,019,９０－９４歳,43000,熊本県,1980000000,1980年,人
1632,00700,全域,000,男女総数,019,９０－９４歳,44000,大分県,1980000000,1980年,人
1286,00700,全域,000,男女総数,019,９０－９４歳,45000,宮崎県,1980000000,1980年,人
3094,00700,全域,000,男女総数,019,９０－９４歳,46000,鹿児島県,1980000000,1980年,人
1975,00700,全域,000,男女総数,019,９０－９４歳,47000,沖縄県,1980000000,1980年,人
13344,00700,全域,000,男女総数,020,９５－９９歳,00000,全国,1980000000,1980年,人
8401,00700,全域,000,男女総数,020,９５－９９歳,00001,全国市部,1980000000,1980年,人
4943,00700,全域,000,男女総数,020,９５－９９歳,00002,全国郡部,1980000000,1980年,人
536,00700,全域,000,男女総数,020,９５－９９歳,01000,北海道,1980000000,1980年,人
147,00700,全域,000,男女総数,020,９５－９９歳,02000,青森県,1980000000,1980年,人
150,00700,全域,000,男女総数,020,９５－９９歳,03000,岩手県,1980000000,1980年,人
212,00700,全域,000,男女総数,020,９５－９９歳,04000,宮城県,1980000000,1980年,人
82,00700,全域,000,男女総数,020,９５－９９歳,05000,秋田県,1980000000,1980年,人
110,00700,全域,000,男女総数,020,９５－９９歳,06000,山形県,1980000000,1980年,人
224,00700,全域,000,男女総数,020,９５－９９歳,07000,福島県,1980000000,1980年,人
241,00700,全域,000,男女総数,020,９５－９９歳,08000,茨城県,1980000000,1980年,人
155,00700,全域,000,男女総数,020,９５－９９歳,09000,栃木県,1980000000,1980年,人
222,00700,全域,000,男女総数,020,９５－９９歳,10000,群馬県,1980000000,1980年,人
266,00700,全域,000,男女総数,020,９５－９９歳,11000,埼玉県,1980000000,1980年,人
347,00700,全域,000,男女総数,020,９５－９９歳,12000,千葉県,1980000000,1980年,人
956,00700,全域,000,男女総数,020,９５－９９歳,13000,東京都,1980000000,1980年,人
481,00700,全域,000,男女総数,020,９５－９９歳,14000,神奈川県,1980000000,1980年,人
296,00700,全域,000,男女総数,020,９５－９９歳,15000,新潟県,1980000000,1980年,人
147,00700,全域,000,男女総数,020,９５－９９歳,16000,富山県,1980000000,1980年,人
151,00700,全域,000,男女総数,020,９５－９９歳,17000,石川県,1980000000,1980年,人
106,00700,全域,000,男女総数,020,９５－９９歳,18000,福井県,1980000000,1980年,人
158,00700,全域,000,男女総数,020,９５－９９歳,19000,山梨県,1980000000,1980年,人
263,00700,全域,000,男女総数,020,９５－９９歳,20000,長野県,1980000000,1980年,人
227,00700,全域,000,男女総数,020,９５－９９歳,21000,岐阜県,1980000000,1980年,人
392,00700,全域,000,男女総数,020,９５－９９歳,22000,静岡県,1980000000,1980年,人
524,00700,全域,000,男女総数,020,９５－９９歳,23000,愛知県,1980000000,1980年,人
262,00700,全域,000,男女総数,020,９５－９９歳,24000,三重県,1980000000,1980年,人
125,00700,全域,000,男女総数,020,９５－９９歳,25000,滋賀県,1980000000,1980年,人
300,00700,全域,000,男女総数,020,９５－９９歳,26000,京都府,1980000000,1980年,人
489,00700,全域,000,男女総数,020,９５－９９歳,27000,大阪府,1980000000,1980年,人
532,00700,全域,000,男女総数,020,９５－９９歳,28000,兵庫県,1980000000,1980年,人
143,00700,全域,000,男女総数,020,９５－９９歳,29000,奈良県,1980000000,1980年,人
180,00700,全域,000,男女総数,020,９５－９９歳,30000,和歌山県,1980000000,1980年,人
142,00700,全域,000,男女総数,020,９５－９９歳,31000,鳥取県,1980000000,1980年,人
233,00700,全域,000,男女総数,020,９５－９９歳,32000,島根県,1980000000,1980年,人
344,00700,全域,000,男女総数,020,９５－９９歳,33000,岡山県,1980000000,1980年,人
481,00700,全域,000,男女総数,020,９５－９９歳,34000,広島県,1980000000,1980年,人
262,00700,全域,000,男女総数,020,９５－９９歳,35000,山口県,1980000000,1980年,人
169,00700,全域,000,男女総数,020,９５－９９歳,36000,徳島県,1980000000,1980年,人
206,00700,全域,000,男女総数,020,９５－９９歳,37000,香川県,1980000000,1980年,人
370,00700,全域,000,男女総数,020,９５－９９歳,38000,愛媛県,1980000000,1980年,人
204,00700,全域,000,男女総数,020,９５－９９歳,39000,高知県,1980000000,1980年,人
601,00700,全域,000,男女総数,020,９５－９９歳,40000,福岡県,1980000000,1980年,人
157,00700,全域,000,男女総数,020,９５－９９歳,41000,佐賀県,1980000000,1980年,人
217,00700,全域,000,男女総数,020,９５－９９歳,42000,長崎県,1980000000,1980年,人
338,00700,全域,000,男女総数,020,９５－９９歳,43000,熊本県,1980000000,1980年,人
201,00700,全域,000,男女総数,020,９５－９９歳,44000,大分県,1980000000,1980年,人
152,00700,全域,000,男女総数,020,９５－９９歳,45000,宮崎県,1980000000,1980年,人
470,00700,全域,000,男女総数,020,９５－９９歳,46000,鹿児島県,1980000000,1980年,人
373,00700,全域,000,男女総数,020,９５－９９歳,47000,沖縄県,1980000000,1980年,人
989,00700,全域,000,男女総数,021,１００歳以上,00000,全国,1980000000,1980年,人
595,00700,全域,000,男女総数,021,１００歳以上,00001,全国市部,1980000000,1980年,人
394,00700,全域,000,男女総数,021,１００歳以上,00002,全国郡部,1980000000,1980年,人
45,00700,全域,000,男女総数,021,１００歳以上,01000,北海道,1980000000,1980年,人
5,00700,全域,000,男女総数,021,１００歳以上,02000,青森県,1980000000,1980年,人
3,00700,全域,000,男女総数,021,１００歳以上,03000,岩手県,1980000000,1980年,人
18,00700,全域,000,男女総数,021,１００歳以上,04000,宮城県,1980000000,1980年,人
6,00700,全域,000,男女総数,021,１００歳以上,05000,秋田県,1980000000,1980年,人
6,00700,全域,000,男女総数,021,１００歳以上,06000,山形県,1980000000,1980年,人
10,00700,全域,000,男女総数,021,１００歳以上,07000,福島県,1980000000,1980年,人
21,00700,全域,000,男女総数,021,１００歳以上,08000,茨城県,1980000000,1980年,人
8,00700,全域,000,男女総数,021,１００歳以上,09000,栃木県,1980000000,1980年,人
12,00700,全域,000,男女総数,021,１００歳以上,10000,群馬県,1980000000,1980年,人
9,00700,全域,000,男女総数,021,１００歳以上,11000,埼玉県,1980000000,1980年,人
27,00700,全域,000,男女総数,021,１００歳以上,12000,千葉県,1980000000,1980年,人
76,00700,全域,000,男女総数,021,１００歳以上,13000,東京都,1980000000,1980年,人
32,00700,全域,000,男女総数,021,１００歳以上,14000,神奈川県,1980000000,1980年,人
18,00700,全域,000,男女総数,021,１００歳以上,15000,新潟県,1980000000,1980年,人
10,00700,全域,000,男女総数,021,１００歳以上,16000,富山県,1980000000,1980年,人
12,00700,全域,000,男女総数,021,１００歳以上,17000,石川県,1980000000,1980年,人
8,00700,全域,000,男女総数,021,１００歳以上,18000,福井県,1980000000,1980年,人
9,00700,全域,000,男女総数,021,１００歳以上,19000,山梨県,1980000000,1980年,人
24,00700,全域,000,男女総数,021,１００歳以上,20000,長野県,1980000000,1980年,人
9,00700,全域,000,男女総数,021,１００歳以上,21000,岐阜県,1980000000,1980年,人
31,00700,全域,000,男女総数,021,１００歳以上,22000,静岡県,1980000000,1980年,人
35,00700,全域,000,男女総数,021,１００歳以上,23000,愛知県,1980000000,1980年,人
15,00700,全域,000,男女総数,021,１００歳以上,24000,三重県,1980000000,1980年,人
10,00700,全域,000,男女総数,021,１００歳以上,25000,滋賀県,1980000000,1980年,人
19,00700,全域,000,男女総数,021,１００歳以上,26000,京都府,1980000000,1980年,人
36,00700,全域,000,男女総数,021,１００歳以上,27000,大阪府,1980000000,1980年,人
42,00700,全域,000,男女総数,021,１００歳以上,28000,兵庫県,1980000000,1980年,人
5,00700,全域,000,男女総数,021,１００歳以上,29000,奈良県,1980000000,1980年,人
15,00700,全域,000,男女総数,021,１００歳以上,30000,和歌山県,1980000000,1980年,人
10,00700,全域,000,男女総数,021,１００歳以上,31000,鳥取県,1980000000,1980年,人
9,00700,全域,000,男女総数,021,１００歳以上,32000,島根県,1980000000,1980年,人
29,00700,全域,000,男女総数,021,１００歳以上,33000,岡山県,1980000000,1980年,人
50,00700,全域,000,男女総数,021,１００歳以上,34000,広島県,1980000000,1980年,人
16,00700,全域,000,男女総数,021,１００歳以上,35000,山口県,1980000000,1980年,人
13,00700,全域,000,男女総数,021,１００歳以上,36000,徳島県,1980000000,1980年,人
18,00700,全域,000,男女総数,021,１００歳以上,37000,香川県,1980000000,1980年,人
28,00700,全域,000,男女総数,021,１００歳以上,38000,愛媛県,1980000000,1980年,人
12,00700,全域,000,男女総数,021,１００歳以上,39000,高知県,1980000000,1980年,人
47,00700,全域,000,男女総数,021,１００歳以上,40000,福岡県,1980000000,1980年,人
13,00700,全域,000,男女総数,021,１００歳以上,41000,佐賀県,1980000000,1980年,人
22,00700,全域,000,男女総数,021,１００歳以上,42000,長崎県,1980000000,1980年,人
34,00700,全域,000,男女総数,021,１００歳以上,43000,熊本県,1980000000,1980年,人
15,00700,全域,000,男女総数,021,１００歳以上,44000,大分県,1980000000,1980年,人
16,00700,全域,000,男女総数,021,１００歳以上,45000,宮崎県,1980000000,1980年,人
42,00700,全域,000,男女総数,021,１００歳以上,46000,鹿児島県,1980000000,1980年,人
39,00700,全域,000,男女総数,021,１００歳以上,47000,沖縄県,1980000000,1980年,人
71363,00700,全域,000,男女総数,022,年齢不詳,00000,全国,1980000000,1980年,人
69617,00700,全域,000,男女総数,022,年齢不詳,00001,全国市部,1980000000,1980年,人
1746,00700,全域,000,男女総数,022,年齢不詳,00002,全国郡部,1980000000,1980年,人
2130,00700,全域,000,男女総数,022,年齢不詳,01000,北海道,1980000000,1980年,人
151,00700,全域,000,男女総数,022,年齢不詳,02000,青森県,1980000000,1980年,人
125,00700,全域,000,男女総数,022,年齢不詳,03000,岩手県,1980000000,1980年,人
1582,00700,全域,000,男女総数,022,年齢不詳,04000,宮城県,1980000000,1980年,人
81,00700,全域,000,男女総数,022,年齢不詳,05000,秋田県,1980000000,1980年,人
8,00700,全域,000,男女総数,022,年齢不詳,06000,山形県,1980000000,1980年,人
127,00700,全域,000,男女総数,022,年齢不詳,07000,福島県,1980000000,1980年,人
607,00700,全域,000,男女総数,022,年齢不詳,08000,茨城県,1980000000,1980年,人
422,00700,全域,000,男女総数,022,年齢不詳,09000,栃木県,1980000000,1980年,人
73,00700,全域,000,男女総数,022,年齢不詳,10000,群馬県,1980000000,1980年,人
3635,00700,全域,000,男女総数,022,年齢不詳,11000,埼玉県,1980000000,1980年,人
4222,00700,全域,000,男女総数,022,年齢不詳,12000,千葉県,1980000000,1980年,人
21070,00700,全域,000,男女総数,022,年齢不詳,13000,東京都,1980000000,1980年,人
5695,00700,全域,000,男女総数,022,年齢不詳,14000,神奈川県,1980000000,1980年,人
396,00700,全域,000,男女総数,022,年齢不詳,15000,新潟県,1980000000,1980年,人
18,00700,全域,000,男女総数,022,年齢不詳,16000,富山県,1980000000,1980年,人
658,00700,全域,000,男女総数,022,年齢不詳,17000,石川県,1980000000,1980年,人
77,00700,全域,000,男女総数,022,年齢不詳,18000,福井県,1980000000,1980年,人
181,00700,全域,000,男女総数,022,年齢不詳,19000,山梨県,1980000000,1980年,人
9,00700,全域,000,男女総数,022,年齢不詳,20000,長野県,1980000000,1980年,人
91,00700,全域,000,男女総数,022,年齢不詳,21000,岐阜県,1980000000,1980年,人
255,00700,全域,000,男女総数,022,年齢不詳,22000,静岡県,1980000000,1980年,人
1761,00700,全域,000,男女総数,022,年齢不詳,23000,愛知県,1980000000,1980年,人
136,00700,全域,000,男女総数,022,年齢不詳,24000,三重県,1980000000,1980年,人
101,00700,全域,000,男女総数,022,年齢不詳,25000,滋賀県,1980000000,1980年,人
363,00700,全域,000,男女総数,022,年齢不詳,26000,京都府,1980000000,1980年,人
9202,00700,全域,000,男女総数,022,年齢不詳,27000,大阪府,1980000000,1980年,人
7387,00700,全域,000,男女総数,022,年齢不詳,28000,兵庫県,1980000000,1980年,人
818,00700,全域,000,男女総数,022,年齢不詳,29000,奈良県,1980000000,1980年,人
405,00700,全域,000,男女総数,022,年齢不詳,30000,和歌山県,1980000000,1980年,人
172,00700,全域,000,男女総数,022,年齢不詳,31000,鳥取県,1980000000,1980年,人
68,00700,全域,000,男女総数,022,年齢不詳,32000,島根県,1980000000,1980年,人
228,00700,全域,000,男女総数,022,年齢不詳,33000,岡山県,1980000000,1980年,人
1010,00700,全域,000,男女総数,022,年齢不詳,34000,広島県,1980000000,1980年,人
378,00700,全域,000,男女総数,022,年齢不詳,35000,山口県,1980000000,1980年,人
283,00700,全域,000,男女総数,022,年齢不詳,36000,徳島県,1980000000,1980年,人
298,00700,全域,000,男女総数,022,年齢不詳,37000,香川県,1980000000,1980年,人
245,00700,全域,000,男女総数,022,年齢不詳,38000,愛媛県,1980000000,1980年,人
730,00700,全域,000,男女総数,022,年齢不詳,39000,高知県,1980000000,1980年,人
4135,00700,全域,000,男女総数,022,年齢不詳,40000,福岡県,1980000000,1980年,人
48,00700,全域,000,男女総数,022,年齢不詳,41000,佐賀県,1980000000,1980年,人
333,00700,全域,000,男女総数,022,年齢不詳,42000,長崎県,1980000000,1980年,人
171,00700,全域,000,男女総数,022,年齢不詳,43000,熊本県,1980000000,1980年,人
153,00700,全域,000,男女総数,022,年齢不詳,44000,大分県,1980000000,1980年,人
109,00700,全域,000,男女総数,022,年齢不詳,45000,宮崎県,1980000000,1980年,人
43,00700,全域,000,男女総数,022,年齢不詳,46000,鹿児島県,1980000000,1980年,人
1173,00700,全域,000,男女総数,022,年齢不詳,47000,沖縄県,1980000000,1980年,人
57593769,00700,全域,001,男,000,総数,00000,全国,1980000000,1980年,人
44026960,00700,全域,001,男,000,総数,00001,全国市部,1980000000,1980年,人
13566809,00700,全域,001,男,000,総数,00002,全国郡部,1980000000,1980年,人
2737089,00700,全域,001,男,000,総数,01000,北海道,1980000000,1980年,人
735444,00700,全域,001,男,000,総数,02000,青森県,1980000000,1980年,人
688460,00700,全域,001,男,000,総数,03000,岩手県,1980000000,1980年,人
1025903,00700,全域,001,男,000,総数,04000,宮城県,1980000000,1980年,人
603403,00700,全域,001,男,000,総数,05000,秋田県,1980000000,1980年,人
605407,00700,全域,001,男,000,総数,06000,山形県,1980000000,1980年,人
990575,00700,全域,001,男,000,総数,07000,福島県,1980000000,1980年,人
1272533,00700,全域,001,男,000,総数,08000,茨城県,1980000000,1980年,人
885573,00700,全域,001,男,000,総数,09000,栃木県,1980000000,1980年,人
908871,00700,全域,001,男,000,総数,10000,群馬県,1980000000,1980年,人
2739175,00700,全域,001,男,000,総数,11000,埼玉県,1980000000,1980年,人
2383157,00700,全域,001,男,000,総数,12000,千葉県,1980000000,1980年,人
5856280,00700,全域,001,男,000,総数,13000,東京都,1980000000,1980年,人
3536021,00700,全域,001,男,000,総数,14000,神奈川県,1980000000,1980年,人
1193653,00700,全域,001,男,000,総数,15000,新潟県,1980000000,1980年,人
532686,00700,全域,001,男,000,総数,16000,富山県,1980000000,1980年,人
542782,00700,全域,001,男,000,総数,17000,石川県,1980000000,1980年,人
384269,00700,全域,001,男,000,総数,18000,福井県,1980000000,1980年,人
391649,00700,全域,001,男,000,総数,19000,山梨県,1980000000,1980年,人
1008885,00700,全域,001,男,000,総数,20000,長野県,1980000000,1980年,人
954018,00700,全域,001,男,000,総数,21000,岐阜県,1980000000,1980年,人
1695778,00700,全域,001,男,000,総数,22000,静岡県,1980000000,1980年,人
3112306,00700,全域,001,男,000,総数,23000,愛知県,1980000000,1980年,人
817578,00700,全域,001,男,000,総数,24000,三重県,1980000000,1980年,人
529208,00700,全域,001,男,000,総数,25000,滋賀県,1980000000,1980年,人
1238365,00700,全域,001,男,000,総数,26000,京都府,1980000000,1980年,人
4203838,00700,全域,001,男,000,総数,27000,大阪府,1980000000,1980年,人
2512358,00700,全域,001,男,000,総数,28000,兵庫県,1980000000,1980年,人
587067,00700,全域,001,男,000,総数,29000,奈良県,1980000000,1980年,人
523467,00700,全域,001,男,000,総数,30000,和歌山県,1980000000,1980年,人
289946,00700,全域,001,男,000,総数,31000,鳥取県,1980000000,1980年,人
377499,00700,全域,001,男,000,総数,32000,島根県,1980000000,1980年,人
905477,00700,全域,001,男,000,総数,33000,岡山県,1980000000,1980年,人
1336806,00700,全域,001,男,000,総数,34000,広島県,1980000000,1980年,人
759255,00700,全域,001,男,000,総数,35000,山口県,1980000000,1980年,人
395994,00700,全域,001,男,000,総数,36000,徳島県,1980000000,1980年,人
481104,00700,全域,001,男,000,総数,37000,香川県,1980000000,1980年,人
718517,00700,全域,001,男,000,総数,38000,愛媛県,1980000000,1980年,人
396418,00700,全域,001,男,000,総数,39000,高知県,1980000000,1980年,人
2200450,00700,全域,001,男,000,総数,40000,福岡県,1980000000,1980年,人
410912,00700,全域,001,男,000,総数,41000,佐賀県,1980000000,1980年,人
758374,00700,全域,001,男,000,総数,42000,長崎県,1980000000,1980年,人
850831,00700,全域,001,男,000,総数,43000,熊本県,1980000000,1980年,人
583097,00700,全域,001,男,000,総数,44000,大分県,1980000000,1980年,人
550207,00700,全域,001,男,000,総数,45000,宮崎県,1980000000,1980年,人
839392,00700,全域,001,男,000,総数,46000,鹿児島県,1980000000,1980年,人
543692,00700,全域,001,男,000,総数,47000,沖縄県,1980000000,1980年,人
4366100,00700,全域,001,男,001,０－４歳,00000,全国,1980000000,1980年,人
3355204,00700,全域,001,男,001,０－４歳,00001,全国市部,1980000000,1980年,人
1010896,00700,全域,001,男,001,０－４歳,00002,全国郡部,1980000000,1980年,人
208437,00700,全域,001,男,001,０－４歳,01000,北海道,1980000000,1980年,人
57449,00700,全域,001,男,001,０－４歳,02000,青森県,1980000000,1980年,人
52658,00700,全域,001,男,001,０－４歳,03000,岩手県,1980000000,1980年,人
82342,00700,全域,001,男,001,０－４歳,04000,宮城県,1980000000,1980年,人
44173,00700,全域,001,男,001,０－４歳,05000,秋田県,1980000000,1980年,人
44631,00700,全域,001,男,001,０－４歳,06000,山形県,1980000000,1980年,人
78368,00700,全域,001,男,001,０－４歳,07000,福島県,1980000000,1980年,人
100988,00700,全域,001,男,001,０－４歳,08000,茨城県,1980000000,1980年,人
71555,00700,全域,001,男,001,０－４歳,09000,栃木県,1980000000,1980年,人
70504,00700,全域,001,男,001,０－４歳,10000,群馬県,1980000000,1980年,人
223321,00700,全域,001,男,001,０－４歳,11000,埼玉県,1980000000,1980年,人
191960,00700,全域,001,男,001,０－４歳,12000,千葉県,1980000000,1980年,人
366318,00700,全域,001,男,001,０－４歳,13000,東京都,1980000000,1980年,人
266256,00700,全域,001,男,001,０－４歳,14000,神奈川県,1980000000,1980年,人
90182,00700,全域,001,男,001,０－４歳,15000,新潟県,1980000000,1980年,人
39442,00700,全域,001,男,001,０－４歳,16000,富山県,1980000000,1980年,人
42662,00700,全域,001,男,001,０－４歳,17000,石川県,1980000000,1980年,人
29330,00700,全域,001,男,001,０－４歳,18000,福井県,1980000000,1980年,人
28032,00700,全域,001,男,001,０－４歳,19000,山梨県,1980000000,1980年,人
75757,00700,全域,001,男,001,０－４歳,20000,長野県,1980000000,1980年,人
73315,00700,全域,001,男,001,０－４歳,21000,岐阜県,1980000000,1980年,人
133130,00700,全域,001,男,001,０－４歳,22000,静岡県,1980000000,1980年,人
244535,00700,全域,001,男,001,０－４歳,23000,愛知県,1980000000,1980年,人
60041,00700,全域,001,男,001,０－４歳,24000,三重県,1980000000,1980年,人
44580,00700,全域,001,男,001,０－４歳,25000,滋賀県,1980000000,1980年,人
91674,00700,全域,001,男,001,０－４歳,26000,京都府,1980000000,1980年,人
313948,00700,全域,001,男,001,０－４歳,27000,大阪府,1980000000,1980年,人
192927,00700,全域,001,男,001,０－４歳,28000,兵庫県,1980000000,1980年,人
45208,00700,全域,001,男,001,０－４歳,29000,奈良県,1980000000,1980年,人
37639,00700,全域,001,男,001,０－４歳,30000,和歌山県,1980000000,1980年,人
21890,00700,全域,001,男,001,０－４歳,31000,鳥取県,1980000000,1980年,人
27385,00700,全域,001,男,001,０－４歳,32000,島根県,1980000000,1980年,人
68042,00700,全域,001,男,001,０－４歳,33000,岡山県,1980000000,1980年,人
103278,00700,全域,001,男,001,０－４歳,34000,広島県,1980000000,1980年,人
55650,00700,全域,001,男,001,０－４歳,35000,山口県,1980000000,1980年,人
28357,00700,全域,001,男,001,０－４歳,36000,徳島県,1980000000,1980年,人
36242,00700,全域,001,男,001,０－４歳,37000,香川県,1980000000,1980年,人
54467,00700,全域,001,男,001,０－４歳,38000,愛媛県,1980000000,1980年,人
27802,00700,全域,001,男,001,０－４歳,39000,高知県,1980000000,1980年,人
174058,00700,全域,001,男,001,０－４歳,40000,福岡県,1980000000,1980年,人
33192,00700,全域,001,男,001,０－４歳,41000,佐賀県,1980000000,1980年,人
60532,00700,全域,001,男,001,０－４歳,42000,長崎県,1980000000,1980年,人
64702,00700,全域,001,男,001,０－４歳,43000,熊本県,1980000000,1980年,人
45238,00700,全域,001,男,001,０－４歳,44000,大分県,1980000000,1980年,人
46332,00700,全域,001,男,001,０－４歳,45000,宮崎県,1980000000,1980年,人
64270,00700,全域,001,男,001,０－４歳,46000,鹿児島県,1980000000,1980年,人
53301,00700,全域,001,男,001,０－４歳,47000,沖縄県,1980000000,1980年,人
5142487,00700,全域,001,男,002,５－９歳,00000,全国,1980000000,1980年,人
3976752,00700,全域,001,男,002,５－９歳,00001,全国市部,1980000000,1980年,人
1165735,00700,全域,001,男,002,５－９歳,00002,全国郡部,1980000000,1980年,人
238711,00700,全域,001,男,002,５－９歳,01000,北海道,1980000000,1980年,人
65182,00700,全域,001,男,002,５－９歳,02000,青森県,1980000000,1980年,人
57897,00700,全域,001,男,002,５－９歳,03000,岩手県,1980000000,1980年,人
87023,00700,全域,001,男,002,５－９歳,04000,宮城県,1980000000,1980年,人
45957,00700,全域,001,男,002,５－９歳,05000,秋田県,1980000000,1980年,人
46165,00700,全域,001,男,002,５－９歳,06000,山形県,1980000000,1980年,人
83241,00700,全域,001,男,002,５－９歳,07000,福島県,1980000000,1980年,人
118472,00700,全域,001,男,002,５－９歳,08000,茨城県,1980000000,1980年,人
81598,00700,全域,001,男,002,５－９歳,09000,栃木県,1980000000,1980年,人
82668,00700,全域,001,男,002,５－９歳,10000,群馬県,1980000000,1980年,人
284427,00700,全域,001,男,002,５－９歳,11000,埼玉県,1980000000,1980年,人
236223,00700,全域,001,男,002,５－９歳,12000,千葉県,1980000000,1980年,人
443461,00700,全域,001,男,002,５－９歳,13000,東京都,1980000000,1980年,人
325023,00700,全域,001,男,002,５－９歳,14000,神奈川県,1980000000,1980年,人
98392,00700,全域,001,男,002,５－９歳,15000,新潟県,1980000000,1980年,人
47655,00700,全域,001,男,002,５－９歳,16000,富山県,1980000000,1980年,人
50907,00700,全域,001,男,002,５－９歳,17000,石川県,1980000000,1980年,人
33748,00700,全域,001,男,002,５－９歳,18000,福井県,1980000000,1980年,人
32825,00700,全域,001,男,002,５－９歳,19000,山梨県,1980000000,1980年,人
86393,00700,全域,001,男,002,５－９歳,20000,長野県,1980000000,1980年,人
88814,00700,全域,001,男,002,５－９歳,21000,岐阜県,1980000000,1980年,人
155755,00700,全域,001,男,002,５－９歳,22000,静岡県,1980000000,1980年,人
297397,00700,全域,001,男,002,５－９歳,23000,愛知県,1980000000,1980年,人
72652,00700,全域,001,男,002,５－９歳,24000,三重県,1980000000,1980年,人
50197,00700,全域,001,男,002,５－９歳,25000,滋賀県,1980000000,1980年,人
109284,00700,全域,001,男,002,５－９歳,26000,京都府,1980000000,1980年,人
394740,00700,全域,001,男,002,５－９歳,27000,大阪府,1980000000,1980年,人
232654,00700,全域,001,男,002,５－９歳,28000,兵庫県,1980000000,1980年,人
55813,00700,全域,001,男,002,５－９歳,29000,奈良県,1980000000,1980年,人
46026,00700,全域,001,男,002,５－９歳,30000,和歌山県,1980000000,1980年,人
24080,00700,全域,001,男,002,５－９歳,31000,鳥取県,1980000000,1980年,人
30553,00700,全域,001,男,002,５－９歳,32000,島根県,1980000000,1980年,人
80823,00700,全域,001,男,002,５－９歳,33000,岡山県,1980000000,1980年,人
123070,00700,全域,001,男,002,５－９歳,34000,広島県,1980000000,1980年,人
66704,00700,全域,001,男,002,５－９歳,35000,山口県,1980000000,1980年,人
31911,00700,全域,001,男,002,５－９歳,36000,徳島県,1980000000,1980年,人
42305,00700,全域,001,男,002,５－９歳,37000,香川県,1980000000,1980年,人
63503,00700,全域,001,男,002,５－９歳,38000,愛媛県,1980000000,1980年,人
32756,00700,全域,001,男,002,５－９歳,39000,高知県,1980000000,1980年,人
193736,00700,全域,001,男,002,５－９歳,40000,福岡県,1980000000,1980年,人
35781,00700,全域,001,男,002,５－９歳,41000,佐賀県,1980000000,1980年,人
69040,00700,全域,001,男,002,５－９歳,42000,長崎県,1980000000,1980年,人
70087,00700,全域,001,男,002,５－９歳,43000,熊本県,1980000000,1980年,人
50411,00700,全域,001,男,002,５－９歳,44000,大分県,1980000000,1980年,人
49354,00700,全域,001,男,002,５－９歳,45000,宮崎県,1980000000,1980年,人
69948,00700,全域,001,男,002,５－９歳,46000,鹿児島県,1980000000,1980年,人
59125,00700,全域,001,男,002,５－９歳,47000,沖縄県,1980000000,1980年,人
4594813,00700,全域,001,男,003,１０－１４歳,00000,全国,1980000000,1980年,人
3524280,00700,全域,001,男,003,１０－１４歳,00001,全国市部,1980000000,1980年,人
1070533,00700,全域,001,男,003,１０－１４歳,00002,全国郡部,1980000000,1980年,人
217367,00700,全域,001,男,003,１０－１４歳,01000,北海道,1980000000,1980年,人
64564,00700,全域,001,男,003,１０－１４歳,02000,青森県,1980000000,1980年,人
56465,00700,全域,001,男,003,１０－１４歳,03000,岩手県,1980000000,1980年,人
77284,00700,全域,001,男,003,１０－１４歳,04000,宮城県,1980000000,1980年,人
44667,00700,全域,001,男,003,１０－１４歳,05000,秋田県,1980000000,1980年,人
43603,00700,全域,001,男,003,１０－１４歳,06000,山形県,1980000000,1980年,人
76457,00700,全域,001,男,003,１０－１４歳,07000,福島県,1980000000,1980年,人
102164,00700,全域,001,男,003,１０－１４歳,08000,茨城県,1980000000,1980年,人
69118,00700,全域,001,男,003,１０－１４歳,09000,栃木県,1980000000,1980年,人
72657,00700,全域,001,男,003,１０－１４歳,10000,群馬県,1980000000,1980年,人
242179,00700,全域,001,男,003,１０－１４歳,11000,埼玉県,1980000000,1980年,人
200240,00700,全域,001,男,003,１０－１４歳,12000,千葉県,1980000000,1980年,人
417319,00700,全域,001,男,003,１０－１４歳,13000,東京都,1980000000,1980年,人
283848,00700,全域,001,男,003,１０－１４歳,14000,神奈川県,1980000000,1980年,人
93495,00700,全域,001,男,003,１０－１４歳,15000,新潟県,1980000000,1980年,人
41551,00700,全域,001,男,003,１０－１４歳,16000,富山県,1980000000,1980年,人
42686,00700,全域,001,男,003,１０－１４歳,17000,石川県,1980000000,1980年,人
29684,00700,全域,001,男,003,１０－１４歳,18000,福井県,1980000000,1980年,人
32319,00700,全域,001,男,003,１０－１４歳,19000,山梨県,1980000000,1980年,人
78473,00700,全域,001,男,003,１０－１４歳,20000,長野県,1980000000,1980年,人
79107,00700,全域,001,男,003,１０－１４歳,21000,岐阜県,1980000000,1980年,人
138109,00700,全域,001,男,003,１０－１４歳,22000,静岡県,1980000000,1980年,人
256183,00700,全域,001,男,003,１０－１４歳,23000,愛知県,1980000000,1980年,人
65216,00700,全域,001,男,003,１０－１４歳,24000,三重県,1980000000,1980年,人
41429,00700,全域,001,男,003,１０－１４歳,25000,滋賀県,1980000000,1980年,人
94497,00700,全域,001,男,003,１０－１４歳,26000,京都府,1980000000,1980年,人
353344,00700,全域,001,男,003,１０－１４歳,27000,大阪府,1980000000,1980年,人
204306,00700,全域,001,男,003,１０－１４歳,28000,兵庫県,1980000000,1980年,人
48109,00700,全域,001,男,003,１０－１４歳,29000,奈良県,1980000000,1980年,人
42149,00700,全域,001,男,003,１０－１４歳,30000,和歌山県,1980000000,1980年,人
20977,00700,全域,001,男,003,１０－１４歳,31000,鳥取県,1980000000,1980年,人
28186,00700,全域,001,男,003,１０－１４歳,32000,島根県,1980000000,1980年,人
69540,00700,全域,001,男,003,１０－１４歳,33000,岡山県,1980000000,1980年,人
104909,00700,全域,001,男,003,１０－１４歳,34000,広島県,1980000000,1980年,人
59109,00700,全域,001,男,003,１０－１４歳,35000,山口県,1980000000,1980年,人
29480,00700,全域,001,男,003,１０－１４歳,36000,徳島県,1980000000,1980年,人
35567,00700,全域,001,男,003,１０－１４歳,37000,香川県,1980000000,1980年,人
57250,00700,全域,001,男,003,１０－１４歳,38000,愛媛県,1980000000,1980年,人
28513,00700,全域,001,男,003,１０－１４歳,39000,高知県,1980000000,1980年,人
170806,00700,全域,001,男,003,１０－１４歳,40000,福岡県,1980000000,1980年,人
33887,00700,全域,001,男,003,１０－１４歳,41000,佐賀県,1980000000,1980年,人
67142,00700,全域,001,男,003,１０－１４歳,42000,長崎県,1980000000,1980年,人
67210,00700,全域,001,男,003,１０－１４歳,43000,熊本県,1980000000,1980年,人
46107,00700,全域,001,男,003,１０－１４歳,44000,大分県,1980000000,1980年,人
44448,00700,全域,001,男,003,１０－１４歳,45000,宮崎県,1980000000,1980年,人
69306,00700,全域,001,男,003,１０－１４歳,46000,鹿児島県,1980000000,1980年,人
53787,00700,全域,001,男,003,１０－１４歳,47000,沖縄県,1980000000,1980年,人
4223685,00700,全域,001,男,004,１５－１９歳,00000,全国,1980000000,1980年,人
3282676,00700,全域,001,男,004,１５－１９歳,00001,全国市部,1980000000,1980年,人
941009,00700,全域,001,男,004,１５－１９歳,00002,全国郡部,1980000000,1980年,人
209528,00700,全域,001,男,004,１５－１９歳,01000,北海道,1980000000,1980年,人
59243,00700,全域,001,男,004,１５－１９歳,02000,青森県,1980000000,1980年,人
52299,00700,全域,001,男,004,１５－１９歳,03000,岩手県,1980000000,1980年,人
79673,00700,全域,001,男,004,１５－１９歳,04000,宮城県,1980000000,1980年,人
43632,00700,全域,001,男,004,１５－１９歳,05000,秋田県,1980000000,1980年,人
42923,00700,全域,001,男,004,１５－１９歳,06000,山形県,1980000000,1980年,人
74079,00700,全域,001,男,004,１５－１９歳,07000,福島県,1980000000,1980年,人
88028,00700,全域,001,男,004,１５－１９歳,08000,茨城県,1980000000,1980年,人
60174,00700,全域,001,男,004,１５－１９歳,09000,栃木県,1980000000,1980年,人
62445,00700,全域,001,男,004,１５－１９歳,10000,群馬県,1980000000,1980年,人
196243,00700,全域,001,男,004,１５－１９歳,11000,埼玉県,1980000000,1980年,人
167020,00700,全域,001,男,004,１５－１９歳,12000,千葉県,1980000000,1980年,人
456826,00700,全域,001,男,004,１５－１９歳,13000,東京都,1980000000,1980年,人
259313,00700,全域,001,男,004,１５－１９歳,14000,神奈川県,1980000000,1980年,人
83506,00700,全域,001,男,004,１５－１９歳,15000,新潟県,1980000000,1980年,人
35210,00700,全域,001,男,004,１５－１９歳,16000,富山県,1980000000,1980年,人
38550,00700,全域,001,男,004,１５－１９歳,17000,石川県,1980000000,1980年,人
27288,00700,全域,001,男,004,１５－１９歳,18000,福井県,1980000000,1980年,人
29735,00700,全域,001,男,004,１５－１９歳,19000,山梨県,1980000000,1980年,人
67339,00700,全域,001,男,004,１５－１９歳,20000,長野県,1980000000,1980年,人
70182,00700,全域,001,男,004,１５－１９歳,21000,岐阜県,1980000000,1980年,人
119079,00700,全域,001,男,004,１５－１９歳,22000,静岡県,1980000000,1980年,人
238410,00700,全域,001,男,004,１５－１９歳,23000,愛知県,1980000000,1980年,人
60222,00700,全域,001,男,004,１５－１９歳,24000,三重県,1980000000,1980年,人
36500,00700,全域,001,男,004,１５－１９歳,25000,滋賀県,1980000000,1980年,人
93806,00700,全域,001,男,004,１５－１９歳,26000,京都府,1980000000,1980年,人
318932,00700,全域,001,男,004,１５－１９歳,27000,大阪府,1980000000,1980年,人
176025,00700,全域,001,男,004,１５－１９歳,28000,兵庫県,1980000000,1980年,人
42140,00700,全域,001,男,004,１５－１９歳,29000,奈良県,1980000000,1980年,人
36868,00700,全域,001,男,004,１５－１９歳,30000,和歌山県,1980000000,1980年,人
20309,00700,全域,001,男,004,１５－１９歳,31000,鳥取県,1980000000,1980年,人
25135,00700,全域,001,男,004,１５－１９歳,32000,島根県,1980000000,1980年,人
61180,00700,全域,001,男,004,１５－１９歳,33000,岡山県,1980000000,1980年,人
90501,00700,全域,001,男,004,１５－１９歳,34000,広島県,1980000000,1980年,人
51140,00700,全域,001,男,004,１５－１９歳,35000,山口県,1980000000,1980年,人
26912,00700,全域,001,男,004,１５－１９歳,36000,徳島県,1980000000,1980年,人
31131,00700,全域,001,男,004,１５－１９歳,37000,香川県,1980000000,1980年,人
50771,00700,全域,001,男,004,１５－１９歳,38000,愛媛県,1980000000,1980年,人
26088,00700,全域,001,男,004,１５－１９歳,39000,高知県,1980000000,1980年,人
164371,00700,全域,001,男,004,１５－１９歳,40000,福岡県,1980000000,1980年,人
30767,00700,全域,001,男,004,１５－１９歳,41000,佐賀県,1980000000,1980年,人
59988,00700,全域,001,男,004,１５－１９歳,42000,長崎県,1980000000,1980年,人
66634,00700,全域,001,男,004,１５－１９歳,43000,熊本県,1980000000,1980年,人
41492,00700,全域,001,男,004,１５－１９歳,44000,大分県,1980000000,1980年,人
39438,00700,全域,001,男,004,１５－１９歳,45000,宮崎県,1980000000,1980年,人
64466,00700,全域,001,男,004,１５－１９歳,46000,鹿児島県,1980000000,1980年,人
48144,00700,全域,001,男,004,１５－１９歳,47000,沖縄県,1980000000,1980年,人
3960116,00700,全域,001,男,005,２０－２４歳,00000,全国,1980000000,1980年,人
3201760,00700,全域,001,男,005,２０－２４歳,00001,全国市部,1980000000,1980年,人
758356,00700,全域,001,男,005,２０－２４歳,00002,全国郡部,1980000000,1980年,人
185415,00700,全域,001,男,005,２０－２４歳,01000,北海道,1980000000,1980年,人
48056,00700,全域,001,男,005,２０－２４歳,02000,青森県,1980000000,1980年,人
40987,00700,全域,001,男,005,２０－２４歳,03000,岩手県,1980000000,1980年,人
79213,00700,全域,001,男,005,２０－２４歳,04000,宮城県,1980000000,1980年,人
35519,00700,全域,001,男,005,２０－２４歳,05000,秋田県,1980000000,1980年,人
35927,00700,全域,001,男,005,２０－２４歳,06000,山形県,1980000000,1980年,人
60972,00700,全域,001,男,005,２０－２４歳,07000,福島県,1980000000,1980年,人
81290,00700,全域,001,男,005,２０－２４歳,08000,茨城県,1980000000,1980年,人
55160,00700,全域,001,男,005,２０－２４歳,09000,栃木県,1980000000,1980年,人
52224,00700,全域,001,男,005,２０－２４歳,10000,群馬県,1980000000,1980年,人
178299,00700,全域,001,男,005,２０－２４歳,11000,埼玉県,1980000000,1980年,人
157528,00700,全域,001,男,005,２０－２４歳,12000,千葉県,1980000000,1980年,人
616805,00700,全域,001,男,005,２０－２４歳,13000,東京都,1980000000,1980年,人
280106,00700,全域,001,男,005,２０－２４歳,14000,神奈川県,1980000000,1980年,人
67202,00700,全域,001,男,005,２０－２４歳,15000,新潟県,1980000000,1980年,人
26867,00700,全域,001,男,005,２０－２４歳,16000,富山県,1980000000,1980年,人
34294,00700,全域,001,男,005,２０－２４歳,17000,石川県,1980000000,1980年,人
21944,00700,全域,001,男,005,２０－２４歳,18000,福井県,1980000000,1980年,人
23318,00700,全域,001,男,005,２０－２４歳,19000,山梨県,1980000000,1980年,人
50482,00700,全域,001,男,005,２０－２４歳,20000,長野県,1980000000,1980年,人
53738,00700,全域,001,男,005,２０－２４歳,21000,岐阜県,1980000000,1980年,人
99084,00700,全域,001,男,005,２０－２４歳,22000,静岡県,1980000000,1980年,人
226100,00700,全域,001,男,005,２０－２４歳,23000,愛知県,1980000000,1980年,人
45673,00700,全域,001,男,005,２０－２４歳,24000,三重県,1980000000,1980年,人
32774,00700,全域,001,男,005,２０－２４歳,25000,滋賀県,1980000000,1980年,人
105123,00700,全域,001,男,005,２０－２４歳,26000,京都府,1980000000,1980年,人
301084,00700,全域,001,男,005,２０－２４歳,27000,大阪府,1980000000,1980年,人
154804,00700,全域,001,男,005,２０－２４歳,28000,兵庫県,1980000000,1980年,人
35936,00700,全域,001,男,005,２０－２４歳,29000,奈良県,1980000000,1980年,人
27808,00700,全域,001,男,005,２０－２４歳,30000,和歌山県,1980000000,1980年,人
16245,00700,全域,001,男,005,２０－２４歳,31000,鳥取県,1980000000,1980年,人
18243,00700,全域,001,男,005,２０－２４歳,32000,島根県,1980000000,1980年,人
50534,00700,全域,001,男,005,２０－２４歳,33000,岡山県,1980000000,1980年,人
78086,00700,全域,001,男,005,２０－２４歳,34000,広島県,1980000000,1980年,人
39674,00700,全域,001,男,005,２０－２４歳,35000,山口県,1980000000,1980年,人
21848,00700,全域,001,男,005,２０－２４歳,36000,徳島県,1980000000,1980年,人
24930,00700,全域,001,男,005,２０－２４歳,37000,香川県,1980000000,1980年,人
38105,00700,全域,001,男,005,２０－２４歳,38000,愛媛県,1980000000,1980年,人
20770,00700,全域,001,男,005,２０－２４歳,39000,高知県,1980000000,1980年,人
163346,00700,全域,001,男,005,２０－２４歳,40000,福岡県,1980000000,1980年,人
24862,00700,全域,001,男,005,２０－２４歳,41000,佐賀県,1980000000,1980年,人
44744,00700,全域,001,男,005,２０－２４歳,42000,長崎県,1980000000,1980年,人
54203,00700,全域,001,男,005,２０－２４歳,43000,熊本県,1980000000,1980年,人
31387,00700,全域,001,男,005,２０－２４歳,44000,大分県,1980000000,1980年,人
31655,00700,全域,001,男,005,２０－２４歳,45000,宮崎県,1980000000,1980年,人
47155,00700,全域,001,男,005,２０－２４歳,46000,鹿児島県,1980000000,1980年,人
40597,00700,全域,001,男,005,２０－２４歳,47000,沖縄県,1980000000,1980年,人
4545468,00700,全域,001,男,006,２５－２９歳,00000,全国,1980000000,1980年,人
3559082,00700,全域,001,男,006,２５－２９歳,00001,全国市部,1980000000,1980年,人
986386,00700,全域,001,男,006,２５－２９歳,00002,全国郡部,1980000000,1980年,人
223093,00700,全域,001,男,006,２５－２９歳,01000,北海道,1980000000,1980年,人
58793,00700,全域,001,男,006,２５－２９歳,02000,青森県,1980000000,1980年,人
52649,00700,全域,001,男,006,２５－２９歳,03000,岩手県,1980000000,1980年,人
86390,00700,全域,001,男,006,２５－２９歳,04000,宮城県,1980000000,1980年,人
46883,00700,全域,001,男,006,２５－２９歳,05000,秋田県,1980000000,1980年,人
47038,00700,全域,001,男,006,２５－２９歳,06000,山形県,1980000000,1980年,人
78813,00700,全域,001,男,006,２５－２９歳,07000,福島県,1980000000,1980年,人
103848,00700,全域,001,男,006,２５－２９歳,08000,茨城県,1980000000,1980年,人
73919,00700,全域,001,男,006,２５－２９歳,09000,栃木県,1980000000,1980年,人
70043,00700,全域,001,男,006,２５－２９歳,10000,群馬県,1980000000,1980年,人
210189,00700,全域,001,男,006,２５－２９歳,11000,埼玉県,1980000000,1980年,人
187665,00700,全域,001,男,006,２５－２９歳,12000,千葉県,1980000000,1980年,人
543382,00700,全域,001,男,006,２５－２９歳,13000,東京都,1980000000,1980年,人
298142,00700,全域,001,男,006,２５－２９歳,14000,神奈川県,1980000000,1980年,人
91235,00700,全域,001,男,006,２５－２９歳,15000,新潟県,1980000000,1980年,人
36986,00700,全域,001,男,006,２５－２９歳,16000,富山県,1980000000,1980年,人
39402,00700,全域,001,男,006,２５－２９歳,17000,石川県,1980000000,1980年,人
28035,00700,全域,001,男,006,２５－２９歳,18000,福井県,1980000000,1980年,人
27798,00700,全域,001,男,006,２５－２９歳,19000,山梨県,1980000000,1980年,人
68956,00700,全域,001,男,006,２５－２９歳,20000,長野県,1980000000,1980年,人
66974,00700,全域,001,男,006,２５－２９歳,21000,岐阜県,1980000000,1980年,人
133048,00700,全域,001,男,006,２５－２９歳,22000,静岡県,1980000000,1980年,人
245128,00700,全域,001,男,006,２５－２９歳,23000,愛知県,1980000000,1980年,人
57076,00700,全域,001,男,006,２５－２９歳,24000,三重県,1980000000,1980年,人
40350,00700,全域,001,男,006,２５－２９歳,25000,滋賀県,1980000000,1980年,人
91075,00700,全域,001,男,006,２５－２９歳,26000,京都府,1980000000,1980年,人
329831,00700,全域,001,男,006,２５－２９歳,27000,大阪府,1980000000,1980年,人
189793,00700,全域,001,男,006,２５－２９歳,28000,兵庫県,1980000000,1980年,人
42482,00700,全域,001,男,006,２５－２９歳,29000,奈良県,1980000000,1980年,人
35324,00700,全域,001,男,006,２５－２９歳,30000,和歌山県,1980000000,1980年,人
21776,00700,全域,001,男,006,２５－２９歳,31000,鳥取県,1980000000,1980年,人
25786,00700,全域,001,男,006,２５－２９歳,32000,島根県,1980000000,1980年,人
63802,00700,全域,001,男,006,２５－２９歳,33000,岡山県,1980000000,1980年,人
100784,00700,全域,001,男,006,２５－２９歳,34000,広島県,1980000000,1980年,人
53540,00700,全域,001,男,006,２５－２９歳,35000,山口県,1980000000,1980年,人
29769,00700,全域,001,男,006,２５－２９歳,36000,徳島県,1980000000,1980年,人
34598,00700,全域,001,男,006,２５－２９歳,37000,香川県,1980000000,1980年,人
51279,00700,全域,001,男,006,２５－２９歳,38000,愛媛県,1980000000,1980年,人
27713,00700,全域,001,男,006,２５－２９歳,39000,高知県,1980000000,1980年,人
177936,00700,全域,001,男,006,２５－２９歳,40000,福岡県,1980000000,1980年,人
31665,00700,全域,001,男,006,２５－２９歳,41000,佐賀県,1980000000,1980年,人
58335,00700,全域,001,男,006,２５－２９歳,42000,長崎県,1980000000,1980年,人
64593,00700,全域,001,男,006,２５－２９歳,43000,熊本県,1980000000,1980年,人
41851,00700,全域,001,男,006,２５－２９歳,44000,大分県,1980000000,1980年,人
43677,00700,全域,001,男,006,２５－２９歳,45000,宮崎県,1980000000,1980年,人
62584,00700,全域,001,男,006,２５－２９歳,46000,鹿児島県,1980000000,1980年,人
51440,00700,全域,001,男,006,２５－２９歳,47000,沖縄県,1980000000,1980年,人
5421545,00700,全域,001,男,007,３０－３４歳,00000,全国,1980000000,1980年,人
4283736,00700,全域,001,男,007,３０－３４歳,00001,全国市部,1980000000,1980年,人
1137809,00700,全域,001,男,007,３０－３４歳,00002,全国郡部,1980000000,1980年,人
252957,00700,全域,001,男,007,３０－３４歳,01000,北海道,1980000000,1980年,人
64790,00700,全域,001,男,007,３０－３４歳,02000,青森県,1980000000,1980年,人
57014,00700,全域,001,男,007,３０－３４歳,03000,岩手県,1980000000,1980年,人
92512,00700,全域,001,男,007,３０－３４歳,04000,宮城県,1980000000,1980年,人
51792,00700,全域,001,男,007,３０－３４歳,05000,秋田県,1980000000,1980年,人
51262,00700,全域,001,男,007,３０－３４歳,06000,山形県,1980000000,1980年,人
84134,00700,全域,001,男,007,３０－３４歳,07000,福島県,1980000000,1980年,人
117728,00700,全域,001,男,007,３０－３４歳,08000,茨城県,1980000000,1980年,人
85226,00700,全域,001,男,007,３０－３４歳,09000,栃木県,1980000000,1980年,人
86061,00700,全域,001,男,007,３０－３４歳,10000,群馬県,1980000000,1980年,人
279818,00700,全域,001,男,007,３０－３４歳,11000,埼玉県,1980000000,1980年,人
243308,00700,全域,001,男,007,３０－３４歳,12000,千葉県,1980000000,1980年,人
587169,00700,全域,001,男,007,３０－３４歳,13000,東京都,1980000000,1980年,人
361047,00700,全域,001,男,007,３０－３４歳,14000,神奈川県,1980000000,1980年,人
106228,00700,全域,001,男,007,３０－３４歳,15000,新潟県,1980000000,1980年,人
50896,00700,全域,001,男,007,３０－３４歳,16000,富山県,1980000000,1980年,人
52902,00700,全域,001,男,007,３０－３４歳,17000,石川県,1980000000,1980年,人
34030,00700,全域,001,男,007,３０－３４歳,18000,福井県,1980000000,1980年,人
32544,00700,全域,001,男,007,３０－３４歳,19000,山梨県,1980000000,1980年,人
85056,00700,全域,001,男,007,３０－３４歳,20000,長野県,1980000000,1980年,人
86139,00700,全域,001,男,007,３０－３４歳,21000,岐阜県,1980000000,1980年,人
160281,00700,全域,001,男,007,３０－３４歳,22000,静岡県,1980000000,1980年,人
308494,00700,全域,001,男,007,３０－３４歳,23000,愛知県,1980000000,1980年,人
71680,00700,全域,001,男,007,３０－３４歳,24000,三重県,1980000000,1980年,人
49787,00700,全域,001,男,007,３０－３４歳,25000,滋賀県,1980000000,1980年,人
118389,00700,全域,001,男,007,３０－３４歳,26000,京都府,1980000000,1980年,人
419379,00700,全域,001,男,007,３０－３４歳,27000,大阪府,1980000000,1980年,人
238520,00700,全域,001,男,007,３０－３４歳,28000,兵庫県,1980000000,1980年,人
54250,00700,全域,001,男,007,３０－３４歳,29000,奈良県,1980000000,1980年,人
44576,00700,全域,001,男,007,３０－３４歳,30000,和歌山県,1980000000,1980年,人
25129,00700,全域,001,男,007,３０－３４歳,31000,鳥取県,1980000000,1980年,人
31564,00700,全域,001,男,007,３０－３４歳,32000,島根県,1980000000,1980年,人
81180,00700,全域,001,男,007,３０－３４歳,33000,岡山県,1980000000,1980年,人
129034,00700,全域,001,男,007,３０－３４歳,34000,広島県,1980000000,1980年,人
66691,00700,全域,001,男,007,３０－３４歳,35000,山口県,1980000000,1980年,人
35925,00700,全域,001,男,007,３０－３４歳,36000,徳島県,1980000000,1980年,人
46267,00700,全域,001,男,007,３０－３４歳,37000,香川県,1980000000,1980年,人
63979,00700,全域,001,男,007,３０－３４歳,38000,愛媛県,1980000000,1980年,人
35338,00700,全域,001,男,007,３０－３４歳,39000,高知県,1980000000,1980年,人
204410,00700,全域,001,男,007,３０－３４歳,40000,福岡県,1980000000,1980年,人
33676,00700,全域,001,男,007,３０－３４歳,41000,佐賀県,1980000000,1980年,人
62686,00700,全域,001,男,007,３０－３４歳,42000,長崎県,1980000000,1980年,人
70511,00700,全域,001,男,007,３０－３４歳,43000,熊本県,1980000000,1980年,人
49584,00700,全域,001,男,007,３０－３４歳,44000,大分県,1980000000,1980年,人
47955,00700,全域,001,男,007,３０－３４歳,45000,宮崎県,1980000000,1980年,人
65054,00700,全域,001,男,007,３０－３４歳,46000,鹿児島県,1980000000,1980年,人
44593,00700,全域,001,男,007,３０－３４歳,47000,沖縄県,1980000000,1980年,人
4594716,00700,全域,001,男,008,３５－３９歳,00000,全国,1980000000,1980年,人
3656308,00700,全域,001,男,008,３５－３９歳,00001,全国市部,1980000000,1980年,人
938408,00700,全域,001,男,008,３５－３９歳,00002,全国郡部,1980000000,1980年,人
204233,00700,全域,001,男,008,３５－３９歳,01000,北海道,1980000000,1980年,人
50918,00700,全域,001,男,008,３５－３９歳,02000,青森県,1980000000,1980年,人
46459,00700,全域,001,男,008,３５－３９歳,03000,岩手県,1980000000,1980年,人
74249,00700,全域,001,男,008,３５－３９歳,04000,宮城県,1980000000,1980年,人
40102,00700,全域,001,男,008,３５－３９歳,05000,秋田県,1980000000,1980年,人
39987,00700,全域,001,男,008,３５－３９歳,06000,山形県,1980000000,1980年,人
66634,00700,全域,001,男,008,３５－３９歳,07000,福島県,1980000000,1980年,人
103368,00700,全域,001,男,008,３５－３９歳,08000,茨城県,1980000000,1980年,人
67940,00700,全域,001,男,008,３５－３９歳,09000,栃木県,1980000000,1980年,人
72444,00700,全域,001,男,008,３５－３９歳,10000,群馬県,1980000000,1980年,人
266772,00700,全域,001,男,008,３５－３９歳,11000,埼玉県,1980000000,1980年,人
223149,00700,全域,001,男,008,３５－３９歳,12000,千葉県,1980000000,1980年,人
478907,00700,全域,001,男,008,３５－３９歳,13000,東京都,1980000000,1980年,人
321815,00700,全域,001,男,008,３５－３９歳,14000,神奈川県,1980000000,1980年,人
84076,00700,全域,001,男,008,３５－３９歳,15000,新潟県,1980000000,1980年,人
41523,00700,全域,001,男,008,３５－３９歳,16000,富山県,1980000000,1980年,人
41795,00700,全域,001,男,008,３５－３９歳,17000,石川県,1980000000,1980年,人
27635,00700,全域,001,男,008,３５－３９歳,18000,福井県,1980000000,1980年,人
28162,00700,全域,001,男,008,３５－３９歳,19000,山梨県,1980000000,1980年,人
75613,00700,全域,001,男,008,３５－３９歳,20000,長野県,1980000000,1980年,人
74196,00700,全域,001,男,008,３５－３９歳,21000,岐阜県,1980000000,1980年,人
139275,00700,全域,001,男,008,３５－３９歳,22000,静岡県,1980000000,1980年,人
273938,00700,全域,001,男,008,３５－３９歳,23000,愛知県,1980000000,1980年,人
63643,00700,全域,001,男,008,３５－３９歳,24000,三重県,1980000000,1980年,人
42266,00700,全域,001,男,008,３５－３９歳,25000,滋賀県,1980000000,1980年,人
98825,00700,全域,001,男,008,３５－３９歳,26000,京都府,1980000000,1980年,人
379553,00700,全域,001,男,008,３５－３９歳,27000,大阪府,1980000000,1980年,人
208234,00700,全域,001,男,008,３５－３９歳,28000,兵庫県,1980000000,1980年,人
50067,00700,全域,001,男,008,３５－３９歳,29000,奈良県,1980000000,1980年,人
39359,00700,全域,001,男,008,３５－３９歳,30000,和歌山県,1980000000,1980年,人
19962,00700,全域,001,男,008,３５－３９歳,31000,鳥取県,1980000000,1980年,人
24040,00700,全域,001,男,008,３５－３９歳,32000,島根県,1980000000,1980年,人
69739,00700,全域,001,男,008,３５－３９歳,33000,岡山県,1980000000,1980年,人
108264,00700,全域,001,男,008,３５－３９歳,34000,広島県,1980000000,1980年,人
55869,00700,全域,001,男,008,３５－３９歳,35000,山口県,1980000000,1980年,人
27197,00700,全域,001,男,008,３５－３９歳,36000,徳島県,1980000000,1980年,人
35389,00700,全域,001,男,008,３５－３９歳,37000,香川県,1980000000,1980年,人
50921,00700,全域,001,男,008,３５－３９歳,38000,愛媛県,1980000000,1980年,人
28169,00700,全域,001,男,008,３５－３９歳,39000,高知県,1980000000,1980年,人
162739,00700,全域,001,男,008,３５－３９歳,40000,福岡県,1980000000,1980年,人
25552,00700,全域,001,男,008,３５－３９歳,41000,佐賀県,1980000000,1980年,人
47108,00700,全域,001,男,008,３５－３９歳,42000,長崎県,1980000000,1980年,人
54047,00700,全域,001,男,008,３５－３９歳,43000,熊本県,1980000000,1980年,人
40045,00700,全域,001,男,008,３５－３９歳,44000,大分県,1980000000,1980年,人
36393,00700,全域,001,男,008,３５－３９歳,45000,宮崎県,1980000000,1980年,人
50823,00700,全域,001,男,008,３５－３９歳,46000,鹿児島県,1980000000,1980年,人
33322,00700,全域,001,男,008,３５－３９歳,47000,沖縄県,1980000000,1980年,人
4158990,00700,全域,001,男,009,４０－４４歳,00000,全国,1980000000,1980年,人
3244673,00700,全域,001,男,009,４０－４４歳,00001,全国市部,1980000000,1980年,人
914317,00700,全域,001,男,009,４０－４４歳,00002,全国郡部,1980000000,1980年,人
196248,00700,全域,001,男,009,４０－４４歳,01000,北海道,1980000000,1980年,人
51189,00700,全域,001,男,009,４０－４４歳,02000,青森県,1980000000,1980年,人
48050,00700,全域,001,男,009,４０－４４歳,03000,岩手県,1980000000,1980年,人
70171,00700,全域,001,男,009,４０－４４歳,04000,宮城県,1980000000,1980年,人
42423,00700,全域,001,男,009,４０－４４歳,05000,秋田県,1980000000,1980年,人
40974,00700,全域,001,男,009,４０－４４歳,06000,山形県,1980000000,1980年,人
65177,00700,全域,001,男,009,４０－４４歳,07000,福島県,1980000000,1980年,人
92702,00700,全域,001,男,009,４０－４４歳,08000,茨城県,1980000000,1980年,人
60477,00700,全域,001,男,009,４０－４４歳,09000,栃木県,1980000000,1980年,人
63435,00700,全域,001,男,009,４０－４４歳,10000,群馬県,1980000000,1980年,人
229968,00700,全域,001,男,009,４０－４４歳,11000,埼玉県,1980000000,1980年,人
193772,00700,全域,001,男,009,４０－４４歳,12000,千葉県,1980000000,1980年,人
418503,00700,全域,001,男,009,４０－４４歳,13000,東京都,1980000000,1980年,人
280457,00700,全域,001,男,009,４０－４４歳,14000,神奈川県,1980000000,1980年,人
82947,00700,全域,001,男,009,４０－４４歳,15000,新潟県,1980000000,1980年,人
36659,00700,全域,001,男,009,４０－４４歳,16000,富山県,1980000000,1980年,人
34695,00700,全域,001,男,009,４０－４４歳,17000,石川県,1980000000,1980年,人
24878,00700,全域,001,男,009,４０－４４歳,18000,福井県,1980000000,1980年,人
26576,00700,全域,001,男,009,４０－４４歳,19000,山梨県,1980000000,1980年,人
68219,00700,全域,001,男,009,４０－４４歳,20000,長野県,1980000000,1980年,人
68679,00700,全域,001,男,009,４０－４４歳,21000,岐阜県,1980000000,1980年,人
126277,00700,全域,001,男,009,４０－４４歳,22000,静岡県,1980000000,1980年,人
237312,00700,全域,001,男,009,４０－４４歳,23000,愛知県,1980000000,1980年,人
58959,00700,全域,001,男,009,４０－４４歳,24000,三重県,1980000000,1980年,人
36267,00700,全域,001,男,009,４０－４４歳,25000,滋賀県,1980000000,1980年,人
85557,00700,全域,001,男,009,４０－４４歳,26000,京都府,1980000000,1980年,人
332551,00700,全域,001,男,009,４０－４４歳,27000,大阪府,1980000000,1980年,人
183132,00700,全域,001,男,009,４０－４４歳,28000,兵庫県,1980000000,1980年,人
45062,00700,全域,001,男,009,４０－４４歳,29000,奈良県,1980000000,1980年,人
36869,00700,全域,001,男,009,４０－４４歳,30000,和歌山県,1980000000,1980年,人
18821,00700,全域,001,男,009,４０－４４歳,31000,鳥取県,1980000000,1980年,人
24059,00700,全域,001,男,009,４０－４４歳,32000,島根県,1980000000,1980年,人
60928,00700,全域,001,男,009,４０－４４歳,33000,岡山県,1980000000,1980年,人
92667,00700,全域,001,男,009,４０－４４歳,34000,広島県,1980000000,1980年,人
51503,00700,全域,001,男,009,４０－４４歳,35000,山口県,1980000000,1980年,人
26696,00700,全域,001,男,009,４０－４４歳,36000,徳島県,1980000000,1980年,人
32087,00700,全域,001,男,009,４０－４４歳,37000,香川県,1980000000,1980年,人
47285,00700,全域,001,男,009,４０－４４歳,38000,愛媛県,1980000000,1980年,人
25960,00700,全域,001,男,009,４０－４４歳,39000,高知県,1980000000,1980年,人
149007,00700,全域,001,男,009,４０－４４歳,40000,福岡県,1980000000,1980年,人
25900,00700,全域,001,男,009,４０－４４歳,41000,佐賀県,1980000000,1980年,人
48228,00700,全域,001,男,009,４０－４４歳,42000,長崎県,1980000000,1980年,人
54403,00700,全域,001,男,009,４０－４４歳,43000,熊本県,1980000000,1980年,人
38060,00700,全域,001,男,009,４０－４４歳,44000,大分県,1980000000,1980年,人
36062,00700,全域,001,男,009,４０－４４歳,45000,宮崎県,1980000000,1980年,人
52474,00700,全域,001,男,009,４０－４４歳,46000,鹿児島県,1980000000,1980年,人
36665,00700,全域,001,男,009,４０－４４歳,47000,沖縄県,1980000000,1980年,人
4033146,00700,全域,001,男,010,４５－４９歳,00000,全国,1980000000,1980年,人
3049454,00700,全域,001,男,010,４５－４９歳,00001,全国市部,1980000000,1980年,人
983692,00700,全域,001,男,010,４５－４９歳,00002,全国郡部,1980000000,1980年,人
198635,00700,全域,001,男,010,４５－４９歳,01000,北海道,1980000000,1980年,人
53376,00700,全域,001,男,010,４５－４９歳,02000,青森県,1980000000,1980年,人
51393,00700,全域,001,男,010,４５－４９歳,03000,岩手県,1980000000,1980年,人
71041,00700,全域,001,男,010,４５－４９歳,04000,宮城県,1980000000,1980年,人
47450,00700,全域,001,男,010,４５－４９歳,05000,秋田県,1980000000,1980年,人
45245,00700,全域,001,男,010,４５－４９歳,06000,山形県,1980000000,1980年,人
70691,00700,全域,001,男,010,４５－４９歳,07000,福島県,1980000000,1980年,人
85061,00700,全域,001,男,010,４５－４９歳,08000,茨城県,1980000000,1980年,人
59792,00700,全域,001,男,010,４５－４９歳,09000,栃木県,1980000000,1980年,人
62165,00700,全域,001,男,010,４５－４９歳,10000,群馬県,1980000000,1980年,人
185763,00700,全域,001,男,010,４５－４９歳,11000,埼玉県,1980000000,1980年,人
165058,00700,全域,001,男,010,４５－４９歳,12000,千葉県,1980000000,1980年,人
396865,00700,全域,001,男,010,４５－４９歳,13000,東京都,1980000000,1980年,人
243429,00700,全域,001,男,010,４５－４９歳,14000,神奈川県,1980000000,1980年,人
86315,00700,全域,001,男,010,４５－４９歳,15000,新潟県,1980000000,1980年,人
38064,00700,全域,001,男,010,４５－４９歳,16000,富山県,1980000000,1980年,人
35176,00700,全域,001,男,010,４５－４９歳,17000,石川県,1980000000,1980年,人
27359,00700,全域,001,男,010,４５－４９歳,18000,福井県,1980000000,1980年,人
27190,00700,全域,001,男,010,４５－４９歳,19000,山梨県,1980000000,1980年,人
71575,00700,全域,001,男,010,４５－４９歳,20000,長野県,1980000000,1980年,人
67953,00700,全域,001,男,010,４５－４９歳,21000,岐阜県,1980000000,1980年,人
121072,00700,全域,001,男,010,４５－４９歳,22000,静岡県,1980000000,1980年,人
210753,00700,全域,001,男,010,４５－４９歳,23000,愛知県,1980000000,1980年,人
60468,00700,全域,001,男,010,４５－４９歳,24000,三重県,1980000000,1980年,人
35985,00700,全域,001,男,010,４５－４９歳,25000,滋賀県,1980000000,1980年,人
82560,00700,全域,001,男,010,４５－４９歳,26000,京都府,1980000000,1980年,人
296694,00700,全域,001,男,010,４５－４９歳,27000,大阪府,1980000000,1980年,人
178409,00700,全域,001,男,010,４５－４９歳,28000,兵庫県,1980000000,1980年,人
41501,00700,全域,001,男,010,４５－４９歳,29000,奈良県,1980000000,1980年,人
39180,00700,全域,001,男,010,４５－４９歳,30000,和歌山県,1980000000,1980年,人
21161,00700,全域,001,男,010,４５－４９歳,31000,鳥取県,1980000000,1980年,人
29007,00700,全域,001,男,010,４５－４９歳,32000,島根県,1980000000,1980年,人
65647,00700,全域,001,男,010,４５－４９歳,33000,岡山県,1980000000,1980年,人
91271,00700,全域,001,男,010,４５－４９歳,34000,広島県,1980000000,1980年,人
56521,00700,全域,001,男,010,４５－４９歳,35000,山口県,1980000000,1980年,人
30011,00700,全域,001,男,010,４５－４９歳,36000,徳島県,1980000000,1980年,人
34993,00700,全域,001,男,010,４５－４９歳,37000,香川県,1980000000,1980年,人
50960,00700,全域,001,男,010,４５－４９歳,38000,愛媛県,1980000000,1980年,人
29213,00700,全域,001,男,010,４５－４９歳,39000,高知県,1980000000,1980年,人
150130,00700,全域,001,男,010,４５－４９歳,40000,福岡県,1980000000,1980年,人
28433,00700,全域,001,男,010,４５－４９歳,41000,佐賀県,1980000000,1980年,人
52827,00700,全域,001,男,010,４５－４９歳,42000,長崎県,1980000000,1980年,人
60894,00700,全域,001,男,010,４５－４９歳,43000,熊本県,1980000000,1980年,人
42581,00700,全域,001,男,010,４５－４９歳,44000,大分県,1980000000,1980年,人
39633,00700,全域,001,男,010,４５－４９歳,45000,宮崎県,1980000000,1980年,人
59791,00700,全域,001,男,010,４５－４９歳,46000,鹿児島県,1980000000,1980年,人
33855,00700,全域,001,男,010,４５－４９歳,47000,沖縄県,1980000000,1980年,人
3546963,00700,全域,001,男,011,５０－５４歳,00000,全国,1980000000,1980年,人
2581780,00700,全域,001,男,011,５０－５４歳,00001,全国市部,1980000000,1980年,人
965183,00700,全域,001,男,011,５０－５４歳,00002,全国郡部,1980000000,1980年,人
174360,00700,全域,001,男,011,５０－５４歳,01000,北海道,1980000000,1980年,人
46876,00700,全域,001,男,011,５０－５４歳,02000,青森県,1980000000,1980年,人
49076,00700,全域,001,男,011,５０－５４歳,03000,岩手県,1980000000,1980年,人
65493,00700,全域,001,男,011,５０－５４歳,04000,宮城県,1980000000,1980年,人
45646,00700,全域,001,男,011,５０－５４歳,05000,秋田県,1980000000,1980年,人
45604,00700,全域,001,男,011,５０－５４歳,06000,山形県,1980000000,1980年,人
70315,00700,全域,001,男,011,５０－５４歳,07000,福島県,1980000000,1980年,人
78522,00700,全域,001,男,011,５０－５４歳,08000,茨城県,1980000000,1980年,人
56458,00700,全域,001,男,011,５０－５４歳,09000,栃木県,1980000000,1980年,人
59142,00700,全域,001,男,011,５０－５４歳,10000,群馬県,1980000000,1980年,人
137314,00700,全域,001,男,011,５０－５４歳,11000,埼玉県,1980000000,1980年,人
127318,00700,全域,001,男,011,５０－５４歳,12000,千葉県,1980000000,1980年,人
323651,00700,全域,001,男,011,５０－５４歳,13000,東京都,1980000000,1980年,人
194919,00700,全域,001,男,011,５０－５４歳,14000,神奈川県,1980000000,1980年,人
84262,00700,全域,001,男,011,５０－５４歳,15000,新潟県,1980000000,1980年,人
36121,00700,全域,001,男,011,５０－５４歳,16000,富山県,1980000000,1980年,人
33268,00700,全域,001,男,011,５０－５４歳,17000,石川県,1980000000,1980年,人
27207,00700,全域,001,男,011,５０－５４歳,18000,福井県,1980000000,1980年,人
26975,00700,全域,001,男,011,５０－５４歳,19000,山梨県,1980000000,1980年,人
72677,00700,全域,001,男,011,５０－５４歳,20000,長野県,1980000000,1980年,人
63107,00700,全域,001,男,011,５０－５４歳,21000,岐阜県,1980000000,1980年,人
107688,00700,全域,001,男,011,５０－５４歳,22000,静岡県,1980000000,1980年,人
172426,00700,全域,001,男,011,５０－５４歳,23000,愛知県,1980000000,1980年,人
57368,00700,全域,001,男,011,５０－５４歳,24000,三重県,1980000000,1980年,人
33951,00700,全域,001,男,011,５０－５４歳,25000,滋賀県,1980000000,1980年,人
71478,00700,全域,001,男,011,５０－５４歳,26000,京都府,1980000000,1980年,人
233335,00700,全域,001,男,011,５０－５４歳,27000,大阪府,1980000000,1980年,人
157782,00700,全域,001,男,011,５０－５４歳,28000,兵庫県,1980000000,1980年,人
35909,00700,全域,001,男,011,５０－５４歳,29000,奈良県,1980000000,1980年,人
37159,00700,全域,001,男,011,５０－５４歳,30000,和歌山県,1980000000,1980年,人
20892,00700,全域,001,男,011,５０－５４歳,31000,鳥取県,1980000000,1980年,人
28161,00700,全域,001,男,011,５０－５４歳,32000,島根県,1980000000,1980年,人
61126,00700,全域,001,男,011,５０－５４歳,33000,岡山県,1980000000,1980年,人
83267,00700,全域,001,男,011,５０－５４歳,34000,広島県,1980000000,1980年,人
53103,00700,全域,001,男,011,５０－５４歳,35000,山口県,1980000000,1980年,人
28989,00700,全域,001,男,011,５０－５４歳,36000,徳島県,1980000000,1980年,人
33564,00700,全域,001,男,011,５０－５４歳,37000,香川県,1980000000,1980年,人
49423,00700,全域,001,男,011,５０－５４歳,38000,愛媛県,1980000000,1980年,人
29013,00700,全域,001,男,011,５０－５４歳,39000,高知県,1980000000,1980年,人
135669,00700,全域,001,男,011,５０－５４歳,40000,福岡県,1980000000,1980年,人
28041,00700,全域,001,男,011,５０－５４歳,41000,佐賀県,1980000000,1980年,人
50354,00700,全域,001,男,011,５０－５４歳,42000,長崎県,1980000000,1980年,人
58389,00700,全域,001,男,011,５０－５４歳,43000,熊本県,1980000000,1980年,人
40703,00700,全域,001,男,011,５０－５４歳,44000,大分県,1980000000,1980年,人
37089,00700,全域,001,男,011,５０－５４歳,45000,宮崎県,1980000000,1980年,人
58720,00700,全域,001,男,011,５０－５４歳,46000,鹿児島県,1980000000,1980年,人
25053,00700,全域,001,男,011,５０－５４歳,47000,沖縄県,1980000000,1980年,人
2511379,00700,全域,001,男,012,５５－５９歳,00000,全国,1980000000,1980年,人
1794340,00700,全域,001,男,012,５５－５９歳,00001,全国市部,1980000000,1980年,人
717039,00700,全域,001,男,012,５５－５９歳,00002,全国郡部,1980000000,1980年,人
126069,00700,全域,001,男,012,５５－５９歳,01000,北海道,1980000000,1980年,人
33229,00700,全域,001,男,012,５５－５９歳,02000,青森県,1980000000,1980年,人
34835,00700,全域,001,男,012,５５－５９歳,03000,岩手県,1980000000,1980年,人
47970,00700,全域,001,男,012,５５－５９歳,04000,宮城県,1980000000,1980年,人
33004,00700,全域,001,男,012,５５－５９歳,05000,秋田県,1980000000,1980年,人
34345,00700,全域,001,男,012,５５－５９歳,06000,山形県,1980000000,1980年,人
52645,00700,全域,001,男,012,５５－５９歳,07000,福島県,1980000000,1980年,人
56198,00700,全域,001,男,012,５５－５９歳,08000,茨城県,1980000000,1980年,人
40938,00700,全域,001,男,012,５５－５９歳,09000,栃木県,1980000000,1980年,人
42036,00700,全域,001,男,012,５５－５９歳,10000,群馬県,1980000000,1980年,人
90221,00700,全域,001,男,012,５５－５９歳,11000,埼玉県,1980000000,1980年,人
83886,00700,全域,001,男,012,５５－５９歳,12000,千葉県,1980000000,1980年,人
229620,00700,全域,001,男,012,５５－５９歳,13000,東京都,1980000000,1980年,人
129201,00700,全域,001,男,012,５５－５９歳,14000,神奈川県,1980000000,1980年,人
61997,00700,全域,001,男,012,５５－５９歳,15000,新潟県,1980000000,1980年,人
27693,00700,全域,001,男,012,５５－５９歳,16000,富山県,1980000000,1980年,人
25775,00700,全域,001,男,012,５５－５９歳,17000,石川県,1980000000,1980年,人
18951,00700,全域,001,男,012,５５－５９歳,18000,福井県,1980000000,1980年,人
20188,00700,全域,001,男,012,５５－５９歳,19000,山梨県,1980000000,1980年,人
57093,00700,全域,001,男,012,５５－５９歳,20000,長野県,1980000000,1980年,人
43885,00700,全域,001,男,012,５５－５９歳,21000,岐阜県,1980000000,1980年,人
73874,00700,全域,001,男,012,５５－５９歳,22000,静岡県,1980000000,1980年,人
113497,00700,全域,001,男,012,５５－５９歳,23000,愛知県,1980000000,1980年,人
36231,00700,全域,001,男,012,５５－５９歳,24000,三重県,1980000000,1980年,人
22183,00700,全域,001,男,012,５５－５９歳,25000,滋賀県,1980000000,1980年,人
48654,00700,全域,001,男,012,５５－５９歳,26000,京都府,1980000000,1980年,人
154123,00700,全域,001,男,012,５５－５９歳,27000,大阪府,1980000000,1980年,人
109147,00700,全域,001,男,012,５５－５９歳,28000,兵庫県,1980000000,1980年,人
25003,00700,全域,001,男,012,５５－５９歳,29000,奈良県,1980000000,1980年,人
26373,00700,全域,001,男,012,５５－５９歳,30000,和歌山県,1980000000,1980年,人
15893,00700,全域,001,男,012,５５－５９歳,31000,鳥取県,1980000000,1980年,人
22474,00700,全域,001,男,012,５５－５９歳,32000,島根県,1980000000,1980年,人
43505,00700,全域,001,男,012,５５－５９歳,33000,岡山県,1980000000,1980年,人
63205,00700,全域,001,男,012,５５－５９歳,34000,広島県,1980000000,1980年,人
40217,00700,全域,001,男,012,５５－５９歳,35000,山口県,1980000000,1980年,人
20975,00700,全域,001,男,012,５５－５９歳,36000,徳島県,1980000000,1980年,人
24572,00700,全域,001,男,012,５５－５９歳,37000,香川県,1980000000,1980年,人
37893,00700,全域,001,男,012,５５－５９歳,38000,愛媛県,1980000000,1980年,人
22428,00700,全域,001,男,012,５５－５９歳,39000,高知県,1980000000,1980年,人
99483,00700,全域,001,男,012,５５－５９歳,40000,福岡県,1980000000,1980年,人
21088,00700,全域,001,男,012,５５－５９歳,41000,佐賀県,1980000000,1980年,人
38065,00700,全域,001,男,012,５５－５９歳,42000,長崎県,1980000000,1980年,人
43389,00700,全域,001,男,012,５５－５９歳,43000,熊本県,1980000000,1980年,人
30317,00700,全域,001,男,012,５５－５９歳,44000,大分県,1980000000,1980年,人
26335,00700,全域,001,男,012,５５－５９歳,45000,宮崎県,1980000000,1980年,人
45301,00700,全域,001,男,012,５５－５９歳,46000,鹿児島県,1980000000,1980年,人
17375,00700,全域,001,男,012,５５－５９歳,47000,沖縄県,1980000000,1980年,人
1945930,00700,全域,001,男,013,６０－６４歳,00000,全国,1980000000,1980年,人
1374601,00700,全域,001,男,013,６０－６４歳,00001,全国市部,1980000000,1980年,人
571329,00700,全域,001,男,013,６０－６４歳,00002,全国郡部,1980000000,1980年,人
97925,00700,全域,001,男,013,６０－６４歳,01000,北海道,1980000000,1980年,人
25678,00700,全域,001,男,013,６０－６４歳,02000,青森県,1980000000,1980年,人
27491,00700,全域,001,男,013,６０－６４歳,03000,岩手県,1980000000,1980年,人
35589,00700,全域,001,男,013,６０－６４歳,04000,宮城県,1980000000,1980年,人
26932,00700,全域,001,男,013,６０－６４歳,05000,秋田県,1980000000,1980年,人
27074,00700,全域,001,男,013,６０－６４歳,06000,山形県,1980000000,1980年,人
40278,00700,全域,001,男,013,６０－６４歳,07000,福島県,1980000000,1980年,人
43603,00700,全域,001,男,013,６０－６４歳,08000,茨城県,1980000000,1980年,人
31776,00700,全域,001,男,013,６０－６４歳,09000,栃木県,1980000000,1980年,人
33884,00700,全域,001,男,013,６０－６４歳,10000,群馬県,1980000000,1980年,人
68957,00700,全域,001,男,013,６０－６４歳,11000,埼玉県,1980000000,1980年,人
64063,00700,全域,001,男,013,６０－６４歳,12000,千葉県,1980000000,1980年,人
174113,00700,全域,001,男,013,６０－６４歳,13000,東京都,1980000000,1980年,人
95668,00700,全域,001,男,013,６０－６４歳,14000,神奈川県,1980000000,1980年,人
49815,00700,全域,001,男,013,６０－６４歳,15000,新潟県,1980000000,1980年,人
22761,00700,全域,001,男,013,６０－６４歳,16000,富山県,1980000000,1980年,人
21536,00700,全域,001,男,013,６０－６４歳,17000,石川県,1980000000,1980年,人
15505,00700,全域,001,男,013,６０－６４歳,18000,福井県,1980000000,1980年,人
16590,00700,全域,001,男,013,６０－６４歳,19000,山梨県,1980000000,1980年,人
43903,00700,全域,001,男,013,６０－６４歳,20000,長野県,1980000000,1980年,人
34574,00700,全域,001,男,013,６０－６４歳,21000,岐阜県,1980000000,1980年,人
56178,00700,全域,001,男,013,６０－６４歳,22000,静岡県,1980000000,1980年,人
87032,00700,全域,001,男,013,６０－６４歳,23000,愛知県,1980000000,1980年,人
29756,00700,全域,001,男,013,６０－６４歳,24000,三重県,1980000000,1980年,人
17980,00700,全域,001,男,013,６０－６４歳,25000,滋賀県,1980000000,1980年,人
39165,00700,全域,001,男,013,６０－６４歳,26000,京都府,1980000000,1980年,人
113838,00700,全域,001,男,013,６０－６４歳,27000,大阪府,1980000000,1980年,人
82011,00700,全域,001,男,013,６０－６４歳,28000,兵庫県,1980000000,1980年,人
18624,00700,全域,001,男,013,６０－６４歳,29000,奈良県,1980000000,1980年,人
21094,00700,全域,001,男,013,６０－６４歳,30000,和歌山県,1980000000,1980年,人
12281,00700,全域,001,男,013,６０－６４歳,31000,鳥取県,1980000000,1980年,人
17908,00700,全域,001,男,013,６０－６４歳,32000,島根県,1980000000,1980年,人
34131,00700,全域,001,男,013,６０－６４歳,33000,岡山県,1980000000,1980年,人
49851,00700,全域,001,男,013,６０－６４歳,34000,広島県,1980000000,1980年,人
32220,00700,全域,001,男,013,６０－６４歳,35000,山口県,1980000000,1980年,人
16330,00700,全域,001,男,013,６０－６４歳,36000,徳島県,1980000000,1980年,人
19260,00700,全域,001,男,013,６０－６４歳,37000,香川県,1980000000,1980年,人
28921,00700,全域,001,男,013,６０－６４歳,38000,愛媛県,1980000000,1980年,人
17270,00700,全域,001,男,013,６０－６４歳,39000,高知県,1980000000,1980年,人
75366,00700,全域,001,男,013,６０－６４歳,40000,福岡県,1980000000,1980年,人
16394,00700,全域,001,男,013,６０－６４歳,41000,佐賀県,1980000000,1980年,人
29434,00700,全域,001,男,013,６０－６４歳,42000,長崎県,1980000000,1980年,人
34911,00700,全域,001,男,013,６０－６４歳,43000,熊本県,1980000000,1980年,人
24545,00700,全域,001,男,013,６０－６４歳,44000,大分県,1980000000,1980年,人
21621,00700,全域,001,男,013,６０－６４歳,45000,宮崎県,1980000000,1980年,人
37907,00700,全域,001,男,013,６０－６４歳,46000,鹿児島県,1980000000,1980年,人
14187,00700,全域,001,男,013,６０－６４歳,47000,沖縄県,1980000000,1980年,人
1743659,00700,全域,001,男,014,６５－６９歳,00000,全国,1980000000,1980年,人
1229597,00700,全域,001,男,014,６５－６９歳,00001,全国市部,1980000000,1980年,人
514062,00700,全域,001,男,014,６５－６９歳,00002,全国郡部,1980000000,1980年,人
81875,00700,全域,001,男,014,６５－６９歳,01000,北海道,1980000000,1980年,人
23226,00700,全域,001,男,014,６５－６９歳,02000,青森県,1980000000,1980年,人
24404,00700,全域,001,男,014,６５－６９歳,03000,岩手県,1980000000,1980年,人
29866,00700,全域,001,男,014,６５－６９歳,04000,宮城県,1980000000,1980年,人
22501,00700,全域,001,男,014,６５－６９歳,05000,秋田県,1980000000,1980年,人
24359,00700,全域,001,男,014,６５－６９歳,06000,山形県,1980000000,1980年,人
34472,00700,全域,001,男,014,６５－６９歳,07000,福島県,1980000000,1980年,人
39890,00700,全域,001,男,014,６５－６９歳,08000,茨城県,1980000000,1980年,人
28276,00700,全域,001,男,014,６５－６９歳,09000,栃木県,1980000000,1980年,人
30372,00700,全域,001,男,014,６５－６９歳,10000,群馬県,1980000000,1980年,人
59805,00700,全域,001,男,014,６５－６９歳,11000,埼玉県,1980000000,1980年,人
55414,00700,全域,001,男,014,６５－６９歳,12000,千葉県,1980000000,1980年,人
155775,00700,全域,001,男,014,６５－６９歳,13000,東京都,1980000000,1980年,人
81720,00700,全域,001,男,014,６５－６９歳,14000,神奈川県,1980000000,1980年,人
44770,00700,全域,001,男,014,６５－６９歳,15000,新潟県,1980000000,1980年,人
20938,00700,全域,001,男,014,６５－６９歳,16000,富山県,1980000000,1980年,人
19361,00700,全域,001,男,014,６５－６９歳,17000,石川県,1980000000,1980年,人
14168,00700,全域,001,男,014,６５－６９歳,18000,福井県,1980000000,1980年,人
14646,00700,全域,001,男,014,６５－６９歳,19000,山梨県,1980000000,1980年,人
39966,00700,全域,001,男,014,６５－６９歳,20000,長野県,1980000000,1980年,人
31070,00700,全域,001,男,014,６５－６９歳,21000,岐阜県,1980000000,1980年,人
50102,00700,全域,001,男,014,６５－６９歳,22000,静岡県,1980000000,1980年,人
80043,00700,全域,001,男,014,６５－６９歳,23000,愛知県,1980000000,1980年,人
28507,00700,全域,001,男,014,６５－６９歳,24000,三重県,1980000000,1980年,人
16982,00700,全域,001,男,014,６５－６９歳,25000,滋賀県,1980000000,1980年,人
39499,00700,全域,001,男,014,６５－６９歳,26000,京都府,1980000000,1980年,人
103381,00700,全域,001,男,014,６５－６９歳,27000,大阪府,1980000000,1980年,人
77953,00700,全域,001,男,014,６５－６９歳,28000,兵庫県,1980000000,1980年,人
17626,00700,全域,001,男,014,６５－６９歳,29000,奈良県,1980000000,1980年,人
19038,00700,全域,001,男,014,６５－６９歳,30000,和歌山県,1980000000,1980年,人
11219,00700,全域,001,男,014,６５－６９歳,31000,鳥取県,1980000000,1980年,人
15715,00700,全域,001,男,014,６５－６９歳,32000,島根県,1980000000,1980年,人
34017,00700,全域,001,男,014,６５－６９歳,33000,岡山県,1980000000,1980年,人
44590,00700,全域,001,男,014,６５－６９歳,34000,広島県,1980000000,1980年,人
28924,00700,全域,001,男,014,６５－６９歳,35000,山口県,1980000000,1980年,人
14659,00700,全域,001,男,014,６５－６９歳,36000,徳島県,1980000000,1980年,人
18164,00700,全域,001,男,014,６５－６９歳,37000,香川県,1980000000,1980年,人
25895,00700,全域,001,男,014,６５－６９歳,38000,愛媛県,1980000000,1980年,人
15150,00700,全域,001,男,014,６５－６９歳,39000,高知県,1980000000,1980年,人
68223,00700,全域,001,男,014,６５－６９歳,40000,福岡県,1980000000,1980年,人
14803,00700,全域,001,男,014,６５－６９歳,41000,佐賀県,1980000000,1980年,人
25780,00700,全域,001,男,014,６５－６９歳,42000,長崎県,1980000000,1980年,人
30738,00700,全域,001,男,014,６５－６９歳,43000,熊本県,1980000000,1980年,人
21769,00700,全域,001,男,014,６５－６９歳,44000,大分県,1980000000,1980年,人
18404,00700,全域,001,男,014,６５－６９歳,45000,宮崎県,1980000000,1980年,人
34071,00700,全域,001,男,014,６５－６９歳,46000,鹿児島県,1980000000,1980年,人
11533,00700,全域,001,男,014,６５－６９歳,47000,沖縄県,1980000000,1980年,人
1317661,00700,全域,001,男,015,７０－７４歳,00000,全国,1980000000,1980年,人
909825,00700,全域,001,男,015,７０－７４歳,00001,全国市部,1980000000,1980年,人
407836,00700,全域,001,男,015,７０－７４歳,00002,全国郡部,1980000000,1980年,人
59491,00700,全域,001,男,015,７０－７４歳,01000,北海道,1980000000,1980年,人
16621,00700,全域,001,男,015,７０－７４歳,02000,青森県,1980000000,1980年,人
17801,00700,全域,001,男,015,７０－７４歳,03000,岩手県,1980000000,1980年,人
22739,00700,全域,001,男,015,７０－７４歳,04000,宮城県,1980000000,1980年,人
16463,00700,全域,001,男,015,７０－７４歳,05000,秋田県,1980000000,1980年,人
17851,00700,全域,001,男,015,７０－７４歳,06000,山形県,1980000000,1980年,人
26133,00700,全域,001,男,015,７０－７４歳,07000,福島県,1980000000,1980年,人
29634,00700,全域,001,男,015,７０－７４歳,08000,茨城県,1980000000,1980年,人
21303,00700,全域,001,男,015,７０－７４歳,09000,栃木県,1980000000,1980年,人
23487,00700,全域,001,男,015,７０－７４歳,10000,群馬県,1980000000,1980年,人
42210,00700,全域,001,男,015,７０－７４歳,11000,埼玉県,1980000000,1980年,人
40429,00700,全域,001,男,015,７０－７４歳,12000,千葉県,1980000000,1980年,人
112375,00700,全域,001,男,015,７０－７４歳,13000,東京都,1980000000,1980年,人
55155,00700,全域,001,男,015,７０－７４歳,14000,神奈川県,1980000000,1980年,人
34689,00700,全域,001,男,015,７０－７４歳,15000,新潟県,1980000000,1980年,人
15080,00700,全域,001,男,015,７０－７４歳,16000,富山県,1980000000,1980年,人
14536,00700,全域,001,男,015,７０－７４歳,17000,石川県,1980000000,1980年,人
11582,00700,全域,001,男,015,７０－７４歳,18000,福井県,1980000000,1980年,人
11674,00700,全域,001,男,015,７０－７４歳,19000,山梨県,1980000000,1980年,人
31640,00700,全域,001,男,015,７０－７４歳,20000,長野県,1980000000,1980年,人
24243,00700,全域,001,男,015,７０－７４歳,21000,岐阜県,1980000000,1980年,人
39337,00700,全域,001,男,015,７０－７４歳,22000,静岡県,1980000000,1980年,人
58935,00700,全域,001,男,015,７０－７４歳,23000,愛知県,1980000000,1980年,人
23154,00700,全域,001,男,015,７０－７４歳,24000,三重県,1980000000,1980年,人
13484,00700,全域,001,男,015,７０－７４歳,25000,滋賀県,1980000000,1980年,人
33180,00700,全域,001,男,015,７０－７４歳,26000,京都府,1980000000,1980年,人
77151,00700,全域,001,男,015,７０－７４歳,27000,大阪府,1980000000,1980年,人
58294,00700,全域,001,男,015,７０－７４歳,28000,兵庫県,1980000000,1980年,人
13910,00700,全域,001,男,015,７０－７４歳,29000,奈良県,1980000000,1980年,人
15576,00700,全域,001,男,015,７０－７４歳,30000,和歌山県,1980000000,1980年,人
8799,00700,全域,001,男,015,７０－７４歳,31000,鳥取県,1980000000,1980年,人
12286,00700,全域,001,男,015,７０－７４歳,32000,島根県,1980000000,1980年,人
27339,00700,全域,001,男,015,７０－７４歳,33000,岡山県,1980000000,1980年,人
33284,00700,全域,001,男,015,７０－７４歳,34000,広島県,1980000000,1980年,人
21835,00700,全域,001,男,015,７０－７４歳,35000,山口県,1980000000,1980年,人
12107,00700,全域,001,男,015,７０－７４歳,36000,徳島県,1980000000,1980年,人
14424,00700,全域,001,男,015,７０－７４歳,37000,香川県,1980000000,1980年,人
21297,00700,全域,001,男,015,７０－７４歳,38000,愛媛県,1980000000,1980年,人
12499,00700,全域,001,男,015,７０－７４歳,39000,高知県,1980000000,1980年,人
51376,00700,全域,001,男,015,７０－７４歳,40000,福岡県,1980000000,1980年,人
12334,00700,全域,001,男,015,７０－７４歳,41000,佐賀県,1980000000,1980年,人
20532,00700,全域,001,男,015,７０－７４歳,42000,長崎県,1980000000,1980年,人
25206,00700,全域,001,男,015,７０－７４歳,43000,熊本県,1980000000,1980年,人
17369,00700,全域,001,男,015,７０－７４歳,44000,大分県,1980000000,1980年,人
14069,00700,全域,001,男,015,７０－７４歳,45000,宮崎県,1980000000,1980年,人
26023,00700,全域,001,男,015,７０－７４歳,46000,鹿児島県,1980000000,1980年,人
8725,00700,全域,001,男,015,７０－７４歳,47000,沖縄県,1980000000,1980年,人
848714,00700,全域,001,男,016,７５－７９歳,00000,全国,1980000000,1980年,人
571660,00700,全域,001,男,016,７５－７９歳,00001,全国市部,1980000000,1980年,人
277054,00700,全域,001,男,016,７５－７９歳,00002,全国郡部,1980000000,1980年,人
36898,00700,全域,001,男,016,７５－７９歳,01000,北海道,1980000000,1980年,人
9994,00700,全域,001,男,016,７５－７９歳,02000,青森県,1980000000,1980年,人
11414,00700,全域,001,男,016,７５－７９歳,03000,岩手県,1980000000,1980年,人
13865,00700,全域,001,男,016,７５－７９歳,04000,宮城県,1980000000,1980年,人
10017,00700,全域,001,男,016,７５－７９歳,05000,秋田県,1980000000,1980年,人
11502,00700,全域,001,男,016,７５－７９歳,06000,山形県,1980000000,1980年,人
16939,00700,全域,001,男,016,７５－７９歳,07000,福島県,1980000000,1980年,人
18290,00700,全域,001,男,016,７５－７９歳,08000,茨城県,1980000000,1980年,人
13154,00700,全域,001,男,016,７５－７９歳,09000,栃木県,1980000000,1980年,人
15324,00700,全域,001,男,016,７５－７９歳,10000,群馬県,1980000000,1980年,人
25463,00700,全域,001,男,016,７５－７９歳,11000,埼玉県,1980000000,1980年,人
25964,00700,全域,001,男,016,７５－７９歳,12000,千葉県,1980000000,1980年,人
72010,00700,全域,001,男,016,７５－７９歳,13000,東京都,1980000000,1980年,人
33801,00700,全域,001,男,016,７５－７９歳,14000,神奈川県,1980000000,1980年,人
21058,00700,全域,001,男,016,７５－７９歳,15000,新潟県,1980000000,1980年,人
9424,00700,全域,001,男,016,７５－７９歳,16000,富山県,1980000000,1980年,人
9037,00700,全域,001,男,016,７５－７９歳,17000,石川県,1980000000,1980年,人
7646,00700,全域,001,男,016,７５－７９歳,18000,福井県,1980000000,1980年,人
7624,00700,全域,001,男,016,７５－７９歳,19000,山梨県,1980000000,1980年,人
21261,00700,全域,001,男,016,７５－７９歳,20000,長野県,1980000000,1980年,人
16413,00700,全域,001,男,016,７５－７９歳,21000,岐阜県,1980000000,1980年,人
25068,00700,全域,001,男,016,７５－７９歳,22000,静岡県,1980000000,1980年,人
36730,00700,全域,001,男,016,７５－７９歳,23000,愛知県,1980000000,1980年,人
15806,00700,全域,001,男,016,７５－７９歳,24000,三重県,1980000000,1980年,人
8600,00700,全域,001,男,016,７５－７９歳,25000,滋賀県,1980000000,1980年,人
20972,00700,全域,001,男,016,７５－７９歳,26000,京都府,1980000000,1980年,人
46812,00700,全域,001,男,016,７５－７９歳,27000,大阪府,1980000000,1980年,人
37744,00700,全域,001,男,016,７５－７９歳,28000,兵庫県,1980000000,1980年,人
8918,00700,全域,001,男,016,７５－７９歳,29000,奈良県,1980000000,1980年,人
10576,00700,全域,001,男,016,７５－７９歳,30000,和歌山県,1980000000,1980年,人
5974,00700,全域,001,男,016,７５－７９歳,31000,鳥取県,1980000000,1980年,人
9319,00700,全域,001,男,016,７５－７９歳,32000,島根県,1980000000,1980年,人
18945,00700,全域,001,男,016,７５－７９歳,33000,岡山県,1980000000,1980年,人
22058,00700,全域,001,男,016,７５－７９歳,34000,広島県,1980000000,1980年,人
14855,00700,全域,001,男,016,７５－７９歳,35000,山口県,1980000000,1980年,人
8432,00700,全域,001,男,016,７５－７９歳,36000,徳島県,1980000000,1980年,人
9894,00700,全域,001,男,016,７５－７９歳,37000,香川県,1980000000,1980年,人
14563,00700,全域,001,男,016,７５－７９歳,38000,愛媛県,1980000000,1980年,人
9348,00700,全域,001,男,016,７５－７９歳,39000,高知県,1980000000,1980年,人
33027,00700,全域,001,男,016,７５－７９歳,40000,福岡県,1980000000,1980年,人
8321,00700,全域,001,男,016,７５－７９歳,41000,佐賀県,1980000000,1980年,人
13374,00700,全域,001,男,016,７５－７９歳,42000,長崎県,1980000000,1980年,人
16850,00700,全域,001,男,016,７５－７９歳,43000,熊本県,1980000000,1980年,人
11965,00700,全域,001,男,016,７５－７９歳,44000,大分県,1980000000,1980年,人
9946,00700,全域,001,男,016,７５－７９歳,45000,宮崎県,1980000000,1980年,人
17759,00700,全域,001,男,016,７５－７９歳,46000,鹿児島県,1980000000,1980年,人
5760,00700,全域,001,男,016,７５－７９歳,47000,沖縄県,1980000000,1980年,人
417715,00700,全域,001,男,017,８０－８４歳,00000,全国,1980000000,1980年,人
274458,00700,全域,001,男,017,８０－８４歳,00001,全国市部,1980000000,1980年,人
143257,00700,全域,001,男,017,８０－８４歳,00002,全国郡部,1980000000,1980年,人
17393,00700,全域,001,男,017,８０－８４歳,01000,北海道,1980000000,1980年,人
4452,00700,全域,001,男,017,８０－８４歳,02000,青森県,1980000000,1980年,人
5251,00700,全域,001,男,017,８０－８４歳,03000,岩手県,1980000000,1980年,人
6534,00700,全域,001,男,017,８０－８４歳,04000,宮城県,1980000000,1980年,人
4570,00700,全域,001,男,017,８０－８４歳,05000,秋田県,1980000000,1980年,人
5105,00700,全域,001,男,017,８０－８４歳,06000,山形県,1980000000,1980年,人
7828,00700,全域,001,男,017,８０－８４歳,07000,福島県,1980000000,1980年,人
8793,00700,全域,001,男,017,８０－８４歳,08000,茨城県,1980000000,1980年,人
6109,00700,全域,001,男,017,８０－８４歳,09000,栃木県,1980000000,1980年,人
7158,00700,全域,001,男,017,８０－８４歳,10000,群馬県,1980000000,1980年,人
11418,00700,全域,001,男,017,８０－８４歳,11000,埼玉県,1980000000,1980年,人
12488,00700,全域,001,男,017,８０－８４歳,12000,千葉県,1980000000,1980年,人
34564,00700,全域,001,男,017,８０－８４歳,13000,東京都,1980000000,1980年,人
15686,00700,全域,001,男,017,８０－８４歳,14000,神奈川県,1980000000,1980年,人
9276,00700,全域,001,男,017,８０－８４歳,15000,新潟県,1980000000,1980年,人
4190,00700,全域,001,男,017,８０－８４歳,16000,富山県,1980000000,1980年,人
4080,00700,全域,001,男,017,８０－８４歳,17000,石川県,1980000000,1980年,人
3756,00700,全域,001,男,017,８０－８４歳,18000,福井県,1980000000,1980年,人
3672,00700,全域,001,男,017,８０－８４歳,19000,山梨県,1980000000,1980年,人
10374,00700,全域,001,男,017,８０－８４歳,20000,長野県,1980000000,1980年,人
8060,00700,全域,001,男,017,８０－８４歳,21000,岐阜県,1980000000,1980年,人
12662,00700,全域,001,男,017,８０－８４歳,22000,静岡県,1980000000,1980年,人
17282,00700,全域,001,男,017,８０－８４歳,23000,愛知県,1980000000,1980年,人
7799,00700,全域,001,男,017,８０－８４歳,24000,三重県,1980000000,1980年,人
4163,00700,全域,001,男,017,８０－８４歳,25000,滋賀県,1980000000,1980年,人
10468,00700,全域,001,男,017,８０－８４歳,26000,京都府,1980000000,1980年,人
21233,00700,全域,001,男,017,８０－８４歳,27000,大阪府,1980000000,1980年,人
18539,00700,全域,001,男,017,８０－８４歳,28000,兵庫県,1980000000,1980年,人
4323,00700,全域,001,男,017,８０－８４歳,29000,奈良県,1980000000,1980年,人
5434,00700,全域,001,男,017,８０－８４歳,30000,和歌山県,1980000000,1980年,人
3074,00700,全域,001,男,017,８０－８４歳,31000,鳥取県,1980000000,1980年,人
5216,00700,全域,001,男,017,８０－８４歳,32000,島根県,1980000000,1980年,人
10470,00700,全域,001,男,017,８０－８４歳,33000,岡山県,1980000000,1980年,人
12432,00700,全域,001,男,017,８０－８４歳,34000,広島県,1980000000,1980年,人
7969,00700,全域,001,男,017,８０－８４歳,35000,山口県,1980000000,1980年,人
4388,00700,全域,001,男,017,８０－８４歳,36000,徳島県,1980000000,1980年,人
5295,00700,全域,001,男,017,８０－８４歳,37000,香川県,1980000000,1980年,人
8185,00700,全域,001,男,017,８０－８４歳,38000,愛媛県,1980000000,1980年,人
5467,00700,全域,001,男,017,８０－８４歳,39000,高知県,1980000000,1980年,人
17057,00700,全域,001,男,017,８０－８４歳,40000,福岡県,1980000000,1980年,人
4326,00700,全域,001,男,017,８０－８４歳,41000,佐賀県,1980000000,1980年,人
7031,00700,全域,001,男,017,８０－８４歳,42000,長崎県,1980000000,1980年,人
9618,00700,全域,001,男,017,８０－８４歳,43000,熊本県,1980000000,1980年,人
6632,00700,全域,001,男,017,８０－８４歳,44000,大分県,1980000000,1980年,人
5362,00700,全域,001,男,017,８０－８４歳,45000,宮崎県,1980000000,1980年,人
9196,00700,全域,001,男,017,８０－８４歳,46000,鹿児島県,1980000000,1980年,人
3337,00700,全域,001,男,017,８０－８４歳,47000,沖縄県,1980000000,1980年,人
138732,00700,全域,001,男,018,８５－８９歳,00000,全国,1980000000,1980年,人
88550,00700,全域,001,男,018,８５－８９歳,00001,全国市部,1980000000,1980年,人
50182,00700,全域,001,男,018,８５－８９歳,00002,全国郡部,1980000000,1980年,人
5699,00700,全域,001,男,018,８５－８９歳,01000,北海道,1980000000,1980年,人
1424,00700,全域,001,男,018,８５－８９歳,02000,青森県,1980000000,1980年,人
1799,00700,全域,001,男,018,８５－８９歳,03000,岩手県,1980000000,1980年,人
2300,00700,全域,001,男,018,８５－８９歳,04000,宮城県,1980000000,1980年,人
1366,00700,全域,001,男,018,８５－８９歳,05000,秋田県,1980000000,1980年,人
1495,00700,全域,001,男,018,８５－８９歳,06000,山形県,1980000000,1980年,人
2694,00700,全域,001,男,018,８５－８９歳,07000,福島県,1980000000,1980年,人
2865,00700,全域,001,男,018,８５－８９歳,08000,茨城県,1980000000,1980年,人
1903,00700,全域,001,男,018,８５－８９歳,09000,栃木県,1980000000,1980年,人
2247,00700,全域,001,男,018,８５－８９歳,10000,群馬県,1980000000,1980年,人
3386,00700,全域,001,男,018,８５－８９歳,11000,埼玉県,1980000000,1980年,人
3802,00700,全域,001,男,018,８５－８９歳,12000,千葉県,1980000000,1980年,人
11143,00700,全域,001,男,018,８５－８９歳,13000,東京都,1980000000,1980年,人
4997,00700,全域,001,男,018,８５－８９歳,14000,神奈川県,1980000000,1980年,人
3216,00700,全域,001,男,018,８５－８９歳,15000,新潟県,1980000000,1980年,人
1313,00700,全域,001,男,018,８５－８９歳,16000,富山県,1980000000,1980年,人
1364,00700,全域,001,男,018,８５－８９歳,17000,石川県,1980000000,1980年,人
1220,00700,全域,001,男,018,８５－８９歳,18000,福井県,1980000000,1980年,人
1325,00700,全域,001,男,018,８５－８９歳,19000,山梨県,1980000000,1980年,人
3319,00700,全域,001,男,018,８５－８９歳,20000,長野県,1980000000,1980年,人
2837,00700,全域,001,男,018,８５－８９歳,21000,岐阜県,1980000000,1980年,人
4446,00700,全域,001,男,018,８５－８９歳,22000,静岡県,1980000000,1980年,人
5605,00700,全域,001,男,018,８５－８９歳,23000,愛知県,1980000000,1980年,人
2610,00700,全域,001,男,018,８５－８９歳,24000,三重県,1980000000,1980年,人
1340,00700,全域,001,男,018,８５－８９歳,25000,滋賀県,1980000000,1980年,人
3197,00700,全域,001,男,018,８５－８９歳,26000,京都府,1980000000,1980年,人
6343,00700,全域,001,男,018,８５－８９歳,27000,大阪府,1980000000,1980年,人
5944,00700,全域,001,男,018,８５－８９歳,28000,兵庫県,1980000000,1980年,人
1391,00700,全域,001,男,018,８５－８９歳,29000,奈良県,1980000000,1980年,人
1743,00700,全域,001,男,018,８５－８９歳,30000,和歌山県,1980000000,1980年,人
1075,00700,全域,001,男,018,８５－８９歳,31000,鳥取県,1980000000,1980年,人
1905,00700,全域,001,男,018,８５－８９歳,32000,島根県,1980000000,1980年,人
3501,00700,全域,001,男,018,８５－８９歳,33000,岡山県,1980000000,1980年,人
4430,00700,全域,001,男,018,８５－８９歳,34000,広島県,1980000000,1980年,人
2831,00700,全域,001,男,018,８５－８９歳,35000,山口県,1980000000,1980年,人
1426,00700,全域,001,男,018,８５－８９歳,36000,徳島県,1980000000,1980年,人
1765,00700,全域,001,男,018,８５－８９歳,37000,香川県,1980000000,1980年,人
2868,00700,全域,001,男,018,８５－８９歳,38000,愛媛県,1980000000,1980年,人
1932,00700,全域,001,男,018,８５－８９歳,39000,高知県,1980000000,1980年,人
5733,00700,全域,001,男,018,８５－８９歳,40000,福岡県,1980000000,1980年,人
1495,00700,全域,001,男,018,８５－８９歳,41000,佐賀県,1980000000,1980年,人
2396,00700,全域,001,男,018,８５－８９歳,42000,長崎県,1980000000,1980年,人
3524,00700,全域,001,男,018,８５－８９歳,43000,熊本県,1980000000,1980年,人
2362,00700,全域,001,男,018,８５－８９歳,44000,大分県,1980000000,1980年,人
1926,00700,全域,001,男,018,８５－８９歳,45000,宮崎県,1980000000,1980年,人
3564,00700,全域,001,男,018,８５－８９歳,46000,鹿児島県,1980000000,1980年,人
1666,00700,全域,001,男,018,８５－８９歳,47000,沖縄県,1980000000,1980年,人
29924,00700,全域,001,男,019,９０－９４歳,00000,全国,1980000000,1980年,人
18690,00700,全域,001,男,019,９０－９４歳,00001,全国市部,1980000000,1980年,人
11234,00700,全域,001,男,019,９０－９４歳,00002,全国郡部,1980000000,1980年,人
1203,00700,全域,001,男,019,９０－９４歳,01000,北海道,1980000000,1980年,人
252,00700,全域,001,男,019,９０－９４歳,02000,青森県,1980000000,1980年,人
389,00700,全域,001,男,019,９０－９４歳,03000,岩手県,1980000000,1980年,人
526,00700,全域,001,男,019,９０－９４歳,04000,宮城県,1980000000,1980年,人
235,00700,全域,001,男,019,９０－９４歳,05000,秋田県,1980000000,1980年,人
285,00700,全域,001,男,019,９０－９４歳,06000,山形県,1980000000,1980年,人
564,00700,全域,001,男,019,９０－９４歳,07000,福島県,1980000000,1980年,人
624,00700,全域,001,男,019,９０－９４歳,08000,茨城県,1980000000,1980年,人
372,00700,全域,001,男,019,９０－９４歳,09000,栃木県,1980000000,1980年,人
472,00700,全域,001,男,019,９０－９４歳,10000,群馬県,1980000000,1980年,人
672,00700,全域,001,男,019,９０－９４歳,11000,埼玉県,1980000000,1980年,人
838,00700,全域,001,男,019,９０－９４歳,12000,千葉県,1980000000,1980年,人
2488,00700,全域,001,男,019,９０－９４歳,13000,東京都,1980000000,1980年,人
1088,00700,全域,001,男,019,９０－９４歳,14000,神奈川県,1980000000,1980年,人
642,00700,全域,001,男,019,９０－９４歳,15000,新潟県,1980000000,1980年,人
272,00700,全域,001,男,019,９０－９４歳,16000,富山県,1980000000,1980年,人
265,00700,全域,001,男,019,９０－９４歳,17000,石川県,1980000000,1980年,人
239,00700,全域,001,男,019,９０－９４歳,18000,福井県,1980000000,1980年,人
309,00700,全域,001,男,019,９０－９４歳,19000,山梨県,1980000000,1980年,人
720,00700,全域,001,男,019,９０－９４歳,20000,長野県,1980000000,1980年,人
596,00700,全域,001,男,019,９０－９４歳,21000,岐阜県,1980000000,1980年,人
1041,00700,全域,001,男,019,９０－９４歳,22000,静岡県,1980000000,1980年,人
1151,00700,全域,001,男,019,９０－９４歳,23000,愛知県,1980000000,1980年,人
563,00700,全域,001,男,019,９０－９４歳,24000,三重県,1980000000,1980年,人
302,00700,全域,001,男,019,９０－９４歳,25000,滋賀県,1980000000,1980年,人
641,00700,全域,001,男,019,９０－９４歳,26000,京都府,1980000000,1980年,人
1143,00700,全域,001,男,019,９０－９４歳,27000,大阪府,1980000000,1980年,人
1250,00700,全域,001,男,019,９０－９４歳,28000,兵庫県,1980000000,1980年,人
302,00700,全域,001,男,019,９０－９４歳,29000,奈良県,1980000000,1980年,人
381,00700,全域,001,男,019,９０－９４歳,30000,和歌山県,1980000000,1980年,人
242,00700,全域,001,男,019,９０－９４歳,31000,鳥取県,1980000000,1980年,人
444,00700,全域,001,男,019,９０－９４歳,32000,島根県,1980000000,1980年,人
811,00700,全域,001,男,019,９０－９４歳,33000,岡山県,1980000000,1980年,人
996,00700,全域,001,男,019,９０－９４歳,34000,広島県,1980000000,1980年,人
599,00700,全域,001,男,019,９０－９４歳,35000,山口県,1980000000,1980年,人
390,00700,全域,001,男,019,９０－９４歳,36000,徳島県,1980000000,1980年,人
419,00700,全域,001,男,019,９０－９４歳,37000,香川県,1980000000,1980年,人
707,00700,全域,001,男,019,９０－９４歳,38000,愛媛県,1980000000,1980年,人
485,00700,全域,001,男,019,９０－９４歳,39000,高知県,1980000000,1980年,人
1228,00700,全域,001,男,019,９０－９４歳,40000,福岡県,1980000000,1980年,人
329,00700,全域,001,男,019,９０－９４歳,41000,佐賀県,1980000000,1980年,人
515,00700,全域,001,男,019,９０－９４歳,42000,長崎県,1980000000,1980年,人
740,00700,全域,001,男,019,９０－９４歳,43000,熊本県,1980000000,1980年,人
518,00700,全域,001,男,019,９０－９４歳,44000,大分県,1980000000,1980年,人
398,00700,全域,001,男,019,９０－９４歳,45000,宮崎県,1980000000,1980年,人
840,00700,全域,001,男,019,９０－９４歳,46000,鹿児島県,1980000000,1980年,人
438,00700,全域,001,男,019,９０－９４歳,47000,沖縄県,1980000000,1980年,人
3127,00700,全域,001,男,020,９５－９９歳,00000,全国,1980000000,1980年,人
1899,00700,全域,001,男,020,９５－９９歳,00001,全国市部,1980000000,1980年,人
1228,00700,全域,001,男,020,９５－９９歳,00002,全国郡部,1980000000,1980年,人
133,00700,全域,001,男,020,９５－９９歳,01000,北海道,1980000000,1980年,人
37,00700,全域,001,男,020,９５－９９歳,02000,青森県,1980000000,1980年,人
42,00700,全域,001,男,020,９５－９９歳,03000,岩手県,1980000000,1980年,人
62,00700,全域,001,男,020,９５－９９歳,04000,宮城県,1980000000,1980年,人
16,00700,全域,001,男,020,９５－９９歳,05000,秋田県,1980000000,1980年,人
26,00700,全域,001,男,020,９５－９９歳,06000,山形県,1980000000,1980年,人
55,00700,全域,001,男,020,９５－９９歳,07000,福島県,1980000000,1980年,人
46,00700,全域,001,男,020,９５－９９歳,08000,茨城県,1980000000,1980年,人
32,00700,全域,001,男,020,９５－９９歳,09000,栃木県,1980000000,1980年,人
51,00700,全域,001,男,020,９５－９９歳,10000,群馬県,1980000000,1980年,人
59,00700,全域,001,男,020,９５－９９歳,11000,埼玉県,1980000000,1980年,人
80,00700,全域,001,男,020,９５－９９歳,12000,千葉県,1980000000,1980年,人
233,00700,全域,001,男,020,９５－９９歳,13000,東京都,1980000000,1980年,人
118,00700,全域,001,男,020,９５－９９歳,14000,神奈川県,1980000000,1980年,人
74,00700,全域,001,男,020,９５－９９歳,15000,新潟県,1980000000,1980年,人
29,00700,全域,001,男,020,９５－９９歳,16000,富山県,1980000000,1980年,人
22,00700,全域,001,男,020,９５－９９歳,17000,石川県,1980000000,1980年,人
19,00700,全域,001,男,020,９５－９９歳,18000,福井県,1980000000,1980年,人
27,00700,全域,001,男,020,９５－９９歳,19000,山梨県,1980000000,1980年,人
62,00700,全域,001,男,020,９５－９９歳,20000,長野県,1980000000,1980年,人
71,00700,全域,001,男,020,９５－９９歳,21000,岐阜県,1980000000,1980年,人
89,00700,全域,001,男,020,９５－９９歳,22000,静岡県,1980000000,1980年,人
113,00700,全域,001,男,020,９５－９９歳,23000,愛知県,1980000000,1980年,人
61,00700,全域,001,男,020,９５－９９歳,24000,三重県,1980000000,1980年,人
24,00700,全域,001,男,020,９５－９９歳,25000,滋賀県,1980000000,1980年,人
63,00700,全域,001,男,020,９５－９９歳,26000,京都府,1980000000,1980年,人
93,00700,全域,001,男,020,９５－９９歳,27000,大阪府,1980000000,1980年,人
135,00700,全域,001,男,020,９５－９９歳,28000,兵庫県,1980000000,1980年,人
21,00700,全域,001,男,020,９５－９９歳,29000,奈良県,1980000000,1980年,人
42,00700,全域,001,男,020,９５－９９歳,30000,和歌山県,1980000000,1980年,人
33,00700,全域,001,男,020,９５－９９歳,31000,鳥取県,1980000000,1980年,人
63,00700,全域,001,男,020,９５－９９歳,32000,島根県,1980000000,1980年,人
76,00700,全域,001,男,020,９５－９９歳,33000,岡山県,1980000000,1980年,人
126,00700,全域,001,男,020,９５－９９歳,34000,広島県,1980000000,1980年,人
63,00700,全域,001,男,020,９５－９９歳,35000,山口県,1980000000,1980年,人
42,00700,全域,001,男,020,９５－９９歳,36000,徳島県,1980000000,1980年,人
46,00700,全域,001,男,020,９５－９９歳,37000,香川県,1980000000,1980年,人
89,00700,全域,001,男,020,９５－９９歳,38000,愛媛県,1980000000,1980年,人
57,00700,全域,001,男,020,９５－９９歳,39000,高知県,1980000000,1980年,人
139,00700,全域,001,男,020,９５－９９歳,40000,福岡県,1980000000,1980年,人
40,00700,全域,001,男,020,９５－９９歳,41000,佐賀県,1980000000,1980年,人
43,00700,全域,001,男,020,９５－９９歳,42000,長崎県,1980000000,1980年,人
84,00700,全域,001,男,020,９５－９９歳,43000,熊本県,1980000000,1980年,人
60,00700,全域,001,男,020,９５－９９歳,44000,大分県,1980000000,1980年,人
45,00700,全域,001,男,020,９５－９９歳,45000,宮崎県,1980000000,1980年,人
111,00700,全域,001,男,020,９５－９９歳,46000,鹿児島県,1980000000,1980年,人
75,00700,全域,001,男,020,９５－９９歳,47000,沖縄県,1980000000,1980年,人
176,00700,全域,001,男,021,１００歳以上,00000,全国,1980000000,1980年,人
88,00700,全域,001,男,021,１００歳以上,00001,全国市部,1980000000,1980年,人
88,00700,全域,001,男,021,１００歳以上,00002,全国郡部,1980000000,1980年,人
11,00700,全域,001,男,021,１００歳以上,01000,北海道,1980000000,1980年,人
1,00700,全域,001,男,021,１００歳以上,02000,青森県,1980000000,1980年,人
1,00700,全域,001,男,021,１００歳以上,04000,宮城県,1980000000,1980年,人
2,00700,全域,001,男,021,１００歳以上,05000,秋田県,1980000000,1980年,人
2,00700,全域,001,男,021,１００歳以上,07000,福島県,1980000000,1980年,人
2,00700,全域,001,男,021,１００歳以上,08000,茨城県,1980000000,1980年,人
2,00700,全域,001,男,021,１００歳以上,09000,栃木県,1980000000,1980年,人
6,00700,全域,001,男,021,１００歳以上,10000,群馬県,1980000000,1980年,人
1,00700,全域,001,男,021,１００歳以上,11000,埼玉県,1980000000,1980年,人
2,00700,全域,001,男,021,１００歳以上,12000,千葉県,1980000000,1980年,人
11,00700,全域,001,男,021,１００歳以上,13000,東京都,1980000000,1980年,人
11,00700,全域,001,男,021,１００歳以上,14000,神奈川県,1980000000,1980年,人
2,00700,全域,001,男,021,１００歳以上,15000,新潟県,1980000000,1980年,人
2,00700,全域,001,男,021,１００歳以上,16000,富山県,1980000000,1980年,人
3,00700,全域,001,男,021,１００歳以上,19000,山梨県,1980000000,1980年,人
1,00700,全域,001,男,021,１００歳以上,20000,長野県,1980000000,1980年,人
2,00700,全域,001,男,021,１００歳以上,21000,岐阜県,1980000000,1980年,人
8,00700,全域,001,男,021,１００歳以上,22000,静岡県,1980000000,1980年,人
3,00700,全域,001,男,021,１００歳以上,23000,愛知県,1980000000,1980年,人
2,00700,全域,001,男,021,１００歳以上,24000,三重県,1980000000,1980年,人
4,00700,全域,001,男,021,１００歳以上,26000,京都府,1980000000,1980年,人
4,00700,全域,001,男,021,１００歳以上,27000,大阪府,1980000000,1980年,人
9,00700,全域,001,男,021,１００歳以上,28000,兵庫県,1980000000,1980年,人
3,00700,全域,001,男,021,１００歳以上,30000,和歌山県,1980000000,1980年,人
2,00700,全域,001,男,021,１００歳以上,31000,鳥取県,1980000000,1980年,人
3,00700,全域,001,男,021,１００歳以上,32000,島根県,1980000000,1980年,人
9,00700,全域,001,男,021,１００歳以上,33000,岡山県,1980000000,1980年,人
6,00700,全域,001,男,021,１００歳以上,34000,広島県,1980000000,1980年,人
5,00700,全域,001,男,021,１００歳以上,35000,山口県,1980000000,1980年,人
3,00700,全域,001,男,021,１００歳以上,36000,徳島県,1980000000,1980年,人
3,00700,全域,001,男,021,１００歳以上,37000,香川県,1980000000,1980年,人
6,00700,全域,001,男,021,１００歳以上,38000,愛媛県,1980000000,1980年,人
5,00700,全域,001,男,021,１００歳以上,39000,高知県,1980000000,1980年,人
9,00700,全域,001,男,021,１００歳以上,40000,福岡県,1980000000,1980年,人
4,00700,全域,001,男,021,１００歳以上,41000,佐賀県,1980000000,1980年,人
4,00700,全域,001,男,021,１００歳以上,42000,長崎県,1980000000,1980年,人
5,00700,全域,001,男,021,１００歳以上,43000,熊本県,1980000000,1980年,人
1,00700,全域,001,男,021,１００歳以上,44000,大分県,1980000000,1980年,人
3,00700,全域,001,男,021,１００歳以上,45000,宮崎県,1980000000,1980年,人
6,00700,全域,001,男,021,１００歳以上,46000,鹿児島県,1980000000,1980年,人
7,00700,全域,001,男,021,１００歳以上,47000,沖縄県,1980000000,1980年,人
48723,00700,全域,001,男,022,年齢不詳,00000,全国,1980000000,1980年,人
47547,00700,全域,001,男,022,年齢不詳,00001,全国市部,1980000000,1980年,人
1176,00700,全域,001,男,022,年齢不詳,00002,全国郡部,1980000000,1980年,人
1408,00700,全域,001,男,022,年齢不詳,01000,北海道,1980000000,1980年,人
94,00700,全域,001,男,022,年齢不詳,02000,青森県,1980000000,1980年,人
87,00700,全域,001,男,022,年齢不詳,03000,岩手県,1980000000,1980年,人
1060,00700,全域,001,男,022,年齢不詳,04000,宮城県,1980000000,1980年,人
53,00700,全域,001,男,022,年齢不詳,05000,秋田県,1980000000,1980年,人
6,00700,全域,001,男,022,年齢不詳,06000,山形県,1980000000,1980年,人
84,00700,全域,001,男,022,年齢不詳,07000,福島県,1980000000,1980年,人
417,00700,全域,001,男,022,年齢不詳,08000,茨城県,1980000000,1980年,人
291,00700,全域,001,男,022,年齢不詳,09000,栃木県,1980000000,1980年,人
46,00700,全域,001,男,022,年齢不詳,10000,群馬県,1980000000,1980年,人
2690,00700,全域,001,男,022,年齢不詳,11000,埼玉県,1980000000,1980年,人
2950,00700,全域,001,男,022,年齢不詳,12000,千葉県,1980000000,1980年,人
14742,00700,全域,001,男,022,年齢不詳,13000,東京都,1980000000,1980年,人
4221,00700,全域,001,男,022,年齢不詳,14000,神奈川県,1980000000,1980年,人
274,00700,全域,001,男,022,年齢不詳,15000,新潟県,1980000000,1980年,人
10,00700,全域,001,男,022,年齢不詳,16000,富山県,1980000000,1980年,人
469,00700,全域,001,男,022,年齢不詳,17000,石川県,1980000000,1980年,人
45,00700,全域,001,男,022,年齢不詳,18000,福井県,1980000000,1980年,人
117,00700,全域,001,男,022,年齢不詳,19000,山梨県,1980000000,1980年,人
6,00700,全域,001,男,022,年齢不詳,20000,長野県,1980000000,1980年,人
63,00700,全域,001,男,022,年齢不詳,21000,岐阜県,1980000000,1980年,人
175,00700,全域,001,男,022,年齢不詳,22000,静岡県,1980000000,1980年,人
1239,00700,全域,001,男,022,年齢不詳,23000,愛知県,1980000000,1980年,人
91,00700,全域,001,男,022,年齢不詳,24000,三重県,1980000000,1980年,人
64,00700,全域,001,男,022,年齢不詳,25000,滋賀県,1980000000,1980年,人
254,00700,全域,001,男,022,年齢不詳,26000,京都府,1980000000,1980年,人
6326,00700,全域,001,男,022,年齢不詳,27000,大阪府,1980000000,1980年,人
4746,00700,全域,001,男,022,年齢不詳,28000,兵庫県,1980000000,1980年,人
472,00700,全域,001,男,022,年齢不詳,29000,奈良県,1980000000,1980年,人
250,00700,全域,001,男,022,年齢不詳,30000,和歌山県,1980000000,1980年,人
112,00700,全域,001,男,022,年齢不詳,31000,鳥取県,1980000000,1980年,人
47,00700,全域,001,男,022,年齢不詳,32000,島根県,1980000000,1980年,人
132,00700,全域,001,男,022,年齢不詳,33000,岡山県,1980000000,1980年,人
697,00700,全域,001,男,022,年齢不詳,34000,広島県,1980000000,1980年,人
233,00700,全域,001,男,022,年齢不詳,35000,山口県,1980000000,1980年,人
147,00700,全域,001,男,022,年齢不詳,36000,徳島県,1980000000,1980年,人
189,00700,全域,001,男,022,年齢不詳,37000,香川県,1980000000,1980年,人
150,00700,全域,001,男,022,年齢不詳,38000,愛媛県,1980000000,1980年,人
442,00700,全域,001,男,022,年齢不詳,39000,高知県,1980000000,1980年,人
2601,00700,全域,001,男,022,年齢不詳,40000,福岡県,1980000000,1980年,人
22,00700,全域,001,男,022,年齢不詳,41000,佐賀県,1980000000,1980年,人
216,00700,全域,001,男,022,年齢不詳,42000,長崎県,1980000000,1980年,人
93,00700,全域,001,男,022,年齢不詳,43000,熊本県,1980000000,1980年,人
100,00700,全域,001,男,022,年齢不詳,44000,大分県,1980000000,1980年,人
62,00700,全域,001,男,022,年齢不詳,45000,宮崎県,1980000000,1980年,人
23,00700,全域,001,男,022,年齢不詳,46000,鹿児島県,1980000000,1980年,人
707,00700,全域,001,男,022,年齢不詳,47000,沖縄県,1980000000,1980年,人
59466627,00700,全域,002,女,000,総数,00000,全国,1980000000,1980年,人
45160449,00700,全域,002,女,000,総数,00001,全国市部,1980000000,1980年,人
14306178,00700,全域,002,女,000,総数,00002,全国郡部,1980000000,1980年,人
2838900,00700,全域,002,女,000,総数,01000,北海道,1980000000,1980年,人
788463,00700,全域,002,女,000,総数,02000,青森県,1980000000,1980年,人
733467,00700,全域,002,女,000,総数,03000,岩手県,1980000000,1980年,人
1056417,00700,全域,002,女,000,総数,04000,宮城県,1980000000,1980年,人
653342,00700,全域,002,女,000,総数,05000,秋田県,1980000000,1980年,人
646510,00700,全域,002,女,000,総数,06000,山形県,1980000000,1980年,人
1044697,00700,全域,002,女,000,総数,07000,福島県,1980000000,1980年,人
1285474,00700,全域,002,女,000,総数,08000,茨城県,1980000000,1980年,人
906628,00700,全域,002,女,000,総数,09000,栃木県,1980000000,1980年,人
939691,00700,全域,002,女,000,総数,10000,群馬県,1980000000,1980年,人
2681305,00700,全域,002,女,000,総数,11000,埼玉県,1980000000,1980年,人
2352267,00700,全域,002,女,000,総数,12000,千葉県,1980000000,1980年,人
5762001,00700,全域,002,女,000,総数,13000,東京都,1980000000,1980年,人
3388327,00700,全域,002,女,000,総数,14000,神奈川県,1980000000,1980年,人
1257704,00700,全域,002,女,000,総数,15000,新潟県,1980000000,1980年,人
570773,00700,全域,002,女,000,総数,16000,富山県,1980000000,1980年,人
576522,00700,全域,002,女,000,総数,17000,石川県,1980000000,1980年,人
410085,00700,全域,002,女,000,総数,18000,福井県,1980000000,1980年,人
412607,00700,全域,002,女,000,総数,19000,山梨県,1980000000,1980年,人
1075049,00700,全域,002,女,000,総数,20000,長野県,1980000000,1980年,人
1006089,00700,全域,002,女,000,総数,21000,岐阜県,1980000000,1980年,人
1751026,00700,全域,002,女,000,総数,22000,静岡県,1980000000,1980年,人
3109332,00700,全域,002,女,000,総数,23000,愛知県,1980000000,1980年,人
869358,00700,全域,002,女,000,総数,24000,三重県,1980000000,1980年,人
550690,00700,全域,002,女,000,総数,25000,滋賀県,1980000000,1980年,人
1288965,00700,全域,002,女,000,総数,26000,京都府,1980000000,1980年,人
4269608,00700,全域,002,女,000,総数,27000,大阪府,1980000000,1980年,人
2632534,00700,全域,002,女,000,総数,28000,兵庫県,1980000000,1980年,人
622298,00700,全域,002,女,000,総数,29000,奈良県,1980000000,1980年,人
563545,00700,全域,002,女,000,総数,30000,和歌山県,1980000000,1980年,人
314275,00700,全域,002,女,000,総数,31000,鳥取県,1980000000,1980年,人
407296,00700,全域,002,女,000,総数,32000,島根県,1980000000,1980年,人
965546,00700,全域,002,女,000,総数,33000,岡山県,1980000000,1980年,人
1402355,00700,全域,002,女,000,総数,34000,広島県,1980000000,1980年,人
827824,00700,全域,002,女,000,総数,35000,山口県,1980000000,1980年,人
429267,00700,全域,002,女,000,総数,36000,徳島県,1980000000,1980年,人
518760,00700,全域,002,女,000,総数,37000,香川県,1980000000,1980年,人
788120,00700,全域,002,女,000,総数,38000,愛媛県,1980000000,1980年,人
434857,00700,全域,002,女,000,総数,39000,高知県,1980000000,1980年,人
2353011,00700,全域,002,女,000,総数,40000,福岡県,1980000000,1980年,人
454662,00700,全域,002,女,000,総数,41000,佐賀県,1980000000,1980年,人
832190,00700,全域,002,女,000,総数,42000,長崎県,1980000000,1980年,人
939496,00700,全域,002,女,000,総数,43000,熊本県,1980000000,1980年,人
645816,00700,全域,002,女,000,総数,44000,大分県,1980000000,1980年,人
601380,00700,全域,002,女,000,総数,45000,宮崎県,1980000000,1980年,人
945231,00700,全域,002,女,000,総数,46000,鹿児島県,1980000000,1980年,人
562867,00700,全域,002,女,000,総数,47000,沖縄県,1980000000,1980年,人
4149316,00700,全域,002,女,001,０－４歳,00000,全国,1980000000,1980年,人
3188149,00700,全域,002,女,001,０－４歳,00001,全国市部,1980000000,1980年,人
961167,00700,全域,002,女,001,０－４歳,00002,全国郡部,1980000000,1980年,人
199061,00700,全域,002,女,001,０－４歳,01000,北海道,1980000000,1980年,人
54722,00700,全域,002,女,001,０－４歳,02000,青森県,1980000000,1980年,人
50113,00700,全域,002,女,001,０－４歳,03000,岩手県,1980000000,1980年,人
77795,00700,全域,002,女,001,０－４歳,04000,宮城県,1980000000,1980年,人
41429,00700,全域,002,女,001,０－４歳,05000,秋田県,1980000000,1980年,人
42491,00700,全域,002,女,001,０－４歳,06000,山形県,1980000000,1980年,人
75027,00700,全域,002,女,001,０－４歳,07000,福島県,1980000000,1980年,人
96483,00700,全域,002,女,001,０－４歳,08000,茨城県,1980000000,1980年,人
67720,00700,全域,002,女,001,０－４歳,09000,栃木県,1980000000,1980年,人
67237,00700,全域,002,女,001,０－４歳,10000,群馬県,1980000000,1980年,人
210690,00700,全域,002,女,001,０－４歳,11000,埼玉県,1980000000,1980年,人
182844,00700,全域,002,女,001,０－４歳,12000,千葉県,1980000000,1980年,人
348912,00700,全域,002,女,001,０－４歳,13000,東京都,1980000000,1980年,人
251022,00700,全域,002,女,001,０－４歳,14000,神奈川県,1980000000,1980年,人
86787,00700,全域,002,女,001,０－４歳,15000,新潟県,1980000000,1980年,人
37010,00700,全域,002,女,001,０－４歳,16000,富山県,1980000000,1980年,人
40804,00700,全域,002,女,001,０－４歳,17000,石川県,1980000000,1980年,人
28028,00700,全域,002,女,001,０－４歳,18000,福井県,1980000000,1980年,人
26996,00700,全域,002,女,001,０－４歳,19000,山梨県,1980000000,1980年,人
71786,00700,全域,002,女,001,０－４歳,20000,長野県,1980000000,1980年,人
69373,00700,全域,002,女,001,０－４歳,21000,岐阜県,1980000000,1980年,人
126469,00700,全域,002,女,001,０－４歳,22000,静岡県,1980000000,1980年,人
232382,00700,全域,002,女,001,０－４歳,23000,愛知県,1980000000,1980年,人
56877,00700,全域,002,女,001,０－４歳,24000,三重県,1980000000,1980年,人
42214,00700,全域,002,女,001,０－４歳,25000,滋賀県,1980000000,1980年,人
86607,00700,全域,002,女,001,０－４歳,26000,京都府,1980000000,1980年,人
298584,00700,全域,002,女,001,０－４歳,27000,大阪府,1980000000,1980年,人
183530,00700,全域,002,女,001,０－４歳,28000,兵庫県,1980000000,1980年,人
43265,00700,全域,002,女,001,０－４歳,29000,奈良県,1980000000,1980年,人
35421,00700,全域,002,女,001,０－４歳,30000,和歌山県,1980000000,1980年,人
20994,00700,全域,002,女,001,０－４歳,31000,鳥取県,1980000000,1980年,人
25702,00700,全域,002,女,001,０－４歳,32000,島根県,1980000000,1980年,人
63864,00700,全域,002,女,001,０－４歳,33000,岡山県,1980000000,1980年,人
98325,00700,全域,002,女,001,０－４歳,34000,広島県,1980000000,1980年,人
52920,00700,全域,002,女,001,０－４歳,35000,山口県,1980000000,1980年,人
26598,00700,全域,002,女,001,０－４歳,36000,徳島県,1980000000,1980年,人
34474,00700,全域,002,女,001,０－４歳,37000,香川県,1980000000,1980年,人
51560,00700,全域,002,女,001,０－４歳,38000,愛媛県,1980000000,1980年,人
26519,00700,全域,002,女,001,０－４歳,39000,高知県,1980000000,1980年,人
166152,00700,全域,002,女,001,０－４歳,40000,福岡県,1980000000,1980年,人
31349,00700,全域,002,女,001,０－４歳,41000,佐賀県,1980000000,1980年,人
57847,00700,全域,002,女,001,０－４歳,42000,長崎県,1980000000,1980年,人
61845,00700,全域,002,女,001,０－４歳,43000,熊本県,1980000000,1980年,人
42663,00700,全域,002,女,001,０－４歳,44000,大分県,1980000000,1980年,人
43888,00700,全域,002,女,001,０－４歳,45000,宮崎県,1980000000,1980年,人
61992,00700,全域,002,女,001,０－４歳,46000,鹿児島県,1980000000,1980年,人
50945,00700,全域,002,女,001,０－４歳,47000,沖縄県,1980000000,1980年,人
4889547,00700,全域,002,女,002,５－９歳,00000,全国,1980000000,1980年,人
3779305,00700,全域,002,女,002,５－９歳,00001,全国市部,1980000000,1980年,人
1110242,00700,全域,002,女,002,５－９歳,00002,全国郡部,1980000000,1980年,人
226566,00700,全域,002,女,002,５－９歳,01000,北海道,1980000000,1980年,人
62869,00700,全域,002,女,002,５－９歳,02000,青森県,1980000000,1980年,人
55236,00700,全域,002,女,002,５－９歳,03000,岩手県,1980000000,1980年,人
82803,00700,全域,002,女,002,５－９歳,04000,宮城県,1980000000,1980年,人
44333,00700,全域,002,女,002,５－９歳,05000,秋田県,1980000000,1980年,人
44468,00700,全域,002,女,002,５－９歳,06000,山形県,1980000000,1980年,人
79967,00700,全域,002,女,002,５－９歳,07000,福島県,1980000000,1980年,人
113041,00700,全域,002,女,002,５－９歳,08000,茨城県,1980000000,1980年,人
76952,00700,全域,002,女,002,５－９歳,09000,栃木県,1980000000,1980年,人
79253,00700,全域,002,女,002,５－９歳,10000,群馬県,1980000000,1980年,人
269474,00700,全域,002,女,002,５－９歳,11000,埼玉県,1980000000,1980年,人
223514,00700,全域,002,女,002,５－９歳,12000,千葉県,1980000000,1980年,人
421574,00700,全域,002,女,002,５－９歳,13000,東京都,1980000000,1980年,人
308148,00700,全域,002,女,002,５－９歳,14000,神奈川県,1980000000,1980年,人
94677,00700,全域,002,女,002,５－９歳,15000,新潟県,1980000000,1980年,人
45447,00700,全域,002,女,002,５－９歳,16000,富山県,1980000000,1980年,人
48331,00700,全域,002,女,002,５－９歳,17000,石川県,1980000000,1980年,人
32360,00700,全域,002,女,002,５－９歳,18000,福井県,1980000000,1980年,人
31440,00700,全域,002,女,002,５－９歳,19000,山梨県,1980000000,1980年,人
81747,00700,全域,002,女,002,５－９歳,20000,長野県,1980000000,1980年,人
84781,00700,全域,002,女,002,５－９歳,21000,岐阜県,1980000000,1980年,人
148810,00700,全域,002,女,002,５－９歳,22000,静岡県,1980000000,1980年,人
282268,00700,全域,002,女,002,５－９歳,23000,愛知県,1980000000,1980年,人
69270,00700,全域,002,女,002,５－９歳,24000,三重県,1980000000,1980年,人
47669,00700,全域,002,女,002,５－９歳,25000,滋賀県,1980000000,1980年,人
104094,00700,全域,002,女,002,５－９歳,26000,京都府,1980000000,1980年,人
373213,00700,全域,002,女,002,５－９歳,27000,大阪府,1980000000,1980年,人
220689,00700,全域,002,女,002,５－９歳,28000,兵庫県,1980000000,1980年,人
52919,00700,全域,002,女,002,５－９歳,29000,奈良県,1980000000,1980年,人
43086,00700,全域,002,女,002,５－９歳,30000,和歌山県,1980000000,1980年,人
22752,00700,全域,002,女,002,５－９歳,31000,鳥取県,1980000000,1980年,人
29101,00700,全域,002,女,002,５－９歳,32000,島根県,1980000000,1980年,人
76644,00700,全域,002,女,002,５－９歳,33000,岡山県,1980000000,1980年,人
117922,00700,全域,002,女,002,５－９歳,34000,広島県,1980000000,1980年,人
63020,00700,全域,002,女,002,５－９歳,35000,山口県,1980000000,1980年,人
30943,00700,全域,002,女,002,５－９歳,36000,徳島県,1980000000,1980年,人
39872,00700,全域,002,女,002,５－９歳,37000,香川県,1980000000,1980年,人
60526,00700,全域,002,女,002,５－９歳,38000,愛媛県,1980000000,1980年,人
31084,00700,全域,002,女,002,５－９歳,39000,高知県,1980000000,1980年,人
182807,00700,全域,002,女,002,５－９歳,40000,福岡県,1980000000,1980年,人
34039,00700,全域,002,女,002,５－９歳,41000,佐賀県,1980000000,1980年,人
65942,00700,全域,002,女,002,５－９歳,42000,長崎県,1980000000,1980年,人
66760,00700,全域,002,女,002,５－９歳,43000,熊本県,1980000000,1980年,人
48158,00700,全域,002,女,002,５－９歳,44000,大分県,1980000000,1980年,人
47258,00700,全域,002,女,002,５－９歳,45000,宮崎県,1980000000,1980年,人
67352,00700,全域,002,女,002,５－９歳,46000,鹿児島県,1980000000,1980年,人
56368,00700,全域,002,女,002,５－９歳,47000,沖縄県,1980000000,1980年,人
4364815,00700,全域,002,女,003,１０－１４歳,00000,全国,1980000000,1980年,人
3344086,00700,全域,002,女,003,１０－１４歳,00001,全国市部,1980000000,1980年,人
1020729,00700,全域,002,女,003,１０－１４歳,00002,全国郡部,1980000000,1980年,人
208182,00700,全域,002,女,003,１０－１４歳,01000,北海道,1980000000,1980年,人
61668,00700,全域,002,女,003,１０－１４歳,02000,青森県,1980000000,1980年,人
53645,00700,全域,002,女,003,１０－１４歳,03000,岩手県,1980000000,1980年,人
73305,00700,全域,002,女,003,１０－１４歳,04000,宮城県,1980000000,1980年,人
42718,00700,全域,002,女,003,１０－１４歳,05000,秋田県,1980000000,1980年,人
41346,00700,全域,002,女,003,１０－１４歳,06000,山形県,1980000000,1980年,人
73780,00700,全域,002,女,003,１０－１４歳,07000,福島県,1980000000,1980年,人
97318,00700,全域,002,女,003,１０－１４歳,08000,茨城県,1980000000,1980年,人
66289,00700,全域,002,女,003,１０－１４歳,09000,栃木県,1980000000,1980年,人
69229,00700,全域,002,女,003,１０－１４歳,10000,群馬県,1980000000,1980年,人
228330,00700,全域,002,女,003,１０－１４歳,11000,埼玉県,1980000000,1980年,人
190133,00700,全域,002,女,003,１０－１４歳,12000,千葉県,1980000000,1980年,人
396103,00700,全域,002,女,003,１０－１４歳,13000,東京都,1980000000,1980年,人
268766,00700,全域,002,女,003,１０－１４歳,14000,神奈川県,1980000000,1980年,人
88585,00700,全域,002,女,003,１０－１４歳,15000,新潟県,1980000000,1980年,人
38830,00700,全域,002,女,003,１０－１４歳,16000,富山県,1980000000,1980年,人
40578,00700,全域,002,女,003,１０－１４歳,17000,石川県,1980000000,1980年,人
28346,00700,全域,002,女,003,１０－１４歳,18000,福井県,1980000000,1980年,人
30554,00700,全域,002,女,003,１０－１４歳,19000,山梨県,1980000000,1980年,人
74457,00700,全域,002,女,003,１０－１４歳,20000,長野県,1980000000,1980年,人
75359,00700,全域,002,女,003,１０－１４歳,21000,岐阜県,1980000000,1980年,人
130543,00700,全域,002,女,003,１０－１４歳,22000,静岡県,1980000000,1980年,人
242594,00700,全域,002,女,003,１０－１４歳,23000,愛知県,1980000000,1980年,人
61913,00700,全域,002,女,003,１０－１４歳,24000,三重県,1980000000,1980年,人
39648,00700,全域,002,女,003,１０－１４歳,25000,滋賀県,1980000000,1980年,人
89792,00700,全域,002,女,003,１０－１４歳,26000,京都府,1980000000,1980年,人
333754,00700,全域,002,女,003,１０－１４歳,27000,大阪府,1980000000,1980年,人
193664,00700,全域,002,女,003,１０－１４歳,28000,兵庫県,1980000000,1980年,人
46172,00700,全域,002,女,003,１０－１４歳,29000,奈良県,1980000000,1980年,人
39656,00700,全域,002,女,003,１０－１４歳,30000,和歌山県,1980000000,1980年,人
19938,00700,全域,002,女,003,１０－１４歳,31000,鳥取県,1980000000,1980年,人
26383,00700,全域,002,女,003,１０－１４歳,32000,島根県,1980000000,1980年,人
65341,00700,全域,002,女,003,１０－１４歳,33000,岡山県,1980000000,1980年,人
99650,00700,全域,002,女,003,１０－１４歳,34000,広島県,1980000000,1980年,人
57001,00700,全域,002,女,003,１０－１４歳,35000,山口県,1980000000,1980年,人
28006,00700,全域,002,女,003,１０－１４歳,36000,徳島県,1980000000,1980年,人
33784,00700,全域,002,女,003,１０－１４歳,37000,香川県,1980000000,1980年,人
53956,00700,全域,002,女,003,１０－１４歳,38000,愛媛県,1980000000,1980年,人
26975,00700,全域,002,女,003,１０－１４歳,39000,高知県,1980000000,1980年,人
162223,00700,全域,002,女,003,１０－１４歳,40000,福岡県,1980000000,1980年,人
32372,00700,全域,002,女,003,１０－１４歳,41000,佐賀県,1980000000,1980年,人
64697,00700,全域,002,女,003,１０－１４歳,42000,長崎県,1980000000,1980年,人
64423,00700,全域,002,女,003,１０－１４歳,43000,熊本県,1980000000,1980年,人
43813,00700,全域,002,女,003,１０－１４歳,44000,大分県,1980000000,1980年,人
42486,00700,全域,002,女,003,１０－１４歳,45000,宮崎県,1980000000,1980年,人
66643,00700,全域,002,女,003,１０－１４歳,46000,鹿児島県,1980000000,1980年,人
51867,00700,全域,002,女,003,１０－１４歳,47000,沖縄県,1980000000,1980年,人
4048560,00700,全域,002,女,004,１５－１９歳,00000,全国,1980000000,1980年,人
3144574,00700,全域,002,女,004,１５－１９歳,00001,全国市部,1980000000,1980年,人
903986,00700,全域,002,女,004,１５－１９歳,00002,全国郡部,1980000000,1980年,人
200572,00700,全域,002,女,004,１５－１９歳,01000,北海道,1980000000,1980年,人
57649,00700,全域,002,女,004,１５－１９歳,02000,青森県,1980000000,1980年,人
48810,00700,全域,002,女,004,１５－１９歳,03000,岩手県,1980000000,1980年,人
73416,00700,全域,002,女,004,１５－１９歳,04000,宮城県,1980000000,1980年,人
42184,00700,全域,002,女,004,１５－１９歳,05000,秋田県,1980000000,1980年,人
40993,00700,全域,002,女,004,１５－１９歳,06000,山形県,1980000000,1980年,人
71411,00700,全域,002,女,004,１５－１９歳,07000,福島県,1980000000,1980年,人
84687,00700,全域,002,女,004,１５－１９歳,08000,茨城県,1980000000,1980年,人
59057,00700,全域,002,女,004,１５－１９歳,09000,栃木県,1980000000,1980年,人
60763,00700,全域,002,女,004,１５－１９歳,10000,群馬県,1980000000,1980年,人
183938,00700,全域,002,女,004,１５－１９歳,11000,埼玉県,1980000000,1980年,人
154415,00700,全域,002,女,004,１５－１９歳,12000,千葉県,1980000000,1980年,人
419335,00700,全域,002,女,004,１５－１９歳,13000,東京都,1980000000,1980年,人
232678,00700,全域,002,女,004,１５－１９歳,14000,神奈川県,1980000000,1980年,人
78760,00700,全域,002,女,004,１５－１９歳,15000,新潟県,1980000000,1980年,人
35175,00700,全域,002,女,004,１５－１９歳,16000,富山県,1980000000,1980年,人
37291,00700,全域,002,女,004,１５－１９歳,17000,石川県,1980000000,1980年,人
26435,00700,全域,002,女,004,１５－１９歳,18000,福井県,1980000000,1980年,人
28764,00700,全域,002,女,004,１５－１９歳,19000,山梨県,1980000000,1980年,人
66045,00700,全域,002,女,004,１５－１９歳,20000,長野県,1980000000,1980年,人
73215,00700,全域,002,女,004,１５－１９歳,21000,岐阜県,1980000000,1980年,人
117117,00700,全域,002,女,004,１５－１９歳,22000,静岡県,1980000000,1980年,人
232340,00700,全域,002,女,004,１５－１９歳,23000,愛知県,1980000000,1980年,人
59345,00700,全域,002,女,004,１５－１９歳,24000,三重県,1980000000,1980年,人
36574,00700,全域,002,女,004,１５－１９歳,25000,滋賀県,1980000000,1980年,人
88209,00700,全域,002,女,004,１５－１９歳,26000,京都府,1980000000,1980年,人
307658,00700,全域,002,女,004,１５－１９歳,27000,大阪府,1980000000,1980年,人
179207,00700,全域,002,女,004,１５－１９歳,28000,兵庫県,1980000000,1980年,人
43683,00700,全域,002,女,004,１５－１９歳,29000,奈良県,1980000000,1980年,人
36260,00700,全域,002,女,004,１５－１９歳,30000,和歌山県,1980000000,1980年,人
19094,00700,全域,002,女,004,１５－１９歳,31000,鳥取県,1980000000,1980年,人
23562,00700,全域,002,女,004,１５－１９歳,32000,島根県,1980000000,1980年,人
62442,00700,全域,002,女,004,１５－１９歳,33000,岡山県,1980000000,1980年,人
86868,00700,全域,002,女,004,１５－１９歳,34000,広島県,1980000000,1980年,人
49962,00700,全域,002,女,004,１５－１９歳,35000,山口県,1980000000,1980年,人
28221,00700,全域,002,女,004,１５－１９歳,36000,徳島県,1980000000,1980年,人
31443,00700,全域,002,女,004,１５－１９歳,37000,香川県,1980000000,1980年,人
50391,00700,全域,002,女,004,１５－１９歳,38000,愛媛県,1980000000,1980年,人
24794,00700,全域,002,女,004,１５－１９歳,39000,高知県,1980000000,1980年,人
155301,00700,全域,002,女,004,１５－１９歳,40000,福岡県,1980000000,1980年,人
31367,00700,全域,002,女,004,１５－１９歳,41000,佐賀県,1980000000,1980年,人
57462,00700,全域,002,女,004,１５－１９歳,42000,長崎県,1980000000,1980年,人
62958,00700,全域,002,女,004,１５－１９歳,43000,熊本県,1980000000,1980年,人
40744,00700,全域,002,女,004,１５－１９歳,44000,大分県,1980000000,1980年,人
38148,00700,全域,002,女,004,１５－１９歳,45000,宮崎県,1980000000,1980年,人
63321,00700,全域,002,女,004,１５－１９歳,46000,鹿児島県,1980000000,1980年,人
46496,00700,全域,002,女,004,１５－１９歳,47000,沖縄県,1980000000,1980年,人
3880910,00700,全域,002,女,005,２０－２４歳,00000,全国,1980000000,1980年,人
3085956,00700,全域,002,女,005,２０－２４歳,00001,全国市部,1980000000,1980年,人
794954,00700,全域,002,女,005,２０－２４歳,00002,全国郡部,1980000000,1980年,人
191405,00700,全域,002,女,005,２０－２４歳,01000,北海道,1980000000,1980年,人
51876,00700,全域,002,女,005,２０－２４歳,02000,青森県,1980000000,1980年,人
41519,00700,全域,002,女,005,２０－２４歳,03000,岩手県,1980000000,1980年,人
76437,00700,全域,002,女,005,２０－２４歳,04000,宮城県,1980000000,1980年,人
38322,00700,全域,002,女,005,２０－２４歳,05000,秋田県,1980000000,1980年,人
37428,00700,全域,002,女,005,２０－２４歳,06000,山形県,1980000000,1980年,人
64588,00700,全域,002,女,005,２０－２４歳,07000,福島県,1980000000,1980年,人
79470,00700,全域,002,女,005,２０－２４歳,08000,茨城県,1980000000,1980年,人
57114,00700,全域,002,女,005,２０－２４歳,09000,栃木県,1980000000,1980年,人
54724,00700,全域,002,女,005,２０－２４歳,10000,群馬県,1980000000,1980年,人
163036,00700,全域,002,女,005,２０－２４歳,11000,埼玉県,1980000000,1980年,人
139409,00700,全域,002,女,005,２０－２４歳,12000,千葉県,1980000000,1980年,人
496485,00700,全域,002,女,005,２０－２４歳,13000,東京都,1980000000,1980年,人
220975,00700,全域,002,女,005,２０－２４歳,14000,神奈川県,1980000000,1980年,人
69093,00700,全域,002,女,005,２０－２４歳,15000,新潟県,1980000000,1980年,人
31473,00700,全域,002,女,005,２０－２４歳,16000,富山県,1980000000,1980年,人
34950,00700,全域,002,女,005,２０－２４歳,17000,石川県,1980000000,1980年,人
23846,00700,全域,002,女,005,２０－２４歳,18000,福井県,1980000000,1980年,人
24902,00700,全域,002,女,005,２０－２４歳,19000,山梨県,1980000000,1980年,人
57620,00700,全域,002,女,005,２０－２４歳,20000,長野県,1980000000,1980年,人
64116,00700,全域,002,女,005,２０－２４歳,21000,岐阜県,1980000000,1980年,人
108074,00700,全域,002,女,005,２０－２４歳,22000,静岡県,1980000000,1980年,人
216029,00700,全域,002,女,005,２０－２４歳,23000,愛知県,1980000000,1980年,人
51245,00700,全域,002,女,005,２０－２４歳,24000,三重県,1980000000,1980年,人
34471,00700,全域,002,女,005,２０－２４歳,25000,滋賀県,1980000000,1980年,人
89714,00700,全域,002,女,005,２０－２４歳,26000,京都府,1980000000,1980年,人
290078,00700,全域,002,女,005,２０－２４歳,27000,大阪府,1980000000,1980年,人
169925,00700,全域,002,女,005,２０－２４歳,28000,兵庫県,1980000000,1980年,人
40637,00700,全域,002,女,005,２０－２４歳,29000,奈良県,1980000000,1980年,人
31690,00700,全域,002,女,005,２０－２４歳,30000,和歌山県,1980000000,1980年,人
17906,00700,全域,002,女,005,２０－２４歳,31000,鳥取県,1980000000,1980年,人
19568,00700,全域,002,女,005,２０－２４歳,32000,島根県,1980000000,1980年,人
58246,00700,全域,002,女,005,２０－２４歳,33000,岡山県,1980000000,1980年,人
84747,00700,全域,002,女,005,２０－２４歳,34000,広島県,1980000000,1980年,人
46717,00700,全域,002,女,005,２０－２４歳,35000,山口県,1980000000,1980年,人
26073,00700,全域,002,女,005,２０－２４歳,36000,徳島県,1980000000,1980年,人
30063,00700,全域,002,女,005,２０－２４歳,37000,香川県,1980000000,1980年,人
46927,00700,全域,002,女,005,２０－２４歳,38000,愛媛県,1980000000,1980年,人
23436,00700,全域,002,女,005,２０－２４歳,39000,高知県,1980000000,1980年,人
162108,00700,全域,002,女,005,２０－２４歳,40000,福岡県,1980000000,1980年,人
29658,00700,全域,002,女,005,２０－２４歳,41000,佐賀県,1980000000,1980年,人
51047,00700,全域,002,女,005,２０－２４歳,42000,長崎県,1980000000,1980年,人
60486,00700,全域,002,女,005,２０－２４歳,43000,熊本県,1980000000,1980年,人
38365,00700,全域,002,女,005,２０－２４歳,44000,大分県,1980000000,1980年,人
37818,00700,全域,002,女,005,２０－２４歳,45000,宮崎県,1980000000,1980年,人
57266,00700,全域,002,女,005,２０－２４歳,46000,鹿児島県,1980000000,1980年,人
39828,00700,全域,002,女,005,２０－２４歳,47000,沖縄県,1980000000,1980年,人
4495887,00700,全域,002,女,006,２５－２９歳,00000,全国,1980000000,1980年,人
3522718,00700,全域,002,女,006,２５－２９歳,00001,全国市部,1980000000,1980年,人
973169,00700,全域,002,女,006,２５－２９歳,00002,全国郡部,1980000000,1980年,人
236955,00700,全域,002,女,006,２５－２９歳,01000,北海道,1980000000,1980年,人
60936,00700,全域,002,女,006,２５－２９歳,02000,青森県,1980000000,1980年,人
53221,00700,全域,002,女,006,２５－２９歳,03000,岩手県,1980000000,1980年,人
86170,00700,全域,002,女,006,２５－２９歳,04000,宮城県,1980000000,1980年,人
48142,00700,全域,002,女,006,２５－２９歳,05000,秋田県,1980000000,1980年,人
46071,00700,全域,002,女,006,２５－２９歳,06000,山形県,1980000000,1980年,人
78955,00700,全域,002,女,006,２５－２９歳,07000,福島県,1980000000,1980年,人
99707,00700,全域,002,女,006,２５－２９歳,08000,茨城県,1980000000,1980年,人
72479,00700,全域,002,女,006,２５－２９歳,09000,栃木県,1980000000,1980年,人
70451,00700,全域,002,女,006,２５－２９歳,10000,群馬県,1980000000,1980年,人
207923,00700,全域,002,女,006,２５－２９歳,11000,埼玉県,1980000000,1980年,人
185971,00700,全域,002,女,006,２５－２９歳,12000,千葉県,1980000000,1980年,人
467380,00700,全域,002,女,006,２５－２９歳,13000,東京都,1980000000,1980年,人
266513,00700,全域,002,女,006,２５－２９歳,14000,神奈川県,1980000000,1980年,人
91352,00700,全域,002,女,006,２５－２９歳,15000,新潟県,1980000000,1980年,人
38613,00700,全域,002,女,006,２５－２９歳,16000,富山県,1980000000,1980年,人
40396,00700,全域,002,女,006,２５－２９歳,17000,石川県,1980000000,1980年,人
28574,00700,全域,002,女,006,２５－２９歳,18000,福井県,1980000000,1980年,人
28359,00700,全域,002,女,006,２５－２９歳,19000,山梨県,1980000000,1980年,人
71080,00700,全域,002,女,006,２５－２９歳,20000,長野県,1980000000,1980年,人
71437,00700,全域,002,女,006,２５－２９歳,21000,岐阜県,1980000000,1980年,人
132399,00700,全域,002,女,006,２５－２９歳,22000,静岡県,1980000000,1980年,人
238153,00700,全域,002,女,006,２５－２９歳,23000,愛知県,1980000000,1980年,人
59210,00700,全域,002,女,006,２５－２９歳,24000,三重県,1980000000,1980年,人
40578,00700,全域,002,女,006,２５－２９歳,25000,滋賀県,1980000000,1980年,人
91976,00700,全域,002,女,006,２５－２９歳,26000,京都府,1980000000,1980年,人
327833,00700,全域,002,女,006,２５－２９歳,27000,大阪府,1980000000,1980年,人
193122,00700,全域,002,女,006,２５－２９歳,28000,兵庫県,1980000000,1980年,人
45642,00700,全域,002,女,006,２５－２９歳,29000,奈良県,1980000000,1980年,人
37692,00700,全域,002,女,006,２５－２９歳,30000,和歌山県,1980000000,1980年,人
21900,00700,全域,002,女,006,２５－２９歳,31000,鳥取県,1980000000,1980年,人
25407,00700,全域,002,女,006,２５－２９歳,32000,島根県,1980000000,1980年,人
64959,00700,全域,002,女,006,２５－２９歳,33000,岡山県,1980000000,1980年,人
101715,00700,全域,002,女,006,２５－２９歳,34000,広島県,1980000000,1980年,人
55854,00700,全域,002,女,006,２５－２９歳,35000,山口県,1980000000,1980年,人
30725,00700,全域,002,女,006,２５－２９歳,36000,徳島県,1980000000,1980年,人
35837,00700,全域,002,女,006,２５－２９歳,37000,香川県,1980000000,1980年,人
55771,00700,全域,002,女,006,２５－２９歳,38000,愛媛県,1980000000,1980年,人
29012,00700,全域,002,女,006,２５－２９歳,39000,高知県,1980000000,1980年,人
186930,00700,全域,002,女,006,２５－２９歳,40000,福岡県,1980000000,1980年,人
33433,00700,全域,002,女,006,２５－２９歳,41000,佐賀県,1980000000,1980年,人
62245,00700,全域,002,女,006,２５－２９歳,42000,長崎県,1980000000,1980年,人
68934,00700,全域,002,女,006,２５－２９歳,43000,熊本県,1980000000,1980年,人
45749,00700,全域,002,女,006,２５－２９歳,44000,大分県,1980000000,1980年,人
45990,00700,全域,002,女,006,２５－２９歳,45000,宮崎県,1980000000,1980年,人
65776,00700,全域,002,女,006,２５－２９歳,46000,鹿児島県,1980000000,1980年,人
48360,00700,全域,002,女,006,２５－２９歳,47000,沖縄県,1980000000,1980年,人
5350186,00700,全域,002,女,007,３０－３４歳,00000,全国,1980000000,1980年,人
4255907,00700,全域,002,女,007,３０－３４歳,00001,全国市部,1980000000,1980年,人
1094279,00700,全域,002,女,007,３０－３４歳,00002,全国郡部,1980000000,1980年,人
267680,00700,全域,002,女,007,３０－３４歳,01000,北海道,1980000000,1980年,人
65440,00700,全域,002,女,007,３０－３４歳,02000,青森県,1980000000,1980年,人
55929,00700,全域,002,女,007,３０－３４歳,03000,岩手県,1980000000,1980年,人
89331,00700,全域,002,女,007,３０－３４歳,04000,宮城県,1980000000,1980年,人
50728,00700,全域,002,女,007,３０－３４歳,05000,秋田県,1980000000,1980年,人
46729,00700,全域,002,女,007,３０－３４歳,06000,山形県,1980000000,1980年,人
77833,00700,全域,002,女,007,３０－３４歳,07000,福島県,1980000000,1980年,人
113980,00700,全域,002,女,007,３０－３４歳,08000,茨城県,1980000000,1980年,人
79505,00700,全域,002,女,007,３０－３４歳,09000,栃木県,1980000000,1980年,人
83302,00700,全域,002,女,007,３０－３４歳,10000,群馬県,1980000000,1980年,人
282260,00700,全域,002,女,007,３０－３４歳,11000,埼玉県,1980000000,1980年,人
243746,00700,全域,002,女,007,３０－３４歳,12000,千葉県,1980000000,1980年,人
540960,00700,全域,002,女,007,３０－３４歳,13000,東京都,1980000000,1980年,人
346417,00700,全域,002,女,007,３０－３４歳,14000,神奈川県,1980000000,1980年,人
100496,00700,全域,002,女,007,３０－３４歳,15000,新潟県,1980000000,1980年,人
50927,00700,全域,002,女,007,３０－３４歳,16000,富山県,1980000000,1980年,人
52492,00700,全域,002,女,007,３０－３４歳,17000,石川県,1980000000,1980年,人
33287,00700,全域,002,女,007,３０－３４歳,18000,福井県,1980000000,1980年,人
31607,00700,全域,002,女,007,３０－３４歳,19000,山梨県,1980000000,1980年,人
83814,00700,全域,002,女,007,３０－３４歳,20000,長野県,1980000000,1980年,人
86581,00700,全域,002,女,007,３０－３４歳,21000,岐阜県,1980000000,1980年,人
157180,00700,全域,002,女,007,３０－３４歳,22000,静岡県,1980000000,1980年,人
301410,00700,全域,002,女,007,３０－３４歳,23000,愛知県,1980000000,1980年,人
72362,00700,全域,002,女,007,３０－３４歳,24000,三重県,1980000000,1980年,人
49120,00700,全域,002,女,007,３０－３４歳,25000,滋賀県,1980000000,1980年,人
120612,00700,全域,002,女,007,３０－３４歳,26000,京都府,1980000000,1980年,人
423242,00700,全域,002,女,007,３０－３４歳,27000,大阪府,1980000000,1980年,人
239917,00700,全域,002,女,007,３０－３４歳,28000,兵庫県,1980000000,1980年,人
58017,00700,全域,002,女,007,３０－３４歳,29000,奈良県,1980000000,1980年,人
46058,00700,全域,002,女,007,３０－３４歳,30000,和歌山県,1980000000,1980年,人
24352,00700,全域,002,女,007,３０－３４歳,31000,鳥取県,1980000000,1980年,人
29854,00700,全域,002,女,007,３０－３４歳,32000,島根県,1980000000,1980年,人
81442,00700,全域,002,女,007,３０－３４歳,33000,岡山県,1980000000,1980年,人
127274,00700,全域,002,女,007,３０－３４歳,34000,広島県,1980000000,1980年,人
69247,00700,全域,002,女,007,３０－３４歳,35000,山口県,1980000000,1980年,人
34302,00700,全域,002,女,007,３０－３４歳,36000,徳島県,1980000000,1980年,人
45395,00700,全域,002,女,007,３０－３４歳,37000,香川県,1980000000,1980年,人
64878,00700,全域,002,女,007,３０－３４歳,38000,愛媛県,1980000000,1980年,人
35279,00700,全域,002,女,007,３０－３４歳,39000,高知県,1980000000,1980年,人
212726,00700,全域,002,女,007,３０－３４歳,40000,福岡県,1980000000,1980年,人
33619,00700,全域,002,女,007,３０－３４歳,41000,佐賀県,1980000000,1980年,人
64108,00700,全域,002,女,007,３０－３４歳,42000,長崎県,1980000000,1980年,人
71168,00700,全域,002,女,007,３０－３４歳,43000,熊本県,1980000000,1980年,人
51788,00700,全域,002,女,007,３０－３４歳,44000,大分県,1980000000,1980年,人
48508,00700,全域,002,女,007,３０－３４歳,45000,宮崎県,1980000000,1980年,人
63765,00700,全域,002,女,007,３０－３４歳,46000,鹿児島県,1980000000,1980年,人
41519,00700,全域,002,女,007,３０－３４歳,47000,沖縄県,1980000000,1980年,人
4606865,00700,全域,002,女,008,３５－３９歳,00000,全国,1980000000,1980年,人
3669643,00700,全域,002,女,008,３５－３９歳,00001,全国市部,1980000000,1980年,人
937222,00700,全域,002,女,008,３５－３９歳,00002,全国郡部,1980000000,1980年,人
220272,00700,全域,002,女,008,３５－３９歳,01000,北海道,1980000000,1980年,人
54810,00700,全域,002,女,008,３５－３９歳,02000,青森県,1980000000,1980年,人
49751,00700,全域,002,女,008,３５－３９歳,03000,岩手県,1980000000,1980年,人
73003,00700,全域,002,女,008,３５－３９歳,04000,宮城県,1980000000,1980年,人
42627,00700,全域,002,女,008,３５－３９歳,05000,秋田県,1980000000,1980年,人
39487,00700,全域,002,女,008,３５－３９歳,06000,山形県,1980000000,1980年,人
65177,00700,全域,002,女,008,３５－３９歳,07000,福島県,1980000000,1980年,人
95385,00700,全域,002,女,008,３５－３９歳,08000,茨城県,1980000000,1980年,人
63775,00700,全域,002,女,008,３５－３９歳,09000,栃木県,1980000000,1980年,人
69309,00700,全域,002,女,008,３５－３９歳,10000,群馬県,1980000000,1980年,人
254926,00700,全域,002,女,008,３５－３９歳,11000,埼玉県,1980000000,1980年,人
215673,00700,全域,002,女,008,３５－３９歳,12000,千葉県,1980000000,1980年,人
476078,00700,全域,002,女,008,３５－３９歳,13000,東京都,1980000000,1980年,人
311184,00700,全域,002,女,008,３５－３９歳,14000,神奈川県,1980000000,1980年,人
82740,00700,全域,002,女,008,３５－３９歳,15000,新潟県,1980000000,1980年,人
42229,00700,全域,002,女,008,３５－３９歳,16000,富山県,1980000000,1980年,人
42169,00700,全域,002,女,008,３５－３９歳,17000,石川県,1980000000,1980年,人
27916,00700,全域,002,女,008,３５－３９歳,18000,福井県,1980000000,1980年,人
28111,00700,全域,002,女,008,３５－３９歳,19000,山梨県,1980000000,1980年,人
74881,00700,全域,002,女,008,３５－３９歳,20000,長野県,1980000000,1980年,人
75368,00700,全域,002,女,008,３５－３９歳,21000,岐阜県,1980000000,1980年,人
137057,00700,全域,002,女,008,３５－３９歳,22000,静岡県,1980000000,1980年,人
261286,00700,全域,002,女,008,３５－３９歳,23000,愛知県,1980000000,1980年,人
64343,00700,全域,002,女,008,３５－３９歳,24000,三重県,1980000000,1980年,人
40476,00700,全域,002,女,008,３５－３９歳,25000,滋賀県,1980000000,1980年,人
100987,00700,全域,002,女,008,３５－３９歳,26000,京都府,1980000000,1980年,人
379413,00700,全域,002,女,008,３５－３９歳,27000,大阪府,1980000000,1980年,人
210728,00700,全域,002,女,008,３５－３９歳,28000,兵庫県,1980000000,1980年,人
51433,00700,全域,002,女,008,３５－３９歳,29000,奈良県,1980000000,1980年,人
41084,00700,全域,002,女,008,３５－３９歳,30000,和歌山県,1980000000,1980年,人
19909,00700,全域,002,女,008,３５－３９歳,31000,鳥取県,1980000000,1980年,人
25114,00700,全域,002,女,008,３５－３９歳,32000,島根県,1980000000,1980年,人
70382,00700,全域,002,女,008,３５－３９歳,33000,岡山県,1980000000,1980年,人
109387,00700,全域,002,女,008,３５－３９歳,34000,広島県,1980000000,1980年,人
59611,00700,全域,002,女,008,３５－３９歳,35000,山口県,1980000000,1980年,人
27827,00700,全域,002,女,008,３５－３９歳,36000,徳島県,1980000000,1980年,人
36003,00700,全域,002,女,008,３５－３９歳,37000,香川県,1980000000,1980年,人
53951,00700,全域,002,女,008,３５－３９歳,38000,愛媛県,1980000000,1980年,人
29583,00700,全域,002,女,008,３５－３９歳,39000,高知県,1980000000,1980年,人
174135,00700,全域,002,女,008,３５－３９歳,40000,福岡県,1980000000,1980年,人
28261,00700,全域,002,女,008,３５－３９歳,41000,佐賀県,1980000000,1980年,人
52704,00700,全域,002,女,008,３５－３９歳,42000,長崎県,1980000000,1980年,人
59544,00700,全域,002,女,008,３５－３９歳,43000,熊本県,1980000000,1980年,人
43836,00700,全域,002,女,008,３５－３９歳,44000,大分県,1980000000,1980年,人
38752,00700,全域,002,女,008,３５－３９歳,45000,宮崎県,1980000000,1980年,人
53683,00700,全域,002,女,008,３５－３９歳,46000,鹿児島県,1980000000,1980年,人
32505,00700,全域,002,女,008,３５－３９歳,47000,沖縄県,1980000000,1980年,人
4178510,00700,全域,002,女,009,４０－４４歳,00000,全国,1980000000,1980年,人
3245503,00700,全域,002,女,009,４０－４４歳,00001,全国市部,1980000000,1980年,人
933007,00700,全域,002,女,009,４０－４４歳,00002,全国郡部,1980000000,1980年,人
205548,00700,全域,002,女,009,４０－４４歳,01000,北海道,1980000000,1980年,人
55904,00700,全域,002,女,009,４０－４４歳,02000,青森県,1980000000,1980年,人
53412,00700,全域,002,女,009,４０－４４歳,03000,岩手県,1980000000,1980年,人
72851,00700,全域,002,女,009,４０－４４歳,04000,宮城県,1980000000,1980年,人
47925,00700,全域,002,女,009,４０－４４歳,05000,秋田県,1980000000,1980年,人
43606,00700,全域,002,女,009,４０－４４歳,06000,山形県,1980000000,1980年,人
67947,00700,全域,002,女,009,４０－４４歳,07000,福島県,1980000000,1980年,人
83674,00700,全域,002,女,009,４０－４４歳,08000,茨城県,1980000000,1980年,人
57972,00700,全域,002,女,009,４０－４４歳,09000,栃木県,1980000000,1980年,人
61653,00700,全域,002,女,009,４０－４４歳,10000,群馬県,1980000000,1980年,人
204312,00700,全域,002,女,009,４０－４４歳,11000,埼玉県,1980000000,1980年,人
175140,00700,全域,002,女,009,４０－４４歳,12000,千葉県,1980000000,1980年,人
433436,00700,全域,002,女,009,４０－４４歳,13000,東京都,1980000000,1980年,人
260372,00700,全域,002,女,009,４０－４４歳,14000,神奈川県,1980000000,1980年,人
84716,00700,全域,002,女,009,４０－４４歳,15000,新潟県,1980000000,1980年,人
38519,00700,全域,002,女,009,４０－４４歳,16000,富山県,1980000000,1980年,人
36627,00700,全域,002,女,009,４０－４４歳,17000,石川県,1980000000,1980年,人
26411,00700,全域,002,女,009,４０－４４歳,18000,福井県,1980000000,1980年,人
26648,00700,全域,002,女,009,４０－４４歳,19000,山梨県,1980000000,1980年,人
70041,00700,全域,002,女,009,４０－４４歳,20000,長野県,1980000000,1980年,人
70077,00700,全域,002,女,009,４０－４４歳,21000,岐阜県,1980000000,1980年,人
123150,00700,全域,002,女,009,４０－４４歳,22000,静岡県,1980000000,1980年,人
222704,00700,全域,002,女,009,４０－４４歳,23000,愛知県,1980000000,1980年,人
59796,00700,全域,002,女,009,４０－４４歳,24000,三重県,1980000000,1980年,人
35084,00700,全域,002,女,009,４０－４４歳,25000,滋賀県,1980000000,1980年,人
86299,00700,全域,002,女,009,４０－４４歳,26000,京都府,1980000000,1980年,人
323117,00700,全域,002,女,009,４０－４４歳,27000,大阪府,1980000000,1980年,人
183535,00700,全域,002,女,009,４０－４４歳,28000,兵庫県,1980000000,1980年,人
42706,00700,全域,002,女,009,４０－４４歳,29000,奈良県,1980000000,1980年,人
37702,00700,全域,002,女,009,４０－４４歳,30000,和歌山県,1980000000,1980年,人
20201,00700,全域,002,女,009,４０－４４歳,31000,鳥取県,1980000000,1980年,人
26327,00700,全域,002,女,009,４０－４４歳,32000,島根県,1980000000,1980年,人
63118,00700,全域,002,女,009,４０－４４歳,33000,岡山県,1980000000,1980年,人
93376,00700,全域,002,女,009,４０－４４歳,34000,広島県,1980000000,1980年,人
56510,00700,全域,002,女,009,４０－４４歳,35000,山口県,1980000000,1980年,人
28171,00700,全域,002,女,009,４０－４４歳,36000,徳島県,1980000000,1980年,人
33628,00700,全域,002,女,009,４０－４４歳,37000,香川県,1980000000,1980年,人
52340,00700,全域,002,女,009,４０－４４歳,38000,愛媛県,1980000000,1980年,人
28003,00700,全域,002,女,009,４０－４４歳,39000,高知県,1980000000,1980年,人
162882,00700,全域,002,女,009,４０－４４歳,40000,福岡県,1980000000,1980年,人
28577,00700,全域,002,女,009,４０－４４歳,41000,佐賀県,1980000000,1980年,人
53985,00700,全域,002,女,009,４０－４４歳,42000,長崎県,1980000000,1980年,人
62380,00700,全域,002,女,009,４０－４４歳,43000,熊本県,1980000000,1980年,人
42983,00700,全域,002,女,009,４０－４４歳,44000,大分県,1980000000,1980年,人
40006,00700,全域,002,女,009,４０－４４歳,45000,宮崎県,1980000000,1980年,人
59276,00700,全域,002,女,009,４０－４４歳,46000,鹿児島県,1980000000,1980年,人
35863,00700,全域,002,女,009,４０－４４歳,47000,沖縄県,1980000000,1980年,人
4057241,00700,全域,002,女,010,４５－４９歳,00000,全国,1980000000,1980年,人
3050169,00700,全域,002,女,010,４５－４９歳,00001,全国市部,1980000000,1980年,人
1007072,00700,全域,002,女,010,４５－４９歳,00002,全国郡部,1980000000,1980年,人
196417,00700,全域,002,女,010,４５－４９歳,01000,北海道,1980000000,1980年,人
58158,00700,全域,002,女,010,４５－４９歳,02000,青森県,1980000000,1980年,人
56777,00700,全域,002,女,010,４５－４９歳,03000,岩手県,1980000000,1980年,人
74635,00700,全域,002,女,010,４５－４９歳,04000,宮城県,1980000000,1980年,人
52261,00700,全域,002,女,010,４５－４９歳,05000,秋田県,1980000000,1980年,人
48904,00700,全域,002,女,010,４５－４９歳,06000,山形県,1980000000,1980年,人
75570,00700,全域,002,女,010,４５－４９歳,07000,福島県,1980000000,1980年,人
80393,00700,全域,002,女,010,４５－４９歳,08000,茨城県,1980000000,1980年,人
59046,00700,全域,002,女,010,４５－４９歳,09000,栃木県,1980000000,1980年,人
62192,00700,全域,002,女,010,４５－４９歳,10000,群馬県,1980000000,1980年,人
162708,00700,全域,002,女,010,４５－４９歳,11000,埼玉県,1980000000,1980年,人
148256,00700,全域,002,女,010,４５－４９歳,12000,千葉県,1980000000,1980年,人
406663,00700,全域,002,女,010,４５－４９歳,13000,東京都,1980000000,1980年,人
227310,00700,全域,002,女,010,４５－４９歳,14000,神奈川県,1980000000,1980年,人
89624,00700,全域,002,女,010,４５－４９歳,15000,新潟県,1980000000,1980年,人
40641,00700,全域,002,女,010,４５－４９歳,16000,富山県,1980000000,1980年,人
38367,00700,全域,002,女,010,４５－４９歳,17000,石川県,1980000000,1980年,人
28680,00700,全域,002,女,010,４５－４９歳,18000,福井県,1980000000,1980年,人
27662,00700,全域,002,女,010,４５－４９歳,19000,山梨県,1980000000,1980年,人
74729,00700,全域,002,女,010,４５－４９歳,20000,長野県,1980000000,1980年,人
68423,00700,全域,002,女,010,４５－４９歳,21000,岐阜県,1980000000,1980年,人
118541,00700,全域,002,女,010,４５－４９歳,22000,静岡県,1980000000,1980年,人
200017,00700,全域,002,女,010,４５－４９歳,23000,愛知県,1980000000,1980年,人
60103,00700,全域,002,女,010,４５－４９歳,24000,三重県,1980000000,1980年,人
34800,00700,全域,002,女,010,４５－４９歳,25000,滋賀県,1980000000,1980年,人
83036,00700,全域,002,女,010,４５－４９歳,26000,京都府,1980000000,1980年,人
284792,00700,全域,002,女,010,４５－４９歳,27000,大阪府,1980000000,1980年,人
179930,00700,全域,002,女,010,４５－４９歳,28000,兵庫県,1980000000,1980年,人
39646,00700,全域,002,女,010,４５－４９歳,29000,奈良県,1980000000,1980年,人
39803,00700,全域,002,女,010,４５－４９歳,30000,和歌山県,1980000000,1980年,人
22531,00700,全域,002,女,010,４５－４９歳,31000,鳥取県,1980000000,1980年,人
30989,00700,全域,002,女,010,４５－４９歳,32000,島根県,1980000000,1980年,人
67181,00700,全域,002,女,010,４５－４９歳,33000,岡山県,1980000000,1980年,人
94125,00700,全域,002,女,010,４５－４９歳,34000,広島県,1980000000,1980年,人
60453,00700,全域,002,女,010,４５－４９歳,35000,山口県,1980000000,1980年,人
31510,00700,全域,002,女,010,４５－４９歳,36000,徳島県,1980000000,1980年,人
36674,00700,全域,002,女,010,４５－４９歳,37000,香川県,1980000000,1980年,人
55777,00700,全域,002,女,010,４５－４９歳,38000,愛媛県,1980000000,1980年,人
31624,00700,全域,002,女,010,４５－４９歳,39000,高知県,1980000000,1980年,人
162420,00700,全域,002,女,010,４５－４９歳,40000,福岡県,1980000000,1980年,人
31236,00700,全域,002,女,010,４５－４９歳,41000,佐賀県,1980000000,1980年,人
57309,00700,全域,002,女,010,４５－４９歳,42000,長崎県,1980000000,1980年,人
67384,00700,全域,002,女,010,４５－４９歳,43000,熊本県,1980000000,1980年,人
46639,00700,全域,002,女,010,４５－４９歳,44000,大分県,1980000000,1980年,人
42972,00700,全域,002,女,010,４５－４９歳,45000,宮崎県,1980000000,1980年,人
67462,00700,全域,002,女,010,４５－４９歳,46000,鹿児島県,1980000000,1980年,人
32871,00700,全域,002,女,010,４５－４９歳,47000,沖縄県,1980000000,1980年,人
3653059,00700,全域,002,女,011,５０－５４歳,00000,全国,1980000000,1980年,人
2647464,00700,全域,002,女,011,５０－５４歳,00001,全国市部,1980000000,1980年,人
1005595,00700,全域,002,女,011,５０－５４歳,00002,全国郡部,1980000000,1980年,人
173230,00700,全域,002,女,011,５０－５４歳,01000,北海道,1980000000,1980年,人
50589,00700,全域,002,女,011,５０－５４歳,02000,青森県,1980000000,1980年,人
52999,00700,全域,002,女,011,５０－５４歳,03000,岩手県,1980000000,1980年,人
69173,00700,全域,002,女,011,５０－５４歳,04000,宮城県,1980000000,1980年,人
50411,00700,全域,002,女,011,５０－５４歳,05000,秋田県,1980000000,1980年,人
50799,00700,全域,002,女,011,５０－５４歳,06000,山形県,1980000000,1980年,人
74988,00700,全域,002,女,011,５０－５４歳,07000,福島県,1980000000,1980年,人
78230,00700,全域,002,女,011,５０－５４歳,08000,茨城県,1980000000,1980年,人
57964,00700,全域,002,女,011,５０－５４歳,09000,栃木県,1980000000,1980年,人
59900,00700,全域,002,女,011,５０－５４歳,10000,群馬県,1980000000,1980年,人
128763,00700,全域,002,女,011,５０－５４歳,11000,埼玉県,1980000000,1980年,人
121248,00700,全域,002,女,011,５０－５４歳,12000,千葉県,1980000000,1980年,人
342147,00700,全域,002,女,011,５０－５４歳,13000,東京都,1980000000,1980年,人
183532,00700,全域,002,女,011,５０－５４歳,14000,神奈川県,1980000000,1980年,人
88145,00700,全域,002,女,011,５０－５４歳,15000,新潟県,1980000000,1980年,人
38547,00700,全域,002,女,011,５０－５４歳,16000,富山県,1980000000,1980年,人
36455,00700,全域,002,女,011,５０－５４歳,17000,石川県,1980000000,1980年,人
27848,00700,全域,002,女,011,５０－５４歳,18000,福井県,1980000000,1980年,人
27198,00700,全域,002,女,011,５０－５４歳,19000,山梨県,1980000000,1980年,人
77208,00700,全域,002,女,011,５０－５４歳,20000,長野県,1980000000,1980年,人
63206,00700,全域,002,女,011,５０－５４歳,21000,岐阜県,1980000000,1980年,人
107154,00700,全域,002,女,011,５０－５４歳,22000,静岡県,1980000000,1980年,人
167145,00700,全域,002,女,011,５０－５４歳,23000,愛知県,1980000000,1980年,人
56837,00700,全域,002,女,011,５０－５４歳,24000,三重県,1980000000,1980年,人
32981,00700,全域,002,女,011,５０－５４歳,25000,滋賀県,1980000000,1980年,人
74953,00700,全域,002,女,011,５０－５４歳,26000,京都府,1980000000,1980年,人
231564,00700,全域,002,女,011,５０－５４歳,27000,大阪府,1980000000,1980年,人
158807,00700,全域,002,女,011,５０－５４歳,28000,兵庫県,1980000000,1980年,人
35739,00700,全域,002,女,011,５０－５４歳,29000,奈良県,1980000000,1980年,人
37984,00700,全域,002,女,011,５０－５４歳,30000,和歌山県,1980000000,1980年,人
22831,00700,全域,002,女,011,５０－５４歳,31000,鳥取県,1980000000,1980年,人
31257,00700,全域,002,女,011,５０－５４歳,32000,島根県,1980000000,1980年,人
63049,00700,全域,002,女,011,５０－５４歳,33000,岡山県,1980000000,1980年,人
88176,00700,全域,002,女,011,５０－５４歳,34000,広島県,1980000000,1980年,人
56810,00700,全域,002,女,011,５０－５４歳,35000,山口県,1980000000,1980年,人
31494,00700,全域,002,女,011,５０－５４歳,36000,徳島県,1980000000,1980年,人
35571,00700,全域,002,女,011,５０－５４歳,37000,香川県,1980000000,1980年,人
55087,00700,全域,002,女,011,５０－５４歳,38000,愛媛県,1980000000,1980年,人
32119,00700,全域,002,女,011,５０－５４歳,39000,高知県,1980000000,1980年,人
146874,00700,全域,002,女,011,５０－５４歳,40000,福岡県,1980000000,1980年,人
30604,00700,全域,002,女,011,５０－５４歳,41000,佐賀県,1980000000,1980年,人
55306,00700,全域,002,女,011,５０－５４歳,42000,長崎県,1980000000,1980年,人
64866,00700,全域,002,女,011,５０－５４歳,43000,熊本県,1980000000,1980年,人
45221,00700,全域,002,女,011,５０－５４歳,44000,大分県,1980000000,1980年,人
41075,00700,全域,002,女,011,５０－５４歳,45000,宮崎県,1980000000,1980年,人
68471,00700,全域,002,女,011,５０－５４歳,46000,鹿児島県,1980000000,1980年,人
28504,00700,全域,002,女,011,５０－５４歳,47000,沖縄県,1980000000,1980年,人
3102126,00700,全域,002,女,012,５５－５９歳,00000,全国,1980000000,1980年,人
2207585,00700,全域,002,女,012,５５－５９歳,00001,全国市部,1980000000,1980年,人
894541,00700,全域,002,女,012,５５－５９歳,00002,全国郡部,1980000000,1980年,人
146934,00700,全域,002,女,012,５５－５９歳,01000,北海道,1980000000,1980年,人
41829,00700,全域,002,女,012,５５－５９歳,02000,青森県,1980000000,1980年,人
43947,00700,全域,002,女,012,５５－５９歳,03000,岩手県,1980000000,1980年,人
57427,00700,全域,002,女,012,５５－５９歳,04000,宮城県,1980000000,1980年,人
41771,00700,全域,002,女,012,５５－５９歳,05000,秋田県,1980000000,1980年,人
44223,00700,全域,002,女,012,５５－５９歳,06000,山形県,1980000000,1980年,人
64545,00700,全域,002,女,012,５５－５９歳,07000,福島県,1980000000,1980年,人
69733,00700,全域,002,女,012,５５－５９歳,08000,茨城県,1980000000,1980年,人
51305,00700,全域,002,女,012,５５－５９歳,09000,栃木県,1980000000,1980年,人
52897,00700,全域,002,女,012,５５－５９歳,10000,群馬県,1980000000,1980年,人
106043,00700,全域,002,女,012,５５－５９歳,11000,埼玉県,1980000000,1980年,人
98727,00700,全域,002,女,012,５５－５９歳,12000,千葉県,1980000000,1980年,人
278834,00700,全域,002,女,012,５５－５９歳,13000,東京都,1980000000,1980年,人
144842,00700,全域,002,女,012,５５－５９歳,14000,神奈川県,1980000000,1980年,人
78806,00700,全域,002,女,012,５５－５９歳,15000,新潟県,1980000000,1980年,人
33018,00700,全域,002,女,012,５５－５９歳,16000,富山県,1980000000,1980年,人
31968,00700,全域,002,女,012,５５－５９歳,17000,石川県,1980000000,1980年,人
24730,00700,全域,002,女,012,５５－５９歳,18000,福井県,1980000000,1980年,人
24962,00700,全域,002,女,012,５５－５９歳,19000,山梨県,1980000000,1980年,人
68902,00700,全域,002,女,012,５５－５９歳,20000,長野県,1980000000,1980年,人
53899,00700,全域,002,女,012,５５－５９歳,21000,岐阜県,1980000000,1980年,人
90914,00700,全域,002,女,012,５５－５９歳,22000,静岡県,1980000000,1980年,人
137653,00700,全域,002,女,012,５５－５９歳,23000,愛知県,1980000000,1980年,人
49060,00700,全域,002,女,012,５５－５９歳,24000,三重県,1980000000,1980年,人
29048,00700,全域,002,女,012,５５－５９歳,25000,滋賀県,1980000000,1980年,人
65930,00700,全域,002,女,012,５５－５９歳,26000,京都府,1980000000,1980年,人
185596,00700,全域,002,女,012,５５－５９歳,27000,大阪府,1980000000,1980年,人
133357,00700,全域,002,女,012,５５－５９歳,28000,兵庫県,1980000000,1980年,人
30293,00700,全域,002,女,012,５５－５９歳,29000,奈良県,1980000000,1980年,人
33760,00700,全域,002,女,012,５５－５９歳,30000,和歌山県,1980000000,1980年,人
20855,00700,全域,002,女,012,５５－５９歳,31000,鳥取県,1980000000,1980年,人
28014,00700,全域,002,女,012,５５－５９歳,32000,島根県,1980000000,1980年,人
54698,00700,全域,002,女,012,５５－５９歳,33000,岡山県,1980000000,1980年,人
76634,00700,全域,002,女,012,５５－５９歳,34000,広島県,1980000000,1980年,人
50720,00700,全域,002,女,012,５５－５９歳,35000,山口県,1980000000,1980年,人
26224,00700,全域,002,女,012,５５－５９歳,36000,徳島県,1980000000,1980年,人
31066,00700,全域,002,女,012,５５－５９歳,37000,香川県,1980000000,1980年,人
47723,00700,全域,002,女,012,５５－５９歳,38000,愛媛県,1980000000,1980年,人
28677,00700,全域,002,女,012,５５－５９歳,39000,高知県,1980000000,1980年,人
126659,00700,全域,002,女,012,５５－５９歳,40000,福岡県,1980000000,1980年,人
27188,00700,全域,002,女,012,５５－５９歳,41000,佐賀県,1980000000,1980年,人
49519,00700,全域,002,女,012,５５－５９歳,42000,長崎県,1980000000,1980年,人
58061,00700,全域,002,女,012,５５－５９歳,43000,熊本県,1980000000,1980年,人
40151,00700,全域,002,女,012,５５－５９歳,44000,大分県,1980000000,1980年,人
35121,00700,全域,002,女,012,５５－５９歳,45000,宮崎県,1980000000,1980年,人
62673,00700,全域,002,女,012,５５－５９歳,46000,鹿児島県,1980000000,1980年,人
23190,00700,全域,002,女,012,５５－５９歳,47000,沖縄県,1980000000,1980年,人
2519317,00700,全域,002,女,013,６０－６４歳,00000,全国,1980000000,1980年,人
1778593,00700,全域,002,女,013,６０－６４歳,00001,全国市部,1980000000,1980年,人
740724,00700,全域,002,女,013,６０－６４歳,00002,全国郡部,1980000000,1980年,人
116332,00700,全域,002,女,013,６０－６４歳,01000,北海道,1980000000,1980年,人
33447,00700,全域,002,女,013,６０－６４歳,02000,青森県,1980000000,1980年,人
35770,00700,全域,002,女,013,６０－６４歳,03000,岩手県,1980000000,1980年,人
44753,00700,全域,002,女,013,６０－６４歳,04000,宮城県,1980000000,1980年,人
33558,00700,全域,002,女,013,６０－６４歳,05000,秋田県,1980000000,1980年,人
33993,00700,全域,002,女,013,６０－６４歳,06000,山形県,1980000000,1980年,人
50849,00700,全域,002,女,013,６０－６４歳,07000,福島県,1980000000,1980年,人
56842,00700,全域,002,女,013,６０－６４歳,08000,茨城県,1980000000,1980年,人
41032,00700,全域,002,女,013,６０－６４歳,09000,栃木県,1980000000,1980年,人
43756,00700,全域,002,女,013,６０－６４歳,10000,群馬県,1980000000,1980年,人
87097,00700,全域,002,女,013,６０－６４歳,11000,埼玉県,1980000000,1980年,人
80748,00700,全域,002,女,013,６０－６４歳,12000,千葉県,1980000000,1980年,人
221404,00700,全域,002,女,013,６０－６４歳,13000,東京都,1980000000,1980年,人
114622,00700,全域,002,女,013,６０－６４歳,14000,神奈川県,1980000000,1980年,人
64089,00700,全域,002,女,013,６０－６４歳,15000,新潟県,1980000000,1980年,人
28177,00700,全域,002,女,013,６０－６４歳,16000,富山県,1980000000,1980年,人
26990,00700,全域,002,女,013,６０－６４歳,17000,石川県,1980000000,1980年,人
20627,00700,全域,002,女,013,６０－６４歳,18000,福井県,1980000000,1980年,人
21282,00700,全域,002,女,013,６０－６４歳,19000,山梨県,1980000000,1980年,人
56959,00700,全域,002,女,013,６０－６４歳,20000,長野県,1980000000,1980年,人
43623,00700,全域,002,女,013,６０－６４歳,21000,岐阜県,1980000000,1980年,人
73764,00700,全域,002,女,013,６０－６４歳,22000,静岡県,1980000000,1980年,人
112478,00700,全域,002,女,013,６０－６４歳,23000,愛知県,1980000000,1980年,人
40435,00700,全域,002,女,013,６０－６４歳,24000,三重県,1980000000,1980年,人
24640,00700,全域,002,女,013,６０－６４歳,25000,滋賀県,1980000000,1980年,人
56835,00700,全域,002,女,013,６０－６４歳,26000,京都府,1980000000,1980年,人
150687,00700,全域,002,女,013,６０－６４歳,27000,大阪府,1980000000,1980年,人
108642,00700,全域,002,女,013,６０－６４歳,28000,兵庫県,1980000000,1980年,人
25538,00700,全域,002,女,013,６０－６４歳,29000,奈良県,1980000000,1980年,人
28037,00700,全域,002,女,013,６０－６４歳,30000,和歌山県,1980000000,1980年,人
16896,00700,全域,002,女,013,６０－６４歳,31000,鳥取県,1980000000,1980年,人
23469,00700,全域,002,女,013,６０－６４歳,32000,島根県,1980000000,1980年,人
45946,00700,全域,002,女,013,６０－６４歳,33000,岡山県,1980000000,1980年,人
62633,00700,全域,002,女,013,６０－６４歳,34000,広島県,1980000000,1980年,人
41775,00700,全域,002,女,013,６０－６４歳,35000,山口県,1980000000,1980年,人
21580,00700,全域,002,女,013,６０－６４歳,36000,徳島県,1980000000,1980年,人
25820,00700,全域,002,女,013,６０－６４歳,37000,香川県,1980000000,1980年,人
38019,00700,全域,002,女,013,６０－６４歳,38000,愛媛県,1980000000,1980年,人
23291,00700,全域,002,女,013,６０－６４歳,39000,高知県,1980000000,1980年,人
100557,00700,全域,002,女,013,６０－６４歳,40000,福岡県,1980000000,1980年,人
22208,00700,全域,002,女,013,６０－６４歳,41000,佐賀県,1980000000,1980年,人
39824,00700,全域,002,女,013,６０－６４歳,42000,長崎県,1980000000,1980年,人
47323,00700,全域,002,女,013,６０－６４歳,43000,熊本県,1980000000,1980年,人
32089,00700,全域,002,女,013,６０－６４歳,44000,大分県,1980000000,1980年,人
28826,00700,全域,002,女,013,６０－６４歳,45000,宮崎県,1980000000,1980年,人
52248,00700,全域,002,女,013,６０－６４歳,46000,鹿児島県,1980000000,1980年,人
19807,00700,全域,002,女,013,６０－６４歳,47000,沖縄県,1980000000,1980年,人
2221022,00700,全域,002,女,014,６５－６９歳,00000,全国,1980000000,1980年,人
1554276,00700,全域,002,女,014,６５－６９歳,00001,全国市部,1980000000,1980年,人
666746,00700,全域,002,女,014,６５－６９歳,00002,全国郡部,1980000000,1980年,人
94160,00700,全域,002,女,014,６５－６９歳,01000,北海道,1980000000,1980年,人
28654,00700,全域,002,女,014,６５－６９歳,02000,青森県,1980000000,1980年,人
30080,00700,全域,002,女,014,６５－６９歳,03000,岩手県,1980000000,1980年,人
38667,00700,全域,002,女,014,６５－６９歳,04000,宮城県,1980000000,1980年,人
28351,00700,全域,002,女,014,６５－６９歳,05000,秋田県,1980000000,1980年,人
30600,00700,全域,002,女,014,６５－６９歳,06000,山形県,1980000000,1980年,人
44269,00700,全域,002,女,014,６５－６９歳,07000,福島県,1980000000,1980年,人
49968,00700,全域,002,女,014,６５－６９歳,08000,茨城県,1980000000,1980年,人
35301,00700,全域,002,女,014,６５－６９歳,09000,栃木県,1980000000,1980年,人
38242,00700,全域,002,女,014,６５－６９歳,10000,群馬県,1980000000,1980年,人
75123,00700,全域,002,女,014,６５－６９歳,11000,埼玉県,1980000000,1980年,人
71268,00700,全域,002,女,014,６５－６９歳,12000,千葉県,1980000000,1980年,人
188037,00700,全域,002,女,014,６５－６９歳,13000,東京都,1980000000,1980年,人
95847,00700,全域,002,女,014,６５－６９歳,14000,神奈川県,1980000000,1980年,人
57914,00700,全域,002,女,014,６５－６９歳,15000,新潟県,1980000000,1980年,人
26544,00700,全域,002,女,014,６５－６９歳,16000,富山県,1980000000,1980年,人
25248,00700,全域,002,女,014,６５－６９歳,17000,石川県,1980000000,1980年,人
18919,00700,全域,002,女,014,６５－６９歳,18000,福井県,1980000000,1980年,人
18837,00700,全域,002,女,014,６５－６９歳,19000,山梨県,1980000000,1980年,人
50935,00700,全域,002,女,014,６５－６９歳,20000,長野県,1980000000,1980年,人
39153,00700,全域,002,女,014,６５－６９歳,21000,岐阜県,1980000000,1980年,人
64521,00700,全域,002,女,014,６５－６９歳,22000,静岡県,1980000000,1980年,人
100059,00700,全域,002,女,014,６５－６９歳,23000,愛知県,1980000000,1980年,人
38107,00700,全域,002,女,014,６５－６９歳,24000,三重県,1980000000,1980年,人
22852,00700,全域,002,女,014,６５－６９歳,25000,滋賀県,1980000000,1980年,人
53597,00700,全域,002,女,014,６５－６９歳,26000,京都府,1980000000,1980年,人
135710,00700,全域,002,女,014,６５－６９歳,27000,大阪府,1980000000,1980年,人
98494,00700,全域,002,女,014,６５－６９歳,28000,兵庫県,1980000000,1980年,人
23736,00700,全域,002,女,014,６５－６９歳,29000,奈良県,1980000000,1980年,人
26092,00700,全域,002,女,014,６５－６９歳,30000,和歌山県,1980000000,1980年,人
14914,00700,全域,002,女,014,６５－６９歳,31000,鳥取県,1980000000,1980年,人
20943,00700,全域,002,女,014,６５－６９歳,32000,島根県,1980000000,1980年,人
42951,00700,全域,002,女,014,６５－６９歳,33000,岡山県,1980000000,1980年,人
56088,00700,全域,002,女,014,６５－６９歳,34000,広島県,1980000000,1980年,人
37284,00700,全域,002,女,014,６５－６９歳,35000,山口県,1980000000,1980年,人
20082,00700,全域,002,女,014,６５－６９歳,36000,徳島県,1980000000,1980年,人
24007,00700,全域,002,女,014,６５－６９歳,37000,香川県,1980000000,1980年,人
34271,00700,全域,002,女,014,６５－６９歳,38000,愛媛県,1980000000,1980年,人
20867,00700,全域,002,女,014,６５－６９歳,39000,高知県,1980000000,1980年,人
88370,00700,全域,002,女,014,６５－６９歳,40000,福岡県,1980000000,1980年,人
20651,00700,全域,002,女,014,６５－６９歳,41000,佐賀県,1980000000,1980年,人
34030,00700,全域,002,女,014,６５－６９歳,42000,長崎県,1980000000,1980年,人
40839,00700,全域,002,女,014,６５－６９歳,43000,熊本県,1980000000,1980年,人
29195,00700,全域,002,女,014,６５－６９歳,44000,大分県,1980000000,1980年,人
24740,00700,全域,002,女,014,６５－６９歳,45000,宮崎県,1980000000,1980年,人
45798,00700,全域,002,女,014,６５－６９歳,46000,鹿児島県,1980000000,1980年,人
16707,00700,全域,002,女,014,６５－６９歳,47000,沖縄県,1980000000,1980年,人
1705316,00700,全域,002,女,015,７０－７４歳,00000,全国,1980000000,1980年,人
1178130,00700,全域,002,女,015,７０－７４歳,00001,全国市部,1980000000,1980年,人
527186,00700,全域,002,女,015,７０－７４歳,00002,全国郡部,1980000000,1980年,人
69525,00700,全域,002,女,015,７０－７４歳,01000,北海道,1980000000,1980年,人
22194,00700,全域,002,女,015,７０－７４歳,02000,青森県,1980000000,1980年,人
22911,00700,全域,002,女,015,７０－７４歳,03000,岩手県,1980000000,1980年,人
28928,00700,全域,002,女,015,７０－７４歳,04000,宮城県,1980000000,1980年,人
21786,00700,全域,002,女,015,７０－７４歳,05000,秋田県,1980000000,1980年,人
24222,00700,全域,002,女,015,７０－７４歳,06000,山形県,1980000000,1980年,人
34368,00700,全域,002,女,015,７０－７４歳,07000,福島県,1980000000,1980年,人
37204,00700,全域,002,女,015,７０－７４歳,08000,茨城県,1980000000,1980年,人
25832,00700,全域,002,女,015,７０－７４歳,09000,栃木県,1980000000,1980年,人
28735,00700,全域,002,女,015,７０－７４歳,10000,群馬県,1980000000,1980年,人
52700,00700,全域,002,女,015,７０－７４歳,11000,埼玉県,1980000000,1980年,人
52029,00700,全域,002,女,015,７０－７４歳,12000,千葉県,1980000000,1980年,人
141412,00700,全域,002,女,015,７０－７４歳,13000,東京都,1980000000,1980年,人
69029,00700,全域,002,女,015,７０－７４歳,14000,神奈川県,1980000000,1980年,人
46463,00700,全域,002,女,015,７０－７４歳,15000,新潟県,1980000000,1980年,人
20686,00700,全域,002,女,015,７０－７４歳,16000,富山県,1980000000,1980年,人
19494,00700,全域,002,女,015,７０－７４歳,17000,石川県,1980000000,1980年,人
14664,00700,全域,002,女,015,７０－７４歳,18000,福井県,1980000000,1980年,人
15007,00700,全域,002,女,015,７０－７４歳,19000,山梨県,1980000000,1980年,人
40788,00700,全域,002,女,015,７０－７４歳,20000,長野県,1980000000,1980年,人
29561,00700,全域,002,女,015,７０－７４歳,21000,岐阜県,1980000000,1980年,人
48698,00700,全域,002,女,015,７０－７４歳,22000,静岡県,1980000000,1980年,人
73095,00700,全域,002,女,015,７０－７４歳,23000,愛知県,1980000000,1980年,人
29934,00700,全域,002,女,015,７０－７４歳,24000,三重県,1980000000,1980年,人
17574,00700,全域,002,女,015,７０－７４歳,25000,滋賀県,1980000000,1980年,人
42393,00700,全域,002,女,015,７０－７４歳,26000,京都府,1980000000,1980年,人
102803,00700,全域,002,女,015,７０－７４歳,27000,大阪府,1980000000,1980年,人
77270,00700,全域,002,女,015,７０－７４歳,28000,兵庫県,1980000000,1980年,人
18731,00700,全域,002,女,015,７０－７４歳,29000,奈良県,1980000000,1980年,人
21233,00700,全域,002,女,015,７０－７４歳,30000,和歌山県,1980000000,1980年,人
11931,00700,全域,002,女,015,７０－７４歳,31000,鳥取県,1980000000,1980年,人
16806,00700,全域,002,女,015,７０－７４歳,32000,島根県,1980000000,1980年,人
34986,00700,全域,002,女,015,７０－７４歳,33000,岡山県,1980000000,1980年,人
43810,00700,全域,002,女,015,７０－７４歳,34000,広島県,1980000000,1980年,人
29418,00700,全域,002,女,015,７０－７４歳,35000,山口県,1980000000,1980年,人
16004,00700,全域,002,女,015,７０－７４歳,36000,徳島県,1980000000,1980年,人
18990,00700,全域,002,女,015,７０－７４歳,37000,香川県,1980000000,1980年,人
27731,00700,全域,002,女,015,７０－７４歳,38000,愛媛県,1980000000,1980年,人
16621,00700,全域,002,女,015,７０－７４歳,39000,高知県,1980000000,1980年,人
68524,00700,全域,002,女,015,７０－７４歳,40000,福岡県,1980000000,1980年,人
16620,00700,全域,002,女,015,７０－７４歳,41000,佐賀県,1980000000,1980年,人
27817,00700,全域,002,女,015,７０－７４歳,42000,長崎県,1980000000,1980年,人
33880,00700,全域,002,女,015,７０－７４歳,43000,熊本県,1980000000,1980年,人
22845,00700,全域,002,女,015,７０－７４歳,44000,大分県,1980000000,1980年,人
19258,00700,全域,002,女,015,７０－７４歳,45000,宮崎県,1980000000,1980年,人
36928,00700,全域,002,女,015,７０－７４歳,46000,鹿児島県,1980000000,1980年,人
13878,00700,全域,002,女,015,７０－７４歳,47000,沖縄県,1980000000,1980年,人
1187971,00700,全域,002,女,016,７５－７９歳,00000,全国,1980000000,1980年,人
806753,00700,全域,002,女,016,７５－７９歳,00001,全国市部,1980000000,1980年,人
381218,00700,全域,002,女,016,７５－７９歳,00002,全国郡部,1980000000,1980年,人
46893,00700,全域,002,女,016,７５－７９歳,01000,北海道,1980000000,1980年,人
15251,00700,全域,002,女,016,７５－７９歳,02000,青森県,1980000000,1980年,人
16025,00700,全域,002,女,016,７５－７９歳,03000,岩手県,1980000000,1980年,人
19930,00700,全域,002,女,016,７５－７９歳,04000,宮城県,1980000000,1980年,人
15198,00700,全域,002,女,016,７５－７９歳,05000,秋田県,1980000000,1980年,人
17672,00700,全域,002,女,016,７５－７９歳,06000,山形県,1980000000,1980年,人
24403,00700,全域,002,女,016,７５－７９歳,07000,福島県,1980000000,1980年,人
25882,00700,全域,002,女,016,７５－７９歳,08000,茨城県,1980000000,1980年,人
18952,00700,全域,002,女,016,７５－７９歳,09000,栃木県,1980000000,1980年,人
21022,00700,全域,002,女,016,７５－７９歳,10000,群馬県,1980000000,1980年,人
34852,00700,全域,002,女,016,７５－７９歳,11000,埼玉県,1980000000,1980年,人
36479,00700,全域,002,女,016,７５－７９歳,12000,千葉県,1980000000,1980年,人
96847,00700,全域,002,女,016,７５－７９歳,13000,東京都,1980000000,1980年,人
46720,00700,全域,002,女,016,７５－７９歳,14000,神奈川県,1980000000,1980年,人
31061,00700,全域,002,女,016,７５－７９歳,15000,新潟県,1980000000,1980年,人
14033,00700,全域,002,女,016,７５－７９歳,16000,富山県,1980000000,1980年,人
13345,00700,全域,002,女,016,７５－７９歳,17000,石川県,1980000000,1980年,人
10328,00700,全域,002,女,016,７５－７９歳,18000,福井県,1980000000,1980年,人
10725,00700,全域,002,女,016,７５－７９歳,19000,山梨県,1980000000,1980年,人
29372,00700,全域,002,女,016,７５－７９歳,20000,長野県,1980000000,1980年,人
20516,00700,全域,002,女,016,７５－７９歳,21000,岐阜県,1980000000,1980年,人
34669,00700,全域,002,女,016,７５－７９歳,22000,静岡県,1980000000,1980年,人
48893,00700,全域,002,女,016,７５－７９歳,23000,愛知県,1980000000,1980年,人
21657,00700,全域,002,女,016,７５－７９歳,24000,三重県,1980000000,1980年,人
12379,00700,全域,002,女,016,７５－７９歳,25000,滋賀県,1980000000,1980年,人
29126,00700,全域,002,女,016,７５－７９歳,26000,京都府,1980000000,1980年,人
67093,00700,全域,002,女,016,７５－７９歳,27000,大阪府,1980000000,1980年,人
53288,00700,全域,002,女,016,７５－７９歳,28000,兵庫県,1980000000,1980年,人
12783,00700,全域,002,女,016,７５－７９歳,29000,奈良県,1980000000,1980年,人
14773,00700,全域,002,女,016,７５－７９歳,30000,和歌山県,1980000000,1980年,人
8615,00700,全域,002,女,016,７５－７９歳,31000,鳥取県,1980000000,1980年,人
12306,00700,全域,002,女,016,７５－７９歳,32000,島根県,1980000000,1980年,人
26101,00700,全域,002,女,016,７５－７９歳,33000,岡山県,1980000000,1980年,人
31189,00700,全域,002,女,016,７５－７９歳,34000,広島県,1980000000,1980年,人
20760,00700,全域,002,女,016,７５－７９歳,35000,山口県,1980000000,1980年,人
11305,00700,全域,002,女,016,７５－７９歳,36000,徳島県,1980000000,1980年,人
13210,00700,全域,002,女,016,７５－７９歳,37000,香川県,1980000000,1980年,人
19820,00700,全域,002,女,016,７５－７９歳,38000,愛媛県,1980000000,1980年,人
13116,00700,全域,002,女,016,７５－７９歳,39000,高知県,1980000000,1980年,人
48010,00700,全域,002,女,016,７５－７９歳,40000,福岡県,1980000000,1980年,人
12061,00700,全域,002,女,016,７５－７９歳,41000,佐賀県,1980000000,1980年,人
19875,00700,全域,002,女,016,７５－７９歳,42000,長崎県,1980000000,1980年,人
24137,00700,全域,002,女,016,７５－７９歳,43000,熊本県,1980000000,1980年,人
16217,00700,全域,002,女,016,７５－７９歳,44000,大分県,1980000000,1980年,人
13767,00700,全域,002,女,016,７５－７９歳,45000,宮崎県,1980000000,1980年,人
26514,00700,全域,002,女,016,７５－７９歳,46000,鹿児島県,1980000000,1980年,人
10801,00700,全域,002,女,016,７５－７９歳,47000,沖縄県,1980000000,1980年,人
675928,00700,全域,002,女,017,８０－８４歳,00000,全国,1980000000,1980年,人
448515,00700,全域,002,女,017,８０－８４歳,00001,全国市部,1980000000,1980年,人
227413,00700,全域,002,女,017,８０－８４歳,00002,全国郡部,1980000000,1980年,人
25470,00700,全域,002,女,017,８０－８４歳,01000,北海道,1980000000,1980年,人
8328,00700,全域,002,女,017,８０－８４歳,02000,青森県,1980000000,1980年,人
8796,00700,全域,002,女,017,８０－８４歳,03000,岩手県,1980000000,1980年,人
11086,00700,全域,002,女,017,８０－８４歳,04000,宮城県,1980000000,1980年,人
8051,00700,全域,002,女,017,８０－８４歳,05000,秋田県,1980000000,1980年,人
9043,00700,全域,002,女,017,８０－８４歳,06000,山形県,1980000000,1980年,人
13620,00700,全域,002,女,017,８０－８４歳,07000,福島県,1980000000,1980年,人
15100,00700,全域,002,女,017,８０－８４歳,08000,茨城県,1980000000,1980年,人
10589,00700,全域,002,女,017,８０－８４歳,09000,栃木県,1980000000,1980年,人
11270,00700,全域,002,女,017,８０－８４歳,10000,群馬県,1980000000,1980年,人
18848,00700,全域,002,女,017,８０－８４歳,11000,埼玉県,1980000000,1980年,人
20884,00700,全域,002,女,017,８０－８４歳,12000,千葉県,1980000000,1980年,人
53411,00700,全域,002,女,017,８０－８４歳,13000,東京都,1980000000,1980年,人
25773,00700,全域,002,女,017,８０－８４歳,14000,神奈川県,1980000000,1980年,人
15862,00700,全域,002,女,017,８０－８４歳,15000,新潟県,1980000000,1980年,人
7202,00700,全域,002,女,017,８０－８４歳,16000,富山県,1980000000,1980年,人
7042,00700,全域,002,女,017,８０－８４歳,17000,石川県,1980000000,1980年,人
5741,00700,全域,002,女,017,８０－８４歳,18000,福井県,1980000000,1980年,人
5893,00700,全域,002,女,017,８０－８４歳,19000,山梨県,1980000000,1980年,人
16361,00700,全域,002,女,017,８０－８４歳,20000,長野県,1980000000,1980年,人
11360,00700,全域,002,女,017,８０－８４歳,21000,岐阜県,1980000000,1980年,人
20476,00700,全域,002,女,017,８０－８４歳,22000,静岡県,1980000000,1980年,人
26469,00700,全域,002,女,017,８０－８４歳,23000,愛知県,1980000000,1980年,人
12237,00700,全域,002,女,017,８０－８４歳,24000,三重県,1980000000,1980年,人
6876,00700,全域,002,女,017,８０－８４歳,25000,滋賀県,1980000000,1980年,人
16300,00700,全域,002,女,017,８０－８４歳,26000,京都府,1980000000,1980年,人
35328,00700,全域,002,女,017,８０－８４歳,27000,大阪府,1980000000,1980年,人
30321,00700,全域,002,女,017,８０－８４歳,28000,兵庫県,1980000000,1980年,人
7178,00700,全域,002,女,017,８０－８４歳,29000,奈良県,1980000000,1980年,人
8606,00700,全域,002,女,017,８０－８４歳,30000,和歌山県,1980000000,1980年,人
5539,00700,全域,002,女,017,８０－８４歳,31000,鳥取県,1980000000,1980年,人
7831,00700,全域,002,女,017,８０－８４歳,32000,島根県,1980000000,1980年,人
15821,00700,全域,002,女,017,８０－８４歳,33000,岡山県,1980000000,1980年,人
19306,00700,全域,002,女,017,８０－８４歳,34000,広島県,1980000000,1980年,人
12632,00700,全域,002,女,017,８０－８４歳,35000,山口県,1980000000,1980年,人
6591,00700,全域,002,女,017,８０－８４歳,36000,徳島県,1980000000,1980年,人
8223,00700,全域,002,女,017,８０－８４歳,37000,香川県,1980000000,1980年,人
12236,00700,全域,002,女,017,８０－８４歳,38000,愛媛県,1980000000,1980年,人
8677,00700,全域,002,女,017,８０－８４歳,39000,高知県,1980000000,1980年,人
29165,00700,全域,002,女,017,８０－８４歳,40000,福岡県,1980000000,1980年,人
7333,00700,全域,002,女,017,８０－８４歳,41000,佐賀県,1980000000,1980年,人
12021,00700,全域,002,女,017,８０－８４歳,42000,長崎県,1980000000,1980年,人
15670,00700,全域,002,女,017,８０－８４歳,43000,熊本県,1980000000,1980年,人
9955,00700,全域,002,女,017,８０－８４歳,44000,大分県,1980000000,1980年,人
8225,00700,全域,002,女,017,８０－８４歳,45000,宮崎県,1980000000,1980年,人
16176,00700,全域,002,女,017,８０－８４歳,46000,鹿児島県,1980000000,1980年,人
7006,00700,全域,002,女,017,８０－８４歳,47000,沖縄県,1980000000,1980年,人
271258,00700,全域,002,女,018,８５－８９歳,00000,全国,1980000000,1980年,人
176037,00700,全域,002,女,018,８５－８９歳,00001,全国市部,1980000000,1980年,人
95221,00700,全域,002,女,018,８５－８９歳,00002,全国郡部,1980000000,1980年,人
9760,00700,全域,002,女,018,８５－８９歳,01000,北海道,1980000000,1980年,人
3190,00700,全域,002,女,018,８５－８９歳,02000,青森県,1980000000,1980年,人
3497,00700,全域,002,女,018,８５－８９歳,03000,岩手県,1980000000,1980年,人
4746,00700,全域,002,女,018,８５－８９歳,04000,宮城県,1980000000,1980年,人
2847,00700,全域,002,女,018,８５－８９歳,05000,秋田県,1980000000,1980年,人
3501,00700,全域,002,女,018,８５－８９歳,06000,山形県,1980000000,1980年,人
5687,00700,全域,002,女,018,８５－８９歳,07000,福島県,1980000000,1980年,人
6255,00700,全域,002,女,018,８５－８９歳,08000,茨城県,1980000000,1980年,人
4295,00700,全域,002,女,018,８５－８９歳,09000,栃木県,1980000000,1980年,人
4420,00700,全域,002,女,018,８５－８９歳,10000,群馬県,1980000000,1980年,人
7238,00700,全域,002,女,018,８５－８９歳,11000,埼玉県,1980000000,1980年,人
7892,00700,全域,002,女,018,８５－８９歳,12000,千葉県,1980000000,1980年,人
20458,00700,全域,002,女,018,８５－８９歳,13000,東京都,1980000000,1980年,人
9944,00700,全域,002,女,018,８５－８９歳,14000,神奈川県,1980000000,1980年,人
6438,00700,全域,002,女,018,８５－８９歳,15000,新潟県,1980000000,1980年,人
2770,00700,全域,002,女,018,８５－８９歳,16000,富山県,1980000000,1980年,人
2833,00700,全域,002,女,018,８５－８９歳,17000,石川県,1980000000,1980年,人
2585,00700,全域,002,女,018,８５－８９歳,18000,福井県,1980000000,1980年,人
2594,00700,全域,002,女,018,８５－８９歳,19000,山梨県,1980000000,1980年,人
6363,00700,全域,002,女,018,８５－８９歳,20000,長野県,1980000000,1980年,人
4571,00700,全域,002,女,018,８５－８９歳,21000,岐阜県,1980000000,1980年,人
8679,00700,全域,002,女,018,８５－８９歳,22000,静岡県,1980000000,1980年,人
10572,00700,全域,002,女,018,８５－８９歳,23000,愛知県,1980000000,1980年,人
4989,00700,全域,002,女,018,８５－８９歳,24000,三重県,1980000000,1980年,人
2792,00700,全域,002,女,018,８５－８９歳,25000,滋賀県,1980000000,1980年,人
6398,00700,全域,002,女,018,８５－８９歳,26000,京都府,1980000000,1980年,人
12637,00700,全域,002,女,018,８５－８９歳,27000,大阪府,1980000000,1980年,人
11764,00700,全域,002,女,018,８５－８９歳,28000,兵庫県,1980000000,1980年,人
2901,00700,全域,002,女,018,８５－８９歳,29000,奈良県,1980000000,1980年,人
3389,00700,全域,002,女,018,８５－８９歳,30000,和歌山県,1980000000,1980年,人
2222,00700,全域,002,女,018,８５－８９歳,31000,鳥取県,1980000000,1980年,人
3434,00700,全域,002,女,018,８５－８９歳,32000,島根県,1980000000,1980年,人
6227,00700,全域,002,女,018,８５－８９歳,33000,岡山県,1980000000,1980年,人
7935,00700,全域,002,女,018,８５－８９歳,34000,広島県,1980000000,1980年,人
5317,00700,全域,002,女,018,８５－８９歳,35000,山口県,1980000000,1980年,人
2512,00700,全域,002,女,018,８５－８９歳,36000,徳島県,1980000000,1980年,人
3388,00700,全域,002,女,018,８５－８９歳,37000,香川県,1980000000,1980年,人
5206,00700,全域,002,女,018,８５－８９歳,38000,愛媛県,1980000000,1980年,人
3578,00700,全域,002,女,018,８５－８９歳,39000,高知県,1980000000,1980年,人
11979,00700,全域,002,女,018,８５－８９歳,40000,福岡県,1980000000,1980年,人
3121,00700,全域,002,女,018,８５－８９歳,41000,佐賀県,1980000000,1980年,人
4843,00700,全域,002,女,018,８５－８９歳,42000,長崎県,1980000000,1980年,人
6684,00700,全域,002,女,018,８５－８９歳,43000,熊本県,1980000000,1980年,人
4083,00700,全域,002,女,018,８５－８９歳,44000,大分県,1980000000,1980年,人
3487,00700,全域,002,女,018,８５－８９歳,45000,宮崎県,1980000000,1980年,人
7218,00700,全域,002,女,018,８５－８９歳,46000,鹿児島県,1980000000,1980年,人
4019,00700,全域,002,女,018,８５－８９歳,47000,沖縄県,1980000000,1980年,人
75123,00700,全域,002,女,019,９０－９４歳,00000,全国,1980000000,1980年,人
48007,00700,全域,002,女,019,９０－９４歳,00001,全国市部,1980000000,1980年,人
27116,00700,全域,002,女,019,９０－９４歳,00002,全国郡部,1980000000,1980年,人
2779,00700,全域,002,女,019,９０－９４歳,01000,北海道,1980000000,1980年,人
778,00700,全域,002,女,019,９０－９４歳,02000,青森県,1980000000,1980年,人
880,00700,全域,002,女,019,９０－９４歳,03000,岩手県,1980000000,1980年,人
1272,00700,全域,002,女,019,９０－９４歳,04000,宮城県,1980000000,1980年,人
602,00700,全域,002,女,019,９０－９４歳,05000,秋田県,1980000000,1980年,人
842,00700,全域,002,女,019,９０－９４歳,06000,山形県,1980000000,1980年,人
1493,00700,全域,002,女,019,９０－９４歳,07000,福島県,1980000000,1980年,人
1718,00700,全域,002,女,019,９０－９４歳,08000,茨城県,1980000000,1980年,人
1189,00700,全域,002,女,019,９０－９４歳,09000,栃木県,1980000000,1980年,人
1132,00700,全域,002,女,019,９０－９４歳,10000,群馬県,1980000000,1980年,人
1884,00700,全域,002,女,019,９０－９４歳,11000,埼玉県,1980000000,1980年,人
2327,00700,全域,002,女,019,９０－９４歳,12000,千葉県,1980000000,1980年,人
5409,00700,全域,002,女,019,９０－９４歳,13000,東京都,1980000000,1980年,人
2775,00700,全域,002,女,019,９０－９４歳,14000,神奈川県,1980000000,1980年,人
1736,00700,全域,002,女,019,９０－９４歳,15000,新潟県,1980000000,1980年,人
798,00700,全域,002,女,019,９０－９４歳,16000,富山県,1980000000,1980年,人
812,00700,全域,002,女,019,９０－９４歳,17000,石川県,1980000000,1980年,人
633,00700,全域,002,女,019,９０－９４歳,18000,福井県,1980000000,1980年,人
865,00700,全域,002,女,019,９０－９４歳,19000,山梨県,1980000000,1980年,人
1734,00700,全域,002,女,019,９０－９４歳,20000,長野県,1980000000,1980年,人
1279,00700,全域,002,女,019,９０－９４歳,21000,岐阜県,1980000000,1980年,人
2405,00700,全域,002,女,019,９０－９４歳,22000,静岡県,1980000000,1980年,人
2820,00700,全域,002,女,019,９０－９４歳,23000,愛知県,1980000000,1980年,人
1379,00700,全域,002,女,019,９０－９４歳,24000,三重県,1980000000,1980年,人
766,00700,全域,002,女,019,９０－９４歳,25000,滋賀県,1980000000,1980年,人
1746,00700,全域,002,女,019,９０－９４歳,26000,京都府,1980000000,1980年,人
3202,00700,全域,002,女,019,９０－９４歳,27000,大阪府,1980000000,1980年,人
3273,00700,全域,002,女,019,９０－９４歳,28000,兵庫県,1980000000,1980年,人
806,00700,全域,002,女,019,９０－９４歳,29000,奈良県,1980000000,1980年,人
914,00700,全域,002,女,019,９０－９４歳,30000,和歌山県,1980000000,1980年,人
718,00700,全域,002,女,019,９０－９４歳,31000,鳥取県,1980000000,1980年,人
1032,00700,全域,002,女,019,９０－９４歳,32000,島根県,1980000000,1980年,人
1764,00700,全域,002,女,019,９０－９４歳,33000,岡山県,1980000000,1980年,人
2483,00700,全域,002,女,019,９０－９４歳,34000,広島県,1980000000,1980年,人
1458,00700,全域,002,女,019,９０－９４歳,35000,山口県,1980000000,1980年,人
826,00700,全域,002,女,019,９０－９４歳,36000,徳島県,1980000000,1980年,人
1028,00700,全域,002,女,019,９０－９４歳,37000,香川県,1980000000,1980年,人
1552,00700,全域,002,女,019,９０－９４歳,38000,愛媛県,1980000000,1980年,人
1160,00700,全域,002,女,019,９０－９４歳,39000,高知県,1980000000,1980年,人
3155,00700,全域,002,女,019,９０－９４歳,40000,福岡県,1980000000,1980年,人
813,00700,全域,002,女,019,９０－９４歳,41000,佐賀県,1980000000,1980年,人
1300,00700,全域,002,女,019,９０－９４歳,42000,長崎県,1980000000,1980年,人
1793,00700,全域,002,女,019,９０－９４歳,43000,熊本県,1980000000,1980年,人
1114,00700,全域,002,女,019,９０－９４歳,44000,大分県,1980000000,1980年,人
888,00700,全域,002,女,019,９０－９４歳,45000,宮崎県,1980000000,1980年,人
2254,00700,全域,002,女,019,９０－９４歳,46000,鹿児島県,1980000000,1980年,人
1537,00700,全域,002,女,019,９０－９４歳,47000,沖縄県,1980000000,1980年,人
10217,00700,全域,002,女,020,９５－９９歳,00000,全国,1980000000,1980年,人
6502,00700,全域,002,女,020,９５－９９歳,00001,全国市部,1980000000,1980年,人
3715,00700,全域,002,女,020,９５－９９歳,00002,全国郡部,1980000000,1980年,人
403,00700,全域,002,女,020,９５－９９歳,01000,北海道,1980000000,1980年,人
110,00700,全域,002,女,020,９５－９９歳,02000,青森県,1980000000,1980年,人
108,00700,全域,002,女,020,９５－９９歳,03000,岩手県,1980000000,1980年,人
150,00700,全域,002,女,020,９５－９９歳,04000,宮城県,1980000000,1980年,人
66,00700,全域,002,女,020,９５－９９歳,05000,秋田県,1980000000,1980年,人
84,00700,全域,002,女,020,９５－９９歳,06000,山形県,1980000000,1980年,人
169,00700,全域,002,女,020,９５－９９歳,07000,福島県,1980000000,1980年,人
195,00700,全域,002,女,020,９５－９９歳,08000,茨城県,1980000000,1980年,人
123,00700,全域,002,女,020,９５－９９歳,09000,栃木県,1980000000,1980年,人
171,00700,全域,002,女,020,９５－９９歳,10000,群馬県,1980000000,1980年,人
207,00700,全域,002,女,020,９５－９９歳,11000,埼玉県,1980000000,1980年,人
267,00700,全域,002,女,020,９５－９９歳,12000,千葉県,1980000000,1980年,人
723,00700,全域,002,女,020,９５－９９歳,13000,東京都,1980000000,1980年,人
363,00700,全域,002,女,020,９５－９９歳,14000,神奈川県,1980000000,1980年,人
222,00700,全域,002,女,020,９５－９９歳,15000,新潟県,1980000000,1980年,人
118,00700,全域,002,女,020,９５－９９歳,16000,富山県,1980000000,1980年,人
129,00700,全域,002,女,020,９５－９９歳,17000,石川県,1980000000,1980年,人
87,00700,全域,002,女,020,９５－９９歳,18000,福井県,1980000000,1980年,人
131,00700,全域,002,女,020,９５－９９歳,19000,山梨県,1980000000,1980年,人
201,00700,全域,002,女,020,９５－９９歳,20000,長野県,1980000000,1980年,人
156,00700,全域,002,女,020,９５－９９歳,21000,岐阜県,1980000000,1980年,人
303,00700,全域,002,女,020,９５－９９歳,22000,静岡県,1980000000,1980年,人
411,00700,全域,002,女,020,９５－９９歳,23000,愛知県,1980000000,1980年,人
201,00700,全域,002,女,020,９５－９９歳,24000,三重県,1980000000,1980年,人
101,00700,全域,002,女,020,９５－９９歳,25000,滋賀県,1980000000,1980年,人
237,00700,全域,002,女,020,９５－９９歳,26000,京都府,1980000000,1980年,人
396,00700,全域,002,女,020,９５－９９歳,27000,大阪府,1980000000,1980年,人
397,00700,全域,002,女,020,９５－９９歳,28000,兵庫県,1980000000,1980年,人
122,00700,全域,002,女,020,９５－９９歳,29000,奈良県,1980000000,1980年,人
138,00700,全域,002,女,020,９５－９９歳,30000,和歌山県,1980000000,1980年,人
109,00700,全域,002,女,020,９５－９９歳,31000,鳥取県,1980000000,1980年,人
170,00700,全域,002,女,020,９５－９９歳,32000,島根県,1980000000,1980年,人
268,00700,全域,002,女,020,９５－９９歳,33000,岡山県,1980000000,1980年,人
355,00700,全域,002,女,020,９５－９９歳,34000,広島県,1980000000,1980年,人
199,00700,全域,002,女,020,９５－９９歳,35000,山口県,1980000000,1980年,人
127,00700,全域,002,女,020,９５－９９歳,36000,徳島県,1980000000,1980年,人
160,00700,全域,002,女,020,９５－９９歳,37000,香川県,1980000000,1980年,人
281,00700,全域,002,女,020,９５－９９歳,38000,愛媛県,1980000000,1980年,人
147,00700,全域,002,女,020,９５－９９歳,39000,高知県,1980000000,1980年,人
462,00700,全域,002,女,020,９５－９９歳,40000,福岡県,1980000000,1980年,人
117,00700,全域,002,女,020,９５－９９歳,41000,佐賀県,1980000000,1980年,人
174,00700,全域,002,女,020,９５－９９歳,42000,長崎県,1980000000,1980年,人
254,00700,全域,002,女,020,９５－９９歳,43000,熊本県,1980000000,1980年,人
141,00700,全域,002,女,020,９５－９９歳,44000,大分県,1980000000,1980年,人
107,00700,全域,002,女,020,９５－９９歳,45000,宮崎県,1980000000,1980年,人
359,00700,全域,002,女,020,９５－９９歳,46000,鹿児島県,1980000000,1980年,人
298,00700,全域,002,女,020,９５－９９歳,47000,沖縄県,1980000000,1980年,人
813,00700,全域,002,女,021,１００歳以上,00000,全国,1980000000,1980年,人
507,00700,全域,002,女,021,１００歳以上,00001,全国市部,1980000000,1980年,人
306,00700,全域,002,女,021,１００歳以上,00002,全国郡部,1980000000,1980年,人
34,00700,全域,002,女,021,１００歳以上,01000,北海道,1980000000,1980年,人
4,00700,全域,002,女,021,１００歳以上,02000,青森県,1980000000,1980年,人
3,00700,全域,002,女,021,１００歳以上,03000,岩手県,1980000000,1980年,人
17,00700,全域,002,女,021,１００歳以上,04000,宮城県,1980000000,1980年,人
4,00700,全域,002,女,021,１００歳以上,05000,秋田県,1980000000,1980年,人
6,00700,全域,002,女,021,１００歳以上,06000,山形県,1980000000,1980年,人
8,00700,全域,002,女,021,１００歳以上,07000,福島県,1980000000,1980年,人
19,00700,全域,002,女,021,１００歳以上,08000,茨城県,1980000000,1980年,人
6,00700,全域,002,女,021,１００歳以上,09000,栃木県,1980000000,1980年,人
6,00700,全域,002,女,021,１００歳以上,10000,群馬県,1980000000,1980年,人
8,00700,全域,002,女,021,１００歳以上,11000,埼玉県,1980000000,1980年,人
25,00700,全域,002,女,021,１００歳以上,12000,千葉県,1980000000,1980年,人
65,00700,全域,002,女,021,１００歳以上,13000,東京都,1980000000,1980年,人
21,00700,全域,002,女,021,１００歳以上,14000,神奈川県,1980000000,1980年,人
16,00700,全域,002,女,021,１００歳以上,15000,新潟県,1980000000,1980年,人
8,00700,全域,002,女,021,１００歳以上,16000,富山県,1980000000,1980年,人
12,00700,全域,002,女,021,１００歳以上,17000,石川県,1980000000,1980年,人
8,00700,全域,002,女,021,１００歳以上,18000,福井県,1980000000,1980年,人
6,00700,全域,002,女,021,１００歳以上,19000,山梨県,1980000000,1980年,人
23,00700,全域,002,女,021,１００歳以上,20000,長野県,1980000000,1980年,人
7,00700,全域,002,女,021,１００歳以上,21000,岐阜県,1980000000,1980年,人
23,00700,全域,002,女,021,１００歳以上,22000,静岡県,1980000000,1980年,人
32,00700,全域,002,女,021,１００歳以上,23000,愛知県,1980000000,1980年,人
13,00700,全域,002,女,021,１００歳以上,24000,三重県,1980000000,1980年,人
10,00700,全域,002,女,021,１００歳以上,25000,滋賀県,1980000000,1980年,人
15,00700,全域,002,女,021,１００歳以上,26000,京都府,1980000000,1980年,人
32,00700,全域,002,女,021,１００歳以上,27000,大阪府,1980000000,1980年,人
33,00700,全域,002,女,021,１００歳以上,28000,兵庫県,1980000000,1980年,人
5,00700,全域,002,女,021,１００歳以上,29000,奈良県,1980000000,1980年,人
12,00700,全域,002,女,021,１００歳以上,30000,和歌山県,1980000000,1980年,人
8,00700,全域,002,女,021,１００歳以上,31000,鳥取県,1980000000,1980年,人
6,00700,全域,002,女,021,１００歳以上,32000,島根県,1980000000,1980年,人
20,00700,全域,002,女,021,１００歳以上,33000,岡山県,1980000000,1980年,人
44,00700,全域,002,女,021,１００歳以上,34000,広島県,1980000000,1980年,人
11,00700,全域,002,女,021,１００歳以上,35000,山口県,1980000000,1980年,人
10,00700,全域,002,女,021,１００歳以上,36000,徳島県,1980000000,1980年,人
15,00700,全域,002,女,021,１００歳以上,37000,香川県,1980000000,1980年,人
22,00700,全域,002,女,021,１００歳以上,38000,愛媛県,1980000000,1980年,人
7,00700,全域,002,女,021,１００歳以上,39000,高知県,1980000000,1980年,人
38,00700,全域,002,女,021,１００歳以上,40000,福岡県,1980000000,1980年,人
9,00700,全域,002,女,021,１００歳以上,41000,佐賀県,1980000000,1980年,人
18,00700,全域,002,女,021,１００歳以上,42000,長崎県,1980000000,1980年,人
29,00700,全域,002,女,021,１００歳以上,43000,熊本県,1980000000,1980年,人
14,00700,全域,002,女,021,１００歳以上,44000,大分県,1980000000,1980年,人
13,00700,全域,002,女,021,１００歳以上,45000,宮崎県,1980000000,1980年,人
36,00700,全域,002,女,021,１００歳以上,46000,鹿児島県,1980000000,1980年,人
32,00700,全域,002,女,021,１００歳以上,47000,沖縄県,1980000000,1980年,人
22640,00700,全域,002,女,022,年齢不詳,00000,全国,1980000000,1980年,人
22070,00700,全域,002,女,022,年齢不詳,00001,全国市部,1980000000,1980年,人
570,00700,全域,002,女,022,年齢不詳,00002,全国郡部,1980000000,1980年,人
722,00700,全域,002,女,022,年齢不詳,01000,北海道,1980000000,1980年,人
57,00700,全域,002,女,022,年齢不詳,02000,青森県,1980000000,1980年,人
38,00700,全域,002,女,022,年齢不詳,03000,岩手県,1980000000,1980年,人
522,00700,全域,002,女,022,年齢不詳,04000,宮城県,1980000000,1980年,人
28,00700,全域,002,女,022,年齢不詳,05000,秋田県,1980000000,1980年,人
2,00700,全域,002,女,022,年齢不詳,06000,山形県,1980000000,1980年,人
43,00700,全域,002,女,022,年齢不詳,07000,福島県,1980000000,1980年,人
190,00700,全域,002,女,022,年齢不詳,08000,茨城県,1980000000,1980年,人
131,00700,全域,002,女,022,年齢不詳,09000,栃木県,1980000000,1980年,人
27,00700,全域,002,女,022,年齢不詳,10000,群馬県,1980000000,1980年,人
945,00700,全域,002,女,022,年齢不詳,11000,埼玉県,1980000000,1980年,人
1272,00700,全域,002,女,022,年齢不詳,12000,千葉県,1980000000,1980年,人
6328,00700,全域,002,女,022,年齢不詳,13000,東京都,1980000000,1980年,人
1474,00700,全域,002,女,022,年齢不詳,14000,神奈川県,1980000000,1980年,人
122,00700,全域,002,女,022,年齢不詳,15000,新潟県,1980000000,1980年,人
8,00700,全域,002,女,022,年齢不詳,16000,富山県,1980000000,1980年,人
189,00700,全域,002,女,022,年齢不詳,17000,石川県,1980000000,1980年,人
32,00700,全域,002,女,022,年齢不詳,18000,福井県,1980000000,1980年,人
64,00700,全域,002,女,022,年齢不詳,19000,山梨県,1980000000,1980年,人
3,00700,全域,002,女,022,年齢不詳,20000,長野県,1980000000,1980年,人
28,00700,全域,002,女,022,年齢不詳,21000,岐阜県,1980000000,1980年,人
80,00700,全域,002,女,022,年齢不詳,22000,静岡県,1980000000,1980年,人
522,00700,全域,002,女,022,年齢不詳,23000,愛知県,1980000000,1980年,人
45,00700,全域,002,女,022,年齢不詳,24000,三重県,1980000000,1980年,人
37,00700,全域,002,女,022,年齢不詳,25000,滋賀県,1980000000,1980年,人
109,00700,全域,002,女,022,年齢不詳,26000,京都府,1980000000,1980年,人
2876,00700,全域,002,女,022,年齢不詳,27000,大阪府,1980000000,1980年,人
2641,00700,全域,002,女,022,年齢不詳,28000,兵庫県,1980000000,1980年,人
346,00700,全域,002,女,022,年齢不詳,29000,奈良県,1980000000,1980年,人
155,00700,全域,002,女,022,年齢不詳,30000,和歌山県,1980000000,1980年,人
60,00700,全域,002,女,022,年齢不詳,31000,鳥取県,1980000000,1980年,人
21,00700,全域,002,女,022,年齢不詳,32000,島根県,1980000000,1980年,人
96,00700,全域,002,女,022,年齢不詳,33000,岡山県,1980000000,1980年,人
313,00700,全域,002,女,022,年齢不詳,34000,広島県,1980000000,1980年,人
145,00700,全域,002,女,022,年齢不詳,35000,山口県,1980000000,1980年,人
136,00700,全域,002,女,022,年齢不詳,36000,徳島県,1980000000,1980年,人
109,00700,全域,002,女,022,年齢不詳,37000,香川県,1980000000,1980年,人
95,00700,全域,002,女,022,年齢不詳,38000,愛媛県,1980000000,1980年,人
288,00700,全域,002,女,022,年齢不詳,39000,高知県,1980000000,1980年,人
1534,00700,全域,002,女,022,年齢不詳,40000,福岡県,1980000000,1980年,人
26,00700,全域,002,女,022,年齢不詳,41000,佐賀県,1980000000,1980年,人
117,00700,全域,002,女,022,年齢不詳,42000,長崎県,1980000000,1980年,人
78,00700,全域,002,女,022,年齢不詳,43000,熊本県,1980000000,1980年,人
53,00700,全域,002,女,022,年齢不詳,44000,大分県,1980000000,1980年,人
47,00700,全域,002,女,022,年齢不詳,45000,宮崎県,1980000000,1980年,人
20,00700,全域,002,女,022,年齢不詳,46000,鹿児島県,1980000000,1980年,人
466,00700,全域,002,女,022,年齢不詳,47000,沖縄県,1980000000,1980年,人
69934854,00701,人口集中地区,000,男女総数,000,総数,00000,全国,1980000000,1980年,人
66358923,00701,人口集中地区,000,男女総数,000,総数,00001,全国市部,1980000000,1980年,人
3575931,00701,人口集中地区,000,男女総数,000,総数,00002,全国郡部,1980000000,1980年,人
5065902,00701,人口集中地区,000,男女総数,001,０－４歳,00000,全国,1980000000,1980年,人
4786701,00701,人口集中地区,000,男女総数,001,０－４歳,00001,全国市部,1980000000,1980年,人
279201,00701,人口集中地区,000,男女総数,001,０－４歳,00002,全国郡部,1980000000,1980年,人
6027092,00701,人口集中地区,000,男女総数,002,５－９歳,00000,全国,1980000000,1980年,人
5688971,00701,人口集中地区,000,男女総数,002,５－９歳,00001,全国市部,1980000000,1980年,人
338121,00701,人口集中地区,000,男女総数,002,５－９歳,00002,全国郡部,1980000000,1980年,人
5372068,00701,人口集中地区,000,男女総数,003,１０－１４歳,00000,全国,1980000000,1980年,人
5079403,00701,人口集中地区,000,男女総数,003,１０－１４歳,00001,全国市部,1980000000,1980年,人
292665,00701,人口集中地区,000,男女総数,003,１０－１４歳,00002,全国郡部,1980000000,1980年,人
5117149,00701,人口集中地区,000,男女総数,004,１５－１９歳,00000,全国,1980000000,1980年,人
4867132,00701,人口集中地区,000,男女総数,004,１５－１９歳,00001,全国市部,1980000000,1980年,人
250017,00701,人口集中地区,000,男女総数,004,１５－１９歳,00002,全国郡部,1980000000,1980年,人
5160780,00701,人口集中地区,000,男女総数,005,２０－２４歳,00000,全国,1980000000,1980年,人
4954021,00701,人口集中地区,000,男女総数,005,２０－２４歳,00001,全国市部,1980000000,1980年,人
206759,00701,人口集中地区,000,男女総数,005,２０－２４歳,00002,全国郡部,1980000000,1980年,人
5654568,00701,人口集中地区,000,男女総数,006,２５－２９歳,00000,全国,1980000000,1980年,人
5388352,00701,人口集中地区,000,男女総数,006,２５－２９歳,00001,全国市部,1980000000,1980年,人
266216,00701,人口集中地区,000,男女総数,006,２５－２９歳,00002,全国郡部,1980000000,1980年,人
6805949,00701,人口集中地区,000,男女総数,007,３０－３４歳,00000,全国,1980000000,1980年,人
6466660,00701,人口集中地区,000,男女総数,007,３０－３４歳,00001,全国市部,1980000000,1980年,人
339289,00701,人口集中地区,000,男女総数,007,３０－３４歳,00002,全国郡部,1980000000,1980年,人
5852840,00701,人口集中地区,000,男女総数,008,３５－３９歳,00000,全国,1980000000,1980年,人
5552516,00701,人口集中地区,000,男女総数,008,３５－３９歳,00001,全国市部,1980000000,1980年,人
300324,00701,人口集中地区,000,男女総数,008,３５－３９歳,00002,全国郡部,1980000000,1980年,人
5166076,00701,人口集中地区,000,男女総数,009,４０－４４歳,00000,全国,1980000000,1980年,人
4902840,00701,人口集中地区,000,男女総数,009,４０－４４歳,00001,全国市部,1980000000,1980年,人
263236,00701,人口集中地区,000,男女総数,009,４０－４４歳,00002,全国郡部,1980000000,1980年,人
4809961,00701,人口集中地区,000,男女総数,010,４５－４９歳,00000,全国,1980000000,1980年,人
4567286,00701,人口集中地区,000,男女総数,010,４５－４９歳,00001,全国市部,1980000000,1980年,人
242675,00701,人口集中地区,000,男女総数,010,４５－４９歳,00002,全国郡部,1980000000,1980年,人
4024624,00701,人口集中地区,000,男女総数,011,５０－５４歳,00000,全国,1980000000,1980年,人
3815377,00701,人口集中地区,000,男女総数,011,５０－５４歳,00001,全国市部,1980000000,1980年,人
209247,00701,人口集中地区,000,男女総数,011,５０－５４歳,00002,全国郡部,1980000000,1980年,人
3037018,00701,人口集中地区,000,男女総数,012,５５－５９歳,00000,全国,1980000000,1980年,人
2876088,00701,人口集中地区,000,男女総数,012,５５－５９歳,00001,全国市部,1980000000,1980年,人
160930,00701,人口集中地区,000,男女総数,012,５５－５９歳,00002,全国郡部,1980000000,1980年,人
2376116,00701,人口集中地区,000,男女総数,013,６０－６４歳,00000,全国,1980000000,1980年,人
2247715,00701,人口集中地区,000,男女総数,013,６０－６４歳,00001,全国市部,1980000000,1980年,人
128401,00701,人口集中地区,000,男女総数,013,６０－６４歳,00002,全国郡部,1980000000,1980年,人
2093441,00701,人口集中地区,000,男女総数,014,６５－６９歳,00000,全国,1980000000,1980年,人
1979240,00701,人口集中地区,000,男女総数,014,６５－６９歳,00001,全国市部,1980000000,1980年,人
114201,00701,人口集中地区,000,男女総数,014,６５－６９歳,00002,全国郡部,1980000000,1980年,人
1555145,00701,人口集中地区,000,男女総数,015,７０－７４歳,00000,全国,1980000000,1980年,人
1469169,00701,人口集中地区,000,男女総数,015,７０－７４歳,00001,全国市部,1980000000,1980年,人
85976,00701,人口集中地区,000,男女総数,015,７０－７４歳,00002,全国郡部,1980000000,1980年,人
1004358,00701,人口集中地区,000,男女総数,016,７５－７９歳,00000,全国,1980000000,1980年,人
948926,00701,人口集中地区,000,男女総数,016,７５－７９歳,00001,全国市部,1980000000,1980年,人
55432,00701,人口集中地区,000,男女総数,016,７５－７９歳,00002,全国郡部,1980000000,1980年,人
512895,00701,人口集中地区,000,男女総数,017,８０－８４歳,00000,全国,1980000000,1980年,人
483996,00701,人口集中地区,000,男女総数,017,８０－８４歳,00001,全国市部,1980000000,1980年,人
28899,00701,人口集中地区,000,男女総数,017,８０－８４歳,00002,全国郡部,1980000000,1980年,人
181309,00701,人口集中地区,000,男女総数,018,８５－８９歳,00000,全国,1980000000,1980年,人
170931,00701,人口集中地区,000,男女総数,018,８５－８９歳,00001,全国市部,1980000000,1980年,人
10378,00701,人口集中地区,000,男女総数,018,８５－８９歳,00002,全国郡部,1980000000,1980年,人
44591,00701,人口集中地区,000,男女総数,019,９０－９４歳,00000,全国,1980000000,1980年,人
41845,00701,人口集中地区,000,男女総数,019,９０－９４歳,00001,全国市部,1980000000,1980年,人
2746,00701,人口集中地区,000,男女総数,019,９０－９４歳,00002,全国郡部,1980000000,1980年,人
5502,00701,人口集中地区,000,男女総数,020,９５－９９歳,00000,全国,1980000000,1980年,人
5159,00701,人口集中地区,000,男女総数,020,９５－９９歳,00001,全国市部,1980000000,1980年,人
343,00701,人口集中地区,000,男女総数,020,９５－９９歳,00002,全国郡部,1980000000,1980年,人
389,00701,人口集中地区,000,男女総数,021,１００歳以上,00000,全国,1980000000,1980年,人
361,00701,人口集中地区,000,男女総数,021,１００歳以上,00001,全国市部,1980000000,1980年,人
28,00701,人口集中地区,000,男女総数,021,１００歳以上,00002,全国郡部,1980000000,1980年,人
67081,00701,人口集中地区,000,男女総数,022,年齢不詳,00000,全国,1980000000,1980年,人
66234,00701,人口集中地区,000,男女総数,022,年齢不詳,00001,全国市部,1980000000,1980年,人
847,00701,人口集中地区,000,男女総数,022,年齢不詳,00002,全国郡部,1980000000,1980年,人
34530429,00701,人口集中地区,001,男,000,総数,00000,全国,1980000000,1980年,人
32786100,00701,人口集中地区,001,男,000,総数,00001,全国市部,1980000000,1980年,人
1744329,00701,人口集中地区,001,男,000,総数,00002,全国郡部,1980000000,1980年,人
2597716,00701,人口集中地区,001,男,001,０－４歳,00000,全国,1980000000,1980年,人
2453890,00701,人口集中地区,001,男,001,０－４歳,00001,全国市部,1980000000,1980年,人
143826,00701,人口集中地区,001,男,001,０－４歳,00002,全国郡部,1980000000,1980年,人
3090245,00701,人口集中地区,001,男,002,５－９歳,00000,全国,1980000000,1980年,人
2916837,00701,人口集中地区,001,男,002,５－９歳,00001,全国市部,1980000000,1980年,人
173408,00701,人口集中地区,001,男,002,５－９歳,00002,全国郡部,1980000000,1980年,人
2755477,00701,人口集中地区,001,男,003,１０－１４歳,00000,全国,1980000000,1980年,人
2605649,00701,人口集中地区,001,男,003,１０－１４歳,00001,全国市部,1980000000,1980年,人
149828,00701,人口集中地区,001,男,003,１０－１４歳,00002,全国郡部,1980000000,1980年,人
2602436,00701,人口集中地区,001,男,004,１５－１９歳,00000,全国,1980000000,1980年,人
2478117,00701,人口集中地区,001,男,004,１５－１９歳,00001,全国市部,1980000000,1980年,人
124319,00701,人口集中地区,001,男,004,１５－１９歳,00002,全国郡部,1980000000,1980年,人
2642043,00701,人口集中地区,001,男,005,２０－２４歳,00000,全国,1980000000,1980年,人
2544461,00701,人口集中地区,001,男,005,２０－２４歳,00001,全国市部,1980000000,1980年,人
97582,00701,人口集中地区,001,男,005,２０－２４歳,00002,全国郡部,1980000000,1980年,人
2849401,00701,人口集中地区,001,男,006,２５－２９歳,00000,全国,1980000000,1980年,人
2721694,00701,人口集中地区,001,男,006,２５－２９歳,00001,全国市部,1980000000,1980年,人
127707,00701,人口集中地区,001,男,006,２５－２９歳,00002,全国郡部,1980000000,1980年,人
3409813,00701,人口集中地区,001,男,007,３０－３４歳,00000,全国,1980000000,1980年,人
3243915,00701,人口集中地区,001,男,007,３０－３４歳,00001,全国市部,1980000000,1980年,人
165898,00701,人口集中地区,001,男,007,３０－３４歳,00002,全国郡部,1980000000,1980年,人
2908976,00701,人口集中地区,001,男,008,３５－３９歳,00000,全国,1980000000,1980年,人
2759024,00701,人口集中地区,001,男,008,３５－３９歳,00001,全国市部,1980000000,1980年,人
149952,00701,人口集中地区,001,男,008,３５－３９歳,00002,全国郡部,1980000000,1980年,人
2569342,00701,人口集中地区,001,男,009,４０－４４歳,00000,全国,1980000000,1980年,人
2436475,00701,人口集中地区,001,男,009,４０－４４歳,00001,全国市部,1980000000,1980年,人
132867,00701,人口集中地区,001,男,009,４０－４４歳,00002,全国郡部,1980000000,1980年,人
2397802,00701,人口集中地区,001,男,010,４５－４９歳,00000,全国,1980000000,1980年,人
2274800,00701,人口集中地区,001,男,010,４５－４９歳,00001,全国市部,1980000000,1980年,人
123002,00701,人口集中地区,001,男,010,４５－４９歳,00002,全国郡部,1980000000,1980年,人
1986912,00701,人口集中地区,001,男,011,５０－５４歳,00000,全国,1980000000,1980年,人
1882591,00701,人口集中地区,001,男,011,５０－５４歳,00001,全国市部,1980000000,1980年,人
104321,00701,人口集中地区,001,男,011,５０－５４歳,00002,全国郡部,1980000000,1980年,人
1358072,00701,人口集中地区,001,男,012,５５－５９歳,00000,全国,1980000000,1980年,人
1286761,00701,人口集中地区,001,男,012,５５－５９歳,00001,全国市部,1980000000,1980年,人
71311,00701,人口集中地区,001,男,012,５５－５９歳,00002,全国郡部,1980000000,1980年,人
1029340,00701,人口集中地区,001,男,013,６０－６４歳,00000,全国,1980000000,1980年,人
974271,00701,人口集中地区,001,男,013,６０－６４歳,00001,全国市部,1980000000,1980年,人
55069,00701,人口集中地区,001,男,013,６０－６４歳,00002,全国郡部,1980000000,1980年,人
925955,00701,人口集中地区,001,男,014,６５－６９歳,00000,全国,1980000000,1980年,人
876245,00701,人口集中地区,001,男,014,６５－６９歳,00001,全国市部,1980000000,1980年,人
49710,00701,人口集中地区,001,男,014,６５－６９歳,00002,全国郡部,1980000000,1980年,人
676745,00701,人口集中地区,001,男,015,７０－７４歳,00000,全国,1980000000,1980年,人
639476,00701,人口集中地区,001,男,015,７０－７４歳,00001,全国市部,1980000000,1980年,人
37269,00701,人口集中地区,001,男,015,７０－７４歳,00002,全国郡部,1980000000,1980年,人
415663,00701,人口集中地区,001,男,016,７５－７９歳,00000,全国,1980000000,1980年,人
392875,00701,人口集中地区,001,男,016,７５－７９歳,00001,全国市部,1980000000,1980年,人
22788,00701,人口集中地区,001,男,016,７５－７９歳,00002,全国郡部,1980000000,1980年,人
194123,00701,人口集中地区,001,男,017,８０－８４歳,00000,全国,1980000000,1980年,人
183505,00701,人口集中地区,001,男,017,８０－８４歳,00001,全国市部,1980000000,1980年,人
10618,00701,人口集中地区,001,男,017,８０－８４歳,00002,全国郡部,1980000000,1980年,人
60568,00701,人口集中地区,001,男,018,８５－８９歳,00000,全国,1980000000,1980年,人
57158,00701,人口集中地区,001,男,018,８５－８９歳,00001,全国市部,1980000000,1980年,人
3410,00701,人口集中地区,001,男,018,８５－８９歳,00002,全国郡部,1980000000,1980年,人
12563,00701,人口集中地区,001,男,019,９０－９４歳,00000,全国,1980000000,1980年,人
11829,00701,人口集中地区,001,男,019,９０－９４歳,00001,全国市部,1980000000,1980年,人
734,00701,人口集中地区,001,男,019,９０－９４歳,00002,全国郡部,1980000000,1980年,人
1282,00701,人口集中地区,001,男,020,９５－９９歳,00000,全国,1980000000,1980年,人
1188,00701,人口集中地区,001,男,020,９５－９９歳,00001,全国市部,1980000000,1980年,人
94,00701,人口集中地区,001,男,020,９５－９９歳,00002,全国郡部,1980000000,1980年,人
59,00701,人口集中地区,001,男,021,１００歳以上,00000,全国,1980000000,1980年,人
55,00701,人口集中地区,001,男,021,１００歳以上,00001,全国市部,1980000000,1980年,人
4,00701,人口集中地区,001,男,021,１００歳以上,00002,全国郡部,1980000000,1980年,人
45896,00701,人口集中地区,001,男,022,年齢不詳,00000,全国,1980000000,1980年,人
45284,00701,人口集中地区,001,男,022,年齢不詳,00001,全国市部,1980000000,1980年,人
612,00701,人口集中地区,001,男,022,年齢不詳,00002,全国郡部,1980000000,1980年,人
35404425,00701,人口集中地区,002,女,000,総数,00000,全国,1980000000,1980年,人
33572823,00701,人口集中地区,002,女,000,総数,00001,全国市部,1980000000,1980年,人
1831602,00701,人口集中地区,002,女,000,総数,00002,全国郡部,1980000000,1980年,人
2468186,00701,人口集中地区,002,女,001,０－４歳,00000,全国,1980000000,1980年,人
2332811,00701,人口集中地区,002,女,001,０－４歳,00001,全国市部,1980000000,1980年,人
135375,00701,人口集中地区,002,女,001,０－４歳,00002,全国郡部,1980000000,1980年,人
2936847,00701,人口集中地区,002,女,002,５－９歳,00000,全国,1980000000,1980年,人
2772134,00701,人口集中地区,002,女,002,５－９歳,00001,全国市部,1980000000,1980年,人
164713,00701,人口集中地区,002,女,002,５－９歳,00002,全国郡部,1980000000,1980年,人
2616591,00701,人口集中地区,002,女,003,１０－１４歳,00000,全国,1980000000,1980年,人
2473754,00701,人口集中地区,002,女,003,１０－１４歳,00001,全国市部,1980000000,1980年,人
142837,00701,人口集中地区,002,女,003,１０－１４歳,00002,全国郡部,1980000000,1980年,人
2514713,00701,人口集中地区,002,女,004,１５－１９歳,00000,全国,1980000000,1980年,人
2389015,00701,人口集中地区,002,女,004,１５－１９歳,00001,全国市部,1980000000,1980年,人
125698,00701,人口集中地区,002,女,004,１５－１９歳,00002,全国郡部,1980000000,1980年,人
2518737,00701,人口集中地区,002,女,005,２０－２４歳,00000,全国,1980000000,1980年,人
2409560,00701,人口集中地区,002,女,005,２０－２４歳,00001,全国市部,1980000000,1980年,人
109177,00701,人口集中地区,002,女,005,２０－２４歳,00002,全国郡部,1980000000,1980年,人
2805167,00701,人口集中地区,002,女,006,２５－２９歳,00000,全国,1980000000,1980年,人
2666658,00701,人口集中地区,002,女,006,２５－２９歳,00001,全国市部,1980000000,1980年,人
138509,00701,人口集中地区,002,女,006,２５－２９歳,00002,全国郡部,1980000000,1980年,人
3396136,00701,人口集中地区,002,女,007,３０－３４歳,00000,全国,1980000000,1980年,人
3222745,00701,人口集中地区,002,女,007,３０－３４歳,00001,全国市部,1980000000,1980年,人
173391,00701,人口集中地区,002,女,007,３０－３４歳,00002,全国郡部,1980000000,1980年,人
2943864,00701,人口集中地区,002,女,008,３５－３９歳,00000,全国,1980000000,1980年,人
2793492,00701,人口集中地区,002,女,008,３５－３９歳,00001,全国市部,1980000000,1980年,人
150372,00701,人口集中地区,002,女,008,３５－３９歳,00002,全国郡部,1980000000,1980年,人
2596734,00701,人口集中地区,002,女,009,４０－４４歳,00000,全国,1980000000,1980年,人
2466365,00701,人口集中地区,002,女,009,４０－４４歳,00001,全国市部,1980000000,1980年,人
130369,00701,人口集中地区,002,女,009,４０－４４歳,00002,全国郡部,1980000000,1980年,人
2412159,00701,人口集中地区,002,女,010,４５－４９歳,00000,全国,1980000000,1980年,人
2292486,00701,人口集中地区,002,女,010,４５－４９歳,00001,全国市部,1980000000,1980年,人
119673,00701,人口集中地区,002,女,010,４５－４９歳,00002,全国郡部,1980000000,1980年,人
2037712,00701,人口集中地区,002,女,011,５０－５４歳,00000,全国,1980000000,1980年,人
1932786,00701,人口集中地区,002,女,011,５０－５４歳,00001,全国市部,1980000000,1980年,人
104926,00701,人口集中地区,002,女,011,５０－５４歳,00002,全国郡部,1980000000,1980年,人
1678946,00701,人口集中地区,002,女,012,５５－５９歳,00000,全国,1980000000,1980年,人
1589327,00701,人口集中地区,002,女,012,５５－５９歳,00001,全国市部,1980000000,1980年,人
89619,00701,人口集中地区,002,女,012,５５－５９歳,00002,全国郡部,1980000000,1980年,人
1346776,00701,人口集中地区,002,女,013,６０－６４歳,00000,全国,1980000000,1980年,人
1273444,00701,人口集中地区,002,女,013,６０－６４歳,00001,全国市部,1980000000,1980年,人
73332,00701,人口集中地区,002,女,013,６０－６４歳,00002,全国郡部,1980000000,1980年,人
1167486,00701,人口集中地区,002,女,014,６５－６９歳,00000,全国,1980000000,1980年,人
1102995,00701,人口集中地区,002,女,014,６５－６９歳,00001,全国市部,1980000000,1980年,人
64491,00701,人口集中地区,002,女,014,６５－６９歳,00002,全国郡部,1980000000,1980年,人
878400,00701,人口集中地区,002,女,015,７０－７４歳,00000,全国,1980000000,1980年,人
829693,00701,人口集中地区,002,女,015,７０－７４歳,00001,全国市部,1980000000,1980年,人
48707,00701,人口集中地区,002,女,015,７０－７４歳,00002,全国郡部,1980000000,1980年,人
588695,00701,人口集中地区,002,女,016,７５－７９歳,00000,全国,1980000000,1980年,人
556051,00701,人口集中地区,002,女,016,７５－７９歳,00001,全国市部,1980000000,1980年,人
32644,00701,人口集中地区,002,女,016,７５－７９歳,00002,全国郡部,1980000000,1980年,人
318772,00701,人口集中地区,002,女,017,８０－８４歳,00000,全国,1980000000,1980年,人
300491,00701,人口集中地区,002,女,017,８０－８４歳,00001,全国市部,1980000000,1980年,人
18281,00701,人口集中地区,002,女,017,８０－８４歳,00002,全国郡部,1980000000,1980年,人
120741,00701,人口集中地区,002,女,018,８５－８９歳,00000,全国,1980000000,1980年,人
113773,00701,人口集中地区,002,女,018,８５－８９歳,00001,全国市部,1980000000,1980年,人
6968,00701,人口集中地区,002,女,018,８５－８９歳,00002,全国郡部,1980000000,1980年,人
32028,00701,人口集中地区,002,女,019,９０－９４歳,00000,全国,1980000000,1980年,人
30016,00701,人口集中地区,002,女,019,９０－９４歳,00001,全国市部,1980000000,1980年,人
2012,00701,人口集中地区,002,女,019,９０－９４歳,00002,全国郡部,1980000000,1980年,人
4220,00701,人口集中地区,002,女,020,９５－９９歳,00000,全国,1980000000,1980年,人
3971,00701,人口集中地区,002,女,020,９５－９９歳,00001,全国市部,1980000000,1980年,人
249,00701,人口集中地区,002,女,020,９５－９９歳,00002,全国郡部,1980000000,1980年,人
330,00701,人口集中地区,002,女,021,１００歳以上,00000,全国,1980000000,1980年,人
306,00701,人口集中地区,002,女,021,１００歳以上,00001,全国市部,1980000000,1980年,人
24,00701,人口集中地区,002,女,021,１００歳以上,00002,全国郡部,1980000000,1980年,人
21185,00701,人口集中地区,002,女,022,年齢不詳,00000,全国,1980000000,1980年,人
20950,00701,人口集中地区,002,女,022,年齢不詳,00001,全国市部,1980000000,1980年,人
235,00701,人口集中地区,002,女,022,年齢不詳,00002,全国郡部,1980000000,1980年,人
